cell_line,n_sig,n_nonsig,mean_sig,median_sig,frac_pos_sig,mean_nonsig,median_nonsig,frac_pos_nonsig,ttest_t,ttest_p,mannwhitney_U,mannwhitney_p
cd4t_stim8hr,26,27847,0.3955570080747398,-0.0674446900375187,0.46153846153846156,-0.06530718090038662,-0.1042637042701244,0.3299098646173735,1.0821084304629467,0.14476598932475726,403147.0,0.15791268388356566
