cell_line,n_sig,n_nonsig,mean_sig,median_sig,frac_pos_sig,mean_nonsig,median_nonsig,frac_pos_nonsig,ttest_t,ttest_p,mannwhitney_U,mannwhitney_p
K562_essential,12,1598,0.5424439340196329,0.590623310797019,0.6666666666666666,0.04294625238314864,0.07120935651345535,0.5362953692115144,1.9163625418043968,0.04082754657755016,12010.0,0.06562316576857595
