cell_line,n_sig,n_nonsig,mean_sig,median_sig,frac_pos_sig,mean_nonsig,median_nonsig,frac_pos_nonsig,ttest_t,ttest_p,mannwhitney_U,mannwhitney_p
K562_essential,12,1589,0.5424439285401915,0.5906232809690639,0.6666666666666666,0.044177845108305754,0.0714334445949985,0.5368156073001888,1.916362494108727,0.04082754988028164,11938.0,0.06597753734193694
