cell_line,n_sig,n_nonsig,mean_sig,median_sig,frac_pos_sig,mean_nonsig,median_nonsig,frac_pos_nonsig,ttest_t,ttest_p,mannwhitney_U,mannwhitney_p
K562_essential,12,1598,0.5424439285401915,0.5906232809690639,0.6666666666666666,0.04294626079126267,0.07120933997286735,0.5362953692115144,1.916362494108727,0.04082754988028164,12010.0,0.06562316576857595
