cell_line,n_sig,n_nonsig,mean_sig,median_sig,frac_pos_sig,mean_nonsig,median_nonsig,frac_pos_nonsig,ttest_t,ttest_p,mannwhitney_U,mannwhitney_p
K562,25,7689,0.09352472007371677,0.0124607084679186,0.56,0.008830095463189384,0.0015717427741783,0.5083886071010535,1.839796352892367,0.03909989788527401,107541.0,0.15197778650112592
