cell_line,n_sig,n_nonsig,mean_sig,median_sig,frac_pos_sig,mean_nonsig,median_nonsig,frac_pos_nonsig,ttest_t,ttest_p,mannwhitney_U,mannwhitney_p
K562,27,9430,0.08740990242538972,0.0124607084679186,0.5555555555555556,0.008644811539012268,0.00159198800947625,0.5088016967126193,1.8420928038675577,0.038447837251733404,141307.0,0.1614811414359668
