cell_line,n_sig,n_nonsig,mean_sig,median_sig,frac_pos_sig,mean_nonsig,median_nonsig,frac_pos_nonsig,ttest_t,ttest_p,mannwhitney_U,mannwhitney_p
cd4t_stim48hr,27,27772,0.2419924105483073,0.1415509954094886,0.5555555555555556,-0.064868024521099,-0.1184459570795297,0.35244130779202076,0.7143572076836489,0.24068558886495495,418577.5,0.1474551987327657
