cell_line,n_sig,n_nonsig,mean_sig,median_sig,frac_pos_sig,mean_nonsig,median_nonsig,frac_pos_nonsig,ttest_t,ttest_p,mannwhitney_U,mannwhitney_p
rpe1,12,1866,0.18514513253256346,-0.045764600141690245,0.4166666666666667,0.006016926992810602,-0.0205782916728192,0.45016077170418006,1.6470966323785252,0.06388941844885836,13417.0,0.11783979492393959
