cell_line,n_sig,n_nonsig,mean_sig,median_sig,frac_pos_sig,mean_nonsig,median_nonsig,frac_pos_nonsig,ttest_t,ttest_p,mannwhitney_U,mannwhitney_p
rpe1,12,1901,0.18514513253256346,-0.045764600141690245,0.4166666666666667,0.005843822197773122,-0.0201166061721988,0.45028932140978434,1.6470966323785252,0.06388941844885838,13647.0,0.12008122035351937
