cell_line,n_sig,n_nonsig,mean_sig,median_sig,frac_pos_sig,mean_nonsig,median_nonsig,frac_pos_nonsig,ttest_t,ttest_p,mannwhitney_U,mannwhitney_p
iPSC_cc,36,28817,-0.3472504183494796,-0.22872591018676755,0.3333333333333333,-0.004939226024823249,-0.0023614764213562,0.4617760349793525,-1.4484749728207793,0.9218077585601205,431778.0,0.9591144169776807
