cell_line,n_sig,n_nonsig,mean_sig,median_sig,frac_pos_sig,mean_nonsig,median_nonsig,frac_pos_nonsig,ttest_t,ttest_p,mannwhitney_U,mannwhitney_p
neuron,4,370,0.18827738240361214,0.5241428166627884,0.75,-0.10519561527636707,0.0,0.40540540540540543,0.3625048452429405,0.3705040356915422,907.0,0.21905854864752128
