cell_line,n_sig,n_nonsig,mean_sig,median_sig,frac_pos_sig,mean_nonsig,median_nonsig,frac_pos_nonsig,ttest_t,ttest_p,mannwhitney_U,mannwhitney_p
iPSC,36,28804,-0.5175243282153841,-0.47598094865679735,0.3611111111111111,-0.13890010691682939,0.0,0.36369948618247466,-1.6753379907325276,0.9486094352637294,445596.0,0.9283075173605502
