gene,pearson_r
KBTBD11,0.013668189768940534
ERICH1,0.011691770590079236
CLN8,-0.0030291803420404067
ARHGEF10,-0.0034015789943904803
TDRP,-0.016387706554511237
