,cluster_id
NTC,508
DUX4,318
BBC3,600
ZFP3,508
ARHGAP35,508
HNF4A,508
ELOC,330
ZNF354A,508
EPOR,-1
ADNP2,530
ZFP57,-1
BHLHE40,-1
ZFP41,-1
SMARCA4,-1
KMT5B,508
HNF1A,508
ZFP37,634
UHRF1,-1
RHOG,298
UBTFL1,-1
LRCH4,70
ESRRG,-1
VDR,-1
TESK1,267
HNF1B,-1
ELOA,339
CAPRIN2,527
ESR2,559
USP28,-1
HASPIN,384
MEIS3,424
TBXT,-1
ZFP69B,-1
ZCWPW1,-1
RIOX1,622
ESR1,-1
KMT5C,435
DDT,145
BMAL2,-1
MZT2A,514
FBXO45,-1
GCFC2,263
KDM5C,-1
FGFRL1,-1
ZSCAN26,-1
ZNF483,-1
NPIPA3,-1
BCL6B,353
ORMDL1,-1
ZNF875,-1
AK1,-1
C19orf12,-1
MIDEAS,-1
BHLHE23,-1
DYNLL2,-1
GAS2L1,599
LARP1,335
TP53BP1,-1
SCRIB,-1
BCL6,127
ELOVL6,-1
ZFP2,153
PHF1,528
RNF139,-1
SELENOW,-1
FOXO3B,414
FBXW5,217
SKOR1,370
FAM120AOS,430
KIAA0040,-1
STAU1,-1
NRARP,344
PARP16,-1
YY1,-1
ACBD3,581
ZSCAN18,-1
PTEN,-1
DTD2,-1
EXT2,288
MAP3K12,-1
EHBP1L1,-1
GNB4,-1
ZNF658,-1
CD164L2,-1
PLEKHA1,315
CCDC6,-1
ZNF787,-1
MEIOSIN,598
SNN,336
ZNF580,469
SCARF2,573
ARHGDIA,425
FAM20B,-1
NT5DC2,-1
IL17RA,496
KAT2A,-1
DDIT4L,471
DUSP7,554
ZSCAN9,-1
ZNF362,-1
SMAD9,-1
GALNT7,365
BRD4,-1
C1orf216,-1
AMIGO2,-1
ZNF75D,-1
MECP2,-1
CIPC,204
OXCT2,298
PAQR7,295
ZFP82,514
STXBP2,579
CDK13,457
NSD2,-1
TENT4B,-1
NCS1,-1
SMAD2,-1
CACNG8,-1
SCAF4,-1
EMC9,405
PKP4,-1
B4GALNT4,168
EI24,-1
LAMTOR1,-1
RNF41,-1
METRN,471
ITGB5,634
ZNF394,-1
PLEKHO1,-1
TMEM80,-1
WBP1,-1
TADA2B,-1
PEG3,621
IGLON5,446
DSTN,100
ZNF623,-1
MYD88,534
MXD1,633
ZNF595,-1
SEL1L3,-1
SGF29,-1
ARFGAP1,-1
SLC35C2,411
THRB,-1
THAP12,-1
KCTD17,-1
ZYX,446
PDPN,-1
ZBTB45,508
JMJD6,-1
ANKRD39,-1
PLCD3,421
SLC11A2,154
PLOD3,267
PPP1R1A,-1
TNFAIP8L1,83
MAPKAPK2,399
CREM,404
ADSL,386
SPG7,-1
SERPINB9,531
CFAP97,461
KHDC4,-1
NKAIN1,-1
CANT1,465
FBXO44,329
GRM4,292
TP53,-1
RAB5C,322
SPATA33,331
SP3,-1
CTXN1,-1
DESI2,-1
SLC39A13,590
POGLUT3,-1
AGRN,488
PLIN3,527
UBL7,476
PIP4K2A,326
CST6,-1
ELOB,-1
CNP,-1
MBP,385
IKBIP,375
TST,-1
RHOQ,79
ETNK2,193
ZFP28,420
ZBTB21,-1
UBXN6,-1
UBTF,-1
MSC,-1
TMEM98,107
FOXN3,-1
TADA3,55
PTGES2,-1
POLDIP2,-1
ZNF732,-1
AGAP4,-1
ZNF836,-1
DCTPP1,-1
VPS37C,235
HRAS,160
CCDC78,-1
SNX33,546
ERG,-1
LATS2,-1
CASP6,-1
ZNF566,-1
SLC48A1,62
MAP3K4,-1
PEX26,-1
OGDH,322
AK4,378
FZD2,328
TMEM107,393
FBXO46,194
KRBA1,72
CHST2,-1
TP53I3,118
FAM98C,-1
MKS1,-1
BMAL1,546
DHRS13,-1
MAP4K4,310
MMD,142
BHLHE22,-1
NFKBIZ,423
IBA57,-1
UBE2G1,471
NADK,-1
TMEM127,607
ZNF358,-1
SDF2L1,-1
SH2D2A,-1
ONECUT3,-1
MEX3C,220
CASP9,562
SMIM3,-1
GSKIP,-1
EHD1,-1
TGFBR3L,629
DHRS7,-1
ATPAF1,-1
SLC1A6,-1
RTN2,73
FNDC4,478
ANKS3,-1
SEMA6C,-1
B3GAT3,-1
MIEF2,315
PALD1,72
GABRQ,408
SH3BGRL3,-1
SLC35E1,-1
AGTPBP1,231
PDCD6,309
ZFAND2B,321
TMEM181,-1
ENHO,430
CDO1,290
EP300,-1
ZBTB22,-1
HSPB2,-1
TUBB2B,-1
WDR45B,495
CCDC107,-1
IBTK,-1
COL6A2,-1
HTATIP2,281
TPST2,628
CARNMT1,-1
RFLNB,606
ZNF879,-1
CRYGD,-1
ENOSF1,298
KDSR,473
NUCB1,366
ATL3,298
ELAVL1,-1
AGXT2,618
DBX2,629
SLC39A1,-1
EGFL7,-1
ARNT2,-1
SIX6,-1
AKT1S1,-1
GRK6,-1
CSTB,278
SNX21,-1
DNAJC4,-1
KCTD6,600
ZNF20,-1
PAOX,-1
PFKP,-1
PWWP2B,418
RAB3GAP2,-1
GBGT1,424
NKIRAS2,-1
ZNF570,-1
CTSB,174
TCF20,-1
BOK,600
PPP2R5B,407
MSX1,-1
RGS19,614
AIF1L,625
LETMD1,-1
TRIM35,-1
ASB13,-1
CSRP1,139
MAPK7,-1
NPM2,-1
SH3GLB1,-1
ABCD1,-1
DUS1L,-1
DIABLO,-1
TSFM,508
UXS1,585
GLYCTK,-1
UNC50,453
PPP1R14B,-1
IRAK1,-1
CA12,516
CORO1B,-1
RNF141,-1
FAM3A,-1
ZNF723,519
HLA-C,-1
GPR62,-1
FGFR4,491
LRP8,336
STK11,-1
ANTKMT,628
GFPT1,306
MYLIP,-1
LANCL1,559
PGM1,614
AMMECR1L,230
UGCG,372
OSBPL2,272
DRD4,-1
FJX1,-1
COPRS,486
MIB2,382
POFUT1,22
CLDN3,408
GLB1L3,438
ZDHHC16,479
CAPN1,309
PMAIP1,259
KCTD20,600
CLPTM1L,222
PDF,-1
CREB3L3,493
CD83,524
IPO9,-1
MYBL1,590
ZNF860,-1
XPO7,-1
SLC27A1,-1
CDC42EP3,-1
CRX,-1
MXRA8,-1
PRR7,-1
TMSB4X,577
B3GALT6,338
C19orf47,-1
FXYD1,-1
TM2D2,271
CLCN7,222
CDK5R1,290
GLG1,628
ITPRIPL1,-1
GPR25,145
ARID5B,612
EFNA2,-1
JTB,-1
ROR1,500
GNAI2,434
ARID5A,-1
GPBP1L1,508
BCKDK,-1
SUPT20H,-1
CDR2,240
ARL6IP4,-1
MGRN1,-1
BCL7B,446
GPR137,77
ALG12,600
WWC1,-1
TSHZ1,-1
GALK1,-1
AKAP1,102
POTEI,-1
GPR160,365
RRM1,407
SCRN2,628
SHFL,-1
CDIP1,-1
PCDH1,267
CCDC88B,245
TAB2,442
HSPB1,-1
EPHA1,586
TUNAR,564
MTRES1,-1
PLD4,508
TBX15,545
FTH1,335
NACC2,-1
C8orf82,151
BARX1,-1
YPEL3,-1
VSIG10,-1
SIGLEC10,-1
CLDN12,87
MADD,503
HTR3A,-1
ZNF697,-1
PRDM12,-1
ZFP14,562
ZFP62,-1
FAM193A,-1
ADAMTS7,-1
DOLPP1,582
RAB12,637
MYOCD,-1
HNRNPA3,-1
MGAT3,-1
DDX50,-1
ADM2,-1
SH2B1,261
BABAM2,471
PAWR,-1
SCARB1,-1
PTK7,-1
HES6,-1
HLCS,-1
ZFYVE27,139
DDIT4,-1
SAV1,534
PCYOX1,-1
FAM210B,-1
FZD7,157
TCAF1,-1
PLBD2,-1
REV1,-1
PDPR,78
CPOX,483
SPARC,454
SAMD14,-1
BASP1,469
DDX60L,-1
JDP2,-1
GIPC1,536
TENT4A,375
SPRED3,-1
CERS4,-1
DMPK,-1
IGF2R,53
LACTB,540
BAG1,418
C14orf132,589
TMEM132A,171
GOLGA5,-1
ZNF7,364
SYT6,497
MARVELD3,-1
TMEM184B,386
NPIPA1,531
CRTC2,-1
CHGA,335
UBE2D3,-1
CITED2,-1
DMAC2,229
NCKIPSD,-1
SEMA7A,-1
CUEDC2,-1
BMT2,4
ARL4D,107
TMEM145,600
TUG1,375
CAMLG,545
ABHD8,-1
ADAM10,483
TXNDC12,440
PCBP4,-1
HIC1,-1
PKDCC,-1
MAP3K11,-1
SEC61A2,595
SP4,-1
ATP13A3,299
HMGN2,-1
RBM15,70
CEMP1,254
QTRT2,628
PRKAB2,-1
CNOT11,597
SENP5,-1
ZNF596,477
IVD,-1
SPRING1,-1
PDP2,309
PLOD1,425
OGG1,362
ASCC2,-1
POLG,-1
SAMD8,362
CTDSPL,155
LY6E,309
FOXJ1,445
GGH,502
LRIF1,564
CILP2,-1
FOXQ1,-1
C11orf58,-1
ZNF383,-1
TMEM50A,-1
SGPL1,-1
BATF2,-1
FBXL6,-1
QKI,83
SBF1,-1
TRAM1,547
SLC7A5,-1
FOXF2,-1
PAIP1,-1
CTSL,-1
GALNT2,231
ZNF426,99
BEND3,-1
DEDD,578
LRIG1,497
NOMO1,366
DEXI,601
MPST,527
DENND4B,-1
KIAA1549,-1
SIRT4,-1
NMI,-1
FAM234A,600
TMUB1,-1
ACOT8,598
MYADM,-1
PNPLA6,481
SLC7A1,168
C17orf80,481
DLGAP3,292
TSPAN4,633
STK35,-1
LIMK1,-1
ATAD3A,-1
UBE2L6,-1
OLFML3,-1
GLYATL1,-1
EML3,466
CTAGE15,571
KLHDC7A,427
EYA3,-1
BTBD10,-1
FLYWCH2,-1
PRDX6,-1
SOCS1,619
H3-4,-1
ARHGAP1,531
NKX2-4,-1
GSK3A,629
KCMF1,-1
EXO5,-1
RAB6C,-1
APH1A,-1
CDK2AP2,278
DNAL4,-1
GID8,474
DAP,-1
FCHSD1,330
ZNF664,-1
SLC35B3,575
SNCG,-1
GMEB1,-1
FADS2,-1
FOXL2NB,324
SRRD,-1
NCKAP5L,217
ENKD1,313
C1GALT1,-1
GAREM2,-1
ZNF276,4
FBXL16,-1
HTR7,347
HHEX,-1
CDH3,139
ZDHHC20,-1
TEAD4,508
BAX,235
MTCH1,-1
SPRY1,-1
CRELD1,-1
TVP23B,322
MTHFR,353
SERINC2,335
PANK3,380
MEIOB,-1
IKBKE,562
IER5L,-1
FAM20C,484
H1-8,293
COA7,575
ZSCAN2,275
CENPVL1,245
NR2E3,-1
UBFD1,325
PHACTR2,-1
ZNF324B,-1
SPATA20,-1
RIOX2,-1
FOXP4,380
XPO6,-1
C1orf35,186
SPATA24,-1
NUDT22,70
NABP1,-1
TEF,608
ACTC1,427
FKBP2,141
SH3BP1,-1
ZNF542P,414
GNPNAT1,-1
UCK2,-1
JADE3,-1
DDX4,-1
CECR2,-1
CHRNA5,179
MOSPD1,531
ITGA7,445
SOCS3,-1
IDS,347
GSX2,-1
KLF12,-1
QTRT1,-1
EOMES,-1
ARVCF,299
KDM4B,-1
CEP104,454
FOXH1,404
NAXD,-1
ARSA,90
KIF5A,-1
SLC25A46,-1
NAA35,186
LRFN3,214
ELK1,-1
PAQR3,36
KCTD3,-1
TTLL1,418
ZNF510,-1
RRBP1,-1
ZNF587,-1
CLDN9,-1
TUBB4B,-1
BEX5,434
LCTL,551
EEF2KMT,-1
HRH3,22
TNFRSF18,-1
CNOT2,-1
ATP11A,-1
CYB5A,-1
AGMAT,107
GLTP,292
ZNF850,-1
RNF144A,585
POFUT2,-1
COL9A3,340
CUL7,-1
HHIPL1,-1
MAVS,-1
SPHK1,-1
CDX1,-1
MLXIPL,-1
RNPEPL1,-1
ZFP1,400
CLTA,582
SFMBT1,530
C1orf174,150
PAQR4,-1
ADRA2C,-1
ZFP30,-1
CHML,145
NIF3L1,-1
HPDL,577
SDHAF1,420
MEA1,-1
NOVA2,-1
KLHDC10,554
NEUROG1,-1
LIFR,-1
LIPT1,-1
GOLM2,-1
PUSL1,-1
BEX1,-1
YWHAB,504
WDR91,444
ZNF2,-1
GALNS,430
DCK,385
TRAM1L1,-1
ZNF77,-1
LASP1,-1
CTPS1,-1
FBXW2,573
PXDN,-1
MAPK13,-1
LRP3,4
GAL,312
MBD4,307
BICD2,-1
ZNF551,-1
BET1L,488
INPP5J,236
C6orf47,584
ZNF146,397
ISYNA1,76
IFFO2,629
LGMN,-1
INA,633
NPEPPS,-1
NFKBIA,-1
GBA2,-1
LPCAT1,547
METTL24,588
POLR2H,490
SYCP2,-1
TIGD3,-1
CABIN1,-1
NR3C2,602
DMBX1,-1
CHUK,-1
TNFRSF25,-1
GLRX5,299
ELP5,-1
ZNF554,-1
METTL18,-1
ZNF746,-1
UBE2E1,-1
RHBDL1,451
TUSC1,122
TATDN2,510
COMTD1,372
AKAP9,318
MLLT1,-1
GSR,458
KIAA0232,411
ANKRD13D,500
UNC93B1,235
NKX2-6,-1
ZNF662,531
CCZ1,440
CPXM1,-1
ENAH,77
ZNF487,604
MIA3,-1
TNP2,-1
PHETA1,-1
H2BW2,589
ZNF469,-1
SEPTIN3,-1
ARL1,502
TMEM35B,581
DGCR2,172
SEC23A,634
FBLN2,-1
MCCC2,523
HCFC1R1,-1
HILPDA,589
SEMA4C,-1
SLC27A4,-1
OPLAH,-1
ZNF419,92
PPP1R16A,-1
ZNF684,32
ENTPD4,451
VGF,412
FRAT2,181
ZNF354B,-1
FKRP,498
C6orf132,351
SLC36A4,-1
CKB,154
SURF4,554
DDR1,-1
HS2ST1,-1
ADCYAP1R1,-1
NDUFB9,450
RHBDF2,278
STRN,-1
UNG,207
CLDN6,-1
SCAMP1,-1
FKBP4,-1
ETV2,166
ANKRD50,-1
AKR1A1,-1
TAF6L,-1
CEP78,304
FIGLA,380
CACNG7,169
FOXD2,-1
ADAM15,-1
C1orf159,-1
KCNE3,100
AKAP17A,396
NR0B1,246
CDK2AP1,-1
GPRC5B,222
HOXA9,504
CTNS,604
SLC29A1,630
OTUD1,29
TXLNA,217
HOXC8,13
PEX5,-1
AMOTL2,-1
PTBP3,-1
ARC,63
ZNF701,-1
GRINA,296
POU2AF2,-1
RRP1B,-1
GNMT,-1
ZNF44,-1
CSK,-1
NFE2L2,-1
EHMT1,635
SLF1,-1
MAFG,-1
RNF26,378
EPHB6,591
PIWIL2,434
ST6GALNAC6,-1
KIF7,-1
MFSD9,-1
ZNF556,-1
ZHX3,596
SLC26A2,194
CCDC85C,339
ZNF728,-1
MCHR1,-1
SMYD2,600
POU2AF3,434
XPNPEP1,111
TEAD2,-1
TP53I11,88
PLEKHG6,-1
MXD4,-1
ROGDI,520
ENO1,500
THRA,-1
TMEM216,632
SETDB2,318
PPFIA3,-1
ZNF273,349
CCNB3,-1
CHMP1A,-1
IFFO1,-1
HPS6,221
TRMT10B,-1
OAZ2,-1
ABTB1,-1
CNN2,524
ZMYND19,478
YIF1A,388
RMI2,578
PPP4R3B,210
NAT14,302
STRBP,-1
RCAN3,-1
SEC11A,-1
MARK2,562
TNKS2,272
PIMREG,586
MRPS24,18
ZNF286A,541
PAN3,-1
FLYWCH1,-1
ZNF777,-1
SGSM3,-1
KLHL25,582
NPB,-1
WNK2,-1
RFX2,279
ZNF829,-1
HSFX2,-1
PLEC,-1
STK25,-1
GDF11,482
TRA2A,75
CHDH,-1
GBX1,499
ATP1A3,-1
LYSMD4,-1
SRRM3,406
CLIC1,579
WT1,-1
MPZL3,383
SMPD2,299
PIAS3,295
MAZ,-1
PLXND1,-1
RPS6KA3,588
ERBB2,627
IRF9,209
SMCHD1,-1
PTPN12,278
FZD9,-1
TULP3,-1
MYPOP,-1
KLF5,-1
MICALL1,107
SOX9,-1
NET1,-1
ETV3L,-1
SCARF1,472
JUP,471
ATF1,605
THAP4,545
NUDT12,-1
LRRC59,-1
HDAC11,-1
LUZP1,365
AHR,-1
NEIL3,-1
CREB3,153
GATA4,-1
CDK6,-1
ARID3A,376
NF1,-1
LDLRAP1,-1
TREX1,-1
FUT10,376
NECTIN1,477
ZNF280B,279
ZNF582,-1
SCX,-1
ELF4,-1
ZNF106,619
EMSY,-1
SH3BP2,-1
MYCN,-1
ACAA2,-1
VCPKMT,-1
CITED4,446
ZNF287,-1
UBE2M,-1
IFITM2,-1
NANOGNB,212
ZNF618,-1
AGXT,-1
EMB,399
SARAF,-1
PLPPR2,-1
CDYL,432
EARS2,-1
DEAF1,-1
AGTRAP,-1
ICAM4,-1
SCPEP1,154
PEMT,-1
NEU1,292
ZNF683,471
YWHAZ,279
TMEM160,-1
MTA1,-1
ZNF169,-1
DNASE2,-1
KLF15,-1
OLFM2,118
TNS2,331
FOXO1,253
CAMTA2,293
NKX3-2,-1
NEK4,73
PLD2,-1
TMEM44,-1
IL27RA,370
MAF1,379
LEF1,-1
GDF15,-1
PER2,233
PABPC4L,-1
ZRANB3,279
PRKAG3,-1
TXK,-1
FABP5,-1
PDLIM1,-1
PCGF5,575
QSOX2,-1
SOWAHC,-1
CDKN2AIPNL,-1
PLPP2,-1
PGAP6,568
EPAS1,-1
GTF2H5,-1
TXNDC5,138
MTFP1,224
GRIK5,501
SP140,61
MAP3K9,383
IFITM1,386
TMEM33,278
TOR1B,-1
HMX1,-1
HMOX1,543
UBR3,-1
SFR1,298
BRD1,420
SFT2D3,319
MROH6,-1
LIME1,197
ZNF205,284
MTMR14,-1
GRHL2,-1
STX1B,309
ZNF791,-1
FGFR1,504
MAP7D1,217
CYBRD1,-1
ZNF219,381
RNASEH1,-1
ZNF180,532
CDV3,563
RBFOX2,31
COL18A1,-1
DUXB,-1
TRIM37,55
RASA4,533
LARGE2,-1
PRUNE1,514
MINPP1,197
SLC66A3,584
TRMT11,590
HID1,311
SUPT7L,150
GPR162,-1
ACOT13,-1
NT5C,-1
MAMSTR,338
TMEM37,235
UFSP2,-1
SHOX2,-1
ZNF519,-1
CCDC18,-1
PDZD8,403
AQP3,-1
SHCBP1,103
TMEM223,-1
C8orf48,-1
CDYL2,-1
UBB,300
CDC14B,-1
TMEM230,-1
CD151,172
FECH,173
KPNA3,392
FAM120B,-1
HNRNPA1L2,-1
PRSS53,579
SLC4A11,-1
CAP1,-1
CD63,-1
ZZZ3,202
ESD,-1
F2R,-1
EPHX1,484
PRDM5,387
HNRNPAB,275
TWSG1,-1
ILVBL,467
DNASE1L2,461
GABRB3,235
ISCA2,-1
FOSL1,561
DCANP1,612
LIMD2,-1
ZNF843,-1
PNMA3,-1
FAM104A,568
FLOT1,-1
ENDOV,-1
C21orf58,289
CDKN3,-1
TIE1,201
CBX5,-1
NME1,-1
MYL9,582
BAIAP2L2,42
ZNF318,202
ENC1,-1
BATF,-1
TREX2,-1
IGFBP4,424
L1TD1,-1
KLF10,615
AFF3,-1
NEURL1B,-1
ZFAND1,422
FDXACB1,487
GYPC,-1
LHFPL2,146
ECHDC1,573
SV2A,103
STARD3NL,-1
PPP2R5E,587
FBH1,207
ZNF691,-1
PAXIP1,-1
G3BP2,168
TEFM,-1
RWDD3,554
ALOX12,-1
HIVEP2,153
ZSWIM4,484
KDM4E,-1
HEBP1,229
TMEM25,-1
NFATC1,416
METTL4,-1
NKTR,525
TRIM41,-1
PPP2R5A,-1
WDR62,-1
ACY1,-1
SNX5,-1
HSPA12B,-1
GPC4,-1
GEN1,350
PUS1,477
PTPN1,617
WDFY1,-1
FLVCR1,176
RFNG,-1
ZNF517,-1
FAHD2B,-1
GFOD2,-1
TAPBP,-1
MATN3,-1
MRC2,478
TMEM47,342
CSNK1A1L,-1
ACSS1,-1
SERTAD3,580
PLEKHH3,-1
CCNY,-1
STEAP1,331
SLC27A2,-1
IQSEC2,-1
EFNB1,154
PGR,-1
MGST1,429
IKZF1,230
CLIC4,315
TOPORS,-1
GATA3,-1
TOLLIP,438
EME2,-1
ZNF740,218
ZNF41,564
TMEM158,540
MESP1,574
ZNF184,-1
DGKZ,531
ZNF774,-1
ENTPD8,-1
AMPD2,-1
HFM1,-1
ZNF784,420
GPR27,-1
FGD1,-1
ZNF786,-1
PEX10,419
JOSD1,-1
NUMBL,-1
TEX261,471
ASNS,166
TMEM141,-1
NR0B2,-1
IGFBP6,-1
LSR,278
PFKL,-1
CCDC71,199
ZNF23,471
SHOX,-1
NR5A1,-1
BHLHA15,-1
SLC15A1,504
WSCD1,520
MAPK8IP1,550
PIGC,387
TNP1,532
IMPACT,337
PPARGC1A,-1
DAPK1,605
GTF2IRD2B,-1
NEK9,-1
MPP2,-1
HMGB4,-1
NAXE,235
CREB3L1,-1
FAM220A,-1
PROSER3,300
GTF2A1L,-1
TECPR1,382
MAN2C1,346
ZSCAN22,350
ZNF876P,-1
NEO1,-1
JUNB,-1
UNCX,-1
ZC3H12A,-1
ACTN1,292
ACSF3,260
ARMC10,358
CDS1,-1
PCGF1,592
LIN7B,-1
PDHB,83
ZNF544,469
DALRD3,154
CAMK2N2,-1
BID,-1
SYVN1,-1
HK1,202
H2BK1,210
RINL,266
UBN1,504
SMIM13,-1
PCGF6,452
C2orf69,-1
ZNF462,-1
DSCC1,-1
ZDHHC11,-1
KAT2B,149
RDH11,-1
SAMD1,525
GNB2,-1
CHSY1,588
ESRRA,-1
CCNYL2,-1
CD24,600
STARD3,-1
ZNF428,-1
ZNF695,522
LRFN4,600
BTBD18,-1
CCN3,504
KDM7A,-1
TLK1,203
ZFPL1,268
CIRBP,-1
ANKRD10,151
CCDC8,567
URGCP,158
TOR4A,264
PKD1,-1
NUDT4B,315
PLAAT3,85
BCAP31,-1
TCP10L,-1
SH2D5,-1
TBX1,-1
OTUD6B,358
NRSN2,571
NCOA5,-1
ETS1,421
CRIM1,-1
L3MBTL3,-1
ZNF543,-1
TDRD10,-1
OVOL3,-1
ABHD4,-1
GSX1,628
PHF12,-1
UBE2O,371
FAM110C,278
RFK,-1
FBXO2,-1
ABHD17C,183
CDH1,-1
ZNF71,-1
CERK,406
ARFRP1,358
MIER1,318
SPTAN1,-1
PAFAH1B2,-1
ARPP19,-1
B4GAT1,-1
CSDE1,275
QPCTL,628
SHANK3,154
RENBP,-1
BLCAP,-1
COMMD5,-1
GFUS,249
DTX4,-1
ZHX1,-1
PABPC3,170
CSNK2B,-1
ZBTB46,287
TRIM24,-1
TRMT44,-1
NCDN,-1
TENM2,-1
NEIL2,48
ZSCAN5B,-1
ZNF212,-1
AXL,489
RARG,-1
DNASE2B,-1
COBL,-1
SHKBP1,562
PHF21A,-1
GABRD,-1
PBK,586
APOBEC3F,370
RB1CC1,-1
CYB5R1,339
TAGLN,-1
CUX1,578
TRNP1,328
LRRC3,435
PTOV1,-1
PAX1,349
ART5,-1
PDK1,346
NAPRT,-1
PLAU,-1
PRKCI,399
STX10,439
ZBTB7A,-1
SLTM,-1
RHPN1,-1
ADAMTS13,143
CHEK2,-1
H1-2,-1
UCKL1,335
CDK18,528
SP7,-1
ADAR,528
MAGED4B,-1
RNF14,-1
CHRAC1,-1
ZNF521,-1
INMT,-1
TCTA,551
AK3,-1
THEMIS2,259
CCDC28A,422
LRRN1,577
ABHD17A,-1
DPF1,-1
LRWD1,379
FUT1,-1
CCDC25,214
CPHXL2,276
REEP5,28
BEX4,-1
SCAMP5,-1
SERF1B,458
DTX1,566
H4C11,-1
DFFB,-1
LDHA,578
TSSK6,379
FOXA2,-1
DGKQ,-1
GSTP1,-1
MGA,-1
TGFB1I1,-1
SLC25A22,479
BEND6,-1
SNX19,275
CDCA7L,188
ARHGEF2,309
ATP1A2,32
ATG4D,95
FAM86B1,571
MRS2,474
FPGS,-1
BCL9L,-1
TDRD9,49
SLFN11,-1
ZNF607,-1
ZNF17,-1
GAL3ST4,531
ZNF594,590
UQCC4,266
JMJD4,-1
FXYD6,-1
MBOAT7,100
S100A16,-1
ZNF577,595
LRRC45,343
MC1R,-1
ATG9A,-1
CDS2,563
C4orf48,-1
ARPC1A,-1
NFAT5,406
NGFR,-1
ZNF76,-1
TCF7L1,-1
IFT57,92
SMAD6,-1
HSPA1B,-1
TRAFD1,356
ERCC6L2,-1
SFN,-1
RAB24,-1
ZNF343,164
ZNF764,-1
MDP1,-1
MRPL36,-1
E2F7,-1
NAT8L,442
AEBP1,-1
CKAP4,-1
DUS4L,330
MRM3,-1
DDX60,-1
CXXC4,-1
FXYD5,-1
H1-10,-1
ZBTB7B,-1
ZNF563,-1
ANKRD13B,-1
IVNS1ABP,249
ZNF709,469
CLEC11A,-1
GRIN3B,-1
ZNF528,220
ASCL4,501
TCTN3,29
AHRR,-1
ZNF648,-1
UBE3C,56
SSH3,275
CLPX,94
RWDD2A,338
GTPBP6,-1
GRK2,-1
OTUD4,446
RAB11FIP2,248
SOX21,505
MYO1B,51
VEGFA,526
TDRD5,102
TBX4,505
KDM2A,-1
IGSF3,-1
CSDC2,440
LSM1,-1
DNAJC14,-1
KCTD11,138
FIS1,-1
NDUFAF4,295
ZNF385C,-1
MAN2A2,278
PPP2R2D,-1
AGO2,203
FAM47E,166
CRK,-1
NEUROG2,350
PDGFA,446
RHOD,-1
SYNGR1,-1
FOXN2,-1
ERCC6,147
CALML4,-1
KLHDC8B,629
APMAP,-1
GLIS1,226
GFPT2,-1
PI4K2A,-1
PHF2,275
EID3,-1
REEP3,-1
ZNF141,239
CD7,-1
HOXB4,-1
CHST14,300
NKX2-5,538
THUMPD2,575
DDX3X,-1
MAFK,630
ANOS1,552
USP38,-1
THRAP3,-1
DNASE1L3,-1
DHX40,420
EVX1,487
TRIB1,467
RAI1,370
ABCA7,97
PLEKHA8,242
THNSL2,-1
KMT2E,-1
UBE2J1,-1
CREBBP,-1
RORC,597
BCL2L11,403
KDR,-1
EFCAB14,-1
RAD51AP1,-1
ZNF776,-1
PPP3R1,600
BSX,-1
HNRNPDL,338
LDAF1,451
GLI4,-1
TFDP3,-1
FAM221A,-1
HK2,420
PIP4P2,-1
GCSH,-1
H3-7,424
KLF14,-1
GOLGA4,-1
ZNF688,-1
SYNE4,454
GPBP1,-1
TSPAN33,595
PPP1R13L,-1
ATXN1L,-1
SETMAR,-1
PEX16,-1
SCRT2,-1
ELL3,-1
UNC13A,600
ZNF778,-1
LMNA,-1
OLIG1,70
ARID4A,-1
ARHGEF16,411
CCDC74A,-1
F11R,-1
CCDC102A,-1
EBPL,442
FAM50B,-1
ETFBKMT,-1
NPAS3,-1
TNIP2,-1
BTBD1,-1
SLC41A1,-1
EXOC3L1,602
ZNF404,-1
H3C3,555
LDLR,499
METTL25,-1
RTKN2,-1
VKORC1,-1
CD46,-1
UNC119B,322
PRDM13,359
TMEM198,117
ANHX,-1
JRKL,-1
SPNS1,443
PHF11,359
ZNF629,-1
ZNF609,481
MIOS,-1
HCFC2,-1
CMTM3,319
OAT,252
PHAF1,-1
MRI1,449
ECI1,-1
CDY1,-1
NHERF2,56
HMCES,-1
TLNRD1,-1
DYNLL1,306
ZSCAN23,-1
EEF1B2,-1
ALPL,-1
DIP2A,-1
SETD7,400
EHF,-1
CEP85,429
UBQLN2,-1
SLC2A8,613
CREBL2,-1
SLC38A5,107
RHBDF1,-1
SLC17A9,-1
NSMF,-1
CAMKV,272
BCAT2,-1
RAB5A,-1
BNIP2,542
CDC42EP2,-1
ZNF454,306
RPP25,-1
ZNF600,122
LARP4,-1
ZSCAN16,-1
SALL3,-1
CCN2,-1
BCORL1,-1
ZNF347,-1
NME3,-1
TSEN54,-1
GAA,171
ZKSCAN8,228
DHX36,-1
PGM2L1,117
SLC22A17,-1
ID4,-1
ZNF37A,210
FTSJ1,-1
SEMA6A,-1
AXIN2,353
NDUFA13,438
ATG2A,78
HNF4G,-1
TEKTIP1,234
PIEZO1,582
ETV3,-1
AICDA,551
CPNE1,-1
RBAK,-1
FASLG,-1
HOXC5,164
FURIN,-1
GUSB,613
TUBG2,99
MYL6B,175
ZNF280C,-1
YIF1B,614
CRMP1,-1
MRPL11,468
TRIM25,-1
SESN3,-1
MKKS,305
C5orf24,-1
BCL2L13,450
TMEM43,-1
NADK2,519
CIB1,-1
MTG2,-1
CACYBP,-1
ILKAP,-1
ZMAT1,185
ZNF823,-1
ADGRA3,-1
non-targeting,360
CHPT1,-1
TBX22,600
ATP2B1,483
SPRY2,542
EIF2AK4,414
SMIM10L2B,496
PHIP,153
EIF4B,79
PIANP,-1
ITPK1,391
TRAPPC2B,180
TRIM27,-1
HMBS,-1
MAGED2,461
ZNF69,603
USP17L2,-1
THBS1,480
KIF5B,338
C10orf82,-1
ARHGEF40,240
SLC18B1,-1
BAG2,-1
CDC42SE1,-1
ZNF524,-1
RASD2,446
ZBTB5,-1
RAB3A,229
SFRP2,-1
SPINT1,-1
REL,-1
DNAAF9,-1
ZNF730,-1
GRHPR,-1
ZNF398,288
ZNF25,-1
LRRFIP1,627
CD40,288
BAK1,-1
RBP1,619
CLTB,-1
HINT1,-1
MPC2,582
PSMG1,456
GNAI3,-1
GOLGA2,247
TSKU,-1
HEATR6,26
PFN1,520
TMEM9,-1
TMEM248,-1
CTSF,444
ZBTB7C,-1
B4GALT4,-1
WSB1,415
ZBTB14,-1
SYDE1,620
SCMH1,-1
RB1,-1
ATOH1,256
KDM2B,-1
RGL4,454
ELAC1,246
ARF6,270
SNX27,63
FAM86C2P,226
SP9,-1
IGFBP2,278
UIMC1,-1
CAB39,57
RPL39L,215
PDCD6IP,309
SYNCRIP,574
C6orf226,-1
ATP6V0A2,411
MSI1,-1
MN1,-1
ASCL5,-1
TUBB6,309
APOC1,501
ZFPM2,-1
ODC1,-1
POGZ,-1
PACSIN3,178
METTL13,-1
LCORL,180
TTLL8,-1
LTBP3,584
LRRC58,-1
GPX4,266
YWHAQ,-1
FGF21,409
BEND5,-1
H2BC5,-1
SEPTIN2,442
HSPA1A,-1
CHD5,-1
PNMT,-1
C17orf49,-1
MAPKAPK3,-1
GTF3C5,371
POLQ,527
BAZ1B,507
GATA2,-1
RNASE3,-1
PHLDA2,499
USH1G,532
ASXL1,-1
AP5B1,342
RC3H2,212
EYA2,230
FAM89B,-1
MAGEF1,484
TMEM126A,-1
RASL11A,491
H4C1,621
TXN2,-1
ZNF541,-1
PDCD2L,595
FOXA3,-1
C7orf25,-1
UBE2E3,-1
RETREG2,-1
MAT2B,158
LHX3,577
MLF2,633
REPIN1,-1
NKAPD1,-1
MEF2C,144
KBTBD8,-1
ZNF225,-1
REEP6,434
RHOB,531
HAGHL,320
CGGBP1,505
TBC1D3K,483
ZMYM5,293
PRKAA1,367
ZNF48,-1
TYRO3,-1
UHMK1,-1
TMEM250,-1
LZTS2,-1
TM7SF2,446
FOXB2,-1
KLF6,-1
SKP2,607
H2AB2,62
SDC3,45
IGFBP1,284
ZNF572,-1
ZNF473,-1
PVR,235
S1PR2,606
LMTK3,-1
SORT1,488
KIFBP,-1
SETD3,-1
RAVER1,154
ERVK3-1,-1
S1PR5,479
EIF2AK1,519
CHAMP1,-1
MMP16,-1
PLAGL2,-1
BOLA1,-1
SMYD3,-1
ZBTB26,-1
ZNF557,572
HOXD11,-1
RLIM,-1
PLEKHB1,100
PPP6R2,-1
TMED9,-1
GPR19,220
NARF,-1
FOXI2,395
SLC25A23,193
ASS1,359
FMR1,-1
RAD23A,628
CERS2,520
TNFAIP3,-1
SBK1,385
RNF2,-1
LTN1,335
TACO1,-1
ARHGEF39,-1
ZSCAN5A,516
BAG6,-1
ECH1,290
ADH5,298
ZNF12,241
GALE,484
PSAT1,-1
PHOX2A,-1
TMEM167A,-1
KIF1C,545
BAG4,278
DMRT3,486
NKX2-3,585
HTRA2,560
ZNF140,164
PIGT,297
HDGFL2,390
SQSTM1,-1
UNKL,622
TMEM88,-1
FAM78A,-1
TPRN,331
CYB5R3,571
GTPBP1,-1
STUB1,565
LEPROT,217
WDCP,450
HOXB3,102
ZNF783,424
POMT2,-1
PLEKHF1,-1
SCAF11,-1
RAPGEF3,163
METTL21C,-1
SNAI3,-1
ZNF66,-1
CHD8,-1
GSTA4,-1
BRCC3,-1
ERVMER34-1,-1
MBD6,-1
TSR3,-1
ZNF280D,-1
PLEKHG4,-1
TMEM120A,-1
UBE2N,509
ZNF320,-1
MPI,-1
IL17RD,-1
ANKS6,108
PLXNB3,122
SP1,-1
IRX3,-1
SPI1,-1
WASHC1,550
RSRP1,-1
PDE6B,155
SESTD1,-1
LYSMD3,-1
RESF1,-1
VWA1,446
ACSM2B,-1
FAM43A,375
HOXC10,-1
SLC22A1,-1
RIN1,578
ANKRD16,-1
STAT3,-1
CHCHD3,599
UBL4A,-1
HDDC3,293
SHPRH,-1
IRF1,-1
NAA60,-1
SLC25A4,-1
PHF13,43
TRIM45,380
ABRAXAS2,630
HLA-DOA,457
THBD,-1
ZNF496,-1
HOXA6,-1
CLDND2,637
FOXD4L3,-1
SNX1,78
SLC35B4,468
KDM4F,-1
FAM98A,256
GRPEL2,535
PHF7,-1
CAPN10,-1
H2BC10,581
HEXB,-1
BAIAP3,545
TMPO,-1
ZNF638,-1
NME4,542
LPL,466
TM6SF2,-1
COX18,440
NPY5R,-1
RNASE6,-1
MED13,-1
KLC1,-1
OSGEP,566
DTX3L,-1
ADO,44
ZNF799,239
TCF7,-1
LYPD3,-1
FGF2,-1
FAM83D,-1
BORCS6,-1
KXD1,-1
RBCK1,-1
GPHA2,336
C3orf80,594
ZNF160,-1
DIDO1,428
SPTY2D1,-1
IFIT5,-1
CRLF3,267
CEP72,-1
GTF2IRD1,-1
TRIM47,598
ZNF316,-1
ADM5,-1
USP45,557
S100A11,-1
PWWP2A,430
APBB1,-1
SORBS3,-1
RALGAPB,27
METTL26,182
MEX3D,97
PGAP3,328
ETV1,-1
SUCLG1,-1
ZBTB37,313
IRF6,553
WWC3,565
THY1,575
TTC9,602
HS6ST1,-1
ADIPOR2,-1
PACSIN1,-1
TBX2,-1
MIEN1,-1
UBR7,-1
PAX2,-1
PLA2G12A,-1
KDM3A,-1
PADI4,61
MAPK14,146
MRM1,102
UBAC1,519
SYT3,385
NPTX2,249
PTP4A2,634
ZNF92,-1
RAB11B,-1
ZNF558,-1
FEZF1,-1
TGIF2,220
LIN54,231
COTL1,-1
HAGH,85
ARID3C,557
ATM,-1
FSTL3,-1
CALM3,252
AOC2,-1
PYGO1,582
L1CAM,-1
HBP1,626
PDIA4,-1
NISCH,-1
PATL1,-1
UBE2V2,117
MYO1C,-1
NFKBIB,410
P2RY11,141
SLC30A5,-1
RDH14,-1
ACSF2,-1
NDUFS6,-1
NUDCD2,-1
IFNGR1,514
B3GNT8,568
BRPF1,-1
RASSF7,-1
PRKAR2A,-1
AJUBA,-1
CHPF,-1
AGO4,-1
STOML2,-1
UBE2B,571
SPATA2L,-1
BAZ2A,586
SCAF8,26
TFAP2B,609
BAHD1,-1
ZNF479,-1
SOX15,-1
ZNF550,-1
MKNK2,588
ELL2,-1
ZNF24,-1
ENSG00000170846,139
LTB4R,334
PGGHG,245
TWF1,-1
ZMYM2,-1
DNAJC28,-1
ARF5,392
ADIPOR1,-1
HSFX1,93
PPARGC1B,162
ZDHHC7,55
NHLH1,-1
CARS2,-1
RAD54B,-1
HPS3,-1
ZNF792,475
TMSB4Y,-1
ATAT1,615
MYO19,-1
TCEAL3,-1
NPAS4,-1
FAM200C,331
PLPBP,-1
GATAD2A,584
IRX5,490
MISP3,629
SLC52A2,-1
RTL8A,-1
TMEM205,310
ZMYND8,-1
FADS1,581
CARHSP1,-1
CYRIB,-1
ZNF880,454
PRKAG2,-1
TBX18,-1
TRIB2,-1
MBLAC2,-1
NANP,-1
ZHX2,-1
GAS1,-1
BLTP1,632
HOXA11,-1
LARS2,250
LMNB2,-1
ITPRIPL2,109
PLK3,-1
ZNF562,-1
VIM,-1
CYFIP2,409
TCEAL9,-1
DHRS4,208
GCC1,322
ZNF229,596
LHX1,-1
PHOX2B,631
SNURF,-1
PCED1A,203
PDP1,-1
ZNF329,-1
STARD4,105
AP3M1,-1
NUDT11,-1
TMC6,178
NSUN2,476
GATA1,-1
TCEAL5,-1
IRF7,636
TMEM87A,-1
ZNF33B,-1
MESP2,-1
STX1A,-1
STX17,447
TSPAN13,-1
MSANTD4,507
FOXE1,-1
SLX1A,350
ZNF506,-1
WNK1,-1
ADSS2,-1
FUOM,571
TMEM14C,167
B4GALT7,-1
BLZF1,-1
KDM4C,-1
ANO9,297
SIX4,226
ZNF502,149
PEPD,-1
SLC35F6,-1
SLC39A6,-1
MAP3K7,380
PALM3,-1
SMCR8,-1
SMIM15,-1
KDM3B,-1
YIPF2,-1
TRAF6,507
CDK17,-1
FAM168B,545
ZFY,196
STT3B,-1
DPY19L3,393
NNT,-1
SEPTIN6,51
H1-5,-1
ZNF605,-1
ACSL6,-1
MEGF8,-1
ZC3H12D,359
UBR2,471
ZBTB40,455
DENND1C,-1
RBM4B,-1
RERE,-1
SETSIP,70
CCNL2,-1
ZNF775,543
AKR1B1,-1
SPZ1,-1
IDH3A,496
TFB2M,-1
TMEM183A,-1
TGFBR2,-1
ZNF853,-1
DIPK1B,-1
CAPN6,157
ZBED1,-1
ZNF33A,418
ZNF700,-1
ANXA11,57
ISL1,180
SRSF9,170
ZNRF2,581
UBQLN4,-1
UQCRFS1,-1
TMEM106C,-1
PRKAB1,-1
FOXS1,-1
PLEKHM2,619
SUCLG2,-1
NFKBIL1,582
SUMO3,184
ARX,279
PSPC1,620
AMER1,-1
ALKBH7,565
RASL10B,193
SP140L,427
GMPS,48
ZZEF1,-1
SLC6A8,-1
FASTKD5,625
CKS1B,-1
MTA3,-1
NFATC2,443
POLH,364
FOXG1,555
TBX20,-1
ZNF414,-1
ATAD1,179
DNAJB9,-1
PER1,632
STAT5A,258
ZNF480,-1
DOK3,-1
NOBOX,145
PAX3,385
CYCS,599
ZDHHC23,343
RAB33B,28
TGIF2LX,351
NCOA6,-1
WASHC4,-1
RGS14,80
RREB1,-1
YTHDC2,-1
CUX2,516
ADCY3,-1
SYP,-1
LGALS1,-1
DDX25,-1
ZNF233,-1
STOX2,-1
SOCS2,87
LRP5,-1
HBQ1,548
STK26,483
HOXB9,-1
DHX58,626
SPACA4,-1
LRP1,408
NEFM,94
ZNF750,263
MYT1L,-1
SLC35F5,232
RP9,44
TPMT,560
KCNIP4,-1
CCNT1,-1
SPTBN2,560
DNAJB1,579
SOX17,-1
KPNA1,259
DUSP2,-1
INSM1,-1
ZBTB34,-1
ATF7IP2,-1
KMT2B,-1
ZNF514,580
SPO11,166
YRDC,248
INPP5F,451
TBX19,434
SAP30L,-1
FADD,-1
DNAJC25,-1
ZMAT3,-1
TDRD3,-1
ZFX,469
TENT5B,303
ARL5B,-1
SLC3A2,254
TP53INP1,338
ATF3,-1
ZNF215,436
SS18L2,135
KCNE5,-1
MAN2A1,-1
NUDT17,224
ACAD8,559
KDM4A,-1
CCDC85B,-1
TBC1D22B,395
C11orf86,426
FGFR2,-1
ZKSCAN1,-1
PLK2,-1
MPZL1,222
BROX,-1
PGP,553
HAS3,172
IL17C,419
VPS26B,-1
INSR,-1
ZNF200,482
PSME1,-1
HES3,-1
PCGF2,242
ORAI3,-1
CRIP3,-1
MEN1,-1
SH3BP4,574
CCDC177,-1
CRAMP1,-1
UBE2L5,-1
FAM162A,-1
SNX22,-1
PPID,-1
DUSP23,221
ACSBG1,-1
CBX1,-1
ZNF555,-1
SEMA6B,393
PIM1,-1
SLC46A1,438
SPTSSB,-1
AP5S1,401
H2AB3,-1
PPAT,-1
CCDC71L,-1
HDHD5,544
ZDHHC12,-1
HOXB13,-1
DNMBP,-1
PYCR1,-1
EBP,270
NR4A3,-1
TXNDC15,564
KIF1A,139
ZNF35,-1
BCDIN3D,504
NFXL1,-1
ABCF3,-1
ZNF729,-1
MOB1A,-1
RPA4,239
TFB1M,212
RPS6KA4,537
SLC25A1,-1
UGGT1,-1
NPRL2,-1
MPLKIP,-1
ADI1,396
NAMPT,413
OPA3,461
ESX1,-1
HOXB7,-1
RYBP,387
DLX2,75
ETNK1,-1
PAPLN,-1
KCTD12,-1
ZFTA,-1
LIN28A,343
TOMM34,419
LIG1,-1
MITF,-1
DMRT2,555
MFSD14A,295
KCNIP3,187
MRPL20,-1
TMEM203,336
RNF44,-1
RAB5B,-1
NECTIN2,391
CLUH,-1
PEX11B,572
EIF4H,471
TSTD1,-1
PRPSAP1,-1
CDIPT,79
CRAT,-1
ADAM8,-1
POTEE,624
SAP30,-1
CLDN7,466
IFT27,626
ALDH3A2,42
MARCKSL1,-1
GATD1,305
CBARP,78
NQO2,89
MAGT1,297
TSPO,-1
EID1,-1
METTL5,-1
NUDT8,585
FZD3,31
JAZF1,635
GPRIN1,551
INPP5E,-1
PROKR1,-1
NEUROD4,-1
MRPL23,-1
CIITA,-1
PYGB,-1
EEIG1,583
DNMT3B,92
UBN2,411
ZXDB,603
RCE1,-1
CISD3,-1
ZNF584,228
PRDX1,-1
SEBOX,586
PSME2,251
RIMKLB,-1
FAM170A,-1
RNF114,-1
EIF1AY,-1
ZNF239,-1
ATP5MC1,336
ZC3H7B,351
FSCN1,224
RFX7,-1
SLFN13,-1
MSH5,-1
GPT,414
DHRS11,525
ZNF70,636
CCDC82,-1
AMOTL1,-1
ATP6AP2,-1
IFI6,-1
TOMT,360
TSC22D3,-1
DNAJC11,167
TIGD7,276
RBM23,-1
STK4,-1
ENDOU,473
UBE2D1,-1
ASH1L,463
CASP3,-1
SLC2A1,-1
ACSL5,-1
YIPF1,-1
SCAI,-1
TSC2,429
OTUD5,570
APOBEC3H,618
MRPS16,554
TOB2,554
HOXD12,-1
UQCC3,454
ACSS2,-1
SIRT7,580
MBD3L3,606
ERMAP,2
PRKCSH,-1
UBE2J2,616
ZC3H7A,602
PPM1B,-1
P2RX5,582
ATP5IF1,141
ADGRL2,234
ARL4C,619
SEPTIN4,416
LLGL2,-1
KRBOX5,-1
HNMT,293
HDAC7,153
BMI1,605
CIDEC,-1
ZNF589,495
EMILIN3,272
C12orf29,538
LMO3,582
NLRX1,-1
RADX,-1
DIS3L2,75
FAM111B,-1
MTRF1L,-1
PTGES,600
HSDL1,-1
FZD5,562
CIDEA,457
COL9A1,-1
TNRC6C,519
LMX1A,-1
AARD,-1
BOD1,-1
FOXN4,112
COL6A1,-1
CHP2,-1
ALDOC,95
RNF8,-1
ZFYVE26,-1
PROCA1,544
MTA2,594
HSPBP1,481
CRTC1,-1
ZNF619,-1
LZTR1,-1
MMP24,-1
IFT22,-1
GRHL3,-1
TTLL12,67
EAF2,-1
FBLN1,-1
OSER1,-1
LAMB2,399
SULT1A1,-1
MCAT,377
FAM219B,186
ZNF423,-1
MSRB2,-1
GCN1,-1
ZIC1,-1
ASMT,-1
TBKBP1,240
TWIST2,-1
MUL1,-1
ZBTB49,-1
YPEL5,-1
RBBP6,330
PAIP2B,-1
GCHFR,512
RANBP6,-1
AMZ2,1
ZNF440,-1
PACSIN2,334
TTPAL,259
GOLPH3,578
ZBED3,-1
HYAL2,-1
DRAXIN,-1
USP16,-1
FMNL1,-1
PLSCR1,302
PHF20L1,-1
DCXR,-1
PCNT,-1
RNF225,-1
NFE2,-1
HEY2,-1
ASPH,-1
TRIM59,411
DUSP28,-1
MPZ,-1
ZBED4,-1
C1orf21,527
CAMKK2,-1
PPP1R26,-1
MTX3,-1
ZNF484,-1
APBB3,-1
FAM43B,-1
LIPG,16
LHX9,-1
DTD1,-1
ID3,-1
TXNRD1,-1
EDEM3,-1
H2BC12L,588
MON1B,-1
CLCN2,558
ZNF285,-1
ZNF300,-1
WASL,-1
STK16,-1
C1QTNF12,-1
RHOT2,-1
PGM3,485
NF2,574
VRK1,-1
ZNF714,76
CEBPB,223
MYCBP,436
TNK1,-1
EPC2,-1
RUNX3,379
TSPOAP1,207
KEAP1,-1
FOXJ3,-1
LMO1,-1
GTPBP3,83
ZNF581,302
C15orf61,-1
PRR14,-1
TYW5,233
RAG2,-1
SEC16A,-1
GPX3,-1
PICALM,-1
HCN2,-1
MID1IP1,183
RTN4,322
PTBP2,559
TMEM151B,-1
COPS7B,419
LRP10,128
FOXD1,-1
ZNF516,-1
ZNF222,-1
DNPH1,2
KLHDC3,388
SLC5A6,278
TMEM179B,580
BLOC1S2,-1
ZNF121,-1
PRAG1,575
HIRIP3,-1
BRD3,218
CSRNP2,103
SLC35B2,440
PAN2,-1
APOL2,-1
IRX4,-1
NCOA7,-1
NECAP2,595
DMRTA2,-1
NAV2,-1
CYP2D6,-1
MTFMT,272
GPX7,624
PARP6,621
MICAL3,409
TMED7,-1
UTF1,-1
METTL2A,243
IDH3G,572
ZNF395,493
H2BC1,-1
ACSM2A,-1
PARP10,385
ZNF345,295
SPDEF,226
DACH2,-1
P2RY1,412
PIGQ,-1
YWHAE,-1
ENDOD1,-1
ATAD2,529
MTURN,-1
MCAM,-1
HOXB1,-1
ENO2,460
KLF13,-1
DCAF5,356
H4C4,-1
DTX2,11
DSC2,271
STEAP3,-1
COQ10A,-1
STXBP3,549
BICRA,-1
SCARB2,52
EEF2K,181
MKI67,-1
RETREG3,167
ZFP69,55
ZNF717,-1
NDST2,315
SULF2,409
RGL2,37
TYW3,-1
SOGA3,-1
VAX2,-1
SIPA1L1,429
DIS3L,543
SIRT5,-1
ARMCX4,583
RGP1,-1
ZNF606,455
LUC7L,88
ZNF43,-1
ACTL6B,-1
COX15,624
RAG1,-1
RASGRP2,-1
RGPD6,-1
SET,-1
UBQLN1,411
SIX3,-1
SWAP70,68
IRF2BPL,-1
CENPU,-1
RAP2B,278
GDPD2,-1
IL6ST,347
GDPD3,16
HGH1,-1
ICMT,460
HPRT1,-1
TEX41,284
ZNF644,350
ECE2,416
PRM3,-1
PPP1R14A,573
TTLL6,141
ATP5MC3,-1
TMEM187,363
GNAZ,-1
MLKL,-1
BRMS1L,-1
IRX1,147
ZNF485,-1
FZR1,-1
DAG1,547
PRR36,637
MPG,-1
RABEP2,-1
TMEM14B,-1
PRMT9,-1
KPNA6,-1
SUB1,600
ZNF251,563
TMEM201,596
ZFP92,-1
TM7SF3,-1
NBEAL2,-1
FAAP20,-1
AP1G2,61
TP53INP2,492
SHMT2,443
HES4,-1
NFE2L3,385
SEMA4G,606
SPIB,485
SULT1C4,498
VAC14,-1
ZNF736,351
CHN1,-1
ZNF747,-1
NRAS,222
LTBP4,-1
FGF3,371
PURG,-1
FBLL1,-1
RHOXF1,584
STAR,229
PLA2G15,336
SYT7,-1
VAX1,-1
ETAA1,450
C9orf72,-1
PARP14,288
ZNF513,522
BEX2,179
KLHL42,-1
ECI2,-1
ZNF223,596
KIF4B,541
HMGB2,-1
ACO2,-1
TTYH1,-1
NSUN7,-1
CHRNB1,-1
REXO2,529
PNRC1,455
PLPP6,-1
YIPF3,411
FBXO6,340
PRKCA,-1
VPS37D,-1
EXD2,-1
TMF1,-1
CCDC14,296
ARAP3,-1
RAB2A,-1
PTDSS2,268
FSD1,-1
SH3PXD2B,621
ZBTB42,92
TERT,-1
SLAIN2,334
REST,-1
TSC22D2,-1
TK1,607
SCML2,-1
RGPD5,418
ZNF202,-1
ERI1,-1
ABHD11,-1
BNIP3,573
IFIH1,598
AZI2,-1
IQGAP1,-1
HCCS,-1
BAP1,212
PAICS,-1
SUMF2,-1
TSPAN3,-1
LHX2,350
USP12,447
FBXO42,31
PTTG1IP,-1
FOXD4L4,233
ARID2,-1
NOTCH2,538
NASP,350
ZIK1,-1
PODXL,496
RAP2C,-1
ZNF891,-1
PDIA3,-1
BEX3,268
CHID1,-1
ZNF248,-1
ACOT2,-1
USF2,-1
MTSS2,-1
COA4,172
POU2F2,-1
BRMS1,-1
PGLS,511
DUSP1,192
PRKCB,-1
POU2AF1,-1
PABPC1L2B,415
RAC3,-1
IRF3,-1
SUMO1,-1
OVCA2,-1
NANOS1,-1
GAMT,-1
TBK1,-1
ZBTB48,-1
BRPF3,-1
BARHL1,-1
SPTLC1,393
DNASE1L1,-1
RRP8,530
HDAC5,-1
TRAP1,-1
HIF3A,-1
P2RX2,-1
ZC3H12B,-1
ANKRD11,-1
C11orf96,286
IPO8,176
SPR,-1
ARPC1B,179
NRP2,-1
TRIM11,562
ARMT1,161
ATG4B,100
POU5F1B,617
HMX2,359
RBP2,423
REEP4,507
BTBD6,614
GZF1,203
SHROOM1,-1
CCAR1,-1
TEAD1,574
PEX6,-1
PHF14,500
CITED1,-1
MYRF,61
SLC44A2,179
ANKRD9,-1
ZNF765,493
CBFB,218
SNX7,398
LDB2,-1
EVI5L,248
HDHD2,240
PBXIP1,-1
LPXN,423
TTC14,194
CD276,-1
ZNF536,-1
HSBP1,-1
H4C16,602
DYNLT1,-1
RUSF1,499
DLX5,318
ATIC,217
NXPH3,78
TRIM2,61
FAM193B,-1
ARID1B,-1
RAB13,553
PXMP4,-1
PHGDH,-1
DCP1A,-1
UPP1,-1
ZNF334,-1
SIGIRR,-1
GSTK1,-1
LAPTM4A,267
DAZAP1,-1
SPIN2B,297
JMJD8,-1
ZNF91,-1
RCOR1,295
CSNK1G2,325
ITGB3BP,-1
SCAPER,-1
ZNF696,-1
KLK6,265
INF2,-1
ZKSCAN4,-1
RAB35,292
BCL2L12,42
UBXN7,141
ZBTB39,-1
SLC25A11,504
ZNF136,470
ZNF573,400
MAFF,627
C5orf15,-1
BRD7,-1
SRA1,571
TIGD2,471
HMG20B,-1
MST1R,-1
NAB1,-1
JAK2,-1
CIT,-1
SULT2A1,-1
TLX3,483
FAM86B2,-1
ZSCAN21,257
LAMC1,558
CDK4,145
METTL14,582
AP1S2,217
TRIM52,254
ZNF530,185
BBX,-1
MAGEL2,-1
RPRML,-1
GNG11,-1
TYK2,600
NEUROD1,505
FAM83G,-1
CYB561D1,-1
FAM136A,-1
ABCB10,398
AGAP3,450
LMTK2,173
SAPCD2,-1
NLRP3,452
SAMD10,173
PLEKHG5,-1
CDR2L,73
WFS1,-1
ZNF211,-1
HMGN5,613
WRNIP1,277
TTLL13,-1
PEF1,-1
SH2B3,582
TMEM268,33
OVOL1,418
BLVRA,-1
UBC,145
ZNF8,529
SHISA4,-1
ACVR2A,-1
SPOP,282
ZNF713,-1
SATB1,-1
TXNDC16,133
MATK,-1
TRAPPC12,-1
SREBF1,32
COL4A2,411
BRSK2,115
CARNS1,-1
DOT1L,-1
HINT2,571
STAT5B,502
GGCT,-1
RBPJ,-1
ZNF174,164
HMGN3,-1
PEX11A,350
PIF1,571
TCF25,392
KCTD15,-1
MROH1,428
IRX2,-1
ARNT,545
LPGAT1,169
ZNF726,-1
EBF4,-1
MTF2,-1
CTNNB1,359
BPTF,-1
PKNOX2,-1
SNX3,-1
RASSF10,451
FOXD3,-1
HDGFL1,-1
COX6B1,-1
FOXD4L5,210
AP2B1,-1
ZNF813,-1
ERAL1,-1
NDUFV1,336
SIX1,476
KATNB1,-1
CTBP1,-1
NUPR2,-1
HAND2,416
WDR37,-1
SETD5,615
CLPSL2,-1
MZF1,187
DACH1,470
NTMT1,-1
ZNF235,-1
RPE,378
ZNF445,-1
DSP,-1
CCNYL1,-1
F2RL1,116
SEMA4A,321
MRGPRF,236
DUSP6,619
RCCD1,-1
CKAP2,-1
ETS2,570
NKX1-1,-1
ASMTL,-1
EFNA3,-1
METTL7B,-1
PROX2,371
NCOA4,-1
H2BC14,481
ZNF630,470
SND1,-1
ZNF527,527
FOXB1,-1
PRDM1,551
IFT25,-1
ST6GALNAC4,629
NOM1,411
CRELD2,178
NDUFS7,286
PRMT8,473
RAB1B,-1
PHF21B,-1
NFIC,-1
CCDC69,275
BARX2,-1
ARHGAP11A,605
C11orf87,-1
C21orf91,-1
LBR,-1
TRIM16,-1
H1-6,13
KYAT3,534
ZNF322,360
C6orf120,-1
CHST6,567
OAZ1,396
TWIST1,-1
ZNF213,-1
TRMU,380
RPH3A,-1
ZNF420,243
TBC1D16,278
ZXDA,-1
EFNA4,-1
JAGN1,619
SRM,-1
SPRED2,-1
ACTB,-1
ARL6IP1,-1
FOXI1,284
NRBP2,-1
C1RL,301
CAMKMT,-1
CDCA7,494
WASHC2A,-1
RPUSD1,540
UPK3B,581
CCER2,-1
PYM1,-1
CASKIN2,224
ZNF597,593
DMTF1,-1
LTA4H,-1
MYF6,-1
PARP15,169
SHPK,278
ZNF461,-1
GLIS2,146
LGALSL,-1
MXD3,-1
P3H4,456
GPT2,551
HLTF,-1
PANX2,-1
STAT1,-1
METTL1,307
USP21,-1
FAM83F,-1
PCIF1,476
IP6K1,365
RHBDD3,-1
TCF21,68
PAFAH1B1,-1
CHD2,-1
ZNF660,-1
TMEM63B,-1
TPBG,-1
TFEB,-1
ZNF34,-1
PBRM1,93
CLDN4,507
INCA1,45
INAFM2,167
MED12L,-1
NIBAN2,-1
CD68,501
TMCO6,300
TOX3,-1
CTTN,-1
MED24,-1
TOX4,-1
PRDM6,275
BST2,94
HYAL1,-1
METTL9,-1
ATXN1,408
NHLRC4,-1
HNRNPF,-1
PCDHB14,121
ZNF264,-1
ASXL3,-1
KMT2D,-1
SOX8,-1
ERGIC3,-1
YY2,431
VASN,199
TDRKH,-1
SNX8,-1
AGO3,-1
EXOG,630
ZNF81,233
MALSU1,-1
ACSL1,-1
ANKZF1,-1
CLDN1,309
ZNF277,-1
ZNF331,-1
PRRT2,322
TSPYL2,-1
USP20,393
H2AC8,-1
RFX6,-1
ACSS3,-1
VKORC1L1,603
MTHFD1,303
MAN2B1,-1
TLCD3A,334
GAS6,458
ALKBH3,207
FBLIM1,-1
DNAJC18,-1
CYBA,429
ONECUT2,-1
IGF1R,-1
DPYSL4,-1
LEFTY2,22
SNX30,453
CHD9,303
DLC1,424
MAGI1,-1
CCDC97,495
TACSTD2,-1
PTGR2,-1
SFRP5,-1
TM2D3,-1
AGFG1,473
ZNF438,243
ZSWIM3,565
PCCA,-1
ALKBH2,263
TTLL3,243
N4BP3,-1
SHC1,182
ANP32D,-1
UBE3B,-1
RCOR3,164
VOPP1,-1
PPM1N,-1
NCOA2,443
MT-CO3,490
HMGA2,-1
MALL,-1
NRDC,-1
PDE7A,518
RASGEF1A,-1
RFXANK,-1
WDR83OS,338
HECTD1,297
SPG11,-1
ZNF614,-1
NAT9,604
SNTA1,-1
SNX18,329
PJVK,31
IRF5,635
MRFAP1,193
GJB5,36
H2AC11,-1
MEX3A,-1
RIPPLY3,-1
FNDC10,-1
MIXL1,-1
LAMP2,-1
IKZF4,-1
ASB1,-1
RBM15B,-1
PITX2,-1
TRIM65,185
NKX6-3,630
ZFP91,-1
C12orf57,344
TBC1D10B,168
ZNF346,481
DDB2,-1
BSPRY,7
CDON,-1
MCTS2,605
GLMP,-1
PSMC3IP,166
SEC14L2,626
SEZ6L2,375
SLC25A36,479
GDAP1,446
FOXJ2,509
L3MBTL1,496
ZNF682,-1
FOXK2,-1
CBR1,296
RMDN1,-1
ZNF10,414
TDRD12,-1
PARP12,155
ZNF132,-1
LEMD2,-1
LATS1,468
ST18,634
RBM5,354
SRD5A1,115
PRKCD,45
ZNF565,-1
OLIG3,162
PLCXD1,303
RFX5,-1
PAGR1,567
NDN,510
ARHGEF35,13
DLX1,335
DDX3Y,-1
STK24,591
FXR2,-1
ITM2B,-1
HOXD9,504
ZNF471,459
ZSCAN12,-1
APOBEC2,-1
COQ5,343
PAK2,-1
SOX1,-1
TOMM6,526
CYP51A1,-1
ZFAND2A,-1
ZNF441,-1
CD59,221
ZNF418,-1
TADA1,-1
EXD3,560
POU2F3,602
SFXN1,-1
PINLYP,-1
PLEK,171
CYP2A13,-1
ZNF608,-1
ERRFI1,-1
SSBP3,-1
CDC42SE2,256
C22orf15,-1
TRIP12,40
ADAMTS8,235
BZW1,-1
H2AC18,162
WTAP,476
PCDHB13,110
BTBD2,88
ZNF578,-1
SCAF1,596
METTL3,-1
GCLC,392
PRSS8,-1
UFSP1,480
NAAA,-1
RAB40A,318
SMO,-1
FOS,562
HOXC12,-1
CCNL1,-1
BPHL,422
ZNF674,-1
BARHL2,-1
ERMP1,155
H3C8,-1
LRRC4,438
NIPSNAP2,-1
SOX3,613
STK40,438
LAMC3,122
NSUN6,-1
STK31,-1
PHTF1,-1
DYNC1LI2,-1
PAX8,-1
SOX18,-1
RHOV,48
ATP6V0A1,57
NEMP2,-1
GNA13,-1
FOXO3,605
ZEB1,-1
RAB26,-1
PPARD,459
DDX19A,-1
IGFBPL1,-1
DERL1,-1
PRRC2B,353
PRKRIP1,561
KIF3B,296
ZDHHC5,278
CLP1,-1
FEM1C,290
ZBTB33,-1
EBAG9,357
CCNE2,-1
AP3D1,-1
EMILIN1,-1
IMPDH1,-1
PNRC2,-1
POU5F2,-1
ZNF226,-1
MIER2,423
GOT1,353
NEFH,-1
AS3MT,-1
PPIF,117
H2BC3,-1
H3C1,-1
SLC25A38,222
DNMT3L,-1
RGS11,57
BCAT1,-1
COX6A1,-1
CACFD1,-1
TM9SF2,-1
SMARCB1,-1
CSPG4,270
TPCN1,483
SOX12,-1
FHOD1,613
USP10,-1
GTF2I,-1
ATAD3B,-1
SALL1,-1
ITPRID2,-1
ACSBG2,504
SLC25A39,374
KLHL36,-1
ELK4,-1
GJA4,411
TFPI2,336
ULK1,-1
ZNF704,434
RXRB,111
ZNF181,394
ZNF841,-1
TINAGL1,-1
GJB3,-1
LIG3,-1
H1-3,493
MED19,-1
POLRMT,-1
PHKG2,-1
MAPK1,-1
NAP1L1,385
ZNF549,-1
GGA3,-1
CASP2,292
SAT2,-1
SDF4,442
CEP170,-1
CXADR,-1
MPP1,460
DACT2,-1
CBL,-1
H4C3,-1
KLHL24,-1
ME2,-1
MMP3,350
FAM217B,254
GNA11,-1
JUN,-1
ELOVL5,55
DMC1,470
ACVR2B,66
STPG4,-1
ZNF579,539
DTX3,371
INTS6,-1
EID2,-1
FKBP11,-1
SLC25A30,-1
SSNA1,483
ACSL3,432
NUSAP1,-1
SSBP2,596
UROD,157
FAM161A,163
CBX3,-1
HAPLN4,292
FSBP,-1
CD2BP2,516
NKX3-1,529
TMX3,-1
LRPPRC,-1
THUMPD3,62
RIMOC1,588
NSD1,135
CZIB,335
SEC11C,361
MAPK8,-1
ANKRD13A,133
MPDZ,250
TLE3,-1
TMEM42,154
ZNF79,543
LMX1B,-1
CYC1,411
TRMT9B,-1
C1orf122,-1
TFAP4,-1
SLC30A7,401
ETV5,188
RAB9A,-1
PSPH,600
ENGASE,-1
SIDT2,-1
SMAD4,-1
ZNF735,-1
PGD,-1
ZBTB4,350
RBM11,-1
MIGA2,-1
HDX,-1
L3MBTL2,-1
VPS33A,-1
IPO5,48
TTLL5,452
HEMK1,-1
ZNF710,593
CPT2,184
TBC1D13,555
TCEAL2,-1
CBY3,509
ZNF671,-1
H3C12,485
SOHLH1,253
TIGD5,-1
FAM135A,391
TDP1,-1
CDC42BPB,148
RNPEP,-1
H4C2,-1
MED13L,360
PBX4,-1
JOSD2,484
PARP8,-1
ZNF460,-1
PAX9,-1
METTL8,-1
C2orf49,-1
TAGLN2,564
PLS3,-1
FOXN1,-1
CEBPZOS,-1
PITX3,-1
H2BC18,-1
TACC1,-1
RNF4,394
ZDHHC4,-1
BTBD17,156
EBF2,-1
CD81,446
LRP4,44
ZNF415,-1
MEPCE,473
NDUFS1,-1
SLC25A10,623
DNAJC19,378
AADAT,513
CDK2,493
CCDC134,-1
AKT2,-1
SLC1A5,315
EMP2,323
SORD,-1
NUDT19,407
ARL3,-1
PTGR1,-1
TIAL1,312
SIN3B,-1
GALR2,-1
GATA5,348
ZNF649,-1
FOXRED2,236
CCDC115,138
NINJ1,-1
LRATD1,-1
CD320,-1
ZSCAN30,-1
RASD1,-1
HIP1,455
SLC9A1,272
TET2,-1
CES2,-1
KIAA0930,313
MGMT,319
ZNF680,533
TMEM74B,-1
KDM8,377
THAP10,-1
RNASE7,302
EHD2,-1
FBXO10,-1
SRCAP,-1
SEC31A,373
CNIH1,-1
YDJC,-1
SMG1,-1
PMS1,-1
UHRF2,532
DPH2,107
E2F5,-1
ARHGEF5,-1
HSFY1,-1
APEX2,-1
COQ7,456
RBM7,-1
BRD2,-1
ZNF678,426
RIGI,-1
MBOAT1,422
ASCL2,-1
TBL2,591
SPTBN1,497
ZNF254,-1
CALU,-1
RAB3IP,-1
GSE1,633
AURKAIP1,352
GGNBP2,-1
MYF5,350
CIZ1,511
NFIL3,460
CHRNB2,387
SLC35C1,289
TMEM41A,595
OBSCN,-1
HOXD8,-1
USF3,519
FZD6,11
TRMO,-1
ABAT,-1
RAB23,-1
TOR3A,495
SLC35E4,-1
HMGN1,-1
ALKBH1,246
DDX5,-1
FH,-1
SLC37A4,584
GUCD1,-1
GPAM,-1
ZNF768,354
ALDH18A1,117
ZNF655,358
KIAA2013,516
ASF1B,-1
PPP1R3B,110
CDKN2D,-1
GORASP1,342
SERPINH1,249
LTF,-1
IRX6,-1
SMARCAD1,589
DOHH,-1
FAM216A,292
EXTL2,298
FZD8,-1
PLAG1,-1
ZNF257,-1
SOX4,-1
TMEM138,335
RPL22L1,-1
ERI2,439
CELSR1,550
LGI2,-1
JMJD7,432
MAGOHB,-1
ZNF687,-1
NONO,-1
DHX30,-1
APRT,-1
TBL1XR1,-1
AKAP8L,387
ACTR3B,-1
OTX1,563
ACAP3,-1
IRF2,-1
PAM,340
VSX1,404
ZNF177,-1
CAVIN1,446
HMGB1,-1
ZCCHC2,-1
ADNP,-1
PKN3,280
SH2B2,-1
LYAR,-1
KLF4,244
FANCG,-1
ZXDC,-1
BZW2,289
PIGM,154
TRUB2,277
SNAI2,228
PDXK,-1
FAT1,411
AIRE,-1
STOX1,-1
GIGYF1,-1
DNMT3A,-1
TRAPPC2,378
YPEL1,392
ZNF552,615
AIMP1,472
GATB,478
ZGPAT,-1
HDAC6,-1
NR5A2,-1
AAAS,-1
CEND1,29
ARL2BP,335
PRDX3,-1
CLDN23,-1
PSMD9,-1
ZNF546,250
TDRD6,504
KHSRP,366
LMO4,-1
ATP8B2,157
ADSS1,-1
MFSD10,262
NPFF,-1
SOHLH2,358
GTF2IRD2,-1
KDM6A,-1
P3H1,-1
CREB5,-1
ATF2,516
ZNF354C,54
PSMD8,617
LOXL1,470
TCIRG1,-1
THAP6,-1
ZNF587B,-1
B3GALNT1,563
ANKRD33B,-1
CDC42EP1,-1
DGKE,-1
IDH3B,-1
ZBTB6,577
UBE2D2,-1
PRMT3,-1
COMT,-1
EPN1,-1
MBD1,511
ATP7B,115
GSC,562
GSN,-1
IFRD2,-1
NKX2-1,-1
RARA,-1
FGF11,277
GPR37,450
ABL1,-1
DDX43,-1
SOX5,-1
NFKB2,-1
MAP1B,-1
RHBDD2,472
CNBP,-1
ENTPD2,-1
TEPSIN,621
PPTC7,-1
LASP1NB,468
RNASE11,473
RPIA,498
ARRDC4,-1
NUCKS1,149
LHX6,92
FOXD4L1,149
EDC3,-1
NUDT16,-1
ZNF221,-1
MEF2B,-1
CAPN15,-1
ZKSCAN3,-1
CAAP1,-1
ISG20,-1
PHF8,-1
YTHDF2,431
ANXA2,524
ZNF197,528
CYP2R1,571
NKX2-8,538
PLD3,125
MNX1,-1
TAF4B,400
ZNF16,-1
CCND3,275
ORAI1,107
SSU72,-1
PTPN9,-1
SLC66A1,473
OLFML2A,-1
GUK1,-1
SLC20A1,-1
MSX2,-1
ZNF28,-1
NCOA3,260
PRKD2,-1
CYB5R2,-1
ZNF534,-1
MORC2,28
FOXL3,616
CRY1,-1
ZSCAN4,-1
DNAJC21,233
LYL1,-1
KAT6B,339
TNK2,-1
H2BC7,220
ZNF45,-1
PARD6A,86
ZNF679,436
DNTTIP1,-1
CTSD,296
ZNF417,-1
H1-0,-1
GSPT2,-1
RAB17,378
C1orf226,-1
TFAP2D,-1
SIK1,-1
ZDBF2,-1
DRGX,-1
ZNF654,49
BHLHA9,324
MAP4K2,-1
CBLC,137
TMEM30A,478
MAMLD1,616
ETV7,398
LYPLA2,156
TMEM161A,-1
CRABP1,278
SETD9,589
RNASE1,513
LRRC61,-1
GMCL2,470
ZNF862,338
MRPS30,507
NCAN,341
OSTM1,478
ZNF852,-1
SDHAF3,385
FLNC,539
MRPL15,483
CTBP2,-1
TNNI3,329
COA5,564
A1BG,-1
A1CF,-1
TCEA3,-1
STK38L,106
C1orf52,271
CCNG2,-1
ZNF57,563
NACC1,-1
AKAP8,-1
ZNF324,-1
SLC17A7,-1
EMX2,489
TLE5,554
SELENOS,309
TFEC,-1
ZNF564,610
PIM3,514
IER3IP1,-1
H2BC13,-1
ZNF706,-1
TBC1D23,539
TCF12,395
MRPL21,375
TPM2,520
ZNF512B,410
RIPK4,-1
CEP170B,-1
CLN8,421
JMJD1C,-1
JPT2,172
PCCB,385
C6orf89,467
CKMT1A,-1
NUDT4,-1
DEK,90
MITD1,467
RTCA,474
PSENEN,-1
PSMD11,-1
CCNO,-1
ESCO1,-1
ROCK1,-1
ZNF500,-1
FBXO17,-1
TP73,-1
NPC1,-1
ASPSCR1,-1
TMEM128,412
PDE12,-1
BAZ1A,524
LCOR,485
FAM110A,-1
LBX2,-1
ELF1,302
GGA2,301
FOXF1,242
SOX7,-1
MCCC1,455
ABCA3,409
CNN1,-1
CHRNA10,555
RSBN1,-1
PIN1,167
CAND2,480
CBY1,-1
LAMA5,193
GATD3,4
MYORG,87
CROCC,573
SPATA2,157
KCTD9,-1
CALR,142
MSH2,-1
ZNF30,-1
MAD2L2,611
ZNF208,-1
SMYD5,-1
TRIM61,574
ZBED5,596
LRAT,420
CAPNS1,213
REXO4,-1
THAP7,-1
ZNF883,-1
SLC37A3,194
LMO2,-1
ZNF408,-1
ZNF540,-1
MTHFD2,-1
NATD1,336
ATP6V0B,625
PIP4K2B,-1
MANEAL,-1
PARD6G,-1
RTN4RL2,192
ZFP90,-1
APLNR,540
DQX1,-1
SLC25A29,600
FLII,-1
SPSB2,567
TARS3,637
SP110,-1
COASY,501
MIDN,-1
TMEM97,417
ACBD4,-1
PGPEP1,309
MED25,-1
MARVELD2,353
VAT1,-1
MACROH2A2,572
IL4R,-1
PRDM11,209
CCDC186,-1
PKP3,-1
KDM5D,537
OCIAD2,-1
OSR1,-1
LYSET,422
CCNB2,-1
PANO1,-1
TTLL4,-1
HLA-A,580
SFRP1,148
PPP1R2B,236
MAJIN,-1
TSHZ3,-1
ZNF827,-1
HSPG2,298
GORAB,568
CD200,297
HOXD10,394
EFNB2,517
COX5B,618
GPAT4,70
NFKB1,-1
POU3F4,-1
CCDC61,-1
HUS1B,215
IGFBP5,227
CYP2S1,361
OCRL,-1
RGS16,-1
TCFL5,490
XPO5,619
ZSCAN10,350
FBXO38,-1
GARIN5A,-1
NKX2-2,-1
ZSCAN5C,-1
FERMT1,328
RELB,125
NPM3,-1
MRPS26,-1
CUL4A,-1
C1R,310
CTSA,471
H2AC12,-1
CCNI2,392
CHCHD7,309
CDKN2A,439
AP2A1,451
BAD,-1
MATN4,-1
GATAD1,-1
RRAGC,434
ANGEL2,-1
AGBL5,525
TMEM121B,179
ZFR,615
COL1A2,-1
VPS4B,634
CAPN7,350
PPIC,31
GRB10,-1
SKOR2,164
FHDC1,-1
PPIB,-1
HELZ2,353
VAMP1,545
KHNYN,90
ANKLE1,43
TIMP2,466
ZMYM6,-1
CTSZ,45
ALX4,-1
RAB39B,-1
PMM1,329
CNOT6L,-1
SMAD3,-1
PGAP1,-1
DPH7,-1
GHDC,-1
MPV17,-1
H3C4,-1
PCBD1,458
FASTKD2,339
ALX3,257
RBPJL,562
PNPLA3,314
CTSC,320
ARHGEF15,277
LPP,210
TBX21,-1
CCDC88C,-1
MYOG,-1
LEAP2,-1
GORASP2,556
CHPF2,-1
FYTTD1,-1
MAP2K3,624
BLTP3A,-1
AJM1,-1
ZNF816,358
RANBP1,622
FTSJ3,-1
BACE1,490
KLF11,-1
NABP2,-1
ZNF326,-1
ERBB4,398
DHODH,134
ZNF845,380
PTP4A1,138
MEIS1,-1
SSH1,-1
CABLES1,164
NAGA,70
SIM2,-1
PPM1A,475
SYN1,-1
RPL41,-1
HNRNPU,-1
CFAP298,525
TKT,418
CHMP1B,-1
UTY,359
TMEM18,-1
PLAGL1,-1
PHC3,-1
ZNF518B,127
NR1I3,-1
KAT6A,605
DEDD2,-1
ZFHX2,459
CBLL2,-1
ARG2,608
SDCBP,-1
PARP4,521
LRRC41,393
STRAP,-1
ZNF773,-1
MAEL,-1
CHCHD1,167
ST14,-1
ZNF846,457
ATF4,-1
THOP1,-1
FOXD4,-1
GTF3C6,631
FN3KRP,-1
PHF5A,397
RND2,335
APP,520
DNAJC2,-1
MLEC,-1
PLPPR3,268
GMCL1,-1
RAB4A,620
TAL2,-1
FAM167B,148
SFXN4,136
NAA16,336
SLC17A5,280
KLF8,349
FOXR2,-1
CKLF,-1
STRADB,461
NXN,591
ZNF599,-1
H2AC17,-1
CXXC5,-1
SMARCD2,293
DNPEP,298
SMARCD1,304
MACIR,-1
MMP9,336
SYAP1,-1
SLC10A4,-1
APPL1,-1
PARP9,-1
HSD17B1,-1
SGTA,-1
ERICH1,482
SYCP3,241
ICAM1,-1
EVX2,550
EN1,621
BIRC2,-1
ZNF337,284
PPARG,-1
NDUFV2,584
ZNF670,-1
DYRK2,-1
TINF2,-1
EVA1B,-1
PGAM1,619
SLC38A2,-1
ALDH16A1,-1
IER2,-1
RPSA2,214
ERBB3,297
XRCC4,498
THNSL1,-1
EIF4G1,259
EIF4EBP1,-1
BABAM1,-1
C11orf68,309
MAFB,-1
TBX6,390
ZNF143,-1
USP3,-1
BICD1,-1
C17orf75,117
KLF16,122
AIM2,621
LDB1,-1
RSU1,-1
ATP1B2,-1
NLGN3,556
CCDC163,499
CBX8,521
KDM5B,-1
NANOG,-1
MRRF,-1
PITPNC1,-1
REC8,-1
BACH1,-1
FAM234B,-1
TARBP1,434
TUT4,-1
FOXC2,392
ZNF526,364
SLC27A6,447
ZNF668,-1
KCNK6,607
GPI,-1
TFAP2A,488
LAP3,-1
PPDPF,266
PLCB2,-1
TRMT1,319
BPGM,477
SPAST,-1
PNMA5,-1
HDAC4,391
GABARAPL2,100
SYDE2,-1
GLI1,-1
FOXO6,-1
ABCG1,-1
ZNF98,578
MCOLN1,283
DMRTA1,559
SPAG4,-1
NDUFA11,330
SLC7A3,-1
RPL22,18
RELT,-1
PFKFB4,28
MTRR,391
DEGS1,-1
METTL2B,-1
SERP1,334
PRMT5,-1
SCN4B,-1
DNAJC7,203
LEFTY1,573
CACNB3,174
RNASE2,-1
FKBP7,593
C1orf109,-1
HIPK2,509
POLD4,330
FLNA,-1
FAM200B,-1
TRIT1,-1
MEOX2,-1
NGRN,450
GLT8D1,-1
BRD3OS,301
MFGE8,304
MARK3,150
H2AC13,351
TRIP10,-1
ZNF282,551
COX6B2,332
HTRA3,398
WDFY2,214
CUL1,-1
DHRS7B,326
CHTOP,478
ZNF250,439
MECOM,-1
ARHGEF10L,585
GPX8,-1
NEXN,-1
C1orf198,-1
TLK2,-1
MED1,-1
POLE3,576
RAD1,-1
PFAS,-1
PAFAH1B3,551
TASOR2,-1
ECPAS,-1
APOBEC3G,-1
IDH1,-1
NEUROD6,-1
H3C2,233
SIX5,-1
ZBED2,295
CLOCK,-1
CX3CL1,248
EFNB3,-1
JADE1,345
TGOLN2,625
BCL7A,392
TRAPPC6B,160
MCMBP,568
PATZ1,-1
TBRG4,-1
TGIF2LY,-1
NCLN,194
TLX2,-1
RAX,212
FGD5,-1
GLS2,-1
SMS,309
CMTR2,-1
CCDC112,-1
RIPPLY1,-1
MAIP1,-1
NMRK2,-1
HAPSTR1,-1
MCRIP2,-1
HDAC9,-1
RBPMS,434
TSN,-1
RRAGD,-1
ROBO3,490
MAPK3,242
ITM2C,-1
MSL1,-1
SLC2A4,-1
GIT1,-1
GPAA1,447
NEMP1,-1
CIAO2A,-1
KIAA2026,595
ASB7,-1
SNAPC4,487
ORC3,-1
SP100,-1
CBFA2T2,-1
SIRT2,92
PFN2,-1
ZBTB12,196
MICAL1,342
H3-3A,-1
CREBZF,489
CES3,420
TMEM222,322
MAPKBP1,-1
BLOC1S4,192
BCL3,356
BCL9,-1
NSG1,475
GSTO1,99
SETD6,-1
CLEC2D,500
AMD1,-1
RIOK3,585
TMSB15A,-1
AKIRIN1,-1
KMT2A,-1
ZNF737,-1
TTLL9,170
ZBTB41,-1
GOLPH3L,319
PWWP3A,-1
CPEB1,444
PEG10,243
ZNF805,-1
HAP1,-1
GPR3,454
CCDC160,-1
BCAM,-1
ARPIN,304
ZCCHC12,-1
TOB1,465
JUND,260
PLXNA3,112
ZNF154,-1
TDGF1,264
TOP1MT,-1
TMEM123,-1
XPC,-1
ZNF32,-1
ZNF503,353
TUBA1A,-1
ENPP5,290
TUBB3,-1
PHTF2,-1
PIAS4,603
THAP3,-1
ZNF532,-1
ZNF446,-1
EEF1AKMT1,187
GSK3B,433
ZNF677,-1
HTR1B,-1
RNF10,239
CCNT2,366
SKI,147
MATCAP1,192
CYTH2,531
FLT1,295
LRIG3,190
DHTKD1,-1
SLC27A5,144
RNF207,34
KSR1,-1
TBC1D25,240
PRPS2,-1
E2F8,420
RAB3IL1,-1
FBXL3,322
TSPAN5,470
ILF3,551
ZNF189,-1
ZNF576,-1
TMEM237,-1
RFX8,-1
GINM1,401
ZNF624,313
ARMCX1,-1
DNAJC1,360
RUSC1,-1
DPP7,-1
IL17RC,434
CYYR1,-1
NR4A2,-1
NHLRC1,-1
WDTC1,167
DECR2,391
ZNF785,-1
HOXB2,489
DLST,-1
HNRNPCL2,-1
OXSR1,516
ZNF26,-1
CREB3L2,-1
PLD6,-1
ENPP4,336
CLASP1,213
CEP131,494
CENPV,349
PNLDC1,-1
DND1,-1
PROX1,-1
NTHL1,554
ZNF672,384
DAB2IP,-1
VTI1B,-1
ZNF586,-1
PDK2,-1
ZNF689,-1
BTRC,225
TMEM52,-1
PPP1R15A,-1
ZNF131,-1
FASTKD1,-1
ACTR5,-1
KCNS1,369
MRPL44,-1
ADAL,-1
MMP19,-1
SERPINF1,130
TMCO1,-1
IGHMBP2,-1
CRTAP,-1
TBPL1,-1
SOX6,-1
NDUFB7,-1
CAMSAP3,460
ZBTB47,166
CBX6,4
R3HDM1,558
PRDM16,93
S100A10,479
DHCR24,479
INTS12,56
RECQL4,-1
DENND11,351
KIRREL2,-1
ZNF19,-1
AXIN1,-1
TTLL11,-1
DNAJA4,290
BHMT,-1
AFF2,-1
LGALS3BP,3
YAF2,505
TAMALIN,441
SDHC,-1
NDUFA5,-1
H4C8,-1
ERCC5,-1
PCDHB3,-1
PTPRF,-1
NDUFS2,78
APOBEC3A,-1
CAD,626
HOOK2,136
RELA,-1
FOXA1,-1
RANGRF,-1
COG2,399
G6PC3,-1
OARD1,256
PODXL2,-1
F3,-1
CHRNA3,-1
RASSF1,-1
TRA2B,-1
ZNF157,-1
OVOL2,-1
CUL3,284
SCP2,-1
PLBD1,185
SLC29A2,461
ENDOG,-1
ZNF780B,-1
SAAL1,360
ZFP64,-1
KCTD7,-1
RAB5IF,551
HSD17B4,34
COQ4,329
ELMOD2,-1
PDXDC1,354
ZNF367,-1
ZNF699,338
PDCD10,467
ZNF525,258
CARMIL2,299
METRNL,321
SEMA4B,308
CHCHD5,-1
ITM2A,534
KHDRBS1,466
ENPP1,-1
MDH2,344
FST,347
ADCY2,-1
PKNOX1,-1
NAA80,-1
PPP3CA,-1
ZNF443,-1
MTHFS,-1
MEF2A,611
CDH24,369
CRTC3,418
TNFSF11,626
LGR4,-1
CCDC24,11
HOMEZ,207
MPV17L2,-1
PHF23,-1
ZNF692,505
MST1,-1
ZNF3,-1
FBXO28,631
TMEM54,-1
EDF1,-1
B4GALT2,448
DNAJB2,-1
SLC30A1,293
ADCY9,-1
DMRTC1,22
ANKRD63,-1
CHD7,-1
BATF3,-1
NT5C3B,538
SOX2,-1
ZNF780A,-1
TBC1D14,608
TRAF5,-1
ASCL3,-1
SMIM12,-1
SAP130,-1
UBR5,-1
MAP10,496
TUT1,-1
DNAJB11,-1
LMNB1,513
CCNE1,460
VAV1,-1
ESYT2,-1
GNG13,496
TMED2,-1
RPEL1,-1
RAP1GAP2,509
ATXN7L3B,-1
APBA3,-1
FAM83E,-1
IQCC,-1
PUS3,-1
TBRG1,313
RRM2B,-1
TRPM7,-1
FOXP1,-1
PC,-1
KIF22,-1
PICK1,-1
SEMA3F,-1
TIMP4,-1
NAGLU,-1
ZNF253,-1
ZSCAN32,-1
PCK2,-1
HOXA7,307
MIER3,48
PRCP,192
ZFYVE21,383
TSPYL5,-1
TERB1,-1
PAPSS1,462
KLHL31,470
ELF3,325
RPS6KA1,118
SYTL1,-1
MYO18A,-1
RAB15,471
MSH4,-1
PACC1,385
NUDCD1,-1
PLEKHG3,417
ZNF22,-1
STAT6,-1
CHKA,267
ZNF292,-1
SURF1,-1
HMGB1P1,-1
NDFIP1,130
KLHDC2,-1
MOB2,339
MTMR4,422
NALF2,-1
CTDSP2,-1
ATN1,-1
SRP9,-1
TMEM200C,197
NEK6,-1
ACTRT3,-1
DPF3,-1
INAVA,430
MEOX1,-1
PDIA2,599
ACBD5,355
GCNT4,-1
TULP4,-1
MRPL10,248
IKBKG,-1
MANF,-1
TNNC2,600
GPC3,-1
CCAR2,418
KLLN,-1
PRDM7,-1
MBD2,-1
ZNF718,-1
RXRA,-1
AMIGO3,-1
HSFY2,-1
CHRD,-1
SH3GLB2,-1
YIPF4,278
PLCG1,67
PPARA,586
CWF19L1,-1
MAP6D1,-1
COA3,-1
YTHDF3,580
VILL,-1
SLC31A1,397
LBHD1,123
OSR2,-1
NMB,120
AGPAT5,-1
PRDM9,-1
ASF1A,-1
RSPO4,-1
PMEPA1,325
CELF1,611
METTL22,-1
TRIM8,292
ST3GAL2,312
ZNF274,164
CISD1,-1
LRCH3,-1
RHBDL3,296
CDCA2,536
TMBIM6,-1
MIB1,-1
HELB,532
LZTS3,-1
TMEM151A,-1
RIC8A,109
SLC2A3,-1
FAM72B,-1
ST8SIA3,514
TAL1,188
RCC2,-1
EPHA8,13
NSUN4,-1
HOXA1,-1
SPEG,344
TTLL7,-1
SMARCC2,-1
RPL29,248
CEL,-1
SLC1A3,137
ITGA2B,-1
NFX1,-1
CERS1,151
ZNF585B,122
DUSP5,457
MON1A,-1
NME6,339
B3GNT7,184
PIGV,461
H3C10,-1
TBC1D7,-1
INO80C,247
CCDC51,252
NDUFAF8,156
SCAP,-1
LIPA,-1
ERLIN2,-1
SLC30A9,188
PGAM5,-1
TIMMDC1,-1
CCNC,-1
CRY2,-1
OBSL1,-1
IDO1,-1
SARS2,523
TPI1,-1
IFITM3,519
C2CD4B,-1
PABIR2,483
C1orf50,-1
PHOSPHO2,-1
CFAP36,-1
ABHD13,499
ATP2A3,-1
PIAS2,440
ZBTB32,593
GRIPAP1,-1
PLTP,613
MRFAP1L1,372
NEUROD2,478
SLC16A5,82
HIBADH,169
ZNF844,-1
PCDHB4,609
TRMT12,286
APELA,-1
CCDC96,59
MFSD3,442
GNL3,446
C19orf73,421
SEC24D,-1
PBX2,-1
CNMD,-1
OLIG2,-1
TLE4,-1
MPPE1,-1
TWF2,-1
USP9X,131
DCP2,-1
PSMD5,-1
ZNF676,359
ZNF155,-1
ZNF770,-1
BACH2,-1
FAM131A,176
SLC7A6,-1
SF1,-1
CCDC88A,-1
B9D1,-1
ASAP3,-1
DNLZ,-1
AASDH,-1
METTL17,527
CALCOCO2,85
YBX1,-1
TPGS1,-1
DICER1,-1
RETSAT,-1
MSGN1,-1
BPNT2,-1
QPRT,-1
NOTCH4,-1
TMEM81,-1
KLF2,-1
CLIP2,-1
TAF7,-1
TEN1,161
THAP8,391
RAD54L2,325
PSME4,-1
POLE4,-1
KLHL17,520
UBA5,434
TPM3,-1
MYT1,-1
PCMTD1,-1
AKAP12,-1
CNOT8,162
GYS1,-1
CD47,291
TMEM134,-1
GPR107,336
STMN1,616
SLC22A5,50
CNOT6,-1
RPS6KA5,-1
DNASE1,-1
CHMP4A,438
ZNF501,366
ZNF112,-1
CNPY3,498
RUNX2,-1
UNC5B,128
EZH2,-1
GLI3,307
GPR176,367
PPP4R1,179
TRAF3IP2,285
MT-ND1,193
HMOX2,-1
C15orf62,329
RNASE8,-1
APOE,-1
CDY2A,-1
MEIS2,-1
ZNF781,-1
ERO1A,350
LIN7A,-1
ZNF396,431
CSF1,-1
GNB3,-1
ADCK2,409
DPP9,-1
KRTCAP3,574
ABCA2,-1
AMDHD2,423
MAP3K10,301
H1-1,-1
PSRC1,-1
TPD52L2,-1
CR2,533
DELE1,496
N4BP2,-1
ELK3,-1
DDRGK1,70
SCO1,525
NUDT1,-1
TCAIM,-1
SLC39A4,-1
DNAJC5,-1
GPM6B,-1
VANGL1,294
HYCC1,200
PITPNM1,-1
STK10,-1
KLHL21,224
ZNF585A,-1
UBE2R2,-1
SMIM29,-1
CTAGE1,-1
SLC45A2,-1
LHX5,-1
CCDC34,-1
ATOSB,-1
NOLC1,-1
ANAPC16,-1
ANTXR1,-1
PRKAR1A,305
FUT11,-1
CFAP157,435
ZGLP1,-1
MFF,575
COMMD9,-1
RARS2,493
HADHB,-1
LACTB2,-1
IQCB1,-1
H4C14,-1
ZNF486,-1
KLF1,-1
PRRC1,320
ALX1,-1
AMT,-1
ZNF839,-1
DLX6,584
FAAP100,-1
TERF2IP,-1
TRDMT1,-1
ZNF333,-1
MGAT5B,583
LYNX1,531
MFSD13A,345
ZNF432,590
GM2A,224
TIPARP,403
SLC38A7,-1
GYG2,-1
APOBEC3D,-1
ODF2,-1
RTL6,-1
KDELR1,-1
WDR90,100
SELENOF,449
NRN1L,-1
DVL2,-1
ARPC2,-1
RMND5B,-1
PSME3IP1,-1
SNX11,439
OSBPL1A,-1
RASA2,-1
CTNNAL1,-1
H4C12,-1
RAB11FIP5,350
GNRH1,-1
EMD,475
UGT3A2,-1
ISOC1,-1
DCTD,-1
ZNF831,164
CREB3L4,-1
ZNF14,-1
TUFM,-1
ZSCAN20,-1
PCTP,-1
ANGPTL2,-1
ATRX,-1
TMEM256,-1
ARFIP1,-1
SUOX,-1
EIF2D,374
RBMY1A1,-1
FUS,385
ZNF707,207
CTNNBIP1,479
ANG,-1
DNM1,-1
TOP1,-1
EMC7,-1
FBXW11,-1
WASHC2C,-1
AFF1,-1
CXCL5,-1
DHX32,-1
H4C6,-1
ANAPC11,-1
ZNF721,404
SHH,-1
LIMA1,-1
MDFIC,-1
OCEL1,-1
ATG9B,-1
ALKBH4,-1
SLC38A4,-1
EED,-1
UAP1L1,-1
ARRDC2,-1
PRSS50,608
TSNAX,302
PIP5K1C,44
LMBRD2,-1
SPIN1,406
AGAP6,133
SLC25A35,146
TNKS1BP1,-1
MAPK11,311
DEPDC1,303
POU6F2,161
ZNF268,-1
PIP4K2C,-1
INAFM1,-1
PSD,-1
MARS2,-1
ERCC8,-1
PRKAG1,-1
TFRC,254
TFAP2C,-1
HSFX4,-1
SP5,-1
PDLIM5,422
PTGIS,-1
ZIM3,-1
DLX3,-1
SEC31B,533
SLC27A3,338
PARP3,395
GEMIN4,575
USB1,-1
MSL3,497
SLC2A14,-1
CNST,459
GOLT1A,-1
VARS2,-1
ZNF385A,233
TDRD1,-1
ZDHHC24,-1
ZNF497,-1
TFAM,630
ZNF93,-1
RBL1,578
TUSC2,549
AGER,338
UBE2NL,-1
TYSND1,-1
GOPC,310
PTER,-1
SEPHS1,-1
ZNF616,504
H2BW1,-1
RAB32,473
ASAH1,-1
ZNF652,584
GK3,174
STXBP1,499
CERS5,-1
NPIPA8,-1
C1GALT1C1,-1
GCDH,-1
NCOA1,455
DSEL,-1
EN2,341
EMX1,381
ATOH8,606
DEF6,519
ORMDL3,222
UBE2H,-1
RNF185,-1
KIAA1191,291
ZNF711,212
RABAC1,-1
ZSCAN1,-1
BRICD5,543
GOT1L1,-1
LCAT,-1
SUCLA2,439
WFIKKN1,-1
IDH2,-1
RFX1,631
AP1B1,425
SPECC1L,-1
PDLIM4,-1
BCAN,-1
PGAM2,60
HMGB3,258
MCFD2,-1
CABP1,96
TMEM229A,-1
PPIP5K2,544
MLX,-1
ZNF18,-1
HDAC8,-1
PIGS,-1
CGAS,-1
ZNF433,-1
ZFYVE19,-1
CLPTM1,151
KCNC4,-1
DDX19B,488
FAM241B,-1
SYT11,525
MRPS9,-1
ZNF142,-1
PHYKPL,-1
MBNL3,-1
MKX,-1
TIGD4,-1
PCDHB2,300
TCF7L2,509
MSLN,-1
HOXC4,-1
SHF,17
ACYP1,-1
L3MBTL4,-1
HIC2,-1
ZNF101,239
SMARCE1,-1
TNNC1,67
NUP35,600
HMGXB3,-1
TRIO,5
MLF1,-1
PLXNB1,221
PXDNL,-1
GNPDA1,186
POGLUT2,-1
PTPN13,277
PHF19,295
TBR1,431
ZNF724,-1
CNPY2,507
RCN1,-1
ZBED6,592
FAM222B,-1
ZNF772,149
SH3D21,-1
ZNF568,162
FIZ1,-1
PER3,237
QPCT,-1
SDC4,-1
ZNF232,-1
RNASET2,-1
ETV6,-1
HOXC13,43
FBXW8,-1
ZKSCAN7,-1
ZNF430,576
RNASE4,-1
SMARCD3,293
RIPK2,-1
STAT2,284
PPP1R3F,65
ZNF627,210
LYSMD1,-1
FSCN2,-1
RXRG,-1
SLC35A2,73
CSNK2A2,-1
UBE2Q2,-1
SLC25A25,448
SCAMP3,78
SLC37A1,-1
GPSM1,361
CRLS1,139
CFAP126,430
RGS2,-1
QRSL1,584
RGS12,-1
RBM26,-1
ZNF610,-1
ZBTB18,-1
HM13,-1
MCIDAS,492
FTO,209
TUB,325
C1orf74,-1
ELF2,190
THAP11,-1
TRUB1,452
ACSM5,-1
EDARADD,168
NFIB,-1
DERL3,-1
NKX6-1,-1
ZNF490,-1
CBFA2T3,-1
SSR3,-1
PURB,-1
LDHD,174
FAM131B,-1
GPC2,329
TESMIN,-1
GDF3,-1
KLHL9,-1
SLC4A1AP,-1
MBIP,-1
RAB8B,-1
PPCS,212
C1QL2,278
RABIF,403
ZC3H3,-1
NUDT16L1,-1
POLR2J2,-1
HESX1,-1
ERI3,207
ATP5MC2,578
PAIP2,336
CCDC127,137
G3BP1,-1
STC1,-1
SCNN1D,627
S1PR1,435
WIZ,-1
GTSE1,-1
TAF9B,-1
MMP15,-1
IL18,364
MTRFR,-1
RIT1,-1
TEX2,-1
NPTXR,616
NT5C3A,163
SCCPDH,198
TNPO1,-1
NAGK,154
NSUN3,233
MAP3K1,393
HELLS,-1
PAX5,-1
UBE3A,-1
PGAP4,-1
IRS4,-1
SCAMP2,137
KLF17,302
RNF19B,100
ADPGK,-1
FAM8A1,-1
SMIM24,-1
PBX3,-1
DTWD1,549
KLRG1,-1
SLC38A10,-1
RTL8B,356
TMEM94,-1
H2AC7,-1
KIAA0319L,-1
MRPS7,-1
TMEM167B,444
STC2,-1
NCOR1,-1
CD79B,-1
ZNF135,504
GADD45B,251
APPBP2,104
GLYR1,-1
WWP2,577
ZNF626,385
DOK4,411
ENTR1,-1
METTL23,-1
DBNDD2,-1
MYB,-1
POR,286
ZNF571,-1
HSP90AA1,344
DDX1,504
CTPS2,-1
TYMS,337
TCEA1,580
UNC5D,560
SHOC1,-1
PARK7,-1
PPM1J,66
NXT1,557
DGUOK,-1
PROSER2,-1
DYNC2I2,-1
NAB2,-1
DXO,-1
GTF3C4,442
ACADVL,438
CARD11,-1
GSS,-1
LRRC32,-1
RSAD1,-1
SIPA1L3,560
RARB,-1
HELT,-1
STX7,272
CC2D1A,162
TAFAZZIN,319
CDC25B,-1
RAB40C,72
EEF1AKMT3,68
NPAS2,397
ALDH5A1,354
MACC1,-1
HLX,-1
CDK5,-1
WARS2,-1
HOXA4,265
ZNF133,-1
ADD2,466
ZNF705D,-1
NELFB,562
ERLEC1,-1
ARHGEF19,-1
COL7A1,35
LPIN2,391
TFCP2L1,-1
KDM5A,-1
MYRFL,-1
ACADS,453
CLASRP,563
EPC1,-1
ZNF468,214
LYRM9,26
KCNA6,292
IFI30,-1
MMP2,621
IGDCC3,-1
LIPT2,-1
WDR86,420
ZNF436,-1
NFATC4,410
TCEA2,-1
MRPS2,-1
L2HGDH,38
SH3D19,72
SLC39A3,-1
RARRES2,-1
ITPRIP,-1
NEK2,-1
HEXD,434
DEF8,-1
TFDP1,-1
CHURC1,439
SSTR1,261
STAT4,-1
MYL12B,33
TMEM219,481
TMEM70,334
NR1D2,410
HOXD4,223
INO80E,-1
LONP2,123
H2AJ,576
CFP,-1
NR1D1,560
ALAS1,-1
TMEM147,544
COL9A2,6
RFX3,531
HDAC3,632
DAZAP2,-1
CCDC77,236
PHACTR4,-1
SLC26A6,-1
ZNF284,-1
ZKSCAN2,246
ZMYM3,-1
FKBP8,139
NPIPB3,447
SPIC,-1
XIAP,194
SEPTIN10,-1
CHST13,-1
ZNF84,-1
ZNF888,251
ZNF790,-1
PPIA,398
DENND5A,429
MTMR12,166
PABPC1L2A,-1
GLIS3,-1
CRB2,343
RNASEH2A,489
COQ2,204
PPOX,193
IGF2BP1,-1
UBE2K,-1
ING5,-1
EEF1A2,-1
LAMP1,217
FLI1,-1
CD177,-1
CCNI,-1
FGFR3,-1
CCND2,-1
VEZF1,359
KCTD19,-1
SIX2,92
PVRIG,-1
FOXP3,-1
GNB5,189
INKA1,357
MLXIP,-1
AIFM1,-1
RINT1,198
RASL12,-1
AEN,-1
EPB41L4B,-1
MED15,-1
TRPS1,-1
RHNO1,-1
PNMA6A,347
TEX45,-1
MRPS27,-1
DOC2A,-1
RNF167,593
C4orf3,497
ATRAID,-1
DPH6,-1
ZNF365,-1
SETBP1,458
EPS15,-1
PRDM4,-1
TMEM254,335
UBA6,471
TLR3,349
TNFAIP2,-1
PEX12,-1
UMPS,-1
WWTR1,-1
MED11,-1
DENND10,-1
CSKMT,-1
NRIP2,-1
LIF,516
CEBPD,209
MCU,369
EIF5,602
FN3K,-1
NFATC3,-1
PHF6,-1
MAMDC4,597
KCTD1,-1
B4GALT6,219
SLC25A13,17
PIWIL1,241
CALCOCO1,588
TOMM40L,344
ANXA5,-1
VAMP3,-1
CENPT,-1
DENND4A,-1
RIMKLA,169
U2AF1L4,393
GNAS,237
RGMA,134
ZNF620,-1
POU2F1,-1
GLRX2,-1
CASTOR1,-1
CD164,-1
PALS2,162
NFKBIE,-1
FOXR1,-1
FOSB,584
GCLM,-1
ZNF561,-1
ZNF653,-1
TASOR,-1
SELENON,344
OTP,-1
IRF4,-1
FAM171A1,-1
C8orf33,478
ZNF425,-1
ZNF350,-1
ARRB2,556
METTL21EP,498
SEPTIN9,451
PTPRS,449
RNF213,-1
SUPT4H1,610
DCLRE1C,-1
HPS4,300
HTRA1,-1
MPZL2,273
SLCO4A1,510
ZNF275,-1
PPP1R16B,-1
C14orf28,195
ZNF583,-1
KLF3,125
TCF24,585
SATB2,-1
COX7A2,-1
EEF1AKMT2,-1
FKBP15,-1
TMEM106B,-1
HIVEP1,-1
ZNF493,537
FASTKD3,624
TEX19,401
SREK1IP1,-1
WDR45,190
SLC25A24,417
CC2D1B,222
ZNF107,-1
CCNJL,-1
POLB,-1
RECQL5,-1
FAH,-1
USP22,532
PIAS1,-1
LIPE,-1
GPX1,-1
ARHGEF12,106
PML,592
GCSAM,472
SAP25,-1
KAT7,-1
FAM110D,506
FBXO34,326
CREG1,-1
NTMT2,-1
POM121,573
YTHDF1,-1
A4GALT,-1
SNX17,345
MMP25,222
MTR,-1
TMEM185B,-1
MTERF4,251
SCRT1,-1
JAK3,283
PLEKHG2,628
LRATD2,-1
WTIP,-1
SERINC1,477
PDCD2,-1
MRPL53,192
C2CD2L,-1
GFI1B,-1
OGFRL1,177
ZNF449,599
RBMS1,376
DPH5,-1
VPS26C,172
TCEAL4,457
ZCCHC4,209
ZDHHC8,338
FAM72D,-1
ITPA,-1
ECHDC3,604
NID2,133
PTPN14,588
GMPPA,277
CERS3,-1
NMUR1,-1
FSTL1,403
ZNF621,528
ZNF182,462
PPP2R3B,558
EOLA1,-1
MUS81,496
DBNDD1,-1
USP49,-1
TRIM32,325
ZNF821,-1
TARBP2,-1
PHC1,-1
LEMD3,99
ENG,120
CYB561,429
FBXO31,-1
C22orf23,199
C19orf44,562
RUFY3,17
BMF,-1
SLC25A44,292
ZBTB44,-1
ZNF665,-1
ZNF195,471
CADM3,-1
POU4F3,-1
KLF9,-1
ZNF280A,-1
MED26,-1
BFAR,570
P4HB,-1
KANK3,389
AP4B1,-1
MOAP1,-1
TRERF1,161
RAB29,417
DNAAF3,271
GRN,454
GOLGA6A,368
CEP19,56
NUDT7,-1
CHMP4B,602
MIIP,594
GNS,-1
ZNF763,524
POLM,-1
MFSD5,83
RAMP2,-1
KISS1R,190
NNAT,-1
ZUP1,233
DAGLB,-1
RNF182,-1
ZIC5,-1
ERV3-1,-1
ARMC6,526
TMCC2,-1
HDAC1,-1
KRT8,-1
ABCC10,-1
ZBTB9,-1
RBM4,-1
YBX3,-1
CDK8,-1
NCCRP1,-1
ZNF518A,-1
SGTB,-1
FEV,418
TRMT10C,258
MTG1,236
SMARCAL1,-1
ECEL1,-1
INHBE,353
NKX6-2,596
COLGALT1,399
LIMD1,481
ARRDC1,-1
PCOLCE,339
TPGS2,-1
SRD5A3,-1
SYT13,528
PIK3R2,543
TNFAIP1,-1
SVBP,-1
OXER1,122
TBL1X,-1
DPRX,318
TPRX1,-1
FLT4,-1
KLC4,356
FASTK,-1
RBM18,-1
FAM72A,-1
TTC9C,396
HMGXB4,-1
PARP11,-1
RPS6KB2,181
KPNA4,148
CYFIP1,273
SH3BP5L,425
TMBIM1,-1
TULP1,-1
TMEM60,-1
IRGQ,-1
CNNM2,85
ZNF625,166
GXYLT1,363
OTX2,-1
ERF,-1
SCYL1,-1
SMC1A,-1
DCP1B,600
CBLN1,-1
ACTA1,-1
ZDHHC9,-1
CYP2U1,52
CMTM6,47
SMARCA1,161
VASH1,273
SPAG9,106
MESD,336
ARFGAP3,62
KCNF1,-1
RLF,-1
C17orf107,478
KREMEN2,235
PCDHB16,562
C19orf25,-1
COA6,-1
EBLN2,211
ZNF90,600
BTF3L4,127
SP8,-1
POLR2M,-1
H2BC4,242
RABGAP1,442
MTARC2,333
TMEM41B,-1
KIF3C,-1
TSSK4,230
HELQ,-1
BCOR,598
ARID4B,146
NFIX,506
FHIP1B,-1
PNKP,-1
CBX4,385
DPF2,-1
TRIM21,-1
ALPG,360
TRIM6,-1
MYG1,-1
ASCL1,-1
TRIM13,40
CPLANE2,131
PPP5C,-1
MGAT2,236
RHOXF2,-1
SCML1,-1
NSUN5P2,-1
TPM1,-1
TCF23,-1
TRMT1L,585
AARS2,-1
ZNF611,551
MUC1,124
ZBTB25,632
CACUL1,598
ANKRD30A,164
CMIP,244
PTBP1,-1
TMEM190,-1
ENO3,446
ITPR3,-1
H2AC25,-1
R3HDM4,279
PHETA2,-1
SAMD4A,-1
SLC22A31,-1
RNF175,215
PRRX1,-1
NUP188,-1
ARHGAP27,-1
ZNF548,-1
RAD23B,-1
UNC13D,-1
KIF17,85
HOXA3,-1
SIRT3,-1
HTT,261
LOXL2,-1
CFL2,590
ZNF224,-1
FHL3,-1
PARP1,-1
GALT,-1
TAT,-1
MSH6,-1
SNAP47,-1
RAI14,-1
ZNF569,58
MSN,114
TSPAN2,-1
PCYOX1L,149
FAM199X,-1
SERHL2,42
TSC1,235
C16orf87,-1
MVB12A,-1
COPE,620
MYL12A,-1
SMPD4,186
PGBD1,-1
WASHC5,606
LRRC4B,113
PDE6G,27
ZNF488,241
RCBTB1,-1
GPR89A,-1
DNER,-1
EMC8,-1
SMYD1,-1
IKZF2,461
VDAC3,-1
MOSMO,-1
TMEM169,-1
MLYCD,402
CCND1,-1
SOWAHD,-1
LEUTX,-1
ZNF641,-1
RNF13,601
GSC2,-1
PTPN6,-1
NLGN4Y,166
CIART,260
SHARPIN,-1
PHLDB1,-1
GNG4,-1
ZFP36,380
HIGD2A,141
PACS1,470
GET4,94
XBP1,424
NDUFA10,-1
LRRC75B,340
DUSP22,-1
PKM,-1
COX11,329
DUSP9,42
ALKBH6,248
XKR8,-1
ZER1,332
TRAK1,-1
BLOC1S1,160
PRM1,349
CCNQ,384
TAB3,237
TXNDC17,-1
CELF2,-1
PAQR9,-1
SLC2A10,-1
FABP7,538
USO1,-1
PJA1,-1
POLG2,588
NNMT,76
TRIM3,-1
TTLL2,-1
ZNF878,-1
FAM117A,575
ROMO1,-1
NAP1L4,64
FBXL19,-1
SPINT2,463
NKX1-2,462
MRPL49,-1
TSPYL4,386
ING2,555
FBXL14,51
ZNF512,-1
URI1,-1
TCF3,582
TSSC4,-1
KLK13,-1
ALDH1B1,-1
NINL,405
WHAMM,-1
PKN1,494
TCF19,-1
FKBP14,133
TRRAP,-1
CTDSP1,310
TGFB1,568
YWHAG,279
SERPING1,-1
SAP18,445
BCL11B,210
PDE6D,-1
PRKD3,117
SOX10,-1
MT-ND6,426
C11orf98,183
AMIGO1,214
RBBP7,-1
CA2,6
TRIOBP,331
IFRD1,-1
ATF7IP,-1
LLPH,-1
CPHXL,53
MAP3K3,105
GDI1,-1
ZNF302,-1
PEX19,450
CHCHD2,54
ZNF567,-1
NDFIP2,610
SLC16A14,391
KCTD5,-1
ZBTB38,-1
POMT1,277
RTL5,270
LRRC40,-1
KCNIP2,-1
TOX2,-1
CIR1,170
PNMA6F,465
ZNF814,-1
CHD1L,-1
FEZF2,-1
CBR4,-1
TLR7,-1
MRTFB,-1
USP46,-1
ISG15,421
RNF11,-1
SLC19A3,115
HOMER3,-1
MYCL,-1
NUDT9,-1
MSANTD2,120
SLC7A8,-1
ZNF83,-1
VCAN,370
ANKRD27,-1
PJA2,-1
ZNF304,242
ELP1,-1
CTSH,351
SELENOH,-1
BOLA3,446
CASZ1,-1
HOOK1,332
H2BC17,-1
EIF4E2,330
NUDT3,56
MTERF1,635
DYNLT2,-1
MFSD2A,149
CASTOR2,-1
TMEM86B,-1
MIX23,-1
ZMYM1,-1
H2BC6,-1
H2AC14,366
HERC2,-1
AMMECR1,42
VMAC,216
GOLGB1,-1
HARBI1,-1
TATDN1,-1
POMC,-1
GMPPB,298
CLSTN1,-1
ZFHX4,-1
ZNF385B,460
DSE,-1
FOXL2,-1
NADSYN1,-1
NT5DC1,133
C2orf15,143
ACTR1B,-1
TRIB3,-1
RAB8A,319
TMEM129,-1
H3C13,54
DUSP14,-1
ADRB2,-1
ASL,-1
ZFAT,-1
IFI16,566
COX19,581
ANP32E,-1
TRIM71,262
ATF7,-1
AGO1,-1
PTPMT1,53
ADAM19,129
APCDD1L,469
HUWE1,-1
LMF2,-1
NDRG4,-1
EYA4,-1
SRF,-1
P4HTM,-1
ARHGEF9,-1
HAPLN3,381
SMURF1,217
ARPC5,-1
NRXN2,-1
DPM3,399
TRIM56,314
AFDN,86
STYX,287
TBX10,214
MSH3,291
KTN1,500
LARP4B,-1
SKIL,263
THAP1,493
CCNJ,-1
ELMO2,-1
SRP14,-1
MNT,276
OST4,577
SYNGR2,-1
SMIM1,318
HES5,-1
GABPB1,-1
MRPL40,-1
ZNF382,439
FARS2,-1
KCNN1,10
GATC,244
VMA21,-1
TLE2,-1
ZIC4,-1
DNAJB12,8
MIF4GD,498
TP53BP2,-1
DFFA,-1
ZNF749,-1
SPINDOC,-1
AKAP11,391
HMBOX1,390
ISL2,278
COX8A,-1
SAT1,-1
ABHD16B,183
HSPH1,283
KLHL7,-1
PNPT1,-1
BCR,-1
TOR1AIP1,-1
NR2C2,-1
APLP1,-1
IGDCC4,-1
POU1F1,-1
NFILZ,-1
TMED4,471
NFE2L1,256
ZMAT4,91
TRMT10A,-1
MARK1,37
SMIM20,-1
ZBTB8B,-1
ZFHX3,-1
THUMPD1,-1
C16orf86,-1
YBX2,-1
MICU2,58
ABRAXAS1,-1
CLDN5,-1
RBM47,120
CALM2,-1
KCNH2,-1
STRIP2,-1
E2F3,-1
RWDD2B,586
DHX57,-1
PYGM,-1
ARL6IP6,-1
TMEM109,355
SLC38A1,-1
FDX2,-1
POLL,-1
NDUFB2,-1
CPNE7,185
APPL2,-1
DNAJC3,49
FAM124A,-1
MFSD6L,383
RUNX1T1,-1
COX5A,251
IL11,-1
CEP57,-1
SLC2A4RG,-1
INPP5B,584
ZNF492,469
SIGMAR1,222
SPRYD4,213
ARF3,-1
ARMC8,-1
CPNE3,66
BNIP3L,379
FKBP1A,-1
GOLGA8B,395
FERD3L,623
TTYH2,469
CDK9,223
HEXIM1,474
ZNF267,582
CDC42EP4,177
PSORS1C2,422
TMEM9B,3
PITX1,-1
SEPHS2,-1
STAMBP,-1
PGAP2,-1
ENOPH1,542
SLC18A2,551
GYG1,185
SDC2,-1
OXTR,447
SMIM30,-1
RALA,259
ZNF165,-1
SRRM1,428
SCARA3,-1
PGAM4,-1
ZNF439,-1
EGR2,-1
COL4A1,146
SOX11,-1
TBL1Y,541
GPS2,218
TSHZ2,-1
SH2D3A,370
ZBTB1,-1
KCNK5,-1
SPECC1,232
PTX3,278
QSER1,214
NUDT14,89
UQCC1,-1
ACAP1,-1
AFF4,253
SERPINB6,97
CPEB3,-1
MTMR9,582
ZNF230,-1
H2AC4,-1
CLN3,-1
FBXW9,484
MORF4L1,-1
ZNF615,147
BHMT2,-1
ZSCAN25,-1
MT-ATP6,-1
COIL,467
PIK3C2B,441
MT2A,-1
COMMD6,469
RIC8B,-1
PPRC1,421
GALNT12,549
AP2S1,-1
MRPL54,-1
HABP4,509
RNMT,-1
ZSCAN31,-1
CAPRIN1,-1
INPPL1,-1
SULT4A1,-1
H4C13,-1
ITGB4,15
NIT1,305
SEMG1,309
GLA,-1
FRAS1,512
METTL6,-1
FUT4,297
ARMCX2,222
TEAD3,209
ARL5A,-1
FES,-1
SIAH1,-1
HNRNPD,-1
PRKACG,-1
TIA1,600
ZNF311,528
COX17,-1
GLOD4,-1
GTPBP2,-1
PRDM8,-1
SHISA2,63
H4C5,514
H2AC6,-1
ZSCAN29,-1
PAXX,-1
JADE2,-1
ZNF227,611
TUFT1,-1
PDSS1,-1
PGRMC1,160
SHISA3,336
LRPAP1,-1
PKIA,454
SSTR2,-1
ANXA9,483
ETFB,464
IKZF5,-1
KLC3,-1
ECSIT,240
H1-4,-1
PRRX2,-1
TIGD1,220
ZNF613,302
LDOC1,-1
ALS2CL,393
ZNF317,-1
CCN1,582
HLF,-1
NAP1L3,277
RHOXF2B,158
IFT122,465
IFNAR2,129
TMEM79,59
H2AZ2,-1
PABIR1,-1
SPRY4,-1
DMRTC2,-1
ACSM6,-1
TTC21B,-1
SSRP1,410
LRRC73,-1
C6orf136,-1
MRPS34,-1
MTMR6,158
TOM1,-1
UXT,352
RNF17,-1
ADD1,-1
HMCN2,40
PRKRA,-1
ZYG11B,-1
SAMHD1,-1
GMEB2,446
NUCB2,-1
SNX2,-1
ERFL,-1
ZNF804B,241
INO80,-1
ZC3HC1,-1
EPM2AIP1,375
SENP1,493
MAP1LC3B2,391
YBEY,-1
BAG3,33
EDEM2,-1
BAG5,-1
SLC8A2,-1
NFE4,-1
C3orf18,339
AP5Z1,-1
NPAS1,164
ECSCR,-1
ZNF410,-1
HPS1,509
TULP2,221
PRSS27,-1
KIT,445
DPP3,235
H2BC8,-1
EXO1,282
FBXO11,358
CPNE9,454
UBP1,-1
GNB1,-1
COL26A1,-1
SELENOO,-1
GFER,202
PFKFB3,504
HNRNPH3,-1
H2AL3,-1
PIGW,255
RAX2,529
TARDBP,354
DST,-1
GNG2,-1
MORN4,42
OSBPL8,-1
PRRT3,-1
H4C9,-1
SRSF11,-1
CCDC93,-1
SOX30,210
DMRT1,395
VPS11,-1
B4GALNT3,111
TNFRSF10B,-1
H2AC16,-1
BHLHE41,-1
TBX5,162
PDX1,-1
CHST15,295
TMEM69,140
DNAJC16,-1
HOXB8,-1
IZUMO2,-1
DOLK,-1
TP53I13,243
TMEM59L,-1
SHLD2,416
HDAC10,-1
AKAP5,-1
PAX6,233
EPHA2,308
NOTCH3,521
COX14,-1
EBF3,91
TSPAN14,-1
RNFT1,-1
CMTM4,634
NPW,491
RBM3,358
NKRF,-1
H2AC20,-1
MEST,136
HOMER1,-1
MRPL17,544
CEP43,306
PCNX2,620
EPB41L1,95
BEND4,470
SPRED1,108
SMPDL3B,-1
ARF4,469
DUSP16,129
SMC1B,-1
MRPS36,333
LZTS1,317
MRPL4,-1
NDUFB4,365
UGT8,202
MZT2B,-1
RNF187,-1
NFYB,257
ACSM4,-1
GRAMD1A,-1
RFXAP,-1
LBX1,-1
PRKX,438
KDM1B,-1
HMX3,513
ASPHD1,434
PDS5A,-1
RPRD2,-1
ZNF124,-1
PAAF1,383
VSIG10L,-1
ISLR,-1
TMEM126B,-1
PHF3,-1
MAML3,92
CDKN1A,-1
UBE2S,565
NBR1,-1
ZFAND5,-1
PTMS,551
RUNDC1,-1
NDUFB10,-1
PDLIM7,333
CABLES2,-1
SNAI1,-1
NEUROG3,210
GOLGA7,79
H2BC12,-1
C1orf56,-1
TAF4,358
RTN4R,-1
PRKCG,418
FBXW4,490
IL17RB,354
LHX8,-1
THBS2,369
PIPOX,365
DDX31,329
CHST3,-1
GABRE,10
CAND1,402
USP42,265
TAC1,-1
VENTX,-1
CHD1,-1
PYGO2,-1
ZFP36L2,-1
CFAP418,-1
GNG14,-1
OPTN,-1
PAGE4,-1
ZFTRAF1,355
POU3F3,347
OTULIN,-1
FKBP10,-1
H2AX,277
ITGA3,456
ZNF575,-1
TRMT61A,-1
FABP3,549
DNAAF2,-1
SMARCA2,-1
CCDC184,623
DAPK3,-1
ERG28,-1
ZNFX1,-1
MTFR1,52
RAB42,-1
ARFIP2,-1
RUNX1,-1
ASRGL1,57
ZNF416,-1
GPATCH11,-1
RALGDS,599
HR,496
AKNA,487
SRSF2,449
SEPTIN11,-1
REP15,-1
ADCY1,552
TPM4,-1
AACS,-1
BECN1,287
THEM6,-1
RPA3,187
CLIP1,-1
QSOX1,-1
JPH2,-1
MTIF3,-1
USP32,596
PNPO,-1
LCMT2,-1
NODAL,-1
FAM76B,600
GPATCH3,584
SH3GL1,559
ZNF134,-1
B4GALT3,-1
ADCY5,519
PIP5K1A,344
ARL8A,160
TGFBR1,265
MMRN2,-1
STEAP2,553
CANX,87
ACACB,-1
AEBP2,-1
ZBP1,-1
EAF1,-1
REX1BD,142
CDK11A,-1
DRAM2,525
HFE,-1
PCSK7,562
GFI1,170
LAPTM4B,-1
SOX14,-1
KIF11,427
XXYLT1,261
KIZ,-1
TFDP2,-1
CSRP2,-1
MORF4L2,263
HNRNPA2B1,636
ALG13,-1
SRPK1,272
TMEM208,-1
RIDA,379
ZNF705A,418
SESN2,366
GLDC,244
EPB41L5,242
ST13,-1
RNF181,84
MEAK7,-1
RSBN1L,265
NOL9,290
UBXN8,373
RMND1,-1
ZBTB20,591
PAX4,544
UBA7,391
HSF4,-1
LBH,-1
CLU,393
SP2,-1
TRMT61B,-1
ARHGEF25,-1
PEX13,-1
ABL2,-1
RAB31,351
APOBEC1,-1
ATXN10,-1
KRT19,-1
FBXO27,600
H3-3B,615
UBIAD1,-1
GCM1,-1
TIMM10B,-1
IRAK4,-1
WDR54,-1
TRIM46,-1
ARID3B,261
USP34,1
PRIMPOL,-1
GPRIN2,-1
GRHL1,-1
MYNN,604
TOP2B,260
MAP2K4,59
FNDC11,-1
CNOT7,-1
ZNF114,-1
MMP14,-1
PRDM2,-1
TDG,391
CYB561D2,362
MDC1,-1
MAGED4,-1
TTC31,-1
PIP5KL1,-1
SAC3D1,637
CLDN15,45
ZNF330,474
JKAMP,506
UFC1,358
TCEAL1,130
HCN4,424
MT-ND3,535
VASP,163
IZUMO4,-1
SLC25A5,-1
PAK6,620
B3GNT2,-1
ACVR1B,562
CCDC153,-1
EFR3B,-1
DNM1L,-1
H2BC21,-1
EHD3,52
GRB2,-1
NECTIN3,389
KIF5C,-1
PPP2R1B,-1
UQCRHL,-1
PCYT2,-1
ABCF2,454
KIF1B,-1
DUXA,-1
NECAP1,283
SLC12A7,499
BCL2L10,533
CARD10,-1
SCAND1,-1
GAL3ST3,346
BMP2,506
GATA6,-1
FTCD,513
SLC30A3,-1
ARHGEF11,-1
RBL2,-1
ERBIN,159
UNK,-1
FKBP9,-1
NR4A1,-1
WRN,628
HMGA1,601
CTSV,604
MYH14,255
MAML2,435
TMEM17,227
FLCN,-1
COPS7A,-1
NAA40,-1
RBM12B,-1
TAP2,-1
FOXD4L6,-1
NDUFB11,421
VHL,130
NIPAL3,-1
BAMBI,201
LMAN1,-1
PRMT2,-1
ZNF708,196
KCNG1,274
PIERCE1,28
DZIP1,568
PRMT6,-1
ANKFY1,-1
TMED1,-1
KCNK15,515
SCG3,217
RNASEL,-1
ZNF865,-1
GABRG1,609
SLC12A9,295
NYNRIN,-1
FAM111A,-1
SAMD4B,-1
WARS1,-1
ALS2,291
CYSRT1,-1
SUV39H1,-1
MED23,-1
AMOT,64
TMEM249,211
ARSD,-1
HOXC9,594
CAVIN4,-1
ATF6B,615
DDX39A,-1
TOMM5,-1
H2AC15,406
WRAP73,338
SMIM26,634
MAML1,586
H2AC19,-1
TUT7,318
IER5,-1
ATXN3,-1
PNMA1,-1
HADH,552
EFNA1,368
PABPC5,-1
TP63,-1
PUM2,-1
AGPAT2,-1
GJA1,225
ZNF529,112
TMTC4,-1
MRPL58,315
SLC35A5,-1
SLC4A7,351
ALPK3,141
TIGAR,-1
OGFOD2,446
GALNT11,56
INO80D,-1
TUBB2A,-1
CDK3,241
GPC1,-1
SRI,237
ARFGEF2,11
PYCR2,-1
TM6SF1,-1
H3C7,-1
ALG10,-1
PCSK1N,213
MED29,-1
RNF5,30
C15orf40,-1
CCDC142,-1
DEPDC1B,604
RAD18,-1
INPP4A,242
TERF1,-1
B3GNT9,-1
ATG12,236
PDIK1L,-1
PRR22,-1
SHISAL2B,9
SLC9A8,-1
MRM2,257
RSPRY1,-1
PIGU,95
C1QBP,-1
MBOAT2,-1
NDRG3,-1
PDZD4,29
VAPA,137
WWP1,265
SGSH,-1
SETX,-1
TRMT2A,486
ADAM17,6
TPP1,-1
PIH1D1,362
CHST4,293
ZNF559,-1
ORC5,-1
ZSWIM9,-1
RPL13,494
ADCY7,232
H2AB1,-1
CSGALNACT2,424
DPPA5,557
N4BP1,-1
RING1,-1
SCN5A,-1
CACNA1H,84
MAP4K5,-1
OSBPL10,373
PPHLN1,360
NHLRC2,-1
FCGRT,-1
TBCCD1,499
LRIG2,-1
CILK1,208
TEX264,-1
FEN1,-1
ZNF467,-1
COX7A2L,89
DYNLT3,-1
SIRT6,-1
CEP290,-1
SETD1A,-1
HOXC11,-1
TRIM4,414
MYEF2,-1
CNN3,244
FAAH,-1
GSTM4,287
IGSF9,-1
BOLA2B,-1
XPA,-1
AUP1,-1
SNX16,482
TPBGL,637
EPOP,-1
NIPBL,-1
GAS8,433
SPATA5L1,396
TRAF4,-1
MRPL51,473
ATF6,-1
OFD1,625
HRH2,625
FDX1,-1
ADAD2,482
SKIC2,-1
G6PD,619
ESRP2,622
CYP27C1,-1
CPSF7,-1
ZBTB16,-1
FERMT2,443
FUCA1,-1
RPS27L,401
ERLIN1,433
LYN,-1
CEP68,378
ARV1,314
H4C7,-1
CIC,439
FARP1,106
RAB38,327
OGDHL,15
APOBEC3C,-1
HEY1,-1
FBXO7,-1
TNFSF13,458
OCLN,-1
CDC16,-1
CELF3,-1
NR2E1,-1
PELO,337
EGR4,288
CARD19,195
ZNF138,-1
SEPTIN8,450
ALDH7A1,-1
HEYL,-1
HEATR3,305
ZNF808,-1
ZNF491,-1
DBF4B,-1
TMC8,630
MRPL34,-1
RPL36AL,-1
IFI27L2,42
HEG1,185
CADM4,-1
SHISA5,565
FAM53B,-1
MAN1B1,-1
AHCY,417
CLIP3,200
C14orf119,139
PINK1,-1
H2BC26,232
CLEC14A,-1
ZNF837,-1
KBTBD7,-1
GCM2,-1
PRDX4,-1
CPXCR1,-1
ZBTB17,-1
RPL26L1,-1
RBM46,-1
NBEAL1,453
PRKDC,629
HOXA2,-1
SMARCC1,-1
KRT10,-1
C1orf116,-1
FOXE3,-1
SMAP1,403
ZNF675,-1
SVIP,336
MET,10
CALB1,-1
RSRC2,-1
ADAMTS1,-1
NECAB3,265
ODR4,311
PAQR8,-1
ZBTB3,-1
PON2,22
EFR3A,-1
NUTM2G,27
PKP2,-1
FAN1,-1
GSTO2,-1
GADD45A,-1
ACHE,-1
TALDO1,50
ZNF175,-1
UCN,-1
NOG,6
LIN37,-1
PPP1R12C,-1
SDHB,372
SYPL1,-1
PRPS1,-1
ZNF474,-1
ECE1,316
TBX3,-1
C3orf52,415
HDHD3,90
ZNF217,436
KDM6B,-1
TRIP11,-1
THYN1,85
DMRTB1,256
HSPA14,-1
C9orf40,-1
SLC19A1,59
PPIL1,-1
FXR1,448
SLC45A3,-1
ZNF716,-1
DTYMK,-1
CKS2,-1
UROS,570
COPG2,416
R3HCC1,-1
ZNF444,-1
SREBF2,464
GPR143,51
ASB16,-1
DUSP4,-1
TRMT112,-1
PFDN4,-1
SMARCA5,-1
RBM6,41
GPR75,-1
RAB3B,218
CER1,18
DHRS3,-1
LPAR2,-1
CCDC87,56
DZIP3,-1
NPPC,74
TFAP2E,187
MAP1LC3B,-1
SRSF6,-1
NDUFB5,-1
MACO1,-1
UBALD1,-1
USP6NL,-1
HNRNPLL,470
MYDGF,-1
FADS3,234
SCG2,-1
PTPRCAP,450
HOXA10,-1
ANP32B,62
ERGIC1,-1
RPUSD2,206
CBX2,-1
GANAB,-1
MARF1,2
EPS8L1,-1
PARS2,-1
BICRAL,42
YIPF5,-1
ARHGAP45,-1
SIRT1,564
ATPSCKMT,54
ZNF592,295
TRIM54,213
PLEKHB2,461
ZC3H14,512
ZBTB43,-1
CBX7,-1
UCMA,225
FLOT2,362
SLC16A11,631
IMPDH2,-1
YWHAH,-1
PIGH,-1
RCOR2,-1
SIK2,-1
MOGS,475
MKRN2,495
UBALD2,-1
NQO1,-1
PCID2,-1
ACAT1,132
SPATC1L,-1
VAMP2,548
SLC25A19,-1
GRB7,-1
EEIG2,491
ZNF391,-1
IDE,-1
ACOT4,277
CPS1,-1
DDA1,-1
SYCP1,-1
PCDH18,-1
ANGEL1,568
RRAS2,-1
SIVA1,412
SGSM2,-1
PRR13,176
RNF31,-1
CSTF2,193
KIAA1586,264
GALM,285
IRF2BP2,-1
PPIG,516
RNF112,142
B3GALNT2,568
RIPK1,557
EPN2,283
RASGRP4,-1
RMDN3,-1
INSM2,-1
E2F2,-1
CPD,-1
RNF135,-1
ACSL4,-1
ADRM1,432
TNFRSF10A,56
C7orf50,-1
TCP11L1,-1
SAFB2,-1
MRPL47,-1
PIGG,-1
RNF130,340
SYNJ2BP,192
RTN3,-1
FOXP2,-1
PARPBP,-1
PLAUR,-1
GON7,463
GPD2,-1
RNF146,503
NRM,-1
HEBP2,-1
SLC33A1,-1
GLB1L,8
DACT3,-1
ACER3,-1
AHCYL1,-1
AMFR,-1
PARP2,-1
ATCAY,-1
SLITRK3,-1
OGFOD3,-1
TLX1,-1
PHLDA3,519
LACC1,149
EOLA2,-1
DPEP1,190
SSBP1,-1
SETD2,-1
BAIAP2L1,-1
AK2,321
NAE1,319
MRPL37,-1
PRM2,-1
PLXNA1,527
CHMP7,270
TAF15,-1
TPT1,383
PEX3,-1
PXYLP1,626
PCDHGC3,-1
TRPC4AP,-1
MTFR1L,173
C1QTNF6,-1
DHX35,-1
H3C15,-1
METTL7A,455
MVD,520
CCDC43,-1
ZNF761,-1
MOSPD3,255
UCHL5,-1
BCL11A,-1
ACTMAP,438
ITGA5,613
SEC14L5,500
NAP1L5,192
KBTBD11,-1
ZNF263,360
NPTN,512
SLC12A6,308
GJD3,429
DHX34,394
FIGNL2,38
SUPT3H,390
ZDHHC18,-1
SLC35A1,-1
DDHD1,326
TCL1A,-1
TSC22D4,68
ZNF266,439
SPDYE3,158
VPS35,-1
ZNF85,-1
GPANK1,-1
VDAC1,-1
DNAJB5,-1
C19orf84,-1
TRPM4,-1
ACE,330
FAM174C,-1
SBK2,293
AVPI1,-1
LYRM1,-1
SLC25A3,-1
E2F4,-1
HBEGF,-1
DGCR6L,-1
D2HGDH,477
NDUFB8,466
SIRPA,16
CENPX,404
FAHD1,332
PLEKHG4B,409
WWC2,-1
MRPL24,527
MTCH2,575
RIMS3,126
LEPROTL1,89
CDK5RAP3,456
ZCCHC18,-1
DGKD,-1
SLC44A1,204
ZNF669,600
METTL16,-1
CH25H,-1
BAZ2B,582
DPYSL3,149
CSNK1D,633
PTPN21,-1
GSDMD,-1
HIF1A,-1
TSPAN12,10
CHRNA4,-1
MANBAL,636
KIF3A,439
SLC25A32,126
RASSF3,25
KDF1,205
ARHGAP33,-1
NENF,355
CTAGE4,422
ZNF639,-1
PTPN18,129
MAST3,-1
RHPN2,-1
MTIF2,-1
SELENOI,-1
FREY1,-1
SCML4,390
ODAD3,-1
C18orf32,256
DCAF8,430
TOP3B,-1
CYP26A1,-1
FIBP,-1
TMEM184C,-1
HIGD1A,589
IFT52,26
ATOH7,569
ZNF628,-1
SHROOM2,531
RAP2A,-1
MAT2A,361
LYRM7,378
ACOT9,74
PGBD2,-1
SP6,-1
TNFSF9,-1
HSD11B1L,553
DPEP3,-1
CDC14C,311
HOXB5,446
PNP,150
ANKMY2,101
LRP11,57
ARMCX5,-1
ABCD4,498
TMEM8B,389
PDZD9,-1
PPP6R1,-1
GAPDHS,89
CYB561A3,376
TRABD,447
TTC30B,-1
EZH1,-1
PEDS1,571
ACSM3,-1
MXI1,162
PEX2,-1
USP47,572
EHMT2,-1
FRMD8,-1
MAPK6,-1
SLFN14,-1
MFAP3,402
H2BC9,-1
DNMT1,77
USF1,-1
MGME1,-1
SSR4,-1
NDUFA8,293
KCNJ14,-1
SH3BGRL,100
DPH1,395
GNAQ,606
PRKAR2B,-1
AMH,-1
DBX1,-1
EEF1AKMT4,-1
UCK1,-1
ISOC2,-1
TCF15,180
WDR6,278
DCBLD2,371
CENPS,592
TRAF2,-1
PTN,-1
AHSA1,-1
GJA5,528
RORB,-1
CTTNBP2NL,342
MLH1,384
CAVIN3,-1
MAFA,-1
PFKM,547
RAD54L,506
UST,205
CARF,125
CRIP2,-1
SHISA8,368
XRCC2,228
CHRNA9,242
STX6,50
MICALL2,503
GBX2,-1
TDGF1P3,-1
PCDHB12,620
USP25,-1
ACAA1,-1
PSMB10,-1
TIGD6,-1
WDR83,-1
KIRREL1,564
PTP4A3,115
CSNK2A3,95
FGF22,-1
TSC22D1,379
SRMS,-1
TMX2,222
ALKBH8,-1
TET1,-1
ZNF100,514
LCN12,46
TMEM120B,-1
PCGF3,441
PPT2,432
LAD1,373
PIDD1,388
DHCR7,-1
FMNL3,-1
RELL2,88
B2M,262
SETD4,-1
LZIC,-1
MELK,524
MT-ND4,236
MRPL14,-1
NEMF,207
EPCAM,-1
NUAK2,-1
RBBP9,608
CHEK1,-1
ZNF236,-1
BCLAF1,-1
SHROOM3,-1
DVL3,277
CLK3,-1
NRROS,629
ATG16L1,-1
KCTD10,192
MRPL39,367
SMUG1,571
MT-CYB,-1
FBXL22,-1
SPG21,-1
PLA2G3,365
FGD4,-1
ALMS1,-1
DACT1,-1
CD99,280
ZIC3,-1
PROP1,394
NLN,27
NCK2,149
ECHDC2,132
PTGER1,-1
TGFBRAP1,-1
SLC39A14,-1
NRIP3,541
VSNL1,-1
NEURL4,36
CCNB1IP1,-1
ORAI2,20
NDUFS8,-1
PASK,84
CLN6,-1
VCL,-1
MB21D2,-1
NR1H4,-1
PPP1R17,516
HES2,555
CTCFL,-1
MDK,-1
TENT2,-1
NPIPB4,-1
USP13,-1
USP44,91
ZBTB24,588
UBXN4,-1
PCDHB5,-1
ZNF705B,-1
ZNF782,-1
BBS1,-1
MYH3,-1
ZNF397,232
NPC2,411
ZC3HAV1L,-1
H2AC1,164
RSC1A1,338
SENP3,-1
MRPL30,-1
TKFC,139
CEP95,-1
CHMP2B,350
TIMM21,542
BANF1,-1
PIGP,-1
SELENOK,406
MYOZ1,552
PIWIL4,441
MICOS13,-1
G0S2,368
FAM229B,101
NUFIP2,-1
MMP11,437
ZNF384,-1
BCL7C,433
PROSER1,-1
PCDH8,448
RAB3D,85
CPZ,-1
ARHGEF1,-1
WDR35,-1
TMSB10,221
OSBPL11,314
GFM1,339
ZMIZ2,-1
LRRC26,237
CALM1,-1
APOA1,-1
FOXO4,-1
GPR161,-1
KCND1,138
COPS9,67
LIG4,-1
NEIL1,-1
SERPINB1,-1
NHERF1,23
TMEM267,-1
EPB41L2,-1
ATP6V0E1,-1
DCAF15,171
THEM4,562
DDX53,407
CCNP,-1
DPYSL5,316
VAPB,-1
ADM,158
TRIR,162
RORA,340
GPR153,-1
PAPOLG,-1
MAP2K2,450
RDH10,-1
RNF24,269
LRRCC1,190
SIPA1,351
JPH4,-1
RTL8C,167
TBPL2,-1
ELOA2,-1
STARD5,69
ISX,-1
GRIN2D,-1
NSUN5,-1
PRRC2C,485
PPT1,549
PIK3R4,275
TOP3A,-1
SYT12,-1
SLC30A6,69
ZNF766,-1
RET,-1
NUP155,-1
PHC2,404
LDAH,421
STOML1,503
ADPRS,-1
SKP1,635
SCAMP4,438
EIF2A,-1
TRIM23,-1
SNAPIN,-1
CLCC1,-1
S100A6,-1
DIRAS1,620
PCSK4,568
RAN,171
MYBPC2,-1
USP35,-1
EFCAB6,-1
FOXM1,-1
RAP1B,-1
LIN7C,478
THAP5,341
SUN1,-1
GABPA,-1
FRAT1,330
HMG20A,571
ITGB1,-1
PACS2,528
PIK3R3,-1
FNBP1L,-1
NPY1R,459
KRCC1,-1
C19orf81,-1
PANK2,551
PTPRN,-1
OGFR,20
ACTN4,-1
DBI,75
DPYSL2,-1
STRN3,-1
TAF2,-1
S100A13,-1
FAM171B,546
SLC7A2,-1
SERTAD1,191
RNF34,-1
PINX1,-1
STIMATE,575
PRX,556
DUS3L,-1
TANGO2,165
PM20D2,-1
BLMH,563
USP15,-1
TMED8,-1
KLHL34,-1
ARAF,573
OXLD1,-1
ABHD17B,-1
IMPA1,582
XYLT2,446
COG7,225
TMEM86A,18
EMC10,278
MOS,490
NIPA2,286
SPIRE2,50
VCY1B,-1
IFT20,-1
OTUD3,-1
REXO5,523
FOXK1,-1
ABRA,225
SDC1,-1
SPAG8,-1
RAB6D,-1
GOT2,-1
TMEM168,206
EFEMP1,11
SPRYD7,-1
VSX2,358
ZDHHC22,-1
CCDC28B,-1
ZNF800,-1
EDNRB,-1
POLR2I,524
CLPP,21
NACA2,-1
MOB3B,-1
PRPS1L1,-1
MACROH2A1,-1
NOL3,-1
SPCS1,-1
HDGF,330
POU3F1,-1
SSTR3,-1
RHOH,169
IDI1,-1
TMEM19,-1
NAV1,6
HOXA5,-1
MRPS25,590
FCSK,395
AHSP,-1
PPP2R5C,-1
TCN2,127
DUSP3,-1
COQ8A,137
TMEM63A,-1
CLK2,110
ISCA1,-1
ZNF260,-1
TNFRSF12A,419
NR1H3,166
POU4F2,474
HOXD1,-1
CDCA5,388
MYO10,-1
PCBP1,-1
YLPM1,338
MRAS,-1
SLC35E2B,-1
ZCCHC24,-1
ACTG1,-1
PRR14L,95
CXCL6,273
PQBP1,472
YARS2,-1
ABCG4,-1
DISP2,-1
HDDC2,-1
ABI3,-1
FYN,-1
DDX59,541
AKT1,392
TLCD3B,-1
CNTRL,202
CMPK1,-1
SH3PXD2A,-1
TAP1,-1
ARID1A,352
NSMAF,500
CYTL1,-1
PI4K2B,-1
RHOT1,-1
UCP2,-1
TMEM170A,-1
HSF2,125
UGDH,-1
WDR53,-1
PA2G4,-1
PPM1H,57
ULBP3,207
SLC36A1,-1
RAB25,242
ALDH9A1,561
DCUN1D1,323
CDK5RAP1,129
C4orf36,6
RAC1,-1
ZNF99,352
SMIM10,-1
PPM1M,-1
UFM1,-1
RTCB,-1
CALHM2,-1
NARS2,-1
RGL3,205
DENND6A,295
CHST7,201
LMAN2L,405
OTULINL,-1
TCEANC2,-1
ARTN,-1
LYPLA1,-1
IL13RA1,-1
ICAM3,-1
HSPBAP1,-1
DNAJC24,-1
TFE3,-1
PDPK1,506
JRK,592
SERF1A,-1
RNF208,-1
LINS1,206
UQCR11,-1
DDX17,380
CCDC106,336
DIAPH1,546
HACD3,-1
LHX4,122
GOLGA6C,-1
HOXB6,-1
KYAT1,-1
DPPA3,-1
AP3M2,353
PRDX2,-1
EDEM1,471
EMC3,-1
ZNF727,-1
NOSIP,-1
RALBP1,485
PBX1,-1
ATXN7L3,-1
CORO2A,-1
SLC41A3,504
MRPS14,372
SFMBT2,-1
RNF220,-1
DDX28,-1
MCUR1,-1
EBF1,-1
PTPN2,-1
DKKL1,-1
USP11,239
HIVEP3,350
ACIN1,-1
NAPB,123
SERINC3,494
ACER2,-1
NBPF11,-1
AIFM2,-1
NUMB,-1
SLC29A4,-1
PRSS35,120
MND1,-1
C16orf54,240
ITPKC,-1
TMEM35A,-1
NHEJ1,-1
LCK,-1
RSF1,-1
HCFC1,359
CPSF2,381
DDX11,-1
CCS,-1
PLPP1,-1
RDM1,358
NPIPA7,-1
CPNE2,-1
TRIM36,325
NRIP1,-1
TMEM191C,-1
KNSTRN,249
SSX2IP,-1
BORCS8,-1
TMEM143,-1
BTBD3,-1
CCDC17,90
CEP55,518
C8orf76,-1
ASIC1,-1
LSM14B,569
ZNF75A,364
SUV39H2,-1
CDA,-1
COPS3,-1
SINHCAF,358
PTAR1,-1
SERINC5,-1
TFCP2,-1
FAM181B,440
MATR3,-1
HIKESHI,-1
BLOC1S6,-1
MOCS2,-1
SFSWAP,-1
TTC38,-1
POU4F1,-1
TTYH3,-1
ATP6AP1,-1
FITM2,-1
MAP4K3,201
ATAD3C,1
RIPOR1,-1
DPM2,-1
MT-ND4L,-1
PLS1,309
GPRC5C,581
CNDP2,-1
TGDS,-1
GLS,185
FCHO1,444
GLIPR2,-1
PRR29,-1
PRKAA2,-1
SLIRP,-1
RAB6A,157
PHYH,-1
GUF1,78
C20orf96,175
ATP6V0E2,-1
GALNT6,327
KCNQ2,-1
ETV4,-1
HES7,-1
MLLT6,-1
VWDE,-1
GAP43,33
LAMTOR5,526
GATAD2B,-1
TAB1,-1
TAF1L,269
FGF19,-1
FBXO9,191
ANKRD65,-1
MRPS23,200
PTPN23,-1
SARNP,-1
LFNG,-1
SERINC4,152
RELCH,-1
DRG1,536
RNF125,483
POM121C,-1
FRS3,-1
CD74,-1
TIRAP,-1
PROB1,3
SRSF5,-1
TARS2,77
HES1,144
PLPP5,-1
MICA,101
HP1BP3,-1
CEMIP2,-1
SEC22C,487
HOXA13,-1
P4HA1,-1
IER3,-1
EIF2AK2,-1
ZMIZ1,-1
UBR1,-1
MYH10,439
ZNF214,-1
AGAP5,-1
NR1H2,-1
EXTL3,86
LPAR4,-1
FNBP1,-1
CHAD,-1
YARS1,-1
UBXN11,582
DPM1,-1
ANAPC7,-1
SAR1B,-1
ZNF341,-1
EIF4ENIF1,101
CREBRF,416
TMEM87B,341
DLG1,-1
IGFBP3,634
USP48,439
FMO5,-1
RBM45,-1
ATG16L2,-1
RC3H1,-1
ARIH1,-1
AHDC1,618
NFKBID,-1
EGR1,-1
MT-CO2,-1
TMEM178A,323
BSG,-1
FAM120A,-1
DHRS4L2,413
NRBF2,34
FTL,-1
NUDT10,-1
ZNF470,-1
MT-ATP8,334
STX16,-1
TTC19,-1
BTN2A1,-1
PSEN1,-1
HOXC6,-1
TOMM70,-1
USP14,-1
SUN2,-1
ING1,469
TEX13B,-1
SLC38A9,-1
KCNJ11,499
NAIF1,-1
WDR76,-1
ATP2B4,595
NUP50,273
TMEM263,-1
MEIOC,-1
CAMKK1,-1
SORL1,-1
CCNF,364
PHF10,256
CCR10,148
HECTD3,140
ITGB1BP1,281
RNF216,71
MAST1,-1
H3-5,-1
PPP4R3A,-1
GATM,518
ZKSCAN5,-1
MSANTD3,185
PLAT,-1
MAPRE1,-1
HLA-DQB1,-1
PPFIA4,-1
GRK3,-1
CYTH3,-1
OLFML2B,34
ARF1,-1
ZNHIT2,121
CACNG6,340
GNPTAB,-1
GLUD2,181
HENMT1,-1
ZNF431,435
SGPP1,366
SEC23IP,292
SLC19A2,-1
HOOK3,155
N6AMT1,-1
ZNF835,-1
SLC49A3,213
G2E3,242
GOLGA3,530
FAM200A,286
LAMB1,-1
ARGFX,70
UBE2Z,528
TOE1,181
WASF1,-1
CASC3,-1
TIMM50,507
DMKN,145
SHMT1,-1
RPL12,116
SFXN5,535
PELI1,418
EFS,409
NFIA,563
MAP1S,-1
NR1I2,-1
PCBP2,-1
SLC16A1,-1
ETHE1,422
LIN28B,-1
FKTN,146
SLC25A15,-1
LAMA1,294
IL17RE,69
TMED10,50
SPATA13,-1
PKMYT1,587
KNOP1,-1
CENPO,548
SRXN1,-1
CNIH2,-1
DDX6,-1
C4orf46,429
CNOT10,573
ENTREP3,34
PDHA1,-1
LEO1,445
FGFBP3,-1
H3C14,-1
RAB21,-1
RNF103,-1
SLC16A13,-1
RAF1,139
ACADM,532
DLL3,-1
ABI1,462
FEM1A,-1
FUCA2,347
ZC3H15,-1
SLITRK5,-1
CRNKL1,-1
RMC1,96
FBRSL1,-1
DBP,-1
PIN4,-1
GLUD1,381
ABCB8,-1
XPO4,569
DAGLA,637
NBN,492
DDIT3,-1
NME2,329
CENPB,-1
ASXL2,-1
PRNP,-1
CTDNEP1,-1
KCNQ4,502
PPFIA1,-1
TMEM30B,-1
CALD1,117
PKIG,390
UBTD1,-1
ITFG2,515
GRTP1,197
KLK7,-1
RABEPK,205
RNF227,123
COPS5,-1
TMEM39B,-1
CGB7,-1
MAGEH1,514
SUZ12,-1
ZNF256,-1
BRINP1,-1
TMEM140,-1
IL18BP,409
GNAO1,509
TLCD2,472
CCDC117,-1
FOXC1,-1
GOLGA6L4,-1
HIPK3,580
RNF123,-1
MBD3L4,-1
RIF1,-1
TRIML2,578
SLC26A11,532
OR2B6,-1
BBS10,-1
H4C15,500
ELOF1,537
ALCAM,-1
MRE11,564
PYROXD2,-1
ELP6,-1
IWS1,-1
PROKR2,37
EDRF1,519
GALNT1,-1
VPS13A,69
CSNK2A1,398
SNRPB2,-1
MALT1,409
FKBP1B,-1
TAF1B,570
IFI35,64
CHAC1,600
DPY30,475
DUSP26,437
BRWD1,-1
COMMD8,-1
SIK3,196
CXCL1,-1
YIPF6,-1
BLVRB,-1
CELSR3,392
FZD4,469
FEZ1,-1
NELFCD,-1
NID1,-1
TOR1A,231
UBAP2,547
PNPLA4,256
TPRA1,630
TNNT1,-1
CCSAP,-1
ANP32A,347
NETO2,418
NSD3,-1
MBD3,-1
RAP1GAP,242
PTPRZ1,525
DUSP11,-1
ADAMTS15,-1
GTPBP8,-1
PCBP3,433
FOXL1,-1
RUBCN,-1
HSD11B2,481
PHLPP1,-1
RAB43,312
POLR2L,513
SRPK3,440
ATG14,-1
MTERF3,276
TPD52,8
C3orf38,340
ITLN2,-1
SS18,-1
TRAPPC8,-1
TAC3,-1
BPNT1,-1
ZFYVE16,-1
KLHDC4,269
DCUN1D4,363
CDKN1C,516
NES,570
SMIM14,190
DNAL1,350
MRPS17,-1
C2CD5,222
TMEM245,339
ANKRD61,-1
HNRNPK,-1
AKR7A2,-1
MASP2,265
RRAS,256
ZNF738,-1
NELFA,-1
HPCAL4,-1
E2F6,-1
BRDT,202
SEC24C,149
TTC32,-1
DBN1,242
ZNF646,636
YJU2B,-1
POGK,507
CCDC113,378
DGCR6,69
ARL16,457
PRR19,-1
SLC35A4,404
HNRNPUL1,-1
CALHM6,538
MME,414
SPOPL,-1
BIN3,537
STMN3,-1
HNRNPUL2,-1
STPG3,-1
POMGNT2,-1
HDGFL3,-1
TBC1D17,149
ENTPD6,-1
GSTM3,6
VPS39,554
SPRYD3,129
ZC3H12C,-1
BTBD7,-1
ACCS,585
PUS7L,-1
MINDY2,-1
ZNF366,-1
DDX42,350
SBK3,-1
DCUN1D2,80
RANBP10,6
ZC4H2,421
PLEKHN1,-1
ITGA6,-1
FAR1,305
CGREF1,-1
DCAF12L1,19
VN1R1,227
GSTCD,-1
INPP5K,-1
IPO4,342
ARFGEF1,207
TMX4,348
CEBPE,629
AOC3,-1
C1orf115,115
C18orf54,347
KLK5,-1
C10orf105,101
CLC,405
CCKBR,-1
NEK8,-1
MFSD12,149
TMEM231,-1
SNX4,408
NDUFA6,-1
ALDH4A1,476
PIK3CD,-1
LLGL1,-1
FHIP2A,-1
MAP3K20,-1
TBC1D9B,101
TRAPPC5,-1
CXCR4,-1
RCBTB2,-1
ASPHD2,137
KLHL15,472
RAB41,237
C5orf34,104
PRICKLE3,-1
ZNF598,-1
PARG,-1
TRAPPC14,-1
HPF1,511
PRXL2A,11
OSBPL7,-1
NYAP1,509
H3C6,226
SPATS2L,-1
LTC4S,-1
ARL6IP5,-1
ZNF80,-1
TENM1,-1
ITCH,-1
MSRB1,-1
C2CD4D,-1
GOLGA6L9,555
ODF2L,-1
CCL2,-1
PGLYRP1,-1
CLDN19,519
CSNK1G3,356
WASF2,-1
TMEM258,-1
CTTNBP2,227
SALL2,-1
SOX13,-1
TTC17,-1
ARPC5L,-1
RABL2B,-1
GGT1,81
S100A14,129
ZFAND4,-1
MTMR2,-1
MLH3,-1
UBXN1,449
ENSG00000286190,-1
AP3S1,-1
RANBP3,338
SLC2A6,-1
SERPINE2,-1
CAMSAP1,-1
SLC50A1,-1
WIPF2,185
RPP25L,614
ZNF319,-1
CORO6,-1
MAP4,290
ADPRH,-1
MOV10L1,-1
SEMA5B,604
GLRX,-1
MNDA,223
UACA,589
MRPL52,-1
S100PBP,222
AP1M1,356
PGBD5,-1
CACHD1,391
ACBD7,-1
CAMTA1,-1
ZNRF3,316
NREP,156
VANGL2,414
CLASP2,-1
UQCRH,-1
NPR1,-1
NBPF12,-1
MANEA,-1
HAT1,439
EIF4A1,-1
C15orf39,-1
TRAK2,431
CDX4,-1
STIP1,-1
RAPGEF1,562
FREM2,-1
ARL8B,360
CLDN10,-1
PELP1,-1
IAH1,339
CGB2,577
GJC3,338
IFT172,-1
DOK1,152
MARS1,616
ATP11B,237
PPM1G,-1
ARHGAP4,-1
CCDC120,-1
ANKS1A,-1
ZFPM1,-1
ACP2,-1
DCUN1D5,66
ILRUN,16
SBNO2,146
MFHAS1,-1
TOMM22,-1
UBE2G2,-1
ZNF560,421
KIAA1143,295
SLC4A3,82
ZW10,-1
DMAC2L,-1
LRRC47,123
HRC,618
CELF4,-1
RIC3,-1
PRORP,164
NR6A1,-1
CEBPG,-1
SUPV3L1,-1
PLCD1,28
TOMM7,447
RPN2,-1
KCTD2,-1
MAD2L1BP,-1
DPPA4,-1
LONRF1,-1
PREPL,289
VAMP8,-1
THTPA,512
ECD,-1
C3orf62,421
MECR,-1
CD55,40
BLTP3B,305
ZNF429,-1
RABEP1,-1
CUTC,-1
SMPD1,348
RAB39A,448
IGSF9B,357
PRELID3A,-1
SLC25A6,627
DDIAS,-1
POGLUT1,-1
PAPOLB,-1
BBS12,-1
NR2F2,253
TRAF1,227
CTCF,-1
EFHD2,-1
CXXC1,-1
ERVV-1,-1
UQCRC1,309
SNUPN,-1
KRT18,-1
ERCC1,295
SLC35F2,-1
SFXN2,-1
PAPOLA,561
CYBC1,207
MTHFSD,-1
MOCS1,113
ZNF442,-1
TRAF7,309
WASF3,52
CNPY4,-1
MARCKS,554
DNAJA1,-1
ANXA7,278
PHPT1,-1
GNL2,-1
ADGRB2,-1
LRRC8A,-1
ZNHIT1,414
SLC6A15,-1
ANO8,-1
TIMM29,-1
SEC24A,-1
MUC3A,628
ZSWIM7,-1
JAG1,119
LHFPL4,531
CNFN,89
LRFN1,-1
ACTR3,-1
HNRNPC,184
NUDT18,205
AAR2,-1
SLC5A2,-1
APLN,46
RNH1,105
LAG3,218
NDST1,-1
INTS11,89
ENTPD5,-1
TRAPPC13,-1
WDR77,-1
HACL1,-1
CRLF1,-1
NSMCE4A,438
GLUL,-1
GK5,-1
CORT,378
MRPL12,-1
RFX4,-1
PTPN11,-1
TEX30,-1
CREB1,-1
MAPK12,-1
MAEA,409
CRYBG2,291
DSTYK,-1
PNPLA5,165
DNAJB6,-1
PTRH1,-1
COPG1,-1
ACO1,-1
SOD2,-1
SPAG5,-1
MTMR3,-1
MLLT10,-1
KLHL4,123
GALNT4,16
GADD45GIP1,194
TM9SF4,-1
TRIM62,-1
PTPRA,-1
SLC25A52,-1
STARD10,-1
SLC9A6,-1
PDGFRB,477
HSF1,-1
MACF1,362
SCRN1,-1
CAV1,-1
KPNA2,-1
STAC2,-1
SPART,-1
BRSK1,-1
TMEM59,591
RXYLT1,285
SLC7A10,-1
PRMT1,-1
NUAK1,224
PCSK9,57
KIFC2,-1
SPN,-1
MMADHC,353
ATP13A1,-1
CXorf38,327
CUL4B,93
PPM1F,-1
RND3,519
KIAA1522,-1
VPS33B,-1
KBTBD2,-1
HSPB9,-1
MAST2,514
NMRK1,-1
SELENOM,572
INTS1,-1
ZFP42,516
USP7,-1
ANKRD28,129
SPPL2A,287
TMEM115,372
MANBA,497
GPR20,-1
CSRNP1,558
MFSD8,-1
RNF138,-1
AGFG2,-1
TDP2,-1
NAP1L2,-1
TSPAN9,-1
SLC23A2,137
CHP1,-1
TIMM17A,453
GRSF1,501
BTG2,-1
VAMP4,-1
COL1A1,-1
NHLH2,561
SOCS5,-1
FAAP24,-1
ARHGDIG,83
PPP2R5D,-1
PITRM1,442
ENSA,378
URB2,-1
RNF122,159
RP2,377
SLC9A5,236
PLXNB2,137
NCK1,-1
HOPX,530
VWCE,-1
IRF8,-1
TENM3,-1
NCKAP1,-1
ROM1,346
FZD1,-1
ATXN2L,275
PRB3,-1
KIF18B,-1
ITGB1BP2,573
PITHD1,275
ABHD12,-1
COQ3,-1
NUPR1,535
APTX,246
SMAD1,-1
XPOT,-1
H6PD,-1
AASS,67
SPIN2A,-1
VAV2,-1
CALML6,109
ORC4,-1
SYNM,134
SMIM10L2A,-1
SACS,-1
ARL6,1
CRACR2B,35
UFL1,-1
JPT1,143
MRPS18A,416
CYP20A1,38
BORCS7,-1
BNC1,-1
TSPAN6,21
VEGFB,-1
RAB14,-1
MT-ND5,344
FBXO22,146
NCBP3,-1
BAIAP2,275
TJAP1,139
NR3C1,592
UBE4A,185
NHLRC3,-1
VCPIP1,317
FBXL12,-1
NDUFAF3,32
HMGN4,-1
TRIM22,492
SYPL2,80
KLK8,-1
TBC1D10A,-1
DYNC2I1,-1
TIFA,-1
PLP2,5
ANKRD40,376
FBN3,214
CAMK1,391
PCMTD2,-1
ADGRG5,-1
SLC39A10,-1
LARP1B,415
NPEPL1,-1
P2RY2,446
TAF3,-1
MTHFD1L,-1
MTF1,-1
PGBD4,24
LAYN,-1
HTR1D,538
SH3YL1,-1
HNRNPA0,-1
FGD6,37
B4GALT1,383
NFATC2IP,103
PDK3,46
PLP1,575
SLC12A4,584
EZR,-1
ABCC5,-1
IRF2BP1,-1
MPHOSPH9,-1
SSBP4,-1
XPR1,483
CTU2,567
POTEF,-1
AKTIP,-1
SURF2,-1
KBTBD4,-1
RBMX,460
ERICH2,20
AKIP1,397
PPP1R9B,-1
NPTX1,382
GNPDA2,-1
SNAPC5,-1
RNF6,316
SELENOT,-1
DMWD,452
TRO,-1
MT-CO1,90
AGGF1,-1
ILK,248
PCYT1B,-1
ADA2,-1
NR2C1,360
PCMT1,402
MINK1,448
ADAT1,517
DCAF11,465
IREB2,-1
ESPNL,428
STEEP1,149
TPRX2,597
FEZ2,323
OLA1,25
DHDDS,121
NOTCH1,-1
MMGT1,-1
LRRC8E,-1
ASB8,-1
SLFN5,-1
BCL2L2,222
SBDS,-1
CYREN,415
LRRC8B,-1
NMRAL1,-1
SLC43A2,-1
TAGLN3,-1
ST6GAL2,429
F12,-1
ZMPSTE24,-1
N4BP2L2,539
PELI3,1
TMEM200B,-1
INTS10,-1
ACP5,391
ARHGAP23,-1
CPT1C,-1
DNAJC8,-1
PURA,269
COX7C,412
RPS4Y1,-1
CPEB4,458
EGR3,-1
HMGCR,340
OXCT1,24
GOLGA8A,-1
MT-ND2,-1
HDLBP,-1
HELZ,-1
JARID2,-1
NT5DC3,95
NRTN,-1
UBLCP1,149
FAM50A,-1
LTBR,-1
WDR59,46
VAT1L,-1
ACADSB,146
MED16,-1
PPP1CA,533
TNFRSF21,-1
DBR1,-1
TRIL,-1
EPB41,598
WDR73,491
CARMIL3,-1
SMAD7,-1
COQ6,570
MIEF1,471
KLK1,219
STK38,-1
MAP2K7,38
APOBEC3B,-1
HTATSF1,-1
TNNT2,47
PANX1,-1
H2AC21,604
CCNDBP1,600
PTPRJ,609
ZFP36L1,-1
SPEF1,-1
SAFB,-1
INSIG2,-1
SLC22A23,82
MRPL50,-1
ALKAL2,-1
LONP1,597
DPCD,-1
RBM38,317
TOX,-1
PPIL3,55
C2orf81,323
MAP7D3,465
ZDHHC13,-1
ADRA2A,122
FUBP1,-1
TBC1D1,-1
NUDT21,483
SPEN,-1
CERS6,-1
KLF7,-1
FGF4,-1
TMEM191B,113
RAPH1,280
ZBTB10,359
PHYHD1,-1
ANKRD24,-1
TTC39C,-1
OS9,-1
RGMB,-1
TBC1D3L,175
FAM83H,-1
PNMA8A,-1
KLKB1,-1
HIP1R,31
LENG9,-1
PAFAH2,-1
DAAM1,-1
TMEM89,41
RAD17,-1
PTF1A,-1
PLCB3,122
WFDC2,-1
CXCL3,524
ZCCHC3,-1
CHST1,-1
UCHL3,280
LRRC37B,133
HSD3B7,56
ILF2,453
SPSB4,-1
SCNN1A,-1
SUGP2,-1
MTRF1,-1
RAB34,597
UQCR10,-1
CHD3,282
EID2B,-1
FAM171A2,274
NXF1,-1
EMC4,454
NDUFAF7,-1
WDR11,85
FAM3C,-1
TBC1D20,437
MON2,-1
NBDY,477
WHRN,215
TM9SF1,-1
CIP2A,-1
CWC15,-1
JAM3,160
PPP2R3C,-1
KDELR2,-1
NRBP1,-1
FUT2,-1
DCTN1,480
CEP41,-1
RBFA,-1
NMT2,-1
PPP1R13B,-1
NGLY1,291
GLB1L2,-1
CST3,183
C13orf42,-1
CHD6,-1
ARHGAP5,-1
CELSR2,-1
CCDC136,-1
PDXP,185
SARM1,369
RRAGA,176
CEP250,-1
SLC25A27,-1
ZNF789,458
PYCARD,350
RBM43,-1
SLC25A45,140
S1PR3,-1
PUS7,20
PIGO,-1
DBNL,280
ZNF296,630
GAS2L3,-1
TMEM11,-1
UQCRQ,470
C6orf141,-1
MPC1,408
HSF5,-1
RIMS4,-1
NCOR2,335
AQP11,-1
B3GNT4,-1
ADAMTS16,104
DCAF12L2,-1
ONECUT1,-1
CSRNP3,-1
CMC4,-1
HNRNPA1,602
RO60,471
ZNF703,-1
TCAP,-1
SUDS3,-1
REM2,-1
KHDC1,-1
GGA1,265
TRIAP1,597
ARL11,-1
NTS,525
POLDIP3,-1
HINT3,463
CLK4,-1
METAP2,464
GMIP,518
AURKC,374
ATP1B3,587
NLGN2,111
TNPO2,-1
GGCX,-1
ORC1,58
EDC4,-1
NXPE3,24
LAMC2,-1
COQ10B,-1
TRIP6,-1
RNF126,202
APIP,-1
SDHA,-1
CLBA1,52
RABL6,-1
DIXDC1,261
SOS1,-1
LMCD1,410
UBE2I,-1
CCIN,-1
MRPL45,548
SOD1,-1
SART3,324
DLX4,-1
AP1G1,-1
NOL4L,574
MBTPS1,-1
TPSD1,-1
RIC1,-1
RER1,-1
PRADC1,64
RWDD1,-1
MRPL42,-1
GLO1,391
PERP,-1
LRRC55,-1
APAF1,5
SECISBP2,-1
CTAGE9,-1
GABARAP,182
DNAJC13,-1
ACOT7,576
IGF2BP3,-1
P3H3,347
WDR24,-1
PCDHB9,343
TLE1,-1
IRS2,324
WDR18,-1
NOTO,-1
ANXA6,-1
LRRC34,37
AP4M1,-1
ERP29,-1
BTN3A1,-1
FBXO33,-1
SMG6,-1
SARDH,527
RNF38,-1
PREP,-1
TJP1,-1
HEATR5A,-1
CDC42BPG,-1
PSMD13,192
KPTN,366
MLLT3,-1
TMCO3,-1
IGFLR1,-1
CYP27B1,136
SNPH,198
PEAK1,218
KLC2,190
ELN,52
PPP3CB,-1
THOC6,-1
PROM1,-1
BBS7,-1
MRPL55,-1
PSAP,-1
EVL,166
CA14,-1
TRAM2,-1
SPRN,-1
VWA5A,-1
ZFAND3,293
ERP44,-1
GULP1,408
TMEM199,297
ADAM9,-1
LPCAT4,-1
CHTF18,615
C2CD3,409
HEATR5B,163
HACD1,-1
MAN1A2,25
PRKACB,-1
GCNT2,-1
EWSR1,-1
DARS2,-1
ESYT3,-1
CHTF8,-1
DYRK1B,149
CACNA2D2,30
RAB22A,140
TMEM238,-1
TRMT13,-1
ZNF283,405
IFT140,41
AMBRA1,338
TMEM265,446
SETD1B,-1
LRRC75A,-1
KLHDC8A,-1
TRIM14,-1
FBXL18,576
RHOU,158
HLA-B,15
ACSM1,376
P2RX4,-1
EPS8L2,287
PNCK,-1
PTGFRN,-1
CFAP410,-1
ATP13A2,177
LRP6,-1
PSMF1,65
EIF4EBP2,-1
COL27A1,-1
PCNX4,621
SRSF7,416
HSFX3,512
HMGCL,-1
MMACHC,-1
FKBP3,277
BEST2,132
POLR3E,-1
ARMC5,286
RHEB,-1
UBA1,513
SYT4,185
ZDHHC6,-1
CEP164,452
EPPK1,-1
PIGA,108
TRIM68,65
PMEL,3
ATP5F1A,278
C8orf58,6
C1orf43,-1
SRY,-1
CD248,-1
PDE5A,287
PRSS22,-1
HCST,96
RBM41,14
CGRRF1,-1
TSPAN17,-1
FAM117B,494
TAOK2,-1
KCNMB4,-1
SOCS7,-1
OSBP,-1
PPP4R2,-1
C18orf25,363
SIN3A,58
PLOD2,-1
ZNG1B,-1
LRRC20,122
LYRM4,-1
GNG3,8
MAF,-1
KAT14,-1
PYCR3,-1
LRRC10B,423
REXO1,261
CD1D,-1
HS3ST3B1,353
SLC6A6,-1
CRIPT,-1
RPUSD3,-1
MAP3K14,354
CEP20,-1
SF3B4,-1
GPR180,337
BTN2A2,-1
SPATA25,393
OBI1,283
IGSF8,-1
ERCC4,-1
LYRM2,214
AATF,-1
LRRC42,401
PABPN1,-1
DESI1,-1
ANKRD12,5
MPV17L,358
FOSL2,-1
GNRH2,-1
RTF1,-1
MTAP,-1
SRGAP2,368
CXCL2,136
MRPS28,114
MRPL9,328
C11orf24,318
ARHGAP39,-1
ZNF74,-1
TMEM92,428
AP1AR,-1
TMEM132B,369
PDRG1,-1
PCDHB11,357
ASB6,-1
MFAP2,-1
CENPW,-1
APLP2,-1
YJEFN3,-1
SEC14L1,515
HSPB6,136
MED12,-1
LRR1,-1
DIP2B,-1
TSPYL1,262
FAM91A1,-1
KMT2C,-1
RGS5,2
XYLT1,-1
ESRRB,340
MYC,-1
PFDN5,-1
IP6K2,310
PEBP1,-1
ZMYND11,-1
ZDHHC2,177
CLK1,-1
LITAF,210
TET3,-1
JMY,-1
SLC8B1,-1
VLDLR,-1
GTF3C2,-1
AIDA,-1
METTL21A,-1
METAP1,-1
MOB3C,-1
DRAP1,-1
ANKRD35,82
H3C11,421
CDC25C,-1
DPY19L1,-1
MRPL41,-1
BBIP1,-1
C1orf210,-1
ELMOD3,-1
APEX1,551
NTF4,-1
EML4,-1
CD9,-1
MRPS12,560
BLACAT1,588
PRPH2,39
RAB11A,543
WNT5A,9
IFNLR1,509
DCAKD,583
ZNF593,-1
NSL1,-1
LSM12,-1
EPN3,41
DHX38,-1
COQ8B,-1
BRWD3,-1
UNC45A,310
STK17B,402
GARRE1,-1
ZNG1A,-1
TBCEL,-1
TRAF3IP1,-1
MED10,-1
CBS,245
FAHD2A,132
NCBP2AS2,423
BRK1,-1
MGAT4B,-1
ARMC1,-1
HOXD3,630
PRR35,-1
ZNF234,-1
CISD2,-1
KATNBL1,-1
MMP17,-1
ANKRD34B,-1
SPAG7,293
PSIP1,-1
AP2M1,-1
LINGO1,-1
MTERF2,-1
DDAH1,621
MTCL1,205
CAPG,-1
MEF2D,-1
EDA2R,14
SLC25A51,-1
PCNA,-1
ATG4C,281
RPRD1A,-1
DCAF17,-1
SLC43A1,441
HAND1,431
ACP1,411
THAP2,596
WDR82,373
COL2A1,-1
CNOT3,-1
NIPSNAP1,435
WIPF3,607
TMEM185A,-1
C2orf68,7
RAB3GAP1,227
MAPK15,113
ORMDL2,545
NOP9,-1
DNAAF5,468
EAPP,-1
PABPC4,-1
VPS9D1,-1
SRSF10,-1
GTPBP10,-1
LMNTD2,623
TNFRSF10D,-1
DCAF12,193
KLRG2,582
RRM2,-1
B4GALT5,-1
AGL,-1
USP54,-1
ABI2,460
MPRIP,446
PCDHB10,418
STARD7,-1
MMAB,-1
C10orf95,-1
NACAD,137
SYNGR3,347
HSPA4,402
PARD6B,211
FLAD1,-1
ADCY6,-1
PAK1,-1
ABCC1,-1
SKIC3,-1
MID1,-1
EYA1,-1
USP51,-1
DCAF7,224
ZSWIM1,-1
CYB5RL,568
USP24,-1
MRGBP,363
AFTPH,368
MAPK1IP1L,-1
MGST3,285
STK17A,275
CMTM7,-1
BCAP29,163
HERPUD1,42
LGALS8,-1
DROSHA,-1
UBA3,-1
C12orf4,-1
MAPRE2,568
STAG2,104
ACAD10,14
POU6F1,418
PNPLA2,-1
GALR3,-1
DNALI1,478
CHAC2,-1
CCDC22,-1
INSYN1,-1
RPL7L1,-1
WBP1L,-1
PPME1,377
WDR4,429
PYGL,535
CMAS,-1
HSPA2,-1
IL11RA,498
ABRACL,-1
PTGR3,-1
PRDX5,623
FBXL5,-1
SIAH2,-1
RDH5,384
CUTA,290
STAP2,-1
GID4,-1
CAPS,595
EIF2AK3,611
GCH1,-1
NOCT,-1
MTDH,-1
RNF121,469
MAP3K21,-1
TWNK,-1
LCN10,5
RPL21,100
MPND,-1
ARHGEF10,-1
ARHGAP17,-1
CIAO1,-1
PLIN2,115
ADISSP,41
HCN3,-1
PHAX,625
CCNA1,-1
CYB5D1,363
CLN5,-1
B3GNT5,521
MSL2,-1
MRPS10,-1
SLC16A2,461
SERPINB4,354
TAF5,-1
GNG12,-1
NDUFV3,-1
COMMD2,-1
GABRA5,234
NUDT15,-1
PROCR,-1
SPRR2F,-1
ACTR2,65
OSGEPL1,548
TLDC2,-1
BUD31,-1
BTG1,272
PFKFB2,-1
SPTSSA,490
SRSF8,-1
CHRDL1,532
NOA1,-1
RPUSD4,-1
TAF6,-1
DNM2,118
ACOX1,242
ARPC3,343
ZNF771,-1
CS,38
COCH,-1
KLHL26,189
UBXN2A,-1
GPR50,577
UNC13B,-1
NANS,-1
AP1S1,-1
PALM,119
HBA2,441
NLK,603
KIF12,-1
DNAJC9,143
UCHL1,-1
SCD,-1
ZNF722,-1
MBD3L1,144
MYOZ3,104
PTRHD1,-1
KIF21B,-1
MAP9,-1
STX3,132
ZMYM4,-1
L3HYPDH,-1
UNC5CL,-1
MEGF6,-1
BOD1L1,-1
OTUD7B,291
RAD52,338
TFR2,489
RALY,-1
CFLAR,369
CSAD,534
XRCC6,-1
RAD51B,356
UNC119,382
AP2A2,403
DENND4C,566
ZNF804A,-1
LSM14A,-1
TSPAN31,-1
TM9SF3,289
GIT2,283
ALAD,-1
ZNF681,-1
NKG7,-1
CIAO3,371
MOB3A,-1
C17orf58,-1
TCF4,-1
MOV10,187
KCNK17,166
TLCD1,-1
PPL,189
USP31,122
KRIT1,-1
BLTP2,513
HMMR,-1
PUM3,-1
RNF149,-1
CAT,-1
DGKK,-1
RCHY1,96
MRPS35,-1
CYB5B,123
BRI3BP,-1
PTCH1,-1
CA11,-1
BRI3,453
PHRF1,277
CMTR1,-1
MFAP4,-1
TCTN2,143
MUTYH,-1
NUMA1,-1
SECISBP2L,71
ZDHHC21,143
PRKACA,372
DNAJC30,-1
ING3,-1
CUL9,571
GARIN1B,-1
RABGEF1,-1
BBLN,568
ING4,-1
ALDH2,-1
GTF3C1,-1
UBE2Q1,575
KIAA1671,-1
DDHD2,36
PRR15,-1
ELMO3,-1
USP53,-1
TMEFF1,-1
CXCL12,-1
SLC66A2,347
MTMR11,443
ZNF281,-1
GGN,-1
GMFB,-1
UVSSA,-1
UBE2A,575
PTTG2,-1
COA8,401
DPAGT1,109
KATNA1,-1
SIM1,-1
HTR1A,-1
HSP90AB1,-1
ARGLU1,39
DPY19L4,-1
TAS2R5,-1
RAD50,-1
ATG101,612
GART,-1
SLC25A17,-1
UBAC2,339
ATP1A1,561
MRTFA,127
DAP3,-1
ZFAND6,-1
IFNAR1,-1
ACOT1,131
B3GAT1,479
ABHD10,-1
PRPSAP2,538
NLGN4X,11
AZIN1,313
ATRN,-1
NRL,-1
FAM177A1,-1
SLC25A34,512
CASKIN1,-1
LAMTOR2,545
ADGRE5,-1
NUTM2B,-1
FOXRED1,-1
CCHCR1,8
ARHGAP21,141
PMS2,428
PYDC1,-1
SLC6A9,115
INHA,-1
RYR1,-1
WBP2,541
PRRG2,-1
SMTN,205
ESCO2,-1
PCDHB6,-1
GGT7,327
CFAP68,627
STT3A,-1
HNRNPM,-1
NIBAN1,23
TSEN34,-1
TBC1D4,569
LPCAT3,-1
WDR44,238
MFSD14B,-1
ATP1B1,207
SHISAL1,-1
RILPL2,-1
RPS6KB1,-1
RNF169,-1
PIP4P1,-1
CDKN1B,126
EIF4E3,123
ATPAF2,42
RTBDN,-1
LETM1,248
NDOR1,-1
MUSTN1,-1
M6PR,-1
PARL,-1
TXNDC9,-1
NDUFB3,11
FEM1B,-1
SPEGNB,42
SMAGP,-1
LMBR1,-1
NEK3,-1
ICE2,-1
NICN1,611
DBT,-1
ALG8,497
LPIN3,-1
IST1,-1
RND1,-1
EEF1D,-1
C10orf88,509
MAP1A,-1
C17orf97,454
KBTBD6,-1
AGPS,536
MED20,-1
FAM229A,500
PROM2,-1
ACP6,-1
GJC1,-1
IQSEC1,-1
MTO1,-1
NDRG2,-1
CRABP2,-1
HLA-DRB1,497
CCDC47,237
SELENBP1,536
EMP3,-1
TLN1,-1
SDR39U1,-1
SYNDIG1L,11
ZCCHC8,-1
PLEKHH1,-1
PPP6R3,-1
TPP2,-1
AQP5,433
NDUFC1,-1
GDI2,-1
TJP3,-1
GSDMB,-1
EIF4A2,403
RPS26,-1
IFIT1,-1
SYCE1L,14
POU3F2,584
BCCIP,385
TDRD7,-1
RASSF8,133
NAALADL1,-1
PRR5,-1
PIK3C2A,-1
BLOC1S3,-1
RAD51D,622
KIF2A,-1
ABHD14B,273
PRSS16,287
BARD1,-1
SLC2A12,-1
ELF5,49
PTPA,-1
SPP1,-1
TLCD5,-1
PABPC1L,-1
PCM1,-1
COL5A2,-1
LMBR1L,-1
CYB5D2,137
ETF1,-1
SUCO,39
AK6,-1
KCNK12,-1
MORC3,285
ELOVL1,-1
TIMP1,89
KCNAB3,-1
MAPKAPK5,-1
FAM124B,531
FAM104B,-1
TXNDC11,-1
ATXN2,391
STX2,-1
TEK,409
CDC37L1,-1
SFXN3,-1
PELI2,-1
STRADA,-1
GCA,-1
INO80B,-1
NUDT2,-1
CNPPD1,119
IPPK,-1
MDH1,369
H2BC11,-1
BUB1B,294
AP1M2,-1
MDFI,-1
UAP1,-1
ALKBH5,135
TNIK,-1
PPA1,-1
TDRP,-1
ZNF667,469
NR2F6,319
MRPL43,271
WDR26,-1
RNASEH2C,-1
SRR,-1
TMEM165,3
MRPL32,-1
REEP2,124
ATP5MGL,599
CNTNAP1,221
TPR,465
SLC35E3,-1
ADAM33,609
GDE1,-1
EGLN1,439
TMEM259,600
AGPAT4,-1
RASIP1,-1
DKK3,489
KANSL2,204
NOMO2,-1
UBL3,464
MGAT5,314
SLAIN1,-1
PKD2,301
BGN,-1
INTS15,220
OCIAD1,-1
ANKIB1,21
UTP14C,-1
CHST12,-1
MCTS1,-1
OTOL1,437
STX4,-1
TTC30A,-1
PDCD4,-1
ATAD2B,-1
TCL1B,612
ARFGAP2,-1
HAX1,-1
C3orf14,-1
SLFN12,208
ABCB6,-1
RCN2,468
ENSG00000230707,-1
KRTAP13-4,287
ADAMTSL4,-1
TNFRSF13C,11
LRRC8D,-1
SLC45A4,-1
XPNPEP3,215
NT5C2,-1
TCEAL8,183
KIF13A,-1
WDR81,-1
SCGB3A2,40
EME1,-1
TMEM104,-1
MRPL3,-1
FAIM,281
DMAC1,497
ARFGEF3,-1
POLK,-1
TMBIM4,190
ZFYVE9,206
NOS3,-1
ZDHHC19,52
SEC14L4,-1
MAP3K6,-1
LCMT1,-1
LUC7L2,-1
MARCHF9,-1
RAB11FIP4,-1
GAL3ST1,-1
NUDT13,-1
CENPQ,-1
MFNG,-1
ZRANB2,198
UQCC5,-1
DDX18,-1
DUT,281
SSR1,594
PHLDA1,601
BRD8,-1
UPF1,-1
ANKRD46,-1
CHCHD10,47
TMEM131L,-1
THAP9,-1
RAB11FIP1,-1
CCNG1,492
RNASEK,-1
PPP1R3D,-1
PEA15,600
KAT5,-1
NUDT5,512
PREB,-1
E2F1,-1
C1QTNF4,19
CCDC50,97
EIF4EBP3,9
RNF215,383
CAMK2N1,-1
ESYT1,411
VAMP7,386
GPRASP3,569
STX12,-1
ROCK2,279
ATP6V0D1,-1
RNF166,-1
GTF3A,-1
MGAT1,577
PRKAR1B,-1
ACAP2,317
PITPNA,74
ACKR1,572
ATP8B3,-1
NELFE,578
AP5M1,41
SSC4D,-1
MRPL16,-1
DCHS1,222
H1-7,-1
AIMP2,-1
BRME1,-1
SKIDA1,-1
SETDB1,447
SERPINE1,-1
GTPBP4,171
ANKRD54,-1
ARL14EP,-1
WDR5B,-1
RNF145,236
MFAP3L,293
RAB33A,550
DGAT1,-1
CSTF2T,340
COX4I1,-1
TPSG1,403
ASPM,-1
EPDR1,243
SYF2,-1
SOD3,-1
PGRMC2,-1
CSNK1E,369
KIF21A,-1
BEST4,-1
AKAP10,-1
KIAA0753,-1
VCX3A,65
PMM2,-1
RHEBL1,277
ULK3,-1
ORC6,-1
BTN3A2,521
VCX3B,363
GLCCI1,354
FAM219A,129
CLSTN3,-1
ISG20L2,232
CACTIN,-1
PTMA,-1
MAGEE1,-1
HSPA13,-1
ADPRM,-1
C11orf54,-1
SLC39A8,-1
HSCB,-1
MYO1E,-1
ZNF793,468
CLCN4,-1
ECHS1,52
PPIH,-1
IRS1,462
BTG3,-1
BTD,-1
SGO2,35
SMIM7,524
SLC4A2,-1
FHL2,-1
BDH2,-1
GPSM3,-1
DDAH2,-1
MLLT11,69
RUSC2,305
CDK16,273
TFPT,-1
PCDHB7,233
NAA20,386
WDR48,356
OSGIN2,339
GUCA1A,108
SPIN4,-1
UBE2F,25
INKA2,129
MRPS21,-1
INSIG1,-1
MCM3AP,378
PAX7,-1
EIF5A2,304
PNMA2,-1
CFAP20,-1
CUL5,-1
PRICKLE1,385
STK36,-1
HSDL2,37
PRR3,-1
RNF168,-1
CCM2,393
SEC24B,96
BCL10,339
TEP1,74
GOLM1,-1
HLA-E,53
BBS4,-1
RPRM,468
KLHL11,113
PKN2,-1
COA1,-1
RASAL1,64
PPP2CB,-1
TMEM186,490
KNDC1,-1
ZC3H18,448
CDCA4,-1
EHD4,-1
PRODH,287
MAGED1,-1
SDHAF2,-1
ID1,-1
NDUFC2,171
DR1,405
NPR2,220
MAP1LC3A,569
ABHD5,-1
ASNSD1,-1
HNRNPCL1,47
CHD4,-1
DNAJC10,-1
ACLY,-1
POC1A,428
STON2,538
SLC1A1,-1
CAMK2G,-1
MTLN,-1
TRIM39,-1
CHST10,506
CDKN2AIP,-1
DEPDC7,-1
CEP76,11
PRAF2,-1
PSMD10,-1
POLR3H,-1
ADD3,471
RASL11B,60
SLC16A9,-1
CETN3,341
OGT,-1
SNRPB,297
APC,-1
GNPTG,-1
KHK,-1
IMMT,-1
CISH,-1
FMNL2,-1
LMAN2,300
TMEM14A,-1
MRPS18C,198
C1QL1,-1
SUSD2,237
ALYREF,-1
NAGS,-1
APEH,60
FNDC8,285
SLC16A8,-1
NEURL2,-1
MAGEB17,604
KIF20A,374
KIDINS220,-1
PF4,390
RNF7,-1
NOC2L,-1
KCNK1,132
PRDM10,-1
MYO5C,137
CHFR,428
UQCC6,304
CORO1C,415
ANKRD17,354
SMAD5,-1
CDX2,-1
TCEAL7,-1
TEX10,532
TUBB,-1
TONSL,112
TMEM51,-1
MOCS3,-1
FOXI3,-1
POU5F1,617
LRRC14,-1
RMI1,-1
RBM48,261
YES1,274
STOM,-1
KDM1A,-1
GPR173,-1
RDX,195
KIF15,177
MLST8,-1
DAD1,-1
PRC1,506
PCYT1A,-1
TEX15,-1
DLG5,-1
SEC23B,-1
KCTD13,544
COQ9,42
EIF1AD,-1
FAU,391
DES,-1
TMEM184A,392
PTPRG,546
TROAP,-1
RLN2,-1
B9D2,-1
F8A2,-1
API5,-1
KDELR3,-1
ABHD2,-1
GNE,-1
TXN,569
USHBP1,-1
TNRC18,-1
NEU3,450
EMC6,574
DNAJB4,-1
PIM2,608
CCDC90B,-1
LKAAEAR1,618
ALG9,-1
MTMR1,533
SH3BGRL2,143
GPS1,-1
SF3A3,-1
ZEB2,-1
PABPC1,-1
TOR1AIP2,183
MTPAP,-1
DCAF4L1,-1
SMC5,-1
ZNF507,-1
TRIM33,535
PDGFB,517
SLC25A33,-1
GALNT3,-1
C12orf76,-1
ALG6,-1
TSG101,-1
SFT2D1,470
PES1,616
TSSK3,-1
SPACA6,-1
PKIB,532
SNX6,436
RTKN,-1
TUBA4A,510
NUB1,447
MCM4,81
ELAC2,558
SAP30BP,541
RPS15,506
AFMID,634
CNNM4,-1
CNOT9,487
ACACA,-1
PTRH2,156
PHKA2,-1
MINDY1,-1
FAM76A,-1
NPIPB13,-1
ZFR2,546
NDUFS5,80
TGFBI,159
DCAF10,195
COX7A1,70
AGAP9,-1
TJP2,-1
KRTCAP2,-1
CBLL1,561
ZSWIM8,558
MMUT,115
TFIP11,531
ARHGAP19,-1
MSS51,515
CORO1A,-1
AGA,200
AKIRIN2,432
ARAP1,554
MARCHF2,-1
KIF14,-1
TAF13,380
WDR13,-1
PPP1R3E,152
SPOUT1,-1
BIRC6,347
RPL35A,-1
CDK20,537
CNEP1R1,-1
SPTLC2,-1
SAYSD1,317
HMGCS1,-1
OIP5,-1
KIF4A,488
IKZF3,294
MMP23B,11
F8A1,632
KANK1,134
CRB3,-1
RNF40,247
MRPL27,-1
NDEL1,333
TAX1BP1,-1
KLHL5,395
YEATS2,309
PTGES3,340
SC5D,354
FHL1,140
DDX56,562
TRIM44,286
ABCD3,-1
C2orf74,-1
MOB1B,279
PRDM14,-1
HNRNPR,-1
SIT1,378
NOP14,-1
CRBN,263
TTL,-1
MAPK9,-1
NUP214,320
ACTL10,-1
APBB2,-1
NR2F1,255
STRA6,-1
CNNM3,255
STBD1,-1
C11orf71,-1
SFPQ,-1
PTK2,-1
B3GALT9,-1
PRDM15,-1
TMEM88B,-1
SHISA9,494
TBC1D24,38
SYNRG,-1
HSD17B10,336
MTARC1,-1
GPATCH2L,11
PAXBP1,-1
PDIA6,476
VPS37B,-1
NCAPH2,-1
ANKRD13C,64
MT1X,-1
MYSM1,-1
DUSP12,199
PDHX,630
ARHGEF7,-1
PPP2R1A,281
ETFRF1,208
FUNDC1,556
SMIM19,-1
TMED5,81
CTSK,214
FIBIN,-1
RNF170,416
GAB1,23
YY1AP1,163
RAB18,-1
DHFR2,-1
SMURF2,413
ERAP1,36
VEZT,-1
DLAT,-1
NPDC1,204
ACTN3,-1
PPP1R3C,-1
COL8A2,-1
RBM10,121
H2AZ1,137
EEF2,-1
PDCD1,-1
CENPH,-1
FANCF,606
C8G,-1
SWSAP1,-1
LAMTOR4,-1
GOLIM4,-1
CCNK,364
CIBAR1,-1
ANO6,395
POLR3G,-1
RAB11FIP3,-1
CLDND1,-1
LRP12,-1
ENTPD7,133
TMEM125,612
DLG4,140
CAPZB,272
GRPR,460
TAF11,-1
SALL4,-1
EPHB4,297
FIGNL1,-1
NAGPA,281
GPR108,-1
SHD,-1
SHOC2,-1
AGPAT1,558
RECQL,-1
COL16A1,-1
MYOD1,-1
COX20,9
C2CD4C,465
TAOK1,-1
ZNF148,-1
TTC3,-1
PIK3IP1,-1
KCNA5,-1
TPRG1L,-1
PTPRU,215
MKNK1,563
JPH3,-1
RHOBTB2,-1
ARL10,-1
BIN1,-1
ATP6V0C,-1
FBXO21,-1
VIPR1,-1
CHGB,-1
RIPOR2,86
MDM4,535
RMND5A,275
UBAP1,218
SEC61A1,240
COG1,-1
C12orf43,507
BCAR1,-1
SUSD3,-1
CIB2,-1
FUBP3,-1
VRK3,327
YKT6,-1
NDUFS3,-1
SEMA3G,128
METTL27,-1
HIF1AN,-1
MXRA7,-1
SELENOV,395
ADAMTS10,82
LARP7,-1
MYL5,-1
NSMCE3,-1
MPHOSPH6,-1
ANKRD23,173
SLC10A3,516
RILP,404
NMT1,613
RAPGEFL1,-1
SLC24A1,379
KIF26A,-1
MAU2,222
WAC,213
SCN1B,165
BRAT1,-1
VPS26A,101
MAPK8IP3,-1
NFU1,295
ARMCX3,-1
CLCN6,98
SYT2,-1
PRXL2C,-1
TM4SF18,-1
NTPCR,-1
FICD,76
CDK11B,300
SLC29A3,-1
REPS1,136
PSMB8,64
ARHGAP12,-1
TMEM242,-1
ARL4A,440
SIKE1,191
CAPZA1,-1
SLC5A3,232
NBPF1,374
PHF20,617
GTF2E2,-1
TMEM102,518
PAQR6,-1
CRYZ,317
WDR74,-1
MEGF10,65
DCLRE1B,-1
FAM236B,216
THEM5,15
DRG2,-1
CTHRC1,-1
DGKA,-1
C19orf53,100
CDCP1,-1
SEMA3B,-1
PUF60,-1
CCDC92B,-1
TIMM8A,-1
CGNL1,-1
MRPL38,-1
GIGYF2,-1
SPRTN,206
SOWAHB,-1
ENTPD1,-1
PCDHAC2,219
PIKFYVE,69
HBA1,-1
SLC7A11,82
MRPS15,50
POLI,250
ALG5,471
TATDN3,483
MSI2,-1
ESPN,-1
COMMD4,-1
BICDL1,-1
DYNC1LI1,116
PPIP5K1,-1
TMED3,-1
ACBD6,294
STYXL1,-1
CENPL,-1
ANKRD49,-1
FAM133B,-1
LANCL2,601
LIMS1,-1
TES,-1
PSMB5,256
PRMT7,-1
SDHD,216
PPP1CB,-1
H2BC15,153
CACNB1,159
TIMM17B,-1
COX7B,-1
NPIPB11,-1
TRMT2B,-1
MTREX,-1
ATG2B,-1
CCDC66,189
POLR1A,135
TADA2A,-1
UBA52,306
DCLRE1A,-1
RCC1L,411
DVL1,21
LGI4,-1
PAK4,474
TMA7,190
SLC12A2,-1
IQGAP3,-1
ANKRD33,-1
ADRA2B,336
PSKH1,-1
TSR2,-1
KLHL12,-1
AVL9,238
LAT,-1
DMXL1,379
EIF3C,-1
ATP5MK,-1
TMEM200A,357
ODAD1,-1
EIF1B,-1
SLC25A37,107
ZNRD2,-1
LRG1,-1
TACC2,-1
RPL35,-1
GNL1,-1
SSR2,-1
GLI2,147
DYRK1A,-1
TMX1,-1
SCYL2,-1
GABARAPL1,128
IPMK,287
EIF5AL1,-1
CARD8,-1
UTP20,30
LUC7L3,209
C6orf62,-1
FANCA,-1
AR,-1
MYL6,-1
SCOC,362
RAPGEF2,-1
ADAM11,-1
SKIC8,423
SLC35A3,-1
TMEM39A,425
FYCO1,165
SLC35B1,-1
ENTREP1,-1
GPX2,386
ZBTB8A,-1
LARP6,-1
ADAMTS4,-1
GOSR1,-1
VIPAS39,577
MEX3B,-1
MARK4,-1
NDUFAF1,-1
NSFL1C,-1
NAPA,574
UPF3B,245
CD37,140
NUP42,522
ATP5MJ,172
STAM,475
EIF3K,-1
HEXIM2,-1
PRRT4,517
ATMIN,522
IDI2,50
NDUFA9,-1
FBXO3,-1
GMPR2,317
ARHGAP11B,-1
RABL3,96
WSB2,183
TPCN2,122
XRN1,-1
TMUB2,-1
EMC1,-1
KDM4D,-1
MREG,-1
ANKRD52,472
SMG9,-1
UGP2,-1
HERC5,277
MFSD11,-1
SCO2,133
HNRNPH1,-1
EIF3H,423
SNAP29,-1
GTF2A1,-1
RPS9,110
CSPG5,402
CPTP,-1
ST6GAL1,-1
MRPS5,-1
OR2A4,-1
CCDC103,452
ZRANB1,-1
RUNDC3A,-1
EFEMP2,211
YAP1,366
KCTD21,326
RUVBL1,196
GP1BA,35
USP5,-1
CLCN3,308
GEMIN7,-1
PGM2,-1
KLK10,216
NLE1,-1
SNF8,-1
TAF12,-1
ZCCHC17,-1
SULT1A2,-1
GRAMD4,-1
FXYD7,-1
ZCCHC14,-1
PHYHIP,-1
FBF1,-1
BLM,-1
RCN3,-1
SEPTIN7,-1
HEXA,283
DAXX,-1
ELP2,-1
USP19,-1
CEBPA,-1
BTAF1,-1
MBD5,-1
NPRL3,-1
DPP8,-1
CDHR1,446
GPN1,-1
PEX14,429
ATG13,-1
U2SURP,-1
RRS1,-1
RBIS,-1
BOP1,98
BICDL2,-1
AIF1,335
RYK,-1
PCF11,-1
ERVV-2,329
NCAPG2,-1
TRAPPC6A,-1
ISCU,555
NUP210,-1
PANK4,213
ASTE1,-1
ERCC6L,-1
BNC2,-1
MCM3,-1
LAMTOR3,597
ZBTB2,207
RANBP9,-1
ZCCHC10,122
PDS5B,-1
TIMM8B,-1
DNAJB14,-1
METTL25B,233
PRAME,264
GDF9,-1
CHMP5,138
ASPRV1,558
STAC3,106
MTFR2,-1
ATOX1,-1
RHOC,-1
MED28,-1
IMPA2,-1
ATP6V1G1,113
IFT46,7
MKRN1,-1
PHLDB2,-1
PRICKLE4,202
HIPK1,442
FANCI,372
ENSG00000284691,273
ZFYVE1,-1
EXOC8,-1
ARSI,85
GADD45G,-1
LIN9,-1
ATXN7L1,-1
STRN4,432
PSMG2,5
MAT1A,-1
SMIM10L1,-1
TMEM209,146
AIP,-1
EXOSC1,-1
SERF2,621
UQCC2,29
KLHDC9,311
SOCS6,631
ALG3,-1
ABCF1,-1
MAP2K1,-1
OGA,-1
NIPSNAP3A,-1
TMEM68,-1
KLHL18,385
ALG1,-1
KRT7,-1
LHB,-1
PNN,-1
CRCP,91
DHX9,-1
MRPL2,208
ESRP1,182
MARCHF5,-1
ID2,511
VCY,-1
TMEM131,47
SLC15A3,72
ASGR1,-1
GPATCH4,-1
DDI2,57
ESPL1,-1
PRPF8,-1
GARS1,-1
FRG1,-1
USP33,-1
GHITM,-1
EMC2,612
PRR11,-1
GIPC3,-1
FBXL15,-1
EPHX3,106
TUBB1,-1
ANKEF1,386
HOXD13,232
HSPB8,59
BMPR1A,-1
MRPL22,-1
PGF,5
TOMM40,494
CCT5,-1
GAPDH,-1
TNFSF12,119
GTF2F1,354
LPAR3,-1
CTNND1,343
CENPC,-1
ZNF451,-1
FN1,247
GFY,-1
RALB,-1
KCNC3,-1
OLFM1,-1
ERGIC2,-1
SLC39A7,233
ELAVL2,-1
TRIM26,81
RUFY1,-1
FANCD2,0
WDR20,-1
ARHGEF17,-1
DIPK2A,-1
SF3A1,-1
CERCAM,487
TXNIP,201
RTN4IP1,-1
GCAT,100
SAE1,-1
RPL8,221
PAPSS2,-1
LDHB,-1
HYLS1,89
KRAS,-1
PCDHB15,251
TMEM150A,-1
TCP1,-1
BNIPL,-1
SEMA4F,-1
DDX23,-1
UBE2L3,-1
EEF1E1,358
ATXN7L2,-1
STX5,207
SLC20A2,-1
RASSF2,-1
UBXN10,-1
CLINT1,501
PPP1R8,149
ARPC4,-1
DHFR,-1
GPATCH8,-1
FBXO48,-1
VPREB3,-1
ELL,-1
GNG5,-1
STON1,-1
ALG10B,-1
CLDN34,-1
C9orf78,-1
FHIP2B,-1
JAG2,-1
RALGPS2,-1
STN1,-1
ENY2,631
SUPT16H,-1
EPS15L1,393
ICE1,-1
XRCC5,363
EXOSC2,214
PLA2G4C,-1
TAF5L,-1
HADHA,-1
SEZ6,-1
SNRPA,78
MRPL35,-1
YOD1,-1
PDLIM2,549
UQCRB,-1
PMVK,65
SMCO4,-1
SLC31A2,-1
NAA15,-1
CRISPLD1,-1
C14orf93,-1
NMU,-1
TMEM130,7
SRSF3,275
DPPA2,-1
VASH2,-1
VDAC2,-1
FBXO5,-1
SWI5,-1
AFAP1,-1
ARL2,17
ETFDH,-1
LSM5,-1
PRCC,-1
CCDC9,265
ASIC3,129
BMP4,-1
SYNGAP1,120
RPAIN,-1
MAL2,261
CTH,42
FASN,-1
PTPN5,-1
TMEM82,-1
CDK10,106
NDC1,-1
MAP3K2,360
PCNX3,-1
TMEM221,-1
TGIF1,486
CNKSR1,-1
RASSF4,120
YPEL4,143
ZNF511,-1
NOL12,-1
LARS1,590
GGTLC2,426
SPCS3,-1
SRP54,-1
GABBR1,-1
FHIP1A,133
VTA1,-1
DLG3,-1
MEAF6,-1
CDK7,-1
TOR2A,-1
HGS,-1
PPP1R7,389
UBR4,634
DDX49,-1
GPR150,453
TFG,-1
RAB2B,367
BDH1,-1
TMEM175,-1
DLGAP4,-1
ZNRF1,-1
PPP1R1B,-1
NMD3,409
FAM118B,207
C22orf39,191
PSMA6,-1
SEMA4D,-1
RFWD3,-1
RARS1,464
PDZD11,114
CCDC74B,-1
VPS29,-1
KARS1,-1
TNIP1,-1
FDXR,-1
OTUB1,-1
FKBP5,610
TNRC6A,-1
TRPT1,-1
NUP43,-1
SLC43A3,-1
SLC52A3,-1
ZCCHC9,-1
TXLNG,-1
POP7,90
RPS6KL1,-1
ARRDC3,-1
ZC3H4,-1
CABYR,9
TMEM240,-1
TRIM28,-1
TNPO3,-1
HYOU1,-1
DHPS,-1
EIF4G3,101
COX10,119
SLC35D3,-1
IGF2BP2,-1
TNFRSF8,140
ARMCX6,-1
NOXO1,-1
PSEN2,-1
SNAPC3,-1
ALDH6A1,363
MX2,42
BSDC1,441
ITSN1,-1
ATXN7,-1
TUBB4A,-1
MARVELD1,-1
HIRA,-1
NIFK,-1
PRRG3,-1
MCM8,183
MAP7,308
SREK1,-1
E4F1,-1
KANSL1,149
TBC1D15,309
UBE2W,-1
SCN4A,-1
ATP6V1F,-1
EOGT,-1
S100A1,-1
KIF2C,-1
PPP1R18,137
LENG8,596
NDUFA4,-1
CCDC80,-1
TAPBPL,-1
CCDC124,572
RPF1,-1
CDPF1,-1
TIMM10,-1
FANCM,-1
FUNDC2,393
PCDH10,41
SYS1,-1
SEL1L,-1
CFL1,178
PLEKHA5,-1
CTNNA1,472
MARCHF7,101
TRIM17,122
MZT1,-1
MED30,522
PLCD4,30
RNF115,413
LRRN2,-1
CTDSPL2,-1
ATP11C,95
QDPR,-1
SF3B1,-1
DDX55,43
PLEKHO2,-1
MMS19,-1
STRIP1,-1
VPS18,351
ACD,-1
EXOSC10,-1
GBF1,75
CCDC9B,-1
ELOVL4,-1
GREB1,237
TUBD1,-1
SUGT1,-1
DNAJA2,-1
STK11IP,-1
PCLAF,175
SLU7,-1
SMG8,-1
BRAP,-1
TMEM243,389
RBM42,-1
THOC3,-1
RAB20,-1
EIF1,-1
SNX12,-1
MPDU1,-1
TSEN2,-1
MRNIP,-1
MPHOSPH8,-1
GRM2,-1
ARHGEF18,64
SLC39A9,-1
PSMD3,-1
MRPL19,-1
MCRS1,135
SNRNP70,-1
THG1L,605
NDUFAB1,-1
CCDC59,-1
OXNAD1,122
STMP1,114
SLK,-1
DCUN1D3,-1
NGDN,-1
TNFRSF11A,-1
TMEM65,-1
SPSB3,-1
SDE2,550
CLNS1A,-1
NSDHL,-1
TBC1D2B,-1
CLDN11,500
SMYD4,-1
DOCK6,-1
ABLIM1,124
MAP1LC3C,-1
SAR1A,151
AAGAB,122
PNKD,403
PRELID1,157
INIP,352
PANK1,-1
ITGAV,627
SNRNP25,-1
CAMSAP2,-1
CCDC152,-1
CAPN2,74
NXT2,-1
CBLN3,-1
MBLAC1,-1
ZDHHC17,-1
TMEM177,-1
AASDHPPT,63
RBMS2,-1
PLPP3,-1
ZIC2,-1
HERC4,-1
EXOSC6,-1
NAA10,-1
POLR3B,-1
PTS,-1
DISP3,137
ZGRF1,-1
SRC,392
RAB40AL,100
FAF2,110
PLAA,-1
RAB1A,-1
SRSF12,81
OSBPL9,-1
TNFRSF1A,-1
SDR42E1,345
NFS1,-1
ZC3HAV1,-1
PRPF38A,279
DDX20,129
TEKT2,-1
ESS2,-1
RNF214,108
VPS51,-1
PLEKHF2,-1
CRKL,-1
ATP6V1A,-1
TXNL4A,15
FAM169A,177
ISY1,-1
ADCK5,-1
DSG2,-1
ANAPC13,-1
CAPN5,-1
COX6A2,237
SRSF4,492
C1orf54,-1
TRMT5,-1
IQGAP2,295
SNTB2,-1
CNTROB,-1
MED14,-1
NDUFA1,465
USP27X,-1
MRPL46,-1
MAPK8IP2,274
WBP4,-1
TXNL1,-1
ZC3H13,-1
USP36,125
PSMB4,-1
GET1,-1
RAB7A,-1
ACAT2,-1
MIS18A,-1
TIMP3,-1
MED4,-1
VPS25,-1
SUGP1,-1
ABHD15,-1
PRXL2B,-1
PPP1R37,-1
CTC1,471
TMEM106A,387
ERCC2,360
PHLPP2,-1
CYLD,-1
FBXO30,-1
VPS52,-1
PI4KA,185
CLMP,-1
TUBA1C,-1
SLITRK4,-1
INTS13,275
EIF4E,-1
TMTC3,219
PARN,-1
RPS21,-1
CGN,238
CDCA8,-1
ZC3H10,-1
LSS,-1
KANK2,-1
SMDT1,376
NFYA,-1
PGS1,-1
USP2,-1
LIMK2,402
RAB10,-1
GPR63,-1
GJD4,-1
RASA3,149
MFN2,-1
ASCC3,-1
KIFC1,-1
FANCE,-1
MVK,-1
XAB2,-1
GLB1,-1
SNW1,-1
GET3,-1
XPO1,-1
PPWD1,-1
CENPE,-1
COX6C,-1
CCNB1,-1
USP4,-1
TAF8,-1
IFT80,41
RBM27,-1
RICTOR,-1
MRPL28,-1
ICAM5,-1
CNIH4,-1
SNAPC1,-1
RBM34,-1
PMF1,-1
SNRNP40,39
SART1,-1
RBX1,-1
EFL1,190
KIF20B,-1
C5orf22,-1
RBM33,-1
CHORDC1,-1
POLR1F,-1
GON4L,-1
LY6G5B,-1
PRR12,132
SLMAP,-1
EXOSC3,-1
AUNIP,-1
TGS1,-1
SMOX,-1
SNIP1,587
DCAF4,-1
TTI2,-1
RTF2,376
ADAT2,-1
MRPS18B,-1
VPS36,-1
UBA2,-1
HNRNPL,146
POMGNT1,-1
TMEM101,-1
IKBKB,-1
PGK1,131
NPM1,-1
DLD,-1
PBDC1,471
FBXO41,71
ATP5ME,-1
ATP2C1,-1
ORC2,290
NCAPD3,-1
PIFO,-1
USP1,-1
SERBP1,-1
LRRC57,-1
RPLP0,-1
FGFR1OP2,-1
ADGRL1,-1
CKAP2L,-1
SLITRK1,238
MCRIP1,490
NAA38,46
DCPS,-1
C1D,-1
HERPUD2,119
CHCHD4,-1
MFN1,64
PSMD6,31
NPLOC4,116
TNKS,-1
PSME3,75
TMEM139,71
GEM,-1
DNAAF10,-1
CEPT1,-1
AFG3L2,-1
UBE2T,-1
SNCB,-1
CD2AP,38
CCDC137,-1
ATP6V1B2,-1
POLR2F,-1
SRPRB,-1
SMNDC1,-1
PLEKHA3,-1
CSTF1,-1
TELO2,294
NUP133,-1
FAM118A,-1
NEFL,-1
EIF3L,576
RPP14,-1
GTF2A2,-1
CCM2L,-1
PPP2R2A,-1
EIF4G2,582
BRIX1,418
MTX1,-1
CFDP1,177
ATG3,-1
MIS12,-1
ATP5F1E,-1
KNTC1,-1
HPN,-1
RPL28,-1
RAD21,-1
WDR3,-1
VBP1,290
NDUFB6,-1
SZRD1,-1
NAA30,-1
RPS12,-1
TERF2,-1
WDR46,-1
PCNX1,65
RPL6,197
NTAQ1,-1
POLR3C,-1
CEP350,-1
POLR1H,350
RBP5,129
AHCTF1,-1
CMBL,-1
PI4KB,585
YME1L1,403
DIMT1,539
EBNA1BP2,-1
CEP192,280
ATP5MF,-1
DYNC1H1,-1
SPPL2B,-1
TOP2A,-1
TSTD2,-1
DGCR8,-1
OXSM,-1
TMEM214,458
WDR1,-1
ANKLE2,-1
PPP1R35,-1
HSP90B1,-1
WIPI2,-1
MAX,-1
EXOSC8,-1
SENP2,-1
NDC80,-1
FUZ,-1
HDAC2,-1
TRAPPC10,-1
SLC25A28,-1
RBBP5,-1
XRCC3,-1
HECA,-1
BET1,-1
RBM14,617
NFYC,257
GTF2H3,-1
WDHD1,-1
COMMD7,374
RTEL1,-1
POLR2J,-1
HSPA5,-1
ATP5F1C,595
CDC37,-1
LNX2,-1
VPS4A,-1
QRICH1,-1
CERT1,-1
ARSK,-1
TCEAL6,-1
TMOD3,-1
SF3B6,-1
PALB2,-1
PXN,-1
UBXN2B,-1
MRPS31,-1
UPF3A,-1
TRAPPC2L,-1
ATP5PF,-1
ZNHIT3,-1
THBS3,152
GTF2H2,43
NSMCE1,464
RFT1,-1
CINP,-1
MBTD1,-1
POLR2J3,136
METTL15,52
SMC6,133
GAPVD1,-1
CASD1,-1
ATP6V1E1,-1
CFAP119,124
APH1B,-1
GPRASP1,-1
UBE4B,-1
TIMM44,-1
PSMA4,-1
PPM1K,52
SNRPD2,222
ZDHHC3,-1
AAMP,-1
INTS14,-1
PRRC2A,-1
GBA1,-1
UBTD2,-1
RPS29,-1
CELF5,-1
R3HCC1L,-1
UQCRC2,-1
CDC25A,-1
NCBP2,-1
DLGAP5,-1
CSNK1A1,-1
RRP1,60
SRRM2,-1
SNRNP200,-1
CDK5RAP2,-1
FRA10AC1,-1
SPHK2,185
DPH3,-1
CDT1,-1
PTDSS1,-1
TMEM218,165
HUS1,-1
PFDN1,-1
HBS1L,-1
FBRS,402
VPS16,-1
LRSAM1,-1
CDC34,-1
EXOSC9,-1
RBM19,-1
ACTR6,-1
ZFC3H1,244
POLR2K,58
GINS4,-1
SENP6,81
EXOC1,-1
PCNP,-1
CUL2,-1
KRBA2,-1
RABGGTA,-1
MRPS33,-1
SEC62,252
YEATS4,-1
RRP36,-1
RPS24,-1
CTDP1,-1
PITPNB,623
NIPA1,-1
HJURP,-1
RBPMS2,-1
TRAPPC1,-1
SSB,-1
TAF10,-1
RBM39,-1
CETN2,-1
BCS1L,-1
CEBPZ,-1
TRAIP,-1
TIPRL,-1
NHP2,-1
CEP135,-1
DNAJA3,-1
SOGA1,-1
S100A4,404
NOP16,-1
RASA1,-1
SLX4,-1
FAM168A,-1
ANAPC15,-1
ZC3H11C,-1
ARMC7,-1
GTF2H4,-1
GRWD1,-1
PGGT1B,-1
UTP18,-1
TBP,-1
CTAGE6,-1
PPP1R11,-1
MRPS11,-1
SMG5,-1
SIPA1L2,136
GSTZ1,255
CHAF1A,-1
NDUFA7,329
SPPL3,-1
FKBPL,-1
CENPM,-1
CWC22,-1
GFM2,-1
TOPBP1,390
POLE,-1
CPSF3,-1
DENR,-1
GOSR2,-1
ATP6V1C1,-1
BRF2,-1
TRNAU1AP,84
FAM210A,-1
MANSC1,-1
FBL,-1
FLNB,-1
BNIP1,-1
ACAD9,-1
LAGE3,105
NOL7,-1
SHQ1,-1
SLC16A3,-1
RNF20,-1
MCL1,-1
DHX29,185
HEPH,-1
GINS2,-1
CENPJ,-1
UBL5,-1
PRPF38B,-1
GTF2F2,-1
MYH9,-1
ATP5PO,-1
PNO1,126
EXOC7,-1
RPS25,-1
NPIPA5,-1
RPS2,-1
COPS8,-1
USP39,-1
CAPZA2,350
MNAT1,-1
CARS1,233
RPL11,98
SF3B3,-1
CWC25,-1
ERH,-1
OPA1,-1
NUDC,537
ARIH2,-1
TRAPPC4,404
ALDOA,-1
MCM9,-1
CDH2,-1
WRAP53,-1
RTL10,-1
NPPA,-1
ATP5MG,-1
NDUFB1,-1
CEP152,-1
EP400,-1
RPL18A,-1
ACTR8,-1
BYSL,95
SUMO2,-1
SGO1,-1
LSM7,-1
CCT8,-1
NUP37,95
ZNF207,-1
ABITRAM,-1
EML2,-1
PRPF4,-1
ZBTB11,146
TOMM20,-1
HPS5,-1
PAF1,218
UTP25,-1
GH2,-1
PAK1IP1,-1
NEDD8,60
PPIL4,-1
VIRMA,341
COG3,-1
ATP5PD,-1
RSL24D1,-1
PSMB7,-1
NFRKB,-1
PFDN6,11
GCC2,-1
CENATAC,-1
EIF2B2,-1
SMC3,-1
RPRD1B,129
IARS2,-1
MYO9B,47
PPP1R2,23
EEF1A1,-1
MED22,-1
U2AF2,-1
RAVER2,-1
TBCC,-1
SRRT,-1
XRN2,-1
TCERG1,-1
UPF2,-1
NOP10,-1
ERCC3,-1
TBCA,-1
SNRPE,-1
RANGAP1,265
PLEKHA4,-1
ATP5PB,-1
SDF2,141
ATR,256
RHOA,-1
COPS2,-1
HSPD1,-1
BUD23,-1
ZWINT,-1
RPS16,-1
SLC25A40,-1
VPS37A,-1
MED27,-1
MTX2,-1
DSN1,-1
C2CD2,-1
PDCL3,-1
FNBP4,422
FARSB,-1
NCSTN,141
RAD9A,-1
DBF4,-1
PET100,-1
SF3B2,578
TRAPPC3,513
LSM8,-1
HAUS2,-1
PXMP2,237
TSACC,-1
DDB1,0
NUP54,-1
GNA12,15
TECPR2,-1
GTF3C3,99
WDR75,-1
HAUS7,-1
ACTR1A,98
RSL1D1,-1
URM1,-1
UTP4,-1
RPL3,-1
POLA1,-1
ATRIP,-1
EIF3B,-1
FDFT1,-1
RPS8,528
RPL27A,-1
HAUS3,-1
PSMA7,-1
UBE2C,-1
SMG7,-1
EVPL,252
EIF3J,-1
TUBE1,-1
C18orf21,-1
PDAP1,348
CENPF,-1
DHRS1,420
ZNF335,-1
PSMD1,-1
FAM53C,-1
PPP1R15B,208
DDX39B,-1
SDAD1,-1
RABGGTB,-1
RAMAC,-1
KAT8,-1
LSM4,-1
PPP1R10,-1
AURKA,-1
PPP6C,-1
UTP23,-1
OSTC,-1
NUTF2,-1
MPHOSPH10,-1
CCNA2,-1
EFTUD2,-1
PWP1,-1
TSEN15,-1
MASTL,-1
ECT2,-1
SEC61B,19
BCKDHA,-1
RAD51C,-1
SQLE,-1
COG4,-1
ASH2L,-1
ELP4,-1
GPRASP2,-1
SS18L1,-1
TAF1C,-1
ANKRA2,-1
DYNC1I2,-1
REV3L,-1
CDC73,-1
NCBP1,-1
VPS45,-1
TACC3,84
MED6,-1
TAF1,-1
NSA2,19
LSG1,-1
SPC24,-1
DCAF16,264
EIF3M,-1
TXNL4B,-1
TMEM170B,-1
FRS2,-1
TRAPPC11,-1
PDCL,-1
DHX33,-1
IPO7,-1
RBM25,-1
DCAF1,84
RPSA,-1
SEC63,423
CEP120,-1
BUB1,-1
GAK,-1
KRI1,-1
KMT5A,-1
MRPL13,-1
GSPT1,-1
DDX47,-1
GEMIN2,-1
KIAA1958,39
NANOGP8,-1
RNF113A,-1
PTCD3,-1
ZPR1,-1
POLR2B,-1
MSMO1,-1
XRCC1,-1
EIF2B1,-1
NAA25,-1
TMEM234,-1
NUP205,-1
DDX27,-1
MCM6,-1
IMP4,-1
HAUS4,-1
RTRAF,-1
PDCD7,-1
ALG2,-1
ATP5F1B,-1
AARS1,-1
SMC2,-1
EXOSC5,-1
TEDC1,-1
TSR1,-1
PRPF40A,19
CLTC,216
NOC4L,-1
RBBP4,-1
MED8,-1
POLR2C,-1
USPL1,-1
NOP56,-1
TECR,-1
NARS1,-1
GTF2H1,-1
NR2C2AP,-1
RPS28,-1
RIOK1,-1
LSM3,-1
SNAPC2,-1
SLF2,122
JPH1,-1
IK,-1
MOSPD2,35
DARS1,-1
BUB3,-1
CHMP2A,-1
PSMC4,-1
DDX51,-1
ATP5F1D,-1
BRD9,-1
AREL1,-1
CDCA3,-1
NAF1,-1
DHX15,-1
TIMM13,-1
GPKOW,183
CCT4,-1
PSMG3,-1
SZT2,-1
OXA1L,-1
UBAP2L,199
VPS72,-1
MARCHF6,-1
MAK16,-1
HROB,-1
RPN1,-1
ZNF407,-1
RBMX2,-1
INTS3,-1
NDUFA2,557
EIF3D,-1
DDX21,-1
ZWILCH,-1
RPL7A,-1
POLR3D,-1
MRPL57,-1
SNRNP35,-1
SARS1,-1
RAE1,-1
VPS28,-1
GDAP2,-1
USP8,-1
NRF1,-1
SKA1,-1
TIMM22,-1
PPP1CC,-1
MMS22L,24
WDR55,-1
GINS1,-1
TEDC2,-1
IARS1,-1
RPLP2,-1
SKA2,-1
EMG1,-1
PFDN2,-1
WEE1,-1
RPP40,-1
CCDC86,-1
RBSN,-1
MYBL2,-1
RANBP2,-1
MTOR,120
PSMC1,199
PCDHB8,-1
PTTG1,-1
MIS18BP1,-1
RBBP8,-1
PEX1,-1
UTP14A,-1
CARM1,-1
ZCRB1,-1
SON,-1
PLK4,58
TRMT6,-1
NOC3L,-1
WBP11,-1
PMPCA,-1
NDUFAF5,-1
POLR1C,-1
CENPN,-1
PUM1,197
VMP1,-1
MAPKAP1,-1
SRP68,-1
TIMM9,-1
TRIP13,-1
DKC1,-1
COPS4,-1
RWDD4,-1
RITA1,-1
RFC2,-1
GPALPP1,-1
SURF6,-1
PRPF39,-1
INTS8,-1
RPA1,-1
CCDC174,-1
PSMA5,-1
GINS3,214
CCDC12,-1
TRNT1,-1
RAD51,-1
TP53RK,-1
EIF3F,549
PSMC5,-1
RCC1,-1
RNPC3,-1
CEP44,530
GTF2E1,-1
HAUS8,0
CPSF1,-1
CENPP,-1
NCAPD2,-1
FARSA,-1
CCZ1B,-1
ATL2,-1
KIN,-1
PPP2CA,-1
RIOK2,-1
IGBP1,74
SASS6,-1
MED31,-1
NUF2,-1
PSMA2,-1
MSTO1,-1
SOCS4,-1
POLD2,-1
PRELID3B,-1
ZC3H8,-1
PSMC2,-1
NOP53,-1
RACK1,-1
PMPCB,-1
MDN1,-1
CHERP,213
RPAP3,-1
NUBP2,-1
RPS5,-1
EIF5B,-1
PSMC3,-1
KPNB1,-1
KANSL3,-1
SEC13,-1
DCTN4,-1
R3HDM2,-1
THOC2,-1
TBL3,0
TIMM23,-1
ZNF830,-1
WAPL,-1
UTP3,-1
SRP72,-1
POMP,-1
HEATR1,-1
U2AF1,-1
MCM7,141
EIF1AX,-1
EIF3A,-1
MED21,-1
EIF3I,-1
GEMIN8,-1
ANLN,-1
SLC7A6OS,-1
POLR3F,-1
HARS2,-1
RPL27,-1
YJU2,-1
SAMM50,-1
RPS27,-1
LAS1L,-1
TMA16,294
LSM2,-1
CIAO2B,-1
NKAP,-1
TUBA1B,-1
CDK1,-1
SEH1L,39
RRN3,-1
PRIM2,-1
RNF25,-1
CPSF4,-1
RNPS1,-1
NEPRO,-1
CEP295,-1
POLR1B,-1
NUP85,-1
RPL5,-1
RPL19,-1
RPL10A,-1
RPLP1,255
EIF3G,-1
GRPEL1,-1
CDC45,-1
CCT6A,-1
CENPK,-1
NACA,-1
NSRP1,-1
SMC4,-1
EIF2B5,286
SNRNP27,-1
SNRPC,-1
SNRPD3,35
NOL10,-1
HSPA8,-1
RPL36A,-1
RPS19,-1
MED18,-1
PSMD7,-1
DDX52,-1
CDC7,-1
NUP88,-1
ABT1,-1
LIAS,-1
HSPA9,-1
SGCB,-1
KRR1,-1
TAF1D,-1
DDX46,-1
RPS19BP1,-1
DHX8,-1
PDCD5,-1
GMNN,-1
COG8,-1
CASP8AP2,-1
MED17,-1
PPP1R12A,-1
NAT10,-1
SNU13,-1
RFC3,-1
ARCN1,-1
RPS27A,-1
POLD1,-1
SF3B5,523
ADGRB1,278
THOC7,-1
EPRS1,-1
USP37,-1
GGPS1,-1
CSTF3,318
UFD1,-1
PLK1,-1
BANP,-1
CDC5L,-1
DDX54,-1
LTO1,-1
PHB2,282
MED9,-1
RPS11,-1
NUP62,-1
FIP1L1,-1
POLR1G,-1
SLBP,-1
FAM32A,-1
RPS7,-1
NVL,-1
CPSF6,-1
PPP4C,-1
DTL,-1
MAGOH,-1
GOLT1B,-1
MDM2,-1
RPS4X,-1
BRF1,-1
QARS1,-1
CSE1L,-1
TIMELESS,-1
IFI27L1,-1
POLE2,-1
ATF5,-1
YTHDC1,-1
FAM98B,-1
EXOSC7,-1
RPL34,-1
CDC26,-1
GEMIN6,-1
GPN2,-1
POLR2E,-1
MCEE,-1
CDC6,-1
PLEKHJ1,-1
RPL14,-1
RPS18,-1
NOP2,-1
FXN,-1
PSMD2,-1
CTNNBL1,-1
RCL1,-1
RPL30,-1
NUS1,-1
MCM2,-1
RPL13A,-1
RPS17,-1
OGFOD1,-1
BUD13,-1
RPS14,-1
GPATCH1,-1
RPL37A,-1
TPRKB,-1
DMAP1,-1
DCTN2,-1
IMP3,-1
GLE1,-1
DERL2,-1
GPN3,-1
SNRPG,-1
PDCD11,-1
USE1,-1
NOL8,-1
RPAP1,-1
NUP153,-1
DDX24,-1
CDC20,-1
BRIP1,-1
VARS1,-1
ANAPC1,-1
MCM10,-1
PISD,-1
RPL4,-1
PSMA3,-1
HARS1,-1
POLR3K,-1
PSMB3,-1
RPP38,-1
ATP6V1D,-1
GNPAT,-1
TTC1,-1
SRPRA,-1
DONSON,-1
POT1,-1
GNL3L,-1
DCAF13,-1
MYBBP1A,-1
HSD17B12,-1
SUPT5H,-1
PPIE,-1
AURKB,-1
ZMAT2,-1
ZNF574,-1
NCAPH,-1
EIF3E,-1
NRDE2,-1
DNTTIP2,-1
NUP160,-1
PRIM1,-1
CENPA,-1
ZNF622,-1
MAD2L1,-1
CEP97,-1
SRP19,-1
CIAPIN1,-1
INTS2,-1
RPS23,-1
WDR33,-1
DDOST,-1
FDPS,-1
BORA,-1
POLR2G,-1
CCNH,-1
ANAPC5,-1
SEC61G,-1
PPM1D,-1
CHMP6,-1
COPB2,-1
COPB1,-1
SUPT6H,-1
PSMG4,-1
SPC25,-1
POLR2A,-1
ABCE1,-1
YAE1,-1
NAA50,-1
ELP3,-1
EIF2S2,-1
BTF3,-1
LSM10,-1
CDC27,-1
TUBGCP2,-1
NUP107,-1
POLR2D,-1
BRCA2,-1
GLMN,-1
NPAT,-1
RFC1,-1
PPIL2,-1
NUP93,-1
ANAPC2,-1
RBM17,-1
ATAD5,-1
TUBGCP6,-1
WDR43,-1
VRTN,-1
PWP2,-1
EIF4A3,-1
COPS6,-1
TTK,-1
CNOT1,196
ATP2A2,-1
EIF6,-1
TUBGCP3,-1
TUBGCP4,-1
POLR3A,162
DDX41,-1
POP1,-1
RPL36,-1
SEM1,-1
KIF23,-1
WDR89,-1
DCTN5,-1
CLSPN,-1
RPS3,-1
HAUS6,12
RRP15,-1
GLRX3,-1
CDC42,-1
RPL23,-1
SNRNP48,-1
PSMC6,-1
CDC40,-1
SNRPD1,-1
LTV1,-1
RRP9,-1
NAPG,-1
TTF2,-1
TAF1A,-1
C1orf131,-1
EIF5A,-1
UTP6,-1
NCAPG,-1
NCL,-1
TCOF1,-1
AQR,-1
THOC5,-1
TIPIN,12
DHX37,-1
EXOC5,-1
WDR36,12
BRCA1,-1
BMS1,-1
GEMIN5,-1
INCENP,-1
SNAP23,-1
SKA3,-1
UTP15,-1
TUBG1,-1
DIS3,-1
PORCN,-1
MBTPS2,-1
SLX9,-1
EXOSC4,-1
ZNHIT6,-1
DDX10,-1
SACM1L,-1
RPS20,12
PRPF3,-1
TBCB,-1
RFC4,-1
HSPE1,-1
CDK12,-1
RBM22,-1
NOL6,-1
BIRC5,-1
POP5,-1
PSMD14,-1
RPL26,-1
WDR12,-1
PLRG1,-1
CCP110,-1
ACTL6A,-1
PRPF4B,-1
MED7,-1
GAR1,-1
RPS13,12
RPL23A,12
BCAS2,-1
RBM8A,-1
MFAP1,-1
RPL15,-1
CDC23,-1
MCM5,-1
LSM6,-1
SEC22B,-1
PPAN,12
ESF1,-1
FAM156B,-1
SNRPA1,-1
HAUS5,-1
EEF1G,12
POLR1D,-1
TTF1,-1
VCP,12
RPS10,-1
SMN1,-1
POP4,12
EIF2B4,-1
RRP7A,-1
RRP12,12
RPL38,-1
RPL10,12
TPX2,-1
PSMB2,-1
CCT2,-1
CCT7,12
BDP1,12
NUFIP1,-1
DHX16,-1
FAM204A,-1
SBNO1,12
MRTO4,-1
SF3A2,12
NUBP1,-1
EXOC3,-1
RPF2,12
COPZ1,12
NOL11,12
ALG11,-1
INTS5,12
PRPF6,-1
RPS3A,-1
RPL18,-1
CHAF1B,-1
PSMB6,-1
SPCS2,12
CTU1,12
NUP58,12
CDC123,12
RUVBL2,-1
RPL24,-1
NIP7,12
KNL1,12
TBCD,12
NUP98,12
SPDL1,12
RPL7,12
SMU1,12
CTR9,-1
CENPI,12
NOB1,12
PSMB1,12
RPL39,12
BCL2L1,12
URB1,12
LSM11,12
EIF2S1,12
COPA,-1
ABCB7,-1
DCTN6,-1
RPL37,12
WDR5,12
KIF18A,-1
PNISR,12
NEDD1,-1
THOC1,12
IPO13,12
FNTA,-1
DYNLRB1,12
HSD17B7,12
POLR1E,12
GTF2B,12
TTI1,12
HINFP,12
POLA2,12
RPL31,12
DCTN3,12
INTS7,12
EIF2S3,12
RBM28,12
RPL32,12
TICRR,12
TRIM66,12
RPL17,12
PSMD4,12
SNRPF,12
FCF1,12
RPP30,12
PHB1,12
SYMPK,12
DNA2,12
RPS6,12
TIMM23B,12
PRPF31,12
CDAN1,12
CCT3,12
ZBTB8OS,12
ANAPC4,12
STIL,12
NUDCD3,12
UTP11,12
