cell_line,n_sig,n_nonsig,mean_sig,median_sig,frac_pos_sig,mean_nonsig,median_nonsig,frac_pos_nonsig,ttest_t,ttest_p,mannwhitney_U,mannwhitney_p
cd4t_rest,27,27700,0.5190420224917708,0.3841290138661861,0.6296296296296297,-0.06714895590371571,-0.0987107437103986,0.32909747292418773,1.953917414396842,0.030773935928476742,465376.5,0.013928300717610987
