n_sig,n_nonsig,mean_sig,median_sig,frac_pos_sig,mean_nonsig,median_nonsig,frac_pos_nonsig,ttest_t,ttest_p,mannwhitney_U,mannwhitney_p
27,9670,0.08740990242538972,0.0124607084679186,0.5555555555555556,0.008563822906901634,0.0015812412823717,0.508583247156153,1.8420928038675577,0.038447837251733404,144884.0,0.16179848968667582
