kd_gene,gene_set_library,Name,Term,ES,NES,NOM p-val,FDR q-val,FWER p-val,Tag %,Gene %,Lead_genes
TDRP,MSigDB_Hallmark_2020,prerank,Oxidative Phosphorylation,0.40156110946850754,1.2805439305680049,0.008849557522123894,0.5635645880546823,0.432,94/200,22.21%,TCIRG1;ATP6V0C;MAOB;NDUFC2;DLD;ATP5PB;PRDX3;NDUFB2;CYB5A;HSPA9;ATP6V1F;HADHB;PDHX;SLC25A20;ETFA;MDH1;CS;NDUFAB1;TIMM13;RHOT1;NDUFA6;NDUFA3;ATP6V0E1;COX7B;GPX4;CYB5R3;HCCS;ATP5PO;BDH2;MTX2;SLC25A3;ATP5MC2;COX6B1;COX11;PDHA1;ATP5F1B;COX4I1;BCKDHA;PDHB;ACADM;ATP5F1C;CYC1;NDUFA1;VDAC3;NDUFS7;ATP5MG;ECH1;ETFB;FXN;ISCU;ATP6V0B;NDUFB5;SLC25A5;ATP6V1D;ALAS1;DECR1;CYCS;MRPS22;IDH3B;CASP7;SURF1;MGST3;ATP6V1E1;MDH2;PHB2;NDUFS6;COX17;ATP6V1C1;NDUFB1;COX6A1;NDUFS3;ISCA1;NDUFA9;MFN2;UQCRQ;UQCRC2;MRPL35;ACAA1;NDUFS4;ATP5MC1;TOMM22;ATP5F1D;PMPCA;PHYH;MRPS30;MTRF1;MRPL34;SDHA;FDX1;SLC25A4;ATP5PD;TIMM17A;ETFDH;SLC25A11
TDRP,MSigDB_Hallmark_2020,prerank,Pancreas Beta Cells,0.5057825864912816,1.2449358187010373,0.12654320987654322,0.38917318517435484,0.547,13/40,16.98%,FOXA2;SCGN;INSM1;CHGA;PCSK1;MAFB;SPCS1;SRP14;PCSK2;SRP9;SYT13;DPP4;AKT3
TDRP,MSigDB_Hallmark_2020,prerank,Notch Signaling,-0.5544610760616117,-1.2403565713740914,0.14397496087636932,1.0,0.914,17/32,22.89%,DTX1;KAT2A;WNT5A;DTX4;SAP30;NOTCH3;FZD1;NOTCH1;PRKCA;ARRB1;DLL1;NOTCH2;JAG1;TCF7L2;CUL1;CCND1;SKP1
TDRP,MSigDB_Hallmark_2020,prerank,Wnt-beta Catenin Signaling,-0.4848399634086853,-1.1491659869313045,0.2330246913580247,1.0,0.993,19/42,23.35%,KAT2A;HEY2;ADAM17;FZD1;NOTCH1;AXIN1;JAG2;AXIN2;DLL1;NOTCH4;FRAT1;HDAC11;JAG1;HDAC5;RBPJ;DVL2;NKD1;CUL1;LEF1
TDRP,MSigDB_Hallmark_2020,prerank,Estrogen Response Early,-0.3850237401375369,-1.1028587558232688,0.21739130434782608,1.0,0.999,72/198,21.10%,AREG;SFN;ENDOD1;KRT15;ANXA9;CXCL12;TIAM1;PGR;KLK10;SEMA3B;KLF4;CD44;FCMR;PTGES;SLC1A1;SLC2A1;GJA1;DHRS3;IL17RB;CLDN7;FRK;RHOD;MAPT;RAPGEFL1;WFS1;NRIP1;OVOL2;MINDY1;SYBU;MLPH;MED24;ABAT;FDFT1;STC2;TTC39A;KCNK5;RRP12;TMEM164;MUC1;FARP1;LRIG1;IGF1R;IL6ST;SLC27A2;SYNGR1;DLC1;JAK2;SULT2B1;PRSS23;ABHD2;MYOF;HSPB8;RHOBTB3;KAZN;RET;INPP5F;NADSYN1;ESRP2;TIPARP;SLC24A3;SLC7A2;ISG20L2;TPBG;SOX3;AFF1;SCNN1A;CELSR1;TGIF2;BCL11B;MPPED2;SLC7A5;SYT12
TDRP,MSigDB_Hallmark_2020,prerank,Myc Targets V1,0.3451690387643727,1.0923458762916798,0.1762114537444934,0.9405414625825474,0.939,96/199,23.14%,TXNL4A;HSPE1;SSB;MRPL9;DDX18;EEF1B2;PRDX3;USP1;EIF2S1;HDAC2;DHX15;GNL3;CCT4;CCT7;NDUFAB1;SF3B3;CCNA2;TARDBP;HPRT1;PGK1;PSMA7;ORC2;EPRS1;TCP1;CLNS1A;PSMC4;RRM1;SNRPG;HNRNPA2B1;SNRPA1;SLC25A3;HNRNPA3;NOP16;CSTF2;YWHAQ;ILF2;VBP1;C1QBP;CYC1;VDAC3;HNRNPD;EIF3J;PCNA;HSPD1;SRSF3;BUB3;PSMA6;IFRD1;IARS1;H2AZ1;EIF3B;PPIA;RPL22;NOP56;RPS2;KARS1;SRSF7;PSMA2;UBA2;DUT;NME1;SNRPD1;PABPC1;SYNCRIP;MYC;FAM120A;CCT2;SMARCC1;PHB2;SSBP1;RPS3;SRM;TUFM;SRSF1;PRDX4;RSL1D1;PSMC6;EIF4E;RPS10;KPNB1;ERH;RPS5;NCBP1;RUVBL2;EIF4A1;TRIM28;PSMB3;SRSF2;LSM7;AIMP2;LSM2;ODC1;XPOT;HNRNPU;CAD;RPL18
TDRP,MSigDB_Hallmark_2020,prerank,Allograft Rejection,-0.37422993975418267,-1.070150496816019,0.29117259552042163,1.0,1.0,51/200,20.11%,MAP4K1;ITGAL;CD7;HLA-G;CTSS;ITGB2;CD40;CFP;HLA-E;ICOSLG;C2;SRGN;ST8SIA4;ICAM1;WAS;HCLS1;CDKN2A;NOS2;IL18;CD74;HLA-DMA;LYN;F2;UBE2N;LTB;IL7;IRF8;TAP2;CXCL13;LCP2;EIF5A;IRF4;CD47;CD96;ELF4;IL11;LIF;GLMN;JAK2;PF4;DYRK3;PRKCB;MMP9;ACHE;IGSF6;RIPK2;FAS;PRKCG;KLRD1;CSK;PSMB10
TDRP,MSigDB_Hallmark_2020,prerank,p53 Pathway,-0.37351595472808435,-1.0582252322750585,0.3188976377952756,1.0,1.0,84/199,26.44%,SFN;TRIB3;ATF3;EI24;RRAD;APP;KLF4;DDIT3;PMM1;SPHK1;MAPKAPK3;ZBTB16;RNF19B;CDKN2A;RAD51C;RXRA;CD82;IP6K2;PLK3;NOTCH1;CTSF;ABAT;IL1A;TNNI1;BMP2;CDKN1A;VWA5A;BAX;FDXR;PLK2;JAG2;KLK8;DEF6;DRAM1;CEBPA;TP63;TRAF4;LIF;SP1;BAK1;PPM1D;IER3;EPHA2;POM121;RGS16;PIDD1;GLS2;FGF13;FAS;GADD45A;SESN1;PLXNB2;SLC3A2;ABCC5;BTG1;DDIT4;AEN;NOL8;CYFIP2;RAP2B;GM2A;RCHY1;RALGDS;ST14;CDK5R1;HBEGF;TPRKB;TGFA;BTG2;TRAFD1;SDC1;DGKA;TPD52L1;WWP1;FBXW7;DDB2;CCP110;IRAK1;RETSAT;EPS8L2;PITPNC1;FOXO3;TAX1BP3;ACVR1B
TDRP,MSigDB_Hallmark_2020,prerank,KRAS Signaling Up,-0.3703031185301055,-1.053663225282838,0.33509234828496043,1.0,1.0,62/200,19.72%,MAP4K1;ADGRL4;LAT2;CTSS;LY96;NR1H4;USH1C;ITGB2;G0S2;ANGPTL4;ERO1A;H2BC3;ETV4;FGF9;TNNT2;CFB;SNAP25;ADGRA2;MYCN;SEMA3B;KLF4;ANO1;ETV5;IGFBP3;ADAM17;NAP1L2;TMEM176B;ZNF639;ID2;F13A1;IKZF1;IRF8;ABCB1;ATG10;EMP1;BMP2;VWA5A;TMEM100;PRDM1;RELN;DOCK2;HSD11B1;SATB1;CLEC4A;CDADC1;GFPT2;MPZL2;WDR33;LIF;CMKLR1;PLAU;TNFRSF1B;USP12;RGS16;MMP9;EPB41L3;MMP11;ALDH1A3;BTBD3;TRIB2;F2RL1;DCBLD2
TDRP,MSigDB_Hallmark_2020,prerank,KRAS Signaling Dn,-0.3678132042566613,-1.051936235392529,0.33025099075297226,1.0,1.0,47/199,15.69%,MAST3;RIBC2;GPRC5C;BRDT;EPHA5;SLC30A3;PDK2;HTR1B;CACNG1;KRT15;SLC12A3;GPR19;SLC6A3;SERPINA10;PNMT;GPR3;PDCD1;ZBTB16;PAX3;TENT5C;STAG3;ZC2HC1C;CPA2;ZNF112;SELENOP;SYNPO;PDE6B;KCNE2;OXT;CKM;GTF3C5;KLK7;RGS11;CCNA1;NOS1;MFSD6;PLAG1;KLK8;MYOT;UPK3B;KCNMB1;MYO15A;ATP4A;SOX10;EFHD1;KCND1;ITGB1BP2
TDRP,MSigDB_Hallmark_2020,prerank,Fatty Acid Metabolism,0.3416717888782369,1.0466705226939144,0.32342007434944237,0.9966920096498282,0.972,50/157,17.66%,RDH16;HPGD;ACSL5;DLD;TP53INP2;IDI1;CA4;GRHPR;ACADS;HADHB;REEP6;ACSL1;MDH1;PRDX6;BMPR1B;GSTZ1;ECI2;GABARAPL1;MAOA;HCCS;ACOT2;HSD17B11;LTC4S;ACAT2;PDHA1;PDHB;ACADM;CBR1;HSPH1;XIST;ACADL;CD1D;CA2;ECH1;CEL;MLYCD;ALDH1A1;SUCLG2;HSD17B4;H2AZ1;RAP1GDS1;DECR1;CRAT;IDH3B;S100A10;NSDHL;ACSL4;NBN;SLC22A5;MDH2
TDRP,MSigDB_Hallmark_2020,prerank,Apoptosis,-0.36858878526225763,-1.0319535204785821,0.38821954484605087,1.0,1.0,59/161,23.93%,NEDD9;ATF3;CASP9;LGALS3;APP;GCH1;DDIT3;CD44;CASP8;HGF;IL18;TOP2A;SC5D;MADD;SQSTM1;F2;XIAP;TIMP2;WEE1;BCL2L1;PDGFRB;CTH;IL1A;EMP1;ADD1;BMP2;CCNA1;CDKN1A;GUCY2D;DNAJC3;BAX;FDXR;SLC20A1;ETF1;SATB1;CD38;MGMT;SOD2;IER3;NEFH;GPX1;FAS;GADD45A;TIMP3;BCAP31;CDC25B;CDK2;IGF2R;CFLAR;CCND1;CDKN1B;FEZ1;BCL2L2;BTG2;SOD1;LEF1;PSEN1;BIK;PPP2R5B
TDRP,MSigDB_Hallmark_2020,prerank,Myogenesis,-0.3564844005379857,-1.0042121085927291,0.4503225806451613,1.0,1.0,57/199,19.30%,PPFIA4;SSPN;MEF2D;SGCA;CACNG1;PPP1R3C;KLF5;TNNT2;MYF6;SH2B1;BDKRB2;APP;RIT1;GABARAPL2;SGCG;SPHK1;SH3BGR;SPEG;KIFC3;ADAM12;TPM2;IGFBP3;SPDEF;COL6A3;IGF1;MAPRE3;ENO3;CKM;NOTCH1;VIPR1;MRAS;CACNA1H;CHRNB1;TNNI1;CDKN1A;STC2;FLII;COL15A1;NOS1;TSC2;LARGE1;COL4A2;MYL7;NQO1;FST;DMPK;TNNT1;FGF2;TEAD4;ACTN2;ACHE;GNAO1;HSPB8;HRC;HDAC5;SGCD;PLXNB2
TDRP,MSigDB_Hallmark_2020,prerank,Epithelial Mesenchymal Transition,-0.3479334385834791,-0.9937373807053386,0.48129675810473815,1.0,1.0,69/200,24.52%,AREG;FBN1;COL7A1;P3H1;FMOD;WNT5A;GEM;CXCL12;ACTA2;CXCL1;SGCG;CD44;CXCL6;ADAM12;TPM2;IGFBP3;COL6A3;GJA1;SCG2;GPC1;DAB2;ID2;FBLN1;FSTL1;LRP1;MSX1;COPA;ECM2;NID2;PDGFRB;CCN1;SNAI2;TNFRSF11B;CCN2;COL4A2;ITGAV;SERPINE1;PLOD3;COL5A2;SFRP4;OXTR;FGF2;EFEMP2;SERPINH1;NOTCH2;CAP2;MXRA5;TFPI2;MCM7;FAS;GADD45A;TIMP3;SGCD;CRLF1;DST;COL5A1;CTHRC1;CALU;TGFBI;GPX7;SFRP1;SLIT3;MATN2;IGFBP4;CDH2;BDNF;APLP1;SDC1;PLOD1
TDRP,MSigDB_Hallmark_2020,prerank,Androgen Response,0.3354894847671204,0.97021864193661,0.5,1.0,0.996,34/100,18.11%,AZGP1;HPGD;CCND3;NKX3-1;UBE2I;IDI1;ZBTB10;SAT1;BMPR1B;NCOA4;PTK2B;STK39;UBE2J1;KRT19;TSC22D1;MYL12A;SRP19;AKAP12;H1-0;AKT1;TPD52;ARID5B;DNAJB9;SLC26A2;PTPN21;TMEM50A;DBI;FADS1;GPD1L;ELK4;SGK1;MAP7;CAMKK2;ANKH
TDRP,MSigDB_Hallmark_2020,prerank,Inflammatory Response,0.3004267601946895,0.9630788716737458,0.5911111111111111,1.0,0.996,52/200,17.58%,CCL24;IRF7;P2RY2;TNFSF15;ITGB3;SGMS2;IL15RA;CHST2;STAB1;IL2RB;SCARF1;C3AR1;TLR2;IRF1;PROK2;PLAUR;ADM;FZD5;MXD1;TACR1;KLF6;BST2;HIF1A;GP1BA;PTAFR;RASGRP1;ABI1;GABBR1;EMP3;PCDH7;TACR3;IL18R1;IL1R1;SCN1B;RELA;PTPRE;MMP14;HAS2;CD55;PDE4B;CSF1;NPFFR2;SLC1A2;INHBA;RAF1;AXL;ITGA5;OSMR;EIF2AK2;HPN;NFKB1;CCL2
TDRP,MSigDB_Hallmark_2020,prerank,Hypoxia,-0.3332552448570182,-0.9547018526372565,0.5768194070080862,1.0,1.0,80/200,24.40%,ADORA2B;PPFIA4;GCNT2;ANGPTL4;ERO1A;PPP1R3C;ATF3;PKLR;DDIT3;EFNA1;GALK1;SLC2A1;IGFBP3;SLC2A5;SAP30;PDK1;GPC1;JMJD6;ENO3;PGF;SLC37A4;GPI;KLHL24;HAS1;ZFP36;WSB1;PRKCA;CDKN1A;CCN1;STC2;PFKFB3;SLC2A3;ENO1;CCN2;LARGE1;SERPINE1;GAPDHS;ERRFI1;VLDLR;CITED2;SULT2B1;SDC2;SRPX;IER3;IDS;VHL;BCAN;KIF5A;PPARGC1A;PFKP;RRAGD;ANKZF1;TIPARP;RBPJ;BTG1;NOCT;TPBG;DDIT4;COL5A1;UGP2;CP;P4HA1;PGM1;MXI1;EFNA3;TGFBI;AK4;IRS2;EXT1;DTNA;CDKN1B;PGM2;KDM3A;GAA;CDKN1C;ILVBL;PYGM;PDK3;F3;PDGFB
TDRP,MSigDB_Hallmark_2020,prerank,Angiogenesis,-0.41533922030070214,-0.9492965806693241,0.5308441558441559,1.0,1.0,13/36,19.62%,APP;CXCL6;FSTL1;MSX1;APOH;SERPINA5;JAG2;ITGAV;COL5A2;FGFR1;PF4;JAG1;TNFRSF21
TDRP,MSigDB_Hallmark_2020,prerank,heme Metabolism,-0.32823839928485654,-0.9434289256566633,0.5944827586206897,1.0,1.0,87/199,26.91%,ALDH1L1;CROCCP2;ENDOD1;TNS1;LPIN2;CLIC2;SIDT2;AHSP;GYPB;HBZ;TOP1;SLC2A1;TENT5C;SLC22A4;UBAC1;CAST;TRAK2;IGSF3;MARCHF8;EPOR;DCUN1D1;ALAS2;UROD;GMPS;SLC10A3;BTRC;FECH;ADD1;CTSB;GAPVD1;TFDP2;BCAM;BACH1;EZH1;TNRC6B;ANK1;NARF;ALDH6A1;PSMD9;RHCE;ATG4A;CTNS;FN3K;KDM7A;C3;HDGF;LRP10;XPO7;ABCB6;MKRN1;BMP2K;HTRA2;TMEM9B;NUDT4;OSBP2;HEBP1;ELL2;RHD;CLCN3;XK;MXI1;CAT;SLC11A2;UROS;RAD23A;CIR1;HBQ1;CPOX;BTG2;SLC6A9;ATP6V0A1;PPP2R5B;MPP1;CDR2;SPTB;RAP1GAP;KHNYN;PRDX2;GCLC;BSG;GYPC;SNCA;FOXO3;CCDC28A;MAP2K3;VEZF1;SYNJ1
TDRP,MSigDB_Hallmark_2020,prerank,Interferon Gamma Response,-0.32843300175309503,-0.9378925127184473,0.6085219707057257,1.0,1.0,57/199,20.72%,XAF1;DHX58;SSPN;HLA-G;FPR1;CD40;OAS3;KLRK1;CFB;CD274;GCH1;CASP8;IFIT2;ST8SIA4;ICAM1;XCL1;IFI35;METTL7B;HLA-DRB1;TDRD7;CD74;PARP14;BANK1;HLA-DMA;APOL6;TOR1B;IFIT3;CMPK2;IL7;IRF8;TRIM21;CDKN1A;PNP;PELI1;LCP2;TNFAIP6;IRF4;PLSCR1;CD38;NAMPT;SOD2;CMKLR1;MTHFD2;CMTR1;JAK2;IFIT1;RIPK2;C1S;FAS;PFKP;PTPN2;EIF4E3;BTG1;PSMB10;NCOA3;SOCS3;MX2
TDRP,MSigDB_Hallmark_2020,prerank,Protein Secretion,-0.3450158840930015,-0.9123582697931554,0.6485671191553545,1.0,1.0,42/96,26.57%,SSPN;TSPAN8;RAB22A;VPS45;AP1G1;AP3B1;AP2B1;SNAP23;NAPA;ARFIP1;KIF1B;SEC24D;CLN5;LMAN1;ATP6V1H;ABCA1;STX7;GALC;RAB2A;MON2;VAMP4;RPS6KA3;AP2S1;ATP1A1;RER1;CTSC;DST;IGF2R;STX16;CLCN3;CLTC;ARFGAP3;VPS4B;DOP1A;SOD1;TMX1;COPB1;SCAMP1;SH3GL2;GOSR2;M6PR;RAB14
TDRP,MSigDB_Hallmark_2020,prerank,Glycolysis,-0.3175109525227704,-0.9061965379475497,0.6947368421052632,1.0,1.0,72/199,25.09%,ADORA2B;PPFIA4;NOL3;CHST4;B3GNT3;ANGPTL4;ERO1A;GLCE;NDST3;CD44;PFKFB1;GALK1;IGFBP3;SAP30;GPC1;GUSB;LCT;SLC37A4;MED24;GAL3ST1;TALDO1;CACNA1H;CTH;PHKA2;STC2;MERTK;ENO1;GAPDHS;EXT2;B4GALT2;VLDLR;CITED2;SDC2;CHST6;ABCB6;ME1;IER3;ALDH9A1;KIF2A;PFKP;RRAGD;ANKZF1;GFPT1;TPBG;DDIT4;COL5A1;UGP2;GMPPB;P4HA1;XYLT2;HOMER1;HMMR;MXI1;EFNA3;TGFBI;AK4;IRS2;PAXIP1;EXT1;TGFA;HS6ST2;PGM2;SOD1;BIK;FBP2;PDK3;SDC1;PLOD1;POLR3K;TPST1;HAX1;GOT2
TDRP,MSigDB_Hallmark_2020,prerank,Cholesterol Homeostasis,-0.3500900442940013,-0.9010070527647284,0.6636500754147813,1.0,1.0,22/74,20.92%,TRIB3;ATF3;LGALS3;MAL2;SEMA3B;CPEB2;STX5;SC5D;GUSB;HSD17B7;MVK;FDFT1;STARD4;ATF5;PLSCR1;ERRFI1;SREBF2;JAG1;ATXN2;NIBAN1;TM7SF2;CYP51A1
TDRP,MSigDB_Hallmark_2020,prerank,Estrogen Response Late,-0.31647693265583715,-0.8958314338964757,0.7389033942558747,1.0,1.0,81/197,26.28%,AREG;SFN;ANXA9;CXCL12;TIAM1;DNAJC12;PGR;KLK10;SEMA3B;KLF4;CD44;PTGES;STIL;IL17RB;FRK;MAPT;TOP2A;RAPGEFL1;WFS1;SCUBE2;NRIP1;IMPA2;ID2;OVOL2;COX6C;JAK1;ZFP36;CACNA2D2;CCNA1;FDFT1;SERPINA5;PLAC1;NMU;UNC13B;PKP3;KCNK5;LARGE1;FARP1;ACOX2;IL6ST;SLC27A2;PLK4;JAK2;SULT2B1;PRSS23;ABHD2;PRKAR2B;MYOF;HSPB8;TFPI2;RET;DUSP2;SLC24A3;TPBG;RNASEH2A;CDC20;SOX3;AFF1;SCNN1A;HOMER2;SLC7A5;ST14;XRCC3;PLXNB1;FKBP5;CCND1;IGFBP4;UGDH;XBP1;TJP3;SORD;CDC6;MYB;SLC1A4;TPD52L1;BAG1;CPE;CDH1;DYNLT3;CHST8;TST
TDRP,MSigDB_Hallmark_2020,prerank,TNF-alpha Signaling via NF-kB,-0.30975852823082556,-0.8817311107049284,0.782608695652174,1.0,1.0,62/199,19.69%,AREG;NFKB2;G0S2;GEM;ATF3;CXCL2;SERPINB8;CXCL1;ICOSLG;GCH1;KLF4;EFNA1;CD44;SPHK1;IFIT2;STAT5A;ICAM1;CXCL6;RNF19B;SIK1;ATP2B1;IL18;ID2;SQSTM1;ZC3H12A;CEBPB;FOSB;TGIF1;DUSP4;ZFP36;IL1A;BMP2;CDKN1A;CCN1;PFKFB3;SLC2A3;PTGER4;PLK2;IER2;DRAM1;TNFAIP6;SERPINE1;NAMPT;GFPT2;IL6ST;FOSL1;SOD2;LIF;PLAU;ABCA1;IER3;NR4A1;DUSP5;JAG1;JUNB;RIPK2;DUSP2;GADD45A;PDLIM5;TIPARP;BTG1;F2RL1
TDRP,MSigDB_Hallmark_2020,prerank,Myc Targets V2,0.32571062896230446,0.8746290926752974,0.721875,1.0,0.999,21/57,18.19%,HSPE1;DDX18;GNL3;DCTPP1;RABEPK;PLK1;NOC4L;HK2;NOP16;FARSA;HSPD1;WDR74;NOP2;PES1;NOP56;TMEM97;UTP20;EXOSC5;TCOF1;MYC;BYSL
TDRP,MSigDB_Hallmark_2020,prerank,Pperoxisome,0.2955827829285722,0.8647786924755247,0.8528428093645485,1.0,1.0,49/104,23.49%,ABCD2;PEX11A;GNPAT;ACSL5;ABCD1;IDI1;NR1I2;LONP2;ACSL1;ECI2;ATXN1;ITGB1BP1;HSD17B11;ISOC1;ECH1;CLN6;ESR2;CEL;MLYCD;ALDH1A1;CRABP1;HSD17B4;CRAT;CLN8;FADS1;ACSL4;PABPC1;SMARCC1;PRDX1;IDE;STS;TSPO;CDK7;HSD11B2;ACOX1;ACAA1;BCL10;PEX5;PEX14;PEX2;SIAH1;SLC25A4;ABCD3;HRAS;EHHADH;RDH11;IDH2;SCP2;ELOVL5
TDRP,MSigDB_Hallmark_2020,prerank,Xenobiotic Metabolism,-0.3000683729002516,-0.8528141859213713,0.8488830486202366,1.0,1.0,54/199,20.20%,SERPINA6;GCKR;GCNT2;LPIN2;TTPA;CFB;GCH1;MAN1A1;PMM1;PTGES;HRG;ESR1;ARG2;ANGPTL3;TMEM176B;IGF1;GSTM4;ID2;FBLN1;CYP2E1;ENPEP;SLC6A12;FETUB;COMT;IRF8;AKR1C3;SERTAD1;ACOX2;LONP1;MCCC2;SERPINE1;HSD11B1;NQO1;F11;PTGES3;FAH;DHRS7;ENTPD5;MPP2;GNMT;EPHA2;NMT1;NPC1;ALDH9A1;MTHFD1;PTS;FAS;GSS;PDLIM5;PTGR1;POR;CYFIP2;PSMB10;GART
TDRP,MSigDB_Hallmark_2020,prerank,PI3K/AKT/mTOR  Signaling,-0.3180342863755339,-0.8493179865392856,0.8011204481792717,1.0,1.0,36/105,25.75%,SFN;TRIB3;TIAM1;RIT1;DDIT3;ACTR3;SLC2A1;CAB39;PDK1;SQSTM1;UBE2N;CDKN1A;TSC2;SLA;DUSP3;FGF22;PRKCB;PTEN;ACTR2;RPS6KA3;PTPN11;ATF1;ITPR2;PRKAA2;CDK2;ARHGDIA;CLTC;RALB;PPP1CA;CDKN1B;LCK;MAP2K6;PAK4;E2F1;PIKFYVE;PPP2R1B
TDRP,MSigDB_Hallmark_2020,prerank,Complement,-0.29411846577413087,-0.8443753091736836,0.8696774193548387,1.0,1.0,67/200,25.28%,ZEB1;F7;F5;CTSS;CASP9;LGALS3;CXCL1;CFB;C2;ERAP2;L3MBTL4;WAS;GATA3;S100A13;LYN;F2;PIK3R5;LRP1;CEBPB;RCE1;LIPA;TIMP2;GNGT2;CTSB;SH2B3;RNF4;ADRA2B;SPOCK2;LCP2;COL4A2;SERPINE1;CTSO;PLSCR1;PIK3CA;NOTCH4;JAK2;C3;ME1;PREP;KCNIP2;ACTN2;DUSP5;TFPI2;KIF2A;C1S;DOCK4;DYRK2;CTSC;PCSK9;CP;ATOX1;CDK5R1;KLK1;CSRP1;DOCK10;PHEX;LCK;CTSL;PSEN1;F3;SRC;PDGFB;DUSP6;ZFPM2;KLKB1;RABIF;LAP3
TDRP,MSigDB_Hallmark_2020,prerank,Mitotic Spindle,-0.29465211001388547,-0.8363176613952159,0.8852040816326531,1.0,1.0,73/199,23.70%,NEDD9;CDC42EP1;UXT;YWHAE;PCM1;CD2AP;TIAM1;NEK2;DYNLL2;LRPPRC;NCK2;TOP2A;PCNT;DLGAP5;SYNPO;ESPL1;MYH10;KIF3B;PKD2;ARAP3;ALS2;BUB1;ARHGEF7;KIF1B;AKAP13;TUBGCP5;DYNC1H1;STK38L;CAPZB;LMNB1;FARP1;DOCK2;CKAP5;CEP131;SMC1A;SOS1;SMC3;NUMA1;CDC42BPA;TUBGCP3;KIF15;WASF1;KPTN;CEP72;NOTCH2;CLIP2;ATG4B;MAP3K11;SSH2;DOCK4;PDLIM5;ARHGEF11;FGD4;LLGL1;RABGAP1;TUBD1;DST;ARHGAP27;PREX1;ARFIP2;RAPGEF5;CLASP1;CNTROB;ARHGAP5;ARHGDIA;CDC42EP4;ARHGEF2;PRC1;RASA2;ANLN;SPTBN1;LATS1;ARHGAP29
TDRP,MSigDB_Hallmark_2020,prerank,E2F Targets,0.2624384504405331,0.8267186928459709,0.978448275862069,1.0,1.0,73/200,21.19%,TCF19;USP1;EIF2S1;PMS2;PAICS;ORC6;RFC1;TUBB;DCTPP1;JPT1;BRCA2;PSMC3IP;ORC2;E2F8;NUP153;PLK1;MELK;DDX39A;GINS3;NAA38;ASF1A;GINS1;MKI67;EXOSC8;BRCA1;UBE2T;NUDT21;KIF22;ZW10;CDCA3;EED;DCK;POLD3;DSCC1;HNRNPD;PNN;PCNA;MCM3;UBE2S;CIT;RPA3;SMC6;H2AZ1;RPA2;NOP56;PRKDC;NUP107;DUT;NME1;LYAR;SSRP1;TFRC;NBN;AURKB;HMGA1;GINS4;SYNCRIP;PAN2;PTTG1;MYC;SPC25;MYBL2;CBX5;CKS2;SNRPB;SRSF1;PRDX4;PHF5A;NASP;RFC3;ANP32E;DCLRE1B;UBR7
TDRP,MSigDB_Hallmark_2020,prerank,Apical Surface,-0.35030433186893545,-0.8265281814477102,0.7576219512195121,1.0,1.0,14/44,20.27%,ATP6V0A4;SLC2A4;APP;GATA3;MDGA1;SULF2;LYN;CX3CL1;FLOT2;SRPX;ATP8B1;EFNA5;DCBLD2;PCSK9
TDRP,MSigDB_Hallmark_2020,prerank,Interferon Alpha Response,0.29029910581079604,0.8225001109592622,0.9343283582089552,1.0,1.0,38/97,21.88%,IRF7;UBA7;HERC6;IFIH1;IRF1;PSMB8;HLA-C;HELZ2;BST2;IRF9;DDX60;ISG15;PARP9;TRIM14;PARP12;PSMA3;MVB12A;CSF1;WARS1;MOV10;ISG20;EPSTI1;TXNIP;SLC25A28;TENT5A;EIF2AK2;IFI30;TRIM25;PNPT1;UBE2L6;IRF2;IL4R;RNF31;USP18;B2M;PSMB9;MX1;SP110
TDRP,MSigDB_Hallmark_2020,prerank,UV Response Dn,-0.2958768820994779,-0.8168624489275189,0.907967032967033,1.0,1.0,54/144,25.56%,ADORA2B;ATP2C1;DDAH1;TGFBR2;GJA1;RXRA;ATP2B1;DAB2;PDGFRB;PRKCA;CCN1;SNAI2;DYRK1A;NFIB;SCN8A;SERPINE1;IGF1R;COL5A2;MGMT;DLC1;VLDLR;MGLL;CDC42BPA;CITED2;CACNA1A;LTBP1;SDC2;APBB2;NOTCH2;PRKAR2B;CAP2;PTEN;CELF2;SLC7A1;PDLIM5;MMP16;PLCB4;ATRX;SPOP;ACVR2A;PTPRM;MAPK14;DMAC2L;GCNT1;CDKN1B;RASA2;ARHGEF9;BDNF;F3;YTHDC1;IGFBP5;LPAR1;COL11A1;MIOS
TDRP,MSigDB_Hallmark_2020,prerank,Bile Acid Metabolism,0.27099345433228006,0.7983970842699899,0.9720496894409938,1.0,1.0,33/112,17.97%,ABCD2;ABCA9;PEX11A;GNPAT;ACSL5;LIPE;ABCD1;PNPLA8;APOA1;IDI1;NR1I2;LONP2;ACSL1;CYP39A1;ATXN1;ALDH8A1;PEX26;HSD17B11;SLC27A5;ISOC1;SLC29A1;ABCA3;MLYCD;ALDH1A1;AR;GCLM;HSD17B4;FADS2;FADS1;BBOX1;HACL1;PEX1;SLC23A1
TDRP,MSigDB_Hallmark_2020,prerank,Spermatogenesis,-0.2851763049706289,-0.7865474785894883,0.96105702364395,1.0,1.0,21/135,12.73%,PRM2;ELOVL3;NPY5R;CDKN3;OAZ3;NEK2;ACRBP;HBZ;SLC2A5;ZC2HC1C;TULP2;ACRV1;NCAPH;SPATA6;PAPOLB;TALDO1;BUB1;CCNA1;DMC1;HSPA1L;NOS1
TDRP,MSigDB_Hallmark_2020,prerank,UV Response Up,-0.27729722071752055,-0.783013098476881,0.978494623655914,1.0,1.0,48/158,20.80%,ATF3;CXCL2;RRAD;NAT1;CCK;GCH1;CEBPG;ICAM1;EIF2S3;FURIN;CYB5B;PLCL1;LYN;SQSTM1;HLA-F;SLC6A12;MSX1;FOSB;ABCB1;UROD;BMP2;CCNE1;PDAP1;CDC34;AMD1;DNAJB1;IL6ST;TYRO3;POLG2;SOD2;NPTXR;GRPEL1;GRINA;BAK1;RAB27A;KLHDC3;NR4A1;PSMC3;JUNB;RET;CHRNA5;AP2S1;CNP;BTG1;DGAT1;CDK2;ARRB2;PTPRD
TDRP,MSigDB_Hallmark_2020,prerank,Coagulation,-0.2834733089948255,-0.7799463016951556,0.9691275167785235,1.0,1.0,34/138,19.16%,PROC;FBN1;GDA;CASP9;A2M;CFB;C2;HRG;S100A13;FURIN;F2;LRP1;CPB2;CTSB;KLK8;RAPGEF3;MST1;P2RY1;ACOX2;SERPINE1;CTSO;F11;GNG12;PLAU;C3;PF4;PRSS23;PREP;MMP9;MASP2;TFPI2;MMP11;C1S;TIMP3
TDRP,MSigDB_Hallmark_2020,prerank,Adipogenesis,0.2397265077599452,0.7608882913154851,1.0,1.0,1.0,78/200,22.08%,SQOR;PTGER3;LIPE;DLD;IFNGR1;PRDX3;GHITM;GBE1;ACADS;REEP6;CS;UBC;NDUFAB1;ARAF;SLC25A1;SLC27A1;BCL6;NABP1;COX7B;GPX4;CD151;ATP5PO;LTC4S;RNF11;FZD4;LEP;PTCD3;BCKDHA;APLP2;ACADM;CYC1;ACADL;ECH1;ETFB;JAGN1;DNAJB9;RIOK3;SAMM50;TOB1;ITSN1;LPL;TKT;DECR1;CRAT;RAB34;DNAJC15;DBT;APOE;ESYT1;PDCD4;MGST3;PIM3;ANGPT1;MDH2;RREB1;DRAM2;ACLY;MRAP;SCARB1;CAVIN1;TANK;COQ5;COX6A1;LIFR;NDUFS3;UQCRQ;NKIRAS1;ACOX1;ITGA7;PEX14;STOM;SULT1A1;YWHAG;PHYH;GPD2;MTARC2;ATL2;UCP2
TDRP,MSigDB_Hallmark_2020,prerank,DNA Repair,0.24610125314282424,0.7595118198423478,1.0,0.9831128006433218,1.0,55/149,21.71%,SDCBP;NT5C3A;NELFE;BRF2;ITPA;TK2;TMED2;TAF12;GTF2H5;MPC2;DCTN4;TSG101;HPRT1;GUK1;NME4;GPX4;SUPT5H;POLH;NELFB;SUPT4H1;NUDT21;RALA;POLD3;ARL6IP1;PCNA;ZWINT;PDE4B;RPA3;ZNF707;CDA;ERCC2;AK3;RPA2;RAD51;DUT;NME1;SSRP1;APRT;SURF1;ALYREF;USP11;POLR2K;COX17;ERCC8;XPC;DGUOK;PRIM1;MRPL40;POLR2H;RRM2B;RFC3;POLR3GL;ELOA;POLB;TAF9
TDRP,MSigDB_Hallmark_2020,prerank,IL-2/STAT5 Signaling,-0.2668883222653945,-0.7594029876678462,0.9973509933774835,1.0,1.0,66/197,25.19%,AGER;BMPR2;GPR83;CDC42SE2;ETV4;PLEC;FLT3LG;TIAM1;CD44;TNFRSF18;ITGAE;ST3GAL4;DHRS3;MAP6;FURIN;PHTF2;GLIPR2;ENO3;PDCD2L;LTB;NCS1;IRF8;BCL2L1;ABCB1;EMP1;PTGER2;BMP2;CCNE1;SLC2A3;CD48;PNP;MUC1;ITGAV;IRF4;LRIG1;IGF1R;PLSCR1;FAH;LIF;TNFRSF1B;P2RX4;RGS16;RRAGD;SWAP70;PLAGL1;TNFRSF21;NCOA3;IGF2R;P4HA1;IKZF2;COCH;SLC39A8;CYFIP1;IL3RA;LCLAT1;RHOH;MYO1C;XBP1;PTRH2;CDKN1C;APLP1;CDC6;CDCP1;ITGA6;AHR;UCK2
TDRP,MSigDB_Hallmark_2020,prerank,mTORC1 Signaling,-0.2636054484308021,-0.7573313623997955,0.9960474308300395,1.0,1.0,88/199,28.37%,TRIB3;ITGB2;ERO1A;CFP;RIT1;DDIT3;ACTR3;SLC2A1;PDK1;CYB5B;SC5D;SQSTM1;SLC37A4;GPI;CTH;GMPS;BUB1;CDKN1A;SLC2A3;RRM2;FDXR;ENO1;PNP;STARD4;PDAP1;CANX;ETF1;SYTL2;SLA;SSR1;NAMPT;MTHFD2;VLDLR;SDF2L1;SERPINH1;ME1;NMT1;TUBG1;MLLT11;ACTR2;NFYC;GTF2H1;EDEM1;NIBAN1;CORO1A;UNG;PNO1;DDIT4;CTSC;TM7SF2;P4HA1;PSMA4;CYP51A1;SLC7A5;POLR3G;IMMT;PSMB5;PGM1;AK4;ELOVL6;BTG2;MCM4;XBP1;SORD;PSMD14;SLC1A4;IGFBP5;PFKL;STIP1;GGA2;GCLC;M6PR;PITPNB;RAB1A;CCNF;HMGCR;MAP2K3;TES;HSPA5;ABCF2;GLA;PPP1R15A;HSP90B1;IDH1;STC1;RPN1;TBK1;QDPR
TDRP,MSigDB_Hallmark_2020,prerank,Unfolded Protein Response,-0.27608687852421754,-0.7340248865828859,0.9872340425531915,1.0,1.0,31/112,21.11%,ERO1A;ATF3;CEBPG;FKBP14;WFS1;EIF4EBP1;CEBPB;ALDH18A1;CNOT4;STC2;DNAJC3;HYOU1;PREB;DCP1A;SSR1;MTHFD2;SLC30A5;IFIT1;CNOT6;CHAC1;EEF2;EIF2AK3;PDIA5;EDEM1;YIF1A;KHSRP;DDIT4;PARN;SLC7A5;NHP2;ATF4
TDRP,MSigDB_Hallmark_2020,prerank,TGF-beta Signaling,-0.2993436785572908,-0.7282821990206186,0.9495548961424333,1.0,1.0,19/54,26.68%,SMAD6;BMPR2;FURIN;ID2;XIAP;TGIF1;BMP2;SLC20A1;SERPINE1;JUNB;TGFBR1;IFNGR2;PPP1CA;SPTBN1;BCAR3;CDKN1C;ACVR1;CDH1;THBS1
TDRP,MSigDB_Hallmark_2020,prerank,Reactive Oxygen Species Pathway,-0.29528433350624655,-0.7034977850547753,0.9654631083202512,1.0,1.0,22/49,26.96%,IPCEF1;PTPA;FES;HHEX;MBP;NDUFS2;CDKN2D;NQO1;SOD2;JUNB;PFKP;SCAF4;MSRA;ATOX1;CAT;SOD1;SRXN1;PRDX2;GCLC;HMOX2;SELENOS;NDUFB4
TDRP,MSigDB_Hallmark_2020,prerank,IL-6/JAK/STAT3 Signaling,-0.27035590822673966,-0.6992617464210291,0.9985974754558204,1.0,1.0,24/87,21.24%,A2M;CXCL1;CD44;PLA2G2A;IL17RB;CRLF2;PIK3R5;LTB;IL7;EBI3;CXCL13;PDGFC;CD38;IL6ST;TNFRSF1B;PF4;BAK1;FAS;PTPN2;PTPN11;TNFRSF21;SOCS3;STAM2;IFNGR2
TDRP,MSigDB_Hallmark_2020,prerank,Apical Junction,-0.24220224630309123,-0.6860469261501071,1.0,1.0,1.0,38/198,19.48%,AMIGO1;SIRPA;FBN1;SLC30A3;CLDN18;CD274;SPEG;CLDN4;ICAM1;CD276;PKD1;CLDN7;CDH8;NRTN;MYH10;CLDN5;CX3CL1;CTNNA1;ICAM5;TNFRSF11B;AMH;RAC2;MPZL1;GTF2F1;MPZL2;JAM3;CLDN11;CDH15;FLNC;TUBG1;ZYX;ACTN2;MMP9;PTEN;CLDN15;CRB3;ITGA3;EVL
TDRP,MSigDB_Hallmark_2020,prerank,G2-M Checkpoint,-0.22895212015890698,-0.6466306869813876,1.0,1.0,1.0,74/199,27.75%,ILF3;CDKN3;NEK2;PRPF4B;TOP1;SAP30;STIL;TOP2A;ESPL1;TFDP1;NSD2;CHAF1A;POLA2;HUS1;BUB1;ATF5;LMNB1;AMD1;DTYMK;PLK4;SMC1A;MEIS2;NUMA1;UBE2C;KIF15;NOTCH2;RAD54L;LIG3;SLC7A1;EFNA5;RAD21;CDC25B;CDC20;SLC12A2;WRN;ATRX;SUV39H1;MCM5;SLC7A5;HMMR;TRAIP;XPO1;CUL1;MAPK14;PRC1;UPF1;SRSF10;CCND1;CDKN1B;HMGN2;E2F3;DMD;SFPQ;CDC45;CTCF;G3BP1;CDC6;YTHDC1;E2F1;UCK2;MTF2;PDS5B;NCL;EWSR1;TRA2B;CCNF;PRIM2;ABL1;H2BC12;MT2A;RAD23B;MAD2L1;CHEK1;ODF2
TDRP,MSigDB_Hallmark_2020,prerank,Hedgehog Signaling,-0.2682401838534631,-0.6112938435634563,0.9967793880837359,0.999697144902398,1.0,20/36,30.59%,HEY2;SCG2;ADGRG1;VLDLR;ACHE;DPYSL2;NRP2;CELSR1;CDK5R1;RASA1;TLE1;THY1;PTCH1;VEGFA;MYH9;TLE3;CDK6;CRMP1;NF1;GLI1
TDRP,GO_Biological_Process_2023,prerank,Glucuronate Metabolic Process (GO:0019585),-0.8901402407958598,-1.7199745074789545,0.0,0.4920007828120118,0.511,1/15,10.99%,UGT1A8
TDRP,GO_Biological_Process_2023,prerank,Cellular Glucuronidation (GO:0052695),-0.8901402407958598,-1.7199745074789545,0.0,0.4920007828120118,0.511,1/15,10.99%,UGT1A8
TDRP,GO_Biological_Process_2023,prerank,Negative Regulation Of Biosynthetic Process (GO:0009890),0.8275739757397449,1.6623228843183104,0.0024752475247524753,1.0,0.983,8/15,13.01%,ABCD2;PAGE4;CIITA;ABCD1;PARK7;COA8;ASXL3;EMILIN1
TDRP,GO_Biological_Process_2023,prerank,Metanephros Development (GO:0001656),-0.7588402645216077,-1.5995089716153652,0.003179650238473768,1.0,0.993,7/25,13.50%,PAX2;CITED1;GDF6;PKD1;FGF8;PKD2;SIX1
TDRP,GO_Biological_Process_2023,prerank,Response To UV-B (GO:0010224),-0.8034511819909895,-1.5678333527274129,0.004862236628849271,1.0,1.0,1/16,0.01%,IVL
TDRP,GO_Biological_Process_2023,prerank,Eosinophil Migration (GO:0072677),0.7184821477330148,1.5671860129143014,0.021844660194174758,1.0,1.0,2/22,0.08%,CCL24;XCL2
TDRP,GO_Biological_Process_2023,prerank,Eosinophil Chemotaxis (GO:0048245),0.7184821477330148,1.5671860129143014,0.021844660194174758,1.0,1.0,2/22,0.08%,CCL24;XCL2
TDRP,GO_Biological_Process_2023,prerank,Ear Morphogenesis (GO:0042471),-0.7411580504806181,-1.5653648648429612,0.01098901098901099,1.0,1.0,5/23,13.50%,PAX2;USH1C;TMIE;MYO6;SIX1
TDRP,GO_Biological_Process_2023,prerank,Regulation Of Androgen Receptor Signaling Pathway (GO:0060765),0.6593041969813986,1.564076827772921,0.014577259475218658,1.0,1.0,7/27,11.23%,TCF21;PHB1;HDAC6;PARK7;PIAS2;TRIM68;SMARCA4
TDRP,GO_Biological_Process_2023,prerank,Spermatid Development (GO:0007286),-0.6408959549369523,-1.5497539597459857,0.009202453987730062,1.0,1.0,14/53,11.05%,PRM2;IQCN;FAM9C;CCDC62;CCDC42;SYCP3;SPACDR;ING2;SOX30;NME5;DPY19L2;ZMYND15;IQCG;EPC1
TDRP,GO_Biological_Process_2023,prerank,Negative Regulation Of T Cell Activation (GO:0050868),-0.646630742126092,-1.5497286253605345,0.0030303030303030303,1.0,1.0,16/49,16.54%,LILRB4;HLA-G;TIGIT;SFTPD;LGALS3;CD274;VSIR;RIPOR2;PLA2G2A;FOXP3;HLA-DRB1;SPN;CEBPB;GLMN;DUSP3;HAVCR2
TDRP,GO_Biological_Process_2023,prerank,Defense Response To Fungus (GO:0050832),-0.6938380591769423,-1.5425464622587475,0.0109717868338558,1.0,1.0,2/29,0.57%,DEFB119;DEFB135
TDRP,GO_Biological_Process_2023,prerank,Antifungal Innate Immune Response (GO:0061760),-0.7870145783410217,-1.5268504167447474,0.020477815699658702,1.0,1.0,2/16,0.57%,DEFB119;DEFB135
TDRP,GO_Biological_Process_2023,prerank,Positive Regulation Of Adenylate Cyclase Activity (GO:0045762),-0.7016687183117314,-1.512871416547504,0.012422360248447204,1.0,1.0,11/26,19.51%,ADORA2B;LHCGR;AKAP5;SERPINB8;EDNRA;ADRB2;GIPR;CACNA1D;GLP1R;P2RY11;STIM1
TDRP,GO_Biological_Process_2023,prerank,Facultative Heterochromatin Formation (GO:0140718),0.7351478970849239,1.5117250864655496,0.04580152671755725,1.0,1.0,4/15,12.10%,MBD3L3;SIRT2;RRP8;MBD3
TDRP,GO_Biological_Process_2023,prerank,Insulin Secretion (GO:0030073),0.6926287169431897,1.5091829017400757,0.025510204081632654,1.0,1.0,7/19,5.83%,SNX19;ANXA1;RAB11FIP5;PTPRN;PARK7;SELENOT;FAM3B
TDRP,GO_Biological_Process_2023,prerank,Peptide Cross-Linking (GO:0018149),-0.695511266483583,-1.507554438995929,0.02204724409448819,1.0,1.0,1/27,0.01%,IVL
TDRP,GO_Biological_Process_2023,prerank,Activation Of Adenylate Cyclase Activity (GO:0007190),-0.72919618391413,-1.5060312475731072,0.021035598705501618,1.0,1.0,8/20,17.61%,ADORA2B;LHCGR;SERPINB8;EDNRA;ADRB2;GIPR;GLP1R;P2RY11
TDRP,GO_Biological_Process_2023,prerank,Positive Regulation Of Nitric Oxide Metabolic Process (GO:1904407),-0.6886720244248641,-1.4914441641373348,0.01848998459167951,1.0,1.0,6/28,11.17%,TMEM106A;DDAH1;KLF4;AGXT2;INSR;PKD2
TDRP,GO_Biological_Process_2023,prerank,Lymphocyte Chemotaxis (GO:0048247),0.5928028413325332,1.4766213808841282,0.02680965147453083,1.0,1.0,2/41,0.08%,CCL24;XCL2
TDRP,GO_Biological_Process_2023,prerank,Negative Regulation Of Signal Transduction By P53 Class Mediator (GO:1901797),-0.7367216028643899,-1.4688814723584913,0.048859934853420196,1.0,1.0,7/18,13.68%,PTTG1IP;CD44;CD74;SNAI2;DYRK1A;SNAI1;RNF34
TDRP,GO_Biological_Process_2023,prerank,Embryonic Heart Tube Development (GO:0035050),-0.7460566687636956,-1.46564922747925,0.028081123244929798,1.0,1.0,4/17,17.06%,HAND1;FGF8;CITED2;MEGF8
TDRP,GO_Biological_Process_2023,prerank,Monocyte Chemotaxis (GO:0002548),0.587550786717057,1.4506575178858405,0.0456989247311828,1.0,1.0,2/40,0.08%,CCL24;XCL2
TDRP,GO_Biological_Process_2023,prerank,Autonomic Nervous System Development (GO:0048483),-0.747116332149369,-1.4446596815755548,0.031932773109243695,1.0,1.0,6/16,16.06%,GATA3;NTRK1;SOX8;PHACTR4;SOX10;KIF26A
TDRP,GO_Biological_Process_2023,prerank,Sulfation (GO:0051923),-0.7290060118586683,-1.4437492596845032,0.050488599348534204,1.0,1.0,6/16,18.26%,SULT1B1;SULT1A2;CHST5;SULT6B1;SULT2B1;UST
TDRP,GO_Biological_Process_2023,prerank,Chromosome Organization (GO:0051276),-0.6064256371828156,-1.4430580849484844,0.03225806451612903,1.0,1.0,18/44,22.14%,PRM2;LIG4;GEM;H1-1;HAT1;TOP2A;CENPH;HHEX;AIFM1;H1-3;AXIN2;TCF7L2;TOP2B;CENPV;H1-10;RAE1;H1-4;NUP155
TDRP,GO_Biological_Process_2023,prerank,Regulation Of Fatty Acid Oxidation (GO:0046320),0.6894371126599885,1.437863895775452,0.06341463414634146,1.0,1.0,8/16,15.17%,ABCD1;TYSND1;LONP2;SIRT4;APLP2;ACADL;MLYCD;FABP3
TDRP,GO_Biological_Process_2023,prerank,Defense Response To Gram-negative Bacterium (GO:0050829),-0.5612557389065322,-1.436914347317618,0.028064992614475627,1.0,1.0,7/70,9.74%,DEFB119;DEFB135;IL23R;IRGM;PRB3;NOS2;F2
TDRP,GO_Biological_Process_2023,prerank,Negative Regulation Of Reactive Oxygen Species Metabolic Process (GO:2000378),0.6499964010213491,1.421588294776059,0.06835443037974684,1.0,1.0,9/20,10.16%,ABCD2;PAGE4;ABCD1;HDAC6;PARK7;SIRT2;PLIN5;COA8;BRCA1
TDRP,GO_Biological_Process_2023,prerank,Respiratory Chain Complex IV Assembly (GO:0008535),0.623445573461002,1.4187512161309044,0.04878048780487805,1.0,1.0,16/26,18.27%,STMP1;SCO1;COA3;COA1;COA8;SLC25A46;COX20;COA6;UQCC5;SMIM20;COX14;PET117;PET100;COA5;SURF1;COX17
TDRP,GO_Biological_Process_2023,prerank,Negative Regulation Of Chemokine Production (GO:0032682),-0.732625052895945,-1.4150846053329267,0.05627009646302251,1.0,1.0,4/16,5.53%,LILRB4;SIRPA;OAS3;KLF4
TDRP,GO_Biological_Process_2023,prerank,Keratinocyte Differentiation (GO:0030216),-0.6027482429839192,-1.413066351386181,0.028391167192429023,1.0,1.0,1/42,0.01%,IVL
TDRP,GO_Biological_Process_2023,prerank,Negative Regulation Of Interleukin-1 Beta Production (GO:0032691),-0.6629762808461901,-1.4122617165964846,0.05434782608695652,1.0,1.0,9/25,14.99%,LILRB4;CD33;GIT1;PYDC1;IGF1;ZC3H12A;CX3CL1;ELF4;NLRP7
TDRP,GO_Biological_Process_2023,prerank,Embryonic Axis Specification (GO:0000578),-0.7180602736782726,-1.4094774338690206,0.07003257328990228,1.0,1.0,7/16,16.43%,SMAD6;TBX3;STIL;TDGF1;CXXC4;TASOR;MESP2
TDRP,GO_Biological_Process_2023,prerank,Detection Of Chemical Stimulus Involved In Sensory Perception (GO:0050907),-0.5259116230344772,-1.4081079217582604,0.015827338129496403,1.0,1.0,6/114,9.12%,OR1R1P;OR5V1;OR2A5;OR2A42;OR6B1;OR2F1
TDRP,GO_Biological_Process_2023,prerank,Detection Of Chemical Stimulus Involved In Sensory Perception Of Smell (GO:0050911),-0.5271963961715693,-1.4061720253138184,0.01447178002894356,1.0,1.0,6/112,9.12%,OR1R1P;OR5V1;OR2A5;OR2A42;OR6B1;OR2F1
TDRP,GO_Biological_Process_2023,prerank,Adenylate Cyclase-Activating Adrenergic Receptor Signaling Pathway (GO:0071880),-0.7438165482269126,-1.4060226984247248,0.05785123966942149,1.0,1.0,5/15,14.45%,ADRB2;ADRA2B;AKAP13;DRD3;RAPGEF2
TDRP,GO_Biological_Process_2023,prerank,Neural Crest Cell Migration (GO:0001755),-0.6221020529472514,-1.404155876401484,0.05362776025236593,1.0,1.0,15/36,17.72%,SEMA3G;SEMA6C;SEMA3B;HTR2B;SEMA4A;SOX8;NRTN;RADIL;PHACTR4;SOX10;SEMA3D;SEMA7A;SEMA3C;SEMA4B;SEMA3E
TDRP,GO_Biological_Process_2023,prerank,Regulation Of Nitric Oxide Biosynthetic Process (GO:0045428),-0.6113139490882196,-1.4036107572926146,0.025449101796407185,1.0,1.0,14/39,23.64%,SIRPA;DDAH1;KLF4;AGXT2;INSR;ZC3H12A;PKD2;CD47;JAK2;P2RX4;KHSRP;ROCK2;PTGIS;NOS1AP
TDRP,GO_Biological_Process_2023,prerank,Cell Surface Toll-Like Receptor Signaling Pathway (GO:0140895),-0.7141647053680013,-1.3958713635975963,0.05351170568561873,1.0,1.0,10/16,27.78%,LY96;NR1H4;SCIMP;TIRAP;PIK3AP1;RIPK2;MYO1C;TRIL;IRAK1;TNIP2
TDRP,GO_Biological_Process_2023,prerank,Regulation Of Adaptive Immune Response (GO:0002819),0.659182622015923,1.3956549591344554,0.07125890736342043,1.0,1.0,4/18,5.33%,IRF7;ALOX15;IRF1;AKIRIN2
TDRP,GO_Biological_Process_2023,prerank,Mitochondrial Cytochrome C Oxidase Assembly (GO:0033617),0.644693188461386,1.3912244456926828,0.04838709677419355,1.0,1.0,14/22,18.27%,STMP1;SCO1;COA3;COA1;COA8;COX20;UQCC5;SMIM20;COX14;PET117;PET100;COA5;SURF1;COX17
TDRP,GO_Biological_Process_2023,prerank,Dendritic Cell Differentiation (GO:0097028),-0.6772849986234519,-1.3910574655695227,0.04700162074554295,1.0,1.0,6/22,22.45%,TGFBR2;LYN;IRF8;F2RL1;GAS6;BATF2
TDRP,GO_Biological_Process_2023,prerank,Cellular Response To Fatty Acid (GO:0071398),-0.7135480090190185,-1.390949495751715,0.06840390879478828,1.0,1.0,5/16,18.45%,NR1H4;KCNK4;ZC3H12A;AKR1C3;PID1
TDRP,GO_Biological_Process_2023,prerank,Adrenergic Receptor Signaling Pathway (GO:0071875),-0.7072474646265042,-1.390543906504321,0.07234726688102894,1.0,1.0,6/18,14.45%,LMBRD2;ADRB2;ADRA2B;AKAP13;DRD3;RAPGEF2
TDRP,GO_Biological_Process_2023,prerank,Negative Regulation Of Interleukin-1 Production (GO:0032692),-0.6320501081076031,-1.3895735020655662,0.06912442396313365,1.0,1.0,10/29,16.24%,LILRB4;CD33;GIT1;PYDC1;IGF1;ZC3H12A;CX3CL1;ELF4;NLRP7;NLRP12
TDRP,GO_Biological_Process_2023,prerank,Cellular Response To Sterol (GO:0036315),0.6890346710129566,1.3854721718565135,0.09785202863961814,1.0,1.0,6/15,17.00%,DYNAP;OSBPL7;GRAMD1C;SMO;GRAMD1A;GPLD1
TDRP,GO_Biological_Process_2023,prerank,Negative Regulation Of Lymphocyte Proliferation (GO:0050672),-0.6004238504920947,-1.3826140725642841,0.04251968503937008,1.0,1.0,11/39,10.20%,LILRB4;LST1;HLA-G;SFTPD;CD274;PLA2G2A;FOXP3;HLA-DRB1;SPN;LYN;CEBPB
TDRP,GO_Biological_Process_2023,prerank,Heart Looping (GO:0001947),-0.5996524641105958,-1.3816165982281543,0.05522388059701493,1.0,1.0,10/38,15.68%,HAND1;CCDC103;TGFBR2;BBS5;STIL;DNAAF1;NOTCH1;PKD2;NPHP3;DLL1
TDRP,GO_Biological_Process_2023,prerank,Aorta Morphogenesis (GO:0035909),-0.708364117478746,-1.3769371112152826,0.07967479674796749,1.0,1.0,9/17,19.47%,TGFBR2;HEY2;PROX1;LRP1;PDGFRB;EFEMP2;ADAMTS9;JAG1;RBPJ
TDRP,GO_Biological_Process_2023,prerank,Positive Regulation Of Nitric Oxide Biosynthetic Process (GO:0045429),-0.6380578139448108,-1.3744540686303492,0.061633281972265024,1.0,1.0,6/27,17.22%,DDAH1;KLF4;AGXT2;INSR;PKD2;P2RX4
TDRP,GO_Biological_Process_2023,prerank,Positive Regulation Of Immune System Process (GO:0002684),-0.6346015924217472,-1.37046491276065,0.07049180327868852,1.0,1.0,4/27,6.34%,C6;HLA-G;CFP;TNFRSF18
TDRP,GO_Biological_Process_2023,prerank,Toll-Like Receptor 4 Signaling Pathway (GO:0034142),-0.696683005674978,-1.369932767195483,0.08235294117647059,1.0,1.0,9/17,25.86%,LY96;NR1H4;SCIMP;TIRAP;PIK3AP1;RAB11FIP2;MYO1C;TRIL;IRAK1
TDRP,GO_Biological_Process_2023,prerank,Mesenchymal Cell Migration (GO:0090497),-0.6250725682968561,-1.368702416477827,0.06581059390048154,1.0,1.0,15/32,17.72%,SEMA3G;SEMA6C;SEMA3B;HTR2B;SEMA4A;SOX8;NRTN;RADIL;PHACTR4;SOX10;SEMA3D;SEMA7A;SEMA3C;SEMA4B;SEMA3E
TDRP,GO_Biological_Process_2023,prerank,Cellular Response To Hexose Stimulus (GO:0071331),-0.6292890876727093,-1.363198764941006,0.0799347471451876,1.0,1.0,13/25,26.61%,PAX2;KCNB1;SLC2A5;SLC26A6;SLC39A14;UNC13B;IGF1R;PRKAA2;GAS6;XBP1;PDK3;LIN28A;TRA2B
TDRP,GO_Biological_Process_2023,prerank,Cellular Response To Amyloid-Beta (GO:1904646),-0.6110830638723018,-1.3581191272419693,0.07792207792207792,1.0,1.0,15/34,16.84%,AGER;CDK5;APP;ICAM1;GJA1;NTRK1;IGF1;LRP1;GRIN1;ADRB2;IGF1R;CACNB1;EPHA4;CACNA1A;NGFR
TDRP,GO_Biological_Process_2023,prerank,Regulation Of Protein Sumoylation (GO:0033233),0.6458652345462594,1.3578019392075666,0.1048780487804878,1.0,1.0,10/17,16.47%,RASD2;PIAS3;SAE1;PARK7;GNL3;GNL3L;MUL1;EGR1;CTNNB1;UBA2
TDRP,GO_Biological_Process_2023,prerank,Embryonic Heart Tube Morphogenesis (GO:0003143),-0.5803904500245635,-1.3549814781735983,0.061746987951807226,1.0,1.0,15/42,24.09%,HAND1;CCDC103;TGFBR2;BBS5;STIL;DNAAF1;NOTCH1;PKD2;NPHP3;DLL1;MEGF8;DVL2;ZIC3;SRF;CCDC39
TDRP,GO_Biological_Process_2023,prerank,Regulation Of Lipid Catabolic Process (GO:0050994),0.5950503040087228,1.3539711087197022,0.09653465346534654,1.0,1.0,4/23,4.83%,HPGD;ABCD1;TYSND1;LONP2
TDRP,GO_Biological_Process_2023,prerank,Endosome To Lysosome Transport Via Multivesicular Body Sorting Pathway (GO:0032510),-0.7009890892235086,-1.353901946854532,0.09950248756218906,1.0,1.0,12/15,24.46%,CHMP6;CHMP3;CHMP1B;CHMP7;VPS4A;CHMP4C;UBXN6;CHMP4A;VCP;VPS4B;CHMP2A;CHMP2B
TDRP,GO_Biological_Process_2023,prerank,Negative Regulation Of T Cell Receptor Signaling Pathway (GO:0050860),-0.6762291423747909,-1.3509378290494176,0.0919175911251981,1.0,1.0,4/18,4.49%,LILRB4;PVRIG;SLA2;LGALS3
TDRP,GO_Biological_Process_2023,prerank,Regulation Of Lipoprotein Lipase Activity (GO:0051004),-0.6946287473247577,-1.347987827856641,0.09193548387096774,1.0,1.0,4/15,15.91%,ANGPTL4;FURIN;APOH;PCSK5
TDRP,GO_Biological_Process_2023,prerank,Epidermal Cell Differentiation (GO:0009913),-0.5445509720946042,-1.3440595450903883,0.053019145802650956,1.0,1.0,1/54,0.01%,IVL
TDRP,GO_Biological_Process_2023,prerank,Regulation Of Rac Protein Signal Transduction (GO:0035020),0.6604410850377105,1.3429380426123727,0.12532637075718014,1.0,1.0,12/15,21.64%,KBTBD6;GABARAP;RASGRF1;CADM4;SH3BP1;PIK3CB;STMN3;ARHGAP44;OGT;AUTS2;ARF6;ARHGAP17
TDRP,GO_Biological_Process_2023,prerank,Notch Signaling Pathway (GO:0007219),-0.5830214772417975,-1.3426687503478092,0.07395993836671803,1.0,1.0,19/40,19.47%,DTX1;DTX4;HEY2;ADAM17;NOTCH3;MIB1;NOTCH1;NRARP;MAML3;BMP2;SNAI2;SNAI1;JAG2;CFAP58;DLL1;NOTCH4;NOTCH2;JAG1;RBPJ
TDRP,GO_Biological_Process_2023,prerank,Neutrophil Activation (GO:0042119),-0.6743255877172883,-1.342503152644924,0.10234899328859061,1.0,1.0,6/18,21.04%,CXCL6;KMT2E;CXCR2;DNASE1;F2RL1;PREX1
TDRP,GO_Biological_Process_2023,prerank,Regulation Of Calcium Ion Import (GO:0090279),-0.6494477757874251,-1.3327571331123444,0.10204081632653061,1.0,1.0,6/20,11.44%,PLPP4;SEMG1;CXCL12;LGALS3;PKD2;PDGFRB
TDRP,GO_Biological_Process_2023,prerank,Calcium-Independent Cell-Cell Adhesion Via Plasma Membrane Cell-Adhesion Molecules (GO:0016338),-0.6623737366944146,-1.3323456446140782,0.11690363349131122,1.0,1.0,8/18,22.48%,CLDN18;CLDN4;CLDN7;CLDN5;CLDN11;CLDN15;CLDN6;CLDN12
TDRP,GO_Biological_Process_2023,prerank,Cellular Response To Copper Ion (GO:0071280),0.6372413013314078,1.3310180502611366,0.08955223880597014,1.0,1.0,8/18,22.81%,PRNP;MT1M;MT1F;MT1E;MT1X;MT1G;DAXX;HSF1
TDRP,GO_Biological_Process_2023,prerank,Regulation Of Chemokine Production (GO:0032642),-0.5692175529173183,-1.330622186412363,0.101620029455081,1.0,1.0,10/41,12.56%,LILRB4;AGER;WNT5A;APP;AIF1;ADAM17;IL18;CD74;IL7;SNAI2
TDRP,GO_Biological_Process_2023,prerank,Sensory Perception Of Smell (GO:0007608),-0.47361160998771823,-1.3298139945390763,0.0228494623655914,1.0,1.0,9/176,9.13%,OR1R1P;OR52A1;OR5V1;OR2A5;OR2A42;OR6B1;CNGB1;OR2F1;OR52A5
TDRP,GO_Biological_Process_2023,prerank,Positive Regulation Of Lymphocyte Migration (GO:2000403),-0.6823748974636061,-1.3288551063754848,0.11686143572621036,1.0,1.0,7/16,13.19%,NEDD9;DOCK8;CXCL12;APP;AIF1;SPN;TMEM102
TDRP,GO_Biological_Process_2023,prerank,Lymphocyte Activation Involved In Immune Response (GO:0002285),-0.6935795714393761,-1.3244913895052315,0.10350584307178631,1.0,1.0,3/15,19.69%,IFNK;CD74;F2RL1
TDRP,GO_Biological_Process_2023,prerank,Positive Regulation Of Immune Response (GO:0050778),-0.5133617192792032,-1.3233273151936717,0.05927051671732523,1.0,1.0,25/80,23.92%,C6;SH2D1B;IFNK;IL23R;ITGB2;CFP;TRIM56;CD177;IFI35;HLA-DRB1;CD74;CD226;GSDME;NOD2;PLSCR1;IL6ST;POLR3C;TIRAP;F2RL1;PYCARD;POLR3G;POLR3B;RNF185;MYO1C;XBP1
TDRP,GO_Biological_Process_2023,prerank,Negative Regulation Of Intrinsic Apoptotic Signaling Pathway In Response To DNA Damage (GO:1902230),-0.6178827101839751,-1.3173524945396893,0.0875796178343949,1.0,1.0,10/25,13.83%,CXCL12;CD44;ING2;CD74;BCL2L1;SNAI2;SNAI1;AMH;MUC1;CDKN2D
TDRP,GO_Biological_Process_2023,prerank,Sensory Perception Of Pain (GO:0019233),-0.6425636705907392,-1.3163403460589131,0.12071778140293637,1.0,1.0,9/20,17.22%,OPRM1;KCNK4;PTGES;OPRK1;TRPA1;P2RX7;MME;NIPSNAP1;P2RX4
TDRP,GO_Biological_Process_2023,prerank,Positive Regulation Of Cardiac Muscle Tissue Growth (GO:0055023),-0.673845433873349,-1.3159673173581952,0.12277867528271405,1.0,1.0,7/16,26.44%,IGF1;NOTCH1;FGF2;RBPJ;ERBB4;ZFPM2;FGFR2
TDRP,GO_Biological_Process_2023,prerank,Regulation Of Lymphocyte Proliferation (GO:0050670),-0.6574791410676601,-1.3146908960891395,0.09247648902821316,1.0,1.0,4/18,16.33%,LST1;LGALS3;ZNF335;TNFRSF1B
TDRP,GO_Biological_Process_2023,prerank,Multivesicular Body Organization (GO:0036257),-0.5926595702303035,-1.3142351536827568,0.10361067503924647,1.0,1.0,20/30,24.46%,CHMP6;VPS28;CHMP3;CHMP1B;CHMP7;VPS4A;CHMP4C;VPS36;VTA1;VPS37D;RAB27A;VPS37C;CHMP4A;STAM2;VPS4B;IST1;PDCD6IP;CHMP2A;VPS37B;CHMP2B
TDRP,GO_Biological_Process_2023,prerank,Lymphocyte Migration (GO:0072676),0.5296283083712234,1.3141500054965782,0.0784313725490196,1.0,1.0,2/39,0.08%,CCL24;XCL2
TDRP,GO_Biological_Process_2023,prerank,Regulation Of Telomere Maintenance Via Telomere Lengthening (GO:1904356),0.6320106271362325,1.311920603165574,0.13533834586466165,1.0,1.0,8/17,9.56%,SLX1A;SLX4;TERF1;TNIP1;DHX36;SMG5;TINF2;HNRNPA2B1
TDRP,GO_Biological_Process_2023,prerank,Positive Regulation Of Striated Muscle Cell Differentiation (GO:0051155),-0.6183264574545368,-1.3110516057096766,0.11129032258064517,1.0,1.0,7/25,12.62%,WNT3A;LMOD3;MYLK3;MYF6;IGF1;PROX1;RBM24
TDRP,GO_Biological_Process_2023,prerank,Organonitrogen Compound Catabolic Process (GO:1901565),0.4687651604618818,1.30920960875435,0.05246913580246913,1.0,1.0,40/78,21.99%,CPQ;HOGA1;CAPN3;PNPLA8;PLA2G10;CTRL;GNPDA2;RENBP;BCKDK;SMPD2;ETFA;RIPK1;TPP1;ADAMTS13;RNF5;NPL;TRIM24;USE1;ERAP1;UTP25;SLC16A3;ETFB;CLN6;PLA2G4A;RAB12;LTA4H;LNPEP;CLN8;CASP7;DENND3;IDE;RIDA;PRSS16;BCHE;TRHDE;DAB2IP;MPST;SIAH1;PPT1;UCHL3
TDRP,GO_Biological_Process_2023,prerank,Negative Regulation Of Type II Interferon Production (GO:0032689),-0.6111128318840107,-1.3073223989849296,0.10301109350237718,1.0,1.0,10/28,9.74%,LILRB4;NR1H4;CD274;DDIT3;VSIR;IRGM;XCL1;FOXP3;HLA-DRB1;ZC3H12A
TDRP,GO_Biological_Process_2023,prerank,Positive Regulation Of Regulatory T Cell Differentiation (GO:0045591),-0.6705272788823577,-1.3066257070951468,0.12935323383084577,1.0,1.0,5/17,7.90%,LILRB4;HLA-G;VSIR;FOXP3;HLA-DRB1
TDRP,GO_Biological_Process_2023,prerank,Skin Development (GO:0043588),-0.515562927282151,-1.3055731988014845,0.07132459970887918,1.0,1.0,1/68,0.01%,IVL
TDRP,GO_Biological_Process_2023,prerank,Positive Regulation Of Smooth Muscle Cell Migration (GO:0014911),-0.6731102314993515,-1.303668086562025,0.13562091503267973,1.0,1.0,8/16,24.93%,FGF9;AIF1;IGF1;PDGFRB;DOCK4;DOCK7;PDGFB;IGFBP5
TDRP,GO_Biological_Process_2023,prerank,Cytoplasmic Translation (GO:0002181),0.4512239861783012,1.302766910002697,0.028938906752411574,1.0,1.0,46/92,23.75%,RWDD1;RPL22L1;RPL10;FAU;RPL17;RPL31;RPS24;RPL39;RPS3A;RPL26L1;RPS7;RPL7A;FTSJ1;RPL22;RPS2;RPL8;RPL36;EIF3M;RPL9;RPS25;RPS18;RPS3;RPL12;RPL23A;RPL27A;RPS15;RPL13;RPL36AL;RPS4X;RPL26;RPS10;RPL35A;RPL13A;RPS5;EIF4A1;RPL27;RPS16;RPS27;RPL28;RPS9;RPS13;RPL18;EIF4A2;ZC3H15;RPS8;RPL19
TDRP,GO_Biological_Process_2023,prerank,Negative Regulation Of Sequestering Of Calcium Ion (GO:0051283),-0.5670860054611011,-1.2973003682713213,0.11384615384615385,1.0,1.0,17/36,26.12%,ERO1A;HTR2B;GP1BB;XCL1;PKD2;FGF2;IBTK;PLCB3;ITPR1;ITPR2;PLCD1;PLCB4;LCK;RYR1;PLCG2;PLCB2;PLCE1
TDRP,GO_Biological_Process_2023,prerank,cGMP-mediated Signaling (GO:0019934),-0.6638246385851798,-1.295713170444324,0.12762520193861066,1.0,1.0,3/16,8.00%,KCNC2;HTR2B;GUCY1A2
TDRP,GO_Biological_Process_2023,prerank,Pore Complex Assembly (GO:0046931),0.6079410180918953,1.29459620677077,0.12403100775193798,1.0,1.0,11/18,18.37%,RTN4;ANO6;NUP153;BAD;NUP93;TSPAN33;TPR;NDC1;NUP107;PLEKHA7;TMEM170A
TDRP,GO_Biological_Process_2023,prerank,Intrinsic Apoptotic Signaling Pathway In Response To Endoplasmic Reticulum Stress (GO:0070059),-0.5825146936607636,-1.2945814951855736,0.11038961038961038,1.0,1.0,15/29,22.47%,TMEM238L;TRIB3;ERO1A;ERN2;DDIT3;TNFRSF10B;CEBPB;DNAJC10;BAX;CHAC1;BAK1;ITPR1;BRSK2;ATF4;TMEM117
TDRP,GO_Biological_Process_2023,prerank,Protein Homooligomerization (GO:0051260),-0.4694505836864323,-1.2943356629722682,0.05314685314685315,1.0,1.0,59/129,26.60%,RS1;KCNC2;NOL3;HLA-G;AQP5;CRYZ;STEAP4;TRIM72;GOLGA2;NLRP1;SPAST;ELAVL1;ACOT13;MLKL;JMJD6;OSBPL2;PKD2;ALS2;CTH;FOXM1;PRMT8;AMH;AQP4;SCARA5;TRPA1;RBMX;ZNF746;RNF112;SOD2;EHD3;GNMT;SHMT1;ME1;ASIC1;ALDH9A1;THG1L;TIFA;CLYBL;ALDH1A3;RYR3;P2RX3;PXDN;PYCARD;AQP11;MICU1;KIF25;TMEM120A;ATL1;PDCD6IP;CHMP2A;KCNJ2;RYR1;EHD4;TMEM70;MCOLN1;HCN1;G3BP2;PEG10;HSD17B10
TDRP,GO_Biological_Process_2023,prerank,"Regulation Of DNA Damage Response, Signal Transduction By P53 Class Mediator (GO:0043516)",-0.5964502113969258,-1.2915770858946973,0.1309148264984227,1.0,1.0,8/28,12.97%,PTTG1IP;CD44;CD74;SPRED1;MSX1;SNAI2;DYRK1A;SNAI1
TDRP,GO_Biological_Process_2023,prerank,Outflow Tract Septum Morphogenesis (GO:0003148),-0.6142518972543584,-1.2914452823795963,0.11960132890365449,1.0,1.0,5/24,8.75%,SMAD6;BMPR2;TGFBR2;LRP2;FGF8
TDRP,GO_Biological_Process_2023,prerank,Regulation Of Interleukin-1 Beta Production (GO:0032651),-0.500684438673083,-1.2898098283277493,0.06116642958748222,1.0,1.0,21/82,16.24%,LILRB4;TMEM106A;CD33;SIRPA;WNT5A;APP;GIT1;CASP8;NLRP1;PYDC1;NLRP2;IGF1;NAIP;ZC3H12A;CX3CL1;NOD2;P2RX7;ELF4;NLRP7;JAK2;NLRP12
TDRP,GO_Biological_Process_2023,prerank,Multivesicular Body Assembly (GO:0036258),-0.5865503817741605,-1.2889451959910225,0.13364779874213836,1.0,1.0,19/29,24.46%,CHMP6;VPS28;CHMP3;CHMP1B;CHMP7;VPS4A;CHMP4C;VPS36;VTA1;VPS37D;VPS37C;CHMP4A;STAM2;VPS4B;IST1;PDCD6IP;CHMP2A;VPS37B;CHMP2B
TDRP,GO_Biological_Process_2023,prerank,Negative Regulation Of Antigen Receptor-Mediated Signaling Pathway (GO:0050858),-0.609910067230661,-1.2889098173270044,0.13385826771653545,1.0,1.0,5/24,4.49%,LILRB4;PVRIG;SLA2;LPXN;LGALS3
TDRP,GO_Biological_Process_2023,prerank,Regulation Of Membrane Depolarization (GO:0003254),0.5868977106527118,1.2888968448994915,0.13144329896907217,1.0,1.0,8/20,11.12%,SCN2B;SCN10A;SMAD7;HCN2;HCN3;FHL1;RANGRF;SCN1B
TDRP,GO_Biological_Process_2023,prerank,Limb Morphogenesis (GO:0035108),-0.625360437892473,-1.2877354517655946,0.11256117455138662,1.0,1.0,7/20,17.06%,TBX3;FGF8;ZNF141;GLI3;PCSK5;IQCE;MEGF8
TDRP,GO_Biological_Process_2023,prerank,Lysosomal Lumen Acidification (GO:0007042),0.6145674684830771,1.2871084834926827,0.14092140921409213,1.0,1.0,10/18,15.91%,TCIRG1;ATP6V0C;TMEM9;TMEM199;ATP6V1F;CCDC115;CLN6;ATP6AP2;ATP6V0B;ATP6V1D
TDRP,GO_Biological_Process_2023,prerank,Positive Regulation Of Natural Killer Cell Mediated Immunity (GO:0002717),-0.6068639537064595,-1.28463412861869,0.1444991789819376,1.0,1.0,7/24,11.86%,SH2D1B;HLA-G;RAET1E;HLA-E;KLRK1;HLA-F;CD226
TDRP,GO_Biological_Process_2023,prerank,Artery Morphogenesis (GO:0048844),-0.5823673140813814,-1.2829010178358855,0.12164296998420221,1.0,1.0,10/30,11.44%,BMPR2;TGFBR2;STRA6;HEY2;LRP2;ANGPTL3;LRP1;NOTCH1;PKD2;PDGFRB
TDRP,GO_Biological_Process_2023,prerank,Regulation Of Reactive Oxygen Species Biosynthetic Process (GO:1903426),0.5642210759490263,1.2826929362571455,0.10621761658031088,1.0,1.0,5/25,7.85%,ABCD2;PAGE4;ABCD1;PARK7;COA8
TDRP,GO_Biological_Process_2023,prerank,Response To Amyloid-Beta (GO:1904645),-0.5491451202952523,-1.280927960015829,0.11282843894899536,1.0,1.0,20/43,23.64%,AGER;CDK5;APP;ICAM1;GJA1;NTRK1;IGF1;LRP1;GRIN1;ADRB2;IGF1R;CACNB1;EPHA4;CACNA1A;NGFR;MMP9;CACNA2D1;CHRNA7;CACNA1B;PSEN1
TDRP,GO_Biological_Process_2023,prerank,Cyclic-Nucleotide-Mediated Signaling (GO:0019935),-0.5451142382236692,-1.2795681595300552,0.10426540284360189,1.0,1.0,22/39,30.34%,EPHA5;SERPINB8;HTR2B;DGKQ;GUCY1A2;RAPGEF3;RAPGEF2;GLP1R;ATF1;NUDT4;GHRHR;AKAP6;AHR;PDE7A;IRAG1;ADGRG6;PDE2A;CREB1;KSR1;ADCY2;CGAS;PRSS8
TDRP,GO_Biological_Process_2023,prerank,Positive Regulation Of Kinase Activity (GO:0033674),-0.4726825867885291,-1.2778677900879423,0.0536231884057971,1.0,1.0,36/104,18.34%,DUSP19;MMD2;XRCC5;TIE1;PIFO;INSR;HLA-DRB1;CD74;NTRK1;RAD50;NTRK2;F2;MAPRE3;ORC3;JTB;LRRK2;AXIN1;ALS2;PDGFRB;CDKN1A;CAMKK1;MERTK;LCP2;RELN;TRAF4;RAPGEF2;IGF1R;MST1R;RYK;AXIN2;TYRO3;FGFR1;EPHA2;ALK;RET;DDR1
TDRP,GO_Biological_Process_2023,prerank,Negative Regulation Of Intracellular Steroid Hormone Receptor Signaling Pathway (GO:0033144),0.5381726074286932,1.2776754020474232,0.12534818941504178,1.0,1.0,9/31,11.23%,TCF21;PER1;CRY2;PHB1;CLOCK;VPS11;PIAS2;BRCA1;SMARCA4
TDRP,GO_Biological_Process_2023,prerank,Determination Of Heart Left/Right Asymmetry (GO:0061371),-0.5497077042148785,-1.2773530383228837,0.09347181008902077,1.0,1.0,11/41,17.06%,HAND1;CCDC103;TGFBR2;BBS5;STIL;DNAAF1;NOTCH1;PKD2;NPHP3;DLL1;MEGF8
TDRP,GO_Biological_Process_2023,prerank,Positive Regulation Of Monooxygenase Activity (GO:0032770),0.5553739600664971,1.275070509214567,0.16145833333333334,1.0,1.0,7/25,11.23%,FCER2;S100A1;CYP27B1;PARK7;HIF1A;PIK3CB;AKT1
TDRP,GO_Biological_Process_2023,prerank,Regulation Of Tyrosine Phosphorylation Of STAT Protein (GO:0042509),-0.5137513542560337,-1.2745978449040791,0.08567208271787297,1.0,1.0,19/65,20.45%,IL23R;CD40;TNFRSF18;CNTF;HCLS1;IL18;PARP14;IGF1;LYN;PIBF1;PPP2R1A;SH2B3;GHR;IL6ST;LIF;JAK2;PTPN2;CRLF1;SOCS3
TDRP,GO_Biological_Process_2023,prerank,T Cell Activation Involved In Immune Response (GO:0002286),-0.6348747068997358,-1.2731020917089324,0.13672496025437203,1.0,1.0,4/19,8.57%,IFNK;ITGAL;ICAM1;CD74
TDRP,GO_Biological_Process_2023,prerank,Regulation Of Myoblast Differentiation (GO:0045661),-0.5233472686505714,-1.2724132941835593,0.09244992295839753,1.0,1.0,23/54,24.25%,SOSTDC1;BOC;MYF6;TBX3;ARID2;RIPOR2;IGFBP3;SMARCE1;SOX8;NOTCH1;SMARCA2;RBM24;FLOT2;DLL1;SMARCC2;XKR8;PHF10;BTG1;LRRC8A;MAPK14;SMARCD2;ACTL6B;BMP4
TDRP,GO_Biological_Process_2023,prerank,Positive Regulation Of Tyrosine Phosphorylation Of STAT Protein (GO:0042531),-0.5259176338846084,-1.270302388194409,0.10413476263399694,1.0,1.0,14/55,16.18%,IL23R;CD40;TNFRSF18;CNTF;HCLS1;IL18;PARP14;IGF1;LYN;PIBF1;GHR;IL6ST;LIF;JAK2
TDRP,GO_Biological_Process_2023,prerank,Regulation Of Lysosomal Lumen pH (GO:0035751),0.5553544361662541,1.2686108922489663,0.14763231197771587,1.0,1.0,12/25,15.91%,TCIRG1;ATP6V0C;TMEM9;TMEM199;ATP6V1F;OCA2;TMEM165;CCDC115;CLN6;ATP6AP2;ATP6V0B;ATP6V1D
TDRP,GO_Biological_Process_2023,prerank,Phosphatidylinositol Dephosphorylation (GO:0046856),-0.6502315155414935,-1.2679659378267099,0.17166666666666666,1.0,1.0,8/16,22.06%,INPP5J;INPP5K;MTMR2;PTEN;PIP4P1;INPP5B;MTMR1;SACM1L
TDRP,GO_Biological_Process_2023,prerank,Negative Regulation Of Ubiquitin-Protein Transferase Activity (GO:0051444),0.6174346983512659,1.2647494475560686,0.1782178217821782,1.0,1.0,9/17,14.80%,MAD2L2;SMAD7;PARK7;DTX3L;RPL17;FBXO5;BUB3;RPS7;LIMK1
TDRP,GO_Biological_Process_2023,prerank,ncRNA Processing (GO:0034470),0.4364717463490857,1.2641883638275195,0.0673758865248227,1.0,1.0,48/100,22.17%,WDR18;SBDS;DDX47;SSB;POP4;IGF2BP3;POP1;DDX49;NOC4L;RPP21;NOL6;ESF1;RPS24;PIH1D2;RPS7;WDR74;ADAT1;PELP1;NOP14;PES1;NOP56;KARS1;INTS13;NOP58;INTS8;DIS3;INTS5;LYAR;UTP20;EXOSC5;DKC1;RPS25;EXOSC10;INTS10;EXOSC9;BYSL;TSEN2;INTS2;RPS15;RPL26;INTS1;INTS11;RPL35A;XRN2;RPL27;RPS16;INTS9;RPS27
TDRP,GO_Biological_Process_2023,prerank,Liver Development (GO:0001889),-0.556417437342725,-1.2640335194622576,0.12093023255813953,1.0,1.0,18/35,24.09%,CEBPG;DNAAF1;PHF1;PROX1;CEBPB;UGT1A8;PKD2;NPHP3;E2F7;CEBPA;CDK5RAP3;COBL;CITED2;PCSK9;ZIC3;WNT4;XBP1;CCDC39
TDRP,GO_Biological_Process_2023,prerank,Nitric Oxide Mediated Signal Transduction (GO:0007263),-0.6410273557332915,-1.2632110823149105,0.16377952755905512,1.0,1.0,6/18,12.73%,KCNC2;FPR1;DDAH1;NOS2;KLRG1;NOS1
TDRP,GO_Biological_Process_2023,prerank,Skin Epidermis Development (GO:0098773),-0.6154962764165471,-1.2611450102285766,0.1419031719532554,1.0,1.0,7/21,15.68%,SFN;ALOX12;CLDN4;IL18;TP63;FGFR1;DLL1
TDRP,GO_Biological_Process_2023,prerank,Negative Regulation Of Viral Entry Into Host Cell (GO:0046597),0.5945830038900318,1.2609038762564888,0.1791044776119403,1.0,1.0,5/18,18.08%,PITX3;CIITA;TRIM11;GSN;SNX3
TDRP,GO_Biological_Process_2023,prerank,Protein Complex Oligomerization (GO:0051259),-0.4769330239173286,-1.2602129179618473,0.08744710860366714,1.0,1.0,46/100,26.49%,RS1;KCNC2;NOL3;TRIM72;NLRP1;SPAST;ELAVL1;HLA-DRB1;KCNC1;JMJD6;ZC3H12A;PKD2;ALS2;WDCP;FOXM1;PRMT8;RBMX;TMEM120B;ZNF746;RNF112;EHD3;TIFA;CUTC;HOMER1;PXDN;CPSF6;PYCARD;AQP11;BOK;LRRC8A;MICU1;TMEM120A;ATL1;PDCD6IP;CHMP2A;UGDH;CPSF7;OXA1L;SLC31A1;EHD4;TMEM70;ZNF777;SNCA;G3BP2;FKRP;PEG10
TDRP,GO_Biological_Process_2023,prerank,Kidney Development (GO:0001822),-0.49726323109310494,-1.2593935128870628,0.09169054441260745,1.0,1.0,25/70,20.38%,PAX2;CITED1;ITGA8;GDF6;SIX2;CYP4A22;PYGO1;ZBTB16;GATA3;STRA6;PKD1;KANK2;FGF8;WFS1;SULF2;PROX1;NPHP3;SIX1;MME;LHX1;PCSK5;PYGO2;CEP290;PCSK9;TGFBR1
TDRP,GO_Biological_Process_2023,prerank,Negative Regulation Of Intrinsic Apoptotic Signaling Pathway By P53 Class Mediator (GO:1902254),-0.6430327336269236,-1.2579223381739808,0.16559485530546625,1.0,1.0,5/16,13.82%,PTTG1IP;CD44;ING2;CD74;MUC1
TDRP,GO_Biological_Process_2023,prerank,Peroxisomal Membrane Transport (GO:0015919),0.6140751170658273,1.2571853404118385,0.17297297297297298,1.0,1.0,10/17,22.30%,ABCD2;TRIM37;PEX26;PEX1;PEX3;PEX16;PEX5;PEX14;PEX2;ABCD3
TDRP,GO_Biological_Process_2023,prerank,Very Long-Chain Fatty Acid Metabolic Process (GO:0000038),0.5251625369236249,1.2571492316146287,0.13186813186813187,1.0,1.0,12/32,16.55%,ABCD2;HACD4;HACD3;ACSL1;ELOVL7;ELOVL1;ACOT2;SLC27A5;SLC27A4;ACSL6;SLC27A6;HACD2
TDRP,GO_Biological_Process_2023,prerank,Phosphatidylinositol Metabolic Process (GO:0046488),-0.5013530397894479,-1.2564184018984845,0.10229007633587786,1.0,1.0,36/63,27.46%,INPP5J;PLA2G4D;TPTE2;INPP5K;MTMR14;PDGFRB;MTMR2;INPP4A;BMX;FGF2;PIP5K1B;MBOAT7;PIGW;PTEN;PLCB3;PLCD1;PIP4P1;INPP5D;MTMR7;PGAP1;INPP5B;IMPA1;MTMR1;FIG4;SACM1L;LCLAT1;PI4KB;CDS1;PLCG2;PLCB2;PIKFYVE;MTMR4;SYNJ1;PITPNM1;INPP4B;PIP4P2
TDRP,GO_Biological_Process_2023,prerank,Carboxylic Acid Catabolic Process (GO:0046395),0.5887241342901567,1.2563503532540055,0.17191283292978207,1.0,1.0,7/17,13.39%,HOGA1;GNPDA2;RENBP;BCKDK;ETFA;NPL;ETFB
TDRP,GO_Biological_Process_2023,prerank,Ribosome Biogenesis (GO:0042254),0.4037536073110438,1.2556791700499357,0.028455284552845527,1.0,1.0,85/153,24.61%,NOL7;WDR18;SBDS;GTF3A;DDX47;POP4;IGF2BP3;CINP;LTO1;EIF2S1;RBIS;RPS19BP1;DDX49;WDR12;NOM1;TNIP1;NOC4L;NOL6;ESF1;UTP3;METTL17;RPS24;NOP16;RIOK2;PIH1D2;RPS3A;ZNF658;RPL26L1;RPS7;TSC1;WDR74;SPATA5;RSL24D1;PELP1;NOP14;PES1;NOP56;DHX29;RRS1;NOP58;MRPL36;DIS3;CUL4A;KRR1;LYAR;UTP20;EXOSC5;DKC1;RPS25;EXOSC10;EXOSC9;SDAD1;BYSL;DNTTIP2;RPS15;RPS4X;RPL26;MRPL22;WDR43;RPL35A;RPS5;XRN2;GLUL;RPL27;RPS16;NGDN;RPS27;WDR3;RPS9;RPS13;EXOSC2;RCL1;RPS8;RPF2;BOP1;UTP11;NAT10;FCF1;PIN4;MTREX;EBNA1BP2;WDR36;BMS1;NVL;RPS23
TDRP,GO_Biological_Process_2023,prerank,Negative Regulation Of Carbohydrate Metabolic Process (GO:0045912),-0.571305457050334,-1.255255965528606,0.15024232633279483,1.0,1.0,12/30,22.07%,KAT2A;GIT1;USP7;SIK1;AP2A1;HDAC4;MST1;C1QTNF12;CRY1;GSK3A;CLTC;PGPEP1
TDRP,GO_Biological_Process_2023,prerank,Neural Crest Cell Development (GO:0014032),-0.5437288928379272,-1.2546956830996225,0.1267387944358578,1.0,1.0,17/44,17.72%,SEMA3G;SEMA6C;SEMA3B;HTR2B;KLHL12;SEMA4A;SOX8;NRTN;RADIL;SNAI2;PHACTR4;SOX10;SEMA3D;SEMA7A;SEMA3C;SEMA4B;SEMA3E
TDRP,GO_Biological_Process_2023,prerank,Positive Regulation Of Myeloid Leukocyte Cytokine Production Involved In Immune Response (GO:0061081),-0.6465178055170341,-1.254443272242949,0.17179902755267423,1.0,1.0,7/16,18.93%,HLA-G;TICAM1;WNT5A;CD74;SEMA7A;RIGI;MAVS
TDRP,GO_Biological_Process_2023,prerank,Positive Regulation Of T Cell Mediated Cytotoxicity (GO:0001916),-0.5648328261034227,-1.2538719738755275,0.13856427378964942,1.0,1.0,9/33,10.18%,HLA-G;HFE;RAET1E;IL23R;HLA-E;XCL1;HLA-DRB1;HLA-F;SLC22A13
TDRP,GO_Biological_Process_2023,prerank,Regulation Of T Cell Proliferation (GO:0042129),-0.49022711611481834,-1.252146764210981,0.11782032400589101,1.0,1.0,20/76,16.33%,LILRB4;HLA-G;IL23R;SFTPD;LGALS3;CD274;PLA2G2A;FOXP3;CD276;HLA-DRB1;NCK2;SPN;CEBPB;TNFRSF13C;PNP;IL6ST;CD70;GLMN;JAK2;TNFRSF1B
TDRP,GO_Biological_Process_2023,prerank,Response To Organophosphorus (GO:0046683),-0.6166495569357604,-1.2517874334244623,0.14590163934426228,1.0,1.0,7/18,17.22%,CITED1;TRPC3;DGKQ;VGF;TYMS;P2RX7;P2RX4
TDRP,GO_Biological_Process_2023,prerank,Positive Regulation Of Protein Tyrosine Kinase Activity (GO:0061098),-0.5415135128429389,-1.2510864162806206,0.1347068145800317,1.0,1.0,19/37,25.10%,AREG;SRCIN1;NEDD9;DOK7;EFNA1;ADAM17;LRP8;IL34;RELN;EPHA4;GAS6;DOCK3;NOX4;HBEGF;TGFA;DLG3;SRC;PDGFB;FBXW7
TDRP,GO_Biological_Process_2023,prerank,Motile Cilium Assembly (GO:0044458),-0.6297402540693937,-1.2509876903887551,0.17092651757188498,1.0,1.0,8/17,11.74%,DNAAF3;BBS5;BBOF1;SPATA6;DNAAF1;RSPH9;CFAP221;ENKD1
TDRP,GO_Biological_Process_2023,prerank,Hepaticobiliary System Development (GO:0061008),-0.5965755203670253,-1.2509850231041406,0.14331210191082802,1.0,1.0,12/23,23.92%,CEBPG;PHF1;PROX1;UGT1A8;PKD2;CEBPA;CDK5RAP3;COBL;CITED2;PCSK9;WNT4;XBP1
TDRP,GO_Biological_Process_2023,prerank,Negative Regulation Of T Cell Proliferation (GO:0042130),-0.5469039687364854,-1.2505816260371516,0.1232876712328767,1.0,1.0,9/36,10.20%,LILRB4;HLA-G;SFTPD;CD274;PLA2G2A;FOXP3;HLA-DRB1;SPN;CEBPB
TDRP,GO_Biological_Process_2023,prerank,Cellular Response To Cadmium Ion (GO:0071276),0.5656059888136387,1.2502827768950076,0.14603960396039603,1.0,1.0,15/22,24.21%,SLC11A1;JUN;MAPK3;MAPK9;AKT1;MT1F;MT1E;FOS;MT1X;MAPK1;MT1G;DAXX;HSF1;EGFR;SUMO1
TDRP,GO_Biological_Process_2023,prerank,Late Endosome To Lysosome Transport (GO:1902774),-0.647510788909394,-1.2499036950494942,0.18679549114331723,1.0,1.0,11/15,24.46%,CHMP6;PLEKHM1;CHMP3;CHMP1B;CHMP7;VPS4A;CHMP4C;CHMP4A;VPS4B;CHMP2A;CHMP2B
TDRP,GO_Biological_Process_2023,prerank,Left/Right Pattern Formation (GO:0060972),-0.5592212610302555,-1.2488120554574451,0.15481832543443919,1.0,1.0,13/31,17.06%,CFC1;CCDC103;STIL;DNAAF1;NOTCH1;KIF3B;PKD2;NPHP3;DNAI2;DLL1;CITED2;DNAI1;MEGF8
TDRP,GO_Biological_Process_2023,prerank,Regulation Of T Cell Mediated Cytotoxicity (GO:0001914),-0.5454979168665453,-1.2485613856327373,0.13614262560777957,1.0,1.0,8/36,10.04%,HLA-G;HFE;RAET1E;IL23R;HLA-E;XCL1;HLA-DRB1;HLA-F
TDRP,GO_Biological_Process_2023,prerank,Cellular Response To Peptide (GO:1901653),-0.5102536914385761,-1.2481015491856173,0.10387596899224806,1.0,1.0,24/56,24.21%,AGER;CDK5;APP;ICAM1;GJA1;NTRK1;IGF1;LRP1;GRIN1;ADRB2;NOD2;IGF1R;LDOC1;CACNB1;EPHA4;CACNA1A;NGFR;RIPK2;CACNA2D1;TRIM41;ARHGEF2;PSEN1;XBP1;SRC
TDRP,GO_Biological_Process_2023,prerank,Lipopolysaccharide-Mediated Signaling Pathway (GO:0031663),-0.6110546301064741,-1.2472449107586094,0.17038216560509553,1.0,1.0,3/20,9.61%,TICAM1;IL18;LYN
TDRP,GO_Biological_Process_2023,prerank,Retinal Metabolic Process (GO:0042574),-0.6408343870225747,-1.2468669408401385,0.1672473867595819,1.0,1.0,9/15,19.81%,SDR16C5;CYP27C1;BCO2;AKR1C3;DHRS4;ALDH1A3;CYP1B1;DHRS4L2;RDH13
TDRP,GO_Biological_Process_2023,prerank,Dopamine Metabolic Process (GO:0042417),0.6055134919952243,1.2456470181584876,0.15938303341902313,1.0,1.0,5/17,7.92%,TH;DRD4;MAOB;MAOA;MOXD1
TDRP,GO_Biological_Process_2023,prerank,Mesenchyme Morphogenesis (GO:0072132),0.5800243688522531,1.2446036681910608,0.17616580310880828,1.0,1.0,5/18,13.63%,ACVRL1;NOS3;MDM4;APC;HEY1
TDRP,GO_Biological_Process_2023,prerank,Ceramide Catabolic Process (GO:0046514),-0.649161332311913,-1.2434484500519154,0.1936026936026936,1.0,1.0,8/15,21.84%,NEU1;NEU4;LCT;ACER3;ACER2;NEU3;GM2A;HEXB
TDRP,GO_Biological_Process_2023,prerank,Mammary Gland Development (GO:0030879),-0.602601982850105,-1.242048187356691,0.17298187808896212,1.0,1.0,9/22,16.19%,WNT3;TBX3;ZBTB7B;TDGF1;GPAT4;ARHGAP35;NOTCH4;JAK2;OXTR
TDRP,GO_Biological_Process_2023,prerank,Positive Regulation Of Cholesterol Transport (GO:0032376),-0.5665860355109233,-1.2407914004008354,0.16823899371069181,1.0,1.0,7/31,12.91%,LIPG;LPCAT3;RXRA;ABCB4;LRP1;ZDHHC8;ABCA7
TDRP,GO_Biological_Process_2023,prerank,Regulation Of Blood Vessel Endothelial Cell Proliferation Involved In Sprouting Angiogenesis (GO:1903587),-0.636131423826211,-1.2405679311640807,0.18935837245696402,1.0,1.0,7/16,28.70%,JCAD;FGF2;NGFR;PPP1R16B;THBS1;PDCD10;VEGFA
TDRP,GO_Biological_Process_2023,prerank,Regulation Of Vascular Endothelial Cell Proliferation (GO:1905562),0.5849888889826244,1.240455901220867,0.18114143920595532,1.0,1.0,8/18,19.31%,IGF2;APLN;HMGB1;SLC39A9;PLCG1;AKT3;CCL2;MDK
TDRP,GO_Biological_Process_2023,prerank,Late Endosome To Vacuole Transport (GO:0045324),-0.6125209967124318,-1.240186725184577,0.17462932454695224,1.0,1.0,13/19,24.46%,CHMP6;CHMP3;CHMP1B;CHMP7;TMEM50B;VPS4A;CHMP4C;VTA1;PIK3R4;CHMP4A;VPS4B;CHMP2A;CHMP2B
TDRP,GO_Biological_Process_2023,prerank,Regulation Of Gluconeogenesis (GO:0006111),-0.561196877032163,-1.2397239427433246,0.14451827242524917,1.0,1.0,13/31,22.07%,KAT2A;PDK2;DGKQ;USP7;SIK1;SDHAF3;MST1;C1QTNF12;GNMT;PPARGC1A;PTPN2;CRY1;PGPEP1
TDRP,GO_Biological_Process_2023,prerank,Glutamate Metabolic Process (GO:0006536),0.5684003163891324,1.2379354847808026,0.15876777251184834,1.0,1.0,9/20,16.44%,TAT;PRODH;GOT1;DGLUCY;GAD1;GGT1;GCLM;ALDH5A1;GLS
TDRP,GO_Biological_Process_2023,prerank,Positive Regulation Of Granulocyte Chemotaxis (GO:0071624),-0.6108658629811812,-1.2360904372401376,0.18608414239482202,1.0,1.0,6/21,20.76%,RIPOR2;XCL1;CD74;RAC2;TIRAP;CAMK1D
TDRP,GO_Biological_Process_2023,prerank,Muscle Tissue Morphogenesis (GO:0060415),-0.6293749463308205,-1.2360000482145734,0.19933554817275748,1.0,1.0,7/17,25.40%,HEY2;PROX1;NOTCH1;BMP2;EFEMP2;BMP4;MYLK
TDRP,GO_Biological_Process_2023,prerank,Regulation Of cAMP-mediated Signaling (GO:0043949),0.5913882011239451,1.2357590984759372,0.18082191780821918,1.0,1.0,8/18,19.80%,POMC;RASD2;UBE2B;SCTR;PDE3A;PDE4D;PDE11A;MGRN1
TDRP,GO_Biological_Process_2023,prerank,cAMP-mediated Signaling (GO:0019933),-0.5759897888497247,-1.2340748926784804,0.16336633663366337,1.0,1.0,18/26,30.34%,EPHA5;SERPINB8;DGKQ;RAPGEF3;RAPGEF2;GLP1R;ATF1;GHRHR;AKAP6;AHR;PDE7A;ADGRG6;PDE2A;CREB1;KSR1;ADCY2;CGAS;PRSS8
TDRP,GO_Biological_Process_2023,prerank,Negative Regulation Of Extrinsic Apoptotic Signaling Pathway Via Death Domain Receptors (GO:1902042),0.5537556456737572,1.2339284943059476,0.17215189873417722,1.0,1.0,7/23,10.35%,BMP5;FAIM2;TNFAIP3;NOS3;PARK7;BRCA1;DDX3X
TDRP,GO_Biological_Process_2023,prerank,Antigen Processing And Presentation Of Endogenous Peptide Antigen (GO:0002483),-0.597162165031851,-1.2328752372231826,0.1744186046511628,1.0,1.0,8/21,11.35%,HLA-G;HFE;RAET1E;HLA-E;ERAP2;HLA-DRB1;HLA-F;TAP2
TDRP,GO_Biological_Process_2023,prerank,Response To Fatty Acid (GO:0070542),-0.6169563003534196,-1.2323969513688386,0.20097244732576985,1.0,1.0,5/19,26.31%,NR1H4;KCNK4;PID1;PDK3;FOXO3
TDRP,GO_Biological_Process_2023,prerank,Regulation Of Proteolysis (GO:0030162),0.4680342588258701,1.231534114471671,0.11711711711711711,1.0,1.0,24/52,21.14%,CST4;CSTA;CAPN3;HDAC6;PERP;HDAC2;PLAUR;TBC1D10A;PLK1;BAD;SERPINE2;PARL;TRAF3;CLN6;AURKAIP1;PLAT;FGFR4;CLN8;OGT;CST3;FBXW11;TRIM32;CAV1;FADD
TDRP,GO_Biological_Process_2023,prerank,Cell Surface Receptor Signaling Pathway Involved In Heart Development (GO:0061311),-0.6343719839822303,-1.23004493025476,0.2048,1.0,1.0,8/16,19.47%,HEY2;NOTCH1;BMP2;SNAI2;SNAI1;NOTCH2;JAG1;RBPJ
TDRP,GO_Biological_Process_2023,prerank,Ganglioside Metabolic Process (GO:0001573),-0.6045528994422421,-1.2297064142463505,0.17073170731707318,1.0,1.0,11/19,21.84%,ST8SIA6;B3GALT4;B4GALNT1;NEU1;ST8SIA4;NEU4;ST6GALNAC5;NEU3;GM2A;ST6GALNAC6;HEXB
TDRP,GO_Biological_Process_2023,prerank,Axoneme Assembly (GO:0035082),-0.528980824063572,-1.2289138124856567,0.13580246913580246,1.0,1.0,15/41,18.55%,RSPH4A;DNAAF3;GAS8;CFAP46;STK36;CFAP206;DNAAF6;TTC12;TTLL3;DNAAF1;RSPH9;CFAP74;CFAP91;CCDC65;SPAG1
TDRP,GO_Biological_Process_2023,prerank,Regulation Of Protein Tyrosine Kinase Activity (GO:0061097),-0.5250656136230777,-1.2273100659575595,0.1464968152866242,1.0,1.0,15/38,21.38%,LILRB4;SRCIN1;NEDD9;DOK7;APP;EFNA1;NCK2;LRP8;IL34;RELN;EPHA4;RAP2C;RAP2B;GAS6;NOX4
TDRP,GO_Biological_Process_2023,prerank,Translation (GO:0006412),0.378088560422578,1.222589033968005,0.018433179723502304,1.0,1.0,108/232,22.62%,RWDD1;MRPL9;ASMT;EEF1B2;GFM2;MRPS23;IGF2BP3;MRPL51;MRPS26;MRPS31;GATC;HBS1L;RPL22L1;RPL3L;FARSB;MRPS24;RPL10;EPRS1;AGO2;MARS1;TNIP1;MRPL17;EEF1G;MRPL13;FAU;MRPL28;MRPL50;RPL17;MRPL44;RPL31;MRPS7;MRPL37;RPS24;PTCD3;APEH;DARS1;MRPL46;RPL39;RARS2;MRPL48;MRPL47;MRPL43;RPS3A;MRPL24;MRPS25;RPL26L1;RPS7;RPL7A;AURKAIP1;MRPL41;MRPL33;WARS1;IARS1;CHCHD1;HARS1;FTSJ1;RPL22;RPS2;MRPL21;MRPS22;MRPL36;MRPS34;MRPL2;RPL8;RPL36;SRBD1;TSFM;MRPL20;RPL9;GTPBP1;RPS25;HARS2;EEF1A1;RPS18;RPS3;MRPL18;LARS2;RPL12;RPL23A;RPL27A;RPS15;RPL13;MRPL3;TUFM;RPL36AL;RPS4X;MRPL1;RPL26;MRPL22;MRPL40;MRPS14;MRPL57;MRPL35;RPS10;RPL35A;MRPL12;RPL13A;RPS5;RPL27;MRPS30;NARS1;MRPL34;RPS16;MRPL45;RPS27;MRPS28;RPL28;RPS9
TDRP,GO_Biological_Process_2023,prerank,Protein O-linked Glycosylation (GO:0006493),-0.46875846323361114,-1.2220653613010586,0.10028248587570622,1.0,1.0,38/93,23.01%,ST8SIA6;B3GNT9;B3GALT4;CHST4;POMGNT1;OGA;B3GNT3;POMT1;B4GAT1;POMGNT2;ST3GAL4;GCNT4;CRPPA;B3GNT7;GALNT7;GALNT18;GALNT13;RXYLT1;LARGE1;GALNT9;XXYLT1;PLOD3;ST3GAL1;TET2;GALNT4;GALNTL6;GALNT12;B3GNT2;B3GALNT2;DPM1;GALNT3;TET1;TMTC3;DPM2;B3GALT2;GCNT1;B3GLCT;DPM3
TDRP,GO_Biological_Process_2023,prerank,Sodium Ion Homeostasis (GO:0055078),-0.5750553111971094,-1.2217195220051515,0.19071310116086235,1.0,1.0,11/25,20.37%,SLC12A3;SCNN1B;SCNN1G;TMPRSS4;ATP1A4;ATP1B3;FXYD2;ATP4A;ATP1A1;SLC12A2;SCNN1A
TDRP,GO_Biological_Process_2023,prerank,Triglyceride Biosynthetic Process (GO:0019432),-0.625429887102118,-1.2187441931473437,0.2009966777408638,1.0,1.0,8/17,25.48%,LPIN2;GPAM;GPAT4;MOGAT3;GPAT3;DGAT1;LPIN3;LPIN1
TDRP,GO_Biological_Process_2023,prerank,"Protein Localization To Chromosome, Centromeric Region (GO:0071459)",0.5705486569337637,1.218606419737847,0.17994858611825193,1.0,1.0,11/18,18.46%,TTK;CENPA;KNL1;BOD1;ZW10;BUB3;SPDL1;H2BC11;IK;MTBP;ZWILCH
TDRP,GO_Biological_Process_2023,prerank,Regulation Of Mitotic Spindle Organization (GO:0060236),-0.521341112626158,-1.2178636676200003,0.16666666666666666,1.0,1.0,21/39,24.46%,CHMP6;STIL;CCSAP;CHMP3;CHMP1B;CHMP7;DYNC1H1;CHMP4C;NUMA1;FSD1;NUP62;CHMP4A;RAE1;CLTC;GPSM2;HSPA1B;VPS4B;CEP97;PDCD6IP;CHMP2A;CHMP2B
TDRP,GO_Biological_Process_2023,prerank,Regulation Of Transcription Involved In G1/S Transition Of Mitotic Cell Cycle (GO:0000083),-0.6021163319467322,-1.2177314570288347,0.20394736842105263,1.0,1.0,12/19,27.02%,CDK5;KLF11;ID2;TFDP1;E2F7;CDK15;BRD4;CDK16;HINFP;E2F1;CDK14;CDK18
TDRP,GO_Biological_Process_2023,prerank,Cholesterol Transport (GO:0030301),-0.4991008352235495,-1.217322338864913,0.1572700296735905,1.0,1.0,15/51,17.64%,NPC1L1;LIPG;RELCH;OSBPL2;MSR1;ABCG5;ABCG1;ABCG8;ABCA7;APOB;STARD4;VPS4A;NPC2;SERAC1;NPC1
TDRP,GO_Biological_Process_2023,prerank,Intracellular Sodium Ion Homeostasis (GO:0006883),-0.6173209525858359,-1.2160367600669064,0.21783876500857632,1.0,1.0,12/18,25.41%,SCNN1B;SCNN1G;TMPRSS4;ATP1A4;ATP1B3;FXYD2;ATP4A;ATP1A1;SLC12A2;SCNN1A;ATP1B1;ATP1B2
TDRP,GO_Biological_Process_2023,prerank,Organic Anion Transport (GO:0015711),-0.4627697739289648,-1.2156574709993968,0.11377245508982035,1.0,1.0,31/87,21.20%,SLCO4C1;SLC2A4;SLC22A9;SLCO4A1;SLC25A24;SLC22A7;SLC25A19;SLC2A1;SLC44A4;SLC26A6;SLC22A13;SLC35B4;SLC2A2;SLC2A3;ABCC6;SLC35B3;SLC25A25;SLC22A6;SLC4A9;SLC17A9;SLC23A2;SLC4A7;SLC2A14;SLC4A4;ABCC5;MFSD10;SLC35A2;SLC26A5;SLC4A8;SLC39A8;LRRC8A
TDRP,GO_Biological_Process_2023,prerank,Positive Regulation Of Myeloid Leukocyte Differentiation (GO:0002763),-0.521947478465598,-1.2153845870883255,0.15544871794871795,1.0,1.0,15/40,19.09%,NEDD9;IL23R;CASP8;POU4F1;HCLS1;HLA-DRB1;CD74;ID2;FES;PRKCA;IL34;LIF;PF4;TRAF6;TNFRSF11A
TDRP,GO_Biological_Process_2023,prerank,Blood Circulation (GO:0008015),0.4652655281401428,1.2146833023582095,0.11370262390670553,1.0,1.0,15/50,14.33%,XCL2;ACVRL1;LPA;NOS3;SGCZ;C3AR1;SERPING1;CYB5R3;ELN;TRDN;ITGB1BP1;RANGRF;SCPEP1;TBC1D8;GCLM
TDRP,GO_Biological_Process_2023,prerank,Regulation Of Megakaryocyte Differentiation (GO:0045652),-0.6104656316980301,-1.214098131327512,0.214170692431562,1.0,1.0,13/19,28.63%,THPO;SCIN;RAB7B;MTURN;CNOT4;FAXDC2;PF4;TESC;L3MBTL1;MYB;ZNF16;EIF6;H4C9
TDRP,GO_Biological_Process_2023,prerank,Regulation Of Monoatomic Ion Transport (GO:0043269),0.526722301863831,1.2140705191191818,0.16623376623376623,1.0,1.0,7/28,15.09%,KCNJ5;SCN10A;KCNJ9;PDZK1;KCNJ3;KCNJ10;KCNJ12
TDRP,GO_Biological_Process_2023,prerank,Glycolipid Metabolic Process (GO:0006664),-0.5438869952707538,-1.2137678900666897,0.1952755905511811,1.0,1.0,16/33,26.07%,ST8SIA6;B4GALNT1;ST3GAL4;SMPD1;GALC;PIGW;FUT2;NEU3;GBA2;SUMF1;GM2A;ST6GALNAC6;PGAP1;CPTP;UGCG;GLTP
TDRP,GO_Biological_Process_2023,prerank,Pyroptosis (GO:0070269),-0.552291529921441,-1.2115996607748343,0.18657937806873978,1.0,1.0,8/28,21.14%,CASP8;GSDMA;NLRP1;NAIP;TRIM21;GSDME;IGF2BP1;PYCARD
TDRP,GO_Biological_Process_2023,prerank,Skeletal System Morphogenesis (GO:0048705),-0.5204512744046323,-1.2115412594627069,0.16485225505443235,1.0,1.0,12/42,20.89%,ATG9B;ANKRD11;DYNC2I1;SIX1;FGFR1;SFRP4;RFLNA;SPEF2;MEGF8;FUZ;TGFBR1;WWOX
TDRP,GO_Biological_Process_2023,prerank,Protein O-linked Mannosylation (GO:0035269),-0.627490085823973,-1.211022220040302,0.21217105263157895,1.0,1.0,11/16,26.39%,POMT1;POMGNT2;CRPPA;RXYLT1;LARGE1;DPM1;TMTC3;DPM2;DPM3;TMTC4;FKRP
TDRP,GO_Biological_Process_2023,prerank,Establishment Of Skin Barrier (GO:0061436),-0.6016503465757213,-1.2100870867202722,0.1919191919191919,1.0,1.0,6/19,15.51%,SFN;ALOX12;CLDN4;IL18;TP63;FGFR1
TDRP,GO_Biological_Process_2023,prerank,Embryonic Organ Development (GO:0048568),-0.4744587055334292,-1.2088689725307125,0.1325811001410437,1.0,1.0,28/75,19.68%,HAND1;THPO;FLT3LG;TGFBR2;GATA3;STRA6;TFEB;PKD1;STIL;HEY2;FGF8;RARB;COL27A1;PKD2;PKDCC;SH2B3;PBX3;PBX4;RNF112;GLI3;PCSK5;COBL;TEAD3;TEAD4;POLR2D;RARRES2;RBPJ;COL18A1
TDRP,GO_Biological_Process_2023,prerank,Positive Regulation Of T Cell Differentiation (GO:0045582),-0.4842780279006826,-1.2088414838261812,0.14285714285714285,1.0,1.0,15/64,16.61%,LILRB4;HLA-G;IL23R;VSIR;ARID2;GATA3;FOXP3;HLA-DRB1;SMARCE1;IL7;SMARCA2;PNP;DUSP10;GLI3;SMARCC2
TDRP,GO_Biological_Process_2023,prerank,Atrioventricular Valve Morphogenesis (GO:0003181),-0.6004763138483424,-1.2087323077638807,0.20333333333333334,1.0,1.0,8/19,15.33%,SMAD6;BMPR2;EFNA1;TGFBR2;HEY2;NOTCH1;BMP2;AXIN2
TDRP,GO_Biological_Process_2023,prerank,Regulation Of Postsynapse Organization (GO:0099175),-0.5679345171848552,-1.2076661020190973,0.20569620253164558,1.0,1.0,13/25,21.92%,SRCIN1;NOL3;SHANK3;WNT5A;CDK5;TANC1;LRRK2;EPHA4;PDLIM5;CDKL5;HOMER1;CDK5R1;ARHGAP22
TDRP,GO_Biological_Process_2023,prerank,Positive Regulation Of Stem Cell Proliferation (GO:2000648),-0.6252323790570924,-1.2068427280894811,0.23361344537815126,1.0,1.0,5/16,17.77%,CITED1;THPO;GJA1;TERT;N4BP2L2
TDRP,GO_Biological_Process_2023,prerank,Determination Of Bilateral Symmetry (GO:0009855),-0.5522485736171467,-1.2055684812788003,0.19937205651491366,1.0,1.0,11/27,16.45%,CFC1;CCDC103;STIL;NOTCH1;KIF3B;PKD2;NPHP3;DNAI2;DLL1;CITED2;DNAI1
TDRP,GO_Biological_Process_2023,prerank,Dendrite Morphogenesis (GO:0048813),-0.5300386982334658,-1.2053225036377038,0.2054794520547945,1.0,1.0,17/35,22.27%,NOL3;SHANK3;PHACTR1;MAP6;DIP2A;MINK1;FARP1;PTN;SDC2;PAK3;PTEN;BTBD3;TMEM106B;SHANK1;CHRNA7;DOCK10;LRP4
TDRP,GO_Biological_Process_2023,prerank,Regulation Of Interleukin-17 Production (GO:0032660),-0.538148996003768,-1.2051385462935829,0.1942675159235669,1.0,1.0,10/34,16.18%,IL23R;NR1H4;DDIT3;VSIR;SPHK1;FOXP3;ZBTB7B;IL18;NOD2;JAK2
TDRP,GO_Biological_Process_2023,prerank,Regulation Of Cysteine-Type Endopeptidase Activity (GO:2000116),0.5295182674863166,1.2040119393387134,0.17435897435897435,1.0,1.0,5/24,11.84%,CST4;TTBK1;USP50;IFI16;BIRC2
TDRP,GO_Biological_Process_2023,prerank,Fibroblast Growth Factor Receptor Signaling Pathway (GO:0008543),-0.5200509947115819,-1.2037318317724337,0.17791411042944785,1.0,1.0,14/39,21.13%,FGF21;FGF9;FGF4;FGF20;FGF8;FLRT3;FGFR1;CHURC1;FGF2;FLRT2;FGF22;PTPN11;GALNT3;KIF16B
TDRP,GO_Biological_Process_2023,prerank,Protein Localization To Golgi Apparatus (GO:0034067),0.514704954336516,1.2021066898561974,0.20165745856353592,1.0,1.0,12/28,15.88%,COG7;ZDHHC15;VPS13A;GAK;GBF1;PAQR3;SORL1;ARL5B;TMED10;RAB6B;RAB33B;CSNK1D
TDRP,GO_Biological_Process_2023,prerank,Regulation Of Osteoclast Differentiation (GO:0045670),-0.5212603667303488,-1.2020259228104966,0.1704718417047184,1.0,1.0,14/41,21.15%,LILRB4;FBN1;NEDD9;LRRC17;IL23R;GPR137B;POU4F1;CEBPB;LILRB3;TNFAIP6;TRAF6;TNFRSF11A;MTOR;UBASH3B
TDRP,GO_Biological_Process_2023,prerank,Regulation Of Spindle Assembly (GO:0090169),-0.5404562724560937,-1.2017973471849976,0.1859375,1.0,1.0,18/29,24.46%,CHMP6;STIL;CHMP3;RNF4;CHMP1B;CHMP7;DYNC1H1;SPAG5;CHMP4C;NUMA1;CHMP4A;GPSM2;HSPA1B;VPS4B;CEP97;PDCD6IP;CHMP2A;CHMP2B
TDRP,GO_Biological_Process_2023,prerank,Negative Regulation Of Osteoclast Differentiation (GO:0045671),-0.582883718111347,-1.2011109308625811,0.21428571428571427,1.0,1.0,4/21,3.87%,LILRB4;FBN1;LRRC17;GPR137B
TDRP,GO_Biological_Process_2023,prerank,Positive Regulation Of Neutrophil Chemotaxis (GO:0090023),-0.6108825563514149,-1.2008530346134298,0.2294022617124394,1.0,1.0,6/18,20.76%,RIPOR2;XCL1;CD74;RAC2;TIRAP;CAMK1D
TDRP,GO_Biological_Process_2023,prerank,Membrane Fission (GO:0090148),-0.5233266269817133,-1.2004547217838941,0.19298245614035087,1.0,1.0,21/38,24.46%,CHMP6;EXOC8;SPAST;EXOC6B;VPS28;CHMP3;EXOC5;CHMP1B;CHMP7;VPS4A;CHMP4C;VPS36;VPS37D;VPS37C;CHMP4A;STAM2;VPS4B;CHMP2A;VPS37B;SH3GLB1;CHMP2B
TDRP,GO_Biological_Process_2023,prerank,Positive Regulation Of Chemotaxis (GO:0050921),-0.5131252429175225,-1.200431961683984,0.178125,1.0,1.0,15/44,22.69%,F7;PPM1F;AIF1;XCL1;STX3;PDGFRB;CCL26;PTN;FGF2;MEGF8;P2RX4;RARRES2;F2RL1;PRKD2;KDR
TDRP,GO_Biological_Process_2023,prerank,Male Meiosis I (GO:0007141),-0.6193646394221725,-1.1999152702809217,0.22824302134646962,1.0,1.0,4/16,20.38%,SYCP3;ING2;CCNA1;MEIOC
TDRP,GO_Biological_Process_2023,prerank,Fatty Acid Oxidation (GO:0019395),0.45613142974238396,1.1995445031045118,0.1246376811594203,1.0,1.0,16/52,16.32%,ABCD2;ACSM1;ADH5;ALOX15;ACADS;HADHB;ECI2;MCAT;ACAD11;BDH2;ADIPOR1;ACAT2;ACADM;HSD17B4;DECR1;PPARD
TDRP,GO_Biological_Process_2023,prerank,Protein Insertion Into ER Membrane (GO:0045048),0.5091284882074615,1.1990910503385603,0.21010638297872342,1.0,1.0,14/29,17.63%,EMC9;GET4;TRAM1L1;CCDC47;EMC6;EMC10;UBL4A;GET1;TMCO1;EMC4;WDR83OS;TRAM2;GET3;NCLN
TDRP,GO_Biological_Process_2023,prerank,Regulation Of Chromosome Segregation (GO:0051983),-0.5641876988692943,-1.1971339674884454,0.19470404984423675,1.0,1.0,13/26,25.66%,KIF2B;IHO1;NCAPH;BUB1;SMC5;NUMA1;NCAPG;NCAPH2;ZNF207;CSNK2A1;CDC6;NCAPD2;RAD18
TDRP,GO_Biological_Process_2023,prerank,Positive Regulation Of Cardiac Muscle Hypertrophy (GO:0010613),-0.6127281468620697,-1.197083426290262,0.2262295081967213,1.0,1.0,8/17,26.53%,TRPC3;IGF1;PRKCA;IL6ST;ROCK2;AKAP6;PARP1;ROCK1
TDRP,GO_Biological_Process_2023,prerank,Protein Glycosylation (GO:0006486),-0.4316962356356767,-1.1955338159687043,0.10881542699724518,1.0,1.0,52/145,21.17%,ST8SIA6;B3GNT9;B3GALT4;POMGNT1;OGA;GCNT2;B3GNT3;GOLGA2;SERP2;ST6GALNAC1;ALG1L2;POMT1;PMM1;MLEC;B4GAT1;ST8SIA4;POMGNT2;MAN1C1;ST3GAL4;ALG10B;GCNT4;B3GNT7;GALNT7;GALNT18;OSTC;GALNT13;GAL3ST1;DOLPP1;LARGE1;DPAGT1;GALNT9;PLOD3;GFPT2;ENTPD5;MGAT4B;ST3GAL1;NPC1;TET2;GALNT4;FUT2;GALNTL6;GALNT12;GFPT1;B3GNT2;B3GALNT2;DPM1;MAGT1;GMPPB;GALNT3;TET1;SLC39A8;AQP11
TDRP,GO_Biological_Process_2023,prerank,Positive Regulation Of Vascular Associated Smooth Muscle Cell Proliferation (GO:1904707),-0.58373273816314,-1.1926713315011686,0.2097560975609756,1.0,1.0,9/20,17.77%,MEF2D;HTR1B;FGF9;P2RY6;GJA1;IGF1;FGF2;DNMT1;MMP9
TDRP,GO_Biological_Process_2023,prerank,Acylglycerol Biosynthetic Process (GO:0046463),-0.580337788101563,-1.1910349737322872,0.23102866779089376,1.0,1.0,11/22,26.12%,LPIN2;GPAM;GPAT4;MOGAT3;GPAT3;PLA2G15;DGAT1;LPIN3;PNPLA2;LPIN1;PLCE1
TDRP,GO_Biological_Process_2023,prerank,Second-Messenger-Mediated Signaling (GO:0019932),-0.4678953632894078,-1.1910253434177842,0.15615615615615616,1.0,1.0,19/72,17.61%,LAT2;FPR1;DDAH1;HTR2B;SPHK1;PPP1R9A;NOS2;PLA2G4B;RCAN3;NMUR1;PPP2R1A;ORC3;LRRK2;NCALD;KLRG1;NOS1;P2RX4;EIF2AK3;P2RY11
TDRP,GO_Biological_Process_2023,prerank,Regulation Of Regulatory T Cell Differentiation (GO:0045589),-0.5722836133735064,-1.190160968667699,0.21587301587301588,1.0,1.0,5/22,7.52%,LILRB4;HLA-G;KAT2A;VSIR;FOXP3
TDRP,GO_Biological_Process_2023,prerank,Mitochondrial Translation (GO:0032543),0.4083371005317061,1.1896281645751272,0.11513157894736842,1.0,1.0,53/98,22.31%,MRPL9;GFM2;MRPS23;MRPL51;MRPS26;MRPS31;GATC;MTRF1L;MRPS24;MRPL17;MRPL13;MRPL28;MRPL50;MRPL44;MRPS7;MRPL37;PTCD3;MRPL46;RARS2;MRPL48;MRPL47;MRPL43;MRPL24;DROSHA;MRPS25;MRPL41;MRPL33;CHCHD1;HARS1;MRPL21;MRPS22;MRPL36;MRPS34;MRPL2;TSFM;MRPL20;EARS2;MRPL18;LARS2;MRPL3;TUFM;MRPL1;MRPL22;MRPL40;MRPS14;MRPL57;MRPL35;MRPL12;MRPS30;MTRF1;MRPL34;MRPL45;MRPS28
TDRP,GO_Biological_Process_2023,prerank,Regulation Of Lipid Storage (GO:0010883),0.5485198581832834,1.1894089865884245,0.22857142857142856,1.0,1.0,5/21,6.00%,IKBKE;ITGB3;VSTM2A;PLA2G10;PLIN5
TDRP,GO_Biological_Process_2023,prerank,Regulation Of Immune Response (GO:0050776),-0.4640919276268346,-1.1891795378487275,0.1679160419790105,1.0,1.0,22/77,17.24%,C6;DHX58;SLA2;HLA-G;CFP;CASP8;PDCD1;FOXP3;CD276;HLA-DRB1;SPN;LYN;SPPL2B;XIAP;LRP8;CXCL13;IRF4;APPL1;PLSCR1;LAG3;DENND1B;TIRAP
TDRP,GO_Biological_Process_2023,prerank,Regulation Of Interleukin-10 Production (GO:0032653),-0.5087549480400838,-1.189091186040351,0.1815431164901664,1.0,1.0,16/45,19.69%,LILRB4;IL23R;TIGIT;CD274;VSIR;XCL1;FOXP3;HLA-DRB1;PIBF1;NOD2;IRF4;CD47;DLL1;TRIB2;TNFRSF21;F2RL1
TDRP,GO_Biological_Process_2023,prerank,Interferon-Mediated Signaling Pathway (GO:0140888),0.46535325535282596,1.1889736795347479,0.14606741573033707,1.0,1.0,5/41,6.36%,IFNL4;IKBKE;IFNGR1;IRF1;TYK2
TDRP,GO_Biological_Process_2023,prerank,Negative Regulation Of Calcium Ion Transport (GO:0051926),-0.6045822093755043,-1.188780489166206,0.23076923076923078,1.0,1.0,5/17,15.31%,CD33;SEMG1;INPP5K;NOS1;PACSIN3
TDRP,GO_Biological_Process_2023,prerank,Lamellipodium Organization (GO:0097581),-0.5448266535582117,-1.1882725525337405,0.22422258592471359,1.0,1.0,13/30,22.25%,ABLIM3;ABLIM2;RHOD;ARHGEF4;PARVB;SNX1;ARHGEF7;PHPT1;SPATA13;WASF1;GOLPH3;ARFIP2;CYFIP1
TDRP,GO_Biological_Process_2023,prerank,Regulation Of Plasma Membrane Bounded Cell Projection Organization (GO:0120035),0.5109986867941705,1.187886520764546,0.20930232558139536,1.0,1.0,9/28,11.88%,NTNG1;ZNF804A;IL1RAPL1;MARK1;FBXO7;NDEL1;ZNF365;NTNG2;EFHC2
TDRP,GO_Biological_Process_2023,prerank,Response To Ketone (GO:1901654),0.5545810387215203,1.1877329591098151,0.23237597911227154,1.0,1.0,10/20,23.64%,NKX3-1;UBE3A;TGFB3;WBP2;YAP1;SLIT1;SLIT2;CAV1;TGFB1;TGFBR3
TDRP,GO_Biological_Process_2023,prerank,Telomere Maintenance Via Telomere Lengthening (GO:0010833),0.5213068387150264,1.1872653991578046,0.19390581717451524,1.0,1.0,11/26,17.59%,SLX1A;TERF1;RFC1;PIF1;POT1;WRAP53;CTC1;TNKS1BP1;RAD51;DKC1;NOP10
TDRP,GO_Biological_Process_2023,prerank,Lamellipodium Assembly (GO:0030032),-0.5630259990980597,-1.1867043722869433,0.22719734660033167,1.0,1.0,17/25,29.84%,ABLIM3;ABLIM2;RHOD;ARHGEF4;PARVB;ARHGEF7;SPATA13;GOLPH3;ARFIP2;CYFIP1;CARMIL1;PTPRO;KIT;ITGB1;CCDC88A;RAC1;P2RY12
TDRP,GO_Biological_Process_2023,prerank,Regulation Of Calcium Ion Transport (GO:0051924),-0.48204365358323953,-1.1857295606447484,0.19242424242424241,1.0,1.0,22/56,20.62%,CD33;PLPP4;GRIN3B;ATP2B1;WFS1;SARAF;INPP5K;CAMK2A;PKD2;CRACR2A;NOS1;HOMER3;PACSIN3;CACNA1D;GRAMD2A;SLC8B1;P2RX4;HRC;STIM1;CACNA2D1;HOMER2;HOMER1
TDRP,GO_Biological_Process_2023,prerank,Positive Regulation Of Reactive Oxygen Species Metabolic Process (GO:2000379),-0.5017460936824251,-1.1853503715259655,0.1806853582554517,1.0,1.0,25/48,26.68%,ITGB2;CD177;TGFBR2;MAPT;ADGRB1;F2;ZC3H12A;GRIN1;PDGFRB;AKR1C3;CDKN1A;DHRS4;RAB27A;PID1;ROMO1;GADD45A;F2RL1;MAPK14;SOD1;PDGFB;SORD;PLCG2;GSTP1;PRKCD;THBS1
TDRP,GO_Biological_Process_2023,prerank,Regulation Of Axon Extension Involved In Axon Guidance (GO:0048841),-0.5688057337129939,-1.1851591698314592,0.22932917316692666,1.0,1.0,10/23,17.72%,SEMA3G;SEMA6C;SEMA3B;SEMA4A;SEMA3D;SEMA7A;SEMA3C;MEGF8;SEMA4B;SEMA3E
TDRP,GO_Biological_Process_2023,prerank,Positive Regulation Of Synapse Assembly (GO:0051965),0.48421411546224735,1.1846010270744824,0.19154929577464788,1.0,1.0,12/32,20.69%,GPRASP3;IL1RAPL1;DLG5;NLGN3;SLITRK1;SLITRK4;CLSTN3;NLGN2;LRRC4B;SLITRK3;GHRL;SLITRK5
TDRP,GO_Biological_Process_2023,prerank,Positive Regulation Of Cellular Component Biogenesis (GO:0044089),0.4159268300586506,1.1833881701050222,0.11890243902439024,1.0,1.0,33/93,17.17%,SLX1A;HYAL1;SDCBP;HRK;SLX4;CHGA;VIL1;PARK7;CDC42EP2;SYNPO2L;FLOT1;GNL3L;TSG101;HAS3;TCL1A;BID;MTSS1;SMPD3;TPR;TRABD2B;EMILIN1;RHOC;CLDN19;NRG1;PFN1;PFN2;WARS1;LIMK1;SLF1;SNF8;FAF1;TFRC;BMF
TDRP,GO_Biological_Process_2023,prerank,Endoderm Formation (GO:0001706),-0.5189427579053295,-1.181904571924015,0.19405320813771518,1.0,1.0,13/35,21.33%,COL7A1;ITGB2;COL8A1;DUSP4;SETD2;COL4A2;ITGAV;LHX1;LAMB1;MMP9;DUSP5;DUSP2;SOX7
TDRP,GO_Biological_Process_2023,prerank,Cardiac Muscle Cell Development (GO:0055013),-0.5544399802952432,-1.1815964224777755,0.2079866888519135,1.0,1.0,9/26,23.42%,ADPRHL1;ASB2;MYLK3;HEY2;PDGFRB;PDLIM5;CXADR;ALPK3;OBSL1
TDRP,GO_Biological_Process_2023,prerank,Negative Regulation Of Cytokine Production Involved In Immune Response (GO:0002719),-0.6195438465994803,-1.181377437684716,0.23809523809523808,1.0,1.0,5/16,10.04%,LILRB4;HFE;XCL1;FOXP3;HLA-F
TDRP,GO_Biological_Process_2023,prerank,Negative Regulation Of Interleukin-2 Production (GO:0032703),-0.5743934015653498,-1.1801653775826415,0.24798711755233493,1.0,1.0,8/21,16.54%,LILRB4;SFTPD;XCL1;FOXP3;ZFP36;HOMER3;NAV3;HAVCR2
TDRP,GO_Biological_Process_2023,prerank,Regulation Of Long-Term Synaptic Potentiation (GO:1900271),-0.5340651605432272,-1.1799442463152119,0.2225705329153605,1.0,1.0,11/31,16.19%,NOL3;AKAP5;AGER;SHANK3;APP;SQSTM1;CYP46A1;RELN;PTN;EPHA4;FXR1
TDRP,GO_Biological_Process_2023,prerank,Regulation Of Delayed Rectifier Potassium Channel Activity (GO:1902259),-0.6122279501666535,-1.1794599064168962,0.25757575757575757,1.0,1.0,4/16,10.13%,KCNE5;KCNE4;VAMP2;KCNE2
TDRP,GO_Biological_Process_2023,prerank,Phospholipase C-activating G Protein-Coupled Receptor Signaling Pathway (GO:0007200),-0.4584729110270807,-1.1791588344888764,0.15198863636363635,1.0,1.0,26/82,20.62%,LHCGR;FPR1;GPR83;OPRM1;CALCA;LTB4R;HTR2B;P2RY6;ESR1;FPR3;ANO1;CHRM2;NMUR1;CXCR2;P2RY8;OPRK1;DRD3;P2RY1;GPR20;C5AR1;CMKLR1;P2RY11;GPR157;CCKBR;F2RL1;HOMER1
TDRP,GO_Biological_Process_2023,prerank,Female Gamete Generation (GO:0007292),0.4895425882435079,1.1789527872748748,0.2037533512064343,1.0,1.0,5/32,9.41%,SPO11;PIWIL2;MARF1;NANOS1;MCM9
TDRP,GO_Biological_Process_2023,prerank,Positive Regulation Of Morphogenesis Of An Epithelium (GO:1905332),-0.5733301082144039,-1.1786581592922079,0.22495894909688013,1.0,1.0,7/23,16.24%,PAX2;GJA1;SOX8;SIX1;LHX1;LIF;FGF2
TDRP,GO_Biological_Process_2023,prerank,Positive Regulation Of MAP Kinase Activity (GO:0043406),-0.45299204815579225,-1.1776978306106731,0.16809116809116809,1.0,1.0,33/90,25.86%,DUSP19;CD40;TAOK3;WNT5A;HTR2B;PDGFD;INSR;TDGF1;DIRAS1;PIK3R5;TENM1;LRRK2;PDGFRB;NOD2;GHR;IL34;MAP2K7;PDGFC;MST1R;FGFR1;FGF2;TRAF6;MAP3K11;TNFRSF11A;DVL2;CD24;ERP29;TGFA;PDGFB;TPD52L1;MAP3K12;DVL3;IRAK1
TDRP,GO_Biological_Process_2023,prerank,Positive Regulation Of Cation Transmembrane Transport (GO:1904064),-0.6012505382451097,-1.177688949690395,0.260596546310832,1.0,1.0,9/18,24.38%,AMIGO1;CTSS;KCNE5;EDNRA;NOS1;PIRT;STAC;NOS1AP;AKAP6
TDRP,GO_Biological_Process_2023,prerank,Purine Nucleotide Metabolic Process (GO:0006163),0.4796499581137925,1.1765304782352972,0.21348314606741572,1.0,1.0,8/34,9.43%,NT5C1B;FMO2;AMPD2;MDH1;HPRT1;GUK1;NMRK1;QPRT
TDRP,GO_Biological_Process_2023,prerank,Positive Regulation Of Ubiquitin-Protein Transferase Activity (GO:0051443),-0.5397338690939049,-1.175400013955625,0.23317683881064163,1.0,1.0,15/27,22.89%,TRIB3;UBE2L3;UBE2N;DCUN1D1;AXIN1;BTRC;FZR1;ARRDC4;UBE2C;DCUN1D2;PTEN;DCUN1D3;CDC20;BMI1;SKP1
TDRP,GO_Biological_Process_2023,prerank,Cellular Response To Estradiol Stimulus (GO:0071392),-0.5758272602477011,-1.1739265646297463,0.24803767660910517,1.0,1.0,6/20,11.98%,SSTR1;POU4F1;ESR1;NRIP1;ZNF703;FAM210B
TDRP,GO_Biological_Process_2023,prerank,Positive Regulation Of Smooth Muscle Cell Proliferation (GO:0048661),-0.49099564593671585,-1.1738514173168328,0.205607476635514,1.0,1.0,14/47,17.77%,MEF2D;HTR1B;FGF9;AIF1;P2RY6;GJA1;IL18;IGF1;ID2;CX3CL1;PDGFRB;FGF2;DNMT1;MMP9
TDRP,GO_Biological_Process_2023,prerank,Retinoid Metabolic Process (GO:0001523),-0.498611997128366,-1.1729405784167155,0.21630094043887146,1.0,1.0,14/39,19.81%,SDR16C5;CYP27C1;BCO2;DHRS3;LRP2;LRP1;LRP8;AKR1C3;DHRS4;RARRES2;ALDH1A3;CYP1B1;DHRS4L2;RDH13
TDRP,GO_Biological_Process_2023,prerank,Positive Regulation Of Calcium Ion Transport (GO:0051928),-0.5432222121798023,-1.1723680845874143,0.22241086587436332,1.0,1.0,10/28,17.22%,STRIT1;CXCL12;LGALS3;ATP2B1;WFS1;CAMK2A;PDGFRB;CRACR2A;CACNA1D;P2RX4
TDRP,GO_Biological_Process_2023,prerank,Negative Regulation Of Cellular Biosynthetic Process (GO:0031327),-0.42550692617053204,-1.1723018733362995,0.13854595336076816,1.0,1.0,61/137,25.10%,LARP1;SIRPA;ILF3;BMPR2;KAT2A;TRIB3;PATL2;USP7;ENC1;SIK1;NANOS3;GIGYF2;TYMS;ZC3H12A;ZAR1L;PROX1;PAIP2;RNF139;PCIF1;FCN3;LSM14A;AKR1C3;TRIM3;CDKN1A;SNAI2;EIF4E2;SNAI1;WDTC1;TIA1;MST1;DDX6;RAPGEF2;ACMSD;EPHA4;FXR1;C1QTNF12;MPV17L;SHMT1;CNOT9;EIF2AK3;DAPK1;KHSRP;IGF2BP1;MALSU1;SERBP1;CRY1;ROCK2;ERLIN1;NIBAN2;PGPEP1;WNT4;ERLIN2;CSNK2A1;PTGIS;BTG2;ZNF540;PDGFB;CPEB3;RBM4;IGFBP5;FBXW7
TDRP,GO_Biological_Process_2023,prerank,Dendritic Spine Morphogenesis (GO:0060997),-0.6079358382294315,-1.170265016380394,0.24841772151898733,1.0,1.0,7/15,21.94%,NOL3;SHANK3;DIP2A;PAK3;PTEN;SHANK1;DOCK10
TDRP,GO_Biological_Process_2023,prerank,Alpha-Amino Acid Catabolic Process (GO:1901606),0.49198604441449684,1.169055611995743,0.2,1.0,1.0,7/29,13.77%,TAT;PRODH;HOGA1;HPD;IVD;THNSL2;BLMH
TDRP,GO_Biological_Process_2023,prerank,Regulation Of Heart Contraction (GO:0008016),0.4236836421282334,1.1688006385364573,0.16346153846153846,1.0,1.0,27/69,22.15%,TH;DES;S100A1;SCN10A;ATP2A1;APLN;SMAD7;CYP2J2;SCN1B;TMIGD3;KCNQ1;ATP2B4;SLC8A3;KCNJ12;RNF207;PDE4D;FXYD1;TRPC1;TPM1;KCNG2;SLC8A2;MEF2A;SRI;CAV3;ATP2A3;APELA;CALM3
TDRP,GO_Biological_Process_2023,prerank,Regulation Of Interleukin-2 Production (GO:0032663),-0.4919014199788249,-1.1687419104632937,0.19969512195121952,1.0,1.0,13/47,16.93%,LILRB4;SFTPD;XCL1;FOXP3;ZFP36;IL1A;PNP;IRF4;HOMER3;NAV3;GLMN;HAVCR2;TRAF6
TDRP,GO_Biological_Process_2023,prerank,Blood Vessel Diameter Maintenance (GO:0097746),-0.5216536532618901,-1.168685624657508,0.23444976076555024,1.0,1.0,8/36,12.73%,ADORA2B;ADCY6;BDKRB2;HTR2B;ECE1;CPS1;EDNRA;NOS1
TDRP,GO_Biological_Process_2023,prerank,Negative Regulation Of Interleukin-10 Production (GO:0032693),-0.607653583971781,-1.1681181557433313,0.2591362126245847,1.0,1.0,5/16,7.52%,LILRB4;IL23R;CD274;VSIR;FOXP3
TDRP,GO_Biological_Process_2023,prerank,Regulation Of Interleukin-4 Production (GO:0032673),-0.5650973211348997,-1.1679207200828696,0.2604340567612688,1.0,1.0,8/22,16.54%,HLA-E;DDIT3;GATA3;FOXP3;HLA-DRB1;CEBPB;IRF4;HAVCR2
TDRP,GO_Biological_Process_2023,prerank,Positive Regulation Of Leukocyte Mediated Cytotoxicity (GO:0001912),-0.4794565557616463,-1.1672583512164307,0.2119309262166405,1.0,1.0,12/51,11.86%,HLA-G;HFE;RAET1E;IL23R;UXT;HLA-E;KLRK1;XCL1;NOS2;HLA-DRB1;HLA-F;CD226
TDRP,GO_Biological_Process_2023,prerank,Negative Regulation Of Leukocyte Activation (GO:0002695),-0.5889916361884233,-1.1668122556191443,0.2516025641025641,1.0,1.0,6/17,19.48%,LILRB4;CD33;ZC3H12A;HAVCR2;GRN;LRFN5
TDRP,GO_Biological_Process_2023,prerank,Regulation Of Tissue Remodeling (GO:0034103),0.5554523673442788,1.1654895590414927,0.23626373626373626,1.0,1.0,11/19,23.52%,DDR2;SYT7;IL23A;LEP;LEPR;RUNX1;GPNMB;MDK;CST3;IL15;TGFB1
TDRP,GO_Biological_Process_2023,prerank,Regulation Of Cell Size (GO:0008361),0.5213032812054379,1.1642744149305846,0.2222222222222222,1.0,1.0,11/24,21.00%,VAV1;RPTOR;DEPTOR;MSN;RHOA;LAMTOR5;VAV3;PRR16;RDX;EZR;CAV3
TDRP,GO_Biological_Process_2023,prerank,Positive Regulation Of Protein Binding (GO:0032092),-0.4714918842165278,-1.164271734587844,0.16152716593245228,1.0,1.0,26/59,24.25%,HFE;TRIB3;WNT3A;TIAM1;APP;PKD1;LRP1;CLDN5;AKTIP;LRRK2;TRIM21;ADD1;TERT;HIP1R;BMP2;RAPGEF2;USP9X;MMP9;RIPK2;TCF7L2;TAF1;PRKN;RALB;PSEN1;BDNF;BMP4
TDRP,GO_Biological_Process_2023,prerank,Regulation Of Steroid Metabolic Process (GO:0019218),-0.5631551261892348,-1.1637143318698357,0.23633440514469453,1.0,1.0,7/21,21.46%,NR1H4;DGKQ;UGT1A8;ABCG1;GNB3;PANK2;GUCY2C
TDRP,GO_Biological_Process_2023,prerank,Aortic Valve Development (GO:0003176),-0.503716111870364,-1.163163208691715,0.2183206106870229,1.0,1.0,16/40,20.68%,SMAD6;BMPR2;TIE1;EFNA1;TGFBR2;GATA3;HEY2;NOTCH1;BMP2;SNAI2;SNAI1;AXIN2;TNFRSF1B;JAG1;RBPJ;ROCK2
TDRP,GO_Biological_Process_2023,prerank,"RNA Splicing, Via Transesterification Reactions (GO:0000375)",0.5207505045502471,1.162052190340577,0.23733333333333334,1.0,1.0,12/24,21.76%,TXNL4A;PRPF3;SF3B3;PRPF8;GEMIN2;SNRNP40;SLU7;SF3B4;DBR1;SMNDC1;SRRM1;SCAF11
TDRP,GO_Biological_Process_2023,prerank,RNA Biosynthetic Process (GO:0032774),-0.5376338836867549,-1.1619924487329023,0.23529411764705882,1.0,1.0,17/29,28.45%,TBPL2;TAF13;NAT14;POLA2;POLR2A;SMN1;POLA1;TCEA2;RSF1;TBP;TAF10;TAF4;MTERF1;NCOA6;PRIM2;ZFP36L1;TAF7
TDRP,GO_Biological_Process_2023,prerank,Mitochondrial Respiratory Chain Complex Assembly (GO:0033108),0.4062797649755451,1.1614995638737877,0.1461794019933555,1.0,1.0,41/90,20.98%,STMP1;NDUFC2;NDUFB2;SCO1;NDUFAB1;COA3;NDUFA6;TMEM126B;COA1;NDUFA3;COA8;COX20;UQCC5;SMIM20;COX14;NDUFS5;NDUFA1;TMEM186;NDUFS7;TTC19;SAMM50;PET117;LYRM2;PET100;NDUFA10;NDUFAF1;COA5;NDUFB5;UQCC1;SURF1;LYRM7;COX17;NDUFB1;CHCHD7;SDHAF1;NDUFS3;NDUFA9;ECSIT;NDUFAF8;NDUFS4;TIMM21
TDRP,GO_Biological_Process_2023,prerank,Pattern Recognition Receptor Signaling Pathway (GO:0002221),-0.4768590746732439,-1.1611074444782565,0.18798151001540833,1.0,1.0,17/56,21.65%,DHX58;CTSS;LY96;TICAM1;TLR5;MAPKAPK3;NLRP1;NAIP;FCN3;NOD2;TRAF6;RIGI;TIFA;RPS6KA3;MAVS;PYCARD;COLEC11
TDRP,GO_Biological_Process_2023,prerank,Response To Purine-Containing Compound (GO:0014074),-0.5443636656003492,-1.1602465051284274,0.24630541871921183,1.0,1.0,10/24,21.61%,CITED1;TRPC3;DGKQ;P2RY6;VGF;P2RY1;P2RX7;P2RX4;ATF1;ADORA2A
TDRP,GO_Biological_Process_2023,prerank,Mesoderm Development (GO:0007498),-0.5840038294389825,-1.1599216901563076,0.272108843537415,1.0,1.0,5/18,16.18%,TIE1;TBX3;HES7;IKZF1;JAK2
TDRP,GO_Biological_Process_2023,prerank,Defense Response To Bacterium (GO:0042742),-0.40571668304066394,-1.1589447624409996,0.13026315789473683,1.0,1.0,22/195,10.20%,DEFB119;DEFB135;GNLY;IL23R;SFTPD;OAS3;SEMG1;CFP;HLA-E;GSDMA;IRGM;PRB3;NLRP1;PLA2G2A;NOS2;TFEB;SPN;IL18;ADGRB1;LPO;NAIP;CEBPB
TDRP,GO_Biological_Process_2023,prerank,Monoatomic Cation Transport (GO:0006812),-0.5007247043498009,-1.1583976068906559,0.2118003025718608,1.0,1.0,15/42,20.23%,PANX3;CNGA4;CNGB1;ANO1;GRIN2B;LRP2;SLC41A1;GRIN1;CHRNB1;SLC39A1;ATP10D;ANO10;TRPM6;PIEZO2;TRPM3
TDRP,GO_Biological_Process_2023,prerank,Intracellular Cholesterol Transport (GO:0032367),-0.5974514581969609,-1.1576134421232231,0.25925925925925924,1.0,1.0,9/16,21.46%,RELCH;OSBPL2;ABCG1;STARD4;VPS4A;NPC2;SERAC1;NPC1;GUCY2C
TDRP,GO_Biological_Process_2023,prerank,Positive Regulation Of Lipid Catabolic Process (GO:0050996),0.5360638698034339,1.1573264288368632,0.2518518518518518,1.0,1.0,3/20,6.00%,ABCD2;ABCD1;PLIN5
TDRP,GO_Biological_Process_2023,prerank,Positive Regulation Of Myeloid Cell Differentiation (GO:0045639),-0.5101744252159365,-1.1573223471030267,0.2368839427662957,1.0,1.0,17/36,27.64%,THPO;SCIN;RAB7B;MTURN;FES;FAM210B;FAXDC2;ANKRD54;BRD1;ACVR2A;MAPK14;HSPA1B;TESC;STAT3;FOXO3;ACVR1B;ZNF16
TDRP,GO_Biological_Process_2023,prerank,Regulation Of T Cell Migration (GO:2000404),-0.5531686061571046,-1.157253016899185,0.2470978441127695,1.0,1.0,8/23,13.19%,DOCK8;CXCL12;APP;AIF1;RIPOR2;SPN;LRCH1;TMEM102
TDRP,GO_Biological_Process_2023,prerank,Protein Insertion Into Membrane (GO:0051205),0.5486907640586851,1.1569545228353586,0.2638522427440633,1.0,1.0,8/19,16.94%,GET4;TRAM1L1;CCDC47;MAIP1;GET1;WDR83OS;TRAM2;GET3
TDRP,GO_Biological_Process_2023,prerank,Release Of Sequestered Calcium Ion Into Cytosol (GO:0051209),-0.4958028167401688,-1.1565199543954992,0.22507552870090636,1.0,1.0,18/39,26.12%,ERO1A;HTR2B;GP1BB;XCL1;PKD2;FGF2;IBTK;SLC8B1;PLCB3;ITPR1;ITPR2;PLCD1;PLCB4;LCK;RYR1;PLCG2;PLCB2;PLCE1
TDRP,GO_Biological_Process_2023,prerank,Hexose Transmembrane Transport (GO:0008645),-0.5523487223761105,-1.1550269264800719,0.24429967426710097,1.0,1.0,11/22,18.59%,SLC2A4;SLC45A3;SLC2A11;SLC2A1;SLC2A5;SLC2A2;SLC2A12;SLC2A7;SLC2A3;SLC5A10;SLC2A14
TDRP,GO_Biological_Process_2023,prerank,Negative Regulation Of Cyclin-Dependent Protein Kinase Activity (GO:1904030),-0.5649620858091849,-1.154970550114749,0.26229508196721313,1.0,1.0,15/20,26.89%,CDKN2A;HHEX;CDKN1A;CEBPA;INCA1;PTEN;CDK5RAP1;HEXIM2;LATS2;CDKN1B;MEN1;LATS1;CDKN1C;TFAP4;IPO7
TDRP,GO_Biological_Process_2023,prerank,B Cell Receptor Signaling Pathway (GO:0050853),-0.5026267795171208,-1.1546273526671,0.23400936037441497,1.0,1.0,10/37,25.18%,LAT2;NFAM1;LIME1;BAX;CD38;BMX;PRKCB;NFATC2;LCK;PLCG2
TDRP,GO_Biological_Process_2023,prerank,O-glycan Processing (GO:0016266),-0.5039049317439696,-1.154065559284832,0.24772036474164133,1.0,1.0,16/41,20.47%,CHST4;POMGNT1;B3GNT3;B4GAT1;ST3GAL4;GCNT4;B3GNT7;GALNT7;GALNT13;GALNT9;XXYLT1;ST3GAL1;GALNT4;GALNT12;B3GNT2;GALNT3
TDRP,GO_Biological_Process_2023,prerank,Regulation Of Wound Healing (GO:0061041),0.4457116247468346,1.1538453510524924,0.23076923076923078,1.0,1.0,13/46,13.29%,FOXA2;TNFAIP3;ANXA1;VIL1;CD109;CRK;EPPK1;CADM4;GP1BA;DUOX1;OCLN;CLDN19;NRG1
TDRP,GO_Biological_Process_2023,prerank,Negative Regulation Of Response To Stimulus (GO:0048585),-0.4664298584333892,-1.1535049039333654,0.21428571428571427,1.0,1.0,22/52,21.17%,HLA-G;LPCAT3;DDAH1;KLF4;PDCD1;FOXP3;IGFBP3;WFS1;LYN;SH2B3;EPHA4;ALOX5;KIF26A;NLRP12;CASK;VHL;WDR41;INPP5D;GGT7;UBASH3B;RTEL1;AQP11
TDRP,GO_Biological_Process_2023,prerank,Negative Regulation Of Growth (GO:0045926),0.39096281597116156,1.1531826598530681,0.15357142857142858,1.0,1.0,52/123,20.83%,SCGB3A1;ACVRL1;CYP27B1;HYAL1;CCN3;DACT3;PHB1;RTN4;MT1M;NAIF1;TSPYL2;MUL1;SIPA1;ST7L;CGRRF1;FHL1;BST2;BCL6;TP53TG5;STK11;OSGIN1;BRCA1;DDX3X;SMARCA4;MT1F;HYAL2;GNG4;NRG1;ESR2;FLCN;SFRP2;CCDC85B;CDA;INHBA;MT1E;PTPRJ;PPP2CA;CAPRIN2;SERTAD3;ADAM15;PNPT1;MT1X;SH3BP4;MINAR1;SLIT1;CDKN2AIP;NDUFS3;HSPA1A;ENPP1;SLIT2;FGFR3;SMAD4
TDRP,GO_Biological_Process_2023,prerank,Ubiquitin-Dependent Protein Catabolic Process Via The Multivesicular Body Sorting Pathway (GO:0043162),-0.5121865207080282,-1.1529580382642228,0.2534142640364188,1.0,1.0,19/33,24.46%,CHMP6;PTPN23;VPS28;CHMP3;CHMP1B;CHMP7;UBAP1L;VPS4A;CHMP4C;VPS36;VPS37D;RNF115;VPS37C;CHMP4A;STAM2;VPS4B;CHMP2A;VPS37B;CHMP2B
TDRP,GO_Biological_Process_2023,prerank,Peptide Hormone Secretion (GO:0030072),0.5064690189150576,1.1514983051061347,0.21568627450980393,1.0,1.0,5/25,5.83%,SNX19;ANXA1;PTPRN;PARK7;FAM3B
TDRP,GO_Biological_Process_2023,prerank,DNA Catabolic Process (GO:0006308),0.5474288701668023,1.1506777802296124,0.2345679012345679,1.0,1.0,6/19,14.64%,TREX2;DFFB;REXO4;FOXL2;DNASE2;ISG20
TDRP,GO_Biological_Process_2023,prerank,Chondroitin Sulfate Proteoglycan Biosynthetic Process (GO:0050650),0.534329082438258,1.1499200202206268,0.25240384615384615,1.0,1.0,11/19,16.61%,B3GAT2;CHST7;CHST9;CSGALNACT1;CSGALNACT2;CHSY3;CHST12;CHPF;PXYLP1;B3GAT3;XYLT1
TDRP,GO_Biological_Process_2023,prerank,Regulation Of Phosphatidylinositol 3-Kinase Signaling (GO:0014066),-0.4353679021192143,-1.1497790372492367,0.18221574344023322,1.0,1.0,41/89,25.84%,HCST;PDGFD;HCLS1;INSR;LIME1;HGF;IL18;NTRK1;IGF1;NTRK2;PDGFRB;TSC2;RAPGEF3;NLRC3;PTPN13;PDGFC;IGF1R;FGFR1;JAK2;FGF2;PIP5K1B;SEMA3E;PIK3AP1;PTEN;DDR1;F2RL1;ROR2;PLXNB1;MYDGF;KDR;ROR1;PIK3IP1;SRC;NOP53;PDGFB;BECN1;HAX1;PPP1R16B;CBL;DIPK2A;NEDD4
TDRP,GO_Biological_Process_2023,prerank,Regulation Of Presynapse Organization (GO:0099174),-0.5888885022939789,-1.1488458545623321,0.2671118530884808,1.0,1.0,4/16,7.71%,IL1RAPL2;WNT3A;LRRTM3;MDGA1
TDRP,GO_Biological_Process_2023,prerank,Regulation Of Presynapse Assembly (GO:1905606),-0.5888885022939789,-1.1488458545623321,0.2671118530884808,1.0,1.0,4/16,7.71%,IL1RAPL2;WNT3A;LRRTM3;MDGA1
TDRP,GO_Biological_Process_2023,prerank,Regulation Of Intracellular Steroid Hormone Receptor Signaling Pathway (GO:0033143),0.5173862017730056,1.1477734623552251,0.22972972972972974,1.0,1.0,9/22,21.86%,HDAC6;PARK7;UBA5;TRIM68;UFSP2;CARM1;DNAAF4;PRMT2;DDRGK1
TDRP,GO_Biological_Process_2023,prerank,Proton Motive Force-Driven ATP Synthesis (GO:0015986),0.42577632850975883,1.147716415177212,0.19090909090909092,1.0,1.0,37/59,24.73%,NDUFC2;ATP5PB;NDUFB2;NDUFAB1;NDUFA6;NDUFA3;ATP5PO;ATP5MC2;NDUFS5;ATP5F1B;NDUFA12;ATP5F1C;NDUFA1;NDUFS7;ATP5MG;NDUFA10;NDUFB5;ATP5MK;NDUFS6;VPS9D1;NDUFB1;NDUFS3;NDUFA9;NDUFS4;ATP5MC1;ATP5F1D;SDHA;ATP5PD;NDUFV2;NDUFS8;SDHC;NDUFB3;NDUFA13;ATP5PF;NDUFA11;NDUFA8;SDHD
TDRP,GO_Biological_Process_2023,prerank,Dorsal/Ventral Pattern Formation (GO:0009953),0.49835131908253333,1.1469554367598698,0.24742268041237114,1.0,1.0,12/27,21.29%,WNT8B;ACVRL1;LMX1B;CER1;BMPR1B;GLI2;BMP1;FBXL15;DSCAML1;TLL1;NBL1;TLL2
TDRP,GO_Biological_Process_2023,prerank,Anterior/Posterior Axis Specification (GO:0009948),-0.5741950013865784,-1.1458704809612352,0.27586206896551724,1.0,1.0,7/19,16.43%,SIX2;TBX3;DDIT3;TDGF1;TASOR;LHX1;MESP2
TDRP,GO_Biological_Process_2023,prerank,Protein Targeting To Peroxisome (GO:0006625),0.5635767884897643,1.1455481368364233,0.2620320855614973,1.0,1.0,10/16,21.30%,LONP2;TRIM37;PEX26;PEX1;ZFAND6;PEX3;PEX16;PEX5;PEX14;PEX2
TDRP,GO_Biological_Process_2023,prerank,Multivesicular Body Sorting Pathway (GO:0071985),-0.5440327566026881,-1.1453510594410463,0.2717219589257504,1.0,1.0,16/24,25.86%,CHMP6;RAB27B;CHMP3;CHMP1B;CHMP7;VPS4A;CHMP4C;VTA1;RAB27A;LAPTM4B;UVRAG;CHMP4A;VPS4B;CHMP2A;CHMP2B;SORT1
TDRP,GO_Biological_Process_2023,prerank,Midbody Abscission (GO:0061952),-0.5962899677896051,-1.1452044710349452,0.31239935587761675,1.0,1.0,11/15,24.46%,CHMP6;CHMP3;CHMP1B;CHMP7;VPS4A;CHMP4C;CHMP4A;VPS4B;PDCD6IP;CHMP2A;CHMP2B
TDRP,GO_Biological_Process_2023,prerank,Immune Response-Activating Cell Surface Receptor Signaling Pathway (GO:0002429),-0.5583765559794674,-1.1450912123752461,0.28213166144200624,1.0,1.0,6/22,15.89%,SLA2;FPR1;FPR3;LYN;C5AR1;CMKLR1
TDRP,GO_Biological_Process_2023,prerank,Response To Organic Cyclic Compound (GO:0014070),0.43222424733028547,1.1446958127981108,0.19811320754716982,1.0,1.0,20/58,18.09%,WNT8B;CYP27B1;ANXA1;DRD4;NKX3-1;ADORA1;TRPV1;SPP1;HLCS;TPR;PMAIP1;TP53I13;CTNNB1;ARL6IP5;ALAS1;FGFR4;CHRNB2;CCL2;PAQR7;STAT5B
TDRP,GO_Biological_Process_2023,prerank,Cardiac Ventricle Morphogenesis (GO:0003208),-0.49617359273384076,-1.1444195257100722,0.24492979719188768,1.0,1.0,8/42,10.83%,HAND1;NPY5R;TNNT2;TGFBR2;GATA3;HEY2;PROX1;NOTCH1
TDRP,GO_Biological_Process_2023,prerank,Epithelial To Mesenchymal Transition (GO:0001837),-0.48207121553601606,-1.1441392159029937,0.22755417956656346,1.0,1.0,20/47,23.35%,CUL7;WNT5A;TBX3;HGF;HEY2;IGF1;NOTCH1;BMP2;SNAI2;TASOR;SNAI1;FAM83D;FGFR1;NOTCH4;RBPJ;LOXL3;TGFBR1;ROCK2;WNT4;LEF1
TDRP,GO_Biological_Process_2023,prerank,Action Potential (GO:0001508),-0.5047183901734936,-1.1436742395718031,0.25617283950617287,1.0,1.0,14/34,27.95%,KCNE5;KCNB1;SCN3B;KCNE4;KCNE2;KCNMB4;DMD;KCNJ2;GNA11;KCNMB2;KCNH2;SCN4A;KCNE3;KCNH7
TDRP,GO_Biological_Process_2023,prerank,Determination Of Left/Right Symmetry (GO:0007368),-0.48583727755040246,-1.1434947838849872,0.24921630094043887,1.0,1.0,15/44,17.06%,CFC1;ENKUR;CCDC103;STIL;DNAAF1;NOTCH1;KIF3B;PKD2;OFD1;NPHP3;DNAI2;DLL1;CITED2;DNAI1;MEGF8
TDRP,GO_Biological_Process_2023,prerank,Mucosal Immune Response (GO:0002385),0.4966358953315544,1.1434067024487118,0.24069478908188585,1.0,1.0,6/27,18.36%,H2BC21;FAU;RPL39;H2BC11;IFNLR1;OTUD7B
TDRP,GO_Biological_Process_2023,prerank,Carboxylic Acid Biosynthetic Process (GO:0046394),-0.5793391536166895,-1.1424697047409542,0.2771929824561403,1.0,1.0,9/17,24.42%,CYP2C8;CYP4A22;CARNS1;NAIP;PYCARD;PAH;UROS;UGDH;RGN
TDRP,GO_Biological_Process_2023,prerank,Negative Regulation Of Axon Extension Involved In Axon Guidance (GO:0048843),-0.5727835252087993,-1.142205281264024,0.28501628664495116,1.0,1.0,9/19,17.72%,SEMA3G;SEMA6C;SEMA3B;SEMA4A;SEMA3D;SEMA7A;SEMA3C;SEMA4B;SEMA3E
TDRP,GO_Biological_Process_2023,prerank,Glial Cell Differentiation (GO:0010001),-0.5083863988320071,-1.141969341630995,0.25434439178515006,1.0,1.0,11/34,18.20%,PAX2;MYRF;CDK5;TPPP;GPC1;SOX8;NFIB;RELN;SOX10;BCAN;GPR157
TDRP,GO_Biological_Process_2023,prerank,Regulation Of Chemotaxis (GO:0050920),-0.5205820335933196,-1.141451445280008,0.248,1.0,1.0,10/28,19.69%,PPM1F;AIF1;STX3;PDGFRB;CCL26;DUSP3;P2RX4;RARRES2;PTPN2;F2RL1
TDRP,GO_Biological_Process_2023,prerank,Regulation Of Cold-Induced Thermogenesis (GO:0120161),-0.4161487207745203,-1.1405353000997107,0.19288645690834474,1.0,1.0,50/145,23.19%,FGF21;LAMA4;STAT6;G0S2;ELOVL3;SLC25A44;PRDM16;DDIT3;GPR3;ZBTB7B;GJA1;ADAM17;IL18;ACOT13;CPT2;PLCL1;CEBPB;OXT;NOTCH1;PCTP;FH;ADRB2;ACVR2B;DYNC1H1;MUC1;TFE3;IRF4;PDGFC;IGF1R;PPARGC1B;CMKLR1;JAK2;OXTR;DIO2;ACHE;PGAM5;PPARGC1A;ZNF516;IP6K1;DOCK7;RBPJ;ACOT11;PWWP2B;ATF4;BSCL2;ALPL;EHMT1;ELOVL6;KDM3A;GRB10
TDRP,GO_Biological_Process_2023,prerank,Macromolecule Catabolic Process (GO:0009057),0.4128736248611051,1.1399763515899128,0.1949685534591195,1.0,1.0,38/85,21.99%,TREX2;CAPN3;DFFB;RNASEH1;CTRL;RIPK1;REXO4;TPP1;RNF5;TRIM24;EXOSC8;USE1;UTP25;SLC16A3;HNRNPD;CLN6;MVB12A;EXOSC1;ISG20;RAB12;RNASEH2C;DIS3;CLN8;EXOSC5;CASP7;DENND3;EXOSC10;EXOSC9;PNPT1;IDE;LGMN;PRSS16;DAB2IP;SIAH1;XRN2;NCBP1;PPT1;UCHL3
TDRP,GO_Biological_Process_2023,prerank,Chemokine-Mediated Signaling Pathway (GO:0070098),0.4329678616581335,1.1391212275758333,0.18072289156626506,1.0,1.0,5/55,8.18%,CCL24;XCL2;PTK2B;STK39;RBM15
TDRP,GO_Biological_Process_2023,prerank,Protein Mannosylation (GO:0035268),-0.5564421072975404,-1.1378241393331812,0.27603305785123966,1.0,1.0,13/21,26.39%,POMT1;POMGNT2;CRPPA;DPY19L2;RXYLT1;LARGE1;DPM1;TMTC3;DPY19L1;DPM2;DPM3;TMTC4;FKRP
TDRP,GO_Biological_Process_2023,prerank,Renal System Development (GO:0072001),-0.46212120982155125,-1.1366764397906057,0.23019431988041852,1.0,1.0,23/57,22.43%,PAX2;ITGA8;SIX2;CYP4A22;PYGO1;GATA3;STRA6;PKD1;WFS1;SULF2;PROX1;NPHP3;SIX1;MME;LHX1;PCSK5;PYGO2;POLR2D;CEP290;PCSK9;TGFBR1;LRP4;WNT4
TDRP,GO_Biological_Process_2023,prerank,Ventricular Cardiac Muscle Tissue Development (GO:0003229),-0.5390111301733416,-1.1352826651908072,0.25673534072900156,1.0,1.0,5/25,10.04%,HAND1;DSG2;TNNT2;ID2;PROX1
TDRP,GO_Biological_Process_2023,prerank,Immunoglobulin Production Involved In Immunoglobulin-Mediated Immune Response (GO:0002381),0.5388677897462085,1.1351395008701277,0.2827586206896552,1.0,1.0,7/17,13.46%,MAD2L2;HLA-DOB;HLA-DOA;HLA-DPA1;SHLD1;HLA-DMB;SHLD2
TDRP,GO_Biological_Process_2023,prerank,Oxidative Phosphorylation (GO:0006119),0.4174481188844425,1.1332665309630645,0.190625,1.0,1.0,36/60,24.73%,NDUFC2;ATP5PB;NDUFB2;NDUFAB1;NDUFA6;NDUFA3;TEFM;ATP5PO;NDUFS5;ATP5F1B;NDUFA12;ATP5F1C;NDUFA1;NDUFS7;ATP5MG;NDUFA10;NDUFB5;NDUFS6;NDUFB1;NDUFS3;NDUFA9;UQCRC2;NDUFS4;ATP5F1D;SDHA;ATP5PD;NDUFV2;NDUFS8;SDHC;UQCRH;NDUFB3;NDUFA13;ATP5PF;NDUFA11;NDUFA8;SDHD
TDRP,GO_Biological_Process_2023,prerank,Cardiac Epithelial To Mesenchymal Transition (GO:0060317),-0.5586664290397759,-1.1327719289409166,0.2985781990521327,1.0,1.0,9/19,20.38%,TBX3;HEY2;FGF8;NOTCH1;BMP2;SNAI2;SNAI1;RBPJ;TGFBR1
TDRP,GO_Biological_Process_2023,prerank,Positive Regulation Of Cell Junction Assembly (GO:1901890),0.41888183851046584,1.1324777239789459,0.20388349514563106,1.0,1.0,23/61,21.12%,MYOC;GPRASP3;IL1RAPL1;DLG5;NLGN3;FLOT1;NPHP1;SLITRK1;SLITRK4;CLDN19;NRG1;TSC1;NPHP4;CLSTN3;NLGN2;PTPRJ;S100A10;LRRC4B;SLITRK3;GHRL;LIMS1;SLITRK5;CAV1
TDRP,GO_Biological_Process_2023,prerank,Regulation Of Macrophage Activation (GO:0043030),-0.5077074211261172,-1.1310605365822832,0.2638230647709321,1.0,1.0,9/31,19.75%,WNT5A;GPR137B;SPHK1;IRGM;CD74;ZC3H12A;CEBPA;LRFN5;PJA2
TDRP,GO_Biological_Process_2023,prerank,Vesicle Transport Along Actin Filament (GO:0030050),-0.562426085186152,-1.1308597272026182,0.2914572864321608,1.0,1.0,11/18,23.38%,MYO1G;MYO1A;MYO6;MYO19;MYO15A;MYO5A;MYO7A;MYO5C;MYO1B;FNBP1L;MYO1C
TDRP,GO_Biological_Process_2023,prerank,Dopaminergic Neuron Differentiation (GO:0071542),0.5238907830366059,1.1305366171448197,0.295,1.0,1.0,5/19,10.01%,PITX3;FOXA2;LMX1B;MANF;NR4A2
TDRP,GO_Biological_Process_2023,prerank,Regulation Of Calcium-Mediated Signaling (GO:0050848),-0.5120534670592916,-1.130356920447952,0.2697160883280757,1.0,1.0,13/30,26.73%,SLA2;P2RX2;MAPT;LRRK2;JPT2;CMKLR1;P2RX4;ITPR1;P2RX3;GPR143;RGN;PLCG2;HTT
TDRP,GO_Biological_Process_2023,prerank,mRNA Transcription (GO:0009299),0.44684704933832053,1.1294483697295348,0.23333333333333334,1.0,1.0,11/43,12.46%,FOXE3;CYP27B1;TAF12;NCOA1;HLTF;SUPT6H;NCOA2;NCBP3;HIPK3;TAF2;MED1
TDRP,GO_Biological_Process_2023,prerank,Negative Regulation Of Cyclin-Dependent Protein Serine/Threonine Kinase Activity (GO:0045736),-0.55946533739112,-1.129405693575692,0.2981878088962109,1.0,1.0,14/19,26.89%,CDKN2A;HHEX;CDKN1A;CEBPA;INCA1;PTEN;CDK5RAP1;HEXIM2;LATS2;CDKN1B;MEN1;LATS1;TFAP4;IPO7
TDRP,GO_Biological_Process_2023,prerank,Vesicle Cargo Loading (GO:0035459),0.4939391186651313,1.129089212735647,0.24433249370277077,1.0,1.0,9/25,17.39%,CTAGE4;TMED2;SEC31B;SEC24A;TMED10;SH2D2A;PICALM;MIA3;SEC24C
TDRP,GO_Biological_Process_2023,prerank,Regulation Of Kinase Activity (GO:0043549),-0.43077645096556294,-1.1286498542449812,0.2199710564399421,1.0,1.0,32/82,24.01%,TIE1;NPRL2;PIFO;INSR;HLA-DRB1;CD74;MAPT;NTRK1;RAD50;NTRK2;CCNYL1;SMG8;PDGFRB;MERTK;ANKRD54;LDB2;IGF1R;MST1R;RYK;TYRO3;FGFR1;EPHA2;RET;DDR1;ROR2;IRS2;KDR;ERBB4;CDKN1B;ROR1;SOD1;CDKN1C
TDRP,GO_Biological_Process_2023,prerank,Regulation Of Heterotypic Cell-Cell Adhesion (GO:0034114),-0.5351878207292675,-1.1282172112133726,0.28938906752411575,1.0,1.0,6/24,16.81%,AGER;GCNT2;KLF4;CD44;FLOT2;WNK1
TDRP,GO_Biological_Process_2023,prerank,Peptidyl-Threonine Dephosphorylation (GO:0035970),-0.5814985667383752,-1.1276455833289827,0.30082644628099175,1.0,1.0,9/17,23.38%,PPM1F;PPM1E;PPM1B;DUSP10;PPM1D;DUSP5;PGAM5;PPP1CA;PPM1N
TDRP,GO_Biological_Process_2023,prerank,Tube Closure (GO:0060606),-0.5103797731656409,-1.1276126754977025,0.2694805194805195,1.0,1.0,15/29,23.65%,PAX2;STIL;LRP2;TSC2;PHACTR4;COBL;MTHFR;PRICKLE1;MTHFD1;PLXNB2;FUZ;DVL2;CELSR1;GRHL2;GRHL3
TDRP,GO_Biological_Process_2023,prerank,Negative Regulation Of Chemotaxis (GO:0050922),-0.5142730152004508,-1.1270874407516056,0.28289473684210525,1.0,1.0,13/31,18.90%,SEMA3G;SEMA6C;SEMA3B;CORO1B;SEMA4A;NOTCH1;SEMA3D;DUSP3;SEMA7A;SEMA3C;SEMA4B;SEMA3E;PTPN2
TDRP,GO_Biological_Process_2023,prerank,Proton Motive Force-Driven Mitochondrial ATP Synthesis (GO:0042776),0.42939284607761335,1.1270028844443951,0.229607250755287,1.0,1.0,33/52,24.73%,NDUFC2;ATP5PB;NDUFB2;NDUFAB1;NDUFA6;NDUFA3;ATP5PO;NDUFS5;ATP5F1B;NDUFA12;ATP5F1C;NDUFA1;NDUFS7;ATP5MG;NDUFA10;NDUFB5;NDUFS6;NDUFB1;NDUFS3;NDUFA9;NDUFS4;ATP5F1D;SDHA;ATP5PD;NDUFV2;NDUFS8;SDHC;NDUFB3;NDUFA13;ATP5PF;NDUFA11;NDUFA8;SDHD
TDRP,GO_Biological_Process_2023,prerank,Cyclic Nucleotide Biosynthetic Process (GO:0009190),-0.5578144045660013,-1.1268884535880177,0.32554257095158595,1.0,1.0,6/19,15.18%,ADCY10;ADCY6;GUCY2F;GUCY2D;NPPC;NPR2
TDRP,GO_Biological_Process_2023,prerank,miRNA Processing (GO:0035196),0.46667252381291463,1.1268262666976425,0.24376731301939059,1.0,1.0,17/32,24.64%,TUT4;AGO2;AGO3;HNRNPA2B1;SRSF3;DROSHA;SPOUT1;SNIP1;BCDIN3D;LIN28B;NCBP1;SRRT;PUM1;AGO1;SMAD3;TRIM71;METTL3
TDRP,GO_Biological_Process_2023,prerank,Vacuolar Acidification (GO:0007035),0.48198434383197253,1.1266993519050175,0.28125,1.0,1.0,13/29,16.93%,TCIRG1;ATP6V0C;SLC11A1;TMEM9;TMEM199;ATP6V1F;ATP6V0E1;CCDC115;CLN6;ATP6AP2;ATP6V0B;ATP6V1D;ATP6V0E2
TDRP,GO_Biological_Process_2023,prerank,Positive Regulation Of Interleukin-17 Production (GO:0032740),-0.5361069554976019,-1.125818665010168,0.29207920792079206,1.0,1.0,7/24,16.18%,IL23R;NR1H4;SPHK1;ZBTB7B;IL18;NOD2;JAK2
TDRP,GO_Biological_Process_2023,prerank,Antigen Receptor-Mediated Signaling Pathway (GO:0050851),-0.4137720065843224,-1.1258001659260743,0.21349862258953167,1.0,1.0,37/122,20.89%,SLA2;LAT2;BTN1A1;NFAM1;ICOSLG;BTN2A3P;GATA3;CD276;LIME1;HLA-DRB1;FYB2;BTN3A1;BTNL2;ZC3H12A;ORC3;UBE2N;LCP2;RC3H2;BTN3A2;BTNL9;PIK3CA;CD38;BMX;DENND1B;WNK1;TRAF6;BTN2A2;PRKCB;GNAO1;RIPK2;EIF2B1;TNFRSF21;NFATC2;CSK;PRAM1;PRKD2;INPP5D
TDRP,GO_Biological_Process_2023,prerank,Polyol Metabolic Process (GO:0019751),-0.5635847314288207,-1.1237838719346775,0.3034825870646766,1.0,1.0,12/17,29.40%,INPP5J;IP6K2;IMPA2;INPP4A;IP6K1;INPP5B;INPP5A;SYNJ1;INPP4B;IPPK;SLC5A3;PPIP5K1
TDRP,GO_Biological_Process_2023,prerank,tRNA Processing (GO:0008033),0.4409960165697878,1.1231417650380686,0.23728813559322035,1.0,1.0,28/49,22.95%,SSB;POP1;FAM98B;ELAC1;ELP5;KTI12;METTL2B;RPP21;NSUN6;DTWD2;TRMT9B;ADAT1;TRPT1;FTSJ1;RTCB;KARS1;TRMT1;AARS2;TRUB1;TSEN2;TRDMT1;ZBTB8OS;TRIT1;PTCD1;TRNT1;TRMT10C;HEXIM1;LCMT2
TDRP,GO_Biological_Process_2023,prerank,Positive Regulation Of Establishment Of Protein Localization (GO:1904951),0.5262293875316553,1.1226445070011941,0.2727272727272727,1.0,1.0,10/18,17.21%,CEP295;CCT4;CCT7;CENPJ;TCP1;PTP4A3;CCT6A;WRAP53;CCT8;DKC1
TDRP,GO_Biological_Process_2023,prerank,Positive Regulation Of Protein Serine/Threonine Kinase Activity (GO:0071902),-0.41625106125141964,-1.1223963162882844,0.2173314993122421,1.0,1.0,30/117,16.24%,CD40;WNT5A;CAMK1;HTR2B;RGCC;CEMIP;PDGFD;IRGM;INSR;CAB39;PKD1;TDGF1;DIRAS1;MAPRE3;PIK3R5;PROX1;TENM1;LRRK2;PKD2;PDGFRB;ADRB2;NOD2;GHR;IL34;TAB1;RAPGEF2;PDGFC;MST1R;FGFR1;FGF2
TDRP,GO_Biological_Process_2023,prerank,Release Of Cytochrome C From Mitochondria (GO:0001836),-0.5620783194630112,-1.1218973333398918,0.3327338129496403,1.0,1.0,10/19,22.38%,SFN;FZD9;BCL2L1;IFI6;BAX;SOD2;BAK1;FIS1;BOK;TIMM50
TDRP,GO_Biological_Process_2023,prerank,"RNA Splicing, Via Transesterification Reactions With Bulged Adenosine As Nucleophile (GO:0000377)",0.36105145210162315,1.1217010102699376,0.11160714285714286,1.0,1.0,80/177,22.77%,TXNL4A;ZMAT2;RALY;ESS2;LSM3;DHX15;SRSF12;DHX16;PRPF3;SF3B5;EIF4A3;SF3B3;LSM5;CDC5L;MFAP1;DDX39A;PRPF8;SNRPG;MAGOH;HNRNPA2B1;SNRPA1;HNRNPA3;CWC15;CWF19L1;PRPF38A;DDX46;XAB2;PNN;SRSF3;RNF113A;SRRM2;DDX41;HNRNPF;MAGOHB;SRSF5;SNRNP27;RSRC1;CACTIN;SNRNP40;SLU7;GEMIN7;SNRPN;SRSF7;RBM8A;SF3B4;DBR1;SNRPD1;U2AF1L4;PPWD1;IK;SNIP1;PPIL1;SYF2;PABPC1;SYNCRIP;SF3B6;TFIP11;LSM4;LSM6;PRPF40A;SNRPB;SRSF1;DHX38;HSPA8;PHF5A;SRRM1;RBM5;CTNNBL1;NCBP1;PPIH;CDC40;SNW1;SART1;SRSF2;BCAS2;SNRNP70;SNRNP35;RBM19;LSM7;LSM2
TDRP,GO_Biological_Process_2023,prerank,Negative Regulation Of Wnt Signaling Pathway (GO:0030178),-0.40638718659925543,-1.1212333470729257,0.23973509933774834,1.0,1.0,57/138,26.42%,APCDD1;SOSTDC1;CSNK1A1;ANKRD6;CITED1;WNT5A;DDIT3;SOX30;EMD;AMER2;DAB2;LRP1;GPI;AXIN1;CXXC4;MCC;BMP2;TLE6;SNAI2;NPHP3;TSC2;TLE4;AXIN2;FRMD8;SFRP4;GLI3;PRICKLE1;JADE1;FRZB;LIMD1;TCF7L2;TPBG;SDHAF2;FUZ;HECW1;UBAC2;WWOX;PRKN;GSK3A;NKD1;VGLL4;LATS2;MLLT3;LRP4;SFRP1;GRB10;IGFBP4;LATS1;TMEM88B;CHD8;TLE1;CTNNBIP1;SOX13;ZNRF3;TLE5;RBMS3;TAX1BP3
TDRP,GO_Biological_Process_2023,prerank,Neutrophil Chemotaxis (GO:0030593),0.41233533347947426,1.121146834861737,0.19881305637982197,1.0,1.0,2/68,0.08%,CCL24;XCL2
TDRP,GO_Biological_Process_2023,prerank,Positive Regulation Of Myoblast Differentiation (GO:0045663),-0.4897902182305735,-1.1200493434451482,0.24921135646687698,1.0,1.0,16/38,24.07%,BOC;MYF6;ARID2;RIPOR2;IGFBP3;SMARCE1;SMARCA2;RBM24;SMARCC2;XKR8;PHF10;BTG1;LRRC8A;MAPK14;SMARCD2;ACTL6B
TDRP,GO_Biological_Process_2023,prerank,Negative Regulation Of Myeloid Leukocyte Differentiation (GO:0002762),-0.5166306307520371,-1.1183641042844055,0.2932692307692308,1.0,1.0,4/29,3.87%,LILRB4;FBN1;LRRC17;GPR137B
TDRP,GO_Biological_Process_2023,prerank,Negative Regulation Of Inflammatory Response (GO:0050728),-0.42214908289174224,-1.1175522476136854,0.22159887798036465,1.0,1.0,33/110,19.90%,PROC;SIRPA;NR1H4;LPCAT3;GIT1;KLF4;IRGM;AOAH;IL22RA1;GATA3;HLA-DRB1;FURIN;IGF1;LYN;MVK;PTGER4;PLK2;YES1;TNFAIP6;NLRC3;ELF4;TYRO3;ALOX5;FXR1;NLRP12;TNFRSF1B;OTULIN;GRN;FNDC4;PTPN2;FEM1A;LRFN5;SHARPIN
TDRP,GO_Biological_Process_2023,prerank,Primary Neural Tube Formation (GO:0014020),-0.5103861095063782,-1.117538414800236,0.28524590163934427,1.0,1.0,15/28,23.65%,PAX2;STIL;LRP2;TSC2;PHACTR4;COBL;MTHFR;PRICKLE1;MTHFD1;PLXNB2;FUZ;DVL2;CELSR1;GRHL2;GRHL3
TDRP,GO_Biological_Process_2023,prerank,Nicotinamide Nucleotide Metabolic Process (GO:0046496),0.5259075260629301,1.116500135482078,0.2896174863387978,1.0,1.0,7/17,18.28%,FMO2;MDH1;NMRK1;QPRT;NAXE;GPD1L;G6PD
TDRP,GO_Biological_Process_2023,prerank,Response To UV (GO:0009411),-0.4194655819638677,-1.1156892529286697,0.23676470588235293,1.0,1.0,1/100,0.01%,IVL
TDRP,GO_Biological_Process_2023,prerank,Metaphase Plate Congression (GO:0051310),-0.4612574358970662,-1.1154953345783922,0.2796992481203007,1.0,1.0,23/51,25.40%,KIF2B;CHMP6;GEM;CHMP3;DCTN2;PIBF1;CENPQ;CDC23;CHMP1B;CHMP7;EML4;FAM83D;VPS4A;CHMP4C;NUP62;KIF14;CHMP4A;VPS4B;PDCD6IP;CHMP2A;CHMP2B;BECN1;MAP1S
TDRP,GO_Biological_Process_2023,prerank,Regulation Of Mitotic Spindle Assembly (GO:1901673),-0.5374390657824517,-1.1146095844907893,0.2946859903381642,1.0,1.0,12/20,24.46%,CHMP6;CHMP3;CHMP1B;CHMP7;CHMP4C;CHMP4A;HSPA1B;VPS4B;CEP97;PDCD6IP;CHMP2A;CHMP2B
TDRP,GO_Biological_Process_2023,prerank,Actin Filament Bundle Assembly (GO:0051017),-0.49092320896358854,-1.114173392066905,0.295,1.0,1.0,6/33,9.99%,NEDD9;USH1C;AIF1;CORO1B;RHOD;PAWR
TDRP,GO_Biological_Process_2023,prerank,Granulocyte Chemotaxis (GO:0071621),0.40720412262982275,1.1138912995442458,0.21407624633431085,1.0,1.0,3/71,2.57%,CCL24;XCL2;ANXA1
TDRP,GO_Biological_Process_2023,prerank,Male Gonad Development (GO:0008584),-0.4690901663472104,-1.1134496648524301,0.29160063391442154,1.0,1.0,10/45,11.89%,LHCGR;WNT5A;FGF9;WNT2B;ING2;GATA3;LRP2;SOX8;ADAM29;AKR1C3
TDRP,GO_Biological_Process_2023,prerank,Neuron Apoptotic Process (GO:0051402),-0.5540522578857926,-1.1134061182257997,0.3144758735440932,1.0,1.0,8/19,19.62%,LIG4;CDK5;NLRP1;ATN1;NGFR;SCN2A;FAS;TNFRSF21
TDRP,GO_Biological_Process_2023,prerank,Dendritic Spine Organization (GO:0097061),-0.5196271138157667,-1.1125481359312859,0.3195548489666137,1.0,1.0,12/26,21.94%,NOL3;SHANK3;INSR;DIP2A;MTMR2;IGF1R;PAK3;PTEN;ITGA3;SHANK1;CHRNA7;DOCK10
TDRP,GO_Biological_Process_2023,prerank,Negative Regulation Of Cytoskeleton Organization (GO:0051494),-0.5155556642241315,-1.1120064757378216,0.2944,1.0,1.0,14/27,21.70%,SHANK3;PLEKHH2;HIP1R;ARPIN;PIK3CA;KANK4;SSH1;SSH2;CORO1A;KANK1;SSH3;PRKN;CLASP1;SHANK1
TDRP,GO_Biological_Process_2023,prerank,Mitochondrial Calcium Ion Homeostasis (GO:0051560),0.5194704254369794,1.1117552781654085,0.2739018087855297,1.0,1.0,8/20,16.10%,TGM2;ATP2A1;MICU2;PDZD8;MAIP1;SLC8A3;RAP1GDS1;LETM1
TDRP,GO_Biological_Process_2023,prerank,Positive Regulation Of Nitrogen Compound Metabolic Process (GO:0051173),-0.4976184748813358,-1.1117170858826932,0.2735703245749614,1.0,1.0,6/33,11.27%,TMEM106A;APP;KLF4;GATA3;WFS1;UHRF1
TDRP,GO_Biological_Process_2023,prerank,Negative Regulation Of Tumor Necrosis Factor Superfamily Cytokine Production (GO:1903556),-0.46532443633010456,-1.1115072781412865,0.28826151560178304,1.0,1.0,15/49,16.54%,LILRB4;CD33;SIRPA;NR1H4;CD274;VSIR;ARG2;IGF1;ZC3H12A;CX3CL1;NLRC3;ELF4;CLEC4A;FXR1;HAVCR2
TDRP,GO_Biological_Process_2023,prerank,Heart Morphogenesis (GO:0003007),0.41786955476811194,1.1114307155331282,0.2309941520467836,1.0,1.0,7/58,5.11%,TH;ACVRL1;NOS3;CCM2L;MDM4;FKBP1A;SYNPO2L
TDRP,GO_Biological_Process_2023,prerank,Chondroitin Sulfate Metabolic Process (GO:0030204),0.5406175703652474,1.1101946424433689,0.2775229357798165,1.0,1.0,7/16,13.42%,DSE;CHST7;CHST9;CSGALNACT1;CSGALNACT2;CHSY3;CHST12
TDRP,GO_Biological_Process_2023,prerank,Intracellular Sterol Transport (GO:0032366),-0.5864101994431409,-1.1100257661159043,0.33276157804459694,1.0,1.0,10/15,22.01%,RELCH;OSBPL2;ABCG1;STARD4;VPS4A;NPC2;SERAC1;NPC1;GUCY2C;GRAMD1B
TDRP,GO_Biological_Process_2023,prerank,Tail-Anchored Membrane Protein Insertion Into ER Membrane (GO:0071816),0.5430820082676023,1.1097734575323166,0.31675392670157065,1.0,1.0,8/16,16.94%,EMC9;GET4;EMC6;EMC10;UBL4A;GET1;EMC4;GET3
TDRP,GO_Biological_Process_2023,prerank,Endosome Transport Via Multivesicular Body Sorting Pathway (GO:0032509),-0.5290149425487214,-1.1091426605657644,0.3111111111111111,1.0,1.0,15/23,25.86%,CHMP6;CHMP3;CHMP1B;CHMP7;TMEM50B;CHMP4C;VTA1;UBXN6;LAPTM4B;CHMP4A;VCP;VPS4B;CHMP2A;CHMP2B;SORT1
TDRP,GO_Biological_Process_2023,prerank,Neuropeptide Signaling Pathway (GO:0007218),-0.4352401055663897,-1.1091325353326276,0.26506024096385544,1.0,1.0,15/67,14.58%,PPY;MCHR1;SSTR3;MCHR2;GPR83;OPRM1;LTB4R;SSTR1;NMUR1;HCRTR1;NXPH4;OPRK1;NMU;RAPGEF2;CMKLR2
TDRP,GO_Biological_Process_2023,prerank,Immunoglobulin Mediated Immune Response (GO:0016064),0.4706199072434569,1.1090780507324267,0.26631853785900783,1.0,1.0,6/28,12.61%,CD27;IL2RB;HLA-DOB;HLA-DOA;HLA-DPA1;HLA-DMB
TDRP,GO_Biological_Process_2023,prerank,Cellular Response To Type II Interferon (GO:0071346),0.40701413200075987,1.1076795653582487,0.24620060790273557,1.0,1.0,7/64,7.72%,CCL24;XCL2;IFNGR1;TLR2;IRF1;TYK2;EPRS1
TDRP,GO_Biological_Process_2023,prerank,3'-Phosphoadenosine 5'-Phosphosulfate Metabolic Process (GO:0050427),-0.5867031578574529,-1.1074137806246043,0.33444816053511706,1.0,1.0,2/15,7.89%,SULT1B1;SULT1A2
TDRP,GO_Biological_Process_2023,prerank,B Cell Activation Involved In Immune Response (GO:0002312),-0.5783209943852768,-1.1074039732963405,0.3440134907251265,1.0,1.0,4/15,20.42%,LIG4;SANBR;EXOSC6;RNF168
TDRP,GO_Biological_Process_2023,prerank,Peripheral Nervous System Development (GO:0007422),-0.5452565940713734,-1.1063776507396443,0.3277310924369748,1.0,1.0,7/20,17.73%,ADGRB2;GFRA3;GPC1;SOX8;SCN8A;SOX10;SERPINI1
TDRP,GO_Biological_Process_2023,prerank,Epithelial Cilium Movement Involved In Extracellular Fluid Movement (GO:0003351),-0.5494340776774407,-1.105862012514271,0.3269230769230769,1.0,1.0,10/19,25.17%,CCDC103;DNAAF1;SPAG6;OFD1;NPHP3;AQP4;SPEF2;CCDC39;ODAD4;DNAAF2
TDRP,GO_Biological_Process_2023,prerank,Negative Regulation Of Epithelial To Mesenchymal Transition (GO:0010719),0.4646200126628237,1.1039656287641877,0.2706552706552707,1.0,1.0,9/30,9.80%,ZNF750;BMP5;FOXA2;MAD2L2;SMAD7;MARK1;SPRED3;LDLRAD4;USF3
TDRP,GO_Biological_Process_2023,prerank,mRNA Transcription By RNA Polymerase II (GO:0042789),0.4441172236561885,1.1039355938754187,0.29380053908355797,1.0,1.0,10/38,12.46%,FOXE3;CYP27B1;TAF12;NCOA1;HLTF;SUPT6H;NCOA2;NCBP3;TAF2;MED1
TDRP,GO_Biological_Process_2023,prerank,Macrophage Differentiation (GO:0030225),-0.5361361334909907,-1.1038824091205572,0.3068362480127186,1.0,1.0,5/20,17.77%,CASP8;GATA3;HLA-DRB1;LIF;MMP9
TDRP,GO_Biological_Process_2023,prerank,DNA Methylation (GO:0006306),-0.5403527022855775,-1.1033788195871341,0.3225806451612903,1.0,1.0,9/20,25.17%,ZFP57;KMT2E;METTL4;BAZ2A;N6AMT1;PPM1D;ATRX;EHMT1;MTRR
TDRP,GO_Biological_Process_2023,prerank,Oxoacid Metabolic Process (GO:0043436),-0.5351614686407093,-1.1033314311214555,0.3277870216306156,1.0,1.0,5/22,16.63%,SULT1B1;LIPT2;SULT1A2;AMH;SULT2B1
TDRP,GO_Biological_Process_2023,prerank,Negative Regulation Of Receptor Signaling Pathway Via JAK-STAT (GO:0046426),-0.561687143126114,-1.102765311191301,0.3466453674121406,1.0,1.0,7/16,20.45%,PARP14;PIBF1;PPP2R1A;SH2B3;VHL;PTPN2;SOCS3
TDRP,GO_Biological_Process_2023,prerank,Positive Regulation Of Neuron Death (GO:1901216),-0.48507209435635185,-1.1017574863948425,0.2936630602782071,1.0,1.0,8/34,12.81%,ITGB2;SRPK2;WNT5A;CDK5;DDIT3;GRIN2B;MAPT;BAX
TDRP,GO_Biological_Process_2023,prerank,Regulation Of G Protein-Coupled Receptor Signaling Pathway (GO:0008277),-0.43622752155696626,-1.101641435626457,0.2793053545586107,1.0,1.0,29/70,26.53%,GRK7;KLK6;GIT1;DGKQ;RGS3;GUCY2F;SLC39A14;CAMK2A;RGS11;GUCY2D;TULP3;KCTD8;GRK6;KLK14;MGLL;C3;ZDHHC7;NMT1;RGS16;KCTD12;CRY1;ROCK2;RIC8B;RASGRP4;PDE6G;RGS2;PLCE1;GIT2;ROCK1
TDRP,GO_Biological_Process_2023,prerank,Negative Regulation Of Cell Growth (GO:0030308),0.36828801244069226,1.1014703101268197,0.20141342756183744,1.0,1.0,51/125,20.50%,SCGB3A1;ACVRL1;MAG;CYP27B1;HYAL1;CCN3;DACT3;PHB1;RTN4;RTN4R;NAIF1;TSPYL2;MUL1;SIPA1;ST7L;CGRRF1;FHL1;BST2;BCL6;TP53TG5;STK11;OSGIN1;ULK2;BRCA1;DDX3X;SMARCA4;HYAL2;PTPRS;GNG4;NRG1;ESR2;FLCN;SFRP2;CCDC85B;CDA;INHBA;DCC;PTPRJ;PPP2CA;CAPRIN2;SERTAD3;ADAM15;SH3BP4;MINAR1;SLIT1;CDKN2AIP;NDUFS3;CDKL3;HSPA1A;ENPP1;SLIT2
TDRP,GO_Biological_Process_2023,prerank,Acylglycerol Catabolic Process (GO:0046464),-0.5276111707504323,-1.1006313565032706,0.32802547770700635,1.0,1.0,8/24,19.03%,ABHD16A;PNPLA1;CPS1;MGLL;ABHD2;FAAH;DAGLB;DAGLA
TDRP,GO_Biological_Process_2023,prerank,Regulation Of Tumor Necrosis Factor Production (GO:0032680),-0.40508185423457593,-1.0999118574947315,0.2568306010928962,1.0,1.0,34/126,18.97%,LILRB4;TMEM106A;CD33;AGER;SIRPA;LY96;NR1H4;OAS3;WNT5A;HLA-E;APP;VSIR;ARG2;SPN;IGF1;ZC3H12A;CX3CL1;ZFP36;IL1A;NOD2;AMH;NLRC3;CD47;ELF4;CLEC4A;FRMD8;JAK2;FXR1;HAVCR2;PF4;TIRAP;RIGI;MAVS;PTPN11
TDRP,GO_Biological_Process_2023,prerank,Positive Regulation Of Response To External Stimulus (GO:0032103),-0.3929991013032975,-1.0994689613743502,0.22388059701492538,1.0,1.0,44/154,21.49%,SH2D1B;IFNK;LY96;WNT5A;PPM1F;TRADD;APP;TRIM56;IRGM;AIF1;CNTF;NLRP1;PLA2G2A;IFI35;IL18;NAIP;F2;APOH;STX3;CX3CL1;PDGFRB;PRKCA;CCL26;PTGER4;CEBPA;CD47;SERPINE1;PTN;GPSM3;PLSCR1;PLAU;NLRP12;POLR3C;SCIMP;TIRAP;GRN;MGST2;RARRES2;FEM1A;F2RL1;IGF2BP1;PYCARD;POLR3G;POLR3B
TDRP,GO_Biological_Process_2023,prerank,Regulation Of Vasoconstriction (GO:0019229),-0.5090331774124363,-1.0993283948891428,0.3121951219512195,1.0,1.0,9/26,26.81%,BMPR2;BDKRB2;ECE1;ATP2B1;OXTR;KCNMB4;PER2;KCNMB2;ADRA1D
TDRP,GO_Biological_Process_2023,prerank,Extrinsic Apoptotic Signaling Pathway In Absence Of Ligand (GO:0097192),-0.5691840918759099,-1.0983530755047601,0.3504273504273504,1.0,1.0,7/16,23.04%,BCL2L1;BAX;ITGAV;FAS;GSK3A;BOK;BCL2L2
TDRP,GO_Biological_Process_2023,prerank,Cellular Response To Interleukin-1 (GO:0071347),0.39696734158072167,1.098184115511257,0.2222222222222222,1.0,1.0,15/79,15.67%,CCL24;XCL2;HYAL1;NKX3-1;MAPK3;IKBKB;HIF1A;IL1R1;EGR1;RELA;HYAL2;HAS2;NR1D1;CACTIN;MAPK13
TDRP,GO_Biological_Process_2023,prerank,Actin Filament Bundle Organization (GO:0061572),-0.48937184435326553,-1.097440701093444,0.3112244897959184,1.0,1.0,6/33,9.99%,NEDD9;USH1C;AIF1;CORO1B;RHOD;PAWR
TDRP,GO_Biological_Process_2023,prerank,Regulation Of Endocytosis (GO:0030100),-0.44572712636186335,-1.0971322163534272,0.29121725731895226,1.0,1.0,34/66,28.28%,LGALS3;CD177;SPHK1;CALY;SMPD1;DAB2;LRP1;LETMD1;HIP1R;RUFY2;MTMR2;TSC2;ITGAV;PACSIN3;DLL1;PACSIN2;SNX12;ZFYVE16;STON2;AP2S1;TFR2;RAB4A;RAB5B;ARFGAP3;SRC;SNX17;SNCA;ROCK1;ABL1;SYT11;PTPN1;LRSAM1;MCTP1;CBLL1
TDRP,GO_Biological_Process_2023,prerank,T Cell Activation (GO:0042110),-0.4161066007696075,-1.0968845357774142,0.278393351800554,1.0,1.0,18/103,14.81%,SLA2;IFNK;CD7;ICOSLG;CD44;CASP8;GATA3;NHEJ1;FOXP3;CD276;NCK2;CD74;ORC3;JAG2;GPR89B;NLRC3;IRF4;PPP3CB
TDRP,GO_Biological_Process_2023,prerank,Cellular Response To Glucose Starvation (GO:0042149),-0.46368205521860945,-1.096412294625106,0.2826086956521739,1.0,1.0,25/42,28.36%,ITFG2;BHLHA15;TSSK3;ZC3H12A;HNRNPA1;CPEB4;KPTN;EIF2AK3;PIK3R4;SESN1;SESN3;PRKAA2;SUV39H1;ATF4;SESN2;KICS2;XBP1;SH3GLB1;BECN1;MYBBP1A;FOXO3;NUAK2;HSPA5;KAT5;PLIN2
TDRP,GO_Biological_Process_2023,prerank,Lipid Transport (GO:0006869),0.3766657199721131,1.0958358831400297,0.20701754385964913,1.0,1.0,35/106,19.48%,SLC10A5;ABCA9;CHKA;SPNS2;SLC10A4;ABCC3;LYPLA1;PRELID1;APOL2;PLPPR4;ACSL1;NME4;SLC27A1;PRELID3B;BLTP1;OSBPL5;PRELID3A;MFSD2B;SLC27A5;MTTP;SLC27A4;ABCA3;CRABP1;FABP3;SLCO2A1;AKR1C1;PPARD;CLN8;APOE;ESYT1;TMEM41B;BLTP3B;FABP5;SCARB1;TRIAP1
TDRP,GO_Biological_Process_2023,prerank,Innate Immune Response In Mucosa (GO:0002227),0.5071207414279253,1.0955789507535587,0.3112745098039216,1.0,1.0,4/20,14.30%,H2BC21;FAU;RPL39;H2BC11
TDRP,GO_Biological_Process_2023,prerank,Ribonucleoprotein Complex Biogenesis (GO:0022613),0.3664307816616684,1.0948623529417674,0.2246376811594203,1.0,1.0,63/116,24.61%,NOL7;GTF3A;IGF2BP3;CINP;LTO1;RBIS;RPS19BP1;WDR12;NOM1;TNIP1;NOL6;UTP3;METTL17;RPS24;NOP16;RIOK2;RPS3A;ZNF658;RPL26L1;RPS7;WDR74;SPATA5;RSL24D1;NOP14;PES1;NOP56;RRS1;NOP58;MRPL36;CUL4A;KRR1;UTP20;TGS1;RPS25;EXOSC10;SDAD1;BYSL;DNTTIP2;RPS15;RPS4X;RPL26;WDR43;RPL35A;RPS5;GLUL;RPS16;NGDN;RPS27;WDR3;RPS9;RPS13;RCL1;RPS8;RPF2;BOP1;UTP11;NAT10;FCF1;EBNA1BP2;WDR36;BMS1;NVL;RPS23
TDRP,GO_Biological_Process_2023,prerank,Dendritic Cell Migration (GO:0036336),-0.5494481481191335,-1.094700310090474,0.3333333333333333,1.0,1.0,2/18,11.95%,ASB2;CXCR2
TDRP,GO_Biological_Process_2023,prerank,Regulation Of Actin Filament-Based Process (GO:0032970),0.39329088335298884,1.094696102090442,0.24085365853658536,1.0,1.0,23/69,15.47%,ESAM;SMIM22;PEAK3;RICTOR;CRK;TAOK1;EPHA3;MLST8;BST2;RHOA;BST1;DYNLL1;SH3BP1;RALA;GPM6B;TESK1;FAM107A;CDK10;NRG1;DAPK3;ARHGEF5;CDC42;ARHGAP44
TDRP,GO_Biological_Process_2023,prerank,Inositol Phosphate Metabolic Process (GO:0043647),-0.5266788390001584,-1.0945221039310737,0.34991708126036486,1.0,1.0,12/22,27.85%,INPP5J;ITPKB;IP6K2;INPP4A;IP6K1;NUDT4;INPP5B;INPP5A;NUDT9;SYNJ1;INPP4B;IPPK
TDRP,GO_Biological_Process_2023,prerank,Mitochondrial Gene Expression (GO:0140053),0.3734738225879947,1.094422534970313,0.23333333333333334,1.0,1.0,52/103,22.41%,MRPL9;GFM2;MRPS23;MRPL51;MRPS26;MRPS31;GATC;MRPS24;MRPL17;MRPL13;MRPL28;MRPL50;TEFM;MRPL44;MRPS7;MRPL37;TWNK;PTCD3;MRPL46;RARS2;MRPL48;MRPL47;MRPL43;MRPL24;MRPS25;MRPL41;MRPL33;CHCHD1;FASTKD5;HARS1;MRPL21;MRPS22;MRPL36;MRPS34;MRPL2;MRPL20;MTERF4;MRPL18;LARS2;MRPL3;MRPL1;MRPL22;MRPL40;MRPS14;MRPL57;MRPL35;MRPL12;MRPS30;MRPL34;MRPL45;MRPS28;FASTKD3
TDRP,GO_Biological_Process_2023,prerank,Regulation Of Cytosolic Calcium Ion Concentration (GO:0051480),-0.46707655494348815,-1.0938755095072386,0.30577223088923555,1.0,1.0,19/40,24.63%,FZD9;YWHAE;WNT5A;CALCA;TRPC3;ATP2B2;ATP2B1;CDH23;F2;HCRTR1;TRPM2;SLC8B1;HRC;CALCB;TRPC4;TMEM178A;TRPC6;RYR1;TRPC5
TDRP,GO_Biological_Process_2023,prerank,Acute Inflammatory Response (GO:0002526),0.47755282607525,1.093575198184579,0.2962962962962963,1.0,1.0,6/26,12.06%,HPR;C2CD4A;APOL2;ANO6;IL6R;TNFSF4
TDRP,GO_Biological_Process_2023,prerank,Neural Tube Closure (GO:0001843),-0.48657291259280105,-1.0922996311359645,0.30658105939004815,1.0,1.0,19/32,27.26%,PAX2;STIL;LRP2;TSC2;PHACTR4;COBL;MTHFR;PRICKLE1;MTHFD1;PLXNB2;FUZ;DVL2;CELSR1;KDM2B;GRHL2;GRHL3;DVL3;SEMA4C;TGFB2
TDRP,GO_Biological_Process_2023,prerank,Regulation Of Cellular Biosynthetic Process (GO:0031326),-0.42746703514733253,-1.0922130961992706,0.2867647058823529,1.0,1.0,27/70,22.61%,SIRPA;NR1H4;APP;MITF;NANOS3;PCIF1;DUS3L;STC2;PKP3;ELP6;CD47;MFSD12;JADE3;CTNS;ING4;JAK2;TNFRSF1B;C3;METTL18;JADE1;ATXN2;PUM3;GEMIN5;GCN1;MAPKAPK5;CYFIP1;ELP2
TDRP,GO_Biological_Process_2023,prerank,Late Endosome To Vacuole Transport Via Multivesicular Body Sorting Pathway (GO:0032511),-0.5094143919528223,-1.0919692111244927,0.33116883116883117,1.0,1.0,11/24,21.11%,CHMP6;PTPN23;VPS28;CHMP7;TMEM50B;CHMP4C;VPS36;VTA1;VPS37D;VPS37C;STAM2
TDRP,GO_Biological_Process_2023,prerank,Negative Regulation Of Tumor Necrosis Factor-Mediated Signaling Pathway (GO:0010804),-0.5328900881688196,-1.091740689854381,0.3359872611464968,1.0,1.0,9/21,21.06%,PELI3;PYDC1;NAIP;XIAP;PTPN2;F2RL1;CCDC3;GAS6;TRAIP
TDRP,GO_Biological_Process_2023,prerank,Neutrophil Migration (GO:1990266),0.39261973358915947,1.0916011951186906,0.23303834808259588,1.0,1.0,2/75,0.08%,CCL24;XCL2
TDRP,GO_Biological_Process_2023,prerank,Positive Regulation Of Cold-Induced Thermogenesis (GO:0120162),-0.41200325952859884,-1.0910751026344307,0.3032440056417489,1.0,1.0,33/98,23.19%,FGF21;STAT6;G0S2;ELOVL3;PRDM16;GPR3;ZBTB7B;GJA1;IL18;CPT2;CEBPB;OXT;FH;ADRB2;DYNC1H1;MUC1;IRF4;PDGFC;IGF1R;PPARGC1B;CMKLR1;JAK2;OXTR;DIO2;ACHE;PPARGC1A;ZNF516;BSCL2;ALPL;EHMT1;ELOVL6;KDM3A;GRB10
TDRP,GO_Biological_Process_2023,prerank,Regulation Of Cell Growth (GO:0001558),0.34327514866913,1.09090780438766,0.1951219512195122,1.0,1.0,72/227,18.00%,SCGB3A1;ACVRL1;CYP27B1;HYAL1;SDCBP;CCN3;MAD2L2;DACT3;RICTOR;PHB1;PABIR1;RPTOR;RTN4;LTBP4;TNC;PTCH2;MLST8;NAIF1;TSPYL2;MUL1;SIPA1;DDX49;ST7L;CGRRF1;FHL1;BST2;BCL6;BCAR1;TP53TG5;CISH;STK11;OSGIN1;TEAD1;BRCA1;BLTP1;DDX3X;SMARCA4;AKT1;HDGFL2;NRG3;HYAL2;FAM107A;MMP14;GNG4;NRG1;ESR2;FLCN;CHPT1;SFRP2;JADE2;FXN;LAMTOR1;CCDC85B;CDA;INHBA;CDC42;RAB33B;CEP43;H3-3A;PTPRJ;TMEM97;NUBP1;PPP2CA;YAP1;TFRC;DERL2;HPN;SGK1;CAPRIN2;SERTAD3;EXOSC9;ADAM15
TDRP,GO_Biological_Process_2023,prerank,Negative Regulation Of Signaling Receptor Activity (GO:2000272),-0.5106160590048477,-1.0907953137942423,0.3333333333333333,1.0,1.0,3/25,2.05%,LILRB4;CHMP6;HFE
TDRP,GO_Biological_Process_2023,prerank,Negative Regulation Of Cell Junction Assembly (GO:1901889),0.4907678937387733,1.0907193791522574,0.3076923076923077,1.0,1.0,9/24,19.01%,ACVRL1;TLR2;IKBKB;ITGB1BP1;DYNLL1;FAM107A;BCAS3;ARHGAP6;SLIT1
TDRP,GO_Biological_Process_2023,prerank,Glutamine Family Amino Acid Metabolic Process (GO:0009064),0.45722774454249765,1.0902434154481864,0.2805194805194805,1.0,1.0,10/31,14.50%,TAT;PRODH;ART4;NIT2;GOT1;SIRT4;DGLUCY;GGT1;GCLM;ALDH5A1
TDRP,GO_Biological_Process_2023,prerank,"mRNA Splicing, Via Spliceosome (GO:0000398)",0.3415867654020703,1.0899883505788412,0.17972350230414746,1.0,1.0,92/208,22.77%,TXNL4A;ZMAT2;CELF4;RALY;ESS2;LSM3;DHX15;SRSF12;DHX16;PRPF3;SF3B5;DNAJC17;EIF4A3;SF3B3;LSM5;CDC5L;CDK13;MFAP1;CLNS1A;DDX39A;PRPF8;SNRPG;MAGOH;HNRNPA2B1;SNRPA1;STRAP;HNRNPA3;DDX17;CWC15;CWF19L1;PRPF38A;DDX46;XAB2;RSRP1;PNN;SRSF3;RNF113A;SRRM2;DDX41;HNRNPF;MAGOHB;DCPS;GEMIN2;SRSF5;SNRNP27;RSRC1;CACTIN;SNRNP40;SLU7;GEMIN7;SNRPN;SRSF7;RBM8A;SF3B4;DBR1;SNRPD1;U2AF1L4;PPWD1;IK;TGS1;SNIP1;PPIL1;SYF2;PABPC1;SYNCRIP;SF3B6;TFIP11;LSM4;LSM6;PRPF40A;SNRPB;SRSF1;DHX38;HSPA8;PHF5A;SRRM1;RBM5;GEMIN4;CTNNBL1;NCBP1;PPIH;CDC40;SCAF11;SNW1;SART1;SRSF2;BCAS2;SNRNP70;SNRNP35;RBM19;LSM7;LSM2
TDRP,GO_Biological_Process_2023,prerank,Response To Cytokine (GO:0034097),-0.40009419038336147,-1.0894979154225688,0.27923976608187134,1.0,1.0,39/125,19.51%,XAF1;NFKB2;IL23R;CD40;CITED1;APP;CD274;TRIM56;GCH1;SPHK1;CASP8;POU4F1;MAPKAPK3;HCLS1;SMPD1;SHFL;CD74;TIMP2;HDAC4;BCL2L1;TRIM21;PRKCA;SP100;SETD2;TMEM102;MAP2K7;MME;PLSCR1;IL6ST;CALCOCO2;IGBP1;JAK2;NLRP12;TRAF6;MAP4K3;PID1;TNFRSF11A;TIMP3;KHSRP
TDRP,GO_Biological_Process_2023,prerank,Macroautophagy (GO:0016236),-0.4045085504945609,-1.0889838905804674,0.27323943661971833,1.0,1.0,51/103,24.62%,CHMP6;EPG5;PLEKHM1;EI24;GABARAPL2;IRGM;UBQLN1;VPS28;SPG11;CHMP3;SQSTM1;ATG16L2;MTMR14;ATG10;VIPAS39;CHMP1B;CHMP7;ULK1;VPS4A;CHMP4C;CALCOCO2;VPS36;VTA1;VPS37D;KLHL3;ZFYVE1;ATG4B;VHL;VPS33A;UBXN6;PGAM5;PIK3R4;HDAC10;ARL8B;UVRAG;VPS37C;CHMP4A;SNX18;STAM2;PRKN;VCP;MAP1LC3B;NBR1;TOM1;VPS4B;CHMP2A;VPS37B;SRC;CHMP2B;MAP1LC3B2;BECN1
TDRP,GO_Biological_Process_2023,prerank,Regulation Of Smooth Muscle Cell Migration (GO:0014910),-0.5433971887253624,-1.0883471011231973,0.3382352941176471,1.0,1.0,6/19,15.95%,IGFBP3;IGF1;LRP1;PDGFRB;SERPINE1;PLAU
TDRP,GO_Biological_Process_2023,prerank,Cellular Response To Lipopolysaccharide (GO:0071222),-0.4029847643419849,-1.088197175700956,0.28473177441540576,1.0,1.0,26/121,16.93%,SIRPA;LY96;TICAM1;UXT;WNT5A;CXCL2;CXCL1;CD274;GIT1;IRGM;CXCL6;PPM1E;IL18;CDC73;LYN;ZC3H12A;ZFP36;IL1A;CXCL13;NOD2;SERPINE1;LDOC1;NLRP7;TNFRSF1B;PF4;TRAF6
TDRP,GO_Biological_Process_2023,prerank,Positive Regulation Of Metabolic Process (GO:0009893),-0.4061828999470454,-1.0875134748735873,0.29160935350756534,1.0,1.0,35/107,23.19%,FGF21;STAT6;G0S2;ELOVL3;PRDM16;GPR3;INSR;ZBTB7B;GJA1;IL18;CPT2;CEBPB;OXT;FH;ADRB2;DYNC1H1;MUC1;IRF4;PDGFC;IGF1R;PPARGC1B;CMKLR1;JAK2;OXTR;DIO2;ACHE;PPARGC1A;ZNF516;CAMK1D;BSCL2;ALPL;EHMT1;ELOVL6;KDM3A;GRB10
TDRP,GO_Biological_Process_2023,prerank,3'-UTR-mediated mRNA Stabilization (GO:0070935),-0.5381070607210876,-1.0873618711890687,0.32786885245901637,1.0,1.0,7/18,17.59%,ELAVL4;ELAVL1;RBM47;ZFP36;HNRNPC;TIRAP;HNRNPA0
TDRP,GO_Biological_Process_2023,prerank,Cardiac Atrium Morphogenesis (GO:0003209),-0.54740035286287,-1.0871750650079088,0.3295081967213115,1.0,1.0,6/18,17.07%,BMPR2;HEY2;PROX1;NOTCH1;BMP2;NOTCH2
TDRP,GO_Biological_Process_2023,prerank,Astrocyte Development (GO:0014002),-0.5713123349959224,-1.0869593966542261,0.3464052287581699,1.0,1.0,5/15,15.71%,APP;CNTF;MAPT;DLL1;C5AR1
TDRP,GO_Biological_Process_2023,prerank,Regulation Of Neuroinflammatory Response (GO:0150077),-0.5427432249921279,-1.0866461855992573,0.3639398998330551,1.0,1.0,6/19,19.03%,SPHK1;IL18;IGF1;TNFRSF1B;MMP9;DAGLA
TDRP,GO_Biological_Process_2023,prerank,Plasma Membrane Repair (GO:0001778),-0.5265709589752815,-1.0863648331657803,0.33814102564102566,1.0,1.0,14/21,24.46%,CHMP6;TRIM72;SMPD1;CHMP3;CHMP1B;CHMP7;VPS4A;CHMP4C;MYOF;ARL8B;CHMP4A;VPS4B;CHMP2A;CHMP2B
TDRP,GO_Biological_Process_2023,prerank,Defense Response To Gram-positive Bacterium (GO:0050830),-0.4188946804813015,-1.0858100435467983,0.30197268588770865,1.0,1.0,5/81,8.43%,DEFB119;DEFB135;HLA-E;PLA2G2A;IL18
TDRP,GO_Biological_Process_2023,prerank,Sterol Transport (GO:0015918),-0.5057510263252808,-1.085597954284154,0.3209076175040519,1.0,1.0,11/25,22.01%,NPC1L1;VAPA;OSBPL2;MSR1;ABCG5;ABCG8;APOB;NPC2;NPC1;STARD3NL;GRAMD1B
TDRP,GO_Biological_Process_2023,prerank,Response To Cadmium Ion (GO:0046686),0.5078233066016825,1.0855519616883844,0.30809399477806787,1.0,1.0,13/21,24.21%,JUN;MAPK3;MAPK9;MT1F;MT1E;FOS;MT1X;MAPK1;MT1G;DAXX;HSF1;EGFR;SUMO1
TDRP,GO_Biological_Process_2023,prerank,Monoatomic Ion Transport (GO:0006811),-0.4065346355254024,-1.0853053083082798,0.29201101928374656,1.0,1.0,36/106,21.20%,PANX3;SLC5A12;SLC12A7;SLC12A3;SLC15A3;CNGB1;SLC26A9;SLC1A1;CHRNB4;SLC17A8;SLC26A6;SLC9A5;SLC36A2;GRIN1;CHRNB1;ATP1A4;SLC39A1;SLC20A1;TRPA1;SLC9A8;ATP10D;CTNS;SLC26A3;SLC25A26;SLC12A6;WNK1;ANO10;SLC8B1;SLC24A5;CHRNA3;PIEZO2;SLC24A3;TRPM3;SLC12A2;AQP11;LRRC8A
TDRP,GO_Biological_Process_2023,prerank,Dicarboxylic Acid Transport (GO:0006835),-0.5122584033901714,-1.0850308439770437,0.34471544715447155,1.0,1.0,9/24,22.62%,SLC1A1;GJA1;SLC17A8;SLC26A6;SLC22A6;SLC26A8;SLC13A5;GIPC1;SLC13A3
TDRP,GO_Biological_Process_2023,prerank,Protein Localization To Cell Junction (GO:1902414),-0.5129790771022911,-1.084751650558779,0.34596375617792424,1.0,1.0,13/23,29.18%,ILF3;BSN;MARVELD3;JAK1;TJP2;JAM3;SHANK1;NLGN1;TJP3;HEG1;PAK2;DLG4;TJP1
TDRP,GO_Biological_Process_2023,prerank,Response To dsRNA (GO:0043331),-0.5621740926560137,-1.0835555424912793,0.3501628664495114,1.0,1.0,6/17,24.60%,IFNK;TICAM1;RIGI;SLC3A2;TLR3;IRAK3
TDRP,GO_Biological_Process_2023,prerank,RNA Modification (GO:0009451),0.4229339335880303,1.0830041602135985,0.2852941176470588,1.0,1.0,23/51,20.85%,APOBEC3F;SSB;ELP5;MEPCE;PUS7L;KTI12;RBM15;METTL2B;NSUN6;DTWD2;MRM1;ADARB1;TRMT9B;FTSJ1;HNRNPAB;NOP10;TRMT1;AARS2;TRUB1;AARS1;TRDMT1;TRIT1;BCDIN3D
TDRP,GO_Biological_Process_2023,prerank,Triglyceride Homeostasis (GO:0070328),-0.48226075659479095,-1.0826462399645993,0.34516129032258064,1.0,1.0,6/31,13.36%,GCKR;NR1H4;ANGPTL4;IL18;ANGPTL3;MLXIPL
TDRP,GO_Biological_Process_2023,prerank,Microglial Cell Activation (GO:0001774),-0.5273559565004275,-1.082591482657053,0.3450479233226837,1.0,1.0,8/20,17.71%,ITGB2;APP;AIF1;MAPT;CX3CL1;C5AR1;JAK2;GRN
TDRP,GO_Biological_Process_2023,prerank,Positive Regulation Of Leukocyte Migration (GO:0002687),-0.4904783237603933,-1.081968774290746,0.3348623853211009,1.0,1.0,6/31,6.86%,F7;LGALS3;TNFRSF18;AIF1;ICAM1;XCL1
TDRP,GO_Biological_Process_2023,prerank,Positive Regulation Of Potassium Ion Transmembrane Transport (GO:1901381),-0.5527166967820298,-1.0815597311034522,0.3577371048252912,1.0,1.0,10/17,26.58%,AMIGO1;KCNE5;ATP1B3;AKAP9;KCNIP2;NOS1AP;AKAP6;ATP1B1;ATP1B2;KCNH2
TDRP,GO_Biological_Process_2023,prerank,Vasculogenesis (GO:0001570),-0.48247689237077995,-1.0813940700140494,0.3318112633181126,1.0,1.0,7/33,15.81%,CUL7;TGFBR2;HEY2;SPRED1;NOTCH1;PDGFRB;GLMN
TDRP,GO_Biological_Process_2023,prerank,Negative Regulation Of Reproductive Process (GO:2000242),-0.5236783395274165,-1.0812994947457897,0.3566775244299674,1.0,1.0,6/20,14.04%,ARHGDIB;SEMG1;GJA1;IGF1;AMH;NPPC
TDRP,GO_Biological_Process_2023,prerank,Antigen Processing And Presentation Of Exogenous Peptide Antigen (GO:0002478),-0.4891592479904601,-1.0810281559173793,0.3354632587859425,1.0,1.0,10/29,17.85%,CTSS;HLA-E;HLA-DRB1;DNM2;HLA-DMA;HLA-F;CTSF;MFSD6;CLEC4A;GNAO1
TDRP,GO_Biological_Process_2023,prerank,Positive Regulation Of Muscle Hypertrophy (GO:0014742),-0.5639724618246119,-1.0807778671006303,0.37152209492635024,1.0,1.0,6/16,26.53%,IGF1;PRKCA;IL6ST;ROCK2;PARP1;ROCK1
TDRP,GO_Biological_Process_2023,prerank,Intracellular Monoatomic Ion Homeostasis (GO:0006873),0.5023428868529575,1.080285091662009,0.3194103194103194,1.0,1.0,7/20,17.90%,P2RY2;COX11;TESMIN;SLC39A6;LETM1;SLC39A10;CNNM4
TDRP,GO_Biological_Process_2023,prerank,Positive Regulation Of Phosphorylation (GO:0042327),-0.3713309295362354,-1.0790171955535444,0.2607594936708861,1.0,1.0,85/231,22.95%,FGF21;AGER;WNT3A;CD40;PROM2;TIE1;FGF9;THPO;KRAS;APP;PIFO;EFNA1;IRGM;CRKL;FGF4;INSR;HGF;FGF20;HLA-DRB1;ADAM17;CD74;FGF8;NTRK1;RAD50;DAB2;NTRK2;CARD14;LYN;F2;PGF;AKTIP;LRRK2;AXIN1;PDGFRB;BMP2;CDKN1A;MERTK;AMH;P2RY1;IL34;FAM20A;FAXDC2;RELN;ARRB1;BRAT1;IGF1R;MST1R;RYK;PTGES3;AXIN2;TYRO3;FGFR1;GLMN;TNIK;FXR1;FGF2;C3;FGF22;EPHA2;MMP9;ALK;RET;DDR1;RARRES2;EFNA5;FAS;MAVS;NIBAN1;BTBD10;DVL2;ROCK2;ACVR2A;GAS6;KCTD20;ROR2;FBH1;RALB;CHRNA7;ERP29;MYDGF;KDR;ERBB4;CCND1;ROR1;LIMK2
TDRP,GO_Biological_Process_2023,prerank,mRNA Processing (GO:0006397),0.3372414308520545,1.0785802085420773,0.19626168224299065,1.0,1.0,94/211,23.09%,MBLAC1;TXNL4A;ZMAT2;RALY;ESS2;LSM3;DHX15;SRSF12;DHX16;PRPF3;SF3B5;EIF4A3;SF3B3;LSM5;KIN;CDC5L;MFAP1;DDX39A;PRPF8;SNRPG;MAGOH;HNRNPA2B1;RPRD2;SNRPA1;HNRNPA3;NUDT21;CWC15;SON;CWF19L1;PRPF38A;DDX46;XAB2;PNN;SRSF3;ALKBH5;RNF113A;SRRM2;DDX41;HNRNPF;MAGOHB;GEMIN2;SRSF5;SNRNP27;RSRC1;CACTIN;SNRNP40;SLU7;GEMIN7;SNRPN;SRSF7;RBM8A;SF3B4;DBR1;SNRPD1;U2AF1L4;PPWD1;ERN1;IK;ALYREF;SNIP1;PPIL1;SYF2;PABPC1;SYNCRIP;SF3B6;TFIP11;LSM4;LSM6;PRPF40A;SNRPB;SRSF1;DHX38;HSPA8;PHF5A;SRRM1;RBM5;CTNNBL1;PRPF18;NCBP1;PPIH;SRRM4;CDC40;SCAF11;SNW1;SART1;SRSF2;BCAS2;SNRNP70;SNRNP35;RBM19;LSM7;LSM2;HEXIM1;HNRNPU
TDRP,GO_Biological_Process_2023,prerank,Positive Regulation Of Cell Differentiation (GO:0045597),-0.36552040817111475,-1.0779581047781923,0.25389221556886227,1.0,1.0,105/283,25.94%,LAMB2;PAX2;ZEB1;MMD2;BMPR2;GCNT2;ADIRF;MEDAG;BOC;GDF6;TACSTD2;MYF6;CAMK1;TIAM1;RGCC;ARID2;TGFBR2;ATOH1;RIPOR2;ZBTB16;PLA2G2A;NPNT;HGF;IGFBP3;GJA1;SMARCE1;IL18;FGF8;GPC1;IGF1;DAB2;ID2;GLIPR2;ZC3H12A;FES;MSR1;CEBPB;SMARCA2;ZFP36;PKDCC;ZNF703;BMP2;ACVR2B;RBM24;ADRA2B;SNAI1;TMEM100;CCN2;APOB;TP63;CREBL2;RAPGEF2;PTN;ZNF268;IL6ST;AXIN2;FGFR1;BRINP3;CMKLR1;LAMB1;GDPD5;MACROH2A1;SMARCC2;PF4;VHL;XKR8;FRZB;RARRES2;RPS6KA3;ZHX3;PHF10;BTG1;NOCT;BCL9L;DPF1;TGFBR1;ACVR2A;MTOR;LRRC8A;RUNX2;MAPK14;SFRP1;ARHGEF2;WNT4;SMARCD2;KDR;SRF;BRINP2;NID1;LEF1;XBP1;ACTL6B;DNAI3;BMP4;ADRA2C;RIN2;RBM4;CDS1;CTNNBIP1;ACVR1;BMP6;ZC4H2;BLOC1S5;LAMA1;MAPK12
TDRP,GO_Biological_Process_2023,prerank,Positive Regulation Of Interleukin-1 Beta Production (GO:0032731),-0.4405187010531729,-1.0778988002677987,0.31736526946107785,1.0,1.0,15/56,21.14%,TMEM106A;WNT5A;APP;CASP8;NLRP1;PYDC1;NLRP2;NAIP;NOD2;P2RX7;JAK2;NLRP12;RIPK2;F2RL1;PYCARD
TDRP,GO_Biological_Process_2023,prerank,Negative Regulation Of Gluconeogenesis (GO:0045721),-0.5641301934342817,-1.077340296711008,0.37664473684210525,1.0,1.0,7/15,22.07%,KAT2A;USP7;SIK1;MST1;C1QTNF12;CRY1;PGPEP1
TDRP,GO_Biological_Process_2023,prerank,Melanosome Organization (GO:0032438),-0.4729340637059036,-1.0766888248701825,0.3318112633181126,1.0,1.0,21/37,25.80%,TYRP1;AP1G1;AP3B1;AP1S1;AP1M1;HPS3;AP3D1;RAB32;SNAPIN;BACE2;PMEL;RAB29;BLOC1S4;AP1B1;GPR143;AP3S2;HPS4;HPS1;PIKFYVE;BLOC1S5;BLOC1S2
TDRP,GO_Biological_Process_2023,prerank,Negative Regulation Of Macromolecule Biosynthetic Process (GO:0010558),-0.4057543533270356,-1.0766835986854144,0.304654442877292,1.0,1.0,46/98,26.46%,LARP1;ILF3;BMPR2;PATL2;ENC1;NANOS3;GIGYF2;INPP5K;AP2A1;TYMS;ZAR1L;PAIP2;RNF139;PCIF1;FCN3;LSM14A;TRIM3;CDKN1A;EIF4E2;TIA1;DDX6;EPHA4;FXR1;PF4;SHMT1;CNOT9;EIF2AK3;DAPK1;IGF2BP1;MALSU1;SERBP1;NIBAN2;GSK3A;CLTC;CSNK2A1;BTG2;ZNF540;CPEB3;RBM4;IGFBP5;NCL;GSTP1;SELENOS;CNOT1;LIN28A;IGF2BP2
TDRP,GO_Biological_Process_2023,prerank,Negative Regulation Of Protein Modification Process (GO:0031400),-0.4181917773549683,-1.0754172070213763,0.3010279001468429,1.0,1.0,27/77,19.93%,SIRPA;P3H1;TPPP;CRKL;PTPA;FOXP3;IGFBP3;MAPT;INPP5K;LYN;ZC3H12A;FBLN1;LRRK2;PIP5KL1;CDKN1A;CHP1;ENSA;DNAJC10;PTPN13;CDK5RAP3;SNTA1;FKBP8;IBTK;PTEN;PID1;NIBAN1;PRKAA2
TDRP,GO_Biological_Process_2023,prerank,Synaptic Vesicle Cycle (GO:0099504),-0.4799042316919429,-1.0753161701632101,0.3604294478527607,1.0,1.0,17/37,24.03%,WNT3A;CDK5;SNAP25;GIT1;CPLX2;CPLX4;SLC17A8;VAMP2;OTOF;STX1A;AP3D1;SNAPIN;SYNDIG1;NLGN1;CDH2;AP3S2;SLC17A7
TDRP,GO_Biological_Process_2023,prerank,Cellular Response To Low-Density Lipoprotein Particle Stimulus (GO:0071404),-0.5159607361279328,-1.0750368279306026,0.3492822966507177,1.0,1.0,2/22,3.17%,ITGB2;TICAM1
TDRP,GO_Biological_Process_2023,prerank,Protein Localization To Endoplasmic Reticulum (GO:0070972),-0.5498529510841974,-1.0743024882857812,0.36134453781512604,1.0,1.0,10/16,27.90%,VAPA;SEC16A;GABARAPL2;LRRK2;BCAP31;UBAC2;BCAP29;KDELR2;HSPA5;PPP1R15A
TDRP,GO_Biological_Process_2023,prerank,Negative Regulation Of Cysteine-Type Endopeptidase Activity Involved In Apoptotic Process (GO:0043154),-0.4407794005857548,-1.0738040053693936,0.3105022831050228,1.0,1.0,24/49,26.68%,SFN;NOL3;PAX2;KLF4;CD44;HGF;NAIP;XIAP;IFI6;RNF34;CDKN2D;IGBP1;MMP9;GPX1;RPS6KA3;CAAP1;PIH1D1;GAS6;CSNK2A1;SRC;SH3RF1;BCL2L12;SNCA;THBS1
TDRP,GO_Biological_Process_2023,prerank,Regulation Of Cartilage Development (GO:0061035),-0.5485754327971953,-1.0736913806529944,0.3625,1.0,1.0,5/17,12.02%,BMPR2;KAT2A;SCIN;ZBTB16;BMP2
TDRP,GO_Biological_Process_2023,prerank,Mitochondrial Membrane Organization (GO:0007006),0.4476932598600511,1.073561338034677,0.3368421052631579,1.0,1.0,17/32,22.00%,GHITM;HSPA9;PPIF;BAD;MTX1;MTX2;MAIP1;CHCHD3;PMAIP1;SAMM50;SLC25A5;LETM1;TMEM11;SPG7;MFN2;CHCHD6;SLC25A4
TDRP,GO_Biological_Process_2023,prerank,Monocarboxylic Acid Biosynthetic Process (GO:0072330),0.3970687071987555,1.0735507001885052,0.2802056555269923,1.0,1.0,12/65,6.99%,ACSM1;PLA2G2C;OSBPL7;HOGA1;HSD17B8;BAAT;PARK7;DSE;NDUFAB1;GAMT;MCAT;CYP39A1
TDRP,GO_Biological_Process_2023,prerank,Response To cAMP (GO:0051591),-0.4611516838275779,-1.0729973043051153,0.3601823708206687,1.0,1.0,11/37,17.29%,CITED1;RAP1B;DGKQ;VGF;SLC26A6;INPP5K;PKD2;RAPGEF3;RAPGEF2;SLC26A3;AKAP9
TDRP,GO_Biological_Process_2023,prerank,Negative Regulation Of Lipid Catabolic Process (GO:0050995),0.5066400495699286,1.0729575920880392,0.3492462311557789,1.0,1.0,4/18,17.00%,PLIN5;SORL1;AKT1;GPLD1
TDRP,GO_Biological_Process_2023,prerank,Positive Regulation Of Neutrophil Migration (GO:1902624),-0.5202458859533591,-1.0722795189102077,0.3678343949044586,1.0,1.0,7/23,20.76%,RIPOR2;XCL1;CD74;RAC2;TIRAP;XG;CAMK1D
TDRP,GO_Biological_Process_2023,prerank,Acylglycerol Homeostasis (GO:0055090),-0.4983574942049279,-1.072211330065983,0.34248788368336025,1.0,1.0,6/24,18.10%,GCKR;ANGPTL4;IL18;ANGPTL3;MLXIPL;MTLN
TDRP,GO_Biological_Process_2023,prerank,Glycosphingolipid Biosynthetic Process (GO:0006688),-0.5218375676031884,-1.0720408526365837,0.383147853736089,1.0,1.0,6/19,13.73%,ST8SIA6;B3GALT4;B4GALNT1;ST8SIA4;ST6GALNAC5;LARGE1
TDRP,GO_Biological_Process_2023,prerank,Regulation Of B Cell Activation (GO:0050864),0.46467547024517186,1.0719757321909427,0.33676092544987146,1.0,1.0,4/25,12.43%,TNFAIP3;SUPT6H;TNFSF4;FOXJ1
TDRP,GO_Biological_Process_2023,prerank,Sodium Ion Import Across Plasma Membrane (GO:0098719),0.4850945463049101,1.0716214804193134,0.3669950738916256,1.0,1.0,4/21,9.55%,SLC9A3;SLC9A2;SLC5A2;SLC9A7
TDRP,GO_Biological_Process_2023,prerank,Cardiac Muscle Tissue Morphogenesis (GO:0055008),-0.48739854387962195,-1.071592433276517,0.358609794628752,1.0,1.0,5/31,12.02%,HAND1;TNNT2;PROX1;NOTCH1;BMP2
TDRP,GO_Biological_Process_2023,prerank,Negative Regulation Of Tumor Necrosis Factor Production (GO:0032720),-0.44971095922286664,-1.0715475465867885,0.34467455621301774,1.0,1.0,14/47,16.54%,LILRB4;CD33;SIRPA;NR1H4;VSIR;ARG2;IGF1;ZC3H12A;CX3CL1;NLRC3;ELF4;CLEC4A;FXR1;HAVCR2
TDRP,GO_Biological_Process_2023,prerank,Negative Regulation Of Small Molecule Metabolic Process (GO:0062014),-0.4769797163641816,-1.0713990342407504,0.350547730829421,1.0,1.0,13/33,22.43%,KAT2A;GIT1;USP7;SIK1;SLC22A13;UGT1A8;HDAC4;MST1;C1QTNF12;CRY1;GSK3A;PGPEP1;WNT4
TDRP,GO_Biological_Process_2023,prerank,Negative Regulation Of Protein Tyrosine Kinase Activity (GO:0061099),-0.5132638877701724,-1.071286788774949,0.3722044728434505,1.0,1.0,3/23,0.64%,LILRB4;CHMP6;SRCIN1
TDRP,GO_Biological_Process_2023,prerank,Cellular Response To Fibroblast Growth Factor Stimulus (GO:0044344),-0.4338790155311513,-1.0708506859059548,0.3425499231950845,1.0,1.0,19/55,22.38%,FGF21;FGF9;CD44;FGF4;FGF20;TDGF1;FGF8;FLRT3;ZFP36;FGFR1;CHURC1;FGF2;FLRT2;FGF22;NR4A1;PTPN11;GALNT3;KIF16B;SFRP1
TDRP,GO_Biological_Process_2023,prerank,Receptor Signaling Pathway Via JAK-STAT (GO:0007259),0.43308228755156475,1.0695868633761403,0.2944606413994169,1.0,1.0,8/36,10.88%,IFNL4;CLCF1;STAMBP;TYK2;JAK3;SOCS6;STAT4;LEP
TDRP,GO_Biological_Process_2023,prerank,Modulation Of Chemical Synaptic Transmission (GO:0050804),-0.3942233437119354,-1.0695836391161568,0.3107569721115538,1.0,1.0,48/122,23.84%,NOL3;AGER;BEGAIN;CDK5;APP;GRIN3B;CHRNB4;CPLX2;CPLX4;GRIK3;DGKI;OTOF;CAMK2A;LRRK2;LRP8;NMU;GRM4;RELN;GRIK1;GRIN3A;GRIA1;NPTXR;FXR1;CACNA1A;CASK;AKAP9;MYOF;PTEN;GRM8;PXK;EIF4EBP2;RIMS2;KCNMB4;CDKL5;SLC12A2;CLSTN1;HOMER1;SLC4A8;RIMS3;CHRNA7;GRM1;CACNA1B;SYN3;NLGN1;SLC6A9;CDH2;SNCAIP;FER1L5
TDRP,GO_Biological_Process_2023,prerank,Inorganic Cation Import Across Plasma Membrane (GO:0098659),0.36433587797158645,1.0692950909305226,0.2907801418439716,1.0,1.0,27/103,15.40%,KCNJ5;SLC9A3;KCNK9;TRPV5;SLC9A2;SCN10A;CACNA1F;TRPV6;HCN2;CACNA1G;SLC12A5;SLC5A2;TRPV1;ATP1A3;KCNJ9;SLC9A7;SLC24A1;SLC12A9;ATP2B4;KCNJ3;KCNJ10;SLC12A8;SLC12A1;SLC8A3;KCNJ12;TRPV4;SLC39A6
TDRP,GO_Biological_Process_2023,prerank,Carbohydrate Biosynthetic Process (GO:0016051),-0.503606232813788,-1.0689989220597105,0.3510971786833856,1.0,1.0,11/25,22.46%,ST8SIA6;B3GALT4;ST6GALNAC1;ST3GAL4;ST6GALNAC5;EXT2;FUT2;MPDU1;ST6GALNAC6;EXT1;B3GALT2
TDRP,GO_Biological_Process_2023,prerank,Gene Expression (GO:0010467),0.3245055395899453,1.0686288422291093,0.16580310880829016,1.0,1.0,128/294,22.17%,THOC7;TGM2;MRPL9;ASMT;RBMS1;IGF2BP3;MRPL51;HBS1L;EIF4A3;PABPN1;RPL3L;NUP160;FARSB;BICD1;RPL10;ATXN1;AGO2;SARNP;TNIP1;FMR1;MRPL13;DDX39A;SMG5;FAU;MRPL28;SORL1;RPL17;MAGOH;HNRNPA2B1;RPL31;MRPS7;EXOSC8;MRPL37;RPS24;DDX17;H3C1;TSPAN33;DUSP11;NCBP3;FYTTD1;DARS1;RPL39;TPR;HNRNPD;MRPL43;RPS3A;MRPL24;HSPD1;SRSF3;ALKBH5;NXT1;NUP88;RNASEL;NXT2;RPS7;RPL7A;HNRNPF;RBM3;MAGOHB;MRPL41;ADARB1;EXOSC1;WARS1;LMF1;MBTPS2;THOC3;SNRNP40;HARS1;TSPAN15;GALNT2;RPL22;RPS2;NUP107;RBM8A;MRPL36;ZNF830;AGFG1;DIS3;RPL8;RPL36;SRBD1;EXOSC5;CASP7;DKC1;ALYREF;RPL9;RPS25;SYNCRIP;HARS2;EXOSC10;TFIP11;EXOSC9;EEF1A1;THOC5;DNTTIP2;RPS18;RPS3;UPF2;MRPL18;NUP214;ANGPT2;RPL12;RPL23A;RPL27A;RPS15;RPL13;MRPL3;RPL36AL;RPS4X;RPL26;MRPS14;ENPP1;MRPL35;RPS10;RBM5;DDX25;RPL35A;NUP85;MRPL12;RPL13A;RPS5;XRN2;NCBP1;RPL27;MRPL34;RPS16;NXF1;RPS27
TDRP,GO_Biological_Process_2023,prerank,Nuclear-Transcribed mRNA Catabolic Process (GO:0000956),-0.41465128929785083,-1.0685647323019027,0.32514450867052025,1.0,1.0,44/85,27.52%,DXO;PATL2;SMG9;ZC3H12D;THRAP3;ZC3H12A;PNLDC1;PELO;SMG6;SMG8;ZFP36;CNOT4;CNOT8;RC3H2;DCP1A;SMG1;ERI1;CNOT6;SAMD4A;CNOT9;CTIF;MRTO4;PATL1;DIS3L2;TENT4B;PARN;EXOSC6;CNOT6L;UPF1;MTPAP;PYM1;RNPS1;ATM;TUT7;POLR2G;EXOSC7;SAMD4B;TENT2;XRN1;CNOT1;RC3H1;ZFP36L1;CNOT10;TUT1
TDRP,GO_Biological_Process_2023,prerank,Regulation Of Type II Interferon Production (GO:0032649),-0.41270585855288777,-1.0685324566799421,0.3285509325681492,1.0,1.0,22/87,16.54%,LILRB4;SIRPA;IL23R;NR1H4;CD274;DDIT3;VSIR;IRGM;CEBPG;XCL1;FOXP3;CD276;HLA-DRB1;IL18;BTN3A1;ZC3H12A;CD226;EBI3;BTN3A2;CD47;JAK2;HAVCR2
TDRP,GO_Biological_Process_2023,prerank,Positive Regulation Of Viral Life Cycle (GO:1903902),-0.5101239454522851,-1.068178411074399,0.353968253968254,1.0,1.0,9/22,15.35%,HLA-DRB1;SMPD1;CD74;FURIN;TMPRSS4;TMPRSS2;P4HB;VPS4A;TYRO3
TDRP,GO_Biological_Process_2023,prerank,Positive Regulation Of Transcription From RNA Polymerase II Promoter In Response To Stress (GO:0036003),-0.5465657408724885,-1.0678163715890359,0.39807383627608345,1.0,1.0,7/17,21.11%,DDIT3;CREB3L1;CEBPB;MUC1;ATF6B;RBPJ;ATF4
TDRP,GO_Biological_Process_2023,prerank,Regulation Of Neutrophil Chemotaxis (GO:0090022),-0.5067589310050142,-1.067580651661704,0.36918138041733545,1.0,1.0,8/25,20.76%,RIPOR2;XCL1;CD74;RAC2;TNFAIP6;JAM3;TIRAP;CAMK1D
TDRP,GO_Biological_Process_2023,prerank,Regulation Of Regulated Secretory Pathway (GO:1903305),0.4408036932133334,1.0674121650088042,0.3267605633802817,1.0,1.0,16/35,21.85%,RAB3A;RPH3A;SYT9;TRPV6;SEPTIN5;SYT10;SYT7;SYT17;SYT13;SYT6;PREPL;DTNBP1;SYN1;RAB5A;RAB3D;UNC13D
TDRP,GO_Biological_Process_2023,prerank,Regulation Of Glucose Transmembrane Transport (GO:0010827),-0.546720802614817,-1.0667425264855683,0.3938879456706282,1.0,1.0,7/17,24.15%,TRIB3;INPP5K;C1QTNF12;C3;PRKCB;PRKAG2;RTN2
TDRP,GO_Biological_Process_2023,prerank,Positive Regulation Of T Cell Mediated Immunity (GO:0002711),-0.45775563604809505,-1.0664107801214684,0.3525641025641026,1.0,1.0,9/42,11.17%,HLA-G;HFE;RAET1E;IL23R;HLA-E;XCL1;HLA-DRB1;HLA-F;FBXO38
TDRP,GO_Biological_Process_2023,prerank,Regulation Of T Cell Cytokine Production (GO:0002724),-0.5294631607582756,-1.066308529702159,0.37152209492635024,1.0,1.0,7/18,16.93%,LILRB4;HFE;XCL1;FOXP3;HLA-F;TNFRSF1B;TRAF6
TDRP,GO_Biological_Process_2023,prerank,Regulation Of DNA Biosynthetic Process (GO:2000278),-0.47824208690598397,-1.066026632458443,0.3579277864992151,1.0,1.0,17/34,25.36%,BMPR2;RGCC;HGF;SMG6;PDGFRB;CDKN1A;JADE3;ING4;FGF2;NABP2;JADE1;HMBOX1;PRKD2;NIBAN2;ATM;PDGFB;TNKS
TDRP,GO_Biological_Process_2023,prerank,Protein Secretion (GO:0009306),0.391561366195275,1.0653743571686152,0.2930513595166163,1.0,1.0,22/67,16.86%,CTAGE4;SNX19;RAB3A;ANXA1;PTPRN;PARK7;SVBP;FAM3B;TVP23B;RAB3B;COPG2;PORCN;MON1A;ARL4D;MTTP;RAB3C;RAB12;NECAB3;WLS;NAGPA;TANGO2;MIA3
TDRP,GO_Biological_Process_2023,prerank,Negative Regulation Of Cytokine-Mediated Signaling Pathway (GO:0001960),-0.43408440417615224,-1.0653717829851124,0.3388804841149773,1.0,1.0,19/59,21.06%,PELI3;PADI2;UXT;OAS3;PYDC1;PARP14;NAIP;XIAP;DCST1;YTHDF3;SH2B3;PALM3;PTPN2;SIGIRR;F2RL1;CCDC3;GAS6;YTHDF2;TRAIP
TDRP,GO_Biological_Process_2023,prerank,Enzyme-Linked Receptor Protein Signaling Pathway (GO:0007167),-0.3937607630308999,-1.0650202163455063,0.30631868131868134,1.0,1.0,53/123,23.89%,CD7;NEDD9;BMPR2;UXT;TIE1;BDKRB2;SHC4;INSR;FRK;NTRK1;ALKAL2;NTRK2;LYN;LRP1;GUCY2F;SH2D6;PDGFRB;CLNK;GUCY2D;ACVR2B;MERTK;LCP2;YES1;MPZL1;NPPC;PTN;MST1R;RYK;NPR2;CNKSR1;IL6ST;TYRO3;FGFR1;LIF;JAK2;PTPRT;EPHA2;ANGPTL1;ALK;RET;DDR1;PTPRG;POLR1G;ACVR2A;PTPRD;ROR2;GUCY2C;KDR;ERBB4;ROR1;LCK;RASGRP4;BDNF
TDRP,GO_Biological_Process_2023,prerank,Regulation Of Neurotransmitter Secretion (GO:0046928),-0.4707936000663719,-1.0648066855661737,0.34775641025641024,1.0,1.0,18/37,23.84%,CHRNB4;CPLX2;CPLX4;STX1B;OTOF;CAMK2A;LRRK2;CASK;MYOF;CHRNA3;SNAPIN;RIMS2;KCNMB4;SLC38A2;VPS18;RIMS3;SNCAIP;FER1L5
TDRP,GO_Biological_Process_2023,prerank,"Retrograde Protein Transport, ER To Cytosol (GO:0030970)",0.5245874765953122,1.0641213882711105,0.38292011019283745,1.0,1.0,8/17,17.77%,FAF2;UFD1;DERL1;SEC61B;TMEM129;RHBDD1;DERL2;HM13
TDRP,GO_Biological_Process_2023,prerank,Regulation Of Toll-Like Receptor Signaling Pathway (GO:0034121),0.49236172750494667,1.0639163515854184,0.3450134770889488,1.0,1.0,7/20,16.89%,IRF7;TLR2;IRF1;GPR108;CACTIN;OTUD4;NFKBIL1
TDRP,GO_Biological_Process_2023,prerank,Peptidyl-Lysine Methylation (GO:0018022),-0.48570476942851776,-1.0634896736308876,0.3613861386138614,1.0,1.0,10/27,22.42%,ATPSCKMT;METTL21EP;METTL21A;CSKMT;SETD2;METTL18;SETD7;SUV39H1;EEF1AKMT2;EHMT1
TDRP,GO_Biological_Process_2023,prerank,Regulation Of Phosphoprotein Phosphatase Activity (GO:0043666),0.4369066146942214,1.063397000405148,0.33604336043360433,1.0,1.0,17/36,22.15%,CD300A;CRY2;FKBP1A;CSNK2B;PPP1R12A;MAGI2;BOD1;TSC1;PPP4R4;PPP1R2;PPP1R11;GNA12;MASTL;PPP6R3;TIPRL;FKBP1B;CALM3
TDRP,GO_Biological_Process_2023,prerank,Positive Regulation Of Reproductive Process (GO:2000243),0.43900834966550256,1.0631280500921136,0.3088235294117647,1.0,1.0,13/33,20.18%,PLA2G10;SIRT2;AGO2;TACR1;TACR3;PDE3A;TAC4;C1QBP;ASIC2;INHBA;LHFPL2;ZP3;PLCB1
TDRP,GO_Biological_Process_2023,prerank,Negative Regulation Of Synaptic Transmission (GO:0050805),-0.5601832922192778,-1.0631237166514427,0.3785123966942149,1.0,1.0,4/15,13.65%,GRIK3;STXBP1;PLK2;DRD3
TDRP,GO_Biological_Process_2023,prerank,Peptidyl-Lysine Modification (GO:0018205),-0.4035482360802369,-1.0626018079067128,0.32946298984034833,1.0,1.0,15/93,12.42%,IVL;ATPSCKMT;METTL21EP;METTL21A;LIPT2;SUMO4;P3H3;SLF2;NSMCE3;HDAC4;CTH;VIPAS39;STX1A;ZNF451;PIAS1
TDRP,GO_Biological_Process_2023,prerank,Nucleobase-Containing Compound Catabolic Process (GO:0034655),0.421155578586892,1.0622024697323669,0.3107344632768362,1.0,1.0,15/44,18.22%,TREX2;DFFB;RNASEH1;REXO4;EXOSC8;HNRNPD;EXOSC1;ISG20;RNASEH2C;ENTPD4;DIS3;EXOSC5;EXOSC10;EXOSC9;PNPT1
TDRP,GO_Biological_Process_2023,prerank,Calcium-Mediated Signaling (GO:0019722),-0.40204134256163115,-1.0619461834263138,0.3309143686502177,1.0,1.0,26/85,25.18%,LAT2;HTR2B;SPHK1;PPP1R9A;IRGM;PLA2G4B;RCAN3;NMUR1;ORC3;LRRK2;NCALD;P2RX7;PPP3CB;DMPK;P2RX4;EIF2AK3;FIS1;P2RY11;BCAP31;NUDT4;PPP3CC;KDR;GPR143;CACNA1C;ATP1B1;PLCG2
TDRP,GO_Biological_Process_2023,prerank,Positive Regulation Of Peptidyl-Tyrosine Phosphorylation (GO:0050731),-0.3873716101884568,-1.0615778545491061,0.32786885245901637,1.0,1.0,30/129,16.18%,SRCIN1;NEDD9;IL23R;DOK7;CD40;EFNA1;CD44;DGKQ;TNFRSF18;CNTF;HCLS1;HGF;TDGF1;IL18;CD74;PARP14;BANK1;IGF1;LYN;PIBF1;LRP8;AMH;GHR;IL34;RELN;IL6ST;IL11;EPHA4;LIF;JAK2
TDRP,GO_Biological_Process_2023,prerank,Protein Deacylation (GO:0035601),0.48926905842401025,1.061019530770855,0.35,1.0,1.0,8/20,19.40%,HDAC6;LYPLA1;SIRT2;HDAC3;ABHD17B;SIRT5;ABHD17C;SIRT3
TDRP,GO_Biological_Process_2023,prerank,Regulation Of Extrinsic Apoptotic Signaling Pathway In Absence Of Ligand (GO:2001239),-0.48863032304827225,-1.0599203896078706,0.3560371517027864,1.0,1.0,11/27,22.16%,BCL2L1;IL1A;TERT;SNAI2;IFI6;FGFR1;PF4;HTRA2;RET;EYA2;HSPA1B
TDRP,GO_Biological_Process_2023,prerank,Positive Regulation Of Protein Transport (GO:0051222),-0.41681387764679817,-1.059747176272928,0.34328358208955223,1.0,1.0,23/70,22.12%,CD33;APBB3;ATP2C1;CD2AP;VPS28;GOLPH3L;PCNT;IGF1;VAMP2;PLK3;MYH10;TENM1;IL1A;CHP1;ZFAND1;UNC13B;CEP131;ACHE;GOLPH3;CEP290;RUFY3;RAB29;RIPOR1
TDRP,GO_Biological_Process_2023,prerank,Response To Unfolded Protein (GO:0006986),0.4162210375537571,1.0596434643892585,0.34203655352480417,1.0,1.0,16/44,17.01%,HSPE1;HSPA4;HSPB2;HSPA2;DNAJB4;STT3B;DERL1;DNAJA1;DNAJC4;TMBIM6;RHBDD1;HSPH1;HSPD1;ERP44;HSPB1;ERN1
TDRP,GO_Biological_Process_2023,prerank,Regulation Of Protein Phosphorylation (GO:0001932),-0.3646819141590215,-1.0590760407052207,0.3157894736842105,1.0,1.0,92/261,22.98%,FGF21;AGER;SIRPA;WNT3A;ITGB2;CD40;PROM2;FGF9;THPO;KRAS;APP;EFNA1;IRGM;CRKL;FGF4;INSR;HGF;IGFBP3;FGF20;HLA-DRB1;ADAM17;CD74;FGF8;NTRK1;INPP5K;IGF1;DAB2;NTRK2;CARD14;LYN;F2;ZC3H12A;FBLN1;PGF;CCNYL1;AKTIP;SMG8;LRRK2;AXIN1;PIP5KL1;BMP2;CDKN1A;CHP1;DNAJC10;P2RY1;IL34;FAM20A;FAXDC2;PTPN13;RELN;CDK5RAP3;ANKRD54;ARRB1;BRAT1;SPTBN4;AXIN2;TNIK;FKBP8;FXR1;FGF2;C3;IBTK;FGF22;EIF2AK3;MMP9;KDM4D;PTEN;RARRES2;PID1;HRC;EFNA5;FAS;MAVS;NIBAN1;PLXNB2;DVL2;ROCK2;ACVR2A;GAS6;PRKN;SESN2;FBH1;RALB;CHRNA7;ERP29;NSD1;MYDGF;KDR;ERBB4;CCND1;LIMK2;MEN1
TDRP,GO_Biological_Process_2023,prerank,Positive Regulation Of ERK1 And ERK2 Cascade (GO:0070374),-0.3703083145634429,-1.0590270238153527,0.3045822102425876,1.0,1.0,56/176,21.17%,FGF21;AGER;GCNT2;OPRM1;THPO;APP;HTR2B;CD44;PDGFD;CRKL;P2RY6;ICAM1;FGF4;XCL1;PLA2G2A;NPNT;HLA-DRB1;CD74;NTRK1;MTURN;ALKAL2;TNFAIP8L3;IGF1;NTRK2;GLIPR2;NOTCH1;CX3CL1;PDGFRB;PRKCA;BMP2;CCL26;NOD2;CCN2;AMH;P2RY1;MAP2K7;RAPGEF2;ARRB1;PDGFC;C5AR1;SEMA7A;FGF2;SCIMP;NOTCH2;PDE8A;TIRAP;DDR1;PTPN11;TNFRSF11A;F2RL1;ARHGAP8;ARRB2;PRKD2;GAS6;PYCARD;ROR2
TDRP,GO_Biological_Process_2023,prerank,Regulation Of Dephosphorylation (GO:0035303),-0.5463791348627808,-1.0587240053683062,0.3973941368078176,1.0,1.0,10/15,26.58%,INPP5K;SMG6;MTMR2;IGBP1;MTMR1;PPP1R17;SRC;PPP1R16B;ROCK1;MTMR4
TDRP,GO_Biological_Process_2023,prerank,Vesicle-Mediated Transport In Synapse (GO:0099003),-0.539029126307494,-1.0584540069003938,0.38344594594594594,1.0,1.0,7/18,12.15%,CDK5;SNAP25;CPLX2;CPLX4;VAMP2;OTOF;STX1A
TDRP,GO_Biological_Process_2023,prerank,Regulation Of Cation Channel Activity (GO:2001257),-0.4320162318099337,-1.0579382353185054,0.34876989869753977,1.0,1.0,24/56,23.67%,CTSS;S100G;KCNE5;VAMP2;KCNE2;FGF14;CACNB3;EDNRA;NOS1;JPH2;FGF11;PIRT;CACNB1;CACNA1A;JPH1;MMP9;FGF13;HRC;STAC;HOMER1;SLMAP;JPH4;CACNB2;DMD
TDRP,GO_Biological_Process_2023,prerank,Regulation Of Cardiac Muscle Cell Proliferation (GO:0060043),-0.5104441359073051,-1.0576089591876368,0.37320574162679426,1.0,1.0,9/20,26.44%,NOTCH1;FGF2;POLR2D;RBPJ;TGFBR1;VGLL4;ERBB4;ZFPM2;FGFR2
TDRP,GO_Biological_Process_2023,prerank,Positive Regulation Of SMAD Protein Signal Transduction (GO:0060391),-0.535043058294165,-1.0574177214052645,0.38587848932676516,1.0,1.0,8/17,25.45%,BMPR2;SH2B1;DAB2;KIAA0319;JAK2;TGFBR1;BMP4;BMP6
TDRP,GO_Biological_Process_2023,prerank,Negative Regulation Of Protein Localization (GO:1903828),-0.4539914019112855,-1.0567386976932542,0.3591331269349845,1.0,1.0,20/40,27.21%,LILRB4;NSFL1C;RIPOR2;RNF4;CTNNA1;CORO2B;MACROH2A1;PIAS4;MAP1A;ROCK2;MTOR;VCP;LATS2;UBXN2B;COMMD1;LATS1;TTBK2;ILRUN;TAX1BP3;BTF3
TDRP,GO_Biological_Process_2023,prerank,Cellular Response To Lipid (GO:0071396),-0.36812506265208367,-1.05617306024304,0.32545931758530183,1.0,1.0,49/224,18.45%,PAX2;MAP4K1;SIRPA;CCDC62;LY96;WNT3;NR1H4;WNT3A;ADCY6;TICAM1;MGARP;UXT;WNT5A;CXCL2;KCNK4;CXCL1;CD274;GIT1;SSTR1;POU4F1;IRGM;ESR1;CXCL6;PPM1E;NRIP1;CDC73;LYN;ZC3H12A;FES;UBE2L3;WNT9B;ZFP36;IL1A;ZNF703;AKR1C3;FAM210B;CXCL13;NOD2;SERPINE1;LDOC1;NLRP7;BRINP3;TNFRSF1B;PF4;TRAF6;HTRA2;WNT9A;RET;PID1
TDRP,GO_Biological_Process_2023,prerank,Neural Tube Development (GO:0021915),-0.5364218929807342,-1.0559166123375028,0.39933444259567386,1.0,1.0,9/17,28.10%,PKD1;STIL;PROX1;PKD2;FUZ;GRHL2;ZNF358;WDPCP;PTCH1
TDRP,GO_Biological_Process_2023,prerank,Defense Response To Symbiont (GO:0140546),0.34738933112942494,1.0558149369910164,0.25830258302583026,1.0,1.0,37/148,19.30%,IFNL4;IRF7;IKBKE;IFIT1B;MICA;NT5C3A;APOBEC3F;TLR2;PLA2G10;IFIH1;IRF1;DHX15;BST2;DDX60;IFI16;ISG15;TRAF3;RELA;NCBP3;AZI2;SKP2;PMAIP1;ZNFX1;RNASEL;AZU1;MOV10;ISG20;APOBEC3B;MAP3K14;IFNLR1;EIF2AK2;EXOSC5;AIM2;SERINC5;DDX56;IRF2;TANK
TDRP,GO_Biological_Process_2023,prerank,Phospholipid Dephosphorylation (GO:0046839),-0.48568723861081564,-1.0550198904934194,0.3634920634920635,1.0,1.0,18/30,27.46%,INPP5J;PLPP4;PLPPR5;INPP5K;PLPPR3;MTMR2;PTEN;PIP4P1;INPP5B;MTMR1;FIG4;SACM1L;PLPPR2;PLPP2;PLPP5;PLPP1;SYNJ1;PIP4P2
TDRP,GO_Biological_Process_2023,prerank,Aerobic Respiration (GO:0009060),0.38974748733680775,1.0542346196392656,0.32748538011695905,1.0,1.0,33/58,24.62%,NDUFC2;NDUFB2;NDUFAB1;NDUFA6;NDUFA3;TEFM;SLC25A14;NDUFS5;NDUFA12;NDUFA1;NDUFS7;BLOC1S1;NDUFA10;NDUFB5;SURF1;MDH2;MTFR2;NDUFS6;NDUFB1;SIRT3;NDUFS3;NDUFA9;UQCRC2;NDUFS4;ATP5F1D;NDUFV2;NDUFS8;SDHC;UQCRH;NDUFB3;NDUFA13;NDUFA11;NDUFA8
TDRP,GO_Biological_Process_2023,prerank,Regulation Of MAP Kinase Activity (GO:0043405),-0.39137876364638585,-1.0535900664302025,0.3328690807799443,1.0,1.0,27/114,16.24%,DUSP19;TRIB3;CD40;HTR2B;PDGFD;INSR;LIME1;TDGF1;SMPD1;INPP5K;DIRAS1;LYN;PIK3R5;TENM1;LRRK2;PDGFRB;BMP2;SH2B3;NOD2;GHR;IL34;CDK5RAP3;PDGFC;MST1R;FGFR1;SOS1;FGF2
TDRP,GO_Biological_Process_2023,prerank,Cellular Response To Organic Substance (GO:0071310),-0.40863115517975157,-1.0535427681881457,0.3468795355587808,1.0,1.0,26/80,25.37%,NR1H4;POU4F1;HCLS1;SLC1A1;IL18;NPFFR1;INPP5K;CACNA1H;GPR22;HCRTR1;GHR;MME;OXTR;NLRP12;TRAF6;PID1;CYP1B1;TIPARP;KHSRP;NCOA3;LEF1;AKAP6;HAX1;IGFBP5;PLCG2;STAT3
TDRP,GO_Biological_Process_2023,prerank,Negative Regulation Of Metabolic Process (GO:0009892),-0.43846326344289743,-1.053448890942511,0.35846153846153844,1.0,1.0,17/52,21.11%,LAMA4;DDIT3;ADAM17;ACOT13;PLCL1;NOTCH1;PCTP;ACVR2B;TFE3;ZDHHC7;PGAM5;IP6K1;DOCK7;RBPJ;CCDC3;ACOT11;ATF4
TDRP,GO_Biological_Process_2023,prerank,Negative Regulation Of miRNA Metabolic Process (GO:2000629),-0.5094938841693228,-1.0528183054451739,0.39072847682119205,1.0,1.0,10/21,26.25%,LILRB4;ESR1;NFIB;SRF;POU5F1;PDGFB;TENT2;NFATC3;RARA;NCOR1
TDRP,GO_Biological_Process_2023,prerank,Positive Regulation Of Amyloid Precursor Protein Catabolic Process (GO:1902993),-0.507534298454887,-1.0519927781669727,0.38351822503961963,1.0,1.0,11/21,21.93%,AGER;LRRTM3;EFNA1;LYN;ABCG1;GSAP;EPHA4;ROCK2;GSK3A;EFNA3;CHRNA7
TDRP,GO_Biological_Process_2023,prerank,Positive Regulation Of Phosphatidylinositol 3-Kinase Signaling (GO:0014068),-0.4121272902007701,-1.051426790542709,0.35431918008784774,1.0,1.0,30/69,25.84%,HCST;PDGFD;HCLS1;INSR;HGF;IL18;NTRK1;IGF1;NTRK2;PDGFRB;PDGFC;IGF1R;FGFR1;JAK2;FGF2;SEMA3E;PIK3AP1;DDR1;F2RL1;ROR2;PLXNB1;MYDGF;KDR;ROR1;SRC;PDGFB;BECN1;HAX1;CBL;NEDD4
TDRP,GO_Biological_Process_2023,prerank,MAPK Cascade (GO:0000165),-0.39595152795051647,-1.050181413359247,0.3483309143686502,1.0,1.0,26/98,18.30%,YWHAE;TAOK3;SHANK3;KRAS;MOS;SBK2;HTR2B;MAP4K4;IL18;IGF1;NRTN;RCE1;LRRK2;ZFP36;PTPN7;PTGER4;PTPN3;MINK1;ITGAV;MAP2K7;RAPGEF2;FGFR1;TNIK;DUSP5;MAP3K11;FGF13
TDRP,GO_Biological_Process_2023,prerank,Linoleic Acid Metabolic Process (GO:0043651),0.4897775745725048,1.049988993825801,0.3605769230769231,1.0,1.0,7/19,9.68%,GSTA1;ALOX15;PNPLA8;GSTM2;ALOX12B;CYP2J2;ELOVL1
TDRP,GO_Biological_Process_2023,prerank,Epidermis Development (GO:0008544),-0.40712299950151054,-1.0492559101885972,0.3541963015647226,1.0,1.0,18/83,15.83%,COL7A1;SPINT1;KRT15;ATP2C1;OVOL1;WAS;EDA2R;HLA-DRB1;KRTDAP;OVOL2;EVPL;KLK7;EMP1;FLOT2;CCN2;KLK14;DLL1;SVEP1
TDRP,GO_Biological_Process_2023,prerank,Cholesterol Biosynthetic Process (GO:0006695),-0.48972778693058183,-1.049089164349132,0.37763371150729336,1.0,1.0,9/25,23.38%,NPC1L1;SC5D;HSD17B7;MVK;FDFT1;TM7SF2;CYP51A1;INSIG2;MSMO1
TDRP,GO_Biological_Process_2023,prerank,Negative Regulation Of Cytokine Production (GO:0001818),-0.37286190216540865,-1.0490730329990163,0.34203655352480417,1.0,1.0,47/177,19.69%,LILRB4;XAF1;CD33;DHX58;AGER;SIRPA;IL23R;NR1H4;TIGIT;SFTPD;CD274;SRGN;RGCC;KLF4;DDIT3;VSIR;IRGM;XCL1;FOXP3;HLA-DRB1;ATP2B1;NMB;RNF216;F2;ZC3H12A;PIBF1;CX3CL1;ZFP36;PTGER4;NLRC3;ARRB1;ELF4;CLEC4A;NLRP7;HOMER3;NAV3;DLL1;CMKLR1;NLRP12;HAVCR2;BTN2A2;RPS6KA4;PTPN11;TRIB2;SIGIRR;TNFRSF21;F2RL1
TDRP,GO_Biological_Process_2023,prerank,Multicellular Organismal-Level Water Homeostasis (GO:0050891),-0.5215318620078278,-1.0484882215926985,0.4026186579378069,1.0,1.0,5/19,20.37%,WFS1;SCNN1B;SCNN1G;AQP4;SCNN1A
TDRP,GO_Biological_Process_2023,prerank,Negative Regulation Of Monoatomic Ion Transport (GO:0043271),-0.5200317817143494,-1.0484020043314384,0.3878887070376432,1.0,1.0,6/18,18.82%,CD33;HTR1B;INPP5K;NOS1;PACSIN3;PXK
TDRP,GO_Biological_Process_2023,prerank,Leukocyte Cell-Cell Adhesion (GO:0007159),-0.4771059489417594,-1.0483997436184966,0.3950617283950617,1.0,1.0,4/30,6.70%,ITGAL;ITGB2;CD177;ICAM1
TDRP,GO_Biological_Process_2023,prerank,Regulation Of Cardiac Muscle Contraction (GO:0055117),0.43051848915444924,1.0482543177405106,0.3595505617977528,1.0,1.0,13/35,23.54%,SCN10A;CHGA;SMAD7;KCNQ1;PDE4B;RNF207;PDE4D;SLC9A1;SRI;CAV3;CALM3;ASB3;TNNI3
TDRP,GO_Biological_Process_2023,prerank,Cardiac Conduction System Development (GO:0003161),0.45250460546102245,1.0482171713094475,0.3763440860215054,1.0,1.0,4/25,5.29%,MSX2;SHOX2;MSC;CACNA1G
TDRP,GO_Biological_Process_2023,prerank,Negative Regulation Of Cell-Substrate Adhesion (GO:0010812),-0.45308997009204605,-1.048163592512226,0.3691376701966717,1.0,1.0,17/39,19.64%,GCNT2;TACSTD2;MELTF;CDKN2A;MAP4K4;FBLN1;NEXMIF;NOTCH1;CX3CL1;AJAP1;CORO2B;CASK;AP1AR;SEMA3E;JAG1;EFNA5;KANK1
TDRP,GO_Biological_Process_2023,prerank,Negative Regulation Of Peptidyl-Tyrosine Phosphorylation (GO:0050732),-0.4806805156632352,-1.0478739247669655,0.3894080996884735,1.0,1.0,6/30,12.19%,LILRB4;SRCIN1;PARP14;PIBF1;PPP2R1A;SH2B3
TDRP,GO_Biological_Process_2023,prerank,Positive Regulation Of Protein Polymerization (GO:0032273),0.380726555133204,1.0477877684272685,0.3280757097791798,1.0,1.0,10/69,8.08%,CCL24;TPPP2;TTBK1;ALOX15;CDC42EP2;LMOD1;PTK2B;FCHSD2;BIN1;SLAIN2
TDRP,GO_Biological_Process_2023,prerank,Negative Regulation Of Peptidyl-Serine Phosphorylation (GO:0033137),-0.5139577286270408,-1.047605499271371,0.3832236842105263,1.0,1.0,9/19,23.67%,INPP5J;PPM1F;NCK2;INPP5K;MLXIPL;PTEN;GADD45A;CNKSR3;DMD
TDRP,GO_Biological_Process_2023,prerank,Endocardial Cushion Morphogenesis (GO:0003203),0.4721258627504058,1.0471607546370512,0.34748010610079577,1.0,1.0,5/21,13.63%,ACVRL1;NOS3;MDM4;APC;HEY1
TDRP,GO_Biological_Process_2023,prerank,Ventricular Cardiac Muscle Cell Action Potential (GO:0086005),-0.5357063461129151,-1.046872128438175,0.38422818791946306,1.0,1.0,5/16,15.95%,KCNE5;SCN3B;KCNE4;KCNE2;SNTA1
TDRP,GO_Biological_Process_2023,prerank,Regulation Of Vascular Associated Smooth Muscle Cell Proliferation (GO:1904705),-0.45895913773246616,-1.046785272706317,0.3619047619047619,1.0,1.0,13/37,17.89%,MEF2D;HTR1B;FGF9;P2RY6;GJA1;IGF1;CDKN1A;SOD2;FGF2;EFEMP2;DNMT1;MMP9;PTEN
TDRP,GO_Biological_Process_2023,prerank,Regulation Of Canonical Wnt Signaling Pathway (GO:0060828),-0.3692921114124182,-1.0467024069835658,0.34794156706507307,1.0,1.0,80/203,27.22%,CSNK1A1;FZD9;USP34;WNT3A;ANKRD6;WNT5A;DDIT3;ZEB2;CSNK1G1;EMD;AMER2;DAB2;CCNYL1;XIAP;HHEX;NRARP;LRRK2;AXIN1;BTRC;ZNF703;MCC;BMP2;TLE6;SNAI2;NPHP3;TNKS2;PPM1B;TLE4;AXIN2;FRMD8;SFRP4;GLI3;LGR6;OTULIN;WNK1;TBL1X;PRICKLE1;FRAT1;JADE1;FRZB;LIMD1;RNF220;DAAM2;TCF7L2;KANK1;TPBG;SDHAF2;FUZ;HECW1;UBAC2;PRKN;GSK3A;NKD1;SOX7;VCP;LATS2;PPP1CA;MLLT3;MRPS12;LRP4;SFRP1;IGFBP4;PPM1N;LATS1;PSEN1;TMEM88B;JRK;CHD8;TLE1;SOX13;TNKS;ZNRF3;TLE5;RBMS3;FGFR2;TBL1XR1;CDK14;ZBED3;LRRK1;CTNND2
TDRP,GO_Biological_Process_2023,prerank,Protein Insertion Into Mitochondrial Membrane (GO:0051204),0.44467113867513697,1.0464614824006306,0.3631713554987212,1.0,1.0,9/28,14.20%,HSPA4;TIMM29;TIMM13;PRICKLE4;MTX1;MTX2;MAIP1;SAMM50;MTCH1
TDRP,GO_Biological_Process_2023,prerank,Regulation Of Monoatomic Ion Transmembrane Transport (GO:0034765),0.44580346002916443,1.0461668177763068,0.3660477453580902,1.0,1.0,11/29,19.63%,KCNJ5;SCN10A;GRIN2C;KCNJ9;GRIN2D;KCNJ3;KCNJ10;KCNJ12;GRIN2A;KCNJ11;NEDD4L
TDRP,GO_Biological_Process_2023,prerank,Detection Of Chemical Stimulus Involved In Sensory Perception Of Taste (GO:0050912),0.41642782756458807,1.046085744507192,0.34794520547945207,1.0,1.0,3/41,1.18%,CST4;GNAT3;TAS2R46
TDRP,GO_Biological_Process_2023,prerank,Positive Regulation Of Osteoclast Differentiation (GO:0045672),-0.5291612845853311,-1.0457992871167645,0.4003322259136213,1.0,1.0,5/18,19.09%,NEDD9;IL23R;POU4F1;TRAF6;TNFRSF11A
TDRP,GO_Biological_Process_2023,prerank,Regulation Of RIG-I Signaling Pathway (GO:0039535),-0.5167796353924845,-1.0457024046200123,0.4046434494195688,1.0,1.0,2/18,1.34%,DHX58;TRIM15
TDRP,GO_Biological_Process_2023,prerank,Double-Strand Break Repair Via Nonhomologous End Joining (GO:0006303),-0.44921968292560294,-1.0453071419501048,0.382262996941896,1.0,1.0,20/41,27.70%,LIG4;XRCC5;NHEJ1;ATP23;XRCC4;SMC5;DCLRE1C;POLL;POLA1;ERCC1;UVRAG;DCLRE1A;RNF168;KDM2A;ATM;PSMD14;ERCC4;PAXX;IFFO1;HELQ
TDRP,GO_Biological_Process_2023,prerank,Sensory Perception Of Bitter Taste (GO:0050913),0.41995060157013653,1.0450007637854546,0.35170603674540685,1.0,1.0,3/38,1.18%,CST4;GNAT3;TAS2R46
TDRP,GO_Biological_Process_2023,prerank,Response To Lipopolysaccharide (GO:0032496),-0.3761941710194249,-1.0446710492817397,0.35278514588859416,1.0,1.0,43/156,19.62%,SIRPA;SMAD6;LY96;IL23R;CITED1;TICAM1;UXT;WNT5A;CXCL2;CXCL1;CD274;GCH1;GIT1;IRGM;MAPKAPK3;CXCL6;PPM1E;NOS2;ADAM17;CDC73;ZC3H12A;CPS1;ZFP36;IL1A;CXCL13;NOS1;NOD2;LIAS;PELI1;SERPINE1;PALM3;LDOC1;NLRP7;JAK2;TNFRSF1B;PF4;TRAF6;TIRAP;HNRNPA0;SRR;RPS6KA3;TNFRSF11A;NOCT
TDRP,GO_Biological_Process_2023,prerank,Vascular Endothelial Growth Factor Receptor Signaling Pathway (GO:0048010),0.451899914168165,1.044610261138314,0.37371134020618557,1.0,1.0,5/28,8.27%,VAV1;SULF1;MAPKAPK2;PTK2B;BCAR1
TDRP,GO_Biological_Process_2023,prerank,Cellular Response To Chemokine (GO:1990869),0.3954608090817979,1.0443248632509798,0.340625,1.0,1.0,2/57,0.08%,CCL24;XCL2
TDRP,GO_Biological_Process_2023,prerank,Endoplasmic Reticulum To Cytosol Transport (GO:1903513),0.5244233362008917,1.0442283003195585,0.3973684210526316,1.0,1.0,5/15,8.63%,FAF2;UFD1;DERL1;SEC61B;TMEM129
TDRP,GO_Biological_Process_2023,prerank,Positive Regulation Of Binding (GO:0051099),-0.39890625907974225,-1.0431742753135822,0.36988304093567254,1.0,1.0,30/91,21.86%,HFE;GPSM1;TRIB3;WNT3A;CLIC2;TIAM1;APP;SUMO4;CEBPG;PKD1;IGF1;LRP1;CLDN5;AKTIP;LRRK2;TRIM21;TERT;HIP1R;BMP2;RAPGEF2;CLN5;USP9X;MMP9;KDM4D;RIPK2;TCF7L2;HMBOX1;TAF1;PRKN;RALB
TDRP,GO_Biological_Process_2023,prerank,Nuclear Membrane Organization (GO:0071763),-0.4813393685505818,-1.0427726053825526,0.4065040650406504,1.0,1.0,10/26,14.52%,CHMP6;NSFL1C;SPAST;EMD;CHMP3;TOR1B;CHMP1B;CHMP7;VPS4A;CHMP4C
TDRP,GO_Biological_Process_2023,prerank,Cilium Movement (GO:0003341),-0.42399694148923084,-1.0427519718557356,0.3812405446293495,1.0,1.0,25/59,25.24%,CFAP100;RSPH4A;CCDC103;GAS8;CFAP206;DNAAF6;NME5;TTLL3;DNAAF1;RSPH9;SPAG6;DNAI2;CFAP91;DNAI1;SPEF2;CFAP251;ODAD3;CFAP70;CCDC39;ODAD4;DNAI3;DNAH9;DNAH7;DNAAF2;DNHD1
TDRP,GO_Biological_Process_2023,prerank,Reticulophagy (GO:0061709),0.511655364951397,1.042268631658361,0.391304347826087,1.0,1.0,5/16,10.73%,UFC1;SNX7;TEX264;ULK2;UBA5
TDRP,GO_Biological_Process_2023,prerank,Glucose Transmembrane Transport (GO:1904659),-0.4994319657066705,-1.0419692444685842,0.3888888888888889,1.0,1.0,8/22,12.49%,SLC2A4;SLC2A11;SLC2A1;SLC2A5;SLC2A2;SLC2A12;SLC2A7;SLC2A3
TDRP,GO_Biological_Process_2023,prerank,Lipid Modification (GO:0030258),-0.44959456274507176,-1.04194977224624,0.3926282051282051,1.0,1.0,13/42,16.35%,PLPP4;LPCAT3;CYP2C8;CYP4A22;CYP3A5;DGKQ;PLPPR5;CYP2E1;DGKI;MBOAT4;PLPPR3;ALOX5;MBOAT7
TDRP,GO_Biological_Process_2023,prerank,Cellular Response To Nitrogen Compound (GO:1901699),-0.5462849593655429,-1.041746913426154,0.41139240506329117,1.0,1.0,4/16,11.11%,EPG5;NR1H4;NSMCE3;CPS1
TDRP,GO_Biological_Process_2023,prerank,Regulation Of Ruffle Assembly (GO:1900027),-0.4959277722129122,-1.0416087397232066,0.40863787375415284,1.0,1.0,4/24,4.37%,PLEKHM1;CARMIL2;UXT;TACSTD2
TDRP,GO_Biological_Process_2023,prerank,Negative Regulation Of GTPase Activity (GO:0034260),-0.514206188198271,-1.0415951718106073,0.4119601328903654,1.0,1.0,7/20,11.91%,GPSM1;KLRK1;CPEB2;LRCH1;LRRK2;GMIP;RASA4
TDRP,GO_Biological_Process_2023,prerank,Cellular Response To Misfolded Protein (GO:0071218),0.4955441741624847,1.0413707910933192,0.39540816326530615,1.0,1.0,10/19,18.42%,UFD1;TOR1A;DERL1;RNF5;KLHL15;UGGT1;DNAJC18;RNF126;CUL3;ATXN3
TDRP,GO_Biological_Process_2023,prerank,rRNA Processing (GO:0006364),0.35768471048802153,1.0407711430087205,0.30985915492957744,1.0,1.0,44/101,22.57%,WDR18;SBDS;DDX47;POP4;IGF2BP3;MAK16;DDX49;NOC4L;NOL6;ESF1;RPS24;MPHOSPH6;RIOK2;PIH1D2;RPS7;WDR74;RIOK3;MRM1;PELP1;NOP14;NOP2;PES1;NOP56;PRKDC;NOP58;DIS3;LYAR;UTP20;EXOSC5;DKC1;RPS25;EXOSC10;EXOSC9;LSM6;RPS15;RPL26;RPL35A;XRN2;RPL27;SART1;RPS16;RPS27;TFB1M;WDR3
TDRP,GO_Biological_Process_2023,prerank,Protein Quality Control For Misfolded Or Incompletely Synthesized Proteins (GO:0006515),0.45419913367446746,1.04055312458627,0.387434554973822,1.0,1.0,11/27,18.42%,HDAC6;UFD1;TOR1A;DERL1;RNF5;FBXL17;KLHL15;UGGT1;ZER1;CUL3;ATXN3
TDRP,GO_Biological_Process_2023,prerank,Positive Regulation Of Natural Killer Cell Mediated Cytotoxicity (GO:0045954),-0.5030442163415336,-1.040461860578534,0.3890675241157556,1.0,1.0,5/21,11.86%,RAET1E;HLA-E;KLRK1;HLA-F;CD226
TDRP,GO_Biological_Process_2023,prerank,Long-Chain fatty-acyl-CoA Biosynthetic Process (GO:0035338),0.4981683095893821,1.0398840343170581,0.37897310513447435,1.0,1.0,8/17,17.05%,ACSL5;ACSL1;ELOVL7;HSD17B12;ELOVL1;ACSL6;HACD2;ACSL4
TDRP,GO_Biological_Process_2023,prerank,Regulation Of Calcium Ion Transmembrane Transporter Activity (GO:1901019),-0.463663253412612,-1.039734618492169,0.39907550077041604,1.0,1.0,13/32,23.67%,S100G;STRIT1;YWHAE;CACNB3;NOS1;JPH2;CACNB1;CACNA1A;JPH1;HRC;JPH4;CACNB2;DMD
TDRP,GO_Biological_Process_2023,prerank,Positive Regulation Of Cilium Assembly (GO:0045724),-0.5047994610005742,-1.039711736518142,0.4128289473684211,1.0,1.0,14/22,29.95%,SAXO1;PPP1R35;ARHGAP35;KCTD17;FUZ;CCP110;HTT;MARK4;BBS4;CEP135;CCDC88A;CEP120;GSK3B;WRAP73
TDRP,GO_Biological_Process_2023,prerank,Vitamin Transport (GO:0051180),-0.45008836540266023,-1.0394412163486224,0.415748031496063,1.0,1.0,13/39,18.59%,NPC1L1;SLC2A4;TCN1;TTPA;SLC2A1;LRP2;CBLIF;SLC2A2;SLC2A3;SLC23A2;CUBN;SLC19A3;SLC2A14
TDRP,GO_Biological_Process_2023,prerank,Chloride Transport (GO:0006821),-0.40513203591463565,-1.03912666690831,0.3689604685212299,1.0,1.0,27/77,21.20%,APOL1;SLC12A7;FXYD3;GABRA1;SLC12A3;CLIC2;TTYH3;SLC26A9;SLC1A1;SLC26A6;NMUR1;CLIC1;CLCNKB;GABRA4;CLIC5;ANO3;ANO9;SLC26A8;SLC12A6;CLCN4;ANO10;BEST1;SLC12A2;SLC26A5;SLC4A8;CLCN3;LRRC8A
TDRP,GO_Biological_Process_2023,prerank,Protein Localization To Centrosome (GO:0071539),-0.5203499374797753,-1.038975441094968,0.4142857142857143,1.0,1.0,7/17,18.93%,GOLGB1;STIL;DCTN2;PIBF1;SPAG5;CEP131;CEP83
TDRP,GO_Biological_Process_2023,prerank,Positive Regulation Of Cell Cycle (GO:0045787),-0.41151884887507806,-1.0388084639665633,0.3733133433283358,1.0,1.0,19/64,16.62%,SRPK2;TBX3;APP;RGCC;SPHK1;SCAND3;PKD1;EIF4EBP1;MAPRE3;PROX1;PKD2;TRIM21;RPS6KB1;PRKCA;USP19;DUSP3;MEIS2;CITED2;PKN2
TDRP,GO_Biological_Process_2023,prerank,Positive Regulation Of Epidermal Growth Factor Receptor Signaling Pathway (GO:0045742),-0.4672293890025629,-1.0383697930971127,0.3740340030911901,1.0,1.0,14/33,25.51%,AREG;HIP1R;SHKBP1;CNOT9;MMP9;NUP62;NEU3;HBEGF;RALB;TGFA;BCAR3;PDE6G;FBXW7;CBL
TDRP,GO_Biological_Process_2023,prerank,Regulation Of Cardiac Muscle Cell Membrane Repolarization (GO:0099623),-0.5075394240196172,-1.0383332407646084,0.4220472440944882,1.0,1.0,10/21,27.14%,KCNE5;SCN4B;KCNE4;KCNE2;CACNA1D;SNTA1;CACNA2D1;NOS1AP;KCNH2;KCNE3
TDRP,GO_Biological_Process_2023,prerank,Detection Of Chemical Stimulus Involved In Sensory Perception Of Bitter Taste (GO:0001580),0.41995091544464913,1.038295911803912,0.36585365853658536,1.0,1.0,3/37,1.18%,CST4;GNAT3;TAS2R46
TDRP,GO_Biological_Process_2023,prerank,Xenobiotic Catabolic Process (GO:0042178),-0.5185575305213932,-1.037850196850848,0.41567291311754684,1.0,1.0,5/19,12.73%,CRYZ;CYP2C8;CYP3A5;GSTM4;NOS1
TDRP,GO_Biological_Process_2023,prerank,Negative Regulation Of miRNA Transcription (GO:1902894),-0.5041137169700719,-1.0372178263727272,0.39344262295081966,1.0,1.0,9/20,26.25%,LILRB4;ESR1;NFIB;SRF;POU5F1;PDGFB;NFATC3;RARA;NCOR1
TDRP,GO_Biological_Process_2023,prerank,Prostanoid Metabolic Process (GO:0006692),0.5015718681453588,1.0367310405524461,0.3870967741935484,1.0,1.0,3/16,6.63%,GSTA1;HPGD;PLAA
TDRP,GO_Biological_Process_2023,prerank,rRNA Transcription (GO:0009303),0.49996514196271546,1.0366584643319923,0.3978779840848806,1.0,1.0,9/17,20.39%,GTF3A;MARS1;GTF3C3;TAF1B;GTF3C6;NIFK;TCOF1;CAVIN1;POLR1E
TDRP,GO_Biological_Process_2023,prerank,Bile Acid And Bile Salt Transport (GO:0015721),0.46925931063406356,1.0364363709898528,0.37371134020618557,1.0,1.0,3/23,4.45%,SLC10A5;SLC10A4;ABCC3
TDRP,GO_Biological_Process_2023,prerank,Peptide Biosynthetic Process (GO:0043043),0.3325231447156712,1.0362696633478075,0.3181818181818182,1.0,1.0,65/155,22.62%,MRPL9;ASMT;IGF2BP3;MRPL51;PCSK1;HBS1L;RPL3L;FARSB;RPL10;AGO2;TNIP1;MRPL13;FAU;MRPL28;RPL17;RPL31;MRPS7;MRPL37;RPS24;DARS1;RPL39;MRPL43;RPS3A;GGT1;MRPL24;RPS7;RPL7A;MRPL41;WARS1;HARS1;RPL22;RPS2;MRPL36;RPL8;RPL36;SRBD1;RPL9;RPS25;HARS2;EEF1A1;RPS18;RPS3;MRPL18;RPL12;RPL23A;RPL27A;RPS15;RPL13;MRPL3;RPL36AL;RPS4X;RPL26;MRPS14;MRPL35;RPS10;RPL35A;MRPL12;RPL13A;RPS5;RPL27;MRPL34;RPS16;RPS27;RPL28;RPS9
TDRP,GO_Biological_Process_2023,prerank,Development Of Primary Male Sexual Characteristics (GO:0046546),-0.43617394853984637,-1.0352854002907226,0.40189873417721517,1.0,1.0,9/45,11.89%,LHCGR;WNT5A;FGF9;WNT2B;GATA3;LRP2;SOX8;ADAM29;AKR1C3
TDRP,GO_Biological_Process_2023,prerank,Positive Regulation Of Telomere Maintenance (GO:0032206),0.39699589280489245,1.0350389582400057,0.39095744680851063,1.0,1.0,14/52,13.94%,SLX1A;UCHL5;SLX4;MAPK3;GNL3;TERF1;MAP3K4;TNIP1;DHX36;TINF2;HNRNPA2B1;HNRNPD;POT1;MAPK15
TDRP,GO_Biological_Process_2023,prerank,Negative Regulation Of Epithelial Cell Migration (GO:0010633),-0.458879433700862,-1.035026789287955,0.4131455399061033,1.0,1.0,14/33,21.19%,PTPN23;MARVELD3;TACSTD2;ADGRB1;APOH;MCC;SP100;DUSP10;SYNJ2BP;ADAMTS9;PTEN;PTPRG;EVL;PTPRM
TDRP,GO_Biological_Process_2023,prerank,RNA Destabilization (GO:0050779),-0.5072820504400716,-1.0346698493591966,0.39908256880733944,1.0,1.0,8/19,22.68%,DXO;GIGYF2;YTHDF3;RBM24;FXR1;ROCK2;YTHDF2;RBM27
TDRP,GO_Biological_Process_2023,prerank,Negative Regulation Of Gene Expression (GO:0010629),-0.3486423738734117,-1.0344386181480398,0.3523002421307506,1.0,1.0,141/336,26.79%,SLFN14;LARP1;SDR16C5;PIWIL3;ILF3;DXO;PATL2;SMYD5;SMAD5;APP;PGR;MYCN;SRGN;RGCC;KLF4;DGKQ;POU4F1;CRKL;ESR1;ENC1;NUDT12;FOXP3;NOS2;CREB3L1;HEY2;ATP2B1;NANOS3;PARP14;MAPT;DIP2A;GIGYF2;IGF1;ID2;TYMS;ZC3H12A;OVOL2;ZAR1L;MSR1;LRP1;PAIP2;RNF139;PCIF1;NOTCH1;CLDN5;EPC1;ZFP36;LSM14A;TERT;INSL6;BMP2;TRIM3;STC2;TASOR;PTGER4;EIF4E2;FLOT2;TIA1;AMH;UPK3B;TNRC6B;DDX6;CLEC4A;EPHA4;FXR1;CELF1;FGF2;NLRP12;CITED2;STOX1;MACROH2A1;HAVCR2;DNMT1;SHMT1;NOTCH2;SNX12;SHQ1;CHD4;BTN2A2;PPM1D;VHL;CNOT9;WWP2;EIF2AK3;MPHOSPH8;RPS6KA4;DAPK1;SND1;TIPARP;SLC24A3;NOCT;DIS3L2;IGF2BP1;MALSU1;CCDC3;PRKAA2;SERBP1;YY1;ZNF148;TAF1;ROCK2;SLC7A5;YTHDF2;PRKN;BMI1;HSPA1B;SFRP1;ERP29;WNT4;KDR;CSNK2A1;TDRD1;BTG2;HINFP;PSEN1;ZNF540;PTRH2;TDRD12;SMCR8;BMP4;PDGFB;SORD;CPEB3;PIWIL4;RBM4;IGFBP5;FBXW7;CNPY2;STAT3;N4BP1;NCL;DICER1;TLE5;SH3GL2;RBMS3;CNOT1;LIN28A;IGF2BP2;RNH1;CD46;MYADM;RPS26
TDRP,GO_Biological_Process_2023,prerank,Negative Regulation Of Microtubule Polymerization Or Depolymerization (GO:0031111),0.4381539764303336,1.0343359049220198,0.36187845303867405,1.0,1.0,7/31,9.64%,STMN2;TAOK1;MID1IP1;CLIP3;APC2;TBCD;HDGFL3
TDRP,GO_Biological_Process_2023,prerank,Regulation Of Peptide Hormone Secretion (GO:0090276),-0.41982689877920115,-1.034190298293933,0.3706395348837209,1.0,1.0,13/52,25.17%,HFE;SNAP25;NOS2;STX1A;ENSA;PPP3CB;GIPR;ALOX5;SLC8B1;TFR2;EIPR1;PER2;HADHA
TDRP,GO_Biological_Process_2023,prerank,Regulation Of Protein Kinase Activity (GO:0045859),-0.3792154762625095,-1.0337322100325939,0.390646492434663,1.0,1.0,37/116,21.31%,DUSP19;SFN;MMD2;TRIB3;XRCC5;PPM1F;PPM1E;PYDC1;INPP5K;MAPRE3;CCNYL1;SPRED1;ORC3;JTB;SMG8;LRRK2;AXIN1;ALS2;CDKN1A;CAMKK1;CHP1;TSC2;LCP2;RELN;ANKRD54;TRAF4;RAPGEF2;AXIN2;C5AR1;TRIB2;UVRAG;RAP2C;PRKAG2;RAP2B;GAS6;UBASH3B;QARS1
TDRP,GO_Biological_Process_2023,prerank,Wnt Signaling Pathway (GO:0016055),-0.4008733564819653,-1.0330432882512397,0.39,1.0,1.0,28/75,23.35%,CSNK1A1;WNT3;FZD9;USP34;WNT3A;WNT5A;WNT2B;TMEM67;KLHL12;FZD1;WNT9B;LRRK2;FZD3;RYK;SFRP4;PTEN;FRAT1;FRZB;WNT9A;TCF7L2;BCL9L;DVL2;CD24;BCL9;SFRP1;WNT4;NID1;LEF1
TDRP,GO_Biological_Process_2023,prerank,Regulation Of Actin Filament Polymerization (GO:0030833),0.37547433856139906,1.0329880834137106,0.37846153846153846,1.0,1.0,10/69,7.49%,CCL24;ESAM;ALOX15;CDC42EP2;PLEKHG2;LMOD1;PTK2B;FCHSD2;BIN1;MEGF9
TDRP,GO_Biological_Process_2023,prerank,Protein Sumoylation (GO:0016925),0.410949434458957,1.0327697970992251,0.35410764872521244,1.0,1.0,19/45,16.47%,CBX4;PIAS3;SAE1;SUMO3;UBE2I;SENP1;IFIH1;EYA1;PIAS2;EID3;EGR2;KIAA1586;SUMO2;NSMCE2;TOPORS;RNF212;SLF1;SMC6;UBA2
TDRP,GO_Biological_Process_2023,prerank,Regulation Of Oxidative Stress-Induced Intrinsic Apoptotic Signaling Pathway (GO:1902175),-0.5182372648189021,-1.0327319810149367,0.41300813008130083,1.0,1.0,9/18,25.59%,NOL3;UBQLN1;NME5;P4HB;SOD2;HTRA2;SOD1;SFPQ;BAG5
TDRP,GO_Biological_Process_2023,prerank,Peptidyl-Tyrosine Phosphorylation (GO:0018108),0.37350339425925805,1.0325801889832211,0.37910447761194027,1.0,1.0,18/67,16.35%,IFNL4;TTBK1;PRLR;DDR2;MAPK3;EPHA3;PDGFRA;PTK2B;JAK3;ABI2;ABI3;LEP;CLK2;BTK;ABL2;FYN;FGFR4;CLK4
TDRP,GO_Biological_Process_2023,prerank,Positive Regulation Of Nitric-Oxide Synthase Activity (GO:0051000),0.4994035229747488,1.032238414365917,0.3740648379052369,1.0,1.0,5/16,11.23%,FCER2;S100A1;HIF1A;PIK3CB;AKT1
TDRP,GO_Biological_Process_2023,prerank,Positive Regulation Of Apoptotic Signaling Pathway (GO:2001235),-0.4135632877840799,-1.0321196204412388,0.3835820895522388,1.0,1.0,25/61,25.03%,CTSS;PLEKHF1;G0S2;DDIT3;LTB;GSDME;BAX;FIS1;SEPTIN4;TNFSF12;FAS;BCAP31;TGFBR1;CRADD;WWOX;PYCARD;BOK;TRIM39;LCK;CTSL;TRAF7;BECN1;CTSK;LTBR;TPD52L1
TDRP,GO_Biological_Process_2023,prerank,Positive Regulation Of Natural Killer Cell Activation (GO:0032816),-0.5236326400207005,-1.0319924769178024,0.4231404958677686,1.0,1.0,5/18,10.04%,IL23R;TICAM1;HLA-E;IL18;HLA-F
TDRP,GO_Biological_Process_2023,prerank,Mesenchymal Cell Differentiation (GO:0048762),-0.42562843565244507,-1.0316624153950218,0.4121212121212121,1.0,1.0,18/54,20.68%,CUL7;WNT5A;HTR2B;HGF;HEY2;IGF1;NOTCH1;BMP2;SNAI2;SNAI1;FAM83D;FGFR1;NOTCH4;SEMA3C;RBPJ;LOXL3;TGFBR1;ROCK2
TDRP,GO_Biological_Process_2023,prerank,Epithelium Development (GO:0060429),-0.3716492520322794,-1.0310039918197522,0.4008152173913043,1.0,1.0,31/152,16.77%,HAND1;SULT1B1;PAX2;DHRS9;WNT3;SPINT1;CDHR2;KRT15;LGALS3;RIPK4;PKD1;STIL;KANK2;FGF8;RCAN3;SOX8;PROX1;PKD2;CTSB;BMP2;SNAI2;SIX1;SOX10;LHX1;KRT10;DLL1;ERRFI1;FN3K;JAK2;UPK1A;UPK2
TDRP,GO_Biological_Process_2023,prerank,Cell-Cell Signaling By Wnt (GO:0198738),-0.4921428846597897,-1.030952886608835,0.40348101265822783,1.0,1.0,6/23,11.17%,CSNK1A1;USP34;WNT5A;PKD1;KLHL12;PKD2
TDRP,GO_Biological_Process_2023,prerank,Regulation Of Protein Transport (GO:0051223),-0.47139073763564576,-1.0307969552473428,0.4114671163575042,1.0,1.0,9/28,19.86%,P3H1;PPM1F;GAPVD1;CHP1;RHBDF1;SNX12;WWP2;LLGL1;SCFD1
TDRP,GO_Biological_Process_2023,prerank,Myotube Differentiation (GO:0014902),-0.48767344883929753,-1.03076313437013,0.4437194127243067,1.0,1.0,13/25,28.56%,MYMX;IGF1;CACNA1H;NOS1;ADAMTS15;DOCK2;PLD3;SORT1;MYEF2;ADAMTS5;KCNH1;ITGB1;DOCK1
TDRP,GO_Biological_Process_2023,prerank,"Regulation Of Synaptic Transmission, GABAergic (GO:0032228)",0.4994872331134933,1.0306982376074307,0.4108527131782946,1.0,1.0,6/16,19.32%,BAIAP3;ZDHHC12;USP46;NLGN2;ZDHHC3;SLC38A1
TDRP,GO_Biological_Process_2023,prerank,Histone Lysine Methylation (GO:0034968),0.43573600301736676,1.0298153152887037,0.38498789346246975,1.0,1.0,9/32,11.15%,MLLT10;CXXC1;KMT2A;SETD1B;SETDB1;DPY30;WDR5;BOD1;EHMT2
TDRP,GO_Biological_Process_2023,prerank,Nucleus Organization (GO:0006997),-0.4368203386632913,-1.029689766272418,0.39717425431711145,1.0,1.0,18/44,23.23%,PRM2;CHMP6;REEP4;CHMP3;CHMP1B;CHMP7;LMNB1;VPS4A;CHMP4C;DMPK;NUMA1;CHMP4A;NUP155;VPS4B;PDCD6IP;CHMP2A;WDR73;NUP54
TDRP,GO_Biological_Process_2023,prerank,Regulation Of Oligodendrocyte Differentiation (GO:0048713),-0.5219012674523958,-1.0296655606592418,0.4368932038834951,1.0,1.0,8/18,19.62%,SLC45A3;NOTCH1;DRD3;IL34;PTN;TNFRSF1B;DAAM2;TNFRSF21
TDRP,GO_Biological_Process_2023,prerank,Canonical Wnt Signaling Pathway (GO:0060070),-0.4131387175141079,-1.0290273085357768,0.4094955489614243,1.0,1.0,24/64,23.35%,WNT3;FZD9;WNT3A;WNT5A;WNT2B;GATA3;FZD1;WNT9B;LRRK2;FZD3;RYK;SFRP4;PTEN;FRAT1;FRZB;WNT9A;TCF7L2;BCL9L;DVL2;PPP1CA;SFRP1;WNT4;NID1;LEF1
TDRP,GO_Biological_Process_2023,prerank,Positive Regulation Of Multicellular Organismal Process (GO:0051240),-0.34207400944719324,-1.0282762413125968,0.38004750593824227,1.0,1.0,108/386,23.35%,FGF21;PAX2;HLA-G;STAT6;BMPR2;PLEKHM1;KAT2A;GCNT2;G0S2;GHRH;ELOVL3;CACNG1;WNT5A;ETV4;NFAM1;TIAM1;PRDM16;HTR2B;RGCC;GPR3;TGFBR2;ING2;ZBTB16;RBBP7;STRA6;S100A13;ZBTB7B;GJA1;SAP30;SMARCE1;IL18;CPT2;NMB;BTN3A1;INPP5K;DAB2;GLIPR2;SYDE1;SOX8;LRP1;CEBPB;OXT;SMARCA2;IL1A;FH;PRKCA;TERT;ZNF703;BMP2;TLE6;ADRB2;PTGER4;ABCA7;SNAI1;DYNC1H1;ENO1;AMH;SIX1;GHR;MUC1;IRF4;SERPINE1;PDGFC;PTN;IGF1R;FST;SINHCAF;PPARGC1B;LHX1;AXIN2;CACNB1;GLMN;CMKLR1;NUMA1;JAK2;OXTR;FGF2;MACROH2A1;DIO2;NR2C2;ACHE;PPARGC1A;PTPN11;ZNF516;TNFRSF11A;PHF10;LURAP1;F2RL1;BCL9L;NCOA3;TGFBR1;TET1;AGPAT2;MTOR;GAS6;NIBAN2;GHRHR;BCL7C;PLA2R1;TXK;BSCL2;ALPL;EHMT1;ELOVL6;KDM3A;GRB10;SOD1;LEF1
TDRP,GO_Biological_Process_2023,prerank,Regulation Of Monocyte Chemotaxis (GO:0090025),0.4530796949180333,1.0282514809471173,0.38765432098765434,1.0,1.0,5/25,8.98%,CCN3;HMGB1;CXCL17;ANO6;CREB3
TDRP,GO_Biological_Process_2023,prerank,Regulation Of Activin Receptor Signaling Pathway (GO:0032925),0.5174340672341109,1.0281762621473407,0.41012658227848103,1.0,1.0,6/15,14.34%,SMAD7;CER1;FKBP1A;CSNK2B;MAGI2;FSTL3
TDRP,GO_Biological_Process_2023,prerank,Negative Regulation Of Ossification (GO:0030279),-0.4817196570922721,-1.0278181510192996,0.41774193548387095,1.0,1.0,7/24,22.38%,SMAD6;SRGN;CHSY1;NOTCH1;RBPJ;LRP4;SFRP1
TDRP,GO_Biological_Process_2023,prerank,Positive Regulation Of Ion Transmembrane Transporter Activity (GO:0032414),-0.45718848626505604,-1.0272715042864882,0.4140625,1.0,1.0,16/33,25.41%,NOL3;CTSS;SHANK3;TCAF1;EDNRA;ATP1B3;ADRB2;RELN;PIRT;AKAP9;ACTN2;STAC;DMD;TRPC6;ATP1B1;ATP1B2
TDRP,GO_Biological_Process_2023,prerank,Establishment Or Maintenance Of Epithelial Cell Apical/Basal Polarity (GO:0045197),0.40373374072537804,1.0271338250027855,0.37270341207349084,1.0,1.0,11/39,9.84%,ERBIN;DLG5;LIN7A;SCRIB;MSN;DLG1;PRKCI;RAP2A;RHOA;MTCL1;SH3BP1
TDRP,GO_Biological_Process_2023,prerank,Regulation Of Spindle Organization (GO:0090224),-0.5007251683177655,-1.0270064841552289,0.4113821138211382,1.0,1.0,9/20,21.79%,STIL;RNF4;DYNC1H1;NUMA1;FSD1;NUP62;RAE1;CLTC;GPSM2
TDRP,GO_Biological_Process_2023,prerank,Natural Killer Cell Mediated Immunity (GO:0002228),-0.4836798387929196,-1.0267472534562767,0.423728813559322,1.0,1.0,3/22,6.48%,RAET1E;KLRK1;CEBPG
TDRP,GO_Biological_Process_2023,prerank,Regulation Of Transmembrane Transport (GO:0034762),0.4318380056924692,1.0266600562091421,0.3907103825136612,1.0,1.0,8/32,15.09%,KCNJ5;SCN10A;KCNJ9;ACTB;OCLN;KCNJ3;KCNJ10;KCNJ12
TDRP,GO_Biological_Process_2023,prerank,Regulation Of Synapse Organization (GO:0050807),-0.4827722989648055,-1.0265612649879032,0.4292682926829268,1.0,1.0,11/25,21.92%,WNT3A;WNT5A;SETD5;MDGA1;TANC1;KLK8;EPHA4;CTTNBP2;PDLIM5;CDKL5;ARHGAP22
TDRP,GO_Biological_Process_2023,prerank,Cellular Respiration (GO:0045333),0.3610584360125266,1.0265584832993027,0.3651315789473684,1.0,1.0,45/84,24.62%,NDUFC2;NDUFB2;ETFA;NDUFAB1;NDUFA6;NDUFA3;COX7B;SLC25A14;ETFRF1;COX6B1;NDUFS5;COX4I1;NDUFA12;CYC1;NDUFA1;NDUFS7;ETFB;BLOC1S1;NDUFA10;NDUFB5;CYCS;SURF1;LYRM7;MDH2;MTFR2;NDUFS6;NDUFB1;SIRT3;COX6A1;NDUFS3;NDUFA9;UQCRQ;UQCRC2;NDUFS4;SDHA;ETFDH;NDUFV2;NDUFS8;SDHC;UQCRH;NDUFB3;NDUFA13;NDUFA4;NDUFA11;NDUFA8
TDRP,GO_Biological_Process_2023,prerank,Positive Regulation Of Lymphocyte Proliferation (GO:0050671),-0.40377074236572447,-1.0262896373378507,0.4178885630498534,1.0,1.0,20/73,19.86%,IL23R;CD40;HLA-E;CD274;CD276;NCK2;IL18;CD74;ZNF335;IL7;TNFRSF13C;PNP;AMH;CD38;IL6ST;CD70;JAK2;TIRAP;SLC7A1;NFATC2
TDRP,GO_Biological_Process_2023,prerank,Neuron Projection Morphogenesis (GO:0048812),-0.37028208117888156,-1.0254835212790339,0.39946018893387314,1.0,1.0,62/146,26.55%,NOL3;PAX2;TAOK3;SHANK3;CDK5;PARD6B;APP;CCK;POU4F1;SPACDR;MAP4K4;LRP2;MAP6;DNM2;ADGRB1;DIP2A;ZNF335;SPAG6;FLRT3;LRRK2;ALS2;RAB8A;MINK1;KLK8;ARHGAP35;FARP1;SPTBN4;RYK;EPHA4;RAB10;TNIK;SDC2;NEFH;PAK3;EPB41L3;PTEN;MAP1A;BTBD3;DOCK7;LLGL1;TMEM106B;BRSK2;SHANK1;DOCK10;PLXNB1;LRP4;ATL1;AFG3L2;NLGN1;BDNF;CNTNAP1;APLP1;UBB;PARD3;MAP1S;NCKAP1;KLF7;DICER1;SLC9A6;FGFR2;ROCK1;EPHB1
TDRP,GO_Biological_Process_2023,prerank,Retina Homeostasis (GO:0001895),0.41170812092238823,1.0254538792203352,0.38268156424581007,1.0,1.0,3/37,5.77%,CST4;AZGP1;TULP1
TDRP,GO_Biological_Process_2023,prerank,Mesenchyme Development (GO:0060485),-0.5284843611337792,-1.02542689520002,0.4251592356687898,1.0,1.0,7/17,29.36%,BMPR2;PKD2;TGFBR1;BMP4;FGFR2;HMGA2;ZFP64
TDRP,GO_Biological_Process_2023,prerank,Carboxylic Acid Transmembrane Transport (GO:1905039),0.410481015056212,1.0253171130464744,0.3700564971751412,1.0,1.0,10/39,14.25%,SLC7A10;SLC7A9;SLC38A8;SLC6A8;SLC27A1;SLC38A6;SLC16A3;SLC16A9;SLC36A4;ABCC1
TDRP,GO_Biological_Process_2023,prerank,Regulation Of Immunoglobulin Production (GO:0002637),0.44574732871416495,1.0249719731443119,0.3877005347593583,1.0,1.0,7/27,13.92%,CLCF1;PHB1;SUPT6H;TNFSF4;VAMP3;CD86;DNAJB9
TDRP,GO_Biological_Process_2023,prerank,Maturation Of LSU-rRNA (GO:0000470),0.47774675875462375,1.024630739885668,0.37055837563451777,1.0,1.0,9/20,17.31%,DDX18;ZNHIT3;ZNHIT6;MAK16;WDR12;NIFK;NOP2;PES1;URB1
TDRP,GO_Biological_Process_2023,prerank,Regulation Of Behavior (GO:0050795),-0.5035329890722452,-1.0242599333492464,0.42333333333333334,1.0,1.0,9/19,25.37%,HTR2B;STRA6;RELN;GNB3;GPR171;ZFHX3;MTOR;MBD5;STAT3
TDRP,GO_Biological_Process_2023,prerank,Regulation Of Intracellular Signal Transduction (GO:1902531),-0.3455504582235686,-1.0239137279566655,0.37714987714987713,1.0,1.0,122/297,25.18%,SETD9;ITFG2;AKAP5;AGER;ARHGAP18;PLEKHG1;TAOK3;WNT5A;WDR54;DOCK8;GRAP2;PAK6;TIAM1;SEZ6;LBH;SUMO4;ARHGAP28;USP7;MAP4K4;LIME1;RHOD;VRK2;MAPT;NTRK1;NTRK2;ARHGEF28;LYN;SQSTM1;RCAN3;OVOL2;PLK3;PAK1IP1;SPRED1;ARHGEF4;UBE2N;LRRK2;GMIP;FAM13B;PRDM11;FAM13A;TRAF5;AKAP13;MINK1;RAPGEF3;RNF34;ARHGAP35;FAM83D;ITGAV;JPT2;PTPN13;SEZ6L;ANKRD54;DOCK2;TRAF4;ARHGEF15;SLA;GPAT3;SPATA13;CMKLR1;TNIK;NLRP12;PIP5K1B;NEK8;TRAF6;ULK4;STARD13;ARHGAP9;PIDD1;PAK3;PTEN;CHEK2;SWAP70;UFL1;FGD5;ARHGEF11;FGD4;DYRK2;ARHGAP11A;F2RL1;PJA2;ARHGAP8;ARHGAP27;FGD1;PIP4P1;TAF1;MTOR;PRKD2;URB2;PREX1;CD24;PYCARD;DOCK3;ARHGAP5;ARHGAP32;MYO9A;PEX5L;ARHGAP22;MAPKAPK5;SYDE2;ARHGAP1;ARHGEF2;KDR;GPR143;ATM;AKAP7;NLGN1;NGEF;ARHGEF9;GBA1;ARHGAP29;ARHGEF19;ARHGAP26;MCF2;NOP53;AKAP6;RGN;MAP2K6;RALBP1;OBSCN;PAK4;DNMBP;PLCG2
TDRP,GO_Biological_Process_2023,prerank,DNA-templated DNA Replication Maintenance Of Fidelity (GO:0045005),0.40513310789838824,1.0238971759652928,0.398876404494382,1.0,1.0,13/43,16.91%,KHDC3L;OOEP;MCM9;ASF1A;DDX11;ZRANB3;GEN1;PCNA;CAMSAP3;EME2;RAD51;CDK9;FAM111A
TDRP,GO_Biological_Process_2023,prerank,Regulation Of Inflammatory Response (GO:0050727),-0.35268509101959006,-1.0231696341379184,0.40648379052369077,1.0,1.0,66/236,20.00%,NLRP8;AGER;PROC;SIRPA;NR1H4;LPCAT3;WNT5A;TRADD;APP;KLF4;SPHK1;PTGES;IRGM;AOAH;IL22RA1;XCL1;NLRP1;GATA3;PLA2G2A;IFI35;IL18;NLRP2;NLRP14;NAIP;VAMP2;XIAP;LETMD1;CX3CL1;MVK;PTGER4;NOD2;CEBPA;TNFAIP6;NLRC3;CD47;SERPINE1;ELF4;GPSM3;NLRP7;TYRO3;ALOX5;MGLL;DNASE1;JAK2;SEMA7A;FXR1;CELF1;NLRP12;TNFRSF1B;OTULIN;GRN;FNDC4;PIK3AP1;MMP9;MGST2;ADAMTS12;DAGLB;AREL1;PTPN2;UFL1;DAGLA;FEM1A;LRFN5;IGF2BP1;SHARPIN;BRD4
TDRP,GO_Biological_Process_2023,prerank,Anterograde Axonal Transport (GO:0008089),-0.4446556461128134,-1.0225595381603125,0.4086181277860327,1.0,1.0,18/39,25.80%,MGARP;SPAST;RAB27B;TRAK2;KIF3B;KIF1B;AP3D1;KIF5A;MAP1A;AP3B2;ARL8B;SNAPIN;BLOC1S4;SOD1;AP3S2;KIF1A;BLOC1S5;BLOC1S2
TDRP,GO_Biological_Process_2023,prerank,Positive Regulation Of Actin Filament Polymerization (GO:0030838),0.3987261104557884,1.022344023441143,0.3575268817204301,1.0,1.0,6/40,7.30%,CCL24;CDC42EP2;LMOD1;PTK2B;FCHSD2;BIN1
TDRP,GO_Biological_Process_2023,prerank,Positive Regulation Of Protein-Containing Complex Assembly (GO:0031334),0.35375168526817774,1.0216154731855145,0.3553459119496855,1.0,1.0,30/98,18.65%,TPPP2;TTBK1;STMP1;HRK;USP50;PARK7;CDC42EP2;TERF1;MED9;GNL3L;TCL1A;BID;DDX3X;ISG15;PIEZO1;TRABD2B;BTK;RHOC;NRG1;WARS1;SLF1;FERMT1;PPP2CA;CAPG;FAF1;TFRC;BMF;FNIP2;RASIP1;RPS3
TDRP,GO_Biological_Process_2023,prerank,Synapse Organization (GO:0050808),-0.3752113821899556,-1.0216118845464572,0.41562064156206413,1.0,1.0,59/131,26.47%,PPFIA4;DOK7;PCDHB13;PCDHB9;SHANK3;CDK5;PCDHB14;APP;POU4F1;PCDHB4;MAPT;CAST;FLRT3;LRRK2;CX3CL1;CACNB3;SPOCK2;KIRREL3;UNC13B;MYOT;FARP1;APPL1;RYK;CACNB1;HMCN2;C5AR1;PPFIBP1;APBB2;SEMA3E;PAK3;PTEN;ADGRL3;GPHN;LRFN5;PPFIA1;SNCG;ZDHHC2;PTPRD;SNCB;RAB29;CHRNA7;CYFIP1;LRP4;SDK2;NLGN1;PPFIBP2;CACNB2;CDH2;CNTN2;PSEN1;SHANK2;BDNF;PTPRF;LRRC4C;ZC4H2;NEDD4;CDH1;SNCA;PLXND1
TDRP,GO_Biological_Process_2023,prerank,Positive Regulation Of Hormone Secretion (GO:0046887),-0.5138299832573403,-1.021342220834659,0.4426751592356688,1.0,1.0,4/19,20.15%,HFE;NMB;SNX4;TFR2
TDRP,GO_Biological_Process_2023,prerank,Regulation Of Multicellular Organismal Development (GO:2000026),-0.4141770982549607,-1.0207395471951601,0.41139240506329117,1.0,1.0,21/59,24.72%,KAT2A;GBX1;HPSE;GATA3;INSR;CCSAP;TDG;INO80;INO80E;PTN;TRIP12;KAT6B;BRD1;INO80D;YY1;NFRKB;CD24;EHMT1;YEATS2;DUSP6;SCX
TDRP,GO_Biological_Process_2023,prerank,Digestive Tract Development (GO:0048565),-0.4431207312836982,-1.020514499661507,0.43729903536977494,1.0,1.0,17/39,27.73%,CCDC103;STRA6;PKD1;DNAAF1;RARB;PKDCC;GLI3;PCSK5;COBL;MEGF8;RARRES2;ZIC3;CCDC39;CHD8;FGFR2;TGFB2;KIT
TDRP,GO_Biological_Process_2023,prerank,Positive Regulation Of Response To Biotic Stimulus (GO:0002833),-0.4317766091347395,-1.0204506727397058,0.4231974921630094,1.0,1.0,15/41,23.38%,SH2D1B;IFNK;LY96;TRIM56;IFI35;PRKCA;PLSCR1;POLR3C;SCIMP;TIRAP;GRN;POLR3G;POLR3B;RNF185;MYO1C
TDRP,GO_Biological_Process_2023,prerank,Positive Regulation Of Signaling Receptor Activity (GO:2000273),-0.45340707879388314,-1.02039256579356,0.4277016742770167,1.0,1.0,15/36,25.10%,AREG;NOL3;HFE;SHANK3;ADRB2;ADRA2B;RELN;JAK2;NCOA3;TAF1;HBEGF;TGFA;BUD31;ADRA2C;FBXW7
TDRP,GO_Biological_Process_2023,prerank,Cellular Response To Virus (GO:0098586),0.387042499169511,1.0199998908194645,0.35714285714285715,1.0,1.0,9/56,10.35%,IFNL4;RRP1B;IFNGR1;IFIH1;TYK2;GBF1;HIF1A;FMR1;DDX3X
TDRP,GO_Biological_Process_2023,prerank,Positive Regulation Of Fat Cell Differentiation (GO:0045600),-0.4217408042663732,-1.019932526584988,0.413075780089153,1.0,1.0,17/50,19.62%,ADIRF;MEDAG;ZBTB16;ZBTB7B;FNDC5;ID2;ZC3H12A;CEBPB;ZFP36;BMP2;SIX1;TFE3;CREBL2;CMKLR1;FRZB;RARRES2;NOCT
TDRP,GO_Biological_Process_2023,prerank,Negative Regulation Of Protein Kinase Activity (GO:0006469),-0.3952106337675411,-1.0198266908006168,0.4283646888567294,1.0,1.0,25/88,21.31%,LILRB4;DUSP19;SRCIN1;SFN;TRIB3;PPM1F;PPM1E;PYDC1;INPP5K;SPRED1;CDKN1A;CHP1;TSC2;DUSP10;CDK5RAP3;PTPRB;DUSP3;MACROH2A1;PTPRT;GADD45A;TRIB2;PRKAG2;PYCARD;UBASH3B;QARS1
TDRP,GO_Biological_Process_2023,prerank,Positive Regulation Of Interleukin-4 Production (GO:0032753),-0.5219554766988451,-1.0195150266949777,0.42567567567567566,1.0,1.0,6/17,21.00%,HLA-E;GATA3;CEBPB;IRF4;HAVCR2;SLC7A5
TDRP,GO_Biological_Process_2023,prerank,Substrate Adhesion-Dependent Cell Spreading (GO:0034446),-0.4470268511543532,-1.0195126375038535,0.4294573643410853,1.0,1.0,11/36,15.97%,SRCIN1;MICALL2;LPXN;ITGA8;EFNA1;PARVB;RADIL;PARVG;ITGAV;TYRO3;LAMB1
TDRP,GO_Biological_Process_2023,prerank,Apoptotic Process (GO:0006915),-0.35160059521338327,-1.0191562917864536,0.39768339768339767,1.0,1.0,72/226,21.86%,AIFM2;ITGB2;LIG4;IFT57;CDK5;CASP9;GDF6;PAK6;TRADD;APP;ZNF443;CASP8;IFIT2;PDCD1;TGFBR2;TNFRSF10B;ZBTB16;NLRP1;PAX3;ESPL1;PLK3;PAWR;PDCD2L;PPP2R1A;BCL2L1;IL1A;EMP1;IFI6;BAX;TSC2;AIFM1;TP63;ATN1;BRAT1;PLSCR1;PIK3CA;DMPK;JAK2;FXR1;NGFR;IAPP;BAK1;NOTCH2;IER3;SCN2A;CSRNP1;PIDD1;CDK11A;SEPTIN4;JADE1;RIPK2;TNFSF12;DAPK1;RNF152;EFNA5;FAS;THOC1;PLSCR3;PLAGL1;GADD45A;TNFRSF21;BCL2L13;DDIT4;CYFIP2;DPF1;MTOR;TRAIP;PYCARD;BOK;ADORA2A;CFLAR;MAGI3
TDRP,GO_Biological_Process_2023,prerank,Positive Regulation Of Nervous System Process (GO:0031646),-0.5089792788657359,-1.0184145499997583,0.42833876221498374,1.0,1.0,6/18,19.82%,MYRF;TPPP;NCMAP;UNC13B;TNFRSF1B;RIMS2
TDRP,GO_Biological_Process_2023,prerank,Positive Regulation Of Immune Effector Process (GO:0002699),-0.4433953421409156,-1.0183360203282192,0.4094488188976378,1.0,1.0,5/37,11.06%,DHX58;IL23R;CFP;HLA-DRB1;FCN3
TDRP,GO_Biological_Process_2023,prerank,Protein Tetramerization (GO:0051262),-0.39908024404192105,-1.0177777331310016,0.4411764705882353,1.0,1.0,36/73,26.60%,AQP5;CRYZ;GOLGA2;HLA-DRB1;GRIN2B;PKD1;KCNC1;ACOT13;OSBPL2;GRIN1;PKD2;CTH;AQP4;TRPA1;KRT10;SOD2;GNMT;SHMT1;ME1;ALDH9A1;THG1L;ALDH1A3;CUTC;RYR3;HOMER1;CPSF6;KIF25;KCNJ2;CPSF7;OXA1L;RYR1;MCOLN1;HCN1;SNCA;FKRP;HSD17B10
TDRP,GO_Biological_Process_2023,prerank,Mitotic Sister Chromatid Segregation (GO:0000070),-0.38010817611830183,-1.0175341479613405,0.4109396914446003,1.0,1.0,45/111,23.21%,CHMP6;GOLGA2;NCAPH;DLGAP5;ESPL1;CHMP3;DCTN2;PIBF1;KIF3B;LSM14A;INO80;CDC23;OFD1;CHMP1B;CHMP7;ANKRD53;EML4;SPAG5;VPS4A;CHMP4C;SMC1A;WAPL;SMC3;TUBG1;STAG2;NUP62;CHEK2;KIF2A;KIF14;DSN1;CENPI;DIS3L2;CHMP4A;MZT1;NCAPG;KIF18B;KNSTRN;NCAPH2;CLASP1;KIF25;ZNF207;VPS4B;PRC1;PDCD6IP;CHMP2A
TDRP,GO_Biological_Process_2023,prerank,Positive Regulation Of Transport (GO:0051050),-0.4254975730617475,-1.0166664659167433,0.4406779661016949,1.0,1.0,19/50,21.18%,SYNGR3;SCIN;RXRA;CALY;SMPD1;INPP5K;DAB2;LRP1;CEBPB;HIP1R;CHP1;DYNC1H1;SPAG5;DLL1;NUMA1;BAK1;TFR2;GSK3A;BOK
TDRP,GO_Biological_Process_2023,prerank,Regulation Of Cyclin-Dependent Protein Serine/Threonine Kinase Activity (GO:0000079),-0.39436507115232655,-1.0160515193849107,0.4171511627906977,1.0,1.0,40/79,27.61%,CDKN3;RGCC;CDKN2A;PKD1;ADAM17;CCNJ;CCNE2;CCNB3;MAPRE3;PROX1;HHEX;PKD2;CCNA1;CCNE1;CDKN1A;SERTAD1;CDKN2D;CEBPA;INCA1;CDK5RAP3;CNPPD1;PTEN;GTF2H1;GADD45A;CDK5RAP1;HEXIM2;CDK5R1;LATS2;CCND1;CDKN1B;MEN1;LATS1;PDGFB;CDC6;TFAP4;GTPBP4;CCNF;IPO7;CDC25C;CCND2
TDRP,GO_Biological_Process_2023,prerank,Regulation Of Cardiac Muscle Hypertrophy (GO:0010611),-0.49019517162551496,-1.0159027950155604,0.45395799676898224,1.0,1.0,10/23,26.53%,MLIP;IGF1;NOTCH1;PRKCA;IL6ST;P2RX4;ROCK2;RGS2;PARP1;ROCK1
TDRP,GO_Biological_Process_2023,prerank,N-glycan Processing (GO:0006491),-0.5029814117423973,-1.0155250209670617,0.4446227929373997,1.0,1.0,9/19,19.43%,ST8SIA6;MAN2A1;MAN1A1;ST8SIA4;MAN1C1;GNPTAB;GNPTG;MGAT4B;MAN1A2
TDRP,GO_Biological_Process_2023,prerank,Negative Regulation Of Anoikis (GO:2000811),-0.5261691875013726,-1.0155171776711864,0.440536013400335,1.0,1.0,7/16,28.14%,NOTCH1;SNAI2;PIK3CA;PTRH2;SRC;TLE1;ITGB1
TDRP,GO_Biological_Process_2023,prerank,Nuclear Membrane Reassembly (GO:0031468),-0.48862964220633315,-1.0151851179185902,0.42487883683360256,1.0,1.0,14/23,24.46%,CHMP6;NSFL1C;SPAST;REEP4;CHMP3;CHMP1B;CHMP7;VPS4A;CHMP4C;CHMP4A;VPS4B;UBXN2B;CHMP2A;CHMP2B
TDRP,GO_Biological_Process_2023,prerank,Autophagosome Maturation (GO:0097352),-0.42641355996731517,-1.0147923992946501,0.4514705882352941,1.0,1.0,20/44,24.62%,CHMP6;EPG5;IRGM;UBQLN1;CHMP3;VIPAS39;CHMP1B;CHMP7;VPS4A;CHMP4C;VPS33A;PIK3R4;UVRAG;CHMP4A;VCP;MAP1LC3B;VPS4B;CHMP2A;CHMP2B;BECN1
TDRP,GO_Biological_Process_2023,prerank,"Mitochondrial Electron Transport, NADH To Ubiquinone (GO:0006120)",0.41469826192778025,1.014706097214958,0.39779005524861877,1.0,1.0,15/34,20.96%,NDUFC2;NDUFB2;NDUFAB1;NDUFA6;NDUFA3;NDUFS5;NDUFS7;NDUFA10;NDUFAF1;NDUFB5;NDUFS6;NDUFB1;NDUFS3;NDUFA9;NDUFS4
TDRP,GO_Biological_Process_2023,prerank,Negative Regulation Of Defense Response (GO:0031348),-0.3822935581153257,-1.014621713198295,0.4202279202279202,1.0,1.0,43/111,26.40%,DHX58;PROC;SIRPA;NR1H4;LPCAT3;DTX4;KLF4;IRGM;AOAH;IL22RA1;GATA3;TRIM21;MVK;PTGER4;PPM1B;TNFAIP6;NLRC3;ELF4;TYRO3;ALOX5;CEP63;FXR1;NLRP12;OTULIN;FNDC4;PCBP2;PTPN2;FEM1A;LRFN5;SHARPIN;SLC39A8;PTGIS;MYO1C;TRAFD1;GBA1;IRAK3;AHR;STAT3;PARP1;SELENOS;PRKCD;ILRUN;METRNL
TDRP,GO_Biological_Process_2023,prerank,Endodermal Cell Differentiation (GO:0035987),-0.45560675592709043,-1.0142828204059282,0.42701863354037267,1.0,1.0,14/31,27.25%,COL7A1;ITGB2;COL8A1;SETD2;COL4A2;ITGAV;LAMB1;MMP9;RTF1;COL11A1;MMP15;LAMA3;ITGA4;HMGA2
TDRP,GO_Biological_Process_2023,prerank,One-Carbon Compound Transport (GO:0019755),-0.4491796997093065,-1.0129346042789689,0.41533546325878595,1.0,1.0,13/35,21.17%,SLC14A2;AQP5;HBA1;HBZ;SLC26A6;SLC4A9;SLC4A7;SLC14A1;SLC4A4;SLC26A5;SLC4A8;SLC39A8;AQP11
TDRP,GO_Biological_Process_2023,prerank,DNA-templated DNA Replication (GO:0006261),0.37310491027801285,1.01277783541834,0.40625,1.0,1.0,31/69,21.49%,WDR18;RPA4;MGME1;ORC6;RFC1;ORC2;PURA;ORC5;ORC4;RRM1;TEFM;POLG;GINS3;GINS1;GINS2;TWNK;POLD3;MCM3;WRNIP1;POLDIP2;NOC3L;RAD51;HMGA1;GINS4;SSBP1;MCMBP;PRIM1;RRM2B;TOPBP1;RFC3;POLB
TDRP,GO_Biological_Process_2023,prerank,Vesicle-Mediated Transport To The Plasma Membrane (GO:0098876),-0.39213612762287275,-1.0120625108192303,0.42857142857142855,1.0,1.0,40/81,26.66%,PTPN23;MICALL2;EXOC8;SEC16A;EXOC6B;WIPF3;VPS52;EXOC5;SNX4;MICALL1;VPS35L;RAB10;EHD3;DENND1B;ANKRD50;SNX12;VAMP4;EHD2;WASHC2C;GGA3;LLGL1;GGA1;RAB11FIP3;WASH2P;STX16;LMTK2;STX6;EIPR1;VPS53;VPS26A;COMMD1;RAB11FIP4;DENND1C;WASHC1;EHD4;SNX17;GGA2;EPS15;RAB14;SNX27
TDRP,GO_Biological_Process_2023,prerank,Regulation Of Extrinsic Apoptotic Signaling Pathway Via Death Domain Receptors (GO:1902041),0.4227174443997037,1.0120016677610018,0.43243243243243246,1.0,1.0,8/31,12.54%,BMP5;FAIM2;TNFAIP3;NOS3;ETFA;BRCA1;DDX3X;PMAIP1
TDRP,GO_Biological_Process_2023,prerank,Response To Amino Acid (GO:0043200),0.42983049711990023,1.0118936167967059,0.4025641025641026,1.0,1.0,14/30,19.36%,RRAGB;RPTOR;TMBIM6;CPEB1;GLRA2;MEAK7;LAMTOR5;LAMTOR1;NEURL1;IPO5;RRAGC;NSMF;SH3BP4;SLC38A9
TDRP,GO_Biological_Process_2023,prerank,Postsynaptic Membrane Organization (GO:0001941),0.48681026787663695,1.0114011507824374,0.44415584415584414,1.0,1.0,6/17,9.82%,LHFPL4;LRRC4;NLGN4X;NLGN3;DNAJA3;NRXN2
TDRP,GO_Biological_Process_2023,prerank,Cardiac Muscle Contraction (GO:0060048),0.421580509654267,1.0112105842462775,0.4098360655737705,1.0,1.0,6/33,12.58%,MYL4;SCN2B;TNNC1;GRK2;SCN1B;KCNQ1
TDRP,GO_Biological_Process_2023,prerank,Negative Regulation Of Telomere Maintenance Via Telomere Lengthening (GO:1904357),0.46163026833596227,1.0111311615153915,0.4363143631436314,1.0,1.0,8/25,14.24%,SLX1A;SLX4;TERF1;GNL3L;TINF2;PIF1;POT1;CTC1
TDRP,GO_Biological_Process_2023,prerank,Negative Regulation Of Insulin Receptor Signaling Pathway (GO:0046627),-0.47277102192320114,-1.0108386663568858,0.4276315789473684,1.0,1.0,15/26,29.02%,TNS2;GRB14;INPP5K;RPS6KB1;TSC2;PRKCB;PID1;PTPN2;KANK1;GSK3A;GRB10;PRKCD;PTPN1;PIP4K2B;PIP4K2C
TDRP,GO_Biological_Process_2023,prerank,Chromatin Organization (GO:0006325),-0.34587285133290213,-1.0102356291153909,0.4224464060529634,1.0,1.0,118/265,27.78%,NPM2;BRDT;PADI2;KAT2A;EZHIP;H2BC13;CDAN1;H2BC3;MOS;CHD3;ARID2;ESR1;TOP1;RBBP7;FOXP3;HAT1;HCFC2;SMARCE1;NAP1L2;PHF1;WAC;CHAF1A;CHAF1B;HDAC4;SMARCA2;INO80;HMG20A;CBX3;YEATS4;BAZ2A;HNRNPC;EZH1;SATB2;VCX;ZNF274;INO80E;CABIN1;SATB1;KDM5B;LRWD1;NAP1L4;ING4;MTA2;KAT6B;MACROH2A1;SMARCC2;HDGF;NPM3;CHD4;KDM4D;HDAC11;SETD7;SMARCAD1;HDAC5;UBN1;HDAC10;TADA2B;GRWD1;PHF10;CHD6;INO80D;PIH1D1;YY1;DPF1;PWWP2B;ATRX;NAP1L1;SUV39H1;TET1;NFRKB;RSF1;KDM2B;BCL7C;BMI1;PAXIP1;DDX21;H2BC17;EHMT1;IWS1;SMARCD2;DEK;JARID2;SKP1;HMGN2;HCFC1;YEATS2;SFPQ;TAF6L;ACTL6B;CTCF;L3MBTL1;PER2;H2BC9;MYBBP1A;CHD8;PCGF1;PSIP1;H2BC8;BRD9;GATAD2B;MTF2;CFDP1;NAA60;KDM5A;NAP1L3;POLE3;KDM4B;MIER1;ASF1B;SMARCD1;HMGA2;KDM4A;ANP32B;BAZ2B;BICRAL;BAZ1B;CHEK1;ZBTB1
TDRP,GO_Biological_Process_2023,prerank,Negative Regulation Of Translation (GO:0017148),-0.3802111596520275,-1.0095759033194331,0.43304843304843305,1.0,1.0,49/106,26.53%,LARP1;ILF3;PATL2;CPEB2;ENC1;NANOS3;GIGYF2;TYMS;EIF4EBP1;ZAR1L;PAIP2;RNF139;PCIF1;ZFP36;LSM14A;YTHDF3;TRIM3;RBM24;EIF4E2;TIA1;TNRC6B;DDX6;CPEB4;EPHA4;FXR1;CELF1;SHMT1;CNOT9;EIF2AK3;EIF4EBP3;DAPK1;EIF4EBP2;IGF2BP1;MALSU1;SERBP1;ROCK2;YTHDF2;CSNK2A1;TNRC6C;BTG2;ZNF540;CPEB3;RBM4;IGFBP5;NCL;CNOT1;LIN28A;IGF2BP2;ROCK1
TDRP,GO_Biological_Process_2023,prerank,Gonad Development (GO:0008406),-0.4164430779001983,-1.0095451801251722,0.4220472440944882,1.0,1.0,10/52,11.89%,LHCGR;WNT5A;FGF9;WNT2B;GATA3;LRP2;FGF8;SOX8;ADAM29;AKR1C3
TDRP,GO_Biological_Process_2023,prerank,Protein Localization To Lysosome (GO:0061462),0.40779929888331223,1.009366018909668,0.42507645259938837,1.0,1.0,17/40,19.33%,SZT2;RTN4;NCOA4;CACNG7;SORL1;CACNG5;GLMP;LAMTOR5;NAGPA;LMBRD1;AP3M1;PIK3C3;SCARB2;CACNG4;SH3BP4;RNF128;GCC2
TDRP,GO_Biological_Process_2023,prerank,Negative Regulation Of Cold-Induced Thermogenesis (GO:0120163),-0.4294407178687184,-1.0091863472567468,0.43681747269890797,1.0,1.0,15/45,21.11%,LAMA4;DDIT3;ADAM17;ACOT13;PLCL1;NOTCH1;PCTP;ACVR2B;TFE3;PGAM5;IP6K1;DOCK7;RBPJ;ACOT11;ATF4
TDRP,GO_Biological_Process_2023,prerank,Regulation Of Hormone Secretion (GO:0046883),-0.5213387702775172,-1.0089389469576633,0.44936708860759494,1.0,1.0,4/15,15.81%,NMB;VAMP2;IL11;LIF
TDRP,GO_Biological_Process_2023,prerank,Regulation Of Cell Motility (GO:2000145),-0.37198150942194996,-1.008212075710086,0.4366576819407008,1.0,1.0,37/123,22.95%,SRCIN1;FGF21;ARHGAP18;CORT;FGF9;TACSTD2;PARD6B;WAS;FGF4;ROBO4;GATA3;FGF20;FGF8;FBLN1;FES;SPOCK2;MINK1;LDB2;PHPT1;PLXNA2;SPATA13;FGF2;SPOCK3;PKN2;FGF22;RIGI;KIF2A;KIF14;PLXNB2;ROCK2;TMSB10;DOCK10;PLXNB1;AMOTL2;ERBB4;MACF1;CCDC125
TDRP,GO_Biological_Process_2023,prerank,Positive Regulation Of Homotypic Cell-Cell Adhesion (GO:0034112),0.4803127904920675,1.008188360059941,0.43031784841075793,1.0,1.0,5/16,13.01%,PLAUR;GP6;EMILIN2;MFSD2B;EMILIN1
TDRP,GO_Biological_Process_2023,prerank,Alpha-Amino Acid Metabolic Process (GO:1901605),-0.45747833059340703,-1.008038153667911,0.43243243243243246,1.0,1.0,9/29,21.38%,DDAH1;CPS1;RIMKLB;ALDH6A1;GNMT;MTHFR;SRR;MTHFD1;NOX4
TDRP,GO_Biological_Process_2023,prerank,Phosphatidylinositol Biosynthetic Process (GO:0006661),-0.380416070933525,-1.0070139982457837,0.4281567489114659,1.0,1.0,41/97,25.57%,INPP5J;SLA2;ITPKB;PIGV;TPTE2;IP6K2;INPP5K;PGF;PIGZ;MTMR14;PIGB;MTMR2;INPP4A;SOCS7;PIK3CA;PIGA;SMG1;SLC30A5;FGF2;PIP5K1B;MBOAT7;PIGW;PTEN;IP6K1;DPM1;SOCS3;INPP5D;MTMR7;IMPA1;MTMR1;TMEM150A;DPM2;FIG4;SACM1L;PIGG;DPM3;PI4KB;CDS1;PLCG2;PIKFYVE;PGAP4
TDRP,GO_Biological_Process_2023,prerank,Organic Cation Transport (GO:0015695),-0.4527468814859135,-1.006832461230869,0.43478260869565216,1.0,1.0,11/31,21.42%,SLC6A3;SLC44A4;SLC22A4;SLC47A1;SLC6A12;SLC22A16;SLC44A2;SLC25A26;SLC19A3;SLC7A6;SLC18B1
TDRP,GO_Biological_Process_2023,prerank,DNA-templated Transcription Initiation (GO:0006352),-0.4083371411427536,-1.006826265412131,0.4563552833078101,1.0,1.0,28/58,26.03%,TBPL2;TAF13;MED23;NAT14;GTF2F1;TAF1C;GTF2F2;TAF11;PAAF1;POLR2D;TFB2M;PPARGC1A;GTF2E1;POLRMT;TAF1;RSF1;TAF4B;GTF2A2;RRN3;TBP;GTF2B;TAF10;TAF4;E2F3;POLR2G;ERCC3;TAF8;NCOA6
TDRP,GO_Biological_Process_2023,prerank,Positive Regulation Of Microtubule Polymerization (GO:0031116),-0.45743284956560726,-1.0065503847958708,0.4476650563607085,1.0,1.0,11/29,22.16%,GIT1;MAPT;FES;ANKRD53;CKAP5;NAV3;NUMA1;PDE4DIP;CLASP1;CDK5R1;HSPA1B
TDRP,GO_Biological_Process_2023,prerank,Semaphorin-Plexin Signaling Pathway (GO:0071526),-0.4516568603860551,-1.0064090306903466,0.4437299035369775,1.0,1.0,20/34,29.56%,SEMA3G;SEMA6C;SEMA3B;SEMA4A;PLXNA2;SEMA3D;SEMA7A;SEMA3C;SEMA4B;SEMA3E;PLXNB2;PLXNB1;SEMA4F;SEMA4C;PLXND1;SEMA6B;SEMA3A;SEMA6A;RAC1;PLXNA3
TDRP,GO_Biological_Process_2023,prerank,Positive Regulation Of CREB Transcription Factor Activity (GO:0032793),-0.5084377007223823,-1.0061507365721156,0.45286195286195285,1.0,1.0,7/17,20.79%,EPHA5;CRTC2;LRP8;RELN;RPS6KA4;CAMK1D;PRKD2
TDRP,GO_Biological_Process_2023,prerank,Regulation Of Phagocytosis (GO:0050764),0.37536714037099406,1.0058421444894137,0.3834808259587021,1.0,1.0,9/58,8.49%,AHSG;IL15RA;TGM2;SLC11A1;IL2RB;APOA1;TLR2;TULP1;SYT7
TDRP,GO_Biological_Process_2023,prerank,Stabilization Of Membrane Potential (GO:0030322),0.4887924439827622,1.005720252398061,0.4463840399002494,1.0,1.0,4/16,5.60%,KCNK9;KCNK15;KCNK10;KCNK6
TDRP,GO_Biological_Process_2023,prerank,DNA Unwinding Involved In DNA Replication (GO:0006268),0.46928488225709714,1.0056234508782314,0.4401041666666667,1.0,1.0,10/20,18.33%,PURA;GINS3;GINS1;GINS2;TWNK;MCM3;RAD51;HMGA1;GINS4;SSBP1
TDRP,GO_Biological_Process_2023,prerank,Cell-Matrix Adhesion (GO:0007160),-0.3736527976533771,-1.0054884334505372,0.45643153526970953,1.0,1.0,31/109,20.06%,ITGAL;STRC;ITGB2;ITGA8;TIAM1;HPSE;CD44;ITGAE;NPNT;TESK2;PKD1;RHOD;ANGPTL3;ECM2;NID2;ITGA2B;THSD1;ARHGEF7;TIMM10B;PARVG;ITGAV;CD96;ADAMTS9;ZYX;ACTN2;DDR1;ADAMTS12;ITGA3;PPFIA1;THBS3;COL13A1
TDRP,GO_Biological_Process_2023,prerank,Positive Regulation Of Innate Immune Response (GO:0045089),-0.4190480864641474,-1.0049339969883986,0.45054945054945056,1.0,1.0,17/45,23.38%,SH2D1B;IFNK;WNT5A;HLA-E;TRIM56;IFI35;RBM47;PLSCR1;POLR3C;TIRAP;MAVS;IGF2BP1;POLR3G;TRIM41;POLR3B;RNF185;MYO1C
TDRP,GO_Biological_Process_2023,prerank,Positive Regulation Of Cytokine Production (GO:0001819),-0.3379093835477853,-1.00482678784337,0.4397590361445783,1.0,1.0,83/318,22.40%,TMEM106A;DHX58;TRIM15;AGER;HLA-G;IL23R;KAT2A;NR1H4;CD40;TIGIT;TICAM1;WNT5A;HLA-E;NFAM1;TLR5;APP;HPSE;CD274;HTR2B;RGCC;DDIT3;SPHK1;RAB7B;AIF1;CEBPG;XCL1;GATA3;S100A13;CD276;NOS2;ZBTB7B;IL18;CRLF2;CD74;SULF2;BTN3A1;PIBF1;CEBPB;XIAP;LTB;IL7;IL1A;CD226;EBI3;PTGER4;NOD2;PNP;AMH;BTN3A2;IRF4;SERPINE1;APPL1;IL6ST;GLMN;JAK2;HAVCR2;C3;TRAF6;SCIMP;TIRAP;EIF2AK3;GARIN5A;RIGI;RIPK2;MAVS;PTPN11;CYP1B1;CCBE1;DHX33;LURAP1;F2RL1;ROCK2;AGPAT2;PRKD2;SLC7A5;ATF4;PYCARD;MAPK14;PLA2R1;TXK;C5;HSPA1B;ARHGEF2
TDRP,GO_Biological_Process_2023,prerank,Positive Regulation Of Alpha-Beta T Cell Activation (GO:0046635),-0.5056741631383027,-1.0044182280060987,0.4498327759197324,1.0,1.0,6/18,15.77%,IL23R;HLA-E;HLA-DRB1;EBI3;PNP;GLI3
TDRP,GO_Biological_Process_2023,prerank,Epithelial Tube Morphogenesis (GO:0060562),0.4188475753824015,1.0039941534279313,0.4036458333333333,1.0,1.0,7/33,10.76%,ACVRL1;PKHD1;NKX3-1;CSNK2B;SCRIB;MTSS1;GLI2
TDRP,GO_Biological_Process_2023,prerank,Response To BMP (GO:0071772),0.443878745503566,1.0032345833590384,0.42105263157894735,1.0,1.0,4/23,6.33%,ACVRL1;HJV;VSTM2A;BMPR1B
TDRP,GO_Biological_Process_2023,prerank,Positive Regulation Of Oxidoreductase Activity (GO:0051353),0.44985111760031127,1.0030850240364597,0.4370179948586118,1.0,1.0,10/23,22.80%,RFK;PARK7;PPM1J;FXN;ABL2;PDP2;SIRT3;PPM1H;FDX1;PDPR
TDRP,GO_Biological_Process_2023,prerank,Positive Regulation Of Peptidyl-Lysine Acetylation (GO:2000758),-0.5150772560019635,-1.0028004767849374,0.45980707395498394,1.0,1.0,9/17,24.65%,FOXP3;DIP2A;NOS1;PPARGC1A;PRKAA2;DDX21;DIP2B;DEK;MYBBP1A
TDRP,GO_Biological_Process_2023,prerank,Regulation Of Reactive Oxygen Species Metabolic Process (GO:2000377),-0.4131569448875682,-1.0027478222202688,0.4572784810126582,1.0,1.0,28/56,26.87%,PAX2;TGFBR2;BCO2;F2;ZC3H12A;PDGFRB;AKR1C3;CDKN1A;FOXM1;RAC2;ALOX5;DHRS4;PID1;ROMO1;COQ7;GADD45A;CYP1B1;STK17A;PRKN;MAPK14;NOXO1;PDK3;PDGFB;SORD;PIKFYVE;SNCA;THBS1;SLC25A33
TDRP,GO_Biological_Process_2023,prerank,Adenylate Cyclase-Modulating G Protein-Coupled Receptor Signaling Pathway (GO:0007188),-0.3590804189127539,-1.002687189640067,0.4541832669322709,1.0,1.0,43/161,18.58%,ADORA2B;ADGRB2;LHCGR;MCHR1;PTGIR;AKAP5;CNR1;ADGRL4;FPR1;ADCY6;CORT;GHRH;HTR1B;GNAT2;GABBR2;CALCA;MC5R;GPR3;CHRM2;ADM5;GNAZ;ADGRB1;OXER1;VIPR1;ADGRG1;PTGER2;ADRB2;OPRK1;PTGER4;ADM2;ADGRF3;GIPR;CACNA1D;ADGRL1;PF4;IAPP;GLP1R;GNAO1;GPR157;ADGRL3;GPR171;CRHR2;GRM8
TDRP,GO_Biological_Process_2023,prerank,Regulation Of Lymphocyte Activation (GO:0051249),-0.5033991895330298,-1.0024994510997023,0.47088186356073214,1.0,1.0,4/18,22.99%,KAT2A;ORC3;KLRD1;LCK
TDRP,GO_Biological_Process_2023,prerank,Regulation Of Chondrocyte Differentiation (GO:0032330),-0.47894212281510834,-1.0024003889541477,0.4714064914992272,1.0,1.0,9/25,20.38%,GDF6;SCIN;ZBTB16;PKDCC;SNAI2;WNT9A;ADAMTS12;PTPN11;TGFBR1
TDRP,GO_Biological_Process_2023,prerank,Positive Regulation Of Cell Motility (GO:2000147),-0.3472262625814621,-1.0013993504116443,0.4501891551071879,1.0,1.0,57/221,17.72%,F7;TCAF2;NEDD9;GCNT2;CARMIL2;SEMA3G;PPM1F;CXCL12;SEMA6C;TRADD;TIAM1;SEMA3B;VSIR;SPHK1;CEMIP;PDGFD;CLDN4;AIF1;FAM89B;MAP4K4;INSR;HGF;TDGF1;ADAM17;SEMA4A;RHOD;ANGPTL3;IGF1;DAB2;NOTCH1;PDGFRB;PRKCA;ZNF703;BMP2;CCL26;SNAI2;SPOCK2;SNAI1;ELP6;PDGFC;IGF1R;PHPT1;ZNF268;EPHA4;SOD2;SEMA3D;PLAU;LGR6;LAMB1;SEMA7A;SPAG9;SEMA3C;EPHA2;SEMA4B;FAM110C;GRN;SEMA3E
TDRP,GO_Biological_Process_2023,prerank,Positive Regulation Of Epithelial To Mesenchymal Transition (GO:0010718),-0.4198038682010529,-1.001195705673491,0.45537065052950076,1.0,1.0,16/47,20.72%,GCNT2;TIAM1;RGCC;TGFBR2;DAB2;GLIPR2;NOTCH1;ZNF703;BMP2;SNAI1;AXIN2;JAG1;TCF7L2;BCL9L;TGFBR1;MTOR
TDRP,GO_Biological_Process_2023,prerank,Negative Regulation Of Type I Interferon Production (GO:0032480),-0.4317772601644222,-1.0011032512581786,0.4525660964230171,1.0,1.0,11/38,21.14%,XAF1;DHX58;SIRPA;IRGM;RNF216;PPM1B;NLRC3;HAVCR2;PTPN11;YY1;PYCARD
TDRP,GO_Biological_Process_2023,prerank,"Maturation Of 5.8S rRNA From Tricistronic rRNA Transcript (SSU-rRNA, 5.8S rRNA, LSU-rRNA) (GO:0000466)",0.4560961871772924,1.0006221799385713,0.4207650273224044,1.0,1.0,11/21,21.35%,WDR12;EXOSC8;NOP14;PES1;RRS1;UTP20;URB1;EXOSC10;EXOSC9;ERI3;KRI1
TDRP,GO_Biological_Process_2023,prerank,DNA Recombination (GO:0006310),-0.4171041918190412,-1.0004923168578252,0.43962848297213625,1.0,1.0,19/42,25.17%,LIG4;XRCC5;RAG1;RAD51C;RAD50;RAD51B;RMI1;DMC1;ENDOG;ERCC1;HDAC10;XRCC2;TSN;RAD21;RTEL1;XRCC3;THAP9;SUPV3L1;RAD52
TDRP,GO_Biological_Process_2023,prerank,Positive Regulation Of Chemokine Production (GO:0032722),-0.4139952685178601,-1.0003984186681145,0.45037037037037037,1.0,1.0,14/53,23.54%,AGER;OAS3;WNT5A;APP;AIF1;IL18;CD74;IL7;TIRAP;MAVS;F2RL1;PYCARD;C5;TLR3
TDRP,GO_Biological_Process_2023,prerank,Sensory Organ Development (GO:0007423),-0.3929630485400649,-1.000362466697637,0.47763347763347763,1.0,1.0,19/67,22.21%,RS1;CHRDL1;BHLHA15;SMG9;ECE1;ATOH1;GATA3;STRA6;HIPK1;PBX3;PBX4;MYO7A;MEIS2;POLR2D;SALL2;SOX3;SMCHD1;SCO2;FREM2
TDRP,GO_Biological_Process_2023,prerank,Positive Regulation Of Muscle Cell Differentiation (GO:0051149),-0.5176488610973585,-1.0003284312104084,0.4738562091503268,1.0,1.0,8/15,25.94%,LAMB2;OLFM2;LAMB1;MAPK14;NID1;RBM4;LAMA1;MAPK12
TDRP,GO_Biological_Process_2023,prerank,Positive Regulation Of Proteasomal Ubiquitin-Dependent Protein Catabolic Process (GO:0032436),-0.3876593988071718,-1.000014393768865,0.45808383233532934,1.0,1.0,31/83,22.18%,CSNK1A1;CDC20B;TRIB3;RNF144B;RNF19B;UBQLN1;DAB2;PLK3;LRRK2;AXIN1;FZR1;PIAS1;ARIH1;CEBPA;KEAP1;AXIN2;USP5;FBXO22;PRICKLE1;TRIB2;BCAP31;CDC20;TAF1;BAG2;PRKN;GSK3A;RCHY1;UBQLN2;VCP;HSPA1B;RAD23A
TDRP,GO_Biological_Process_2023,prerank,Negative Regulation Of Extrinsic Apoptotic Signaling Pathway In Absence Of Ligand (GO:2001240),-0.4838056323504968,-0.9993397653604832,0.4604200323101777,1.0,1.0,8/22,22.16%,BCL2L1;IL1A;TERT;SNAI2;IFI6;PF4;EYA2;HSPA1B
TDRP,GO_Biological_Process_2023,prerank,Negative Regulation Of Signal Transduction In Absence Of Ligand (GO:1901099),-0.4838056323504968,-0.9993397653604832,0.4604200323101777,1.0,1.0,8/22,22.16%,BCL2L1;IL1A;TERT;SNAI2;IFI6;PF4;EYA2;HSPA1B
TDRP,GO_Biological_Process_2023,prerank,Negative Regulation Of Canonical Wnt Signaling Pathway (GO:0090090),-0.37275125906473666,-0.9993091623811484,0.4652777777777778,1.0,1.0,44/112,26.15%,CSNK1A1;ANKRD6;WNT5A;DDIT3;EMD;AMER2;DAB2;AXIN1;MCC;BMP2;TLE6;SNAI2;NPHP3;TLE4;AXIN2;FRMD8;SFRP4;GLI3;PRICKLE1;JADE1;FRZB;LIMD1;TCF7L2;TPBG;SDHAF2;FUZ;HECW1;UBAC2;PRKN;GSK3A;NKD1;LATS2;MLLT3;LRP4;SFRP1;IGFBP4;LATS1;TMEM88B;CHD8;TLE1;SOX13;ZNRF3;TLE5;RBMS3
TDRP,GO_Biological_Process_2023,prerank,Heart Contraction (GO:0060047),0.40011501036285735,0.9990939224577844,0.45058139534883723,1.0,1.0,9/41,12.58%,MYL4;SCN2B;TNNC1;SGCZ;GRK2;TRDN;RANGRF;SCN1B;KCNQ1
TDRP,GO_Biological_Process_2023,prerank,Nuclear Chromosome Segregation (GO:0098813),-0.5230247172263793,-0.9986857245301831,0.4634146341463415,1.0,1.0,5/16,13.79%,KIF2B;GEM;TOP2A;CENPQ;FAM83D
TDRP,GO_Biological_Process_2023,prerank,Negative Regulation Of Macrophage Activation (GO:0043031),-0.5170125857260233,-0.998371818704895,0.47966101694915253,1.0,1.0,4/15,19.48%,ZC3H12A;CX3CL1;GRN;LRFN5
TDRP,GO_Biological_Process_2023,prerank,Myeloid Leukocyte Differentiation (GO:0002573),-0.3945636494229937,-0.9976458132645025,0.4527736131934033,1.0,1.0,27/70,29.13%,CASP8;TGFBR2;GATA3;HLA-DRB1;GLO1;PDE1B;BMP2;CEBPA;LIF;EFNA2;EPHA2;MMP9;TNFRSF11A;F2RL1;MAPK14;BATF2;BMP4;PARP1;GAB2;KIT;SLC4A2;SRP54;SBNO2;VEGFA;MYH9;TNFSF11;CLPB
TDRP,GO_Biological_Process_2023,prerank,Vasodilation (GO:0042311),-0.5261476936114833,-0.9973221019018778,0.4825949367088608,1.0,1.0,7/15,23.30%,BDKRB2;CPS1;ADRB2;NOS1;SOD2;F2RL1;SOD1
TDRP,GO_Biological_Process_2023,prerank,Intracellular pH Reduction (GO:0051452),0.4104507175354994,0.997278934488054,0.4411764705882353,1.0,1.0,13/32,17.96%,TCIRG1;ATP6V0C;SLC11A1;TMEM9;ATP6V1F;RAB38;ATP6V0E1;GPR89A;ATP6AP2;ATP6V0B;ATP6V1D;ATP6V0E2;TPCN2
TDRP,GO_Biological_Process_2023,prerank,Excitatory Postsynaptic Potential (GO:0060079),-0.4995890052439717,-0.997129454025402,0.4843260188087774,1.0,1.0,8/18,21.15%,GRIN2B;NPFF;GRIN1;LRRK2;FOXM1;CHRNA3;ARRB2;GSK3A
TDRP,GO_Biological_Process_2023,prerank,Protein-Containing Complex Disassembly (GO:0032984),-0.39843346515357475,-0.9969184068311309,0.47435897435897434,1.0,1.0,28/62,24.62%,CHMP6;EPG5;IRGM;UBQLN1;CHMP3;VIPAS39;NAPA;CHMP1B;CHMP7;NSF;GSPT2;ETF1;VPS4A;CHMP4C;VPS33A;FRAT1;PIK3R4;UVRAG;CHMP4A;VCP;PPP1CA;MAP1LC3B;VPS4B;PYM1;CHMP2A;PEX12;CHMP2B;BECN1
TDRP,GO_Biological_Process_2023,prerank,Regulation Of Actin Cytoskeleton Organization (GO:0032956),0.3476743395969646,0.996878767720592,0.42474916387959866,1.0,1.0,27/89,15.47%,ESAM;MYO3B;SMIM22;PEAK3;RICTOR;CRK;TAOK1;EPHA3;PDGFRA;PTK2B;MLST8;BST2;RHOA;BST1;DYNLL1;SH3BP1;RALA;GPM6B;TESK1;FAM107A;CDK10;NRG1;DAPK3;ARHGEF5;ABL2;CDC42;ARHGAP44
TDRP,GO_Biological_Process_2023,prerank,Negative Regulation Of Protein Phosphorylation (GO:0001933),-0.35836700050586756,-0.9967349302523228,0.44959128065395093,1.0,1.0,42/148,21.69%,DUSP19;SFN;INPP5J;SIRPA;SMAD6;TRIB3;PPM1F;DGKQ;CRKL;PPM1E;PYDC1;IGFBP3;NCK2;INPP5K;LYN;ZC3H12A;FBLN1;LRP1;SPRED1;LRRK2;PIP5KL1;CDKN1A;CHP1;DNAJC10;DNAJC3;TSC2;MLXIPL;PTPN13;CDK5RAP3;ERRFI1;FKBP8;NLRP12;IBTK;PTEN;PID1;TRIB2;NIBAN1;PRKAG2;PRKN;UBASH3B;QARS1;CNKSR3
TDRP,GO_Biological_Process_2023,prerank,Organelle Assembly (GO:0070925),-0.3370064213537587,-0.9964077395168311,0.4789915966386555,1.0,1.0,132/320,25.69%,CHMP6;PTPN23;ABLIM3;TMEM107;IFT57;FAM149B1;WDR54;ATG9B;STK36;GABARAPL2;AP1G1;IRGM;NSFL1C;AP3B1;BBS5;UBQLN1;ACTR3;TMEM67;KIF27;VPS28;IQUB;PCNT;TTLL3;DNAAF1;ATG13;SYNPO;CHMP3;RAB19;ATG16L2;CFAP221;TTC36;AP1S1;PIBF1;WDR35;ASAP1;NOTCH1;KIF3B;DZIP1;CFAP47;UBXN10;YTHDF3;OFD1;SSX2IP;CHMP1B;CHMP7;DYNC2I1;RAB8A;NPHP3;FBF1;IFT22;CFAP58;TTC21B;DNAI2;ULK1;VPS4A;CHMP4C;CEP164;TMEM231;CEP126;RILPL2;PLK4;CEP131;AP1M1;TMEM138;VPS36;FXR1;RPGR;CCDC65;VTA1;CCDC66;HPS3;EHD3;VPS37D;STX7;AP3D1;SRPX;ABCB6;NME8;FHDC1;RAB32;DYNLT2B;IFT52;EHD2;RAB23;ACTR2;CEP83;CORO1A;CEP290;PACS2;RAB1B;VPS37C;CHMP4A;FUZ;YTHDF2;STAM2;FBXW8;UBQLN2;KIAA0586;FNBP1L;MAP1LC3B;MKS1;VPS4B;AP1B1;ATG2A;IFT46;UBXN2B;IST1;PDCD6IP;CHMP2A;CDC14A;ATG2B;AP3S2;CFAP70;RAB43;CFAP43;VPS37B;CHMP2B;MAP1LC3B2;POC1B;DZIP1L;BECN1;EHD4;KIF24;DNMBP;TMEM250;HPS4;NUDCD3;RB1CC1;HPS1;CCDC113;ARMC9;SNAP29
TDRP,GO_Biological_Process_2023,prerank,Positive Regulation Of Cell Adhesion (GO:0045785),-0.38054760660218545,-0.996181439245083,0.4670487106017192,1.0,1.0,25/87,16.30%,LAMB2;VIT;PPM1F;CXCL12;CHRD;TNFRSF18;NPNT;RHOD;MAGI1;ECM2;EPB41L4B;STX3;ADGRG1;PRKCA;P4HB;TMEM102;ITGAV;DUSP26;TFE3;CD47;EPHA4;LIF;LAMB1;JAK2;CITED2
TDRP,GO_Biological_Process_2023,prerank,Peptidyl-Serine Phosphorylation (GO:0018105),-0.3511834768176682,-0.9959662777112371,0.4528301886792453,1.0,1.0,74/158,26.69%,MAST3;MAP4K1;HIPK4;PNCK;CSNK1A1;SRPK2;CDK5;CAMK1;DGKQ;TGFBR2;MAPKAPK3;TOP1;CAB39;PKD1;CSNK1G1;TDGF1;VRK2;GPI;VRK3;HIPK1;CAMK2A;LRRK2;RPS6KB1;PRKCA;DYRK1A;PLK2;STK38L;ULK1;DMPK;PKN3;SMG1;CHUK;PKN2;WNK1;CLSPN;DCLK3;SBK1;DYRK3;DYRK4;EIF2AK3;PRKCB;RPS6KA3;PRKCG;DYRK2;CDK2;TGFBR1;TAF1;ROCK2;MTOR;CAMK1D;PRKD2;GAS6;LMTK2;CDK5R1;MAPK14;LATS2;MAPKAPK5;CSNK2A1;ATM;LATS1;PDK3;PDGFB;MYO3A;SRPK1;MAP3K12;TNKS;PIKFYVE;TTBK2;MAPK12;STK32A;PRKCD;MAST1;ROCK1;ATR
TDRP,GO_Biological_Process_2023,prerank,Positive Regulation Of Leukocyte Activation (GO:0002696),-0.4919111386907487,-0.9957429421986868,0.48863636363636365,1.0,1.0,5/20,13.91%,WNT5A;IRGM;CRLF2;CD226;CEBPA
TDRP,GO_Biological_Process_2023,prerank,Vacuolar Transport (GO:0007034),-0.42042780626890247,-0.9956093675195385,0.4900459418070444,1.0,1.0,27/46,27.92%,AP1G1;VPS52;CHMP3;LRP1;VIPAS39;CHMP1B;CHMP7;VPS37D;VPS54;AP3D1;NPC1;GRN;PIK3R4;VPS13D;TMEM106B;VPS37C;PCSK9;IGF2R;VPS53;CHMP2A;VPS37B;CHMP2B;BECN1;NEDD4;M6PR;VPS8;ATP6V0D1
TDRP,GO_Biological_Process_2023,prerank,Transmembrane Receptor Protein Tyrosine Kinase Signaling Pathway (GO:0007169),-0.33847331031855526,-0.9953226514343624,0.4897466827503016,1.0,1.0,103/283,23.89%,FGF21;CD7;NEDD9;EPHA5;PDK2;UXT;TIE1;FGF9;BDKRB2;TIAM1;EFNA1;SHC4;PDGFD;MAPKAPK3;FGF4;INSR;HGF;FGF20;FRK;FGF8;NTRK1;ALKAL2;GRB14;SULF2;GIGYF2;IGF1;NTRK2;ARHGEF28;LYN;ANKS1B;PGF;ZNF106;SLC39A14;FLRT3;SH2D6;ANKS1A;PDGFRB;CLNK;GDF15;ADRB2;ARHGEF7;TSC2;MERTK;LCP2;GHR;YES1;MPZL1;COL4A2;RAPGEF2;PDGFC;IGF1R;APPL1;PIK3CA;MST1R;RYK;NAMPT;CNKSR1;TYRO3;FGFR1;EPHA4;CHURC1;JAK2;FGF2;PTPRT;FLRT2;EFNA2;FGF22;EPHA2;EIF2AK3;MMP9;PAK3;ANGPTL1;ALK;CHRNA3;RET;DDR1;RARRES2;PTPRG;EFNA5;PTPN2;PTPN11;POLR1G;EFNB3;DDIT4;GALNT3;PRKD2;KIF16B;UBASH3B;GSK3A;ROR2;EFNA3;CDK5R1;MAPK14;IRS2;KDR;ERBB4;ROR1;LCK;GRB10;NGEF;BCAR3;RASGRP4;BDNF
TDRP,GO_Biological_Process_2023,prerank,Regulation Of Response To Biotic Stimulus (GO:0002831),-0.4480017450337384,-0.9953095763304499,0.4605873261205564,1.0,1.0,9/31,18.54%,DHX58;ZMPSTE24;CASP8;XIAP;LRP8;CX3CL1;APPL1;TIRAP;DAPK1
TDRP,GO_Biological_Process_2023,prerank,Positive Regulation Of Tumor Necrosis Factor Superfamily Cytokine Production (GO:1903557),-0.38437624792086306,-0.9952416944653151,0.462882096069869,1.0,1.0,19/81,18.97%,TMEM106A;AGER;LY96;OAS3;WNT5A;HLA-E;APP;SPN;IL1A;NOD2;AMH;FRMD8;JAK2;HAVCR2;PF4;TIRAP;RIGI;MAVS;PTPN11
TDRP,GO_Biological_Process_2023,prerank,Regulation Of Vascular Endothelial Growth Factor Signaling Pathway (GO:1900746),0.46548189979078625,0.994720954044986,0.441340782122905,1.0,1.0,6/19,13.29%,TNXB;CD63;CADM4;ROBO1;PIK3CB;NRG1
TDRP,GO_Biological_Process_2023,prerank,Positive Regulation Of Nervous System Development (GO:0051962),0.38312961446649707,0.994485111686506,0.43465045592705165,1.0,1.0,20/49,21.81%,GPRASP3;KHDC3L;TGM2;IL1RAPL1;DLG5;NLGN3;SLITRK1;SLITRK4;RASSF10;SERPINF1;CLSTN3;NLGN2;LRRC4B;SLITRK3;NUMBL;GHRL;SLITRK5;SOX11;TRIM32;SNW1
TDRP,GO_Biological_Process_2023,prerank,Negative Regulation Of Response To External Stimulus (GO:0032102),-0.36227034994643326,-0.9941369486378345,0.47455295735900965,1.0,1.0,40/145,19.90%,DHX58;PROC;SIRPA;NR1H4;LPCAT3;DTX4;KLF4;IRGM;AOAH;IL22RA1;GATA3;TRIM21;CERS2;MVK;PTGER4;PPM1B;DRD3;TNFAIP6;NLRC3;SERPINE1;ELF4;TYRO3;EPHA4;ALOX5;AJAP1;DUSP3;CEP63;FXR1;FGF2;NLRP12;OTULIN;CASK;FNDC4;PTEN;PCBP2;PTPN2;FEM1A;LRFN5;SIGIRR;SHARPIN
TDRP,GO_Biological_Process_2023,prerank,Negative Regulation Of I-kappaB kinase/NF-kappaB Signaling (GO:0043124),-0.42633139499346784,-0.9935590709074974,0.46417445482866043,1.0,1.0,18/42,23.38%,LILRB4;NR1H4;CASP8;IRGM;ESR1;ZC3H12A;CARD19;PPM1B;NLRC3;NLRP12;NLRX1;USP10;ARRB2;SLC39A8;PYCARD;TRIM39;RHOH;PPM1N
TDRP,GO_Biological_Process_2023,prerank,Toll-Like Receptor Signaling Pathway (GO:0002224),-0.44923327889289527,-0.9930968913653819,0.4679186228482003,1.0,1.0,14/31,25.86%,CTSS;LY96;TICAM1;TLR5;MAPKAPK3;TRAF6;SCIMP;TIRAP;RPS6KA3;TLR3;IRAK3;IRAK2;PLCG2;IRAK1
TDRP,GO_Biological_Process_2023,prerank,Glycoprotein Biosynthetic Process (GO:0009101),-0.38848365825367503,-0.9929749371602146,0.47013782542113325,1.0,1.0,27/78,22.60%,TMEM106A;ST8SIA6;BMPR2;GCNT2;GOLGA2;SERP2;ST6GALNAC1;ALG1L2;B4GAT1;ST8SIA4;ST3GAL4;ALG10B;IGF1;CHST10;LARGE1;MGAT4B;ST3GAL1;NPC1;GOLPH3;FUT2;B3GALNT2;GMPPB;AQP11;GAL3ST4;B3GALT2;GCNT1;GAL3ST3
TDRP,GO_Biological_Process_2023,prerank,Regulation Of Response To External Stimulus (GO:0032101),-0.3639898929994652,-0.9929311519619447,0.4686192468619247,1.0,1.0,40/125,20.00%,NLRP8;DHX58;GRK7;AGER;WNT5A;ZMPSTE24;ADGRA2;CASP8;PTGES;XCL1;NLRP1;NLRP2;NLRP14;F2;XIAP;GUCY2F;LETMD1;LRP8;CX3CL1;GUCY2D;NOD2;APPL1;NLRP7;ALOX5;MGLL;JAK2;SEMA7A;CELF1;P2RX4;TIRAP;NMT1;GRN;PIK3AP1;ADAMTS12;DAGLB;AREL1;UFL1;F2RL1;IGF2BP1;BRD4
TDRP,GO_Biological_Process_2023,prerank,Cellular Response To Molecule Of Bacterial Origin (GO:0071219),-0.3686398750990561,-0.9927046330901077,0.47685834502103785,1.0,1.0,25/114,17.24%,SIRPA;LY96;TICAM1;UXT;WNT5A;CXCL2;CXCL1;CD274;GIT1;IRGM;CXCL6;PPM1E;CDC73;ZC3H12A;ZFP36;IL1A;CXCL13;NOD2;SERPINE1;LDOC1;NLRP7;TNFRSF1B;PF4;TRAF6;TIRAP
TDRP,GO_Biological_Process_2023,prerank,Negative Regulation Of Viral Life Cycle (GO:1903901),0.46285180313594176,0.9923023905569559,0.4441489361702128,1.0,1.0,7/20,18.08%,PITX3;CIITA;BST2;TRIM11;PPIA;GSN;SNX3
TDRP,GO_Biological_Process_2023,prerank,Regulation Of Protein Secretion (GO:0050708),-0.3732027565905958,-0.9920527122399676,0.45850914205344584,1.0,1.0,28/102,22.39%,CD33;APBB3;P3H1;CD2AP;SNAP25;NOS2;GOLPH3L;IGF1;MYH10;IL1A;ARFIP1;STX1A;ENSA;UNC13B;DRD3;PPP3CB;RHBDF1;GIPR;ALOX5;SLC8B1;ACHE;GOLPH3;SERGEF;LLGL1;SLC12A2;CYP51A1;EIPR1;ERP29
TDRP,GO_Biological_Process_2023,prerank,Negative Regulation Of Protein Localization To Nucleus (GO:1900181),-0.47445288338841474,-0.9916414069587713,0.4910277324632953,1.0,1.0,8/22,23.57%,LILRB4;S100G;CTNNA1;CHP1;RAB23;MTOR;LATS2;LATS1
TDRP,GO_Biological_Process_2023,prerank,Protein K48-linked Ubiquitination (GO:0070936),0.35733432330701215,0.9910657122207208,0.4472049689440994,1.0,1.0,31/70,21.09%,TNFAIP3;KBTBD6;UBE2B;TRIM45;UBE2D3;TRIM6;FBXO7;RNF8;DTX3L;RNF5;UBE2T;ZNRF1;ZNRF2;TOPORS;SKP2;UBE3A;FBXO45;UBE2E2;MYCBP2;BFAR;FBXO9;TRIM65;UBE2D1;TRIM25;RNF126;CUL3;NEDD4L;ARIH2;RNF187;UBR5;TRIM32
TDRP,GO_Biological_Process_2023,prerank,Axonemal Dynein Complex Assembly (GO:0070286),-0.43641784223091756,-0.9910060019562313,0.46845425867507884,1.0,1.0,18/37,25.36%,CFAP100;DNAAF3;DNAH8;DNAAF6;TTC12;DNAAF1;DNAI2;DNAH2;CCDC65;DNAI1;SPAG1;ODAD3;CCDC39;ODAD4;DNAI3;DNAH7;DNAAF2;NISCH
TDRP,GO_Biological_Process_2023,prerank,Amino Acid Import Across Plasma Membrane (GO:0089718),-0.45663095161762923,-0.9908118283126579,0.4588045234248788,1.0,1.0,14/27,29.33%,SLC1A1;SLC22A4;SLC47A1;SLC7A1;SLC3A2;SLC7A2;SLC38A2;SLC7A5;SLC6A9;SLC7A8;SLC1A4;SLC1A3;SLC22A2;SLC1A5
TDRP,GO_Biological_Process_2023,prerank,Positive Regulation Of Cell Population Proliferation (GO:0008284),-0.3235810633202596,-0.9906701890645413,0.48916761687571264,1.0,1.0,137/479,22.82%,AREG;FGF21;PAX2;FZD9;WNT3A;GCNT2;SRPK2;GHRH;LIG4;WNT5A;SIX2;FGF9;THPO;TBX3;KRAS;FLT3LG;TIAM1;HPSE;HTR2B;SPHK1;PDGFD;TGFBR2;CHRD;CRKL;AIF1;DBF4B;CNTF;HCLS1;FGF4;S100A13;S1PR3;SCAND3;INSR;FGF20;GJA1;TDGF1;ADAM17;IL18;CRLF2;CD74;FGF8;IGF1;NTRK2;ID2;LYN;SOX8;COPS9;PGF;PROX1;NOTCH1;CLDN5;EPOR;VIPR1;STX3;IL7;HDAC4;CX3CL1;SMARCA2;PDGFRB;TERT;ZNF703;AKR1C3;CXCR2;IL11RA;BMP2;TSPAN31;CDKN1A;CNOT8;NOD2;FOXM1;SERTAD1;MLXIPL;AMH;IL34;ITGAV;NCCRP1;CD47;PDGFC;PTN;IGF1R;SINHCAF;SSR1;MST1R;NAMPT;ZNF268;IL6ST;FOSL1;FGFR1;IL11;EPHA4;CEP131;DLL1;C5AR1;CDC123;LIF;LAMB1;MEIS2;JAK2;ACER3;FGF2;CNOT6;FGF22;GRN;PTEN;PID1;ROMO1;UFL1;TNFRSF11A;TCF7L2;CCKBR;KIF14;RBPJ;KMT2D;CRLF1;TBRG4;CDC25B;CDK2;TGFBR1;NAP1L1;TSPYL5;GAS6;AQP11;GHRHR;CNOT6L;RPRD1B;BCL7C;HBEGF;BMI1;CHRNA7;IRS2;SFRP1;PRC1;CCDC117;KDR;ERBB4;CSNK2A1;TGFA
TDRP,GO_Biological_Process_2023,prerank,Positive Regulation Of Protein Ubiquitination (GO:0031398),-0.37780456929331946,-0.9906533297172014,0.4622093023255814,1.0,1.0,29/83,21.94%,PTTG1IP;TRIB3;SPHK1;FANCI;UBQLN1;WFS1;UBE2L3;XIAP;NSMCE3;UBE2N;DCUN1D1;LRRK2;AXIN1;CDK5RAP3;ARRDC4;FBXO33;TRAF6;DCUN1D2;SPSB4;PRICKLE1;SEPTIN4;RIPK2;DCUN1D3;CRY1;TSPYL5;GSK3A;RCHY1;BMI1;PAXIP1
TDRP,GO_Biological_Process_2023,prerank,Fatty Acid Metabolic Process (GO:0006631),0.3361406127725658,0.9905889706220616,0.44983818770226536,1.0,1.0,48/122,21.74%,ABCD2;ACSM1;HPGD;PLA2G2C;GNPAT;ALOX15;HSD17B8;ACSL5;ABCD1;PNPLA8;BAAT;ACSL1;ALOX12B;NDUFAB1;MCAT;CYP2J2;GPX4;ACOT2;THEM4;ADIPOR1;ACSF2;SLC27A5;ACADM;SLC27A4;GGT1;MLYCD;ACSL6;CBR4;SLC27A6;PPARD;CRAT;ACSL4;PCCB;ACBD7;HACL1;ACACA;ACLY;ACBD4;NAAA;TSPO;ACBD5;ACOX1;ACAA1;ACSF3;PEX2;PNPLA3;PHYH;MECR
TDRP,GO_Biological_Process_2023,prerank,Activin Receptor Signaling Pathway (GO:0032924),-0.5140988150761264,-0.9905164810451862,0.4848966613672496,1.0,1.0,3/16,3.95%,CFC1;GDF7;GDF6
TDRP,GO_Biological_Process_2023,prerank,Positive Regulation Of DNA-binding Transcription Factor Activity (GO:0051091),-0.33965339715095544,-0.9903330203399899,0.5012376237623762,1.0,1.0,71/244,22.88%,TRIM15;AGER;EPHA5;RHEBL1;CD40;TICAM1;WNT5A;NFAM1;TRADD;STK36;APP;RIPK4;RGCC;DDIT3;SPHK1;FANK1;TRIM52;RAB7B;CEBPG;ESR1;HCLS1;EDA2R;IL18;FZD1;NTRK1;CRTC2;CARD14;TFDP1;UBE2N;CAMK2A;LRP8;HDAC4;CX3CL1;TRIM21;TRIM13;BMP2;TRAF5;NOD2;FLOT2;RFPL2;RELN;PPARGC1B;CHUK;TRAF6;TIRAP;PRKCB;PIDD1;PTEN;RIGI;ALK;RIPK2;RPS6KA4;HDAC5;PPARGC1A;JMY;RNF220;MAVS;TNFRSF11A;DHX33;DVL2;TAF1;CAMK1D;PRKD2;PYCARD;TRIM22;CFLAR;HSPA1B;ARHGEF2;SRF;ADCY1;ROR1
TDRP,GO_Biological_Process_2023,prerank,G1/S Transition Of Mitotic Cell Cycle (GO:0000082),-0.39427019649584827,-0.9895359122670487,0.4684287812041116,1.0,1.0,28/63,23.84%,CDK5;CDKN3;KLF11;CCNE2;PLK3;EIF4EBP1;TFDP1;CUL4B;CAMK2A;RPS6KB1;CCNE1;CDKN1A;PLK2;BACH1;CDC34;CDK15;CUL2;BRD4;CDK2;CUL1;LATS2;CCND1;CDKN1B;CDK16;HINFP;LATS1;E2F3;ZNF324
TDRP,GO_Biological_Process_2023,prerank,Lipid Droplet Organization (GO:0034389),0.42776412327929675,0.9894013926054543,0.4605263157894737,1.0,1.0,10/29,21.67%,SMIM22;PLIN5;FAF2;SQLE;PPID;PPIA;RAB18;RAB3GAP1;CIDEB;PNPLA3
TDRP,GO_Biological_Process_2023,prerank,Mitotic Cytokinetic Process (GO:1902410),-0.4983112058618035,-0.9891413868359784,0.4566929133858268,1.0,1.0,12/18,24.46%,CHMP6;CHMP3;CHMP1B;CHMP7;VPS4A;CHMP4C;CHMP4A;CNTROB;VPS4B;PDCD6IP;CHMP2A;CHMP2B
TDRP,GO_Biological_Process_2023,prerank,Positive Regulation Of Interferon-Beta Production (GO:0032728),0.4036949164665238,0.9889918733467217,0.45930232558139533,1.0,1.0,9/36,10.51%,IRF7;TLR2;IFIH1;IRF1;FLOT1;RNF135;POLR3F;DDX3X;ISG15
TDRP,GO_Biological_Process_2023,prerank,Myoblast Fusion (GO:0007520),-0.5047436454615125,-0.9883784211079779,0.48792270531400966,1.0,1.0,5/18,14.42%,MYMX;CACNA1H;NOS1;ADAMTS15;DOCK2
TDRP,GO_Biological_Process_2023,prerank,L-alpha-amino Acid Transmembrane Transport (GO:1902475),-0.42579691636810607,-0.9881974011868656,0.4762658227848101,1.0,1.0,16/40,25.65%,SLC7A7;SLC1A1;SLC17A8;SLC66A1;SLC47A1;SLC7A1;SLC3A2;SLC7A2;SLC38A2;SLC7A6;SLC7A5;SLC6A9;SLC17A7;SLC7A8;SLC1A4;PRAF2
TDRP,GO_Biological_Process_2023,prerank,Negative Regulation Of Endocytosis (GO:0045806),-0.43352262286125864,-0.9877470556192932,0.456,1.0,1.0,6/33,15.31%,SIRPA;PROM2;LGALS3;MTMR2;PLSCR1;PACSIN3
TDRP,GO_Biological_Process_2023,prerank,Synapse Assembly (GO:0007416),-0.3859198219603082,-0.9874372056852802,0.462109955423477,1.0,1.0,30/71,23.89%,WNT3A;PCDHB13;PCDHB9;SHANK3;WNT5A;CDK5;GABRA1;PCDHB14;POU4F1;PCDHB4;FZD1;FLRT3;SRGAP2C;SPOCK2;KIRREL3;FARP1;RYK;PTEN;ADGRL3;FGF13;PLXNB2;ZDHHC2;PTPRD;RAB29;PLXNB1;SDK2;NLGN1;CDH2;SHANK2;BDNF
TDRP,GO_Biological_Process_2023,prerank,Regulation Of Cell Adhesion Mediated By Integrin (GO:0033628),-0.4441456940899896,-0.9871050139580054,0.48325358851674644,1.0,1.0,13/33,19.19%,EFNA1;LYN;NEXMIF;SNAI2;MUC1;SERPINE1;LIF;PLAU;JAM3;EPHA2;RET;PTPN11;CYP1B1
TDRP,GO_Biological_Process_2023,prerank,Positive Regulation Of Leukocyte Chemotaxis (GO:0002690),-0.402561747204572,-0.9867092276240658,0.47058823529411764,1.0,1.0,13/54,20.81%,F7;NEDD9;CXCL12;AIF1;XCL1;PGF;IL34;SERPINE1;PTN;CMKLR1;RARRES2;F2RL1;GAS6
TDRP,GO_Biological_Process_2023,prerank,Sodium Ion Transport (GO:0006814),-0.37533942980558493,-0.9865215548954007,0.4616477272727273,1.0,1.0,32/89,23.73%,SLC5A12;SLC12A3;SLC6A3;SCN4B;ASIC3;SCN3B;SCN7A;SCNN1B;SCNN1G;SLC6A12;SLC9A5;PKD2;ATP1A4;ATP1B3;SLC6A11;SCN8A;SLC9A8;SLC6A16;SLC23A2;SLC6A15;SCN2A;ASIC1;FGF13;SLC4A4;SLC24A3;SLC12A2;SCNN1A;SLC4A8;KCNK1;WNK4;SLC6A9;CATSPER4
TDRP,GO_Biological_Process_2023,prerank,Mitochondrial ATP Synthesis Coupled Electron Transport (GO:0042775),0.35816095143009047,0.9864145488235919,0.44654088050314467,1.0,1.0,36/68,24.73%,NDUFC2;NDUFB2;NDUFAB1;NDUFA6;NDUFA3;COX7B;COA6;COX6B1;NDUFS5;COX4I1;NDUFA12;CYC1;NDUFA1;NDUFS7;NDUFA10;NDUFAF1;NDUFB5;CYCS;NDUFS6;NDUFB1;COX6A1;NDUFS3;NDUFA9;UQCRQ;UQCRC2;NDUFS4;SDHA;UQCC3;NDUFV2;NDUFS8;SDHC;UQCRH;NDUFB3;NDUFA4;NDUFA8;SDHD
TDRP,GO_Biological_Process_2023,prerank,Endocardial Cushion Development (GO:0003197),0.4318118356316438,0.9863705502621742,0.448,1.0,1.0,3/23,4.19%,ACVRL1;NOS3;MDM4
TDRP,GO_Biological_Process_2023,prerank,Protein Stabilization (GO:0050821),0.3115865517658004,0.9858547423777387,0.4793388429752066,1.0,1.0,72/201,20.57%,DSG1;TSPAN1;UBE2B;APOA1;PIK3R1;PHB1;SMAD7;MDM4;PARK7;PFDN2;RTN4;ZSWIM7;TRIM37;PFDN4;COG7;CCT4;CCT7;TTI2;FLOT1;MUL1;DNLZ;LAMP1;COA8;TCP1;RPL17;PFDN6;USP13;STXBP4;CCNH;PDCL3;PIM2;GLMP;PIH1D2;VBP1;HSPD1;GET1;DVL1;PFDN5;CCT6A;RPS7;PPIB;PFN1;TSC1;PFN2;STK3;DNAAF10;NAPG;CCT8;MAPK8IP3;RAB21;SWSAP1;USP2;MORC3;CALR;PFDN1;NCLN;CCT2;PHB2;HYPK;TBRG1;STK4;CDK7;RUVBL1;MTMR9;PLPP3;GNAQ;TRIM44;HSPA1A;BAG3;TTI1;URI1;HIP1
TDRP,GO_Biological_Process_2023,prerank,Antigen Processing And Presentation Of Peptide Antigen Via MHC Class II (GO:0002495),-0.4635889879016311,-0.985841282323371,0.48092868988391374,1.0,1.0,6/26,10.95%,CTSS;HLA-DRB1;DNM2;HLA-DMA;MARCHF8;CTSF
TDRP,GO_Biological_Process_2023,prerank,Regulation Of Leukocyte Chemotaxis (GO:0002688),-0.5066443915994517,-0.9855070051093053,0.4858569051580699,1.0,1.0,8/17,23.16%,F7;XCL1;LYN;PTN;SLC8B1;F2RL1;CAMK1D;MTUS1
TDRP,GO_Biological_Process_2023,prerank,Regulation Of Mitochondrial Outer Membrane Permeabilization Involved In Apoptotic Signaling Pathway (GO:1901028),-0.49210979926340664,-0.9854371711369678,0.4897260273972603,1.0,1.0,8/18,21.18%,FZD9;HIP1R;TMEM102;MPV17L;BAK1;SLC25A6;GSK3A;BOK
TDRP,GO_Biological_Process_2023,prerank,Adenylate Cyclase-Activating G Protein-Coupled Receptor Signaling Pathway (GO:0007189),-0.36507546046086065,-0.9853322929352005,0.4755244755244755,1.0,1.0,28/108,18.29%,ADORA2B;ADGRB2;LHCGR;PTGIR;ADGRL4;ADCY6;GHRH;CALCA;MC5R;GPR3;ADM5;ADGRB1;ADGRG1;PTGER2;ADRB2;PTGER4;ADRA2B;ADM2;DRD3;RAPGEF2;ADGRF3;GIPR;ADGRL1;PF4;IAPP;GLP1R;GPR157;ADGRL3
TDRP,GO_Biological_Process_2023,prerank,Morphogenesis Of An Epithelium (GO:0002009),-0.4520419203477717,-0.9850334791212249,0.49919743178170145,1.0,1.0,14/28,28.27%,RIPK4;SOX8;NPHP3;PALS1;SOX10;LHX1;KLK14;KDM2B;ARHGAP12;KDF1;FGFR2;TRAF3IP1;PRKX;LIN7C
TDRP,GO_Biological_Process_2023,prerank,Lysosomal Transport (GO:0007041),-0.37030636780878046,-0.9849172258880476,0.4908321579689704,1.0,1.0,36/103,21.13%,CHMP6;EPG5;PLEKHM1;SLC30A2;PLEKHF1;AP1G1;RAB7B;PLEKHF2;VPS52;CHMP3;LRP1;AKTIP;ALS2;VIPAS39;CHMP1B;CHMP7;VPS4A;CHMP4C;EHD3;VPS54;ANKFY1;ZFYVE16;VPS33A;NPC1;GRN;PIK3R4;PXK;GGA3;ARL8B;SNAPIN;TMEM106B;CHMP4A;VPS18;PCSK9;IGF2R;PRKN
TDRP,GO_Biological_Process_2023,prerank,Positive Regulation Of Monocyte Chemotaxis (GO:0090026),0.4700084244545545,0.9839417380360023,0.4339152119700748,1.0,1.0,4/18,8.98%,HMGB1;CXCL17;ANO6;CREB3
TDRP,GO_Biological_Process_2023,prerank,Regulation Of Muscle Contraction (GO:0006937),-0.4489294090506659,-0.9838662912065606,0.4992272024729521,1.0,1.0,9/29,18.30%,CACNG1;CHRM2;TNNI1;ENO1;CACNB1;TNNT1;MYL5;CHRNA3;KCNB2
TDRP,GO_Biological_Process_2023,prerank,Cardiac Myofibril Assembly (GO:0055003),-0.5176455016963644,-0.9831407727370353,0.4925619834710744,1.0,1.0,4/15,11.44%,ADPRHL1;MYLK3;PROX1;PDGFRB
TDRP,GO_Biological_Process_2023,prerank,mRNA Export From Nucleus (GO:0006406),0.3644576382361714,0.9830717531084283,0.45686900958466453,1.0,1.0,29/60,19.22%,THOC7;EIF4A3;PABPN1;NUP160;SARNP;FMR1;DDX39A;SMG5;MAGOH;HNRNPA2B1;NUP93;ZC3H11A;NCBP3;FYTTD1;TPR;SRSF3;ALKBH5;NXT1;NUP88;NXT2;MAGOHB;THOC3;NUP107;RBM8A;ALYREF;ENY2;THOC5;UPF2;NUP214
TDRP,GO_Biological_Process_2023,prerank,Membrane Lipid Metabolic Process (GO:0006643),0.4708192186345524,0.9829893409182101,0.46867167919799496,1.0,1.0,4/17,8.00%,CERKL;SPTLC1;ALOX12B;AGMO
TDRP,GO_Biological_Process_2023,prerank,Protein Targeting To ER (GO:0045047),0.4311760690340781,0.9826380062801411,0.48223350253807107,1.0,1.0,8/23,12.18%,SEC61G;GET4;SRP72;SPCS1;SRP14;ZFAND2A;UBL4A;SRP9
TDRP,GO_Biological_Process_2023,prerank,Modulation By Symbiont Of Entry Into Host (GO:0052372),0.4648022231097924,0.9825808866460278,0.4746192893401015,1.0,1.0,8/20,18.20%,TRIM6;EXOC2;TRIM68;TRIM34;TRIM62;TRIM38;TRIM25;FUCA2
TDRP,GO_Biological_Process_2023,prerank,Aortic Valve Morphogenesis (GO:0003180),-0.4278899410755779,-0.982202798393795,0.4886535552193646,1.0,1.0,11/37,18.12%,SMAD6;TIE1;EFNA1;TGFBR2;GATA3;HEY2;NOTCH1;SNAI2;SNAI1;AXIN2;JAG1
TDRP,GO_Biological_Process_2023,prerank,Negative Regulation Of Microtubule Depolymerization (GO:0007026),0.46033295236374605,0.9819474353775489,0.4521276595744681,1.0,1.0,5/20,9.64%,STMN2;TAOK1;MID1IP1;APC2;HDGFL3
TDRP,GO_Biological_Process_2023,prerank,Fc-epsilon Receptor Signaling Pathway (GO:0038095),0.4362869524343893,0.9819208177782003,0.47341772151898737,1.0,1.0,6/22,15.67%,VAV1;IKBKB;MAPK9;MAPK10;PLCG1;VAV3
TDRP,GO_Biological_Process_2023,prerank,Secondary Alcohol Biosynthetic Process (GO:1902653),-0.46265666713643644,-0.9817429216889334,0.4729064039408867,1.0,1.0,8/24,23.38%,NPC1L1;HSD17B7;MVK;FDFT1;TM7SF2;CYP51A1;INSIG2;MSMO1
TDRP,GO_Biological_Process_2023,prerank,Regulation Of I-kappaB kinase/NF-kappaB Signaling (GO:0043122),-0.34071781863535305,-0.9815956621395242,0.5070785070785071,1.0,1.0,72/230,21.66%,LILRB4;TMEM106A;NR1H4;CD40;VAPA;TICAM1;WNT5A;ATP2C1;TRADD;ZDHHC13;HTR2B;CASP8;SUMO4;IRGM;TRIM52;TNFRSF10B;ESR1;EDA2R;S100A13;LIME1;GJA1;HLA-DRB1;CD74;SQSTM1;ZC3H12A;DDX1;CARD19;UBE2N;LTB;CX3CL1;TRIM21;TRIM13;EEF1D;TRAF5;NOD2;PLK2;AKAP13;PPM1B;RFPL2;PELI1;SLC20A1;CXXC5;NLRC3;TRAF4;SLC44A2;NLRP12;CHUK;TRAF6;TIRAP;PRKCB;PIDD1;NUP62;NLRX1;TIFA;RIPK2;MAVS;SHISA5;UFL1;LURAP1;F2RL1;TMEM9B;USP10;SHARPIN;BRD4;ARRB2;TRAF3IP2;SLC39A8;PRKN;PYCARD;TRIM22;TRIM39;CFLAR
TDRP,GO_Biological_Process_2023,prerank,Ventricular Cardiac Muscle Tissue Morphogenesis (GO:0055010),-0.4348501719899016,-0.9815842865426304,0.48006134969325154,1.0,1.0,5/33,10.83%,HAND1;TNNT2;LRP2;PROX1;NOTCH1
TDRP,GO_Biological_Process_2023,prerank,Sterol Biosynthetic Process (GO:0016126),-0.44914470930300576,-0.9814688073018072,0.46116504854368934,1.0,1.0,10/28,23.38%,NPC1L1;HSD17B7;MVK;FDFT1;FAXDC2;TM7SF2;PRKAG2;CYP51A1;INSIG2;MSMO1
TDRP,GO_Biological_Process_2023,prerank,Negative Regulation Of Interleukin-8 Production (GO:0032717),-0.5020989293357659,-0.9812198463437399,0.48503937007874015,1.0,1.0,3/17,14.59%,CD33;KLF4;ARRB1
TDRP,GO_Biological_Process_2023,prerank,Regulation Of Neuroblast Proliferation (GO:1902692),-0.4747316162493234,-0.9809422062767208,0.47804878048780486,1.0,1.0,7/24,17.83%,ZNF335;LRRK2;CX3CL1;TAFA1;FZD3;PTN;BCAN
TDRP,GO_Biological_Process_2023,prerank,Organophosphate Ester Transport (GO:0015748),-0.4558364282586058,-0.9803279113489415,0.48722044728434505,1.0,1.0,8/25,15.54%,EPG5;VAPA;SLC25A19;SLC44A4;TNFAIP8L3;OSBPL2;PCTP;NPC2
TDRP,GO_Biological_Process_2023,prerank,Peptidyl-Proline Modification (GO:0018208),0.43164755859393716,0.9801942388159331,0.4636118598382749,1.0,1.0,10/24,21.58%,FKBP1A;PPIF;PPID;PPIB;PPIA;PPWD1;PPIL1;PPIL6;FKBP1B;PPIH
TDRP,GO_Biological_Process_2023,prerank,Cytoskeleton Organization (GO:0007010),0.32996752273851576,0.9801645520394031,0.46830985915492956,1.0,1.0,18/111,9.01%,CCL24;DES;TNFAIP3;RICTOR;MARK1;CFAP410;STRIP2;MLST8;BIN1;SIPA1;PRKCI;RHOU;RANBP9;FGD3;KLHL20;PCLO;PDZD8;PHIP
TDRP,GO_Biological_Process_2023,prerank,Lysosome Localization (GO:0032418),0.3885961299959146,0.9798903764027653,0.4871060171919771,1.0,1.0,16/42,17.82%,RAB3A;CHGA;HDAC6;VPS33B;KIF5B;NDEL1;SYTL4;BORCS7;PIK3CD;BLOC1S1;FLCN;RNF167;LAMTOR1;KLC2;RAB34;BORCS5
TDRP,GO_Biological_Process_2023,prerank,Negative Regulation Of Signaling (GO:0023057),-0.4467499042564613,-0.9796031192221404,0.5032467532467533,1.0,1.0,12/28,21.15%,OPRM1;IGFBP3;PPP3CB;IL11;LIF;KIF26A;NLRP12;VHL;AP1AR;PCSK9;INPP5D;UBASH3B
TDRP,GO_Biological_Process_2023,prerank,Inorganic Cation Transmembrane Transport (GO:0098662),-0.33448082095755566,-0.9792314236285272,0.5206508135168961,1.0,1.0,109/284,24.89%,KCNC2;ATP6V0A4;SLC30A3;KCNA3;SLC12A7;SLC30A2;CACNG1;SLC12A3;SLC6A3;ATP2C1;KCNK4;LRRC38;TRPC3;ATP12A;SCN4B;ABCB8;KCNB1;KCNK7;ASIC3;CCDC51;SCN3B;PKD1;KCNC1;KCNH4;KCNH3;SCNN1B;SCNN1G;KCNA7;KCNE2;SLC6A12;SLC41A1;SLC9A5;SLC39A14;SLC36A2;PKD2;SLC41A2;CACNA1H;ATP2C2;UCP3;ATP1A4;SLC39A1;ATP1B3;TRPV3;FXYD2;SLC6A11;KCNK5;CACNA2D4;SCARA5;ITGAV;TRPA1;ATP4A;P2RX7;SLC9A8;ABCC8;CACNB1;RHCE;TRPM2;CACNA1D;KCND1;SLC6A16;SLC30A5;ATP6V1H;CACNA1A;ATP6V0A2;SLC12A6;MCOLN3;SLC6A15;P2RX4;ATP5MF;SCN2A;SLC24A5;ASIC1;MCOLN2;TRPM6;KCNB2;SLC4A4;ATP6V1B2;ATP1A1;SLC24A3;KCNN1;TRPM3;SLC12A2;SCNN1A;RYR3;P2RX3;GAS6;SLC4A8;SLC39A8;RHD;KCNK12;KCNK1;ATP6AP1;SLC11A2;DMAC2L;KCNV2;TRPC4;SLC6A9;ATP6V0A1;KCNJ2;RNASEK;KCNK13;TRPC6;CACNA1C;SLC30A8;KCNG3;TRPC5;KCNK17;HVCN1;ATP1B1
TDRP,GO_Biological_Process_2023,prerank,Response To Gamma Radiation (GO:0010332),-0.4697097493560676,-0.9787777707775484,0.5016233766233766,1.0,1.0,8/22,22.98%,LIG4;XRCC5;DCUN1D3;TMEM109;WRN;TSPYL5;FANCD2;MEN1
TDRP,GO_Biological_Process_2023,prerank,Regulation Of Extracellular Matrix Organization (GO:1903053),-0.4679409503334548,-0.9783426259800062,0.5176282051282052,1.0,1.0,10/23,18.34%,LAMB2;TIE1;ANGPTL7;LRP1;NOTCH1;AXIN2;LAMB1;EFEMP2;PRDM5;DDR1
TDRP,GO_Biological_Process_2023,prerank,Metal Ion Transport (GO:0030001),-0.34743833560083864,-0.978066802363571,0.5099337748344371,1.0,1.0,63/170,24.71%,SLC5A12;KCNA3;SLC12A3;ATP2C1;KCNK4;TRPC3;SCN4B;ATP2B2;KCNK7;SCN3B;SCN7A;PKD1;LRP2;KCNC1;CDH23;KCNH4;KCNH3;SCNN1B;NMUR1;SCNN1G;SLC41A1;MMGT1;NIPA1;CAMK2A;PKD2;SLC41A2;ATP1A4;NIPAL3;CACNB3;CHP1;KCNMB1;KCNK5;SCN8A;GRIN3A;CACNA1D;SLC23A2;SCN2A;KCNIP2;ASIC1;FGF13;KCNB2;ITPR1;CACNG6;SLC4A4;SLC3A2;KCNN1;CACNG8;KCNMB4;CACNA2D1;MAGT1;KCNJ6;RYR3;KCNK1;CHRNA7;SLC11A2;TRPC4;PSEN1;KCNJ2;CATSPER4;SLC17A7;RYR1;TRPC5;KCNK17
TDRP,GO_Biological_Process_2023,prerank,Regulation Of Actin Cytoskeleton Reorganization (GO:2000249),-0.4610960705471869,-0.9777660370485824,0.5058823529411764,1.0,1.0,10/25,21.63%,CARMIL2;ARHGDIB;CDK5;FES;RAPGEF3;CARMIL3;NOTCH2;SEMA3E;ARHGDIA;BAIAP2L2
TDRP,GO_Biological_Process_2023,prerank,Positive Regulation Of Protein Phosphorylation (GO:0001934),-0.3290211484181008,-0.9777649310536101,0.5503597122302158,1.0,1.0,107/376,20.81%,DUSP19;FGF21;AGER;GDF7;MMD2;HFE;BMPR2;WNT3A;CD40;PROM2;XRCC5;GDF6;FGF9;THPO;KRAS;APP;INHBC;EFNA1;SH2D3C;CD44;SPHK1;DGKQ;CEMIP;PDGFD;TGFBR2;IRGM;CRKL;HCLS1;FGF4;INSR;HGF;FGF20;HLA-DRB1;CAB39;TDGF1;ADAM17;CD74;FGF8;NTRK1;BANK1;RAD50;IGF1;DAB2;NTRK2;CARD14;LYN;F2;MAPRE3;PGF;ORC3;JTB;TENM1;AKTIP;LRRK2;AXIN1;LRP8;CX3CL1;ALS2;BMP2;CDKN1A;CAMKK1;GDF15;NOS1;AMH;LCP2;P2RY1;GHR;IL34;FAM20A;FAXDC2;RELN;CREBL2;TRAF4;RAPGEF2;SH2D3A;ARRB1;PDGFC;BRAT1;AXIN2;IL11;LIF;TNIK;JAK2;FXR1;FGF2;STOX1;C3;AKAP9;FGF22;CNOT9;MMP9;RIPK2;RARRES2;EFNA5;FAS;MAVS;PTPN11;NIBAN1;DOCK7;RAP2C;PRKAG2;DVL2;TGFBR1;ROCK2;ACVR2A;PRKD2;GAS6
TDRP,GO_Biological_Process_2023,prerank,rRNA Metabolic Process (GO:0016072),0.3407532444455976,0.9774192765503441,0.4684385382059801,1.0,1.0,38/91,22.17%,WDR18;SBDS;GTF3A;DDX47;POP4;IGF2BP3;DDX49;MARS1;NOC4L;NOL6;ESF1;RPS24;PIH1D2;NIFK;RPS7;WDR74;PELP1;NOP14;PES1;NOP56;NOP58;DIS3;LYAR;UTP20;EXOSC5;DKC1;RPS25;EXOSC10;EXOSC9;BYSL;CAVIN1;RPS15;RPL26;RPL35A;XRN2;RPL27;RPS16;RPS27
TDRP,GO_Biological_Process_2023,prerank,Negative Regulation Of Immune System Process (GO:0002683),-0.413045502951952,-0.9769922315416455,0.5128983308042488,1.0,1.0,6/44,9.61%,LILRB4;HLA-G;PDCD1;RAB7B;FOXP3;LYN
TDRP,GO_Biological_Process_2023,prerank,Positive Regulation Of Cation Channel Activity (GO:2001259),-0.4302820242432612,-0.9767098478242728,0.5182926829268293,1.0,1.0,12/38,17.56%,AKAP5;ATPSCKMT;CTSS;LRRC38;P2RY6;PKD2;EDNRA;JPH2;STAC3;PPP3CB;PIRT;KCNIP2
TDRP,GO_Biological_Process_2023,prerank,Monoatomic Cation Transmembrane Transport (GO:0098655),-0.33386039903887704,-0.9764188716072919,0.5275,1.0,1.0,109/281,24.89%,KCNC2;ATP6V0A4;CNGA4;SLC30A3;KCNA3;SLC12A7;SLC30A2;CACNG1;SLC12A3;SLC6A3;ATP2C1;KCNK4;LRRC38;TRPC3;ATP12A;SCN4B;ABCB8;KCNB1;KCNK7;CNGB1;ASIC3;CCDC51;GRIN2B;SCN3B;PKD1;KCNC1;KCNH4;KCNH3;SCNN1B;SCNN1G;KCNA7;KCNE2;SLC6A12;SLC41A1;SLC9A5;SLC39A14;SLC36A2;GRIN1;PKD2;SLC41A2;ATP2C2;UCP3;ATP1A4;SLC39A1;ATP1B3;TRPV3;FXYD2;SLC6A11;KCNK5;CACNA2D4;SCARA5;ITGAV;TRPA1;ATP4A;P2RX7;SLC9A8;ABCC8;CACNB1;TRPM2;CACNA1D;KCND1;SLC6A16;SLC30A5;ATP6V1H;CACNA1A;ATP6V0A2;SLC12A6;MCOLN3;SLC6A15;P2RX4;ATP5MF;SCN2A;SLC24A5;ASIC1;MCOLN2;TRPM6;KCNB2;SLC4A4;ATP6V1B2;ATP1A1;SLC24A3;KCNN1;TRPM3;SLC12A2;SCNN1A;RYR3;GAS6;SLC4A8;SLC39A8;KCNK12;KCNK1;ATP6AP1;SLC11A2;DMAC2L;KCNV2;TRPC4;SLC6A9;ATP6V0A1;KCNJ2;RNASEK;KCNK13;TRPC6;CACNA1C;SLC30A8;KCNG3;TRPC5;KCNK17;HVCN1;ATP1B1
TDRP,GO_Biological_Process_2023,prerank,Protein Peptidyl-Prolyl Isomerization (GO:0000413),0.45028441487785664,0.9763719612740827,0.4505208333333333,1.0,1.0,9/19,21.58%,PPIF;PPID;PPIB;PPIA;PPWD1;PPIL1;PPIL6;FKBP1B;PPIH
TDRP,GO_Biological_Process_2023,prerank,Embryonic Digit Morphogenesis (GO:0042733),-0.49665685905274504,-0.9762011076198118,0.5059422750424448,1.0,1.0,4/17,15.77%,TBX3;ECE1;MSX1;GLI3
TDRP,GO_Biological_Process_2023,prerank,Cellular Response To Acid Chemical (GO:0071229),0.42628357521650106,0.9759833276083953,0.4626865671641791,1.0,1.0,12/27,19.36%,RRAGB;RPTOR;CPEB1;GLRA2;LAMTOR5;LAMTOR1;NEURL1;IPO5;RRAGC;NSMF;SH3BP4;SLC38A9
TDRP,GO_Biological_Process_2023,prerank,Natural Killer Cell Activation (GO:0030101),-0.42980323471204507,-0.9758354451305365,0.5096463022508039,1.0,1.0,3/36,5.75%,IFNK;KLRK1;CASP8
TDRP,GO_Biological_Process_2023,prerank,Membrane Fusion (GO:0061025),-0.4489374215969394,-0.9749754712055356,0.4960505529225908,1.0,1.0,10/28,12.46%,MYMX;VAPA;NSFL1C;SNAP23;VAMP2;OTOF;STX3;NAPA;CHP1;NSF
TDRP,GO_Biological_Process_2023,prerank,Inflammatory Response (GO:0006954),0.30635301459246733,0.9748587107700527,0.5413223140495868,1.0,1.0,28/232,9.16%,CCL24;XCL2;PITX3;HPR;PTGER3;CCR3;HYAL1;SLC11A1;ANXA1;ALOX15;PTGDR;CIITA;C3AR1;IL17D;TLR2;MAPKAPK2;ADORA1;APOL2;PROK2;HMGB1;ADM;IKBKG;IKBKB;MAPK9;TACR1;NLRC4;PARP4;ADGRE5
TDRP,GO_Biological_Process_2023,prerank,Regulation Of Ventricular Cardiac Muscle Cell Membrane Repolarization (GO:0060307),-0.5043877177008316,-0.9747892887330872,0.5088852988691438,1.0,1.0,9/17,27.14%,KCNE5;SCN4B;KCNE4;KCNE2;SNTA1;CACNA2D1;NOS1AP;KCNH2;KCNE3
TDRP,GO_Biological_Process_2023,prerank,Regulation Of mRNA Stability (GO:0043488),-0.3817891482910824,-0.974728538895285,0.48936170212765956,1.0,1.0,26/73,21.05%,LARP1;FASTKD1;IREB2;ELAVL1;TENT5C;THRAP3;TENT5B;GIGYF2;ZFP36;PRKCA;YTHDF3;RBM24;AXIN2;FXR1;CELF1;CARHSP1;NRDE2;KHSRP;NOCT;TBRG4;IGF2BP1;SERBP1;PCID2;MEIOC;ROCK2;YTHDF2
TDRP,GO_Biological_Process_2023,prerank,Plasma Membrane Organization (GO:0007009),-0.38989181937987044,-0.9743394682743731,0.5,1.0,1.0,33/71,23.48%,CHMP6;MYMX;TRIM72;SMPD1;OSBPL2;CHMP3;CHMP1B;PLSCR4;CHMP7;NSF;ABCA7;VPS4A;CHMP4C;P2RX7;MICALL1;PLSCR1;PACSIN3;PACSIN2;TLCD2;MYOF;PLSCR2;EHD2;EPB41L3;PLSCR3;ARL8B;DMKN;CHMP4A;COL5A1;SNX18;FNBP1L;VPS4B;CHMP2A;SPTBN1
TDRP,GO_Biological_Process_2023,prerank,Spindle Assembly (GO:0051225),-0.3771947050436594,-0.9742596748869443,0.4954819277108434,1.0,1.0,30/80,22.70%,GOLGA8T;GOLGA2;GOLGA6C;NEK2;GOLGA6A;GOLGA8N;GOLGA6B;MAPRE3;GOLGA8A;PIBF1;KIF3B;LSM14A;INO80;OFD1;TUBGCP5;TUBGCP4;SMC1A;SMC3;CEP63;NUMA1;TUBGCP3;STAG2;CHEK2;KIF2A;HAUS1;HAUS5;MZT1;CLASP1;ZNF207;HAUS4
TDRP,GO_Biological_Process_2023,prerank,Positive Regulation Of Rho Protein Signal Transduction (GO:0035025),0.40130872637254783,0.9742149268039123,0.5,1.0,1.0,9/31,16.31%,APOA1;SYNPO2L;RTN4R;PRAG1;ROBO1;GPR18;MCF2L;ARHGEF3;LPAR4
TDRP,GO_Biological_Process_2023,prerank,mRNA Stabilization (GO:0048255),-0.39777847650310383,-0.9740884255436939,0.5089285714285714,1.0,1.0,18/52,20.38%,ELAVL4;LARP1;IREB2;ELAVL1;TENT5C;RBM47;THRAP3;TENT5B;ZFP36;RBM24;HNRNPC;AXIN2;TIRAP;HNRNPA0;NRDE2;NOCT;IGF2BP1;MEIOC
TDRP,GO_Biological_Process_2023,prerank,Clathrin-Dependent Endocytosis (GO:0072583),0.4321053365667409,0.9734950314371396,0.4738292011019284,1.0,1.0,10/27,16.68%,SNAP91;ITSN2;FCHSD2;GAK;MAGI2;FCHO1;AP2M1;ITSN1;LMBRD1;PICALM
TDRP,GO_Biological_Process_2023,prerank,Negative Regulation Of Macromolecule Metabolic Process (GO:0010605),-0.3462162386274428,-0.9734703713397918,0.5139813581890812,1.0,1.0,72/186,26.15%,SMAD5;APP;PGR;MYCN;KLF4;DGKQ;POU4F1;CRKL;ESR1;NOS2;CREB3L1;HEY2;PARP14;MAPT;DIP2A;IGF1;ID2;ZC3H12A;OVOL2;MSR1;LRP1;NOTCH1;CLDN5;TERT;BMP2;STC2;MTMR2;FLOT2;AMH;UPK3B;CELF1;FGF2;CITED2;STOX1;HAVCR2;DNMT1;NOTCH2;SNX12;CHD4;VHL;WWP2;AP1AR;TIPARP;SLC24A3;NOCT;CCDC3;PRKAA2;PCSK9;YY1;ZNF148;TAF1;ROCK2;SLC7A5;PRKN;SFRP1;ERP29;WNT4;KDR;HINFP;PSEN1;PTRH2;SMCR8;BMP4;PDGFB;SORD;FBXW7;CNPY2;STAT3;DICER1;TLE5;SH3GL2;RBMS3
TDRP,GO_Biological_Process_2023,prerank,Response To Retinoic Acid (GO:0032526),-0.3960410325341537,-0.9732595370709046,0.5044910179640718,1.0,1.0,14/58,18.33%,PAX2;WNT3;WNT3A;WNT5A;RXRA;LYN;WNT9B;CDKN2D;BRINP3;ACER2;HTRA2;WNT9A;RET;POLR2D
TDRP,GO_Biological_Process_2023,prerank,Natural Killer Cell Mediated Cytotoxicity (GO:0042267),-0.456019815678026,-0.973219618656552,0.48440065681444994,1.0,1.0,4/24,9.65%,RAET1E;KLRK1;CEBPG;VAMP2
TDRP,GO_Biological_Process_2023,prerank,ncRNA Catabolic Process (GO:0034661),-0.43309227268658734,-0.9732064176034448,0.5122349102773246,1.0,1.0,17/33,26.70%,SLFN14;ERN2;ELAC2;ZC3H12A;RBM7;ZC3H4;SND1;DIS3L2;TENT4B;PARN;EXOSC6;ZCCHC8;DIS3L;DICER1;XRN1;LIN28A;SLFN12
TDRP,GO_Biological_Process_2023,prerank,Regulation Of Arp2/3 Complex-Mediated Actin Nucleation (GO:0034315),-0.446090342798671,-0.9730696623817908,0.4950980392156863,1.0,1.0,16/28,28.12%,CARMIL2;CORO1B;ARFIP1;CARMIL3;WASF1;WASHC2C;WASH2P;ARFIP2;WASF3;CYFIP1;DNAI3;WASHC1;NCKAP1;RNH1;CARMIL1;WASHC3
TDRP,GO_Biological_Process_2023,prerank,Positive Regulation Of Translational Initiation (GO:0045948),-0.46893764375353725,-0.9725994963235255,0.49836601307189543,1.0,1.0,8/21,21.05%,LARP1;RPS6KB2;HABP4;RPS6KB1;YTHDF3;CDC123;MTOR;YTHDF2
TDRP,GO_Biological_Process_2023,prerank,Intrinsic Apoptotic Signaling Pathway (GO:0097193),-0.36393751500215316,-0.9725662435462764,0.5043859649122807,1.0,1.0,41/104,23.05%,SFN;TMEM238L;PPP1R13B;TRIB3;PDK2;ERO1A;PPM1F;CASP9;ERN2;DDIT3;POU4F1;TNFRSF10B;PDK1;CEBPB;BCL2L1;CDKN1A;DNAJC10;IFI6;BAX;AIFM1;TNFRSF1B;CHAC1;CUL2;BAK1;SCN2A;EPHA2;MLLT11;HTRA2;CHEK2;ITPR1;JMY;CYP1B1;BRSK2;ATF4;CD24;PYCARD;BOK;CUL1;TMEM117;BCL2L2;ATM
TDRP,GO_Biological_Process_2023,prerank,Regulation Of ERK1 And ERK2 Cascade (GO:0070372),-0.33272075201850676,-0.9724097903117517,0.5373891001267427,1.0,1.0,70/239,21.17%,FGF21;AGER;SIRPA;GCNT2;OPRM1;THPO;APP;HTR2B;CD44;PDGFD;CRKL;P2RY6;ICAM1;FGF4;XCL1;PLA2G2A;NPNT;HLA-DRB1;CD74;NTRK1;MTURN;ALKAL2;TNFAIP8L3;IGF1;NTRK2;GLIPR2;LYN;FBLN1;SPRED1;NOTCH1;CX3CL1;DUSP4;PDGFRB;PRKCA;BMP2;CCL26;NOD2;CCN2;AMH;P2RY1;FAM83D;DUSP26;DUSP10;MAP2K7;RAPGEF2;ARRB1;PDGFC;SYNJ2BP;EPHA4;C5AR1;DUSP3;SEMA7A;FGF2;SCIMP;NOTCH2;PDE8A;TIRAP;EPHA2;PTEN;DDR1;PTPN2;PTPN11;TIMP3;F2RL1;ARHGAP8;ARRB2;PRKD2;GAS6;PYCARD;ROR2
TDRP,GO_Biological_Process_2023,prerank,Glycerolipid Catabolic Process (GO:0046503),-0.48233528225222544,-0.9723261238266104,0.4959871589085072,1.0,1.0,7/18,16.98%,PLA2G4D;PLA2G4B;SMPD4;GDPD3;GDPD1;MGLL;ABHD2
TDRP,GO_Biological_Process_2023,prerank,Replication Fork Processing (GO:0031297),0.3794545912115725,0.9720339742302433,0.48169014084507045,1.0,1.0,17/46,19.90%,KHDC3L;OOEP;BRCA2;ASF1A;BRCA1;DDX11;ZRANB3;GEN1;PCNA;EME2;RAD51;CDK9;FAM111A;NBN;RBBP8;CARM1;CENPX
TDRP,GO_Biological_Process_2023,prerank,Regulation Of Smooth Muscle Cell Proliferation (GO:0048660),-0.3981213884308952,-0.9713299447586913,0.5274390243902439,1.0,1.0,10/54,12.02%,PTGIR;BMPR2;XRCC5;IGFBP3;IL18;IGF1;ID2;CX3CL1;PDGFRB;BMP2
TDRP,GO_Biological_Process_2023,prerank,Adenylate Cyclase-Inhibiting G Protein-Coupled Receptor Signaling Pathway (GO:0007193),-0.40492006620726384,-0.9713175934483821,0.500768049155146,1.0,1.0,13/52,13.88%,MCHR1;AKAP5;ADCY6;CORT;HTR1B;OPRM1;GABBR2;CHRM2;OXER1;OPRK1;CHRM5;DRD3;GRM4
TDRP,GO_Biological_Process_2023,prerank,Peptidyl-Serine Modification (GO:0018209),-0.3429747143072098,-0.971257903603258,0.5157318741450069,1.0,1.0,76/166,26.69%,MAST3;MAP4K1;HIPK4;PNCK;CSNK1A1;SRPK2;CDK5;CAMK1;DGKQ;TGFBR2;MAPKAPK3;TOP1;CAB39;PKD1;CSNK1G1;TDGF1;VRK2;MBOAT4;GALNT13;VRK3;HIPK1;CAMK2A;LRRK2;RPS6KB1;PRKCA;DYRK1A;PLK2;STK38L;ULK1;DMPK;PKN3;SMG1;CHUK;PKN2;WNK1;CLSPN;DCLK3;SBK1;DYRK3;DYRK4;EIF2AK3;PRKCB;GALNT4;RPS6KA3;PRKCG;DYRK2;CDK2;TGFBR1;GALNT3;TAF1;ROCK2;MTOR;CAMK1D;PRKD2;GAS6;LMTK2;CDK5R1;MAPK14;LATS2;MAPKAPK5;CSNK2A1;ATM;LATS1;PDK3;PDGFB;MYO3A;SRPK1;MAP3K12;TNKS;TTBK2;MAPK12;STK32A;PRKCD;MAST1;ROCK1;ATR
TDRP,GO_Biological_Process_2023,prerank,Response To Light Stimulus (GO:0009416),0.36313776690232097,0.9710300871959293,0.49575070821529743,1.0,1.0,13/58,13.66%,UBE2B;CRY2;USP1;CLOCK;PCLAF;OPN1SW;SLC24A1;ZRANB3;GTF2H2;UVSSA;MAPK10;TP53I13;COPS3
TDRP,GO_Biological_Process_2023,prerank,Meiosis I (GO:0007127),-0.45227004479568,-0.9710097011776704,0.5260586319218241,1.0,1.0,5/25,15.17%,BRDT;SYCP3;ING2;CCNA1;BRME1
TDRP,GO_Biological_Process_2023,prerank,Positive Regulation Of Endothelial Cell Apoptotic Process (GO:2000353),-0.5008494080093288,-0.9708300936495924,0.5221088435374149,1.0,1.0,4/15,6.80%,HLA-G;CD40;RGCC;ECSCR
TDRP,GO_Biological_Process_2023,prerank,Fatty Acid Beta-Oxidation (GO:0006635),0.38000749756756314,0.9707892850890028,0.46827794561933533,1.0,1.0,27/49,23.45%,ABCD2;ACADS;HADHB;ETFA;ECI2;MCAT;ACAD11;BDH2;ACAT2;ACADM;IVD;ACADL;ETFB;HSD17B4;DECR1;PPARD;CRAT;ACOX3;ACOX1;ACAA1;PEX2;ACOXL;ETFDH;ABCD3;EHHADH;ECHS1;SCP2
TDRP,GO_Biological_Process_2023,prerank,fatty-acyl-CoA Biosynthetic Process (GO:0046949),0.42321306874742765,0.9707702020446162,0.4533678756476684,1.0,1.0,10/25,17.05%,ACSL5;ACSL1;SLC25A1;ELOVL7;HSD17B12;ELOVL1;PPT2;ACSL6;HACD2;ACSL4
TDRP,GO_Biological_Process_2023,prerank,Protein Phosphorylation (GO:0006468),-0.31845691372544205,-0.9703815643309674,0.5627157652474108,1.0,1.0,170/500,23.58%,MAST3;MAP4K1;GRK7;HIPK4;PNCK;CSNK1A1;GDF7;ILF3;MAP3K6;EPHA5;BMPR2;PDK2;SRPK2;MYLK3;TSSK3;TAOK3;HCST;CDK5;GDF6;ERN2;PAK6;STK36;MOS;CAMK1;APP;DGKQ;TGFBR2;NEK2;MAPKAPK3;PRPF4B;TOP1;MAP4K4;INSR;TESK2;IGFBP3;TAF13;CAB39;PKD1;SIK1;CSNK1G1;TDGF1;VRK2;GLYCTK;PDK1;NTRK1;CDKL4;ATG13;NTRK2;LYN;FES;MAP3K9;GPI;VRK3;HIPK1;CAMK2A;LRRK2;NEK4;JAK1;PDGFRB;RPS6KB1;PKDCC;PRKCA;BMP2;CCNE1;SIK2;ACVR2B;DYRK1A;PLK2;MINK1;ADM2;AMH;HASPIN;STK38L;STK17B;ULK1;FAM20A;PRKAR1B;RELN;IGF1R;PPP3CB;TAF11;GRK6;CLK3;DMPK;PKN3;RYK;TYRO3;CDK15;FGFR1;EPHA4;PLK4;BMX;SMG1;TNIK;JAK2;CDC42BPA;CHUK;PKN2;WNK1;STRADA;CLSPN;MAP4K3;DCLK3;SBK1;DYRK3;DYRK4;STK19;EIF2AK3;PRKCB;CDK11A;MEX3B;MAP3K11;PAK3;ALK;AURKC;CHEK2;DDR1;RPS6KA4;PIK3R4;NEK11;DAPK1;PXK;RPS6KA3;TRIB2;PRKCG;CDC42BPB;EEF2K;DYRK2;UVRAG;PRKAA2;CDC25B;CSK;CDK2;PRKAG2;CDKL5;TGFBR1;TAF1;STK17A;ROCK2;ACVR2A;MTOR;CAMK1D;PRKD2;GAS6;BRSK2;TAF4B;LMTK2;GSK3A;CDK5R1;MAPK14;LATS2;TXK;TBP;MAPKAPK5;CDK20;WNK4;KDR;ERBB4;CSNK2A1;LIMK2;LCK;TAF10;TAF4;ATM;CDK16;CTBP1;MAP3K3;TLR3;LATS1;GRK3
TDRP,GO_Biological_Process_2023,prerank,Negative Regulation Of Phosphorylation (GO:0042326),-0.3810485545330887,-0.9703525553507001,0.5110782865583456,1.0,1.0,37/74,27.23%,SIRPA;UXT;NPRL2;CRKL;CDKN2A;IGFBP3;MAPT;INPP5K;LYN;ZC3H12A;FBLN1;LRRK2;PIP5KL1;CDKN1A;CHP1;DNAJC10;CDKN2D;PTPN13;CDK5RAP3;FKBP8;IBTK;PTEN;PID1;NIBAN1;PRKN;IRS2;CDKN1B;MEN1;CDKN1C;BMP4;SORD;SH3GL2;CIB1;ROCK1;MYADM;ZBED3;TRAF3IP1
TDRP,GO_Biological_Process_2023,prerank,tRNA Aminoacylation For Protein Translation (GO:0006418),0.39332958560117615,0.9698448799178498,0.4661016949152542,1.0,1.0,20/35,20.08%,FARSB;EPRS1;MARS1;DARS2;DARS1;CARS2;RARS2;FARSA;WARS1;IARS1;HARS1;KARS1;SARS2;HARS2;EARS2;YARS1;AARS2;TARS2;LARS2;TARS1
TDRP,GO_Biological_Process_2023,prerank,Regulation Of Cytokine Production (GO:0001817),-0.34546021632210855,-0.9698011381965497,0.5276705276705277,1.0,1.0,46/165,18.39%,SIRPA;KAT2A;SFTPD;ZBTB6;BTN1A1;DTX4;NFAM1;ICOSLG;SRGN;TRIM56;HTR2B;RGCC;CASP8;BTN2A3P;GATA3;S100A13;FOXP3;CD276;NOS2;HLA-DRB1;ATP2B1;BTN3A1;ZBTB49;LYN;BTNL2;IRF8;TRIM21;IL1A;SNAI2;PTGER4;AMH;BTN3A2;BTNL9;CD47;CLEC4A;GLMN;ALOX5;NLRP12;TNFRSF1B;POLA1;BTN2A2;ZBTB45;RIGI;ZBTB32;PLD3;RPS6KA4
TDRP,GO_Biological_Process_2023,prerank,Actin Nucleation (GO:0045010),-0.4605834639985091,-0.9697734073991068,0.505654281098546,1.0,1.0,9/21,24.58%,LMOD3;SCIN;ACTR3;WIPF3;JMY;WASH2P;MAGEL2;ARPC5;WASHC1
TDRP,GO_Biological_Process_2023,prerank,Positive Regulation Of Triglyceride Metabolic Process (GO:0090208),0.46124339944706805,0.969270142787388,0.4575342465753425,1.0,1.0,5/18,19.02%,CTDNEP1;PLIN5;SLC27A1;GPLD1;SCARB1
TDRP,GO_Biological_Process_2023,prerank,Negative Regulation Of Cell-Cell Adhesion (GO:0022408),-0.4192322061070054,-0.9689408845232238,0.5226917057902973,1.0,1.0,10/40,18.12%,PPM1F;RGCC;KLF4;NEXMIF;NOTCH1;ZNF703;BMP2;NOTCH4;WNK1;JAG1
TDRP,GO_Biological_Process_2023,prerank,B Cell Mediated Immunity (GO:0019724),-0.5052183559636881,-0.9685172029019314,0.5049342105263158,1.0,1.0,4/15,15.40%,SLA2;HLA-G;CD74;CD70
TDRP,GO_Biological_Process_2023,prerank,Glutamine Family Amino Acid Catabolic Process (GO:0009065),0.480089271695486,0.9684625909086604,0.4804177545691906,1.0,1.0,6/15,11.91%,AOC1;PRODH;NOS3;ARG1;ARHGAP11B;GAD1
TDRP,GO_Biological_Process_2023,prerank,Positive Regulation Of Autophagy (GO:0010508),-0.36294217545063406,-0.9684060381017262,0.5329512893982808,1.0,1.0,35/105,21.39%,LARP1;GPSM1;PLEKHF1;TICAM1;NPRL2;IRGM;ORMDL3;TFEB;ATG13;SCOC;SQSTM1;ZC3H12A;PLK3;WAC;LRRK2;TRIM21;TRIM13;SETD2;TSC2;PLK2;RFPL2;ULK1;ENDOG;DAPK1;RNF152;DHRSX;SESN1;UFL1;SESN3;PRKAA2;TPCN1;PRKN;GSK3A;SESN2;TRIM22
TDRP,GO_Biological_Process_2023,prerank,Vesicle-Mediated Transport (GO:0016192),-0.32292594243535916,-0.9683341230701746,0.5675675675675675,1.0,1.0,171/406,26.66%,CHMP6;ANXA8;ALS2CL;EPG5;AP5B1;PLEKHF1;EXOC8;SYTL5;RAB22A;APP;SNAP25;VPS45;FMN2;CYTH1;AP1G1;VAMP1;AP3B1;RAB7B;AP2B1;MYO6;PLEKHF2;AP5S1;EXOC6B;STX5;CSNK1G1;CALY;STXBP3;LRP2;RAB27B;DNM2;WIPF3;SNAP23;STXBP1;CHMP3;AP2A1;VAMP2;SQSTM1;RIN3;EXOC3L1;AP1S1;STX1B;MIB1;AKTIP;STX3;LRRK2;ARF3;LRP8;ARAP3;ALS2;EXOC5;HIP1R;NCALD;VIPAS39;NAPA;STX1A;CHMP1B;CHMP7;NSF;ADRB2;KIF1B;TSC2;CLINT1;SCARA5;ANK1;VPS4A;EQTN;CHMP4C;RAB30;MICALL1;SYTL2;SPTBN4;MYO5A;RAB10;RINL;CACFD1;AP1M1;CADPS2;ATP6V1H;SPAG9;VTA1;EHD3;DENND1B;STX7;ANKFY1;AP3D1;RHOBTB1;RAB2A;RAB27A;CCZ1;ZFYVE16;VPS33A;EHD2;KIF5A;TINAGL1;PIK3R4;WASHC2C;DPYSL2;PXK;AP3B2;CEP83;CHML;DOC2A;AP2S1;SNAPIN;RAB11FIP3;USP6NL;WASH2P;DNM1;UVRAG;RAB5C;CHMP4A;CYTH3;VPS18;VPS13B;RAB4A;REPS2;OSBPL1A;STX16;ATP9B;SNX18;ATP9A;STX6;LRRC7;SYT4;CLEC16A;FNBP1L;RAB5B;ARFGAP3;CCZ1B;TOM1;TSNARE1;ARHGAP1;VPS4B;AP1B1;EPN1;CHMP2A;CDK16;COMMD1;SYTL3;SCFD2;EPS15L1;AP3S2;DENND1C;RAB43;TBC1D2B;MAPK8IP1;CHMP2B;WASHC1;BECN1;RALBP1;NECAP2;TVP23C;EHD4;KIF1A;SNX17;MIA2;SNAP29;ZFYVE9;BLOC1S2;SORT1;EPS15;ARL5A;GOSR2;CHM;UEVLD;RBSN;M6PR;TBC1D23;RAB1A;RAB14;SNX27
TDRP,GO_Biological_Process_2023,prerank,Glucose Homeostasis (GO:0042593),-0.37216149056479164,-0.9682111083984994,0.5253521126760563,1.0,1.0,24/87,21.20%,SLC2A4;GCKR;PDK2;SPACDR;KCNB1;INSR;WFS1;CRTC2;INPP5K;MLXIPL;CEBPA;CMKLR2;ALOX5;NGFR;SLC8B1;POLR2D;PPARGC1A;PTPN2;TCF7L2;FOXK2;PRKAA2;BACE2;CRY1;LRRC8A
TDRP,GO_Biological_Process_2023,prerank,Negative Chemotaxis (GO:0050919),-0.4389002869417435,-0.9681516747092752,0.5080645161290323,1.0,1.0,13/31,17.72%,LRTM2;SEMA3G;SEMA6C;SEMA3B;SEMA4A;LRTM1;ITGAV;SEMA3D;LGR6;SEMA7A;SEMA3C;SEMA4B;SEMA3E
TDRP,GO_Biological_Process_2023,prerank,Positive Regulation Of Endothelial Cell Proliferation (GO:0001938),0.34911812089220146,0.96811895831649,0.48333333333333334,1.0,1.0,12/77,11.23%,CCL24;IGF2;ITGB3;APLN;HMGB1;HIF1A;LRG1;EMC10;AGGF1;PDCL3;NRAS;AKT1
TDRP,GO_Biological_Process_2023,prerank,Regulation Of Biomineral Tissue Development (GO:0070167),0.4269954366629558,0.9680942938794622,0.49415204678362573,1.0,1.0,4/25,2.81%,CYP27B1;SGMS2;NOS3;DDR2
TDRP,GO_Biological_Process_2023,prerank,Regulation Of Chromosome Organization (GO:0033044),-0.4108753521431486,-0.9680375420245044,0.5,1.0,1.0,17/43,20.81%,LIG4;XRCC5;SHCBP1L;MAPT;SLF2;NSMCE3;SMG6;BUB1;INO80;SMC5;INO80E;NSMCE4A;SMG1;INO80D;YY1;CENPV;NFRKB
TDRP,GO_Biological_Process_2023,prerank,Heart Trabecula Morphogenesis (GO:0061384),0.4514524173558192,0.9679848033676722,0.44274809160305345,1.0,1.0,4/18,13.63%,BMP5;FKBP1A;NRG1;HEY1
TDRP,GO_Biological_Process_2023,prerank,B Cell Proliferation (GO:0042100),-0.4589735029113853,-0.9679130939025345,0.512,1.0,1.0,2/23,2.74%,IFNK;CD40
TDRP,GO_Biological_Process_2023,prerank,Regulation Of Striated Muscle Contraction (GO:0006942),0.41940303847515475,0.9676827635826803,0.4889502762430939,1.0,1.0,9/28,23.15%,SCN10A;SMAD7;GRK2;SLC8A3;RNF207;SRI;CAV3;CALM3;ASB3
TDRP,GO_Biological_Process_2023,prerank,Negative Regulation Of Cell Projection Organization (GO:0031345),0.37265148780611734,0.9674261648129828,0.48746518105849584,1.0,1.0,19/50,17.00%,MAG;STMN2;PRNP;HDAC2;RTN4R;DPYSL5;PRAG1;GAK;ZNF365;PAQR3;ITM2C;PTPRS;RTN4RL2;MYLIP;TRPV4;FYN;DENND5A;DCC;APOE
TDRP,GO_Biological_Process_2023,prerank,Regulation Of Wnt Signaling Pathway (GO:0030111),-0.36049659349596674,-0.967051887331623,0.5266106442577031,1.0,1.0,45/107,25.05%,APCDD1;SOSTDC1;CITED1;TIAM1;APP;SOX30;EMD;SULF2;AMER2;CDC73;CCNYL1;LRP1;PPP2R1A;GPI;HHEX;LRRK2;BTRC;CXXC4;TERT;ZNF703;BMP2;TSC2;DEPDC1B;SFRP4;LGR6;OTULIN;FRZB;DAAM2;ITGA3;KANK1;WWOX;PRKN;NKD1;SOX7;VGLL4;PPP1CA;SFRP1;CSNK2A1;MACF1;GRB10;PSEN1;SPIN1;RSPO2;TLE1;CTNNBIP1
TDRP,GO_Biological_Process_2023,prerank,Positive Regulation Of Type II Interferon Production (GO:0032729),0.36244132433099613,0.96693109523936,0.5514018691588785,1.0,1.0,18/58,16.72%,SLC11A1;SCRIB;TYK2;FZD5;IL12RB2;HLA-A;RASGRP1;IL23A;IL18R1;IL1R1;ISG15;HLA-DPA1;TNFSF4;HSPD1;PDE4B;ZFPM1;PDE4D;CYRIB
TDRP,GO_Biological_Process_2023,prerank,Myeloid Cell Activation Involved In Immune Response (GO:0002275),-0.48512471269915003,-0.9669011375875234,0.5048543689320388,1.0,1.0,6/17,28.40%,IFI35;DOCK2;PYCARD;MYO1C;PLCG2;SBNO2
TDRP,GO_Biological_Process_2023,prerank,Amino Acid Catabolic Process (GO:0009063),0.38302634851480855,0.9664626083622206,0.48823529411764705,1.0,1.0,13/38,14.50%,PRODH;HOGA1;DLD;BCKDK;ETFA;CARNMT1;HNMT;BCKDHA;IVD;THNSL2;ETFB;BLMH;ALDH5A1
TDRP,GO_Biological_Process_2023,prerank,Regulation Of Anoikis (GO:2000209),-0.4780401435623595,-0.9663183323730037,0.5347682119205298,1.0,1.0,10/21,28.14%,SIK1;NOTCH1;SNAI2;PIK3CA;PTRH2;SRC;MYBBP1A;TLE1;TLE5;ITGB1
TDRP,GO_Biological_Process_2023,prerank,Steroid Hormone Biosynthetic Process (GO:0120178),0.44786593411792003,0.9662893289968159,0.501187648456057,1.0,1.0,6/19,12.46%,HSD17B8;CYP19A1;HSD17B2;SRD5A3;HSD17B11;MED1
TDRP,GO_Biological_Process_2023,prerank,Regulation Of Lipid Biosynthetic Process (GO:0046890),0.4108723333102827,0.9659052208768323,0.4896907216494845,1.0,1.0,7/28,10.29%,THRSP;RPTOR;AVIL;MID1IP1;MLST8;SIRT4;ASXL3
TDRP,GO_Biological_Process_2023,prerank,Positive Regulation Of TOR Signaling (GO:0032008),0.3705241582452834,0.9658428121002003,0.5013262599469496,1.0,1.0,16/46,14.74%,RICTOR;RRAGB;RPTOR;GPR137;MLST8;SEH1L;WDR24;HDAC3;HTR6;STAMBPL1;GPR137C;LEP;LAMTOR5;FLCN;RNF167;LAMTOR1
TDRP,GO_Biological_Process_2023,prerank,Heart Development (GO:0007507),-0.344712401537133,-0.965045885304369,0.5442708333333334,1.0,1.0,44/167,20.44%,HAND1;FBN1;BMPR2;MEF2D;KAT2A;SMG9;TBX3;HTR2B;ECE1;SGCG;CASP8;POU4F1;TGFBR2;STRA6;INSR;GJA1;PKD1;TDGF1;FGF8;ID2;POPDC2;NOTCH1;FLRT3;DZIP1;PKD2;BMP2;CDKN1A;TSC2;AKAP13;MYL7;PCSK5;CITED2;MESP2;FLRT2;MEGF8;PTEN;POLR2D;MTHFD1;PTPN11;PDLIM5;SGCD;DVL2;TGFBR1;CXADR
TDRP,GO_Biological_Process_2023,prerank,Positive Regulation Of Protein Modification Process (GO:0031401),-0.3338292006001845,-0.9647283027851042,0.5475285171102662,1.0,1.0,73/225,22.95%,FGF21;AGER;WNT3A;CD40;PROM2;FGF9;THPO;GOLGA2;KRAS;APP;EFNA1;IRGM;CRKL;PTPA;FGF4;INSR;HGF;FGF20;ALG10B;HLA-DRB1;SMPD1;ADAM17;CD74;FGF8;NTRK1;DAB2;NTRK2;CARD14;LYN;F2;PGF;AKTIP;LRRK2;AXIN1;ATG10;BMP2;CDKN1A;CHP1;DYRK1A;BAZ2A;P2RY1;IL34;FAM20A;FAXDC2;RELN;ARRB1;BRAT1;AXIN2;TNIK;FXR1;FGF2;C3;FGF22;MMP9;RARRES2;EFNA5;FAS;MAVS;NIBAN1;DVL2;SUV39H1;ROCK2;ACVR2A;GAS6;FBH1;RALB;CHRNA7;ERP29;MYDGF;KDR;ERBB4;CCND1;LIMK2
TDRP,GO_Biological_Process_2023,prerank,Vascular Transport (GO:0010232),-0.3685836491324922,-0.9642487120566472,0.5192307692307693,1.0,1.0,40/82,29.48%,AGER;SLC2A4;SLC16A2;SLC1A1;INSR;SLC2A1;LRP2;SLC16A12;LRP1;SLC22A8;ABCB1;ATP1A4;SLC2A3;SLC7A1;SLC4A4;SLC24A3;SLC7A2;ABCC5;SLC38A2;SLC12A2;SLC4A8;SLC7A5;SLC13A3;SLC6A9;ABCC2;SLC16A7;SLC7A8;SLC1A4;ATP1B2;SLC19A1;ABCC4;SLC1A3;SLC22A3;SLC16A1;SLC5A3;SLC22A2;MFSD2A;ATP8A1;SLC1A5;ATP1A2
TDRP,GO_Biological_Process_2023,prerank,rRNA Catabolic Process (GO:0016075),-0.478527420006454,-0.9641726358675482,0.49918166939443537,1.0,1.0,10/19,27.74%,SLFN14;ERN2;PELO;ZCCHC7;EXOSC6;DIS3L;EXOSC7;XRN1;SLFN12;SLFN13
TDRP,GO_Biological_Process_2023,prerank,Nervous System Development (GO:0007399),-0.3191609987920037,-0.9640788852254435,0.5979020979020979,1.0,1.0,141/431,24.22%,IL1RAPL2;ADGRB2;NOTO;FZD9;PCDHB13;PCDHB9;GFRA3;LIG4;SHANK3;BOC;CDK5;PCDHB14;SCRG1;CXCL1;KLK6;APP;ADGRA2;JRKL;SCIN;POU4F1;ATOH1;PCDHB4;ST8SIA4;ZEB2;ENC1;SERF1A;ZBTB16;CHRM2;NHEJ1;MELTF;BTD;SLC2A1;MDGA1;PKD1;STIL;SMPD1;ADGRB1;RAPGEFL1;NAIP;NRSN2;SOX8;NRTN;CYP46A1;PROX1;TRAK2;TENM1;FLRT3;PKD2;NRSN1;HDAC4;SLC25A16;FGF14;TRIM3;DYRK1A;SPOCK2;NDUFS2;KIRREL3;MERTK;SCN8A;FARP1;RELN;LDB2;GRIK1;ATN1;FGF11;PDGFC;PTN;CRIM1;SOX10;LHX1;MST1R;RYK;CLN5;TYRO3;NAV3;BRINP3;KAT8;VLDLR;ITM2B;FGF2;ZMYND8;CHAC1;NOTCH2;NR2C2;SCN2A;SERPINI1;PTEN;NINJ2;IGSF8;CHRNA3;JAG1;ADGRL3;FGF13;BTBD3;EFNA5;PTS;DAGLB;RPS6KA3;GSS;CABLES1;DOC2A;TMOD2;EVL;EFNB3;IGF2BP1;FABP7;ZDHHC2;SOX3;VPS13B;FUZ;PCSK9;DPF1;TGFBR1;CELSR1;GBA2;PRKN;RAB29;RAPGEF5;ZIC3;ADORA2A;GRHL2;ERBB4;BRINP2;MDGA2;FEZ1;SDK2;JARID2;PPP1R17;THOC6;NLGN1;SPTBN1;CDH2;TMEM223;SHANK2;BDNF;SEMA4F;RITA1;ACTL6B;APLP1;MBD5;ARHGAP26
TDRP,GO_Biological_Process_2023,prerank,Golgi To Plasma Membrane Protein Transport (GO:0043001),-0.4357648279381363,-0.9640194935485766,0.4880382775119617,1.0,1.0,13/28,25.69%,GOLPH3L;VAMP2;NSF;RAB10;GOLPH3;GGA3;GGA1;RAB26;ARFRP1;MACF1;SPTBN1;VAMP5;GGA2
TDRP,GO_Biological_Process_2023,prerank,Antibacterial Humoral Response (GO:0019731),0.3769848307958375,0.9634371765193805,0.5173333333333333,1.0,1.0,7/45,14.30%,WFDC13;H2BC21;WFDC3;HLA-A;FAU;RPL39;H2BC11
TDRP,GO_Biological_Process_2023,prerank,Cellular Nitrogen Compound Biosynthetic Process (GO:0044271),-0.4238549986672568,-0.9633456379709429,0.4914196567862715,1.0,1.0,14/32,20.54%,PM20D1;GCH1;SPHK1;ARG2;NOS2;SULT1A2;CYB5B;CPS1;NOS1;NQO1;ACER3;ACER2;CYP1B1;SLC7A6
TDRP,GO_Biological_Process_2023,prerank,Positive Regulation Of T Cell Activation (GO:0050870),-0.3590334414007855,-0.9629463013095385,0.5125698324022346,1.0,1.0,26/104,19.49%,SIRPA;IL23R;DOCK8;CD274;ARID2;AIF1;GATA3;CD276;HLA-DRB1;SMARCE1;NCK2;HLA-DMA;IL7;SMARCA2;NOD2;TNFRSF13C;FLOT2;PNP;CD47;IL6ST;CD70;JAK2;SMARCC2;GNAO1;SLC7A1;PHF10
TDRP,GO_Biological_Process_2023,prerank,Cortical Actin Cytoskeleton Organization (GO:0030866),0.4452172297789467,0.9628604477927164,0.5040871934604905,1.0,1.0,9/19,23.13%,DLG1;IKBKB;FHOD1;STRIP1;FMNL1;LLGL2;FHOD3;RAB13;FMNL2
TDRP,GO_Biological_Process_2023,prerank,Presynaptic Endocytosis (GO:0140238),-0.43865899672438735,-0.9628581472089323,0.521875,1.0,1.0,15/31,27.32%,CDK5;AP2B1;DNM2;VAMP2;STX1A;CANX;STON2;AP2S1;DNM1;SNCG;SNCB;NLGN1;SNCA;SYNJ1;DNM3
TDRP,GO_Biological_Process_2023,prerank,Regulation Of Dendritic Spine Morphogenesis (GO:0061001),-0.4394365564169284,-0.9621825494608199,0.5348101265822784,1.0,1.0,15/30,23.45%,SRCIN1;NOL3;SHANK3;CDK5;EFNA1;LRRK2;LRP8;RELN;EPHA4;PTEN;PDLIM5;CUX2;CDK5R1;NLGN1;NGEF
TDRP,GO_Biological_Process_2023,prerank,Ureteric Bud Development (GO:0001657),0.45651678973490034,0.9621251702749389,0.5264483627204031,1.0,1.0,4/18,12.43%,TCF21;CER1;SALL1;FOXJ1
TDRP,GO_Biological_Process_2023,prerank,Cellular Response To Glucose Stimulus (GO:0071333),-0.42699711045413524,-0.9621155703042533,0.518341307814992,1.0,1.0,16/34,26.74%,PAX2;AGER;KCNB1;SLC39A14;UNC13B;MLXIPL;IGF1R;CLTRN;PRKAA2;RAB11FIP2;GAS6;XBP1;PDK3;LIN28A;TRA2B;PTPRN2
TDRP,GO_Biological_Process_2023,prerank,Cellular Response To Organic Cyclic Compound (GO:0071407),-0.34227139853971705,-0.9618140498738682,0.5360544217687074,1.0,1.0,44/150,20.77%,EPG5;LARP1;CCDC62;NR1H4;ADCY6;MGARP;RAP1B;SSTR1;POU4F1;P2RY6;ESR1;SLC1A1;ABCB4;IL18;NRIP1;SLC26A6;INPP5K;ZC3H12A;FES;UBE2L3;PKD2;ZNF703;FAM210B;CTNNA1;RAPGEF3;P2RY1;RAPGEF2;P2RX7;SLC26A3;CIB2;P2RX4;AKAP9;P2RY11;SSH1;GOLPH3;CYP1B1;TIPARP;ATP1A1;DIAPH1;NCOA3;TAF1;RYR3;ROCK2;P2RX3
TDRP,GO_Biological_Process_2023,prerank,Pyruvate Metabolic Process (GO:0006090),0.36519503569557793,0.9612994182757887,0.49476439790575916,1.0,1.0,11/50,11.79%,PGAM2;HOGA1;DLD;ALDOC;PDHX;PGK1;HK2;ENO4;PGAM1;PDHA1;PDHB
TDRP,GO_Biological_Process_2023,prerank,Nitric Oxide Metabolic Process (GO:0046209),-0.49715893079555373,-0.9611469295878371,0.5464926590538336,1.0,1.0,10/16,22.17%,GCH1;ARG2;NOS2;CYB5B;CPS1;NOS1;NQO1;CYP1B1;SLC7A6;MTARC1
TDRP,GO_Biological_Process_2023,prerank,Positive Regulation Of Interferon-Alpha Production (GO:0032727),0.4471857863443591,0.9610899514894529,0.495,1.0,1.0,5/21,12.97%,IRF7;IFIH1;DHX36;DDX3X;HSPD1
TDRP,GO_Biological_Process_2023,prerank,Positive Regulation Of Secretion By Cell (GO:1903532),-0.37689994957546186,-0.960947530468642,0.5344070278184481,1.0,1.0,20/73,18.40%,CD33;APBB3;CD2AP;RGCC;KCNB1;RAB27B;GOLPH3L;NMB;IGF1;MYH10;STX1B;IL1A;BMP2;STX1A;UNC13B;CADPS2;P2RX4;RAB27A;ACHE;GOLPH3
TDRP,GO_Biological_Process_2023,prerank,Actin Filament-Based Transport (GO:0099515),-0.4692778608882151,-0.9603760161291615,0.5245346869712352,1.0,1.0,11/20,23.38%,MYO1G;MYO1A;MYO6;MYO19;MYO15A;MYO5A;MYO7A;MYO5C;MYO1B;FNBP1L;MYO1C
TDRP,GO_Biological_Process_2023,prerank,Regulation Of AMPA Receptor Activity (GO:2000311),-0.4533748962514418,-0.9603253127920316,0.49686520376175547,1.0,1.0,10/24,23.21%,NOL3;SHANK3;MINK1;RELN;CACNG2;CNIH4;CACNG8;SHANK1;GSG1L;NLGN1
TDRP,GO_Biological_Process_2023,prerank,Protein Autoprocessing (GO:0016540),-0.48438764717447624,-0.9601376273394833,0.5358306188925082,1.0,1.0,10/18,23.39%,MYRF;KLK6;MYRFL;TMPRSS2;ASRGL1;PIDD1;HTRA2;PCSK9;F12;CTSL
TDRP,GO_Biological_Process_2023,prerank,Actin Polymerization Or Depolymerization (GO:0008154),-0.40159436609492294,-0.9600738909122816,0.543939393939394,1.0,1.0,21/53,22.00%,INF2;MICALL2;DSTN;SCIN;AIF1;WAS;CATIP;FLII;CFL2;ENAH;COBL;JAK2;WASF1;FHDC1;DIAPH1;EVL;TTC17;DIAPH3;PREX1;MICAL3;WASF3
TDRP,GO_Biological_Process_2023,prerank,Plasma Membrane Invagination (GO:0099024),0.42223246377150747,0.9600076254426029,0.5104712041884817,1.0,1.0,10/26,17.37%,ITGAM;GULP1;RHOA;VAMP7;SH3BP1;SNX9;CDC42;ARHGAP25;GSN;AURKB
TDRP,GO_Biological_Process_2023,prerank,Inner Ear Morphogenesis (GO:0042472),-0.45386215949334663,-0.9595411298261524,0.49683544303797467,1.0,1.0,4/24,6.89%,PAX2;USH1C;TMIE;MYO6
TDRP,GO_Biological_Process_2023,prerank,Positive Regulation Of Ossification (GO:0045778),-0.414296709987942,-0.9593759076886663,0.5377503852080123,1.0,1.0,12/41,15.85%,BMPR2;FZD9;WNT5A;ZBTB16;RXRA;ATP2B1;PKDCC;BMP2;ACVR2B;P2RX7;PTN;ALOX5
TDRP,GO_Biological_Process_2023,prerank,Regulation Of miRNA Transcription (GO:1902893),-0.38809123613506513,-0.9593546463999721,0.5306427503736921,1.0,1.0,22/59,26.31%,LILRB4;KLF5;MYCN;KLF4;ESR1;GATA3;TERT;NFIB;FOSL1;FGF2;NGFR;SRF;POU5F1;BMP4;PDGFB;MYB;STAT3;MRTFB;NFATC3;RARA;NCOR1;FOXO3
TDRP,GO_Biological_Process_2023,prerank,Cellular Response To Catecholamine Stimulus (GO:0071870),0.44974470958535084,0.959320143583043,0.5037783375314862,1.0,1.0,7/19,14.21%,TGM2;SIRT2;GNB1;GNG2;KCNQ1;ATP2B4;PDE4B
TDRP,GO_Biological_Process_2023,prerank,Regulation Of T Cell Receptor Signaling Pathway (GO:0050856),-0.42536490821123396,-0.959169594049928,0.5254237288135594,1.0,1.0,11/34,21.30%,LILRB4;PVRIG;SLA2;LGALS3;CD226;PHPT1;DUSP3;PTPN2;PRKD2;NECTIN2;RAB29
TDRP,GO_Biological_Process_2023,prerank,T Cell Mediated Immunity (GO:0002456),0.4451232108519254,0.9590559255114091,0.5165394402035624,1.0,1.0,4/20,7.52%,MICA;CR2;BTN3A3;HLA-A
TDRP,GO_Biological_Process_2023,prerank,Positive Regulation Of Phospholipase C Activity (GO:0010863),-0.42656806464224717,-0.9586078511879991,0.5454545454545454,1.0,1.0,9/36,16.24%,HTR2B;P2RY6;ESR1;NMUR1;PDGFRB;EDNRA;FGFR1;C5AR1;FGF2
TDRP,GO_Biological_Process_2023,prerank,Positive Regulation Of MAPK Cascade (GO:0043410),-0.3234123366470841,-0.9580362724990831,0.5985130111524164,1.0,1.0,88/306,21.17%,DUSP19;TMEM106A;FGF21;MAP4K1;AGER;GCNT2;CD40;TAOK3;OPRM1;THPO;MOS;APP;HTR2B;CD44;PDGFD;CRKL;P2RY6;ICAM1;FGF4;XCL1;PLA2G2A;NPNT;INSR;HLA-DRB1;TDGF1;CD74;NTRK1;MTURN;ALKAL2;TNFAIP8L3;IGF1;NTRK2;DIRAS1;GLIPR2;PIK3R5;JCAD;NOTCH1;TENM1;LRRK2;CX3CL1;PDGFRB;PRKCA;BMP2;CCL26;GDF15;GSDME;ADRB2;ADRA2B;NOD2;CCN2;AMH;P2RY1;GHR;IL34;GRM4;MAP2K7;RAPGEF2;ARRB1;PDGFC;IGF1R;MST1R;RYK;FGFR1;IL11;C5AR1;LIF;SEMA7A;FGF2;IAPP;SCIMP;NOTCH2;PDE8A;KLHDC10;TIRAP;RET;DDR1;PTPN11;DHX33;F2RL1;ARHGAP8;ARRB2;TGFBR1;ROCK2;PRKD2;GAS6;CD24;PYCARD;ROR2
TDRP,GO_Biological_Process_2023,prerank,Inner Mitochondrial Membrane Organization (GO:0007007),0.3976283916898767,0.9579928577131768,0.529891304347826,1.0,1.0,12/34,18.11%,GHITM;HSPA9;TIMM29;TIMM13;SLC25A46;MTX1;MTX2;MAIP1;CHCHD3;SAMM50;LETM1;TMEM11
TDRP,GO_Biological_Process_2023,prerank,Positive Regulation Of Biomineral Tissue Development (GO:0070169),-0.4111807605721831,-0.957822324674656,0.5122699386503068,1.0,1.0,12/43,15.85%,BMPR2;FZD9;ODAPH;RXRA;ATP2B1;CEBPB;PKDCC;BMP2;ACVR2B;P2RX7;PTN;ALOX5
TDRP,GO_Biological_Process_2023,prerank,Positive Regulation Of Lipid Storage (GO:0010884),0.44946239768467383,0.9576051872799157,0.4830287206266319,1.0,1.0,5/20,10.04%,IKBKE;VSTM2A;PLA2G10;PLIN5;EHD1
TDRP,GO_Biological_Process_2023,prerank,Cilium Assembly (GO:0060271),-0.32947240444098314,-0.9575578360961234,0.5647208121827412,1.0,1.0,65/242,18.16%,PTPN23;RSPH4A;ABLIM3;DNAAF3;TMEM107;IFT57;GAS8;FAM149B1;WDR54;CFAP46;STK36;CFAP206;BBS5;ACTR3;BBOF1;TMEM67;KIF27;IQUB;PCNT;TTLL3;SPATA6;DNAAF1;RSPH9;CFAP221;TTC36;PIBF1;WDR35;ASAP1;NOTCH1;KIF3B;CFAP74;DZIP1;CFAP47;UBXN10;ENKD1;OFD1;SSX2IP;DYNC2I1;RAB8A;NPHP3;FBF1;IFT22;CFAP58;TTC21B;RPGRIP1;DNAI2;CEP164;TMEM231;CEP126;RILPL2;CCDC13;PLK4;CEP131;TMEM138;RPGR;CCDC65;CCDC66;EHD3;NME8;FHDC1;DYNLT2B;IFT52;EHD2;RAB23;ACTR2
TDRP,GO_Biological_Process_2023,prerank,Regulation Of Anatomical Structure Morphogenesis (GO:0022603),-0.3536005410583069,-0.9571505155725517,0.5492577597840755,1.0,1.0,40/127,22.38%,SRCIN1;INF2;NOL3;SHANK3;CDK5;ADGRA2;CLDN4;MAPT;LRRK2;SP100;CXCL13;MYO19;LARP4;RAPGEF3;CAPZB;ARHGAP35;EPHA4;DLL1;TNIK;FGF2;VASH2;SDC2;EPHA2;PAK3;CHRNA3;VASH1;PID1;EFNA5;PDLIM5;BCL9L;HECW1;ZMYM6;BRSK2;EGLN1;RUFY3;PHLDB1;CLASP1;CDK5R1;CAMSAP1;SFRP1
TDRP,GO_Biological_Process_2023,prerank,Positive Regulation Of Cartilage Development (GO:0061036),-0.49213679484301853,-0.9564929118142116,0.5261437908496732,1.0,1.0,5/17,12.02%,BMPR2;GDF6;ZBTB16;PKDCC;BMP2
TDRP,GO_Biological_Process_2023,prerank,Antimicrobial Humoral Immune Response Mediated By Antimicrobial Peptide (GO:0061844),-0.3844091381100429,-0.9560511667917995,0.5421875,1.0,1.0,7/63,12.62%,GNLY;SEMG1;CXCL2;CXCL1;CXCL6;F2;CXCL13
TDRP,GO_Biological_Process_2023,prerank,Cellular Response To Alkaloid (GO:0071312),0.4675703140770708,0.9559641945620823,0.4976303317535545,1.0,1.0,6/16,17.03%,TGM2;GSTM2;TRPV1;CASP6;RAD51;CASP7
TDRP,GO_Biological_Process_2023,prerank,Sensory Perception Of Light Stimulus (GO:0050953),-0.3590675612856922,-0.955917897768597,0.5248933143669986,1.0,1.0,20/102,10.60%,RS1;PAX2;CRYGS;RD3;S100G;USH1C;CRYZ;GNAT2;GPR179;CRYBA1;CNGB1;KIFC3;PRPH2;DHRS3;TULP2;CDH23;RABGGTB;WFS1;PDE6C;GUCY2F
TDRP,GO_Biological_Process_2023,prerank,Membrane Repolarization (GO:0086009),-0.49079252073678353,-0.955623284586188,0.5524126455906821,1.0,1.0,11/17,27.95%,KCNE5;KCNE4;KCNE2;ATP1B3;KCNIP2;KCNJ2;ATP1B1;ATP1B2;KCNH2;KCNE3;KCNH7
TDRP,GO_Biological_Process_2023,prerank,Regulation Of Systemic Arterial Blood Pressure (GO:0003073),-0.4982220239268831,-0.9555751401920309,0.5332197614991482,1.0,1.0,9/15,21.74%,BMPR2;DDAH1;SPX;SLC2A5;ADM5;ADM2;PLCB3;GSK3A;KLK1
TDRP,GO_Biological_Process_2023,prerank,Neuron Projection Development (GO:0031175),-0.336991204233962,-0.9555321367123037,0.5564102564102564,1.0,1.0,76/192,26.55%,NOL3;AGER;STMN4;MICALL2;USH1C;VAPA;BHLHA15;MGARP;TAOK3;SHANK3;CDK5;APP;PPP1R9A;POU4F1;ATOH1;MAP4K4;DNM2;MAPT;DIP2A;ZNF335;LYN;NRTN;FLRT3;STX3;LRRK2;RAB6A;ALS2;MINK1;KLK8;ARHGAP35;ULK1;RAPGEF2;GPRIN1;MICALL1;RYK;EPHA4;LAMB1;TNIK;VASH2;FRYL;NEFH;PAK3;EPB41L3;PTEN;SNAPIN;DOCK7;VPS13B;PTPRM;BLOC1S4;SHANK1;CDK5R1;DOCK10;PLXNB1;CAMSAP1;NLGN1;CDK16;BTG2;GBA1;BDNF;CNTNAP1;PQBP1;NCDN;BICDL1;UBB;MAP1S;NCKAP1;BLOC1S5;DICER1;BLOC1S2;NEDD4;SH3GL2;SLC9A6;GPRIN3;TBC1D23;ROCK1;EPHB1
TDRP,GO_Biological_Process_2023,prerank,Membrane Assembly (GO:0071709),-0.41351740079064964,-0.9555042815431439,0.5397815912636506,1.0,1.0,21/38,25.62%,CHMP6;NSFL1C;SPAST;CHMP3;CHMP1B;CHMP7;VPS4A;CHMP4C;TLCD2;PTEN;DMKN;CHMP4A;PTPRD;LRP4;VPS4B;UBXN2B;CHMP2A;NLGN1;SPTBN1;CHMP2B;UGCG
TDRP,GO_Biological_Process_2023,prerank,Regulation Of Actin Nucleation (GO:0051125),-0.45463123476152334,-0.9554313149641611,0.5451505016722408,1.0,1.0,10/22,21.15%,CARMIL2;SCIN;CORO1B;ARFIP1;ARPIN;CARMIL3;WASHC2C;CORO1A;WASH2P;ARFIP2
TDRP,GO_Biological_Process_2023,prerank,Glycerophospholipid Metabolic Process (GO:0006650),-0.38515514088153263,-0.9552596877420919,0.5515625,1.0,1.0,22/62,23.79%,PLA2G4D;PIGV;PLA2G2A;PLA2G4B;SMPD4;PIGZ;PDGFRB;PLAAT1;GDPD3;PIGB;GDPD1;PIGA;PIGW;PLA2G15;PLCB3;HDHD5;PLCD1;PGPEP1;ACP6;SERINC1;PIGG;PLA2G4C
TDRP,GO_Biological_Process_2023,prerank,Positive Regulation Of Calcium Ion Transmembrane Transport (GO:1904427),-0.4071014600616681,-0.9550967705811517,0.5273865414710485,1.0,1.0,14/42,24.38%,TRPC3;CEMIP;XCL1;P2RX2;F2;GRIN1;CX3CL1;P2RX7;PPP3CB;P2RX4;P2RX3;PPP3CC;CACNB2;AKAP6
TDRP,GO_Biological_Process_2023,prerank,Activation Of Protein Kinase Activity (GO:0032147),0.3383121052269766,0.9548900614487822,0.5398230088495575,1.0,1.0,22/81,13.29%,TNFSF15;DYNAP;ITGB3;PRLR;SLC11A1;CARD10;PHB1;PARK7;TNFRSF10A;COPS8;STRADB;PTK2B;PRRC1;PILRB;STK11;TOM1L1;ITGB1BP1;NTF3;LEP;CD86;TXN;NRG1
TDRP,GO_Biological_Process_2023,prerank,Positive Regulation Of Peptide Hormone Secretion (GO:0090277),-0.4011019385506562,-0.9547063000508212,0.5280373831775701,1.0,1.0,17/46,29.06%,HFE;GHRH;PSMD9;GLUD1;POLR2D;TCF7L2;TFR2;LRRC8A;GHRHR;IRS2;AIMP1;SLC30A8;DOC2B;MCU;SIRT6;TM7SF3;TNFSF11
TDRP,GO_Biological_Process_2023,prerank,Positive Regulation Of NLRP3 Inflammasome Complex Assembly (GO:1900227),0.44896514393482667,0.953309916854004,0.49627791563275436,1.0,1.0,3/18,10.35%,STMP1;USP50;DDX3X
TDRP,GO_Biological_Process_2023,prerank,Regulation Of T Cell Activation (GO:0050863),-0.3844494906147922,-0.953074056661339,0.5507692307692308,1.0,1.0,11/60,17.85%,SIRPA;KAT2A;TIGIT;LGALS3;HLA-DRB1;HLA-DMA;ORC3;CD47;DUSP3;TNFRSF1B;GNAO1
TDRP,GO_Biological_Process_2023,prerank,Cellular Response To Tumor Necrosis Factor (GO:0071356),0.3216333237776709,0.9530172809115381,0.570446735395189,1.0,1.0,22/117,15.37%,CCL24;XCL2;HYAL1;NKX3-1;ERBIN;TRAF1;RIPK1;PTK2B;IKBKB;TCL1A;BRCA1;COMMD7;AKT1;TRAF3;RELA;BIRC2;ACTN4;HYAL2;HAS2;NR1D1;CD58;CACTIN
TDRP,GO_Biological_Process_2023,prerank,Receptor Internalization (GO:0031623),-0.39586862149364743,-0.952848692785471,0.5348148148148149,1.0,1.0,9/51,14.59%,LILRB4;ITGB2;DNM2;ENTREP1;LRP1;CXCR2;SNX1;DRD3;ARRB1
TDRP,GO_Biological_Process_2023,prerank,Diacylglycerol Metabolic Process (GO:0046339),-0.4594173927221322,-0.9527655905369881,0.5252525252525253,1.0,1.0,13/23,26.77%,DGKQ;GPAM;DGKI;PLA2G15;DAGLB;DAGLA;DGAT1;DGKA;DGKZ;PNPLA2;DGKK;PLCE1;DGKB
TDRP,GO_Biological_Process_2023,prerank,Vasculature Development (GO:0001944),0.4665826480099979,0.9524538434519708,0.4765432098765432,1.0,1.0,4/16,8.97%,TCF21;ACVRL1;PDGFRA;STK11
TDRP,GO_Biological_Process_2023,prerank,Regulation Of Multicellular Organism Growth (GO:0040014),-0.49399143801016143,-0.9523321234375223,0.5371900826446281,1.0,1.0,7/15,24.21%,GHRH;STAT5A;GDF15;GHR;GHRHR;SOD1;MBD5
TDRP,GO_Biological_Process_2023,prerank,Positive Regulation Of Gene Expression (GO:0010628),-0.31539520257161424,-0.9523176679787978,0.6235565819861432,1.0,1.0,136/478,23.64%,ELAVL4;FGF21;LARP1;PADI2;HFE;BMPR2;WNT3;KAT2A;NWD1;WNT3A;SRPK2;RHOXF2;CITED1;TICAM1;UXT;WNT5A;PPM1F;FGF9;NFAM1;ACTA2;KRAS;APP;PGR;MYCN;MITF;HTR2B;RGCC;KLF4;VSIR;C1QTNF1;DGKQ;POU4F1;FER1L6;CNTF;SLC26A9;FGF4;S100A13;ZBTB7B;RBM20;FGF20;ELAVL1;GJA1;HABP4;CD74;FGF8;TENT5B;BTN3A1;IGF1;NTRK2;PHF1;ID2;MED23;ZC3H12A;OVOL2;PCIF1;EPB41L4B;NOTCH1;CLDN5;RPS6KB1;IL1A;BMP2;YTHDF3;POU3F1;RBM24;PTGER4;DYRK1A;ADM2;LARP4;PKP3;AMH;LARP6;POLR2A;P2RX7;PLSCR1;RBM22;N6AMT1;DLL1;SFRP4;GLMN;FXR1;CELF1;FGF2;CITED2;STOX1;MACROH2A1;PF4;DNMT1;EEF2;RAB27A;SAMD4A;FGF22;SRY;EIF2AK3;RIGI;PID1;PPARGC1A;HNRNPLL;POLDIP3;NIBAN1;PLXNB2;SLC24A3;RBPJ;LURAP1;TENT4B;SLC38A2;TFR2;TGFBR1;ROCK2;AGPAT2;MTOR;GAS6;ATF4;PRKN;GSK3A;FUBP3;CUX2;USP21;NOC2L;MAPK14;PLA2R1;TXK;HSPA1B;TESC;ERP29;ZCCHC4;PYM1;MEN1;CTCFL;ATM;HCFC1;SOD1;LEF1;HINFP;TLR3;NOS1AP;PSEN1
TDRP,GO_Biological_Process_2023,prerank,Response To Exogenous dsRNA (GO:0043330),-0.44305533439893563,-0.9522353814442147,0.5153473344103393,1.0,1.0,10/27,24.60%,IFNK;TICAM1;IFIT1;RIGI;MAVS;SLC3A2;RALB;TLR3;PQBP1;IRAK3
TDRP,GO_Biological_Process_2023,prerank,Negative Regulation Of Protein Metabolic Process (GO:0051248),0.3102164758450392,0.9521362396555433,0.573076923076923,1.0,1.0,50/147,19.59%,CST4;PITX3;CSTA;ITGB3;MAD2L2;PHB1;HDAC6;MDM4;IGF2BP3;PFDN2;PRNP;SIRT2;PFDN4;EIF4A3;SF3B3;NANOS1;EPRS1;RILP;FMR1;MRPL13;DHX36;PFDN6;DDX3X;NHLRC1;SERPINE2;AKT1;VBP1;CAPRIN1;PFDN5;TSC1;DAPK3;FXR2;YBX1;TOB1;PLAT;CLN8;EIF2AK2;APOE;RIC1;NFKB1;CALR;PFDN1;SYNCRIP;SNX3;RPS3;GRB7;ATRAID;CST3;RIDA;PAIP2B
TDRP,GO_Biological_Process_2023,prerank,Protein-Containing Complex Organization (GO:0043933),0.31731761732993563,0.9516375827884307,0.5704225352112676,1.0,1.0,44/124,16.83%,SLC7A9;CARD10;CAPN3;IL2RB;MDM4;VIL1;CSNK2B;KMT2A;TRAF1;LIN7A;PTK2B;SEH1L;IKBKG;EPRS1;RANBP9;GPAA1;NEMF;WIPF1;SLC25A46;TEAD1;PPID;ZW10;PALS2;DARS1;TUBGCP2;VAMP3;NIFK;TPR;NDC1;KIFAP3;DET1;CAPZA1;OCLN;SNX9;APC;AP2M1;KNTC1;NAPG;NDUFAF1;MATN1;OTX2;PICALM;CAPG;YAP1
TDRP,GO_Biological_Process_2023,prerank,Regulation Of Protein-Containing Complex Assembly (GO:0043254),0.32405405557394007,0.9515944421076414,0.5888501742160279,1.0,1.0,47/119,20.89%,INSM1;HRK;HDAC6;PARK7;CDC42EP2;KIF9;SVIP;GNL3L;VPS11;SEPTIN9;VPS39;SORL1;GFAP;TCL1A;HJURP;BID;DDX3X;LCMT1;TRABD2B;RHOC;NRG1;MAPK15;RIOK3;WARS1;OPRD1;SLF1;SAR1B;CDC42;RAF1;FBLIM1;EIF2AK2;GSN;APOE;FAF1;TFRC;BMF;NCLN;TFIP11;ANKRA2;FNIP2;RPS3;VPS41;HSPA8;SYK;TRABD2A;PEX5;DAB2IP
TDRP,GO_Biological_Process_2023,prerank,Positive Regulation Of Tumor Necrosis Factor Production (GO:0032760),-0.371438144808736,-0.9515525263356305,0.5644444444444444,1.0,1.0,18/77,18.97%,TMEM106A;LY96;OAS3;WNT5A;HLA-E;APP;SPN;IL1A;NOD2;AMH;FRMD8;JAK2;HAVCR2;PF4;TIRAP;RIGI;MAVS;PTPN11
TDRP,GO_Biological_Process_2023,prerank,Regulation Of Cellular Senescence (GO:2000772),-0.41051915630110525,-0.9513564208848772,0.5249169435215947,1.0,1.0,9/35,18.22%,HLA-G;ING2;ARG2;NEK4;TERT;FZR1;AMH;PTEN;VASH1
TDRP,GO_Biological_Process_2023,prerank,NADH Dehydrogenase Complex Assembly (GO:0010257),0.36007172095933965,0.951326584620297,0.540785498489426,1.0,1.0,22/53,20.98%,NDUFC2;NDUFB2;NDUFAB1;NDUFA6;TMEM126B;COA1;NDUFA3;NDUFS5;NDUFA1;TMEM186;NDUFS7;LYRM2;NDUFA10;NDUFAF1;NDUFB5;NDUFB1;NDUFS3;NDUFA9;ECSIT;NDUFAF8;NDUFS4;TIMM21
TDRP,GO_Biological_Process_2023,prerank,Mitochondrial Respiratory Chain Complex I Assembly (GO:0032981),0.36007172095933965,0.951326584620297,0.540785498489426,1.0,1.0,22/53,20.98%,NDUFC2;NDUFB2;NDUFAB1;NDUFA6;TMEM126B;COA1;NDUFA3;NDUFS5;NDUFA1;TMEM186;NDUFS7;LYRM2;NDUFA10;NDUFAF1;NDUFB5;NDUFB1;NDUFS3;NDUFA9;ECSIT;NDUFAF8;NDUFS4;TIMM21
TDRP,GO_Biological_Process_2023,prerank,Transport Across Blood-Brain Barrier (GO:0150104),-0.36274467372018915,-0.9512474798066763,0.55420054200542,1.0,1.0,40/84,29.48%,AGER;SLC2A4;SLC16A2;SLC1A1;INSR;SLC2A1;LRP2;SLC16A12;LRP1;SLC22A8;ABCB1;ATP1A4;SLC2A3;SLC7A1;SLC4A4;SLC24A3;SLC7A2;ABCC5;SLC38A2;SLC12A2;SLC4A8;SLC7A5;SLC13A3;SLC6A9;ABCC2;SLC16A7;SLC7A8;SLC1A4;ATP1B2;SLC19A1;ABCC4;SLC1A3;SLC22A3;SLC16A1;SLC5A3;SLC22A2;MFSD2A;ATP8A1;SLC1A5;ATP1A2
TDRP,GO_Biological_Process_2023,prerank,Positive Regulation Of Substrate Adhesion-Dependent Cell Spreading (GO:1900026),0.39039729368545156,0.9510422451106794,0.5207756232686981,1.0,1.0,13/35,20.37%,MYOC;APOA1;CRK;C1QBP;TESK1;CASS4;CDC42;S100A10;CALR;RREB1;MDK;LIMS1;DOCK5
TDRP,GO_Biological_Process_2023,prerank,Sensory Perception Of Chemical Stimulus (GO:0007606),0.33528097596848055,0.9510242318092307,0.551829268292683,1.0,1.0,7/82,17.65%,OR8D4;OR6A2;SYT10;MKKS;GNAS;OR3A2;ITPR3
TDRP,GO_Biological_Process_2023,prerank,Platelet Dense Granule Organization (GO:0060155),-0.45857707077829224,-0.9510050339172947,0.5440251572327044,1.0,1.0,12/22,27.33%,AP1G1;AP3B1;AP1S1;AP1M1;HPS3;AP3D1;AP1B1;AP3S2;HPS4;HPS1;BLOC1S2;HPS6
TDRP,GO_Biological_Process_2023,prerank,Regulation Of SMAD Protein Signal Transduction (GO:0060390),-0.43645050189968254,-0.9508974636551417,0.5412698412698412,1.0,1.0,8/27,16.18%,BMPR2;SH2B1;FAM89B;DAB2;OVOL2;LRP1;KIAA0319;JAK2
TDRP,GO_Biological_Process_2023,prerank,Non-Canonical Wnt Signaling Pathway (GO:0035567),-0.40827978207502996,-0.9504276455572632,0.5479876160990712,1.0,1.0,16/40,22.43%,FZD9;WNT5A;TIAM1;TMEM67;FZD1;WNT9B;GPI;FZD3;RYK;SFRP4;PRICKLE1;FRZB;DVL2;CELSR1;SFRP1;WNT4
TDRP,GO_Biological_Process_2023,prerank,Intracellular Calcium Ion Homeostasis (GO:0006874),-0.3454421463142658,-0.950312887367471,0.5609418282548476,1.0,1.0,45/138,24.89%,CTRC;FZD9;CD40;YWHAE;CALCA;ATP2C1;CXCL12;TRPC3;HTR2B;ATP2B2;ATP2B1;CDH23;WFS1;F2;ATP2C2;HCRTR1;STC2;EDNRA;BAX;DRD3;TRPA1;DMPK;TRPM2;BAK1;SLC8B1;SLC24A5;HRC;PACS2;SLC24A3;STIM1;KCTD17;MICU1;CHRNA7;CALCB;TRPC4;AFG3L2;TMEM178A;PSEN1;MICU3;TRPC6;RGN;RYR1;HERPUD1;TRPC5;ATP1B1
TDRP,GO_Biological_Process_2023,prerank,Protein K63-linked Deubiquitination (GO:0070536),0.39075510255992274,0.9502311916833721,0.5305039787798409,1.0,1.0,18/33,21.74%,TNFAIP3;STAMBP;USP50;CYLD;USP13;STAMBPL1;BRCA1;SPATA2;BABAM1;OTUD4;UIMC1;USP8;ABRAXAS2;OTUD7B;ATXN3;ZRANB1;MPND;USP27X
TDRP,GO_Biological_Process_2023,prerank,Inositol Lipid-Mediated Signaling (GO:0048017),-0.41922759430090095,-0.9497421607854466,0.5288461538461539,1.0,1.0,18/33,27.23%,TNFAIP8L3;IGF1;PDGFRB;RPS6KB1;IGF1R;PIRT;FGFR1;PLCB3;PLCD1;PLCB4;GPR143;PI4KB;INPP5A;PLCG2;PLCB2;PLCE1;GAB2;KCNH1
TDRP,GO_Biological_Process_2023,prerank,Negative Regulation Of Protein Modification By Small Protein Conjugation Or Removal (GO:1903321),0.35942969962139354,0.9493955810204453,0.5555555555555556,1.0,1.0,18/54,18.65%,TNFAIP3;PIAS3;CAPN3;SMAD7;PARK7;SVBP;SH3RF2;GNL3L;DNAJA1;ISG15;AKT1;HDAC8;CTNNB1;USP4;NXN;OGT;MINAR1;RPS3
TDRP,GO_Biological_Process_2023,prerank,Protein Dephosphorylation (GO:0006470),-0.3468721685963436,-0.9493942616173885,0.5695006747638327,1.0,1.0,52/122,24.45%,TPTE;PPM1F;PTPRH;PPM1E;PPP2R5E;TNS2;PTPN9;DUSP22;PPP2R1A;PTPN5;PTPN7;MTMR2;PTPN3;PPM1B;DUSP26;TAB1;PTPN13;DUSP10;PPP3CB;PHPT1;PPP4R3A;PTPRB;DUSP3;PTPRT;PPM1D;DUSP5;PTEN;PPM1M;SSH1;PGAM5;PTPRG;PPM1L;SSH2;PTPRA;PTPN2;PTPN11;SDHAF2;CTTNBP2NL;PTPRD;MTMR7;UBASH3B;PTPRM;PPP3CC;ILKAP;PPP1CA;TIMM50;PPP1CC;PPM1N;PPP2R5B;PPP1CB;DUSP6;PTPRF
TDRP,GO_Biological_Process_2023,prerank,Sensory Perception (GO:0007600),-0.39209087634223955,-0.9492508285092955,0.5279878971255674,1.0,1.0,15/50,17.22%,USH1C;OPRM1;KCNK4;PTGES;ASIC3;CDH23;NMB;OPRK1;TRPA1;P2RX7;MME;NIPSNAP1;MYO7A;C5AR1;P2RX4
TDRP,GO_Biological_Process_2023,prerank,Cytokine-Mediated Signaling Pathway (GO:0019221),0.2914150042579822,0.9492267584182723,0.6698564593301436,1.0,1.0,35/243,12.09%,CCL24;XCL2;IL37;IL5RA;IL15RA;PRLR;CLCF1;IL2RB;IL27RA;CSNK2B;MAPK3;TRAF1;RIPK1;TYK2;PTK2B;IL12RB2;JAK3;IKBKB;SLC27A1;MFAP3;IL6R;STAT4;IL18R1;IL1R1;COMMD7;ADIPOR1;LEP;EGR1;AKT1;TRAF3;RELA;DUOX1;APLP2;BIRC2;ACTN4
TDRP,GO_Biological_Process_2023,prerank,Regulation Of Telomerase RNA Localization To Cajal Body (GO:1904872),0.46160627106972785,0.9491810978476245,0.5235732009925558,1.0,1.0,11/17,21.60%,CCT4;CCT7;TNIP1;TCP1;CCT6A;CCT8;DKC1;NOP10;EXOSC10;RUVBL1;RUVBL2
TDRP,GO_Biological_Process_2023,prerank,Mitophagy (GO:0000423),-0.4820601564665272,-0.9490766402728278,0.528,1.0,1.0,7/16,24.62%,ATG13;SQSTM1;ATG4B;PRKN;ARFIP2;MAP1LC3B;BECN1
TDRP,GO_Biological_Process_2023,prerank,Endosomal Transport (GO:0016197),-0.3392173814236119,-0.9490192626904849,0.5935397039030955,1.0,1.0,83/178,26.66%,ANXA8;PTPN23;ALS2CL;MICALL2;AP5B1;TBC1D10C;AP5S1;STX5;CALY;WIPF3;VPS52;CHMP3;SQSTM1;ACAP2;RAB6A;ALS2;CHMP1B;SNX1;SNX4;VPS4A;MICALL1;CLN5;VPS35L;RAB10;SNX5;SPAG9;RCSD1;EHD3;VPS54;DENND1B;TBC1D10B;ANKFY1;ANKRD50;SNX12;PLEKHJ1;ZFYVE16;VAMP4;EHD2;RHOBTB3;TINAGL1;WASHC2C;LAPTM4B;DENND2A;GGA1;RAB11FIP3;WASH2P;ARFRP1;RGP1;REPS2;STX16;SNX18;LMTK2;RAB29;CLTC;STX6;EIPR1;CLEC16A;MAGEL2;TOM1;ARHGAP1;VPS4B;VPS53;VPS26A;CHMP2A;RAB11FIP4;EPS15L1;RAB9B;TMEM87A;DENND1C;RAB43;CHMP2B;WASHC1;EHD4;SNX17;PIKFYVE;ZFYVE9;BLOC1S2;SORT1;EPS15;RBSN;TBC1D23;RAB14;SNX27
TDRP,GO_Biological_Process_2023,prerank,Interstrand Cross-Link Repair (GO:0036297),-0.41628504974699526,-0.9489572207407123,0.5456026058631922,1.0,1.0,21/36,29.35%,FAAP24;FANCB;FANCI;FAAP20;DCLRE1C;FANCF;DCLRE1A;RNF168;FANCD2;RFWD3;XRCC3;EXO5;VCP;HROB;MCM8;ERCC4;RAD51AP1;ERCC6L2;FANCM;FSCN1;FANCA
TDRP,GO_Biological_Process_2023,prerank,Positive Regulation Of Macromolecule Metabolic Process (GO:0010604),-0.31963034440143573,-0.9489240308688769,0.6419902912621359,1.0,1.0,99/362,23.65%,FGF21;ANKRD31;HFE;BMPR2;WNT3;NWD1;WNT3A;SRPK2;RHOXF2;CITED1;TICAM1;UXT;WNT5A;PPM1F;FGF9;ACTA2;KRAS;APP;PGR;MYCN;MITF;RGCC;KLF4;ECE1;VSIR;C1QTNF1;DGKQ;POU4F1;FER1L6;CNTF;SLC26A9;FGF4;ZBTB7B;FGF20;GJA1;CD74;FGF8;WFS1;IGF1;NTRK2;ID2;MED23;ZC3H12A;OVOL2;EPB41L4B;NOTCH1;CLDN5;UHRF1;IL1A;BMP2;POU3F1;NSF;ADM2;PKP3;AMH;P2RX7;PLSCR1;DLL1;SFRP4;CELF1;FGF2;CITED2;STOX1;PF4;DNMT1;RAB27A;FGF22;SRY;EIF2AK3;RIGI;PID1;PPARGC1A;SLC24A3;RBPJ;SLC38A2;TGFBR1;ROCK2;MTOR;GAS6;ATF4;PRKN;GSK3A;RAB29;FUBP3;CUX2;MAPK14;CHRNA7;HSPA1B;TESC;ERP29;CTCFL;ATM;HCFC1;LEF1;HINFP;TLR3;NOS1AP;PSEN1;GBA1
TDRP,GO_Biological_Process_2023,prerank,Response To Glucose (GO:0009749),-0.39701630436082125,-0.9487199654803425,0.5440729483282675,1.0,1.0,22/46,26.92%,PAX2;KCNB1;VAMP2;SLC39A14;KLRG1;UNC13B;IGF1R;TCF7L2;EIF2B1;PRKAA2;GAS6;IRS2;XBP1;SLC30A8;PDK3;PFKL;SELENOS;LIN28A;EIF2B5;TRA2B;THBS1;ZBED3
TDRP,GO_Biological_Process_2023,prerank,Chromatin Remodeling (GO:0006338),-0.32932005257592334,-0.9486841545878947,0.5875486381322957,1.0,1.0,89/226,25.20%,NPM2;BRDT;PADI2;KAT2A;SRPK2;EZHIP;CHD3;PRDM16;ARID2;ESR1;TOP1;RBBP7;FOXP3;HCFC2;SMARCE1;TDG;ZNF335;PHF1;WAC;HDAC4;SMARCA2;INO80;CBX3;SETD2;YEATS4;SNAI1;BAZ2A;HNRNPC;EZH1;SATB2;ZNF274;INO80E;SATB1;KDM5B;DEPDC1B;GLMN;TRIP12;MTA2;MACROH2A1;SMARCC2;HDGF;MTHFR;NPM3;CHD4;KDM4D;SETD7;SMARCAD1;GPX1;HDAC5;TADA2B;PHF10;CHD6;INO80D;PIH1D1;YY1;PCID2;DPF1;PWWP2B;RNF168;ATRX;TET1;NFRKB;RSF1;KDM2B;BCL7C;LIN54;BMI1;PAXIP1;DDX21;IWS1;SMARCD2;DEK;JARID2;SKP1;DDX23;HCFC1;YEATS2;SFPQ;TAF6L;ACTL6B;CTCF;PER2;MYBBP1A;CHD8;PCGF1;PSIP1;BRD9;GATAD2B;MTF2
TDRP,GO_Biological_Process_2023,prerank,Epithelial Cell Differentiation (GO:0030855),0.3164902261125435,0.9485848301461859,0.5765124555160143,1.0,1.0,24/131,12.08%,HSF4;TCF21;GSTA1;ANXA1;UPK3A;UPK1B;KDM6B;VIL1;ALDOC;HDAC2;SCRIB;ANXA4;IRF6;PGK1;E2F8;ANXA7;TPP1;KRT19;BDH2;OVOL3;DEUP1;AKT1;PLAAT3;CBR1
TDRP,GO_Biological_Process_2023,prerank,Regulation Of Nuclear Division (GO:0051783),-0.47233689994585015,-0.9482516504868135,0.5357142857142857,1.0,1.0,4/19,6.11%,CUL7;CUL9;FBXO43;NEK2
TDRP,GO_Biological_Process_2023,prerank,Response To Type II Interferon (GO:0034341),0.3423088888048946,0.9480097230165283,0.553125,1.0,1.0,6/78,4.55%,CCL24;XCL2;CYP27B1;SLC11A1;CIITA;TLR2
TDRP,GO_Biological_Process_2023,prerank,Glycerophospholipid Biosynthetic Process (GO:0046474),-0.3544276587538107,-0.9479756061821348,0.5568685376661743,1.0,1.0,53/108,27.38%,INPP5J;LPCAT3;DGKQ;SLC44A4;TPTE2;PTDSS2;GPAM;PCYT1A;GPAT4;INPP5K;MTMR14;LIPI;PCYT1B;AGPAT5;MTMR2;MUC1;INPP4A;PLSCR1;SLC44A2;GPAT3;BMX;FGF2;PIP5K1B;MBOAT7;PTEN;HDHD5;ETNK2;AGPAT2;ABHD5;INPP5D;MTMR7;IMPA1;MTMR1;SELENOI;FIG4;SACM1L;ACP6;PCYT2;LCLAT1;PI4KB;PLA2G4C;DGKA;DGKZ;CDS1;SFI1;LPCAT1;PLCG2;PIKFYVE;MTMR4;DGKB;SYNJ1;PITPNM1;INPP4B
TDRP,GO_Biological_Process_2023,prerank,Negative Regulation Of Response To Endoplasmic Reticulum Stress (GO:1903573),-0.4464577994139721,-0.947890396588057,0.537828947368421,1.0,1.0,17/25,29.85%,LPCAT3;CREB3L1;WFS1;LRRK2;BCL2L1;UBXN1;PRKN;AQP11;XBP1;HERPUD1;USP25;SELENOS;TXNDC12;PTPN1;NR1H2;CLU;SYVN1
TDRP,GO_Biological_Process_2023,prerank,Microtubule Bundle Formation (GO:0001578),-0.3904504195941916,-0.9471914794133399,0.5529953917050692,1.0,1.0,15/51,16.47%,RSPH4A;GAS8;CFAP46;STK36;TPPP;CFAP206;TPPP3;SPAST;TTLL3;DNAAF1;RSPH9;CFAP74;CHP1;NUMA1;CCDC66
TDRP,GO_Biological_Process_2023,prerank,Eye Development (GO:0001654),-0.3818479592588533,-0.9471367378866379,0.5413416536661466,1.0,1.0,19/55,24.08%,RS1;PAX2;FBN1;CHRDL1;SMG9;STRA6;HIPK1;PBX3;PBX4;COL5A2;MEIS2;POLR2D;CEP290;SALL2;COL5A1;SCO2;FREM2;SIPA1L3;CACNA1C
TDRP,GO_Biological_Process_2023,prerank,Transcription By RNA Polymerase III (GO:0006383),0.40825847118787933,0.9471195017408353,0.53954802259887,1.0,1.0,10/28,20.90%,GTF3A;SNAPC1;ZC3H8;GTF3C3;ZNF345;GTF3C6;POLR2K;RO60;POLR3H;POLR3GL
TDRP,GO_Biological_Process_2023,prerank,Synaptic Vesicle Recycling (GO:0036465),-0.40471030029061655,-0.9466120717483714,0.5339233038348082,1.0,1.0,21/44,27.32%,WNT3A;CDK5;GIT1;AP2B1;DNM2;VAMP2;STX1A;CANX;AP3D1;STON2;AP3B2;AP2S1;DNM1;SNCG;SNCB;NLGN1;AP3S2;SNCA;GIT2;SYNJ1;DNM3
TDRP,GO_Biological_Process_2023,prerank,Regulation Of Cell Cycle Process (GO:0010564),-0.34755762525989664,-0.9465727344811252,0.5794520547945206,1.0,1.0,47/129,24.65%,KIF2B;CUL7;ANKK1;CUL9;FBXO43;GIT1;ARID2;NEK2;DBF4B;SMARCE1;CCNL2;PLK3;BCL2L1;SMARCA2;BUB1;MYO19;SETD2;SPAG5;ATF5;USP19;SMARCC2;KLHL21;FSD1;AURKC;PIK3R4;SND1;DCUN1D3;RAB11FIP3;PHF10;UVRAG;KLHL13;DPF1;KNSTRN;YTHDF2;RPRD1B;BCL7C;ZNF207;SFRP1;PRC1;SMARCD2;OBSL1;RAB11FIP4;ACTL6B;L3MBTL1;SH3GLB1;BECN1;MYBBP1A
TDRP,GO_Biological_Process_2023,prerank,Melanosome Assembly (GO:1903232),-0.4808755485913252,-0.9465196473582871,0.5463576158940397,1.0,1.0,12/18,27.33%,AP1G1;AP3B1;AP1S1;AP1M1;HPS3;AP3D1;RAB32;AP1B1;AP3S2;HPS4;HPS1;HPS6
TDRP,GO_Biological_Process_2023,prerank,Negative Regulation Of Cell Population Proliferation (GO:0008285),-0.3158112690820632,-0.946142409004758,0.6485549132947976,1.0,1.0,138/376,25.49%,CD33;IFNK;PTGIR;SMAD6;BMPR2;P3H1;WNT5A;OPRM1;CTBP2;GAS8;MARVELD3;CDKN3;TBX3;CXCL1;APP;DDAH1;RGCC;THAP12;ARID2;SCIN;SLC16A2;CLMN;SPEG;AIF1;GATA3;P3H3;CDKN2A;FOXP3;IFI35;IGFBP3;TNS2;NCK2;KLF11;EMD;KANK2;DELEC1;ADGRB1;TENT5B;NTRK1;CGREF1;ATG13;ZBTB49;CDC73;LYN;FBLN1;PROX1;IFIT3;TFDP1;RNF139;NOTCH1;TENM1;ADGRG1;PKD2;SMARCA2;IL1A;MCC;BMP2;SH2B3;CDKN1A;GSDME;TSC2;ATF5;E2F7;CDKN2D;CEBPA;ULK1;INCA1;NLRC3;DUSP10;RAPGEF2;WDR6;LDOC1;ZNF268;AXIN2;DLL1;SOD2;SFRP4;GLMN;ING4;JAK2;CELF1;SULT2B1;PPM1D;VHL;NUP62;PTEN;FRZB;WNT9A;POLR2D;COL4A3;PPARGC1A;PTPN2;MAGED1;CYP1B1;BTG1;DIS3L2;COL18A1;FABP7;FUZ;ADAMTS8;TMEM115;NIBAN2;AQP11;KDM2B;SOX7;NOX4;VGLL4;P3H2;SAV1;PLXNB1;HSPA1B;TESC;IGFBP7;SFRP1;ERBB4;CDKN1B;KDF1;MEN1;BTG2;CTBP1;MYO1C;ITGA1;TIAL1;E2F3;DLG3;CDKN1C;BMP4;CTCF;PER2;CDC6;PRKRA;IGFBP5;TOB2;CTNNBIP1;E2F1;TFAP4;PDS5B;RB1CC1
TDRP,GO_Biological_Process_2023,prerank,Lung Development (GO:0030324),-0.4229353883141974,-0.9459698130730902,0.5660964230171073,1.0,1.0,15/33,24.25%,FGF9;STRA6;PKD1;DNAAF1;RCAN3;PROX1;NPHP3;CEBPA;ERRFI1;POLR2D;ITGA3;LOXL3;ZIC3;CCDC39;BMP4
TDRP,GO_Biological_Process_2023,prerank,Positive Regulation Of Supramolecular Fiber Organization (GO:1902905),0.3270050221805532,0.945969156243717,0.574750830564784,1.0,1.0,30/95,19.06%,CCL24;ALOX15;STMN2;TNXB;VIL1;COLGALT1;CDC42EP2;SYNPO2L;LMOD1;PTK2B;FCHSD2;BIN1;SLAIN2;MTSS1;OCLN;SNX9;PDXP;PFN1;PFN2;LIMK1;TRPV4;CTTN;GSN;APOE;FCHSD1;USP8;WHAMM;RPS3;CLIP1;CDK5RAP2
TDRP,GO_Biological_Process_2023,prerank,Antiviral Innate Immune Response (GO:0140374),-0.3945156473399014,-0.945877341521085,0.5453125,1.0,1.0,16/46,21.27%,DHX58;IFIT2;TRIM7;NLRP1;NMB;IFIT3;UBE2N;USP44;SENP7;IFIT1;DUS2;TRAF6;RIGI;MAVS;IGF2BP1;UBE2W
TDRP,GO_Biological_Process_2023,prerank,Regulation Of Lymphocyte Differentiation (GO:0045619),0.43736734288863227,0.9457255455077654,0.5376623376623376,1.0,1.0,6/19,24.64%,PRELID1;PRKDC;SPINK5;ZFP36L2;XRCC6;METTL3
TDRP,GO_Biological_Process_2023,prerank,Regulation Of Defense Response (GO:0031347),-0.3582860745349509,-0.9455587979170311,0.5737226277372263,1.0,1.0,31/95,20.00%,NLRP8;DHX58;AGER;WNT5A;ZMPSTE24;CASP8;PTGES;XCL1;NLRP1;NLRP2;NLRP14;XIAP;LETMD1;LRP8;NOD2;APPL1;NLRP7;ALOX5;MGLL;JAK2;SEMA7A;CELF1;TIRAP;GRN;PIK3AP1;ADAMTS12;DAGLB;AREL1;UFL1;IGF2BP1;BRD4
TDRP,GO_Biological_Process_2023,prerank,Cardiac Muscle Tissue Development (GO:0048738),-0.3915418395783686,-0.9454259531465928,0.5612708018154312,1.0,1.0,16/52,19.22%,ASB2;BMPR2;SMAD5;SGCG;GJA1;SIK1;HEY2;MSX1;NOTCH1;BMP2;AKAP13;MYL7;ADAMTS9;NOTCH2;POLR2D;SGCD
TDRP,GO_Biological_Process_2023,prerank,Regulation Of Natural Killer Cell Mediated Cytotoxicity (GO:0042269),-0.4218920636400567,-0.945293055238774,0.5222929936305732,1.0,1.0,6/32,11.86%,HLA-G;RAET1E;HLA-E;KLRK1;HLA-F;CD226
TDRP,GO_Biological_Process_2023,prerank,Negative Regulation Of Intracellular Protein Transport (GO:0090317),-0.4430512035701636,-0.9452443648258289,0.5395799676898223,1.0,1.0,8/24,18.12%,S100G;SIAH3;INPP5K;LRRK2;SP100;CHP1;LMAN1;RAB23
TDRP,GO_Biological_Process_2023,prerank,Regulation Of Adenylate Cyclase Activity (GO:0045761),-0.48439090149224456,-0.9450930382643546,0.531810766721044,1.0,1.0,4/17,19.51%,AKAP5;GABBR2;CACNA1D;STIM1
TDRP,GO_Biological_Process_2023,prerank,Dephosphorylation (GO:0016311),-0.3399180182821082,-0.9450522898772982,0.5851063829787234,1.0,1.0,55/146,22.81%,TPTE;PLPP4;PPM1F;PTPRH;PPM1E;PPP2R5E;PTPN9;TPTE2;PLPPR5;INPP5K;DUSP22;PPP2R1A;PTPN5;DUSP4;BTRC;PLPPR3;PTPN7;NT5C;MTMR2;PTPN3;PPM1B;DUSP26;TAB1;PTPN13;DUSP10;PPP3CB;PHPT1;PPP4R3A;DUSP15;PTPRB;DUSP3;PTPRT;PPM1D;DUSP5;PTEN;PPM1M;SSH1;PTPRG;PPM1L;SSH2;PTPRA;PTPN11;SDHAF2;CTTNBP2NL;PTPRD;MTMR7;PTPRM;PPP3CC;ACP3;ILKAP;PPP1CA;ACP6;TIMM50;ALPL;PPP1CC
TDRP,GO_Biological_Process_2023,prerank,Respiratory Tube Development (GO:0030323),-0.43764470128456695,-0.9449784008477741,0.5443037974683544,1.0,1.0,14/27,24.25%,FGF9;HECA;STRA6;DNAAF1;PROX1;NPHP3;CEBPA;PCSK5;POLR2D;ITGA3;LOXL3;ZIC3;CCDC39;BMP4
TDRP,GO_Biological_Process_2023,prerank,Mitotic Spindle Assembly Checkpoint Signaling (GO:0007094),0.4201446085524409,0.9448620445442452,0.5488126649076517,1.0,1.0,13/26,18.64%,MAD2L2;TTK;PLK1;ZW10;TPR;BUB3;NDC80;ZWINT;KNTC1;IK;SPC25;ZWILCH;CENPF
TDRP,GO_Biological_Process_2023,prerank,Spindle Assembly Checkpoint Signaling (GO:0071173),0.4201446085524409,0.9448620445442452,0.5488126649076517,1.0,1.0,13/26,18.64%,MAD2L2;TTK;PLK1;ZW10;TPR;BUB3;NDC80;ZWINT;KNTC1;IK;SPC25;ZWILCH;CENPF
TDRP,GO_Biological_Process_2023,prerank,Mitotic Spindle Checkpoint Signaling (GO:0071174),0.4201446085524409,0.9448620445442452,0.5488126649076517,1.0,1.0,13/26,18.64%,MAD2L2;TTK;PLK1;ZW10;TPR;BUB3;NDC80;ZWINT;KNTC1;IK;SPC25;ZWILCH;CENPF
TDRP,GO_Biological_Process_2023,prerank,T Cell Receptor Signaling Pathway (GO:0050852),-0.360153935316988,-0.9447222399630301,0.5747460087082729,1.0,1.0,29/92,20.89%,BTN1A1;ICOSLG;BTN2A3P;GATA3;CD276;HLA-DRB1;FYB2;BTN3A1;BTNL2;ZC3H12A;ORC3;UBE2N;LCP2;RC3H2;BTN3A2;BTNL9;PIK3CA;DENND1B;WNK1;TRAF6;BTN2A2;GNAO1;RIPK2;EIF2B1;TNFRSF21;CSK;PRAM1;PRKD2;INPP5D
TDRP,GO_Biological_Process_2023,prerank,Positive Regulation Of Cellular Component Organization (GO:0051130),-0.35167435745857356,-0.9446431555632063,0.5741279069767442,1.0,1.0,33/113,20.38%,PTPN23;PROM2;SHANK3;LGALS3;TPPP;CAMK1;ABCB7;INSR;CALY;SMPD1;SLF2;DAB2;LRP1;ASAP1;CHAF1B;TMEM30A;ADD1;BAX;RAPGEF3;RELN;IGF1R;DLL1;LMAN1;AJUBA;ADGRL1;BAK1;TIRAP;MTLN;GPX1;CRB3;CDC20;TFR2;TGFBR1
TDRP,GO_Biological_Process_2023,prerank,Regulation Of Rho Protein Signal Transduction (GO:0035023),0.3416382728210166,0.94460122073472,0.5566343042071198,1.0,1.0,24/73,18.60%,MYOC;ABRA;APOA1;SYNPO2L;RTN4R;KCTD13;PRAG1;ROBO1;GPR18;DYNLL1;MCF2L;RIT2;STARD8;ARHGEF3;FLCN;BCR;MYO9B;ABL2;RAF1;LPAR4;APOE;EPS8L1;CUL3;RASIP1
TDRP,GO_Biological_Process_2023,prerank,Positive Regulation Of Protein Kinase Activity (GO:0045860),-0.3404220644383351,-0.9443083611146115,0.5813295615275813,1.0,1.0,36/144,16.93%,DUSP19;SRCIN1;MMD2;NEDD9;IL23R;DOK7;XRCC5;CALCA;CAMK1;EFNA1;TGFBR2;IRGM;INSR;CAB39;MAPRE3;ORC3;JTB;LRRK2;AXIN1;LRP8;ALS2;CDKN1A;CAMKK1;ADRB2;LCP2;IL34;TAB1;RELN;TRAF4;RAPGEF2;AXIN2;EPHA4;STOX1;STRADA;CLSPN;TRAF6
TDRP,GO_Biological_Process_2023,prerank,mRNA Metabolic Process (GO:0016071),0.33197778672071027,0.9442694313473445,0.5481727574750831,1.0,1.0,39/85,22.81%,MBLAC1;SSB;NUDT16;PCF11;LSM3;DHX15;PRPF3;LSM5;KIN;PRPF8;AGO3;HNRNPA2B1;NUDT21;SON;HIPK3;METTL16;ALKBH5;GEMIN2;SRSF5;AKAP8L;SRSF7;SF3B4;ERN1;HNRNPAB;PNPT1;LSM6;RIDA;SRSF1;HSPA1A;ATXN2L;PRPF18;NCBP1;SRRM4;SCAF11;SRSF2;ANG;ZFP36L2;LSM2;HSF1
TDRP,GO_Biological_Process_2023,prerank,Cellular Response To Chemical Stress (GO:0062197),-0.35929010687979307,-0.9439857818841472,0.5824817518248175,1.0,1.0,41/89,26.31%,SUMO4;CPEB2;AIF1;SLC25A24;ETV5;VRK2;ZC3H12A;LRRK2;PKD2;TRIM21;RBM11;ZFAND1;KEAP1;LONP1;NQO1;PIK3CA;SOD2;STOX1;HTRA2;GPX1;PPARGC1A;FAS;PRKAA2;MSRA;MTOR;VKORC1L1;ATF4;SESN2;GPX7;HSPA1B;ATM;ERMP1;SRXN1;PYCR1;RAD52;PRDX2;PARP1;CCS;SNCA;SELENOS;FOXO3
TDRP,GO_Biological_Process_2023,prerank,Associative Learning (GO:0008306),-0.47909522773244706,-0.9437107443641711,0.5523809523809524,1.0,1.0,6/18,21.70%,APP;GRIN1;TAFA2;DRD3;MAP1A;SHANK1
TDRP,GO_Biological_Process_2023,prerank,Regulation Of Calcium Ion-Dependent Exocytosis (GO:0017158),0.40939531113859273,0.9436985973140631,0.5085714285714286,1.0,1.0,8/28,11.00%,BAIAP3;RPH3A;SYT9;TRPV6;SYT10;SYT7;CBARP;SYT17
TDRP,GO_Biological_Process_2023,prerank,Response To Reactive Oxygen Species (GO:0000302),0.3486656606980059,0.9435620875231593,0.573134328358209,1.0,1.0,29/65,21.64%,HYAL1;PTPRN;JUN;PRDX3;STK25;MAPK3;PDGFRA;MAPK9;COA8;HIF1A;AKT1;HYAL2;MPV17;GLRX2;FYN;APOE;PTPRK;FOS;TPM1;CAMKK2;RPS3;AGAP3;PJVK;PEX5;PEX14;MAPK1;PEX2;CRYGD;MPV17L2
TDRP,GO_Biological_Process_2023,prerank,Regulation Of Epithelial To Mesenchymal Transition (GO:0010717),0.3314867376969344,0.943032981345809,0.5852842809364549,1.0,1.0,17/83,10.79%,ZNF750;BMP5;FOXA2;SDCBP;MAD2L2;TNXB;SMAD7;ALX1;ELL3;MARK1;SPRED3;EPHA3;LDLRAD4;LRG1;USF3;DAG1;ADIPOR1
TDRP,GO_Biological_Process_2023,prerank,Negative Regulation Of Amide Metabolic Process (GO:0034249),-0.3612517162143274,-0.9430187287629204,0.5856929955290611,1.0,1.0,44/93,26.53%,LARP1;ILF3;PATL2;SPHK1;ORMDL3;ENC1;NANOS3;GIGYF2;IGF1;NTRK2;TYMS;ZAR1L;PAIP2;RNF139;PCIF1;LSM14A;TRIM3;EIF4E2;TIA1;DDX6;EPHA4;FXR1;SHMT1;CNOT9;EIF2AK3;DAPK1;GGA3;IGF2BP1;MALSU1;SERBP1;CHRNA7;CSNK2A1;BTG2;ZNF540;RTN2;CPEB3;RBM4;IGFBP5;NCL;RTN3;CNOT1;LIN28A;IGF2BP2;ROCK1
TDRP,GO_Biological_Process_2023,prerank,Positive Regulation Of Locomotion (GO:0040017),-0.42477221406365273,-0.9422106827437718,0.5502392344497608,1.0,1.0,8/30,19.69%,PPM1F;STX3;PDGFRB;CCL26;SPOCK2;PHPT1;RARRES2;F2RL1
TDRP,GO_Biological_Process_2023,prerank,Establishment Of Endothelial Barrier (GO:0061028),-0.43684769117369454,-0.942121741388388,0.5488,1.0,1.0,14/28,26.67%,RAP1B;ICAM1;ROBO4;RAPGEF3;RAPGEF2;TJP2;F2RL1;RAB1B;RAP2C;RAP2B;TJP3;PPP1R16B;RAB1A;MYADM
TDRP,GO_Biological_Process_2023,prerank,Peptide Metabolic Process (GO:0006518),0.35905515537301125,0.9414767486724706,0.5573248407643312,1.0,1.0,23/53,21.54%,CPQ;PCSK1;ACE;CPXM2;CARNMT1;SEC11C;SPCS1;TPP1;ADAMTS13;AEBP1;ERAP1;PARL;APEH;GGT1;LTA4H;LNPEP;HM13;IDE;TRHDE;SPPL3;MGAT3;BACE1;THOP1
TDRP,GO_Biological_Process_2023,prerank,Myofibril Assembly (GO:0030239),-0.39506947846036194,-0.9414029663903194,0.5626959247648903,1.0,1.0,16/46,21.90%,ADPRHL1;TMOD1;LMOD3;MYLK3;MYOZ2;TNNT2;PDGFRB;FLII;PGM5;TMOD3;TNNT1;FLNC;ACTN2;TMOD2;CFLAR;CSRP1
TDRP,GO_Biological_Process_2023,prerank,Positive Regulation Of T Cell Migration (GO:2000406),-0.4385112928949123,-0.9410912028119852,0.5408496732026143,1.0,1.0,10/25,13.19%,WNT5A;DOCK8;CXCL12;APP;AIF1;XCL1;ADAM17;SPN;CXCL13;TMEM102
TDRP,GO_Biological_Process_2023,prerank,Positive Regulation Of Cysteine-Type Endopeptidase Activity (GO:2001056),0.34428386570608654,0.9407730581067811,0.5389048991354467,1.0,1.0,29/64,21.14%,TTBK1;USP50;NKX3-1;PERP;HMGB1;NLRC4;TBC1D10A;FOXL2;BAD;IFI16;DDX3X;PDCD5;PMAIP1;MAP3K5;APAF1;FYN;ARL6IP5;CYCS;GRIN2A;CASC2;MYC;AIM2;NOD1;LGMN;SYK;F2R;BCL10;CIDEB;FADD
TDRP,GO_Biological_Process_2023,prerank,Positive Regulation Of mRNA Catabolic Process (GO:0061014),-0.3989041991700187,-0.9406308218643009,0.5497702909647779,1.0,1.0,25/45,29.05%,NANOS3;GIGYF2;ZC3H12A;ZFP36;YTHDF3;CNOT8;RBM24;TNRC6B;FXR1;CELF1;KHSRP;ROCK2;YTHDF2;UPF1;TNRC6C;BTG2;POLR2G;CPEB3;TTC5;CNOT1;ROCK1;ZFP36L1;TNRC6A;ZC3HAV1;EIF4ENIF1
TDRP,GO_Biological_Process_2023,prerank,Negative Regulation Of Cellular Response To Insulin Stimulus (GO:1900077),-0.43659994771602406,-0.9403070834457644,0.5469522240527183,1.0,1.0,11/27,23.19%,TNS2;GRB14;INPP5K;RPS6KB1;TSC2;PRKCB;PID1;PTPN2;KANK1;GSK3A;GRB10
TDRP,GO_Biological_Process_2023,prerank,Mitotic Sister Chromatid Cohesion (GO:0007064),-0.46655387369493884,-0.9399338623482342,0.5285481239804242,1.0,1.0,9/19,21.82%,NAA50;HASPIN;SMC1A;SMC3;PDS5A;NPC1;STAG2;RAD21;MAU2
TDRP,GO_Biological_Process_2023,prerank,Regulation Of Signal Transduction By P53 Class Mediator (GO:1901796),-0.393453624638232,-0.9398866257647667,0.5534290271132376,1.0,1.0,17/47,24.46%,SETD9;USP7;PLK3;PAK1IP1;RNF34;CDK5RAP3;RPL37;CHEK2;DYRK2;PIP4P1;TAF1;MTOR;URB2;MAPKAPK5;ATM;NOP53;MAP2K6
TDRP,GO_Biological_Process_2023,prerank,Positive Regulation Of Actin Filament Bundle Assembly (GO:0032233),0.36050495074428746,0.9396175623476626,0.5308988764044944,1.0,1.0,19/51,17.60%,MYOC;APOA1;VIL1;SYNPO2L;RHOA;ITGB1BP1;FHOD1;MTSS1;TESK1;RHOC;PFN1;PFN2;TGFB3;ARHGEF5;SERPINF2;LIMK1;CDC42;S100A10;TPM1
TDRP,GO_Biological_Process_2023,prerank,Cellular Response To Hydrogen Peroxide (GO:0070301),0.38691959515228047,0.9394532552131396,0.525065963060686,1.0,1.0,13/34,19.91%,TNFAIP3;ANXA1;HDAC6;RIPK1;PPIF;RELA;FXN;MAP3K5;FYN;MAPK13;OSER1;RPS3;ZNF580
TDRP,GO_Biological_Process_2023,prerank,Gas Transport (GO:0015669),-0.49353776243440595,-0.9394345692910128,0.5620915032679739,1.0,1.0,4/15,6.93%,AQP5;HBA1;IPCEF1;HBZ
TDRP,GO_Biological_Process_2023,prerank,Intrinsic Apoptotic Signaling Pathway In Response To DNA Damage (GO:0008630),-0.3918426718172197,-0.939374450421255,0.5712,1.0,1.0,19/49,23.05%,SFN;CASP9;HIPK1;BCL2L1;BAX;TNFRSF1B;BAK1;EPHA2;HTRA2;CHEK2;USP28;DYRK2;TMEM109;DDIT4;AEN;PYCARD;BOK;BCL2L2;ATM
TDRP,GO_Biological_Process_2023,prerank,Regulation Of Macromolecule Biosynthetic Process (GO:0010556),-0.38292623829229766,-0.939332602891823,0.5688350983358548,1.0,1.0,25/53,26.36%,MITF;NANOS3;ATG13;PCIF1;DUS3L;PKP3;ELP6;ULK1;JADE3;ING4;TNFRSF1B;METTL18;JADE1;ATXN2;PUM3;GEMIN5;GCN1;MAPKAPK5;CYFIP1;ELP2;RB1CC1;METAP1;RABL3;FOXO3;MSI1
TDRP,GO_Biological_Process_2023,prerank,Blood Vessel Morphogenesis (GO:0048514),-0.38798961158167183,-0.9393173885238706,0.5749235474006116,1.0,1.0,15/53,24.88%,CUL7;TGFBR2;STRA6;SLC1A1;HEY2;ANGPTL3;PROX1;GLMN;CYP1B1;CCBE1;RBPJ;TGFBR1;KDR;CDH2;RASA1
TDRP,GO_Biological_Process_2023,prerank,Regulation Of Protein Export From Nucleus (GO:0046825),-0.4518541640304025,-0.9387363082127806,0.5562700964630225,1.0,1.0,9/22,22.74%,YWHAE;CAMK1;EMD;SP100;RAPGEF3;RBM22;FRAT1;GAS6;RANGAP1
TDRP,GO_Biological_Process_2023,prerank,Nucleic Acid Phosphodiester Bond Hydrolysis (GO:0090305),0.42197536990490225,0.9386478331945464,0.5345268542199488,1.0,1.0,1/25,0.02%,SPO11
TDRP,GO_Biological_Process_2023,prerank,"Negative Regulation Of Gene Expression, Epigenetic (GO:0045814)",-0.3919157614327525,-0.9385554414640134,0.5764525993883792,1.0,1.0,20/50,20.47%,SDR16C5;SMYD5;DPPA3;USP7;EPC1;UHRF1;INSL6;TASOR;CBX3;BAZ2A;EZH1;LMNB1;UBR2;MACROH2A1;DNMT1;PPM1D;MPHOSPH8;HDAC5;KMT2D;UHRF2
TDRP,GO_Biological_Process_2023,prerank,Pulmonary Valve Development (GO:0003177),-0.45636182962938826,-0.9384043557207662,0.5429497568881686,1.0,1.0,9/20,19.47%,SMAD6;BMPR2;STRA6;HEY2;NOTCH1;TNFRSF1B;NOTCH2;JAG1;RBPJ
TDRP,GO_Biological_Process_2023,prerank,Mononuclear Cell Differentiation (GO:1903131),-0.4461696760618196,-0.938237008233383,0.5873544093178037,1.0,1.0,4/24,11.64%,LYN;IKZF1;IRF8;PDE1B
TDRP,GO_Biological_Process_2023,prerank,Positive Regulation Of Response To Stimulus (GO:0048584),-0.3671731773591066,-0.9381334224477325,0.5724743777452416,1.0,1.0,21/76,22.52%,C6;WNT5A;CFP;CEBPG;GATA3;BABAM2;UBE2N;INO80;INO80E;DEPDC1B;RIGI;MAVS;INO80D;YY1;RNF168;HOMER1;EYA2;NFRKB;SMCHD1;CNKSR3;CCDC117
TDRP,GO_Biological_Process_2023,prerank,Homophilic Cell Adhesion Via Plasma Membrane Adhesion Molecules (GO:0007156),0.3535820287822308,0.9380121913059966,0.5533980582524272,1.0,1.0,15/60,15.48%,ESAM;CADM3;PCDHA7;L1CAM;CADM4;NECTIN3;DSCAM;ROBO1;TENM3;TRO;NPTN;CNTN4;CELSR2;IGSF9;EMB
TDRP,GO_Biological_Process_2023,prerank,Renal Absorption (GO:0070293),0.4454551508919649,0.9375694228717609,0.5210918114143921,1.0,1.0,8/17,17.44%,MAGED2;SLC5A2;SLC15A2;HYAL2;KCNQ1;HAS2;GSN;SGK1
TDRP,GO_Biological_Process_2023,prerank,Regulation Of Focal Adhesion Assembly (GO:0051893),0.3531418633187844,0.9372829050245126,0.5619335347432024,1.0,1.0,17/54,16.89%,MYOC;ACVRL1;EPHA3;RHOA;ITGB1BP1;DYNLL1;ACTG1;GPM6B;FAM107A;NRG1;TSC1;DAPK3;CAMSAP3;FYN;PTPRJ;S100A10;BCAS3
TDRP,GO_Biological_Process_2023,prerank,Positive Regulation Of Catalytic Activity (GO:0043085),0.37858318119146916,0.9369534814631687,0.5655737704918032,1.0,1.0,12/40,16.89%,IGF2;APOA1;MAPK3;MID1IP1;PSENEN;YWHAB;POT1;FXN;ABL2;FGFR4;B3GAT3;BCAS3
TDRP,GO_Biological_Process_2023,prerank,Cellular Response To Reactive Oxygen Species (GO:0034614),0.3396658895349634,0.9367938495222163,0.5526315789473685,1.0,1.0,32/73,21.64%,TNFAIP3;ANXA1;JUN;HDAC6;PRDX3;MAPK3;RIPK1;PDGFRA;PPIF;MAPK9;AKT1;RELA;MPV17;FXN;MAP3K5;FYN;MAPK13;OSER1;PTPRK;FOS;TPM1;CAMKK2;RPS3;AGAP3;PJVK;ZNF580;PEX5;PEX14;MAPK1;PEX2;CRYGD;MPV17L2
TDRP,GO_Biological_Process_2023,prerank,Regulation Of Type I Interferon Production (GO:0032479),-0.38247104934821435,-0.9367655992726064,0.5824508320726173,1.0,1.0,17/59,19.60%,XAF1;DHX58;TRIM15;TICAM1;DTX4;TRIM56;IRGM;RNF216;XIAP;IRF8;TRIM21;POLA1;TIRAP;GARIN5A;MAVS;PTPN11;DHX33
TDRP,GO_Biological_Process_2023,prerank,Neuron Fate Commitment (GO:0048663),-0.46925264044827597,-0.9365710342795569,0.5475792988313857,1.0,1.0,5/18,15.68%,BHLHA15;POU4F1;ATOH1;ID2;DLL1
TDRP,GO_Biological_Process_2023,prerank,Protein Homotetramerization (GO:0051289),-0.381202730494145,-0.9356896488262533,0.5622047244094488,1.0,1.0,23/53,26.60%,AQP5;CRYZ;GOLGA2;ACOT13;OSBPL2;PKD2;CTH;AQP4;TRPA1;SOD2;GNMT;SHMT1;ME1;ALDH9A1;THG1L;ALDH1A3;RYR3;KIF25;KCNJ2;RYR1;MCOLN1;HCN1;HSD17B10
TDRP,GO_Biological_Process_2023,prerank,Regulation Of Centrosome Cycle (GO:0046605),-0.4401478552286369,-0.9356498198497611,0.5473186119873817,1.0,1.0,11/23,24.46%,CCNL2;CHMP3;CHMP1B;CHMP4C;CEP131;CHMP4A;XRCC3;VPS4B;PDCD6IP;CHMP2A;CHMP2B
TDRP,GO_Biological_Process_2023,prerank,Regulation Of Protein Binding (GO:0043393),-0.34380532234516537,-0.9356361613219558,0.6102150537634409,1.0,1.0,43/118,24.40%,HFE;TRIB3;WNT3A;GAS8;GOLGA2;CAMK1;TIAM1;APP;IFIT2;PKD1;DAB2;LRP1;CLDN5;AKTIP;LRRK2;HDAC4;TRIM21;ADD1;TERT;HIP1R;BMP2;CDKN1A;BAX;PRMT8;GTF2F1;RAPGEF2;IFIT1;USP9X;RIPK2;HDAC5;TCF7L2;SNAPIN;PRMT7;TAF1;BAG2;PRKN;RALB;PPP1CA;TMC8;PSEN1;PSME3IP1;BMP4;PDGFB
TDRP,GO_Biological_Process_2023,prerank,Protein Localization To Microtubule Organizing Center (GO:1905508),-0.4886290871894675,-0.9354168902611443,0.5678807947019867,1.0,1.0,6/15,18.93%,STIL;DCTN2;PIBF1;SPAG5;CEP131;CEP83
TDRP,GO_Biological_Process_2023,prerank,Innate Immune Response-Activating Signaling Pathway (GO:0002758),-0.47810664350808457,-0.9348248844165189,0.5555555555555556,1.0,1.0,3/16,12.74%,NLRP1;NAIP;NOD2
TDRP,GO_Biological_Process_2023,prerank,Axonogenesis (GO:0007409),-0.32857715400072834,-0.9345490562923974,0.6440903054448871,1.0,1.0,76/187,26.72%,LRTM2;PAX2;EPHA5;WNT5A;BOC;SEMA3G;CDK5;CXCL12;PARD6B;SEMA6C;APP;CCK;SEMA3B;EFNA1;POU4F1;ROBO4;SEMA4A;NOTCH3;SPG11;NOTCH1;LRTM1;RAB8A;ARHGAP35;ULK1;RELN;PPP3CB;SPTBN4;RYK;EPHA4;RAB10;ENAH;SEMA3D;LGR6;SOS1;SEMA7A;SEMA3C;NOTCH2;EFNA2;SEMA4B;NEFH;USP9X;SEMA3E;PAK3;PTEN;KIF5A;MAP1A;RET;EFNA5;DOCK7;LLGL1;EFNB3;CYFIP2;BRSK2;NIBAN2;EFNA3;CDK5R1;CYFIP1;ATL1;FEZ1;AFG3L2;TUBB3;CNTN2;BDNF;SEMA4F;APLP1;EFNB1;PARD3;MAP1S;KLF7;SLC9A6;SEMA4C;PALLD;FGFR2;EPHB1;NEO1;SEMA6B
TDRP,GO_Biological_Process_2023,prerank,Response To Estradiol (GO:0032355),-0.42589275843647023,-0.9345473268247246,0.5570776255707762,1.0,1.0,7/31,11.98%,CCDC62;SSTR1;POU4F1;ESR1;NRIP1;ZNF703;FAM210B
TDRP,GO_Biological_Process_2023,prerank,Negative Regulation Of Telomere Maintenance (GO:0032205),0.47025307803354555,0.9344049156164347,0.5485436893203883,1.0,1.0,3/15,6.26%,SLX1A;SLX4;TERF1
TDRP,GO_Biological_Process_2023,prerank,Negative Regulation Of Transposition (GO:0010529),0.40938649583162534,0.9344039295039789,0.5438144329896907,1.0,1.0,6/25,17.96%,PIWIL2;APOBEC3F;TEX19;MOV10;APOBEC3B;TEX15
TDRP,GO_Biological_Process_2023,prerank,Positive Regulation Of Cellular Metabolic Process (GO:0031325),-0.3818599717097517,-0.9337112540478228,0.5975039001560063,1.0,1.0,14/56,18.99%,HLA-G;LIPT2;TGFBR2;GATA3;ARG2;F2;ZC3H12A;PDGFRB;AKR1C3;CDKN1A;DHRS4;PID1;ROMO1;GADD45A
TDRP,GO_Biological_Process_2023,prerank,Regulation Of Cytoskeleton Organization (GO:0051493),0.3202342441483606,0.933598404947069,0.6263736263736264,1.0,1.0,31/112,15.47%,ESAM;SMIM22;PEAK3;RICTOR;FRMPD2;PFDN2;CRK;TAOK1;MAPK3;EPHA3;MLST8;CYLD;BICD1;BST2;RHOA;BST1;DYNLL1;SH3BP1;RALA;GPM6B;TESK1;FAM107A;CDK10;CAPN2;NRG1;DAPK3;ARHGEF5;CAMSAP3;CDC42;STMN3;ARHGAP44
TDRP,GO_Biological_Process_2023,prerank,Cilium Organization (GO:0044782),-0.32281848463924007,-0.9335815847368584,0.6331210191082802,1.0,1.0,61/226,18.16%,MNS1;PTPN23;NEDD9;ABLIM3;TMEM107;IFT57;FAM149B1;WDR54;STK36;BBS5;CCDC32;ACTR3;CATIP;TMEM67;KIF27;IQUB;PCNT;TTLL3;DNAAF1;RTTN;CFAP221;TTC36;PIBF1;WDR35;ASAP1;NOTCH1;KIF3B;IQCG;DZIP1;PKD2;CFAP47;UBXN10;OFD1;SSX2IP;DYNC2I1;RAB8A;NPHP3;FBF1;IFT22;CFAP58;TTC21B;DNAI2;CEP164;TMEM231;CEP126;RILPL2;PLK4;CEP131;TMEM138;RPGR;CCDC65;ARMC2;CCDC66;EHD3;NME8;FHDC1;DYNLT2B;IFT52;EHD2;RAB23;ACTR2
TDRP,GO_Biological_Process_2023,prerank,Response To Interleukin-1 (GO:0070555),0.33078095447829253,0.9335349106139191,0.6253968253968254,1.0,1.0,5/83,4.31%,CCL24;XCL2;HYAL1;ANXA1;NKX3-1
TDRP,GO_Biological_Process_2023,prerank,Regulation Of Intracellular Transport (GO:0032386),-0.40722079738014716,-0.9331615761031984,0.5993930197268589,1.0,1.0,13/38,21.38%,RNF139;LRRK2;RINT1;DYNC1H1;SPAG5;TTC21B;NUMA1;DYNLT2B;NEFH;SCFD1;MX2;YIPF5;ATP9A
TDRP,GO_Biological_Process_2023,prerank,"Synaptic Transmission, Cholinergic (GO:0007271)",-0.481800424446703,-0.9327647451245353,0.5611390284757118,1.0,1.0,7/16,21.93%,CHRNB4;CHRNB1;CHRNA10;RAPSN;NQO1;CHRNA3;CHRNA7
TDRP,GO_Biological_Process_2023,prerank,Plasma Membrane Bounded Cell Projection Assembly (GO:0120031),-0.3181064278103666,-0.9323711329646567,0.6683480453972257,1.0,1.0,80/273,20.28%,PTPN23;ABLIM3;TMEM107;IFT57;FAM149B1;WDR54;RAP1B;STK36;CD2AP;ABLIM2;AIF1;BBS5;ACTR3;MAP4K4;TMEM67;KIF27;RHOD;IQUB;PCNT;TTLL3;DNAAF1;INPP5K;CFAP221;TTC36;PIBF1;SPAG6;WDR35;ARHGEF4;ASAP1;NOTCH1;KIF3B;DZIP1;CFAP47;UBXN10;EMP1;PARVB;OFD1;SSX2IP;DYNC2I1;RAB8A;ARHGEF7;NPHP3;MINK1;FBF1;IFT22;CFAP58;TTC21B;DNAI2;RAPGEF2;CEP164;P2RX7;TMEM231;CEP126;RILPL2;PLK4;CEP131;SPATA13;TMEM138;TNIK;RPGR;CCDC65;CCDC66;EHD3;NME8;FHDC1;DYNLT2B;IFT52;ACTN2;EHD2;RAB23;ACTR2;GOLPH3;CEP83;FGD5;FGD4;CEP290;FMNL3;RAP2C;FUZ;FGD1
TDRP,GO_Biological_Process_2023,prerank,Positive Regulation Of Intrinsic Apoptotic Signaling Pathway (GO:2001244),-0.39614047187787027,-0.9321115385056652,0.553968253968254,1.0,1.0,16/38,24.92%,PLEKHF1;DDIT3;NCK2;MSX1;GSDME;EIF5A;FIS1;SEPTIN4;BCAP31;BOK;FBH1;LCK;SOD1;SFPQ;BECN1;UBB
TDRP,GO_Biological_Process_2023,prerank,Response To Endoplasmic Reticulum Stress (GO:0034976),-0.3451325746860657,-0.9318899834952588,0.5933908045977011,1.0,1.0,40/113,22.47%,TMEM238L;TRIB3;ERO1A;ATF3;ERN2;SEC16A;DDIT3;TNFRSF10B;UBQLN1;CREB3L1;WFS1;RCAN3;ANKS4B;CEBPB;RNF139;ATG10;DNAJC10;P4HB;BAX;HYOU1;AIFM1;CDK5RAP3;USP19;CHAC1;BAK1;OS9;ERLEC1;EIF2AK3;UBXN6;ITPR1;UFL1;NIBAN1;BCAP31;ATF6B;BRSK2;ATF4;PRKN;TMTC3;VCP;TMEM117
TDRP,GO_Biological_Process_2023,prerank,Positive Regulation Of Protein Secretion (GO:0050714),-0.3625490772221894,-0.9317191550072252,0.6005873715124816,1.0,1.0,19/76,21.93%,CD33;PTPN23;APBB3;CD2AP;GOLPH3L;IGF1;MYH10;IL1A;ABCG1;UNC13B;PSMD9;GLUD1;ACHE;POLR2D;GOLPH3;TCF7L2;F2RL1;LRRC8A;IRS2
TDRP,GO_Biological_Process_2023,prerank,Regulation Of Transcription Elongation By RNA Polymerase II (GO:0034243),0.33521752662332877,0.9314687369988907,0.6146788990825688,1.0,1.0,43/77,24.25%,NELFE;ELL3;MED9;RNF8;CDK13;SUPT5H;SUPT6H;MED8;NELFB;SUPT4H1;MED1;MED10;MED14;INTS13;INTS8;INTS5;CDK9;MED29;INTS10;MED26;INTS2;INTS1;WDR43;INTS11;MED15;PWWP2A;NCBP1;EAPP;MED4;INTS9;CCNT1;MED31;SRCAP;LEO1;HEXIM1;MED7;HNRNPU;MED16;MED6;LDB1;INTS12;MED17;MED27
TDRP,GO_Biological_Process_2023,prerank,Negative Regulation Of Mitotic Metaphase/Anaphase Transition (GO:0045841),0.4002597863766911,0.9314056743502164,0.5615384615384615,1.0,1.0,14/28,18.64%,MAD2L2;TTK;PLK1;ZW10;TPR;FBXO5;BUB3;NDC80;ZWINT;KNTC1;IK;SPC25;ZWILCH;CENPF
TDRP,GO_Biological_Process_2023,prerank,Negative Regulation Of Viral Process (GO:0048525),0.3509494936366077,0.9313011091703287,0.5853658536585366,1.0,1.0,19/61,16.91%,PITX3;APOBEC3F;BTBD17;IFIH1;TRIM6;TNIP1;BST2;IFI16;ISG15;TRIM14;TRIM62;ZNFX1;RNASEL;TRIM11;ISG20;BANF1;PPIA;EIF2AK2;FAM111A
TDRP,GO_Biological_Process_2023,prerank,Muscle Tissue Development (GO:0060537),-0.40947018933601076,-0.9310565888346012,0.5754276827371695,1.0,1.0,8/37,13.50%,MYOZ2;ZBTB18;MYF6;STRA6;POPDC2;VRK3;PGM5;SIX1
TDRP,GO_Biological_Process_2023,prerank,"Regulation Of Synaptic Transmission, Glutamatergic (GO:0051966)",-0.3813416752584222,-0.9306488354193143,0.5709923664122137,1.0,1.0,21/55,23.52%,SHANK3;CDK5;GRIN2B;GRIK3;DGKI;GRIN1;LRRK2;DRD3;GRM4;RELN;GRIK1;CACNG2;FXR1;GRM8;CACNG8;SLC38A2;HOMER1;GRM1;NLGN1;TSHZ3;CDH2
TDRP,GO_Biological_Process_2023,prerank,Response To Hydrogen Peroxide (GO:0042542),0.3652035626632358,0.9304151741266267,0.5769230769230769,1.0,1.0,14/46,16.74%,TNFAIP3;ANXA1;HDAC6;PRDX3;STK25;RIPK1;PPIF;RELA;GLRX2;FXN;MAP3K5;FYN;MAPK13;OSER1
TDRP,GO_Biological_Process_2023,prerank,U2-type Prespliceosome Assembly (GO:1903241),0.4164601660653928,0.9303558117960099,0.5401662049861495,1.0,1.0,11/23,20.53%,SF3B5;SF3B3;SNRPG;SNRPA1;DDX46;SF3B4;SNRPD1;SNIP1;SF3B6;SNRPB;PHF5A
TDRP,GO_Biological_Process_2023,prerank,Regulation Of Transport (GO:0051049),0.36531877810385593,0.9301713843307186,0.5706371191135734,1.0,1.0,16/44,17.84%,PTPRN;DISP3;PLD1;REEP6;USP6;YRDC;MUL1;DNAJA1;LYSET;ACTG1;CLDN19;SAR1B;ARL6IP5;LEPR;RAB25;EPB41
TDRP,GO_Biological_Process_2023,prerank,Regulation Of Translational Initiation (GO:0006446),-0.37027805594293695,-0.9301427686627576,0.5892857142857143,1.0,1.0,21/64,22.15%,LARP1;BZW1;RPS6KB2;HABP4;NCK2;EIF4EBP1;DDX1;PAIP2;RPS6KB1;YTHDF3;EIF4H;DNAJC3;CDC123;ALKBH1;EIF2AK3;EIF4EBP3;CTIF;EIF4EBP2;MTOR;YTHDF2;EIF4G2
TDRP,GO_Biological_Process_2023,prerank,Nuclear-Transcribed mRNA poly(A) Tail Shortening (GO:0000289),-0.45443046750100313,-0.9295795696893216,0.5641447368421053,1.0,1.0,11/20,24.76%,PNLDC1;ZFP36;CNOT4;CNOT8;CNOT6;SAMD4A;CNOT9;PARN;CNOT6L;TUT7;SAMD4B
TDRP,GO_Biological_Process_2023,prerank,Positive Regulation Of Hydrolase Activity (GO:0051345),0.3021689371920925,0.9289785862790224,0.6709401709401709,1.0,1.0,43/172,20.12%,CCL24;XCL2;TGM2;CAV2;PRSS22;APOA1;TBC1D30;RASGRF1;PLIN5;RTN4R;MAPRE2;NDEL1;FNTA;RHOA;RAPGEF6;SNX13;RASGRP1;SH3BP1;ARHGAP11B;RAP1A;RGS10;SNX9;RHOC;RASGRP3;FLCN;RGL4;GNB5;CD200;RAP1GDS1;S100A10;PICALM;BCAS3;RIC1;CCL2;RSU1;RPS3;CHP2;PSAP;RAB3GAP1;RGS6;MTMR9;RGL3;LIMS1
TDRP,GO_Biological_Process_2023,prerank,Mitotic Spindle Organization (GO:0007052),-0.35943732234748327,-0.9289774294349271,0.6036585365853658,1.0,1.0,32/85,22.64%,GOLGA2;PTPA;SPAST;STIL;PCNT;DLGAP5;CENPH;DCTN2;PLK3;PIBF1;KIF3B;LSM14A;OFD1;PLK2;DYNC1H1;CEP126;CKAP5;SMC1A;SMC3;TUBG1;STAG2;AURKC;CHEK2;DCTN6;KIF2A;MZT1;CLASP1;GPSM2;VCP;ZNF207;PRC1;EML1
TDRP,GO_Biological_Process_2023,prerank,Regulation Of Protein Kinase B Signaling (GO:0051896),-0.33746497566936656,-0.9289459719277156,0.6287262872628726,1.0,1.0,43/135,20.81%,F7;HLA-G;GCNT2;THPO;HPSE;MYORG;DDIT3;HCLS1;GATA3;INSR;LRP2;IL18;NTRK1;BANK1;TNFAIP8L3;INPP5K;IGF1;NTRK2;RCAN3;PIK3R5;PPP2R1A;CX3CL1;AKR1C3;SH2B3;GDF15;TSC2;DRD3;IGF1R;PIK3CA;MST1R;FGFR1;FGF2;IAPP;P2RX4;EPHA2;FAM110C;PTEN;RET;TCF7L2;ARRB2;TGFBR1;TSPYL5;GAS6
TDRP,GO_Biological_Process_2023,prerank,Response To Copper Ion (GO:0046688),0.4198328418192416,0.9288869558997183,0.5580246913580247,1.0,1.0,9/22,22.81%,PRNP;MT1M;MT1F;MT1E;MT1X;ATP5F1D;MT1G;DAXX;HSF1
TDRP,GO_Biological_Process_2023,prerank,Response To Transforming Growth Factor Beta (GO:0071559),-0.40562619225270885,-0.9286707952016322,0.565284178187404,1.0,1.0,13/38,22.43%,CITED1;WNT5A;CRKL;XCL1;OVOL2;MXRA5;FNDC4;TGFBR1;ZFHX3;ROCK2;WWOX;SFRP1;WNT4
TDRP,GO_Biological_Process_2023,prerank,Cellular Lipid Catabolic Process (GO:0044242),-0.44823791517004874,-0.9286661889068342,0.5668276972624798,1.0,1.0,13/23,25.48%,LIPG;LPIN2;ANGPTL3;MGST2;PLA2G15;FAAH;CYP1B1;ACOT8;NUDT19;PLBD2;LPIN3;PLBD1;LPIN1
TDRP,GO_Biological_Process_2023,prerank,Regulation Of T Cell Differentiation (GO:0045580),-0.38597469304078885,-0.9283534449997642,0.553030303030303,1.0,1.0,14/47,24.07%,KAT2A;ARID2;GATA3;SMARCE1;IL7;SMARCA2;PRDM1;SMARCC2;PHF10;SMARCD2;RHOH;SOD1;XBP1;ACTL6B
TDRP,GO_Biological_Process_2023,prerank,Fc Receptor Signaling Pathway (GO:0038093),0.3977205460513998,0.9279690915855531,0.5577889447236181,1.0,1.0,6/26,15.67%,VAV1;IKBKB;MAPK9;MAPK10;PLCG1;VAV3
TDRP,GO_Biological_Process_2023,prerank,Wound Healing (GO:0042060),-0.3627117006129127,-0.9277502350785122,0.5922190201729106,1.0,1.0,27/79,23.21%,CHMP6;WNT5A;TRIM72;PLEC;HPSE;CORO1B;SMPD1;IGF1;CHMP3;EPB41L4B;EVPL;CHMP1B;CHMP7;VPS4A;CHMP4C;FGF2;MYOF;ARL8B;DCBLD2;DST;CHMP4A;TGFBR1;CFLAR;VPS4B;SRF;MACF1;CHMP2A
TDRP,GO_Biological_Process_2023,prerank,Positive Regulation Of Heart Rate (GO:0010460),-0.47156408785388887,-0.9270835101746672,0.5758564437194127,1.0,1.0,4/17,18.45%,SCN3B;ADM5;ADM2;HRC
TDRP,GO_Biological_Process_2023,prerank,Modulation By Host Of Viral Process (GO:0044788),0.4220997789343333,0.9270569507185429,0.5893854748603352,1.0,1.0,7/22,16.95%,PITX3;CAV2;PPIB;ZNF502;CDC42;PAIP1;EEA1
TDRP,GO_Biological_Process_2023,prerank,Positive Regulation Of B Cell Proliferation (GO:0030890),-0.428015666621987,-0.9267117695723319,0.5794392523364486,1.0,1.0,9/29,23.95%,CD40;CD74;IL7;TNFRSF13C;CD38;TIRAP;NFATC2;IRS2;CD320
TDRP,GO_Biological_Process_2023,prerank,Signal Release From Synapse (GO:0099643),-0.400671972483728,-0.9263871056455568,0.57847533632287,1.0,1.0,11/38,15.00%,CDK5;SNAP25;CPLX2;CPLX4;STXBP3;STXBP1;VAMP2;OTOF;STX1A;GRM4;LIN7B
TDRP,GO_Biological_Process_2023,prerank,Cytosolic Pattern Recognition Receptor Signaling Pathway (GO:0002753),0.41731518133331263,0.9261530898218908,0.5639097744360902,1.0,1.0,6/23,9.58%,IRF7;TNFAIP3;PHB1;IFIH1;CYLD;RNF135
TDRP,GO_Biological_Process_2023,prerank,RNA Export From Nucleus (GO:0006405),0.3403322292714988,0.925909090511997,0.6006389776357828,1.0,1.0,27/63,19.22%,THOC7;EIF4A3;NUP160;SARNP;NUP153;FMR1;DDX39A;SMG5;MAGOH;HNRNPA2B1;NCBP3;FYTTD1;TPR;SRSF3;ALKBH5;NXT1;NUP88;NXT2;MAGOHB;THOC3;NUP107;RBM8A;ALYREF;NUP188;THOC5;UPF2;NUP214
TDRP,GO_Biological_Process_2023,prerank,Regulation Of Cellular Metabolic Process (GO:0031323),-0.39017983071777185,-0.9258938520402229,0.564873417721519,1.0,1.0,17/45,21.13%,PDK2;ING2;BCO2;NEK4;FOXM1;RNF34;NPC2;MBOAT7;VASH1;GNB3;PID1;COQ7;CYP1B1;PANK2;PRKAG2;STK17A;PRKN
TDRP,GO_Biological_Process_2023,prerank,"Phagocytosis, Engulfment (GO:0006911)",-0.41591812440091225,-0.9258214282232471,0.5669291338582677,1.0,1.0,6/30,10.02%,TIMD4;XKR9;ITGB2;XKR7;AIF1;MSR1
TDRP,GO_Biological_Process_2023,prerank,Regulation Of TORC1 Signaling (GO:1903432),-0.3848887144405129,-0.9255691298984736,0.6015625,1.0,1.0,29/49,25.60%,ITFG2;NPRL2;GPR137B;DGKQ;SEC13;WAC;CASTOR2;BMT2;RRAGA;KPTN;DYRK3;NPC1;RNF152;LARS1;RRAGD;SESN1;SESN3;CASTOR1;PIH1D1;PIP4P1;SESN2;CLEC16A;KICS2;ATM;NPRL3;CASTOR3P;SMCR8;MIOS;KLHL22
TDRP,GO_Biological_Process_2023,prerank,Phagocytosis (GO:0006909),0.3346270735205044,0.9251637347704044,0.6261398176291794,1.0,1.0,14/68,10.33%,ITGB3;TGM2;SLC11A1;ANXA1;ITGAM;ALOX15;ADORA1;HMGB1;ANXA11;GULP1;SYT7;VAMP7;SH3BP1;BLTP1
TDRP,GO_Biological_Process_2023,prerank,Endoplasmic Reticulum To Golgi Vesicle-Mediated Transport (GO:0006888),0.31520764064484325,0.9251560755233555,0.7123745819397993,1.0,1.0,40/115,18.57%,CTAGE4;YIPF7;TRAPPC3;SEC22C;GOSR1;TMED2;TRAPPC2B;COPG2;SEC24A;GOPC;GBF1;KDELR1;STX17;VAMP7;TRAPPC1;USE1;RANGRF;ZW10;TMED10;MPPE1;USO1;ERGIC3;TMED3;TFG;COPB2;TRAPPC4;SEC22A;TRAPPC10;COPE;SAR1B;ATL3;VTI1A;LMAN2L;TRIP11;MIA3;SEC24C;TMED7;CUL3;WHAMM;PEF1
TDRP,GO_Biological_Process_2023,prerank,Regulation Of Cardiac Muscle Cell Contraction (GO:0086004),0.40087250392710344,0.9246316004657547,0.5699208443271768,1.0,1.0,11/26,21.41%,ATP2A1;DLG1;RANGRF;PDE4B;PDE4D;DSP;PKP2;SRI;CAV3;CAV1;TRPM4
TDRP,GO_Biological_Process_2023,prerank,Regulation Of Mitochondrion Organization (GO:0010821),-0.3840646423035729,-0.9245788432494031,0.6022012578616353,1.0,1.0,19/50,21.15%,INF2;MGARP;MAPT;SQSTM1;LRRK2;MYO19;TMEM102;FKBP8;STOX1;IAPP;FIS1;HTRA2;SREBF2;GOLPH3;PID1;PPARGC1A;PLSCR3;PRKN;GSK3A
TDRP,GO_Biological_Process_2023,prerank,Regulation Of Voltage-Gated Calcium Channel Activity (GO:1901385),-0.4303896411361645,-0.9243856839147543,0.5856,1.0,1.0,12/29,23.67%,AKAP5;S100G;CACNB3;STAC3;PPP3CB;CACNB1;CACNA1A;STAC;PPP3CC;CACNB2;NOS1AP;DMD
TDRP,GO_Biological_Process_2023,prerank,Calcium Ion Import Across Plasma Membrane (GO:0098703),0.36862150044198116,0.9241792897557612,0.5842696629213483,1.0,1.0,6/37,6.78%,TRPV5;SCN10A;CACNA1F;TRPV6;CACNA1G;TRPV1
TDRP,GO_Biological_Process_2023,prerank,Adaptive Immune Response Based On Somatic Recombination Of Immune Receptors Built From Immunoglobulin Superfamily Domains (GO:0002460),-0.4368560939225211,-0.9241118779118549,0.5879478827361564,1.0,1.0,9/23,18.12%,SLA2;MYO1G;HLA-DRB1;IL18;CR1L;EBI3;BTN3A2;CD70;JAG1
TDRP,GO_Biological_Process_2023,prerank,Fatty Acid Biosynthetic Process (GO:0006633),0.3470609317204974,0.9239252844323063,0.6054794520547945,1.0,1.0,14/65,10.43%,ACSM1;PLA2G2C;HACD4;ALOX15;HSD17B8;ABHD1;HACD3;NDUFAB1;MCAT;ELOVL7;GPX4;ELOVL1;ABHD3;LTC4S
TDRP,GO_Biological_Process_2023,prerank,Branching Morphogenesis Of An Epithelial Tube (GO:0048754),-0.39431940539716975,-0.9237316043480861,0.586038961038961,1.0,1.0,13/42,17.72%,PAX2;CITED1;TIE1;TGFBR2;NPNT;PKD1;NRARP;PKD2;SIX1;NOTCH4;FGF2;EPHA2;SEMA3E
TDRP,GO_Biological_Process_2023,prerank,Receptor Signaling Pathway Via STAT (GO:0097696),-0.41442808761921396,-0.9231659181361878,0.5904173106646059,1.0,1.0,9/31,16.18%,STAT6;THPO;STAT5A;PKD1;PKD2;JAK1;PIAS1;GHR;JAK2
TDRP,GO_Biological_Process_2023,prerank,Positive Regulation Of JUN Kinase Activity (GO:0043507),-0.42147760155932534,-0.9227744581533585,0.5916149068322981,1.0,1.0,8/29,20.30%,DUSP19;TAOK3;WNT5A;MAP2K7;TRAF6;MAP3K11;TNFRSF11A;DVL2
TDRP,GO_Biological_Process_2023,prerank,Response To Cholesterol (GO:0070723),0.4460532415078328,0.9227166460705509,0.563953488372093,1.0,1.0,6/18,18.46%,OSBPL7;GRAMD1C;SMO;GRAMD1A;GPLD1;PMVK
TDRP,GO_Biological_Process_2023,prerank,Negative Regulation Of Kinase Activity (GO:0033673),-0.37370786317396903,-0.9224906002984776,0.6041979010494752,1.0,1.0,12/62,12.87%,DUSP19;SFN;TRIB3;PPM1F;NPRL2;PPM1E;PYDC1;MAPT;INPP5K;SPRED1;CHP1;TSC2
TDRP,GO_Biological_Process_2023,prerank,Positive Regulation Of Interleukin-1 Production (GO:0032732),-0.3687255658423434,-0.9223203051570934,0.6205357142857143,1.0,1.0,15/63,19.69%,TMEM106A;WNT5A;APP;CASP8;NLRP1;PYDC1;S100A13;NLRP2;NAIP;NOD2;P2RX7;JAK2;NLRP12;RIPK2;F2RL1
TDRP,GO_Biological_Process_2023,prerank,Regulation Of Cell Migration (GO:0030334),-0.30592544556452594,-0.921846181808441,0.7450753186558516,1.0,1.0,132/433,22.84%,SRCIN1;FGF21;F7;TCAF2;NEDD9;GCNT2;CORT;CARMIL2;SEMA3G;PPM1F;FGF9;CXCL12;PARD6B;SEMA6C;TRADD;TIAM1;SEMA3B;MITF;VSIR;ARID2;SPHK1;CEMIP;PDGFD;CHRD;CLDN4;PHACTR1;AIF1;ING2;FGF4;FAM89B;ROBO4;RBBP7;MAP4K4;INSR;HGF;FGF20;SAP30;TDGF1;ADAM17;SEMA4A;RHOD;CD74;ANGPTL3;FGF8;DUSP22;IGF1;DAB2;NOTCH1;CLDN5;CAMK2A;CX3CL1;PDGFRB;PIP5KL1;PRKCA;ZNF703;BMP2;YTHDF3;TCAF1;CCL26;ARPIN;SNAI2;SNAI1;MINK1;RECK;AMH;ELP6;DUSP10;RELN;LDB2;SERPINE1;PDGFC;IGF1R;SINHCAF;APPL1;ZNF268;PLXNA2;EPHA4;NAV3;SOD2;SEMA3D;SPATA13;PLAU;LGR6;LAMB1;DUSP3;KIF26A;SEMA7A;FGF2;CITED2;SPAG9;PTPRT;ZMYND8;SEMA3C;NGFR;ULK4;FGF22;EPHA2;SEMA4B;FAM110C;GRN;SEMA3E;PTEN;RIGI;JAG1;RET;KIF2A;DAAM2;CYP1B1;KIF14;PLXNB2;KANK1;F2RL1;RAP2C;FUZ;TGFBR1;RAP2B;ROCK2;TET1;ROR2;RUFY3;TMSB10;NKD1;HBEGF;DOCK10;RIPOR1;PLXNB1;AMOTL2;SFRP1;KDR;ERBB4;PODXL;MACF1
TDRP,GO_Biological_Process_2023,prerank,Regulated Exocytosis (GO:0045055),-0.3886937475137394,-0.9216655097232972,0.62,1.0,1.0,20/51,20.07%,SYNGR3;CDK5;SNAP25;SCIN;CPLX2;CPLX4;STXBP1;LYN;VAMP2;OTOF;STX1A;PPP3CB;RAB10;SYNGR1;SYT3;CLTRN;SNAPIN;RAB26;RIMS2;RAB11FIP2
TDRP,GO_Biological_Process_2023,prerank,Positive Regulation Of Cytokine Production Involved In Immune Response (GO:0002720),-0.4133412000418989,-0.9209518184587806,0.586038961038961,1.0,1.0,11/33,21.00%,HLA-G;WNT5A;HLA-E;XCL1;HLA-F;CD226;NOD2;TRAF6;SCIMP;F2RL1;SLC7A5
TDRP,GO_Biological_Process_2023,prerank,"DNA Damage Response, Signal Transduction By P53 Class Mediator (GO:0030330)",-0.40574750741239574,-0.9209509648993791,0.5922480620155038,1.0,1.0,17/36,23.05%,MYO6;PLK3;SP100;CDKN1A;PLK2;FOXM1;E2F7;MUC1;PIDD1;CHEK2;USP10;ATRX;CRADD;SESN2;PAXIP1;CDKN1B;ATM
TDRP,GO_Biological_Process_2023,prerank,Positive Regulation Of Fibroblast Proliferation (GO:0048146),-0.4222977408597092,-0.9209168014913778,0.6033333333333334,1.0,1.0,8/28,14.62%,LIG4;WNT5A;SPHK1;CD74;IGF1;CDKN1A;AMH;PDGFC
TDRP,GO_Biological_Process_2023,prerank,Regulation Of Potassium Ion Transmembrane Transporter Activity (GO:1901016),-0.422703995251126,-0.9205010680026572,0.5707395498392283,1.0,1.0,8/26,17.47%,YWHAE;CAB39;VAMP2;KCNE2;ATP1B3;CACNA1D;AKAP9;WWP2
TDRP,GO_Biological_Process_2023,prerank,Triglyceride Metabolic Process (GO:0006641),-0.39000562710623626,-0.9203497303898477,0.5768645357686454,1.0,1.0,9/45,15.63%,LPIN2;GPAM;GPAT4;PNPLA1;APOH;CPS1;APOB;MOGAT3;GPAT3
TDRP,GO_Biological_Process_2023,prerank,Icosanoid Metabolic Process (GO:0006690),0.3511932343348508,0.9202763747799643,0.6027397260273972,1.0,1.0,13/52,13.65%,HPGD;ALOX15;PNPLA8;PLA2G10;MAPKAPK2;ALOX12B;FAAH2;CYP2J2;NLRC4;GPX4;LTC4S;GGT1;PLA2G4A
TDRP,GO_Biological_Process_2023,prerank,Positive Regulation Of Filopodium Assembly (GO:0051491),0.39942342185859675,0.920243523953774,0.5782493368700266,1.0,1.0,12/27,21.87%,MYO3B;PIK3R1;PALM;FMR1;RALA;TGFB3;NEURL1;CDC42;BCAS3;GPM6A;DOCK11;TENM2
TDRP,GO_Biological_Process_2023,prerank,Negative Regulation Of B Cell Activation (GO:0050869),0.4216465461279847,0.919999333922383,0.5759162303664922,1.0,1.0,2/20,1.75%,CD300A;TNFAIP3
TDRP,GO_Biological_Process_2023,prerank,Oligosaccharide Metabolic Process (GO:0009311),-0.38472262952458103,-0.9196879851860355,0.6244274809160305,1.0,1.0,16/48,22.60%,ST8SIA6;B3GALT4;ST6GALNAC1;NEU1;ST8SIA4;ST3GAL4;NEU4;ST6GALNAC5;FUT2;ST6GAL2;MPDU1;NEU3;ST6GALNAC6;GAL3ST4;B3GALT2;GAL3ST3
TDRP,GO_Biological_Process_2023,prerank,Skeletal System Development (GO:0001501),-0.3288413030372695,-0.9194904043963827,0.6751677852348993,1.0,1.0,49/147,22.78%,MEPE;FBN1;PRELP;P3H1;WNT5A;EXTL1;LECT2;TBX3;CD44;CHRD;ZBTB16;COL9A2;ANKRD11;GJA1;PKD1;FGF8;SULF2;IGF1;COL19A1;ARSL;COL27A1;PKDCC;BPNT2;BMP2;OPTC;PTGER4;AKAP13;SHOX;FGFR1;KIAA1217;RFLNA;CMKLR1;PCSK5;SPEF2;TEAD4;EIF2AK3;FRZB;POLR2D;RPS6KA3;COL18A1;MMP16;COL13A1;TGFBR1;WWOX;TRAPPC2;EXT1;ALPL;PHEX;COL10A1
TDRP,GO_Biological_Process_2023,prerank,Peptidyl-Threonine Modification (GO:0018210),-0.362565068175268,-0.9191391111728504,0.6020710059171598,1.0,1.0,27/66,21.72%,HIPK4;CDK5;TGFBR2;GPI;GALNT13;HIPK1;LRRK2;PRKCA;DYRK1A;ULK1;CDC42BPA;WNK1;SBK1;DYRK3;DYRK4;GALNT4;GALNTL6;CDC42BPB;DYRK2;TGFBR1;GALNT3;TAF1;ROCK2;PRKD2;LMTK2;GSK3A;CDK5R1
TDRP,GO_Biological_Process_2023,prerank,Positive Regulation Of NF-kappaB Transcription Factor Activity (GO:0051092),-0.3271777931470977,-0.9187651383200816,0.6653491436100132,1.0,1.0,42/151,22.88%,TRIM15;AGER;RHEBL1;CD40;TICAM1;WNT5A;TRADD;APP;RIPK4;SPHK1;TRIM52;RAB7B;EDA2R;IL18;NTRK1;CARD14;UBE2N;CAMK2A;CX3CL1;TRIM21;TRIM13;TRAF5;NOD2;FLOT2;RFPL2;CHUK;TRAF6;TIRAP;PRKCB;PIDD1;ALK;RIPK2;RPS6KA4;TNFRSF11A;DHX33;PRKD2;PYCARD;TRIM22;CFLAR;HSPA1B;ARHGEF2;ROR1
TDRP,GO_Biological_Process_2023,prerank,Response To Molecule Of Bacterial Origin (GO:0002237),-0.3620908681125926,-0.9186578730927544,0.6122159090909091,1.0,1.0,21/69,19.62%,SMAD6;LY96;IL23R;CITED1;CXCL2;GCH1;MAPKAPK3;NOS2;ADAM17;CPS1;NOS1;LIAS;PELI1;PALM3;JAK2;TIRAP;HNRNPA0;SRR;RPS6KA3;TNFRSF11A;NOCT
TDRP,GO_Biological_Process_2023,prerank,miRNA-mediated Gene Silencing (GO:0035195),-0.42859388611461846,-0.9182935152577464,0.5773026315789473,1.0,1.0,19/26,31.39%,ZFP36;CNOT8;EIF4E2;TNRC6B;DDX6;AJUBA;CNOT6;LIMD1;TNRC6C;RBM4;CNOT1;EIF6;TNRC6A;EIF4ENIF1;AGO4;RAN;NCBP2;EIF4G1;WTIP
TDRP,GO_Biological_Process_2023,prerank,Negative Regulation Of Epithelial Cell Proliferation (GO:0050680),0.33023712458352505,0.9167996785088701,0.6299694189602446,1.0,1.0,23/70,17.47%,CYP27B1;CAV2;CDKN2B;SULF1;TNMD;NKX3-1;EPPK1;ATP5IF1;BRCA2;KRIT1;ROBO1;TINF2;MTSS1;KLF9;GDF5;MED1;RUNX3;SFRP2;CNMD;SPARC;APOE;HPN;PTPRK
TDRP,GO_Biological_Process_2023,prerank,Negative Regulation Of TOR Signaling (GO:0032007),-0.37383650378113586,-0.9167422020570813,0.6306990881458967,1.0,1.0,24/54,24.06%,ITFG2;TSSK3;NPRL2;SEC13;TSC2;CASTOR2;ENDOG;BMT2;UBR2;KPTN;NPC1;RNF152;SESN1;SESN3;DDIT4;PRKAA2;CASTOR1;GSK3A;SESN2;MAPKAPK5;KICS2;ATM;NPRL3;CASTOR3P
TDRP,GO_Biological_Process_2023,prerank,Regulation Of Protein Kinase C Signaling (GO:0090036),-0.4760254679017391,-0.9166172487814616,0.6114864864864865,1.0,1.0,5/16,17.11%,CD40;WNT5A;SEZ6;SEZ6L;ULK4
TDRP,GO_Biological_Process_2023,prerank,Cellular Response To Salt (GO:1902075),0.31079857007985956,0.9161653444334265,0.6550522648083623,1.0,1.0,28/108,17.00%,P2RY2;AOC1;TGM2;CAPN3;DPEP1;ALOX15;IQGAP1;SYT9;CPNE5;CPNE7;PPIF;TRPV1;ADCY7;SYT10;SYT7;CPNE2;SYT17;EGR1;ADGRV1;ATP2B4;PDXP;SYT13;FYN;MAPK13;GUCA1A;SYT6;ADCY8;GPLD1
TDRP,GO_Biological_Process_2023,prerank,Extracellular Matrix Assembly (GO:0085029),0.44138816663144465,0.9160980921584957,0.5679611650485437,1.0,1.0,10/17,18.96%,TNXB;HAS3;ELN;QSOX1;GPM6B;EMILIN1;HAS2;MLF2;RAMP2;MYH11
TDRP,GO_Biological_Process_2023,prerank,Golgi To Plasma Membrane Transport (GO:0006893),-0.38147928082313937,-0.9160485984330589,0.622257053291536,1.0,1.0,19/47,24.51%,EXOC8;SEC16A;EXOC6B;GOLPH3L;VAMP2;EXOC5;NSF;VPS35L;RAB10;GOLPH3;GGA3;LLGL1;GGA1;RAB26;ARFRP1;MACF1;COMMD1;SPTBN1;VAMP5
TDRP,GO_Biological_Process_2023,prerank,Mesonephric Tubule Development (GO:0072164),0.44202521633355135,0.915895885504955,0.5575,1.0,1.0,3/16,7.69%,TCF21;CER1;SALL1
TDRP,GO_Biological_Process_2023,prerank,Regulation Of Mitotic Cell Cycle Phase Transition (GO:1901990),0.3194250195937688,0.9158462577937332,0.6461538461538462,1.0,1.0,26/86,19.75%,TM4SF5;CDK3;NEK6;BRD7;CDKN2B;SIRT2;PLK1;KCNH5;CCNH;ZW10;SMARCA4;APLP2;RIOK2;BCL7B;KNTC1;ERCC2;DPF2;PPP2CA;MAD2L1BP;CUL3;SMARCC1;HECW2;CENPF;CDK7;AMBRA1;XPC
TDRP,GO_Biological_Process_2023,prerank,Negative Regulation Of Cell Cycle Process (GO:0010948),-0.4082752705712227,-0.9157691045502333,0.6060126582278481,1.0,1.0,17/33,28.10%,HLA-G;FBXO43;NEK2;ESPL1;TOM1L2;E2F7;VPS4A;CHMP4C;WAPL;NME6;KIF25;CHMP2A;BMP4;CCP110;BAZ1B;CHEK1;TERF2
TDRP,GO_Biological_Process_2023,prerank,Antigen Processing And Presentation Of Exogenous Peptide Antigen Via MHC Class II (GO:0019886),-0.4355696046223738,-0.9157385965175336,0.5756097560975609,1.0,1.0,5/24,10.95%,CTSS;HLA-DRB1;DNM2;HLA-DMA;CTSF
TDRP,GO_Biological_Process_2023,prerank,Negative Regulation Of Ras Protein Signal Transduction (GO:0046580),0.37513992314744,0.915581946897031,0.6048387096774194,1.0,1.0,17/34,23.75%,MYOC;STAMBP;KCTD13;DYNLL1;FLCN;LZTR1;STMN3;ARHGAP44;SPRY4;CUL3;RASIP1;MFN2;DAB2IP;SCAI;TNFAIP1;SPRY3;MET
TDRP,GO_Biological_Process_2023,prerank,Regulation Of Fat Cell Differentiation (GO:0045598),-0.35833649869576933,-0.9155432772001834,0.6446043165467625,1.0,1.0,19/75,19.62%,TRIB3;ADIRF;MEDAG;WNT5A;ZBTB16;ID2;ZC3H12A;CEBPB;ZFP36;BMP2;CREBL2;PTGR3;ALOX5;CMKLR1;FRZB;GNB3;RARRES2;TRIB2;NOCT
TDRP,GO_Biological_Process_2023,prerank,Cellular Defense Response (GO:0006968),-0.38517119985679427,-0.9152905285569687,0.61198738170347,1.0,1.0,12/47,21.61%,GNLY;HLA-G;LY96;FCMR;SPN;CXCR2;KLRG1;FOSL1;C5AR1;RAB23;ZNF148;ADORA2A
TDRP,GO_Biological_Process_2023,prerank,Aerobic Electron Transport Chain (GO:0019646),0.33295981804200914,0.9151564637176264,0.6191950464396285,1.0,1.0,34/66,24.73%,NDUFC2;NDUFB2;NDUFAB1;NDUFA6;NDUFA3;COX7B;COX6B1;NDUFS5;COX4I1;CYC1;NDUFA1;NDUFS7;NDUFA10;NDUFAF1;NDUFB5;CYCS;NDUFS6;NDUFB1;COX6A1;NDUFS3;NDUFA9;UQCRQ;UQCRC2;NDUFS4;SDHA;UQCC3;NDUFV2;NDUFS8;SDHC;UQCRH;NDUFB3;NDUFA4;NDUFA8;SDHD
TDRP,GO_Biological_Process_2023,prerank,Peroxisome Organization (GO:0007031),0.40925070551834775,0.9151388477969237,0.5514511873350924,1.0,1.0,12/24,22.30%,ABCD2;PEX11A;LONP2;PLAAT3;MFF;PEX1;DNM1L;PEX3;PEX16;PEX14;PEX2;ABCD3
TDRP,GO_Biological_Process_2023,prerank,Positive Regulation Of Alpha-Beta T Cell Proliferation (GO:0046641),-0.4700070290971347,-0.9145537345032757,0.6047244094488189,1.0,1.0,6/17,16.18%,HLA-E;TGFBR2;XCL1;IL18;EBI3;JAK2
TDRP,GO_Biological_Process_2023,prerank,DNA Alkylation (GO:0006305),-0.4734845567042654,-0.9145283032247782,0.5791245791245792,1.0,1.0,8/15,29.57%,KMT2E;BAZ2A;PPM1D;ATRX;EHMT1;MTRR;HELLS;DNMT3A
TDRP,GO_Biological_Process_2023,prerank,Ephrin Receptor Signaling Pathway (GO:0048013),-0.39084461154555294,-0.914455758571032,0.6232558139534884,1.0,1.0,22/43,24.88%,EPHA5;TIAM1;EFNA1;ARHGEF28;LYN;ANKS1B;ARHGEF7;YES1;EPHA4;EFNA2;EPHA2;MMP9;PAK3;EFNA5;PTPN11;EFNB3;EFNA3;CDK5R1;NGEF;SRC;EFNB1;RASA1
TDRP,GO_Biological_Process_2023,prerank,Visual Perception (GO:0007601),-0.34411809743092975,-0.9143322991794132,0.6404494382022472,1.0,1.0,26/101,18.58%,RS1;PAX2;CRYGS;RD3;S100G;CRYZ;GNAT2;GPR179;CRYBA1;CNGB1;KIFC3;PRPH2;DHRS3;TULP2;RABGGTB;WFS1;PDE6C;GUCY2F;CACNA2D4;ARRB1;MYO7A;RPGR;RABGGTA;RGS16;BEST1;GRM8
TDRP,GO_Biological_Process_2023,prerank,Embryonic Skeletal System Development (GO:0048706),-0.4051056126114901,-0.9142571686496955,0.5883256528417818,1.0,1.0,10/33,20.23%,WNT5A;SULF2;DYNC2I1;SIX1;KIAA1217;PCSK5;MEGF8;WNT9A;POLR2D;FUZ
TDRP,GO_Biological_Process_2023,prerank,Regulation Of Lipopolysaccharide-Mediated Signaling Pathway (GO:0031664),-0.44675888531765084,-0.914178835807788,0.5790297339593115,1.0,1.0,5/21,19.49%,LY96;CX3CL1;PRKCA;SCIMP;SIGIRR
TDRP,GO_Biological_Process_2023,prerank,Positive Regulation Of Lipid Biosynthetic Process (GO:0046889),0.3687628867353643,0.9141364228421418,0.6374269005847953,1.0,1.0,14/39,19.52%,CTDNEP1;RPTOR;SIRT2;PLIN5;MID1IP1;MLST8;SLC27A1;SIRT4;FABP3;KAT2B;APOE;GPLD1;SCARB1;ZBTB20
TDRP,GO_Biological_Process_2023,prerank,Regulation Of Membrane Protein Ectodomain Proteolysis (GO:0051043),-0.448650853207227,-0.9140095146148177,0.6097972972972973,1.0,1.0,6/21,19.16%,FURIN;TIMP2;PTPN3;PACSIN3;TNFRSF1B;TIMP3
TDRP,GO_Biological_Process_2023,prerank,Defense Response To Virus (GO:0051607),0.2932333691481858,0.9137789149238875,0.7576923076923077,1.0,1.0,59/189,21.80%,IFNL4;IRF7;IKBKE;IFIT1B;MICA;NT5C3A;APOBEC3F;PHB1;TRIM35;TLR2;PLA2G10;IFIH1;TRIM6;IRF1;DHX15;DHX16;BST2;TRIM8;RNF135;DDX60;IFI16;ISG15;TRAF3;RELA;NCBP3;AZI2;SKP2;PMAIP1;ZNFX1;RNASEL;AZU1;TRIM11;MOV10;ISG20;APOBEC3B;MAP3K14;IFNLR1;EIF2AK2;EXOSC5;MORC3;TRIM25;PHB2;ZDHHC1;AIM2;SERINC5;DDX56;IRF2;TANK;USP18;IRF3;TRIM32;FADD;ATG7;NCBP1;CNOT7;TRIM28;USP27X;MX1;IFIT5
TDRP,GO_Biological_Process_2023,prerank,Positive Regulation Of Stress Fiber Assembly (GO:0051496),0.35894359213725524,0.9137612867902444,0.5887323943661972,1.0,1.0,16/43,17.60%,MYOC;APOA1;SYNPO2L;RHOA;ITGB1BP1;FHOD1;TESK1;RHOC;PFN2;TGFB3;ARHGEF5;SERPINF2;LIMK1;CDC42;S100A10;TPM1
TDRP,GO_Biological_Process_2023,prerank,Regulation Of Neurotransmitter Transport (GO:0051588),-0.46073813317379564,-0.9130638781844537,0.6258278145695364,1.0,1.0,9/20,23.84%,CHRNB4;CPLX2;CPLX4;OTOF;CASK;MYOF;KCNMB4;SNCAIP;FER1L5
TDRP,GO_Biological_Process_2023,prerank,Central Nervous System Development (GO:0007417),-0.3096591740622327,-0.9129664620483127,0.7459324155193993,1.0,1.0,101/278,26.72%,IL1RAPL2;MYRF;AMIGO1;NOTO;LIG4;VIT;CDK5;SMG9;TPPP;KLK6;APP;ADGRA2;SHROOM4;GIT1;JRKL;SCIN;TGFBR2;ATOH1;ZBTB16;NHEJ1;RBBP7;MELTF;BTD;SLC2A1;MDGA1;GRIN2B;PKD1;ZNF335;SOX8;PROX1;ADGRG1;GRIN1;PKD2;PBX3;MINK1;NFIB;VCX;RELN;CDK5RAP3;GRIK1;ATN1;PBX4;PDGFC;SOX10;CLN5;BRINP3;DLL1;CTNS;MEIS2;C3;HESX1;SLC23A2;ABCB6;SERPINI1;PTEN;ADGRL3;PTS;RPS6KA3;PTPN11;PLXNB2;DDIT4;LOXL3;CDK5RAP1;SOX3;VPS13B;CELSR1;UGP2;ZFHX3;GBA2;PRKN;QARS1;ZIC3;ADORA2A;CDK5R1;GRHL2;DHX37;EML1;JARID2;PPP1R17;THOC6;SPTBN1;CDH2;APLP1;CHD8;WWP1;STAT3;MAP1S;NCKAP1;GSTP1;NCOA6;SH3GL2;CADM2;CHST8;RTN3;MSI1;MAST1;GIT2;EIF2B5;TBC1D23;KDM4B;SEMA6B
TDRP,GO_Biological_Process_2023,prerank,Mitotic Metaphase Plate Congression (GO:0007080),-0.3779543508580486,-0.9129611818771044,0.614329268292683,1.0,1.0,20/50,25.65%,CHMP6;CHMP3;DCTN2;PIBF1;CDC23;CHMP1B;CHMP7;EML4;VPS4A;CHMP4C;NUP62;CHAMP1;KIF14;CHMP4A;VPS4B;PDCD6IP;CHMP2A;CHMP2B;BECN1;MAD1L1
TDRP,GO_Biological_Process_2023,prerank,Positive Regulation Of Notch Signaling Pathway (GO:0045747),0.38173238558795963,0.9127999063969106,0.5906593406593407,1.0,1.0,8/33,11.97%,NOS3;CCN3;POGLUT1;NEPRO;PRKCI;ROBO1;ITGB1BP1;ENHO
TDRP,GO_Biological_Process_2023,prerank,Peptidyl-Threonine Phosphorylation (GO:0018107),-0.3711767665935655,-0.912303992143151,0.6282642089093702,1.0,1.0,25/58,22.79%,HIPK4;CDK5;TGFBR2;GPI;HIPK1;CAMK2A;LRRK2;PRKCA;DYRK1A;ULK1;CDC42BPA;WNK1;SBK1;DYRK3;DYRK4;CDC42BPB;DYRK2;TGFBR1;TAF1;ROCK2;PRKD2;LMTK2;GSK3A;CDK5R1;CSNK2A1
TDRP,GO_Biological_Process_2023,prerank,Regulation Of Interferon-Alpha Production (GO:0032647),0.399954069074152,0.9122214880319242,0.5785536159600998,1.0,1.0,6/26,12.97%,IRF7;IFIH1;DHX36;DDX3X;PTPRS;HSPD1
TDRP,GO_Biological_Process_2023,prerank,Phosphorylation (GO:0016310),-0.3031376863277565,-0.9114674769817924,0.7670588235294118,1.0,1.0,172/429,26.77%,MAP4K1;GRK7;CSNK1A1;ILF3;MAP3K6;EPHA5;BMPR2;PDK2;SRPK2;MYLK3;TSSK3;TAOK3;HCST;CDK5;ERN2;PAK6;STK36;CAMK1;APP;HTR2B;SPHK1;DGKQ;TGFBR2;NEK2;PRPF4B;TOP1;MAP4K4;INSR;TESK2;IGFBP3;TAF13;SIK1;VRK2;GLYCTK;PDK1;NTRK1;CDKL4;ATG13;LYN;MAP3K9;DGKI;GPI;HIPK1;CAMK2A;LRRK2;NEK4;JAK1;GNPTAB;PRKCA;BMP2;CCNE1;SIK2;GNPTG;ACVR2B;DYRK1A;PLK2;MINK1;XYLB;ADM2;HASPIN;STK38L;STK17B;ULK1;FAM20A;PRKAR1B;PPP3CB;TAF11;GRK6;CLK3;PIK3CA;DMPK;PKN3;RYK;CDK15;FGFR1;EPHA4;PLK4;BMX;SMG1;TNIK;JAK2;CDC42BPA;CHUK;PKN2;WNK1;STRADA;MAP4K3;DYRK3;STK19;EIF2AK3;PRKCB;CDK11A;MEX3B;MAP3K11;PAK3;ALK;AURKC;CHEK2;RPS6KA4;PIK3R4;NEK11;LIMD1;DAPK1;PXK;TRIB2;PRKCG;CDC42BPB;DYRK2;UVRAG;PANK2;PRKAA2;CDC25B;CSK;CDK2;PRKAG2;CDKL5;TGFBR1;TAF1;STK17A;ROCK2;ACVR2A;MTOR;PRKD2;GAS6;BRSK2;TAF4B;LMTK2;GSK3A;LATS2;TXK;TBP;CDK20;WNK4;CSNK2A1;LIMK2;LCK;TAF10;TAF4;ATM;CDK16;CTBP1;LATS1;GRK3;PDK3;PDGFB;DGKA;IRAK3;BECN1;DGKZ;PAK4;DGKK;SRPK1;MAP3K12;STAT3;ACVR1;STK26;RB1CC1;IRAK1;TAF8;PRR5;CDKL2;RARA;PRKCD;NUAK2;ACVR1B;MAST1;ROCK1;EPHB1;CDK11B;ATR;CDK14;DGKB
TDRP,GO_Biological_Process_2023,prerank,Positive Regulation Of Lymphocyte Chemotaxis (GO:0140131),0.4471064667729222,0.9114381570112216,0.5728643216080402,1.0,1.0,3/17,6.62%,XCL2;PTK2B;STK39
TDRP,GO_Biological_Process_2023,prerank,RNA Transport (GO:0050658),-0.40468788078145823,-0.9114236909938036,0.5919629057187017,1.0,1.0,13/37,22.14%,NOL3;POM121L2;SIDT2;TGFBR2;DDX39B;ZFP36;HNRNPA1;CKAP5;POM121;NUP62;ATXN2;RAE1;NUP155
TDRP,GO_Biological_Process_2023,prerank,Negative Regulation Of Stress-Activated MAPK Cascade (GO:0032873),-0.39743779248100286,-0.9111753579006765,0.5912636505460218,1.0,1.0,12/37,21.31%,DUSP19;SIRPA;TAOK3;MARVELD3;ANKS1B;FOXM1;DUSP10;DUSP3;IGBP1;F2RL1;PRKN;QARS1
TDRP,GO_Biological_Process_2023,prerank,Hemopoiesis (GO:0030097),-0.34328312215019513,-0.9111008010285316,0.6722454672245467,1.0,1.0,43/101,27.73%,WNT5A;THPO;FLT3LG;WNT2B;TGFBR2;ZBTB16;LYN;CEBPB;HIPK1;LYL1;EPOR;SH2B3;KIRREL3;CEBPA;FST;DLL1;NOTCH4;KAT8;NOTCH2;TIRAP;TET2;JAG1;YTHDF2;ATF4;RUNX2;BMI1;SFRP1;KDR;LCK;RASGRP4;ARMC6;TOX;BMP4;L3MBTL1;PDGFB;MYB;NCOA6;FGFR2;RTKN2;TGFB2;TEK;PRKX;KIT
TDRP,GO_Biological_Process_2023,prerank,Negative Regulation Of Cytokine Production Involved In Inflammatory Response (GO:1900016),-0.44162040884255693,-0.9105681678905454,0.6058519793459552,1.0,1.0,6/20,14.99%,LILRB4;SIRPA;F2;ZC3H12A;NLRC3;NLRP7
TDRP,GO_Biological_Process_2023,prerank,Regulation Of Microtubule Depolymerization (GO:0031114),0.4102382130124964,0.9105196211430765,0.590027700831025,1.0,1.0,7/24,16.08%,STMN2;TAOK1;MID1IP1;APC2;HDGFL3;TRPV4;CAMSAP2
TDRP,GO_Biological_Process_2023,prerank,Lipid Biosynthetic Process (GO:0008610),0.3305274030120428,0.9104809909962036,0.6530054644808743,1.0,1.0,11/71,8.22%,ACSM1;PLA2G2C;PRLR;DHRS11;HSD17B8;ACSL1;AGPS;NDUFAB1;MCAT;CYP19A1;AGPAT4
TDRP,GO_Biological_Process_2023,prerank,Fat Cell Differentiation (GO:0045444),-0.36504023599052854,-0.9104730707346537,0.6384266263237519,1.0,1.0,17/62,19.09%,SMAD6;STEAP4;CTBP2;GDF6;PRDM16;KLF4;SOX8;OSBPL11;ATF5;CEBPA;TMEM120B;IL11;NR4A1;PID1;PPARGC1A;ZNF516;TCF7L2
TDRP,GO_Biological_Process_2023,prerank,Positive Regulation Of Amyloid-Beta Formation (GO:1902004),-0.46584261852501263,-0.9101086206909913,0.6072607260726073,1.0,1.0,8/17,21.93%,LRRTM3;EFNA1;ABCG1;GSAP;EPHA4;ROCK2;GSK3A;CHRNA7
TDRP,GO_Biological_Process_2023,prerank,Detection Of Mechanical Stimulus (GO:0050982),-0.45494097644598913,-0.9094018821206988,0.6048387096774194,1.0,1.0,9/18,29.96%,PKD1;PKD2;PIEZO2;LHFPL5;CDH2;PKD1L2;PKD1L3;JUP;TTN
TDRP,GO_Biological_Process_2023,prerank,Nucleotide-Sugar Biosynthetic Process (GO:0009226),-0.47651897614554306,-0.9091496870924765,0.576592082616179,1.0,1.0,8/15,23.31%,NANS;PMM1;GFPT2;UXS1;GFPT1;GMPPB;UAP1;UGDH
TDRP,GO_Biological_Process_2023,prerank,Negative Regulation Of Protein Localization To Plasma Membrane (GO:1903077),-0.45352731553710957,-0.9091321926139697,0.5912052117263844,1.0,1.0,7/20,21.53%,DAB2;BCL2L1;PKDCC;PID1;PPFIA1;CSK;CLTC
TDRP,GO_Biological_Process_2023,prerank,Positive Regulation Of Macrophage Activation (GO:0043032),-0.4703791754297541,-0.9090965864968356,0.6104553119730185,1.0,1.0,4/17,13.91%,UXT;WNT5A;IRGM;CEBPA
TDRP,GO_Biological_Process_2023,prerank,Lymphocyte Proliferation (GO:0046651),-0.41188436046425914,-0.9090902015859755,0.6105919003115264,1.0,1.0,5/30,15.40%,IFNK;CD40;ELF4;PPP3CB;CD70
TDRP,GO_Biological_Process_2023,prerank,Regulation Of Isotype Switching (GO:0045191),0.4437242913403725,0.9089660119836764,0.5833333333333334,1.0,1.0,6/15,19.99%,MAD2L2;SUPT6H;SHLD1;SHLD2;TFRC;KMT5B
TDRP,GO_Biological_Process_2023,prerank,Response To Ionizing Radiation (GO:0010212),-0.35899326212549043,-0.9087294238811389,0.6473988439306358,1.0,1.0,30/72,23.32%,LIG4;XRRA1;NHEJ1;SMPD1;BABAM2;SWI5;IKBIP;XRCC4;HUS1;INO80;TICRR;CDKN1A;EEF1D;BRAT1;DEPDC1B;INTS3;NABP2;KDM4D;USP28;GADD45A;DCUN1D3;AEN;RNF168;FANCD2;RFWD3;MAPK14;PAXIP1;MEN1;ATM;INTS7
TDRP,GO_Biological_Process_2023,prerank,Positive Regulation Of Release Of Cytochrome C From Mitochondria (GO:0090200),0.41040600253341347,0.9086593036673465,0.5758354755784062,1.0,1.0,12/25,22.46%,HRK;PLAUR;PPIF;BID;PDCD5;PMAIP1;MFF;BMF;DNM1L;CIDEB;MOAP1;FAM162A
TDRP,GO_Biological_Process_2023,prerank,Regulation Of Potassium Ion Transmembrane Transport (GO:1901379),-0.4041619635556771,-0.9085975887463194,0.6028257456828885,1.0,1.0,11/33,17.56%,AMIGO1;YWHAE;KCNE5;CAB39;KCNE2;KCNIP4;CACNA1D;KCNAB2;DPP6;WWP2;KCNIP2
TDRP,GO_Biological_Process_2023,prerank,Protein Kinase B Signaling (GO:0043491),-0.42568032346910134,-0.9083803945346951,0.6073211314475874,1.0,1.0,10/24,22.69%,PAX2;IGF1;PLK3;TSC2;TYRO3;EPHA2;PTEN;BTBD10;GAS6;KDR
TDRP,GO_Biological_Process_2023,prerank,Positive Regulation By Host Of Viral Transcription (GO:0043923),0.4446779848850816,0.908323399559419,0.6044776119402985,1.0,1.0,10/16,23.85%,JUN;RRP1B;CHD1;SMARCA4;CDK9;HPN;CTDP1;SNW1;SMARCB1;NUCKS1
TDRP,GO_Biological_Process_2023,prerank,Protein Heterooligomerization (GO:0051291),-0.45188156527343776,-0.9079248213696421,0.6038647342995169,1.0,1.0,8/19,15.42%,KCNC2;GRIN2B;PKD1;GRIN1;PKD2;TMEM120B;KRT10;ZNF746
TDRP,GO_Biological_Process_2023,prerank,Regulation Of Translation (GO:0006417),-0.31873781955388286,-0.9077326574111262,0.7161803713527851,1.0,1.0,81/201,26.85%,LARP1;ILF3;PATL2;BZW1;APP;ENC1;LRPPRC;ELAVL1;NANOS3;SHFL;TENT5B;GIGYF2;TYMS;ZAR1L;DDX1;PAIP2;RNF139;PCIF1;RPS6KB1;LSM14A;DUS3L;YTHDF3;TRIM3;EIF4H;EIF4E2;LARP4;PKP3;TIA1;ELP6;LARP6;ETF1;DDX6;EPHA4;FXR1;SHMT1;EEF2;ALKBH1;SAMD4A;CNOT9;EIF2AK3;METTL18;ATXN2;PUM3;DAPK1;CTIF;RPS6KA3;POLDIP3;NIBAN1;MTG1;PLXNB2;IGF2BP1;MALSU1;SERBP1;GEMIN5;MTOR;GCN1;EIF4G2;MAPKAPK5;CYFIP1;UPF1;ZCCHC4;ELP2;PYM1;CSNK2A1;BTG2;EIF3D;ZNF540;CPEB3;RBM4;IGFBP5;OGFOD1;EIF1;NCL;METAP1;CNOT1;FOXO3;MSI1;LIN28A;IGF2BP2;THBS1;RC3H1
TDRP,GO_Biological_Process_2023,prerank,Positive Regulation Of Intracellular Transport (GO:0032388),-0.3938840671981517,-0.9076738400177868,0.6071428571428571,1.0,1.0,18/39,22.12%,STRIT1;PCNT;VAMP2;PLK3;TENM1;ZFAND1;DYNC1H1;SPAG5;CEP131;NUMA1;ACTN2;EHD2;CEP290;PGAP1;RUFY3;RAB29;EIPR1;RIPOR1
TDRP,GO_Biological_Process_2023,prerank,Peptidyl-Tyrosine Dephosphorylation (GO:0035335),-0.4171678017816576,-0.9074763367685155,0.6119631901840491,1.0,1.0,15/28,24.45%,TNS2;PTPN9;DUSP22;PTPN5;PTPN13;DUSP10;PTPRB;DUSP3;PTPRT;DUSP5;PTPN2;PTPN11;UBASH3B;DUSP6;PTPRF
TDRP,GO_Biological_Process_2023,prerank,Response To Axon Injury (GO:0048678),-0.4494365002442844,-0.9074624577449488,0.6153846153846154,1.0,1.0,10/18,30.74%,NREP;FLRT3;MORN4;P2RX4;SOD1;PLCG2;DPYSL3;GAP43;P2RY12;DHFR
TDRP,GO_Biological_Process_2023,prerank,Hydrogen Peroxide Catabolic Process (GO:0042744),-0.4428730690574915,-0.9072500033130172,0.5989847715736041,1.0,1.0,7/20,25.22%,HBA1;HBZ;GPX1;PXDN;CAT;HBQ1;PRDX2
TDRP,GO_Biological_Process_2023,prerank,Histone mRNA Metabolic Process (GO:0008334),0.3991217328731198,0.9072191981099492,0.5773955773955773,1.0,1.0,4/23,8.12%,MBLAC1;SSB;TUT4;ZNF473
TDRP,GO_Biological_Process_2023,prerank,NLS-bearing Protein Import Into Nucleus (GO:0006607),0.42650026530861673,0.9072166261683726,0.5486935866983373,1.0,1.0,2/17,2.12%,RGPD3;RGPD4
TDRP,GO_Biological_Process_2023,prerank,Post-Translational Protein Modification (GO:0043687),0.3478446281966072,0.9069868329567612,0.6391184573002755,1.0,1.0,17/48,20.02%,PADI4;SENP8;STT3B;CCNA2;HLCS;RHBDD1;PARP16;UBE2F;PARP9;DSCC1;TTL;PARP12;ESCO1;PARP6;AURKB;FAM20C;ESCO2
TDRP,GO_Biological_Process_2023,prerank,Anterograde Trans-Synaptic Signaling (GO:0098916),-0.32052545809164174,-0.9068885319800641,0.7107652399481194,1.0,1.0,54/199,21.01%,SLC12A7;BSN;CORT;PCDHB13;PCDHB9;APBA3;HTR1B;NPY5R;CDK5;PCDHB14;GABBR2;SNAP25;HTR2B;PCDHB4;CHRM2;SLC1A1;CHRNB4;CHRNA6;GRIN2B;SPG11;NPFF;GRIN1;CHRNB1;HCRTR1;CACNB3;OPRK1;CHRNA10;RAPSN;CHRM5;UNC13B;MINK1;KCNMB1;GABRR1;GRM4;GRIK1;GRIA1;CACNB1;CACNA1A;SLC12A6;AKAP9;KCNIP2;CHRNA3;KIF5A;SYPL1;RPS6KA3;CHRNA5;DOC2A;KCNN1;CNP;KCNMB4;SNCG;GIPC1;HOMER1;SNCB
TDRP,GO_Biological_Process_2023,prerank,Positive Regulation Of Intracellular Protein Transport (GO:0090316),-0.333751886571197,-0.9068389165811126,0.6855524079320113,1.0,1.0,39/126,21.30%,AKAP5;TCAF2;MICALL2;ITGB2;YWHAE;CAMK1;CEMIP;KCNB1;HCLS1;EMD;PCNT;ATG13;VAMP2;ZC3H12A;PLK3;UBE2L3;TENM1;TMEM30A;TCAF1;CHP1;HSPA1L;ZFAND1;RAC2;RAPGEF3;RBM22;CEP131;MIEF1;NMT1;FIS1;HTRA2;SREBF2;NPEPPS;MAVS;CEP290;ZDHHC2;GAS6;GSK3A;RUFY3;RAB29
TDRP,GO_Biological_Process_2023,prerank,Glycoprotein Metabolic Process (GO:0009100),-0.3756811133301831,-0.9067532846411659,0.6287519747235387,1.0,1.0,20/53,22.57%,ST8SIA6;MAN2A1;OGA;HPSE;MAN1A1;B4GAT1;ST8SIA4;MAN1C1;ST3GAL4;NEU4;LARGE1;NCCRP1;MGAT4B;GOLPH3;FBXO2;MAN1A2;ENGASE;ST6GALNAC6;GAL3ST4;GCNT1
TDRP,GO_Biological_Process_2023,prerank,Negative Regulation Of Epithelial Cell Differentiation (GO:0030857),0.444623299398009,0.9066339693211669,0.5665024630541872,1.0,1.0,3/15,6.07%,FOXE3;SPRED3;GDF3
TDRP,GO_Biological_Process_2023,prerank,Fatty Acid Catabolic Process (GO:0009062),0.3377982727012415,0.9063412493644957,0.6279761904761905,1.0,1.0,19/61,17.78%,ABCD2;ABHD1;ACADS;HADHB;ECI2;MCAT;ACAD11;BDH2;ABHD3;ACAT2;ACADM;SLC27A4;ACADL;NUDT8;HSD17B4;DECR1;PPARD;PCCB;HACL1
TDRP,GO_Biological_Process_2023,prerank,Regulation Of Activated T Cell Proliferation (GO:0046006),-0.40117065111128164,-0.9063140076861685,0.6218354430379747,1.0,1.0,7/33,9.42%,LILRB4;IL23R;ICOSLG;CD274;FOXP3;IL18;IGF1
TDRP,GO_Biological_Process_2023,prerank,Positive Regulation Of Cyclin-Dependent Protein Serine/Threonine Kinase Activity (GO:0045737),-0.4746956900839825,-0.9062235619939002,0.6058631921824105,1.0,1.0,5/15,11.17%,RGCC;PKD1;MAPRE3;PROX1;PKD2
TDRP,GO_Biological_Process_2023,prerank,Vesicle Organization (GO:0016050),-0.3497084644543225,-0.9059916281807189,0.6695278969957081,1.0,1.0,35/92,22.34%,CHMP6;ANXA8;PLEKHF1;EXOC8;RAB22A;SRGN;VAMP1;PLEKHF2;STX5;VAMP2;SQSTM1;STX1B;ALS2;CHMP7;VPS4A;CHMP4C;STX7;SRPX;PLEKHJ1;ZFYVE16;LAPTM4B;CORO1A;DNAJC13;DNM1;SNX11;TRAPPC6B;CHMP4A;VPS18;STX16;TRAPPC2;TRAPPC2L;STX6;SYT4;FNBP1L;TSNARE1
TDRP,GO_Biological_Process_2023,prerank,Positive Regulation Of Protein Localization To Nucleus (GO:1900182),0.327818574244298,0.9059702792574883,0.6479750778816199,1.0,1.0,29/72,20.71%,CARD10;PIK3R1;PARK7;TYK2;CCT4;CCT7;EFCAB7;MEPCE;DTX3L;TCP1;PLK1;HDAC3;PARP9;TPR;HYAL2;TESK1;LAMTOR5;CCT6A;CCT8;IPO5;YAP1;TFRC;DKC1;CCT2;CHP2;ZIC1;BAG3;KAT7;UBR5
TDRP,GO_Biological_Process_2023,prerank,Regulation Of Cellular Component Size (GO:0032535),0.3554010010365377,0.9058709262477818,0.61875,1.0,1.0,13/42,17.82%,VAV1;MYO3B;PEX11A;RPTOR;RAB3B;MSN;BORCS7;LAMTOR5;BLOC1S1;VAV3;PICALM;RDX;BORCS5
TDRP,GO_Biological_Process_2023,prerank,Regulation Of Innate Immune Response (GO:0045088),-0.34973849172537935,-0.9057106337812395,0.6377025036818851,1.0,1.0,20/78,18.97%,DHX58;SH2D1B;IFNK;HLA-E;DTX4;TRIM56;CASP8;IFI35;XIAP;LRP8;TRIM21;NLRC3;APPL1;PLSCR1;TYRO3;CEP63;POLR3C;TIRAP;PCBP2;PTPN11
TDRP,GO_Biological_Process_2023,prerank,Negative Regulation Of Interleukin-6 Production (GO:0032715),-0.3998271248868132,-0.905547224207083,0.6228748068006182,1.0,1.0,8/34,16.24%,LILRB4;SIRPA;NMB;ZC3H12A;CX3CL1;NLRC3;ELF4;NLRP12
TDRP,GO_Biological_Process_2023,prerank,Negative Regulation Of Protein Ubiquitination (GO:0031397),0.34277636833430064,0.9054527787951426,0.6278409090909091,1.0,1.0,22/54,21.12%,TNFAIP3;SMAD7;PARK7;SVBP;SH3RF2;GNL3L;DNAJA1;DTX3L;ISG15;AKT1;FBXO5;HDAC8;BUB3;LIMK1;USP4;NXN;OGT;MINAR1;RPS3;HSPA1A;MARCHF6-DT;CAV1
TDRP,GO_Biological_Process_2023,prerank,Establishment Or Maintenance Of Apical/Basal Cell Polarity (GO:0035088),0.39679553986942834,0.9054132643068885,0.6030150753768844,1.0,1.0,8/26,12.43%,ERBIN;DLG5;OOEP;SCRIB;DLG1;PRKCI;MTCL1;FOXJ1
TDRP,GO_Biological_Process_2023,prerank,Ureteric Bud Morphogenesis (GO:0060675),-0.45811798405066306,-0.9054074376450247,0.61082910321489,1.0,1.0,7/18,16.24%,PAX2;CITED1;GATA3;NPNT;PKD2;SIX1;FGF2
TDRP,GO_Biological_Process_2023,prerank,DNA Repair-Dependent Chromatin Remodeling (GO:0140861),0.43982886224320633,0.9053188547227345,0.5634146341463414,1.0,1.0,7/16,14.03%,RNF8;DTX3L;ASF1A;USP3;HDGFL2;HPF1;BABAM1
TDRP,GO_Biological_Process_2023,prerank,Negative Regulation Of Ion Transmembrane Transporter Activity (GO:0032413),-0.4306630392901683,-0.9051447438000999,0.6272285251215559,1.0,1.0,8/24,25.84%,TCAF2;YWHAE;CAB39;MMP9;PCSK9;HECW1;SLC6A9;NEDD4
TDRP,GO_Biological_Process_2023,prerank,Establishment Of Protein Localization To Extracellular Region (GO:0035592),0.3567234560331991,0.9048730765136911,0.5924932975871313,1.0,1.0,14/45,16.86%,CTAGE4;RAB3A;SVBP;TVP23B;RAB3B;COPG2;MON1A;ARL4D;MTTP;RAB3C;RAB12;NECAB3;TANGO2;MIA3
TDRP,GO_Biological_Process_2023,prerank,Positive Regulation Of Cytosolic Calcium Ion Concentration Involved In Phospholipase C-activating G Protein-Coupled Signaling Pathway (GO:0051482),-0.42386430374273404,-0.9047305574801408,0.6045016077170418,1.0,1.0,9/27,24.96%,CALCA;P2RY8;DRD3;GPR20;GPR157;F2RL1;GRM1;LPAR6;LPAR1
TDRP,GO_Biological_Process_2023,prerank,Secondary Alcohol Metabolic Process (GO:1902652),0.3536254579586575,0.9046139193661148,0.628099173553719,1.0,1.0,12/47,17.00%,APOA1;APOL2;SQLE;OSBPL5;CLN6;SH2D2A;STARD3;PPARD;IDH3B;CLN8;NSDHL;APOE
TDRP,GO_Biological_Process_2023,prerank,Positive Regulation Of Cell-Cell Adhesion (GO:0022409),-0.38442435868327224,-0.9045893465054509,0.6248085758039816,1.0,1.0,10/45,16.30%,PTPN23;AGER;GCNT2;CD44;MAGI1;JAK1;CX3CL1;CXCL13;CD47;CITED2
TDRP,GO_Biological_Process_2023,prerank,Limb Development (GO:0060173),-0.41674032474118017,-0.9040859511986892,0.6192052980132451,1.0,1.0,12/28,25.71%,KAT2A;FGF8;ZNF141;GLI3;PCSK5;IQCE;MEGF8;LRP4;KDF1;RSPO2;ZNRF3;LNPK
TDRP,GO_Biological_Process_2023,prerank,Lytic Vacuole Organization (GO:0080171),-0.39470938265735295,-0.9039474435656099,0.6348949919224556,1.0,1.0,18/36,25.50%,TFEB;SPG11;AKTIP;LRRK2;GNPTAB;CLN5;MYO7A;GRN;SNAPIN;TMEM106B;VPS18;MTOR;ACP3;PI4KB;GAA;GBA1;HPS4;HPS1
TDRP,GO_Biological_Process_2023,prerank,Regulation Of Cellular Localization (GO:0060341),0.3248851006338908,0.9039323899195397,0.6842105263157895,1.0,1.0,21/70,18.90%,KHDC3L;ITGB3;NKX3-1;FKBP1A;TRIM6;REEP6;OOEP;SLC26A4;TRIM68;TRIM34;TPR;TESK1;DVL1;TRIM38;PICALM;GSN;USP8;STX10;TRIM25;MMD;BORA
TDRP,GO_Biological_Process_2023,prerank,Negative Regulation Of DNA Metabolic Process (GO:0051053),-0.38196643643765865,-0.9038743943112656,0.6232339089481946,1.0,1.0,18/48,26.69%,BMPR2;XRCC5;H1-1;DPPA3;CDKN1A;H1-3;WAPL;PDS5A;ERCC1;H1-10;NIBAN2;RTEL1;H1-4;CDC6;ERCC4;GTPBP4;GMNN;ATR
TDRP,GO_Biological_Process_2023,prerank,Regulation Of Osteoblast Differentiation (GO:0045667),-0.3452534063720246,-0.9034474724869824,0.675,1.0,1.0,27/85,25.45%,SMAD6;BMPR2;CITED1;CHRD;NPNT;HGF;IGF1;NOTCH1;ACVR2B;SNAI2;TNFAIP6;TP63;CRIM1;IL6ST;LIMD1;ZHX3;NOCT;ACVR2A;ATF4;RUNX2;NBR1;WNT4;MEN1;DNAI3;BMP4;CTNNBIP1;BMP6
TDRP,GO_Biological_Process_2023,prerank,Extracellular Structure Organization (GO:0043062),-0.33812902865279615,-0.9029815953814962,0.6626016260162602,1.0,1.0,41/107,22.78%,COL7A1;SPINT1;VIT;COL8A1;APP;COL9A2;COL4A5;NPNT;FURIN;COL19A1;ECM2;HPSE2;COL15A1;ADAMTS15;SPOCK2;RECK;COL14A1;COL4A2;COL5A2;COL9A3;ADAMTS9;MMP9;MMP11;ADAMTSL4;ADAMTS14;ADAMTS19;COL4A3;ADAMTS12;MMP17;MMP16;COL13A1;COL5A1;TGFBR1;ST7;PXDN;ADAMTS8;SLC39A8;GFOD2;TGFBI;MATN2;COL10A1
TDRP,GO_Biological_Process_2023,prerank,Protein Processing (GO:0016485),-0.33476163131016,-0.9027196006745979,0.6643741403026134,1.0,1.0,35/114,23.64%,MYRF;F7;CTSS;XPNPEP3;ZMPSTE24;ECE2;KLK6;SRGN;ECE1;VSIR;ADAM17;ATP23;FURIN;RCE1;TMPRSS4;MYRFL;TMPRSS2;ASRGL1;MME;CLN5;PCSK5;PIDD1;HTRA2;CPXM1;SPCS2;MMP16;BACE2;PCSK9;METAP2;F12;KLK1;PHEX;AFG3L2;CTSL;PSEN1
TDRP,GO_Biological_Process_2023,prerank,Positive Regulation Of Collagen Metabolic Process (GO:0010714),-0.4605018623430238,-0.9025371338006463,0.615257048092869,1.0,1.0,5/16,13.57%,RGCC;VSIR;CREB3L1;F2;LARP6
TDRP,GO_Biological_Process_2023,prerank,Regulation Of Response To Cytokine Stimulus (GO:0060759),-0.46329377327864496,-0.9004302966006776,0.6162790697674418,1.0,1.0,9/16,25.97%,WNT5A;KLF4;SH2B3;RIGI;MAVS;CD24;IRAK2;IRAK1;TLE5
TDRP,GO_Biological_Process_2023,prerank,Striated Muscle Contraction (GO:0006941),0.33588666398057293,0.9001660988792571,0.6625386996904025,1.0,1.0,5/57,4.16%,MYL4;PGAM2;SCN2B;TNNC1;JSRP1
TDRP,GO_Biological_Process_2023,prerank,Calcium Ion Transport (GO:0006816),-0.33548261663377066,-0.9000138925871042,0.6926229508196722,1.0,1.0,48/112,24.63%,CACNG1;ATP2C1;TRPC3;ATP2B2;ORAI2;PKD1;CDH23;NMUR1;CAMK2A;PKD2;CACNA1H;ATP2C2;CRACR2A;CACNB3;TRPV3;CACNA2D4;ITGAV;TRPA1;P2RX7;GRIN3A;CACNB1;TRPM2;CACNA1D;CACNA1A;MCOLN3;P2RX4;SLC24A5;MCOLN2;TRPM6;ITPR1;CACNG6;SLC3A2;SLC24A3;CACNG8;STIM1;CACNA2D1;TRPM3;RYR3;GAS6;MICU1;CHRNA7;TRPC4;CACNB2;PSEN1;TRPC6;CACNA1C;RYR1;TRPC5
TDRP,GO_Biological_Process_2023,prerank,Negative Regulation Of Nucleic Acid-Templated Transcription (GO:1903507),-0.29639481692692965,-0.8995494253646713,0.8147268408551069,1.0,1.0,156/455,25.15%,HAND1;PASD1;PAX2;ZEB1;ILF3;ARID5A;TRIB3;CITED1;XRCC5;WNT5A;CTBP2;PPM1F;CDK5;CALCA;ZBTB18;ERN2;TBX3;CHD3;PRDM16;KLF4;DDIT3;NKRF;LBH;SUMO4;SPACDR;XCL1;ZBTB16;GATA3;RBBP7;CDKN2A;FOXP3;ZNF282;CREB3L1;HEY2;SMARCE1;ZNF639;INPP5K;ZHX1;ID2;SOX8;PROX1;IKZF1;ZBED6;ZMYND15;NOTCH1;HHEX;EPC1;HDAC4;SMARCA2;BTRC;ZNF219;ZNF703;BMP2;PRDM11;ZNF425;CBX3;TFDP2;SAP18;FOXM1;ENO1;MLXIPL;ATF5;CEBPA;RCOR3;TP63;MIDEAS;RLIM;LHX1;CD38;RCOR1;YAF2;NMNAT1;ZNF746;ZBTB21;GLI3;ING4;KAT8;THAP7;CITED2;MTA2;PRDM5;ZNF318;KAT6B;SMARCC2;ZBTB14;TRAF6;MTERF3;CHD4;GCFC2;WWP2;MPHOSPH8;PIAS4;CIART;PRICKLE1;HNRNPK;ATP8B1;LIMD1;HDAC5;HDAC10;EID1;TCF7L2;ZHX3;FOXK2;HMBOX1;RBPJ;HNRNPL;LOXL3;KDM8;CRY1;ZNF148;SUV39H1;RBM15B;GAS6;RSF1;NIBAN2;HEXIM2;QARS1;SOX7;VGLL4;RUNX2;CDK5R1;MAGEL2;SFRP1;EHMT1;WNT4;CDKN1B;MEN1;ZNF253;CTBP1;LEF1;SET;HINFP;YEATS2;TSHZ3;SFPQ;ZNF540;CDKN1C;BMP4;CTCF;L3MBTL1;PER2;PDGFB;HIC2;MYBBP1A;ZFPM2;CHD8;CBFA2T2;MYB;SPEN;MLX;AHR;TLE1;WWP1;SOX13;GATAD2B;E2F1
TDRP,GO_Biological_Process_2023,prerank,Negative Regulation Of Cell Migration (GO:0030336),-0.3218402863536835,-0.8994503329087766,0.7056451612903226,1.0,1.0,48/162,20.70%,PTPN23;NEDD9;ARHGDIB;MARVELD3;TACSTD2;MITF;ARID2;CHRD;ING2;RBBP7;IGFBP3;GJA1;SAP30;CD74;DUSP22;LRP1;NEXMIF;CLDN5;ADGRG1;HAS1;CX3CL1;PIP5KL1;MCC;TCAF1;ARPIN;RECK;AMH;DUSP10;SERPINE1;SINHCAF;EPHA4;NAV3;DUSP3;FGF2;CITED2;PTPRT;ZMYND8;NGFR;PTEN;JAG1;PTPRG;CYP1B1;EVL;KANK1;RAP2C;FUZ;RAP2B;TET1
TDRP,GO_Biological_Process_2023,prerank,Endomembrane System Organization (GO:0010256),-0.31791383541700763,-0.899263717503526,0.7377483443708609,1.0,1.0,66/193,23.48%,ANXA8;CUL7;CSNK1A1;PLEKHF1;EXOC8;VAPA;GOLGA8T;RAB22A;GOLGA2;GOLGB1;GOLGA6C;SRGN;SEC16A;NSFL1C;GOLGA6A;PLEKHF2;FAM174B;GOLGA8N;REEP4;GOLPH3L;GOLGA6B;TMED1;OSBPL2;TOR1B;SQSTM1;SMPD4;GOLGA8A;ZNF501;AKTIP;LRRK2;ALS2;RAB8A;ARHGEF7;LMNB1;VPS4A;RAB30;TMED6;DMPK;RNF112;SYNGR1;LMAN1;TLCD2;AP3D1;RAB2A;PLEKHJ1;EIF2AK3;ATP8B1;GOLPH3;LAPTM4B;GORASP1;USP6NL;DNAJC13;DNM1;RAB1B;VPS18;VPS13B;RAB29;FBXW8;CLASP1;NUP155;ATL1;TRAPPC8;TRAPPC11;UBXN2B;OBSL1;SPTBN1
TDRP,GO_Biological_Process_2023,prerank,Negative Regulation Of Intrinsic Apoptotic Signaling Pathway (GO:2001243),-0.36050516282469003,-0.8992337590092044,0.6263079222720478,1.0,1.0,27/61,27.14%,PTTG1IP;NOL3;CXCL12;NME5;CREB3L1;LRRK2;BCL2L1;SNAI2;SNAI1;ENO1;HYOU1;CDKN2D;SOD2;MMP9;HTRA2;PRKN;NOC2L;ARHGEF2;BCL2L2;DDIAS;XBP1;SRC;HERPUD1;BAG5;SELENOS;TXNDC12;RTKN2
TDRP,GO_Biological_Process_2023,prerank,Regulation Of Intrinsic Apoptotic Signaling Pathway In Response To DNA Damage (GO:1902229),-0.4710975570612438,-0.8987811245371755,0.6145833333333334,1.0,1.0,5/15,13.83%,CXCL12;BCL2L1;SNAI2;SNAI1;CDKN2D
TDRP,GO_Biological_Process_2023,prerank,Regulation Of Supramolecular Fiber Organization (GO:1902903),-0.4310703828982043,-0.8987555893030967,0.6120826709062003,1.0,1.0,13/23,25.40%,MAPT;MAPRE3;AKAP13;PIK3CA;EFEMP2;MAP1A;GPX1;GBA2;CHRNA7;CAMSAP1;PRUNE1;HAX1;MAP1S
TDRP,GO_Biological_Process_2023,prerank,Negative Regulation Of Lipid Metabolic Process (GO:0045833),-0.4161203078298407,-0.8985350669256212,0.6319218241042345,1.0,1.0,6/26,26.25%,SLC22A13;UGT1A8;ALK;CCDC3;BSCL2;NCOR1
TDRP,GO_Biological_Process_2023,prerank,Negative Regulation Of TORC1 Signaling (GO:1904262),-0.41794861085683055,-0.8978388519362501,0.6217948717948718,1.0,1.0,16/25,25.56%,ITFG2;NPRL2;SEC13;CASTOR2;BMT2;KPTN;NPC1;RNF152;SESN1;SESN3;CASTOR1;SESN2;KICS2;NPRL3;CASTOR3P;MIOS
TDRP,GO_Biological_Process_2023,prerank,Lipid Catabolic Process (GO:0016042),-0.4367412216595389,-0.8978106457357112,0.5923566878980892,1.0,1.0,6/21,14.64%,LIPG;CES1P1;AOAH;HSD17B14;LIPI;HSD11B1
TDRP,GO_Biological_Process_2023,prerank,Positive Regulation Of Defense Response (GO:0031349),-0.32873437747924933,-0.8977363951122759,0.7008426966292135,1.0,1.0,29/123,21.49%,SH2D1B;IFNK;WNT5A;TRADD;APP;TRIM56;IRGM;NLRP1;PLA2G2A;IFI35;IL18;NAIP;CX3CL1;PTGER4;CEBPA;CD47;SERPINE1;GPSM3;PLSCR1;NLRP12;POLR3C;TIRAP;GRN;MGST2;FEM1A;IGF2BP1;PYCARD;POLR3G;POLR3B
TDRP,GO_Biological_Process_2023,prerank,B Cell Activation (GO:0042113),-0.34440977510016807,-0.8973225302170891,0.6580829756795422,1.0,1.0,19/84,20.14%,IFNK;LAT2;CD40;NFAM1;CASP8;RAG1;CEBPG;NHEJ1;BANK1;LYL1;HHEX;HDAC4;CD70;IL11;PRKCB;HDAC5;PTPN2;TOP2B;CTPS1
TDRP,GO_Biological_Process_2023,prerank,Regulation Of Type I Interferon-Mediated Signaling Pathway (GO:0060338),-0.4001244300118416,-0.8973048214254686,0.6483870967741936,1.0,1.0,12/33,21.21%,OAS3;WNT5A;TRIM56;RBM47;DCST1;YTHDF3;PTPN2;MAVS;PTPN11;IGF2BP1;YTHDF2;TRIM41
TDRP,GO_Biological_Process_2023,prerank,Positive Regulation Of Cell Growth (GO:0030307),0.30577300060216556,0.8972970452965856,0.7402597402597403,1.0,1.0,29/105,17.88%,HYAL1;SDCBP;RICTOR;ITSN2;PABIR1;RPTOR;CPNE5;NTN1;PLAA;MLST8;DDX49;L1CAM;TEAD1;DDX3X;SYT17;AKT1;HDGFL2;MMP14;SFRP2;FXN;LIMK1;NGF;CDC42;CEP43;H3-3A;YAP1;DERL2;HPN;EXOSC9
TDRP,GO_Biological_Process_2023,prerank,Positive Regulation Of G1/S Transition Of Mitotic Cell Cycle (GO:1900087),0.38486168279480404,0.8972725463627597,0.6151761517615176,1.0,1.0,11/31,13.31%,MBLAC1;HYAL1;ANXA1;RPTOR;CENPJ;RRM1;DDX3X;AKT1;CDK10;LSM11;UBE2E2
TDRP,GO_Biological_Process_2023,prerank,Nitric Oxide Biosynthetic Process (GO:0006809),-0.47363779227141967,-0.8971444315949585,0.6423841059602649,1.0,1.0,9/15,22.17%,GCH1;ARG2;NOS2;CYB5B;NOS1;NQO1;CYP1B1;SLC7A6;MTARC1
TDRP,GO_Biological_Process_2023,prerank,Regulation Of B Cell Receptor Signaling Pathway (GO:0050855),-0.4669054456618017,-0.8968594879615921,0.5986622073578596,1.0,1.0,4/16,9.61%,LPXN;UXT;NFAM1;LYN
TDRP,GO_Biological_Process_2023,prerank,Glycosphingolipid Metabolic Process (GO:0006687),-0.39647812214558753,-0.8966044090974978,0.6376360808709176,1.0,1.0,16/32,27.99%,B4GALNT1;SMPD1;ST6GALNAC5;LARGE1;GALC;NEU3;GBA2;SUMF1;GM2A;ST6GALNAC6;ABCA2;CPTP;UGCG;GLTP;GLA;ST3GAL5
TDRP,GO_Biological_Process_2023,prerank,Regulation Of Intrinsic Apoptotic Signaling Pathway (GO:2001242),-0.3696663800201819,-0.8961685924032413,0.6594761171032357,1.0,1.0,20/47,24.62%,NOL3;PLEKHF1;DDIT3;UBQLN1;BCL2L1;GSDME;P4HB;EIF2AK3;FIS1;MMP9;SEPTIN4;BCAP31;PYCARD;BOK;NOC2L;LCK;BCL2L2;SRC;HERPUD1;BECN1
TDRP,GO_Biological_Process_2023,prerank,Acetylcholine Receptor Signaling Pathway (GO:0095500),0.41580937316778366,0.8960178117888358,0.6041131105398457,1.0,1.0,6/21,12.56%,CHRM4;LYPD1;GRK2;GNB1;LY6G6D;RGS10
TDRP,GO_Biological_Process_2023,prerank,Positive Regulation Of Cell Migration (GO:0030335),-0.3056631055357088,-0.8958744664435326,0.7649208282582217,1.0,1.0,63/272,17.72%,F7;TCAF2;NEDD9;BMPR2;GCNT2;CARMIL2;SEMA3G;PPM1F;CXCL12;SEMA6C;TRADD;TIAM1;SEMA3B;VSIR;SPHK1;CEMIP;PDGFD;CRKL;TNFRSF18;CLDN4;AIF1;FAM89B;MAP4K4;INSR;HGF;TDGF1;ADAM17;SEMA4A;RHOD;ANGPTL3;IGF1;DAB2;GLIPR2;SYDE1;NOTCH1;PDGFRB;PRKCA;ZNF703;BMP2;CCL26;SNAI2;SRGAP2C;ARHGEF7;SNAI1;ELP6;RAPGEF2;PDGFC;IGF1R;ZNF268;EPHA4;SOD2;SEMA3D;PLAU;LGR6;LAMB1;SEMA7A;SPAG9;SEMA3C;EPHA2;SEMA4B;FAM110C;GRN;SEMA3E
TDRP,GO_Biological_Process_2023,prerank,External Encapsulating Structure Organization (GO:0045229),-0.3359476666521648,-0.8955531865683551,0.6958904109589041,1.0,1.0,40/108,22.78%,COL7A1;SPINT1;VIT;COL8A1;APP;COL9A2;COL4A5;NPNT;FURIN;COL19A1;ECM2;HPSE2;COL15A1;ADAMTS15;SPOCK2;RECK;COL14A1;COL4A2;COL5A2;COL9A3;ADAMTS9;MMP9;MMP11;ADAMTSL4;ADAMTS14;ADAMTS19;COL4A3;ADAMTS12;MMP17;MMP16;COL13A1;COL5A1;ST7;PXDN;ADAMTS8;SLC39A8;GFOD2;TGFBI;MATN2;COL10A1
TDRP,GO_Biological_Process_2023,prerank,Positive Regulation Of Cell Communication (GO:0010647),-0.41052018020589254,-0.8955129224646912,0.64,1.0,1.0,8/30,21.66%,PTPN23;GATA3;NMB;NMU;RIMS2;CLSTN1;HOMER1;RIMS3
TDRP,GO_Biological_Process_2023,prerank,Negative Regulation Of Protein Transport (GO:0051224),-0.4197965646811466,-0.8954940000213273,0.6183206106870229,1.0,1.0,10/25,22.39%,PPM1F;PKDCC;DRD3;RHBDF1;SNX12;WWP2;SERGEF;CSK;CYP51A1;ERP29
TDRP,GO_Biological_Process_2023,prerank,Regulation Of Cell Division (GO:0051302),-0.34874535537478046,-0.8954706389823766,0.6959654178674352,1.0,1.0,33/83,26.44%,SFN;KAT2A;SMYD5;HTR2B;GIT1;PLK3;BCL2L1;TLE6;MYO19;SETD2;TP63;DLL1;KLHL21;FSD1;AURKC;PIK3R4;RAB11FIP3;UVRAG;NCOA3;KLHL13;KIF18B;MLLT3;PRC1;KDF1;POU5F1;RAB11FIP4;YEATS2;SH3GLB1;BECN1;CCP110;CIB1;CETN2;FGFR2
TDRP,GO_Biological_Process_2023,prerank,Negative Regulation Of Mitotic Cell Cycle Phase Transition (GO:1901991),-0.38649794464990817,-0.8953122040889702,0.6401225114854517,1.0,1.0,12/40,19.01%,RGCC;KLF4;KANK2;CDC73;WEE1;PKD2;CDKN1A;USP44;E2F7;PTEN;JADE1;DCUN1D3
TDRP,GO_Biological_Process_2023,prerank,Positive Regulation Of Isotype Switching (GO:0045830),0.4424007963019806,0.8952586669590545,0.6108374384236454,1.0,1.0,6/15,19.99%,CLCF1;MAD2L2;SHLD1;SHLD2;TFRC;KMT5B
TDRP,GO_Biological_Process_2023,prerank,Stimulatory C-type Lectin Receptor Signaling Pathway (GO:0002223),-0.4338525492539995,-0.8952162737013645,0.6012658227848101,1.0,1.0,9/19,27.94%,LYN;TRAF6;PAK3;KLRD1;SRC;PLCG2;EP300;CREBBP;PAK2
TDRP,GO_Biological_Process_2023,prerank,Cellular Response To Lectin (GO:1990858),-0.4338525492539995,-0.8952162737013645,0.6012658227848101,1.0,1.0,9/19,27.94%,LYN;TRAF6;PAK3;KLRD1;SRC;PLCG2;EP300;CREBBP;PAK2
TDRP,GO_Biological_Process_2023,prerank,Prostaglandin Biosynthetic Process (GO:0001516),-0.45524596032924264,-0.894944936830882,0.6339434276206323,1.0,1.0,8/17,23.91%,PTGES;CD74;PTGS1;AMH;PTGES3;DAGLB;PTGIS;PTGES2
TDRP,GO_Biological_Process_2023,prerank,Negative Regulation Of Proteolysis Involved In Protein Catabolic Process (GO:1903051),-0.4194196371732648,-0.8945146099495725,0.6164154103852596,1.0,1.0,9/25,24.04%,HFE;GABARAPL2;EFNA1;EPHA4;PRKCG;TAF1;TRIM39;CSNK2A1;PSME3IP1
TDRP,GO_Biological_Process_2023,prerank,Heterotypic Cell-Cell Adhesion (GO:0034113),0.3746107815872394,0.8938210426956542,0.6134663341645885,1.0,1.0,10/29,18.70%,ITGB3;IZUMO1;MADCAM1;CD200R1;CD200;CD58;ITGA5;DSP;PKP2;NINJ1
TDRP,GO_Biological_Process_2023,prerank,Monocarboxylic Acid Transport (GO:0015718),0.32506072328836927,0.8937276610262102,0.706060606060606,1.0,1.0,19/71,16.32%,SLC10A5;SLC16A11;ABCG2;SLC5A8;SLC6A8;SLC10A4;ABCC3;LYPLA1;ACSL1;SLC27A1;SLC27A5;SLC16A3;SLC27A4;SLC16A9;SLC16A6;SLC16A8;CRABP1;AKR1C1;PPARD
TDRP,GO_Biological_Process_2023,prerank,Circulatory System Development (GO:0072359),-0.3308724778276677,-0.8936499390403313,0.7105263157894737,1.0,1.0,36/130,20.44%,HAND1;FBN1;KAT2A;SMG9;ECE1;CASP8;POU4F1;TGFBR2;STRA6;GJA1;PKD1;TDGF1;HEY2;ID2;POPDC2;NOTCH1;FLRT3;DZIP1;PKD2;BMP2;CDKN1A;SLC2A12;TSC2;AKAP13;PIK3CA;NOTCH4;PCSK5;CITED2;PTEN;POLR2D;MTHFD1;PTPN11;PDLIM5;DVL2;TGFBR1;CXADR
TDRP,GO_Biological_Process_2023,prerank,Regulation Of Pathway-Restricted SMAD Protein Phosphorylation (GO:0060393),0.3273099101813743,0.8936357327292097,0.6551724137931034,1.0,1.0,17/60,15.29%,ACVRL1;BMP5;SDCBP;BMP8B;TNXB;SMAD7;CSNK2B;GDF3;TTK;LDLRAD4;INHBE;GDF5;EMILIN1;BMPER;TGFB3;BMP8A;INHBA
TDRP,GO_Biological_Process_2023,prerank,Purine Ribonucleotide Transport (GO:0015868),-0.4440983152171497,-0.8930515870857657,0.635593220338983,1.0,1.0,8/19,23.82%,SLC25A24;ABCC6;SLC35B3;SLC25A25;SLC17A9;ABCC5;LRRC8A;SLC25A17
TDRP,GO_Biological_Process_2023,prerank,Ribosomal Small Subunit Biogenesis (GO:0042274),0.30681453284666677,0.8930426119799186,0.7460815047021944,1.0,1.0,41/82,24.61%,NOL7;IGF2BP3;RPS19BP1;NOM1;NOL6;UTP3;MRPS7;METTL17;RPS24;RIOK2;RPS3A;RPS7;RIOK3;NOP14;NOP56;NOP58;KRR1;UTP20;RPS25;EXOSC10;DNTTIP2;LSM6;RPS15;RPS4X;WDR43;RPS27L;RPS5;RPS16;NGDN;RPS27;WDR3;RPS9;RPS13;RCL1;RPS8;UTP11;NAT10;FCF1;WDR36;BMS1;RPS23
TDRP,GO_Biological_Process_2023,prerank,Synaptic Vesicle Exocytosis (GO:0016079),-0.3814295507851363,-0.8929746640773878,0.6349693251533742,1.0,1.0,11/41,12.94%,CDK5;SNAP25;CPLX2;CPLX4;SNAP23;VAMP2;STX1B;OTOF;STX3;STX1A;UNC13B
TDRP,GO_Biological_Process_2023,prerank,Regulation Of Epidermal Cell Differentiation (GO:0045604),-0.4538565402443152,-0.8929167908347966,0.6245733788395904,1.0,1.0,12/18,27.35%,SFN;ZFP36;DLL1;SFRP4;ERRFI1;SULT2B1;ROCK2;KDF1;BMP4;KLF7;ROCK1;ZFP36L1
TDRP,GO_Biological_Process_2023,prerank,Cellular Response To Retinoic Acid (GO:0071300),-0.3860650755337235,-0.8925811694804786,0.6443057722308893,1.0,1.0,10/40,18.28%,PAX2;WNT3;WNT3A;WNT5A;LYN;WNT9B;BRINP3;HTRA2;WNT9A;RET
TDRP,GO_Biological_Process_2023,prerank,Positive Regulation Of Leukocyte Adhesion To Vascular Endothelial Cell (GO:1904996),-0.46183906629680216,-0.8924022173374071,0.6061093247588425,1.0,1.0,3/17,7.20%,CHST4;ITGB2;ST3GAL4
TDRP,GO_Biological_Process_2023,prerank,Regulation Of Cysteine-Type Endopeptidase Activity Involved In Apoptotic Process (GO:0043281),-0.3408503509833524,-0.8920226506674851,0.6863033873343152,1.0,1.0,23/84,21.33%,SFN;PAX2;PPM1F;KLF4;CD44;HGF;NLRP2;NAIP;XIAP;IFI6;CDKN2D;IGBP1;NLRP12;FIS1;HTRA2;GPX1;DAPK1;RPS6KA3;BCAP31;GAS6;UACA;PYCARD;SOX7
TDRP,GO_Biological_Process_2023,prerank,Negative Regulation Of Osteoblast Differentiation (GO:0045668),-0.39721028051874585,-0.8920063074383796,0.6373801916932907,1.0,1.0,10/32,22.98%,SMAD6;CITED1;CHRD;NOTCH1;TNFAIP6;CRIM1;LIMD1;NOCT;NBR1;MEN1
TDRP,GO_Biological_Process_2023,prerank,"Negative Regulation Of DNA-templated Transcription, Elongation (GO:0032785)",0.4169485028642713,0.8913379256771738,0.6155844155844156,1.0,1.0,5/18,10.70%,NELFE;RNF8;SUPT5H;NELFB;SUPT4H1
TDRP,GO_Biological_Process_2023,prerank,Monoatomic Anion Transport (GO:0006820),-0.36085471038437383,-0.8912189225154366,0.6857142857142857,1.0,1.0,16/57,17.97%,FXYD3;CLIC2;TTYH3;SLC26A9;SLC17A8;SLC26A6;NMUR1;CLIC1;CLCNKB;CLIC5;ANO9;SLC26A8;SLC26A3;CLCN4;ANO10;BEST1
TDRP,GO_Biological_Process_2023,prerank,Protein Modification By Small Protein Removal (GO:0070646),0.3085487574254861,0.890522024716368,0.7615894039735099,1.0,1.0,37/98,22.00%,TNFAIP3;UCHL5;STAMBP;USP50;SENP1;USP1;COPS8;USP45;SENP8;USP6;DESI1;CYLD;UCHL1;TOR1A;USP13;USP46;STAMBPL1;COPS7A;COPS3;USP42;OTUD4;USP32;USP8;USP2;USP11;USPL1;USP4;OTUD7B;USP15;ZRANB1;USP18;USP14;VCPIP1;SENP6;USP27X;UCHL3;USP36
TDRP,GO_Biological_Process_2023,prerank,piRNA Processing (GO:0034587),-0.44974208901311724,-0.8904328309091168,0.617741935483871,1.0,1.0,7/19,27.74%,PNLDC1;TDRD1;PLD6;TDRD12;PIWIL4;ANKRD34B;HENMT1
TDRP,GO_Biological_Process_2023,prerank,Negative Regulation Of Inflammatory Response To Antigenic Stimulus (GO:0002862),-0.456446307585344,-0.890049487198529,0.6213114754098361,1.0,1.0,5/16,13.80%,HLA-DRB1;FURIN;LYN;PLK2;YES1
TDRP,GO_Biological_Process_2023,prerank,Regulation Of Autophagy Of Mitochondrion (GO:1903146),0.4279551454436821,0.8899494456433132,0.6054590570719603,1.0,1.0,4/19,6.92%,HDAC6;PARK7;FBXO7;FZD5
TDRP,GO_Biological_Process_2023,prerank,Activation Of Phospholipase C Activity (GO:0007202),-0.4157979332863488,-0.8896517053777371,0.645367412140575,1.0,1.0,9/27,25.28%,HTR2B;P2RY6;NMUR1;EDNRA;C5AR1;TXK;RASGRP4;LPAR1;PLCB2
TDRP,GO_Biological_Process_2023,prerank,Mitotic Cell Cycle Phase Transition (GO:0044772),-0.3322113673125765,-0.8895200610559486,0.6857142857142857,1.0,1.0,43/111,23.84%,USH1C;CDKN3;SPAST;DNM2;CCNJ;CCNE2;CCNB3;PLK3;EIF4EBP1;ANAPC1;CUL4B;CAMK2A;WEE1;RPS6KB1;CDC23;CCNA1;CCNE1;CDKN1A;CHMP7;ENSA;PLK2;FOXM1;CDC34;UBE2C;CUL2;CHEK2;KDM8;CDC25B;CHMP4A;CDK2;BRSK2;CLASP1;CUL1;PPP2R2D;LATS2;CCND1;CDKN1B;CHMP2A;HINFP;LATS1;E2F3;PPME1;ZNF324
TDRP,GO_Biological_Process_2023,prerank,Chloride Transmembrane Transport (GO:1902476),-0.37482467998114355,-0.8892630881981144,0.6625766871165644,1.0,1.0,15/48,21.20%,APOL1;SLC12A7;GABRA1;SLC12A3;SLC26A9;SLC1A1;GABRA4;ANO3;ANO9;SLC12A6;ANO10;SLC12A2;SLC4A8;CLCN3;LRRC8A
TDRP,GO_Biological_Process_2023,prerank,Positive Regulation Of Apoptotic Process (GO:0043065),-0.30733595877026404,-0.8890175301381189,0.7715736040609137,1.0,1.0,97/268,25.30%,PNMA5;CTSS;PLEKHN1;AIFM2;FZD9;SRPK2;CDK5;CASP9;TRADD;DDIT3;SCIN;CASP8;IFIT2;FANK1;PANO1;TNFRSF10B;PTPA;IGFBP3;SPDEF;PNMA3;SIK1;SMPD1;KLF11;DNM2;TOP2A;IP6K2;SQSTM1;ZC3H12A;PAWR;DDX20;PIP5KL1;HIP1R;BMP2;UBE2Z;PRDM11;SAP18;ARHGEF7;BAX;UNC13B;STK17B;AIFM1;TP63;ZNF268;SFRP4;ING4;TNFRSF10C;IAPP;BAK1;SHQ1;MLLT11;PIDD1;GRN;MAP3K11;HTRA2;SEPTIN4;FRZB;ADAMTSL4;DAPK1;JMY;FAS;GADD45A;DCUN1D3;CYP1B1;BTG1;IGF2BP1;PCSK9;TGFBR1;STK17A;CRADD;ATF4;PYCARD;BOK;TRIM39;CFLAR;CDK5R1;LATS2;SAV1;SFRP1;PDCD2;RNPS1;ATM;PTGIS;SOD1;CTSL;LATS1;TRAF7;PTRH2;BMP4;DUSP6;MYBBP1A;CTSK;ITGA6;TPD52L1;E2F1;ERCC3;RNF122;TFAP4
TDRP,GO_Biological_Process_2023,prerank,Endoplasmic Reticulum Organization (GO:0007029),0.3362304974251415,0.8889913272001133,0.7003058103975535,1.0,1.0,26/54,20.09%,CAV2;GET4;TRAM1L1;RTN4;SPTSSB;REEP6;CCDC47;SEC31B;GAK;TRDN;TMEM33;GET1;JAGN1;MAPK15;ATL3;WDR83OS;TRAM2;REEP3;MIA3;GET3;TMEM170A;DOP1B;RAB18;SEC31A;DNM1L;TMCC1
TDRP,GO_Biological_Process_2023,prerank,Regulation Of Catabolic Process (GO:0009894),-0.42452109860711074,-0.8889820843860774,0.6470588235294118,1.0,1.0,9/22,20.41%,CHMP6;WDR91;FURIN;FAM83D;ZDHHC7;CHEK2;RARRES2;ZDHHC2;CENATAC
TDRP,GO_Biological_Process_2023,prerank,Macromolecule Biosynthetic Process (GO:0009059),0.2816318007843564,0.8889294654202202,0.8576923076923076,1.0,1.0,72/182,22.17%,SLC11A1;MRPL9;ASMT;EEF1B2;IGF2BP3;MRPL51;HBS1L;RPL3L;FARSB;RPL10;AGO2;TNIP1;EEF1G;MRPL13;FAU;MRPL28;RPL17;RPL31;MRPS7;MRPL37;RPS24;DARS1;RPL39;POLD3;MRPL43;RPS3A;MRPL24;RPS7;RPL7A;FUT9;MRPL41;WARS1;INHBA;HARS1;RPL22;RPS2;ALAS1;MRPL36;RPL8;RPL36;SRBD1;APOE;TSFM;RPL9;GTPBP1;RPS25;HARS2;EEF1A1;RPS18;RPS3;MRPL18;RPL12;RPL23A;RPL27A;RPS15;RPL13;MRPL3;TUFM;RPL36AL;RPS4X;RPL26;MRPS14;MRPL35;RPS10;RPL35A;MRPL12;RPL13A;RPS5;RPL27;MRPL34;RPS16;RPS27
TDRP,GO_Biological_Process_2023,prerank,Protein K63-linked Ubiquitination (GO:0070534),-0.36603844403915675,-0.8887908358383152,0.6592920353982301,1.0,1.0,22/53,22.46%,PELI3;ZFP91;TRIM56;UBE2N;TRIM21;TRIM3;RNF4;TRAF5;PELI1;TRAF4;ARRDC4;RNF115;TRAF6;WWP2;RNF152;RNF168;UBE2G1;TRAF3IP2;PRKN;TRIM22;MAGEL2;UBE2D4
TDRP,GO_Biological_Process_2023,prerank,Regulation Of Apoptotic Signaling Pathway (GO:2001233),0.3490517587744062,0.8886281115526493,0.6742209631728046,1.0,1.0,8/45,10.01%,FAIM2;NKX3-1;DEPTOR;ETFA;TRAF1;CYLD;TMBIM6;NR4A2
TDRP,GO_Biological_Process_2023,prerank,Vesicle Fusion (GO:0006906),-0.3472024059670909,-0.8885828728754176,0.6793785310734464,1.0,1.0,30/79,22.34%,CHMP6;PLEKHM1;RAB20;VAMP1;RAB7B;STX5;STXBP1;CHMP3;VAMP2;STX1B;VIPAS39;CHMP1B;CHMP7;RAB8A;VPS4A;CHMP4C;STX7;VPS33A;VAMP4;CLTRN;ARL8B;UVRAG;CHMP4A;VPS18;STX16;YIPF5;STX6;SYT4;TOM1;TSNARE1
TDRP,GO_Biological_Process_2023,prerank,Positive Regulation Of Neuron Apoptotic Process (GO:0043525),-0.421259602001022,-0.888413351839957,0.6331738437001595,1.0,1.0,10/23,27.26%,SRPK2;CDK5;DDIT3;BAX;GRN;PCSK9;CDK5R1;FBXW7;FOXO3;TGFB2
TDRP,GO_Biological_Process_2023,prerank,Regulation Of Vascular Endothelial Growth Factor Production (GO:0010574),-0.41773013638646195,-0.8882571686791552,0.6512738853503185,1.0,1.0,10/26,22.09%,HPSE;SULF2;IL1A;IL6ST;C3;EIF2AK3;CYP1B1;CCBE1;ATF4;C5
TDRP,GO_Biological_Process_2023,prerank,Positive Regulation Of Small GTPase Mediated Signal Transduction (GO:0051057),-0.4425918064381956,-0.8878556750078619,0.6298701298701299,1.0,1.0,11/17,24.21%,MMD2;NTRK1;IGF1;NOTCH1;ITGAV;RELN;NOTCH2;STK19;RASGEF1A;RASGRP4;SRC
TDRP,GO_Biological_Process_2023,prerank,Cellular Response To Cytokine Stimulus (GO:0071345),-0.30138552905578675,-0.8877161654717126,0.7802469135802469,1.0,1.0,72/295,19.76%,LILRB4;IFNK;SIRPA;STAT6;IL23R;CD40;MYLK3;WNT5A;DOCK8;CXCL12;TRADD;POU4F1;IRGM;STAT5A;AIF1;RIPOR2;HCLS1;XCL1;GATA3;NPNT;TDGF1;CRLF2;SLC26A6;INPP5K;ZC3H12A;SMPD4;EPOR;LRCH1;CAMK2A;LRRK2;IL7;IRF8;LRP8;JAK1;CX3CL1;ZFP36;IL1A;PDE1B;EBI3;IL11RA;SH2B3;CCL26;GSDME;GHR;CEBPA;AQP4;RBMX;CD47;CDC34;MME;NLRP7;NPR2;IL6ST;SOS1;JAK2;NLRP12;PTPRT;IFIT1;CHUK;PF4;WNK1;SHMT1;TRAF6;HTRA2;PID1;DAPK1;ADAMTS12;PTPN11;KHSRP;TNFRSF21;CRLF1;USP10
TDRP,GO_Biological_Process_2023,prerank,Digestive Tract Morphogenesis (GO:0048546),0.44778649239856655,0.8874124349718441,0.6206030150753769,1.0,1.0,2/15,6.32%,TCF21;PDGFRA
TDRP,GO_Biological_Process_2023,prerank,Positive Regulation Of Neuron Projection Development (GO:0010976),0.30981896617729077,0.8871443143403925,0.7684563758389261,1.0,1.0,34/92,19.31%,GPRASP3;KHDC3L;BMP5;DDR2;STMN2;SCARF1;ZNF804A;AVIL;EPHA3;PTK2B;ZDHHC15;PRKCI;DHX36;MAGI2;CAMK2B;TENM3;SCN1B;NPTN;RAP1A;RIT2;CAPRIN1;ALKAL1;PLA2G3;FUT9;TNN;TUBB2B;APOE;SCARB2;CAPRIN2;TWF1;SNX3;MARK2;GPC2;MDK
TDRP,GO_Biological_Process_2023,prerank,DNA Double-Strand Break Processing (GO:0000729),0.4361420185326966,0.8870209666291761,0.6106870229007634,1.0,1.0,2/15,3.67%,SLX1A;SLX4
TDRP,GO_Biological_Process_2023,prerank,mRNA Transport (GO:0051028),0.33325137604589783,0.8868718344996627,0.6893203883495146,1.0,1.0,25/57,19.22%,THOC7;EIF4A3;NUP160;SARNP;FMR1;DDX39A;SMG5;MAGOH;HNRNPA2B1;NCBP3;FYTTD1;TPR;SRSF3;ALKBH5;NXT1;NUP88;NXT2;MAGOHB;THOC3;NUP107;RBM8A;ALYREF;THOC5;UPF2;NUP214
TDRP,GO_Biological_Process_2023,prerank,Spliceosomal snRNP Assembly (GO:0000387),0.35165768086721144,0.8866762170035604,0.6714285714285714,1.0,1.0,18/37,23.84%,SRSF12;PRPF3;CLNS1A;PRPF8;SNRPG;STRAP;GEMIN2;GEMIN7;SNRPD1;TGS1;USP4;LSM4;SNRPB;GEMIN4;SART1;LSM2;PRMT5;GEMIN6
TDRP,GO_Biological_Process_2023,prerank,Protein K11-linked Ubiquitination (GO:0070979),0.3819389879105538,0.8866577971981727,0.6454293628808865,1.0,1.0,10/29,13.97%,ANAPC5;UBE2L5;UBE2B;UBE2D3;ANAPC13;UBE2T;CDC26;CDC27;UBE2E2;UBE2S
TDRP,GO_Biological_Process_2023,prerank,Positive Regulation Of Receptor-Mediated Endocytosis (GO:0048260),-0.38391927512579194,-0.8864276212732968,0.6770186335403726,1.0,1.0,11/43,20.36%,HFE;WNT3A;INSR;DAB2;SERPINE1;ARRB1;SFRP4;C3;HNRNPK;PCSK9;ARRB2
TDRP,GO_Biological_Process_2023,prerank,Aminoglycan Biosynthetic Process (GO:0006023),-0.43239846766118506,-0.8861649605755221,0.6252045826513911,1.0,1.0,11/21,24.66%,GCNT2;B3GNT3;B4GAT1;HAS1;HS3ST2;EXT2;B3GNT2;XYLT2;EXT1;UGDH;B3GNTL1
TDRP,GO_Biological_Process_2023,prerank,Secretory Granule Organization (GO:0033363),-0.41838780924079083,-0.886072981601763,0.6367924528301887,1.0,1.0,13/25,27.33%,SRGN;AP1G1;AP3B1;AP1S1;AP1M1;HPS3;AP3D1;AP1B1;AP3S2;HPS4;HPS1;BLOC1S2;HPS6
TDRP,GO_Biological_Process_2023,prerank,Regulation Of Epidermal Growth Factor-Activated Receptor Activity (GO:0007176),-0.4097285056072299,-0.8855996294338708,0.6468699839486356,1.0,1.0,4/26,8.22%,CHMP6;AREG;APP;NCK2
TDRP,GO_Biological_Process_2023,prerank,Positive Regulation Of Release Of Sequestered Calcium Ion Into Cytosol (GO:0051281),-0.394206752646884,-0.885541715980865,0.6373983739837399,1.0,1.0,7/33,13.28%,CEMIP;P2RY6;XCL1;F2;PKD2;CX3CL1;JPH2
TDRP,GO_Biological_Process_2023,prerank,Sensory Perception Of Mechanical Stimulus (GO:0050954),-0.3363706923221972,-0.8848968499787504,0.7072135785007072,1.0,1.0,35/88,23.30%,OTOR;ATP6V0A4;USH1C;TMIE;CEMIP;ATP2B2;RIPOR2;MYO1A;P2RX2;PAX3;LRP2;CDH23;WFS1;USP53;GSDME;SNAI2;CLIC5;SPTBN4;MYO7A;LOXHD1;CACNA1D;TIMM9;P2RX4;TBL1X;PDZD7;COL4A3;NDUFB9;PIEZO2;SLC26A5;HOMER2;TIMM10;LHFPL5;ROR1;CDC14A;SOD1
TDRP,GO_Biological_Process_2023,prerank,Glutamate Receptor Signaling Pathway (GO:0007215),-0.390274975652975,-0.8847487733772114,0.6651305683563749,1.0,1.0,15/35,22.08%,KCNB1;GRIN3B;GRIN2B;GRIK3;GRIN1;GRM4;GRIK1;GRIN3A;CPEB4;HOMER3;GRM8;HOMER2;HOMER1;CDK5R1;GRM1
TDRP,GO_Biological_Process_2023,prerank,Regulation Of Systemic Arterial Blood Pressure By Hormone (GO:0001990),-0.46083015196493504,-0.8847208165997621,0.6277128547579299,1.0,1.0,3/15,16.19%,ECE1;ENPEP;OXTR
TDRP,GO_Biological_Process_2023,prerank,Cartilage Development (GO:0051216),0.33587307564040203,0.8844492752745169,0.6947674418604651,1.0,1.0,19/52,18.94%,HYAL1;SNX19;CCN3;COL11A2;SULF1;OGN;SOX6;GDF5;HYAL2;SNORC;SLC26A2;TRPV4;WNT5B;COL2A1;TRIP11;GPLD1;CREB3L2;SOX5;GHRL
TDRP,GO_Biological_Process_2023,prerank,Negative Regulation Of Peptidase Activity (GO:0010466),-0.3585048842783458,-0.8842742113240099,0.6863636363636364,1.0,1.0,17/59,19.16%,SERPINA6;SERPIND1;SERPINB8;SERPINA10;LRP1;FETUB;TIMP2;CTSB;SERPINA5;SPOCK2;SERPINE3;SERPINE1;SPOCK3;SERPINH1;UBXN1;SERPINI1;TIMP3
TDRP,GO_Biological_Process_2023,prerank,Amino Acid Transmembrane Transport (GO:0003333),0.35004592513628535,0.8840856633669314,0.6648501362397821,1.0,1.0,14/42,19.42%,SLC7A10;SLC7A9;SLC38A8;SFXN2;SLC25A18;SLC38A6;LRRC8E;SLC36A4;SLC38A4;SLC36A1;SLC1A6;SLC38A1;SLC38A9;SLC38A5
TDRP,GO_Biological_Process_2023,prerank,Negative Regulation Of Cellular Senescence (GO:2000773),-0.44518274497519933,-0.8838002937077543,0.6512820512820513,1.0,1.0,9/17,29.64%,TERT;FZR1;AMH;PTEN;MAP3K3;HMGA2;SIRT6;TERF2;CDK6
TDRP,GO_Biological_Process_2023,prerank,Epigenetic Regulation Of Gene Expression (GO:0040029),0.3152342257895695,0.8832375768068758,0.7507692307692307,1.0,1.0,19/83,11.23%,IGF2;PHF19;TRMT112;BRD7;PHB1;HDAC6;VPS72;KMT2A;SIRT2;TRIM37;DPY30;RNF8;MACROH2A2;CGGBP1;IFI16;WDR5;H3C1;FAM47E;SMARCA4
TDRP,GO_Biological_Process_2023,prerank,Negative Regulation Of Cation Channel Activity (GO:2001258),0.3777871788968055,0.8830952012651305,0.6577540106951871,1.0,1.0,13/28,22.15%,DRD4;FKBP1A;GSTM2;FMR1;GSTO1;TRDN;CBARP;GNB5;PPP3R1;KCNAB1;SRI;FKBP1B;CALM3
TDRP,GO_Biological_Process_2023,prerank,Neuron Projection Guidance (GO:0097485),-0.3232937947436656,-0.8829415147427346,0.7380281690140845,1.0,1.0,42/124,23.93%,LRTM2;EPHA5;WNT5A;BOC;SEMA3G;CXCL12;SEMA6C;SEMA3B;EFNA1;ROBO4;SEMA4A;NOTCH3;NOTCH1;LRTM1;ARHGAP35;RELN;RYK;EPHA4;ENAH;SEMA3D;LGR6;SOS1;SEMA7A;SEMA3C;NOTCH2;EFNA2;SEMA4B;SEMA3E;KIF5A;RET;EFNA5;EFNB3;CYFIP2;NIBAN2;EFNA3;CDK5R1;CYFIP1;FEZ1;TUBB3;CNTN2;BDNF;SEMA4F
TDRP,GO_Biological_Process_2023,prerank,Phosphatidylethanolamine Metabolic Process (GO:0046337),0.38377742815973825,0.8826406550525331,0.6447368421052632,1.0,1.0,12/25,19.12%,ALOX15;PNPLA8;CHKA;PLA2G10;SLC27A1;PLAAT5;PLAAT3;NAPEPLD;PLA2G3;CHKB;NAAA;ETNK1
TDRP,GO_Biological_Process_2023,prerank,T Cell Differentiation (GO:0030217),-0.3697492430428043,-0.8824942685425767,0.674884437596302,1.0,1.0,9/46,15.77%,LIG4;RAG1;GATA3;NHEJ1;FOXP3;JAG2;USP44;GPR89B;GLI3
TDRP,GO_Biological_Process_2023,prerank,Protein Autophosphorylation (GO:0046777),-0.3111098915219658,-0.8824299884871263,0.7833109017496636,1.0,1.0,69/162,27.94%,MAP4K1;GRK7;TAOK3;MOS;NEK2;MAPKAPK3;INSR;SIK1;VRK2;NTRK1;ATG13;NTRK2;LYN;FES;MAP3K9;CAMK2A;LRRK2;PDGFRB;SIK2;DYRK1A;MINK1;STK17B;ULK1;IGF1R;AATK;TYRO3;FGFR1;EPHA4;BMX;SMG1;TNIK;JAK2;EIF2AK3;MEX3B;MAP3K11;ALK;CHEK2;DDR1;DAPK1;EEF2K;CDKL5;TAF1;MTOR;PRKD2;LMTK2;TXK;MAPKAPK5;KDR;ERBB4;LCK;ATM;MAP3K3;SRC;MYO3A;MAP3K12;STK26;RB1CC1;PIKFYVE;IRAK1;FGFR2;ACVR1B;EPHB1;ATR;ABL1;TEK;PRKX;KIT;STK24;PAK2
TDRP,GO_Biological_Process_2023,prerank,Regulation Of Peptidase Activity (GO:0052547),0.38148178811737016,0.8823122941134567,0.6206896551724138,1.0,1.0,6/27,13.53%,CSTA;PRSS22;SVBP;PSMB8;NRDC;PSMA3
TDRP,GO_Biological_Process_2023,prerank,Golgi To Endosome Transport (GO:0006895),0.44002996016723855,0.8821970621415223,0.6240601503759399,1.0,1.0,4/15,8.14%,CORO7;VPS13A;GBF1;KLHL20
TDRP,GO_Biological_Process_2023,prerank,Regulation Of Neuron Death (GO:1901214),0.32507614177190164,0.8817489796671951,0.7283950617283951,1.0,1.0,19/58,16.68%,FAIM2;ITGAM;CHGA;PARK7;CD200R1;PRNP;IKBKG;SORL1;AKT1S1;EGR1;SIGMAR1;TSC1;CSF1;MAP3K5;CD200;EGLN3;FYN;SARM1;PICALM
TDRP,GO_Biological_Process_2023,prerank,"Nuclear-Transcribed mRNA Catabolic Process, Deadenylation-Dependent Decay (GO:0000288)",-0.3840606718153826,-0.8817048735529083,0.678343949044586,1.0,1.0,16/39,24.76%,PATL2;PNLDC1;ZFP36;CNOT4;CNOT8;RC3H2;DCP1A;CNOT6;SAMD4A;CNOT9;PATL1;PARN;CNOT6L;TUT7;EXOSC7;SAMD4B
TDRP,GO_Biological_Process_2023,prerank,Positive Regulation Of Carbohydrate Metabolic Process (GO:0045913),-0.38549061839131604,-0.8815965008614411,0.6557632398753894,1.0,1.0,13/34,24.40%,SLC45A3;APP;INSR;IGF1;MLXIPL;P2RX7;GAPDHS;SLC4A4;PRKAA2;MTOR;IRS2;PSEN1;PDGFB
TDRP,GO_Biological_Process_2023,prerank,Antimicrobial Humoral Response (GO:0019730),0.30420765669372885,0.8812312515542172,0.7628205128205128,1.0,1.0,13/94,14.30%,PGLYRP1;WFDC13;SLC11A1;H2BC21;WFDC3;HLA-A;FAU;LEAP2;RPL39;TSLP;NRG1;AZU1;H2BC11
TDRP,GO_Biological_Process_2023,prerank,Cellular Response To Oxidative Stress (GO:0034599),-0.3249091772416816,-0.8808954784156333,0.730225988700565,1.0,1.0,48/117,26.34%,PDK2;SUMO4;CPEB2;AIF1;SLC25A24;ETV5;VRK2;MAPT;SQSTM1;ZC3H12A;LRRK2;PKD2;RBM11;ZFAND1;KEAP1;LONP1;NQO1;SOD2;CHUK;MPV17L;MMP9;HTRA2;GPX1;DAPK1;PPARGC1A;ROMO1;PRKAA2;MSRA;VKORC1L1;ATF4;SESN2;GPX7;PLA2R1;HSPA1B;ATM;ERMP1;PEX12;SRXN1;PYCR1;PXN;RAD52;PRDX2;PARP1;CCS;SNCA;SELENOS;FOXO3;PRKCD
TDRP,GO_Biological_Process_2023,prerank,Regulation Of B Cell Proliferation (GO:0030888),-0.3787417346487369,-0.8808582469059455,0.6833855799373041,1.0,1.0,13/44,23.95%,CD40;CD74;LYN;IL7;TNFRSF13C;AMH;CD38;TIRAP;TNFRSF21;NFATC2;IRS2;ATM;CD320
TDRP,GO_Biological_Process_2023,prerank,Regulation Of Amyloid Fibril Formation (GO:1905906),0.43941939073616143,0.8804615240607443,0.6377551020408163,1.0,1.0,7/15,17.48%,PFDN2;PFDN4;PFDN6;VBP1;PFDN5;USP8;PFDN1
TDRP,GO_Biological_Process_2023,prerank,Regulation Of Myotube Differentiation (GO:0010830),-0.4124214927106434,-0.8802640670457701,0.6535947712418301,1.0,1.0,10/23,23.92%,BHLHA15;SIK1;HDAC4;RBM24;DMPK;FBXO22;HDAC5;MAPK14;BDNF;XBP1
TDRP,GO_Biological_Process_2023,prerank,Regulation Of Heart Rate By Cardiac Conduction (GO:0086091),0.3541601129926282,0.8797708104768297,0.6846846846846847,1.0,1.0,13/40,17.33%,KCNJ5;SCN2B;HCN2;CACNA1G;HCN3;BIN1;SCN1B;KCNQ1;KCND3;KCNJ3;KCNH6;DSP;PKP2
TDRP,GO_Biological_Process_2023,prerank,Endothelial Cell Development (GO:0001885),-0.4346591627047864,-0.8796814738034624,0.6471571906354515,1.0,1.0,5/20,14.45%,RAP1B;ICAM1;ROBO4;RAPGEF3;RAPGEF2
TDRP,GO_Biological_Process_2023,prerank,Positive Regulation Of Signal Transduction (GO:0009967),-0.3027297087668134,-0.8796589354776173,0.821831869510665,1.0,1.0,102/266,24.36%,LAMB2;F7;CTSS;SLC2A4;LY96;GHRH;SHANK3;CTBP2;GAS8;STK36;KLK6;MYORG;P2RY6;TEDC2;GATA3;ZBTB7B;RXRA;GRIN2B;CRLF2;CD74;SULF2;TSPAN14;IGF1;CDC73;STX1B;JCAD;SLC39A14;UBE2N;HHEX;GRIN1;LRRK2;PKD2;IL7;PRKCA;TERT;CD226;BMP2;NOD2;BAX;JAG2;SPRING1;DRD3;ITGAV;TP63;RELN;KLK14;IL6ST;DEPDC1B;PDCL;DLL1;SNX5;LGR6;LAMB1;JAK2;C1QTNF12;CITED2;C3;SCIMP;BAK1;PRKCB;BMP2K;PTEN;JAG1;FAS;PTPN11;CCBE1;RBPJ;THRB;KANK1;LOXL3;TUBD1;RIMS2;PIH1D1;TGFBR1;HOMER1;CRADD;AGPAT2;PRKD2;GAS6;NOTCH2NLA;GHRHR;CUX2;TRIM39;SHANK1;CHRNA7;SFRP1;CSNK2A1;MACF1;NID1;PTGIS;GRB10;NLGN1;MYO1C;CTSL;BDNF;PDE6G;TRAF7;XBP1;SPIN1;MBD5;SRC;RSPO2
TDRP,GO_Biological_Process_2023,prerank,Sulfur Amino Acid Metabolic Process (GO:0000096),-0.45233158759778824,-0.8789223755525105,0.6539130434782608,1.0,1.0,10/17,26.28%,CPS1;CTH;MTHFR;MTHFD1;SMS;MSRA;NOX4;MTRR;GCLC;TST
TDRP,GO_Biological_Process_2023,prerank,Protein Import Into Mitochondrial Matrix (GO:0030150),-0.43822989124890543,-0.8789151375967863,0.6434359805510534,1.0,1.0,8/18,23.28%,TOMM40L;GRPEL1;TIMM23B;TIMM44;ROMO1;GRPEL2;TIMM50;DNAJC19
TDRP,GO_Biological_Process_2023,prerank,Actin Filament Organization (GO:0007015),-0.31684720402664757,-0.8789011922864387,0.7428958051420839,1.0,1.0,31/144,15.92%,POF1B;NEDD9;LMOD3;CARMIL2;SERPINB8;DSTN;CD2AP;SHROOM4;XIRP2;SCIN;PPP1R9A;MYO1G;AIF1;WAS;HCLS1;MYO1A;MYO6;CORO1B;TPM2;PROX1;HIP1R;FLII;TLE6;MYO19;RAC2;MYO15A;MYO5A;MYO7A;ENAH;RFLNA;COBL
TDRP,GO_Biological_Process_2023,prerank,Positive Regulation Of Vascular Endothelial Growth Factor Production (GO:0010575),-0.419593863606021,-0.8774959953127316,0.6736,1.0,1.0,10/24,22.09%,HPSE;SULF2;IL1A;IL6ST;C3;EIF2AK3;CYP1B1;CCBE1;ATF4;C5
TDRP,GO_Biological_Process_2023,prerank,Protein Ubiquitination (GO:0016567),-0.2896421997468121,-0.8770513330158304,0.8803317535545023,1.0,1.0,147/425,25.66%,RNF225;CUL7;ASB2;TRIM15;CUL9;DTX1;ASB5;ARRDC1;RNF144B;UBA1;UBE2QL1;TRIM72;MARVELD3;DTX4;FANCB;FBXO25;TRIM56;UBE2E1;TRIM52;TRIM7;RAG1;USP7;ENC1;RNF19B;KLHL12;BABAM2;FBXO10;RNF141;TPP2;UBE2L3;MIB1;KLHL24;RNF139;CUL4B;MARCHF8;UBE2N;UHRF1;TRIM21;KCTD10;WSB1;BTRC;CNOT4;TRIM13;TRIM3;RNF4;TNKS2;FAAP20;ARIH1;RFPL2;RNF34;RC3H2;KEAP1;ARRDC4;CDC34;ARRB1;RLIM;RNF112;KLHL42;DEPDC1B;TRIP12;RPGR;UBE2C;OTULIN;KLHL21;KLHL3;RNF44;RNF115;USP5;TRAF6;CUL2;UBE3B;FBXO22;OS9;KLHL18;MKRN1;SPSB4;VHL;WWP2;USP9X;TRIM47;TRIM69;FANCF;FBXO24;RNF152;NPEPPS;RNF220;FBXO2;AREL1;ANAPC11;SHPRH;PJA2;RMND5A;RNF138;VPS18;KLHL13;HECW1;ARRB2;RNF168;UHRF2;TAF1;UBE2G1;SPOP;TRIML2;TRAIP;PRKN;TRIM41;UBE2W;RCHY1;MSL2;TRIM22;FBXW8;RFWD3;TRIM39;FBH1;EIPR1;CUL1;VCP;RNF166;UBE2H;UBE2D4;SKP1;TRIM17;KLHL2;RNF111;RNF185;PEX12;ANKRD9;TRAF7;UBE2D2;UBR3;SH3RF1;PELI2;PPIL2;UBB;WWP1;FBXW7;RNF122;UBE2Q1;TNKS;DDB2;ZNRF3;CBL;ZC4H2;RNF6;TRIM26;KLHL22;RAD18
TDRP,GO_Biological_Process_2023,prerank,Plasma Membrane Bounded Cell Projection Morphogenesis (GO:0120039),-0.367855738841723,-0.8768499321972483,0.6749226006191951,1.0,1.0,20/50,26.20%,TAOK3;MAP4K4;DNM2;ZNF335;LRRK2;SNX1;MINK1;KLK8;TNIK;WASF1;EPB41L3;PLXNB1;NLGN1;BDNF;CNTNAP1;UBB;MAP1S;NCKAP1;DICER1;SLC9A6
TDRP,GO_Biological_Process_2023,prerank,3'-UTR-mediated mRNA Destabilization (GO:0061158),-0.45857627461396594,-0.8767462492779686,0.652027027027027,1.0,1.0,5/15,12.62%,PLEKHN1;ZC3H12D;ZC3H12A;ZFP36;RBM24
TDRP,GO_Biological_Process_2023,prerank,Regulation Of Cytokine Production Involved In Inflammatory Response (GO:1900015),-0.372647997746705,-0.8763677413320576,0.6727272727272727,1.0,1.0,11/46,15.85%,LILRB4;SIRPA;TICAM1;NOS2;F2;ZC3H12A;NOD2;NLRC3;APPL1;NLRP7;ALOX5
TDRP,GO_Biological_Process_2023,prerank,Regulation Of Cholesterol Metabolic Process (GO:0090181),-0.41781613291004155,-0.8762708073036898,0.6513911620294599,1.0,1.0,8/23,22.45%,NR1H4;LPCAT3;DGKQ;ABCG1;STARD4;GNB3;ERLIN1;ERLIN2
TDRP,GO_Biological_Process_2023,prerank,Innate Immune Response Activating Cell Surface Receptor Signaling Pathway (GO:0002220),-0.3879239012524454,-0.8762526956795255,0.6558641975308642,1.0,1.0,11/29,27.94%,LYN;FCN3;TRAF6;PAK3;KLRD1;COLEC11;SRC;PLCG2;EP300;CREBBP;PAK2
TDRP,GO_Biological_Process_2023,prerank,Regulation Of Cell Cycle G1/S Phase Transition (GO:1902806),0.3170197393265472,0.8755669244075875,0.7539432176656151,1.0,1.0,12/74,13.39%,TM4SF5;BRD7;CDKN2B;APBB1;MLF1;STXBP4;CCNH;SMARCA4;APLP2;ATP2B4;BCL7B;APC
TDRP,GO_Biological_Process_2023,prerank,Mitochondrion Organization (GO:0007005),0.2823903350290668,0.875488606167677,0.8888888888888888,1.0,1.0,62/159,22.08%,NOS3;CAV2;ATP2A1;STMP1;PYROXD2;MFN1;PHB1;MGME1;PARK7;NOA1;CHCHD2;PRDX3;AFG1L;MIEF2;FBXO7;TIMM13;RHOT1;MUL1;RAB38;DNAJA3;HK2;SLC25A46;SIRT4;FANCG;BID;MTX1;MTX2;AGTPBP1;CHCHD3;ATAD3B;HSPD1;MPV17;GDAP1;SAMM50;TRAK1;ATPAF1;SIRT5;MFF;HIGD2A;CLUH;AKT3;TOMM20;MTFR2;TMEM11;PHB2;PNPT1;TSPO;RCC1L;CHCHD7;TIMM17B;DNM1L;MFN2;MEF2A;TOMM22;ATP5F1D;HIGD1A;STOML2;RAB5IF;WDR81;SLC25A4;TIMM17A;UCP2
TDRP,GO_Biological_Process_2023,prerank,Regulation Of Defense Response To Virus By Host (GO:0050691),0.357448351963849,0.8754110841277165,0.6904761904761905,1.0,1.0,7/37,11.05%,TNFAIP3;APOBEC3F;TRIM6;MUL1;DTX3L;IL23A;PARP9
TDRP,GO_Biological_Process_2023,prerank,Positive Regulation Of Organelle Assembly (GO:1902117),-0.35180901235365236,-0.8753710932491572,0.6918429003021148,1.0,1.0,36/61,29.49%,SAXO1;STIL;PPP1R35;DYNC1H1;SPAG5;SNX4;PLK4;NUMA1;CNOT6;NUP62;KCTD17;FUZ;SNX18;CNOT6L;GPSM2;RALB;ATG2A;PDCD6IP;SDC1;G3BP1;SH3GLB1;CCP110;G3BP2;CNOT1;UBAP2L;STX18;HTT;MARK4;BBS4;LRSAM1;CCDC88A;PIP4K2B;CEP120;PIP4K2C;FSCN1;GSK3B
TDRP,GO_Biological_Process_2023,prerank,DNA Damage Checkpoint Signaling (GO:0000077),0.3628453013720627,0.8752680855849096,0.6774193548387096,1.0,1.0,13/34,19.19%,RPA4;CLOCK;CDC5L;STK33;DTX3L;PARP9;RAD17;MRPL36;ZNF830;ATRIP;NBN;ERCC6;FBXO6
TDRP,GO_Biological_Process_2023,prerank,Axon Development (GO:0061564),-0.3290754166540395,-0.8748364491052626,0.7461430575035063,1.0,1.0,23/99,19.29%,PAX2;AMIGO1;BHLHA15;MGARP;CDK5;PARD6B;APP;CCK;POU4F1;ATOH1;MAPT;NREP;RAB8A;ARHGAP35;SPTBN4;RYK;RAB10;VASH2;NEFH;PAK3;MAP1A;DOCK7;LLGL1
TDRP,GO_Biological_Process_2023,prerank,Regulation Of Nucleic Acid-Templated Transcription (GO:1903506),0.25788460484864867,0.8748024147285677,1.0,1.0,1.0,123/450,18.44%,IGF2;SKOR1;GCM1;PITX3;ACVRL1;ZSCAN26;ZNF98;PHF19;LMX1B;SAP30L;GPBP1L1;MSC;PHB1;ZNHIT3;VPS72;NKX3-1;NR1I2;TAF12;TCFL5;BMAL2;ZNF22;RALY;GPBP1;SUFU;CXXC1;ZNF195;ZNF35;WWC3;CLOCK;ELAVL2;ZNF431;BPTF;MAFB;APBB1;UBE2V1;RFX3;ZNF430;BRCA2;MLF1;RYBP;FOXO4;NFYA;REXO4;HIF1A;MSL3;RBBP4;YY1AP1;SUPT3H;ZNF730;USP13;SOX6;ZNF2;NCOA2;SLC2A4RG;ZNF488;SOX15;ERC1;WDR5;HMGN5;ZNF284;SUPT4H1;ZNF280D;POU6F2;ZNF460;BAZ1A;RELA;TESMIN;MYT1;ACTN4;HNRNPD;ZNF724;PTP4A3;FOXN3;RUNX3;SNAI3;ASH1L;DVL1;NAB2;PFDN5;BRPF1;ESR2;CELSR2;ZNF723;PRDM2;ZNF273;DAPK3;JADE2;GLRX2;ZNF205;ZFP37;ZNF217;YBX1;TADA2A;ZNF280B;ZNF502;SOX21;MLF2;ZNF212;ZNF486;KAT2B;ZNF280C;ZNHIT1;ONECUT1;ZNF536;SPIN4;BMAL1;POFUT1;ZNF713;ZNF718;PPP2CA;FADS1;MZF1;ACTR6;CALR;HMGA1;TCF7;SERTAD3;ZNF85;SGF29;RREB1;WWC2;SETBP1;FUS
TDRP,GO_Biological_Process_2023,prerank,Neural Crest Cell Differentiation (GO:0014033),-0.443650988214201,-0.8746973796636093,0.6480891719745223,1.0,1.0,4/18,12.56%,HTR2B;KLHL12;SOX8;SNAI2
TDRP,GO_Biological_Process_2023,prerank,Regulation Of Mitochondrial Membrane Permeability (GO:0046902),0.41928055688944543,0.8746007582744026,0.6046511627906976,1.0,1.0,9/18,18.27%,PPIF;NAIF1;MUL1;BAD;ARHGAP11B;THEM4;PMAIP1;SLC25A5;SPG7
TDRP,GO_Biological_Process_2023,prerank,Positive Regulation Of Mitochondrion Organization (GO:0010822),0.32831565356417647,0.8743291108697324,0.7182320441988951,1.0,1.0,18/58,17.85%,HRK;PARK7;PLAUR;MIEF2;FBXO7;PPIF;MUL1;DDHD1;BAD;BID;RALA;ZDHHC6;PDCD5;PMAIP1;ZNF205;MFF;BMF;CAMKK2
TDRP,GO_Biological_Process_2023,prerank,Positive Regulation Of Epithelial Cell Differentiation (GO:0030858),-0.4341904772955952,-0.8742818134276188,0.6423841059602649,1.0,1.0,8/20,24.25%,SFN;TMEM100;SFRP4;FGF2;SULT2B1;BTG1;KDF1;BMP4
TDRP,GO_Biological_Process_2023,prerank,Regulation Of Centrosome Duplication (GO:0010824),-0.39221358151180435,-0.8742504360629276,0.6558966074313409,1.0,1.0,15/30,24.46%,TMEM67;STIL;CHMP3;CHMP1B;PLK2;CHMP4C;CEP131;CHMP4A;CENATAC;CEP76;XRCC3;VPS4B;PDCD6IP;CHMP2A;CHMP2B
TDRP,GO_Biological_Process_2023,prerank,Regulation Of Triglyceride Biosynthetic Process (GO:0010866),0.4335804111548962,0.8742374284905573,0.6155778894472361,1.0,1.0,5/16,19.02%,CTDNEP1;PLIN5;SLC27A1;GPLD1;SCARB1
TDRP,GO_Biological_Process_2023,prerank,Positive Regulation Of Monoatomic Ion Transport (GO:0043270),-0.3759255806198168,-0.8739392949881627,0.6625386996904025,1.0,1.0,14/39,25.40%,SCN4B;SCN3B;ATP2B1;WFS1;CAMK2A;CRACR2A;P2RX7;CACNA1D;P2RX4;CNKSR3;AHCYL1;CACNB2;TRPC6;MYLK
TDRP,GO_Biological_Process_2023,prerank,Regulation Of Interleukin-12 Production (GO:0032655),-0.3691508157575004,-0.8737185279947928,0.6960486322188449,1.0,1.0,11/49,18.31%,HLA-G;IL23R;CD40;TIGIT;PIBF1;LTB;CD47;CMKLR1;SCIMP;TIRAP;RIPK2
TDRP,GO_Biological_Process_2023,prerank,Barbed-End Actin Filament Capping (GO:0051016),0.42010244839344013,0.873663430125909,0.6262886597938144,1.0,1.0,12/18,23.50%,VIL1;AVIL;ADD3;CAPZA1;CAPG;GSN;TWF1;SVIL;VILL;EPS8;ADD2;TRIOBP
TDRP,GO_Biological_Process_2023,prerank,Actin Filament Capping (GO:0051693),0.42010244839344013,0.873663430125909,0.6262886597938144,1.0,1.0,12/18,23.50%,VIL1;AVIL;ADD3;CAPZA1;CAPG;GSN;TWF1;SVIL;VILL;EPS8;ADD2;TRIOBP
TDRP,GO_Biological_Process_2023,prerank,Ribosome Assembly (GO:0042255),0.33159490894941934,0.8735908505125656,0.7432432432432432,1.0,1.0,21/48,22.17%,SBDS;NOA1;EIF2S1;RPL10;MRPS7;DDX3X;C1QBP;NGRN;MDN1;NOP2;DHX29;RRS1;MRPL20;MTERF4;RPL23A;RPS15;MRPL22;RPS27L;RPS5;MPV17L2;RPS27
TDRP,GO_Biological_Process_2023,prerank,Regulation Of Platelet Aggregation (GO:0090330),-0.4120154523482498,-0.8734768867434396,0.6551181102362205,1.0,1.0,7/25,16.18%,ALOX12;C1QTNF1;LYN;PRKCA;SH2B3;IL6ST;JAK2
TDRP,GO_Biological_Process_2023,prerank,Calcium-Ion Regulated Exocytosis (GO:0017156),0.3754823786902119,0.8730580131765745,0.6612021857923497,1.0,1.0,9/26,16.65%,RAB3A;SYT9;SYT10;SDF4;SYT7;VAMP7;SYT17;SYT13;SYT6
TDRP,GO_Biological_Process_2023,prerank,Negative Regulation Of Multicellular Organismal Process (GO:0051241),-0.303427445298076,-0.872886493968218,0.8032581453634086,1.0,1.0,65/228,21.15%,PTPN23;LAMA4;AGER;PROC;SOSTDC1;SMAD6;BMPR2;NR1H4;ARHGDIB;MARVELD3;TACSTD2;SRGN;RGCC;DDIT3;EFNA1;SPX;ING2;GATA3;RBBP7;FOXP3;GJA1;SAP30;ATP2B1;ADAM17;ACOT13;CHSY1;PLCL1;OVOL2;SPRED1;WNT9B;NOTCH1;PCTP;MCC;BMP2;GDF15;ACVR2B;PTGER4;TRPV3;NFIB;TFE3;DUSP10;SINHCAF;CLEC4A;TNNT1;EPHA4;NLRP12;BTN2A2;GRN;PTEN;RPS6KA4;PGAM5;PTPRG;VASN;IP6K1;DOCK7;RAB11FIP3;RBPJ;EVL;SDHAF2;ACOT11;TET1;GAS6;CYP51A1;ATF4;GSK3A
TDRP,GO_Biological_Process_2023,prerank,Proteolysis (GO:0006508),-0.29490461944707386,-0.872733738030411,0.8384710234278668,1.0,1.0,79/324,21.65%,CUL7;CTRC;TMPRSS7;PROC;F7;CTSS;KLK13;ENDOU;XPNPEP3;PRSS21;ZMPSTE24;TMPRSS5;ECE2;SRGN;ECE1;CASP8;ERAP2;ADAM12;NLRP1;HGF;ADAM17;NAPSA;FURIN;CPA2;SPPL2B;ENPEP;TMPRSS4;CTSF;FCN3;FBXL6;ADAM29;LRP8;CPB2;TASP1;KLK4;TMPRSS2;CTSB;ADAMTS15;ADAM11;TMPRSS11D;RNPEP;LONP1;MME;KLK14;CAPN11;ATG4A;PCSK5;PLAU;VASH2;PRSS50;ADAMTS9;ATG4B;TBL1X;VHL;NPEPPSP1;MMP9;HTRA2;VASH1;RET;TINAGL1;CPXM1;ADAMTS14;ADAMTS19;ADAMTS12;NPEPPS;MMP17;FBXO2;CTSA;CTSC;MMP16;BACE2;CAPN9;UBA3;ADAMTS8;PSMB5;METAP2;F12;ST14;COLEC11
TDRP,GO_Biological_Process_2023,prerank,Regulation Of Endothelial Cell Proliferation (GO:0001936),0.3067425782812759,0.8726528540199829,0.7857142857142857,1.0,1.0,19/93,12.53%,CCL24;ITGB3;CAV2;SULF1;TNMD;FUT1;ATP5IF1;KRIT1;HIF1A;FGF16;LRG1;EMC10;AGGF1;PDCL3;LEP;NRAS;AKT1;SLC39A9;PIK3CD
TDRP,GO_Biological_Process_2023,prerank,Cellular Response To Calcium Ion (GO:0071277),0.319177368221798,0.8726032271652286,0.7411003236245954,1.0,1.0,22/68,19.50%,CAPN3;DPEP1;ALOX15;IQGAP1;SYT9;CPNE5;CPNE7;PPIF;SYT10;SYT7;CPNE2;SYT17;ADGRV1;SYT13;GUCA1A;SYT6;ADCY8;GPLD1;CHP2;CDKN2AIP;LGMN;CPNE1
TDRP,GO_Biological_Process_2023,prerank,Regulation Of Peptidyl-Serine Phosphorylation (GO:0033135),-0.3318382486903103,-0.8725761771464045,0.7507163323782235,1.0,1.0,34/93,23.89%,INPP5J;WNT3A;PPM1F;APP;SH2D3C;CD44;IRGM;HCLS1;NCK2;INPP5K;TENM1;AXIN1;NOS1;MLXIPL;AMH;CREBL2;SH2D3A;SPTBN4;IL11;LIF;STOX1;CNOT9;PTEN;RIPK2;HRC;DOCK7;PRKD2;GAS6;CNKSR3;NSD1;BCAR3;LATS1;DMD;BDNF
TDRP,GO_Biological_Process_2023,prerank,Regulation Of DNA Metabolic Process (GO:0051052),0.2914661588042247,0.87250556056349,0.8482758620689655,1.0,1.0,54/124,21.86%,ACVRL1;UCHL5;TAF12;USP1;SF3B5;SF3B3;RBBP6;CCNA2;UBE2V1;ORC5;ZNF365;SMG5;SUPT3H;EID3;TOM1L1;POLH;BRCA1;NSMCE2;EHMT2;BAZ1A;DSCC1;TAF2;HNRNPD;FBXO5;HDAC8;PIF1;MPV17;BABAM1;JADE2;SLF1;SMC6;KAT2B;SUPT20H;ESCO1;UIMC1;PPP2CA;CDK9;ALYREF;ENY2;MYC;SGF29;UBE2V2;RUVBL1;ESCO2;SUB1;KAT7;TAF5L;ANKRD17;TERF2IP;TADA3;PDGFA;RUVBL2;TAF9;INO80B
TDRP,GO_Biological_Process_2023,prerank,Regulation Of Interleukin-6 Production (GO:0032675),-0.3223727031744681,-0.8721188274944722,0.7617728531855956,1.0,1.0,26/113,19.69%,LILRB4;TMEM106A;AGER;SIRPA;WNT5A;APP;RAB7B;AIF1;NOS2;CD74;NMB;ZC3H12A;CX3CL1;IL1A;NOD2;NLRC3;CD47;ARRB1;ELF4;NLRP12;SCIMP;TIRAP;RIGI;MAVS;PTPN11;F2RL1
TDRP,GO_Biological_Process_2023,prerank,BMP Signaling Pathway (GO:0030509),-0.3539118468676843,-0.8718351509109603,0.7114285714285714,1.0,1.0,11/60,13.14%,GDF7;SMAD6;HFE;BMPR2;GDF6;SMAD5;INHBC;CHRD;BMP2;ACVR2B;TMEM100
TDRP,GO_Biological_Process_2023,prerank,Regulation Of Inflammatory Response To Antigenic Stimulus (GO:0002861),-0.44441997597067023,-0.8718257566894054,0.6440129449838188,1.0,1.0,5/17,13.80%,HLA-DRB1;FURIN;LYN;PLK2;YES1
TDRP,GO_Biological_Process_2023,prerank,Regulation Of MAPK Cascade (GO:0043408),-0.3036772288423375,-0.8715803898565264,0.7963206307490145,1.0,1.0,54/203,18.93%,LILRB4;DUSP19;TMEM106A;MAP4K1;TAOK3;WDR54;THPO;GRAP2;PAK6;MOS;LBH;MAP4K4;INSR;HLA-DRB1;TDGF1;VRK2;CD74;IGF1;NTRK2;LYN;PPP2R1A;SPRED1;JCAD;CX3CL1;DUSP4;BMP2;PRDM11;GDF15;GSDME;ADRB2;ADRA2B;MINK1;FAM83D;GRM4;DUSP26;P2RX7;IGF1R;SLA;RYK;FGFR1;IL11;LIF;DUSP3;TNIK;FGF2;IAPP;ULK4;TIRAP;EPHA2;DUSP5;PAK3;RET;FAS;DUSP2
TDRP,GO_Biological_Process_2023,prerank,Negative Regulation Of Fatty Acid Metabolic Process (GO:0045922),-0.43567611811871276,-0.8710602599253187,0.6672212978369384,1.0,1.0,6/19,22.45%,TRIB3;SLC22A13;UGT1A8;WDTC1;ERLIN1;ERLIN2
TDRP,GO_Biological_Process_2023,prerank,Regulation Of Telomere Capping (GO:1904353),-0.4095293917591637,-0.8708504984053345,0.6798623063683304,1.0,1.0,10/22,22.54%,NEK2;USP7;RAD50;SMG6;TNKS2;MAP2K7;NABP2;RTEL1;MAPKAPK5;PKIB
TDRP,GO_Biological_Process_2023,prerank,Arp2/3 Complex-Mediated Actin Nucleation (GO:0034314),-0.4323761379286061,-0.8707357247736182,0.6486042692939245,1.0,1.0,7/17,24.58%,ACTR3;WIPF3;JMY;WASH2P;MAGEL2;ARPC5;WASHC1
TDRP,GO_Biological_Process_2023,prerank,Homologous Chromosome Pairing At Meiosis (GO:0007129),-0.3856486820151062,-0.870707796007822,0.6386554621848739,1.0,1.0,11/29,20.94%,IHO1;SYCE3;STAG3;SYCE2;MEI4;SHOC1;TERB1;TEX11;P3H4;TRIP13;FANCD2
TDRP,GO_Biological_Process_2023,prerank,Regulation Of Cellular Component Organization (GO:0051128),-0.31549942693193794,-0.8705848298784248,0.7871759890859482,1.0,1.0,62/152,27.13%,WNT3A;MUC12;WNT5A;PAK6;RAP1B;PIFO;CD177;SPHK1;SETD5;IRGM;ANGPTL7;MELTF;IL17RB;CCNL2;METTL4;HIP1R;RUFY2;TSC2;KLK8;STK38L;ATF5;RAPGEF2;JADE3;PACSIN3;AXIN2;ING4;PACSIN2;CTTNBP2;PRDM5;SNX12;RASGRP2;ZFYVE16;CDK11A;JADE1;STON2;PTPN11;AP2S1;KIF14;ARHGEF11;RAB4A;ROCK2;MTOR;ALKBH4;BBS10;RAB5B;MLLT3;ARFGAP3;HCFC1;LATS1;SNCAIP;PAPPA2;IRAK3;PAK4;SNX17;BAG5;NEDD4;OGFR;PLCE1;ROCK1;CDK11B;EBAG9;ZNF469
TDRP,GO_Biological_Process_2023,prerank,Positive Regulation Of Synaptic Transmission (GO:0050806),-0.33682993605632655,-0.870200780128728,0.7339055793991416,1.0,1.0,26/77,23.68%,NOL3;AKAP5;AGER;SHANK3;APP;GRIN2B;VAMP2;SQSTM1;STX1B;GRIN1;NMU;RAPSN;PLK2;FOXM1;RELN;CACNG2;CRHR2;CACNG8;RIMS2;ZDHHC2;CLSTN1;RIMS3;CHRNA7;NLGN1;TSHZ3;SHANK2
TDRP,GO_Biological_Process_2023,prerank,ncRNA-mediated Post-Transcriptional Gene Silencing (GO:0035194),-0.4456239248990159,-0.8700823006638901,0.6510851419031719,1.0,1.0,10/18,28.35%,CNOT8;TNRC6B;CELF1;AJUBA;CNOT6;LIMD1;TNRC6C;CNOT1;EIF6;TNRC6A
TDRP,GO_Biological_Process_2023,prerank,Phosphatidylinositol 3-Kinase Signaling (GO:0014065),-0.3897572877903972,-0.8699891951223178,0.6449612403100775,1.0,1.0,9/32,17.89%,HTR2B;GATA3;IGF1;PIK3R5;PIK3C2G;IGF1R;PIK3CA;TYRO3;PTEN
TDRP,GO_Biological_Process_2023,prerank,Regulation Of Nitric-Oxide Synthase Activity (GO:0050999),0.3821071491032265,0.8697335827544803,0.6581920903954802,1.0,1.0,7/27,12.88%,FCER2;S100A1;HIF1A;PIK3CB;LEP;AKT1;ATP2B4
TDRP,GO_Biological_Process_2023,prerank,Gliogenesis (GO:0042063),0.3880529223054825,0.8696459762402691,0.6384615384615384,1.0,1.0,6/24,14.05%,GCM1;ANXA1;HAPLN4;HAPLN1;CD9;AZU1
TDRP,GO_Biological_Process_2023,prerank,Regulation Of mRNA Processing (GO:0050684),-0.38007825286143226,-0.8694784196871658,0.6892109500805152,1.0,1.0,18/35,27.35%,SRPK2;RBM20;JMJD6;RBM39;PAPOLA;TIA1;CWC22;CDK11A;HNRNPK;RBM23;SRSF10;IWS1;YTHDC1;SAFB2;SRPK1;CDK11B;LARP7;ZFP36L1
TDRP,GO_Biological_Process_2023,prerank,Anterior/Posterior Pattern Specification (GO:0009952),-0.36120303033592327,-0.8694432813965604,0.7026627218934911,1.0,1.0,9/56,15.91%,BMPR2;SIX2;DDIT3;HEY2;HES7;HHEX;BMP2;LHX1;PCSK5
TDRP,GO_Biological_Process_2023,prerank,intra-Golgi Vesicle-Mediated Transport (GO:0006891),0.36611204781172685,0.8693487086580837,0.6927374301675978,1.0,1.0,14/33,16.84%,TRAPPC3;GOSR1;COG7;COPG2;COG5;COG4;RAB6B;COPB2;TRAPPC10;NAPG;COPE;RAB33B;VTI1A;GOLGA5
TDRP,GO_Biological_Process_2023,prerank,Regulation Of miRNA-mediated Gene Silencing (GO:0060964),-0.4572451321902868,-0.8692311650922359,0.6494156928213689,1.0,1.0,6/15,23.57%,ELAVL1;ZFP36;FXR1;LIMD1;POU5F1;TIAL1
TDRP,GO_Biological_Process_2023,prerank,Oligosaccharide Biosynthetic Process (GO:0009312),-0.4177278165861127,-0.8689247278841413,0.6534181240063593,1.0,1.0,8/22,22.46%,B3GALT4;ST6GALNAC1;ST3GAL4;ST6GALNAC5;FUT2;MPDU1;ST6GALNAC6;B3GALT2
TDRP,GO_Biological_Process_2023,prerank,Regulation Of Myelination (GO:0031641),-0.4131835005055018,-0.868798251319234,0.64171974522293,1.0,1.0,9/25,19.62%,MYRF;TPPP;NCMAP;TYMP;PTN;TNFRSF1B;EIF2AK3;KIF14;TNFRSF21
TDRP,GO_Biological_Process_2023,prerank,Ameboidal-Type Cell Migration (GO:0001667),0.3982218735955534,0.8683397525223422,0.6413612565445026,1.0,1.0,4/20,7.68%,CCN3;IQGAP1;CER1;NANOS1
TDRP,GO_Biological_Process_2023,prerank,Positive Regulation Of Proteolysis (GO:0045862),0.3290577512806702,0.8680781906126287,0.7321428571428571,1.0,1.0,24/59,21.14%,PRSS22;CAPN3;PERP;HDAC2;ATP5IF1;TNIP1;NLRC4;TBC1D10A;PLK1;RHBDD1;BAD;NRDC;SNX9;CLN6;AURKAIP1;FGFR4;APOE;GPLD1;OGT;TANK;FBXW11;ADAM9;TRIM32;FADD
TDRP,GO_Biological_Process_2023,prerank,Negative Regulation Of Angiogenesis (GO:0016525),-0.3333453664904054,-0.8674933136945322,0.7529585798816568,1.0,1.0,25/86,21.68%,HLA-G;ISM1;RGCC;KLF4;ECSCR;CREB3L1;ADGRB1;SPRED1;HHEX;CLDN5;APOH;COL4A2;SERPINE1;SYNJ2BP;ALOX5;ADAMTS9;PF4;SEMA3E;VASH1;COL4A3;SLC12A2;ROCK2;NIBAN2;PTPRM;EFNA3
TDRP,GO_Biological_Process_2023,prerank,Purine Ribonucleotide Catabolic Process (GO:0009154),0.38424671948465833,0.8674358582636278,0.659400544959128,1.0,1.0,8/25,16.36%,AMPD3;HPRT1;PRTFDC1;NUDT3;MLYCD;SUCLG2;NUDT8;ENTPD4
TDRP,GO_Biological_Process_2023,prerank,Negative Regulation Of G1/S Transition Of Mitotic Cell Cycle (GO:2000134),-0.38893453515652116,-0.8672084813716003,0.6817472698907956,1.0,1.0,11/32,19.01%,KLF4;KANK2;CDC73;PLK3;WEE1;PKD2;CDKN1A;E2F7;PTEN;JADE1;DCUN1D3
TDRP,GO_Biological_Process_2023,prerank,Nucleosome Disassembly (GO:0006337),-0.4331480427990848,-0.8669501304945141,0.6492411467116358,1.0,1.0,7/18,23.39%,ARID2;SMARCE1;SMARCC2;GRWD1;SMARCD2;H2AC25;SET
TDRP,GO_Biological_Process_2023,prerank,Negative Regulation Of Type I Interferon-Mediated Signaling Pathway (GO:0060339),-0.4545142544181456,-0.8665505325091725,0.6585365853658537,1.0,1.0,5/15,21.05%,OAS3;DCST1;YTHDF3;PTPN2;YTHDF2
TDRP,GO_Biological_Process_2023,prerank,Receptor Catabolic Process (GO:0032801),-0.4544802000181032,-0.8662562008937733,0.657190635451505,1.0,1.0,9/15,28.72%,PIK3R4;UVRAG;PCSK9;KIF16B;SH3GLB1;ZNRF3;NEDD4;SNX25;RNF43
TDRP,GO_Biological_Process_2023,prerank,Positive Regulation Of Antigen Receptor-Mediated Signaling Pathway (GO:0050857),-0.42150114375235215,-0.8662379395048084,0.6890756302521008,1.0,1.0,8/20,22.99%,UXT;NFAM1;CD226;PRKCB;PRKD2;NECTIN2;RAB29;LCK
TDRP,GO_Biological_Process_2023,prerank,Regulation Of Sprouting Angiogenesis (GO:1903670),0.35887481546800504,0.8660218907098666,0.6666666666666666,1.0,1.0,11/33,16.91%,S100A1;JMJD8;FUT1;RHOJ;FGF16;PIK3CB;BMPER;TNN;E2F2;ITGA5;EPN2
TDRP,GO_Biological_Process_2023,prerank,Cellular Response To Oxygen-Containing Compound (GO:1901701),-0.2887795131351178,-0.8659948359082779,0.8876941457586619,1.0,1.0,101/399,21.24%,KCNC2;PAX2;SIRPA;CCDC62;LY96;WNT3;NR1H4;WNT3A;ADCY6;PDK2;TICAM1;UXT;WNT5A;CXCL2;KCNK4;RAP1B;CXCL1;ITPKB;CD274;GIT1;SSTR1;POU4F1;IRGM;P2RY6;ESR1;SLC25A24;CXCL6;PPM1E;ABCB4;SMPD1;MAPT;IP6K2;NRIP1;SLC26A6;INPP5K;CDC73;LYN;SQSTM1;ZC3H12A;FES;WNT9B;PKD2;CACNA1H;ZFP36;IL1A;ADD1;ZNF703;AKR1C3;RASA4;FAM210B;CXCL13;ZFAND1;NOD2;RAPGEF3;P2RY1;RAPGEF2;SERPINE1;P2RX7;CPEB4;LDOC1;NLRP7;BRINP3;RRAGA;SLC26A3;CACNA1A;TNFRSF1B;CHUK;MPV17L;PF4;SHMT1;TRAF6;CIB2;SLC13A5;P2RX4;TIRAP;RASGRP2;AKAP9;P2RY11;MMP9;HTRA2;SYT3;WNT9A;SSH1;RET;PID1;DAPK1;ROMO1;LARS1;RRAGD;PRKAA2;CDK2;NCOA3;SLC12A2;TAF1;RYR3;ROCK2;MTOR;P2RX3;PYCARD;TRIM41;SESN2
TDRP,GO_Biological_Process_2023,prerank,Positive Regulation Of Exocytosis (GO:0045921),0.34889533519701854,0.8657804749257573,0.7432432432432432,1.0,1.0,9/37,16.70%,SDCBP;RAB3A;TSG101;SYTL4;CFTR;SMPD3;EXPH5;S100A10;SNF8
TDRP,GO_Biological_Process_2023,prerank,Regulation Of Protein Polymerization (GO:0032271),0.3546456141348801,0.8657323966014878,0.6873315363881402,1.0,1.0,6/33,7.49%,ESAM;TPPP2;TTBK1;PLEKHG2;FCHSD2;MEGF9
TDRP,GO_Biological_Process_2023,prerank,Cellular Response To Peptide Hormone Stimulus (GO:0071375),-0.32751879549475094,-0.8656056032286468,0.755223880597015,1.0,1.0,35/89,27.35%,LHCGR;SLC2A4;TRIB3;MGARP;LPIN2;PKLR;CPEB2;INSR;INPP5K;VAMP2;SCNN1B;SCNN1G;SLC39A14;RPS6KB1;RAB8A;MYO5A;DENND4C;RAB10;NR4A1;HDAC5;PCSK9;SCNN1A;GSK3A;IRS2;INSIG2;LPIN3;XBP1;SRC;LPIN1;PARP1;SELENOS;PRKCD;SLC25A33;CYP11A1;ZFP36L1
TDRP,GO_Biological_Process_2023,prerank,Positive Regulation Of Telomere Maintenance Via Telomere Lengthening (GO:1904358),0.3532915057553443,0.8654858514127486,0.6752941176470588,1.0,1.0,16/35,18.05%,FBXO4;MAPK3;CCT4;CCT7;MAP3K4;TNIP1;TCP1;DHX36;HNRNPA2B1;POT1;CCT6A;MAPK15;CCT8;CTNNB1;AURKB;CCT2
TDRP,GO_Biological_Process_2023,prerank,Positive Regulation Of Nuclear Division (GO:0051785),0.37316958313306803,0.8653648700127874,0.6761363636363636,1.0,1.0,5/26,9.01%,IGF2;NUSAP1;SIRT2;OOEP;PHIP
TDRP,GO_Biological_Process_2023,prerank,Regulation Of Axonogenesis (GO:0050770),-0.3668836664273559,-0.8653568984979338,0.7059724349157733,1.0,1.0,26/42,30.03%,TIAM1;MAP6;NTRK2;ARHGAP35;PLXNA2;EPHA4;PAK3;PTEN;PLXNB2;EFNB3;BRSK2;RUFY3;PLXNB1;LRP4;CDH2;MCF2;LRRC4C;PLXND1;THY1;METRN;KIF13B;PAK2;PLXNA1;GSK3B;PLXNA3;BRSK1
TDRP,GO_Biological_Process_2023,prerank,Negative Regulation Of Lymphocyte Activation (GO:0051250),-0.41095084684035776,-0.8653374456228541,0.662992125984252,1.0,1.0,4/23,10.03%,LST1;TIGIT;LGALS3;PIBF1
TDRP,GO_Biological_Process_2023,prerank,Keratan Sulfate Metabolic Process (GO:0042339),-0.442535656495596,-0.8651931643700896,0.6704,1.0,1.0,7/17,17.62%,B3GNT3;B4GAT1;ST3GAL4;CHST5;B3GNT7;CHST6;ST3GAL1
TDRP,GO_Biological_Process_2023,prerank,Diterpenoid Metabolic Process (GO:0016101),-0.39956020774218615,-0.8650577689946262,0.6910569105691057,1.0,1.0,7/28,18.37%,DHRS3;LRP2;LRP1;LRP8;AKR1C3;PECR;RARRES2
TDRP,GO_Biological_Process_2023,prerank,Protein Localization To Plasma Membrane (GO:0072659),-0.3192623001336836,-0.8650575623646449,0.7834036568213784,1.0,1.0,47/132,22.19%,PLEKHF1;SEC16A;KCNB1;RAB40B;PRPH2;SCN3B;FYB2;STXBP1;INPP5K;TSPAN14;ZDHHC22;CACNB3;KCNIP4;ATP1B3;RAB8A;FLOT2;PKP3;P2RY1;WDR72;ANK1;PALS1;RAPGEF2;SPTBN4;MYO5A;DENND4C;RAB10;DPP6;TNIK;EHD3;ZDHHC7;PIGW;EPHA2;ACTN2;EHD2;EPB41L3;FGF13;KCNB2;CRB3;GORASP1;PACS2;ZDHHC2;PRAM1;ROCK2;GAS6;TMEM150A;SLMAP;TESC
TDRP,GO_Biological_Process_2023,prerank,Protein Localization To Mitochondrion (GO:0070585),0.4287149140621368,0.8650051181111214,0.6435643564356436,1.0,1.0,6/15,15.93%,DNAJA1;HK2;MAIP1;ISG15;RALA;SARM1
TDRP,GO_Biological_Process_2023,prerank,Cellular Response To Type I Interferon (GO:0071357),-0.393903822321404,-0.8649906354361745,0.6875,1.0,1.0,7/30,18.93%,IFNK;JAK1;HDAC4;SP100;IFIT1;TBKBP1;MAVS
TDRP,GO_Biological_Process_2023,prerank,Regulation Of Telomere Maintenance Via Telomerase (GO:0032210),0.3348137418657827,0.8649036083417997,0.7402597402597403,1.0,1.0,21/51,18.05%,FBXO4;MAPK3;TERF1;CCT4;CCT7;GNL3L;MAP3K4;TNIP1;TCP1;SMG5;TINF2;PIF1;POT1;CCT6A;MAPK15;CTC1;CCT8;CTNNB1;AURKB;EXOSC10;CCT2
TDRP,GO_Biological_Process_2023,prerank,Negative Regulation Of DNA-binding Transcription Factor Activity (GO:0043433),-0.3113716425973458,-0.8648728716146483,0.7846763540290621,1.0,1.0,49/148,21.94%,HAND1;NWD1;KLF4;DDIT3;CEBPG;USP7;ESR1;XCL1;PYDC1;CDKN2A;FOXP3;PKD1;SIK1;NLRP2;WFS1;MTURN;ID2;ZC3H12A;PROX1;TFDP1;LRRK2;PKD2;HDAC4;TRIM21;BTRC;SP100;CHP1;NLRC3;KEAP1;CDK5RAP3;ARRB1;SFRP4;CMKLR1;NLRP12;HAVCR2;CHUK;OTULIN;WWP2;UFL1;TCF7L2;CYP1B1;SIGIRR;ARRB2;TAF1;GAS6;EGLN1;PYCARD;HES6;PAXIP1
TDRP,GO_Biological_Process_2023,prerank,Sphingolipid Biosynthetic Process (GO:0030148),0.30819240053125946,0.8647600995321075,0.7827298050139275,1.0,1.0,22/76,16.66%,SGMS2;HACD4;CERS3;SPTLC1;HACD3;SPNS2;SPTSSB;ST8SIA3;SMPD2;SPTLC3;ALOX12B;B4GALT6;ORMDL2;ELOVL7;ELOVL1;ST8SIA1;SGPP2;FUT9;SAMD8;CSNK1G2;HACD2;CLN8
TDRP,GO_Biological_Process_2023,prerank,Regulation Of Cholesterol Biosynthetic Process (GO:0045540),-0.455852252407416,-0.8647355855863855,0.6735042735042736,1.0,1.0,6/15,23.30%,LPCAT3;ABCG1;SREBF2;ERLIN1;ERLIN2;SOD1
TDRP,GO_Biological_Process_2023,prerank,Maturation Of 5.8S rRNA (GO:0000460),0.42281374876815053,0.8646295146878046,0.636604774535809,1.0,1.0,7/16,17.77%,MAK16;WDR12;MPHOSPH6;PES1;PRKDC;URB1;EXOSC10
TDRP,GO_Biological_Process_2023,prerank,Regulation Of NIK/NF-kappaB Signaling (GO:1901222),0.3012448605705992,0.8645627002775118,0.8106312292358804,1.0,1.0,31/83,20.16%,CCN3;CD27;ADGRG3;PHB1;TLR2;TRIM6;LRRC19;MKRN2;CYLD;DLG1;C1QTNF4;SASH1;RHOA;IL23A;DDX3X;ADIPOR1;RELA;CD86;PTP4A3;TSPAN6;EIF2AK2;PDCD4;PHB2;RPS3;C1QTNF3;NOD1;BCL3;CPNE1;LIMS1;TRIM44;EZR
TDRP,GO_Biological_Process_2023,prerank,Epithelial Cell Migration (GO:0010631),-0.36817753952253285,-0.8644366017345125,0.6905901116427432,1.0,1.0,21/45,27.73%,LPXN;ADGRA2;ZEB2;KANK2;FSTL1;PIK3CA;PKN3;PKN2;STARD13;TNFSF12;DAAM2;CYP1B1;KANK1;GIPC1;MEN1;ANLN;PXN;PLXND1;ROCK1;PRKX;KIT
TDRP,GO_Biological_Process_2023,prerank,Regulation Of Protein-Containing Complex Disassembly (GO:0043244),-0.4360062699432458,-0.8641439207878618,0.6742301458670988,1.0,1.0,10/19,25.51%,INSR;SHFL;ETF1;IGF1R;CLEC16A;UPF1;GBA1;IRAK3;OGFOD1;TBC1D25
TDRP,GO_Biological_Process_2023,prerank,Protein Catabolic Process (GO:0030163),0.2998975900315656,0.8640940658124131,0.8175895765472313,1.0,1.0,43/102,21.99%,TCIRG1;PSMA8;CAPN3;CTRL;AFG1L;RIPK1;STT3B;SOCS6;TPP1;RNF5;TRIM24;USE1;FBXO44;UTP25;SLC16A3;PMAIP1;ATE1;CAPN2;CLN6;PSMA6;CEL;NR1D1;RAB12;RNF123;CLN8;APOE;CASP7;DENND3;FBXO17;RSPRY1;IDE;DDI2;FBXO6;LGMN;PRSS16;HSPA8;DAB2IP;MDM2;SIAH1;MANBA;PPT1;RNF41;UCHL3
TDRP,GO_Biological_Process_2023,prerank,Regulation Of Hematopoietic Progenitor Cell Differentiation (GO:1901532),0.40867909985917555,0.8639171107759923,0.6163682864450127,1.0,1.0,9/17,25.41%,DHX36;PRKDC;EIF2AK2;SETD1A;MIXL1;ITCH;PUS7;METTL3;KITLG
TDRP,GO_Biological_Process_2023,prerank,Leukotriene Biosynthetic Process (GO:0019370),0.41632838136293066,0.8635281769589215,0.6778846153846154,1.0,1.0,5/17,17.31%,LTC4S;GGT1;PLA2G4A;LTA4H;MGST3
TDRP,GO_Biological_Process_2023,prerank,COPII Vesicle Coating (GO:0048208),0.3996164152284078,0.8634487442948886,0.6658415841584159,1.0,1.0,9/19,19.62%,TRAPPC3;TMED2;TRAPPC2B;TRAPPC1;TMED10;TRAPPC4;CUL3;PEF1;PPP6C
TDRP,GO_Biological_Process_2023,prerank,"Vesicle Targeting, Rough ER To cis-Golgi (GO:0048207)",0.3996164152284078,0.8634487442948886,0.6658415841584159,1.0,1.0,9/19,19.62%,TRAPPC3;TMED2;TRAPPC2B;TRAPPC1;TMED10;TRAPPC4;CUL3;PEF1;PPP6C
TDRP,GO_Biological_Process_2023,prerank,Response To Amino Acid Starvation (GO:1990928),-0.36748162979310967,-0.863430185833816,0.6856240126382307,1.0,1.0,19/41,23.17%,ITFG2;LARP1;NPRL2;TFEB;CDKN1A;BMT2;RRAGA;KPTN;EIF2AK3;RNF152;FAS;LARS1;SESN1;SESN3;MTOR;SESN2;GCN1;KICS2;NPRL3
TDRP,GO_Biological_Process_2023,prerank,Endocytosis (GO:0006897),-0.3062655351897995,-0.8630589013793183,0.7994825355756792,1.0,1.0,78/187,26.06%,ITGB2;SFTPD;RAB22A;APP;P2RY6;MYO6;MRC1;INSR;CSNK1G1;LRP2;DNM2;JMJD6;DAB2;AP2A1;RIN3;AP1S1;MSR1;LRP1;MIB1;LRRK2;TAFA4;LRP8;HIP1R;ADRB2;CD302;TSC2;MERTK;CLINT1;SCARA5;ASGR1;EQTN;MICALL1;MST1R;TYRO3;RINL;SNX5;VLDLR;ATP6V1H;PACSIN2;EHD3;WASF1;DENND1B;RHOBTB1;CUBN;EHD2;DPYSL2;CORO1A;DNAJC13;DNM1;RAB11FIP2;TFR2;ARHGAP27;REPS2;IGF2R;ATP9B;GAS6;SNX18;LDLRAD3;ATP9A;CLTC;ADORA2A;RAB5B;TOM1;EPN1;PI4KB;EPS15L1;RNASEK;DENND1C;TBC1D2B;RALBP1;NEURL1B;NECAP2;EHD4;MESD;PIKFYVE;ZFYVE9;SORT1;EPS15
TDRP,GO_Biological_Process_2023,prerank,Cell Morphogenesis Involved In Neuron Differentiation (GO:0048667),-0.3361435489025304,-0.8628916807232556,0.7410071942446043,1.0,1.0,30/77,25.52%,PAX2;CDK5;PARD6B;APP;CCK;POU4F1;MAP6;ADGRB1;RAB8A;MINK1;FARP1;SPTBN4;RYK;RAB10;SDC2;NEFH;PAK3;MAP1A;BTBD3;DOCK7;LLGL1;TMEM106B;BRSK2;LRP4;ATL1;AFG3L2;APLP1;PARD3;MAP1S;KLF7
TDRP,GO_Biological_Process_2023,prerank,Positive Regulation Of Pathway-Restricted SMAD Protein Phosphorylation (GO:0010862),0.3276149400519018,0.8626890459445543,0.7678018575851393,1.0,1.0,13/48,15.29%,ACVRL1;BMP5;SDCBP;BMP8B;TNXB;CSNK2B;GDF3;TTK;INHBE;GDF5;TGFB3;BMP8A;INHBA
TDRP,GO_Biological_Process_2023,prerank,Histone H3-K4 Methylation (GO:0051568),0.3846628522242902,0.8626876385977665,0.6707317073170732,1.0,1.0,7/26,10.62%,CXXC1;KMT2A;SETD1B;DPY30;NFYA;WDR5;BOD1
TDRP,GO_Biological_Process_2023,prerank,Regulation Of Keratinocyte Proliferation (GO:0010837),0.3896956268991841,0.8624491138886835,0.6312849162011173,1.0,1.0,6/24,12.46%,CYP27B1;EPPK1;LRG1;STXBP4;KLF9;MED1
TDRP,GO_Biological_Process_2023,prerank,Negative Regulation Of Immune Response (GO:0050777),-0.3424147124103426,-0.8624468047751712,0.7432835820895523,1.0,1.0,24/66,24.60%,DHX58;HLA-G;DTX4;LGALS3;PDCD1;FOXP3;HLA-DRB1;FURIN;LYN;TRIM21;PLK2;YES1;NLRC3;TYRO3;CEP63;HAVCR2;PCBP2;WDR41;MAPK14;MYO1C;TRAFD1;SMCR8;SRC;IRAK3
TDRP,GO_Biological_Process_2023,prerank,Regulation Of Cytoplasmic Translation (GO:2000765),0.38277943787292973,0.862298910324478,0.6771653543307087,1.0,1.0,17/24,24.77%,FMR1;CPEB1;DHX36;PARP16;HNRNPD;ZNF385A;YBX1;PAIP1;PABPC1;SYNCRIP;YBX3;UNK;NMNAT2;HNRNPU;DHX9;CSDE1;PKM
TDRP,GO_Biological_Process_2023,prerank,Positive Regulation Of Cell Cycle G2/M Phase Transition (GO:1902751),-0.4101758631496706,-0.8613724466099562,0.6682539682539682,1.0,1.0,9/24,22.72%,DBF4B;RAD51C;RAD51B;STOX1;DYRK3;CDC25B;BRD4;VPS4B;CCND1
TDRP,GO_Biological_Process_2023,prerank,Response To Acidic pH (GO:0010447),-0.4427626601069902,-0.8612405597145489,0.6881188118811881,1.0,1.0,4/17,12.40%,CTSS;SCNN1B;SCNN1G;CHP1
TDRP,GO_Biological_Process_2023,prerank,Ribosomal Large Subunit Biogenesis (GO:0042273),0.3296800794074314,0.8607549321185567,0.7350427350427351,1.0,1.0,19/52,20.11%,GTF3A;CINP;LTO1;MAK16;RPL10;WDR12;NOP16;RPL26L1;WDR74;SPATA5;RSL24D1;MDN1;NOP2;PES1;RRS1;MRPL20;SDAD1;RPL23A;RPL26
TDRP,GO_Biological_Process_2023,prerank,Regulation Of DNA Replication (GO:0006275),0.3093622936417713,0.8603574596353367,0.786144578313253,1.0,1.0,27/75,21.86%,ACVRL1;UCHL5;TERF1;RBBP6;CCNA2;TSPYL2;ORC5;GLI2;EHMT2;BAZ1A;DSCC1;FBXO5;PCNA;JADE2;CTC1;RAD17;ESCO1;PPP2CA;FAF1;CDT1;RUVBL1;BRPF3;ESCO2;KAT7;ANKRD17;RUVBL2;INO80B
TDRP,GO_Biological_Process_2023,prerank,Regulation Of Cell Death (GO:0010941),0.31892963416294484,0.8596181671433369,0.7891737891737892,1.0,1.0,7/59,4.42%,HPR;CCN5;PRODH;CCN3;PHB1;PARK7;NOA1
TDRP,GO_Biological_Process_2023,prerank,mRNA Splice Site Recognition (GO:0006376),-0.39175614432579225,-0.8594632745379591,0.6984375,1.0,1.0,15/29,27.81%,NOL3;SF3A2;CELF6;SF3A1;HNRNPC;CELF2;ISY1;PUF60;KHDC4;SRSF10;YTHDC1;PSIP1;SRSF6;CELF5;SRSF9
TDRP,GO_Biological_Process_2023,prerank,Monocarboxylic Acid Metabolic Process (GO:0032787),0.3002425434557679,0.8592581137499348,0.8148148148148148,1.0,1.0,28/97,19.25%,ACSM1;HOGA1;GNPAT;PNPLA8;BAAT;SLC6A8;GRHPR;DSE;GAMT;CYP2J2;AASDHPPT;HLCS;ACOT2;THEM4;ACSF2;SLC27A4;GGT1;MGAT4A;LDHAL6A;AKR1C1;ACSL4;PCCB;ACBD7;HACL1;ACBD4;NAAA;GATM;TSPO
TDRP,GO_Biological_Process_2023,prerank,Positive Regulation Of Organelle Organization (GO:0010638),-0.3785495256180082,-0.8589997050659866,0.6928,1.0,1.0,22/34,29.58%,LIG4;MGARP;IRGM;SHCBP1L;P2RX7;CALCOCO2;LMAN1;HTRA2;PPARGC1A;UVRAG;TOM1;SMCR8;SURF4;LNPK;STX18;SYNJ1;DOC2B;AKT2;C2CD5;GSK3B;PLXNA3;TMED9
TDRP,GO_Biological_Process_2023,prerank,Purine Ribonucleotide Biosynthetic Process (GO:0009152),-0.3517821334746189,-0.8587005203166771,0.7145085803432137,1.0,1.0,22/55,22.80%,ADCY10;ADCY6;ATIC;GUCY2F;GMPS;SLC25A16;ADSS2;PPCDC;GUCY2D;PANK1;NPPC;NPR2;ACOT7;ATP5F1A;AK5;PANK2;GART;PRKAG2;PPCS;GUCY2C;IMPDH2;ADCY1
TDRP,GO_Biological_Process_2023,prerank,Keratan Sulfate Biosynthetic Process (GO:0018146),-0.4575656432613531,-0.8586171583053112,0.7008,1.0,1.0,7/15,17.62%,B3GNT3;B4GAT1;ST3GAL4;CHST5;B3GNT7;CHST6;ST3GAL1
TDRP,GO_Biological_Process_2023,prerank,Protein Methylation (GO:0006479),-0.38061487942154026,-0.8586026938672794,0.6875,1.0,1.0,9/35,15.51%,METTL21EP;METTL21A;BHMT;CSKMT;RAB6A;METTL22;PRMT8;ETF1;N6AMT1
TDRP,GO_Biological_Process_2023,prerank,Endocrine System Development (GO:0035270),0.3822353708033909,0.8584426395963668,0.6857923497267759,1.0,1.0,3/23,10.76%,TG;SALL1;GLI2
TDRP,GO_Biological_Process_2023,prerank,"Positive Regulation Of DNA-templated Transcription, Elongation (GO:0032786)",0.3200382504985419,0.8583303602568852,0.7853107344632768,1.0,1.0,35/56,24.89%,ELL3;MED9;CDK13;SUPT5H;SUPT6H;MED8;SUPT4H1;MED1;HMGN1;MED10;MED14;CDK9;MED29;SUPT16H;ERCC6;THOC5;MED26;KAT7;MED15;PWWP2A;NCBP1;EAPP;MED4;CCNT1;MED31;LEO1;MED7;MED16;MED6;CCNT2;MED17;MED27;MED28;MED20;MED30
TDRP,GO_Biological_Process_2023,prerank,Protein Polyubiquitination (GO:0000209),0.26777167536674146,0.8581281153506226,0.9769585253456221,1.0,1.0,83/223,21.09%,ANAPC5;TNFAIP3;KBTBD6;UBE2L5;FBXO4;UBE2B;TRIM45;UBE2D3;TRIM6;RNF114;TRAF1;ANKIB1;FBXO7;UBE2J1;UBE2V1;MUL1;RNF8;SASH1;KLHL20;DTX3L;TRIM8;TMEM129;UBOX5;RNF5;FBXL17;RNF135;ANAPC13;BRCA1;UBE2J2;FBXL7;NHLRC1;UBE2T;TRIM68;ZNRF1;ZNRF2;TRIM34;TRAF3;AMFR;CDC26;TOPORS;BIRC2;SKP2;UBE3A;TRIM62;CDC27;FBXO45;UBE2E2;BLMH;UBE2S;RNF167;RUSC1;MYCBP2;BFAR;RBCK1;CTNNB1;DCAF15;FBXO9;TRIM65;TRIM38;UBE3D;UBE4B;LNPEP;UBE4A;ANAPC7;ZNF738;UBE2D1;TRIM25;RNF126;CUL3;ERCC8;UBE2L6;RNF25;UBE2V2;NEDD4L;FBXW11;ARIH2;RNF31;ZNF598;RNF187;UBR5;UBE2O;MDM2;TRIM32
TDRP,GO_Biological_Process_2023,prerank,Negative Regulation Of Secretion By Cell (GO:1903531),0.3435032071730972,0.8580692669765083,0.7470588235294118,1.0,1.0,7/40,7.55%,ANXA1;DRD4;CHGA;IL1RAPL1;HRH3;SLC30A1;DPH3
TDRP,GO_Biological_Process_2023,prerank,Protein Alkylation (GO:0008213),-0.4086233287920671,-0.8577619137436646,0.6733001658374793,1.0,1.0,5/23,14.14%,METTL21A;CSKMT;METTL22;PRMT8;ETF1
TDRP,GO_Biological_Process_2023,prerank,Positive Chemotaxis (GO:0050918),-0.4321745459637456,-0.8574773047135646,0.6843800322061192,1.0,1.0,5/17,22.98%,LGALS3;CX3CL1;TSC2;CORO1A;MEN1
TDRP,GO_Biological_Process_2023,prerank,Chaperone Cofactor-Dependent Protein Refolding (GO:0051085),0.38017737452507555,0.8573595685854398,0.7142857142857143,1.0,1.0,6/25,7.38%,HSPE1;HSPA2;DNAJB4;HSPA9;SDF2;GAK
TDRP,GO_Biological_Process_2023,prerank,Regulation Of Blood Circulation (GO:1903522),0.3587666712007226,0.8573331632442508,0.7390029325513197,1.0,1.0,3/34,1.32%,TH;DES;S100A1
TDRP,GO_Biological_Process_2023,prerank,Antigen Processing And Presentation Of Peptide Antigen Via MHC Class I (GO:0002474),-0.4246875303321884,-0.8572883565542936,0.6683006535947712,1.0,1.0,6/18,14.81%,HFE;ERAP2;TAPBPL;TAP2;MFSD6;CLEC4A
TDRP,GO_Biological_Process_2023,prerank,Potassium Ion Import Across Plasma Membrane (GO:1990573),0.3434464552196911,0.8570550607630866,0.7392550143266475,1.0,1.0,12/42,15.09%,KCNJ5;KCNK9;HCN2;SLC12A5;ATP1A3;KCNJ9;SLC12A9;KCNJ3;KCNJ10;SLC12A8;SLC12A1;KCNJ12
TDRP,GO_Biological_Process_2023,prerank,Long-Term Memory (GO:0007616),-0.42053356454603885,-0.8569956311058347,0.685064935064935,1.0,1.0,3/20,2.51%,NOL3;SLC2A4;KAT2A
TDRP,GO_Biological_Process_2023,prerank,Positive Regulation Of Cell Migration Involved In Sprouting Angiogenesis (GO:0090050),0.40916101427701157,0.8565342950004456,0.6621983914209115,1.0,1.0,2/16,5.90%,ANXA1;RHOJ
TDRP,GO_Biological_Process_2023,prerank,Negative Regulation Of Transmembrane Receptor Protein Serine/Threonine Kinase Signaling Pathway (GO:0090101),0.2866627972108411,0.856344146695485,0.9198606271777003,1.0,1.0,33/111,18.53%,SKOR1;CCN3;SAP30L;SMAD7;CD109;CER1;FKBP1A;UBE2D3;SPRED3;HDAC2;GDF3;EID2;SF3B3;SLC2A10;LDLRAD4;BRMS1;RBBP4;SORL1;MAGI2;STRAP;CAPN5;EMILIN1;BMPER;FSTL3;TGFB1I1;SKIL;VWC2;SPRED2;UBE2D1;SUDS3;OGT;SNX6;TMEM53
TDRP,GO_Biological_Process_2023,prerank,Coenzyme A Metabolic Process (GO:0015936),-0.4461180980411752,-0.8561920312532605,0.6683587140439933,1.0,1.0,7/15,21.60%,SLC25A16;PPCDC;PANK1;ACOT7;PANK2;PPCS;NUDT19
TDRP,GO_Biological_Process_2023,prerank,Positive Regulation Of Interleukin-2 Production (GO:0032743),-0.3991615960344998,-0.8560337280515298,0.6907378335949764,1.0,1.0,9/25,26.04%,IL1A;PNP;IRF4;GLMN;TRAF6;PRKD2;SPTBN1;PLCG2;MALT1
TDRP,GO_Biological_Process_2023,prerank,Ruffle Organization (GO:0031529),-0.4358639046513715,-0.8553840190290157,0.6757679180887372,1.0,1.0,4/16,22.25%,CORO1B;INPP5K;ARFIP2;CYFIP1
TDRP,GO_Biological_Process_2023,prerank,Actin Filament Polymerization (GO:0030041),-0.39455976161050615,-0.8552269010683359,0.7021276595744681,1.0,1.0,13/31,22.00%,INF2;MICALL2;WAS;CATIP;COBL;JAK2;WASF1;FHDC1;DIAPH1;TTC17;DIAPH3;PREX1;WASF3
TDRP,GO_Biological_Process_2023,prerank,Vesicle Coating (GO:0006901),0.36143104581498203,0.8549652090804859,0.7191601049868767,1.0,1.0,12/28,19.62%,TRAPPC3;TMED2;TRAPPC2B;TRAPPC1;TMED10;TRAPPC4;TRAPPC10;CSNK1D;CUL3;AP3M2;PEF1;PPP6C
TDRP,GO_Biological_Process_2023,prerank,Regulation Of Ras Protein Signal Transduction (GO:0046578),-0.3353899645587245,-0.8546944919049163,0.7740029542097489,1.0,1.0,28/76,22.40%,MMD2;ARHGDIB;GIT1;KANK2;NTRK1;IGF1;ARHGEF28;SYDE1;SQSTM1;RALGPS1;NOTCH1;KBTBD7;FOXM1;SYNGAP1;DENND4C;ARHGEF18;NOTCH2;STARD13;STK19;DENND4B;NUP62;KIF14;KANK1;RASGEF1A;ARHGDIA;ARFGAP3;SYDE2;ARHGEF2
TDRP,GO_Biological_Process_2023,prerank,Cellular Response To cAMP (GO:0071320),-0.384071866042045,-0.854691806344439,0.7013782542113323,1.0,1.0,8/30,17.29%,RAP1B;SLC26A6;INPP5K;PKD2;RAPGEF3;RAPGEF2;SLC26A3;AKAP9
TDRP,GO_Biological_Process_2023,prerank,Positive Regulation Of Bone Mineralization (GO:0030501),-0.37465380044436,-0.8545509722439362,0.6813880126182965,1.0,1.0,10/38,15.85%,BMPR2;FZD9;RXRA;ATP2B1;PKDCC;BMP2;ACVR2B;P2RX7;PTN;ALOX5
TDRP,GO_Biological_Process_2023,prerank,Response To Ethanol (GO:0045471),0.4030848781368698,0.8539948961878416,0.6599496221662469,1.0,1.0,4/18,11.98%,TH;DRD4;SDF4;GLRA2
TDRP,GO_Biological_Process_2023,prerank,Positive Regulation Of Translation (GO:0045727),0.29298626109319875,0.8538973696162778,0.8602941176470589,1.0,1.0,45/108,23.09%,PIWIL2;KHDRBS1;JMJD4;SSB;PLD1;COA3;EIF4A3;FMR1;DHX36;METTL8;NSUN5;DDX3X;EIF4G3;C1QBP;HNRNPD;TRUB2;EIF3C;RBM3;FXR2;YBX1;NGRN;PAIP1;PRKDC;DAZL;PRR16;PABPC1;SYNCRIP;OGT;YTHDF1;YBX3;RPUSD3;BCL3;RCC1L;RPS4X;RPL26;UPF3A;EIF3E;RPS27L;MPV17L2;TRMT10C;FASTKD3;UPF3B;LARP1B;USP16;HNRNPU
TDRP,GO_Biological_Process_2023,prerank,Positive Regulation Of Mitotic Cell Cycle (GO:0045931),-0.3966760484048429,-0.8538868070089729,0.6945337620578779,1.0,1.0,10/27,21.87%,SPHK1;EIF4EBP1;RPS6KB1;PRKCA;DUSP3;MEIS2;PKN2;KLHL18;CDC25B;USP22
TDRP,GO_Biological_Process_2023,prerank,Positive Regulation Of Canonical Wnt Signaling Pathway (GO:0090263),-0.33006813178439065,-0.8537933211268297,0.7547445255474453,1.0,1.0,29/84,27.04%,FZD9;USP34;WNT3A;ZEB2;CSNK1G1;XIAP;HHEX;NRARP;LRRK2;TNKS2;PPM1B;SFRP4;LGR6;WNK1;TBL1X;FRAT1;RNF220;DAAM2;KANK1;VCP;MRPS12;SFRP1;PPM1N;JRK;TNKS;FGFR2;TBL1XR1;ZBED3;LRRK1
TDRP,GO_Biological_Process_2023,prerank,Positive Regulation Of Blood Coagulation (GO:0030194),-0.4154418361682683,-0.8532165770580972,0.6779661016949152,1.0,1.0,6/21,15.95%,HPSE;ST3GAL4;F2;APOH;SERPINE1;PLAU
TDRP,GO_Biological_Process_2023,prerank,Protein Transport (GO:0015031),-0.28888338422458404,-0.8531371114876202,0.8980099502487562,1.0,1.0,103/310,23.52%,PPY;RD3;COPG1;ARRDC1;RAB22A;EIF2D;ARRDC2;VPS45;RAB20;AP3B1;MYO6;STX5;SEC13;STXBP3;LRP2;CD74;DNM2;GOLPH3L;STXBP1;TMED1;CHMP3;RAB19;AP2A1;VAMP2;RCAN3;LRP1;STX1B;COPA;OLFM2;KIF3B;STX3;ARF3;RAB6A;SNX8;ABCG1;VIPAS39;NAPA;ARFIP1;STX1A;CHMP1B;NSF;RAB8A;SNX1;IFT22;APOB;CANX;UNC93B1;SNX4;PREB;ARRDC4;TMED6;RAB10;ABCA12;GRPEL1;VLDLR;RPGR;RAB24;NGFR;STX7;AP3D1;RAB32;PRKCB;VPS33A;RAB23;TIMM44;GOLPH3;ROMO1;GGA3;CEP290;GGA1;GRPEL2;RAB26;CTSA;ARFRP1;RAB5C;SCFD1;RAB1B;TFR2;HIKESHI;STX16;SNX18;LMTK2;ARFIP2;RAB29;CLTC;STX6;RAB5B;ARFGAP3;TOM1;TSNARE1;TIMM50;ARHGAP1;ERP29;ARHGEF2;FAM91A1;SYNDIG1;MACF1;MEN1;VPS26A;CHMP2A;DNAJC19;SPTBN1;SCFD2
TDRP,GO_Biological_Process_2023,prerank,Actin Cytoskeleton Reorganization (GO:0031532),-0.35762456304793616,-0.8528715888720682,0.7353383458646616,1.0,1.0,12/53,16.20%,NPHS2;ASB2;NEDD9;MICALL2;ATP2C1;PHACTR1;SYDE1;PARVB;MINK1;PARVG;TNIK;CDC42BPA
TDRP,GO_Biological_Process_2023,prerank,Histone H4 Acetylation (GO:0043967),-0.37229236445015756,-0.8528193234220858,0.7313664596273292,1.0,1.0,22/38,29.24%,MSL1;EPC1;YEATS4;JADE3;ING4;KAT8;JADE1;TRRAP;KANSL2;BRD8;MSL2;HCFC1;KANSL1;ACTL6B;MRGBP;NAA40;MORF4L2;MBTD1;KANSL3;KAT5;ACTL6A;PHF20
TDRP,GO_Biological_Process_2023,prerank,Intracellular Glucose Homeostasis (GO:0001678),-0.3583582780696458,-0.8527954519404104,0.7087827426810478,1.0,1.0,15/43,26.61%,PAX2;KCNB1;SLC39A14;UNC13B;IGF1R;NGFR;PPARGC1A;FOXK2;PRKAA2;GAS6;LRRC8A;XBP1;PDK3;LIN28A;TRA2B
TDRP,GO_Biological_Process_2023,prerank,Regulation Of Protein Kinase A Signaling (GO:0010738),-0.4341497039205588,-0.8522779459778338,0.6827697262479872,1.0,1.0,8/16,24.38%,AKAP5;LRRK2;ADRB2;AMH;IAPP;PJA2;AKAP7;AKAP6
TDRP,GO_Biological_Process_2023,prerank,Positive Regulation Of I-kappaB kinase/NF-kappaB Signaling (GO:0043123),-0.30277276362819766,-0.8522022992246014,0.8353413654618473,1.0,1.0,50/173,21.66%,TMEM106A;CD40;VAPA;TICAM1;ATP2C1;TRADD;ZDHHC13;HTR2B;CASP8;TRIM52;TNFRSF10B;EDA2R;S100A13;GJA1;HLA-DRB1;CD74;DDX1;UBE2N;LTB;CX3CL1;TRIM21;TRIM13;EEF1D;TRAF5;NOD2;PLK2;AKAP13;RFPL2;PELI1;SLC20A1;CXXC5;SLC44A2;CHUK;TRAF6;TIRAP;PRKCB;NUP62;TIFA;RIPK2;MAVS;SHISA5;LURAP1;F2RL1;TMEM9B;SHARPIN;BRD4;TRAF3IP2;PRKN;TRIM22;CFLAR
TDRP,GO_Biological_Process_2023,prerank,T Cell Migration (GO:0072678),-0.4394461825572168,-0.8521946584659723,0.6806020066889632,1.0,1.0,4/16,20.33%,MYO1G;CCL26;XG;SLC12A2
TDRP,GO_Biological_Process_2023,prerank,Negative Regulation Of Cell Death (GO:0060548),-0.34194050612786636,-0.8521734738078116,0.7562408223201175,1.0,1.0,24/64,24.62%,CHMP6;PAX2;CDK5;POU4F1;KANK2;WFS1;CHMP3;CHMP1B;CHMP7;CCN2;VPS4A;CHMP4C;TNFRSF1B;NUP62;HTRA2;TMEM109;CHMP4A;PRKN;HSPA1B;VPS4B;CHMP2A;GBA1;CHMP2B;BECN1
TDRP,GO_Biological_Process_2023,prerank,Cellular Response To Hormone Stimulus (GO:0032870),-0.3212356028288848,-0.8519699551988404,0.8025387870239774,1.0,1.0,25/93,24.21%,LHCGR;CTSS;ARID5A;MGARP;ESR1;NPFFR1;INPP5K;UBE2L3;CACNA1H;GPR22;HCRTR1;CTSB;AKR1C3;GHR;OXTR;ATP1A1;THRB;NCOA3;BRD8;SERPINB9;HSPA1B;SFRP1;CTSL;XBP1;SRC
TDRP,GO_Biological_Process_2023,prerank,Response To ATP (GO:0033198),-0.417418086492223,-0.8515769227841277,0.6717687074829932,1.0,1.0,11/20,20.77%,TRPC3;DGKQ;P2RY1;P2RX7;CIB2;P2RX4;P2RY11;SSH1;TAF1;RYR3;P2RX3
TDRP,GO_Biological_Process_2023,prerank,Positive Regulation Of Syncytium Formation By Plasma Membrane Fusion (GO:0060143),0.4189283440606819,0.8515586871230328,0.6564102564102564,1.0,1.0,4/15,10.04%,SCGB3A1;FLOT1;CD53;EHD1
TDRP,GO_Biological_Process_2023,prerank,Potassium Ion Homeostasis (GO:0055075),-0.41303595511439306,-0.8512614123740568,0.7027027027027027,1.0,1.0,13/23,26.58%,SLC12A7;SLC12A3;ATP1A4;ATP1B3;FXYD2;ATP4A;SLC12A6;ATP1A1;SLC12A2;KCNJ2;ATP1B1;ATP1B2;KCNH2
TDRP,GO_Biological_Process_2023,prerank,Regulation Of Smoothened Signaling Pathway (GO:0008589),0.3277574624131446,0.8510427785192233,0.7380281690140845,1.0,1.0,11/51,9.44%,UCHL5;KCTD6;DLG5;SUFU;MOSMO;PTCH2;DCDC2;GLIS2;TEDC1;PHIP;FBXL17
TDRP,GO_Biological_Process_2023,prerank,Non-Membrane-Bounded Organelle Assembly (GO:0140694),-0.3094533566429926,-0.8508460522418727,0.8338028169014085,1.0,1.0,43/133,21.05%,ASB2;TMOD1;LMOD3;PATL2;GOLGA8T;GOLGA2;GOLGA6C;NEK2;GOLGA6A;GOLGA8N;MAPT;DLGAP5;GOLGA6B;MAPRE3;GOLGA8A;LSM14A;INO80;YTHDF3;FLII;TUBGCP5;DYNC1H1;PGM5;TUBGCP4;TIA1;VCX;TMOD3;DDX6;CEP63;FXR1;TUBGCP3;ZFYVE1;NPC1;NUP62;ATXN2;LIMD1;DAZAP2;TMOD2;PATL1;HAUS1;HAUS5;AUP1;LDAF1;YTHDF2
TDRP,GO_Biological_Process_2023,prerank,Apoptotic Cell Clearance (GO:0043277),0.363693056729545,0.8506899918252571,0.6955380577427821,1.0,1.0,6/28,5.88%,ITGB3;TGM2;ANXA1;ALOX15;XKR5;HMGB1
TDRP,GO_Biological_Process_2023,prerank,Ras Protein Signal Transduction (GO:0007265),-0.308992757572249,-0.850520513362187,0.8321678321678322,1.0,1.0,50/143,22.39%,ARHGDIB;GRAP2;RAP1B;KRAS;TIAM1;RIT1;RGL2;CRKL;AIF1;WAS;CDKN2A;RHOD;RAPGEFL1;PLEKHG7;IGF1;ORC3;RALGPS1;ADGRG1;MRAS;CDKN1A;ERAS;PLK2;RAPGEF3;ARHGAP35;RAPGEF2;PHACTR4;RAPGEF4;SOS1;FGF2;RTKN;WASF1;NGFR;RASGRP2;ARHGEF11;CDK2;RAP2C;RASGEF1A;CELSR1;RAP2B;ROCK2;RAPGEF5;RALGDS;ARHGAP5;ARHGDIA;GPSM2;RALB;RIPOR1;MAPKAPK5;CYFIP1;ARHGAP1
TDRP,GO_Biological_Process_2023,prerank,Myelination (GO:0042552),0.32655697108193366,0.8494950671476083,0.7735294117647059,1.0,1.0,8/48,7.62%,ABCD2;MYOC;BCAS1;MARVELD1;SIRT2;B4GALT6;HYCC1;EIF2B4
TDRP,GO_Biological_Process_2023,prerank,Detection Of Visible Light (GO:0009584),0.3980353792373503,0.8492806045164147,0.6432160804020101,1.0,1.0,4/17,6.82%,CACNA1F;REEP6;TULP1;RP1
TDRP,GO_Biological_Process_2023,prerank,Long-Chain Fatty Acid Metabolic Process (GO:0001676),0.30278254920190256,0.848958574304524,0.8263473053892215,1.0,1.0,18/78,14.45%,GSTA1;ALOX15;ACSL5;PNPLA8;PLA2G10;GSTM2;ACSL1;ALOX12B;FAAH2;CYP2J2;GPX4;ELOVL1;ACOT2;LTC4S;SLC27A4;ACADL;PLA2G4A;ACSL6
TDRP,GO_Biological_Process_2023,prerank,Protein Localization To Cell Periphery (GO:1990778),-0.3104472609986059,-0.8488129290457331,0.8191780821917808,1.0,1.0,48/138,22.19%,PLEKHF1;SEC16A;KCNB1;RAB40B;PRPH2;SCN3B;FYB2;STXBP1;INPP5K;TSPAN14;ZDHHC22;CACNB3;KCNIP4;ATP1B3;RAB8A;FLOT2;PKP3;P2RY1;WDR72;ANK1;PALS1;RAPGEF2;SPTBN4;MYO5A;LIN7B;DENND4C;RAB10;DPP6;TNIK;EHD3;ZDHHC7;PIGW;EPHA2;ACTN2;EHD2;EPB41L3;FGF13;KCNB2;CRB3;PACS2;ZDHHC2;PRAM1;ROCK2;GAS6;RAB29;TMEM150A;SLMAP;TESC
TDRP,GO_Biological_Process_2023,prerank,Positive Regulation Of Cell-Substrate Junction Organization (GO:0150117),0.3842331197184018,0.8487784574288278,0.7046070460704607,1.0,1.0,7/23,16.55%,MYOC;PIK3R1;MAPRE2;NRG1;TSC1;PTPRJ;S100A10
TDRP,GO_Biological_Process_2023,prerank,Prostaglandin Metabolic Process (GO:0006693),0.3642327482735003,0.8484387159549208,0.7111111111111111,1.0,1.0,4/30,6.63%,GSTA1;HPGD;PNPLA8;PLAA
TDRP,GO_Biological_Process_2023,prerank,Regulation Of Autophagy (GO:0010506),-0.2909834593201012,-0.8484310340178133,0.8965968586387435,1.0,1.0,91/238,26.58%,TRIB3;PLEKHF1;EXOC8;TICAM1;CDK5;NPRL2;GPR137B;GOLGA2;DDIT3;IRGM;ORMDL3;UBQLN1;HGF;TFEB;MAPT;DEPP1;ATG13;SQSTM1;ZC3H12A;WAC;LRRK2;TRIM21;RAB8A;SETD2;PLK2;STK38L;RFPL2;DRAM1;ULK1;KEAP1;WDR6;ENDOG;SNX5;KAT8;RRAGA;ATP6V1H;FKBP8;ATP6V0A2;CISD2;ACER2;VHL;HTRA2;SREBF2;ITPR1;PIK3R4;DCAF12;DAPK1;RNF152;DHRSX;ATP6V1B2;RRAGD;UFL1;FOXK2;RMC1;WDR41;CTSA;UVRAG;USP10;PRKAA2;TPCN1;MTOR;PRKN;GSK3A;BOK;TRIM22;UBQLN2;KIF25;ATP6V1G2;CDK5R1;EIF4G2;ATM;VPS26A;NPRL3;CDK16;ATP6V0A1;GBA1;CPTP;SMCR8;SH3GLB1;WASHC1;BECN1;HAX1;FBXW7;STAT3;RB1CC1;KLHL22;NEDD4;MTMR8;FOXO3;ROCK1;MTMR4
TDRP,GO_Biological_Process_2023,prerank,Ceramide Biosynthetic Process (GO:0046513),-0.36530293784401485,-0.8481493219171294,0.7037617554858934,1.0,1.0,11/41,12.85%,ST8SIA6;B3GALT4;B4GALNT1;ST8SIA4;SMPD1;CERS4;PNPLA1;SMPD4;CERS2;CERS5;ST6GALNAC5
TDRP,GO_Biological_Process_2023,prerank,Regulation Of Peptidyl-Tyrosine Phosphorylation (GO:0050730),-0.3232577288792526,-0.847649367659918,0.801994301994302,1.0,1.0,32/90,25.45%,IL23R;ITGB2;APP;EFNA1;CD44;DGKQ;HCLS1;HGF;TDGF1;CD74;BANK1;IGF1;LRP8;AMH;GHR;RELN;IL11;LIF;JAK2;RIPK2;EFNA5;PTPN11;RAP2C;RAP2B;SFRP1;ARHGEF2;SRC;PDGFB;HAX1;PLCG2;ACVR1;BMP6
TDRP,GO_Biological_Process_2023,prerank,Membrane Organization (GO:0061024),-0.303283007373688,-0.8476082028339816,0.8573388203017832,1.0,1.0,67/164,27.05%,CHMP6;LPCAT3;EXOC8;VAPA;ATP2C1;TTPA;NSFL1C;GRIN3B;SPAST;EXOC6B;REEP4;EMD;VPS28;DNM2;SNAP23;OSBPL2;CHMP3;TOR1B;VAMP2;OTOF;CHRNB1;EXOC5;NAPA;CHMP1B;CHMP7;CHP1;LMNB1;VPS4A;CHMP4C;AAK1;DMPK;SYNGR1;VPS36;VPS37D;TLCD2;AP3D1;NPC1;VPS37C;CHMP4A;STAM2;BAIAP2L2;FNBP1L;NUP155;TIMM50;VPS4B;UBXN2B;SH3GLB2;AZIN2;PDCD6IP;CHMP2A;SPTBN1;CNTN2;REEP1;CPTP;VPS37B;SH3GLB1;CHMP2B;RABIF;SNAP29;GLTP;GCA;STEEP1;HACE1;STX18;MYADM;SYNJ1;CERT1
TDRP,GO_Biological_Process_2023,prerank,"G Protein-Coupled Receptor Signaling Pathway, Coupled To Cyclic Nucleotide Second Messenger (GO:0007187)",-0.3523225295025252,-0.8475285930252087,0.7393939393939394,1.0,1.0,8/50,7.05%,LHCGR;PTGIR;CNR1;HTR1B;OPRM1;MC5R;HTR2B;CHRM2
TDRP,GO_Biological_Process_2023,prerank,Retrograde Axonal Transport (GO:0008090),-0.44549408478107394,-0.8473635464463946,0.6946688206785138,1.0,1.0,7/15,25.28%,MGARP;DYNC1H1;KIF5A;MAP1A;DST;SOD1;KIF1A
TDRP,GO_Biological_Process_2023,prerank,Regulation Of G1/S Transition Of Mitotic Cell Cycle (GO:2000045),0.28889362775998667,0.8473452456707654,0.903010033444816,1.0,1.0,21/106,13.39%,TM4SF5;MBLAC1;HYAL1;ANXA1;BRD7;CDKN2B;RPTOR;DLG1;CENPJ;FHL1;RRM1;DDX3X;CCNH;SMARCA4;AKT1;APLP2;FAM107A;BCL7B;LSM11;UBE2E2;APC
TDRP,GO_Biological_Process_2023,prerank,Protein Depolymerization (GO:0051261),-0.39419699746724285,-0.8473033724366462,0.7167182662538699,1.0,1.0,11/28,22.41%,KIF2B;STMN4;DSTN;CFL2;VPS4A;CKAP5;KIF2A;KIF14;KIF18B;MICAL3;VPS4B
TDRP,GO_Biological_Process_2023,prerank,Nucleosome Organization (GO:0034728),-0.32994456684767154,-0.8471694684932897,0.7648809523809523,1.0,1.0,32/75,27.01%,H2BC13;H2BC3;ARID2;HAT1;SMARCE1;NAP1L2;CHAF1A;CHAF1B;SETD2;CABIN1;NAP1L4;KAT6B;MACROH2A1;SMARCC2;UBN1;GRWD1;ATRX;NAP1L1;RSF1;LIN54;H2BC17;SMARCD2;H2AC25;SET;H2BC9;H2BC8;NAA60;MCM3AP;NAP1L3;POLE3;ASF1B;SMARCD1
TDRP,GO_Biological_Process_2023,prerank,Cell-Substrate Junction Assembly (GO:0007044),-0.3869187549929526,-0.8469290767456925,0.6998394863563403,1.0,1.0,14/28,28.96%,PLEC;TESK2;RHOD;THSD1;ARHGEF7;ACTN2;DST;SRC;ITGA6;RCC2;THY1;SORBS1;ITGB4;CDH11
TDRP,GO_Biological_Process_2023,prerank,Negative Regulation Of Protein Kinase B Signaling (GO:0051898),-0.36822171975507595,-0.8467178410069436,0.7203125,1.0,1.0,10/35,17.89%,HLA-G;DDIT3;BANK1;INPP5K;PPP2R1A;SH2B3;TSC2;DRD3;EPHA2;PTEN
TDRP,GO_Biological_Process_2023,prerank,Negative Regulation Of Natural Killer Cell Mediated Cytotoxicity (GO:0045953),-0.43977748357150387,-0.8466732769074162,0.6851851851851852,1.0,1.0,3/16,10.04%,HLA-G;HLA-E;HLA-F
TDRP,GO_Biological_Process_2023,prerank,Cell Chemotaxis (GO:0060326),-0.35788077308608446,-0.8465426121296211,0.7473035439137135,1.0,1.0,20/48,29.24%,CXCL12;ENC1;CORO1B;HGF;CX3CL1;PDGFRB;EPHA2;NR4A1;DOCK4;ARRB2;HBEGF;LEF1;PDGFB;LPAR1;PRKCD;EPHB1;KIT;VEGFA;PARVA;RHOG
TDRP,GO_Biological_Process_2023,prerank,Intracellular Steroid Hormone Receptor Signaling Pathway (GO:0030518),0.3337575529987911,0.8465267003475708,0.7702349869451697,1.0,1.0,18/42,22.34%,RBFOX2;PHB1;NKX3-1;NCOA4;CALCOCO1;DDX17;UBE3A;MED1;ESR2;SAFB;WBP2;YAP1;TRERF1;UBR5;MAPK1;TADA3;PMEPA1;DAXX
TDRP,GO_Biological_Process_2023,prerank,Negative Regulation Of Smooth Muscle Cell Proliferation (GO:0048662),-0.36797276569294607,-0.846081160436503,0.7361963190184049,1.0,1.0,10/37,18.70%,PTGIR;BMPR2;AIF1;IGFBP3;BMP2;CDKN1A;SOD2;EFEMP2;PTEN;PPARGC1A
TDRP,GO_Biological_Process_2023,prerank,Intracellular Monoatomic Cation Homeostasis (GO:0030003),-0.29863494495313403,-0.845955221900526,0.8679738562091504,1.0,1.0,62/190,25.54%,CTRC;HFE;SLC30A2;CD40;ATP2C1;CXCL12;APP;ATP12A;HTR2B;IREB2;ABCB7;SCNN1B;SCNN1G;SLC41A1;TMPRSS4;SLC39A14;LETMD1;ALAS2;ATP2C2;ATP1A4;STC2;EDNRA;ATP1B3;FXYD2;DRD3;SCARA5;TRPA1;ATP4A;DMPK;SLC30A5;ATP7B;ATP6V0A2;SLC22A17;SLC8B1;FRRS1;SLC24A5;ATP1A1;SLC24A3;STIM1;TFR2;SLC12A2;SCNN1A;CP;SLC39A8;ATP6AP1;CHRNA7;SLC11A2;CALCB;TMC8;FLVCR1;LCK;SOD1;KCNJ2;ANKRD9;SLC30A8;F3;RGN;ATP1B1;CYBRD1;ATP1B2;BMP6;RMDN3
TDRP,GO_Biological_Process_2023,prerank,Energy Derivation By Oxidation Of Organic Compounds (GO:0015980),0.3306809825964034,0.845887911666272,0.7888888888888889,1.0,1.0,14/42,20.96%,ACSM1;ADGRF5;COX7B;COX6B1;LEP;COX4I1;CYC1;CYCS;LEPR;LYRM7;COX6A1;UQCRQ;UQCRC2;NDUFS4
TDRP,GO_Biological_Process_2023,prerank,Transcription Initiation-Coupled Chromatin Remodeling (GO:0045815),0.3549911453773976,0.8458806248483866,0.72544080604534,1.0,1.0,10/34,15.46%,TRMT112;BRD7;VPS72;KMT2A;DPY30;WDR5;FAM47E;SMARCA4;KAT2B;WBP2
TDRP,GO_Biological_Process_2023,prerank,DNA Synthesis Involved In DNA Repair (GO:0000731),0.3694380128257893,0.8458365674628331,0.7238605898123325,1.0,1.0,13/27,22.99%,SYCP1;PCLAF;RRM1;POLH;POLD3;PCNA;WRNIP1;POLDIP2;POLN;RRM2B;RFC3;SPRTN;POLI
TDRP,GO_Biological_Process_2023,prerank,protein-RNA Complex Assembly (GO:0022618),-0.3030085507176066,-0.8455863827320531,0.833555259653795,1.0,1.0,57/148,26.78%,NOL3;SRPK2;XRCC5;EIF2D;PWP2;EIF2S3B;EIF2S3;SF3A2;CDC73;DDX1;DDX39B;DDX20;CELF6;EIF3L;HNRNPC;SMN1;PTGES3;CELF1;SHQ1;GCFC2;RRP7BP;CRNKL1;CELF2;POLR2D;ISY1;PRMT7;SNRNP200;RPL6;GEMIN8;ZRSR2;GEMIN5;CPSF6;RPLP0;PUF60;PPAN;KHDC4;SRSF10;ERAL1;ADAR;DDX23;EIF3D;TRAF7;RPSA;DENR;CPSF7;NOP53;EIF3F;YTHDC1;EIF3I;SRPK1;PRPF6;RAMAC;SRSF6;DICER1;NLE1;SNRPE;CELF5
TDRP,GO_Biological_Process_2023,prerank,Regulation Of Neuron Apoptotic Process (GO:0043523),-0.3147801471985286,-0.8455089872727614,0.7947295423023578,1.0,1.0,33/105,21.72%,FZD9;SRPK2;CITED1;LIG4;CDK5;DDIT3;POU4F1;KCNB1;CNTF;FGF20;VSTM2L;NTRK1;WFS1;NAIP;NTRK2;BAX;SIX1;GRM4;CPEB4;IL6ST;TYRO3;SOD2;GRN;SEMA3E;PPARGC1A;PRKCG;KIF14;CRLF1;PCSK9;ATF4;PRKN;KDM2B;CDK5R1
TDRP,GO_Biological_Process_2023,prerank,Maturation Of SSU-rRNA (GO:0030490),-0.3716005368120353,-0.845230955599843,0.7294303797468354,1.0,1.0,13/37,23.56%,PWP2;DDX52;SPPL2B;TSR3;TSR2;UTP6;DCAF13;HEATR1;NOL11;SRFBP1;DHX37;MPHOSPH10;SNU13
TDRP,GO_Biological_Process_2023,prerank,Positive Regulation Of GTPase Activity (GO:0043547),0.26327273225510156,0.8446900052389003,0.9956140350877193,1.0,1.0,51/227,17.68%,CCL24;XCL2;TGM2;CAV2;AGAP9;ARHGEF16;TBC1D30;RASGRF1;SCRIB;RTN4R;GRTP1;MAPRE2;SIPA1;NDEL1;TBC1D10A;APC2;RAPGEF6;SNX13;RASGRP1;SH3BP1;ARHGAP11B;NTF3;TIAM2;RAP1A;AGAP4;FOXJ1;SLC27A4;RGS10;TBC1D1;SNX9;RASGRP3;SGSM1;TBC1D8;TBC1D16;FLCN;TSC1;RGL4;ARHGEF5;BCR;GNB5;RAP1GDS1;TBCK;ARHGAP25;RALGAPA1;S100A10;PICALM;BCAS3;RIC1;CCL2;TBC1D12;AGAP5
TDRP,GO_Biological_Process_2023,prerank,Interleukin-1-Mediated Signaling Pathway (GO:0070498),0.3942612799741283,0.8444658815593872,0.7098445595854922,1.0,1.0,4/19,11.44%,MAPK3;IKBKB;IL1R1;RELA
TDRP,GO_Biological_Process_2023,prerank,Ventricular Septum Development (GO:0003281),-0.36874075250508126,-0.8444374899524546,0.7279521674140508,1.0,1.0,7/37,10.83%,BMPR2;TGFBR2;GATA3;STRA6;HEY2;PROX1;NOTCH1
TDRP,GO_Biological_Process_2023,prerank,Intermediate Filament Organization (GO:0045109),-0.3368879700931133,-0.844319928445619,0.7832817337461301,1.0,1.0,6/67,15.21%,INA;KRT15;KRT86;KLHL24;KRT7;KRT10
TDRP,GO_Biological_Process_2023,prerank,Regulation Of Bone Mineralization (GO:0030500),0.3136194387964045,0.8442380135731946,0.8103448275862069,1.0,1.0,11/58,12.08%,AHSG;CYP27B1;SGMS2;DDR2;BMPR1B;PTK2B;CCNA2;ANO6;ISG15;ADGRV1;GPM6B
TDRP,GO_Biological_Process_2023,prerank,Dicarboxylic Acid Metabolic Process (GO:0043648),0.3234631785699625,0.8439547718128914,0.7731343283582089,1.0,1.0,15/50,19.14%,TAT;MDH1;MRPS36;NIT2;MTHFD2L;GOT1;DGLUCY;ADHFE1;GGT1;GCLM;ALDH5A1;SLC25A32;MDH2;ACLY;FPGS
TDRP,GO_Biological_Process_2023,prerank,Negative Regulation Of Cell Adhesion (GO:0007162),-0.3341205654870778,-0.8438914295809564,0.7800289435600579,1.0,1.0,22/72,22.84%,GCNT2;LPXN;RIPOR2;SPN;FBLN1;NEXMIF;NOTCH1;CX3CL1;SNAI2;MUC1;SERPINE1;PLXNA2;EPHA4;CORO2B;JAM3;JAG1;CYP1B1;PLXNB2;TGFBI;DACT2;PLXNB1;PODXL
TDRP,GO_Biological_Process_2023,prerank,Positive Regulation Of Cellular Catabolic Process (GO:0031331),-0.30617125494962316,-0.8436180533364527,0.8551336146272855,1.0,1.0,58/145,26.53%,DXO;PLEKHF1;TICAM1;NPRL2;APP;IRGM;ORMDL3;INSR;TFEB;FURIN;ATG13;IGF1;SQSTM1;ZC3H12A;LRRK2;TRIM21;CNOT8;SETD2;PLK2;MLXIPL;RFPL2;ULK1;P2RX7;GAPDHS;PACSIN3;ENDOG;TNFRSF1B;MTLN;DAPK1;RNF152;DHRSX;SLC4A4;DAGLB;UFL1;KHSRP;PRKAA2;TPCN1;MTOR;ABHD5;GSK3A;TRIM22;IRS2;UPF1;RBM27;NPRL3;CDK16;PSEN1;SH3GLB1;BECN1;TTC5;PNPLA2;SUPV3L1;RB1CC1;SNCA;CNOT1;FOXO3;PRKCD;ROCK1
TDRP,GO_Biological_Process_2023,prerank,Regulation Of Endothelial Cell Apoptotic Process (GO:2000351),-0.3578986171977587,-0.8435396330330052,0.7296875,1.0,1.0,6/43,7.04%,HLA-G;CD40;RGCC;ICAM1;ECSCR;GATA3
TDRP,GO_Biological_Process_2023,prerank,Negative Regulation Of Phagocytosis (GO:0050765),0.41041428001157115,0.8430360973762664,0.676605504587156,1.0,1.0,3/15,5.88%,CD300A;TLR2;HMGB1
TDRP,GO_Biological_Process_2023,prerank,Regulation Of Protein Targeting To Membrane (GO:0090313),-0.3872660725629467,-0.8422273782338159,0.7126984126984127,1.0,1.0,9/28,17.48%,TCAF2;ITGB2;CEMIP;KCNB1;INPP5K;TCAF1;CHP1;MIEF1;FIS1
TDRP,GO_Biological_Process_2023,prerank,Positive Regulation Of Epithelial Cell Proliferation (GO:0050679),0.2833552197125168,0.8422201576941502,0.9363957597173145,1.0,1.0,16/122,11.23%,CCL24;FOXE3;BMP5;ITGB3;HYAL1;PTPRN;PKHD1;RTN4;HIF1A;LRG1;EMC10;BAD;STXBP4;PDCL3;NRAS;AKT1
TDRP,GO_Biological_Process_2023,prerank,Myoblast Differentiation (GO:0045445),-0.42669638247233993,-0.8420397115456393,0.695024077046549,1.0,1.0,12/19,28.14%,IGF1;NOTCH1;JAG1;TCF7L2;RBPJ;SRF;HINFP;SDC1;PLEKHM3;MAPK12;EPAS1;ITGB1
TDRP,GO_Biological_Process_2023,prerank,Negative Regulation Of NF-kappaB Transcription Factor Activity (GO:0032088),-0.3253198022076833,-0.8419805259626006,0.7977207977207977,1.0,1.0,34/81,26.42%,NWD1;KLF4;DDIT3;USP7;PYDC1;CDKN2A;FOXP3;NLRP2;MTURN;ZC3H12A;LRRK2;TRIM21;CHP1;NLRC3;CDK5RAP3;ARRB1;CMKLR1;NLRP12;HAVCR2;CHUK;OTULIN;UFL1;CYP1B1;ARRB2;PYCARD;PTGIS;COMMD1;IRAK3;IRAK2;LRRC14;TAX1BP1;IRAK1;G3BP2;NFKBIA
TDRP,GO_Biological_Process_2023,prerank,Cellular Response To Xenobiotic Stimulus (GO:0071466),0.3706235058101417,0.8412676367965346,0.7165775401069518,1.0,1.0,10/25,18.31%,VAV1;DPEP1;NKX3-1;RAP2A;KCNQ1;PDE4B;GPLD1;TFRC;MYC;AIM2
TDRP,GO_Biological_Process_2023,prerank,Lysosome Organization (GO:0007040),-0.354958851018965,-0.841078499998109,0.7448818897637796,1.0,1.0,21/43,25.50%,TFEB;SPG11;AKTIP;LRRK2;GNPTAB;CLN5;MYO7A;SRPX;VPS33A;GRN;CORO1A;SNAPIN;TMEM106B;VPS18;MTOR;ACP3;PI4KB;GAA;GBA1;HPS4;HPS1
TDRP,GO_Biological_Process_2023,prerank,Regulation Of Cell-Substrate Adhesion (GO:0010810),-0.35843924378806513,-0.8410517954698731,0.7553516819571865,1.0,1.0,12/44,18.46%,GCNT2;VIT;PPM1F;NPNT;ECM2;NOTCH1;CX3CL1;MINK1;RAC2;CORO2B;JAK2;WASHC2C
TDRP,GO_Biological_Process_2023,prerank,Regulation Of Small GTPase Mediated Signal Transduction (GO:0051056),-0.3098527118941197,-0.8410108077519494,0.8271092669432918,1.0,1.0,57/118,26.22%,ARHGAP18;PLEKHG1;DOCK8;CD2AP;TIAM1;ARHGAP28;RHOD;ARHGEF28;SYDE1;SQSTM1;ARHGEF4;GMIP;FAM13B;FAM13A;FOXM1;AKAP13;ARHGAP35;ITGAV;RELN;DOCK2;ARHGEF15;SPATA13;STARD13;ARHGAP9;NUP62;SWAP70;FGD5;ARHGEF11;FGD4;ARHGAP11A;ARHGAP8;ARHGAP27;FGD1;PREX1;DOCK3;ARHGAP12;ARHGAP5;ARHGAP32;MYO9A;ARHGAP22;SYDE2;ARHGAP1;ARHGEF2;NGEF;ARHGEF9;ARHGAP29;ARHGEF19;SRC;ARHGAP26;MCF2;RALBP1;OBSCN;DNMBP;PREX2;PLCE1;RASGRF2;RABL3
TDRP,GO_Biological_Process_2023,prerank,Apoptotic Mitochondrial Changes (GO:0008637),-0.371507779164021,-0.840560348094192,0.7278911564625851,1.0,1.0,14/34,23.82%,SFN;FZD9;IFIT2;CAMK2A;BCL2L1;IFI6;BAX;SOD2;BAK1;FIS1;BOK;TIMM50;ERBB4;BIK
TDRP,GO_Biological_Process_2023,prerank,Axonal Transport (GO:0098930),-0.37286477131736434,-0.8405510928229352,0.7175572519083969,1.0,1.0,18/39,25.80%,MGARP;SPAST;MAPT;SYBU;KIF3B;KIF1B;DYNC1H1;AP3D1;AP3B2;ARL8B;SNAPIN;DST;BLOC1S4;SOD1;AP3S2;KIF1A;BLOC1S5;BLOC1S2
TDRP,GO_Biological_Process_2023,prerank,Regulation Of Cytokinesis (GO:0032465),-0.3250521034952833,-0.8403442087812549,0.7979651162790697,1.0,1.0,33/80,26.33%,GIT1;SPAST;PLK3;BCL2L1;ANKRD53;MYO19;SETD2;DRD3;E2F7;VPS4A;CHMP4C;PKN2;KLHL21;FSD1;AURKC;PIK3R4;KIF14;RAB11FIP3;UVRAG;CDC25B;KLHL13;GIPC1;CENPV;PRC1;DCDC1;CDC14A;RAB11FIP4;SH3GLB1;CDC6;BECN1;CCP110;MAP9;CETN2
TDRP,GO_Biological_Process_2023,prerank,Mitotic G2 DNA Damage Checkpoint Signaling (GO:0007095),-0.3803751489219235,-0.8402649733819946,0.6908809891808346,1.0,1.0,9/30,16.90%,TAOK3;BABAM2;FZR1;TICRR;RINT1;CDKN1A;CDK5RAP3;DEPDC1B;CLSPN
TDRP,GO_Biological_Process_2023,prerank,Cellular Response To Metal Ion (GO:0071248),0.28188334592030856,0.8400914520128321,0.927797833935018,1.0,1.0,36/132,19.50%,AOC1;CAPN3;DPEP1;ALOX15;IQGAP1;JUN;SYT9;CPNE5;PRNP;MAPK3;CPNE7;MT1M;PPIF;ADCY7;SYT10;MAPK9;SYT7;CPNE2;SYT17;AKT1;ADGRV1;MT1F;GLRA2;ZNF658;SYT13;MT1E;GUCA1A;SYT6;ADCY8;GPLD1;FOS;MT1X;CHP2;CDKN2AIP;LGMN;CPNE1
TDRP,GO_Biological_Process_2023,prerank,Positive Regulation Of Epithelial Cell Apoptotic Process (GO:1904037),-0.4034596189560076,-0.8399751250480284,0.7162162162162162,1.0,1.0,4/22,6.80%,HLA-G;CD40;RGCC;ECSCR
TDRP,GO_Biological_Process_2023,prerank,Cholesterol Efflux (GO:0033344),-0.3994376987014421,-0.8399663272277921,0.7380191693290735,1.0,1.0,6/23,17.64%,ABCG5;ABCG1;ABCG8;ABCA7;NPC2;NPC1
TDRP,GO_Biological_Process_2023,prerank,Positive Regulation Of Cell Division (GO:0051781),0.32831008091181635,0.8399353257151757,0.7745664739884393,1.0,1.0,6/43,9.64%,MAP10;CXCR5;NKX3-1;SIRT2;RHOA;KIF20B
TDRP,GO_Biological_Process_2023,prerank,Alpha-Beta T Cell Activation (GO:0046631),0.4088799432672754,0.8395952302226944,0.6926829268292682,1.0,1.0,2/15,7.52%,CDH26;HLA-A
TDRP,GO_Biological_Process_2023,prerank,Protein N-linked Glycosylation (GO:0006487),-0.3339123948815933,-0.8395424655971474,0.7709251101321586,1.0,1.0,27/64,26.59%,PMM1;MLEC;MAN1C1;ALG10B;OSTC;GAL3ST1;DOLPP1;DPAGT1;GFPT2;ENTPD5;MGAT4B;ST3GAL1;UGGT2;GFPT1;MPDU1;DPM1;MAGT1;SLC39A8;NUDT14;DDOST;STT3A;ALG14;DERL3;MGAT2;TMEM258;FUT8;KRTCAP2
TDRP,GO_Biological_Process_2023,prerank,Negative Regulation Of Small GTPase Mediated Signal Transduction (GO:0051058),0.38595992179118277,0.8395412289639818,0.7295918367346939,1.0,1.0,9/20,20.89%,STAMBP;SH3BP1;LZTR1;SPRY4;ARHGAP25;CYRIB;MFN2;SLIT2;DAB2IP
TDRP,GO_Biological_Process_2023,prerank,DNA Replication Initiation (GO:0006270),0.3903258172282382,0.8393426583564223,0.7150537634408602,1.0,1.0,6/21,7.97%,RPA4;ORC6;ORC2;PURA;ORC5;ORC4
TDRP,GO_Biological_Process_2023,prerank,Regulation Of Protein Serine/Threonine Kinase Activity (GO:0071900),-0.3120536086744638,-0.8391327982705982,0.8172942817294282,1.0,1.0,34/112,22.74%,DUSP19;TRIB3;CDKN3;CAMK1;IRGM;CDKN2A;LIME1;CAB39;CCNJ;CCNE2;CCNB3;CCNA1;CCNE1;CDKN1A;ADRB2;SERTAD1;MST1;CDKN2D;TAB1;CDK5RAP3;SOS1;MACROH2A1;CNPPD1;ETAA1;GTF2H1;GADD45A;TRIB2;UVRAG;PIH1D1;PYCARD;CDK5R1;RALB;CCND1;CDKN1B
TDRP,GO_Biological_Process_2023,prerank,"Protein Alpha-1,2-Demannosylation (GO:0036508)",-0.42656286675019306,-0.8387132754437424,0.6986970684039088,1.0,1.0,7/16,19.43%,MAN1A1;MAN1C1;RNF139;TRIM13;EDEM1;UGGT2;MAN1A2
TDRP,GO_Biological_Process_2023,prerank,ATP Biosynthetic Process (GO:0006754),0.37444781031799074,0.8386157799519934,0.7035040431266847,1.0,1.0,11/24,22.05%,ATP5PB;ATP5PO;ATP5MC2;ATP5F1B;ATP5F1C;ATP5MG;ATP5MK;VPS9D1;ATP5MC1;ATP5F1D;ATP5PD
TDRP,GO_Biological_Process_2023,prerank,Regulation Of Receptor-Mediated Endocytosis (GO:0048259),0.33886178744805395,0.838526380956752,0.7717391304347826,1.0,1.0,10/39,16.68%,SNAP91;USH1G;FLOT1;BICD1;MKLN1;PIK3CB;UNC45A;RAB21;TNK2;PICALM
TDRP,GO_Biological_Process_2023,prerank,Cellular Response To Transforming Growth Factor Beta Stimulus (GO:0071560),-0.3180537946958135,-0.8382314933609969,0.8223495702005731,1.0,1.0,24/96,22.43%,SMAD6;GCNT2;CITED1;LPXN;WNT5A;SMAD5;TGFBR2;CRKL;XCL1;FURIN;OVOL2;GPI;CLDN5;GDF15;APPL1;ZYX;USP9X;USP9Y;ARRB2;TGFBR1;WWOX;ZMIZ2;SFRP1;WNT4
TDRP,GO_Biological_Process_2023,prerank,Vesicle Budding From Membrane (GO:0006900),-0.38035506986046125,-0.838161348421696,0.7192118226600985,1.0,1.0,13/31,22.10%,CHMP6;VAPA;SEC13;GOLPH3L;CHMP7;VPS4A;CHMP4C;GOLPH3;TRAPPC6B;CHMP4A;TRAPPC2;TRAPPC2L;FNBP1L
TDRP,GO_Biological_Process_2023,prerank,Cellular Component Disassembly (GO:0022411),-0.3563536987513862,-0.8379995978502934,0.770516717325228,1.0,1.0,10/46,18.29%,CTSS;EXOC8;FURIN;KLK7;KLK4;PLAAT1;ADAMTS15;DYRK3;MMP9;MMP11
TDRP,GO_Biological_Process_2023,prerank,Regulation Of Establishment Of Endothelial Barrier (GO:1903140),-0.43486153926035764,-0.8378059791539669,0.7119476268412439,1.0,1.0,3/16,10.88%,PROC;S1PR3;CLDN5
TDRP,GO_Biological_Process_2023,prerank,Phosphate-Containing Compound Metabolic Process (GO:0006796),-0.2951853197542853,-0.8374138941147675,0.8761290322580645,1.0,1.0,65/184,25.66%,INPP5J;TPTE;CDK5;HTR2B;SPHK1;PFKFB1;TOP1;PLA2G2A;TPTE2;ANGPTL3;PLPPR5;IP6K2;IMPA2;TNFAIP8L3;INPP5K;DUSP22;GPI;LRRK2;DUSP4;PLPPR3;NT5C;PFKFB3;XYLB;SLC20A1;DUSP10;INPP4A;PPP3CB;PIK3CA;GFPT2;DUSP15;PTPRB;DUSP3;ACYP1;DUSP5;PLA2G15;ALK;LIMD1;PFKP;PRKCG;IP6K1;GFPT1;KHSRP;PLCD1;PANK2;PIP4P1;AGPAT2;MTOR;PTPRD;INPP5D;INPP5B;IMPA1;ACP3;PPP1CA;ACP6;ALPL;LIMK2;FRA10AC1;NUDT14;PLA2G4C;INPP5A;PLPPR2;PFKL;PLCB2;STAT3;PLPP2
TDRP,GO_Biological_Process_2023,prerank,Exocytosis (GO:0006887),-0.32259470093656706,-0.8373163961446359,0.799405646359584,1.0,1.0,24/84,20.07%,EXOC8;SYNGR3;SYTL5;SNAP25;EXOC6B;WIPF3;SNAP23;VAMP2;EXOC3L1;STX1B;STX3;EXOC5;STX1A;NSF;ANK1;SYTL2;RAB10;SYNGR1;CADPS2;RAB27A;DOC2A;RAB26;WASH2P;RAB11FIP2
TDRP,GO_Biological_Process_2023,prerank,Cellular Response To Mechanical Stimulus (GO:0071260),-0.35445277111750517,-0.8366579998560018,0.7666666666666667,1.0,1.0,15/48,24.79%,CD40;TLR5;KCNK4;CASP8;TNFRSF10B;HABP4;PTGER4;BAK1;FAS;GADD45A;PIEZO2;CRADD;CNN2;TLR3;LTBR
TDRP,GO_Biological_Process_2023,prerank,Platelet Aggregation (GO:0070527),0.3485659227661907,0.8363841506540389,0.7581120943952803,1.0,1.0,11/35,16.90%,ITGB3;PDGFRA;FIBP;GP1BA;MYL12A;PIK3CB;ACTG1;GNAS;FERMT3;PPIA;HSPB1
TDRP,GO_Biological_Process_2023,prerank,Fluid Transport (GO:0042044),-0.4268297899883484,-0.836059741576352,0.6820349761526232,1.0,1.0,3/17,13.94%,AQP5;SLC26A6;AQP4
TDRP,GO_Biological_Process_2023,prerank,Negative Regulation Of Fibroblast Proliferation (GO:0048147),0.39165722532995656,0.8359748506553684,0.706601466992665,1.0,1.0,3/17,6.35%,CD300A;FTH1;MED9
TDRP,GO_Biological_Process_2023,prerank,poly(A)+ mRNA Export From Nucleus (GO:0016973),-0.41267954594405093,-0.8356203029111778,0.700164744645799,1.0,1.0,11/20,26.21%,ZC3H11B;GLE1;DDX19A;HHEX;THOC2;POLDIP3;PCID2;IWS1;NUP133;DDX19B;MCM3AP
TDRP,GO_Biological_Process_2023,prerank,Positive Regulation Of Immunoglobulin Production (GO:0002639),0.3389653883431238,0.8356018653830207,0.7792207792207793,1.0,1.0,11/34,18.18%,CLCF1;MAD2L2;PHB1;SHLD1;TNFSF4;VAMP3;CD86;SHLD2;DNAJB9;TFRC;PHB2
TDRP,GO_Biological_Process_2023,prerank,Branching Involved In Ureteric Bud Morphogenesis (GO:0001658),-0.4191698749420263,-0.8353328731173137,0.7033898305084746,1.0,1.0,6/18,16.24%,PAX2;CITED1;NPNT;PKD2;SIX1;FGF2
TDRP,GO_Biological_Process_2023,prerank,Mitotic Spindle Assembly (GO:0090307),-0.35881645624753894,-0.8353097314042773,0.75,1.0,1.0,15/44,22.45%,GOLGA2;PIBF1;KIF3B;LSM14A;OFD1;SMC1A;SMC3;STAG2;AURKC;CHEK2;KIF2A;MZT1;CLASP1;ZNF207;PRC1
TDRP,GO_Biological_Process_2023,prerank,Negative Regulation Of Cell Motility (GO:2000146),-0.30569745831493234,-0.8350416528690623,0.8495821727019499,1.0,1.0,39/132,20.70%,NEDD9;TACSTD2;MITF;ARID2;CHRD;ING2;WAS;GATA3;RBBP7;SAP30;CD74;DUSP22;FBLN1;CLDN5;CX3CL1;PIP5KL1;TCAF1;ARPIN;RECK;AMH;DUSP10;SERPINE1;SINHCAF;EPHA4;NAV3;DUSP3;CITED2;SPOCK3;PTPRT;ZMYND8;NGFR;PTEN;JAG1;CYP1B1;KANK1;RAP2C;FUZ;RAP2B;TET1
TDRP,GO_Biological_Process_2023,prerank,Positive Regulation Of Cell Projection Organization (GO:0031346),-0.31047789728707254,-0.8350082222093236,0.8465829846582985,1.0,1.0,46/118,25.62%,CUL7;AMIGO1;NEDD9;CARMIL2;PROM2;P3H1;WNT5A;CAMK1;TIAM1;MAP6;FZD1;PLPPR5;NTRK1;ALKAL2;NTRK2;LYN;FES;CX3CL1;ARHGAP35;RELN;RAPGEF2;PTN;PLXNA2;SERPINI1;RET;DDR1;PLXNB2;CDKL5;DVL2;RETREG3;CAMK1D;PTPRD;ROR2;FBXW8;CUX2;LRRC7;PLXNB1;ROR1;NLGN1;OBSL1;BDNF;TOX;CBFA2T2;ITGA6;ATP1B2;DVL3
TDRP,GO_Biological_Process_2023,prerank,Negative Regulation Of Proteolysis (GO:0045861),0.33218076520042994,0.8349115553536794,0.7896103896103897,1.0,1.0,4/41,5.49%,CST4;CSTA;HDAC6;PRNP
TDRP,GO_Biological_Process_2023,prerank,Regulation Of RNA Metabolic Process (GO:0051252),-0.3206906772253534,-0.8347879392934564,0.8169642857142857,1.0,1.0,39/90,26.85%,BRDT;KAT2A;OAS3;MITF;RBM20;CCNL2;MBNL3;METTL4;HNRNPA1;RC3H2;HNRNPH2;CLK3;RBM12;AHNAK2;CELF1;TNFRSF1B;METTL18;PCBP2;HNRNPLL;HNRNPH1;ESRP2;TRRAP;TADA2B;SUPT7L;HNRNPL;YTHDF2;USP22;RBM12B;TAF10;TAF6L;PQBP1;PCBP3;PRKRA;RASA1;ATXN7;ATXN7L3;AKAP17A;TRA2B;RC3H1
TDRP,GO_Biological_Process_2023,prerank,Ubiquitin-Dependent Protein Catabolic Process (GO:0006511),-0.27943896575536226,-0.8347871285366042,0.9569377990430622,1.0,1.0,137/362,25.60%,CHMP6;PTPN23;ASB2;CSNK1A1;SIAH3;ARRDC1;RNF144B;FBXL22;UBA1;TRIM72;MARVELD3;KCTD21;PSMD7;DDIT3;UBE2E1;NSFL1C;WDR91;RNF19B;VPS28;FBXO10;OTUD7A;RNF216;CHMP3;MAEA;SQSTM1;PSMA1;UBE2L3;MIB1;AXIN1;UHRF1;KCTD10;BTRC;DCST1;CNOT4;TRIM13;CDC23;TRIM3;KBTBD7;RNF4;CHMP1B;CHMP7;APPBP2;USP44;ARIH1;PELI1;RNF34;UBAP1L;RC3H2;VPS4A;KEAP1;CHMP4C;KCTD5;CDC34;ARRB1;RLIM;PSMD9;AXIN2;KLHL42;TRIP12;RPGR;UBE2C;VPS37D;KLHL3;RNF115;UBE3B;FBXO22;OS9;UBXN1;KLHDC3;TBL1X;SPSB4;WWP2;USP9X;PCBP2;RHOBTB3;PSMC3;PSMB7;RNF215;USP28;AREL1;KIF14;FEM1A;ANAPC11;PJA2;RMND5A;SHARPIN;PSMD6;VPS37C;CHMP4A;KCTD17;RNF150;ARRB2;RNF168;ZFAND2B;TAF1;UBE2G1;SPOP;PSMD3;PSMA4;KCTD2;PRKN;GSK3A;PSMB5;UBE2W;RCHY1;GID4;TTC3;CUL1;VCP;RNF166;RAD23A;PSMD1;VPS4B;UBE2H;UBE2D4;SKP1;UBXN2B;CHMP2A;RNF111;RNF185;PEX12;PSMA5;ANKRD9;XBP1;VPS37B;UBE2D2;UBR3;CHMP2B;HERPUD1;PSMD14;WWP1;FBXW7;RNF122;ZNRF3;CBL;RNF6;KLHL22
TDRP,GO_Biological_Process_2023,prerank,Myeloid Cell Differentiation (GO:0030099),-0.34547225872088894,-0.8341041922587156,0.7971698113207547,1.0,1.0,19/57,19.03%,THPO;AHSP;HCLS1;ZBTB16;KMT2E;LYN;IKZF1;CEBPB;ALAS2;CEBPA;IL11;KAT8;JAK2;TIRAP;DYRK3;TET2;PTPN2;CDIN1;UFL1
TDRP,GO_Biological_Process_2023,prerank,Muscle Cell Differentiation (GO:0042692),-0.3621628782697605,-0.8339330714617906,0.7647058823529411,1.0,1.0,10/37,18.10%,TMEM204;MYF6;SPEG;FBXO40;HEY2;POPDC2;CHRNB1;GLMN;ACTN2;MTLN
TDRP,GO_Biological_Process_2023,prerank,Regulation Of Mononuclear Cell Migration (GO:0071675),0.3800251596716945,0.8332139594218735,0.7158176943699732,1.0,1.0,4/22,7.02%,BMP5;MAPK3;MSN;CXCL17
TDRP,GO_Biological_Process_2023,prerank,Cognition (GO:0050890),-0.35250568487864087,-0.8329931634013995,0.7704160246533128,1.0,1.0,19/44,28.10%,LHCGR;SHROOM4;SETD5;ST3GAL4;STRA6;GTF2A1L;C5AR1;CTNS;JAKMIP1;MAGT1;CUX2;CHRNA7;CYFIP1;CHMP2B;SLC1A4;SOBP;PTCHD1;BBS4;GRM5
TDRP,GO_Biological_Process_2023,prerank,Regulation Of Histone Deacetylation (GO:0031063),-0.40260844744250696,-0.8329836343470323,0.7263843648208469,1.0,1.0,7/21,23.46%,KAT2A;ING2;FOXP3;BAZ2A;SUV39H1;CTBP1;YEATS2
TDRP,GO_Biological_Process_2023,prerank,Regulation Of RNA Splicing (GO:0043484),-0.31265819581728016,-0.8329735163210067,0.8284883720930233,1.0,1.0,44/101,26.79%,BRDT;KAT2A;SRPK2;RBM20;HABP4;CCNL2;JMJD6;RBM39;MBNL3;METTL4;DYRK1A;HNRNPA1;TIA1;POLR2A;HNRNPH2;RBM22;CLK3;RBM12;AHNAK2;CELF1;CWC22;HNRNPK;HNRNPLL;HNRNPH1;ESRP2;TRRAP;TADA2B;RBM23;SUPT7L;HNRNPL;SLC38A2;USP22;SRSF10;RBM12B;TAF10;TAF6L;PQBP1;YTHDC1;SRPK1;ATXN7;ATXN7L3;AKAP17A;TRA2B;RPS26
TDRP,GO_Biological_Process_2023,prerank,Response To Nutrient Levels (GO:0031667),0.3468235425652774,0.8327049720375753,0.7465564738292011,1.0,1.0,9/35,16.32%,RICTOR;RPTOR;MLST8;SCTR;GH2;MEAK7;FAM107A;PRKAB1;PPARD
TDRP,GO_Biological_Process_2023,prerank,Neurotransmitter Secretion (GO:0007269),-0.35489005245927463,-0.8323058886318744,0.7784522003034902,1.0,1.0,14/43,19.82%,CDK5;SNAP25;CPLX2;CPLX4;STXBP3;STXBP1;VAMP2;OTOF;STX1A;GRM4;LIN7B;DOC2A;SNAPIN;RIMS2
TDRP,GO_Biological_Process_2023,prerank,Positive Regulation Of Sprouting Angiogenesis (GO:1903672),0.40808651142170893,0.8321171209585643,0.712082262210797,1.0,1.0,3/15,5.74%,S100A1;JMJD8;FUT1
TDRP,GO_Biological_Process_2023,prerank,Macromolecule Modification (GO:0043412),0.3013710328166384,0.8320857885733399,0.8625,1.0,1.0,29/80,20.48%,UBA7;PIGH;PADI4;UBE2I;UBE2D3;PPP4R2;USP6;ARAF;MAN2B1;DUSP12;ST8SIA2;PARP4;UBL4A;LCMT1;SERP1;LOX;UBE2S;ABL2;PLAT;NAGPA;PRKDC;GGCX;ST3GAL6;PLOD2;UBE2L6;ST6GAL1;CDKL3;B4GALT7;ADPRH
TDRP,GO_Biological_Process_2023,prerank,Regulation Of Mitotic Cell Cycle (GO:0007346),0.27782834596711153,0.8318726564534785,0.9543859649122807,1.0,1.0,38/124,17.59%,ANAPC5;BTG4;SDCBP;CAV2;ANGEL2;RNF40;NEK6;IQGAP1;BRD7;TRIM35;NKX3-1;SCRIB;CYLD;BTG3;GBF1;PLK1;ASNS;KIF20B;MKI67;ANAPC13;TP73;PKMYT1;PIM2;CDC26;TTL;FBXO5;CDC27;CDK10;PDXP;DAPK3;ERCC2;INTS13;RPRM;CDK9;CCNB1;ANAPC7;USP2;PIM3
TDRP,GO_Biological_Process_2023,prerank,I-kappaB kinase/NF-kappaB Signaling (GO:0007249),0.3253158566342732,0.8318719886892506,0.8097982708933718,1.0,1.0,21/45,21.52%,TLR2;IKBKG;IKBKB;TRIM8;ERC1;RELA;BIRC2;AZI2;MAP3K14;REL;NFKBIL1;NFKB1;NKIRAS2;TANK;BCL3;RELB;PRDX4;NKIRAS1;BCL10;DAB2IP;IRAK1BP1
TDRP,GO_Biological_Process_2023,prerank,Macrophage Activation (GO:0042116),-0.3689595203782535,-0.8318643613500157,0.751937984496124,1.0,1.0,9/35,16.18%,TMEM106A;ITGB2;APP;AIF1;IFI35;MAPT;CX3CL1;C5AR1;JAK2
TDRP,GO_Biological_Process_2023,prerank,Regulation Of Metal Ion Transport (GO:0010959),-0.3673463486143832,-0.8318144301158483,0.7296466973886329,1.0,1.0,12/34,20.22%,HFE;GRIN3B;SIK1;NOS1;SLC30A6;P2RX7;SPTBN4;WNK1;P2RX4;ATP1A1;STIM1;CACNA2D1
TDRP,GO_Biological_Process_2023,prerank,Positive Regulation Of Ubiquitin-Dependent Protein Catabolic Process (GO:2000060),-0.3233887716940728,-0.8314255633013493,0.8245614035087719,1.0,1.0,27/83,22.18%,CSNK1A1;TRIB3;RNF144B;RNF19B;DAB2;RNF139;LRRK2;AXIN1;PIAS1;ARIH1;CEBPA;KEAP1;CDK5RAP3;AXIN2;USP5;FBXO22;PTEN;PRICKLE1;TRIB2;TAF1;BAG2;PRKN;GSK3A;RCHY1;VCP;HSPA1B;RAD23A
TDRP,GO_Biological_Process_2023,prerank,Regulation Of Cell Cycle (GO:0051726),0.2530941908178101,0.8312394018005294,1.0,1.0,1.0,80/293,18.35%,FOXE3;ANAPC5;BTG4;HPGD;SMIM22;SDCBP;UCHL5;INSM1;RNF40;NEK6;IQGAP1;JUN;BRD7;VPS72;IRF1;MAGEA4;SIRT2;ETFA;PPP2R3B;CYLD;TARDBP;PCLAF;TSPYL2;BIN1;TP53BP2;FIGNL1;SIPA1;WDR12;GBF1;PLK1;YY1AP1;STK11;EVI2B;KIF20B;ANAPC13;RRP8;BRCA1;WDR5;TP73;LEP;PIM2;SON;CDC26;GRK5;CCPG1;BIRC2;ACTB;FBXO5;JUND;CDC27;RUNX3;MECOM;CDK10;CEL;TP53I13;TSC1;DAPK3;RNF167;MORF4L1;JADE2;ADARB1;TADA2A;HBP1;KAT2B;BMAL1;PES1;INTS13;RPRM;CDK9;NUDT6;ANAPC7;NBN;CALR;PTPRK;PIM3;CDT1;MYC;SGF29;PNPT1;EPC2
TDRP,GO_Biological_Process_2023,prerank,Regulation Of Protein Metabolic Process (GO:0051246),-0.3124792848457045,-0.8311062060674036,0.8439306358381503,1.0,1.0,30/96,22.61%,CHMP6;APP;KLF4;WDR91;NANOS3;FURIN;WFS1;PCIF1;UHRF1;DUS3L;PKP3;ELP6;FAM83D;GSAP;METTL18;RHOBTB3;ATXN2;SSH1;CHEK2;PUM3;ZDHHC2;CENATAC;SPOP;GEMIN5;ROCK2;GCN1;CHRNA7;MAPKAPK5;CYFIP1;ELP2
TDRP,GO_Biological_Process_2023,prerank,RNA 3'-End Processing (GO:0031123),0.3368425759751229,0.8307323082072012,0.7771428571428571,1.0,1.0,18/37,22.93%,MBLAC1;SSB;TUT4;ELAC1;RPRD2;NUDT21;TOE1;INTS8;INTS5;TENT4A;PNPT1;INTS2;LIN28B;PTCD1;NCBP1;INTS9;TRNT1;HEXIM1
TDRP,GO_Biological_Process_2023,prerank,Phagosome Maturation (GO:0090382),-0.4288829373934403,-0.8307000025246487,0.7214170692431562,1.0,1.0,9/15,27.28%,RAB20;SRPX;RAB32;SLC4A7;RAB43;PIKFYVE;MCOLN1;RAB14;RAB39A
TDRP,GO_Biological_Process_2023,prerank,Negative Regulation Of DNA Binding (GO:0043392),0.3559205718776246,0.8306498297525544,0.7638888888888888,1.0,1.0,4/29,3.84%,MSX2;MAD2L2;SUMO3;JUN
TDRP,GO_Biological_Process_2023,prerank,Response To Calcium Ion (GO:0051592),0.28391979171335674,0.8306104373465371,0.9206896551724137,1.0,1.0,33/105,21.12%,CAPN3;DPEP1;ALOX15;CASR;IQGAP1;SYT9;TRPV6;CPNE5;CPNE7;PPIF;KCNMA1;ANXA11;SYT10;SYT7;CPNE2;SYT17;ADGRV1;SYT13;GUCA1A;SYT6;ADCY8;GPLD1;TRPC1;ITPR3;PEF1;CHP2;CDKN2AIP;LGMN;CPNE1;SEC31A;MEF2A;ADAM9;CAV1
TDRP,GO_Biological_Process_2023,prerank,Positive Regulation Of Cytokine Production Involved In Inflammatory Response (GO:1900017),0.384664035196554,0.830539984778571,0.7789473684210526,1.0,1.0,3/18,8.31%,IL17D;MAPK9;HIF1A
TDRP,GO_Biological_Process_2023,prerank,Response To Metal Ion (GO:0010038),-0.3289254484802336,-0.8299348384808136,0.7772795216741405,1.0,1.0,23/64,26.68%,HFE;SLC30A3;SLC30A2;TNNT2;TRPC3;MELTF;MAPT;IMPA2;IL1A;PLSCR1;ATP7B;GPHN;TFR2;HAAO;HOMER1;SLC11A2;PPP1CA;AHCYL1;SLC30A8;HVCN1;NEDD4;SNCA;THBS1
TDRP,GO_Biological_Process_2023,prerank,Water-Soluble Vitamin Metabolic Process (GO:0006767),-0.35753820882168963,-0.8299069260021071,0.7634920634920634,1.0,1.0,14/40,19.80%,MMAA;BTD;SLC25A19;SLC2A1;SLC2A3;DHFR2;MTHFD2;SLC23A2;SHMT1;MCCC1;MMACHC;CUBN;SLC19A3;PANK2
TDRP,GO_Biological_Process_2023,prerank,Phosphatidylcholine Biosynthetic Process (GO:0006656),-0.41375222340312245,-0.8299026979857642,0.7241935483870968,1.0,1.0,7/19,15.31%,LPCAT3;SLC44A4;PCYT1A;GPAT4;PCYT1B;MUC1;SLC44A2
TDRP,GO_Biological_Process_2023,prerank,Negative Regulation Of Endopeptidase Activity (GO:0010951),-0.32852320492114084,-0.8296452087501666,0.787833827893175,1.0,1.0,19/65,21.98%,SERPINA6;ANXA8;SERPIND1;SERPINB8;SERPINA10;FETUB;TIMP2;SERPINA5;SPOCK2;RECK;SERPINE3;SERPINE1;SPOCK3;SERPINH1;SERPINI1;TIMP3;PCID2;SPINK2;SERPINB9
TDRP,GO_Biological_Process_2023,prerank,Adenine Nucleotide Transport (GO:0051503),-0.4092754036355045,-0.8294402922072458,0.7246621621621622,1.0,1.0,8/20,23.82%,SLC25A24;ABCC6;SLC35B3;SLC25A25;SLC17A9;ABCC5;LRRC8A;SLC25A17
TDRP,GO_Biological_Process_2023,prerank,Cellular Response To Light Stimulus (GO:0071482),-0.3312326486919854,-0.8293630402582082,0.7984496124031008,1.0,1.0,28/63,29.39%,CASP9;SMPD1;COPS9;CUL4B;NSMCE3;INO80;BAK1;USP28;YY1;TAF1;ATF4;NOC2L;POLD1;ERCC4;DDB2;N4BP1;PARP1;NEDD4;PRKCD;ATR;SDE2;EP300;DDB1;ZBTB1;CREBBP;RHNO1;EIF2AK4;TP53
TDRP,GO_Biological_Process_2023,prerank,Integrated Stress Response Signaling (GO:0140467),-0.37290179576410915,-0.8293243161138449,0.7577639751552795,1.0,1.0,11/29,22.45%,DDIT3;CEBPG;CEBPB;CEBPA;FOSL1;EIF2AK3;JUNB;NFE2L3;GCN1;CEBPD;BATF2
TDRP,GO_Biological_Process_2023,prerank,Calcium Ion Transmembrane Import Into Cytosol (GO:0097553),-0.32239639554173755,-0.8292336438463248,0.8082595870206489,1.0,1.0,34/83,25.28%,ERO1A;HTR2B;GP1BB;XCL1;GRIN2B;SCN7A;GRIN1;PKD2;CACNA1H;CACNB3;TRPV3;JPH2;SCN8A;CACNA1I;CACNA1D;NALF1;FGF2;CACNA1A;JPH1;IBTK;SCN2A;PLCB3;ITPR1;ITPR2;PLCD1;CACNA2D1;PLCB4;CACNA1B;LCK;JPH4;CACNA1C;RYR1;PLCG2;PLCB2
TDRP,GO_Biological_Process_2023,prerank,Negative Regulation Of G Protein-Coupled Receptor Signaling Pathway (GO:0045744),0.37789674368816856,0.829023354614026,0.7557251908396947,1.0,1.0,3/21,7.70%,GRK2;BICD1;YWHAB
TDRP,GO_Biological_Process_2023,prerank,Positive Regulation Of Epithelial Cell Migration (GO:0010634),0.28502346933067224,0.828966187532931,0.911864406779661,1.0,1.0,33/95,20.37%,ITGB3;HYAL1;HDAC6;VIL1;RTN4;FUT1;PTK2B;MAPRE2;CAPN7;SASH1;BCAR1;HIF1A;EMC10;ITGB1BP1;PIK3CB;AKT1;PIK3CD;PLCG1;PFN1;SPARC;BCAS3;GPLD1;RAB25;CALR;ANGPT1;FOXP1;RREB1;ANGPT4;SCARB1;PLPP3;ZNF580;NELL2;DOCK5
TDRP,GO_Biological_Process_2023,prerank,Sensory Perception Of Sound (GO:0007605),-0.31273298209594913,-0.8287406445847719,0.8288920056100981,1.0,1.0,33/91,23.30%,OTOR;ATP6V0A4;USH1C;TMIE;CEMIP;ATP2B2;RIPOR2;MYO1A;P2RX2;PAX3;LRP2;CDH23;WFS1;USP53;GSDME;SNAI2;CLIC5;SPTBN4;MYO7A;LOXHD1;CACNA1D;TIMM9;TBL1X;PDZD7;COL4A3;NDUFB9;SLC26A5;HOMER2;TIMM10;LHFPL5;ROR1;CDC14A;SOD1
TDRP,GO_Biological_Process_2023,prerank,Regulation Of Cytokine Production Involved In Immune Response (GO:0002718),-0.3931854245647812,-0.8286197791119925,0.7180762852404643,1.0,1.0,7/24,24.03%,WNT5A;NOD2;TNFRSF1B;SCIMP;F2RL1;SLC7A5;TRIL
TDRP,GO_Biological_Process_2023,prerank,Positive Regulation Of Receptor Signaling Pathway Via JAK-STAT (GO:0046427),0.3370898854244384,0.8285201503052314,0.7804878048780488,1.0,1.0,7/37,12.57%,PRLR;TYK2;PTK2B;CENPJ;GH2;LEP;OCIAD2
TDRP,GO_Biological_Process_2023,prerank,Respiratory System Development (GO:0060541),-0.3706392980011298,-0.828475802249483,0.7707692307692308,1.0,1.0,14/32,24.25%,FGF9;STRA6;DNAAF1;PROX1;NPHP3;CEBPA;SPEF2;POLR2D;ITGA3;LOXL3;SMCHD1;ZIC3;CCDC39;BMP4
TDRP,GO_Biological_Process_2023,prerank,Protein Localization (GO:0008104),-0.27896731938229613,-0.8282480539419406,0.9535452322738386,1.0,1.0,106/349,23.28%,USH1C;EXOC8;CDAN1;WNT5A;RAB22A;MARVELD3;EIF2D;ATG9B;TNS4;VPS45;CD177;STK11IP;RAB20;AP3B1;GRIN3B;MYO6;ANO1;CORO1B;CCDC120;STX5;GJA1;SEC13;STXBP3;HEY2;CD74;ATG13;STXBP1;TMED1;RAB19;AP2A1;SQSTM1;MAPRE3;ANKS4B;STX1B;COPA;HHEX;AKTIP;STX3;LRRK2;ARF3;RAB6A;SNX8;VIPAS39;NAPA;ARFIP1;STX1A;NSF;SNX1;TSC2;IFT22;NBEAL2;UNC93B1;ULK1;TMED6;MYO7A;AXIN2;GRPEL1;JAM3;RRAGA;CCDC68;RPGR;RAB24;NGFR;STX7;AP3D1;ATG4B;RAB32;VPS33A;USP9X;PHYHIP;RAB23;TIMM44;ATP8B1;ROMO1;GGA3;RRAGD;GGA1;PACS2;GRPEL2;CTSA;ARFRP1;RAB5C;SCFD1;FHIP1A;RAB1B;CELSR1;STX16;ARFIP2;RAB29;NBEA;CLTC;STX6;PEX5L;RAB5B;ARFGAP3;TSNARE1;TIMM50;ERP29;ARHGEF2;FAM91A1;SYNDIG1;IST1;VPS26A;ABHD17A;PARD3B;DNAJC19
TDRP,GO_Biological_Process_2023,prerank,Regulation Of Neuron Migration (GO:2001222),-0.37496919333402023,-0.8281710634015533,0.7356687898089171,1.0,1.0,12/29,22.40%,PHACTR1;NEXMIF;CAMK2A;CX3CL1;SRGAP2C;RELN;RAPGEF2;KIF26A;ULK4;PLXNB2;ZNF609;ARHGEF2
TDRP,GO_Biological_Process_2023,prerank,Negative Regulation Of Blood Vessel Morphogenesis (GO:2000181),-0.3214006146414914,-0.8281631733518039,0.8018154311649016,1.0,1.0,22/77,22.43%,HLA-G;ISM1;RGCC;KLF4;ECSCR;ADGRB1;SPRED1;HHEX;CLDN5;APOH;COL4A2;SYNJ2BP;ALOX5;PF4;SEMA3E;VASH1;COL4A3;ROCK2;NIBAN2;PTPRM;EFNA3;WNT4
TDRP,GO_Biological_Process_2023,prerank,Negative Regulation Of Cysteine-Type Endopeptidase Activity (GO:2000117),-0.3401685079804389,-0.8279464147971924,0.7885532591414944,1.0,1.0,15/53,20.81%,SFN;PAX2;KLF4;CD44;HGF;NAIP;CAST;XIAP;IFI6;CDKN2D;IGBP1;GPX1;RPS6KA3;PCID2;GAS6
TDRP,GO_Biological_Process_2023,prerank,Regulation Of Double-Strand Break Repair Via Homologous Recombination (GO:0010569),0.2993766318510634,0.8277519086624335,0.8691860465116279,1.0,1.0,26/71,20.04%,KHDC3L;MAD2L2;VPS72;PPP4R2;OOEP;FIGNL1;ZNF365;HDGFL2;KLHL15;SHLD1;ACTB;SHLD2;WRAP53;MORF4L1;RMI2;MRNIP;RPA2;RAD51;MAGEF1;TEX15;ERCC6;EPC2;FUS;POLQ;RUVBL1;KMT5A
TDRP,GO_Biological_Process_2023,prerank,Regulation Of Glucose Metabolic Process (GO:0010906),-0.3762304863728747,-0.8276985844243546,0.7439862542955327,1.0,1.0,10/28,21.93%,PDK2;SLC45A3;DGKQ;SDHAF3;PDK1;GNMT;GNB3;FOXK2;PRKN;IRS2
TDRP,GO_Biological_Process_2023,prerank,Positive Regulation Of Autophagosome Assembly (GO:2000786),0.3946226245775253,0.8274517989435246,0.7152777777777778,1.0,1.0,6/16,21.37%,ELAPOR1;SNX7;PIP4K2A;RAB3GAP2;RAB3GAP1;MOAP1
TDRP,GO_Biological_Process_2023,prerank,Protein Localization To Chromosome (GO:0034502),-0.3532306797262021,-0.8274042499843076,0.7791798107255521,1.0,1.0,21/40,28.10%,XRCC5;ESR1;SLF2;XRCC4;CHMP7;TNKS2;HASPIN;WAPL;ZMYND8;RAD21;ATRX;LEF1;MCM8;CTCF;TNKS;PARP1;TONSL;ATR;IFFO1;SIRT6;TERF2
TDRP,GO_Biological_Process_2023,prerank,Cholesterol Metabolic Process (GO:0008203),-0.3264902242162278,-0.8272909591259486,0.8091603053435115,1.0,1.0,19/67,23.65%,NPC1L1;AKR1D1;ANGPTL3;CYP46A1;HSD17B7;ACAA2;ABCG1;MVK;FDFT1;APOB;SULT2B1;TM7SF2;PIP4P1;OSBPL1A;GBA2;CYP51A1;INSIG2;MSMO1;GBA1
TDRP,GO_Biological_Process_2023,prerank,Protein Localization To Membrane (GO:0072657),-0.2931105614727654,-0.827231937325667,0.9035667107001321,1.0,1.0,65/188,23.48%,ITGAL;ITGB2;PLEKHF1;SHANK3;SEC16A;KCNB1;ANO1;RAB40B;PRPH2;SCN3B;FYB2;STXBP1;INPP5K;TSPAN14;CYP46A1;ZDHHC22;RAB6A;CACNB3;KCNIP4;ATP1B3;RAB8A;FLOT2;PKP3;P2RY1;WDR72;ANK1;PALS1;RAPGEF2;PTN;SPTBN4;MYO5A;LIN7B;DENND4C;RAB10;DPP6;TNIK;EHD3;ZDHHC7;AP3D1;PIGW;RAB32;EPHA2;NPC1;ACTN2;EHD2;EPB41L3;FGF13;KCNB2;CRB3;PACS2;TMEM147;ZDHHC2;PRAM1;ROCK2;GAS6;RAB29;TMEM150A;NUP155;SLMAP;TESC;ABHD17A;NLGN1;NUP54;CACNB2;SPTBN1
TDRP,GO_Biological_Process_2023,prerank,Striated Muscle Cell Differentiation (GO:0051146),-0.40619868042809576,-0.8272293449387201,0.7277310924369748,1.0,1.0,6/20,18.26%,ASB2;SIK1;POPDC2;BMP2;MTLN;PLD3
TDRP,GO_Biological_Process_2023,prerank,Cellular Component Assembly (GO:0022607),-0.28404016505293417,-0.8268754610765415,0.9412532637075718,1.0,1.0,71/257,22.01%,NEDD9;HFE;BSN;WNT3A;USH1C;CD40;RSPH4A;LPXN;WNT5A;GAS8;CFAP46;PARD6B;STK36;CD2AP;TIAM1;MITF;SCIN;CFAP206;IRGM;AIF1;WAS;CORO1B;SYCE3;SLC2A1;STAG3;RHOD;CD74;FZD1;TTLL3;DNAAF1;SYCE2;MAGI1;RSPH9;VAMP2;PAWR;ANKS4B;PPP2R1A;CFAP74;HAS1;AXIN1;ADD1;PARVB;YTHDF3;SHOC1;TUBGCP4;PARVG;CFAP91;TEX11;WASF1;TLCD2;STX7;NEFH;P3H4;PPARGC1A;DNAJB14;FAS;LLGL1;CYFIP2;PDE4DIP;REPS2;GEMIN5;TRIP13;PTPRD;GAS6;YTHDF2;MYO1B;MYO9A;BAIAP2L2;SHANK1;WASF3;GRHL2
TDRP,GO_Biological_Process_2023,prerank,Chemical Synaptic Transmission (GO:0007268),-0.28353731861710724,-0.8268156276009918,0.9404617253948967,1.0,1.0,68/273,19.98%,SLC12A7;BSN;CORT;PCDHB13;PCDHB9;APBA3;HTR1B;NPY5R;CDK5;GABRA1;PCDHB14;GABBR2;SNAP25;HTR2B;PCDHB4;GRIN3B;CHRM2;SLC1A1;CHRNB4;CHRNA6;GRIN2B;STXBP3;SLC17A8;CDH8;SPG11;GRIK3;STXBP1;NPFF;GRIN1;CHRNB1;GABRA4;HCRTR1;NAPA;CACNB3;OPRK1;CHRNA10;RAPSN;CHRM5;KIF1B;UNC13B;MINK1;TSPOAP1;STAC3;KCNMB1;GABRR1;GRM4;GRIK1;GRIN3A;NQO1;LIN7B;GRIA1;CACNB1;CACNA1A;SLC12A6;AKAP9;KCNIP2;PTEN;CHRNA3;KIF5A;SYPL1;RPS6KA3;CHRNA5;DOC2A;SNAPIN;KCNN1;CNP;KCNMB4;SNCG
TDRP,GO_Biological_Process_2023,prerank,Negative Regulation Of Blood Coagulation (GO:0030195),0.3488513990901315,0.8267505706633269,0.7753424657534247,1.0,1.0,8/30,17.00%,SERPINB2;NOS3;PDGFRA;GP1BA;SERPINE2;SERPINF2;PLAT;APOE
TDRP,GO_Biological_Process_2023,prerank,Growth Hormone Receptor Signaling Pathway (GO:0060396),-0.4285765810593087,-0.8266565427708179,0.7088,1.0,1.0,5/17,16.18%,STAT6;STAT5A;LYN;GHR;JAK2
TDRP,GO_Biological_Process_2023,prerank,Extracellular Matrix Organization (GO:0030198),-0.29425224213319356,-0.8265746546805487,0.9,1.0,1.0,55/174,21.25%,CTSS;COL7A1;SPINT1;EXOC8;VIT;COL8A1;APP;COL9A2;COL4A5;NPNT;CREB3L1;FURIN;COL19A1;COL27A1;ECM2;NID2;HAS1;HPSE2;KLK7;KLK4;OPTC;COL15A1;ADAMTS15;SPOCK2;RECK;COL14A1;COL4A2;PLOD3;COL5A2;COL9A3;ADAMTS9;SERPINH1;FLRT2;MMP9;P3H4;MMP11;ADAMTSL4;ADAMTS14;ADAMTS19;COL4A3;ADAMTS12;MMP17;CYP1B1;COL18A1;LOXL3;MMP16;COL13A1;COL5A1;TGFBR1;ST7;GAS6;PXDN;ADAMTS8;SLC39A8;GFOD2
TDRP,GO_Biological_Process_2023,prerank,Response To Fibroblast Growth Factor (GO:0071774),-0.4032620778980425,-0.826548310172394,0.7221269296740995,1.0,1.0,6/20,17.67%,CD44;ELK1;TDGF1;ZFP36;IER2;NR4A1
TDRP,GO_Biological_Process_2023,prerank,Receptor-Mediated Endocytosis (GO:0006898),-0.3057408168531198,-0.8263173197922947,0.8588709677419355,1.0,1.0,41/122,23.69%,LILRB4;ITGB2;SFTPD;AP2B1;MRC1;INSR;LRP2;DNM2;ENTREP1;DAB2;AP2A1;AP1S1;MSR1;LRP1;HIP1R;CXCR2;ADRB2;SNX1;CANX;ASGR1;MICALL1;DLL1;VLDLR;WASF1;CUBN;STON2;AP2S1;DNAJC13;DNM1;TFR2;ARHGAP27;ARRB2;IGF2R;LDLRAD3;CLTC;RALB;FNBP1L;PI4KB;CTSL;GRK3;RNASEK
TDRP,GO_Biological_Process_2023,prerank,Regulation Of Transcription Regulatory Region DNA Binding (GO:2000677),0.3541695716308157,0.8262679701154623,0.8108882521489972,1.0,1.0,4/27,5.10%,MSX2;MAD2L2;PARK7;TRIM6
TDRP,GO_Biological_Process_2023,prerank,Golgi Organization (GO:0007030),-0.3049730347992615,-0.8262541232811192,0.8852005532503457,1.0,1.0,42/129,24.06%,CUL7;CSNK1A1;GOLGA8T;GOLGA2;GOLGB1;GOLGA6C;SEC16A;NSFL1C;GOLGA6A;FAM174B;GOLGA8N;STX5;GOLPH3L;GOLGA6B;TMED1;PLK3;GOLGA8A;ZNF501;LRRK2;RAB8A;ARHGEF7;RAB30;TMED6;LMAN1;RAB2A;FHDC1;ATP8B1;GOLPH3;GORASP1;USP6NL;RAB1B;VPS13B;YIPF5;RAB29;FBXW8;CLASP1;TRAPPC8;TRAPPC11;UBXN2B;OBSL1;COG1;RAB43
TDRP,GO_Biological_Process_2023,prerank,Regulation Of JNK Cascade (GO:0046328),-0.3073687870778684,-0.826161888628736,0.8615819209039548,1.0,1.0,31/110,21.14%,DUSP19;SIRPA;ANKRD6;TAOK3;MARVELD3;APP;EDA2R;MAP4K4;MTURN;NAIP;ANKS1B;XIAP;AXIN1;TRAF5;NOD2;MINK1;CCN2;DUSP10;TRAF4;IGF1R;DUSP3;TNIK;TRAF6;ULK4;TIRAP;MAP3K11;GADD45A;F2RL1;PJA2;PRKN;PYCARD
TDRP,GO_Biological_Process_2023,prerank,Sensory Perception Of Taste (GO:0050909),-0.42068602288586504,-0.8258726910215086,0.7078651685393258,1.0,1.0,4/17,10.05%,ASIC3;TAS1R1;SCNN1B;SCNN1G
TDRP,GO_Biological_Process_2023,prerank,Ventricular Septum Morphogenesis (GO:0060412),-0.3845125686030671,-0.825869086739077,0.7313664596273292,1.0,1.0,5/27,10.83%,BMPR2;TGFBR2;HEY2;PROX1;NOTCH1
TDRP,GO_Biological_Process_2023,prerank,Plasma Membrane Bounded Cell Projection Organization (GO:0120036),-0.3020825855820274,-0.8256680820623367,0.8945945945945946,1.0,1.0,54/131,26.53%,MNS1;AGER;STMN4;MICALL2;VAPA;CDK5;APP;PPP1R9A;POU4F1;CCDC32;CORO1B;CATIP;MAPT;LYN;NRTN;FLRT3;IQCG;STX3;PKD2;RAB6A;ULK1;RAPGEF2;GPRIN1;MICALL1;PHPT1;RYK;LAMB1;ARMC2;FRYL;SNAPIN;DOCK7;TTC17;VPS13B;ARFIP2;PTPRM;BLOC1S4;CDK5R1;CYFIP1;CAMSAP1;NLGN1;CDK16;BTG2;GBA1;PQBP1;NCDN;BICDL1;ATP1B2;BLOC1S5;BLOC1S2;NEDD4;SH3GL2;GPRIN3;TBC1D23;ROCK1
TDRP,GO_Biological_Process_2023,prerank,Negative Regulation Of Cell Communication (GO:0010648),-0.3978216355417105,-0.8256606026606723,0.7474747474747475,1.0,1.0,9/22,21.15%,OPRM1;IGFBP3;IL11;LIF;KIF26A;NLRP12;VHL;INPP5D;UBASH3B
TDRP,GO_Biological_Process_2023,prerank,Generation Of Neurons (GO:0048699),-0.29382101615538453,-0.8251217280305876,0.8832020997375328,1.0,1.0,48/171,22.73%,NOTO;WNT3;OTP;WNT3A;WNT5A;CDK5;CCK;WNT2B;ATP2B2;POMGNT2;MDGA1;MAPT;FGF8;FZD1;NTRK2;WNT9B;THOC2;KIAA0319;IER2;SIX1;TAFA1;FZD3;PALS1;RELN;RAPGEF2;LHX1;RYK;RNF112;FGFR1;USP9X;SEPTIN4;WNT9A;ADGRL3;FGF13;PLXNB2;DDIT4;CDKL5;PCSK9;CELSR1;PTPRD;BRSK2;RUNX2;CFLAR;CDK5R1;LRP4;WNT4;EML1;IRX3
TDRP,GO_Biological_Process_2023,prerank,DNA Replication Checkpoint Signaling (GO:0000076),-0.41542018210864096,-0.8248588159526099,0.7145187601957586,1.0,1.0,6/17,24.60%,HUS1;TICRR;DNA2;CLSPN;CDC45;CDC6
TDRP,GO_Biological_Process_2023,prerank,Positive Regulation Of Phosphoprotein Phosphatase Activity (GO:0032516),-0.4191801420661537,-0.8244764716800553,0.707641196013289,1.0,1.0,4/18,11.44%,CD33;PPP1R14D;PTPA;PDGFRB
TDRP,GO_Biological_Process_2023,prerank,Icosanoid Biosynthetic Process (GO:0046456),-0.4110503949744895,-0.8243191257161917,0.7624113475177305,1.0,1.0,5/18,21.14%,CYP2C8;CYP4A22;NAIP;MGST2;PYCARD
TDRP,GO_Biological_Process_2023,prerank,Androgen Receptor Signaling Pathway (GO:0030521),0.3953850784307857,0.8243186441059451,0.7186761229314421,1.0,1.0,5/17,22.34%,NKX3-1;DDX17;MAPK1;PMEPA1;DAXX
TDRP,GO_Biological_Process_2023,prerank,Erythrocyte Differentiation (GO:0030218),-0.34905896007645576,-0.8239374656825447,0.7760252365930599,1.0,1.0,15/49,19.03%,AHSP;CEBPG;HCLS1;KMT2E;ID2;LYN;IKZF1;ALAS2;SH2B3;CDK5RAP3;JAK2;DYRK3;PTPN2;CDIN1;UFL1
TDRP,GO_Biological_Process_2023,prerank,Embryonic Skeletal System Morphogenesis (GO:0048704),-0.3773477776666804,-0.8239011219728095,0.7619808306709265,1.0,1.0,6/29,20.38%,TGFBR2;DYNC2I1;SIX1;MEGF8;FUZ;TGFBR1
TDRP,GO_Biological_Process_2023,prerank,Negative Regulation Of Transferase Activity (GO:0051348),0.3369366363067646,0.8238587170265474,0.7804232804232805,1.0,1.0,12/36,14.80%,SMAD7;PARK7;PRDX3;TERF1;DTX3L;TINF2;FBXO5;BUB3;PIF1;POT1;BANF1;LIMK1
TDRP,GO_Biological_Process_2023,prerank,Positive Regulation Of Osteoblast Differentiation (GO:0045669),-0.3478196515594945,-0.8238349898497936,0.7808219178082192,1.0,1.0,15/44,25.45%,BMPR2;NPNT;HGF;IGF1;ACVR2B;TP63;IL6ST;ZHX3;ACVR2A;RUNX2;WNT4;DNAI3;BMP4;CTNNBIP1;BMP6
TDRP,GO_Biological_Process_2023,prerank,Phosphatidylinositol-Mediated Signaling (GO:0048015),-0.3330811701776336,-0.8234441355504177,0.8024502297090352,1.0,1.0,26/62,27.35%,HTR2B;GATA3;IGF1;PIK3R5;PDGFRB;RPS6KB1;PIK3C2G;IGF1R;PIK3CA;PIRT;TYRO3;FGFR1;PTEN;PLCB3;PLCD1;PLCB4;GPR143;PI4KB;INPP5A;PLCG2;PLCB2;STAT3;PLCE1;GAB2;KCNH1;ZFP36L1
TDRP,GO_Biological_Process_2023,prerank,RNA Polyadenylation (GO:0043631),-0.3888904654911156,-0.8232929108880246,0.7308917197452229,1.0,1.0,15/25,27.92%,APP;CDC73;PAPOLB;PAPOLA;WDR33;PAPOLG;ZCCHC7;TENT4B;MTPAP;CPSF3;TENT2;CPSF2;CPSF1;TUT1;CSTF3
TDRP,GO_Biological_Process_2023,prerank,Regulation Of Neurotransmitter Receptor Activity (GO:0099601),-0.3498176679167175,-0.8227948165400379,0.7694656488549618,1.0,1.0,13/42,23.21%,BEGAIN;OPRM1;APP;MINK1;RELN;CACNG2;NPTXR;CNIH4;DAPK1;CACNG8;SHANK1;GSG1L;NLGN1
TDRP,GO_Biological_Process_2023,prerank,JNK Cascade (GO:0007254),-0.3772614387479673,-0.8224950456211263,0.7702060221870047,1.0,1.0,10/29,17.86%,MAP4K1;SH2D3C;CRKL;LRRK2;PTGER4;MINK1;MAP2K7;SH2D3A;MAP4K3;MAP3K11
TDRP,GO_Biological_Process_2023,prerank,Sterol Metabolic Process (GO:0016125),0.30709129997816403,0.8223959502163806,0.853448275862069,1.0,1.0,20/60,21.95%,APOA1;APOL2;CYP39A1;CYP19A1;SQLE;OSBPL5;CLN6;CEL;SH2D2A;STARD3;PPARD;CLN8;NSDHL;APOE;PMVK;TSKU;ABCA5;CYP7B1;ARV1;FDX1
TDRP,GO_Biological_Process_2023,prerank,Positive Regulation Of Growth (GO:0045927),0.29745559001560573,0.8223947677684359,0.9015873015873016,1.0,1.0,23/81,17.88%,HYAL1;SDCBP;RICTOR;PABIR1;RPTOR;MLST8;DDX49;TEAD1;GH2;DDX3X;LEP;AKT1;HDGFL2;MMP14;SFRP2;FXN;CDC42;CEP43;H3-3A;YAP1;DERL2;HPN;EXOSC9
TDRP,GO_Biological_Process_2023,prerank,Negative Regulation Of Neuron Differentiation (GO:0045665),0.36683899709804385,0.8222366518575982,0.7422680412371134,1.0,1.0,6/23,17.44%,DISP3;NEPRO;MED1;CNTN4;HEY1;CALR
TDRP,GO_Biological_Process_2023,prerank,Positive Regulation Of Cell Death (GO:0010942),-0.33904009632089865,-0.82198055994118,0.8009404388714734,1.0,1.0,9/50,11.13%,ITGB2;WNT5A;ATG9B;HBA1;HBZ;GRIN2B;MAPT;NTRK1;LRRK2
TDRP,GO_Biological_Process_2023,prerank,Cardiac Muscle Cell Action Potential Involved In Contraction (GO:0086002),-0.3829332014071831,-0.8219796894727529,0.7391304347826086,1.0,1.0,11/29,20.22%,KCNE5;SCN4B;GJA1;SCN3B;KCNE4;KCNE2;CACNA1D;SNTA1;GJC1;ATP1A1;CACNA2D1
TDRP,GO_Biological_Process_2023,prerank,Muscle Organ Development (GO:0007517),0.3095540372913687,0.8219705794389811,0.8676470588235294,1.0,1.0,11/57,9.75%,TCF21;DES;CAPN3;KY;UTRN;ZBTB42;MKX;FHL1;BVES;ITGA11;SOX6
TDRP,GO_Biological_Process_2023,prerank,Positive Regulation Of Cholesterol Efflux (GO:0010875),-0.3985023849157161,-0.8218121224301553,0.7070063694267515,1.0,1.0,4/22,12.91%,RXRA;LRP1;ZDHHC8;ABCA7
TDRP,GO_Biological_Process_2023,prerank,Glycoprotein Catabolic Process (GO:0006516),-0.42399333516562093,-0.8216811600132288,0.7004991680532446,1.0,1.0,5/16,18.86%,OGA;NEU4;NCCRP1;EDEM1;FBXO2
TDRP,GO_Biological_Process_2023,prerank,Organonitrogen Compound Biosynthetic Process (GO:1901566),0.2758233794021012,0.8212835263681512,0.9893992932862191,1.0,1.0,35/122,17.69%,GSTA1;SGMS2;HACD4;CERS3;SPTLC1;HACD3;CHKA;APOA1;SPNS2;PCSK1;SPTSSB;SPTLC3;ORMDL2;TNIP1;SLC44A5;ELOVL7;SLC27A1;BCAT1;ELOVL1;ABHD3;PAM;SGPP2;PLA2G4A;CHPT1;INHBA;CSAD;SAMD8;AKR1A1;ALAS1;SLC25A15;CSNK1G2;HACD2;APOE;CERS6;SLC44A1
TDRP,GO_Biological_Process_2023,prerank,mRNA Destabilization (GO:0061157),-0.3554892575111705,-0.8211400848653484,0.7902208201892744,1.0,1.0,21/43,27.35%,PLEKHN1;ZC3H12D;GIGYF2;ZC3H12A;ZFP36;YTHDF3;RBM24;RC3H2;FXR1;CELF1;KHSRP;DIS3L2;ROCK2;YTHDF2;UPF1;TUT7;CPEB3;CNOT1;ROCK1;RC3H1;ZFP36L1
TDRP,GO_Biological_Process_2023,prerank,Calcium Ion Transmembrane Transport (GO:0070588),-0.31863457084306873,-0.8209231656152148,0.827247191011236,1.0,1.0,31/80,21.37%,CACNG1;ATP2C1;TRPC3;GRIN2B;PKD1;ATP2B1;GRIN1;PKD2;ATP2C2;CACNB3;TRPV3;CACNA2D4;ITGAV;TRPA1;P2RX7;CACNB1;TRPM2;CACNA1D;CACNA1A;MCOLN3;SLC8B1;P2RX4;SLC24A5;MCOLN2;TRPM6;SLC24A3;CACNA2D1;TRPM3;RYR3;GAS6;MICU1
TDRP,GO_Biological_Process_2023,prerank,Protein Deubiquitination (GO:0016579),0.2853667303136249,0.8208859559346675,0.8825503355704698,1.0,1.0,37/96,22.00%,TNFAIP3;UCHL5;STAMBP;USP50;MINDY2;USP1;USP45;SENP8;USP6;DESI1;CYLD;UCHL1;USP13;USP46;STAMBPL1;USP3;SPATA2;BABAM1;USP42;OTUD4;USP32;USP8;USP2;ENY2;USP11;USP4;ABRAXAS2;OTUD7B;ATXN3;USP15;ZRANB1;USP18;USP14;VCPIP1;USP27X;UCHL3;USP36
TDRP,GO_Biological_Process_2023,prerank,Positive Regulation Of Plasma Membrane Bounded Cell Projection Assembly (GO:0120034),-0.31352103679509324,-0.8208447943103049,0.8412017167381974,1.0,1.0,42/87,29.84%,CDC42EP1;PLEKHM1;CARMIL2;SAXO1;RIPOR2;ACTR3;PLPPR5;CDC42EP3;TENM1;PPP1R35;RAC2;ARHGAP35;P2RX7;PIK3CA;ACTR2;F2RL1;KCTD17;FUZ;CDC42EP4;FNBP1L;CYFIP1;NLGN1;ANLN;MYO3A;WASHC1;NCKAP1;CCP110;MIEN1;PLCE1;EPS8L2;HTT;ARAP1;DPYSL3;MARK4;BBS4;CCDC88A;CEP120;FSCN1;RAC1;GSK3B;FAM98A;P2RY12
TDRP,GO_Biological_Process_2023,prerank,tRNA Metabolic Process (GO:0006399),0.38304888341128135,0.8206458653651332,0.739010989010989,1.0,1.0,7/19,16.25%,SSB;POP1;RPP21;DARS2;DTD1;ADAT1;KARS1
TDRP,GO_Biological_Process_2023,prerank,'De Novo' Post-Translational Protein Folding (GO:0051084),0.34615111627982365,0.82048756065326,0.7794871794871795,1.0,1.0,14/30,21.46%,HSPE1;HSPA2;DNAJB4;HSPA9;SDF2;GAK;UGGT1;HSPA13;DNAJC18;CCT2;HSPA1A;HSPA8;HSPA14;SELENOF
TDRP,GO_Biological_Process_2023,prerank,Maintenance Of Gastrointestinal Epithelium (GO:0030277),0.3888951941629067,0.8201437009280362,0.7150259067357513,1.0,1.0,4/18,18.43%,VSIG1;STRAP;INAVA;TFF3
TDRP,GO_Biological_Process_2023,prerank,Ribosomal Small Subunit Assembly (GO:0000028),-0.4156668566029651,-0.8201082288093543,0.7382113821138211,1.0,1.0,5/16,24.08%,XRCC5;PWP2;RRP7BP;ERAL1;RPSA
TDRP,GO_Biological_Process_2023,prerank,Neuron Migration (GO:0001764),-0.3375024409643029,-0.8198465886706052,0.8088888888888889,1.0,1.0,17/55,21.72%,CDK5;CCK;POMGNT2;MDGA1;NTRK2;KIAA0319;RELN;RAPGEF2;FGFR1;USP9X;SEMA3E;SEPTIN4;FGF13;DDIT4;CDKL5;CELSR1;CDK5R1
TDRP,GO_Biological_Process_2023,prerank,Negative Regulation Of BMP Signaling Pathway (GO:0030514),-0.34756059910588033,-0.8193564987213058,0.7840735068912711,1.0,1.0,11/43,16.44%,SOSTDC1;FBN1;CHRDL1;SMAD6;CHRD;LRP2;NOTCH1;VWC2L;TNFAIP6;CRIM1;SPART
TDRP,GO_Biological_Process_2023,prerank,Bone Development (GO:0060348),0.32572355431949224,0.8189492125613903,0.8174807197943444,1.0,1.0,10/44,14.93%,MYOC;TGM2;SBDS;RANBP3L;SULF1;OGN;GNAS;VKORC1;PPIB;MBTPS2
TDRP,GO_Biological_Process_2023,prerank,Phospholipid Translocation (GO:0045332),-0.3752357265600174,-0.8189303999637235,0.7636932707355243,1.0,1.0,13/31,21.38%,ABCB4;ABCB1;TMEM30A;PLSCR4;ABCA7;P2RX7;PLSCR1;ATP10D;PLSCR2;ATP8B1;PLSCR3;ATP9B;ATP9A
TDRP,GO_Biological_Process_2023,prerank,Glial Cell Development (GO:0021782),-0.39360673998130113,-0.8188297235191615,0.7549668874172185,1.0,1.0,6/23,19.34%,MYRF;TPPP;APP;SOX10;DLL1;EIF2B1
TDRP,GO_Biological_Process_2023,prerank,acyl-CoA Metabolic Process (GO:0006637),0.34927901007124046,0.8188246578175224,0.7860824742268041,1.0,1.0,7/30,14.45%,ACSM1;BAAT;ACOT2;ACSF2;MLYCD;SUCLG2;ACSL6
TDRP,GO_Biological_Process_2023,prerank,Regulation Of Fibroblast Growth Factor Receptor Signaling Pathway (GO:0040036),0.38535927058306446,0.8187739623792272,0.7531172069825436,1.0,1.0,7/19,17.94%,LRIT3;SULF1;NPTN;DSTYK;SPRY4;OTX2;FGFBP3
TDRP,GO_Biological_Process_2023,prerank,Negative Regulation Of Apoptotic Process (GO:0043066),-0.26929178051818026,-0.8187715497050194,0.9918793503480279,1.0,1.0,176/467,28.04%,SFN;NOL3;PAX2;PROC;SMAD6;FZD9;NR1H4;ANGPTL4;CITED1;LIG4;RNF144B;WNT5A;PAX7;SMAD5;TBX3;ALOX12;HTR2B;KLF4;FMN2;CD44;SPHK1;FCMR;POU4F1;FANK1;CNTF;HCLS1;MAP4K4;PTMS;HGF;FGF20;STIL;TDGF1;VSTM2L;LRP2;BABAM2;CD74;TENT5B;NTRK1;WFS1;IGF1;NAIP;DAB2;NTRK2;CARD14;MAEA;ZC3H12A;SOX8;PLK3;FSTL1;GLO1;IFIT3;XIAP;NOTCH1;APOH;IL7;BCL2L1;CX3CL1;RPS6KB1;PRKCA;UBE2Z;SNAI2;DNAJC3;IFI6;MERTK;PLK2;AMH;SIX1;ATF5;CDKN2D;FZD3;CPEB4;IGF1R;PIK3CA;CD38;ZNF268;IL6ST;TYRO3;MGMT;DLL1;SOD2;FKBP8;IGBP1;CITED2;GRINA;NOTCH2;IER3;VHL;PIDD1;GRN;SEMA3E;MMP9;NUP62;HNRNPK;GOLPH3;GPX1;PPARGC1A;FAS;AREL1;RPS6KA3;CIAPIN1;PRKCG;KIF14;CRLF1;PRKAA2;LSM8;PCID2;SOCS3;MTOR;GAS6;NIBAN2;PRKN;KDM2B;QARS1;ARHGDIA;CFLAR;CAT;SERPINB9;HSPA1B;SFRP1;MYDGF;KDR;ERBB4;CSNK2A1;BCL2L2;THOC6;WDR73;SOD1;LEF1;SET;PTMA;PSEN1;BDNF;XBP1;PTRH2;SRC;BMP4;SH3RF1;SCX;HAX1;RASA1;TLE1;SUPV3L1;PRDX2;CBL;TAX1BP1;BAG1;GCLC;GSTP1;MALT1;MIEN1;PRR5;SNCA;CIB1;TNFAIP8;PRKCD;NUAK2;BAG4;THBS1;TMBIM1;HSPA5;RETREG1;HMGA2;TEK;FHL2;MAPKAP1;PA2G4;ANXA5;FOXB1;CCND2;ZNF16;MAD2L1;BNIP2;FNIP1;PAK2;HSP90B1;TMEM14A
TDRP,GO_Biological_Process_2023,prerank,Adherens Junction Organization (GO:0034332),0.33615666499928853,0.8186739821565812,0.8282548476454293,1.0,1.0,9/35,16.42%,CDH26;CDH18;SMAD7;TBCD;CDHR3;MTSS1;CDH10;CTNNB1;INAVA
TDRP,GO_Biological_Process_2023,prerank,Monoatomic Anion Transmembrane Transport (GO:0098656),-0.3386013906353015,-0.8185656520301923,0.8081570996978852,1.0,1.0,15/54,21.20%,APOL1;SLC12A7;GABRA1;SLC12A3;SLC26A9;SLC1A1;GABRA4;ANO3;ANO9;SLC12A6;ANO10;SLC12A2;SLC4A8;CLCN3;LRRC8A
TDRP,GO_Biological_Process_2023,prerank,Positive Regulation Of Cell Cycle G1/S Phase Transition (GO:1902808),0.3302460751029111,0.8185202293005324,0.8181818181818182,1.0,1.0,11/40,13.31%,MBLAC1;HYAL1;ANXA1;RPTOR;CENPJ;RRM1;STXBP4;DDX3X;AKT1;LSM11;UBE2E2
TDRP,GO_Biological_Process_2023,prerank,Negative Regulation Of Smoothened Signaling Pathway (GO:0045879),0.36263917608998897,0.8183059158402417,0.7425742574257426,1.0,1.0,7/25,13.10%,KCTD6;SUFU;MOSMO;PTCH2;GLIS2;GLI2;HERC4
TDRP,GO_Biological_Process_2023,prerank,Positive Regulation Of Biosynthetic Process (GO:0009891),-0.3390906805553532,-0.8182703677935177,0.7919876733436055,1.0,1.0,14/44,25.18%,HSD17B13;RGCC;CREB3L1;F2;GRIN1;MLXIPL;LARP6;CREBL2;RAB27A;MTOR;WNT4;BMP4;SCX;PLCG2
TDRP,GO_Biological_Process_2023,prerank,Response To Estrogen (GO:0043627),0.3351662591956243,0.8177853521872872,0.8162162162162162,1.0,1.0,15/34,18.94%,CYP27B1;SLC34A2;SFR1;NCOA4;KRT19;TRIM24;BRCA1;CITED4;ESR2;PELP1;WBP2;BCAS3;TRIM25;GSTM3;GHRL
TDRP,GO_Biological_Process_2023,prerank,Regulation Of Hydrolase Activity (GO:0051336),-0.3204768151745484,-0.8173929562547421,0.8417910447761194,1.0,1.0,29/71,23.45%,TBC1D15;ALS2CL;EPHA5;PROM2;GPR137B;TDG;NTRK2;CAMK2A;ALS2;SERPINA5;NOS1;CDK5RAP3;PLXNA2;EPHA4;TBC1D10B;ARHGAP9;EFNA5;FGD5;FGD4;PLXNB2;RABGAP1;ARHGAP27;FGD1;WRN;ARHGAP12;PLXNB1;PPP1R17;SOD1;NGEF
TDRP,GO_Biological_Process_2023,prerank,Regulation Of Synapse Assembly (GO:0051963),0.30821453699816737,0.8170568699030394,0.8614958448753463,1.0,1.0,19/51,20.69%,GPRASP3;LHFPL4;TLR2;IL1RAPL1;DLG5;NLGN3;RAP2A;SLITRK1;SLITRK4;MYCBP2;CLSTN3;NLGN2;CHRNB2;LRRC4B;SLITRK3;GHRL;SLIT1;GPC4;SLITRK5
TDRP,GO_Biological_Process_2023,prerank,Regulation Of Developmental Growth (GO:0048638),-0.3747075285282107,-0.8169953171533283,0.7595356550580431,1.0,1.0,11/29,24.21%,APP;STAT5A;INSR;DNM2;SIX1;GHR;DLL1;LATS2;SOD1;LATS1;MBD5
TDRP,GO_Biological_Process_2023,prerank,Cardiac Conduction (GO:0061337),0.3216199399184283,0.8169481893208786,0.8405797101449275,1.0,1.0,10/45,13.27%,KCNJ5;SCN2B;HCN2;CACNA1G;HCN3;BIN1;SCN1B;KCNQ1;KCND3;KCNJ3
TDRP,GO_Biological_Process_2023,prerank,Regulation Of Viral Genome Replication (GO:0045069),0.2992199024190963,0.8166530710194492,0.8913738019169329,1.0,1.0,20/67,17.51%,APOBEC3F;HACD3;BTBD17;IFIH1;TRIM6;TNIP1;BST2;IFI16;DDX3X;ISG15;PPID;ZNFX1;RNASEL;ADARB1;ISG20;BANF1;PPIA;EIF2AK2;FAM111A;PABPC1
TDRP,GO_Biological_Process_2023,prerank,Positive Regulation Of Transmembrane Transport (GO:0034764),0.4095993657168955,0.8166369948140398,0.7223650385604113,1.0,1.0,5/15,12.98%,ACSL5;ANO6;CLIP3;ARL6IP1;CA2
TDRP,GO_Biological_Process_2023,prerank,Dendritic Cell Chemotaxis (GO:0002407),0.4056584651684076,0.8163945800834819,0.7233502538071066,1.0,1.0,1/15,5.88%,HMGB1
TDRP,GO_Biological_Process_2023,prerank,Glycolytic Process (GO:0006096),0.3468166294625347,0.8162175426215836,0.7894736842105263,1.0,1.0,6/29,9.75%,PGAM2;ALDOC;PGK1;HK2;ENO4;PGAM1
TDRP,GO_Biological_Process_2023,prerank,Cell Junction Assembly (GO:0034329),-0.3051444906854149,-0.8159877974747056,0.8810888252148997,1.0,1.0,36/95,24.98%,PCDHB13;PCDHB9;SHANK3;CDK5;PCDHB14;PARD6B;POU4F1;TLN1;PCDHB4;CDH8;CLDN5;FLRT3;SPOCK2;KIRREL3;CDH22;PKP3;CDH12;FARP1;RYK;ARVCF;GJC1;CDH15;PTEN;ADGRL3;CDH9;ZDHHC2;RAB29;MYO9A;GRHL2;SDK2;NLGN1;CDH2;SHANK2;BDNF;CDH7;ITGA6
TDRP,GO_Biological_Process_2023,prerank,Protein Modification By Small Protein Conjugation (GO:0032446),-0.27349196972489376,-0.8155184653855535,0.9740740740740741,1.0,1.0,108/356,22.09%,RNF225;CUL7;ASB2;TRIM15;CUL9;DTX1;ASB5;ARRDC1;UBA1;TRIM72;MARVELD3;DTX4;FBXO25;UBE2E1;SUMO4;TRIM52;TRIM7;USP7;ENC1;COPS6;SLF2;FBXO10;UBE2L3;MIB1;KLHL24;RNF139;CUL4B;NSMCE3;UBE2N;AKTIP;DCUN1D1;HDAC4;ATG10;TRIM21;KCTD10;BTRC;CNOT4;TRIM13;STX1A;ZNF451;PIAS1;ARIH1;COPS7B;RNF34;SMC5;KEAP1;CDK5RAP3;ARRDC4;CDC34;ARRB1;RLIM;NSMCE4A;UBE2M;RPGR;UBE2C;OTULIN;KLHL21;COPS4;KLHL3;RNF44;RNF115;USP5;CUL2;DCUN1D2;OS9;KLHL18;MKRN1;SPSB4;VHL;WWP2;USP9X;TRIM47;PIAS4;TRIM69;FBXO24;RNF152;RNF220;FBXO2;AREL1;DCUN1D3;UFL1;ZBED1;ANAPC11;SHPRH;PJA2;RNF138;VPS18;KLHL13;HECW1;ARRB2;UBA3;RNF168;UHRF2;TRIML2;ZMIZ2;TRAIP;PRKN;TRIM41;RCHY1;MSL2;FBXW8;RFWD3;TRIM39;FBH1;EIPR1;CUL1;VCP;RANBP2
TDRP,GO_Biological_Process_2023,prerank,Neuron Development (GO:0048666),-0.2944093263336359,-0.8148842105933527,0.9122807017543859,1.0,1.0,62/149,26.53%,AGER;STMN4;EPHA5;MICALL2;VAPA;WNT5A;CDK5;APP;PPP1R9A;POU4F1;HS6ST1;SLC44A4;MAPT;NTRK2;LYN;NRTN;TENM1;FLRT3;STX3;THOC2;RAB6A;PBX3;ULK1;PALS1;RAPGEF2;GPRIN1;PBX4;MICALL1;RYK;CLN5;LAMB1;FRYL;WNK1;ALK;SNAPIN;DOCK7;VPS13B;GBA2;TDP2;PTPRM;BLOC1S4;CDK5R1;CAMSAP1;SRF;NLGN1;CDK16;BTG2;UGDH;GBA1;DMD;XBP1;PQBP1;NCDN;BICDL1;UGCG;BLOC1S5;BLOC1S2;NEDD4;SH3GL2;GPRIN3;TBC1D23;ROCK1
TDRP,GO_Biological_Process_2023,prerank,Regulation Of Cell Differentiation (GO:0045595),-0.2843364168907872,-0.8147115119555803,0.9501278772378516,1.0,1.0,63/193,23.35%,SMYD5;KLK6;CAMK1;TIAM1;CHD3;KLF4;ARID2;SCIN;GATA3;RBBP7;TENT5C;SIK1;HEY2;SMARCE1;FGF8;ID2;FES;NREP;PPP2R1A;CEBPB;PLEKHB1;SMARCA2;SNAI2;SPOCK2;FLOT2;CCN2;SIX1;RELN;CDK5RAP3;SINHCAF;ZNF268;FGFR1;DLL1;NOTCH4;LIF;ALOX5;MTA2;SMARCC2;CHD4;VHL;ALK;GNB3;RPS6KA3;PHF10;CDK5RAP1;DPF1;TGFBR1;ST7;ZFHX3;ATF4;CD24;PHLDB1;CLASP1;RUNX2;BCL7C;CDK5R1;CEBPD;SMARCD2;PDCD2;NSUN2;SRF;NLGN1;LEF1
TDRP,GO_Biological_Process_2023,prerank,Amide Transport (GO:0042886),-0.3676732874879346,-0.8146470559826399,0.7669753086419753,1.0,1.0,5/32,8.52%,SLC14A2;VAPA;SLC1A1;GJA1;SLC17A8
TDRP,GO_Biological_Process_2023,prerank,Megakaryocyte Differentiation (GO:0030219),0.39186591343861227,0.8145995014232568,0.7448453608247423,1.0,1.0,6/17,14.51%,MPIG6B;GP1BA;UBA5;MED1;ZFPM1;ZNF385A
TDRP,GO_Biological_Process_2023,prerank,Tight Junction Assembly (GO:0120192),-0.33998243997897476,-0.814456072869374,0.7934621099554234,1.0,1.0,9/51,11.13%,POF1B;MICALL2;CLDN18;MARVELD3;CLDN4;CLDN7;PATJ;CLDN5;CHAF1B
TDRP,GO_Biological_Process_2023,prerank,Response To Organonitrogen Compound (GO:0010243),0.3121729714254099,0.8142618473671676,0.8696883852691218,1.0,1.0,11/47,12.04%,DRD4;ADORA1;CCDC47;TRPV1;DERL1;HLCS;RNF5;RHBDD1;SEL1L2;GLRA2;MEAK7
TDRP,GO_Biological_Process_2023,prerank,Cellular Response To Amino Acid Stimulus (GO:0071230),0.33227581936774164,0.8140497723210749,0.8315789473684211,1.0,1.0,15/35,19.36%,RRAGB;RPTOR;CPEB1;STAMBPL1;GLRA2;LAMTOR5;LAMTOR1;NEURL1;UBR1;FYN;IPO5;RRAGC;NSMF;SH3BP4;SLC38A9
TDRP,GO_Biological_Process_2023,prerank,Response To Lipid (GO:0033993),-0.3047844241083376,-0.8136852596420847,0.8832214765100671,1.0,1.0,27/109,19.62%,SMAD6;LY96;IL23R;CITED1;GCH1;MAPKAPK3;ESR1;NOS2;RXRA;ADAM17;WNT9B;CPS1;ABCG1;NOS1;LIAS;PELI1;CDKN2D;PALM3;JAK2;TIRAP;ACER2;HNRNPA0;SRR;POLR2D;RPS6KA3;TNFRSF11A;NOCT
TDRP,GO_Biological_Process_2023,prerank,Import Into Cell (GO:0098657),-0.3510680269825852,-0.8135508287224906,0.7749603803486529,1.0,1.0,17/38,29.08%,SNAP25;SLC16A2;LRP2;SLC22A4;SLC47A1;SLC39A14;SLC7A1;SLC7A5;LRRC8A;SLC11A2;SLC7A8;NEURL1B;SLC19A1;SLC1A3;LRSAM1;SLC5A3;SLC22A2
TDRP,GO_Biological_Process_2023,prerank,Negative Regulation Of Neurogenesis (GO:0050768),-0.37390610512075373,-0.8135289845747191,0.7757296466973886,1.0,1.0,10/27,24.31%,WNT3A;NOTCH1;RAPGEF2;PTN;PTEN;GORASP1;EFNB3;RUFY3;LRP4;MCF2
TDRP,GO_Biological_Process_2023,prerank,Positive Regulation Of Activated T Cell Proliferation (GO:0042104),0.37544736209728297,0.8131104765659433,0.7623762376237624,1.0,1.0,3/19,9.01%,IGF2;HMGB1;IL23A
TDRP,GO_Biological_Process_2023,prerank,Negative Regulation Of Supramolecular Fiber Organization (GO:1902904),0.296904835394673,0.8130942161206673,0.9247648902821317,1.0,1.0,27/71,21.00%,STMN2;PFDN2;TAOK1;PFDN4;MID1IP1;CLIP3;APC2;PFDN6;TBCD;HDGFL3;VBP1;EMILIN1;PFDN5;PFN1;PFN2;CAMSAP2;CYRIB;APOE;ARFGEF1;KANK3;PFDN1;TWF1;EML2;HSPA8;SLIT2;SMAD4;CAV3
TDRP,GO_Biological_Process_2023,prerank,fatty-acyl-CoA Metabolic Process (GO:0035337),-0.40641684632197556,-0.8128862261819831,0.7434640522875817,1.0,1.0,6/18,21.60%,THEM5;SLC27A2;GCDH;FAR2;DGAT1;NUDT19
TDRP,GO_Biological_Process_2023,prerank,Regulation Of Vesicle-Mediated Transport (GO:0060627),-0.3141736576714171,-0.8126086006990476,0.8604651162790697,1.0,1.0,31/88,22.19%,CD177;SPHK1;USP7;CPLX2;CHMP3;VAMP2;FES;RNF139;LRRK2;HIP1R;RUFY2;RINT1;NSF;RAB8A;TSC2;PACSIN3;PACSIN2;SNX12;ZFYVE16;SEPTIN4;STON2;AP2S1;RAB26;DNAJC13;RIMS2;SCFD1;RAB4A;YIPF5;ATP9A;RAB5B;ARFGAP3
TDRP,GO_Biological_Process_2023,prerank,Regulation Of Tubulin Deacetylation (GO:0090043),-0.41593470480084366,-0.8123180170694273,0.7475083056478405,1.0,1.0,3/17,8.70%,KAT2A;TPPP;MAPT
TDRP,GO_Biological_Process_2023,prerank,Cardiac Ventricle Development (GO:0003231),-0.4005575551078787,-0.8121177851804592,0.7369255150554676,1.0,1.0,4/19,10.83%,GATA3;STRA6;HEY2;NOTCH1
TDRP,GO_Biological_Process_2023,prerank,Regulation Of Aerobic Respiration (GO:1903715),-0.42738634292443006,-0.8120690031104012,0.729064039408867,1.0,1.0,6/16,26.87%,MACROH2A1;AK4;VCP;COX7A2L;NOP53;SLC25A33
TDRP,GO_Biological_Process_2023,prerank,Regulation Of Clathrin-Dependent Endocytosis (GO:2000369),0.41000820084494094,0.8119515365178321,0.7388059701492538,1.0,1.0,7/15,16.49%,SNAP91;USH1G;PIK3CB;DGKD;UNC45A;UNC119;TNK2
TDRP,GO_Biological_Process_2023,prerank,Response To Alcohol (GO:0097305),0.34349378760707455,0.8119434900216523,0.7734375,1.0,1.0,1/29,0.15%,TH
TDRP,GO_Biological_Process_2023,prerank,Positive Regulation Of G Protein-Coupled Receptor Signaling Pathway (GO:0045745),-0.4125537433425585,-0.8118721234404965,0.7702265372168284,1.0,1.0,8/18,23.90%,KLK6;F2;SLC39A14;PRKCA;KLK14;C3;GSK3A;PDE6G
TDRP,GO_Biological_Process_2023,prerank,Regulation Of Proteasomal Ubiquitin-Dependent Protein Catabolic Process (GO:0032434),-0.30384874843599174,-0.8118021739731355,0.8899858956276445,1.0,1.0,38/109,22.18%,CSNK1A1;HFE;TRIB3;RNF144B;PANO1;USP7;RNF19B;DAB2;WAC;LRRK2;AXIN1;PIAS1;ARIH1;CEBPA;KEAP1;AXIN2;GLMN;CAMLG;USP5;FBXO22;UBXN1;USP9X;PRICKLE1;MAP1A;TRIB2;UFL1;CDK2;GIPC1;TAF1;BAG2;PRKN;XPO1;GSK3A;RCHY1;TRIM39;VCP;HSPA1B;RAD23A
TDRP,GO_Biological_Process_2023,prerank,Calcium Ion Homeostasis (GO:0055074),0.281686341252313,0.8113079910143732,0.9387755102040817,1.0,1.0,21/102,15.45%,TRPV5;CYP27B1;DRD4;ATP2A1;CASR;PKHD1;TRPV6;SELENON;SLC30A1;TMEM165;TRDN;ATP13A4;SLC24A1;TPT1;NPTN;STIM2;ATP13A3;ATP2B4;SLC8A3;TRPV4;ZNHIT1
TDRP,GO_Biological_Process_2023,prerank,Negative Regulation Of JNK Cascade (GO:0046329),-0.36063026597766634,-0.811255918745897,0.7937806873977087,1.0,1.0,7/34,16.04%,DUSP19;SIRPA;TAOK3;MARVELD3;ANKS1B;DUSP10;DUSP3
TDRP,GO_Biological_Process_2023,prerank,Nucleotide Biosynthetic Process (GO:0009165),-0.4072132560004641,-0.8112389579155643,0.7231543624161074,1.0,1.0,7/19,20.20%,RRM2;PNP;NMNAT1;ME1;SLC4A7;MTHFD1;GART
TDRP,GO_Biological_Process_2023,prerank,Pharyngeal System Development (GO:0060037),-0.4164239238145263,-0.8111274785078939,0.7302100161550888,1.0,1.0,2/16,7.04%,BMPR2;GATA3
TDRP,GO_Biological_Process_2023,prerank,Regulation Of Insulin Secretion (GO:0050796),-0.3077134939450691,-0.8109706590484123,0.8888888888888888,1.0,1.0,28/87,24.36%,EPHA5;NR1H4;SNAP25;KCNB1;NOS2;FAM3D;STX1A;ENSA;PPP3CB;PSMD9;GIPR;ABCA12;ALOX5;GLUD1;SLC8B1;MIDN;POLR2D;EFNA5;TCF7L2;BRSK2;PRKN;LRRC8A;EIPR1;IRS2;SFRP1;CDK16;SLC30A8;PER2
TDRP,GO_Biological_Process_2023,prerank,Mitotic DNA Damage Checkpoint Signaling (GO:0044773),-0.3314126778835652,-0.8109244633133268,0.8198473282442749,1.0,1.0,19/56,23.05%,TAOK3;BABAM2;WAC;HUS1;FZR1;TICRR;RINT1;CDKN1A;CDK5RAP3;DEPDC1B;CLSPN;CHEK2;NEK11;CDK2;FANCD2;RFWD3;TRIM39;CCND1;ATM
TDRP,GO_Biological_Process_2023,prerank,Mitotic G1 DNA Damage Checkpoint Signaling (GO:0031571),-0.3729711267687221,-0.8107931956922998,0.7671009771986971,1.0,1.0,12/26,22.74%,PLK3;WAC;CDKN1A;PLK2;MUC1;PIDD1;CHEK2;CDK2;CRADD;RFWD3;CCND1;CDKN1B
TDRP,GO_Biological_Process_2023,prerank,Muscle Contraction (GO:0006936),-0.3076020719177866,-0.8106511198312556,0.8772919605077574,1.0,1.0,29/94,20.68%,SSPN;TMOD1;SGCA;LMOD3;TNNT2;BDKRB2;LTB4R;TPM2;SCN7A;EMD;NMUR1;CACNA1H;CHRNB1;EDNRA;NOS1;MYOT;TMOD3;SNTA1;GJC1;OXTR;APBB2;MYOF;KCNIP2;GNAO1;HRC;ARHGEF11;TMOD2;RYR3;ROCK2
TDRP,GO_Biological_Process_2023,prerank,Histone H3 Acetylation (GO:0043966),0.33064415075648623,0.810564696719002,0.8413978494623656,1.0,1.0,19/36,24.46%,TAF12;SF3B5;SF3B3;SUPT3H;WDR5;TAF2;TADA2A;KAT2B;SUPT20H;ENY2;SGF29;DR1;TAF5L;TADA3;TAF9;TAF5;LDB1;TMEM98;ZZZ3
TDRP,GO_Biological_Process_2023,prerank,Regulation Of Tumor Necrosis Factor-Mediated Signaling Pathway (GO:0010803),-0.3358585862957158,-0.8103043704193572,0.8398791540785498,1.0,1.0,19/48,22.16%,PELI3;SPHK1;CASP8;PYDC1;NAIP;SPPL2B;HIPK1;XIAP;ULK1;OTULIN;PTPN2;F2RL1;CCDC3;SHARPIN;GAS6;TRAIP;PRKN;PYCARD;HSPA1B
TDRP,GO_Biological_Process_2023,prerank,L-amino Acid Transport (GO:0015807),-0.3788097538448788,-0.8102054969522139,0.7564516129032258,1.0,1.0,11/26,24.90%,SLC1A1;SLC17A8;SLC47A1;SLC36A2;SLC7A1;SLC3A2;SLC38A2;SLC7A5;SLC6A9;SLC7A8;SLC1A4
TDRP,GO_Biological_Process_2023,prerank,Protein Targeting To Membrane (GO:0006612),0.29056028330333505,0.8101631694675644,0.9190031152647975,1.0,1.0,26/71,22.38%,NACA2;SDCBP;GET4;ZDHHC15;PRKCI;ZDHHC12;SRP14;SRP19;RABGEF1;ZDHHC4;ZDHHC6;UBL4A;ARL6IP1;SSR2;GET3;ZDHHC3;ZDHHC1;NACA;PEX3;PEX16;PEX5;YIF1B;SRPRA;VPS37A;ZDHHC23;ICMT
TDRP,GO_Biological_Process_2023,prerank,Regulation Of BMP Signaling Pathway (GO:0030510),-0.3175996621707108,-0.8098870419718489,0.8605341246290801,1.0,1.0,20/75,19.47%,SOSTDC1;CHRDL1;SMAD6;BMPR2;KCP;CHRD;LRP2;FSTL1;XIAP;NOTCH1;VWC2L;TNFAIP6;CRIM1;FST;SFRP4;NUMA1;SPART;FSTL4;ITGA3;RBPJ
TDRP,GO_Biological_Process_2023,prerank,Water Transport (GO:0006833),0.3828435208914545,0.8097412823140905,0.7554945054945055,1.0,1.0,3/17,9.08%,UPK3A;AVP;CFTR
TDRP,GO_Biological_Process_2023,prerank,Regulation Of Mitochondrial Fission (GO:0090140),-0.377196564334314,-0.8097079209797472,0.7714285714285715,1.0,1.0,10/26,24.82%,INF2;MAPT;LRRK2;MYO19;MIEF1;FIS1;PGAM5;PRKN;KDR;RALBP1
TDRP,GO_Biological_Process_2023,prerank,Regulation Of Extrinsic Apoptotic Signaling Pathway (GO:2001236),-0.32723333693199524,-0.809645840581439,0.8262839879154078,1.0,1.0,26/60,26.73%,PELI3;NOL3;G0S2;LGALS3;IGF1;LTB;SP100;ITGAV;FGFR1;TNFSF12;TCF7L2;TGFBR1;WWOX;PYCARD;CFLAR;TMC8;MEN1;SRC;BMP4;SH3RF1;LTBR;ITGA6;BCL2L12;GSTP1;THBS1;HTT
TDRP,GO_Biological_Process_2023,prerank,Negative Regulation Of Transport (GO:0051051),-0.3504917647402298,-0.8095256369584489,0.8040752351097179,1.0,1.0,12/39,21.13%,PPM1F;LGALS3;MTMR2;ITGAV;PACSIN3;SFRP4;SNX12;WWP2;PTEN;PXK;CTTNBP2NL;PRKN
TDRP,GO_Biological_Process_2023,prerank,Positive Regulation Of Epidermal Cell Differentiation (GO:0045606),-0.4059019493789031,-0.8092941660522145,0.7432432432432432,1.0,1.0,8/18,22.75%,SFN;ETV4;SFRP4;NUMA1;MACROH2A1;SULT2B1;NCOA3;KDF1
TDRP,GO_Biological_Process_2023,prerank,Positive Regulation Of DNA Binding (GO:0043388),0.3332211613081953,0.8090651805642003,0.8291316526610645,1.0,1.0,9/33,16.63%,PARK7;TRIM6;PLAUR;SIRT2;HMGB1;H1-0;TXN;NGF;NME1
TDRP,GO_Biological_Process_2023,prerank,Negative Regulation Of Neuron Apoptotic Process (GO:0043524),-0.3133334782553164,-0.8084923538045812,0.8792341678939617,1.0,1.0,25/74,21.29%,FZD9;CITED1;LIG4;POU4F1;CNTF;FGF20;VSTM2L;NTRK1;WFS1;NAIP;NTRK2;CX3CL1;SIX1;CPEB4;IL6ST;TYRO3;SOD2;GRN;SEMA3E;PPARGC1A;PRKCG;KIF14;CRLF1;PRKN;KDM2B
TDRP,GO_Biological_Process_2023,prerank,Regulation Of Phosphatase Activity (GO:0010921),-0.4007793290138501,-0.8082145815951284,0.7565359477124183,1.0,1.0,9/19,28.03%,PTPA;CHP1;CDK5RAP3;PPP6R2;PPP1R17;PPP6R1;ROCK1;HTT;HSP90B1
TDRP,GO_Biological_Process_2023,prerank,Regulation Of Stem Cell Differentiation (GO:2000736),-0.3481068909535171,-0.8082093276672518,0.8048048048048048,1.0,1.0,10/45,18.12%,SMYD5;TACSTD2;CHD3;RBBP7;NOTCH1;RBM24;PTN;MTA2;CHD4;JAG1
TDRP,GO_Biological_Process_2023,prerank,Sphingolipid Metabolic Process (GO:0006665),0.28019033823237305,0.8080550868611274,0.9634831460674157,1.0,1.0,13/93,7.97%,CERKL;SGMS2;HACD4;CERS3;SPTLC1;HACD3;SPNS2;SPTSSB;SMPD2;SPTLC3;ALOX12B;ORMDL2;ELOVL7
TDRP,GO_Biological_Process_2023,prerank,Visual System Development (GO:0150063),0.32267285371973115,0.8076592729754555,0.8398950131233596,1.0,1.0,7/38,11.16%,FOXE3;ITGAM;SMOC1;GDF3;BMPR1B;CPAMD8;ADAMTS18
TDRP,GO_Biological_Process_2023,prerank,Type I Interferon-Mediated Signaling Pathway (GO:0060337),-0.3686341864282128,-0.8076477964533322,0.7711038961038961,1.0,1.0,6/29,18.93%,IFNK;JAK1;HDAC4;SP100;TBKBP1;MAVS
TDRP,GO_Biological_Process_2023,prerank,Monocarboxylic Acid Catabolic Process (GO:0072329),-0.40300240426378564,-0.8073538746803964,0.7734899328859061,1.0,1.0,9/20,25.48%,LPIN2;AGXT2;PLA2G15;FAAH;ACOT8;NUDT19;LPIN3;LDHD;LPIN1
TDRP,GO_Biological_Process_2023,prerank,Positive Regulation Of Cellular Biosynthetic Process (GO:0031328),-0.2859400033765401,-0.8071435806106889,0.9463350785340314,1.0,1.0,44/174,22.64%,TYRP1;LARP1;NR1H4;SLC45A3;DDAH1;HTR2B;RGCC;KLF4;AGXT2;ZEB2;INSR;HGF;ELAVL1;TENT5B;IGF1;PCIF1;PKD2;PDGFRB;RPS6KB1;YTHDF3;LARP4;STARD4;MLXIPL;LARP6;APPL1;FXR1;FGF2;EEF2;P2RX4;SAMD4A;PPARGC1A;PTPN2;POLDIP3;NIBAN1;TCF7L2;PLXNB2;DYRK2;GIPC1;MTOR;PRKD2;GUCY2C;IRS2;ZCCHC4;PYM1
TDRP,GO_Biological_Process_2023,prerank,B Cell Differentiation (GO:0030183),-0.32333477513037295,-0.8070247471086963,0.8472622478386167,1.0,1.0,13/60,19.88%,IFNK;NFAM1;RAG1;CEBPG;NHEJ1;LYL1;HHEX;HDAC4;IRF2BP2;IL11;HDAC5;PTPN2;TOP2B
TDRP,GO_Biological_Process_2023,prerank,Negative Regulation Of mRNA Catabolic Process (GO:1902373),-0.34824400484645035,-0.8070161269430443,0.8305343511450382,1.0,1.0,13/40,20.38%,LARP1;IREB2;ELAVL1;TENT5C;THRAP3;TENT5B;RBM24;PKP3;AXIN2;NRDE2;NOCT;IGF2BP1;MEIOC
TDRP,GO_Biological_Process_2023,prerank,snRNA 3'-End Processing (GO:0034472),0.37046983020821567,0.8069633083827371,0.7630208333333334,1.0,1.0,9/21,22.12%,EXOSC8;TOE1;INTS8;INTS5;EXOSC5;EXOSC9;INTS2;INTS1;INTS9
TDRP,GO_Biological_Process_2023,prerank,"Positive Regulation Of Synaptic Transmission, Glutamatergic (GO:0051968)",0.3579658959663898,0.8069111771778038,0.7969151670951157,1.0,1.0,10/22,17.85%,GRIN2C;PTK2B;CACNG7;NLGN3;CACNG5;GRIN2D;NLGN2;GRIN2A;CCL2;CACNG4
TDRP,GO_Biological_Process_2023,prerank,Positive Regulation Of Signaling (GO:0023056),-0.3521636554038596,-0.8063397708473714,0.7813953488372093,1.0,1.0,11/37,21.66%,PTPN23;ECE1;GATA3;NMB;NSF;NMU;RIMS2;CLSTN1;HOMER1;RAB29;RIMS3
TDRP,GO_Biological_Process_2023,prerank,Regulation Of Glycolytic Process (GO:0006110),-0.3492778570542998,-0.806310409383717,0.8086816720257235,1.0,1.0,12/40,20.72%,APP;GIT1;INSR;IGF1;HDAC4;MLXIPL;P2RX7;GAPDHS;SLC4A4;PRKAA2;PRKAG2;MTOR
TDRP,GO_Biological_Process_2023,prerank,Unsaturated Fatty Acid Metabolic Process (GO:0033559),0.31003770298086036,0.8060927537275634,0.8633720930232558,1.0,1.0,10/49,9.68%,GSTA1;ALOX15;PNPLA8;PLA2G10;GSTM2;ALOX12B;FAAH2;CYP2J2;GPX4;ELOVL1
TDRP,GO_Biological_Process_2023,prerank,Steroid Metabolic Process (GO:0008202),-0.30782244148534593,-0.8059811300772765,0.8615160349854227,1.0,1.0,22/92,21.46%,DHRS9;CYP2C8;HSD17B1;CYP3A5;LRP2;HSD17B14;CYP2E1;CYP46A1;UGT1A8;AKR1C3;FDFT1;FDXR;HSD11B1;SULT2B1;DHRS4;NPC1;HSD17B6;PIAS4;CYP1B1;GBA2;CYP51A1;GUCY2C
TDRP,GO_Biological_Process_2023,prerank,Positive Regulation Of Glycolytic Process (GO:0045821),-0.39654145509591043,-0.8056085920576268,0.7417763157894737,1.0,1.0,9/18,23.64%,INSR;IGF1;MLXIPL;P2RX7;GAPDHS;SLC4A4;PRKAA2;MTOR;PSEN1
TDRP,GO_Biological_Process_2023,prerank,Regulation Of Trans-Synaptic Signaling (GO:0099177),-0.35391918363254,-0.8054799014054628,0.8142644873699851,1.0,1.0,15/36,23.21%,NOL3;GRIN3B;GRIK3;LRP8;RELN;GRIK1;GRIN3A;GRIA1;CACNA1A;PXK;EIF4EBP2;CDKL5;SLC4A8;CACNA1B;NLGN1
TDRP,GO_Biological_Process_2023,prerank,Phospholipid Catabolic Process (GO:0009395),-0.3692547423415094,-0.8048480314722942,0.7990115321252059,1.0,1.0,8/28,14.30%,LIPG;PLA2G4D;PLA2G4B;SMPD1;ANGPTL3;SMPD4;GDPD3;GDPD1
TDRP,GO_Biological_Process_2023,prerank,Cellular Response To Amino Acid Starvation (GO:0034198),-0.3421934033082033,-0.8048396740397143,0.8072669826224329,1.0,1.0,20/42,23.17%,ITFG2;NPRL2;TFEB;CDKN1A;BMT2;RRAGA;KPTN;EIF2AK3;RNF152;FAS;LARS1;RRAGD;SESN1;SESN3;MTOR;ATF4;SESN2;GCN1;KICS2;NPRL3
TDRP,GO_Biological_Process_2023,prerank,Negative Regulation Of Protein Depolymerization (GO:1901880),0.3606243107763496,0.80478790108222,0.7696335078534031,1.0,1.0,5/23,9.64%,STMN2;TAOK1;MID1IP1;APC2;HDGFL3
TDRP,GO_Biological_Process_2023,prerank,Arachidonic Acid Metabolic Process (GO:0019369),-0.33390408965529594,-0.8047052368262498,0.8212121212121212,1.0,1.0,18/52,23.91%,CYP2C8;CYP4A22;ALOX12;PLA2G4B;PTGS1;CYP2E1;AKR1C3;PTGES3;MGLL;FAAH;GPX1;DAGLB;DAGLA;CYP1B1;PTGIS;CYP2U1;PLA2G4C;PTGES2
TDRP,GO_Biological_Process_2023,prerank,Supramolecular Fiber Organization (GO:0097435),-0.2718590091408284,-0.8045629684175326,0.9838509316770186,1.0,1.0,83/315,21.53%,KIF2B;POF1B;STMN4;TMOD1;LMOD3;INA;KRT15;KRT86;SERPINB8;TPPP;CD2AP;APP;SHROOM4;XIRP2;PPP1R9A;TPPP3;MYO1G;SERF1A;HCLS1;MYO1A;MYO6;CORO1B;TPM2;FURIN;MAPT;PLK3;KLHL24;COL27A1;HIP1R;OPTC;FLII;CHP1;TLE6;MYO19;BAX;TUBGCP5;DYNC1H1;KRT7;HNRNPA1;PGM5;TUBGCP4;COL14A1;RAC2;MFAP4;MYO15A;TNFAIP6;TMOD3;PLOD3;COL5A2;MYO5A;CEP126;CKAP5;KRT10;CCDC13;MYO7A;EFEMP2;TUBGCP3;SERPINH1;CLIP2;VHL;FSD1;USP9X;P3H4;FGF13;KIF2A;ADAMTS14;CORO1A;CYP1B1;KIF14;TMOD2;EVL;KATNAL2;COL18A1;LOXL3;COL5A1;TGFBR1;MYO5C;PXDN;KIF18B;PRKN;RUFY3;ARHGAP12;MYO1B
TDRP,GO_Biological_Process_2023,prerank,Positive Regulation Of Viral Genome Replication (GO:0045070),-0.3679607267763534,-0.8041638267810491,0.7847896440129449,1.0,1.0,8/29,22.18%,LARP1;SRPK2;TOP2A;PPIE;IFIT1;PKN2;TOP2B;RAD23A
TDRP,GO_Biological_Process_2023,prerank,Positive Regulation Of Phosphate Metabolic Process (GO:0045937),-0.3661329032453863,-0.8038479119655434,0.7809983896940419,1.0,1.0,12/30,26.68%,APP;AMH;PTGES3;GLMN;BTBD10;KCTD20;PSEN1;SRC;ITGA6;SNCA;ROCK1;THBS1
TDRP,GO_Biological_Process_2023,prerank,Regulation Of Viral Life Cycle (GO:1903900),0.3661949626699982,0.803770265037754,0.7632978723404256,1.0,1.0,7/23,17.89%,TRIM6;TRIM68;TRIM34;TRIM62;PPIA;TRIM38;TRIM25
TDRP,GO_Biological_Process_2023,prerank,Negative Regulation Of Leukocyte Cell-Cell Adhesion (GO:1903038),-0.3999190401710566,-0.8031249372652001,0.78125,1.0,1.0,3/19,16.81%,TIGIT;DUSP3;WNK1
TDRP,GO_Biological_Process_2023,prerank,Negative Regulation Of Intracellular Signal Transduction (GO:1902532),-0.2771659626740093,-0.8029343078168708,0.9744245524296675,1.0,1.0,75/229,24.58%,LILRB4;SLA2;NOL3;TRIM15;HLA-G;NR1H4;TSSK3;NPRL2;CD2AP;DDIT3;CASP8;IRGM;ESR1;FAM89B;IFI35;NLRP2;BANK1;INPP5K;LYN;ZC3H12A;LRP1;PPP2R1A;SPRED1;CARD19;BCL2L1;DUSP4;SH2B3;TSC2;PPM1B;DRD3;RNF34;DUSP26;NLRC3;CDC34;P2RX7;IGF1R;ENDOG;DUSP3;UBR2;NLRP12;AJUBA;EPHA2;MMP9;DUSP5;PTEN;NLRX1;ITPR1;LIMD1;DUSP2;DDIT4;USP10;PRKAA2;ARRB2;UACA;SLC39A8;PYCARD;GSK3A;VGLL4;ARHGAP12;TRIM39;NOC2L;MAPK14;MAPKAPK5;BCL2L2;NPRL3;RHOH;MYO1C;PPM1N;SHANK2;PIK3IP1;SRC;NOP53;DUSP6;HERPUD1;SORD
TDRP,GO_Biological_Process_2023,prerank,Neuron Projection Organization (GO:0106027),0.39377058171263224,0.8026672973679013,0.7659574468085106,1.0,1.0,3/16,8.35%,ABCD2;PRNP;ATP1A3
TDRP,GO_Biological_Process_2023,prerank,Positive Regulation Of mRNA Processing (GO:0050685),0.3546588582174869,0.8026158035139613,0.7628865979381443,1.0,1.0,11/24,23.60%,CELF4;PRDX6;DHX36;CLNS1A;RBM3;SF3B4;PEX2;NCBP1;SNW1;LEO1;PRMT5
TDRP,GO_Biological_Process_2023,prerank,Negative Regulation Of Signal Transduction (GO:0009968),-0.27509952535810356,-0.8020149482719438,0.9851851851851852,1.0,1.0,87/266,25.39%,APCDD1;PTGIR;SOSTDC1;ARRDC1;CITED1;SMAD5;KCTD21;RAB7B;SOX30;GATA3;IGFBP3;TNS2;CREB3L1;SMPD1;KANK2;ENTREP1;GRB14;SULF2;GPC1;INPP5K;LYN;LRP1;GPI;HHEX;NRARP;CX3CL1;RPS6KB1;BTRC;CXXC4;DLK1;BMP2;GDF15;SNAI2;TULP3;TSC2;CD47;ARRB1;PHACTR4;APPL1;PALM3;KLK14;TYRO3;SFRP4;GLI3;KIF26A;FGF2;NLRP12;PTPRT;GRINA;CHAC1;MEGF8;VHL;WWP2;PRKCB;FRZB;PID1;ADAMTS12;PTPN2;SIGIRR;KANK1;CRY1;WWOX;INPP5D;YTHDF2;NIBAN2;UBASH3B;GSK3A;NKD1;QARS1;VGLL4;VCP;CCNC;SFRP1;CSNK2A1;GRB10;GBA1;BDNF;RITA1;SORD;IRAK3;RGS2;IGFBP5;TLE1;CTNNBIP1;FBXW7;LRRC14;ACVR1
TDRP,GO_Biological_Process_2023,prerank,Transforming Growth Factor Beta Receptor Signaling Pathway (GO:0007179),-0.3149889409956059,-0.8019901966318596,0.8838235294117647,1.0,1.0,18/72,21.03%,SMAD6;GCNT2;CITED1;LPXN;FMOD;SMAD5;TGFBR2;FURIN;GPI;CLDN5;GDF15;APPL1;ZYX;USP9X;USP9Y;ARRB2;TGFBR1;ZMIZ2
TDRP,GO_Biological_Process_2023,prerank,Stem Cell Development (GO:0048864),-0.4201404202261537,-0.8017229489725147,0.7303370786516854,1.0,1.0,3/15,12.56%,KLHL12;SOX8;SNAI2
TDRP,GO_Biological_Process_2023,prerank,Cell Surface Receptor Signaling Pathway Involved In Cell-Cell Signaling (GO:1905114),-0.37110912673092983,-0.8016341106777045,0.7744479495268138,1.0,1.0,6/27,14.58%,CSNK1A1;USP34;WNT5A;KLHL12;BMP2;P2RX7
TDRP,GO_Biological_Process_2023,prerank,Positive Regulation Of p38MAPK Cascade (GO:1900745),-0.3777925246531366,-0.8015685849083731,0.7693522906793049,1.0,1.0,10/24,26.07%,GDF6;SPHK1;ZC3H12A;BMP2;MINK1;GADD45A;PJA2;BMP4;SORD;RELL2
TDRP,GO_Biological_Process_2023,prerank,Regulation Of Sodium Ion Transport (GO:0002028),-0.35548427900603996,-0.8014192279658678,0.8135593220338984,1.0,1.0,13/35,22.57%,SCN4B;SCN3B;SIK1;NOS1;P2RX7;SPTBN4;SNTA1;WNK1;P2RX4;ATP1A1;CNKSR3;SLMAP;WNK4
TDRP,GO_Biological_Process_2023,prerank,Regulation Of Endoplasmic Reticulum Stress-Induced Intrinsic Apoptotic Signaling Pathway (GO:1902235),-0.37780439436930535,-0.8013907131977421,0.7934959349593496,1.0,1.0,12/24,27.77%,DDIT3;CREB3L1;NCK2;LRRK2;EIF2AK3;PRKN;BOK;XBP1;HERPUD1;SELENOS;TXNDC12;PTPN1
TDRP,GO_Biological_Process_2023,prerank,Purine Nucleoside Bisphosphate Metabolic Process (GO:0034032),0.35633963980490624,0.8012848657878584,0.7890625,1.0,1.0,6/24,14.45%,ACSM1;BAAT;ACOT2;ACSF2;MLYCD;ACSL6
TDRP,GO_Biological_Process_2023,prerank,Ribonucleoside Bisphosphate Metabolic Process (GO:0033875),0.35633963980490624,0.8012848657878584,0.7890625,1.0,1.0,6/24,14.45%,ACSM1;BAAT;ACOT2;ACSF2;MLYCD;ACSL6
TDRP,GO_Biological_Process_2023,prerank,Positive Regulation Of Cell Adhesion Mediated By Integrin (GO:0033630),-0.41127342464142,-0.80114430301056,0.7516339869281046,1.0,1.0,7/17,27.26%,CXCL13;LIF;RET;PODXL;CIB1;RAC3;TGFB2
TDRP,GO_Biological_Process_2023,prerank,Cortical Cytoskeleton Organization (GO:0030865),0.34282679196650834,0.8010758349513089,0.819672131147541,1.0,1.0,10/27,21.00%,DLG1;IKBKB;FHOD1;STRIP1;TRPV4;FMNL1;LLGL2;FHOD3;EZR;RAB13
TDRP,GO_Biological_Process_2023,prerank,Protein Acylation (GO:0043543),-0.34910213739602575,-0.8010444311512603,0.793984962406015,1.0,1.0,9/37,16.65%,KAT2A;ZDHHC13;SPHK1;ZDHHC14;ZDHHC8;ZDHHC22;ZDHHC20;ING4;ZDHHC7
TDRP,GO_Biological_Process_2023,prerank,Negative Regulation Of Protein Processing (GO:0010955),-0.40884522639434734,-0.8007517111553362,0.7569444444444444,1.0,1.0,6/15,17.09%,LRRK2;SERPINE1;NLRP7;PLAU;CHAC1;SNX12
TDRP,GO_Biological_Process_2023,prerank,DNA Damage Response (GO:0006974),0.23896222943663942,0.8006982026777182,1.0,1.0,1.0,122/384,21.71%,SLX1A;IRF7;CDK3;IKBKE;UBA7;PRAP1;MICA;OARD1;RPA4;MACROD1;MAD2L2;UBE2B;SLX4;PARK7;NKX3-1;MAPKAPK2;RPTOR;ADPRS;USP45;TAOK1;MAPK3;HLTF;MLST8;RBBP6;APBB1;PCLAF;IKBKG;BCLAF1;KIN;RNF8;BCL6;REXO4;DTX3L;NABP1;FMR1;NPAS2;RRM1;PARP4;STK11;EID3;SIRT4;FANCG;MCM9;ASF1A;POLH;BID;BRCA1;DDX11;USP3;STXBP4;TP73;UBE2T;CHD1L;ZRANB3;HDGFL2;SHLD1;TOPORS;HPF1;FBXO5;EXO1;FBXO45;VRK1;UBE2E2;TLK2;APC;SHLD2;MAPK15;FBXO31;BABAM1;RPA3;ZNF385A;RMI2;RAD17;SLF1;SMC6;MRNIP;VAV3;PRKDC;SPINDOC;RAD51;MRPL36;ATRIP;CUL4A;YAP1;FAM111A;RBBP8;FOXP1;MYC;FNIP2;XPA;TENT4A;AIM2;ERCC8;RPS3;BCL2L10;FBXO6;CDKN2AIP;HERC2;TANK;BCL3;CBX5;POLQ;MASTL;XPC;KMT5B;CBX1;UBR5;RRM2B;TOPBP1;RFC3;CIDEB;ALKBH3;IRF3;MOAP1;VCPIP1;CSNK1E;MNAT1;POLB;WDR76;CHCHD6;TRIM28;TAF9
TDRP,GO_Biological_Process_2023,prerank,RNA Stabilization (GO:0043489),-0.35179829203869734,-0.7998107760848244,0.8037676609105181,1.0,1.0,12/36,20.38%,LARP1;IREB2;ELAVL1;TENT5C;THRAP3;TENT5B;RBM24;ZCCHC17;NRDE2;NOCT;PARN;MEIOC
TDRP,GO_Biological_Process_2023,prerank,Response To Tumor Necrosis Factor (GO:0034612),0.2758580557883838,0.7996997069395504,0.9617834394904459,1.0,1.0,16/106,15.37%,CCL24;XCL2;HYAL1;NKX3-1;ERBIN;RIPK1;IKBKB;TCL1A;BRCA1;AKT1;RELA;HYAL2;HAS2;NR1D1;CD58;CACTIN
TDRP,GO_Biological_Process_2023,prerank,Sprouting Angiogenesis (GO:0002040),-0.32952723816295976,-0.7995478503427301,0.847457627118644,1.0,1.0,13/52,19.26%,ADGRA2;TDGF1;JMJD6;PGF;NRARP;RECK;E2F7;DLL1;FGF2;OTULIN;NR4A1;SEMA3E;CCBE1
TDRP,GO_Biological_Process_2023,prerank,Organic Substance Transport (GO:0071702),-0.28018108370461325,-0.7995397309715577,0.9512195121951219,1.0,1.0,60/197,24.63%,RD3;AQP5;ARRDC1;TCN1;SLC22A9;SLC6A3;ATP2C1;ARRDC2;TRPC3;ATP2B2;SLC22A7;PKD1;LRP2;CDH23;CHMP3;VAMP2;RCAN3;CBLIF;NMUR1;SLC22A4;SLC47A1;SLC22A16;CAMK2A;PKD2;PCTP;CHMP1B;CACNB3;AQP4;SNX4;ARRDC4;GRIN3A;SLC22A6;MFSD12;CACNA1D;ABCA12;SLC23A2;ABCB6;CUBN;ITPR1;CACNG6;CEP290;SLC3A2;CACNG8;CACNA2D1;RYR3;HIKESHI;GM2A;SNX18;AQP11;CHRNA7;TOM1;TRPC4;FLVCR1;CHMP2A;PSEN1;ABCA2;CD320;CHMP2B;RYR1;TRPC5
TDRP,GO_Biological_Process_2023,prerank,Positive Regulation Of Protein Metabolic Process (GO:0051247),0.2538950825750568,0.7994709176581745,0.9955156950672646,1.0,1.0,65/196,21.30%,PIWIL2;ASB9;TNFAIP3;CAPN3;SSB;IL17D;PLD1;PLA2G10;PERP;HDAC2;EIF4A3;MSN;VPS11;AGO2;RANBP9;RILP;TBC1D10A;FMR1;PLK1;APC2;RASGRP1;SORL1;IL23A;BAD;NSUN5;DDX3X;AKT1;OAZ1;EIF4G3;HNRNPD;CD86;EIF3C;APC;CLN6;AURKAIP1;RBM3;CSF1;FXR2;INHBA;PRKDC;FGFR4;CUL4A;SNF8;APOE;FAF1;USP8;PRR16;RDX;OGT;YTHDF1;IDE;MAP2K5;BCL3;FBXW11;RPS4X;RPL26;EZR;BCL10;UPF3A;EIF3E;RPS27L;DAB2IP;TRIM32;FADD;ATG7
TDRP,GO_Biological_Process_2023,prerank,Tumor Necrosis Factor-Mediated Signaling Pathway (GO:0033209),-0.3444113242184066,-0.7993062510594481,0.8101071975497703,1.0,1.0,13/38,21.14%,TRADD;PYDC1;CARD14;TRAF5;EIF5A;TRAF4;RRAGA;JAK2;TNFRSF1B;CHUK;TRAF6;TNFRSF11A;PYCARD
TDRP,GO_Biological_Process_2023,prerank,Small GTPase Mediated Signal Transduction (GO:0007264),-0.29525966078446886,-0.799220265843905,0.9135977337110481,1.0,1.0,37/111,22.39%,ARHGAP18;RHEBL1;RRAD;GRAP2;KRAS;TIAM1;RIT1;RGL2;CRKL;CDKN2A;RAPGEFL1;IGF1;RUNDC3A;ORC3;RALGPS1;MRAS;CDKN1A;ERAS;CHP1;PLK2;RAPGEF3;RAPGEF2;RAPGEF4;SOS1;FGF2;ARHGEF18;RASGRP2;ARHGAP8;CDK2;RASGEF1A;ARFIP2;RAPGEF5;RALGDS;ARHGAP32;RALB;MAPKAPK5;ARHGAP1
TDRP,GO_Biological_Process_2023,prerank,Skeletal Muscle Tissue Development (GO:0007519),0.3171661470780196,0.7992087720089832,0.8471849865951743,1.0,1.0,8/42,11.08%,TCF21;CAV2;MSC;SELENON;BVES;FOXL2;EGR2;MYOZ1
TDRP,GO_Biological_Process_2023,prerank,Negative Regulation Of Viral-Induced Cytoplasmic Pattern Recognition Receptor Signaling Pathway (GO:0039532),-0.4104646927503365,-0.7988566608853073,0.7680672268907563,1.0,1.0,3/16,6.33%,DHX58;IRGM;RAB7B
TDRP,GO_Biological_Process_2023,prerank,SMAD Protein Signal Transduction (GO:0060395),-0.3318340669724199,-0.798829700678852,0.8432835820895522,1.0,1.0,6/50,5.23%,GDF7;SMAD6;CITED1;GDF6;SMAD5;INHBC
TDRP,GO_Biological_Process_2023,prerank,Regulation Of Dopamine Secretion (GO:0014059),0.36038353626026814,0.7982483702994221,0.7798408488063661,1.0,1.0,8/22,19.48%,SYT9;SYT10;SYT7;SYT17;SYT13;SYT6;CHRNB2;DTNBP1
TDRP,GO_Biological_Process_2023,prerank,Positive Regulation Of DNA Metabolic Process (GO:0051054),0.27191318105345996,0.7979368586083542,0.9825174825174825,1.0,1.0,44/108,21.86%,UCHL5;SLX4;HMGB1;GNL3;TERF1;EYA1;RNF8;DHX36;NPAS2;TINF2;GINS3;GINS1;GINS2;BRCA1;GLI2;BAZ1A;PCNA;POT1;BABAM1;WRAP53;CTC1;ABRAXAS1;OTUD4;FGFR4;RAD51;UIMC1;HNRNPAB;FAF1;NBN;MECP2;GINS4;CDT1;MYC;ERCC6;RPS3;RUVBL1;BRPF3;KAT7;MARCHF6-DT;TERF2IP;TMEM161A;RUVBL2;TRIM28;INO80B
TDRP,GO_Biological_Process_2023,prerank,Response To Insulin (GO:0032868),-0.30747761070300755,-0.7978506846156724,0.8837209302325582,1.0,1.0,17/79,15.62%,SLC2A4;TRIB3;CITED1;LPIN2;PKLR;CPEB2;INSR;SLC2A1;ZBTB7B;INPP5K;VAMP2;SLC39A14;RPS6KB1;RAB8A;MYO5A;DENND4C;RAB10
TDRP,GO_Biological_Process_2023,prerank,Negative Regulation Of Hydrolase Activity (GO:0051346),-0.33471506662512424,-0.7978495331837437,0.8544600938967136,1.0,1.0,13/46,12.73%,GPSM1;KLRK1;CPEB2;SLC39A14;LRCH1;CAMK2A;LRRK2;GMIP;CTSB;RASA4;SERPINA5;CHP1;NOS1
TDRP,GO_Biological_Process_2023,prerank,Inositol Phosphate-Mediated Signaling (GO:0048016),-0.39773821736349857,-0.7973190203918992,0.7831715210355987,1.0,1.0,7/19,26.12%,NMUR1;PPP3CB;NFATC2;PPP3CC;INPP5A;NFATC3;PLCE1
TDRP,GO_Biological_Process_2023,prerank,Positive Regulation Of T Cell Cytokine Production (GO:0002726),0.3681130994386802,0.7971899375527847,0.7957559681697612,1.0,1.0,6/21,13.73%,FZD5;HLA-A;IL18R1;IL1R1;TNFSF4;CD55
TDRP,GO_Biological_Process_2023,prerank,Selective Autophagy (GO:0061912),-0.3256521702906983,-0.79699132277455,0.8473282442748091,1.0,1.0,24/58,25.49%,IRGM;UBQLN1;ATG13;SQSTM1;WDFY3;ULK1;CALCOCO2;USP30;KLHL3;ATG4B;VHL;UFL1;AUP1;RETREG3;SNX18;PRKN;ARFIP2;MAP1LC3B;ATG2A;ATM;LGALS8;ATG2B;BECN1;RB1CC1
TDRP,GO_Biological_Process_2023,prerank,Positive Regulation Of Lymphocyte Activation (GO:0051251),-0.3343296459228842,-0.7969289689690586,0.8635658914728682,1.0,1.0,7/45,14.49%,SIRPA;TICAM1;HLA-DRB1;ZNF335;HLA-DMA;NOD2;CD47
TDRP,GO_Biological_Process_2023,prerank,Axon Guidance (GO:0007411),-0.28649636455917543,-0.7967652000266369,0.9652294853963839,1.0,1.0,48/149,23.93%,LRTM2;EPHA5;WNT5A;BOC;SEMA3G;CXCL12;SEMA6C;SEMA3B;EFNA1;ROBO4;SEMA4A;NOTCH3;NOTCH1;LRTM1;NFIB;ARHGAP35;RELN;LHX1;RYK;PLXNA2;EPHA4;ENAH;SEMA3D;LGR6;SOS1;SEMA7A;SEMA3C;NOTCH2;EFNA2;SEMA4B;SEMA3E;KIF5A;RET;EFNA5;PLXNB2;EFNB3;CYFIP2;NIBAN2;PTPRM;EFNA3;CDK5R1;PLXNB1;CYFIP1;FEZ1;TUBB3;CNTN2;BDNF;SEMA4F
TDRP,GO_Biological_Process_2023,prerank,Negative Regulation Of Phosphate Metabolic Process (GO:0045936),-0.3943877898782031,-0.7966786411578552,0.7516891891891891,1.0,1.0,5/20,13.83%,UXT;CDKN2A;INPP5K;CDKN1A;CDKN2D
TDRP,GO_Biological_Process_2023,prerank,Negative Regulation Of Mitotic Cell Cycle (GO:0045930),0.334461071322121,0.7965691904482999,0.8455056179775281,1.0,1.0,11/33,15.72%,BTG4;TRIM35;SCRIB;BTG3;BCL6;NABP1;TOM1L1;CHFR;ZWINT;AURKAIP1;CTNNB1
TDRP,GO_Biological_Process_2023,prerank,Embryonic Organ Morphogenesis (GO:0048562),-0.3424544427554254,-0.7962106848751819,0.8290468986384266,1.0,1.0,10/43,20.23%,FBN1;SIX2;ID2;PPP1R35;DYNC2I1;SIX1;MEGF8;POLR2D;ALDH1A3;FUZ
TDRP,GO_Biological_Process_2023,prerank,Cellular Response To Ketone (GO:1901655),-0.3362298994458438,-0.7956803381412818,0.812111801242236,1.0,1.0,16/44,24.98%,MAP4K1;LARP1;ADCY6;SCNN1B;SCNN1G;PTGER2;AKR1C3;PTGER4;GOLPH3;SCNN1A;ROCK2;GAS6;SFRP1;ADCY1;SRC;AHR
TDRP,GO_Biological_Process_2023,prerank,RNA-templated DNA Biosynthetic Process (GO:0006278),0.3772173542829415,0.7955337072075852,0.752,1.0,1.0,8/19,17.59%,TERF1;RFC1;PIF1;POT1;WRAP53;TNKS1BP1;DKC1;NOP10
TDRP,GO_Biological_Process_2023,prerank,Telomere Maintenance Via Telomerase (GO:0007004),0.3772173542829415,0.7955337072075852,0.752,1.0,1.0,8/19,17.59%,TERF1;RFC1;PIF1;POT1;WRAP53;TNKS1BP1;DKC1;NOP10
TDRP,GO_Biological_Process_2023,prerank,Mitochondrial Transport (GO:0006839),-0.3295011292833236,-0.7951960720736382,0.8445839874411303,1.0,1.0,21/53,24.40%,MGARP;TOMM34;KIFBP;SLC25A24;BCL2L1;SLC25A16;BCS1L;TIMM9;BAK1;FIS1;TIMM44;TOMM5;BCAP31;PRKN;TIMM10;AIP;FLVCR1;DNAJC19;COX18;TIMM8B;OXA1L
TDRP,GO_Biological_Process_2023,prerank,Cell Morphogenesis Involved In Differentiation (GO:0000904),-0.38297793819536025,-0.7951166846375641,0.7931034482758621,1.0,1.0,10/24,23.75%,POF1B;PROX1;RELN;RILPL2;EPHA2;YTHDF2;ATF4;GRHL2;DACT2;SIPA1L3
TDRP,GO_Biological_Process_2023,prerank,"Regulation Of mRNA Splicing, Via Spliceosome (GO:0048024)",-0.3029430123230825,-0.795078825395334,0.8908554572271387,1.0,1.0,42/90,27.21%,SRPK2;SMU1;RBM20;RBM47;THRAP3;JMJD6;TRA2A;RBM39;CELF6;RBM7;RBM11;RBM24;SAP18;HNRNPA1;TIA1;RBMX;FXR1;CELF1;KHDRBS2;CWC22;HNRNPA0;HNRNPK;CELF2;RBM23;HNRNPL;RBM15B;PUF60;SRSF10;NSRP1;RNPS1;RBM4;YTHDC1;NOVA1;FAM172A;SRPK1;SRSF6;NCL;TRA2B;KHDRBS3;CELF5;WDR77;LARP7
TDRP,GO_Biological_Process_2023,prerank,Telomere Maintenance (GO:0000723),0.28828239422872115,0.7950691528852185,0.9317507418397626,1.0,1.0,18/68,17.31%,SLX1A;UCHL5;MAD2L2;LTO1;TERF1;ZNF365;TINF2;NSMCE2;SHLD1;SHLD2;POT1;CTC1;RPA3;SMC6;RPA2;PRKDC;RAD51;NBN
TDRP,GO_Biological_Process_2023,prerank,Regulation Of Smooth Muscle Contraction (GO:0006940),-0.38770778527373806,-0.794884340029099,0.7600671140939598,1.0,1.0,9/20,26.12%,SPHK1;CHRM2;ATP2B1;NMU;CHRNA3;KCNB2;SRF;SETD3;PLCE1
TDRP,GO_Biological_Process_2023,prerank,Regulation Of Cellular Response To Transforming Growth Factor Beta Stimulus (GO:1903844),0.35258590706331927,0.794875503066018,0.8114754098360656,1.0,1.0,3/23,6.17%,SMAD7;LTBP4;EID2
TDRP,GO_Biological_Process_2023,prerank,RNA Processing (GO:0006396),0.2520150271794886,0.794842238726893,1.0,1.0,1.0,61/183,18.45%,DDX47;RBMS1;LSM3;DHX15;DHX16;PRPF3;RP9;SF3B3;PABPN1;TUT4;TARDBP;BICD1;LSM5;KIN;ATXN1;PRPF8;SNRPG;MAGOH;HNRNPA2B1;SNRPA1;EXOSC8;DDX17;NUDT21;SON;DUSP11;HNRNPD;MBNL1;ALKBH5;RNASEL;HNRNPF;RBM3;MAGOHB;GEMIN2;ADARB1;EXOSC1;SRSF5;RSRC1;SNRNP40;FASTKD5;SLU7;SNRNP48;SNRPN;AKAP8L;SRSF7;RBM8A;ZNF830;DIS3;SF3B4;SNRPD1;PPP2CA;EXOSC5;DKC1;RRAGC;SYNCRIP;EXOSC10;TFIP11;EXOSC9;LSM4;TENT4A;FUS;DNTTIP2
TDRP,GO_Biological_Process_2023,prerank,Transcription By RNA Polymerase II (GO:0006366),0.25284652507646194,0.7947654314677174,1.0,1.0,1.0,64/192,21.85%,FOXE3;GCM1;CYP27B1;DPEP1;SNAPC1;ELL3;TAF12;TCFL5;GTF2H5;NCOA1;PCF11;HLTF;TCEA1;ZC3H8;NFYA;ELOF1;ZNF345;SUPT5H;TSC22D1;IRF9;SUPT6H;TRIM24;GLIS3;NCOA2;CCNH;SUPT4H1;NCBP3;GTF2H2;TAF2;MED1;GTF2E2;E2F2;ELOC;ERCC2;S100A10;DRAP1;TRIP11;CDK9;NFKB1;SUPT16H;SOX5;POLR2K;ERCC6;RREB1;PIR;MED26;CDK7;ELOB;SUB1;TBPL1;RXRB;YBX2;POLR2H;SSU72;TAF5L;ELOA;PEX2;XRN2;MNAT1;CTDP1;NCBP1;TAF9;MED4;NFIC
TDRP,GO_Biological_Process_2023,prerank,Positive Regulation Of Protein Targeting To Membrane (GO:0090314),-0.38237718531975073,-0.79476324150463,0.8080645161290323,1.0,1.0,8/23,17.48%,TCAF2;ITGB2;CEMIP;KCNB1;TCAF1;CHP1;MIEF1;FIS1
TDRP,GO_Biological_Process_2023,prerank,Cellular Response To Starvation (GO:0009267),-0.2896262373195516,-0.7947110470193127,0.9336099585062241,1.0,1.0,49/125,25.56%,ITFG2;BMPR2;BHLHA15;TSSK3;NPRL2;GABARAPL2;TFEB;ZC3H12A;LRRK2;CDKN1A;HNRNPA1;CPEB4;BMT2;RRAGA;KPTN;ZFYVE1;EIF2AK3;SREBF2;PIK3R4;RNF152;JMY;FAS;LARS1;RRAGD;SESN1;SESN3;PRKAA2;PCSK9;WRN;SUV39H1;MTOR;ATF4;SESN2;GCN1;RALB;CLEC16A;RIPOR1;MAP1LC3B;SFRP1;KICS2;NPRL3;XBP1;SH3GLB1;MAP1LC3B2;BECN1;MYBBP1A;TTC5;STK26;MIOS
TDRP,GO_Biological_Process_2023,prerank,Calcium-Dependent Cell-Cell Adhesion Via Plasma Membrane Cell Adhesion Molecules (GO:0016339),0.3200393377062362,0.7945521388723297,0.875,1.0,1.0,4/38,2.02%,DSG1;PCDHGC3;CDH26;CDH18
TDRP,GO_Biological_Process_2023,prerank,Regulation Of Histone Acetylation (GO:0035065),-0.3869455595660877,-0.7942953613874382,0.775974025974026,1.0,1.0,11/22,24.65%,FOXP3;NOS1;THAP7;NFYC;PPARGC1A;NOC2L;DDX21;DEK;CTBP1;SET;MYBBP1A
TDRP,GO_Biological_Process_2023,prerank,Cellular Response To dsRNA (GO:0071359),0.39163363298966214,0.7942484416186972,0.7564102564102564,1.0,1.0,4/17,14.04%,IFIH1;FLOT1;MUL1;RIOK3
TDRP,GO_Biological_Process_2023,prerank,Regulation Of DNA Binding (GO:0051101),0.3035395854806712,0.7938909620070264,0.8913649025069638,1.0,1.0,13/48,17.77%,SUMO3;JUN;CSNK2B;PLAUR;SIRT2;HMGB1;HJURP;IFI16;TXN;NGF;SMO;NME1;CDT1
TDRP,GO_Biological_Process_2023,prerank,Positive Regulation Of Chromosome Segregation (GO:0051984),-0.39710249957722715,-0.7937398758984379,0.7754777070063694,1.0,1.0,11/18,28.65%,NCAPH;SMC5;NUMA1;NCAPG;NCAPH2;CDC6;NCAPD2;RAD18;RCC2;KAT5;SMC2
TDRP,GO_Biological_Process_2023,prerank,Negative Regulation Of Extrinsic Apoptotic Signaling Pathway (GO:2001237),0.2901508469331169,0.7935067004520279,0.9183673469387755,1.0,1.0,14/70,11.44%,BMP5;FAIM2;TNFAIP3;NOS3;PARK7;RIPK1;EYA1;AKR1B1;UNC5B;PHIP;BRCA1;DDX3X;AKT1;RELA
TDRP,GO_Biological_Process_2023,prerank,Acylglycerol Metabolic Process (GO:0006639),-0.34105584840875136,-0.7934233221038767,0.8037383177570093,1.0,1.0,11/41,26.77%,DGKQ;DGKI;APOH;MGLL;ABHD2;DGAT1;DGKA;DGKZ;PNPLA2;DGKK;DGKB
TDRP,GO_Biological_Process_2023,prerank,Insulin Receptor Signaling Pathway (GO:0008286),0.3012433213427991,0.7930527794722738,0.9069069069069069,1.0,1.0,7/47,10.33%,IGF2;CAV2;PIK3R1;FOXO4;BCAR1;PHIP;STXBP4
TDRP,GO_Biological_Process_2023,prerank,Regulation Of Cell-Cell Adhesion Mediated By Cadherin (GO:2000047),0.3848189385676881,0.7928067067142434,0.8113695090439277,1.0,1.0,4/17,6.72%,FOXA2;MAD2L2;PTPRU;FLOT1
TDRP,GO_Biological_Process_2023,prerank,Positive Regulation Of Programmed Cell Death (GO:0043068),-0.27480762358590577,-0.79272180491398,0.9809160305343512,1.0,1.0,72/244,23.30%,PNMA5;PLEKHN1;AIFM2;FZD9;CASP9;TRADD;SCIN;CASP8;IFIT2;FANK1;PANO1;TNFRSF10B;PTPA;NOS2;IGFBP3;SPDEF;PNMA3;SMPD1;KLF11;DNM2;TOP2A;IP6K2;NTRK1;SQSTM1;PAWR;DDX20;LRRK2;PIP5KL1;HIP1R;BMP2;UBE2Z;SAP18;ARHGEF7;BAX;UNC13B;TMEM164;STK17B;AIFM1;ZNF268;SFRP4;ING4;TNFRSF10C;IAPP;BAK1;SHQ1;MLLT11;PIDD1;MAP3K11;HTRA2;SEPTIN4;FRZB;ADAMTSL4;DAPK1;JMY;FAS;GADD45A;DCUN1D3;CYP1B1;IGF2BP1;STK17A;CRADD;ATF4;PYCARD;BOK;CFLAR;LATS2;SAV1;SFRP1;PDCD2;RNPS1;ATM;SOD1
TDRP,GO_Biological_Process_2023,prerank,DNA Duplex Unwinding (GO:0032508),0.3190671721822077,0.7925507960224056,0.8646408839779005,1.0,1.0,15/39,18.33%,PURA;GINS3;MCM9;GINS1;GINS2;DDX11;TWNK;POT1;DTD1;MCM3;RAD51;NBN;HMGA1;GINS4;SSBP1
TDRP,GO_Biological_Process_2023,prerank,Bicellular Tight Junction Assembly (GO:0070830),-0.33423748277821785,-0.7925149934347113,0.8136094674556213,1.0,1.0,8/46,11.13%,POF1B;MICALL2;CLDN18;MARVELD3;CLDN4;CLDN7;CLDN5;CHAF1B
TDRP,GO_Biological_Process_2023,prerank,Positive Regulation Of Developmental Process (GO:0051094),-0.2704274452328493,-0.7923035624102962,0.9896507115135834,1.0,1.0,81/232,25.00%,PAX2;BMPR2;FOXO6;SHANK3;WNT5A;CAMK1;ODAPH;ARID2;ING2;ZBTB16;CORO1B;RBBP7;INSR;GJA1;SAP30;SMARCE1;FGF8;SYDE1;SOX8;CEBPB;LRP8;SMARCA2;ZNF703;INSL6;BMP2;TLE6;ARHGEF7;CCN2;RAPGEF3;RELN;PTN;FST;SINHCAF;KMT5C;LHX1;ZNF268;KRT10;FGFR1;COBL;VLDLR;NUMA1;MIEF1;SMARCC2;ADGRL1;NR2C2;VHL;FIS1;ALK;PGAM5;RPS6KA3;PHF10;CDC20;NCOA3;DVL2;DPF1;TET1;NIBAN2;PRKN;PHLDB1;CLASP1;BCL7C;SHANK1;PAXIP1;SMARCD2;KDR;SRF;NLGN1;LEF1;TMEM79;PSEN1;PLD6;XBP1;ACTL6B;SRC;BMP4;HMCES;PDGFB;CPEB3;SCX;RALBP1;BRD9
TDRP,GO_Biological_Process_2023,prerank,"Retrograde Transport, Endosome To Golgi (GO:0042147)",-0.30286480723882325,-0.7922607945257341,0.9138418079096046,1.0,1.0,40/92,26.49%,TBC1D10C;RAB7B;STX5;WIPF3;VPS52;RAB6A;SNX8;SNX1;CLN5;LMAN1;SNX5;SPAG9;RCSD1;EHD3;VPS54;TBC1D10B;SNX12;PLEKHJ1;RHOBTB3;WASHC2C;DENND2A;GGA1;WASH2P;ARFRP1;RGP1;STX16;RAB29;CLTC;STX6;MAGEL2;VPS53;VPS26A;RAB9B;TMEM87A;RAB43;WASHC1;SURF4;PIKFYVE;RBSN;TBC1D23
TDRP,GO_Biological_Process_2023,prerank,Negative Regulation Of Mitochondrion Organization (GO:0010823),-0.34541235336110876,-0.7922053431684319,0.8282009724473258,1.0,1.0,11/38,18.63%,NOL3;FZD9;HGF;MAPT;IGF1;BCL2L1;MPV17L;IAPP;BAK1;GPX1;SLC25A6
TDRP,GO_Biological_Process_2023,prerank,Intracellular Lipid Transport (GO:0032365),0.3790368429224824,0.7921798400829455,0.7468982630272953,1.0,1.0,3/17,6.08%,ABCD2;SLC25A20;GRAMD1C
TDRP,GO_Biological_Process_2023,prerank,Regulation Of Cytokine-Mediated Signaling Pathway (GO:0001959),-0.34260320653100784,-0.7921659225961498,0.8397534668721109,1.0,1.0,19/40,21.14%,SPHK1;CASP8;VRK2;CD74;SPPL2B;HIPK1;IL7;ULK1;PALM3;OTULIN;PTPN2;PTPN11;SIGIRR;IGF2BP1;SHARPIN;AGPAT2;GAS6;CD24;PYCARD
TDRP,GO_Biological_Process_2023,prerank,Positive Regulation Of Transcription Elongation By RNA Polymerase II (GO:0032968),0.31320712757321595,0.792157725727147,0.8821917808219178,1.0,1.0,27/43,24.89%,ELL3;MED9;CDK13;SUPT6H;MED8;MED1;MED10;MED14;CDK9;MED29;MED26;MED15;PWWP2A;NCBP1;EAPP;MED4;CCNT1;MED31;LEO1;MED7;MED16;MED6;MED17;MED27;MED28;MED20;MED30
TDRP,GO_Biological_Process_2023,prerank,Cellular Response To Radiation (GO:0071478),-0.3363788452054524,-0.791954839337508,0.8621745788667687,1.0,1.0,13/46,24.77%,LIG4;SWI5;NSMCE3;HUS1;INO80;CDKN1A;EEF1D;DEPDC1B;KDM4D;GADD45A;MAPK14;INTS7;ERCC4
TDRP,GO_Biological_Process_2023,prerank,Regulation Of Peptidyl-Threonine Phosphorylation (GO:0010799),-0.34535840484488056,-0.7917467526499912,0.8282009724473258,1.0,1.0,8/36,11.19%,SPHK1;DGKQ;CEMIP;IRGM;CAB39;INPP5K;SPRED1;AXIN1
TDRP,GO_Biological_Process_2023,prerank,Cell Cycle G1/S Phase Transition (GO:0044843),-0.32340783961158975,-0.7916007340757141,0.8627450980392157,1.0,1.0,22/52,23.84%,CDKN3;CCNE2;PLK3;EIF4EBP1;CUL4B;CAMK2A;RPS6KB1;CCNE1;CDKN1A;PLK2;CDC34;CUL2;MAP3K11;CDK2;CUL1;LATS2;CCND1;CDKN1B;HINFP;LATS1;E2F3;ZNF324
TDRP,GO_Biological_Process_2023,prerank,Placenta Development (GO:0001890),-0.37777233541907396,-0.7906466806654073,0.7758346581875993,1.0,1.0,7/22,13.80%,CUL7;CITED1;TFEB;PKD1;PKD2;PLAC1;E2F7
TDRP,GO_Biological_Process_2023,prerank,Base Conversion Or Substitution Editing (GO:0016553),0.38557507049251744,0.7904969420625632,0.76,1.0,1.0,4/17,15.42%,APOBEC3F;ADARB1;APOBEC2;APOBEC3B
TDRP,GO_Biological_Process_2023,prerank,Long-Chain Fatty Acid Transport (GO:0015909),0.3527890766401628,0.7904874867815928,0.8090185676392573,1.0,1.0,8/23,17.00%,ABCD2;ACSL1;SLC25A20;SLC27A1;SLC27A4;FABP3;SLC27A6;APOE
TDRP,GO_Biological_Process_2023,prerank,Nucleic Acid-Templated Transcription (GO:0097659),-0.34171961605480755,-0.7904063021364155,0.8351477449455676,1.0,1.0,18/40,26.14%,DTX1;TCEA3;EPC1;TERT;PWP1;POLR3A;CREBL2;MMS19;TCEA2;THRB;DIDO1;FUBP3;RNPS1;THAP1;PTMA;SCX;E2F1;GARS1
TDRP,GO_Biological_Process_2023,prerank,Protein Import Into Nucleus (GO:0006606),0.28305406438845104,0.7902456185602867,0.9589905362776026,1.0,1.0,34/78,21.49%,RGPD3;RGPD4;FAM53A;RPAIN;TNPO2;NUP153;RPL17;FAM53B;NUP93;RANGRF;AKT1;APLP2;TPR;NXT1;NUP88;NXT2;STK3;IPO11;NUP107;NUTF2;TNPO3;IPO5;NUP188;NUP35;PHB2;NUP214;BCL3;STK4;IPO9;SYK;KPNA3;NUP85;KPNB1;NUP50
TDRP,GO_Biological_Process_2023,prerank,Positive Regulation Of Telomere Maintenance Via Telomerase (GO:0032212),0.3299372959116078,0.7902386823361572,0.858139534883721,1.0,1.0,14/32,18.05%,FBXO4;MAPK3;CCT4;CCT7;MAP3K4;TNIP1;TCP1;POT1;CCT6A;MAPK15;CCT8;CTNNB1;AURKB;CCT2
TDRP,GO_Biological_Process_2023,prerank,Regulation Of Organelle Assembly (GO:1902115),0.2848578951757688,0.7894154883578635,0.9415807560137457,1.0,1.0,31/78,22.43%,CEP295;DCDC2;KIF9;MSN;CYLD;VPS11;TSG101;CENPJ;TBC1D10A;ATG5;TBC1D1;TBC1D8;TBC1D16;MAPK15;SDCCAG8;TBC1D19;IFT140;GSN;RDX;TBC1D12;CDKL1;TBC1D14;DYNC2LI1;EZR;SPICE1;RAB5A;SENP6;TBC1D22A;TBC1D9B;STAM;IFT20
TDRP,GO_Biological_Process_2023,prerank,Microtubule Depolymerization (GO:0007019),-0.4040935790474558,-0.7893174834226779,0.7870662460567823,1.0,1.0,2/17,2.03%,KIF2B;STMN4
TDRP,GO_Biological_Process_2023,prerank,mRNA Polyadenylation (GO:0006378),-0.3744216688177737,-0.7888702890964007,0.7852564102564102,1.0,1.0,14/24,27.92%,APP;CDC73;PAPOLB;PAPOLA;WDR33;PAPOLG;TENT4B;MTPAP;CPSF3;TENT2;CPSF2;CPSF1;TUT1;CSTF3
TDRP,GO_Biological_Process_2023,prerank,Spliceosomal Complex Assembly (GO:0000245),-0.3172334703056662,-0.7886709205357625,0.8507462686567164,1.0,1.0,27/62,26.78%,NOL3;SRPK2;SF3A2;DDX1;DDX39B;CELF6;SF3A1;SMN1;CELF1;GCFC2;CRNKL1;CELF2;SNRNP200;ZRSR2;RBMX2;PUF60;KHDC4;SRSF10;DDX23;SF3B2;YTHDC1;SNRPB2;SRPK1;PRPF6;SRSF6;SNRPE;CELF5
TDRP,GO_Biological_Process_2023,prerank,TOR Signaling (GO:0031929),-0.3602848027960546,-0.7882896568798018,0.8146417445482866,1.0,1.0,6/29,11.51%,LARP1;RHEBL1;RPS6KB2;GATA3;EIF4EBP1;RPS6KB1
TDRP,GO_Biological_Process_2023,prerank,Positive Regulation Of Peptidyl-Threonine Phosphorylation (GO:0010800),-0.3763498893937446,-0.7882060828836819,0.7950413223140496,1.0,1.0,8/24,20.21%,SPHK1;CEMIP;IRGM;CAB39;AXIN1;STOX1;RIPK2;PRKAG2
TDRP,GO_Biological_Process_2023,prerank,"Chemical Synaptic Transmission, Postsynaptic (GO:0099565)",0.3477750163260337,0.7879990239152009,0.8,1.0,1.0,4/25,6.68%,INSYN1;DRD4;GRIN2C;NLGN3
TDRP,GO_Biological_Process_2023,prerank,Negative Regulation Of Neuron Projection Development (GO:0010977),0.3016977982507652,0.7879880228803636,0.8985074626865671,1.0,1.0,18/54,17.00%,MAG;ZNF296;STMN2;HDAC2;RTN4R;PRAG1;GAK;ZNF365;PAQR3;GDI1;ITM2C;PTPRS;RTN4RL2;MYLIP;TRPV4;DENND5A;DCC;APOE
TDRP,GO_Biological_Process_2023,prerank,Lymphocyte Differentiation (GO:0030098),-0.30375021340535174,-0.7877865727970931,0.9033189033189033,1.0,1.0,16/83,19.88%,IFNK;NFAM1;RAG1;CEBPG;GATA3;NHEJ1;IKZF1;LYL1;HHEX;HDAC4;JAG2;GPR89B;IL11;HDAC5;PTPN2;TOP2B
TDRP,GO_Biological_Process_2023,prerank,Negative Regulation Of Epithelial Cell Apoptotic Process (GO:1904036),-0.3419128111759157,-0.7872963971506679,0.838006230529595,1.0,1.0,11/38,22.98%,ICAM1;GATA3;WFS1;CAST;SERPINE1;IL11;TCF7L2;PRKAA2;GAS6;KDR;MEN1
TDRP,GO_Biological_Process_2023,prerank,Learning (GO:0007612),0.30651737535882956,0.7871927755792247,0.9090909090909091,1.0,1.0,6/43,9.53%,TH;TLR2;NLGN4X;NLGN3;ATXN1;CIC
TDRP,GO_Biological_Process_2023,prerank,Regulation Of Neurogenesis (GO:0050767),0.2863353087645149,0.7871657851201701,0.9391025641025641,1.0,1.0,18/67,16.83%,HES2;GPRASP3;KHDC3L;TGM2;HES3;HLTF;SORL1;DYNLT1;RASSF10;APLP2;HEY1;SERPINF1;CTNNB1;BMAL1;S100A10;MBD1;HOOK3;YAP1
TDRP,GO_Biological_Process_2023,prerank,Regulation Of Mitochondrial Translation (GO:0070129),0.35857315836130343,0.7868537980426581,0.7698412698412699,1.0,1.0,13/22,22.67%,COA3;METTL8;C1QBP;TRUB2;NGRN;TSFM;RPUSD3;RCC1L;MPV17L2;MTG2;TRMT10C;FASTKD3;SHMT2
TDRP,GO_Biological_Process_2023,prerank,Regulation Of Stem Cell Proliferation (GO:0072091),-0.40422623393315493,-0.7866352548444459,0.7772435897435898,1.0,1.0,3/16,11.76%,GJA1;FBLN1;TERT
TDRP,GO_Biological_Process_2023,prerank,Response To Interferon-Beta (GO:0035456),-0.3526385989207845,-0.7865701246735083,0.7996742671009772,1.0,1.0,7/29,17.92%,XAF1;IRGM;SHFL;CAMK2A;CDC34;PLSCR1;HTRA2
TDRP,GO_Biological_Process_2023,prerank,rRNA Methylation (GO:0031167),0.3587343083411251,0.786548022178846,0.796875,1.0,1.0,7/21,18.54%,TRMT112;NSUN4;NSUN5;METTL16;MRM1;NOP2;FDXACB1
TDRP,GO_Biological_Process_2023,prerank,Regulation Of Ryanodine-Sensitive Calcium-Release Channel Activity (GO:0060314),0.3467581361742282,0.786346124838227,0.7867036011080333,1.0,1.0,6/24,9.53%,JSRP1;FKBP1A;GSTM2;SELENON;GSTO1;TRDN
TDRP,GO_Biological_Process_2023,prerank,Glycogen Metabolic Process (GO:0005977),0.3659766246087252,0.7863225151635169,0.8172043010752689,1.0,1.0,8/19,17.49%,GYS2;GBE1;GYS1;NHLRC1;NR1D1;GYG1;PYGB;PHKG2
TDRP,GO_Biological_Process_2023,prerank,Regulation Of Axon Extension (GO:0030516),0.3191145089258983,0.786307494295423,0.8671875,1.0,1.0,13/35,20.25%,MAG;RTN4;NTN1;RTN4R;L1CAM;NRCAM;PTPRS;LIMK1;CTTN;APOE;SIN3A;GOLGA4;CDKL3
TDRP,GO_Biological_Process_2023,prerank,Regulation Of Intracellular Protein Transport (GO:0033157),-0.3446826352423802,-0.7861818985539203,0.8223270440251572,1.0,1.0,20/36,29.49%,PCNT;VAMP2;PLK3;TENM1;ZFAND1;CEP131;FRAT1;CEP290;RUFY3;RAB29;RIPOR1;BMP4;ICE1;PTPN1;PDCD10;UHMK1;ATP13A2;SIRT7;PTPN14;GSK3B
TDRP,GO_Biological_Process_2023,prerank,Regulation Of Transforming Growth Factor Beta Receptor Signaling Pathway (GO:0017015),0.2667840543051012,0.7861571783359688,0.9862068965517241,1.0,1.0,19/111,10.15%,SDCBP;SAP30L;CDKN2B;TNXB;SMAD7;CD109;FKBP1A;LTBP4;SPRED3;HDAC2;EID2;SF3B3;SLC2A10;LDLRAD4;BRMS1;RBBP4;STK11;LRG1;STRAP
TDRP,GO_Biological_Process_2023,prerank,Lymphocyte Mediated Immunity (GO:0002449),-0.40095110256512556,-0.7861080216612288,0.7996661101836394,1.0,1.0,6/16,20.01%,SLA2;MYO1G;CR1L;CD70;JAG1;KLRD1
TDRP,GO_Biological_Process_2023,prerank,Branched-Chain Amino Acid Metabolic Process (GO:0009081),0.39386365239156373,0.7859847969083104,0.8015665796344648,1.0,1.0,7/15,17.18%,DLD;BCKDK;BCAT1;BCKDHA;IVD;DBT;PCCB
TDRP,GO_Biological_Process_2023,prerank,Establishment Of Protein Localization To Organelle (GO:0072594),0.27613970793066056,0.78595698571558,0.9758308157099698,1.0,1.0,36/84,21.49%,FAM53A;SCRIB;RPAIN;ZDHHC15;TNPO2;LAMP1;NUP153;HK2;FAM53B;NUP93;RANGRF;RALA;TSPAN17;AKT1;APLP2;TPR;NXT1;NUP88;NXT2;STK3;IPO11;NUP107;NUTF2;TNPO3;IPO5;NUP188;PHB2;NUP214;BCL3;STK4;IPO9;SYK;KPNA3;NUP85;KPNB1;NUP50
TDRP,GO_Biological_Process_2023,prerank,Protein Localization To Organelle (GO:0033365),0.26126014306461826,0.7857705586592704,1.0,1.0,1.0,44/136,18.17%,SSB;CTDNEP1;GET4;TRAM1L1;TULP1;CCDC47;COG7;TOR1A;CNTLN;DNAJA1;BICD1;GAK;GBF1;LAMP1;FAM83H;PAQR3;SORL1;EHD1;DDX3X;BBS2;ISG15;TSPAN17;TOPORS;WASHC2A;GET1;DVL1;YBX1;RAB33B;RAP1GDS1;IFT140;TTC26;CSNK1D;RPA2;ATP6V1D;SARM1;WDR83OS;TRAM2;BBS1;TOR1AIP1;GET3;CALR;SNX10;IFT122;XPA
TDRP,GO_Biological_Process_2023,prerank,Positive Regulation Of Glucose Import (GO:0046326),-0.3627827623047867,-0.7856095801745403,0.7888198757763976,1.0,1.0,7/25,18.97%,FGF21;INSR;IGF1;CREBL2;APPL1;C1QTNF12;PTPN11
TDRP,GO_Biological_Process_2023,prerank,Cellular Response To BMP Stimulus (GO:0071773),-0.31421738235107666,-0.7855431876911568,0.8623087621696801,1.0,1.0,22/65,26.14%,GDF7;SMAD6;HFE;BMPR2;GDF6;SMAD5;INHBC;BMP2;ACVR2B;TMEM100;MEGF8;USP9X;ADAMTS12;USP9Y;ACVR2A;RUNX2;SFRP1;RGMA;BMP4;SCX;BMP6;GARS1
TDRP,GO_Biological_Process_2023,prerank,Regulation Of Exosomal Secretion (GO:1903541),-0.3926693874752564,-0.7854346744788094,0.8077544426494345,1.0,1.0,9/18,24.33%,CHMP6;CHMP3;VPS4A;PRKN;ATP9A;VPS4B;PDCD6IP;CHMP2A;SDC1
TDRP,GO_Biological_Process_2023,prerank,Positive Regulation Of Positive Chemotaxis (GO:0050927),-0.4053546896676203,-0.7852922039260803,0.7649063032367973,1.0,1.0,6/16,22.98%,F7;CXCL12;PGF;F2RL1;KDR;MEN1
TDRP,GO_Biological_Process_2023,prerank,Brain Development (GO:0007420),-0.2777655462102636,-0.7850827971351928,0.9810040705563093,1.0,1.0,41/164,22.10%,PAX2;AMIGO1;SHANK3;SMG9;SHROOM4;GIT1;TGFBR2;RBBP7;MDGA1;GRIN2B;ZNF335;PROX1;ADGRG1;GRIN1;PBX3;MINK1;NFIB;VCX;RELN;CDK5RAP3;RAPGEF2;PBX4;CLN5;CTNS;MEIS2;HESX1;SLC23A2;SPEF2;ABCB6;PTEN;ADGRL3;PTPN11;PLXNB2;DDIT4;CDK5RAP1;UGP2;ZFHX3;QARS1;CDK5R1;GRHL2;DHX37
TDRP,GO_Biological_Process_2023,prerank,Establishment Of Epithelial Cell Polarity (GO:0090162),0.3713482120339312,0.7848551310432936,0.7921052631578948,1.0,1.0,8/18,16.46%,MSN;SIPA1;RAP2A;RHOA;SH3BP1;FERMT1;CDC42;MYO18A
TDRP,GO_Biological_Process_2023,prerank,Negative Regulation Of MAPK Cascade (GO:0043409),0.2684952152311347,0.7847424494800079,1.0,1.0,1.0,33/103,18.23%,CD300A;DUSP29;STYXL2;DUSP9;PHB1;DUSP13;SPRED3;CBLC;UCHL1;DLG1;TNIP1;RANBP9;PAQR3;DUSP7;SORL1;PEBP1;PTPRR;ITGB1BP1;PIK3CB;DAG1;HYAL2;EMILIN1;FLCN;RPS6KA6;SPRY4;PPIA;SPRED2;PTPRJ;APOE;CASC2;MYC;PRDM15;WNK2
TDRP,GO_Biological_Process_2023,prerank,Gastrulation (GO:0007369),0.36297566153893907,0.7846753705604133,0.7772020725388601,1.0,1.0,2/19,4.37%,WNT8B;CER1
TDRP,GO_Biological_Process_2023,prerank,Maintenance Of Protein Location In Nucleus (GO:0051457),0.37732998907391707,0.7846006429467111,0.8010204081632653,1.0,1.0,6/18,18.05%,PARK7;SUN2;TOPORS;SYNE1;MORC3;ARL2BP
TDRP,GO_Biological_Process_2023,prerank,Positive Regulation Of Protein Kinase B Signaling (GO:0051897),-0.299381092973782,-0.784500248597027,0.9307909604519774,1.0,1.0,29/93,20.81%,F7;GCNT2;THPO;HPSE;MYORG;HCLS1;GATA3;INSR;LRP2;IL18;TNFAIP8L3;IGF1;PIK3R5;CX3CL1;AKR1C3;GDF15;IGF1R;PIK3CA;MST1R;FGFR1;FGF2;IAPP;P2RX4;FAM110C;RET;TCF7L2;TGFBR1;TSPYL5;GAS6
TDRP,GO_Biological_Process_2023,prerank,Sodium Ion Transmembrane Transport (GO:0035725),-0.30520355987865033,-0.7840411239155215,0.9057971014492754,1.0,1.0,28/82,21.49%,SLC12A3;SLC6A3;ATP12A;SCN4B;ASIC3;SCN3B;SCNN1B;SCNN1G;SLC6A12;SLC9A5;PKD2;ATP1A4;ATP1B3;FXYD2;SLC6A11;ATP4A;SLC9A8;SLC6A16;SLC6A15;SCN2A;ASIC1;SLC4A4;ATP1A1;SLC24A3;SLC12A2;SCNN1A;SLC4A8;KCNK1
TDRP,GO_Biological_Process_2023,prerank,Positive Regulation Of Macroautophagy (GO:0016239),-0.31452442880293807,-0.7838874729559586,0.8708708708708709,1.0,1.0,23/62,24.46%,LARP1;GPSM1;IRGM;SCOC;WAC;TRIM13;TSC2;SNX4;CALCOCO2;HSPB8;SESN1;VPS13D;SESN3;UVRAG;PRKAA2;SNX18;SESN2;RALB;TOM1;ATG2A;KDR;SMCR8;SH3GLB1
TDRP,GO_Biological_Process_2023,prerank,Regulation Of Secretion By Cell (GO:1903530),-0.31230871029410506,-0.7837729930731937,0.891566265060241,1.0,1.0,18/63,19.89%,P3H1;CHRNB4;CPLX2;CPLX4;VAMP2;OTOF;CAMK2A;ARFIP1;NSF;RAB8A;RHBDF1;CASK;MYOF;SEPTIN4;LLGL1;RAB26;RIMS2;KCNMB4
TDRP,GO_Biological_Process_2023,prerank,Cilium-Dependent Cell Motility (GO:0060285),-0.387457263388401,-0.7837247478866313,0.8003120124804992,1.0,1.0,9/20,26.88%,GAS8;DNAH8;RSPH9;DNAH2;CCDC65;DNAI3;DNAH7;DNAAF2;TEKT3
TDRP,GO_Biological_Process_2023,prerank,Regulation Of Fatty Acid Biosynthetic Process (GO:0042304),-0.36373317624014745,-0.7837196248941839,0.8119935170178282,1.0,1.0,4/26,13.36%,TRIB3;SLC45A3;WDTC1;MLXIPL
TDRP,GO_Biological_Process_2023,prerank,Regulation Of Mitotic Nuclear Division (GO:0007088),-0.31931597307460247,-0.7833376784081587,0.8740740740740741,1.0,1.0,12/56,13.65%,CUL7;CUL9;FBXO43;RGCC;NEK2;INSR;IGF1;PDGFRB;IL1A;TOM1L2;USP44;DRD3
TDRP,GO_Biological_Process_2023,prerank,miRNA Metabolic Process (GO:0010586),-0.40994897238994865,-0.7830769003909409,0.7810344827586206,1.0,1.0,9/15,26.40%,ZC3H12A;SND1;KHSRP;DIS3L2;TENT4B;PARN;TUT7;DICER1;LIN28A
TDRP,GO_Biological_Process_2023,prerank,Membrane Depolarization During Cardiac Muscle Cell Action Potential (GO:0086012),0.3805595090622433,0.7828308034325507,0.7900262467191601,1.0,1.0,4/16,11.12%,SCN2B;HCN2;CACNA1G;SCN1B
TDRP,GO_Biological_Process_2023,prerank,Muscle Cell Development (GO:0055001),-0.3584060485769999,-0.7827774199513716,0.7855946398659966,1.0,1.0,11/32,25.24%,ASB2;HEY2;IGF1;CHRNB1;EFEMP2;ACTN2;CXADR;ALPK3;DMD;SDC1;MEGF10
TDRP,GO_Biological_Process_2023,prerank,Negative Regulation Of DNA Replication (GO:0008156),0.3838708279547201,0.7825754270303807,0.7860576923076923,1.0,1.0,4/15,17.77%,TERF1;TSPYL2;RAD17;CDT1
TDRP,GO_Biological_Process_2023,prerank,Collagen Fibril Organization (GO:0030199),0.3149790077094258,0.7824610931140398,0.8985915492957747,1.0,1.0,5/42,4.77%,DDR2;COLGALT2;LOXL4;COL11A2;COLGALT1
TDRP,GO_Biological_Process_2023,prerank,Positive Regulation Of Macromolecule Biosynthetic Process (GO:0010557),0.2586922526077648,0.78231216312339,1.0,1.0,1.0,37/122,20.88%,IGF2;FCER2;PIWIL2;SSB;CIITA;PLD1;TLR2;EIF4A3;AKR1B1;AGO2;FMR1;NSUN5;DDX3X;AKT1;EIF4G3;HSPH1;HNRNPD;PPP1R3E;EIF3C;AZU1;RBM3;FXR2;PRKDC;FGFR4;PRR16;NFKB1;CCL2;OGT;YTHDF1;IRS1;BCL3;RFX5;RPS4X;RPL26;UPF3A;EIF3E;RPS27L
TDRP,GO_Biological_Process_2023,prerank,Actomyosin Structure Organization (GO:0031032),-0.30507630926760476,-0.7818761750136682,0.9170305676855895,1.0,1.0,24/77,21.90%,TMOD1;LMOD3;MYLK3;MYOZ2;TNNT2;PHACTR1;MYH10;EPB41L4B;FLII;PGM5;TMOD3;ARRB1;TNNT1;CDC42BPA;FHDC1;FLNC;ZYX;ACTN2;EPB41L3;CDC42BPB;TMOD2;ROCK2;ALKBH4;CSRP1
TDRP,GO_Biological_Process_2023,prerank,Regulation Of Chromatin Organization (GO:1902275),-0.36138947438470004,-0.781839669708028,0.7912772585669782,1.0,1.0,11/26,23.39%,MSL1;DPPA3;SETD5;METTL4;RLIM;KAT8;KANSL2;MSL2;MLLT3;HCFC1;KANSL1
TDRP,GO_Biological_Process_2023,prerank,RNA Metabolic Process (GO:0016070),-0.29034167527379523,-0.7817410177263073,0.9507959479015919,1.0,1.0,44/111,25.77%,ELAVL4;DDX24;SIDT2;FASTKD1;PABPC4;ZC3H12A;DDX39B;RBM39;DDX20;PAPOLA;DDX54;IGHMBP2;RNASE1;ALKBH1;PAPOLG;PCBP2;HNRNPK;CELF2;ATXN2;HNRNPH1;THOC1;NOL9;RNASEH2B;HNRNPUL1;ADARB2;HNRNPL;TBRG4;RNASEH2A;PARN;EXOSC6;RNGTT;RBMS2;FASTKD2;DIS3L;MPHOSPH10;ADAR;PCBP3;EXOSC7;RBM4;NOVA1;SUPV3L1;TENT2;RNASET2;DICER1
TDRP,GO_Biological_Process_2023,prerank,Heparan Sulfate Proteoglycan Biosynthetic Process (GO:0015012),-0.372810398562863,-0.7815832313786581,0.7919463087248322,1.0,1.0,10/23,23.31%,EXTL1;GLCE;NDST3;HS6ST1;HS3ST2;EXT2;XYLT2;EXT1;HS6ST2;UGDH
TDRP,GO_Biological_Process_2023,prerank,Regulation Of Cell Adhesion (GO:0030155),-0.2818153234217562,-0.7813775556935947,0.9561643835616438,1.0,1.0,51/144,23.05%,LAMB2;LPXN;CXCL12;EFNA1;CYTH1;CHRD;TNFRSF18;RIPOR2;RHOD;SPN;IL18;C2CD4B;LYN;FBLN1;FES;PPP2R1A;EPB41L4B;STX3;ADGRG1;PRKCA;P4HB;MINK1;TMEM102;RAC2;ITGAV;DUSP26;TFE3;PLXNA2;EPHA4;DLL1;PLAU;LAMB1;EPHA2;RET;FUT2;EFNA5;PTPN11;KIF14;PLXNB2;ZDHHC2;ZFHX3;ROCK2;PRKD2;YTHDF2;TGFBI;DACT2;PLXNB1;TESC;PODXL;NID1;ATM
TDRP,GO_Biological_Process_2023,prerank,Protein Targeting (GO:0006605),0.26004320492168054,0.7812242146094969,0.9961832061068703,1.0,1.0,50/128,23.24%,NACA2;SDCBP;SEC61G;RASSF9;GABARAP;LONP2;ZDHHC15;FBXO7;TIMM13;VPS13A;PRKCI;AP4B1;ZDHHC12;SPCS1;SRP14;SORL1;RABGEF1;ZFAND2A;ZDHHC4;ZDHHC6;FUT10;GDAP1;TRAK1;AP1S3;MFF;HACL1;ZDHHC3;TOMM20;PEX1;ZDHHC1;ZFAND6;TSPO;VPS41;TIMM17B;MFN2;NACA;PEX16;YIF1B;TOMM22;SRPRA;VPS37A;CDC37;AP4E1;ZDHHC23;TIMM17A;ICMT;TOMM40;ZDHHC9;VPS13C;TIMM23
TDRP,GO_Biological_Process_2023,prerank,RNA Splicing (GO:0008380),0.26679098312365723,0.7810019950075177,0.9899328859060402,1.0,1.0,40/98,22.17%,TXNL4A;DDX47;DHX15;DHX16;PRPF3;RP9;SF3B3;TARDBP;PRPF8;SNRPG;MAGOH;SNRPA1;MBNL1;RNF113A;MAGOHB;GEMIN2;RSRC1;SNRNP40;SLU7;SNRNP48;SNRPN;SRSF7;RBM8A;SF3B4;DBR1;SNRPD1;PPP2CA;RRAGC;SYNCRIP;LSM4;SMNDC1;FUS;LSM6;SNRPB;SRRM1;PRPF18;NCBP1;SCAF11;SRSF2;BCAS2
TDRP,GO_Biological_Process_2023,prerank,Membrane Lipid Biosynthetic Process (GO:0046467),0.2946767788903031,0.7806301412312571,0.9402173913043478,1.0,1.0,11/56,9.68%,SGMS2;HACD4;CERS3;SPTLC1;HACD3;SPNS2;SPTSSB;SPTLC3;ORMDL2;ELOVL7;ELOVL1
TDRP,GO_Biological_Process_2023,prerank,Regulation Of Neural Precursor Cell Proliferation (GO:2000177),-0.3718902263273675,-0.7805942444627817,0.8006329113924051,1.0,1.0,6/22,13.95%,FZD9;SLC16A2;ID2;PROX1;LRRK2;TAFA1
TDRP,GO_Biological_Process_2023,prerank,Negative Regulation Of Apoptotic Signaling Pathway (GO:2001234),-0.29901359293825003,-0.7804718017095842,0.9217391304347826,1.0,1.0,38/82,27.14%,PELI3;NOL3;FZD9;LGALS3;HGF;IGF1;BCL2L1;CX3CL1;ITGAV;GRINA;MPV17L;BAK1;MMP9;GPX1;SLC25A6;TCF7L2;CAAP1;PIH1D1;TGFBR1;PRKN;QARS1;CFLAR;NOC2L;CSNK2A1;MEN1;BCL2L2;BDNF;SRC;BMP4;SH3RF1;HERPUD1;ITGA6;ACVR1;GSTP1;THBS1;HTT;TMBIM1;RTKN2
TDRP,GO_Biological_Process_2023,prerank,Neurotransmitter Transport (GO:0006836),-0.32273330545085255,-0.7802217906881209,0.8869565217391304,1.0,1.0,20/52,28.27%,SLC6A3;SNAP25;SLC1A1;STXBP3;SLC17A8;STXBP1;GRM4;LIN7B;SLC6A16;SLC6A15;SNAPIN;SLC38A2;SYN3;SLC17A7;PDZD11;PTPRN2;SYNJ1;SLC1A3;SLC22A3;LIN7C
TDRP,GO_Biological_Process_2023,prerank,Substantia Nigra Development (GO:0021762),0.30823354013835097,0.7797942368953513,0.9030470914127424,1.0,1.0,18/42,20.08%,S100A1;TTBK1;MAOB;ATP5PB;SIRT2;ZNF430;RHOA;DYNLL1;COX6B1;YWHAQ;CDC42;PLP1;CHKB;SUDS3;G6PD;GNB4;NDUFS3;BASP1
TDRP,GO_Biological_Process_2023,prerank,Positive Regulation Of Angiogenesis (GO:0045766),0.26398210836655694,0.7797034629157026,1.0,1.0,1.0,23/119,14.19%,S100A1;CCR3;HYAL1;NOS3;JMJD8;FUT1;RLN2;AGO2;SASH1;HIF1A;HK2;EMILIN2;LRG1;EMC10;AGGF1;BRCA1;PDCL3;PIK3CD;EMILIN1;BMPER;PLCG1;SFRP2;TNN
TDRP,GO_Biological_Process_2023,prerank,Amide Biosynthetic Process (GO:0043604),-0.31607543696839374,-0.7792383672665494,0.862015503875969,1.0,1.0,13/50,15.98%,PM20D1;VAPA;SMPD1;FURIN;CERS4;PNPLA1;SMPD4;CPS1;CERS2;AGK;CERS5;PCSK5;GLUD1
TDRP,GO_Biological_Process_2023,prerank,Positive Regulation Of Double-Strand Break Repair (GO:2000781),-0.2994420373829497,-0.7792260999527512,0.9169096209912536,1.0,1.0,42/84,28.99%,FANCB;ARID2;FMN2;WAS;SMARCE1;SLF2;UBE2N;EPC1;SMARCA2;INSL6;FOXM1;YEATS4;KMT5C;MMS19;MGMT;SMARCC2;PIAS4;KDM4D;ACTR2;TRRAP;PHF10;DPF1;BRD8;SMCHD1;BCL7C;SMARCD2;ACTL6B;MRGBP;MORF4L2;PARP1;MBTD1;RAD51AP1;SMARCD1;HELQ;WDR48;SIRT6;KAT5;BCL7A;ZCWPW1;ACTL6A;SETMAR;PBRM1
TDRP,GO_Biological_Process_2023,prerank,Regulation Of Protein Localization To Nucleus (GO:1900180),-0.32082967010424457,-0.7791786903729301,0.8847305389221557,1.0,1.0,18/52,24.25%,LILRB4;SUMO4;ORMDL3;F2;JAK1;CTNNA1;CDK5RAP3;PPP3CB;LIF;NGFR;EIF2AK3;TCF7L2;MTOR;SESN2;LATS2;LIMK2;LATS1;BMP4
TDRP,GO_Biological_Process_2023,prerank,Modified Amino Acid Transport (GO:0072337),-0.35037869984165454,-0.7789681414755588,0.8368336025848142,1.0,1.0,8/29,20.54%,SLC7A7;SLC16A12;SLC66A1;SLC47A1;CTNS;SLC7A1;SLC7A2;SLC7A6
TDRP,GO_Biological_Process_2023,prerank,Amino Acid Transport (GO:0006865),0.30516727879409156,0.7789589291697798,0.8997289972899729,1.0,1.0,15/46,19.90%,SLC7A10;SLC7A9;SLC38A8;SLC3A1;SLC38A6;SLC36A4;SLC38A4;SLC36A1;SLC7A3;SH3BP4;SLC7A14;SLC38A1;SLC38A9;SLC38A5;SLC16A10
TDRP,GO_Biological_Process_2023,prerank,Regulation Of Endothelial Cell Migration (GO:0010594),0.2737676438684254,0.7789210618740497,0.972972972972973,1.0,1.0,31/88,20.89%,ACVRL1;ITGB3;SVBP;FUT1;RHOJ;PTK2B;KRIT1;SASH1;BCAR1;EMC10;ITGB1BP1;SH3BP1;PIK3CB;AKT1;PIK3CD;BMPER;PRCP;SPARC;BCAS3;APOE;GPLD1;CALR;ANGPT1;FOXP1;ANGPT4;SCARB1;PLPP3;ZNF580;NELL2;SLIT2;DAB2IP
TDRP,GO_Biological_Process_2023,prerank,Mitotic G2/M Transition Checkpoint (GO:0044818),-0.32924781125793395,-0.7788693151562383,0.8398203592814372,1.0,1.0,13/46,17.70%,TAOK3;BABAM2;RAD50;HUS1;FZR1;TICRR;RINT1;CDKN1A;CDK5RAP3;DEPDC1B;INTS3;CLSPN;NABP2
TDRP,GO_Biological_Process_2023,prerank,Double-Strand Break Repair Via Homologous Recombination (GO:0000724),0.2640031988089846,0.7788476913011131,1.0,1.0,1.0,34/111,17.54%,SLX1A;RPA4;SLX4;MEIOB;SFR1;ZSWIM7;BRCA2;RAD54B;NABP1;SEM1;EID3;MCM9;CDC7;GINS2;BRCA1;AP5Z1;NSMCE2;MCMDC2;GEN1;MCM3;MORF4L1;RPA3;RMI2;TOP3A;SLF1;SMC6;RPA2;RAD51;ZFYVE26;SWSAP1;POLN;NBN;RBBP8;GINS4
TDRP,GO_Biological_Process_2023,prerank,Positive Regulation Of Mononuclear Cell Migration (GO:0071677),-0.34941346856204375,-0.7786453238927246,0.8394863563402889,1.0,1.0,5/31,14.57%,CXCL12;LGALS3;AIF1;CD47;SERPINE1
TDRP,GO_Biological_Process_2023,prerank,Neuromuscular Process (GO:0050905),-0.40497966068553726,-0.7785146378432014,0.7944535073409462,1.0,1.0,2/17,7.23%,GCH1;STRA6
TDRP,GO_Biological_Process_2023,prerank,peptidyl-S-diacylglycerol-L-cysteine Biosynthetic Process From Peptidyl-Cysteine (GO:0018231),-0.37944687506074903,-0.7783107145456944,0.8322884012539185,1.0,1.0,7/22,20.04%,ZDHHC11B;ZDHHC14;ZDHHC8;ZDHHC22;ZDHHC20;ZDHHC7;ZDHHC2
TDRP,GO_Biological_Process_2023,prerank,peptidyl-L-cysteine S-palmitoylation (GO:0018230),-0.37944687506074903,-0.7783107145456944,0.8322884012539185,1.0,1.0,7/22,20.04%,ZDHHC11B;ZDHHC14;ZDHHC8;ZDHHC22;ZDHHC20;ZDHHC7;ZDHHC2
TDRP,GO_Biological_Process_2023,prerank,Regulation Of Golgi Organization (GO:1903358),-0.3982311541863701,-0.7778010975047448,0.7711442786069652,1.0,1.0,10/16,28.62%,ARMH3;STX5;MYO5A;EHD3;USP6NL;PDE4DIP;RBSN;STX18;MAP2K1;PDCD10
TDRP,GO_Biological_Process_2023,prerank,Negative Regulation Of Viral Genome Replication (GO:0045071),0.29570531222180885,0.7776588849969567,0.930635838150289,1.0,1.0,16/53,16.91%,APOBEC3F;BTBD17;IFIH1;TRIM6;SETDB1;TNIP1;BST2;IFI16;ISG15;ZNFX1;RNASEL;ISG20;BANF1;APOBEC3B;EIF2AK2;FAM111A
TDRP,GO_Biological_Process_2023,prerank,Homologous Chromosome Segregation (GO:0045143),0.35703732651951886,0.7776561210755875,0.7990543735224587,1.0,1.0,4/21,7.63%,KASH5;SYCP1;MEIOB;PSMC3IP
TDRP,GO_Biological_Process_2023,prerank,"DNA Damage Response, Signal Transduction By P53 Class Mediator Resulting In Cell Cycle Arrest (GO:0006977)",-0.3911086517326781,-0.7772858593299214,0.8013245033112583,1.0,1.0,8/17,22.74%,PLK3;CDKN1A;PLK2;MUC1;PIDD1;CHEK2;CRADD;CDKN1B
TDRP,GO_Biological_Process_2023,prerank,Regulation Of Fibroblast Proliferation (GO:0048145),-0.32066452970112325,-0.7772446960928955,0.878125,1.0,1.0,11/46,14.62%,LIG4;WNT5A;SPHK1;EMD;CD74;IGF1;CDC73;CDKN1A;AMH;NLRC3;PDGFC
TDRP,GO_Biological_Process_2023,prerank,Regulation Of Protein Localization To Plasma Membrane (GO:1903076),-0.30343516166843865,-0.7769448181926922,0.9193083573487032,1.0,1.0,23/80,21.53%,AKAP5;CDK5;CNPY4;LGALS3;PTPN9;DAB2;SQSTM1;LRP1;ZDHHC8;STX3;BCL2L1;STAC3;VPS4A;APPL1;ZDHHC7;STX7;EPHA2;PID1;ITGA3;PPFIA1;ZDHHC2;STAC;CLTC
TDRP,GO_Biological_Process_2023,prerank,Regulation Of Dendritic Spine Development (GO:0060998),-0.37934337255468226,-0.7769104968654702,0.8095238095238095,1.0,1.0,10/20,25.28%,FOXO6;SHANK3;CAMK1;SRGAP2C;GRIN3A;SHANK1;NLGN1;PSEN1;CPEB3;KIF1A
TDRP,GO_Biological_Process_2023,prerank,Positive Regulation Of Leukocyte Cell-Cell Adhesion (GO:1903039),-0.3281465345501293,-0.7764671189402268,0.8793650793650793,1.0,1.0,8/42,17.85%,SIRPA;ITGB2;CD44;HLA-DRB1;HLA-DMA;CD47;TRAF6;GNAO1
TDRP,GO_Biological_Process_2023,prerank,Proteasome-Mediated Ubiquitin-Dependent Protein Catabolic Process (GO:0043161),-0.26210761746815875,-0.7763665794587579,0.9975786924939467,1.0,1.0,102/316,22.21%,ASB2;CSNK1A1;CDC20B;SIAH3;FBXL22;TRIM72;PSMD7;KLHDC1;DDIT3;MAN1A1;NSFL1C;UBQLN1;TMEM67;RHBDD2;WFS1;RNF216;MAEA;ANAPC4;PSMA1;ANAPC1;FBXL6;FBXO38;AXIN1;UBXN10;KCTD10;BTRC;FZR1;TRIM13;CDC23;TRIM3;KBTBD7;RNF4;DNAJC10;APPBP2;AMN1;CALR3;USP44;CANX;PELI1;RNF34;FBXL16;NCCRP1;KCTD5;CDC34;ARRB1;AXIN2;KLHL42;USP19;TRIP12;UBR2;UBE2C;FOXRED2;CUL2;TMUB2;KLHDC10;OS9;ERLEC1;UBXN1;KLHDC3;TBL1X;SPSB4;WWP2;FAM8A1;PCBP2;RHOBTB3;PSMC3;PSMB7;DCAF12;EDEM1;UBXN4;FBXO2;DMAC2;KIF14;FEM1A;ANKZF1;ANAPC11;PJA2;RMND5A;SHARPIN;PSMD6;CDC20;KCTD17;AUP1;ARRB2;ZFAND2B;TAF1;UBE2G1;SPOP;PSMD3;PSMA4;KCTD2;ERLIN1;PRKN;GSK3A;PSMB5;UBE2W;GID4;UBQLN2;CUL1;VCP;RAD23A;PSMD1
TDRP,GO_Biological_Process_2023,prerank,acetyl-CoA Metabolic Process (GO:0006084),-0.3983553462539576,-0.7756838744418624,0.7730263157894737,1.0,1.0,3/16,12.06%,DIP2A;ACSS1;MVK
TDRP,GO_Biological_Process_2023,prerank,Response To Glucocorticoid (GO:0051384),0.33870214885867445,0.7756274530622344,0.8521505376344086,1.0,1.0,9/26,23.09%,ANXA1;GOT1;FAM107A;SSTR2;SLIT1;SLIT2;ZFP36L2;NR3C1;HNRNPU
TDRP,GO_Biological_Process_2023,prerank,Regulation Of Cholesterol Transport (GO:0032374),-0.3778265214933384,-0.7748423184449653,0.8069620253164557,1.0,1.0,3/22,10.10%,LIPG;ABCB4;LRP1
TDRP,GO_Biological_Process_2023,prerank,Positive Regulation Of Cytokine-Mediated Signaling Pathway (GO:0001961),-0.32885084803742215,-0.7747819228444632,0.8491171749598716,1.0,1.0,16/44,23.35%,WNT5A;TRIM56;IRGM;RBM47;CD74;PARP14;IL7;MAVS;IGF2BP1;AGPAT2;GAS6;PRKN;TRIM41;TXK;HSPA1B;RNF185
TDRP,GO_Biological_Process_2023,prerank,Protein-Containing Complex Assembly (GO:0065003),-0.26062510663830973,-0.7747226872844399,0.9975932611311673,1.0,1.0,86/324,22.22%,ASB2;NOL3;HFE;WNT3A;USH1C;HIGD1B;CD40;RSPH4A;LPXN;FMOD;CCDC103;DNAAF3;TMEM35A;CXCL12;PARD6B;CD2AP;TIAM1;MITF;DNAAF6;TBCA;VAMP1;IRGM;WAS;TTC12;SLC2A1;CALY;KLHL12;NCK2;CD74;MAPT;DLGAP5;DNAAF1;STXBP1;MAGI1;CHMP3;RSPH9;VAMP2;ZC3H12A;ANKS4B;PPP2R1A;LRRK2;AXIN1;CX3CL1;WDCP;HIP1R;ADRB2;TUBGCP4;AIFM1;PREB;LONP1;P2RX7;PTGES3;PDCL;CDC123;CCDC65;WASF1;PSMG3;SHQ1;NPC1;VAMP4;CHRNA3;CLTRN;SPAG1;PPARGC1A;DNAJB14;FAS;AP2S1;LLGL1;TRAPPC6A;UVRAG;KMT2D;CHMP4A;PIH1D1;PDE4DIP;REPS2;GEMIN5;BOK;TRAPPC2;BBS10;TRAPPC2L;CLTC;SHANK1;PTGES3L;WASF3;GTF2B;COX7A2L
TDRP,GO_Biological_Process_2023,prerank,Skeletal Muscle Contraction (GO:0003009),0.3649374564982354,0.7746095669087149,0.8453333333333334,1.0,1.0,2/19,4.16%,TNNC1;JSRP1
TDRP,GO_Biological_Process_2023,prerank,Regulation Of Insulin Receptor Signaling Pathway (GO:0046626),-0.3298268593190751,-0.7744143894825557,0.8448540706605223,1.0,1.0,15/44,21.15%,ZBTB7B;TNS2;GRB14;INPP5K;RPS6KB1;SIK2;TSC2;SNX5;C1QTNF12;PRKCB;PID1;PTPN2;PTPN11;KANK1;GSK3A
TDRP,GO_Biological_Process_2023,prerank,Positive Regulation Of Neuron Differentiation (GO:0045666),-0.3325303917173229,-0.7741538696820415,0.8675595238095238,1.0,1.0,9/42,16.47%,ZEB1;MMD2;ATOH1;FGF20;PROX1;BMP2;FGFR1;BRINP3;GDPD5
TDRP,GO_Biological_Process_2023,prerank,Positive Regulation Of Collagen Biosynthetic Process (GO:0032967),-0.39993157444855165,-0.7737620714020572,0.7973199329983249,1.0,1.0,7/15,24.72%,RGCC;CREB3L1;F2;LARP6;WNT4;BMP4;SCX
TDRP,GO_Biological_Process_2023,prerank,Regulation Of Protein Modification Process (GO:0031399),-0.3272294192755542,-0.7737425736531345,0.902555910543131,1.0,1.0,18/45,28.50%,ATG13;IGF1;LYN;SPRED1;ATG10;ULK1;ACER2;KDM4D;PLXNB2;SESN2;NOP53;PPP1R16B;RB1CC1;RABL3;FNIP1;GRM5;CORO1C;CCDC88A
TDRP,GO_Biological_Process_2023,prerank,SCF-dependent Proteasomal Ubiquitin-Dependent Protein Catabolic Process (GO:0031146),0.3062359525417127,0.7736989761460573,0.8961748633879781,1.0,1.0,20/41,22.22%,FBXO4;FBXL17;FBXL7;FBXL18;FBXO44;SKP2;FBXO31;FBXL13;FBXW5;FBXL15;FBXO9;FBXO3;FBXO17;FBXO6;FBXW11;FBXL14;FBXL4;FBXW4;CUL5;RBX1
TDRP,GO_Biological_Process_2023,prerank,Positive Regulation Of Transferase Activity (GO:0051347),-0.2787174072777274,-0.7733318707543976,0.9734265734265735,1.0,1.0,48/143,22.88%,TRIB3;XRCC5;TIE1;RFC5;PIFO;KLF4;NEK2;INSR;HLA-DRB1;CD74;NTRK1;RAD50;NTRK2;UBE2L3;CHTF18;UBE2N;DCUN1D1;AXIN1;PDGFRB;MERTK;MAP2K7;ARRDC4;IGF1R;MST1R;RYK;PTGES3;TYRO3;FGFR1;POLG2;DCUN1D2;EPHA2;ALK;RET;DDR1;DCUN1D3;HMBOX1;PARN;GSK3A;ROR2;BMI1;CHRNA7;GRHL2;MAPKAPK5;PKIB;SERINC1;KDR;ERBB4;ROR1
TDRP,GO_Biological_Process_2023,prerank,Positive Regulation Of Cytoskeleton Organization (GO:0051495),0.2760896940549721,0.7731979106764866,0.9709677419354839,1.0,1.0,20/78,17.08%,CCL24;VIL1;PFDN2;CDC42EP2;SYNPO2L;LMOD1;PTK2B;FCHSD2;BIN1;CENPJ;MTSS1;SNX9;PDXP;PFN1;PFN2;LIMK1;CTTN;BCAS3;GSN;FCHSD1
TDRP,GO_Biological_Process_2023,prerank,Vesicle Cytoskeletal Trafficking (GO:0099518),-0.33675024956536864,-0.7728834985917717,0.8524332810047096,1.0,1.0,19/39,27.63%,MYO1G;MYO1A;MYO6;TRAK2;MYO19;MYO15A;MYO5A;MYO7A;MYO5C;MYO1B;SYT4;CDR2L;FNBP1L;MYO1C;BICDL1;KIF1A;RAB1A;HTT;TANC2
TDRP,GO_Biological_Process_2023,prerank,G Protein-Coupled Acetylcholine Receptor Signaling Pathway (GO:0007213),0.374875717842175,0.7725878928309012,0.8142493638676844,1.0,1.0,4/17,7.39%,CHRM4;HRH3;GRK2;GNB1
TDRP,GO_Biological_Process_2023,prerank,Osteoclast Differentiation (GO:0030316),-0.3623065268343971,-0.7725776131277694,0.8313856427378965,1.0,1.0,13/25,30.10%,GLO1;BMP2;EFNA2;EPHA2;TNFRSF11A;ATP6AP1;MAPK14;SRC;GAB2;SLC4A2;SBNO2;TNFSF11;OSTM1
TDRP,GO_Biological_Process_2023,prerank,Positive Regulation Of Glucose Transmembrane Transport (GO:0010828),-0.34717731244076877,-0.7724420800774215,0.8253477588871716,1.0,1.0,8/31,18.97%,FGF21;INSR;IGF1;CREBL2;APPL1;C1QTNF12;C3;PTPN11
TDRP,GO_Biological_Process_2023,prerank,Histone Deubiquitination (GO:0016578),0.3231747047188197,0.7723644971261002,0.8646408839779005,1.0,1.0,17/34,21.71%,TAF12;SF3B5;SF3B3;SUPT3H;BRCA1;USP3;TAF2;BABAM1;KAT2B;SUPT20H;UIMC1;ENY2;SGF29;TAF5L;MPND;TADA3;TAF9
TDRP,GO_Biological_Process_2023,prerank,Focal Adhesion Assembly (GO:0048041),-0.3721487045655049,-0.7723640602125222,0.816260162601626,1.0,1.0,10/21,28.96%,TESK2;RHOD;THSD1;ARHGEF7;ACTN2;SRC;RCC2;THY1;SORBS1;CDH11
TDRP,GO_Biological_Process_2023,prerank,Pulmonary Valve Morphogenesis (GO:0003184),-0.38472639778511036,-0.7722048243080164,0.8019639934533551,1.0,1.0,6/18,18.12%,SMAD6;STRA6;HEY2;NOTCH1;NOTCH2;JAG1
TDRP,GO_Biological_Process_2023,prerank,Regulation Of Catecholamine Secretion (GO:0050433),0.33351887826245324,0.7719364471712824,0.8777777777777778,1.0,1.0,9/27,17.19%,SYT9;HRH3;GRK2;SYT10;SYT7;SYT17;SYT13;SYT6;CHRNB2
TDRP,GO_Biological_Process_2023,prerank,Positive Regulation Of Neurogenesis (GO:0050769),-0.30279935067134045,-0.7718781161256735,0.9039301310043668,1.0,1.0,23/75,22.15%,CUL7;AMIGO1;LIG4;SHANK3;OPRM1;TIAM1;LRP2;MAP6;NTRK2;ZNF335;SOX8;CX3CL1;FZD3;MME;PLXNA2;BCAN;PLXNB2;CDKL5;NAP1L1;PTPRD;FBXW8;CUX2;PLXNB1
TDRP,GO_Biological_Process_2023,prerank,Positive Regulation Of Protein Localization To Membrane (GO:1905477),-0.29594765819930896,-0.7718402544857278,0.9340974212034384,1.0,1.0,20/79,17.48%,AKAP5;TCAF2;ITGB2;CNPY4;LGALS3;CEMIP;KCNB1;PTPN9;SQSTM1;LRP1;ZDHHC8;STX3;TCAF1;CHP1;STAC3;TNFAIP6;MIEF1;EPHA2;NMT1;FIS1
TDRP,GO_Biological_Process_2023,prerank,Nitrogen Compound Transport (GO:0071705),-0.2760596535067384,-0.7715699876980757,0.9861687413554634,1.0,1.0,50/162,24.90%,RD3;ARRDC1;TCN1;SLC6A3;ARRDC2;HBA1;SLC15A3;LRP2;SLC26A6;CHMP3;VAMP2;RCAN3;CBLIF;SLC22A4;SLC22A13;SLC6A12;SLC36A2;TMEM30A;CHMP1B;SNX4;ARRDC4;SLC26A8;RHCE;SFXN5;SLC23A2;SLC6A15;SLC13A5;CUBN;SLC19A3;SLC7A1;CEP290;SLC3A2;SLC7A2;SLC38A2;SLC12A2;HIKESHI;SNX18;SLC7A5;RHD;TOM1;SLC13A3;FLVCR1;CHMP2A;ABCC2;CD320;SLC43A2;CHMP2B;SLC7A8;RALBP1;SLC1A4
TDRP,GO_Biological_Process_2023,prerank,Regulation Of Receptor Internalization (GO:0002090),-0.3408193271598589,-0.7715232911661558,0.8606060606060606,1.0,1.0,10/36,20.36%,WNT3A;WDR54;INSR;RIN3;MTMR2;ARRB1;SFRP4;ATXN2;PCSK9;ARRB2
TDRP,GO_Biological_Process_2023,prerank,Positive Regulation Of Catabolic Process (GO:0009896),-0.30026692865497234,-0.7714858478333334,0.9237668161434978,1.0,1.0,22/79,22.79%,ASB5;WNT5A;VSIR;OAZ3;STX5;VPS28;ANGPTL3;RNF139;AXIN1;NSF;PLK2;CDK5RAP3;PTEN;TNFSF12;TIPARP;PRKN;GSK3A;NKD1;VGLL4;VCP;CDKN1B;CSNK2A1
TDRP,GO_Biological_Process_2023,prerank,Regulation Of Calcium Ion Transmembrane Transport (GO:1903169),-0.38655159126917815,-0.7713070668437566,0.8260162601626017,1.0,1.0,10/20,23.64%,CACNG1;LIME1;NOS1;CACNB1;HRC;CACNG6;DIAPH1;CACNA2D1;UBASH3B;NOS1AP
TDRP,GO_Biological_Process_2023,prerank,Regulation Of NMDA Receptor Activity (GO:2000310),-0.3952168950004697,-0.771161094464273,0.7953410981697171,1.0,1.0,5/16,23.37%,OPRM1;RELN;DAPK1;NLGN1;SLC6A9
TDRP,GO_Biological_Process_2023,prerank,Positive Regulation Of Mitotic Nuclear Division (GO:0045840),0.3176837916592332,0.7710464069863804,0.9049079754601227,1.0,1.0,3/35,3.74%,IGF2;ANAPC5;NUSAP1
TDRP,GO_Biological_Process_2023,prerank,Transcription Initiation At RNA Polymerase II Promoter (GO:0006367),-0.30646661328083386,-0.7706064354805878,0.9107413010590015,1.0,1.0,24/69,25.88%,MED21;MED18;ESR1;TAF13;MED23;GTF2F1;GTF2F2;TAF11;PAAF1;POLR2D;PPARGC1A;GTF2E1;TAF1;TAF4B;GTF2A2;TBP;GTF2B;TAF10;TAF4;E2F3;TAF6L;POLR2G;ERCC3;TAF8
TDRP,GO_Biological_Process_2023,prerank,Nucleosome Assembly (GO:0006334),-0.31619472187779496,-0.7701473842075687,0.8990825688073395,1.0,1.0,25/54,28.63%,H2BC13;H2BC3;HAT1;NAP1L2;CHAF1A;CHAF1B;CABIN1;NAP1L4;KAT6B;MACROH2A1;UBN1;GRWD1;ATRX;NAP1L1;RSF1;H2BC17;H2BC9;H2BC8;NAA60;NAP1L3;POLE3;ASF1B;CHRAC1;SPTY2D1;H4C9
TDRP,GO_Biological_Process_2023,prerank,Glycerophospholipid Catabolic Process (GO:0046475),-0.3536139378076328,-0.7699790752897848,0.8511326860841424,1.0,1.0,7/27,17.88%,PLA2G4D;ABHD16A;PLA2G4B;SMPD4;GDPD3;GDPD1;PLA2G15
TDRP,GO_Biological_Process_2023,prerank,Positive Regulation Of Peptidyl-Serine Phosphorylation (GO:0033138),-0.29739453024428625,-0.769774523084759,0.9344729344729344,1.0,1.0,21/81,20.81%,IFNK;WNT3A;APP;SH2D3C;CD44;IRGM;HCLS1;TENM1;AXIN1;NOS1;AMH;CREBL2;SH2D3A;IL11;LIF;STOX1;CNOT9;RIPK2;DOCK7;PRKD2;GAS6
TDRP,GO_Biological_Process_2023,prerank,Positive Regulation Of Excitatory Postsynaptic Potential (GO:2000463),-0.3699067851643435,-0.7695537579533979,0.835236541598695,1.0,1.0,10/22,23.21%,SHANK3;GRIN2B;STX1B;GRIN1;RELN;PTEN;RIMS2;CUX2;SHANK1;NLGN1
TDRP,GO_Biological_Process_2023,prerank,Positive Regulation Of DNA Biosynthetic Process (GO:2000573),0.2866609553876685,0.7694917536535681,0.962536023054755,1.0,1.0,26/65,18.05%,CHTF8;FBXO4;USP1;MAPK3;CCT4;CCT7;MAP3K4;TNIP1;TCP1;GINS3;GINS1;GINS2;DSCC1;PCNA;POT1;CCT6A;MAPK15;WRAP53;CCT8;CTNNB1;FGFR4;DKC1;AURKB;GINS4;MYC;CCT2
TDRP,GO_Biological_Process_2023,prerank,Double-Strand Break Repair (GO:0006302),-0.27390853013983335,-0.7693691981685759,0.991869918699187,1.0,1.0,73/168,27.74%,LIG4;XRCC5;NHEJ1;AP5S1;RAD51C;BABAM2;SWI5;ATP23;SLF2;RAD50;XRCC4;DDX1;NSD2;NSMCE3;UBE2N;EPC1;HUS1;RAD51B;RMI1;INO80;SMC5;DCLRE1C;POLL;NSMCE4A;DEPDC1B;REV3L;INTS3;ZMYND8;DNA2;POLA1;CHD4;ERCC1;LIG3;NPC1;NABP2;PIAS4;KDM4D;CHEK2;SMARCAD1;XRCC2;EXD2;RAD21;RNF138;DCLRE1A;YY1;RNF168;WRN;TRIP13;TDP2;RECQL;RFWD3;XRCC3;FBH1;VCP;KDM2A;ATM;SFPQ;AUNIP;MCM8;PSMD14;ERCC4;RAD52;PARP1;CIB1;TONSL;MBTD1;PAXX;TDP1;RAD51AP1;IFFO1;FEN1;HELQ;WDR48
TDRP,GO_Biological_Process_2023,prerank,Regulation Of JUN Kinase Activity (GO:0043506),-0.33296596578162246,-0.7692277529829735,0.865533230293663,1.0,1.0,13/42,25.81%,DUSP19;TAOK3;WNT5A;DUSP10;MAP2K7;TRAF6;MAP3K11;TNFRSF11A;DVL2;MAPK8IP1;MAP3K12;DVL3;GSTP1
TDRP,GO_Biological_Process_2023,prerank,Regulation Of TOR Signaling (GO:0032006),0.27174940914350476,0.7689111929807451,0.985207100591716,1.0,1.0,30/76,20.51%,RICTOR;RRAGB;PKHD1;RPTOR;DEPTOR;MLST8;SEH1L;ARAF;WDR24;HDAC3;HTR6;EPM2A;LEP;LAMTOR5;TSSK6;FLCN;TSC1;LAMTOR1;UBR1;TBCK;BMAL1;FBXO9;TNFAIP8L1;RRAGC;GNA12;SH3BP4;MINAR1;SLC38A9;DEPDC5;TTI1
TDRP,GO_Biological_Process_2023,prerank,Regulation Of Protein Catabolic Process (GO:0042176),-0.2824828019325116,-0.7689064831184553,0.9588652482269504,1.0,1.0,42/122,25.07%,CHMP6;ASB5;WNT5A;FMN2;OAZ3;WDR91;STX5;PKD1;VPS28;FURIN;AXIN1;NSF;PLK2;FAM83D;CDK5RAP3;BANP;NQO1;RHBDF1;SNX12;CHEK2;TNFSF12;GPX1;PRKCG;TIPARP;CTSA;RGP1;ZDHHC2;CENATAC;CYP51A1;PRKN;GSK3A;NKD1;VGLL4;VCP;CDKN1B;CSNK2A1;AZIN2;AZIN1;IRAK3;PSMD14;UBB;PSME2
TDRP,GO_Biological_Process_2023,prerank,Response To Interferon-Alpha (GO:0035455),0.36333263397147625,0.7687285094043645,0.7948051948051948,1.0,1.0,7/17,22.23%,BST2;KLHL20;TPR;AXL;EIF2AK2;RO60;PDE12
TDRP,GO_Biological_Process_2023,prerank,Cellular Response To Alcohol (GO:0097306),0.2950996463506902,0.7685577868112999,0.9449275362318841,1.0,1.0,18/53,17.00%,DYNAP;OSBPL7;GRAMD1C;GNB1;ADCY7;GNG2;CFTR;BRCA1;ADCY3;KLF9;GLRA2;TNFSF4;CTNNB1;SMO;RAD51;GRAMD1A;ADCY8;GPLD1
TDRP,GO_Biological_Process_2023,prerank,Apical Junction Assembly (GO:0043297),-0.3186276125254581,-0.7677746670322769,0.8800599700149925,1.0,1.0,13/53,18.77%,POF1B;MICALL2;CLDN18;MARVELD3;CLDN4;CLDN7;CLDN5;CHAF1B;CTNNA1;FBF1;PKN2;CLDN11;CLDN15
TDRP,GO_Biological_Process_2023,prerank,Sarcomere Organization (GO:0045214),-0.3453701068703256,-0.7672717050307607,0.8477905073649754,1.0,1.0,3/29,4.46%,MYLK3;MYOZ2;TNNT2
TDRP,GO_Biological_Process_2023,prerank,Regulation Of Cell-Matrix Adhesion (GO:0001952),0.2832470097466947,0.7671195314466608,0.9771241830065359,1.0,1.0,16/65,15.61%,MYOC;UTRN;PKHD1;FUT1;EPHA3;PTK2B;RHOA;BST1;PIK3CB;ACTG1;GPM6B;TSC1;DAPK3;CSF1;CAMSAP3;FYN
TDRP,GO_Biological_Process_2023,prerank,Negative Regulation Of Cellular Metabolic Process (GO:0031324),-0.320838436241243,-0.766501884144172,0.8888888888888888,1.0,1.0,9/45,14.07%,PAX2;GIT1;SLC22A13;UGT1A8;HDAC4;TERT;FZR1;AMH;ITGAV
TDRP,GO_Biological_Process_2023,prerank,Positive Regulation Of Stem Cell Differentiation (GO:2000738),-0.39405157089129195,-0.7660534589607901,0.8012820512820513,1.0,1.0,3/17,14.66%,TACSTD2;RBM24;PTN
TDRP,GO_Biological_Process_2023,prerank,Chaperone-Mediated Protein Complex Assembly (GO:0051131),0.3534610971015823,0.7659148545509795,0.8140703517587939,1.0,1.0,10/21,20.95%,HSPA4;PSMG1;PFDN6;BBS12;MKKS;HSPD1;NDUFAF1;CCT2;HSPA1A;PSMG2
TDRP,GO_Biological_Process_2023,prerank,Histone Modification (GO:0016570),0.27473092788626624,0.7657991520161415,0.9826388888888888,1.0,1.0,30/80,21.71%,UBE2B;HDAC6;VPS72;TAF12;HDAC2;SIRT2;MSL3;BRMS1;RBBP4;SUPT3H;SIRT4;HDAC3;USP3;MBD3;HDAC8;MORF4L1;JADE2;TADA2A;KAT2B;AURKB;ENY2;SUDS3;EPC2;CARM1;RUVBL1;KAT7;TAF5L;TADA3;RUVBL2;TAF9
TDRP,GO_Biological_Process_2023,prerank,Protein Export From Nucleus (GO:0006611),0.3384623351133607,0.7657891559373405,0.8870523415977961,1.0,1.0,16/26,23.52%,RANBP3L;STRADB;DESI1;EGR2;XPO4;TPR;NUTF2;CALR;NUP214;DUSP16;STYX;XPO6;XPO5;RANBP3;SMURF1;TGFB1
TDRP,GO_Biological_Process_2023,prerank,Regulation Of Epidermal Growth Factor Receptor Signaling Pathway (GO:0042058),-0.3235176254005114,-0.7657050141809839,0.8611111111111112,1.0,1.0,18/46,23.90%,WDR54;HIP1R;IFI6;PTPN3;RHBDF1;ERRFI1;DUSP3;SHKBP1;RNF115;CNOT9;MMP9;NUP62;PTPN2;NEU3;RALB;ITGA1;BCAR3;PDE6G
TDRP,GO_Biological_Process_2023,prerank,Positive Regulation Of Potassium Ion Transport (GO:0043268),-0.40402901142847836,-0.7656527518892126,0.8147540983606557,1.0,1.0,2/15,5.22%,AMIGO1;KCNE5
TDRP,GO_Biological_Process_2023,prerank,N-acetylglucosamine Metabolic Process (GO:0006044),-0.39910798640313333,-0.7652526396119459,0.7993366500829188,1.0,1.0,6/15,17.19%,CHST4;OGA;CHST5;EXTL2;LARGE1;CHST6
TDRP,GO_Biological_Process_2023,prerank,Microtubule Cytoskeleton Organization Involved In Mitosis (GO:1902850),-0.311676001423303,-0.7649488144875846,0.8906009244992296,1.0,1.0,18/59,18.42%,PTPA;STIL;PCNT;DLGAP5;CENPH;ESPL1;DCTN2;PLK3;KIF3B;SETD2;PLK2;DYNC1H1;CEP126;CKAP5;TUBG1;AURKC;DCTN6;KIF2A
TDRP,GO_Biological_Process_2023,prerank,post-Golgi Vesicle-Mediated Transport (GO:0006892),-0.31303365229988606,-0.7649032924829825,0.9119010819165378,1.0,1.0,27/56,26.57%,EXOC8;SEC16A;EXOC6B;DNM2;SNAP23;VPS52;AP2A1;EXOC5;MYO5A;VPS35L;RAB10;VPS54;AP3D1;MON2;GGA3;LLGL1;GGA1;SCFD1;KIF16B;MYO1B;COMMD1;RABIF;SCAMP1;GGA2;SORT1;EPS15;RAB14
TDRP,GO_Biological_Process_2023,prerank,Protein Neddylation (GO:0045116),-0.3763337259719461,-0.7648500968632092,0.8174204355108877,1.0,1.0,8/22,20.41%,COPS6;DCUN1D1;COPS7B;UBE2M;COPS4;DCUN1D2;DCUN1D3;UBA3
TDRP,GO_Biological_Process_2023,prerank,Memory (GO:0007613),-0.3048332736825843,-0.7647699688230002,0.9357664233576642,1.0,1.0,21/58,21.93%,NOL3;SLC2A4;KAT2A;SHANK3;INSR;MAPT;TAFA2;PLK2;KLK8;PTN;PPP3CB;VLDLR;LRRC66;SCN2A;MAP1A;FGF13;EIF4EBP2;PJA2;CUX2;SHANK1;CHRNA7
TDRP,GO_Biological_Process_2023,prerank,Leukotriene Metabolic Process (GO:0006691),0.35553569373727784,0.7646684784711605,0.8523809523809524,1.0,1.0,6/20,17.31%,MAPKAPK2;LTC4S;GGT1;PLA2G4A;LTA4H;MGST3
TDRP,GO_Biological_Process_2023,prerank,Central Nervous System Neuron Differentiation (GO:0021953),-0.34981162382001507,-0.7646618423678558,0.8607198748043818,1.0,1.0,8/30,15.65%,CEND1;MDGA1;MAPT;NTRK2;PROX1;PALS1;LHX1;BRINP3
TDRP,GO_Biological_Process_2023,prerank,Regulation Of Postsynaptic Membrane Potential (GO:0060078),0.3153478472776567,0.7646510675220748,0.8969359331476323,1.0,1.0,13/35,19.25%,INSYN1;DRD4;GRIN2C;GABRA2;NLGN3;GRIN2D;GABRE;GRIN2A;GABRG1;GABRA3;GABRA5;GABRG3;RAB3GAP1
TDRP,GO_Biological_Process_2023,prerank,Regulation Of DNA-templated Transcription Elongation (GO:0032784),0.29996510369919915,0.7644909313690904,0.9346049046321526,1.0,1.0,24/44,24.06%,ELL3;SUPT5H;ZNF326;SUPT4H1;HMGN1;INTS13;INTS8;INTS5;TSFM;SUPT16H;INTS10;ERCC6;THOC5;INTS2;INTS1;WDR43;INTS11;KAT7;INTS9;CCNT1;SRCAP;CCNT2;LDB1;INTS12
TDRP,GO_Biological_Process_2023,prerank,Odontogenesis (GO:0042476),-0.3324234923242834,-0.7643158614883728,0.85423197492163,1.0,1.0,7/39,15.97%,AQP5;ANKRD11;FGF8;MSX1;BMP2;AXIN2;LAMB1
TDRP,GO_Biological_Process_2023,prerank,Regulation Of Protein Neddylation (GO:2000434),-0.38878271592413594,-0.7642999462536595,0.8184873949579832,1.0,1.0,7/18,19.01%,COPS6;COPS9;DCUN1D1;COPS7B;COPS4;DCUN1D2;DCUN1D3
TDRP,GO_Biological_Process_2023,prerank,Eye Morphogenesis (GO:0048592),-0.38553118306280365,-0.7639556266204653,0.8145695364238411,1.0,1.0,12/18,30.86%,FBN1;COL5A2;ALDH1A3;COL5A1;NKD1;STAT3;RARG;VEGFA;NIPBL;NF1;MFAP2;SKI
TDRP,GO_Biological_Process_2023,prerank,Regulation Of Stress-Activated MAPK Cascade (GO:0032872),0.2899750116168026,0.7635401403533589,0.9683908045977011,1.0,1.0,15/51,17.89%,PAGE4;PER1;TAOK1;STK25;MAPK3;RAP2A;RASGRP1;MDFIC;ARL6IP5;PPIA;MAPK8IP3;INAVA;MID1;EIF2AK2;MYC
TDRP,GO_Biological_Process_2023,prerank,Regulation Of Neuron Differentiation (GO:0045664),-0.29599965439592696,-0.7635042477791155,0.9669540229885057,1.0,1.0,26/79,24.47%,ZEB1;MMD2;DTX1;TIAM1;ATOH1;ID2;NREP;LRRK2;BMP2;SIX1;RELN;CDK5RAP3;FGFR1;BRINP3;DLL1;GDPD5;ALK;CDK5RAP1;SOX3;ZFHX3;CDK5R1;ARHGEF2;BRINP2;NLGN1;BDNF;ADRA2C
TDRP,GO_Biological_Process_2023,prerank,Regulation Of Transforming Growth Factor Beta Production (GO:0071634),-0.3960267487609323,-0.7633974270017867,0.8108552631578947,1.0,1.0,3/16,16.51%,XCL1;ITGAV;LTBP1
TDRP,GO_Biological_Process_2023,prerank,tRNA Modification (GO:0006400),0.2829005511665728,0.7633412925346112,0.9673590504451038,1.0,1.0,31/67,24.35%,SSB;TRMT112;YRDC;DUS1L;ELP5;TRMT61A;KTI12;METTL2B;METTL8;MOCS3;NSUN6;DTWD2;TRMT9B;FTSJ1;TRMO;TRMT1;AARS2;TRUB1;CTU2;TRDMT1;TRIT1;BCDIN3D;TYW3;TRMT6;QTRT2;LCMT2;METTL1;PUSL1;TRMT13;PUS1;PUS7
TDRP,GO_Biological_Process_2023,prerank,RNA-mediated Gene Silencing (GO:0031047),0.3237605043829843,0.7632565457747535,0.8953168044077136,1.0,1.0,8/28,18.63%,PIWIL2;HELZ2;AGO2;AGO3;ZNFX1;MOV10;PABPC1;EXD1
TDRP,GO_Biological_Process_2023,prerank,Protein Localization To Cilium (GO:0061512),-0.3300172248915128,-0.7631937687916216,0.8876755070202809,1.0,1.0,8/40,13.66%,TMEM107;FAM149B1;TULP2;WDR35;RAB8A;TULP3;CFAP58;TTC21B
TDRP,GO_Biological_Process_2023,prerank,Negative Regulation Of Actin Filament Bundle Assembly (GO:0032232),-0.35781238304580926,-0.762761433594354,0.8461538461538461,1.0,1.0,11/27,21.70%,SHANK3;TACSTD2;ARHGAP28;WAS;INPP5K;RHPN1;ARHGEF18;PPFIA1;PRKN;CLASP1;SHANK1
TDRP,GO_Biological_Process_2023,prerank,Regulation Of DNA Repair (GO:0006282),0.2576785871851716,0.7626982992040364,0.9963369963369964,1.0,1.0,47/129,21.86%,UCHL5;BRD7;VPS72;TAF12;USP1;PPP4R2;SF3B5;SF3B3;EYA1;UBE2V1;RNF8;NPAS2;SUPT3H;POLH;BRCA1;SMARCA4;ACTB;TAF2;PCNA;BCL7B;BABAM1;WRAP53;MORF4L1;KAT2B;SUPT20H;DPF2;ATRIP;UIMC1;CDK9;ENY2;ERCC6;SGF29;SMARCC1;EPC2;RPS3;UBE2V2;RUVBL1;KAT7;UBR5;MARCHF6-DT;TAF5L;TMEM161A;TADA3;RUVBL2;TRIM28;TAF9;INO80B
TDRP,GO_Biological_Process_2023,prerank,Regulation Of Signal Transduction (GO:0009966),-0.2677729804699547,-0.7626413589340924,0.9959623149394348,1.0,1.0,68/192,26.62%,GRK7;TMEM204;DTX1;CDC42SE2;APP;GIT1;CD177;DGKQ;GATA3;IGFBP3;TDGF1;NCK2;RGS3;RGS8;PPP2R1A;LRRK2;CX3CL1;RGS11;LURAP1L;AKR1C3;SP100;SIK2;TULP3;TSC2;KCTD8;ANKRD54;PLSCR1;GRK6;SYNJ2BP;DLL1;KIF26A;MGLL;NLRP12;ZDHHC7;VHL;RGS16;NUP62;SREBF2;KCTD12;PTPN2;LLGL1;ITGA3;SHARPIN;CSK;FUZ;ZFAND2B;HOMER1;INPP5D;CD24;UBASH3B;CHRNA7;RIC8B;IGFBP7;IGFBP4;MFNG;RASGRP4;SRC;RGS2;IGFBP5;PXN;IRAK2;ACVR1;UGCG;IRAK1;PLCE1;FGFR2;GIT2;CD46
TDRP,GO_Biological_Process_2023,prerank,Pigment Granule Transport (GO:0051904),-0.4024664029500953,-0.7622456831176653,0.8003384094754653,1.0,1.0,6/15,25.74%,BBS5;MLPH;MYO5A;RAB27A;GPR143;BLOC1S5
TDRP,GO_Biological_Process_2023,prerank,Melanosome Transport (GO:0032402),-0.4024664029500953,-0.7622456831176653,0.8003384094754653,1.0,1.0,6/15,25.74%,BBS5;MLPH;MYO5A;RAB27A;GPR143;BLOC1S5
TDRP,GO_Biological_Process_2023,prerank,Extracellular Matrix Disassembly (GO:0022617),-0.32379118272291224,-0.7619379114336325,0.9074626865671642,1.0,1.0,8/44,18.29%,CTSS;EXOC8;FURIN;KLK7;KLK4;ADAMTS15;MMP9;MMP11
TDRP,GO_Biological_Process_2023,prerank,Intracellular Protein Transport (GO:0006886),-0.25699135645808696,-0.7616887095302276,1.0,1.0,1.0,112/322,24.40%,PTPN23;PTTG1IP;GCKR;POM121L2;RAB22A;EIF2D;VPS45;SEC16A;RAB20;AP3B1;MYO6;STX5;PKD1;SEC13;STXBP3;FAM53C;VPS28;CD74;TECPR2;STXBP1;TMED1;RAB19;AP2A1;STX1B;COPA;TRAK2;STX3;ARF3;RAB6A;SNX8;VIPAS39;NAPA;ARFIP1;STX1A;BCS1L;CHP1;NSF;SNX1;TSC2;IFT22;UNC93B1;IPO8;PREB;APPL1;TMED6;HOMER3;CACNG2;LMAN1;GRPEL1;KPNA7;VPS36;RPGR;RAB24;VPS37D;NGFR;STX7;STRADA;AP3D1;XPO7;NUP42;RAB32;POM121;VPS33A;RANBP17;CCHCR1;NUP62;PRICKLE1;KPNA4;RAB23;TIMM44;ROMO1;GGA3;GGA1;GRPEL2;CACNG8;CTSA;ARFRP1;RAB5C;SCFD1;RAB1B;VPS37C;GIPC1;HIKESHI;STX16;KPNA5;STAM2;XPO1;ARFIP2;RAB29;CLTC;STX6;ATP6AP1;RAB5B;NUP155;ARFGAP3;TSNARE1;TIMM50;ERP29;ARHGEF2;FAM91A1;SYNDIG1;VPS26A;NLGN1;DNAJC19;SCFD2;COX18;E2F3;RAB43;RTN2;VPS37B;AKAP6;OXA1L
TDRP,GO_Biological_Process_2023,prerank,Inorganic Anion Transport (GO:0015698),-0.3075238643779788,-0.7614698063825578,0.9265367316341829,1.0,1.0,14/58,17.97%,FXYD3;CLIC2;TTYH3;SLC26A9;SLC26A6;NMUR1;CLIC1;CLCNKB;CLIC5;ANO9;SLC26A8;CLCN4;ANO10;BEST1
TDRP,GO_Biological_Process_2023,prerank,Positive Regulation Of Transmembrane Receptor Protein Serine/Threonine Kinase Signaling Pathway (GO:0090100),-0.29130322906034695,-0.7611850710490138,0.9463276836158192,1.0,1.0,18/94,12.75%,GDF7;HFE;BMPR2;CITED1;GDF6;SH2B1;INHBC;KCP;TGFBR2;ZEB2;ING2;ADAM17;DAB2;NOTCH1;BMP2;GDF15;ACVR2B;KIAA0319
TDRP,GO_Biological_Process_2023,prerank,Potassium Ion Transmembrane Transport (GO:0071805),-0.27864020697497943,-0.761160966768132,0.9719495091164095,1.0,1.0,39/136,21.49%,KCNC2;KCNA3;SLC12A7;SLC12A3;KCNK4;LRRC38;KCNE5;ATP12A;KCNB1;KCNK7;CCDC51;KCNJ14;KCNC1;KCNH4;KCNH3;KCNE4;KCNA7;KCNE2;SLC9A5;PKD2;ATP1A4;ATP1B3;FXYD2;KCNK5;ATP4A;SLC9A8;ABCC8;KCND1;KCNT2;SLC12A6;KCNIP2;KCNB2;ATP1A1;SLC24A3;KCNN1;SLC12A2;KCNJ6;KCNK12;KCNK1
TDRP,GO_Biological_Process_2023,prerank,Protein Acetylation (GO:0006473),-0.35020954499468043,-0.7609196598737228,0.8466453674121406,1.0,1.0,14/29,29.34%,SPHK1;HAT1;MAPT;NAA50;ING4;GTF2B;NAA60;NAA20;EP300;CREBBP;KAT5;NAA16;KAT6A;NAA15
TDRP,GO_Biological_Process_2023,prerank,Positive Regulation Of Interleukin-12 Production (GO:0032735),-0.33941412938729165,-0.7606845374817285,0.8575757575757575,1.0,1.0,7/33,18.31%,HLA-G;IL23R;CD40;LTB;SCIMP;TIRAP;RIPK2
TDRP,GO_Biological_Process_2023,prerank,Regulation Of Transcription Initiation By RNA Polymerase II (GO:0060260),-0.30897823595827867,-0.7604031228990309,0.9203675344563553,1.0,1.0,18/57,23.05%,MED21;MED18;TAF13;HEY2;MED23;ZNF451;TAF11;PPM1D;PCID2;TAF1;TAF4B;MED13;GTF2A2;PAXIP1;TBP;SRF;TAF10;TAF4
TDRP,GO_Biological_Process_2023,prerank,Positive Regulation Of Interleukin-8 Production (GO:0032757),0.28149065987678307,0.7597932426366087,0.9680232558139535,1.0,1.0,20/61,21.82%,PARK7;IL17D;TLR2;HMGB1;RIPK1;LEP;RELA;HYAL2;NLRP10;LAMTOR5;CD58;NOD1;ZNF580;HSPA1A;CNTN1;SYK;F2R;BCL10;FADD;AFAP1L2
TDRP,GO_Biological_Process_2023,prerank,Negative Regulation Of Organelle Assembly (GO:1902116),0.31512940177766235,0.7597444996540816,0.8756906077348067,1.0,1.0,15/36,21.00%,TBC1D30;TRIM37;MDM1;TESK1;CDK10;ODF2L;GDI2;KAT2B;MPHOSPH9;YAP1;NBDY;PHF23;CDK5RAP2;SMAD4;CAV3
TDRP,GO_Biological_Process_2023,prerank,Regulation Of Interferon-Beta Production (GO:0032648),0.29168571073082195,0.7597428824562421,0.9411764705882353,1.0,1.0,16/50,17.43%,IRF7;TLR2;IFIH1;IRF1;FLOT1;RNF135;POLR3F;DDX3X;ISG15;TRAF3;PTPRS;RIOK3;CACTIN;TRIM65;REL;MORC3
TDRP,GO_Biological_Process_2023,prerank,Establishment Of Protein Localization To Vacuole (GO:0072666),-0.346653088826234,-0.758940463538569,0.8663522012578616,1.0,1.0,10/27,21.11%,PTPN23;VPS28;CACNG2;VPS36;VPS37D;PIK3R4;VPS13D;CACNG8;VPS37C;STAM2
TDRP,GO_Biological_Process_2023,prerank,Regulation Of Protein Targeting To Mitochondrion (GO:1903214),-0.3288393007946053,-0.7586348823370498,0.8762057877813505,1.0,1.0,17/38,25.25%,MICALL2;SIAH3;ATG13;UBE2L3;LRRK2;HSPA1L;RAC2;LMAN1;HTRA2;SREBF2;NPEPPS;PRKN;GSK3A;SH3GLB1;HAX1;FBXW7;HPS4
TDRP,GO_Biological_Process_2023,prerank,Positive Regulation Of RNA Metabolic Process (GO:0051254),-0.33903061799009243,-0.7585750643185307,0.8734177215189873,1.0,1.0,10/33,20.25%,DXO;RBM20;HABP4;DYRK1A;UTP15;POLR2A;RBM22;HNRNPLL;SLC38A2;HEATR1
TDRP,GO_Biological_Process_2023,prerank,mRNA Catabolic Process (GO:0006402),-0.32396957175346913,-0.7584500996878244,0.8939393939393939,1.0,1.0,17/43,27.39%,SLFN14;DXO;NUDT12;THRAP3;ZFP36;MRTO4;SND1;DIS3L2;YTHDF2;HSPA1B;UPF1;TUT7;SUPV3L1;XRN1;RNH1;RC3H1;CNOT10
TDRP,GO_Biological_Process_2023,prerank,Bicarbonate Transport (GO:0015701),-0.3790937588085179,-0.7584484229008743,0.8333333333333334,1.0,1.0,7/19,21.03%,SLC26A6;SLC4A9;SLC4A7;SLC4A4;SLC26A5;SLC4A8;SLC39A8
TDRP,GO_Biological_Process_2023,prerank,Negative Regulation Of Wound Healing (GO:0061045),-0.34945494253836956,-0.7581853656657898,0.8633440514469454,1.0,1.0,10/28,21.45%,PROC;APOH;SERPINE1;ALOX5;AJAP1;FGF2;CASK;PTEN;SLC12A2;CLASP1
TDRP,GO_Biological_Process_2023,prerank,Regulation Of Nucleocytoplasmic Transport (GO:0046822),0.37139140911269275,0.7580726440944833,0.821608040201005,1.0,1.0,5/16,19.22%,KHDRBS1;TPR;FRAT2;TMEM53;NUP214
TDRP,GO_Biological_Process_2023,prerank,Cellular Response To Ionizing Radiation (GO:0071479),-0.3141607195804634,-0.7572341352800915,0.9078751857355126,1.0,1.0,16/52,23.32%,LIG4;XRCC5;BABAM2;SWI5;HUS1;INO80;CDKN1A;EEF1D;DEPDC1B;KDM4D;GADD45A;TMEM109;WRN;TSPYL5;MAPK14;INTS7
TDRP,GO_Biological_Process_2023,prerank,Recombinational Repair (GO:0000725),0.2663589904802623,0.7571745435167786,0.9865771812080537,1.0,1.0,29/95,17.37%,SLX1A;RPA4;SLX4;MEIOB;SFR1;ZSWIM7;BRCA2;RAD54B;NABP1;SEM1;EID3;MCM9;BRCA1;AP5Z1;NSMCE2;GEN1;MORF4L1;RPA3;RMI2;TOP3A;SLF1;SMC6;RPA2;RAD51;ZFYVE26;SWSAP1;POLN;NBN;RBBP8
TDRP,GO_Biological_Process_2023,prerank,"mRNA Cis Splicing, Via Spliceosome (GO:0045292)",0.36386215273300765,0.7564966060659339,0.8020565552699229,1.0,1.0,9/17,21.89%,SRSF12;CLNS1A;CWC15;DCPS;CACTIN;SRSF1;SFSWAP;PRPF39;SART1
TDRP,GO_Biological_Process_2023,prerank,Positive Regulation Of JNK Cascade (GO:0046330),-0.29342823003983454,-0.756337040175408,0.9495677233429395,1.0,1.0,21/77,19.75%,DUSP19;ANKRD6;TAOK3;APP;EDA2R;MTURN;NAIP;XIAP;AXIN1;TRAF5;NOD2;MINK1;CCN2;TRAF4;TNIK;TRAF6;TIRAP;MAP3K11;GADD45A;F2RL1;PJA2
TDRP,GO_Biological_Process_2023,prerank,Inorganic Anion Transmembrane Transport (GO:0098661),-0.304363743269191,-0.7561679716105963,0.9167883211678832,1.0,1.0,17/63,21.20%,APOL1;SLC12A7;GABRA1;SLC12A3;SLC26A9;SLC1A1;SLC37A4;GABRA4;ANO3;SLC20A1;ANO9;SLC12A6;ANO10;SLC12A2;SLC4A8;CLCN3;LRRC8A
TDRP,GO_Biological_Process_2023,prerank,Regulation Of Glucose Import (GO:0046324),-0.32794436918839587,-0.7561235074860888,0.8962848297213623,1.0,1.0,15/36,26.55%,FGF21;INSR;IGF1;CREBL2;APPL1;C1QTNF12;PID1;PTPN11;PRKAG2;GSK3A;IRS2;GRB10;RTN2;SELENOS;OSBPL8
TDRP,GO_Biological_Process_2023,prerank,T-helper Cell Differentiation (GO:0042093),0.3571111031205813,0.7557358741545159,0.8341708542713567,1.0,1.0,5/18,17.73%,KMT2A;HMGB1;STAT4;ZFPM1;FOXP1
TDRP,GO_Biological_Process_2023,prerank,Positive Regulation Of Amide Metabolic Process (GO:0034250),-0.28822127853627727,-0.7555748355130949,0.9658119658119658,1.0,1.0,26/85,22.64%,LARP1;NR1H4;LRRTM3;EFNA1;ELAVL1;TENT5B;PCIF1;RPS6KB1;ABCG1;YTHDF3;LARP4;LARP6;GSAP;EPHA4;FXR1;EEF2;SAMD4A;POLDIP3;NIBAN1;PLXNB2;ROCK2;MTOR;GSK3A;CHRNA7;ZCCHC4;PYM1
TDRP,GO_Biological_Process_2023,prerank,Negative Regulation Of Receptor-Mediated Endocytosis (GO:0048261),-0.35272861187461146,-0.7554707960198779,0.8709677419354839,1.0,1.0,10/26,23.64%,WDR54;APP;RIN3;MTMR2;ITGAV;ATXN2;PCSK9;NEU3;UBQLN2;PSEN1
TDRP,GO_Biological_Process_2023,prerank,Phosphatidylinositol Phosphate Biosynthetic Process (GO:0046854),-0.3216225624691742,-0.7551273285725382,0.9054263565891473,1.0,1.0,14/44,24.62%,SLA2;ITPKB;IP6K2;PIK3C2G;SOCS7;PIK3CA;SMG1;PIK3R4;IP6K1;UVRAG;SOCS3;TMEM150A;PI4KB;BECN1
TDRP,GO_Biological_Process_2023,prerank,DNA Integrity Checkpoint Signaling (GO:0031570),0.29687109536053746,0.7550898847577421,0.9347826086956522,1.0,1.0,13/42,19.19%,RPA4;CLOCK;CDC5L;DTX3L;PARP9;CAMSAP3;RAD17;MRPL36;ATRIP;NBN;CDT1;ERCC6;FBXO6
TDRP,GO_Biological_Process_2023,prerank,Zinc Ion Transmembrane Transport (GO:0071577),-0.36469565471262044,-0.7550269429617061,0.849025974025974,1.0,1.0,5/21,16.12%,SLC30A3;SLC30A2;SLC39A14;SLC39A1;SLC30A5
TDRP,GO_Biological_Process_2023,prerank,Protein Polymerization (GO:0051258),-0.3074743524510399,-0.7549476232069537,0.9234303215926493,1.0,1.0,24/63,23.21%,INF2;MICALL2;TPPP;TPPP3;WAS;CATIP;MAPT;CHMP3;CKAP5;COBL;JAK2;UBE2C;WASF1;FHDC1;FGF13;DIAPH1;TTC17;CHMP4A;DIAPH3;PREX1;PRKN;WASF3;ZNF207;CHMP2A
TDRP,GO_Biological_Process_2023,prerank,Nucleotide-Excision Repair (GO:0006289),0.2855797412329564,0.7549207080085822,0.9614147909967846,1.0,1.0,18/56,18.32%,RPA4;SLX4;GTF2H5;USP45;BRCA2;SLC30A9;XAB2;GTF2H2;UVSSA;POLD3;RPA3;ERCC2;RPA2;MRPL36;ERCC6;XPA;TENT4A;ERCC8
TDRP,GO_Biological_Process_2023,prerank,Negative Regulation Of Axon Extension (GO:0030517),-0.3417426490695641,-0.7548698848732325,0.8652037617554859,1.0,1.0,10/30,17.72%,SEMA3G;SEMA6C;SEMA3B;SEMA4A;KIAA0319;SEMA3D;SEMA7A;SEMA3C;SEMA4B;SEMA3E
TDRP,GO_Biological_Process_2023,prerank,Negative Regulation Of Endothelial Cell Proliferation (GO:0001937),0.30533483658371635,0.7547274422588945,0.9275766016713092,1.0,1.0,5/37,7.22%,CAV2;SULF1;TNMD;ATP5IF1;KRIT1
TDRP,GO_Biological_Process_2023,prerank,Positive Regulation Of Peptidase Activity (GO:0010952),-0.35808935298733874,-0.754714092405899,0.8485342019543974,1.0,1.0,11/25,25.94%,CTSS;VSIR;CLDN4;RCAN3;GRN;VCP;CTSL;CTSK;PSME2;NCSTN;MAPK12
TDRP,GO_Biological_Process_2023,prerank,Positive Regulation Of Protein Localization To Cell Periphery (GO:1904377),0.28520621680932656,0.754667940344716,0.9529411764705882,1.0,1.0,14/51,12.97%,ARHGEF16;PIK3R1;EPHA3;ZDHHC5;DLG1;KIF5B;EFCAB7;PRKCI;CLIP3;PRKCH;RANGRF;AKT1;ATP2B4;RAMP3
TDRP,GO_Biological_Process_2023,prerank,Regulation Of Angiogenesis (GO:0045765),-0.26393251492083464,-0.7546258068241747,1.0,1.0,1.0,53/205,23.06%,HLA-G;ISM1;CD40;ANGPTL4;WNT5A;ADGRA2;RGCC;KLF4;SPHK1;ECSCR;ANGPTL3;ADGRB1;ZC3H12A;PGF;SPRED1;HIPK1;HHEX;CLDN5;APOH;IL1A;PRKCA;SP100;CXCL13;ADM2;RAPGEF3;COL4A2;SERPINE1;SYNJ2BP;ALOX5;FGF2;VASH2;PF4;EPHA2;PRKCB;GRN;SEMA3E;VASH1;TNFSF12;COL4A3;CYP1B1;STIM1;BTG1;ROCK2;PRKD2;EGLN1;NIBAN2;PTPRM;EFNA3;CHRNA7;SFRP1;MYDGF;KDR;PTGIS
TDRP,GO_Biological_Process_2023,prerank,Positive Regulation Of Proteolysis Involved In Protein Catabolic Process (GO:1903052),-0.33829790121359576,-0.7545754711545403,0.8842592592592593,1.0,1.0,13/31,25.10%,ECSCR;KCNE2;RNF139;AXIN1;CDK5RAP3;PTEN;PSMC3;CTSC;BAG2;PRKN;TMTC3;GBA1;FBXW7
TDRP,GO_Biological_Process_2023,prerank,Glycolipid Biosynthetic Process (GO:0009247),-0.3215728496116388,-0.7545406847810772,0.9075500770416025,1.0,1.0,15/42,23.01%,ST8SIA6;PIGV;ST3GAL4;PGF;PIGZ;PIGB;ST6GALNAC5;LARGE1;PIGA;SLC30A5;PIGW;DPM1;DPM2;PIGG;DPM3
TDRP,GO_Biological_Process_2023,prerank,Positive Regulation Of G2/M Transition Of Mitotic Cell Cycle (GO:0010971),-0.3703908530651706,-0.7543186856453408,0.8250401284109149,1.0,1.0,7/21,22.72%,DBF4B;RAD51C;RAD51B;STOX1;CDC25B;VPS4B;CCND1
TDRP,GO_Biological_Process_2023,prerank,Regulation Of Protein Deacetylation (GO:0090311),-0.37960304909645903,-0.7542605040515149,0.8253424657534246,1.0,1.0,3/18,12.72%,KAT2A;SPRED1;DYRK1A
TDRP,GO_Biological_Process_2023,prerank,Zinc Ion Transport (GO:0006829),-0.36313710492478946,-0.7540633403541382,0.8583196046128501,1.0,1.0,6/23,16.12%,SLC30A3;SLC30A2;SLC39A14;SLC39A1;SLC30A6;SLC30A5
TDRP,GO_Biological_Process_2023,prerank,Regulation Of Protein Modification By Small Protein Conjugation Or Removal (GO:1903320),-0.3440021946061565,-0.753854429927979,0.8691437802907916,1.0,1.0,14/29,27.88%,COPS6;UBQLN1;DCUN1D1;COPS7B;COPS4;DCUN1D2;DCUN1D3;TGFBR1;PRKN;HSPA1B;WASHC1;EPAS1;GPS1;HSP90AB1
TDRP,GO_Biological_Process_2023,prerank,Protein Maturation (GO:0051604),-0.27818647376531164,-0.7538260556620437,0.9792817679558011,1.0,1.0,39/116,26.87%,F7;CTSS;XPNPEP3;CASP9;LIPT2;ECE2;SRGN;ECE1;CASP8;PRPH2;ADAM17;FURIN;TSPAN14;TMPRSS4;TASP1;NAA50;MME;MMS19;PCSK5;CPXM1;MMP16;CIAO2A;BACE2;ZNG1E;METAP2;F12;TESC;PHEX;AFG3L2;PSEN1;NCSTN;CCS;NAA60;NAA20;CPE;METAP1;DNAJB11;ADAMTS3;SDE2
TDRP,GO_Biological_Process_2023,prerank,Regulation Of Protein Ubiquitination (GO:0031396),-0.28123202185760043,-0.7537144711018513,0.9769784172661871,1.0,1.0,45/112,26.30%,PTTG1IP;SPHK1;FANCI;UBQLN1;VPS28;WFS1;SQSTM1;UBE2L3;XIAP;NSMCE3;UBE2N;DCUN1D1;LRRK2;AXIN1;CHP1;CDK5RAP3;ARRB1;FBXO33;CAMLG;TRAF6;UBXN1;PRICKLE1;SEPTIN4;RIPK2;UFL1;PRKCG;ARRB2;TGFBR1;CRY1;TSPYL5;BAG2;PRKN;GSK3A;RCHY1;PAXIP1;HSPA1B;COMMD1;PER2;WASHC1;UBB;FBXW7;N4BP1;BAG5;MALT1;GTPBP4
TDRP,GO_Biological_Process_2023,prerank,Negative Regulation Of Cell Cycle G1/S Phase Transition (GO:1902807),-0.33270881290902315,-0.7531801941523907,0.8894080996884736,1.0,1.0,10/35,19.01%,KLF4;KANK2;CDC73;WEE1;PKD2;CDKN1A;E2F7;PTEN;JADE1;DCUN1D3
TDRP,GO_Biological_Process_2023,prerank,Regulation Of Endopeptidase Activity (GO:0052548),-0.3009513981517019,-0.7531035472703524,0.933933933933934,1.0,1.0,15/68,17.73%,SERPINA6;SERPIND1;SERPINB8;SERPINA10;VSIR;FURIN;FETUB;TIMP2;SERPINA5;SPOCK2;SERPINE3;SERPINE1;SPOCK3;SERPINH1;SERPINI1
TDRP,GO_Biological_Process_2023,prerank,Cellular Response To Insulin Stimulus (GO:0032869),0.2557575559656458,0.752843938000605,1.0,1.0,1.0,15/99,11.23%,TRARG1;IGF2;CAV2;PIK3R1;SYAP1;FOXO4;PRKCI;EPRS1;SLC27A1;BCAR1;CPEB1;GOT1;PHIP;STXBP4;AKT1
TDRP,GO_Biological_Process_2023,prerank,Translesion Synthesis (GO:0019985),0.33739716641249634,0.7527541340338111,0.8582474226804123,1.0,1.0,8/23,18.18%,MAD2L2;PCLAF;POLH;POLD3;PCNA;POLDIP2;POLN;TENT4A
TDRP,GO_Biological_Process_2023,prerank,Regulation Of Ossification (GO:0030278),-0.3318319373160329,-0.752734323222342,0.8716323296354992,1.0,1.0,14/37,22.38%,SMAD6;BMPR2;WNT5A;ZBTB16;CHSY1;NOTCH1;BMP2;PTN;BMP2K;PTPN11;RBPJ;NBR1;LRP4;SFRP1
TDRP,GO_Biological_Process_2023,prerank,Regulation Of Cell Junction Assembly (GO:1901888),-0.3625088477635542,-0.7525966325215607,0.8449367088607594,1.0,1.0,9/23,23.38%,RAP1B;SETD5;SNAI2;SNAI1;RAPGEF2;CRB3;PDLIM5;ROCK2;MYO1C
TDRP,GO_Biological_Process_2023,prerank,Negative Regulation Of Innate Immune Response (GO:0045824),-0.30922352277722465,-0.7524697399981174,0.9251497005988024,1.0,1.0,17/52,25.54%,DHX58;OAS3;DTX4;TRIM21;DCST1;YTHDF3;NLRC3;TYRO3;CEP63;GRN;PCBP2;PTPN2;YTHDF2;MYO1C;TRAFD1;IRAK3;PARP1
TDRP,GO_Biological_Process_2023,prerank,Post-Transcriptional Regulation Of Gene Expression (GO:0010608),-0.3034039824707294,-0.752364715435372,0.9329268292682927,1.0,1.0,25/57,26.85%,LARP1;GCNT2;TDRD7;NANOS3;GIGYF2;PCIF1;DUS3L;LARP4;PKP3;ELP6;CELF1;METTL18;ATXN2;PUM3;GEMIN5;GCN1;MAPKAPK5;CYFIP1;ELP2;ZC3H7B;YTHDC1;METAP1;FOXO3;MSI1;RC3H1
TDRP,GO_Biological_Process_2023,prerank,"Alternative mRNA Splicing, Via Spliceosome (GO:0000380)",0.38064324252873943,0.7522802519095373,0.8364928909952607,1.0,1.0,6/16,21.50%,CELF4;DDX17;RSRC1;SLU7;SRSF1;NCBP1
TDRP,GO_Biological_Process_2023,prerank,Cardiac Muscle Cell Action Potential (GO:0086001),0.3218673316880398,0.7521021141300183,0.8981233243967829,1.0,1.0,7/29,12.75%,SCN2B;SCN10A;HCN2;CACNA1G;SCN1B;KCNQ1;KCND3
TDRP,GO_Biological_Process_2023,prerank,Positive Regulation Of T Cell Proliferation (GO:0042102),-0.3002335429277124,-0.7517572730251224,0.93519882179676,1.0,1.0,14/64,16.18%,IL23R;ICOSLG;CD274;AIF1;CD276;NCK2;IL18;IGF1;EBI3;TNFRSF13C;PNP;IL6ST;CD70;JAK2
TDRP,GO_Biological_Process_2023,prerank,Cellular Response To Hypoxia (GO:0071456),-0.29642722491198015,-0.7515560486695474,0.9423076923076923,1.0,1.0,21/72,23.06%,MGARP;RGCC;FMN2;CPEB2;UBQLN1;PLK3;NOTCH1;TERT;P4HB;HYOU1;STOX1;SCN2A;VHL;NPEPPS;SUV39H1;MTOR;EGLN1;AK4;SFRP1;ADO;PTGIS
TDRP,GO_Biological_Process_2023,prerank,Positive Regulation Of NIK/NF-kappaB Signaling (GO:1901224),0.28230483967137643,0.751295040874182,0.975975975975976,1.0,1.0,19/53,20.13%,CD27;PHB1;TLR2;LRRC19;C1QTNF4;SASH1;RHOA;IL23A;DDX3X;RELA;CD86;PTP4A3;EIF2AK2;PDCD4;PHB2;RPS3;NOD1;LIMS1;TRIM44
TDRP,GO_Biological_Process_2023,prerank,COPII-coated Vesicle Budding (GO:0090114),0.3026615254220018,0.7512328007601965,0.9273743016759777,1.0,1.0,16/36,19.98%,TRAPPC3;TMED2;TRAPPC2B;SEC31B;SEC24A;TRAPPC1;TMED10;TRAPPC4;SH2D2A;CSNK1D;MIA3;SEC24C;CUL3;PEF1;PPP6C;SEC31A
TDRP,GO_Biological_Process_2023,prerank,Glycosaminoglycan Biosynthetic Process (GO:0006024),0.27897306362049396,0.750777612891459,0.9715099715099715,1.0,1.0,23/58,16.61%,HYAL1;CHST2;DSE;HS3ST1;ST3GAL3;CHST7;CHST9;HAS3;B3GNT4;CSGALNACT1;CSGALNACT2;CHSY3;HS3ST3A1;HS3ST3B1;CHST12;HAS2;CHPF;PXYLP1;B3GALT6;SLC35D2;B3GAT3;ST3GAL6;XYLT1
TDRP,GO_Biological_Process_2023,prerank,Ceramide Metabolic Process (GO:0006672),0.2845591136147567,0.7506839116458841,0.9611111111111111,1.0,1.0,8/54,7.40%,SGMS2;CERS3;SPTLC1;SPTSSB;SMPD2;SPTLC3;ALOX12B;ORMDL2
TDRP,GO_Biological_Process_2023,prerank,Positive Regulation Of Cell Cycle Process (GO:0090068),-0.27908648924373375,-0.7506247212493339,0.9788732394366197,1.0,1.0,40/118,23.29%,NPM2;RGCC;NSFL1C;DBF4B;SPAST;INSR;STIL;NCAPH;IGF1;RANBP1;PDGFRB;IL1A;INO80;DYNC1H1;SPAG5;DRD3;E2F7;SMC5;PLSCR1;PLK4;USP19;NUMA1;PKN2;NUP62;AURKC;KIF14;RAD21;CDC25B;PCID2;GIPC1;ATRX;CENPV;NCAPG;NCAPH2;XRCC3;GPSM2;WIZ;TGFA;UBXN2B;CDC14A
TDRP,GO_Biological_Process_2023,prerank,Negative Regulation Of Calcium Ion Transmembrane Transporter Activity (GO:1901020),0.3170902186047274,0.7505083749486962,0.8653846153846154,1.0,1.0,7/30,10.92%,DRD4;FKBP1A;GSTM2;FMR1;GSTO1;TRDN;CBARP
TDRP,GO_Biological_Process_2023,prerank,Establishment Of Protein Localization To Mitochondrion (GO:0072655),-0.31538170952332817,-0.7503970482742233,0.9072327044025157,1.0,1.0,17/44,24.27%,MGARP;TOMM40L;TOMM34;TIMM9;GRPEL1;FIS1;TIMM23B;TIMM44;ROMO1;TOMM5;BCAP31;GRPEL2;TIMM10;TIMM50;AIP;DNAJC19;TIMM8B
TDRP,GO_Biological_Process_2023,prerank,GPI Anchor Biosynthetic Process (GO:0006506),0.32148256404252795,0.7499160324110652,0.9122340425531915,1.0,1.0,9/29,13.26%,TP53INP2;PIGH;PGAP3;PIGS;PIGT;GPAA1;PIGM;MPPE1;PGAP2
TDRP,GO_Biological_Process_2023,prerank,Sphingosine Metabolic Process (GO:0006670),0.349037916406973,0.7496598564896513,0.8578680203045685,1.0,1.0,7/19,19.89%,SPTLC1;SPTSSB;SPTLC3;SGPP2;SGPP1;NAAA;PLPP3
TDRP,GO_Biological_Process_2023,prerank,Negative Regulation Of Axonogenesis (GO:0050771),0.3362007865465062,0.7496362206749145,0.9036458333333334,1.0,1.0,6/22,12.96%,MAG;RTN4;RTN4R;ULK2;GDI1;PTPRS
TDRP,GO_Biological_Process_2023,prerank,Mitotic Cell Cycle Checkpoint Signaling (GO:0007093),-0.3550444894120106,-0.7495180670392622,0.8227642276422764,1.0,1.0,9/25,17.70%,BABAM2;RAD50;PLK3;VPS4A;CDK5RAP3;CHMP4C;DEPDC1B;INTS3;NABP2
TDRP,GO_Biological_Process_2023,prerank,tRNA Aminoacylation (GO:0043039),0.33098688677664834,0.7494738461494181,0.8810810810810811,1.0,1.0,9/22,19.42%,GATC;EPRS1;MARS1;DARS2;RARS2;IARS1;HARS1;HARS2;LARS2
TDRP,GO_Biological_Process_2023,prerank,Positive Regulation Of Lipid Kinase Activity (GO:0090218),-0.34029939909713436,-0.7492092662760971,0.8888888888888888,1.0,1.0,7/30,18.40%,MAPT;TNFAIP8L3;F2;PDGFRB;NOD2;FGF2;PIK3R4
TDRP,GO_Biological_Process_2023,prerank,Neuron Differentiation (GO:0030182),-0.2674783451282275,-0.7489349976638152,0.9947159841479525,1.0,1.0,48/171,23.92%,NOTO;EPHA5;WNT3;OTP;WNT3A;BHLHA15;WNT5A;CDK5;WNT2B;ATOH1;ATP2B2;HS6ST1;FGF8;FZD1;NTRK2;ID2;PHOX2A;WNT9B;TENM1;THOC2;PBX3;IER2;FZD3;PBX4;LHX1;RYK;MYO7A;RNF112;BRINP3;WNK1;ALK;WNT9A;DDIT4;PCSK9;TGFBR1;TDP2;PTPRD;BRSK2;RUNX2;CFLAR;CDK5R1;WNT4;ERBB4;IRX3;SRF;UGDH;DMD;XBP1
TDRP,GO_Biological_Process_2023,prerank,Nucleic Acid Metabolic Process (GO:0090304),-0.33665758816623836,-0.7486026815705894,0.8785488958990536,1.0,1.0,10/30,20.45%,DDX24;DXO;RAD50;DDX1;DDX54;MMS19;DNA2;ATXN2;EXD2;WRN
TDRP,GO_Biological_Process_2023,prerank,Regulation Of Macromolecule Metabolic Process (GO:0060255),-0.26811425294223235,-0.7485181642450238,0.9918478260869565,1.0,1.0,49/159,25.04%,SIRPA;DPPA5;APP;ZNF513;AIF1;IGF1;ZNF335;ZC3H12A;PROX1;STX1B;TMPRSS4;STX3;HMG20A;MTMR2;SETD2;LHX1;AFF4;STOX1;ATXN7L3B;MEGF8;VHL;NPC1;PCBP2;SSH1;GNB3;COQ7;KHSRP;CHD6;IGF2BP1;CDK2;AFF1;ROCK2;TRIML2;KIF16B;FUBP3;MTMR1;AFF3;BMI1;TXK;POU5F1;TRIM17;HINFP;PSEN1;GBA1;PCBP3;RASA1;ATP1B1;AHR;TOB2
TDRP,GO_Biological_Process_2023,prerank,Hexose Biosynthetic Process (GO:0019319),-0.3254967924144809,-0.7476763116011325,0.8868501529051988,1.0,1.0,15/35,24.58%,PFKFB1;CRTC2;ENO3;SLC37A4;GPI;SLC39A14;ENO1;POLR2D;PPARGC1A;KHSRP;CRY1;ATF4;PGM1;PER2;SORD
TDRP,GO_Biological_Process_2023,prerank,Phosphatidylserine Metabolic Process (GO:0006658),-0.36471411755529304,-0.74760984707089,0.8850931677018633,1.0,1.0,5/20,17.88%,LPCAT3;ABHD16A;PTDSS2;PLSCR1;PLA2G15
TDRP,GO_Biological_Process_2023,prerank,Positive Regulation Of Endocytosis (GO:0045807),-0.29225631180172296,-0.7472436286322186,0.9534206695778749,1.0,1.0,22/79,21.14%,SIRPA;HFE;SFTPD;CALY;SMPD1;VPS28;DAB2;LRP1;ABCA7;MERTK;DOCK2;CD47;SERPINE1;DLL1;C3;ANKFY1;RAB27A;HNRNPK;TFR2;CAMK1D;GAS6;PYCARD
TDRP,GO_Biological_Process_2023,prerank,Purine-Containing Compound Biosynthetic Process (GO:0072522),-0.37723018240500583,-0.7469556134050428,0.8126064735945485,1.0,1.0,6/17,20.20%,GMPS;PNP;SHMT1;SLC4A7;MTHFD1;GART
TDRP,GO_Biological_Process_2023,prerank,Regulation Of Mitochondrial Membrane Potential (GO:0051881),-0.31699589568071146,-0.7468961503358756,0.9021207177814029,1.0,1.0,22/39,27.27%,BCO2;MAPT;LRRK2;BCL2L1;PIP5KL1;BAX;STOX1;SPART;BAK1;MTLN;PID1;HEBP2;TUSC2;VCP;SOD1;PYCR1;UBB;RNF122;RTL10;SLC25A33;ABL1;NDUFS1
TDRP,GO_Biological_Process_2023,prerank,Phosphatidylcholine Metabolic Process (GO:0046470),-0.30509867779518696,-0.7468302837902502,0.9189985272459499,1.0,1.0,12/55,17.88%,PLAAT2;LPCAT3;PLA2G2A;SLC44A4;PCYT1A;GPAT4;PLAAT1;PCYT1B;MUC1;SLC44A2;MBOAT7;PLA2G15
TDRP,GO_Biological_Process_2023,prerank,Positive Regulation Of Phospholipase Activity (GO:0010518),-0.36647900608945966,-0.7467798903423041,0.8714285714285714,1.0,1.0,4/20,16.24%,ESR1;PDGFRB;FGFR1;FGF2
TDRP,GO_Biological_Process_2023,prerank,Histone Acetylation (GO:0016573),0.28218867285303684,0.7467481259809142,0.9775910364145658,1.0,1.0,21/59,21.71%,VPS72;TAF12;SF3B5;SF3B3;MSL3;SUPT3H;WDR5;TAF2;MORF4L1;TADA2A;KAT2B;SUPT20H;ENY2;SGF29;EPC2;RUVBL1;DR1;TAF5L;TADA3;RUVBL2;TAF9
TDRP,GO_Biological_Process_2023,prerank,Negative Regulation Of Endothelial Cell Apoptotic Process (GO:2000352),-0.34740001709171053,-0.7466997660198901,0.8517298187808896,1.0,1.0,10/26,27.78%,ICAM1;GATA3;SERPINE1;IL11;GAS6;KDR;MEN1;PAK4;TEK;TNIP2
TDRP,GO_Biological_Process_2023,prerank,ERBB Signaling Pathway (GO:0038127),0.28228974521826533,0.7465698341076291,0.97953216374269,1.0,1.0,13/54,15.80%,IQGAP1;VIL1;ERBIN;PTK2B;BCAR1;PTPRR;AKT1;NRG3;DGKD;NRG1;PLCG1;FAM83B;SHC3
TDRP,GO_Biological_Process_2023,prerank,Negative Regulation Of Autophagy (GO:0010507),0.2775419538099865,0.7465659530133634,0.9700598802395209,1.0,1.0,22/61,20.54%,RRAGB;RPTOR;SIRT2;MLST8;QSOX1;NRBP2;LEP;EIF4G3;FOXK1;TLK2;TSC1;LEPR;LZTS1;DAPL1;TAB2;BMF;RRAGC;TBC1D14;RASIP1;TAB3;MTMR9;EIF4E
TDRP,GO_Biological_Process_2023,prerank,Response To Peptide (GO:1901652),0.3017700639782761,0.746388840746237,0.9392265193370166,1.0,1.0,12/37,18.80%,ANXA1;ERBIN;PRNP;EIF2B4;STAT4;MMP2;RAMP3;FYN;EIF2B2;INAVA;STAT5B;IRS1
TDRP,GO_Biological_Process_2023,prerank,Mitochondrion Disassembly (GO:0061726),0.30294278521411555,0.746110329247248,0.9419889502762431,1.0,1.0,10/36,14.40%,GABARAP;SNX7;FBXO7;GABARAPL1;WIPI2;MAP1LC3A;FUNDC2;ATG5;FUNDC1;ATG12
TDRP,GO_Biological_Process_2023,prerank,Heterochromatin Organization (GO:0070828),-0.32612278350422064,-0.7460865892083502,0.9079754601226994,1.0,1.0,15/38,20.33%,PRDM16;UHRF1;CBX3;SNAI1;BAZ2A;EZH1;LMNB1;TRIP12;UBR2;MTHFR;PPM1D;SETD7;HDAC5;KMT2D;PCID2
TDRP,GO_Biological_Process_2023,prerank,Positive Regulation Of Pattern Recognition Receptor Signaling Pathway (GO:0062208),-0.32061426692687844,-0.7459871645810253,0.9187898089171974,1.0,1.0,8/39,19.75%,DHX58;TRIM15;TLR5;IFI35;TRIM3;TIRAP;F2RL1;PJA2
TDRP,GO_Biological_Process_2023,prerank,Negative Regulation Of Protein Secretion (GO:0050709),0.2982692667271253,0.745876003936072,0.9487179487179487,1.0,1.0,13/39,20.55%,CCN3;DRD4;RAB11FIP5;CHGA;DPH3;SIRT4;BMP8A;CD200;APOE;KCNJ11;IRS1;RHBDF2;F2R
TDRP,GO_Biological_Process_2023,prerank,Signal Transduction By P53 Class Mediator (GO:0072331),-0.3377417146100504,-0.7457422935385106,0.8736,1.0,1.0,12/33,21.94%,PPP1R13B;PDK2;POU4F1;MYO6;E2F7;JMY;USP10;ATRX;PYCARD;BOK;SESN2;PAXIP1
TDRP,GO_Biological_Process_2023,prerank,Positive Regulation Of Stress-Activated MAPK Cascade (GO:0032874),-0.27928544019560586,-0.7455511399712764,0.9694019471488178,1.0,1.0,27/105,19.75%,DUSP19;ANKRD6;TAOK3;GDF6;APP;SPHK1;EDA2R;MTURN;NAIP;ZC3H12A;XIAP;AXIN1;BMP2;TRAF5;NOD2;MINK1;CCN2;TRAF4;TNIK;TRAF6;SCIMP;KLHDC10;TIRAP;MAP3K11;GADD45A;F2RL1;PJA2
TDRP,GO_Biological_Process_2023,prerank,Camera-Type Eye Development (GO:0043010),0.3262502391263626,0.7453860471741419,0.9051282051282051,1.0,1.0,4/25,10.57%,FOXE3;SHROOM2;FOXL2;TENM3
TDRP,GO_Biological_Process_2023,prerank,Regulation Of Amide Metabolic Process (GO:0034248),-0.31387262727852006,-0.7451831604871931,0.9257503949447078,1.0,1.0,19/41,26.53%,NR1H4;NANOS3;PCIF1;DUS3L;PKP3;ELP6;METTL18;ATXN2;PUM3;GEMIN5;GCN1;MAPKAPK5;CYFIP1;ELP2;METAP1;FOXO3;PRKCD;MSI1;ROCK1
TDRP,GO_Biological_Process_2023,prerank,protein-DNA Complex Assembly (GO:0065004),-0.30235061327111645,-0.7447850497142718,0.9309309309309309,1.0,1.0,24/59,26.92%,H2BC13;H2BC3;HAT1;NAP1L2;CHAF1A;CHAF1B;DMC1;CABIN1;NAP1L4;KAT6B;MACROH2A1;UBN1;GRWD1;ATRX;NAP1L1;CENPV;RSF1;H2BC17;H2BC9;H2BC8;NAA60;NAP1L3;POLE3;ASF1B
TDRP,GO_Biological_Process_2023,prerank,Regulation Of Microtubule-Based Process (GO:0032886),-0.31839793467719146,-0.7444567632426724,0.913312693498452,1.0,1.0,23/41,27.84%,MEMO1;TPPP;CCNL2;MAP6;MAP6D1;MAPT;PATJ;ATF5;KLHL42;IGBP1;EFNA5;TRIM36;DIAPH1;PRKAA2;PHLDB1;CLASP1;MACF1;BICD2;MPDZ;PHLDB2;ROCK1;TRAF3IP1;MARK4
TDRP,GO_Biological_Process_2023,prerank,Cell-Cell Junction Assembly (GO:0007043),-0.29090666377740293,-0.7443676729707611,0.9641791044776119,1.0,1.0,21/71,18.46%,PARD6B;TLN1;GJA1;CDH8;PATJ;CLDN5;PRKCA;ZNF703;CTNNA1;CDH22;FBF1;PKP3;CDH12;ARVCF;GJC1;JAM3;PKN2;CLDN11;CDH15;EPB41L3;CDH9
TDRP,GO_Biological_Process_2023,prerank,Microtubule Polymerization Or Depolymerization (GO:0031109),-0.3499661491917606,-0.7441964155665866,0.8548644338118022,1.0,1.0,11/27,22.33%,KIF2B;STMN4;TPPP;TPPP3;MAPT;CKAP5;FGF13;KIF2A;KIF14;KIF18B;ZNF207
TDRP,GO_Biological_Process_2023,prerank,Negative Regulation Of Catalytic Activity (GO:0043086),-0.3448043864314044,-0.744046679932692,0.8484848484848485,1.0,1.0,7/26,17.31%,NOTCH1;CAMK2A;SERPINA5;NOS1;PHPT1;IFIT1;NOSIP
TDRP,GO_Biological_Process_2023,prerank,Chromosome Condensation (GO:0030261),-0.33321842683693864,-0.7437823891193837,0.8860353130016051,1.0,1.0,10/31,21.19%,ERN2;H1-1;TOP2A;NCAPH;AIFM1;H1-3;H1-10;NCAPG;NCAPH2;H1-4
TDRP,GO_Biological_Process_2023,prerank,Regulation Of Notch Signaling Pathway (GO:0008593),0.272183164046622,0.7436750179503463,0.9878048780487805,1.0,1.0,19/70,16.91%,CDK3;NOS3;CCN3;POGLUT1;NEPRO;PRAG1;PRKCI;BEND6;ITGB1BP1;AKT1;ENHO;MMP14;HEY1;NEURL1;EGFL7;TSPAN15;POFUT1;YAP1;EPN2
TDRP,GO_Biological_Process_2023,prerank,Regulation Of Neuron Projection Development (GO:0010975),-0.26536185647213195,-0.7435432682408155,0.996031746031746,1.0,1.0,62/174,25.59%,SRCIN1;NOL3;WNT3A;ADCY6;P3H1;SHANK3;WNT5A;CDK5;CAMK1;SEZ6;PTPN9;FZD1;PLPPR5;NTRK1;ALKAL2;NTRK2;LYN;FES;STX1B;NCS1;LRRK2;CX3CL1;ARHGAP35;RELN;RAPGEF2;CSMD3;PTN;EPHA4;KIF26A;ULK4;SERPINI1;PAK3;PTEN;RET;DDR1;RTN4IP1;PDLIM5;PLXNB2;KANK1;CDKL5;RETREG3;CAMK1D;BRSK2;GSK3A;ROR2;RUFY3;RAB29;CDK5R1;LRRC7;ROR1;NLGN1;CDH2;PSEN1;BDNF;TOX;CBFA2T2;LPAR1;ITGA6;KIF1A;ATP1B2;LRRC4C;BAG5
TDRP,GO_Biological_Process_2023,prerank,Positive Regulation Of Phagocytosis (GO:0050766),-0.3023809689857203,-0.7435375486929223,0.9376947040498442,1.0,1.0,16/60,21.65%,SIRPA;SFTPD;UXT;CFP;C2;FCN3;MERTK;DOCK2;CD47;C3;RAB27A;F2RL1;CAMK1D;GAS6;PYCARD;COLEC11
TDRP,GO_Biological_Process_2023,prerank,Negative Regulation Of Catabolic Process (GO:0009895),-0.2925493371658704,-0.7434985667448303,0.9572271386430679,1.0,1.0,24/72,26.73%,HFE;GIT1;FMN2;ADGRB1;HDAC4;CDK5RAP3;BANP;NQO1;ZDHHC7;SNX12;ALK;PRKCG;RGP1;TAF1;CYP51A1;TRIM39;BSCL2;CSNK2A1;AZIN2;AZIN1;IRAK3;NCOR1;HMGCR;PHF20L1
TDRP,GO_Biological_Process_2023,prerank,Negative Regulation Of Developmental Process (GO:0051093),-0.2797387363525118,-0.7433851778997697,0.9557522123893806,1.0,1.0,45/108,27.77%,MGARP;ING2;RBBP7;TENT5C;SAP30;HEY2;MAPT;WNT9B;NOTCH1;SMARCA2;BMP2;ARPIN;SRGAP2C;KIAA0319;AMH;NFIB;RAPGEF3;GRIN3A;ARHGEF15;SINHCAF;DLL1;NOTCH4;VASH1;KANK1;FUZ;ROCK2;TET1;GAS6;PRKN;BCL7C;SFRP1;ACTL6B;BMP4;BRD9;KLF7;PARP1;ROCK1;ELAPOR2;RC3H1;SMARCD1;THY1;SUZ12;ANP32B;BICRAL;ING1
TDRP,GO_Biological_Process_2023,prerank,Regulation Of Mitotic Cell Cycle Spindle Assembly Checkpoint (GO:0090266),0.36404384761661013,0.7433267373033611,0.835820895522388,1.0,1.0,9/17,23.17%,GEN1;LCMT1;TPR;NDC80;CCNB1;AURKB;CDK5RAP2;DUSP1;INCENP
TDRP,GO_Biological_Process_2023,prerank,Regulation Of Granulocyte Macrophage Colony-Stimulating Factor Production (GO:0032645),-0.3918649587834393,-0.7432640333208573,0.8330578512396695,1.0,1.0,2/15,8.43%,IL23R;IL18
TDRP,GO_Biological_Process_2023,prerank,Regulation Of p38MAPK Cascade (GO:1900744),0.29939372262038344,0.7429326353300523,0.9431818181818182,1.0,1.0,8/37,10.88%,PER1;STK39;CYLD;DLG1;MAP3K4;SASH1;RASGRP1;LEP
TDRP,GO_Biological_Process_2023,prerank,RNA Catabolic Process (GO:0006401),-0.3032515187531659,-0.7429099264625892,0.9541420118343196,1.0,1.0,22/57,27.96%,SLFN14;DXO;SIDT2;NUDT12;PABPC4;ZFP36;DNA2;SND1;RNASEH2B;DIS3L2;RNASEH2A;EXOSC6;YTHDF2;HSPA1B;DIS3L;EXOSC7;SUPV3L1;RNASET2;RNH1;CNOT10;FEN1;PPP1R8
TDRP,GO_Biological_Process_2023,prerank,Cell Junction Organization (GO:0034330),-0.29798371789500366,-0.7428934372164212,0.9420505200594353,1.0,1.0,20/62,24.35%,PPFIA4;MARVELD3;APP;MAPT;MYOT;TJP2;HMCN2;APBB2;SEMA3E;PAK3;PPFIA1;SNCG;CXADR;SNCB;MYO9A;CHRNA7;GRHL2;LRP4;PSEN1;TJP3
TDRP,GO_Biological_Process_2023,prerank,Regulation Of Nucleotide-Excision Repair (GO:2000819),-0.344653900098359,-0.742713371624554,0.8502340093603744,1.0,1.0,14/26,28.99%,ARID2;SMARCE1;SMARCA2;SMARCC2;PHF10;DPF1;BCL7C;SMARCD2;ACTL6B;RAD52;SMARCD1;BCL7A;ACTL6A;PBRM1
TDRP,GO_Biological_Process_2023,prerank,Mitotic Chromosome Condensation (GO:0007076),0.366066547469142,0.7424277957407568,0.8383838383838383,1.0,1.0,7/15,21.43%,NUSAP1;PLK1;PHF13;TENT4A;KMT5A;CHMP1A;NCAPD3
TDRP,GO_Biological_Process_2023,prerank,Skeletal Muscle Organ Development (GO:0060538),-0.32812014416429547,-0.7424263539663937,0.9088,1.0,1.0,11/35,18.00%,MYMX;MYOZ2;ZBTB18;MYF6;STRA6;POPDC2;VRK3;SIX1;LARGE1;FXR1;IGSF8
TDRP,GO_Biological_Process_2023,prerank,Regulation Of Filopodium Assembly (GO:0051489),0.29134692484908165,0.7422586024002632,0.9532967032967034,1.0,1.0,16/43,21.87%,MYO3B;PIK3R1;PALM;FMR1;RALA;TGFB3;FXR2;NEURL1;CDC42;ARHGAP44;BCAS3;GPM6A;DOCK11;RAB5A;ARF6;TENM2
TDRP,GO_Biological_Process_2023,prerank,RNA Polymerase II Preinitiation Complex Assembly (GO:0051123),-0.3100716760728432,-0.742088526518564,0.9212962962962963,1.0,1.0,14/49,23.90%,MED21;MED18;ESR1;TAF13;MED23;TAF11;TAF1;TAF4B;GTF2A2;TBP;GTF2B;TAF10;TAF4;TAF6L
TDRP,GO_Biological_Process_2023,prerank,Ubiquitin-Dependent ERAD Pathway (GO:0030433),-0.29093272299628303,-0.741665539217346,0.9615384615384616,1.0,1.0,29/73,24.51%,MAN1A1;UBQLN1;TMEM67;RHBDD2;WFS1;UBXN10;TRIM13;DNAJC10;CALR3;CANX;NCCRP1;USP19;FOXRED2;TMUB2;OS9;ERLEC1;FAM8A1;EDEM1;UBXN4;FBXO2;ANKZF1;AUP1;ERLIN1;UBQLN2;VCP;ERLIN2;RNF185;DERL3;HERPUD1
TDRP,GO_Biological_Process_2023,prerank,Positive Regulation Of Leukocyte Proliferation (GO:0070665),0.3599934334013264,0.7416378802679164,0.8641025641025641,1.0,1.0,2/17,5.92%,IL5RA;MAPK3
TDRP,GO_Biological_Process_2023,prerank,Endocytic Recycling (GO:0032456),-0.2965752191468391,-0.741583179951363,0.9473684210526315,1.0,1.0,32/62,26.66%,PTPN23;MICALL2;WIPF3;VPS52;SNX4;MICALL1;VPS35L;EHD3;DENND1B;ANKRD50;SNX12;VAMP4;EHD2;WASHC2C;RAB11FIP3;WASH2P;VPS13B;STX16;LMTK2;STX6;ATP6AP1;EIPR1;VPS53;VPS26A;RAB11FIP4;DENND1C;WASHC1;EHD4;SNX17;EPS15;RAB14;SNX27
TDRP,GO_Biological_Process_2023,prerank,Regulation Of Insulin-Like Growth Factor Receptor Signaling Pathway (GO:0043567),-0.3625786028271893,-0.741483860153889,0.8517915309446255,1.0,1.0,4/19,9.42%,GHRH;MYORG;IGFBP3;IGF1
TDRP,GO_Biological_Process_2023,prerank,Nucleocytoplasmic Transport (GO:0006913),0.2835820509217063,0.7413920097592639,0.9727272727272728,1.0,1.0,18/49,17.91%,UBE2I;NUP43;SEH1L;NUP160;ATXN1;ANP32A;NUP153;NEMF;NUP93;HTATIP2;TPR;NDC1;BACH2;NUP88;RSRC1;NUP107;NUP188;NUP35
TDRP,GO_Biological_Process_2023,prerank,Mitotic Nuclear Division (GO:0140014),-0.30826365624787966,-0.7412470137592627,0.9295154185022027,1.0,1.0,21/45,23.21%,SPAST;ESPL1;KIF3B;INO80;CHMP7;SPAG5;SMC1A;WAPL;UBE2C;TUBG1;NUP62;DSN1;CENPI;CHMP4A;KIF18B;KNSTRN;CLASP1;KIF25;PPP2R2D;ZNF207;CHMP2A
TDRP,GO_Biological_Process_2023,prerank,Activation Of Cysteine-Type Endopeptidase Activity Involved In Apoptotic Process (GO:0006919),-0.2925597665615311,-0.741123444539332,0.965925925925926,1.0,1.0,23/67,22.99%,KHDC1L;IFT57;CASP9;CASP8;NLRP1;MAPT;HIP1R;BAX;AIFM1;JAK2;NLRP12;NGFR;EIF2AK3;PIDD1;COL4A3;BCL2L13;BEX3;CRADD;PYCARD;BOK;VCP;PDCD2;LCK
TDRP,GO_Biological_Process_2023,prerank,Regulation Of Interleukin-8 Production (GO:0032677),0.2645186517710103,0.7405705929025407,0.9966329966329966,1.0,1.0,25/81,21.14%,ANXA1;PARK7;IL17D;TLR2;HMGB1;RIPK1;ANXA4;LEP;RELA;HYAL2;NLRP10;LAMTOR5;CD58;CACTIN;OTUD7B;MAP2K5;NOD1;BCL3;ZNF580;HSPA1A;CNTN1;SYK;F2R;BCL10;FADD
TDRP,GO_Biological_Process_2023,prerank,Regulation Of NLRP3 Inflammasome Complex Assembly (GO:1900225),-0.3324362839951106,-0.7404795842639379,0.9046875,1.0,1.0,7/33,19.60%,CSNK1A1;IRGM;PYDC1;NLRC3;DEPDC1B;MAVS;DHX33
TDRP,GO_Biological_Process_2023,prerank,Regulation Of Cardiac Muscle Cell Action Potential (GO:0098901),0.3130481964400369,0.7401313828303671,0.9151193633952255,1.0,1.0,10/28,22.15%,HCN2;HCN3;DLG1;RANGRF;DSP;PKP2;CAV3;CAV1;TRPM4;CALM3
TDRP,GO_Biological_Process_2023,prerank,Positive Regulation Of Transcription By RNA Polymerase I (GO:0045943),-0.3264649311008718,-0.7398942494618846,0.8959627329192547,1.0,1.0,19/33,29.90%,PWP1;UTP15;EIF2AK3;DHX33;PIH1D1;HEATR1;MTOR;NOL11;ATF4;DDX21;RASL11A;DEK;MYBBP1A;NCL;BAZ1B;IPPK;WDR75;SIRT7;SF3B1
TDRP,GO_Biological_Process_2023,prerank,Negative Regulation Of Nervous System Development (GO:0051961),0.3543071719526204,0.7396143238377069,0.8534704370179949,1.0,1.0,7/18,20.83%,TLR2;SORL1;DYNLT1;MBD1;HOOK3;SLIT1;B2M
TDRP,GO_Biological_Process_2023,prerank,Organelle Organization (GO:0006996),-0.24740288002095476,-0.7395565176586477,1.0,1.0,1.0,129/414,24.06%,PRM2;CHMP6;MNS1;MAST3;CUL7;NOL3;CSNK1A1;NEDD9;PLEKHF1;VAPA;LIG4;GEM;GOLGA8T;GOLGA2;PAK6;GOLGB1;GOLGA6C;SEC16A;NSFL1C;GOLGA6A;CCDC32;FAM174B;CATIP;GOLGA8N;HAT1;MTX3;ATAD3C;GOLPH3L;GOLGA6B;TMED1;CHMP3;TOR1B;PEX11B;SMPD4;GOLGA8A;ZNF501;LETMD1;IQCG;LRRK2;PKD2;ARAP3;TERT;PLAAT1;YTHDF3;CHMP1B;BCS1L;CHMP7;RAB8A;ARHGEF7;LARP4;CAPZB;ANK1;VPS4A;LONP1;CHMP4C;RAB30;TMED6;PACSIN3;RNF112;LMAN1;TNIK;PACSIN2;NUMA1;ARMC2;AJUBA;HPS3;STX7;RAB2A;DYRK3;RAB32;ZFYVE16;EIF2AK3;ATP8B1;GOLPH3;LIMD1;DPYSL2;GABPB1;PPARGC1A;FGD5;CDC42BPB;VPS13D;GORASP1;FGD4;PEX7;USP6NL;DIAPH1;FMNL3;SNX11;DST;TTC17;RAB1B;CHMP4A;TMEM135;VPS18;VPS13B;AUP1;FGD1;ZMYM6;CXADR;DIAPH3;MTOR;YTHDF2;NECTIN2;PRKN;RAB29;MICAL3;FBXW8;CLASP1;KIF25;WASF3;BSCL2;FNBP1L;CAMSAP1;VPS4B;ATL1;TRAPPC8;TRAPPC11;UBXN2B;CNN2;PDCD6IP;CHMP2A;WDR73;OBSL1;PEX12;GBA1;SIPA1L3;COG1;CNTNAP1;RAB43
TDRP,GO_Biological_Process_2023,prerank,mRNA 3'-End Processing (GO:0031124),0.2940588974920208,0.7395533597626213,0.9590643274853801,1.0,1.0,9/40,13.20%,CPSF4L;MBLAC1;SYMPK;PCF11;ZNF473;RPRD2;NUDT21;CSTF2;LSM11
TDRP,GO_Biological_Process_2023,prerank,protein-DNA Complex Organization (GO:0071824),-0.2985048208562128,-0.7393747900084697,0.9530791788856305,1.0,1.0,18/59,22.96%,EZHIP;CDAN1;MOS;PHF1;HMG20A;CBX3;VCX;SATB1;LRWD1;MTA2;HDAC11;SETD7;HDAC5;HDAC10;ATRX;SUV39H1;EHMT1;HMGN2
TDRP,GO_Biological_Process_2023,prerank,Anaphase-Promoting Complex-Dependent Catabolic Process (GO:0031145),0.33528598607418303,0.73933184980178,0.8856382978723404,1.0,1.0,9/21,18.13%,ANAPC5;ECRG4;ANAPC13;CDC26;CDC27;UBE2S;FBXO31;ANAPC7;CUL3
TDRP,GO_Biological_Process_2023,prerank,Proteasomal Protein Catabolic Process (GO:0010498),-0.25698984458451263,-0.7393276916330268,1.0,1.0,1.0,75/219,23.92%,ASB2;CSNK1A1;SIAH3;FBXL22;TRIM72;DTX4;PSMD7;DDIT3;NSFL1C;ENC1;RNF216;MAEA;RCAN3;PSMA1;RNF139;CUL4B;AXIN1;TRIM21;KCTD10;BTRC;TRIM13;TRIM3;KBTBD7;RNF4;APPBP2;USP44;PELI1;RNF34;KCTD5;CDC34;ARRB1;AXIN2;KLHL42;TRIP12;ERLEC1;UBXN1;KLHDC3;TBL1X;SPSB4;WWP2;UBXN6;PCBP2;RHOBTB3;PSMC3;PSMB7;KIF14;PJA2;RMND5A;SHARPIN;PSMD6;KCTD17;ARRB2;ZFAND2B;UBE2G1;SPOP;PSMD3;PSMA4;KCTD2;BRSK2;PRKN;GSK3A;PSMB5;UBE2W;GID4;CUL1;VCP;RAD23A;PSMD1;SKP1;UBXN2B;RNF185;PEX12;PSMA5;ANKRD9;XBP1
TDRP,GO_Biological_Process_2023,prerank,Gluconeogenesis (GO:0006094),-0.3295781949287322,-0.7387046298620902,0.8829953198127926,1.0,1.0,12/32,21.41%,PFKFB1;CRTC2;ENO3;SLC37A4;GPI;SLC39A14;ENO1;POLR2D;PPARGC1A;KHSRP;CRY1;PGM1
TDRP,GO_Biological_Process_2023,prerank,Protein Localization To Nucleus (GO:0034504),0.25150638639291784,0.7383864450362647,1.0,1.0,1.0,50/121,21.55%,LMNB2;FAM53A;CTDNEP1;AKIRIN2;RPAIN;TOR1A;TNPO2;NUP153;PLK1;FAM53B;NUP93;RANGRF;AKT1;APLP2;TOPORS;UTP25;TPR;DVL1;NXT1;NUP88;NXT2;STK3;RAP1GDS1;IPO11;RRS1;NUP107;INTS13;NUTF2;TOR1AIP1;TNPO3;IPO5;MORC3;CALR;NUP188;ARL2BP;XPA;PHB2;TBRG1;NUP214;BCL3;STK4;IPO9;SYK;KPNA3;MDM2;NUP85;KPNB1;PEX2;NUP50;SIX4
TDRP,GO_Biological_Process_2023,prerank,Proteoglycan Biosynthetic Process (GO:0030166),-0.3268594672788375,-0.7383837219794864,0.905144694533762,1.0,1.0,13/32,24.61%,BMPR2;EXTL1;GLCE;NDST3;IGF1;CHST10;EXT2;XYLT2;GAL3ST4;EXT1;GAL3ST3;UGDH;CHST13
TDRP,GO_Biological_Process_2023,prerank,Positive Regulation Of Ras Protein Signal Transduction (GO:0046579),-0.3059856286341097,-0.7378628771797265,0.9263622974963182,1.0,1.0,15/51,20.37%,MMD2;MAP4K4;NTRK1;IGF1;NOTCH1;ADGRG1;ALS2;P2RY8;AKAP13;ARRB1;GPR20;NOTCH2;STK19;F2RL1;RASGEF1A
TDRP,GO_Biological_Process_2023,prerank,Positive Regulation Of Production Of Molecular Mediator Of Immune Response (GO:0002702),-0.31955397525359075,-0.7376717059741118,0.9192546583850931,1.0,1.0,9/38,21.00%,WNT5A;HLA-E;XCL1;GPI;NOD2;SCIMP;POLR2D;F2RL1;SLC7A5
TDRP,GO_Biological_Process_2023,prerank,Positive Regulation Of Protein Import Into Nucleus (GO:0042307),0.31285469858055087,0.7375312388276363,0.8981233243967829,1.0,1.0,12/28,22.37%,PIK3R1;EFCAB7;HDAC3;TPR;HYAL2;IPO5;CHP2;ZIC1;UBR5;TRIM28;FLNA;ZPR1
TDRP,GO_Biological_Process_2023,prerank,Positive Regulation Of Proteasomal Protein Catabolic Process (GO:1901800),-0.2825823070641778,-0.736736559675205,0.9765739385065886,1.0,1.0,28/90,22.18%,CSNK1A1;TRIB3;RNF144B;ECSCR;RNF19B;DAB2;KCNE2;LRRK2;AXIN1;PIAS1;ARIH1;CEBPA;KEAP1;AXIN2;USP5;FBXO22;PRICKLE1;PSMC3;TRIB2;TAF1;BAG2;PRKN;GSK3A;RCHY1;TMTC3;VCP;HSPA1B;RAD23A
TDRP,GO_Biological_Process_2023,prerank,Positive Regulation Of Inflammatory Response (GO:0050729),-0.2770395381523116,-0.7367216853956785,0.9845722300140253,1.0,1.0,22/103,19.76%,WNT5A;TRADD;APP;NLRP1;PLA2G2A;IFI35;IL18;C2CD4B;NAIP;CX3CL1;PTGER4;CEBPA;SNX4;CD47;SERPINE1;GPSM3;IL6ST;NLRP12;GRN;MGST2;FEM1A;IGF2BP1
TDRP,GO_Biological_Process_2023,prerank,Peptide Catabolic Process (GO:0043171),0.3353191402397344,0.7364852905492024,0.9050131926121372,1.0,1.0,10/21,20.01%,CPQ;DPEP1;TPP1;ADAMTS13;ERAP1;LTA4H;LNPEP;XPNPEP1;IDE;TRHDE
TDRP,GO_Biological_Process_2023,prerank,Establishment Of Mitotic Spindle Localization (GO:0040001),0.30645722110843077,0.7364177067628934,0.9240837696335078,1.0,1.0,16/34,21.31%,NUSAP1;PKHD1;NDEL1;CENPA;PLK1;HDAC3;DYNLT1;ZW10;SPDL1;NDC80;SAPCD2;NDE1;CDK5RAP2;FBXW11;KPNB1;PAFAH1B1
TDRP,GO_Biological_Process_2023,prerank,Regulation Of Viral Entry Into Host Cell (GO:0046596),-0.3118288081584072,-0.7363774368967099,0.9333333333333333,1.0,1.0,10/43,13.63%,HLA-DRB1;SMPD1;CD74;FURIN;TMPRSS4;FCN3;TRIM21;TMPRSS2;P4HB;RFPL2
TDRP,GO_Biological_Process_2023,prerank,Negative Regulation Of Proteasomal Protein Catabolic Process (GO:1901799),-0.3168400050768191,-0.7363419388612422,0.9046153846153846,1.0,1.0,18/39,25.59%,HFE;GABARAPL2;PANO1;USP7;WAC;CAMLG;UBXN1;USP9X;MAP1A;PRKCG;GIPC1;AQP11;TRIM39;PSME3IP1;NOP53;USP25;N4BP1;BAG5
TDRP,GO_Biological_Process_2023,prerank,Positive Regulation Of Lipid Metabolic Process (GO:0045834),-0.34347990296772823,-0.7362810430139398,0.8745819397993311,1.0,1.0,5/24,14.33%,HSD17B13;ANGPTL3;F2;MLXIPL;CREBL2
TDRP,GO_Biological_Process_2023,prerank,Cell-Cell Adhesion Via Plasma-Membrane Adhesion Molecules (GO:0098742),-0.26472142443054664,-0.7362448756587218,0.998661311914324,1.0,1.0,53/170,24.56%,AMIGO1;ITGAL;ITGB2;PCDHB13;PCDHB9;DSG2;CLDN18;PCDHB14;ATP2C1;CD177;TGFBR2;CLDN4;PCDHB4;ICAM1;ROBO4;PKD1;CLDN7;CDH23;CDH8;TENM1;CLDN5;FLRT3;KIRREL3;CDH22;MYOT;CDH12;HMCN2;MPZL2;PTPRT;ADGRL1;CLDN11;CDH15;ADGRL3;CDH9;CLDN15;PLXNB2;LRFN5;IGSF21;CXADR;PTPRD;NECTIN2;PTPRM;UNC5D;CLDN6;CLDN12;SDK2;NLGN1;CDH2;CNTN2;CEACAM19;PTPRF;CDH7;FGFRL1
TDRP,GO_Biological_Process_2023,prerank,Regulation Of Potassium Ion Transport (GO:0043266),-0.33571755319199204,-0.7357918320667398,0.8943217665615142,1.0,1.0,8/30,17.56%,KCNE5;KCNE2;KCNIP4;NOS1;CACNA1D;KCNAB2;DPP6;KCNIP2
TDRP,GO_Biological_Process_2023,prerank,Positive Regulation Of Embryonic Development (GO:0040019),0.34190663393761267,0.7356768445724182,0.8770053475935828,1.0,1.0,2/20,1.62%,KHDC3L;FOXA2
TDRP,GO_Biological_Process_2023,prerank,Cellular Response To Nerve Growth Factor Stimulus (GO:1990090),0.33849910833393415,0.7356179795296192,0.8776041666666666,1.0,1.0,8/21,15.30%,STMN2;MAGI2;EHD1;NTF3;AKT1;RAP1A;TMEM108;NGF
TDRP,GO_Biological_Process_2023,prerank,Hematopoietic Progenitor Cell Differentiation (GO:0002244),0.31712572513993337,0.7356122084625368,0.9130434782608695,1.0,1.0,6/28,18.26%,SBDS;MLF1;FSTL3;INHBA;PRRC2C;MIXL1
TDRP,GO_Biological_Process_2023,prerank,Negative Regulation Of Amyloid-Beta Formation (GO:1902430),0.36014772365581726,0.73551364266289,0.8654822335025381,1.0,1.0,4/16,8.91%,RTN4;PRNP;BIN1;SORL1
TDRP,GO_Biological_Process_2023,prerank,Negative Regulation Of Oxidative Stress-Induced Intrinsic Apoptotic Signaling Pathway (GO:1902176),-0.37935043168613847,-0.7352944034310233,0.8597359735973598,1.0,1.0,5/16,21.13%,NOL3;NME5;SOD2;HTRA2;PRKN
TDRP,GO_Biological_Process_2023,prerank,"Regulation Of Alternative mRNA Splicing, Via Spliceosome (GO:0000381)",-0.3041210375168235,-0.7352497632522831,0.9427244582043344,1.0,1.0,28/52,26.78%,SMU1;RBM47;THRAP3;CELF6;RBM7;RBM11;RBM24;SAP18;HNRNPA1;TIA1;RBMX;FXR1;KHDRBS2;HNRNPA0;CELF2;HNRNPL;RBM15B;PUF60;NSRP1;RNPS1;RBM4;YTHDC1;NOVA1;FAM172A;SRSF6;TRA2B;KHDRBS3;CELF5
TDRP,GO_Biological_Process_2023,prerank,Positive Regulation Of Endopeptidase Activity (GO:0010950),-0.3327485298359211,-0.7350342198935391,0.8931419457735247,1.0,1.0,13/29,25.37%,SEMG1;VSIR;EFNA1;GRIN2B;LYN;GRIN1;EPHA4;ROCK2;PYCARD;EFNA3;PSME2;NCSTN;STAT3
TDRP,GO_Biological_Process_2023,prerank,Transition Metal Ion Transport (GO:0000041),-0.3323354641354287,-0.7349378677865176,0.8981191222570533,1.0,1.0,16/32,24.77%,ATP2C1;MELTF;SLC41A2;ATP2C2;SLC30A6;SLC31A2;SLC30A5;ATP7B;CUTC;TFR2;CP;SLC39A8;SLC11A2;SLC30A8;F3;SLC31A1
TDRP,GO_Biological_Process_2023,prerank,DNA Repair (GO:0006281),-0.25053222514581674,-0.7348234170794231,1.0,1.0,1.0,103/291,25.66%,FAAP24;LIG4;XRCC5;FANCB;MLH3;RFC5;NEIL2;FANCI;NHEJ1;RAD51C;BABAM2;GTF2H2C;RAD50;TDG;XRCC4;APEX2;DDX1;NSD2;CUL4B;NSMCE3;UBE2N;HUS1;RAD51B;INO80;TICRR;SETD2;FAAP20;BACH1;USP44;CDKN2D;DCLRE1C;KMT5C;POLL;NSMCE4A;MMS19;DEPDC1B;MGMT;WDR33;SMC1A;OGG1;MUTYH;PDS5A;INTS3;MACROH2A1;DNA2;POLA1;MLH1;ALKBH1;ERCC1;LIG3;NABP2;GCNA;PIAS4;CHEK2;FANCF;GTF2H1;XRCC2;GADD45A;TRRAP;RNASEH2B;UNG;EXD2;WDHD1;UVRAG;RAD21;ENDOV;RNASEH2A;DCLRE1A;RNF168;WRN;ATRX;TRIP13;TDP2;FANCD2;TRAIP;RECQL;RFWD3;XRCC3;FBH1;EXO5;VCP;RAD23A;UPF1;H2AC25;MEN1;ATM;BTG2;COMMD1;MBD4;HROB;HINFP;POLD1;NOP53;PSME4;ERCC4;ASCC3;GTF2H3;RAD52;ERCC3;DDB2;PDS5B;PARP1;RAD18
TDRP,GO_Biological_Process_2023,prerank,DNA Geometric Change (GO:0032392),0.3146539396073643,0.7345863074497844,0.9139240506329114,1.0,1.0,8/28,13.50%,HMGB1;DHX36;MCM9;HNRNPA2B1;DDX11;ZRANB3;POT1;DTD1
TDRP,GO_Biological_Process_2023,prerank,Negative Regulation Of Cell Cycle (GO:0045786),-0.28281431459212186,-0.7339959795262971,0.9720998531571219,1.0,1.0,31/84,25.30%,FBXO43;PPP1R13B;HECA;GATA3;CDKN2A;TENT5B;HHEX;BMP2;CDKN1A;PTPN3;CEBPA;NPPC;INCA1;BRINP3;NR4A1;PTEN;HTRA2;BTG1;CDK5RAP1;SUV39H1;HEXIM2;LATS2;CDKN1B;BRINP2;MEN1;BTG2;LATS1;CDKN1C;BMP4;BRINP1;TFAP4
TDRP,GO_Biological_Process_2023,prerank,Negative Regulation Of Plasma Membrane Bounded Cell Projection Assembly (GO:0120033),-0.33280071470515976,-0.7339577468896434,0.8964346349745331,1.0,1.0,15/29,26.34%,UXT;TACSTD2;SRGAP2C;CAPZB;EVI5L;EVL;KANK1;CEP97;LIMK2;RAP1GAP;ARHGAP24;KIF24;CCP110;TCHP;PRKCD
TDRP,GO_Biological_Process_2023,prerank,Regulation Of Lamellipodium Assembly (GO:0010591),-0.3266704629563852,-0.7339144833379334,0.9011164274322169,1.0,1.0,8/33,18.16%,CARMIL2;WAS;ACTR3;RAC2;CAPZB;PIK3CA;EPHA2;ACTR2
TDRP,GO_Biological_Process_2023,prerank,Activation Of NF-kappaB-inducing Kinase Activity (GO:0007250),0.366363026159213,0.7336575538878206,0.8442822384428224,1.0,1.0,3/15,5.21%,TNFSF15;TNFRSF10A;COPS8
TDRP,GO_Biological_Process_2023,prerank,Negative Regulation Of Release Of Cytochrome C From Mitochondria (GO:0090201),-0.3772111002316937,-0.7336518063171297,0.8595600676818951,1.0,1.0,7/16,21.13%,NOL3;HGF;IGF1;BCL2L1;BAK1;GPX1;PRKN
TDRP,GO_Biological_Process_2023,prerank,Sterol Homeostasis (GO:0055092),0.2626511443264739,0.7336499830490001,0.9885714285714285,1.0,1.0,18/73,17.00%,ACSM1;ABCD1;DISP3;APOA1;PLA2G10;RALY;CYP39A1;APOM;EHD1;MTTP;LAMTOR1;NR1D1;FABP3;AKR1C1;FGFR4;TMEM97;MALL;APOE
TDRP,GO_Biological_Process_2023,prerank,Negative Regulation Of ERBB Signaling Pathway (GO:1901185),0.35119149920287007,0.7334885248646537,0.8605769230769231,1.0,1.0,9/18,20.89%,PTPN18;CBLC;TSG101;ZFYVE28;PTPRJ;PTPN12;RNF126;LGMN;DAB2IP
TDRP,GO_Biological_Process_2023,prerank,Positive Regulation Of Cytokinesis (GO:0032467),0.2917004122528411,0.7331787801736939,0.9595375722543352,1.0,1.0,8/39,19.38%,MAP10;CXCR5;RHOA;KIF20B;CIT;CDC42;CUL3;SVIL
TDRP,GO_Biological_Process_2023,prerank,Epoxygenase P450 Pathway (GO:0019373),-0.37962211137803537,-0.7326281013397148,0.859504132231405,1.0,1.0,3/17,19.19%,CYP2C8;CYP2E1;CYP1B1
TDRP,GO_Biological_Process_2023,prerank,Artery Development (GO:0060840),-0.35760556699754087,-0.7325189288241117,0.8762057877813505,1.0,1.0,5/23,11.17%,BMPR2;TGFBR2;STRA6;ANGPTL3;PKD2
TDRP,GO_Biological_Process_2023,prerank,Regulation Of Receptor Signaling Pathway Via JAK-STAT (GO:0046425),-0.30463470919122815,-0.7324894769675354,0.9342301943198804,1.0,1.0,12/52,20.45%,F2;GPI;NOTCH1;CAMK2A;SH2B3;MST1;GHR;JAK2;VHL;PTPN2;CYP1B1;SOCS3
TDRP,GO_Biological_Process_2023,prerank,Regulation Of Transferase Activity (GO:0051338),0.32916798075336223,0.7324806859393179,0.9088541666666666,1.0,1.0,6/21,16.21%,JMJD8;SPTSSB;PARP4;HPF1;KAT2B;SPINDOC
TDRP,GO_Biological_Process_2023,prerank,Phospholipid Biosynthetic Process (GO:0008654),-0.33760278636029273,-0.7324180292794422,0.8940170940170941,1.0,1.0,6/26,12.33%,VAPA;DHDDS;DOLK;DOLPP1;AGPAT5;IDI2
TDRP,GO_Biological_Process_2023,prerank,Rac Protein Signal Transduction (GO:0016601),-0.37734870113063557,-0.7317918159382898,0.8656462585034014,1.0,1.0,10/17,29.44%,TIAM1;AIF1;WASF1;CYFIP1;GARRE1;NCKAP1;HACE1;RAC3;RHOG;RAC1
TDRP,GO_Biological_Process_2023,prerank,Filopodium Assembly (GO:0046847),-0.37041249004070353,-0.7315937794588095,0.8484848484848485,1.0,1.0,6/17,20.28%,SPAG6;SPATA13;FGD5;FGD4;FMNL3;FGD1
TDRP,GO_Biological_Process_2023,prerank,Positive Regulation Of Protein Modification By Small Protein Conjugation Or Removal (GO:1903322),-0.2875833409354611,-0.7314703814604262,0.9722222222222222,1.0,1.0,28/78,21.94%,PTTG1IP;SPHK1;FANCI;UBQLN1;WFS1;ZC3H12A;UBE2L3;XIAP;NSMCE3;DCUN1D1;LRRK2;AXIN1;HDAC4;PIAS1;CDK5RAP3;FBXO33;TRAF6;DCUN1D2;PIAS4;PRICKLE1;SEPTIN4;RIPK2;DCUN1D3;CRY1;TSPYL5;GSK3A;RCHY1;PAXIP1
TDRP,GO_Biological_Process_2023,prerank,Positive Regulation Of Protein Localization To Plasma Membrane (GO:1903078),-0.30222544401797397,-0.7314027932370913,0.9556868537666174,1.0,1.0,10/51,13.37%,AKAP5;CNPY4;ATP2C1;LGALS3;PTPN9;SQSTM1;LRP1;ZDHHC8;STX3;STAC3
TDRP,GO_Biological_Process_2023,prerank,Gamma-Aminobutyric Acid Signaling Pathway (GO:0007214),-0.359713911324784,-0.7312133525872132,0.864321608040201,1.0,1.0,4/20,13.65%,GABRA1;GABBR2;GABRA4;GABRR1
TDRP,GO_Biological_Process_2023,prerank,Positive Regulation Of Cell-Matrix Adhesion (GO:0001954),0.2891619245606113,0.729879012171525,0.9761194029850746,1.0,1.0,9/43,16.55%,MYOC;UTRN;FUT1;PTK2B;NRG1;TSC1;CSF1;PTPRJ;S100A10
TDRP,GO_Biological_Process_2023,prerank,Regulation Of Macroautophagy (GO:0016241),-0.276438555222193,-0.7293463353955266,0.9842180774748924,1.0,1.0,33/94,24.62%,LARP1;GPSM1;EXOC8;CDK5;UBQLN1;SCOC;WAC;LRRK2;TRIM13;TSC2;ULK1;PIK3CA;SNX5;ATP6V1H;ATP6V0A2;PIK3R4;ATP6V1B2;SESN1;SESN3;PRKAA2;MTOR;SESN2;UBQLN2;ATP6V1G2;CDK5R1;CLEC16A;KDR;VPS26A;ATP6V0A1;GBA1;SMCR8;SH3GLB1;BECN1
TDRP,GO_Biological_Process_2023,prerank,Positive Regulation Of Interleukin-10 Production (GO:0032733),-0.334932243512416,-0.7292317304784557,0.890937019969278,1.0,1.0,10/29,26.62%,TIGIT;XCL1;PIBF1;NOD2;IRF4;F2RL1;PYCARD;PLCG2;STAT3;CD46
TDRP,GO_Biological_Process_2023,prerank,Peptidyl-Tyrosine Modification (GO:0018212),0.2724909377717949,0.7288666801988347,0.991304347826087,1.0,1.0,13/54,16.35%,TTBK1;DDR2;EPHA3;PDGFRA;PTK2B;JAK3;ABI3;CLK2;BTK;ABL2;FYN;FGFR4;CLK4
TDRP,GO_Biological_Process_2023,prerank,Positive Regulation Of Lymphocyte Differentiation (GO:0045621),-0.3154620337661687,-0.728620168862463,0.9150943396226415,1.0,1.0,14/39,24.07%,ARID2;GATA3;SMARCE1;IL7;SMARCA2;SMARCC2;PHF10;GAS6;INPP5D;SMARCD2;RHOH;XBP1;PPP2R3C;ACTL6B
TDRP,GO_Biological_Process_2023,prerank,DNA-templated Transcription (GO:0006351),-0.255679566973536,-0.7274702189634349,1.0,1.0,1.0,79/198,26.87%,TBPL2;DTX1;GMEB2;KLF13;ZBTB7B;TAF13;TCEA3;TFDP1;GTF3C5;NAT14;EPC1;POLR2C;PWP1;ZNF141;BAZ2A;POLR3A;GTF2F1;POLR2A;TAF1C;GTF2A1L;RBMX;CREBL2;ETV7;NFIX;GTF2F2;SMN1;TAF11;LHX1;MMS19;CCDC124;MTERF3;PMF1;TCEA2;POLR2D;TFB2M;GTF2H1;GTF2E1;THRB;NOCT;DIDO1;NFE2L3;POLR2E;POLRMT;ARRB2;TAF1;TRIP13;RSF1;ATF4;POLR3G;FUBP3;GTF2A2;CEBPD;TBP;DDX21;GTF2B;DEK;TAF10;RNPS1;TAF4;THAP1;PTMA;MTERF1;XBP1;GTF3C2;POLR2G;POLR3K;SCX;GTF2H3;E2F1;ERCC3;POLR1C;SNAPC3;PARP1;NCOA6;GARS1;FOXO3;POLR2B;GTF2A1;SLC25A33
TDRP,GO_Biological_Process_2023,prerank,"Synaptic Transmission, Glutamatergic (GO:0035249)",-0.33511292011541294,-0.7268918540281641,0.9027777777777778,1.0,1.0,9/27,15.30%,GRIN3B;GRIN2B;SLC17A8;GRIK3;NAPA;UNC13B;GRIK1;GRIN3A;GRIA1
TDRP,GO_Biological_Process_2023,prerank,Regulation Of Double-Strand Break Repair Via Nonhomologous End Joining (GO:2001032),0.31687323916724297,0.7266386765793754,0.904639175257732,1.0,1.0,10/25,19.99%,MAD2L2;SHLD1;SHLD2;POT1;WRAP53;MRNIP;PRKDC;TFIP11;ERCC6;KMT5B
TDRP,GO_Biological_Process_2023,prerank,Positive Regulation Of Mitochondrial Fission (GO:0090141),0.349377854977108,0.726614843191046,0.8819095477386935,1.0,1.0,4/19,10.90%,MIEF2;MUL1;DDHD1;RALA
TDRP,GO_Biological_Process_2023,prerank,Response To Epidermal Growth Factor (GO:0070849),0.3059554932300124,0.7264794143194546,0.9485861182519281,1.0,1.0,11/30,18.09%,IQGAP1;VIL1;MAPK3;SYAP1;MARS1;TPR;MED1;PLCG1;PTPN12;EEF1A1;STAT5B
TDRP,GO_Biological_Process_2023,prerank,Chondrocyte Differentiation (GO:0002062),0.3089510344085968,0.7263756877596309,0.9490084985835694,1.0,1.0,10/29,17.95%,SNX19;CCN3;SULF1;BMPR1B;SOX6;SLC26A2;WNT5B;GPLD1;CREB3L2;SOX5
TDRP,GO_Biological_Process_2023,prerank,Regulation Of calcineurin-NFAT Signaling Cascade (GO:0070884),-0.3202139608114457,-0.726298593505222,0.9265625,1.0,1.0,12/33,26.28%,AKAP5;MYOZ2;IGF1;CHP1;PPP3CB;HOMER3;DYRK2;HOMER2;PPP3CC;AKAP6;PLCG2;CIB1
TDRP,GO_Biological_Process_2023,prerank,Glucose Metabolic Process (GO:0006006),-0.29334794345761434,-0.7260623725156771,0.9586410635155096,1.0,1.0,20/59,24.58%,H6PD;PFKFB1;CRTC2;ENO3;SLC37A4;GPI;SLC39A14;ENO1;BRAT1;GDPGP1;POLR2D;PPARGC1A;KHSRP;CRY1;ATF4;PGM1;IRS2;GAA;PER2;SORD
TDRP,GO_Biological_Process_2023,prerank,Monoatomic Cation Homeostasis (GO:0055080),-0.28447760201754835,-0.7259930783413322,0.9750733137829912,1.0,1.0,23/77,22.38%,HFE;SLC12A7;SLC12A3;UNC80;WFS1;SCNN1B;SCNN1G;XIAP;SLC39A14;LETMD1;GRIN1;JPH2;FAM20A;SLC12A6;WNK1;CIB2;CUTC;TFR2;SLC12A2;SCNN1A;SLC39A8;SLC11A2;ALPL
TDRP,GO_Biological_Process_2023,prerank,Positive Regulation Of Blood Vessel Endothelial Cell Migration (GO:0043536),0.2783424515732255,0.725886990653714,0.9690140845070423,1.0,1.0,12/45,18.23%,NOS3;ANXA1;HMGB1;RHOJ;HIF1A;AKT1;ATP5F1B;PLCG1;HSPB1;AKT3;ANGPT1;ANGPT4
TDRP,GO_Biological_Process_2023,prerank,Endothelial Cell Migration (GO:0043542),-0.3168772431650368,-0.725431495597839,0.9433070866141732,1.0,1.0,18/39,29.11%,LPXN;ADGRA2;CORO1B;FSTL1;PIK3CA;STARD13;NR4A1;TNFSF12;CYP1B1;GIPC1;MEN1;LGALS8;PXN;PLXND1;PRKX;VEGFA;MYH9;EMP2
TDRP,GO_Biological_Process_2023,prerank,Positive Regulation Of Type I Interferon Production (GO:0032481),-0.2927126847810428,-0.7253603377841927,0.9682779456193353,1.0,1.0,19/64,21.49%,DHX58;TRIM15;TICAM1;OAS3;TRIM56;NMB;XIAP;SETD2;POLR3A;CHUK;POLR3C;GARIN5A;RIGI;RIPK2;MAVS;PTPN11;DHX33;POLR3G;POLR3B
TDRP,GO_Biological_Process_2023,prerank,Regulation Of Protein Localization To Membrane (GO:1905475),-0.3328907920095027,-0.7252752357140854,0.8788819875776398,1.0,1.0,9/28,23.48%,CDK5;GPC1;VPS4A;APPL1;ZDHHC7;STX7;ZDHHC2;PRKN;SPTBN1
TDRP,GO_Biological_Process_2023,prerank,Regulation Of GTPase Activity (GO:0043087),-0.25353943919992095,-0.7248310121047344,0.9987179487179487,1.0,1.0,63/210,22.38%,TBC1D15;ALS2CL;EPHA5;GPSM1;CD40;PROM2;GPR137B;DOCK8;KLRK1;CPEB2;XCL1;MAP4K4;RAPGEFL1;NTRK1;NTRK2;RGS8;RALGPS1;LRCH1;LRRK2;GMIP;CX3CL1;RGS11;ALS2;RASA4;CCL26;ARHGEF7;RAPGEF3;RAPGEF2;RAPGEF4;EVI5L;PLXNA2;EPHA4;SOS1;TBC1D10B;WNK1;RASGRP2;RGS16;ARHGAP9;EFNA5;LARS1;FGD5;DOCK7;FGD4;PLXNB2;USP6NL;ARHGAP11A;WDR41;RABGAP1;F2RL1;RGP1;RAB11FIP2;ARHGAP27;CDKL5;FGD1;RASGEF1A;SNX18;PREX1;RAPGEF5;RALGDS;ARHGAP12;DOCK10;PLXNB1;SFRP1
TDRP,GO_Biological_Process_2023,prerank,Carboxylic Acid Metabolic Process (GO:0019752),-0.3231332849239297,-0.7248184460217634,0.923202614379085,1.0,1.0,10/33,18.37%,LIPT2;SLC2A1;PON3;SLC2A3;AMH;N6AMT1;GLUD1;SLC23A2;ST3GAL1;AS3MT
TDRP,GO_Biological_Process_2023,prerank,Negative Regulation Of Cellular Response To Growth Factor Stimulus (GO:0090288),-0.28581081814735865,-0.724777720338526,0.9748892171344166,1.0,1.0,16/71,17.04%,SOSTDC1;CHRDL1;SMAD6;CHRD;CREB3L1;LRP2;SULF2;GPC1;NOTCH1;HHEX;VWC2L;TNFAIP6;CRIM1;FGF2;SPART;CASK
TDRP,GO_Biological_Process_2023,prerank,Regulation Of Protein Processing (GO:0070613),0.31325491609075096,0.7246408826507833,0.9305912596401028,1.0,1.0,6/25,12.76%,PRNP;PLAUR;NLRC4;RHBDD1;SERPINE2;ADAM8
TDRP,GO_Biological_Process_2023,prerank,NAD Metabolic Process (GO:0019674),-0.34720567038354005,-0.7245653651823458,0.8875192604006163,1.0,1.0,9/22,24.01%,NUDT12;MDH1B;NAMPT;NMNAT1;ME1;NADSYN1;HAAO;VCP;NUDT17
TDRP,GO_Biological_Process_2023,prerank,Positive Regulation Of Macrophage Derived Foam Cell Differentiation (GO:0010744),-0.36803642765793965,-0.7245572722656494,0.870253164556962,1.0,1.0,5/17,16.71%,PLA2G2A;IL18;MSR1;APOB;PF4
TDRP,GO_Biological_Process_2023,prerank,Regulation Of Stem Cell Population Maintenance (GO:2000036),-0.29277168036001056,-0.7243367456084028,0.9675425038639877,1.0,1.0,26/56,28.77%,KAT2A;ING2;RBBP7;ELAVL1;SAP30;SMARCE1;WNT9B;SMARCA2;PTN;SINHCAF;PHF10;ZC3H13;NCOA3;TET1;BCL7C;TAF6L;ACTL6B;BRD9;CNOT1;SMARCD1;HMGA2;BICRAL;ING1;SIRT6;BCL7A;ACTL6A
TDRP,GO_Biological_Process_2023,prerank,Intrinsic Apoptotic Signaling Pathway By P53 Class Mediator (GO:0072332),-0.3222213791534059,-0.724328731717963,0.9090909090909091,1.0,1.0,11/35,21.18%,PPP1R13B;PDK2;POU4F1;HIPK1;JMY;USP28;DYRK2;TMEM109;DDIT4;PYCARD;BOK
TDRP,GO_Biological_Process_2023,prerank,Positive Regulation Of Wound Healing (GO:0090303),-0.31117937034550097,-0.7241177860707793,0.9494470774091627,1.0,1.0,13/39,26.68%,HPSE;CLDN4;ST3GAL4;F2;APOH;SERPINE1;KANK1;MTOR;F12;HBEGF;XBP1;MYLK;THBS1
TDRP,GO_Biological_Process_2023,prerank,Regulation Of Necroptotic Process (GO:0060544),-0.35451907903868907,-0.7239366516140766,0.8636363636363636,1.0,1.0,8/20,22.40%,FZD9;CASP8;PELI1;AIFM1;IGF2BP1;PRKN;CFLAR;ARHGEF2
TDRP,GO_Biological_Process_2023,prerank,Entrainment Of Circadian Clock By Photoperiod (GO:0043153),-0.3467114751182043,-0.723867146094653,0.8725165562913907,1.0,1.0,10/22,24.81%,SIK1;ID2;PDE6B;PER3;CRY1;PPP1CA;PPP1CC;PPP1CB;PER2;RBM4
TDRP,GO_Biological_Process_2023,prerank,Positive Regulation Of Protein Catabolic Process (GO:0045732),-0.276579572198974,-0.7236544121111177,0.9911242603550295,1.0,1.0,27/92,22.79%,ASB5;WNT5A;OAZ3;ECSCR;STX5;VPS28;FURIN;PLK3;KCNE2;AXIN1;NSF;PLK2;PACSIN3;TNFRSF1B;PSMC3;TNFSF12;TIPARP;PCSK9;BAG2;PRKN;GSK3A;NKD1;VGLL4;TMTC3;VCP;CDKN1B;CSNK2A1
TDRP,GO_Biological_Process_2023,prerank,Cellular Response To Growth Factor Stimulus (GO:0071363),-0.2578067624287417,-0.7235887430053223,1.0,1.0,1.0,46/155,22.69%,BMPR2;WNT5A;KLF4;CD44;SPHK1;TGFBR2;CRKL;XCL1;CORO1B;HGF;TDGF1;LRP2;EMD;MAPT;NTRK1;INPP5K;DUSP22;OVOL2;NOTCH1;HAS1;ZFP36;RPS6KB1;BMP2;ACVR2B;SNAI2;NOS1;TMEM100;RAPGEF2;APPL1;DUSP3;PDE8A;SLC4A7;NR4A1;HTRA2;ADAMTS12;PTPN11;TGFBR1;ACVR2A;PRKD2;WWOX;KNSTRN;RUNX2;MAPK14;SFRP1;WNT4;KDR
TDRP,GO_Biological_Process_2023,prerank,Regulation Of Cyclin-Dependent Protein Kinase Activity (GO:1904029),-0.2954183483141553,-0.7231560800678749,0.9640718562874252,1.0,1.0,25/53,27.88%,CDKN3;CDKN2A;CCNJ;CCNE2;CCNB3;CCNA1;CCNE1;CDKN1A;SERTAD1;CDKN2D;CDK5RAP3;STOX1;CNPPD1;GTF2H1;GADD45A;CDK5R1;CCND1;CDKN1B;CDKN1C;CDC6;GTPBP4;CCNF;CDC25C;CCND2;HSP90AB1
TDRP,GO_Biological_Process_2023,prerank,Retrotransposon Silencing (GO:0010526),0.33821061817885467,0.7230398205420722,0.8921052631578947,1.0,1.0,6/21,17.96%,APOBEC3F;TUT4;TEX19;MOV10;APOBEC3B;TEX15
TDRP,GO_Biological_Process_2023,prerank,Regulation Of Stress Fiber Assembly (GO:0051492),0.2578708312073235,0.7228891986274062,0.9941690962099126,1.0,1.0,23/74,18.36%,MYOC;APOA1;PIK3R1;SYNPO2L;RHOA;ITGB1BP1;DYNLL1;FHOD1;ACTG1;TESK1;RHOC;PFN1;TSC1;PFN2;TGFB3;ARHGEF5;SERPINF2;LIMK1;CDC42;S100A10;ALMS1;TPM1;ARHGAP6
TDRP,GO_Biological_Process_2023,prerank,Negative Regulation Of Calcium Ion Transmembrane Transport (GO:1903170),0.3315774852543782,0.7228816590441828,0.9232736572890026,1.0,1.0,4/19,10.92%,FKBP1A;BIN1;TMBIM6;CBARP
TDRP,GO_Biological_Process_2023,prerank,Embryonic Limb Morphogenesis (GO:0030326),-0.32162906917614936,-0.7228547248612454,0.9137380191693291,1.0,1.0,14/34,30.09%,TBX3;ECE1;GLI3;MEGF8;CACNA1C;ZNF358;TGFB2;WDPCP;CREBBP;PTCH1;RARG;OXSR1;INTU;NIPBL
TDRP,GO_Biological_Process_2023,prerank,Negative Regulation Of NIK/NF-kappaB Signaling (GO:1901223),-0.3349692281121071,-0.7224010499079334,0.9177631578947368,1.0,1.0,7/27,16.24%,TRIM15;IFI35;NLRP2;ZC3H12A;PPM1B;NLRC3;NLRP12
TDRP,GO_Biological_Process_2023,prerank,RNA Phosphodiester Bond Hydrolysis (GO:0090501),0.3087263008872776,0.7220616753258307,0.9306666666666666,1.0,1.0,8/28,12.13%,RNASEH1;POP1;NUDT16;PCF11;ELAC1;ZC3H12C;NYNRIN;TOE1
TDRP,GO_Biological_Process_2023,prerank,Negative Regulation Of Telomere Maintenance Via Telomerase (GO:0032211),0.34223333108747367,0.7217541845045085,0.8769230769230769,1.0,1.0,7/19,17.77%,TERF1;GNL3L;TINF2;PIF1;POT1;CTC1;EXOSC10
TDRP,GO_Biological_Process_2023,prerank,Monoubiquitinated Histone Deubiquitination (GO:0035521),0.31379152297395374,0.721672411848974,0.9090909090909091,1.0,1.0,12/27,21.71%,TAF12;SF3B5;SF3B3;SUPT3H;TAF2;KAT2B;SUPT20H;ENY2;SGF29;TAF5L;TADA3;TAF9
TDRP,GO_Biological_Process_2023,prerank,Monoubiquitinated Histone H2A Deubiquitination (GO:0035522),0.31379152297395374,0.721672411848974,0.9090909090909091,1.0,1.0,12/27,21.71%,TAF12;SF3B5;SF3B3;SUPT3H;TAF2;KAT2B;SUPT20H;ENY2;SGF29;TAF5L;TADA3;TAF9
TDRP,GO_Biological_Process_2023,prerank,Protein K48-linked Deubiquitination (GO:0071108),-0.3421019744393485,-0.7215612360762883,0.8841269841269841,1.0,1.0,5/24,10.73%,USP34;OTUB2;OTUD7A;MINDY1;OTUB1
TDRP,GO_Biological_Process_2023,prerank,Regulation Of Hippo Signaling (GO:0035330),0.32499125834942355,0.7212699068041939,0.8929577464788733,1.0,1.0,5/24,9.12%,CORO7;DLG5;SCHIP1;WWC3;MOB3B
TDRP,GO_Biological_Process_2023,prerank,Positive Regulation Of Protein Dephosphorylation (GO:0035307),0.30351756003412184,0.7211242338549783,0.9366391184573003,1.0,1.0,12/33,22.15%,CD300A;DYNLL1;MAGI2;PPP2R5A;PPIA;CAMTA1;GNA12;NSMF;AMBRA1;SPPL3;PPP1R7;CALM3
TDRP,GO_Biological_Process_2023,prerank,Regulation Of Nervous System Development (GO:0051960),-0.3088419771890798,-0.7210545794465915,0.9510703363914373,1.0,1.0,18/46,24.54%,WNT3;GBX1;HEY2;HES7;TYMP;CX3CL1;NPHP3;PTN;DLL1;FXR1;TNFRSF1B;KIF14;DOCK7;YTHDF2;HES6;LEF1;PER2;PRUNE1
TDRP,GO_Biological_Process_2023,prerank,Positive Regulation Of RNA Splicing (GO:0033120),-0.3299499116497827,-0.7209939177027723,0.9035769828926905,1.0,1.0,10/32,19.91%,RBM20;HABP4;THRAP3;TRA2A;DYRK1A;POLR2A;RBMX;RBM22;HNRNPLL;SLC38A2
TDRP,GO_Biological_Process_2023,prerank,Positive Regulation Of Cell Cycle Phase Transition (GO:1901989),-0.36972070166427295,-0.7205476172916724,0.8986486486486487,1.0,1.0,7/17,27.64%,CDC73;FAM83D;KLHL18;DYRK3;PLCG2;NANOGP8;ZNF16
TDRP,GO_Biological_Process_2023,prerank,Regulation Of Cellular Catabolic Process (GO:0031329),-0.28780939692651,-0.7205069906989572,0.9771341463414634,1.0,1.0,23/62,21.18%,TRIB3;GPR137B;DDIT3;MAPT;DEPP1;WAC;LRRK2;RAB8A;DRAM1;KEAP1;KAT8;CISD2;ACER2;ITPR1;PIK3R4;DCAF12;DAPK1;RMC1;WDR41;UVRAG;USP10;PRKN;BOK
TDRP,GO_Biological_Process_2023,prerank,Regulation Of Phosphorylation (GO:0042325),-0.2774667038075799,-0.7199718828590322,0.9865871833084948,1.0,1.0,24/82,24.98%,UXT;APP;CDKN2A;IGF1;LYN;CDKN1A;AMH;CDKN2D;LDB2;PTGES3;GLMN;KDM4D;MCM7;PLXNB2;BTBD10;KCTD20;CD24;SESN2;CDKN1B;PSEN1;CDKN1C;BMP4;NOP53;ITGA6
TDRP,GO_Biological_Process_2023,prerank,Extrinsic Apoptotic Signaling Pathway Via Death Domain Receptors (GO:0008625),0.30077247986782196,0.719741359141286,0.9426934097421203,1.0,1.0,14/30,22.39%,DDX47;GABARAP;TNFRSF10A;BID;DDX3X;DEDD;NGF;ZDHHC3;DAB2IP;FADD;MOAP1;CASP8AP2;DAXX;TNFRSF1A
TDRP,GO_Biological_Process_2023,prerank,Cellular Response To Organonitrogen Compound (GO:0071417),-0.26868332102025455,-0.7194691498251268,0.9927849927849928,1.0,1.0,32/104,21.24%,LARP1;NR1H4;HTR1B;RAP1B;P2RY6;SLC26A6;INPP5K;PKD2;CTNNA1;RAPGEF3;P2RY1;RAPGEF2;P2RX7;CPEB4;RRAGA;SLC26A3;SHMT1;CIB2;P2RX4;AKAP9;P2RY11;SSH1;GOLPH3;LARS1;RRAGD;DIAPH1;TAF1;RYR3;ROCK2;MTOR;P2RX3;SESN2
TDRP,GO_Biological_Process_2023,prerank,Negative Regulation Of Developmental Growth (GO:0048640),0.29686027025755873,0.7194643978761639,0.9657894736842105,1.0,1.0,7/31,12.96%,MAG;RTN4;WWC3;RTN4R;ULK2;MYOZ1;PTPRS
TDRP,GO_Biological_Process_2023,prerank,Negative Regulation Of Endothelial Cell Migration (GO:0010596),-0.3113247774361505,-0.7191492340926409,0.9299065420560748,1.0,1.0,11/37,21.19%,RGCC;ADGRB1;NOTCH1;APOH;SP100;SYNJ2BP;FGF2;ADAMTS9;VASH1;GADD45A;PTPRM
TDRP,GO_Biological_Process_2023,prerank,Regulation Of Small Molecule Metabolic Process (GO:0062012),-0.30522359986645875,-0.7191027965946205,0.96,1.0,1.0,10/40,21.13%,NR1H4;PDK2;DGKQ;PDK1;ABCG1;GNB3;FOXK2;PANK2;PRKAG2;PRKN
TDRP,GO_Biological_Process_2023,prerank,Regulation Of Release Of Cytochrome C From Mitochondria (GO:0090199),0.28691176265603024,0.7190605383482755,0.9736147757255936,1.0,1.0,17/41,21.37%,HRK;GHITM;PRELID1;PLAUR;PPIF;AVP;BAD;BID;PDCD5;PMAIP1;FXN;MFF;BMF;TRIAP1;DNM1L;CIDEB;MOAP1
TDRP,GO_Biological_Process_2023,prerank,Regulatory ncRNA Processing (GO:0070918),-0.3218482171130042,-0.7190279086030689,0.9134466769706336,1.0,1.0,11/35,25.77%,PNLDC1;TSNAX;TERT;TSN;TDRD1;ZC3H7B;PLD6;TDRD12;PRKRA;ANKRD34B;DICER1
TDRP,GO_Biological_Process_2023,prerank,Regulation Of Vacuole Organization (GO:0044088),0.351981556690589,0.7189517630337791,0.8934010152284264,1.0,1.0,10/16,24.97%,ELAPOR1;SCARB2;TBC1D12;TBC1D14;RAB5A;IFT20;MTMR3;IFT88;MTM1;EPHB2
TDRP,GO_Biological_Process_2023,prerank,Organic Cyclic Compound Biosynthetic Process (GO:1901362),-0.32524230140096916,-0.7181732554854389,0.9015625,1.0,1.0,9/29,21.46%,HSD17B1;GCH1;FDFT1;FDXR;LIAS;PYCR3;GPHN;CYP51A1;GUCY2C
TDRP,GO_Biological_Process_2023,prerank,Cytoskeleton-Dependent Cytokinesis (GO:0061640),0.257414915565404,0.717989811490177,1.0,1.0,1.0,23/81,17.85%,STAMBP;NUSAP1;EXOC3;KIF20A;SEPTIN5;DCTN3;CENPA;SEPTIN9;PLK1;RHOA;EXOC2;SEPTIN1;SON;SNX9;RHOC;TTC19;APC;UNC119;CIT;SEPTIN6;USP8;AURKB;MITD1
TDRP,GO_Biological_Process_2023,prerank,Organelle Fusion (GO:0048284),0.3231174596245865,0.7179744052185096,0.9103260869565217,1.0,1.0,10/26,20.97%,MFN1;MIEF2;VPS11;CHCHD3;GDAP1;MFF;EEA1;RCC1L;MFN2;CIDEB
TDRP,GO_Biological_Process_2023,prerank,Connective Tissue Development (GO:0061448),0.2893421166856283,0.7179393350830284,0.9739884393063584,1.0,1.0,12/38,18.94%,HYAL1;COL11A2;SULF1;SOX6;HYAL2;SNORC;COL2A1;TRIP11;CREB3L2;SOX5;PGRMC2;GHRL
TDRP,GO_Biological_Process_2023,prerank,Positive Regulation Of Wnt Signaling Pathway (GO:0030177),-0.26852609063432636,-0.7179203180949445,0.994277539341917,1.0,1.0,33/108,24.56%,FZD9;USP34;WNT3A;ZEB2;CSNK1G1;SULF2;CDC73;XIAP;HHEX;NRARP;LRRK2;TERT;BMP2;TNKS2;PPM1B;DEPDC1B;SFRP4;LGR6;WNK1;TBL1X;FRAT1;RNF220;DAAM2;KANK1;VCP;MRPS12;SFRP1;CSNK2A1;MACF1;PPM1N;SPIN1;RSPO2;JRK
TDRP,GO_Biological_Process_2023,prerank,Cellular Response To Inorganic Substance (GO:0071241),0.3354110320394984,0.7175002694469945,0.896551724137931,1.0,1.0,2/18,2.92%,AOC1;DPEP1
TDRP,GO_Biological_Process_2023,prerank,Regulation Of Microtubule Polymerization Or Depolymerization (GO:0031110),-0.33417545709009017,-0.7173752055608639,0.9036918138041734,1.0,1.0,10/27,25.40%,STMN4;MAPT;MAPRE3;MAP1A;SKA3;GBA2;CLASP1;CAMSAP1;PRUNE1;MAP1S
TDRP,GO_Biological_Process_2023,prerank,Regulation Of Integrin-Mediated Signaling Pathway (GO:2001044),-0.3559525270225446,-0.7171587430417017,0.8795180722891566,1.0,1.0,6/19,22.99%,LAMB2;CD177;PHACTR4;LAMB1;LOXL3;NID1
TDRP,GO_Biological_Process_2023,prerank,Negative Regulation Of Programmed Cell Death (GO:0043069),-0.23933596254759615,-0.7170744224382373,1.0,1.0,1.0,132/379,28.04%,NOL3;PAX2;PROC;SMAD6;AIFM2;NR1H4;ANGPTL4;RNF144B;WNT5A;PAX7;SMAD5;TBX3;HTR2B;FMN2;CD44;SPHK1;FCMR;POU4F1;FANK1;MAP4K4;PTMS;HGF;STIL;TDGF1;LRP2;BABAM2;KANK2;CD74;TENT5B;NTRK1;WFS1;IGF1;NAIP;DAB2;CARD14;SOX8;PLK3;FSTL1;GLO1;IFIT3;XIAP;IL7;BCL2L1;CX3CL1;RPS6KB1;UBE2Z;DNAJC3;IFI6;PLK2;AMH;ATF5;IGF1R;CD38;ZNF268;IL6ST;MGMT;FKBP8;CITED2;NOTCH2;IER3;VHL;PIDD1;MMP9;NUP62;HNRNPK;GOLPH3;FAS;AREL1;RPS6KA3;CIAPIN1;KIF14;TMEM109;PRKAA2;LSM8;PCID2;SOCS3;MTOR;GAS6;NIBAN2;ARHGDIA;CFLAR;CAT;SERPINB9;HSPA1B;SFRP1;MYDGF;KDR;ERBB4;BCL2L2;THOC6;WDR73;LEF1;PTMA;PSEN1;XBP1;SRC;BMP4;SH3RF1;BECN1;SCX;HAX1;RASA1;SUPV3L1;PRDX2;CBL;TAX1BP1;BAG1;GCLC;GSTP1;MALT1;MIEN1;PRR5;SNCA;CIB1;TNFAIP8;NUAK2;BAG4;THBS1;HSPA5;HMGA2;TEK;FHL2;MAPKAP1;PA2G4;ANXA5;CCND2;ZNF16;MAD2L1;BNIP2;PAK2;HSP90B1;TMEM14A
TDRP,GO_Biological_Process_2023,prerank,Establishment Of Mitotic Spindle Orientation (GO:0000132),0.3119812745438345,0.7170072089485057,0.9384615384615385,1.0,1.0,13/29,19.64%,PKHD1;NDEL1;CENPA;PLK1;HDAC3;DYNLT1;ZW10;SPDL1;NDC80;SAPCD2;NDE1;CDK5RAP2;FBXW11
TDRP,GO_Biological_Process_2023,prerank,Fatty Acid Derivative Biosynthetic Process (GO:1901570),0.3102970809424901,0.7170026549440964,0.9450261780104712,1.0,1.0,6/26,13.76%,SLC25A1;PAM;SLC27A5;PPT2;GGT1;FAR1
TDRP,GO_Biological_Process_2023,prerank,Homotypic Cell-Cell Adhesion (GO:0034109),-0.3020856101240631,-0.7164865128972381,0.9613670133729569,1.0,1.0,13/46,21.90%,CDHR2;CDHR5;TLN1;STXBP3;STXBP1;CLIC1;TJP2;TYRO3;XG;CXADR;RAP2B;UBASH3B;CSRP1
TDRP,GO_Biological_Process_2023,prerank,Gland Development (GO:0048732),-0.2832408131129641,-0.7164170029178962,0.9734904270986745,1.0,1.0,20/73,20.38%,TBX3;CEBPG;STRA6;TDGF1;PHF1;PROX1;IGSF3;UGT1A8;PKD2;SIX1;ARHGAP35;CEBPA;CDK5RAP3;NOTCH4;COBL;CITED2;HESX1;SOX3;PCSK9;TGFBR1
TDRP,GO_Biological_Process_2023,prerank,Cellular Response To Gamma Radiation (GO:0071480),-0.37312299948946104,-0.7164150240180877,0.8784440842787682,1.0,1.0,4/16,20.65%,XRCC5;TMEM109;WRN;TSPYL5
TDRP,GO_Biological_Process_2023,prerank,Regulation Of Transcription By RNA Polymerase III (GO:0006359),0.3138799803994945,0.7164006993970164,0.9184210526315789,1.0,1.0,6/26,13.09%,RPTOR;ZC3H8;DHX36;ZNF345;POLR3F;NAB2
TDRP,GO_Biological_Process_2023,prerank,Organic Hydroxy Compound Biosynthetic Process (GO:1901617),0.2801581255529779,0.7162688707658819,0.9736147757255936,1.0,1.0,7/42,8.20%,OSBPL7;ALOX15;BAAT;PARK7;PNPO;CYP39A1;SQLE
TDRP,GO_Biological_Process_2023,prerank,Extrinsic Apoptotic Signaling Pathway (GO:0097191),-0.2845293714808181,-0.7162659669235047,0.9712990936555891,1.0,1.0,19/67,21.18%,G0S2;TRADD;CASP8;TNFRSF10B;HIPK1;BCL2L1;BAX;ITGAV;P2RX7;CD70;JAK2;TNFRSF1B;BAK1;MLLT11;TNFSF12;FAS;CRADD;GSK3A;BOK
TDRP,GO_Biological_Process_2023,prerank,Positive Regulation Of Cell Development (GO:0010720),-0.31262090949165927,-0.715784855976778,0.9303405572755418,1.0,1.0,6/35,9.48%,LMOD3;LIG4;OPRM1;MYF6;LRP2;ZNF335
TDRP,GO_Biological_Process_2023,prerank,Transepithelial Transport (GO:0070633),-0.36434557924983113,-0.7157490844187693,0.8608,1.0,1.0,7/17,23.89%,SLC1A1;SLC26A6;CLCNKB;BEST1;SLC12A2;CXADR;ABCC2
TDRP,GO_Biological_Process_2023,prerank,Heterochromatin Formation (GO:0031507),-0.3271990937719038,-0.7156868247440356,0.9273570324574961,1.0,1.0,18/30,28.47%,UHRF1;CBX3;BAZ2A;EZH1;LMNB1;TRIP12;UBR2;PPM1D;HDAC5;NRDE2;KMT2D;CTBP1;L3MBTL1;FAM172A;POLE3;HMGA2;LMNA;SPTY2D1
TDRP,GO_Biological_Process_2023,prerank,Regulation Of Proteasomal Protein Catabolic Process (GO:0061136),-0.2958648728694434,-0.7156657577754263,0.9619651347068146,1.0,1.0,23/53,26.11%,GABARAPL2;ECSCR;PKD1;KCNE2;RHBDF1;GLMN;USP19;PSMC3;GPX1;UFL1;PRKCG;BAG2;PRKN;XPO1;TMTC3;RAD23A;COMMD1;PSME3IP1;PSMD14;UBB;PSME2;FBXW7;UBQLN4
TDRP,GO_Biological_Process_2023,prerank,Regulation Of DNA Methylation-Dependent Heterochromatin Formation (GO:0090308),-0.36767642586375354,-0.7149705403730766,0.8756218905472637,1.0,1.0,5/17,20.70%,ATF7IP2;TASOR;DYRK1A;MPHOSPH8;TET1
TDRP,GO_Biological_Process_2023,prerank,Regulation Of Steroid Biosynthetic Process (GO:0050810),-0.37261810107704413,-0.7148427408365603,0.8808724832214765,1.0,1.0,3/16,12.02%,NR1H4;DGKQ;BMP2
TDRP,GO_Biological_Process_2023,prerank,Cellular Response To Corticosteroid Stimulus (GO:0071384),0.3607492044924098,0.7143699265290264,0.8883374689826302,1.0,1.0,3/15,13.69%,ANXA1;FAM107A;SSTR2
TDRP,GO_Biological_Process_2023,prerank,Carbohydrate Catabolic Process (GO:0016052),-0.306393218760873,-0.7142796299625976,0.9396825396825397,1.0,1.0,8/41,14.66%,PKLR;NEU1;PFKFB1;NEU4;ENO3;GPI;ENO1;GAPDHS
TDRP,GO_Biological_Process_2023,prerank,Negative Regulation Of Rho Protein Signal Transduction (GO:0035024),0.3497205918321824,0.7141614192912341,0.8944723618090452,1.0,1.0,6/17,18.60%,MYOC;KCTD13;DYNLL1;FLCN;CUL3;RASIP1
TDRP,GO_Biological_Process_2023,prerank,Positive Regulation Of Receptor Signaling Pathway Via STAT (GO:1904894),-0.3139197446860593,-0.7139070534406834,0.9485981308411215,1.0,1.0,7/37,19.19%,CRLF2;F2;NOTCH1;CAMK2A;GHR;JAK2;CYP1B1
TDRP,GO_Biological_Process_2023,prerank,Modulation By Host Of Symbiont Process (GO:0051851),0.2816767584572396,0.7133892634819277,0.9860335195530726,1.0,1.0,11/42,17.25%,JUN;RRP1B;LRRC19;CHD1;TARDBP;SMARCA4;NAPEPLD;CDC42;CDK9;EEA1;HPN
TDRP,GO_Biological_Process_2023,prerank,Purine Ribonucleotide Metabolic Process (GO:0009150),-0.27340249170141556,-0.7132778972124906,0.9898550724637681,1.0,1.0,23/83,24.89%,SULT1B1;ACSM3;EFNA1;SULT1A2;GPAT4;OLA1;LRRK2;ADSS2;CTNS;SULT2B1;EPHA2;ACOT7;GMPR2;RAB23;ACOT8;ACSM6;AK4;HSPA1B;ACOT9;ENTPD7;ADSS1;TPST1;ATP1B1
TDRP,GO_Biological_Process_2023,prerank,DNA Metabolic Process (GO:0006259),-0.24276337011846622,-0.7129665159474629,1.0,1.0,1.0,108/288,25.66%,LIG4;XRCC5;RFC5;RAG1;TOP1;PTMS;RAD51C;TOP2A;RAD50;TDG;TYMS;ORC3;NSMCE3;UBE2N;POLA2;HUS1;RAD51B;RMI1;TERT;INO80;INSL6;TICRR;SP100;DMC1;BACH1;DCLRE1C;LONP1;CDC34;INO80E;KMT5C;POLL;PTGES3;AXIN2;NSMCE4A;MMS19;MGMT;LRWD1;ENDOG;SMC1A;OGG1;REV1;MUTYH;DNASE1;PDS5A;INTS3;MACROH2A1;DNA2;POLA1;ALKBH1;ERCC1;LIG3;NABP2;MCM7;SMARCAD1;GTF2H1;XRCC2;TOP1MT;GADD45A;TRRAP;TCF7L2;UNG;GRWD1;EXD2;FAM111B;WDHD1;TSN;UVRAG;RAD21;ENDOV;INO80D;TOP2B;RNASEH2A;CDK2;POLD2;YY1;WRN;ATRX;NAP1L1;NFRKB;MCM5;RECQL;RTEL1;XRCC3;FBH1;VCP;UPF1;THAP9;MEN1;ATM;BTG2;MBD4;SET;HINFP;MCM4;POLD1;CDC45;MCM8;NOP53;PSME4;ERCC4;GTF2H3;SUPV3L1;RAD52;ERCC3;DDB2;PDS5B;PARP1;RAD18
TDRP,GO_Biological_Process_2023,prerank,Regulation Of Monoatomic Ion Transmembrane Transporter Activity (GO:0032412),-0.2836864637858638,-0.7125856751316393,0.9772036474164134,1.0,1.0,20/68,22.18%,FXYD3;YWHAE;OPRM1;APP;KCNE5;SCN4B;SCN3B;PTPN3;MINK1;FXYD2;RELN;CACNA1D;CACNG2;CNIH4;WWP2;DAPK1;CACNG8;HOMER1;SHANK1;GSG1L
TDRP,GO_Biological_Process_2023,prerank,Regulation Of Glycogen Biosynthetic Process (GO:0005979),-0.3310220271810229,-0.7122806662124067,0.9149277688603531,1.0,1.0,5/25,9.42%,PPP1R3C;PPP1R3G;INSR;INPP5K;IGF1
TDRP,GO_Biological_Process_2023,prerank,Histone Deacetylation (GO:0016575),0.2905554139718782,0.7122654118099713,0.9787878787878788,1.0,1.0,10/35,14.15%,HDAC6;HDAC2;SIRT2;MSL3;RBBP4;SIRT4;HDAC3;MBD3;HDAC8;MORF4L1
TDRP,GO_Biological_Process_2023,prerank,tRNA Wobble Uridine Modification (GO:0002098),0.3449571322669474,0.7119803848463016,0.8837772397094431,1.0,1.0,5/15,19.47%,ELP5;DPH3;MOCS3;TRMT9B;CTU2
TDRP,GO_Biological_Process_2023,prerank,Cellular Response To Estrogen Stimulus (GO:0071391),0.3521499865684806,0.7119686776239872,0.8807106598984772,1.0,1.0,7/15,16.89%,SFR1;NCOA4;TRIM24;ESR2;PELP1;WBP2;BCAS3
TDRP,GO_Biological_Process_2023,prerank,Regulation Of Transcription By RNA Polymerase I (GO:0006356),-0.323164513725917,-0.7117769273069862,0.9391025641025641,1.0,1.0,19/31,31.45%,BAZ2A;UTP15;EIF2AK3;DHX33;HEATR1;ATF4;DDX21;RASL11A;DEK;MYBBP1A;BAZ1B;CREBBP;WDR75;SIRT7;SF3B1;BEND3;MAF1;PHF8;ERBB2
TDRP,GO_Biological_Process_2023,prerank,Regulation Of Phosphatidylinositol 3-Kinase Activity (GO:0043551),0.2905964940705745,0.7117008160677285,0.9703504043126685,1.0,1.0,4/34,6.50%,EPHA8;PIK3R1;PDGFRA;PTK2B
TDRP,GO_Biological_Process_2023,prerank,Regulation Of Organelle Organization (GO:0033043),0.24583375666198218,0.7116358274037382,1.0,1.0,1.0,38/100,21.86%,UCHL5;CPLANE2;TAOK1;MIEF2;MAPK3;MSN;RHOT1;VPS11;MUL1;SLC30A9;TMEM33;PARL;ATG5;ARL6IP1;CAPN2;MAPK15;ARHGEF5;ATG12;CAMSAP3;SAR1B;RAB33B;STMN3;RAP1GDS1;CAMSAP2;TECPR1;MFF;SCARB2;RDX;MARK2;RUVBL1;PJVK;DNM1L;EZR;CAPN6;MAPK1;NEXN;RUVBL2;INO80B
TDRP,GO_Biological_Process_2023,prerank,Negative Regulation Of ATP-dependent Activity (GO:0032780),-0.36645569170523884,-0.7114091533144474,0.899671052631579,1.0,1.0,4/16,18.82%,TNNT2;THADA;IFIT1;PXK
TDRP,GO_Biological_Process_2023,prerank,Regulation Of Telomere Maintenance (GO:0032204),0.28726853002122876,0.7113520586773,0.9777158774373259,1.0,1.0,16/38,17.89%,SLX4;GNL3;TERF1;DHX36;SMG5;EID3;TINF2;NSMCE2;HNRNPD;HDAC8;PIF1;POT1;SLF1;SMC6;NBN;MYC
TDRP,GO_Biological_Process_2023,prerank,Mitotic Cytokinesis (GO:0000281),0.26461238479314125,0.7112906136266027,0.9967637540453075,1.0,1.0,19/59,17.85%,STAMBP;NUSAP1;EXOC3;KIF20A;CENPA;KLHDC8B;PLK1;EXOC2;SON;SNX9;RHOC;TTC19;APC;UNC119;CIT;SEPTIN6;USP8;AURKB;MITD1
TDRP,GO_Biological_Process_2023,prerank,Protein Targeting To Mitochondrion (GO:0006626),0.2642154979429765,0.7112812434071196,0.9971988795518207,1.0,1.0,27/59,23.38%,HSPA4;PMPCB;TIMM29;FBXO7;TIMM13;PRICKLE4;DNLZ;MTX1;MTX2;HSPD1;GDAP1;SAMM50;MTCH1;PAM16;MFF;DNAJC15;TOMM20;TSPO;TIMM17B;MFN2;TIMM21;TOMM22;PMPCA;TIMM17A;TOMM40;TIMM23;HSP90AA1
TDRP,GO_Biological_Process_2023,prerank,Mitochondrial Fusion (GO:0008053),0.34177119004905654,0.711162062506662,0.8871794871794871,1.0,1.0,8/18,21.52%,MFN1;MIEF2;CHCHD3;GDAP1;MFF;RCC1L;MFN2;STOML2
TDRP,GO_Biological_Process_2023,prerank,Cholesterol Homeostasis (GO:0042632),-0.2779480421915002,-0.7110009533157493,0.9831288343558282,1.0,1.0,9/72,13.27%,NPC1L1;ACSM3;LIPG;IL18;ANGPTL3;ABCG5;ABCG1;ABCG8;APOB
TDRP,GO_Biological_Process_2023,prerank,Modulation Of Excitatory Postsynaptic Potential (GO:0098815),-0.32403900196785274,-0.7109529784133659,0.9252782193958664,1.0,1.0,13/31,23.21%,SHANK3;GRIN2B;STX1B;GRIN1;LRRK2;MTMR2;RELN;PTEN;RIMS2;CUX2;SHANK1;CHRNA7;NLGN1
TDRP,GO_Biological_Process_2023,prerank,Histone H4-K5 Acetylation (GO:0043981),-0.37900856036690794,-0.7108799703567426,0.8901830282861897,1.0,1.0,6/15,23.39%,JADE3;ING4;KAT8;JADE1;KANSL2;KANSL1
TDRP,GO_Biological_Process_2023,prerank,Histone H4-K8 Acetylation (GO:0043982),-0.37900856036690794,-0.7108799703567426,0.8901830282861897,1.0,1.0,6/15,23.39%,JADE3;ING4;KAT8;JADE1;KANSL2;KANSL1
TDRP,GO_Biological_Process_2023,prerank,Positive Regulation Of DNA Repair (GO:0045739),0.24935333693106468,0.71082522785411,0.9966996699669967,1.0,1.0,32/89,21.86%,KHDC3L;UCHL5;BRD7;USP1;HMGB1;OOEP;EYA1;RNF8;NPAS2;BRCA1;DDX11;SMARCA4;ACTB;PCNA;BCL7B;BABAM1;WRAP53;SLF1;DPF2;UIMC1;FAM168A;ERCC6;SMARCC1;RPS3;UBE2V2;RUVBL1;XRCC1;MARCHF6-DT;TMEM161A;RUVBL2;TRIM28;INO80B
TDRP,GO_Biological_Process_2023,prerank,Glycosaminoglycan Catabolic Process (GO:0006027),-0.3764945284797195,-0.7108070383009062,0.8729874776386404,1.0,1.0,5/15,17.36%,CEMIP;SGSH;GUSB;FGF2;IDS
TDRP,GO_Biological_Process_2023,prerank,Negative Regulation Of Macroautophagy (GO:0016242),-0.3375571448666761,-0.7106373784304126,0.8883415435139573,1.0,1.0,9/22,26.11%,LRRK2;TSC2;PIK3CA;SCFD1;MTOR;CLEC16A;FEZ1;SMCR8;UBQLN4
TDRP,GO_Biological_Process_2023,prerank,Regulation Of Acute Inflammatory Response (GO:0002673),-0.355193905378071,-0.7106367863430174,0.8787878787878788,1.0,1.0,7/19,25.81%,PTGES;C2CD4B;IL6ST;DNASE1;F12;KLKB1;GSTP1
TDRP,GO_Biological_Process_2023,prerank,Negative Regulation Of Cell Development (GO:0010721),-0.34336418973524474,-0.710546368886074,0.9198717948717948,1.0,1.0,4/22,15.77%,WNT3A;IGF1;NOTCH1;RFLNA
TDRP,GO_Biological_Process_2023,prerank,ATP Metabolic Process (GO:0046034),0.2960729896171039,0.7105012326674879,0.9427792915531336,1.0,1.0,11/34,20.32%,FIGNL1;BAD;ATP5PO;ATP5F1B;NADK;ATP5F1C;NUDT5;MYH3;HSPA1A;HSPA8;ENPP1
TDRP,GO_Biological_Process_2023,prerank,Negative Regulation Of Cell-Matrix Adhesion (GO:0001953),0.2968521550919582,0.7103297887517298,0.9421052631578948,1.0,1.0,2/31,0.89%,MYOC;ACVRL1
TDRP,GO_Biological_Process_2023,prerank,Amyloid-Beta Metabolic Process (GO:0050435),0.35424551910113655,0.7100977490421915,0.9045092838196287,1.0,1.0,9/15,23.56%,ACE;PSENEN;APEH;IDE;APH1B;MGAT3;BACE1;PSEN2;APH1A
TDRP,GO_Biological_Process_2023,prerank,Negative Regulation Of Neuron Death (GO:1901215),-0.2690806260126536,-0.7098569866164705,1.0,1.0,1.0,28/88,21.29%,FZD9;CITED1;LIG4;CDK5;POU4F1;CNTF;FGF20;VSTM2L;NTRK1;WFS1;NAIP;NTRK2;SIX1;CPEB4;IL6ST;TYRO3;SOD2;TNFRSF1B;GRN;SEMA3E;HTRA2;PPARGC1A;PRKCG;KIF14;CRLF1;ATF4;PRKN;KDM2B
TDRP,GO_Biological_Process_2023,prerank,Negative Regulation Of Cellular Catabolic Process (GO:0031330),0.25950206099242873,0.7098291942615588,1.0,1.0,1.0,22/67,20.54%,RRAGB;RPTOR;SIRT2;PLIN5;MLST8;SORL1;LEP;EIF4G3;FOXK1;ATP2B4;TLK2;LEPR;DAPL1;GPLD1;TAB2;BMF;RRAGC;TBC1D14;RASIP1;TAB3;MTMR9;EIF4E
TDRP,GO_Biological_Process_2023,prerank,Regulation Of Cell Cycle Phase Transition (GO:1901987),-0.33544198003796033,-0.7095163554709804,0.901294498381877,1.0,1.0,15/25,30.13%,DBF4B;CDKN1A;ING4;NEK11;TAF1;TRIM39;CDKN1B;FBXW7;ERCC3;TFAP4;DDB1;ZNF16;MN1;TP53;NEK10
TDRP,GO_Biological_Process_2023,prerank,Positive Regulation Of Developmental Growth (GO:0048639),-0.2921890169463918,-0.7094135524326745,0.97339593114241,1.0,1.0,17/49,24.23%,GHRH;INSR;MAPT;ISLR2;RASAL1;GHR;DLL1;SEMA7A;SYT3;RIMS2;CDKL5;RUFY3;GHRHR;SYT4;MACF1;BDNF;CPNE9
TDRP,GO_Biological_Process_2023,prerank,Oogenesis (GO:0048477),0.35549839027284524,0.7091838560189423,0.9074550128534704,1.0,1.0,3/15,7.68%,PIWIL2;MARF1;NANOS1
TDRP,GO_Biological_Process_2023,prerank,Response To Zinc Ion (GO:0010043),0.31386123205682004,0.7090641215558892,0.9228915662650602,1.0,1.0,8/24,15.62%,SLC30A4;MT1M;KHK;PAM;MT1F;GLRA2;ZNF658;MT1E
TDRP,GO_Biological_Process_2023,prerank,Regulation Of Interleukin-1 Production (GO:0032652),-0.3633038408447501,-0.7087940765838315,0.8957983193277311,1.0,1.0,3/16,20.81%,SIRPA;NLRP12;GAS6
TDRP,GO_Biological_Process_2023,prerank,Positive Regulation Of Stress-Activated Protein Kinase Signaling Cascade (GO:0070304),-0.3628598493036381,-0.7086375206109763,0.8973063973063973,1.0,1.0,5/18,17.22%,TAOK3;LYN;NOD2;SCIMP;KLHDC10
TDRP,GO_Biological_Process_2023,prerank,Negative Regulation Of Binding (GO:0051100),0.24731127862912144,0.7083819531191606,1.0,1.0,1.0,29/86,22.06%,TTBK1;EFHB;SUMO3;JUN;SYMPK;PARK7;GNL3L;TMBIM6;SORL1;ITGB1BP1;IFI16;DDX11;AKT1;DVL1;GEMIN2;ZFPM1;SMO;BTAF1;AURKB;MITD1;TFIP11;CPNE1;NES;PEX14;DISC1;CAV1;CSNK1E;STYX;DACT1
TDRP,GO_Biological_Process_2023,prerank,Positive Regulation Of Small Molecule Metabolic Process (GO:0062013),-0.31382243132408294,-0.7083328237395972,0.9529983792544571,1.0,1.0,13/33,23.64%,SLC45A3;APP;INSR;IGF1;STARD4;MLXIPL;P2RX7;GAPDHS;SLC4A4;PRKAA2;MTOR;IRS2;PSEN1
TDRP,GO_Biological_Process_2023,prerank,Negative Regulation Of Cellular Component Organization (GO:0051129),-0.27406012052448336,-0.7083328111505239,0.9941089837997055,1.0,1.0,30/79,28.14%,NR1H4;CARMIL2;XRCC5;LGALS3;DNM2;ANKS1B;MTMR2;RAPGEF3;ULK1;DNAJB1;PACSIN3;IAPP;WASHC2C;RTEL1;HSPA1B;TMC8;GBA1;SRC;NOP53;IRAK3;BMP6;DNAJA4;HSPA5;EP300;TRAF3IP1;SYT11;CARMIL1;LRSAM1;TERF2;MCTP1
TDRP,GO_Biological_Process_2023,prerank,Anterograde Synaptic Vesicle Transport (GO:0048490),-0.3768595048948171,-0.7081938046049476,0.8968253968253969,1.0,1.0,8/15,28.13%,AP3D1;AP3B2;SNAPIN;BLOC1S4;AP3S2;BLOC1S5;BLOC1S2;TRIM46
TDRP,GO_Biological_Process_2023,prerank,Synaptic Vesicle Transport Along Microtubule (GO:0099517),-0.3768595048948171,-0.7081938046049476,0.8968253968253969,1.0,1.0,8/15,28.13%,AP3D1;AP3B2;SNAPIN;BLOC1S4;AP3S2;BLOC1S5;BLOC1S2;TRIM46
TDRP,GO_Biological_Process_2023,prerank,Regulation Of Epithelial Cell Proliferation (GO:0050678),-0.2690524696461615,-0.708146899799297,0.9913916786226685,1.0,1.0,22/91,19.09%,PAX2;TIE1;FGF9;MARVELD3;SCAND3;IGF1;CDC73;EPB41L4B;UHRF1;ZFP36;MCC;NOD2;NLRC3;DUSP10;C5AR1;LAMB1;NR4A1;GRN;FUT2;GPX1;MAGED1;TCF7L2
TDRP,GO_Biological_Process_2023,prerank,Organelle Fission (GO:0048285),0.3167676871464495,0.7080140204564336,0.9373433583959899,1.0,1.0,9/22,20.09%,PEX11A;MUL1;SLC25A46;WASHC5;GDAP1;MFF;MTFR2;DNM1L;TMCC1
TDRP,GO_Biological_Process_2023,prerank,Negative Regulation Of Transforming Growth Factor Beta Receptor Signaling Pathway (GO:0030512),0.25223548488969144,0.7076622191488766,0.9969040247678018,1.0,1.0,26/77,21.53%,SAP30L;SMAD7;CD109;FKBP1A;SPRED3;HDAC2;EID2;SF3B3;SLC2A10;LDLRAD4;BRMS1;RBBP4;STRAP;CAPN5;EMILIN1;TGFB1I1;SPRED2;SUDS3;OGT;SNX6;BAMBI;SIN3A;HSPA1A;ARID4A;CAV1;PMEPA1
TDRP,GO_Biological_Process_2023,prerank,Negative Regulation Of Protein Catabolic Process (GO:0042177),-0.28883678103737953,-0.7075993468376437,0.9831804281345565,1.0,1.0,24/54,27.88%,GABARAPL2;FMN2;FURIN;TIMP2;PTPN3;CDK5RAP3;BANP;NQO1;SNX12;PRKCG;TIMP3;CTSA;RGP1;CYP51A1;AZIN2;AZIN1;PSME3IP1;IRAK3;SNCA;ROCK1;HMGCR;PHF20L1;MAD2L1;HSP90AB1
TDRP,GO_Biological_Process_2023,prerank,Positive Regulation Of Cysteine-Type Endopeptidase Activity Involved In Apoptotic Process (GO:0043280),-0.26179388092134087,-0.7075232304119685,0.9986225895316805,1.0,1.0,32/109,22.99%,KHDC1L;IFT57;PPM1F;CASP9;CASP8;NLRP1;NLRP2;MAPT;HIP1R;BAX;AIFM1;JAK2;NLRP12;NGFR;EIF2AK3;FIS1;PIDD1;HTRA2;DAPK1;COL4A3;FAS;BCAP31;BCL2L13;BEX3;CRADD;UACA;PYCARD;BOK;SOX7;VCP;PDCD2;LCK
TDRP,GO_Biological_Process_2023,prerank,Regulation Of Epithelial Cell Differentiation (GO:0030856),-0.3522417552834314,-0.7075058595836964,0.9074675324675324,1.0,1.0,4/18,15.68%,DSPP;GATA3;CEBPB;DLL1
TDRP,GO_Biological_Process_2023,prerank,Translational Elongation (GO:0006414),0.27548821993146794,0.7073585970668314,0.994413407821229,1.0,1.0,18/41,22.69%,SKIC2;EEF1B2;GFM2;HBS1L;EEF1G;NEMF;MRPL44;DROSHA;TSFM;GTPBP1;EEF1A1;RNF25;SKIC3;TUFM;ZNF598;TCF25;ASCC2;LTN1
TDRP,GO_Biological_Process_2023,prerank,Carboxylic Acid Transport (GO:0046942),-0.2900870633131233,-0.7073493723581267,0.967032967032967,1.0,1.0,18/53,24.90%,SLC5A12;SLC16A5;SLC16A2;SLC16A12;SLC6A12;SLC36A2;SLC6A11;SLC6A15;SLC7A1;SLC3A2;SLC7A2;SLC38A2;SLC7A5;SLC13A3;SLC43A2;SLC16A7;SLC7A8;SLC1A4
TDRP,GO_Biological_Process_2023,prerank,Regulation Of Autophagosome Maturation (GO:1901096),-0.36350830115767163,-0.7069445765364502,0.9039087947882736,1.0,1.0,8/16,26.11%,IRGM;CALCOCO2;UVRAG;CLEC16A;TOM1;SMCR8;TBC1D25;UBQLN4
TDRP,GO_Biological_Process_2023,prerank,Regulation Of Cell Communication (GO:0010646),0.2682482274502699,0.7068142213693949,1.0,1.0,1.0,14/49,18.22%,ANXA1;CRK;HCN2;HCN3;TSPYL2;CDK13;TRDN;GRK5;SCG5;MTCH1;GLRX2;NCOA5;NCLN;GRK4
TDRP,GO_Biological_Process_2023,prerank,Positive Regulation Of ATP-dependent Activity (GO:0032781),0.2830683729988421,0.7067821742694658,0.9896640826873385,1.0,1.0,2/38,2.92%,MYL4;ATP2A1
TDRP,GO_Biological_Process_2023,prerank,Mesoderm Formation (GO:0001707),-0.34940101225207354,-0.7067229545352282,0.8916256157635468,1.0,1.0,5/19,19.42%,BMPR2;ITGA8;SNAI1;MESP2;ITGA3
TDRP,GO_Biological_Process_2023,prerank,protein-DNA Complex Disassembly (GO:0032986),-0.34585479148949866,-0.7067053144760624,0.9038785834738617,1.0,1.0,7/20,23.39%,ARID2;SMARCE1;SMARCC2;GRWD1;SMARCD2;H2AC25;SET
TDRP,GO_Biological_Process_2023,prerank,Regulation Of Dendrite Extension (GO:1903859),0.33506842417726906,0.7066859678977022,0.9187817258883249,1.0,1.0,3/17,11.00%,ITSN2;PLAA;SYT17
TDRP,GO_Biological_Process_2023,prerank,Base-Excision Repair (GO:0006284),-0.3116758310430383,-0.7059186067599397,0.9387755102040817,1.0,1.0,10/36,20.45%,NEIL2;TDG;APEX2;POLL;OGG1;MUTYH;DNA2;LIG3;UNG;WRN
TDRP,GO_Biological_Process_2023,prerank,Positive Regulation Of Focal Adhesion Assembly (GO:0051894),0.340097473860183,0.7054788389179062,0.8828337874659401,1.0,1.0,5/18,16.55%,MYOC;NRG1;TSC1;PTPRJ;S100A10
TDRP,GO_Biological_Process_2023,prerank,Zymogen Activation (GO:0031638),-0.29599715121374987,-0.7054567551065407,0.9668174962292609,1.0,1.0,14/44,23.39%,CASP9;VSIR;CASP8;FURIN;APOH;F11;PLAU;BAK1;RIPK2;CYFIP2;F12;KLK1;CUZD1;CTSL
TDRP,GO_Biological_Process_2023,prerank,Regulation Of Substrate Adhesion-Dependent Cell Spreading (GO:1900024),0.268034992443976,0.705091448324548,1.0,1.0,1.0,17/51,20.37%,MYOC;APOA1;CRK;ITGB1BP1;ACTN4;C1QBP;TESK1;CASS4;CDC42;SPRY4;S100A10;PKP2;CALR;RREB1;MDK;LIMS1;DOCK5
TDRP,GO_Biological_Process_2023,prerank,Proton Transmembrane Transport (GO:1902600),0.26885450736720706,0.704974912354457,0.989159891598916,1.0,1.0,15/49,19.01%,TCIRG1;ATP6V0C;ATP6V1F;ATP6V0E1;ATP1A3;ATP5PO;ATP5F1B;ATP6AP2;ATP6V0B;ATP6V1D;SLC36A1;ATP6V0E2;ATP6V1E1;ATP6V1C1;TMEM175
TDRP,GO_Biological_Process_2023,prerank,Positive Regulation Of Protein Targeting To Mitochondrion (GO:1903955),0.29760899021563425,0.7047328524882701,0.9526315789473684,1.0,1.0,8/30,12.33%,SAE1;UBE2D3;VPS11;FZD5;RHOU;UBE2J2;PDCD5;LEPROT
TDRP,GO_Biological_Process_2023,prerank,Protein Targeting To Vacuole (GO:0006623),-0.3155654703347217,-0.7046171090849009,0.9325337331334332,1.0,1.0,15/33,27.37%,IRGM;SQSTM1;VPS4A;VPS37D;ZFYVE16;PIK3R4;PXK;GGA3;VPS13D;VPS37C;VPS37B;BECN1;NEDD4;M6PR;VPS8
TDRP,GO_Biological_Process_2023,prerank,Regulation Of Mitotic Metaphase/Anaphase Transition (GO:0030071),0.2681250970962592,0.7040813917651042,0.9969512195121951,1.0,1.0,17/49,19.06%,ANAPC5;NEK6;BRD7;PLK1;NSMCE2;SMARCA4;LCMT1;RIOK2;FBXO5;BCL7B;DPF2;CCNB1;ANAPC7;CUL3;SMARCC1;HECW2;CDK5RAP2
TDRP,GO_Biological_Process_2023,prerank,Negative Regulation Of Cell Differentiation (GO:0045596),-0.24583490703271205,-0.7038104604940194,1.0,1.0,1.0,50/207,21.60%,SOSTDC1;SMAD6;DTX1;TRIB3;CITED1;WNT5A;TBX3;EFNA1;CHRD;ZBTB16;GATA3;TENT5C;CDC73;ID2;SOX8;OVOL2;ZBED6;SPRED1;NOTCH1;SMARCA2;ABCG1;BMP2;SNAI2;NPHP3;TNFAIP6;ITGAV;PTGR3;CRIM1;COL5A2;SINHCAF;EPHA4;DLL1;NOTCH4;MEIS2;PTEN;JAG1;WNT9A;LIMD1;VASN;ADAMTS12;PTPN11;TRIB2;NOCT;SDHAF2;SOX3;COL5A1;TGFBR1;YTHDF2;SKIC8;BCL7C
TDRP,GO_Biological_Process_2023,prerank,Cellular Response To Vascular Endothelial Growth Factor Stimulus (GO:0035924),-0.31374329233360787,-0.7036697232428689,0.935064935064935,1.0,1.0,15/33,29.88%,SPHK1;PGF;NOTCH1;PIK3CA;NR4A1;PRKD2;MAPK14;KDR;GAB1;MAP2K3;FLT4;VEGFA;GAS1;SEMA6A;VEGFB
TDRP,GO_Biological_Process_2023,prerank,Long-Chain fatty-acyl-CoA Metabolic Process (GO:0035336),0.3097864698926722,0.7036659225028471,0.9489795918367347,1.0,1.0,9/23,17.05%,ACSL5;ACSL1;ELOVL7;HSD17B12;ELOVL1;FAR1;ACSL6;HACD2;ACSL4
TDRP,GO_Biological_Process_2023,prerank,Proteoglycan Metabolic Process (GO:0006029),-0.3261020526809852,-0.7036402482829528,0.9324324324324325,1.0,1.0,5/25,11.17%,BMPR2;HPSE;SULF2;IGF1;CHST10
TDRP,GO_Biological_Process_2023,prerank,Regulation Of Osteoblast Proliferation (GO:0033688),-0.3602963909301585,-0.7031995326619076,0.9045226130653267,1.0,1.0,5/16,22.38%,HPSE;SOX8;BMP2;PLXNB1;SFRP1
TDRP,GO_Biological_Process_2023,prerank,Membrane Protein Proteolysis (GO:0033619),0.2918002670621765,0.7024989026874721,0.9782016348773842,1.0,1.0,16/34,23.56%,SPPL2A;PSENEN;RHBDD1;DAG1;ERAP1;PARL;MBTPS2;ADAM19;HM13;APH1B;SPPL3;ADAM9;BACE1;PSEN2;TGFB1;APH1A
TDRP,GO_Biological_Process_2023,prerank,Regulation Of Transmembrane Receptor Protein Serine/Threonine Kinase Signaling Pathway (GO:0090092),-0.3152182317330044,-0.7018543616256526,0.9558359621451105,1.0,1.0,11/31,23.57%,FSTL1;NREP;XIAP;ZNF703;PALS1;FST;SFRP4;FSTL4;ITGA3;LATS2;LATS1
TDRP,GO_Biological_Process_2023,prerank,Negative Regulation Of Peptide Hormone Secretion (GO:0090278),0.33195824522254125,0.7016210183856245,0.9391534391534392,1.0,1.0,6/18,18.80%,CCN3;CHGA;SIRT4;BMP8A;KCNJ11;IRS1
TDRP,GO_Biological_Process_2023,prerank,Intracellular Zinc Ion Homeostasis (GO:0006882),-0.3605068796371194,-0.7011503123288446,0.8899835796387521,1.0,1.0,7/17,24.11%,SLC30A2;SLC39A14;SLC30A5;SLC39A8;TMC8;LCK;SLC30A8
TDRP,GO_Biological_Process_2023,prerank,Import Into Nucleus (GO:0051170),-0.2751385475431447,-0.7011491622058751,0.992503748125937,1.0,1.0,16/73,18.01%,PTTG1IP;GCKR;POM121L2;CDAN1;SEC13;FAM53C;TSC2;HNRNPA1;IPO8;APPL1;KPNA7;POM121;RANBP17;NUP62;PRICKLE1;KPNA4
TDRP,GO_Biological_Process_2023,prerank,Long-Term Synaptic Potentiation (GO:0060291),-0.3439037065524422,-0.7010709589648803,0.9195402298850575,1.0,1.0,5/20,12.97%,NOL3;GRIN2B;VAMP2;PLK2;FOXM1
TDRP,GO_Biological_Process_2023,prerank,Nuclear Envelope Organization (GO:0006998),-0.35243968316194735,-0.7009887865276184,0.8917975567190227,1.0,1.0,6/17,15.07%,REEP4;EMD;TOR1B;LMNB1;VPS4A;DMPK
TDRP,GO_Biological_Process_2023,prerank,Phosphatidic Acid Biosynthetic Process (GO:0006654),-0.3202149790897783,-0.7009836443644867,0.9265175718849841,1.0,1.0,13/29,25.01%,DGKQ;GPAM;GPAT4;LIPI;AGPAT5;GPAT3;AGPAT2;ABHD5;ACP6;LCLAT1;DGKA;DGKZ;LPCAT1
TDRP,GO_Biological_Process_2023,prerank,mRNA Modification (GO:0016556),0.29959528533097735,0.7008778342502002,0.9577836411609498,1.0,1.0,10/27,18.79%,TRMT61A;PUS7L;METTL8;TRUB2;METTL16;WTAP;TRMT61B;HNRNPAB;DKC1;TRUB1
TDRP,GO_Biological_Process_2023,prerank,Positive Regulation Of Vasculature Development (GO:1904018),-0.261742660372382,-0.7004681716347617,0.9986187845303868,1.0,1.0,26/104,23.06%,CD40;ANGPTL4;WNT5A;SPHK1;ANGPTL3;ZC3H12A;PGF;HIPK1;IL1A;PRKCA;ADM2;RAPGEF3;SERPINE1;FGF2;VASH2;PRKCB;GRN;TNFSF12;CYP1B1;STIM1;BTG1;PRKD2;CHRNA7;MYDGF;KDR;PTGIS
TDRP,GO_Biological_Process_2023,prerank,Negative Regulation Of Actin Filament Polymerization (GO:0030837),-0.3359986520823979,-0.700086040469686,0.8993610223642172,1.0,1.0,9/23,21.23%,PFN4;SCIN;HIP1R;KANK4;SSH1;SSH2;KANK1;SSH3;TMSB10
TDRP,GO_Biological_Process_2023,prerank,Regulation Of Cardiac Conduction (GO:1903779),0.3246208213295122,0.6999636393018953,0.9329608938547486,1.0,1.0,6/21,21.28%,ATP2A1;ATP2B4;SLC8A3;TRPC1;SLC8A2;ATP2A3
TDRP,GO_Biological_Process_2023,prerank,Purine Nucleotide Biosynthetic Process (GO:0006164),-0.34447824267728666,-0.6999577106574367,0.9101497504159733,1.0,1.0,7/21,20.52%,NAMPT;NMNAT1;SLC4A7;MTHFD1;NADSYN1;GART;HAAO
TDRP,GO_Biological_Process_2023,prerank,Response To Hexose (GO:0009746),-0.33073031320284907,-0.69898603935511,0.932475884244373,1.0,1.0,13/24,26.92%,GCKR;SLC2A5;VAMP2;KLRG1;TCF7L2;EIF2B1;IRS2;SLC30A8;PFKL;SELENOS;EIF2B5;THBS1;ZBED3
TDRP,GO_Biological_Process_2023,prerank,Golgi Vesicle Transport (GO:0048193),-0.2454652830858023,-0.6988954518462679,1.0,1.0,1.0,75/197,26.73%,COPG1;VAPA;GOLGA2;SEC16A;GABARAPL2;RAB7B;SPAST;STX5;KLHL12;DNM2;GOLPH3L;SNAP23;TMED1;COPA;GOLT1A;ARF3;RAB6A;EXOC5;SNX8;NAPA;SEC24B;RINT1;NSF;RAB8A;SNX1;HYOU1;PREB;SEC24D;TMED6;MYO5A;LMAN1;EHD3;CNIH4;SNX12;RAB2A;GOLPH3;BCAP31;YIF1A;RER1;TRAPPC6A;UVRAG;TRAPPC6B;SCFD1;RAB1B;CYTH3;ATP9B;TMEM115;YIPF5;PGAP1;ERGIC2;TRAPPC2;RAB29;ATP9A;TRAPPC2L;MYO1B;TRAPPC8;TRAPPC11;COG1;BICD2;RAB43;SURF4;RABIF;MIA2;BCAP29;COPB1;SCAMP1;KDELR2;GOSR2;STEEP1;RBSN;ERGIC1;STX18;PITPNB;RAB1A;HTT
TDRP,GO_Biological_Process_2023,prerank,Stress Granule Assembly (GO:0034063),-0.33480637063802365,-0.6987868289150784,0.902555910543131,1.0,1.0,12/23,26.37%,MAPT;LSM14A;YTHDF3;DYNC1H1;TIA1;DDX6;DAZAP2;YTHDF2;G3BP1;OGFOD1;G3BP2;UBAP2L
TDRP,GO_Biological_Process_2023,prerank,Negative Regulation Of Response To Wounding (GO:1903035),0.3092732049541884,0.6986307585571675,0.9388297872340425,1.0,1.0,6/24,13.21%,CD109;CRK;EPPK1;RTN4R;PTPRS;CLDN19
TDRP,GO_Biological_Process_2023,prerank,Positive Regulation Of Dendrite Extension (GO:1903861),0.3350713731452975,0.6986265797496363,0.9113300492610837,1.0,1.0,3/16,11.00%,ITSN2;PLAA;SYT17
TDRP,GO_Biological_Process_2023,prerank,Potassium Ion Transport (GO:0006813),-0.2555307021670774,-0.6982549237602278,1.0,1.0,1.0,43/122,26.20%,KCNC2;KCNA3;SLC12A7;KCNK4;LRRC38;KCNB1;KCNK7;CCDC51;KCNC1;KCNH4;KCNH3;KCNA7;KCNE2;SLC9A5;PKD2;ATP1A4;CHP1;ATP1B3;KCNMB1;KCNK5;SLC9A8;ABCC8;KCND1;SLC12A6;KCNIP2;KCNB2;SLC24A3;KCNN1;KCNMB4;KCNJ6;KCNK12;KCNK1;KCNV2;KCNJ2;KCNK13;SLC17A7;KCNG3;KCNK17;KCNN2;KCNMB2;SLC9A9;HCN1;SLC9A6
TDRP,GO_Biological_Process_2023,prerank,Negative Regulation Of Amyloid Precursor Protein Catabolic Process (GO:1902992),0.32842152383812756,0.6981105743485561,0.9269521410579346,1.0,1.0,7/18,17.76%,RTN4;PRNP;BIN1;SORL1;PICALM;APOE;RTN1
TDRP,GO_Biological_Process_2023,prerank,Regulation Of Synaptic Vesicle Exocytosis (GO:2000300),-0.34948255459346567,-0.6974981910979229,0.9090909090909091,1.0,1.0,8/17,23.21%,RAP1B;LRRK2;SNAPIN;RIMS2;VPS18;SLC4A8;RIMS3;NLGN1
TDRP,GO_Biological_Process_2023,prerank,Cellular Response To UV (GO:0034644),-0.2709258616449967,-0.6973469600653158,0.9955223880597015,1.0,1.0,33/78,27.91%,CASP9;NLRP1;SMPD1;COPS9;CUL4B;NSMCE3;INO80;CDKN1A;MFAP4;MME;BAK1;ERCC1;MMP9;USP28;YY1;TAF1;ATF4;NOC2L;MAPK14;H2AC25;POLD1;ERCC4;DDB2;N4BP1;PARP1;NEDD4;PRKCD;ATR;SDE2;EP300;DDB1;ZBTB1;CREBBP
TDRP,GO_Biological_Process_2023,prerank,Heme Biosynthetic Process (GO:0006783),-0.3401829491190784,-0.6967974162282444,0.9051580698835274,1.0,1.0,8/19,22.96%,ALAS2;UROD;FECH;ABCB6;COX10;UROS;CPOX;FLVCR1
TDRP,GO_Biological_Process_2023,prerank,Oligodendrocyte Differentiation (GO:0048709),-0.34357314966850533,-0.6967496650273993,0.8971061093247589,1.0,1.0,5/19,19.34%,MYRF;TPPP;SOX8;SOX10;EIF2B1
TDRP,GO_Biological_Process_2023,prerank,Positive Regulation Of TORC1 Signaling (GO:1904263),0.2976266039849554,0.6965889612431465,0.9642857142857143,1.0,1.0,9/27,14.03%,RRAGB;GPR137;SEH1L;WDR24;STAMBPL1;GPR137C;LAMTOR5;FLCN;RNF167
TDRP,GO_Biological_Process_2023,prerank,Positive Regulation Of Interleukin-6 Production (GO:0032755),-0.27201300736771034,-0.6965823716949282,0.9926578560939795,1.0,1.0,21/75,25.37%,TMEM106A;WNT5A;APP;RAB7B;AIF1;NOS2;CD74;IL1A;NOD2;SCIMP;TIRAP;RIGI;MAVS;PTPN11;F2RL1;PYCARD;ARHGEF2;TLR3;XBP1;PLCG2;STAT3
TDRP,GO_Biological_Process_2023,prerank,Regulation Of Release Of Sequestered Calcium Ion Into Cytosol (GO:0051279),0.2599113260556154,0.6955412169620842,1.0,1.0,1.0,8/51,9.53%,CAPN3;JSRP1;FKBP1A;GSTM2;PTK2B;SELENON;GSTO1;TRDN
TDRP,GO_Biological_Process_2023,prerank,DNA Modification (GO:0006304),-0.35267960687227623,-0.6952418901575346,0.9052287581699346,1.0,1.0,8/17,25.54%,NEIL2;TDG;OGG1;MUTYH;UNG;EXOSC6;MBD4;PARP1
TDRP,GO_Biological_Process_2023,prerank,Xenobiotic Transport (GO:0042908),0.3172490319627494,0.6951899154639039,0.9425587467362925,1.0,1.0,4/20,9.27%,ABCG2;ABCC3;NR1I2;SLC15A2
TDRP,GO_Biological_Process_2023,prerank,Negative Regulation Of Insulin Secretion (GO:0046676),0.3349915350855858,0.694703919335181,0.9183673469387755,1.0,1.0,7/17,18.80%,CCN3;CHGA;SIRT4;BMP8A;PIM3;KCNJ11;IRS1
TDRP,GO_Biological_Process_2023,prerank,GPI Anchor Metabolic Process (GO:0006505),-0.3206088277973942,-0.6947013984496493,0.9404186795491143,1.0,1.0,12/26,23.01%,PIGV;PGF;PIGZ;PIGB;PIGA;SLC30A5;PIGW;DPM1;PGAP1;DPM2;PIGG;DPM3
TDRP,GO_Biological_Process_2023,prerank,Telomere Organization (GO:0032200),-0.27622198911134116,-0.694460358198782,0.9881656804733728,1.0,1.0,18/63,21.16%,XRCC5;RAD50;HUS1;TERT;INO80;INSL6;SP100;EZH1;DCLRE1C;INO80E;PTGES3;DNA2;INO80D;YY1;WRN;ATRX;NFRKB;RTEL1
TDRP,GO_Biological_Process_2023,prerank,Regulation Of Muscle Cell Differentiation (GO:0051147),0.3066020176635505,0.6944264651850999,0.9435897435897436,1.0,1.0,1/24,0.21%,IGF2
TDRP,GO_Biological_Process_2023,prerank,Superoxide Anion Generation (GO:0042554),-0.3442300054295165,-0.6943777038492926,0.9090909090909091,1.0,1.0,2/18,11.17%,NCF1B;TAFA4
TDRP,GO_Biological_Process_2023,prerank,Diol Biosynthetic Process (GO:0034312),0.32770444536545956,0.694222536917934,0.9419191919191919,1.0,1.0,3/17,6.11%,SPTLC1;SPTSSB;SPTLC3
TDRP,GO_Biological_Process_2023,prerank,Positive Regulation Of Protein Localization (GO:1903829),-0.2683426125488804,-0.693943967884819,0.9927431059506531,1.0,1.0,24/85,21.24%,NEDD9;WNT5A;TMEM35A;GAS8;GPR137B;ORMDL3;MAPT;F2;CENPQ;STX3;JAK1;CDK5RAP3;PPP3CB;LIF;CORO2B;NUMA1;NGFR;EIF2AK3;NUP62;MAP1A;TCF7L2;PRKAA2;PRKN;SESN2
TDRP,GO_Biological_Process_2023,prerank,Cellular Response To Topologically Incorrect Protein (GO:0035967),0.31548129057858304,0.6938762332689336,0.9467005076142132,1.0,1.0,10/22,22.81%,HDAC6;TMBIM6;RHBDD1;DNAJC18;ERN1;HSPA1A;BAG3;DAB2IP;DAXX;HSF1
TDRP,GO_Biological_Process_2023,prerank,Positive Regulation Of Cell-Substrate Adhesion (GO:0010811),-0.2738907326035868,-0.6936786909826506,0.9848942598187311,1.0,1.0,11/71,12.79%,NEDD9;VIT;PPM1F;CRKL;ENC1;NPNT;PLEKHA2;ECM2;CX3CL1;ARHGEF7;P4HB
TDRP,GO_Biological_Process_2023,prerank,Regulation Of Macrophage Derived Foam Cell Differentiation (GO:0010743),-0.3160926208538529,-0.6934231904467134,0.9405487804878049,1.0,1.0,7/30,16.71%,PLA2G2A;IL18;MSR1;ABCG1;APOB;ITGAV;PF4
TDRP,GO_Biological_Process_2023,prerank,Cellular Response To Heat (GO:0034605),-0.30449512085333535,-0.6932926516117672,0.9589905362776026,1.0,1.0,10/35,22.16%,YWHAE;RBBP7;MAPT;IL1A;ZFAND1;DNAJB1;HTRA2;HIKESHI;VCP;HSPA1B
TDRP,GO_Biological_Process_2023,prerank,ERAD Pathway (GO:0036503),-0.2652171567922414,-0.6931681207323858,0.9970674486803519,1.0,1.0,36/89,24.51%,MAN1A1;UBQLN1;TMEM67;RHBDD2;WFS1;RCAN3;RNF139;UBXN10;TRIM13;DNAJC10;CALR3;CANX;NCCRP1;USP19;FOXRED2;TMUB2;OS9;ERLEC1;FAM8A1;UBXN6;EDEM1;UBXN4;UGGT2;FBXO2;ANKZF1;AUP1;BRSK2;ERLIN1;PRKN;UBQLN2;VCP;ERLIN2;RNF185;XBP1;DERL3;HERPUD1
TDRP,GO_Biological_Process_2023,prerank,Cellular Response To Decreased Oxygen Levels (GO:0036294),-0.2730531528136377,-0.6929996114839474,0.9896907216494846,1.0,1.0,20/73,23.06%,MGARP;RGCC;FMN2;CPEB2;UBQLN1;NOTCH1;TERT;P4HB;HYOU1;CPEB4;SCN2A;VHL;NPEPPS;SUV39H1;MTOR;EGLN1;AK4;SFRP1;ADO;PTGIS
TDRP,GO_Biological_Process_2023,prerank,Stress-Activated MAPK Cascade (GO:0051403),-0.2992257466659319,-0.6923868203609342,0.9751937984496124,1.0,1.0,11/42,17.86%,MAP4K1;SH2D3C;CRKL;LRRK2;ZFP36;PTGER4;MINK1;MAP2K7;SH2D3A;MAP4K3;MAP3K11
TDRP,GO_Biological_Process_2023,prerank,Establishment Of Protein Localization To Endoplasmic Reticulum (GO:0072599),0.33365761749176126,0.6921041610220527,0.9254498714652957,1.0,1.0,4/16,11.12%,SEC61G;SPCS1;SRP14;ZFAND2A
TDRP,GO_Biological_Process_2023,prerank,Positive Regulation Of Defense Response To Virus By Host (GO:0002230),0.303071345891076,0.6920236060723383,0.9649595687331537,1.0,1.0,5/28,11.05%,APOBEC3F;TRIM6;DTX3L;IL23A;PARP9
TDRP,GO_Biological_Process_2023,prerank,Endoplasmic Reticulum Calcium Ion Homeostasis (GO:0032469),-0.33664911951835486,-0.6917062976283656,0.9296482412060302,1.0,1.0,10/20,24.51%,WFS1;BAX;THADA;BAK1;FIS1;BCAP31;PACS2;KCTD17;PSEN1;HERPUD1
TDRP,GO_Biological_Process_2023,prerank,Regulation Of Bone Resorption (GO:0045124),-0.31913026747167134,-0.6912953038514081,0.946515397082658,1.0,1.0,8/28,21.15%,PLEKHM1;GPR137B;CALCA;PRKCA;P2RX7;TNFRSF11A;INPP5D;UBASH3B
TDRP,GO_Biological_Process_2023,prerank,Protein Monoubiquitination (GO:0006513),-0.2880524248672059,-0.6912351451286067,0.9750778816199377,1.0,1.0,18/47,26.24%,FANCB;TRIM56;RAG1;KLHL12;WAC;UHRF1;TRIM21;FAAP20;FANCF;RNF220;PRKN;TRIM41;UBE2W;PEX12;ZC4H2;KLHL22;RAD18;RNF20
TDRP,GO_Biological_Process_2023,prerank,Regulation Of Exocytosis (GO:0017157),0.264622717186471,0.6910774670431076,0.99079754601227,1.0,1.0,15/54,16.55%,RAB3A;CPLANE2;IL1RAPL1;SEPTIN5;RAB3B;SYTL4;CFTR;SEPTIN1;RALA;EXPH5;RAB3C;RAB12;RAB33B;RAB21;S100A10
TDRP,GO_Biological_Process_2023,prerank,Transmembrane Receptor Protein Serine/Threonine Kinase Signaling Pathway (GO:0007178),-0.253406123888406,-0.6910375185609517,1.0,1.0,1.0,19/129,13.39%,GDF7;SMAD6;HFE;BMPR2;GCNT2;CITED1;LPXN;GDF6;SMAD5;INHBC;TGFBR2;FURIN;GPI;CLDN5;BMP2;GDF15;ACVR2B;TMEM100;AMH
TDRP,GO_Biological_Process_2023,prerank,RNA Methylation (GO:0001510),0.2597596059523826,0.6908697068000597,1.0,1.0,1.0,25/62,22.95%,TRMT112;NSUN4;MEPCE;TRMT61A;RBM15;METTL2B;SNRPG;METTL8;METTL16;NSUN6;TRMT9B;FTSJ1;WTAP;TRMT61B;SNRPD1;TGS1;TRMO;SNRPB;TRDMT1;BCDIN3D;TYW3;TRMT6;TFB1M;TRMT10C;LCMT2
TDRP,GO_Biological_Process_2023,prerank,Myeloid Cell Development (GO:0061515),-0.3213066841670976,-0.6907135429991399,0.9318181818181818,1.0,1.0,6/27,12.19%,THPO;APP;GP1BB;CEBPB;ALAS2;SH2B3
TDRP,GO_Biological_Process_2023,prerank,Negative Regulation Of DNA Biosynthetic Process (GO:2000279),0.2971453136001163,0.6907042795842075,0.9596774193548387,1.0,1.0,7/30,14.24%,ACVRL1;TERF1;GNL3L;TINF2;PIF1;POT1;CTC1
TDRP,GO_Biological_Process_2023,prerank,Regulation Of Ubiquitin-Dependent Protein Catabolic Process (GO:2000058),-0.2943652878700381,-0.6904897814032998,0.9652996845425867,1.0,1.0,16/42,26.11%,HFE;RNF139;AXIN1;CDK5RAP3;GLMN;PTEN;UFL1;TAF1;XPO1;TRIM39;RAD23A;CSNK2A1;COMMD1;LATS1;FBXW7;UBQLN4
TDRP,GO_Biological_Process_2023,prerank,Negative Regulation Of Double-Strand Break Repair (GO:2000780),-0.30236451386638685,-0.6902674056133636,0.9596774193548387,1.0,1.0,14/33,28.31%,FANCB;OTUB2;OTUB1;INSL6;OGG1;RADX;SENP3;SMCHD1;FBH1;AUNIP;UBQLN4;PARPBP;HMGA2;KAT5
TDRP,GO_Biological_Process_2023,prerank,Regulation Of Telomerase Activity (GO:0051972),0.2762607238241399,0.6900892133479273,1.0,1.0,1.0,16/44,18.05%,MAPK3;TERF1;CCT4;MAP3K4;TNIP1;TCP1;PARP4;PIF1;POT1;MAPK15;WRAP53;CTNNB1;DKC1;AURKB;MYC;CCT2
TDRP,GO_Biological_Process_2023,prerank,Neurogenesis (GO:0022008),-0.28790029586936017,-0.6896750637805332,0.9829192546583851,1.0,1.0,20/49,27.26%,MAPT;TRAK2;THOC2;NDUFS2;SIX1;PALS1;RYK;CLN5;KAT8;CHAC1;BTBD3;DAGLB;PCSK9;LRP4;ERBB4;RITA1;LPAR1;WDR62;EPHB1;TGFB2
TDRP,GO_Biological_Process_2023,prerank,Monoubiquitinated Protein Deubiquitination (GO:0035520),0.2906090912655629,0.6895629156793298,0.9744318181818182,1.0,1.0,16/33,23.15%,TAF12;USP1;SF3B5;SF3B3;SUPT3H;TAF2;KAT2B;SUPT20H;ENY2;SGF29;USP15;TAF5L;TADA3;TAF9;USP16;TAF5
TDRP,GO_Biological_Process_2023,prerank,Chordate Embryonic Development (GO:0043009),-0.2776563715571638,-0.6892331524581274,0.9835082458770614,1.0,1.0,17/59,20.38%,LIG4;WNT5A;GATA3;PKD1;STIL;SULF2;SOX8;PROX1;PKD2;BMP2;FGFR1;KIAA1217;PCSK5;POLR2D;FOXD3;FUZ;TGFBR1
TDRP,GO_Biological_Process_2023,prerank,Positive Regulation Of Cyclin-Dependent Protein Kinase Activity (GO:1904031),-0.34213646912762097,-0.6889540311125054,0.932258064516129,1.0,1.0,6/18,16.32%,RGCC;PKD1;MAPRE3;PROX1;PKD2;STOX1
TDRP,GO_Biological_Process_2023,prerank,Modification-Dependent Protein Catabolic Process (GO:0019941),-0.24091443973399543,-0.6887147361575783,1.0,1.0,1.0,66/190,26.35%,ASB2;ARRDC1;RNF144B;UBA1;MARVELD3;KCTD21;UBE2E1;WDR91;RNF19B;FBXO10;SQSTM1;UBE2L3;MIB1;UHRF1;KCTD10;BTRC;DCST1;CNOT4;CDC23;ARIH1;RNF34;RC3H2;KEAP1;LONP1;CDC34;ARRB1;RLIM;PSMD9;TRIP12;RPGR;UBE2C;KLHL3;UBE3B;FBXO22;OS9;SPSB4;RNF215;AREL1;FEM1A;ANAPC11;RNF150;RNF168;TAF1;UBE2G1;PSMD3;PRKN;RCHY1;TTC3;RNF166;UBE2H;UBE2D4;RNF185;XBP1;UBE2D2;UBR3;HERPUD1;PSMD14;UBB;ZNRF3;CBL;RNF6;KLHL22;NEDD4;UBQLN4;RNF20;HACE1
TDRP,GO_Biological_Process_2023,prerank,Maintenance Of Blood-Brain Barrier (GO:0035633),0.29489425510852474,0.6876292905693051,0.9563953488372093,1.0,1.0,7/29,19.31%,ESAM;ACTG1;JAM2;OCLN;LAMA2;LAMC1;LSR
TDRP,GO_Biological_Process_2023,prerank,Negative Regulation Of Protein Polymerization (GO:0032272),0.3023622718922985,0.6875758136638065,0.9512893982808023,1.0,1.0,10/26,20.50%,STMN2;CLIP3;TBCD;PFN1;PFN2;CYRIB;KANK3;TWF1;EML2;SLIT2
TDRP,GO_Biological_Process_2023,prerank,Phospholipid Metabolic Process (GO:0006644),-0.2705688036963877,-0.6875535936445386,0.9969834087481146,1.0,1.0,24/69,25.66%,LIPG;PLA2G2A;SMPD1;ANGPTL3;PLPPR5;TNFAIP8L3;PLPPR3;AGPAT5;FDFT1;IDI2;PLA2G15;PLCD1;PIP4P1;AGPAT2;PGPEP1;ACP6;PLBD2;PCYT2;PLA2G4C;PLPPR2;LPCAT1;PLCB2;PLBD1;PLPP2
TDRP,GO_Biological_Process_2023,prerank,Microtubule Polymerization (GO:0046785),0.2877761243522303,0.6873553114588281,0.9867724867724867,1.0,1.0,14/34,19.19%,TPPP2;CENPJ;NDEL1;SLAIN2;RANBP9;NEDD1;HDGFL3;TUBG2;TUBGCP2;TRPV4;CSNK1D;MAP4;NDE1;MAP7D3
TDRP,GO_Biological_Process_2023,prerank,DNA-templated Transcription Termination (GO:0006353),-0.3531354521771256,-0.6870193194456949,0.9344827586206896,1.0,1.0,5/16,24.61%,MED18;POLR2A;SMN1;MTERF1;POLR3K
TDRP,GO_Biological_Process_2023,prerank,Positive Regulation Of Secretion (GO:0051047),-0.3532356691638753,-0.6869673315114874,0.9128978224455612,1.0,1.0,1/15,5.70%,SCIN
TDRP,GO_Biological_Process_2023,prerank,Reverse Cholesterol Transport (GO:0043691),-0.3609290227408689,-0.6867895217897847,0.9099836333878887,1.0,1.0,2/16,11.89%,LIPG;ABCG1
TDRP,GO_Biological_Process_2023,prerank,Regulation Of Double-Strand Break Repair (GO:2000779),-0.2640398808334775,-0.6862616784610469,1.0,1.0,1.0,39/88,28.99%,ARID2;FMN2;WAS;OTUB2;SMARCE1;SLF2;OTUB1;UBE2N;EPC1;SMARCA2;SETD2;FOXM1;YEATS4;MGMT;TRIP12;SMARCC2;ACTR2;TRRAP;PHF10;DPF1;BRD8;RTEL1;BCL7C;SMARCD2;DEK;ACTL6B;MRGBP;MORF4L2;MBTD1;ATR;RAD51AP1;SMARCD1;CHEK1;SIRT6;KAT5;BCL7A;ZCWPW1;ACTL6A;PBRM1
TDRP,GO_Biological_Process_2023,prerank,Regulation Of Amyloid-Beta Formation (GO:1902003),-0.30644026954654663,-0.6861602041273539,0.9660194174757282,1.0,1.0,12/33,21.93%,LRRTM3;EFNA1;IGF1;NTRK2;ABCG1;ABCA7;GSAP;EPHA4;GGA3;ROCK2;GSK3A;CHRNA7
TDRP,GO_Biological_Process_2023,prerank,Glucose 6-Phosphate Metabolic Process (GO:0051156),0.3247616454875898,0.6860677309174402,0.9707446808510638,1.0,1.0,7/18,22.13%,PGLS;G6PC3;HK2;DERA;G6PD;SHPK;RPE
TDRP,GO_Biological_Process_2023,prerank,Negative Regulation Of Phosphatase Activity (GO:0010923),0.3372770592783811,0.6859086730844564,0.9216152019002375,1.0,1.0,8/16,21.38%,CRY2;FKBP1A;PPP4R4;PPP1R11;MASTL;URI1;TIPRL;FKBP1B
TDRP,GO_Biological_Process_2023,prerank,Negative Regulation Of Blood Vessel Endothelial Cell Migration (GO:0043537),-0.3095773915086825,-0.6857335559280167,0.9598070739549839,1.0,1.0,9/33,18.99%,MEOX2;RGCC;KLF4;NOTCH1;FGF2;STARD13;VASH1;HDAC5;GADD45A
TDRP,GO_Biological_Process_2023,prerank,Nuclear Export (GO:0051168),0.2605090928470357,0.6856177596449969,1.0,1.0,1.0,11/48,12.27%,RANBP3L;UBE2I;STRADB;DESI1;ATXN1;NUP153;NEMF;DDX39A;EGR2;XPO4;TPR
TDRP,GO_Biological_Process_2023,prerank,Positive Regulation Of Transforming Growth Factor Beta Receptor Signaling Pathway (GO:0030511),0.311255914118967,0.6856017189935736,0.973753280839895,1.0,1.0,6/24,9.24%,SDCBP;CDKN2B;TNXB;SLC2A10;STK11;LRG1
TDRP,GO_Biological_Process_2023,prerank,Positive Regulation Of Cellular Response To Transforming Growth Factor Beta Stimulus (GO:1903846),0.311255914118967,0.6856017189935736,0.973753280839895,1.0,1.0,6/24,9.24%,SDCBP;CDKN2B;TNXB;SLC2A10;STK11;LRG1
TDRP,GO_Biological_Process_2023,prerank,Regulation Of Sodium Ion Transmembrane Transport (GO:1902305),-0.3172358444300683,-0.6854093197937562,0.9380804953560371,1.0,1.0,7/27,15.95%,FXYD3;SCN4B;SCN3B;NOS1;PTPN3;FXYD2;SNTA1
TDRP,GO_Biological_Process_2023,prerank,Regulation Of Natural Killer Cell Activation (GO:0032814),-0.35189498052572976,-0.6850843311735301,0.9166666666666666,1.0,1.0,4/16,20.01%,TICAM1;PIBF1;PRDM1;KLRD1
TDRP,GO_Biological_Process_2023,prerank,Protein Autoubiquitination (GO:0051865),-0.2736990047152581,-0.685071376231858,0.9941520467836257,1.0,1.0,26/70,25.66%,TRIM52;RAG1;RNF19B;BABAM2;RNF141;KLHL24;UHRF1;TRIM21;CNOT4;TRIM13;RNF4;RNF112;DEPDC1B;RNF115;TRAF6;WWP2;RNF220;UHRF2;PRKN;TRIM17;RNF185;UBE2D2;SH3RF1;RNF122;DDB2;RAD18
TDRP,GO_Biological_Process_2023,prerank,Regulation Of Platelet Activation (GO:0010543),-0.3186087680214478,-0.6850107346344393,0.9594155844155844,1.0,1.0,6/28,16.18%,C1QTNF1;GP1BB;LYN;F2;PRKCA;JAK2
TDRP,GO_Biological_Process_2023,prerank,Amyloid Fibril Formation (GO:1990000),-0.32308411826692357,-0.6848477878457969,0.9347471451876019,1.0,1.0,7/24,21.13%,SERF1A;FURIN;MAPT;HNRNPA1;VHL;USP9X;PRKN
TDRP,GO_Biological_Process_2023,prerank,Positive Regulation Of B Cell Activation (GO:0050871),-0.28061085628850035,-0.6847841283020413,0.9829721362229102,1.0,1.0,17/52,24.36%,CD40;CD74;IL7;INSL6;NOD2;TNFRSF13C;KMT5C;CD38;TIRAP;NFATC2;INPP5D;IRS2;PAXIP1;XBP1;CD320;PPP2R3C;HMCES
TDRP,GO_Biological_Process_2023,prerank,Golgi To Vacuole Transport (GO:0006896),-0.3546566544584751,-0.684266902773683,0.9068627450980392,1.0,1.0,5/17,17.06%,AP1G1;VPS52;EHD3;VPS54;AP3D1
TDRP,GO_Biological_Process_2023,prerank,Organelle Disassembly (GO:1903008),-0.2828059792767165,-0.6840034641156454,0.9940828402366864,1.0,1.0,22/54,25.49%,NEDD9;EIF2D;GOLGA2;MTIF3;STX5;PLK3;PELO;PLAAT1;ZFAND1;ULK1;DYRK3;UFL1;PRKAA2;RETREG3;MRRF;VCP;ATG2A;ATG2B;DENR;ASCC3;PNPLA2;RB1CC1
TDRP,GO_Biological_Process_2023,prerank,Fat-Soluble Vitamin Metabolic Process (GO:0006775),-0.32717108463460937,-0.6838940244988869,0.9413680781758957,1.0,1.0,5/24,21.02%,NPC1L1;LRP2;NQO1;PIAS4;VKORC1L1
TDRP,GO_Biological_Process_2023,prerank,Glycosaminoglycan Metabolic Process (GO:0030203),0.2921548630112021,0.6837920527217409,0.9829268292682927,1.0,1.0,11/28,16.61%,HYAL1;HS3ST1;CHST9;IDUA;HYAL2;HS3ST3A1;HS3ST3B1;CLN6;PXYLP1;B3GAT3;XYLT1
TDRP,GO_Biological_Process_2023,prerank,Positive Regulation Of Lamellipodium Organization (GO:1902745),-0.30642655001010155,-0.6833853139430569,0.9557661927330173,1.0,1.0,16/31,29.44%,CARMIL2;CORO1B;ACTR3;ARHGEF7;RAC2;PIK3CA;ACTR2;CYFIP1;SRC;NCKAP1;PLCE1;CARMIL1;CORO1C;ENPP2;FSCN1;RAC1
TDRP,GO_Biological_Process_2023,prerank,Regulation Of Cellular Response To Growth Factor Stimulus (GO:0090287),0.3156680526253811,0.6832839927614405,0.9465648854961832,1.0,1.0,7/19,18.01%,LRIT3;SULF1;ZDHHC17;DOK5;FSTL3;OTX2;TWSG1
TDRP,GO_Biological_Process_2023,prerank,Positive Regulation Of Fatty Acid Metabolic Process (GO:0045923),0.3209687452907641,0.6830330814833679,0.9397905759162304,1.0,1.0,4/17,15.40%,SIRT2;MID1IP1;MLYCD;KAT2B
TDRP,GO_Biological_Process_2023,prerank,Cell Cycle G2/M Phase Transition (GO:0044839),0.27137341823086897,0.682664023879597,0.982051282051282,1.0,1.0,17/40,20.60%,KHDRBS1;CCNA2;PLK1;MELK;FBXL7;PKMYT1;LCMT1;TAF2;CCNY;FBXL15;AKAP8L;CCNB1;AURKB;AKAP8;MASTL;PLCB1;NES
TDRP,GO_Biological_Process_2023,prerank,Intracellular Estrogen Receptor Signaling Pathway (GO:0030520),-0.3568178050029243,-0.6825793246069991,0.933786078098472,1.0,1.0,4/16,14.95%,PADI2;ESR1;DDX54;PPARGC1B
TDRP,GO_Biological_Process_2023,prerank,Metallo-Sulfur Cluster Assembly (GO:0031163),0.2919141724693428,0.6825723213951767,0.9867021276595744,1.0,1.0,14/27,21.00%,HSPA9;NDUFAB1;CIAO1;GLRX3;HSCB;LYRM4;NFS1;FXN;ISCU;NUBP1;CIAO2B;CIAO3;ISCA1;GLRX5
TDRP,GO_Biological_Process_2023,prerank,Iron-Sulfur Cluster Assembly (GO:0016226),0.2919141724693428,0.6825723213951767,0.9867021276595744,1.0,1.0,14/27,21.00%,HSPA9;NDUFAB1;CIAO1;GLRX3;HSCB;LYRM4;NFS1;FXN;ISCU;NUBP1;CIAO2B;CIAO3;ISCA1;GLRX5
TDRP,GO_Biological_Process_2023,prerank,Regulation Of Blood Coagulation (GO:0030193),-0.3106209804636782,-0.6825695492714517,0.9462025316455697,1.0,1.0,7/29,15.95%,PROC;HPSE;ST3GAL4;F2;APOH;SERPINE1;PLAU
TDRP,GO_Biological_Process_2023,prerank,Regulation Of Protein Localization To Cell Periphery (GO:1904375),-0.33706391045049616,-0.6825510404520038,0.9266347687400319,1.0,1.0,7/20,23.48%,CDK5;VPS4A;APPL1;ZDHHC7;STX7;ZDHHC2;SPTBN1
TDRP,GO_Biological_Process_2023,prerank,Peptide Antigen Assembly With MHC Protein Complex (GO:0002501),0.33055971475256873,0.6821010388651931,0.9256594724220624,1.0,1.0,5/16,12.61%,HLA-DOB;HLA-DOA;HLA-DPA1;PDIA3;HLA-DMB
TDRP,GO_Biological_Process_2023,prerank,"Nuclear-Transcribed mRNA Catabolic Process, Exonucleolytic (GO:0000291)",0.33344154820218325,0.6819882812641161,0.9285714285714286,1.0,1.0,9/17,23.31%,EXOSC8;DCPS;NT5C3B;DIS3;EXOSC5;EXOSC9;SKIC3;CNOT7;EXOSC2
TDRP,GO_Biological_Process_2023,prerank,Membrane Protein Ectodomain Proteolysis (GO:0006509),0.3097707300675171,0.6818276676062719,0.9502487562189055,1.0,1.0,11/22,23.56%,SPPL2A;PSENEN;DAG1;ERAP1;ADAM19;HM13;SPPL3;ADAM9;BACE1;PSEN2;APH1A
TDRP,GO_Biological_Process_2023,prerank,Positive Regulation Of Receptor Internalization (GO:0002092),0.3060050590659063,0.681770364053815,0.9444444444444444,1.0,1.0,5/22,10.78%,APLN;CD63;FMR1;MAGI2;NTF3
TDRP,GO_Biological_Process_2023,prerank,Regulation Of Microtubule Polymerization (GO:0031113),-0.29030738746279605,-0.6817580053383392,0.9786585365853658,1.0,1.0,12/40,22.26%,MAPT;MAPRE3;FES;ANKRD53;DYRK1A;NAV3;NUMA1;AKAP9;GBA2;CLASP1;CDK5R1;CAMSAP1
TDRP,GO_Biological_Process_2023,prerank,Intracellular Iron Ion Homeostasis (GO:0006879),0.2592928572954075,0.6814450374722033,0.9970760233918129,1.0,1.0,16/50,20.83%,HJV;SLC11A1;HEPHL1;TMEM199;FTH1;GLRX3;CCDC115;FXN;ISCU;NUBP1;PICALM;TFRC;MYC;NDFIP1;SMAD4;B2M
TDRP,GO_Biological_Process_2023,prerank,Neurotrophin Signaling Pathway (GO:0038179),0.33954396040286017,0.6814229106460806,0.9385749385749386,1.0,1.0,5/15,15.30%,BCAR1;MAGI2;NTF3;RAP1A;NGF
TDRP,GO_Biological_Process_2023,prerank,Integrin-Mediated Signaling Pathway (GO:0007229),-0.26570876023498513,-0.68111971587407,0.9985096870342772,1.0,1.0,21/85,20.26%,ITGAL;NEDD9;ITGB2;ITGA8;ITGAE;FYB2;ANGPTL3;DAB2;FBLN1;ORC3;ITGA2B;ADAM11;ITGAV;CD47;PTN;SEMA7A;ZYX;PTPRA;ITGA3;DST;PRAM1
TDRP,GO_Biological_Process_2023,prerank,Bile Acid Metabolic Process (GO:0008206),-0.3047972163168532,-0.6806936558944507,0.9689542483660131,1.0,1.0,10/31,20.66%,AKR1D1;OSBPL2;CYP46A1;ACOX2;HSD3B7;SLC27A2;NPC1;ACOT8;OSBPL1A;GBA2
TDRP,GO_Biological_Process_2023,prerank,Stem Cell Differentiation (GO:0048863),0.27036803909310825,0.6802775266229695,0.9969879518072289,1.0,1.0,8/40,15.72%,EPOP;ELL3;FOXO4;FBXL17;NELFB;PSMD11;SOX21;CTNNB1
TDRP,GO_Biological_Process_2023,prerank,Phospholipid Transport (GO:0015914),0.2539609653817257,0.6802524873597185,0.9969418960244648,1.0,1.0,19/59,19.56%,APOA1;ATP8B3;ATP10B;PLA2G10;PRELID1;TMEM30B;PRELID3B;OSBPL5;PRELID3A;MTTP;ABCA3;ABCC1;ATP8B4;ATP8B2;APOE;SCARB2;SCARB1;TRIAP1;ATP11A
TDRP,GO_Biological_Process_2023,prerank,Regulation Of Microtubule Cytoskeleton Organization (GO:0070507),-0.29395505485405415,-0.6802192685164281,0.970125786163522,1.0,1.0,13/40,21.45%,STMN4;TPPP;MAP6;MAP6D1;MAPT;PATJ;MAPRE3;EFNA5;TRIM36;SKA3;PRKAA2;PHLDB1;CLASP1
TDRP,GO_Biological_Process_2023,prerank,Carbohydrate Derivative Biosynthetic Process (GO:1901137),-0.3127845297315238,-0.6801571898408483,0.9436619718309859,1.0,1.0,5/29,13.73%,ST8SIA6;B4GAT1;ST3GAL4;RRM2;LARGE1
TDRP,GO_Biological_Process_2023,prerank,Long-Chain Fatty Acid Biosynthetic Process (GO:0042759),-0.32036532147917773,-0.6799823387023671,0.9518459069020867,1.0,1.0,4/24,9.78%,CYP2C8;ALOX12;GSTM4;CYP2E1
TDRP,GO_Biological_Process_2023,prerank,Embryo Development Ending In Birth Or Egg Hatching (GO:0009792),0.3237683163870325,0.6794392087272301,0.9384236453201971,1.0,1.0,2/17,3.91%,RICTOR;CELF4
TDRP,GO_Biological_Process_2023,prerank,Negative Regulation Of Ubiquitin-Dependent Protein Catabolic Process (GO:2000059),0.2708461975253617,0.6793658207598177,0.9916666666666667,1.0,1.0,9/39,13.79%,SDCBP;UCHL5;PARK7;RYBP;RPL17;PDCL3;TLK2;FHIT;RPS7
TDRP,GO_Biological_Process_2023,prerank,Regulation Of Carbohydrate Metabolic Process (GO:0006109),-0.35122951769479765,-0.6793236889688984,0.9250871080139372,1.0,1.0,6/15,24.12%,PDK2;PDK1;GNB3;FOXK2;PRKN;PDK3
TDRP,GO_Biological_Process_2023,prerank,Regulation Of rRNA Processing (GO:2000232),0.3317659885708654,0.6792197033624755,0.9468354430379747,1.0,1.0,4/15,15.40%,TRMT112;NUDT16;RIOK2;KAT2B
TDRP,GO_Biological_Process_2023,prerank,Regulation Of Ubiquitin Protein Ligase Activity (GO:1904666),0.3264595135103928,0.6788835247230425,0.946969696969697,1.0,1.0,6/17,13.97%,MAD2L2;PLK1;RPL17;FBXO5;RPS7;UBE2S
TDRP,GO_Biological_Process_2023,prerank,Regulation Of Programmed Cell Death (GO:0043067),-0.24037733789688415,-0.6785446189023444,1.0,1.0,1.0,53/179,26.38%,PAX2;CITED1;IFT57;CDK5;POU4F1;FANK1;TNFRSF10B;CCNL2;KANK2;NTRK1;WFS1;FBXO10;NAIP;XIAP;EPC1;LRRK2;LRP8;CTSB;BAX;YEATS4;ACER3;RTKN;ACER2;ACTN2;NUP62;GLS2;SEPTIN4;ALK;DAPK1;FAS;PLSCR3;TRRAP;MAGED1;TMEM109;BRD8;PRKN;VCP;BCL2L2;ATM;BIK;BMP4;NOP53;MRGBP;BECN1;HAX1;BEX1;MORF4L2;PRDX2;STK26;HS1BP3;MALT1;ACTN1;MBTD1
TDRP,GO_Biological_Process_2023,prerank,Negative Regulation Of Response To Biotic Stimulus (GO:0002832),-0.285225491493044,-0.6785348164396501,0.9891640866873065,1.0,1.0,16/45,27.23%,DHX58;DTX4;IRGM;TRIM21;PPM1B;NLRC3;TYRO3;CEP63;PCBP2;SIGIRR;MYO1C;TRAFD1;IRAK3;PARP1;ILRUN;TRAF3IP1
TDRP,GO_Biological_Process_2023,prerank,Sphingolipid Catabolic Process (GO:0030149),-0.353246890429454,-0.67796218030074,0.9106239460370995,1.0,1.0,6/15,21.38%,SPHK1;SMPD1;SMPD4;ACER3;ACER2;SGPL1
TDRP,GO_Biological_Process_2023,prerank,Sulfur Compound Biosynthetic Process (GO:0044272),-0.267042887178734,-0.6778088972475209,0.9970104633781763,1.0,1.0,19/68,20.89%,B3GNT3;EXTL1;GLCE;NDST3;B4GAT1;ST3GAL4;CHSY1;CHST5;B3GNT7;CTH;LIAS;GGTA1;EXT2;CHST6;ST3GAL1;UST;B3GNT2;XYLT2;GGT7
TDRP,GO_Biological_Process_2023,prerank,Regulation Of Ubiquitin-Protein Transferase Activity (GO:0051438),-0.3012163617326909,-0.6777322932839427,0.9609756097560975,1.0,1.0,11/32,21.85%,TRIB3;UBE2L3;UBE2N;DCUN1D1;AXIN1;ARRDC4;DCUN1D2;DCUN1D3;FEM1A;CDC20;BMI1
TDRP,GO_Biological_Process_2023,prerank,Regulation Of Cellular Response To Stress (GO:0080135),-0.2535655768316262,-0.6777178319181973,1.0,1.0,1.0,34/107,23.05%,AIFM2;KAT2A;OPRM1;BABAM2;MAPT;UBE2N;INO80;INO80E;DNAJB1;DEPDC1B;USP19;ALOX5;CORO2B;AJUBA;RADX;DYRK3;VHL;ETAA1;TRRAP;TADA2B;SUPT7L;INO80D;SLC38A2;YY1;CRY1;ROCK2;MTOR;NFRKB;PRKN;RFWD3;USP22;TAF10;TAF4;ATM
TDRP,GO_Biological_Process_2023,prerank,Steroid Biosynthetic Process (GO:0006694),-0.28110064330921897,-0.6772486743813855,0.9892802450229708,1.0,1.0,16/50,21.46%,HSD17B1;AKR1D1;OSBPL2;CYP46A1;AKR1C3;FDFT1;FDXR;FAXDC2;ACOX2;HSD3B7;SLC27A2;PRKAG2;ACOT8;OSBPL1A;CYP51A1;GUCY2C
TDRP,GO_Biological_Process_2023,prerank,Positive Regulation Of Telomerase Activity (GO:0051973),0.28322724374062314,0.6768589107926061,0.9826302729528535,1.0,1.0,13/33,18.05%,MAPK3;CCT4;MAP3K4;TNIP1;TCP1;POT1;MAPK15;WRAP53;CTNNB1;DKC1;AURKB;MYC;CCT2
TDRP,GO_Biological_Process_2023,prerank,Protein N-linked Glycosylation Via Asparagine (GO:0018279),0.30480138549208513,0.6767688786054096,0.9568733153638814,1.0,1.0,5/23,13.55%,PSMD2;UBE2J1;STT3B;ALG8;UGGT1
TDRP,GO_Biological_Process_2023,prerank,Negative Regulation Of Phosphoprotein Phosphatase Activity (GO:0032515),-0.335644196813707,-0.6766805184697009,0.9369817578772802,1.0,1.0,4/20,13.56%,PPP1R14D;LGALS3;PTPA;PPP1R1B
TDRP,GO_Biological_Process_2023,prerank,Negative Regulation Of Protein Localization To Membrane (GO:1905476),-0.32184723264366066,-0.6764260879812787,0.9495934959349593,1.0,1.0,6/25,21.53%,INPP5K;DAB2;BCL2L1;PID1;PPFIA1;CLTC
TDRP,GO_Biological_Process_2023,prerank,Regulation Of Brown Fat Cell Differentiation (GO:0090335),-0.3450086551124272,-0.6761385733832121,0.9240710823909531,1.0,1.0,4/17,14.13%,ZBTB7B;FNDC5;SIX1;TFE3
TDRP,GO_Biological_Process_2023,prerank,Cellular Response To Unfolded Protein (GO:0034620),0.32396595067924844,0.6760315149668722,0.9585365853658536,1.0,1.0,9/17,22.81%,TMBIM6;RHBDD1;HSPD1;ERN1;HSPA1A;BAG3;DAB2IP;DAXX;HSF1
TDRP,GO_Biological_Process_2023,prerank,Heart Process (GO:0003015),0.32372714610942993,0.6758611412771921,0.9484536082474226,1.0,1.0,6/16,15.61%,SGCZ;TRDN;RANGRF;RAMP3;ZNHIT1;FYN
TDRP,GO_Biological_Process_2023,prerank,Activation Of Cysteine-Type Endopeptidase Activity (GO:0097202),0.3326716337353335,0.6756921922917623,0.9354838709677419,1.0,1.0,10/16,21.14%,PERP;NLRC4;TBC1D10A;BAD;IFI16;CYCS;GRIN2A;LGMN;CIDEB;FADD
TDRP,GO_Biological_Process_2023,prerank,Regulation Of Telomere Maintenance In Response To DNA Damage (GO:1904505),-0.35749153136618833,-0.6754984667062889,0.9320882852292021,1.0,1.0,6/15,21.16%,INO80;INO80E;INO80D;YY1;NFRKB;RTEL1
TDRP,GO_Biological_Process_2023,prerank,Non-Motile Cilium Assembly (GO:1905515),-0.30168557020796605,-0.6753103563599497,0.9612277867528272,1.0,1.0,10/31,24.49%,TMEM107;IFT57;PIBF1;ENKD1;RPGRIP1;CCDC13;FUZ;BBS10;CC2D2B;TBC1D32
TDRP,GO_Biological_Process_2023,prerank,Positive Regulation Of Neural Precursor Cell Proliferation (GO:2000179),-0.3116065927576981,-0.6753008204200345,0.975,1.0,1.0,10/29,24.34%,FZD9;LRP2;ZNF335;PROX1;CX3CL1;FZD3;BCAN;NAP1L1;TOX;HAPLN3
TDRP,GO_Biological_Process_2023,prerank,Sister Chromatid Segregation (GO:0000819),-0.29894937596293175,-0.6752686463453599,0.9750778816199377,1.0,1.0,16/34,23.57%,TOP2A;ESPL1;INO80;SPAG5;SMC1A;WAPL;TUBG1;CHAMP1;DSN1;CENPI;TOP2B;KIF18B;KNSTRN;KIF25;ZNF207;LATS1
TDRP,GO_Biological_Process_2023,prerank,Fc Receptor Mediated Stimulatory Signaling Pathway (GO:0002431),-0.32641626605853286,-0.6748294332961561,0.9506578947368421,1.0,1.0,4/22,13.80%,PLPP4;MYO1G;LYN;YES1
TDRP,GO_Biological_Process_2023,prerank,Synaptic Vesicle Endocytosis (GO:0048488),0.26884291212621886,0.6746315982996977,0.9942857142857143,1.0,1.0,10/40,16.68%,SNAP91;ITSN2;NLGN4X;NLGN3;GAK;BLTP1;AP2M1;ITSN1;NLGN2;PICALM
TDRP,GO_Biological_Process_2023,prerank,Positive Regulation Of Axonogenesis (GO:0050772),-0.29330074553993934,-0.6746161096179154,0.9794952681388013,1.0,1.0,13/38,23.89%,TIAM1;MAP6;MAPT;ISLR2;NTRK2;PLXNA2;SEMA7A;PLXNB2;CDKL5;RUFY3;PLXNB1;MACF1;BDNF
TDRP,GO_Biological_Process_2023,prerank,T Cell Homeostasis (GO:0043029),0.33219691861932726,0.6742427886316414,0.9473684210526315,1.0,1.0,5/15,16.77%,ZC3H8;JAK3;AKT1;PMAIP1;PPP2CA
TDRP,GO_Biological_Process_2023,prerank,Regulation Of Protein Localization (GO:0032880),-0.25707528701640137,-0.6741352541313621,0.9985228951255539,1.0,1.0,32/95,25.62%,MMD2;NEDD9;HFE;PPM1F;CAMK1;SUMO4;MAPT;GPC1;TRIM21;SETD2;RFPL2;VPS4A;TMEM231;KCNAB2;CCDC66;ZDHHC7;CEP72;MAP1A;UFL1;CEP290;PRKAA2;TRIM22;STX6;KIAA0586;VCP;TRIM17;ABCA2;BDNF;DZIP1L;FBXW7;PARP1;DVL3
TDRP,GO_Biological_Process_2023,prerank,Positive Regulation Of Neuroblast Proliferation (GO:0002052),-0.3482821924446126,-0.6740781709791064,0.916247906197655,1.0,1.0,4/18,17.83%,ZNF335;CX3CL1;FZD3;BCAN
TDRP,GO_Biological_Process_2023,prerank,Autophagosome Organization (GO:1905037),-0.27405526236675576,-0.6740338920449593,0.9908952959028832,1.0,1.0,21/60,24.62%,ATG9B;GABARAPL2;IRGM;NSFL1C;UBQLN1;SPG11;ATG13;RAB19;ATG16L2;ULK1;RAB23;PACS2;RAB1B;UBQLN2;MAP1LC3B;ATG2A;UBXN2B;ATG2B;RAB43;MAP1LC3B2;BECN1
TDRP,GO_Biological_Process_2023,prerank,Regulation Of Monoatomic Cation Transmembrane Transport (GO:1904062),-0.29253360765213154,-0.6739933915199532,0.9715568862275449,1.0,1.0,14/39,22.18%,KCNE5;GRIN2B;KCNE2;GRIN1;KCNIP4;CACNA1D;KCNAB2;SNTA1;DPP6;WNK1;KCNIP2;HRC;HOMER1;SLMAP
TDRP,GO_Biological_Process_2023,prerank,Regulation Of Toll-Like Receptor 4 Signaling Pathway (GO:0034143),-0.3189166646855968,-0.673166237496119,0.9483037156704361,1.0,1.0,6/23,19.69%,RAB7B;IFI35;LYN;APPL1;TIRAP;F2RL1
TDRP,GO_Biological_Process_2023,prerank,"Retrograde Vesicle-Mediated Transport, Golgi To Endoplasmic Reticulum (GO:0006890)",0.25983372117793013,0.6727943035330567,0.9971751412429378,1.0,1.0,11/48,13.32%,COG7;COPG2;GBF1;KDELR1;USE1;COG4;ZW10;TMED10;ERGIC3;RAB6B;COPB2
TDRP,GO_Biological_Process_2023,prerank,Positive Regulation Of Transcription Regulatory Region DNA Binding (GO:2000679),-0.32889730289701274,-0.6727274363505427,0.9401574803149606,1.0,1.0,6/21,22.15%,POU4F1;GATA3;IGF1;TRAF6;NIBAN2;GTF2B
TDRP,GO_Biological_Process_2023,prerank,Regulation Of Primary Metabolic Process (GO:0080090),0.26587345593186545,0.6722662449201716,0.9946524064171123,1.0,1.0,13/43,18.97%,TM6SF2;ADGRF5;PM20D2;NCOA2;ADIPOR1;CNDP1;NR1D1;RUBCNL;FGFR4;PPARD;APOE;LACTB;PSAP
TDRP,GO_Biological_Process_2023,prerank,Regulation Of Vascular Endothelial Growth Factor Receptor Signaling Pathway (GO:0030947),0.29951450773668986,0.6722269428521143,0.9587628865979382,1.0,1.0,6/22,16.91%,ITGB3;CADM4;HIF1A;EMILIN1;ITGA5;EPN2
TDRP,GO_Biological_Process_2023,prerank,Activation Of GTPase Activity (GO:0090630),-0.25028514233579674,-0.6719925224885056,1.0,1.0,1.0,34/99,26.42%,GARNL3;TBC1D15;TBC1D10C;TIAM1;AGAP6;TBC1D26;SYDE1;GMIP;ARHGAP42;CXCL13;SIPA1L2;ARHGEF15;EVI5L;TBC1D10B;EPHA2;TBC1D9;DOCK7;USP6NL;TBC1D22B;ARHGAP22;SYDE2;RANGAP1;CCDC125;NGEF;ARHGAP29;SIPA1L3;TBC1D2B;ARHGEF19;RAP1GAP;ARHGAP24;AGAP1;TBC1D25;TBC1D2;TAX1BP3
TDRP,GO_Biological_Process_2023,prerank,DNA Biosynthetic Process (GO:0071897),-0.34330279514177753,-0.6719735812147406,0.9293739967897271,1.0,1.0,8/17,23.86%,TYMS;TERT;POLL;POLA1;POLD2;WRN;HROB;POLD1
TDRP,GO_Biological_Process_2023,prerank,"Positive Regulation Of mRNA Splicing, Via Spliceosome (GO:0048026)",0.31292963991509504,0.6712297119818196,0.9451697127937336,1.0,1.0,5/19,16.54%,CELF4;PRDX6;CLNS1A;RBM3;SF3B4
TDRP,GO_Biological_Process_2023,prerank,Nuclear Transport (GO:0051169),0.2675351672360042,0.6711819577453846,0.9971098265895953,1.0,1.0,18/38,22.49%,NUP43;SEH1L;NUP160;ANP32A;NUP153;NUP93;TPR;NDC1;NUP88;RSRC1;NUP107;NUP188;NUP35;NUP214;NUP85;NUP50;NUP210;RGS14
TDRP,GO_Biological_Process_2023,prerank,Regulation Of Secretion (GO:0051046),-0.3477126354090085,-0.6710810816946698,0.9356435643564357,1.0,1.0,3/16,12.53%,SCIN;MYO6;OPRK1
TDRP,GO_Biological_Process_2023,prerank,Mismatch Repair (GO:0006298),0.29420289121499554,0.6708459908864192,0.9701492537313433,1.0,1.0,9/25,15.90%,PMS2;MCM9;TP73;POLD3;EXO1;PCNA;RPA3;RNASEH2C;RPA2
TDRP,GO_Biological_Process_2023,prerank,Protein Localization To Cell-Cell Junction (GO:0150105),-0.344852964070461,-0.670649866759303,0.9250814332247557,1.0,1.0,4/15,16.85%,CHAF1B;JAK1;TJP2;ARHGEF18
TDRP,GO_Biological_Process_2023,prerank,Establishment Of Protein Localization To Plasma Membrane (GO:0061951),0.27179646833629817,0.6705931630091441,0.9944444444444445,1.0,1.0,10/37,20.15%,TRARG1;NECTIN3;BBS2;KRT18;BBS1;RAB34;RDX;PREPL;GCC2;GOLGA4
TDRP,GO_Biological_Process_2023,prerank,Positive Regulation Of Stem Cell Population Maintenance (GO:1902459),0.2679062986260588,0.6705612833800226,0.991869918699187,1.0,1.0,15/40,19.88%,SAP30L;HDAC2;SF3B3;BRMS1;RBBP4;BICRA;SMARCA4;BCL7B;SS18;DPF2;SUDS3;OGT;SMARCC1;ESRRB;SIN3A
TDRP,GO_Biological_Process_2023,prerank,Negative Regulation Of Protein Serine/Threonine Kinase Activity (GO:0071901),-0.25736939956078153,-0.6699670110522188,1.0,1.0,1.0,35/80,28.15%,CDKN2A;SMPD1;INPP5K;LYN;HHEX;BMP2;SH2B3;CDKN1A;CEBPA;PRKAR1B;INCA1;CDK5RAP3;MACROH2A1;PRKAR2B;PTEN;GADD45A;CDK5RAP1;PYCARD;HEXIM2;LATS2;PKIB;CDKN1B;MEN1;LATS1;GBA1;BMP4;IRAK3;RGS2;TFAP4;GSTP1;PRKCD;IPO7;PTPN1;HEG1;LRP5
TDRP,GO_Biological_Process_2023,prerank,Negative Regulation Of DNA Recombination (GO:0045910),-0.2877748884222955,-0.6696076390485551,0.9805194805194806,1.0,1.0,11/40,21.71%,FANCB;H1-1;INSL6;H1-3;RADX;H1-10;SENP3;RTEL1;H1-4;SMCHD1;FBH1
TDRP,GO_Biological_Process_2023,prerank,Vesicle Docking (GO:0048278),-0.33435665329995606,-0.6690584126288305,0.9411764705882353,1.0,1.0,9/19,22.34%,STX5;STX1B;STX3;STX1A;STX7;CEP83;STX16;STX6;TSNARE1
TDRP,GO_Biological_Process_2023,prerank,Regulation Of Monocyte Differentiation (GO:0045655),0.3228669108859003,0.6687610259120098,0.9641943734015346,1.0,1.0,1/15,0.63%,IRF7
TDRP,GO_Biological_Process_2023,prerank,Positive Regulation Of miRNA Metabolic Process (GO:2000630),-0.27913392312187163,-0.6686676253606608,0.9969879518072289,1.0,1.0,9/49,16.84%,KLF5;MYCN;KLF4;GATA3;ZC3H12A;TERT;FOSL1;FGF2;NGFR
TDRP,GO_Biological_Process_2023,prerank,Photoperiodism (GO:0009648),0.3023433181064436,0.6684996181380122,0.9717223650385605,1.0,1.0,4/23,9.44%,PER1;CRY2;CLOCK;FBXL17
TDRP,GO_Biological_Process_2023,prerank,Response To Steroid Hormone (GO:0048545),0.2886283606930303,0.6684765196620117,0.9849246231155779,1.0,1.0,13/29,21.12%,NKX3-1;AKR1B1;ATP1A3;UBE3A;MED1;TGFB3;WBP2;YAP1;PAQR7;HSPA1A;HSPA8;URI1;CAV1
TDRP,GO_Biological_Process_2023,prerank,Negative Regulation Of Stem Cell Population Maintenance (GO:1902455),0.3120779028917502,0.6681951715339345,0.9657894736842105,1.0,1.0,5/20,8.71%,SAP30L;HDAC2;SF3B3;BRMS1;RBBP4
TDRP,GO_Biological_Process_2023,prerank,Negative Regulation Of Lipid Storage (GO:0010888),-0.3337798209456146,-0.6680065914447081,0.9413629160063391,1.0,1.0,8/18,28.23%,ABCG1;ITGAV;PTPN2;ABHD5;PNPLA2;NFKBIA;OSBPL8;NR1H2
TDRP,GO_Biological_Process_2023,prerank,Positive Regulation Of Nucleocytoplasmic Transport (GO:0046824),-0.2806624269559632,-0.6676153263042571,0.9858490566037735,1.0,1.0,16/44,27.16%,YWHAE;CAMK1;HCLS1;EMD;ZC3H12A;RAPGEF3;RBM22;MAVS;NRDE2;GAS6;CPSF6;PSEN1;NEDD4;CDH1;PRKCD;EP300
TDRP,GO_Biological_Process_2023,prerank,Superoxide Metabolic Process (GO:0006801),-0.2976373941077716,-0.6671830486018395,0.9776714513556619,1.0,1.0,11/33,25.58%,NCF1B;NOS2;TAFA4;NQO1;SOD2;PREX1;NOX4;SOD1;NOXO1;PRDX2;CCS
TDRP,GO_Biological_Process_2023,prerank,Regulation Of Cell Morphogenesis (GO:0022604),-0.3062108361713405,-0.6671001241243539,0.9645608628659477,1.0,1.0,10/31,22.84%,NOL3;CD44;CLDN4;LARP4;CAPZB;EFNA5;ZMYM6;MYO9A;CAMSAP1;MACF1
TDRP,GO_Biological_Process_2023,prerank,Regulation Of Neuronal Synaptic Plasticity (GO:0048168),0.27249376462798247,0.6666667901082903,0.9916434540389972,1.0,1.0,15/34,21.20%,RAB3A;GRIN2C;SYP;SYAP1;CAMK2B;GRIN2D;APOE;GRIN2A;NSMF;NETO1;RAB3GAP1;SLC4A10;SLC8A2;SHISA6;RAB5A
TDRP,GO_Biological_Process_2023,prerank,Regulation Of Single Stranded Viral RNA Replication Via Double Stranded DNA Intermediate (GO:0045091),-0.3386470740599341,-0.6663478155636516,0.9362745098039216,1.0,1.0,8/17,27.25%,TOP2A;INPP5K;TASOR;MPHOSPH8;TOP2B;APOBEC3C;RESF1;HMGA2
TDRP,GO_Biological_Process_2023,prerank,Cellular Response To Osmotic Stress (GO:0071470),0.2876844680853686,0.6656828213000467,0.9811827956989247,1.0,1.0,8/28,15.36%,CAPN3;RPTOR;STK39;MLST8;DDX3X;LRRC8E;LRRC8D;TRPV4
TDRP,GO_Biological_Process_2023,prerank,Positive Regulation Of Telomere Capping (GO:1904355),-0.3374670053868778,-0.6652849614923465,0.9381625441696113,1.0,1.0,8/16,25.36%,NEK2;TNKS2;MAP2K7;NABP2;RTEL1;MAPKAPK5;PKIB;TNKS
TDRP,GO_Biological_Process_2023,prerank,Negative Regulation Of Protein Localization To Cell Periphery (GO:1904376),-0.32906732338062883,-0.6650901145308538,0.939297124600639,1.0,1.0,5/20,21.53%,DAB2;BCL2L1;PID1;PPFIA1;CLTC
TDRP,GO_Biological_Process_2023,prerank,Embryonic Digestive Tract Development (GO:0048566),-0.32835817938394835,-0.6646448950958841,0.945,1.0,1.0,8/19,18.37%,SIX2;STRA6;ID2;RARB;PKDCC;GLI3;PCSK5;RARRES2
TDRP,GO_Biological_Process_2023,prerank,Cell-Cell Junction Organization (GO:0045216),-0.26353773640416134,-0.6645799694586089,0.9984871406959153,1.0,1.0,28/68,27.45%,DSG2;MARVELD3;PARD6B;CD177;TLN1;CDH8;CLDN5;CDH22;PKP3;CDH12;ARVCF;TJP2;GJC1;CDH15;CDH9;F2RL1;CSK;CXADR;CDH2;KIRREL1;TJP3;CDH7;PARD6A;CDH1;MYADM;CTNND2;TGFB2;CDH4
TDRP,GO_Biological_Process_2023,prerank,Regulation Of Insulin Secretion Involved In Cellular Response To Glucose Stimulus (GO:0061178),-0.30959989134159566,-0.6645582075669085,0.9536423841059603,1.0,1.0,4/27,7.90%,EPHA5;NR1H4;ANO1;HLA-DRB1
TDRP,GO_Biological_Process_2023,prerank,Leukocyte Adhesion To Vascular Endothelial Cell (GO:0061756),0.3144336649836003,0.6642089030649859,0.9547738693467337,1.0,1.0,3/19,12.31%,MADCAM1;LRG1;JAM2
TDRP,GO_Biological_Process_2023,prerank,Regulation Of Receptor Signaling Pathway Via STAT (GO:1904892),-0.34801351861824553,-0.6641842921490869,0.9180064308681672,1.0,1.0,4/16,16.50%,CRLF2;MST1;JAK2;PTPRT
TDRP,GO_Biological_Process_2023,prerank,Regulation Of Lipid Metabolic Process (GO:0019216),0.24965468915455497,0.663905009530857,1.0,1.0,1.0,12/54,17.43%,THRSP;TM6SF2;DISP3;ADGRF5;MID1IP1;NCOA2;ADIPOR1;NR1D1;RUBCNL;FGFR4;PPARD;LACTB
TDRP,GO_Biological_Process_2023,prerank,Positive Regulation Of Extrinsic Apoptotic Signaling Pathway (GO:2001238),-0.29723425299973893,-0.6638757333150267,0.9717868338557993,1.0,1.0,13/31,27.94%,G0S2;LTB;HTRA2;RET;TNFSF12;WWOX;PYCARD;SFRP1;LTBR;PPP2R1B;THBS1;TNFRSF12A;PAK2
TDRP,GO_Biological_Process_2023,prerank,Signal Transduction In Response To DNA Damage (GO:0042770),0.24795492674167965,0.6635120923270924,1.0,1.0,1.0,17/57,19.49%,RPA4;MAD2L2;MDM4;MAPK3;CLOCK;CDC5L;DTX3L;BID;PARP9;RAD17;MRPL36;ATRIP;NBN;ERCC6;FBXO6;TRIAP1;BCL3
TDRP,GO_Biological_Process_2023,prerank,Carbohydrate Derivative Transport (GO:1901264),-0.3363446088903501,-0.6632276976866605,0.9445324881141046,1.0,1.0,4/17,16.02%,SLC15A3;SLC25A19;NPC2;VLDLR
TDRP,GO_Biological_Process_2023,prerank,Positive Regulation Of Macrophage Migration (GO:1905523),-0.3370220169242765,-0.6632252448126168,0.9516129032258065,1.0,1.0,5/18,18.37%,CX3CL1;IL34;CMKLR1;P2RX4;RARRES2
TDRP,GO_Biological_Process_2023,prerank,Regulation Of Keratinocyte Differentiation (GO:0045616),-0.3095043174508616,-0.6631841745095016,0.9626623376623377,1.0,1.0,11/25,27.35%,ETV4;ZFP36;ERRFI1;NUMA1;MACROH2A1;NCOA3;ROCK2;GRHL2;SRSF6;ROCK1;ZFP36L1
TDRP,GO_Biological_Process_2023,prerank,Positive Regulation Of Establishment Of Protein Localization To Mitochondrion (GO:1903749),-0.29467275809537924,-0.6626309416824037,0.9719934102141681,1.0,1.0,13/33,25.25%,MICALL2;ATG13;UBE2L3;HSPA1L;RAC2;NMT1;HTRA2;SREBF2;NPEPPS;GSK3A;SH3GLB1;FBXW7;HPS4
TDRP,GO_Biological_Process_2023,prerank,Regulation Of Actin Filament Bundle Assembly (GO:0032231),0.2929312162406243,0.6626248276996348,0.9746192893401016,1.0,1.0,11/26,17.64%,VIL1;SYNPO2L;FHOD1;MTSS1;PFN1;TSC1;PFN2;LIMK1;CDC42;ALMS1;RDX
TDRP,GO_Biological_Process_2023,prerank,NIK/NF-kappaB Signaling (GO:0038061),0.28272897308189604,0.6626113339610525,0.9865229110512129,1.0,1.0,11/32,17.29%,TNFSF15;CARD10;TNFRSF10A;COPS8;AMFR;RELA;BIRC2;MAP3K14;REL;TAB2;NFKB1
TDRP,GO_Biological_Process_2023,prerank,Autophagosome Assembly (GO:0000045),-0.2679125663856571,-0.6625937402884694,0.9970544918998527,1.0,1.0,23/64,24.62%,ATG9B;GABARAPL2;IRGM;NSFL1C;UBQLN1;ATG13;RAB19;ATG16L2;ULK1;ATG4B;RAB23;PACS2;RAB1B;ARFIP2;UBQLN2;MAP1LC3B;TOM1;ATG2A;UBXN2B;ATG2B;RAB43;MAP1LC3B2;BECN1
TDRP,GO_Biological_Process_2023,prerank,Positive Regulation Of Glucose Metabolic Process (GO:0010907),-0.34262358267231513,-0.6625179516404163,0.913477537437604,1.0,1.0,9/15,30.80%,SLC45A3;PPARGC1A;PTPN2;IRS2;DDB1;AKT2;SIRT7;ARPP19;SIRT1
TDRP,GO_Biological_Process_2023,prerank,Establishment Of Protein Localization To Membrane (GO:0090150),-0.26357364348595236,-0.6625111278682098,0.998546511627907,1.0,1.0,24/68,26.24%,ZDHHC11B;GRIN3B;ZDHHC14;NACAD;ZDHHC22;ZDHHC20;MICALL1;RAB10;VPS37D;ZDHHC7;NPC1;GORASP1;ZDHHC2;VPS37C;AQP11;ZDHHC24;MYO1C;REEP1;VPS37B;PARD3;ZDHHC11;PIKFYVE;SEC63;CHM
TDRP,GO_Biological_Process_2023,prerank,Regulation Of Centriole Replication (GO:0046599),0.31399094604849487,0.6624311930957258,0.9555555555555556,1.0,1.0,5/18,10.16%,CEP295;TRIM37;MDM1;CENPJ;BRCA1
TDRP,GO_Biological_Process_2023,prerank,N-terminal Protein Amino Acid Acetylation (GO:0006474),-0.353348898489343,-0.6621636379542639,0.921602787456446,1.0,1.0,8/15,29.34%,NAA50;LSM8;NAA60;NAA20;EP300;CREBBP;NAA16;NAA15
TDRP,GO_Biological_Process_2023,prerank,Positive Regulation Of Mitotic Cell Cycle Phase Transition (GO:1901992),-0.2664758055570056,-0.6621347038353486,0.9985141158989599,1.0,1.0,20/63,20.03%,RGCC;AIF1;DBF4B;RAD51C;STIL;KMT2E;DLGAP5;ESPL1;TFDP1;RAD51B;CDC23;RRM2;STOX1;UBE2C;KLHL18;ANAPC11;LSM10;CDC25B;BRD4;CDC20
TDRP,GO_Biological_Process_2023,prerank,Phosphatidic Acid Metabolic Process (GO:0046473),-0.29441945582877754,-0.6620064406673642,0.9744816586921851,1.0,1.0,14/33,25.01%,DGKQ;PLA2G2A;GPAM;GPAT4;LIPI;AGPAT5;GPAT3;AGPAT2;ABHD5;ACP6;LCLAT1;DGKA;DGKZ;LPCAT1
TDRP,GO_Biological_Process_2023,prerank,Epiboly Involved In Wound Healing (GO:0090505),0.32999367666989243,0.661715768168618,0.9331619537275064,1.0,1.0,5/15,13.02%,CCNA2;TOR1A;RHOA;CD151;RHOC
TDRP,GO_Biological_Process_2023,prerank,Regulation Of Dendrite Morphogenesis (GO:0048814),-0.2972446467373608,-0.6615729564505293,0.9778481012658228,1.0,1.0,12/31,23.42%,CUL7;RAPGEF2;TNIK;SDC2;CHRNA3;GORASP1;CDKL5;HECW1;PTPRD;FBXW8;CUX2;OBSL1
TDRP,GO_Biological_Process_2023,prerank,Rho Protein Signal Transduction (GO:0007266),-0.27341889788873,-0.6615435061699283,0.9923195084485407,1.0,1.0,20/52,26.53%,ARHGDIB;WAS;RHOD;PLEKHG7;ARHGAP35;PHACTR4;RTKN;NGFR;RHOBTB1;ARHGEF11;CELSR1;ROCK2;ARHGAP5;ARHGDIA;RIPOR1;ARHGAP1;ARHGAP29;EPS8L2;TAX1BP3;ROCK1
TDRP,GO_Biological_Process_2023,prerank,Proteolysis Involved In Protein Catabolic Process (GO:0051603),-0.25933245455697557,-0.661382785161032,1.0,1.0,1.0,25/75,24.92%,CTSS;DTX4;CASP8;OTUD7A;CUL4B;CTSF;TRIM21;CTSB;VPS4A;LONP1;CHMP4C;USP9X;USP28;ANKZF1;CTSC;CHMP4A;PRKN;UBE2W;VCP;VPS4B;PDCD6IP;CTSL;PEX12;CTSK;UBB
TDRP,GO_Biological_Process_2023,prerank,Regulation Of G2/M Transition Of Mitotic Cell Cycle (GO:0010389),0.2759782303959171,0.6611211102148903,0.9883381924198251,1.0,1.0,10/35,18.64%,CDK3;FHL1;RRM1;KCNH5;CDC7;FBXO5;CCNB1;MECP2;AVEN;CENPF
TDRP,GO_Biological_Process_2023,prerank,Cytosolic Transport (GO:0016482),-0.24229020993904946,-0.6610655708619482,1.0,1.0,1.0,49/125,26.57%,PTPN23;TBC1D10C;AP1G1;WDR91;STX5;WIPF3;VPS52;AP2A1;RAB6A;SNX1;CLN5;SNX5;SPAG9;RCSD1;EHD3;VPS54;TBC1D10B;ANKFY1;PLEKHJ1;MON2;RHOBTB3;PIK3R4;WASHC2C;PXK;DENND2A;GGA1;WASH2P;ARFRP1;RGP1;STX16;LMTK2;KIF16B;RAB29;CLTC;STX6;MAGEL2;VPS53;VPS26A;RAB9B;TMEM87A;RAB43;WASHC1;BECN1;PIKFYVE;SORT1;EPS15;RBSN;TBC1D23;RAB14
TDRP,GO_Biological_Process_2023,prerank,Negative Regulation Of MAP Kinase Activity (GO:0043407),-0.27106590101829314,-0.6607299881762589,0.9985228951255539,1.0,1.0,9/51,14.32%,DUSP19;SMPD1;INPP5K;LYN;ANKS1B;BMP2;SH2B3;DUSP10;CDK5RAP3
TDRP,GO_Biological_Process_2023,prerank,Organic Hydroxy Compound Transport (GO:0015850),-0.27722059178286834,-0.6600990168046066,0.9938080495356038,1.0,1.0,11/45,18.39%,VAPA;SLC10A6;SLC5A11;STRA6;ABCG5;SLC10A3;ABCG8;SLC44A2;SLC10A1;POLR2D;ATP8B1
TDRP,GO_Biological_Process_2023,prerank,Protein Palmitoylation (GO:0018345),-0.2991118756525204,-0.6598731408222628,0.9740458015267176,1.0,1.0,6/30,12.20%,ZDHHC11B;ZDHHC13;ZDHHC14;ZDHHC8;ZDHHC22;ZDHHC20
TDRP,GO_Biological_Process_2023,prerank,Regulation Of Epithelial Cell Migration (GO:0010632),-0.2743399786830957,-0.6598505320397697,0.9909774436090225,1.0,1.0,9/50,14.66%,PTPN23;BMPR2;PPM1F;MARVELD3;TACSTD2;GLIPR2;MCC;DUSP10;PTN
TDRP,GO_Biological_Process_2023,prerank,Regulation Of Cell Development (GO:0060284),-0.2734926345316,-0.6595671614544102,0.9968701095461658,1.0,1.0,17/51,24.54%,WNT3;HEY2;HES7;CX3CL1;PTN;DLL1;FXR1;KAT6B;FBXO22;GRN;BRD1;DOCK7;YTHDF2;HES6;LEF1;PER2;PRUNE1
TDRP,GO_Biological_Process_2023,prerank,Receptor Clustering (GO:0043113),-0.32830458857006556,-0.6594765676301937,0.9371980676328503,1.0,1.0,2/19,2.65%,ITGAL;ITGB2
TDRP,GO_Biological_Process_2023,prerank,Iron Ion Transport (GO:0006826),-0.3109429328128554,-0.659377765673649,0.9631410256410257,1.0,1.0,13/24,25.73%,MELTF;DNM2;SLC39A14;SLC41A2;SCARA5;TFR2;CP;LMTK2;CLTC;SLC11A2;ARHGAP1;F3;MCOLN1
TDRP,GO_Biological_Process_2023,prerank,Regulation Of Protein Autophosphorylation (GO:0031952),-0.2962448932511949,-0.6592015982810828,0.9752704791344667,1.0,1.0,12/31,28.80%,PDGFD;RAD50;CHP1;PDGFC;ERRFI1;NLRP12;RAP2C;PDGFB;MOB1B;MVP;VEGFA;CALM1
TDRP,GO_Biological_Process_2023,prerank,Negative Regulation Of Immune Effector Process (GO:0002698),-0.3355853330693904,-0.6588652455825341,0.9456,1.0,1.0,4/15,17.71%,LGALS3;CD47;HAVCR2;GRN
TDRP,GO_Biological_Process_2023,prerank,Protein Deacetylation (GO:0006476),0.2636283533521222,0.6584110430355841,0.9969325153374233,1.0,1.0,10/39,14.15%,HDAC6;HDAC2;SIRT2;MSL3;RBBP4;SIRT4;HDAC3;MBD3;HDAC8;MORF4L1
TDRP,GO_Biological_Process_2023,prerank,Regulation Of Release Of Sequestered Calcium Ion Into Cytosol By Sarcoplasmic Reticulum (GO:0010880),0.2992490400025835,0.6583307117092289,0.951530612244898,1.0,1.0,7/22,22.15%,GSTM2;GSTO1;TRDN;PDE4D;SRI;FKBP1B;CALM3
TDRP,GO_Biological_Process_2023,prerank,Regulation Of B Cell Differentiation (GO:0045577),0.30729242206217544,0.6581294109924343,0.9691516709511568,1.0,1.0,3/19,15.29%,CD27;MMP14;INHBA
TDRP,GO_Biological_Process_2023,prerank,Regulation Of Oxidative Phosphorylation (GO:0002082),-0.3480922609561069,-0.6575726212216665,0.931323283082077,1.0,1.0,5/16,22.22%,MLXIPL;MACROH2A1;AK4;VCP;COX7A2L
TDRP,GO_Biological_Process_2023,prerank,Negative Regulation Of Striated Muscle Cell Differentiation (GO:0051154),0.31619126587890833,0.6573482282271949,0.9567430025445293,1.0,1.0,4/17,10.75%,CCN3;HDAC3;SOX6;FRS2
TDRP,GO_Biological_Process_2023,prerank,Phosphate Ion Transport (GO:0006817),-0.321393818421397,-0.6568592600029326,0.9505409582689336,1.0,1.0,3/19,14.03%,SLC17A8;SLC37A4;SLC20A1
TDRP,GO_Biological_Process_2023,prerank,Positive Regulation Of Smoothened Signaling Pathway (GO:0045880),0.3049040543653385,0.6567759189821103,0.975,1.0,1.0,4/21,8.94%,UCHL5;DLG5;DCDC2;TEDC1
TDRP,GO_Biological_Process_2023,prerank,Positive Regulation Of Phosphatidylinositol 3-Kinase Activity (GO:0043552),0.2863382938901226,0.656706496941204,0.979002624671916,1.0,1.0,3/26,6.50%,EPHA8;PDGFRA;PTK2B
TDRP,GO_Biological_Process_2023,prerank,Intracellular Protein Transmembrane Transport (GO:0065002),0.2569315908378883,0.6566932360329247,1.0,1.0,1.0,21/46,24.09%,SEC61G;TRIM37;SEC61B;DNLZ;PEX26;HSPD1;PAM16;DNAJC15;TOMM20;PEX1;TIMM17B;PEX16;PEX5;TIMM21;PEX14;PEX2;TIMM17A;TOMM40;TIMM23;SEC61A1;CHCHD4
TDRP,GO_Biological_Process_2023,prerank,Positive Regulation Of ERBB Signaling Pathway (GO:1901186),-0.3124616874691427,-0.656392620155314,0.9496062992125984,1.0,1.0,11/24,25.51%,HIP1R;SHKBP1;CNOT9;MMP9;NUP62;RBPJ;NEU3;RALB;BCAR3;PDE6G;CBL
TDRP,GO_Biological_Process_2023,prerank,Fc-gamma Receptor Signaling Pathway Involved In Phagocytosis (GO:0038096),-0.3264236672304043,-0.6563697372603969,0.9551495016611296,1.0,1.0,4/20,13.80%,PLPP4;MYO1G;LYN;YES1
TDRP,GO_Biological_Process_2023,prerank,NAD Biosynthetic Process (GO:0009435),0.3176839189822067,0.6556293070729498,0.9651474530831099,1.0,1.0,5/17,11.05%,SLC5A8;QPRT;NAXD;PARP16;PARP9
TDRP,GO_Biological_Process_2023,prerank,Negative Regulation Of Lipid Biosynthetic Process (GO:0051055),-0.31005764771966987,-0.6555864754839538,0.9628378378378378,1.0,1.0,8/25,22.45%,TRIB3;SIK1;AKR1C3;BMP2;WDTC1;ERLIN1;WNT4;ERLIN2
TDRP,GO_Biological_Process_2023,prerank,Cell Projection Organization (GO:0030030),-0.3260467170361384,-0.6554885771280322,0.9570247933884297,1.0,1.0,6/20,20.09%,SCIN;PARVB;PARVG;PACSIN2;NEFH;CYFIP2
TDRP,GO_Biological_Process_2023,prerank,Regulation Of Cell Migration Involved In Sprouting Angiogenesis (GO:0090049),-0.29841744497363526,-0.6552807940026708,0.9802731411229135,1.0,1.0,14/30,28.70%,MEOX2;KLF4;JCAD;NOTCH1;FGF2;STARD13;HDAC5;KDR;MAP3K3;CIB1;THBS1;HDAC9;PDCD10;VEGFA
TDRP,GO_Biological_Process_2023,prerank,Organelle Transport Along Microtubule (GO:0072384),-0.2880306517602572,-0.6552790107685252,0.9903691813804173,1.0,1.0,17/38,26.73%,COPG1;UXT;LRPPRC;MAPT;TRAK2;RAB6A;TMEM201;SNAPIN;CDR2L;BICD2;BICDL1;UBB;MAP1S;BLOC1S2;BORCS8;RAB1A;HTT
TDRP,GO_Biological_Process_2023,prerank,Positive Regulation Of Glial Cell Differentiation (GO:0045687),0.3161293198886115,0.6548307025453982,0.9656084656084656,1.0,1.0,6/17,13.77%,CLCF1;ZNF365;PTPRZ1;EGR2;SERPINE2;TENM4
TDRP,GO_Biological_Process_2023,prerank,Regulation Of Proteolysis Involved In Protein Catabolic Process (GO:1903050),-0.3039589368651211,-0.6547361432833096,0.9744463373083475,1.0,1.0,11/24,25.07%,EFNA1;PKD1;RHBDF1;EPHA4;GPX1;CTSC;LATS1;GBA1;PSMD14;UBB;PSME2
TDRP,GO_Biological_Process_2023,prerank,Cellular Response To Interleukin-6 (GO:0071354),-0.3081413036038294,-0.6544952970875514,0.967741935483871,1.0,1.0,9/23,25.37%,TDGF1;JAK1;IL6ST;JAK2;PTPRT;PID1;PTGIS;SRC;STAT3
TDRP,GO_Biological_Process_2023,prerank,Outer Dynein Arm Assembly (GO:0036158),-0.31949952988406516,-0.6542162570999577,0.9596774193548387,1.0,1.0,8/21,25.36%,DNAH8;DNAAF6;DNAAF1;DNAI2;DNAI1;ODAD3;ODAD4;NISCH
TDRP,GO_Biological_Process_2023,prerank,"Positive Regulation Of DNA Damage Response, Signal Transduction By P53 Class Mediator (GO:0043517)",-0.34507191501402396,-0.6539392482943546,0.9305084745762712,1.0,1.0,5/15,23.05%,SPRED1;MSX1;ING4;PLA2R1;ATM
TDRP,GO_Biological_Process_2023,prerank,Regulation Of Macrophage Chemotaxis (GO:0010758),-0.3200035870863368,-0.6538600186058785,0.9548387096774194,1.0,1.0,7/20,23.16%,UXT;AMH;IL34;CMKLR1;RARRES2;C5;MTUS1
TDRP,GO_Biological_Process_2023,prerank,Regulation Of Plasminogen Activation (GO:0010755),0.3249498081637878,0.6538464442024299,0.9595959595959596,1.0,1.0,8/16,17.25%,PLAUR;SERPINE2;PLGRKT;SERPINF2;PLAT;S100A10;RUNX1;HPN
TDRP,GO_Biological_Process_2023,prerank,Positive Regulation Of Signal Transduction By P53 Class Mediator (GO:1901798),-0.31873647326528676,-0.6536024126710293,0.9590163934426229,1.0,1.0,9/21,26.69%,SPRED1;MSX1;EIF5A;CDK5RAP3;RPL37;PLA2R1;ATM;UBB;ATR
TDRP,GO_Biological_Process_2023,prerank,Protein Targeting To Lysosome (GO:0006622),-0.30472173636424527,-0.6534357183455604,0.9748822605965463,1.0,1.0,10/25,26.35%,GNPTAB;GNPTG;VPS4A;ZFYVE16;PIK3R4;PXK;GGA3;BECN1;NEDD4;M6PR
TDRP,GO_Biological_Process_2023,prerank,G2/M Transition Of Mitotic Cell Cycle (GO:0000086),-0.2808991762483761,-0.65242196456917,0.9887278582930756,1.0,1.0,15/38,25.03%,USH1C;DNM2;PLK3;WEE1;ENSA;FOXM1;BACH1;CHEK2;KDM8;CDC25B;CDK2;BRSK2;LATS1;PPME1;TPD52L1
TDRP,GO_Biological_Process_2023,prerank,Positive Regulation Of miRNA Transcription (GO:1902895),-0.27703717372632586,-0.6516754521094879,0.9924698795180723,1.0,1.0,8/43,16.84%,KLF5;MYCN;KLF4;GATA3;TERT;FOSL1;FGF2;NGFR
TDRP,GO_Biological_Process_2023,prerank,"Nuclear-Transcribed mRNA Catabolic Process, Nonsense-Mediated Decay (GO:0000184)",0.2774413147417028,0.6511232325728216,0.9825072886297376,1.0,1.0,16/28,23.33%,SKIC2;EIF4A3;SMG5;MAGOH;MAGOHB;DHX34;RBM8A;PNRC1;UPF2;SKIC3;UPF3A;EIF3E;NCBP1;PNRC2;UPF3B;SMG7
TDRP,GO_Biological_Process_2023,prerank,In Utero Embryonic Development (GO:0001701),-0.2999568745903322,-0.6504978544842143,0.9838187702265372,1.0,1.0,7/27,12.02%,LIG4;TFEB;PKD1;STIL;SOX8;PKD2;BMP2
TDRP,GO_Biological_Process_2023,prerank,Endosome To Lysosome Transport (GO:0008333),-0.26613192188277535,-0.6503954249724389,0.9984423676012462,1.0,1.0,18/57,22.41%,EPG5;PLEKHF1;RAB7B;PLEKHF2;AKTIP;VIPAS39;CACNG2;AP3D1;VPS33A;UBXN6;PXK;ARL8B;SNAPIN;CACNG8;VPS18;VCP;CLEC16A;VPS4B
TDRP,GO_Biological_Process_2023,prerank,Positive Regulation Of DNA Recombination (GO:0045911),0.25162026522106723,0.649971508751001,0.9972375690607734,1.0,1.0,17/51,19.99%,KHDC3L;MAD2L2;VPS72;OOEP;HDGFL2;SHLD1;SHLD2;WRAP53;MORF4L1;MRNIP;ERCC2;TFRC;ERCC6;EPC2;FUS;RUVBL1;KMT5B
TDRP,GO_Biological_Process_2023,prerank,Receptor Metabolic Process (GO:0043112),-0.3168492493042808,-0.6495612769502767,0.9597423510466989,1.0,1.0,11/20,28.25%,EHD3;PLEKHJ1;PIK3R4;UVRAG;LMTK2;KIF16B;SH3GLB1;BECN1;NEDD4;SNX25;PLEKHA3
TDRP,GO_Biological_Process_2023,prerank,snRNA Processing (GO:0016180),0.3055288423144752,0.6489083840991146,0.9748743718592965,1.0,1.0,8/18,22.12%,TOE1;INTS13;INTS8;INTS5;INTS10;INTS2;INTS11;INTS9
TDRP,GO_Biological_Process_2023,prerank,Epidermal Growth Factor Receptor Signaling Pathway (GO:0007173),0.25187436477599234,0.6487191141304426,1.0,1.0,1.0,10/45,15.80%,IQGAP1;VIL1;ERBIN;PTK2B;BCAR1;AKT1;DGKD;PLCG1;FAM83B;SHC3
TDRP,GO_Biological_Process_2023,prerank,ncRNA Metabolic Process (GO:0034660),0.3097459464430911,0.648718971498647,0.9702233250620348,1.0,1.0,5/17,13.50%,TUT4;MEPCE;DDX17;NIFK;DTD1
TDRP,GO_Biological_Process_2023,prerank,Negative Regulation Of Proteasomal Ubiquitin-Dependent Protein Catabolic Process (GO:0032435),0.2673433675200656,0.6486029720780726,0.9973262032085561,1.0,1.0,5/32,7.48%,SDCBP;UCHL5;PARK7;SVIP;RYBP
TDRP,GO_Biological_Process_2023,prerank,Regulation Of Dendrite Development (GO:0050773),-0.27932381993943384,-0.6483423588429664,0.9969325153374233,1.0,1.0,16/41,20.76%,MGARP;SEZ6;LRP8;KIAA0319;CSMD3;PTN;COBL;VLDLR;TNIK;SDC2;ALK;CHRNA3;RTN4IP1;CDKL5;HECW1;CAMK1D
TDRP,GO_Biological_Process_2023,prerank,Positive Regulation Of Extracellular Matrix Organization (GO:1903055),-0.32539253315439376,-0.6481132944582163,0.9707792207792207,1.0,1.0,3/18,7.35%,CARMIL2;RGCC;MELTF
TDRP,GO_Biological_Process_2023,prerank,Positive Regulation Of Dendritic Spine Development (GO:0060999),0.29844916129312654,0.6480068133610155,0.9820971867007673,1.0,1.0,8/20,14.98%,GPRASP3;DLG5;FMR1;DHX36;CAMK2B;LLPH;CAPRIN1;NEURL1
TDRP,GO_Biological_Process_2023,prerank,Cell Junction Maintenance (GO:0034331),-0.32223494223905746,-0.64795581699312,0.9464285714285714,1.0,1.0,6/18,26.67%,CD177;F2RL1;NLGN1;KIRREL1;PARD6A;MYADM
TDRP,GO_Biological_Process_2023,prerank,DNA Replication (GO:0006260),-0.2562092701268344,-0.6479304358687025,1.0,1.0,1.0,29/73,24.23%,RFC5;TOP1;PTMS;ORC3;POLA2;TICRR;POLL;POLG2;REV1;REV3L;DNA2;POLA1;MCM7;TOP1MT;GRWD1;FAM111B;WDHD1;RNASEH2A;CDK2;POLD2;WRN;NAP1L1;MCM5;UPF1;POLE4;SET;MCM4;POLD1;MCM8
TDRP,GO_Biological_Process_2023,prerank,Negative Regulation Of ERK1 And ERK2 Cascade (GO:0070373),-0.2747295820386538,-0.6477680983705696,0.9953846153846154,1.0,1.0,13/46,19.16%,SIRPA;LYN;FBLN1;SPRED1;DUSP4;DUSP26;DUSP10;SYNJ2BP;EPHA4;DUSP3;PTEN;PTPN2;TIMP3
TDRP,GO_Biological_Process_2023,prerank,Positive Regulation Of DNA-templated Transcription Initiation (GO:2000144),-0.26270618618299213,-0.6475003127077897,0.9984639016897081,1.0,1.0,16/56,23.05%,MITF;MED21;MED18;TAF13;MED23;TAF11;FOSL1;TAF1;TAF4B;MED13;GTF2A2;PAXIP1;TBP;SRF;TAF10;TAF4
TDRP,GO_Biological_Process_2023,prerank,Heterophilic Cell-Cell Adhesion Via Plasma Membrane Cell Adhesion Molecules (GO:0007157),-0.271939860307075,-0.6468676056454197,0.9970414201183432,1.0,1.0,4/48,10.85%,AMIGO1;ITGAL;ICAM1;TENM1
TDRP,GO_Biological_Process_2023,prerank,Protein Lipidation (GO:0006497),-0.2598142656174278,-0.6464145601582197,1.0,1.0,1.0,20/61,23.01%,ZDHHC13;PIGV;ZDHHC14;ATG16L2;PGF;PIGZ;ZDHHC8;ZDHHC22;ATG10;ZDHHC20;PIGB;PIGA;SLC30A5;ZDHHC7;PIGW;ZDHHC2;DPM1;DPM2;PIGG;DPM3
TDRP,GO_Biological_Process_2023,prerank,Vesicle Transport Along Microtubule (GO:0047496),0.2905611341793103,0.646353081516131,0.9873417721518988,1.0,1.0,9/22,21.31%,KIF5B;NDEL1;KIFAP3;TRAK1;FYCO1;DYNC1I1;NDE1;FBXW11;PAFAH1B1
TDRP,GO_Biological_Process_2023,prerank,Regulation Of Myeloid Cell Differentiation (GO:0045637),-0.3027594607891212,-0.6462239866535059,0.9776357827476039,1.0,1.0,5/26,16.07%,ZBTB16;LYN;FES;CNOT4;MEIS2
TDRP,GO_Biological_Process_2023,prerank,Establishment Of Vesicle Localization (GO:0051650),0.3038528815114875,0.6457054653127955,0.9640287769784173,1.0,1.0,6/18,12.66%,F8A1;TOR1A;IKBKG;KIF5B;TMEM230;TESK1
TDRP,GO_Biological_Process_2023,prerank,Negative Regulation Of Platelet Activation (GO:0010544),-0.3415662189146752,-0.6454426226853865,0.9540229885057471,1.0,1.0,4/15,12.19%,ALOX12;C1QTNF1;F2;SH2B3
TDRP,GO_Biological_Process_2023,prerank,Regulation Of Meiotic Cell Cycle (GO:0051445),-0.31849387166602333,-0.6452055494128514,0.971900826446281,1.0,1.0,7/20,20.03%,CNTD1;ANAPC4;FZR1;CDC23;NPPC;ANAPC11;CDC20
TDRP,GO_Biological_Process_2023,prerank,Positive Regulation Of Endothelial Cell Migration (GO:0010595),-0.2480730587457376,-0.6451045178668959,1.0,1.0,1.0,24/84,24.65%,BMPR2;CD40;WNT5A;STAT5A;GATA3;TDGF1;ADAM17;ZC3H12A;PROX1;GPI;PRKCA;FGFR1;FGF2;P2RX4;ATP5F1A;GRN;GFUS;ROCK2;PRKD2;MAPK14;KDR;BMP4;PDGFB;RIN2
TDRP,GO_Biological_Process_2023,prerank,Negative Regulation Of G2/M Transition Of Mitotic Cell Cycle (GO:0010972),-0.29828711494272153,-0.6449972092414112,0.9697452229299363,1.0,1.0,8/28,17.70%,BABAM2;RAD50;VPS4A;CDK5RAP3;CHMP4C;DEPDC1B;INTS3;NABP2
TDRP,GO_Biological_Process_2023,prerank,Cytoplasmic Microtubule Organization (GO:0031122),-0.26984238465297206,-0.6444251173875524,0.99375,1.0,1.0,17/48,23.23%,TPPP;MAPT;PLK3;CHP1;TUBGCP5;DYNC1H1;TUBGCP4;CEP126;CCDC13;NUMA1;TUBGCP3;CLIP2;FSD1;KATNAL2;CLASP1;LIMK2;WDR73
TDRP,GO_Biological_Process_2023,prerank,Negative Regulation Of Protein Dephosphorylation (GO:0035308),0.30843797052088845,0.6443495930182948,0.9650872817955112,1.0,1.0,10/19,21.38%,CRY2;FKBP1A;YWHAB;BOD1;PPP4R4;PPP1R11;MFHAS1;MASTL;TIPRL;FKBP1B
TDRP,GO_Biological_Process_2023,prerank,Neuron Maturation (GO:0042551),-0.32920287688221267,-0.6442336042163025,0.9524539877300614,1.0,1.0,5/17,16.62%,APP;ANKS1A;CX3CL1;CLN5;C3
TDRP,GO_Biological_Process_2023,prerank,Regulation Of Actin Polymerization Or Depolymerization (GO:0008064),-0.2957878692015298,-0.6441580376308511,0.9773828756058158,1.0,1.0,5/27,6.76%,ARHGAP18;CXCL12;ARHGAP28;WAS;HCLS1
TDRP,GO_Biological_Process_2023,prerank,Regulation Of Embryonic Development (GO:0045995),0.2415082990692106,0.6438211032322532,1.0,1.0,1.0,20/62,21.86%,KHDC3L;FOXA2;UCHL5;POGLUT1;DHX36;DAG1;WDR5;UTP25;TADA2A;RPS6KA6;KAT2B;OTX2;SGF29;RUVBL1;PLCB1;DR1;CRB2;TADA3;RUVBL2;INO80B
TDRP,GO_Biological_Process_2023,prerank,Regulation Of Plasma Membrane Bounded Cell Projection Assembly (GO:0120032),-0.25105517917857084,-0.6425687385204882,1.0,1.0,1.0,33/75,30.06%,TBC1D15;TBC1D10C;WAS;CAPZB;FXR1;TBC1D10B;P2RX4;EPHA2;DYNLT2B;ATP8B1;DAAM2;USP6NL;TBC1D22B;RABGAP1;FUZ;CDKL5;ODAD3;MYO10;PODXL;TBC1D2B;PPP1R16B;TBC1D2;WDPCP;GAP43;SGSM3;RAB17;EVI5;FSCN1;RAC1;CLU;TBC1D13;TBC1D24;INTU
TDRP,GO_Biological_Process_2023,prerank,High-Density Lipoprotein Particle Remodeling (GO:0034375),-0.33443893604997416,-0.6424286283992867,0.9464285714285714,1.0,1.0,2/15,11.89%,LIPG;ABCG1
TDRP,GO_Biological_Process_2023,prerank,"Wnt Signaling Pathway, Planar Cell Polarity Pathway (GO:0060071)",-0.29894384327272583,-0.6423336592499868,0.9727564102564102,1.0,1.0,7/26,20.39%,WNT5A;TIAM1;FZD3;RYK;PRICKLE1;DVL2;CELSR1
TDRP,GO_Biological_Process_2023,prerank,Response To Peptide Hormone (GO:0043434),0.24702871071071406,0.6421903614510581,1.0,1.0,1.0,13/54,18.80%,POMC;ANXA1;EIF2B4;SLC27A1;STAT4;KHK;LEP;MEAK7;TSC1;EIF2B2;OGT;STAT5B;IRS1
TDRP,GO_Biological_Process_2023,prerank,Regulation Of Defense Response To Virus (GO:0050688),-0.31889021672462387,-0.6419752987421199,0.96964586846543,1.0,1.0,5/18,17.99%,ZMPSTE24;IRGM;RNF216;PPM1B;PCBP2
TDRP,GO_Biological_Process_2023,prerank,Positive Regulation Of calcineurin-NFAT Signaling Cascade (GO:0070886),-0.32073446444239373,-0.6415592490315793,0.9760383386581469,1.0,1.0,5/18,26.28%,IGF1;PPP3CB;PPP3CC;AKAP6;CIB1
TDRP,GO_Biological_Process_2023,prerank,Positive Regulation Of Calcineurin-Mediated Signaling (GO:0106058),-0.32073446444239373,-0.6415592490315793,0.9760383386581469,1.0,1.0,5/18,26.28%,IGF1;PPP3CB;PPP3CC;AKAP6;CIB1
TDRP,GO_Biological_Process_2023,prerank,Negative Regulation Of Fat Cell Differentiation (GO:0045599),-0.28945775838228066,-0.6414823754281526,0.9907550077041603,1.0,1.0,4/32,14.38%,TRIB3;WNT5A;BMP2;PTGR3
TDRP,GO_Biological_Process_2023,prerank,Regulation Of Viral Transcription (GO:0046782),-0.3166498565954847,-0.6412925503655988,0.9601990049751243,1.0,1.0,3/17,11.95%,ZFP36;TRIM21;TRIM13
TDRP,GO_Biological_Process_2023,prerank,Presynapse Assembly (GO:0099054),-0.3329682379690878,-0.6411846181978038,0.9484193011647255,1.0,1.0,7/15,23.21%,WNT3A;WNT5A;FZD1;PTEN;PTPRD;LRP4;NLGN1
TDRP,GO_Biological_Process_2023,prerank,Negative Regulation Of Cation Transmembrane Transport (GO:1904063),0.3192472641437941,0.6411750589126196,0.9625,1.0,1.0,4/15,10.92%,STK39;PPIF;BIN1;CBARP
TDRP,GO_Biological_Process_2023,prerank,Negative Regulation Of Protein-Containing Complex Assembly (GO:0031333),-0.25719620741605015,-0.6408868057656069,0.9984756097560976,1.0,1.0,16/59,24.35%,CSNK1A1;SMAD6;IRGM;PYDC1;ANKS1B;PTGER4;ULK1;NLRC3;JAM3;IAPP;KIF14;TMC8;GBA1;CPTP;SRC;NOP53
TDRP,GO_Biological_Process_2023,prerank,Porphyrin-Containing Compound Biosynthetic Process (GO:0006779),-0.30487588480563044,-0.6405162800420643,0.9694041867954911,1.0,1.0,8/21,22.96%,ALAS2;UROD;FECH;ABCB6;COX10;UROS;CPOX;FLVCR1
TDRP,GO_Biological_Process_2023,prerank,Positive Regulation Of Erythrocyte Differentiation (GO:0045648),-0.30099567755972007,-0.6402204532931632,0.9806763285024155,1.0,1.0,10/26,27.64%,FAM210B;ANKRD54;BRD1;ACVR2A;MAPK14;HSPA1B;STAT3;FOXO3;ACVR1B;ZNF16
TDRP,GO_Biological_Process_2023,prerank,Endosome Organization (GO:0007032),-0.26327242498407805,-0.6401644931193013,1.0,1.0,1.0,19/52,24.46%,ANXA8;PLEKHF1;EXOC8;RAB22A;PLEKHF2;SQSTM1;ALS2;ATP6V1H;RAB27A;PLEKHJ1;LAPTM4B;DNAJC13;DNM1;VPS18;CLCN3;ATP6AP1;ATP6V0A1;RNASEK;CHMP2B
TDRP,GO_Biological_Process_2023,prerank,"Maturation Of SSU-rRNA From Tricistronic rRNA Transcript (SSU-rRNA, 5.8S rRNA, LSU-rRNA) (GO:0000462)",-0.29421635687277675,-0.6401089904617461,0.9823717948717948,1.0,1.0,7/29,23.13%,PWP2;TSR2;UTP6;DCAF13;HEATR1;DHX37;RPP40
TDRP,GO_Biological_Process_2023,prerank,"Mitochondrial Electron Transport, Cytochrome C To Oxygen (GO:0006123)",0.31427444902547214,0.6392019202000159,0.9696202531645569,1.0,1.0,5/15,19.71%,COX7B;COX6B1;COX4I1;CYCS;COX6A1
TDRP,GO_Biological_Process_2023,prerank,Neuromuscular Synaptic Transmission (GO:0007274),-0.3268151347758296,-0.6387980201503912,0.9603174603174603,1.0,1.0,6/18,18.11%,CHRNB4;CHRNB1;KIF1B;TSPOAP1;STAC3;CHRNA3
TDRP,GO_Biological_Process_2023,prerank,Protein Exit From Endoplasmic Reticulum (GO:0032527),-0.2959296943866026,-0.6387820332250224,0.9767441860465116,1.0,1.0,11/24,26.22%,SEC16A;SEC13;TECPR2;PREB;LMAN1;OS9;ERLEC1;VCP;HERPUD1;SURF4;SELENOS
TDRP,GO_Biological_Process_2023,prerank,rRNA Modification (GO:0000154),0.30700434498647944,0.6387132205867536,0.9702233250620348,1.0,1.0,5/17,17.59%,TRMT112;NSUN4;MRM1;DKC1;NOP10
TDRP,GO_Biological_Process_2023,prerank,Negative Regulation Of Endoplasmic Reticulum Stress-Induced Intrinsic Apoptotic Signaling Pathway (GO:1902236),0.31656177226609433,0.6382810875745993,0.9551122194513716,1.0,1.0,3/15,8.98%,PARK7;TMBIM6;CREB3
TDRP,GO_Biological_Process_2023,prerank,Organophosphate Biosynthetic Process (GO:0090407),0.26368184531019034,0.6379499108626182,1.0,1.0,1.0,10/34,18.80%,DDR2;PNPO;AGPAT4;GALK2;DCK;IPMK;FADS1;TPI1;G6PD;PPIP5K2
TDRP,GO_Biological_Process_2023,prerank,Regulation Of mRNA Catabolic Process (GO:0061013),0.24716046570628317,0.6374830692584654,1.0,1.0,1.0,15/46,18.22%,MAPKAPK2;EIF4A3;FMR1;DHX36;PKP1;MAGOH;CSDC2;CAPRIN1;MAGOHB;FXR2;MOV10;RBM8A;GTPBP1;PNPT1;YTHDF1
TDRP,GO_Biological_Process_2023,prerank,Intrinsic Apoptotic Signaling Pathway In Response To DNA Damage By P53 Class Mediator (GO:0042771),-0.31482694240555986,-0.6372670452752651,0.9649415692821369,1.0,1.0,6/19,21.14%,HIPK1;USP28;DYRK2;TMEM109;DDIT4;PYCARD
TDRP,GO_Biological_Process_2023,prerank,Smoothened Signaling Pathway (GO:0007224),-0.28288234964093484,-0.6371886785086194,0.9936,1.0,1.0,7/34,15.77%,STK36;EVC2;STIL;DISP2;HIPK1;TMEM231;GLI3
TDRP,GO_Biological_Process_2023,prerank,Regulation Of DNA Recombination (GO:0000018),0.2520317163040673,0.6367717881609558,0.997229916897507,1.0,1.0,15/43,23.59%,PPP4R2;FIGNL1;ZNF365;SUPT6H;H1-0;ZRANB3;SHLD2;RPA2;RAD51;TEX15;H1-2;TERF2IP;SPIDR;MSH3;BLM
TDRP,GO_Biological_Process_2023,prerank,Endothelial Cell Proliferation (GO:0001935),0.30349518037309176,0.6366416595746398,0.967741935483871,1.0,1.0,6/18,18.23%,PROK2;DLG1;ITGB1BP1;BMPER;ERN1;ANGPT4
TDRP,GO_Biological_Process_2023,prerank,Cellular Response To pH (GO:0071467),0.29663583742535937,0.6365934262988184,0.974025974025974,1.0,1.0,3/20,6.78%,HYAL1;RAB11FIP5;TRPV1
TDRP,GO_Biological_Process_2023,prerank,Negative Regulation Of Biomineral Tissue Development (GO:0070168),-0.30802991649196476,-0.6364281086786684,0.9741935483870968,1.0,1.0,6/21,22.46%,SRGN;HEY2;NOTCH1;ROCK2;GAS6;ASPN
TDRP,GO_Biological_Process_2023,prerank,Microtubule Nucleation (GO:0007020),0.2860686851515782,0.6363084059756202,0.9769820971867008,1.0,1.0,7/23,11.74%,CENPJ;NDEL1;SLAIN2;RANBP9;NEDD1;TUBG2;TUBGCP2
TDRP,GO_Biological_Process_2023,prerank,Regulation Of Cellular Component Biogenesis (GO:0044087),-0.2818675443608044,-0.6360492455598126,0.9907834101382489,1.0,1.0,13/37,23.72%,TIE1;RAP1B;IRGM;NOTCH1;RAPGEF2;FAM110C;METTL18;PTPN11;ROCK2;BBS10;HCFC1;LATS1;SNCAIP
TDRP,GO_Biological_Process_2023,prerank,Positive Regulation Of Double-Strand Break Repair Via Homologous Recombination (GO:1905168),-0.28093291054477826,-0.6358649472336295,0.9762282091917591,1.0,1.0,19/36,28.77%,FANCB;ARID2;WAS;EPC1;YEATS4;MMS19;PIAS4;ACTR2;TRRAP;BRD8;MRGBP;MORF4L2;PARP1;MBTD1;RAD51AP1;HELQ;WDR48;KAT5;ACTL6A
TDRP,GO_Biological_Process_2023,prerank,Negative Regulation Of Notch Signaling Pathway (GO:0045746),-0.2969553782873672,-0.6357522421572099,0.9825949367088608,1.0,1.0,11/27,25.10%,ARRDC1;NRARP;DLK1;ARRB1;CHAC1;WWP2;YTHDF2;NIBAN2;CCNC;RITA1;FBXW7
TDRP,GO_Biological_Process_2023,prerank,Regulation Of DNA-templated DNA Replication (GO:0090329),-0.32373202864948997,-0.6355547847034664,0.9587458745874587,1.0,1.0,6/17,26.65%,METTL4;TICRR;MCM7;MCM5;MCM4;GMNN
TDRP,GO_Biological_Process_2023,prerank,Regulation Of Cell Cycle G2/M Phase Transition (GO:1902749),-0.32052141008265683,-0.6350828769809653,0.961038961038961,1.0,1.0,7/18,20.11%,CDKN1A;ATF5;ING4;MACROH2A1;DYRK3;KIF14;CDK2
TDRP,GO_Biological_Process_2023,prerank,Carbohydrate Derivative Catabolic Process (GO:1901136),-0.3217254948924563,-0.6349685996320354,0.967266775777414,1.0,1.0,4/17,18.86%,OGA;NEU4;NCCRP1;FBXO2
TDRP,GO_Biological_Process_2023,prerank,Regulation Of Sodium Ion Transmembrane Transporter Activity (GO:2000649),-0.2786757018190968,-0.6348371297541198,0.9907120743034056,1.0,1.0,12/36,23.67%,FXYD3;SCN4B;SCN3B;FGF14;PTPN3;FXYD2;FGF11;FGF13;PCSK9;HECW1;SLMAP;DMD
TDRP,GO_Biological_Process_2023,prerank,Negative Regulation Of Oxidative Stress-Induced Cell Death (GO:1903202),0.27873767562890217,0.6344831543145403,0.9975247524752475,1.0,1.0,7/23,16.90%,GPR37L1;PARK7;FBXO7;TXN;FYN;PPIA;HSPB1
TDRP,GO_Biological_Process_2023,prerank,Regulation Of Receptor Recycling (GO:0001919),0.30832812564577633,0.6338230578211348,0.95,1.0,1.0,6/17,14.74%,SCRIB;BVES;VAMP3;RAMP3;TBC1D16;LAMTOR1
TDRP,GO_Biological_Process_2023,prerank,Phosphatidylglycerol Metabolic Process (GO:0046471),-0.3117363641673796,-0.6331797149278271,0.9595959595959596,1.0,1.0,5/20,17.88%,PLA2G4D;PLA2G4B;GPAM;SERAC1;PLA2G15
TDRP,GO_Biological_Process_2023,prerank,Negative Regulation Of Epidermal Growth Factor Receptor Signaling Pathway (GO:0042059),0.2781105985857766,0.6328378883106577,0.9779411764705882,1.0,1.0,9/23,18.43%,GPRC5A;CBLC;TSG101;SOCS6;ZFYVE28;ZGPAT;PTPRJ;RNF126;SNX6
TDRP,GO_Biological_Process_2023,prerank,Autophagy Of Mitochondrion (GO:0000422),-0.2661730827550309,-0.6326692673502413,0.9953703703703703,1.0,1.0,18/48,25.49%,ATG9B;GABARAPL2;ATG13;SQSTM1;SPATA18;USP30;CISD2;ATG4B;FIS1;PRKN;ARFIP2;MAP1LC3B;ATG2A;ATG2B;MAP1LC3B2;BECN1;CTSK;RB1CC1
TDRP,GO_Biological_Process_2023,prerank,Neutral Amino Acid Transport (GO:0015804),0.2626931035928012,0.632646339018238,1.0,1.0,1.0,10/35,19.46%,SLC7A10;SLC7A9;SLC38A6;SLC36A4;SLC38A4;SLC36A1;SLC38A1;SLC38A9;SLC38A5;LLGL2
TDRP,GO_Biological_Process_2023,prerank,snRNA Metabolic Process (GO:0016073),0.2909992251127824,0.6320611059787379,0.9800995024875622,1.0,1.0,12/21,24.69%,MEPCE;INTS13;INTS8;INTS5;USPL1;INTS10;INTS2;INTS11;INTS9;INTS12;MTREX;RPAP2
TDRP,GO_Biological_Process_2023,prerank,Cellular Response To Nutrient Levels (GO:0031669),-0.24591910368674008,-0.6319206916551069,1.0,1.0,1.0,31/78,28.18%,BMPR2;PDK2;KCNB1;TFEB;LRRK2;ULK1;RRAGA;ZFYVE1;SREBF2;JMY;RRAGD;PRKAA2;PRKAG2;PCSK9;WRN;MTOR;RALB;CLEC16A;RIPOR1;MAP1LC3B;SFRP1;XBP1;TTC5;STK26;PRR5;MAPKAP1;STK24;CREBBP;FNIP1;LAMP2;PRKAB2
TDRP,GO_Biological_Process_2023,prerank,Fc-gamma Receptor Signaling Pathway (GO:0038094),-0.30377506702043955,-0.6316800122123485,0.9802306425041186,1.0,1.0,4/24,13.80%,PLPP4;MYO1G;LYN;YES1
TDRP,GO_Biological_Process_2023,prerank,Neuromuscular Junction Development (GO:0007528),-0.30017100002488517,-0.6314246697465284,0.9762658227848101,1.0,1.0,12/24,25.84%,DOK7;LRRK2;CACNB3;UNC13B;CACNB1;PPFIBP1;GPHN;LRP4;PPFIBP2;CACNB2;ZC4H2;NEDD4
TDRP,GO_Biological_Process_2023,prerank,Protein Transmembrane Import Into Intracellular Organelle (GO:0044743),0.2649864873848784,0.6313284144244313,0.9972144846796658,1.0,1.0,17/32,23.24%,TRIM37;DNLZ;PEX26;HSPD1;PAM16;DNAJC15;TOMM20;PEX1;TIMM17B;PEX16;PEX5;TIMM21;PEX14;PEX2;TIMM17A;TOMM40;TIMM23
TDRP,GO_Biological_Process_2023,prerank,Regulation Of Blood Vessel Endothelial Cell Migration (GO:0043535),-0.25778812008155466,-0.6300240994423578,1.0,1.0,1.0,15/53,22.69%,CD40;RGCC;STAT5A;ADAM17;PRKCA;FGFR1;FGF2;P2RX4;EPHA2;ATP5F1A;VASH1;GADD45A;PRKD2;MAPK14;KDR
TDRP,GO_Biological_Process_2023,prerank,Cellular Response To Steroid Hormone Stimulus (GO:0071383),-0.2925114576101546,-0.6295163942634165,0.9828178694158075,1.0,1.0,8/25,24.25%,MGARP;UBE2L3;AKR1C3;ZDHHC7;ATP1A1;HSPA1B;SRC;BMP4
TDRP,GO_Biological_Process_2023,prerank,Lipid Translocation (GO:0034204),-0.2995780836317189,-0.629252692580195,0.9871794871794872,1.0,1.0,8/24,21.38%,ABCB4;ABCB1;TMEM30A;ABCA7;ATP10D;ATP8B1;ATP9B;ATP9A
TDRP,GO_Biological_Process_2023,prerank,Negative Regulation Of Protein Binding (GO:0032091),-0.24712923895780353,-0.6287611112863626,1.0,1.0,1.0,25/71,27.15%,HFE;GOLGA2;CAMK1;IFIT2;DAB2;LRRK2;CDKN1A;ADRB2;BAX;GTF2F1;IFIT1;ARRB2;BAG2;RALB;PPP1CA;TMC8;PSME3IP1;PDGFB;PTPRF;CTNNBIP1;TTBK2;TLE5;PRKCD;ROCK1;ITGA4
TDRP,GO_Biological_Process_2023,prerank,Negative Regulation Of Myeloid Cell Differentiation (GO:0045638),0.2848793531787865,0.6284059589614016,0.9896373056994818,1.0,1.0,3/22,6.80%,HSPA9;PTK2B;MAFB
TDRP,GO_Biological_Process_2023,prerank,Positive Regulation By Host Of Viral Process (GO:0044794),-0.3161873806429738,-0.6272895385228688,0.9674267100977199,1.0,1.0,5/17,20.52%,VAPA;ZDHHC8;ZDHHC20;ZFYVE1;IGF2R
TDRP,GO_Biological_Process_2023,prerank,Bile Acid Biosynthetic Process (GO:0006699),-0.29288644403401326,-0.6265079230837896,0.9868421052631579,1.0,1.0,8/25,20.58%,AKR1D1;OSBPL2;CYP46A1;ACOX2;HSD3B7;SLC27A2;ACOT8;OSBPL1A
TDRP,GO_Biological_Process_2023,prerank,Transport Along Microtubule (GO:0010970),-0.3038371396630998,-0.6264944799722757,0.9726688102893891,1.0,1.0,3/19,8.63%,COPG1;APP;SPG11
TDRP,GO_Biological_Process_2023,prerank,"Protein Localization To Chromosome, Telomeric Region (GO:0070198)",-0.32255390685393076,-0.6254747400062629,0.966499162479062,1.0,1.0,8/15,28.10%,XRCC5;TERT;TNKS2;NABP2;ATRX;TNKS;ATR;TERF2
TDRP,GO_Biological_Process_2023,prerank,Leukocyte Tethering Or Rolling (GO:0050901),-0.325512296701006,-0.6250669983116295,0.9540816326530612,1.0,1.0,7/17,28.14%,SPN;GOLPH3;PODXL2;GCNT1;ROCK1;ITGA4;ITGB1
TDRP,GO_Biological_Process_2023,prerank,Regulation Of Nervous System Process (GO:0031644),-0.3112040754261395,-0.6246915141221474,0.9801829268292683,1.0,1.0,6/18,21.93%,BEGAIN;APP;TYMP;NPTXR;ROCK2;CHRNA7
TDRP,GO_Biological_Process_2023,prerank,Positive Regulation Of Lamellipodium Assembly (GO:0010592),-0.2985013021890355,-0.6235978792625408,0.9918300653594772,1.0,1.0,8/23,26.12%,CARMIL2;ACTR3;RAC2;PIK3CA;ACTR2;CYFIP1;NCKAP1;PLCE1
TDRP,GO_Biological_Process_2023,prerank,Regulation Of Establishment Or Maintenance Of Cell Polarity (GO:0032878),-0.3102107488177389,-0.6227159681364073,0.9755700325732899,1.0,1.0,6/18,21.20%,RAP1B;RIPOR2;LLGL1;KANK1;ROCK2;RUFY3
TDRP,GO_Biological_Process_2023,prerank,Regulation Of Establishment Of Cell Polarity (GO:2000114),0.29961630954915774,0.6220518926003658,0.9715762273901809,1.0,1.0,7/17,17.03%,PTK2B;KRIT1;KIF20B;CYRIB;BCAS3;GSN;ARFGEF1
TDRP,GO_Biological_Process_2023,prerank,Early Endosome To Late Endosome Transport (GO:0045022),-0.29525727992988454,-0.6212281389442508,0.9808612440191388,1.0,1.0,6/23,21.13%,PTPN23;WDR91;PIK3R4;PXK;LMTK2;KIF16B
TDRP,GO_Biological_Process_2023,prerank,Maintenance Of Protein Localization In Organelle (GO:0072595),0.2901724242455149,0.6212188459778833,0.976063829787234,1.0,1.0,4/18,18.05%,HK2;TOPORS;MORC3;ARL2BP
TDRP,GO_Biological_Process_2023,prerank,Epithelial Cell Development (GO:0002064),0.3015647162374557,0.6211483461923801,0.9709762532981531,1.0,1.0,6/18,17.12%,PKHD1;SIPA1;BFSP1;EXPH5;WNT5B;RAB25
TDRP,GO_Biological_Process_2023,prerank,"Wound Healing, Spreading Of Cells (GO:0044319)",-0.290860269929675,-0.6205244250857457,0.9842271293375394,1.0,1.0,6/25,20.31%,CARMIL2;CD44;ADAM17;ARHGAP35;DDR1;COL5A1
TDRP,GO_Biological_Process_2023,prerank,Positive Regulation Of Vacuole Organization (GO:0044090),-0.2993623587552268,-0.6203032954199301,0.9811643835616438,1.0,1.0,12/21,29.02%,IRGM;SNX4;PPP3CB;GRN;SNX18;RALB;ATG2A;SH3GLB1;MCOLN1;LRSAM1;PIP4K2B;PIP4K2C
TDRP,GO_Biological_Process_2023,prerank,Regulation Of Protein Localization To Cell Surface (GO:2000008),0.2569335848388092,0.6195318798583023,0.9948979591836735,1.0,1.0,10/31,17.23%,RAB11FIP5;TOR1A;GOPC;GBF1;RANGRF;GPM6B;LEPROT;CTNNB1;PICALM;GPD1L
TDRP,GO_Biological_Process_2023,prerank,Regulation Of DNA Damage Checkpoint (GO:2000001),0.29246104993286615,0.6190198747166825,0.9840848806366048,1.0,1.0,8/18,21.49%,TTI2;BRCA2;BRCA1;RPA2;RAD51;THOC5;TTI1;WDR76
TDRP,GO_Biological_Process_2023,prerank,Apoptotic Nuclear Changes (GO:0030262),-0.3194560202211311,-0.6186307191206268,0.9752883031301482,1.0,1.0,5/16,16.93%,ERN2;TOP2A;CDK5RAP3;ENDOG;EXOG
TDRP,GO_Biological_Process_2023,prerank,Peptidyl-Glutamic Acid Modification (GO:0018200),0.2786193323150538,0.6185621652829782,0.9947229551451188,1.0,1.0,6/22,16.37%,TTLL9;TTLL6;AGTPBP1;VKORC1;CEP41;GGCX
TDRP,GO_Biological_Process_2023,prerank,Dicarboxylic Acid Catabolic Process (GO:0043649),0.29804720271086227,0.6184121635234644,0.9797979797979798,1.0,1.0,4/16,11.91%,PM20D2;GOT1;QPRT;GAD1
TDRP,GO_Biological_Process_2023,prerank,Positive Regulation Of Response To Wounding (GO:1903036),0.2719044900037359,0.6181173905196845,0.9972144846796658,1.0,1.0,9/26,22.43%,ANXA1;SCARF1;DUOX1;OCLN;ARFGEF1;MDK;CLDN3;PRKCE;HRAS
TDRP,GO_Biological_Process_2023,prerank,Melanosome Localization (GO:0032400),0.29474033786165765,0.6176085414331586,0.9897959183673469,1.0,1.0,5/18,13.53%,VPS33B;SHROOM2;BBS2;MKKS;MREG
TDRP,GO_Biological_Process_2023,prerank,Regulation Of mRNA Metabolic Process (GO:1903311),0.2995213099185802,0.6174221935699047,0.9846153846153847,1.0,1.0,5/15,16.33%,SUPT6H;MAGOH;MAGOHB;SAFB;RBM8A
TDRP,GO_Biological_Process_2023,prerank,Cellular Response To Epidermal Growth Factor Stimulus (GO:0071364),-0.2872473067744054,-0.6173755691415045,0.9903225806451613,1.0,1.0,9/27,20.92%,TDGF1;INPP5K;DUSP22;ZFP36;SNAI2;DUSP3;PDE8A;PTPN11;KNSTRN
TDRP,GO_Biological_Process_2023,prerank,Regulation Of Cilium Assembly (GO:1902017),-0.24235234129940358,-0.6172429690383855,1.0,1.0,1.0,34/71,30.06%,TBC1D15;TBC1D10C;SAXO1;PPP1R35;EVI5L;TBC1D10B;DYNLT2B;USP6NL;TBC1D22B;RABGAP1;KCTD17;FUZ;CDKL5;ODAD3;CEP97;LIMK2;TBC1D2B;KIF24;CCP110;TCHP;TBC1D2;HTT;WDPCP;MARK4;BBS4;CCDC88A;SGSM3;CEP120;EVI5;GSK3B;TBC1D7;TBC1D13;TBC1D24;INTU
TDRP,GO_Biological_Process_2023,prerank,Sulfur Compound Transport (GO:0072348),-0.29972043357529277,-0.6169659370480651,0.9817880794701986,1.0,1.0,5/21,17.91%,SLC26A6;SLC35B3;SLC26A8;SLC25A26;SLC19A3
TDRP,GO_Biological_Process_2023,prerank,Regulation Of Metaphase/Anaphase Transition Of Cell Cycle (GO:1902099),-0.2746504829917566,-0.6168389306388498,0.9938080495356038,1.0,1.0,12/32,24.60%,ARID2;SMARCE1;SMARCA2;CDC23;UBE2C;SMARCC2;PHF10;DPF1;BCL7C;SMARCD2;ACTL6B;CDC6
TDRP,GO_Biological_Process_2023,prerank,Cell-Cell Adhesion Mediated By Cadherin (GO:0044331),0.2657035802246541,0.6167219654848001,1.0,1.0,1.0,4/26,11.47%,CDH26;CDH18;CDHR3;CDH10
TDRP,GO_Biological_Process_2023,prerank,Positive Regulation Of Transcription Initiation By RNA Polymerase II (GO:0060261),-0.2548203981755447,-0.6161169579921696,0.9984276729559748,1.0,1.0,21/52,29.39%,MED21;MED18;TAF13;MED23;TAF11;TAF1;TAF4B;MED13;GTF2A2;PAXIP1;TBP;SRF;TAF10;TAF4;TAF8;MDC1;GTF2A1;TAF3;TAF7;MED11;TP53
TDRP,GO_Biological_Process_2023,prerank,Regulation Of Granulocyte Chemotaxis (GO:0071622),0.2853911351277628,0.6158230212477026,0.9949238578680203,1.0,1.0,4/19,14.25%,MAPK3;CXCL17;BST1;CSF1
TDRP,GO_Biological_Process_2023,prerank,Positive Regulation Of Transcription By RNA Polymerase III (GO:0045945),0.3030327272490451,0.6157548681272396,0.9763157894736842,1.0,1.0,2/15,7.37%,RPTOR;ZC3H8
TDRP,GO_Biological_Process_2023,prerank,ERK1 And ERK2 Cascade (GO:0070371),-0.28897219864326584,-0.6157023391244726,0.9920127795527156,1.0,1.0,9/24,27.48%,HTR2B;IGF1;PTGER4;ITGAV;DUSP5;KDR;DUSP6;ZFP36L1;MAP2K1
TDRP,GO_Biological_Process_2023,prerank,Cytoplasmic Translational Initiation (GO:0002183),-0.27643972483172474,-0.615361944345201,0.9937888198757764,1.0,1.0,4/30,11.49%,EIF2D;EIF2S3B;EIF2S3;EIF3L
TDRP,GO_Biological_Process_2023,prerank,"Regulation Of Nuclear-Transcribed mRNA Catabolic Process, Deadenylation-Dependent Decay (GO:1900151)",0.2704649665605748,0.6152251420586263,0.9974874371859297,1.0,1.0,8/23,17.75%,NANOS1;DHX36;HNRNPD;YBX1;TOB1;PAIP1;PABPC1;SYNCRIP
TDRP,GO_Biological_Process_2023,prerank,Positive Regulation Of Viral Process (GO:0048524),-0.2647354011935527,-0.6141077436119942,0.9984399375975039,1.0,1.0,10/41,25.22%,LARP1;SRPK2;PPIE;TYRO3;IFIT1;PKN2;RSF1;RAD23A;TMEM250;SRPK1
TDRP,GO_Biological_Process_2023,prerank,Central Nervous System Neuron Development (GO:0021954),0.3021741653582068,0.613156126711594,0.992,1.0,1.0,5/17,14.72%,NPY;TAOK1;B4GALT6;LHX6;LHX8
TDRP,GO_Biological_Process_2023,prerank,Cardiac Muscle Cell Differentiation (GO:0055007),-0.28391388724068434,-0.6130523289509852,0.9901477832512315,1.0,1.0,7/27,22.73%,ASB2;SIK1;BMP2;AKAP13;CXADR;ALPK3;IRX3
TDRP,GO_Biological_Process_2023,prerank,Transcription Preinitiation Complex Assembly (GO:0070897),-0.2526882007682711,-0.6128631754764484,1.0,1.0,1.0,14/52,23.90%,MED21;MED18;ESR1;TAF13;MED23;TAF11;TAF1;TAF4B;GTF2A2;TBP;GTF2B;TAF10;TAF4;TAF6L
TDRP,GO_Biological_Process_2023,prerank,Hexose Metabolic Process (GO:0019318),-0.26136835659584406,-0.61236076271259,0.997037037037037,1.0,1.0,13/45,24.58%,PMM1;H6PD;GALK1;SLC37A4;BRAT1;GALT;GDPGP1;KHSRP;SLC35A2;PGM1;IRS2;GAA;SORD
TDRP,GO_Biological_Process_2023,prerank,Regulation Of Cellular Respiration (GO:0043457),0.28996880389522467,0.6122149874766656,0.98989898989899,1.0,1.0,5/16,18.35%,NOA1;PRELID1;IFNLR1;PNPT1;IDE
TDRP,GO_Biological_Process_2023,prerank,Purine Ribonucleoside Triphosphate Metabolic Process (GO:0009205),-0.27210542070309524,-0.6116712262364568,0.9920634920634921,1.0,1.0,9/32,24.89%,EFNA1;OLA1;LRRK2;CTNS;RAB23;AK4;HSPA1B;ENTPD7;ATP1B1
TDRP,GO_Biological_Process_2023,prerank,Positive Regulation Of Chromosome Organization (GO:2001252),0.25506032023917996,0.6116085036022829,1.0,1.0,1.0,9/33,17.37%,SLX4;GNL3;TERF1;DHX36;TINF2;DDX11;POT1;NBN;AURKB
TDRP,GO_Biological_Process_2023,prerank,Positive Regulation Of DNA Replication (GO:0045740),0.2933008759737651,0.6112434732898375,0.9817232375979112,1.0,1.0,11/18,24.38%,GLI2;BAZ1A;PCNA;CTC1;FAF1;CDT1;BRPF3;KAT7;SMARCA5;EGFR;DHX9
TDRP,GO_Biological_Process_2023,prerank,Modulation By Host Of Viral Genome Replication (GO:0044827),-0.2933224486951724,-0.6109426608695764,0.9880546075085325,1.0,1.0,6/21,21.13%,VAPA;ZC3H12A;SMC5;ZFYVE1;ZBED1;PRKN
TDRP,GO_Biological_Process_2023,prerank,Cellular Response To Glucocorticoid Stimulus (GO:0071385),-0.31059594842660165,-0.6107060605304783,0.9761499148211243,1.0,1.0,2/17,11.41%,UBE2L3;ZFP36
TDRP,GO_Biological_Process_2023,prerank,Regulation Of Early Endosome To Late Endosome Transport (GO:2000641),-0.3091365317712365,-0.6096334483435667,0.9697478991596639,1.0,1.0,5/18,19.61%,PTPN23;DAB2;MTMR2;SNX12;DNAJC13
TDRP,GO_Biological_Process_2023,prerank,Axon Extension (GO:0048675),-0.2925190451643863,-0.6094335841611572,0.9888712241653418,1.0,1.0,5/22,17.71%,CDK5;SPG11;ULK1;PPP3CB;USP9X
TDRP,GO_Biological_Process_2023,prerank,Receptor Recycling (GO:0001881),0.2906279683236155,0.6088923492228295,0.9921671018276762,1.0,1.0,9/17,23.75%,PHETA1;SORL1;REP15;PEX1;PEX5;PHETA2;PEX2;NSG1;RAB11B
TDRP,GO_Biological_Process_2023,prerank,Fatty Acid Transport (GO:0015908),-0.2686646028859042,-0.6086645280925891,0.995260663507109,1.0,1.0,5/37,14.80%,CPT1B;SLC22A7;SLC27A3;SLC22A8;SLC22A6
TDRP,GO_Biological_Process_2023,prerank,Negative Regulation Of Stress Fiber Assembly (GO:0051497),-0.2880872285240387,-0.6085559748725043,0.9968,1.0,1.0,8/24,21.45%,TACSTD2;ARHGAP28;WAS;INPP5K;RHPN1;ARHGEF18;PPFIA1;CLASP1
TDRP,GO_Biological_Process_2023,prerank,Oligodendrocyte Development (GO:0014003),-0.31317680780665813,-0.6083536769541966,0.9867330016583747,1.0,1.0,2/16,4.70%,MYRF;TPPP
TDRP,GO_Biological_Process_2023,prerank,Regulation Of Cellular Response To Heat (GO:1900034),-0.32125489318441514,-0.6079958551711506,0.9769357495881383,1.0,1.0,11/15,30.80%,MAPT;DNAJB1;MTOR;DNAJC7;ATR;EP300;CREBBP;DNAJC2;GSK3B;IER5;SIRT1
TDRP,GO_Biological_Process_2023,prerank,Establishment Of Melanosome Localization (GO:0032401),-0.31781370148597893,-0.6079093909238934,0.9764309764309764,1.0,1.0,4/16,17.26%,BBS5;MLPH;MYO5A;RAB27A
TDRP,GO_Biological_Process_2023,prerank,Postreplication Repair (GO:0006301),0.27475995710143275,0.607701632088173,0.9974554707379135,1.0,1.0,6/22,19.08%,UBE2B;UBE2V1;PCLAF;PCNA;POLN;UBE2V2
TDRP,GO_Biological_Process_2023,prerank,Regulation Of Cholesterol Efflux (GO:0010874),0.2542470130400618,0.6076702517204944,1.0,1.0,1.0,12/32,23.95%,APOA1;PLA2G10;NAXE;ABCA3;LAMTOR1;APOE;ABCA5;CAV1;GPS2;EEPD1;TTC39B;PLTP
TDRP,GO_Biological_Process_2023,prerank,Protein Kinase A Signaling (GO:0010737),0.294105373172226,0.6070963685297346,0.9867021276595744,1.0,1.0,5/16,22.33%,RDX;PRKACB;EZR;RAB13;GAL
TDRP,GO_Biological_Process_2023,prerank,Sympathetic Nervous System Development (GO:0048485),-0.32039643689053554,-0.6066573109999951,0.97,1.0,1.0,3/15,14.06%,GATA3;NTRK1;FZD3
TDRP,GO_Biological_Process_2023,prerank,Neuron Projection Extension (GO:1990138),-0.2665515991954309,-0.6066041100911356,0.9921259842519685,1.0,1.0,8/38,17.71%,CDK5;SPACDR;SPG11;SPAG6;FLRT3;ULK1;PPP3CB;USP9X
TDRP,GO_Biological_Process_2023,prerank,Stress-Activated Protein Kinase Signaling Cascade (GO:0031098),0.28039591265461394,0.6055732419464867,0.9973474801061007,1.0,1.0,7/20,21.16%,MAPK3;IKBKB;MAP3K5;MAPK13;CCM2;KAT7;MAPK1
TDRP,GO_Biological_Process_2023,prerank,Peptidyl-Lysine Trimethylation (GO:0018023),-0.3183112903141743,-0.6050146051035816,0.9633943427620633,1.0,1.0,4/15,18.60%,ATPSCKMT;CSKMT;SETD2;NFYC
TDRP,GO_Biological_Process_2023,prerank,Negative Regulation Of mRNA Processing (GO:0050686),-0.31253074561419414,-0.6040872618490806,0.9753694581280788,1.0,1.0,7/15,27.81%,RBM20;SAP18;RBMX;SRSF10;RNPS1;SRSF6;SRSF9
TDRP,GO_Biological_Process_2023,prerank,Positive Regulation Of Immunoglobulin Mediated Immune Response (GO:0002891),-0.30989225338072696,-0.6034423367551655,0.9810344827586207,1.0,1.0,7/15,24.36%,XCL1;CD226;INSL6;KMT5C;NECTIN2;PAXIP1;HMCES
TDRP,GO_Biological_Process_2023,prerank,Activation Of Protein Kinase B Activity (GO:0032148),-0.2839545546936432,-0.6034115226804716,0.9871589085072231,1.0,1.0,5/25,12.69%,WNT5A;INSR;IL18;IGF1;ADRA2B
TDRP,GO_Biological_Process_2023,prerank,Protein Localization To Chromatin (GO:0071168),-0.26954212058593224,-0.6026179896453984,0.9968,1.0,1.0,13/31,26.32%,ESR1;CHMP7;TASOR;LRWD1;WAPL;MACROH2A1;ZMYND8;RAD21;CTCFL;LEF1;MCM8;PARP1;TONSL
TDRP,GO_Biological_Process_2023,prerank,Establishment Of Spindle Orientation (GO:0051294),-0.2651475664788307,-0.6020053809332452,0.9968304278922345,1.0,1.0,11/35,22.94%,GPSM1;MOS;NSFL1C;GJA1;ENKD1;NUMA1;LLGL1;CLASP1;KIF25;GPSM2;UBXN2B
TDRP,GO_Biological_Process_2023,prerank,Regulation Of Protein Dephosphorylation (GO:0035304),0.24089115261232646,0.601887492360571,1.0,1.0,1.0,14/39,22.15%,YWHAB;DYNLL1;PPP2R5A;TSC1;PPP1R2;PPIA;CAMTA1;NSMF;MFHAS1;PPP6R3;SPPL3;PPP1R7;TIPRL;CALM3
TDRP,GO_Biological_Process_2023,prerank,Positive Regulation Of Microtubule Polymerization Or Depolymerization (GO:0031112),-0.2822146036394994,-0.6014489840045112,0.9918300653594772,1.0,1.0,7/26,21.72%,MAPT;FES;ANKRD53;NAV3;NUMA1;CLASP1;CDK5R1
TDRP,GO_Biological_Process_2023,prerank,Epithelial Structure Maintenance (GO:0010669),0.28496895380638665,0.6008785578046184,0.9772727272727273,1.0,1.0,4/19,19.31%,VSIG1;STRAP;TFF3;LSR
TDRP,GO_Biological_Process_2023,prerank,Regulation Of Cell-Cell Adhesion (GO:0022407),-0.25887534476918067,-0.6002428499945476,0.9984984984984985,1.0,1.0,15/42,26.30%,MDGA1;MAGI1;FLOT2;MINK1;CD47;CITED2;JAG1;PTPRG;EFNA5;ZDHHC2;PODXL;SRC;MEGF10;CDH1;GTPBP4
TDRP,GO_Biological_Process_2023,prerank,Calcium-Mediated Signaling Using Intracellular Calcium Source (GO:0035584),0.2799684723591899,0.5991490436849077,0.9869109947643979,1.0,1.0,3/20,16.39%,PRNP;AZU1;PTPRJ
TDRP,GO_Biological_Process_2023,prerank,Regulation Of Vasculature Development (GO:1901342),-0.2720482536479814,-0.5979626384472081,0.9921507064364207,1.0,1.0,9/30,22.38%,SP100;CXCL13;RAPGEF3;FGF2;VASH2;EPHA2;VASH1;EGLN1;SFRP1
TDRP,GO_Biological_Process_2023,prerank,mRNA Methylation (GO:0080009),-0.31494348710397513,-0.5977593794835666,0.9852941176470589,1.0,1.0,6/15,22.77%,PCIF1;METTL4;CMTR1;VIRMA;ZC3H13;NSUN2
TDRP,GO_Biological_Process_2023,prerank,Negative Regulation Of Vascular Associated Smooth Muscle Cell Proliferation (GO:1904706),0.28101896974590856,0.5971994929012969,0.9922077922077922,1.0,1.0,6/17,20.78%,APLN;CNN1;TGFB3;PDCD4;TPM1;PRKG1
TDRP,GO_Biological_Process_2023,prerank,Cytoskeleton-Dependent Intracellular Transport (GO:0030705),0.2736636628741157,0.5968217299316734,0.9949622166246851,1.0,1.0,6/21,16.80%,HOOK2;F8A1;TUBA1A;TUBA1B;DYNC1I1;HOOK3
TDRP,GO_Biological_Process_2023,prerank,Positive Regulation Of Calcium Ion Transmembrane Transporter Activity (GO:1901021),-0.27707335777950653,-0.5964520358692336,0.9951060358890701,1.0,1.0,11/27,27.07%,P2RY6;PKD2;JPH2;STAC3;PPP3CB;STAC;PPP3CC;AKAP6;ATP1B1;HTT;STAC2
TDRP,GO_Biological_Process_2023,prerank,Regulation Of Bicellular Tight Junction Assembly (GO:2000810),-0.31149229214753915,-0.5957063445720872,0.9822294022617124,1.0,1.0,6/15,23.38%,CLDN5;SNAI2;SNAI1;EPHA2;ROCK2;MYO1C
TDRP,GO_Biological_Process_2023,prerank,Positive Regulation Of Response To Endoplasmic Reticulum Stress (GO:1905898),-0.29350589170191893,-0.5953421246812476,0.9917763157894737,1.0,1.0,7/18,23.92%,DDIT3;NCK2;BAX;BAK1;BOK;RNF185;XBP1
TDRP,GO_Biological_Process_2023,prerank,Sulfur Compound Catabolic Process (GO:0044273),-0.2876951650962807,-0.5938933883425909,0.9950083194675541,1.0,1.0,3/20,9.20%,HPSE;SGSH;GPC1
TDRP,GO_Biological_Process_2023,prerank,Positive Regulation Of Dephosphorylation (GO:0035306),-0.2669835750715607,-0.592868447339533,1.0,1.0,1.0,11/29,29.54%,PTPA;SMPD1;BMP2;GBA1;SRC;PPP1R16B;PRKCD;ROCK1;CNEP1R1;CALM1;CDCA2
TDRP,GO_Biological_Process_2023,prerank,Negative Regulation Of Focal Adhesion Assembly (GO:0051895),0.2984142057362067,0.5925396191443593,0.9849624060150376,1.0,1.0,5/15,18.36%,ITGB1BP1;DYNLL1;FAM107A;BCAS3;ARHGAP6
TDRP,GO_Biological_Process_2023,prerank,Negative Regulation Of Cell-Substrate Junction Organization (GO:0150118),0.2984142057362067,0.5925396191443593,0.9849624060150376,1.0,1.0,5/15,18.36%,ITGB1BP1;DYNLL1;FAM107A;BCAS3;ARHGAP6
TDRP,GO_Biological_Process_2023,prerank,Cardiac Muscle Cell Contraction (GO:0086003),-0.3010734590875191,-0.5920623303386161,0.9827044025157232,1.0,1.0,8/18,24.08%,SCN4B;SCN3B;KCNE2;PIK3CA;CACNA1D;CACNA2D1;KCNJ2;CACNA1C
TDRP,GO_Biological_Process_2023,prerank,Positive Regulation Of BMP Signaling Pathway (GO:0030513),-0.2824048192851394,-0.5915870778531356,0.9919093851132686,1.0,1.0,5/24,19.47%,BMPR2;KCP;NOTCH1;NUMA1;RBPJ
TDRP,GO_Biological_Process_2023,prerank,Cellular Response To Interferon-Beta (GO:0035458),-0.28330960482509615,-0.590907053589982,0.9932088285229203,1.0,1.0,4/22,17.92%,IRGM;CAMK2A;CDC34;HTRA2
TDRP,GO_Biological_Process_2023,prerank,Positive Regulation Of Phosphatase Activity (GO:0010922),0.26950056571742204,0.5904079562851209,0.9974937343358395,1.0,1.0,6/22,19.84%,CD300A;MAGI2;GPLD1;GNA12;CHP2;MTMR9
TDRP,GO_Biological_Process_2023,prerank,Cell Communication By Electrical Coupling Involved In Cardiac Conduction (GO:0086064),-0.30209726038603507,-0.5900191022243221,0.9878048780487805,1.0,1.0,6/16,25.41%,GJA1;GJC3;GJC1;CACNA1C;ATP1B1;ATP1B2
TDRP,GO_Biological_Process_2023,prerank,Mitochondrial RNA Metabolic Process (GO:0000959),-0.2883025328827082,-0.5899300518136235,0.9917763157894737,1.0,1.0,9/20,26.87%,FASTKD1;MTERF3;TFB2M;TBRG4;POLRMT;FASTKD2;MTERF1;FOXO3;SLC25A33
TDRP,GO_Biological_Process_2023,prerank,Regulation Of Collagen Biosynthetic Process (GO:0032965),-0.2934163819151575,-0.5895101012005302,0.9834710743801653,1.0,1.0,4/18,13.57%,RGCC;CREB3L1;F2;LARP6
TDRP,GO_Biological_Process_2023,prerank,Transcription By RNA Polymerase I (GO:0006360),-0.30832890461631457,-0.5883727701213269,0.9764309764309764,1.0,1.0,7/15,28.91%,TAF1C;GTF2H1;TAF1;RRN3;POLR1C;SPTY2D1;POLR2F
TDRP,GO_Biological_Process_2023,prerank,Positive Regulation Of Insulin Secretion (GO:0032024),-0.25096701429772367,-0.5880947739299758,1.0,1.0,1.0,15/40,29.40%,ANO1;HLA-DRB1;PPP3CB;PSMD9;GLUD1;POLR2D;TCF7L2;LRRC8A;IRS2;SLC30A8;DOC2B;MCU;SIRT6;TM7SF3;STX4
TDRP,GO_Biological_Process_2023,prerank,Regulation Of Histone Modification (GO:0031056),0.2822917210156013,0.5879254606110355,0.9854368932038835,1.0,1.0,8/18,18.09%,NFYA;WDR5;HPF1;FLCN;TADA2A;KAT2B;MYOCD;SGF29
TDRP,GO_Biological_Process_2023,prerank,Amyloid Precursor Protein Metabolic Process (GO:0042982),-0.29794629466639844,-0.5871787220980043,0.9856,1.0,1.0,5/17,25.36%,KLK6;ADAM17;ACHE;PSEN1;NCSTN
TDRP,GO_Biological_Process_2023,prerank,Regulation Of Protein Import Into Nucleus (GO:0042306),0.2349960549240217,0.5865566371583568,1.0,1.0,1.0,15/38,22.37%,PIK3R1;SUFU;EFCAB7;HDAC3;TPR;HYAL2;MDFIC;IPO5;CHP2;ZIC1;BAG3;UBR5;TRIM28;FLNA;ZPR1
TDRP,GO_Biological_Process_2023,prerank,NADP Metabolic Process (GO:0006739),0.2744766197915719,0.5858135426693662,1.0,1.0,1.0,3/19,11.78%,FMO2;MDH1;NADK
TDRP,GO_Biological_Process_2023,prerank,Positive Regulation Of Heart Contraction (GO:0045823),-0.28251706418745554,-0.584831953126208,0.9968051118210862,1.0,1.0,8/21,27.26%,SCN3B;ADM5;ADM2;HRC;GSK3A;RGS2;ADRA1D;TGFB2
TDRP,GO_Biological_Process_2023,prerank,Organelle Membrane Fusion (GO:0090174),-0.2768749959598248,-0.5842415060196134,0.9969325153374233,1.0,1.0,10/26,22.34%,VAMP1;STX5;VAMP2;STX1B;STX3;STX7;STX16;STX6;SYT4;TSNARE1
TDRP,GO_Biological_Process_2023,prerank,DNA-templated Transcription Elongation (GO:0006354),-0.27253244908238655,-0.5837843094677309,0.9937304075235109,1.0,1.0,11/26,25.20%,CDC73;EAF2;SETD2;GTF2F1;GTF2F2;TCEA2;PCID2;SKIC8;ELP2;RTF1;ERCC3
TDRP,GO_Biological_Process_2023,prerank,tRNA Methylation (GO:0030488),-0.2531057712504048,-0.5833059752747559,0.9984276729559748,1.0,1.0,12/36,22.77%,TRMT1L;TRMT44;WDR6;THADA;THUMPD3;THUMPD2;TARBP1;WDR4;GTPBP3;TRMT5;TRMT12;NSUN2
TDRP,GO_Biological_Process_2023,prerank,Polyol Biosynthetic Process (GO:0046173),-0.3021298296795588,-0.5827302409617187,0.9865771812080537,1.0,1.0,4/15,19.17%,ITPKB;IP6K2;FGF2;IP6K1
TDRP,GO_Biological_Process_2023,prerank,Negative Regulation Of RNA Biosynthetic Process (GO:1902679),-0.3016002024312558,-0.5797511774464313,0.983633387888707,1.0,1.0,7/16,27.25%,INPP5K;FCN3;TASOR;MPHOSPH8;APOBEC3C;RESF1;HMGA2
TDRP,GO_Biological_Process_2023,prerank,Negative Regulation Of Double-Strand Break Repair Via Homologous Recombination (GO:2000042),0.2670869324359418,0.5784197102721602,0.9976525821596244,1.0,1.0,8/21,20.04%,MAD2L2;KLHL15;SHLD1;SHLD2;RMI2;MAGEF1;POLQ;KMT5A
TDRP,GO_Biological_Process_2023,prerank,Folic Acid-Containing Compound Metabolic Process (GO:0006760),-0.3057999715314147,-0.5771566684395869,0.9886363636363636,1.0,1.0,6/15,26.98%,DHFR2;MTHFD2;SHMT1;GGH;MTRR;SLC19A1
TDRP,GO_Biological_Process_2023,prerank,Energy Reserve Metabolic Process (GO:0006112),-0.29254040614108495,-0.5751259372336801,0.9949324324324325,1.0,1.0,6/18,20.39%,PPP1R3C;GFPT2;PID1;GFPT1;PRKAG2;UGP2
TDRP,GO_Biological_Process_2023,prerank,Ribosomal Large Subunit Assembly (GO:0000027),0.27008672173974235,0.5746767455342616,0.9974683544303797,1.0,1.0,9/21,23.84%,RPL10;MDN1;NOP2;RRS1;MRPL20;RPL23A;DHX30;BRIX1;RPF2
TDRP,GO_Biological_Process_2023,prerank,Positive Regulation Of Axon Extension (GO:0045773),-0.2853629233661267,-0.5740877395555807,0.9949664429530202,1.0,1.0,6/19,22.84%,MAPT;ISLR2;SEMA7A;MEGF8;RUFY3;MACF1
TDRP,GO_Biological_Process_2023,prerank,Platelet-Derived Growth Factor Receptor Signaling Pathway (GO:0048008),-0.3020091197753735,-0.5738889381795638,0.9838709677419355,1.0,1.0,3/15,14.62%,PDGFD;PDGFRB;PDGFC
TDRP,GO_Biological_Process_2023,prerank,Regulation Of Establishment Of Planar Polarity (GO:0090175),-0.2616288259416908,-0.5734337165257448,0.9968602825745683,1.0,1.0,7/29,20.39%,WNT5A;TIAM1;NPHP3;FZD3;PRICKLE1;DVL2;CELSR1
TDRP,GO_Biological_Process_2023,prerank,Regulation Of G0 To G1 Transition (GO:0070316),-0.256202466339612,-0.5725967889592849,1.0,1.0,1.0,16/32,28.99%,HLA-G;ARID2;SMARCE1;SMARCA2;SMARCC2;PHF10;DPF1;BCL7C;SMARCD2;ACTL6B;SMARCD1;CHEK1;BCL7A;RHNO1;ACTL6A;PBRM1
TDRP,GO_Biological_Process_2023,prerank,Regulation Of Fibrinolysis (GO:0051917),-0.29124960582834913,-0.5681703974356018,0.9898132427843803,1.0,1.0,7/16,26.68%,F2;SERPINE1;F11;PLAU;F12;KLKB1;THBS1
TDRP,GO_Biological_Process_2023,prerank,Cell Migration Involved In Sprouting Angiogenesis (GO:0002042),-0.2880682643841752,-0.5672459038074706,0.9948630136986302,1.0,1.0,5/17,22.77%,TDGF1;FGF2;NR4A1;KDR;SRF
TDRP,GO_Biological_Process_2023,prerank,Positive Regulation Of Protein Processing (GO:0010954),-0.277911830111294,-0.5672293258294904,0.9933665008291874,1.0,1.0,6/20,25.04%,MELTF;ENO1;CCBE1;BAG2;F12;KLKB1
TDRP,GO_Biological_Process_2023,prerank,Transcription Elongation By RNA Polymerase II (GO:0006368),-0.2616481714447388,-0.5671201897138837,1.0,1.0,1.0,11/28,25.20%,CDC73;EAF2;SETD2;GTF2F1;GTF2F2;PCID2;SKIC8;IWS1;ELP2;RTF1;ERCC3
TDRP,GO_Biological_Process_2023,prerank,Positive Regulation Of Dendrite Morphogenesis (GO:0050775),0.2756483366593518,0.5668306014776441,0.9975961538461539,1.0,1.0,6/17,17.76%,GPRASP3;IL1RAPL1;DHX36;CAPRIN1;SS18L1;CAPRIN2
TDRP,GO_Biological_Process_2023,prerank,Rescue Of Stalled Ribosome (GO:0072344),-0.2800423149149889,-0.5666352455316715,0.995049504950495,1.0,1.0,8/23,21.34%,MTRFR;PELO;KLHDC10;ANKZF1;USP10;SKIC8;GCN1;RCHY1
TDRP,GO_Biological_Process_2023,prerank,L-glutamate Import (GO:0051938),-0.29534963812957976,-0.565306129389463,0.9881956155143339,1.0,1.0,7/15,28.22%,SLC1A1;SLC17A8;SLC17A7;SLC1A4;PRAF2;SLC1A3;SLC25A12
TDRP,GO_Biological_Process_2023,prerank,Branched-Chain Amino Acid Catabolic Process (GO:0009083),0.27007276891389015,0.5638177002760928,0.9974025974025974,1.0,1.0,4/17,12.33%,DLD;BCKDK;BCKDHA;IVD
TDRP,GO_Biological_Process_2023,prerank,Autophagy Of Nucleus (GO:0044804),-0.2776269360773467,-0.5612602824883971,0.9967845659163987,1.0,1.0,6/18,25.49%,ATG9B;ATG13;ULK1;ATG2A;ATG2B;RB1CC1
TDRP,GO_Biological_Process_2023,prerank,Regulation Of Amyloid-Beta Clearance (GO:1900221),0.2756673405946536,0.5591578760206501,0.9973474801061007,1.0,1.0,3/15,17.55%,IFNGR1;APOE;MYOCD
TDRP,GO_Biological_Process_2023,prerank,Protein Localization To Cell Surface (GO:0034394),-0.26223496736705487,-0.5575946773982955,1.0,1.0,1.0,10/26,29.40%,CD177;JAM3;GGA3;GGA1;MESD;GGA2;RIC3;FBLN5;EMP2;STX4
TDRP,GO_Biological_Process_2023,prerank,Nuclear Migration (GO:0007097),-0.29394166311119374,-0.5560352604579067,0.9836065573770492,1.0,1.0,5/15,19.23%,CLMN;DYNC1H1;LMNB1;TMEM201;DOCK7
TDRP,GO_Biological_Process_2023,prerank,Regulation Of Erythrocyte Differentiation (GO:0045646),-0.24588155562044264,-0.5557796215960885,1.0,1.0,1.0,13/36,27.64%,LYN;ZFP36;FAM210B;ANKRD54;BRD1;ACVR2A;MAPK14;HSPA1B;STAT3;FOXO3;ACVR1B;ZFP36L1;ZNF16
TDRP,GO_Biological_Process_2023,prerank,Internal Peptidyl-Lysine Acetylation (GO:0018393),-0.2409158864931203,-0.5535817411816163,1.0,1.0,1.0,16/39,28.77%,KAT2A;EPC1;YEATS4;TRRAP;BRD8;TAF10;YEATS2;TAF6L;MRGBP;MORF4L2;MBTD1;PHF20L1;EP300;CREBBP;KAT5;ACTL6A
TDRP,GO_Biological_Process_2023,prerank,Protein Destabilization (GO:0031648),-0.24751172556285037,-0.5528694606489917,1.0,1.0,1.0,16/36,28.01%,IRGM;SERF1A;CDC73;RNF139;TRIM21;GGA3;DAZAP2;KDM8;PRKN;RAD23A;SNCA;HTT;EP300;CREBBP;ISOC2;SIRT6
TDRP,GO_Biological_Process_2023,prerank,Regulation Of Autophagosome Assembly (GO:2000785),0.2234209119464562,0.5500696987973313,1.0,1.0,1.0,17/39,24.97%,ELAPOR1;SNX7;PIP4K2A;TBC1D12;TBC1D14;PHF23;RAB3GAP2;RAB3GAP1;RAB5A;MOAP1;IFT20;FEZ2;MTMR3;SEC22B;IFT88;MTM1;EPHB2
TDRP,GO_Biological_Process_2023,prerank,Regulation Of Cell-Substrate Junction Assembly (GO:0090109),0.2528061272223101,0.5482807264218059,1.0,1.0,1.0,6/21,15.61%,EPHA3;RHOA;GPM6B;DAPK3;CAMSAP3;FYN
TDRP,GO_Biological_Process_2023,prerank,Vesicle-Mediated Transport Between Endosomal Compartments (GO:0098927),-0.2544164882296177,-0.5390356346865006,1.0,1.0,1.0,6/24,21.13%,PTPN23;WDR91;PIK3R4;PXK;LMTK2;KIF16B
TDRP,GO_Biological_Process_2023,prerank,Positive Regulation Of Mitotic Sister Chromatid Separation (GO:1901970),-0.2829797304312487,-0.5383969162520538,0.9968051118210862,1.0,1.0,5/15,20.03%,DLGAP5;ESPL1;CDC23;UBE2C;CDC20
TDRP,GO_Biological_Process_2023,prerank,Endoplasmic Reticulum Tubular Network Organization (GO:0071786),-0.2747041981347459,-0.5348020670416975,0.9966996699669967,1.0,1.0,8/16,26.14%,REEP4;RAB10;REEP2;RETREG3;ATL1;REEP1;LNPK;RTN3
TDRP,GO_Biological_Process_2023,prerank,Regulation Of Cardiac Muscle Contraction By Calcium Ion Signaling (GO:0010882),-0.26154433749078715,-0.5327610072329914,1.0,1.0,1.0,10/20,30.22%,CLIC2;HRC;DMD;CACNA1C;ATP1B1;CALM1;ATP1A2;ATP2A2;SLC8A1;CAMK2D
TDRP,GO_Biological_Process_2023,prerank,Negative Regulation Of RNA Splicing (GO:0033119),-0.26138718163793445,-0.5313654346552725,0.9983471074380166,1.0,1.0,8/19,27.81%,RBM20;SAP18;RBMX;SRSF10;RNPS1;SRSF6;RPS26;SRSF9
TDRP,GO_Biological_Process_2023,prerank,Regulation Of DNA Strand Elongation (GO:0060382),-0.2742839296598441,-0.5311776450153075,1.0,1.0,1.0,5/16,20.81%,INO80;INO80E;INO80D;YY1;NFRKB
TDRP,GO_Biological_Process_2023,prerank,Regulation Of Cardiac Muscle Contraction By Regulation Of The Release Of Sequestered Calcium Ion (GO:0010881),-0.2690499619908418,-0.5259335180885998,0.9966722129783694,1.0,1.0,8/16,30.22%,CLIC2;HRC;DMD;CACNA1C;CALM1;ATP1A2;SLC8A1;CAMK2D
TDRP,GO_Biological_Process_2023,prerank,Positive Regulation Of Histone Methylation (GO:0031062),-0.257516766289728,-0.5247101357576922,1.0,1.0,1.0,7/19,23.39%,INSL6;BAZ2A;KAT8;KANSL2;SUV39H1;HCFC1;KANSL1
TDRP,GO_Biological_Process_2023,prerank,Histone H2A Acetylation (GO:0043968),-0.260263234404847,-0.5240742163712896,1.0,1.0,1.0,10/20,28.77%,EPC1;YEATS4;TRRAP;BRD8;MRGBP;NAA40;MORF4L2;MBTD1;KAT5;ACTL6A
TDRP,GO_Biological_Process_2023,prerank,Regulation Of Intracellular Estrogen Receptor Signaling Pathway (GO:0033146),-0.24327872447419271,-0.5193841035842677,1.0,1.0,1.0,9/25,27.67%,KANK2;CNOT9;UFL1;KMT2D;VPS18;LATS1;CNOT1;FOXH1;STRN3
TDRP,GO_Biological_Process_2023,prerank,Blood Vessel Endothelial Cell Migration (GO:0043534),-0.24706419099166177,-0.5145586579947158,1.0,1.0,1.0,5/22,22.77%,TDGF1;FGF2;NR4A1;KDR;SRF
TDRP,GO_Biological_Process_2023,prerank,Regulation Of Fibroblast Migration (GO:0010762),-0.2507963689841302,-0.5081668492111513,0.9984375,1.0,1.0,4/20,16.24%,HAS1;ARHGEF7;APPL1;FGF2
TDRP,GO_Biological_Process_2023,prerank,Intraciliary Anterograde Transport (GO:0035720),0.2532156852538367,0.5077221946021081,1.0,0.999934337654541,1.0,9/15,23.76%,IFT74;IFT81;TTC30A;TTC26;IFT172;IFT80;IFT27;IFT20;CLUAP1
TDRP,GO_Biological_Process_2023,prerank,Positive Regulation Of Protein Autophosphorylation (GO:0031954),-0.2435394919517468,-0.5045913683950578,1.0,1.0,1.0,4/22,20.16%,PDGFD;RAD50;PDGFC;RAP2C
TDRP,GO_Biological_Process_2023,prerank,tRNA Wobble Base Modification (GO:0002097),-0.2527167955461188,-0.4857805253552464,1.0,1.0,1.0,8/15,29.52%,ELP6;ALKBH1;GTPBP3;ELP2;CTU1;ALKBH8;MTO1;ELP4
TDRP,GO_Biological_Process_2023,prerank,Hippo Signaling (GO:0035329),-0.2373603829241523,-0.4683352914284257,1.0,0.9999885553799442,1.0,9/17,29.66%,TEAD3;TEAD4;LATS2;SAV1;AMOTL2;LATS1;MOB1B;DCHS1;TEAD2
