kd_gene,gene_set_library,Name,Term,ES,NES,NOM p-val,FDR q-val,FWER p-val,Tag %,Gene %,Lead_genes
KBTBD11,MSigDB_Hallmark_2020,prerank,Pancreas Beta Cells,0.6113480535248711,1.5154385811279518,0.024553571428571428,0.09205876883020271,0.093,10/40,10.60%,NKX6-1;ISL1;IAPP;MAFB;PCSK1;LMO2;CHGA;AKT3;FOXO1;SYT13
KBTBD11,MSigDB_Hallmark_2020,prerank,Androgen Response,0.40757583492363664,1.1427848012360167,0.19103773584905662,1.0,0.948,53/100,25.74%,SRP19;AZGP1;HPGD;STK39;SGK1;NKX3-1;TSC22D1;DNAJB9;ZMIZ1;KRT19;LIFR;ELOVL5;GSR;ARID5B;ANKH;SPCS3;IDI1;PTPN21;SEC24D;SAT1;PMEPA1;B2M;H1-0;SCD;AKAP12;PDLIM5;SELENOP;SPDEF;MAF;DHCR24;ZBTB10;TNFAIP8;INSIG1;APPBP2;B4GALT1;ADAMTS1;CCND3;AKT1;ELK4;ACSL3;NCOA4;CDK6;BMPR1B;DBI;GNAI3;KRT8;RAB4A;PLPP1;ITGAV;CAMKK2;UBE2J1;NGLY1;ELL2
KBTBD11,MSigDB_Hallmark_2020,prerank,Myogenesis,-0.34953960269114115,-1.0461430292296352,0.3524305555555556,1.0,1.0,69/199,21.61%,SGCA;CACNG1;CFD;MYF6;BDKRB2;TPM2;IGFBP3;GJA5;SGCG;EFS;MAPK12;ADAM12;ENO3;GABARAPL2;DMPK;GADD45B;MYH2;ATP6AP1;CAV3;SOD3;CKM;ADCY9;TNNI1;COL6A3;PDE4DIP;AGRN;FXYD1;TNNT1;ITGA7;HRC;SCHIP1;MYL7;MYO1C;NOTCH1;TSC2;IGFBP7;SYNGR2;RIT1;LDB3;GAA;PSEN2;PYGM;ERBB3;STC2;TEAD4;FST;CRAT;NOS1;GSN;MYL6B;WWTR1;CDH13;AK1;ACTN2;NQO1;FDPS;PPFIA4;MEF2C;KIFC3;GNAO1;GPX3;TGFB1;MAPRE3;PDLIM7;BAG1;CHRNG;OCEL1;SH3BGR;HBEGF
KBTBD11,MSigDB_Hallmark_2020,prerank,Bile Acid Metabolism,-0.3688070007492519,-1.0304312694828737,0.3924050632911392,1.0,1.0,30/112,16.92%,SULT1B1;SERPINA6;SLC27A2;RETSAT;NR1H4;SLC23A1;SOD1;GC;ABCG4;AKR1D1;HACL1;NR1I2;ALDH8A1;PECR;ABCA5;NEDD4;ABCG8;OPTN;EPHX2;LCK;GCLM;PRDX5;NPC1;BCAR3;ISOC1;RBP1;NR3C2;HSD17B4;BMP6;PEX26
KBTBD11,MSigDB_Hallmark_2020,prerank,KRAS Signaling Dn,-0.33524927692632034,-1.0122493214471722,0.3986135181975737,1.0,1.0,43/199,18.89%,SYNPO;KLK8;EPHA5;CACNG1;KRT15;SLC12A3;SOX10;SLC6A3;MTHFR;PDK2;CNTFR;ABCG4;ZBTB16;C5;PAX3;TENT5C;CPA2;NR6A1;PKP1;TGFB2;GPR3;OXT;CKM;KLK7;RGS11;EGF;FGF22;STAG3;MYOT;KCNMB1;BRDT;BARD1;LYPD3;ALOX12B;GPRC5C;ATP4A;CHST2;FGFR3;NOS1;SNCB;PRKN;PTPRJ;RYR2
KBTBD11,MSigDB_Hallmark_2020,prerank,Unfolded Protein Response,-0.3596456399735044,-1.0117510809230752,0.39892665474060823,1.0,1.0,48/112,24.57%,SRPRA;EXOSC10;ATP6V0D1;ATF3;YIF1A;YWHAZ;EIF4EBP1;RRP9;CNOT6;DCP1A;HERPUD1;IARS1;EXOSC5;HSP90B1;PSAT1;ALDH18A1;SLC1A4;NOLC1;IMP3;EIF4A1;NFYB;DDIT4;KHSRP;ASNS;STC2;DNAJC3;GEMIN4;CNOT4;EXOSC4;ARFGAP1;EXOSC1;EXOSC2;NFYA;CXXC1;FKBP14;SEC11A;CEBPB;EIF2S1;KDELR3;ZBTB17;EEF2;CNOT2;EDC4;HSPA5;PDIA5;ATF4;LSM4;RPS14
KBTBD11,MSigDB_Hallmark_2020,prerank,UV Response Dn,0.3374413908322658,1.0067046772508024,0.4309133489461358,1.0,0.999,63/144,24.04%,PIAS3;CDK13;F3;DUSP1;TFPI;SMAD7;RBPMS;PIK3R3;MRPS31;TENT4A;ATXN1;VLDLR;ZMIZ1;AKT3;LPAR1;RND3;DDAH1;ATP2B4;SLC22A18;MYC;SMAD3;NFKB1;EFEMP1;PTPN21;NOTCH2;DLG1;ABCC1;IRS1;SRI;PRKCA;PDLIM5;FBLN5;KCNMA1;FYN;HAS2;ID1;ATRN;CAV1;PLPP3;INSIG1;MAP2K5;PTPRM;GRK5;ADD3;FHL2;MAGI2;MAP1B;TGFBR3;CDON;CELF2;SERPINE1;MMP16;RUNX1;IGF1R;RXRA;PRDM2;BMPR1A;ANXA4;COL1A2;VAV2;PEX14;SYNE1;SLC7A1
KBTBD11,MSigDB_Hallmark_2020,prerank,Allograft Rejection,-0.32915358438361497,-0.9851990331669862,0.4504950495049505,1.0,1.0,44/200,18.92%,CXCL13;ITGAL;CD7;CTSS;ITGB2;INHBA;CFP;MMP9;TIMP1;WAS;EIF3D;CDKN2A;NOS2;UBE2D1;CD247;F2;TGFB2;TAPBP;LTB;IRF8;LYN;NCK1;IL2RB;LCK;CD86;HLA-DMB;CD1D;IRF4;ELF4;TAP1;CD74;RPL3L;PRKCB;HLA-DMA;BCL10;PRKCG;BCL3;RPS19;EIF5A;ICOSLG;F2R;HLA-E;CD47;SOCS1
KBTBD11,MSigDB_Hallmark_2020,prerank,Protein Secretion,-0.36170684885351506,-0.9810731307755813,0.4964788732394366,1.0,1.0,32/96,21.39%,CLTA;TSPAN8;CLN5;KIF1B;SOD1;RAB2A;YKT6;TSG101;VAMP4;CLCN3;AP1G1;ICA1;MON2;COPE;COPB1;RER1;GOLGA4;DOP1A;SH3GL2;STX12;ARCN1;AP2M1;GALC;COG2;RAB22A;AP3B1;ARFGAP3;NAPG;ARFIP1;SGMS1;ATP6V1H;M6PR
KBTBD11,MSigDB_Hallmark_2020,prerank,p53 Pathway,-0.32749836061544596,-0.9783045876664828,0.4890756302521008,1.0,1.0,79/199,24.67%,TGFA;JAG2;KLK8;RETSAT;VWA5A;FUCA1;EI24;ZBTB16;CDKN2A;ABAT;ATF3;TRIB3;BMP2;DEF6;DCXR;IFI30;HDAC3;IL1A;TNNI1;CD81;PPP1R15A;RAD9A;CEBPA;BAX;TP63;RACK1;NOTCH1;FOS;IER3;TAP1;TP53;TCN2;S100A4;DDIT4;ZNF365;LDHB;RAP2B;MAPKAPK3;RRP8;SFN;BAIAP2;HEXIM1;RGS16;F2R;CD82;BTG1;FBXW7;GM2A;CDH13;SOCS1;AK1;CTSD;BAK1;VDR;SLC3A2;SLC7A11;MKNK2;TGFB1;DRAM1;PRMT2;VAMP8;RPS12;DGKA;PCNA;RCHY1;PLK3;HBEGF;SERTAD3;ANKRA2;TRAF4;ABCC5;FAS;SPHK1;KIF13B;PERP;ADA;MXD4;RAD51C;CYFIP2
KBTBD11,MSigDB_Hallmark_2020,prerank,Estrogen Response Early,-0.3237391111125003,-0.9613506518882157,0.5778546712802768,1.0,1.0,68/198,24.24%,AREG;SLC27A2;KRT15;PGR;FCMR;KLK10;ABAT;ARL3;TIPARP;FRK;NADSYN1;SCNN1A;FARP1;MED24;ADCY9;MYB;SYNGR1;DLC1;MLPH;SYT12;CANT1;MUC1;KLF10;SLC37A1;MAPT;FOS;SLC24A3;SLC1A4;PTGES;KAZN;RETREG1;DHRS3;OVOL2;RAPGEFL1;LAD1;OLFM1;STC2;SLC26A2;MREG;RAB31;SFN;TSKU;SOX3;IL17RB;CXCL12;IGFBP4;BCL11B;DYNLT3;CLDN7;SH3BP5;MINDY1;RARA;ABCA3;HES1;BAG1;ELF3;SCARB1;SEC14L2;ALDH3B1;RAB17;ISG20L2;ESRP2;SLC22A5;FDFT1;CISH;TGM2;SLC7A2;MICB
KBTBD11,MSigDB_Hallmark_2020,prerank,Fatty Acid Metabolism,0.312991866491466,0.9404251603082078,0.6317135549872123,1.0,1.0,31/157,12.76%,FABP1;HMGCS2;AQP7;GAD2;REEP6;RDH16;ACOT2;HPGD;ACADS;ACSL5;NSDHL;IL4I1;PRDX6;CA4;ECI2;CEL;FASN;MLYCD;GPD2;LDHA;SUCLG2;ELOVL5;ECH1;ACSL4;CPT2;IDI1;MDH1;UROS;HSD17B11;DECR1;ADSL
KBTBD11,MSigDB_Hallmark_2020,prerank,Inflammatory Response,0.3024509574061049,0.9399598553697956,0.635,1.0,1.0,61/200,23.43%,CD69;CYBB;LAMP3;TLR2;IL15RA;IL6;TNFSF15;CXCR6;LIF;IRF7;MMP14;CSF1;F3;IRF1;TACR1;MXD1;BTG2;TNFRSF1B;NAMPT;IL18;SCN1B;LPAR1;RASGRP1;MYC;NFKB1;PLAUR;CD40;EIF2AK2;GABBR1;SRI;KCNA3;RAF1;HAS2;NPFFR2;PTAFR;SCARF1;GP1BA;NMUR1;ITGB8;PCDH7;PTPRE;IL18R1;CX3CL1;PTGER2;SEMA4D;SLC31A1;PTGER4;CD48;ATP2A2;LCP2;HIF1A;CXCL6;SERPINE1;RIPK2;CMKLR1;TPBG;SLC1A2;SGMS2;GNAI3;ABCA1;TACR3
KBTBD11,MSigDB_Hallmark_2020,prerank,Interferon Alpha Response,0.3337590679022765,0.9379658791318088,0.5739910313901345,1.0,1.0,22/97,16.14%,LAMP3;OASL;PARP9;IRF7;USP18;CSF1;IRF2;IRF1;TENT5A;TRIM25;LGALS3BP;PSMA3;IL7;B2M;SP110;TRIM21;EIF2AK2;TXNIP;HELZ2;RNF31;STAT2;PSMB8
KBTBD11,MSigDB_Hallmark_2020,prerank,Hypoxia,0.2998484604362389,0.9302568169222942,0.6620370370370371,1.0,1.0,55/200,17.63%,IL6;FBP1;PLAC8;DDIT3;MAP3K1;P4HA2;LDHC;HK2;F3;DUSP1;PPP1R3C;MAFF;DPYSL4;HS3ST1;BGN;TNFAIP3;PGAM2;TGFB3;LDHA;ALDOC;VLDLR;HDLBP;PGM1;SELENBP1;CASP6;ERRFI1;CAVIN3;PLAUR;GBE1;ANKZF1;PAM;XPNPEP1;STC1;GPI;AKAP12;EXT1;PRKCA;TMEM45A;VEGFA;MYH9;CA12;ERO1A;SLC2A5;SDC3;NAGK;EGFR;CAV1;PGK1;RRAGD;GRHPR;JUN;ZNF292;PDGFB;EFNA1;CP
KBTBD11,MSigDB_Hallmark_2020,prerank,Apical Surface,-0.376267195452086,-0.9229934008453788,0.5936920222634509,1.0,1.0,17/44,20.32%,GAS1;SCUBE1;GATA3;SRPX;CROCC;LYN;IL2RB;ATP6V0A4;LYPD3;SHROOM2;ATP8B1;NCOA6;SULF2;CRYBG1;TMEM8B;AKAP7;PCSK9
KBTBD11,MSigDB_Hallmark_2020,prerank,TNF-alpha Signaling via NF-kB,0.2985888113457063,0.9207904310006015,0.6977272727272728,1.0,1.0,68/199,21.78%,CD69;TLR2;IL15RA;IL6;TNFAIP2;LIF;RHOB;CSF1;KDM6B;CLCF1;F3;DUSP1;SGK1;MAFF;IRF1;TNFAIP3;PTX3;TRAF1;TSC22D1;MXD1;BTG2;NAMPT;IL18;SNN;TNIP1;MYC;SMAD3;NFKB1;PLAUR;EHD1;SAT1;PMEPA1;PANX1;DUSP5;DNAJB4;SPSB1;PDLIM5;PHLDA1;VEGFA;REL;TUBB2A;FUT4;CD44;KLF4;ZBTB10;TNFAIP8;IL23A;MAP3K8;JUN;PLPP3;EFNA1;GADD45A;PTPRE;BTG3;B4GALT1;SOCS3;SLC2A6;IL6ST;PTGER4;TRIB1;CCNL1;PER1;CXCL6;SERPINE1;LITAF;SLC16A6;RIPK2;MARCKS
KBTBD11,MSigDB_Hallmark_2020,prerank,IL-6/JAK/STAT3 Signaling,0.3304691563301684,0.9167862686865803,0.6351039260969977,1.0,1.0,21/87,16.78%,IL1R2;TLR2;IL15RA;IL6;PTPN1;CSF1;PF4;IRF1;TYK2;TNFRSF1B;CRLF2;TNFRSF1A;IFNGR1;IL13RA1;IL7;PTPN11;IL10RB;CD44;STAT2;MAP3K8;JUN
KBTBD11,MSigDB_Hallmark_2020,prerank,Coagulation,0.30952646897108804,0.916340062514439,0.6855791962174941,1.0,1.0,20/138,8.97%,HMGCS2;MMP10;CFI;CPQ;BMP1;TF;CTSV;MMP14;PROZ;PF4;F3;MMP3;APOA1;PROS1;MAFF;HTRA1;SH2B2;F8;F11;CAPN5
KBTBD11,MSigDB_Hallmark_2020,prerank,Hedgehog Signaling,0.37437408077142703,0.9080290086792527,0.5920502092050209,1.0,1.0,14/36,21.57%,NKX6-1;UNC5C;SLIT1;VLDLR;AMOT;VEGFA;MYH9;RTN1;ADGRG1;TLE3;PML;LDB1;CDK6;HEY1
KBTBD11,MSigDB_Hallmark_2020,prerank,Myc Targets V1,-0.30524904944897857,-0.9026314733237348,0.714527027027027,1.0,1.0,76/199,23.77%,IMPDH2;PSMA1;UBE2E1;SRPK1;EIF3D;CNBP;SNRPA;GSPT1;RRP9;STARD7;RSL1D1;PWP1;G3BP1;EXOSC7;CDK2;CDC45;CDC20;YWHAE;PSMD3;TCP1;VDAC3;XRCC6;RACK1;SNRPD3;IARS1;HNRNPA1;SNRPB2;CBX3;DDX21;PRPF31;PSMD7;KPNB1;PA2G4;NOLC1;EIF4A1;PTGES3;CUL1;PSMA2;RPL22;PSMC6;HNRNPC;RPL6;CCT5;PCBP1;HDDC2;APEX1;YWHAQ;PSMD14;HPRT1;RPS2;MCM6;TRA2B;CDK4;SMARCC1;POLD2;COX5A;PSMA4;MCM2;PCNA;EIF2S1;KARS1;BUB3;SRSF3;RPL34;CYC1;RNPS1;HNRNPR;FAM120A;ODC1;HDGF;MRPL23;NCBP1;SERBP1;RPS5;RAN;POLE3
KBTBD11,MSigDB_Hallmark_2020,prerank,Spermatogenesis,0.3057555591742899,0.902480261977302,0.7064439140811456,1.0,1.0,28/135,11.72%,DDX4;SHE;PACRG;HSPA2;MLLT10;CHFR;LDHC;LPIN1;NEFH;SYCP1;CCNA1;HSPA1L;GSG1;POMC;YBX2;STRBP;RPL39L;PSMG1;MEP1B;PIAS2;ACE;AGFG1;MTNR1A;PHF7;ELOVL3;EZH2;GMCL1;GRM8
KBTBD11,MSigDB_Hallmark_2020,prerank,Xenobiotic Metabolism,-0.29810785543722895,-0.8953021690765715,0.7868561278863233,1.0,1.0,56/199,19.97%,SERPINA6;RETSAT;GCKR;CCL25;CFB;UPB1;HRG;HACL1;PTGDS;GART;F10;ANGPTL3;TMEM176B;DCXR;TGFB2;DHRS7;HSD17B2;XDH;SLC46A3;IRF8;IL1R1;GAD1;APOE;ACOX2;ACOX3;GCH1;NPC1;DDT;POR;RAP1GAP;PTGES;CSAD;ALDH2;PTGES3;ASL;SLC12A4;TTPA;CDO1;ABCC2;SLC6A6;SLC1A5;GCLC;AP4B1;ETFDH;ABHD6;MT2A;MAN1A1;HPRT1;MCCC2;TPST1;PYCR1;FAH;NQO1;GSS;IGFBP4;MTHFD1
KBTBD11,MSigDB_Hallmark_2020,prerank,Epithelial Mesenchymal Transition,-0.2949072765476539,-0.8932577225563498,0.7750439367311072,1.0,1.0,51/200,20.24%,AREG;TNFRSF11B;COL7A1;ANPEP;FMOD;INHBA;IL32;EMP3;MXRA5;CXCL1;TPM2;IGFBP3;ABI3BP;GAS1;TIMP1;SGCG;FUCA1;ADAM12;CDH11;PLOD1;NT5E;SERPINH1;GADD45B;LAMC2;SCG2;PDGFRB;VEGFC;COL6A3;SNAI2;PLOD3;LRP1;COL11A1;MATN2;ENO2;CALU;GEM;SNTB1;BDNF;DAB2;ECM2;CD59;CXCL12;PVR;SDC4;GPC1;COPA;THBS2;IGFBP4;FERMT2;MAGEE1;TGFB1
KBTBD11,MSigDB_Hallmark_2020,prerank,Apoptosis,-0.30074409797302804,-0.8796396869918014,0.7669565217391304,1.0,1.0,44/161,18.53%,RETSAT;SQSTM1;CASP9;TIMP1;PTK2;SOD1;AIFM3;WEE1;ATF3;HGF;GADD45B;BMP2;ADD1;F2;TGFB2;SC5D;PDGFRB;IL1A;CDK2;GUCY2D;MGMT;LMNA;BAX;CASP7;GCH1;IER3;TAP1;ENO2;SATB1;PAK1;BCL10;HMGB2;PSEN2;BCL2L1;GPX1;BCL2L10;MADD;ERBB3;DNAJC3;DAP;GSN;F2R;BID;CTH
KBTBD11,MSigDB_Hallmark_2020,prerank,Reactive Oxygen Species Pathway,-0.3540763226330078,-0.8794955946716063,0.6704761904761904,1.0,1.0,24/49,26.57%,SOD1;SCAF4;PTPA;TXNRD2;HHEX;EGLN2;SBNO2;JUNB;GCLM;MSRA;GCLC;CDKN2D;NDUFB4;SRXN1;NQO1;GPX3;TXNRD1;HMOX2;ATOX1;IPCEF1;GPX4;FTL;PFKP;PRDX4
KBTBD11,MSigDB_Hallmark_2020,prerank,KRAS Signaling Up,0.279566358173201,0.8685170485742135,0.8755656108597285,1.0,1.0,52/200,16.60%,IL1RL2;MMP10;IL33;KCNN4;TPH1;MPZL2;LIF;MALL;HKDC1;TSPAN13;MAP3K1;ARG1;MAFB;FCER1G;CBX8;EMP1;CD37;TFPI;TNFAIP3;CBR4;NIN;RELN;HSD11B1;TRAF1;GNG11;AVL9;TOR1AIP2;TNFRSF1B;ACE;SPRY2;LCP1;SOX9;SCN1B;ADGRA2;SPARCL1;PTPRR;PRKG2;ANKH;H2BC3;PLAUR;AKAP12;CROT;MMD;RBM4;MYCN;ERO1A;KLF4;NGF;PLAT;PSMB8;KIF5C;CCSER2
KBTBD11,MSigDB_Hallmark_2020,prerank,Myc Targets V2,-0.3387286646295509,-0.8673296166957715,0.7121212121212122,1.0,1.0,17/57,18.78%,MAP3K6;RRP9;SLC29A2;NDUFAF4;TFB2M;TBRG4;WDR74;EXOSC5;PPAN;CBX3;PA2G4;NOLC1;RABEPK;SORD;PES1;GRWD1;CDK4
KBTBD11,MSigDB_Hallmark_2020,prerank,Interferon Gamma Response,0.2788045081246618,0.8549982574285865,0.9229024943310657,1.0,1.0,63/199,21.59%,GBP6;CD69;IRF5;OASL;IL15RA;IL6;TNFAIP2;IRF7;PTPN1;USP18;IRF2;NLRC5;BANK1;IRF1;TRIM25;TNFAIP3;RIPK1;NAMPT;C1R;MVP;PSMB10;ARID5B;NOD1;NFKB1;LGALS3BP;CD40;PSMA3;IL7;B2M;SP110;MARCHF1;MTHFD2;TRIM21;EIF2AK2;TXNIP;SRI;PLA2G4A;LATS2;HELZ2;RNF31;STAT2;LYSMD2;GPR18;PSMB8;ST8SIA4;STAT4;NUP93;HERC6;PTPN6;PARP12;PNP;SOCS3;WARS1;IDO1;STAT1;LCP2;PML;LAP3;HIF1A;RNF213;HLA-A;CD38;RIPK2
KBTBD11,MSigDB_Hallmark_2020,prerank,Oxidative Phosphorylation,-0.2864755864332804,-0.851276158871703,0.8982758620689655,1.0,1.0,69/200,22.35%,RETSAT;NDUFB7;ECHS1;TIMM10;MRPL35;ATP6AP1;COX6A1;SLC25A4;ABCB7;COX8A;IDH3G;SLC25A6;UQCRC2;VDAC3;LRPPRC;BAX;MRPS15;UQCRB;CPT1A;DLST;SLC25A11;CASP7;ATP5MF;PMPCA;MRPS12;FH;TIMM9;NDUFB6;POR;HSD17B10;PDHB;ACADVL;LDHB;TIMM13;SLC25A12;MFN2;ETFDH;GLUD1;OGDH;ATP5F1A;NDUFA5;OXA1L;ATP5MC3;MTRF1;ISCA1;ATP5PD;ATP5PB;NDUFB4;NNT;ATP1B1;NDUFA8;ACAA1;SDHC;ATP5F1E;NDUFA7;COX5A;ATP5F1D;ATP6V0B;MTX2;UQCRH;FXN;IDH3A;MRPL11;ATP6V1H;ACADSB;CYC1;NDUFS6;SURF1;ATP5ME
KBTBD11,MSigDB_Hallmark_2020,prerank,UV Response Up,-0.2897418036915731,-0.8426393104928487,0.8838821490467937,1.0,1.0,54/158,21.05%,ABCB1;PARP2;CXCL2;SQSTM1;APOM;YKT6;SPR;ATF3;BMP2;SLC25A4;RAB27A;FOSB;UROD;TST;CDK2;LYN;EIF2S3;NPTX2;JUNB;SIGMAR1;GCH1;FOS;TAP1;DDX21;WIZ;ENO2;STARD3;HLA-F;CCNE1;CDO1;ASNS;GRINA;OLFM1;PDAP1;BID;GLS;CDC34;BTG1;NXF1;PSMC3;E2F5;BAK1;ACAA1;CHRNA5;SELENOW;NTRK3;GPX3;MGAT1;POLG2;CYB5B;STIP1;ARRB2;GAL;AMD1
KBTBD11,MSigDB_Hallmark_2020,prerank,E2F Targets,0.27352441196103056,0.8413931153835752,0.9438775510204082,1.0,1.0,65/200,20.98%,PDS5B;NUP153;KIF4A;PAICS;RPA3;AK2;NASP;RFC1;RANBP1;SYNCRIP;MCM3;MMS22L;MXD3;EED;PSMC3IP;NCAPD2;NAA38;DSCC1;TACC3;MYBL2;ORC2;ORC6;TCF19;NUP205;LYAR;CHEK1;EZH2;MYC;ATAD2;GINS1;HMGB3;MTHFD2;POLD3;SHMT1;HELLS;DEK;MLH1;TUBB;USP1;SMC6;PSIP1;E2F8;MELK;HNRNPD;TFRC;UBE2T;AURKB;RRM2;SSRP1;DLGAP5;RFC3;DCTPP1;BRCA2;POP7;CKS1B;PRKDC;POLE4;IPO7;AURKA;SLBP;PMS2;DUT;XPO1;UBR7;GINS4
KBTBD11,MSigDB_Hallmark_2020,prerank,Complement,-0.27668361741807357,-0.8250939902395293,0.9505962521294719,1.0,1.0,34/200,13.31%,SRC;F7;F5;CTSS;TMPRSS6;CXCL1;CFB;CASP9;SIRT6;TIMP1;CR1;WAS;GATA3;APOBEC3G;F10;ADRA2B;CALM3;F2;CTSB;ITGAM;STX4;LYN;DOCK9;KCNIP2;RCE1;PLSCR1;LRP1;LCK;PIK3R5;GNB4;PHEX;CASP7;KLK1;CSRP1
KBTBD11,MSigDB_Hallmark_2020,prerank,Wnt-beta Catenin Signaling,0.32656381929774403,0.8225799705886626,0.7755555555555556,1.0,1.0,10/42,16.27%,DKK1;WNT5B;NOTCH4;TCF7;DVL2;PPARD;MYC;CTNNB1;KAT2A;HDAC2
KBTBD11,MSigDB_Hallmark_2020,prerank,PI3K/AKT/mTOR  Signaling,-0.2933070992026401,-0.8185244164486208,0.8822495606326889,1.0,1.0,37/105,21.20%,PRKAR2A;SQSTM1;IRAK4;AKT1S1;TRIB3;CDK2;GNA14;FGF22;NCK1;LCK;PIN1;TSC2;HSP90B1;MKNK1;PDK1;MAP2K3;PRKCB;RIT1;RALB;ITPR2;CFL1;ECSIT;AP2M1;SFN;THEM4;CDK4;ATF1;E2F1;UBE2D3;NFKBIB;PRKAG1;CAB39;MKNK2;ACTR2;YWHAB;PPP1CA;PIKFYVE
KBTBD11,MSigDB_Hallmark_2020,prerank,heme Metabolism,-0.2669095344633117,-0.8120588416910539,0.9889908256880734,1.0,1.0,67/199,23.03%,HBQ1;CLIC2;GYPB;HBZ;TFDP2;TENT5C;ADD1;CLCN3;PPOX;TNRC6B;EPOR;CTSB;UROD;PIGQ;OPTN;TRIM58;KDM7A;GCLM;XK;CCDC28A;ACSL6;PSMD9;ALDH1L1;OSBP2;MAP2K3;RHD;RAP1GAP;GYPC;EIF2AK1;BCAM;MKRN1;NR3C1;SLC30A10;CTNS;CROCCP2;EPB41;ASNS;MPP1;EZH1;CDR2;GCLC;YPEL5;ERMAP;BLVRA;ANK1;ISCA1;MFHAS1;MBOAT2;XPO7;NNT;UBAC1;SEC14L1;ATP6V0A1;DAAM1;SLC7A11;SNCA;SPTB;KEL;SLC22A4;IGSF3;TOP1;CDC27;LRP10;LPIN2;GAPVD1;HTATIP2;HDGF
KBTBD11,MSigDB_Hallmark_2020,prerank,Adipogenesis,0.2593941643404617,0.803300111073858,0.9925742574257426,1.0,1.0,66/200,20.63%,REEP6;SQOR;NABP1;SORBS1;ACADS;PTGER3;AK2;ETFB;BCKDHA;LIPE;SLC27A1;ADCY6;DNAJB9;GPD2;ARAF;SNCG;DHCR7;PGM1;LIFR;NKIRAS1;RTN3;SPARCL1;FZD4;GHITM;UQCR10;IFNGR1;ECH1;UBQLN1;MYLK;UCK1;CPT2;RIOK3;SLC66A3;TOB1;GBE1;CD302;DGAT1;DECR1;G3BP2;ESRRA;PHLDB1;SLC5A6;REEP5;AIFM1;NDUFS3;HADH;CAT;PREB;ACO2;VEGFB;DBT;COQ5;GADD45A;LPL;LEP;BAZ2A;UQCR11;COL15A1;UBC;HIBCH;NDUFAB1;ENPP2;DLAT;SCP2;APLP2;DNAJC15
KBTBD11,MSigDB_Hallmark_2020,prerank,Glycolysis,-0.26200501152692435,-0.7867800216360548,1.0,1.0,1.0,64/199,22.09%,TGFA;B3GNT3;IGFBP3;SOD1;CHPF2;NOL3;PLOD1;IRS2;NT5E;NDST3;ARTN;GALK1;PKM;MED24;B4GALT4;GALE;AGRN;LHPP;ADORA2B;NDUFV3;NANP;MPI;RBCK1;AK4;EFNA3;ENO1;IER3;HMMR;GMPPA;ENO2;GUSB;PGAM1;DDIT4;SLC37A4;PGM2;EXT2;B3GAT3;CHST2;SLC35A3;STC2;GOT1;GCLC;PAXIP1;ALG1;PRPS1;SLC25A10;COG2;CTH;TPST1;CITED2;AK3;POLR3K;SDHC;GPC1;B4GALT7;PPFIA4;B3GALT6;B4GALT2;KDELR3;ELF3;ME1;TGFBI;PHKA2;DEPDC1
KBTBD11,MSigDB_Hallmark_2020,prerank,Apical Junction,0.24986287692159243,0.7734296658889999,1.0,1.0,1.0,60/198,20.70%,ICAM2;SYMPK;BMP1;MPZL2;EPB41L2;MAPK11;TRO;CALB2;CLDN11;ITGA10;ATP1A3;COL16A1;RHOF;TRAF1;ITGB1;PIK3R3;ACTN4;MAPK13;SORBS3;ADAM23;AKT3;FLNC;NRXN2;GNAI2;DSC3;PARD6G;MAP4K2;LDLRAP1;DLG1;CAP1;IRS1;CLDN4;HRAS;KCNH2;MYH9;ADAMTS5;NLGN2;HADH;SDC3;ACTN3;SHC1;EGFR;INSIG1;DHX16;INPPL1;CDK8;RSU1;MYL12B;TAOK2;B4GALT1;CLDN5;CX3CL1;PFN1;ARPC2;JUP;NF2;MYL9;CNTN1;SKAP2;MVD
KBTBD11,MSigDB_Hallmark_2020,prerank,Estrogen Response Late,-0.2585027749622511,-0.7698013151744493,0.9964973730297724,1.0,1.0,49/197,18.84%,AREG;SLC27A2;MOCS2;CPE;PLAC1;STIL;DNAJC12;PGR;KLK10;ARL3;FRK;LAMC2;GPER1;PRKAR2B;PKP3;DCXR;SCNN1A;FARP1;MYB;TST;GALE;CDC20;UNC13B;ACOX2;ASS1;MAPT;FOS;SLC24A3;SLC1A4;PTGES;LLGL2;RNASEH2A;OVOL2;RAPGEFL1;NAB2;OLFM1;SLC26A2;FGFR3;SORD;RAB31;SFN;SOX3;HPRT1;IL17RB;JAK1;PLXNB1;MDK;CXCL12;NMU
KBTBD11,MSigDB_Hallmark_2020,prerank,DNA Repair,-0.25989789284117903,-0.7537052770087751,0.9965095986038395,1.0,1.0,40/149,19.37%,POLL;IMPDH2;POLR1D;POLR2J;TSG101;CMPK2;TAF1C;POLR2I;GTF2A2;CANT1;SMAD5;VPS37B;POLR1C;TARBP2;ELL;POLR2A;SUPT4H1;GSDME;TP53;DAD1;NT5C;BCAM;POLR2E;APRT;GTF2B;POLR2K;NME4;PDE6G;TAF6;ARL6IP1;ERCC3;DDB1;TAF13;HPRT1;POLD1;SNAPC5;AGO4;MRPL40;AK1;AK3
KBTBD11,MSigDB_Hallmark_2020,prerank,G2-M Checkpoint,-0.24840059298071795,-0.7468707865217747,1.0,1.0,1.0,65/199,22.03%,CHMP1A;STIL;MTF2;GSPT1;SRSF10;G3BP1;ODF2;EGF;ILF3;TMPO;CTCF;CDC45;CDC20;BUB1;UBE2C;RACGAP1;PBK;HMGA1;BARD1;CENPF;HMMR;KPNB1;NOLC1;MKI67;CUL1;PAFAH1B1;PRPF4B;TTK;UPF1;PRIM2;CENPE;WRN;EWSR1;MAP3K20;BCL3;HUS1;MT2A;FANCC;E2F4;MCM6;CUL5;ESPL1;HSPA8;TRA2B;CDK4;SMARCC1;NSD2;E2F1;SMC1A;DDX39A;HMGN2;JPT1;TGFB1;ATF5;MCM2;BUB3;AMD1;MNAT1;PTTG1;CCNF;SLC12A2;NUMA1;CUL4A;TOP1;CDC27
KBTBD11,MSigDB_Hallmark_2020,prerank,IL-2/STAT5 Signaling,0.24130469602893573,0.7457103643898695,1.0,1.0,1.0,63/197,23.64%,IL1R2;SHE;TLR7;LIF;RHOB;SPRED2;MAPKAPK2;CSF1;HK2;EMP1;MAFF;TRAF1;TNFRSF18;MXD1;TNFRSF1B;SNX9;NFKBIZ;AHCY;SH3BGRL2;LRRC8C;IRF6;PRNP;TWSG1;IFNGR1;MYC;CDC6;PRAF2;PTRH2;GALM;LRIG1;PHLDA1;LCLAT1;CD44;FLT3LG;MAP3K8;RRAGD;PDCD2L;ITGA6;IL18R1;CD79B;ETFBKMT;PNP;PTGER2;CCND3;TNFRSF8;CD48;SCN9A;GABARAPL1;CTSZ;SLC39A8;CYFIP1;DCPS;HIPK2;SYT11;SPP1;IGF2R;IGF1R;CKAP4;RABGAP1L;ANXA4;NFIL3;IFITM3;NOP2
KBTBD11,MSigDB_Hallmark_2020,prerank,mTORC1 Signaling,-0.24399890104654207,-0.7298810027023812,1.0,1.0,1.0,64/199,22.05%,ITGB2;CFP;SQSTM1;YKT6;FKBP2;SERPINH1;TRIB3;IFI30;RRP9;SC5D;SYTL2;PPP1R15A;BUB1;NIBAN1;AK4;HSP90B1;ENO1;GAPDH;PSAT1;SLC1A4;PDK1;PITPNB;MAP2K3;RIT1;PNO1;DDIT4;SLC37A4;PSMC6;POLR3G;RPA1;SLC6A6;ASNS;SLC1A5;CYP51A1;GOT1;GCLC;IGFBP5;PSMD14;SORD;DHFR;HPRT1;PDAP1;CTH;UBE2D3;NFKBIB;DDX39A;PSMA4;SLC7A11;ARPC5L;ACTR2;PSME3;SLC2A3;MCM2;CYB5B;SEC11A;STIP1;SHMT2;GTF2H1;CCNF;TXNRD1;ME1;M6PR;TUBG1;CACYBP
KBTBD11,MSigDB_Hallmark_2020,prerank,Mitotic Spindle,0.2343622926093273,0.7241029646546729,1.0,0.989352798958527,1.0,80/199,25.37%,EPB41L2;TUBA4A;TLK1;CCDC88A;RANBP9;PLEKHG2;MID1;KIF4A;RHOF;RFC1;NIN;LLGL1;MAPRE1;RAB3GAP1;ACTN4;HDAC6;KNTC1;ABL1;MYO9B;BCL2L11;BIN1;CDC42EP2;NDC80;STAU1;CLIP1;EZR;CDK5RAP2;NOTCH2;DLG1;FBXO5;MID1IP1;ARHGEF12;ROCK1;KIF23;RAPGEF5;PDLIM5;KIFAP3;MYH9;KATNB1;PIF1;FLNA;DLGAP5;BRCA2;CTTN;ALS2;TAOK2;CENPJ;ARHGAP10;ARL8A;ARAP3;CEP72;NEK2;DST;AURKA;FLNB;SPTAN1;PCM1;INCENP;BCAR1;CEP57;KIF5B;MARCKS;SASS6;CEP250;SMC4;TUBGCP2;ARHGEF2;CEP192;ARHGAP29;RHOT2;ARHGDIA;ABI1;KIF22;KLC1;DOCK2;APC;CAPZB;TOP2A;RABGAP1;RASAL2
KBTBD11,MSigDB_Hallmark_2020,prerank,Pperoxisome,-0.2581036317716228,-0.7176868186904563,0.9964664310954063,1.0,1.0,22/104,19.84%,SERPINA6;ABCB1;SLC27A2;RETSAT;SOD1;CNBP;NR1I2;IDE;SLC25A4;EPHX2;PRDX5;ISOC1;DHRS3;BCL10;HSD17B4;ERCC3;CRAT;YWHAH;SMARCC1;ACAA1;FDPS;SLC25A19
KBTBD11,MSigDB_Hallmark_2020,prerank,TGF-beta Signaling,-0.28395836405856806,-0.7135704852118315,0.9637023593466425,1.0,1.0,18/54,23.99%,BMPR2;FNTA;BMP2;PPP1R15A;SPTBN1;SMAD6;JUNB;KLF10;BCAR3;ENG;RAB31;WWTR1;UBE2D3;TGFB1;PPP1CA;FURIN;CDH1;PPM1A
KBTBD11,MSigDB_Hallmark_2020,prerank,Angiogenesis,-0.29164095229900555,-0.6929238228399245,0.97131931166348,1.0,1.0,7/36,15.05%,JAG2;TIMP1;PTK2;APOH;TNFRSF21;JAG1;S100A4
KBTBD11,MSigDB_Hallmark_2020,prerank,Cholesterol Homeostasis,-0.2519949470385409,-0.6630311334072049,1.0,1.0,1.0,27/74,26.22%,CPEB2;ATF3;TRIB3;SC5D;PLSCR1;STX5;NIBAN1;MVK;JAG1;GUSB;FBXO6;ANXA5;CYP51A1;PMVK;PNRC1;FDPS;ATF5;ANTXR2;SREBF2;HMGCS1;FDFT1;TNFRSF12A;ATXN2;LGALS3;ALCAM;TMEM97;FADS2
KBTBD11,MSigDB_Hallmark_2020,prerank,Notch Signaling,-0.2692137996501163,-0.621714521319777,0.9946428571428572,0.9994033412887828,1.0,13/32,23.22%,FZD1;NOTCH1;APH1A;JAG1;ST3GAL6;CUL1;PSEN2;SKP1;DTX1;HES1;NOTCH3;DTX4;ARRB1
KBTBD11,GO_Biological_Process_2023,prerank,Defense Response To Fungus (GO:0050832),-0.8506869192464417,-1.9638179668938822,0.0,0.010376961788364239,0.008,8/29,13.26%,DEFB119;DEFB135;CLEC4C;RARRES2;CLEC6A;NLRP10;CLEC4A;GAPDH
KBTBD11,GO_Biological_Process_2023,prerank,Cellular Glucuronidation (GO:0052695),0.975732711232671,1.9439485966241241,0.0,0.008116714533742232,0.016,1/15,2.43%,UGT1A8
KBTBD11,GO_Biological_Process_2023,prerank,Glucuronate Metabolic Process (GO:0019585),0.975732711232671,1.9439485966241241,0.0,0.008116714533742232,0.016,1/15,2.43%,UGT1A8
KBTBD11,GO_Biological_Process_2023,prerank,Antifungal Innate Immune Response (GO:0061760),-0.8925363683604746,-1.8064492805632881,0.0,0.2557921080831785,0.276,5/16,5.43%,DEFB119;DEFB135;CLEC4C;RARRES2;CLEC6A
KBTBD11,GO_Biological_Process_2023,prerank,Keratinocyte Differentiation (GO:0030216),-0.7445840648698068,-1.800295025197618,0.0,0.18955250200078674,0.303,2/42,3.00%,IVL;CERS3
KBTBD11,GO_Biological_Process_2023,prerank,Peptide Cross-Linking (GO:0018149),-0.8011527693632964,-1.7978818789117734,0.0018181818181818182,0.1476122814394813,0.308,2/27,1.16%,IVL;F13A1
KBTBD11,GO_Biological_Process_2023,prerank,Skin Development (GO:0043588),-0.6413433265919198,-1.6952551116362489,0.0017793594306049821,0.6222026288303197,0.873,2/68,3.00%,IVL;CERS3
KBTBD11,GO_Biological_Process_2023,prerank,Epidermal Cell Differentiation (GO:0009913),-0.6529485842930113,-1.6468378973527433,0.0,0.9903080533362271,0.972,6/54,8.96%,IVL;CERS3;OVOL1;GLI1;OVOL3;USH2A
KBTBD11,GO_Biological_Process_2023,prerank,Positive Regulation Of Interferon-Alpha Production (GO:0032727),0.764448084848945,1.6281210361734493,0.015350877192982455,1.0,0.997,4/21,3.01%,IRF5;NMBR;TLR7;IRF7
KBTBD11,GO_Biological_Process_2023,prerank,Positive Regulation Of Phosphoprotein Phosphatase Activity (GO:0032516),-0.7819899876230103,-1.5998833987829353,0.00718132854578097,1.0,0.997,8/18,10.81%,CD33;PPP1R14D;PTPA;CALM2;CALM3;PDGFRB;PPP1R15A;CD300A
KBTBD11,GO_Biological_Process_2023,prerank,Response To UV-B (GO:0010224),-0.7951543997028389,-1.5676279555708206,0.02119460500963391,1.0,1.0,1/16,0.01%,IVL
KBTBD11,GO_Biological_Process_2023,prerank,Positive Regulation Of Chemokine Production (GO:0032722),0.609196052549024,1.5630035076724142,0.016166281755196306,1.0,1.0,13/53,16.08%,TWIST1;TLR2;IL33;IL6;TLR7;TSLP;AZU1;LCP1;IL18;IL7;EIF2AK2;WNT5A;TIRAP
KBTBD11,GO_Biological_Process_2023,prerank,Metanephros Development (GO:0001656),-0.698230590158047,-1.557581588671666,0.009615384615384616,1.0,1.0,6/25,13.80%,PAX2;GDF6;FGF8;SIX1;PKD2;CITED1
KBTBD11,GO_Biological_Process_2023,prerank,Detection Of Chemical Stimulus Involved In Sensory Perception (GO:0050907),-0.5453336609628163,-1.519564607329085,0.003669724770642202,1.0,1.0,8/114,8.59%,OR1R1P;OR5V1;OR2AG1;PKD2L1;OR2A42;OR6B1;OR2F1;OR2A5
KBTBD11,GO_Biological_Process_2023,prerank,Regulation Of Steroid Biosynthetic Process (GO:0050810),-0.7528848932669412,-1.5183640806367642,0.033707865168539325,1.0,1.0,4/16,6.81%,NR1H4;WNT4;SIRT1;BMP2
KBTBD11,GO_Biological_Process_2023,prerank,Spermatid Development (GO:0007286),-0.589494528292352,-1.5177687159554003,0.010810810810810811,1.0,1.0,12/53,8.69%,PRM2;SPINK2;SPATA16;TTC21A;CCDC42;JAM2;SPACDR;SOX30;ING2;KAT5;CDYL;ZMYND15
KBTBD11,GO_Biological_Process_2023,prerank,Regulation Of Systemic Arterial Blood Pressure By Hormone (GO:0001990),0.7476994521479069,1.50404770475952,0.03966597077244259,1.0,1.0,3/15,10.21%,AVPR1B;NOS3;RASL10B
KBTBD11,GO_Biological_Process_2023,prerank,Antibacterial Humoral Response (GO:0019731),0.5959151811194815,1.502596219678155,0.011389521640091117,1.0,1.0,9/45,21.44%,WFDC13;F3;WFDC2;H2BC21;H2BC12;H2BC11;FAU;H2BC8;HLA-A
KBTBD11,GO_Biological_Process_2023,prerank,Regulation Of Interferon-Alpha Production (GO:0032647),0.6590303461911163,1.5017590075198337,0.02748414376321353,1.0,1.0,4/26,3.01%,IRF5;NMBR;TLR7;IRF7
KBTBD11,GO_Biological_Process_2023,prerank,Positive Regulation Of Immune Response (GO:0050778),-0.5610993134088745,-1.4865969443608231,0.009041591320072333,1.0,1.0,30/80,20.90%,C6;SH2D1B;IFNK;IL23R;ITGB2;CFP;CD177;SIRT1;TGFB2;ITGAM;STX4;CD81;NOD2;PLSCR1;HLA-DMB;CD1D;SKAP1;MYO1C;CD74;GSDME;POLR3B;EIF2AK4;POLR3G;RNF185;TRIM56;HLA-DRB1;ZP3;DHX9;KARS1;POLR3D
KBTBD11,GO_Biological_Process_2023,prerank,Regulation Of B Cell Activation (GO:0050864),0.6585469056210962,1.467928295717694,0.054945054945054944,1.0,1.0,7/25,11.20%,IL6;CD19;IL4I1;BANK1;TNFAIP3;SH3KBP1;THEMIS2
KBTBD11,GO_Biological_Process_2023,prerank,Neutrophil Migration (GO:1990266),-0.547472084559863,-1.4506923494798247,0.01967799642218247,1.0,1.0,10/75,9.66%,CXCL13;ITGB2;CXCL2;CCL25;CXCL1;CD177;IRAK4;XCL1;TGFB2;CXCR2
KBTBD11,GO_Biological_Process_2023,prerank,Cellular Response To Sterol (GO:0036315),0.7130426041042888,1.4435719766115862,0.060215053763440864,1.0,1.0,4/15,2.65%,RORC;OSBPL7;GRAMD1C;DYNAP
KBTBD11,GO_Biological_Process_2023,prerank,T Cell Migration (GO:0072678),0.7087240341730848,1.4418092392338173,0.07114624505928854,1.0,1.0,3/16,2.96%,CCR6;MYO1G;S1PR1
KBTBD11,GO_Biological_Process_2023,prerank,Eosinophil Chemotaxis (GO:0048245),-0.6756524808194662,-1.4402999667799965,0.04710144927536232,1.0,1.0,2/22,5.40%,CCL25;XCL1
KBTBD11,GO_Biological_Process_2023,prerank,Eosinophil Migration (GO:0072677),-0.6756524808194662,-1.4402999667799965,0.04710144927536232,1.0,1.0,2/22,5.40%,CCL25;XCL1
KBTBD11,GO_Biological_Process_2023,prerank,Regulation Of Calcium Ion Transmembrane Transporter Activity (GO:1901019),-0.6209796212989998,-1.4400796139010303,0.04483430799220273,1.0,1.0,9/32,11.53%,S100G;STRIT1;CACNB3;PLN;CALM2;JPH4;CAV3;YWHAE;HRC
KBTBD11,GO_Biological_Process_2023,prerank,Sulfation (GO:0051923),-0.7441645660412456,-1.4374338405371783,0.05474452554744526,1.0,1.0,7/16,16.50%,SULT1B1;CHST5;SULT4A1;SULT1C4;SULT6B1;SULT1C2;UST
KBTBD11,GO_Biological_Process_2023,prerank,Response To Exogenous dsRNA (GO:0043330),-0.6422735219048201,-1.4366269876561617,0.056466302367941715,1.0,1.0,9/27,20.62%,IFNK;TICAM1;ZCCHC3;MUL1;TICAM2;RALB;COLEC12;SLC3A2;DHX9
KBTBD11,GO_Biological_Process_2023,prerank,Lymphocyte Chemotaxis (GO:0048247),-0.5931052657849313,-1.4305559127622454,0.03723404255319149,1.0,1.0,4/41,7.94%,CXCL13;CCL25;XCL1;MSMP
KBTBD11,GO_Biological_Process_2023,prerank,Autonomic Nervous System Development (GO:0048483),-0.7135164824568718,-1.4301670496712435,0.06741573033707865,1.0,1.0,7/16,21.46%,SOX10;GATA3;NTRK1;SEMA3A;PHACTR4;SOX4;SOX8
KBTBD11,GO_Biological_Process_2023,prerank,Sensory Perception Of Pain (GO:0019233),-0.6793681440770595,-1.428132575252842,0.04672897196261682,1.0,1.0,11/20,19.69%,CHRNB2;OPRM1;KCNK4;OPRK1;CHRNA4;P2RX7;PROK2;PTGES;RETREG1;P2RX4;MME
KBTBD11,GO_Biological_Process_2023,prerank,Regulation Of Chemokine Production (GO:0032642),0.5764696544963216,1.426564709827859,0.05357142857142857,1.0,1.0,10/41,13.09%,TLR2;IL33;IL6;LILRB4;TLR7;TSLP;LCP1;IL18;IL7;EIF2AK2
KBTBD11,GO_Biological_Process_2023,prerank,Detection Of Chemical Stimulus Involved In Sensory Perception Of Smell (GO:0050911),-0.5101352422295102,-1.4228152900810518,0.0108499095840868,1.0,1.0,7/112,8.59%,OR1R1P;OR5V1;OR2AG1;OR2A42;OR6B1;OR2F1;OR2A5
KBTBD11,GO_Biological_Process_2023,prerank,Neutrophil Chemotaxis (GO:0030593),-0.542120114653468,-1.4135500277851158,0.029197080291970802,1.0,1.0,8/68,9.66%,CXCL13;ITGB2;CXCL2;CCL25;CXCL1;XCL1;TGFB2;CXCR2
KBTBD11,GO_Biological_Process_2023,prerank,Limb Morphogenesis (GO:0035108),-0.6805210343681372,-1.4133600575386707,0.055762081784386616,1.0,1.0,4/20,8.64%,TBX3;FGF8;TGFB2;PCSK5
KBTBD11,GO_Biological_Process_2023,prerank,Negative Regulation Of Nervous System Development (GO:0051961),0.6731452954281848,1.4009588950368033,0.06621004566210045,1.0,1.0,7/18,13.37%,TLR2;IL6;SLIT1;REST;ELAPOR2;B2M;DYNLT1
KBTBD11,GO_Biological_Process_2023,prerank,Peptide Antigen Assembly With MHC Protein Complex (GO:0002501),-0.7095505285956543,-1.3991290636292928,0.07088122605363985,1.0,1.0,9/16,22.87%,PDIA3;TAPBPL;TAPBP;HLA-DPA1;HLA-DMB;HLA-DMA;HLA-DRB1;GNAO1;HLA-DRA
KBTBD11,GO_Biological_Process_2023,prerank,Natural Killer Cell Activation (GO:0030101),-0.5939656761931799,-1.3943904549228323,0.06727272727272728,1.0,1.0,5/36,12.11%,IFNK;KLRK1;ULBP3;IL2RB;ELF4
KBTBD11,GO_Biological_Process_2023,prerank,Regulation Of Glucose Transmembrane Transport (GO:0010827),0.6783060475655901,1.3903753864151347,0.09188034188034189,1.0,1.0,3/17,8.74%,RSC1A1;C2CD5;C1QTNF12
KBTBD11,GO_Biological_Process_2023,prerank,Regulation Of Mitochondrial Outer Membrane Permeabilization Involved In Apoptotic Signaling Pathway (GO:1901028),-0.6764247182206582,-1.3893988655908094,0.07678883071553229,1.0,1.0,10/18,19.19%,TMEM102;SLC25A4;MUL1;FZD9;SLC25A6;HIP1R;CHCHD10;ZNF205;GSK3A;BAK1
KBTBD11,GO_Biological_Process_2023,prerank,Granulocyte Chemotaxis (GO:0071621),-0.5280560407905749,-1.38626853928548,0.03636363636363636,1.0,1.0,8/71,9.66%,CXCL13;ITGB2;CXCL2;CCL25;CXCL1;XCL1;TGFB2;CXCR2
KBTBD11,GO_Biological_Process_2023,prerank,Neuromuscular Junction Development (GO:0007528),-0.6387729141639402,-1.384989459583708,0.07564575645756458,1.0,1.0,9/24,18.36%,DOK7;CACNB3;LRP4;LRRK2;NEDD4;ZC4H2;UNC13B;F2R;PPFIBP1
KBTBD11,GO_Biological_Process_2023,prerank,Positive Regulation Of Leukocyte Mediated Cytotoxicity (GO:0001912),-0.5501284216454816,-1.3828745122777886,0.0456140350877193,1.0,1.0,21/51,24.24%,RAET1E;IL23R;KLRK1;ULBP3;XCL1;NOS2;HFE;ITGAM;CD1D;HLA-F;HLA-DRB1;HLA-B;HLA-E;PVR;HLA-C;HLA-G;UXT;HLA-DRA;NECTIN2;CADM1;MICB
KBTBD11,GO_Biological_Process_2023,prerank,Sensory Perception (GO:0007600),-0.5536281645625855,-1.3820557675377971,0.04528985507246377,1.0,1.0,18/50,19.69%,OR3A2;CHRNB2;OPRM1;KCNK4;TTC8;ASIC3;PENK;USH2A;OPRK1;CHRNA4;P2RX7;C5AR1;PROK2;PTGES;RETREG1;USH1C;P2RX4;MME
KBTBD11,GO_Biological_Process_2023,prerank,Blood Vessel Endothelial Cell Migration (GO:0043534),0.6361605238410485,1.3802587415064838,0.07724425887265135,1.0,1.0,13/22,20.00%,SOX18;GREM1;PIK3R3;ROBO1;EFNB2;VEGFA;MYH9;ID1;MIA3;KDR;FGF2;AKT1;GPLD1
KBTBD11,GO_Biological_Process_2023,prerank,Negative Regulation Of Protein Localization To Cell Periphery (GO:1904376),0.6349315713120355,1.3744344333001577,0.08602150537634409,1.0,1.0,4/20,9.97%,RSC1A1;PID1;SAPCD2;PPP2R5A
KBTBD11,GO_Biological_Process_2023,prerank,Phospholipase C-activating G Protein-Coupled Receptor Signaling Pathway (GO:0007200),-0.5051169020517693,-1.369386158244378,0.04285714285714286,1.0,1.0,27/82,18.28%,GPR20;AGT;FPR1;GPR83;C3AR1;OPRM1;CALCA;GPR139;F2RL2;FPR3;GNAQ;CHRM2;CXCR2;P2RY8;LHCGR;OPRK1;GNA14;DRD3;DHX8;HTR2B;C5AR1;GNA11;LPAR6;LTB4R;ADRA1D;ANO1;F2R
KBTBD11,GO_Biological_Process_2023,prerank,Mitochondrial Calcium Ion Homeostasis (GO:0051560),0.6394080020315136,1.3663240922350817,0.0935412026726058,1.0,1.0,11/20,19.70%,ATP2A1;PDZD8;SLC8A3;MICU1;LETM1;MCUR1;ANXA6;MCU;MICU2;RAP1GDS1;MCUB
KBTBD11,GO_Biological_Process_2023,prerank,Positive Regulation Of Cardiac Muscle Hypertrophy (GO:0010613),0.6725349783468413,1.3641867722078023,0.09492273730684327,1.0,1.0,8/17,19.60%,PARP1;TRPC3;AKAP6;MEF2A;ROCK1;PRKCA;IGF1;IL6ST
KBTBD11,GO_Biological_Process_2023,prerank,Negative Regulation Of Cell Projection Organization (GO:0031345),0.5298939802193484,1.3574698725728878,0.03953488372093023,1.0,1.0,23/50,17.21%,TNR;RTN4RL1;RTN4R;SPOCK1;GAK;STX1B;ADCY6;SPRY2;PTPRS;LPAR1;PRNP;STMN2;PRAG1;CBFA2T2;PAQR3;TRPV4;EFNB2;DCC;KANK1;FYN;HDAC2;MINAR1;GORASP1
KBTBD11,GO_Biological_Process_2023,prerank,3'-UTR-mediated mRNA Destabilization (GO:0061158),-0.6800992638617631,-1.3566113695387936,0.09363295880149813,1.0,1.0,8/15,16.10%,PLEKHN1;ZC3H12D;DND1;RC3H1;ZC3H12A;KHSRP;UPF1;MOV10
KBTBD11,GO_Biological_Process_2023,prerank,Sulfur Amino Acid Metabolic Process (GO:0000096),-0.6777255001551967,-1.355065623937826,0.11413043478260869,1.0,1.0,11/17,22.45%,MTHFR;TST;MSRA;DPEP1;CPS1;CDO1;GCLC;CTH;MPST;MTHFD1;MMUT
KBTBD11,GO_Biological_Process_2023,prerank,Positive Regulation Of Response To Biotic Stimulus (GO:0002833),-0.5616715584212404,-1.350411042585713,0.06691449814126393,1.0,1.0,14/41,16.70%,SH2D1B;IFNK;LY96;PLSCR1;NLRP10;CYBA;CD1D;EMILIN1;MYO1C;POLR3B;POLR3G;BMP6;RNF185;TRIM56
KBTBD11,GO_Biological_Process_2023,prerank,Neural Crest Cell Differentiation (GO:0014033),-0.6660886739375207,-1.3483150433649267,0.09568480300187618,1.0,1.0,11/18,22.08%,KBTBD8;SNAI2;HTR2B;LRP6;NOLC1;PEF1;PDCD6;MEF2C;KLHL12;SOX8;FBXL17
KBTBD11,GO_Biological_Process_2023,prerank,Cellular Response To Copper Ion (GO:0071280),0.6382825580777081,1.3454280363459987,0.10062893081761007,1.0,1.0,6/18,15.28%,MT1A;HSF1;MT1M;PRNP;MT1F;DAXX
KBTBD11,GO_Biological_Process_2023,prerank,Negative Regulation Of Protein Localization To Membrane (GO:1905476),0.5967730580976441,1.343562647439567,0.09213483146067415,1.0,1.0,2/25,4.34%,RSC1A1;PID1
KBTBD11,GO_Biological_Process_2023,prerank,Regulation Of T Cell Mediated Cytotoxicity (GO:0001914),-0.5716629531317562,-1.3399788122193712,0.08131487889273356,1.0,1.0,14/36,24.24%,RAET1E;IL23R;ULBP3;XCL1;HFE;CD1D;HLA-F;HLA-DRB1;HLA-B;HLA-E;HLA-C;HLA-G;HLA-DRA;MICB
KBTBD11,GO_Biological_Process_2023,prerank,Positive Regulation Of Epidermal Growth Factor Receptor Signaling Pathway (GO:0045742),-0.57926531483826,-1.3371415595484928,0.09792843691148775,1.0,1.0,15/33,18.56%,AREG;AGT;TGFA;MMP9;NEU3;GPER1;EGF;HIP1R;BCAR3;RALB;NUP62;PDE6G;APEX1;CNOT9;FBXW7
KBTBD11,GO_Biological_Process_2023,prerank,Sensory Perception Of Smell (GO:0007608),-0.45096349508115646,-1.336551495539225,0.017513134851138354,1.0,1.0,9/176,8.59%,OR1R1P;OR5V1;OR2AG1;OR2A42;OR6B1;CNGB1;OR2F1;OR52A5;OR2A5
KBTBD11,GO_Biological_Process_2023,prerank,Regulation Of Protein Dephosphorylation (GO:0035304),-0.5503978239256275,-1.3336427544996705,0.08118081180811808,1.0,1.0,16/39,21.48%,PTPA;CALM2;SMPD1;ENSA;CALM3;HTT;PPP6R2;PPP1R15A;PIN1;PPP1R7;HSP90B1;TIPRL;MFHAS1;TGFB1;YWHAB;PPP1R16B
KBTBD11,GO_Biological_Process_2023,prerank,Neuron Projection Organization (GO:0106027),0.6616597459704154,1.3307704101435718,0.13544018058690746,1.0,1.0,10/16,20.43%,ATP1A3;MAP1A;ARF1;PRNP;CHRNA7;GSK3B;LGMN;KIFBP;DCTN1;INSR
KBTBD11,GO_Biological_Process_2023,prerank,Lipid Modification (GO:0030258),-0.5519286031223677,-1.3305665896255656,0.05783582089552239,1.0,1.0,20/42,20.99%,ALOX5;PLPP4;CYP2C8;CYP4A22;DGKI;MBOAT7;DGKK;MBOAT4;EPHX2;PLPPR5;SGPP2;PLPP2;ALOX12B;PLA2G7;PLPP5;CYP3A5;DGKE;MBOAT2;DGKA;DGKQ
KBTBD11,GO_Biological_Process_2023,prerank,Branching Involved In Ureteric Bud Morphogenesis (GO:0001658),-0.6446767014580703,-1.3291424806960563,0.1303538175046555,1.0,1.0,6/18,13.80%,PAX2;FGF1;NPNT;SIX1;PKD2;CITED1
KBTBD11,GO_Biological_Process_2023,prerank,Regulation Of Calcium-Mediated Signaling (GO:0050848),-0.5791009237401038,-1.3253668106393695,0.10436432637571158,1.0,1.0,12/30,21.00%,P2RX2;CALM2;SLA2;HTT;LRRK2;TMBIM4;P2RX3;MAPT;RIT2;CDH13;P2RX4;ITPR1
KBTBD11,GO_Biological_Process_2023,prerank,Regulation Of Calcium Ion Transport (GO:0051924),-0.5204169233079634,-1.3250034384859937,0.05938697318007663,1.0,1.0,21/56,19.30%,CD33;PLPP4;PLN;GRIN3B;CAV3;ORAI1;SARAF;ATP2B1;EGF;CACNA1D;HRC;CRACR2A;PKD2;GRAMD2A;EPB41;TRPC6;HOMER3;STIM1;NOS1;F2R;P2RX4
KBTBD11,GO_Biological_Process_2023,prerank,Negative Regulation Of Protein Localization To Plasma Membrane (GO:1903077),0.6181609459925238,1.3236433864903303,0.10480349344978165,1.0,1.0,2/20,4.34%,RSC1A1;PID1
KBTBD11,GO_Biological_Process_2023,prerank,Neuropeptide Signaling Pathway (GO:0007218),-0.5064507006717697,-1.3214673222237159,0.058823529411764705,1.0,1.0,22/67,20.96%,PPY;MCHR1;SSTR3;MCHR2;GPR83;CPE;OPRM1;SSTR1;NTSR1;PENK;HCRTR1;NXPH4;OPRK1;NXPH3;GPR37;LTB4R;SORCS3;NMU;RAPGEF2;SSTR2;GAL;SORT1
KBTBD11,GO_Biological_Process_2023,prerank,Oxoacid Metabolic Process (GO:0043436),-0.6218568247576374,-1.3172568085310867,0.10727272727272727,1.0,1.0,7/22,13.92%,SULT1B1;LIPT1;MTARC2;SULT1C4;AMH;THAP4;LIPT2
KBTBD11,GO_Biological_Process_2023,prerank,Ureteric Bud Morphogenesis (GO:0060675),-0.6391305750469236,-1.3168792376452643,0.1200750469043152,1.0,1.0,6/18,13.80%,PAX2;GATA3;NPNT;SIX1;PKD2;CITED1
KBTBD11,GO_Biological_Process_2023,prerank,Artery Morphogenesis (GO:0048844),-0.5711154543296788,-1.316869720179473,0.08778625954198473,1.0,1.0,11/30,14.09%,GJA5;BMPR2;ANGPTL3;TGFB2;PDGFRB;LRP1;NOTCH1;PKD2;TGFBR2;JAG1;ENG
KBTBD11,GO_Biological_Process_2023,prerank,Negative Regulation Of Protein Transport (GO:0051224),0.5982128088433658,1.309092412560898,0.10864745011086474,1.0,1.0,1/25,0.01%,RSC1A1
KBTBD11,GO_Biological_Process_2023,prerank,Peptidyl-Lysine Modification (GO:0018205),-0.4823922805777025,-1.308226401716598,0.06398537477148081,1.0,1.0,22/93,14.95%,IVL;METTL21EP;LIPT1;PLOD1;SIRT1;KAT5;SUMO4;EGR2;VIPAS39;KIAA1586;NSMCE3;PLOD3;GCSH;PIAS1;NSMCE4A;P3H4;VCPKMT;LIPT2;NSMCE1;P3H3;HDAC4;SMC5
KBTBD11,GO_Biological_Process_2023,prerank,Positive Regulation Of Cytosolic Calcium Ion Concentration Involved In Phospholipase C-activating G Protein-Coupled Signaling Pathway (GO:0051482),-0.5911413189050055,-1.3081089485960637,0.1203883495145631,1.0,1.0,8/27,18.28%,GPR20;C3AR1;CALCA;F2RL2;P2RY8;DRD3;LPAR6;F2R
KBTBD11,GO_Biological_Process_2023,prerank,Connective Tissue Development (GO:0061448),0.549814874915243,1.3073073180328603,0.1038961038961039,1.0,1.0,14/38,17.64%,RORC;SULF1;SPAM1;DYRK1B;COL11A2;NAMPT;SOX9;HYAL1;GHRL;SOX6;SPTLC2;CD44;ITGB8;SCX
KBTBD11,GO_Biological_Process_2023,prerank,Leukocyte Cell-Cell Adhesion (GO:0007159),-0.5662885814709357,-1.3040330118091712,0.13432835820895522,1.0,1.0,6/30,8.00%,ITGAL;ITGB2;JAM2;CD177;NT5E;LRG1
KBTBD11,GO_Biological_Process_2023,prerank,Skeletal System Morphogenesis (GO:0048705),-0.5330999791858146,-1.3036044324294924,0.08037383177570094,1.0,1.0,10/42,20.83%,SPEF2;HHIP;ATG9A;RAB33B;SIX1;ANKRD11;ATG9B;FGFR3;RFLNA;DYNC2I1
KBTBD11,GO_Biological_Process_2023,prerank,Positive Regulation Of Cation Channel Activity (GO:2001259),-0.5565434737399383,-1.3025667705026724,0.10285714285714286,1.0,1.0,16/38,18.73%,CTSS;LRRC55;LRRC38;LRRC26;CALM2;STAC2;CALM3;HTT;PPP3CC;KCNIP2;AKAP5;PKD2;EDNRA;APEX1;STAC;ATPSCKMT
KBTBD11,GO_Biological_Process_2023,prerank,Regulation Of Phagocytosis (GO:0050764),0.49218777406567016,1.30193336740536,0.08240534521158129,1.0,1.0,13/58,11.02%,TLR2;IL15RA;PLA2G5;SLC11A1;PRTN3;AZU1;FCER1G;APOA1;DYSF;TUB;CAMK1D;TULP1;LYAR
KBTBD11,GO_Biological_Process_2023,prerank,Kidney Development (GO:0001822),-0.48779553167301604,-1.3007502575634093,0.06130268199233716,1.0,1.0,18/70,13.80%,PAX2;AGT;WNT4;ITGA8;GDF6;SIX2;CYP4A22;ZBTB16;GATA3;LRP4;ARL3;FGF8;TGFB2;PCSK5;PRKX;SIX1;CENPF;CITED1
KBTBD11,GO_Biological_Process_2023,prerank,Positive Regulation Of Interleukin-6 Production (GO:0032755),0.47620392457676075,1.3005095603723442,0.05630630630630631,1.0,1.0,13/75,9.52%,TWIST1;TLR2;POU2AF1;IL33;IL6;TLR7;ISL1;TSLP;SETD4;IL17D;MAPK13;SPHK2;LCP1
KBTBD11,GO_Biological_Process_2023,prerank,Negative Regulation Of Immune Effector Process (GO:0002698),-0.6564119170676856,-1.299078500414812,0.13627992633517497,1.0,1.0,7/15,21.34%,ENPP3;CR1;RC3H1;CD300A;RPS19;CD47;CD55
KBTBD11,GO_Biological_Process_2023,prerank,Androgen Receptor Signaling Pathway (GO:0030521),0.6425084313528033,1.2879231795814672,0.15257731958762888,1.0,1.0,8/17,15.28%,CST11;NKX3-1;ZMIZ1;DDX5;PMEPA1;ZDHHC7;MAPK1;DAXX
KBTBD11,GO_Biological_Process_2023,prerank,Positive Regulation Of Macrophage Derived Foam Cell Differentiation (GO:0010744),0.6191437931039064,1.286132451421659,0.12916666666666668,1.0,1.0,8/17,11.55%,PLA2G10;PLA2G5;CSF1;PF4;PLA2G3;LCP1;IL18;NFKB1
KBTBD11,GO_Biological_Process_2023,prerank,Steroid Hormone Biosynthetic Process (GO:0120178),0.609015008250632,1.2859029628102203,0.14663951120162932,1.0,1.0,9/19,17.46%,SRD5A3;CYP11A1;HSD17B3;HSD17B11;CYP19A1;MED1;HSD17B1;HSD17B6;HSD17B8
KBTBD11,GO_Biological_Process_2023,prerank,Regulation Of Acute Inflammatory Response (GO:0002673),0.6036878943363886,1.2848564088288967,0.13991769547325103,1.0,1.0,2/19,1.66%,CREB3L3;IL6
KBTBD11,GO_Biological_Process_2023,prerank,Sterol Metabolic Process (GO:0016125),0.48353707833391746,1.2811207575387016,0.08278867102396514,1.0,1.0,20/60,14.00%,SOAT2;LCAT;APOA1;NSDHL;CYP26A1;CEL;GLB1;CYP7B1;CYP1B1;PIP4P1;SH2D2A;CYP11A1;PPARD;CYP39A1;LDLRAP1;CYP19A1;MSMO1;CLN8;APOL2;PRKAG2
KBTBD11,GO_Biological_Process_2023,prerank,Metaphase Plate Congression (GO:0051310),-0.5125575604053902,-1.27793684436676,0.11007462686567164,1.0,1.0,25/51,24.39%,KIF2B;CHMP1A;DCTN2;PIBF1;CCNB1;CENPF;CHMP4A;KPNB1;GEM;NUP62;CENPE;PSRC1;RRS1;EML4;KIFC1;CDCA5;MAP1S;CEP55;CHMP3;SPICE1;CHMP5;CHMP1B;CHMP2A;RAB11A;NUDC
KBTBD11,GO_Biological_Process_2023,prerank,Positive Regulation Of ERK1 And ERK2 Cascade (GO:0070374),-0.43243978785643244,-1.275937089519934,0.033216783216783216,1.0,1.0,66/176,25.42%,FGF21;SEMA7A;OPRM1;THPO;CCL25;FGF1;XCL1;PLA2G2A;NPNT;TNFSF11;BMP2;GPER1;NTRK1;BMPER;NTRK2;CRKL;PDGFRB;NOD2;APOE;AMH;ACKR3;PRKCZ;RAMP3;NOTCH1;HTR2B;C5AR1;CD74;DDT;MAP3K12;GLIPR2;PTK2B;SLC30A10;GPNMB;ADRA1D;PDE8A;FGFR3;HLA-DRB1;F2R;MFHAS1;FBXW7;PDGFD;FGF19;RAPGEF2;GAS6;FERMT2;NTRK3;TGFB1;GAREM1;ARRB2;TEK;TNFRSF11A;AGER;ROR1;SCIMP;ALOX15;CIB1;P2RY1;ARRB1;PHB1;FGF4;LGALS9;PRXL2C;MAPK3;CD36;MTURN;DENND2B
KBTBD11,GO_Biological_Process_2023,prerank,Glycerophospholipid Catabolic Process (GO:0046475),0.5491147625993816,1.2724063003953945,0.1337719298245614,1.0,1.0,15/27,20.35%,PLA2G4E;PLA2G10;PLA2G5;PNPLA8;PNLIPRP2;PRDX6;OCRL;PNPLA6;PLA2G4D;PLA2G4A;PLA2G4C;PLA2G15;PLA2G4B;GDPD3;ENPP2
KBTBD11,GO_Biological_Process_2023,prerank,Retinal Metabolic Process (GO:0042574),-0.6516806053214058,-1.270225616751279,0.1912568306010929,1.0,1.0,10/15,24.88%,BCO2;SDR16C5;ALDH8A1;RDH10;RDH13;ALDH1A3;DHRS4L2;AKR1C1;DHRS4;AKR1C3
KBTBD11,GO_Biological_Process_2023,prerank,Neurotransmitter Secretion (GO:0007269),-0.5155157067732878,-1.26863879338507,0.10925925925925926,1.0,1.0,27/43,27.22%,SNAP25;CPLX4;RPH3A;DOC2B;OTOF;SYN1;DOC2A;STXBP1;DNAJC5;GRM4;RPH3AL;SNAPIN;PDZD11;SYT1;STXBP2;CDK5;SNCA;CPLX2;VAMP2;LIN7C;STXBP3;DVL1;STX1A;HRH3;PTPRN2;SYN3;PIP5K1C
KBTBD11,GO_Biological_Process_2023,prerank,Negative Regulation Of ATP-dependent Activity (GO:0032780),-0.6395740116438646,-1.2674231576296606,0.17481203007518797,1.0,1.0,6/16,18.03%,PLN;SIRT1;PXK;VCPKMT;TP53;OXA1L
KBTBD11,GO_Biological_Process_2023,prerank,Negative Regulation Of Developmental Growth (GO:0048640),0.5450942781050218,1.2670746427930204,0.12025316455696203,1.0,1.0,12/31,15.24%,SLC6A4;RTN4R;MYOZ1;DUSP10;WWC3;PTPRS;RTN4;FGF13;MAP2;DCC;WWC2;TRIM46
KBTBD11,GO_Biological_Process_2023,prerank,Positive Regulation Of Myeloid Leukocyte Cytokine Production Involved In Immune Response (GO:0061081),-0.6349200626201316,-1.2661982986694065,0.17407407407407408,1.0,1.0,5/16,13.82%,SEMA7A;TICAM1;SIRT1;TICAM2;CD74
KBTBD11,GO_Biological_Process_2023,prerank,Negative Regulation Of Protein Modification Process (GO:0031400),-0.4726194540485344,-1.2640595520540951,0.08133086876155268,1.0,1.0,46/77,25.97%,TPPP;IGFBP3;PTPA;FOXP3;SIRT1;ENSA;CHP1;CDYL;CRKL;LRRK2;LYN;MYADM;PPP1R15A;FXYD1;NIBAN1;IMPACT;MAPT;ZC3H12A;LRP6;SH3GL2;IBTK;SORD;CACTIN;MFHAS1;PRKN;WWTR1;DAB2IP;PTPN13;ATG14;NTRK3;SIRPA;TGFB1;YWHAB;MEN1;PPP1R16B;OCLN;CIB1;BEX4;PTEN;PPP1R15B;TRAF3IP1;TARDBP;SNTA1;DMD;FBLN1;CDKN1A
KBTBD11,GO_Biological_Process_2023,prerank,Response To Ethanol (GO:0045471),-0.6077311577137651,-1.2635847513155865,0.16152450090744103,1.0,1.0,6/18,12.11%,CHRNB2;OPRM1;SOD1;GRIN2A;DRD3;GRIN3A
KBTBD11,GO_Biological_Process_2023,prerank,Negative Regulation Of Extrinsic Apoptotic Signaling Pathway Via Death Domain Receptors (GO:1902042),0.584078956801917,1.262638578812535,0.15417558886509636,1.0,1.0,5/23,11.97%,SCRT2;NOS3;PARK7;TNFAIP3;GSK3B
KBTBD11,GO_Biological_Process_2023,prerank,Regulation Of Viral Life Cycle (GO:1903900),0.565418652193975,1.2612062207700758,0.14634146341463414,1.0,1.0,9/23,14.82%,LAMP3;TRIM68;TRIM34;CLEC4G;TRIM25;TRIM6;TRIM21;TRIM62;PPIA
KBTBD11,GO_Biological_Process_2023,prerank,Defense Response To Gram-negative Bacterium (GO:0050829),-0.47489398746046285,-1.2607929388862273,0.09774436090225563,1.0,1.0,11/70,12.53%,DEFB119;DEFB135;IL23R;RARRES2;IRGM;NOS2;F2;OPTN;NLRP10;DROSHA;ROMO1
KBTBD11,GO_Biological_Process_2023,prerank,Monocarboxylic Acid Transport (GO:0015718),0.45994304941883085,1.2568104563670963,0.08466819221967964,1.0,1.0,27/71,19.19%,FABP1;SLCO1C1;SLC16A11;SLC6A13;FABP12;ABCC11;SLC5A8;ABCG2;ABCC3;SLC27A1;SLC16A8;SLC6A11;SLCO1A2;SLC27A4;SLC16A7;SLC6A8;PPARD;CEACAM1;ARID4A;FABP6;LYPLA1;SLC5A6;SLC10A3;SLC6A12;SLC16A3;SLC27A3;SLCO1B1
KBTBD11,GO_Biological_Process_2023,prerank,Regulation Of Interleukin-6 Production (GO:0032675),0.43726496490294925,1.2538659861289019,0.06621004566210045,1.0,1.0,19/113,10.37%,TWIST1;TLR2;POU2AF1;IL33;IL6;LILRB4;NMBR;TLR7;ISL1;TSLP;MAPKAPK2;SETD4;TNFAIP3;IL17D;MAPK13;CD200;SPHK2;LCP1;GHRL
KBTBD11,GO_Biological_Process_2023,prerank,Steroid Metabolic Process (GO:0008202),0.4492134037149494,1.252719342168283,0.08478260869565217,1.0,1.0,27/92,17.32%,UGT1A8;SLC22A24;RDH16;PRLR;BAAT;RDH5;CYP26A1;CYP2D7;DHRS11;STS;HSD11B1;CEL;CYP7B1;CYP1B1;CYP3A7;CYP11A1;CYP39A1;CYP2R1;HSD17B3;LGMN;CYP19A1;MSMO1;HSD17B1;CBR1;DHCR24;HSD17B6;CYP2E1
KBTBD11,GO_Biological_Process_2023,prerank,Negative Regulation Of Monoatomic Ion Transport (GO:0043271),-0.6089880643648108,-1.2492580784354834,0.18199233716475097,1.0,1.0,8/18,17.98%,CD33;WNK4;PLN;CAV3;NEDD4;PXK;PTK2B;NOS1
KBTBD11,GO_Biological_Process_2023,prerank,Response To UV (GO:0009411),-0.4544920040436084,-1.24908226462311,0.0776173285198556,1.0,1.0,32/100,21.10%,IVL;CASP9;SIRT6;SMPD1;CIRBP;COPS9;NEDD4;CCAR2;BRSK1;NSMCE3;MFAP4;MAP4K3;TP53;EIF2AK4;DCUN1D3;GPX1;WRN;EP300;BCL3;ERCC3;DDB1;CDKN2D;XPA;POLD1;BAK1;USP28;CUL4B;TMEM161A;PCNA;EIF2S1;INO80;MEN1
KBTBD11,GO_Biological_Process_2023,prerank,Regulation Of Toll-Like Receptor Signaling Pathway (GO:0034121),0.5839823768038573,1.2469625965213222,0.1751054852320675,1.0,1.0,5/20,11.13%,TLR2;IRF7;IRF1;GPS2;OTUD4
KBTBD11,GO_Biological_Process_2023,prerank,Negative Regulation Of T Cell Activation (GO:0050868),-0.5035003849806918,-1.246955256760152,0.1362763915547025,1.0,1.0,19/49,23.32%,TIGIT;CD274;VSIR;CR1;PAG1;PLA2G2A;FOXP3;SPN;CD86;TNFRSF21;RIPOR2;SFTPD;GPNMB;HLA-DRB1;SDC4;CEBPB;HLA-G;DUSP3;JAK3
KBTBD11,GO_Biological_Process_2023,prerank,Establishment Or Maintenance Of Epithelial Cell Apical/Basal Polarity (GO:0045197),0.5107665005974867,1.2466878936456562,0.1111111111111111,1.0,1.0,15/39,13.62%,ERBIN;CRB1;DLG4;LLGL1;CAMSAP3;MTCL1;SCRIB;PATJ;RHOA;PARD6G;EZR;DLG1;LIN7A;PRKCI;SH3BP1
KBTBD11,GO_Biological_Process_2023,prerank,Response To dsRNA (GO:0043331),-0.6226321412105149,-1.2465080690856505,0.20037453183520598,1.0,1.0,4/17,12.78%,IFNK;TICAM1;PDE12;TICAM2
KBTBD11,GO_Biological_Process_2023,prerank,Negative Regulation Of Calcium Ion Transmembrane Transporter Activity (GO:1901020),-0.5400176143445028,-1.2455309105576902,0.1623134328358209,1.0,1.0,9/30,13.79%,CLIC2;PLN;CALM2;CALM3;GNB5;ATP1A2;PPP3CC;YWHAE;PKD2
KBTBD11,GO_Biological_Process_2023,prerank,Superoxide Anion Generation (GO:0042554),0.5917555840794285,1.2442936281994337,0.1694915254237288,1.0,1.0,6/18,10.00%,CYBB;NOX1;DUOX1;NOX3;NOXA1;NCF2
KBTBD11,GO_Biological_Process_2023,prerank,Regulation Of Phosphoprotein Phosphatase Activity (GO:0043666),-0.522097473515348,-1.2428072960347174,0.14022140221402213,1.0,1.0,14/36,19.32%,PTPA;CALM2;CALM3;HTT;PDGFRB;PPP6R2;PPP1R15A;CD300A;HSP90B1;TIPRL;STYXL1;PPP1R1B;MASTL;ITGA1
KBTBD11,GO_Biological_Process_2023,prerank,Cellular Response To Glucose Starvation (GO:0042149),-0.5103515021473747,-1.2408937929142467,0.1104868913857678,1.0,1.0,24/42,27.43%,BHLHA15;SIRT1;KPTN;KAT5;PLIN2;ZC3H12A;HNRNPA1;ITFG2;TP53;PIK3R4;RRP8;SESN3;ATG14;NUAK2;TSSK3;HSPA5;ATF4;IFI16;SESN2;PICK1;CPEB4;XBP1;MTMR3;SESN1
KBTBD11,GO_Biological_Process_2023,prerank,Positive Regulation Of Reactive Oxygen Species Metabolic Process (GO:2000379),-0.5028861898248871,-1.240733068398851,0.1268939393939394,1.0,1.0,15/48,14.12%,AGT;ITGB2;CD177;SOD1;RAB27A;F2;DCXR;PDGFRB;ITGAM;CYBA;ROMO1;MAPT;ZC3H12A;TGFBR2;TP53
KBTBD11,GO_Biological_Process_2023,prerank,Cellular Response To Hydrogen Peroxide (GO:0070301),0.5192828046785067,1.2399814808206917,0.1506276150627615,1.0,1.0,15/34,15.79%,FABP1;IL6;RHOB;TNFAIP3;TRPA1;RIPK1;HDAC6;CYP1B1;MAPK13;SETX;ANKZF1;MAP3K5;PPIF;FYN;CAT
KBTBD11,GO_Biological_Process_2023,prerank,Chemokine-Mediated Signaling Pathway (GO:0070098),-0.4919747191343063,-1.2388181282910675,0.1391941391941392,1.0,1.0,9/55,15.19%,CXCL13;CXCL2;THPO;CCL25;CXCL1;XCL1;LYN;WNK1;PTK2B
KBTBD11,GO_Biological_Process_2023,prerank,Negative Regulation Of Intracellular Protein Transport (GO:0090317),-0.5671778105934607,-1.2376962381768508,0.16184971098265896,1.0,1.0,8/24,14.58%,S100G;SIAH3;SIRT6;CHP1;LRRK2;GDI1;BARD1;RAB23
KBTBD11,GO_Biological_Process_2023,prerank,Renal System Development (GO:0072001),-0.478891610854909,-1.2356979613585832,0.12407407407407407,1.0,1.0,13/57,11.01%,PAX2;AGT;WNT4;ITGA8;SIX2;CYP4A22;GATA3;MYOCD;LRP4;ARL3;TGFB2;PCSK5;SIX1
KBTBD11,GO_Biological_Process_2023,prerank,Nuclear-Transcribed mRNA Catabolic Process (GO:0000956),-0.4560897353685718,-1.2350788651595017,0.1,1.0,1.0,40/85,23.37%,PELO;EXOSC10;ZC3H12D;TENT4B;SMG6;GSPT1;DXO;ERI1;RBM8A;CNOT6;EXOSC7;CNOT7;RC3H1;DCP1A;PATL2;EXOSC5;DIS3L2;PDE12;PYM1;ZC3H12A;RC3H2;CTIF;UPF1;CNOT9;CNOT4;EXOSC4;PNRC1;MTPAP;SMG8;MAGOHB;TUT1;PNRC2;EIF3E;RNPS1;TENT2;ZFP36;MRTO4;NCBP1;PAN2;CNOT2
KBTBD11,GO_Biological_Process_2023,prerank,Negative Regulation Of Endopeptidase Activity (GO:0010951),-0.47063457474793013,-1.2349772588857877,0.11272727272727273,1.0,1.0,12/65,13.67%,SERPINA6;ANXA8;SPINK2;SERPINI2;TIMP1;CR1;SERPINH1;CRB2;SERPINE3;SERPIND1;GAPDH;SERPINB6
KBTBD11,GO_Biological_Process_2023,prerank,Vesicle Cargo Loading (GO:0035459),0.5437886722874279,1.2348854599091865,0.15334773218142547,1.0,1.0,10/25,18.78%,SAR1A;SEC24C;SEC31B;TMED10;SH2D2A;SEC24A;SEC24D;RAB1A;MIA3;TMED2
KBTBD11,GO_Biological_Process_2023,prerank,Protein Kinase A Signaling (GO:0010737),0.6119751874753057,1.2336443352731283,0.1826086956521739,1.0,1.0,6/16,14.85%,RDX;LCP1;MYOM1;EZR;PRKACA;PRKACB
KBTBD11,GO_Biological_Process_2023,prerank,Determination Of Heart Left/Right Asymmetry (GO:0061371),-0.509198291755861,-1.2325552112118274,0.1436265709156194,1.0,1.0,13/41,15.94%,HAND1;CCDC103;DAND5;STIL;BBS5;CER1;DNAAF1;SRF;NOTCH1;PKD2;TGFBR2;ENG;CCDC40
KBTBD11,GO_Biological_Process_2023,prerank,Monocyte Chemotaxis (GO:0002548),-0.5125107346342667,-1.2320210700028846,0.1267361111111111,1.0,1.0,7/40,16.96%,CALCA;CCL25;XCL1;TNFSF11;MSMP;PTPRO;RPS19
KBTBD11,GO_Biological_Process_2023,prerank,Positive Regulation Of Muscle Hypertrophy (GO:0014742),0.619545611728518,1.2310617731623743,0.19389978213507625,1.0,1.0,6/16,19.60%,PARP1;MEF2A;ROCK1;PRKCA;IGF1;IL6ST
KBTBD11,GO_Biological_Process_2023,prerank,Response To Glucocorticoid (GO:0051384),0.5441624459720337,1.2288893731587327,0.2100656455142232,1.0,1.0,6/26,11.40%,IL6;SLIT1;ISL1;BCL2L11;CALCR;REST
KBTBD11,GO_Biological_Process_2023,prerank,Negative Regulation Of Type II Interferon Production (GO:0032689),-0.5500883812101858,-1.2288042551764882,0.18490566037735848,1.0,1.0,8/28,5.98%,NR1H4;INHBA;CD274;VSIR;CR1;IRGM;XCL1;FOXP3
KBTBD11,GO_Biological_Process_2023,prerank,Negative Regulation Of Cyclin-Dependent Protein Kinase Activity (GO:1904030),-0.5886349531877291,-1.2279781310193076,0.20156555772994128,1.0,1.0,13/20,27.05%,CDKN2A;MYOCD;HHEX;CEBPA;HEXIM2;IPO5;HEXIM1;TFAP4;MEN1;PTEN;CDKN1A;LATS1;CDK5RAP1
KBTBD11,GO_Biological_Process_2023,prerank,Cellular Response To Hexose Stimulus (GO:0071331),-0.5498943123605577,-1.2266861853834838,0.17680608365019013,1.0,1.0,9/25,19.64%,PAX2;GPER1;UNC13B;RACK1;SLC39A14;SOX4;TRA2B;GAS6;SLC26A6
KBTBD11,GO_Biological_Process_2023,prerank,Response To Amino Acid (GO:0043200),0.5266571832159566,1.2257929513926027,0.1707865168539326,1.0,1.0,14/30,19.78%,NEURL1;SPAAR;GLRA3;TMBIM6;CPEB1;LAMTOR1;RRAGB;SH3BP4;GLRA1;RPTOR;RRAGD;NSMF;GRIN1;LAMTOR5
KBTBD11,GO_Biological_Process_2023,prerank,Negative Regulation Of Cyclin-Dependent Protein Serine/Threonine Kinase Activity (GO:0045736),-0.5899151563619781,-1.2240748772174654,0.218568665377176,1.0,1.0,13/19,27.05%,CDKN2A;MYOCD;HHEX;CEBPA;HEXIM2;IPO5;HEXIM1;TFAP4;MEN1;PTEN;CDKN1A;LATS1;CDK5RAP1
KBTBD11,GO_Biological_Process_2023,prerank,"Positive Regulation Of DNA Damage Response, Signal Transduction By P53 Class Mediator (GO:0043517)",0.6074815740443495,1.2233837891212396,0.21814254859611232,1.0,1.0,11/15,26.39%,SPRED2;DDX5;SPRED1;ATM;MSX1;ZNHIT1;EEF1E1;PMAIP1;RPL26;ZNF385A;ATR
KBTBD11,GO_Biological_Process_2023,prerank,"Maturation Of 5.8S rRNA From Tricistronic rRNA Transcript (SSU-rRNA, 5.8S rRNA, LSU-rRNA) (GO:0000466)",-0.576356130807936,-1.222692180737527,0.19237749546279492,1.0,1.0,10/21,19.23%,EXOSC10;ERI1;EXOSC7;RPP40;NOL9;RRS1;PES1;EXOSC3;FTSJ3;EXOSC2
KBTBD11,GO_Biological_Process_2023,prerank,Negative Regulation Of Notch Signaling Pathway (GO:0045746),0.5379406928761081,1.2207546729313292,0.17903930131004367,1.0,1.0,8/27,13.36%,NEURL1;DLL4;CDK3;MMP14;METTL3;EGFL7;ARRDC1;CHAC1
KBTBD11,GO_Biological_Process_2023,prerank,Associative Learning (GO:0008306),-0.5998033718205187,-1.2202117658829466,0.19157088122605365,1.0,1.0,7/18,14.54%,CHRNB2;RGS14;BRSK1;DRD3;FOXB1;NETO1;TAFA2
KBTBD11,GO_Biological_Process_2023,prerank,Stem Cell Development (GO:0048864),-0.6326948987333385,-1.2167090024180534,0.20593692022263452,1.0,1.0,7/15,21.46%,KBTBD8;SNAI2;NOLC1;PEF1;PDCD6;KLHL12;SOX8
KBTBD11,GO_Biological_Process_2023,prerank,Regulation Of Transmembrane Transport (GO:0034762),-0.516720820102604,-1.216464568403099,0.17953321364452424,1.0,1.0,15/32,23.50%,KCNJ6;KCNJ11;TRIB3;KCNJ9;NEDD4;KCNJ10;PRKCB;ACTB;KCNJ2;KCNJ14;WWP2;SNCA;OCLN;CLTRN;CTTNBP2NL
KBTBD11,GO_Biological_Process_2023,prerank,rRNA Catabolic Process (GO:0016075),-0.5837643629310587,-1.2146077529323962,0.19349005424954793,1.0,1.0,11/19,20.50%,SLFN14;PELO;EXOSC10;EXOSC7;ZCCHC7;EXOSC5;EXOSC4;EXOSC3;DIS3;EXOSC2;SLFN12
KBTBD11,GO_Biological_Process_2023,prerank,Regulation Of Centrosome Cycle (GO:0046605),-0.5664848554719261,-1.2139717726820816,0.18647166361974407,1.0,1.0,13/23,26.41%,CHMP1A;SIRT1;CHMP4A;MARK4;XRCC3;CCNL2;MCM2;CHMP3;CHMP5;CHMP1B;CHMP2A;CEP131;NAT10
KBTBD11,GO_Biological_Process_2023,prerank,Negative Regulation Of Macrophage Activation (GO:0043031),0.6078116309728138,1.2104898524057277,0.21615720524017468,1.0,1.0,7/15,23.84%,TAFA3;CD200;NR1D1;LRFN5;CX3CL1;SYT11;NR1H3
KBTBD11,GO_Biological_Process_2023,prerank,Lymphocyte Activation Involved In Immune Response (GO:0002285),-0.6227304701700729,-1.2088288600973174,0.21561338289962825,1.0,1.0,4/15,18.75%,IFNK;CD74;EIF2AK4;MDK
KBTBD11,GO_Biological_Process_2023,prerank,Fibroblast Growth Factor Receptor Signaling Pathway (GO:0008543),-0.5147930557770354,-1.2087968278485683,0.19646365422396855,1.0,1.0,9/39,10.90%,FGF21;FLRT3;FGF9;FGF1;FGF8;FLRT2;FRS3;FGF22;CHURC1
KBTBD11,GO_Biological_Process_2023,prerank,Regulation Of Osteoblast Proliferation (GO:0033688),0.5982712765840342,1.2086133880273575,0.20422535211267606,1.0,1.0,8/16,16.65%,NPR3;TNN;GREM1;RHOA;FGFR2;EIF2AK2;CCNA2;HPSE
KBTBD11,GO_Biological_Process_2023,prerank,Regulation Of Cytokine Production Involved In Immune Response (GO:0002718),0.5481383979308853,1.2036365693653908,0.19868995633187772,1.0,1.0,7/24,16.06%,IRF5;BTK;TNFRSF1B;SPHK2;LACC1;TRIM6;WNT5A
KBTBD11,GO_Biological_Process_2023,prerank,Positive Regulation Of Phosphatidylinositol 3-Kinase Signaling (GO:0014068),-0.4603546567280598,-1.2028076619079637,0.12162162162162163,1.0,1.0,22/69,21.72%,SRC;PTK2;HGF;SIRT1;EXTL3;GPER1;NTRK1;NTRK2;TGFB2;PDGFRB;NEDD4;EGF;HCST;ERBB3;MAZ;PIK3AP1;F2R;PLXNB1;PDGFD;NTRK3;TEK;ROR1
KBTBD11,GO_Biological_Process_2023,prerank,Negative Regulation Of Phosphatase Activity (GO:0010923),-0.5982328376174604,-1.202783990625315,0.2261904761904762,1.0,1.0,9/16,18.51%,PTPA;CHP1;TGFB2;PPP1R15A;URI1;TIPRL;STYXL1;PPP1R1B;MASTL
KBTBD11,GO_Biological_Process_2023,prerank,Negative Regulation Of Intrinsic Apoptotic Signaling Pathway In Response To DNA Damage (GO:1902230),-0.5460676591627535,-1.202577507496068,0.1935483870967742,1.0,1.0,13/25,19.68%,ING2;SIRT1;CCAR2;SNAI2;AMH;MUC1;DDIAS;TPT1;CD74;BCL2L1;CDKN2D;CXCL12;TMEM161A
KBTBD11,GO_Biological_Process_2023,prerank,Endoplasmic Reticulum To Cytosol Transport (GO:1903513),-0.6121477538504163,-1.201687845146048,0.21346153846153845,1.0,1.0,9/15,26.52%,ERLEC1;HERPUD1;HSP90B1;UFD1;SEC61B;OS9;TMEM129;VCP;NPLOC4
KBTBD11,GO_Biological_Process_2023,prerank,Regulation Of Neuroinflammatory Response (GO:0150077),0.5732021706537818,1.2011574656067365,0.2040358744394619,1.0,1.0,6/19,9.52%,IL33;IL6;MMP3;TNFRSF1B;NR1D1;IL18
KBTBD11,GO_Biological_Process_2023,prerank,Cell Surface Toll-Like Receptor Signaling Pathway (GO:0140895),-0.6014450897597611,-1.2006289507622354,0.2261904761904762,1.0,1.0,7/16,24.53%,LY96;NR1H4;MYO1C;TRIL;PIK3AP1;SCIMP;LGALS9
KBTBD11,GO_Biological_Process_2023,prerank,Regulation Of Fibrinolysis (GO:0051917),0.6041800261603385,1.2005119738535077,0.24081632653061225,1.0,1.0,9/16,21.22%,SERPINF2;CEL;F11;PLAUR;USF1;PLAT;F12;THBS1;SERPINE1
KBTBD11,GO_Biological_Process_2023,prerank,Macroautophagy (GO:0016236),-0.42649416672525575,-1.2001560003606704,0.13181019332161686,1.0,1.0,42/103,22.30%,SRC;CHMP1A;SQSTM1;PLEKHM1;IRGM;EI24;TSG101;GABARAPL2;VTI1A;VIPAS39;MTMR14;LIX1L;TOM1;TMEM74;VPS37B;GABARAP;PIP4K2B;STAM2;CHMP4A;VPS25;VPS37C;PIK3R4;ATG10;ATG16L1;ILRUN;UVRAG;VPS36;EPG5;NBR1;SNX14;PRKN;PGAM5;ATG4B;ATG14;TGFB1;YOD1;VAMP8;HDAC10;SPG11;UBXN6;CHMP3;CHMP5
KBTBD11,GO_Biological_Process_2023,prerank,Toll-Like Receptor 4 Signaling Pathway (GO:0034142),-0.5857907272051258,-1.1995808716530723,0.2475442043222004,1.0,1.0,7/17,17.80%,LY96;NR1H4;MYO1C;TICAM2;PRKCE;TRIL;PIK3AP1
KBTBD11,GO_Biological_Process_2023,prerank,Regulation Of Natural Killer Cell Activation (GO:0032814),-0.6043680269398881,-1.1993797810995572,0.20224719101123595,1.0,1.0,4/16,12.78%,TICAM1;PIBF1;PRDM1;TICAM2
KBTBD11,GO_Biological_Process_2023,prerank,Cortical Cytoskeleton Organization (GO:0030865),0.5260619438170712,1.1991854544783538,0.19017094017094016,1.0,1.0,13/27,15.19%,FMNL2;LLGL1;NCKAP1;FHOD1;LCP1;PPP2R3C;IKBKB;EZR;DLG1;ROCK1;FMNL3;TRPV4;STRIP1
KBTBD11,GO_Biological_Process_2023,prerank,3'-Phosphoadenosine 5'-Phosphosulfate Metabolic Process (GO:0050427),-0.6153286277129723,-1.1981970579099719,0.21920289855072464,1.0,1.0,8/15,27.11%,SULT1B1;SULT1C4;TPST1;PAPSS1;SULT1A2;SULT1A3;SULT1A1;TPST2
KBTBD11,GO_Biological_Process_2023,prerank,Response To Nutrient Levels (GO:0031667),0.4889574979234524,1.19802431366353,0.19555555555555557,1.0,1.0,14/35,24.49%,CD68;MLST8;PRKAB2;PPARD;PRR5;PRKAG2;MAPKAP1;RPTOR;PRKAB1;LGSN;FLNB;FAM107A;SCTR;RPS6KB1
KBTBD11,GO_Biological_Process_2023,prerank,Organophosphate Ester Transport (GO:0015748),-0.5495120064510748,-1.1978651056877836,0.21296296296296297,1.0,1.0,16/25,23.98%,SLC44A4;MTTP;PLTP;VAPA;OSBPL5;PITPNB;PCTP;PITPNA;PITPNM1;EPG5;OSBP;SLC25A19;OSBPL8;SCARB1;OSBPL2;PRELID2
KBTBD11,GO_Biological_Process_2023,prerank,Negative Regulation Of Metabolic Process (GO:0009892),0.4644836541434054,1.1965221940380883,0.16326530612244897,1.0,1.0,18/52,15.91%,NPR3;DDIT3;NOVA1;ACOT13;ACVR2B;NR1D1;MAP2K6;NRDC;ACOT11;CCDC3;LNPEP;RB1;ZNF423;PLCL2;ZDHHC7;ADAMTS5;ID1;ACTN3
KBTBD11,GO_Biological_Process_2023,prerank,Nucleic Acid Phosphodiester Bond Hydrolysis (GO:0090305),-0.5535049064708646,-1.196159951766253,0.21081081081081082,1.0,1.0,9/25,13.50%,IHO1;ANKLE1;DXO;EXD2;DCP1A;MRE11;PDE12;ZC3H12A;RAD50
KBTBD11,GO_Biological_Process_2023,prerank,Carboxylic Acid Transmembrane Transport (GO:1905039),0.49141918324801087,1.1959877286965686,0.17582417582417584,1.0,1.0,12/39,15.17%,SLC7A13;SLC7A10;SLC6A13;SLC38A8;SLC27A1;SLC46A1;SLC16A7;SLC6A8;SLC38A10;ABCC1;SLC36A4;SLC5A6
KBTBD11,GO_Biological_Process_2023,prerank,Negative Regulation Of Reproductive Process (GO:2000242),0.5496836313090339,1.1957082553700253,0.20342612419700215,1.0,1.0,5/20,6.79%,SPINK13;SULF1;SPAM1;DUSP1;NKX3-1
KBTBD11,GO_Biological_Process_2023,prerank,Stress Granule Assembly (GO:0034063),-0.5383132465349327,-1.1956979375795398,0.21292775665399238,1.0,1.0,13/23,23.88%,CIRBP;G3BP1;TIA1;UBAP2L;DDX6;MAPT;YTHDF3;GRB7;EIF2S1;LSM14A;OGFOD1;DDX3X;FMR1
KBTBD11,GO_Biological_Process_2023,prerank,Positive Regulation Of T Cell Mediated Immunity (GO:0002711),-0.4999312513515214,-1.1956765063254,0.181651376146789,1.0,1.0,16/42,22.87%,RAET1E;IL23R;ULBP3;XCL1;HFE;CD1D;HLA-F;HLA-DRB1;HLA-B;HLA-E;ZP3;HLA-C;HLA-G;CD55;FBXO38;HLA-DRA
KBTBD11,GO_Biological_Process_2023,prerank,Cell Migration Involved In Sprouting Angiogenesis (GO:0002042),0.5783531575963109,1.195656003961914,0.21836734693877552,1.0,1.0,10/17,20.00%,GREM1;PIK3R3;ROBO1;EFNB2;VEGFA;MIA3;KDR;FGF2;AKT1;GPLD1
KBTBD11,GO_Biological_Process_2023,prerank,Phosphatidylglycerol Metabolic Process (GO:0046471),0.5635369324735069,1.1955567435188965,0.20273348519362186,1.0,1.0,11/20,22.22%,PLA2G10;PNPLA8;SLC27A1;PLA2G3;CRLS1;PLA2G4D;PLA2G4A;PLA2G15;PLA2G4B;PGS1;LPCAT1
KBTBD11,GO_Biological_Process_2023,prerank,Response To Estradiol (GO:0032355),-0.5177229307802671,-1.1939653269138593,0.1806083650190114,1.0,1.0,12/31,22.07%,SSTR1;POU4F1;GPER1;KAT5;ZNF703;STRN3;RAMP3;STAT3;CCDC62;SSTR2;TGFB1;FAM210B
KBTBD11,GO_Biological_Process_2023,prerank,Positive Regulation Of ERBB Signaling Pathway (GO:1901186),-0.5509546030950889,-1.1935133249814551,0.18582375478927204,1.0,1.0,11/24,17.20%,AGT;MMP9;NEU3;GPER1;HIP1R;BCAR3;RALB;NUP62;PDE6G;APEX1;CNOT9
KBTBD11,GO_Biological_Process_2023,prerank,Regulation Of Voltage-Gated Calcium Channel Activity (GO:1901385),-0.535228894994905,-1.1928011777148664,0.18640776699029127,1.0,1.0,12/29,26.22%,S100G;CACNB3;STAC2;GNB5;PPP3CC;AKAP5;STAC;CACNA1A;FMR1;PPP3R1;DMD;CACNB4
KBTBD11,GO_Biological_Process_2023,prerank,Cardiac Epithelial To Mesenchymal Transition (GO:0060317),-0.5754112176290671,-1.191993728902337,0.20801526717557253,1.0,1.0,8/19,16.76%,TBX3;BMP2;FGF8;TGFB2;SNAI2;NOTCH1;ENG;OLFM1
KBTBD11,GO_Biological_Process_2023,prerank,Intracellular Zinc Ion Homeostasis (GO:0006882),-0.5979281190645183,-1.191733406406309,0.23376623376623376,1.0,1.0,7/17,15.72%,SLC30A2;TMC8;SLC30A7;LCK;SLC39A14;SLC39A7;SLC30A10
KBTBD11,GO_Biological_Process_2023,prerank,Negative Regulation Of Calcium Ion Transport (GO:0051926),-0.5894640157923684,-1.190287212579948,0.2314990512333966,1.0,1.0,4/17,8.90%,CD33;PLN;CAV3;ATP1A2
KBTBD11,GO_Biological_Process_2023,prerank,Positive Regulation Of Interferon-Beta Production (GO:0032728),0.5031216256174127,1.1889966194784742,0.19247787610619468,1.0,1.0,10/36,15.74%,IRF5;TLR2;TLR7;IRF7;IRF1;POLR3F;RIOK3;PTPN11;TOMM70;TRIM65
KBTBD11,GO_Biological_Process_2023,prerank,Endomembrane System Organization (GO:0010256),-0.39943050522783186,-1.1888572285813606,0.0763765541740675,1.0,1.0,69/193,20.20%,ANXA8;SPTBN5;RNF112;ATP8B4;CSNK1A1;PI4K2A;GOLGA8T;SQSTM1;GOLGA6C;CR1;GOLGA5;RAB2A;GOLGA8H;GOLGA6A;LEMD2;RAB43;BNIP1;GOLGA8N;ATL1;PLEKHF2;JAGN1;DMPK;CAV3;GOLGA6B;PHETA2;ZNF501;HTT;NSFL1C;LRRK2;SYNGR1;TANGO2;SPTBN1;OPTN;SMPD4;USP50;PLEKHJ1;LMNA;RAB1B;VAPA;HOOK1;TMED6;TRAPPC11;SNX33;EXOC8;MAPK15;BAG5;GOLPH3;DNM1;PLEKHF1;TMED4;SYNGR2;TMCC1;RAB30;TRAPPC8;SYP;LAPTM4B;CUL7;HOOK3;GOLPH3L;TMED9;COG2;RAB22A;ATP8B1;VPS18;DYM;TMED1;TBC1D20;FHIP1B;OBSL1
KBTBD11,GO_Biological_Process_2023,prerank,Neural Crest Cell Development (GO:0014032),-0.48461348196735254,-1.1877577692050965,0.1792452830188679,1.0,1.0,18/44,21.46%,SEMA7A;SOX10;SEMA6C;KBTBD8;SNAI2;RADIL;HTR2B;NOLC1;SEMA3G;SEMA3A;PHACTR4;SEMA4F;PEF1;SEMA3D;PDCD6;SEMA6B;KLHL12;SOX8
KBTBD11,GO_Biological_Process_2023,prerank,Monocarboxylic Acid Metabolic Process (GO:0032787),0.42340948080339613,1.1873853387619306,0.13303769401330376,1.0,1.0,28/97,15.61%,CYP4F12;UGT1A8;PER2;DECR2;ACOT2;PNPLA8;LDHC;ACOT1;ACBD4;AASDHPPT;BAAT;ACSM1;ACSF2;HOGA1;FASN;LDHA;SLC27A4;LCP1;SLC6A8;FA2H;NAAA;ACSL4;ACOT11;MSMO1;GNPAT;CROT;HYI;ME2
KBTBD11,GO_Biological_Process_2023,prerank,Positive Regulation Of Reproductive Process (GO:2000243),0.49725156950984295,1.1861249499094146,0.19230769230769232,1.0,1.0,16/33,23.69%,PGAM4;PLA2G10;SPAM1;TACR1;SYDE1;ASIC2;VEGFA;GLRA1;SMURF2;PLCB1;SIRT2;C1QBP;TAC4;PDE3A;TACR3;AGO2
KBTBD11,GO_Biological_Process_2023,prerank,Protein Exit From Endoplasmic Reticulum (GO:0032527),-0.5393754688110993,-1.1855211667866674,0.20912547528517111,1.0,1.0,13/24,27.03%,ERLEC1;HERPUD1;HSP90B1;SEC13;UFD1;SEC61B;TMED9;OS9;SEC16A;TMEM129;VCP;NPLOC4;SURF4
KBTBD11,GO_Biological_Process_2023,prerank,Positive Regulation Of Interleukin-12 Production (GO:0032735),0.508468473671189,1.1849192272317406,0.20168067226890757,1.0,1.0,4/33,2.91%,IRF5;TLR2;ISL1;MAPK11
KBTBD11,GO_Biological_Process_2023,prerank,Glycolipid Metabolic Process (GO:0006664),-0.5109105925236347,-1.1835549358943729,0.20404411764705882,1.0,1.0,15/33,20.04%,FUT2;B4GALNT1;FUCA1;NEU3;SMPD1;UGT8;ST6GALNAC6;ST6GALNAC3;ST3GAL6;GBA2;GALC;ST3GAL4;GM2A;PGAP1;PIGW
KBTBD11,GO_Biological_Process_2023,prerank,DNA-templated Transcription Elongation (GO:0006354),-0.5327976031585573,-1.183018189011918,0.20795660036166366,1.0,1.0,17/26,28.55%,RTF1;SUPT4H1;ERCC3;CTDP1;LEO1;ELP2;GTF2F2;SUPT16H;ELOF1;PCID2;SUPT5H;PEX2;TCEA2;SETD2;SUPT6H;EAF2;CDK9
KBTBD11,GO_Biological_Process_2023,prerank,Fatty Acid Transport (GO:0015908),0.49223334246868083,1.182930548581061,0.19775280898876405,1.0,1.0,15/37,19.62%,FABP1;SLC22A11;FABP12;SLC27A1;SLC27A6;SLCO2A1;SLC27A4;PPARD;ARID4A;FABP6;LYPLA1;SLC22A2;SLC22A1;SLC27A3;SLCO3A1
KBTBD11,GO_Biological_Process_2023,prerank,Regulation Of Small Molecule Metabolic Process (GO:0062012),-0.4932288164937357,-1.182688255099851,0.18545454545454546,1.0,1.0,22/40,20.99%,NR1H4;PDK2;SIRT1;FOXK2;APOE;EPHX2;ACADL;EIF6;OGT;PDK1;ARL2;PGAM1;ACADVL;ABCG1;EP300;GNB3;PRKN;ARV1;PRKAG1;ZBTB7A;PPARA;DGKQ
KBTBD11,GO_Biological_Process_2023,prerank,Positive Regulation Of Myoblast Differentiation (GO:0045663),-0.4985511597833976,-1.182238654285797,0.1931166347992352,1.0,1.0,18/38,19.87%,MYF6;IGFBP3;DPF3;KAT5;SMARCD3;RANBP3L;SMARCD2;LRRC8A;RIPOR2;ARID1A;ACTL6B;SMARCA2;SOX4;SMARCE1;AKIRIN1;BTG1;SMARCC1;MEF2C
KBTBD11,GO_Biological_Process_2023,prerank,Positive Regulation Of T Cell Mediated Cytotoxicity (GO:0001916),-0.5106989557987431,-1.1821602730498306,0.20458553791887124,1.0,1.0,17/33,24.24%,RAET1E;IL23R;ULBP3;XCL1;HFE;SLC22A13;CD1D;HLA-F;HLA-DRB1;HLA-B;HLA-E;PVR;HLA-C;HLA-G;HLA-DRA;NECTIN2;MICB
KBTBD11,GO_Biological_Process_2023,prerank,Regulation Of Plasminogen Activation (GO:0010755),0.59021434751433,1.1807151370353737,0.2565217391304348,1.0,1.0,11/16,22.57%,SERPINF2;MELTF;SERPINE2;PLAUR;PLAT;F12;S100A10;THBS1;CTSZ;SERPINE1;RUNX1
KBTBD11,GO_Biological_Process_2023,prerank,Response To Unfolded Protein (GO:0006986),0.4762051227353799,1.18066233651966,0.16818181818181818,1.0,1.0,17/44,15.80%,DDIT3;PACRG;PTPN1;HSPA2;DNAJB2;HSPB2;HSPA1L;HSF1;TMBIM6;DNAJA1;HSPB1;ERP44;RHBDD1;DNAJB4;HSPE1;DAXX;TM7SF3
KBTBD11,GO_Biological_Process_2023,prerank,Amino Acid Transport (GO:0006865),0.46175531919703183,1.1795888683346583,0.1827956989247312,1.0,1.0,13/46,18.25%,SLC7A13;SLC7A10;SLC38A8;SLC3A1;SLC43A2;SLC38A10;SLC25A44;SLC25A29;SLC36A1;SH3BP4;SLC36A4;SLC6A12;SLC36A2
KBTBD11,GO_Biological_Process_2023,prerank,Establishment Or Maintenance Of Apical/Basal Cell Polarity (GO:0035088),0.520610258940379,1.1767721004049143,0.20815450643776823,1.0,1.0,11/26,13.86%,ERBIN;CRB1;DLG4;LLGL1;MTCL1;SCRIB;PATJ;PARD6G;DLG1;PRKCI;OOEP
KBTBD11,GO_Biological_Process_2023,prerank,Integrin-Mediated Signaling Pathway (GO:0007229),-0.43444495754150647,-1.175401973180332,0.17375886524822695,1.0,1.0,27/85,20.46%,PRAM1;SRC;ITGAL;SEMA7A;ITGB2;ITGA8;PTK2;ISG15;FYB2;ITGBL1;ANGPTL3;MADCAM1;ORC3;NME2;ITGAM;DOCK1;ITGA7;ADAM15;PTPRA;PTK2B;ITGA9;DAB2;CD47;PTN;ITGA1;FERMT2;ADAMTS13
KBTBD11,GO_Biological_Process_2023,prerank,Positive Regulation Of Tumor Necrosis Factor Production (GO:0032760),0.4336878581014795,1.1753705976645854,0.16018306636155608,1.0,1.0,19/77,16.51%,TWIST1;TLR2;IL33;IL6;ISL1;AZU1;PF4;SETD4;RIPK1;SPHK2;LCP1;RASGRP1;IFNGR1;HSPB1;PTPN11;C1QTNF4;WNT5A;TIRAP;IL23A
KBTBD11,GO_Biological_Process_2023,prerank,Negative Regulation Of Neuron Projection Development (GO:0010977),0.4538747464106175,1.1749876530638195,0.17539863325740318,1.0,1.0,23/54,17.83%,TNR;RTN4RL1;RTN4R;SPOCK1;GAK;STX1B;ADCY6;PTPRS;LPAR1;STMN2;PRAG1;CBFA2T2;PAQR3;TRPV4;EFNB2;DCC;KANK1;MGARP;HDAC2;MINAR1;MCF2;EFNA1;RUFY3
KBTBD11,GO_Biological_Process_2023,prerank,Positive Regulation Of Vascular Endothelial Growth Factor Production (GO:0010575),0.5301872785321912,1.1746276063614536,0.23828920570264767,1.0,1.0,6/24,8.88%,IL6;NOX1;ISL1;SULF1;CXCL17;CYP1B1
KBTBD11,GO_Biological_Process_2023,prerank,Regulation Of Vascular Endothelial Growth Factor Production (GO:0010574),0.519563909415909,1.173694275630264,0.23333333333333334,1.0,1.0,6/26,8.88%,IL6;NOX1;ISL1;SULF1;CXCL17;CYP1B1
KBTBD11,GO_Biological_Process_2023,prerank,Cortical Actin Cytoskeleton Organization (GO:0030866),0.559505697899049,1.173632049492509,0.23678646934460887,1.0,1.0,10/19,15.19%,FMNL2;LLGL1;NCKAP1;FHOD1;LCP1;IKBKB;DLG1;ROCK1;FMNL3;STRIP1
KBTBD11,GO_Biological_Process_2023,prerank,Positive Regulation Of Lymphocyte Migration (GO:2000403),-0.5832508068414882,-1.1736316617158322,0.23963963963963963,1.0,1.0,3/16,6.68%,TMEM102;JAM2;SPN
KBTBD11,GO_Biological_Process_2023,prerank,Positive Regulation Of Fatty Acid Metabolic Process (GO:0045923),0.5558362213301542,1.1734606324817785,0.26077097505668934,1.0,1.0,10/17,26.94%,MLYCD;ELOVL5;KAT2B;MID1IP1;KLHL25;SIRT2;NR1H3;NR1H2;PPARGC1A;SLC45A3
KBTBD11,GO_Biological_Process_2023,prerank,Regulation Of Endocytosis (GO:0030100),-0.44643615023392214,-1.1733246357668259,0.16845878136200718,1.0,1.0,32/66,25.44%,SRC;CD177;PACSIN2;SMPD1;MCTP1;APOE;RUFY2;LRP1;HIP1R;TSC2;SNX33;RAB5B;SCAMP5;STON1;RIT2;SNX12;DAB2;PACSIN1;CDH13;ARFGAP3;TFR2;SNCA;SCARB1;RAB17;LRSAM1;SPHK1;PACSIN3;RUBCN;CALY;LGALS3;AP2S1;CBLL1
KBTBD11,GO_Biological_Process_2023,prerank,Regulation Of Blood Circulation (GO:1903522),-0.5062418703085929,-1.173152100544022,0.2179930795847751,1.0,1.0,8/34,10.86%,AGT;BDKRB2;KCNE5;PLN;DMPK;CAV3;KCNIP2;FXYD1
KBTBD11,GO_Biological_Process_2023,prerank,acyl-CoA Metabolic Process (GO:0006637),0.5012252305445943,1.17302641237304,0.22146118721461186,1.0,1.0,9/30,9.59%,HMGCS2;ACOT12;ACOT2;ACOT1;BAAT;ACSM1;ACSF2;MLYCD;SUCLG2
KBTBD11,GO_Biological_Process_2023,prerank,Endosome Organization (GO:0007032),-0.469684350739529,-1.1726757844560234,0.1841620626151013,1.0,1.0,25/52,21.96%,ANXA8;PI4K2A;SQSTM1;PLEKHF2;ATP6AP1;CLCN3;RAB27A;PHETA2;USP50;PLEKHJ1;HOOK1;SNX33;EXOC8;DNM1;PLEKHF1;TMCC1;LAPTM4B;HOOK3;RAB22A;ATP6V0A1;VPS18;FHIP1B;ATP6V0B;ATP6V1H;DNAJC13
KBTBD11,GO_Biological_Process_2023,prerank,Negative Regulation Of Phosphorylation (GO:0042326),-0.4427361292633246,-1.1726128282088373,0.18285714285714286,1.0,1.0,38/74,24.10%,INHBA;IGFBP3;CDKN2A;IRS2;SIRT1;CHP1;CRKL;LRRK2;LYN;MYADM;NIBAN1;IMPACT;MAPT;ZC3H12A;LRP6;SH3GL2;IBTK;PRKRIP1;TESK1;SORD;CACTIN;CDKN2D;PRKN;WWTR1;DAB2IP;PTPN13;ATG14;NTRK3;SIRPA;TGFB1;MEN1;OCLN;CIB1;UXT;PTEN;PPP1R15B;TRAF3IP1;INHA
KBTBD11,GO_Biological_Process_2023,prerank,Regulation Of Lipid Storage (GO:0010883),0.5419829137586932,1.171278813478104,0.24008810572687225,1.0,1.0,6/21,11.55%,IL6;IKBKE;PLA2G10;PLIN5;LCP1;NFKB1
KBTBD11,GO_Biological_Process_2023,prerank,Positive Regulation Of Ubiquitin-Protein Transferase Activity (GO:0051443),-0.5277066319090442,-1.1711101775548154,0.22990654205607478,1.0,1.0,16/27,26.43%,TRIB3;CDC20;UBE2C;PIN1;BMI1;DCUN1D3;SKP1;RPS2;FBXW7;DCUN1D4;DCUN1D2;PTEN;AXIN1;ARRDC4;FZR1;DCUN1D1
KBTBD11,GO_Biological_Process_2023,prerank,Negative Regulation Of Immune System Process (GO:0002683),0.4738817087858954,1.1706068331971193,0.200836820083682,1.0,1.0,14/44,16.95%,LILRB4;FCRLB;AMBP;TNFAIP3;IL17D;GPS2;CD200;NR1D1;SOX9;OTUD4;PDCD1;RAB7B;SPINK5;TSC22D3
KBTBD11,GO_Biological_Process_2023,prerank,Positive Regulation Of Endopeptidase Activity (GO:0010950),-0.515669158078112,-1.1704403612151957,0.22759856630824374,1.0,1.0,11/29,20.48%,VSIR;CR1;LYN;APH1B;USP50;STAT3;APH1A;EFNA3;ROCK2;PSME3;GRIN2B
KBTBD11,GO_Biological_Process_2023,prerank,Extracellular Matrix Assembly (GO:0085029),0.5656949473141111,1.1690531920375116,0.24643584521384929,1.0,1.0,12/17,20.01%,EFEMP2;GPM6B;MYH11;RAMP2;PXDN;FBLN5;MLF2;TNXB;HAS2;ELN;HAS1;HAS3
KBTBD11,GO_Biological_Process_2023,prerank,Amyloid-Beta Metabolic Process (GO:0050435),-0.6066231088747872,-1.1683131455261273,0.2765151515151515,1.0,1.0,8/15,19.69%,BACE1;IDE;APH1B;APH1A;PSEN2;BACE2;MGAT3;MME
KBTBD11,GO_Biological_Process_2023,prerank,Digestive Tract Morphogenesis (GO:0048546),-0.5938342480326273,-1.1682995329585675,0.26325757575757575,1.0,1.0,2/15,5.12%,SIX2;GLI1
KBTBD11,GO_Biological_Process_2023,prerank,Regulation Of Protein Autophosphorylation (GO:0031952),-0.5100496611293588,-1.1681626481108296,0.2189239332096475,1.0,1.0,14/31,20.08%,CALM2;CHP1;NEK10;CALM3;NLRP12;MRE11;IMPACT;RAD50;ENG;GPNMB;TESK1;PDGFD;EPHA7;RAP2A
KBTBD11,GO_Biological_Process_2023,prerank,Activin Receptor Signaling Pathway (GO:0032924),-0.5974734421078582,-1.167982438170058,0.27726432532347506,1.0,1.0,4/16,3.03%,CFC1;GDF7;INHBA;GDF6
KBTBD11,GO_Biological_Process_2023,prerank,Protein Insertion Into ER Membrane (GO:0045048),0.5043584704907552,1.1678438290201876,0.21505376344086022,1.0,1.0,18/29,25.28%,EMC9;RAB5IF;GET4;CCDC47;EMC7;SEC61A1;EMC6;WDR83OS;GET1;EMC3;UBL4A;EMC1;TMCO1;NCLN;TRAM1L1;TRAM2;EMC10;TMEM147
KBTBD11,GO_Biological_Process_2023,prerank,Negative Regulation Of Ion Transmembrane Transporter Activity (GO:0032413),-0.5293655694214827,-1.1674116464877664,0.22388059701492538,1.0,1.0,11/24,20.32%,TCAF2;MMP9;PLN;CALM2;CAV3;NEDD4;YWHAE;PRKCE;HECW1;CAB39;PCSK9
KBTBD11,GO_Biological_Process_2023,prerank,Cell-Matrix Adhesion (GO:0007160),-0.4177738991132269,-1.1670955548240352,0.15371024734982333,1.0,1.0,33/109,20.46%,SRC;ITGAL;STRC;ITGB2;ITGA8;CDH11;NPNT;ITGBL1;ANGPTL3;MADCAM1;ITGAM;COL17A1;TIMM10B;PARVG;VWA2;ITGA7;EMILIN1;TESK2;ADAM15;ADAMTS9;THBS3;ITGA9;OTOA;BCR;BCAT2;ADAMTS12;ECM2;PEAK1;ITGA1;TMEM8B;ACTN2;FERMT2;ADAMTS13
KBTBD11,GO_Biological_Process_2023,prerank,Epithelial Cilium Movement Involved In Extracellular Fluid Movement (GO:0003351),-0.5591219998640382,-1.1670632083192742,0.25,1.0,1.0,11/19,16.20%,SPEF2;CCDC103;CFAP53;DNAAF1;NEK10;DNAAF11;AQP4;CABYR;SPA17;CCDC40;DNAAF2
KBTBD11,GO_Biological_Process_2023,prerank,Regulation Of Lipoprotein Lipase Activity (GO:0051004),-0.5960964141115133,-1.1664043216037403,0.25925925925925924,1.0,1.0,6/15,23.13%,PCSK5;APOH;APOC1;SORT1;PCSK6;FURIN
KBTBD11,GO_Biological_Process_2023,prerank,Sensory Perception Of Bitter Taste (GO:0050913),0.47828735222057533,1.1644858820668647,0.208067940552017,1.0,1.0,4/38,2.07%,TAS2R50;TAS2R10;GNAT3;TAS2R4
KBTBD11,GO_Biological_Process_2023,prerank,Vesicle Transport Along Actin Filament (GO:0030050),-0.5736684194176327,-1.163632423600824,0.2616822429906542,1.0,1.0,7/18,12.88%,MYO1B;MYO1A;MYO5A;MYO1F;MYO6;MYO1C;MYO5B
KBTBD11,GO_Biological_Process_2023,prerank,Defense Response To Symbiont (GO:0140546),0.388795356423613,1.1635792361279458,0.12470588235294118,1.0,1.0,32/148,15.72%,OASL;TLR2;IL6;IKBKE;PLA2G10;RNASEL;TLR7;IRF7;NT5C3A;LYST;AZU1;IFNLR1;IRF2;NLRC5;IRF1;IFIT5;SERINC5;PQBP1;CD40;MICA;TTC4;EIF2AK2;NCBP3;MLKL;USP27X;SLFN13;DDX56;DDX60L;MAP3K14;TBKBP1;STAT2;APOBEC3B
KBTBD11,GO_Biological_Process_2023,prerank,Negative Regulation Of Cold-Induced Thermogenesis (GO:0120163),0.46098087436961854,1.1627354430727104,0.19599109131403117,1.0,1.0,24/45,24.90%,NPR3;DDIT3;NOVA1;ACOT13;ACVR2B;NR1D1;MAP2K6;NRDC;ACOT11;LNPEP;RB1;ZNF423;PLCL2;ADAMTS5;ID1;ACTN3;IL18R1;PLCL1;TLE3;ALDH1A1;NR1H3;NR1H2;IL15;BMAL1
KBTBD11,GO_Biological_Process_2023,prerank,Detection Of Chemical Stimulus Involved In Sensory Perception Of Bitter Taste (GO:0001580),0.4782879051004507,1.1613804142150137,0.2097457627118644,1.0,1.0,4/37,2.07%,TAS2R50;TAS2R10;GNAT3;TAS2R4
KBTBD11,GO_Biological_Process_2023,prerank,Positive Regulation Of Phosphatase Activity (GO:0010922),-0.5464029291058328,-1.1611469611229093,0.24489795918367346,1.0,1.0,10/22,19.87%,PTPA;CALM2;BMP2;CALM3;PDGFRB;PPP1R15A;CD300A;ITGA1;MTMR9;MEF2C
KBTBD11,GO_Biological_Process_2023,prerank,Positive Regulation Of Interleukin-8 Production (GO:0032757),0.44399549891749923,1.1604667129605721,0.18141592920353983,1.0,1.0,16/61,21.22%,TLR2;IL6;DDIT3;TLR7;PARK7;IL17D;RIPK1;NOD1;CD58;TIRAP;RAB1A;LEP;LAMTOR5;CNTN1;AFAP1L2;SERPINE1
KBTBD11,GO_Biological_Process_2023,prerank,Positive Regulation Of Neuron Differentiation (GO:0045666),0.4698993637427864,1.1590934493675527,0.20798319327731093,1.0,1.0,22/42,24.24%,ASCL1;GDPD5;KCTD11;CPNE1;TRIM32;RHOA;HEYL;REST;ATOH1;MMD;NBL1;NGF;ADRA2C;PCP4;PROX1;TCF4;BRINP3;GPRC5B;ZEB1;ARHGEF2;SIN3A;TCF3
KBTBD11,GO_Biological_Process_2023,prerank,Embryonic Axis Specification (GO:0000578),-0.5822471957160654,-1.1580647473075092,0.27307692307692305,1.0,1.0,5/16,15.67%,TBX3;STIL;SMAD6;CXXC4;TDGF1
KBTBD11,GO_Biological_Process_2023,prerank,Meiosis I (GO:0007127),0.5150265688751552,1.1569349837705236,0.24468085106382978,1.0,1.0,5/25,9.44%,DDX4;MEI1;CCNA1;MEIOB;SYCP3
KBTBD11,GO_Biological_Process_2023,prerank,Leukocyte Adhesion To Vascular Endothelial Cell (GO:0061756),-0.560720830911454,-1.1557131728437893,0.26120857699805067,1.0,1.0,6/19,18.54%,JAM2;SPN;MADCAM1;LRG1;GOLPH3;PODXL2
KBTBD11,GO_Biological_Process_2023,prerank,Embryonic Organ Development (GO:0048568),-0.4368079520485338,-1.1554823413750883,0.19117647058823528,1.0,1.0,17/75,17.58%,HAND1;RNF112;THPO;STIL;RARRES2;GATA3;FGF8;TGFB2;PCSK5;PBX4;PKD2;TGFBR2;TBC1D23;TEAD2;TEAD4;ERCC3;PPIL1
KBTBD11,GO_Biological_Process_2023,prerank,Apoptotic Cell Clearance (GO:0043277),-0.5167522857405172,-1.1554558158717554,0.2248062015503876,1.0,1.0,12/28,23.76%,TIMD4;FCN3;LRP1;XKR9;RAC3;XKR5;GAS6;RARA;SCARB1;ALOX15;TYRO3;TGM2
KBTBD11,GO_Biological_Process_2023,prerank,Response To Hydrogen Peroxide (GO:0042542),0.4598314854149286,1.1551113145848426,0.21475054229934923,1.0,1.0,18/46,17.63%,FABP1;IL6;RHOB;TNFAIP3;TRPA1;RIPK1;HDAC6;CYP1B1;MAPK13;SETX;ANKZF1;MAP3K5;HBA1;PPIF;FYN;CAT;STK25;PRKCD
KBTBD11,GO_Biological_Process_2023,prerank,Positive Regulation Of Natural Killer Cell Mediated Immunity (GO:0002717),-0.5305281088637962,-1.154762083589864,0.24955752212389382,1.0,1.0,9/24,24.14%,SH2D1B;RAET1E;KLRK1;HLA-F;HLA-E;PVR;HLA-G;NECTIN2;CADM1
KBTBD11,GO_Biological_Process_2023,prerank,Release Of Cytochrome C From Mitochondria (GO:0001836),-0.5554800734074409,-1.1522781918667022,0.2718978102189781,1.0,1.0,9/19,19.19%,IFI6;MFF;FZD9;BAX;BCL2L1;SFN;GGCT;BID;BAK1
KBTBD11,GO_Biological_Process_2023,prerank,Positive Regulation Of Signal Transduction By P53 Class Mediator (GO:1901798),0.5248490159413334,1.1513056745518522,0.2399103139013453,1.0,1.0,13/21,21.95%,SPRED2;DDX5;SPRED1;MYC;UBB;RPS7;ATM;CDK5RAP3;GET1;RPL17;MSX1;EEF1E1;PMAIP1
KBTBD11,GO_Biological_Process_2023,prerank,Receptor Catabolic Process (GO:0032801),-0.6044201164536682,-1.1512058640842127,0.2727272727272727,1.0,1.0,8/15,20.32%,SNX25;GPRASP1;NEDD4;RNF43;PIK3R4;UVRAG;TGFB1;PCSK9
KBTBD11,GO_Biological_Process_2023,prerank,Negative Regulation Of Viral Life Cycle (GO:1903901),-0.5498512178047669,-1.1488220710436408,0.3037037037037037,1.0,1.0,6/20,20.51%,TRIM15;FCN3;TRIM11;BST2;GSN;TRIM5
KBTBD11,GO_Biological_Process_2023,prerank,Microtubule Depolymerization (GO:0007019),-0.5678608733400404,-1.1484415851513816,0.2732447817836812,1.0,1.0,3/17,5.68%,KIF2B;STMN4;STMND1
KBTBD11,GO_Biological_Process_2023,prerank,Regulation Of Interferon-Beta Production (GO:0032648),0.4504492862233293,1.1483788352268363,0.21398305084745764,1.0,1.0,14/50,16.08%,IRF5;TLR2;TLR7;IRF7;IRF1;POLR3F;PTPRS;RIOK3;MORC3;PTPN11;REL;TOMM70;TRIM65;TIRAP
KBTBD11,GO_Biological_Process_2023,prerank,Regulation Of NLRP3 Inflammasome Complex Assembly (GO:1900225),-0.4930713681534667,-1.1475032923759525,0.23985239852398524,1.0,1.0,14/33,25.16%,CSNK1A1;IRGM;ZDHHC12;PYDC1;USP50;NLRC3;DEPDC1B;MARK4;HSPA8;CARD8;DDX3X;PPP2CA;MAPK8;CD36
KBTBD11,GO_Biological_Process_2023,prerank,Actin Filament-Based Transport (GO:0099515),-0.5491686762664155,-1.1470697280885618,0.2595978062157221,1.0,1.0,7/20,12.88%,MYO1B;MYO1A;MYO5A;MYO1F;MYO6;MYO1C;MYO5B
KBTBD11,GO_Biological_Process_2023,prerank,Regulation Of Intrinsic Apoptotic Signaling Pathway In Response To DNA Damage (GO:1902229),-0.5732549069281763,-1.146324427704531,0.2876447876447876,1.0,1.0,9/15,19.68%,CCAR2;SNAI2;DDIAS;NACC2;TPT1;BCL2L1;CDKN2D;CXCL12;TMEM161A
KBTBD11,GO_Biological_Process_2023,prerank,Zinc Ion Transmembrane Transport (GO:0071577),-0.5402025223164226,-1.1447814852035907,0.26045627376425856,1.0,1.0,6/21,15.72%,SLC30A2;SLC30A4;SLC39A14;SLC39A7;SLC39A1;SLC30A10
KBTBD11,GO_Biological_Process_2023,prerank,Regulation Of MAP Kinase Activity (GO:0043405),-0.401173602013853,-1.1441174151663949,0.17550274223034734,1.0,1.0,37/114,20.48%,AGT;TGFA;RGS14;FGF1;DUSP19;TSG101;TNFSF11;LIME1;SMPD1;TRIB3;BMP2;CAV3;NEK10;PDGFRB;LRRK2;LYN;EGF;NOD2;APOE;CD300A;UCHL1;PIK3R5;HTR2B;SOS1;PDCD10;TDGF1;GHR;CDK12;DAB2IP;PTPRJ;PDGFD;ERP29;TENM1;MEF2C;NTRK3;TGFB1;STK38
KBTBD11,GO_Biological_Process_2023,prerank,Placenta Development (GO:0001890),-0.5276274770231767,-1.1420589634218004,0.26641651031894936,1.0,1.0,8/22,16.33%,PLAC1;PTK2;SOD1;PHLDA2;E2F7;PKD2;CITED1;CUL7
KBTBD11,GO_Biological_Process_2023,prerank,Ganglioside Metabolic Process (GO:0001573),-0.5597835338121107,-1.1412156279050683,0.2647058823529412,1.0,1.0,9/19,18.92%,ST3GAL5;B4GALNT1;NEU3;NEU4;ST6GALNAC6;ST6GALNAC3;ST8SIA3;GM2A;ST6GALNAC5
KBTBD11,GO_Biological_Process_2023,prerank,Zinc Ion Transport (GO:0006829),-0.5285897261568205,-1.1403072146771085,0.2690166975881262,1.0,1.0,7/23,15.72%,SLC30A2;SLC30A4;SLC30A6;SLC39A14;SLC39A7;SLC39A1;SLC30A10
KBTBD11,GO_Biological_Process_2023,prerank,Regulation Of Monoatomic Ion Transmembrane Transport (GO:0034765),-0.4993127254994861,-1.1398390852607931,0.26666666666666666,1.0,1.0,13/29,20.48%,KCNJ6;KCNJ11;KCNJ9;GRIN2A;NEDD4;P2RX7;KCNJ10;WNK1;GRIN2D;KCNJ2;KCNJ14;WWP2;GRIN2B
KBTBD11,GO_Biological_Process_2023,prerank,Positive Regulation Of Tyrosine Phosphorylation Of STAT Protein (GO:0042531),0.43888676883645583,1.1388530433199302,0.23214285714285715,1.0,1.0,15/55,16.51%,IL6;PARP9;LIF;TSLP;CLCF1;CTF1;TNFRSF18;IL18;TNFRSF1A;CD40;CRLF1;FLT3;VEGFA;ERBB4;IL23A
KBTBD11,GO_Biological_Process_2023,prerank,Positive Regulation Of Protein Tyrosine Kinase Activity (GO:0061098),-0.4761393226393048,-1.1370825983340997,0.23431734317343172,1.0,1.0,5/37,1.88%,AREG;SRC;AGT;TGFA;DOK7
KBTBD11,GO_Biological_Process_2023,prerank,Regulation Of Long-Term Synaptic Potentiation (GO:1900271),0.4702594284318964,1.1351818412732948,0.20675105485232068,1.0,1.0,7/31,12.81%,SLC18A3;CALB1;CALB2;RELN;CHRNA7;GSK3B;LGMN
KBTBD11,GO_Biological_Process_2023,prerank,Epithelial Cell Development (GO:0002064),0.5520946221643314,1.1342683159795968,0.2860169491525424,1.0,1.0,3/18,5.48%,WNT5B;SIPA1;SIX3
KBTBD11,GO_Biological_Process_2023,prerank,Regulation Of Blood Vessel Endothelial Cell Proliferation Involved In Sprouting Angiogenesis (GO:1903587),0.5515765178470312,1.1341200362985917,0.3026052104208417,1.0,1.0,5/16,19.55%,DLL4;NGFR;VEGFA;FGF2;THBS1
KBTBD11,GO_Biological_Process_2023,prerank,Positive Regulation Of Protein Dephosphorylation (GO:0035307),-0.4894582987078389,-1.1340540793399039,0.2545454545454545,1.0,1.0,9/33,12.28%,PTPA;CALM2;SMPD1;CALM3;PDGFRB;PPP1R15A;CD300A;PIN1;PPP1R7
KBTBD11,GO_Biological_Process_2023,prerank,Heart Looping (GO:0001947),-0.4718143604573365,-1.1338898842681948,0.24738675958188153,1.0,1.0,11/38,15.94%,HAND1;CCDC103;STIL;BBS5;DNAAF1;SRF;NOTCH1;PKD2;TGFBR2;ENG;CCDC40
KBTBD11,GO_Biological_Process_2023,prerank,Positive Regulation Of Lymphocyte Chemotaxis (GO:0140131),-0.5693993218418936,-1.13359690852302,0.308529945553539,1.0,1.0,4/17,15.19%,CXCL13;XCL1;WNK1;PTK2B
KBTBD11,GO_Biological_Process_2023,prerank,Anterior/Posterior Axis Specification (GO:0009948),0.5379816171419105,1.133564159329317,0.2703296703296703,1.0,1.0,4/19,7.96%,CDX2;DDIT3;MESP1;LHX1
KBTBD11,GO_Biological_Process_2023,prerank,Antigen Processing And Presentation Of Endogenous Peptide Antigen (GO:0002483),-0.5381794802811106,-1.1327457493292752,0.28596802841918295,1.0,1.0,14/21,24.24%,RAET1E;ULBP3;IDE;HFE;TAP1;HLA-F;HLA-DRB1;HLA-B;HLA-E;HLA-C;HLA-G;HLA-DRA;TAP2;MICB
KBTBD11,GO_Biological_Process_2023,prerank,Muscle Cell Development (GO:0055001),0.47968435032626566,1.1323491358387505,0.25,1.0,1.0,14/32,19.44%,EFEMP2;ALPK2;MYH11;RAMP2;ACTN4;BIN1;SGCZ;SLC8A1;VEGFA;ACTN3;LRRC27;CHRNB1;KDM1A;IGF1
KBTBD11,GO_Biological_Process_2023,prerank,Positive Regulation Of Osteoclast Differentiation (GO:0045672),-0.5422178551796599,-1.13159097559941,0.26425855513307983,1.0,1.0,4/18,12.53%,IL23R;POU4F1;TNFSF11;TMEM64
KBTBD11,GO_Biological_Process_2023,prerank,Regulation Of Cardiac Muscle Contraction By Regulation Of The Release Of Sequestered Calcium Ion (GO:0010881),-0.5626784582409632,-1.130446095708344,0.30363636363636365,1.0,1.0,5/16,11.53%,CLIC2;CALM2;CALM3;ATP1A2;HRC
KBTBD11,GO_Biological_Process_2023,prerank,Cellular Response To Estradiol Stimulus (GO:0071392),-0.5370139142825845,-1.1295348696185459,0.2722007722007722,1.0,1.0,6/20,11.88%,SSTR1;POU4F1;GPER1;KAT5;ZNF703;RAMP3
KBTBD11,GO_Biological_Process_2023,prerank,Nucleic Acid Metabolic Process (GO:0090304),-0.5036758460553687,-1.1293217104760371,0.260707635009311,1.0,1.0,14/30,24.62%,NT5E;DXO;EXD2;MMS19;WDR74;PDE12;RAD50;DDX54;WRN;DDX1;RECQL5;DNASE1L1;RAN;ATXN2
KBTBD11,GO_Biological_Process_2023,prerank,Cilium-Dependent Cell Motility (GO:0060285),-0.5351927012373997,-1.1292956879744573,0.2977941176470588,1.0,1.0,7/20,16.28%,DNAH7;DNAH1;DNAH2;RSPH9;GAS8;DNAAF2;DNAI3
KBTBD11,GO_Biological_Process_2023,prerank,Endodermal Cell Differentiation (GO:0035987),-0.4972193549293767,-1.1291234191216974,0.25504587155963304,1.0,1.0,9/31,15.58%,COL7A1;ITGB2;INHBA;MMP9;COL6A1;ITGA7;RTF1;COL11A1;MIXL1
KBTBD11,GO_Biological_Process_2023,prerank,"Retrograde Protein Transport, ER To Cytosol (GO:0030970)",-0.5580803596581444,-1.129067343487159,0.29636711281070743,1.0,1.0,7/17,18.62%,ERLEC1;HERPUD1;HSP90B1;HM13;UFD1;SEC61B;OS9
KBTBD11,GO_Biological_Process_2023,prerank,Post-Translational Protein Modification (GO:0043687),0.446492608096686,1.1286668341263935,0.2650862068965517,1.0,1.0,26/48,19.46%,PARP16;PARP9;PARP3;PARP1;COPS5;SUMF1;DSCC1;PARP6;UBE2F;TTL;RHBDD1;PRKCA;STT3A;AURKB;DCAF1;CCNA2;FN3KRP;PARP15;RPS6KA5;PRKCD;STT3B;UCHL3;SENP8;PARP12;TNKS;FAM20C
KBTBD11,GO_Biological_Process_2023,prerank,Regulation Of Protein Serine/Threonine Kinase Activity (GO:0071900),-0.39824428883533325,-1.1284712497576814,0.19073083778966132,1.0,1.0,40/112,21.17%,SRC;DUSP19;IRGM;TSG101;CDKN2A;CALM2;LIME1;SIRT1;TRIB3;CALM3;CCNB3;HTT;CCNI2;CCNJ;CAMK1;CCNB1;CCNE2;LRP6;PIH1D1;SOS1;PDCD10;CCNI;RALB;CCNE1;ACTB;UVRAG;TELO2;TESK1;CDKN2D;CDK12;CDC37;DAB2IP;GTPBP4;CAB39;SNCA;MAP2K2;ETAA1;GTF2H1;MNAT1;CCNF
KBTBD11,GO_Biological_Process_2023,prerank,Sulfur Compound Biosynthetic Process (GO:0044272),-0.4281397033725609,-1.128292772434593,0.23665480427046262,1.0,1.0,30/68,22.32%,GGTA1;B3GNT3;CHPF2;NDST3;EXTL3;CHST5;LIAS;B4GALT4;CHST7;GGT7;SLC35D2;XYLT1;ST3GAL6;CHSY1;CDO1;EXT2;B3GAT3;CHST2;UST;ST3GAL1;ST3GAL4;CTH;B3GNT7;CHST14;MPST;CHST13;PAPSS1;EXTL1;UGDH;CHSY3
KBTBD11,GO_Biological_Process_2023,prerank,Negative Regulation Of Transport (GO:0051051),0.46364750327705984,1.1276007784045272,0.24572649572649571,1.0,1.0,1/39,0.01%,RSC1A1
KBTBD11,GO_Biological_Process_2023,prerank,Regulation Of Adenylate Cyclase Activity (GO:0045761),-0.5651194338940857,-1.1275859533582735,0.28545780969479356,1.0,1.0,6/17,17.90%,GRM2;ORAI1;GABBR2;CACNA1D;AKAP5;STIM1
KBTBD11,GO_Biological_Process_2023,prerank,Regulation Of Neuron Migration (GO:2001222),0.49770196568658426,1.1275240585821087,0.2794759825327511,1.0,1.0,15/29,24.02%,TNN;NTNG1;IGSF10;RELN;NTNG2;SEMA6A;CTNNA2;PLXNB2;NSMF;CAMK2A;CAMK2B;CX3CL1;ARHGEF2;SRGAP3;NEXMIF
KBTBD11,GO_Biological_Process_2023,prerank,Hemopoiesis (GO:0030097),-0.40709305178759275,-1.127377019450834,0.20650095602294455,1.0,1.0,37/101,20.91%,WNT2B;INHBA;THPO;ZBTB16;TGFB2;EPOR;LYL1;PRKX;MYB;LYN;L3MBTL1;ETV6;TET2;YJEFN3;LCK;CEBPA;RUNX3;KIRREL3;BMI1;PBXIP1;OGT;TGFBR2;JAG1;TP53;MIXL1;RASGRP4;EVI2B;FST;NCOA6;ASH2L;KAT6A;MKNK2;TGFB1;HIPK1;CEBPB;TEK;SNRK
KBTBD11,GO_Biological_Process_2023,prerank,Signal Release From Synapse (GO:0099643),-0.47103893654300627,-1.1266812943954172,0.26879699248120303,1.0,1.0,23/38,27.22%,SNAP25;CPLX4;OTOF;SYN1;STXBP1;DNAJC5;GRM4;SNAPIN;PDZD11;SYT1;STXBP2;CDK5;SNCA;CPLX2;VAMP2;LIN7C;STXBP3;DVL1;STX1A;HRH3;PTPRN2;SYN3;PIP5K1C
KBTBD11,GO_Biological_Process_2023,prerank,Negative Regulation Of Protein Dephosphorylation (GO:0035308),-0.5424265353749718,-1.1265307161531848,0.289272030651341,1.0,1.0,11/19,21.48%,PTPA;ENSA;YWHAE;PPP1R15A;TIPRL;STYXL1;PPP1R1B;MFHAS1;MASTL;YWHAB;PPP1R16B
KBTBD11,GO_Biological_Process_2023,prerank,Response To Transforming Growth Factor Beta (GO:0071559),-0.48230370718101556,-1.1248053343018392,0.26577437858508607,1.0,1.0,14/38,20.24%,FNDC4;WNT4;MXRA5;XCL1;CRKL;PDE2A;RUNX3;CITED1;NR3C1;OVOL2;ROCK2;MEF2C;SMAD4;TGFB1
KBTBD11,GO_Biological_Process_2023,prerank,Negative Regulation Of Lymphocyte Proliferation (GO:0050672),-0.47157720266180125,-1.1237858121753928,0.2560747663551402,1.0,1.0,17/39,21.31%,LST1;CD274;CR1;PLA2G2A;FOXP3;SPN;LYN;RC3H1;CD300A;CD86;TNFRSF21;SFTPD;GPNMB;HLA-DRB1;SDC4;CEBPB;HLA-G
KBTBD11,GO_Biological_Process_2023,prerank,Regulation Of Neuron Differentiation (GO:0045664),0.4158044813828467,1.123521382758708,0.25316455696202533,1.0,1.0,37/79,23.59%,DKK1;ASCL1;GDPD5;SIX3;NTF4;RELN;KCTD11;CPNE1;SOX2;BIN1;TRIM32;RHOA;HEYL;REST;CDK5RAP2;ROCK1;MED1;ATOH1;MMD;NBL1;NGF;BMP7;CDK5RAP3;ADRA2C;PCP4;TCF4;MOSMO;DLL1;HEY1;BRINP3;GPRC5B;CASZ1;ZEB1;NTF3;ARHGEF2;SIN3A;NEPRO
KBTBD11,GO_Biological_Process_2023,prerank,Vesicle-Mediated Transport In Synapse (GO:0099003),-0.5436358788902788,-1.1234635316047168,0.30612244897959184,1.0,1.0,10/18,22.15%,SNAP25;CPLX4;OTOF;BRSK1;DNAJC5;SNAPIN;CDK5;SNCA;CPLX2;VAMP2
KBTBD11,GO_Biological_Process_2023,prerank,Positive Regulation Of Protein Serine/Threonine Kinase Activity (GO:0071902),-0.39656613789169964,-1.123373907590808,0.19642857142857142,1.0,1.0,43/117,21.32%,SRC;TGFA;FGF1;RGCC;IRGM;CALM2;TNFSF11;SIRT1;NEK10;CALM3;PDGFRB;LRRK2;EGF;NOD2;CAMK1;PIK3R5;PSMD10;HTR2B;PIH1D1;PKD2;PDCD10;RALB;TDGF1;PSRC1;CEMIP;TELO2;GHR;DAB2IP;PDGFD;RAPGEF2;ERP29;TENM1;MEF2C;FERMT2;NTRK3;CAB39;TGFB1;SNCA;MAPRE3;MAP2K2;ETAA1;SPDYA;DIRAS1
KBTBD11,GO_Biological_Process_2023,prerank,ncRNA Catabolic Process (GO:0034661),-0.4915700903778883,-1.1230865795946487,0.26972477064220185,1.0,1.0,14/33,21.93%,SLFN14;EXOSC10;TENT4B;EXOSC5;DIS3L2;NUDT16L1;ZC3H12A;DEDD2;EXOSC4;EXOSC3;DIS3;EXOSC2;SLFN12;RBM7
KBTBD11,GO_Biological_Process_2023,prerank,Negative Regulation Of GTPase Activity (GO:0034260),-0.5374859105248748,-1.1229106751343987,0.28937007874015747,1.0,1.0,9/20,14.20%,GMIP;CPEB2;KLRK1;GPSM1;LRRK2;RASA4;WNK1;LRCH1;ARL2
KBTBD11,GO_Biological_Process_2023,prerank,Negative Regulation Of DNA Metabolic Process (GO:0051053),0.4402591460306617,1.1223675163617723,0.2534883720930233,1.0,1.0,21/48,24.61%,GMNC;DFFA;DACH1;H1-4;TERF2;CDC6;GMNN;H1-0;BLM;TSPYL2;H1-5;H1-3;ZRANB3;KMT2A;NIBAN2;H1-2;H1-10;MSH6;SUB1;TERF2IP;MSH2
KBTBD11,GO_Biological_Process_2023,prerank,Cellular Response To Hypoxia (GO:0071456),0.41141047027852307,1.1222491104699188,0.2240566037735849,1.0,1.0,32/72,23.34%,FABP1;TWIST1;MDM2;ANGPT4;NKX3-1;NDNF;EGLN3;EPAS1;MLST8;SLC8A3;CPEB1;MYC;UBQLN1;BAD;VEGFA;MGARP;BMP7;RPTOR;PGK1;AQP3;MDM4;PINK1;SIRT2;ADAM8;FMN2;HIF1A;BNIP3L;HIPK2;PMAIP1;OPRD1;STOX1;TBL2
KBTBD11,GO_Biological_Process_2023,prerank,DNA-templated Transcription Initiation (GO:0006352),-0.44121609067879103,-1.122222179645265,0.23583180987202926,1.0,1.0,26/58,24.10%,TBPL2;TAF1C;POLR2I;TAF7;GTF2A2;TFB2M;MED27;TAF2;SMARCA5;GTF2B;RSF1;CRCP;TAF6;ELOB;ERCC3;MAZ;TAF13;NAT14;TAF11;NCOA6;PAAF1;GTF2F2;GTF3C1;TBP;TFB1M;TAF4
KBTBD11,GO_Biological_Process_2023,prerank,Receptor Clustering (GO:0043113),-0.5499111632717607,-1.121894592970299,0.2839285714285714,1.0,1.0,4/19,7.03%,ITGAL;ITGB2;LRP4;MADCAM1
KBTBD11,GO_Biological_Process_2023,prerank,Regulation Of Protein Kinase C Signaling (GO:0090036),0.5600783869869302,1.1218937220332958,0.31042128603104213,1.0,1.0,9/16,21.03%,MC1R;SPHK2;DGKG;DGKD;CD40;VEGFA;WNT5A;FLT4;SEZ6L
KBTBD11,GO_Biological_Process_2023,prerank,Glycosphingolipid Metabolic Process (GO:0006687),-0.48886129103161446,-1.1198216552536044,0.2704280155642023,1.0,1.0,13/32,18.92%,ST3GAL5;B4GALNT1;NEU3;SMPD1;UGT8;ST6GALNAC6;ST6GALNAC3;ST8SIA1;ST8SIA3;GBA2;GALC;GM2A;ST6GALNAC5
KBTBD11,GO_Biological_Process_2023,prerank,mRNA Destabilization (GO:0061157),-0.459296582397253,-1.1196853050830593,0.24817518248175183,1.0,1.0,18/43,18.76%,PLEKHN1;ZC3H12D;FTO;DND1;RC3H1;DIS3L2;PDE12;GIGYF2;ZC3H12A;RC3H2;YTHDF3;KHSRP;RIDA;UPF1;MOV10;FXR1;ROCK2;AGO4
KBTBD11,GO_Biological_Process_2023,prerank,Positive Regulation Of Production Of Molecular Mediator Of Immune Response (GO:0002702),0.4595009471035951,1.118730503590454,0.2650334075723831,1.0,1.0,9/38,13.42%,IRF5;IL6;CLCF1;DNAJB9;SPHK2;LACC1;VAMP3;TRIM6;GPI
KBTBD11,GO_Biological_Process_2023,prerank,Positive Regulation Of Lipid Storage (GO:0010884),0.5173179914765448,1.118279500577549,0.2800875273522976,1.0,1.0,6/20,12.24%,IKBKE;PLA2G10;PLIN5;LCP1;NFKB1;EHD1
KBTBD11,GO_Biological_Process_2023,prerank,Regulation Of Tumor Necrosis Factor-Mediated Signaling Pathway (GO:0010803),0.44494459997470953,1.1181437151149431,0.255863539445629,1.0,1.0,11/48,13.05%,IKBKE;MAPKAPK2;APOA1;TNFAIP3;GPS2;CPNE1;IKBKB;PPP2CB;SPATA2;CCDC3;MIB2
KBTBD11,GO_Biological_Process_2023,prerank,Leukocyte Tethering Or Rolling (GO:0050901),-0.555107706882245,-1.1179350643379138,0.30859375,1.0,1.0,5/17,18.54%,JAM2;SPN;MADCAM1;GOLPH3;PODXL2
KBTBD11,GO_Biological_Process_2023,prerank,Cellular Response To Decreased Oxygen Levels (GO:0036294),0.4061837787908644,1.1170742518561174,0.22453703703703703,1.0,1.0,29/73,21.95%,FABP1;TWIST1;MDM2;ANGPT4;NKX3-1;NDNF;EGLN3;EPAS1;MLST8;SLC8A3;CPEB1;MYC;UBQLN1;BAD;VEGFA;MGARP;BMP7;RPTOR;PGK1;AQP3;MDM4;PINK1;SIRT2;ADAM8;FMN2;HIF1A;BNIP3L;HIPK2;PMAIP1
KBTBD11,GO_Biological_Process_2023,prerank,Glutamate Metabolic Process (GO:0006536),-0.5388847125233922,-1.116418991712746,0.30782608695652175,1.0,1.0,8/20,18.41%,NAGS;GAD1;GCLM;ALDH18A1;GOT1;GCLC;GLUD1;GLS
KBTBD11,GO_Biological_Process_2023,prerank,Intrinsic Apoptotic Signaling Pathway In Response To DNA Damage By P53 Class Mediator (GO:0042771),-0.5340994140681875,-1.115163988184949,0.27717391304347827,1.0,1.0,13/19,27.89%,SIRT1;TMEM109;SNW1;TP53;DDIT4;EP300;BCL3;USP28;HIPK1;IFI16;TP73;DYRK2;BAG6
KBTBD11,GO_Biological_Process_2023,prerank,Establishment Of Melanosome Localization (GO:0032401),-0.5561931426365484,-1.1145244392223819,0.3103448275862069,1.0,1.0,11/16,25.84%,BBS5;RAB27A;MYO5A;MLPH;SHROOM2;MREG;BBS2;RAB17;RAB11A;BBS7;BLOC1S5
KBTBD11,GO_Biological_Process_2023,prerank,Regulation Of Cellular Metabolic Process (GO:0031323),-0.45701066359660614,-1.1141246726488918,0.2564991334488735,1.0,1.0,20/45,20.71%,BCO2;PDK2;ING2;MBOAT7;RSL1D1;NEK4;EIF6;OGT;ARL2;PGAM1;EP300;CIDEB;GNB3;PRKN;COQ7;RNF41;PRKAG1;ZBTB7A;PPARA;RNF34
KBTBD11,GO_Biological_Process_2023,prerank,Gland Development (GO:0048732),0.40457913274812346,1.1137928608925411,0.24618736383442266,1.0,1.0,23/73,20.43%,UGT1A8;NOTCH4;PHF1;SIX3;NKX3-1;SALL1;GFER;TGFB3;SOX2;SOX9;LSR;ARID5B;GLI2;ARHGAP35;EZR;FGFR2;ZBTB1;CDK5RAP3;CAV1;COBL;PROX1;STRA6;TGFBR3
KBTBD11,GO_Biological_Process_2023,prerank,Peripheral Nervous System Development (GO:0007422),-0.527181607262648,-1.1132121037113294,0.30363636363636365,1.0,1.0,11/20,24.80%,SOX10;ARTN;EGR2;SCN8A;UGT8;ERBB3;ADGRB2;GPC1;SOX8;SERPINI1;NFASC
KBTBD11,GO_Biological_Process_2023,prerank,Regulation Of Receptor-Mediated Endocytosis (GO:0048259),0.4583468917537122,1.1130453872656159,0.2826552462526767,1.0,1.0,12/39,23.41%,DKK1;F3;ARF1;RAB21;LDLRAP1;B2M;BMP2K;BICD1;CLU;SERPINE1;C3;SGIP1
KBTBD11,GO_Biological_Process_2023,prerank,Regulation Of Phosphatase Activity (GO:0010921),-0.5407295631668835,-1.1128653861777884,0.289272030651341,1.0,1.0,7/19,14.26%,PTPA;CHP1;HTT;PPP6R2;HSP90B1;URI1;TIPRL
KBTBD11,GO_Biological_Process_2023,prerank,Regulation Of Establishment Of Planar Polarity (GO:0090175),0.48519526159979254,1.1127545771343932,0.2823779193205945,1.0,1.0,11/29,22.46%,DVL2;FZD6;SAPCD2;RHOA;CELSR2;CELSR3;DACT1;WNT5A;SMURF2;VANGL1;VANGL2
KBTBD11,GO_Biological_Process_2023,prerank,Regulation Of Lymphocyte Proliferation (GO:0050670),-0.5508519729454251,-1.1126399731183774,0.31021194605009633,1.0,1.0,1/18,0.68%,LST1
KBTBD11,GO_Biological_Process_2023,prerank,Cellular Response To Estrogen Stimulus (GO:0071391),0.5669127664078377,1.1125941073654935,0.31645569620253167,1.0,1.0,9/15,24.98%,SOX9;SERPINB9;TRIM24;BCAS3;SFR1;ESR1;NCOA4;ARID5A;SFRP1
KBTBD11,GO_Biological_Process_2023,prerank,Positive Regulation Of Tumor Necrosis Factor Superfamily Cytokine Production (GO:1903557),0.40566477278941265,1.111719376559284,0.26018099547511314,1.0,1.0,19/81,16.51%,TWIST1;TLR2;IL33;IL6;ISL1;AZU1;PF4;SETD4;RIPK1;SPHK2;LCP1;RASGRP1;IFNGR1;HSPB1;PTPN11;C1QTNF4;WNT5A;TIRAP;IL23A
KBTBD11,GO_Biological_Process_2023,prerank,Cellular Response To Chemokine (GO:1990869),-0.4397281220479141,-1.1112961007856552,0.2896678966789668,1.0,1.0,10/57,15.19%,CXCL13;CXCL2;CCL25;CXCL1;XCL1;ZC3H12A;WNK1;LRCH1;RIPOR2;PTK2B
KBTBD11,GO_Biological_Process_2023,prerank,Protein Insertion Into Mitochondrial Membrane (GO:0051204),-0.49616848971338295,-1.1112633489136527,0.29858657243816256,1.0,1.0,14/28,23.37%,TIMM22;TIMM10;PRICKLE4;TOMM5;TIMM10B;ROMO1;TIMM9;NDUFA13;TIMM13;MTCH2;MTX2;TIMM8A;MOAP1;TRMT10B
KBTBD11,GO_Biological_Process_2023,prerank,Regulation Of Neuron Projection Development (GO:0010975),0.3654543764168512,1.1096200967255003,0.19444444444444445,1.0,1.0,64/174,19.90%,TNN;TNR;RTN4RL1;RTN4R;CCDC88A;NTNG1;MYCBP2;ACP4;SPOCK1;GAK;STX1B;PAK2;NDNF;AVIL;ADCY6;ALKAL1;RELN;TENM3;ZDHHC15;PLA2G3;PTPRS;NTNG2;CAMK1D;SCN1B;LPAR1;NPTN;SETX;STMN2;PRAG1;ARHGAP35;CBFA2T2;GSK3B;PAQR3;ABL2;CTNNA2;PRKCI;PDLIM5;TRPV4;RAP1A;EFNB2;ROR2;DCC;KANK1;KNDC1;PLXNB2;FBXO7;PPFIA2;WNT5A;HDAC2;SCARF1;MINAR1;IL1RAPL1;YTHDF1;ITGA6;RUFY3;EFHC2;CAMK2B;CX3CL1;FUT9;EPHA3;KIDINS220;AKT1;DDR2;MAGI2
KBTBD11,GO_Biological_Process_2023,prerank,Positive Regulation Of T Cell Migration (GO:2000406),-0.5040886597587944,-1.1093826271262168,0.28804347826086957,1.0,1.0,4/25,6.68%,CXCL13;TMEM102;XCL1;SPN
KBTBD11,GO_Biological_Process_2023,prerank,Negative Regulation Of Interleukin-10 Production (GO:0032693),-0.5625478552568729,-1.1091931536923154,0.30851063829787234,1.0,1.0,4/16,5.98%,IL23R;CD274;VSIR;FOXP3
KBTBD11,GO_Biological_Process_2023,prerank,Regulation Of Phosphatidylinositol 3-Kinase Signaling (GO:0014066),-0.4079102442531677,-1.1082534822505008,0.23277467411545624,1.0,1.0,34/89,24.04%,SRC;PIK3IP1;PTK2;LIME1;HGF;SIRT1;EXTL3;GPER1;NTRK1;NTRK2;RAPGEF3;TGFB2;PDGFRB;NEDD4;EGF;NLRC3;TSC2;HCST;ERBB3;MAZ;PIK3AP1;F2R;PLXNB1;DAB2IP;PDGFD;PTPN13;NTRK3;TEK;PPP1R16B;ROR1;PTEN;NOP53;HCLS1;FGFR1
KBTBD11,GO_Biological_Process_2023,prerank,Positive Regulation Of Cytokine-Mediated Signaling Pathway (GO:0001961),0.44914852026255914,1.1078074952287842,0.2741228070175439,1.0,1.0,14/44,16.06%,IKBKE;PARP9;TSLP;CSF1;NLRC5;RIPK1;CPNE1;TRIM6;AGPAT1;IL7;USP27X;TRIM44;C1QTNF4;WNT5A
KBTBD11,GO_Biological_Process_2023,prerank,Positive Regulation Of Epithelial Cell Proliferation (GO:0050679),-0.3908445682420061,-1.107724107689139,0.22851919561243145,1.0,1.0,35/122,22.38%,AREG;PAX2;TGFA;FGF9;BMPR2;TNFSF12;SIRT1;BMP2;LRG1;NME2;EGF;ZNF703;VEGFC;NOD2;CLDN1;ARNT;HTR2B;C5AR1;STAT5A;HMGB2;YAP1;BMP6;PDCD6;CDH13;MDK;STXBP4;PTN;TEK;ZNF580;MEN1;HPN;PPP1R16B;PGF;RREB1;SAAL1
KBTBD11,GO_Biological_Process_2023,prerank,Water Transport (GO:0006833),0.5507598327939538,1.107563267485038,0.34934497816593885,1.0,1.0,2/17,2.20%,AQP8;AQP7
KBTBD11,GO_Biological_Process_2023,prerank,Cellular Response To Cadmium Ion (GO:0071276),0.5073265465065556,1.1065673699352432,0.30184804928131415,1.0,1.0,14/22,22.80%,MT1A;SLC11A1;HSF1;MT1F;MAPK1;DAXX;EGFR;JUN;MAPK9;AKT1;SUMO1;SLC39A8;MT1G;MT1X
KBTBD11,GO_Biological_Process_2023,prerank,Vacuolar Transport (GO:0007034),-0.4458370025301976,-1.1063043479449515,0.2664233576642336,1.0,1.0,14/46,15.17%,SPTBN5;CHMP1A;ATP6V0D1;TMEM106B;AP1G1;VTI1A;VIPAS39;NEDD4;LRP1;VPS37B;VPS53;NPC1;VPS37C;PIK3R4
KBTBD11,GO_Biological_Process_2023,prerank,"Nuclear-Transcribed mRNA Catabolic Process, Deadenylation-Dependent Decay (GO:0000288)",-0.46205778730574704,-1.1059331214702788,0.2953271028037383,1.0,1.0,17/39,23.37%,CNOT6;EXOSC7;CNOT7;RC3H1;DCP1A;PATL2;EXOSC5;PDE12;RC3H2;CNOT9;CNOT4;EXOSC3;DIS3;EXOSC2;ZFP36;PAN2;CNOT2
KBTBD11,GO_Biological_Process_2023,prerank,Neuromuscular Process (GO:0050905),0.5432802088264621,1.105163342344472,0.3522975929978118,1.0,1.0,5/17,13.12%,KCNA1;CHRND;MYCBP2;TPP1;UBA5
KBTBD11,GO_Biological_Process_2023,prerank,Positive Regulation Of Epithelial Cell Differentiation (GO:0030858),0.5163611575210209,1.1048186126534165,0.31157894736842107,1.0,1.0,10/20,22.76%,NKX6-1;MESP1;SOX9;BAD;FGF2;TMEM100;FOXJ1;RFX3;SFRP4;SULT2B1
KBTBD11,GO_Biological_Process_2023,prerank,Embryonic Heart Tube Morphogenesis (GO:0003143),-0.450683042927656,-1.1047174213224753,0.28499156829679595,1.0,1.0,11/42,15.94%,HAND1;CCDC103;STIL;BBS5;DNAAF1;SRF;NOTCH1;PKD2;TGFBR2;ENG;CCDC40
KBTBD11,GO_Biological_Process_2023,prerank,Inflammatory Response (GO:0006954),-0.36293606920315963,-1.1044232154767166,0.17162872154115585,1.0,1.0,60/232,21.22%,CXCL13;PTGIR;ITGAL;FPR1;ITGB2;CARD18;C3AR1;CXCL2;NFAM1;CCL25;BDKRB2;CXCL1;MMP24;SCUBE1;FPR3;XCL1;GATA3;NOS2;BMP2;LIAS;ORC3;MGLL;IL1A;CXCR2;PTGDR;CYBA;AOC3;STAT3;DHX8;PXK;TAB2;C5AR1;PRDX5;FOS;KLRG1;PROK2;IKBKG;HDAC4;TLR5;CDO1;NFATC3;ADGRE5;LTB4R;NAIP;TNFAIP6;TUSC2;NFKB2;F2R;MFHAS1;CHUK;PJA2;TPST1;NFATC4;TGFB1;F11R;LOXL3;CEBPB;ELF3;MEN1;IRAK2
KBTBD11,GO_Biological_Process_2023,prerank,Regulation Of Insulin Secretion Involved In Cellular Response To Glucose Stimulus (GO:0061178),-0.48493606444243875,-1.104270254426257,0.29245283018867924,1.0,1.0,14/27,22.89%,EPHA5;C2CD2L;NR1H4;PIM3;STX4;CFTR;ANO1;HLA-DRB1;STXBP4;BRSK2;TUNAR;PLA2G6;CDK16;TRPM4
KBTBD11,GO_Biological_Process_2023,prerank,Cellular Response To Acid Chemical (GO:0071229),0.48776842446141655,1.1041300509800198,0.296875,1.0,1.0,12/27,19.78%,NEURL1;SPAAR;CPEB1;LAMTOR1;RRAGB;VEGFA;SH3BP4;GLRA1;RPTOR;RRAGD;NSMF;LAMTOR5
KBTBD11,GO_Biological_Process_2023,prerank,Positive Regulation Of G1/S Transition Of Mitotic Cell Cycle (GO:1900087),0.4753019436300042,1.1028968911728931,0.2962138084632517,1.0,1.0,18/31,23.23%,CDK10;RDX;LSM11;HYAL1;RRM1;CDC6;RRM2;RPTOR;EGFR;PLCB1;UBE2E2;CENPJ;ADAMTS1;AKT1;AIF1;KMT2E;SASS6;STOX1
KBTBD11,GO_Biological_Process_2023,prerank,Positive Regulation Of Protein Localization To Nucleus (GO:1900182),0.40157298341441366,1.1028197602871435,0.24330900243309003,1.0,1.0,30/72,20.41%,PARP9;LIF;PIK3R1;CHP2;EFCAB7;PARK7;CCT7;TYK2;TPR;NGFR;ZIC1;TCF7L2;SMAD3;MEPCE;CCT4;MCRS1;CCT8;TFRC;DMAP1;DTX3L;DKC1;FLNA;LIMK2;CDK5RAP3;BAG3;PRKCD;JUP;UBR5;LAMTOR5;CCT3
KBTBD11,GO_Biological_Process_2023,prerank,T Cell Differentiation (GO:0030217),0.44492355722344706,1.1014538489124264,0.2556053811659193,1.0,1.0,7/46,7.94%,CD28;MR1;DLL4;PIK3R1;FCER1G;TCF7;PIK3R3
KBTBD11,GO_Biological_Process_2023,prerank,Vesicle-Mediated Transport (GO:0016192),-0.34502769927405263,-1.1011934255722526,0.15916398713826366,1.0,1.0,157/406,24.28%,ANXA8;TINAGL1;CHMP1A;SQSTM1;NECAP1;SNAP25;AP5S1;RINL;KIF1B;GOLGA5;WASHC3;RAB2A;SPAG9;EPN3;RAB5C;TSG101;RAB43;PLEKHF2;JAGN1;HEATR5B;EPS15;GPRASP1;CLINT1;RPH3A;RHOQ;CAV3;DOC2B;RAB27A;SYTL4;SPTBN4;AP1G1;SPIRE2;EXOC3L1;AP1M1;VIPAS39;RAB7A;LRRK2;MAPK8IP1;STX4;MYO5A;SYTL1;AP5B1;GDI1;SYTL2;AP2A1;C2CD6;HIP1R;TOM1;SCARA5;STX5;EQTN;AP3M1;MYO6;HOOK1;DOC2A;TSC2;PXK;OCIAD1;SNX33;DNM2;EXOC8;MYO5B;GOLGA4;AP3S2;STAB2;VAMP1;DNM1;TRIM23;DENND1A;PLEKHF1;CHMP4A;RAB5B;STXBP1;TMCC1;RAB30;ALMS1;SYP;DNAJC5;TBC1D8B;PIK3R4;RPH3AL;COMMD1;UVRAG;LRRC7;CLEC16A;STX12;EXOC3;HEATR5A;SNAPIN;SGSM3;OSBPL1A;HOOK3;TBC1D23;AP2M1;KIF1A;EPG5;AP4B1;NECAP2;KXD1;ANK1;DNM3;TVP23C;RAB22A;AMPH;AP3B1;EXOC5;ARFGAP3;STXBP2;RHOBTB1;STX10;VPS18;AP4E1;ARF5;TBC1D2B;ATG14;AP4S1;ARL4A;FHIP1B;SEPTIN9;SNX16;VAMP8;RHOBTB2;KIF5A;TBC1D4;WASH6P;CADPS2;SORT1;USP6NL;ATP6V1H;M6PR;ALS2CL;AP1M2;CHMP3;ANKFY1;CHM;RAB10;RAB17;VAMP2;CHMP5;AP2A2;NSF;CDK16;ARL1;ARF6;RAB39B;STXBP3;WASHC4;RAB3IP;SNAP47;CDC42;ARL6;CHMP1B;CHMP2A;RAB11A;RUBCN;AP4M1;STX2
KBTBD11,GO_Biological_Process_2023,prerank,Regulation Of Dephosphorylation (GO:0035303),-0.5641691036554328,-1.1001104745584556,0.3269230769230769,1.0,1.0,7/15,21.48%,SRC;SMG6;MTMR9;IGBP1;MTMR4;MTMR1;PPP1R16B
KBTBD11,GO_Biological_Process_2023,prerank,Ribonucleoside Bisphosphate Metabolic Process (GO:0033875),0.4975233876049061,1.0993749866795262,0.2909090909090909,1.0,1.0,7/24,8.59%,ACOT12;ACOT2;ACOT1;BAAT;ACSM1;ACSF2;MLYCD
KBTBD11,GO_Biological_Process_2023,prerank,Purine Nucleoside Bisphosphate Metabolic Process (GO:0034032),0.4975233876049061,1.0993749866795262,0.2909090909090909,1.0,1.0,7/24,8.59%,ACOT12;ACOT2;ACOT1;BAAT;ACSM1;ACSF2;MLYCD
KBTBD11,GO_Biological_Process_2023,prerank,Negative Regulation Of Cation Channel Activity (GO:2001258),-0.487137243418381,-1.0987104508484018,0.32575757575757575,1.0,1.0,8/28,17.21%,CLIC2;MMP9;CALM2;CALM3;GNB5;PPP3CC;PKD2;KCNE3
KBTBD11,GO_Biological_Process_2023,prerank,Carboxylic Acid Biosynthetic Process (GO:0046394),-0.5414495374499562,-1.0980279398969677,0.32684824902723736,1.0,1.0,8/17,22.53%,CYP2C8;CYP4A22;NANP;CDO1;BCAT2;NAIP;UGDH;NLRC4
KBTBD11,GO_Biological_Process_2023,prerank,Synapse Organization (GO:0050808),-0.38090999466367814,-1.0977543361272202,0.22968197879858657,1.0,1.0,48/131,24.38%,FLRT3;DOK7;PCDHB9;CACNB3;ELFN1;POU4F1;LRP4;SLITRK1;FARP1;LRRK2;NEDD4;PCDHB10;AGRN;ZC4H2;MYOT;UNC13B;SHANK2;APPL1;KIRREL3;PIN1;MAPT;C5AR1;CHCHD10;PCDHB5;BDNF;LRRC4B;PCDHB16;DNM3;F2R;SNCB;PPFIBP1;PLXND1;NLGN3;PPFIA4;APBB2;CDK5;SNCA;GPM6A;SDK2;DSCAM;RAB39B;DVL1;PTEN;CDC42;PCDHB4;CDH1;HMCN2;CTNND2
KBTBD11,GO_Biological_Process_2023,prerank,Negative Regulation Of BMP Signaling Pathway (GO:0030514),-0.45123934246959024,-1.0966355680686584,0.27911275415896486,1.0,1.0,16/43,19.68%,DAND5;GDF3;CHRD;CER1;BMPER;CHRDL1;UBE2D1;GREM2;SMAD6;NOTCH1;LEMD3;CRIM1;TNFAIP6;UBE2D3;SOSTDC1;VWC2
KBTBD11,GO_Biological_Process_2023,prerank,Phosphate-Containing Compound Metabolic Process (GO:0006796),0.3574335045130554,1.0952904047618939,0.18527315914489312,1.0,1.0,51/184,17.40%,PLA2G10;FBP1;OC90;CERKL;LCAT;HKDC1;PLA2G5;HK2;NADK;PAK2;DUSP10;OCRL;G6PC3;PDXP;DUSP15;MLST8;TAOK1;HNMT;ALDOC;PLA2G3;SPHK2;LCP1;DUSP28;PIP4P1;GFPT1;SYNJ1;DUSP16;PFKFB2;PPA2;DUSP12;AGPAT1;IP6K2;DUSP5;CERK;PRR5;GPI;CLN8;PSPH;DUSP8;PLA2G4C;PLA2G15;MAPKAP1;PFKM;LIMK2;RPTOR;PGK1;PFKFB1;DUSP23;PLPP3;IPMK;PANK3
KBTBD11,GO_Biological_Process_2023,prerank,Fc-gamma Receptor Signaling Pathway Involved In Phagocytosis (GO:0038096),-0.5159312773477902,-1.094471424786196,0.3333333333333333,1.0,1.0,9/20,22.02%,SRC;PLPP4;PTK2;LYN;PAK1;PRKCE;LIMK1;YES1;PLA2G6
KBTBD11,GO_Biological_Process_2023,prerank,Glycolytic Process (GO:0006096),0.47145854807427995,1.0943993905360758,0.30120481927710846,1.0,1.0,13/29,16.78%,PGAM4;HKDC1;HK2;PGAM2;LDHA;ALDOC;PGM1;PFKFB2;GPI;ENO4;PFKM;PGK1;PFKFB1
KBTBD11,GO_Biological_Process_2023,prerank,Dendritic Cell Chemotaxis (GO:0002407),0.553199555113843,1.0938577900809934,0.3312368972746331,1.0,1.0,1/15,1.31%,CCR6
KBTBD11,GO_Biological_Process_2023,prerank,Protein Homooligomerization (GO:0051260),-0.38056978260596186,-1.0937096897204597,0.24067164179104478,1.0,1.0,51/129,24.26%,RS1;KCNC2;KIF25;RNF112;PKD2L1;STEAP4;UPB1;NOL3;ATL1;ALDH1A2;TMEM120A;PRMT8;PRMT1;AMH;AQP4;SCARA5;P2RX3;ZNF746;SIGMAR1;NACC2;PKD2;HSD17B10;ACACB;BCL10;TK1;KCNJ2;SLC1A5;TP53BP1;HPRT1;ALDH1A3;GLS;CTH;THG1L;TMEM70;RNF135;CBY1;SAMD1;SHMT2;ME1;HLA-G;CRYZ;NLRC4;APIP;RYR1;TRPM4;ALAD;OSBPL2;RBMX;CHMP2A;NLRP1;TRMT61B
KBTBD11,GO_Biological_Process_2023,prerank,Golgi To Plasma Membrane Protein Transport (GO:0043001),-0.4884040687685064,-1.0932598108270795,0.31784386617100374,1.0,1.0,15/28,22.50%,SPTBN1;OPTN;GOLGA4;GOLPH3;PHAF1;GGA1;VAMP5;GOLPH3L;RAB31;RAB26;BBS1;BBS2;RAB10;VAMP2;NSF
KBTBD11,GO_Biological_Process_2023,prerank,Mitophagy (GO:0000423),-0.5441962275838687,-1.0929291821852558,0.33271028037383177,1.0,1.0,7/16,19.67%,SQSTM1;ARFIP2;OGT;LRBA;PRKN;ATG4B;ATG14
KBTBD11,GO_Biological_Process_2023,prerank,Cellular Response To Starvation (GO:0009267),-0.38484781490842085,-1.0925595213862331,0.24514991181657847,1.0,1.0,58/125,26.09%,RIPOR1;DAPL1;BHLHA15;BMPR2;SIRT1;GABARAPL2;KPTN;KAT5;LRRK2;PLIN2;JMY;RRAGC;KLF10;IMPACT;GABARAP;MIOS;GAS2L1;ZC3H12A;HNRNPA1;ITFG2;TP53;RALB;PIK3R4;RRAGA;EIF2AK4;CLEC16A;ASNS;WRN;WDR45B;RRP8;DAP;SESN3;NPRL3;HSPA8;GCN1;ATG14;WDR59;PCSK9;PPARA;EIF2S1;MFSD2A;NUAK2;SREBF2;STK26;TSSK3;RNF152;BMT2;FAS;HSPA5;ATF4;MAPK8;IFI16;SESN2;MAPK3;PICK1;LARS1;CDKN1A;CPEB4
KBTBD11,GO_Biological_Process_2023,prerank,piRNA Processing (GO:0034587),0.5140310128850858,1.0917585584630467,0.3122448979591837,1.0,1.0,3/19,3.15%,DDX4;PIWIL1;FKBP6
KBTBD11,GO_Biological_Process_2023,prerank,Sensory Perception Of Taste (GO:0050909),-0.5406848247570017,-1.0913087996714521,0.3408239700374532,1.0,1.0,6/17,9.84%,PKD2L1;ASIC3;TAS1R1;SCNN1G;SCNN1A;PKD1L3
KBTBD11,GO_Biological_Process_2023,prerank,ncRNA-mediated Post-Transcriptional Gene Silencing (GO:0035194),-0.529935427999067,-1.0913048022697343,0.3396584440227704,1.0,1.0,7/18,16.10%,TNRC6B;CNOT6;CNOT7;AJUBA;HELZ;EIF6;MOV10
KBTBD11,GO_Biological_Process_2023,prerank,Regulation Of Protein Kinase Activity (GO:0045859),-0.38917474872610097,-1.091103311931596,0.24514991181657847,1.0,1.0,47/116,20.44%,DUSP19;PTK2;SOD1;PYDC1;SIRT1;AKT1S1;TRIB3;CHP1;CAV3;MMD2;GNAQ;ORC3;LRRK2;PPM1E;TAF7;CCNYL1;XRCC6;ANKRD54;TARBP2;TSC2;TAB2;C5AR1;LRP6;XRCC5;MAP2K3;CAMK2N2;MAP3K12;DBNDD1;PTK2B;RTRAF;PRKRIP1;RAP2B;UVRAG;CENPE;QARS1;SFN;WWTR1;CACUL1;RAPGEF2;GAS6;MRNIP;PRKAG1;SMG8;TTN;SNCA;PLCE1;MAPRE3
KBTBD11,GO_Biological_Process_2023,prerank,Sensory Perception Of Sound (GO:0007605),-0.39790592228023464,-1.091000875313043,0.2582322357019064,1.0,1.0,30/91,18.13%,OTOR;CHRNB2;TMIE;SOD1;MYO1A;TIMM10;P2RX2;PAX3;SLC26A4;CCDC50;SPTBN4;USH2A;COL4A3;SNAI2;CLIC5;CACNA1D;SPNS2;LOXHD1;COL11A1;ATP6V0A4;SERPINB6;TIMM9;GSDME;RIPOR2;LHFPL5;CEMIP;CDC14A;TIMM13;USH1C;SLC52A3
KBTBD11,GO_Biological_Process_2023,prerank,Golgi Organization (GO:0007030),-0.3813979602179221,-1.0907341696170705,0.24259259259259258,1.0,1.0,44/129,21.02%,SPTBN5;ATP8B4;CSNK1A1;PI4K2A;GOLGA8T;GOLGA6C;GOLGA5;RAB2A;GOLGA8H;GOLGA6A;RAB43;GOLGA8N;YWHAZ;GOLGA6B;ZNF501;HTT;VTI1A;NSFL1C;LRRK2;FHDC1;TANGO2;OPTN;STX5;RAB1B;TMED6;TRAPPC11;BAG5;GOLPH3;PDCD10;TMED4;RAB30;YIPF5;TRAPPC8;CUL7;GOLPH3L;TMED9;COG2;ATP8B1;DYM;TMED1;TBC1D20;OBSL1;TMED5;USP6NL
KBTBD11,GO_Biological_Process_2023,prerank,Histone Deacetylation (GO:0016575),-0.4695726229479924,-1.08994537803834,0.31305903398926654,1.0,1.0,16/35,22.65%,TBL1Y;HDAC11;SIRT6;MTA3;SIRT1;HDAC3;MORF4L2;CHD4;HDAC4;CHD3;TBL1XR1;MTA2;SIRT7;MTA1;MSL3;MBD2
KBTBD11,GO_Biological_Process_2023,prerank,Extrinsic Apoptotic Signaling Pathway (GO:0097191),-0.4127255409706644,-1.0898263338964727,0.2888086642599278,1.0,1.0,27/67,23.53%,INHBA;IFI27;TRADD;TNFSF12;TGFB2;BAX;P2RX7;GABARAP;CD70;DEDD2;BCL2L1;BCL2L10;ERBB3;GSK3A;FGFR3;BID;DAB2IP;BAK1;RNF41;TGFB1;HIPK1;SORT1;CIB1;MOAP1;MCL1;FAS;DDX3X
KBTBD11,GO_Biological_Process_2023,prerank,Defense Response To Virus (GO:0051607),0.35332635978668575,1.0895720620393363,0.19318181818181818,1.0,1.0,42/189,15.76%,OASL;TLR2;IL6;IKBKE;PLA2G10;NMBR;RNASEL;TLR7;IRF7;NT5C3A;LYST;USP18;AZU1;IFNLR1;IRF2;NLRC5;IRF1;TRIM25;UBE2W;IFIT5;TRIM32;SERINC5;TRIM6;PQBP1;CD40;MICA;TTC4;TRIM21;EIF2AK2;NCBP3;MLKL;USP27X;MORC3;SLFN13;DDX56;UBE2N;DDX60L;MAP3K14;TBKBP1;STAT2;APOBEC3B;AKAP1
KBTBD11,GO_Biological_Process_2023,prerank,Positive Regulation Of Dendritic Spine Development (GO:0060999),0.510376515875476,1.0893384224689255,0.30376940133037694,1.0,1.0,6/20,18.77%,NEURL1;LLPH;RELN;CAPRIN2;CAPRIN1;CAMK2B
KBTBD11,GO_Biological_Process_2023,prerank,Regulation Of Receptor Internalization (GO:0002090),0.4549182325051367,1.0890596022420254,0.31919642857142855,1.0,1.0,13/36,22.82%,DKK1;GREM1;DLG4;SDCBP;ARF1;VEGFA;ATAD1;MAGI2;INSR;ANKRD13B;SFRP4;CD63;NTF3
KBTBD11,GO_Biological_Process_2023,prerank,Regulation Of Cardiac Muscle Contraction By Calcium Ion Signaling (GO:0010882),-0.5188799451006318,-1.0887902462517676,0.3452830188679245,1.0,1.0,7/20,18.89%,CLIC2;CALM2;CALM3;ATP1A2;HRC;ATP1B1;RYR2
KBTBD11,GO_Biological_Process_2023,prerank,Fatty Acid Metabolic Process (GO:0006631),0.37482936471423534,1.0877102403300947,0.26773455377574373,1.0,1.0,33/122,14.14%,CYP4F12;UGT1A8;ALOXE3;PER2;DECR2;ACOT2;PNPLA8;ACOT1;HPGD;LPIN1;ALOX12;ACSL5;ACBD4;BAAT;ACSM1;CBR4;ACSF2;SLC27A6;FASN;MLYCD;SLC27A4;ADIPOR1;LCP1;PPARD;FA2H;NAAA;ACSL4;CPT2;ACOT11;MSMO1;GNPAT;CROT;ACSBG1
KBTBD11,GO_Biological_Process_2023,prerank,BMP Signaling Pathway (GO:0030509),-0.41979105190992044,-1.087562511703913,0.2992565055762082,1.0,1.0,15/60,14.09%,GDF7;INHBA;GDF6;INHBC;GDF3;CHRD;BMPR2;BMP2;HFE;TGFB2;SMAD6;SMAD5;USP9X;RGMA;ENG
KBTBD11,GO_Biological_Process_2023,prerank,Intrinsic Apoptotic Signaling Pathway By P53 Class Mediator (GO:0072332),-0.4576717935864108,-1.0862019543414456,0.30943396226415093,1.0,1.0,15/35,20.70%,PDK2;POU4F1;SIRT1;TMEM109;JMY;PPP1R13B;SNW1;TP53;DDIT4;RRP8;EP300;BCL3;STK11;USP28;HIPK1
KBTBD11,GO_Biological_Process_2023,prerank,Regulation Of ERK1 And ERK2 Cascade (GO:0070372),-0.35567911790629264,-1.0857700406487767,0.24829931972789115,1.0,1.0,77/239,23.56%,FGF21;SEMA7A;RGS14;OPRM1;THPO;CCL25;FGF1;XCL1;PLA2G2A;NPNT;YWHAZ;BMP2;GPER1;NTRK1;BMPER;NEK10;NTRK2;CRKL;PDGFRB;LYN;NOD2;APOE;AMH;ACKR3;PRKCZ;DUSP26;RAMP3;EMILIN1;PIN1;NOTCH1;HTR2B;C5AR1;DUSP4;CD74;DDT;MAP3K12;GLIPR2;PTK2B;SLC30A10;SYNJ2BP;GPNMB;ADRA1D;PDE8A;FGFR3;HLA-DRB1;STYX;WNK2;F2R;MFHAS1;FBXW7;DAB2IP;PDGFD;FGF19;RAPGEF2;GAS6;EPHA7;FERMT2;NTRK3;SIRPA;SMAD4;TGFB1;GAREM1;EPHB1;ARRB2;TEK;AGER;ROR1;SCIMP;ALOX15;CIB1;APIP;P2RY1;ARRB1;DUSP3;PTPN2;PTEN;PHB1
KBTBD11,GO_Biological_Process_2023,prerank,Positive Regulation Of Dephosphorylation (GO:0035306),-0.4792338469412525,-1.0843977760655457,0.3005464480874317,1.0,1.0,8/29,12.28%,SRC;PTPA;CALM2;SMPD1;BMP2;CALM3;PIN1;PPP1R7
KBTBD11,GO_Biological_Process_2023,prerank,Extrinsic Apoptotic Signaling Pathway In Absence Of Ligand (GO:0097192),-0.542016097738343,-1.0842581536137095,0.35638297872340424,1.0,1.0,8/16,23.35%,BAX;BCL2L1;BCL2L10;ERBB3;GSK3A;MOAP1;MCL1;FAS
KBTBD11,GO_Biological_Process_2023,prerank,Positive Regulation Of Phagocytosis (GO:0050766),0.41205851783409375,1.0841613842403075,0.27802690582959644,1.0,1.0,12/60,11.88%,IL15RA;COLEC10;PLA2G5;SLC11A1;AZU1;FCER1G;APOA1;TUB;CAMK1D;TULP1;LYAR;MYO18A
KBTBD11,GO_Biological_Process_2023,prerank,Fc-gamma Receptor Signaling Pathway (GO:0038094),-0.49083276352049715,-1.08415418685343,0.3169877408056042,1.0,1.0,8/24,15.28%,SRC;PLPP4;PTK2;CD247;LYN;LCK;PAK1;PRKCE
KBTBD11,GO_Biological_Process_2023,prerank,Sensory Perception Of Mechanical Stimulus (GO:0050954),-0.3990305817579867,-1.0838327440039923,0.281195079086116,1.0,1.0,30/88,18.13%,OTOR;CHRNB2;TMIE;SOD1;MYO1A;TIMM10;P2RX2;PAX3;SLC26A4;CCDC50;SPTBN4;USH2A;COL4A3;SNAI2;CLIC5;CACNA1D;SPNS2;LOXHD1;COL11A1;ATP6V0A4;SERPINB6;TIMM9;GSDME;RIPOR2;LHFPL5;CEMIP;CDC14A;TIMM13;USH1C;SLC52A3
KBTBD11,GO_Biological_Process_2023,prerank,Regulation Of Protein Phosphorylation (GO:0001932),-0.3531522076289087,-1.0834894498344774,0.21717171717171718,1.0,1.0,107/261,25.97%,FGF21;ITGB2;FGF9;THPO;MMP9;FGF1;RARRES2;IGFBP3;PTK2;SOD1;IRGM;HGF;SIRT1;CHP1;BMP2;GPER1;FGF8;NTRK1;BMPER;NTRK2;SPTBN4;F2;CRKL;HDAC3;LRRK2;LYN;MYADM;VEGFC;CCNYL1;FGF22;ANKRD54;HRC;NIBAN1;RACK1;PIN1;IMPACT;CARD14;ZC3H12A;LEPR;LRP6;CD74;ENG;PAK1;RALB;SH3GL2;IBTK;GPNMB;FXR1;TESK1;SORD;FAM20A;CACTIN;DAB2;HLA-DRB1;KRAS;ROCK2;PRKN;WWTR1;DAB2IP;FGF19;PTPN13;PELI2;SOCS1;GAS6;ERP29;ATG14;EPHA7;SMG8;NTRK3;TTN;SIRPA;RAP2A;TGFB1;PLCE1;TEK;FAXDC2;CCDC88C;MEN1;PGF;AGER;OCLN;CIB1;PROM2;P2RY1;ARRB1;RB1CC1;FAS;PTEN;PPP1R15B;NOP53;FGF16;CLDN3;FMR1;FGF4;TRAF3IP1;FGF23;PPP2CA;FGF20;SESN2;MAPK3;MOB3C;TARDBP;CCND2;AXIN1;FBLN1;RAC1;CDKN1A
KBTBD11,GO_Biological_Process_2023,prerank,Positive Regulation Of Blood Vessel Endothelial Cell Migration (GO:0043536),0.4349439911975417,1.0825887529572633,0.3057324840764331,1.0,1.0,18/45,21.07%,NOS3;ANGPT4;FGF18;AKT3;CD40;HSPB1;PIK3C2A;ATP5F1B;PRKCA;VEGFA;TMSB4X;PDGFB;KDR;FGF2;THBS1;AKT1;PRKD1;HIF1A
KBTBD11,GO_Biological_Process_2023,prerank,Leukotriene Metabolic Process (GO:0006691),0.5045326652160992,1.0823179905503124,0.3501144164759725,1.0,1.0,5/20,13.87%,PLA2G5;MAPKAPK2;ALOX12;ABCC10;PLA2G4A
KBTBD11,GO_Biological_Process_2023,prerank,Import Into Cell (GO:0098657),0.44621245500006806,1.0815693631449097,0.32229580573951433,1.0,1.0,10/38,15.21%,SLC18A3;SLC6A13;SLC27A1;SLC46A1;LRRC8E;SLC29A1;LRRC8C;SLC36A1;SLC5A6;SLC22A2
KBTBD11,GO_Biological_Process_2023,prerank,Regulation Of Tyrosine Phosphorylation Of STAT Protein (GO:0042509),0.4073293172167628,1.0813038229006255,0.2866666666666667,1.0,1.0,20/65,19.64%,IL6;PARP9;LIF;TSLP;CLCF1;OCRL;CTF1;TNFRSF18;IL18;TNFRSF1A;CD40;CRLF1;FLT3;VEGFA;ERBB4;IL23A;SOCS3;IGF1;IL6ST;NF2
KBTBD11,GO_Biological_Process_2023,prerank,Positive Regulation Of Response To Endoplasmic Reticulum Stress (GO:1905898),0.5244284375086672,1.0809692588677695,0.3501144164759725,1.0,1.0,5/18,9.47%,RNF183;DDIT3;PIK3R1;USP13;BCL2L11
KBTBD11,GO_Biological_Process_2023,prerank,Positive Regulation Of Protein Transport (GO:0051222),-0.4126333238092723,-1.0804441650640648,0.29061371841155237,1.0,1.0,27/70,23.22%,CD33;RIPOR1;CHP1;SYTL4;TGFB2;PCNT;CD2AP;IL1A;APBB3;UNC13B;RACK1;GOLPH3;PDCD10;MYH10;B3GAT3;BMP6;GOLPH3L;CEP290;APBB1;TENM1;TTN;TGFB1;PLK3;VAMP2;OAZ2;ACHE;ARF6
KBTBD11,GO_Biological_Process_2023,prerank,"Wnt Signaling Pathway, Planar Cell Polarity Pathway (GO:0060071)",0.48547336460012125,1.0802693109669805,0.3051224944320713,1.0,1.0,11/26,22.46%,DVL2;FZD6;RHOA;CELSR2;RYK;CELSR3;WNT5A;SMURF2;MAGI2;VANGL1;VANGL2
KBTBD11,GO_Biological_Process_2023,prerank,Negative Regulation Of Cytokine Production (GO:0001818),-0.3657037823373409,-1.080036932970872,0.26288659793814434,1.0,1.0,39/177,17.96%,XAF1;CD33;IL23R;NR1H4;TIGIT;INHBA;ADCY7;CD274;RGCC;VSIR;CR1;IRGM;XCL1;FOXP3;EXTL3;KAT5;NLRP12;F2;ATP2B1;RPS6KA4;PIBF1;SIGIRR;NLRC3;ELF4;KLHL22;CLEC4A;CD200R1;ZC3H12A;RNF216;TNFRSF21;SFTPD;DHX58;UFD1;ILRUN;GPNMB;BCL3;HOMER3;CACTIN;HLA-DRB1
KBTBD11,GO_Biological_Process_2023,prerank,Positive Regulation Of Leukocyte Activation (GO:0002696),0.5039276351886295,1.0800203973727662,0.34439834024896265,1.0,1.0,5/20,9.59%,IL33;TSLP;CD226;PLPP6;CRLF2
KBTBD11,GO_Biological_Process_2023,prerank,Secondary Alcohol Metabolic Process (GO:1902652),0.42083018870844996,1.0797931271450982,0.3047404063205418,1.0,1.0,13/47,13.79%,SOAT2;LCAT;APOA1;NSDHL;IDH2;GLB1;PIP4P1;SH2D2A;CYP11A1;PPARD;LDLRAP1;CLN8;APOL2
KBTBD11,GO_Biological_Process_2023,prerank,Regulation Of Protein Targeting To Membrane (GO:0090313),-0.4876123822484792,-1.0797315032346557,0.33868092691622104,1.0,1.0,9/28,16.47%,TCAF2;ITGB2;CHP1;MFF;ITGAM;GDI1;MYO1C;MIEF1;CEMIP
KBTBD11,GO_Biological_Process_2023,prerank,Regulation Of Fibroblast Growth Factor Receptor Signaling Pathway (GO:0040036),0.5238717562256093,1.0793949111514565,0.3456032719836401,1.0,1.0,12/19,25.18%,SULF1;SPRY2;NPTN;FGF2;THBS1;SMOC2;DSTYK;FGFBP3;OTX2;SHISA2;SPRY1;SPRY3
KBTBD11,GO_Biological_Process_2023,prerank,Regulation Of Granulocyte Macrophage Colony-Stimulating Factor Production (GO:0032645),0.5365982336464887,1.079349375278833,0.33962264150943394,1.0,1.0,5/15,16.51%,ISL1;IL17D;IL18;RASGRP1;IL23A
KBTBD11,GO_Biological_Process_2023,prerank,Cellular Response To Virus (GO:0098586),0.41453320825947687,1.0789586139211922,0.2857142857142857,1.0,1.0,12/56,15.16%,IRF5;POU2AF1;IL6;MAPK11;LGALS8;IFNLR1;TYK2;IFNGR1;RIOK3;GBF1;IL10RB;TOMM70
KBTBD11,GO_Biological_Process_2023,prerank,Nucleus Organization (GO:0006997),-0.4418300904283117,-1.077725118103925,0.31607142857142856,1.0,1.0,7/44,14.10%,PRM2;CHMP1A;LEMD2;DMPK;LMNA;PITPNB;CHMP4A
KBTBD11,GO_Biological_Process_2023,prerank,Regulation Of JUN Kinase Activity (GO:0043506),0.43400469356264754,1.0772727153422084,0.3202614379084967,1.0,1.0,14/42,16.06%,DKK1;PTPN1;DVL2;DUSP10;ARHGEF5;HIPK3;TRAF2;DUSP16;MAP4K2;MAP3K5;DNAJA1;SASH1;MAP3K7;WNT5A
KBTBD11,GO_Biological_Process_2023,prerank,Ephrin Receptor Signaling Pathway (GO:0048013),-0.4423439512602766,-1.0768835183150007,0.3026315789473684,1.0,1.0,20/43,25.51%,SRC;EPHA5;MMP9;PTK2;RASA1;LYN;EFNB3;ARHGEF28;EFNA3;EFNB1;PAK1;EPHA7;EPHB1;SIPA1L1;YES1;CHN1;EFNA2;ANKS1B;ARHGEF7;EPHA8
KBTBD11,GO_Biological_Process_2023,prerank,Positive Regulation Of Immune System Process (GO:0002684),-0.47863972047488546,-1.0766174756452729,0.33976833976833976,1.0,1.0,4/27,7.90%,C6;CFP;MADCAM1;TGFB2
KBTBD11,GO_Biological_Process_2023,prerank,Spliceosomal Complex Assembly (GO:0000245),-0.41339837803478074,-1.0757281241896948,0.2921739130434783,1.0,1.0,21/62,18.05%,SRPK1;NOL3;CELF5;PRPF6;GCFC2;CRNKL1;SRSF10;SF3B2;CELF6;SNRNP200;SNRPD3;DDX39B;SNRPB2;ZRSR2;KHDC4;SF3A2;PHF5A;SNRPE;SF3B5;DDX1;LUC7L
KBTBD11,GO_Biological_Process_2023,prerank,Negative Regulation Of Lipid Biosynthetic Process (GO:0051055),-0.4840543773637646,-1.0755545298729838,0.3582089552238806,1.0,1.0,9/25,19.38%,WNT4;SIRT1;TRIB3;BMP2;GPER1;ACADL;ACADVL;FBXW7;APOC1
KBTBD11,GO_Biological_Process_2023,prerank,Negative Regulation Of Protein Serine/Threonine Kinase Activity (GO:0071901),-0.39900599419577837,-1.075257969628753,0.3108108108108108,1.0,1.0,27/80,21.10%,AGT;RGS14;PRKAR2A;CDKN2A;MYOCD;SIRT1;SMPD1;BMP2;PRKAR2B;CAV3;HHEX;LYN;APOE;CD300A;CEBPA;UCHL1;HEXIM2;LRP6;IPO5;TESK1;HEXIM1;DAB2IP;PTPRJ;TFAP4;STK38;RASIP1;MEN1
KBTBD11,GO_Biological_Process_2023,prerank,Cell Morphogenesis Involved In Differentiation (GO:0000904),0.4837555096914264,1.0745592306341432,0.3319838056680162,1.0,1.0,10/24,22.11%,SIPA1;METTL3;RELN;RB1;UNK;RILPL1;PROX1;SIPA1L3;YTHDF2;RAB25
KBTBD11,GO_Biological_Process_2023,prerank,Acylglycerol Catabolic Process (GO:0046464),-0.48899480656859073,-1.0739094074788458,0.35154826958105645,1.0,1.0,9/24,19.76%,PNPLA5;FAAH;PNPLA1;MGLL;ABHD12B;DAGLA;CPS1;ABHD6;DAGLB
KBTBD11,GO_Biological_Process_2023,prerank,Embryonic Digestive Tract Development (GO:0048566),-0.5100415651850123,-1.0736608925537117,0.3497164461247637,1.0,1.0,4/19,8.64%,SIX2;RARRES2;TGFB2;PCSK5
KBTBD11,GO_Biological_Process_2023,prerank,Negative Regulation Of Protein Kinase B Signaling (GO:0051898),-0.460758945187964,-1.0733431534671862,0.32541133455210236,1.0,1.0,20/35,24.29%,SIRT1;GPER1;MUL1;DRD3;RACK1;TSC2;DAG1;OTUD3;SORD;PDCD6;PTPRJ;PLEKHA1;PPARA;ARRB2;HLA-G;CIB1;PTEN;SH2B3;NOP53;PPP2CA
KBTBD11,GO_Biological_Process_2023,prerank,Non-Membrane-Bounded Organelle Assembly (GO:0140694),-0.371925082626518,-1.0724576070816336,0.2754385964912281,1.0,1.0,54/133,24.88%,CENPT;GOLGA8T;GOLGA6C;GOLGA8H;GOLGA6A;GOLGA8N;CIRBP;GOLGA6B;HDAC3;G3BP1;TIA1;ASB2;RC3H1;PGM5;PATL2;KASH5;VCX;UBAP2L;SFI1;TMOD2;DDX6;MAPT;CENPF;NPC1;CAPN3;NCOR1;YTHDF3;GRB7;NUP62;CDS2;RCC1;CENPE;FXR1;CENPW;E2F4;HAUS2;BSCL2;CEP63;MAPRE3;EIF2S1;LMOD3;HAUS1;INO80;AUP1;LSM14A;EIF4ENIF1;OGFOD1;DDX3X;FMR1;SAC3D1;LSM4;RPS3;ATXN2;TUBGCP6
KBTBD11,GO_Biological_Process_2023,prerank,Negative Regulation Of Inflammatory Response (GO:0050728),-0.3817358508440477,-1.0710332699059508,0.30514705882352944,1.0,1.0,37/110,23.36%,FNDC4;SRC;ALOX5;ENPP3;NR1H4;IRGM;IL22RA1;GATA3;EXTL3;GPER1;NLRP12;AOAH;PROC;LYN;APOE;ARNT;NLRC3;STAT3;ELF4;CD200R1;METRNL;MVK;RPS19;FXR1;TNFAIP6;HLA-DRB1;MFHAS1;MDK;SIRPA;PPARA;TRIM45;TEK;CYLD;YES1;FURIN;TYRO3;PTPN2
KBTBD11,GO_Biological_Process_2023,prerank,Pyruvate Metabolic Process (GO:0006090),0.42301142953380216,1.070839666284464,0.32806324110671936,1.0,1.0,17/50,16.78%,PGAM4;HKDC1;LDHC;HK2;PGAM2;HOGA1;LDHA;ALDOC;PGM1;PFKFB2;GPI;ENO4;SDS;PFKM;ME2;PGK1;PFKFB1
KBTBD11,GO_Biological_Process_2023,prerank,Negative Regulation Of Leukocyte Cell-Cell Adhesion (GO:1903038),-0.5230503612755901,-1.0703671546350526,0.37377690802348335,1.0,1.0,9/19,25.31%,TIGIT;PAG1;ASS1;WNK1;GPNMB;PPARA;DUSP3;JAK3;ILDR2
KBTBD11,GO_Biological_Process_2023,prerank,Lipopolysaccharide-Mediated Signaling Pathway (GO:0031663),-0.5129296571380803,-1.0703219526620953,0.3560311284046693,1.0,1.0,6/20,23.46%,TICAM1;LYN;TICAM2;PRKCE;TGFB1;EHHADH
KBTBD11,GO_Biological_Process_2023,prerank,Multivesicular Body Organization (GO:0036257),-0.46598913751555526,-1.0699434955357423,0.34476190476190477,1.0,1.0,14/30,24.07%,TSG101;RAB27A;VPS37B;STAM2;CHMP4A;VPS25;VPS37C;VPS36;IST1;CHMP3;CHMP5;CHMP1B;CHMP2A;RAB11A
KBTBD11,GO_Biological_Process_2023,prerank,Regulation Of Blood Vessel Endothelial Cell Migration (GO:0043535),0.41812447212000237,1.0685962173901153,0.32505643340857787,1.0,1.0,25/53,21.07%,NOS3;ANGPT4;FGF18;CSNK2B;AKT3;ATP2B4;CD40;HSPB1;PRCP;SH3BP1;ATP5F1B;PRKCA;VEGFA;TMSB4X;PDGFB;KDR;GADD45A;JUP;ANGPT2;FGF2;THBS1;AKT1;MECP2;PRKD1;HIF1A
KBTBD11,GO_Biological_Process_2023,prerank,Regulation Of Endoplasmic Reticulum Stress-Induced Intrinsic Apoptotic Signaling Pathway (GO:1902235),0.4865987243310556,1.0681158002229092,0.34977578475336324,1.0,1.0,8/24,13.78%,RNF183;DDIT3;PTPN1;PARK7;TMBIM6;BCL2L11;TXNDC12;OPA1
KBTBD11,GO_Biological_Process_2023,prerank,Response To Copper Ion (GO:0046688),0.48797990853007217,1.0681036136907338,0.33849557522123896,1.0,1.0,6/22,15.28%,MT1A;HSF1;MT1M;PRNP;MT1F;DAXX
KBTBD11,GO_Biological_Process_2023,prerank,Mesoderm Development (GO:0007498),-0.5142480860318934,-1.0679354904546035,0.36590038314176243,1.0,1.0,4/18,6.48%,TIE1;TBX3;GDF11;HES7
KBTBD11,GO_Biological_Process_2023,prerank,Regulation Of Reactive Oxygen Species Metabolic Process (GO:2000377),-0.42031126012228726,-1.0679186411373005,0.315884476534296,1.0,1.0,29/56,25.97%,BCO2;PAX2;AGT;ALOX5;F2;DCXR;PDGFRB;EIF6;ROMO1;ZC3H12A;TGFBR2;TP53;NOXO1;RAC2;SORD;PRKN;COQ7;RNF41;SNCA;PIKFYVE;SLC25A33;GRB2;AKR1C1;MPV17;DHRS4;AKR1C3;RAC1;MAPK14;CDKN1A
KBTBD11,GO_Biological_Process_2023,prerank,Negative Regulation Of Defense Response (GO:0031348),-0.37958505977982665,-1.0672159320304102,0.29219600725952816,1.0,1.0,35/111,21.55%,FNDC4;ALOX5;ENPP3;NR1H4;IRGM;IL22RA1;GATA3;YWHAZ;EXTL3;GPER1;NLRP12;MUL1;AOAH;PROC;APOE;ARNT;NLRC3;STAT3;ELF4;MYO1C;METRNL;MVK;DHX58;ILRUN;FXR1;CACTIN;TNFAIP6;MFHAS1;CEP63;SIRPA;PPARA;TRIM45;TEK;CYLD;DTX4
KBTBD11,GO_Biological_Process_2023,prerank,RNA Biosynthetic Process (GO:0032774),-0.469469719553006,-1.067141693529458,0.3493282149712092,1.0,1.0,11/29,18.96%,TBPL2;TAF7;POLR2A;SMARCA5;RSF1;PRIM2;HELB;TAF6;TAF13;NAT14;NCOA6
KBTBD11,GO_Biological_Process_2023,prerank,Response To Axon Injury (GO:0048678),-0.521412417886322,-1.0665919691457526,0.3609467455621302,1.0,1.0,3/18,5.57%,FLRT3;SOD1;MORN4
KBTBD11,GO_Biological_Process_2023,prerank,Positive Regulation Of Lymphocyte Activation (GO:0051251),-0.43600579234433223,-1.066001009249661,0.35934664246823955,1.0,1.0,14/45,20.00%,TICAM1;TNFSF11;CCDC88B;HLA-DPA1;NOD2;XRCC6;LCK;HLA-DMB;TICAM2;HLA-DMA;HLA-DRB1;CD47;GNAO1;SIRPA
KBTBD11,GO_Biological_Process_2023,prerank,Response To Peptide (GO:1901652),0.4399367047367964,1.0659826427393118,0.3340909090909091,1.0,1.0,12/37,17.37%,IRF5;ERBIN;MMP3;EIF2B4;PRNP;CALCR;EIF2B2;CHRNA7;IRS1;FYN;STAT2;STAT4
KBTBD11,GO_Biological_Process_2023,prerank,Regulation Of Response To Cytokine Stimulus (GO:0060759),0.536969042127576,1.0659665136850467,0.37303370786516854,1.0,1.0,6/16,21.87%,PARP9;KLF4;WNT5A;MAP2K5;CD24;TAF9
KBTBD11,GO_Biological_Process_2023,prerank,Positive Regulation Of Protein Ubiquitination (GO:0031398),-0.40046709975632006,-1.0656236313821945,0.31835205992509363,1.0,1.0,36/83,24.27%,TRIB3;CRY1;UBE2D1;HDAC3;LRRK2;NSMCE3;SPSB4;PIN1;PSMD10;BMI1;HSPBP1;INAVA;BCL10;COMMD1;DCUN1D3;BIRC2;GSK3A;PEF1;PAXIP1;PHF23;RPS2;FANCM;PDCD6;FBXW7;HUWE1;DCUN1D4;TSPYL5;NDFIP2;MTA1;DCUN1D2;RCHY1;SEPTIN4;SPHK1;MARCHF7;PRICKLE1;FANCI
KBTBD11,GO_Biological_Process_2023,prerank,T Cell Activation (GO:0042110),-0.38679016646232384,-1.0654989355046052,0.28719723183391005,1.0,1.0,24/103,19.33%,IFNK;CD7;JAG2;NCK2;GATA3;FOXP3;SLA2;CD247;ORC3;NCK1;LCK;CD86;NLRC3;IRF4;LEPR;CD276;CD74;DPP4;EIF2AK4;SOX4;ICOSLG;RHOH;MDK;LMBR1L
KBTBD11,GO_Biological_Process_2023,prerank,Melanosome Transport (GO:0032402),-0.5425058159780705,-1.0652882615399524,0.3590733590733591,1.0,1.0,10/15,25.84%,BBS5;RAB27A;MYO5A;MLPH;MREG;BBS2;RAB17;RAB11A;BBS7;BLOC1S5
KBTBD11,GO_Biological_Process_2023,prerank,Pigment Granule Transport (GO:0051904),-0.5425058159780705,-1.0652882615399524,0.3590733590733591,1.0,1.0,10/15,25.84%,BBS5;RAB27A;MYO5A;MLPH;MREG;BBS2;RAB17;RAB11A;BBS7;BLOC1S5
KBTBD11,GO_Biological_Process_2023,prerank,Mucosal Immune Response (GO:0002385),0.46163281211278273,1.0652682919303524,0.3575757575757576,1.0,1.0,6/27,19.53%,IFNLR1;H2BC21;H2BC12;H2BC11;FAU;H2BC8
KBTBD11,GO_Biological_Process_2023,prerank,Positive Regulation Of Phospholipase Activity (GO:0010518),0.5100392731282117,1.0648545026796838,0.3640256959314775,1.0,1.0,6/20,19.36%,AVPR1B;PLA2G5;FGFR2;HRAS;ESR1;FGF2
KBTBD11,GO_Biological_Process_2023,prerank,Glial Cell Differentiation (GO:0010001),-0.46076246220294903,-1.063950898642025,0.32082551594746717,1.0,1.0,15/34,22.24%,PAX2;SOX10;TPPP;MMP24;HAPLN1;EGR2;BCAN;STAT3;ERBB3;GPC1;CDK5;NFIB;SOX8;MYRF;PTPRZ1
KBTBD11,GO_Biological_Process_2023,prerank,Regulation Of Cytokine Production Involved In Inflammatory Response (GO:1900015),-0.4282316984129339,-1.0637924693772187,0.33455210237659966,1.0,1.0,12/46,12.96%,ALOX5;TICAM1;ADCY7;NOS2;EXTL3;F2;NOD2;NLRC3;APPL1;STAT3;TICAM2;ZC3H12A
KBTBD11,GO_Biological_Process_2023,prerank,cGMP-mediated Signaling (GO:0019934),-0.5369348148977471,-1.063777740579414,0.39194139194139194,1.0,1.0,4/16,12.52%,KCNC2;PDE2A;GUCY1A2;HTR2B
KBTBD11,GO_Biological_Process_2023,prerank,Negative Regulation Of Cell Junction Assembly (GO:1901889),0.47824491882868303,1.0632739588062132,0.35600907029478457,1.0,1.0,9/24,14.12%,TLR2;SLIT1;ARHGAP6;CLASP2;IKBKB;BCAS3;CORO1C;ROCK1;DYNLL1
KBTBD11,GO_Biological_Process_2023,prerank,Cellular Response To Topologically Incorrect Protein (GO:0035967),0.4902962192841212,1.0627935167043476,0.3770833333333333,1.0,1.0,11/22,17.27%,PACRG;PTPN1;HSF1;UBE2W;DNAJC18;TMBIM6;HDAC6;RHBDD1;DAXX;TM7SF3;BAG3
KBTBD11,GO_Biological_Process_2023,prerank,Anterior/Posterior Pattern Specification (GO:0009952),0.40865481816511506,1.0627671193751864,0.34467120181405897,1.0,1.0,8/56,13.26%,CDX2;DDIT3;HES2;HES3;LHX1;HEYL;CELSR2;HES6
KBTBD11,GO_Biological_Process_2023,prerank,Positive Regulation Of Receptor-Mediated Endocytosis (GO:0048260),0.42932186499575836,1.06210073830004,0.31497797356828194,1.0,1.0,20/43,25.49%,GREM1;F3;RAB21;LDLRAP1;DGKD;B2M;VEGFA;ATAD1;BICD1;CLU;MAGI2;INSR;SERPINE1;SFRP4;CD63;C3;NTF3;SGIP1;TBC1D5;ANGPT1
KBTBD11,GO_Biological_Process_2023,prerank,Positive Regulation Of Cell Migration Involved In Sprouting Angiogenesis (GO:0090050),0.5267097684842869,1.061615701967975,0.3678646934460888,1.0,1.0,4/16,19.36%,PIK3C2A;VEGFA;KDR;FGF2
KBTBD11,GO_Biological_Process_2023,prerank,Cellular Response To dsRNA (GO:0071359),-0.5221448585822148,-1.0615549582638506,0.3738489871086556,1.0,1.0,6/17,20.62%,ZCCHC3;MUL1;PDE12;RALB;COLEC12;DHX9
KBTBD11,GO_Biological_Process_2023,prerank,Organonitrogen Compound Catabolic Process (GO:1901565),0.39043630855861405,1.0612753888714122,0.3075221238938053,1.0,1.0,27/78,13.93%,CPQ;PLA2G10;PLA2G5;ERAP1;PNPLA8;PNLIPRP2;IL4I1;ETFB;CYP2D7;USE1;CTRL;ETFA;RIPK1;HOGA1;RENBP;BCHE;SIAH1;SMPD2;RAB12;TPP1;TRIM24;UTP25;LNPEP;CLN8;PLA2G4A;DENND3;ERAP2
KBTBD11,GO_Biological_Process_2023,prerank,Male Gonad Development (GO:0008584),-0.4301790784276571,-1.061212086094317,0.3450834879406308,1.0,1.0,10/45,13.41%,WNT2B;INHBA;WNT4;FGF9;GATA3;ING2;TGFB2;LHCGR;DNAAF11;MEA1
KBTBD11,GO_Biological_Process_2023,prerank,Collagen Fibril Organization (GO:0030199),0.42601048565474137,1.061107250837287,0.328125,1.0,1.0,17/42,20.52%,BMP1;GREM1;SERPINF2;COL11A2;COLGALT1;CYP1B1;PXDN;TLL1;COL12A1;CRTAP;ADAMTS2;COLGALT2;SCX;COL5A3;OPTC;DDR2;LOX
KBTBD11,GO_Biological_Process_2023,prerank,Vasodilation (GO:0042311),-0.5537538355614171,-1.0609783759522975,0.39920948616600793,1.0,1.0,5/15,17.98%,BDKRB2;SOD1;GPER1;CPS1;NOS1
KBTBD11,GO_Biological_Process_2023,prerank,Heart Development (GO:0007507),-0.3576572983681745,-1.060894463886898,0.295169946332737,1.0,1.0,50/167,21.01%,HAND1;FLRT3;TBX3;DAND5;GJA5;SCUBE1;SGCG;PTK2;POU4F1;BMPR2;CER1;PRICKLE4;MYOCD;BMP2;FGF8;TGFB2;POPDC2;TBX19;PCSK5;ZDHHC16;PRMT1;FLRT2;SRF;MYL7;NOTCH1;TSC2;HTR2B;TAB2;PKD2;TGFBR2;AKAP13;LDB3;MIXL1;TDGF1;ERBB3;ALPK3;SOX4;TCF25;ZFPM2;FGF12;NCOA6;CITED2;MEF2C;NTRK3;MTHFD1;TGFB1;PLCE1;PDLIM7;TEK;ECE1
KBTBD11,GO_Biological_Process_2023,prerank,Carbohydrate Catabolic Process (GO:0016052),0.43018541595441284,1.0603870762550454,0.3522012578616352,1.0,1.0,16/41,16.78%,PGAM4;ENOSF1;MAN2C1;HKDC1;HK2;PGAM2;LDHA;ALDOC;PGM1;PFKFB2;GPI;ENO4;PFKM;DERA;PGK1;PFKFB1
KBTBD11,GO_Biological_Process_2023,prerank,Neural Crest Cell Migration (GO:0001755),-0.44633254930288646,-1.0590418658552008,0.344954128440367,1.0,1.0,11/36,19.28%,SEMA7A;SOX10;SEMA6C;RADIL;HTR2B;SEMA3G;SEMA3A;PHACTR4;SEMA4F;SEMA3D;SEMA6B
KBTBD11,GO_Biological_Process_2023,prerank,Telomere Maintenance Via Telomere Lengthening (GO:0010833),-0.4834257063170109,-1.058771450970849,0.37722419928825623,1.0,1.0,11/26,16.99%,POT1;ZBTB48;MRE11;RAD50;TERF1;STON1;PTGES3;RPA1;NOP10;TELO2;TERT
KBTBD11,GO_Biological_Process_2023,prerank,Regulation Of Cation Channel Activity (GO:2001257),-0.41612727079058914,-1.0585405962961227,0.3345656192236599,1.0,1.0,20/56,22.30%,CTSS;S100G;CACNB3;MMP9;KCNE5;CALM2;FGF14;JPH4;HRC;NETO1;EDNRA;STAC;NOS1;FGF12;KCNG1;SLMAP;CACNA1A;HCN4;VAMP2;FGF11
KBTBD11,GO_Biological_Process_2023,prerank,Regulation Of Monocyte Chemotaxis (GO:0090025),0.47347908366216485,1.0585073300519519,0.375,1.0,1.0,6/25,14.86%,GREM1;DUSP1;CXCL17;LGMN;ANO6;NBL1
KBTBD11,GO_Biological_Process_2023,prerank,Protein Deacetylation (GO:0006476),-0.4462528105621677,-1.0583786679842344,0.3577981651376147,1.0,1.0,17/39,22.65%,TBL1Y;HDAC11;SIRT6;MTA3;SIRT1;HDAC3;MORF4L2;CHD4;HDAC4;CHD3;TBL1XR1;MTA2;SIRT7;HDAC10;MTA1;MSL3;MBD2
KBTBD11,GO_Biological_Process_2023,prerank,Regulation Of Megakaryocyte Differentiation (GO:0045652),-0.5124887840704336,-1.0580308279173258,0.37218045112781956,1.0,1.0,12/19,20.95%,THPO;SCIN;MYB;PRMT1;L3MBTL1;H4C9;EIF6;HMGB2;CNOT4;TESC;MEF2C;FAXDC2
KBTBD11,GO_Biological_Process_2023,prerank,Cellular Response To pH (GO:0071467),-0.5060961683750763,-1.0578824444534523,0.3738140417457306,1.0,1.0,6/20,9.84%,PKD2L1;KCNK4;CHP1;SCNN1G;SCNN1A;PKD1L3
KBTBD11,GO_Biological_Process_2023,prerank,Smoothened Signaling Pathway (GO:0007224),-0.45785479763639425,-1.0569312769246597,0.3430127041742287,1.0,1.0,8/34,11.94%,PKD2L1;STIL;TMEM231;GLI1;KIAA0586;TTBK2;STK36;EVC2
KBTBD11,GO_Biological_Process_2023,prerank,Regulation Of Myoblast Differentiation (GO:0045661),-0.4180927883856595,-1.056756641780468,0.3500931098696462,1.0,1.0,24/54,22.24%,MYF6;TBX3;IGFBP3;DPF3;KAT5;SMARCD3;RANBP3L;SMARCD2;LRRC8A;NOTCH1;RIPOR2;ARID1A;ACTL6B;SMARCA2;SOX4;SMARCE1;AKIRIN1;BTG1;SMARCC1;SOSTDC1;MEF2C;TGFB1;SOX8;ARID1B
KBTBD11,GO_Biological_Process_2023,prerank,Regulation Of Chromatin Organization (GO:1902275),0.4637601577773076,1.056642762121272,0.34763948497854075,1.0,1.0,12/26,20.35%,TLK1;LSM11;SETD5;SETD1A;MCRS1;SSRP1;KANSL1;HNRNPU;WDR5;TLK2;METTL4;MSL2
KBTBD11,GO_Biological_Process_2023,prerank,Regulation Of Nervous System Development (GO:0051960),0.410320073970991,1.0544143323081039,0.35058823529411764,1.0,1.0,19/46,22.09%,NKX6-2;ASCL1;HES2;PER2;HES3;GBX2;TNFRSF1B;HEYL;ELAPOR2;HES6;CTNNB1;PRUNE1;CX3CL1;SIRT2;S100A10;TENM4;DLL1;HEY1;YTHDF2
KBTBD11,GO_Biological_Process_2023,prerank,Regulation Of Cyclin-Dependent Protein Serine/Threonine Kinase Activity (GO:0000079),-0.39368940622235,-1.054132075755862,0.3451492537313433,1.0,1.0,28/79,21.28%,RGCC;CDKN2A;MYOCD;CCNB3;CCNI2;HHEX;CCNJ;CEBPA;CCNB1;PSMD10;HEXIM2;CCNE2;PKD2;CCNI;IPO5;CCNE1;PSRC1;CDKN2D;HEXIM1;CDC37;TFAP4;GTPBP4;MAPRE3;GTF2H1;MNAT1;MEN1;CCNF;SPDYA
KBTBD11,GO_Biological_Process_2023,prerank,Regulation Of Hormone Secretion (GO:0046883),0.5263914734282933,1.0532223500051878,0.39669421487603307,1.0,1.0,3/15,12.04%,LIF;IL11;VAMP3
KBTBD11,GO_Biological_Process_2023,prerank,Lymphocyte Migration (GO:0072676),0.4305019086371804,1.0531070599921297,0.35764705882352943,1.0,1.0,3/39,2.96%,CCR6;MYO1G;S1PR1
KBTBD11,GO_Biological_Process_2023,prerank,Cell Junction Assembly (GO:0034329),-0.3826497718897597,-1.0530375816260225,0.3363148479427549,1.0,1.0,36/95,24.38%,FLRT3;PCDHB9;POU4F1;CDH11;SLITRK1;PKP1;PKP3;FARP1;CAPZA1;PCDHB10;CDH10;CDH15;SHANK2;KIRREL3;TLN2;PCDHB5;BDNF;PCDHB16;DNM3;CDH13;PLXND1;NLGN3;CDK5;GPM6A;SDK2;GRHL2;DSCAM;CDH6;CDH7;CTNND1;GJA4;PTEN;CDC42;PCDHB4;CDH1;CTNND2
KBTBD11,GO_Biological_Process_2023,prerank,Regulation Of Mitochondrial Membrane Permeability (GO:0046902),-0.5100430604689791,-1.0527680040464737,0.38419117647058826,1.0,1.0,6/18,19.19%,TMEM102;SLC25A4;MUL1;BCL2L1;THEM4;BAK1
KBTBD11,GO_Biological_Process_2023,prerank,Protein Insertion Into Membrane (GO:0051205),0.5033254056913354,1.051610912926569,0.3939393939393939,1.0,1.0,11/19,24.51%,GET4;CCDC47;SEC61A1;COX18;WDR83OS;EGFR;GET1;RTP1;TRAM1L1;TRAM2;MAIP1
KBTBD11,GO_Biological_Process_2023,prerank,Negative Regulation Of Phosphoprotein Phosphatase Activity (GO:0032515),-0.5024518447574741,-1.0513979261775837,0.36416184971098264,1.0,1.0,9/20,19.38%,PPP1R14D;PTPA;PPP1R15A;TIPRL;STYXL1;PPP1R1B;ROCK2;MASTL;MGAT5
KBTBD11,GO_Biological_Process_2023,prerank,Negative Regulation Of Multicellular Organismal Process (GO:0051241),0.3352655401128575,1.0513076925430125,0.29441624365482233,1.0,1.0,68/228,18.63%,NPR3;DKK1;SLC6A4;DDIT3;TRPV3;PARP1;SPRED2;SLC11A1;ACVR1C;ALPK2;PHF14;APOA1;MAD2L2;NKX3-1;IL17D;ZNF750;SMAD7;DUSP10;ZNF706;WWC3;NOVA1;ACOT13;ACVR2B;NR1D1;SPRY2;ADIPOR1;MAP2K6;SOX9;ROBO1;SPRED1;SPRED3;ASB1;NPTN;SF3B3;PTPRR;TWSG1;ATP2B4;IFNGR1;NRDC;RAB11FIP5;RAB11FIP3;GSK3B;LDLRAD4;CORO1C;ELAPOR2;ACOT11;LNPEP;STC1;RB1;ARID4A;SRGN;ZNF423;PLCL2;RGS2;USF3;ADAMTS5;WWC2;ID1;ACTN3;EGFR;HDAC2;RPS6KA5;BRCA2;EFNA1;WNT9B;RBBP4;IL18R1;RPS6KA6
KBTBD11,GO_Biological_Process_2023,prerank,Regulation Of Peptidyl-Serine Phosphorylation (GO:0033135),0.37185709077357404,1.0512979246859224,0.32489451476793246,1.0,1.0,31/93,16.56%,DKK1;IL6;LIF;PARK7;NTF4;MAD2L2;SMAD7;FNIP1;IL11;HDAC6;TXN;SPRY2;ARAF;NSD1;CAPRIN2;ATP2B4;CALCR;PAQR3;TRIM6;PDE4D;VEGFA;TFRC;RAF1;CREBL2;CD44;NGF;CNKSR3;RPTOR;EGFR;CAV1;TCL1A
KBTBD11,GO_Biological_Process_2023,prerank,Cartilage Development (GO:0051216),0.41393548055519835,1.0509042442648688,0.3620309050772627,1.0,1.0,19/52,20.00%,WNT5B;SULF1;SPAM1;GDF5;COL11A2;SNX19;SOX9;HYAL1;GHRL;SOX6;TRPV4;CD44;ITGB8;HMGA2;SCX;OGN;FGF2;OPTC;GPLD1
KBTBD11,GO_Biological_Process_2023,prerank,Regulation Of Inflammatory Response To Antigenic Stimulus (GO:0002861),-0.5106862414508103,-1.0507537614334974,0.3927893738140417,1.0,1.0,9/17,27.37%,SRC;LYN;HLA-DRB1;KARS1;YES1;FURIN;MAPK14;RHBDF2;SYK
KBTBD11,GO_Biological_Process_2023,prerank,Positive Regulation Of Biomineral Tissue Development (GO:0070169),-0.431041499839881,-1.0504851337430763,0.3562992125984252,1.0,1.0,9/43,12.10%,ALOX5;WNT4;ODAPH;ISG15;BMPR2;BMP2;ATP2B1;FZD9;P2RX7
KBTBD11,GO_Biological_Process_2023,prerank,Cholesterol Transport (GO:0030301),-0.42014565200452625,-1.0502432118706666,0.35346358792184723,1.0,1.0,23/51,21.74%,NPC1L1;APOM;ABCG4;LIPG;MSR1;SOAT1;ABCA5;ABCG8;APOE;STARD3NL;OSBPL5;LIMA1;NPC1;RELCH;STARD3;ABCG1;STX12;TSKU;APOC1;OSBP;GUCY2C;STARD5;SCARB1
KBTBD11,GO_Biological_Process_2023,prerank,Regulation Of Protein Secretion (GO:0050708),-0.38123542865795246,-1.0496725605168975,0.3538732394366197,1.0,1.0,28/102,20.24%,CD33;ALOX5;KCNJ11;SNAP25;SIRT6;NOS2;ENSA;SYTL4;TGFB2;CD2AP;IL1A;APBB3;APOE;UNC13B;DRD3;GOLPH3;MYH10;LLGL2;UQCC2;BMP6;STXBP5L;CYP51A1;GOLPH3L;ERP29;APBB1;ARFIP1;TTN;TGFB1
KBTBD11,GO_Biological_Process_2023,prerank,Insulin Secretion (GO:0030073),0.4875422782071993,1.0492588217174585,0.37142857142857144,1.0,1.0,7/19,12.86%,PARK7;SNX19;RAB11FIP2;RAB11B;SELENOT;RAB11FIP5;SLC30A8
KBTBD11,GO_Biological_Process_2023,prerank,NADP Metabolic Process (GO:0006739),0.49640045179197984,1.049206137237124,0.3780487804878049,1.0,1.0,6/19,12.03%,NOX1;NADK;IDH2;NUDT12;NUDT13;MDH1
KBTBD11,GO_Biological_Process_2023,prerank,Neural Tube Closure (GO:0001843),-0.45197960770619616,-1.0482403135661589,0.3780260707635009,1.0,1.0,15/32,23.61%,PAX2;MTHFR;STIL;TGFB2;TSC2;VASP;PHACTR4;BCL10;KDM2B;MTHFD1L;MTHFD1;TGFB1;GRHL2;DVL1;PRICKLE1
KBTBD11,GO_Biological_Process_2023,prerank,Antimicrobial Humoral Immune Response Mediated By Antimicrobial Peptide (GO:0061844),-0.4082547015093222,-1.046885955282496,0.36311787072243346,1.0,1.0,7/63,13.26%,CXCL13;GNLY;CXCL2;CXCL1;F2;ROMO1;GAPDH
KBTBD11,GO_Biological_Process_2023,prerank,G2/M Transition Of Mitotic Cell Cycle (GO:0000086),-0.4358342643646633,-1.0467909644214062,0.34501845018450183,1.0,1.0,14/38,21.48%,WEE1;ENSA;CHEK2;CDK2;BRSK1;CCNB1;TAF2;DNM2;USH1C;MASTL;CDK14;BRSK2;LCMT1;PLK3
KBTBD11,GO_Biological_Process_2023,prerank,Fatty Acid Derivative Biosynthetic Process (GO:1901570),-0.4668759073886224,-1.0466455396111165,0.3693379790940767,1.0,1.0,3/26,1.52%,SLC27A2;GGTA1;ALOX5
KBTBD11,GO_Biological_Process_2023,prerank,Melanosome Localization (GO:0032400),-0.5099193465583546,-1.0465928049776863,0.39264990328820115,1.0,1.0,11/18,25.84%,BBS5;RAB27A;MYO5A;MLPH;SHROOM2;MREG;BBS2;RAB17;RAB11A;BBS7;BLOC1S5
KBTBD11,GO_Biological_Process_2023,prerank,Regulation Of Autophagosome Maturation (GO:1901096),-0.5305697623595182,-1.0461711823364073,0.4105461393596987,1.0,1.0,7/16,18.19%,IRGM;TOM1;TBC1D25;UVRAG;CLEC16A;PHF23;FYCO1
KBTBD11,GO_Biological_Process_2023,prerank,Glycerophospholipid Metabolic Process (GO:0006650),0.39388465078022944,1.0455351748744122,0.3369330453563715,1.0,1.0,24/62,21.44%,PLA2G4E;PLA2G10;LCAT;PIGZ;APOA1;PRDX6;PNPLA6;PLA2G3;SYNJ1;SERINC5;PLA2G4D;ABHD3;ABHD12;PLA2G4A;PLA2G4C;PIP5K1A;PLA2G15;PLCB1;FAR1;PLA2G4B;GDPD3;GPLD1;PIGG;PLCB3
KBTBD11,GO_Biological_Process_2023,prerank,Negative Regulation Of Cellular Biosynthetic Process (GO:0031327),-0.36255805024696913,-1.045183196382891,0.3185689948892675,1.0,1.0,64/137,26.79%,WNT4;SIRT6;LARP1;BMPR2;SIRT1;NANOS3;TRIB3;CRY1;ZAR1L;FCN3;NHLRC1;ILF3;TIA1;SNAI2;PATL2;ACADL;RACK1;GIGYF2;DDX6;NHLRC3;ZC3H12A;GAPDH;DKKL1;CSNK2A1;ACMSD;KHSRP;GRB7;ACADVL;RIDA;EP300;IGF2BP2;FXR1;IGFBP5;CNOT9;DHFR;TRIM3;ROCK2;CLK2;FBXW7;FGF19;RAPGEF2;ENC1;APOC1;SIRPA;RNF139;USP7;PAIP2B;LSM14A;EIF4ENIF1;GCK;PUS7;SERBP1;DDX3X;FMR1;PTGIS;RPS3;AKR1C3;UBR4;OPN3;CDKN1A;PGPEP1;SIK1;DCAF5;CALR
KBTBD11,GO_Biological_Process_2023,prerank,DNA-templated Transcription (GO:0006351),-0.35063261809960866,-1.0440215344720594,0.34915254237288135,1.0,1.0,74/198,22.47%,TBPL2;CCDC124;IRF9;POLR2J;TCEA3;TAF1C;POLR2I;PWP1;TRIP13;MMS19;PPP5C;TAF7;SNAPC2;GTF2A2;GLIS3;RRAGC;TFB2M;POLR3A;GTF2A1L;COPS2;ETV7;NFIX;POLR1C;SNAPC3;POLR2A;XAB2;TCEANC2;SMARCA5;DPEP1;DDX21;TP53;TAF1A;NOCT;POLR2E;IVNS1ABP;GTF2B;RSF1;POLR2K;POLR3G;CRCP;TAF6;ERCC3;TAF13;CDK12;ZBTB7B;POLR2L;NAT14;TAF11;GTF3C2;PIR;NCOA6;E2F1;CBFB;POLR3K;NFKBIB;NFYA;GTF2F2;DTX1;SMAD4;HSF2BP;ARRB2;GTF2H1;MNAT1;SUPT16H;SLC25A33;FUBP3;GARS1;CEBPD;RREB1;ZNF141;RNPS1;GTF2A1;GTF3C1;TBP
KBTBD11,GO_Biological_Process_2023,prerank,Glycosphingolipid Biosynthetic Process (GO:0006688),-0.5142670521655777,-1.0438386065093495,0.3941176470588235,1.0,1.0,7/19,14.02%,ST3GAL5;B4GALNT1;B4GALT4;ST6GALNAC6;ST6GALNAC3;ST8SIA1;ST8SIA3
KBTBD11,GO_Biological_Process_2023,prerank,Response To ATP (GO:0033198),-0.5015582316519367,-1.043566215038158,0.37547892720306514,1.0,1.0,11/20,23.08%,KCNJ11;NT5E;CIB2;P2RX7;P2RX3;HSP90B1;SSH1;P2RX4;DGKQ;P2RY11;P2RY1
KBTBD11,GO_Biological_Process_2023,prerank,Regulation Of Protein Modification Process (GO:0031399),0.41267596246689425,1.04309450882222,0.3656387665198238,1.0,1.0,16/45,15.64%,SPRED2;CCDC88A;PPIB;PHIP;FNIP1;ATG101;SPRED1;CADM4;NDUFS4;CORO1C;HSPB1;FER;KDM4D;FKTN;STAT2;PLXNB2
KBTBD11,GO_Biological_Process_2023,prerank,Amino Acid Transmembrane Transport (GO:0003333),0.4250174553515636,1.0425571917760503,0.35398230088495575,1.0,1.0,15/42,18.87%,SLC7A13;SLC36A3;SLC7A10;SLC6A13;SLC38A8;SLC25A13;LRRC8E;SLC38A10;SLC36A1;SLC36A4;SLC22A2;SFXN2;SLC25A22;SLC36A2;SFXN1
KBTBD11,GO_Biological_Process_2023,prerank,Mesenchymal Cell Migration (GO:0090497),-0.4478031182359239,-1.0424242405143171,0.37988826815642457,1.0,1.0,11/32,19.28%,SEMA7A;SOX10;SEMA6C;RADIL;HTR2B;SEMA3G;SEMA3A;PHACTR4;SEMA4F;SEMA3D;SEMA6B
KBTBD11,GO_Biological_Process_2023,prerank,Motile Cilium Assembly (GO:0044458),-0.5232121935765555,-1.0424063224282625,0.3973384030418251,1.0,1.0,9/17,17.72%,CFAP221;BBS5;SPATA6;DNAAF1;DNAAF11;RSPH9;CCDC40;E2F4;ENKD1
KBTBD11,GO_Biological_Process_2023,prerank,"Wound Healing, Spreading Of Cells (GO:0044319)",0.4658281319636669,1.042076893799398,0.3816631130063966,1.0,1.0,11/25,19.48%,ITGB1;LCP1;RHOA;ARHGAP35;CEACAM1;PLET1;CD44;FLNA;CCNA2;TMEFF2;ARHGAP24
KBTBD11,GO_Biological_Process_2023,prerank,Superoxide Metabolic Process (GO:0006801),0.4337945850296588,1.0419809134751161,0.3684210526315789,1.0,1.0,7/33,10.00%,CYBB;NOX1;DUOX1;NOX3;NOS3;NOXA1;NCF2
KBTBD11,GO_Biological_Process_2023,prerank,Regulatory ncRNA Processing (GO:0070918),0.4342148449424679,1.0411604879530638,0.3620309050772627,1.0,1.0,9/35,15.20%,DDX4;PIWIL1;FKBP6;ZC3H7A;AGO3;TDRKH;DICER1;ANKRD34B;PRKRA
KBTBD11,GO_Biological_Process_2023,prerank,Regulation Of Tumor Necrosis Factor Production (GO:0032680),0.3593949156140478,1.041152599359208,0.33564814814814814,1.0,1.0,35/126,20.06%,MC1R;TWIST1;TLR2;IL33;IL6;LILRB4;ISL1;AZU1;MAPKAPK2;PF4;SETD4;POMC;TNFAIP3;RIPK1;SPHK2;LCP1;GHRL;RASGRP1;IFNGR1;CHRNA7;TRIM27;HSPB1;DICER1;PTPN11;C1QTNF4;WNT5A;TIRAP;IL23A;PTPN6;CX3CL1;CLU;IGF1;THBS1;IRAK3;TNFRSF8
KBTBD11,GO_Biological_Process_2023,prerank,Regulation Of Monocyte Differentiation (GO:0045655),0.526271282387433,1.0410549698701042,0.41561181434599154,1.0,1.0,8/15,25.61%,IRF7;CSF1;MYC;CD4;CDK6;FES;CTNNBIP1;FOXP1
KBTBD11,GO_Biological_Process_2023,prerank,B Cell Differentiation (GO:0030183),0.40235521191490126,1.0405700630657109,0.37411764705882355,1.0,1.0,11/60,8.47%,AQP8;PIK3R1;CLCF1;PAX5;CR2;ITGB1;PIK3R3;GPS2;FNIP1;IL11;DNAJB9
KBTBD11,GO_Biological_Process_2023,prerank,Positive Regulation Of Protein Binding (GO:0032092),-0.4039238493592065,-1.040079681703465,0.38155515370705245,1.0,1.0,19/59,18.93%,MMP9;TRIB3;BMP2;ADD1;IDE;HFE;LRRK2;APOE;LRP1;HIP1R;NMD3;USP9X;PIN1;RALB;EPB41;BDNF;TERT;PRKN;RAPGEF2
KBTBD11,GO_Biological_Process_2023,prerank,Negative Regulation Of Osteoclast Differentiation (GO:0045671),0.4759611310890846,1.0398419671657473,0.39149888143176736,1.0,1.0,5/21,22.32%,LILRB4;MAFB;TMEM178A;LILRB3;FSTL3
KBTBD11,GO_Biological_Process_2023,prerank,Negative Regulation Of G Protein-Coupled Receptor Signaling Pathway (GO:0045744),-0.49637127871085424,-1.0392002220972616,0.38589981447124305,1.0,1.0,7/21,20.35%,RGS14;GPRASP1;CRY1;KLK14;MRAP2;SNCA;YWHAB
KBTBD11,GO_Biological_Process_2023,prerank,Protein Targeting To Mitochondrion (GO:0006626),-0.4043358340377071,-1.0388377972936238,0.37809187279151946,1.0,1.0,25/59,23.37%,TIMM22;TIMM10;PRICKLE4;DNAJC19;TOMM34;MFF;TOMM5;TIMM10B;GDAP1;ROMO1;PMPCA;TIMM9;AIP;NDUFA13;TIMM13;MFN2;GRPEL2;IMMP1L;MTCH2;MIPEP;MTX2;TIMM8A;CHCHD4;DNLZ;TRMT10B
KBTBD11,GO_Biological_Process_2023,prerank,Regulation Of Biomineral Tissue Development (GO:0070167),0.45788549658507494,1.0385903312600386,0.36807095343680707,1.0,1.0,8/25,14.66%,TWIST1;S1PR1;NOS3;SOX9;ANKH;FBXO5;ROCK1;BMP2K
KBTBD11,GO_Biological_Process_2023,prerank,Regulation Of Amyloid-Beta Clearance (GO:1900221),-0.5290411883416289,-1.0383303852450374,0.4226415094339623,1.0,1.0,5/15,16.76%,MYOCD;SRF;APOE;LRP1;CYP51A1
KBTBD11,GO_Biological_Process_2023,prerank,Positive Regulation Of Leukocyte Cell-Cell Adhesion (GO:1903039),-0.42668904667262914,-1.0381362681291648,0.3952205882352941,1.0,1.0,13/42,20.00%,ITGB2;TNFSF11;CCDC88B;HLA-DPA1;LCK;HLA-DMB;SKAP1;HLA-DMA;HLA-DRB1;CD47;MDK;GNAO1;SIRPA
KBTBD11,GO_Biological_Process_2023,prerank,Peptidyl-Glutamic Acid Modification (GO:0018200),0.47880177643737426,1.0380702877014325,0.3917525773195876,1.0,1.0,5/22,6.60%,TTLL6;TTLL9;CEP41;TTLL13;TTLL2
KBTBD11,GO_Biological_Process_2023,prerank,Positive Regulation Of Inflammatory Response (GO:0050729),0.36576308928784923,1.0376645859115248,0.3473684210526316,1.0,1.0,16/103,10.92%,CREB3L3;TLR2;IL33;IL6;TLR7;NAPEPLD;TSLP;SETD4;RIPK1;MAPK13;PLA2G3;LCP1;IL18;NFKBIZ;TNFRSF1A;TNIP1
KBTBD11,GO_Biological_Process_2023,prerank,"Phagocytosis, Engulfment (GO:0006911)",-0.45773395560279106,-1.0376453561696906,0.40530973451327434,1.0,1.0,9/30,18.12%,TIMD4;ITGB2;MSR1;ITGAM;DOCK1;XKR9;RAC3;XKR5;GSN
KBTBD11,GO_Biological_Process_2023,prerank,Intermediate Filament Organization (GO:0045109),-0.395105549900297,-1.0376426399324883,0.3767857142857143,1.0,1.0,4/67,7.71%,KRT80;KRT15;PKP1;GFAP
KBTBD11,GO_Biological_Process_2023,prerank,Response To Light Stimulus (GO:0009416),0.39927918454792544,1.0371372854548546,0.3738738738738739,1.0,1.0,19/58,16.65%,TRPM1;MAPK10;UVSSA;TNFSF13B;OPN1SW;ERCC5;GTF2H2;TRIM32;FECH;PCLAF;UBE2A;ERCC8;CLOCK;USP1;UBE2B;USF1;ZRANB3;CRY2;SLC24A1
KBTBD11,GO_Biological_Process_2023,prerank,Regulation Of Intracellular Transport (GO:0032386),0.4301924718760699,1.0366804809656982,0.375,1.0,1.0,13/38,16.19%,MYLK2;REEP6;PTPN1;ATP9A;NEFH;OCRL;RAB11B;PLA2G3;LCP1;MAP2;RBM4;REEP5;LAMP1
KBTBD11,GO_Biological_Process_2023,prerank,Very Long-Chain Fatty Acid Metabolic Process (GO:0000038),0.4299638873328725,1.0362704438703336,0.3741648106904232,1.0,1.0,9/32,14.14%,CYP4F12;HACD4;ACOT2;ACOT1;SLC27A6;SLC27A4;ELOVL5;ELOVL3;ACSBG1
KBTBD11,GO_Biological_Process_2023,prerank,Intracellular Estrogen Receptor Signaling Pathway (GO:0030520),-0.5191852812078785,-1.0356963783774082,0.41366223908918404,1.0,1.0,6/16,15.77%,PADI2;PPARGC1B;EGLN2;SAFB;DDX54;ARID1A
KBTBD11,GO_Biological_Process_2023,prerank,Regulation Of B Cell Proliferation (GO:0030888),-0.43668483528381097,-1.0351066665934574,0.3913857677902622,1.0,1.0,11/44,13.89%,CHRNB2;IRS2;CD320;TNFRSF13C;LYN;CD81;RC3H1;CD300A;AMH;CD74;TNFRSF21
KBTBD11,GO_Biological_Process_2023,prerank,Muscle Tissue Morphogenesis (GO:0060415),0.5062802742986521,1.0348532751400725,0.4086242299794661,1.0,1.0,4/17,11.79%,MYLK2;EFEMP2;MYL11;MYLK
KBTBD11,GO_Biological_Process_2023,prerank,Positive Regulation Of Viral Life Cycle (GO:1903902),-0.48552093799704316,-1.0347055119253465,0.4068441064638783,1.0,1.0,13/22,24.83%,TSG101;SMPD1;TMPRSS4;TRIM11;VPS37B;CD74;KPNA6;HLA-DRB1;FURIN;TYRO3;FMR1;LGALS9;TMPRSS2
KBTBD11,GO_Biological_Process_2023,prerank,Transcription Elongation By RNA Polymerase II (GO:0006368),-0.46006746008286015,-1.0346333041258873,0.3955637707948244,1.0,1.0,17/28,28.55%,POLR2I;RTF1;SUPT4H1;ERCC3;CTDP1;LEO1;ELP2;GTF2F2;SUPT16H;ELOF1;PCID2;SUPT5H;PEX2;SETD2;SUPT6H;EAF2;CDK9
KBTBD11,GO_Biological_Process_2023,prerank,Positive Regulation Of Lymphocyte Proliferation (GO:0050671),-0.39554430024300113,-1.0337125773199811,0.36580882352941174,1.0,1.0,18/73,13.82%,IL23R;CHRNB2;CD274;NCK2;IRS2;CD320;TNFRSF13C;CCDC88B;HLA-DPA1;CD81;NCK1;AMH;CD86;HLA-DMB;CD1D;CD70;CD276;CD74
KBTBD11,GO_Biological_Process_2023,prerank,Detection Of Chemical Stimulus Involved In Sensory Perception Of Taste (GO:0050912),0.4191869524655693,1.0333099142880915,0.35654008438818563,1.0,1.0,4/41,2.07%,TAS2R50;TAS2R10;GNAT3;TAS2R4
KBTBD11,GO_Biological_Process_2023,prerank,Phosphatidylethanolamine Metabolic Process (GO:0046337),0.46335472135545125,1.033027387365297,0.3987473903966597,1.0,1.0,10/25,12.46%,PLA2G4E;PLA2G10;NAPEPLD;PNPLA8;SLC27A1;PLA2G3;CHKA;NAAA;ETNK2;ETNK1
KBTBD11,GO_Biological_Process_2023,prerank,Positive Regulation Of Cytokinesis (GO:0032467),0.4253077506158724,1.0328078992111631,0.37723214285714285,1.0,1.0,7/39,13.53%,CXCR5;MAP10;RHOA;CSPP1;CDC6;SPAST;KIF23
KBTBD11,GO_Biological_Process_2023,prerank,Regulation Of Stress Fiber Assembly (GO:0051492),0.38187140504198275,1.0324771100422805,0.33557046979865773,1.0,1.0,31/74,21.20%,RHPN1;CCDC88A;PIK3R1;SYNPO2L;SERPINF2;ASAP3;APOA1;PAK2;ARHGAP6;EPHA1;TGFB3;FHOD1;SORBS3;ARHGEF5;RHOA;LPAR1;ARHGEF10;CLASP2;LIMCH1;ROCK1;DYNLL1;TMEFF2;ARAP1;TPM1;PFN1;PFN2;S100A10;NF2;PTGER4;PPFIA1;ARHGEF18
KBTBD11,GO_Biological_Process_2023,prerank,Phagosome Maturation (GO:0090382),-0.5104852377665859,-1.0321671325968986,0.41681901279707495,1.0,1.0,6/15,21.20%,RAB43;SRPX;RAB7A;MREG;RAB31;PIKFYVE
KBTBD11,GO_Biological_Process_2023,prerank,Regulation Of Lipopolysaccharide-Mediated Signaling Pathway (GO:0031664),-0.48800729897831896,-1.0316877892969436,0.41779497098646035,1.0,1.0,8/21,25.16%,LY96;SIGIRR;CACTIN;CARD8;TRIM5;CD55;SCIMP;CD36
KBTBD11,GO_Biological_Process_2023,prerank,Negative Regulation Of Sequestering Of Calcium Ion (GO:0051283),-0.44172922214476945,-1.0316378934130117,0.409683426443203,1.0,1.0,13/36,22.65%,GP1BB;XCL1;LCK;HTR2B;PKD2;PLCD1;ITPR2;IBTK;F2R;RYR2;PLCE1;ITPR1;RYR1
KBTBD11,GO_Biological_Process_2023,prerank,Negative Regulation Of Cytoskeleton Organization (GO:0051494),-0.4599560748666495,-1.0311532878232037,0.4143646408839779,1.0,1.0,11/27,22.92%,CAV3;PLEKHH2;MYADM;HIP1R;ARPIN;LIMA1;SSH1;PRKN;SMAD4;CLASP1;KANK4
KBTBD11,GO_Biological_Process_2023,prerank,Negative Regulation Of Epithelial To Mesenchymal Transition (GO:0010719),0.44648470960660025,1.0307616900459937,0.38802660753880264,1.0,1.0,9/30,14.27%,SPRED2;MAD2L2;ZNF750;SMAD7;SPRY2;SPRED1;SPRED3;LDLRAD4;USF3
KBTBD11,GO_Biological_Process_2023,prerank,Immune Response-Activating Cell Surface Receptor Signaling Pathway (GO:0002429),-0.4883802715333245,-1.0305971483730325,0.42990654205607476,1.0,1.0,7/22,12.98%,FPR1;C3AR1;CR1;FPR3;SLA2;LYN;C5AR1
KBTBD11,GO_Biological_Process_2023,prerank,Regulation Of Chromosome Segregation (GO:0051983),-0.4716349292887471,-1.0302980964874333,0.4224299065420561,1.0,1.0,12/26,21.30%,KIF2B;IHO1;NCAPD3;BUB1;CSNK2A1;MKI67;SMC5;CSNK2A2;PUM2;RMI2;NCAPH;NUMA1
KBTBD11,GO_Biological_Process_2023,prerank,Monoatomic Cation Transport (GO:0006812),-0.43292411883959464,-1.0299012067489746,0.3808630393996248,1.0,1.0,18/42,22.63%,PANX3;PKD2L1;CNGB1;PANX2;ATP1A2;GRIN2A;PKD1L3;GRIN2D;SLC39A1;TRPC6;ANO1;ATP10D;ATP1B1;GRIN2B;NDFIP2;HCN4;CNGA4;SLC41A1
KBTBD11,GO_Biological_Process_2023,prerank,Positive Regulation Of Stress Fiber Assembly (GO:0051496),0.41553819095879657,1.029231984843141,0.3893617021276596,1.0,1.0,13/43,11.58%,CCDC88A;SYNPO2L;SERPINF2;APOA1;EPHA1;TGFB3;FHOD1;SORBS3;ARHGEF5;RHOA;LPAR1;ARHGEF10;LIMCH1
KBTBD11,GO_Biological_Process_2023,prerank,Positive Regulation Of Extracellular Matrix Organization (GO:1903055),0.49140792269314987,1.0286645070668106,0.3924050632911392,1.0,1.0,8/18,15.46%,IL6;EFEMP2;COLGALT1;CLASP2;MELTF;SMAD3;RB1;TNXB
KBTBD11,GO_Biological_Process_2023,prerank,Positive Regulation Of Ossification (GO:0045778),-0.4228698089017507,-1.0285210130733398,0.3992248062015504,1.0,1.0,9/41,12.10%,ALOX5;WNT4;ISG15;BMPR2;ZBTB16;BMP2;ATP2B1;FZD9;P2RX7
KBTBD11,GO_Biological_Process_2023,prerank,Response To Alcohol (GO:0097305),-0.45527057409021154,-1.0278897408832972,0.40933572710951527,1.0,1.0,9/29,20.48%,CHRNB2;SOD1;GRIN2A;DRD3;GRIN3A;TGFBR2;PMVK;TGFB1;GRIN2B
KBTBD11,GO_Biological_Process_2023,prerank,Glycolipid Biosynthetic Process (GO:0009247),-0.42176748827217736,-1.0273055898946384,0.3968565815324165,1.0,1.0,17/42,23.42%,ST3GAL5;PIGO;PIGQ;ST8SIA1;PIGL;ST8SIA3;PIGB;ST3GAL6;ST3GAL4;PIGA;ST6GALNAC5;DPM2;PIGW;PGF;PIGP;TM9SF2;ST3GAL2
KBTBD11,GO_Biological_Process_2023,prerank,Regulation Of Metal Ion Transport (GO:0010959),-0.43570719459229734,-1.0241986385673383,0.40891472868217055,1.0,1.0,14/34,21.19%,PLN;GRIN3B;HFE;SPTBN4;ORAI1;SLC30A6;P2RX7;WNK1;EPB41;STIM1;NOS1;YWHAH;P2RX4;NKAIN2
KBTBD11,GO_Biological_Process_2023,prerank,Triglyceride Metabolic Process (GO:0006641),-0.4234844566483176,-1.0239680752866205,0.4121996303142329,1.0,1.0,14/45,19.88%,PNPLA5;MOGAT1;LMF1;SIRT1;CAV3;PNPLA1;APOH;APOE;CPS1;GPAM;LPIN3;LPGAT1;APOC1;GPAT4
KBTBD11,GO_Biological_Process_2023,prerank,Male Meiosis I (GO:0007141),0.5022977335617784,1.0238036897289213,0.4211618257261411,1.0,1.0,3/16,9.44%,DDX4;CCNA1;SYCP3
KBTBD11,GO_Biological_Process_2023,prerank,Transmembrane Receptor Protein Tyrosine Kinase Signaling Pathway (GO:0007169),-0.3298130044959138,-1.023801259065574,0.36666666666666664,1.0,1.0,97/283,24.30%,FGF21;FLRT3;SRC;CD7;EPHA5;RGS14;TIE1;FGF9;BDKRB2;MMP9;FGF1;PDK2;RARRES2;PTK2;SHC4;EFS;RASA1;HGF;IRS2;FRK;FGF8;NTRK1;IDE;RHOQ;ZNF106;NTRK2;GH2;SH2D6;PDGFRB;LYN;PTPRT;FLRT2;VEGFC;CLNK;FRS3;FGF22;CHURC1;ALK;LCK;EFNB3;SLC39A14;APPL1;STAT3;TSC2;GIGYF2;ARHGEF28;EFNA3;BCAR3;EFNB1;PAK1;DDIT4;PTK2B;GRB7;MAPKAPK3;RASGRP4;ANKS1A;ERBB3;BDNF;GSK3A;FGFR3;APEX1;GHR;BAIAP2;CNKSR1;PTPRJ;PDGFD;STXBP4;FGF19;RAPGEF2;SULF2;PXN;NFATC4;EPHA7;NTRK3;MPZL1;EPHB1;TEK;SORT1;GAB1;PGF;ROR1;SIPA1L1;YES1;GRB2;CHN1;GIGYF1;ANGPTL1;UXT;TYRO3;PTPN2;DOK4;FGF16;EFNA2;FGFR1;FGF4;FGF23;ANKS1B
KBTBD11,GO_Biological_Process_2023,prerank,Modulation By Symbiont Of Entry Into Host (GO:0052372),0.4808320329529116,1.023505886581671,0.4326086956521739,1.0,1.0,6/20,13.99%,TRIM68;TRIM34;TRIM25;TRIM6;TRIM21;TRIM62
KBTBD11,GO_Biological_Process_2023,prerank,Positive Regulation Of Potassium Ion Transport (GO:0043268),0.5159572406611147,1.0230037079755587,0.40997830802603036,1.0,1.0,10/15,21.37%,KCNN4;ADRA2A;FHL1;AKAP6;DLG1;KCNQ1;KCNH2;FLNA;KIF5B;NOS1AP
KBTBD11,GO_Biological_Process_2023,prerank,Negative Regulation Of Calcium Ion Transmembrane Transport (GO:1903170),-0.48890061258540024,-1.0220088420666082,0.40699815837937386,1.0,1.0,5/19,10.51%,PLN;CALM2;ATP1A2;PPP3CC;YWHAE
KBTBD11,GO_Biological_Process_2023,prerank,Regulation Of Protein Export From Nucleus (GO:0046825),-0.4919691510978331,-1.0214602677173767,0.4258188824662813,1.0,1.0,11/22,19.79%,IFI27;SIRT6;RAPGEF3;YWHAE;CAMK1;BARD1;FRAT1;EMD;SIRT7;GAS6;RBM22
KBTBD11,GO_Biological_Process_2023,prerank,Regulation Of DNA-templated DNA Replication (GO:0090329),0.5024896961277427,1.0213509503973883,0.41935483870967744,1.0,1.0,5/17,18.38%,NUGGC;MCM3;GMNN;BLM;METTL4
KBTBD11,GO_Biological_Process_2023,prerank,Antigen Processing And Presentation Of Exogenous Peptide Antigen (GO:0002478),-0.4527646758215017,-1.021081611303539,0.41906474820143885,1.0,1.0,14/29,22.87%,CTSS;IFI30;HLA-DPA1;HLA-DMB;CLEC4A;DNM2;HLA-DMA;HLA-F;HLA-DRB1;HLA-E;CTSD;GNAO1;PIKFYVE;HLA-DRA
KBTBD11,GO_Biological_Process_2023,prerank,"Nuclear-Transcribed mRNA Catabolic Process, Exonucleolytic (GO:0000291)",-0.5022615273025628,-1.020503007484588,0.41366223908918404,1.0,1.0,8/17,19.23%,EXOSC7;CNOT7;EXOSC5;DIS3L2;EXOSC4;EXOSC3;DIS3;EXOSC2
KBTBD11,GO_Biological_Process_2023,prerank,Dicarboxylic Acid Catabolic Process (GO:0043649),-0.511142740716372,-1.020447563157575,0.4371584699453552,1.0,1.0,8/16,25.72%,ALDH1L2;GAD1;ALDH1L1;GOT1;GLUD1;QPRT;ACSF3;GOT2
KBTBD11,GO_Biological_Process_2023,prerank,Regulation Of Neurotransmitter Transport (GO:0051588),-0.48957907426081604,-1.0204137322715006,0.44,1.0,1.0,10/20,25.70%,CPLX4;MCTP1;OTOF;SYN1;FER1L5;MEF2C;CPLX2;MCTP2;FMR1;MYOF
KBTBD11,GO_Biological_Process_2023,prerank,Tube Closure (GO:0060606),-0.4505161331612373,-1.0201540560631794,0.42857142857142855,1.0,1.0,12/29,20.98%,PAX2;MTHFR;STIL;TGFB2;TSC2;VASP;PHACTR4;BCL10;MTHFD1L;MTHFD1;TGFB1;GRHL2
KBTBD11,GO_Biological_Process_2023,prerank,Regulation Of Epidermal Growth Factor-Activated Receptor Activity (GO:0007176),-0.46317110206042034,-1.020114835289724,0.4296577946768061,1.0,1.0,9/26,18.56%,AREG;TGFA;NCK2;TSG101;GPRC5A;EGF;VPS25;SNX6;FBXW7
KBTBD11,GO_Biological_Process_2023,prerank,Primary Neural Tube Formation (GO:0014020),-0.4505217557102406,-1.0200483068316322,0.4277673545966229,1.0,1.0,12/28,20.98%,PAX2;MTHFR;STIL;TGFB2;TSC2;VASP;PHACTR4;BCL10;MTHFD1L;MTHFD1;TGFB1;GRHL2
KBTBD11,GO_Biological_Process_2023,prerank,Protein Depolymerization (GO:0051261),-0.4468039412223834,-1.0200075891091658,0.4121863799283154,1.0,1.0,3/28,5.68%,KIF2B;STMN4;STMND1
KBTBD11,GO_Biological_Process_2023,prerank,Chromosome Organization (GO:0051276),-0.42131393896739644,-1.0193175669932009,0.423728813559322,1.0,1.0,10/44,17.77%,PRM2;CENPT;HHEX;H4C9;CENPH;HAT1;GEM;DOT1L;CENPW;XPA
KBTBD11,GO_Biological_Process_2023,prerank,Antimicrobial Humoral Response (GO:0019730),0.3587422715486548,1.0191353961416918,0.4079822616407982,1.0,1.0,9/94,6.73%,WFDC13;CXCL14;TSLP;SLC11A1;PRTN3;AZU1;PF4;F3;WFDC2
KBTBD11,GO_Biological_Process_2023,prerank,Positive Regulation Of Peptidase Activity (GO:0010952),-0.4650408434269178,-1.0187016318224784,0.4246823956442831,1.0,1.0,14/25,27.78%,CTSS;VSIR;MAPK12;APH1B;CTSK;NDUFA13;PSME3;RCAN3;CLDN3;PSME1;NCSTN;VCP;GRN;TANK
KBTBD11,GO_Biological_Process_2023,prerank,Protein Localization To Cell-Cell Junction (GO:0150105),0.5097360245236715,1.0183136460599933,0.4264069264069264,1.0,1.0,6/15,15.40%,PAK2;SCRIB;ILDR1;LSR;TJP3;DSP
KBTBD11,GO_Biological_Process_2023,prerank,Positive Regulation Of Cytokine Production (GO:0001819),0.31527184523003215,1.0177966392812303,0.35279805352798055,1.0,1.0,64/318,16.65%,CD28;IRF5;TWIST1;TLR2;POU2AF1;IL33;IL6;IKBKE;NOX1;DDIT3;TLR7;ISL1;MAPK11;IRF7;TSLP;SLC11A1;SULF1;FCER1G;TRAF3IP3;SERPINF2;PARK7;ADRA2A;CD226;SETD4;IRF1;IL17D;RIPK1;TYK2;CXCL17;CYP1B1;MAPK13;CD200;SPHK2;LCP1;IL18;CRLF2;SCRIB;TMED10;TRAF2;STOML2;RASGRP1;NOD1;LACC1;TRIM6;TRIM27;AGPAT1;PQBP1;CD40;IL7;PDE4D;CD58;EIF2AK2;CD4;RAB7B;PTPN11;C1QTNF4;MAP3K7;CYRIB;KAT2A;WNT5A;TIRAP;RAB1A;IL23A;HPSE
KBTBD11,GO_Biological_Process_2023,prerank,Signal Transduction In Response To DNA Damage (GO:0042770),-0.39482314716433553,-1.0175956339922996,0.3962962962962963,1.0,1.0,24/57,19.41%,CASP9;MAPK12;CRY1;DONSON;HINFP;CHEK2;E2F7;RAD9A;MRPL36;MYO6;TP53;TIPRL;FBXO6;USP10;DOT1L;MAP3K20;BCL3;PAXIP1;TP53BP1;HUS1;BID;E2F1;USP28;CEP63
KBTBD11,GO_Biological_Process_2023,prerank,Negative Regulation Of Endothelial Cell Apoptotic Process (GO:2000352),0.4548080085778883,1.0173526979057286,0.4117647058823529,1.0,1.0,5/26,8.23%,TNFAIP3;NDNF;KRIT1;RAMP2;IL11
KBTBD11,GO_Biological_Process_2023,prerank,Response To Fibroblast Growth Factor (GO:0071774),0.4802732615136737,1.0167262644000432,0.42650103519668736,1.0,1.0,5/20,15.23%,DLL4;NDNF;HYAL1;SETX;CD44
KBTBD11,GO_Biological_Process_2023,prerank,Positive Regulation Of Positive Chemotaxis (GO:0050927),-0.5096230810196313,-1.0162293264933515,0.419921875,1.0,1.0,7/16,21.63%,F7;VEGFC;CDH13;CXCL12;NTRK3;MEN1;PGF
KBTBD11,GO_Biological_Process_2023,prerank,Negative Regulation Of Response To Wounding (GO:1903035),0.4603452960093528,1.0160311794275072,0.423728813559322,1.0,1.0,13/24,21.22%,IL33;RTN4RL1;RTN4R;OCRL;EPPK1;PTPRS;CRK;CD109;CERS2;PTPN6;FGF2;CASK;SERPINE1
KBTBD11,GO_Biological_Process_2023,prerank,Response To Lipopolysaccharide (GO:0032496),-0.3475742105232462,-1.0159164394024762,0.41509433962264153,1.0,1.0,42/156,20.30%,CXCL13;LY96;IL23R;TICAM1;CXCL2;CXCL1;CD274;IRGM;NOS2;LIAS;IL1A;PPM1E;SBNO2;NOD2;SMAD6;PALM3;CD86;TAB2;CASP7;TICAM2;ZC3H12A;GCH1;LDOC1;CITED1;CPS1;NOCT;BCL10;HMGB2;UPF1;MAPKAPK3;TRIM41;CACTIN;NOS1;F2R;SHPK;DAB2IP;IFNAR1;PELI1;NFKBIB;MEF2C;SIRPA;SNCA
KBTBD11,GO_Biological_Process_2023,prerank,Regulation Of Proteolysis (GO:0030162),0.3979204036757944,1.0156543311929198,0.4022222222222222,1.0,1.0,15/52,17.00%,CSTA;SERPINB4;HDAC6;TRIM32;FBXW11;SERPINE2;PLAUR;CLN8;BAD;TBC1D10A;PARL;PLAT;HDAC2;CAV1;FGFR4
KBTBD11,GO_Biological_Process_2023,prerank,Positive Regulation Of Macrophage Activation (GO:0043032),0.4869803071964705,1.0155623527523632,0.41846758349705304,1.0,1.0,3/17,6.45%,IL33;TAFA3;TTBK1
KBTBD11,GO_Biological_Process_2023,prerank,Regulation Of Vesicle-Mediated Transport (GO:0060627),-0.3715437176985043,-1.015437082402027,0.4230088495575221,1.0,1.0,45/88,24.07%,SRC;CD177;GAS1;PACSIN2;LRRK2;SCFD1;RAB33B;STX4;RAB3C;RINT1;RUFY2;HIP1R;TSC2;PLD1;RAB5B;STON1;YIPF5;DNAJC5;RIT2;TPCN2;SNX12;BET1L;STXBP5L;APEX1;PACSIN1;CDH13;SYT1;ARFGAP3;RNF139;USP7;CPLX2;RAB26;MAP2K2;RAB8B;SEPTIN1;DNAJC13;CHMP3;RAB17;VAMP2;NSF;SEPTIN4;RAB8A;SPHK1;PACSIN3;RAB11A
KBTBD11,GO_Biological_Process_2023,prerank,Cell Surface Receptor Signaling Pathway Involved In Cell-Cell Signaling (GO:1905114),-0.45077074164867725,-1.0149537632390555,0.4145873320537428,1.0,1.0,7/27,14.65%,CPE;CSNK1A1;BMP2;ITGAM;P2RX7;LRP6;RAC3
KBTBD11,GO_Biological_Process_2023,prerank,Positive Regulation Of Fat Cell Differentiation (GO:0045600),-0.4040074107072277,-1.014049855394007,0.4030131826741996,1.0,1.0,24/50,27.24%,ADIRF;RARRES2;GDF3;SIRT6;ZBTB16;BMP2;SIX1;TMEM64;METRNL;ZC3H12A;NOCT;CARM1;ZBTB7B;TFE3;CEBPB;RREB1;ZFP36;TRPM4;FNDC5;SFRP2;PIM1;ID2;XBP1;ZFP36L1
KBTBD11,GO_Biological_Process_2023,prerank,Positive Regulation Of Axon Extension (GO:0045773),-0.4814716268057,-1.0139065978159383,0.4575645756457565,1.0,1.0,5/19,12.95%,SEMA7A;MAP3K13;ISLR2;GOLGA4;MAPT
KBTBD11,GO_Biological_Process_2023,prerank,Activation Of Protein Kinase Activity (GO:0032147),0.36647752303692616,1.0138980090442635,0.41025641025641024,1.0,1.0,30/81,20.43%,TNFSF15;DYNAP;CCDC88A;SLC11A1;PRLR;PARK7;ADRA2A;TXN;IL18;TRAF2;CHRNA3;STRADB;VEGFA;PPIA;TNFRSF10A;MAP3K7;WNT5A;TIRAP;PDGFB;ADRA2C;PRKCD;CAB39L;TAOK2;TOM1L1;PINK1;LEP;PRRC1;IGF1;ADRB2;INSR
KBTBD11,GO_Biological_Process_2023,prerank,Negative Regulation Of Chemokine Production (GO:0032682),0.4858917736382692,1.0137815766319815,0.432258064516129,1.0,1.0,2/16,1.85%,IL6;LILRB4
KBTBD11,GO_Biological_Process_2023,prerank,Cardiac Muscle Contraction (GO:0060048),0.432776949407472,1.013075682861616,0.4202586206896552,1.0,1.0,10/33,18.98%,MYLK2;SCN2B;MYL3;SCN1B;GRK2;KCNQ1;KCNH2;SLC8A1;TPM1;TNNC1
KBTBD11,GO_Biological_Process_2023,prerank,Establishment Of Protein Localization To Vacuole (GO:0072666),-0.4499582379366536,-1.0126868394636603,0.4188191881918819,1.0,1.0,13/27,17.85%,TSG101;CACNG4;PTPN23;VPS37B;CACNG2;CACNG5;STAM2;VPS25;VPS37C;PIK3R4;CACNG7;VPS36;CACNG8
KBTBD11,GO_Biological_Process_2023,prerank,Positive Regulation Of G Protein-Coupled Receptor Signaling Pathway (GO:0045745),-0.4929228594714263,-1.0124882006811504,0.4,1.0,1.0,8/18,17.23%,KLK6;GPER1;F2;SLC39A14;KLK14;PDE6G;GSK3A;MRAP2
KBTBD11,GO_Biological_Process_2023,prerank,Fluid Transport (GO:0042044),0.5019036190009423,1.0122852548180015,0.4466230936819172,1.0,1.0,2/17,2.20%,AQP8;AQP7
KBTBD11,GO_Biological_Process_2023,prerank,Regulation Of Oligodendrocyte Differentiation (GO:0048713),-0.4949831774876806,-1.0112041599519597,0.4321880650994575,1.0,1.0,9/18,22.24%,DAAM2;DRD3;NOTCH1;TNFRSF21;ZNF365;MDK;PTN;HES1;PTPRZ1
KBTBD11,GO_Biological_Process_2023,prerank,snRNA 3'-End Processing (GO:0034472),-0.4792796494302153,-1.0107524700147867,0.4377431906614786,1.0,1.0,11/21,23.93%,INTS5;EXOSC7;EXOSC5;INTS8;INTS2;EXOSC4;EXOSC3;INTS6L;TUT1;INTS7;INTS9
KBTBD11,GO_Biological_Process_2023,prerank,Positive Regulation Of Protein Targeting To Membrane (GO:0090314),-0.4720804572980127,-1.0104346625711174,0.44601769911504424,1.0,1.0,9/23,19.26%,TCAF2;ITGB2;CHP1;MFF;ITGAM;MYO1C;MIEF1;CEMIP;TCAF1
KBTBD11,GO_Biological_Process_2023,prerank,Glucose 6-Phosphate Metabolic Process (GO:0051156),0.4778903233068932,1.0098128418523546,0.43157894736842106,1.0,1.0,6/18,16.14%,HKDC1;HK2;G6PC3;GPI;PGD;DERA
KBTBD11,GO_Biological_Process_2023,prerank,Positive Regulation Of Protein Modification Process (GO:0031401),-0.3332284152988599,-1.009692929171839,0.42237061769616024,1.0,1.0,77/225,24.27%,FGF21;FGF9;THPO;MMP9;FGF1;RARRES2;PTK2;IRGM;PTPA;CALM2;HGF;ALG10B;SIRT1;SMPD1;CHP1;BMP2;GPER1;FGF8;NTRK1;KAT5;NTRK2;CALM3;F2;CRKL;HDAC3;LRRK2;LYN;VEGFC;FGF22;NIBAN1;RACK1;PIN1;PPP1R7;CARD14;LEPR;CD74;SMARCA5;ENG;PAK1;RALB;ATG10;GPNMB;RRP8;FXR1;TESK1;FAM20A;DAB2;HLA-DRB1;KRAS;ROCK2;FGF19;PELI2;GAS6;ERP29;ATG14;NTRK3;RAP2A;TGFB1;TEK;FAXDC2;ASPSCR1;PPP1R16B;PGF;AGER;CIB1;PROM2;P2RY1;ARRB1;RB1CC1;FAS;DDX3X;FGF16;CLDN3;FMR1;FGF4;FGF23;PTBP1
KBTBD11,GO_Biological_Process_2023,prerank,Regulation Of Vascular Endothelial Growth Factor Signaling Pathway (GO:1900746),0.4794886548664432,1.0092887589523751,0.4376321353065539,1.0,1.0,9/19,22.64%,SPRY2;ROBO1;CADM4;SEMA6A;VEGFA;TNXB;SMOC2;DLL1;CD63
KBTBD11,GO_Biological_Process_2023,prerank,Peptidyl-Threonine Modification (GO:0018210),0.3708615709984271,1.0089726979961846,0.4197802197802198,1.0,1.0,31/66,24.16%,MYLK2;CDK10;STK39;DYRK1B;TTBK1;GALNTL6;CSNK2B;HIPK3;GALNT16;CHEK1;WNK3;GSK3B;GALNT1;GALNT11;GPI;ROCK1;PRKCA;MAPK1;PRKCD;ATF2;PRKDC;TNKS;AKT1;DYRK3;PRKD1;HIPK2;TAF1;TGFBR1;OXSR1;GALNT6;GALNT2
KBTBD11,GO_Biological_Process_2023,prerank,Activation Of Protein Kinase B Activity (GO:0032148),0.4497948564152682,1.008444449453459,0.4375,1.0,1.0,12/25,20.43%,DYNAP;CCDC88A;PARK7;TXN;IL18;PPIA;WNT5A;PDGFB;ADRA2C;PINK1;IGF1;INSR
KBTBD11,GO_Biological_Process_2023,prerank,Regulation Of Heart Contraction (GO:0008016),-0.38968095505837447,-1.0079390246240367,0.45535714285714285,1.0,1.0,16/69,11.53%,AGT;KCNE5;GJA5;PLN;CALM2;DMPK;TNNI3K;CAV3;CALM3;SPTBN4;TGFB2;ATP1A2;ATP2B1;KCNIP2;FXYD1;HRC
KBTBD11,GO_Biological_Process_2023,prerank,Regulation Of Smooth Muscle Cell Migration (GO:0014910),-0.48018422541705297,-1.0079129288196305,0.44274809160305345,1.0,1.0,4/19,17.19%,IGFBP3;PDGFRB;LRP1;IGFBP5
KBTBD11,GO_Biological_Process_2023,prerank,Embryonic Heart Tube Development (GO:0035050),-0.5031480153765135,-1.0078511151420568,0.43716814159292033,1.0,1.0,2/17,6.90%,HAND1;FGF8
KBTBD11,GO_Biological_Process_2023,prerank,Regulation Of B Cell Receptor Signaling Pathway (GO:0050855),-0.5067729588185651,-1.0075459858353484,0.4393939393939394,1.0,1.0,6/16,14.45%,NFAM1;LYN;CD81;CD300A;LPXN;PRKCB
KBTBD11,GO_Biological_Process_2023,prerank,Cardiac Conduction System Development (GO:0003161),-0.461692974074965,-1.0070671119348815,0.4393939393939394,1.0,1.0,6/25,21.68%,GJA5;SMAD5;CACNA1G;SMAD4;HCN4;GARS1
KBTBD11,GO_Biological_Process_2023,prerank,Positive Regulation Of Bone Mineralization (GO:0030501),-0.4217471488767287,-1.0067784095885595,0.4117647058823529,1.0,1.0,8/38,12.10%,ALOX5;WNT4;ISG15;BMPR2;BMP2;ATP2B1;FZD9;P2RX7
KBTBD11,GO_Biological_Process_2023,prerank,T-helper Cell Differentiation (GO:0042093),0.47693547690522864,1.0067022289882992,0.43983402489626555,1.0,1.0,6/18,19.85%,RORC;IL6;TMEM98;KMT2A;STAT4;PTGER4
KBTBD11,GO_Biological_Process_2023,prerank,Regulation Of BMP Signaling Pathway (GO:0030510),-0.37792284474941046,-1.0061320397384965,0.4125,1.0,1.0,26/75,22.08%,SCUBE3;DAND5;GDF3;CHRD;BMPR2;CER1;BMPER;CHRDL1;UBE2D1;CRB2;FSTL5;SMAD6;NOTCH1;LEMD3;ENG;CRIM1;FSTL4;FST;TNFAIP6;UBE2D3;SOSTDC1;VWC2;SMAD4;TMEM53;NUMA1;PCSK6
KBTBD11,GO_Biological_Process_2023,prerank,Calcium-Mediated Signaling Using Intracellular Calcium Source (GO:0035584),0.46362651597104987,1.005937487323546,0.4200426439232409,1.0,1.0,5/20,19.35%,AZU1;PRNP;PRKACA;KDR;CLU
KBTBD11,GO_Biological_Process_2023,prerank,Positive Regulation Of Catabolic Process (GO:0009896),-0.3753631634157411,-1.004680367515695,0.44851657940663175,1.0,1.0,28/79,20.42%,ASB5;APC2;VSIR;PTK2;OAZ3;TNFSF12;TIPARP;ANGPTL3;IDE;CAV3;RAB7A;NEDD4;EGLN2;STX5;BARD1;CSNK2A1;MAGEF1;NDUFA13;GSK3A;DDB1;FBXW7;PRKN;DAB2IP;RNF41;NKD1;VGLL4;L3MBTL3;RNF139
KBTBD11,GO_Biological_Process_2023,prerank,Cellular Response To Unfolded Protein (GO:0034620),0.4937339515507309,1.0046280158487788,0.4607438016528926,1.0,1.0,8/17,17.27%,PACRG;PTPN1;HSF1;TMBIM6;RHBDD1;DAXX;TM7SF3;BAG3
KBTBD11,GO_Biological_Process_2023,prerank,Cognition (GO:0050890),-0.4088599136068141,-1.0041913745719016,0.4316546762589928,1.0,1.0,20/44,25.52%,CHRNB2;TTC8;LHCGR;CHRNA4;GTF2A1L;C5AR1;SLC1A4;CTNS;TUSC3;METTL23;ST3GAL4;MGAT3;MFSD2A;JAKMIP1;HLA-DRA;CUX2;PTCHD1;NSUN5;TMPRSS11E;HRH3
KBTBD11,GO_Biological_Process_2023,prerank,Positive Regulation Of Type II Interferon Production (GO:0032729),0.38216878011808814,1.0036143861309335,0.42376681614349776,1.0,1.0,16/58,21.44%,TLR7;ISL1;SLC11A1;CD226;TYK2;IL18;SCRIB;RASGRP1;TRIM27;PDE4D;CYRIB;IL23A;IL18R1;TNFSF4;HSPD1;HLA-A
KBTBD11,GO_Biological_Process_2023,prerank,Positive Regulation Of Syncytium Formation By Plasma Membrane Fusion (GO:0060143),-0.5160018062633992,-1.0035410588397409,0.44874274661508706,1.0,1.0,4/15,14.22%,CD53;RAPGEF3;CAMK1;RIPOR2
KBTBD11,GO_Biological_Process_2023,prerank,Positive Regulation Of Endothelial Cell Proliferation (GO:0001938),-0.37532019127917016,-1.0031316781362396,0.436036036036036,1.0,1.0,24/77,24.75%,SIRT6;BMPR2;TNFSF12;SIRT1;BMP2;LRG1;EGF;VEGFC;ARNT;HTR2B;STAT5A;HMGB2;PDCD6;CDH13;MDK;TEK;ZNF580;MEN1;PPP1R16B;PGF;AGGF1;FGFR1;THBS4;PDPK1
KBTBD11,GO_Biological_Process_2023,prerank,Dorsal/Ventral Pattern Formation (GO:0009953),0.43611866038755215,1.0028512673894967,0.43777777777777777,1.0,1.0,7/27,14.86%,BMP1;GREM1;SIX3;LHX1;TLL1;GLI2;NBL1
KBTBD11,GO_Biological_Process_2023,prerank,Regulation Of Cartilage Development (GO:0061035),-0.5022565905428704,-1.002624932223214,0.44163424124513617,1.0,1.0,4/17,6.81%,SCIN;BMPR2;ZBTB16;BMP2
KBTBD11,GO_Biological_Process_2023,prerank,Iron Ion Transport (GO:0006826),0.4441719889302671,1.0025948499013821,0.41612200435729846,1.0,1.0,11/24,17.63%,SLC11A1;F3;HEPHL1;TTYH1;RAB11B;MELTF;STEAP3;TFRC;FTH1;ARHGAP1;CP
KBTBD11,GO_Biological_Process_2023,prerank,Maturation Of 5.8S rRNA (GO:0000460),-0.5127042472123731,-1.0023871596257514,0.4474187380497132,1.0,1.0,7/16,19.09%,EXOSC10;NEDD4;EIF6;NOL9;PES1;EXOSC4;FTSJ3
KBTBD11,GO_Biological_Process_2023,prerank,Protein Processing (GO:0016485),-0.35622810879327554,-1.0023564768083564,0.4254545454545455,1.0,1.0,43/114,22.08%,F7;CTSS;CLN5;CPE;BACE1;KLK6;VSIR;TMPRSS4;PCSK5;MYRFL;APH1B;CPXM1;ADAMTS3;RCE1;ATP23;XPNPEP3;PHEX;APH1A;KLK1;MASP1;OGT;HM13;PSEN2;BACE2;PCSK4;PCSK2;ZMPSTE24;METAP2;SPCS2;IMMP1L;TYSND1;OMA1;SEC11C;MME;METAP1;PCSK9;ADAMTS13;SEC11A;FXN;ECE1;KEL;MYRF;PCSK6
KBTBD11,GO_Biological_Process_2023,prerank,Respiratory Chain Complex IV Assembly (GO:0008535),0.4479340194153799,1.0023379640890018,0.4488888888888889,1.0,1.0,11/26,20.85%,COX14;COA3;SLC25A46;STMP1;PET100;COX18;COX15;COA8;COA5;SCO2;SCO1
KBTBD11,GO_Biological_Process_2023,prerank,Regulation Of Wound Healing (GO:0061041),0.3940438335674162,1.0014216450870226,0.4384133611691023,1.0,1.0,19/46,21.22%,DUOX1;VIL1;ADRA2A;TNFAIP3;ITGB1;EPPK1;CADM4;CRK;MYLK;CD109;CLDN4;HRAS;KANK1;CAV1;GP1BA;INSL3;FGF2;CASK;SERPINE1
KBTBD11,GO_Biological_Process_2023,prerank,Regulation Of Protein Localization To Plasma Membrane (GO:1903076),0.3591530650320562,1.0008190528461747,0.45083932853717024,1.0,1.0,19/80,16.13%,RSC1A1;MMP14;PIK3R1;PID1;SORBS1;AKR1B1;ITGB1;ZDHHC5;PPP2R5A;ATP2B4;WNK3;LDLRAP1;DLG1;PRKCI;ZDHHC7;DPP10;ARHGEF16;VPS4A;EGFR
KBTBD11,GO_Biological_Process_2023,prerank,I-kappaB kinase/NF-kappaB Signaling (GO:0007249),0.40768947350745927,0.9997954392909977,0.45010615711252655,1.0,1.0,15/45,19.37%,TLR2;TLR7;NKIRAS1;IKBKB;NFKB1;ROCK1;REL;MAP3K14;TBKBP1;MAP3K7;TIRAP;IRAK1BP1;FAIM;ERC1;TRIM8
KBTBD11,GO_Biological_Process_2023,prerank,Regulation Of G Protein-Coupled Receptor Signaling Pathway (GO:0008277),-0.37989388108961514,-0.9996582085512509,0.4264705882352941,1.0,1.0,28/70,24.46%,GRK7;RGS14;KLK6;GPER1;CRY1;MGLL;RGS11;GUCY2D;RAMP3;SLC39A14;KLK14;SYP;RASGRP4;PDE6G;MRAP2;RGS16;KCTD12;ROCK2;YWHAB;PLCE1;DGKQ;RGS12;RGS20;KCTD16;PHB1;GIT2;RGS7;GIT1
KBTBD11,GO_Biological_Process_2023,prerank,miRNA Processing (GO:0035196),0.4180124035381268,0.9994791371180448,0.42217484008528783,1.0,1.0,9/32,15.20%,HNRNPA2B1;ZC3H7A;METTL3;DDX5;AGO3;BCDIN3D;SMAD3;DICER1;PRKRA
KBTBD11,GO_Biological_Process_2023,prerank,Positive Regulation Of Macroautophagy (GO:0016239),-0.3843912966357539,-0.9994535711823511,0.43439716312056736,1.0,1.0,19/62,18.19%,IRGM;LARP1;SIRT1;TRIM13;SLC25A4;HTT;GPSM1;SCOC;OPTN;TOM1;SNX4;TSC2;SNX33;PIP4K2B;IKBKG;RALB;UVRAG;SESN3;FYCO1
KBTBD11,GO_Biological_Process_2023,prerank,Regulation Of Cytoplasmic Translation (GO:2000765),0.4467128285179723,0.999393819779272,0.43015521064301554,1.0,1.0,9/24,16.11%,PARP16;SYNCRIP;PABPC1;YBX1;CPEB1;UNK;HNRNPD;YBX3;HNRNPU
KBTBD11,GO_Biological_Process_2023,prerank,Regulation Of Cytokine-Mediated Signaling Pathway (GO:0001959),0.40999608874338217,0.9989527700969517,0.44325481798715205,1.0,1.0,15/40,20.66%,IKBKE;PTPN1;TSLP;MAPKAPK2;TNFAIP3;IKBKB;SPATA2;IL7;MIB2;TRIM44;PTPN11;SHARPIN;PTPN6;IRAK3;CD24
KBTBD11,GO_Biological_Process_2023,prerank,Negative Regulation Of Release Of Cytochrome C From Mitochondria (GO:0090201),-0.4993385495657477,-0.9988173726990598,0.4673913043478261,1.0,1.0,9/16,20.81%,NOL3;HGF;AVP;PSMD10;BCL2L1;GPX1;PRKN;BAK1;FXN
KBTBD11,GO_Biological_Process_2023,prerank,RNA-templated DNA Biosynthetic Process (GO:0006278),-0.483021970079726,-0.998685256976971,0.4643478260869565,1.0,1.0,9/19,16.99%,POT1;MRE11;RAD50;TERF1;PTGES3;RPA1;NOP10;TELO2;TERT
KBTBD11,GO_Biological_Process_2023,prerank,Telomere Maintenance Via Telomerase (GO:0007004),-0.483021970079726,-0.998685256976971,0.4643478260869565,1.0,1.0,9/19,16.99%,POT1;MRE11;RAD50;TERF1;PTGES3;RPA1;NOP10;TELO2;TERT
KBTBD11,GO_Biological_Process_2023,prerank,Morphogenesis Of An Epithelium (GO:0002009),-0.45316684735894486,-0.998614628731546,0.4413919413919414,1.0,1.0,11/28,24.08%,SOX10;KDF1;PRKX;KLK14;DAG1;KDM2B;TIMELESS;PALS1;SOX8;LIN7C;TRAF3IP1
KBTBD11,GO_Biological_Process_2023,prerank,Positive Regulation Of Cell Division (GO:0051781),0.3990345867984341,0.9985615685061927,0.44419642857142855,1.0,1.0,9/43,13.53%,CXCR5;MAP10;NKX3-1;RHOA;CSPP1;FGFR2;CDC6;SPAST;KIF23
KBTBD11,GO_Biological_Process_2023,prerank,Positive Regulation Of Release Of Sequestered Calcium Ion Into Cytosol (GO:0051281),-0.4304751213317208,-0.9985361140194805,0.44612476370510395,1.0,1.0,12/33,20.30%,XCL1;CALM2;GPER1;CALM3;F2;HTT;CAPN3;PKD2;CEMIP;APEX1;F2R;SNCA
KBTBD11,GO_Biological_Process_2023,prerank,Negative Regulation Of Protein Phosphorylation (GO:0001933),-0.3391503063451046,-0.9982382589423932,0.4416243654822335,1.0,1.0,56/148,21.10%,DUSP19;IGFBP3;NCK2;SNX25;PYDC1;CALM2;AKT1S1;TRIB3;CHP1;CAV3;CALM3;NLRP12;GNAQ;CRKL;LRRK2;PPM1E;LYN;TAF7;MYADM;NCK1;SMAD6;LRP1;PRKCZ;NIBAN1;EMILIN1;RACK1;TARBP2;TSC2;IMPACT;ZC3H12A;LRP6;ENG;CAMK2N2;DBNDD1;SH3GL2;IBTK;RTRAF;PRKRIP1;QARS1;DNAJC3;TESK1;SORD;SFN;CACTIN;INPP5J;PRKN;WWTR1;DAB2IP;PTPN13;ATG14;NTRK3;SIRPA;TGFB1;SNCA;DGKQ;MEN1
KBTBD11,GO_Biological_Process_2023,prerank,Regulation Of Endopeptidase Activity (GO:0052548),-0.3776263804844112,-0.9981807407925702,0.44727272727272727,1.0,1.0,13/68,13.67%,SERPINA6;SERPINI2;VSIR;TIMP1;SERPINH1;CRB2;AHSG;APH1B;SERPINE3;APH1A;SERPIND1;GAPDH;SERPINB6
KBTBD11,GO_Biological_Process_2023,prerank,Positive Regulation Of Alpha-Beta T Cell Activation (GO:0046635),-0.48400939845222846,-0.9969727541091279,0.46441947565543074,1.0,1.0,9/18,27.37%,IL23R;EBI3;HLA-DRB1;HLA-E;CD55;HLA-DRA;HSPH1;NKAP;SYK
KBTBD11,GO_Biological_Process_2023,prerank,Positive Regulation Of Endocytosis (GO:0045807),0.36182747678623,0.9961459505894632,0.4380733944954128,1.0,1.0,15/79,12.73%,IL15RA;PLA2G5;SLC11A1;AZU1;FCER1G;F3;APOA1;TUB;CAMK1D;TULP1;RAB21;LYAR;LDLRAP1;ABCA7;B2M
KBTBD11,GO_Biological_Process_2023,prerank,Positive Regulation Of Phosphorylation (GO:0042327),-0.32495265370728427,-0.9950112896173898,0.4570957095709571,1.0,1.0,78/231,24.19%,FGF21;TIE1;FGF9;THPO;MMP9;FGF1;RARRES2;PTK2;IRGM;HGF;SIRT1;BMP2;GPER1;FGF8;NTRK1;NTRK2;F2;CRKL;KCTD20;HDAC3;PDGFRB;LRRK2;LYN;EGF;VEGFC;FGF22;AMH;ALK;NIBAN1;RACK1;PIN1;MRE11;CARD14;LEPR;RAD50;CD74;ENG;PAK1;RALB;PTGES3;BCL10;GPNMB;ERBB3;FGFR3;FXR1;TESK1;FAM20A;DAB2;HLA-DRB1;KRAS;ROCK2;FGF19;PELI2;GAS6;ERP29;ATG14;NTRK3;RAP2A;TGFB1;TEK;FAXDC2;PGF;AGER;ROR1;DSCAM;CIB1;PROM2;P2RY1;TYRO3;ARRB1;RB1CC1;FAS;FGF16;CLDN3;FMR1;FGFR1;FGF4;FGF23
KBTBD11,GO_Biological_Process_2023,prerank,Regulation Of Interleukin-10 Production (GO:0032653),-0.4089868031572951,-0.9947609408627754,0.4542190305206463,1.0,1.0,14/45,13.89%,IL23R;TIGIT;CD274;VSIR;ISG15;XCL1;FOXP3;NOD2;PRKCZ;PIBF1;IRF4;STAT3;INAVA;TNFRSF21
KBTBD11,GO_Biological_Process_2023,prerank,Regulation Of Striated Muscle Contraction (GO:0006942),-0.4430888767576411,-0.9945877191019145,0.4686907020872865,1.0,1.0,7/28,9.39%,GJA5;CALM2;TNNI3K;CAV3;CALM3;ATP1A2;TNNI1
KBTBD11,GO_Biological_Process_2023,prerank,Positive Regulation By Host Of Viral Process (GO:0044794),0.4848173142569062,0.99457802942405,0.4829787234042553,1.0,1.0,7/17,15.95%,PPIB;YTHDC2;CAV2;ZNF502;ZDHHC9;EEF1A1;NUCKS1
KBTBD11,GO_Biological_Process_2023,prerank,Response To Acidic pH (GO:0010447),-0.496609152838301,-0.9945383618746332,0.4501915708812261,1.0,1.0,6/17,9.84%,CTSS;PKD2L1;CHP1;SCNN1G;SCNN1A;PKD1L3
KBTBD11,GO_Biological_Process_2023,prerank,Positive Regulation Of Peptidyl-Serine Phosphorylation (GO:0033138),0.36010313275784095,0.9938295606223362,0.42857142857142855,1.0,1.0,29/81,19.68%,IL6;LIF;PARK7;NTF4;MAD2L2;FNIP1;IL11;HDAC6;TXN;SPRY2;ARAF;CAPRIN2;ATP2B4;CALCR;TRIM6;VEGFA;TFRC;RAF1;CREBL2;CD44;NGF;RPTOR;EGFR;CAV1;TCL1A;PINK1;TCL1B;PFN2;AKT1
KBTBD11,GO_Biological_Process_2023,prerank,Regulation Of DNA Recombination (GO:0000018),0.39898918149830753,0.9936017075916693,0.45067264573991034,1.0,1.0,22/43,25.91%,FIGNL1;H1-4;CHEK1;USP51;H1-0;SMARCAD1;BLM;H1-5;H1-3;ZRANB3;THOC1;KDM1A;SHLD2;TEX15;H1-2;H1-10;MSH6;TERF2IP;PPP4C;MSH2;RAD51;SPIDR
KBTBD11,GO_Biological_Process_2023,prerank,Heart Process (GO:0003015),-0.4967181227265922,-0.9931058304934123,0.4665391969407266,1.0,1.0,6/16,15.87%,SGCG;SOD1;PPCS;RAMP3;MYL7;GPX1
KBTBD11,GO_Biological_Process_2023,prerank,Acetylcholine Receptor Signaling Pathway (GO:0095500),0.460418247310583,0.9928411597683722,0.48360655737704916,1.0,1.0,11/21,17.33%,CHRM1;LYPD1;CHRND;CHRM5;CHRNA3;CHRNA7;GRK2;GNB1;CHRM3;PLCB1;RGS8
KBTBD11,GO_Biological_Process_2023,prerank,Positive Regulation Of Interleukin-4 Production (GO:0032753),-0.4879373870407893,-0.9926528349723874,0.4629981024667932,1.0,1.0,8/17,20.79%,GATA3;CD86;PRKCZ;IRF4;HLA-E;ZP3;RARA;CEBPB
KBTBD11,GO_Biological_Process_2023,prerank,Amyloid Precursor Protein Metabolic Process (GO:0042982),-0.4905203746833586,-0.9920103999921805,0.48269581056466304,1.0,1.0,6/17,15.45%,BACE1;KLK6;APH1B;APOE;APH1A;PSEN2
KBTBD11,GO_Biological_Process_2023,prerank,Positive Regulation Of Immune Effector Process (GO:0002699),-0.4167743459785156,-0.9919062782410177,0.445993031358885,1.0,1.0,13/37,24.53%,IL23R;CFP;FCN3;CD81;HLA-DMB;DHX58;RPS19;HLA-DRB1;PTPRJ;HLA-DRA;EHHADH;PHB1;LGALS9
KBTBD11,GO_Biological_Process_2023,prerank,Multivesicular Body Assembly (GO:0036258),-0.43512130435255136,-0.9916608018337362,0.4583333333333333,1.0,1.0,13/29,24.07%,TSG101;VPS37B;STAM2;CHMP4A;VPS25;VPS37C;VPS36;IST1;CHMP3;CHMP5;CHMP1B;CHMP2A;RAB11A
KBTBD11,GO_Biological_Process_2023,prerank,Calcium Ion Import Across Plasma Membrane (GO:0098703),0.4090652066626342,0.9916032111318404,0.4322033898305085,1.0,1.0,15/37,20.31%,TRPM1;TRPV5;TRPV3;CACNA1I;SLC8A3;SCN4A;SLC8A2;TRPV4;SLC8A1;SLC24A2;SLC24A1;SCN7A;CLU;CACNA1C;SCN9A
KBTBD11,GO_Biological_Process_2023,prerank,Cell Cycle G2/M Phase Transition (GO:0044839),-0.40775738350142476,-0.9915925419463651,0.46716697936210133,1.0,1.0,15/40,21.48%,WEE1;ENSA;CHEK2;CDK2;BRSK1;CCNB1;TAF2;DNM2;AKAP8;USH1C;MASTL;CDK14;BRSK2;LCMT1;PLK3
KBTBD11,GO_Biological_Process_2023,prerank,Cellular Response To Lipopolysaccharide (GO:0071222),-0.3494174749128229,-0.9915593954056477,0.4751908396946565,1.0,1.0,29/121,20.24%,CXCL13;LY96;TICAM1;CXCL2;CXCL1;CD274;IRGM;IL1A;PPM1E;LYN;SBNO2;NOD2;CD86;CASP7;TICAM2;ZC3H12A;LDOC1;BCL10;PRKCE;HMGB2;UPF1;TRIM41;CACTIN;SHPK;DAB2IP;NFKBIB;MEF2C;SIRPA;TGFB1
KBTBD11,GO_Biological_Process_2023,prerank,Regulation Of Peptide Hormone Secretion (GO:0090276),-0.3963478653954746,-0.9910754564738906,0.4647887323943662,1.0,1.0,7/52,7.61%,ALOX5;KCNJ11;SNAP25;PASK;NOS2;ENSA;HFE
KBTBD11,GO_Biological_Process_2023,prerank,Retinoid Metabolic Process (GO:0001523),-0.40973629734037337,-0.9910318329092427,0.43911439114391143,1.0,1.0,15/39,23.71%,BCO2;SDR16C5;RARRES2;ALDH1A2;ALDH8A1;RDH10;LRP1;DHRS3;RDH13;ALDH1A3;E2F1;DHRS4L2;KDM5A;AKR1C1;DHRS4
KBTBD11,GO_Biological_Process_2023,prerank,Natural Killer Cell Mediated Immunity (GO:0002228),-0.46775253944698103,-0.9909679669691184,0.4720720720720721,1.0,1.0,3/22,5.30%,RAET1E;KLRK1;ULBP3
KBTBD11,GO_Biological_Process_2023,prerank,Cellular Response To BMP Stimulus (GO:0071773),-0.376081646862862,-0.9908801875777282,0.4450354609929078,1.0,1.0,14/65,14.09%,GDF7;INHBA;GDF6;INHBC;GDF3;BMPR2;BMP2;HFE;TGFB2;SMAD6;SMAD5;USP9X;RGMA;ENG
KBTBD11,GO_Biological_Process_2023,prerank,Regulation Of Protein Deacetylation (GO:0090311),0.47385731008569293,0.9907457777296004,0.4455852156057495,1.0,1.0,8/18,17.59%,SPRED2;MBIP;SPRED1;DR1;KAT2B;SGF29;KAT2A;WDR5
KBTBD11,GO_Biological_Process_2023,prerank,Development Of Primary Male Sexual Characteristics (GO:0046546),-0.39960569521264167,-0.9906742331650642,0.44424131627056673,1.0,1.0,9/45,13.41%,WNT2B;INHBA;WNT4;FGF9;GATA3;TGFB2;LHCGR;DNAAF11;MEA1
KBTBD11,GO_Biological_Process_2023,prerank,Triglyceride Homeostasis (GO:0070328),-0.43602005012192696,-0.9905568254192313,0.46254681647940077,1.0,1.0,6/31,12.90%,GCKR;NR1H4;SIRT1;ANGPTL3;APOE;MTLN
KBTBD11,GO_Biological_Process_2023,prerank,Lipid Transport (GO:0006869),0.3454066798455365,0.9903631784000037,0.44547563805104406,1.0,1.0,23/106,14.83%,FABP1;SLCO1C1;FABP12;ABCA12;ABCC11;ABCG5;PRELID3A;ABCC3;SLC27A1;SLCO2A1;SLCO1A2;SLC27A4;CPTP;CHKA;PPARD;CEACAM1;ARID4A;CLN8;TMEM41B;MFSD2B;APOL2;FABP6;LYPLA1
KBTBD11,GO_Biological_Process_2023,prerank,Negative Regulation Of Cellular Response To Growth Factor Stimulus (GO:0090288),-0.3765956966528639,-0.9903263582180849,0.4793536804308797,1.0,1.0,24/71,19.68%,AGT;DAND5;GDF3;CHRD;CER1;BMPER;CHRDL1;UBE2D1;HHEX;NEDD4;SMAD6;EMILIN1;NOTCH1;LEMD3;CRIM1;CREB3L1;TNFAIP6;PDCD6;DAB2IP;SULF2;UBE2D3;GPC1;SOSTDC1;VWC2
KBTBD11,GO_Biological_Process_2023,prerank,Rho Protein Signal Transduction (GO:0007266),0.3850107170218509,0.9902146440735182,0.44234800838574423,1.0,1.0,18/52,15.80%,RHOB;PLEKHG7;CTNNAL1;ADRA2A;EPS8L2;RHOV;ARHGAP6;ARHGDIG;NGFR;MYO9B;NTN1;RHOA;ARHGAP35;TAX1BP3;ROCK1;EPS8;RHOD;ARHGAP1
KBTBD11,GO_Biological_Process_2023,prerank,Long-Term Synaptic Potentiation (GO:0060291),-0.4699401991835978,-0.9900537963094281,0.46886446886446886,1.0,1.0,11/20,22.15%,RGS14;NOL3;GRIN2A;STX4;PRKCZ;SHANK2;GRIN2D;PTK2B;NFATC4;GRIN2B;VAMP2
KBTBD11,GO_Biological_Process_2023,prerank,Regulation Of Macromolecule Metabolic Process (GO:0060255),0.3268690507628591,0.9899908360785736,0.45161290322580644,1.0,1.0,32/159,15.28%,ASCL1;CDK3;ALPK2;KDM6B;ZNF513;MDM2;PM20D2;KDM6A;AFF1;CRIP1;STX1B;FUBP1;YBX2;LHX1;CNDP1;YBX1;SOX2;IGF2BP3;NFKBIZ;TCF19;MYC;TOB1;AFF4;SLC8A2;LAMTOR1;ZNF407;TRIM44;SLC8A1;ZNF827;HNRNPD;YBX3;DAXX
KBTBD11,GO_Biological_Process_2023,prerank,Unsaturated Fatty Acid Metabolic Process (GO:0033559),0.3925059117998102,0.9898639782841675,0.4379391100702576,1.0,1.0,16/49,15.45%,CYP4F12;PLA2G10;ALOXE3;DECR2;PNPLA8;ALOX12;CYP2D7;CYP1B1;ELOVL5;ELOVL3;SCD;ABHD12;PLA2G4A;DEGS1;PLA2G4C;FAAH2
KBTBD11,GO_Biological_Process_2023,prerank,Regulation Of Epidermal Growth Factor Receptor Signaling Pathway (GO:0042058),-0.3986017639530532,-0.9895065790012137,0.4596622889305816,1.0,1.0,19/46,19.32%,AGT;MMP9;TSG101;NEU3;GPER1;IFI6;PTPN3;WDR54;HIP1R;BCAR3;RALB;NUP62;PDE6G;APEX1;CNOT9;DAB2IP;PTPRJ;CDH13;ITGA1
KBTBD11,GO_Biological_Process_2023,prerank,Positive Regulation Of T Cell Activation (GO:0050870),-0.35562864402187694,-0.9894456672597038,0.464471403812825,1.0,1.0,33/104,20.00%,IL23R;CD274;NCK2;GATA3;TNFSF11;TNFRSF13C;SMARCD3;CCDC88B;HLA-DPA1;CD81;NOD2;SMARCD2;NCK1;LCK;CD86;HLA-DMB;CD1D;CD70;CD276;HLA-DMA;ACTB;ARID1A;ACTL6B;SMARCA2;SMARCE1;HLA-DRB1;RHOH;CD47;MDK;SMARCC1;ZP3;GNAO1;SIRPA
KBTBD11,GO_Biological_Process_2023,prerank,Regulation Of miRNA-mediated Gene Silencing (GO:0060964),-0.5065280636935212,-0.9893866703342586,0.46904315196998125,1.0,1.0,9/15,28.18%,DND1;TIAL1;FXR1;PUM2;DHX9;ZFP36;FMR1;LIMD1;WTIP
KBTBD11,GO_Biological_Process_2023,prerank,Negative Regulation Of Lymphocyte Activation (GO:0051250),-0.46225846922991054,-0.989248777726878,0.48,1.0,1.0,5/23,16.12%,LST1;TIGIT;PAG1;PIBF1;GPNMB
KBTBD11,GO_Biological_Process_2023,prerank,Epiboly Involved In Wound Healing (GO:0090505),0.5001167063677525,0.9889940748289301,0.4734607218683652,1.0,1.0,7/15,16.34%,LCP1;RHOA;CEACAM1;CD44;FLNA;CCNA2;TMEFF2
KBTBD11,GO_Biological_Process_2023,prerank,Neural Tube Development (GO:0021915),-0.4866907200094208,-0.9888504615811265,0.4746376811594203,1.0,1.0,8/17,23.43%,STIL;PKD2;ARL13B;INTU;TGFB1;GRHL2;ZNF358;DVL1
KBTBD11,GO_Biological_Process_2023,prerank,Positive Regulation Of Adenylate Cyclase Activity (GO:0045762),-0.4471175453154689,-0.9886187870802076,0.4780114722753346,1.0,1.0,10/26,22.54%,ORAI1;LHCGR;ADORA2B;CACNA1D;PRSS8;AKAP5;EDNRA;STIM1;SERPINB8;P2RY11
KBTBD11,GO_Biological_Process_2023,prerank,Negative Regulation Of Phosphate Metabolic Process (GO:0045936),-0.4818131173673591,-0.9877806297074923,0.4913294797687861,1.0,1.0,10/20,25.97%,INHBA;CDKN2A;SIRT1;PRKRIP1;TESK1;CDKN2D;UXT;CDA;INHA;CDKN1A
KBTBD11,GO_Biological_Process_2023,prerank,Maintenance Of Protein Localization In Organelle (GO:0072595),0.4708878029802966,0.9875164938808282,0.4750542299349241,1.0,1.0,9/18,20.97%,ARL2BP;HK2;KDELR2;MORC3;TOPORS;HNRNPU;PINK1;TAF8;PML
KBTBD11,GO_Biological_Process_2023,prerank,Detection Of Mechanical Stimulus (GO:0050982),-0.4897350627703787,-0.9872609734711337,0.5019157088122606,1.0,1.0,6/18,19.92%,PKD2L1;PTK2;PKD1L3;PKD2;LHFPL5;TTN
KBTBD11,GO_Biological_Process_2023,prerank,Endoplasmic Reticulum Organization (GO:0007029),0.3844489477392284,0.9872600812700376,0.46261682242990654,1.0,1.0,22/54,17.68%,REEP6;GET4;GAK;SEC16B;ATL3;SEC31B;TMEM170A;TOR1AIP2;CCDC47;CAV2;SEC61A1;RTN3;TRDN;RTN4;LNPK;DNM1L;VCPIP1;WDR83OS;REEP5;GET1;STEEP1;MIA3
KBTBD11,GO_Biological_Process_2023,prerank,Positive Regulation Of Protein Phosphorylation (GO:0001934),-0.3121108941516117,-0.9870156102507214,0.4857142857142857,1.0,1.0,108/376,20.99%,FGF21;SRC;AGT;GDF7;INHBA;GDF6;FGF9;THPO;MMP9;FGF1;INHBC;RARRES2;GDF3;DUSP19;GDF11;PTK2;IRGM;BMPR2;CLEC6A;CALM2;HGF;SIRT1;BMP2;GPER1;FGF8;NTRK1;AVP;MMD2;NEK10;SH2D3A;NTRK2;HFE;CALM3;F2;TGFB2;CRKL;ORC3;HDAC3;LRRK2;LYN;EGF;CD81;VEGFC;FGF22;AMH;XRCC6;NIBAN1;RAMP3;RACK1;PIN1;MRE11;TAB2;CARD14;DOCK7;LEPR;XRCC5;RAD50;CD74;PDCD10;TGFBR2;BCAR3;ENG;TP53;MAP2K3;MAP3K12;PAK1;RALB;PTK2B;TTK;TDGF1;GPNMB;CENPE;CEMIP;BMP6;BDNF;FXR1;TESK1;CNOT9;FAM20A;GHR;DAB2;S1PR2;HLA-DRB1;NOS1;KRAS;ROCK2;PTPRJ;PDGFD;FGF19;CACUL1;PELI2;RAPGEF2;GAS6;MRNIP;ERP29;PRKAG1;ATG14;TENM1;NTRK3;RAP2A;CAB39;SMAD4;TGFB1;SNCA;MAPRE3;TEK;FAXDC2;DGKQ
KBTBD11,GO_Biological_Process_2023,prerank,Inorganic Cation Transmembrane Transport (GO:0098662),0.30737627798271405,0.9870001963356627,0.5012224938875306,1.0,1.0,65/284,14.33%,AQP8;SLC9A3;KCNA1;SLC36A3;SLC6A4;ATP2A1;TRPM5;TRPM1;KCNK9;SCN2B;SLC9A2;TRPV5;SLC6A13;KCNN4;ATP1A4;KCND1;TRPV3;NALCN;RHCG;KCNF1;SLC11A1;KCNS1;KCNA7;KCNK10;MCOLN3;TRPC3;HTR3E;ATP1A3;KCNJ8;TRPA1;HTR3A;ATP6V0C;RHCE;SLC6A11;KCNN3;HCN2;SLC12A1;SLC8A3;KCNK17;SLC46A1;SCN1B;ASIC2;SLC6A8;KCNN2;KCNH7;SCN4A;ATP2B4;TRPM7;KCNK6;ATP6V1C1;KCNK5;TRPC4AP;COX15;SLC30A1;SLC8A2;SLC30A8;KCNQ1;ATP6V1D;SLC36A1;KCNH2;ATP5F1B;ANO6;TRPV4;SLC8A1;KCNA3
KBTBD11,GO_Biological_Process_2023,prerank,Astrocyte Development (GO:0014002),-0.5017010523674392,-0.9864180625847361,0.4936708860759494,1.0,1.0,3/15,12.98%,CNTF;MAPT;C5AR1
KBTBD11,GO_Biological_Process_2023,prerank,Regulation Of Protein-Containing Complex Assembly (GO:0043254),0.33863033189903713,0.9860249935518081,0.46420323325635104,1.0,1.0,45/119,20.53%,HRK;ISL1;IAPP;PARK7;MMP3;SAR1A;STX1B;FAF1;HSF1;VPS39;TRABD2A;FNIP1;HJURP;HDAC6;BCL2L11;VPS41;TRAF2;CDC42EP2;FBLIM1;GSK3B;RIOK3;PEX5;RB1;EIF2AK2;PTPN11;VEGFA;GNL3L;TFRC;RAF1;VPS16;SVIP;TIRAP;BIK;PREB;TCL1A;PINK1;FARP2;VPS8;WARS1;CLU;VPS33A;VPS11;NAPA;TGFBRAP1;SUMO1
KBTBD11,GO_Biological_Process_2023,prerank,Negative Regulation Of Catalytic Activity (GO:0043086),-0.44887520127260927,-0.985744457521115,0.48736462093862815,1.0,1.0,9/26,18.03%,TIMP1;PLN;SIRT1;CCAR2;NOTCH1;TP53;PHPT1;NOS1;OXA1L
KBTBD11,GO_Biological_Process_2023,prerank,Regulation Of Natural Killer Cell Mediated Cytotoxicity (GO:0042269),-0.4269728353049017,-0.9855711882749422,0.4604051565377532,1.0,1.0,11/32,24.53%,RAET1E;KLRK1;HLA-F;KLRB1;HLA-E;PVR;ARRB2;HLA-G;NECTIN2;CADM1;LGALS9
KBTBD11,GO_Biological_Process_2023,prerank,Response To Cholesterol (GO:0070723),0.46892056482181316,0.9846678065262479,0.47912087912087914,1.0,1.0,2/18,2.62%,OSBPL7;GRAMD1C
KBTBD11,GO_Biological_Process_2023,prerank,Proteasomal Protein Catabolic Process (GO:0010498),-0.3288236933397338,-0.9842507971367698,0.46422628951747086,1.0,1.0,83/219,22.23%,SIAH3;CSNK1A1;IFI27;APC2;ZSWIM8;PSMA1;ERLEC1;SIRT1;TRIM13;UBXN1;KAT5;KCTD5;BFAR;NSFL1C;SPSB3;NHLRC1;ANKRD9;DNAJB12;SEL1L2;MAEA;ASB2;PSMD3;UCHL1;RBCK1;AGAP3;SPSB4;KLHL22;NHLRC3;ZFAND2A;RNF122;PSMD6;RNF216;SPSB2;PSMD7;FBXL22;PSMD4;CUL1;PSMA2;PSMC6;PSMB7;UBE2G1;RNF185;BIRC2;SKP1;GSK3A;SH3BGRL;PSMD14;PEX10;DDB1;SPOP;PSMA5;TRIM3;TBL1XR1;CDC34;FBXW7;PRKN;PELI1;PSMC3;BRSK2;PJA2;PSMB1;UBE2D3;RNF41;ENC1;WWP2;RMND5A;CUL4B;UBE3D;PSMA4;KCTD17;RNF4;RNF139;RCAN3;RNF34;PSMB6;ARRB2;MTA1;UBXN6;FEM1B;DTX4;CUL4A;FBXL17;HECTD1
KBTBD11,GO_Biological_Process_2023,prerank,Negative Regulation Of Apoptotic Signaling Pathway (GO:2001234),-0.3646136934257954,-0.9838834231283571,0.4784110535405872,1.0,1.0,29/82,21.10%,SRC;MMP9;NOL3;HGF;AVP;SLC25A4;HTT;FZD9;SLC25A6;HERPUD1;PSMD10;URI1;PIH1D1;CSNK2A1;BCL2L1;SH3RF1;GPX1;NDUFA13;GRINA;BDNF;QARS1;CSNK2A2;MAZ;PELI3;PRKN;BAK1;PSME3;FXN;MEN1
KBTBD11,GO_Biological_Process_2023,prerank,Response To Cadmium Ion (GO:0046686),0.4621054603671216,0.9838697964638942,0.4788135593220339,1.0,1.0,13/21,24.75%,MT1A;HSF1;MT1F;MAPK1;DAXX;EGFR;JUN;MAPK9;SUMO1;MT1G;MT1X;HAAO;MT1E
KBTBD11,GO_Biological_Process_2023,prerank,"Regulation Of Synaptic Transmission, GABAergic (GO:0032228)",0.4828611888096349,0.9836600880096864,0.4891304347826087,1.0,1.0,3/16,4.63%,NPAS4;NALCN;CNTNAP4
KBTBD11,GO_Biological_Process_2023,prerank,Signal Transduction By P53 Class Mediator (GO:0072331),-0.41704335972532464,-0.983157615087193,0.48518518518518516,1.0,1.0,12/33,17.43%,PDK2;POU4F1;JMY;E2F7;MYO6;PPP1R13B;TP53;USP10;RRP8;BCL3;PAXIP1;STK11
KBTBD11,GO_Biological_Process_2023,prerank,Positive Regulation Of Receptor Signaling Pathway Via STAT (GO:1904894),0.4024155196618308,0.9825304229090293,0.46403712296983757,1.0,1.0,12/37,19.17%,IL6;TSLP;OCIAD2;TYK2;CYP1B1;CRLF2;IL10RB;ERBB4;CRLF3;CENPJ;CAMK2A;LEP
KBTBD11,GO_Biological_Process_2023,prerank,protein-RNA Complex Assembly (GO:0022618),-0.3394543765044061,-0.9824080957191885,0.477891156462585,1.0,1.0,44/148,19.12%,EIF2S3B;SRPK1;PRPF18;NOL3;EIF3D;CELF5;PRPF6;GCFC2;CRNKL1;SRSF10;CELF6;SNRNP200;EIF2S3;EIF3C;GEMIN8;RAMACL;SNRPD3;TARBP2;EIF6;DDX39B;XAB2;PPAN;XRCC5;ZRSR2;KHDC4;RPSA;SF3A2;PTGES3;COIL;HNRNPC;RPL6;SNRPE;RPS19;GEMIN4;DDX1;RRS1;HEXIM1;LUC7L;ERAL1;AGO1;AGO4;RPL38;RPF2;GEMIN6
KBTBD11,GO_Biological_Process_2023,prerank,Regulation Of Angiogenesis (GO:0045765),0.3177272472646558,0.9820999795479403,0.5127610208816705,1.0,1.0,73/205,21.48%,TWIST1;TNMD;IL6;ISL1;RHOB;NOS3;SULF1;HK2;PF4;ADGRB1;ANGPT4;TNFAIP3;KRIT1;ITGB1;RAMP2;PDE3B;EPHA1;FGF18;CYP1B1;SPRY2;HYAL1;SPRED1;ADGRA2;GHRL;ADM2;ATP2B4;SEMA6A;CHRNA7;CD40;CEACAM1;TSPAN12;SERPINF1;HSPB1;ROCK1;AMOT;PRKCA;SPARC;VEGFA;CTNNB1;SEMA5A;SASH1;MTDH;KLF4;SPINK5;WNT5A;MINAR1;SEMA3E;PGK1;PTPRM;VEGFB;NIBAN2;ITGB8;HMGA2;KDR;ATF2;CLDN5;RLN2;ADAMTS1;JUP;LEP;WARS1;FGF2;SP100;THBS1;MECP2;CNTN1;STAT1;SMOC2;PRKD1;PML;HIF1A;SERPINE1;HIPK2
KBTBD11,GO_Biological_Process_2023,prerank,Regulation Of Amyloid Fibril Formation (GO:1905906),0.4835392955504525,0.9820565753794978,0.46238938053097345,1.0,1.0,8/15,25.86%,IAPP;USP8;CHRNA7;VBP1;CLU;PFDN2;PFDN6;PFDN4
KBTBD11,GO_Biological_Process_2023,prerank,Regulation Of Intracellular Steroid Hormone Receptor Signaling Pathway (GO:0033143),0.454054611333833,0.9819513944297423,0.46331236897274636,1.0,1.0,8/22,20.05%,TRIM68;PARK7;HDAC6;DDX5;UBA5;KDM1A;UFSP2;DNAAF4
KBTBD11,GO_Biological_Process_2023,prerank,Positive Regulation Of Vasculature Development (GO:1904018),0.3445934856102389,0.9818237607535775,0.44863731656184486,1.0,1.0,36/104,21.48%,TWIST1;ISL1;RHOB;NOS3;HK2;ANGPT4;ITGB1;RAMP2;EPHA1;FGF18;CYP1B1;HYAL1;ADM2;CHRNA7;CD40;HSPB1;PRKCA;VEGFA;SEMA5A;SASH1;MTDH;WNT5A;VEGFB;ITGB8;HMGA2;KDR;RLN2;JUP;FGF2;THBS1;CNTN1;SMOC2;PRKD1;HIF1A;SERPINE1;HIPK2
KBTBD11,GO_Biological_Process_2023,prerank,Stem Cell Differentiation (GO:0048863),-0.41494965343869744,-0.9817541499109751,0.4566787003610108,1.0,1.0,13/40,22.08%,PAX2;MTF2;TGFB2;HTR2B;LRP6;SOX21;TP53;SETD6;LMBR1L;MEF2C;GPM6A;NELFB;FBXL17
KBTBD11,GO_Biological_Process_2023,prerank,Inorganic Anion Transport (GO:0015698),-0.38212748503175886,-0.9817487696989404,0.48398576512455516,1.0,1.0,19/58,19.64%,ENPP3;CLIC2;SLC26A9;SLC26A4;SLC4A11;CLCNKB;CLIC5;FXYD1;BEST1;SLC17A6;RACGAP1;CLIC1;SLC25A11;FXYD3;ANO9;SLC26A2;SLC25A10;CLCN6;SLC26A6
KBTBD11,GO_Biological_Process_2023,prerank,Negative Regulation Of Interleukin-8 Production (GO:0032717),-0.49100490564065435,-0.9817269425796865,0.4797794117647059,1.0,1.0,5/17,23.22%,CD33;BCL3;CACTIN;OTUD7B;ARRB1
KBTBD11,GO_Biological_Process_2023,prerank,Positive Regulation Of Myeloid Cell Differentiation (GO:0045639),-0.420362620862492,-0.9816740914933239,0.47619047619047616,1.0,1.0,12/36,22.07%,INHBA;THPO;SCIN;PRMT1;ANKRD54;ARNT;STAT3;HMGB2;TESC;BRD1;FAXDC2;FAM210B
KBTBD11,GO_Biological_Process_2023,prerank,Gonad Development (GO:0008406),-0.3834442157170015,-0.9810396469880649,0.4405850091407678,1.0,1.0,9/52,10.57%,WNT2B;INHBA;WNT4;FGF9;GATA3;FGF8;TGFB2;LHCGR;DNAAF11
KBTBD11,GO_Biological_Process_2023,prerank,Cellular Response To Oxidative Stress (GO:0034599),-0.3493503543066896,-0.9808573487387499,0.48722627737226276,1.0,1.0,50/117,25.13%,CPEB2;SQSTM1;MMP9;PDK2;RBM11;SLC4A11;SUMO4;LRRK2;STX4;ARNT;AGAP3;ERMP1;ROMO1;MSRA;MAPT;ZC3H12A;TBC1D24;PRDX5;FOS;PKD2;CHCHD2;TP53;ERCC6L2;GPX1;VRK2;FANCC;PEX10;CHUK;PYCR1;MGAT3;PXN;SRXN1;SLC25A24;NQO1;TMEM161A;VKORC1L1;ETV5;SNCA;EIF2S1;MPV17L2;ALDH3B1;PLA2R1;MPV17;ATF4;STX2;MAPK8;RPS3;SESN2;LONP1;MAPK3
KBTBD11,GO_Biological_Process_2023,prerank,Positive Regulation Of Response To Stimulus (GO:0048584),-0.3662631580412772,-0.9804368988469969,0.4708029197080292,1.0,1.0,20/76,21.95%,C6;CFP;GATA3;ACTR5;SIRT1;EXTL3;TGFB2;SMCHD1;RUVBL1;ECHDC3;CCDC117;DEPDC1B;BABAM2;RNF168;TMEM161A;DHX9;PCNA;INO80;EYA3;INO80C
KBTBD11,GO_Biological_Process_2023,prerank,Negative Regulation Of DNA Biosynthetic Process (GO:2000279),-0.43502563949279416,-0.9801176154395753,0.45357142857142857,1.0,1.0,10/30,16.16%,SRC;EXOSC10;BMPR2;TENT4B;POT1;HNRNPA1;TP53;TERF1;STON1;HNRNPC
KBTBD11,GO_Biological_Process_2023,prerank,tRNA Methylation (GO:0030488),-0.41654459550253575,-0.9792819046006181,0.4555765595463138,1.0,1.0,15/36,20.46%,THUMPD2;TARBP1;WDR6;TRMT10A;WDR4;DALRD3;THUMPD3;HSD17B10;TRMT6;TRMT12;TRMT44;TYW3;GTPBP3;TRMT1L;TRMT1
KBTBD11,GO_Biological_Process_2023,prerank,Determination Of Left/Right Symmetry (GO:0007368),-0.4004115385891249,-0.9791428767300882,0.4883303411131059,1.0,1.0,11/44,13.79%,CFC1;CCDC103;DAND5;STIL;CER1;CFAP53;DNAAF1;DNAAF11;DNAI2;NOTCH1;PKD2
KBTBD11,GO_Biological_Process_2023,prerank,Cardiac Muscle Tissue Development (GO:0048738),-0.3907558323415242,-0.9783097351395189,0.4816849816849817,1.0,1.0,13/52,14.57%,SIRT6;GJA5;SGCG;BMPR2;MYOCD;BMP2;PRMT1;ASB2;SMAD5;MYL7;NOTCH1;ADAMTS9;AKAP13
KBTBD11,GO_Biological_Process_2023,prerank,Mitotic Metaphase Plate Congression (GO:0007080),-0.39379921148510494,-0.9781393093009797,0.48295454545454547,1.0,1.0,22/50,24.39%,CHMP1A;DCTN2;MAD1L1;PIBF1;CCNB1;CHMP4A;KPNB1;NUP62;RMDN1;CENPE;PSRC1;RRS1;EML4;KIFC1;CDCA5;CEP55;CHMP3;CHMP5;CHMP1B;CHMP2A;RAB11A;NUDC
KBTBD11,GO_Biological_Process_2023,prerank,Skeletal Muscle Contraction (GO:0003009),-0.4760759527072002,-0.9775395367152526,0.49444444444444446,1.0,1.0,6/19,17.18%,STAC2;TNNI1;TNNT1;RCSD1;PVALEF;STAC
KBTBD11,GO_Biological_Process_2023,prerank,Cellular Defense Response (GO:0006968),-0.3885929720059948,-0.9773022387179225,0.48484848484848486,1.0,1.0,10/47,15.19%,GNLY;LY96;FCMR;SPN;CXCR2;C5AR1;ZNF148;KLRG1;RAB23;PTK2B
KBTBD11,GO_Biological_Process_2023,prerank,Negative Regulation Of Transposition (GO:0010529),0.4374113202570396,0.9763643519071902,0.4946004319654428,1.0,1.0,4/25,7.50%,DDX4;PIWIL1;PIWIL2;SPOCD1
KBTBD11,GO_Biological_Process_2023,prerank,Positive Regulation Of Transcription From RNA Polymerase II Promoter In Response To Stress (GO:0036003),0.48368311546354414,0.9763487247159867,0.4889867841409692,1.0,1.0,2/17,2.32%,CREB3L3;DDIT3
KBTBD11,GO_Biological_Process_2023,prerank,miRNA-mediated Gene Silencing (GO:0035195),-0.43944686945133415,-0.9761585634607198,0.4963235294117647,1.0,1.0,17/26,28.80%,TNRC6B;CNOT6;CNOT7;AJUBA;EIF6;DDX6;MOV10;AGO4;EIF4ENIF1;ZFP36;NCBP1;RAN;CNOT8;LIMD1;XPO5;WTIP;EIF4E2
KBTBD11,GO_Biological_Process_2023,prerank,Positive Regulation Of Response To External Stimulus (GO:0032103),-0.33172883521884367,-0.976101764270815,0.48598130841121495,1.0,1.0,40/154,21.10%,SH2D1B;IFNK;AGT;LY96;TRADD;RARRES2;IRGM;CNTF;PLA2G2A;NLRP12;F2;APOH;PDGFRB;STX4;PDE2A;OPTN;PLSCR1;CEBPA;NLRP10;CYBA;CD1D;EMILIN1;MYO1C;DDT;PLA2G7;POLR3B;POLR3G;BMP6;RNF185;TRIM56;NAIP;CD47;MDK;PTN;ZP3;TGFB1;SNCA;DHX9;POLR3D;IL17RA
KBTBD11,GO_Biological_Process_2023,prerank,Endocytosis (GO:0006897),-0.3271628454918632,-0.975968257022989,0.5301418439716312,1.0,1.0,61/187,22.29%,ITGB2;LRP1B;RINL;EPN3;PACSIN2;HEATR5B;EPS15;ASGR1;CLINT1;RHOQ;CAV3;MSR1;RAB7A;LRRK2;AHSG;ITGAM;AP2A1;APOE;NEURL1B;LRP1;HIP1R;TOM1;SCARA5;EQTN;AP3M1;PI4KB;MYO6;TSC2;OCIAD1;SNX33;DNM2;TICAM2;STAB2;DNM1;DENND1A;SFTPD;RAB5B;SYP;HEATR5A;RABEPK;NECAP2;DAB2;DNM3;RAB22A;AMPH;RHOBTB1;GAS6;LMBR1L;NLGN3;TBC1D2B;TFR2;ARHGAP27;RHOBTB2;PDLIM7;SORT1;PIKFYVE;ATP6V1H;M6PR;DNAJC13;RAB17;LRSAM1
KBTBD11,GO_Biological_Process_2023,prerank,Keratan Sulfate Biosynthetic Process (GO:0018146),-0.49349904444348724,-0.975878533298505,0.49640287769784175,1.0,1.0,9/15,18.68%,B3GNT3;CHST5;B4GALT4;SLC35D2;ST3GAL6;CHST2;ST3GAL1;ST3GAL4;B3GNT7
KBTBD11,GO_Biological_Process_2023,prerank,Regulation Of Microtubule Cytoskeleton Organization (GO:0070507),0.39474860779685705,0.9753568936486546,0.48775055679287305,1.0,1.0,16/40,13.94%,GAS2L2;MID1;MAP6D1;MAPRE1;CAMSAP3;MAPRE2;TAOK1;PATJ;CLASP2;STMN2;SKA3;GSK3B;STMN3;SKA1;ROCK1;PHLDB1
KBTBD11,GO_Biological_Process_2023,prerank,Regulation Of Intracellular Signal Transduction (GO:1902531),-0.31579262513742135,-0.9746518426186814,0.5033557046979866,1.0,1.0,94/297,21.65%,GMIP;SQSTM1;GRAP2;MRAP;FGF1;ARHGAP40;ARHGEF4;LBH;CLEC6A;GRM2;TMEM127;CALM2;TNFSF11;LIME1;NTRK1;MAP4K4;NTRK2;TRAF5;NLRP12;RAPGEF3;SUMO4;CHEK2;TAOK3;LRRK2;TMBIM4;LYN;SETD9;RRAGC;PDE2A;ARHGAP30;WDR54;OPTN;STARD13;ARHGAP4;ANKRD54;PAK1IP1;ARHGEF15;RACGAP1;ARHGAP28;ARHGAP45;ARHGEF28;MAPT;AKAP5;ARHGEF25;FAM13B;CAPN3;ITFG2;AKAP13;PAK1;RIT2;SPATA13;STYXL1;OVOL2;ARHGAP44;TBCK;BCR;TELO2;EP300;BCL3;FGD5;VRK2;STK11;PTPMT1;RRS1;ARHGAP5;ARHGAP26;SEZ6;WWTR1;DAB2IP;PTPN13;RPF2;PJA2;RNF41;AKAP7;NEK8;KAT6A;NTRK3;TGFB1;ARHGAP27;CARD8;USP7;RCAN3;RNF34;ARHGAP18;TEK;TP53RK;SGMS1;NUAK2;PPP1R16B;PLK3;USP2;ARHGAP32;CYLD;AGER
KBTBD11,GO_Biological_Process_2023,prerank,Regulation Of Interleukin-8 Production (GO:0032677),0.3548516306640949,0.973404541210404,0.5,1.0,1.0,19/81,21.22%,TLR2;IL6;DDIT3;TLR7;PARK7;IL17D;RIPK1;NOD1;CD58;KLF4;TIRAP;RAB1A;TMSB4X;MAP2K5;LEP;LAMTOR5;CNTN1;AFAP1L2;SERPINE1
KBTBD11,GO_Biological_Process_2023,prerank,Positive Regulation Of Interleukin-2 Production (GO:0032743),0.4431300051355393,0.9731774438102019,0.50625,1.0,1.0,6/25,15.75%,CD28;TRAF2;STOML2;PDE4D;CD4;MAP3K7
KBTBD11,GO_Biological_Process_2023,prerank,Protein Maturation (GO:0051604),-0.3463281562454627,-0.9729063143365901,0.5100917431192661,1.0,1.0,38/116,21.08%,F7;CTSS;CPE;BACE1;CASP9;LIPT1;LMF1;GLRX3;TMPRSS4;PCSK5;MMS19;APH1B;CPXM1;ADAMTS3;GCSH;XPNPEP3;PHEX;CASP7;APH1A;OGT;LIPT2;TSPAN15;PSEN2;ZNG1E;BACE2;MAGEF1;PCSK4;PCSK2;METAP2;TASP1;ISCA1;TYSND1;TESC;MME;METAP1;ADAMTS13;ECE1;KEL
KBTBD11,GO_Biological_Process_2023,prerank,Regulation Of Myotube Differentiation (GO:0010830),-0.4529133574249232,-0.9727380597900486,0.49818181818181817,1.0,1.0,6/23,17.04%,BHLHA15;DMPK;HDAC3;HDAC4;BDNF;BHLHE41
KBTBD11,GO_Biological_Process_2023,prerank,Peptide Hormone Secretion (GO:0030072),0.4327680710280817,0.972689154774603,0.46943231441048033,1.0,1.0,8/25,18.78%,IL6;PARK7;SNX19;GHRL;GHRH;SLC30A8;RAB1A;PTPRN
KBTBD11,GO_Biological_Process_2023,prerank,Response To Amino Acid Starvation (GO:1990928),-0.4058237018685434,-0.9724641977062779,0.4864376130198915,1.0,1.0,24/41,25.97%,DAPL1;LARP1;KPTN;RRAGC;IMPACT;MIOS;ITFG2;RRAGA;EIF2AK4;DAP;SESN3;NPRL3;GCN1;WDR59;EIF2S1;RNF152;BMT2;FAS;MAPK8;SESN2;MAPK3;LARS1;PEX2;CDKN1A
KBTBD11,GO_Biological_Process_2023,prerank,Regulation Of DNA Damage Checkpoint (GO:2000001),-0.46822000376553885,-0.9723695898088528,0.4942084942084942,1.0,1.0,8/18,21.39%,CRY1;CCAR2;DDX39B;BARD1;DEPDC1B;TELO2;ETAA1;FEM1B
KBTBD11,GO_Biological_Process_2023,prerank,Negative Regulation Of Vascular Associated Smooth Muscle Cell Proliferation (GO:1904706),0.481143467111445,0.9720620665201314,0.5185185185185185,1.0,1.0,6/17,18.68%,EFEMP2;TGFB3;TAFA5;CNN1;PRKG1;TPM1
KBTBD11,GO_Biological_Process_2023,prerank,Immunoglobulin Mediated Immune Response (GO:0016064),-0.4385568553250066,-0.9717307664534446,0.4766355140186916,1.0,1.0,9/28,19.98%,HLA-DPA1;CD81;IL2RB;HLA-DMB;CD74;HLA-DMA;HLA-DRB1;ZP3;GNAO1
KBTBD11,GO_Biological_Process_2023,prerank,Negative Regulation Of Inflammatory Response To Antigenic Stimulus (GO:0002862),-0.48341699284631406,-0.9716870835590449,0.49521988527724664,1.0,1.0,8/16,27.37%,SRC;LYN;HLA-DRB1;YES1;FURIN;MAPK14;RHBDF2;SYK
KBTBD11,GO_Biological_Process_2023,prerank,Microtubule Polymerization Or Depolymerization (GO:0031109),-0.433239244877838,-0.9712760837177868,0.5,1.0,1.0,6/27,12.95%,KIF2B;STMN4;TPPP;STMND1;PIN1;MAPT
KBTBD11,GO_Biological_Process_2023,prerank,Digestive Tract Development (GO:0048565),0.39542749903630614,0.9708121126400079,0.4742729306487696,1.0,1.0,7/39,12.40%,CDX2;CCDC39;PYY;SALL1;GLI2;CHD8;FGFR2
KBTBD11,GO_Biological_Process_2023,prerank,Negative Regulation Of Ubiquitin-Protein Transferase Activity (GO:0051444),0.47182496598021567,0.9706824725771532,0.4901098901098901,1.0,1.0,7/17,16.61%,PARK7;MAD2L2;SMAD7;FBXO5;RPS7;DTX3L;RPL17
KBTBD11,GO_Biological_Process_2023,prerank,Regulation Of Microtubule Polymerization Or Depolymerization (GO:0031110),0.42041720814439604,0.9706038765442194,0.4794520547945205,1.0,1.0,11/27,13.00%,GAS2L2;MAP1A;MAPRE1;CAMSAP3;MAPRE2;CLASP2;STMN2;SKA3;STMN3;MAP2;SKA1
KBTBD11,GO_Biological_Process_2023,prerank,Left/Right Pattern Formation (GO:0060972),-0.42476190792816876,-0.970341034169008,0.49107142857142855,1.0,1.0,8/31,13.79%,CFC1;CCDC103;STIL;CFAP53;DNAAF1;DNAI2;NOTCH1;PKD2
KBTBD11,GO_Biological_Process_2023,prerank,Vesicle Organization (GO:0016050),-0.35649865129970815,-0.9701866868762461,0.4991568296795953,1.0,1.0,34/92,22.30%,ANXA8;PI4K2A;SQSTM1;PLEKHF2;EPS15;SRPX;PHETA2;STX4;USP50;PLEKHJ1;STX5;HOOK1;SNX33;EXOC8;VAMP1;DNM1;PLEKHF1;CHMP4A;TRAPPC2L;LAPTM4B;STX12;HOOK3;AP2M1;TRAPPC6B;RAB22A;STX10;VPS18;SNX11;FHIP1B;VAMP8;SORT1;DNAJC13;VAMP2;CHMP5
KBTBD11,GO_Biological_Process_2023,prerank,Negative Regulation Of Kinase Activity (GO:0033673),-0.37367357424259656,-0.9697711862669792,0.4991304347826087,1.0,1.0,21/62,18.64%,DUSP19;PYDC1;IRS2;AKT1S1;TRIB3;CHP1;CAV3;GNAQ;PPM1E;TAF7;TARBP2;TSC2;MAPT;LRP6;CAMK2N2;DBNDD1;RTRAF;PRKRIP1;QARS1;SFN;WWTR1
KBTBD11,GO_Biological_Process_2023,prerank,Regulation Of Cytosolic Calcium Ion Concentration (GO:0051480),-0.4057346878088871,-0.9695900942371051,0.5091911764705882,1.0,1.0,13/40,12.53%,TRPM2;CALCA;PLN;GPER1;CAV3;WBP2NL;F2;HCRTR1;ATP2B1;FZD9;YWHAE;HRC;TMEM64
KBTBD11,GO_Biological_Process_2023,prerank,B Cell Activation Involved In Immune Response (GO:0002312),0.48106770872833443,0.9694990573445204,0.4955555555555556,1.0,1.0,6/15,26.27%,CD19;RNF8;LIG4;MSH6;MSH2;GPR183
KBTBD11,GO_Biological_Process_2023,prerank,Positive Regulation Of Type I Interferon Production (GO:0032481),0.3635808581592179,0.9690265425678285,0.4978902953586498,1.0,1.0,9/64,7.78%,IRF5;TLR2;IKBKE;NMBR;TLR7;IRF7;TRAF3IP3;IRF1;POLR3F
KBTBD11,GO_Biological_Process_2023,prerank,Fc Receptor Mediated Stimulatory Signaling Pathway (GO:0002431),-0.44384443479159874,-0.9684554026204732,0.5017985611510791,1.0,1.0,9/22,22.02%,SRC;PLPP4;PTK2;LYN;PAK1;PRKCE;LIMK1;YES1;PLA2G6
KBTBD11,GO_Biological_Process_2023,prerank,Organic Cation Transport (GO:0015695),-0.42079569043890236,-0.9681575341320536,0.4748603351955307,1.0,1.0,11/31,24.63%,SLC22A16;SLC6A3;SLC44A4;SLC18B1;SLC7A6;SLC44A1;SEC14L1;SLC22A4;SLC47A1;SLC22A5;SLC47A2
KBTBD11,GO_Biological_Process_2023,prerank,Positive Regulation Of Peptidyl-Tyrosine Phosphorylation (GO:0050731),0.3326111016138065,0.9676828177030329,0.5200945626477541,1.0,1.0,32/129,17.35%,IL6;PARP9;LIF;GREM1;PTPN1;ARL2BP;TSLP;CLCF1;DLG4;BANK1;ANGPT4;PAK2;RELN;CTF1;TNFRSF18;IL11;ACE;ABL1;IL18;TNFRSF1A;PRNP;CD40;CRLF1;FLT3;ACVR1;PTPN11;VEGFA;CD44;ERBB4;IL23A;PDGFB;EFNA1
KBTBD11,GO_Biological_Process_2023,prerank,Sphingosine Metabolic Process (GO:0006670),0.45843778104865,0.9671032645020842,0.4966887417218543,1.0,1.0,8/19,18.56%,ACER1;SPTLC1;SPHK2;NAAA;SPTLC2;PLPP3;SPTLC3;SGPP1
KBTBD11,GO_Biological_Process_2023,prerank,Icosanoid Biosynthetic Process (GO:0046456),-0.46628641307448304,-0.9670633056318318,0.5,1.0,1.0,2/18,3.45%,CYP2C8;CYP4A22
KBTBD11,GO_Biological_Process_2023,prerank,Protein Localization To Cell Junction (GO:1902414),0.4377187435625859,0.9666676137564825,0.5011441647597255,1.0,1.0,12/23,23.60%,DLG4;PAK2;NPHS1;STAU1;PCLO;TJP3;DSP;NLGN2;STAU2;MARVELD3;HEG1;NECTIN1
KBTBD11,GO_Biological_Process_2023,prerank,Epidermal Growth Factor Receptor Signaling Pathway (GO:0007173),-0.3985043183489174,-0.9665826595427431,0.4883303411131059,1.0,1.0,18/45,21.98%,AREG;SRC;TGFA;PTK2;NCK2;EGF;SOS1;FAM83A;PTK2B;GRB7;TDGF1;SLC30A10;TGFB1;GAREM1;PLCE1;GAB1;HBEGF;GRB2
KBTBD11,GO_Biological_Process_2023,prerank,Fc-epsilon Receptor Signaling Pathway (GO:0038095),0.43804337353203415,0.9661741192724213,0.5072164948453608,1.0,1.0,10/22,24.87%,MAP3K1;MAPK10;FCER1G;IKBKB;FER;MAP3K7;MAPK9;VAV2;PLCG1;PRKCQ
KBTBD11,GO_Biological_Process_2023,prerank,Regulation Of Plasma Membrane Bounded Cell Projection Organization (GO:0120035),0.4178565615364976,0.9653787397992414,0.5107296137339056,1.0,1.0,14/28,27.04%,CCDC88A;NTNG1;NTNG2;GSK3B;CTNNA2;FBXO7;IL1RAPL1;EFHC2;ZNF804A;NDEL1;MARK1;KIF26A;MBOAT1;VPS35
KBTBD11,GO_Biological_Process_2023,prerank,Regulation Of DNA Biosynthetic Process (GO:2000278),-0.41108978248070116,-0.9647069340919548,0.5223300970873787,1.0,1.0,11/34,16.76%,RGCC;BMPR2;HGF;SMG6;PDGFRB;POT1;JADE2;NABP2;HMBOX1;ING5;ING4
KBTBD11,GO_Biological_Process_2023,prerank,Regulation Of Centrosome Duplication (GO:0010824),-0.4223196889363165,-0.9646077267659182,0.49636363636363634,1.0,1.0,16/30,26.41%,CHMP1A;STIL;SIRT1;TMEM67;CENATAC;CEP76;CHMP4A;XRCC3;CCNF;CHMP3;SPICE1;CHMP5;CHMP1B;CHMP2A;CEP131;NAT10
KBTBD11,GO_Biological_Process_2023,prerank,Positive Regulation Of Natural Killer Cell Mediated Cytotoxicity (GO:0045954),-0.45555318063130806,-0.9645234894239975,0.4866785079928952,1.0,1.0,7/21,24.14%,RAET1E;KLRK1;HLA-F;HLA-E;PVR;NECTIN2;CADM1
KBTBD11,GO_Biological_Process_2023,prerank,Response To Reactive Oxygen Species (GO:0000302),-0.36916429267168516,-0.9645016812124881,0.525233644859813,1.0,1.0,27/65,25.66%,SQSTM1;MMP9;PDK2;SOD1;SIRT1;TXNRD2;APOE;AGAP3;ROMO1;MAPT;PRDX5;FOS;PKD2;ERCC6L2;GPX1;PEX10;CHUK;PXN;PJVK;PLK3;MPV17L2;STK26;MPV17;MAPK8;RPS3;MAPK3;PEX2
KBTBD11,GO_Biological_Process_2023,prerank,Folic Acid-Containing Compound Metabolic Process (GO:0006760),0.48840851730974527,0.9638275284431985,0.49015317286652077,1.0,1.0,6/15,15.81%,SLC46A1;MTHFD2L;MTHFD2;SHMT1;FTCD;SLC25A32
KBTBD11,GO_Biological_Process_2023,prerank,Purine Ribonucleotide Metabolic Process (GO:0009150),-0.35796190720334253,-0.9637782847743163,0.5128644939965694,1.0,1.0,23/83,19.88%,SULT1B1;ENPP3;AMPD1;ACSM3;NT5E;RHOQ;ATP1A2;LRRK2;SULT1C4;OXSM;AK4;ACSL6;ACOT9;ABHD14B;RAB23;CTNS;HPRT1;ACOT7;HSPA8;ATP1B1;ACSM6;TPST1;GPAT4
KBTBD11,GO_Biological_Process_2023,prerank,Positive Regulation Of Neuron Projection Development (GO:0010976),0.341728217426722,0.9631438052899846,0.48333333333333334,1.0,1.0,38/92,22.00%,TNN;NDNF;AVIL;ALKAL1;RELN;TENM3;ZDHHC15;PLA2G3;VLDLR;CAMK1D;SCN1B;CAPRIN2;NPTN;SETX;STMN2;ARHGAP35;CBFA2T2;PRKCI;RAP1A;ROR2;PLXNB2;CAPRIN1;BMP7;WNT5A;SCARF1;ITGA6;COBL;CAMK2B;CX3CL1;FUT9;EPHA3;TUBB2B;KIDINS220;DDR2;MAGI2;PRKD1;ZNF804A;FES
KBTBD11,GO_Biological_Process_2023,prerank,Nitric Oxide Mediated Signal Transduction (GO:0007263),-0.4730426682081287,-0.9628450978207386,0.5018796992481203,1.0,1.0,5/18,13.65%,KCNC2;FPR1;NOS2;APOE;KLRG1
KBTBD11,GO_Biological_Process_2023,prerank,Blood Vessel Morphogenesis (GO:0048514),0.3710595164818075,0.9627264621574689,0.46881720430107526,1.0,1.0,21/53,24.27%,SOX18;SERPINF2;SMAD7;RAMP2;EGFL7;CYP1B1;EFNB2;VEGFA;HAS2;ID1;CAV1;ITGB8;KDR;PROX1;STRA6;FLT4;LOX;TBX6;TGFBR1;GLMN;COL4A1
KBTBD11,GO_Biological_Process_2023,prerank,Negative Regulation Of DNA Recombination (GO:0045910),0.3930009656999013,0.9626951529664611,0.5100222717149221,1.0,1.0,18/40,22.08%,PARP3;MAD2L2;H1-4;RADX;PARPBP;H1-0;KLHL15;SENP3;BLM;H1-5;H1-3;ZRANB3;SHLD1;KMT5A;SHLD2;H1-2;H1-10;MSH6
KBTBD11,GO_Biological_Process_2023,prerank,Visual System Development (GO:0150063),-0.4055192230227155,-0.9624018828764241,0.5185185185185185,1.0,1.0,7/38,11.60%,RS1;GDF3;CHRDL1;TGFB2;ZDHHC16;ITGAM;PBX4
KBTBD11,GO_Biological_Process_2023,prerank,Negative Regulation Of Viral Entry Into Host Cell (GO:0046597),-0.4674320540091206,-0.9620135387703453,0.4944649446494465,1.0,1.0,4/18,20.51%,FCN3;TRIM11;GSN;TRIM5
KBTBD11,GO_Biological_Process_2023,prerank,Nicotinamide Nucleotide Metabolic Process (GO:0046496),0.47187394550285927,0.9618357862458987,0.5107758620689655,1.0,1.0,5/17,15.19%,NOX1;IDH2;NMRK1;MDH1;NADK2
KBTBD11,GO_Biological_Process_2023,prerank,Regulation Of Transcription Regulatory Region DNA Binding (GO:2000677),0.4283748842426576,0.9607100795215474,0.5233050847457628,1.0,1.0,8/27,12.99%,TWIST1;PER2;PARK7;MAD2L2;NSD1;TRIM6;H1-0;RB1
KBTBD11,GO_Biological_Process_2023,prerank,Positive Regulation Of Cellular Component Biogenesis (GO:0044089),0.34108512686128134,0.9601841487438862,0.5219298245614035,1.0,1.0,35/93,20.53%,HRK;SYNPO2L;VIL1;PARK7;MMP3;SDCBP;FAF1;TRABD2A;FNIP1;CHGA;TPR;BCL2L11;HYAL1;CDC42EP2;SMAD3;GSK3B;PRKCA;VEGFA;GNL3L;TFRC;VPS4A;BMP7;TIRAP;BIK;TCL1A;ATP13A2;CX3CL1;MTSS1;PFN1;PFN2;WARS1;CLU;SLX4;HAS3;SUMO1
KBTBD11,GO_Biological_Process_2023,prerank,Myeloid Cell Differentiation (GO:0030099),-0.3762878970509822,-0.9599928401737309,0.5269230769230769,1.0,1.0,23/57,24.57%,INHBA;THPO;ZBTB16;PRKX;MYB;LYN;TET2;CEBPA;RACGAP1;RASGRP4;SLC1A5;EVI2B;RPS19;MFHAS1;NCOA6;KAT6A;CEBPB;SNRK;PTPN2;HCLS1;INHA;IFI16;RPS14
KBTBD11,GO_Biological_Process_2023,prerank,Negative Regulation Of Cell Development (GO:0010721),0.43903328750519177,0.9598412375288777,0.49782608695652175,1.0,1.0,6/22,13.37%,IL6;IL17D;REST;GSK3B;B2M;DYNLT1
KBTBD11,GO_Biological_Process_2023,prerank,Defense Response To Gram-positive Bacterium (GO:0050830),-0.3510003687639671,-0.959708666747525,0.5130597014925373,1.0,1.0,4/81,5.67%,DEFB119;DEFB135;RARRES2;PLA2G2A
KBTBD11,GO_Biological_Process_2023,prerank,Glycosaminoglycan Metabolic Process (GO:0030203),0.419898185964237,0.9595766705564158,0.4884210526315789,1.0,1.0,11/28,19.19%,GALNT5;HS3ST1;HS3ST3B1;HYAL1;HEXB;EXT1;XYLT2;IDUA;CHST9;HAS1;SGSH
KBTBD11,GO_Biological_Process_2023,prerank,Negative Regulation Of Endothelial Cell Migration (GO:0010596),0.39541318227062916,0.959156138564977,0.5031712473572939,1.0,1.0,16/37,20.05%,DLL4;ADGRB1;ANGPT4;KRIT1;CSNK2B;ATP2B4;STC1;DNAJA4;PTPRM;GADD45A;JUP;ANGPT2;FGF2;SP100;THBS1;MECP2
KBTBD11,GO_Biological_Process_2023,prerank,Regulation Of cAMP-mediated Signaling (GO:0043949),0.46242984417361443,0.9587779354372816,0.4955947136563877,1.0,1.0,9/18,24.30%,POMC;PDE3B;PDE4D;UBE2B;MGRN1;PEX5L;GNAI1;PDE3A;SCTR
KBTBD11,GO_Biological_Process_2023,prerank,Regulation Of Macrophage Derived Foam Cell Differentiation (GO:0010743),0.4127511581191649,0.9585603878574072,0.5211581291759465,1.0,1.0,8/30,11.55%,PLA2G10;PLA2G5;CSF1;PF4;PLA2G3;LCP1;IL18;NFKB1
KBTBD11,GO_Biological_Process_2023,prerank,Regulation Of MAPK Cascade (GO:0043408),0.3088286279804268,0.9585510063697354,0.5821917808219178,1.0,1.0,71/203,20.72%,AVPR1B;GRAP;IL6;LILRB4;GPR37L1;LIF;GREM1;IAPP;SPRED2;DUSP9;ADRA2A;DUSP1;PAK2;ETFA;PAK6;IL11;ARHGEF5;SOX2;CAV2;SPRED1;DOK6;SPRED3;GHRL;LPAR1;RASGRP1;DUSP16;DOK3;CHRNA7;RYK;FGFR2;CEACAM1;DOK5;DUSP5;EIF2AK2;ROCK1;CD4;LAMTOR1;HRAS;FLT3;ZDHHC17;MAPK1;PHLPP1;DUSP8;PPIA;RAF1;IQGAP1;SHC1;TIRAP;EGFR;CCNA2;MAP2K1;CAV1;PDGFB;ADRA2C;KDR;TAOK2;PTPN6;CX3CL1;LEP;FGF2;IGF1;PEBP1;ADRB2;KSR1;ZNF622;IGFBP6;FLT4;INSR;TGFBR3;CD24;PRDM15
KBTBD11,GO_Biological_Process_2023,prerank,Negative Regulation Of T Cell Proliferation (GO:0042130),-0.40677872173358476,-0.9585314213765913,0.5400372439478585,1.0,1.0,14/36,21.31%,CD274;CR1;PLA2G2A;FOXP3;SPN;RC3H1;CD86;TNFRSF21;SFTPD;GPNMB;HLA-DRB1;SDC4;CEBPB;HLA-G
KBTBD11,GO_Biological_Process_2023,prerank,Establishment Of Epithelial Cell Polarity (GO:0090162),0.4546994908739007,0.9582545488257285,0.5462012320328542,1.0,1.0,6/18,13.62%,SIPA1;CYTH3;RHOA;MYO18A;EZR;SH3BP1
KBTBD11,GO_Biological_Process_2023,prerank,Regulation Of mRNA Processing (GO:0050684),-0.4132570714984649,-0.9578500951482058,0.5342205323193916,1.0,1.0,21/35,27.28%,SRPK1;SRSF10;RBM8A;TIA1;SAFB;PAPOLA;SAFB2;LARP7;PTCD2;MAGOHB;DHX9;SRSF3;SLTM;RBM23;NCBP1;SON;CWC22;YTHDC1;CDK11A;ZFP36L1;SUPT6H
KBTBD11,GO_Biological_Process_2023,prerank,Regulation Of T Cell Activation (GO:0050863),-0.37567127408193063,-0.9577420812233983,0.5278276481149012,1.0,1.0,20/60,25.68%,TIGIT;PAG1;TNFSF11;ORC3;CCDC88B;HLA-DPA1;LCK;HLA-DMB;HLA-DMA;GPNMB;HLA-DRB1;CD47;GNAO1;SIRPA;HLA-DRA;DUSP3;JAK3;LGALS3;ILDR2;THY1
KBTBD11,GO_Biological_Process_2023,prerank,Positive Regulation Of MAPK Cascade (GO:0043410),-0.30552778270883724,-0.9575865014044214,0.5815126050420169,1.0,1.0,82/306,20.88%,FGF21;TGFA;SEMA7A;OPRM1;THPO;CCL25;MOS;FGF1;DUSP19;SOD1;XCL1;PLA2G2A;NPNT;TNFSF11;BMP2;GPER1;NTRK1;BMPER;ADRA2B;NEK10;NTRK2;TGFB2;CRKL;TAOK3;PDGFRB;LRRK2;EGF;CD81;NOD2;APOE;AMH;ACKR3;PRKCZ;PIK3R5;RAMP3;NOTCH1;HTR2B;C5AR1;INAVA;CD74;GSDME;PDCD10;BCAR3;DDT;MAP3K12;ALOX12B;GLIPR2;RIT2;GRM4;PTK2B;TDGF1;SLC30A10;GPR37;GPNMB;ADRA1D;PDE8A;FGFR3;GHR;TMEM106A;HLA-DRB1;F2R;ROCK2;MFHAS1;FBXW7;DAB2IP;PTPRJ;PDGFD;FGF19;PELI2;RAPGEF2;GAS6;ERP29;TENM1;MEF2C;FERMT2;NTRK3;TGFB1;GAREM1;PLCE1;TRIM5;ARRB2;TEK
KBTBD11,GO_Biological_Process_2023,prerank,Epoxygenase P450 Pathway (GO:0019373),0.4665529763297709,0.9569975335757746,0.488659793814433,1.0,1.0,2/17,8.88%,CYP4F12;CYP1B1
KBTBD11,GO_Biological_Process_2023,prerank,Negative Regulation Of Proteolysis (GO:0045861),0.3900499480906144,0.9569683581632238,0.5011286681715575,1.0,1.0,13/41,17.35%,CSTA;SERPINB4;NLRP7;TIMP4;HDAC6;PRNP;SERPINE2;TRIM21;CHAC1;ROCK1;CLN8;PLAT;EFNA1
KBTBD11,GO_Biological_Process_2023,prerank,Negative Regulation Of MAP Kinase Activity (GO:0043407),-0.3816460181538744,-0.9567520182923017,0.5368217054263565,1.0,1.0,11/51,11.49%,AGT;RGS14;DUSP19;SMPD1;BMP2;CAV3;MAPK8IP1;LYN;APOE;CD300A;UCHL1
KBTBD11,GO_Biological_Process_2023,prerank,Regulation Of Neutrophil Chemotaxis (GO:0090022),-0.4374896889678278,-0.9565656904120137,0.5488721804511278,1.0,1.0,9/25,18.75%,XCL1;CD74;RIPOR2;MOSPD2;DPP4;MPP1;RAC2;TNFAIP6;MDK
KBTBD11,GO_Biological_Process_2023,prerank,Positive Regulation Of Cytokine Production Involved In Immune Response (GO:0002720),0.403777311622055,0.9565140104657316,0.5078651685393258,1.0,1.0,8/33,16.06%,IRF5;CD226;SPHK2;TRAF2;LACC1;TRIM6;MAP3K7;WNT5A
KBTBD11,GO_Biological_Process_2023,prerank,Organic Hydroxy Compound Transport (GO:0015850),0.3797693605658924,0.9563881283311348,0.5397849462365591,1.0,1.0,15/45,20.09%,SLCO1C1;ABCC11;ABCG5;SLC5A8;ABCC3;SLC16A8;SLCO1A2;SLC2A13;GHRL;CEACAM1;SLC22A2;SLC10A3;SLC22A1;SLCO1B1;STRA6
KBTBD11,GO_Biological_Process_2023,prerank,Substantia Nigra Development (GO:0021762),-0.38852184302355064,-0.9561313811024015,0.5297297297297298,1.0,1.0,13/42,18.41%,PADI2;FGF9;CALM2;CALM3;YWHAE;GNB4;ZNF148;ZNF430;INA;YWHAQ;GLUD1;YWHAH;ATP5PB
KBTBD11,GO_Biological_Process_2023,prerank,RNA Catabolic Process (GO:0006401),-0.3706120456192026,-0.9561138968089429,0.5209471766848816,1.0,1.0,17/57,19.23%,SLFN14;EXOSC10;DXO;EXOSC7;RNH1;EXOSC5;DIS3L2;NUDT16L1;RNASEH2A;RNASEH2B;RIDA;EXOSC4;AGO4;EXOSC3;EXOSC1;DIS3;EXOSC2
KBTBD11,GO_Biological_Process_2023,prerank,Adenylate Cyclase-Inhibiting G Protein-Coupled Receptor Signaling Pathway (GO:0007193),0.3743861925695237,0.9559653884614883,0.528344671201814,1.0,1.0,19/52,15.94%,CHRM1;GPR37L1;ADCY5;HTR1E;ADCY4;ADRA2A;ADCY6;CHRM5;DRD4;MTNR1A;GNAI2;NPY1R;LPAR1;GRM8;HTR1F;GABBR1;AKAP12;CHRM3;FLNA
KBTBD11,GO_Biological_Process_2023,prerank,Liver Development (GO:0001889),0.3978797229202091,0.9555191261764279,0.5074626865671642,1.0,1.0,14/35,20.98%,IL6;UGT1A8;CCDC39;PHF1;GFER;LSR;ARID5B;E2F8;CDK5RAP3;COBL;AURKA;PROX1;TGFBR3;ZIC3
KBTBD11,GO_Biological_Process_2023,prerank,Regulation Of Immune Response (GO:0050776),-0.3575373866054969,-0.9549857858585215,0.5597147950089126,1.0,1.0,23/77,21.42%,C6;CXCL13;CFP;FOXP3;SLA2;SPN;TGFB2;LYN;PLSCR1;SPNS2;IRF4;APPL1;CD276;DHX58;BIRC2;BCL6;HLA-DRB1;SPPL2B;GPR108;RNF135;CSK;HLA-G;INPP5D
KBTBD11,GO_Biological_Process_2023,prerank,Positive Regulation Of Actin Filament Bundle Assembly (GO:0032233),0.3752286925723698,0.9547635934396868,0.5205183585313174,1.0,1.0,21/51,19.64%,CCDC88A;SYNPO2L;VIL1;SERPINF2;APOA1;EPHA1;TGFB3;FHOD1;SORBS3;ARHGEF5;RHOA;LPAR1;ARHGEF10;LIMCH1;TPM1;CX3CL1;MTSS1;PFN1;PFN2;S100A10;NF2
KBTBD11,GO_Biological_Process_2023,prerank,Early Endosome To Late Endosome Transport (GO:0045022),-0.44230029826730305,-0.9543129043142251,0.5542857142857143,1.0,1.0,11/23,20.40%,RAB7A;PTPN23;HOOK1;PXK;PIK3R4;HOOK3;ANKRD27;ATG14;WDR91;FHIP1B;SNX16
KBTBD11,GO_Biological_Process_2023,prerank,Regulation Of Postsynaptic Membrane Potential (GO:0060078),0.398333934570275,0.954036104795081,0.5269058295964125,1.0,1.0,18/35,18.50%,NPAS4;GABRE;GABRA5;RAB3GAP1;DRD4;GABRA2;INSYN2B;CHRNA3;GSK3B;INSYN2A;GABRG1;GABRA1;GLRA1;MAPK8IP2;GABRG2;FOXM1;GRID2;GRIN1
KBTBD11,GO_Biological_Process_2023,prerank,Regulation Of Extrinsic Apoptotic Signaling Pathway (GO:2001236),-0.36793773797765544,-0.9535327167468018,0.5217391304347826,1.0,1.0,20/60,21.54%,SRC;AGT;TMC8;NOL3;TNFSF12;BCL2L12;GPER1;HTT;LTB;STX4;LTBR;BCL10;DEDD2;SH3RF1;PELI3;BID;PSME3;MEN1;FEM1B;CYLD
KBTBD11,GO_Biological_Process_2023,prerank,Negative Regulation Of Neuron Differentiation (GO:0045665),0.4372998453499543,0.9533683503985243,0.5031847133757962,1.0,1.0,11/23,23.59%,SIX3;SOX2;SOX9;REST;GSK3B;B2M;MED1;BMP7;DLL1;HEY1;NEPRO
KBTBD11,GO_Biological_Process_2023,prerank,Regulation Of Systemic Arterial Blood Pressure (GO:0003073),0.4774153102401097,0.9532410501477345,0.5092165898617511,1.0,1.0,6/15,15.48%,GPR37L1;ADM5;DDAH1;ADM2;PRCP;SLC2A5
KBTBD11,GO_Biological_Process_2023,prerank,Autophagy Of Mitochondrion (GO:0000422),-0.38114003301284766,-0.952907211520394,0.5452898550724637,1.0,1.0,18/48,19.67%,SQSTM1;FUNDC1;ARFIP2;GABARAPL2;SPATA18;ATG9A;GABARAP;SNX33;OGT;CTSK;ATG9B;USP30;WDR45B;LRBA;PRKN;ATG2B;ATG4B;ATG14
KBTBD11,GO_Biological_Process_2023,prerank,Endosomal Transport (GO:0016197),-0.323044619814292,-0.9526817082631703,0.5636672325976231,1.0,1.0,61/178,24.01%,ANXA8;TINAGL1;CLN5;TBC1D10C;CHMP1A;SQSTM1;AP5S1;WASHC3;SPAG9;YKT6;RAB43;HEATR5B;EPS15;VAMP4;PHETA2;VTI1A;RAB7A;AP5B1;TOM1;PLEKHJ1;STX5;PTPN23;SNX4;SNX33;MYO5B;VPS53;DENND1A;RCSD1;TMCC1;ALMS1;SNX12;CLEC16A;LAPTM4B;STX12;HEATR5A;VPS26A;BET1L;GGA1;TBC1D23;SNX6;ANKRD27;RAB11FIP4;STX10;VPS29;WASH6P;SORT1;PIKFYVE;ANKRD50;ALS2CL;MAGEL2;CHMP3;ANKFY1;RAB10;RAB17;ARL1;RNF126;ARF6;WASHC4;SLC66A2;CHMP1B;CHMP2A
KBTBD11,GO_Biological_Process_2023,prerank,Positive Regulation Of Insulin Secretion (GO:0032024),-0.3943025114981316,-0.9526045734268684,0.5333333333333333,1.0,1.0,17/40,22.89%,C2CD2L;SIRT6;IRS2;GPER1;DOC2B;STX4;LRRC8A;PSMD9;CFTR;SOX4;GLUD1;ANO1;HLA-DRB1;TUNAR;PLA2G6;GCK;TRPM4
KBTBD11,GO_Biological_Process_2023,prerank,Phospholipid Dephosphorylation (GO:0046839),-0.41290624465081543,-0.9517839499042532,0.5240641711229946,1.0,1.0,13/30,21.01%,PLPP4;SACM1L;PLPPR5;SGPP2;PMPCA;MTMR6;PLPP2;PLPP5;INPP5J;INPP5B;PIP4P2;SYNJ2;MTMR1
KBTBD11,GO_Biological_Process_2023,prerank,Innate Immune Response In Mucosa (GO:0002227),0.4457290051544162,0.9514038033831574,0.5154639175257731,1.0,1.0,5/20,19.53%,H2BC21;H2BC12;H2BC11;FAU;H2BC8
KBTBD11,GO_Biological_Process_2023,prerank,Regulation Of Cold-Induced Thermogenesis (GO:0120161),0.3189940908190015,0.9512169095827934,0.5687203791469194,1.0,1.0,52/145,22.62%,NPR3;DDIT3;PER2;PRLR;KDM6B;LPIN1;HSF1;YBX2;NOVA1;EPAS1;ACOT13;ACVR2B;NR1D1;ADIPOR1;MAP2K6;IL18;DIO2;PRKAB2;GHRL;NRDC;ELOVL3;CPT2;SLC25A44;DECR1;ACOT11;LNPEP;RB1;SCD;ZNF423;PLCL2;SMARCA4;VEGFA;ADAMTS5;ID1;ACTN3;PRKAB1;CAV1;IL18R1;KDM1A;LEP;PLCL1;ADRB2;APLP2;GADD45G;TLE3;CNKSR2;ALDH1A1;UCP2;CMKLR1;OXTR;IGF1R;TSHR
KBTBD11,GO_Biological_Process_2023,prerank,Blood Vessel Diameter Maintenance (GO:0097746),-0.4120821904094488,-0.9506586504046518,0.5478927203065134,1.0,1.0,15/36,21.71%,AGT;BDKRB2;GPER1;ADORA2B;GCLM;HTR2B;EDNRA;CPS1;GCLC;NOS1;ROCK2;ECE1;KEL;NPR1;KCNMB2
KBTBD11,GO_Biological_Process_2023,prerank,Learning (GO:0007612),0.38207925671710075,0.9502171048235512,0.5273972602739726,1.0,1.0,19/43,20.43%,TLR2;NPAS4;CIC;MAP1A;DLG4;SLC8A3;ATXN1;SYNJ1;FGF13;SLC8A2;LGMN;ATAD1;FYN;CNTNAP2;MAPK8IP2;YTHDF1;CLDN5;STRA6;INSR
KBTBD11,GO_Biological_Process_2023,prerank,Regulation Of Inflammatory Response (GO:0050727),-0.30893863571908714,-0.9499040481292749,0.6419529837251357,1.0,1.0,65/236,21.65%,NLRP8;FNDC4;AGT;ALOX5;SEMA7A;ENPP3;NR1H4;TRADD;MMP9;IRGM;IL22RA1;XCL1;GATA3;PLA2G2A;EXTL3;GPER1;NLRP12;AOAH;PROC;MGLL;AHSG;IL1R1;SBNO2;PDE2A;DAGLA;NOD2;APOE;CEBPA;NLRP10;ARNT;NLRC3;STAT3;ELF4;MYO1C;CD200R1;METRNL;MVK;DDT;PTGES;PLA2G7;BIRC2;FXR1;ADAMTS12;NAIP;BCL6;PIK3AP1;TNFAIP6;SNX6;MFHAS1;SETD6;SHPK;CD47;NR1D2;MDK;DAGLB;ZP3;SIRPA;SNCA;PPARA;DHX9;TRIM45;TEK;IL17RA;CYLD;AGER
KBTBD11,GO_Biological_Process_2023,prerank,Gas Transport (GO:0015669),-0.4832955762311916,-0.9485644534869423,0.5389105058365758,1.0,1.0,5/15,28.29%,HBZ;CYGB;GTPBP4;IPCEF1;AQP5
KBTBD11,GO_Biological_Process_2023,prerank,Calcium Ion Homeostasis (GO:0055074),0.3344960470783984,0.9484711863667719,0.5892018779342723,1.0,1.0,29/102,18.50%,ATP2A1;TRPV5;ATP13A1;ATP13A4;HTR2C;TRPA1;DRD4;SLC8A3;CASR;ATP13A3;NPTN;STOML2;TRDN;ITPR3;ATP2B4;CHRNA7;SLC30A1;CD40;SELENON;SLC8A2;STC1;TRPV4;SLC8A1;SLC24A2;CAV1;SLC24A1;RGN;ATP13A2;GRIN1
KBTBD11,GO_Biological_Process_2023,prerank,Negative Regulation Of Biomineral Tissue Development (GO:0070168),0.4334321004069081,0.9483106923904965,0.5324947589098532,1.0,1.0,5/21,13.45%,GREM1;NOS3;SOX9;SRGN;ROCK1
KBTBD11,GO_Biological_Process_2023,prerank,Vesicle-Mediated Transport Between Endosomal Compartments (GO:0098927),-0.43340497797450817,-0.9475907711535579,0.5574387947269304,1.0,1.0,11/24,20.40%,RAB7A;PTPN23;HOOK1;PXK;PIK3R4;HOOK3;ANKRD27;ATG14;WDR91;FHIP1B;SNX16
KBTBD11,GO_Biological_Process_2023,prerank,Epithelium Development (GO:0060429),-0.3249733400977969,-0.9472084393711171,0.565365025466893,1.0,1.0,21/152,13.84%,HAND1;SULT1B1;PAX2;DHRS9;WNT4;KRT15;SOX10;STIL;BMP2;FGF8;ALDH1A2;WNT3;CTSB;TST;SNAI2;SIX1;CPT1A;DAG1;PIH1D1;PKD2;PDCD10
KBTBD11,GO_Biological_Process_2023,prerank,Positive Regulation Of Cellular Component Organization (GO:0051130),0.32659645962853046,0.9467764375430093,0.5701559020044543,1.0,1.0,33/113,20.53%,SLC18A3;NEURL1;NOX1;HRK;PARK7;AKR1B1;MMP3;FAF1;RELN;TRABD2A;FNIP1;TGFB3;BCL2L11;HYAL1;CDC42EP2;GSK3B;RB1;VEGFA;GNL3L;TFRC;FRMPD4;BMP7;TIRAP;BIK;TCL1A;CAMK2B;S100A10;WARS1;CLU;HAS3;DCTN1;INSR;SUMO1
KBTBD11,GO_Biological_Process_2023,prerank,Positive Regulation Of Transcription By RNA Polymerase III (GO:0045945),0.47834992712365026,0.9466486255856665,0.5106382978723404,1.0,1.0,7/15,16.13%,SF3B1;ZNF143;CHD8;DEK;ICE2;ZC3H8;RPTOR
KBTBD11,GO_Biological_Process_2023,prerank,Determination Of Bilateral Symmetry (GO:0009855),-0.4283824217088852,-0.946542254327769,0.5319926873857403,1.0,1.0,7/27,13.79%,CFC1;CCDC103;STIL;CFAP53;DNAI2;NOTCH1;PKD2
KBTBD11,GO_Biological_Process_2023,prerank,Defense Response To Bacterium (GO:0042742),-0.3155473620099539,-0.946266860057979,0.5927272727272728,1.0,1.0,26/195,15.35%,DEFB119;DEFB135;CXCL13;GNLY;IL23R;CFP;RARRES2;ISG15;IRGM;PLA2G2A;NOS2;SPN;LPO;NOD2;OPTN;NLRP10;RBCK1;DROSHA;LCN2;ROMO1;ZNFX1;STAB2;SFTPD;OAS3;COLEC12;HMGB2
KBTBD11,GO_Biological_Process_2023,prerank,Negative Regulation Of Peptidase Activity (GO:0010466),-0.36782481442407994,-0.9459653908520227,0.5444234404536862,1.0,1.0,12/59,13.67%,SERPINA6;SERPINI2;TIMP1;SERPINH1;UBXN1;CRB2;CTSB;LRP1;SERPINE3;SERPIND1;GAPDH;SERPINB6
KBTBD11,GO_Biological_Process_2023,prerank,Cellular Response To Organic Substance (GO:0071310),0.3419490737877311,0.9459241278570524,0.543046357615894,1.0,1.0,16/80,16.16%,AVPR1B;SLIT1;PID1;PARK7;ZNF16;RAMP2;HDAC6;CYP1B1;RAMP1;IL18;RHOA;AKAP6;LDLRAP1;FLT3;NPFFR2;QRFPR
KBTBD11,GO_Biological_Process_2023,prerank,Tail-Anchored Membrane Protein Insertion Into ER Membrane (GO:0071816),0.4705999185036118,0.9454836381906604,0.5526315789473685,1.0,1.0,8/16,19.65%,EMC9;GET4;EMC7;EMC6;GET1;EMC3;UBL4A;EMC1
KBTBD11,GO_Biological_Process_2023,prerank,"Regulation Of DNA Damage Response, Signal Transduction By P53 Class Mediator (GO:0043516)",0.40667374246490895,0.9452996303326449,0.5277161862527716,1.0,1.0,15/28,23.71%,TWIST1;SPRED2;MDM2;DDX5;SPRED1;PTTG1IP;ATM;CD44;KMT5A;MSX1;KDM1A;EEF1E1;PMAIP1;SMYD2;SNAI1
KBTBD11,GO_Biological_Process_2023,prerank,Positive Regulation Of Angiogenesis (GO:0045766),0.3267854673398568,0.945085249124946,0.5685840707964602,1.0,1.0,41/119,21.54%,TWIST1;ISL1;TNN;RHOB;NOS3;HK2;FUT1;ANGPT4;ITGB1;RAMP2;EPHA1;FGF18;CYP1B1;HYAL1;ADM2;CHRNA7;CD40;HSPB1;JMJD8;PRKCA;VEGFA;SEMA5A;SASH1;MTDH;KLF4;WNT5A;VEGFB;ITGB8;HMGA2;KDR;RLN2;JUP;FGF2;THBS1;CNTN1;SMOC2;PRKD1;HIF1A;SERPINE1;HIPK2;DLL1
KBTBD11,GO_Biological_Process_2023,prerank,Transcription Initiation-Coupled Chromatin Remodeling (GO:0045815),0.3916343745858905,0.9445398881143636,0.5239085239085239,1.0,1.0,15/34,18.12%,PHF1;FAM47E;DPY30;BRD7;SPHK2;KAT2B;SMARCB1;SMARCD1;SGF29;TRMT112;SMARCA4;KMT2A;NIBAN2;WDR5;ATF2
KBTBD11,GO_Biological_Process_2023,prerank,Limb Development (GO:0060173),0.4168931515159054,0.9444378364879427,0.5289079229122056,1.0,1.0,9/28,17.05%,DKK1;GREM1;CIBAR1;SALL1;SMOC1;KAT2B;LNPK;KAT2A;ZNRF3
KBTBD11,GO_Biological_Process_2023,prerank,Membrane Protein Proteolysis (GO:0033619),-0.4078614383749,-0.9441640920014864,0.5301645338208409,1.0,1.0,18/34,26.87%,TMPRSS6;BACE1;NAPSA;APH1B;CLPP;APH1A;DAG1;HM13;PSEN2;BACE2;SPPL2B;TGFB1;SPPL2A;RBMX;ADAM19;NCSTN;PSEN1;MBTPS2
KBTBD11,GO_Biological_Process_2023,prerank,Negative Regulation Of Mitochondrion Organization (GO:0010823),-0.39776022317326026,-0.9439234838668703,0.5381750465549349,1.0,1.0,16/38,20.81%,NOL3;HGF;AVP;SLC25A4;MUL1;FZD9;SLC25A6;PSMD10;MAPT;BCL2L1;GPX1;PRKN;HUWE1;BAK1;OMA1;FXN
KBTBD11,GO_Biological_Process_2023,prerank,Negative Regulation Of DNA Replication (GO:0008156),0.47338158692340604,0.9438353001158319,0.5210643015521065,1.0,1.0,4/15,15.00%,GMNC;CDC6;GMNN;TSPYL2
KBTBD11,GO_Biological_Process_2023,prerank,Antigen Processing And Presentation Of Exogenous Peptide Antigen Via MHC Class II (GO:0019886),-0.43539208596985074,-0.9436289685214097,0.5237226277372263,1.0,1.0,11/24,22.87%,CTSS;IFI30;HLA-DPA1;HLA-DMB;DNM2;HLA-DMA;HLA-DRB1;CTSD;GNAO1;PIKFYVE;HLA-DRA
KBTBD11,GO_Biological_Process_2023,prerank,Negative Regulation Of Cell Cycle Process (GO:0010948),-0.40913490530003804,-0.9436176200982916,0.5370705244122965,1.0,1.0,13/33,21.31%,KIF25;GPER1;E2F7;SMARCA5;TP53;TERF1;WAPL;ZFYVE19;FBXO43;ESPL1;DAB2IP;AURKAIP1;HLA-G
KBTBD11,GO_Biological_Process_2023,prerank,Positive Regulation Of Protein Import Into Nucleus (GO:0042307),0.41090165231396636,0.9435451232287372,0.5087719298245614,1.0,1.0,11/28,19.60%,PIK3R1;CHP2;EFCAB7;TPR;ZIC1;SMAD3;DMAP1;FLNA;PRKCD;JUP;UBR5
KBTBD11,GO_Biological_Process_2023,prerank,Presynaptic Endocytosis (GO:0140238),-0.4136550062540708,-0.9433726033835496,0.5590994371482176,1.0,1.0,18/31,28.00%,DNM2;DNM1;STON1;AP2M1;DNM3;SNCB;PACSIN1;SYT1;NLGN3;SYNJ2;CDK5;SNCA;VAMP2;STX1A;AP2S1;FCHO2;PIP5K1C;NLGN1
KBTBD11,GO_Biological_Process_2023,prerank,protein-DNA Complex Organization (GO:0071824),-0.3687515008685384,-0.9431347763066933,0.5724907063197026,1.0,1.0,21/59,20.75%,EZHIP;MOS;HDAC11;MTF2;PARP10;SIRT1;HDAC3;L3MBTL1;SAFB;VCX;CBX3;SETD7;SUPT4H1;SATB1;HMGB2;ZZZ3;SOX15;MTA2;HMGN2;ZBTB7A;HDAC10
KBTBD11,GO_Biological_Process_2023,prerank,Positive Regulation Of T Cell Proliferation (GO:0042102),-0.3621848320541539,-0.9428780229204881,0.5629496402877698,1.0,1.0,13/64,13.25%,IL23R;CD274;NCK2;TNFRSF13C;CCDC88B;HLA-DPA1;EBI3;NCK1;CD86;HLA-DMB;CD1D;CD70;CD276
KBTBD11,GO_Biological_Process_2023,prerank,Negative Regulation Of Telomere Maintenance Via Telomerase (GO:0032211),-0.46241352843673217,-0.9427672409932351,0.5472727272727272,1.0,1.0,8/19,16.16%,SRC;EXOSC10;TENT4B;POT1;HNRNPA1;TERF1;STON1;HNRNPC
KBTBD11,GO_Biological_Process_2023,prerank,Negative Regulation Of Secretion By Cell (GO:1903531),0.3867602104578688,0.942624579048856,0.559652928416486,1.0,1.0,14/40,22.15%,LIF;IL11;DRD4;TNFRSF1B;CHGA;TNFRSF1A;DPH3;VAMP3;SLC30A1;SERGEF;IL1RAPL1;GRM7;SYT11;SYT4
KBTBD11,GO_Biological_Process_2023,prerank,Regulation Of Release Of Sequestered Calcium Ion Into Cytosol By Sarcoplasmic Reticulum (GO:0010880),-0.4402509438480109,-0.9424326957224223,0.5574074074074075,1.0,1.0,5/22,11.53%,CLIC2;CALM2;CALM3;ATP1A2;HRC
KBTBD11,GO_Biological_Process_2023,prerank,Glycogen Metabolic Process (GO:0005977),0.4519216976505573,0.9423794535312604,0.49166666666666664,1.0,1.0,8/19,14.00%,PER2;PPP1R3C;NR1D1;GYG1;GSK3B;GBE1;PYGB;PRKAG2
KBTBD11,GO_Biological_Process_2023,prerank,DNA Replication Initiation (GO:0006270),0.44135634154646797,0.9417636588925421,0.5283842794759825,1.0,1.0,8/21,15.95%,RPA4;ORC4;MCM3;PURA;ORC2;ORC6;TOPBP1;PRIM1
KBTBD11,GO_Biological_Process_2023,prerank,Regulation Of Axon Extension (GO:0030516),-0.3998952109203845,-0.9417015575321704,0.5528301886792453,1.0,1.0,15/35,20.45%,SEMA7A;MAP3K13;ISLR2;APOE;CDKL3;DNM2;GOLGA4;MAPT;SEMA3G;SEMA3A;OLFM1;CDKL5;RNF6;KIAA0319;LIMK1
KBTBD11,GO_Biological_Process_2023,prerank,Aortic Valve Morphogenesis (GO:0003180),0.38383196014605453,0.9416138677542621,0.5206073752711496,1.0,1.0,11/37,13.45%,TWIST1;DLL4;SLIT1;NOS3;SOX9;ROBO1;RHOA;HEYL;NFATC1;RB1;ROCK1
KBTBD11,GO_Biological_Process_2023,prerank,Positive Regulation Of Smooth Muscle Cell Proliferation (GO:0048661),0.37520336024755074,0.9411032287777293,0.5466377440347071,1.0,1.0,16/47,20.39%,IL6;NOX1;SERPINF2;IL18;MEF2D;LDLRAP1;P2RY6;JUN;PDGFB;CX3CL1;FGF2;IGF1;THBS1;AKT1;AIF1;STAT1
KBTBD11,GO_Biological_Process_2023,prerank,Negative Regulation Of Cell-Matrix Adhesion (GO:0001953),-0.4109503763538711,-0.9405740732550655,0.551660516605166,1.0,1.0,9/31,17.21%,SRC;CDKN2A;RASA1;MAP4K4;ADAM15;DUSP22;AJAP1;JAG1;PHLDB2
KBTBD11,GO_Biological_Process_2023,prerank,Positive Regulation Of Pathway-Restricted SMAD Protein Phosphorylation (GO:0010862),-0.38295740614618745,-0.9402485243874024,0.5510204081632653,1.0,1.0,10/48,7.90%,GDF7;INHBA;GDF6;INHBC;GDF3;GDF11;BMPR2;BMP2;HFE;TGFB2
KBTBD11,GO_Biological_Process_2023,prerank,Receptor Metabolic Process (GO:0043112),-0.44933555095695316,-0.9401322328421291,0.540590405904059,1.0,1.0,7/20,15.81%,SNX25;PHETA2;NEDD4;REP15;PLEKHJ1;PIK3R4;UVRAG
KBTBD11,GO_Biological_Process_2023,prerank,Regulation Of Embryonic Development (GO:0045995),0.3532803303740596,0.9399677787378606,0.5384615384615384,1.0,1.0,27/62,23.00%,MBIP;LHX1;DR1;KAT2B;CLASP2;SEPTIN7;NR2C2;POGLUT1;UTP25;SGF29;RAB14;RUVBL2;MCRS1;PHLDB1;UCHL5;KAT2A;PLCB1;NIBAN2;WDR5;RPS6KA6;WDPCP;TLE6;INSR;TDG;NFRKB;OTX2;CCSAP
KBTBD11,GO_Biological_Process_2023,prerank,Regulation Of Golgi Organization (GO:1903358),-0.4863775540782291,-0.9397533820885952,0.5714285714285714,1.0,1.0,11/16,25.13%,RAB33B;MYO5A;PDE4DIP;STX5;PDCD10;CAMSAP2;MAP2K2;USP6NL;ARMH3;STX18;MAPK3
KBTBD11,GO_Biological_Process_2023,prerank,Icosanoid Metabolic Process (GO:0006690),0.3641391762330746,0.939631002264037,0.5480349344978166,1.0,1.0,14/52,15.45%,CYP4F12;PLA2G10;ALOXE3;PNPLA8;MAPKAPK2;HPGD;ALOX12;CYP2D7;CYP1B1;ABCC10;ABHD12;PLA2G4A;PLA2G4C;FAAH2
KBTBD11,GO_Biological_Process_2023,prerank,Regulation Of Postsynapse Organization (GO:0099175),-0.4361562187961475,-0.9395526243998982,0.566003616636528,1.0,1.0,10/25,21.89%,NOL3;LRRK2;LZTS3;ARHGAP44;CFL1;KIF1A;TANC1;CDKL5;CDK5;SIPA1L1
KBTBD11,GO_Biological_Process_2023,prerank,Protein Export From Nucleus (GO:0006611),-0.4298791090895774,-0.9394969768050145,0.549718574108818,1.0,1.0,11/26,20.24%,NUP42;CHP1;CCHCR1;EGR2;RANBP3L;RANBP17;RANBP3;NUP214;STYX;XPO7;TGFB1
KBTBD11,GO_Biological_Process_2023,prerank,Negative Regulation Of Cellular Catabolic Process (GO:0031330),-0.3622446871901898,-0.9393411184368494,0.5529197080291971,1.0,1.0,20/67,21.07%,KIF25;DAPL1;TIMP1;HGF;WDR6;NRDE2;RRAGC;PTPN3;FOXK2;STAT3;KLHL22;TAB2;LEPR;RRAGA;GSK3A;DAP;APOC1;MTMR9;RASIP1;MFSD2A
KBTBD11,GO_Biological_Process_2023,prerank,Regulation Of Type II Interferon Production (GO:0032649),-0.3460224627876389,-0.9392344848428433,0.5811051693404634,1.0,1.0,13/87,9.63%,IL23R;NR1H4;INHBA;CD274;VSIR;CR1;ISG15;IRGM;XCL1;FOXP3;IL1R1;HLA-DPA1;EBI3
KBTBD11,GO_Biological_Process_2023,prerank,Regulation Of Transport (GO:0051049),0.3821333395013827,0.9391528981889204,0.5634743875278396,1.0,1.0,2/44,2.34%,RSC1A1;REEP6
KBTBD11,GO_Biological_Process_2023,prerank,Intracellular Protein Transmembrane Transport (GO:0065002),0.366876047189698,0.9381874770197504,0.5691609977324263,1.0,1.0,17/46,20.99%,TOMM20L;TIMM17A;TOMM40L;TRIM37;C2CD5;SEC61A1;SEC61A2;SEC61G;PEX5;PEX13;TOMM70;PEX7;PEX12;PEX6;TOMM40;DNAJC15;HSPD1
KBTBD11,GO_Biological_Process_2023,prerank,Neuron Maturation (GO:0042551),-0.46005047559157597,-0.9378270253757492,0.5553571428571429,1.0,1.0,6/17,19.77%,CLN5;RND1;ADGRB3;ANKS1A;LGI4;SRRM4
KBTBD11,GO_Biological_Process_2023,prerank,B Cell Activation (GO:0042113),0.33917899806080726,0.9377429705453824,0.5750577367205543,1.0,1.0,18/84,15.06%,AQP8;PIK3R1;CLCF1;PAX5;CR2;BANK1;BTK;ITGB1;PIK3R3;GPS2;FNIP1;IL11;DNAJB9;RASGRP1;CD40;TOP2B;FLT3;DCAF1
KBTBD11,GO_Biological_Process_2023,prerank,fatty-acyl-CoA Metabolic Process (GO:0035337),-0.4518264604022799,-0.9374254674625008,0.5537037037037037,1.0,1.0,10/18,25.35%,SLC27A2;HSD17B4;NUDT7;GCDH;THEM5;PPT2;FAR2;PPT1;DGAT2;FITM2
KBTBD11,GO_Biological_Process_2023,prerank,Embryonic Skeletal System Morphogenesis (GO:0048704),0.404185296671536,0.9373004315461155,0.5595744680851064,1.0,1.0,6/29,23.70%,TWIST1;FGFR2;EIF4A3;TGFBR1;OXSR1;FUZ
KBTBD11,GO_Biological_Process_2023,prerank,Response To Fatty Acid (GO:0070542),0.4483855817077694,0.937290828449768,0.5083682008368201,1.0,1.0,8/19,13.20%,PID1;LCP1;SOX9;ILDR1;FOXO1;GLDC;IRS1;SCD
KBTBD11,GO_Biological_Process_2023,prerank,Positive Regulation Of Organelle Organization (GO:0010638),0.38930875016276434,0.9372804480228378,0.5588235294117647,1.0,1.0,12/34,15.59%,PLA2G5;ELAPOR1;ATL3;RAB3GAP1;C2CD5;SORBS3;SYNJ1;GSK3B;LNPK;KATNBL1;LIG4;MGARP
KBTBD11,GO_Biological_Process_2023,prerank,Positive Regulation Of Binding (GO:0051099),-0.34568959296553253,-0.937240345062477,0.5902527075812274,1.0,1.0,27/91,20.68%,CLN5;CLIC2;MMP9;TRIB3;BMP2;IDE;HFE;SUMO4;GPSM1;LRRK2;EGF;APOE;LRP1;HIP1R;NMD3;USP9X;PIN1;HMBOX1;RALB;HMGB2;EPB41;TERT;PRKN;RAPGEF2;RARA;DHX9;HES1
KBTBD11,GO_Biological_Process_2023,prerank,Regulation Of Lipid Biosynthetic Process (GO:0046890),0.4027422863292641,0.9371389583954085,0.5351473922902494,1.0,1.0,9/28,16.13%,THRSP;SORBS1;AVIL;MLST8;SIRT4;CEACAM1;MID1IP1;CREBL2;RPTOR
KBTBD11,GO_Biological_Process_2023,prerank,Cellular Response To Mechanical Stimulus (GO:0071260),0.37355513503666027,0.9369825779448762,0.5438972162740899,1.0,1.0,18/48,20.06%,TLR7;MAP3K1;IRF1;SOX9;TNFRSF1A;CHEK1;NFKB1;TMEM150C;CD40;BAD;TNFRSF10A;MAP3K14;PIEZO1;PIEZO2;MAP3K2;GADD45A;PTGER4;TNFRSF8
KBTBD11,GO_Biological_Process_2023,prerank,Ventricular Cardiac Muscle Tissue Development (GO:0003229),-0.4282129222468498,-0.9368421648732301,0.5450901803607214,1.0,1.0,1/25,0.09%,HAND1
KBTBD11,GO_Biological_Process_2023,prerank,Positive Regulation Of Transmembrane Receptor Protein Serine/Threonine Kinase Signaling Pathway (GO:0090100),-0.3454358338421466,-0.9364211912434663,0.5931899641577061,1.0,1.0,31/94,21.30%,GDF7;INHBA;SCUBE3;GDF6;INHBC;GDF3;GDF11;BMPR2;ING2;BMP2;HFE;CRB2;TGFB2;LRG1;NOTCH1;SNW1;CITED1;TGFBR2;ENG;TTK;BMP6;EP300;STK11;DAB2;CITED2;KIAA0319;SMAD4;TGFB1;RNF111;MEN1;NUMA1
KBTBD11,GO_Biological_Process_2023,prerank,Aortic Valve Development (GO:0003176),0.37532169207939203,0.9363553530288404,0.5336225596529284,1.0,1.0,12/40,13.45%,TWIST1;DLL4;SLIT1;NOS3;TNFRSF1B;SOX9;ROBO1;HEYL;NFATC1;TNFRSF1A;RB1;ROCK1
KBTBD11,GO_Biological_Process_2023,prerank,Positive Regulation Of Cellular Metabolic Process (GO:0031325),-0.36928314095459835,-0.9363368963343504,0.5770609318996416,1.0,1.0,24/56,23.71%,AGT;GATA3;SIRT1;F2;DCXR;PDGFRB;YPEL3;CCNB1;ROMO1;ZC3H12A;TGFBR2;LIPT2;CHCHD2;TP53;PRKCE;SORD;IFNAR1;RNF41;ARG2;HPN;HLA-G;GRB2;AKR1C1;DHRS4
KBTBD11,GO_Biological_Process_2023,prerank,Positive Regulation Of Cell Population Proliferation (GO:0008284),-0.2916583216823982,-0.9362499574412586,0.7,1.0,1.0,129/479,21.63%,AREG;FGF21;PAX2;IL11RA;AGT;TGFA;TSPAN31;SIX2;FGF9;THPO;TBX3;FGF1;SIRT6;TIMP1;CR1;PTK2;CHRD;CNTF;GLI1;CNBP;IRS2;SIRT1;LAMC2;BMP2;GPER1;FGF8;COPS9;NTRK2;TGFB2;CRKL;EPOR;EAPP;SINHCAF;NME2;PDGFRB;CNOT6;PRMT1;STX4;CDK2;CAPNS1;LYN;EGF;ZNF703;CD81;CXCR2;FZD9;VEGFC;NOD2;FGF22;CNOT7;TBRG4;AMH;CD86;SHANK2;NOTCH1;GHRHR;HTR2B;ROMO1;BCL7C;MAPK15;C5AR1;BMI1;CD74;PDCD10;TGFBR2;CSNK2A1;CCDC117;PAK1;HDAC4;DPP4;PTK2B;YAP1;TTK;ACTB;BRD9;TDGF1;DISP3;DOT1L;ACTL6B;SMARCA2;ERBB3;BST2;BMP6;PFDN1;ADRA1D;SOX4;SOX15;TERT;FGFR3;MAZ;NANOG;S1PR2;ZFPM2;KRAS;F2R;WWTR1;CD47;CDH13;MDK;PDGFD;CDK4;DNAJA2;SMARCC1;FGF19;CACUL1;CLEC11A;ASH2L;PTN;E2F1;NACC1;GAS6;CSF2RA;TSPYL5;ACER3;MEF2C;NTRK3;TGFB1;GAREM1;RARA;DHX9;HES1;FXN;SPDYA;SLC25A33;TNFRSF11A;SOX8;RPS9;HBEGF;PGF
KBTBD11,GO_Biological_Process_2023,prerank,Regulation Of Macrophage Activation (GO:0043030),0.3976288229200942,0.9356338509831197,0.5213849287169042,1.0,1.0,7/31,16.06%,IL33;IL6;PLA2G10;CD200;MYO18A;LRFN5;WNT5A
KBTBD11,GO_Biological_Process_2023,prerank,Cellular Response To Alcohol (GO:0097306),0.3654273243077436,0.9351513805685786,0.5808656036446469,1.0,1.0,30/53,26.50%,OSBPL7;GRAMD1C;DYNAP;ADCY5;ADCY6;SPHK2;GNB1;BLM;CTNNB1;ADCY2;GLRA1;ADCY3;SCNN1B;GRAMD1B;JUP;PTGER2;PTGER4;GPLD1;TNFSF4;MAP4K1;GNAI1;GRAMD1A;SFRP1;AHR;RAD51;ADCY1;GLRA2;SPIDR;SLC5A5;ADCY8
KBTBD11,GO_Biological_Process_2023,prerank,Regulation Of Protein Sumoylation (GO:0033233),0.4587329955671966,0.9350558506236285,0.5588235294117647,1.0,1.0,6/17,14.64%,PIAS3;PARK7;SAE1;ZMIZ1;CTNNB1;GNL3L
KBTBD11,GO_Biological_Process_2023,prerank,Negative Regulation Of Epithelial Cell Migration (GO:0010633),0.4002227222691922,0.9349494570651248,0.5364806866952789,1.0,1.0,14/33,19.55%,DLL4;ADGRB1;KRIT1;DUSP10;EPPK1;ADIPOR1;PTPRR;CORO1C;STC1;DNAJA4;PTPRM;PFN2;SP100;THBS1
KBTBD11,GO_Biological_Process_2023,prerank,Bile Acid And Bile Salt Transport (GO:0015721),0.42516349357792077,0.9348709615833766,0.5717344753747323,1.0,1.0,7/23,19.19%,SLCO1C1;ABCC11;ABCC3;SLCO1A2;CEACAM1;SLC10A3;SLCO1B1
KBTBD11,GO_Biological_Process_2023,prerank,Neuron Development (GO:0048666),-0.3200575705517881,-0.9338396923382167,0.6295025728987993,1.0,1.0,43/149,20.44%,FLRT3;STMN4;EPHA5;CLN5;POU4F1;RP1;STMND1;SLC44A4;ARL3;NTRK2;BICDL1;TGFB2;NCDN;PRMT1;NEDD4;LYN;SRF;APOE;ALK;PBX4;RUNX3;VAPA;MAPT;TBC1D24;WNK1;DOCK7;SH3GL2;CDNF;SAMD14;SNAPIN;TBC1D23;GBA2;ATCAY;HDGFL3;LGI4;PALS1;RAPGEF2;SRRM4;TENM1;MEF2C;THOC2;CDK5;GPM6A
KBTBD11,GO_Biological_Process_2023,prerank,Osteoclast Differentiation (GO:0030316),-0.42139518363135897,-0.9337791007620037,0.5487571701720841,1.0,1.0,6/25,12.88%,SRC;TNFSF11;BMP2;ATP6AP1;SBNO2;OSTM1
KBTBD11,GO_Biological_Process_2023,prerank,Positive Regulation Of RNA Metabolic Process (GO:0051254),0.3884173768970632,0.933771411879227,0.5817805383022774,1.0,1.0,9/33,13.56%,PIK3R1;GRSF1;RBM20;HEATR1;SETX;NFKB1;U2AF2;TRMT112;HRAS
KBTBD11,GO_Biological_Process_2023,prerank,Antigen Processing And Presentation Of Peptide Antigen Via MHC Class I (GO:0002474),-0.45524770253694063,-0.9334802098783664,0.5716945996275605,1.0,1.0,8/18,13.78%,PDIA3;TAPBPL;IDE;HFE;TAPBP;IFI30;CLEC4A;TAP1
KBTBD11,GO_Biological_Process_2023,prerank,Negative Regulation Of Anoikis (GO:2000811),-0.46816479383649456,-0.9330865586677919,0.5446096654275093,1.0,1.0,5/16,16.40%,SRC;PTK2;SNAI2;NOTCH1;TLE1
KBTBD11,GO_Biological_Process_2023,prerank,Regulation Of Interleukin-12 Production (GO:0032655),0.37304102441144216,0.9330415415233105,0.5753138075313807,1.0,1.0,4/49,2.91%,IRF5;TLR2;ISL1;MAPK11
KBTBD11,GO_Biological_Process_2023,prerank,Histone mRNA Metabolic Process (GO:0008334),-0.43198869979221044,-0.9328954395055162,0.5446584938704028,1.0,1.0,12/23,26.15%,EXOSC10;TENT4B;ERI1;UPF1;EXOSC4;MTPAP;TUT1;TENT2;NCBP1;ZNF473;LSM1;LSM10
KBTBD11,GO_Biological_Process_2023,prerank,Synapse Assembly (GO:0007416),-0.3560194492302908,-0.9321456566099364,0.5778611632270169,1.0,1.0,26/71,23.85%,FLRT3;PCDHB9;POU4F1;FZD1;SLITRK1;FARP1;PCDHB10;SHANK2;KIRREL3;SRGAP2C;GABRB3;PCDHB5;BDNF;PCDHB16;DNM3;PLXNB1;PLXND1;NLGN3;CDK5;GPM6A;SDK2;DSCAM;DVL1;PTEN;PCDHB4;CDH1
KBTBD11,GO_Biological_Process_2023,prerank,Cholesterol Homeostasis (GO:0042632),-0.3538132753042448,-0.9321132148267233,0.5638297872340425,1.0,1.0,20/72,15.83%,NPC1L1;ACSM3;APOM;MINAR2;ABCG4;CNBP;SIRT1;ANGPTL3;CAV3;LIPG;SOAT1;ABCA5;ABCG8;MTTP;APOE;EPHX2;LIMA1;NPC1;ABCG1;DISP3
KBTBD11,GO_Biological_Process_2023,prerank,Natural Killer Cell Mediated Cytotoxicity (GO:0042267),-0.43453140853376193,-0.9319420232119927,0.5553505535055351,1.0,1.0,3/24,5.30%,RAET1E;KLRK1;ULBP3
KBTBD11,GO_Biological_Process_2023,prerank,Macrophage Differentiation (GO:0030225),0.44244578262538536,0.9318396514239673,0.5347826086956522,1.0,1.0,4/20,4.69%,IL33;LIF;PARP1;CSF1
KBTBD11,GO_Biological_Process_2023,prerank,Transition Metal Ion Transport (GO:0000041),0.3926592297505365,0.9315583761213946,0.574235807860262,1.0,1.0,14/32,20.64%,SLC11A1;F3;HEPHL1;TTYH1;MELTF;SLC30A1;CUTC;SLC30A8;SLC30A9;TFRC;FTH1;CP;SLC31A1;SLC39A8
KBTBD11,GO_Biological_Process_2023,prerank,Protein Complex Oligomerization (GO:0051259),-0.33317818578043223,-0.9315517825431592,0.6078066914498141,1.0,1.0,34/100,24.26%,RS1;KCNC2;RNF112;UPB1;NOL3;ATL1;TMEM120A;PRMT8;PRMT1;CLDN1;LRRC8A;ZNF746;NACC2;ZC3H12A;PKD2;BCL10;TP53BP1;HLA-DRB1;OXA1L;KCNC1;TMEM70;SNCA;RNF135;SAMD1;SHMT2;UGDH;HGSNAT;NLRC4;CPSF6;ALAD;RBMX;CHMP2A;NLRP1;TRMT61B
KBTBD11,GO_Biological_Process_2023,prerank,Regulation Of Protein Localization To Nucleus (GO:1900180),0.36075292751638055,0.9314192636849299,0.5981087470449172,1.0,1.0,14/52,16.38%,LILRB4;PARP9;LIF;PARK7;TYK2;TPR;NGFR;TCF7L2;GSK3B;LATS2;TFRC;DTX3L;LIMK2;CDK5RAP3
KBTBD11,GO_Biological_Process_2023,prerank,Ubiquitin-Dependent Protein Catabolic Process (GO:0006511),-0.2965616490107194,-0.9314054451406056,0.7177814029363785,1.0,1.0,150/362,26.25%,SIAH3;CSNK1A1;IFI27;APC2;ZSWIM8;CHMP1A;SQSTM1;PSMA1;UBE2E1;RNF128;TSG101;HERC3;SIRT1;TRIM13;UBXN1;UBE2D4;KAT5;UBE2D1;KCTD5;BFAR;NSFL1C;SPSB3;NHLRC1;NEDD4;ANKRD9;DCST1;UHRF1;RNF43;MAEA;ASB2;COPS3;RC3H1;PSMD3;UCHL1;RNF166;HERPUD1;RBCK1;UBE2C;AGAP3;PTPN23;VPS37B;SPSB4;USP9X;KLHL22;RLIM;NHLRC3;ZFAND2A;RNF122;PSMD6;RNF216;SPSB2;PSMD9;RNF144B;RC3H2;PSMD7;CHMP4A;VPS37C;FBXL22;PSMD4;UBL7;UFD1;CUL1;PSMA2;PSMC6;PSMB7;FBXL14;UBE2G1;RNF185;BIRC2;SKP1;GSK3A;SH3BGRL;PSMD14;PEX10;DDB1;CNOT4;SPOP;PSMA5;TRIM3;TBL1XR1;RNF168;CDC34;FBXW7;PRKN;OS9;PELI1;PSMC3;PJA2;PSMB1;USP28;UBE2D3;TOLLIP;WWP2;RMND5A;RNF6;UBE3D;WDR91;PSMA4;RNF146;KCTD17;RNF7;KLHL8;RNF111;RNF4;UBAP1L;TTC3;RNF34;UBE3B;NDFIP2;PSMB6;ARRB2;MTA1;FEM1B;RCHY1;UBR3;CUL4A;CHMP3;FBXL17;HECTD1;CHMP5;UBE2H;MYLIP;RNF126;OTUD7B;ARRB1;KBTBD7;FBXO9;CHMP1B;CHMP2A;PSMD8;PSMB5;HERC4;RNF5;RNF26;KCTD13;RNF19B;ARIH1;AMBRA1;WDR26;GID8;UBR4;RNF20;PSMB2;AXIN1;AMFR;CRBN;TNFAIP1;FBXO11;OTUD7A;VCP
KBTBD11,GO_Biological_Process_2023,prerank,Regulation Of Protein Kinase B Signaling (GO:0051896),-0.3249360331042108,-0.9310883461384231,0.6258620689655172,1.0,1.0,51/135,24.29%,SRC;F7;THPO;PTK2;GATA3;GRM2;SIRT1;F10;GPER1;NTRK1;NTRK2;MUL1;EGF;DRD3;PIK3R5;RAMP3;RACK1;TSC2;DAG1;OTUD3;ENG;SORD;MAZ;MFHAS1;PDCD6;PTPRJ;GAS6;P2RX4;RNF41;PLEKHA1;FAM110C;TSPYL5;FERMT2;NTRK3;TGFB1;PPARA;RCAN3;ARRB2;TEK;OSBPL8;HLA-G;HBEGF;CIB1;PTEN;PHB1;SH2B3;NOP53;NTS;HCLS1;FGFR1;PPP2CA
KBTBD11,GO_Biological_Process_2023,prerank,Mesenchyme Development (GO:0060485),0.4545293096060476,0.9306239361286709,0.5427974947807933,1.0,1.0,6/17,17.59%,ISL1;MESP1;CRELD1;FGFR2;BMP7;HMGA2
KBTBD11,GO_Biological_Process_2023,prerank,Regulation Of Cardiac Muscle Contraction (GO:0055117),-0.39612544568000796,-0.9306220782146577,0.5557692307692308,1.0,1.0,11/35,19.30%,GJA5;PLN;CALM2;TNNI3K;CAV3;CALM3;ZC3H12A;NOS1;ATP1B1;RYR2;P2RX4
KBTBD11,GO_Biological_Process_2023,prerank,Negative Regulation Of Interleukin-6 Production (GO:0032715),0.38843575755132315,0.9302641394141294,0.5630081300813008,1.0,1.0,10/34,21.90%,LILRB4;NMBR;TNFAIP3;CD200;GHRL;PTPN6;CX3CL1;IRAK3;FOXJ1;SYT11
KBTBD11,GO_Biological_Process_2023,prerank,Endoderm Formation (GO:0001706),-0.40340421640732954,-0.9301080965390893,0.5494505494505495,1.0,1.0,8/35,15.58%,COL7A1;ITGB2;INHBA;MMP9;COL6A1;ITGA7;DUSP4;MIXL1
KBTBD11,GO_Biological_Process_2023,prerank,Neuron Fate Commitment (GO:0048663),0.44235264784403516,0.9298464484483465,0.5424836601307189,1.0,1.0,3/18,6.18%,DLL4;ISL1;EPOP
KBTBD11,GO_Biological_Process_2023,prerank,Positive Regulation Of Catalytic Activity (GO:0043085),-0.39450262995951324,-0.9294762309253104,0.5703703703703704,1.0,1.0,22/40,26.80%,SOD1;FDX2;STX4;NOD2;POT1;APH1A;XRCC5;PHACTR4;PSEN2;B3GAT3;WRN;YWHAB;FXN;CIB1;FDX1;CHTOP;MAPK8;MAPK3;NCSTN;MAPK14;NHEJ1;PSEN1
KBTBD11,GO_Biological_Process_2023,prerank,Positive Regulation Of Protein Secretion (GO:0050714),-0.35049514178948954,-0.9292052193995824,0.5940409683426443,1.0,1.0,24/76,20.24%,CD33;SIRT6;IRS2;GPER1;DOC2B;SYTL4;TGFB2;CD2AP;IL1A;APBB3;UNC13B;LRRC8A;PTPN23;PSMD9;GOLPH3;MYH10;ABCG1;BMP6;SOX4;GOLPH3L;GLUD1;APBB1;TTN;TGFB1
KBTBD11,GO_Biological_Process_2023,prerank,Ruffle Organization (GO:0031529),-0.4642303195099454,-0.9291498073446733,0.5660377358490566,1.0,1.0,7/16,25.87%,ARFIP2;LIMA1;CORO1B;PLEKHA1;AIF1L;ARF6;RAC1
KBTBD11,GO_Biological_Process_2023,prerank,Sterol Homeostasis (GO:0055092),-0.35154899338834905,-0.9288152173221603,0.5742049469964664,1.0,1.0,20/73,15.83%,NPC1L1;ACSM3;APOM;MINAR2;ABCG4;CNBP;SIRT1;ANGPTL3;CAV3;LIPG;SOAT1;ABCA5;ABCG8;MTTP;APOE;EPHX2;LIMA1;NPC1;ABCG1;DISP3
KBTBD11,GO_Biological_Process_2023,prerank,Positive Regulation Of Oxidoreductase Activity (GO:0051353),-0.43554612453634844,-0.9288127328761763,0.5434782608695652,1.0,1.0,8/23,20.81%,AGT;FDX2;NOD2;POR;PDP2;PPM1M;PPM1H;FXN
KBTBD11,GO_Biological_Process_2023,prerank,"G Protein-Coupled Receptor Signaling Pathway, Coupled To Cyclic Nucleotide Second Messenger (GO:0007187)",0.3642002597303028,0.928809406067436,0.59375,1.0,1.0,12/50,12.34%,MC1R;CHRM1;HTR4;HTR1E;HTR2C;CHRM5;DRD4;LPAR3;MTNR1A;HTR7;NPY1R;HTR1F
KBTBD11,GO_Biological_Process_2023,prerank,Response To cAMP (GO:0051591),0.38071164203350516,0.9287330860812449,0.5650224215246636,1.0,1.0,8/37,14.19%,AQP8;DUOX1;HCN2;AKAP6;NDUFS4;EZR;KCNQ1;RAP1A
KBTBD11,GO_Biological_Process_2023,prerank,Positive Regulation Of DNA Replication (GO:0045740),-0.4527672866370244,-0.9282803169582852,0.5567765567765568,1.0,1.0,10/18,20.84%,GLI1;NPM2;EGF;SMARCA5;BCAR3;STON1;BRPF3;KAT7;DHX9;PCNA
KBTBD11,GO_Biological_Process_2023,prerank,Nitric Oxide Metabolic Process (GO:0046209),-0.4675692497250229,-0.9281694463180056,0.5610687022900763,1.0,1.0,10/16,20.64%,SPR;NOS2;MTARC2;GCH1;CPS1;SLC7A6;NOS1;NQO1;ARG2;CYB5B
KBTBD11,GO_Biological_Process_2023,prerank,Inositol Phosphate-Mediated Signaling (GO:0048016),-0.45682954739928316,-0.9278063726643992,0.5410447761194029,1.0,1.0,8/19,26.83%,PPP3CC;DHX8;NFATC3;NFATC4;PLCE1;PPP3R1;NFATC2;INPP5A
KBTBD11,GO_Biological_Process_2023,prerank,Mitotic Cell Cycle Phase Transition (GO:0044772),-0.3342236788860441,-0.9274833598926262,0.6157989228007181,1.0,1.0,41/111,22.03%,WEE1;EIF4EBP1;ENSA;GSPT1;CCNB3;HINFP;CHEK2;CCNI2;CDK2;BRSK1;CCNJ;UBE2C;CCNB1;TAF2;DNM2;CCNE2;CHMP4A;CCNI;CCNE1;CUL1;RCC1;USH1C;CUL5;CDC34;PPP2R2D;MASTL;CTDP1;CDK14;CDK4;CACUL1;BRSK2;E2F1;CUL4B;LCMT1;CUL2;CCNF;SPDYA;PLK3;CUL4A;CLASP1;CDC27
KBTBD11,GO_Biological_Process_2023,prerank,Cellular Response To Fibroblast Growth Factor Stimulus (GO:0044344),-0.3644487535169583,-0.9274001234918416,0.6026615969581749,1.0,1.0,9/55,10.90%,FGF21;FLRT3;FGF9;FGF1;FGF8;FLRT2;FRS3;FGF22;CHURC1
KBTBD11,GO_Biological_Process_2023,prerank,Regulation Of Sodium Ion Transport (GO:0002028),-0.39248944985024964,-0.927400079222399,0.5484496124031008,1.0,1.0,18/35,27.12%,WNK4;SPTBN4;NEDD4;P2RX7;PRSS8;WNK1;SCN4B;NOS1;YWHAH;FGF12;P2RX4;SLMAP;NKAIN2;NKAIN3;SCN3B;SNTA1;SIK1;PKP2
KBTBD11,GO_Biological_Process_2023,prerank,Protein Destabilization (GO:0031648),-0.38867268015295836,-0.925908261771825,0.576427255985267,1.0,1.0,13/36,21.00%,SERF1A;SIRT6;IRGM;SIRT1;MUL1;HTT;CAPN3;EP300;GSN;PRKN;SNCA;RNF139;CCDC88C
KBTBD11,GO_Biological_Process_2023,prerank,Modified Amino Acid Transport (GO:0072337),0.39782562906854896,0.9256764222718633,0.577962577962578,1.0,1.0,9/29,15.81%,SLC6A13;SLC25A15;SLC46A1;SLC6A8;SLC25A29;SLC66A1;SLC5A6;SLC22A2;SLC25A32
KBTBD11,GO_Biological_Process_2023,prerank,Negative Regulation Of Leukocyte Activation (GO:0002695),-0.45796544071385226,-0.9256463272526574,0.5650485436893203,1.0,1.0,4/17,12.96%,CD33;GPER1;CD300A;ZC3H12A
KBTBD11,GO_Biological_Process_2023,prerank,DNA-templated DNA Replication (GO:0006261),0.344321292760123,0.9256107964379608,0.5859728506787331,1.0,1.0,23/69,17.44%,RPA4;MGME1;ORC4;RFC1;MCM3;PURA;ORC2;ORC6;DNA2;GINS1;POLB;RRM1;RECQL;WDR18;POLD3;TWNK;TOPBP1;RFC4;BLM;RRM2B;PRIM1;RFC3;REV3L
KBTBD11,GO_Biological_Process_2023,prerank,Epithelial Tube Morphogenesis (GO:0060562),0.38824468632836473,0.9253356915758347,0.5597345132743363,1.0,1.0,8/33,14.59%,RHOB;MESP1;NKX3-1;LHX1;CSNK2B;SCRIB;GLI2;CTNNB1
KBTBD11,GO_Biological_Process_2023,prerank,Negative Regulation Of Lipid Metabolic Process (GO:0045833),0.4097293797827791,0.9253287509095586,0.5743801652892562,1.0,1.0,6/26,12.77%,UGT1A8;ADRA2A;PDE3B;PPP2R5A;CEACAM1;CCDC3
KBTBD11,GO_Biological_Process_2023,prerank,Hydrogen Peroxide Catabolic Process (GO:0042744),-0.4451557207258746,-0.925258174169491,0.5520628683693517,1.0,1.0,5/20,20.11%,HBQ1;HBZ;PRDX5;GPX1;GPX3
KBTBD11,GO_Biological_Process_2023,prerank,Positive Regulation Of DNA-binding Transcription Factor Activity (GO:0051091),0.2938228609187052,0.9250946438097262,0.7222222222222222,1.0,1.0,81/244,19.84%,NKX6-1;TLR2;IL6;IKBKE;DDIT3;TRIM68;TRIM34;LPAR5;NHLH2;PARK7;AKR1B1;COPS5;TRIM25;BTK;DVL2;HSF1;RELN;RIPK1;TRAF1;CRTC3;TRIM37;CD200;ARHGEF5;IL18;CAMK1D;TRIM32;RIPK4;TRAF2;FZD4;SMARCB1;UBE2V1;ARID5B;NOD1;IKBKB;SMAD3;EDA2R;TRIM6;TRIM27;CD40;PSMA6;ZIC2;FER;TRIM21;EIF2AK2;CLOCK;PRKCI;RNF25;RAB7B;TRIM62;SMARCA4;VEGFA;UBE2N;CTNNB1;TFRC;PPIA;MTDH;RNF31;MAP3K7;WNT5A;TIRAP;EDA;PIDD1;CAV1;ESR1;RPS6KA5;PLPP3;MID2;ATF2;CAMK2A;IL18R1;KDM1A;CX3CL1;JUP;ERC1;CLU;TRIM8;SLCO3A1;AKT1;LAMTOR5;IRAK3;DDR2
KBTBD11,GO_Biological_Process_2023,prerank,Organelle Fusion (GO:0048284),-0.41957603578652036,-0.9250099118855032,0.563302752293578,1.0,1.0,12/26,23.87%,MFF;STX4;GDAP1;MIEF1;USP30;MFN2;CIDEB;RCC1L;VPS18;THG1L;MCL1;MIGA2
KBTBD11,GO_Biological_Process_2023,prerank,Cellular Response To Tumor Necrosis Factor (GO:0071356),-0.3275021107000426,-0.9249284496967203,0.6368613138686131,1.0,1.0,26/117,18.67%,CCL25;TRADD;XCL1;GATA3;PYDC1;NPNT;TNFSF11;SIRT1;GPER1;TRAF5;LRRK2;SMPD4;CARD14;ZC3H12A;GSDME;TNFRSF21;TP53;PTK2B;RRAGA;TDGF1;BIRC2;ADAMTS12;CACTIN;EIF5A;CHUK;DAB2IP
KBTBD11,GO_Biological_Process_2023,prerank,Positive Regulation Of Protein Localization (GO:1903829),0.33234052914268464,0.9247858543580125,0.6132723112128147,1.0,1.0,34/85,22.42%,PARP9;LIF;CCDC88A;PARK7;MAP1A;CEP295;TYK2;NGFR;RIC3;TCF7L2;RTN4;GSK3B;CEP120;GNL3L;TFRC;DTX3L;FYN;NLGN2;ENTR1;LIMK2;WNT5A;CDK5RAP3;BICD1;CENPJ;NECAB2;PDZK1;GNL3;RANGRF;AKT1;LAMTOR5;TRAPPC12;SYT11;CEP250;STX3
KBTBD11,GO_Biological_Process_2023,prerank,Regulation Of mRNA Metabolic Process (GO:1903311),-0.47577773440498716,-0.9245805679225193,0.5636704119850188,1.0,1.0,9/15,23.27%,SRPK1;RBM8A;SAFB;SAFB2;PTCD2;MAGOHB;DHX9;SLTM;NCBP1
KBTBD11,GO_Biological_Process_2023,prerank,Epithelial Structure Maintenance (GO:0010669),0.4415230966498011,0.9242837767388147,0.5767634854771784,1.0,1.0,6/19,19.49%,MUC6;VSIG1;ILDR1;LSR;TFF3;STRAP
KBTBD11,GO_Biological_Process_2023,prerank,Regulation Of Aerobic Respiration (GO:1903715),-0.4626236343160617,-0.9239863640240721,0.5633561643835616,1.0,1.0,8/16,26.25%,IDE;AK4;ARL2;UQCC2;SHMT2;SLC25A33;NOP53;VCP
KBTBD11,GO_Biological_Process_2023,prerank,Protein Targeting To Vacuole (GO:0006623),-0.3950670033474911,-0.9234713306377383,0.5931558935361216,1.0,1.0,15/33,25.40%,SQSTM1;IRGM;RAB7A;NEDD4;AP3M1;VPS37B;PXK;VPS37C;PIK3R4;ATG14;SNX16;M6PR;VPS13D;AP4M1;SORL1
KBTBD11,GO_Biological_Process_2023,prerank,Synaptic Vesicle Cycle (GO:0099504),-0.3927125719161276,-0.9229459174912544,0.5851851851851851,1.0,1.0,16/37,25.05%,SNAP25;CPLX4;OTOF;BRSK1;SLC18A2;SLC17A6;AP3S2;DNAJC5;SNAPIN;CDK5;SNCA;CPLX2;VAMP2;GIT2;GIT1;STX1A
KBTBD11,GO_Biological_Process_2023,prerank,Mitochondrial Membrane Organization (GO:0007006),0.3942828796867313,0.9229385026677243,0.5428571428571428,1.0,1.0,17/32,25.15%,CIBAR1;CHCHD3;GHITM;LETM1;OPA1;BAD;PPIF;HSPA9;CHCHD6;MTX1;TMEM11;MTX3;PMAIP1;MAIP1;BNIP3;BCL2;SAMM50
KBTBD11,GO_Biological_Process_2023,prerank,Negative Regulation Of Gene Expression (GO:0010629),-0.29483361972844196,-0.9225884879035007,0.7205387205387206,1.0,1.0,95/336,19.63%,SLFN14;SDR16C5;PIWIL3;WNT4;CHMP1A;EXD1;PGR;RGCC;SIRT6;POU4F1;LARP1;PARP10;FOXP3;NOS2;SIRT1;TIPARP;NANOS3;INSL6;BMP2;GPER1;NLRP12;DXO;TGFB2;CRKL;ZAR1L;MSR1;HINFP;TNRC6B;NHLRC1;ATP2B1;ILF3;TIA1;MYADM;RPS6KA4;CNOT7;APOE;AMH;SMAD5;PATL2;RNH1;LRP1;EMILIN1;RACK1;STAT3;CHD4;NOTCH1;CLEC4A;DIS3L2;PARP14;GIGYF2;NUDT16L1;DDX6;NHLRC3;MAPT;ZC3H12A;ZNF148;GAPDH;BMI1;SLC24A3;PDCD10;RBMS3;CREBZF;CSNK2A1;ENG;PIWIL4;NOCT;TDRD1;SH3GL2;GRB7;SNX12;RIDA;YAP1;OVOL2;GPNMB;CREB3L1;RPS13;OLFM1;STC2;IGF2BP2;TERT;FXR1;IGFBP5;CNOT9;SORD;DHFR;TRIM3;ROCK2;FBXW7;PRKN;AGO4;FGF19;CITED2;ENC1;ERP29;WWP2
KBTBD11,GO_Biological_Process_2023,prerank,Positive Regulation Of B Cell Proliferation (GO:0030890),-0.41473355136095,-0.9225237502013919,0.5638686131386861,1.0,1.0,6/29,13.82%,CHRNB2;IRS2;CD320;TNFRSF13C;CD81;CD74
KBTBD11,GO_Biological_Process_2023,prerank,Regulation Of Ubiquitin-Dependent Protein Catabolic Process (GO:2000058),-0.37827854961314433,-0.9223373307634258,0.5725047080979284,1.0,1.0,12/42,20.42%,PTK2;CAV3;HFE;QRICH2;CSNK2A1;PTK2B;COMMD1;MAGEF1;CSNK2A2;FBXW7;L3MBTL3;RNF139
KBTBD11,GO_Biological_Process_2023,prerank,Atrioventricular Valve Morphogenesis (GO:0003181),-0.4408940343968886,-0.9218727065925976,0.5722222222222222,1.0,1.0,8/19,16.82%,BMPR2;BMP2;TGFB2;SMAD6;NOTCH1;TGFBR2;OLFM1;SOX4
KBTBD11,GO_Biological_Process_2023,prerank,Pore Complex Assembly (GO:0046931),0.4438037317257649,0.9216214008269665,0.5840163934426229,1.0,1.0,10/18,17.53%,NUP153;TMEM170A;TPR;NUP205;RTN4;NUP98;ANO6;BAD;NUP93;NDC1
KBTBD11,GO_Biological_Process_2023,prerank,Proteolysis (GO:0006508),-0.2954800715363229,-0.9214554190290681,0.726962457337884,1.0,1.0,71/324,17.48%,CTRC;TMPRSS7;F7;ADAMTS15;CTSS;PRSS50;ENDOU;TINAGL1;TMPRSS6;PRSS21;ANPEP;CPE;ADAMTS14;RNPEP;BACE1;MMP9;MMP24;ADAM12;HGF;ADAM28;NAPSA;CPA2;IDE;PROC;TMPRSS4;CTSB;PCSK5;FCN3;CAPN2;CAPNS1;KLK4;APH1B;CPXM1;ADAMTS3;TMPRSS11D;ADAMTS16;FBXL6;CLPP;NPEPL1;ERMP1;XPNPEP3;KLK14;CAPN11;PHEX;ADAM15;CASP7;APH1A;OGT;CAPN3;ADAMTS9;CTSK;ADAMTS19;FBXO6;HM13;ADAM22;DPP4;TMPRSS5;CTSA;PSEN2;ATG4C;RSPRY1;BACE2;ADAMTS20;PCSK4;CUL7;PCSK2;ZMPSTE24;METAP2;FBXW2;ADAMTS12;TASP1
KBTBD11,GO_Biological_Process_2023,prerank,Negative Regulation Of Osteoblast Differentiation (GO:0045668),0.3924357893710804,0.9208309730542159,0.584051724137931,1.0,1.0,8/32,13.05%,GDF10;TWIST1;TNN;GREM1;TWIST2;SOX9;SUFU;RIOX1
KBTBD11,GO_Biological_Process_2023,prerank,Axon Development (GO:0061564),0.3273840895067367,0.9207103140985842,0.6353211009174312,1.0,1.0,32/99,21.13%,ISL1;S100B;RTN4RL1;GPM6B;NTNG1;NEFH;MAP1A;LLGL1;SLC25A46;NTNG2;SLITRK4;S100A6;ARHGAP35;RTN4;RYK;FGFR2;CTNNA2;ATOH1;ZDHHC17;DCC;SEMA5A;AFG3L2;TRIM46;MGARP;RAB3A;PLP1;TAOK2;CRTAC1;GRM7;MAP1B;APLP2;KLF7
KBTBD11,GO_Biological_Process_2023,prerank,Positive Regulation Of Macromolecule Biosynthetic Process (GO:0010557),0.31613509349067853,0.9206838108613898,0.6651685393258427,1.0,1.0,42/122,20.99%,CD28;TLR2;IL33;IL6;NOX1;PIWIL2;SLC25A37;AZU1;SORBS1;METTL3;AKR1B1;NLRC5;NAMPT;RPS27L;UPF3B;PPP1R3E;NFKB1;SSB;ZCCHC4;IRS1;METTL14;HNRNPD;KLF4;PLXNB2;PCIF1;RFX5;FGFR4;PDGFB;YTHDF1;VIM;KDR;FXR2;PRKDC;FGF2;IGF1;THBS1;AKT1;ELAVL1;INSR;SMOC2;EIF4A3;LDB1
KBTBD11,GO_Biological_Process_2023,prerank,Regulation Of Neurogenesis (GO:0050767),0.3429725592298263,0.9206249856930968,0.5919395465994962,1.0,1.0,29/67,23.58%,ASCL1;IL6;HES2;PER2;HES3;TRIM32;HEYL;REST;B2M;SERPINF1;HES6;DYNLT1;CTNNB1;LIG4;FAIM;PRUNE1;RASSF10;CX3CL1;S100A10;NF2;APLP2;DLL1;HEY1;YTHDF2;NUMB;NUMBL;MBD1;SPEN;HLTF
KBTBD11,GO_Biological_Process_2023,prerank,Positive Regulation Of Natural Killer Cell Activation (GO:0032816),-0.4513691650846026,-0.9205917065615029,0.5592592592592592,1.0,1.0,6/18,19.28%,IL23R;TICAM1;TICAM2;HLA-F;HLA-E;GAS6
KBTBD11,GO_Biological_Process_2023,prerank,Regulation Of rRNA Processing (GO:2000232),0.4594576641423063,0.9203182961524656,0.5648535564853556,1.0,1.0,10/15,26.95%,HEATR1;KAT2B;TRMT112;RIOK2;YTHDF2;RIOK1;UTP15;WDR43;DIMT1;NUDT16
KBTBD11,GO_Biological_Process_2023,prerank,Regulation Of Cellular Biosynthetic Process (GO:0031326),-0.34922561754175635,-0.9199418244802575,0.6159554730983302,1.0,1.0,28/70,23.12%,NR1H4;SIRT1;NANOS3;PKP3;MFSD12;MSI1;RBM4B;MSI2;EIF6;JADE2;NOLC1;CTNS;ING5;ELP6;ING4;STC2;METTL18;CD47;GCN1;KAT7;RBM3;ELP2;SIRPA;METAP1;EIF2S1;JADE1;ELP3;TM9SF2
KBTBD11,GO_Biological_Process_2023,prerank,Receptor-Mediated Endocytosis (GO:0006898),-0.3269652218159666,-0.9198508626145891,0.6448763250883393,1.0,1.0,44/122,22.37%,CLTA;ITGB2;LRP1B;EPS15;ASGR1;MSR1;ITGAM;NEDD4;CD81;CXCR2;AP2A1;APOE;ACKR3;LRP1;HIP1R;RAMP3;PI4KB;DNM2;LRP6;STAB2;DNM1;SFTPD;STON1;RALB;DPP4;TPCN2;RABEPK;AP2M1;RAB31;DAB2;DNM3;LMBR1L;NLGN3;TFR2;ARHGAP27;SNCA;CALCRL;PDLIM7;ARRB2;PIKFYVE;M6PR;DNAJC13;GRB2;AP2A2
KBTBD11,GO_Biological_Process_2023,prerank,Sensory Perception Of Chemical Stimulus (GO:0007606),-0.3424572937375831,-0.9191385991342178,0.6079854809437386,1.0,1.0,5/82,15.85%,OR3A2;OR52A5;C5AR1;OR6A2;BEST2
KBTBD11,GO_Biological_Process_2023,prerank,Carbohydrate Derivative Biosynthetic Process (GO:1901137),0.39894004484100676,0.9189803334645634,0.55119825708061,1.0,1.0,17/29,27.97%,GAL3ST2;ST8SIA6;ALG8;TNIP1;RRM1;RRM2;RRM2B;ALG11;DDR2;GK5;G6PD;GBGT1;B3GNT5;B4GALT5;B4GAT1;GALK2;GCNT1
KBTBD11,GO_Biological_Process_2023,prerank,Regulation Of Fatty Acid Oxidation (GO:0046320),0.44669380286355825,0.9189753242986443,0.5592233009708738,1.0,1.0,6/16,14.00%,MLYCD;SOX9;SIRT4;LONP2;KLHL25;PRKAG2
KBTBD11,GO_Biological_Process_2023,prerank,Homophilic Cell Adhesion Via Plasma Membrane Adhesion Molecules (GO:0007156),0.3511203121713883,0.918943055565244,0.6231578947368421,1.0,1.0,15/60,12.71%,IGSF11;MPZL2;CDH17;TRO;TENM3;ITGB1;SDK1;ROBO1;CNTN2;NPTN;CADM4;ROBO3;IGSF9;CELSR2;CEACAM1
KBTBD11,GO_Biological_Process_2023,prerank,Negative Regulation Of Type I Interferon Production (GO:0032480),-0.38895689485545276,-0.918760090358446,0.5855855855855856,1.0,1.0,13/38,24.08%,XAF1;IRGM;NLRC3;KLHL22;RNF216;DHX58;UFD1;ILRUN;CACTIN;SIRPA;CYLD;GPATCH3;TRAF3IP1
KBTBD11,GO_Biological_Process_2023,prerank,Negative Regulation Of Nucleic Acid-Templated Transcription (GO:1903507),-0.28483664724334923,-0.9184741783946577,0.7864077669902912,1.0,1.0,143/455,21.24%,HAND1;PASD1;PAX2;ZNF350;TMPRSS6;WNT4;CALCA;TBX3;FOXL2;SPACDR;LBH;MTA3;XCL1;ZBTB16;TFDP2;GATA3;CDKN2A;FOXP3;NR1I2;SIRT1;GCFC2;TRIB3;BMP2;ZNF219;CRY1;KAT5;SUMO4;ZBED6;RCOR1;HINFP;HDAC3;ZMYND15;HHEX;MYB;ZNF174;SBNO2;ILF3;CCAR2;TAF7;ZNF703;L3MBTL1;CTCF;FOXK2;CNOT7;CIART;XRCC6;ZBTB4;CEBPA;TP63;CHD4;DNMT3A;ZNF746;NOTCH1;KLF10;HEXIM2;RNF2;HMGA1;RLIM;NACC2;ZNF148;NKRF;ENO1;SNW1;CBX3;PBXIP1;XRCC5;CENPF;CAPN3;CITED1;DPEP1;CREBZF;NCOR1;TP53;KAT6B;HMBOX1;PA2G4;ZNF318;HDAC4;DEDD2;NR3C1;PFDN5;HMGB2;RSF1;NDUFA13;ZNF568;SMARCA2;TLE1;CREB3L1;QARS1;SPINDOC;ING4;RRP8;BCL3;GCLC;TIMELESS;DAP;SMARCE1;BHLHE41;RBM15B;YWHAQ;CHD3;ELK3;BCL6;HEXIM1;SNX6;ZFPM2;MTA2;HSPA8;ZNF24;ATP8B1;DAB2IP;NR1D2;TFAP4;E2F1;YEATS2;NACC1;CITED2;GAS6;VGLL4;WWP2;KAT6A;ZP3;L3MBTL3;ZSCAN10;SMAD4;TGFB1;ATF5;CDK5;PRMT2;ZBTB7A;RARA;LOXL3;HES1;ZNF282;HDAC10;CBY1;MLX;MTA1;ELF3;MEN1;ZFTA;ZNF639;SOX7
KBTBD11,GO_Biological_Process_2023,prerank,Negative Regulation Of Epithelial Cell Apoptotic Process (GO:1904036),0.37947801343269294,0.9183775593217426,0.6043478260869565,1.0,1.0,8/38,18.03%,TNFAIP3;NDNF;KRIT1;RAMP2;IL11;TCF7L2;SEMA5A;KDR
KBTBD11,GO_Biological_Process_2023,prerank,Positive Regulation Of Axonogenesis (GO:0050772),-0.38510875199908773,-0.9183619655171927,0.6058931860036832,1.0,1.0,13/38,20.45%,SEMA7A;MAP3K13;PLXNA2;ISLR2;SLITRK1;NTRK2;GOLGA4;MAPT;BDNF;PLXNB1;PLXND1;CDKL5;LIMK1
KBTBD11,GO_Biological_Process_2023,prerank,Phospholipid Metabolic Process (GO:0006644),0.3429179096707257,0.9178210781771371,0.6080178173719376,1.0,1.0,17/69,16.86%,PLA2G10;OC90;LCAT;PLA2G5;PNLIPRP2;PLPP6;PLA2G3;LCP1;PIP4P1;SMPD2;AGPAT1;CLN8;ABHD12;PLA2G4C;PIP5K1A;PLA2G15;PLPP3
KBTBD11,GO_Biological_Process_2023,prerank,Positive Regulation Of Cholesterol Transport (GO:0032376),-0.401798743462773,-0.9172649004284986,0.5812619502868069,1.0,1.0,6/31,11.59%,SIRT1;LIPG;ABCA5;APOE;LRP1;PLTP
KBTBD11,GO_Biological_Process_2023,prerank,Regulation Of JNK Cascade (GO:0046328),0.316036508465818,0.9171700798983494,0.6781609195402298,1.0,1.0,41/110,22.62%,TNFRSF19;SERPINF2;AMBP;COPS5;SDCBP;SH3RF3;DUSP10;MBIP;RIPK1;TRAF1;GPS2;TAOK1;TRAF2;RASGRP1;EDA2R;MAP4K2;MAP3K5;HRAS;FKTN;DACT1;PHLPP1;TIRAP;EGFR;MAPK8IP2;PLCB1;TAOK2;GADD45A;PINK1;UNC5CL;MECOM;ZNF622;FLT4;TGFBR3;PER1;GADD45G;MARVELD3;MDFIC;HIPK2;ZMYND11;IGF1R;MAPK8IP3
KBTBD11,GO_Biological_Process_2023,prerank,Vesicle Cytoskeletal Trafficking (GO:0099518),-0.3903910853964415,-0.9170672306722143,0.5819209039548022,1.0,1.0,12/39,17.16%,MYO1B;MYO1A;BICDL1;HTT;MYO5A;MYO1F;MYO6;MYO1C;MYO5B;PAFAH1B1;KIF1A;APEX1
KBTBD11,GO_Biological_Process_2023,prerank,Positive Regulation Of Supramolecular Fiber Organization (GO:1902905),0.32695897784436306,0.9170320668324438,0.6558891454965358,1.0,1.0,36/95,20.06%,EFEMP2;SYNPO2L;VIL1;USP8;LMOD1;CDC42EP5;MAPRE1;COLGALT1;PDXP;NCKAP1;DRG1;SNX9;BIN1;CDC42EP2;FCHSD1;STMN2;CLIP1;CDK5RAP2;RB1;FER;TRPV4;SEMA5A;KATNB1;TNXB;MYLK3;FCHSD2;CTTN;CX3CL1;MTSS1;PFN1;PFN2;NAV3;CLU;ANKRD53;PROX1;DCTN1
KBTBD11,GO_Biological_Process_2023,prerank,Calcium Ion Transmembrane Transport (GO:0070588),0.33585109047694767,0.916602925817487,0.6013824884792627,1.0,1.0,32/80,20.35%,ATP2A1;TRPM5;TRPM1;TRPV5;ATP2B3;TRPV3;NALCN;MCOLN3;TRPC3;TRPA1;SLC8A3;MICU1;SLC35G1;GHITM;ATP2B4;LETM1;TRPM7;TRPC4AP;SLC8A2;MCUR1;TRPV4;SLC8A1;SLC24A2;MCU;MICU2;SLC24A1;GRIN1;CLU;MCUB;TMCO1;CACNA1C;ATP2A2
KBTBD11,GO_Biological_Process_2023,prerank,Adenylate Cyclase-Activating Adrenergic Receptor Signaling Pathway (GO:0071880),-0.46491959402756056,-0.9165445361011563,0.5655430711610487,1.0,1.0,5/15,18.93%,ADRA2B;DRD3;AKAP13;ADRA1D;RAPGEF2
KBTBD11,GO_Biological_Process_2023,prerank,Regulation Of Cell Cycle G2/M Phase Transition (GO:1902749),-0.449601554046032,-0.9164441384473712,0.5615942028985508,1.0,1.0,9/18,20.25%,NEK10;CDK2;CCNQ;CENPF;TP53;ING4;CDK4;KCNH5;ATF5
KBTBD11,GO_Biological_Process_2023,prerank,Response To Metal Ion (GO:0010038),-0.35722964886539155,-0.9160031276142112,0.6060606060606061,1.0,1.0,23/64,20.85%,TRPV6;SLC30A2;SLC30A4;CALM2;HFE;CALM3;NEDD4;IL1A;PPP5C;PLSCR1;D2HGDH;MAPT;CAPN3;PEF1;SLC25A12;PDCD6;ATP5F1D;TTN;ATP7B;TFR2;SNCA;FXN;PPP1CA
KBTBD11,GO_Biological_Process_2023,prerank,Positive Regulation Of Cell Differentiation (GO:0045597),-0.29110578470689313,-0.9159567936983543,0.7512355848434926,1.0,1.0,77/283,20.32%,PAX2;AGT;ADIRF;WNT4;SCUBE3;GDF6;TACSTD2;MYF6;RARRES2;GDF3;RGCC;IGFBP3;SIRT6;PTK2;MAPK12;BMPR2;ZBTB16;PLA2G2A;NPNT;DPF3;HGF;BMP2;FGF8;ADRA2B;MMD2;KAT5;CRB2;SMARCD3;TGFB2;LRG1;MSR1;ZNF703;RANBP3L;SMARCD2;SRF;ZC4H2;DPF1;CAMK1;TP63;LRRC8A;IMPACT;TMEM64;ZC3H12A;TGFBR2;RIN2;RIPOR2;PA2G4;GLIPR2;NOCT;YAP1;ACTB;CARM1;ARID1A;ACTL6B;SMARCA2;DNAI3;SLC6A6;BMP6;OLFM1;SOX4;SMARCE1;DAB2;AKIRIN1;BTG1;WWTR1;MDK;SMARCC1;RAPGEF2;PTN;GPC1;VWC2;MEF2C;FERMT2;NID1;SMAD4;TGFB1;MTCH2
KBTBD11,GO_Biological_Process_2023,prerank,Pharyngeal System Development (GO:0060037),-0.4560779599864934,-0.9159502331506567,0.5705996131528046,1.0,1.0,3/16,7.90%,BMPR2;GATA3;TGFB2
KBTBD11,GO_Biological_Process_2023,prerank,Establishment Of Protein Localization To Plasma Membrane (GO:0061951),-0.3902254969834486,-0.9158092089284227,0.5981308411214953,1.0,1.0,20/37,26.29%,ATP6AP1;RAB7A;SPTBN1;OPTN;GOLGA4;GOLPH3;PHAF1;GGA1;VAMP5;GOLPH3L;RAB31;RAB26;BBS1;BBS2;RAB10;VAMP2;NSF;NECTIN3;RILPL2;RAB34
KBTBD11,GO_Biological_Process_2023,prerank,Ceramide Metabolic Process (GO:0006672),0.35673586982079114,0.9157400569289897,0.5681818181818182,1.0,1.0,19/54,17.05%,ACER1;ALOXE3;FUT3;SPTLC1;SAMD8;CEL;SMPD2;FA2H;CERK;SPTLC2;CLN8;CERS2;DEGS1;PLA2G15;ORMDL2;CERS6;ABCA2;PLPP3;SPTLC3
KBTBD11,GO_Biological_Process_2023,prerank,Receptor Signaling Pathway Via STAT (GO:0097696),-0.3978153992902763,-0.9154148019910456,0.5867158671586716,1.0,1.0,10/31,19.43%,THPO;STAT3;PIAS1;MYO1C;PKD2;STAT5A;GHR;JAK1;IFNAR1;CSF2RA
KBTBD11,GO_Biological_Process_2023,prerank,Neuron Differentiation (GO:0030182),-0.3080295268658355,-0.9153948274996402,0.685374149659864,1.0,1.0,38/171,20.32%,RNF112;NOTO;EPHA5;OTP;BHLHA15;WNT2B;INHBA;WNT4;FGF8;FZD1;NTRK2;TGFB2;IRX1;PHOX2A;WNT3;NGRN;USH2A;BRSK1;SRF;ALK;PBX4;RUNX3;PIN1;WNK1;LRP6;IER2;DDIT4;NIF3L1;CDNF;SOX4;ERCC3;EMX1;BRSK2;TENM1;MEF2C;THOC2;CDK5;PCSK9
KBTBD11,GO_Biological_Process_2023,prerank,Peptidyl-Threonine Phosphorylation (GO:0018107),0.34900783405564867,0.9150711493503427,0.6247240618101545,1.0,1.0,26/58,23.46%,MYLK2;CDK10;STK39;DYRK1B;TTBK1;CSNK2B;HIPK3;CHEK1;WNK3;GSK3B;GPI;ROCK1;PRKCA;MAPK1;PRKCD;ATF2;PRKDC;CAMK2A;TNKS;AKT1;DYRK3;PRKD1;HIPK2;TAF1;TGFBR1;OXSR1
KBTBD11,GO_Biological_Process_2023,prerank,Regulation Of Cell Migration Involved In Sprouting Angiogenesis (GO:0090049),0.3992924989515871,0.9149165956012562,0.5870967741935483,1.0,1.0,9/30,19.55%,DLL4;RHOA;PIK3C2A;VEGFA;KLF4;MAP2K5;KDR;FGF2;THBS1
KBTBD11,GO_Biological_Process_2023,prerank,"RNA Splicing, Via Transesterification Reactions With Bulged Adenosine As Nucleophile (GO:0000377)",0.3006085986424609,0.9148402602361597,0.7419354838709677,1.0,1.0,56/177,18.13%,LSM3;RBM6;TXNL4A;HNRNPA3;CWC27;HNRNPA2B1;METTL3;SNRPN;SF3A3;HNRNPH3;SYNCRIP;SF3B1;RNF113A;GEMIN7;NOVA1;PABPC1;CWC25;DDX41;CDC5L;DHX38;DDX5;MAGOH;PRPF38A;U2AF1L4;SRSF12;ESS2;SF3B3;LSM5;CWF19L1;SRRM1;PLRG1;U2AF2;SLU7;SYF2;LSM2;RBMX2;RNPC3;SNRNP40;METTL14;CWF19L2;RBM4;PRPF3;SNRPG;DBR1;SRSF9;HNRNPU;DHX16;SNRPF;TRA2A;SNRNP27;SNRPD1;SF3B6;USP39;EFTUD2;GEMIN5;SRSF8
KBTBD11,GO_Biological_Process_2023,prerank,Innate Immune Response Activating Cell Surface Receptor Signaling Pathway (GO:0002220),-0.4039980427026896,-0.9147366581061188,0.5850467289719626,1.0,1.0,6/29,16.81%,SRC;CLEC6A;FCN3;LYN;PAK1;EP300
KBTBD11,GO_Biological_Process_2023,prerank,Regulation Of Rho Protein Signal Transduction (GO:0035023),0.33939324437100143,0.9146350298364374,0.6478260869565218,1.0,1.0,20/73,15.98%,ABRA;RTN4R;SYNPO2L;APOA1;EPS8L2;ABL1;MYO9B;ROBO1;LPAR1;CCDC125;PRAG1;ARHGAP35;ABL2;EPS8;KANK2;DYNLL1;KANK1;RAF1;KCTD10;GPR18
KBTBD11,GO_Biological_Process_2023,prerank,Protein Sumoylation (GO:0016925),0.3619586953418572,0.9146118647748293,0.6173120728929385,1.0,1.0,14/45,14.34%,PIAS3;EID3;MDM2;CBX4;SAE1;PIAS2;ZMIZ1;NSMCE2;TRIM27;EYA1;SMC6;SENP5;TOPORS;RANBP2
KBTBD11,GO_Biological_Process_2023,prerank,Regulation Of TOR Signaling (GO:0032006),-0.34215386532216413,-0.9145109691153591,0.6166077738515902,1.0,1.0,24/76,21.43%,TNFAIP8L1;TMEM127;SIRT1;HDAC3;RRAGC;TSC2;MIOS;GOLPH3;PIH1D1;ITFG2;SEC13;DDIT4;RRAGA;TBCK;TELO2;LAMTOR4;GSK3A;NPRL3;ENDOG;PDCD6;GAS6;WDR59;DGKQ;NUAK2
KBTBD11,GO_Biological_Process_2023,prerank,Protein Localization To Cell Periphery (GO:1990778),-0.3164340453665761,-0.9143116513310446,0.6449814126394052,1.0,1.0,61/138,26.46%,PRAM1;CACNB3;FYB2;ARL3;ZDHHC22;CAV3;ATP1B3;PKP3;SPTBN4;MYO5A;RAB3C;CD81;MYADM;SPTBN1;RAMP3;PSMD10;LRP6;PLEKHF1;STXBP1;TSPAN15;MRAP2;WDR72;PDZD11;ANK1;ROCK2;PACSIN1;PALS1;ATP1B1;TESC;RAPGEF2;GAS6;ACTN2;TTC7A;HYCC1;PIGW;RAP2A;F11R;SLMAP;RAB8B;PPIL2;EPB41L3;RAB10;LIN7C;TMEM150A;RAB8A;P2RY1;DPP6;CDH1;RAB11A;AP4M1;SEC16A;SCN3B;RAB40A;TSPAN14;TTC7B;TSPAN5;FCHO2;RAB34;ZDHHC3;RAB40B;KCNIP4
KBTBD11,GO_Biological_Process_2023,prerank,Myeloid Cell Development (GO:0061515),-0.41142226598459175,-0.9140911459625432,0.6077669902912621,1.0,1.0,5/27,9.13%,SRC;THPO;GP1BB;ATP6AP1;MYB
KBTBD11,GO_Biological_Process_2023,prerank,Positive Regulation Of p38MAPK Cascade (GO:1900745),-0.4289348654224904,-0.9140893515702402,0.6057142857142858,1.0,1.0,8/24,19.00%,GDF6;GADD45B;BMP2;PRMT1;ZC3H12A;SORD;MFHAS1;PJA2
KBTBD11,GO_Biological_Process_2023,prerank,Lipid Biosynthetic Process (GO:0008610),0.34024820732515065,0.9140810117744191,0.6340425531914894,1.0,1.0,22/71,22.78%,PRLR;ACSM1;CBR4;DHRS11;FASN;MLYCD;LCP1;AGPS;HSD17B3;CYP19A1;CLN8;PIP5K1A;HSD17B1;HSD17B8;IDI2;MCAT;NDUFAB1;SCP2;MVD;AGPAT5;LPCAT1;ACACA
KBTBD11,GO_Biological_Process_2023,prerank,Mitotic Spindle Assembly (GO:0090307),0.36918779137792157,0.9140485924919354,0.5893617021276596,1.0,1.0,13/44,15.94%,MISP;MAP10;KIF4A;ABRAXAS1;RHOA;ARHGEF10;CLASP2;ZNF207;CCDC61;OFD1;KIF23;AURKB;FLNA
KBTBD11,GO_Biological_Process_2023,prerank,Cellular Response To Type II Interferon (GO:0071346),0.3413520845956068,0.9138519950089895,0.596244131455399,1.0,1.0,13/64,20.39%,GBP6;TLR2;IRF1;SYNCRIP;TYK2;IFNGR1;CD58;WNT5A;CAMK2A;CX3CL1;SP100;AIF1;STAT1
KBTBD11,GO_Biological_Process_2023,prerank,Nuclear Export (GO:0051168),-0.37044819609185936,-0.9137085623800598,0.5918003565062389,1.0,1.0,19/48,20.24%,NUP42;ANKLE1;CHP1;CCHCR1;EGR2;RANBP3L;POM121L2;RANBP17;DDX39B;RANBP3;HNRNPA1;RITA1;NUP188;NUP62;NUP214;XPO7;POM121C;DDX39A;TGFB1
KBTBD11,GO_Biological_Process_2023,prerank,Ubiquitin-Dependent Protein Catabolic Process Via The Multivesicular Body Sorting Pathway (GO:0043162),-0.39767666098644316,-0.9137069204042413,0.6125954198473282,1.0,1.0,15/33,24.01%,TSG101;NEDD4;PTPN23;VPS37B;STAM2;CHMP4A;VPS25;VPS37C;VPS36;UBAP1L;CHMP3;CHMP5;RNF126;CHMP1B;CHMP2A
KBTBD11,GO_Biological_Process_2023,prerank,Regulation Of Release Of Sequestered Calcium Ion Into Cytosol (GO:0051279),-0.36509322060368765,-0.9135511598973788,0.6052141527001862,1.0,1.0,14/51,18.28%,CLIC2;XCL1;CALM2;LIME1;JPH4;GPER1;CALM3;F2;HRC;CAPN3;PTK2B;CEMIP;NOS1;F2R
KBTBD11,GO_Biological_Process_2023,prerank,Positive Regulation Of Plasma Membrane Bounded Cell Projection Assembly (GO:0120034),0.32542210012929507,0.9132288356287427,0.6794871794871795,1.0,1.0,35/87,24.94%,NEURL1;CCDC88A;PIK3R1;SAXO1;EPS8L2;AVIL;CDC42EP5;NCKAP1;TGFB3;CDC42EP2;ARHGAP35;GSK3B;BCAS3;EPS8;HRAS;CEP120;ENTR1;ACTR3;DEF8;PPP1R35;ARAP1;PFN1;WASHC1;ARPC2;MYO3B;CYFIP1;NDEL1;IFT88;TWF2;TENM2;FUZ;BRK1;PIK3CA;P2RY12;APC
KBTBD11,GO_Biological_Process_2023,prerank,Regulation Of Myeloid Cell Differentiation (GO:0045637),-0.4091729430255383,-0.9127792725837658,0.582089552238806,1.0,1.0,10/26,19.87%,ZBTB16;PURB;PRMT1;LYN;L3MBTL1;EIF6;PTK2B;CNOT4;LEO1;MEF2C
KBTBD11,GO_Biological_Process_2023,prerank,Central Nervous System Neuron Differentiation (GO:0021953),0.3974604853846282,0.9120567984522755,0.584070796460177,1.0,1.0,13/30,23.45%,ISL1;SPOCK1;LHX1;TAOK1;CEND1;MAP2;KNDC1;GET1;GRID2;PROX1;BRINP3;NPY;SIN3A
KBTBD11,GO_Biological_Process_2023,prerank,Cilium Movement (GO:0003341),-0.35703468430321444,-0.911833234177409,0.6282051282051282,1.0,1.0,19/59,16.28%,SPEF2;CCDC103;DNAH7;DNAH1;CFAP206;DNAAF6;CFAP53;DNAAF1;DNAAF11;DNAI2;CABYR;TTC29;SPA17;RSPH9;HYDIN;GAS8;CCDC40;DNAAF2;DNAI3
KBTBD11,GO_Biological_Process_2023,prerank,Mitochondrial Cytochrome C Oxidase Assembly (GO:0033617),0.4188690867490303,0.911385395640739,0.5836909871244635,1.0,1.0,9/22,20.85%,COX14;COA3;STMP1;PET100;COX18;COA8;COA5;SCO2;SCO1
KBTBD11,GO_Biological_Process_2023,prerank,Negative Regulation Of Cysteine-Type Endopeptidase Activity (GO:2000117),-0.36408009132545666,-0.9105669316116382,0.6099009900990099,1.0,1.0,18/53,20.41%,PAX2;SRC;CARD18;HGF;IFI6;AVP;DPEP1;CSNK2A1;SH3RF1;GPX1;ARL6IP1;SFN;NAIP;CDKN2D;GAS6;IGBP1;SNCA;CARD8
KBTBD11,GO_Biological_Process_2023,prerank,Lysosomal Transport (GO:0007041),-0.3307494104665651,-0.9100362195024707,0.6505376344086021,1.0,1.0,37/103,22.39%,SPTBN5;SLC30A2;CHMP1A;PLEKHM1;TSG101;TMEM106B;PLEKHF2;GPRASP1;AP1G1;VIPAS39;RAB7A;NEDD4;LRP1;AP3M1;HOOK1;PXK;VPS53;NPC1;PLEKHF1;CHMP4A;PIK3R4;CLEC16A;SNAPIN;HOOK3;EPG5;PRKN;VPS18;ATG14;FHIP1B;PCSK9;SNX16;SORT1;M6PR;CHMP3;ANKFY1;CHMP5;HGSNAT
KBTBD11,GO_Biological_Process_2023,prerank,Chromatin Organization (GO:0006325),-0.29505334950580964,-0.9098041744590932,0.7437185929648241,1.0,1.0,90/265,22.24%,H2BC17;NPM3;PADI2;EZHIP;MOS;HDAC11;MTF2;NAP1L2;MTA3;ACTR5;DPF3;PARP10;FOXP3;SIRT1;NPM2;SMARCD3;HDAC3;L3MBTL1;CTCF;H4C9;SMARCD2;NAP1L3;DPF1;SAFB;PWWP2B;VCX;KDM5B;YEATS4;RUVBL1;BRDT;CHD4;BRPF1;RNF2;BCL7C;BMI1;CBX3;SETD7;SUPT4H1;PIH1D1;SMARCA5;DDX21;HAT1;KAT6B;SATB1;PCGF1;PAK1;HDAC4;HMGB2;BRD9;RSF1;ARID1A;ING5;HNRNPC;ACTL6B;SMARCA2;ZZZ3;EZH1;KDM2B;ING4;HDGFL3;SKP1;PAXIP1;SOX15;SMARCE1;CABIN1;CHD3;CHRAC1;HCFC2;GRWD1;MTA2;SMARCC1;YEATS2;KAT7;TADA2B;H2BC9;CFDP1;CHAF1B;ASF1B;HMGN2;ZBTB7A;HDAC10;WAC;INO80;MTA1;SUPT16H;KDM5A;INO80C;TOP1;ZNF274;ARID1B
KBTBD11,GO_Biological_Process_2023,prerank,Histone Modification (GO:0016570),-0.3395139029681352,-0.9092971224092602,0.6221837088388215,1.0,1.0,29/80,22.65%,TBL1Y;HDAC11;SIRT6;MTA3;SIRT1;KAT5;HDAC3;MORF4L2;YEATS4;RUVBL1;CHD4;JADE2;HDAC4;CARM1;ING5;ING4;EP300;KAT14;CHD3;TBL1XR1;MTA2;YEATS2;KAT7;ENY2;MTA1;MBTD1;JADE1;MSL3;MBD2
KBTBD11,GO_Biological_Process_2023,prerank,Purine Ribonucleoside Triphosphate Metabolic Process (GO:0009205),-0.3982678583449194,-0.9088554914925843,0.5885608856088561,1.0,1.0,10/32,18.84%,ENPP3;NT5E;RHOQ;ATP1A2;LRRK2;AK4;RAB23;CTNS;HSPA8;ATP1B1
KBTBD11,GO_Biological_Process_2023,prerank,Negative Regulation Of Cellular Metabolic Process (GO:0031324),0.3638008228784059,0.9084895869195422,0.6325581395348837,1.0,1.0,15/45,18.93%,TWIST1;FBP1;UGT1A8;PLIN5;ZKSCAN3;YBX1;AKT3;TERF2;FBXO5;ACTN3;RBL1;SIRT5;HMGA2;PINK1;SIRT2
KBTBD11,GO_Biological_Process_2023,prerank,Protein Localization (GO:0008104),-0.28670954457778136,-0.9083230697951583,0.766295707472178,1.0,1.0,107/349,20.75%,CPE;SQSTM1;TNS4;CD177;RAB5C;GRIN3B;RAB43;ARFIP2;HEATR5B;DNAJC19;CAV3;DOC2B;ANKS4B;RABL2B;VIPAS39;CROCC;HHEX;ATG9A;LRRK2;SCFD1;STX4;CD81;CUTA;RRAGC;AP2A1;NPHP1;PHYHIP;SPTSSA;INSC;NBEA;STX5;RAB1B;MYO6;USP9X;HOOK1;TMED6;TSC2;ROMO1;CORO1B;EXOC8;TRIM23;CAPN3;CD74;TMED4;TP53;SEC13;RAB5B;STXBP1;RAB23;ATG9B;CTSA;RRAGA;ACTB;STX12;HEATR5A;VPS26A;SHROOM2;WDR45B;LRBA;GGA1;HOOK3;ARCN1;KIF3A;FAM91A1;APEX1;AP4B1;ERCC3;MFN2;RAB31;ANO1;GRPEL2;USH1C;STK11IP;SNX6;YWHAH;PACSIN1;TMED9;PDCD6;RAB22A;ATP8B1;AP3B1;ARFGAP3;STXBP2;NBEAL1;STX10;NAPG;ATG4B;MGAT3;ERP29;AP4E1;VPS29;ARF5;AP4S1;IST1;COPA;ARFIP1;ODR4;TMED1;SCG5;FERMT2;RAP2A;ARL4A;FHIP1B;SEPTIN9;MAPRE3;TMED5;CBY1
KBTBD11,GO_Biological_Process_2023,prerank,Negative Regulation Of Macromolecule Biosynthetic Process (GO:0010558),-0.33042728004602906,-0.9080369273804719,0.6672566371681415,1.0,1.0,37/98,23.88%,LARP1;BMPR2;PASK;NANOS3;ZAR1L;FCN3;NHLRC1;ILF3;TAF7;TIA1;AP2A1;PATL2;RACK1;GIGYF2;DDX6;NHLRC3;GAPDH;CSNK2A1;GRB7;RIDA;GSK3A;IGF2BP2;FXR1;IGFBP5;CNOT9;DHFR;TRIM3;ENC1;TGFB1;RNF139;PAIP2B;LSM14A;EIF4ENIF1;PUS7;SERBP1;DDX3X;FMR1
KBTBD11,GO_Biological_Process_2023,prerank,Cellular Response To Inorganic Substance (GO:0071241),-0.4419996685584625,-0.90784078367715,0.5688405797101449,1.0,1.0,5/18,16.95%,KCNC2;CDK2;NSMCE3;DPEP1;TIMELESS
KBTBD11,GO_Biological_Process_2023,prerank,Positive Regulation Of Cell Adhesion Mediated By Integrin (GO:0033630),-0.45905969963821713,-0.9076850728834088,0.5992217898832685,1.0,1.0,4/17,14.65%,CXCL13;TGFB2;SKAP1;RAC3
KBTBD11,GO_Biological_Process_2023,prerank,Regulation Of Secretion (GO:0051046),-0.4589226096358387,-0.9075619162203478,0.5823970037453183,1.0,1.0,5/16,16.37%,SCIN;EGF;OPRK1;MYO6;ERBB3
KBTBD11,GO_Biological_Process_2023,prerank,GPI Anchor Metabolic Process (GO:0006505),-0.4076542073904854,-0.9074921183079907,0.6042884990253411,1.0,1.0,10/26,21.70%,PIGO;PIGQ;PIGL;PIGB;PIGA;PGAP1;DPM2;PIGW;PGF;PIGP
KBTBD11,GO_Biological_Process_2023,prerank,Negative Regulation Of Wnt Signaling Pathway (GO:0030178),-0.31645546806040803,-0.9069028717963293,0.6826446280991736,1.0,1.0,50/138,22.87%,DKK2;CSNK1A1;APC2;GLI1;CER1;SOX30;LRP4;BMP2;AMER2;FRMD8;RNF43;SNAI2;APOE;LRP1;CXXC4;RACK1;TSC2;TMEM64;DKKL1;CITED1;RBMS3;PFDN5;TMEM88B;PTPRO;TLE1;WIF1;GSK3A;TSKU;STK11;HECW1;DAB2;EMD;NPHP4;PRKN;WWTR1;DAB2IP;MDK;LMBR1L;NKD1;SOSTDC1;VGLL4;IGFBP4;CBY1;CCDC88C;JADE1;CYLD;TLE2;CTNND1;DRAXIN;INVS
KBTBD11,GO_Biological_Process_2023,prerank,Positive Regulation Of Striated Muscle Cell Differentiation (GO:0051155),0.4110589422893685,0.9067357208615792,0.591304347826087,1.0,1.0,10/25,19.88%,MMP14;ATP11A;MESP1;EFNB2;MYLK3;PIEZO1;NIBAN2;IGF1;RBM24;PROX1
KBTBD11,GO_Biological_Process_2023,prerank,Ceramide Biosynthetic Process (GO:0046513),-0.37361611303900377,-0.9067238281943674,0.6189591078066915,1.0,1.0,12/41,14.71%,ST3GAL5;B4GALNT1;CERS3;SMPD1;PNPLA1;B4GALT4;SMPD4;SPTSSA;ST6GALNAC6;ST6GALNAC3;ST8SIA3;ALOX12B
KBTBD11,GO_Biological_Process_2023,prerank,Regulation Of Macrophage Chemotaxis (GO:0010758),-0.4361863587510358,-0.9065736105375358,0.603448275862069,1.0,1.0,7/20,18.75%,RARRES2;PTK2;C5;AMH;DDT;PTK2B;MDK
KBTBD11,GO_Biological_Process_2023,prerank,Positive Regulation Of DNA Metabolic Process (GO:0051054),-0.32404122362251264,-0.9063481787095946,0.6730769230769231,1.0,1.0,36/108,21.95%,RGCC;SIRT6;GLI1;ACTR5;HGF;SIRT1;NPM2;STPG4;PDGFRB;EGF;POT1;SMCHD1;RUVBL1;USP9X;MRE11;RAD50;SMARCA5;BCAR3;CCDC117;TERF1;DEPDC1B;STON1;BABAM2;PRIM2;WRN;BRPF3;RNF168;ATAD5;KAT7;TMEM161A;USP7;DHX9;PCNA;INO80;EYA3;INO80C
KBTBD11,GO_Biological_Process_2023,prerank,Polyol Biosynthetic Process (GO:0046173),0.45888738754766273,0.9061524031877192,0.5578093306288032,1.0,1.0,6/15,19.36%,ITPKA;ITPKB;CYP2R1;IP6K2;IPMK;FGF2
KBTBD11,GO_Biological_Process_2023,prerank,T Cell Activation Involved In Immune Response (GO:0002286),-0.4504393103293906,-0.9058012255952769,0.5909090909090909,1.0,1.0,5/19,18.75%,IFNK;ITGAL;CD74;EIF2AK4;MDK
KBTBD11,GO_Biological_Process_2023,prerank,Regulation Of Actin Polymerization Or Depolymerization (GO:0008064),-0.40427669528464505,-0.9056067543193956,0.6177536231884058,1.0,1.0,5/27,6.00%,ARHGAP40;WAS;NAA80;RASA1;DAAM2
KBTBD11,GO_Biological_Process_2023,prerank,Protein Homotetramerization (GO:0051289),-0.3558990732543803,-0.905524902975212,0.6216730038022814,1.0,1.0,23/53,23.70%,KIF25;PKD2L1;UPB1;ALDH1A2;AQP4;PKD2;HSD17B10;ACACB;TK1;KCNJ2;HPRT1;ALDH1A3;GLS;CTH;THG1L;CBY1;SHMT2;ME1;CRYZ;APIP;RYR1;TRPM4;OSBPL2
KBTBD11,GO_Biological_Process_2023,prerank,Positive Regulation Of DNA Repair (GO:0045739),-0.3294924811276548,-0.9051913581502855,0.6617375231053605,1.0,1.0,34/89,22.24%,SIRT6;ACTR5;DPF3;SIRT1;SMARCD3;SPIRE2;SMARCD2;DPF1;MGMT;SMCHD1;RUVBL1;BCL7C;CCDC117;DEPDC1B;UBE2V2;ACTB;BABAM2;ARID1A;ACTL6B;SMARCA2;XRCC1;PRKCG;TIMELESS;SMARCE1;RNF168;SMARCC1;TMEM161A;DHX9;HDAC10;PCNA;INO80;EYA3;INO80C;ARID1B
KBTBD11,GO_Biological_Process_2023,prerank,Regulation Of Protein Modification By Small Protein Conjugation Or Removal (GO:1903320),0.38872977220214916,0.9050583109613545,0.6162528216704289,1.0,1.0,15/29,26.41%,DNAJB2;COPS5;EPAS1;ZMIZ1;UBQLN1;CTNNB1;DAXX;PINK1;WASHC1;HIF1A;TGFBR1;COPS8;HSP90AB1;COPS7B;EGR1
KBTBD11,GO_Biological_Process_2023,prerank,Regulation Of Neuron Death (GO:1901214),0.3526508271910401,0.904658027007582,0.6410835214446953,1.0,1.0,23/58,19.35%,DKK1;CSF1;PARK7;EGLN3;TNFRSF1B;CHGA;CD200;SNCG;TRAF2;PRNP;CHRNA7;UBB;MAP3K5;EFNB2;DAXX;FYN;DHCR24;WNT5A;GRID2;ATP13A2;NSMF;TRIM2;CLU
KBTBD11,GO_Biological_Process_2023,prerank,Regulation Of Cellular Response To Stress (GO:0080135),-0.3221538506848531,-0.9043327988782865,0.6535162950257289,1.0,1.0,36/107,21.95%,ALOX5;OPRM1;AIFM2;ACTR5;SIRT1;CRY1;TAF7;USP19;AJUBA;RUVBL1;SLC38A2;TAF2;MAPT;BARD1;CHCHD2;DNAJC2;DEPDC1B;UBE2V2;DNAJC7;BABAM2;TAF6;EP300;SOX4;HAPSTR1;SF3B5;SUPT20H;ROCK2;PRKN;SIRT7;TADA2B;ENY2;SUPT7L;ETAA1;INO80;FEM1B;INO80C
KBTBD11,GO_Biological_Process_2023,prerank,Central Nervous System Development (GO:0007417),0.2817756432736402,0.9040138906700411,0.8513189448441247,1.0,1.0,87/278,22.97%,ECRG4;MOG;CNTN5;HPCAL4;PSPN;S100B;NHLH2;VCX3B;SIX3;MEIS1;SZT2;MACROH2A2;SPOCK1;CIC;MATCAP1;SOX12;RELN;RAB3GAP1;SMARCA1;NCKAP1;RNF103;SLC8A3;ATXN1;ADAM23;SOX9;ASIC2;RTN3;ADGRA2;TAGLN3;SYNJ1;POU6F1;LSR;ZIC1;SOX6;UTP3;MELTF;TPP1;NDUFS4;WWP1;SETD1A;EIF2B2;NPAS1;RTN4;CHD8;ZNF76;ROGDI;CDK5RAP2;ZIC2;SHC3;PCDH18;BPTF;ATOH1;PTPN11;DCLK1;LIG4;SPINK5;PLXNB2;NNAT;CNTNAP2;GLIS2;CDK5RAP3;DNER;RTN1;RBBP4;ADGRG1;GRIN1;RPS6KA6;ALDH3A2;FLNB;PROX1;CNTN1;SNTG2;APLP2;FOXJ1;ZIC3;ROBO2;DLL1;GRIN2C;MARCKS;ADORA2A;COX7B;BRINP3;MEIS2;C3;TUBGCP2;PAFAH1B2;RAB18
KBTBD11,GO_Biological_Process_2023,prerank,Negative Regulation Of Macromolecule Metabolic Process (GO:0010605),-0.30299536326017124,-0.9035356771408138,0.7227891156462585,1.0,1.0,58/186,20.99%,WNT4;CHMP1A;PGR;POU4F1;PARP10;NOS2;SIRT1;TIPARP;BMP2;GPER1;TGFB2;CRKL;MSR1;HINFP;MYADM;CNOT7;APOE;OPTN;AMH;SMAD5;LRP1;EMILIN1;RACK1;STAT3;CHD4;NOTCH1;PARP14;MAPT;ZC3H12A;ZNF148;SLC24A3;PDCD10;RBMS3;ENG;AP1AR;NOCT;SH3GL2;SNX12;YAP1;OVOL2;CREB3L1;OLFM1;STC2;TERT;SORD;ROCK2;FBXW7;PRKN;FGF19;CITED2;ERP29;WWP2;MEF2C;TGFB1;PCSK9;RBL2;NDFIP2;DGKQ
KBTBD11,GO_Biological_Process_2023,prerank,"mRNA Splicing, Via Spliceosome (GO:0000398)",0.29064373036741653,0.9034546763504595,0.7825,1.0,1.0,64/208,18.13%,LSM3;RBM6;TXNL4A;HNRNPA3;CWC27;HNRNPA2B1;CDK13;METTL3;SNRPN;SF3A3;HNRNPH3;SYNCRIP;SF3B1;RNF113A;GEMIN7;NOVA1;PABPC1;CWC25;DDX41;CDC5L;DHX38;DDX5;MAGOH;PRPF38A;U2AF1L4;SRSF12;ESS2;TGS1;SF3B3;LSM5;CWF19L1;SRRM1;TSSC4;PLRG1;U2AF2;PQBP1;SLU7;SYF2;CELF4;LSM2;SRPK2;RBMX2;RNPC3;SNRNP40;METTL14;CWF19L2;RBM4;PUF60;PRPF3;SNRPG;DBR1;SRSF9;HNRNPU;DDX20;DHX16;SNRPF;TRA2A;SNRNP27;SNRPD1;SF3B6;USP39;EFTUD2;GEMIN5;SRSF8
KBTBD11,GO_Biological_Process_2023,prerank,Axoneme Assembly (GO:0035082),-0.37052967455227875,-0.9030400874091079,0.6313868613138686,1.0,1.0,13/41,16.20%,CFAP206;DNAAF6;RP1;CFAP74;DNAAF1;DNAAF11;STK36;SPACA9;RSPH9;HYDIN;GAS8;CCDC40;DNAAF2
KBTBD11,GO_Biological_Process_2023,prerank,Cytosolic Transport (GO:0016482),-0.31487315895077544,-0.9029776367389374,0.6910714285714286,1.0,1.0,42/125,22.97%,CLN5;TBC1D10C;SPAG9;YKT6;RAB43;HEATR5B;EPS15;PHETA2;AP1G1;VTI1A;RAB7A;MON2;AP2A1;PLEKHJ1;STX5;PTPN23;HOOK1;PXK;VPS53;RCSD1;PIK3R4;HEATR5A;VPS26A;BET1L;GGA1;HOOK3;TBC1D23;SNX6;ANKRD27;STX10;VPS29;ATG14;WDR91;FHIP1B;SNX16;WASH6P;SORT1;PIKFYVE;MAGEL2;ANKFY1;ARL1;RNF126
KBTBD11,GO_Biological_Process_2023,prerank,Regulation Of T Cell Proliferation (GO:0042129),-0.33925855214473205,-0.9028343086616712,0.6428571428571429,1.0,1.0,18/76,14.27%,IL23R;CD274;CR1;NCK2;PLA2G2A;FOXP3;SPN;TNFRSF13C;CCDC88B;HLA-DPA1;NCK1;CD86;HLA-DMB;CD1D;CD70;CD276;TNFRSF21;SFTPD
KBTBD11,GO_Biological_Process_2023,prerank,Regulation Of Synapse Organization (GO:0050807),-0.4112941576738038,-0.9026953673092131,0.6014760147601476,1.0,1.0,11/25,24.54%,KLK8;CHRNB2;YWHAZ;NEDD4;TANC1;CDKL5;MEF2C;RAP2A;RAB17;CTTNBP2;MDGA1
KBTBD11,GO_Biological_Process_2023,prerank,Lymphocyte Differentiation (GO:0030098),0.32822226435135843,0.9023025274348726,0.6778042959427207,1.0,1.0,12/83,8.47%,AQP8;DLL4;PIK3R1;CLCF1;PAX5;CR2;ITGB1;PIK3R3;GPS2;FNIP1;IL11;DNAJB9
KBTBD11,GO_Biological_Process_2023,prerank,Positive Regulation Of Lipid Biosynthetic Process (GO:0046889),0.36273908192368837,0.9022868845828851,0.6411483253588517,1.0,1.0,12/39,20.00%,PLIN5;SORBS1;SLC27A1;MLST8;SIRT4;ELOVL5;KAT2B;MID1IP1;CREBL2;RPTOR;SIRT2;GPLD1
KBTBD11,GO_Biological_Process_2023,prerank,Positive Regulation Of Nuclear Division (GO:0051785),-0.40226103473925273,-0.901483545841152,0.5858778625954199,1.0,1.0,7/26,11.15%,TGFA;RGCC;NPM2;PDGFRB;IL1A;EGF;DRD3
KBTBD11,GO_Biological_Process_2023,prerank,Regulation Of Interleukin-2 Production (GO:0032663),0.3541682912713434,0.9008260881939276,0.6263269639065817,1.0,1.0,10/47,13.48%,CD28;LILRB4;TNFAIP3;TRAF2;STOML2;PRNP;EZR;TRIM27;PDE4D;CD4
KBTBD11,GO_Biological_Process_2023,prerank,Regulation Of Pathway-Restricted SMAD Protein Phosphorylation (GO:0060393),-0.35220156095477795,-0.9007491804132611,0.6332116788321168,1.0,1.0,21/60,17.62%,GDF7;INHBA;GDF6;INHBC;GDF3;GDF11;BMPR2;SNX25;BMP2;BMPER;HFE;TGFB2;SMAD6;LRP1;EMILIN1;PIN1;TGFBR2;ENG;TTK;BMP6;DAB2
KBTBD11,GO_Biological_Process_2023,prerank,Nucleic Acid-Templated Transcription (GO:0097659),-0.38229663777055356,-0.9006929820765475,0.6333333333333333,1.0,1.0,22/40,27.00%,TCEA3;PWP1;MMS19;PPP5C;RRAGC;POLR3A;XAB2;TCEANC2;TERT;E2F1;NFKBIB;DTX1;SMAD4;FUBP3;GARS1;RNPS1;PTMA;NR4A2;THRB;TCEANC;TCEA2;MLF1
KBTBD11,GO_Biological_Process_2023,prerank,Peptidyl-Tyrosine Dephosphorylation (GO:0035335),0.3921570270903297,0.9006147502434567,0.6070686070686071,1.0,1.0,11/28,18.49%,PTPN1;DUSP1;DUSP10;PTPN18;PTPRS;PTPRR;DUSP5;PTPN11;UBASH3B;TNS2;PTPN6
KBTBD11,GO_Biological_Process_2023,prerank,Exocytosis (GO:0006887),-0.3338367671963628,-0.9005483406340864,0.6697080291970803,1.0,1.0,35/84,24.28%,SNAP25;WASHC3;JAGN1;RPH3A;DOC2B;RAB27A;SYTL4;EXOC3L1;STX4;SYNGR1;SYTL1;TMEM167A;SYTL2;DOC2A;TRAPPC11;EXOC8;SYNGR2;DNAJC5;RPH3AL;EXOC3;RAB31;ANK1;RAB11FIP1;EXOC5;RAB26;WASH6P;CADPS2;RAB10;VAMP2;NSF;CDK16;RAB3IP;SNAP47;RAB11A;STX2
KBTBD11,GO_Biological_Process_2023,prerank,Positive Regulation Of Secretion By Cell (GO:1903532),-0.3339719512350174,-0.9003140570026293,0.6625,1.0,1.0,26/73,23.22%,CD33;RGCC;BMP2;GPER1;RAB27A;SYTL4;TGFB2;CD2AP;IL1A;APBB3;UNC13B;GOLPH3;CFTR;MYH10;BMP6;GOLPH3L;P2RX4;APBB1;TTN;TGFB1;SNCA;CADPS2;SLC12A2;CLASP1;ACHE;ARF6
KBTBD11,GO_Biological_Process_2023,prerank,Regulation Of Nervous System Process (GO:0031644),0.433624147947713,0.9002715810817138,0.6026785714285714,1.0,1.0,8/18,12.74%,NOS3;HTR2C;BEGAIN;SLC8A3;TMEM108;CHRNA7;NPTXR;SLC8A2
KBTBD11,GO_Biological_Process_2023,prerank,Regulation Of Release Of Cytochrome C From Mitochondria (GO:0090199),-0.3767706569785894,-0.900261101932457,0.634469696969697,1.0,1.0,16/41,19.19%,MMP9;NOL3;HGF;GPER1;AVP;MFF;BAX;PSMD10;TP53;BCL2L1;GPX1;CIDEB;PLSCR3;BID;PRKN;BAK1
KBTBD11,GO_Biological_Process_2023,prerank,Calcium Ion Transport (GO:0006816),0.3145743486570022,0.8999160797307398,0.6893424036281179,1.0,1.0,32/112,16.65%,ATP2A1;TRPM5;TRPM1;TRPV5;CACNG3;KCNN4;TRPV3;NALCN;MCOLN3;TRPC3;CACNG6;TRPA1;RAMP2;SLC8A3;RAMP1;SELENOK;CASR;MICU1;ATP2B4;TRPM7;CHRNA7;TRPC4AP;SLC8A2;PANX1;ANO6;MCUR1;TRPV4;SLC8A1;FYN;SLC24A2;CAV1;SLC24A1
KBTBD11,GO_Biological_Process_2023,prerank,Regulation Of Macroautophagy (GO:0016241),-0.32736379240238117,-0.8998636328074809,0.6959578207381371,1.0,1.0,35/94,25.25%,LARP1;ATP6V0D1;SIRT1;TRIM13;GPSM1;LRRK2;NEDD4;CAPNS1;SCOC;UCHL1;TSC2;EXOC8;GAPDH;TBC1D25;IKBKG;PIK3R4;CLEC16A;VPS26A;ATP6V0A2;SESN3;SNX6;ATP6V0A1;ATG14;ATP6V0B;CDK5;WAC;ATP6V1H;ATP6V1G2;ATP6V1B2;ATP6V1E2;USP36;ATP6V1G1;MAPK8;SESN2;SUPT5H
KBTBD11,GO_Biological_Process_2023,prerank,Regulation Of RNA Metabolic Process (GO:0051252),0.3209826247034488,0.8997528631271059,0.6986607142857143,1.0,1.0,34/90,23.62%,OASL;GRSF1;RBM20;RBM38;PRDX6;ZC3H10;HNRNPH3;MITF;TMEM98;TNFRSF1B;ILDR1;CLK1;SF3B3;KAT2B;TRRAP;PQBP1;SGF29;HNRNPL;MED1;ATXN7;PRKRA;KAT2A;RRP1B;METTL4;PTBP2;PCBP2;TAF9;YTHDF2;AHNAK2;PCBP3;PDE3A;SNRNP70;HNRNPF;TAF6L
KBTBD11,GO_Biological_Process_2023,prerank,Artery Development (GO:0060840),-0.41100624579525696,-0.8995205230367745,0.5955473098330241,1.0,1.0,7/23,14.09%,GJA5;BMPR2;ANGPTL3;PDE2A;PKD2;TGFBR2;ENG
KBTBD11,GO_Biological_Process_2023,prerank,Dendritic Cell Differentiation (GO:0097028),-0.413582434286243,-0.8994181937557061,0.6003787878787878,1.0,1.0,6/22,19.28%,IRF8;LYN;BATF3;TGFBR2;BATF2;GAS6
KBTBD11,GO_Biological_Process_2023,prerank,Heterotypic Cell-Cell Adhesion (GO:0034113),-0.3976380415012992,-0.8992371599911627,0.6222627737226277,1.0,1.0,5/29,14.33%,ITGB2;MADCAM1;ITGA7;CD200R1;DSG2
KBTBD11,GO_Biological_Process_2023,prerank,Dicarboxylic Acid Metabolic Process (GO:0043648),-0.3625441469479455,-0.8991983416448978,0.6182495344506518,1.0,1.0,19/50,22.46%,OGDHL;NAGS;MDH1B;D2HGDH;ME3;ASS1;GCLM;DLST;FH;ALDH18A1;GOT1;GCLC;DHFR;OGDH;SDHAF3;SLC19A1;SHMT2;ME1;L2HGDH
KBTBD11,GO_Biological_Process_2023,prerank,Negative Regulation Of RNA Biosynthetic Process (GO:1902679),-0.4516359414898711,-0.8991566587188571,0.5978062157221207,1.0,1.0,3/16,8.92%,APOBEC3G;RESF1;FCN3
KBTBD11,GO_Biological_Process_2023,prerank,Phosphatidylcholine Metabolic Process (GO:0046470),0.3437613781905058,0.8989421045461459,0.6559139784946236,1.0,1.0,15/55,15.51%,PLA2G10;LCAT;PLA2G5;PNPLA8;PNLIPRP2;APOA1;SLC44A3;SLC27A1;PLA2G3;CHKA;ABHD3;ABHD4;PLA2G4A;PLA2G4C;PLA2G15
KBTBD11,GO_Biological_Process_2023,prerank,Actomyosin Structure Organization (GO:0031032),0.33061002048717997,0.8985425635767517,0.6827133479212254,1.0,1.0,20/77,15.52%,KLHL41;EPB41L2;SYNPO2L;SORBS1;MYH7B;MYOZ1;LMOD1;MYH11;ITGB1;KRT19;RHOA;FLNC;FRMD3;MYO18A;EPB41L5;ITGB5;EPB41L1;ROCK1;MYH9;MYLK3
KBTBD11,GO_Biological_Process_2023,prerank,Negative Regulation Of Cell Differentiation (GO:0045596),0.2934175850694812,0.8968731170413777,0.8004866180048662,1.0,1.0,49/207,16.50%,ASCL1;GDF10;TWIST1;IL6;NOTCH4;TNN;GREM1;SPRED2;GDF5;SIX3;MEIS1;WNT9A;BBS12;MAD2L2;ZNF750;SMAD7;ESRRB;TWIST2;GPS2;SPRY2;ADIPOR1;SOX2;SOX9;ACTL6A;SPRED1;SPRED3;FOXO1;REST;SMAD3;SMARCD1;CCDC85B;LDLRAD4;EFEMP1;SUFU;BCL7A;RB1;RIOX1;MED1;METTL14;USF3;SMARCA4;PTPN11;SKI;BMP7;WNT5A;HNRNPU;EGFR;BICRA;CAV1
KBTBD11,GO_Biological_Process_2023,prerank,"Regulation Of Synaptic Transmission, Glutamatergic (GO:0051966)",-0.3572095437080935,-0.896832471889911,0.6631205673758865,1.0,1.0,21/55,20.48%,DGKI;GRM2;CACNG4;ATP1A2;GRIN2A;LRRK2;DRD3;SLC38A2;CACNG2;CACNG5;GRIN2D;GRM4;PTK2B;CACNG7;FXR1;CACNG8;SYT1;NLGN3;MEF2C;CDK5;GRIN2B
KBTBD11,GO_Biological_Process_2023,prerank,SMAD Protein Signal Transduction (GO:0060395),-0.3607038099726818,-0.8965812866921187,0.6319702602230484,1.0,1.0,12/50,13.80%,GDF7;INHBA;GDF6;INHBC;GDF3;GDF11;BMP2;TGFB2;SMAD6;SMAD5;FOS;CITED1
KBTBD11,GO_Biological_Process_2023,prerank,Protein K48-linked Deubiquitination (GO:0071108),0.39906310302201875,0.8965502497172964,0.6289592760180995,1.0,1.0,7/24,14.28%,USP8;TNFAIP3;OTUB1;OTUD4;USP37;USP27X;VCPIP1
KBTBD11,GO_Biological_Process_2023,prerank,Purine Nucleotide Metabolic Process (GO:0006163),0.37659658303397675,0.8964408795513635,0.6608695652173913,1.0,1.0,11/34,21.57%,NOX1;NT5C1B;IDH2;NMRK1;MDH1;PRPSAP1;GUK1;NADK2;FHIT;PFAS;CD38
KBTBD11,GO_Biological_Process_2023,prerank,Protein Phosphorylation (GO:0006468),-0.2763585717420553,-0.8962561112267525,0.9042386185243328,1.0,1.0,143/500,21.09%,GRK7;SRC;HIPK4;GDF7;EPHA5;CSNK1A1;WNK4;MAP3K13;CLK4;GDF6;MOS;PDK2;IGFBP3;PTK2;MAPK12;SRPK1;BMPR2;PASK;YWHAZ;DMPK;BMP2;NTRK1;STK19;TNNI3K;STK32B;CDKL4;NEK10;MAP4K4;MAP3K6;NTRK2;TGFB2;DYRK4;PIM3;PKN2;CHEK2;TAOK3;CDC42BPB;BMX;PRKX;PDGFRB;LRRK2;CDK2;LYN;ILF3;TAF7;NEK4;RPS6KA4;BRSK1;DCLK3;TTBK2;CDKL3;AMH;MEX3B;STK36;ALK;LCK;PRKCZ;CAMK1;RSKR;RUNX3;COPS2;TAF2;TESK2;PBK;PXK;MAPK15;WNK1;MAP4K3;MKNK1;STK32C;TGFBR2;MAST1;STK33;CSNK2A1;PDK1;PRKCB;HCST;MAP3K12;PAK1;STK32A;CCNE1;PIK3R4;PTK2B;PRKCE;NEK1;PRPF4B;TTK;EIF2AK4;TDGF1;UVRAG;TBCK;MAPKAPK3;MAPK6;TAF6;PRKCG;MAP3K20;CSNK2A2;GSK3A;VRK2;FGFR3;STK11;FAM20A;TAF13;CDK12;JAK1;CILK1;WNK2;MARK4;ROCK2;TAF11;CLK2;CHUK;MASTL;DAB2IP;CDK14;CDK4;CDKL1;BRSK2;PEAK1;PKN3;GAS6;CSF2RA;CDKL5;PRKAG1;ATG14;EPHA7;CAB39;HASPIN;MKNK2;TGFB1;CDK5;MAST2;LIMK1;STK38;CSK;RARA;HIPK1;EPHB1;TEK;TP53RK;SNRK;DGKQ;CDK19
KBTBD11,GO_Biological_Process_2023,prerank,Organic Hydroxy Compound Biosynthetic Process (GO:1901617),0.3630129116397924,0.8959388357999984,0.6494382022471911,1.0,1.0,15/42,21.17%,OSBPL7;PER2;ALOX12;PARK7;BAAT;OSBPL3;CYP7B1;CYP39A1;MSMO1;PRKAG2;HSD17B1;OSBPL9;OSBPL6;SCP2;HSD3B7
KBTBD11,GO_Biological_Process_2023,prerank,Reverse Cholesterol Transport (GO:0043691),-0.4503268494597596,-0.8958976070370673,0.6178571428571429,1.0,1.0,5/16,15.74%,APOM;LIPG;ABCA5;APOE;ABCG1
KBTBD11,GO_Biological_Process_2023,prerank,Organelle Organization (GO:0006996),-0.2806223899642626,-0.8957566379760279,0.87248322147651,1.0,1.0,121/414,22.30%,PRM2;KIF25;SPTBN5;RNF112;CENPT;ATP8B4;CSNK1A1;PI4K2A;CHMP1A;GOLGA8T;MRAP;GOLGA6C;GOLGA5;RAB2A;GOLGA8H;GOLGA6A;PACSIN2;NOL3;RAB43;BNIP1;GOLGA8N;ATL1;JAGN1;SH3D19;EPS15;GOLGA6B;ZNF501;HTT;TTC17;RAB7A;CDC42BPB;NSFL1C;LRRK2;STX4;FGD6;CNN2;LARP4;APOE;TANGO2;OPTN;SMPD4;ARHGAP4;AJUBA;RAB1B;VAPA;TMED6;TRAPPC11;TTC29;MAPK15;BAG5;ATAD3A;GOLPH3;CHCHD10;PKD2;MAST1;PLEKHF1;CHCHD2;TMED4;PITPNB;CHMP4A;HAT1;HSD17B10;YTHDF3;TMCC1;RAB30;TRAPPC8;CEP89;GEM;CFL1;ZNF135;NIPSNAP2;SLC25A36;CUL7;MSTO1;KIF3A;GOLPH3L;MREG;TERT;FGD5;PTCD2;RAB31;PEX10;CENPW;ANK1;MARK4;GABPB1;PACSIN1;TMED9;COG2;PRKN;ATP8B1;BSCL2;TMEM135;MDK;VPS18;KIF9;DYM;SNX11;KAT6A;TMED1;TBC1D20;OBSL1;MAST2;IQCG;PLCE1;MTX2;ZMYM6;SORT1;USP6NL;PIKFYVE;AUP1;ARMC2;NUMA1;SLC25A33;MAST3;CEP55;CLASP1;CHMP3;MTFR2;CAMSAP1;CHMP5
KBTBD11,GO_Biological_Process_2023,prerank,Regulation Of Secretion By Cell (GO:1903530),-0.348254950455175,-0.8957505567154408,0.6757741347905283,1.0,1.0,28/63,23.88%,SIRT6;CPLX4;MCTP1;OTOF;RAB33B;STX4;RAB3C;SYN1;FER1L5;TPCN2;LLGL2;STXBP5L;APEX1;SYT1;ARFIP1;MEF2C;SCG5;VAMP8;CPLX2;RAB26;RAB8B;SEPTIN1;VAMP2;NSF;SEPTIN4;MCTP2;RAB8A;FMR1
KBTBD11,GO_Biological_Process_2023,prerank,Protein Ubiquitination (GO:0016567),-0.2805822003122369,-0.8956942110754772,0.8682042833607908,1.0,1.0,144/425,23.23%,RNF225;TRIM15;RNF112;ASB5;ZSWIM8;TRIM17;UBE2E1;FBXO24;TNKS2;FBXO32;ISG15;BSPRY;TRIM7;HERC3;TRIM54;SIRT1;OBI1;KBTBD8;TRIM13;UBE2D4;UBE2D1;CUL9;IRF2BP1;MUL1;RNF220;BFAR;NHLRC1;NEDD4;ANKRD9;UHRF1;RNF43;PCMTD1;CAND2;ASB2;TRIM11;ZC4H2;RC3H1;TRIM58;TRIM47;RFPL2;TRIM73;RNF166;RBCK1;WSB1;UBE2C;RACK1;SPSB4;USP9X;KLHL22;SHPRH;BLMH;KLHL18;TRIM22;RLIM;NHLRC3;RNF122;BARD1;SPSB2;RNF144B;TRIM23;FBXL5;RC3H2;DEPDC1B;UBE2V2;FBXO25;UBE2QL1;MKRN1;CUL1;BABAM2;SH3RF1;KLHL24;MAGEF1;CUL7;UBE2G1;RNF185;BIRC2;TRIM56;SKP1;TRIM41;RNF141;SH3RF2;FANCC;PEX10;DDB1;HECW1;CNOT4;SPOP;CUL5;TRIM3;ANAPC7;RNF168;CDC34;FBXW7;PRKN;OS9;PELI2;HUWE1;PJA2;VPS18;UBE2D3;RNF41;ENC1;CBFB;WWP2;RMND5A;CUL4B;RNF6;UBE3D;RNF146;DTX1;RNF7;KLHL8;RNF111;RNF4;CUL2;FANCB;RNF139;FANCA;TRIM5;USP7;RNF135;RNF34;UBE3B;ARRB2;KLHL12;CCNF;PPIL2;RCHY1;DTX4;UBR3;CUL4A;RNF182;FBXL17;LRSAM1;ANAPC16;UBE2H;RPS27A;LZTR1;MYLIP;RNF126;RNF152;TRIM52;ARRB1;BIRC6
KBTBD11,GO_Biological_Process_2023,prerank,Regulation Of Lipid Metabolic Process (GO:0019216),0.34703414051212034,0.8950596655284944,0.6297117516629712,1.0,1.0,16/54,17.00%,RORC;THRSP;TM6SF2;ZFP69;RUBCNL;GPS2;NR1D1;ADIPOR1;PPARD;ABCA7;CCDC3;MID1IP1;PRKAG2;CERS2;CAV1;FGFR4
KBTBD11,GO_Biological_Process_2023,prerank,Protein Transport (GO:0015031),-0.284571717900438,-0.8950018333859459,0.8205546492659054,1.0,1.0,129/310,26.29%,PPY;RD3;CHMP1A;ARRDC2;LRP1B;MON1A;RAB5C;RAB43;ARFIP2;DNAJC19;RABL2B;VIPAS39;RAB7A;SCFD1;STX4;RAB3C;TMEM167A;AP2A1;MTTP;REP15;APOE;TANGO2;SPTBN1;OPTN;NEURL1B;LRP1;TOM1;STX5;RAB1B;RAMP3;MYO6;SNX4;TMED6;ROMO1;SNX33;HSP90B1;DNM2;GOLGA4;SCAMP4;GOLPH3;TRIM23;CENPF;CD74;TMED4;SEC13;RAB5B;STXBP1;PRKCB;SCAMP5;RAB23;CTSA;PHAF1;ABCG1;STX12;VPS26A;GGA1;VAMP5;ARCN1;KIF3A;GOLPH3L;FAM91A1;RAB31;GRPEL2;SNX6;YWHAH;CEP290;TVP23C;TMED9;PDCD6;RAB22A;AP3B1;ARFGAP3;STXBP2;STX10;NAPG;ERP29;VPS29;ARF5;COPA;ARFIP1;TMED1;SCG5;HIKESHI;ARL4A;TFR2;SEPTIN9;CALCRL;TMED5;RAB26;RCAN3;RAB8B;MEN1;BBS1;ASPSCR1;UNC93B1;SNX15;CHMP3;BBS2;RAB10;RAB17;VAMP2;LRSAM1;NSF;ARL1;RAB8A;ARF6;STXBP3;SEC23IP;ARL6;CHMP1B;CHMP2A;PPT1;AP4M1;STX2;SNX31;SNX13;STX1A;CD36;PICK1;ARL11;ABCD1;RAB35;KIF3B;STX8;LMTK2;STX7;ARRDC4;SYNRG;RAB34
KBTBD11,GO_Biological_Process_2023,prerank,Regulation Of Ryanodine-Sensitive Calcium-Release Channel Activity (GO:0060314),-0.4116858678663392,-0.8948266800836817,0.6598890942698706,1.0,1.0,6/24,13.79%,CLIC2;CALM2;JPH4;CALM3;HRC;PKD2
KBTBD11,GO_Biological_Process_2023,prerank,DNA Alkylation (GO:0006305),0.4506571206255769,0.8946734159983708,0.5928411633109619,1.0,1.0,10/15,26.64%,SPOCD1;GATAD2A;HELLS;BAZ2A;KMT2E;MTRR;DNMT3B;BEND3;EHMT2;ATRX
KBTBD11,GO_Biological_Process_2023,prerank,Regulation Of Extrinsic Apoptotic Signaling Pathway In Absence Of Ligand (GO:2001239),-0.39353117262441045,-0.8945894769136696,0.6312849162011173,1.0,1.0,10/27,25.19%,INHBA;IFI6;IL1A;SNAI2;BCL2L1;TERT;EYA3;MCL1;FGFR1;EYA4
KBTBD11,GO_Biological_Process_2023,prerank,Negative Regulation Of Response To External Stimulus (GO:0032102),-0.3068195228532358,-0.8942286386970664,0.737037037037037,1.0,1.0,48/145,24.65%,FNDC4;ALOX5;ENPP3;NR1H4;IRGM;IL22RA1;GATA3;YWHAZ;EXTL3;GPER1;NLRP12;MUL1;AOAH;PROC;APOE;DRD3;ARNT;SIGIRR;NLRC3;STAT3;ELF4;MYO1C;AJAP1;METRNL;MVK;DHX58;ILRUN;FXR1;CACTIN;TNFAIP6;MFHAS1;CEP63;SIRPA;CARD8;PPARA;TRIM45;TEK;CYLD;DTX4;TYRO3;DUSP3;PTPN2;PTEN;CLDN3;TRAF3IP1;PTGIS;IFI16;RNF26
KBTBD11,GO_Biological_Process_2023,prerank,Positive Regulation Of Locomotion (GO:0040017),0.38034337436165405,0.8940496828540687,0.6172043010752688,1.0,1.0,5/30,10.69%,TWIST1;DUOX1;NTN1;TRIM32;BVES
KBTBD11,GO_Biological_Process_2023,prerank,Activation Of NF-kappaB-inducing Kinase Activity (GO:0007250),0.4563254458392183,0.8938085661933062,0.609704641350211,1.0,1.0,5/15,16.08%,TNFSF15;TRAF2;TNFRSF10A;MAP3K7;TIRAP
KBTBD11,GO_Biological_Process_2023,prerank,Regulation Of Mitochondrial Membrane Potential (GO:0051881),-0.36988866780232504,-0.8936244113367413,0.6294117647058823,1.0,1.0,13/39,19.21%,BCO2;SOD1;SLC4A11;LRRK2;BAX;MTLN;RNF122;MAPT;BCL2L1;SLC25A36;TUSC2;BAK1;PYCR1
KBTBD11,GO_Biological_Process_2023,prerank,Intracellular Monoatomic Ion Homeostasis (GO:0006873),0.4247924351868573,0.8933100468369708,0.6425438596491229,1.0,1.0,4/20,12.97%,RHCG;CNNM4;LETM1;TESMIN
KBTBD11,GO_Biological_Process_2023,prerank,Negative Regulation Of Response To Stimulus (GO:0048585),-0.35759449525395304,-0.8929868461858953,0.6327272727272727,1.0,1.0,10/52,11.13%,ALOX5;IGFBP3;FOXP3;SIRT1;MCTP1;NLRP12;HHIP;PIM3;LYN;GGT7
KBTBD11,GO_Biological_Process_2023,prerank,Regulation Of Cell Development (GO:0060284),0.34678931013074726,0.8928825940358709,0.6517647058823529,1.0,1.0,20/51,23.58%,ASCL1;GFI1B;HES2;PER2;HES3;HEYL;HES6;CLOCK;CTNNB1;MEAF6;MYSM1;PRUNE1;CX3CL1;S100A10;AKT1;DLL1;HEY1;YTHDF2;FBXO22;HLTF
KBTBD11,GO_Biological_Process_2023,prerank,Cellular Response To Amino Acid Stimulus (GO:0071230),0.37774531655323434,0.8926406405439938,0.6181818181818182,1.0,1.0,13/35,19.78%,NEURL1;SPAAR;CPEB1;LAMTOR1;RRAGB;SH3BP4;FYN;GLRA1;RPTOR;RRAGD;NSMF;UBR1;LAMTOR5
KBTBD11,GO_Biological_Process_2023,prerank,Protein Tetramerization (GO:0051262),-0.33513093668210236,-0.8924426656032441,0.7025547445255474,1.0,1.0,29/73,22.89%,KIF25;PKD2L1;UPB1;ALDH1A2;AQP4;PKD2;HSD17B10;ACACB;TK1;KCNJ2;HPRT1;ALDH1A3;HLA-DRB1;OXA1L;KCNC1;GLS;CTH;THG1L;KRT10;SNCA;GRIN2B;CBY1;SHMT2;ME1;CRYZ;APIP;CPSF6;RYR1;TRPM4
KBTBD11,GO_Biological_Process_2023,prerank,Response To Tumor Necrosis Factor (GO:0034612),-0.3180072396825217,-0.89204559437791,0.716390423572744,1.0,1.0,28/106,23.56%,CCL25;TRADD;XCL1;GATA3;NPNT;SIRT1;SMPD1;GPER1;LRRK2;SMPD4;ZC3H12A;GCH1;MAP4K3;GSDME;TNFRSF21;TDGF1;ADAMTS12;CACTIN;CHUK;DAB2IP;IGBP1;DHX9;AFF3;TNFRSF11A;ZFP36;CIB1;SPHK1;SLC22A5
KBTBD11,GO_Biological_Process_2023,prerank,Regulation Of Canonical Wnt Signaling Pathway (GO:0060828),-0.29723510689125393,-0.8919253064234378,0.7882736156351792,1.0,1.0,84/203,26.91%,DKK2;CSNK1A1;APC2;TNKS2;GLI1;DAAM2;LRP4;BMP2;AMER2;GNAQ;RNF220;FRMD8;HHEX;LRRK2;EGF;CCAR2;ZNF703;FZD9;SNAI2;CCNYL1;APOE;RUVBL1;PIN1;TMEM64;MRPS12;WNK1;DKKL1;RBMS3;PFDN5;TMEM88B;PTPRO;TLE1;SOX4;GSK3A;STK11;FRAT1;HECW1;DAB2;EMD;TBL1XR1;WNK2;NPHP4;PRKN;JRK;WWTR1;DAB2IP;MDK;CDK14;LMBR1L;NKD1;IGFBP4;RNF146;TGFB1;PPP1CA;CCDC88C;SOX7;JADE1;CYLD;TLE2;CTNND1;DRAXIN;INVS;TRPM4;DDX3X;PRICKLE1;MCC;ZEB2;PPM1A;DKK3;CTNND2;GID8;DACT3;SFRP2;AXIN1;AMFR;LIMD1;VCP;TMEM198;CSNK1E;SHISA6;PSEN1;LATS1;RNF14;CSNK1G1
KBTBD11,GO_Biological_Process_2023,prerank,Negative Regulation Of Hydrolase Activity (GO:0051346),-0.35726351256396155,-0.8918748817683259,0.6580882352941176,1.0,1.0,13/46,14.20%,GMIP;CPEB2;KLRK1;CHP1;CTSB;GPSM1;LRRK2;RASA4;SLC39A14;URI1;WNK1;LRCH1;ARL2
KBTBD11,GO_Biological_Process_2023,prerank,Regulation Of Glycolytic Process (GO:0006110),-0.3714791503881093,-0.8915075745645946,0.6352530541012217,1.0,1.0,14/40,20.42%,SIRT6;SLC4A4;ARNT;P2RX7;EIF6;OGT;NCOR1;ARL2;PGAM1;HDAC4;EP300;PRKAG1;ZBTB7A;PPARA
KBTBD11,GO_Biological_Process_2023,prerank,Organic Substance Transport (GO:0071702),0.2910606934876002,0.8910493110657607,0.7990430622009569,1.0,1.0,54/197,17.86%,AQP8;SLC22A11;SLC6A4;ATP2A1;AQP7;TRPV5;CACNG3;KCNN4;CUBN;LMAN2L;SLC22A24;RHCG;SLC50A1;SLC22A25;ABCA12;ABCC11;TRPC3;SCAMP2;ABCG2;CACNG6;RILP;SLCO2A1;RAMP2;SLCO1A2;RAMP1;SELENOK;SCAMP1;SLC29A1;CHKA;SLC22A18;TRPM7;CHRNA7;ARRDC1;ABCC1;PANX1;TXNIP;CLN8;MFSD2B;APOL2;TRPV4;MYH9;SLC22A2;FYN;ABCA2;CAV1;SLC24A1;AQP3;SNX18;CBLIF;NMUR1;NDC1;MIA3;RAB38;SLC22A1
KBTBD11,GO_Biological_Process_2023,prerank,Cellular Response To Reactive Oxygen Species (GO:0034614),0.33065360081388995,0.8909254705836182,0.6823027718550106,1.0,1.0,29/73,19.68%,FABP1;IL6;RHOB;TNFAIP3;TRPA1;RIPK1;HDAC6;CYP1B1;MAPK13;SETX;CRYGD;ANKZF1;MAP3K5;PEX5;FER;ATM;PEX13;MAPK1;PPIF;FYN;PEX12;EGFR;JUN;PRKCD;TPM1;MPV17L;MAPK9;CLU;AKT1
KBTBD11,GO_Biological_Process_2023,prerank,Plasma Membrane Organization (GO:0007009),-0.33298909444310826,-0.8908979530343749,0.6813996316758748,1.0,1.0,32/71,26.70%,CHMP1A;CR1;PACSIN2;SMPD1;CAV3;SYTL4;STX4;SPTBN1;PLSCR1;P2RX7;SNX33;CHMP4A;COLEC12;PLSCR3;PACSIN1;ARV1;EPB41L3;CHMP3;CHMP5;NSF;PLSCR2;PACSIN3;OSBPL2;CHMP1B;CHMP2A;STX2;ABCD1;MYOF;FNBP1L;COL5A1;DMKN;BIN3
KBTBD11,GO_Biological_Process_2023,prerank,Regulation Of Transcription By RNA Polymerase III (GO:0006359),0.3992435877242389,0.8908404479115712,0.6277056277056277,1.0,1.0,10/26,16.13%,SF3B1;POLR3F;ZNF143;ZNF345;CHD8;ZNF76;DEK;ICE2;ZC3H8;RPTOR
KBTBD11,GO_Biological_Process_2023,prerank,Cholesterol Efflux (GO:0033344),-0.41819422822305197,-0.8904569792710937,0.6273062730627307,1.0,1.0,11/23,19.38%,APOM;ABCG4;SOAT1;ABCA5;ABCG8;APOE;NPC1;ABCG1;STX12;TSKU;APOC1
KBTBD11,GO_Biological_Process_2023,prerank,Cell Junction Maintenance (GO:0034331),-0.43858877259983253,-0.8904185585877834,0.6010830324909747,1.0,1.0,6/18,18.28%,CD177;MYADM;CLDN1;CHCHD10;PARD6A;F2R
KBTBD11,GO_Biological_Process_2023,prerank,Regulation Of Neurotransmitter Receptor Activity (GO:0099601),-0.3686131829617627,-0.8903381718231732,0.6355311355311355,1.0,1.0,19/42,24.71%,DLGAP3;OPRM1;CACNG4;CNIH3;NPTX2;CNIH4;NETO1;CACNG2;CACNG5;PTK2B;CACNG7;CACNG8;MEF2C;DLGAP4;NPTX1;SHISA9;MINK1;SHISA7;PRRT1
KBTBD11,GO_Biological_Process_2023,prerank,Antigen Processing And Presentation Of Peptide Antigen Via MHC Class II (GO:0002495),-0.4038045610415443,-0.8902299652887243,0.6436363636363637,1.0,1.0,11/26,22.87%,CTSS;IFI30;HLA-DPA1;HLA-DMB;DNM2;HLA-DMA;HLA-DRB1;CTSD;GNAO1;PIKFYVE;HLA-DRA
KBTBD11,GO_Biological_Process_2023,prerank,Regulation Of Epithelial To Mesenchymal Transition (GO:0010717),0.3196994711887912,0.8898958000655617,0.7210884353741497,1.0,1.0,23/83,15.46%,TWIST1;IL6;GREM1;SPRED2;SDCBP;MAD2L2;ALX1;ZNF750;SMAD7;TGFB1I1;TGFB3;SPRY2;ADIPOR1;SPRED1;SPRED3;CLASP2;EZH2;SMAD3;LDLRAD4;PHLDB1;USF3;CTNNB1;TNXB
KBTBD11,GO_Biological_Process_2023,prerank,Negative Regulation Of Ras Protein Signal Transduction (GO:0046580),0.37286207570411833,0.8898855520504366,0.6321353065539113,1.0,1.0,17/34,25.19%,FBP1;SPRY2;CCDC125;ARHGAP35;STMN3;DYNLL1;KANK1;KCTD10;MAPKAP1;SYNGAP1;ARHGAP24;HEG1;CUL3;SPRY1;STAMBP;SPRY3;EPHB2
KBTBD11,GO_Biological_Process_2023,prerank,Cellular Response To Vascular Endothelial Growth Factor Stimulus (GO:0035924),0.37789601642281057,0.8898150646079647,0.6115702479338843,1.0,1.0,12/33,21.07%,DLL4;MAPKAPK2;RAMP2;SPRY2;SEMA6A;HSPB1;VEGFA;VEGFB;KDR;FLT4;PRKD1;MT1G
KBTBD11,GO_Biological_Process_2023,prerank,Negative Regulation Of Autophagy (GO:0010507),-0.34424807038959926,-0.8895244015365984,0.6567164179104478,1.0,1.0,17/61,20.81%,KIF25;DAPL1;HGF;WDR6;LRRK2;RRAGC;FOXK2;STAT3;KLHL22;TAB2;LEPR;CTSA;RRAGA;DAP;MTMR9;SNCA;RASIP1
KBTBD11,GO_Biological_Process_2023,prerank,Release Of Sequestered Calcium Ion Into Cytosol (GO:0051209),-0.3741518355082568,-0.8889054616454688,0.6600719424460432,1.0,1.0,13/39,22.65%,GP1BB;XCL1;LCK;HTR2B;PKD2;PLCD1;ITPR2;IBTK;F2R;RYR2;PLCE1;ITPR1;RYR1
KBTBD11,GO_Biological_Process_2023,prerank,Endothelial Cell Proliferation (GO:0001935),-0.43485479858656634,-0.8886632860704994,0.6026365348399246,1.0,1.0,4/18,13.80%,BMPR2;BMPER;PRKX;PROK2
KBTBD11,GO_Biological_Process_2023,prerank,Regulation Of Anoikis (GO:2000209),-0.42026218811089233,-0.8885525074416615,0.628731343283582,1.0,1.0,5/21,16.40%,SRC;PTK2;SNAI2;NOTCH1;TLE1
KBTBD11,GO_Biological_Process_2023,prerank,Negative Regulation Of Endoplasmic Reticulum Stress-Induced Intrinsic Apoptotic Signaling Pathway (GO:1902236),0.4524832093421676,0.8885116936373522,0.5978260869565217,1.0,1.0,5/15,13.78%,PTPN1;PARK7;TMBIM6;TXNDC12;OPA1
KBTBD11,GO_Biological_Process_2023,prerank,Regulation Of Sodium Ion Transmembrane Transporter Activity (GO:2000649),-0.37456070745481584,-0.8883106892957241,0.6385321100917432,1.0,1.0,16/36,20.53%,FGF14;CAV3;NEDD4;PTPN3;FXYD1;NETO1;FXYD3;PRKCE;SCN4B;HECW1;YWHAH;WNK2;FGF12;PCSK9;FXYD5;SLMAP
KBTBD11,GO_Biological_Process_2023,prerank,GPI Anchor Biosynthetic Process (GO:0006506),-0.3885830107259598,-0.8882975352726478,0.6090225563909775,1.0,1.0,11/29,21.70%,PIGO;PIGQ;PIGL;PIGB;PIGS;PIGA;PGAP1;DPM2;PIGW;PGF;PIGP
KBTBD11,GO_Biological_Process_2023,prerank,Aminoglycan Biosynthetic Process (GO:0006023),0.41140866607940907,0.8882940626407594,0.6143790849673203,1.0,1.0,6/21,13.69%,GALNT5;B3GNT4;HS3ST1;HS3ST3B1;EXT1;XYLT2
KBTBD11,GO_Biological_Process_2023,prerank,Regulation Of Platelet Activation (GO:0010543),-0.384545303470347,-0.8879111060922013,0.6192307692307693,1.0,1.0,5/28,9.43%,C1QTNF1;GP1BB;F2;GNAQ;LYN
KBTBD11,GO_Biological_Process_2023,prerank,Positive Regulation Of Macromolecule Metabolic Process (GO:0010604),0.2725625686288903,0.8876219887381215,0.934010152284264,1.0,1.0,87/362,19.78%,CD28;DKK1;TWIST1;LAMP3;TLR2;IL33;IL6;MYLK2;PLA2G10;DLL4;MAPK11;RDX;PTPN1;NOS3;FAM98B;SLC11A1;PID1;AZU1;CSF1;PF4;PARK7;AKR1B1;TTBK1;SEC16B;NKX3-1;FUBP1;MITF;MBIP;RIPK1;OCRL;PIK3R3;RAMP2;FGF18;DTNBP1;SPRY2;SOX9;ROBO1;SCRIB;BVES;ADM2;IFNGR1;CALCR;TERF2;MYOM1;MYC;SMAD3;CHRNA7;EZR;GSK3B;VAMP3;RPS7;SRPK2;ROCK1;ATM;MED1;VEGFA;TFRC;MYCN;SLC22A2;DTX3L;KLF4;NGF;BMP7;WNT5A;PRKAB1;MAP2K1;RPL17;DNAJA4;FGFR4;MAP2K5;PDGFB;ITGB8;HMGA2;SCX;ATF2;ATP13A2;CLDN5;RLN2;WARS1;MAPK9;CLU;FGF2;IGF1;MED26;UBR5;AKT1;LAMTOR5
KBTBD11,GO_Biological_Process_2023,prerank,Long-Term Memory (GO:0007616),0.4109373330606665,0.8875147223555574,0.6112311015118791,1.0,1.0,8/20,15.85%,NPAS4;CALB1;RASGRF1;NTF4;SGK1;PRNP;CAMK4;KAT2A
KBTBD11,GO_Biological_Process_2023,prerank,Ras Protein Signal Transduction (GO:0007265),0.29705048772899395,0.8871773961978439,0.8004750593824228,1.0,1.0,39/143,14.19%,GRAP;RHOB;RASGRF1;PLEKHG7;RRAS2;CTNNAL1;PARK7;USP8;ADRA2A;ERAS;RASGEF1B;EPS8L2;ARHGAP6;ARHGDIG;NCKAP1;RASSF1;RGL1;NGFR;MYO9B;NTN1;NKIRAS1;RHOA;DOK6;RASGRF2;RASGRP1;DOK3;ARHGAP35;DOK5;G3BP2;RB1;RAP2C;GNB1;TAX1BP3;ROCK1;EPS8;HRAS;RAPGEF5;MAPKAPK5;RAP1A
KBTBD11,GO_Biological_Process_2023,prerank,Cellular Response To Nitrogen Compound (GO:1901699),-0.4394258133661114,-0.8871291299196298,0.6183206106870229,1.0,1.0,6/16,17.19%,NR1H4;NSMCE3;PDE12;CPS1;TIMELESS;EPG5
KBTBD11,GO_Biological_Process_2023,prerank,Anterograde Trans-Synaptic Signaling (GO:0098916),0.2858075667888582,0.8869102731314187,0.8405466970387244,1.0,1.0,32/199,12.60%,SLC18A3;KCNA1;CHRM1;SCN2B;GAD2;GABRR2;CHRND;HTR4;PDE7B;HTR1E;GLRA3;HTR3E;HTR2C;DLG4;CHRNA10;SDCBP;CHRNE;HTR3A;CHRM5;GPR176;DRD4;APBA1;SNCG;LPAR3;ASIC2;NRXN2;HTR7;SYT10;CHRNA3;GRIK4;HTR1F;DLG1
KBTBD11,GO_Biological_Process_2023,prerank,Pattern Recognition Receptor Signaling Pathway (GO:0002221),-0.3470266326561213,-0.8868728654526071,0.6741996233521658,1.0,1.0,13/56,17.48%,CTSS;LY96;TICAM1;IRAK4;FCN3;NOD2;INAVA;DHX58;IPO5;BCL10;TLR5;MAPKAPK3;NAIP
KBTBD11,GO_Biological_Process_2023,prerank,peptidyl-L-cysteine S-palmitoylation (GO:0018230),-0.41554700723474525,-0.8867766753994833,0.6252354048964218,1.0,1.0,5/22,15.47%,ZDHHC12;ZDHHC22;ZDHHC24;ZDHHC14;ZDHHC11B
KBTBD11,GO_Biological_Process_2023,prerank,peptidyl-S-diacylglycerol-L-cysteine Biosynthetic Process From Peptidyl-Cysteine (GO:0018231),-0.41554700723474525,-0.8867766753994833,0.6252354048964218,1.0,1.0,5/22,15.47%,ZDHHC12;ZDHHC22;ZDHHC24;ZDHHC14;ZDHHC11B
KBTBD11,GO_Biological_Process_2023,prerank,Regulation Of Endothelial Cell Proliferation (GO:0001936),-0.3259895272327987,-0.886571420553712,0.696588868940754,1.0,1.0,28/93,21.63%,FUT2;ALOX5;TIE1;RGCC;BMPR2;TNFSF12;SIRT1;BMP2;LRG1;APOH;EGF;VEGFC;APOE;ARNT;HTR2B;STAT5A;HMGB2;CNMD;SYNJ2BP;SORD;ATP5F1A;PDCD6;CDH13;TEK;ZNF580;MEN1;PPP1R16B;PGF
KBTBD11,GO_Biological_Process_2023,prerank,Stabilization Of Membrane Potential (GO:0030322),0.43311207842191074,0.8863732714868728,0.6283185840707964,1.0,1.0,6/16,11.98%,KCNK9;KCNN4;KCNK10;KCNK17;KCNK6;KCNK5
KBTBD11,GO_Biological_Process_2023,prerank,Regulation Of Interleukin-4 Production (GO:0032673),-0.41463880250232754,-0.886338420541712,0.6378986866791745,1.0,1.0,10/22,20.79%,GATA3;FOXP3;CD86;PRKCZ;IRF4;HLA-DRB1;HLA-E;ZP3;RARA;CEBPB
KBTBD11,GO_Biological_Process_2023,prerank,Positive Regulation Of Extrinsic Apoptotic Signaling Pathway (GO:2001238),-0.38805368215989455,-0.8861900877951883,0.6262230919765166,1.0,1.0,8/31,18.35%,INHBA;TNFSF12;GPER1;LTB;LTBR;BCL10;DEDD2;BID
KBTBD11,GO_Biological_Process_2023,prerank,Regulation Of Leukocyte Chemotaxis (GO:0002688),-0.4514349063009543,-0.8860607886955552,0.6229508196721312,1.0,1.0,7/17,20.96%,F7;XCL1;LYN;PTK2B;MDK;PTN;ZNF580
KBTBD11,GO_Biological_Process_2023,prerank,Protein Acetylation (GO:0006473),-0.39644449146931066,-0.8860597593252375,0.6515151515151515,1.0,1.0,12/29,23.61%,NAA80;SIRT1;KAT5;MAPT;HAT1;GTF2B;ING5;ING4;EP300;KAT6A;SPHK1;ESCO1
KBTBD11,GO_Biological_Process_2023,prerank,Negative Regulation Of Angiogenesis (GO:0016525),0.3166343469342594,0.8859106683766999,0.6928406466512702,1.0,1.0,33/86,21.22%,TNMD;SULF1;PF4;ADGRB1;ANGPT4;KRIT1;PDE3B;EPN1;SPRY2;SPRED1;GHRL;E2F2;ATP2B4;SEMA6A;SERPINF1;ROCK1;AMOT;SPARC;CTNNB1;KLF4;SPINK5;MINAR1;SEMA3E;PGK1;PTPRM;NIBAN2;ATF2;CLDN5;THBS1;MECP2;STAT1;PML;SERPINE1
KBTBD11,GO_Biological_Process_2023,prerank,Porphyrin-Containing Compound Biosynthetic Process (GO:0006779),0.4164183914053872,0.885622041854113,0.6231263383297645,1.0,1.0,10/21,24.41%,FECH;ALAS1;COX15;UROS;ALAS2;RSAD1;SUCLA2;HMBS;SLC25A38;FLVCR1
KBTBD11,GO_Biological_Process_2023,prerank,Positive Regulation Of JUN Kinase Activity (GO:0043507),0.38624649476238193,0.8853076972016368,0.6645435244161358,1.0,1.0,9/29,16.06%,DKK1;PTPN1;DVL2;TRAF2;MAP4K2;MAP3K5;SASH1;MAP3K7;WNT5A
KBTBD11,GO_Biological_Process_2023,prerank,Cell Morphogenesis Involved In Neuron Differentiation (GO:0048667),0.32453096810554205,0.8847200549807739,0.7225950782997763,1.0,1.0,25/77,15.68%,ISL1;S100B;NTNG1;NEFH;MAP1A;ADGRB1;DCDC2;LLGL1;NTNG2;SLITRK4;S100A6;MEF2A;CELSR2;RYK;FGFR2;MAP2;RB1;CTNNA2;UNK;ZDHHC17;DCC;CDHR1;AFG3L2;TRIM46;RAB3A
KBTBD11,GO_Biological_Process_2023,prerank,Sprouting Angiogenesis (GO:0002040),0.3474708255546524,0.8844881526780562,0.6637931034482759,1.0,1.0,21/52,21.54%,RSPO3;GREM1;PIK3R3;RAMP2;ROBO1;ADGRA2;EFNB2;E2F8;VEGFA;SEMA5A;SEMA3E;VEGFB;MIA3;KDR;FGF2;THBS1;AKT1;GPLD1;FLT4;RNF213;DLL1
KBTBD11,GO_Biological_Process_2023,prerank,Negative Regulation Of Telomere Maintenance Via Telomere Lengthening (GO:1904357),-0.4071377842239371,-0.8838376956658011,0.6187943262411347,1.0,1.0,9/25,16.16%,SRC;EXOSC10;TNKS2;TENT4B;POT1;HNRNPA1;TERF1;STON1;HNRNPC
KBTBD11,GO_Biological_Process_2023,prerank,Adenylate Cyclase-Modulating G Protein-Coupled Receptor Signaling Pathway (GO:0007188),-0.30413091006776194,-0.8838049900924214,0.7608318890814558,1.0,1.0,38/161,17.46%,MCHR1;PTGIR;FPR1;ADGRF5;ADCY7;ADGRF3;CALCA;MC5R;GPER1;GNAQ;GPR3;ADCY9;CHRM2;GABBR2;LHCGR;PDE2A;OPRK1;GNA14;CORT;ADORA2B;CACNA1D;GPR78;ADGRL1;RAMP3;GHRHR;AKAP5;GPHA2;CNR1;ADGRL4;GNA11;GNAT2;VIPR2;ADGRB3;GPR37;ADGRE5;ADRA1D;GPR161;ADGRB2
KBTBD11,GO_Biological_Process_2023,prerank,Sympathetic Nervous System Development (GO:0048485),-0.4537072086995491,-0.8838005650736722,0.6410256410256411,1.0,1.0,4/15,16.82%,GATA3;NTRK1;SEMA3A;SOX4
KBTBD11,GO_Biological_Process_2023,prerank,Negative Regulation Of Intracellular Signal Transduction (GO:1902532),-0.29185781348854306,-0.8836071046384149,0.8164335664335665,1.0,1.0,76/229,23.63%,TRIM15;SRC;TNFAIP8L1;NR1H4;MMP9;PIK3IP1;IRGM;FAM89B;NOL3;TMEM127;SLA2;SIRT1;AKT1S1;GPER1;CAV3;NLRP12;MUL1;CD2AP;LYN;MYADM;PDE2A;DRD3;LRP1;AJUBA;HERPUD1;DUSP26;NLRC3;RACK1;SHANK2;P2RX7;MYO1C;PSMD10;TSC2;ZC3H12A;DAG1;URI1;DUSP4;OTUD3;MAP2K3;DDIT4;USP10;BCL2L1;NDUFA13;TLE1;HAPSTR1;GSK3A;SORD;NPRL3;CACTIN;ENDOG;CASC2;CDC34;PDCD6;RHOH;DAB2IP;PTPRJ;PLEKHA1;VGLL4;CARD8;PPARA;CGNL1;RNF34;ARRB2;ITPR1;HLA-G;NUAK2;CYLD;CIB1;NLRX1;TSSK3;OTUD7B;DUSP3;PTEN;DDX3X;SH2B3;NOP53
KBTBD11,GO_Biological_Process_2023,prerank,Negative Regulation Of Epithelial Cell Differentiation (GO:0030857),0.4420570059950411,0.8835913443399158,0.6241758241758242,1.0,1.0,5/15,10.31%,NOTCH4;SPRED2;SPRY2;SPRED1;SPRED3
KBTBD11,GO_Biological_Process_2023,prerank,Response To Ionizing Radiation (GO:0010212),-0.33550886599877694,-0.8835760561289646,0.681260945709282,1.0,1.0,37/72,26.21%,SIRT1;SMPD1;KAT5;EEF1D;BRSK1;RAD9A;INIP;BARD1;NABP2;TP53;DEPDC1B;BABAM2;DCUN1D3;XRRA1;PAXIP1;HUS1;STK11;FANCD2;RNF168;CLK2;USP28;MRNIP;IKBIP;INO80;MTA1;MEN1;TICRR;INTS7;EYA3;GRB2;IFI16;RAD51AP1;ERCC4;MAPK14;CDKN1A;INTS3;NHEJ1
KBTBD11,GO_Biological_Process_2023,prerank,Mitochondrial Transport (GO:0006839),-0.35274581642499814,-0.8833919767988048,0.6720720720720721,1.0,1.0,18/53,20.59%,TIMM10;DNAJC19;SLC25A4;TOMM34;MFF;TOMM5;GDAP1;TIMM9;STARD3;AIP;BCL2L1;TIMM13;MFN2;OXA1L;PRKN;BAK1;SLC25A24;MTX2
KBTBD11,GO_Biological_Process_2023,prerank,Positive Regulation Of Cell Migration (GO:0030335),-0.28720242448906524,-0.8833284898791701,0.8465430016863407,1.0,1.0,68/272,19.92%,SRC;RIPOR1;F7;TCAF2;SEMA7A;SEMA6C;TRADD;FGF1;VSIR;PTK2;SPAG9;FAM89B;BMPR2;DAAM2;HGF;F10;LAMC2;BMP2;ANGPTL3;GPER1;MADCAM1;MAP4K4;TGFB2;CRKL;PDGFRB;STX4;DOCK1;EGF;ZNF703;MYADM;SNAI2;CLDN1;RACK1;STAT3;MYO1C;NOTCH1;PDCD10;SEMA3G;GLIPR2;PAK1;SEMA3A;SRGAP2C;PTK2B;PRKCE;GRB7;TDGF1;ELP6;SEMA4F;GPNMB;CEMIP;SH3RF2;MAZ;DAB2;SEMA3D;F2R;ROCK2;DAB2IP;CDH13;MDK;CXCL12;PDGFD;RAPGEF2;SEMA6B;MGAT5;FAM110C;ZP3;FERMT2;NTRK3
KBTBD11,GO_Biological_Process_2023,prerank,Protein-Containing Complex Assembly (GO:0065003),-0.28377211446288586,-0.883020299189861,0.8504983388704319,1.0,1.0,107/324,22.39%,SRC;SRPRA;CLTA;CENPT;FMOD;CCDC103;NCK2;DNAAF6;IRGM;WAS;NOL3;EPS15;PLEKHA7;VAMP4;DNAAF1;HFE;CD247;ANKS4B;TAPBP;CD2AP;CAPZA1;LRRK2;TMEM35A;DNAJB12;PDE4DIP;CAND2;ASB2;DNAAF11;NCK1;IL2RB;TCP1;PDCL;CLDN1;HIP1R;CYBA;LPXN;P2RX7;TRAPPC11;HIGD2A;RSPH9;MAPT;ZC3H12A;VAMP1;PIH1D1;CENPF;CHCHD10;NPC1;CAPN3;CD74;CHMP4A;DNAJB14;TP53;STXBP1;IKBKG;TRAPPC8;PTGES3;PTK2B;PFDN5;TRAPPC2L;YAP1;GTF2B;UVRAG;CCDC40;CENPE;DNAAF2;ELOB;TEAD2;AP2M1;PSMG3;PEF1;FANCC;CENPW;PDZD11;USH1C;PDCD6;CXCL12;RPL38;TFAP4;CHCHD7;NAPG;TBCE;OMA1;STXBP6;PXN;NIFK;FERMT2;SMAD4;TGFB1;TMEM70;SNCA;VAMP8;FANCA;DHX9;HES1;PSMG2;KLHL12;MNAT1;RSPH4A;CHCHD4;GARS1;OCLN;CHMP3;HIGD1A;VAMP2;PALS2;HIGD1B;HGSNAT
KBTBD11,GO_Biological_Process_2023,prerank,Diacylglycerol Metabolic Process (GO:0046339),-0.414278475929007,-0.8829797060524065,0.6557377049180327,1.0,1.0,10/23,20.99%,MOGAT1;DGKI;DGKK;DAGLA;GPAM;DGKE;DAGLB;PLCE1;DGKA;DGKQ
KBTBD11,GO_Biological_Process_2023,prerank,Protein Methylation (GO:0006479),-0.3734416052410308,-0.8829465099873743,0.6422018348623854,1.0,1.0,15/35,24.92%,METTL21EP;GSPT1;PRMT8;PRMT1;SNRPD3;METTL22;VCPKMT;N6AMT1;CARM1;LCMT1;PRMT2;CSKMT;EEF1AKMT3;PRMT7;METTL21A
KBTBD11,GO_Biological_Process_2023,prerank,Outflow Tract Septum Morphogenesis (GO:0003148),-0.4025784532077801,-0.8828664794268315,0.6502835538752363,1.0,1.0,8/24,20.20%,BMPR2;FGF8;TGFB2;SMAD6;TGFBR2;ENG;ZFPM2;SMAD4
KBTBD11,GO_Biological_Process_2023,prerank,Inorganic Cation Import Across Plasma Membrane (GO:0098659),0.3099909373182642,0.8827581137990402,0.7139737991266376,1.0,1.0,34/103,21.03%,AQP8;SLC9A3;TRPM1;KCNK9;SLC9A2;TRPV5;ATP1A4;TRPV3;ATP1A3;KCNJ4;KCNJ8;CACNA1I;HCN2;SLC12A1;SLC8A3;SCN4A;ATP2B4;SLC8A2;KCNH2;TRPV4;SLC8A1;SLC24A2;SLC24A1;SCNN1B;KCNE2;SCN7A;SLC9A9;CLU;FXYD2;CACNA1C;SCN9A;KCNJ13;SLC39A8;SLC9A7
KBTBD11,GO_Biological_Process_2023,prerank,Positive Regulation Of Protein Localization To Membrane (GO:1905477),-0.33228820367974166,-0.882719718090421,0.7272727272727273,1.0,1.0,24/79,19.26%,TCAF2;ITGB2;SQSTM1;CHP1;GPER1;STAC2;MFF;ITGAM;STX4;CD81;SPTBN1;LRP1;RAMP3;MYO1C;AKAP5;PTPN9;MIEF1;PRKCE;PLS1;CEMIP;STAC;TNFAIP6;PRKN;TCAF1
KBTBD11,GO_Biological_Process_2023,prerank,Steroid Biosynthetic Process (GO:0006694),0.34743829715478686,0.8827034945158307,0.6883408071748879,1.0,1.0,16/50,21.17%,OSBPL7;PRLR;BAAT;OSBPL3;DHRS11;CYP7B1;CYP39A1;HSD17B3;CYP19A1;MSMO1;PRKAG2;HSD17B1;OSBPL9;OSBPL6;SCP2;HSD3B7
KBTBD11,GO_Biological_Process_2023,prerank,Mitochondrial RNA Metabolic Process (GO:0000959),-0.423799303578112,-0.8821417229281501,0.6597353497164461,1.0,1.0,8/20,27.26%,FASTKD5;TFB2M;TBRG4;SLC25A33;TFB1M;FASTKD1;MTERF2;MTERF1
KBTBD11,GO_Biological_Process_2023,prerank,tRNA Aminoacylation (GO:0043039),-0.4156101375429669,-0.8817061860315839,0.6216730038022814,1.0,1.0,13/22,26.17%,HARS1;GATC;IARS1;MARS2;FARS2;QARS1;LARS2;GARS1;QRSL1;IARS2;LARS1;VARS1;NARS1
KBTBD11,GO_Biological_Process_2023,prerank,Negative Regulation Of Cell Cycle G1/S Phase Transition (GO:1902807),0.36205371562076527,0.8814008216462123,0.6711409395973155,1.0,1.0,14/35,18.30%,MYO16;GFI1B;SUSD2;BRD7;SOX2;FHL1;DLG1;RB1;KANK2;DACT1;KLF4;RBL1;CRLF3;CDK2AP2
KBTBD11,GO_Biological_Process_2023,prerank,Regulation Of Platelet Aggregation (GO:0090330),0.39269604769703514,0.8812566817171166,0.623721881390593,1.0,1.0,9/25,19.60%,IL6;ALOX12;SERPINE2;CEACAM1;MFSD2B;PRKCA;PRKG1;PRKCD;IL6ST
KBTBD11,GO_Biological_Process_2023,prerank,Regulation Of Defense Response (GO:0031347),-0.32013605581687465,-0.8811220665961996,0.7380073800738007,1.0,1.0,26/95,22.29%,NLRP8;ALOX5;SEMA7A;XCL1;MGLL;AHSG;IL1R1;SBNO2;NOD2;APOE;APPL1;PTGES;DHX58;ZMPSTE24;BIRC2;ADAMTS12;BCL6;PIK3AP1;SETD6;SHPK;NR1D2;DAGLB;RNF135;CYLD;AGER;ALOX15
KBTBD11,GO_Biological_Process_2023,prerank,"Retrograde Transport, Endosome To Golgi (GO:0042147)",-0.31888744902468513,-0.8809808766119596,0.7504363001745201,1.0,1.0,28/92,22.97%,CLN5;TBC1D10C;SPAG9;YKT6;RAB43;HEATR5B;PHETA2;VTI1A;RAB7A;PLEKHJ1;STX5;VPS53;RCSD1;SNX12;HEATR5A;VPS26A;BET1L;GGA1;TBC1D23;SNX6;TMED9;STX10;VPS29;WASH6P;PIKFYVE;MAGEL2;ARL1;RNF126
KBTBD11,GO_Biological_Process_2023,prerank,Chaperone-Mediated Protein Complex Assembly (GO:0051131),0.4028704814881087,0.8808715080503683,0.6519823788546255,1.0,1.0,11/21,25.51%,NDUFAF1;BBS12;PSMG1;CLU;MKKS;HSPD1;PTGES3L;CCT2;HSPA4;PFDN6;HSP90AB1
KBTBD11,GO_Biological_Process_2023,prerank,Macromolecule Catabolic Process (GO:0009057),-0.3240594608081807,-0.8804092972096215,0.7186932849364791,1.0,1.0,24/85,19.23%,CLN5;SQSTM1;EXOSC10;SNX25;IDE;PRSS16;CHEK2;EXOSC7;NEDD4;EXOSC5;CASP7;CAPN3;PIK3R4;RNASEH2A;RNASEH2B;UVRAG;APEX1;EXOSC4;PRKN;DAB2IP;EXOSC3;EXOSC1;DIS3;EXOSC2
KBTBD11,GO_Biological_Process_2023,prerank,Pyroptosis (GO:0070269),-0.39515093504723375,-0.8803692053915102,0.6580882352941176,1.0,1.0,8/28,24.14%,IFI27;GSDME;MAP3K20;NAIP;DHX9;NLRC4;APIP;NLRP1
KBTBD11,GO_Biological_Process_2023,prerank,COPII-coated Vesicle Budding (GO:0090114),0.3636792459661434,0.8801830636031327,0.6767241379310345,1.0,1.0,21/36,26.22%,SAR1A;SEC24C;SEC31B;TRAPPC4;TMED10;SH2D2A;SEC24A;SEC24D;TRAPPC3;RAB1A;PREB;TRAPPC1;MIA3;TMED2;TRAPPC12;VAPB;SEC31A;CUL3;TRAPPC5;TRAPPC6A;CSNK1D
KBTBD11,GO_Biological_Process_2023,prerank,Regulation Of Cell Motility (GO:2000145),0.3023402134340441,0.8800169208889747,0.7707317073170732,1.0,1.0,36/123,17.39%,TWIST1;DUOX1;TNN;RHOB;TNR;FUT3;PLXNA4;SGK1;OCRL;FGF18;CAMSAP3;ABL1;NTN1;TRIM32;RHOA;CADM4;CCDC125;CRK;PRAG1;DOCK10;SERPINE2;ABL2;CEACAM1;ROCK1;AMOT;SPINT2;RAF1;ERBB4;FYN;TNXB;PLXNB2;CYRIB;FLNA;TMSB4X;TMSB15A;OSGIN1
KBTBD11,GO_Biological_Process_2023,prerank,Negative Regulation Of Cysteine-Type Endopeptidase Activity Involved In Apoptotic Process (GO:0043154),-0.35393221755391946,-0.8799508033587586,0.6853932584269663,1.0,1.0,21/49,20.71%,PAX2;SRC;MMP9;NOL3;BCL2L12;HGF;IFI6;AVP;PIH1D1;DPEP1;CSNK2A1;SH3RF1;GPX1;ARL6IP1;SFN;NAIP;CDKN2D;GAS6;IGBP1;SNCA;RNF34
KBTBD11,GO_Biological_Process_2023,prerank,Transcription By RNA Polymerase II (GO:0006366),-0.2951383251724248,-0.8796914605026882,0.8214285714285714,1.0,1.0,70/192,24.37%,CCDC124;IRF9;POLR2J;TAF1C;POLR2I;SSU72;TRIP13;TAF7;SNAPC2;GTF2A2;GLIS3;MED27;GTF2A1L;COPS2;ETV7;NFIX;TAF2;ELL;RTF1;SNAPC3;POLR2A;C5AR1;SUPT4H1;DPEP1;DDX21;RPRD1A;TAF1A;NOCT;POLR2E;GTF2B;POLR2K;TAF6;ELOB;ERCC3;MAZ;TAF13;CDK12;ZBTB7B;POLR2L;TAF11;NCOA2;CTDP1;PIR;SNAPC5;PAAF1;CBFB;LEO1;ELP2;NFYA;GTF2F2;DTX1;HSF2BP;RARA;MED18;ARRB2;GTF2H1;MNAT1;SUPT16H;CEBPD;RREB1;ZNF141;ELOF1;GTF2A1;TBP;NCBP1;NFE2L3;RBMX;TAF4;ATF4;PCID2
KBTBD11,GO_Biological_Process_2023,prerank,Leukotriene Biosynthetic Process (GO:0019370),-0.4431232235247672,-0.8795968460211784,0.6357012750455373,1.0,1.0,2/17,11.13%,GGTA1;GGT7
KBTBD11,GO_Biological_Process_2023,prerank,Regulation Of Stem Cell Differentiation (GO:2000736),-0.3605220250354508,-0.8791860302086704,0.6970227670753065,1.0,1.0,18/45,23.09%,TACSTD2;SIRT6;MTA3;KAT5;SLC4A11;CHD4;NOTCH1;OCIAD1;JAG1;CHD3;MTA2;PTN;MTCH2;HES1;MTA1;NELFB;SMYD5;PUS7
KBTBD11,GO_Biological_Process_2023,prerank,Cellular Response To Fatty Acid (GO:0071398),-0.4403382849609323,-0.8791326881239556,0.6275992438563327,1.0,1.0,3/16,12.96%,NR1H4;KCNK4;ZC3H12A
KBTBD11,GO_Biological_Process_2023,prerank,Regulation Of Cell Migration (GO:0030334),-0.27413373742882235,-0.8790749874761524,0.9141494435612083,1.0,1.0,112/433,20.31%,FGF21;SRC;RIPOR1;F7;TCAF2;SEMA7A;FGF9;PLXNA2;SEMA6C;TRADD;FGF1;VSIR;PTK2;CHRD;SPAG9;FAM89B;ROBO4;CDH11;DAAM2;HGF;ING2;F10;LAMC2;BMP2;ANGPTL3;MCTP1;GPER1;FGF8;MAP4K4;SRGAP1;SINHCAF;PRKX;PDGFRB;STX4;EGF;ZNF703;PTPRT;MYADM;SNAI2;TTBK2;CORT;FGF22;AMH;CLDN1;ARHGAP4;LMNA;EMILIN1;RACK1;APPL1;SIN3B;STAT3;MYO1C;NOTCH1;ARPIN;ADAM15;DUSP22;MAPK15;DAG1;ZMYND8;OGT;CD74;PDCD10;DPEP1;NEXN;JAG1;ENG;YTHDF3;SEMA3G;PAK1;SPATA13;PTK2B;ADARB1;GRB7;TDGF1;RAP2B;ELP6;SEMA4F;GPNMB;DNAI3;BST2;CEMIP;FRMD5;IGFBP5;SH3RF2;MAZ;DAB2;AMOTL2;SEMA3D;F2R;ROCK2;PLXNB1;PTPRJ;CDH13;MDK;CXCL12;PDGFD;FGF19;CITED2;PLXND1;TCAF1;SEMA6B;RNF41;MGAT5;MGAT3;FAM110C;NKD1;GTPBP4;FERMT2;NTRK3;RAP2A;TGFB1;SCAI
KBTBD11,GO_Biological_Process_2023,prerank,Positive Regulation Of Cell Cycle G1/S Phase Transition (GO:1902808),0.3636198344481072,0.878982845437359,0.6888888888888889,1.0,1.0,20/40,24.96%,RDX;LSM11;HYAL1;EZH2;RRM1;RRM2;RPTOR;EGFR;PLCB1;UBE2E2;CENPJ;ADAMTS1;AKT1;AIF1;KMT2E;SASS6;FAM83D;STOX1;NANOGP8;PHB2
KBTBD11,GO_Biological_Process_2023,prerank,Regulation Of Fat Cell Differentiation (GO:0045598),-0.3268974086898318,-0.8787449076769497,0.7490706319702602,1.0,1.0,23/75,20.79%,ALOX5;ADIRF;RARRES2;GDF3;SIRT6;ZBTB16;SIRT1;TRIB3;BMP2;GPER1;FTO;TMEM64;ZC3H12A;NOCT;YAP1;CARM1;GNB3;WWTR1;E2F1;ASXL1;FERMT2;TGFB1;CEBPB
KBTBD11,GO_Biological_Process_2023,prerank,Muscle Organ Development (GO:0007517),-0.345070372870774,-0.8786981798580824,0.668488160291439,1.0,1.0,19/57,23.69%,SGCA;SGCG;MAPK12;CAV3;COL6A3;TCF12;ITGA7;CAPN3;FHL3;VAMP5;TEAD4;FXR1;EMD;MEF2C;NEB;HBEGF;CACNA1H;ITGA11;CHD2
KBTBD11,GO_Biological_Process_2023,prerank,Myoblast Differentiation (GO:0045445),-0.43284381208949074,-0.8785307159017357,0.639344262295082,1.0,1.0,8/19,16.97%,MAPK12;MYOCD;HINFP;PLEKHM3;SRF;NOTCH1;JAG1;SOX15
KBTBD11,GO_Biological_Process_2023,prerank,Response To Peptide Hormone (GO:0043434),-0.35053773059809,-0.8784072313065512,0.6757246376811594,1.0,1.0,14/54,18.29%,SRC;SIRT1;GPER1;CRY1;TCF12;STAT3;GHRHR;EIF6;OGT;CITED1;STAT5A;IGFBP5;ZBTB7B;ROCK2
KBTBD11,GO_Biological_Process_2023,prerank,Protein Localization To Lysosome (GO:0061462),-0.3685397738191737,-0.8783611471735755,0.673992673992674,1.0,1.0,18/40,21.39%,RNF128;CACNG4;KPTN;RAB7A;NEDD4;CD81;AP3M1;PXK;CACNG2;CACNG5;PIK3R4;CACNG7;LAMTOR4;CACNG8;ATG14;GLMP;SNX16;M6PR
KBTBD11,GO_Biological_Process_2023,prerank,Negative Regulation Of Natural Killer Cell Mediated Cytotoxicity (GO:0045953),0.436542522534571,0.8782692431029941,0.616557734204793,1.0,1.0,4/16,12.71%,SERPINB4;SERPINB9;MICA;CEACAM1
KBTBD11,GO_Biological_Process_2023,prerank,Protein Alkylation (GO:0008213),-0.40375558979563836,-0.8780975608829338,0.6353383458646616,1.0,1.0,9/23,20.72%,GSPT1;PRMT8;PRMT1;SNRPD3;METTL22;VCPKMT;LCMT1;PRMT2;CSKMT
KBTBD11,GO_Biological_Process_2023,prerank,Intracellular Monoatomic Cation Homeostasis (GO:0030003),-0.29771253790217145,-0.8780532957959678,0.8151986183074266,1.0,1.0,56/190,21.52%,CTRC;SLC30A2;TMPRSS6;TMC8;ATP12A;SOD1;FRRS1;PLN;ATP2C2;ATP6V0D1;DMPK;ATP6AP1;GLRX3;SLC4A11;SLC30A7;HFE;ATP1B3;ABCB7;SCNN1G;SCNN1A;TMPRSS4;ATP1A2;ANKRD9;DRD3;LCK;SCARA5;SLC39A14;SLC39A7;HTR2B;TPT1;SLC24A3;FBXL5;EDNRA;SLC22A17;TPCN2;SLC30A10;CYBRD1;KCNJ2;ATP4A;ATP6V0A2;BMP6;STC2;MT2A;STIM1;CYB561A3;CXCL12;ATP1B1;RYR2;ATP7B;TFR2;SMAD4;FXN;SLC12A2;SLC39A13;STIM2;ATP1B2
KBTBD11,GO_Biological_Process_2023,prerank,Potassium Ion Import Across Plasma Membrane (GO:1990573),-0.3624776561704347,-0.8780068606981591,0.6952380952380952,1.0,1.0,19/42,21.52%,SLC12A3;KCNJ6;KCNJ11;ATP12A;KCNJ9;ATP1B3;ATP1A2;KCNJ10;SLC12A4;KCNJ2;ATP4A;SLC12A6;KCNJ14;ATP1B1;SLC12A9;SLC12A8;SLC12A2;HCN4;ATP1B2
KBTBD11,GO_Biological_Process_2023,prerank,Negative Regulation Of Epithelial Cell Proliferation (GO:0050680),0.32308367228606777,0.8771905993427881,0.7110609480812641,1.0,1.0,29/70,21.43%,TNMD;SULF1;TINF2;GDF5;NKX3-1;KRIT1;DUSP10;EPPK1;SOX2;SOX9;ROBO1;CAV2;GHRL;CDKN2B;FGFR2;CEACAM1;B2M;MED1;SPARC;CAV1;BRCA2;PTPRM;MTSS1;THBS1;STAT1;TGFBR3;CASK;CDK6;MARVELD3
KBTBD11,GO_Biological_Process_2023,prerank,Vasculature Development (GO:0001944),0.4331155658507454,0.8770238216425277,0.6203090507726269,1.0,1.0,2/16,2.86%,SOX18;NOTCH4
KBTBD11,GO_Biological_Process_2023,prerank,Regulation Of Mitochondrion Organization (GO:0010821),-0.35193898853981576,-0.8769625321377995,0.6973684210526315,1.0,1.0,20/50,22.35%,TMEM102;SQSTM1;MUL1;MFF;LRRK2;PDE2A;SFI1;MAPT;GOLPH3;CSNK2A2;EP300;GSK3A;PLSCR3;FBXW7;PRKN;SIRT7;OMA1;MTCH2;INF2;SREBF2
KBTBD11,GO_Biological_Process_2023,prerank,Regulation Of Amyloid-Beta Formation (GO:1902003),0.3689278061778703,0.8769216678596164,0.6766595289079229,1.0,1.0,15/33,19.44%,BIN1;TMED10;SLC2A13;RTN3;PRNP;IFNGR1;CHRNA7;RTN4;ABCA7;GGA3;ROCK1;EFNA1;RTN1;CLU;IGF1
KBTBD11,GO_Biological_Process_2023,prerank,Negative Regulation Of Neuron Apoptotic Process (GO:0043524),-0.32727629804464287,-0.8767807572174949,0.7256317689530686,1.0,1.0,26/74,19.87%,CNTFR;SOD1;POU4F1;CNTF;RASA1;VSTM2L;NTRK1;NTRK2;FZD9;APOE;SIX1;FOXB1;CITED1;RETREG1;PTK2B;ERBB3;PRKCG;BDNF;KDM2B;NAIP;SNX6;F2R;PRKN;MDK;NFATC4;MEF2C
KBTBD11,GO_Biological_Process_2023,prerank,Golgi To Plasma Membrane Transport (GO:0006893),-0.3566397927260167,-0.8765016232069655,0.6879699248120301,1.0,1.0,20/47,22.50%,ARL3;SPTBN1;OPTN;OSBPL5;EXOC8;GOLGA4;GOLPH3;COMMD1;PHAF1;GGA1;VAMP5;GOLPH3L;RAB31;EXOC5;RAB26;BBS1;BBS2;RAB10;VAMP2;NSF
KBTBD11,GO_Biological_Process_2023,prerank,Negative Regulation Of Protein Processing (GO:0010955),0.44750885219696834,0.8762039018057451,0.6327800829875518,1.0,1.0,9/15,21.22%,NLRP7;SERPINF2;PRNP;SERPINE2;CHAC1;PLAT;THBS1;CTSZ;SERPINE1
KBTBD11,GO_Biological_Process_2023,prerank,Protein Targeting To Peroxisome (GO:0006625),0.42560061879602373,0.876101204604777,0.6190476190476191,1.0,1.0,6/16,18.60%,TRIM37;LONP2;PEX5;PEX7;PEX12;PEX6
KBTBD11,GO_Biological_Process_2023,prerank,Neuron Projection Morphogenesis (GO:0048812),0.2948280221850411,0.875997987496315,0.8021276595744681,1.0,1.0,48/146,17.40%,MYO16;ISL1;TNN;S100B;NTNG1;SPAG6;NEFH;NTF4;MAP1A;SGK1;ADGRB1;DLG4;DCDC2;LLGL1;CPNE1;NCKAP1;DTNBP1;NTNG2;SLITRK4;S100A6;DOCK10;ARHGAP35;MEF2A;UBB;CELSR2;RYK;FGFR2;MAP2;DICER1;CTNNA2;ROCK1;GAS7;ZDHHC17;DCC;CTNNB1;NBL1;DCLK1;AFG3L2;IQGAP1;TRIM46;NGF;RAB3A;BMP7;CNTNAP2;CNTNAP1;MAPK8IP2;CTTN;ALS2
KBTBD11,GO_Biological_Process_2023,prerank,Positive Regulation Of Osteoblast Differentiation (GO:0045669),-0.360556480195778,-0.8755294033140252,0.6913123844731978,1.0,1.0,12/44,19.88%,WNT4;SCUBE3;BMPR2;NPNT;HGF;TP63;YAP1;DNAI3;BMP6;WWTR1;MEF2C;FERMT2
KBTBD11,GO_Biological_Process_2023,prerank,Regulation Of Extrinsic Apoptotic Signaling Pathway Via Death Domain Receptors (GO:1902041),0.38008466343356534,0.8755168242723006,0.6708333333333333,1.0,1.0,10/31,21.95%,SCRT2;NOS3;TNFAIP3;ETFA;GSK3B;FAIM;SP100;THBS1;SERPINE1;PMAIP1
KBTBD11,GO_Biological_Process_2023,prerank,Positive Regulation Of DNA Biosynthetic Process (GO:2000573),0.33226183556937633,0.8753995123330718,0.7346938775510204,1.0,1.0,32/65,22.68%,CHTF8;GREM1;CCT7;DSCC1;PARM1;TNIP1;MYC;GINS1;CCT4;ATM;USP1;MAPKAPK5;RFC4;MAPK1;CTNNB1;CCT8;AURKB;KLF4;DKC1;RFC3;FGFR4;PDGFB;WRAP53;NEK2;TNKS;FGF2;CCT3;SMOC2;GINS4;MAP3K4;CCT2;FBXO4
KBTBD11,GO_Biological_Process_2023,prerank,Protein Localization To Organelle (GO:0033365),-0.30383374164271354,-0.8753342375387229,0.7871198568872988,1.0,1.0,57/136,25.88%,RIPOR1;TTC21A;SGCG;ISG15;PACSIN2;ARL3;GABARAPL2;TULP2;FAM149B1;CROCC;HHEX;LRRK2;RAB33B;TIA1;YWHAE;DNAAF11;PPP1R15A;DCP1A;OPTN;SIX1;FSIP2;LMNA;VAPA;RCSD1;PAK1;BICD2;RPA1;GET3;DDX1;XPA;BANP;TMEM30A;TTC21B;TOLLIP;OBSL1;MTCH2;ZBTB7A;DHX9;SARM1;BBS1;PIKFYVE;AUP1;NUAK2;BBS2;ARL1;RAB8A;ARF6;DVL1;DDX3X;ARL6;RAB11A;SORL1;TOR1B;SIX4;PEX2;RAB35;CAMLG
KBTBD11,GO_Biological_Process_2023,prerank,Monoatomic Cation Transmembrane Transport (GO:0098655),0.2731328411697065,0.8752301412663323,0.9362745098039216,1.0,1.0,64/281,15.45%,SLC9A3;KCNA1;SLC36A3;SLC6A4;ATP2A1;TRPM5;TRPM1;KCNK9;SCN2B;SLC9A2;TRPV5;SLC6A13;KCNN4;ATP1A4;KCND1;TRPV3;NALCN;KCNF1;SLC11A1;KCNS1;KCNA7;KCNK10;MCOLN3;TRPC3;ATP1A3;KCNJ8;TRPA1;ATP6V0C;SLC6A11;KCNN3;HCN2;SLC12A1;SLC8A3;KCNK17;SLC46A1;SCN1B;ASIC2;SLC6A8;KCNN2;KCNH7;SCN4A;ATP2B4;TRPM7;KCNK6;ATP6V1C1;KCNK5;TRPC4AP;COX15;SLC30A1;SLC8A2;SLC30A8;KCNQ1;ATP6V1D;SLC36A1;KCNH2;ATP5F1B;ANO6;TRPV4;SLC8A1;KCNA3;SLC6A16;ASIC1;KCNQ3;SLC24A2
KBTBD11,GO_Biological_Process_2023,prerank,Positive Regulation Of Cell Cycle Process (GO:0090068),0.3028507448639318,0.8748220442230651,0.7727272727272727,1.0,1.0,36/118,20.43%,CD28;CXCR5;MAP10;CEP295;RANBP1;ZNF16;PHIP;TPR;NCAPD2;RHOA;SMC2;NDC80;CSPP1;RRM1;CDC7;CDC6;RAD18;SPAST;KIF23;OOEP;SMC6;E2F8;CEP120;GEN1;AURKB;RRM2B;PDGFB;RHNO1;CENPJ;SVIL;SIRT2;AURKA;NCAPG2;IGF1;INCENP;INSR
KBTBD11,GO_Biological_Process_2023,prerank,Late Endosome To Vacuole Transport Via Multivesicular Body Sorting Pathway (GO:0032511),-0.393214665809195,-0.8744819743721227,0.6754221388367729,1.0,1.0,7/24,16.36%,TSG101;PTPN23;VPS37B;STAM2;VPS25;VPS37C;VPS36
KBTBD11,GO_Biological_Process_2023,prerank,Tumor Necrosis Factor-Mediated Signaling Pathway (GO:0033209),-0.3688830259647824,-0.8744776678548544,0.6673189823874756,1.0,1.0,11/38,18.45%,TRADD;PYDC1;TNFSF11;TRAF5;CARD14;TP53;PTK2B;RRAGA;BIRC2;EIF5A;CHUK
KBTBD11,GO_Biological_Process_2023,prerank,Amyloid Fibril Formation (GO:1990000),-0.40570438259457886,-0.8744125441014637,0.6443202979515829,1.0,1.0,11/24,25.45%,BACE1;SERF1A;USP9X;MAPT;HNRNPA1;GSN;PRKN;SNCA;FURIN;CD36;TARDBP
KBTBD11,GO_Biological_Process_2023,prerank,Positive Regulation Of Secretion (GO:0051047),-0.4491468027353562,-0.8743062591160474,0.6229508196721312,1.0,1.0,3/15,21.49%,SCIN;ALOX12B;NPR1
KBTBD11,GO_Biological_Process_2023,prerank,Positive Regulation Of Neuron Apoptotic Process (GO:0043525),-0.3951013983357122,-0.8742696398075437,0.6602316602316602,1.0,1.0,9/23,22.87%,BACE1;TGFB2;ITGAM;BAX;FBXW7;EPHA7;CDK5;PCSK9;MCL1
KBTBD11,GO_Biological_Process_2023,prerank,Mesoderm Formation (GO:0001707),-0.4169317379646448,-0.8741649131650175,0.6378676470588235,1.0,1.0,4/19,8.12%,ITGA8;BMPR2;CRB2;TBX19
KBTBD11,GO_Biological_Process_2023,prerank,Positive Regulation Of Cell Motility (GO:2000147),-0.28983974799867246,-0.873708536584024,0.8228279386712095,1.0,1.0,58/221,20.24%,RIPOR1;F7;TCAF2;SEMA7A;SEMA6C;TRADD;FGF1;VSIR;PTK2;SPAG9;FAM89B;DAAM2;HGF;F10;LAMC2;BMP2;ANGPTL3;GPER1;MAP4K4;PDGFRB;STX4;EGF;ZNF703;MYADM;SNAI2;CLDN1;RACK1;STAT3;MYO1C;NOTCH1;PDCD10;SEMA3G;PAK1;PTK2B;GRB7;TDGF1;ELP6;SEMA4F;GPNMB;CEMIP;SH3RF2;MAZ;DAB2;PHPT1;SEMA3D;F2R;ROCK2;CDH13;MDK;CXCL12;PDGFD;CAVIN1;SEMA6B;MGAT5;FAM110C;FERMT2;NTRK3;TGFB1
KBTBD11,GO_Biological_Process_2023,prerank,"RNA Splicing, Via Transesterification Reactions (GO:0000375)",0.4019766912552664,0.8737037861952016,0.6119402985074627,1.0,1.0,12/24,20.61%,TXNL4A;SF3A3;SF3B1;SF3B3;SRRM1;SLU7;SNRNP40;PRPF3;DBR1;MPHOSPH10;SF3B4;SRSF4
KBTBD11,GO_Biological_Process_2023,prerank,Positive Regulation Of Collagen Metabolic Process (GO:0010714),-0.4423896328313032,-0.8736851992458867,0.6437847866419295,1.0,1.0,7/16,20.24%,WNT4;RGCC;VSIR;F2;CREB3L1;F2R;TGFB1
KBTBD11,GO_Biological_Process_2023,prerank,Cellular Response To Molecule Of Bacterial Origin (GO:0071219),-0.31164579919121776,-0.8733616349395239,0.7552182163187856,1.0,1.0,26/114,20.00%,CXCL13;LY96;TICAM1;CXCL2;CXCL1;CD274;IRGM;IL1A;PPM1E;SBNO2;NOD2;CD86;CASP7;TICAM2;ZC3H12A;LDOC1;BCL10;HMGB2;UPF1;TRIM41;CACTIN;SHPK;DAB2IP;NFKBIB;MEF2C;SIRPA
KBTBD11,GO_Biological_Process_2023,prerank,Memory (GO:0007613),0.33569366952025576,0.8733265044054523,0.7230769230769231,1.0,1.0,21/58,17.17%,NPAS4;CALB1;RASGRF1;NTF4;CIC;MAP1A;SGK1;SLC8A3;ATXN1;VLDLR;PRNP;CHRNA7;FGF13;SLC8A2;LGMN;CAMK4;ATAD1;NGF;KAT2A;PLCB1;YTHDF1
KBTBD11,GO_Biological_Process_2023,prerank,Nitric Oxide Biosynthetic Process (GO:0006809),-0.44572988120770296,-0.8732852757148368,0.6471698113207547,1.0,1.0,9/15,20.64%,SPR;NOS2;MTARC2;GCH1;SLC7A6;NOS1;NQO1;ARG2;CYB5B
KBTBD11,GO_Biological_Process_2023,prerank,Regulation Of Centriole Replication (GO:0046599),0.41466703370494135,0.8731026834533382,0.6445396145610278,1.0,1.0,10/18,24.24%,CEP295NL;CEP295;TRIM37;KAT2B;CDK5RAP2;KAT2A;CENPJ;SASS6;MDM1;RBM14
KBTBD11,GO_Biological_Process_2023,prerank,Keratan Sulfate Metabolic Process (GO:0042339),-0.42639498066613024,-0.8727230087174702,0.6289752650176679,1.0,1.0,11/17,23.42%,B3GNT3;CHST5;B4GALT4;SLC35D2;ST3GAL6;CHST2;ST3GAL1;ST3GAL4;B3GNT7;GNS;ST3GAL2
KBTBD11,GO_Biological_Process_2023,prerank,Positive Regulation Of Calcium Ion Transport (GO:0051928),-0.38784293586435403,-0.8725720612605398,0.6844106463878327,1.0,1.0,11/28,21.29%,STRIT1;ORAI1;PDGFRB;ATP2B1;CACNA1D;CRACR2A;TRPC6;F2R;CXCL12;P2RX4;STIM2
KBTBD11,GO_Biological_Process_2023,prerank,Negative Regulation Of G2/M Transition Of Mitotic Cell Cycle (GO:0010972),0.3824356064848949,0.8724095959608164,0.658008658008658,1.0,1.0,11/28,17.74%,NABP1;CHFR;PABIR1;FHL1;CHEK1;AVEN;AURKB;VPS4A;CDK5RAP3;BABAM1;RBBP8
KBTBD11,GO_Biological_Process_2023,prerank,Regulation Of Calcium Ion Import (GO:0090279),-0.41340881689371595,-0.8721064817241646,0.6486486486486487,1.0,1.0,5/20,13.79%,PLPP4;PLN;PDGFRB;EGF;PKD2
KBTBD11,GO_Biological_Process_2023,prerank,T Cell Mediated Immunity (GO:0002456),0.4115768384668642,0.8718160214002381,0.65625,1.0,1.0,5/20,12.43%,MYO1G;CR2;CR1L;SCART1;MICA
KBTBD11,GO_Biological_Process_2023,prerank,Regulation Of Actin Nucleation (GO:0051125),-0.41245373664484003,-0.8717850768863901,0.6454545454545455,1.0,1.0,12/22,25.27%,SCIN;WASHC3;ARFIP2;RNH1;ARPIN;CORO1B;GSN;ARFIP1;WASH6P;WASHC4;CARMIL2;PICK1
KBTBD11,GO_Biological_Process_2023,prerank,Prostaglandin Biosynthetic Process (GO:0001516),-0.43046742446752473,-0.8717384747741791,0.6477272727272727,1.0,1.0,8/17,19.76%,PTGDS;AMH;PTGES2;CD74;PTGES;PTGES3;TBXAS1;DAGLB
KBTBD11,GO_Biological_Process_2023,prerank,Negative Regulation Of Double-Strand Break Repair (GO:2000780),0.37426021283788596,0.8716125833938055,0.6864035087719298,1.0,1.0,14/33,19.23%,TWIST1;MAD2L2;OTUB1;HSF1;RADX;PARPBP;KLHL15;RNF169;SENP3;SHLD1;KMT5A;CYREN;HMGA2;SHLD2
KBTBD11,GO_Biological_Process_2023,prerank,Regulation Of miRNA Transcription (GO:1902893),0.33558957833056924,0.8715806056729603,0.7456140350877193,1.0,1.0,21/59,19.36%,LILRB4;NGFR;ZNF512B;SOX9;DDX5;PPARD;REST;MYC;SMAD3;MRTFB;TEAD1;SMARCA4;MYCN;KLF4;KLF5;EGFR;ESR1;JUN;PDGFB;GNL3;FGF2
KBTBD11,GO_Biological_Process_2023,prerank,Membrane Repolarization (GO:0086009),-0.4369860114874226,-0.8714688800996545,0.6538461538461539,1.0,1.0,10/17,22.67%,KCNE5;ATP1B3;ATP1A2;KCNIP2;KCND3;KCNJ2;KCNE3;ATP1B1;ATP1B2;KCNH6
KBTBD11,GO_Biological_Process_2023,prerank,Regulation Of Stress-Activated MAPK Cascade (GO:0032872),0.343114981049981,0.871227756946106,0.7133333333333334,1.0,1.0,25/51,22.62%,GREM1;MID1;COPS5;TAOK1;FOXO1;RASGRP1;MYC;EIF2AK2;MAPK1;PHLPP1;PPIA;TIRAP;EGFR;STK25;MAP2K1;MAPK8IP2;FOXM1;TAOK2;IGFBP6;KLHDC10;TGFBR3;PER1;MDFIC;IGF1R;MAPK8IP3
KBTBD11,GO_Biological_Process_2023,prerank,Regulation Of Vascular Endothelial Growth Factor Receptor Signaling Pathway (GO:0030947),-0.4049033344654634,-0.8711660997548225,0.6777777777777778,1.0,1.0,7/22,18.67%,HHEX;TMEM204;NEDD4;EMILIN1;PRKCB;PDCD6;DAB2IP
KBTBD11,GO_Biological_Process_2023,prerank,Plasma Membrane Repair (GO:0001778),-0.4136288729282005,-0.870825630086133,0.6449814126394052,1.0,1.0,9/21,25.70%,CHMP1A;SMPD1;SYTL4;CHMP4A;CHMP3;CHMP5;CHMP1B;CHMP2A;MYOF
KBTBD11,GO_Biological_Process_2023,prerank,Regulation Of Programmed Cell Death (GO:0043067),-0.29446958913459675,-0.8704376512697578,0.8409090909090909,1.0,1.0,60/179,23.76%,PAX2;AGT;RTKN;GAS1;POU4F1;SIRT1;AKT1S1;TMEM109;NTRK1;KAT5;FANK1;CTSB;RSL1D1;NME2;LRRK2;MORF4L2;ALK;BAX;YEATS4;RUVBL1;SLC39A7;TPT1;CITED1;TP53;AMIGO2;MAGED1;NUP62;ACTB;MAP3K20;BIRC2;BCL3;APEX1;CIDEB;STYK1;NAIP;PLSCR3;MARK4;PRKN;OMA1;ACTN2;ACER3;RBM25;LCMT1;CCNL2;CDK5;HS1BP3;ZBTB7A;MCM2;MBTD1;STK26;MOAP1;SEPTIN4;HTATIP2;JAK3;DPP8;FAS;PHB1;NOP53;USP36;TGM2
KBTBD11,GO_Biological_Process_2023,prerank,Respiratory System Development (GO:0060541),-0.3801986002399209,-0.8703930512398081,0.6930147058823529,1.0,1.0,5/32,11.45%,SPEF2;FGF9;DNAAF1;SMCHD1;CEBPA
KBTBD11,GO_Biological_Process_2023,prerank,Cytoskeleton Organization (GO:0007010),0.3012972876129521,0.8703895424205642,0.7953488372093023,1.0,1.0,48/111,24.98%,CFAP410;RANBP9;SIPA1;DIAPH1;STRIP2;TNFAIP3;PDZD8;FMNL2;NCKIPSD;SH3KBP1;PHIP;PAK6;ARHGAP21;MLST8;KLHL20;ZMYM3;PPP2R3C;BIN1;BRWD1;SEMA6A;PCLO;PRR5;PRKCI;FMNL3;CSPG5;STRIP1;MAPKAP1;CNTNAP1;MICAL3;ARAP3;TPM1;WDPCP;DST;MICAL2;ZRANB1;SIPA1L3;RANBP10;DIAPH3;LRCH3;BRWD3;MAST4;RHOU;TNIK;FGD1;PRPF40A;MARK1;CAPZB;MICAL1
KBTBD11,GO_Biological_Process_2023,prerank,Ear Morphogenesis (GO:0042471),-0.4003265406189751,-0.8703292475605541,0.6433962264150943,1.0,1.0,4/23,12.13%,PAX2;TMIE;SIX1;MYO6
KBTBD11,GO_Biological_Process_2023,prerank,Intrinsic Apoptotic Signaling Pathway In Response To DNA Damage (GO:0008630),-0.3508163253631573,-0.8702252869451479,0.7062937062937062,1.0,1.0,20/49,22.87%,CASP9;SIRT1;TMEM109;CHEK2;BAX;SNW1;TP53;DDIT4;BCL2L1;BCL2L10;EP300;BCL3;SFN;CIDEB;E2F1;BAK1;USP28;HIPK1;MOAP1;MCL1
KBTBD11,GO_Biological_Process_2023,prerank,Cholesterol Metabolic Process (GO:0008203),0.3199203825664357,0.870060690726261,0.7293577981651376,1.0,1.0,20/67,16.94%,SOAT2;LCAT;APOA1;NSDHL;PLPP6;SNX17;GLB1;DHCR7;PIP4P1;SH2D2A;CYP11A1;PPARD;LDLRAP1;MSMO1;CLN8;APOL2;INSIG2;DHCR24;SCARF1;INSIG1
KBTBD11,GO_Biological_Process_2023,prerank,Bicarbonate Transport (GO:0015701),-0.42290655725077786,-0.8700521685136524,0.6528599605522682,1.0,1.0,7/19,19.64%,SLC4A4;SLC4A11;SLC4A8;CFTR;CYB5RL;CYB5R4;SLC26A6
KBTBD11,GO_Biological_Process_2023,prerank,Positive Regulation Of Interleukin-10 Production (GO:0032733),0.3779026210059767,0.8698182481191358,0.6459227467811158,1.0,1.0,3/29,3.98%,CD28;IL6;TSLP
KBTBD11,GO_Biological_Process_2023,prerank,Acute Inflammatory Response (GO:0002526),0.39584821744610676,0.8697921155021077,0.6680327868852459,1.0,1.0,7/26,20.28%,IL6;ITIH4;APOL2;ANO6;MYLK3;CNTN1;TNFSF4
KBTBD11,GO_Biological_Process_2023,prerank,Negative Regulation Of Developmental Process (GO:0051093),0.3041594914288007,0.8696332241374495,0.7903930131004366,1.0,1.0,39/108,21.72%,NOTCH4;GREM1;PARP3;NOS3;PARP1;ADCK1;SPAM1;ALPK2;PHF14;NKX3-1;ZNF706;SOX9;PTPRS;ACTL6A;SF3B3;SMARCD1;BCL7A;ELAPOR2;ARID4A;ROCK1;SMARCA4;DCC;KANK1;TFRC;MGARP;HDAC2;BICRA;WNT9B;RBBP4;PINK1;RPS6KA6;FOXJ1;ANP32B;KLF7;SAP30;CDK6;DLL1;HEY1;SFRP5
KBTBD11,GO_Biological_Process_2023,prerank,Protein-Containing Complex Organization (GO:0043933),0.29839050137898115,0.8696051465545538,0.8271028037383178,1.0,1.0,34/124,17.92%,DET1;RANBP9;VIL1;NDUFAF1;MDM2;DLG4;NEMF;HSF1;MITF;LLGL1;TRAF1;CSNK2B;APBA1;TPR;KNTC1;SLC25A46;SOX9;SNX9;NUP205;TRAF2;VAMP3;NUP98;CD40;TEAD1;DNM1L;LIN7A;KPNA3;WDR19;KIFAP3;CAPZA2;KMT2A;MDM4;NDC1;GEMIN5
KBTBD11,GO_Biological_Process_2023,prerank,Circulatory System Development (GO:0072359),-0.3017701616846952,-0.8690100191191156,0.8178506375227687,1.0,1.0,40/130,21.38%,HAND1;FLRT3;GJA5;POU4F1;PRICKLE4;BMP2;CRB2;TGFB2;POPDC2;PCSK5;ZDHHC16;SRF;NOTCH1;TSC2;TAB2;PKD2;TGFBR2;AKAP13;LDB3;MIXL1;TDGF1;ERBB3;ALPK3;SOX4;STK11;TCF25;ZFPM2;FGF12;FBXW7;NCOA6;CITED2;MEF2C;NTRK3;MTHFD1;TGFB1;PLCE1;PDLIM7;TEK;ECE1;SLC2A12
KBTBD11,GO_Biological_Process_2023,prerank,Protein Localization To Membrane (GO:0072657),-0.29037010688952153,-0.8688944386586402,0.8300536672629696,1.0,1.0,75/188,26.46%,PRAM1;ITGAL;ITGB2;CPE;CACNB3;FYB2;ARL3;ZDHHC22;MADCAM1;CAV3;ATP1B3;PKP3;SPTBN4;MYO5A;RAB3C;CD81;AGRN;SPTBN1;RAMP3;PSMD10;LRP6;NPC1;CAPN3;PLEKHF1;STXBP1;TSPAN15;MRAP2;ANO1;WDR72;PDZD11;ANK1;ROCK2;BID;PACSIN1;PALS1;ATP1B1;TESC;RAPGEF2;PTN;GAS6;ACTN2;TTC7A;FERMT2;HYCC1;PIGW;RAP2A;F11R;SLMAP;RAB8B;PPIL2;EPB41L3;RAB10;LIN7C;TMEM150A;RAB8A;P2RY1;TM9SF2;DPP6;DVL1;CDH1;RAB11A;AP4M1;SEC16A;SCN3B;RAB40A;PICK1;THY1;TSPAN14;TTC7B;TSPAN5;FCHO2;RAB34;ZDHHC3;RAB40B;KCNIP4
KBTBD11,GO_Biological_Process_2023,prerank,Positive Regulation Of Transport (GO:0051050),-0.3461574327139647,-0.8688847792932323,0.6948529411764706,1.0,1.0,18/50,21.30%,SCIN;SMPD1;CHP1;DOC2B;APOE;LRP1;HIP1R;CHCHD10;ZNF205;KCTD7;ACTB;GSK3A;DAB2;BAK1;TFR2;SNCA;CEBPB;NUMA1
KBTBD11,GO_Biological_Process_2023,prerank,Positive Regulation Of Autophagy (GO:0010508),-0.3138814741934891,-0.8688823751067423,0.7731397459165155,1.0,1.0,27/105,18.58%,TICAM1;SQSTM1;IRGM;LARP1;SIRT1;TRIM13;KAT5;HTT;GPSM1;LRRK2;SCOC;OPTN;TRIM58;RFPL2;TSC2;TRIM22;ZC3H12A;TRIM23;PLEKHF1;IKBKG;GSK3A;SESN3;NPRL3;STK11;ENDOG;ORMDL3;PRKN
KBTBD11,GO_Biological_Process_2023,prerank,Spindle Assembly (GO:0051225),-0.3267459183850598,-0.8688017780397018,0.741635687732342,1.0,1.0,33/80,24.88%,GOLGA8T;GOLGA6C;GOLGA8H;GOLGA6A;GOLGA8N;GOLGA6B;CHEK2;HDAC3;MZT1;KASH5;PIBF1;SMC3;NCOR1;KPNB1;RCC1;MAP9;HAUS2;KIFC1;CEP63;SMC1A;MAPRE3;HAUS1;INO80;NUMA1;CLASP1;LSM14A;SPICE1;KIFC2;ABRAXAS2;SAC3D1;RAB11A;RPS3;TUBGCP6
KBTBD11,GO_Biological_Process_2023,prerank,Regulation Of Mitotic Cell Cycle (GO:0007346),0.2969042881271698,0.8682694656022057,0.854066985645933,1.0,1.0,41/124,19.41%,CDK10;MDM2;SDCBP;CCDC8;NKX3-1;HSF1;BRD7;PDXP;BTG2;ERCC2;SOX9;SCRIB;PIM2;CAV2;NEK6;CDC26;ANAPC5;TTL;ZNF268;FBXO5;LGMN;GMNN;RB1;GBF1;ANAPC15;ANAPC1;INTS13;PRKCA;IQGAP1;DLGAP5;HNRNPU;CDK5RAP3;CDK11B;XPC;RPRM;CKS1B;BTG3;CCDC57;NEK2;TTLL12;AURKA
KBTBD11,GO_Biological_Process_2023,prerank,Activation Of Cysteine-Type Endopeptidase Activity (GO:0097202),-0.4375286007166871,-0.8681757954098019,0.6416184971098265,1.0,1.0,9/16,24.67%,CASP9;GRIN2A;ASPH;CIDEB;BAK1;NLRC4;PERP;IFI16;CYFIP2
KBTBD11,GO_Biological_Process_2023,prerank,Regulation Of Neuron Apoptotic Process (GO:0043523),-0.3081481653387586,-0.8678080715747982,0.8067978533094812,1.0,1.0,36/105,20.32%,BACE1;CNTFR;SOD1;POU4F1;CNTF;RASA1;AKT1S1;VSTM2L;NTRK1;NTRK2;TGFB2;EGLN2;FZD9;APOE;SIX1;FOXB1;BAX;SIGMAR1;CITED1;RETREG1;GRM4;PTK2B;ERBB3;PRKCG;BDNF;KDM2B;NAIP;SNX6;F2R;PRKN;MDK;NFATC4;EPHA7;MEF2C;CDK5;PCSK9
KBTBD11,GO_Biological_Process_2023,prerank,Positive Regulation Of Defense Response (GO:0031349),-0.3046541038262177,-0.8676545321580205,0.7886497064579256,1.0,1.0,31/123,21.10%,SH2D1B;IFNK;AGT;TRADD;IRGM;PLA2G2A;NLRP12;PDE2A;OPTN;PLSCR1;CEBPA;NLRP10;CYBA;CD1D;EMILIN1;MYO1C;DDT;PLA2G7;POLR3B;POLR3G;RNF185;TRIM56;NAIP;CD47;MDK;ZP3;MEF2C;SNCA;DHX9;POLR3D;IL17RA
KBTBD11,GO_Biological_Process_2023,prerank,Cardiac Ventricle Morphogenesis (GO:0003208),-0.36371546006654953,-0.867415482069126,0.6772983114446529,1.0,1.0,10/42,16.90%,HAND1;CPE;GATA3;TGFB2;NOTCH1;TGFBR2;JAG1;ENG;SOX4;GSK3A
KBTBD11,GO_Biological_Process_2023,prerank,Cellular Response To Cytokine Stimulus (GO:0071345),0.27020180849975334,0.8670225151097798,0.9518072289156626,1.0,1.0,47/295,13.48%,GBP6;IRF5;TLR2;IL6;LILRB4;DUOX1;ERBIN;MAPK11;NLRP7;PID1;PRLR;SPAM1;CLCF1;PF4;STK39;DUSP1;TCF7;IL27RA;IRF1;NKX3-1;SYNCRIP;RIPK1;TYK2;MAPK13;NR1D1;TPR;CRLF2;SOX9;HYAL1;LIFR;RHOA;TNFRSF1A;AKAP6;IKBKB;NFKB1;GSK3B;TRIM6;LDLRAP1;IL13RA1;CD40;CRLF1;IL7;CD58;FER;SHMT1;PRKACA;CD4
KBTBD11,GO_Biological_Process_2023,prerank,Interferon-Mediated Signaling Pathway (GO:0140888),0.34587734144534116,0.8667057102267361,0.7053571428571429,1.0,1.0,13/41,23.52%,IKBKE;IFNLR1;IRF1;TYK2;IFNGR1;IL10RB;TBKBP1;STAT2;SP100;STAT1;IFITM2;MYD88;IFITM3
KBTBD11,GO_Biological_Process_2023,prerank,Protein Localization To Plasma Membrane (GO:0072659),-0.3003608934638886,-0.8666376310453001,0.8011049723756906,1.0,1.0,57/132,26.46%,PRAM1;CACNB3;FYB2;ZDHHC22;CAV3;ATP1B3;PKP3;SPTBN4;MYO5A;RAB3C;CD81;SPTBN1;RAMP3;PSMD10;LRP6;PLEKHF1;STXBP1;TSPAN15;MRAP2;WDR72;ANK1;ROCK2;PACSIN1;PALS1;ATP1B1;TESC;RAPGEF2;GAS6;ACTN2;TTC7A;HYCC1;PIGW;RAP2A;F11R;SLMAP;RAB8B;PPIL2;EPB41L3;RAB10;TMEM150A;RAB8A;P2RY1;DPP6;CDH1;RAB11A;SEC16A;NECTIN3;SCN3B;RAB40A;TSPAN14;TTC7B;TSPAN5;FCHO2;RAB34;ZDHHC3;RAB40B;KCNIP4
KBTBD11,GO_Biological_Process_2023,prerank,Cellular Response To Xenobiotic Stimulus (GO:0071466),0.3826044766318499,0.8665126662853021,0.681917211328976,1.0,1.0,9/25,20.00%,FBP1;NKX3-1;REST;MYC;KCNQ1;KCNH2;TFRC;KCNE2;GPLD1
KBTBD11,GO_Biological_Process_2023,prerank,Retina Homeostasis (GO:0001895),-0.3654318401998332,-0.8664421107673096,0.6906077348066298,1.0,1.0,5/37,7.76%,POTEF;SOD1;CNGB1;POTEI;CRB2
KBTBD11,GO_Biological_Process_2023,prerank,Regulation Of Microtubule-Based Process (GO:0032886),0.34964699572896335,0.8662237703379267,0.7039473684210527,1.0,1.0,17/41,19.41%,MAP10;MID1;DIAPH1;MAP6D1;CAMSAP3;HDAC6;TAOK1;PATJ;CLASP2;KLHL42;GSK3B;ROCK1;PHLDB1;BICD1;CDK2AP2;EPHA3;AURKA
KBTBD11,GO_Biological_Process_2023,prerank,Positive Regulation Of Transcription Regulatory Region DNA Binding (GO:2000679),0.4077026733685301,0.8660545424715803,0.6794055201698513,1.0,1.0,8/21,19.78%,TWIST1;PARK7;TRIM6;H1-0;RB1;NIBAN2;IGF1;LAMTOR5
KBTBD11,GO_Biological_Process_2023,prerank,ncRNA Metabolic Process (GO:0034660),-0.43630585510376557,-0.8658688203783559,0.6463654223968566,1.0,1.0,5/17,19.81%,TENT4B;ZCCHC7;MAPT;KHSRP;NIFK
KBTBD11,GO_Biological_Process_2023,prerank,Negative Regulation Of Protein Catabolic Process (GO:0042177),0.33577297064344885,0.8658314773237695,0.7040358744394619,1.0,1.0,19/54,20.89%,LAMP3;TIMP4;MAD2L2;RILP;AZIN2;RGP1;PHF20L1;RIC1;SF3B3;ROCK1;PSMF1;FLNA;EGFR;CDK5RAP3;MDM4;SIRT2;IRAK3;TIMP2;FMN2
KBTBD11,GO_Biological_Process_2023,prerank,DNA Repair (GO:0006281),0.26883643382807715,0.8656597807366564,0.9606879606879607,1.0,1.0,86/291,18.33%,MC1R;PARP9;PARP3;PARP1;HUS1B;NABP1;PDS5B;RPA4;EID3;PARK7;MUS81;EXO1;RPA3;MAD2L2;MGME1;ALKBH2;CHD1L;FAM111A;ABRAXAS1;ALKBH3;EME2;TENT4A;BTG2;DCLRE1A;RAD51D;ERCC2;ERCC5;GTF2H2;NEIL1;GTF2H5;ADPRS;TRRAP;ZNF668;CHEK1;SETX;UBE2V1;DNA2;REXO4;POLH;UBE2A;TEX264;POLB;RRM1;EYA1;RECQL;RNF8;ERCC8;KMT5B;RAD18;POLD3;SLC30A9;CETN2;MLH1;PWWP3A;ATM;RNF169;USP45;ZBTB1;TOPBP1;RFC4;VCPIP1;BLM;UBE2B;UBE2N;UBE2T;FANCE;DTX3L;RRM2B;LIG4;ZRANB3;NUCKS1;SMUG1;RFC3;PARP4;BRCA2;XPC;BABAM1;FANCG;HMGA2;RHNO1;RBBP8;ATRIP;ZGRF1;WDR33;GADD45A;PRKDC
KBTBD11,GO_Biological_Process_2023,prerank,Negative Regulation Of ERK1 And ERK2 Cascade (GO:0070373),0.3450892893523853,0.8656046445806354,0.6814159292035398,1.0,1.0,12/46,12.60%,PTPN1;SPRED2;RANBP9;DUSP10;SPRY2;SPRED1;SPRED3;TNIP1;PTPRR;SEMA6A;EZR;DLG1
KBTBD11,GO_Biological_Process_2023,prerank,Negative Regulation Of Cell Motility (GO:2000146),-0.30191467941050404,-0.8654971273802814,0.802158273381295,1.0,1.0,40/132,20.83%,TACSTD2;CHRD;WAS;CDH11;GATA3;ING2;MCTP1;SRGAP1;SINHCAF;PTPRT;AMH;ARHGAP4;EMILIN1;SIN3B;PIN1;ARPIN;ADAM15;DUSP22;MAPK15;DAG1;ZMYND8;OGT;CD74;DPEP1;JAG1;ENG;ADARB1;RAP2B;DNAI3;BST2;FRMD5;IGFBP5;PTPRJ;CITED2;TCAF1;RNF41;GTPBP4;RAP2A;SCAI;SAP30L
KBTBD11,GO_Biological_Process_2023,prerank,Regulation Of GTPase Activity (GO:0043087),-0.28888100013662393,-0.8654641547358687,0.8597063621533442,1.0,1.0,61/210,22.64%,GMIP;EPHA5;CPEB2;PLXNA2;CCL25;MRAP;KLRK1;PTK2;SOD1;XCL1;NTRK1;SOS2;EVI5L;MAP4K4;NTRK2;RAPGEF3;RASGRP2;GNB5;GPSM1;LRRK2;RGS11;FGD6;RASA4;AGRN;DOCK9;RACK1;PIN1;WNK1;DOCK7;LRCH1;SOS1;BCAR3;ARL2;RAP1GAP;ARHGAP44;RAPGEFL1;RASGRP4;SGSM3;FGD5;RGS16;F2R;PLXNB1;DAB2IP;RAPGEF2;DOCK11;PLXND1;CDKL5;FERMT2;TBC1D20;ARHGAP27;RASIP1;USP6NL;ALS2CL;FICD;RASGEF1C;RGL4;SIPA1L1;CHN1;MMUT;ARHGAP9;PROM2
KBTBD11,GO_Biological_Process_2023,prerank,Melanosome Organization (GO:0032438),-0.36842323018571077,-0.8654202455886868,0.7023593466424682,1.0,1.0,11/37,16.43%,TYRP1;ASIP;AP1G1;AP1M1;APOE;AP3M1;AP3S2;HPS1;BACE2;SHROOM2;SNAPIN
KBTBD11,GO_Biological_Process_2023,prerank,Modulation By Host Of Symbiont Process (GO:0051851),0.35378292989096705,0.8650295820406955,0.7088607594936709,1.0,1.0,15/42,21.19%,NAPEPLD;CCNT1;FASN;SMARCB1;REST;SMARCA4;NUCKS1;CHD1;JUN;RRP1B;HMGA2;RAB5A;PI4KA;PIK3C2G;SAP30
KBTBD11,GO_Biological_Process_2023,prerank,Glycerolipid Catabolic Process (GO:0046503),0.4155450569617808,0.8647082351332677,0.6174496644295302,1.0,1.0,9/18,19.60%,PLA2G4E;PRDX6;PNPLA6;PLA2G4D;PLA2G4A;PLA2G4C;LYPLA2;PLA2G4B;GDPD3
KBTBD11,GO_Biological_Process_2023,prerank,miRNA Metabolic Process (GO:0010586),-0.44838217701902217,-0.864282894127738,0.6705426356589147,1.0,1.0,4/15,15.25%,TENT4B;DIS3L2;ZC3H12A;KHSRP
KBTBD11,GO_Biological_Process_2023,prerank,tRNA Metabolic Process (GO:0006399),0.40615486892368324,0.8642013486438551,0.6410788381742739,1.0,1.0,7/19,17.82%,SSB;DICER1;RPP21;SLFN13;DARS2;POP7;POP1
KBTBD11,GO_Biological_Process_2023,prerank,Protein Modification By Small Protein Conjugation (GO:0032446),-0.27494734146871525,-0.8640400979286034,0.9349593495934959,1.0,1.0,113/356,23.23%,RNF225;TRIM15;ASB5;ZSWIM8;TRIM17;UBE2E1;FBXO24;FBXO32;ISG15;BSPRY;TRIM7;HERC3;TRIM54;SIRT1;TRIM13;UBE2D4;CUL9;SUMO4;MUL1;RNF220;EGR2;KIAA1586;NEDD4;ANKRD9;RNF43;NSMCE3;PCMTD1;CAND2;ASB2;COPS3;TRIM11;TRIM47;TRIM73;COPS2;UBE2C;RACK1;SPSB4;PIAS1;USP9X;SHPRH;KLHL18;RLIM;NSMCE4A;BARD1;SPSB2;TRIM23;FBXL5;NSMCE1;UBE2V2;HDAC4;SMC5;FBXO25;MKRN1;CUL1;ATG10;DCUN1D3;SH3RF1;KLHL24;MAGEF1;COPS4;CUL7;SKP1;TRIM41;SH3RF2;DDB1;HECW1;CNOT4;CUL5;ANAPC7;RNF168;CDC34;FBXW7;PRKN;OS9;UBE2M;PJA2;GPS1;VPS18;UBE2D3;RNF41;ENC1;DCUN1D4;WWP2;CUL4B;RNF6;DTX1;RNF7;KLHL8;RNF111;CUL2;RNF139;USP7;RNF135;RNF34;ARRB2;CCNF;DCUN1D2;RCHY1;DTX4;UBR3;CUL4A;RNF182;FBXL17;ANAPC16;RPS27A;LZTR1;MYLIP;TRPM4;RNF126;RNF152;TRIM52;ARRB1;BIRC6
KBTBD11,GO_Biological_Process_2023,prerank,B Cell Proliferation (GO:0042100),0.39252335835551,0.8634670576149298,0.6531049250535332,1.0,1.0,4/23,12.42%,CD19;CR2;RASGRP1;CD40
KBTBD11,GO_Biological_Process_2023,prerank,Regulation Of Immunoglobulin Production (GO:0002637),0.38026573106105793,0.8631157881881748,0.6718403547671841,1.0,1.0,5/27,13.42%,IL6;CLCF1;DNAJB9;VAMP3;GPI
KBTBD11,GO_Biological_Process_2023,prerank,Positive Regulation Of Cyclin-Dependent Protein Serine/Threonine Kinase Activity (GO:0045737),-0.4358268552957434,-0.8624936732585753,0.6802218114602587,1.0,1.0,6/15,21.28%,RGCC;PSMD10;PKD2;PSRC1;MAPRE3;SPDYA
KBTBD11,GO_Biological_Process_2023,prerank,Cytokine-Mediated Signaling Pathway (GO:0019221),-0.2823363923572448,-0.8624475996298578,0.896797153024911,1.0,1.0,49/243,19.43%,CXCL13;IFNK;SRC;IL11RA;IL23R;CXCL2;CCL25;TRADD;CXCL1;CNTFR;IRAK4;CNTF;XCL1;PYDC1;TNFSF11;JAGN1;SIRT1;TRAF5;EPOR;IL1R1;IL1A;LYN;EBI3;CXCR2;RPS6KA4;GREM2;IL2RB;CEBPA;APPL1;STAT3;CARD14;LEPR;SOS1;TP53;STAT5A;PTK2B;RRAGA;YAP1;IL3RA;BIRC2;GHR;EIF5A;JAK1;CHUK;PTPRJ;CXCL12;SOCS1;TOLLIP;CSF2RA
KBTBD11,GO_Biological_Process_2023,prerank,Negative Regulation Of Signaling (GO:0023057),-0.3836142711949926,-0.86239113977985,0.6914498141263941,1.0,1.0,7/28,16.37%,OPRM1;IGFBP3;NLRP12;HHIP;OPTN;AP1AR;ERBB3
KBTBD11,GO_Biological_Process_2023,prerank,Cellular Response To Metal Ion (GO:0071248),0.2948072537388683,0.8620921974985599,0.8329621380846325,1.0,1.0,38/132,20.00%,MT1A;KCNA1;FBP1;ITPKA;CHP2;F3;SYT3;DLG4;HSF1;CPNE5;CPNE1;MT1M;ITPKB;SYT13;SYT10;PRNP;MEF2A;MT1F;CPNE4;B2M;LGMN;MAPK1;IQGAP1;PPIF;DAXX;GLRA1;SYT7;WNT5A;EGFR;JUN;SYT2;ATP13A2;ADGRV1;CPNE7;MAPK9;CLU;AKT1;GPLD1
KBTBD11,GO_Biological_Process_2023,prerank,RNA-mediated Gene Silencing (GO:0031047),-0.3838726889112949,-0.8620556102457227,0.6697416974169742,1.0,1.0,14/28,18.76%,PIWIL3;EXD1;TNRC6B;NRDE2;CNOT7;HELZ;TARBP2;ZNFX1;PIWIL4;TDRD1;MOV10;HEXIM1;AGO1;AGO4
KBTBD11,GO_Biological_Process_2023,prerank,Growth Hormone Receptor Signaling Pathway (GO:0060396),-0.42531895513320916,-0.8619663173193427,0.6618962432915921,1.0,1.0,7/17,19.53%,PTK2;GH2;LYN;STAT3;STAT5A;GHR;PXN
KBTBD11,GO_Biological_Process_2023,prerank,Regulation Of I-kappaB kinase/NF-kappaB Signaling (GO:0043122),-0.2809860465892404,-0.8619441303378802,0.8939130434782608,1.0,1.0,62/230,18.88%,NR1H4;TICAM1;LURAP1;SQSTM1;TRADD;IRAK4;IRGM;CLEC6A;LIME1;SIRT1;TRIM13;TRAF5;NLRP12;SUMO4;MUL1;EEF1D;LTB;PPP5C;NOD2;OPTN;TRIM58;CANT1;SHISA5;RFPL2;RBCK1;NLRC3;VAPA;TRIM22;HTR2B;TAB2;TICAM2;ZC3H12A;GAPDH;CAPN3;INAVA;CD74;DDX21;ZDHHC13;CXXC5;TMED4;LTBR;PRKCB;AKAP13;IKBKG;S100A4;BCL10;USP10;NUP62;TLE1;BST2;BIRC2;DDX1;CACTIN;TMEM106A;HLA-DRB1;F2R;CHUK;RHOH;PRKN;DAB2IP;PELI1;PELI2
KBTBD11,GO_Biological_Process_2023,prerank,NLS-bearing Protein Import Into Nucleus (GO:0006607),0.42246715183621597,0.8618493557189385,0.658008658008658,1.0,1.0,5/17,17.07%,RGPD4;RGPD5;KPNA3;RANBP2;KPNA5
KBTBD11,GO_Biological_Process_2023,prerank,Negative Regulation Of NIK/NF-kappaB Signaling (GO:1901223),-0.38657678094109205,-0.8617572915984898,0.6901960784313725,1.0,1.0,5/27,12.96%,TRIM15;NLRP12;NLRC3;MYO1C;ZC3H12A
KBTBD11,GO_Biological_Process_2023,prerank,Positive Regulation Of Cell Projection Organization (GO:0031346),0.29521716529280034,0.8615754273398876,0.8285024154589372,1.0,1.0,49/118,23.24%,TNN;PLXNA4;DLG4;CUX1;NDNF;AVIL;DVL2;ALKAL1;RELN;TENM3;PLA2G3;ROBO1;CAMK1D;SCN1B;CAPRIN2;NPTN;METRN;FZD4;SETX;STMN2;NRDC;ARHGAP35;CBFA2T2;PRKCI;RAP1A;ROR2;PLXNB2;CAPRIN1;WNT5A;SCARF1;IL1RAPL1;ITGA6;CAMK2B;CHODL;CX3CL1;FUT9;EPHA3;KIDINS220;DDR2;MAGI2;FBXW8;PRKD1;ROBO2;ZNF804A;FES;SS18L1;CARMIL1;PTPRD;TWF2
KBTBD11,GO_Biological_Process_2023,prerank,Regulation Of Cysteine-Type Endopeptidase Activity Involved In Apoptotic Process (GO:0043281),-0.31839568187772205,-0.8615124550163226,0.7553956834532374,1.0,1.0,28/84,20.41%,PAX2;SRC;FOXL2;HGF;SIRT1;GPER1;IFI6;AVP;NLRP12;DPEP1;CSNK2A1;BCL10;SH3RF1;GPX1;NDUFA13;ARL6IP1;SFN;NAIP;CDKN2D;CASC2;F2R;PDCD6;CTSD;GAS6;IGBP1;EPHA7;SNCA;CARD8
KBTBD11,GO_Biological_Process_2023,prerank,Negative Regulation Of Smooth Muscle Cell Proliferation (GO:0048662),-0.3628011055067587,-0.8615106332353897,0.7066189624329159,1.0,1.0,6/37,10.61%,PTGIR;IGFBP3;BMPR2;BMP2;GPER1;APOE
KBTBD11,GO_Biological_Process_2023,prerank,Regulation Of Protein Localization To Cell Periphery (GO:1904375),0.40237909487322643,0.8614611727704796,0.6568181818181819,1.0,1.0,6/20,15.77%,MISP;MMP14;AKR1B1;LDLRAP1;ZDHHC7;VPS4A
KBTBD11,GO_Biological_Process_2023,prerank,Positive Regulation Of Receptor Signaling Pathway Via JAK-STAT (GO:0046427),0.3554521812237002,0.8614587091134827,0.6895734597156398,1.0,1.0,11/37,19.17%,IL6;PRLR;OCIAD2;TYK2;CYP1B1;IL10RB;ERBB4;CRLF3;CENPJ;CAMK2A;LEP
KBTBD11,GO_Biological_Process_2023,prerank,NAD Biosynthetic Process (GO:0009435),0.41608131481153865,0.8607462971398447,0.6707818930041153,1.0,1.0,5/17,9.42%,PARP16;PARP9;SLC5A8;NUDT12;NAMPT
KBTBD11,GO_Biological_Process_2023,prerank,Regulation Of RIG-I Signaling Pathway (GO:0039535),-0.4198569674525174,-0.8606160058045093,0.6553784860557769,1.0,1.0,9/18,23.63%,TRIM15;ZCCHC3;DHX58;UFD1;BIRC2;PUM2;SEC14L1;GPATCH3;NOP53
KBTBD11,GO_Biological_Process_2023,prerank,Positive Regulation Of Intracellular Protein Transport (GO:0090316),-0.3029851191022631,-0.8603567392872591,0.8076256499133448,1.0,1.0,48/126,24.35%,RIPOR1;TCAF2;ITGB2;SIRT6;CHP1;RAPGEF3;PCNT;HDAC3;MFF;ITGAM;CD81;YWHAE;CAMK1;PIN1;MYO1C;RNF2;ZC3H12A;AKAP5;PDCD10;IPO5;MIEF1;B3GAT3;CEMIP;CSNK2A2;EP300;GSK3A;RAC2;EMD;CEP290;TMEM30A;FBXW7;HUWE1;TCAF1;GAS6;UBE2D3;RBM22;TENM1;TGFB1;PLK3;VAMP2;SREBF2;OAZ2;CIB1;USP36;RAN;CDH1;HCLS1;MAPK8
KBTBD11,GO_Biological_Process_2023,prerank,intra-Golgi Vesicle-Mediated Transport (GO:0006891),-0.37639470536070585,-0.8600082275878307,0.6959706959706959,1.0,1.0,7/33,10.14%,GOLGA5;RAB43;GABARAPL2;VTI1A;RAB33B;COPE;COPB1
KBTBD11,GO_Biological_Process_2023,prerank,Oligosaccharide Biosynthetic Process (GO:0009312),-0.40240452901939266,-0.8598973133434674,0.6721611721611722,1.0,1.0,9/22,18.92%,FUT2;ST6GALNAC1;B3GALT5;ST6GALNAC6;B3GALT2;MPDU1;ST3GAL6;ST3GAL4;ST6GALNAC5
KBTBD11,GO_Biological_Process_2023,prerank,Regulation Of Presynapse Organization (GO:0099174),-0.4218047884646123,-0.859850051448217,0.6755218216318786,1.0,1.0,5/16,24.54%,SLITRK1;IL1RAPL2;LRRC4B;SNCA;MDGA1
KBTBD11,GO_Biological_Process_2023,prerank,Regulation Of Presynapse Assembly (GO:1905606),-0.4218047884646123,-0.859850051448217,0.6755218216318786,1.0,1.0,5/16,24.54%,SLITRK1;IL1RAPL2;LRRC4B;SNCA;MDGA1
KBTBD11,GO_Biological_Process_2023,prerank,Glycerophospholipid Biosynthetic Process (GO:0046474),-0.30713268604024874,-0.8596806221012953,0.7844202898550725,1.0,1.0,37/108,21.42%,PI4K2A;PITPNM2;PITPNM3;SLC44A4;MBOAT7;PCYT1A;BMX;MTMR14;SACM1L;PLSCR1;MUC1;SELENOI;SFI1;PI4KB;ACP6;AGPAT2;PMPCA;PLD1;MTMR6;PTDSS2;GPAM;CDS2;PITPNM1;DGKE;SLC44A1;INPP5J;PCYT1B;MBOAT2;MTMR4;GPAT4;SYNJ2;DGKA;DGKQ;MTMR1;MFSD2A;PIKFYVE;INPP5D
KBTBD11,GO_Biological_Process_2023,prerank,Positive Regulation Of Smooth Muscle Cell Migration (GO:0014911),-0.42850267654656626,-0.8591291361925676,0.6502835538752363,1.0,1.0,5/16,18.75%,FGF9;PDGFRB;DOCK7;IGFBP5;MDK
KBTBD11,GO_Biological_Process_2023,prerank,Establishment Of Skin Barrier (GO:0061436),0.40877536997536335,0.8590584883620178,0.6666666666666666,1.0,1.0,6/19,13.38%,ALOXE3;ALOX12;IL18;LSR;FA2H;CLDN4
KBTBD11,GO_Biological_Process_2023,prerank,Phosphatidylinositol Biosynthetic Process (GO:0006661),-0.31011338931589194,-0.8590051761951912,0.775894538606403,1.0,1.0,31/97,21.70%,PI4K2A;PITPNM2;PIGO;PITPNM3;SLA2;MBOAT7;ITPKC;MTMR14;PIGQ;SACM1L;PI4KB;PMPCA;PIGL;MTMR6;PIGB;PITPNM1;INPP5J;PIGA;IP6K1;SOCS1;MTMR4;TTC7A;DPM2;HYCC1;PIGW;SYNJ2;MTMR1;PIKFYVE;INPP5D;PGF;PIGP
KBTBD11,GO_Biological_Process_2023,prerank,mRNA Processing (GO:0006397),0.2768403513026038,0.8589326515841845,0.9129353233830846,1.0,1.0,61/211,18.13%,LSM3;RBM6;TXNL4A;HNRNPA3;CWC27;HNRNPA2B1;METTL3;SNRPN;SF3A3;HNRNPH3;SYNCRIP;SF3B1;RNF113A;GEMIN7;NOVA1;PABPC1;CPSF7;CWC25;DDX41;CDC5L;DHX38;DDX5;MAGOH;PRPF38A;U2AF1L4;SRSF12;ESS2;SF3B3;LSM5;CWF19L1;SRRM1;PLRG1;U2AF2;ALYREF;RAMAC;SLU7;SYF2;ALKBH5;LSM2;RBMX2;RNPC3;PRKACA;SNRNP40;METTL14;CWF19L2;RBM4;PRPF3;SNRPG;DBR1;SRSF9;HNRNPU;DHX16;SNRPF;TRA2A;SNRNP27;SNRPD1;SF3B6;USP39;EFTUD2;GEMIN5;SRSF8
KBTBD11,GO_Biological_Process_2023,prerank,Cellular Response To Growth Factor Stimulus (GO:0071363),0.2867053695762466,0.8588332045577574,0.8744292237442922,1.0,1.0,62/155,24.49%,DLL4;HJV;ACVR1C;MAPKAPK2;VIL1;MTSS2;NDNF;SMAD7;RAMP2;ACVR2B;SPRY2;SOX9;HYAL1;SOX6;SETX;SEMA6A;STMN2;SMAD3;MARS1;EHD1;LGMN;HSPB1;MED1;RAP1A;ACVR1;PTPN11;VEGFA;CTNNB1;EEF1A1;IQGAP1;CD44;KLF4;HAS2;BMP7;SHC1;WNT5A;EGFR;MAP2K5;PDGFB;KDR;HAS1;KIDINS220;AKT1;MAGI2;TMEM100;SYAP1;BCAR1;FLT4;APLP2;DSTYK;PRKD1;MT1G;BMPR1B;BMPR1A;TGFBR1;PDE3A;TWF2;PLCG1;ZFP36L2;HDAC1;LIMS1;RPS6KB1
KBTBD11,GO_Biological_Process_2023,prerank,Positive Regulation Of Signal Transduction (GO:0009967),0.2695568166060096,0.8587660468606787,0.9567430025445293,1.0,1.0,68/266,16.00%,TLR2;IL6;DLL4;LGR6;NOTCH2NLB;RSPO3;NOS3;CTSV;TSLP;PIK3R1;SULF1;SORBS1;MBD5;KLK5;MESP1;ERFE;CD226;DLG4;STX1B;NKX3-1;TNFAIP3;CIBAR1;SALL1;DCDC2;RELN;ATP6V0C;PHIP;GPS2;ZDHHC5;C1QTNF12;ZMIZ1;CRLF2;ROBO1;LIMS2;CAV2;TMEM108;GHRL;NPTN;SMARCB1;UBE2V1;GHRH;CHRNA7;POGLUT1;AGPAT1;FGFR2;IL7;IRS1;PRKCI;LAMB2;SPRING1;PRKCA;TRIM44;P2RY6;SMARCA4;PTPN11;UCHL5;VEGFA;DACT1;KANK1;UBE2N;BMP2K;SASH1;TNXB;NLGN2;SKI;ARMC9;FLNA;TXNDC15
KBTBD11,GO_Biological_Process_2023,prerank,Heart Trabecula Morphogenesis (GO:0061384),0.4152372537812079,0.8586889124896846,0.6304347826086957,1.0,1.0,9/18,24.28%,DLL4;S1PR1;BMP7;TGFBR3;HEY1;BMPR1A;TGFBR1;FKBP1A;POLR2D
KBTBD11,GO_Biological_Process_2023,prerank,Regulation Of Protein Kinase A Signaling (GO:0010738),0.424424198686602,0.8585685370909109,0.6497797356828194,1.0,1.0,5/16,13.53%,MC1R;IAPP;AKAP6;CALCR;AKAP12
KBTBD11,GO_Biological_Process_2023,prerank,Amino Acid Catabolic Process (GO:0009063),0.3514112985478002,0.8584410177965787,0.7256637168141593,1.0,1.0,17/38,23.88%,IL4I1;ETFB;BCKDHA;ETFA;HOGA1;HNMT;SLC25A44;CARNS1;DBT;ALDH6A1;HAL;HIBCH;IDO1;MTRR;IVD;CBS;MCCC1
KBTBD11,GO_Biological_Process_2023,prerank,Extracellular Matrix Disassembly (GO:0022617),-0.3523682745452898,-0.8583397431581031,0.6963350785340314,1.0,1.0,15/44,21.13%,ADAMTS15;CTSS;TMPRSS6;MMP9;MMP11;KLK7;KLK4;ADAM15;EXOC8;CTSK;NOXO1;GSN;KIF9;MMP15;HPN
KBTBD11,GO_Biological_Process_2023,prerank,Proteasome-Mediated Ubiquitin-Dependent Protein Catabolic Process (GO:0043161),-0.27494456544797946,-0.8582801822584554,0.9429967426710097,1.0,1.0,108/316,22.34%,SIAH3;CSNK1A1;IFI27;APC2;ZSWIM8;PSMA1;ERLEC1;DCAF12;SIRT1;TRIM13;UBXN1;KAT5;KCTD5;BFAR;NSFL1C;SPSB3;NHLRC1;DMAC2;ANKRD9;MAEA;ASB2;CDC20;PSMD3;USP19;TMEM67;FBXL6;UCHL1;HERPUD1;RBCK1;UBE2C;AGAP3;SPSB4;KLHL22;ANAPC13;HSP90B1;ANAPC10;RHBDD2;NHLRC3;ZFAND2A;RNF122;PSMD6;RNF216;TMUB1;SPSB2;FBXL5;PSMD7;FBXL22;PSMD4;RNF175;UBXN4;FBXO6;UFD1;CUL1;PSMA2;SEC61B;PSMC6;PSMB7;FBXL14;UBE2G1;RNF185;BIRC2;SKP1;GSK3A;SH3BGRL;PSMD14;MAN1A1;PEX10;DDB1;SPOP;CUL5;PSMA5;TRIM3;ANAPC7;TBL1XR1;CDC34;FBXW7;PRKN;OS9;PELI1;PSMC3;PJA2;PSMB1;FAM8A1;CDC16;UBE2D3;WWP2;RMND5A;UBE3D;PSMA4;KCTD17;YOD1;RNF4;CUL2;TMUB2;RNF34;PSMB6;ARRB2;MTA1;CCNF;AUP1;FBXO38;FEM1B;UBR3;CUL4A;CDC27;FBXL17;HECTD1;ANAPC16
KBTBD11,GO_Biological_Process_2023,prerank,Positive Regulation Of Neuron Death (GO:1901216),-0.36843150122806384,-0.8578507912367503,0.7036328871892925,1.0,1.0,11/34,20.48%,ITGB2;BACE1;TGFB2;ITGAM;BAX;MAPT;EPHA7;CDK5;SNCA;PCSK9;GRIN2B
KBTBD11,GO_Biological_Process_2023,prerank,Chloride Transport (GO:0006821),-0.31616414869084325,-0.8577108359596871,0.7491103202846975,1.0,1.0,27/77,21.21%,SLC12A3;CLIC2;SLC26A9;GABRA3;CLCN3;CLCNKB;GABRA4;CLIC5;FXYD1;BEST1;SLC4A8;LRRC8A;CLIC1;OSTM1;FXYD3;CFTR;ANO9;SLC12A4;GABRB3;SLC12A6;APOL1;GABRG3;CLCN6;SLC12A9;SLC26A6;SLC12A8;SLC12A2
KBTBD11,GO_Biological_Process_2023,prerank,Xenobiotic Catabolic Process (GO:0042178),-0.41412755270756385,-0.8576502323257466,0.655831739961759,1.0,1.0,7/19,24.97%,CYP2C8;NR1I2;CYP3A5;NOS1;CRYZ;CYP2B6;GSTO1
KBTBD11,GO_Biological_Process_2023,prerank,Epidermis Development (GO:0008544),-0.3178340556572391,-0.8575848721436526,0.78125,1.0,1.0,11/83,9.94%,COL7A1;KRT15;CERS3;OVOL1;GLI1;WAS;PLOD1;LAMC2;OVOL3;KLK7;COL17A1
KBTBD11,GO_Biological_Process_2023,prerank,Sodium Ion Transmembrane Transport (GO:0035725),0.31143562031476524,0.857414841142057,0.7473903966597077,1.0,1.0,26/82,18.24%,SLC9A3;SLC6A4;SCN2B;SLC9A2;SLC6A13;ATP1A4;NALCN;ATP1A3;SLC6A11;HCN2;SLC12A1;SLC8A3;SCN1B;ASIC2;SLC6A8;SCN4A;SLC8A2;SLC8A1;SLC6A16;ASIC1;SLC24A2;SLC24A1;HCN3;SCNN1B;SLC6A12;SLC9A9
KBTBD11,GO_Biological_Process_2023,prerank,Iron-Sulfur Cluster Assembly (GO:0016226),-0.382977478285612,-0.8573569340291093,0.7148148148148148,1.0,1.0,9/27,20.81%,BOLA1;GLRX3;FDX2;MMS19;IBA57;ISCA2;NDOR1;ISCA1;FXN
KBTBD11,GO_Biological_Process_2023,prerank,Metallo-Sulfur Cluster Assembly (GO:0031163),-0.382977478285612,-0.8573569340291093,0.7148148148148148,1.0,1.0,9/27,20.81%,BOLA1;GLRX3;FDX2;MMS19;IBA57;ISCA2;NDOR1;ISCA1;FXN
KBTBD11,GO_Biological_Process_2023,prerank,Microglial Cell Activation (GO:0001774),-0.4104007510283091,-0.8573248308780257,0.6525911708253359,1.0,1.0,4/20,12.98%,ITGB2;ITGAM;MAPT;C5AR1
KBTBD11,GO_Biological_Process_2023,prerank,Gliogenesis (GO:0042063),-0.39450544007472776,-0.8569744890193572,0.6877256317689531,1.0,1.0,5/24,10.92%,PAX2;MMP24;HAPLN1;TGFB2;BCAN
KBTBD11,GO_Biological_Process_2023,prerank,Response To Ketone (GO:1901654),0.40701298492652993,0.8569212507072165,0.6929824561403509,1.0,1.0,6/20,20.43%,SLIT1;NKX3-1;TGFB3;CAV1;THBS1;TGFBR3
KBTBD11,GO_Biological_Process_2023,prerank,Negative Regulation Of Supramolecular Fiber Organization (GO:1902904),-0.3266667879546627,-0.8560775875732014,0.7684021543985637,1.0,1.0,25/71,22.92%,APC2;TRIM54;TUBB4A;CAV3;PLEKHH2;MYADM;TTBK2;APOE;HIP1R;EMILIN1;ARPIN;LIMA1;SSH1;CAMSAP2;PFDN5;PFDN1;HDGFL3;CKAP2;HSPA8;PRKN;SMAD4;SNCA;CLASP1;CIB1;KANK4
KBTBD11,GO_Biological_Process_2023,prerank,Regulation Of Notch Signaling Pathway (GO:0008593),0.3211253818407766,0.8558588968373612,0.7885985748218527,1.0,1.0,22/70,17.36%,NEURL1;DLL4;CDK3;NOTCH2NLB;NOS3;MMP14;METTL3;MESP1;LLGL1;EGFL7;ZMIZ1;PRAG1;ARRDC1;POGLUT1;GALNT11;CHAC1;PRKCI;BMP2K;RFNG;ENHO;POFUT1;NIBAN2
KBTBD11,GO_Biological_Process_2023,prerank,Intracellular Iron Ion Homeostasis (GO:0006879),-0.343500683496941,-0.8555115860005824,0.7495527728085868,1.0,1.0,19/50,20.81%,TMPRSS6;SOD1;FRRS1;ATP6V0D1;ATP6AP1;GLRX3;HFE;ABCB7;SCARA5;SLC39A14;FBXL5;SLC22A17;CYBRD1;ATP6V0A2;BMP6;CYB561A3;TFR2;SMAD4;FXN
KBTBD11,GO_Biological_Process_2023,prerank,Negative Regulation Of TOR Signaling (GO:0032007),-0.34162247359630415,-0.8554994920762965,0.7280858676207513,1.0,1.0,22/54,23.30%,TNFAIP8L1;TMEM127;SIRT1;KPTN;TSC2;MIOS;NPC1;ITFG2;SEC13;CASTOR1;DDIT4;GSK3A;SESN3;NPRL3;STK11;ENDOG;PDCD6;WDR59;NUAK2;TSSK3;RNF152;BMT2
KBTBD11,GO_Biological_Process_2023,prerank,Positive Regulation Of Lymphocyte Differentiation (GO:0045621),0.34674974246689244,0.8554871145652778,0.7214912280701754,1.0,1.0,12/39,14.27%,MMP14;BTK;BRD7;ZMIZ1;PPP2R3C;ACTL6A;SMARCC2;SMARCB1;SMARCD1;IL7;ZBTB1;SMARCA4
KBTBD11,GO_Biological_Process_2023,prerank,Regulation Of Gluconeogenesis (GO:0006111),-0.3716134951554268,-0.8541720265446223,0.6941838649155723,1.0,1.0,15/31,23.36%,PDK2;SIRT6;SIRT1;CRY1;OGT;EP300;DDB1;CLK2;SDHAF3;SIRT7;ZNF692;USP7;DGKQ;GCK;PTPN2
KBTBD11,GO_Biological_Process_2023,prerank,Positive Regulation Of Signaling Receptor Activity (GO:2000273),-0.3644502883344873,-0.8535531122128587,0.7035647279549718,1.0,1.0,6/36,9.44%,AREG;TGFA;NOL3;ADRA2B;HFE;EGF
KBTBD11,GO_Biological_Process_2023,prerank,Positive Regulation Of Telomerase Activity (GO:0051973),0.36262832092486924,0.8534447682057488,0.6993603411513859,1.0,1.0,16/33,22.52%,GREM1;PARM1;TNIP1;MYC;CCT4;MAPKAPK5;MAPK1;CTNNB1;AURKB;KLF4;DKC1;WRAP53;NEK2;TNKS;MAP3K4;CCT2
KBTBD11,GO_Biological_Process_2023,prerank,Regulation Of Synapse Assembly (GO:0051963),0.3327421493163389,0.8533922739037576,0.7593818984547461,1.0,1.0,20/51,26.37%,TLR2;SLIT1;MYCBP2;SETD5;GHRL;SLITRK4;LRFN5;PDLIM5;NLGN2;IL1RAPL1;GRID2;ROBO2;PTPRD;GPC4;DLG5;LHFPL4;EPHB2;CLSTN1;NRXN1;CLSTN2
KBTBD11,GO_Biological_Process_2023,prerank,Cellular Response To Lipid (GO:0071396),-0.2795202923533285,-0.8533810155221649,0.9244288224956063,1.0,1.0,50/224,20.00%,CXCL13;PAX2;LY96;NR1H4;TICAM1;CXCL2;KCNK4;CXCL1;CD274;SSTR1;POU4F1;IRGM;GPER1;KAT5;WNT3;ATP1A2;IL1A;PPM1E;LYN;SBNO2;ZNF703;NOD2;CD86;RAMP3;ADAM15;CASP7;TICAM2;ZC3H12A;URI1;SNW1;LDOC1;CFTR;BCL10;PTK2B;NR3C1;HMGB2;UPF1;NDUFA13;TRIM41;CCDC62;CACTIN;ROCK2;HSPA8;SHPK;DAB2IP;TESC;NFKBIB;MEF2C;SSTR2;SIRPA
KBTBD11,GO_Biological_Process_2023,prerank,B Cell Receptor Signaling Pathway (GO:0050853),-0.3672276950413988,-0.8532518340204488,0.7329650092081031,1.0,1.0,9/37,19.87%,NFAM1;LIME1;BMX;LCK;BAX;LAT2;PRKCB;PLEKHA1;MEF2C
KBTBD11,GO_Biological_Process_2023,prerank,Positive Regulation Of Heart Rate (GO:0010460),0.41205632489111566,0.8532399100001195,0.688715953307393,1.0,1.0,6/17,20.35%,ADM5;ADM2;PDE4D;KCNQ1;TPM1;ATP2A2
KBTBD11,GO_Biological_Process_2023,prerank,tRNA Wobble Uridine Modification (GO:0002098),0.4339784171705793,0.8529536962062739,0.6541019955654102,1.0,1.0,8/15,23.62%,ELP5;ELP1;DPH3;MTO1;TRMT9B;CTU2;CTU1;TRMU
KBTBD11,GO_Biological_Process_2023,prerank,Regulation Of Cell Morphogenesis (GO:0022604),0.366453886019938,0.8528417249157354,0.6912442396313364,1.0,1.0,11/31,15.23%,NTNG1;VIL1;PDZD8;FMNL2;PHIP;ZMYM3;NTNG2;CLDN4;SPARC;STRIP1;CD44
KBTBD11,GO_Biological_Process_2023,prerank,Negative Regulation Of Catabolic Process (GO:0009895),0.31246541738017675,0.8528030257852699,0.7963800904977375,1.0,1.0,24/72,22.09%,FBP1;ADRA2A;ADGRB1;MAD2L2;RILP;PDE3B;AZIN2;RGP1;PHF20L1;RIC1;SF3B3;RPS7;ZDHHC7;FLNA;EGFR;CDK5RAP3;RPL17;MDM4;SIRT2;IRAK3;FMN2;PML;HIPK2;TAF1
KBTBD11,GO_Biological_Process_2023,prerank,Intracellular Steroid Hormone Receptor Signaling Pathway (GO:0030518),-0.3493113070800875,-0.8525621022708043,0.6948176583493282,1.0,1.0,12/42,16.67%,SRC;PADI2;PGR;GPER1;PPARGC1B;NEDD4;EGLN2;SAFB;DDX54;YAP1;ARID1A;WBP2
KBTBD11,GO_Biological_Process_2023,prerank,Epithelial Cell Migration (GO:0010631),-0.3498504281439811,-0.8518104900286465,0.7406015037593985,1.0,1.0,16/45,21.10%,S100A2;TNFSF12;DAAM2;LRG1;PKN2;PRKX;STARD13;LPXN;DPP4;TESK1;CDH13;PLXND1;PKN3;PXN;SMAD4;MEN1
KBTBD11,GO_Biological_Process_2023,prerank,Cellular Component Disassembly (GO:0022411),-0.34832772970963055,-0.851799770373512,0.7175843694493783,1.0,1.0,11/46,15.61%,ADAMTS15;CTSS;TMPRSS6;MMP9;MMP11;KLK7;KLK4;ADAM15;EXOC8;CTSK;NOXO1
KBTBD11,GO_Biological_Process_2023,prerank,Negative Regulation Of Myeloid Leukocyte Differentiation (GO:0002762),0.3679799785990946,0.851666328485389,0.7093275488069414,1.0,1.0,5/29,13.20%,LILRB4;MAFB;MYC;CEACAM1;TMEM178A
KBTBD11,GO_Biological_Process_2023,prerank,Amide Transport (GO:0042886),0.3622849950262077,0.8516404378732445,0.7082452431289641,1.0,1.0,6/32,10.26%,AQP8;SLC17A8;ABCG2;SLC27A1;SLC46A1;CPTP
KBTBD11,GO_Biological_Process_2023,prerank,Regulation Of Cytokine Production (GO:0001817),-0.29015761529266176,-0.8514418374384183,0.8649122807017544,1.0,1.0,42/165,18.67%,AGT;ALOX5;LURAP1;NFAM1;RGCC;ZBTB49;ISG15;SOD1;ZBTB45;CLEC6A;GATA3;FOXP3;NOS2;NLRP12;BTNL2;IRF8;ATP2B1;IL1A;CCDC88B;LYN;ZBTB25;RPS6KA4;SNAI2;AMH;CLEC4A;HTR2B;AGPAT2;CD276;GAPDH;SFTPD;SCAMP5;GPNMB;TRIL;TRIM56;IGF2BP2;BCL6;ERMAP;HLA-DRB1;HLA-B;ICOSLG;BTN3A1;CD47
KBTBD11,GO_Biological_Process_2023,prerank,Regulation Of AMPA Receptor Activity (GO:2000311),-0.39192131856929857,-0.8512979822198609,0.7001795332136446,1.0,1.0,14/24,24.71%,NOL3;CACNG4;CNIH3;CNIH4;CACNG2;CACNG5;CACNG7;CACNG8;NLGN3;MEF2C;SHISA9;MINK1;SHISA7;PRRT1
KBTBD11,GO_Biological_Process_2023,prerank,Negative Regulation Of Cytokine-Mediated Signaling Pathway (GO:0001960),0.3213075683837949,0.8511222569721683,0.7473903966597077,1.0,1.0,13/59,12.77%,IL6;SLIT1;USP18;ARG1;METTL3;APOA1;NLRC5;RNF113A;GPS2;ROBO1;OTUD4;PPP2CB;CCDC3
KBTBD11,GO_Biological_Process_2023,prerank,Regulation Of Autophagy (GO:0010506),-0.2798840200632344,-0.8507838108872957,0.9203389830508475,1.0,1.0,77/238,23.31%,KIF25;DAPL1;TICAM1;SQSTM1;IRGM;ATP6V0D1;DCAF12;HGF;TRIB3;DEPP1;KAT5;GFAP;WDR6;LRRK2;NEDD4;CAPNS1;RRAGC;FOXK2;OPTN;TRIM58;RFPL2;UCHL1;STAT3;KLHL22;TRIM22;TAB2;PIP4K2B;EXOC8;MAPK15;MAPT;ZC3H12A;LEPR;GAPDH;TRIM23;PLEKHF1;TPCN2;PIK3R4;USP10;CTSA;RRAGA;UVRAG;VPS26A;ATP6V0A2;CSNK2A2;EP300;GSK3A;DAP;NPRL3;STK11;ENDOG;SNX6;ORMDL3;FBXW7;PRKN;ATP6V0A1;MTMR9;MTMR4;VPS29;ATG14;ATP6V0B;CDK5;DRAM1;TRIM5;WAC;RASIP1;ITPR1;ATP6V1H;ATP6V1G2;SREBF2;ATP6V1B2;CDK16;MCL1;RAB8A;RNF152;RB1CC1;ATP6V1E2;RAB39B
KBTBD11,GO_Biological_Process_2023,prerank,Positive Regulation Of Receptor Internalization (GO:0002092),0.3874848942598476,0.8507605676394213,0.6710526315789473,1.0,1.0,10/22,25.49%,GREM1;VEGFA;ATAD1;MAGI2;INSR;SFRP4;CD63;NTF3;TBC1D5;ANGPT1
KBTBD11,GO_Biological_Process_2023,prerank,Regulation Of Calcium Ion Transmembrane Transport (GO:1903169),-0.40566884941079934,-0.8505577026174764,0.6827458256029685,1.0,1.0,8/20,17.98%,CACNG1;LIME1;CAV3;ATP1A2;HRC;PTK2B;PSEN2;NOS1
KBTBD11,GO_Biological_Process_2023,prerank,Regulation Of Androgen Receptor Signaling Pathway (GO:0060765),0.3756019108370581,0.8500786744003923,0.7296137339055794,1.0,1.0,6/27,10.25%,TRIM68;PARK7;HDAC6;PIAS2;DDX5;HEYL
KBTBD11,GO_Biological_Process_2023,prerank,Regulation Of Mitotic Cell Cycle Phase Transition (GO:1901990),-0.3161513012032699,-0.8498840012119423,0.7898550724637681,1.0,1.0,32/86,21.07%,RGCC;DPF3;CDKN2A;NPM2;SMARCD3;CDK2;SMARCD2;DPF1;UBE2C;APPL1;KLHL18;BCL7C;CENPF;ARID1A;CENPE;ACTL6B;SMARCA2;CDC14A;MAP3K20;SMARCE1;ERCC3;DDB1;CDKN2D;CDK4;SMARCC1;TFAP4;E2F1;KCNH5;TMEM14B;PSME3;INO80;MNAT1
KBTBD11,GO_Biological_Process_2023,prerank,Negative Regulation Of B Cell Activation (GO:0050869),0.40467627359530045,0.8498297585408582,0.7034632034632035,1.0,1.0,4/20,6.82%,TNFRSF13B;PARP3;BANK1;TNFAIP3
KBTBD11,GO_Biological_Process_2023,prerank,Protein Neddylation (GO:0045116),-0.3999778426516042,-0.8495851726267865,0.6696750902527075,1.0,1.0,12/22,27.47%,COPS3;COPS2;DCUN1D3;COPS4;UBE2M;GPS1;DCUN1D4;RNF7;DCUN1D2;COPS7A;DCUN1D1;UBA3
KBTBD11,GO_Biological_Process_2023,prerank,Adenylate Cyclase-Activating G Protein-Coupled Receptor Signaling Pathway (GO:0007189),-0.30720673708342333,-0.8491772375294766,0.8228070175438597,1.0,1.0,25/108,17.46%,PTGIR;ADGRF5;ADCY7;ADGRF3;CALCA;MC5R;GPER1;ADRA2B;GNAQ;GPR3;ADCY9;LHCGR;ADORA2B;DRD3;GPR78;ADGRL1;RAMP3;GHRHR;GPHA2;ADGRL4;ADGRB3;ADGRE5;ADRA1D;GPR161;ADGRB2
KBTBD11,GO_Biological_Process_2023,prerank,Sodium Ion Transport (GO:0006814),-0.3094968130777183,-0.8491243708737151,0.8151571164510166,1.0,1.0,22/89,16.46%,PKD2L1;WNK4;SLC12A3;SLC6A3;SLC5A12;CATSPER4;SLC4A4;ASIC3;KCNK1;SLC4A11;ATP1B3;SCNN1G;SCNN1A;ATP1A2;SCN8A;SLC4A8;SLC24A3;PKD2;SCN11A;TPCN2;SLC6A6;SCN4B
KBTBD11,GO_Biological_Process_2023,prerank,Intracellular Protein Transport (GO:0006886),-0.27195399620688193,-0.8488328806718476,0.9621087314662273,1.0,1.0,134/322,25.96%,GCKR;NUP42;RAB5C;TSG101;RAB43;ANKLE1;ARFIP2;CACNG4;CHP1;CCHCR1;DNAJC19;ATP6AP1;RABL2B;EGR2;VIPAS39;RAB7A;SCFD1;STX4;RANBP3L;AP2A1;POM121L2;RANBP17;STX5;RAB1B;PTPN23;APPL1;STAT3;VPS37B;MYO6;TMED6;TSC2;ROMO1;GABARAP;RANBP3;CACNG2;CACNG5;KPNA7;TRIM23;STAM2;CD74;TMED4;SEC13;VPS25;VPS37C;KPNB1;RAB5B;STXBP1;RAB23;IPO13;NUP188;IPO5;KPNA4;CTSA;NUP62;STX12;CACNG7;VPS26A;VPS36;GGA1;ARCN1;FAM91A1;FAM53C;BCL3;KPNA6;HOMER3;APEX1;AP4B1;RAB31;RTN2;GRPEL2;NUP214;CACNG8;OXA1L;SNX6;YWHAH;CDC37;RANBP6;TMED9;PDCD6;RAB22A;XPO7;AP3B1;ARFGAP3;STXBP2;STX10;POM121C;NAPG;ERP29;AP4E1;VPS29;ARF5;AP4S1;COPA;ARFIP1;TMED1;SCG5;HIKESHI;ARL4A;TGFB1;SEPTIN9;NUP107;TMED5;ASPSCR1;UNC93B1;AP1M2;SNX15;RAB17;EIF4ENIF1;NSF;ARL1;NUP88;ARF6;STXBP3;PRICKLE1;KIF13B;RAN;SEC23IP;ARL6;AP4M1;STX2;SEC16A;SNX31;NUP85;SNX13;STX1A;PICK1;ARL11;IPO8;SORL1;GIPC1;STRADA;RAB35;STX8;STX7
KBTBD11,GO_Biological_Process_2023,prerank,Regulation Of Signal Transduction (GO:0009966),-0.28629597701336634,-0.8487708087593321,0.8857644991212654,1.0,1.0,56/192,22.35%,GRK7;SRC;RGS14;MFNG;IGFBP3;CD177;GAS1;TIMP1;NCK2;GLI1;GATA3;SIRT1;CAV3;NLRP12;HHIP;MGLL;TMEM204;LRRK2;RGS11;NCK1;PLSCR1;VWA2;YJEFN3;ANKRD54;TSC2;SNW1;OGT;IGFBP7;TSPAN15;LLGL2;NUP62;TDGF1;RASGRP4;SYNJ2BP;ERBB3;IGFBP5;STK11;RGS16;KCTD12;PXN;IGFBP4;DTX1;INTU;PLCE1;TRIM5;CSK;DGKQ;RGS12;IRAK2;CD55;INPP5D;RGS20;FBXL17;KCTD16;ALOX15;SREBF2
KBTBD11,GO_Biological_Process_2023,prerank,Cellular Response To Hormone Stimulus (GO:0032870),0.30060291890742996,0.8486414669454344,0.8400954653937948,1.0,1.0,22/93,16.68%,AVPR1B;SLIT1;RDX;AKR1B1;ATP1A3;TFPI;NKX3-1;LMO2;RAMP2;RAMP1;SOX9;SERPINB9;CYP11A1;TRIM24;BCAS3;MED1;SFR1;MGARP;NPFFR2;QRFPR;CAV1;ESR1
KBTBD11,GO_Biological_Process_2023,prerank,Potassium Ion Transport (GO:0006813),0.29171088438353693,0.8484971576826319,0.8665105386416861,1.0,1.0,32/122,16.75%,SLC9A3;KCNA1;KCNK9;SLC9A2;KCNN4;ATP1A4;KCND1;KCNAB3;NALCN;KCNF1;KCNS1;KCNA7;KCNK10;KCNJ4;KCNJ8;KCNN3;HCN2;KCNK17;KCNN2;KCNH7;KCNK6;KCNK5;KCNQ1;KCNH2;KCNA3;KCNMA1;KCNQ3;SLC24A2;SLC24A1;KCNK13;SLC17A7;HCN3
KBTBD11,GO_Biological_Process_2023,prerank,Regulation Of Adaptive Immune Response (GO:0002819),0.40570679181731584,0.8484946538362571,0.687793427230047,1.0,1.0,9/18,25.24%,IRF7;IL4I1;IRF1;TRIM27;IL6ST;TNFSF4;AKIRIN2;SAMSN1;AHR
KBTBD11,GO_Biological_Process_2023,prerank,Negative Regulation Of Apoptotic Process (GO:0043066),0.2559845843100551,0.8484144612887438,1.0,1.0,1.0,124/467,19.78%,CD28;FABP1;NUGGC;DKK1;ASCL1;LAMP3;IL6;ISL1;GREM1;NRBP2;FIGNL1;TSLP;PIK3R1;PRLR;AZU1;CLCF1;ALOX12;PARK7;MDM2;NTF4;COPS5;DFFA;IL27RA;ANGPT4;ZNF830;PAK2;NDNF;ZNF16;CBX4;POU3F4;RIPK1;ITGB1;PIK3R3;PHIP;TSC22D1;TMBIM6;FNIP1;TGFB3;ARHGAP21;MLST8;KLHL20;PLA2G3;SPRY2;ARAF;ERCC5;SOX9;SERPINB9;PIM2;GHRL;HIPK3;FOXO1;DNAJA3;SETX;WNK3;MYC;NFKB1;MYO18A;GSK3B;PLAUR;DNAJA1;PTRH2;CRLF1;NOTCH2;IL7;ZNF268;LGMN;HSPB1;RB1;AVEN;PRR5;RHBDD1;PRKCI;MED1;OPA1;PRKCA;VEGFA;CTNNB1;TNFRSF10D;TFRC;RAF1;MTDH;PPIF;CD44;ERBB4;KLF4;LIG4;MAPKAP1;NGF;CAT;DHCR24;FLNA;SHC1;WNT5A;EGFR;HDAC2;HSPA9;TNFAIP8;KRT18;PIDD1;CAV1;TCL1A;SEMA3E;MAPK8IP2;MAP2K5;BAG3;NIBAN2;HMGA2;PRKCD;SCX;GRK5;KDR;PRKDC;PINK1;CX3CL1;NAA35;SOCS3;FHL2;CLU;SEMA4D;IGF1;THBS1;IL6ST;AKT1;LAMTOR5
KBTBD11,GO_Biological_Process_2023,prerank,Positive Regulation Of Ion Transmembrane Transporter Activity (GO:0032414),-0.3675766031939867,-0.8483918171530869,0.7175141242937854,1.0,1.0,12/33,19.57%,CTSS;NOL3;ATP1B3;EDNRA;CFTR;TRPC6;STAC;WNK2;ATP1B1;TCAF1;NLGN3;ACTN2
KBTBD11,GO_Biological_Process_2023,prerank,Negative Regulation Of Intrinsic Apoptotic Signaling Pathway (GO:2001243),-0.33379319497696097,-0.8482270802385323,0.7495429616087751,1.0,1.0,20/61,19.68%,SRC;MMP9;NOL3;SIRT1;LRRK2;CCAR2;SNAI2;HERPUD1;DDIAS;ENO1;URI1;TPT1;BAG5;BCL2L1;NDUFA13;CREB3L1;CDKN2D;PRKN;CXCL12;TMEM161A
KBTBD11,GO_Biological_Process_2023,prerank,Monoatomic Ion Transport (GO:0006811),-0.30044721525897405,-0.8481102204761033,0.8678571428571429,1.0,1.0,27/106,19.64%,PANX3;PKD2L1;CHRNB2;SLC12A3;SLC5A12;SLC25A18;CNGB1;SLC26A9;PANX2;SLC26A4;PKD1L3;CHRNA4;SLC17A6;LRRC8A;WNK1;SLC1A6;SLC24A3;SLC12A4;SLC39A1;CTNS;TRPC6;SLC12A6;ATP10D;SLC25A10;SLC9A6;SLC15A3;SLC26A6
KBTBD11,GO_Biological_Process_2023,prerank,Negative Regulation Of Cell Population Proliferation (GO:0008285),-0.2659875959081337,-0.8479361330635515,0.9834983498349835,1.0,1.0,101/376,20.42%,CD33;IFNK;PTGIR;INHBA;OPRM1;TBX3;CXCL1;RGCC;IGFBP3;ZBTB49;SCIN;NCK2;KDF1;BMPR2;CER1;GATA3;TMEM127;CDKN2A;MYOCD;PARP10;FOXP3;KLF11;BMP2;BNIPL;GPER1;NTRK1;ALDH1A2;TGFB2;WDR6;THAP12;IL1A;LYN;COL4A3;CTCF;CNOT7;APOE;CD300A;SMAD6;E2F7;CEBPA;LMNA;RUNX3;NLRC3;MN1;MYO1C;NOTCH1;KLF10;TSC2;DIS3L2;RNF2;HMGA1;NACC2;LDOC1;PKD2;GSDME;IGFBP7;TP53;TIAL1;P3H3;GAS8;PAK1;MAGED1;PTK2B;ADARB1;NUP62;TP53I11;ING5;GPNMB;SMARCA2;ADRA1D;KDM2B;ING4;SOX4;IGFBP5;MFN2;STK11;CDKN2D;EMD;WNK2;F2R;PLXNB1;BTG1;DAB2IP;PTPRJ;CDH13;TESC;RAPGEF2;TFAP4;E2F1;FABP7;SAV1;RNF41;ITGA1;VGLL4;GTPBP4;B4GALT7;TENM1;TGFB1;ATF5;CLMN;RNF139
KBTBD11,GO_Biological_Process_2023,prerank,Intraciliary Anterograde Transport (GO:0035720),0.429362275468797,0.8477482170244772,0.6673684210526316,1.0,1.0,7/15,23.66%,IFT81;IFT74;IFT172;TTC26;TTC30A;IFT88;IFT46
KBTBD11,GO_Biological_Process_2023,prerank,Negative Regulation Of Amide Metabolic Process (GO:0034249),-0.3093375997657982,-0.8477388351196249,0.8204225352112676,1.0,1.0,38/93,23.88%,LARP1;NANOS3;NTRK2;ZAR1L;NHLRC1;ILF3;TIA1;APOE;PATL2;RACK1;PIN1;GIGYF2;DDX6;NHLRC3;GAPDH;CSNK2A1;GRB7;RIDA;ATCAY;IGF2BP2;FXR1;APEX1;IGFBP5;CNOT9;DHFR;RTN2;TRIM3;ORMDL3;ENC1;RNF139;PAIP2B;LSM14A;EIF4ENIF1;PUS7;SERBP1;SPHK1;DDX3X;FMR1
KBTBD11,GO_Biological_Process_2023,prerank,Positive Regulation Of Protein Catabolic Process (GO:0045732),-0.3080858959031191,-0.8476779754573154,0.8087719298245614,1.0,1.0,36/92,23.88%,ASB5;APC2;RNF128;OAZ3;TNFSF12;SH3D19;TIPARP;IDE;RAB7A;NEDD4;EGLN2;CD81;APOE;STX5;SNX33;BARD1;CSNK2A1;PSMC6;NDUFA13;GSK3A;DDB1;FBXW7;PRKN;DAB2IP;PSMC3;RNF41;NKD1;VGLL4;PCSK9;PLK3;CUL4A;NSF;OAZ2;FURIN;PACSIN3;FMR1
KBTBD11,GO_Biological_Process_2023,prerank,Regulation Of Cell Cycle Process (GO:0010564),-0.2931215211469341,-0.8474517357101594,0.862876254180602,1.0,1.0,40/129,20.58%,KIF2B;ANKK1;DPF3;CALM2;GPER1;CUL9;CALM3;SMARCD3;L3MBTL1;SMARCD2;DPF1;USP19;BUB1;AHCTF1;RACGAP1;PIN1;BCL7C;MKI67;PIK3R4;DCUN1D3;ARID1A;RCC1;BCL2L1;UVRAG;MAP9;ACTL6B;SMARCA2;CUL7;RRP8;SMARCE1;FBXO43;MARK4;PUM2;SMARCC1;RAB11FIP4;TXLNG;OBSL1;CCNL2;ATF5;MCM2
KBTBD11,GO_Biological_Process_2023,prerank,O-glycan Processing (GO:0016266),0.3469049097604456,0.8474328415456058,0.7389380530973452,1.0,1.0,16/41,24.82%,GALNT5;ST3GAL3;B3GNT4;C1GALT1C1;GXYLT2;GALNT1;GALNT11;POFUT1;GALNT14;C1GALT1;POMGNT1;GXYLT1;GALNT6;GALNT2;B3GNT2;B3GNT5
KBTBD11,GO_Biological_Process_2023,prerank,Cellular Response To Amino Acid Starvation (GO:0034198),-0.3506150519936301,-0.8471596699613203,0.7355072463768116,1.0,1.0,23/42,25.97%,DAPL1;KPTN;RRAGC;IMPACT;MIOS;ITFG2;RRAGA;EIF2AK4;DAP;SESN3;NPRL3;GCN1;WDR59;EIF2S1;RNF152;BMT2;FAS;ATF4;MAPK8;SESN2;MAPK3;LARS1;CDKN1A
KBTBD11,GO_Biological_Process_2023,prerank,Negative Regulation Of Protein Binding (GO:0032091),0.3115291369323656,0.846706080678603,0.8161925601750547,1.0,1.0,23/71,20.35%,DKK1;SYMPK;EFHB;PARK7;DNAJB2;TTBK1;TMBIM6;GSK3B;B2M;MAP2;ROCK1;DACT1;GNL3L;AURKB;CAV1;PDGFB;PRKCD;KDM1A;DISC1;AURKA;AKT1;ADRB2;ATP2A2
KBTBD11,GO_Biological_Process_2023,prerank,RNA 3'-End Processing (GO:0031123),-0.35420168377146366,-0.8466585178733952,0.740072202166065,1.0,1.0,14/37,23.93%,TENT4B;INTS5;PAPOLA;RPRD1A;INTS8;PTCD1;INTS2;HEXIM1;INTS6L;TRNT1;INTS7;CPSF6;NCBP1;INTS9
KBTBD11,GO_Biological_Process_2023,prerank,L-amino Acid Transport (GO:0015807),0.3730020650082966,0.8465162352279538,0.7053941908713693,1.0,1.0,7/26,18.87%,SLC36A3;SLC17A8;SLC36A1;SLC36A4;SLC22A2;SLC36A2;SFXN1
KBTBD11,GO_Biological_Process_2023,prerank,Endothelial Cell Migration (GO:0043542),0.3446110364194161,0.8459452774935929,0.7116182572614108,1.0,1.0,10/39,15.90%,SOX18;NOS3;LGALS8;CEL;CYP1B1;RHOA;ADGRA2;VEGFA;MYH9;ID1
KBTBD11,GO_Biological_Process_2023,prerank,Plasma Membrane Invagination (GO:0099024),-0.389529880480397,-0.8457071883770512,0.7031539888682746,1.0,1.0,6/26,12.62%,ITGB2;SPIRE2;MSR1;ITGAM;DOCK1;SNX33
KBTBD11,GO_Biological_Process_2023,prerank,Membrane Fission (GO:0090148),-0.3544967603761482,-0.8453269780066801,0.750465549348231,1.0,1.0,15/38,24.01%,TSG101;VPS37B;EXOC8;STAM2;CHMP4A;VPS25;VPS37C;TMCC1;EXOC3;VPS36;EXOC5;CHMP3;CHMP5;CHMP1B;CHMP2A
KBTBD11,GO_Biological_Process_2023,prerank,Regulation Of Cellular Localization (GO:0060341),0.31472009727606876,0.845279281018005,0.7908653846153846,1.0,1.0,18/70,15.77%,REEP6;TRIM68;TRIM34;PARP1;USP8;TRIM25;NKX3-1;TPR;PARD6G;TRIM6;RAB14;MAP2;TRIM21;OOEP;MMD;REEP5;TRIM46;VPS4A
KBTBD11,GO_Biological_Process_2023,prerank,Response To Epidermal Growth Factor (GO:0070849),0.37029984475332917,0.8452369735623619,0.7494407158836689,1.0,1.0,10/30,16.13%,VIL1;TPR;SOX9;MARS1;MED1;PTPN11;MAPK1;EEF1A1;IQGAP1;EGFR
KBTBD11,GO_Biological_Process_2023,prerank,Inner Ear Morphogenesis (GO:0042472),-0.38469830869342597,-0.8451351283851726,0.6946564885496184,1.0,1.0,4/24,12.13%,PAX2;TMIE;SIX1;MYO6
KBTBD11,GO_Biological_Process_2023,prerank,DNA Biosynthetic Process (GO:0071897),-0.4274061027387904,-0.8450314978396768,0.7026515151515151,1.0,1.0,8/17,19.80%,POLL;SIRT1;WRN;TERT;POLD1;POLDIP2;POLD2;HROB
KBTBD11,GO_Biological_Process_2023,prerank,Regulation Of Peptidyl-Threonine Phosphorylation (GO:0010799),0.35637928732861485,0.8449885987423843,0.7282377919320594,1.0,1.0,12/36,16.13%,SPRED2;AZU1;SMAD7;SPRY2;SPRED1;CADM4;WNK3;TRIM6;PRKAG2;MAPK1;BMP7;RPTOR
KBTBD11,GO_Biological_Process_2023,prerank,Vascular Transport (GO:0010232),0.310360590801686,0.8447654552995112,0.8045977011494253,1.0,1.0,19/82,15.53%,AVPR1B;SLCO1C1;SLC6A13;ATP1A4;KCNJ8;ABCG2;ABCC3;SLC27A1;SLC27A4;SLC16A7;SLC2A13;SLC29A1;ATP2B4;ABCC1;SLC8A2;TFRC;SLC5A6;SLC22A2;SLC4A3
KBTBD11,GO_Biological_Process_2023,prerank,Regulation Of Response To External Stimulus (GO:0032101),-0.29822664036399243,-0.8447289019807588,0.8530465949820788,1.0,1.0,31/125,21.65%,NLRP8;GRK7;ALOX5;SEMA7A;XCL1;F2;MGLL;AHSG;IL1R1;SBNO2;GUCY2D;NOD2;APPL1;PTGES;DHX58;ZMPSTE24;BIRC2;ADAMTS12;BCL6;PIK3AP1;F2R;SETD6;SHPK;NR1D2;P2RX4;DAGLB;TRIM5;RNF135;CD55;CYLD;AGER
KBTBD11,GO_Biological_Process_2023,prerank,Regulation Of DNA Binding (GO:0051101),-0.3366226738453245,-0.8444729102715184,0.7564575645756457,1.0,1.0,16/48,20.68%,MMP9;SUMO4;RNF220;EGF;ZC4H2;HMGB2;RSF1;ILRUN;DOT1L;PRKN;TFAP4;E2F1;HABP4;TGFB1;ZBTB7A;HES1
KBTBD11,GO_Biological_Process_2023,prerank,Cytosolic Pattern Recognition Receptor Signaling Pathway (GO:0002753),0.39528080516528885,0.8441599917798169,0.6970338983050848,1.0,1.0,4/23,9.50%,IRF7;TRIM25;TNFAIP3;MAP2K6
KBTBD11,GO_Biological_Process_2023,prerank,Protein Transmembrane Import Into Intracellular Organelle (GO:0044743),0.3529864566269381,0.844069250638915,0.7337807606263982,1.0,1.0,12/32,20.99%,TOMM20L;TIMM17A;TOMM40L;TRIM37;PEX5;TOMM70;PEX7;PEX12;PEX6;TOMM40;DNAJC15;HSPD1
KBTBD11,GO_Biological_Process_2023,prerank,Negative Regulation Of Blood Coagulation (GO:0030195),0.3640252085426667,0.8439890866765536,0.7362869198312236,1.0,1.0,11/30,21.22%,NOS3;SERPINF2;TFPI;F11;SERPINE2;PLAT;GP1BA;PDGFB;F12;CPB2;SERPINE1
KBTBD11,GO_Biological_Process_2023,prerank,Negative Regulation Of Cell Cycle (GO:0045786),-0.31394270392215634,-0.84381948447425,0.7958412098298677,1.0,1.0,26/84,21.84%,GAS1;GATA3;CDKN2A;MYOCD;SIRT1;BMP2;GPER1;HHEX;PTPN3;CEBPA;RUNX3;PPP1R13B;HEXIM2;BARD1;IPO5;TAF6;RRP8;FBXO43;HEXIM1;BTG1;TFAP4;THAP5;TGFB1;MEN1;ZBTB17;BRINP1
KBTBD11,GO_Biological_Process_2023,prerank,Lysosome Organization (GO:0007040),-0.3406696692933609,-0.8437528846785803,0.7664233576642335,1.0,1.0,17/43,21.35%,CLN5;TMEM106B;SRPX;LRRK2;PI4KB;HOOK1;TMEM175;TPCN2;GAA;HPS1;SNAPIN;HOOK3;VPS18;FHIP1B;CLVS1;SPG11;ACP3
KBTBD11,GO_Biological_Process_2023,prerank,Positive Regulation Of Protein Modification By Small Protein Conjugation Or Removal (GO:1903322),-0.31834715431738664,-0.8436984250323488,0.7726432532347505,1.0,1.0,31/78,24.27%,CRY1;UBE2D1;MUL1;HDAC3;LRRK2;NSMCE3;PIAS1;PSMD10;ZC3H12A;HSPBP1;INAVA;HDAC4;BCL10;COMMD1;DCUN1D3;BIRC2;GSK3A;PAXIP1;PHF23;FBXW7;HUWE1;DCUN1D4;TSPYL5;NDFIP2;DCUN1D2;RCHY1;SEPTIN4;SPHK1;PRICKLE1;RWDD3;FANCI
KBTBD11,GO_Biological_Process_2023,prerank,Regulation Of Transcription Involved In G1/S Transition Of Mitotic Cell Cycle (GO:0000083),-0.4073887373398282,-0.8432722919209552,0.7044609665427509,1.0,1.0,11/19,26.64%,KLF11;HINFP;E2F7;CDK14;E2F1;CDK5;CDK17;CDK16;CDK18;NPAT;ID2
KBTBD11,GO_Biological_Process_2023,prerank,Phosphatidylinositol Metabolic Process (GO:0046488),-0.32870089237849714,-0.8432033932688985,0.7461538461538462,1.0,1.0,24/63,21.42%,PI4K2A;PITPNM2;PITPNM3;MBOAT7;BMX;PDGFRB;MTMR14;SACM1L;PI4KB;PMPCA;MTMR6;PLCD1;PITPNM1;INPP5J;INPP5B;PIP4P2;LPGAT1;MTMR4;PGAP1;PIGW;SYNJ2;MTMR1;PIKFYVE;INPP5D
KBTBD11,GO_Biological_Process_2023,prerank,ERBB Signaling Pathway (GO:0038127),-0.3386118052878313,-0.8429148199548868,0.7627737226277372,1.0,1.0,19/54,21.98%,AREG;SRC;TGFA;PTK2;NCK2;EGF;SOS1;FAM83A;PTK2B;GRB7;TDGF1;SLC30A10;CUL5;TGFB1;GAREM1;PLCE1;GAB1;HBEGF;GRB2
KBTBD11,GO_Biological_Process_2023,prerank,Maintenance Of Gastrointestinal Epithelium (GO:0030277),0.4051180183539495,0.8427619776447939,0.6861471861471862,1.0,1.0,5/18,19.49%,MUC6;VSIG1;SOX9;TFF3;STRAP
KBTBD11,GO_Biological_Process_2023,prerank,Embryonic Digit Morphogenesis (GO:0042733),0.4108173121713059,0.8427490051948494,0.6875,1.0,1.0,8/17,24.78%,TWIST1;SALL1;HDAC2;MSX1;WDPCP;OXSR1;HDAC1;GLI3
KBTBD11,GO_Biological_Process_2023,prerank,Positive Regulation Of Smoothened Signaling Pathway (GO:0045880),-0.399933121209009,-0.8424651089982439,0.7033747779751333,1.0,1.0,7/21,19.29%,TEDC1;GLI1;STK36;PDCL;GAS8;TUBD1;TTC23
KBTBD11,GO_Biological_Process_2023,prerank,Cytoplasmic Translation (GO:0002181),-0.30791123666691483,-0.8424525323650631,0.8257713248638838,1.0,1.0,44/92,28.08%,RPL37;RACK1;MRPS12;RPSA;EIF4A1;RPL22;RPL3;RPL6;RPS13;RPS19;RPL41;RPL28;RPS2;RPL38;RPL18A;RPLP1;RPL30;RPL29;RPL34;RPS9;RPL19;RPS27A;RWDD1;RPL26L1;RPS5;RPL21;RPL13;RPS3;RPS14;RPS20;RPS15A;RPL8;ETF1;RPS27;RPS15;RPL18;RPS25;RPL35;RPL9;RPLP0;RPL7;RPS16;RPL24;RPS21
KBTBD11,GO_Biological_Process_2023,prerank,Postreplication Repair (GO:0006301),0.38323722887947526,0.8423314421968815,0.6943231441048034,1.0,1.0,14/22,26.73%,TNFSF13B;UBE2V1;PCLAF;UBE2A;RAD18;ZBTB1;UBE2B;UBE2N;WDR33;POLN;MSH2;SPRTN;PRIMPOL;FAAP20
KBTBD11,GO_Biological_Process_2023,prerank,Lipid Translocation (GO:0034204),0.3837631724753746,0.842306797455134,0.6951501154734411,1.0,1.0,7/24,12.64%,SLC52A1;ATP8B3;ATP9A;ATP11A;ATP9B;ABCA7;ABCC1
KBTBD11,GO_Biological_Process_2023,prerank,Positive Regulation Of Transcription Initiation By RNA Polymerase II (GO:0060261),-0.3353223392068778,-0.8421853734279078,0.781021897810219,1.0,1.0,18/52,22.47%,MED11;TAF7;GTF2A2;MED19;SRF;MED27;MED29;TAF2;TP53;PSMC6;TAF6;PAXIP1;MED28;TAF13;TAF11;MED18;GTF2A1;TBP
KBTBD11,GO_Biological_Process_2023,prerank,Negative Regulation Of ERBB Signaling Pathway (GO:1901185),0.41104836283485197,0.8420735150849112,0.6719367588932806,1.0,1.0,8/18,16.13%,ZFYVE28;CBLC;PTPN18;RNF115;MVP;ERRFI1;LGMN;EGFR
KBTBD11,GO_Biological_Process_2023,prerank,Dendritic Cell Migration (GO:0036336),0.4075343349303201,0.8420268244496306,0.6751054852320675,1.0,1.0,1/18,1.31%,CCR6
KBTBD11,GO_Biological_Process_2023,prerank,Metal Ion Transport (GO:0030001),0.27502239142839296,0.8418252257895481,0.9378109452736318,1.0,1.0,46/170,18.52%,KCNA1;ATP2A1;KCNK9;TRPV5;CACNG3;KCNN4;ATP1A4;KCNAB3;KCNF1;SLC11A1;KCNS1;TRPC3;KCNJ4;KCNJ8;SGK1;SLC5A8;CACNG6;NIPAL2;RAMP2;CNNM4;KCNK17;RAMP1;SELENOK;KCNN2;SCN4A;TRPM7;CHRNA7;KCNK6;KCNK5;FGF13;PANX1;TRPV4;KCNA3;SLC5A6;ASIC1;KCNMA1;FYN;CAV1;SLC24A1;SLC17A7;SCNN1B;NMUR1;SLC9B2;SCN7A;MAGT1;CAMK2A
KBTBD11,GO_Biological_Process_2023,prerank,Positive Regulation Of Transferase Activity (GO:0051347),0.28420104262711227,0.8414452267372081,0.9301801801801802,1.0,1.0,49/143,20.98%,CHTF8;GREM1;HNRNPA2B1;APOA1;PIFO;ZNF16;MST1R;EPHA1;DRD4;CD200;DSCC1;PARM1;TNIP1;SERINC5;MYC;CHRNA7;GINS1;RYK;FGFR2;VAC14;CCT4;CD4;MAPKAPK5;FLT3;RFC4;TOPORS;ROR2;UBE2N;MAPK1;CTNNB1;HNRNPD;AURKB;ERBB4;KLF4;DKC1;EGFR;RFC3;FGFR4;KDR;WRAP53;PINK1;NEK2;TNKS;DDR2;ZNF622;FLT4;INSR;DSTYK;GINS4
KBTBD11,GO_Biological_Process_2023,prerank,Negative Regulation Of Interleukin-1 Production (GO:0032692),-0.37095433742885847,-0.8414067704488888,0.7265774378585086,1.0,1.0,6/29,12.96%,CD33;CARD18;PYDC1;NLRP12;ELF4;ZC3H12A
KBTBD11,GO_Biological_Process_2023,prerank,Protein Localization To Golgi Apparatus (GO:0034067),0.36641690298803226,0.8412965710041497,0.7352941176470589,1.0,1.0,8/28,13.25%,COG7;ARL5C;GAK;ZDHHC15;TMED10;PAQR3;VPS13A;GBF1
KBTBD11,GO_Biological_Process_2023,prerank,Negative Regulation Of Cell-Substrate Adhesion (GO:0010812),-0.35397088052596326,-0.8411725003995194,0.7716981132075472,1.0,1.0,10/39,16.37%,TACSTD2;CDKN2A;RASA1;MAP4K4;NOTCH1;ADAM15;AJAP1;JAG1;AP1AR;PTPRO
KBTBD11,GO_Biological_Process_2023,prerank,Transport Across Blood-Brain Barrier (GO:0150104),0.3072407349174672,0.8410362447588705,0.8302752293577982,1.0,1.0,19/84,15.53%,AVPR1B;SLCO1C1;SLC6A13;ATP1A4;KCNJ8;ABCG2;ABCC3;SLC27A1;SLC27A4;SLC16A7;SLC2A13;SLC29A1;ATP2B4;ABCC1;SLC8A2;TFRC;SLC5A6;SLC22A2;SLC4A3
KBTBD11,GO_Biological_Process_2023,prerank,Anterograde Axonal Transport (GO:0008089),0.3489377396583607,0.8410345334311149,0.7321428571428571,1.0,1.0,20/39,24.21%,KIF4A;MAP1A;TRAK1;DTNBP1;RAB27B;RAB21;BLOC1S2;AP3S1;HSPB1;SPAST;TRIM46;MGARP;KIF5C;ARL8A;BLOC1S1;KIF5B;MAPK8IP3;BLOC1S4;DLG2;AP3B2
KBTBD11,GO_Biological_Process_2023,prerank,Regulation Of Rac Protein Signal Transduction (GO:0035020),0.42302036719730984,0.8408312799725834,0.7036247334754797,1.0,1.0,6/15,14.00%,RASGRF1;KBTBD6;CADM4;STMN3;SH3BP1;ARHGAP17
KBTBD11,GO_Biological_Process_2023,prerank,Nervous System Development (GO:0007399),0.25470297772696343,0.8407487914704433,1.0,1.0,1.0,92/431,15.63%,NEURL1;ASCL1;ECRG4;MOG;CHRM1;GFRA2;HPCAL4;PSPN;S100B;NHLH2;GPM6B;DPF2;ACVR1C;GBX2;RBFOX3;MBD5;SZT2;ATXN10;MESP1;SPOCK1;APAF1;ADGRB1;DPYSL4;DLG4;TRAK1;RELN;LHX1;MST1R;UNC119B;NCKAP1;RNF103;APBA1;ADORA1;SDK1;ATXN1;ST8SIA2;VLDLR;P2RX5;ADAM23;ROBO1;IGF2BP3;SIAH1;ACTL6A;ASIC2;NAV1;NRXN2;ADGRA2;LPAR1;ESS2;TAGLN3;ZIC1;BTBD1;CHRNA3;SOX6;MELTF;SEMA6A;RBFOX2;TPP1;WWP1;EIF2B2;NR2C2;NPAS1;RYK;ZNF76;ROGDI;FGF13;CDK5RAP2;NOTCH2;STMN3;NDUFV2;ZIC2;SHC3;ADGRG6;CHAC1;CLN8;RAPGEF5;FKTN;ATOH1;VEGFA;DACT1;CSPG5;SEMA5A;PCDHB3;NBL1;DCLK1;FEZ2;ERBB4;LIG4;NLGN2;NINJ2;SPINK5;CHRM3
KBTBD11,GO_Biological_Process_2023,prerank,Regulation Of Endothelial Cell Apoptotic Process (GO:2000351),0.3359600869912253,0.8406118758136757,0.7697228144989339,1.0,1.0,17/43,26.07%,TNFAIP3;NDNF;KRIT1;RAMP2;IL11;CD40;PRKCI;ANO6;SEMA5A;KDR;THBS1;SERPINE1;PLCG1;ITGA4;NFE2L2;ANGPT1;TNIP2
KBTBD11,GO_Biological_Process_2023,prerank,Regulation Of Intrinsic Apoptotic Signaling Pathway (GO:2001242),-0.34866659680023526,-0.840564800315463,0.7574626865671642,1.0,1.0,15/47,18.35%,SRC;MMP9;NOL3;LCK;HERPUD1;RACK1;URI1;GSDME;PLEKHF1;TP53;STYXL1;BCL2L1;NDUFA13;PTPMT1;BID
KBTBD11,GO_Biological_Process_2023,prerank,NIK/NF-kappaB Signaling (GO:0038061),0.360489830786081,0.8404664354430122,0.7268817204301076,1.0,1.0,9/32,16.08%,TNFSF15;TRAF2;NFKB1;DICER1;REL;TNFRSF10A;MAP3K14;MAP3K7;TIRAP
KBTBD11,GO_Biological_Process_2023,prerank,Dopaminergic Neuron Differentiation (GO:0071542),-0.40379447437136945,-0.8404517968124973,0.6741996233521658,1.0,1.0,3/19,13.29%,FGF8;PHOX2A;LRP6
KBTBD11,GO_Biological_Process_2023,prerank,Microtubule Cytoskeleton Organization Involved In Mitosis (GO:1902850),-0.329189966630135,-0.8403556453254245,0.8049645390070922,1.0,1.0,27/59,26.34%,STIL;DCTN6;PTPA;DCTN2;PCNT;CCNB1;CENPH;KPNB1;TTK;RMDN1;RCC1;CENPE;ESPL1;TBCE;CKAP5;EML1;MAP1S;PLK3;SUN2;TUBG1;CLASP1;RAN;NUDC;SPC25;GPSM2;KIF3B;SETD2
KBTBD11,GO_Biological_Process_2023,prerank,Negative Regulation Of Phagocytosis (GO:0050765),0.41733815094973714,0.840345272776439,0.6840958605664488,1.0,1.0,3/15,6.96%,TLR2;PRTN3;DYSF
KBTBD11,GO_Biological_Process_2023,prerank,Positive Regulation Of Intrinsic Apoptotic Signaling Pathway (GO:2001244),0.3484621659116854,0.8401760174680014,0.738562091503268,1.0,1.0,11/38,13.18%,RNF183;DDIT3;NKX3-1;BCL2L11;SIAH1;BCLAF1;MYC;UBB;DNM1L;RPS7;BBC3
KBTBD11,GO_Biological_Process_2023,prerank,Regulation Of Steroid Metabolic Process (GO:0019218),-0.3884459699609579,-0.8397351559132635,0.696078431372549,1.0,1.0,10/21,21.16%,NR1H4;APOE;EPHX2;ACADL;ACADVL;ABCG1;GNB3;ARV1;DGKQ;GUCY2C
KBTBD11,GO_Biological_Process_2023,prerank,"Nuclear-Transcribed mRNA Catabolic Process, Nonsense-Mediated Decay (GO:0000184)",-0.3702680051377078,-0.8397118287435014,0.7289156626506024,1.0,1.0,14/28,23.27%,SMG6;GSPT1;RBM8A;RC3H1;PYM1;ZC3H12A;UPF1;PNRC1;SMG8;MAGOHB;PNRC2;EIF3E;RNPS1;NCBP1
KBTBD11,GO_Biological_Process_2023,prerank,Calcium-Ion Regulated Exocytosis (GO:0017156),0.36968845867205535,0.8392333060263284,0.7155172413793104,1.0,1.0,11/26,22.15%,RIMS3;SYT3;SYT13;SYT10;RAB3A;SYT7;SDF4;VAMP7;SYT2;SYT11;SYT4
KBTBD11,GO_Biological_Process_2023,prerank,Brain Development (GO:0007420),0.2753604402830806,0.8390001837277762,0.9406392694063926,1.0,1.0,55/164,24.47%,SLC6A4;CNTN5;VCX3B;SIX3;MEIS1;MACROH2A2;CIC;MATCAP1;RELN;RAB3GAP1;SMARCA1;ATXN1;RTN3;SYNJ1;POU6F1;ZIC1;SOX6;UTP3;NDUFS4;SETD1A;FBXW11;RTN4;CHD8;ROGDI;CDK5RAP2;ZIC2;CTNNA2;PCDH18;BPTF;PTPN11;PLXNB2;NNAT;CNTNAP2;CDK5RAP3;RTN1;RBBP4;ADGRG1;GRIN1;MKKS;FLNB;PROX1;CNTN1;VPS51;FOXJ1;ROBO2;GRIN2C;MEIS2;TUBGCP2;PAFAH1B2;RAB18;POMK;SPATA5;COL4A1;SCTR;UFM1
KBTBD11,GO_Biological_Process_2023,prerank,Regulation Of Receptor Signaling Pathway Via STAT (GO:1904892),0.4062660887228627,0.8389362408119129,0.6975308641975309,1.0,1.0,3/16,9.59%,IL6;TSLP;CRLF2
KBTBD11,GO_Biological_Process_2023,prerank,Striated Muscle Contraction (GO:0006941),0.32198999223455205,0.8386797974725152,0.8018433179723502,1.0,1.0,11/57,14.07%,KLHL41;MYLK2;SCN2B;MYH7B;MYL3;PGAM2;SCN1B;GRK2;KCNQ1;KCNH2;SLC8A1
KBTBD11,GO_Biological_Process_2023,prerank,mRNA Metabolic Process (GO:0016071),0.30315277352401854,0.8384158100571432,0.8240740740740741,1.0,1.0,18/85,13.46%,LSM3;HNRNPA2B1;METTL3;SF3A3;CNOT10;PCF11;HSF1;NUDT12;DDX5;AGO3;HIPK3;LSM5;AKAP8L;SSB;U2AF2;ALKBH5;LSM2;PRKACA
KBTBD11,GO_Biological_Process_2023,prerank,Cellular Response To Insulin Stimulus (GO:0032869),0.30028016344432124,0.838157343468021,0.8425720620842572,1.0,1.0,36/99,20.43%,PARP1;PIK3R1;SORBS1;LPIN1;SH2B2;SLC27A1;PIK3R3;PHIP;PDE3B;C2CD5;SLC27A4;NAMPT;CAV2;IRS4;CPEB1;FOXO1;KAT2B;GSK3B;GRB14;AP3S1;CEACAM1;IRS1;FER;PRKCI;PIK3C2A;ZDHHC7;INSIG2;USF1;SHC1;INSIG1;PRKDC;AKT1;GPLD1;SYAP1;BCAR1;INSR
KBTBD11,GO_Biological_Process_2023,prerank,Regulation Of Telomere Maintenance Via Telomerase (GO:0032210),-0.34420731293866436,-0.8381179205301258,0.7308411214953271,1.0,1.0,15/51,16.62%,SRC;EXOSC10;TNKS2;TENT4B;SMG6;POT1;TCP1;MAPK15;HNRNPA1;XRCC5;TERF1;HMBOX1;STON1;HNRNPC;CCT5
KBTBD11,GO_Biological_Process_2023,prerank,Response To Hexose (GO:0009746),0.3763866167919223,0.8378758530847242,0.7162790697674418,1.0,1.0,10/24,20.00%,EIF2B4;SELENOT;LCP1;KHK;TCF7L2;EIF2B2;SLC30A8;SLC2A5;THBS1;GPLD1
KBTBD11,GO_Biological_Process_2023,prerank,Axonogenesis (GO:0007409),0.2725558009109941,0.8378693682172891,0.9537712895377128,1.0,1.0,61/187,21.13%,PLA2G10;CNTN5;LGR6;UNC5C;SLIT1;ISL1;S100B;TNR;NTNG1;MYCBP2;SEMA3F;NEFH;EPHA10;MAP1A;LLGL1;RELN;NTNG2;CNTN2;SIAH1;SCN1B;PLEKHG4;SLITRK4;S100A6;ROBO3;SEMA6A;GLI2;ARHGAP35;IGSF9;RYK;EPHB6;FGFR2;NOTCH2;CTNNA2;B4GALT6;EFNB2;ZDHHC17;DCC;SEMA5A;AFG3L2;FEZ2;TRIM46;FYN;RAB3A;WNT5A;KIF5C;SEMA3E;RPS6KA5;EFNA1;NIBAN2;LYPLA2;TAOK2;EPHA3;SEMA4D;CNTN1;MAP1B;APLP2;CYFIP1;EFNA4;KIF5B;KLF7;ROBO2
KBTBD11,GO_Biological_Process_2023,prerank,snRNA Processing (GO:0016180),-0.3990905258282448,-0.837778433147051,0.7001897533206831,1.0,1.0,10/18,26.06%,INTS5;INTS8;INTS4;INTS11;INTS2;INTS6L;TUT1;INTS7;INTS9;INTS3
KBTBD11,GO_Biological_Process_2023,prerank,Postsynaptic Membrane Organization (GO:0001941),0.417857474562329,0.8376780596735971,0.6993736951983298,1.0,1.0,6/17,17.32%,DLG4;NRXN2;DNAJA3;LRRC4;NLGN2;CHRNB1
KBTBD11,GO_Biological_Process_2023,prerank,Regulation Of Axon Extension Involved In Axon Guidance (GO:0048841),-0.38152015216378016,-0.8376645663487029,0.72,1.0,1.0,7/23,19.28%,SEMA7A;SEMA6C;SEMA3G;SEMA3A;SEMA4F;SEMA3D;SEMA6B
KBTBD11,GO_Biological_Process_2023,prerank,Regulation Of Cytoskeleton Organization (GO:0051493),0.2869771750718252,0.8374752249299117,0.9101382488479263,1.0,1.0,29/112,14.57%,CDK10;SIGLEC15;CCDC88A;GPM6B;MID1;DIAPH1;MAP6D1;PAK2;SYDE1;CAMSAP3;MLST8;TAOK1;SORBS3;ARHGEF5;PATJ;RHOA;CRK;ARHGAP35;EZR;GSK3B;STMN3;ROCK1;HRAS;SH3BP1;PHLDB1;ARHGAP17;KATNBL1;DYNLL1;MAPK1
KBTBD11,GO_Biological_Process_2023,prerank,Protein-Containing Complex Disassembly (GO:0032984),-0.3217640525523878,-0.8373899187008136,0.8054054054054054,1.0,1.0,25/62,24.01%,CHMP1A;IRGM;TSG101;GSPT1;VIPAS39;LIX1L;PYM1;CHMP4A;PIK3R4;UVRAG;EPG5;FRAT1;PEX10;SNX14;HSPA8;GSPT2;ATG14;SEPTIN9;VAMP8;PPP1CA;CHMP3;CHMP5;NSF;CHMP1B;CHMP2A
KBTBD11,GO_Biological_Process_2023,prerank,Regulation Of Mitochondrial Translation (GO:0070129),-0.3898156897105973,-0.8373518837887464,0.6962962962962963,1.0,1.0,10/22,23.23%,RPUSD4;NGRN;LRPPRC;MTG2;MRPS27;UQCC2;RCC1L;SHMT2;MPV17L2;NSUN3
KBTBD11,GO_Biological_Process_2023,prerank,Endothelial Cell Development (GO:0001885),0.3946664774621946,0.8363432797270351,0.6938325991189427,1.0,1.0,7/20,16.64%,SOX18;RDX;MARVELD2;PDE4D;STC1;RAP1A;GSTM3
KBTBD11,GO_Biological_Process_2023,prerank,Response To Cytokine (GO:0034097),-0.29289635584765794,-0.8363065796187159,0.8665480427046264,1.0,1.0,33/125,21.39%,XAF1;SRC;TMEM102;IL23R;CD274;TIMP1;ISG15;POU4F1;SMPD1;ALDH1A2;NLRP12;IL1R1;SRF;PLSCR1;GCH1;MAP4K3;CITED1;CD74;HDAC4;KHSRP;BCL2L1;MAPKAPK3;FOXH1;BST2;TRIM56;NFKB2;IGBP1;MME;SNCA;AFF3;SHMT2;IRAK2;TNFRSF11A
KBTBD11,GO_Biological_Process_2023,prerank,Regulation Of Interleukin-1 Beta Production (GO:0032651),0.30613001724919164,0.8362957824307063,0.8372093023255814,1.0,1.0,13/82,12.93%,IL6;LILRB4;ISL1;NLRP7;AZU1;APOA1;TNFAIP3;LCP1;STMP1;CPTP;GHRL;PANX1;HSPB1
KBTBD11,GO_Biological_Process_2023,prerank,Regulation Of Clathrin-Dependent Endocytosis (GO:2000369),-0.42735900596730814,-0.8360723216631752,0.7076023391812866,1.0,1.0,5/15,24.16%,NEU3;HIP1R;DAB2;PROM2;TNK2
KBTBD11,GO_Biological_Process_2023,prerank,Neurotransmitter Transport (GO:0006836),0.3230230857683008,0.8360631708770256,0.7970085470085471,1.0,1.0,10/52,15.21%,SLC18A3;SLC6A4;SLC17A8;GABRA2;NRXN2;SLC29A1;SYNJ1;LIN7A;SLC6A16;SLC22A2
KBTBD11,GO_Biological_Process_2023,prerank,Phosphatidic Acid Metabolic Process (GO:0046473),0.3522683928575362,0.8359446724616499,0.7799564270152506,1.0,1.0,10/33,14.51%,PLA2G10;SLC27A1;PLA2G3;DGKG;AGPAT1;DGKZ;DGKD;GNPAT;ABHD5;LCLAT1
KBTBD11,GO_Biological_Process_2023,prerank,Intracellular Lipid Transport (GO:0032365),0.4068780761641011,0.8358086405234381,0.6912065439672802,1.0,1.0,6/17,18.57%,GRAMD1C;CPT2;TMEM41B;SLC25A20;SGPP1;GRAMD1B
KBTBD11,GO_Biological_Process_2023,prerank,Skin Epidermis Development (GO:0098773),0.39380501192261447,0.8355576701936461,0.7112970711297071,1.0,1.0,6/21,13.38%,ALOXE3;ALOX12;IL18;LSR;FA2H;CLDN4
KBTBD11,GO_Biological_Process_2023,prerank,Monocarboxylic Acid Biosynthetic Process (GO:0072330),0.31343759555284423,0.835382555860757,0.7990867579908676,1.0,1.0,13/65,11.32%,OSBPL7;PER2;PARK7;BAAT;ACSM1;CBR4;OSBPL3;HOGA1;FASN;MLYCD;CYP7B1;LCP1;CYP39A1
KBTBD11,GO_Biological_Process_2023,prerank,Negative Regulation Of Blood Vessel Endothelial Cell Migration (GO:0043537),0.3532240828170149,0.8350757607752753,0.7405764966740577,1.0,1.0,13/33,20.05%,DLL4;ANGPT4;CSNK2B;RHOA;ATP2B4;KLF4;MAP2K5;GADD45A;JUP;ANGPT2;FGF2;THBS1;MECP2
KBTBD11,GO_Biological_Process_2023,prerank,Cellular Response To Lectin (GO:1990858),-0.40380229482299557,-0.8347999605515759,0.7001897533206831,1.0,1.0,4/19,16.81%,SRC;LYN;PAK1;EP300
KBTBD11,GO_Biological_Process_2023,prerank,Stimulatory C-type Lectin Receptor Signaling Pathway (GO:0002223),-0.40380229482299557,-0.8347999605515759,0.7001897533206831,1.0,1.0,4/19,16.81%,SRC;LYN;PAK1;EP300
KBTBD11,GO_Biological_Process_2023,prerank,Positive Regulation Of Calcium Ion Transmembrane Transporter Activity (GO:1901021),-0.37843620764251046,-0.8338752892170491,0.7165048543689321,1.0,1.0,10/27,18.89%,CALM2;STAC2;CALM3;HTT;PPP3CC;PKD2;APEX1;STAC;ATP1B1;RYR2
KBTBD11,GO_Biological_Process_2023,prerank,Late Endosome To Vacuole Transport (GO:0045324),-0.4052955429961641,-0.8338358098736934,0.7156308851224106,1.0,1.0,8/19,24.32%,CHMP1A;CHMP4A;PIK3R4;CHMP3;CHMP5;CHMP1B;CHMP2A;TMEM50A
KBTBD11,GO_Biological_Process_2023,prerank,Modulation By Host Of Viral Process (GO:0044788),0.38087483335300587,0.8338245195419973,0.7115384615384616,1.0,1.0,10/22,22.28%,PPIB;FASN;CAV2;ZNF502;ZDHHC9;NUCKS1;RAB5A;PI4KA;PIK3C2G;IGF2R
KBTBD11,GO_Biological_Process_2023,prerank,Sphingolipid Metabolic Process (GO:0006665),0.29789584343899217,0.8337822381400587,0.8384074941451991,1.0,1.0,27/93,17.05%,ACER1;CERKL;HACD4;ALOXE3;FUT3;SUMF1;SPTLC1;GAL3ST1;SAMD8;GLB1;SPHK2;SMPD2;CPTP;ELOVL5;FA2H;ELOVL3;CERK;SPTLC2;CLN8;CERS2;DEGS1;PLA2G15;ORMDL2;CERS6;ABCA2;PLPP3;SPTLC3
KBTBD11,GO_Biological_Process_2023,prerank,"Synaptic Transmission, Glutamatergic (GO:0035249)",-0.37600867096844315,-0.8337269521225776,0.7406015037593985,1.0,1.0,12/27,24.44%,GRIN3B;GRIN2A;UNC13B;SLC17A6;GRIN3A;GRIN2D;SLC1A4;SEPTIN9;GRIN2B;GRID1;GRIK3;GRIA1
KBTBD11,GO_Biological_Process_2023,prerank,Positive Regulation Of JNK Cascade (GO:0046330),0.3020457968472855,0.8336303781074914,0.8764302059496567,1.0,1.0,23/77,21.48%,TNFRSF19;SERPINF2;SDCBP;SH3RF3;MBIP;RIPK1;TRAF1;TAOK1;TRAF2;RASGRP1;EDA2R;MAP4K2;MAP3K5;HRAS;TIRAP;PLCB1;TAOK2;GADD45A;UNC5CL;ZNF622;FLT4;GADD45G;HIPK2
KBTBD11,GO_Biological_Process_2023,prerank,Regulation Of Organelle Organization (GO:0033043),-0.30001515220812325,-0.8333009764721971,0.8469945355191257,1.0,1.0,34/100,21.95%,SQSTM1;PTK2;ACTR5;MUL1;MFF;RAB33B;CAPN2;MYO5A;PDE2A;PDE4DIP;TOM1;SFI1;STX5;RUVBL1;MAPK15;MAPT;GOLPH3;TBC1D25;PDCD10;NEXN;CAMSAP2;CLEC16A;EP300;ARL6IP1;PLXNB1;TMED9;PRKN;SIRT7;PJVK;F11R;INO80;USP6NL;ARMH3;INO80C
KBTBD11,GO_Biological_Process_2023,prerank,Histone H4 Acetylation (GO:0043967),-0.34837159288696934,-0.8319112850057423,0.7757352941176471,1.0,1.0,14/38,22.07%,NAA40;KAT5;MORF4L2;YEATS4;RUVBL1;JADE2;OGT;ING5;ACTL6B;ING4;KAT7;MBTD1;JADE1;MSL3
KBTBD11,GO_Biological_Process_2023,prerank,MAPK Cascade (GO:0000165),-0.3005927272292415,-0.8317601739179569,0.8690909090909091,1.0,1.0,29/98,21.10%,MAP3K13;MOS;MAPK12;AVP;MAP4K4;TAOK3;LRRK2;EGF;PPP5C;PTPN7;PTPN3;YWHAE;RCE1;HTR2B;PPP1CB;MAP2K4;MAP2K3;PAK1;RIT2;PPP1CC;MAP3K20;FGFR3;KRAS;RAPGEF2;MEF2C;TGFB1;MAP2K2;KARS1;MEN1
KBTBD11,GO_Biological_Process_2023,prerank,Positive Regulation Of Epithelial To Mesenchymal Transition (GO:0010718),-0.33744854657904055,-0.8317084706885113,0.7728937728937729,1.0,1.0,19/47,20.24%,AGT;RGCC;PTK2;BMP2;CRB2;TGFB2;LRG1;ZNF703;NOTCH1;TGFBR2;JAG1;GLIPR2;OLFM1;DAB2;WWTR1;MDK;FERMT2;SMAD4;TGFB1
KBTBD11,GO_Biological_Process_2023,prerank,RNA Modification (GO:0009451),0.3248291639708123,0.8315589937997765,0.8284518828451883,1.0,1.0,22/51,25.84%,KTI12;METTL3;PUS7L;ELP5;RBM15;BCDIN3D;SSB;MRM2;FTSJ1;MEPCE;TRDMT1;MRM1;AARS1;TRMT9B;DTWD2;PUS3;NSUN2;SARS1;DTWD1;AARS2;PARN;ADAR
KBTBD11,GO_Biological_Process_2023,prerank,Positive Regulation Of Leukocyte Proliferation (GO:0070665),0.4093792047119609,0.8313487384390414,0.7306930693069307,1.0,1.0,2/17,4.69%,NMBR;CSF1
KBTBD11,GO_Biological_Process_2023,prerank,Modulation Of Excitatory Postsynaptic Potential (GO:0098815),0.35438243888610693,0.8313439298914933,0.7511848341232228,1.0,1.0,9/31,15.48%,TMEM25;DLG4;STX1B;RELN;SLC8A3;TMEM108;CHRNA7;SLC8A2;NLGN2
KBTBD11,GO_Biological_Process_2023,prerank,Negative Regulation Of Lipid Storage (GO:0010888),0.4028019614229963,0.8312350182398602,0.7280334728033473,1.0,1.0,1/18,1.66%,IL6
KBTBD11,GO_Biological_Process_2023,prerank,Positive Regulation Of Exocytosis (GO:0045921),-0.34495288340006025,-0.8311125251566044,0.7578558225508318,1.0,1.0,11/37,21.98%,TSG101;RAB27A;SYTL4;RAB7A;SMPD3;RAB15;CFTR;SDC4;SNCA;CADPS2;CLASP1
KBTBD11,GO_Biological_Process_2023,prerank,Regulation Of Smooth Muscle Contraction (GO:0006940),-0.4012749134914496,-0.8310008498878243,0.7074569789674953,1.0,1.0,8/20,20.42%,MYOCD;CHRM2;ATP2B1;SRF;PROK2;F2R;NMU;PLCE1
KBTBD11,GO_Biological_Process_2023,prerank,Carboxylic Acid Catabolic Process (GO:0046395),0.4092325406756319,0.8309834184281394,0.672686230248307,1.0,1.0,5/17,9.02%,IL4I1;ETFB;ETFA;HOGA1;RENBP
KBTBD11,GO_Biological_Process_2023,prerank,Intracellular Sodium Ion Homeostasis (GO:0006883),-0.40120166484499237,-0.8307797877476317,0.7137330754352031,1.0,1.0,9/18,21.52%,ATP1B3;SCNN1G;SCNN1A;TMPRSS4;ATP1A2;ATP4A;ATP1B1;SLC12A2;ATP1B2
KBTBD11,GO_Biological_Process_2023,prerank,Positive Regulation Of Double-Strand Break Repair (GO:2000781),-0.303773453330986,-0.8307381416070455,0.8551724137931035,1.0,1.0,28/84,20.40%,SIRT6;WAS;DPF3;SIRT1;INSL6;KAT5;SMARCD3;SPIRE2;MORF4L2;MMS19;KMT5C;SMARCD2;DPF1;MGMT;SMCHD1;YEATS4;RUVBL1;BCL7C;UBE2V2;ARID1A;ACTL6B;SMARCA2;TIMELESS;SMARCE1;SMARCC1;MRNIP;ACTR2;FANCB
KBTBD11,GO_Biological_Process_2023,prerank,Inositol Phosphate Metabolic Process (GO:0043647),0.3840502807204364,0.8306923359081587,0.7200854700854701,1.0,1.0,6/22,16.92%,ITPKA;OCRL;ITPKB;SYNJ1;IP6K2;IPMK
KBTBD11,GO_Biological_Process_2023,prerank,Negative Regulation Of miRNA Transcription (GO:1902894),0.3918612621378521,0.8304887063289388,0.7204301075268817,1.0,1.0,7/20,17.15%,LILRB4;ZNF512B;SOX9;PPARD;REST;ESR1;PDGFB
KBTBD11,GO_Biological_Process_2023,prerank,Positive Regulation Of T Cell Differentiation (GO:0045582),-0.31655722828819244,-0.83008122884871,0.8027923211169284,1.0,1.0,19/64,18.92%,IL23R;VSIR;CR1;GATA3;FOXP3;KAT5;SMARCD3;SMARCD2;ARID1A;ACTL6B;SMARCA2;SOX4;SMARCE1;BCL6;HLA-DRB1;RHOH;MDK;SMARCC1;SOCS1
KBTBD11,GO_Biological_Process_2023,prerank,Positive Regulation Of Ubiquitin-Dependent Protein Catabolic Process (GO:2000060),-0.30785401280867614,-0.8300698755103726,0.8133561643835616,1.0,1.0,38/83,26.91%,CSNK1A1;PTK2;TRIB3;CAV3;LRRK2;RNF180;CEBPA;RACK1;PIAS1;PSMD10;GABARAP;HSPBP1;RNF144B;SH3RF1;MAGEF1;ELOB;GSK3A;SH3RF2;DAB2;FBXW7;PRKN;L3MBTL3;RNF139;RCHY1;HECTD1;DVL1;PTEN;PRICKLE1;NOP53;RNF19B;ARIH1;BBS7;AXIN1;USP5;VCP;CSNK1E;STUB1;RNF14
KBTBD11,GO_Biological_Process_2023,prerank,Positive Regulation Of Apoptotic Signaling Pathway (GO:2001235),-0.32545617420789086,-0.8294579430656926,0.8090909090909091,1.0,1.0,18/61,18.67%,CTSS;TNFSF12;GPER1;LTB;LCK;BAX;RACK1;GSDME;PLEKHF1;TP53;CTSK;LTBR;BCL10;DEDD2;STYXL1;ING5;BID;DAB2IP
KBTBD11,GO_Biological_Process_2023,prerank,Regulation Of Neural Precursor Cell Proliferation (GO:2000177),0.3777368215005057,0.8293527789562888,0.7342047930283224,1.0,1.0,3/22,5.48%,TAFA3;DLL4;SIX3
KBTBD11,GO_Biological_Process_2023,prerank,Tight Junction Assembly (GO:0120192),0.3246547667358103,0.8292660730324203,0.8130434782608695,1.0,1.0,11/51,13.38%,CLDN11;PAK2;CLDN23;RAMP2;MARVELD2;CLDN20;ILDR1;PATJ;LSR;DLG1;CLDN4
KBTBD11,GO_Biological_Process_2023,prerank,Regulation Of T Cell Migration (GO:2000404),-0.38273638820031597,-0.828900647758874,0.7240740740740741,1.0,1.0,6/23,14.22%,TMEM102;SPN;SPNS2;CD200R1;LRCH1;RIPOR2
KBTBD11,GO_Biological_Process_2023,prerank,mRNA Catabolic Process (GO:0006402),-0.33988306592363177,-0.8287009582401058,0.7799607072691552,1.0,1.0,12/43,18.76%,SLFN14;EXOSC10;DXO;RC3H1;RNH1;DIS3L2;PDE12;NUDT16L1;RIDA;UPF1;EXOSC4;AGO4
KBTBD11,GO_Biological_Process_2023,prerank,Regulation Of Lymphocyte Differentiation (GO:0045619),0.3938007576101845,0.8285711240862773,0.7157894736842105,1.0,1.0,6/19,24.71%,METTL3;IL4I1;SPINK5;PRKDC;ZFP36L2;PRELID1
KBTBD11,GO_Biological_Process_2023,prerank,Positive Regulation Of Lipid Kinase Activity (GO:0090218),-0.36383699360351585,-0.8285499096231803,0.7466666666666667,1.0,1.0,12/30,20.88%,PTK2;F2;PDGFRB;CD81;NOD2;MAPT;PIK3R4;PTK2B;FGFR3;ATG14;TGFB1;TEK
KBTBD11,GO_Biological_Process_2023,prerank,Negative Regulation Of Extrinsic Apoptotic Signaling Pathway (GO:2001237),0.3108213669823878,0.8285477130548852,0.8504273504273504,1.0,1.0,24/70,23.93%,SCRT2;NOS3;PF4;PARK7;AKR1B1;TNFAIP3;RIPK1;PHIP;TCF7L2;GSK3B;EYA1;EYA2;MAP2K5;ITGA6;FAIM;IGF1;THBS1;AKT1;SERPINE1;ZMYND11;TGFBR1;ARHGEF2;TMBIM1;UNC5B
KBTBD11,GO_Biological_Process_2023,prerank,Regulation Of RNA Splicing (GO:0043484),0.29138515402446646,0.8283752623119589,0.8816964285714286,1.0,1.0,24/101,15.85%,PIK3R1;GRSF1;RBM20;RBM38;PRDX6;ZC3H10;HNRNPH3;TMBIM6;TMEM98;ILDR1;CLK1;SF3B3;KAT2B;TRRAP;SETX;SRRM1;U2AF2;PQBP1;SGF29;HNRNPL;SRPK2;ATXN7;RBM39;KAT2A
KBTBD11,GO_Biological_Process_2023,prerank,Regulation Of Ossification (GO:0030278),0.34274558300714936,0.8280041458850729,0.7986270022883295,1.0,1.0,10/37,16.06%,DKK1;TWIST1;S1PR1;TENT5A;SOX9;CCDC134;ANKH;PTPN11;BMP2K;WNT5A
KBTBD11,GO_Biological_Process_2023,prerank,Phosphatidylcholine Biosynthetic Process (GO:0006656),0.3968710422186744,0.8275034695806973,0.7358490566037735,1.0,1.0,5/19,10.52%,LCAT;APOA1;SLC44A3;SLC27A1;CHKA
KBTBD11,GO_Biological_Process_2023,prerank,Heart Morphogenesis (GO:0003007),0.31500210970959364,0.827349858816708,0.843400447427293,1.0,1.0,13/58,14.90%,MYLK2;ISL1;NOS3;SYNPO2L;ALPK2;RBM20;MESP1;SOX9;HEYL;DYNLL1;ACVR1;VEGFA;ADAMTS5
KBTBD11,GO_Biological_Process_2023,prerank,Regulation Of Cell-Cell Adhesion Mediated By Cadherin (GO:2000047),0.40571877290178343,0.8258129865516316,0.7388535031847133,1.0,1.0,8/17,24.02%,NOTCH4;SERPINF2;MAD2L2;VEGFA;PTPRU;EPCAM;DENND6A;NEXMIF
KBTBD11,GO_Biological_Process_2023,prerank,mRNA 3'-End Processing (GO:0031124),0.3271523097926014,0.8251503292928609,0.7775330396475771,1.0,1.0,6/40,8.51%,SYMPK;LSM11;GRSF1;PCF11;PABPC1;CPSF7
KBTBD11,GO_Biological_Process_2023,prerank,Long-Chain Fatty Acid Metabolic Process (GO:0001676),0.3002512476676923,0.8250207692206387,0.8605769230769231,1.0,1.0,20/78,15.45%,CYP4F12;PLA2G10;ALOXE3;ACOT2;PNPLA8;ACOT1;ALOX12;ACSL5;CYP2D7;CYP1B1;SLC27A4;ELOVL5;ACSL4;ELOVL3;CPT2;ABHD12;PLA2G4A;ACSBG1;PLA2G4C;FAAH2
KBTBD11,GO_Biological_Process_2023,prerank,Calcium-Independent Cell-Cell Adhesion Via Plasma Membrane Cell-Adhesion Molecules (GO:0016338),0.3937664574382083,0.8247761466907279,0.7115384615384616,1.0,1.0,5/18,18.32%,CLDN11;CLDN23;CLDN20;CLDN4;CLDN5
KBTBD11,GO_Biological_Process_2023,prerank,Regulation Of Lipid Catabolic Process (GO:0050994),-0.3785565068144734,-0.8247240314391969,0.7504798464491362,1.0,1.0,7/23,19.38%,RARRES2;SIRT6;ANGPTL3;ALK;BSCL2;TYSND1;APOC1
KBTBD11,GO_Biological_Process_2023,prerank,Apoptotic Process (GO:0006915),0.26551935126981796,0.8246220251738198,0.9856801909307876,1.0,1.0,60/226,18.11%,TLR2;ATP2A1;RHOB;TNFRSF19;PARP1;IAPP;DPF2;ZNF443;HK2;MDM2;EMP1;APAF1;IRF1;EGLN3;MAGEH1;RIPK1;CEL;PAK6;NCKAP1;DDX41;ERCC2;NGFR;BCL2L11;SIAH1;FOXO1;BCLAF1;CHEK1;CASP6;SEMA6A;PPARD;MYC;RTN4;AHCYL1;NOTCH2;MRPS30;RFK;PRUNE2;BBC3;PDCD1;DYNLL1;BAD;NUDT2;MELK;PPIA;RAF1;TNFRSF10A;AIFM1;LIG4;MAP3K7;AKAP1;DHCR24;CDK11B;PIDD1;BIK;PDCD2L;THOC1;PRKCD;DAPK2;TAOK2;GADD45A
KBTBD11,GO_Biological_Process_2023,prerank,Regulation Of Telomere Maintenance (GO:0032204),-0.345600995014512,-0.8243975471650604,0.7775800711743772,1.0,1.0,12/38,15.68%,SIRT6;SMG6;NSMCE3;POT1;MRE11;NSMCE4A;XRCC5;RAD50;NSMCE1;TERF1;SMC5;UPF1
KBTBD11,GO_Biological_Process_2023,prerank,Positive Regulation Of Granulocyte Chemotaxis (GO:0071624),-0.39612465946360936,-0.8243568639262404,0.7404580152671756,1.0,1.0,6/21,18.75%,XCL1;CD74;RIPOR2;MOSPD2;RAC2;MDK
KBTBD11,GO_Biological_Process_2023,prerank,Cell-Cell Adhesion Via Plasma-Membrane Adhesion Molecules (GO:0098742),-0.27605963581637405,-0.8240852012256645,0.9371633752244165,1.0,1.0,35/170,17.30%,FLRT3;ITGAL;ITGB2;PCDHB9;NECTIN4;MMP24;CD177;PCDHA7;ROBO4;CDH11;CLDN6;SLITRK1;CRB2;TGFB2;AMIGO1;FAT4;ITGAM;PCDHB10;PTPRT;CDH10;CDH15;CLDN15;MYOT;CLDN1;ADGRL1;KIRREL3;TGFBR2;NEXN;AMIGO2;DSG2;PCDHB5;CEACAM19;LRRC4B;CADM3;PCDHB16
KBTBD11,GO_Biological_Process_2023,prerank,Mitochondrion Organization (GO:0007005),0.2736805964030416,0.8239043394874221,0.9527027027027027,1.0,1.0,48/159,18.65%,ATP2A1;NOS3;PARP1;RAB5IF;PID1;HIGD1C;HK2;MYH7B;PARK7;TRAK1;MGME1;CHCHD3;TIMM17A;SLC25A46;MTFR1;AKT3;STMP1;CAV2;SIRT4;STOML2;DNAJA3;AFG1L;MEF2A;TOMM7;FMC1;MTFP1;DNM1L;OPA1;PYROXD2;WDR81;MFN1;PITRM1;NOA1;TOMM70;RHOT1;COX7A2;AIFM1;MGARP;FBXO7;BIK;MIEF2;SIRT5;FANCG;RAB38;CLUH;MIGA1;PINK1;ATAD3C
KBTBD11,GO_Biological_Process_2023,prerank,Sensory Perception Of Light Stimulus (GO:0050953),-0.29699341571281457,-0.8238078365727164,0.8612099644128114,1.0,1.0,32/102,23.34%,RS1;PAX2;RD3;S100G;CHRNB2;GPR179;CNGB1;TULP2;DNAJC19;PDE6C;USH2A;RDH10;BEST1;COL11A1;CRYBG3;GNAT2;DHRS3;PITPNA;AOC2;USH1C;RGS16;E2F1;KIFC3;CRYGS;RABGGTB;NXNL2;EYA3;BBS2;CRYZ;CRYBA1;ARRB1;POU6F2
KBTBD11,GO_Biological_Process_2023,prerank,Nuclear Chromosome Segregation (GO:0098813),-0.4157969185184076,-0.8238022381552151,0.7113207547169811,1.0,1.0,5/16,22.16%,KIF2B;CENPF;GEM;MAP1S;SPICE1
KBTBD11,GO_Biological_Process_2023,prerank,Positive Regulation Of Programmed Cell Death (GO:0043068),-0.26781200992148946,-0.8234656105132111,0.9763636363636363,1.0,1.0,61/244,20.38%,PNMA5;PLEKHN1;SQSTM1;AIFM2;TRADD;CASP9;IGFBP3;FOXL2;SCIN;SOD1;PTPA;NOS2;KLF11;SIRT1;SMPD1;GADD45B;BMP2;GPER1;NTRK1;FANK1;HTT;LRRK2;JMY;CCAR2;FZD9;UBE2Z;UNC13B;HIP1R;BAX;EMILIN1;RACK1;PDCD2;DNM2;RNF122;BARD1;DKKL1;TP53;CALHM2;BCL10;DCUN1D3;ING5;MAP3K20;OLFM1;ING4;SOX4;ERCC3;BCL6;MARK4;BID;DAB2IP;TFAP4;E2F1;CTSD;SAV1;BAK1;OMA1;APBB1;CTNNBL1;SNCA;MTCH2;PRMT2
KBTBD11,GO_Biological_Process_2023,prerank,Establishment Of Protein Localization To Membrane (GO:0090150),0.30839091392035367,0.8226571494308166,0.8268398268398268,1.0,1.0,18/68,18.06%,RDX;VPS37D;FRMPD1;SDCBP;RAB3GAP1;ZDHHC15;RAB11B;NACAD;ZDHHC19;RABGEF1;PRKCI;ZDHHC7;ZDHHC9;MICALL1;EGFR;GORASP1;RTP1;TAOK2
KBTBD11,GO_Biological_Process_2023,prerank,"Chemical Synaptic Transmission, Postsynaptic (GO:0099565)",0.36353854987861944,0.8222363548494357,0.7573839662447257,1.0,1.0,12/25,18.50%,NPAS4;RAB3GAP1;DRD4;INSYN2B;CHRNA3;GSK3B;INSYN2A;GLRA1;MAPK8IP2;FOXM1;GRID2;GRIN1
KBTBD11,GO_Biological_Process_2023,prerank,Regulation Of Vascular Endothelial Cell Proliferation (GO:1905562),-0.40579920077386017,-0.8221818915339308,0.7017208413001912,1.0,1.0,6/18,24.75%,SIRT6;COL4A3;MDK;MEF2C;FGFR1;PDPK1
KBTBD11,GO_Biological_Process_2023,prerank,Stress-Activated MAPK Cascade (GO:0051403),0.3311282734292822,0.822120504862933,0.7931034482758621,1.0,1.0,18/42,19.86%,MAPK11;TNFRSF19;MAPK10;DUSP9;GPS2;MAPK13;MAP2K6;IKBKB;MAP4K2;MAP3K5;MAPK1;DAXX;MAP3K7;MAPK8IP2;TAOK2;MAPK9;PTGER4;TRIB1
KBTBD11,GO_Biological_Process_2023,prerank,Negative Regulation Of Tumor Necrosis Factor Superfamily Cytokine Production (GO:1903556),-0.32961469339413046,-0.8220023742294758,0.8115671641791045,1.0,1.0,15/49,20.61%,CD33;NR1H4;CD274;VSIR;NLRC3;ELF4;CLEC4A;ZC3H12A;ILRUN;FXR1;CACTIN;GAS6;SIRPA;RARA;ARG2
KBTBD11,GO_Biological_Process_2023,prerank,Mesenchyme Morphogenesis (GO:0072132),0.391146643970136,0.8219703494367464,0.7221006564551422,1.0,1.0,10/18,24.94%,ISL1;NOS3;SOX9;HEYL;ADAMTS5;MDM4;HEY1;BMPR1A;SMAD2;APC
KBTBD11,GO_Biological_Process_2023,prerank,Synaptic Vesicle Endocytosis (GO:0048488),-0.34379216874825985,-0.8219567710184124,0.7821969696969697,1.0,1.0,22/40,28.00%,DNM2;DNM1;STON1;SH3GL2;AP2M1;DNM3;SNCB;PACSIN1;SYT1;NLGN3;SYNJ2;CDK5;SNCA;SH3GL1;VAMP2;STX1A;AP2S1;FCHO2;DNAJC6;ITSN1;PIP5K1C;NLGN1
KBTBD11,GO_Biological_Process_2023,prerank,Negative Regulation Of Translation (GO:0017148),-0.29486624458973354,-0.8218296339699415,0.8963093145869947,1.0,1.0,41/106,23.88%,CPEB2;LARP1;EIF4EBP1;NANOS3;ZAR1L;TNRC6B;FTO;NHLRC1;ILF3;TIA1;PATL2;RACK1;EIF6;GIGYF2;DDX6;NHLRC3;GAPDH;CSNK2A1;YTHDF3;GRB7;RIDA;EIF2AK4;IGF2BP2;FXR1;IGFBP5;CNOT9;DHFR;TRIM3;ROCK2;AGO4;ENC1;RNF139;PAIP2B;EIF3E;LSM14A;EIF4ENIF1;ZFP36;PUS7;SERBP1;DDX3X;FMR1
KBTBD11,GO_Biological_Process_2023,prerank,Multivesicular Body Sorting Pathway (GO:0071985),-0.3853074918673244,-0.8216057638205059,0.7388781431334622,1.0,1.0,11/24,24.13%,RAB27A;SYTL4;CHMP4A;UVRAG;LAPTM4B;SORT1;CHMP3;CHMP5;CHMP1B;CHMP2A;RUBCN
KBTBD11,GO_Biological_Process_2023,prerank,Regulation Of Cytokinesis (GO:0032465),0.2970361543589657,0.8213784119940939,0.8663484486873508,1.0,1.0,17/80,15.92%,CXCR5;MAP10;PDXP;DCDC1;RHOA;RAB11FIP3;CSPP1;KIF20A;FSD1;CDC6;SPAST;CETN2;KIF23;E2F8;AURKB;VPS4A;ENTR1
KBTBD11,GO_Biological_Process_2023,prerank,Positive Regulation Of Peptidyl-Lysine Acetylation (GO:2000758),-0.3984643810868308,-0.820852125916076,0.725417439703154,1.0,1.0,5/17,17.98%,FOXP3;SMARCA5;DDX21;SOX4;NOS1
KBTBD11,GO_Biological_Process_2023,prerank,Regulation Of Protein Tyrosine Kinase Activity (GO:0061097),0.3420083878587341,0.820803472741649,0.7805429864253394,1.0,1.0,13/38,18.88%,LILRB4;PTPN1;DLG4;RELN;ACE;MVP;PRNP;RAP2C;SHC1;CAV1;PDGFB;EFNA1;SH3BP5L
KBTBD11,GO_Biological_Process_2023,prerank,Negative Regulation Of Plasma Membrane Bounded Cell Projection Assembly (GO:0120033),-0.36897373461740457,-0.820732304194676,0.75,1.0,1.0,9/29,17.14%,TACSTD2;EVI5L;MPHOSPH9;TCHP;RAP1GAP;SRGAP2C;YAP1;ARHGAP44;TESK1
KBTBD11,GO_Biological_Process_2023,prerank,Cellular Response To cAMP (GO:0071320),0.35351348604061206,0.8204645751583689,0.7566964285714286,1.0,1.0,7/30,16.75%,AQP8;HCN2;AKAP6;EZR;KCNQ1;RAP1A;HCN3
KBTBD11,GO_Biological_Process_2023,prerank,Negative Regulation Of Blood Vessel Morphogenesis (GO:2000181),0.29686521426872226,0.8203588359170831,0.8747152619589977,1.0,1.0,30/77,20.97%,TNMD;SULF1;PF4;ADGRB1;ANGPT4;KRIT1;PDE3B;SPRY2;SPRED1;GHRL;ATP2B4;SEMA6A;SERPINF1;ROCK1;AMOT;SPARC;CTNNB1;KLF4;SPINK5;MINAR1;SEMA3E;PGK1;PTPRM;NIBAN2;ATF2;CLDN5;THBS1;MECP2;STAT1;PML
KBTBD11,GO_Biological_Process_2023,prerank,Protein Secretion (GO:0009306),-0.30705445152798044,-0.8201048238180028,0.8468468468468469,1.0,1.0,19/67,21.89%,PPY;MON1A;FAM3B;AP1G1;PCSK5;RAB3C;TMEM167A;MTTP;TANGO2;GOLPH3;KLRG1;CYB5R4;TVP23C;ARFGAP3;RCAN3;RAB8B;GAL;MEN1;AP1M2
KBTBD11,GO_Biological_Process_2023,prerank,Positive Regulation Of Monooxygenase Activity (GO:0032770),0.3681832752940635,0.8200117595672718,0.742152466367713,1.0,1.0,3/25,11.32%,NPR3;PARK7;TERF2
KBTBD11,GO_Biological_Process_2023,prerank,Chemical Synaptic Transmission (GO:0007268),0.2563479487993751,0.8198667387720723,0.9953379953379954,1.0,1.0,58/273,17.91%,SLC18A3;KCNA1;CHRM1;SCN2B;GAD2;GABRE;GABRR2;CHRND;HTR4;SLC17A8;PDE7B;HTR1E;GLRA3;HTR3E;HTR2C;DLG4;CHRNA10;SDCBP;GABRA5;CHRNE;HTR3A;CHRM5;GPR176;DRD4;APBA1;GABRA2;SNCG;LPAR3;ASIC2;NRXN2;HTR7;SYT10;RIC3;FCHSD1;CHRNA3;CHRNA7;GRIK4;HTR1F;DLG1;LIN7A;GABBR1;MAPK1;GABRG1;PCDHB3;GABRA1;KCNQ3;GRIK5;NLGN2;GLRA1;CHRM3;SLC17A7;FCHSD2;GABRG2;PLP1;CHRNB1;CHRNB4;HTR6;GRID2
KBTBD11,GO_Biological_Process_2023,prerank,Cell-Cell Signaling By Wnt (GO:0198738),-0.3718408351146894,-0.8198478803845204,0.75,1.0,1.0,7/23,20.94%,CPE;CSNK1A1;LRP6;PKD2;RAC3;FERMT2;KLHL12
KBTBD11,GO_Biological_Process_2023,prerank,Regulation Of Exocytosis (GO:0017157),-0.32059059363154924,-0.8197856719013269,0.7834862385321101,1.0,1.0,23/54,23.02%,RAB27A;SYTL4;RAB33B;STX4;RAB3C;CFTR;TPCN2;STXBP5L;APEX1;SYT1;STXBP6;SNCA;CPLX2;RAB26;RAB8B;CADPS2;SEPTIN1;CLASP1;CHMP3;VAMP2;NSF;SEPTIN4;RAB8A
KBTBD11,GO_Biological_Process_2023,prerank,Positive Regulation Of Gene Expression (GO:0010628),-0.2548314950489569,-0.8197140502722505,1.0,1.0,1.0,120/478,20.24%,FGF21;AGT;PADI2;RHOXF2;TICAM1;INHBA;LURAP1;FGF9;NFAM1;FGF1;PGR;RGCC;VSIR;C1QTNF1;SOD1;POU4F1;FER1L6;LARP1;CNTF;SLC26A9;BMPR2;EIF3D;CLEC6A;PASK;TENT4B;NTSR1;CIRBP;BMP2;GPER1;FGF8;AVP;PKP1;NTRK2;RAB27A;HFE;PKP3;ELAVL4;WNT3;HINFP;PRMT1;IL1A;CCDC88B;EGF;CTCF;PDE2A;LARP4;EIF3C;FGF22;EPHX2;AMH;PLSCR1;NIBAN1;RAMP3;EMILIN1;SLC38A2;STAT3;P2RX7;RBBP5;NOTCH1;EIF6;HTR2B;POLR2A;AGPAT2;PYM1;ZC3H12A;GAPDH;NWD1;SLC24A3;OGT;CITED1;CD74;PDCD10;RBMS3;PLD1;TP53;SCAMP5;YTHDF3;LARP1B;ALOX12B;N6AMT1;YAP1;OVOL2;ARID1A;TLE1;BMP6;WBP2;OLFM1;EP300;SOX4;BCL3;GSK3A;FXR1;MAZ;ZBTB7B;GSN;KRAS;ROCK2;CTCFL;PRKN;BTN3A1;EPB41L4B;FGF19;POU3F1;TESC;ASH2L;E2F1;SIRT7;CITED2;GAS6;KAT7;RBM3;ERP29;PRKAG1;RBM22;MEF2C;NTRK3;TTN;HABP4;TFR2;TGFB1
KBTBD11,GO_Biological_Process_2023,prerank,Telomere Maintenance (GO:0000723),0.3038244968913915,0.8195488202002813,0.8777292576419214,1.0,1.0,19/68,14.39%,PARP3;PARP1;HUS1B;TINF2;RPA3;MAD2L2;RAD51D;ACTL6A;NSMCE2;TERF2;DNA2;CTC1;ATM;RUVBL2;MCRS1;SMC6;ZNF827;BLM;UCHL5
KBTBD11,GO_Biological_Process_2023,prerank,Intracellular Calcium Ion Homeostasis (GO:0006874),0.27407465055838137,0.8194304021789692,0.9505882352941176,1.0,1.0,39/138,17.19%,ATP2A1;ATP2B3;ATP13A1;TRPC3;ATP13A4;HTR2C;PDZD8;TRPA1;DRD4;CCDC47;SLC8A3;SELENOK;CASR;MICU1;ATP13A3;CAV2;SLC35G1;NPTN;STOML2;TRDN;ATP2B4;LETM1;CHRNA7;SLC30A1;CD40;SLC8A2;STC1;TMEM178A;PRKACA;TRPV4;SLC8A1;AFG3L2;ANXA6;SLC24A2;MCU;MICU2;CAV1;SLC24A1;RGN
KBTBD11,GO_Biological_Process_2023,prerank,Regulation Of Oxidative Stress-Induced Intrinsic Apoptotic Signaling Pathway (GO:1902175),-0.4032644432845208,-0.8187771768601989,0.6921641791044776,1.0,1.0,4/18,13.46%,SOD1;NOL3;SIRT1;BAG5
KBTBD11,GO_Biological_Process_2023,prerank,Plasma Membrane Bounded Cell Projection Organization (GO:0120036),-0.28689731124650814,-0.8184864969629362,0.9013035381750466,1.0,1.0,37/131,21.65%,FLRT3;STMN4;POU4F1;STMND1;ARFIP2;BICDL1;TTC17;NCDN;PRMT1;NEDD4;LYN;APOE;VAPA;LIMA1;CORO1B;TTC29;MAPT;TBC1D24;DOCK7;PKD2;SH3GL2;CDNF;SAMD14;SNAPIN;TBC1D23;ATCAY;HDGFL3;PHPT1;MARK4;RAPGEF2;PLEKHA1;CDK5;IQCG;GPM6A;ARMC2;ATP1B2;AGER
KBTBD11,GO_Biological_Process_2023,prerank,Regulation Of Regulatory T Cell Differentiation (GO:0045589),0.37773824847012955,0.818346125870494,0.7298474945533769,1.0,1.0,6/22,8.66%,LILRB4;IL4I1;SOX12;IRF1;DUSP10;LAG3
KBTBD11,GO_Biological_Process_2023,prerank,Carbohydrate Derivative Transport (GO:1901264),0.40937226077656236,0.8180916495772323,0.7225950782997763,1.0,1.0,4/17,10.28%,PLA2G10;VLDLR;CPTP;SLC29A1
KBTBD11,GO_Biological_Process_2023,prerank,Regulation Of Anatomical Structure Morphogenesis (GO:0022603),0.27900347313869756,0.8179694848284125,0.958997722095672,1.0,1.0,40/127,20.42%,CDX2;IL6;PID1;TNFAIP3;PAK2;PDZD8;KRIT1;FMNL2;PHIP;ZDHHC15;ZMYM3;ADGRA2;CHRNA3;CLASP2;LZTS1;ARHGAP35;POGLUT1;GSK3B;FGFR2;CEACAM1;TSPAN12;CLDN4;PHLDB1;PDLIM5;SPARC;KNDC1;CTNNB1;STRIP1;STAT2;CYRIB;PPFIA2;RUFY3;NSMF;LEP;WARS1;FGF2;SEMA4D;SP100;ZRANB1;FLT4
KBTBD11,GO_Biological_Process_2023,prerank,Regulation Of Heart Rate By Cardiac Conduction (GO:0086091),0.3360563357300716,0.8178944746950724,0.7987012987012987,1.0,1.0,14/40,20.23%,SCN2B;ISL1;KCNE4;HCN2;BIN1;SCN1B;KCNQ1;KCNH2;DSP;CAV1;HCN3;KCNE2;JUP;CACNA1C
KBTBD11,GO_Biological_Process_2023,prerank,Hepaticobiliary System Development (GO:0061008),0.36910945127156053,0.8177057469859204,0.751578947368421,1.0,1.0,8/23,20.43%,UGT1A8;PHF1;GFER;LSR;CDK5RAP3;COBL;PROX1;TGFBR3
KBTBD11,GO_Biological_Process_2023,prerank,ATP Metabolic Process (GO:0046034),0.3436921766057597,0.8176954201168616,0.7477876106194691,1.0,1.0,10/34,14.47%,FIGNL1;PARP1;NADK;SLC25A13;ATP5F1C;ATP5F1B;PRKAG2;NMNAT1;BAD;NUDT2
KBTBD11,GO_Biological_Process_2023,prerank,Regulation Of Stem Cell Population Maintenance (GO:2000036),0.31857224958010216,0.8172826872562976,0.8390022675736961,1.0,1.0,29/56,25.59%,DPF2;ESRRB;ZNF706;CNOT1;ACTL6A;SF3B3;SMARCB1;REST;MYC;SMARCD1;BCL7A;ARID4A;SMARCA4;KAT2A;HDAC2;BICRA;HMGA2;WNT9B;RBBP4;ELAVL1;SAP30;SIN3A;TAF6L;BRMS1;ING1;HDAC1;NCOA3;BCL7B;WDR43
KBTBD11,GO_Biological_Process_2023,prerank,Fatty Acid Biosynthetic Process (GO:0006633),0.3101192944988626,0.8170955658274496,0.8692660550458715,1.0,1.0,17/65,17.46%,HACD4;DECR2;ABHD1;CYP2D7;ACSM1;CBR4;FASN;MLYCD;LCP1;ELOVL5;ELOVL3;ABHD3;SCD;ACSBG1;DEGS1;CYP2E1;HSD17B8
KBTBD11,GO_Biological_Process_2023,prerank,Axon Guidance (GO:0007411),0.27319185729620754,0.8170627786425142,0.9601873536299765,1.0,1.0,52/149,22.41%,PLA2G10;CNTN5;LGR6;UNC5C;SLIT1;TNR;MYCBP2;PLXNA4;SEMA3F;EPHA10;RELN;LHX1;NTN1;CNTN2;SIAH1;SCN1B;PLEKHG4;ROBO3;SEMA6A;GLI2;ARHGAP35;IGSF9;RYK;EPHB6;NOTCH2;EFNB2;VEGFA;DCC;SEMA5A;FEZ2;FYN;PLXNB2;WNT5A;KIF5C;SEMA3E;RPS6KA5;PTPRM;EFNA1;NIBAN2;LYPLA2;EPHA3;SEMA4D;CNTN1;CYFIP1;EFNA4;KIF5B;KLF7;ROBO2;SEMA6D;SEMA4G;NELL2;OTX2
KBTBD11,GO_Biological_Process_2023,prerank,Neuromuscular Synaptic Transmission (GO:0007274),-0.4059970791581975,-0.816983466784903,0.7365491651205937,1.0,1.0,4/18,16.42%,CHRNB2;KIF1B;TSPOAP1;ERC2
KBTBD11,GO_Biological_Process_2023,prerank,Negative Regulation Of Immune Response (GO:0050777),-0.31110431975109754,-0.8166799905095001,0.820738137082601,1.0,1.0,21/66,23.13%,SRC;ENPP3;CR1;FOXP3;YWHAZ;MUL1;LYN;RC3H1;CD300A;NLRC3;MYO1C;DHX58;CACTIN;HLA-DRB1;CEP63;HLA-G;DTX4;YES1;ALOX15;FURIN;TYRO3
KBTBD11,GO_Biological_Process_2023,prerank,Regulation Of Vasoconstriction (GO:0019229),-0.3703713278640975,-0.816598017127863,0.7531305903398927,1.0,1.0,5/26,9.32%,AGT;BDKRB2;BMPR2;SMTNL1;ATP2B1
KBTBD11,GO_Biological_Process_2023,prerank,Regulation Of Supramolecular Fiber Organization (GO:1902903),0.3619478726565965,0.816557834488334,0.7406542056074766,1.0,1.0,7/23,12.92%,EFEMP2;PARK7;MAP1A;AEBP1;CAMSAP3;CHRNA7;MAP2
KBTBD11,GO_Biological_Process_2023,prerank,Cardiac Conduction (GO:0061337),0.3275711654578969,0.8163713619104186,0.8,1.0,1.0,16/45,20.23%,SCN2B;ISL1;KCNE4;HCN2;BIN1;SCN1B;MEF2A;KCNQ1;KCNH2;DSP;SLC4A3;CAV1;HCN3;KCNE2;JUP;CACNA1C
KBTBD11,GO_Biological_Process_2023,prerank,Regulation Of Viral Genome Replication (GO:0045069),0.30549935265464057,0.8161316427853759,0.8657407407407407,1.0,1.0,12/67,13.28%,CD28;OASL;RNASEL;FKBP6;FAM111A;PABPC1;IFIT5;TNIP1;STAU1;TRIM6;EIF2AK2;SRPK2
KBTBD11,GO_Biological_Process_2023,prerank,Autophagosome Assembly (GO:0000045),-0.31028756412466885,-0.8160032013059701,0.8185328185328186,1.0,1.0,20/64,19.67%,IRGM;RAB43;ARFIP2;GABARAPL2;RAB7A;NSFL1C;ATG9A;TOM1;RAB1B;GABARAP;RAB23;ATG9B;ATG16L1;STX12;WDR45B;LRBA;MFN2;ATG2B;ATG4B;ATG14
KBTBD11,GO_Biological_Process_2023,prerank,Positive Regulation Of Nitrogen Compound Metabolic Process (GO:0051173),0.3506679499777151,0.8159299252017559,0.756152125279642,1.0,1.0,8/33,17.15%,SLCO1C1;PLA2G10;CSF1;NFKB1;CHRNA7;KLF4;MAP2K5;PDGFB
KBTBD11,GO_Biological_Process_2023,prerank,Skeletal Muscle Tissue Development (GO:0007519),0.32640577343742944,0.8158446288995754,0.8133047210300429,1.0,1.0,10/42,12.48%,KLHL41;MYLK2;MYL6;MYH7B;MYOZ1;MYL11;CAV2;BVES;ZBTB18;SELENON
KBTBD11,GO_Biological_Process_2023,prerank,Positive Regulation Of Erythrocyte Differentiation (GO:0045648),-0.36802632373010435,-0.8155964515607889,0.7589928057553957,1.0,1.0,6/26,15.35%,INHBA;PRMT1;ANKRD54;ARNT;STAT3;HMGB2
KBTBD11,GO_Biological_Process_2023,prerank,Positive Regulation Of Protein Autophosphorylation (GO:0031954),-0.387037816017435,-0.8154980877186273,0.7642585551330798,1.0,1.0,8/22,20.08%,CALM2;NEK10;CALM3;MRE11;RAD50;GPNMB;PDGFD;RAP2A
KBTBD11,GO_Biological_Process_2023,prerank,Regulation Of Glucose Import (GO:0046324),0.3441180014271011,0.8154136674186954,0.7803203661327232,1.0,1.0,16/36,21.04%,PIK3R1;PID1;SORBS1;ERFE;C1QTNF12;IRS1;PRKCI;PRKAG2;PTPN11;CREBL2;LEP;IGF1;AKT1;INSR;APLP2;CAPN10
KBTBD11,GO_Biological_Process_2023,prerank,Histone Lysine Methylation (GO:0034968),0.3436403875234019,0.8150127607339868,0.7821350762527233,1.0,1.0,7/32,11.70%,MLLT10;DPY30;KDM6A;SMYD3;KMT2C;SETD1A;BOD1
KBTBD11,GO_Biological_Process_2023,prerank,Positive Regulation Of Chromosome Organization (GO:2001252),-0.35533526315600117,-0.8149013255674643,0.7594254937163375,1.0,1.0,8/33,14.36%,SIRT6;SHCBP1L;KAT5;NCAPD3;POT1;MRE11;RAD50;TERF1
KBTBD11,GO_Biological_Process_2023,prerank,Intracellular pH Reduction (GO:0051452),-0.35668358224350377,-0.8148802139334058,0.7785977859778598,1.0,1.0,12/32,22.80%,ATP6V0D1;CLCN3;RAB7A;DMXL1;ATP6V0A4;TPCN2;ATP6V0A2;ATP6V0A1;ATP6V0B;ATP6V1H;GPR89A;ATP6V1B2
KBTBD11,GO_Biological_Process_2023,prerank,Protein Import Into Nucleus (GO:0006606),0.2965787921573788,0.8143583618850451,0.882903981264637,1.0,1.0,28/78,21.80%,RGPD4;RGPD5;NPAP1;NUP153;FAM53A;FAM53B;RPAIN;TPR;E2F3;NXT1;NUP98;PTTG1IP;KPNA3;NUTF2;RANBP2;IPO11;IPO9;NUP50;RPL17;KPNA5;NUP93;RANGRF;IPO7;TNPO1;AKT1;APLP2;RGPD1;CSE1L
KBTBD11,GO_Biological_Process_2023,prerank,Regulation Of Peptidase Activity (GO:0052547),0.36268926847603994,0.8143196532744837,0.7528344671201814,1.0,1.0,9/27,18.42%,CSTA;SERPINB4;CTSV;NRDC;PSMA3;PSMB8;CAV1;ATP13A2;PINK1
KBTBD11,GO_Biological_Process_2023,prerank,Enzyme-Linked Receptor Protein Signaling Pathway (GO:0007167),-0.28676163906885666,-0.8142410298222359,0.8923933209647495,1.0,1.0,36/123,23.50%,CD7;TIE1;BDKRB2;SHC4;EFS;BMPR2;FRK;NTRK1;NTRK2;SH2D6;PDGFRB;LYN;PTPRT;CLNK;GUCY2D;ALK;LRP1;LCK;RASGRP4;ERBB3;BDNF;FGFR3;CNKSR1;PTN;NTRK3;MPZL1;TEK;GUCY2C;NPR1;ROR1;YES1;ANGPTL1;UXT;TYRO3;JAK3;DOK4
KBTBD11,GO_Biological_Process_2023,prerank,Peroxisome Organization (GO:0007031),0.36892820844336494,0.8140493230513035,0.7608695652173914,1.0,1.0,9/24,23.67%,SEC16B;LONP2;DNM1L;PEX7;PEX12;PEX11G;PEX6;ABCD3;PEX14
KBTBD11,GO_Biological_Process_2023,prerank,Negative Regulation Of MAPK Cascade (GO:0043409),0.284646381455028,0.8139224553250204,0.9301310043668122,1.0,1.0,30/103,17.63%,LILRB4;PTPN1;SPRED2;RANBP9;DUSP9;DUSP1;DUSP10;CBLC;SPRY2;SPRED1;SPRED3;FOXO1;DUSP16;TNIP1;PTPRR;SEMA6A;MYC;EZR;PAQR3;DLG1;DUSP5;RGS2;DUSP8;PPIA;BMP7;CNKSR3;CDK5RAP3;CAV1;FOXM1;PRKCD
KBTBD11,GO_Biological_Process_2023,prerank,Negative Regulation Of Amyloid Precursor Protein Catabolic Process (GO:1902992),0.39106115491208504,0.8137726070068254,0.7183673469387755,1.0,1.0,10/18,19.44%,BIN1;RTN3;PRNP;CHRNA7;RTN4;GGA3;ROCK1;RTN1;CLU;IGF1
KBTBD11,GO_Biological_Process_2023,prerank,Regulation Of Type I Interferon Production (GO:0032479),-0.32065940327796083,-0.8136088080951753,0.8281535648994516,1.0,1.0,15/59,16.70%,XAF1;TRIM15;TICAM1;IRGM;ZCCHC3;G3BP1;IRF8;KLHL22;TICAM2;GAPDH;RNF216;DHX58;UFD1;ILRUN;TRIM56
KBTBD11,GO_Biological_Process_2023,prerank,Protein Heterooligomerization (GO:0051291),-0.38791368123171427,-0.813567454770416,0.7690941385435168,1.0,1.0,7/19,22.61%,KCNC2;TMEM120A;ZNF746;PKD2;KRT10;GRIN2B;CPSF6
KBTBD11,GO_Biological_Process_2023,prerank,Positive Regulation Of Neutrophil Migration (GO:1902624),-0.3809768658978996,-0.8132070530609878,0.7666034155597723,1.0,1.0,7/23,18.75%,XCL1;XG;CD74;RIPOR2;MOSPD2;RAC2;MDK
KBTBD11,GO_Biological_Process_2023,prerank,Negative Regulation Of Interleukin-1 Beta Production (GO:0032691),-0.367986379659733,-0.8126652580490337,0.7519083969465649,1.0,1.0,5/25,12.96%,CD33;CARD18;PYDC1;ELF4;ZC3H12A
KBTBD11,GO_Biological_Process_2023,prerank,Negative Regulation Of Chemotaxis (GO:0050922),-0.3564956143412934,-0.8125809201215294,0.7815442561205274,1.0,1.0,12/31,24.28%,SEMA7A;SEMA6C;NOTCH1;CORO1B;SEMA3G;SEMA3A;SEMA4F;SEMA3D;SEMA6B;DUSP3;PTPN2;SEMA3C
KBTBD11,GO_Biological_Process_2023,prerank,Positive Regulation Of Wnt Signaling Pathway (GO:0030177),0.2795902426081728,0.8123478507805457,0.9318181818181818,1.0,1.0,49/108,26.35%,TLR2;LGR6;RSPO3;WNT5B;SULF1;USP8;FAM53B;TNFAIP3;SALL1;ATP6V0C;CAPRIN2;AMER1;TMEM9;NFKB1;FGFR2;GSKIP;SMARCA4;UBE2B;DACT1;KANK1;SEMA5A;SKI;EGFR;CAV1;SMURF2;DISC1;JUP;TNKS;UBR5;ZRANB1;PRDM15;PPM1B;SPIN1;SFRP4;GPRC5B;MACF1;ATP6AP2;CSNK1G2;PTK7;NRARP;BMAL1;SFRP1;ATP6V1C2;BAMBI;TBL1X;CDC73;CSNK1D;ILK;WLS
KBTBD11,GO_Biological_Process_2023,prerank,Positive Regulation Of Filopodium Assembly (GO:0051491),0.35021186929664894,0.8123302315212777,0.7901498929336188,1.0,1.0,4/27,11.98%,NEURL1;PIK3R1;TGFB3;BCAS3
KBTBD11,GO_Biological_Process_2023,prerank,Mesonephric Tubule Development (GO:0072164),-0.4016375398043036,-0.8121876540807293,0.7319391634980988,1.0,1.0,4/16,13.79%,CER1;NPNT;SIX1;PKD2
KBTBD11,GO_Biological_Process_2023,prerank,Potassium Ion Homeostasis (GO:0055075),-0.37819325165445045,-0.8120199473935875,0.7758284600389863,1.0,1.0,12/23,21.52%,SLC12A3;ATP1B3;ATP1A2;SLC12A4;KCNJ2;ATP4A;SLC12A6;ATP1B1;SLC12A9;SLC12A8;SLC12A2;ATP1B2
KBTBD11,GO_Biological_Process_2023,prerank,Toll-Like Receptor Signaling Pathway (GO:0002224),-0.35439307951141347,-0.8119999145155705,0.7852998065764023,1.0,1.0,4/31,4.39%,CTSS;LY96;TICAM1;IRAK4
KBTBD11,GO_Biological_Process_2023,prerank,Cellular Component Assembly (GO:0022607),0.2558199475216574,0.8119073527480417,0.9951338199513382,1.0,1.0,67/257,17.48%,FSCN2;DET1;ESPNL;PIERCE2;GPM6B;RANBP9;TINF2;VIL1;NDUFAF1;RSPH6A;MDM2;NEFH;RSPH1;SYCP1;DLG4;PLS3;MTSS2;NEMF;HSF1;MITF;LLGL1;TRAF1;NCKAP1;EPPK1;CSNK2B;APBA1;SYCE3;CFAP46;VMP1;KNTC1;SLC25A46;TLCD2;TLCD1;LCP1;SOX9;SNX9;RHOA;RTN3;TRAF2;TTC26;RTN4;EZR;VAMP3;ADD2;PCLO;CD40;TEAD1;DNM1L;LIN7A;KPNA3;EPS8;SH3BP1;WDR19;VCPIP1;KIFAP3;RHOD;NLGN2;HAS2;CAPZA2;WNT5A;STK25;RP1L1;ELN;KMT2A;YTHDF1;MDM4;RTN1
KBTBD11,GO_Biological_Process_2023,prerank,Antigen Receptor-Mediated Signaling Pathway (GO:0050851),-0.28394452104373963,-0.8117975436774485,0.9331046312178388,1.0,1.0,34/122,20.56%,PRAM1;NFAM1;GATA3;LIME1;SLA2;FYB2;CD247;BTNL2;ORC3;BMX;HLA-DPA1;RC3H1;LCK;RBCK1;SKAP1;ZC3H12A;LAT2;WNK1;CD276;RC3H2;TNFRSF21;PRKCB;IKBKG;BCL10;ERMAP;HLA-DRB1;ICOSLG;NFKBID;BTN3A1;PTPRJ;PLEKHA1;MEF2C;GNAO1;CSK
KBTBD11,GO_Biological_Process_2023,prerank,Negative Regulation Of Cellular Senescence (GO:2000773),0.3895532512484968,0.8115851650636005,0.7306034482758621,1.0,1.0,7/17,17.59%,TWIST1;ZKSCAN3;YBX1;TERF2;FBXO5;RBL1;HMGA2
KBTBD11,GO_Biological_Process_2023,prerank,Negative Regulation Of Neuron Death (GO:1901215),-0.2959874352731088,-0.8112593873970244,0.9037037037037037,1.0,1.0,31/88,20.30%,CNTFR;SOD1;POU4F1;CNTF;RASA1;VSTM2L;NTRK1;NTRK2;FZD9;APOE;SIX1;FOXB1;CD200R1;CITED1;RETREG1;IKBKG;PTK2B;GPNMB;ERBB3;PRKCG;BDNF;KDM2B;NAIP;SNX6;F2R;PRKN;MDK;NFATC4;MEF2C;CDK5;SNCA
KBTBD11,GO_Biological_Process_2023,prerank,Negative Regulation Of Protein Localization To Nucleus (GO:1900181),-0.3762726267922052,-0.8110992843438252,0.7453183520599251,1.0,1.0,7/22,18.30%,S100G;SIRT6;YWHAZ;CHP1;RAB23;ILRUN;MFHAS1
KBTBD11,GO_Biological_Process_2023,prerank,Positive Regulation Of Monoatomic Ion Transport (GO:0043270),0.3318562246206988,0.8110922400933606,0.8057259713701431,1.0,1.0,10/39,15.96%,CHRM1;ADRA2A;SCN1B;FHL1;WNK3;MYLK;AHCYL1;DLG1;ANO6;CNKSR3
KBTBD11,GO_Biological_Process_2023,prerank,Negative Regulation Of Biosynthetic Process (GO:0009890),0.41117145434015945,0.810986097412278,0.7450549450549451,1.0,1.0,4/15,13.79%,IL6;PARK7;CEACAM1;COA8
KBTBD11,GO_Biological_Process_2023,prerank,Negative Regulation Of Axon Extension Involved In Axon Guidance (GO:0048843),-0.38542309120514384,-0.8107864581907993,0.7306967984934086,1.0,1.0,6/19,19.28%,SEMA7A;SEMA6C;SEMA3G;SEMA4F;SEMA3D;SEMA6B
KBTBD11,GO_Biological_Process_2023,prerank,Neuron Projection Guidance (GO:0097485),0.2799793491245618,0.8105558889344842,0.9533169533169533,1.0,1.0,46/124,22.41%,PLA2G10;CNTN5;LGR6;UNC5C;SLIT1;TNR;MYCBP2;SEMA3F;EPHA10;RELN;CNTN2;SIAH1;SCN1B;PLEKHG4;ROBO3;SEMA6A;GLI2;ARHGAP35;IGSF9;RYK;EPHB6;NOTCH2;EFNB2;DCC;SEMA5A;FEZ2;FYN;WNT5A;KIF5C;SEMA3E;RPS6KA5;EFNA1;NIBAN2;LYPLA2;EPHA3;SEMA4D;CNTN1;CYFIP1;EFNA4;KIF5B;KLF7;ROBO2;SEMA6D;SEMA4G;NELL2;OTX2
KBTBD11,GO_Biological_Process_2023,prerank,Mitotic Sister Chromatid Segregation (GO:0000070),-0.2914814218071257,-0.8104949388687673,0.9144385026737968,1.0,1.0,46/111,24.39%,KIF25;CHMP1A;DCTN2;TEX14;NCAPD3;CHEK2;MZT1;PIBF1;CCNB1;KLHL22;DIS3L2;SMC3;CHMP4A;KPNB1;NUP62;PHF13;DSN1;MAP9;CENPE;WAPL;PSRC1;RRS1;NSL1;EML4;ESPL1;KIFC1;CDCA5;SMC1A;TTN;NCAPH;INO80;CEP55;TUBG1;CLASP1;CHMP3;LSM14A;SPICE1;CHMP5;KIFC2;ABRAXAS2;RAN;SGO1;CHMP1B;CHMP2A;RAB11A;NUDC
KBTBD11,GO_Biological_Process_2023,prerank,Response To Lipid (GO:0033993),-0.2890279688372003,-0.8104769657767564,0.9144981412639405,1.0,1.0,30/109,20.58%,LY96;IL23R;NOS2;ALDH1A2;LIAS;HSD17B2;SMAD6;PALM3;STRN3;STAT3;TAB2;GCH1;CITED1;CPS1;NOCT;HMGB2;ABCG1;MAPKAPK3;CDKN2D;NOS1;F2R;IFNAR1;PELI1;TMEM161A;ASXL1;GPX3;TGFB1;PAQR7;SNCA;RARA
KBTBD11,GO_Biological_Process_2023,prerank,Positive Regulation Of Transforming Growth Factor Beta Receptor Signaling Pathway (GO:0030511),-0.37560132225047516,-0.8104764531025552,0.7845303867403315,1.0,1.0,11/24,21.10%,ING2;LRG1;SNW1;CITED1;EP300;STK11;DAB2;CITED2;SMAD4;RNF111;MEN1
KBTBD11,GO_Biological_Process_2023,prerank,Positive Regulation Of Cellular Response To Transforming Growth Factor Beta Stimulus (GO:1903846),-0.37560132225047516,-0.8104764531025552,0.7845303867403315,1.0,1.0,11/24,21.10%,ING2;LRG1;SNW1;CITED1;EP300;STK11;DAB2;CITED2;SMAD4;RNF111;MEN1
KBTBD11,GO_Biological_Process_2023,prerank,Regulation Of Primary Metabolic Process (GO:0080090),0.3283018654202292,0.8104031136680576,0.8181818181818182,1.0,1.0,9/43,11.21%,TM6SF2;ZFP69;RUBCNL;PM20D2;GPS2;CNDP1;NR1D1;ADIPOR1;PPARD
KBTBD11,GO_Biological_Process_2023,prerank,Negative Regulation Of Protein Metabolic Process (GO:0051248),0.27132339573767306,0.8101799701908018,0.9699074074074074,1.0,1.0,44/147,20.90%,CSTA;IAPP;CNOT10;MAD2L2;SYNCRIP;RILP;BTG2;HDAC6;YBX1;CNOT1;AZIN2;IGF2BP3;RGP1;PHF20L1;RIC1;PRNP;NANOS1;SF3B3;NFKB1;SERPINE2;TOB1;EIF2AK2;SHMT1;ROCK1;CLN8;RBM4;PCIF1;CAPRIN1;FLNA;PLAT;EGFR;VBP1;CDK5RAP3;MDM4;MRPL13;FXR2;SIRT2;TRIM2;CLU;AKT1;IRAK3;TYMS;FMN2;EIF4A3
KBTBD11,GO_Biological_Process_2023,prerank,Sensory Organ Development (GO:0007423),-0.3125431976813871,-0.8099713748902162,0.8633093525179856,1.0,1.0,9/67,11.60%,RS1;BHLHA15;GDF3;GATA3;CHRDL1;TGFB2;ZDHHC16;SMCHD1;PBX4
KBTBD11,GO_Biological_Process_2023,prerank,Establishment Of Endothelial Barrier (GO:0061028),0.35460509168595344,0.8099398635896818,0.773972602739726,1.0,1.0,9/28,16.44%,SOX18;RDX;MARVELD2;EZR;PDE4D;RAP2C;TJP3;RAP1A;RAB1A
KBTBD11,GO_Biological_Process_2023,prerank,Positive Regulation Of Establishment Of Protein Localization (GO:1904951),0.3850883021422846,0.8098942599345011,0.751578947368421,1.0,1.0,9/18,20.41%,CCT7;CEP295;CCT4;CEP120;CCT8;DKC1;WRAP53;CENPJ;CCT3
KBTBD11,GO_Biological_Process_2023,prerank,Regulation Of Protein Processing (GO:0070613),0.36102205709955704,0.8098833567082482,0.7545045045045045,1.0,1.0,6/25,13.36%,NLRP7;PRNP;SERPINE2;PLAUR;RHBDD1;CHAC1
KBTBD11,GO_Biological_Process_2023,prerank,Regulation Of Dendritic Spine Development (GO:0060998),0.37717682716625184,0.80987934099519,0.7557894736842106,1.0,1.0,3/20,9.78%,NEURL1;LLPH;PTPRS
KBTBD11,GO_Biological_Process_2023,prerank,Regulation Of Cell Differentiation (GO:0045595),0.2649354021077581,0.8097304080421514,0.9799554565701559,1.0,1.0,47/193,16.50%,RORC;KLHL41;ISL1;NOTCH4;LIF;GREM1;TNR;CSF1;SERPINF2;AKR1B1;NTF4;SMAD7;BRD7;RELN;GPS2;GATAD2A;NR1D1;SMOC1;DDX5;BIN1;ACTL6A;SMARCC2;PTPRR;CLASP2;SMARCB1;REST;SMARCD1;GSK3B;BCL7A;CDK5RAP2;FGFR2;ZNF268;EIF2AK2;ROCK1;PRKACA;PHLDB1;SMARCA4;CTNNB1;RAF1;ST7;KLF4;TNXB;NGF;TRIP4;HDAC2;CDK5RAP3;BICRA
KBTBD11,GO_Biological_Process_2023,prerank,Regulation Of Neuronal Synaptic Plasticity (GO:0048168),-0.34410423784470007,-0.8097016083959706,0.7878228782287823,1.0,1.0,9/34,14.86%,NOL3;MCTP1;NCDN;GRIN2A;SYNGR1;APOE;NETO1;GRIN2D;SYP
KBTBD11,GO_Biological_Process_2023,prerank,Regulation Of Actin Filament Polymerization (GO:0030833),-0.3099177182923964,-0.8095776725497744,0.8528864059590316,1.0,1.0,16/69,17.60%,ARHGAP40;NCK2;RASA1;DAAM2;BAIAP2L1;MYADM;NCK1;HIP1R;ARHGAP28;BAIAP2L2;SSH1;VASP;PTK2B;PRKCE;GBA2;BAIAP2
KBTBD11,GO_Biological_Process_2023,prerank,Response To Interferon-Beta (GO:0035456),-0.3530218072844909,-0.8094668920129217,0.7667910447761194,1.0,1.0,7/29,18.72%,XAF1;IRGM;PLSCR1;NDUFA13;BST2;CDC34;IFNAR1
KBTBD11,GO_Biological_Process_2023,prerank,Regulation Of Sodium Ion Transmembrane Transport (GO:1902305),-0.3629859893174972,-0.8092930012704844,0.7661141804788214,1.0,1.0,11/27,20.53%,CAV3;PTPN3;FXYD1;FXYD3;COMMD1;SCN4B;NOS1;YWHAH;FGF12;FXYD5;SLMAP
KBTBD11,GO_Biological_Process_2023,prerank,Positive Regulation Of Cell Growth (GO:0030307),-0.2874783740807391,-0.8091990765160597,0.9360967184801382,1.0,1.0,34/105,23.80%,SEMA7A;MAP3K13;ARMC12;CPNE9;SLC44A4;DDX49;ISLR2;TGFB2;KLHL22;PSMD10;GOLGA4;MAPT;CSNK2A1;N6AMT1;YAP1;BDNF;EXOSC4;SYT1;EXOSC2;CDKL5;LIMK1;FXN;INO80;MFSD2A;HPN;ZNF639;SLC25A33;SYT17;CIB1;NCBP1;SPHK1;DDX3X;DNPH1;CDC42
KBTBD11,GO_Biological_Process_2023,prerank,Positive Regulation Of Cartilage Development (GO:0061036),-0.39572422951436836,-0.8090299370211058,0.7156133828996283,1.0,1.0,4/17,6.81%,GDF6;BMPR2;ZBTB16;BMP2
KBTBD11,GO_Biological_Process_2023,prerank,Positive Regulation Of Kinase Activity (GO:0033674),-0.29125887426482794,-0.8087832621289267,0.9117647058823529,1.0,1.0,34/104,21.72%,TIE1;DUSP19;PTK2;NTRK1;MMD2;NTRK2;F2;ORC3;PDGFRB;LRRK2;ALK;XRCC6;MRE11;TAB2;XRCC5;RAD50;CD74;MAP2K3;MAP3K12;PTK2B;CENPE;ERBB3;FGFR3;HLA-DRB1;CACUL1;RAPGEF2;GAS6;MRNIP;PRKAG1;NTRK3;MAPRE3;TEK;SPDYA;ROR1
KBTBD11,GO_Biological_Process_2023,prerank,Positive Regulation Of GTPase Activity (GO:0043547),0.258265581850107,0.8087662649372459,0.9948051948051948,1.0,1.0,70/227,21.24%,RTN4R;RASGRF1;PRTN3;SIPA1;ASAP3;RASGEF1B;MTSS2;RAB11FIP2;GRTP1;ITGB1;RAB3GAP1;EPHA1;SYDE1;RGL1;MAPRE2;ARHGEF5;SLC27A4;SCRIB;SNX9;RALGAPA2;CAV2;TBC1D17;RGP1;AGAP4;RASGRF2;CCDC125;RIC1;RASGRP1;ARHGEF10;TBC1D8;DOCK10;EZH2;TBC1D1;TBC1D12;GSK3B;BCAS3;CORO1C;TBC1D13;CD40;TBC1D30;ARHGAP25;TAX1BP3;HRAS;RAPGEF5;SH3BP1;RAP1A;AGAP9;ARHGEF16;PIP5K1A;TBC1D10A;RAP1GDS1;SNX18;ITGA6;RGS8;RSU1;ALS2;ARHGAP42;ARAP1;CX3CL1;SGSM1;S100A10;ARHGEF26;SEMA4D;ARHGAP24;TBC1D10B;FOXJ1;RASGEF1A;ZC3H15;SIPA1L3;RASGRP3
KBTBD11,GO_Biological_Process_2023,prerank,Positive Regulation Of NF-kappaB Transcription Factor Activity (GO:0051092),0.26883428177169577,0.808449098431511,0.9751131221719457,1.0,1.0,51/151,19.80%,TLR2;IL6;TRIM68;TRIM34;AKR1B1;TRIM25;BTK;RIPK1;TRAF1;TRIM37;IL18;TRIM32;RIPK4;TRAF2;UBE2V1;NOD1;IKBKB;EDA2R;TRIM6;CD40;PSMA6;FER;TRIM21;EIF2AK2;CLOCK;PRKCI;RNF25;RAB7B;TRIM62;UBE2N;TFRC;PPIA;MTDH;RNF31;MAP3K7;WNT5A;TIRAP;EDA;PIDD1;CAV1;RPS6KA5;MID2;CAMK2A;IL18R1;CX3CL1;ERC1;CLU;TRIM8;SLCO3A1;LAMTOR5;IRAK3
KBTBD11,GO_Biological_Process_2023,prerank,Negative Regulation Of Signal Transduction (GO:0009968),-0.2613881003068193,-0.8082812868191906,0.9933554817275747,1.0,1.0,76/266,20.41%,PTGIR;AGT;RGS14;IGFBP3;CER1;SOX30;GATA3;SMPD1;BMP2;CRY1;NLRP12;HHIP;HHEX;AHSG;NEDD4;LYN;DLK1;PTPRT;RNF43;SNAI2;NCK1;SMAD5;PALM3;LRP1;CXXC4;PRKCZ;SIGIRR;EMILIN1;RACK1;APPL1;TSC2;KLK14;PIP4K2B;CITED1;CSNK2A1;RITA1;PRKCB;TSPAN15;PHACTR4;GRB7;ERBB3;GRINA;TLE1;CREB3L1;BDNF;QARS1;CSNK2A2;WIF1;GSK3A;IGFBP5;SORD;TSKU;MAZ;ADAMTS12;CACTIN;MFHAS1;PDCD6;FBXW7;DAB2IP;CD47;PTPRJ;SOCS1;SULF2;CCNC;LRRC14;GPC1;NKD1;SOSTDC1;VGLL4;WWP2;ASXL1;GPR108;SNCA;YWHAB;ZBTB7A;CARD8
KBTBD11,GO_Biological_Process_2023,prerank,Phosphorylation (GO:0016310),-0.25241523115856984,-0.8081542411400343,1.0,1.0,1.0,122/429,21.09%,GRK7;EPHA5;CSNK1A1;WNK4;MAP3K13;PDK2;IGFBP3;PTK2;SRPK1;DGKI;BMPR2;PASK;YWHAZ;DMPK;BMP2;NTRK1;STK19;TNNI3K;CDKL4;NEK10;MAP4K4;MAP3K6;TGFB2;DGKK;PIM3;PKN2;CHEK2;TAOK3;CDC42BPB;BMX;LRRK2;CDK2;LYN;ILF3;TAF7;NEK4;RPS6KA4;BRSK1;CDKL3;MEX3B;STK36;ALK;LCK;PRKCZ;CAMK1;RSKR;RUNX3;COPS2;TAF2;STAT3;TESK2;HTR2B;PXK;WNK1;MAP4K3;MKNK1;TGFBR2;MAST1;CSNK2A1;PDK1;PRKCB;HCST;MAP3K12;PAK1;CCNE1;PIK3R4;PTK2B;PRKCE;NEK1;PRPF4B;EIF2AK4;UVRAG;TBCK;MAPK6;TAF6;PRKCG;DGKE;MAP3K20;CSNK2A2;GSK3A;VRK2;STK11;FAM20A;TAF13;JAK1;CILK1;WNK2;MARK4;ROCK2;TAF11;CLK2;CHUK;SHPK;CDK14;CDK4;CDKL1;BRSK2;PEAK1;PKN3;GAS6;TOLLIP;CSF2RA;CDKL5;PRKAG1;ATG14;EPHA7;HASPIN;MKNK2;TGFB1;CDK5;MAST2;LIMK1;STK38;CSK;RARA;HIPK1;EPHB1;DGKA;TP53RK;SNRK;DGKQ;CDK19
KBTBD11,GO_Biological_Process_2023,prerank,Positive Regulation Of miRNA Metabolic Process (GO:2000630),-0.32280855769073497,-0.8080798780157797,0.8314606741573034,1.0,1.0,11/49,16.99%,ZSWIM8;GATA3;TGFB2;MYB;SRF;STAT3;ZC3H12A;FOS;TP53;NR3C1;TERT
KBTBD11,GO_Biological_Process_2023,prerank,Golgi To Endosome Transport (GO:0006895),0.4060266328556053,0.8080403240011154,0.7372708757637475,1.0,1.0,6/15,13.25%,CORO7;KLHL20;VPS13A;RAB14;WIPI1;GBF1
KBTBD11,GO_Biological_Process_2023,prerank,Acylglycerol Metabolic Process (GO:0006639),-0.3374384477515904,-0.808038009423279,0.8104693140794224,1.0,1.0,12/41,20.99%,DGKI;LMF1;CAV3;DGKK;MGLL;APOH;APOE;DGKE;ABHD6;APOC1;DGKA;DGKQ
KBTBD11,GO_Biological_Process_2023,prerank,Protein Deubiquitination (GO:0016579),0.28682997887890027,0.8078891769646535,0.9248291571753986,1.0,1.0,30/96,20.71%,USP18;USP8;USP13;COPS5;TNFAIP3;OTUB1;OTUD4;USP37;SPATA2;USP51;USP27X;USP1;USP45;VCPIP1;UCHL5;USP46;USP35;USP11;BABAM1;USP40;USP20;UCHL3;JOSD2;SENP8;DESI1;USP48;ZRANB1;USP32;USP15;USP42
KBTBD11,GO_Biological_Process_2023,prerank,Positive Regulation Of Small GTPase Mediated Signal Transduction (GO:0051057),-0.40388504609263853,-0.8076855624285425,0.7429643527204502,1.0,1.0,6/17,16.04%,SRC;NTRK1;STK19;MMD2;NOTCH1;RASGRP4
KBTBD11,GO_Biological_Process_2023,prerank,Positive Regulation Of Mitotic Cell Cycle Phase Transition (GO:1901992),0.30451139713919434,0.8075177278984451,0.8660714285714286,1.0,1.0,29/63,25.17%,RDX;LSM11;TNFSF13B;HYAL1;NSMCE2;ANAPC5;RRM1;CDC7;FBXO5;RB1;RRM2;RRM2B;DLGAP5;RPTOR;EGFR;PLCB1;UBE2E2;CENPJ;ADAMTS1;AKT1;MECP2;AIF1;KMT2E;SASS6;STOX1;CUL3;PHB2;RCC2;CDC23
KBTBD11,GO_Biological_Process_2023,prerank,Regulation Of Cellular Component Biogenesis (GO:0044087),-0.33765209125100004,-0.8074526570542981,0.8146853146853147,1.0,1.0,12/37,19.52%,TIE1;IRGM;GFAP;APOE;NOTCH1;BAG5;METTL18;ROCK2;HSPA8;DAB2IP;RAPGEF2;FAM110C
KBTBD11,GO_Biological_Process_2023,prerank,Base-Excision Repair (GO:0006284),-0.3423094421169652,-0.8073854129812224,0.7970204841713222,1.0,1.0,19/36,27.02%,POLL;APEX2;RPA1;XRCC1;WRN;OGG1;APEX1;MUTYH;XPA;POLD1;HUWE1;MPG;PARG;LIG3;UNG;NTHL1;RPA2;NEIL3;PNKP
KBTBD11,GO_Biological_Process_2023,prerank,Protein Acylation (GO:0043543),-0.3394096006969823,-0.8072901750005974,0.7992277992277992,1.0,1.0,10/37,16.81%,ZDHHC12;NAA80;ZDHHC22;ZDHHC16;ZDHHC14;ZDHHC13;GTF2B;ING5;ING4;EP300
KBTBD11,GO_Biological_Process_2023,prerank,poly(A)+ mRNA Export From Nucleus (GO:0016973),-0.38991279700918785,-0.80724236760068,0.7476099426386233,1.0,1.0,8/20,24.37%,ZC3H11B;HHEX;DDX19B;NXF1;ENY2;THOC2;DDX19A;PCID2
KBTBD11,GO_Biological_Process_2023,prerank,Positive Regulation Of Innate Immune Response (GO:0045089),-0.327922711338101,-0.8071545617644121,0.8228980322003577,1.0,1.0,15/45,20.90%,SH2D1B;IFNK;RBM47;PLSCR1;CD1D;MYO1C;POLR3B;POLR3G;RNF185;TRIM56;TRIM41;RPS19;HLA-E;DHX9;POLR3D
KBTBD11,GO_Biological_Process_2023,prerank,DNA Catabolic Process (GO:0006308),0.38124441423260286,0.8071390122037156,0.7529976019184652,1.0,1.0,5/19,13.02%,MUS81;DFFB;REXO4;DICER1;DNASE2
KBTBD11,GO_Biological_Process_2023,prerank,Protein Autophosphorylation (GO:0046777),-0.2751538604946358,-0.8071258714484959,0.958029197080292,1.0,1.0,57/162,26.15%,GRK7;SRC;MAP3K13;MOS;PTK2;PASK;NTRK1;NTRK2;PIM3;CHEK2;TAOK3;BMX;PRKX;PDGFRB;LRRK2;LYN;MEX3B;ALK;LCK;MAPK15;MKNK1;STK33;MAP3K12;PAK1;PTK2B;EIF2AK4;MAPKAPK3;MAP3K20;VRK2;FGFR3;STK11;CDK12;WNK2;CLK2;PEAK1;CDKL5;MKNK2;MAP2K2;EPHB1;TEK;PIKFYVE;STK26;HTATIP2;TYRO3;STK17B;RB1CC1;MINK1;FGFR1;PDPK1;MAPK3;MYO3A;EPHA8;MAP3K3;PIM1;LMTK2;KIT;VRK1
KBTBD11,GO_Biological_Process_2023,prerank,Endoplasmic Reticulum To Golgi Vesicle-Mediated Transport (GO:0006888),0.28377517673059166,0.8070568111225399,0.951048951048951,1.0,1.0,51/115,25.27%,LMAN2L;YIPF7;SAR1A;SEC24C;YIPF4;SEC16B;USE1;ATL3;SEC22C;TRAPPC4;NRBP1;GOPC;GOSR1;TRAPPC10;TMED10;KDELR2;SEC24A;SEC24D;COPB2;COG3;SPAST;GBF1;SEC22A;TRAPPC3;TEX261;BET1;RAB1A;PREB;STEEP1;VAMP7;TRAPPC1;MIA3;SEC22B;TMED2;RANGRF;TRAPPC9;TRAPPC12;ERGIC3;BCAP29;COPG2;VAPB;MPPE1;SEC31A;SAR1B;BCAP31;COPG1;CUL3;GOSR2;WHAMM;TRAPPC5;TMED3
KBTBD11,GO_Biological_Process_2023,prerank,Negative Regulation Of Transferase Activity (GO:0051348),-0.34820921310901476,-0.8066504478988681,0.8,1.0,1.0,15/36,22.56%,SRC;IRS2;CDC20;POT1;MAPT;BAG5;TP53;TERF1;XRCC1;GSK3A;PHPT1;LIMK1;BUB3;MEN1;ZFP36
KBTBD11,GO_Biological_Process_2023,prerank,Negative Regulation Of miRNA Metabolic Process (GO:2000629),0.3766481269653566,0.806620006580514,0.7613882863340564,1.0,1.0,7/21,17.15%,LILRB4;ZNF512B;SOX9;PPARD;REST;ESR1;PDGFB
KBTBD11,GO_Biological_Process_2023,prerank,Regulation Of Muscle Contraction (GO:0006937),0.34818162666476754,0.8063392714594413,0.7883064516129032,1.0,1.0,11/29,19.78%,KCNA1;MYLK2;MYL3;CHRNA3;CNN1;SRI;TNNC2;CAV1;TPM1;TNNC1;MYL9
KBTBD11,GO_Biological_Process_2023,prerank,Regulation Of Insulin Secretion (GO:0050796),0.29188275525614454,0.8060188544829414,0.9073634204275535,1.0,1.0,26/87,16.41%,IL6;ISL1;ADCY5;PER2;ABCA12;ADRA2A;BMP8A;CHGA;NR1D1;GHRL;SIRT4;FOXO1;TCF7L2;REST;ACSL4;EIPR1;SLC30A8;IRS1;CLOCK;BAD;NLGN2;MCU;SYT7;TM7SF3;NNAT;SLC25A22
KBTBD11,GO_Biological_Process_2023,prerank,Carboxylic Acid Metabolic Process (GO:0019752),-0.34396491870517637,-0.8059057055276349,0.8113207547169812,1.0,1.0,12/33,24.97%,LIPT1;AMH;LIPT2;N6AMT1;TBXAS1;GLUD1;ST3GAL1;GSTO2;SLC2A3;PTGIS;PON3;GSTO1
KBTBD11,GO_Biological_Process_2023,prerank,Pulmonary Valve Development (GO:0003177),0.37594446991879055,0.8059052286009147,0.7647058823529411,1.0,1.0,7/20,12.52%,NOS3;TNFRSF1B;ROBO1;HEYL;NFATC1;TNFRSF1A;NOTCH2
KBTBD11,GO_Biological_Process_2023,prerank,Glutamine Family Amino Acid Metabolic Process (GO:0009064),-0.354528257918073,-0.8056741134011859,0.7910447761194029,1.0,1.0,9/31,20.67%,NAGS;GCLM;ALDH18A1;CPS1;RIMKLB;GOT1;GCLC;GLUD1;ALDH4A1
KBTBD11,GO_Biological_Process_2023,prerank,Long-Chain fatty-acyl-CoA Biosynthetic Process (GO:0035338),0.3942245008914595,0.8052343846808477,0.7254464285714286,1.0,1.0,5/17,11.42%,ACSL5;HSD17B12;ELOVL5;ACSL4;ELOVL3
KBTBD11,GO_Biological_Process_2023,prerank,Regulation Of Actin Filament Bundle Assembly (GO:0032231),0.36501098780905145,0.8049870972840153,0.796875,1.0,1.0,11/26,19.85%,RDX;SYNPO2L;VIL1;ASAP3;FHOD1;ROCK1;CX3CL1;MTSS1;PFN1;PFN2;PTGER4
KBTBD11,GO_Biological_Process_2023,prerank,"Retrograde Vesicle-Mediated Transport, Golgi To Endoplasmic Reticulum (GO:0006890)",-0.32398314861074623,-0.8049514631197301,0.8250460405156538,1.0,1.0,17/48,20.98%,RAB43;BNIP1;TAPBP;HTT;SCFD1;RINT1;ERGIC2;RER1;GOLPH3;PITPNB;BICD2;UVRAG;GOLPH3L;LMAN2;ARF5;COPA;KDELR3
KBTBD11,GO_Biological_Process_2023,prerank,Endoplasmic Reticulum Tubular Network Organization (GO:0071786),0.4020111901319675,0.8049250805823269,0.7752808988764045,1.0,1.0,8/16,22.97%,TMEM170A;RTN3;RTN4;LNPK;RTN1;ZFYVE27;REEP4;RAB18
KBTBD11,GO_Biological_Process_2023,prerank,Insulin Receptor Signaling Pathway (GO:0008286),0.3214194830031458,0.8049062667622435,0.8130434782608695,1.0,1.0,16/47,13.53%,PIK3R1;SORBS1;SH2B2;PIK3R3;PHIP;C2CD5;NAMPT;CAV2;IRS4;FOXO1;GSK3B;GRB14;AP3S1;IRS1;FER;PIK3C2A
KBTBD11,GO_Biological_Process_2023,prerank,Regulation Of Nucleocytoplasmic Transport (GO:0046822),-0.394719670283906,-0.804532258172913,0.7408695652173913,1.0,1.0,7/16,21.28%,IFI27;NEDD4;FRAT1;NUP214;SIRT7;TGFB1;TMEM53
KBTBD11,GO_Biological_Process_2023,prerank,Negative Regulation Of Protein Tyrosine Kinase Activity (GO:0061099),0.36785948662869483,0.8044774895874806,0.7763440860215054,1.0,1.0,8/23,18.88%,LILRB4;ZFYVE28;CBLC;MVP;ERRFI1;CHMP6;SOCS6;SH3BP5L
KBTBD11,GO_Biological_Process_2023,prerank,Semaphorin-Plexin Signaling Pathway (GO:0071526),-0.34042835362619756,-0.804349350685815,0.8330170777988615,1.0,1.0,10/34,19.28%,SEMA7A;PLXNA2;SEMA6C;SEMA3G;SEMA3A;SEMA4F;SEMA3D;PLXNB1;PLXND1;SEMA6B
KBTBD11,GO_Biological_Process_2023,prerank,Regulation Of Histone Modification (GO:0031056),-0.3994309882402786,-0.8043299113125186,0.7655677655677655,1.0,1.0,8/18,19.83%,MTHFR;MYOCD;HPF1;NFYB;ZZZ3;KAT14;YEATS2;NFYA
KBTBD11,GO_Biological_Process_2023,prerank,Selective Autophagy (GO:0061912),-0.3080524327998894,-0.8040818245169915,0.8692449355432781,1.0,1.0,18/58,21.20%,SQSTM1;IRGM;ARFIP2;RAB7A;SNX33;OGT;RETREG1;USP30;LRBA;STBD1;RETREG3;PRKN;ATG2B;ATG4B;ATG14;TGFB1;PJVK;AUP1
KBTBD11,GO_Biological_Process_2023,prerank,Negative Regulation Of Stress Fiber Assembly (GO:0051497),0.35600393619131904,0.803896867785547,0.7882096069868996,1.0,1.0,10/24,21.20%,RHPN1;PIK3R1;PAK2;ARHGAP6;CLASP2;DYNLL1;TMEFF2;PFN1;PPFIA1;ARHGEF18
KBTBD11,GO_Biological_Process_2023,prerank,Prostaglandin Metabolic Process (GO:0006693),-0.35689393783022205,-0.8038325904418261,0.7869158878504673,1.0,1.0,11/30,24.88%,PTGDS;PTGR2;AMH;CD74;PTGES;PTGES3;TBXAS1;DAGLB;AKR1C1;PTGIS;AKR1C3
KBTBD11,GO_Biological_Process_2023,prerank,Regulation Of Ras Protein Signal Transduction (GO:0046578),0.2955951507472917,0.8033985212513075,0.8961625282167043,1.0,1.0,23/76,16.05%,FBP1;RDX;RASGRF1;EPS8L2;ETFA;SYDE1;SPRY2;MYO9B;KBTBD6;CADM4;RASGRP1;NOTCH2;EPS8;SH3BP1;DENND3;KANK2;ARHGAP17;DYNLL1;KANK1;RAF1;MAPKAP1;NGF;SYNGAP1
KBTBD11,GO_Biological_Process_2023,prerank,Negative Regulation Of Programmed Cell Death (GO:0043069),0.24689089855292276,0.8032148034962031,1.0,1.0,1.0,98/379,19.83%,CD28;FABP1;NUGGC;DKK1;ASCL1;IL6;GREM1;FIGNL1;TSLP;PIK3R1;PRLR;AZU1;MDM2;COPS5;ANGPT4;ZNF830;PAK2;ZNF16;CBX4;RIPK1;PHIP;TSC22D1;TMBIM6;ARHGAP21;MLST8;KLHL20;SPRY2;ARAF;ERCC5;SOX9;SERPINB9;PIM2;GHRL;HIPK3;FOXO1;DNAJA3;ATG5;SETX;WNK3;MYC;NFKB1;MYO18A;GSK3B;PLAUR;DNAJA1;NOTCH2;IL7;ZNF268;XPNPEP1;HSPB1;AVEN;PRR5;RHBDD1;PRKCI;MED1;OPA1;KANK2;VEGFA;CTNNB1;TNFRSF10D;TFRC;RAF1;MTDH;PPIF;CD44;ERBB4;MAPKAP1;DPP9;CAT;TM7SF3;DHCR24;FLNA;SHC1;WNT5A;EGFR;HDAC2;HSPA9;TNFAIP8;KRT18;PIDD1;TCL1A;BAG3;NIBAN2;HMGA2;SCX;GRK5;KDR;PRKDC;CX3CL1;NAA35;SOCS3;FHL2;SEMA4D;IGF1;THBS1;IL6ST;AKT1;MECOM
KBTBD11,GO_Biological_Process_2023,prerank,Notch Signaling Pathway (GO:0007219),0.3243729405868234,0.8029929119682626,0.8265524625267666,1.0,1.0,9/40,13.21%,ASCL1;DLL4;NOTCH4;DLL3;DTX2;HEYL;NOTCH2;GALNT11;ZNF423
KBTBD11,GO_Biological_Process_2023,prerank,Regulation Of B Cell Differentiation (GO:0045577),0.3859897200307115,0.8027390178525818,0.7548387096774194,1.0,1.0,3/19,9.61%,MMP14;IL4I1;PPP2R3C
KBTBD11,GO_Biological_Process_2023,prerank,RNA Splicing (GO:0008380),-0.2917173104892835,-0.8024398290885241,0.9038112522686026,1.0,1.0,29/98,20.01%,SRPK1;PRPF18;NOL3;PRPF6;SRSF10;SNRNP25;SF3B2;RBM8A;PRMT1;NRDE2;CCAR2;RRAGC;SNRNP48;SNRPD3;DHX8;PRPF8;DDX39B;ZRSR2;RSRC1;ZCRB1;KHSRP;IVNS1ABP;PRPF4B;HNRNPC;CDK12;TRA2B;YJU2B;WDR83;MAGOHB
KBTBD11,GO_Biological_Process_2023,prerank,Positive Regulation Of Protein Kinase Activity (GO:0045860),-0.27745537069161474,-0.8020503479592264,0.9683098591549296,1.0,1.0,42/144,21.28%,SRC;AGT;IL23R;DOK7;CALCA;DUSP19;PTK2;IRGM;CALM2;MMD2;CALM3;TGFB2;ORC3;LRRK2;XRCC6;CAMK1;TAB2;XRCC5;PIH1D1;PDCD10;TGFBR2;MAP2K3;MAP3K12;RALB;PTK2B;NAB2;CENPE;ERBB3;TELO2;STK11;DAB2IP;CACUL1;RAPGEF2;GAS6;MRNIP;PRKAG1;CAB39;SNCA;MAPRE3;MAP2K2;ETAA1;SPDYA
KBTBD11,GO_Biological_Process_2023,prerank,Microtubule Bundle Formation (GO:0001578),0.31338005641245786,0.8020143748360946,0.8687782805429864,1.0,1.0,17/51,16.60%,GAS2L2;PIERCE2;RSPH6A;RSPH1;MTCL1;CFAP46;NAV1;TTC26;ZNF207;CLIP1;KIF20A;CDK5RAP2;SPAST;TPPP3;TRIM46;RP1L1;CCSER2
KBTBD11,GO_Biological_Process_2023,prerank,Chromosome Condensation (GO:0030261),0.35174937921784394,0.8019160826712235,0.7660044150110376,1.0,1.0,15/31,22.45%,TENT4A;DFFB;H1-4;NCAPD2;SMC2;AKAP8L;H1-0;H1-5;H1-3;AIFM1;ERN2;KMT5A;H1-2;H1-10;SMC4
KBTBD11,GO_Biological_Process_2023,prerank,Neurogenesis (GO:0022008),0.317477108158784,0.8018349000411105,0.8702928870292888,1.0,1.0,14/49,16.13%,ASCL1;METTL3;MESP1;SPOCK1;TRAK1;LPAR1;BTBD1;RYK;ROGDI;CDK5RAP2;CHAC1;METTL14;ERBB4;EGFR
KBTBD11,GO_Biological_Process_2023,prerank,Regulation Of Mitotic Cell Cycle Spindle Assembly Checkpoint (GO:0090266),0.39060793785451386,0.8016106718943593,0.7460674157303371,1.0,1.0,6/17,14.95%,DUSP1;TPR;NDC80;CDK5RAP2;GEN1;AURKB
KBTBD11,GO_Biological_Process_2023,prerank,Glucose Homeostasis (GO:0042593),0.2862282067057734,0.8015134986853186,0.9249448123620309,1.0,1.0,22/87,17.00%,IL6;HKDC1;PIK3R1;HK2;MBD5;PARK7;ADRA2A;FOXA3;SELENOT;NR1D1;NGFR;ADIPOR1;FOXO1;TCF7L2;SLC30A8;IRS1;BAD;USF1;MCU;NUCKS1;CRY2;FGFR4
KBTBD11,GO_Biological_Process_2023,prerank,Chaperone Cofactor-Dependent Protein Refolding (GO:0051085),0.3619136478286945,0.8013738368348957,0.7592190889370932,1.0,1.0,9/25,16.32%,HSPA2;GAK;HSPA1L;DNAJC18;SDF2;DNAJB4;HSPE1;ERO1A;HSPA9
KBTBD11,GO_Biological_Process_2023,prerank,Regulation Of G1/S Transition Of Mitotic Cell Cycle (GO:2000045),0.2766689890586647,0.8013423135130665,0.9480812641083521,1.0,1.0,39/106,20.92%,MYO16;RDX;GFI1B;DPF2;LSM11;BRD7;HYAL1;ACTL6A;SMARCC2;FHL1;CDKN2B;SMARCB1;SMARCD1;RRM1;BCL7A;DLG1;RB1;KANK2;ACVR1;SMARCA4;DACT1;RRM2;KLF4;RBL1;RPTOR;EGFR;PLCB1;CRLF3;UBE2E2;CENPJ;CDK2AP2;PTPN6;ADAMTS1;CCNH;AKT1;AIF1;APLP2;KMT2E;FAM107A
KBTBD11,GO_Biological_Process_2023,prerank,Replication Fork Processing (GO:0031297),0.3182511066867513,0.8013118111720444,0.8532731376975169,1.0,1.0,14/46,17.74%,PARP1;MUS81;FAM111A;MMS22L;EME2;DNA2;OOEP;BLM;GEN1;ZRANB3;NUCKS1;BRCA2;THOC1;RBBP8
KBTBD11,GO_Biological_Process_2023,prerank,Positive Regulation Of Antigen Receptor-Mediated Signaling Pathway (GO:0050857),-0.38219949823035515,-0.8012943864285026,0.7484909456740443,1.0,1.0,9/20,24.45%,NFAM1;CD81;LCK;PRKCB;IKBKG;UXT;SLC39A10;NECTIN2;RPS3
KBTBD11,GO_Biological_Process_2023,prerank,Response To Zinc Ion (GO:0010043),0.36433266522511976,0.8012625543013315,0.7680525164113785,1.0,1.0,8/24,15.57%,MT1A;CRIP1;MT1M;KHK;MT1F;PAM;SLC30A8;GLRA1
KBTBD11,GO_Biological_Process_2023,prerank,Regulation Of Cell Communication (GO:0010646),0.3122264535635354,0.801240808046519,0.8470319634703196,1.0,1.0,15/49,19.18%,PTPN1;LRRC32;CDK13;HCN2;TRDN;CRK;SRI;SLC8A1;TSPYL2;NCOA5;VEPH1;HCN3;ITGB8;GRK5;LURAP1L
KBTBD11,GO_Biological_Process_2023,prerank,Positive Regulation Of Cysteine-Type Endopeptidase Activity (GO:2001056),-0.3116762912937092,-0.8012339849653605,0.875,1.0,1.0,24/64,24.77%,CASP9;FOXL2;SIRT1;GPER1;GRIN2A;USP50;BCL10;ASPH;NDUFA13;CIDEB;CASC2;F2R;PDCD6;CTSD;BAK1;CARD8;GRIN2B;SOX7;NLRC4;DDX3X;PERP;IFI16;CYFIP2;PPM1F
KBTBD11,GO_Biological_Process_2023,prerank,Positive Regulation Of Multicellular Organismal Process (GO:0051240),-0.25107175828748857,-0.8010897998943727,1.0,1.0,1.0,99/386,21.49%,FGF21;PAX2;AGT;CACNG1;INHBA;MAP3K13;LURAP1;NFAM1;PLEKHM1;RGCC;SIRT6;PTK2;SOD1;BMPR2;ZBTB16;CLEC6A;TNFSF11;ING2;SIRT1;BMP2;CRB2;TGFB2;LRG1;GPR3;OXT;PPARGC1B;HDAC3;SINHCAF;NME2;SMTNL1;IL1A;CCDC88B;EGF;ZNF703;MFAP2;APOE;AMH;SIX1;LRP1;MUC1;ACADL;IRF4;LCN2;GHRHR;HTR2B;TMEM64;BCL7C;AGPAT2;ETV4;ENO1;LEPR;GAPDH;OGT;FH;TGFBR2;SCAMP5;ALOX12B;GLIPR2;ALMS1;ACTB;BRD9;ARID1A;CFL1;ACTL6B;SMARCA2;ADRA1D;OLFM1;RPS19;TERT;SMARCE1;APEX1;MFN2;FST;TSKU;GHR;DAB2;ZBTB7B;F2R;NCOA2;BSCL2;WWTR1;BTN3A1;MDK;SMARCC1;PTN;GAS6;OMA1;FERMT2;SMAD4;TGFB1;GATM;ZNF516;CEBPB;SAP30L;NUMA1;HLA-G;TNFRSF11A;SOX8;NPR1
KBTBD11,GO_Biological_Process_2023,prerank,Myelination (GO:0042552),0.31985353363036995,0.8009509802969881,0.8520971302428256,1.0,1.0,17/48,17.17%,MALL;GPM6B;EIF2B4;GAL3ST1;BCAS1;SLC8A3;ARHGEF10;EIF2B2;ADGRG6;SBF2;B4GALT6;ACSBG1;MAL2;DEGS1;SKI;CNTNAP1;PLP1
KBTBD11,GO_Biological_Process_2023,prerank,Regulation Of Cholesterol Transport (GO:0032374),-0.3770933285592723,-0.8008379031286655,0.7576301615798923,1.0,1.0,7/22,19.38%,LIPG;ABCA5;YJEFN3;LRP1;ARV1;NAXE;APOC1
KBTBD11,GO_Biological_Process_2023,prerank,Regulation Of Cardiac Muscle Cell Membrane Repolarization (GO:0099623),-0.3770588781593553,-0.8008115385264869,0.7802197802197802,1.0,1.0,6/21,17.21%,KCNE5;GJA5;CAV3;CACNA1D;SCN4B;KCNE3
KBTBD11,GO_Biological_Process_2023,prerank,Negative Regulation Of Peptidyl-Serine Phosphorylation (GO:0033137),0.3840720162264817,0.8008050320405408,0.7531120331950207,1.0,1.0,6/19,18.11%,DKK1;SMAD7;PAQR3;PDE4D;CNKSR3;GADD45A
KBTBD11,GO_Biological_Process_2023,prerank,Regulation Of Cell Adhesion (GO:0030155),-0.2774557425626709,-0.8007377267920507,0.957968476357268,1.0,1.0,35/144,20.05%,FUT2;SRC;TMEM102;PLXNA2;PTK2;CHRD;RASA1;SPN;RND1;C2CD4B;PRKX;STX4;LYN;MYADM;DUSP26;LPXN;PPP1CB;RIPOR2;ADAM22;PTK2B;ERBB3;FRMD5;RAC2;ROCK2;PLXNB1;EPB41L4B;PTPRJ;CDH13;MDK;CXCL12;TESC;PLXND1;TFE3;EPHA7;NID1
KBTBD11,GO_Biological_Process_2023,prerank,Negative Regulation Of Small GTPase Mediated Signal Transduction (GO:0051058),0.37617583983286285,0.8007354079328128,0.7704194260485652,1.0,1.0,7/20,16.05%,FBP1;SPRY2;ARHGAP25;SH3BP1;MAPKAP1;CYRIB;SYNGAP1
KBTBD11,GO_Biological_Process_2023,prerank,Regulation Of mRNA Stability (GO:0043488),-0.3030518544683701,-0.8002005306311214,0.8933092224231465,1.0,1.0,23/73,19.73%,TENT5D;LARP1;FASTKD5;TENT5C;CIRBP;FTO;NRDE2;DND1;TBRG4;RC3H1;PDE12;GIGYF2;YTHDF3;NOCT;KHSRP;RIDA;CARHSP1;FXR1;APEX1;ROCK2;PUM2;E2F1;PCBP4
KBTBD11,GO_Biological_Process_2023,prerank,Hippo Signaling (GO:0035329),-0.40545146179610714,-0.8000490251408865,0.7576335877862596,1.0,1.0,7/17,19.18%,FAT4;YAP1;TEAD2;TEAD4;AMOTL2;WWTR1;SAV1
KBTBD11,GO_Biological_Process_2023,prerank,Cellular Response To Nutrient Levels (GO:0031669),0.2923033196987751,0.7999090771520149,0.8981042654028436,1.0,1.0,23/78,17.82%,MAP1LC3A;CD68;ELAPOR1;FNIP1;MLST8;LCP1;VPS41;PRKAB2;FOXO1;CDKN2B;PPARD;TTC5;WIPI1;PRR5;RRAGB;PRKAG2;WIPI2;MAPKAP1;RPTOR;PRKAB1;RRAGD;WDR45;TFEB
KBTBD11,GO_Biological_Process_2023,prerank,Eye Development (GO:0001654),-0.3128023128747833,-0.799831601670312,0.883399209486166,1.0,1.0,7/55,11.60%,RS1;PAX2;GDF3;CHRDL1;TGFB2;ZDHHC16;PBX4
KBTBD11,GO_Biological_Process_2023,prerank,Positive Regulation Of Lipid Catabolic Process (GO:0050996),0.3706077682553552,0.7998267976641152,0.7697228144989339,1.0,1.0,6/20,19.63%,TWIST1;PLIN5;IRS1;ABHD5;PRKCD;FLNB
KBTBD11,GO_Biological_Process_2023,prerank,Carbohydrate Biosynthetic Process (GO:0016051),-0.3677551189890762,-0.7996416114350801,0.7966728280961183,1.0,1.0,10/25,18.92%,FUT2;ST6GALNAC1;B3GALT5;ST6GALNAC6;B3GALT2;MPDU1;ST3GAL6;EXT2;ST3GAL4;ST6GALNAC5
KBTBD11,GO_Biological_Process_2023,prerank,Positive Regulation Of Cell-Substrate Junction Organization (GO:0150117),0.36956253202823147,0.7995945906355142,0.7603305785123967,1.0,1.0,7/23,19.12%,PIK3R1;COL16A1;MAPRE2;ROCK1;VEGFA;KDR;S100A10
KBTBD11,GO_Biological_Process_2023,prerank,Maintenance Of Protein Location In Nucleus (GO:0051457),0.38726703834432263,0.7995710272159791,0.7808510638297872,1.0,1.0,8/18,20.97%,ARL2BP;PARK7;MORC3;TOPORS;HNRNPU;TAF8;SP100;PML
KBTBD11,GO_Biological_Process_2023,prerank,Positive Regulation Of Mitotic Nuclear Division (GO:0045840),-0.33991149719621355,-0.7992496484998576,0.8449905482041588,1.0,1.0,12/35,19.23%,TGFA;RGCC;PDGFRB;IL1A;EGF;CDC20;DRD3;UBE2C;NUP62;ANAPC7;ESPL1;CDC16
KBTBD11,GO_Biological_Process_2023,prerank,Potassium Ion Transmembrane Transport (GO:0071805),0.2734139387726666,0.7991663528873819,0.9744186046511628,1.0,1.0,26/136,11.98%,SLC9A3;KCNA1;KCNK9;SLC9A2;KCNN4;ATP1A4;KCND1;NALCN;KCNF1;KCNE4;KCNS1;KCNA7;KCNK10;ATP1A3;KCNJ4;KCNJ8;KCNN3;HCN2;SLC12A1;KCNK17;KCNN2;KCNH7;GHITM;LETM1;KCNK6;KCNK5
KBTBD11,GO_Biological_Process_2023,prerank,Regulation Of Axonogenesis (GO:0050770),-0.3288147173705944,-0.7990764027842021,0.8351254480286738,1.0,1.0,19/42,25.68%,PLXNA2;LRP4;SLITRK1;NTRK2;BRSK1;GDI1;EFNB3;PAK1;PLXNB1;BRSK2;PLXND1;SIPA1L1;CHN1;PTEN;KIF13B;PLXNC1;PLXNA1;MAP6;THY1
KBTBD11,GO_Biological_Process_2023,prerank,Regulation Of Telomere Maintenance Via Telomere Lengthening (GO:1904356),0.38784002456676425,0.7990053838135839,0.765661252900232,1.0,1.0,8/17,19.99%,PARP1;TINF2;HNRNPA2B1;TNIP1;TERF2;SMG5;TNKS;SLX4
KBTBD11,GO_Biological_Process_2023,prerank,Proteoglycan Biosynthetic Process (GO:0030166),-0.34326573967269386,-0.7989231386490634,0.7963302752293578,1.0,1.0,14/32,22.02%,BMPR2;NDST3;EXTL3;CANT1;SLC35D2;XYLT1;EXT2;B3GAT3;GAL3ST3;B4GALT7;CHST13;GAL3ST4;EXTL1;UGDH
KBTBD11,GO_Biological_Process_2023,prerank,Epithelial To Mesenchymal Transition (GO:0001837),-0.32219370450926593,-0.7986890704625462,0.8511029411764706,1.0,1.0,14/47,20.60%,WNT4;TBX3;HGF;BMP2;TGFB2;SNAI2;NOTCH1;S100A4;CUL7;OLFM1;ROCK2;SMAD4;TGFB1;LOXL3
KBTBD11,GO_Biological_Process_2023,prerank,Transmembrane Receptor Protein Serine/Threonine Kinase Signaling Pathway (GO:0007178),-0.2766471849753754,-0.7986656200354731,0.9708404802744426,1.0,1.0,26/129,14.09%,SRC;GDF7;INHBA;GDF6;INHBC;GDF3;GDF11;PTK2;BMPR2;FNTA;SIRT1;BMP2;HFE;TGFB2;SMAD6;AMH;SMAD5;LPXN;APPL1;STAT3;USP9X;FOS;RGMA;CITED1;TGFBR2;ENG
KBTBD11,GO_Biological_Process_2023,prerank,Blood Circulation (GO:0008015),-0.31504431378088354,-0.7985434445670829,0.8519195612431444,1.0,1.0,13/50,18.75%,F5;C3AR1;BDKRB2;SGCG;SOD1;PLN;COL4A3;MYL7;GCLM;GPX1;GCLC;ROCK2;CXCL12
KBTBD11,GO_Biological_Process_2023,prerank,Positive Regulation Of Neutrophil Chemotaxis (GO:0090023),-0.3961397367896004,-0.7981509168961004,0.775047258979206,1.0,1.0,6/18,18.75%,XCL1;CD74;RIPOR2;MOSPD2;RAC2;MDK
KBTBD11,GO_Biological_Process_2023,prerank,Positive Regulation Of Endothelial Cell Migration (GO:0010595),0.29319594807277716,0.7980834126068294,0.9123595505617977,1.0,1.0,33/84,21.07%,RHOB;NOS3;FUT1;ANGPT4;FGF18;ABL1;AKT3;BCAS3;CD40;LGMN;HSPB1;GPI;ATP5F1B;PRKCA;SPARC;VEGFA;SEMA5A;SASH1;WNT5A;TMSB4X;PLPP3;PDGFB;KDR;FGF2;THBS1;AKT1;PROX1;GPLD1;BCAR1;FLT4;SMOC2;PRKD1;HIF1A
KBTBD11,GO_Biological_Process_2023,prerank,Antiviral Innate Immune Response (GO:0140374),0.31936184501288745,0.7976253508002468,0.8793103448275862,1.0,1.0,10/46,18.22%,NMBR;USP18;TRIM25;UBE2W;TRIM6;EIF2AK2;MORC3;UBE2N;DHX16;USP20
KBTBD11,GO_Biological_Process_2023,prerank,Negative Regulation Of Transmembrane Receptor Protein Serine/Threonine Kinase Signaling Pathway (GO:0090101),-0.284381830702112,-0.7965514439551001,0.944153577661431,1.0,1.0,34/111,21.28%,DAND5;GDF3;CHRD;FAM89B;CER1;SNX25;ING2;SIRT1;BMP2;BMPER;CHRDL1;UBE2D1;SINHCAF;SMAD6;LRP1;EMILIN1;PIN1;NOTCH1;LEMD3;OGT;VASN;CRIM1;FST;TNFAIP6;SNX6;UBE2D3;MTMR4;SOSTDC1;VWC2;IL17RD;ZBTB7A;PPARA;SAP30L;TMEM53
KBTBD11,GO_Biological_Process_2023,prerank,Regulation Of Cell-Substrate Junction Assembly (GO:0090109),0.3740263996551085,0.7961892987494962,0.7617977528089888,1.0,1.0,10/21,23.07%,GPM6B;CAMSAP3;RHOA;LIMCH1;CORO1C;ROCK1;FYN;EPHA3;LDB1;MACF1
KBTBD11,GO_Biological_Process_2023,prerank,Regulation Of Ubiquitin-Protein Transferase Activity (GO:0051438),-0.34776190989834,-0.7961298255344745,0.8051001821493625,1.0,1.0,13/32,21.39%,TRIB3;CDC20;PIN1;BMI1;BAG5;DCUN1D3;RPS2;FBXW7;DCUN1D4;LIMK1;BUB3;DCUN1D2;FEM1B
KBTBD11,GO_Biological_Process_2023,prerank,Positive Regulation Of Apoptotic Process (GO:0043065),-0.2544558328797993,-0.7958920575151925,0.9982394366197183,1.0,1.0,68/268,20.38%,PNMA5;CTSS;PLEKHN1;SQSTM1;BACE1;AIFM2;TRADD;CASP9;IGFBP3;FOXL2;SCIN;SOD1;PTPA;KLF11;SIRT1;SMPD1;GADD45B;BMP2;GPER1;TGFB2;FANK1;HTT;JMY;CCAR2;FZD9;UBE2Z;UNC13B;HIP1R;BAX;TP63;EMILIN1;RACK1;PDCD2;DNM2;RNF122;ZC3H12A;BARD1;DKKL1;TP53;CTSK;CALHM2;BCL10;CARM1;DCUN1D3;ING5;MAP3K20;OLFM1;ING4;SOX4;ERCC3;BCL6;BID;BTG1;DAB2IP;TFAP4;E2F1;CTSD;SAV1;BAK1;OMA1;APBB1;CTNNBL1;EPHA7;CDK5;SNCA;PCSK9;MTCH2;PRMT2
KBTBD11,GO_Biological_Process_2023,prerank,Regulation Of Chromosome Organization (GO:0033044),-0.321580496557894,-0.7958896337753152,0.8625235404896422,1.0,1.0,12/43,15.68%,ACTR5;SMG6;SHCBP1L;NSMCE3;BUB1;RUVBL1;NSMCE4A;MAPT;XRCC5;NSMCE1;SMC5;UPF1
KBTBD11,GO_Biological_Process_2023,prerank,Cyclic-Nucleotide-Mediated Signaling (GO:0019935),-0.33213917259402587,-0.7958527638990388,0.8295254833040422,1.0,1.0,13/39,22.16%,EPHA5;RAPGEF3;PDE2A;GUCY1A2;APOE;GHRHR;HTR2B;PRSS8;ATF1;RAPGEF2;GAL;DGKQ;SERPINB8
KBTBD11,GO_Biological_Process_2023,prerank,Negative Regulation Of Amyloid-Beta Formation (GO:1902430),0.39631663769845943,0.7957790689193802,0.75,1.0,1.0,10/16,19.44%,BIN1;RTN3;PRNP;CHRNA7;RTN4;GGA3;ROCK1;RTN1;CLU;IGF1
KBTBD11,GO_Biological_Process_2023,prerank,Regulation Of Epithelial Cell Differentiation (GO:0030856),-0.38581394914437006,-0.7957286130188911,0.7641509433962265,1.0,1.0,3/18,8.82%,DSPP;GATA3;PRKX
KBTBD11,GO_Biological_Process_2023,prerank,Protein Catabolic Process (GO:0030163),-0.28751117814400207,-0.7956353781740685,0.9185441941074524,1.0,1.0,29/102,20.32%,CTSS;CLN5;SQSTM1;NEU4;CPA2;IDE;PRSS16;CHEK2;CTSB;RAB7A;SPATA18;CAPN2;APOE;SFI1;CLPP;CASP7;CAPN3;CTSK;FBXO6;RSPRY1;DDB1;HSPA8;MANBA;PRKN;DAB2IP;CTSD;RNF41;CUL4B;PCSK9
KBTBD11,GO_Biological_Process_2023,prerank,Cilium Organization (GO:0044782),0.251348375583518,0.7949673825785405,1.0,1.0,1.0,91/226,24.14%,CEP19;IQUB;CEP41;MAP4;TMEM237;AVIL;CIBAR1;DCDC2;ATAT1;RILP;SEPTIN2;TMEM17;OCRL;PHIP;UNC119B;DYNC2I2;HDAC6;PLA2G3;NME8;CEP78;IFT81;TBC1D31;CEP20;IFT74;ALPK1;IFT172;SEPTIN6;DNAH5;SEPTIN7;TTC26;FAM161A;RP2;EHD1;B9D1;CEP162;TTC39C;IFT43;GALNT11;ATP6V1D;GBF1;OFD1;ABLIM1;RTTN;WDR19;SNX10;RILPL1;TCTN2;CEP164;KIFAP3;SCLT1;CATIP;BBIP1;WDR35;ARMC9;FLNA;TXNDC15;RAB1A;DUSP23;RRP7A;ACTR3;TTC36;CENPJ;CCDC57;UBXN10;DISC1;WDPCP;MKKS;AURKA;CEP83;DYNLT2B;FBXW8;BBS9;FOXJ1;HYLS1;KIF24;CFAP54;RFX3;CEP250;DZIP1;TTC30A;PTPDC1;EHD3;C2CD3;IFT88;MBD1;DYNC2H1;IFT46;FUZ;TRAPPC14;CFAP58;DZIP1L
KBTBD11,GO_Biological_Process_2023,prerank,Dephosphorylation (GO:0016311),-0.27215053843446024,-0.7946170791360548,0.9653979238754326,1.0,1.0,55/146,25.65%,PLPP4;PTPRH;FRA10AC1;PPP3CC;PPM1E;PPP5C;PTPRT;PTPN7;PTPN3;EPHX2;NANP;PLPPR5;SGPP2;DUSP26;ACP6;DUSP22;PPP1CB;PTPN9;DUSP4;SSH1;MTMR6;PTPRA;PDP2;PLPP2;PPEF1;NT5C;PLPP5;PPP1CC;PTPRO;STK11;PHPT1;PPM1M;PPM1H;DUSP18;CTDP1;PTPRJ;PTPN13;MTMR4;TPTE;PPP1CA;ACP3;PTPRZ1;PPP2R5D;PPTC7;DUSP3;PTEN;CTTNBP2NL;PPM1A;PPP2CA;PPP3R1;PPM1F;PTPN12;TPTE2;PLPPR4;PTPRG
KBTBD11,GO_Biological_Process_2023,prerank,Regulation Of Translation (GO:0006417),-0.26597100935829576,-0.7944509754917078,0.9896193771626297,1.0,1.0,78/201,23.94%,LARP1;EIF3D;PASK;CIRBP;NANOS3;GSPT1;PKP3;ZAR1L;NHLRC1;PRMT1;ILF3;TIA1;LARP4;EIF3C;RC3H1;PATL2;LRPPRC;MSI1;RBM4B;NIBAN1;RACK1;BZW2;MTG2;MSI2;EIF6;IMPACT;GIGYF2;DDX6;PYM1;NHLRC3;GAPDH;OGT;CSNK2A1;PLD1;CTIF;YTHDF3;LARP1B;NOLC1;GRB7;RIDA;EIF2AK4;UPF1;ELP6;SOX4;BCL3;IGF2BP2;FXR1;IGFBP5;CNOT9;METTL18;DHFR;DDX1;TRIM3;MTRF1;BZW1;GCN1;RBM3;ENC1;ELP2;METAP1;RNF139;DHX9;EIF2S1;SHMT2;PAIP2B;EIF3E;LSM14A;EIF4ENIF1;ELP3;PUS7;OGFOD1;NSUN3;NCBP1;SERBP1;EEF2;DDX3X;FMR1;NSUN5
KBTBD11,GO_Biological_Process_2023,prerank,Protein Palmitoylation (GO:0018345),-0.3535353868824017,-0.7942892131294077,0.803088803088803,1.0,1.0,7/30,15.47%,ZDHHC12;ZDHHC22;ZDHHC24;ZDHHC16;ZDHHC14;ZDHHC13;ZDHHC11B
KBTBD11,GO_Biological_Process_2023,prerank,Organelle Assembly (GO:0070925),-0.2529257526239901,-0.7941597550986069,0.9982788296041308,1.0,1.0,104/320,24.46%,SYNPO;CFAP221;ABLIM3;CHMP1A;CFAP43;TMEM231;IRGM;BBS5;TTC8;TSG101;RAB43;ATP6V0D1;ARL3;GABARAPL2;CCDC113;DNAAF1;KIAA0586;SRPX;AP1G1;FAM149B1;FBF1;AP1M1;RABL2B;PCNT;CFAP161;RAB7A;NSFL1C;ATG9A;CFAP47;FHDC1;TCTN1;TTBK2;WDR54;STK36;TMEM67;DNAI2;PIBF1;RAB1B;PTPN23;AP3M1;VPS37B;NOTCH1;GABARAP;CLUAP1;WDR90;AP3S2;STAM2;CHMP4A;VPS25;VPS37C;YTHDF3;RAB23;IQCB1;CEP89;HPS1;ATG9B;NEK1;ATG16L1;STX12;VPS36;WDR45B;CDC14A;KIF3A;FXR1;GSN;CILK1;CEP290;AP3B1;KIAA0753;ARL13B;TTC21B;ATG2B;ATG14;IST1;CPLANE1;TMEM216;INTU;ACTR2;CCDC66;DYNC2I1;RAB8B;BBS1;CHMP3;BBS2;TMEM250;RAB17;NUDCD3;CHMP5;IFT52;RAB8A;RB1CC1;RAB3IP;DNMBP;FMR1;ARL6;KIF27;CHMP1B;CHMP2A;RAB11A;TRAF3IP1;CFAP20;AP4M1;SPAG16;CC2D2A
KBTBD11,GO_Biological_Process_2023,prerank,Regulation Of Actin Cytoskeleton Organization (GO:0032956),0.28005723435506163,0.7941247506815878,0.956221198156682,1.0,1.0,27/89,19.42%,CDK10;SIGLEC15;CCDC88A;GPM6B;CARMIL3;MLST8;TAOK1;ARHGEF5;RHOA;CRK;ARHGAP35;EZR;NOTCH2;ABL2;ROCK1;EPS8;HRAS;SH3BP1;ARHGAP17;DYNLL1;GRHL3;SEMA3E;PRKCD;TAOK2;EPHA3;CLU;MYO3B
KBTBD11,GO_Biological_Process_2023,prerank,Oligosaccharide Metabolic Process (GO:0009311),-0.32749446912313857,-0.7940183067926563,0.8349328214971209,1.0,1.0,19/48,22.20%,FUT2;ST6GALNAC1;NEU3;NEU4;B3GALT5;ST6GALNAC6;ST6GALNAC3;ST8SIA1;ST8SIA3;B3GALT2;MPDU1;ST3GAL6;GAL3ST3;ST3GAL4;MANBA;ST6GALNAC5;B3GALT4;GAL3ST4;NAGA
KBTBD11,GO_Biological_Process_2023,prerank,Negative Regulation Of Cytokine Production Involved In Inflammatory Response (GO:1900016),-0.37522041811066464,-0.7939093333737491,0.7602996254681648,1.0,1.0,5/20,12.96%,ADCY7;EXTL3;F2;NLRC3;ZC3H12A
KBTBD11,GO_Biological_Process_2023,prerank,Carboxylic Acid Transport (GO:0046942),0.3073498562477078,0.7937277556186946,0.8638392857142857,1.0,1.0,11/53,13.65%,SLC7A10;SLC16A11;SLC6A13;SLC3A1;SLC16A8;SLC6A11;SLC16A7;SLC43A2;ABCC1;SLC25A29;SLC36A1
KBTBD11,GO_Biological_Process_2023,prerank,Regulation Of Cell Death (GO:0010941),0.3036032382255405,0.793361279549349,0.8927038626609443,1.0,1.0,13/59,16.50%,PACRG;PARK7;FAF1;SNCG;CASP6;CHRNA7;TXNDC12;HBA1;ZDHHC17;NOA1;VPS4A;DHCR24;CHMP6
KBTBD11,GO_Biological_Process_2023,prerank,Glial Cell Development (GO:0021782),0.35985512103609935,0.7933534609046339,0.8130252100840336,1.0,1.0,8/23,21.54%,TLR2;EIF2B4;ZNF488;EIF2B2;CSPG5;MXRA8;CDK6;DLL1
KBTBD11,GO_Biological_Process_2023,prerank,Canonical Wnt Signaling Pathway (GO:0060070),0.29813102580568196,0.7931364831064087,0.9061135371179039,1.0,1.0,22/64,22.06%,WNT5B;WNT9A;TCF7;DVL2;FZD6;SIAH1;DIXDC1;FZD4;TCF7L2;GSK3B;RYK;TCF7L1;CTNNB1;FRZB;WNT5A;CAV1;WNT9B;JUP;RAB5A;FZD8;SFRP5;SFRP4
KBTBD11,GO_Biological_Process_2023,prerank,Regulation Of T Cell Differentiation (GO:0045580),0.3130281591204826,0.7930105433487399,0.8681818181818182,1.0,1.0,14/47,15.85%,METTL3;TCF7;BRD7;ZMIZ1;ACTL6A;SMARCC2;SMARCB1;SMARCD1;IL7;CAMK4;ZBTB1;SMARCA4;SPINK5;KAT2A
KBTBD11,GO_Biological_Process_2023,prerank,Synaptic Vesicle Recycling (GO:0036465),-0.3263553602151669,-0.7930104152412043,0.8352059925093633,1.0,1.0,21/44,28.00%,DNM2;AP3S2;DNM1;STON1;AP2M1;DNM3;SNCB;PACSIN1;SYT1;NLGN3;SYNJ2;CDK5;SNCA;VAMP2;GIT2;GIT1;STX1A;AP2S1;FCHO2;PIP5K1C;NLGN1
KBTBD11,GO_Biological_Process_2023,prerank,Regulation Of Cellular Catabolic Process (GO:0031329),0.29791145089374477,0.7928750621381611,0.8901098901098901,1.0,1.0,13/62,13.59%,LAMP3;OSBPL7;DDIT3;USP13;HDAC6;ABL1;WDR24;LONP2;ABL2;HSPB1;PIP4K2C;ROCK1;ATM
KBTBD11,GO_Biological_Process_2023,prerank,Negative Regulation Of Cellular Component Organization (GO:0051129),0.28927931121608486,0.7926786624287642,0.915929203539823,1.0,1.0,21/79,16.84%,ISL1;RDX;IAPP;HSPA2;AKR1B1;DNAJB2;APOA1;HSF1;CEL;HDAC6;SPRY2;TERF2;GSK3B;RIOK3;PEX5;SACS;VEGFA;RAF1;SVIP;TMEFF2;DNAJA4
KBTBD11,GO_Biological_Process_2023,prerank,Epithelial Cell Differentiation (GO:0030855),-0.2743466542765878,-0.79266758222177,0.9701230228471002,1.0,1.0,21/131,15.47%,SULT1B1;PAX2;DHRS9;KRT15;SCUBE1;OVOL1;GLI1;GATA3;OVOL3;CTSB;TST;ZNF703;TDRD7;E2F7;SIX1;CPT1A;PIH1D1;CITED1;JAG1;YAP1;OVOL2
KBTBD11,GO_Biological_Process_2023,prerank,Membrane Lipid Metabolic Process (GO:0006643),0.38831786077964314,0.7926266378810478,0.7551440329218106,1.0,1.0,5/17,8.88%,CERKL;ALOXE3;SPTLC1;GAL3ST1;CYP1B1
KBTBD11,GO_Biological_Process_2023,prerank,Secretory Granule Organization (GO:0033363),0.35016439337304217,0.7926065064541215,0.8039647577092511,1.0,1.0,9/25,15.10%,LYST;DTNBP1;AP1S3;BLOC1S2;AP3S1;SRGN;HPS4;HPS6;HPS5
KBTBD11,GO_Biological_Process_2023,prerank,Regulation Of Ruffle Assembly (GO:1900027),0.35815229667598486,0.792155483534363,0.7897091722595079,1.0,1.0,10/24,19.48%,RDX;EPS8L2;EPS8;HRAS;KANK1;CAV1;DEF8;PFN1;PFN2;ARHGAP24
KBTBD11,GO_Biological_Process_2023,prerank,Regulation Of Nucleic Acid-Templated Transcription (GO:1903506),-0.24771689871886557,-0.7917873463016478,1.0,1.0,1.0,135/450,22.18%,IFNK;ZNF350;NFILZ;ZNF536;ZNF648;ZNF92;MTF2;ZNF736;CNBP;ACTR5;PPIE;FOXP3;NR1I2;ING2;ZNF331;GCFC2;BMP2;ZNF219;SRSF10;HINFP;PPARGC1B;CHEK2;LYL1;NFXL1;MYB;MYCBP;ZNF703;RPS6KA4;APBB3;SNAI2;FOXK2;ZNF341;SIX1;ZBTB4;CEBPA;AJUBA;SLC2A4RG;RUNX3;MLLT6;YEATS4;RUVBL1;BRDT;STAT3;NOTCH1;BRPF1;BNC2;TRIM22;JADE2;HMGA1;POLR2A;DNM2;CREM;SUPT4H1;SPIN2B;KLRG1;SMARCA5;SOX21;ENG;TP53;ZNF205;KAT6B;PCGF1;ZNF678;NFYB;MAGED1;SPIN2A;ZNF430;NR3C1;PFDN5;CARM1;RSF1;NAB2;ING5;ZNF626;RPL6;SMARCA2;ZZZ3;OGG1;ING4;SOX4;TEAD2;SOX15;ZNF37A;ZSCAN21;AKAP17A;ZBTB11;KAT14;CHD3;NANOG;ZNF2;HCFC2;NFKB2;BRPF3;NCOA2;BTG1;RHOH;WWTR1;ZNF398;NR1D2;ATXN1L;NSD2;E2F1;YEATS2;ZNF117;KAT7;APBB1;POU5F1B;RNF6;KAT6A;NFYA;MEF2C;GON4L;APBB2;BRD1;CXXC1;ATF5;ZNF732;ZNF282;HDAC10;ZNF516;CEBPB;SAP30L;MLX;ZNF646;SOX7;ZKSCAN5;ZNF100;JADE1;RREB1;ZNF141;SERTAD3;ZNF713;MSL3;ZNF66;ZNF274
KBTBD11,GO_Biological_Process_2023,prerank,Triglyceride Biosynthetic Process (GO:0019432),-0.38529528556307063,-0.791735100043981,0.7854545454545454,1.0,1.0,8/17,25.17%,MOGAT1;GPAM;LPIN3;LPGAT1;GPAT4;LPIN2;GCK;DGAT2
KBTBD11,GO_Biological_Process_2023,prerank,Positive Regulation Of I-kappaB kinase/NF-kappaB Signaling (GO:0043123),-0.26822641233053335,-0.7915743197227083,0.9855595667870036,1.0,1.0,46/173,18.88%,TICAM1;LURAP1;TRADD;IRAK4;CLEC6A;TRIM13;TRAF5;MUL1;EEF1D;LTB;PPP5C;NOD2;TRIM58;CANT1;SHISA5;RFPL2;RBCK1;VAPA;TRIM22;HTR2B;TAB2;TICAM2;GAPDH;INAVA;CD74;DDX21;ZDHHC13;CXXC5;TMED4;LTBR;PRKCB;AKAP13;IKBKG;S100A4;BCL10;NUP62;BST2;BIRC2;DDX1;TMEM106A;HLA-DRB1;F2R;CHUK;PRKN;PELI1;PELI2
KBTBD11,GO_Biological_Process_2023,prerank,Negative Regulation Of Viral Process (GO:0048525),0.3001695197213439,0.7914597033666475,0.8977777777777778,1.0,1.0,14/61,14.82%,OASL;RNASEL;FAM111A;UBP1;IFIT5;TRIM32;TNIP1;TRIM6;TRIM27;TRIM21;EIF2AK2;SRPK2;TRIM62;PPIA
KBTBD11,GO_Biological_Process_2023,prerank,Regulation Of Reactive Oxygen Species Biosynthetic Process (GO:1903426),-0.3593235116315449,-0.7913726081891123,0.8025134649910234,1.0,1.0,8/25,21.32%,ALOX5;RAB27A;SLC18A2;CYBA;SNCA;PPARA;PIKFYVE;SLC25A33
KBTBD11,GO_Biological_Process_2023,prerank,Odontogenesis (GO:0042476),-0.3288533096650841,-0.7913564287784821,0.8444846292947559,1.0,1.0,5/39,12.87%,INHBA;BMP2;FGF8;TGFB2;ANKRD11
KBTBD11,GO_Biological_Process_2023,prerank,Cellular Response To Radiation (GO:0071478),0.31131921090755305,0.7912141407720223,0.8584070796460177,1.0,1.0,11/46,18.11%,TRPM1;RHOB;FIGNL1;OPN1SW;CLOCK;KDM4D;BLM;LIG4;BRCA2;RHNO1;GADD45A
KBTBD11,GO_Biological_Process_2023,prerank,Regulation Of Monoatomic Ion Transmembrane Transporter Activity (GO:0032412),-0.3031908515806414,-0.7911941183338853,0.9030520646319569,1.0,1.0,24/68,20.43%,OPRM1;KCNE5;CACNG4;CAV3;CNIH3;NEDD4;PTPN3;YWHAE;FXYD1;CACNA1D;CNIH4;FXYD3;CACNG2;CACNG5;PTK2B;CACNG7;TRPC6;SCN4B;CACNG8;YWHAH;FGF12;WWP2;MEF2C;FXYD5
KBTBD11,GO_Biological_Process_2023,prerank,Negative Regulation Of Ossification (GO:0030279),0.35515959248324686,0.7911856764365017,0.7892376681614349,1.0,1.0,4/24,13.14%,DKK1;GREM1;SOX9;SRGN
KBTBD11,GO_Biological_Process_2023,prerank,Aerobic Respiration (GO:0009060),-0.30986172860668515,-0.7911447872145068,0.8944444444444445,1.0,1.0,23/58,23.17%,NDUFB7;UQCRC2;NDUFV3;NDUFB10;ME3;UQCRB;CHCHD10;NDUFB6;NIPSNAP2;NDUFA13;NDUFA5;OXA1L;NDUFB4;NDUFA8;SDHC;NDUFA7;ATP5F1D;UQCRH;NDUFS6;MTFR2;SURF1;SLC25A51;NDUFA9
KBTBD11,GO_Biological_Process_2023,prerank,Oligodendrocyte Differentiation (GO:0048709),0.38226874631268415,0.7909756653650896,0.787746170678337,1.0,1.0,6/19,11.43%,EIF2B4;ZNF488;SLC8A3;SOX9;SOX6;EIF2B2
KBTBD11,GO_Biological_Process_2023,prerank,Regulation Of Cell Junction Assembly (GO:1901888),-0.36524525948480163,-0.790754112961856,0.8148854961832062,1.0,1.0,10/23,23.75%,CHRNB2;SNAI2;MYO1C;ROCK2;RAPGEF2;MEF2C;RAP2A;F11R;RAB17;CLDN3
KBTBD11,GO_Biological_Process_2023,prerank,Branching Morphogenesis Of An Epithelial Tube (GO:0048754),-0.3244348022185701,-0.7907381264187687,0.8480300187617261,1.0,1.0,9/42,14.80%,PAX2;TIE1;NPNT;SIX1;PKD2;CITED1;TGFBR2;ENG;PAK1
KBTBD11,GO_Biological_Process_2023,prerank,Supramolecular Fiber Organization (GO:0097435),-0.2535979754624862,-0.7906389785395748,0.9983633387888707,1.0,1.0,72/315,21.00%,KIF2B;KRT80;CCDC13;STMN4;KRT15;ADAMTS14;BACE1;SERF1A;TPPP;TPM2;MYO1B;MYO1A;STMND1;SERPINH1;RND1;CHP1;GFAP;TGFB2;CD2AP;MYO5A;CCDC88B;CNN2;ADAMTS3;CLIP2;MYO1F;PLOD3;PGM5;ELMO2;MFAP4;KASH5;HIP1R;BAX;EMILIN1;MYO6;USP9X;PIN1;MYO1C;HOOK1;TMOD2;CORO1B;PRSS8;P3H4;MYO5B;COL11A1;MAPT;HNRNPA1;CAPN3;RAC3;CAMSAP2;KLHL24;SAMD14;SHROOM2;HOOK3;HDGFL3;INA;RAC2;TNFAIP6;DBN1;GSN;BID;PRKN;SLAIN1;POF1B;KATNAL2;CKAP5;KRT10;B4GALT7;SNCA;CGNL1;LOXL3;LMOD3;CCDC88C
KBTBD11,GO_Biological_Process_2023,prerank,Negative Regulation Of mRNA Catabolic Process (GO:1902373),-0.330024034924577,-0.7902946371378861,0.8465703971119134,1.0,1.0,8/40,10.43%,TENT5D;LARP1;TENT5C;CIRBP;PKP1;PKP3;NRDE2;DND1
KBTBD11,GO_Biological_Process_2023,prerank,Regulation Of Cell Cycle (GO:0051726),0.24698095371379752,0.7902873401203192,1.0,1.0,1.0,96/293,20.68%,GMNC;CDK10;SPATA22;RHOB;FIGNL1;PER2;SIPA1;HPGD;METTL3;MDM2;SDCBP;IRF1;BRD7;ETFA;MBIP;CEL;TNFSF13B;PPP1R9B;MAP2K6;SOX9;PIM2;BIN1;TRIM32;ACTL6A;NEK6;TP53BP2;JUND;DR1;CDC26;KAT2B;TRRAP;CHEK1;MYC;PCLAF;ANAPC5;PRCC;FGFR2;HBP1;ZNF268;SGF29;FBXO5;GMNN;USP51;RB1;TRIM21;CCPG1;RNF167;GBF1;SRPK2;PRKACA;HRAS;ATM;ANAPC15;RUVBL2;MCRS1;ANAPC1;INTS13;UCHL5;YY1AP1;MEAF6;CTBP1;TSPYL2;IQGAP1;DMAP1;MRGBP;KAT2A;DHCR24;BMP7;EPC1;DLGAP5;HNRNPU;CDK5RAP3;CDK11B;JUN;FOXM1;HMGA2;WDR5;GRK5;RPRM;WDR12;CKS1B;GADD45A;LIN9;SIRT2;LEP;TTLL12;NF2;EPC2;JADE3;MECOM;PROX1;SCAND3;TP53I13;AFAP1L2;TTC28;GADD45G
KBTBD11,GO_Biological_Process_2023,prerank,Midbody Abscission (GO:0061952),-0.40567041438456586,-0.7897437559426691,0.7572992700729927,1.0,1.0,6/15,24.01%,CHMP1A;CHMP4A;CHMP3;CHMP5;CHMP1B;CHMP2A
KBTBD11,GO_Biological_Process_2023,prerank,Regulation Of Potassium Ion Transmembrane Transport (GO:1901379),0.3290570052186404,0.789495288823534,0.8612836438923396,1.0,1.0,13/33,17.60%,KCNN4;KCNAB3;STK39;BIN1;KCNN2;FHL1;DLG1;KCNQ1;KCNH2;DPP10;FLNA;CAV1;KCNE2
KBTBD11,GO_Biological_Process_2023,prerank,Protein Localization To Chromatin (GO:0071168),0.33670410143232454,0.7892929065962375,0.8276595744680851,1.0,1.0,10/31,18.66%,PARP1;FAM47E;MACROH2A2;MMS22L;SGF29;RUVBL2;H1-5;H2BC11;ESR1;CENPA
KBTBD11,GO_Biological_Process_2023,prerank,Regulation Of Bone Resorption (GO:0045124),-0.3459169611613945,-0.7891214948842846,0.8014705882352942,1.0,1.0,6/28,12.53%,SRC;CALCA;PLEKHM1;TNFSF11;P2RX7;TMEM64
KBTBD11,GO_Biological_Process_2023,prerank,Positive Regulation Of Stem Cell Proliferation (GO:2000648),-0.39994595591969084,-0.7889099010790376,0.7490636704119851,1.0,1.0,8/16,19.88%,THPO;PDCD2;CITED1;TERT;NANOG;N4BP2L2;KAT7;FERMT2
KBTBD11,GO_Biological_Process_2023,prerank,Mitotic G2/M Transition Checkpoint (GO:0044818),0.313365633386118,0.7887064220363735,0.8728813559322034,1.0,1.0,16/46,18.06%,HUS1B;NABP1;CHFR;ZNF830;TNFSF13B;TAOK1;PABIR1;CHEK1;CDC6;ATM;TOPBP1;BLM;CDK5RAP3;BABAM1;RBBP8;TAOK2
KBTBD11,GO_Biological_Process_2023,prerank,Regulation Of Peptidyl-Tyrosine Phosphorylation (GO:0050730),-0.28981167046374234,-0.7886257622946858,0.9182948490230906,1.0,1.0,21/90,20.99%,SRC;AGT;IL23R;ITGB2;CLEC6A;HGF;CD81;CNOT7;AMH;PRKCZ;CD74;TP53;PTK2B;TDGF1;RAP2B;BMP6;GHR;PTPRJ;EPHA7;TGFB1;DGKQ
KBTBD11,GO_Biological_Process_2023,prerank,Cellular Response To Oxygen-Containing Compound (GO:1901701),-0.24767052622819893,-0.7885700020956988,1.0,1.0,1.0,89/399,20.00%,CXCL13;KCNC2;PAX2;LY96;NR1H4;TICAM1;CXCL2;ADCY7;SQSTM1;KCNK4;CXCL1;MMP9;PDK2;CD274;SSTR1;POU4F1;IRGM;CPNE9;SMPD1;GPER1;ADD1;KAT5;ITPKC;RAPGEF3;RASGRP2;CIB2;WNT3;CAPN2;IL1A;CDK2;PPM1E;LYN;SBNO2;ZNF703;RASA4;RRAGC;PDE2A;NOD2;CD86;RAMP3;AGAP3;P2RX7;P2RX3;ROMO1;HSP90B1;CASP7;TICAM2;MAPT;ZC3H12A;CPNE2;PRDX5;SNW1;LDOC1;FOS;CAPN3;PKD2;DPEP1;SSH1;CFTR;IPO5;BCL10;PTK2B;HMGB2;RRAGA;ACTB;ERCC6L2;UPF1;NDUFA13;LAMTOR4;TRIM41;IGFBP5;CCDC62;PEX10;CACTIN;ROCK2;CHUK;SHPK;DAB2IP;SYT1;TESC;RAPGEF2;P2RX4;PXN;SLC25A24;NFKBIB;SLC26A6;MEF2C;SSTR2;SIRPA
KBTBD11,GO_Biological_Process_2023,prerank,Regulation Of Brown Fat Cell Differentiation (GO:0090335),-0.39284232759241566,-0.788136043141993,0.7690802348336595,1.0,1.0,9/17,25.89%,SIRT1;FTO;SIX1;METRNL;ZBTB7B;TFE3;RREB1;FNDC5;PIM1
KBTBD11,GO_Biological_Process_2023,prerank,Interstrand Cross-Link Repair (GO:0036297),-0.3349062766868715,-0.7880532988563185,0.8664047151277013,1.0,1.0,21/36,28.59%,ERCC6L2;FANCC;XPA;FANCD2;FANCM;RNF168;HROB;XRCC3;FANCB;FANCA;EXO5;FANCI;RAD51AP1;ERCC4;DCLRE1C;VCP;FANCF;NEIL3;FANCL;FSCN1;MCM9
KBTBD11,GO_Biological_Process_2023,prerank,Nitrogen Compound Transport (GO:0071705),0.26155452192252027,0.7876676075412593,0.9841628959276018,1.0,1.0,39/162,18.25%,AQP8;SLC6A4;SLC52A1;SLC7A10;SLC6A13;CUBN;LMAN2L;RHCG;SLC11A1;SLC3A1;SCAMP2;SLC5A8;ABCG2;RILP;RAMP2;RHCE;RAMP1;SCAMP1;SLC6A8;SLC29A1;SLC43A2;ARRDC1;ABCC1;HBA1;SLC25A29;SLC26A11;TXNIP;SLC19A2;SLC36A1;MYH9;SLC22A2;SNX18;CBLIF;NDC1;SLC6A12;MIA3;RAB38;SLC22A1;SLC36A2
KBTBD11,GO_Biological_Process_2023,prerank,DNA Damage Checkpoint Signaling (GO:0000077),-0.3365222523981336,-0.7875297987359579,0.8317929759704251,1.0,1.0,15/34,19.41%,DONSON;HINFP;CHEK2;RAD9A;MRPL36;STK33;TIPRL;FBXO6;DOT1L;MAP3K20;TP53BP1;HUS1;E2F1;USP28;CEP63
KBTBD11,GO_Biological_Process_2023,prerank,Regulation Of Bicellular Tight Junction Assembly (GO:2000810),-0.39817716825207106,-0.7872837639405271,0.7831775700934579,1.0,1.0,6/15,20.50%,SNAI2;NPHP1;MYO1C;ROCK2;NPHP4;F11R
KBTBD11,GO_Biological_Process_2023,prerank,Non-Motile Cilium Assembly (GO:1905515),-0.34653497466883465,-0.7872448304766542,0.8083491461100569,1.0,1.0,9/31,21.18%,CCDC13;TTC8;RPGRIP1;PIBF1;CEP89;ENKD1;ARL13B;TMEM216;BBS1
KBTBD11,GO_Biological_Process_2023,prerank,Regulation Of Potassium Ion Transmembrane Transporter Activity (GO:1901016),-0.353324083589568,-0.7871993140131106,0.7951582867783985,1.0,1.0,12/26,22.15%,CAV3;ATP1B3;NEDD4;YWHAE;CACNA1D;NETO1;ATP1B1;KCNG1;WWP2;CAB39;ATP1B2;VAMP2
KBTBD11,GO_Biological_Process_2023,prerank,Alpha-Amino Acid Metabolic Process (GO:1901605),-0.35168392674175336,-0.787137137486945,0.791814946619217,1.0,1.0,9/29,19.97%,MTHFR;ASS1;THAP4;DPEP1;CPS1;KYAT1;RIMKLB;SLC25A12;MTHFD1
KBTBD11,GO_Biological_Process_2023,prerank,Golgi Vesicle Transport (GO:0048193),-0.26271625924049724,-0.7869939373539896,0.9914089347079038,1.0,1.0,60/197,21.08%,GOLGA5;RAB2A;YKT6;MYO1B;RAB43;BNIP1;YIF1A;ARL3;GABARAPL2;SPIRE2;TAPBP;HTT;VTI1A;SCFD1;RAB33B;MYO5A;COPE;COPB1;RINT1;ERGIC2;RER1;STX5;RAB1B;CNIH4;VAPA;TMED6;TRAPPC11;DNM2;GOLGA4;GOLPH3;TMED4;PITPNB;YIPF5;TRAPPC8;SNX12;TRAPPC2L;BICD2;UVRAG;ARCN1;GOLPH3L;PEF1;LMAN2;TRAPPC6B;TMED9;PDCD6;COG2;SEC24B;EXOC5;STX10;NAPG;ARF5;PGAP1;COPA;TMED1;TBC1D20;TMED5;RAB8B;KLHL12;KDELR3;TFG
KBTBD11,GO_Biological_Process_2023,prerank,Axonemal Dynein Complex Assembly (GO:0070286),-0.3334979823676284,-0.7869220717419183,0.8492647058823529,1.0,1.0,11/37,16.28%,DNAH7;DNAH1;DNAAF6;DNAAF1;DNAAF11;DNAI2;DNAAF8;DNAH2;CCDC40;DNAAF2;DNAI3
KBTBD11,GO_Biological_Process_2023,prerank,Sphingolipid Catabolic Process (GO:0030149),-0.40148161573480295,-0.7869189098586802,0.7855787476280834,1.0,1.0,10/15,27.74%,SMPD1;SMPD3;SMPD4;ACER3;SGPL1;SPHK1;PPT1;SMPDL3A;ACER2;ASAH1
KBTBD11,GO_Biological_Process_2023,prerank,Oligodendrocyte Development (GO:0014003),0.39608430071436834,0.7866693923126385,0.7612903225806451,1.0,1.0,7/16,17.17%,GPM6B;EIF2B4;ZNF488;EIF2B2;B4GALT6;CNTNAP1;PLP1
KBTBD11,GO_Biological_Process_2023,prerank,Long-Chain fatty-acyl-CoA Metabolic Process (GO:0035336),0.3573635818408619,0.7865917853000997,0.8053097345132744,1.0,1.0,8/23,17.11%,ACSL5;HSD17B12;ELOVL5;ACSL4;ELOVL3;DGAT1;ACSBG1;FAR1
KBTBD11,GO_Biological_Process_2023,prerank,tRNA Processing (GO:0008033),0.3059569845588404,0.7865526098942569,0.9118942731277533,1.0,1.0,18/49,22.97%,FAM98B;KTI12;ELP5;SSB;TRPT1;FTSJ1;TRDMT1;RPP21;RTCB;POP7;POP1;ELAC1;TSEN2;TRMT9B;DTWD2;PUS3;NSUN2;SARS1
KBTBD11,GO_Biological_Process_2023,prerank,Regulation Of Epithelial Cell Proliferation (GO:0050678),-0.28759855237003823,-0.7860223711098648,0.9292364990689013,1.0,1.0,18/91,16.52%,FUT2;PAX2;TGFA;TIE1;FGF9;TGFB2;NME2;RAB33B;UHRF1;NOD2;SGPP2;RUNX3;NLRC3;C5AR1;MAGED1;YAP1;GPX1;BMP6
KBTBD11,GO_Biological_Process_2023,prerank,Mitochondrion Disassembly (GO:0061726),-0.33316750999806344,-0.7859856958368443,0.8345588235294118,1.0,1.0,12/36,19.36%,SQSTM1;FUNDC1;GABARAPL2;ATG9A;GABARAP;SNX33;CTSK;ATG9B;USP30;WDR45B;PRKN;ATG2B
KBTBD11,GO_Biological_Process_2023,prerank,Histone H2A Acetylation (GO:0043968),-0.3758826849376937,-0.7859800849844844,0.7868852459016393,1.0,1.0,5/20,11.96%,NAA40;KAT5;MORF4L2;YEATS4;RUVBL1
KBTBD11,GO_Biological_Process_2023,prerank,DNA Replication (GO:0006260),-0.3000391642627028,-0.7858887151409715,0.8865248226950354,1.0,1.0,30/73,24.05%,POLL;DONSON;ORC3;CDK2;TOP1MT;STON1;FAM111B;RNASEH2A;UPF1;RPA1;HELB;WRN;POLE2;CHRAC1;MCM6;POLD1;MCMBP;GRWD1;RECQL5;POLDIP2;POLD2;RFC5;POLG2;MCM2;TICRR;TOP1;PTMS;TBRG1;POLE3;NT5M
KBTBD11,GO_Biological_Process_2023,prerank,Positive Regulation Of Cilium Assembly (GO:0045724),0.36418162876810894,0.7853719633035484,0.806,1.0,1.0,11/22,23.70%,CCDC88A;SAXO1;SEPTIN7;ARHGAP35;GSK3B;CEP120;ENTR1;PPP1R35;WRAP73;IFT88;FUZ
KBTBD11,GO_Biological_Process_2023,prerank,Positive Regulation Of Epidermal Cell Differentiation (GO:0045606),-0.38618323427734247,-0.7850272702924525,0.7893772893772893,1.0,1.0,5/18,21.30%,KDF1;NME2;ETV4;SFN;NUMA1
KBTBD11,GO_Biological_Process_2023,prerank,Skeletal Muscle Organ Development (GO:0060538),-0.33873742277780244,-0.7842876583661238,0.8566037735849057,1.0,1.0,6/35,11.01%,MYOZ2;MYF6;FOXL2;IGSF8;POPDC2;SIX1
KBTBD11,GO_Biological_Process_2023,prerank,Regulation Of Interleukin-1 Production (GO:0032652),-0.39662852974229074,-0.7842826475490632,0.7711711711711712,1.0,1.0,4/16,20.00%,NLRP12;F2R;GAS6;SIRPA
KBTBD11,GO_Biological_Process_2023,prerank,DNA-templated DNA Replication Maintenance Of Fidelity (GO:0045005),0.31297953639903947,0.7842811989759072,0.8609865470852018,1.0,1.0,20/43,26.72%,MUS81;FAM111A;MMS22L;EME2;CAMSAP3;OOEP;BLM;GEN1;ZRANB3;NUCKS1;THOC1;ASF1A;TRAIP;POLE;MCM8;CENPX;RAD51;ATR;ATRX;PRIMPOL
KBTBD11,GO_Biological_Process_2023,prerank,Negative Regulation Of Carbohydrate Metabolic Process (GO:0045912),-0.34906096028704126,-0.7841254448189243,0.8375912408759124,1.0,1.0,15/30,26.65%,SIRT6;CRY1;AP2A1;NCOR1;HDAC4;EP300;GSK3A;CLK2;TGFB1;PPARA;USP7;GCK;GIT1;PGPEP1;SIK1
KBTBD11,GO_Biological_Process_2023,prerank,Heme Biosynthetic Process (GO:0006783),0.3772465443426021,0.7839317695709493,0.76875,1.0,1.0,8/19,24.41%,FECH;ALAS1;COX15;UROS;ALAS2;HMBS;SLC25A38;FLVCR1
KBTBD11,GO_Biological_Process_2023,prerank,Double-Strand Break Repair Via Nonhomologous End Joining (GO:0006303),-0.3253549821013235,-0.7836902127570493,0.833922261484099,1.0,1.0,13/41,18.27%,POLL;XRCC6;ATP23;MRE11;XRCC5;SMARCAL1;SMC5;HMGB2;UVRAG;TP53BP1;PSMD14;IFFO1;RNF168
KBTBD11,GO_Biological_Process_2023,prerank,Negative Regulation Of Platelet Activation (GO:0010544),0.39613742958472725,0.7833563863029221,0.7658643326039387,1.0,1.0,7/15,17.63%,NOS3;ALOX12;SERPINE2;CEACAM1;PRKG1;PDGFB;PRKCD
KBTBD11,GO_Biological_Process_2023,prerank,Mitochondrial Gene Expression (GO:0140053),-0.2803445709416296,-0.7833519273519378,0.9725557461406518,1.0,1.0,44/103,26.33%,MRPL53;MRPL35;FASTKD5;MRPS18C;HARS1;MRPL39;MRPL21;CHCHD1;MRPL46;TFB2M;TBRG4;MRPL36;GATC;MRPS15;MRPS12;MRPS34;MRPS27;MRPL4;MRPS6;MRPL38;MRPL44;LARS2;MRPL42;MRPL40;MRPS10;MRPL58;MRPL19;NDUFA7;MRPS16;MRPL11;SLC25A33;MRPL18;QRSL1;IARS2;GADD45GIP1;MRPL23;FASTKD1;MRPS33;MRPL16;MRPL54;MRPL27;MRPL14;MRPS25;MRPL10
KBTBD11,GO_Biological_Process_2023,prerank,Positive Regulation Of Cysteine-Type Endopeptidase Activity Involved In Apoptotic Process (GO:0043280),-0.27889496817168247,-0.7831566644973346,0.9676840215439856,1.0,1.0,36/109,24.77%,KHDC1L;CASP9;FOXL2;SIRT1;GPER1;NLRP12;MUL1;COL4A3;LCK;HIP1R;BAX;RACK1;PDCD2;MAPT;BCL10;BCL2L10;NDUFA13;BEX3;DAP;SORD;GSN;CASC2;F2R;BID;PDCD6;CTSD;SNCA;CARD8;SOX7;NLRC4;FAS;DDX3X;NLRP1;RPS3;LGALS9;PPM1F
KBTBD11,GO_Biological_Process_2023,prerank,Striated Muscle Cell Differentiation (GO:0051146),-0.3758652066247186,-0.7830264472966035,0.8158844765342961,1.0,1.0,10/20,21.15%,SIRT6;MYOCD;BMP2;POPDC2;ASB2;MTLN;MEF2C;CBY1;SORT1;PLD3
KBTBD11,GO_Biological_Process_2023,prerank,Regulation Of Mitotic Metaphase/Anaphase Transition (GO:0030071),0.30913170787886185,0.7830135426091615,0.9008620689655172,1.0,1.0,17/49,14.27%,DPF2;DUSP1;BRD7;ACTL6A;NEK6;SMARCC2;NSMCE2;SMARCB1;SMARCD1;ANAPC5;BCL7A;CDK5RAP2;CDC6;FBXO5;RB1;ANAPC15;SMARCA4
KBTBD11,GO_Biological_Process_2023,prerank,Activation Of Phospholipase C Activity (GO:0007202),0.3463343352739302,0.7829932514313307,0.8088235294117647,1.0,1.0,6/27,17.42%,AVPR1B;ARHGAP6;LPAR1;P2RY6;EGFR;NMUR1
KBTBD11,GO_Biological_Process_2023,prerank,Regulation Of Insulin Receptor Signaling Pathway (GO:0046626),0.3190855025738763,0.7829672955030028,0.8702460850111857,1.0,1.0,15/44,18.11%,PTPN1;PID1;SORBS1;ERFE;C1QTNF12;SLC27A4;GRB14;IRS1;PIP4K2C;PTPN11;KANK1;NUCKS1;PRKCD;TNS2;PTPRE
KBTBD11,GO_Biological_Process_2023,prerank,Response To Type II Interferon (GO:0034341),-0.293236134101857,-0.7828699395590507,0.9205776173285198,1.0,1.0,17/78,20.30%,IL23R;CCL25;XCL1;IRF8;HLA-DPA1;AQP4;PDE12;GCH1;GAPDH;CITED1;CD74;TDGF1;BST2;CD47;SLC26A6;SIRPA;SNCA
KBTBD11,GO_Biological_Process_2023,prerank,Response To Molecule Of Bacterial Origin (GO:0002237),-0.29867846828591604,-0.7826486299152104,0.9099437148217636,1.0,1.0,19/69,18.78%,LY96;IL23R;CXCL2;NOS2;LIAS;SMAD6;PALM3;TAB2;GCH1;INAVA;CITED1;CPS1;NOCT;HMGB2;MAPKAPK3;NOS1;F2R;IFNAR1;PELI1
KBTBD11,GO_Biological_Process_2023,prerank,Protein Dephosphorylation (GO:0006470),-0.27234030078222965,-0.7821939444758143,0.9773519163763066,1.0,1.0,46/122,24.81%,PTPRH;PPM1K;PPP3CC;PPM1E;PPP5C;PTPRT;PTPN7;PTPN3;NCK1;PPP1R15A;DUSP26;DUSP22;PPP1CB;PTPN9;SSH1;MTMR6;PTPRA;PDP2;PPEF1;PPP1CC;PTPRO;STK11;PHPT1;PPM1M;PPM1H;DUSP18;CTDP1;PGAM5;PTPRJ;PTPN13;MTMR4;TPTE;PPP1CA;PTPRZ1;PPP2R5D;PPTC7;DUSP3;PTPN2;PTEN;CTTNBP2NL;PPP1R15B;PPM1A;PPP2CA;PPP3R1;PPM1F;PTPN12
KBTBD11,GO_Biological_Process_2023,prerank,Ventricular Septum Development (GO:0003281),-0.3318598984821537,-0.7820996895014086,0.8393194706994329,1.0,1.0,13/37,20.68%,DAND5;GJA5;BMPR2;GATA3;TGFB2;PDE2A;NOTCH1;TGFBR2;SOX4;ZFPM2;CITED2;SMAD4;HES1
KBTBD11,GO_Biological_Process_2023,prerank,Negative Regulation Of Fatty Acid Metabolic Process (GO:0045922),0.3718570724590282,0.7820845026937798,0.8047210300429185,1.0,1.0,6/19,13.92%,UGT1A8;SOX9;SIRT4;ERLIN2;CEACAM1;KLHL25
KBTBD11,GO_Biological_Process_2023,prerank,Generation Of Neurons (GO:0048699),-0.26475597285540814,-0.7819966115216526,0.991304347826087,1.0,1.0,42/171,20.44%,RNF112;NOTO;OTP;WNT2B;WNT4;LRP4;FGF8;FZD1;NTRK2;TGFB2;ARTN;IRX1;WNT3;TAFA1;NGRN;BRSK1;SIX1;RUNX3;USP9X;RACGAP1;PIN1;MAPT;IER2;SEMA3A;DDIT4;PAFAH1B1;SH3RF1;AUTS2;NIF3L1;EMX1;NEO1;PALS1;RAPGEF2;BRSK2;CDKL5;EML1;MEF2C;KIAA0319;THOC2;CDK5;PCSK9;GPM6A
KBTBD11,GO_Biological_Process_2023,prerank,Protein Modification By Small Protein Removal (GO:0070646),0.2757049536341371,0.7818807182939479,0.9802631578947368,1.0,1.0,37/98,25.08%,USP18;USP8;USP13;COPS5;TNFAIP3;OTUD4;USP37;USP51;USP27X;SENP3;USP1;USP45;SENP5;VCPIP1;UCHL5;USP46;USP35;USP11;USP40;USP20;UCHL3;JOSD2;SENP8;DESI1;USP48;ZRANB1;USP32;USP15;SUMO1;USP42;SENP6;OTULINL;JOSD1;COPS8;USP9Y;USP4;STAMBP
KBTBD11,GO_Biological_Process_2023,prerank,Regulation Of Multicellular Organismal Development (GO:2000026),0.29675218053250496,0.7818300375276916,0.9292035398230089,1.0,1.0,18/59,17.64%,TNN;GFI1B;SPAAR;GBX2;MBIP;DR1;KAT2B;SGF29;RAB14;RUVBL2;MCRS1;UCHL5;MEAF6;KAT2A;MYSM1;HPSE;WDR5;SCX
KBTBD11,GO_Biological_Process_2023,prerank,Embryonic Limb Morphogenesis (GO:0030326),0.32621864958757646,0.7815287468919229,0.875268817204301,1.0,1.0,16/34,28.82%,TWIST1;SALL1;CTNNB1;SKI;HDAC2;WDPCP;CACNA1C;OXSR1;HDAC1;GLI3;RARG;FBXW4;NIPBL;PTCH1;CREBBP;MBNL1
KBTBD11,GO_Biological_Process_2023,prerank,Negative Regulation Of Peptide Hormone Secretion (GO:0090278),0.3772276256482649,0.781312031923134,0.7913223140495868,1.0,1.0,6/18,12.91%,BMP8A;CHGA;SIRT4;FOXO1;REST;IRS1
KBTBD11,GO_Biological_Process_2023,prerank,Neutrophil Activation (GO:0042119),0.3754784071263342,0.7812488680775249,0.7914110429447853,1.0,1.0,5/18,24.21%,FCER1G;PRKCD;KMT2E;CXCL6;IL15
KBTBD11,GO_Biological_Process_2023,prerank,Positive Regulation Of Developmental Process (GO:0051094),0.24975677549070352,0.7812015721229314,1.0,1.0,1.0,74/232,20.55%,NEURL1;BMP1;ISL1;DPF2;VIL1;SERPINF2;AKR1B1;DLG4;LLPH;MAD2L2;DVL2;BRD7;ESRRB;RELN;DDHD1;LHX1;SYDE1;ZDHHC15;VLDLR;LCP1;SOX9;ACTL6A;SMARCC2;FZD4;SF3B3;SOX6;CLASP2;SMARCB1;REST;SMARCD1;NR2C2;RTN4;GSK3B;CORO1C;UTP25;BCL7A;ZNF268;KMT5B;ELAPOR2;FBXO5;DNM1L;ARID4A;PHLDB1;ACVR1;SMARCA4;VEGFA;CTNNB1;TFRC;TNXB;MCU;BMP7;WNT5A;SHLD1;HDAC2;BICRA;MIEF2;SMURF2;PLCB1;PDGFB;NIBAN2;SCX;KDR;RBBP4;COBL;PINK1;CAMK2B;LEP;SHLD2;AURKA;TLE6;BASP1;ENPP2;INSR;RPS6KA1
KBTBD11,GO_Biological_Process_2023,prerank,High-Density Lipoprotein Particle Remodeling (GO:0034375),-0.40333172971103515,-0.7811010310186232,0.7765151515151515,1.0,1.0,7/15,21.74%,APOM;LIPG;APOE;PLTP;ABCG1;APOC1;SCARB1
KBTBD11,GO_Biological_Process_2023,prerank,Regulation Of G2/M Transition Of Mitotic Cell Cycle (GO:0010389),0.3240612569946327,0.7809728985544824,0.8542141230068337,1.0,1.0,8/35,15.31%,CDK3;TNFSF13B;FHL1;RRM1;CDC7;FBXO5;AVEN;RRM2B
KBTBD11,GO_Biological_Process_2023,prerank,Positive Regulation Of Glucose Transmembrane Transport (GO:0010828),0.3394927285308016,0.7809357095613987,0.7990654205607477,1.0,1.0,15/31,22.89%,PIK3R1;SORBS1;ERFE;C2CD5;C1QTNF12;IRS1;PRKCI;PTPN11;CREBL2;IGF1;AKT1;INSR;CAPN10;C3;CLIP3
KBTBD11,GO_Biological_Process_2023,prerank,Positive Regulation Of Ras Protein Signal Transduction (GO:0046579),-0.3105440836313891,-0.7806387521149613,0.8741258741258742,1.0,1.0,12/51,16.23%,GPR20;F2RL2;NTRK1;STK19;MMD2;MAP4K4;P2RY8;NOTCH1;AKAP13;AUTS2;RASGRP4;LPAR6
KBTBD11,GO_Biological_Process_2023,prerank,Regulation Of Transcription By RNA Polymerase I (GO:0006356),0.3346801513283234,0.7803881557284001,0.8505494505494505,1.0,1.0,14/31,26.03%,HEATR1;SF3B1;ASIC2;LYAR;DEK;FLNA;BAZ2A;UBTF;DHX33;EIF2AK3;UTP15;BEND3;WDR43;BAZ1B
KBTBD11,GO_Biological_Process_2023,prerank,Regulation Of Nitric Oxide Biosynthetic Process (GO:0045428),-0.325422060346077,-0.7803162750027055,0.8766114180478821,1.0,1.0,9/39,20.00%,AGXT2;ASS1;ZC3H12A;PKD2;KHSRP;ROCK2;CD47;P2RX4;SIRPA
KBTBD11,GO_Biological_Process_2023,prerank,Peptidyl-Serine Phosphorylation (GO:0018105),-0.26523439397383497,-0.7801445808059188,0.9805309734513274,1.0,1.0,52/158,21.99%,HIPK4;CSNK1A1;MAP3K13;MAPK12;SRPK1;DMPK;STK32B;DYRK4;PKN2;PRKX;LRRK2;CDK2;BRSK1;DCLK3;TTBK2;PRKCZ;CAMK1;PBK;WNK1;MKNK1;STK32C;TGFBR2;MAST1;CSNK2A1;PRKCB;MAP3K12;STK32A;PRKCE;TTK;TDGF1;MAPKAPK3;PRKCG;MAP3K20;CSNK2A2;VRK2;ROCK2;CHUK;MASTL;PKN3;GAS6;CAB39;MKNK2;CDK5;MAST2;STK38;MAP2K2;HIPK1;DGKQ;PIKFYVE;MAST3;PNCK;TOP1
KBTBD11,GO_Biological_Process_2023,prerank,Activation Of GTPase Activity (GO:0090630),0.27229044739526187,0.7798351047257489,0.9812646370023419,1.0,1.0,28/99,15.32%,RASGRF1;SIPA1;MTSS2;GRTP1;EPHA1;SYDE1;ARHGEF5;SLC27A4;SCRIB;RALGAPA2;TBC1D17;AGAP4;CCDC125;RASGRP1;ARHGEF10;TBC1D8;TBC1D1;TBC1D12;BCAS3;CORO1C;TBC1D13;TBC1D30;ARHGAP25;TAX1BP3;AGAP9;ARHGEF16;PIP5K1A;TBC1D10A
KBTBD11,GO_Biological_Process_2023,prerank,Positive Regulation Of Transcription By RNA Polymerase I (GO:0045943),0.32772619309561507,0.779646988495383,0.8553191489361702,1.0,1.0,8/33,14.27%,HEATR1;SF3B1;ASIC2;LYAR;SMARCB1;MARS1;DEK;SMARCA4
KBTBD11,GO_Biological_Process_2023,prerank,Cellular Response To Interleukin-1 (GO:0071347),0.2860053588512155,0.7794029856827974,0.9377682403433476,1.0,1.0,16/79,17.08%,MAPK11;NLRP7;SPAM1;NKX3-1;MAPK13;NR1D1;SOX9;HYAL1;IKBKB;NFKB1;CD40;MYLK3;MAP3K7;HAS2;RPS6KA5;PLCB1
KBTBD11,GO_Biological_Process_2023,prerank,Oxidative Phosphorylation (GO:0006119),-0.30684004227194356,-0.7791304643786866,0.9168207024029574,1.0,1.0,24/60,23.17%,NDUFB7;UQCRC2;NDUFV3;NDUFB10;UQCRB;ATP5MF;CHCHD10;NDUFB6;NIPSNAP2;NDUFA13;NDUFA5;ATP5PD;ATP5PB;NDUFB4;NDUFA8;SDHC;ATP5F1E;NDUFA7;ATP5F1D;UQCRH;NDUFS6;ATP5ME;SLC25A51;NDUFA9
KBTBD11,GO_Biological_Process_2023,prerank,Negative Regulation Of Cell Migration (GO:0030336),-0.2659933674992412,-0.778890174104188,0.9836065573770492,1.0,1.0,51/162,23.85%,TACSTD2;IGFBP3;TIMP1;CHRD;CDH11;ING2;MCTP1;SRGAP1;SINHCAF;PTPRT;AMH;LRP1;ARHGAP4;EMILIN1;PTPN23;SIN3B;ARPIN;ADAM15;DUSP22;MAPK15;DAG1;ZMYND8;OGT;CD74;DPEP1;JAG1;ENG;ADARB1;RAP2B;DNAI3;BST2;IGFBP5;PHLDB2;DAB2IP;PTPRJ;CITED2;TCAF1;RNF41;GTPBP4;RAP2A;SCAI;SAP30L;ARHGDIB;ATP1B2;CLASP1;STK26;DUSP3;PTEN;MCC;CLDN3;CDH1
KBTBD11,GO_Biological_Process_2023,prerank,Regulation Of Cilium Assembly (GO:1902017),0.2870694486924071,0.7783962869206319,0.9251700680272109,1.0,1.0,24/71,21.46%,CDK10;CCDC88A;SAXO1;DCDC2;RABEP2;TBC1D17;ATG5;TBC1D8;TBC1D1;GDI2;GSK3B;TBC1D19;TBC1D13;TBC1D30;CEP120;TBC1D10A;ENTR1;LIMK2;PPP1R35;WDPCP;TBC1D10B;DYNLT2B;KIF24;ODAD3
KBTBD11,GO_Biological_Process_2023,prerank,Negative Regulation Of Cell Communication (GO:0010648),-0.36521804955649295,-0.778392703205487,0.8311926605504587,1.0,1.0,4/22,8.12%,OPRM1;IGFBP3;NLRP12;HHIP
KBTBD11,GO_Biological_Process_2023,prerank,Ureteric Bud Development (GO:0001657),-0.37723994015657747,-0.7783741027525433,0.7980769230769231,1.0,1.0,4/18,13.79%,CER1;NPNT;SIX1;PKD2
KBTBD11,GO_Biological_Process_2023,prerank,Regulation Of Cellular Respiration (GO:0043457),-0.3884454300051575,-0.7781979356030583,0.7963636363636364,1.0,1.0,7/16,23.63%,NOS2;IDE;ARL2;IFNAR1;SHMT2;PRDM16;NOP53
KBTBD11,GO_Biological_Process_2023,prerank,Positive Regulation Of Stress-Activated Protein Kinase Signaling Cascade (GO:0070304),-0.3769716589325188,-0.7781297380258196,0.8211538461538461,1.0,1.0,6/18,13.84%,TGFB2;TAOK3;LYN;NOD2;INAVA;PDCD10
KBTBD11,GO_Biological_Process_2023,prerank,"Negative Regulation Of Gene Expression, Epigenetic (GO:0045814)",-0.30675300788974025,-0.777854271368379,0.8842676311030742,1.0,1.0,13/50,16.61%,SDR16C5;SIRT6;SIRT1;INSL6;L3MBTL1;UHRF1;LMNA;BMI1;CBX3;SMARCA5;CREBZF;ZNF445;EZH1
KBTBD11,GO_Biological_Process_2023,prerank,Regulation Of Interleukin-17 Production (GO:0032660),-0.3369821833270212,-0.7774859388033196,0.8018518518518518,1.0,1.0,5/34,10.36%,IL23R;NR1H4;VSIR;FOXP3;NOD2
KBTBD11,GO_Biological_Process_2023,prerank,Maintenance Of Blood-Brain Barrier (GO:0035633),0.3388744385641334,0.776975731506126,0.8135593220338984,1.0,1.0,5/29,13.24%,IL6;ITGB1;LSR;WNK3;TJP3
KBTBD11,GO_Biological_Process_2023,prerank,Negative Regulation Of Binding (GO:0051100),0.28127495078830933,0.7763551717153979,0.9446902654867256,1.0,1.0,24/86,19.68%,DKK1;SYMPK;EFHB;PARK7;DNAJB2;TTBK1;CYP2D7;TMBIM6;CPNE1;GSK3B;ROCK1;DACT1;GNL3L;AURKB;CAV1;JUN;PDGFB;HMGA2;PRKCD;KDM1A;DISC1;AURKA;SP100;AKT1
KBTBD11,GO_Biological_Process_2023,prerank,"Positive Regulation Of Synaptic Transmission, Glutamatergic (GO:0051968)",-0.36576255370741406,-0.7762026836607917,0.8268551236749117,1.0,1.0,9/22,20.48%,CACNG4;GRIN2A;CACNG5;GRIN2D;PTK2B;CACNG7;CACNG8;NLGN3;GRIN2B
KBTBD11,GO_Biological_Process_2023,prerank,Positive Regulation Of Transmembrane Transport (GO:0034764),0.3957208090729474,0.7761155795045265,0.797938144329897,1.0,1.0,7/15,24.07%,ACSL5;C2CD5;AZIN2;ANO6;C3;CLIP3;CA2
KBTBD11,GO_Biological_Process_2023,prerank,Regulation Of Wnt Signaling Pathway (GO:0030111),0.27025886262424637,0.7760393910932972,0.9707317073170731,1.0,1.0,23/107,15.81%,DKK1;TLR2;LGR6;RSPO3;SULF1;NXN;FAM53B;TNFAIP3;TMEM237;SALL1;DCDC2;ATP6V0C;TRABD2A;FGFR2;GSKIP;TAX1BP3;GPI;SMARCA4;TCF7L1;DACT1;KANK1;SKI;FRZB
KBTBD11,GO_Biological_Process_2023,prerank,Lamellipodium Assembly (GO:0030032),-0.35433182549939046,-0.7759620056220011,0.8181818181818182,1.0,1.0,8/25,18.75%,ABLIM3;ARHGEF4;ARFIP2;ABLIM2;GOLPH3;SPATA13;PTPRO;CDH13
KBTBD11,GO_Biological_Process_2023,prerank,Monoatomic Cation Homeostasis (GO:0055080),0.2811862445547611,0.7758915381053787,0.9565217391304348,1.0,1.0,20/77,18.50%,CYP4F12;KCNA1;TRPV5;HJV;SLC11A1;CNNM2;SLC12A1;CNNM4;ITPR3;LETM1;SELENON;CUTC;TESMIN;KCNH2;SLC8A1;CAV1;SCNN1B;SLC9B2;ATP13A2;GRIN1
KBTBD11,GO_Biological_Process_2023,prerank,Positive Regulation Of Proteasomal Ubiquitin-Dependent Protein Catabolic Process (GO:0032436),-0.28991616945066534,-0.7758704464312665,0.9283216783216783,1.0,1.0,36/83,26.91%,CSNK1A1;SIRT6;TRIB3;LRRK2;CDC20;RNF180;CEBPA;HERPUD1;RACK1;PIAS1;PSMD10;GABARAP;HSPBP1;RNF144B;SH3RF1;ELOB;GSK3A;SH3RF2;DAB2;PRKN;RCHY1;PLK3;HECTD1;DVL1;PRICKLE1;NOP53;RNF19B;ARIH1;BBS7;AXIN1;USP5;FZR1;VCP;CSNK1E;STUB1;RNF14
KBTBD11,GO_Biological_Process_2023,prerank,Regulation Of Muscle Cell Differentiation (GO:0051147),-0.35602324596766133,-0.7757188862371452,0.8246268656716418,1.0,1.0,4/24,10.47%,MAPK12;MYOCD;ZBED6;SRF
KBTBD11,GO_Biological_Process_2023,prerank,Glycoprotein Biosynthetic Process (GO:0009101),-0.289680739488304,-0.7757131286349255,0.9260628465804066,1.0,1.0,25/78,20.89%,ST3GAL5;FUT2;ST6GALNAC1;BMPR2;ALG10B;B3GALT5;CANT1;ST8SIA1;GOLPH3;NPC1;ST8SIA3;B3GALT2;XYLT1;DAD1;ST3GAL6;GAL3ST3;ALG1;ST3GAL1;TMEM106A;ST3GAL4;PDCD6;B4GALT7;B3GALT6;MGAT4A;CHST13
KBTBD11,GO_Biological_Process_2023,prerank,Positive Regulation Of Nitric-Oxide Synthase Activity (GO:0051000),0.38834339212552565,0.7757069393612157,0.8,1.0,1.0,1/16,0.47%,NPR3
KBTBD11,GO_Biological_Process_2023,prerank,Chromatin Remodeling (GO:0006338),-0.25644466947518124,-0.7756260662398805,1.0,1.0,1.0,79/226,24.49%,NPM3;PADI2;PARP2;EZHIP;MTHFR;MTF2;MTA3;ACTR5;DPF3;FOXP3;NPM2;KAT5;SMARCD3;CTCF;SMARCD2;DPF1;PWWP2B;HPF1;KDM5B;YEATS4;RUVBL1;BRDT;CHD4;BRPF1;RNF2;BCL7C;BMI1;CBX3;SETD7;PIH1D1;SMARCA5;DDX21;SATB1;DEPDC1B;PCGF1;PAK1;HDAC4;BRD9;RSF1;ARID1A;GPX1;HNRNPC;ACTL6B;SMARCA2;EZH1;KDM2B;HDGFL3;SKP1;PAXIP1;SMARCE1;CHD3;CHRAC1;HCFC2;MTA2;RNF168;SMARCC1;YEATS2;SIRT7;TADA2B;CFDP1;ZBTB7A;WAC;INO80;MTA1;KDM5A;INO80C;TOP1;ZNF274;ARID1B;MBD2;HDGF;PRDM16;PHB1;CHD2;POLE3;LOXL2;CHTOP;PCID2;IFI16
KBTBD11,GO_Biological_Process_2023,prerank,Cardiac Atrium Morphogenesis (GO:0003209),0.38258442202260745,0.7754887181281006,0.7913832199546486,1.0,1.0,3/18,5.72%,DLL4;ISL1;MESP1
KBTBD11,GO_Biological_Process_2023,prerank,Regulation Of Small GTPase Mediated Signal Transduction (GO:0051056),-0.2761567183419506,-0.7751119476294951,0.9616055846422339,1.0,1.0,36/118,23.87%,GMIP;SRC;SQSTM1;MRAP;ARHGAP40;ARHGEF4;CD2AP;ARHGAP30;STARD13;ARHGAP4;ARHGEF15;RACGAP1;ARHGAP28;ARHGAP45;ARHGEF28;ARHGEF25;FAM13B;AKAP13;SPATA13;NUP62;ARHGAP44;BCR;FGD5;ARHGAP5;ARHGAP26;ARHGAP27;PLCE1;CGNL1;ARHGAP18;ARHGAP32;CHN1;ARHGEF9;ARHGAP9;TGM2;DNMBP;ARHGEF19
KBTBD11,GO_Biological_Process_2023,prerank,RNA Destabilization (GO:0050779),-0.3772837054795327,-0.7750340918476447,0.7868852459016393,1.0,1.0,8/19,18.29%,DXO;FTO;GIGYF2;RBM27;YTHDF3;RIDA;FXR1;ROCK2
KBTBD11,GO_Biological_Process_2023,prerank,Cardiac Muscle Cell Differentiation (GO:0055007),0.34630326873408057,0.774800565097074,0.8294930875576036,1.0,1.0,8/27,16.52%,GREM1;ALPK2;KDM6B;MESP1;MYH11;SLC8A1;VEGFA;LRRC27
KBTBD11,GO_Biological_Process_2023,prerank,Translation (GO:0006412),-0.25419329240561156,-0.7747731729216967,0.9982964224872232,1.0,1.0,108/232,28.08%,MRPL53;MRPL35;MRPS18C;HARS1;GSPT1;ZAR1L;EEF1D;EIF5A2;MRPL39;MRPL21;CHCHD1;MRPL46;RPL37;ABCF1;MRPL36;GATC;RACK1;MRPS15;IARS1;MRPS12;MARS2;RPSA;RPL3L;MRPS34;MRRF;MRPS27;MRPL4;FARS2;GTPBP2;RPL22;MRPS6;RPL3;RPL6;MRPL38;RPS13;QARS1;RPS19;RPL41;EIF5A;MRPL44;RPL28;RPS2;LARS2;MRPL42;RPL38;RPS6KB2;GSPT2;MRPL40;MRPS10;RPL18A;RPLP1;RPL30;MRPL58;MRPL19;NDUFA7;RPL29;MRPS16;EIF5AL1;MRPL11;AURKAIP1;RPL34;RPS9;GARS1;MRPL18;RPL19;QRSL1;IARS2;RPS27A;GADD45GIP1;RWDD1;RPL26L1;MRPL23;EEF2;RPS5;RPL21;RPL13;RPS3;RPS14;MRPS33;RPS20;MRPL16;LARS1;MRPL54;VARS1;MRPL27;RPS15A;MRPL14;MRPS25;RPL8;NARS1;ETF1;RPS27;MRPL10;GTPBP1;RPS15;RPL18;RPS25;SRBD1;RPL35;RPL9;RARS1;MRPS26;RPLP0;RPL7;RPS16;DHPS;RPL24;RPS21
KBTBD11,GO_Biological_Process_2023,prerank,Vasculogenesis (GO:0001570),0.32652075685724746,0.7746610903753933,0.8755274261603375,1.0,1.0,11/33,22.14%,SOX18;RAMP2;EGFL7;SPRED1;VEGFA;HAS2;CAV1;ITGB8;KDR;TGFBR3;TBX6
KBTBD11,GO_Biological_Process_2023,prerank,DNA Damage Response (GO:0006974),-0.24488330402517114,-0.774572590371,1.0,1.0,1.0,124/384,22.07%,CCDC13;PARP2;HMCES;CASP9;MAPK12;ANKLE1;ING2;SIRT1;INSL6;CRY1;KAT5;HINFP;CHEK2;TAOK3;SPATA18;ZDHHC16;NRDE2;MMS19;KMT5C;LYN;NEK4;BRSK1;NSMCE3;RAD51B;ALKBH7;PPP1R15A;CHRNA4;MGMT;RAD9A;HPF1;ZBTB4;MRPL36;BAX;INIP;RBBP5;SHPRH;MRE11;NSMCE4A;MAPK15;MAPT;ZC3H12A;BARD1;CBX3;SETD7;XRCC5;RAD50;IER3;SMARCA5;NABP2;TP53;NSMCE1;DEPDC1B;FBXO6;IKBKG;PAK1;SMARCAL1;SMC5;USP10;YAP1;BABAM2;UPF1;BCL2L1;UVRAG;DOT1L;BCL2L10;RPA1;HELB;WRN;SPINDOC;ENDOV;POLE2;OGG1;MCM10;BCL3;TIMELESS;APEX1;TP53BP1;ERCC3;HUS1;MUTYH;SFN;STK11;CIDEB;FANCC;DDB1;BCL6;XPA;ENDOG;POLD1;RNF168;BID;MASTL;STXBP4;NCOA6;ASH2L;RECQL5;E2F1;SIRT7;BAK1;USP28;PDS5A;MRNIP;CEP63;APBB1;SMC1A;CUL4B;RMI2;HROB;RFC5;XRCC3;FANCA;WAC;ETAA1;INO80;GTF2H1;MNAT1;MEN1;TICRR;SPDYA;PLK3;XRCC2;CUL4A;GRB2;GNL1
KBTBD11,GO_Biological_Process_2023,prerank,Acylglycerol Homeostasis (GO:0055090),-0.35931654898781856,-0.774505841185825,0.8173258003766478,1.0,1.0,4/24,12.90%,GCKR;ANGPTL3;APOE;MTLN
KBTBD11,GO_Biological_Process_2023,prerank,Regulation Of Intracellular Protein Transport (GO:0033157),-0.32757841064609294,-0.7744498618652883,0.8506375227686703,1.0,1.0,13/36,22.57%,RIPOR1;IFI27;PCNT;PDCD10;B3GAT3;FRAT1;CEP290;SIRT7;TENM1;TGFB1;PLK3;VAMP2;OAZ2
KBTBD11,GO_Biological_Process_2023,prerank,Establishment Of Protein Localization To Organelle (GO:0072594),0.2807137133296228,0.7743996919194805,0.9479638009049773,1.0,1.0,28/84,19.68%,TSPAN10;NPAP1;NUP153;FAM53A;HK2;FAM53B;ZDHHC15;RPAIN;TPR;SCRIB;E2F3;NXT1;NUP98;PTTG1IP;TSPAN17;KPNA3;NUTF2;IPO11;IPO9;NUP50;LAMP1;KPNA5;NUP93;PINK1;RANGRF;IPO7;TNPO1;AKT1
KBTBD11,GO_Biological_Process_2023,prerank,Muscle Tissue Development (GO:0060537),-0.32776242119408383,-0.7740358960371612,0.8417132216014898,1.0,1.0,8/37,14.09%,MYOZ2;MYF6;IGSF8;POPDC2;PGM5;SIX1;CSRP1;ENG
KBTBD11,GO_Biological_Process_2023,prerank,Myeloid Cell Activation Involved In Immune Response (GO:0002275),-0.3803003476537168,-0.7739171302026341,0.7874762808349146,1.0,1.0,3/17,12.26%,ENPP3;SBNO2;MYO1C
KBTBD11,GO_Biological_Process_2023,prerank,Establishment Of Protein Localization To Extracellular Region (GO:0035592),-0.3139558360069982,-0.7738753131692597,0.8770949720670391,1.0,1.0,12/45,21.10%,PPY;MON1A;RAB3C;TMEM167A;MTTP;TANGO2;GOLPH3;TVP23C;ARFGAP3;RCAN3;RAB8B;MEN1
KBTBD11,GO_Biological_Process_2023,prerank,Regulation Of Histone Deacetylation (GO:0031063),-0.36528688314242047,-0.7738631212233318,0.7781954887218046,1.0,1.0,8/21,19.09%,FOXP3;ING2;SIRT1;SMARCA5;ZZZ3;RRP8;KAT14;YEATS2
KBTBD11,GO_Biological_Process_2023,prerank,Response To Calcium Ion (GO:0051592),-0.2798877656751104,-0.7737130060712911,0.950354609929078,1.0,1.0,33/105,22.65%,TRPV6;CPNE9;CALM2;SMPD1;ADD1;ITPKC;CALM3;RASGRP2;NEDD4;RASA4;KCNMB3;KCNIP2;KCNMB1;D2HGDH;CPNE2;CAPN3;PKD2;DPEP1;PEF1;SLC25A12;STIM1;PDCD6;SYT1;RYR2;SLC25A24;MEF2C;TTN;CACNA1A;SYT9;KCNMB2;ALOX15;SYT17;RYR1
KBTBD11,GO_Biological_Process_2023,prerank,Endocardial Cushion Development (GO:0003197),0.3522147871116258,0.7736625271784546,0.8111111111111111,1.0,1.0,7/23,17.20%,ISL1;NOS3;CRELD1;SOX9;HEYL;ADAMTS5;MDM4
KBTBD11,GO_Biological_Process_2023,prerank,Phosphatidylinositol Dephosphorylation (GO:0046856),-0.38299707299518015,-0.7733745408576614,0.8152380952380952,1.0,1.0,9/16,23.49%,SACM1L;PMPCA;MTMR6;INPP5J;INPP5B;PIP4P2;SYNJ2;MTMR1;PTEN
KBTBD11,GO_Biological_Process_2023,prerank,Negative Regulation Of Actin Filament Bundle Assembly (GO:0032232),0.3326090217251715,0.7733001779418042,0.8478260869565217,1.0,1.0,10/27,21.20%,RHPN1;PIK3R1;PAK2;ARHGAP6;CLASP2;DYNLL1;TMEFF2;PFN1;PPFIA1;ARHGEF18
KBTBD11,GO_Biological_Process_2023,prerank,DNA Metabolic Process (GO:0006259),0.24111098958169702,0.7730265318576047,1.0,1.0,1.0,72/288,16.52%,PARP3;PARP1;HUS1B;NABP1;PDS5B;RPA4;EID3;PARK7;MUS81;EXO1;RPA3;CHD1L;FAM111A;ORC4;MCM3;PURA;ALKBH3;TENT4A;DFFB;BTG2;RAD51D;ERCC5;ORC2;ORC6;ACTL6A;NEIL1;ADPRS;TRRAP;ZNF668;CHEK1;SMARCB1;TERF2;TCF7L2;DNA2;REXO4;POLH;PCLAF;UBE2A;POLB;RRM1;RECQL;TOP2B;HMGB3;KMT5B;CTC1;RAD18;DNASE2;POLD3;SMARCAD1;PWWP3A;ATM;RUVBL2;MCRS1;USP45;ZBTB1;TOPBP1;RFC4;ZNF827;BLM;UBE2B;UCHL5;UBE2N;GEN1;UBE2T;RRM2B;LIG4;ZRANB3;PRIM1;RFC3;RAG1;PARP4;DCTPP1
KBTBD11,GO_Biological_Process_2023,prerank,Cellular Response To Glucocorticoid Stimulus (GO:0071385),0.38119446065284346,0.7729135169590465,0.8065843621399177,1.0,1.0,7/17,24.05%,ISL1;BCL2L11;REST;HNRNPU;FAM107A;UBE2L3;ZFP36L2
KBTBD11,GO_Biological_Process_2023,prerank,Bicellular Tight Junction Assembly (GO:0070830),0.3046912031485337,0.7727809587593772,0.8893709327548807,1.0,1.0,12/46,21.43%,CLDN11;PAK2;CLDN23;RAMP2;MARVELD2;CLDN20;DLG1;CLDN4;CLDN34;CLDN5;STRN;MARVELD3
KBTBD11,GO_Biological_Process_2023,prerank,Regulation Of Type I Interferon-Mediated Signaling Pathway (GO:0060338),0.3335755610681258,0.7726832126353121,0.8581081081081081,1.0,1.0,12/33,19.32%,IKBKE;PTPN1;USP18;METTL3;NLRC5;TRIM6;USP27X;PTPN11;STAT2;WNT5A;PTPN6;TTLL12
KBTBD11,GO_Biological_Process_2023,prerank,Embryo Development Ending In Birth Or Egg Hatching (GO:0009792),-0.38193604757522814,-0.7725919719142527,0.8047882136279927,1.0,1.0,6/17,26.53%,RAI2;TGFB2;TDGF1;UBR3;FGFR1;USP22
KBTBD11,GO_Biological_Process_2023,prerank,Positive Regulation Of Chemotaxis (GO:0050921),-0.31622694921556954,-0.7721788348440136,0.8825831702544031,1.0,1.0,13/44,22.39%,F7;RARRES2;XCL1;PDGFRB;STX4;CDH13;MDK;PTN;P2RX4;NTRK3;TGFB1;ZNF580;DSCAM
KBTBD11,GO_Biological_Process_2023,prerank,Regulation Of Trans-Synaptic Signaling (GO:0099177),-0.32507149137117664,-0.7717060919606382,0.8654205607476636,1.0,1.0,19/36,29.36%,GRIN3B;NOL3;SLC4A8;GRIN3A;PXK;BCR;NLGN3;CDKL5;CACNA1A;GRID1;GRIK3;GRIA1;GRIA4;NLGN1;IQSEC2;LRP8;LRRC4C;FABP5;GRIK1
KBTBD11,GO_Biological_Process_2023,prerank,Protein Targeting To ER (GO:0045047),-0.35290268980675854,-0.7715605659938539,0.8214971209213052,1.0,1.0,8/23,17.50%,SRPRA;SGTB;ZFAND2A;CHMP4A;GET3;SPCS2;SEC62;MAN1A1
KBTBD11,GO_Biological_Process_2023,prerank,Sterol Transport (GO:0015918),-0.35194275776122935,-0.7714640893189931,0.8300180831826401,1.0,1.0,10/25,19.57%,NPC1L1;MSR1;ABCG8;STARD3NL;VAPA;OSBPL5;NPC1;STARD3;ARV1;OSBP
KBTBD11,GO_Biological_Process_2023,prerank,Positive Regulation Of Cell Death (GO:0010942),-0.30774634695071446,-0.7712217346381885,0.9074733096085409,1.0,1.0,14/50,20.48%,ITGB2;HBZ;NTRK1;ATG9A;LRRK2;ITGAM;MAPT;ATG9B;SLC6A6;MAP3K20;CIDEB;MARK4;SNCA;GRIN2B
KBTBD11,GO_Biological_Process_2023,prerank,Transforming Growth Factor Beta Receptor Signaling Pathway (GO:0007179),0.2864578997741243,0.7709660463730941,0.9430523917995444,1.0,1.0,30/72,23.27%,GDF10;LTBP2;LRRC32;HPGD;GDF5;EID2;APOA1;WFIKKN1;SMAD7;ITGB1;TGFB3;ZMIZ1;TWSG1;SMAD3;ITGB5;GPI;SKI;MAP3K7;ID1;JUN;CLDN5;TGFBR3;USP15;TGFBRAP1;APLP2;GDF15;ZMIZ2;BMPR1A;TGFBR1;COL1A2
KBTBD11,GO_Biological_Process_2023,prerank,Positive Regulation Of Phosphatidylinositol 3-Kinase Activity (GO:0043552),-0.3522652546442905,-0.7706263193107605,0.8073217726396917,1.0,1.0,12/26,26.05%,PTK2;PDGFRB;NOD2;PIK3R4;PTK2B;FGFR3;ATG14;TGFB1;TEK;AMBRA1;EPHA8;KIT
KBTBD11,GO_Biological_Process_2023,prerank,Inorganic Anion Transmembrane Transport (GO:0098661),-0.29734082237560555,-0.7704117665205751,0.9384057971014492,1.0,1.0,22/63,21.21%,SLC12A3;SLC26A9;GABRA3;CLCN3;GABRA4;SLC4A8;LRRC8A;SLC37A1;SLC25A11;CFTR;ANO9;SLC12A4;SLC37A4;GABRB3;SLC12A6;SLC26A2;APOL1;SLC25A10;GABRG3;SLC12A9;SLC12A8;SLC12A2
KBTBD11,GO_Biological_Process_2023,prerank,Negative Regulation Of NF-kappaB Transcription Factor Activity (GO:0032088),-0.2804609778686821,-0.7702565767723004,0.9653916211293261,1.0,1.0,28/81,21.54%,PYDC1;CDKN2A;PARP10;FOXP3;SIRT1;CHP1;NLRP12;LRRK2;RBCK1;NLRC3;PSMD10;ZC3H12A;NWD1;COMMD1;BCL3;DAP;CACTIN;SETD6;CHUK;DAB2IP;LRRC14;NFKBIB;PRMT2;CARD8;USP7;ARRB2;IRAK2;CYLD
KBTBD11,GO_Biological_Process_2023,prerank,Nucleosome Organization (GO:0034728),-0.29037377604956005,-0.7701208356531012,0.9431616341030196,1.0,1.0,22/75,19.81%,H2BC17;NAP1L2;SMARCD3;H4C9;SMARCD2;NAP1L3;HMGA1;SMARCA5;HAT1;KAT6B;HMGB2;H2AC25;RSF1;ARID1A;SMARCE1;CABIN1;CHRAC1;GRWD1;SMARCC1;H2BC9;CHAF1B;ASF1B
KBTBD11,GO_Biological_Process_2023,prerank,Rac Protein Signal Transduction (GO:0016601),0.37747152664539513,0.7700202861659987,0.8257080610021786,1.0,1.0,11/17,28.00%,NCKAP1;EPS8;FARP2;AIF1;CYFIP1;DBNL;BRK1;ELMO1;HACD3;HACE1;TIAM1
KBTBD11,GO_Biological_Process_2023,prerank,Intracellular Cholesterol Transport (GO:0032367),-0.3864980997589415,-0.7699737805301148,0.7771639042357275,1.0,1.0,7/16,23.70%,LRP6;NPC1;RELCH;ABCG1;OSBP;GUCY2C;OSBPL2
KBTBD11,GO_Biological_Process_2023,prerank,Double-Strand Break Repair (GO:0006302),-0.26284890558830803,-0.7697608430395945,0.9915254237288136,1.0,1.0,59/168,22.24%,POLL;PARP2;AP5S1;SIRT6;ANKLE1;ACTR5;KAT5;EXD2;CHEK2;TRIP13;PPP5C;NSMCE3;RAD51B;HPF1;XRCC6;MRPL36;SWSAP1;ATP23;INIP;CHD4;MRE11;NSMCE4A;ZMYND8;XRCC5;RAD50;NPC1;PALB2;NABP2;NSMCE1;DEPDC1B;UBE2V2;STON1;SMARCAL1;SMC5;HMGB2;BABAM2;RPA1;WRN;MPND;TP53BP1;HUS1;PSMD14;IFFO1;DDX1;RNF168;NSD2;CDCA5;RECQL5;RMI1;RMI2;TONSL;XRCC3;INO80;MTA1;MBTD1;EYA3;XRCC2;EME1;ZSWIM7
KBTBD11,GO_Biological_Process_2023,prerank,Negative Regulation Of Cell Adhesion (GO:0007162),-0.2945074147008027,-0.7696383381694908,0.9237918215613383,1.0,1.0,29/72,25.83%,PLXNA2;PTK2;RASA1;SPN;RND1;SNAI2;MUC1;LPXN;NOTCH1;JAG1;RIPOR2;ADAM22;ERBB3;PTPRO;PLXNB1;CDH13;MDK;PLXND1;GTPBP4;TGFB1;TGFBI;DSCAM;CDH1;PLXNC1;PLXNA1;JAM3;CD164;CBLL1;FBLN1
KBTBD11,GO_Biological_Process_2023,prerank,Positive Regulation Of Response To Wounding (GO:1903036),0.346797669926391,0.7695154856851998,0.8451025056947609,1.0,1.0,9/26,18.44%,DUOX1;ADRA2A;ITGB1;MYLK;CLDN4;HRAS;KANK1;SCARF1;INSL3
KBTBD11,GO_Biological_Process_2023,prerank,Protein Polyubiquitination (GO:0000209),0.24828291236071168,0.7693145840405348,1.0,1.0,1.0,56/223,16.23%,RNF183;DAW1;TRIM68;TRIM34;MYCBP2;MDM2;UBOX5;ANKIB1;TRIM25;TNFAIP3;UBE2W;TRAF1;TNFSF13B;KLHL20;RNF187;UBE2E3;RNF115;KBTBD6;TRIM32;UBE2R2;TRAF2;CDC26;UBE2V1;RNF217;FBXW11;KLHL42;UBE2A;ANAPC5;TRIM6;TRIM27;RNF8;ERCC8;LNPEP;MARCHF1;TRIM21;RNF167;RNF25;TRAF3IP2;ANAPC1;TRIM62;TOPORS;UBE2B;UBE2N;CTNNB1;RNF144A;KLHL3;ZNF598;SASH1;UBE2T;RNF31;DTX3L;TRIM65;FBXO7;PEX12;DZIP3;DDA1
KBTBD11,GO_Biological_Process_2023,prerank,Internal Peptidyl-Lysine Acetylation (GO:0018393),0.3112399735871291,0.7690412803393949,0.9013452914798207,1.0,1.0,22/39,26.90%,ATAT1;ACTL6A;PHF20L1;KAT2B;TRRAP;RUVBL2;MEAF6;DMAP1;MRGBP;KAT2A;EPC1;EPC2;TAF9;EP400;TAF6L;TAF10;TADA2A;MORF4L1;VPS72;TADA3;TAF12;TAF5L
KBTBD11,GO_Biological_Process_2023,prerank,Skeletal System Development (GO:0001501),-0.26445961256845024,-0.7687684875281542,0.9930555555555556,1.0,1.0,29/147,17.10%,PRELP;SPEF2;LECT2;TBX3;GDF3;GDF11;CHRD;ZBTB16;COL9A2;CDH11;BMP2;FGF8;COL19A1;TGFB2;HHIP;PCSK5;AHSG;MEPE;RAB33B;PHEX;ANKRD11;XYLT1;AKAP13;BPNT2;UFD1;CNMD;BMP6;TEAD4;FGFR3
KBTBD11,GO_Biological_Process_2023,prerank,Peptidyl-Threonine Dephosphorylation (GO:0035970),-0.3785620821704634,-0.7685364349869127,0.8087121212121212,1.0,1.0,9/17,24.77%,PPM1K;PPM1E;PPP5C;DUSP18;PGAM5;PPP1CA;PPM1A;PPP2CA;PPM1F
KBTBD11,GO_Biological_Process_2023,prerank,Regulation Of Cell Growth (GO:0001558),-0.2526543368065856,-0.7685257027626966,1.0,1.0,1.0,72/227,24.29%,AGT;INHBA;ARMC12;EI24;BMPR2;CDKN2A;SLC44A4;SIRT1;DDX49;MUC12;TGFB2;MUL1;RASGRP2;RAB33B;EGLN2;CCAR2;EBAG9;RACK1;KLHL22;PSMD10;RNF2;JADE2;ADAM15;ENO1;URI1;ATAD3A;CSNK2A1;TP53;TCHP;N6AMT1;YAP1;SERTAD2;DCUN1D3;ING5;NDUFA13;SMARCA2;PSRC1;BST2;ING4;STK11;BCL6;CDKN2D;IL17RB;EXOSC4;BTG1;PTPRJ;EXOSC2;KAT7;VGLL4;SMAD4;TGFB1;PLCE1;FXN;INO80;MFSD2A;HPN;ZNF639;SLC25A33;JADE1;NPR1;SERTAD3;CIB1;NCBP1;SPHK1;DDX3X;PHB1;CISH;DNPH1;CDC42;CDA;PPT1;PPP2CA
KBTBD11,GO_Biological_Process_2023,prerank,Positive Regulation Of Endothelial Cell Apoptotic Process (GO:2000353),-0.3899638260517585,-0.7684861970530191,0.8003663003663004,1.0,1.0,2/15,6.90%,RGCC;GPER1
KBTBD11,GO_Biological_Process_2023,prerank,Negative Regulation Of Insulin Receptor Signaling Pathway (GO:0046627),0.3350645381175692,0.7684395347127956,0.8434237995824635,1.0,1.0,10/26,18.11%,PTPN1;PID1;SLC27A4;GRB14;IRS1;PIP4K2C;KANK1;PRKCD;TNS2;PTPRE
KBTBD11,GO_Biological_Process_2023,prerank,Negative Regulation Of DNA-binding Transcription Factor Activity (GO:0043433),0.2561514072115659,0.76825252606875,0.9955156950672646,1.0,1.0,50/148,22.17%,FOXS1;PLA2G10;DDIT3;ERBIN;TMIGD3;NLRC5;MAD2L2;TNFAIP3;SMAD7;FZD6;TRIM37;CYP1B1;CD200;ZNF431;HEYL;PRNP;E2F2;TCF7L2;PPP2CB;SUFU;RB1;TRIM21;COMMD7;HES6;TCEAL7;KLF4;ID1;BMP7;FLNA;HDAC2;GLIS2;CDK5RAP3;TMSB4X;ESR1;MAP2K5;NLRP2;KDM1A;SP100;IRAK3;TRIB1;PROX1;TNFSF4;SUMO1;FOXJ1;BTRC;SFRP5;SFRP4;TAF1;TBX6;CMKLR1
KBTBD11,GO_Biological_Process_2023,prerank,Positive Regulation Of MAP Kinase Activity (GO:0043406),-0.2801590892865221,-0.7679041437845898,0.9658886894075404,1.0,1.0,27/90,21.39%,TGFA;MAP3K13;FGF1;DUSP19;TNFSF11;NEK10;TAOK3;PDGFRB;LRRK2;EGF;NOD2;PIK3R5;HTR2B;PDCD10;MAP3K12;PAK1;TDGF1;GHR;DAB2IP;PDGFD;ERP29;TENM1;MEF2C;NTRK3;TGFB1;DIRAS1;TNFRSF11A
KBTBD11,GO_Biological_Process_2023,prerank,Energy Reserve Metabolic Process (GO:0006112),0.364324892391325,0.7675675898280879,0.8251599147121536,1.0,1.0,6/18,14.00%,PID1;PPP1R3C;GFPT1;GSK3B;GBE1;PRKAG2
KBTBD11,GO_Biological_Process_2023,prerank,Recombinational Repair (GO:0000725),-0.27855191426413134,-0.7668010274628152,0.9469964664310954,1.0,1.0,44/95,26.60%,POLL;AP5S1;KAT5;EXD2;NSMCE3;RAD51B;XRCC6;SWSAP1;INIP;CHD4;MRE11;NSMCE4A;ZMYND8;XRCC5;NPC1;PALB2;NABP2;NSMCE1;STON1;SMC5;RPA1;WRN;HUS1;PSMD14;RECQL5;RMI1;RMI2;TONSL;XRCC3;INO80;MBTD1;XRCC2;ZSWIM7;LIG3;AUNIP;RAD51C;RAD51AP1;ERCC4;WDR48;INTS3;SFPQ;RECQL4;RNF138;RPA2
KBTBD11,GO_Biological_Process_2023,prerank,Positive Regulation Of Triglyceride Metabolic Process (GO:0090208),0.3659703747559984,0.7666589744982909,0.8008948545861297,1.0,1.0,8/18,26.19%,PLIN5;SLC27A1;ABHD5;GPLD1;NR1H3;NR1H2;CNEP1R1;SREBF1
KBTBD11,GO_Biological_Process_2023,prerank,Nucleosome Assembly (GO:0006334),-0.3030270973816726,-0.7665332878450586,0.9184397163120568,1.0,1.0,16/54,21.20%,H2BC17;NAP1L2;H4C9;NAP1L3;SMARCA5;HAT1;KAT6B;HMGB2;RSF1;CABIN1;CHRAC1;GRWD1;H2BC9;CHAF1B;ASF1B;SUPT16H
KBTBD11,GO_Biological_Process_2023,prerank,Regulation Of Cell Cycle G1/S Phase Transition (GO:1902806),-0.29184220108226805,-0.7663348401955683,0.9476534296028881,1.0,1.0,34/74,27.27%,GLI1;DPF3;CDKN2A;SMARCD3;SMARCD2;DPF1;MN1;APPL1;BCL7C;ARID1A;ACTL6B;SMARCA2;SMARCE1;CDKN2D;FBXW7;SMARCC1;STXBP4;E2F1;APBB1;TMEM14B;PSME3;INO80;MNAT1;ARID1B;PTEN;PSME1;PPP2CA;AMBRA1;PEX2;CDKN1A;ID2;MLF1;PLCG2;PAGR1
KBTBD11,GO_Biological_Process_2023,prerank,Positive Regulation Of NLRP3 Inflammasome Complex Assembly (GO:1900227),-0.3725962422236917,-0.7661698773139715,0.8412098298676749,1.0,1.0,8/18,27.15%,USP50;DEPDC1B;MARK4;DDX3X;PPP2CA;MAPK8;CD36;PLCG2
KBTBD11,GO_Biological_Process_2023,prerank,Regulation Of calcineurin-NFAT Signaling Cascade (GO:0070884),0.3247513036628972,0.7661430746853981,0.8681318681318682,1.0,1.0,7/33,11.97%,EFHB;CHP2;MYOZ1;AKAP6;PRNP;ATP2B4;GSK3B
KBTBD11,GO_Biological_Process_2023,prerank,Telomere Organization (GO:0032200),0.2870556189694677,0.7658394368925753,0.9663157894736842,1.0,1.0,18/63,14.39%,PARP3;PARP1;HUS1B;TINF2;RPA3;H3C1;RAD51D;ACTL6A;TERF2;DNA2;EZH2;CTC1;ATM;RUVBL2;MCRS1;ZNF827;BLM;UCHL5
KBTBD11,GO_Biological_Process_2023,prerank,Regulation Of DNA Metabolic Process (GO:0051052),0.2579786763660423,0.7656585540573033,0.9953596287703016,1.0,1.0,43/124,19.80%,CCDC88A;EID3;TMEM98;RADX;DSCC1;ACTL6A;SF3B3;KAT2B;TRRAP;NSMCE2;UBE2V1;TERF2;POLH;MYC;USP37;ALYREF;SGF29;FBXO5;GMNN;RBBP6;SMARCAD1;RUVBL2;MCRS1;USP1;SMC6;UCHL5;ATXN7;UBE2N;HNRNPD;MEAF6;PIF1;HDAC8;KAT2A;NUCKS1;CCNA2;SMG5;THOC1;BABAM1;TAF5;TOM1L1;BAZ2A;YLPM1;JADE3
KBTBD11,GO_Biological_Process_2023,prerank,Monoatomic Anion Transmembrane Transport (GO:0098656),0.2918915324188206,0.7655633961543509,0.9465478841870824,1.0,1.0,19/54,17.92%,GABRE;GLRA3;GABRA5;GABRA2;SLC12A1;LRRC8E;LRRC8C;ANO2;LRRC8B;ANO8;ANO6;GABRG1;CLCN1;GABRA1;SLC5A6;GLRA1;ANO10;GABRG2;ANO5
KBTBD11,GO_Biological_Process_2023,prerank,Heart Contraction (GO:0060047),0.314498788746685,0.7655446815071145,0.8813559322033898,1.0,1.0,13/41,19.01%,MYLK2;SCN2B;MYL3;SCN1B;TRDN;SGCZ;GRK2;KCNQ1;KCNH2;SLC8A1;TPM1;TNNC1;RANGRF
KBTBD11,GO_Biological_Process_2023,prerank,"Regulation Of Nuclear-Transcribed mRNA Catabolic Process, Deadenylation-Dependent Decay (GO:1900151)",0.3482974707996229,0.7653091094481637,0.8130630630630631,1.0,1.0,9/23,18.54%,SYNCRIP;PABPC1;YBX1;CNOT1;NANOS1;TOB1;HNRNPD;HNRNPU;TNRC6C
KBTBD11,GO_Biological_Process_2023,prerank,Positive Regulation Of Alpha-Beta T Cell Proliferation (GO:0046641),-0.3797955490094441,-0.765306374283792,0.8112522686025408,1.0,1.0,6/17,21.34%,XCL1;EBI3;CD81;TGFBR2;HLA-E;CD55
KBTBD11,GO_Biological_Process_2023,prerank,Regulation Of Potassium Ion Transport (GO:0043266),0.3321066267665269,0.7651130119792559,0.8493449781659389,1.0,1.0,11/30,23.04%,KCNAB3;ADRA2A;KCNN2;FHL1;DLG1;KCNH2;DPP10;KCNE2;KIF5B;CD63;KCNAB2
KBTBD11,GO_Biological_Process_2023,prerank,Positive Regulation Of Collagen Biosynthetic Process (GO:0032967),-0.3887919482111138,-0.7648080160332654,0.8,1.0,1.0,6/15,20.24%,WNT4;RGCC;F2;CREB3L1;F2R;TGFB1
KBTBD11,GO_Biological_Process_2023,prerank,Negative Regulation Of Cell-Cell Adhesion (GO:0022408),-0.3197730844640433,-0.7647509728510847,0.8731617647058824,1.0,1.0,14/40,20.43%,RGCC;PTK2;BMP2;ZNF703;MYADM;ASS1;NOTCH1;WNK1;JAG1;BMP6;GTPBP4;TGFB1;PPARA;FXYD5
KBTBD11,GO_Biological_Process_2023,prerank,'De Novo' Post-Translational Protein Folding (GO:0051084),0.33484042447490525,0.7646767930311702,0.8524229074889867,1.0,1.0,10/30,16.32%,HSPA2;GAK;HSPA1L;DNAJC18;SDF2;UGGT1;DNAJB4;HSPE1;ERO1A;HSPA9
KBTBD11,GO_Biological_Process_2023,prerank,Regulation Of Vascular Associated Smooth Muscle Cell Proliferation (GO:1904705),0.3162523106681388,0.7646676320766862,0.890295358649789,1.0,1.0,13/37,19.44%,EFEMP2;TGFB3;TAFA5;CNN1;MEF2D;LDLRAP1;P2RY6;PRKG1;JUN;PDGFB;TPM1;FGF2;IGF1
KBTBD11,GO_Biological_Process_2023,prerank,Cardiac Muscle Tissue Morphogenesis (GO:0055008),0.32569934347670426,0.7645611731343548,0.8757894736842106,1.0,1.0,5/31,7.06%,MYLK2;ISL1;S1PR1;MYL3;SMAD7
KBTBD11,GO_Biological_Process_2023,prerank,Response To Endoplasmic Reticulum Stress (GO:0034976),0.2687330298913792,0.7645235266152415,0.9774266365688488,1.0,1.0,26/113,16.78%,CREB3L3;RNF183;ATP2A1;DDIT3;RASGRF1;PIK3R1;PDIA4;DNAJB9;CCDC47;BCL2L11;SELENOK;RASGRF2;TRAF2;UBQLN1;GSK3B;MAP3K5;ERP44;UBA5;BBC3;RHBDD1;CHAC1;ERO1A;AIFM1;ERN2;CDK5RAP3;JUN
KBTBD11,GO_Biological_Process_2023,prerank,Protein Targeting To Lysosome (GO:0006622),-0.35019552733218623,-0.7644245809561968,0.8286778398510242,1.0,1.0,12/25,27.71%,RAB7A;NEDD4;PXK;PIK3R4;HSPA8;ATG14;SNX16;M6PR;AP4M1;SORL1;ZFYVE16;LAMP2
KBTBD11,GO_Biological_Process_2023,prerank,Positive Regulation Of Immunoglobulin Mediated Immune Response (GO:0002891),-0.39184296508481586,-0.7642995451177713,0.7941176470588235,1.0,1.0,6/15,17.18%,HMCES;XCL1;INSL6;KMT5C;PAXIP1;TP53BP1
KBTBD11,GO_Biological_Process_2023,prerank,post-Golgi Vesicle-Mediated Transport (GO:0006892),0.2928408919020633,0.7640659991191381,0.9400428265524625,1.0,1.0,16/56,13.25%,CORO7;SCAMP2;LLGL1;AP1G2;KLHL20;GOPC;SCAMP1;CCDC22;SORCS1;SNAP23;RP2;RABEP1;VPS13A;RAB14;GGA3;GBF1
KBTBD11,GO_Biological_Process_2023,prerank,One-Carbon Compound Transport (GO:0019755),-0.32964618724870665,-0.7640099750372393,0.872865275142315,1.0,1.0,8/35,15.51%,SLC14A2;SLC4A4;HBZ;SLC4A11;SLC4A8;CFTR;CYB5RL;CYB5R4
KBTBD11,GO_Biological_Process_2023,prerank,Regulation Of SMAD Protein Signal Transduction (GO:0060390),-0.34168314674870126,-0.7637566191631073,0.8571428571428571,1.0,1.0,10/27,20.24%,FAM89B;BMPR2;LRP1;OVOL2;BMP6;DAB2;WWTR1;KIAA0319;SMAD4;TGFB1
KBTBD11,GO_Biological_Process_2023,prerank,Endocardial Cushion Morphogenesis (GO:0003203),0.35068900930290675,0.7636059491923701,0.8303964757709251,1.0,1.0,10/21,24.94%,ISL1;NOS3;SOX9;HEYL;ADAMTS5;MDM4;HEY1;BMPR1A;SMAD2;APC
KBTBD11,GO_Biological_Process_2023,prerank,Regulation Of Receptor Signaling Pathway Via JAK-STAT (GO:0046425),0.29521857661228634,0.7633912874911846,0.927400468384075,1.0,1.0,15/52,20.50%,IL6;OCIAD2;TYK2;CYP1B1;GPI;IL10RB;ERBB4;CAV1;CRLF3;CENPJ;CAMK2A;LEP;SOCS3;NF2;MST1
KBTBD11,GO_Biological_Process_2023,prerank,Cellular Response To Osmotic Stress (GO:0071470),0.3303786412685627,0.7629835070673496,0.8718487394957983,1.0,1.0,8/28,16.13%,STK39;MLST8;LRRC8E;WNK3;MYLK;TRPV4;YBX3;RPTOR
KBTBD11,GO_Biological_Process_2023,prerank,Cellular Response To Organonitrogen Compound (GO:0071417),0.2701495161058196,0.7629100882724316,0.9908883826879271,1.0,1.0,29/104,19.78%,AQP8;NEURL1;SPAAR;DIAPH1;PDXP;HCN2;MAPK13;SOX9;CPEB1;AKAP6;ATP2B4;EZR;KCNQ1;SHMT1;LAMTOR1;RRAGB;RAP1A;P2RY6;SH3BP4;CTNNB1;GLRA1;RPTOR;RRAGD;HCN3;GABRG2;NSMF;JUP;CLU;LAMTOR5
KBTBD11,GO_Biological_Process_2023,prerank,Cellular Response To Interleukin-6 (GO:0071354),-0.3570657184237091,-0.7627157178761523,0.8181818181818182,1.0,1.0,9/23,20.20%,SRC;SBNO2;PTPRT;STAT3;ST3GAL6;YAP1;TDGF1;JAK1;SMAD4
KBTBD11,GO_Biological_Process_2023,prerank,Interleukin-1-Mediated Signaling Pathway (GO:0070498),-0.36323199058980143,-0.7626622228423264,0.814453125,1.0,1.0,3/19,9.95%,IRAK4;IL1R1;RPS6KA4
KBTBD11,GO_Biological_Process_2023,prerank,Synaptic Vesicle Exocytosis (GO:0016079),-0.31719257865206124,-0.7625058043054105,0.8829787234042553,1.0,1.0,16/41,25.05%,SNAP25;CPLX4;DOC2B;OTOF;PRRT2;UNC13B;DNAJC5;SNAPIN;SYT1;CDK5;SNCA;CPLX2;VAMP2;SNAP47;STX2;STX1A
KBTBD11,GO_Biological_Process_2023,prerank,Mitotic Cell Cycle Checkpoint Signaling (GO:0007093),0.34087797759002836,0.7624993125860151,0.8372591006423983,1.0,1.0,10/25,17.74%,NABP1;CHFR;PABIR1;CHEK1;AURKB;VPS4A;CDK5RAP3;BABAM1;ZWINT;RBBP8
KBTBD11,GO_Biological_Process_2023,prerank,Cellular Response To Ketone (GO:1901655),-0.31049047863898377,-0.7624869228992269,0.8790035587188612,1.0,1.0,11/44,19.28%,SRC;LARP1;KLF9;SCNN1G;SCNN1A;ADAM15;GOLPH3;CFTR;NR3C1;ROCK2;GAS6
KBTBD11,GO_Biological_Process_2023,prerank,Negative Regulation Of Cell Growth (GO:0030308),0.2606475355273168,0.7624389976928709,0.9928571428571429,1.0,1.0,32/125,17.81%,FBP1;SLIT1;RTN4R;SIPA1;DNAJB2;PPP1R9B;SPHK2;CGRRF1;PTPRS;HYAL1;CAPRIN2;FHL1;NDRG3;SMAD3;CCDC85B;RTN4;FGF13;IP6K2;MAP2;RB1;SMARCA4;DCC;SH3BP4;TSPYL2;TRIM46;NDUFS3;TP53TG5;FRZB;MINAR1;CRLF3;OSGIN1;MSX1
KBTBD11,GO_Biological_Process_2023,prerank,Negative Regulation Of Protein Kinase Activity (GO:0006469),0.2695375716838929,0.7622314726338396,0.9842696629213483,1.0,1.0,30/88,19.86%,LILRB4;PTPN1;ACP4;PARK7;PAK2;DUSP10;EPHA1;DTNBP1;SLC8A3;SPRED1;MVP;PTPRR;CORO1C;TRIM27;CEACAM1;GSKIP;HSPB1;RB1;PRKAG2;SLC8A1;PPIA;UBASH3B;CDK5RAP3;CAV1;CEP85;GADD45A;SH3BP5L;WARS1;AKT1;TRIB1
KBTBD11,GO_Biological_Process_2023,prerank,Cellular Response To Corticosteroid Stimulus (GO:0071384),0.38709783129643477,0.7621027925705753,0.810752688172043,1.0,1.0,7/15,24.05%,ISL1;BCL2L11;REST;HNRNPU;FAM107A;UBE2L3;ZFP36L2
KBTBD11,GO_Biological_Process_2023,prerank,Cellular Response To Gamma Radiation (GO:0071480),-0.3792059487317733,-0.7618221391313779,0.8185185185185185,1.0,1.0,8/16,19.65%,TMEM109;XRCC6;XRCC5;TP53;YAP1;WRN;MAP3K20;TSPYL5
KBTBD11,GO_Biological_Process_2023,prerank,Extracellular Structure Organization (GO:0043062),-0.2746128020427183,-0.7617907781383859,0.9679144385026738,1.0,1.0,34/107,23.36%,ADAMTS15;COL7A1;MMP20;ADAMTS14;MMP9;MMP24;COL9A2;MMP11;NPNT;TEX14;COL19A1;COL4A3;COL17A1;ADAMTS3;ADAMTS16;MATN4;COL11A1;MATN2;ADAMTS9;ADAMTS19;ADAMTS20;SPINT1;ADAMTS12;ECM2;COL10A1;ADAMTS13;MMP15;VIT;TGFBI;MMP17;COLQ;COL8A1;FURIN;COL28A1
KBTBD11,GO_Biological_Process_2023,prerank,Regulation Of Amide Metabolic Process (GO:0034248),-0.31767413244853554,-0.7616051840160681,0.8847583643122676,1.0,1.0,15/41,20.87%,NR1H4;NANOS3;PKP3;MSI1;RBM4B;MSI2;NOLC1;PGAM1;ELP6;METTL18;GCN1;RBM3;ELP2;METAP1;EIF2S1
KBTBD11,GO_Biological_Process_2023,prerank,Endocytic Recycling (GO:0032456),-0.29455214965760707,-0.7615685021059221,0.93048128342246,1.0,1.0,19/62,22.13%,EPS15;VAMP4;ATP6AP1;VTI1A;RAB7A;PTPN23;SNX4;SNX33;VPS53;DENND1A;SNX12;STX12;VPS26A;ANKRD27;RAB11FIP4;VPS29;WASH6P;ANKRD50;RAB17
KBTBD11,GO_Biological_Process_2023,prerank,Adherens Junction Organization (GO:0034332),0.32162799764645406,0.7615495279476792,0.8768577494692145,1.0,1.0,11/35,20.30%,CDH26;CDH17;PAK2;SMAD7;RAMP2;CTNNB1;CDH9;CDH18;MTSS1;CDH22;DCHS1
KBTBD11,GO_Biological_Process_2023,prerank,Negative Regulation Of Mitotic Cell Cycle (GO:0045930),0.328068878195898,0.7613101085158255,0.8728448275862069,1.0,1.0,15/33,24.68%,NABP1;CHFR;BTG2;SCRIB;CHEK1;CTNNB1;BMP7;ZWINT;TOM1L1;BTG3;BRINP3;NME6;TOM1L2;ZFP36L2;TRIM35
KBTBD11,GO_Biological_Process_2023,prerank,Peroxisomal Membrane Transport (GO:0015919),0.37139905970736425,0.7609801534650045,0.8155555555555556,1.0,1.0,7/17,23.67%,TRIM37;PEX5;PEX7;PEX12;PEX6;ABCD3;PEX14
KBTBD11,GO_Biological_Process_2023,prerank,Regulation Of Cell Size (GO:0008361),0.33925833879143713,0.7608598560322924,0.867237687366167,1.0,1.0,6/24,19.78%,RDX;RHOA;ARHGAP35;EZR;RPTOR;LAMTOR5
KBTBD11,GO_Biological_Process_2023,prerank,Positive Regulation Of Metabolic Process (GO:0009893),0.2659489070150893,0.7604201079564578,0.985981308411215,1.0,1.0,33/107,22.62%,PER2;PRLR;KDM6B;LPIN1;HSF1;YBX2;EPAS1;ADIPOR1;IL18;DIO2;CAMK1D;PRKAB2;GHRL;ELOVL3;CPT2;DECR1;SCD;SMARCA4;VEGFA;PRKAB1;CAV1;KDM1A;LEP;ADRB2;INSR;APLP2;GADD45G;CNKSR2;UCP2;CMKLR1;OXTR;IGF1R;TSHR
KBTBD11,GO_Biological_Process_2023,prerank,Response To Gamma Radiation (GO:0010332),-0.3556146058980124,-0.7596300013421788,0.8552875695732839,1.0,1.0,11/22,21.10%,TMEM109;XRCC6;XRCC5;TP53;YAP1;DCUN1D3;WRN;MAP3K20;FANCD2;TSPYL5;MEN1
KBTBD11,GO_Biological_Process_2023,prerank,Regulation Of TORC1 Signaling (GO:1903432),-0.3041201535600876,-0.7595581848276781,0.8942652329749103,1.0,1.0,23/49,25.55%,KPTN;RRAGC;KLHL22;MIOS;PIH1D1;NPC1;ITFG2;SEC13;CASTOR1;RRAGA;CLEC16A;TELO2;SESN3;NPRL3;STK11;WDR59;WAC;DGKQ;RNF152;BMT2;SESN2;STAMBPL1;LARS1
KBTBD11,GO_Biological_Process_2023,prerank,Calcium Ion Transmembrane Import Into Cytosol (GO:0097553),-0.2820221295546591,-0.759402488834666,0.9488117001828154,1.0,1.0,17/83,15.25%,TRPV6;CACNB3;GP1BB;XCL1;JPH4;GRIN2A;SCN8A;CACNA1D;LCK;HTR2B;GRIN2D;CACNA1G;PKD2;PLCD1;SCN11A;ITPR2;IBTK
KBTBD11,GO_Biological_Process_2023,prerank,Regulation Of Hippo Signaling (GO:0035330),-0.3501714751903169,-0.7588381791880602,0.8387096774193549,1.0,1.0,10/24,21.49%,SRC;SCHIP1;SHANK2;MAP2K3;TIAL1;FRMD6;VGLL4;NEK8;NUAK2;FRMD1
KBTBD11,GO_Biological_Process_2023,prerank,Cell-Cell Adhesion Mediated By Cadherin (GO:0044331),-0.33926144397649566,-0.7583571076456714,0.843351548269581,1.0,1.0,5/26,10.34%,MMP24;CDH11;PLEKHA7;CDH10;CDH15
KBTBD11,GO_Biological_Process_2023,prerank,Late Endosome To Lysosome Transport (GO:1902774),-0.38744757291435655,-0.7582798002467215,0.7978142076502732,1.0,1.0,7/15,24.01%,CHMP1A;PLEKHM1;CHMP4A;CHMP3;CHMP5;CHMP1B;CHMP2A
KBTBD11,GO_Biological_Process_2023,prerank,Positive Regulation Of Synaptic Transmission (GO:0050806),0.27388176642466555,0.7582274604661863,0.9794050343249427,1.0,1.0,18/77,17.31%,SLC18A3;CACNG3;NALCN;RIMS3;DLG4;STX1B;RELN;DTNBP1;SLC8A3;NPTN;CHRNA7;SLC8A2;LGMN;SLC24A2;NLGN2;CRHR2;SLC24A1;FOXM1
KBTBD11,GO_Biological_Process_2023,prerank,Lytic Vacuole Organization (GO:0080171),-0.3192591557909106,-0.7578808017480256,0.8916967509025271,1.0,1.0,15/36,21.35%,CLN5;TMEM106B;LRRK2;PI4KB;HOOK1;TPCN2;GAA;HPS1;SNAPIN;HOOK3;VPS18;FHIP1B;CLVS1;SPG11;ACP3
KBTBD11,GO_Biological_Process_2023,prerank,Regulation Of Transforming Growth Factor Beta Receptor Signaling Pathway (GO:0017015),-0.2678415725773378,-0.7575134097425649,0.9880952380952381,1.0,1.0,34/111,21.10%,DAND5;FAM89B;SNX25;ING2;SIRT1;BMP2;LRG1;SINHCAF;ZNF703;SMAD6;EMILIN1;PIN1;SNW1;LEMD3;OGT;CITED1;ENG;VASN;BCL9;EP300;STK11;DAB2;SNX6;PALS1;CITED2;MTMR4;IL17RD;SMAD4;TGFB1;RNF111;ZBTB7A;PPARA;SAP30L;MEN1
KBTBD11,GO_Biological_Process_2023,prerank,Positive Regulation Of Neuroblast Proliferation (GO:0002052),-0.3702917927416378,-0.7568003296406727,0.8367729831144465,1.0,1.0,3/18,10.92%,HAPLN1;SMARCD3;BCAN
KBTBD11,GO_Biological_Process_2023,prerank,Negative Regulation Of Protein Depolymerization (GO:1901880),-0.3463345874844565,-0.7565956469329456,0.8497316636851521,1.0,1.0,8/23,18.34%,APC2;TRIM54;PLEKHH2;TTBK2;LIMA1;CAMSAP2;HDGFL3;CKAP2
KBTBD11,GO_Biological_Process_2023,prerank,Positive Regulation Of Peptide Hormone Secretion (GO:0090277),-0.3081573290611433,-0.756435495741195,0.9205175600739371,1.0,1.0,11/46,17.39%,SIRT6;TNFSF11;IRS2;GPER1;DOC2B;HFE;LRRC8A;GHRHR;PSMD9;SOX4;GLUD1
KBTBD11,GO_Biological_Process_2023,prerank,Purine Ribonucleotide Biosynthetic Process (GO:0009152),-0.2999305936076534,-0.7564309339498407,0.9216354344122658,1.0,1.0,10/55,11.43%,AMPD1;IMPDH2;ADCY7;GART;ADCY10;ADCY9;IMPDH1;COASY;GUCY2D;PPCS
KBTBD11,GO_Biological_Process_2023,prerank,G1/S Transition Of Mitotic Cell Cycle (GO:0000082),-0.2956349088188447,-0.7563859758927249,0.9293286219081273,1.0,1.0,30/63,27.10%,KLF11;EIF4EBP1;GSPT1;HINFP;CDK2;CCNE2;CCNE1;CUL1;RCC1;CUL5;CDC34;CDK14;CDK4;CACUL1;E2F1;CUL4B;CDK5;CUL2;SPDYA;CDK17;PLK3;CUL4A;CDK16;CCND2;CDK18;CDKN1A;NPAT;CDKN3;LATS1;PPP6C
KBTBD11,GO_Biological_Process_2023,prerank,Cellular Response To Organic Cyclic Compound (GO:0071407),0.2515904161425892,0.7563395537692358,1.0,1.0,1.0,36/150,17.16%,AQP8;RORC;ADCY5;DIAPH1;AKR1B1;ATP1A3;TFPI;NKX3-1;ADCY6;PDXP;HCN2;CYP1B1;IL18;AKAP6;CASP6;NRIP1;EZR;RIOK3;KCNQ1;GNB1;RUVBL2;MED1;RAP1A;P2RY6;BLM;CTNNB1;LCOR;ADCY2;MGARP;EGFR;ADCY3;ESR1;HCN3;INSIG1;PDGFB;GABRG2
KBTBD11,GO_Biological_Process_2023,prerank,Phosphatidylserine Metabolic Process (GO:0006658),0.35727476777305084,0.7562021547191268,0.8450106157112527,1.0,1.0,5/20,15.51%,PLA2G10;SLC27A1;PLA2G3;SERINC5;PLA2G15
KBTBD11,GO_Biological_Process_2023,prerank,Cell-Substrate Junction Assembly (GO:0007044),-0.33758419988102956,-0.7561045421183711,0.8581818181818182,1.0,1.0,9/28,19.88%,SRC;CDH11;COL17A1;TESK2;BCR;PLEC;PEAK1;ACTN2;FERMT2
KBTBD11,GO_Biological_Process_2023,prerank,Positive Regulation Of Stress-Activated MAPK Cascade (GO:0032874),0.26427509316048625,0.7560460589780519,0.990632318501171,1.0,1.0,33/105,21.62%,TNFRSF19;MID1;SERPINF2;STK39;SDCBP;SH3RF3;MBIP;RIPK1;TRAF1;TAOK1;TRAF2;RASGRP1;EDA2R;MAP4K2;MAP3K5;EIF2AK2;HRAS;VEGFA;SASH1;TIRAP;STK25;PLCB1;TAOK2;GADD45A;UNC5CL;LEP;ZNF622;IGFBP6;KLHDC10;FLT4;GADD45G;HIPK2;MAP3K4
KBTBD11,GO_Biological_Process_2023,prerank,Monocarboxylic Acid Catabolic Process (GO:0072329),-0.3578640627805109,-0.755933364695972,0.8397683397683398,1.0,1.0,3/20,4.50%,LDHD;FAAH;AGXT2
KBTBD11,GO_Biological_Process_2023,prerank,Positive Regulation Of ATP-dependent Activity (GO:0032781),0.3112324258614988,0.7557789113051403,0.9048672566371682,1.0,1.0,18/38,25.55%,ATP2A1;MYL3;DNAJB2;TOR1AIP2;VMP1;TOR1AIP1;HNRNPU;RGN;TPM1;PFN1;PFN2;FXYD2;MSH6;DNAJC9;DNAJB1;MSH2;DNAJC10;DNAJB11
KBTBD11,GO_Biological_Process_2023,prerank,Sodium Ion Import Across Plasma Membrane (GO:0098719),0.36096981329536665,0.7557779171659743,0.8493723849372385,1.0,1.0,2/21,2.37%,SLC9A3;SLC9A2
KBTBD11,GO_Biological_Process_2023,prerank,rRNA Methylation (GO:0031167),0.3519904381037582,0.7555725615665615,0.8340425531914893,1.0,1.0,6/21,14.80%,METTL15;EMG1;ZCCHC4;MRM2;TRMT112;MRM1
KBTBD11,GO_Biological_Process_2023,prerank,Positive Regulation Of Lamellipodium Assembly (GO:0010592),0.3456096228337236,0.7555352764390001,0.8943965517241379,1.0,1.0,9/23,24.49%,PIK3R1;AVIL;NCKAP1;ACTR3;ARPC2;CYFIP1;TWF2;BRK1;PIK3CA
KBTBD11,GO_Biological_Process_2023,prerank,Intrinsic Apoptotic Signaling Pathway (GO:0097193),0.263511025228884,0.7555270795074032,0.9953488372093023,1.0,1.0,44/104,25.29%,LGALS12;IKBKE;ATP2A1;DDIT3;APAF1;CRIP1;TNFRSF1B;CYP1B1;BCL2L11;SELENOK;DDX5;TP53BP2;TRAF2;CASP6;MAP3K5;GSKIP;BBC3;CHAC1;ATM;TOPORS;BAD;ZNF385B;ERO1A;AIFM1;ERN2;PRKCD;PRKDC;FHIT;ZNF622;CD24;PML;CYCS;HIPK2;PMAIP1;MSH6;STK24;MLLT11;QRICH1;CUL3;ATP2A3;BNIP3;DNAJC10;BCL2;CASP3
KBTBD11,GO_Biological_Process_2023,prerank,Regulation Of Endothelial Cell Migration (GO:0010594),0.2728156084726322,0.7554606185146445,0.9914163090128756,1.0,1.0,32/88,20.90%,DLL4;RHOB;FUT1;ADGRB1;ANGPT4;KRIT1;ABL1;BCAS3;CEACAM1;STC1;PRCP;GPI;SH3BP1;PRKCA;SPARC;VEGFA;SASH1;WNT5A;DNAJA4;PLPP3;PTPRM;KDR;FGF2;SP100;THBS1;AKT1;PROX1;GPLD1;BCAR1;FLT4;SMOC2;PRKD1
KBTBD11,GO_Biological_Process_2023,prerank,Negative Regulation Of Smoothened Signaling Pathway (GO:0045879),-0.34120694923573425,-0.7554295949887275,0.8599290780141844,1.0,1.0,6/25,17.16%,GLI1;HHIP;RACK1;RFX8;RFX4;GPR161
KBTBD11,GO_Biological_Process_2023,prerank,NAD Metabolic Process (GO:0019674),0.34597056232668383,0.7554099029391108,0.8530020703933747,1.0,1.0,7/22,15.19%,NMRK1;NUDT12;NAMPT;NUDT13;MDH1;NMNAT1;NADK2
KBTBD11,GO_Biological_Process_2023,prerank,Visual Perception (GO:0007601),0.2631891105605153,0.7552384151923709,0.9821428571428571,1.0,1.0,28/101,19.56%,FSCN2;PRR4;GRM6;TRPM1;REEP6;SIX3;CRYGN;CRYBA4;SLC4A10;RABGGTA;TULP1;CRYGD;GRM8;RP2;EFEMP1;EYS;ZIC2;OPA1;ATXN7;EML2;PRKRA;SLC24A1;PRPH2;GUCY2F;ADGRV1;ROM1;GUCA1B;OPA3
KBTBD11,GO_Biological_Process_2023,prerank,Fc Receptor Signaling Pathway (GO:0038093),0.3236216953639348,0.7550940235504309,0.9008438818565401,1.0,1.0,6/26,15.75%,MAP3K1;MAPK10;FCER1G;IKBKB;FER;MAP3K7
KBTBD11,GO_Biological_Process_2023,prerank,Regulation Of mRNA Catabolic Process (GO:0061013),-0.3055969748870156,-0.7550134113608737,0.9264150943396227,1.0,1.0,21/46,24.37%,PKP1;PKP3;RBM8A;CNOT7;RC3H1;ZC3H12A;YTHDF3;KHSRP;UPF1;CARHSP1;MOV10;FXR1;APEX1;PUM2;CASC3;PCBP4;MAGOHB;ZFP36;SERBP1;FMR1;PCID2
KBTBD11,GO_Biological_Process_2023,prerank,Protein Localization To Microtubule Organizing Center (GO:1905508),-0.38656056856267673,-0.7549784030116714,0.8122676579925651,1.0,1.0,5/15,18.86%,STIL;DCTN2;PIBF1;HOOK3;KIAA0753
KBTBD11,GO_Biological_Process_2023,prerank,Mesenchymal Cell Differentiation (GO:0048762),-0.2957092699335499,-0.7548788185161656,0.9234875444839857,1.0,1.0,21/54,24.28%,WNT4;HGF;BMP2;TGFB2;RANBP3L;SNAI2;NOTCH1;HTR2B;LRP6;S100A4;CUL7;ROCK2;MEF2C;SMAD4;TGFB1;LOXL3;FBXL17;SLC39A10;FGFR1;LOXL2;SEMA3C
KBTBD11,GO_Biological_Process_2023,prerank,"Regulation Of mRNA Splicing, Via Spliceosome (GO:0048024)",0.2713342302146629,0.754862109997981,0.9816933638443935,1.0,1.0,32/90,21.41%,RBFOX3;RBM20;RBM38;PRDX6;NOVA1;DDX5;KHDRBS1;MAGOH;RBM15;SRSF12;SRRM1;RBFOX2;REST;KHDRBS3;U2AF2;NUP98;HNRNPL;CELF4;SRPK2;RBM4;PUF60;RBM39;SRSF9;HNRNPU;TRA2A;NSRP1;FXR2;SF3B4;RBM24;SRSF4;CELF2;THRAP3
KBTBD11,GO_Biological_Process_2023,prerank,Regulation Of Actin Cytoskeleton Reorganization (GO:2000249),-0.3438840874373608,-0.7547061133811721,0.8491620111731844,1.0,1.0,10/25,21.37%,BAIAP2L1;RAPGEF3;RNH1;BAIAP2L2;PTK2B;BAIAP2;MDK;CDK5;TEK;ARHGDIB
KBTBD11,GO_Biological_Process_2023,prerank,Negative Regulation Of Peptidyl-Tyrosine Phosphorylation (GO:0050732),0.31865759144128136,0.7545450198139655,0.8775933609958506,1.0,1.0,14/30,25.01%,LILRB4;OCRL;MVP;CAV1;PRKCD;PTPN6;SH3BP5L;SOCS3;SEMA4D;NF2;NTF3;SAMSN1;SFRP1;PPP2R1A
KBTBD11,GO_Biological_Process_2023,prerank,Protein O-linked Mannosylation (GO:0035269),-0.3833382761439045,-0.7544733083880819,0.8236397748592871,1.0,1.0,9/16,29.39%,TMTC4;RXYLT1;TMTC1;CRPPA;DPM2;TMTC2;DPM3;LARGE1;TMTC3
KBTBD11,GO_Biological_Process_2023,prerank,Linoleic Acid Metabolic Process (GO:0043651),0.358924418683846,0.7540296539680074,0.8226495726495726,1.0,1.0,5/19,11.42%,ALOXE3;PNPLA8;ALOX12;ELOVL5;ELOVL3
KBTBD11,GO_Biological_Process_2023,prerank,Axonal Transport (GO:0098930),0.30926453537760484,0.7532010400995792,0.902542372881356,1.0,1.0,19/39,23.06%,KIF4A;DTNBP1;HDAC6;TMEM108;RAB21;FBXW11;BLOC1S2;AP3S1;SPAST;OPA1;MGARP;HSBP1;ARL8A;DST;BLOC1S1;DCTN1;HIF1A;SYBU;BLOC1S4
KBTBD11,GO_Biological_Process_2023,prerank,Regulation Of Tubulin Deacetylation (GO:0090043),-0.3762606193709752,-0.7530346348568053,0.8430232558139535,1.0,1.0,7/17,19.09%,TPPP;FNTA;MAPT;ZZZ3;EP300;KAT14;YEATS2
KBTBD11,GO_Biological_Process_2023,prerank,Chloride Transmembrane Transport (GO:1902476),-0.30122902136751806,-0.7529868635726623,0.9283154121863799,1.0,1.0,17/48,21.21%,SLC12A3;SLC26A9;GABRA3;CLCN3;GABRA4;SLC4A8;LRRC8A;CFTR;ANO9;SLC12A4;GABRB3;SLC12A6;APOL1;GABRG3;SLC12A9;SLC12A8;SLC12A2
KBTBD11,GO_Biological_Process_2023,prerank,Positive Regulation Of Protein Metabolic Process (GO:0051247),-0.2500289160120525,-0.7526675009871008,1.0,1.0,1.0,55/196,20.24%,AGT;IL23R;ASB5;INHBA;APC2;OAZ3;LARP1;EIF3D;TNFSF12;PASK;TIPARP;CIRBP;IDE;ABCB10;RAB7A;PRMT1;NEDD4;EGLN2;UHRF1;LARP4;EIF3C;APOE;CD86;STX5;NIBAN1;RAB1B;EIF6;PYM1;BARD1;OGT;CAPN3;CSNK2A1;PLD1;YTHDF3;LARP1B;BCL10;ATG10;ASPH;NDUFA13;SOX4;BCL3;GSK3A;FXR1;DDB1;ROCK2;PRKN;DAB2IP;BAK1;RNF41;RBM3;NKD1;VGLL4;IST1;TFR2;TGFB1
KBTBD11,GO_Biological_Process_2023,prerank,"Regulation Of Alternative mRNA Splicing, Via Spliceosome (GO:0000381)",0.292939449630773,0.752454359599766,0.9380530973451328,1.0,1.0,21/52,21.41%,RBFOX3;RBM38;NOVA1;DDX5;KHDRBS1;MAGOH;RBM15;SRSF12;RBFOX2;REST;KHDRBS3;HNRNPL;CELF4;RBM4;PUF60;HNRNPU;NSRP1;FXR2;RBM24;CELF2;THRAP3
KBTBD11,GO_Biological_Process_2023,prerank,Organonitrogen Compound Biosynthetic Process (GO:1901566),0.25746362124266625,0.75216133839506,0.9907192575406032,1.0,1.0,30/122,17.05%,ACER1;GAL3ST2;HACD4;LCAT;SLC25A15;PCSK1;APOA1;SLC44A3;SPTLC1;SLC27A1;SAMD8;BCAT1;SPHK2;CHKA;ELOVL5;TNIP1;FA2H;ELOVL3;ALAS1;PAM;ABHD3;SPTLC2;PLA2G4A;CERS2;DEGS1;PLA2G4C;ORMDL2;CERS6;PLPP3;SPTLC3
KBTBD11,GO_Biological_Process_2023,prerank,Fat-Soluble Vitamin Metabolic Process (GO:0006775),0.3412066562711985,0.7520876640491772,0.8659574468085106,1.0,1.0,7/24,15.69%,CYP4F12;LRAT;CYP11A1;CYP2R1;LGMN;ARID4A;CBR1
KBTBD11,GO_Biological_Process_2023,prerank,Positive Regulation Of Stem Cell Differentiation (GO:2000738),-0.3679163053061125,-0.7518497305379386,0.8619402985074627,1.0,1.0,3/17,7.90%,TACSTD2;SIRT6;TGFB2
KBTBD11,GO_Biological_Process_2023,prerank,Entrainment Of Circadian Clock By Photoperiod (GO:0043153),-0.3559870155183198,-0.7517928592736065,0.8540145985401459,1.0,1.0,10/22,22.08%,CRY1;RBM4B;PPP1CB;TP53;PPP1CC;CRTC1;PPP1CA;MTA1;USP2;FBXL17
KBTBD11,GO_Biological_Process_2023,prerank,Establishment Of Vesicle Localization (GO:0051650),-0.3669056461945093,-0.7513326271499711,0.8502772643253235,1.0,1.0,9/18,20.87%,RAB27A;DNM2;IKBKG;SNAPIN;TESK1;TMEM230;CDK5;KIF5A;SPG11
KBTBD11,GO_Biological_Process_2023,prerank,Regulation Of Activin Receptor Signaling Pathway (GO:0032925),0.36737311034844694,0.7512488288513586,0.8272138228941684,1.0,1.0,8/15,23.59%,SMAD7;CSNK2B;ACVR2B;DACT1;SKI;MAGI2;FSTL3;FKBP1A
KBTBD11,GO_Biological_Process_2023,prerank,cAMP-mediated Signaling (GO:0019933),-0.33894723236038404,-0.7511967324905372,0.8540145985401459,1.0,1.0,10/26,22.16%,EPHA5;RAPGEF3;PDE2A;GHRHR;PRSS8;ATF1;RAPGEF2;GAL;DGKQ;SERPINB8
KBTBD11,GO_Biological_Process_2023,prerank,Positive Regulation Of Activated T Cell Proliferation (GO:0042104),-0.3661036668382025,-0.7510611073431638,0.8299065420560747,1.0,1.0,1/19,1.86%,IL23R
KBTBD11,GO_Biological_Process_2023,prerank,Glucose Metabolic Process (GO:0006006),-0.2925603641384617,-0.7510477171982389,0.9389587073608617,1.0,1.0,17/59,17.81%,KCNJ11;CRTC2;ENO3;IRS2;CRY1;DCXR;H6PD;SLC39A14;ENO1;ENO2;PGAM1;GAA;KHSRP;SLC37A4;SLC25A12;SORD;SLC25A10
KBTBD11,GO_Biological_Process_2023,prerank,Integrated Stress Response Signaling (GO:0140467),-0.32990786850986165,-0.7510183792535865,0.8698884758364313,1.0,1.0,14/29,21.70%,BATF3;JUNB;CEBPA;IMPACT;FOS;CREBZF;BATF2;EIF2AK4;MAP3K20;GCN1;OMA1;CEBPB;EIF2S1;CEBPD
KBTBD11,GO_Biological_Process_2023,prerank,Negative Regulation Of Small Molecule Metabolic Process (GO:0062014),-0.32795442871710573,-0.7509458532607484,0.8996350364963503,1.0,1.0,15/33,24.46%,WNT4;SIRT6;CRY1;SLC22A13;DKKL1;NCOR1;HDAC4;EP300;GSK3A;CLK2;PPARA;USP7;GCK;CDA;GIT1
KBTBD11,GO_Biological_Process_2023,prerank,Immunoglobulin Production Involved In Immunoglobulin-Mediated Immune Response (GO:0002381),-0.37436749470387776,-0.7508103674329699,0.8485401459854015,1.0,1.0,7/17,25.90%,HLA-DPA1;HLA-DMB;HLA-DMA;HLA-DRB1;GNAO1;HLA-DRA;TRAPPC13
KBTBD11,GO_Biological_Process_2023,prerank,Negative Regulation Of Cytokine Production Involved In Immune Response (GO:0002719),-0.3688743182142716,-0.7504127568086242,0.8476702508960573,1.0,1.0,4/16,7.90%,XCL1;FOXP3;HFE;TGFB2
KBTBD11,GO_Biological_Process_2023,prerank,Plasma Membrane Bounded Cell Projection Assembly (GO:0120031),0.2353479812763569,0.7498701806277396,1.0,1.0,1.0,111/273,24.59%,S1PR1;CEP19;CCDC88A;IQUB;SPAG6;CEP41;EMP1;SDCBP;TMEM237;AVIL;CIBAR1;DCDC2;ATAT1;RILP;SEPTIN2;TMEM17;OCRL;ITGB1;PHIP;UNC119B;DYNC2I2;PPP1R9B;HDAC6;PLA2G3;NTN1;NME8;IFT81;TBC1D31;CEP20;IFT74;ALPK1;IFT172;SEPTIN6;DNAH5;SEPTIN7;TTC26;MYLK;FAM161A;EZR;RP2;EHD1;B9D1;CEP162;TTC39C;IFT43;RAP2C;GALNT11;ATP6V1D;GBF1;OFD1;ABLIM1;WDR19;SNX10;RILPL1;ANO6;FMNL3;RAP1A;TCTN2;CEP164;SCLT1;PIP5K1A;RHOD;BBIP1;WDR35;ARMC9;FLNA;TXNDC15;RAB1A;DUSP23;ACTR3;TTC36;CENPJ;CCDC57;UBXN10;DISC1;MTSS1;WDPCP;MKKS;CEP83;DYNLT2B;AIF1;FBXW8;BBS9;FOXJ1;PARVB;CYFIP1;HYLS1;KIF24;CFAP54;RFX3;CEP250;DZIP1;TTC30A;PTPDC1;CARMIL1;EHD3;C2CD3;IFT88;MBD1;SRGAP3;DYNC2H1;IFT46;FUZ;TRAPPC14;CFAP58;TNIK;DZIP1L;FGD1;PMP22;MKS1;P2RY12
KBTBD11,GO_Biological_Process_2023,prerank,Cytoskeleton-Dependent Intracellular Transport (GO:0030705),0.350122721149044,0.7497326225418516,0.8470066518847007,1.0,1.0,7/21,14.54%,CCDC88A;MAP6D1;DYNC1I1;HOOK2;DYNC1I2;TUBA1A;TUBB2A
KBTBD11,GO_Biological_Process_2023,prerank,Gluconeogenesis (GO:0006094),0.31585481393407483,0.7496100245140291,0.9177215189873418,1.0,1.0,10/32,16.78%,FBP1;PER2;PGAM2;SLC25A13;G6PC3;PGM1;MDH1;GPI;PGK1;PFKFB1
KBTBD11,GO_Biological_Process_2023,prerank,Positive Regulation Of Cytokine Production Involved In Inflammatory Response (GO:1900017),-0.3618796437252348,-0.7495993743682782,0.8271375464684015,1.0,1.0,4/18,12.78%,TICAM1;NOD2;STAT3;TICAM2
KBTBD11,GO_Biological_Process_2023,prerank,Regulation Of Cellular Component Organization (GO:0051128),-0.25785757913258717,-0.7492420749644786,0.9982876712328768,1.0,1.0,44/152,20.58%,AGT;KLK8;CD177;IRGM;PACSIN2;MUC12;GFAP;RASGRP2;RAB33B;NEDD4;EGLN2;EBAG9;APOE;RUFY2;HIP1R;TSC2;RNF2;JADE2;URI1;BAG5;ATAD3A;RAB5B;STON1;MKI67;CAMSAP2;RIT2;SNX12;ING5;ING4;STK11;IL17RB;MARK4;ROCK2;PACSIN1;HSPA8;DAB2IP;CDH13;ARFGAP3;RAPGEF2;KAT7;CCNL2;ATF5;PLCE1;MCM2
KBTBD11,GO_Biological_Process_2023,prerank,Cellular Response To Catecholamine Stimulus (GO:0071870),0.35281361531214583,0.7488824772973033,0.8333333333333334,1.0,1.0,5/19,13.46%,ADCY6;ATP2B4;KCNQ1;GNB1;PRKACA
KBTBD11,GO_Biological_Process_2023,prerank,Positive Regulation Of NIK/NF-kappaB Signaling (GO:1901224),0.2898193479000862,0.748400486540245,0.9515418502202643,1.0,1.0,10/53,16.51%,TLR2;TLR7;RHOA;NOD1;EIF2AK2;TRIM44;C1QTNF4;SASH1;EGFR;IL23A
KBTBD11,GO_Biological_Process_2023,prerank,Negative Regulation Of RNA Splicing (GO:0033119),0.3586351344668535,0.7482434770405547,0.851931330472103,1.0,1.0,7/19,20.93%,RBM20;TMBIM6;SRSF12;U2AF2;SRSF9;SRSF4;PTBP2
KBTBD11,GO_Biological_Process_2023,prerank,Response To Organic Cyclic Compound (GO:0014070),0.28318425445026574,0.748230232290297,0.9511111111111111,1.0,1.0,17/58,22.07%,NKX3-1;DRD4;CYP1B1;ADORA1;TPR;IL18;GLDC;ALAS1;CTNNB1;ESR1;AQP3;FGFR4;CLU;TP53I13;ADORA2A;PMAIP1;SPP1
KBTBD11,GO_Biological_Process_2023,prerank,DNA Duplex Unwinding (GO:0032508),-0.31902141307850623,-0.7481361808544245,0.902135231316726,1.0,1.0,22/39,28.59%,CDC45;POT1;MRE11;HMGA1;RAD50;UPF1;WRN;ERCC3;DDX1;MCM6;RECQL5;IGHMBP2;MCM2;DHX9;DDX11;MCM4;GINS2;RECQL4;MCM7;MCM5;SSBP1;MCM9
KBTBD11,GO_Biological_Process_2023,prerank,Positive Regulation Of Interleukin-1 Production (GO:0032732),0.2849350691514795,0.7478390878804281,0.9605809128630706,1.0,1.0,8/63,12.93%,IL6;ISL1;AZU1;LCP1;STMP1;TMED10;PANX1;HSPB1
KBTBD11,GO_Biological_Process_2023,prerank,Facultative Heterochromatin Formation (GO:0140718),-0.37986409412742905,-0.7477998351674844,0.8396396396396396,1.0,1.0,4/15,22.65%,SIRT1;SMARCA5;RRP8;MBD2
KBTBD11,GO_Biological_Process_2023,prerank,Epigenetic Regulation Of Gene Expression (GO:0040029),-0.27580750589740793,-0.7477752607038045,0.973404255319149,1.0,1.0,25/83,19.33%,SDR16C5;PADI2;EZHIP;SIRT6;MTF2;INSL6;CTCF;DNMT3A;RBBP5;RNF2;BMI1;CREBZF;TP53;HDAC4;ZDBF2;N6AMT1;GPX1;KDM1B;WBP2;EP300;RNF168;CTCFL;ASH2L;SIRT7;KAT7
KBTBD11,GO_Biological_Process_2023,prerank,Lymphocyte Mediated Immunity (GO:0002449),0.36793862337235383,0.7477680990946343,0.8377281947261663,1.0,1.0,4/16,9.61%,MYO1G;CR2;CR1L;SCART1
KBTBD11,GO_Biological_Process_2023,prerank,Amide Biosynthetic Process (GO:0043604),0.292864608080837,0.7476392900157097,0.9448123620309051,1.0,1.0,16/50,17.05%,ASMT;ALOXE3;SLC25A15;PCSK1;SPTLC1;SAMD8;SMPD2;FA2H;PAM;SPTLC2;CLN8;CERS2;DEGS1;CERS6;GLS2;SPTLC3
KBTBD11,GO_Biological_Process_2023,prerank,Negative Regulation Of Reactive Oxygen Species Metabolic Process (GO:2000378),0.35167367551788037,0.7474282721126382,0.8652631578947368,1.0,1.0,8/20,18.93%,PLIN5;PARK7;MMP3;HDAC6;COA8;SIRT5;PINK1;SIRT2
KBTBD11,GO_Biological_Process_2023,prerank,Negative Regulation Of Striated Muscle Cell Differentiation (GO:0051154),-0.3740027907878697,-0.7472827630424483,0.8253119429590018,1.0,1.0,6/17,17.04%,BHLHA15;BMP2;HDAC3;HDAC4;GSK3A;BHLHE41
KBTBD11,GO_Biological_Process_2023,prerank,Regulation Of Osteoblast Differentiation (GO:0045667),0.2722587667153788,0.746846475643196,0.9842696629213483,1.0,1.0,20/85,16.21%,GDF10;TWIST1;IL6;TNN;GREM1;TENT5A;TWIST2;ACVR2B;SMOC1;SOX9;DDX5;REST;SUFU;FGFR2;FBXO5;RIOX1;PRKACA;SKI;BMP7;CCNA2
KBTBD11,GO_Biological_Process_2023,prerank,Monoatomic Anion Transport (GO:0006820),0.28428371088777105,0.7467614500739822,0.9512195121951219,1.0,1.0,25/57,23.66%,SLC17A8;SLC5A8;SLC4A10;TTYH1;LRRC8E;LRRC8C;SLC26A5;CLCN2;VDAC2;LRRC8B;ANO8;ANO6;CLCN1;GLRA1;ANO10;SLC17A7;NMUR1;ANO5;CLCN5;SLC17A5;SLC4A2;CLCN4;SLC26A3;SLC26A7;ANO4
KBTBD11,GO_Biological_Process_2023,prerank,Response To Interferon-Alpha (GO:0035455),0.3724513419111991,0.7465412140574579,0.835920177383592,1.0,1.0,4/17,13.09%,LAMP3;KLHL20;TPR;EIF2AK2
KBTBD11,GO_Biological_Process_2023,prerank,T Cell Receptor Signaling Pathway (GO:0050852),0.26694914337859155,0.7464793061743819,0.993103448275862,1.0,1.0,16/92,15.75%,CD28;BTNL3;MOG;EIF2B4;BTK;NFKBIZ;KHDRBS1;STOML2;THEMIS2;IKBKB;EIF2B2;PDE4D;UBE2N;RNF31;FYN;MAP3K7
KBTBD11,GO_Biological_Process_2023,prerank,Response To Glucose (GO:0009749),-0.3047924740303406,-0.7463013820625483,0.9306049822064056,1.0,1.0,10/46,19.28%,PAX2;IRS2;GPER1;UNC13B;RACK1;SLC39A14;KLRG1;SOX4;TRA2B;GAS6
KBTBD11,GO_Biological_Process_2023,prerank,Mismatch Repair (GO:0006298),0.33738707528193257,0.7461852569957251,0.8652173913043478,1.0,1.0,11/25,24.61%,EXO1;RPA3;POLD3;MLH1;XPC;RNASEH2C;PMS2;TDG;MSH6;MCM8;MSH2
KBTBD11,GO_Biological_Process_2023,prerank,Lung Development (GO:0030324),0.3182850464922153,0.7460775171223325,0.8896247240618101,1.0,1.0,10/33,20.98%,CCDC39;PHF14;ERRFI1;GLI2;FGFR2;VEGFA;PROX1;STRA6;FOXJ1;ZIC3
KBTBD11,GO_Biological_Process_2023,prerank,Regulation Of Protein Metabolic Process (GO:0051246),0.26473465844418287,0.7457960423559118,0.986046511627907,1.0,1.0,27/96,20.75%,PLA2G10;SERPINB4;CSF1;EIF2B4;MDM2;PM20D2;FAF1;CNDP1;ACE;ELP5;PUM3;TMEM9;NFKB1;CHRNA7;ELP1;PLAUR;MAPKAPK5;KLF4;PARL;PCIF1;CHMP6;MAP2K5;GEMIN5;TCOF1;AKT1;DUS3L;CYFIP1
KBTBD11,GO_Biological_Process_2023,prerank,Cellular Response To Steroid Hormone Stimulus (GO:0071383),0.33493594250869213,0.7457820050386994,0.8694736842105263,1.0,1.0,9/25,15.93%,AKR1B1;ATP1A3;TFPI;NKX3-1;ZDHHC7;MED1;MAPK1;MGARP;BMP7
KBTBD11,GO_Biological_Process_2023,prerank,Peptide Metabolic Process (GO:0006518),-0.2910892142469175,-0.7456636883611969,0.9237749546279492,1.0,1.0,19/53,20.68%,CLN5;ANPEP;CPE;BACE1;IDE;PCSK5;CPXM1;HM13;PSEN2;NAALADL1;BACE2;SPCS2;IMMP1L;MGAT3;SEC11C;MME;ADAMTS13;MIPEP;SEC11A
KBTBD11,GO_Biological_Process_2023,prerank,Negative Regulation Of Cellular Response To Insulin Stimulus (GO:1900077),0.3235773364033871,0.7454429059009913,0.8926315789473684,1.0,1.0,10/27,18.11%,PTPN1;PID1;SLC27A4;GRB14;IRS1;PIP4K2C;KANK1;PRKCD;TNS2;PTPRE
KBTBD11,GO_Biological_Process_2023,prerank,TOR Signaling (GO:0031929),-0.3258264230225003,-0.7449387594868602,0.8898450946643718,1.0,1.0,8/29,18.87%,RHEBL1;LARP1;GATA3;EIF4EBP1;TIPRL;LAMTOR4;NPRL3;RPS6KB2
KBTBD11,GO_Biological_Process_2023,prerank,Negative Regulation Of Tumor Necrosis Factor Production (GO:0032720),-0.30090586465830615,-0.7448564836602398,0.9207547169811321,1.0,1.0,14/47,20.61%,CD33;NR1H4;VSIR;NLRC3;ELF4;CLEC4A;ZC3H12A;ILRUN;FXR1;CACTIN;GAS6;SIRPA;RARA;ARG2
KBTBD11,GO_Biological_Process_2023,prerank,Positive Regulation Of Developmental Growth (GO:0048639),-0.29994547777244507,-0.7447009642433415,0.9405204460966543,1.0,1.0,14/49,20.45%,SEMA7A;MAP3K13;CPNE9;ISLR2;AGRN;GHRHR;GOLGA4;MAPT;BDNF;GHR;SYT1;CDKL5;ZP3;LIMK1
KBTBD11,GO_Biological_Process_2023,prerank,Coenzyme A Metabolic Process (GO:0015936),-0.3800438721746414,-0.7446610840263295,0.8324022346368715,1.0,1.0,5/15,17.70%,COASY;PPCS;PPCDC;NUDT7;ACOT7
KBTBD11,GO_Biological_Process_2023,prerank,Response To Amyloid-Beta (GO:1904645),0.29643161093979753,0.7440215062423128,0.9316628701594533,1.0,1.0,12/43,19.75%,MMP3;ATP1A3;NGFR;PRNP;CALCR;CHRNA7;GSK3B;LGMN;FYN;GRIN1;IGF1;ADRB2
KBTBD11,GO_Biological_Process_2023,prerank,Positive Regulation Of RNA Splicing (GO:0033120),0.3178056630050086,0.7439649842300342,0.8981900452488688,1.0,1.0,7/32,12.75%,PIK3R1;RBM20;PRDX6;SETX;U2AF2;NUP98;CELF4
KBTBD11,GO_Biological_Process_2023,prerank,Small GTPase Mediated Signal Transduction (GO:0007264),-0.2658799423400817,-0.7439128542377853,0.9863247863247864,1.0,1.0,27/111,16.17%,RHEBL1;RGL2;GRAP2;ARFIP2;CDKN2A;ARL3;CHP1;SOS2;RAPGEF3;CRKL;RASGRP2;ORC3;G3BP1;CDK2;RRAGC;ARHGAP30;USP50;SOS1;PLD1;TP53;RIN2;RIT1;RALB;RIT2;RAPGEFL1;RASGRP4;BCR
KBTBD11,GO_Biological_Process_2023,prerank,Positive Regulation Of Embryonic Development (GO:0040019),0.34663079003768027,0.7436525608220813,0.868995633187773,1.0,1.0,10/20,23.46%,LHX1;NR2C2;UTP25;PLCB1;NIBAN2;SCX;TLE6;TENM4;OTX2;OXSR1
KBTBD11,GO_Biological_Process_2023,prerank,Modification-Dependent Protein Catabolic Process (GO:0019941),-0.24992313375136335,-0.7435006170374325,1.0,1.0,1.0,75/190,27.35%,SQSTM1;UBE2E1;RNF128;ISG15;HERC3;UBE2D4;UBE2D1;BFAR;NEDD4;DCST1;UHRF1;RNF43;ASB2;COPS3;RC3H1;PSMD3;RNF166;HERPUD1;UBE2C;SPSB4;KLHL22;RLIM;SPSB2;PSMD9;RNF144B;RC3H2;UBL7;UFD1;FBXL14;UBE2G1;RNF185;PSMD14;DDB1;CNOT4;RNF168;CDC34;PRKN;OS9;UBE2D3;TOLLIP;RNF6;WDR91;RNF146;RNF7;KLHL8;TTC3;RNF34;UBE3B;NDFIP2;RCHY1;UBR3;UBE2H;RPS27A;PCYOX1;MYLIP;RNF126;ARRB1;HERC4;RNF5;RNF26;RNF19B;ARIH1;LONP1;UBR4;RNF20;FBXO11;NPLOC4;XBP1;STUB1;USP33;RNF14;TRIP12;PSMD13;UBE2K;RPGR
KBTBD11,GO_Biological_Process_2023,prerank,G Protein-Coupled Acetylcholine Receptor Signaling Pathway (GO:0007213),0.36817567605871865,0.7433518425411286,0.8454746136865342,1.0,1.0,7/17,17.33%,CHRM1;CHRM5;GRK2;GNB1;CHRM3;PLCB1;RGS8
KBTBD11,GO_Biological_Process_2023,prerank,Multicellular Organismal-Level Water Homeostasis (GO:0050891),0.3529818834617241,0.7433084693678801,0.851931330472103,1.0,1.0,6/19,17.33%,CYP4F12;PRKACA;TRPV4;PRKACB;AQP3;SCNN1B
KBTBD11,GO_Biological_Process_2023,prerank,Positive Regulation Of TORC1 Signaling (GO:1904263),-0.32862722457410637,-0.7430983682444117,0.8681898066783831,1.0,1.0,13/27,25.55%,KLHL22;MIOS;PIH1D1;SEC13;CASTOR1;RRAGA;CLEC16A;TELO2;WDR59;WAC;SESN2;STAMBPL1;LARS1
KBTBD11,GO_Biological_Process_2023,prerank,Positive Regulation Of Microtubule Polymerization (GO:0031116),-0.3262132921949618,-0.7428396141794732,0.9024390243902439,1.0,1.0,15/29,25.87%,CAV3;PDE4DIP;MAPT;ARL2;PAK1;PSRC1;SLAIN1;CKAP5;NUMA1;OCLN;CLASP1;RPS3;GIT1;TOGARAM1;RAC1
KBTBD11,GO_Biological_Process_2023,prerank,Intrinsic Apoptotic Signaling Pathway In Response To Endoplasmic Reticulum Stress (GO:0070059),0.32325578195583704,0.7428351284242378,0.9079229122055674,1.0,1.0,9/29,16.02%,ATP2A1;DDIT3;SELENOK;TRAF2;MAP3K5;BBC3;CHAC1;ERO1A;ERN2
KBTBD11,GO_Biological_Process_2023,prerank,Positive Regulation Of Signaling (GO:0023056),0.3073926079792866,0.7427720830528294,0.913232104121475,1.0,1.0,7/37,15.46%,RIMS3;DLG4;OCRL;SCRIB;BVES;VAMP3;TNXB
KBTBD11,GO_Biological_Process_2023,prerank,Adrenergic Receptor Signaling Pathway (GO:0071875),-0.3649527644675644,-0.7426934480100961,0.8278388278388278,1.0,1.0,5/18,18.93%,ADRA2B;DRD3;AKAP13;ADRA1D;RAPGEF2
KBTBD11,GO_Biological_Process_2023,prerank,Protein Glycosylation (GO:0006486),0.24906710893404177,0.7425525687881058,1.0,1.0,1.0,42/145,19.21%,GALNT5;COG7;FUT3;ALG1L2;ST3GAL3;ALG9;FUT1;PLOD2;B3GNT4;TRAK1;SERP1;GAL3ST1;MGAT5B;GALNTL6;ST8SIA6;ST8SIA2;ALG8;GFPT1;C1GALT1C1;MOGS;GALNT16;RPN2;ALG3;EOGT;POGLUT1;OST4;GALNT1;COG3;GALNT11;FKTN;STT3A;FUT4;ST8SIA5;ST8SIA4;POFUT1;TMEM59;STT3B;B4GALT1;MAGT1;B3GALNT1;FUT9;ALG11
KBTBD11,GO_Biological_Process_2023,prerank,Detection Of Visible Light (GO:0009584),-0.3605453100806605,-0.7420511587831805,0.873046875,1.0,1.0,6/17,14.24%,RP1;CNGB1;GNAQ;CACNA2D4;GNA11;GNAT2
KBTBD11,GO_Biological_Process_2023,prerank,Regulation Of NIK/NF-kappaB Signaling (GO:1901222),0.26908710776171374,0.74203374124822,0.99581589958159,1.0,1.0,18/83,16.62%,TLR2;TLR7;CPNE1;ADIPOR1;RHOA;NOD1;EZR;TRIM6;DLG1;MKRN2;EIF2AK2;TRIM44;C1QTNF4;SASH1;BMP7;EGFR;IL23A;TMSB4X
KBTBD11,GO_Biological_Process_2023,prerank,Organic Anion Transport (GO:0015711),-0.2720891247790559,-0.7419355964896736,0.9822695035460993,1.0,1.0,30/87,20.54%,SLC22A9;SLC4A4;SLC22A7;SLC44A4;SLC25A4;SLC4A11;SLC22A13;SLC35A1;SLCO6A1;SLC2A2;SLC35B3;SLC35B4;SLC4A8;LRRC8A;SLC52A2;SLC22A6;SLC2A14;CFTR;CYB5RL;CYB5R4;SLCO4C1;SLC35A3;SLC52A3;SLC35C2;SLC25A24;SLC26A6;SLC25A19;SLC35A2;SLC2A3;SLC19A1
KBTBD11,GO_Biological_Process_2023,prerank,Positive Regulation Of DNA Binding (GO:0043388),0.319143485724897,0.741725260413085,0.9118942731277533,1.0,1.0,12/33,19.44%,TWIST1;PARK7;TXN;PLAUR;TRIM6;H1-0;RB1;NGF;SKI;NIBAN2;SIRT2;IGF1
KBTBD11,GO_Biological_Process_2023,prerank,Response To Interleukin-1 (GO:0070555),-0.2770090507973811,-0.7413161272064401,0.9708029197080292,1.0,1.0,20/83,21.39%,SRC;CCL25;XCL1;SMPD1;IL1R1;RC3H1;ZC3H12A;CITED1;HDAC4;USP10;UPF1;ADAMTS12;CACTIN;DAB2IP;CD47;IGBP1;SIRPA;SNCA;IRAK2;TNFRSF11A
KBTBD11,GO_Biological_Process_2023,prerank,Negative Regulation Of Mitotic Cell Cycle Phase Transition (GO:1901991),0.3023934985437116,0.74127537481551,0.9411764705882353,1.0,1.0,14/40,18.30%,MYO16;GFI1B;BRD7;FHL1;DLG1;FBXO5;RB1;AVEN;KANK2;DACT1;KLF4;RBL1;CRLF3;CDK2AP2
KBTBD11,GO_Biological_Process_2023,prerank,Regulation Of Nuclear Division (GO:0051783),-0.36374013069184064,-0.7412719573245699,0.8416030534351145,1.0,1.0,8/19,20.20%,CUL9;L3MBTL1;PIN1;MKI67;RCC1;CUL7;FBXO43;OBSL1
KBTBD11,GO_Biological_Process_2023,prerank,Peptidyl-Serine Modification (GO:0018209),-0.2518625526569855,-0.7411468066517294,0.99822695035461,1.0,1.0,52/166,21.99%,HIPK4;CSNK1A1;MAP3K13;MAPK12;SRPK1;DMPK;STK32B;MBOAT4;DYRK4;PKN2;PRKX;LRRK2;CDK2;BRSK1;DCLK3;TTBK2;PRKCZ;CAMK1;PBK;WNK1;MKNK1;STK32C;TGFBR2;MAST1;CSNK2A1;PRKCB;MAP3K12;POGLUT2;STK32A;PRKCE;TTK;TDGF1;MAPKAPK3;PRKCG;MAP3K20;CSNK2A2;VRK2;ROCK2;CHUK;MASTL;PKN3;GAS6;CAB39;MKNK2;CDK5;MAST2;STK38;HIPK1;DGKQ;MAST3;PNCK;TOP1
KBTBD11,GO_Biological_Process_2023,prerank,Wound Healing (GO:0042060),-0.27833617726060916,-0.7411434419177902,0.9743589743589743,1.0,1.0,15/79,18.73%,CHMP1A;FGF1;SMPD1;SYTL4;TGFB2;LRG1;SRF;CLDN1;CORO1B;CHMP4A;PAK1;ERBB3;TSKU;EPB41L4B;PLEC
KBTBD11,GO_Biological_Process_2023,prerank,Negative Regulation Of Growth (GO:0045926),0.256247466044435,0.7409482684038363,0.9952380952380953,1.0,1.0,29/123,17.81%,MT1A;FBP1;SLIT1;SIPA1;DNAJB2;PPP1R9B;MT1M;SPHK2;CGRRF1;HYAL1;CAPRIN2;FHL1;NDRG3;SMAD3;MT1F;CCDC85B;RTN4;IP6K2;RB1;SMARCA4;SH3BP4;TSPYL2;NDUFS3;TP53TG5;FRZB;MINAR1;CRLF3;OSGIN1;MSX1
KBTBD11,GO_Biological_Process_2023,prerank,rRNA Metabolic Process (GO:0016072),-0.2737177624263598,-0.74069396685306,0.9758364312267658,1.0,1.0,25/91,20.50%,SLFN14;EXOSC10;DDX27;DDX49;RRP9;EXOSC7;WDR74;EXOSC5;MAPT;PIH1D1;NOLC1;DDX54;DEDD2;RPS19;NOB1;PES1;EXOSC4;SPPL2B;EXOSC3;DIS3;CAVIN1;SIRT7;EXOSC2;NIFK;SLFN12
KBTBD11,GO_Biological_Process_2023,prerank,Regulation Of Heterotypic Cell-Cell Adhesion (GO:0034114),-0.33729461603757727,-0.7406405218583141,0.9033989266547406,1.0,1.0,4/24,13.16%,MYADM;LCK;SKAP1;WNK1
KBTBD11,GO_Biological_Process_2023,prerank,Double-Strand Break Repair Via Homologous Recombination (GO:0000724),-0.26392893304392423,-0.7406237541969752,0.9947368421052631,1.0,1.0,52/111,26.60%,POLL;AP5S1;KAT5;EXD2;NSMCE3;CDC45;RAD51B;RAD21L1;SWSAP1;INIP;CHD4;MRE11;NSMCE4A;ZMYND8;NPC1;PALB2;NABP2;NSMCE1;STON1;SMC5;RPA1;XRCC1;WRN;HUS1;PSMD14;MCM6;FANCM;RECQL5;RMI1;RMI2;TONSL;XRCC3;FANCB;MCM2;INO80;MBTD1;XRCC2;ZSWIM7;LIG3;AUNIP;RAD51C;RAD51AP1;ERCC4;WDR48;RAD21;INTS3;SFPQ;MCM4;GINS2;RECQL4;RNF138;RPA2
KBTBD11,GO_Biological_Process_2023,prerank,Regulation Of Transcription Elongation By RNA Polymerase II (GO:0034243),-0.2767842383164293,-0.7405456846938973,0.982363315696649,1.0,1.0,34/77,26.45%,MED11;SIRT6;INTS5;EAPP;MED19;PWWP2B;MED27;MED29;ELL;ZMYND8;SUPT4H1;INTS8;INTS4;LARP7;INTS11;INTS2;MED28;HEXIM1;CDK12;RNF168;RECQL5;LEO1;MED18;NELFB;INTS7;NCBP1;INTS9;NELFA;MED31;BTBD18;SUPT5H;INTS3;MED21;MED30
KBTBD11,GO_Biological_Process_2023,prerank,Regulation Of Protein Localization (GO:0032880),0.2604026567723742,0.7405067909254882,0.9955056179775281,1.0,1.0,28/95,19.08%,TRIM68;TRIM34;PARP1;USP8;MAP1A;TRIM25;NKX3-1;RAB11B;TPR;RAB11FIP5;TRIM6;DLG1;RAB14;MAP2;TRIM21;GBF1;ZDHHC7;OOEP;VCPIP1;MMD;CTNNB1;TRIM46;VPS4A;ABCA2;ATP13A2;KDM1A;CEP72;WDPCP
KBTBD11,GO_Biological_Process_2023,prerank,Heterophilic Cell-Cell Adhesion Via Plasma Membrane Cell Adhesion Molecules (GO:0007157),-0.2938507718091409,-0.7400392168521862,0.9540441176470589,1.0,1.0,16/48,25.07%,ITGAL;NECTIN4;CRB2;AMIGO1;FAT4;AMIGO2;CEACAM19;CADM3;PVR;TENM1;IGSF21;SCARF2;CADM1;CD164;NECTIN3;ALCAM
KBTBD11,GO_Biological_Process_2023,prerank,Negative Regulation Of Endothelial Cell Proliferation (GO:0001937),0.30576139749430487,0.7399548338960832,0.9308855291576674,1.0,1.0,7/37,10.37%,TNMD;DLL4;SULF1;KRIT1;NGFR;CAV2;GHRL
KBTBD11,GO_Biological_Process_2023,prerank,Macromolecule Biosynthetic Process (GO:0009059),-0.2492672602940633,-0.7399053094709893,1.0,1.0,1.0,75/182,26.74%,POLL;INHBA;MRPL35;MRPS18C;HARS1;GSPT1;ZAR1L;EEF1D;EIF5A2;APOE;RPL37;ABCF1;MRPL36;MRPS15;MRPS12;GOLPH3;RPSA;RPL3L;MRRF;GTPBP2;RPL22;EXT2;MRPS6;RPL3;RPL6;RPS13;RPS19;TERT;RPL41;EIF5A;RPL28;RPS2;ST3GAL4;POLD1;MRPL42;RPL38;RPS6KB2;GSPT2;RPL18A;RPLP1;POLD2;RPL30;RPL29;MRPS16;EIF5AL1;MRPL11;RPL34;RPS9;GAL3ST4;MRPL18;RPL19;RPS27A;MRPL23;EEF2;RPS5;ST3GAL2;RPL21;INHA;RPL13;RPS3;RPS14;MRPS33;RPS20;MRPL27;RPS15A;MRPL14;RPL8;RPS27;COL5A1;MRPL10;GTPBP1;RPS15;RPL18;RPS25;SRBD1
KBTBD11,GO_Biological_Process_2023,prerank,Regulation Of Cardiac Muscle Cell Contraction (GO:0086004),0.3264287584702767,0.7397841516304703,0.893305439330544,1.0,1.0,12/26,20.35%,ATP2A1;FGF13;DLG1;PDE4D;STC1;SRI;DSP;CAV1;RANGRF;JUP;CACNA1C;ATP2A2
KBTBD11,GO_Biological_Process_2023,prerank,Peptidyl-Tyrosine Phosphorylation (GO:0018108),0.27676078857166947,0.7397410643935388,0.9736842105263158,1.0,1.0,25/67,20.43%,PRLR;TTBK1;BTK;RELN;EPHA1;ABL1;CLK1;EFEMP1;FGFR2;ABL2;FER;FLT3;ERBB4;FYN;EGFR;ABI2;FGFR4;PDGFB;KDR;PTPN6;EPHA3;LEP;DDR2;FLT4;INSR
KBTBD11,GO_Biological_Process_2023,prerank,Arachidonic Acid Metabolic Process (GO:0019369),0.2916736429138678,0.7396645311729554,0.9636363636363636,1.0,1.0,14/52,17.95%,CYP4F12;PLA2G10;ALOXE3;PNPLA8;ALOX12;CYP2D7;CYP1B1;PLA2G4A;PLA2G4C;FAAH2;CBR1;PTGS1;CYP2E1;PLA2G4B
KBTBD11,GO_Biological_Process_2023,prerank,External Encapsulating Structure Organization (GO:0045229),-0.26629403207074887,-0.7396340319109707,0.9838709677419355,1.0,1.0,33/108,23.36%,ADAMTS15;COL7A1;MMP20;ADAMTS14;MMP9;MMP24;COL9A2;MMP11;NPNT;COL19A1;COL4A3;COL17A1;ADAMTS3;ADAMTS16;MATN4;COL11A1;MATN2;ADAMTS9;ADAMTS19;ADAMTS20;SPINT1;ADAMTS12;ECM2;COL10A1;ADAMTS13;MMP15;VIT;TGFBI;MMP17;COLQ;COL8A1;FURIN;COL28A1
KBTBD11,GO_Biological_Process_2023,prerank,Innate Immune Response-Activating Signaling Pathway (GO:0002758),-0.36224135209007996,-0.7394314215337507,0.8413001912045889,1.0,1.0,5/16,24.14%,NOD2;INAVA;NAIP;NLRC4;NLRP1
KBTBD11,GO_Biological_Process_2023,prerank,mRNA Modification (GO:0016556),0.32990131328065003,0.7391469276522007,0.8886509635974305,1.0,1.0,10/27,22.55%,METTL3;PUS7L;TRMT61A;METTL14;TRUB2;DKC1;PCIF1;METTL4;PUS3;NSUN2
KBTBD11,GO_Biological_Process_2023,prerank,Negative Regulation Of Lipid Catabolic Process (GO:0050995),0.3552400674257285,0.739071996514231,0.867237687366167,1.0,1.0,4/18,20.00%,PLIN5;PDE3B;AKT1;GPLD1
KBTBD11,GO_Biological_Process_2023,prerank,Heterochromatin Formation (GO:0031507),-0.32460911318429375,-0.7389275353379274,0.8940520446096655,1.0,1.0,9/30,16.61%,SIRT1;NRDE2;L3MBTL1;UHRF1;LMNA;ZNFX1;CBX3;SMARCA5;EZH1
KBTBD11,GO_Biological_Process_2023,prerank,Negative Regulation Of Axonogenesis (GO:0050771),0.34227204668417116,0.7387919722464499,0.8723849372384938,1.0,1.0,9/22,17.83%,RTN4R;PTPRS;RTN4;FGF13;MAP2;DCC;TRIM46;MCF2;RUFY3
KBTBD11,GO_Biological_Process_2023,prerank,Negative Regulation Of Rho Protein Signal Transduction (GO:0035024),0.36368493912026384,0.7385283552936004,0.8394793926247288,1.0,1.0,5/17,15.45%,CCDC125;ARHGAP35;DYNLL1;KANK1;KCTD10
KBTBD11,GO_Biological_Process_2023,prerank,Regulation Of G0 To G1 Transition (GO:0070316),0.3136675026119932,0.7385170450636224,0.9271948608137045,1.0,1.0,12/32,15.31%,DPF2;BRD7;ACTL6A;SMARCC2;CDKN2B;CHEK1;SMARCB1;SMARCD1;RRM1;BCL7A;SMARCA4;RRM2B
KBTBD11,GO_Biological_Process_2023,prerank,Positive Regulation Of Cold-Induced Thermogenesis (GO:0120162),0.25932372596460984,0.738515113642813,0.9977272727272727,1.0,1.0,31/98,22.62%,PER2;PRLR;KDM6B;LPIN1;HSF1;YBX2;EPAS1;ADIPOR1;IL18;DIO2;PRKAB2;GHRL;ELOVL3;CPT2;DECR1;SCD;SMARCA4;VEGFA;PRKAB1;CAV1;KDM1A;LEP;ADRB2;APLP2;GADD45G;CNKSR2;UCP2;CMKLR1;OXTR;IGF1R;TSHR
KBTBD11,GO_Biological_Process_2023,prerank,Regulation Of Double-Strand Break Repair (GO:2000779),0.2637636289681158,0.7380945062064151,0.9884259259259259,1.0,1.0,32/88,19.67%,TWIST1;FIGNL1;DPF2;PPP4R3B;OTUB1;BRD7;ACTL6A;SMARCC2;TRRAP;CHEK1;SMARCB1;SMARCD1;BCL7A;USP51;DEK;RUVBL2;RNF169;OOEP;SMARCA4;UBE2N;MEAF6;DMAP1;MRGBP;EPC1;FOXM1;ATRIP;WRAP53;KDM1A;SHLD2;TEX15;UBR5;EPC2
KBTBD11,GO_Biological_Process_2023,prerank,Peptide Catabolic Process (GO:0043171),0.3484514057676739,0.7378187350673346,0.8622222222222222,1.0,1.0,6/21,13.93%,CPQ;ERAP1;TPP1;XPNPEP1;LNPEP;ERAP2
KBTBD11,GO_Biological_Process_2023,prerank,Regulation Of Protein Polymerization (GO:0032271),-0.3206241762348231,-0.7376457257141259,0.8840579710144928,1.0,1.0,9/33,16.70%,TPPP;ARHGAP40;RASA1;DAAM2;ARHGAP28;MAPT;ARL2;CAMSAP2;GBA2
KBTBD11,GO_Biological_Process_2023,prerank,Regulation Of T Cell Receptor Signaling Pathway (GO:0050856),-0.3121955629172235,-0.7374977140388242,0.9227871939736346,1.0,1.0,15/34,25.68%,PVRIG;SLA2;CD81;RC3H1;CD300A;LCK;IKBKG;PHPT1;PTPRJ;DUSP3;PTPN2;NECTIN2;RPS3;LGALS3;THY1
KBTBD11,GO_Biological_Process_2023,prerank,Lymphocyte Proliferation (GO:0046651),-0.326861477773008,-0.7373819648681144,0.9074074074074074,1.0,1.0,5/30,19.87%,IFNK;ELF4;CD70;LMBR1L;MEF2C
KBTBD11,GO_Biological_Process_2023,prerank,Positive Regulation Of Mitochondrion Organization (GO:0010822),-0.292345226458724,-0.7371176077211007,0.9558011049723757,1.0,1.0,17/58,19.19%,MMP9;GPER1;MUL1;HTT;MFF;HIP1R;BAX;CHCHD10;TP53;ZNF205;MIEF1;GSK3A;CIDEB;BID;PRKN;PGAM5;BAK1
KBTBD11,GO_Biological_Process_2023,prerank,Endosome To Lysosome Transport (GO:0008333),-0.29427703727069376,-0.7370412473717428,0.9572192513368984,1.0,1.0,25/57,21.39%,TSG101;PLEKHF2;CACNG4;GPRASP1;VIPAS39;RAB7A;HOOK1;PXK;CACNG2;CACNG5;PLEKHF1;TPCN2;CLEC16A;CACNG7;SNAPIN;HOOK3;EPG5;CACNG8;VPS18;ATG14;FHIP1B;SNX16;SORT1;UBXN6;M6PR
KBTBD11,GO_Biological_Process_2023,prerank,Regulation Of Calcium Ion-Dependent Exocytosis (GO:0017158),-0.3299197376663474,-0.7369880744915431,0.9051094890510949,1.0,1.0,11/28,23.31%,TRPV6;RPH3A;DOC2B;DOC2A;STXBP1;SCAMP5;RPH3AL;SYT1;SYT9;SYT17;STXBP3
KBTBD11,GO_Biological_Process_2023,prerank,Negative Regulation Of Canonical Wnt Signaling Pathway (GO:0090090),-0.2636677143370115,-0.7366586348890326,0.9931153184165232,1.0,1.0,45/112,25.99%,DKK2;CSNK1A1;APC2;GLI1;LRP4;BMP2;AMER2;FRMD8;SNAI2;APOE;TMEM64;DKKL1;RBMS3;PFDN5;TMEM88B;PTPRO;TLE1;GSK3A;STK11;HECW1;DAB2;EMD;NPHP4;PRKN;WWTR1;DAB2IP;MDK;LMBR1L;NKD1;IGFBP4;CCDC88C;JADE1;CYLD;TLE2;CTNND1;DRAXIN;INVS;PRICKLE1;MCC;DKK3;DACT3;SFRP2;AXIN1;AMFR;LIMD1
KBTBD11,GO_Biological_Process_2023,prerank,Negative Regulation Of Telomere Maintenance (GO:0032205),-0.3805663974524397,-0.7365646571065276,0.8252252252252252,1.0,1.0,4/15,14.36%,TNKS2;SMG6;RAD50;TERF1
KBTBD11,GO_Biological_Process_2023,prerank,Mammary Gland Development (GO:0030879),-0.3432752767801202,-0.7365314327019156,0.8776290630975143,1.0,1.0,7/22,19.88%,WNT4;TBX3;WNT3;FOXB1;TDGF1;ZBTB7B;GPAT4
KBTBD11,GO_Biological_Process_2023,prerank,Positive Regulation Of Interleukin-1 Beta Production (GO:0032731),0.2850896614084012,0.7359849704643711,0.9479166666666666,1.0,1.0,7/56,12.93%,IL6;ISL1;AZU1;LCP1;STMP1;PANX1;HSPB1
KBTBD11,GO_Biological_Process_2023,prerank,Cellular Response To Calcium Ion (GO:0071277),0.2771738191208691,0.7358747492235671,0.96,1.0,1.0,23/68,22.68%,ITPKA;CHP2;SYT3;CPNE5;CPNE1;ITPKB;SYT13;SYT10;MEF2A;CPNE4;LGMN;IQGAP1;PPIF;SYT7;WNT5A;SYT2;ADGRV1;CPNE7;CLU;GPLD1;SYT11;SYT4;CPNE8
KBTBD11,GO_Biological_Process_2023,prerank,Fatty Acid Catabolic Process (GO:0009062),-0.28298387002058223,-0.735705308356277,0.9725274725274725,1.0,1.0,25/61,25.66%,SLC27A2;FAAH;ECHS1;HACL1;GLYATL2;ACADL;MTLN;ACAD10;ILVBL;HSD17B10;LPIN3;HSD17B4;NUDT7;ACAA1;PCCA;AIG1;LPIN2;MCEE;ACOX1;ECI1;EHHADH;SLC25A17;ECHDC2;ECHDC1;PEX2
KBTBD11,GO_Biological_Process_2023,prerank,Nuclear-Transcribed mRNA poly(A) Tail Shortening (GO:0000289),-0.34897901520107255,-0.7356444779605751,0.8503787878787878,1.0,1.0,8/20,25.98%,CNOT6;CNOT7;CNOT9;CNOT4;ZFP36;PAN2;CNOT2;CNOT8
KBTBD11,GO_Biological_Process_2023,prerank,Protein K63-linked Ubiquitination (GO:0070534),-0.2982060723708208,-0.7356100367128655,0.943579766536965,1.0,1.0,23/53,23.10%,ZFP91;UBE2D4;TRAF5;BFAR;NEDD4;TRIM22;UBE2V2;UBE2G1;TRIM56;TRIM3;PELI3;RNF168;PRKN;PELI1;WWP2;RNF4;TRIM5;RNF135;MAGEL2;HECTD1;RNF126;RNF152;TRAF4
KBTBD11,GO_Biological_Process_2023,prerank,Positive Regulation Of Dendrite Morphogenesis (GO:0050775),0.35774836637615637,0.7353906179593374,0.8552915766738661,1.0,1.0,8/17,22.91%,CUX1;RELN;CAPRIN2;CAPRIN1;IL1RAPL1;FBXW8;SS18L1;PTPRD
KBTBD11,GO_Biological_Process_2023,prerank,Cellular Lipid Catabolic Process (GO:0044242),-0.3359361677251175,-0.7350444105411994,0.900749063670412,1.0,1.0,7/23,15.99%,FAAH;ANGPTL3;LIPG;ACADL;PLD1;PLBD2;LPIN3
KBTBD11,GO_Biological_Process_2023,prerank,Regulation Of Spindle Assembly (GO:0090169),-0.3301441256432639,-0.735039849009607,0.8839285714285714,1.0,1.0,11/29,26.88%,CHMP1A;STIL;CHMP4A;RNF4;NUMA1;CHMP3;CHMP5;CHMP1B;CHMP2A;GPSM2;CEP97
KBTBD11,GO_Biological_Process_2023,prerank,Lipid Catabolic Process (GO:0016042),-0.35129845697491946,-0.7350048546267715,0.8777777777777778,1.0,1.0,3/21,8.27%,CES1P1;LIPG;AOAH
KBTBD11,GO_Biological_Process_2023,prerank,Protein Lipidation (GO:0006497),-0.28702830330777285,-0.7349146291326786,0.9567779960707269,1.0,1.0,17/61,21.70%,PIGO;ZDHHC12;ZDHHC22;ZDHHC16;ZDHHC14;PIGQ;PIGL;ZDHHC13;PIGB;ATG10;ATG16L1;WDR45B;PIGA;DPM2;PIGW;PGF;PIGP
KBTBD11,GO_Biological_Process_2023,prerank,Megakaryocyte Differentiation (GO:0030219),-0.3724453366120087,-0.7348982239857027,0.8263473053892215,1.0,1.0,2/17,5.22%,THPO;GP1BB
KBTBD11,GO_Biological_Process_2023,prerank,Regulation Of Focal Adhesion Assembly (GO:0051893),0.2875798454831764,0.734807955298768,0.9575892857142857,1.0,1.0,24/54,25.15%,GPM6B;COL16A1;ARHGAP6;CAMSAP3;RHOA;CLASP2;LIMCH1;BCAS3;CORO1C;ROCK1;DYNLL1;VEGFA;FYN;KDR;EPHA3;S100A10;THBS1;FAM107A;LDB1;MACF1;ACTG1;LIMS1;SFRP1;RCC2
KBTBD11,GO_Biological_Process_2023,prerank,Negative Regulation Of Type I Interferon-Mediated Signaling Pathway (GO:0060339),-0.37345513744516845,-0.7346509526090769,0.8614800759013282,1.0,1.0,6/15,14.48%,ISG15;MUL1;DCST1;CNOT7;OAS3;YTHDF3
KBTBD11,GO_Biological_Process_2023,prerank,Protein Monoubiquitination (GO:0006513),0.29654639793420007,0.7346091720322641,0.9428571428571428,1.0,1.0,15/47,17.55%,NEURL1;TRIM25;UBE2W;TNFSF13B;TRIM37;UBE2R2;RAD18;TRIM21;TOPORS;ZNF598;UBE2T;FANCE;PEX12;RAG1;FANCG
KBTBD11,GO_Biological_Process_2023,prerank,Protein Stabilization (GO:0050821),0.23974599661007337,0.7345657624255397,1.0,1.0,1.0,65/201,22.84%,COG7;PIK3R1;PARK7;SAXO1;APOA1;CCT7;PPIB;USP13;SMAD7;TRIM37;PIM2;RAB21;CRTAP;ZNF207;RTN4;COG3;RPS7;CCT4;GPI;HPS4;RUVBL2;USP27X;MORC3;COA8;TRIM44;WDR81;UBE2B;CCT8;CREBL2;H1-5;PRKRA;FLNA;LAMP1;VBP1;GET1;RPL17;PLPP3;RPAP3;MDM4;BAG3;EFNA1;PRKCD;MSX1;TTI1;PINK1;PEX6;PFN1;PFN2;CLU;AHSP;CCNH;IGF1;CDC37L1;PIH1D2;CCT3;SUMO1;HSPD1;PFDN2;NCLN;TAF9;TAF1;CCT2;MAPK8IP3;MCM8;BAG4
KBTBD11,GO_Biological_Process_2023,prerank,Regulation Of Vasculature Development (GO:1901342),-0.32217185958226857,-0.7345434384502413,0.8771929824561403,1.0,1.0,6/30,16.12%,CXCL13;BMPER;RAPGEF3;RNH1;PDCD10;GPNMB
KBTBD11,GO_Biological_Process_2023,prerank,Extracellular Matrix Organization (GO:0030198),-0.2487247343126676,-0.7342193200104087,1.0,1.0,1.0,46/174,20.60%,ADAMTS15;CTSS;COL7A1;TMPRSS6;MMP20;ADAMTS14;MMP9;MMP24;COL9A2;MMP11;NPNT;SERPINH1;COL19A1;TGFB2;KLK7;KLK4;COL4A3;FLRT2;COL17A1;ADAMTS3;PLOD3;ADAMTS16;MATN4;ADAM15;EXOC8;P3H4;COL11A1;MATN2;ADAMTS9;CTSK;ADAMTS19;NOXO1;ADAMTS20;CREB3L1;SPINT1;ADAMTS12;ECM2;GSN;GAS6;KIF9;NID1;TGFB1;COL10A1;ADAMTS13;MMP15;LOXL3
KBTBD11,GO_Biological_Process_2023,prerank,DNA Recombination (GO:0006310),-0.3061370313223603,-0.7339961407256829,0.9312169312169312,1.0,1.0,18/42,24.57%,RAD51B;XRCC6;MRPL36;MRE11;BARD1;XRCC5;RAD50;RPA1;ENDOG;RMI1;RMI2;TSN;XRCC3;HDAC10;XRCC2;THAP9;DMC1;RAD51C
KBTBD11,GO_Biological_Process_2023,prerank,DNA Replication Checkpoint Signaling (GO:0000076),0.36252252386165024,0.733720221099431,0.8516129032258064,1.0,1.0,5/17,14.23%,HUS1B;ZNF830;DNA2;CDC6;TOPBP1
KBTBD11,GO_Biological_Process_2023,prerank,Transport Along Microtubule (GO:0010970),0.34616979108353785,0.7336086178827902,0.8741573033707866,1.0,1.0,11/19,24.37%,ARHGAP21;CAMSAP3;DYNC1I1;BLOC1S2;DYNC1I2;BAG3;BLOC1S1;COPG2;CLIP3;BORCS5;COPG1
KBTBD11,GO_Biological_Process_2023,prerank,Regulation Of Ventricular Cardiac Muscle Cell Membrane Repolarization (GO:0060307),-0.3627674018000572,-0.7334552258181916,0.8678899082568807,1.0,1.0,5/17,17.21%,KCNE5;GJA5;CAV3;SCN4B;KCNE3
KBTBD11,GO_Biological_Process_2023,prerank,Regulation Of Metaphase/Anaphase Transition Of Cell Cycle (GO:1902099),-0.32022100412363935,-0.7334164582965869,0.9145454545454546,1.0,1.0,13/32,18.80%,DPF3;SMARCD3;SMARCD2;DPF1;UBE2C;BCL7C;ARID1A;CENPE;ACTL6B;SMARCA2;MAP3K20;SMARCE1;SMARCC1
KBTBD11,GO_Biological_Process_2023,prerank,Mitochondrial ATP Synthesis Coupled Electron Transport (GO:0042775),0.2749645461273465,0.7333192075812648,0.9853556485355649,1.0,1.0,30/68,25.04%,COX6A2;NDUFAF1;NDUFA1;NDUFA6;NDUFB8;UQCR10;NDUFS4;NDUFS8;COX15;NDUFV2;NDUFB5;NDUFA3;COX7A2;NDUFS3;COX4I1;NDUFA2;NDUFC2;NDUFB1;COX5B;UQCR11;NDUFAB1;CYCS;SDHD;COX7B;NDUFA12;NDUFS5;NDUFA10;UQCRHL;UQCRC1;NDUFB2
KBTBD11,GO_Biological_Process_2023,prerank,Establishment Of Protein Localization To Mitochondrion (GO:0072655),-0.29879382927715603,-0.7332242155228462,0.9312839059674503,1.0,1.0,12/44,17.63%,TIMM10;DNAJC19;TOMM34;MFF;TOMM5;GDAP1;ROMO1;TIMM9;AIP;TIMM13;MFN2;GRPEL2
KBTBD11,GO_Biological_Process_2023,prerank,tRNA Aminoacylation For Protein Translation (GO:0006418),-0.3138967311211325,-0.7330823705594111,0.9223484848484849,1.0,1.0,13/35,22.28%,HARS1;TARS3;SARS2;NARS2;IARS1;CARS1;MARS2;FARS2;QARS1;LARS2;KARS1;GARS1;IARS2
KBTBD11,GO_Biological_Process_2023,prerank,RNA Stabilization (GO:0043489),-0.3117251040400436,-0.7326473875897842,0.9219858156028369,1.0,1.0,7/36,10.43%,TENT5D;LARP1;TENT5C;CIRBP;NRDE2;PHAX;DND1
KBTBD11,GO_Biological_Process_2023,prerank,mRNA Polyadenylation (GO:0006378),0.32834570700567706,0.7323454393300541,0.9127659574468086,1.0,1.0,7/24,18.18%,SYMPK;GRSF1;PCF11;PABPC1;CPSF1;WDR33;PAPOLB
KBTBD11,GO_Biological_Process_2023,prerank,NADH Dehydrogenase Complex Assembly (GO:0010257),-0.28907207837631516,-0.7322903501493897,0.9695340501792115,1.0,1.0,15/53,18.85%,NDUFB7;TMEM126A;DMAC2;NDUFAF4;NDUFAF8;NDUFB10;DMAC1;NDUFB6;NDUFAF5;NDUFA13;ECSIT;NDUFA5;OXA1L;NDUFB4;NDUFA8
KBTBD11,GO_Biological_Process_2023,prerank,Mitochondrial Respiratory Chain Complex I Assembly (GO:0032981),-0.28907207837631516,-0.7322903501493897,0.9695340501792115,1.0,1.0,15/53,18.85%,NDUFB7;TMEM126A;DMAC2;NDUFAF4;NDUFAF8;NDUFB10;DMAC1;NDUFB6;NDUFAF5;NDUFA13;ECSIT;NDUFA5;OXA1L;NDUFB4;NDUFA8
KBTBD11,GO_Biological_Process_2023,prerank,Diol Biosynthetic Process (GO:0034312),0.35639633407010846,0.7321811130602117,0.849015317286652,1.0,1.0,5/17,17.05%,ACER1;SPTLC1;SPHK2;SPTLC2;SPTLC3
KBTBD11,GO_Biological_Process_2023,prerank,Positive Regulation Of Canonical Wnt Signaling Pathway (GO:0090263),-0.27230214752270443,-0.7321266318835443,0.9823943661971831,1.0,1.0,20/84,20.24%,DKK2;TNKS2;DAAM2;RNF220;HHEX;LRRK2;EGF;CCAR2;FZD9;RUVBL1;PIN1;MRPS12;WNK1;SOX4;FRAT1;TBL1XR1;WNK2;JRK;RNF146;TGFB1
KBTBD11,GO_Biological_Process_2023,prerank,Membrane Protein Ectodomain Proteolysis (GO:0006509),-0.34839790669917503,-0.7319149086255955,0.8534322820037106,1.0,1.0,12/22,26.80%,BACE1;APH1A;DAG1;HM13;PSEN2;BACE2;SPPL2B;SPPL2A;RBMX;ADAM19;NCSTN;PSEN1
KBTBD11,GO_Biological_Process_2023,prerank,Type I Interferon-Mediated Signaling Pathway (GO:0060337),-0.3267417524346681,-0.7316128329584762,0.8969258589511754,1.0,1.0,2/29,2.64%,IFNK;IFI27
KBTBD11,GO_Biological_Process_2023,prerank,RNA Processing (GO:0006396),-0.246716230600541,-0.7315846353880716,1.0,1.0,1.0,49/183,20.01%,EXOSC10;SRPK1;PRPF18;NOL3;TENT4B;FASTKD5;PRPF6;ELAVL4;SNRNP25;RNGTT;SF3B2;RBM8A;PRMT1;EXOSC7;NRDE2;CCAR2;RRAGC;TBRG4;SNRNP48;SNRPD3;DHX8;EXOSC5;PRPF8;DDX39B;ZRSR2;SF3A2;RSRC1;ZCRB1;DDX54;DEDD2;KHSRP;ADARB1;IVNS1ABP;PRPF4B;HNRNPC;NOL9;CDK12;EXOSC4;ADARB2;HNRNPUL1;TFIP11;YJU2B;EXOSC3;EXOSC1;DIS3;EXOSC2;RBM3;SRRM4;MAGOHB
KBTBD11,GO_Biological_Process_2023,prerank,Positive Regulation Of Cellular Catabolic Process (GO:0031331),0.24816393720007318,0.7314464952104851,0.9975961538461539,1.0,1.0,45/145,21.29%,TWIST1;TRIM68;PTPN1;TRIM34;PLIN5;GRSF1;ADRA2A;MLST8;TNFRSF1B;CNOT1;TPCN1;ATG101;SNX9;PIM2;TRIM32;FOXO1;NRDC;TTC5;GSK3B;TRIM6;IRS1;TRIM21;ROCK1;PIK3C2A;ABHD5;BAD;SH3BP4;MTDH;DTX3L;TRIM65;SVIP;RPTOR;TMEM59;PRKCD;TFEB;MID2;USP20;TRIM8;IGF1;GPLD1;INSR;ADAM8;PRKD1;HIF1A;GAPDHS
KBTBD11,GO_Biological_Process_2023,prerank,Regulation Of Behavior (GO:0050795),0.350803088699635,0.7314068813487051,0.8488120950323974,1.0,1.0,4/19,9.03%,CNTNAP4;MBD5;RELN;NR1D1
KBTBD11,GO_Biological_Process_2023,prerank,Cardiac Muscle Cell Development (GO:0055013),0.32038263690167834,0.7310606690486142,0.893305439330544,1.0,1.0,7/26,16.52%,ALPK2;MYH11;PDLIM5;SLC8A1;VEGFA;MYLK3;LRRC27
KBTBD11,GO_Biological_Process_2023,prerank,Protein N-linked Glycosylation Via Asparagine (GO:0018279),0.33444303933205854,0.7308000953878963,0.896049896049896,1.0,1.0,7/23,18.36%,ALG8;RPN2;UGGT1;OST4;STT3A;STT3B;MAGT1
KBTBD11,GO_Biological_Process_2023,prerank,Cellular Response To Transforming Growth Factor Beta Stimulus (GO:0071560),-0.26654618309441286,-0.7307537962896339,0.9907749077490775,1.0,1.0,22/96,16.34%,SRC;WNT4;PTK2;XCL1;FNTA;SIRT1;TGFB2;CRKL;PDE2A;SMAD6;SMAD5;LPXN;APPL1;STAT3;USP9X;FOS;CITED1;TGFBR2;ENG;NR3C1;OVOL2;FOXH1
KBTBD11,GO_Biological_Process_2023,prerank,Negative Regulation Of Protein Secretion (GO:0050709),0.3019510167438519,0.7307034761748264,0.9420600858369099,1.0,1.0,11/39,12.91%,BMP8A;DRD4;CHGA;CD200;SIRT4;FOXO1;RAB11FIP5;REST;RAB11FIP3;DPH3;IRS1
KBTBD11,GO_Biological_Process_2023,prerank,Positive Regulation Of B Cell Activation (GO:0050871),0.28517224236011013,0.7306381395181553,0.9652173913043478,1.0,1.0,14/52,16.08%,IL6;MMP14;CLCF1;MAD2L2;BTK;SH3KBP1;TNFSF13B;PPP2R3C;CD40;IL7;KMT5B;TFRC;SHLD1;TIRAP
KBTBD11,GO_Biological_Process_2023,prerank,Negative Regulation Of Protein Localization (GO:1903828),-0.3024742489334157,-0.7304272520080574,0.9301470588235294,1.0,1.0,12/40,18.30%,SIRT6;YWHAZ;CAV3;NSFL1C;TTBK2;SNX33;RIPOR2;COMMD1;ILRUN;BTF3;ROCK2;MFHAS1
KBTBD11,GO_Biological_Process_2023,prerank,Positive Regulation Of Cellular Biosynthetic Process (GO:0031328),0.2417695364155132,0.7304160378397767,1.0,1.0,1.0,50/174,21.37%,CD28;AVPR1B;IL6;PIWIL2;PLIN5;SORBS1;METTL3;PARK7;HTR2C;SLC27A1;NR1D1;RPS27L;UPF3B;FOXO1;ELOVL5;DDAH1;KAT2B;PPP1R3E;TCF7L2;SMAD3;SSB;ZCCHC4;ADSL;IRS1;MID1IP1;METTL14;CTNNB1;HNRNPD;KLF4;PLXNB2;PCIF1;FGFR4;PDGFB;YTHDF1;VIM;FXR2;PRKDC;SIRT2;CLU;FGF2;IGF1;THBS1;AKT1;ELAVL1;GPLD1;INSR;SMOC2;EIF4A3;HIF1A;NOS1AP
KBTBD11,GO_Biological_Process_2023,prerank,Regulation Of Insulin-Like Growth Factor Receptor Signaling Pathway (GO:0043567),0.34897233834779234,0.7302057647809829,0.8303571428571429,1.0,1.0,7/19,20.68%,NKX3-1;PHIP;GHRH;INPPL1;IGF1;IGFBP6;IGFBP2
KBTBD11,GO_Biological_Process_2023,prerank,Non-Canonical Wnt Signaling Pathway (GO:0035567),0.30105774669307367,0.7301339421711803,0.9406392694063926,1.0,1.0,17/40,22.46%,DVL2;FZD6;RHOA;FZD4;CELSR2;RYK;GPI;CELSR3;FRZB;WNT5A;SMURF2;WNT9B;FZD8;VANGL1;SFRP5;SFRP4;VANGL2
KBTBD11,GO_Biological_Process_2023,prerank,Negative Regulation Of Extrinsic Apoptotic Signaling Pathway In Absence Of Ligand (GO:2001240),-0.33780009214724444,-0.7300072102555082,0.8671726755218216,1.0,1.0,8/22,25.19%,IFI6;IL1A;SNAI2;BCL2L1;TERT;EYA3;MCL1;EYA4
KBTBD11,GO_Biological_Process_2023,prerank,Negative Regulation Of Signal Transduction In Absence Of Ligand (GO:1901099),-0.33780009214724444,-0.7300072102555082,0.8671726755218216,1.0,1.0,8/22,25.19%,IFI6;IL1A;SNAI2;BCL2L1;TERT;EYA3;MCL1;EYA4
KBTBD11,GO_Biological_Process_2023,prerank,snRNA Metabolic Process (GO:0016073),-0.3370096398199469,-0.7297422766117752,0.8836363636363637,1.0,1.0,10/21,23.93%,INTS5;SNAPC3;INTS8;INTS4;INTS11;INTS2;TUT1;INTS7;RBM7;INTS9
KBTBD11,GO_Biological_Process_2023,prerank,Regulation Of Keratinocyte Proliferation (GO:0010837),-0.33491532682444763,-0.7294842590719478,0.8907407407407407,1.0,1.0,6/24,18.82%,KLF9;LRG1;SNAI2;EPB41L4B;MDK;STXBP4
KBTBD11,GO_Biological_Process_2023,prerank,Protein Autoubiquitination (GO:0051865),-0.2750362289234888,-0.7293917582771428,0.9768270944741533,1.0,1.0,25/70,20.26%,RNF112;TRIM17;OBI1;TRIM13;RNF220;BFAR;UHRF1;TRIM11;RNF122;BARD1;DEPDC1B;BABAM2;SH3RF1;KLHL24;RNF185;RNF141;SH3RF2;CNOT4;PRKN;UBE2D3;RNF41;WWP2;UBE3D;RNF146;RNF4
KBTBD11,GO_Biological_Process_2023,prerank,Positive Regulation Of Protein Localization To Plasma Membrane (GO:1903078),-0.2892833016278378,-0.7293681549186803,0.948943661971831,1.0,1.0,13/51,17.18%,SQSTM1;GPER1;STAC2;STX4;SPTBN1;LRP1;RAMP3;RACK1;AKAP5;PTPN9;PRKCE;PLS1;STAC
KBTBD11,GO_Biological_Process_2023,prerank,Myeloid Leukocyte Differentiation (GO:0002573),0.27227161778550296,0.7292238920090562,0.9762419006479481,1.0,1.0,12/70,14.77%,IL33;IGSF23;LIF;PARP1;PRTN3;CSF1;THOC5;CD4;SNX10;CAMK4;VEGFA;MYH9
KBTBD11,GO_Biological_Process_2023,prerank,Positive Regulation Of Cytoskeleton Organization (GO:0051495),0.2668604934218196,0.7289909398237704,0.9867549668874173,1.0,1.0,28/78,22.58%,SYNPO2L;VIL1;LMOD1;CDC42EP5;PDXP;NCKAP1;SORBS3;SNX9;BIN1;CDC42EP2;FCHSD1;BCAS3;FER;KATNBL1;SEMA5A;MYLK3;FCHSD2;CTTN;CENPJ;CX3CL1;MTSS1;PFN1;PFN2;PROX1;PFDN2;SASS6;FES;CARMIL1
KBTBD11,GO_Biological_Process_2023,prerank,Regulation Of Synaptic Vesicle Exocytosis (GO:2000300),0.35349807248631127,0.7287406668784714,0.8893617021276595,1.0,1.0,3/17,7.98%,SEPTIN5;RIMS3;RAB3GAP1
KBTBD11,GO_Biological_Process_2023,prerank,Positive Regulation Of Hydrolase Activity (GO:0051345),-0.24852258485939602,-0.7286624791704347,1.0,1.0,1.0,43/172,21.02%,CTSS;CCL25;MAPK12;XCL1;FNTA;CALM2;BMP2;NTRK1;SOS2;EVI5L;MAP4K4;CALM3;RAPGEF3;RASGRP2;GNB5;RGS11;AGRN;DOCK9;RACK1;PIN1;DOCK7;SOS1;BCAR3;CTSK;RAP1GAP;HMGB2;RAPGEFL1;RASGRP4;NDUFA13;WRN;SGSM3;RGS16;F2R;PLXNB1;RAPGEF2;DOCK11;MTMR9;CDKL5;FERMT2;TBC1D20;ARHGAP27;RCAN3;USP6NL
KBTBD11,GO_Biological_Process_2023,prerank,Cellular Response To Epidermal Growth Factor Stimulus (GO:0071364),0.32256992796954403,0.72860928538814,0.9112554112554112,1.0,1.0,8/27,16.13%,VIL1;SOX9;MARS1;MED1;PTPN11;EEF1A1;IQGAP1;EGFR
KBTBD11,GO_Biological_Process_2023,prerank,Regulation Of Protein Localization To Cell Surface (GO:2000008),0.31583157732089967,0.728428638971849,0.9046653144016227,1.0,1.0,10/31,14.59%,GPM6B;MAP1A;RAB11B;GOPC;RIC3;RAB11FIP5;ABCA7;GBF1;TAX1BP3;CTNNB1
KBTBD11,GO_Biological_Process_2023,prerank,Regulation Of Membrane Depolarization (GO:0003254),0.3447400155357577,0.7283368189328084,0.8793103448275862,1.0,1.0,5/20,10.61%,SCN2B;SMAD7;HCN2;SCN1B;FHL1
KBTBD11,GO_Biological_Process_2023,prerank,Mitotic Nuclear Division (GO:0140014),-0.2982393165348351,-0.7282900782601278,0.9396709323583181,1.0,1.0,21/45,25.89%,KIF25;UBE2C;KLHL22;CHMP4A;NUP62;DSN1;WAPL;NSL1;ESPL1;PPP2R2D;CTDP1;KIFC1;SMC1A;INO80;TUBG1;CLASP1;RAN;SGO1;CHMP2A;KNSTRN;KIF3B
KBTBD11,GO_Biological_Process_2023,prerank,Negative Chemotaxis (GO:0050919),-0.3147449865730699,-0.7279269662213623,0.9123134328358209,1.0,1.0,3/31,3.30%,LRTM2;SEMA7A;SEMA6C
KBTBD11,GO_Biological_Process_2023,prerank,Regulation Of Protein Targeting To Mitochondrion (GO:1903214),-0.3077498535185934,-0.7278404333638022,0.9325626204238922,1.0,1.0,11/38,19.29%,SIAH3;LRRK2;PIN1;RNF2;CSNK2A2;GSK3A;RAC2;FBXW7;PRKN;HUWE1;UBE2D3
KBTBD11,GO_Biological_Process_2023,prerank,Regulation Of Protein Catabolic Process (GO:0042176),-0.2586344323464382,-0.7277799816095538,0.9982698961937716,1.0,1.0,46/122,24.26%,ASB5;APC2;OAZ3;TNFSF12;TIPARP;IDE;GFAP;CHEK2;RAB7A;NEDD4;EGLN2;APOE;STX5;PIN1;BARD1;CENATAC;CSNK2A1;CTSA;SNX12;GPX1;NDUFA13;PRKCG;CYP51A1;GSK3A;PSMD14;DDB1;BANP;AZIN1;PRKN;DAB2IP;TMF1;RNF41;NKD1;VGLL4;NQO1;WDR91;PSME3;CUL4A;NSF;ATRAID;OAZ2;ODC1;FURIN;PHB1;PSME1;USP14
KBTBD11,GO_Biological_Process_2023,prerank,Regulation Of Mitotic Nuclear Division (GO:0007088),-0.28846191989525205,-0.727695528214359,0.9730250481695568,1.0,1.0,15/56,17.29%,TGFA;RGCC;CUL9;PDGFRB;IL1A;EGF;L3MBTL1;DRD3;CCNB1;PIN1;MKI67;NUP62;RCC1;CUL7;FBXO43
KBTBD11,GO_Biological_Process_2023,prerank,Regulation Of DNA Replication (GO:0006275),-0.27630283294391944,-0.7276277591413701,0.9862306368330465,1.0,1.0,26/75,21.95%,GLI1;ACTR5;NPM2;OBI1;ORC3;EGF;RUVBL1;JADE2;SMC3;SMARCA5;BCAR3;TERF1;STON1;ING5;WAPL;CHRAC1;BRPF3;ATAD5;KAT7;PDS5A;GTPBP4;DHX9;PCNA;INO80;JADE1;INO80C
KBTBD11,GO_Biological_Process_2023,prerank,Regulation Of Monoatomic Ion Transport (GO:0043269),-0.32100474331944195,-0.7275570119456998,0.9092592592592592,1.0,1.0,9/28,19.63%,KCNJ6;KCNJ11;KCNJ9;NEDD4;PXK;KCNJ10;KCNJ2;KCNJ14;WWP2
KBTBD11,GO_Biological_Process_2023,prerank,Neuron Projection Development (GO:0031175),-0.2442958767360068,-0.7275322382030428,1.0,1.0,1.0,47/192,20.76%,FLRT3;STMN4;KLK8;BHLHA15;MNX1;POU4F1;NOL3;STMND1;MAP4K4;BICDL1;TAOK3;NCDN;LRRK2;PRMT1;NEDD4;LYN;APOE;VAPA;DNM2;MAPT;TBC1D24;DOCK7;PAK1;SH3GL2;CAMSAP2;ZNF365;CDNF;SAMD14;SNAPIN;BDNF;TBC1D23;ATCAY;HDGFL3;TSKU;NYAP1;USH1C;PLXNB1;PACSIN1;ANKRD27;DAB2IP;RAPGEF2;SLC9A6;CDK5;TUNAR;GPM6A;MAP1S;EPHB1
KBTBD11,GO_Biological_Process_2023,prerank,Positive Regulation Of Glial Cell Differentiation (GO:0045687),-0.3608592143839373,-0.7273257749122696,0.8651685393258427,1.0,1.0,9/17,22.24%,BMP2;EGR2;NOTCH1;ZNF365;MDK;PTN;TGFB1;HES1;PTPRZ1
KBTBD11,GO_Biological_Process_2023,prerank,Positive Regulation Of Intracellular Transport (GO:0032388),-0.3043318822771452,-0.7271403895135239,0.942652329749104,1.0,1.0,19/39,25.55%,RIPOR1;STRIT1;PCNT;NEDD4;PDCD10;B3GAT3;STK11;CEP290;ACTN2;PGAP1;TENM1;TBC1D20;NUMA1;PLK3;VAMP2;OAZ2;STX18;SORL1;CEP131
KBTBD11,GO_Biological_Process_2023,prerank,Regulation Of Cardiac Conduction (GO:1903779),0.33775767673850876,0.7270359202464034,0.8716216216216216,1.0,1.0,7/21,14.07%,ATP2A1;ATP2B3;SLC8A3;ATP2B4;SLC8A2;PRKACA;SLC8A1
KBTBD11,GO_Biological_Process_2023,prerank,Regulation Of Cell-Cell Adhesion (GO:0022407),0.29144794113325306,0.7265789849762396,0.9556962025316456,1.0,1.0,15/42,22.32%,FUT3;SMAD7;TENM3;FERMT3;PTPRR;CELSR2;CEACAM1;SPINT2;FUT4;PLPP3;FUT9;NF2;PODXL;ADAM8;FSTL3
KBTBD11,GO_Biological_Process_2023,prerank,Regulation Of Protein Neddylation (GO:2000434),-0.3560417636866466,-0.7265177227437271,0.8675373134328358,1.0,1.0,9/18,26.43%,COPS9;COPS3;DCUN1D3;COPS4;GPS1;DCUN1D4;DCUN1D2;COPS7A;DCUN1D1
KBTBD11,GO_Biological_Process_2023,prerank,Clathrin-Dependent Endocytosis (GO:0072583),0.31365320385807,0.7264520237100947,0.9105145413870246,1.0,1.0,10/27,23.02%,GAK;OCRL;LMBRD1;CLTB;ITSN2;FCHSD2;STON2;MAGI2;DLL1;FCHO1
KBTBD11,GO_Biological_Process_2023,prerank,ERK1 And ERK2 Cascade (GO:0070371),0.32929149187255025,0.7262037951121391,0.8898876404494382,1.0,1.0,12/24,25.24%,DUSP9;SOX9;MYC;DUSP5;MAPK1;MAP2K1;KDR;IGF1;PTGER4;ZFP36L2;ITGAV;DUSP7
KBTBD11,GO_Biological_Process_2023,prerank,Regulation Of Double-Strand Break Repair Via Homologous Recombination (GO:0010569),0.26546573345369723,0.7261030817849776,0.9954022988505747,1.0,1.0,25/71,19.67%,FIGNL1;PARP1;MAD2L2;RADX;ACTL6A;TRRAP;CHEK1;PARPBP;USP51;HDGFL2;KLHL15;RUVBL2;SENP3;OOEP;MEAF6;DMAP1;MRGBP;EPC1;SHLD1;KMT5A;WRAP53;KDM1A;SHLD2;TEX15;EPC2
KBTBD11,GO_Biological_Process_2023,prerank,Vitamin Transport (GO:0051180),0.2953167158844761,0.7259656470169159,0.9623893805309734,1.0,1.0,14/39,19.22%,SLC52A1;CUBN;SLC2A8;APOA1;ABCG2;SLC27A1;SLC46A1;SLC19A2;GBAP1;SLC5A6;SLC25A32;CBLIF;SLC22A1;SLC2A6
KBTBD11,GO_Biological_Process_2023,prerank,Glutamine Family Amino Acid Catabolic Process (GO:0009065),0.35792456287076835,0.725796598565193,0.8666666666666667,1.0,1.0,3/15,10.63%,NOS3;ARG1;DDAH1
KBTBD11,GO_Biological_Process_2023,prerank,Histone H4-K5 Acetylation (GO:0043981),-0.3676792332106007,-0.7256206116120049,0.8647058823529412,1.0,1.0,9/15,26.90%,JADE2;OGT;ING5;ING4;KAT7;JADE1;KANSL2;KAT8;KANSL3
KBTBD11,GO_Biological_Process_2023,prerank,Histone H4-K8 Acetylation (GO:0043982),-0.3676792332106007,-0.7256206116120049,0.8647058823529412,1.0,1.0,9/15,26.90%,JADE2;OGT;ING5;ING4;KAT7;JADE1;KANSL2;KAT8;KANSL3
KBTBD11,GO_Biological_Process_2023,prerank,Positive Regulation Of Viral Genome Replication (GO:0045070),0.31405540791652287,0.72538388977307,0.927710843373494,1.0,1.0,8/29,16.17%,CD28;FKBP6;PABPC1;STAU1;TOP2B;SRPK2;PPIA;NR5A2
KBTBD11,GO_Biological_Process_2023,prerank,Regulation Of Actin Filament-Based Process (GO:0032970),0.2652021384480208,0.7251278152353839,0.9865168539325843,1.0,1.0,16/69,14.12%,CDK10;SIGLEC15;CCDC88A;GPM6B;MLST8;TAOK1;ARHGEF5;RHOA;CRK;ARHGAP35;EZR;ROCK1;HRAS;SH3BP1;ARHGAP17;DYNLL1
KBTBD11,GO_Biological_Process_2023,prerank,Endocrine System Development (GO:0035270),0.3331142324270928,0.7247604494170384,0.8959183673469387,1.0,1.0,4/23,11.40%,SIX3;SALL1;SOX2;GLI2
KBTBD11,GO_Biological_Process_2023,prerank,Regulation Of Kinase Activity (GO:0043549),-0.2660244987695565,-0.7245364443447078,0.9892280071813285,1.0,1.0,22/82,21.72%,TIE1;SOD1;IRS2;NTRK1;NTRK2;PDGFRB;CCNYL1;ANKRD54;MRE11;MAPT;RAD50;CD74;ERBB3;FGFR3;HLA-DRB1;SMG8;NTRK3;TTN;PLCE1;RBL2;TEK;ROR1
KBTBD11,GO_Biological_Process_2023,prerank,Negative Regulation Of Response To Biotic Stimulus (GO:0002832),-0.29429897244276176,-0.7243871526105604,0.9507299270072993,1.0,1.0,16/45,24.65%,IRGM;YWHAZ;MUL1;SIGIRR;NLRC3;MYO1C;DHX58;ILRUN;CACTIN;CEP63;CARD8;DTX4;TYRO3;TRAF3IP1;IFI16;RNF26
KBTBD11,GO_Biological_Process_2023,prerank,Positive Regulation Of Biosynthetic Process (GO:0009891),-0.29843695945554055,-0.7241631171543671,0.9382940108892922,1.0,1.0,11/44,20.42%,WNT4;RGCC;RAB27A;F2;HSD17B13;APOE;CYBA;CREB3L1;F2R;TGFB1;PPARA
KBTBD11,GO_Biological_Process_2023,prerank,Hexose Biosynthetic Process (GO:0019319),0.29877181521279295,0.724002004736772,0.9571734475374732,1.0,1.0,11/35,17.69%,FBP1;PER2;PGAM2;SLC25A13;G6PC3;PGM1;MDH1;GPI;PGK1;PFKFB1;CHST15
KBTBD11,GO_Biological_Process_2023,prerank,Regulation Of Isotype Switching (GO:0045191),0.37083201775237784,0.723977820522937,0.8562367864693446,1.0,1.0,6/15,19.23%,PARP3;MAD2L2;KMT5B;TFRC;SHLD1;SHLD2
KBTBD11,GO_Biological_Process_2023,prerank,Positive Regulation Of DNA Recombination (GO:0045911),-0.289482100175674,-0.7239654638157885,0.9648148148148148,1.0,1.0,16/51,21.13%,HMCES;WAS;INSL6;KAT5;MORF4L2;MMS19;KMT5C;YEATS4;RUVBL1;TIMELESS;PAXIP1;TP53BP1;MRNIP;ACTR2;FANCB;MBTD1
KBTBD11,GO_Biological_Process_2023,prerank,Sodium Ion Homeostasis (GO:0055078),-0.32774252092051986,-0.7239014511820632,0.9015151515151515,1.0,1.0,6/25,8.90%,SLC12A3;ATP1B3;SCNN1G;SCNN1A;TMPRSS4;ATP1A2
KBTBD11,GO_Biological_Process_2023,prerank,Energy Derivation By Oxidation Of Organic Compounds (GO:0015980),-0.29964459763918955,-0.7238152257418713,0.9495327102803738,1.0,1.0,15/42,21.83%,ADGRF5;COX6A1;COX8A;UQCRC2;UQCRB;MTLN;LEPR;CHCHD5;MRAP2;LYRM7;GFPT2;COX5A;SDHAF4;UQCRH;CYC1
KBTBD11,GO_Biological_Process_2023,prerank,Muscle Contraction (GO:0006936),-0.2667183197082024,-0.7236747284932283,0.9890510948905109,1.0,1.0,29/94,21.39%,SGCA;CHRNB2;BDKRB2;TPM2;MYH2;KCNIP2;MYOT;FXYD1;HRC;TMOD2;EDNRA;TPCN2;ASPH;SNTB1;LTB4R;ADRA1D;EMD;NOS1;MYL6B;ROCK2;RYR2;APBB1;TTN;GNAO1;APBB2;SLMAP;LMOD3;CHRNG;HCN4
KBTBD11,GO_Biological_Process_2023,prerank,Aerobic Electron Transport Chain (GO:0019646),0.2739347265457374,0.7236016837029904,0.9852941176470589,1.0,1.0,29/66,25.04%,COX6A2;NDUFAF1;NDUFA1;NDUFA6;NDUFB8;UQCR10;NDUFS4;NDUFS8;COX15;NDUFV2;NDUFB5;NDUFA3;COX7A2;NDUFS3;COX4I1;NDUFA2;NDUFC2;NDUFB1;COX5B;UQCR11;NDUFAB1;CYCS;SDHD;COX7B;NDUFS5;NDUFA10;UQCRHL;UQCRC1;NDUFB2
KBTBD11,GO_Biological_Process_2023,prerank,Protein Targeting (GO:0006605),0.24668960760472625,0.7234239161009492,1.0,1.0,1.0,31/128,16.10%,CACNG3;LTBP2;VPS37D;SDCBP;TRAK1;TIMM17A;ZDHHC15;NACAD;EDEM1;AP1S3;VPS41;SEC61A1;AKAP6;LONP2;SPCS3;SEC61G;ZDHHC19;RABGEF1;TOMM7;VPS13A;PRKCI;HPS4;ZDHHC7;PITRM1;ZDHHC9;MICALL1;TOMM70;KATNB1;MGARP;FBXO7;PEX12
KBTBD11,GO_Biological_Process_2023,prerank,Neuron Migration (GO:0001764),0.2783190867122753,0.7231973860416222,0.973741794310722,1.0,1.0,18/55,21.22%,SPOCK1;NDNF;DCDC2;RELN;NAV1;FGF13;PEX13;VEGFA;DCC;TRIM46;SEMA3E;DNER;DISC1;TUBB2B;ASTN2;DNAAF4;MAP1B;ASTN1
KBTBD11,GO_Biological_Process_2023,prerank,Regulation Of Delayed Rectifier Potassium Channel Activity (GO:1902259),0.356094212354227,0.7231088954376619,0.8764302059496567,1.0,1.0,6/16,21.37%,KCNE4;KCNS1;KCNRG;KCNE2;SUMO1;NOS1AP
KBTBD11,GO_Biological_Process_2023,prerank,Positive Regulation Of TOR Signaling (GO:0032008),-0.29132451668164944,-0.7230713356959421,0.9527272727272728,1.0,1.0,15/46,20.81%,HDAC3;USP9X;KLHL22;MIOS;GOLPH3;PIH1D1;SEC13;CASTOR1;RRAGA;CLEC16A;TELO2;LAMTOR4;GAS6;WDR59;WAC
KBTBD11,GO_Biological_Process_2023,prerank,Establishment Of Spindle Orientation (GO:0051294),-0.3041502120478353,-0.7229550338174278,0.9435336976320583,1.0,1.0,10/35,15.41%,KIF25;MOS;KAT5;HTT;HDAC3;NSFL1C;GPSM1;INSC;LLGL2;PAFAH1B1
KBTBD11,GO_Biological_Process_2023,prerank,Regulation Of Transferase Activity (GO:0051338),-0.34063395352622994,-0.7229511437262897,0.8714555765595463,1.0,1.0,7/21,17.76%,SMG6;HPF1;BAG5;NABP2;HMBOX1;SPINDOC;PPP1R3F
KBTBD11,GO_Biological_Process_2023,prerank,Positive Regulation Of Amide Metabolic Process (GO:0034250),0.26045740703537384,0.7229337498728245,0.9909297052154195,1.0,1.0,25/85,19.71%,CD28;IL6;PIWIL2;METTL3;RPS27L;SPHK2;SLC2A13;UPF3B;IFNGR1;CHRNA7;SSB;ZCCHC4;METTL14;HNRNPD;PLXNB2;PCIF1;YTHDF1;VIM;EFNA1;PRKCD;FXR2;PRKDC;CLU;THBS1;ELAVL1
KBTBD11,GO_Biological_Process_2023,prerank,Lysosome Localization (GO:0032418),-0.2990519977726613,-0.722751384266704,0.9382940108892922,1.0,1.0,5/42,7.64%,BORCS6;PLEKHM1;SPAG9;TMEM106B;SYTL4
KBTBD11,GO_Biological_Process_2023,prerank,B Cell Mediated Immunity (GO:0019724),-0.37202987718670116,-0.72263613693746,0.871268656716418,1.0,1.0,4/15,13.82%,SLA2;IL2RB;CD70;CD74
KBTBD11,GO_Biological_Process_2023,prerank,Mitotic Spindle Organization (GO:0007052),-0.26652371190514496,-0.7226086317060144,0.9895104895104895,1.0,1.0,38/85,26.25%,STIL;DCTN6;PTPA;DCTN2;PCNT;CHEK2;MZT1;PIBF1;CCNB1;CENPH;SMC3;KPNB1;TTK;RMDN1;RCC1;MAP9;CENPE;KIFC1;TBCE;CKAP5;SMC1A;EML1;MAP1S;PLK3;SUN2;TUBG1;CLASP1;LSM14A;SPICE1;KIFC2;ABRAXAS2;RAN;RAB11A;NUDC;SPC25;GPSM2;KIF3B;VCP
KBTBD11,GO_Biological_Process_2023,prerank,Cilium Assembly (GO:0060271),-0.23580181668490582,-0.7226045260679682,1.0,1.0,1.0,63/242,21.18%,CFAP221;CCDC13;ABLIM3;CFAP43;TMEM231;CFAP206;RP1;BBS5;TTC8;ATP6V0D1;CFAP74;SPATA6;ARL3;CCDC113;DNAAF1;KIAA0586;FAM149B1;RPGRIP1;FBF1;RABL2B;PCNT;CFAP161;CFAP47;FHDC1;TCTN1;TTBK2;DNAAF11;WDR54;STK36;TMEM67;DNAI2;PIBF1;PTPN23;NOTCH1;CLUAP1;SPACA9;RSPH9;WDR90;RAB23;GAS8;IQCB1;CEP89;NEK1;CCDC40;CDC14A;KIF3A;E2F4;ENKD1;GSN;CILK1;CEP290;KIAA0753;ARL13B;TTC21B;CPLANE1;TMEM216;INTU;ACTR2;CCDC66;DYNC2I1;RAB8B;RSPH4A;BBS1
KBTBD11,GO_Biological_Process_2023,prerank,Positive Regulation Of Cell Development (GO:0010720),-0.30827828315737227,-0.7225705502838384,0.9379562043795621,1.0,1.0,4/35,6.90%,RGS14;OPRM1;MYF6;GPER1
KBTBD11,GO_Biological_Process_2023,prerank,Sulfur Compound Transport (GO:0072348),-0.33986463147851836,-0.7223373354979723,0.8976660682226212,1.0,1.0,7/21,19.64%,SLC26A4;SLC35B3;RACGAP1;SLC25A11;SLC26A2;SLC25A10;SLC26A6
KBTBD11,GO_Biological_Process_2023,prerank,Cellular Response To Type I Interferon (GO:0071357),-0.3189341902109407,-0.722188461477449,0.9162210338680927,1.0,1.0,2/30,2.64%,IFNK;IFI27
KBTBD11,GO_Biological_Process_2023,prerank,Regulation Of Cell Cycle Phase Transition (GO:1901987),-0.3292055498179205,-0.722063091108274,0.9094202898550725,1.0,1.0,9/25,18.95%,NEK10;CCNQ;MN1;TP53;ING4;ERCC3;DDB1;FBXW7;TFAP4
KBTBD11,GO_Biological_Process_2023,prerank,Second-Messenger-Mediated Signaling (GO:0019932),-0.27614705231131864,-0.7216921059214996,0.98014440433213,1.0,1.0,27/72,25.16%,FPR1;TNFSF11;NOS2;MCTP1;ORC3;LRRK2;APOE;RCAN2;DHX8;HTR2B;LAT2;KLRG1;TPCN2;SAMD14;RCAN1;NOS1;RYR2;P2RX4;PLCE1;RCAN3;P2RY11;TRPM4;MCTP2;SPHK1;PPP2CA;PDPK1;CD36
KBTBD11,GO_Biological_Process_2023,prerank,Positive Regulation Of Cell-Matrix Adhesion (GO:0001954),0.29174256031508694,0.7215798635089198,0.9398663697104677,1.0,1.0,12/43,19.12%,EFEMP2;CSF1;FUT1;COL16A1;EPHA1;GSK3B;ROCK1;VEGFA;KDR;CX3CL1;JUP;S100A10
KBTBD11,GO_Biological_Process_2023,prerank,Ceramide Catabolic Process (GO:0046514),-0.3660144697302749,-0.7215407111436087,0.8585461689587426,1.0,1.0,2/15,5.79%,NEU3;NEU4
KBTBD11,GO_Biological_Process_2023,prerank,Membrane Organization (GO:0061024),-0.24592292366905255,-0.7215389356758769,1.0,1.0,1.0,39/164,19.31%,CHMP1A;CR1;GRIN3B;LEMD2;TSG101;DMPK;CHP1;CAV3;OTOF;NSFL1C;SYNGR1;MYADM;SPTBN1;CERT1;LMNA;VPS37B;VAPA;DNM2;EXOC8;BAIAP2L2;STAM2;NPC1;CHMP4A;VPS25;VPS37C;SYNGR2;TMCC1;SYP;DPP4;TTPA;EXOC3;VPS36;AP2M1;MFN2;EMD;HSPA8;SH3GLB2;EXOC5;NAPG
KBTBD11,GO_Biological_Process_2023,prerank,"DNA Damage Response, Signal Transduction By P53 Class Mediator (GO:0030330)",-0.30931036055555994,-0.7215296056919971,0.939622641509434,1.0,1.0,10/36,18.95%,KAT5;CHEK2;E2F7;MUC1;MYO6;TP53;USP10;BCL3;PAXIP1;TFAP4
KBTBD11,GO_Biological_Process_2023,prerank,Negative Regulation Of JNK Cascade (GO:0046329),-0.3081645634195351,-0.721489463457037,0.9384057971014492,1.0,1.0,13/34,24.30%,DUSP19;TAOK3;HDAC3;MAPK8IP1;PRMT1;NCOR1;SH3RF2;PRKN;SIRPA;MEN1;CYLD;DUSP3;ANKS1B
KBTBD11,GO_Biological_Process_2023,prerank,Protein Polymerization (GO:0051258),0.2728840613924888,0.7212826631024944,0.9772727272727273,1.0,1.0,16/63,14.88%,CORO7;VIL1;DIAPH1;MAP4;ARHGAP6;MAP7D3;TRIM32;ZNF207;TRIM6;FGF13;MSRB1;MID1IP1;TPPP3;TRPV4;GAS7;CATIP
KBTBD11,GO_Biological_Process_2023,prerank,mRNA Methylation (GO:0080009),0.3639502458906761,0.7211539412091225,0.8553719008264463,1.0,1.0,6/15,22.55%,METTL3;TRMT61A;METTL14;PCIF1;METTL4;NSUN2
KBTBD11,GO_Biological_Process_2023,prerank,Regulation Of Nitric-Oxide Synthase Activity (GO:0050999),0.3220595939952364,0.7210841342574268,0.9340659340659341,1.0,1.0,9/27,21.37%,NPR3;DDAH1;ATP2B4;TERF2;EGFR;LEP;AKT1;HIF1A;NOS1AP
KBTBD11,GO_Biological_Process_2023,prerank,Negative Regulation Of Interleukin-2 Production (GO:0032703),-0.3461483598389143,-0.7209760628584541,0.8870056497175142,1.0,1.0,6/21,16.99%,CR1;XCL1;FOXP3;KAT5;SFTPD;HOMER3
KBTBD11,GO_Biological_Process_2023,prerank,Substrate Adhesion-Dependent Cell Spreading (GO:0034446),0.29899201426971467,0.7207198826451373,0.9414414414414415,1.0,1.0,14/36,23.88%,PIK3R1;EPHA1;RHOA;FERMT3;BVES;VAMP3;FER;MLF2;EFNA1;LAMB1;PARVB;LAMA5;SRGAP3;ITGA4
KBTBD11,GO_Biological_Process_2023,prerank,Regulation Of Regulated Secretory Pathway (GO:1903305),-0.30646399549089315,-0.7204396816695805,0.9365384615384615,1.0,1.0,11/35,19.20%,TRPV6;RPH3A;DOC2B;RAB27A;LRRK2;SYN1;RAB15;RPH3AL;SNAPIN;SYT1;VPS18
KBTBD11,GO_Biological_Process_2023,prerank,Regulation Of Establishment Or Maintenance Of Cell Polarity (GO:0032878),0.35264942757368795,0.7204245255827665,0.8972746331236897,1.0,1.0,7/18,17.83%,KRIT1;LLGL1;BCAS3;ROCK1;KANK1;CYRIB;RUFY3
KBTBD11,GO_Biological_Process_2023,prerank,Positive Regulation Of Organelle Assembly (GO:1902117),0.27542758921850474,0.7203409136013661,0.980561555075594,1.0,1.0,18/61,18.23%,CCDC88A;ELAPOR1;SAXO1;SDCBP;RAB3GAP1;CNOT1;LCP1;GSK3B;WIPI1;G3BP2;PIP4K2C;CEP120;CAPRIN1;ENTR1;WDR45;SNX18;PPP1R35;CENPJ
KBTBD11,GO_Biological_Process_2023,prerank,Response To Purine-Containing Compound (GO:0014074),0.3214845647495489,0.7203260093216581,0.9171974522292994,1.0,1.0,6/24,14.22%,DUOX1;TLR7;TRPC3;ADORA1;NDUFS4;P2RY6
KBTBD11,GO_Biological_Process_2023,prerank,Protein Localization To Chromosome (GO:0034502),0.2927086710155387,0.720287521130876,0.9594594594594594,1.0,1.0,9/40,12.99%,PARP3;PARP1;FAM47E;TINF2;MMS22L;TPP1;TERF2;BOD1;RB1
KBTBD11,GO_Biological_Process_2023,prerank,Homologous Chromosome Pairing At Meiosis (GO:0007129),-0.3186997765954409,-0.7200363416628668,0.9039145907473309,1.0,1.0,8/29,19.14%,IHO1;TRIP13;STAG3;TERB1;KASH5;P3H4;FANCD2;SIRT7
KBTBD11,GO_Biological_Process_2023,prerank,Negative Regulation Of Cell Death (GO:0060548),0.27118911627244346,0.7198108959212737,0.9812108559498957,1.0,1.0,19/64,19.83%,PACRG;CSF1;PARK7;TNFRSF1B;CHGA;CD200;TRAF2;TXNDC12;XPNPEP1;KANK2;FYN;DPP9;VPS4A;TM7SF3;CHMP6;ATP13A2;PINK1;AKT1;MECOM
KBTBD11,GO_Biological_Process_2023,prerank,Fat Cell Differentiation (GO:0045444),0.2718055288930144,0.7197925744198644,0.9870967741935484,1.0,1.0,20/62,20.78%,WNT5B;ALOXE3;PER2;ERAP1;PID1;MAFB;IL11;TRIM32;FOXO1;TCF7L2;MED1;CTBP1;KLF4;SDF4;PSMB8;HMGA2;MKKS;SUMO1;BBS9;CTBP2
KBTBD11,GO_Biological_Process_2023,prerank,Vesicle-Mediated Transport To The Plasma Membrane (GO:0098876),-0.2684900110992688,-0.7194373723404677,0.9890510948905109,1.0,1.0,25/81,22.13%,ARL3;EPS15;VAMP4;VTI1A;C2CD6;PTPN23;SNX4;OSBPL5;SNX33;EXOC8;VPS53;DENND1A;SNX12;COMMD1;STX12;VPS26A;GGA1;ANKRD27;RAB11FIP4;EXOC5;VPS29;WASH6P;ANKRD50;RAB10;RAB17
KBTBD11,GO_Biological_Process_2023,prerank,Histone H3 Acetylation (GO:0043966),0.2957609439313691,0.7194181693872624,0.9457013574660633,1.0,1.0,20/36,26.90%,MBIP;TMEM98;DR1;SF3B3;KAT2B;TRRAP;SGF29;MAP3K7;KAT2A;NAA60;TAF5;WDR5;LDB1;TAF9;TAF6L;TAF10;TADA2A;TADA3;TAF12;TAF5L
KBTBD11,GO_Biological_Process_2023,prerank,Regulation Of Cholesterol Metabolic Process (GO:0090181),0.32309903392565487,0.7192931454396124,0.8987068965517241,1.0,1.0,5/23,12.29%,AQP8;APOA1;ERLIN2;SH2D2A;LDLRAP1
KBTBD11,GO_Biological_Process_2023,prerank,Positive Regulation Of Actin Filament Polymerization (GO:0030838),0.29094392815452963,0.7190850510796913,0.968944099378882,1.0,1.0,12/40,19.10%,LMOD1;CDC42EP5;NCKAP1;SNX9;BIN1;CDC42EP2;FCHSD1;FER;FCHSD2;CTTN;PFN1;PFN2
KBTBD11,GO_Biological_Process_2023,prerank,Proteolysis Involved In Protein Catabolic Process (GO:0051603),0.26233899321749954,0.7187665545498576,1.0,1.0,1.0,25/75,21.95%,CTSV;MDM2;TNFAIP3;UBE2W;CEL;CTSC;HDAC6;NR1D1;RNF123;UBB;ANKZF1;PSMA6;LGMN;TRIM21;RHBDD1;ATE1;VPS4A;PEX12;SOCS6;ZER1;CTSF;ZRANB1;CTSZ;PRPF19;PMAIP1
KBTBD11,GO_Biological_Process_2023,prerank,Mitochondrial Translation (GO:0032543),-0.25886511356456166,-0.7186041147789314,0.9965694682675815,1.0,1.0,34/98,22.41%,MRPL53;MRPL35;MRPS18C;HARS1;MTIF3;MRPL39;MRPL21;CHCHD1;MRPL46;MRPL36;DROSHA;GATC;MRPS15;MRPS12;MRPS34;MRPS27;MRPL4;MRPS6;MRPL38;MRPL44;LARS2;MRPL42;MTRF1;MRPL40;MRPS10;MRPL58;MRPL19;NDUFA7;MRPS16;MRPL11;MRPL18;QRSL1;IARS2;GADD45GIP1
KBTBD11,GO_Biological_Process_2023,prerank,Regulation Of Defense Response To Virus By Host (GO:0050691),-0.29874225883331423,-0.718433732598213,0.9459459459459459,1.0,1.0,8/37,15.50%,IL23R;APOBEC3G;MUL1;TARBP2;TRIM22;ZC3H12A;RNF216;EIF2AK4
KBTBD11,GO_Biological_Process_2023,prerank,Organelle Membrane Fusion (GO:0090174),0.3158034465246636,0.7184222471927025,0.922566371681416,1.0,1.0,11/26,22.42%,STX1B;GOSR1;CAV2;VAMP3;VCPIP1;SYT7;STX16;VAMP7;SYT11;SYT4;STX3
KBTBD11,GO_Biological_Process_2023,prerank,Regulation Of Cell Adhesion Mediated By Integrin (GO:0033628),-0.30624431638067035,-0.7183230565785392,0.9508506616257089,1.0,1.0,13/33,25.59%,PTK2;TGFB2;LYN;SNAI2;MUC1;RAC3;DPP4;TESC;CIB1;ADA;JAM3;EPHA8;SFRP2
KBTBD11,GO_Biological_Process_2023,prerank,Regulation Of Lymphocyte Activation (GO:0051249),0.3470520355292682,0.7181157251419167,0.9266666666666666,1.0,1.0,6/18,19.17%,CD19;THEMIS2;SIT1;CD4;KAT2A;LEP
KBTBD11,GO_Biological_Process_2023,prerank,Negative Regulation Of Receptor-Mediated Endocytosis (GO:0048261),-0.3254067733945634,-0.7180780119771144,0.8877005347593583,1.0,1.0,10/26,26.80%,NEU3;WDR54;ANKRD13D;APOC1;PCSK9;ARF6;ATXN2;RAC1;ANKRD13A;PSEN1
KBTBD11,GO_Biological_Process_2023,prerank,Phospholipid Catabolic Process (GO:0009395),0.31959350021011546,0.7179373717786051,0.908883826879271,1.0,1.0,12/28,20.35%,PLA2G4E;PNLIPRP2;PRDX6;PLPP6;PNPLA6;SMPD2;PLA2G4D;PLA2G4A;PLA2G4C;PLA2G4B;GDPD3;ENPP2
KBTBD11,GO_Biological_Process_2023,prerank,Negative Regulation Of Organelle Assembly (GO:1902116),-0.29967435353939065,-0.7178914505120617,0.9558823529411765,1.0,1.0,13/36,20.56%,EVI5L;CAV3;LRRK2;SCFD1;MPHOSPH9;TCHP;USP10;STYXL1;YAP1;TESK1;PHF23;SMAD4;FEZ1
KBTBD11,GO_Biological_Process_2023,prerank,Protein Localization To Centrosome (GO:0071539),-0.360443332242824,-0.7178793348866599,0.8891013384321224,1.0,1.0,6/17,22.17%,STIL;DCTN2;PIBF1;HOOK3;KIAA0753;NUDCD3
KBTBD11,GO_Biological_Process_2023,prerank,Transcription Initiation At RNA Polymerase II Promoter (GO:0006367),-0.27314375991374856,-0.7178003640936546,0.9821428571428571,1.0,1.0,21/69,22.47%,MED11;POLR2I;TAF7;GTF2A2;MED19;MED27;MED29;TAF2;GTF2B;TAF6;ELOB;ERCC3;MED28;MAZ;TAF13;TAF11;PAAF1;GTF2F2;MED18;GTF2A1;TBP
KBTBD11,GO_Biological_Process_2023,prerank,Peptidyl-Tyrosine Modification (GO:0018212),0.27772675373427474,0.7177461436893686,0.9869848156182213,1.0,1.0,22/54,20.43%,TTBK1;BTK;RELN;EPHA1;ABL1;CLK1;EFEMP1;FGFR2;ABL2;FER;FLT3;ERBB4;FYN;EGFR;FGFR4;PDGFB;KDR;PTPN6;EPHA3;DDR2;FLT4;INSR
KBTBD11,GO_Biological_Process_2023,prerank,mRNA Splice Site Recognition (GO:0006376),-0.3141756869192833,-0.7176417798844975,0.9325842696629213,1.0,1.0,8/29,18.05%,NOL3;CELF5;SRSF10;CELF6;KHDC4;SF3A2;HNRNPC;LUC7L
KBTBD11,GO_Biological_Process_2023,prerank,Respiratory Tube Development (GO:0030323),-0.3234185960641269,-0.7173823172280052,0.9227871939736346,1.0,1.0,5/27,15.94%,FGF9;DNAAF1;PCSK5;CEBPA;CCDC40
KBTBD11,GO_Biological_Process_2023,prerank,Negative Regulation Of Protein-Containing Complex Assembly (GO:0031333),-0.2789370702568503,-0.7169076659963066,0.9731285988483686,1.0,1.0,11/59,11.79%,SRC;CSNK1A1;TMC8;IRGM;ZDHHC12;PYDC1;PRRT2;TRIM11;SMAD6;PRKCZ;NLRC3
KBTBD11,GO_Biological_Process_2023,prerank,Regulation Of Cell Division (GO:0051302),0.258350311951678,0.7168291996558973,0.9953271028037384,1.0,1.0,38/83,26.29%,SUSD2;NKX3-1;ESRRB;MBIP;PDXP;DR1;KAT2B;MYC;RAB11FIP3;CSPP1;KIF20A;FSD1;FGFR2;SGF29;CETN2;TXNIP;OOEP;BLM;AURKB;KAT2A;ENTR1;WDR5;CDK2AP2;SIRT2;AURKA;TLE6;PRDM15;DLL1;EFHC1;PIK3C3;KLHL9;NCOA3;PRPF40A;KIF13A;TADA2A;KIF18B;TADA3;AURKC
KBTBD11,GO_Biological_Process_2023,prerank,Positive Regulation Of Growth (GO:0045927),-0.2649410841704294,-0.7166758353242157,0.9945750452079566,1.0,1.0,26/81,24.77%,ARMC12;SLC44A4;DDX49;TGFB2;GH2;KLHL22;PSMD10;CSNK2A1;N6AMT1;YAP1;EXOSC4;EXOSC2;FXN;INO80;MFSD2A;HPN;ZNF639;SLC25A33;CIB1;NCBP1;SPHK1;DDX3X;DNPH1;CDC42;RPS6KA3;PPM1F
KBTBD11,GO_Biological_Process_2023,prerank,Regulation Of Dendrite Development (GO:0050773),-0.29486333979087737,-0.7166317916176849,0.9534450651769087,1.0,1.0,17/41,22.13%,CHRNB2;NEDD4;ALK;CAMSAP2;RTN4IP1;HECW1;DBN1;PACSIN1;SEZ6;DAB2IP;PTN;CDKL5;KIAA0319;RAP2A;SARM1;MFSD2A;RAB17
KBTBD11,GO_Biological_Process_2023,prerank,Regulation Of Smooth Muscle Cell Proliferation (GO:0048660),0.27876920474255634,0.7165966239062975,0.9823788546255506,1.0,1.0,17/54,20.39%,IL6;NOX1;SERPINF2;TNFAIP3;IL18;TCF7L2;CTNNB1;ELN;PDGFB;PRKDC;CX3CL1;OGN;IGF1;THBS1;AKT1;TRIB1;STAT1
KBTBD11,GO_Biological_Process_2023,prerank,Regulation Of Telomere Capping (GO:1904353),-0.34312376462396466,-0.7162869806456874,0.903041825095057,1.0,1.0,5/22,14.05%,TNKS2;SMG6;MAPK15;RAD50;NABP2
KBTBD11,GO_Biological_Process_2023,prerank,Regulation Of Organelle Assembly (GO:1902115),0.2608839410515223,0.7159809800036746,0.9976019184652278,1.0,1.0,31/78,25.36%,RDX;CEP295NL;CEP295;DCDC2;RABEP2;TBC1D17;ATG5;TBC1D8;TBC1D1;EZR;TBC1D12;TBC1D19;TBC1D13;TBC1D10A;CENPJ;WDPCP;NF2;VPS11;RAB5A;TBC1D10B;DYNLT2B;TRAPPC12;ODAD3;SENP6;IFT88;STAM;FUZ;TBC1D5;EPHB2;TBC1D14;RABGAP1
KBTBD11,GO_Biological_Process_2023,prerank,ERAD Pathway (GO:0036503),0.25540845798457446,0.7159008251480717,1.0,1.0,1.0,20/89,14.81%,GET4;DNAJB2;USP13;FAF1;TRIM25;MAN1B1;NCCRP1;RNF103;DNAJB9;CCDC47;EDEM1;ERLIN2;RNF121;UBQLN1;UGGT1;ANKZF1;RHBDD1;FBXO27;FBXO2;JKAMP
KBTBD11,GO_Biological_Process_2023,prerank,Stress-Activated Protein Kinase Signaling Cascade (GO:0031098),0.3434007068802343,0.7158524643597618,0.8907563025210085,1.0,1.0,8/20,18.06%,MAPK11;MAPK13;MAP2K6;IKBKB;MAP3K5;MAPK1;MAP3K7;TAOK2
KBTBD11,GO_Biological_Process_2023,prerank,Regulation Of Transcription Initiation By RNA Polymerase II (GO:0060260),-0.2794898294645235,-0.7155623404243397,0.9767441860465116,1.0,1.0,23/57,26.95%,MED11;TAF7;GTF2A2;MED19;SRF;MED27;MED29;TAF2;TAF6;PAXIP1;MED28;TAF13;TAF11;CDK4;MED18;GTF2A1;TBP;TAF4;PCID2;MED31;MED21;MED30;MDC1
KBTBD11,GO_Biological_Process_2023,prerank,Muscle Cell Differentiation (GO:0042692),-0.3036032740963518,-0.7155219094170635,0.9436619718309859,1.0,1.0,6/37,12.90%,MYF6;FBXO40;MYOCD;POPDC2;TMEM204;MTLN
KBTBD11,GO_Biological_Process_2023,prerank,Organelle Fission (GO:0048285),0.32935568410451244,0.7153801526162941,0.9008620689655172,1.0,1.0,8/22,17.01%,SEC16B;SLC25A46;MTFR1;CORO1C;MTFP1;DNM1L;OPA1;PEX11G
KBTBD11,GO_Biological_Process_2023,prerank,Negative Regulation Of Signaling Receptor Activity (GO:2000272),0.31886482721114706,0.715369712451226,0.9308176100628931,1.0,1.0,7/25,17.15%,LILRB4;ZFYVE28;CBLC;ERRFI1;CALCR;CHMP6;SOCS6
KBTBD11,GO_Biological_Process_2023,prerank,Positive Regulation Of calcineurin-NFAT Signaling Cascade (GO:0070886),0.3496712311904909,0.714734049212849,0.8546637744034707,1.0,1.0,4/18,19.44%,CHP2;AKAP6;SPPL3;IGF1
KBTBD11,GO_Biological_Process_2023,prerank,Positive Regulation Of Calcineurin-Mediated Signaling (GO:0106058),0.3496712311904909,0.714734049212849,0.8546637744034707,1.0,1.0,4/18,19.44%,CHP2;AKAP6;SPPL3;IGF1
KBTBD11,GO_Biological_Process_2023,prerank,Protein Deacylation (GO:0035601),-0.3450663200640871,-0.7144153061611819,0.9074074074074074,1.0,1.0,9/20,25.72%,SIRT6;SIRT1;HDAC3;HDAC4;SIRT7;HDAC10;ABHD17C;PPT1;SIRT3
KBTBD11,GO_Biological_Process_2023,prerank,Regulated Exocytosis (GO:0045055),-0.28280652779973375,-0.7143911762299141,0.9839857651245552,1.0,1.0,21/51,23.19%,SNAP25;SCIN;CPLX4;OTOF;SYNGR1;LYN;SYNGR2;STXBP1;DNAJC5;SNAPIN;RAB31;RAB11FIP1;CDK5;SNCA;CPLX2;RAB26;SYT9;RAB10;VAMP2;SYT17;CLTRN
KBTBD11,GO_Biological_Process_2023,prerank,Positive Regulation Of Carbohydrate Metabolic Process (GO:0045913),0.30119122210625326,0.7143060901091336,0.9410430839002267,1.0,1.0,12/34,21.95%,AVPR1B;MLST8;NFKB1;IRS1;RPTOR;PDGFB;IGF1;GPLD1;INSR;HIF1A;GAPDHS;PMAIP1
KBTBD11,GO_Biological_Process_2023,prerank,Cardiac Myofibril Assembly (GO:0055003),-0.36535128635782244,-0.714248776798636,0.8929961089494164,1.0,1.0,5/15,20.30%,PDGFRB;ADPRHL1;TTN;OBSL1;NEB
KBTBD11,GO_Biological_Process_2023,prerank,Positive Regulation Of Nitric Oxide Metabolic Process (GO:1904407),-0.32188846736457144,-0.7141642052572613,0.9230769230769231,1.0,1.0,5/28,19.30%,AGXT2;ASS1;PKD2;TMEM106A;P2RX4
KBTBD11,GO_Biological_Process_2023,prerank,Regulation Of Protein Ubiquitination (GO:0031396),-0.253404058033262,-0.7140318058394124,0.9964285714285714,1.0,1.0,39/112,24.45%,SQSTM1;ISG15;CHP1;UBXN1;CRY1;UBE2D1;HDAC3;LRRK2;NSMCE3;PSMD10;HSPBP1;BAG5;OGT;INAVA;BCL10;IVNS1ABP;COMMD1;PRKCG;BIRC2;SOX4;GSK3A;PAXIP1;SH3RF2;PHF23;FBXW7;PRKN;HUWE1;SIRT7;TSPYL5;GTPBP4;NDFIP2;ARRB2;RCHY1;SEPTIN4;ARRB1;SPHK1;PRICKLE1;FANCI;RPS3
KBTBD11,GO_Biological_Process_2023,prerank,Dopamine Metabolic Process (GO:0042417),-0.3609083145696715,-0.7139800613782501,0.8842504743833017,1.0,1.0,5/17,20.30%,TGFB2;DRD3;GCH1;PRKN;SNCA
KBTBD11,GO_Biological_Process_2023,prerank,"Mitochondrial Electron Transport, NADH To Ubiquinone (GO:0006120)",0.3038562072763369,0.7136647058510001,0.9395248380129589,1.0,1.0,13/34,20.22%,NDUFAF1;NDUFA6;NDUFB8;NDUFS4;NDUFS8;NDUFV2;NDUFB5;NDUFA3;NDUFS3;NDUFA2;NDUFC2;NDUFB1;NDUFAB1
KBTBD11,GO_Biological_Process_2023,prerank,DNA Double-Strand Break Processing (GO:0000729),-0.3663286345525938,-0.7135099797846186,0.8727598566308243,1.0,1.0,4/15,14.68%,EXD2;MRE11;RAD50;UBE2V2
KBTBD11,GO_Biological_Process_2023,prerank,rRNA Processing (GO:0006364),-0.25665715819808343,-0.7133053022922341,0.9981617647058824,1.0,1.0,47/101,29.07%,EXOSC10;DDX27;DDX49;ERI1;RRP9;EXOSC7;NEDD4;WDR74;EXOSC5;EIF6;PIH1D1;NOLC1;DDX54;C1D;RPS19;NOL9;NOB1;SNU13;PES1;EXOSC4;SPPL2B;EXOSC3;DIS3;EXOSC2;TSR3;MRTO4;TFB1M;NOP53;RPS14;DDX52;MAK16;NSA2;RRP7BP;RPS27;NAT10;RPS15;RPS25;RRP12;XRN2;RPL7;RPS16;SART1;DCAF13;RRP36;FBL;NVL;RPS28
KBTBD11,GO_Biological_Process_2023,prerank,Cellular Response To UV (GO:0034644),0.26214863776692804,0.7132406615506014,0.9952380952380953,1.0,1.0,19/78,17.64%,MC1R;MAPK11;PARP1;SPAM1;METTL3;MMP3;CRIP1;TENT4A;MAPK13;OPN1SW;HYAL1;MYC;RHBDD1;RUVBL2;ZBTB1;AURKB;XPC;PRKCD;RHNO1
KBTBD11,GO_Biological_Process_2023,prerank,Regulation Of DNA Strand Elongation (GO:0060382),-0.3500922463443552,-0.7131929052617291,0.862934362934363,1.0,1.0,9/16,28.89%,ACTR5;POT1;RUVBL1;INO80;INO80C;TFPT;INO80B;ACTR8;INO80D
KBTBD11,GO_Biological_Process_2023,prerank,Translesion Synthesis (GO:0019985),0.3309271928644374,0.7131603352119639,0.8936651583710408,1.0,1.0,8/23,17.44%,MAD2L2;TNFSF13B;TENT4A;POLH;PCLAF;POLD3;ZBTB1;REV3L
KBTBD11,GO_Biological_Process_2023,prerank,Regulation Of Myelination (GO:0031641),0.3189538583945192,0.7121992942036884,0.90744920993228,1.0,1.0,6/25,12.94%,NKX6-2;TMEM98;TNFRSF1B;NCMAP;NRDC;DICER1
KBTBD11,GO_Biological_Process_2023,prerank,Protein Import Into Mitochondrial Matrix (GO:0030150),0.3372527877204279,0.7120746783227212,0.8961864406779662,1.0,1.0,3/18,7.90%,TOMM20L;TIMM17A;TOMM40L
KBTBD11,GO_Biological_Process_2023,prerank,Myoblast Fusion (GO:0007520),-0.3494526126339178,-0.7115142446743631,0.8827838827838828,1.0,1.0,6/18,17.98%,ADAMTS15;JAM2;DOCK1;CD81;ADGRB3;NOS1
KBTBD11,GO_Biological_Process_2023,prerank,Phospholipid Transport (GO:0015914),0.2744384315492553,0.7112631142620338,0.9832535885167464,1.0,1.0,11/59,12.64%,PLA2G10;ATP8B3;ABCA12;ATP9A;PRELID3A;ATP11A;APOA1;CPTP;ATP9B;ABCA7;ABCC1
KBTBD11,GO_Biological_Process_2023,prerank,Regulation Of Response To Biotic Stimulus (GO:0002831),0.3089769468754944,0.7112031682036153,0.9420600858369099,1.0,1.0,13/31,26.20%,ERAP1;IRF1;TKFC;TIRAP;CX3CL1;N4BP1;ELMOD2;HERC5;SAMHD1;NFE2L2;CASP8;FOXP1;CGAS
KBTBD11,GO_Biological_Process_2023,prerank,Glycoprotein Metabolic Process (GO:0009100),0.2763193070253956,0.7111781838169475,0.9782608695652174,1.0,1.0,16/53,17.93%,GAL3ST2;PARK7;MAN1B1;NCCRP1;ST8SIA6;ST8SIA2;TNIP1;MAN2B1;ERP44;AGA;FBXO27;FBXO2;ST8SIA5;ST8SIA4;HPSE;STT3B
KBTBD11,GO_Biological_Process_2023,prerank,Cell-Cell Junction Organization (GO:0045216),-0.268991888424126,-0.711115409760387,0.9964349376114082,1.0,1.0,23/68,24.38%,CD177;CDH11;PKP1;PKP3;TGFB2;MYADM;CDH10;CDH15;CLDN1;TLN2;DSG2;PARD6A;F2R;CDH13;TGFB1;CSK;OCLN;CDH6;CDH7;CTNND1;GJA4;CDH1;CTNND2
KBTBD11,GO_Biological_Process_2023,prerank,Negative Regulation Of G1/S Transition Of Mitotic Cell Cycle (GO:2000134),0.29818395737941433,0.7110448969645197,0.9463087248322147,1.0,1.0,12/32,18.30%,MYO16;GFI1B;BRD7;FHL1;DLG1;RB1;KANK2;DACT1;KLF4;RBL1;CRLF3;CDK2AP2
KBTBD11,GO_Biological_Process_2023,prerank,Regulation Of Mononuclear Cell Migration (GO:0071675),-0.33738943727617293,-0.7109627395327603,0.9066147859922179,1.0,1.0,5/22,18.75%,RARRES2;PTK2;LYN;AKIRIN1;MDK
KBTBD11,GO_Biological_Process_2023,prerank,Regulation Of Erythrocyte Differentiation (GO:0045646),-0.29678133405979795,-0.7106333204299756,0.960644007155635,1.0,1.0,7/36,15.35%,INHBA;PRMT1;LYN;ANKRD54;ARNT;STAT3;HMGB2
KBTBD11,GO_Biological_Process_2023,prerank,Positive Regulation Of Glucose Import (GO:0046326),0.32219369995313013,0.7105804727421546,0.9043280182232346,1.0,1.0,12/25,21.04%,PIK3R1;SORBS1;ERFE;C1QTNF12;IRS1;PRKCI;PTPN11;CREBL2;IGF1;AKT1;INSR;CAPN10
KBTBD11,GO_Biological_Process_2023,prerank,Cellular Response To Salt (GO:1902075),0.25101493818687465,0.710549179562722,1.0,1.0,1.0,30/108,20.00%,ITPKA;CHP2;SYT3;DLG4;HSF1;CPNE5;ZNF16;PDXP;CPNE1;PPP1R9B;MAPK13;ITPKB;SYT13;SYT10;ATP2B4;MEF2A;CPNE4;LGMN;IQGAP1;PPIF;DAXX;FYN;SYT7;WNT5A;PDGFB;SYT2;ADGRV1;CPNE7;CLU;GPLD1
KBTBD11,GO_Biological_Process_2023,prerank,Intracellular Glucose Homeostasis (GO:0001678),-0.29103205516270353,-0.710317846430613,0.980806142034549,1.0,1.0,8/43,12.03%,PAX2;SIRT1;GPER1;FOXK2;UNC13B;LRRC8A;RACK1;SLC39A14
KBTBD11,GO_Biological_Process_2023,prerank,Positive Regulation Of Sprouting Angiogenesis (GO:1903672),0.3637384121201053,0.7101183724149761,0.8831460674157303,1.0,1.0,7/15,21.54%,TNN;FUT1;JMJD8;VEGFA;KLF4;FGF2;DLL1
KBTBD11,GO_Biological_Process_2023,prerank,Positive Regulation Of Glycolytic Process (GO:0045821),-0.3498585570215629,-0.7099911123820235,0.8977695167286245,1.0,1.0,3/18,12.10%,SLC4A4;ARNT;P2RX7
KBTBD11,GO_Biological_Process_2023,prerank,Negative Regulation Of Intrinsic Apoptotic Signaling Pathway By P53 Class Mediator (GO:1902254),-0.356314232554425,-0.7098488621339711,0.8929219600725953,1.0,1.0,7/16,23.52%,ING2;SIRT1;MUC1;CD74;PRKN;ARMC10;MARCHF7
KBTBD11,GO_Biological_Process_2023,prerank,Positive Regulation Of Protein Localization To Cell Periphery (GO:1904377),0.27324335299513847,0.7096099254427786,0.9815242494226328,1.0,1.0,21/51,22.89%,EPB41L2;PIK3R1;SORBS1;EFCAB7;ITGB1;ZDHHC5;ATP2B4;WNK3;DLG1;PRKCI;DPP10;ARHGEF16;EGFR;RANGRF;EPHA3;AKT1;KIF5B;STX3;GNAI1;CNPY4;CLIP3
KBTBD11,GO_Biological_Process_2023,prerank,Activation Of Cysteine-Type Endopeptidase Activity Involved In Apoptotic Process (GO:0006919),-0.26914089511894734,-0.709590024279953,0.9752380952380952,1.0,1.0,19/67,20.41%,KHDC1L;CASP9;NLRP12;MUL1;COL4A3;LCK;HIP1R;BAX;RACK1;PDCD2;MAPT;BCL2L10;BEX3;DAP;SORD;F2R;BID;SNCA;CARD8
KBTBD11,GO_Biological_Process_2023,prerank,RNA Polymerase II Preinitiation Complex Assembly (GO:0051123),-0.2833897223219243,-0.7093767827443185,0.9716814159292035,1.0,1.0,19/49,26.45%,MED11;TAF7;GTF2A2;MED19;MED27;MED29;TAF2;GTF2B;TAF6;MED28;TAF13;TAF11;MED18;GTF2A1;TBP;TAF4;MED31;MED21;MED30
KBTBD11,GO_Biological_Process_2023,prerank,Negative Regulation Of Viral Genome Replication (GO:0045071),0.2745435463284242,0.709375702596815,0.9785407725321889,1.0,1.0,19/53,24.60%,OASL;RNASEL;FAM111A;IFIT5;TNIP1;TRIM6;EIF2AK2;SRPK2;APOBEC3B;HMGA2;PROX1;SETDB1;APOBEC3D;IFIT1;IFITM2;N4BP1;IFITM3;MPHOSPH8;ZC3HAV1
KBTBD11,GO_Biological_Process_2023,prerank,Dendritic Spine Organization (GO:0097061),0.3173507100405235,0.7084571951192286,0.9325842696629213,1.0,1.0,6/26,15.37%,DLG4;PRNP;DOCK10;CHRNA7;LGMN;FYN
KBTBD11,GO_Biological_Process_2023,prerank,Gene Expression (GO:0010467),0.22138613887383035,0.7084554299138305,1.0,1.0,1.0,104/294,25.55%,ASMT;RNASEL;MRPL9;RBM6;EEF1A2;HNRNPA2B1;COPS5;H3C1;DUSP11;ZNF830;HNRNPH3;MRPS7;SYNCRIP;RBPMS;RPL31;NOVA1;MRPL37;MRPL28;TPR;ATXN1;AGFG1;RRBP1;UPF2;IGF2BP3;MAGOH;HBS1L;THOC5;TNIP1;SETX;NXT1;MRPS17;HARS2;ALYREF;ALKBH5;HNRNPL;RPS7;MRPS14;NCBP3;THOC7;NUP160;MRPS18A;SNRNP40;RBM4;HNRNPD;MRPL34;EEF1A1;DKC1;MRPL51;RBM39;THOC3;LMF2;HNRNPU;RPL17;FAU;DDX20;SMG5;THOC1;RPL27;MRPL55;PRPH2;BICD1;MRPL13;RPS29;MRPL24;MPHOSPH10;RPL36AL;ANGPT2;WARS1;FARSB;MRPL41;XPO1;FASTKD2;EIF4A3;HSPD1;DIS3L;CELF2;RPL37A;RPL26;SARNP;EIF4EBP2;SARS1;RPS4X;RPS6;YARS2;EXOSC9;THOC6;HNRNPF;RPL13A;AGO2;MRPS21;RPL23A;GALNT2;RPS24;MRPS5;RPL10A;MRPS18B;MRPL3;RPL7A;PRPF4;CASP3;RPL27A;CASP8;PABPC4;DNAJB11
KBTBD11,GO_Biological_Process_2023,prerank,Regulation Of Osteoclast Differentiation (GO:0045670),-0.2853553254684602,-0.7083211071428832,0.9670932358318098,1.0,1.0,10/41,21.39%,IL23R;POU4F1;TNFSF11;PRXL2A;TMEM64;TNFAIP6;LRRC17;EEIG1;CEBPB;TNFRSF11A
KBTBD11,GO_Biological_Process_2023,prerank,Positive Regulation Of Protein-Containing Complex Assembly (GO:0031334),0.24929591169966894,0.7082042491153256,1.0,1.0,1.0,23/98,16.56%,HRK;PARK7;MMP3;TTBK1;FAF1;BTK;TRABD2A;FNIP1;MED9;BCL2L11;LCP1;STMP1;CDC42EP2;GSK3B;ATM;TPPP3;VEGFA;GNL3L;TFRC;PIEZO1;TIRAP;BIK;TCL1A
KBTBD11,GO_Biological_Process_2023,prerank,Response To Organophosphorus (GO:0046683),0.3415726242135549,0.7081893210700344,0.8779956427015251,1.0,1.0,3/18,5.37%,DUOX1;TLR7;TRPC3
KBTBD11,GO_Biological_Process_2023,prerank,Regulation Of Innate Immune Response (GO:0045088),-0.26461167837887634,-0.708077364698376,0.9910394265232975,1.0,1.0,23/78,21.55%,SH2D1B;IFNK;YWHAZ;MUL1;PLSCR1;CD1D;NLRC3;APPL1;MYO1C;DHX58;POLR3B;POLR3G;RNF185;BIRC2;TRIM56;CACTIN;CDC37;HLA-E;CEP63;RNF135;DHX9;POLR3D;DTX4
KBTBD11,GO_Biological_Process_2023,prerank,Regulation Of Microtubule Depolymerization (GO:0031114),0.3174159549490121,0.7076088261209382,0.9328859060402684,1.0,1.0,10/24,15.33%,MAP1A;TAOK1;CLASP2;STMN2;BMERB1;FGF13;MID1IP1;TRPV4;ATXN7;KATNB1
KBTBD11,GO_Biological_Process_2023,prerank,Zymogen Activation (GO:0031638),-0.28879895682141626,-0.7074856990689817,0.966542750929368,1.0,1.0,15/44,24.67%,CASP9;VSIR;APOH;GRIN2A;KLK1;MASP1;ASPH;CIDEB;BAK1;OMA1;NLRC4;FURIN;PERP;IFI16;CYFIP2
KBTBD11,GO_Biological_Process_2023,prerank,Positive Regulation Of Rho Protein Signal Transduction (GO:0035025),0.3090422788447065,0.7072117151622787,0.94,1.0,1.0,6/31,11.34%,RTN4R;SYNPO2L;APOA1;ROBO1;LPAR1;PRAG1
KBTBD11,GO_Biological_Process_2023,prerank,Negative Regulation Of Oxidative Stress-Induced Cell Death (GO:1903202),0.3278224965251807,0.7071435227214373,0.9193899782135077,1.0,1.0,9/23,18.42%,GPR37L1;PARK7;TXN;HSPB1;PPIA;FYN;FBXO7;NME5;PINK1
KBTBD11,GO_Biological_Process_2023,prerank,Regulation Of Protein Binding (GO:0043393),0.2452280445989447,0.707134141725869,1.0,1.0,1.0,33/118,19.68%,DKK1;SYMPK;EFHB;PARK7;DNAJB2;TTBK1;TMBIM6;CAPRIN2;BTBD1;CRK;TCF7L2;AKTIP;GSK3B;ADD2;LDLRAP1;MARK3;B2M;TRIM21;ROCK1;PRKACA;DACT1;GNL3L;AURKB;DTX3L;CAV1;PDGFB;PRKCD;SPPL3;CLDN5;KDM1A;DISC1;AURKA;AKT1
KBTBD11,GO_Biological_Process_2023,prerank,Positive Regulation Of Phospholipase C Activity (GO:0010863),0.2984345508515926,0.7070926203821515,0.9616204690831557,1.0,1.0,9/36,19.36%,AVPR1B;ARHGAP6;LPAR1;HRAS;P2RY6;EGFR;ESR1;NMUR1;FGF2
KBTBD11,GO_Biological_Process_2023,prerank,protein-DNA Complex Disassembly (GO:0032986),0.3400701875384479,0.7069329480338816,0.9124423963133641,1.0,1.0,8/20,16.61%,NFE2;SMARCC2;SMARCB1;MYC;SMARCD1;SMARCA4;SSRP1;RPL17
KBTBD11,GO_Biological_Process_2023,prerank,Autophagosome Maturation (GO:0097352),-0.2898532850032246,-0.7065560346477336,0.9682242990654205,1.0,1.0,15/44,24.01%,CHMP1A;IRGM;TSG101;VIPAS39;LIX1L;CHMP4A;PIK3R4;UVRAG;EPG5;SNX14;VAMP8;CHMP3;CHMP5;CHMP1B;CHMP2A
KBTBD11,GO_Biological_Process_2023,prerank,Camera-Type Eye Development (GO:0043010),0.31338613957694095,0.7061359427373083,0.9475890985324947,1.0,1.0,9/25,20.23%,CRYBA4;TENM3;RAB3GAP1;CYP1B1;EFEMP1;VEGFA;SKI;STRA6;CACNA1C
KBTBD11,GO_Biological_Process_2023,prerank,Positive Regulation Of miRNA Transcription (GO:1902895),-0.28869603806708327,-0.7056920892820047,0.9737827715355806,1.0,1.0,9/43,16.99%,GATA3;TGFB2;MYB;SRF;STAT3;FOS;TP53;NR3C1;TERT
KBTBD11,GO_Biological_Process_2023,prerank,Negative Regulation Of DNA Binding (GO:0043392),0.3081816817525834,0.7055033180811611,0.946236559139785,1.0,1.0,10/29,23.45%,PER2;MAD2L2;JUN;HMGA2;KDM1A;TNKS;SP100;SUMO1;HEY1;SIN3A
KBTBD11,GO_Biological_Process_2023,prerank,Negative Regulation Of Tumor Necrosis Factor-Mediated Signaling Pathway (GO:0010804),0.32779612619544013,0.7054417616077983,0.9330543933054394,1.0,1.0,5/21,16.13%,APOA1;GPS2;PPP2CB;CCDC3;H2BC11
KBTBD11,GO_Biological_Process_2023,prerank,Positive Regulation Of Notch Signaling Pathway (GO:0045747),-0.3038534438377165,-0.7053801468084067,0.9190140845070423,1.0,1.0,12/33,18.27%,SRC;JAG2;TGFB2;NOD2;TP63;STAT3;PDCD10;JAG1;YAP1;TM2D3;NOTCH2NLC;NOTCH2NLA
KBTBD11,GO_Biological_Process_2023,prerank,Regulation Of Blood Coagulation (GO:0030193),-0.30884998515765566,-0.7052813847179445,0.946969696969697,1.0,1.0,7/29,18.28%,F2;PROC;APOH;APOE;EMILIN1;ST3GAL4;F2R
KBTBD11,GO_Biological_Process_2023,prerank,Protein K48-linked Ubiquitination (GO:0070936),0.26336092020206575,0.7051974673073775,0.9890350877192983,1.0,1.0,22/70,17.54%,MYCBP2;TRIM25;TNFAIP3;RNF187;UBE2E3;RNF115;KBTBD6;TRIM32;UBE2R2;UBE2A;TRIM6;RNF8;TRIM21;TOPORS;UBE2B;KLHL3;UBE2T;DTX3L;TRIM65;FBXO7;FBXO45;UBE2E2
KBTBD11,GO_Biological_Process_2023,prerank,Chordate Embryonic Development (GO:0043009),-0.27529609040026143,-0.7051430781046474,0.9801084990958409,1.0,1.0,18/59,24.04%,STIL;GATA3;BMP2;ALDH1A2;HINFP;PCSK5;PKD2;XYLT1;ZNF568;FOXD3;SULF2;INTU;TGFB1;GRHL2;SOX8;ZNF358;DVL1;FGFR1
KBTBD11,GO_Biological_Process_2023,prerank,ncRNA Processing (GO:0034470),-0.25520208192718635,-0.705103415117613,1.0,1.0,1.0,29/100,21.49%,EXOSC10;DDX27;DDX49;INTS5;RRP9;EXOSC7;WDR74;EXOSC5;PIH1D1;INTS8;INTS4;NOLC1;DDX54;FARS2;INTS11;TSEN54;INTS2;RPS19;NOB1;PES1;EXOSC4;SPPL2B;EXOSC3;DIS3;EXOSC2;THG1L;TUT1;KARS1;INTS7
KBTBD11,GO_Biological_Process_2023,prerank,Fatty Acid Beta-Oxidation (GO:0006635),-0.280916949524782,-0.7046272432779246,0.9788732394366197,1.0,1.0,22/49,25.66%,SLC27A2;ECHS1;ACADL;ACOX2;ACOX3;MTLN;ACAD10;HSD17B10;ACADVL;HSD17B4;GCDH;ETFDH;CRAT;ACAA1;ACOXL;ACOX1;ECI1;EHHADH;SLC25A17;ECHDC2;ECHDC1;PEX2
KBTBD11,GO_Biological_Process_2023,prerank,Barbed-End Actin Filament Capping (GO:0051016),0.3361819190692709,0.7045446040020557,0.8728448275862069,1.0,1.0,10/18,25.10%,VIL1;AVIL;ADD2;EPS8;CAPZA2;ADD3;SVIL;TWF2;CAPZB;TWF1
KBTBD11,GO_Biological_Process_2023,prerank,Actin Filament Capping (GO:0051693),0.3361819190692709,0.7045446040020557,0.8728448275862069,1.0,1.0,10/18,25.10%,VIL1;AVIL;ADD2;EPS8;CAPZA2;ADD3;SVIL;TWF2;CAPZB;TWF1
KBTBD11,GO_Biological_Process_2023,prerank,Ventricular Cardiac Muscle Tissue Morphogenesis (GO:0055010),-0.3075448177389837,-0.7044648514731491,0.9383177570093458,1.0,1.0,8/33,20.24%,HAND1;TGFB2;NOTCH1;ENG;ZFPM2;RYR2;SMAD4;TGFB1
KBTBD11,GO_Biological_Process_2023,prerank,Regulation Of Double-Strand Break Repair Via Nonhomologous End Joining (GO:2001032),0.31450406597104286,0.704413110407963,0.9384965831435079,1.0,1.0,12/25,19.23%,PARP3;MAD2L2;HSF1;KMT5B;USP51;KDM4D;SHLD1;CYREN;HMGA2;WRAP53;PRKDC;SHLD2
KBTBD11,GO_Biological_Process_2023,prerank,Negative Regulation Of Protein Polymerization (GO:0032272),0.31297275212236797,0.7043982945160707,0.9437229437229437,1.0,1.0,12/26,23.24%,MAPRE1;STMN2;MAP2;KANK1;EML2;CYRIB;PRKCD;PFN1;PFN2;KANK3;CLIP3;TWF2
KBTBD11,GO_Biological_Process_2023,prerank,Positive Regulation Of Leukocyte Chemotaxis (GO:0002690),-0.2779386048076338,-0.7040766829714744,0.9867424242424242,1.0,1.0,14/54,21.63%,F7;RARRES2;PTK2;XCL1;VEGFC;MOSPD2;PLA2G7;AKIRIN1;MDK;CXCL12;PTN;GAS6;ZNF580;PGF
KBTBD11,GO_Biological_Process_2023,prerank,Cellular Response To Amyloid-Beta (GO:1904646),0.2907491366030419,0.7037984753303064,0.953810623556582,1.0,1.0,11/34,23.88%,ATP1A3;NGFR;PRNP;GSK3B;LGMN;FYN;GRIN1;IGF1;ADRB2;IGF1R;ITGA4
KBTBD11,GO_Biological_Process_2023,prerank,Establishment Of Mitotic Spindle Orientation (GO:0000132),0.2988616877505019,0.703773613794822,0.9659863945578231,1.0,1.0,8/29,13.37%,MISP;MAPRE1;ITGB1;SAPCD2;NDC80;FBXW11;CDK5RAP2;DYNLT1
KBTBD11,GO_Biological_Process_2023,prerank,Positive Regulation Of Calcium Ion Transmembrane Transport (GO:1904427),-0.2948471039371016,-0.7037349308704353,0.9496268656716418,1.0,1.0,13/42,20.30%,XCL1;P2RX2;GPER1;F2;PPP3CC;RAMP3;P2RX7;P2RX3;CAPN3;CEMIP;F2R;P2RX4;SNCA
KBTBD11,GO_Biological_Process_2023,prerank,Hematopoietic Progenitor Cell Differentiation (GO:0002244),-0.3127619778148144,-0.7034630062830324,0.9309701492537313,1.0,1.0,7/28,20.24%,INHBA;LYN;TP53;MIXL1;FST;LMBR1L;TGFB1
KBTBD11,GO_Biological_Process_2023,prerank,Regulation Of Dendritic Spine Morphogenesis (GO:0061001),-0.3150447991337687,-0.7033802901590919,0.9199288256227758,1.0,1.0,12/30,24.55%,NOL3;LRRK2;LZTS3;ARHGAP44;CFL1;KIF1A;DBN1;CDK5;SIPA1L1;CUX2;PTEN;ABI3
KBTBD11,GO_Biological_Process_2023,prerank,Positive Regulation Of Lipid Metabolic Process (GO:0045834),0.3129435424885742,0.7031225383916536,0.925,1.0,1.0,8/24,19.68%,EEF1A2;SORBS1;MLST8;SIRT4;CREBL2;RPTOR;FLNB;AKT1
KBTBD11,GO_Biological_Process_2023,prerank,Rescue Of Stalled Ribosome (GO:0072344),0.3173643232307723,0.7030893557460045,0.9227557411273486,1.0,1.0,9/23,16.24%,NEMF;SKIC2;LTN1;HBS1L;ANKZF1;SKIC3;RNF25;ZNF598;TRIP4
KBTBD11,GO_Biological_Process_2023,prerank,Actin Filament Organization (GO:0007015),-0.24382763810419275,-0.70301021875731,1.0,1.0,1.0,39/144,20.91%,TPM2;SCIN;EFS;MYO1B;WAS;MYO1A;BAIAP2L1;RND1;SPIRE2;CD2AP;GAS2;MYO5A;CNN2;MYO1F;ELMO2;KASH5;HIP1R;MYO6;MYO1C;CORO1B;PRSS8;MYO5B;GAS2L1;BAIAP2L2;RAC3;PLS1;SAMD14;SHROOM2;VILL;RAC2;BAIAP2;DBN1;GSN;POF1B;TTN;RFLNA;NEB;CGNL1;LMOD3
KBTBD11,GO_Biological_Process_2023,prerank,Negative Regulation Of Transforming Growth Factor Beta Receptor Signaling Pathway (GO:0030512),0.2586100788926419,0.7027959902756382,0.9929906542056075,1.0,1.0,31/77,24.59%,SPRED2;PEG10;EID2;WFIKKN1;SMAD7;TGFB1I1;CAPN5;SPRY2;SPRED1;SPRED3;SF3B3;LDLRAD4;PMEPA1;CD109;ARID4A;SKI;VEPH1;HDAC2;CAV1;SMURF2;RBBP4;STRAP;ADAMTSL2;SAP30;SIN3A;FKBP1A;BRMS1;ING1;HDAC1;SPRY1;SLC2A10
KBTBD11,GO_Biological_Process_2023,prerank,Proton Transmembrane Transport (GO:1902600),0.2751359490640046,0.7027515152128938,0.9827956989247312,1.0,1.0,10/49,13.87%,SLC36A3;ATP1A4;ATP1A3;ATP6V0C;SLC46A1;ATP6V1C1;COX15;ATP6V1D;SLC36A1;ATP5F1B
KBTBD11,GO_Biological_Process_2023,prerank,Embryonic Organ Morphogenesis (GO:0048562),-0.2858275505368816,-0.7026015586333126,0.9648798521256932,1.0,1.0,12/43,27.66%,SIX2;MFAP2;SIX1;ALDH1A3;RYR2;HES1;DYNC2I1;DSCAML1;FBN1;ID2;RBPMS2;SOX11
KBTBD11,GO_Biological_Process_2023,prerank,Positive Regulation Of Translation (GO:0045727),0.24464813175537947,0.7022892646839184,1.0,1.0,1.0,36/108,23.03%,CD28;IL6;PIWIL2;METTL3;SYNCRIP;PABPC1;YBX1;COA3;RPS27L;KHDRBS1;UPF3B;RPUSD3;SSB;ZCCHC4;METTL14;DAZL;TRUB2;HNRNPD;YBX3;PLXNB2;PCIF1;HNRNPU;YTHDF1;VIM;FXR2;PRKDC;THBS1;ELAVL1;FASTKD2;EIF4A3;CDC123;YTHDF2;C1QBP;RPL26;UPF3A;RPS4X
KBTBD11,GO_Biological_Process_2023,prerank,Positive Regulation Of BMP Signaling Pathway (GO:0030513),-0.3299555351177811,-0.702146708206928,0.9277777777777778,1.0,1.0,5/24,14.09%,SCUBE3;BMPR2;CRB2;NOTCH1;ENG
KBTBD11,GO_Biological_Process_2023,prerank,Regulation Of Protein Transport (GO:0051223),-0.31346168398181806,-0.7019278666898483,0.9413919413919414,1.0,1.0,10/28,22.86%,SIRT6;CHP1;SCFD1;LLGL2;SNX12;STXBP5L;HSPA8;WWP2;NDFIP2;GAPVD1
KBTBD11,GO_Biological_Process_2023,prerank,Negative Regulation Of Epidermal Growth Factor Receptor Signaling Pathway (GO:0042059),-0.32309189656643506,-0.7017988102123808,0.9229323308270677,1.0,1.0,13/23,24.78%,TSG101;RAB7A;GPRC5A;PTPN3;VPS25;SNX6;DAB2IP;PTPRJ;ITGA1;RNF126;DUSP3;PTPN2;CBLB
KBTBD11,GO_Biological_Process_2023,prerank,Regulation Of Fibroblast Proliferation (GO:0048145),-0.28672098369916954,-0.7016667336841679,0.9764492753623188,1.0,1.0,14/46,20.62%,PARP10;CD300A;AMH;NLRC3;BMI1;CD74;TP53;EMD;DAB2IP;CDK4;E2F1;GAS6;B4GALT7;DHX9
KBTBD11,GO_Biological_Process_2023,prerank,Negative Regulation Of Proteasomal Protein Catabolic Process (GO:1901799),0.28557920554865074,0.7014065240630506,0.9771309771309772,1.0,1.0,8/39,14.39%,LAMP3;PARK7;MAP1A;SDCBP;RYBP;PHF20L1;PSMF1;UCHL5
KBTBD11,GO_Biological_Process_2023,prerank,Regulation Of Telomerase Activity (GO:0051972),-0.2897640502143117,-0.7013871612646425,0.9741219963031423,1.0,1.0,11/44,14.99%,SRC;SMG6;POT1;TCP1;MAPK15;XRCC5;NABP2;TP53;TERF1;HMBOX1;PTGES3
KBTBD11,GO_Biological_Process_2023,prerank,Response To Estrogen (GO:0043627),0.2960051841695194,0.7013359677869829,0.9524886877828054,1.0,1.0,11/34,16.68%,TRIM25;SOX9;SERPINB9;KRT19;GHRL;TRIM24;BCAS3;SFR1;CAV1;GSTM3;ESR1
KBTBD11,GO_Biological_Process_2023,prerank,Cell-Cell Junction Assembly (GO:0007043),-0.26333013876140615,-0.7013303104268725,0.9927536231884058,1.0,1.0,11/71,12.39%,MPDZ;GJA5;CDH11;PKP1;PKP3;FBF1;PKN2;ZNF703;CDH10;CDH15;TLN2
KBTBD11,GO_Biological_Process_2023,prerank,Receptor Internalization (GO:0031623),-0.28078450973415797,-0.7012951155465893,0.9723247232472325,1.0,1.0,18/51,21.98%,ITGB2;CAV3;NEDD4;CD81;CXCR2;DRD3;LRP1;RAMP3;DNM2;DNM1;RALB;AP2M1;RAB31;DNM3;SNCA;CALCRL;ARRB2;GRB2
KBTBD11,GO_Biological_Process_2023,prerank,Mitotic Spindle Checkpoint Signaling (GO:0071174),-0.31760407893975356,-0.7012811395896614,0.9285714285714286,1.0,1.0,8/26,15.49%,TEX14;MAD1L1;TRIP13;CDC20;BUB1;KLHL22;CENPF;TTK
KBTBD11,GO_Biological_Process_2023,prerank,Mitotic Spindle Assembly Checkpoint Signaling (GO:0007094),-0.31760407893975356,-0.7012811395896614,0.9285714285714286,1.0,1.0,8/26,15.49%,TEX14;MAD1L1;TRIP13;CDC20;BUB1;KLHL22;CENPF;TTK
KBTBD11,GO_Biological_Process_2023,prerank,Spindle Assembly Checkpoint Signaling (GO:0071173),-0.31760407893975356,-0.7012811395896614,0.9285714285714286,1.0,1.0,8/26,15.49%,TEX14;MAD1L1;TRIP13;CDC20;BUB1;KLHL22;CENPF;TTK
KBTBD11,GO_Biological_Process_2023,prerank,Autophagosome Organization (GO:1905037),0.2661564964451079,0.7012778586979175,0.9938271604938271,1.0,1.0,19/60,20.35%,MAP1LC3A;UBXN2A;ELAPOR1;VMP1;ATG101;ATG5;UBQLN1;WIPI1;EMC6;TMEM41B;ATG12;WIPI2;RAB1A;RAB19;WDR45;ATP13A2;DNAJC16;ATP2A2;GABARAPL1
KBTBD11,GO_Biological_Process_2023,prerank,Water-Soluble Vitamin Metabolic Process (GO:0006767),0.28800293592561904,0.7010421284985479,0.9699769053117783,1.0,1.0,11/40,18.29%,SLC52A1;CUBN;SLC46A1;MTHFD2L;MTHFD2;RFK;SHMT1;SLC19A2;SLC25A32;MMAB;FLAD1
KBTBD11,GO_Biological_Process_2023,prerank,Ribosome Assembly (GO:0042255),-0.2832906890032403,-0.7009761615309291,0.9538461538461539,1.0,1.0,19/48,26.54%,NGRN;VCX;EIF6;PPAN;RPSA;RPL6;RPS19;RRS1;ERAL1;RPF2;EIF2S1;MPV17L2;RPS5;DDX3X;NOP53;RPS14;RRP7BP;RPS27;RPS15
KBTBD11,GO_Biological_Process_2023,prerank,Melanosome Assembly (GO:1903232),-0.34702171980147434,-0.7009296423164046,0.8937728937728938,1.0,1.0,6/18,18.81%,AP1G1;AP1M1;AP3M1;AP3S2;HPS1;AP3B1
KBTBD11,GO_Biological_Process_2023,prerank,Nucleotide-Excision Repair (GO:0006289),-0.27858241761810254,-0.700684255959369,0.9784560143626571,1.0,1.0,19/56,18.24%,POLL;SIRT1;KAT5;POLR2I;MMS19;MRPL36;XAB2;TP53;STON1;COMMD1;RPA1;OGG1;ERCC3;HUS1;FANCC;DDB1;XPA;POLD1;GTF2H2C
KBTBD11,GO_Biological_Process_2023,prerank,Action Potential (GO:0001508),0.28997638447243207,0.7006396873194523,0.9658848614072495,1.0,1.0,10/34,17.60%,KCNA1;KCNE4;MYH7B;KCNH7;SCN4A;KCNQ1;KCNH2;SRI;SLC4A3;KCNE2
KBTBD11,GO_Biological_Process_2023,prerank,Regulation Of Necroptotic Process (GO:0060544),0.3287723421299856,0.7006383364469678,0.9186813186813186,1.0,1.0,6/20,15.31%,PARP1;RIPK1;CASP6;SPATA2;YBX3;AIFM1
KBTBD11,GO_Biological_Process_2023,prerank,Myofibril Assembly (GO:0030239),0.2790097614898059,0.7006159661097866,0.9771309771309772,1.0,1.0,6/46,10.22%,KLHL41;SYNPO2L;MYOZ1;LMOD1;KRT19;FLNC
KBTBD11,GO_Biological_Process_2023,prerank,Cellular Response To Retinoic Acid (GO:0071300),0.28540779830623364,0.7004750819163886,0.9573560767590619,1.0,1.0,10/40,19.11%,WNT5B;WNT9A;SOX9;FZD4;SETX;GSK3B;ATM;WNT5A;WNT9B;EPHA3
KBTBD11,GO_Biological_Process_2023,prerank,Cellular Response To Ionizing Radiation (GO:0071479),-0.2787856105217349,-0.700299872370395,0.9745454545454545,1.0,1.0,24/52,25.97%,SIRT1;TMEM109;EEF1D;RAD9A;XRCC6;BARD1;XRCC5;TP53;DEPDC1B;YAP1;BABAM2;WRN;MAP3K20;HUS1;TSPYL5;INO80;INTS7;GRB2;IFI16;RAD51AP1;ERCC4;CRYAB;MAPK14;CDKN1A
KBTBD11,GO_Biological_Process_2023,prerank,mRNA Stabilization (GO:0048255),-0.28092909743534517,-0.7002111687490052,0.9795158286778398,1.0,1.0,9/52,10.43%,TENT5D;LARP1;BOLL;TENT5C;CIRBP;ELAVL4;NRDE2;RBM47;DND1
KBTBD11,GO_Biological_Process_2023,prerank,Microtubule Polymerization (GO:0046785),0.29564544091473616,0.6998843580333708,0.9686847599164927,1.0,1.0,14/34,24.02%,RANBP9;MAP4;MAP7D3;CLASP2;ZNF207;FGF13;TPPP3;TRPV4;CENPJ;CCDC57;TUBGCP2;NDEL1;TUBG2;SLAIN2
KBTBD11,GO_Biological_Process_2023,prerank,Regulation Of Integrin-Mediated Signaling Pathway (GO:2001044),-0.3371467235445285,-0.699793014157846,0.9089253187613844,1.0,1.0,5/19,20.60%,CD177;TIMP1;PHACTR4;NID1;LOXL3
KBTBD11,GO_Biological_Process_2023,prerank,Positive Regulation Of Cell-Cell Adhesion (GO:0022409),-0.28879290380543143,-0.6994754357860791,0.9607142857142857,1.0,1.0,9/45,19.15%,CXCL13;TNFSF11;LCK;PTPN23;SKAP1;JAK1;CD47;MDK;CITED2
KBTBD11,GO_Biological_Process_2023,prerank,Vesicle Budding From Membrane (GO:0006900),0.30077315757405687,0.6993449596872497,0.9581497797356828,1.0,1.0,11/31,19.52%,RILP;TRAPPC4;TRAPPC10;TMED10;MYO18A;TRAPPC3;VPS4A;CHMP6;TRAPPC1;S100A10;TRAPPC9
KBTBD11,GO_Biological_Process_2023,prerank,Ribosomal Large Subunit Biogenesis (GO:0042273),-0.27737511490322614,-0.6992626419740711,0.9694244604316546,1.0,1.0,17/52,25.50%,TMA16;NEDD4;PAK1IP1;WDR74;EIF6;PPAN;RPL6;RRS1;PES1;RPF2;GTPBP4;SPATA5L1;RPL26L1;MRTO4;NOP53;MAK16;NSA2
KBTBD11,GO_Biological_Process_2023,prerank,Post-Transcriptional Regulation Of Gene Expression (GO:0010608),-0.2757040805340366,-0.699189916236483,0.9906890130353817,1.0,1.0,22/57,22.40%,LARP1;NANOS3;PKP3;LARP4;TDRD7;RC3H1;MSI1;RBM4B;MSI2;GIGYF2;NOLC1;ELP6;METTL18;PUM2;GCN1;RBM3;ELP2;ATG14;METAP1;EIF2S1;SPOUT1;ELP3
KBTBD11,GO_Biological_Process_2023,prerank,Positive Regulation Of Viral Process (GO:0048524),0.28138093425617217,0.6991261877713913,0.986046511627907,1.0,1.0,10/41,16.17%,CD28;FKBP6;CLEC4G;PABPC1;ATG5;STAU1;SRPK2;ATG12;PPIA;NR5A2
KBTBD11,GO_Biological_Process_2023,prerank,Ribosome Biogenesis (GO:0042254),-0.23994362222395887,-0.6990894627365153,1.0,1.0,1.0,66/153,29.07%,EXOSC10;DDX27;TMA16;DDX49;RRP9;EXOSC7;VCX;MRPL36;PAK1IP1;WDR74;EXOSC5;MRPS12;PIH1D1;UTP6;DDX31;NOLC1;DDX54;PNO1;RPS13;RPS19;NOB1;SNU13;RRS1;PES1;GRWD1;EXOSC4;SPPL2B;WDR46;EXOSC3;RPF2;DIS3;EXOSC2;CUL4B;GTPBP4;EIF2S1;SPATA5L1;RPS9;CUL4A;UTP11;RPL26L1;MRTO4;RPS5;NOP53;RPS14;RRP7BP;RPS15A;TBL3;RPS27;NAT10;RPS15;RPS25;RRP12;RPS19BP1;XRN2;WDR75;KRR1;RPL7;RPS16;BOP1;PWP2;DCAF13;RRP36;FBL;NVL;RPS23;RPS28
KBTBD11,GO_Biological_Process_2023,prerank,Positive Regulation Of Nervous System Development (GO:0051962),-0.2845229028332753,-0.6989705307759061,0.9698046181172292,1.0,1.0,17/49,28.10%,RGS14;OPRM1;GPER1;SLITRK1;SNW1;LRRC4B;NLGN3;MME;EPHB1;CUX2;TGM2;CLSTN3;LRP2;SOX11;IL1RAP;NLGN1;SYNDIG1
KBTBD11,GO_Biological_Process_2023,prerank,Establishment Of Mitotic Spindle Localization (GO:0040001),0.2861980294664601,0.6989546166466306,0.974025974025974,1.0,1.0,9/34,13.37%,MISP;MAPRE1;ITGB1;SAPCD2;CLASP2;NDC80;FBXW11;CDK5RAP2;DYNLT1
KBTBD11,GO_Biological_Process_2023,prerank,Positive Regulation Of CREB Transcription Factor Activity (GO:0032793),0.34514230337459284,0.6988591369204753,0.9004237288135594,1.0,1.0,10/17,22.82%,LPAR5;RELN;CRTC3;CD200;CAMK1D;VEGFA;RPS6KA5;PRKD1;TSSK6;OPRD1
KBTBD11,GO_Biological_Process_2023,prerank,Positive Regulation Of Peptidyl-Threonine Phosphorylation (GO:0010800),-0.32681928315280556,-0.6988128559380169,0.9274809160305344,1.0,1.0,8/24,20.24%,IRGM;CALM2;CALM3;EGF;CEMIP;S1PR2;CAB39;TGFB1
KBTBD11,GO_Biological_Process_2023,prerank,Base Conversion Or Substitution Editing (GO:0016553),0.34755015822009183,0.6986911767934496,0.8937093275488069,1.0,1.0,2/17,5.32%,APOBEC2;METTL3
KBTBD11,GO_Biological_Process_2023,prerank,Outer Dynein Arm Assembly (GO:0036158),0.322476747000446,0.6985896366728318,0.9235807860262009,1.0,1.0,4/21,11.09%,CLXN;ODAD2;DNAI1;DNAH5
KBTBD11,GO_Biological_Process_2023,prerank,Negative Regulation Of Stress-Activated MAPK Cascade (GO:0032873),0.28851664922460546,0.6984365385588619,0.9712389380530974,1.0,1.0,16/37,21.97%,DUSP1;DUSP10;GPS2;FOXO1;MYC;EZR;DLG1;FKTN;DACT1;PPIA;FOXM1;PINK1;MECOM;PER1;MARVELD3;ZMYND11
KBTBD11,GO_Biological_Process_2023,prerank,Plasma Membrane Bounded Cell Projection Morphogenesis (GO:0120039),0.2794460737941666,0.6982509361796007,0.9804772234273319,1.0,1.0,17/50,17.29%,MYO16;NTF4;SGK1;NCKAP1;DTNBP1;SNX1;MYO9B;UBB;DICER1;GAS7;NBL1;DCLK1;NGF;BMP7;CNTNAP2;CNTNAP1;CTTN
KBTBD11,GO_Biological_Process_2023,prerank,Nucleotide-Sugar Biosynthetic Process (GO:0009226),-0.3573766448472308,-0.6981911744545208,0.8931860036832413,1.0,1.0,7/15,24.70%,MPI;UAP1L1;NANS;GFPT2;UXS1;UGDH;GMPPB
KBTBD11,GO_Biological_Process_2023,prerank,Regulation Of Phosphorylation (GO:0042325),0.2541585828612377,0.6980051300213858,0.9976958525345622,1.0,1.0,26/82,20.99%,CCDC88A;NLRC5;SDCBP;PHIP;FNIP1;CADM4;CDKN2B;NDUFS4;IKBKB;CORO1C;HSPB1;FER;ROCK1;KDM4D;DYNLL1;DHX34;STAT2;PLXNB2;BMP7;EGFR;ITGA6;SIRT2;IGF1;THBS1;CD24;LDB1
KBTBD11,GO_Biological_Process_2023,prerank,Regulation Of Activated T Cell Proliferation (GO:0046006),-0.3024455986621347,-0.6977844606415308,0.9574074074074074,1.0,1.0,4/33,10.73%,IL23R;CD274;FOXP3;RC3H1
KBTBD11,GO_Biological_Process_2023,prerank,Regulation Of Proteasomal Ubiquitin-Dependent Protein Catabolic Process (GO:0032434),-0.2521908464906751,-0.6969425173951411,1.0,1.0,1.0,45/109,26.91%,CSNK1A1;TRIB3;UBXN1;HFE;LRRK2;CDK2;CCAR2;RNF180;CEBPA;HERPUD1;RACK1;PIAS1;USP9X;PSMD10;GABARAP;HSPBP1;BAG5;OGT;RNF144B;COMMD1;SH3RF1;ELOB;GSK3A;SH3RF2;DAB2;PRKN;USP7;WAC;RCHY1;HECTD1;DVL1;PRICKLE1;NOP53;PANO1;RNF19B;ARIH1;BBS7;GIPC1;AXIN1;CAMLG;USP5;VCP;CSNK1E;STUB1;RNF14
KBTBD11,GO_Biological_Process_2023,prerank,Protein O-linked Glycosylation (GO:0006493),0.24795163212766513,0.6968057323124804,0.9976359338061466,1.0,1.0,17/93,13.76%,GALNT5;FUT3;ST3GAL3;PLOD2;B3GNT4;TRAK1;MGAT5B;GALNTL6;ST8SIA6;C1GALT1C1;GALNT16;EOGT;POGLUT1;GXYLT2;GALNT1;GALNT11;FKTN
KBTBD11,GO_Biological_Process_2023,prerank,Maturation Of SSU-rRNA (GO:0030490),0.2879305776655742,0.6964768709084885,0.9661016949152542,1.0,1.0,18/37,27.15%,HEATR1;IGF2BP3;UTP3;RIOK3;UTP25;NOP14;MPHOSPH10;TSR2;UTP4;RIOK2;NOL10;RIOK1;NGDN;DHX37;WDR43;NOL11;WDR3;LSM6
KBTBD11,GO_Biological_Process_2023,prerank,Cellular Response To Peptide (GO:1901653),-0.2735206801475635,-0.6962927029789915,0.9898132427843803,1.0,1.0,15/56,22.30%,SRC;GPER1;NTRK1;GRIN2A;NOD2;LRP1;LDOC1;TP53;TRIM41;TIMELESS;SNX6;CDK5;CACNA1A;AGER;CHMP5
KBTBD11,GO_Biological_Process_2023,prerank,Cytoplasmic Microtubule Organization (GO:0031122),0.27595707155668986,0.6958715692195908,0.9911894273127754,1.0,1.0,15/48,16.04%,MAP10;CCDC88A;RHOA;HOOK2;TRDN;CLIP1;EZR;FSD1;DLG1;STMN3;TRPV4;KATNBL1;KATNB1;FYN;LIMK2
KBTBD11,GO_Biological_Process_2023,prerank,Sarcomere Organization (GO:0045214),0.3038896709188046,0.6957385625212508,0.9548387096774194,1.0,1.0,8/29,22.31%,SYNPO2L;MYOZ1;KRT19;FLNC;MYLK3;TPM1;OBSCN;CSRP2
KBTBD11,GO_Biological_Process_2023,prerank,Negative Regulation Of Cation Transmembrane Transport (GO:1904063),0.3467539482474384,0.6957165148773456,0.8884120171673819,1.0,1.0,6/15,16.50%,TWIST1;STK39;BIN1;KCNH2;PPIF;CAV1
KBTBD11,GO_Biological_Process_2023,prerank,Positive Regulation Of Interleukin-17 Production (GO:0032740),-0.3212515673250357,-0.6952396725701805,0.9215328467153284,1.0,1.0,2/24,1.95%,IL23R;NR1H4
KBTBD11,GO_Biological_Process_2023,prerank,Regulation Of Cell-Substrate Adhesion (GO:0010810),-0.2836418225915138,-0.6947869462735317,0.9730700179533214,1.0,1.0,21/44,29.38%,PTK2;NPNT;MYADM;NOTCH1;ARL2;PTPRO;RAC2;ECM2;VIT;ALOX15;PDPN;MINK1;PPM1F;THY1;RAC1;PKP2;RELL2;FZD7;ATXN3;GCNT2;WASHC2C
KBTBD11,GO_Biological_Process_2023,prerank,Regulation Of Apoptotic Signaling Pathway (GO:2001233),-0.28558205681971277,-0.6945098147498553,0.980565371024735,1.0,1.0,18/45,24.66%,CTSS;BCL2L12;CSNK2A1;CTSK;STYXL1;ING5;GRINA;BDNF;QARS1;CSNK2A2;MAZ;PTPMT1;DAB2IP;SGMS1;CYLD;FAS;RPS3;NR4A2
KBTBD11,GO_Biological_Process_2023,prerank,Focal Adhesion Assembly (GO:0048041),-0.33271305616454505,-0.6943567095287444,0.9309701492537313,1.0,1.0,7/21,19.88%,SRC;CDH11;TESK2;BCR;PEAK1;ACTN2;FERMT2
KBTBD11,GO_Biological_Process_2023,prerank,Mitotic Chromosome Condensation (GO:0007076),-0.3563753109414648,-0.6939278336247163,0.8872727272727273,1.0,1.0,6/15,20.99%,CHMP1A;NCAPD3;PHF13;CDCA5;TTN;NCAPH
KBTBD11,GO_Biological_Process_2023,prerank,Regulation Of Sprouting Angiogenesis (GO:1903670),0.29622923972115095,0.6938044305527545,0.9430523917995444,1.0,1.0,10/33,15.36%,TNN;FUT1;FGF18;EPN1;E2F2;SEMA6A;CEACAM1;JMJD8;VEGFA;KLF4
KBTBD11,GO_Biological_Process_2023,prerank,Negative Regulation Of Microtubule Polymerization Or Depolymerization (GO:0031111),0.2915732078543465,0.6937962568477511,0.967032967032967,1.0,1.0,11/31,15.33%,MAPRE1;TAOK1;CLASP2;STMN2;BMERB1;FGF13;MAP2;MID1IP1;ATXN7;EML2;KATNB1
KBTBD11,GO_Biological_Process_2023,prerank,Cellular Nitrogen Compound Biosynthetic Process (GO:0044271),0.2930442900798309,0.6922905417833471,0.9692307692307692,1.0,1.0,6/32,9.75%,ACER1;NOS3;SPTLC1;CYP1B1;SPHK2;GCHFR
KBTBD11,GO_Biological_Process_2023,prerank,Regulation Of Proteasomal Protein Catabolic Process (GO:0061136),0.26643208953715425,0.692226751615973,0.9891067538126361,1.0,1.0,22/53,25.85%,LAMP3;OSBPL7;ARAF;UBB;PRKACA;PSMF1;UCHL5;KCNE2;PINK1;DESI1;DNAAF4;XPO1;RAD23A;GLMN;PSMC2;F8A1;RAD23B;RHBDF1;BAG2;HSP90AB1;NUDT15;PSMC5
KBTBD11,GO_Biological_Process_2023,prerank,Regulation Of Receptor Recycling (GO:0001919),0.32875328727891145,0.6920894052155934,0.9120171673819742,1.0,1.0,5/17,13.49%,OCRL;SCRIB;BVES;VAMP3;LAMTOR1
KBTBD11,GO_Biological_Process_2023,prerank,Positive Regulation Of Translational Initiation (GO:0045948),-0.3338586007174476,-0.6918415965741824,0.9210019267822736,1.0,1.0,6/21,23.53%,LARP1;YTHDF3;SH3BGRL;RPS6KB2;HABP4;DDX3X
KBTBD11,GO_Biological_Process_2023,prerank,Neuron Projection Extension (GO:1990138),0.2916763906949685,0.6918342208330147,0.9757709251101322,1.0,1.0,10/38,15.11%,TNN;S100B;SPAG6;SEMA3F;LLPH;CPNE1;TMEM108;CTNNB1;SEMA5A;IQGAP1
KBTBD11,GO_Biological_Process_2023,prerank,Regulation Of Multicellular Organism Growth (GO:0040014),0.3484323702879252,0.6917898745249254,0.9053117782909931,1.0,1.0,4/15,11.36%,MBD5;PPIB;GHRL;GHRH
KBTBD11,GO_Biological_Process_2023,prerank,Regulation Of Cholesterol Biosynthetic Process (GO:0045540),0.34950146691613204,0.6917869462429308,0.9117647058823529,1.0,1.0,3/15,10.48%,AQP8;ERLIN2;SH2D2A
KBTBD11,GO_Biological_Process_2023,prerank,Cardiac Muscle Cell Action Potential (GO:0086001),-0.30364110421028034,-0.691617523744799,0.9449715370018975,1.0,1.0,10/29,18.84%,ATP1A2;YWHAE;KCNIP2;CACNA1D;KCND3;CACNA1G;KCNJ2;SCN4B;FGF12;ATP1B1
KBTBD11,GO_Biological_Process_2023,prerank,Positive Regulation Of Epithelial Cell Migration (GO:0010634),-0.2539406073650399,-0.6911233811505996,0.9981818181818182,1.0,1.0,17/95,15.67%,SRC;AGT;MMP9;FGF1;PTK2;BMPR2;GATA3;MAP4K4;TGFB2;DOCK1;EGF;ZC3H12A;RIN2;GLIPR2;PTK2B;PRKCE;TDGF1
KBTBD11,GO_Biological_Process_2023,prerank,Positive Regulation Of Cholesterol Efflux (GO:0010875),-0.32504812950992656,-0.6910293081783784,0.9171483622350675,1.0,1.0,6/22,20.64%,SIRT1;APOE;LRP1;PLTP;EEPD1;ABCA3
KBTBD11,GO_Biological_Process_2023,prerank,Regulation Of Phosphatidylinositol 3-Kinase Activity (GO:0043551),-0.29811998173419635,-0.6908947622623102,0.9664694280078896,1.0,1.0,12/34,20.88%,PIK3IP1;PTK2;PDGFRB;NOD2;PIK3R4;PTK2B;FGFR3;DAB2IP;ATG14;WDR91;TGFB1;TEK
KBTBD11,GO_Biological_Process_2023,prerank,Regulation Of Carbohydrate Metabolic Process (GO:0006109),-0.35570275767706305,-0.6905557925981667,0.9177330895795247,1.0,1.0,6/15,18.58%,PDK2;SIRT1;FOXK2;PDK1;GNB3;PRKN
KBTBD11,GO_Biological_Process_2023,prerank,Aorta Morphogenesis (GO:0035909),0.33787690953281213,0.6904608348483585,0.8884120171673819,1.0,1.0,2/17,3.10%,DLL4;EFEMP2
KBTBD11,GO_Biological_Process_2023,prerank,Activation Of Adenylate Cyclase Activity (GO:0007190),-0.33173577812262656,-0.6903095114238091,0.9185606060606061,1.0,1.0,4/20,13.83%,LHCGR;ADORA2B;PRSS8;EDNRA
KBTBD11,GO_Biological_Process_2023,prerank,Positive Regulation Of Proteolysis Involved In Protein Catabolic Process (GO:1903052),-0.30185249586834906,-0.6902551574984004,0.9553398058252427,1.0,1.0,14/31,26.66%,PTK2;CAV3;PSMC6;MAGEF1;FBXW7;PRKN;DAB2IP;PSMC3;L3MBTL3;RNF139;PTEN;FMR1;AXIN1;ECSCR
KBTBD11,GO_Biological_Process_2023,prerank,Photoperiodism (GO:0009648),-0.32560920344753574,-0.6902154497105163,0.9276437847866419,1.0,1.0,10/23,22.08%,CRY1;RBM4B;PPP1CB;TP53;PPP1CC;CRTC1;PPP1CA;MTA1;USP2;FBXL17
KBTBD11,GO_Biological_Process_2023,prerank,Response To Retinoic Acid (GO:0032526),0.26730083130548654,0.689864989596827,0.9913793103448276,1.0,1.0,18/58,24.28%,ASCL1;WNT5B;WNT9A;SOX9;FZD4;SETX;GSK3B;ATM;WNT5A;AQP3;WNT9B;EPHA3;BRINP3;RXRA;TWF2;RXRB;PTK7;POLR2D
KBTBD11,GO_Biological_Process_2023,prerank,Neutral Amino Acid Transport (GO:0015804),0.288487354128758,0.6896863163707098,0.954070981210856,1.0,1.0,5/35,14.62%,SLC36A3;SLC7A10;SLC43A2;SLC36A1;SLC36A4
KBTBD11,GO_Biological_Process_2023,prerank,Mitochondrial Respiratory Chain Complex Assembly (GO:0033108),-0.2508857456456675,-0.6890800379627617,1.0,1.0,1.0,32/90,24.24%,NDUFB7;COX16;TMEM126A;DMAC2;NDUFAF4;NDUFAF8;NDUFB10;UQCC3;DMAC1;NDUFB6;NDUFAF5;UQCC2;NDUFA13;ECSIT;TMEM223;NDUFA5;LYRM7;OXA1L;NDUFB4;COX20;NDUFA8;SDHAF3;CHCHD7;OMA1;SDHAF4;SLC25A33;CHCHD4;SURF1;NDUFAF7;NDUFA9;NDUFAF2;NDUFC1
KBTBD11,GO_Biological_Process_2023,prerank,Hexose Metabolic Process (GO:0019318),0.2770280878562963,0.6889664352323024,0.975929978118162,1.0,1.0,13/45,17.69%,FBP1;HKDC1;HK2;ALDOC;PGM1;KHK;GHRL;PPARD;GALM;GDPGP1;FPGT;CHST1;CHST15
KBTBD11,GO_Biological_Process_2023,prerank,Phosphatidic Acid Biosynthetic Process (GO:0006654),0.2954010956415971,0.6884857246838018,0.9695652173913043,1.0,1.0,8/29,14.51%,SLC27A1;DGKG;AGPAT1;DGKZ;DGKD;GNPAT;ABHD5;LCLAT1
KBTBD11,GO_Biological_Process_2023,prerank,Response To Organonitrogen Compound (GO:0010243),0.2736942181470909,0.6882268923549529,0.9931350114416476,1.0,1.0,9/47,13.32%,IRF5;IL6;GLRA3;DRD4;CCDC47;ADORA1;CHRNA3;CHRNA7;RHBDD1
KBTBD11,GO_Biological_Process_2023,prerank,Positive Regulation Of Transcription Elongation By RNA Polymerase II (GO:0032968),-0.2854438894204017,-0.6881215413278381,0.9719626168224299,1.0,1.0,21/43,28.56%,MED11;EAPP;MED19;PWWP2B;MED27;MED29;ELL;ZMYND8;MED28;CDK12;LEO1;MED18;NCBP1;MED31;BTBD18;MED21;MED30;SUPT6H;CCNK;CDK9;TCERG1
KBTBD11,GO_Biological_Process_2023,prerank,Apical Junction Assembly (GO:0043297),0.26533746037983585,0.687822027643951,0.9956427015250545,1.0,1.0,9/53,13.38%,CLDN11;PAK2;CLDN23;RAMP2;MARVELD2;CLDN20;RHOA;DLG1;CLDN4
KBTBD11,GO_Biological_Process_2023,prerank,Positive Regulation Of Glucose Metabolic Process (GO:0010907),-0.34586213687055095,-0.6877796961324752,0.9162303664921466,1.0,1.0,4/15,19.14%,IRS2;SIRT1;DDB1;SIRT7
KBTBD11,GO_Biological_Process_2023,prerank,Cellular Response To Chemical Stress (GO:0062197),-0.2522953614874026,-0.6877390229280219,1.0,1.0,1.0,35/89,25.12%,CPEB2;RBM11;SLC4A11;SUMO4;LRRK2;STX4;ERMP1;MSRA;ZC3H12A;TBC1D24;PRDX5;SERPINB6;PKD2;CHCHD2;GPX1;VRK2;FANCC;PYCR1;MGAT3;SRXN1;SLC25A24;NQO1;TMEM161A;VKORC1L1;ETV5;SNCA;EIF2S1;ALDH3B1;FAS;DDX3X;ATF4;STX2;MAPK8;SESN2;LONP1
KBTBD11,GO_Biological_Process_2023,prerank,Regulation Of Transforming Growth Factor Beta Production (GO:0071634),0.339443543738344,0.687583224079316,0.9071428571428571,1.0,1.0,5/16,21.07%,LRRC32;SERPINF2;SMAD3;ITGB8;HIF1A
KBTBD11,GO_Biological_Process_2023,prerank,Spliceosomal snRNP Assembly (GO:0000387),-0.2905634687179208,-0.6874100737011648,0.9694244604316546,1.0,1.0,11/37,19.12%,PRPF6;SRSF10;GEMIN8;SNRPD3;PRPF8;PRPF31;COIL;HNRNPC;SNRPE;GEMIN4;GEMIN6
KBTBD11,GO_Biological_Process_2023,prerank,Positive Regulation Of Muscle Cell Differentiation (GO:0051149),0.3483714425838008,0.6873866062918573,0.9073275862068966,1.0,1.0,6/15,20.89%,MAPK11;MESP1;LAMB2;RBM4;LAMB1;OLFM2
KBTBD11,GO_Biological_Process_2023,prerank,Regulation Of Viral Entry Into Host Cell (GO:0046596),-0.2802968974230067,-0.6870665730075606,0.9842657342657343,1.0,1.0,15/43,24.83%,SMPD1;TMPRSS4;FCN3;TRIM11;TRIM58;RFPL2;TRIM22;CD74;HLA-DRB1;GSN;TRIM5;FURIN;NECTIN2;LGALS9;TMPRSS2
KBTBD11,GO_Biological_Process_2023,prerank,Regulation Of Chondrocyte Differentiation (GO:0032330),0.30782571567119754,0.6869873021304569,0.9216101694915254,1.0,1.0,7/25,14.36%,GREM1;GDF5;WNT9A;SOX9;SOX6;EFEMP1;PTPN11
KBTBD11,GO_Biological_Process_2023,prerank,Protein Mannosylation (GO:0035268),-0.32729617010703765,-0.6869193346482882,0.9239332096474954,1.0,1.0,11/21,28.24%,TMTC4;RXYLT1;TMTC1;CRPPA;DPM2;TMTC2;DPY19L2P2;DPY19L3;DPM3;DPY19L4;LARGE1
KBTBD11,GO_Biological_Process_2023,prerank,Mitotic Cytokinesis (GO:0000281),-0.2696237360405746,-0.6869117019441743,0.9889908256880734,1.0,1.0,16/59,18.84%,RTKN;RASA1;ARL3;SPTBN1;RACGAP1;SNX33;EXOC8;CHMP4A;MYH10;CFL1;EXOC3;CUL7;ROCK2;ESPL1;CKAP2;EXOC5
KBTBD11,GO_Biological_Process_2023,prerank,Regulation Of Keratinocyte Differentiation (GO:0045616),0.30718129059365445,0.6868663050744586,0.9674620390455532,1.0,1.0,6/25,18.56%,MACROH2A2;ERRFI1;ROCK1;MED1;AQP3;SGPP1
KBTBD11,GO_Biological_Process_2023,prerank,Protein Localization To Nucleus (GO:0034504),-0.24535764123722043,-0.6868246797228955,1.0,1.0,1.0,51/121,25.66%,GCKR;HHEX;YWHAE;SIX1;POM121L2;RANBP17;LMNA;APPL1;STAT3;TSC2;KPNA7;CHCHD10;SEC13;ARL2;KPNB1;IPO13;NUP188;IPO5;KPNA4;NUP62;WRN;SKP1;FAM53C;BCL3;KPNA6;RRS1;NUP214;XPA;BANP;RANBP6;RPF2;POM121C;HIKESHI;ZBTB7A;SUPT7L;NUP107;PIKFYVE;NUAK2;EIF4ENIF1;TBRG1;NUP88;DVL1;PRICKLE1;NOP53;RAN;NUP85;IPO8;TOR1B;LMNB1;SIX4;PEX2
KBTBD11,GO_Biological_Process_2023,prerank,Positive Regulation Of Telomere Maintenance Via Telomere Lengthening (GO:1904358),0.2875774325697144,0.6866863801216114,0.9715536105032823,1.0,1.0,16/35,22.68%,HNRNPA2B1;CCT7;TNIP1;CCT4;ATM;MAPKAPK5;MAPK1;CTNNB1;CCT8;AURKB;NEK2;TNKS;CCT3;MAP3K4;CCT2;FBXO4
KBTBD11,GO_Biological_Process_2023,prerank,Filopodium Assembly (GO:0046847),-0.33455606667905236,-0.6856357571987293,0.9382239382239382,1.0,1.0,6/17,18.14%,MRAP;FGD6;SPATA13;FGD5;S1PR2;DNM3
KBTBD11,GO_Biological_Process_2023,prerank,Protein N-linked Glycosylation (GO:0006487),0.26008626524629874,0.685593104078471,0.9977628635346756,1.0,1.0,20/64,20.64%,FUT3;ALG9;GAL3ST1;MGAT5B;SRD5A3;ALG8;GFPT1;MOGS;RPN2;ALG3;UGGT1;OST4;STT3A;STT3B;B4GALT1;MAGT1;FUT9;ALG11;ENTPD5;SLC39A8
KBTBD11,GO_Biological_Process_2023,prerank,Cell Projection Organization (GO:0030030),0.3188026844882518,0.6850498009985198,0.9398663697104677,1.0,1.0,5/20,8.19%,NEFH;KIF17;MTSS2;ITGB1;NCKAP1
KBTBD11,GO_Biological_Process_2023,prerank,Positive Regulation Of Autophagosome Assembly (GO:2000786),0.3314921442393068,0.6848197109000944,0.9096774193548387,1.0,1.0,6/16,17.21%,ELAPOR1;RAB3GAP1;WIPI1;PIP4K2C;WDR45;SNX18
KBTBD11,GO_Biological_Process_2023,prerank,Positive Regulation Of Nucleocytoplasmic Transport (GO:0046824),-0.2842262971596344,-0.6847686891550367,0.9605734767025089,1.0,1.0,19/44,24.03%,SIRT6;RAPGEF3;HDAC3;NRDE2;NEDD4;YWHAE;CAMK1;ZC3H12A;IPO5;EP300;EMD;GAS6;RBM22;TGFB1;DHX9;CPSF6;RAN;CDH1;HCLS1
KBTBD11,GO_Biological_Process_2023,prerank,Regulation Of Protein-Containing Complex Disassembly (GO:0043244),-0.32426351503886464,-0.6846247152174647,0.9375,1.0,1.0,5/19,18.19%,GSPT1;TBC1D25;UPF1;CLEC16A;MTRF1
KBTBD11,GO_Biological_Process_2023,prerank,Positive Regulation Of Vascular Associated Smooth Muscle Cell Proliferation (GO:1904707),-0.32930789694328766,-0.6845128026004713,0.9044943820224719,1.0,1.0,2/20,3.75%,FGF9;MMP9
KBTBD11,GO_Biological_Process_2023,prerank,protein-DNA Complex Assembly (GO:0065004),-0.2670428783826356,-0.6841616985272615,0.9946902654867257,1.0,1.0,15/59,19.81%,H2BC17;NAP1L2;H4C9;NAP1L3;SMARCA5;HAT1;KAT6B;HMGB2;RSF1;CABIN1;CHRAC1;GRWD1;H2BC9;CHAF1B;ASF1B
KBTBD11,GO_Biological_Process_2023,prerank,Membrane Lipid Biosynthetic Process (GO:0046467),0.26381280748285807,0.6840416433870816,1.0,1.0,1.0,25/56,24.99%,HACD4;SPTLC1;SAMD8;ST8SIA6;SPHK2;ELOVL5;FA2H;ELOVL3;SPTLC2;CERS2;DEGS1;ORMDL2;CERS6;PLPP3;SPTLC3;SGPP1;PRKD1;SGMS2;GBGT1;CSNK1G2;PPM1L;HACD2;PLPP1;B3GNT5;ORMDL1
KBTBD11,GO_Biological_Process_2023,prerank,Positive Regulation Of Monocyte Chemotaxis (GO:0090026),0.3353003612328639,0.6838345494247179,0.9224318658280922,1.0,1.0,3/18,13.94%,CXCL17;LGMN;ANO6
KBTBD11,GO_Biological_Process_2023,prerank,"Alternative mRNA Splicing, Via Spliceosome (GO:0000380)",0.3373052324793673,0.6837052336441698,0.918918918918919,1.0,1.0,6/16,19.07%,DDX5;PQBP1;SLU7;CELF4;PUF60;SCNM1
KBTBD11,GO_Biological_Process_2023,prerank,"Mitochondrial Electron Transport, Cytochrome C To Oxygen (GO:0006123)",0.3506011832273378,0.6831961628059837,0.9053497942386831,1.0,1.0,7/15,21.93%,COX6A2;COX15;COX7A2;COX4I1;COX5B;CYCS;COX7B
KBTBD11,GO_Biological_Process_2023,prerank,Regulation Of Telomere Maintenance In Response To DNA Damage (GO:1904505),-0.339193013670395,-0.6831342499781122,0.8961038961038961,1.0,1.0,8/15,28.89%,ACTR5;RUVBL1;INO80;INO80C;TFPT;INO80B;ACTR8;INO80D
KBTBD11,GO_Biological_Process_2023,prerank,Apoptotic Mitochondrial Changes (GO:0008637),-0.2917519117730903,-0.6830915747465737,0.9688644688644689,1.0,1.0,11/34,19.19%,IFI6;MFF;CCAR2;FZD9;BAX;BCL2L1;SFN;GGCT;THEM4;BID;BAK1
KBTBD11,GO_Biological_Process_2023,prerank,Regulation Of Bone Mineralization (GO:0030500),-0.2670412353886379,-0.6830435344538486,0.992633517495396,1.0,1.0,15/58,19.87%,ALOX5;WNT4;ISG15;BMPR2;BMP2;AHSG;ATP2B1;FZD9;P2RX7;PTK2B;BMP6;NBR1;PTN;TXLNG;MEF2C
KBTBD11,GO_Biological_Process_2023,prerank,DNA Integrity Checkpoint Signaling (GO:0031570),-0.28292216298065104,-0.6829530231099344,0.9764492753623188,1.0,1.0,16/42,19.41%,DONSON;HINFP;CHEK2;CDC45;RAD9A;MRPL36;TIPRL;FBXO6;DOT1L;MAP3K20;TIMELESS;TP53BP1;HUS1;E2F1;USP28;CEP63
KBTBD11,GO_Biological_Process_2023,prerank,Regulation Of Establishment Of Endothelial Barrier (GO:1903140),0.3396125752686793,0.682376761747786,0.9044444444444445,1.0,1.0,6/16,20.17%,TNFRSF1A;IKBKB;ROCK1;VEGFA;CLDN5;S1PR3
KBTBD11,GO_Biological_Process_2023,prerank,Calcium-Dependent Cell-Cell Adhesion Via Plasma Membrane Cell Adhesion Molecules (GO:0016339),-0.2870684855471249,-0.6820740915723461,0.9678030303030303,1.0,1.0,12/38,23.85%,PCDHB9;CDH11;PCDHB10;CDH10;CDH15;PCDHB5;PCDHB16;CDH13;CDH6;CDH7;PCDHB4;CDH1
KBTBD11,GO_Biological_Process_2023,prerank,Renal Absorption (GO:0070293),0.336510189626946,0.6814920521814452,0.8845360824742268,1.0,1.0,6/17,15.77%,SGK1;KCNQ1;CLDN4;MAGED2;KLHL3;HAS2
KBTBD11,GO_Biological_Process_2023,prerank,Positive Regulation Of Cell Junction Assembly (GO:1901890),-0.26213316312702867,-0.6813446135369432,0.9945945945945946,1.0,1.0,18/61,25.96%,AGT;SLITRK1;MAP4K4;NPHP1;BDNF;LRRC4B;NPHP4;PTPRJ;NLGN3;FERMT2;EPHB1;TEK;CUX2;CLDN3;PPM1F;THY1;RAC1;CLSTN3
KBTBD11,GO_Biological_Process_2023,prerank,RNA Export From Nucleus (GO:0006405),0.25949995199531395,0.6812548160694397,0.9935205183585313,1.0,1.0,17/63,17.33%,NPAP1;NUP153;HNRNPA2B1;TPR;UPF2;MAGOH;THOC5;NXT1;NUP98;ALYREF;ALKBH5;NCBP3;THOC7;NUP160;THOC3;SMG5;THOC1
KBTBD11,GO_Biological_Process_2023,prerank,Hexose Transmembrane Transport (GO:0008645),-0.32102464889318183,-0.6812546747818402,0.9462962962962963,1.0,1.0,8/22,21.38%,SLC5A9;SLC2A2;SLC2A7;SLC2A14;SLC45A1;SLC5A10;SLC2A3;SLC2A12
KBTBD11,GO_Biological_Process_2023,prerank,Cellular Response To Peptide Hormone Stimulus (GO:0071375),-0.25214121560814895,-0.6808840050916852,0.9963570127504554,1.0,1.0,25/89,23.02%,SRC;CPEB2;IRS2;TRIB3;GPER1;RHOQ;SCNN1G;SCNN1A;PKM;MYO5A;LHCGR;SLC39A14;SLC30A10;LPIN3;GSK3A;GOT1;RAB31;PCSK9;TBC1D4;SLC25A33;RAB10;VAMP2;LPIN2;GCK;RAB8A
KBTBD11,GO_Biological_Process_2023,prerank,Positive Regulation Of Homotypic Cell-Cell Adhesion (GO:0034112),0.3331600383581153,0.6806872427993029,0.9022869022869023,1.0,1.0,3/16,13.77%,IL6;PLAUR;MFSD2B
KBTBD11,GO_Biological_Process_2023,prerank,Adaptive Immune Response Based On Somatic Recombination Of Immune Receptors Built From Immunoglobulin Superfamily Domains (GO:0002460),-0.312644197731701,-0.6806562683911906,0.9695817490494296,1.0,1.0,6/23,13.99%,CR1;SLA2;EBI3;STAT3;CD70;JAG1
KBTBD11,GO_Biological_Process_2023,prerank,Cardiac Muscle Cell Action Potential Involved In Contraction (GO:0086002),-0.2979249578899204,-0.6803874002117336,0.9640831758034026,1.0,1.0,9/29,18.89%,KCNE5;CAV3;CACNA1D;CACNA1G;KCNJ2;SCN4B;KCNE3;FGF12;RYR2
KBTBD11,GO_Biological_Process_2023,prerank,Cellular Response To Light Stimulus (GO:0071482),0.2551671042068995,0.6801872347986628,0.9976133651551312,1.0,1.0,14/63,18.66%,TRPM1;PARP1;METTL3;TENT4A;MAPK13;OPN1SW;MYC;RHBDD1;RUVBL2;ZBTB1;AURKB;PRKCD;RHNO1;KDM1A
KBTBD11,GO_Biological_Process_2023,prerank,Vesicle Fusion (GO:0006906),-0.25745819919487356,-0.6795235977217079,0.9964601769911504,1.0,1.0,30/79,24.01%,CHMP1A;PLEKHM1;VAMP4;VTI1A;VIPAS39;RAB7A;STX4;TOM1;STX5;PIP4K2B;VAMP1;CHMP4A;STXBP1;YIPF5;UVRAG;STX12;STX10;VPS18;STXBP6;SNCA;VAMP8;RAB8B;PIKFYVE;CHMP3;VAMP2;CHMP5;RAB8A;CLTRN;CHMP1B;CHMP2A
KBTBD11,GO_Biological_Process_2023,prerank,Lamellipodium Organization (GO:0097581),-0.298916198427228,-0.6794324240933516,0.9538745387453874,1.0,1.0,9/30,18.75%,ABLIM3;ARHGEF4;ARFIP2;ABLIM2;GOLPH3;SPATA13;PTPRO;PHPT1;CDH13
KBTBD11,GO_Biological_Process_2023,prerank,Mitochondrial Fusion (GO:0008053),-0.33613670866928735,-0.6793477664554614,0.9275092936802974,1.0,1.0,9/18,23.87%,MFF;GDAP1;MIEF1;USP30;MFN2;RCC1L;THG1L;MCL1;MIGA2
KBTBD11,GO_Biological_Process_2023,prerank,Negative Regulation Of Viral-Induced Cytoplasmic Pattern Recognition Receptor Signaling Pathway (GO:0039532),0.3334017767110981,0.6792418741023143,0.907563025210084,1.0,1.0,5/16,13.90%,TNFAIP3;PTPRS;RIOK3;TKFC;RAB7B
KBTBD11,GO_Biological_Process_2023,prerank,Regulation Of Epithelial Cell Migration (GO:0010632),-0.27178843422509,-0.6792016286149287,0.9868173258003766,1.0,1.0,10/50,15.28%,SRC;TACSTD2;PTK2;BMPR2;BMPER;TGFB2;DOCK1;PTPN23;GLIPR2;PRKCE
KBTBD11,GO_Biological_Process_2023,prerank,Positive Regulation Of Protein Polymerization (GO:0032273),0.2541127617659167,0.6791576540459908,1.0,1.0,1.0,22/69,20.06%,TTBK1;LMOD1;CDC42EP5;MAPRE1;NCKAP1;DRG1;SNX9;BIN1;CDC42EP2;FCHSD1;CLIP1;CDK5RAP2;FER;TPPP3;FCHSD2;CTTN;PINK1;PFN1;PFN2;NAV3;ANKRD53;DCTN1
KBTBD11,GO_Biological_Process_2023,prerank,Macrophage Activation (GO:0042116),-0.2934423440894485,-0.6790835089889313,0.9584905660377359,1.0,1.0,6/35,12.98%,ITGB2;ITGAM;SBNO2;MYO1C;MAPT;C5AR1
KBTBD11,GO_Biological_Process_2023,prerank,Regulation Of Nucleotide-Excision Repair (GO:2000819),-0.3092433419924167,-0.6789719034381402,0.9440298507462687,1.0,1.0,11/26,19.33%,DPF3;SMARCD3;SMARCD2;DPF1;BCL7C;ARID1A;ACTL6B;SMARCA2;SMARCE1;SMARCC1;KAT7
KBTBD11,GO_Biological_Process_2023,prerank,Excitatory Postsynaptic Potential (GO:0060079),0.3230844013125529,0.6789430786251349,0.9212765957446809,1.0,1.0,8/18,18.50%,NPAS4;RAB3GAP1;CHRNA3;GSK3B;MAPK8IP2;FOXM1;GRID2;GRIN1
KBTBD11,GO_Biological_Process_2023,prerank,Long-Chain Fatty Acid Biosynthetic Process (GO:0042759),-0.31530721587837235,-0.6788381241774364,0.9356060606060606,1.0,1.0,2/24,3.01%,ALOX5;CYP2C8
KBTBD11,GO_Biological_Process_2023,prerank,mRNA Transport (GO:0051028),0.26012961968279535,0.6786529711292936,0.9957537154989384,1.0,1.0,19/57,20.90%,PEG10;HNRNPA2B1;TPR;UPF2;MAGOH;THOC5;NXT1;ALYREF;ALKBH5;NCBP3;THOC7;NUP160;THOC3;KIF5C;SMG5;THOC1;SLBP;XPO1;EIF4A3
KBTBD11,GO_Biological_Process_2023,prerank,Response To Insulin (GO:0032868),0.24983987999569052,0.678380517080606,1.0,1.0,1.0,25/79,21.04%,PARP1;PIK3R1;SORBS1;LPIN1;SLC27A1;PDE3B;C2CD5;KHK;CPEB1;FOXO1;KAT2B;CEACAM1;IRS1;FER;PRKCI;INSIG2;USF1;INSIG1;PRKDC;LEP;AKT1;GPLD1;SYAP1;INSR;CAPN10
KBTBD11,GO_Biological_Process_2023,prerank,Negative Regulation Of Antigen Receptor-Mediated Signaling Pathway (GO:0050858),-0.3143955631281978,-0.6783670490374956,0.955078125,1.0,1.0,10/24,25.68%,PVRIG;SLA2;CD300A;LPXN;PHPT1;PTPRJ;DUSP3;PTPN2;LGALS3;THY1
KBTBD11,GO_Biological_Process_2023,prerank,Positive Regulation Of Pattern Recognition Receptor Signaling Pathway (GO:0062208),-0.2824131740356135,-0.6780035725307264,0.9807692307692307,1.0,1.0,10/39,19.00%,TRIM15;ZCCHC3;CYBA;TICAM2;DHX58;TLR5;TRIM3;MFHAS1;PUM2;PJA2
KBTBD11,GO_Biological_Process_2023,prerank,Positive Regulation Of Morphogenesis Of An Epithelium (GO:1905332),-0.3116741593557445,-0.677951885005285,0.9558011049723757,1.0,1.0,4/23,11.01%,PAX2;SIRT6;EGF;SIX1
KBTBD11,GO_Biological_Process_2023,prerank,Positive Regulation Of Defense Response To Virus By Host (GO:0002230),-0.29965340813693336,-0.6777060708958867,0.962756052141527,1.0,1.0,5/28,15.50%,IL23R;APOBEC3G;TRIM22;ZC3H12A;EIF2AK4
KBTBD11,GO_Biological_Process_2023,prerank,Negative Regulation Of Protein Modification By Small Protein Conjugation Or Removal (GO:1903321),-0.2648744568416513,-0.6771045978067872,0.994475138121547,1.0,1.0,17/54,20.85%,SQSTM1;ISG15;CHP1;UBXN1;COPS9;CRY1;BAG5;OGT;CAPN3;IVNS1ABP;DCUN1D3;PRKCG;SOX4;SH3RF2;SIRT7;GTPBP4;ARRB2
KBTBD11,GO_Biological_Process_2023,prerank,Positive Regulation Of Cell-Substrate Adhesion (GO:0010811),0.2476263765023512,0.6769807600667498,0.995475113122172,1.0,1.0,22/71,22.58%,DOCK5;CSF1;FUT1;APOA1;NDNF;EPHA1;ABL1;LIMS2;CRK;GSK3B;CSPG5;CCDC80;FLNA;PDGFB;RSU1;CX3CL1;JUP;S100A10;CDK6;CASS4;C1QBP;CARMIL1
KBTBD11,GO_Biological_Process_2023,prerank,Bile Acid Biosynthetic Process (GO:0006699),0.29725086270144113,0.6768744906654667,0.9675324675324676,1.0,1.0,5/25,11.32%,OSBPL7;BAAT;OSBPL3;CYP7B1;CYP39A1
KBTBD11,GO_Biological_Process_2023,prerank,Nucleocytoplasmic Transport (GO:0006913),0.26405758079442776,0.6767570737637449,0.9954954954954955,1.0,1.0,15/49,17.53%,NUP153;NUP43;NEMF;TPR;ATXN1;ANP32A;BACH2;NUP205;NUP98;NUP160;RANBP2;NUP50;CDAN1;NUP93;NDC1
KBTBD11,GO_Biological_Process_2023,prerank,Regulation Of Neuroblast Proliferation (GO:1902692),-0.3101628169377315,-0.6767010718560618,0.9541108986615678,1.0,1.0,5/24,10.92%,HAPLN1;SMARCD3;TAFA1;LRRK2;BCAN
KBTBD11,GO_Biological_Process_2023,prerank,Actin Nucleation (GO:0045010),-0.32003093766369334,-0.6762242741543852,0.9431372549019608,1.0,1.0,8/21,21.98%,SCIN;JMY;IQGAP2;ARPC5;ARPC5L;WASH6P;LMOD3;MAGEL2
KBTBD11,GO_Biological_Process_2023,prerank,Regulation Of Cardiac Muscle Cell Proliferation (GO:0060043),-0.32428953971493385,-0.6757892341752437,0.9343065693430657,1.0,1.0,7/20,25.89%,GLI1;NOTCH1;ZFPM2;VGLL4;MEF2C;TP73;PIM1
KBTBD11,GO_Biological_Process_2023,prerank,Sulfur Compound Catabolic Process (GO:0044273),0.3168581098908246,0.6757719960116114,0.9454926624737946,1.0,1.0,9/20,21.88%,GLB1;MLYCD;SUCLG2;NUDT8;HPSE;IDUA;SGSH;SUCLA2;NUDT19
KBTBD11,GO_Biological_Process_2023,prerank,Proteoglycan Metabolic Process (GO:0006029),-0.3049224393375806,-0.6755150614888875,0.9440298507462687,1.0,1.0,11/25,21.73%,BMPR2;CANT1;XYLT1;CNMD;GAL3ST3;CHST14;SULF2;B4GALT7;B3GALT6;CHST13;GAL3ST4
KBTBD11,GO_Biological_Process_2023,prerank,Regulation Of Mitochondrial Fission (GO:0090140),-0.30362955837193106,-0.6755007209468186,0.940754039497307,1.0,1.0,7/26,18.65%,MUL1;MFF;LRRK2;MAPT;MIEF1;PRKN;PGAM5
KBTBD11,GO_Biological_Process_2023,prerank,Positive Regulation Of Histone Methylation (GO:0031062),-0.3236725161676649,-0.6754796999793887,0.9319470699432892,1.0,1.0,6/19,20.20%,SIRT1;INSL6;OGT;SMARCA5;RRP8;SMAD4
KBTBD11,GO_Biological_Process_2023,prerank,Wnt Signaling Pathway (GO:0016055),-0.2536362225579165,-0.6752430396024454,1.0,1.0,1.0,17/75,21.00%,CPE;CSNK1A1;WNT2B;WNT4;FZD1;WNT3;LRRK2;FZD9;TMEM67;LRP6;RAC3;BCL9;FRAT1;FERMT2;NID1;KLHL12;CCDC88C
KBTBD11,GO_Biological_Process_2023,prerank,Peptide Biosynthetic Process (GO:0043043),-0.23261860010872432,-0.6749170442465351,1.0,1.0,1.0,67/155,28.08%,GGTA1;MRPL35;MRPS18C;HARS1;GSPT1;ZAR1L;PCSK5;RPL37;GGT7;MRPL36;MRPS15;MRPS12;RPSA;RPL3L;MRRF;RPL22;MRPS6;RPL3;RPL6;RPS13;RPS19;RPL41;RPL28;RPS2;MRPL42;RPL38;RPS6KB2;GSPT2;RPL18A;RPLP1;RPL30;RPL29;MRPS16;MRPL11;RPL34;RPS9;MRPL18;RPL19;RPS27A;FURIN;MRPL23;RPS5;RPL21;RPL13;RPS3;RPS14;MRPS33;RPS20;DMD;MRPL27;RPS15A;MRPL14;RPL8;RPS27;MRPL10;RPS15;RPL18;RPS25;SRBD1;RPL35;RPL9;RPLP0;RPL7;RPS16;DHPS;RPL24;RPS21
KBTBD11,GO_Biological_Process_2023,prerank,Positive Regulation Of Nervous System Process (GO:0031646),-0.33878029009917887,-0.674649882753465,0.9150943396226415,1.0,1.0,3/18,10.82%,TPPP;EGR2;UNC13B
KBTBD11,GO_Biological_Process_2023,prerank,Positive Regulation Of Cell Cycle G2/M Phase Transition (GO:1902751),0.3054920145379132,0.6743026664050844,0.9714912280701754,1.0,1.0,12/24,27.76%,TNFSF13B;RRM1;CDC7;FBXO5;RRM2B;MECP2;DYRK3;STOX1;RCC2;CDC25C;BRD4;VPS4B
KBTBD11,GO_Biological_Process_2023,prerank,Glycosaminoglycan Biosynthetic Process (GO:0006024),-0.2632353150949176,-0.6741788374125767,0.9964093357271095,1.0,1.0,23/58,22.32%,B3GNT3;CHPF2;CHST5;B4GALT4;CHST7;SLC35D2;XYLT1;ST3GAL6;CHSY1;EXT2;B3GAT3;CHST2;CEMIP;UST;ST3GAL1;ST3GAL4;B3GNT7;CHST14;B4GALT7;B3GALT6;CHST13;UGDH;CHSY3
KBTBD11,GO_Biological_Process_2023,prerank,Positive Regulation Of Cardiac Muscle Tissue Growth (GO:0055023),-0.3417197179799755,-0.6740670997950012,0.9061371841155235,1.0,1.0,4/16,19.87%,GLI1;NOTCH1;ZFPM2;MEF2C
KBTBD11,GO_Biological_Process_2023,prerank,Actin Filament Bundle Organization (GO:0061572),-0.28644844701500427,-0.6737317423175984,0.9711711711711711,1.0,1.0,13/33,20.26%,FSCN3;MYO1B;BAIAP2L1;SHROOM1;LIMA1;CORO1B;BAIAP2L2;PLS1;SHROOM2;BAIAP2;USH1C;ESPN;RFLNA
KBTBD11,GO_Biological_Process_2023,prerank,Negative Regulation Of Innate Immune Response (GO:0045824),0.2627302503277435,0.6737082945931465,0.9890590809628009,1.0,1.0,20/52,22.09%,PARP1;USP18;METTL3;NLRC5;TNFAIP3;ATG5;LYAR;SUSD4;TRIM21;ATG12;AURKB;STAT2;PRKDC;TTLL12;AKT1;IRAK3;USP15;PCBP2;SERPING1;YTHDF2
KBTBD11,GO_Biological_Process_2023,prerank,In Utero Embryonic Development (GO:0001701),0.297825523052032,0.6736680629797965,0.9612068965517241,1.0,1.0,9/27,17.82%,ESRRB;TGFB3;EGFL8;PTPRR;FGFR2;VEGFA;LIG4;PDGFB;TFEB
KBTBD11,GO_Biological_Process_2023,prerank,Modulation Of Chemical Synaptic Transmission (GO:0050804),-0.23794705978671668,-0.6734811340073666,1.0,1.0,1.0,38/122,23.99%,CHRNB2;DLGAP3;DGKI;GRIN3B;NOL3;GRM2;CPLX4;MCTP1;OTOF;ATP1A2;LRRK2;SYN1;NPTX2;SLC4A8;GRIN3A;PXK;CACNG5;FER1L5;GRM4;BCR;FXR1;SYT1;NMU;NLGN3;CDKL5;MEF2C;CDK5;CPLX2;SLC12A2;CACNA1A;DLGAP4;AGER;NPTX1;MCTP2;GRID1;PTEN;FMR1;GRIK3
KBTBD11,GO_Biological_Process_2023,prerank,Regulation Of Lamellipodium Assembly (GO:0010591),0.2821748592711439,0.6733180800866837,0.9829059829059829,1.0,1.0,12/33,25.10%,PIK3R1;AVIL;NCKAP1;FER;ACTR3;ARPC2;CYFIP1;TWF2;BRK1;PIK3CA;CAPZB;TWF1
KBTBD11,GO_Biological_Process_2023,prerank,Positive Regulation Of Leukocyte Adhesion To Vascular Endothelial Cell (GO:1904996),0.3234459348215901,0.6731748147559538,0.950207468879668,1.0,1.0,3/17,14.83%,IL6;RHOA;FUT4
KBTBD11,GO_Biological_Process_2023,prerank,Positive Regulation Of Protein Kinase B Signaling (GO:0051897),0.23920078358342398,0.6731134478435831,1.0,1.0,1.0,30/93,23.08%,MC1R;IAPP;PARK7;ITGB1;MST1R;CPNE1;TXN;SPRY2;IL18;CALCR;TCF7L2;RTN4;SEMA5A;MTDH;EGFR;HPSE;PINK1;CX3CL1;LEP;FGF2;IGF1;THBS1;CNTN1;INSR;CASS4;GDF15;C1QBP;IGF1R;TNFAIP8L3;TGFBR1
KBTBD11,GO_Biological_Process_2023,prerank,Regulation Of Cellular Response To Growth Factor Stimulus (GO:0090287),0.31877537576699205,0.6730427064033684,0.9576837416481069,1.0,1.0,8/19,22.41%,SULF1;TWSG1;DOK5;ZDHHC17;FSTL1;SFRP4;FSTL3;OTX2
KBTBD11,GO_Biological_Process_2023,prerank,Histone Acetylation (GO:0016573),0.2536311822611597,0.6730273699045377,0.9976744186046511,1.0,1.0,20/59,17.59%,MBIP;TMEM98;ACTL6A;DR1;PHF20L1;SF3B3;KAT2B;TRRAP;SGF29;RUVBL2;ATXN7;MEAF6;DMAP1;MRGBP;MAP3K7;KAT2A;EPC1;NAA60;TAF5;WDR5
KBTBD11,GO_Biological_Process_2023,prerank,Heterochromatin Organization (GO:0070828),-0.2838585368646804,-0.6728677119940675,0.9674502712477396,1.0,1.0,9/38,16.61%,MTHFR;SIRT1;L3MBTL1;UHRF1;LMNA;CBX3;SETD7;SMARCA5;EZH1
KBTBD11,GO_Biological_Process_2023,prerank,Regulation Of DNA Repair (GO:0006282),-0.23653554652942055,-0.6727586176130134,1.0,1.0,1.0,44/129,23.15%,ACTR5;DPF3;SIRT1;KAT5;SMARCD3;MORF4L2;TAF7;SMARCD2;DPF1;SMCHD1;YEATS4;RUVBL1;TAF2;BCL7C;BARD1;CCDC117;DEPDC1B;UBE2V2;ACTB;BABAM2;ARID1A;ACTL6B;SMARCA2;TAF6;SMARCE1;SF3B5;SUPT20H;RNF168;SMARCC1;SIRT7;KAT7;TADA2B;ENY2;TMEM161A;SUPT7L;DHX9;PCNA;INO80;MBTD1;EYA3;INO80C;ARID1B;PPP4R2;PARG
KBTBD11,GO_Biological_Process_2023,prerank,Protein Localization To Endoplasmic Reticulum (GO:0070972),-0.3314686598513857,-0.6727526870995998,0.9389763779527559,1.0,1.0,4/16,12.21%,GABARAPL2;LRRK2;PPP1R15A;VAPA
KBTBD11,GO_Biological_Process_2023,prerank,Diterpenoid Metabolic Process (GO:0016101),0.29588615687458675,0.6726494897219044,0.9821428571428571,1.0,1.0,4/28,10.04%,NAPEPLD;AKR1B1;RDH5;LRAT
KBTBD11,GO_Biological_Process_2023,prerank,Positive Regulation Of DNA-templated Transcription Initiation (GO:2000144),0.25797732436679843,0.6725831298405633,1.0,1.0,1.0,18/56,22.09%,TWIST1;HNF1B;MITF;MED9;MED20;SETX;MED16;MED1;MED7;JUN;TAF5;TAF4B;TAF8;MED26;ZNHIT1;MED12;TAF9;TAF1
KBTBD11,GO_Biological_Process_2023,prerank,RNA Polyadenylation (GO:0043631),0.30046628531298675,0.6723407752893469,0.962882096069869,1.0,1.0,4/25,8.32%,SYMPK;GRSF1;PCF11;PABPC1
KBTBD11,GO_Biological_Process_2023,prerank,Negative Regulation Of mRNA Processing (GO:0050686),0.33714002695626105,0.6721063489790187,0.9330453563714903,1.0,1.0,6/15,22.49%,RBM20;SRSF12;U2AF2;SRSF9;SRSF4;C1QBP
KBTBD11,GO_Biological_Process_2023,prerank,Purine Ribonucleotide Catabolic Process (GO:0009154),0.2972660776130787,0.6716098118794445,0.9647577092511013,1.0,1.0,13/25,26.57%,ENTPD4;MLYCD;SUCLG2;PRTFDC1;NUDT8;PNP;NUDT18;SUCLA2;NUDT19;NT5C2;AMPD3;PDE9A;NUDT3
KBTBD11,GO_Biological_Process_2023,prerank,Calcium-Mediated Signaling (GO:0019722),-0.24891603298638165,-0.6714227354575916,0.9981718464351006,1.0,1.0,27/85,24.79%,IRGM;TNFSF11;DMPK;MCTP1;ORC3;LRRK2;PPP3CC;RCAN2;P2RX7;HTR2B;LAT2;TPCN2;SAMD14;RCAN1;PTPRJ;ATP1B1;RYR2;P2RX4;PLCE1;RCAN3;P2RY11;TRPM4;MCTP2;SPHK1;PDPK1;PPP3R1;STIMATE
KBTBD11,GO_Biological_Process_2023,prerank,Positive Regulation Of Small Molecule Metabolic Process (GO:0062013),-0.2908078277048013,-0.671262387479772,0.9688644688644689,1.0,1.0,6/33,15.28%,SLC4A4;IRS2;APOE;ARNT;P2RX7;PRKCE
KBTBD11,GO_Biological_Process_2023,prerank,Regulation Of Stem Cell Proliferation (GO:0072091),-0.34017181188170664,-0.6710239195754364,0.9213286713286714,1.0,1.0,5/16,17.56%,KDF1;HMGB2;YAP1;TERT;NANOG
KBTBD11,GO_Biological_Process_2023,prerank,Positive Regulation Of mRNA Catabolic Process (GO:0061014),-0.2752302003390058,-0.6707666719730789,0.9844660194174757,1.0,1.0,13/45,18.29%,NANOS3;TNRC6B;FTO;CNOT7;GIGYF2;ZC3H12A;YTHDF3;KHSRP;RIDA;UPF1;MOV10;FXR1;ROCK2
KBTBD11,GO_Biological_Process_2023,prerank,Regulation Of Oxidative Phosphorylation (GO:0002082),-0.3344795821799669,-0.6702304201900839,0.925,1.0,1.0,7/16,26.66%,AK4;PDE12;UQCC2;SHMT2;SLC25A33;VCP;MLXIPL
KBTBD11,GO_Biological_Process_2023,prerank,Sphingolipid Biosynthetic Process (GO:0030148),-0.25248937223729573,-0.6701364048392056,0.9982238010657194,1.0,1.0,26/76,23.38%,ST3GAL5;CERS3;SMPD1;PNPLA1;HACD1;SMPD4;KDSR;SPTSSA;SPNS2;SGPP2;VAPA;ST8SIA1;ST8SIA3;PLPP2;ALOX12B;ORMDL3;ST6GALNAC5;OSBP;ACER3;AGK;CERS5;SGMS1;ALDH3B1;SGPL1;TM9SF2;SPHK1
KBTBD11,GO_Biological_Process_2023,prerank,Lysosomal Lumen Acidification (GO:0007042),0.3128581179461378,0.6698171718505264,0.9593147751605996,1.0,1.0,5/18,18.10%,TMEM199;ATP6V0C;TMEM9;ATP6V1D;CCDC115
KBTBD11,GO_Biological_Process_2023,prerank,DNA Repair-Dependent Chromatin Remodeling (GO:0140861),-0.3391776549168544,-0.6697378119125889,0.924187725631769,1.0,1.0,6/16,19.14%,PARP2;KAT5;HPF1;DEPDC1B;RNF168;SIRT7
KBTBD11,GO_Biological_Process_2023,prerank,Negative Regulation Of TORC1 Signaling (GO:1904262),-0.302043322026474,-0.66959631578978,0.968365553602812,1.0,1.0,12/25,23.30%,KPTN;MIOS;NPC1;ITFG2;SEC13;CASTOR1;SESN3;NPRL3;STK11;WDR59;RNF152;BMT2
KBTBD11,GO_Biological_Process_2023,prerank,Retrotransposon Silencing (GO:0010526),0.30879035883716627,0.6695934371259373,0.9478260869565217,1.0,1.0,6/21,21.63%,DDX4;SPOCD1;APOBEC3B;TEX19;TEX15;APOBEC3D
KBTBD11,GO_Biological_Process_2023,prerank,Cell Communication By Electrical Coupling Involved In Cardiac Conduction (GO:0086064),-0.3362009439276129,-0.6695852346861937,0.9385171790235082,1.0,1.0,3/16,8.90%,GJC3;GJA5;ATP1A2
KBTBD11,GO_Biological_Process_2023,prerank,RNA Transport (GO:0050658),-0.2856287651123075,-0.6694875544658353,0.9826086956521739,1.0,1.0,15/37,19.74%,NOL3;TST;POM121L2;DDX39B;HNRNPA1;TGFBR2;KPNB1;NUP188;RTRAF;NUP62;NUP214;RBFOX1;POM121C;CKAP5;DDX39A
KBTBD11,GO_Biological_Process_2023,prerank,Establishment Of Protein Localization To Endoplasmic Reticulum (GO:0072599),-0.335598692816438,-0.6693192510335029,0.9391771019677997,1.0,1.0,6/16,22.08%,SRPRA;ZFAND2A;SPCS2;MAN1A1;RYR2;RAB10
KBTBD11,GO_Biological_Process_2023,prerank,Receptor Signaling Pathway Via JAK-STAT (GO:0007259),-0.282851399994639,-0.6690883375793688,0.9743589743589743,1.0,1.0,9/36,19.43%,STAT3;PIAS1;MYO1C;PKD2;STAT5A;GHR;JAK1;IFNAR1;CSF2RA
KBTBD11,GO_Biological_Process_2023,prerank,Embryonic Skeletal System Development (GO:0048706),0.279201213299813,0.669061456654975,0.9874476987447699,1.0,1.0,10/33,26.16%,SULF1;WNT9A;WNT5A;DEAF1;OXSR1;KIAA1217;FUZ;POLR2D;SLC2A10;UCMA
KBTBD11,GO_Biological_Process_2023,prerank,Presynapse Assembly (GO:0099054),-0.3435838424135762,-0.6689997878964825,0.9209039548022598,1.0,1.0,2/15,6.95%,LRP4;FZD1
KBTBD11,GO_Biological_Process_2023,prerank,Regulation Of Developmental Growth (GO:0048638),0.2958670473403033,0.6689898920806546,0.9694501018329938,1.0,1.0,11/29,21.54%,SPAAR;MYCBP2;MBD5;EPPK1;GSK3B;LATS2;PLCB1;CTTN;LEP;INSR;DLL1
KBTBD11,GO_Biological_Process_2023,prerank,Gamma-Aminobutyric Acid Signaling Pathway (GO:0007214),0.3093881410130385,0.6689811341306516,0.9517543859649122,1.0,1.0,7/20,17.16%,GABRE;GABRA5;GABRA2;GNAI2;GABRG1;GABRA1;GABRG2
KBTBD11,GO_Biological_Process_2023,prerank,Regulation Of Macromolecule Biosynthetic Process (GO:0010556),-0.26707408871285365,-0.6689480601937005,0.9888475836431226,1.0,1.0,20/53,23.26%,NANOS3;PKP3;MSI1;RBM4B;MSI2;JADE2;NOLC1;ING5;ELP6;ING4;METTL18;GCN1;KAT7;RBM3;ELP2;METAP1;EIF2S1;JADE1;ELP3;RB1CC1
KBTBD11,GO_Biological_Process_2023,prerank,Positive Regulation Of Potassium Ion Transmembrane Transport (GO:1901381),-0.3331485341567308,-0.6686347461882532,0.9351351351351351,1.0,1.0,4/17,10.60%,KCNE5;ATP1B3;AMIGO1;KCNIP2
KBTBD11,GO_Biological_Process_2023,prerank,Positive Regulation Of Cell Cycle (GO:0045787),-0.25820593130279457,-0.6684814910081839,1.0,1.0,1.0,18/64,21.49%,TBX3;RGCC;EIF4EBP1;TGFB2;PKN2;USP19;CCNB1;PSMD10;LRP6;PKD2;PSRC1;ASNS;MARK4;CITED2;MAPRE3;RARA;SPDYA;USP2
KBTBD11,GO_Biological_Process_2023,prerank,Positive Regulation Of Mononuclear Cell Migration (GO:0071677),0.2894068373584343,0.6681772794691712,0.9711934156378601,1.0,1.0,7/31,22.49%,CCR6;CXCL17;LGMN;ANO6;AIF1;SERPINE1;C1QBP
KBTBD11,GO_Biological_Process_2023,prerank,Regulation Of Membrane Protein Ectodomain Proteolysis (GO:0051043),-0.3218145918414683,-0.6680404247017039,0.9477611940298507,1.0,1.0,5/21,12.62%,TIMP1;SH3D19;PTPN3;APOE;SNX33
KBTBD11,GO_Biological_Process_2023,prerank,Alpha-Beta T Cell Activation (GO:0046631),0.34329047219229836,0.667932632298289,0.9258474576271186,1.0,1.0,2/15,10.66%,CDH26;STOML2
KBTBD11,GO_Biological_Process_2023,prerank,Regulation Of Cellular Component Size (GO:0032535),0.26820021903459335,0.6678645205307788,0.9955257270693513,1.0,1.0,13/42,19.78%,RDX;ARHGAP35;EZR;BLOC1S2;RAB3B;EPS8;RPTOR;PEX11G;ATP13A2;DNAJC16;MYO3B;BLOC1S1;LAMTOR5
KBTBD11,GO_Biological_Process_2023,prerank,Regulation Of Single Stranded Viral RNA Replication Via Double Stranded DNA Intermediate (GO:0045091),-0.32802428939108863,-0.667705857336773,0.9407407407407408,1.0,1.0,2/17,8.89%,APOBEC3G;RESF1
KBTBD11,GO_Biological_Process_2023,prerank,Glutamate Receptor Signaling Pathway (GO:0007215),-0.28513785292495075,-0.6675613423074053,0.9762340036563071,1.0,1.0,9/35,16.99%,GRIN3B;GRM2;GNAQ;GRIN2A;GRIN3A;GRIN2D;GRM4;PTK2B;HOMER3
KBTBD11,GO_Biological_Process_2023,prerank,Protein Targeting To Membrane (GO:0006612),-0.2545938806545697,-0.6673189997232051,1.0,1.0,1.0,14/71,17.15%,SRPRA;ZDHHC12;ZDHHC22;SGTB;ZDHHC24;ZDHHC14;VPS37B;MYO1C;CHMP4A;VPS37C;ZDHHC11B;GET3;ARL6IP1;SEC62
KBTBD11,GO_Biological_Process_2023,prerank,Positive Regulation Of Neurogenesis (GO:0050769),-0.2521762948164308,-0.667220197310107,0.9981751824817519,1.0,1.0,11/75,10.92%,RGS14;OPRM1;PLXNA2;GPER1;SLITRK1;HAPLN1;NTRK2;SMARCD3;AMIGO1;CDKL3;BCAN
KBTBD11,GO_Biological_Process_2023,prerank,RNA Methylation (GO:0001510),-0.26217750022861064,-0.667079865515847,0.9961759082217974,1.0,1.0,18/62,19.23%,THUMPD2;TARBP1;WDR6;TFB2M;TRMT10A;SNRPD3;THUMPD3;TRMT6;HENMT1;CMTR1;SNRPE;TRMT12;RBM15B;ZC3H13;FTSJ3;TRMT44;TYW3;GTPBP3
KBTBD11,GO_Biological_Process_2023,prerank,Cellular Response To Glucose Stimulus (GO:0071333),0.28225015895207006,0.6670303288972015,0.967741935483871,1.0,1.0,6/34,13.46%,NKX6-1;RAB11FIP2;RAB11B;SELENOT;RAB11FIP5;PRKACA
KBTBD11,GO_Biological_Process_2023,prerank,Positive Regulation Of Proteolysis (GO:0045862),-0.25976794220989874,-0.6669718571973129,0.9947368421052631,1.0,1.0,20/59,24.67%,CTSS;MAPK12;SH3D19;APOE;SNX33;ZC3H12A;OGT;CAPN3;CTSK;ASPH;NDUFA13;BAK1;IST1;RCAN3;AURKAIP1;NLRC4;FURIN;PACSIN3;PERP;CYFIP2
KBTBD11,GO_Biological_Process_2023,prerank,Regulation Of Cellular Response To Transforming Growth Factor Beta Stimulus (GO:1903844),0.30413018671422243,0.6663548268612196,0.9612903225806452,1.0,1.0,5/23,17.02%,EID2;SMAD7;SMAD3;LATS2;SMURF2
KBTBD11,GO_Biological_Process_2023,prerank,Negative Regulation Of Axon Extension (GO:0030517),0.2884983755440341,0.6662854971802316,0.9737991266375546,1.0,1.0,13/30,21.96%,RTN4R;SEMA3F;PTPRS;SEMA6A;RTN4;MAP2;SEMA5A;TRIM46;SEMA3E;SEMA4D;DIP2B;SEMA6D;SEMA4G
KBTBD11,GO_Biological_Process_2023,prerank,Xenobiotic Transport (GO:0042908),0.311768876110838,0.6660133752356467,0.9548387096774194,1.0,1.0,8/20,19.68%,ABCC11;ABCG2;ABCC3;SLC22A18;ABCC1;SLC22A2;SLC22A1;SLC31A1
KBTBD11,GO_Biological_Process_2023,prerank,Chondroitin Sulfate Proteoglycan Biosynthetic Process (GO:0050650),-0.31465356102554,-0.6660076015952,0.9703703703703703,1.0,1.0,8/19,22.32%,CHPF2;CHST7;XYLT1;CHSY1;B3GAT3;CHST13;UGDH;CHSY3
KBTBD11,GO_Biological_Process_2023,prerank,Pulmonary Valve Morphogenesis (GO:0003184),-0.3224403344418918,-0.6659376569931866,0.9314079422382672,1.0,1.0,5/18,13.99%,GJA5;TGFB2;SMAD6;NOTCH1;JAG1
KBTBD11,GO_Biological_Process_2023,prerank,Glycosaminoglycan Catabolic Process (GO:0006027),0.3369058203910723,0.6657904215717257,0.9133192389006343,1.0,1.0,6/15,19.36%,SPAM1;GLB1;HYAL1;IDUA;SGSH;FGF2
KBTBD11,GO_Biological_Process_2023,prerank,Extrinsic Apoptotic Signaling Pathway Via Death Domain Receptors (GO:0008625),-0.29101295354335016,-0.6655227480372492,0.9714828897338403,1.0,1.0,9/30,23.53%,TRADD;BAX;GABARAP;DEDD2;BID;DAB2IP;SORT1;MOAP1;DDX3X
KBTBD11,GO_Biological_Process_2023,prerank,3'-UTR-mediated mRNA Stabilization (GO:0070935),-0.32753546439831704,-0.6652568734976833,0.9294117647058824,1.0,1.0,4/18,16.16%,BOLL;ELAVL4;RBM47;HNRNPC
KBTBD11,GO_Biological_Process_2023,prerank,Negative Regulation Of Gluconeogenesis (GO:0045721),-0.3423197626870364,-0.665169481654905,0.955719557195572,1.0,1.0,8/15,26.65%,SIRT6;CRY1;EP300;CLK2;USP7;GCK;PGPEP1;SIK1
KBTBD11,GO_Biological_Process_2023,prerank,Regulation Of Filopodium Assembly (GO:0051489),-0.26997594286875837,-0.664583700054657,0.9890310786106032,1.0,1.0,18/43,23.88%,DAAM2;RHOQ;AGRN;PLPPR5;RIPOR2;SRGAP2C;ARHGAP44;FXR1;DOCK11;TENM1;GPM6A;PPP1R16B;RAB17;MIEN1;PALM;ARF6;CDC42;FMR1
KBTBD11,GO_Biological_Process_2023,prerank,"Positive Regulation Of DNA-templated Transcription, Elongation (GO:0032786)",0.25491851122615167,0.6643498969655302,1.0,1.0,1.0,11/56,13.98%,PARP1;PWWP2A;CDK13;CCNT1;HMGN1;MED9;MED20;THOC5;MED16;MED1;MED7
KBTBD11,GO_Biological_Process_2023,prerank,Negative Regulation Of Protein Ubiquitination (GO:0031397),0.25679283211171394,0.6642982389909832,0.9977477477477478,1.0,1.0,15/54,16.50%,PER2;PARK7;NXN;ADGRB1;TNFAIP3;SMAD7;SPRY2;U2AF2;DNAJA1;FBXO5;GNL3L;DTX3L;HDAC8;MINAR1;CAV1
KBTBD11,GO_Biological_Process_2023,prerank,Actin Filament Bundle Assembly (GO:0051017),-0.2842158900446443,-0.6642505084163652,0.9740740740740741,1.0,1.0,12/33,17.86%,FSCN3;MYO1B;BAIAP2L1;SHROOM1;LIMA1;HSP90B1;CORO1B;BAIAP2L2;PLS1;SHROOM2;BAIAP2;USH1C
KBTBD11,GO_Biological_Process_2023,prerank,Positive Regulation Of Wound Healing (GO:0090303),0.27407430554738005,0.664084816825839,0.9933184855233853,1.0,1.0,13/39,21.22%,DUOX1;ADRA2A;ITGB1;MYLK;CLDN4;HRAS;KANK1;HPSE;INSL3;F12;THBS1;SMOC2;SERPINE1
KBTBD11,GO_Biological_Process_2023,prerank,Amino Acid Import Across Plasma Membrane (GO:0089718),-0.29807045714627556,-0.6640559683789405,0.9649805447470817,1.0,1.0,10/27,24.08%,SLC38A2;SLC1A6;SLC1A4;SLC6A6;SLC1A5;SLC38A5;SLC3A2;SLC22A4;SLC47A1;SLC7A2
KBTBD11,GO_Biological_Process_2023,prerank,Synaptic Vesicle Transport Along Microtubule (GO:0099517),0.33046024688167314,0.6640065063019666,0.9305263157894736,1.0,1.0,8/15,25.99%,DTNBP1;BLOC1S2;AP3S1;TRIM46;BLOC1S1;BLOC1S4;AP3B2;BLOC1S3
KBTBD11,GO_Biological_Process_2023,prerank,Anterograde Synaptic Vesicle Transport (GO:0048490),0.33046024688167314,0.6640065063019666,0.9305263157894736,1.0,1.0,8/15,25.99%,DTNBP1;BLOC1S2;AP3S1;TRIM46;BLOC1S1;BLOC1S4;AP3B2;BLOC1S3
KBTBD11,GO_Biological_Process_2023,prerank,Translational Elongation (GO:0006414),0.26959829196840346,0.6637600081774478,0.9936034115138592,1.0,1.0,13/41,16.24%,EEF1A2;EEF1G;NEMF;SKIC2;LTN1;HBS1L;ANKZF1;SKIC3;RNF25;TUFM;ZNF598;EEF1A1;TRIP4
KBTBD11,GO_Biological_Process_2023,prerank,Positive Regulation Of Cation Transmembrane Transport (GO:1904064),-0.32457917724342555,-0.6632443370155846,0.9390681003584229,1.0,1.0,6/18,17.98%,CTSS;KCNE5;AMIGO1;EDNRA;STAC;NOS1
KBTBD11,GO_Biological_Process_2023,prerank,Organelle Transport Along Microtubule (GO:0072384),0.27083130633516617,0.6632335308977706,0.9852941176470589,1.0,1.0,19/38,24.37%,TMEM201;TRAK1;ARHGAP21;DYNC1I1;FBXW11;UBB;BLOC1S2;RHOT1;RAB1A;BICD1;BLOC1S1;KIF5B;BICDL2;COPG2;NDEL1;RHOT2;PEX14;BORCS5;COPG1
KBTBD11,GO_Biological_Process_2023,prerank,Regulation Of Cell-Matrix Adhesion (GO:0001952),-0.2563791133011658,-0.6630037151436498,0.9964093357271095,1.0,1.0,16/65,19.35%,CCL25;PTK2;CDKN2A;RASA1;MAP4K4;SKAP1;ADAM15;AJAP1;PLEKHA2;JAG1;PTPRA;PTK2B;ROCK2;CDH13;PEAK1;ENC1
KBTBD11,GO_Biological_Process_2023,prerank,Cardiac Ventricle Development (GO:0003231),0.3128685603313524,0.6627157952634898,0.9493670886075949,1.0,1.0,4/19,10.25%,DLL4;MATR3;SALL1;HEYL
KBTBD11,GO_Biological_Process_2023,prerank,Negative Regulation Of Fat Cell Differentiation (GO:0045599),0.28269676547256894,0.6624390465557114,0.9764957264957265,1.0,1.0,6/32,11.81%,IL6;BBS12;GPS2;FOXO1;SMAD3;CCDC85B
KBTBD11,GO_Biological_Process_2023,prerank,Fatty Acid Oxidation (GO:0019395),0.25729343801556226,0.6623703013609639,0.9955555555555555,1.0,1.0,21/52,24.24%,ACADS;ALOX12;ACSM1;ECI2;ADIPOR1;PPARD;CPT2;DECR1;CROT;PEX13;BDH2;MCAT;ADH5;SCP2;ACAD11;HADHB;AUH;ADIPOR2;ABCD3;ACADM;ACAT2
KBTBD11,GO_Biological_Process_2023,prerank,Phagocytosis (GO:0006909),-0.2526654821308326,-0.6622457196536518,0.9981818181818182,1.0,1.0,8/68,12.78%,TIMD4;ITGB2;SRPX;MSR1;ITGAM;DOCK1;LRP1;TICAM2
KBTBD11,GO_Biological_Process_2023,prerank,Transcription Preinitiation Complex Assembly (GO:0070897),-0.26162178959840077,-0.6622148529819065,0.9982425307557118,1.0,1.0,15/52,22.47%,MED11;TAF7;GTF2A2;MED19;MED27;MED29;TAF2;GTF2B;TAF6;MED28;TAF13;TAF11;MED18;GTF2A1;TBP
KBTBD11,GO_Biological_Process_2023,prerank,Actin Polymerization Or Depolymerization (GO:0008154),0.2546934607209334,0.662067615515698,0.9976744186046511,1.0,1.0,16/53,20.92%,CORO7;VIL1;DIAPH1;AVIL;ARHGAP6;GHRL;MSRB1;GAS7;CATIP;ABI2;MICAL3;COBL;SVIL;MICAL2;AIF1;FAM107A
KBTBD11,GO_Biological_Process_2023,prerank,Regulation Of Cyclin-Dependent Protein Kinase Activity (GO:1904029),-0.26299097914409153,-0.6619613387449501,0.9962476547842402,1.0,1.0,14/53,21.17%,CDKN2A;CCNB3;CCNI2;CCNJ;CCNB1;CCNE2;CCNI;CCNE1;CDKN2D;CDC37;GTPBP4;GTF2H1;MNAT1;CCNF
KBTBD11,GO_Biological_Process_2023,prerank,Anaphase-Promoting Complex-Dependent Catabolic Process (GO:0031145),0.3096130869457779,0.6617721353140139,0.9674134419551935,1.0,1.0,4/21,13.59%,ECRG4;CDC26;ANAPC5;ANAPC15
KBTBD11,GO_Biological_Process_2023,prerank,DNA Synthesis Involved In DNA Repair (GO:0000731),0.2924817020517684,0.6617307987400196,0.973741794310722,1.0,1.0,9/27,16.29%,SYCP1;TNFSF13B;POLH;PCLAF;RRM1;POLD3;ZBTB1;RRM2B;RFC3
KBTBD11,GO_Biological_Process_2023,prerank,Positive Regulation Of Proteasomal Protein Catabolic Process (GO:1901800),-0.24253679009619827,-0.6616808323673421,1.0,1.0,1.0,38/90,26.91%,CSNK1A1;TRIB3;LRRK2;RNF180;CEBPA;RACK1;PIAS1;PSMD10;GABARAP;HSPBP1;RNF144B;PSMC6;SH3RF1;RNF185;ELOB;GSK3A;SH3RF2;DAB2;FBXW7;PRKN;DAB2IP;PSMC3;RCHY1;HECTD1;DVL1;PRICKLE1;NOP53;FMR1;RNF19B;ARIH1;BBS7;AXIN1;USP5;VCP;CSNK1E;ECSCR;STUB1;RNF14
KBTBD11,GO_Biological_Process_2023,prerank,Negative Regulation Of Fibroblast Proliferation (GO:0048147),-0.32771031931938144,-0.6616402338772819,0.9522058823529411,1.0,1.0,6/17,18.67%,PARP10;CD300A;NLRC3;TP53;EMD;DAB2IP
KBTBD11,GO_Biological_Process_2023,prerank,Negative Regulation Of Mitotic Metaphase/Anaphase Transition (GO:0045841),-0.29551679341116877,-0.6613805237858168,0.9787985865724381,1.0,1.0,8/28,15.49%,TEX14;MAD1L1;TRIP13;CDC20;BUB1;KLHL22;CENPF;TTK
KBTBD11,GO_Biological_Process_2023,prerank,Negative Regulation Of T Cell Receptor Signaling Pathway (GO:0050860),0.3206573878115719,0.6612641205846468,0.9495967741935484,1.0,1.0,5/18,12.71%,LILRB4;PRNP;EZR;DGKZ;CEACAM1
KBTBD11,GO_Biological_Process_2023,prerank,U2-type Prespliceosome Assembly (GO:1903241),0.30098847351173835,0.6611505473853203,0.9591836734693877,1.0,1.0,9/23,19.37%,SF3A3;SF3B1;SF3B3;RBMX2;SNRPG;SNRPF;SNRPD1;SF3B6;SF3B4
KBTBD11,GO_Biological_Process_2023,prerank,Regulation Of Protein Localization To Membrane (GO:1905475),0.2893499043939312,0.6609059782407107,0.9841986455981941,1.0,1.0,8/28,18.40%,MMP14;AKR1B1;LDLRAP1;ZDHHC7;FYN;VPS4A;NECAB2;PDZK1
KBTBD11,GO_Biological_Process_2023,prerank,RNA Phosphodiester Bond Hydrolysis (GO:0090501),0.28906151032968047,0.6607784031827769,0.9752577319587629,1.0,1.0,10/28,17.88%,RNASEH1;PCF11;TRIR;TOE1;DICER1;KHNYN;XRN1;POP7;POP1;ELAC1
KBTBD11,GO_Biological_Process_2023,prerank,Positive Regulation Of Regulatory T Cell Differentiation (GO:0045591),-0.3293839029916244,-0.6607451780651072,0.9460966542750929,1.0,1.0,9/17,22.87%,VSIR;CR1;FOXP3;KAT5;BCL6;HLA-DRB1;SOCS1;HLA-G;HLA-DRA
KBTBD11,GO_Biological_Process_2023,prerank,Macromolecule Modification (GO:0043412),-0.2468457260491656,-0.6605237051539455,1.0,1.0,1.0,28/80,24.09%,CPE;LIPT1;ADPRH;SLC35A1;CDKL3;RNF2;PHEX;SEPHS1;MSRA;ST3GAL6;FBXW2;ST3GAL1;ST3GAL4;CDC34;MANBA;UBE2M;UBE2D3;WWP2;B4GALT7;LCMT1;STK38;MMP15;RABGGTB;PHKA2;YES1;PPP4R2;ST3GAL2;LOXL2
KBTBD11,GO_Biological_Process_2023,prerank,"Synaptic Transmission, Cholinergic (GO:0007271)",-0.3317033269635012,-0.6604194052373388,0.9558011049723757,1.0,1.0,4/16,10.83%,CHRNB2;RAPSN;APOE;CHRNA4
KBTBD11,GO_Biological_Process_2023,prerank,Regulation Of Translational Initiation (GO:0006446),-0.25698374007160973,-0.660236900688737,0.9981818181818182,1.0,1.0,21/64,23.88%,NCK2;LARP1;BOLL;EIF4EBP1;NCK1;BZW2;IMPACT;CTIF;YTHDF3;EIF2AK4;DNAJC3;DDX1;BZW1;RPS6KB2;HABP4;PAIP2B;EIF3E;NCBP1;DDX3X;PPP1R15B;FMR1
KBTBD11,GO_Biological_Process_2023,prerank,Negative Regulation Of I-kappaB kinase/NF-kappaB Signaling (GO:0043124),-0.26878318989437494,-0.6601910737519671,0.9903288201160542,1.0,1.0,16/42,23.99%,NR1H4;IRGM;SIRT1;NLRP12;NLRC3;ZC3H12A;USP10;TLE1;CACTIN;RHOH;DAB2IP;CARD8;ARRB2;NLRX1;OTUD7B;PPM1A
KBTBD11,GO_Biological_Process_2023,prerank,RNA Metabolic Process (GO:0016070),-0.2331696589564583,-0.6590933330238915,1.0,1.0,1.0,33/111,20.89%,EXOSC10;ELAVL4;RNGTT;FTO;EXOSC7;TBRG4;WDR74;DHX8;EXOSC5;DDX39B;ZC3H12A;PAPOLA;DDX54;DEDD2;ADARB1;RNASEH2A;RNASEH2B;NOL9;EXOSC4;ADARB2;HNRNPUL1;TFIP11;AGO1;AGO4;EXOSC3;EXOSC1;DIS3;EXOSC2;RBM3;IGHMBP2;PAPOLG;DHX9;TP53RK
KBTBD11,GO_Biological_Process_2023,prerank,Nuclear Transport (GO:0051169),-0.28252335066191303,-0.6588188898770061,0.9835466179159049,1.0,1.0,11/38,17.73%,RGS14;NUP42;AHCTF1;NUP37;CITED1;SEC13;RSRC1;NUP188;NUP62;RBM15B;NUP214
KBTBD11,GO_Biological_Process_2023,prerank,Positive Regulation Of Stem Cell Population Maintenance (GO:1902459),0.2712081223532238,0.6583594705536011,0.9934065934065934,1.0,1.0,20/40,25.33%,DPF2;ESRRB;ACTL6A;SF3B3;SMARCB1;REST;SMARCD1;BCL7A;ARID4A;SMARCA4;HDAC2;BICRA;RBBP4;SAP30;SIN3A;BRMS1;ING1;HDAC1;NCOA3;BCL7B
KBTBD11,GO_Biological_Process_2023,prerank,Bile Acid Metabolic Process (GO:0008206),-0.2905789111708472,-0.6580132358510897,0.977112676056338,1.0,1.0,9/31,19.57%,SLC27A2;AKR1D1;ACOX2;NPC1;HSD17B10;OSBPL1A;GBA2;ACAA1;OSBP
KBTBD11,GO_Biological_Process_2023,prerank,L-alpha-amino Acid Transmembrane Transport (GO:1902475),0.2665038620581813,0.656753997666915,0.9916317991631799,1.0,1.0,10/40,16.70%,SLC17A8;SLC25A15;SLC25A13;PRAF2;SLC25A29;SLC66A1;SLC36A4;SLC22A2;SLC25A22;SLC17A7
KBTBD11,GO_Biological_Process_2023,prerank,Endosome Transport Via Multivesicular Body Sorting Pathway (GO:0032509),0.2985032626884904,0.6565541863676833,0.9659574468085106,1.0,1.0,11/23,27.76%,LYST;RILP;CHMP6;LEPROTL1;TMEM50B;MVB12A;LEPROT;CHMP7;DENND10;VTA1;VPS4B
KBTBD11,GO_Biological_Process_2023,prerank,Cytoskeleton-Dependent Cytokinesis (GO:0061640),0.24032014007862812,0.6564615952773816,1.0,1.0,1.0,16/81,15.77%,SEPTIN5;RHOB;KIF4A;USP8;SEPTIN2;TTC19;SNX9;RHOA;SEPTIN6;SEPTIN7;KIF20A;SPAST;ROCK1;KIF23;AURKB;VPS4A
KBTBD11,GO_Biological_Process_2023,prerank,Transcription By RNA Polymerase III (GO:0006383),-0.2917651517362523,-0.6564420678962969,0.9635036496350365,1.0,1.0,12/28,22.47%,SNAPC2;ELL;SNAPC3;IVNS1ABP;POLR2K;POLR3G;POLR2L;GTF3C2;SNAPC5;POLR3K;GTF3C1;TBP
KBTBD11,GO_Biological_Process_2023,prerank,Cyclic Nucleotide Biosynthetic Process (GO:0009190),-0.31843915608224654,-0.6554268684177239,0.95,1.0,1.0,4/19,10.08%,ADCY7;ADCY10;ADCY9;GUCY2D
KBTBD11,GO_Biological_Process_2023,prerank,Regulation Of Hydrolase Activity (GO:0051336),-0.25127221804690686,-0.6552927455214493,1.0,1.0,1.0,22/71,22.64%,EPHA5;PLXNA2;MRAP;PTK2;SOD1;NTRK2;FGD6;RAP1GAP;ARHGAP44;WRN;FGD5;NOS1;PLXNB1;DAB2IP;PLXND1;ARHGAP27;RASIP1;ALS2CL;SIPA1L1;CHN1;ARHGAP9;PROM2
KBTBD11,GO_Biological_Process_2023,prerank,Vesicle Coating (GO:0006901),0.2831657467361548,0.6552507323807897,0.9936974789915967,1.0,1.0,10/28,20.34%,TRAPPC4;TRAPPC10;TMED10;AP3S1;TRAPPC3;PREB;TRAPPC1;TMED2;TRAPPC9;TRAPPC12
KBTBD11,GO_Biological_Process_2023,prerank,Positive Regulation Of Protein Processing (GO:0010954),0.30900746313333355,0.6545919202784494,0.9731543624161074,1.0,1.0,5/20,19.12%,MELTF;RHBDD1;MYH9;F12;S100A10
KBTBD11,GO_Biological_Process_2023,prerank,Regulation Of Establishment Of Cell Polarity (GO:2000114),0.32162509872575,0.6543961907336503,0.962882096069869,1.0,1.0,6/17,17.83%,KRIT1;BCAS3;ROCK1;KANK1;CYRIB;RUFY3
KBTBD11,GO_Biological_Process_2023,prerank,Positive Regulation Of Phosphate Metabolic Process (GO:0045937),-0.28876001591593903,-0.6539038495884907,0.9681647940074907,1.0,1.0,6/30,15.11%,SRC;KCTD20;EGF;AMH;PTGES3;BCL10
KBTBD11,GO_Biological_Process_2023,prerank,JNK Cascade (GO:0007254),-0.2916934181833343,-0.6538902321136126,0.9855334538878843,1.0,1.0,9/29,16.64%,MAP3K13;SH2D3A;CRKL;LRRK2;MAPK8IP1;MAP4K3;MAP2K4;MAP3K12;MAP3K20
KBTBD11,GO_Biological_Process_2023,prerank,Transcription By RNA Polymerase I (GO:0006360),-0.3341486358923717,-0.653785715995141,0.9484346224677717,1.0,1.0,4/15,21.05%,TAF1C;POLR1C;POLR2L;GTF2H1
KBTBD11,GO_Biological_Process_2023,prerank,Regulation Of Fatty Acid Biosynthetic Process (GO:0042304),0.28870036796034226,0.6536603753994978,0.9865168539325843,1.0,1.0,6/26,13.92%,ERLIN2;ELOVL5;KAT2B;CEACAM1;MID1IP1;KLHL25
KBTBD11,GO_Biological_Process_2023,prerank,mRNA Export From Nucleus (GO:0006406),0.24940223707259634,0.6535773716635849,1.0,1.0,1.0,17/60,17.49%,ZC3H11A;HNRNPA2B1;TPR;UPF2;MAGOH;THOC5;NXT1;ALYREF;ALKBH5;NCBP3;THOC7;NUP160;IWS1;THOC3;SMG5;THOC1;NUP93
KBTBD11,GO_Biological_Process_2023,prerank,Nuclear Envelope Organization (GO:0006998),0.3207333124912132,0.6531198191251526,0.9494505494505494,1.0,1.0,8/17,20.45%,TMEM43;TMEM170A;NEMP1;TOR1AIP1;VPS4A;NUP93;LMNB2;REEP4
KBTBD11,GO_Biological_Process_2023,prerank,Cell Chemotaxis (GO:0060326),0.2595493505281814,0.6529254505840802,0.9956236323851203,1.0,1.0,11/48,20.40%,CCR6;AZU1;LPAR1;VEGFA;SEMA5A;ARHGEF16;PIP5K1A;PDGFB;PRKCD;CX3CL1;BCAR1
KBTBD11,GO_Biological_Process_2023,prerank,Positive Regulation Of Mitotic Cell Cycle (GO:0045931),0.2893080573025154,0.652493000767788,0.9806451612903225,1.0,1.0,13/27,24.49%,MDM2;NKX3-1;HSF1;TTL;LGMN;PRKCA;CCDC57;AURKA;SMOC2;MEIS2;EIF4E;CUL3;RPS6KB1
KBTBD11,GO_Biological_Process_2023,prerank,Regulation Of T Cell Cytokine Production (GO:0002724),0.31355820107705706,0.6523375006358012,0.9342105263157895,1.0,1.0,4/18,10.60%,LILRB4;SMAD7;TNFRSF1B;TRAF2
KBTBD11,GO_Biological_Process_2023,prerank,Regulation Of Meiotic Cell Cycle (GO:0051445),0.30796381432140296,0.6521403914155285,0.9511677282377919,1.0,1.0,6/20,13.59%,SPATA22;METTL3;DUSP1;CDC26;ANAPC5;ANAPC15
KBTBD11,GO_Biological_Process_2023,prerank,Positive Regulation Of T Cell Cytokine Production (GO:0002726),0.30343817587594435,0.6519877137310044,0.9801762114537445,1.0,1.0,7/21,21.44%,IL6;IL18;TRAF2;MAP3K7;IL18R1;TNFSF4;HLA-A
KBTBD11,GO_Biological_Process_2023,prerank,Ribosomal Small Subunit Biogenesis (GO:0042274),0.23656662336698642,0.6517284934928034,1.0,1.0,1.0,35/82,27.15%,WDR36;HEATR1;MRPS7;RPS27L;IGF2BP3;UTP3;EMG1;RIOK3;RPS7;BMS1;NOP14;RRP7A;MPHOSPH10;NOL6;NOP58;UTP18;UTP4;RIOK2;RPS4X;NOL7;RPS6;RIOK1;NOP56;NGDN;RPS24;UTP15;RCL1;DHX37;WDR43;DIMT1;DNTTIP2;NOL11;WDR3;NOM1;LSM6
KBTBD11,GO_Biological_Process_2023,prerank,Positive Regulation Of Macrophage Migration (GO:1905523),-0.32276909105397894,-0.6515513983017318,0.9510763209393346,1.0,1.0,2/18,4.49%,RARRES2;PTK2
KBTBD11,GO_Biological_Process_2023,prerank,Positive Regulation Of Myeloid Leukocyte Differentiation (GO:0002763),0.2665025499065131,0.6515167759791425,0.9978260869565218,1.0,1.0,5/40,7.74%,LIF;CSF1;PF4;HSF1;RIPK1
KBTBD11,GO_Biological_Process_2023,prerank,Positive Regulation Of Release Of Cytochrome C From Mitochondria (GO:0090200),-0.30079189228572806,-0.6513494257821242,0.9714828897338403,1.0,1.0,8/25,19.19%,MMP9;GPER1;MFF;BAX;TP53;CIDEB;BID;BAK1
KBTBD11,GO_Biological_Process_2023,prerank,Cell Junction Organization (GO:0034330),-0.25401291588795594,-0.6510666498173038,1.0,1.0,1.0,23/62,24.38%,ELFN1;LRP4;TGFB2;CAPZA1;MYOT;CLDN1;PIN1;MAPT;SNCB;NLGN3;PPFIA4;APBB2;TGFB1;SNCA;RAB8B;GRHL2;OCLN;RAB39B;DVL1;CLDN3;CDC42;HMCN2;CTNND2
KBTBD11,GO_Biological_Process_2023,prerank,DNA Unwinding Involved In DNA Replication (GO:0006268),0.3052972262162955,0.6502570459309301,0.9760348583877996,1.0,1.0,5/20,13.22%,MCM3;PURA;GINS1;RECQL;TWNK
KBTBD11,GO_Biological_Process_2023,prerank,Female Gamete Generation (GO:0007292),-0.2845540853231738,-0.65009490065255,0.9869646182495344,1.0,1.0,9/32,23.78%,IHO1;NANOS3;TRIP13;USP9X;MDK;PTN;HROB;DIAPH2;DMC1
KBTBD11,GO_Biological_Process_2023,prerank,Phospholipid Biosynthetic Process (GO:0008654),0.28449026440910297,0.6497911581788421,0.9772256728778468,1.0,1.0,11/26,23.42%,SAMD8;SRD5A3;SPHK2;IDI1;PIP5K1A;FAR1;IDI2;AGPAT5;LPCAT1;SGMS2;HDHD5
KBTBD11,GO_Biological_Process_2023,prerank,Negative Regulation Of Wound Healing (GO:0061045),-0.28684337371025626,-0.6495940032989769,0.9808795411089866,1.0,1.0,10/28,23.75%,ALOX5;PROC;APOH;APOE;AJAP1;PHLDB2;SLC12A2;CLASP1;PTEN;CLDN3
KBTBD11,GO_Biological_Process_2023,prerank,Positive Regulation Of Telomere Maintenance (GO:0032206),-0.25751848624471063,-0.6494391774421783,0.998220640569395,1.0,1.0,10/52,14.36%,SIRT6;TNKS2;ACTR5;POT1;RUVBL1;MRE11;MAPK15;RAD50;NABP2;TERF1
KBTBD11,GO_Biological_Process_2023,prerank,mRNA Transcription (GO:0009299),0.2606509238628412,0.6479735589484199,0.9931662870159453,1.0,1.0,21/43,26.55%,HSF1;DDX5;HIPK3;NCBP3;MED1;ZBTB1;TAF5;TAF4B;S100A10;TAF8;TAF9;TAF1;RXRA;HLTF;RXRB;NR1H3;NR1H2;TAF10;PPARG;TAF12;TAF3
KBTBD11,GO_Biological_Process_2023,prerank,Positive Regulation Of Cell Adhesion (GO:0045785),0.23791728877666815,0.6479400871188433,1.0,1.0,1.0,24/87,22.49%,LIF;FUT3;AZU1;NDNF;SMAD7;TNFRSF18;HYAL1;ATM;LAMB2;PRKCA;VEGFA;CCDC80;RHOD;PLPP3;PDGFB;RSU1;ADGRG1;LAMB1;TPM1;TNPO1;ADAM8;FSTL3;STX3;C1QBP
KBTBD11,GO_Biological_Process_2023,prerank,Chondrocyte Differentiation (GO:0002062),-0.28307915627649866,-0.6475247650350067,0.977859778597786,1.0,1.0,10/29,21.18%,WNT2B;BMPR2;BMP2;SLC39A14;SLC26A2;FGFR3;SULF2;MEF2C;TGFB1;NFIB
KBTBD11,GO_Biological_Process_2023,prerank,Regulation Of Microtubule Polymerization (GO:0031113),-0.26854016119053753,-0.6471965959996953,0.9907578558225508,1.0,1.0,18/40,25.87%,TUBB4A;CAV3;MAPT;ARL2;PAK1;CAMSAP2;PSRC1;GBA2;SLAIN1;SNCA;MAPRE3;NUMA1;OCLN;CLASP1;CAMSAP1;RPS3;TOGARAM1;RAC1
KBTBD11,GO_Biological_Process_2023,prerank,Phosphate Ion Transport (GO:0006817),-0.30943189163188467,-0.6470280573436258,0.9542124542124543,1.0,1.0,5/19,17.81%,SLC17A6;SLC37A1;SLC25A11;SLC37A4;SLC25A10
KBTBD11,GO_Biological_Process_2023,prerank,Nucleosome Disassembly (GO:0006337),-0.3172631955158411,-0.6470013877546155,0.9553571428571429,1.0,1.0,8/18,21.20%,SMARCD3;SMARCD2;HMGA1;H2AC25;SMARCE1;GRWD1;SMARCC1;SUPT16H
KBTBD11,GO_Biological_Process_2023,prerank,Regulation Of Collagen Biosynthetic Process (GO:0032965),-0.3147699794685768,-0.6469968099259945,0.9616087751371115,1.0,1.0,7/18,20.24%,WNT4;RGCC;F2;EMILIN1;CREB3L1;F2R;TGFB1
KBTBD11,GO_Biological_Process_2023,prerank,Cell Cycle G1/S Phase Transition (GO:0044843),-0.2636753292375302,-0.6466443822088879,1.0,1.0,1.0,18/52,21.97%,EIF4EBP1;GSPT1;HINFP;CDK2;CCNE2;CCNE1;CUL1;RCC1;CUL5;CDC34;CDK4;CACUL1;E2F1;CUL4B;CUL2;SPDYA;PLK3;CUL4A
KBTBD11,GO_Biological_Process_2023,prerank,Positive Regulation Of Lamellipodium Organization (GO:1902745),0.2735657125601527,0.6462624731629757,0.9935205183585313,1.0,1.0,13/31,24.49%,PIK3R1;VIL1;AVIL;NCKAP1;CORO1C;ACTR3;ARPC2;ENPP2;CYFIP1;CARMIL1;TWF2;BRK1;PIK3CA
KBTBD11,GO_Biological_Process_2023,prerank,Negative Regulation Of Receptor Signaling Pathway Via JAK-STAT (GO:0046426),-0.32568950744842573,-0.6458856404681468,0.943609022556391,1.0,1.0,7/16,24.29%,PIBF1;PARP14;BCL3;SOCS1;PTPN2;SH2B3;PPP2CA
KBTBD11,GO_Biological_Process_2023,prerank,Regulation Of Chemotaxis (GO:0050920),-0.2883987907502491,-0.6454866114719822,0.9747081712062257,1.0,1.0,9/28,24.77%,RARRES2;PDGFRB;STX4;P2RX4;TGFB1;DUSP3;PTPN2;USP14;PPM1F
KBTBD11,GO_Biological_Process_2023,prerank,Branched-Chain Amino Acid Catabolic Process (GO:0009083),0.31735682272196747,0.6454397059717039,0.9470338983050848,1.0,1.0,8/17,23.88%,BCKDHA;SLC25A44;DBT;ALDH6A1;HIBADH;HIBCH;IVD;MCCC1
KBTBD11,GO_Biological_Process_2023,prerank,DNA Methylation (GO:0006306),0.3065071736724975,0.6452786866868041,0.9771689497716894,1.0,1.0,11/20,26.64%,SPOCD1;GATAD2A;HELLS;METTL4;BAZ2A;KMT2E;MTRR;DNMT3B;BEND3;EHMT2;ATRX
KBTBD11,GO_Biological_Process_2023,prerank,Response To Steroid Hormone (GO:0048545),0.2771486564011181,0.6449663984288155,0.9893390191897654,1.0,1.0,8/29,16.50%,AKR1B1;ATP1A3;TFPI;NKX3-1;TGFB3;MED1;MGARP;CAV1
KBTBD11,GO_Biological_Process_2023,prerank,acetyl-CoA Metabolic Process (GO:0006084),0.31782813170073343,0.6446620028866199,0.9657387580299786,1.0,1.0,3/16,13.92%,HMGCS2;MLYCD;NUDT8
KBTBD11,GO_Biological_Process_2023,prerank,Cell Surface Receptor Signaling Pathway Involved In Heart Development (GO:0061311),0.31927935710113825,0.6445636889900064,0.9527027027027027,1.0,1.0,4/16,13.16%,DLL4;HEYL;NOTCH2;GALNT11
KBTBD11,GO_Biological_Process_2023,prerank,Peptidyl-Lysine Methylation (GO:0018022),-0.28575358870984746,-0.6445207905141073,0.984375,1.0,1.0,8/27,20.72%,METTL21EP;FAM86B2;VCPKMT;SETD7;METTL18;SETD6;ATPSCKMT;CSKMT
KBTBD11,GO_Biological_Process_2023,prerank,Regulation Of Exosomal Secretion (GO:1903541),-0.31395057159373485,-0.6441959262953363,0.9583333333333334,1.0,1.0,7/18,24.01%,TSG101;RAB7A;SMPD3;PRKN;SDC4;CHMP3;CHMP2A
KBTBD11,GO_Biological_Process_2023,prerank,Histone Deubiquitination (GO:0016578),-0.2792448512640976,-0.6441067213636871,0.9838420107719928,1.0,1.0,12/34,20.46%,TAF7;TAF2;BARD1;DEPDC1B;BABAM2;TAF6;MPND;SF3B5;SUPT20H;TADA2B;ENY2;SUPT7L
KBTBD11,GO_Biological_Process_2023,prerank,Apoptotic Nuclear Changes (GO:0030262),-0.32015935117216376,-0.6425855071726138,0.9532374100719424,1.0,1.0,5/16,17.95%,FOXL2;GPER1;EXOG;DEDD2;ENDOG
KBTBD11,GO_Biological_Process_2023,prerank,Positive Regulation Of Immunoglobulin Production (GO:0002639),-0.27631338376986964,-0.64244743545485,0.9852941176470589,1.0,1.0,9/34,18.67%,HMCES;XCL1;INSL6;STX4;KMT5C;CD86;PAXIP1;TP53BP1;HLA-E
KBTBD11,GO_Biological_Process_2023,prerank,Positive Regulation Of Cyclin-Dependent Protein Kinase Activity (GO:1904031),-0.31475561054278584,-0.6421280179171203,0.9621928166351607,1.0,1.0,6/18,21.28%,RGCC;PSMD10;PKD2;PSRC1;MAPRE3;SPDYA
KBTBD11,GO_Biological_Process_2023,prerank,Negative Regulation Of Double-Strand Break Repair Via Homologous Recombination (GO:2000042),-0.30368871680268306,-0.6418004914600254,0.969811320754717,1.0,1.0,8/21,20.40%,INSL6;KAT5;SMCHD1;MAGEF1;HELB;TP53BP1;RMI2;FANCB
KBTBD11,GO_Biological_Process_2023,prerank,Regulation Of Catabolic Process (GO:0009894),-0.29750360145724597,-0.6417745719952096,0.9871086556169429,1.0,1.0,5/22,15.19%,RARRES2;SIRT6;CHEK2;CENATAC;PTK2B
KBTBD11,GO_Biological_Process_2023,prerank,Regulation Of Tissue Remodeling (GO:0034103),0.30782401249688995,0.6408676995872142,0.9533898305084746,1.0,1.0,8/19,24.21%,IL18;SYT7;IL23A;LEP;DDR2;FLT4;RUNX1;IL15
KBTBD11,GO_Biological_Process_2023,prerank,Cholesterol Biosynthetic Process (GO:0006695),-0.29278880273544383,-0.6406577046761802,0.9684014869888475,1.0,1.0,9/25,23.59%,NPC1L1;SC5D;MVK;CYP51A1;PMVK;ARV1;HMGCS1;LBR;FDFT1
KBTBD11,GO_Biological_Process_2023,prerank,Protein K63-linked Deubiquitination (GO:0070536),-0.27754722988810115,-0.6404688316585229,0.9945054945054945,1.0,1.0,17/33,26.84%,OTUD1;USP50;USP9X;BARD1;DEPDC1B;BABAM2;MPND;PSMD14;YOD1;SHMT2;CYLD;OTUD7B;ABRAXAS2;STAMBPL1;OTUD7A;OTUB2;USP33
KBTBD11,GO_Biological_Process_2023,prerank,Dendrite Morphogenesis (GO:0048813),-0.27603046601563713,-0.6399232607995585,0.9925373134328358,1.0,1.0,16/35,25.46%,NOL3;TMEM106B;LRP4;FARP1;ZNF365;PTN;EPHB1;PHACTR1;BTBD3;DVL1;PTEN;MINK1;CDC42;CTNND2;MAP6;DIP2A
KBTBD11,GO_Biological_Process_2023,prerank,Adenine Nucleotide Transport (GO:0051503),-0.30842815549112046,-0.6397392221025284,0.966796875,1.0,1.0,9/20,28.30%,SLC25A4;SLC35B3;LRRC8A;SLC25A24;SLC19A1;ABCC5;SLC25A17;SLC25A23;ABCC6
KBTBD11,GO_Biological_Process_2023,prerank,Cellular Response To Low-Density Lipoprotein Particle Stimulus (GO:0071404),0.29902512778200746,0.6396720654591065,0.9662447257383966,1.0,1.0,4/22,9.52%,CD68;FCER1G;ITGB1;LCP1
KBTBD11,GO_Biological_Process_2023,prerank,Lipid Droplet Organization (GO:0034389),-0.2841387200694497,-0.6394641308965304,0.9761904761904762,1.0,1.0,6/29,18.58%,KAT5;PLIN2;SFI1;CDS2;CIDEB;BSCL2
KBTBD11,GO_Biological_Process_2023,prerank,Positive Regulation Of Nitric Oxide Biosynthetic Process (GO:0045429),-0.2873830883605116,-0.6391006659871658,0.9809027777777778,1.0,1.0,4/27,19.30%,AGXT2;ASS1;PKD2;P2RX4
KBTBD11,GO_Biological_Process_2023,prerank,Regulation Of Cellular Senescence (GO:2000772),0.2701624918791283,0.6383556083022809,0.9904988123515439,1.0,1.0,11/35,17.59%,TWIST1;ZKSCAN3;YBX1;AKT3;NEK6;TERF2;B2M;FBXO5;MORC3;RBL1;HMGA2
KBTBD11,GO_Biological_Process_2023,prerank,Purine Ribonucleotide Transport (GO:0015868),-0.3106602770693901,-0.6383037049311833,0.966796875,1.0,1.0,9/19,28.30%,SLC25A4;SLC35B3;LRRC8A;SLC25A24;SLC19A1;ABCC5;SLC25A17;SLC25A23;ABCC6
KBTBD11,GO_Biological_Process_2023,prerank,Positive Regulation Of Neural Precursor Cell Proliferation (GO:2000179),0.27617862170456325,0.6375927059599842,0.9955357142857143,1.0,1.0,10/29,20.09%,DLL4;VEGFA;CTNNB1;RASSF10;NCAN;KDM1A;CX3CL1;DISC1;PROX1;HAPLN3
KBTBD11,GO_Biological_Process_2023,prerank,Regulation Of Glycogen Biosynthetic Process (GO:0005979),0.2887483819792183,0.637500663145587,0.9682875264270613,1.0,1.0,9/25,20.43%,SORBS1;PPP1R3C;PPP1R3E;GSK3B;IRS1;PPP1R3G;PPP1R3B;IGF1;INSR
KBTBD11,GO_Biological_Process_2023,prerank,tRNA Wobble Base Modification (GO:0002097),0.31884831369827643,0.6373227001472515,0.9448123620309051,1.0,1.0,6/15,23.61%,ELP5;ELP1;MTO1;TRMT9B;CTU2;CTU1
KBTBD11,GO_Biological_Process_2023,prerank,Vascular Endothelial Growth Factor Receptor Signaling Pathway (GO:0048010),0.2805794868021494,0.6371564347588967,0.9823008849557522,1.0,1.0,12/28,20.90%,SULF1;MAPKAPK2;PAK2;HSPB1;VEGFA;FYN;VEGFB;KDR;SLC31A1;BCAR1;FLT4;PRKD1
KBTBD11,GO_Biological_Process_2023,prerank,Cellular Respiration (GO:0045333),-0.23565700357730066,-0.6370660256908949,1.0,1.0,1.0,34/84,26.27%,NDUFB7;COX6A1;COX8A;UQCRC2;NDUFV3;NDUFB10;ME3;UQCRB;MTLN;NDUFB6;CHCHD5;NDUFA13;ETFDH;NDUFA5;LYRM7;OXA1L;NDUFB4;NDUFA8;SDHC;NDUFA7;COX5A;SDHAF4;UQCRH;CYC1;NDUFS6;MTFR2;SURF1;NDUFA9;COX6C;NDUFC1;SIRT3;NDUFA4;SLC25A14;COX7C
KBTBD11,GO_Biological_Process_2023,prerank,Platelet Dense Granule Organization (GO:0060155),-0.29797888951576545,-0.6368452436149583,0.9894179894179894,1.0,1.0,7/22,18.81%,AP1G1;AP1M1;AP3M1;AP3S2;HPS1;F2R;AP3B1
KBTBD11,GO_Biological_Process_2023,prerank,Regulation Of Neurotransmitter Secretion (GO:0046928),-0.2669818624682881,-0.6366179404177568,0.9943502824858758,1.0,1.0,12/37,20.55%,CPLX4;MCTP1;GPER1;OTOF;LRRK2;SYN1;SLC38A2;FER1L5;SNAPIN;VPS18;MEF2C;CPLX2
KBTBD11,GO_Biological_Process_2023,prerank,Regulation Of Extracellular Matrix Organization (GO:1903053),0.28945437504082494,0.6364010317377999,0.9809322033898306,1.0,1.0,10/23,19.84%,EFEMP2;CEL;PRDM5;RIC1;RB1;LAMB2;ZNF469;FGFR4;LAMB1;DDR2
KBTBD11,GO_Biological_Process_2023,prerank,Gastrulation (GO:0007369),0.3084140800869709,0.6358880057857642,0.9632034632034632,1.0,1.0,3/19,9.71%,MESP1;LHX1;LMBRD1
KBTBD11,GO_Biological_Process_2023,prerank,Regulation Of Cholesterol Efflux (GO:0010874),-0.27849181419920394,-0.6357022803124078,0.9907063197026023,1.0,1.0,10/32,22.35%,SIRT1;ABCA5;APOE;YJEFN3;LRP1;PLTP;EEPD1;NAXE;ABCA3;SREBF2
KBTBD11,GO_Biological_Process_2023,prerank,Dendritic Spine Morphogenesis (GO:0060997),-0.32187764434297783,-0.6355933387479561,0.9630996309963099,1.0,1.0,7/15,27.63%,NOL3;ZNF365;EPHB1;PTEN;CTNND2;DIP2A;SHANK3
KBTBD11,GO_Biological_Process_2023,prerank,Dicarboxylic Acid Transport (GO:0006835),-0.29291660844366224,-0.6354961590944807,0.98,1.0,1.0,9/24,26.43%,SLC13A3;SLC17A6;SLC22A6;SLC25A10;SLC26A6;SLC19A1;PDPN;GIPC1;GJA1
KBTBD11,GO_Biological_Process_2023,prerank,Mitotic Cytokinetic Process (GO:1902410),-0.31239282554297826,-0.635053516377776,0.9469026548672567,1.0,1.0,7/18,25.57%,CHMP1A;CHMP4A;CHMP3;CHMP5;CHMP1B;CHMP2A;CNTROB
KBTBD11,GO_Biological_Process_2023,prerank,Actin Cytoskeleton Reorganization (GO:0031532),-0.25719232254973123,-0.6348380698217356,1.0,1.0,1.0,14/53,21.98%,NPHS2;PLEK2;EFS;CDC42BPB;ASB2;PARVG;PAK1;AUTS2;S1PR2;BRSK2;RAP2A;PHACTR1;SIPA1L1;GRB2
KBTBD11,GO_Biological_Process_2023,prerank,Inner Mitochondrial Membrane Organization (GO:0007007),-0.2724226819959988,-0.6346910813111435,0.9927667269439421,1.0,1.0,11/34,20.66%,TIMM22;TIMM10;TIMM10B;ROMO1;UQCC3;TIMM9;NDUFA13;TIMM13;MICOS10;MTX2;TIMM8A
KBTBD11,GO_Biological_Process_2023,prerank,Import Into Nucleus (GO:0051170),-0.24102513047485105,-0.6344865703006626,1.0,1.0,1.0,28/73,23.65%,GCKR;POM121L2;RANBP17;APPL1;STAT3;TSC2;HNRNPA1;KPNA7;SEC13;KPNB1;IPO13;NUP188;IPO5;KPNA4;NUP62;FAM53C;BCL3;KPNA6;NUP214;RANBP6;POM121C;HIKESHI;NUP107;EIF4ENIF1;HTATIP2;NUP88;PRICKLE1;RAN
KBTBD11,GO_Biological_Process_2023,prerank,Mitotic G2 DNA Damage Checkpoint Signaling (GO:0007095),-0.2821406824695748,-0.6342836733361185,0.9906542056074766,1.0,1.0,7/30,15.57%,DONSON;TAOK3;BRSK1;RINT1;MRE11;DEPDC1B;BABAM2
KBTBD11,GO_Biological_Process_2023,prerank,Negative Regulation Of Endocytosis (GO:0045806),0.26791772765329536,0.6341753651277156,1.0,1.0,1.0,3/33,6.96%,TLR2;PRTN3;DYSF
KBTBD11,GO_Biological_Process_2023,prerank,Membrane Assembly (GO:0071709),-0.26697274474839944,-0.6340369958980875,0.9982046678635548,1.0,1.0,13/38,24.28%,CHMP1A;LRP4;NSFL1C;STX4;SPTBN1;CHMP4A;NLGN3;CHMP3;CHMP5;PTEN;CHMP1B;CHMP2A;STX2
KBTBD11,GO_Biological_Process_2023,prerank,Negative Regulation Of Insulin Secretion (GO:0046676),0.3104984285170174,0.6339308543778923,0.9686192468619247,1.0,1.0,6/17,12.91%,BMP8A;CHGA;SIRT4;FOXO1;REST;IRS1
KBTBD11,GO_Biological_Process_2023,prerank,Regulation Of Histone Acetylation (GO:0035065),-0.29464671115746455,-0.6333197180878517,0.9813432835820896,1.0,1.0,7/22,19.83%,MYOCD;FOXP3;SMARCA5;DDX21;NFYB;NOS1;NFYA
KBTBD11,GO_Biological_Process_2023,prerank,Myotube Differentiation (GO:0014902),-0.28917899846599854,-0.6333138988399182,0.9872495446265938,1.0,1.0,9/25,22.92%,ADAMTS15;JAM2;DOCK1;ADGRB3;NOS1;MEF2C;SORT1;PLD3;CACNA1H
KBTBD11,GO_Biological_Process_2023,prerank,Erythrocyte Differentiation (GO:0030218),0.24773749258977798,0.6333136193196726,0.9957805907172996,1.0,1.0,19/49,25.29%,KLF1;CDIN1;LYAR;ALAS1;UBA5;MED1;VEGFA;HSPA9;CDK5RAP3;ALAS2;AHSP;TGFBR3;KMT2E;DYRK3;HIPK2;IKZF1;SLC25A38;FLVCR1;CASP3
KBTBD11,GO_Biological_Process_2023,prerank,Regulation Of p38MAPK Cascade (GO:1900744),0.2653355079312919,0.6327704807447462,1.0,1.0,1.0,14/37,21.62%,STK39;DUSP1;DUSP10;RASGRP1;EZR;DLG1;VEGFA;PHLPP1;SASH1;GADD45A;LEP;PER1;GADD45G;MAP3K4
KBTBD11,GO_Biological_Process_2023,prerank,Proton Motive Force-Driven ATP Synthesis (GO:0015986),-0.24940914153147065,-0.6324469835501954,1.0,1.0,1.0,20/59,23.17%,NDUFB7;ATP5MGL;NDUFV3;NDUFB10;ATP5MF;NDUFB6;NDUFA13;NDUFA5;ATP5MC3;ATP5PD;ATP5PB;NDUFB4;NDUFA8;SDHC;ATP5F1E;NDUFA7;ATP5F1D;NDUFS6;ATP5ME;NDUFA9
KBTBD11,GO_Biological_Process_2023,prerank,Ameboidal-Type Cell Migration (GO:0001667),-0.3027837979272002,-0.6322782858519683,0.9683426443202979,1.0,1.0,5/20,20.20%,CER1;PKN2;AMOTL2;PKN3;SMAD4
KBTBD11,GO_Biological_Process_2023,prerank,Phospholipid Translocation (GO:0045332),0.27297185327691725,0.6321107945474655,0.9911111111111112,1.0,1.0,8/31,13.94%,ATP8B3;ATP9A;ATP11A;PLSCR4;ATP9B;ABCA7;ABCC1;ANO6
KBTBD11,GO_Biological_Process_2023,prerank,Positive Regulation Of Hormone Secretion (GO:0046887),0.29966306207594157,0.6320783433598461,0.9682203389830508,1.0,1.0,3/19,10.21%,PLA2G3;ILDR1;RASL10B
KBTBD11,GO_Biological_Process_2023,prerank,Glycoprotein Catabolic Process (GO:0006516),0.31285732271210653,0.6317951420948247,0.9766949152542372,1.0,1.0,9/16,25.77%,NCCRP1;EDEM1;FBXO27;FBXO2;STT3B;FBXO44;FBXO17;NGLY1;OGA
KBTBD11,GO_Biological_Process_2023,prerank,Ubiquitin-Dependent ERAD Pathway (GO:0030433),-0.23700345807698261,-0.6317429143109822,1.0,1.0,1.0,22/73,21.20%,ERLEC1;TRIM13;USP19;TMEM67;HERPUD1;HSP90B1;RHBDD2;TMUB1;RNF175;UBXN4;FBXO6;UFD1;SEC61B;PSMC6;RNF185;MAN1A1;OS9;FAM8A1;EDEM2;YOD1;TMUB2;AUP1
KBTBD11,GO_Biological_Process_2023,prerank,tRNA Modification (GO:0006400),0.2381689117374648,0.6312352730621541,1.0,1.0,1.0,28/67,25.46%,KTI12;TPRKB;DUS1L;ELP5;TRMT61A;BCDIN3D;SSB;FTSJ1;TRMT112;TRDMT1;TRMO;MTO1;OSGEPL1;TYW1B;TRMT9B;DUS3L;DTWD2;TYW5;TYW1;CTU2;PUS3;NSUN2;SARS1;CTU1;TRMT13;DTWD1;CDKAL1;AARS2
KBTBD11,GO_Biological_Process_2023,prerank,Reticulophagy (GO:0061709),-0.3140919169491413,-0.6311847377584854,0.9704142011834319,1.0,1.0,5/16,23.26%,SNX33;RETREG1;RETREG3;ATG2B;RB1CC1
KBTBD11,GO_Biological_Process_2023,prerank,Regulation Of Proteolysis Involved In Protein Catabolic Process (GO:1903050),0.2833097649498797,0.631102178551086,0.9823788546255506,1.0,1.0,7/24,20.05%,CTSC;UBB;PRKACA;UCHL5;EFNA1;PINK1;DNAAF4
KBTBD11,GO_Biological_Process_2023,prerank,Protein Localization To Cilium (GO:0061512),-0.26379975474174233,-0.6308877241769414,0.998158379373849,1.0,1.0,14/40,24.46%,TTC21A;TULP2;FAM149B1;TCTN1;DNAAF11;FSIP2;MAPK15;NPHP4;TTC21B;BBS1;INVS;RAB8A;ARL6;CC2D2A
KBTBD11,GO_Biological_Process_2023,prerank,Regulation Of Cellular Response To Heat (GO:1900034),-0.3215666220662766,-0.6305938499482385,0.9536178107606679,1.0,1.0,5/15,16.81%,SIRT1;MAPT;DNAJC2;DNAJC7;EP300
KBTBD11,GO_Biological_Process_2023,prerank,Nuclear Membrane Reassembly (GO:0031468),-0.2931620002511431,-0.6304920415547877,0.9802513464991023,1.0,1.0,8/23,24.01%,CHMP1A;NSFL1C;CHMP4A;RCC1;CHMP3;CHMP5;CHMP1B;CHMP2A
KBTBD11,GO_Biological_Process_2023,prerank,Positive Regulation Of Fibroblast Proliferation (GO:0048146),0.2797647142291529,0.6302258795176903,0.9932885906040269,1.0,1.0,9/28,21.34%,S100A6;NDUFS4;MYC;LIG4;WNT5A;PDGFB;IGF1;DDR2;CDK6
KBTBD11,GO_Biological_Process_2023,prerank,Positive Regulation Of Blood Coagulation (GO:0030194),-0.2997626119162466,-0.6294151280845867,0.9769673704414588,1.0,1.0,5/21,18.28%,F2;APOH;EMILIN1;ST3GAL4;F2R
KBTBD11,GO_Biological_Process_2023,prerank,Protein Quality Control For Misfolded Or Incompletely Synthesized Proteins (GO:0006515),0.27574728423736683,0.6289822081128295,0.9933920704845814,1.0,1.0,7/27,17.48%,UBE2W;HDAC6;UGGT1;ANKZF1;KLHL15;PEX12;ZER1
KBTBD11,GO_Biological_Process_2023,prerank,Positive Regulation Of Heart Contraction (GO:0045823),-0.2963022330651551,-0.62893515656521,0.9791271347248577,1.0,1.0,6/21,18.89%,TGFB2;ATP1A2;HRC;ADRA1D;GSK3A;RYR2
KBTBD11,GO_Biological_Process_2023,prerank,Protein Kinase B Signaling (GO:0043491),-0.2911294411743853,-0.6283063877421643,0.9789674952198852,1.0,1.0,8/24,23.49%,PAX2;TSC2;THEM4;GAS6;TGFB1;PLK3;TYRO3;PTEN
KBTBD11,GO_Biological_Process_2023,prerank,Mitotic DNA Damage Checkpoint Signaling (GO:0044773),-0.25095313366796035,-0.6281363630525811,1.0,1.0,1.0,18/56,22.12%,DONSON;CHEK2;TAOK3;CDK2;BRSK1;RINT1;RAD9A;MRE11;STK33;TP53;DEPDC1B;BABAM2;HUS1;FANCD2;MRNIP;WAC;TICRR;EME1
KBTBD11,GO_Biological_Process_2023,prerank,Positive Regulation Of Leukocyte Migration (GO:0002687),-0.2785998639253815,-0.6281329352000121,0.9869158878504672,1.0,1.0,3/31,7.03%,F7;XCL1;MADCAM1
KBTBD11,GO_Biological_Process_2023,prerank,Mononuclear Cell Differentiation (GO:1903131),-0.28283001651778616,-0.6272031822306591,0.9886363636363636,1.0,1.0,5/24,19.28%,IRF8;LYN;BATF3;PIR;GAS6
KBTBD11,GO_Biological_Process_2023,prerank,Regulation Of Autophagosome Assembly (GO:2000785),-0.26400996402995786,-0.6272007803571494,0.9924385633270322,1.0,1.0,13/39,22.81%,LRRK2;SCFD1;RAB1B;SNX4;SNX33;PIP4K2B;EFNB1;RALB;PHF23;FEZ1;PIKFYVE;LRSAM1;MOAP1
KBTBD11,GO_Biological_Process_2023,prerank,Negative Regulation Of Neurogenesis (GO:0050768),-0.283223506525094,-0.6270506355323288,0.9872262773722628,1.0,1.0,8/27,19.02%,LRP4;GDI1;EFNB3;NOTCH1;HOOK3;YWHAH;RAPGEF2;PTN
KBTBD11,GO_Biological_Process_2023,prerank,Regulation Of Substrate Adhesion-Dependent Cell Spreading (GO:1900024),-0.2459085830909135,-0.6267893438414651,1.0,1.0,1.0,19/51,27.12%,TACSTD2;PTK2;CRKL;DOCK1;MYADM;RAC3;AP1AR;TESK1;MDK;FERMT2;RREB1;CIB1;PDPN;CDC42;ARHGEF7;FBLN1;RAC1;CALR;PKP2
KBTBD11,GO_Biological_Process_2023,prerank,Oogenesis (GO:0048477),-0.3211031612954821,-0.6267797010234099,0.9659735349716446,1.0,1.0,3/15,9.01%,IHO1;NANOS3;TRIP13
KBTBD11,GO_Biological_Process_2023,prerank,mRNA Transcription By RNA Polymerase II (GO:0042789),-0.26460655371611813,-0.6263360000840295,0.9963833634719711,1.0,1.0,13/38,25.05%,TAF7;TAF2;C5AR1;TAF6;TAF13;TAF11;NCOA2;RARA;TBP;NCBP1;TAF4;ATF4;THRB
KBTBD11,GO_Biological_Process_2023,prerank,Polyol Metabolic Process (GO:0019751),0.31194898261192294,0.626328535124375,0.9663677130044843,1.0,1.0,4/17,16.92%,OCRL;SYNJ1;IP6K2;IPMK
KBTBD11,GO_Biological_Process_2023,prerank,Positive Regulation Of Amyloid Precursor Protein Catabolic Process (GO:1902993),-0.2970056129496654,-0.6262097605471549,0.9755639097744361,1.0,1.0,7/21,21.65%,GSAP;LYN;EFNA3;ABCG1;GSK3A;ROCK2;AGER
KBTBD11,GO_Biological_Process_2023,prerank,Positive Regulation Of Amyloid-Beta Formation (GO:1902004),0.2981380018412102,0.6261420717183136,0.9719827586206896,1.0,1.0,5/17,19.35%,SLC2A13;IFNGR1;CHRNA7;EFNA1;CLU
KBTBD11,GO_Biological_Process_2023,prerank,Positive Regulation Of Double-Strand Break Repair Via Homologous Recombination (GO:1905168),-0.2659833290312077,-0.6259328794771746,0.996316758747698,1.0,1.0,11/36,21.13%,WAS;KAT5;MORF4L2;MMS19;YEATS4;RUVBL1;TIMELESS;MRNIP;ACTR2;FANCB;MBTD1
KBTBD11,GO_Biological_Process_2023,prerank,Homotypic Cell-Cell Adhesion (GO:0034109),0.2465681119122467,0.6240717921315347,1.0,1.0,1.0,18/46,26.65%,FERMT3;CDHR5;HSPB1;MYH9;PPIA;UBASH3B;FLNA;GP1BA;PLPP3;MYL9;MEGF11;ACTG1;P2RY12;CDHR2;ILK;MEGF10;GNAS;FIBP
KBTBD11,GO_Biological_Process_2023,prerank,Regulation Of Protein Import Into Nucleus (GO:0042306),0.26058707389872116,0.6227744740359001,0.9933333333333333,1.0,1.0,15/38,21.45%,PIK3R1;CHP2;EFCAB7;TPR;ZIC1;SMAD3;SUFU;DMAP1;FLNA;BAG3;PRKCD;JUP;UBR5;SUMO1;MDFIC
KBTBD11,GO_Biological_Process_2023,prerank,Regulation Of Cysteine-Type Endopeptidase Activity (GO:2000116),0.2849938828785604,0.6227112330367777,0.9754464285714286,1.0,1.0,5/24,18.50%,TTBK1;SOX2;DELE1;FYN;GRIN1
KBTBD11,GO_Biological_Process_2023,prerank,"Protein Alpha-1,2-Demannosylation (GO:0036508)",-0.31727831855977795,-0.6226204669692983,0.962671905697446,1.0,1.0,6/16,20.42%,MAN1C1;TRIM13;RNF185;MAN1A1;EDEM2;RNF139
KBTBD11,GO_Biological_Process_2023,prerank,N-terminal Protein Amino Acid Acetylation (GO:0006474),-0.3164820443938401,-0.6225540483896531,0.9727626459143969,1.0,1.0,3/15,16.94%,NAA80;EP300;LSM8
KBTBD11,GO_Biological_Process_2023,prerank,Regulation Of Glucose Metabolic Process (GO:0010906),-0.28219424710299656,-0.6225045855085447,0.9891891891891892,1.0,1.0,11/28,20.99%,PDK2;IRS2;SIRT1;FOXK2;OGT;PDK1;GNB3;PRKN;SDHAF3;ZNF692;DGKQ
KBTBD11,GO_Biological_Process_2023,prerank,fatty-acyl-CoA Biosynthetic Process (GO:0046949),-0.28170238505204354,-0.6219257681352353,0.9929453262786596,1.0,1.0,9/25,24.83%,SLC27A2;HACD1;TECR;ACSL6;GCDH;PPT2;ACSBG2;PPT1;ACSF3
KBTBD11,GO_Biological_Process_2023,prerank,Ventricular Septum Morphogenesis (GO:0060412),-0.27985285295453094,-0.6218084094822164,0.9890710382513661,1.0,1.0,9/27,20.68%,BMPR2;TGFB2;NOTCH1;TGFBR2;SOX4;ZFPM2;CITED2;SMAD4;HES1
KBTBD11,GO_Biological_Process_2023,prerank,Homologous Chromosome Segregation (GO:0045143),0.2819615160897618,0.6216206338991032,0.9868131868131869,1.0,1.0,6/21,16.80%,SYCP1;MEIOB;PSMC3IP;MND1;MEI4;RNF212B
KBTBD11,GO_Biological_Process_2023,prerank,Prostanoid Metabolic Process (GO:0006692),-0.31747475656986324,-0.6211742415175868,0.9851301115241635,1.0,1.0,4/16,24.88%,PTGR2;PTGES;AKR1C1;AKR1C3
KBTBD11,GO_Biological_Process_2023,prerank,Protein K11-linked Ubiquitination (GO:0070979),-0.2758567891903248,-0.6211033913994486,0.9961904761904762,1.0,1.0,14/29,26.14%,UBE2D4;UBE2C;ANAPC13;ANAPC10;ANAPC7;PRKN;CDC16;UBE2D3;RNF4;CDC27;UBE2H;RNF26;ANAPC2;FZR1
KBTBD11,GO_Biological_Process_2023,prerank,Negative Regulation Of Response To Endoplasmic Reticulum Stress (GO:1903573),0.2771725952647535,0.6202233987763485,0.9849137931034483,1.0,1.0,5/25,13.78%,PTPN1;PARK7;TMBIM6;TXNDC12;OPA1
KBTBD11,GO_Biological_Process_2023,prerank,Regulation Of DNA-templated Transcription Elongation (GO:0032784),0.24484870235696132,0.6201599650569581,1.0,1.0,1.0,14/44,21.97%,PARP1;SETD5;CCNT1;HMGN1;THOC5;SRCAP;INTS13;INTS1;INTS14;INTS10;THOC1;INTS12;LDB1;ZMYND11
KBTBD11,GO_Biological_Process_2023,prerank,Negative Regulation Of Microtubule Depolymerization (GO:0007026),-0.29271943964150915,-0.6199043689841042,0.9802513464991023,1.0,1.0,8/20,22.59%,APC2;TRIM54;TTBK2;CAMSAP2;HDGFL3;CKAP2;CLASP1;CIB1
KBTBD11,GO_Biological_Process_2023,prerank,DNA Geometric Change (GO:0032392),-0.2786253581521162,-0.619586222589653,0.9945155393053017,1.0,1.0,9/28,20.62%,POT1;MRE11;RAD50;HMGB2;UPF1;WRN;DDX1;IGHMBP2;DHX9
KBTBD11,GO_Biological_Process_2023,prerank,Positive Regulation By Host Of Viral Transcription (GO:0043923),-0.3076548739514655,-0.6194630671774337,0.9578754578754579,1.0,1.0,7/16,21.17%,SNW1;EP300;TAF11;CTDP1;TFAP4;HPN;ZNF639
KBTBD11,GO_Biological_Process_2023,prerank,Positive Regulation Of Synapse Assembly (GO:0051965),0.2640353403884329,0.6177300438386859,0.9930394431554525,1.0,1.0,13/32,26.37%,GHRL;SLITRK4;NLGN2;IL1RAPL1;GRID2;SEMA4D;PTPRD;DLG5;EPHB2;CLSTN1;NRXN1;VSTM5;CLSTN2
KBTBD11,GO_Biological_Process_2023,prerank,Cytoplasmic Translational Initiation (GO:0002183),-0.2712579027653761,-0.6174509100210805,0.9860869565217392,1.0,1.0,6/30,14.66%,EIF2S3B;EIF3D;EIF2S3;EIF3C;EIF6;EIF4A1
KBTBD11,GO_Biological_Process_2023,prerank,Regulation Of Telomerase RNA Localization To Cajal Body (GO:1904872),-0.30804530518043416,-0.6172018189342036,0.9689213893967094,1.0,1.0,5/17,16.66%,EXOSC10;TCP1;RUVBL1;CCT5;NOP10
KBTBD11,GO_Biological_Process_2023,prerank,Cellular Response To Interferon-Beta (GO:0035458),-0.28629010130514315,-0.6169763297208944,0.9849056603773585,1.0,1.0,8/22,27.23%,IRGM;NDUFA13;CDC34;IFNAR1;IFI16;IFNAR2;AIM2;UBE2K
KBTBD11,GO_Biological_Process_2023,prerank,SCF-dependent Proteasomal Ubiquitin-Dependent Protein Catabolic Process (GO:0031146),0.2476292719370854,0.6164901608677009,1.0,1.0,1.0,15/41,25.50%,FBXO39;NCCRP1;FBXL4;FBXW11;FBXO27;FBXO2;FBXL2;FBXL13;BTRC;FBXO4;FBXL3;FBXO44;FBXW5;FBXO17;FBXL18
KBTBD11,GO_Biological_Process_2023,prerank,Positive Regulation Of Microtubule Polymerization Or Depolymerization (GO:0031112),0.27294725866997394,0.6160167996577912,0.9890590809628009,1.0,1.0,11/26,22.00%,MAPRE1;DRG1;STMN2;CLIP1;CDK5RAP2;TRPV4;KATNB1;NAV3;ANKRD53;DCTN1;FES
KBTBD11,GO_Biological_Process_2023,prerank,Phosphatidylinositol Phosphate Biosynthetic Process (GO:0046854),-0.24929467163388155,-0.6154025073986064,1.0,1.0,1.0,11/44,20.03%,PI4K2A;SLA2;ITPKC;PI4KB;PIP4K2B;PIK3R4;UVRAG;IP6K1;SOCS1;TTC7A;HYCC1
KBTBD11,GO_Biological_Process_2023,prerank,Organic Cyclic Compound Biosynthetic Process (GO:1901362),0.2652553025326119,0.615176482959014,0.9957537154989384,1.0,1.0,6/29,15.61%,PRLR;DHRS11;PYCR2;HSD17B3;CYP19A1;HSD17B1
KBTBD11,GO_Biological_Process_2023,prerank,Regulation Of Plasma Membrane Bounded Cell Projection Assembly (GO:0120032),-0.2316779925136358,-0.614235906111862,1.0,1.0,1.0,25/75,24.57%,TBC1D10C;WAS;DAAM2;MAPK15;TBC1D24;PLD1;SGSM3;FXR1;ATP8B1;CDKL1;P2RX4;CDKL5;TBC1D2B;TBC1D20;INTU;TBC1D9B;USP6NL;PPP1R16B;CYLD;RAB17;ARF6;CDC42;FMR1;TBC1D22B;TBC1D16
KBTBD11,GO_Biological_Process_2023,prerank,Negative Regulation Of Intracellular Steroid Hormone Receptor Signaling Pathway (GO:0033144),0.2642469356958453,0.613728675113902,0.997867803837953,1.0,1.0,10/31,20.57%,ISL1;PIAS2;CNOT1;HEYL;CLOCK;KANK2;SMARCA4;CRY2;VPS11;PER1
KBTBD11,GO_Biological_Process_2023,prerank,Membrane Depolarization During Cardiac Muscle Cell Action Potential (GO:0086012),0.30820602028751365,0.6136925451627703,0.9651639344262295,1.0,1.0,4/16,14.07%,SCN2B;HCN2;SCN1B;SLC8A1
KBTBD11,GO_Biological_Process_2023,prerank,Carbohydrate Derivative Catabolic Process (GO:1901136),-0.29699713136010225,-0.6124999840384162,0.9853479853479854,1.0,1.0,5/17,22.20%,FUCA1;NEU4;FBXO6;MANBA;NAGA
KBTBD11,GO_Biological_Process_2023,prerank,Sterol Biosynthetic Process (GO:0016126),0.2654001637225072,0.6124378423222232,0.9957805907172996,1.0,1.0,9/28,16.94%,NSDHL;PLPP6;GLB1;DHCR7;MSMO1;PRKAG2;INSIG2;DHCR24;INSIG1
KBTBD11,GO_Biological_Process_2023,prerank,Regulation Of Viral Transcription (GO:0046782),-0.3137736440119029,-0.6123274549308575,0.977818853974122,1.0,1.0,6/17,17.75%,TRIM13;TRIM11;TARBP2;RSF1;LARP7;HEXIM1
KBTBD11,GO_Biological_Process_2023,prerank,Positive Regulation Of Excitatory Postsynaptic Potential (GO:2000463),-0.28429885862605664,-0.6121034418727896,0.9878048780487805,1.0,1.0,9/22,23.49%,GRIN2A;PRKCZ;NETO1;GRIN2D;PTK2B;NLGN3;GRIN2B;CUX2;PTEN
KBTBD11,GO_Biological_Process_2023,prerank,Cellular Response To Heat (GO:0034605),0.2518548947324918,0.6120848892892202,1.0,1.0,1.0,13/35,23.68%,HSF1;TPR;HSBP1L1;SLU7;PRKACA;TRPV4;DAXX;BAG3;HSBP1;THBS1;SUMO1;DNAJB1;IER5
KBTBD11,GO_Biological_Process_2023,prerank,Negative Regulation Of Proteasomal Ubiquitin-Dependent Protein Catabolic Process (GO:0032435),0.26026583040159174,0.6118063210202371,0.997872340425532,1.0,1.0,9/32,18.69%,PARK7;MAP1A;SDCBP;RYBP;PHF20L1;UCHL5;SVIP;TLK2;FHIT
KBTBD11,GO_Biological_Process_2023,prerank,Actin Filament Polymerization (GO:0030041),-0.26438036204404114,-0.6113365726619368,0.9945750452079566,1.0,1.0,5/31,9.26%,WASHC3;WAS;SPIRE2;TTC17;FHDC1
KBTBD11,GO_Biological_Process_2023,prerank,Positive Regulation Of Telomere Maintenance Via Telomerase (GO:0032212),-0.2683493815709018,-0.6105719042846915,0.9943820224719101,1.0,1.0,8/32,16.62%,TNKS2;POT1;TCP1;MAPK15;HNRNPA1;XRCC5;HMBOX1;CCT5
KBTBD11,GO_Biological_Process_2023,prerank,Negative Regulation Of Ubiquitin-Dependent Protein Catabolic Process (GO:2000059),0.24970900202890023,0.6105085216963012,0.997872340425532,1.0,1.0,15/39,23.31%,PARK7;MAP1A;SDCBP;RYBP;PHF20L1;RPS7;UCHL5;RPL17;TLK2;FHIT;PML;HIPK2;TAF9;TAF1;N4BP1
KBTBD11,GO_Biological_Process_2023,prerank,Membrane Fusion (GO:0061025),-0.27730408373829374,-0.6100047994811164,0.9908592321755028,1.0,1.0,8/28,22.50%,CHP1;OTOF;NSFL1C;VAPA;DPP4;NAPG;VAMP2;NSF
KBTBD11,GO_Biological_Process_2023,prerank,Response To BMP (GO:0071772),-0.28178670580773596,-0.6099546723506372,0.9838709677419355,1.0,1.0,6/23,22.76%,BMPR2;BMP2;BMP6;ADAMTS12;SMAD4;RUNX2
KBTBD11,GO_Biological_Process_2023,prerank,"Protein Localization To Chromosome, Centromeric Region (GO:0071459)",-0.2964708004813506,-0.6088551882523233,0.9817850637522769,1.0,1.0,8/18,25.36%,CTCF;H4C9;MTBP;TTK;HASPIN;BUB3;H2AC8;IK
KBTBD11,GO_Biological_Process_2023,prerank,Branched-Chain Amino Acid Metabolic Process (GO:0009081),0.3063575829842074,0.6074779426923287,0.9635193133047211,1.0,1.0,8/15,25.66%,BCKDHA;BCAT1;SLC25A44;DBT;HIBCH;IVD;MCCC1;PCCB
KBTBD11,GO_Biological_Process_2023,prerank,"Protein Localization To Chromosome, Telomeric Region (GO:0070198)",-0.3128611238903031,-0.6074525966834974,0.9742647058823529,1.0,1.0,5/15,16.99%,TNKS2;POT1;XRCC5;NABP2;TERT
KBTBD11,GO_Biological_Process_2023,prerank,Autophagy Of Nucleus (GO:0044804),-0.29353297560473723,-0.6071486704817228,0.975517890772128,1.0,1.0,5/18,19.36%,ATG9A;SNX33;ATG9B;WDR45B;ATG2B
KBTBD11,GO_Biological_Process_2023,prerank,Arp2/3 Complex-Mediated Actin Nucleation (GO:0034314),-0.298077730277263,-0.6071158351735154,0.9728682170542635,1.0,1.0,8/17,26.73%,JMY;IQGAP2;ARPC5;ARPC5L;WASH6P;MAGEL2;ARPC1B;ARPC1A
KBTBD11,GO_Biological_Process_2023,prerank,Regulation Of Granulocyte Chemotaxis (GO:0071622),-0.29734707501000707,-0.6069042452038956,0.9790076335877863,1.0,1.0,2/19,4.49%,RARRES2;PTK2
KBTBD11,GO_Biological_Process_2023,prerank,Phosphatidylinositol-Mediated Signaling (GO:0048015),-0.23633769866635138,-0.6067623240263239,1.0,1.0,1.0,13/62,20.42%,PITPNM2;GATA3;PDGFRB;PIK3R5;STAT3;PI4KB;HTR2B;OGT;PLCD1;ERBB3;NYAP1;PLEKHA1;PLCE1
KBTBD11,GO_Biological_Process_2023,prerank,Purine-Containing Compound Biosynthetic Process (GO:0072522),0.291742666417065,0.6059955474005928,0.9878787878787879,1.0,1.0,6/17,21.39%,PAICS;PRPSAP1;ADSL;SHMT1;PNP;PFAS
KBTBD11,GO_Biological_Process_2023,prerank,Positive Regulation Of G2/M Transition Of Mitotic Cell Cycle (GO:0010971),0.28285255015800076,0.6052351711623878,0.98,1.0,1.0,10/21,27.76%,TNFSF13B;RRM1;CDC7;FBXO5;RRM2B;MECP2;STOX1;RCC2;CDC25C;VPS4B
KBTBD11,GO_Biological_Process_2023,prerank,Heparan Sulfate Proteoglycan Biosynthetic Process (GO:0015012),0.27990540640565453,0.605119659030368,0.9824175824175824,1.0,1.0,6/23,14.87%,CSGALNACT1;HS3ST1;HS3ST3B1;EXT1;XYLT2;HS2ST1
KBTBD11,GO_Biological_Process_2023,prerank,Receptor Recycling (GO:0001881),-0.30136111475184857,-0.6037999727444433,0.9887640449438202,1.0,1.0,5/17,17.55%,PHETA2;REP15;PLEKHJ1;USP9X;PEX10
KBTBD11,GO_Biological_Process_2023,prerank,Vacuolar Acidification (GO:0007035),-0.26617303489336197,-0.6032830468611139,0.9946808510638298,1.0,1.0,10/29,24.17%,CLN5;ATP6V0D1;DMXL1;ATP6V0A4;ATP6V0A2;ATP6V0A1;ATP6V0B;ATP6V1H;ATP6V1B2;PPT1
KBTBD11,GO_Biological_Process_2023,prerank,Negative Regulation Of Synaptic Transmission (GO:0050805),-0.30616802771374385,-0.6031557111594161,0.9637023593466425,1.0,1.0,6/15,25.27%,DRD3;SHANK2;STXBP1;GRIK3;PRRT1;PICK1
KBTBD11,GO_Biological_Process_2023,prerank,Axon Extension (GO:0048675),0.27829195936469764,0.6029174690482194,0.989010989010989,1.0,1.0,2/22,5.49%,SLIT1;SEMA3F
KBTBD11,GO_Biological_Process_2023,prerank,Positive Regulation Of Establishment Of Protein Localization To Mitochondrion (GO:1903749),0.25306507984917953,0.6028988747656848,1.0,1.0,1.0,16/33,27.62%,HSPA1L;SAE1;TOMM7;BBC3;HPS4;RNF31;PINK1;VPS11;UBE2J2;UBE2L3;RHOU;LEPROT;ATG13;ARIH2;FZD5;NMT1
KBTBD11,GO_Biological_Process_2023,prerank,Regulation Of Monoatomic Cation Transmembrane Transport (GO:1904062),-0.25270078200104873,-0.6022619978525351,0.9981785063752276,1.0,1.0,12/39,21.39%,KCNE5;GRIN2A;KCNIP2;CACNA1D;HRC;WNK1;GRIN2D;FGF12;GNB2;GRIN2B;SLMAP;HCN4
KBTBD11,GO_Biological_Process_2023,prerank,Organophosphate Biosynthetic Process (GO:0090407),-0.2566082308588798,-0.6020499174776932,0.9981132075471698,1.0,1.0,13/34,27.36%,MOCS2;ITPKC;CPS1;DCK;IP6K1;PPIP5K1;TPI1;GCK;TPK1;PPIP5K2;FITM2;GPHN;IPPK
KBTBD11,GO_Biological_Process_2023,prerank,Regulation Of Toll-Like Receptor 4 Signaling Pathway (GO:0034143),-0.2762623300200092,-0.6020440724943715,0.98828125,1.0,1.0,7/23,24.47%,LYN;APPL1;TICAM2;MFHAS1;DAB2IP;EHHADH;IFI35
KBTBD11,GO_Biological_Process_2023,prerank,Positive Regulation Of Telomere Capping (GO:1904355),-0.3100337927627787,-0.6015035203184061,0.9693486590038314,1.0,1.0,3/16,14.05%,TNKS2;MAPK15;NABP2
KBTBD11,GO_Biological_Process_2023,prerank,Eye Morphogenesis (GO:0048592),-0.2925567185144824,-0.6012368258944912,0.9790874524714829,1.0,1.0,5/18,19.59%,MFAP2;STAT3;SHROOM2;ALDH1A3;NKD1
KBTBD11,GO_Biological_Process_2023,prerank,Histone H3-K4 Methylation (GO:0051568),-0.26983323306640605,-0.601104203506127,0.9892665474060823,1.0,1.0,10/26,21.10%,KMT2B;RBBP5;WDR5B;NFYB;PAXIP1;HCFC2;NCOA6;NFYA;CXXC1;MEN1
KBTBD11,GO_Biological_Process_2023,prerank,Regulation Of Dendrite Extension (GO:1903859),0.289395933268198,0.6006723651388114,0.9820224719101124,1.0,1.0,7/17,25.08%,SYT3;ITSN2;SYT2;SYT4;NEDD4L;RNF157;UNC13A
KBTBD11,GO_Biological_Process_2023,prerank,Proton Motive Force-Driven Mitochondrial ATP Synthesis (GO:0042776),-0.24270113170193247,-0.600311712039129,1.0,1.0,1.0,19/52,24.24%,NDUFB7;NDUFV3;NDUFB10;ATP5MF;NDUFB6;NDUFA13;NDUFA5;ATP5PD;ATP5PB;NDUFB4;NDUFA8;SDHC;ATP5F1E;NDUFA7;ATP5F1D;NDUFS6;ATP5ME;NDUFA9;NDUFC1
KBTBD11,GO_Biological_Process_2023,prerank,Regulation Of Dopamine Secretion (GO:0014059),0.27771969810193253,0.5992521936809918,0.9935064935064936,1.0,1.0,8/22,22.15%,SYT3;DTNBP1;SYT13;SYT10;SYT7;SYT2;SYT11;SYT4
KBTBD11,GO_Biological_Process_2023,prerank,Maturation Of LSU-rRNA (GO:0000470),-0.2876400225691572,-0.5982237019569657,0.9812734082397003,1.0,1.0,11/20,28.23%,NEDD4;EIF6;PES1;RPF2;FTSJ3;NIFK;MAK16;NSA2;RPL35;RPL7;RBM34
KBTBD11,GO_Biological_Process_2023,prerank,Peptidyl-Proline Modification (GO:0018208),0.273797688286443,0.5981812696325315,0.9955456570155902,1.0,1.0,6/24,18.35%,PPIB;FKBP7;PPIA;PPIF;PPIL6;NKTR
KBTBD11,GO_Biological_Process_2023,prerank,Organelle Disassembly (GO:1903008),-0.23445264566100774,-0.5979451122214451,1.0,1.0,1.0,20/54,27.56%,PELO;KAT5;MTIF3;PLIN2;STX5;SNX33;MRRF;RETREG1;RETREG3;ATG2B;KIF9;PLK3;RB1CC1;DENR;VRK1;VCP;ZFAND1;PNPLA2;ULK1;GOLGA2
KBTBD11,GO_Biological_Process_2023,prerank,Long-Chain Fatty Acid Transport (GO:0015909),-0.27839244027839255,-0.5975858696306507,0.9944852941176471,1.0,1.0,3/23,12.43%,SLC27A2;APOE;CPT1A
KBTBD11,GO_Biological_Process_2023,prerank,Negative Regulation Of Focal Adhesion Assembly (GO:0051895),0.2965661312559382,0.597473869084998,0.9698924731182795,1.0,1.0,7/15,20.92%,ARHGAP6;CLASP2;BCAS3;CORO1C;DYNLL1;THBS1;FAM107A
KBTBD11,GO_Biological_Process_2023,prerank,Negative Regulation Of Cell-Substrate Junction Organization (GO:0150118),0.2965661312559382,0.597473869084998,0.9698924731182795,1.0,1.0,7/15,20.92%,ARHGAP6;CLASP2;BCAS3;CORO1C;DYNLL1;THBS1;FAM107A
KBTBD11,GO_Biological_Process_2023,prerank,L-glutamate Import (GO:0051938),-0.3046608542912296,-0.5973191294275093,0.9730215827338129,1.0,1.0,6/15,20.04%,SLC25A18;SLC17A6;SLC1A6;SLC1A4;SLC25A12;SLC7A11
KBTBD11,GO_Biological_Process_2023,prerank,Regulation Of Cardiac Muscle Hypertrophy (GO:0010611),0.27236891115208856,0.5964954722332093,0.9933333333333333,1.0,1.0,7/23,19.60%,PARP1;MEF2A;ROCK1;RGS2;PRKCA;IGF1;IL6ST
KBTBD11,GO_Biological_Process_2023,prerank,Positive Regulation Of Isotype Switching (GO:0045830),0.30427013713324363,0.5963992581048204,0.9769392033542977,1.0,1.0,7/15,19.23%,CLCF1;TNFSF13;MAD2L2;KMT5B;TFRC;SHLD1;SHLD2
KBTBD11,GO_Biological_Process_2023,prerank,Regulation Of Fibroblast Migration (GO:0010762),-0.2819192039886308,-0.595927163378901,0.9903100775193798,1.0,1.0,10/20,29.02%,PTK2;APPL1;PRKCE;TGFB1;ARHGEF7;RAC1;HYAL2;PRR5L;MACIR;ITGB1BP1
KBTBD11,GO_Biological_Process_2023,prerank,Regulation Of Signal Transduction By P53 Class Mediator (GO:1901796),-0.2444421899581133,-0.5958903268880411,1.0,1.0,1.0,17/47,21.49%,CHEK2;SETD9;RPL37;PAK1IP1;EP300;SOX4;HAPSTR1;STK11;RRS1;HEXIM1;RPF2;KAT6A;USP7;RNF34;TP53RK;PLK3;USP2
KBTBD11,GO_Biological_Process_2023,prerank,Neuron Apoptotic Process (GO:0051402),-0.28615068005181055,-0.5958812001790611,0.9924812030075187,1.0,1.0,8/19,24.14%,GAPDH;TNFRSF21;ERBB3;BID;ATN1;CDK5;FAS;NLRP1
KBTBD11,GO_Biological_Process_2023,prerank,Endosome To Lysosome Transport Via Multivesicular Body Sorting Pathway (GO:0032510),0.30024527243837007,0.5956271476602867,0.978021978021978,1.0,1.0,3/15,16.50%,LYST;VPS4A;CHMP6
KBTBD11,GO_Biological_Process_2023,prerank,Neurotrophin Signaling Pathway (GO:0038179),0.2996221487463052,0.5954339845465398,0.9827956989247312,1.0,1.0,8/15,22.82%,NTF4;RAP1A;NGF;ZFYVE27;KIDINS220;MAGI2;BCAR1;NTF3
KBTBD11,GO_Biological_Process_2023,prerank,Positive Regulation Of Epithelial Cell Apoptotic Process (GO:1904037),0.2706735411526023,0.5936668920507879,0.9955056179775281,1.0,1.0,9/22,24.91%,IL6;CD40;PRKCI;ANO6;THBS1;SFRP4;PLCG1;ITGA4;PIAS4
KBTBD11,GO_Biological_Process_2023,prerank,"Vesicle Targeting, Rough ER To cis-Golgi (GO:0048207)",0.28186518806862965,0.5932246093037085,0.9916492693110647,1.0,1.0,10/19,25.97%,TRAPPC4;TMED10;TRAPPC3;PREB;TRAPPC1;TMED2;TRAPPC12;CUL3;TRAPPC5;TRAPPC6A
KBTBD11,GO_Biological_Process_2023,prerank,COPII Vesicle Coating (GO:0048208),0.28186518806862965,0.5932246093037085,0.9916492693110647,1.0,1.0,10/19,25.97%,TRAPPC4;TMED10;TRAPPC3;PREB;TRAPPC1;TMED2;TRAPPC12;CUL3;TRAPPC5;TRAPPC6A
KBTBD11,GO_Biological_Process_2023,prerank,Regulation Of Catecholamine Secretion (GO:0050433),-0.26282077648542046,-0.5930600383562146,0.9945652173913043,1.0,1.0,11/27,25.52%,CHRNB2;CHRNA4;DRD3;PRKN;SYT1;SNCA;SYT9;SYT17;FGF20;STX1A;HRH3
KBTBD11,GO_Biological_Process_2023,prerank,rRNA Transcription (GO:0009303),0.29117378996070364,0.5930236931618851,0.9887892376681614,1.0,1.0,6/17,21.99%,GTF3A;MARS1;GTF3C4;TCOF1;GTF3C3;SPIN1
KBTBD11,GO_Biological_Process_2023,prerank,Ribonucleoprotein Complex Biogenesis (GO:0022613),-0.21048636101671844,-0.5898813377504046,1.0,1.0,1.0,48/116,29.07%,EXOSC10;TMA16;RRP9;MRPL36;PAK1IP1;WDR74;MRPS12;UTP6;DDX31;PNO1;RPS13;RPS19;SNU13;RRS1;PES1;GRWD1;SPPL2B;WDR46;RPL38;RPF2;CUL4B;GTPBP4;SPATA5L1;RPS9;CUL4A;UTP11;RPL26L1;MRTO4;RPS5;RPS14;RPS15A;TBL3;RPS27;NAT10;RPS15;RPS25;RPS19BP1;WDR75;KRR1;RPL7;RPS16;BOP1;PWP2;RRP36;FBL;NVL;RPS23;RPS28
KBTBD11,GO_Biological_Process_2023,prerank,Ventricular Cardiac Muscle Cell Action Potential (GO:0086005),0.2919364755140469,0.5889408152747503,0.978401727861771,1.0,1.0,5/16,17.60%,KCNE4;KCNJ8;KCNQ1;KCNH2;KCNE2
KBTBD11,GO_Biological_Process_2023,prerank,"Negative Regulation Of DNA-templated Transcription, Elongation (GO:0032785)",0.28558867835288665,0.5887119653932211,0.9977220956719818,1.0,1.0,5/18,16.11%,PARP1;NELFCD;NELFE;RNF8;HNRNPU
KBTBD11,GO_Biological_Process_2023,prerank,Protein Localization To Cell Surface (GO:0034394),0.2592937697496794,0.5885368707288805,0.9979591836734694,1.0,1.0,8/26,20.83%,RIC3;UNC50;GGA3;CTNNB1;FBLN5;FLNA;PTPRU;GGA2
KBTBD11,GO_Biological_Process_2023,prerank,Positive Regulation Of Dendrite Extension (GO:1903861),0.28940265527578884,0.5879384249130158,0.9819004524886877,1.0,1.0,7/16,25.08%,SYT3;ITSN2;SYT2;SYT4;NEDD4L;RNF157;UNC13A
KBTBD11,GO_Biological_Process_2023,prerank,Modulation By Host Of Viral Genome Replication (GO:0044827),0.27594347447735673,0.5875274486674599,0.9915433403805497,1.0,1.0,8/21,16.84%,PPIB;YTHDC2;TMEM41B;SMC6;DDX56;EEF1A1;NUCKS1;FBXL2
KBTBD11,GO_Biological_Process_2023,prerank,Inositol Lipid-Mediated Signaling (GO:0048017),0.2533440014536985,0.5869811649105071,0.9956331877729258,1.0,1.0,14/33,24.86%,PIRT;OCRL;EZR;PTAFR;PLCB1;IGF1;PI4KA;PLCB3;IGF1R;TNFAIP8L3;PIK3C3;PLCG1;RPS6KB1;GAB2
KBTBD11,GO_Biological_Process_2023,prerank,Protein Autoprocessing (GO:0016540),0.28846466151685446,0.5869050913744615,0.9869565217391304,1.0,1.0,5/18,19.04%,HJV;FAM111A;CASP6;PIDD1;F12
KBTBD11,GO_Biological_Process_2023,prerank,DNA Modification (GO:0006304),0.2858033854877754,0.5867472733610536,0.9758551307847082,1.0,1.0,3/17,10.36%,PARP3;PARP1;NEIL1
KBTBD11,GO_Biological_Process_2023,prerank,Platelet-Derived Growth Factor Receptor Signaling Pathway (GO:0048008),0.29950941639580164,0.5867283859398219,0.9797979797979798,1.0,1.0,6/15,20.40%,PTPN1;FER;PIK3C2A;PLAT;PDGFB;BCAR1
KBTBD11,GO_Biological_Process_2023,prerank,Nucleobase-Containing Compound Catabolic Process (GO:0034655),0.23474508199883926,0.5865841982784935,1.0,1.0,1.0,7/44,14.61%,MUS81;RNASEH1;ENTPD4;DFFB;REXO4;ENTPD7;HNRNPD
KBTBD11,GO_Biological_Process_2023,prerank,Regulation Of Smoothened Signaling Pathway (GO:0008589),-0.23534100333062757,-0.5859067909381833,1.0,1.0,1.0,15/51,24.60%,TEDC1;GAS1;GLI1;HHIP;STK36;PDCL;RACK1;GAS8;TUBD1;TTC23;INTU;FBXL17;TEDC2;HERC4;KIF7
KBTBD11,GO_Biological_Process_2023,prerank,Regulation Of Hematopoietic Progenitor Cell Differentiation (GO:1901532),-0.29318123876302504,-0.5857973151997808,0.9865642994241842,1.0,1.0,4/17,15.58%,KAT5;MYB;PDCD2;MIXL1
KBTBD11,GO_Biological_Process_2023,prerank,Negative Regulation Of Myeloid Cell Differentiation (GO:0045638),-0.2747708391172634,-0.5855996429751913,0.990909090909091,1.0,1.0,8/22,22.59%,ZBTB16;MYB;PRMT1;H4C9;PTK2B;LEO1;ZFP36;CIB1
KBTBD11,GO_Biological_Process_2023,prerank,Regulation Of Dendrite Morphogenesis (GO:0048814),-0.25451888692758595,-0.5843724643022431,0.9963570127504554,1.0,1.0,11/31,20.89%,CHRNB2;NEDD4;CDKL3;CUL7;HECW1;YWHAH;RAPGEF2;CDKL5;RAP2A;OBSL1;SARM1
KBTBD11,GO_Biological_Process_2023,prerank,Bone Development (GO:0060348),-0.2402396186560486,-0.5840663629949036,0.9982014388489209,1.0,1.0,10/44,19.72%,FGF8;ATG9A;RANBP3L;TP53;ATG9B;BMP6;FGFR3;LRRC17;SULF2;DYM
KBTBD11,GO_Biological_Process_2023,prerank,Transepithelial Transport (GO:0070633),0.2829634587264129,0.5838385245486092,0.9850746268656716,1.0,1.0,7/17,22.83%,RHCG;ABCG2;ABCC1;RHBG;GPLD1;SLC1A3;SLC1A2
KBTBD11,GO_Biological_Process_2023,prerank,Negative Regulation Of Oxidative Stress-Induced Intrinsic Apoptotic Signaling Pathway (GO:1902176),0.29061039982521714,0.5833652331864384,0.9874476987447699,1.0,1.0,7/16,21.07%,PARK7;NONO;HSPB1;PPIA;NME5;PINK1;HIF1A
KBTBD11,GO_Biological_Process_2023,prerank,Positive Regulation Of Substrate Adhesion-Dependent Cell Spreading (GO:1900026),0.24110242645813446,0.5831196798619556,1.0,1.0,1.0,14/35,26.82%,DOCK5;APOA1;LIMS2;CRK;CSPG5;FLNA;S100A10;CASS4;C1QBP;CARMIL1;LIMS1;P4HB;ILK;NEDD9
KBTBD11,GO_Biological_Process_2023,prerank,Regulation Of Spindle Organization (GO:0090224),0.2749843618640592,0.5829351292168361,0.9955849889624724,1.0,1.0,8/20,22.67%,PARP3;TACC3;FSD1;CENPJ;DCTN1;SASS6;GNAI1;SENP6
KBTBD11,GO_Biological_Process_2023,prerank,Regulation Of Transmembrane Receptor Protein Serine/Threonine Kinase Signaling Pathway (GO:0090092),0.25202650309339386,0.5825657688582003,1.0,1.0,1.0,12/31,24.58%,EID2;SMAD7;TWSG1;SMAD3;LATS2;SMURF2;FSTL1;SFRP4;FSTL3;FKBP1A;SMAD2;LTBP4
KBTBD11,GO_Biological_Process_2023,prerank,Regulation Of Epidermal Cell Differentiation (GO:0045604),-0.28532749405643715,-0.581740936305291,0.994328922495274,1.0,1.0,2/18,4.76%,GDF3;KDF1
KBTBD11,GO_Biological_Process_2023,prerank,Regulation Of DNA Methylation-Dependent Heterochromatin Formation (GO:0090308),-0.28762880585441297,-0.5808290542094386,0.9839357429718876,1.0,1.0,8/17,30.14%,RESF1;L3MBTL3;SAMD1;MORC2;TASOR;TET1;ZNF304;ATF7IP2
KBTBD11,GO_Biological_Process_2023,prerank,ATP Biosynthetic Process (GO:0006754),-0.2685063736512669,-0.5804608986005289,0.9928571428571429,1.0,1.0,10/24,22.35%,ATP5MGL;ATP5MF;ATP5F1A;ATP5MC3;ATP5PD;ATP5PB;ATP5F1E;ATP5F1D;TGFB1;ATP5ME
KBTBD11,GO_Biological_Process_2023,prerank,Positive Regulation Of Mitochondrial Fission (GO:0090141),-0.28003110810087717,-0.5795539406491886,0.9929328621908127,1.0,1.0,5/19,18.65%,MUL1;MFF;MIEF1;PRKN;PGAM5
KBTBD11,GO_Biological_Process_2023,prerank,Negative Regulation Of Signal Transduction By P53 Class Mediator (GO:1901797),0.28238906732416874,0.5794168761589422,0.9852320675105485,1.0,1.0,2/18,5.77%,TWIST1;MDM2
KBTBD11,GO_Biological_Process_2023,prerank,Ribosomal Small Subunit Assembly (GO:0000028),-0.29338278707538157,-0.5791205871428453,0.980806142034549,1.0,1.0,11/16,29.07%,XRCC5;RPSA;RPS19;ERAL1;RPS5;RPS14;RRP7BP;RPS27;RPS15;PWP2;RPS28
KBTBD11,GO_Biological_Process_2023,prerank,Monoubiquitinated Protein Deubiquitination (GO:0035520),-0.2505384861469456,-0.5790946830830377,0.9981949458483754,1.0,1.0,11/33,20.53%,TAF7;TAF2;USP9X;RNF2;TAF6;SF3B5;SUPT20H;TADA2B;ENY2;SUPT7L;USP7
KBTBD11,GO_Biological_Process_2023,prerank,Cardiac Muscle Cell Contraction (GO:0086003),-0.28429144902962666,-0.5772003186017333,0.996316758747698,1.0,1.0,6/18,18.37%,CACNA1D;CACNA1G;KCNJ2;SCN4B;GSN;FGF12
KBTBD11,GO_Biological_Process_2023,prerank,Phosphatidylinositol 3-Kinase Signaling (GO:0014065),0.24492586158911653,0.5755608973985209,0.9978118161925602,1.0,1.0,10/32,25.27%,MYO16;PIK3R1;IRS1;PIK3C2A;IGF1;PIK3C2G;C1QBP;IGF1R;PIK3CA;PIK3R2
KBTBD11,GO_Biological_Process_2023,prerank,Positive Regulation Of Vacuole Organization (GO:0044090),-0.2711775265418777,-0.574457610190759,0.9925925925925926,1.0,1.0,5/21,14.88%,IRGM;SNX4;SNX33;PIP4K2B;RALB
KBTBD11,GO_Biological_Process_2023,prerank,Negative Regulation Of Macroautophagy (GO:0016242),-0.26469519653097373,-0.5734299355629878,0.9926605504587156,1.0,1.0,8/22,24.13%,LRRK2;SCFD1;TSC2;CLEC16A;PHF23;FEZ1;USP36;RUBCN
KBTBD11,GO_Biological_Process_2023,prerank,Regulation Of Intracellular Estrogen Receptor Signaling Pathway (GO:0033146),-0.2620385291004793,-0.573418721290318,0.9942196531791907,1.0,1.0,8/25,19.20%,STRN3;PAK1;YAP1;CARM1;FOXH1;WBP2;CNOT9;VPS18
KBTBD11,GO_Biological_Process_2023,prerank,Protein Peptidyl-Prolyl Isomerization (GO:0000413),0.27527169704319165,0.5730343332741121,0.9890590809628009,1.0,1.0,5/19,18.35%,PPIB;PPIA;PPIF;PPIL6;NKTR
KBTBD11,GO_Biological_Process_2023,prerank,Platelet Aggregation (GO:0070527),0.23634159610878094,0.5725548552830713,1.0,1.0,1.0,15/35,28.12%,FERMT3;HSPB1;MYH9;PPIA;UBASH3B;FLNA;GP1BA;MYL9;ACTG1;P2RY12;ILK;GNAS;FIBP;VCL;ACTN1
KBTBD11,GO_Biological_Process_2023,prerank,Purine Nucleotide Biosynthetic Process (GO:0006164),-0.2713255675429758,-0.5719681986819479,0.9942307692307693,1.0,1.0,6/21,19.97%,GART;NADSYN1;PRPS1;HPRT1;QPRT;MTHFD1
KBTBD11,GO_Biological_Process_2023,prerank,Nuclear Membrane Organization (GO:0071763),-0.26014303668807515,-0.5715489000347508,0.994661921708185,1.0,1.0,11/26,25.45%,CHMP1A;GPER1;NSFL1C;CHMP4A;EMD;CHMP3;CHMP5;CHMP1B;CHMP2A;TOR1B;TARDBP
KBTBD11,GO_Biological_Process_2023,prerank,rRNA Modification (GO:0000154),0.27932122242543295,0.5714100437176184,0.9914893617021276,1.0,1.0,5/17,15.44%,ZCCHC4;MRM2;TRMT112;MRM1;DKC1
KBTBD11,GO_Biological_Process_2023,prerank,DNA-templated Transcription Termination (GO:0006353),-0.2854695440683188,-0.5697186901720157,0.9890909090909091,1.0,1.0,8/16,27.53%,SSU72;POLR2A;MAZ;POLR3K;MED18;MTERF2;MTERF1;XRN2
KBTBD11,GO_Biological_Process_2023,prerank,Negative Regulation Of Stem Cell Population Maintenance (GO:1902455),0.267246712853124,0.568415939495481,0.9977777777777778,1.0,1.0,10/20,24.34%,ZNF706;SF3B3;HDAC2;WNT9B;RBBP4;SAP30;SIN3A;BRMS1;ING1;HDAC1
KBTBD11,GO_Biological_Process_2023,prerank,Secondary Alcohol Biosynthetic Process (GO:1902653),-0.26141514730439863,-0.56789391096046,0.9981343283582089,1.0,1.0,1/24,0.30%,NPC1L1
KBTBD11,GO_Biological_Process_2023,prerank,Central Nervous System Neuron Development (GO:0021954),0.27159432519741156,0.5678631174648575,0.9934924078091106,1.0,1.0,4/17,13.83%,LHX8;TAOK1;MAP2;B4GALT6
KBTBD11,GO_Biological_Process_2023,prerank,Peptidyl-Lysine Trimethylation (GO:0018023),-0.288535917406336,-0.5671831341056767,0.9845559845559846,1.0,1.0,6/15,20.72%,FAM86B2;VCPKMT;NFYB;ATPSCKMT;NFYA;CSKMT
KBTBD11,GO_Biological_Process_2023,prerank,Regulation Of Defense Response To Virus (GO:0050688),0.2719162495872887,0.5665731360578569,0.9957537154989384,1.0,1.0,8/18,23.74%,IFNLR1;TNFAIP3;ATG5;PPM1B;PCBP2;C1QBP;ELMOD2;HERC5
KBTBD11,GO_Biological_Process_2023,prerank,Sister Chromatid Segregation (GO:0000819),0.24168931822963563,0.5662144577711263,1.0,1.0,1.0,16/34,25.83%,CENPK;MIS12;KNTC1;NDC80;ZNF207;TOP2B;RB1;ZWINT;NCAPG2;CENPI;SMC4;CHAMP1;TUBG2;TOP2A;KIF18B;ZW10
KBTBD11,GO_Biological_Process_2023,prerank,Regulation Of Lysosomal Lumen pH (GO:0035751),-0.2559478728761538,-0.565592264677546,0.99812382739212,1.0,1.0,10/25,27.10%,CLN5;LRRK2;TMEM175;ATP6V0A1;ATP6V0B;ATP6V1H;PPT1;TMEM165;CLN6;GRN
KBTBD11,GO_Biological_Process_2023,prerank,Vesicle Transport Along Microtubule (GO:0047496),-0.2663531217129049,-0.5645139099805448,0.9982174688057041,1.0,1.0,7/22,20.79%,BICDL1;HTT;PAFAH1B1;KIF3A;KIF1A;FYCO1;KIF5A
KBTBD11,GO_Biological_Process_2023,prerank,Nucleotide Biosynthetic Process (GO:0009165),0.2691178927584472,0.5640561224133125,0.9957356076759062,1.0,1.0,7/19,21.39%,RRM1;PRPSAP1;NMNAT1;RRM2;RRM2B;PNP;PFAS
KBTBD11,GO_Biological_Process_2023,prerank,Regulation Of Mitotic Spindle Organization (GO:0060236),0.22908479921129196,0.5635050252903521,1.0,1.0,1.0,12/39,23.00%,PARP3;TPR;DRG1;TACC3;FSD1;HNRNPU;CHMP6;CENPJ;DCTN1;SASS6;GNAI1;CCSAP
KBTBD11,GO_Biological_Process_2023,prerank,Regulation Of Mitotic Spindle Assembly (GO:1901673),-0.27542378640183623,-0.5634024945165842,0.9981515711645101,1.0,1.0,6/20,24.01%,CHMP1A;CHMP4A;CHMP3;CHMP5;CHMP1B;CHMP2A
KBTBD11,GO_Biological_Process_2023,prerank,Negative Regulation Of Proteolysis Involved In Protein Catabolic Process (GO:1903051),-0.2589136130741568,-0.5628982539014066,0.9980353634577603,1.0,1.0,6/25,16.69%,GABARAPL2;HFE;QRICH2;CSNK2A1;PRKCG;CSNK2A2
KBTBD11,GO_Biological_Process_2023,prerank,Positive Regulation Of SMAD Protein Signal Transduction (GO:0060391),-0.28072151429882497,-0.5620895870619247,0.9849340866290018,1.0,1.0,6/17,20.24%,BMPR2;BMP6;DAB2;KIAA0319;SMAD4;TGFB1
KBTBD11,GO_Biological_Process_2023,prerank,Retrograde Axonal Transport (GO:0008090),0.27976124113054585,0.5614337392076947,0.9886877828054299,1.0,1.0,7/15,23.41%,MAP1A;TMEM108;FBXW11;MGARP;DST;KIF5B;DLG2
KBTBD11,GO_Biological_Process_2023,prerank,Cellular Response To Misfolded Protein (GO:0071218),0.2626026298058396,0.5573577185515063,1.0,1.0,1.0,4/19,13.09%,UBE2W;DNAJC18;UGGT1;KLHL15
KBTBD11,GO_Biological_Process_2023,prerank,Positive Regulation Of Protein Targeting To Mitochondrion (GO:1903955),0.23738117631904146,0.5573063652045408,1.0,1.0,1.0,12/30,25.42%,HSPA1L;SAE1;TOMM7;HPS4;RNF31;PINK1;VPS11;UBE2J2;UBE2L3;RHOU;LEPROT;ATG13
KBTBD11,GO_Biological_Process_2023,prerank,Negative Regulation Of Actin Filament Polymerization (GO:0030837),-0.2570033108015177,-0.5566927680932212,1.0,1.0,1.0,7/23,23.24%,SCIN;MYADM;HIP1R;SSH1;GSN;KANK4;PFN4
KBTBD11,GO_Biological_Process_2023,prerank,Alpha-Amino Acid Catabolic Process (GO:1901606),-0.24576487783212597,-0.5566110022088757,1.0,1.0,1.0,7/29,20.67%,SARDH;BLMH;HSD17B10;ACMSD;MCCC2;FANCA;ALDH4A1
KBTBD11,GO_Biological_Process_2023,prerank,Regulation Of Arp2/3 Complex-Mediated Actin Nucleation (GO:0034315),-0.2515843695267186,-0.5562493379765799,1.0,1.0,1.0,12/28,25.96%,WASHC3;ARFIP2;RNH1;CORO1B;DNAI3;ARFIP1;WASH6P;WASF3;WASHC4;CARMIL2;PICK1;WASF1
KBTBD11,GO_Biological_Process_2023,prerank,Cellular Response To Nerve Growth Factor Stimulus (GO:1990090),0.265202215480157,0.5541986951325691,0.9978070175438597,1.0,1.0,9/21,19.90%,NTF4;TMEM108;STMN2;EHD1;RAP1A;NGF;KIDINS220;AKT1;MAGI2
KBTBD11,GO_Biological_Process_2023,prerank,Vesicle Docking (GO:0048278),-0.2683058402871963,-0.5540687369107978,0.9963702359346642,1.0,1.0,11/19,28.79%,STX4;STX5;STX12;STX10;STX2;STX1A;STX8;STX7;STX17;STX6;USO1
KBTBD11,GO_Biological_Process_2023,prerank,"Maturation Of SSU-rRNA From Tricistronic rRNA Transcript (SSU-rRNA, 5.8S rRNA, LSU-rRNA) (GO:0000462)",0.2394784747432009,0.5533439261734732,1.0,1.0,1.0,11/29,25.59%,HEATR1;UTP3;UTP25;BMS1;NOP14;TSR2;UTP4;NOL10;NGDN;DHX37;WDR43
KBTBD11,GO_Biological_Process_2023,prerank,Ribosomal Large Subunit Assembly (GO:0000027),-0.25794836040602126,-0.5521782602746228,1.0,1.0,1.0,7/21,23.63%,PPAN;RPL6;RRS1;DDX28;RPF2;DHX30;NOP53
KBTBD11,GO_Biological_Process_2023,prerank,Endoplasmic Reticulum Calcium Ion Homeostasis (GO:0032469),0.2611752930534876,0.5499565418451244,0.9978354978354979,1.0,1.0,9/20,25.09%,CCDC47;SELENOK;RAP1GDS1;TMCO1;ATP2A2;PML;PACS2;BCAP31;BCL2
KBTBD11,GO_Biological_Process_2023,prerank,Intracellular Sterol Transport (GO:0032366),-0.281166328021294,-0.5492598990988471,0.9981203007518797,1.0,1.0,7/15,23.70%,NPC1;RELCH;ABCG1;ARV1;OSBP;GUCY2C;OSBPL2
KBTBD11,GO_Biological_Process_2023,prerank,Regulation Of NMDA Receptor Activity (GO:2000310),0.27342680005309455,0.5490818199982193,1.0,1.0,1.0,2/16,7.52%,DLG4;RELN
KBTBD11,GO_Biological_Process_2023,prerank,Acylglycerol Biosynthetic Process (GO:0046463),-0.25680770135020214,-0.5484957746483963,0.9981515711645101,1.0,1.0,11/22,27.02%,MOGAT1;GPAM;LPIN3;LPGAT1;GPAT4;PLCE1;LPIN2;GCK;DGAT2;ANG;PNPLA2
KBTBD11,GO_Biological_Process_2023,prerank,"DNA Damage Response, Signal Transduction By P53 Class Mediator Resulting In Cell Cycle Arrest (GO:0006977)",0.26606843721847007,0.5480891867905914,1.0,1.0,1.0,7/17,24.08%,MDM2;GTSE1;PIDD1;PML;RPL26;TRIAP1;CRADD
KBTBD11,GO_Biological_Process_2023,prerank,Positive Regulation Of Focal Adhesion Assembly (GO:0051894),0.26941977822823715,0.5460191106820692,0.9979338842975206,1.0,1.0,7/18,24.98%,COL16A1;ROCK1;VEGFA;KDR;S100A10;LIMS1;SFRP1
KBTBD11,GO_Biological_Process_2023,prerank,Regulation Of Cardiac Muscle Cell Action Potential (GO:0098901),-0.24414182223979852,-0.5457013647412022,1.0,1.0,1.0,3/28,7.63%,GJA5;CAV3;CALM3
KBTBD11,GO_Biological_Process_2023,prerank,Regulation Of Autophagy Of Mitochondrion (GO:1903146),0.25784983114291216,0.5414409923777478,0.9978586723768736,1.0,1.0,5/19,18.42%,PARK7;HDAC6;DNM1L;FBXO7;PINK1
KBTBD11,GO_Biological_Process_2023,prerank,Positive Regulation Of Cell Communication (GO:0010647),0.23331331503485833,0.5385861868778254,1.0,1.0,1.0,2/30,6.47%,RIMS3;DLG4
KBTBD11,GO_Biological_Process_2023,prerank,Positive Chemotaxis (GO:0050918),0.26679669861011324,0.5384445349317607,0.9978632478632479,1.0,1.0,4/17,18.81%,SCRIB;VEGFA;SEMA5A;CX3CL1
KBTBD11,GO_Biological_Process_2023,prerank,Cellular Response To Alkaloid (GO:0071312),-0.27378336613749377,-0.5369187485681131,1.0,1.0,1.0,7/16,27.48%,CASP7;RYR2;HTR1B;RYR1;TGM2;TRPV1;RYR3
KBTBD11,GO_Biological_Process_2023,prerank,Positive Regulation Of Mitotic Sister Chromatid Separation (GO:1901970),0.26841297536320935,0.5341506642514998,1.0,1.0,1.0,8/15,25.17%,NSMCE2;ANAPC5;RB1;AURKB;DLGAP5;INCENP;CUL3;CDC23
KBTBD11,GO_Biological_Process_2023,prerank,Positive Regulation Of Chromosome Segregation (GO:0051984),-0.2639431203838062,-0.5321403918888826,0.9981203007518797,1.0,1.0,6/18,21.30%,KAT5;NCAPD3;CCNB1;SMC5;NCAPH;NUMA1
KBTBD11,GO_Biological_Process_2023,prerank,Glucose Transmembrane Transport (GO:1904659),-0.24840319086132168,-0.5320731340654016,0.9981378026070763,1.0,1.0,7/22,21.38%,SLC2A2;SLC2A7;SLC2A14;SLC45A1;SLC2A3;SORT1;SLC2A12
KBTBD11,GO_Biological_Process_2023,prerank,Regulation Of Early Endosome To Late Endosome Transport (GO:2000641),0.25726160152477456,0.5313557088875621,1.0,1.0,1.0,7/18,19.86%,RDX;RAB21;EZR;MAPK1;MAP2K1;NF2;VPS11
KBTBD11,GO_Biological_Process_2023,prerank,Monoubiquitinated Histone H2A Deubiquitination (GO:0035522),-0.23809765733772195,-0.5272760811879822,1.0,1.0,1.0,11/27,24.10%,TAF7;TAF2;RNF2;TAF6;SF3B5;SUPT20H;TADA2B;ENY2;SUPT7L;SUPT3H;TAF4
KBTBD11,GO_Biological_Process_2023,prerank,Monoubiquitinated Histone Deubiquitination (GO:0035521),-0.23809765733772195,-0.5272760811879822,1.0,1.0,1.0,11/27,24.10%,TAF7;TAF2;RNF2;TAF6;SF3B5;SUPT20H;TADA2B;ENY2;SUPT7L;SUPT3H;TAF4
KBTBD11,GO_Biological_Process_2023,prerank,Mitotic G1 DNA Damage Checkpoint Signaling (GO:0031571),0.23477595171405408,0.5260651255760302,1.0,1.0,1.0,9/26,24.08%,MDM2;RPS27L;GTSE1;PIDD1;PRKDC;PML;RPL26;TRIAP1;CRADD
KBTBD11,GO_Biological_Process_2023,prerank,Nuclear Migration (GO:0007097),-0.27301404943586455,-0.5248554407277423,0.9944547134935305,1.0,1.0,6/15,21.53%,LMNA;DOCK7;PAFAH1B1;HOOK3;CLMN;SUN2
KBTBD11,GO_Biological_Process_2023,prerank,Protein Localization To Mitochondrion (GO:0070585),-0.2668204130712519,-0.5238072827565166,0.9980879541108987,1.0,1.0,2/15,8.97%,ISG15;LRRK2
KBTBD11,GO_Biological_Process_2023,prerank,Mitotic Sister Chromatid Cohesion (GO:0007064),0.25038141314406226,0.5223640081587017,1.0,1.0,1.0,4/19,15.81%,PDS5B;DSCC1;RB1;HDAC8
KBTBD11,GO_Biological_Process_2023,prerank,Positive Regulation Of mRNA Processing (GO:0050685),-0.23912719751125433,-0.522114445238337,1.0,1.0,1.0,8/24,25.66%,CIRBP;SNW1;TRA2B;RBM3;LEO1;NCBP1;RBMX;PEX2
KBTBD11,GO_Biological_Process_2023,prerank,"Positive Regulation Of mRNA Splicing, Via Spliceosome (GO:0048026)",0.24447369227588678,0.5214049022515367,1.0,1.0,1.0,6/19,21.41%,PRDX6;NUP98;CELF4;TRA2A;SF3B4;THRAP3
KBTBD11,GO_Biological_Process_2023,prerank,N-glycan Processing (GO:0006491),-0.24992924529295982,-0.5172976596769483,1.0,1.0,1.0,8/19,24.94%,MAN1C1;ST8SIA1;ST8SIA3;MAN1A1;MAN2A1;MGAT4A;MAN2A2;PRKCSH
KBTBD11,GO_Biological_Process_2023,prerank,Chondroitin Sulfate Metabolic Process (GO:0030204),0.25506584293252815,0.5170985459894776,0.9978947368421053,1.0,1.0,7/16,23.86%,CSGALNACT1;NDNF;CSGALNACT2;CHST15;CHST9;DSEL;CHST3
KBTBD11,GO_Biological_Process_2023,prerank,Regulation Of Ubiquitin Protein Ligase Activity (GO:1904666),0.25746818394115234,0.5118252632060546,1.0,1.0,1.0,4/17,16.61%,MAD2L2;FBXO5;RPS7;RPL17
KBTBD11,GO_Biological_Process_2023,prerank,T Cell Homeostasis (GO:0043029),0.2566282273756266,0.5117876310177808,0.998003992015968,1.0,1.0,5/15,25.01%,PPP2R3C;ZC3H8;AKT1;PMAIP1;PPP2R1A
KBTBD11,GO_Biological_Process_2023,prerank,Golgi To Vacuole Transport (GO:0006896),0.2528646429204236,0.5104224869228753,1.0,1.0,1.0,2/17,7.56%,GAK;AP1G2
KBTBD11,GO_Biological_Process_2023,prerank,N-acetylglucosamine Metabolic Process (GO:0006044),-0.26172705822837117,-0.5039592316082111,0.9963369963369964,1.0,1.0,4/15,19.39%,CHST5;CHST7;CHST2;MGAT3
KBTBD11,GO_Biological_Process_2023,prerank,Regulation Of Vacuole Organization (GO:0044088),0.24962667287599466,0.5017487065470183,1.0,1.0,1.0,6/16,25.31%,ELAPOR1;TBC1D12;RAB5A;IFT88;EPHB2;TBC1D14
KBTBD11,GO_Biological_Process_2023,prerank,Microtubule Nucleation (GO:0007020),0.22527430449188698,0.49310706888983086,1.0,0.999910756299794,1.0,12/23,28.09%,RANBP9;CLASP2;CENPJ;CCDC57;TUBGCP2;NDEL1;TUBG2;SLAIN2;CSNK1D;NDE1;TPX2;TUBGCP4
KBTBD11,GO_Biological_Process_2023,prerank,Regulation Of Triglyceride Biosynthetic Process (GO:0010866),-0.2535889895119621,-0.49273283850754973,0.9981412639405205,1.0,1.0,7/16,26.65%,SIRT1;KAT5;FBXW7;MFSD2A;SCARB1;FITM2;SIK1
KBTBD11,GO_Biological_Process_2023,prerank,Positive Regulation Of Cell Cycle Phase Transition (GO:1901989),-0.23344084345775562,-0.46641193360713495,1.0,1.0,1.0,3/17,18.82%,GLI1;KLHL18;STXBP4
KBTBD11,GO_Biological_Process_2023,prerank,"mRNA Cis Splicing, Via Spliceosome (GO:0045292)",-0.23037816852771412,-0.4660036942248523,1.0,0.999978296550508,1.0,6/17,25.82%,SNRNP200;HNRNPC;CACTIN;RBM22;WBP4;SFSWAP
