kd_gene,gene_set_library,Name,Term,ES,NES,NOM p-val,FDR q-val,FWER p-val,Tag %,Gene %,Lead_genes
CLN8,MSigDB_Hallmark_2020,prerank,Oxidative Phosphorylation,0.457992617046067,1.400564411519939,0.012376237623762377,0.47479031643156694,0.293,99/200,21.54%,ACAA1;TCIRG1;MAOB;IDH3G;ATP5PO;NDUFA1;NDUFB5;GPX4;NDUFC2;AIFM1;ATP6V0C;ETFA;OAT;COX7B;ETFB;SLC25A6;TIMM13;NDUFB8;SLC25A3;RHOT1;ATP5MC1;HSPA9;OPA1;COX17;PDP1;ATP6V1F;ATP5F1B;NDUFB2;PDHB;UQCRC1;COX7A2L;DLST;BCKDHA;NDUFA6;DLD;MRPS22;COX4I1;NDUFS6;CYB5A;COX5A;NDUFS4;NDUFB1;SDHD;ATP5F1C;VDAC2;COX5B;NDUFA4;COX15;ACADVL;SUCLG1;MRPL15;IDH3B;PRDX3;HSD17B10;NDUFB7;HADHB;UQCR11;SURF1;MFN2;NDUFV2;CYB5R3;ATP6V1D;SUPV3L1;COX11;CASP7;IDH2;VDAC1;ATP5F1D;NDUFS1;NDUFA7;COX6A1;LDHB;ATP5MG;UQCRH;NDUFV1;CYC1;MDH1;NDUFS7;ECH1;VDAC3;MTRF1;ATP1B1;MRPL34;LDHA;NDUFA3;UQCR10;BAX;ATP6V1E1;ATP6V1G1;NNT;ALAS1;NDUFC1;HTRA2;FH;ATP5PB;HADHA;MTRR;FXN;PHB2
CLN8,MSigDB_Hallmark_2020,prerank,Inflammatory Response,0.3955341306549091,1.2068109131697726,0.07,1.0,0.847,49/200,17.42%,CSF3;TNFRSF9;GPR132;CSF3R;APLNR;CXCR6;STAB1;HRH1;ITGB3;TNFSF9;IRF1;SLC1A2;SGMS2;EMP3;EDN1;CD70;CSF1;TPBG;INHBA;NMUR1;CHST2;IL18R1;TLR2;IL15RA;SCN1B;NOD2;MSR1;LCP2;HAS2;SEMA4D;LIF;TNFRSF1B;EIF2AK2;IFITM1;NFKB1;GNAI3;NMI;MET;PTAFR;F3;AXL;RAF1;BEST1;ITGA5;ADRM1;CD40;FZD5;MMP14;RELA
CLN8,MSigDB_Hallmark_2020,prerank,Fatty Acid Metabolism,0.37899321713602385,1.1309635687284512,0.16790123456790124,1.0,0.968,59/157,19.97%,CD36;AQP7;RDH16;ACAA1;CA4;XIST;IDH3G;ACSL1;HSD17B11;HPGD;REEP6;GRHPR;FMO1;NSDHL;ACOX1;TP53INP2;MAOA;PRDX6;EHHADH;H2AZ1;PSME1;PDHB;S100A10;UROS;DLST;ACAT2;GAPDHS;ECI2;DLD;BMPR1B;ACOT2;NBN;SDHD;ACSL4;GLUL;FASN;HADH;MLYCD;ACADVL;SUCLG1;APEX1;GABARAPL1;MIF;IDH3B;HSD17B10;ALDOA;HADHB;NTHL1;ALDH3A2;SERINC1;MDH1;ECH1;SUCLG2;LDHA;DHCR24;HSP90AA1;GPD2;BLVRA;HIBCH
CLN8,MSigDB_Hallmark_2020,prerank,Pancreas Beta Cells,0.4653550506411794,1.1256945473556994,0.25118483412322273,1.0,0.975,10/40,13.09%,PAX4;LMO2;INSM1;SRP14;MAFB;SPCS1;SEC11A;IAPP;CHGA;SYT13
CLN8,MSigDB_Hallmark_2020,prerank,Epithelial Mesenchymal Transition,-0.37206410360577863,-1.109209885893172,0.19264448336252188,1.0,0.998,74/200,23.14%,AREG;SERPINH1;COL7A1;LAMA3;VEGFC;IGFBP3;COL6A3;TGM2;CAP2;COL5A2;ADAM12;MXRA5;SCG2;ABI3BP;LAMC1;MAGEE1;MATN3;MSX1;CXCL12;LAMA1;CD44;PDGFRB;COL12A1;PVR;GPC1;CDH2;SNAI2;COPA;LAMC2;P3H1;TPM2;PTX3;CALD1;EFEMP2;MYL9;LRP1;BMP1;DAB2;TAGLN;PLOD1;CD59;SNTB1;TGFBI;SLIT3;PLOD3;COL5A1;COL11A1;CDH11;ANPEP;PCOLCE2;CXCL1;SGCG;ITGAV;MCM7;TFPI2;ID2;FUCA1;SERPINE2;SDC1;VEGFA;RHOB;FBN2;PLAUR;FBN1;MATN2;FGF2;TPM4;FERMT2;GJA1;IL15;CXCL6;GADD45B;TNFRSF12A;COL4A2
CLN8,MSigDB_Hallmark_2020,prerank,Protein Secretion,-0.40138292888544647,-1.0978085975759648,0.23756906077348067,1.0,1.0,47/96,24.82%,KIF1B;PPT1;SH3GL2;OCRL;AP2B1;BET1;COPE;MON2;COPB1;YKT6;RAB22A;TMED2;TSPAN8;USO1;TPD52;CLCN3;IGF2R;ARFIP1;GLA;ZW10;NAPA;TMX1;STX7;SEC24D;SGMS1;VAMP4;ADAM10;CLN5;ARFGAP3;GOLGA4;LMAN1;M6PR;AP1G1;VAMP7;CLTA;AP3B1;RER1;AP2M1;NAPG;STX12;ATP1A1;ARFGEF1;RAB9A;VPS45;DOP1A;SCAMP1;CLTC
CLN8,MSigDB_Hallmark_2020,prerank,Allograft Rejection,0.347805703584598,1.0662026166625087,0.26097560975609757,1.0,0.993,32/200,12.69%,CXCR3;CD28;IL16;STAB1;EIF3J;IL27RA;FGR;SPI1;CCND3;IL11;CSF1;INHBA;SOCS5;PF4;TGFB2;STAT4;NOS2;TLR2;EIF3A;AKT1;IKBKB;HLA-DRA;LY75;LCP2;CD86;WARS1;TAP1;LIF;IGSF6;FAS;CD247;HLA-A
CLN8,MSigDB_Hallmark_2020,prerank,Interferon Alpha Response,0.37835823972206434,1.0568165959623226,0.30403800475059384,1.0,0.994,28/97,17.72%,IFIH1;PSMB8;IRF1;USP18;PARP9;CSF1;TRIM25;PSMA3;PSME1;SLC25A28;DHX58;WARS1;HLA-C;TAP1;EPSTI1;TMEM140;EIF2AK2;IRF2;IFITM2;IFITM1;HERC6;NMI;LPAR6;TXNIP;NUB1;STAT2;PARP12;TENT5A
CLN8,MSigDB_Hallmark_2020,prerank,Myc Targets V1,0.33729625585778866,1.0399579539861108,0.2949640287769784,1.0,0.995,75/199,19.76%,EIF3J;TXNL4A;AP3S1;SNRPD3;PSMA7;PSMA6;CCT7;HNRNPA3;CLNS1A;MRPL9;EEF1B2;PGK1;NOP16;EIF4E;SLC25A3;RRM1;RANBP1;H2AZ1;HSPD1;RPS2;KPNA2;GNL3;SSB;SNRPD2;SNRPG;LSM2;CSTF2;SNRPA1;PTGES3;RPS6;COX5A;SF3B3;SNRPD1;RSL1D1;SRM;EIF2S2;PSMD8;PSMD14;NOP56;GLO1;APEX1;PSMC6;PSMC4;ERH;TARDBP;PRDX3;COPS5;TCP1;DUT;CCT2;HNRNPA2B1;UBA2;VDAC1;HSP90AB1;AIMP2;TUFM;HNRNPD;RNPS1;UBE2L3;CCT4;PPIA;CYC1;ILF2;RUVBL2;NME1;ORC2;VDAC3;IARS1;LDHA;RPS10;YWHAQ;RPS5;TFDP1;SRSF7;PSMB2
CLN8,MSigDB_Hallmark_2020,prerank,Reactive Oxygen Species Pathway,0.3988321079665971,1.012556084339198,0.38461538461538464,1.0,0.999,27/49,22.34%,ERCC2;GPX4;PRNP;PRDX6;GSR;NDUFA6;TXNRD1;CAT;STK25;GCLM;GLRX;FTL;PRDX2;PDLIM1;SOD2;CDKN2D;TXNRD2;TXN;SELENOS;LAMTOR5;G6PD;ATOX1;FES;ABCC1;MSRA;NDUFB4;PRDX1
CLN8,MSigDB_Hallmark_2020,prerank,Adipogenesis,0.32933001634266507,1.0038967229683857,0.4238095238095238,1.0,0.999,72/200,21.59%,CD36;ADCY6;SPARCL1;LIFR;IDH3G;ATP5PO;GPX4;NABP1;GBE1;REEP6;PPARG;SCP2;AIFM1;TOB1;ACOX1;SULT1A1;COX7B;ETFB;GHITM;DBT;RTN3;PPP1R15B;UQCRC1;FZD4;BCKDHA;DLD;DNAJC15;C3;UCK1;CAT;DRAM2;ARAF;DGAT1;PEMT;G3BP2;HADH;SSPN;RIOK3;LPCAT3;SLC27A1;SUCLG1;MRPL15;PRDX3;NDUFB7;ALDOA;UQCR11;REEP5;HSPB8;SORBS1;ESYT1;BCL6;COQ3;COX6A1;LPL;EPHX2;CYC1;PEX14;ECH1;UQCR10;GPAT4;UCP2;TANK;GPD2;HIBCH;COL4A1;DNAJB9;RAB34;ATL2;CD151;ITIH5;ENPP2;PTCD3
CLN8,MSigDB_Hallmark_2020,prerank,Myogenesis,-0.33017499678638745,-0.9909368267439617,0.4402730375426621,1.0,1.0,76/199,24.45%,SGCA;CHRNG;CACNG1;HRC;IGFBP3;COL6A3;GABARAPL2;GJA5;ADAM12;MAPK12;SPDEF;CRYAB;GAA;SIRT2;MYL6B;EFS;CKM;GNAO1;TNNI1;HBEGF;MYH9;CFD;MAPRE3;PPFIA4;IFRD1;APP;TPM2;CRAT;FDPS;ITGB4;NCAM1;NOTCH1;NOS1;CACNA1H;TAGLN;VIPR1;MEF2A;PFKM;HDAC5;DMPK;TSC2;AGRN;BDKRB2;MEF2C;AK1;SGCG;SPHK1;MRAS;NQO1;DMD;STC2;DTNA;TEAD4;NAV2;ACTA1;MYH2;TPD52L1;TNNC1;PDLIM7;PLXNB2;KCNH1;KIFC3;FGF2;LPIN1;CHRNB1;ERBB3;RB1;ACTN2;GADD45B;COL4A2;ENO3;SH3BGR;PPP1R3C;TNNT2;LDB3;MYO1C
CLN8,MSigDB_Hallmark_2020,prerank,Estrogen Response Early,-0.3278318919427997,-0.9787243225724449,0.48322147651006714,1.0,1.0,76/198,24.64%,AREG;KLK10;ALDH3B1;KLF4;FCMR;TGM2;AQP3;MYB;ELOVL2;ARL3;SYNGR1;CXCL12;MLPH;CD44;MAPT;ABAT;JAK2;SCNN1A;PTGES;IL6ST;MYOF;MUC1;RAPGEFL1;SFN;SLC26A2;MYBBP1A;OVOL2;CLDN7;SLC27A2;AMFR;KRT8;MPPED2;SLC2A1;BCL11B;PODXL;XBP1;SLC7A2;CANT1;RAB31;SLC22A5;SLC7A5;RET;GLA;DLC1;ZNF185;DHRS3;PDZK1;UNC119;AR;WFS1;TMEM164;OLFM1;STC2;FARP1;SOX3;MAST4;NAV2;KAZN;TJP3;TPD52L1;INPP5F;OPN3;ADCY1;FHL2;ELOVL5;RETREG1;GJA1;HES1;SYBU;RRP12;SH3BP5;DYNLT3;RPS6KA2;MINDY1;ESRP2;TIPARP
CLN8,MSigDB_Hallmark_2020,prerank,TNF-alpha Signaling via NF-kB,0.30518337711698346,0.9332119311307777,0.6372093023255814,1.0,1.0,49/199,17.87%,TNFRSF9;MSC;IFIH1;TNC;BIRC3;LAMB3;KYNU;TNFSF9;IRF1;KDM6B;NR4A3;SGK1;JUN;SAT1;EDN1;REL;CLCF1;CSF1;INHBA;CXCL3;ZBTB10;TNFAIP2;PHLDA1;RCAN1;TLR2;IL15RA;SERPINB8;PER1;DNAJB4;EFNA1;TAP1;LIF;YRDC;TUBB2A;NFAT5;MAFF;B4GALT5;NFKB1;CCND1;KLF10;F3;BCL3;SOD2;BCL6;RELA;RNF19B;IER5;PTPRE;B4GALT1
CLN8,MSigDB_Hallmark_2020,prerank,Coagulation,0.31519306435698824,0.9269539394232383,0.6206896551724138,1.0,1.0,33/138,19.82%,F13B;CPQ;APOC2;MST1;THBD;ITGB3;PROZ;MMP3;PF4;APOA1;RAC1;PROS1;USP11;CPN1;C3;CTSH;FN1;F12;F10;MAFF;F3;RGN;LGMN;CLU;MMP14;S100A13;MMP15;FYN;FURIN;CTSV;MMP2;LAMP2;ITGA2
CLN8,MSigDB_Hallmark_2020,prerank,Interferon Gamma Response,0.2979492052190987,0.9147584560925227,0.7071428571428572,1.0,1.0,63/199,21.58%,SELP;IFIH1;GBP6;CIITA;PSMB8;IRF1;ITGB7;IFIT1;USP18;BANK1;RNF213;STAT4;BPGM;TNFAIP2;TRIM25;IL15RA;PSMA3;LCP2;PSME1;SLC25A28;CD86;DHX58;WARS1;TAP1;EPSTI1;GPR18;EIF2AK2;FAS;HLA-A;IRF2;PTPN2;IFITM2;NFKB1;SSPN;HERC6;NMI;TXNIP;VAMP5;EIF4E3;SOD2;NOD1;CASP7;NCOA3;CD40;PIM1;STAT2;PARP12;ISOC1;ISG15;VAMP8;IFI30;NUP93;PSMB2;PTPN1;KLRK1;CFB;ISG20;IL18BP;CD274;LATS2;MX1;MT2A;SPPL2A
CLN8,MSigDB_Hallmark_2020,prerank,KRAS Signaling Dn,0.30216484918758646,0.9142984719163874,0.7149643705463183,1.0,1.0,37/199,11.50%,PAX4;WNT16;CCR8;KCND1;CACNA1F;TCL1A;NRIP2;MYOT;TGM1;SGK1;EDAR;TENT5C;SPHK2;MAGIX;CCDC106;KCNN1;EDN1;GDNF;CHST2;SCN10A;KCNE2;ALOX12B;TGFB2;GAMT;LYPD3;ZNF112;CCNA1;THNSL2;CYP39A1;TAS2R4;TFCP2L1;ADRA2C;ITGB1BP2;TNNI3;BMPR1B;HTR1D;IRS4
CLN8,MSigDB_Hallmark_2020,prerank,mTORC1 Signaling,0.2949533043999969,0.9036702674267244,0.7780612244897959,1.0,1.0,65/199,19.81%,CXCR4;SERP1;TUBA4A;PLOD2;TMEM97;PSMG1;GBE1;PGK1;TFRC;SKAP2;ATP5MC1;CCT6A;ABCF2;PSPH;HSPA9;TUBG1;EBP;PSMA3;HSPD1;CTSC;GSR;HK2;WARS1;ASNS;GOT1;CCNF;UCHL5;MLLT11;SDF2L1;RAB1A;SEC11A;PSMD12;TXNRD1;FADS1;HMBS;PIK3R3;EDEM1;DDX39A;EIF2S2;ADD3;PSMD14;GGA2;PSMC6;PSMC4;DDIT3;GLRX;COPS5;ALDOA;LGMN;PLK1;VLDLR;ATP6V1D;PPA1;GAPDH;HSPA4;EGLN3;PPIA;CCNG1;SHMT2;LDHA;IFI30;DHCR24;SRD5A1;NUP205;SYTL2
CLN8,MSigDB_Hallmark_2020,prerank,Estrogen Response Late,-0.3019323202910158,-0.89902244447466,0.7491408934707904,1.0,1.0,60/197,21.93%,AREG;KLK10;ALDH3B1;KLF4;ZFP36;FGFR3;MYB;ARL3;CXCL12;CPE;CD44;MAPT;MAPK13;JAK2;SCNN1A;PTGES;IL6ST;MYOF;LAMC2;ACOX2;JAK1;RAPGEFL1;SFN;SLC26A2;PLAC1;STIL;OVOL2;PRKAR2B;SLC27A2;AMFR;XBP1;RAB31;CDH1;SLC22A5;SLC7A5;RET;GLA;EMP2;PTPN6;UNC13B;PDZK1;WFS1;GALE;TFPI2;ID2;OLFM1;FARP1;SOX3;SORD;COX6C;TJP3;GPER1;TPD52L1;TNNC1;SCUBE2;MDK;OPN3;CHST8;RNASEH2A;ELOVL5
CLN8,MSigDB_Hallmark_2020,prerank,Complement,-0.2969525730240567,-0.879041463122903,0.8498293515358362,1.0,1.0,66/200,25.30%,ZEB1;F7;F5;ADRA2B;CTSS;LGALS3;ERAP2;WAS;GATA3;RBSN;SH2B3;RHOG;F2;KCNIP2;GNGT2;JAK2;PLA2G7;C1S;CTSO;CR1;C2;CTSL;GRB2;PIK3R5;LRP1;CBLB;CTSB;PRKCD;CD59;TMPRSS6;RNF4;DGKG;LYN;DOCK9;DOCK4;CASP3;CXCL1;DUSP6;ME1;CD46;LAP3;TFPI2;DPP4;PRDM4;CALM3;SIRT6;CALM1;PLAUR;GNB4;CP;XPNPEP1;LCK;ACTN2;CASP10;ADAM9;CD55;COL4A2;CSRP1;LIPA;DGKH;CTSD;CASP9;PLSCR1;RABIF;PHEX;PDGFB
CLN8,MSigDB_Hallmark_2020,prerank,Apical Junction,-0.29516121468532486,-0.8758961577382678,0.8299319727891157,1.0,1.0,47/198,17.09%,AMIGO1;LAMA3;NECTIN4;WNK4;CERCAM;LAYN;CLDN5;PTK2;MAPK13;RASA1;CTNNA1;MPZL1;MYH9;THBS3;AMH;LAMC2;SYK;CRAT;PARD6G;ITGB4;VWF;CNN2;RAC2;MYL9;CLDN7;SIRPA;BMP1;CNTN1;NRTN;FSCN1;MAPK14;ADAM15;AMIGO2;CRB3;NF2;ZYX;CDH1;NECTIN3;TGFBI;ACTN1;CDH8;PKD1;CDH11;TRAF1;PTEN;SLC30A3;VASP
CLN8,MSigDB_Hallmark_2020,prerank,heme Metabolism,-0.29110962964324366,-0.8699819633950564,0.8461538461538461,1.0,1.0,76/199,25.01%,SLC66A2;XK;AQP3;GYPB;HBZ;NR3C1;SYNJ1;KDM7A;ABCB6;ADD1;FBXO7;EPOR;UBAC1;GCLC;DAAM1;ALDH1L1;HBQ1;MXI1;CPOX;CLIC2;CDR2;RHCE;TNRC6B;BTRC;CTSB;CTNS;HTATIP2;MPP1;RAP1GAP;GDE1;SLC2A1;KHNYN;GAPVD1;CLCN3;CIR1;SLC22A4;SLC6A9;MKRN1;FN3K;PIGQ;KLF3;ALDH6A1;VEZF1;FTCD;SLC11A2;CROCCP2;RCL1;NFE2L1;CA1;HDGF;CAST;BCAM;MOCOS;ELL2;FOXO3;SPTB;XPO7;SNCA;EZH1;MARCHF8;MINPP1;MARCHF2;ATP6V0A1;ISCA1;RNF123;GLRX5;BMP2K;TNS1;FECH;BACH1;OSBP2;BTG2;PICALM;SLC30A10;SLC7A11;PPP2R5B
CLN8,MSigDB_Hallmark_2020,prerank,p53 Pathway,-0.2947923022088104,-0.8686821992821493,0.8480138169257341,1.0,1.0,70/199,25.03%,PLK3;BMP2;CDKN2B;KLF4;ZBTB16;PMM1;KLK8;TRIB3;OSGIN1;IER3;KIF13B;CTSF;ABAT;IL1A;TNNI1;ATF3;HBEGF;RAD51C;RGS16;EI24;APP;ZNF365;SFN;ITGB4;S100A4;BLCAP;ABCC5;DEF6;CCND2;RALGDS;NOTCH1;VWA5A;CSRNP2;BAK1;PITPNC1;HMOX1;NOL8;PROCR;AK1;PPM1D;FAM162A;MXD1;SPHK1;RAD9A;FUCA1;WWP1;EPHX1;SDC1;RHBDF2;TPD52L1;FOXO3;PLXNB2;RACK1;PHLDA3;ACVR1B;RB1;SP1;UPP1;POM121;STOM;POLH;CDKN2AIP;COQ8A;DRAM1;BTG2;CTSD;TSC22D1;TPRKB;SLC7A11;MXD4
CLN8,MSigDB_Hallmark_2020,prerank,UV Response Dn,-0.301286189568246,-0.8645599760633453,0.8031634446397188,1.0,1.0,50/144,24.35%,SLC22A18;SPOP;CAP2;COL5A2;LTBP1;NR3C1;LAMC1;PDGFRB;ATP2B1;SNAI2;SCN8A;RND3;CDC42BPA;ADORA2B;TGFBR2;SMAD3;DAB2;KIT;PRKAR2B;APBB2;SLC7A1;ANXA2;MGMT;MAPK14;PLCB4;DDAH1;CELF2;ARHGEF9;DLC1;COL11A1;DUSP1;PTEN;ATP2C1;NR1D2;PDLIM5;LDLR;CITED2;FHL2;NFIB;CACNA1A;RBPMS;GJA1;PTPRM;SIPA1L1;WDR37;NOTCH2;CCN1;ATRX;YTHDC1;PRKCA
CLN8,MSigDB_Hallmark_2020,prerank,PI3K/AKT/mTOR  Signaling,0.2959533431745595,0.8489376191450142,0.8404494382022472,1.0,1.0,34/105,18.43%,CXCR4;PITX2;PLA2G12A;RAC1;YWHAB;EIF4E;CAB39L;PPP1CA;AKT1;CSNK2B;GRK2;CAB39;PPP2R1B;MAPK9;PFN1;PIK3R3;ARF1;MAPK10;AKT1S1;UBE2N;GNGT1;DDIT3;THEM4;RAF1;NGF;HRAS;NOD1;MAPKAP1;STAT2;CDK1;TRAF2;IRAK4;ARPC3;ADCY2
CLN8,MSigDB_Hallmark_2020,prerank,Spermatogenesis,0.29083575185049304,0.8398552162041952,0.9057971014492754,1.0,1.0,40/135,19.60%,GPR182;GFI1;SHE;SNAP91;DDX4;CHFR;DPEP3;NEFH;GSTM3;ZPBP;PSMG1;HSPA2;SYCP1;PAPOLB;GSG1;CCNA1;SCG3;GAPDHS;TNNI3;OAZ3;CFTR;MLLT10;PEBP1;EZH2;MAP7;PGS1;PACRG;PIAS2;PCSK1N;SCG5;TTK;CDK1;NEK2;YBX2;GRM8;VDAC3;TSN;TLE4;CCNB2;BRAF
CLN8,MSigDB_Hallmark_2020,prerank,Androgen Response,0.2980656022540866,0.838604521385823,0.8799076212471132,1.0,1.0,25/100,14.44%,NKX3-1;LIFR;SGK1;CCND3;SAT1;DBI;STK39;HPGD;ZBTB10;AKT1;NCOA4;UBE2J1;GSR;APPBP2;BMPR1B;HOMER2;FADS1;HSD17B14;H1-0;MAP7;KRT19;ALDH1A3;CCND1;CENPN;GNAI3
CLN8,MSigDB_Hallmark_2020,prerank,Bile Acid Metabolism,0.2969617864921005,0.8363744263687648,0.8695652173913043,1.0,1.0,41/112,20.07%,CH25H;ABCA4;SLC29A1;DIO1;ABCA9;ACSL1;HSD17B11;SCP2;APOA1;CYP27A1;GNPAT;CYP39A1;TFCP2L1;PEX1;SULT2B1;CAT;FADS1;RXRA;CYP7B1;PNPLA8;SLC27A5;ABCD1;MLYCD;PRDX5;GCLM;PEX11A;ABCD3;ATXN1;OPTN;PEX7;IDH2;PEX6;EPHX2;GSTK1;ISOC1;BBOX1;CROT;NR1H4;DHCR24;SLC35B2;RBP1
CLN8,MSigDB_Hallmark_2020,prerank,Hypoxia,-0.27896843432847823,-0.8260045646346887,0.9543230016313213,1.0,1.0,58/200,21.14%,BCAN;IGFBP3;TGM2;ZFP36;NR3C1;STBD1;SLC2A5;NOCT;GAA;AK4;IER3;ANGPTL4;ENO1;GCK;ATF3;PGF;GPC1;MYH9;PPFIA4;MXI1;KDM3A;SLC37A4;ADORA2B;PFKFB3;S100A4;PKLR;NEDD4L;PLAC8;PGM2;ANXA2;NDST2;SLC2A1;PLIN2;KLF6;TPD52;TGFBI;HMOX1;VHL;COL5A1;DUSP1;KIF5A;FAM162A;GPC3;IRS2;CCNG2;HK1;STC2;DTNA;VEGFA;JMJD6;NCAN;FOXO3;DPYSL4;WSB1;B3GALT6;CITED2;PLAUR;P4HA1
CLN8,MSigDB_Hallmark_2020,prerank,KRAS Signaling Up,0.2690986960807908,0.8211926894650519,0.9794344473007712,1.0,1.0,48/200,15.92%,TLR8;SNAP91;CXCR4;BIRC3;RBP4;PSMB8;SPARCL1;TSPAN13;BTC;RELN;GADD45G;FCER1G;CD37;MAP3K1;SPP1;INHBA;NRP1;GPRC5B;CAB39L;BPGM;TFPI;MAFB;TPH1;ALDH1A2;SCN1B;PCP4;TMEM158;ADAM8;SCG3;MPZL2;LIF;CBR4;TNFRSF1B;NIN;FBXO4;MALL;YRDC;CDADC1;EVI5;MAP7;ALDH1A3;SEMA3B;PCSK1N;PTPRR;GLRX;SCG5;AVL9;NGF
CLN8,MSigDB_Hallmark_2020,prerank,Glycolysis,-0.2770521711014953,-0.8186426952175079,0.9630252100840336,1.0,1.0,66/199,22.67%,B3GNT3;IGFBP3;NOL3;PFKFB1;IDUA;ABCB6;AK4;IER3;LCT;ANGPTL4;ENO1;GCLC;CD44;CTH;GPC1;PPFIA4;ARTN;MXI1;SLC37A4;HS6ST2;MPI;ADORA2B;CHST4;SPAG4;CHST1;CHPF2;GMPPA;PGM2;CACNA1H;GALK2;PLOD1;IDH1;TGFBI;COL5A1;GUSB;AGRN;AK3;FAM162A;GPC3;IRS2;ME1;GALE;PYGL;ALG1;PKM;GNE;TPST1;STC2;ARPP19;SLC35A3;SDC1;HOMER1;VEGFA;DSC2;DPYSL4;B3GALT6;CITED2;P4HA1;RPE;B4GALT2;CHPF;GFPT1;ECD;DEPDC1;NDST3;PHKA2
CLN8,MSigDB_Hallmark_2020,prerank,DNA Repair,-0.27627204419076595,-0.80552820897363,0.9587073608617595,1.0,1.0,60/149,26.10%,TAF1C;POLR2J;GSDME;CSTF3;RALA;VPS37B;AGO4;POLR1C;NPR2;SAC3D1;RFC5;DDB1;LIG1;NCBP2;GTF2H3;PDE6G;POLD4;BCAP31;SNAPC5;FEN1;TMED2;POLR1D;POLR2K;POLR2A;CANT1;POLR3C;VPS28;NUDT9;AK3;AK1;EIF1B;POLR2H;BCAM;POLR2E;STX3;NT5C;AAAS;RAD52;ERCC3;RNMT;MPG;CLP1;TYMS;POLE4;RAE1;TARBP2;DAD1;PRIM1;POM121;POLR2D;POLH;NFX1;HPRT1;PDE4B;GTF3C5;SRSF6;REV3L;POLR2G;SNAPC4;ERCC4
CLN8,MSigDB_Hallmark_2020,prerank,Cholesterol Homeostasis,-0.3017261038707598,-0.7995035601318125,0.8993174061433447,1.0,1.0,33/74,27.05%,LGALS3;FBXO6;CPEB2;TRIB3;ATF3;ANTXR2;FDPS;ABCA2;STX5;CYP51A1;GUSB;FADS2;ATXN2;NIBAN1;LDLR;PLAUR;ETHE1;TNFRSF12A;ATF5;GNAI1;HMGCS1;TM7SF2;PLSCR1;LSS;SCD;GLDC;FDFT1;ALCAM;STARD4;SREBF2;PMVK;JAG1;TP53INP1
CLN8,MSigDB_Hallmark_2020,prerank,Apoptosis,-0.27625653833705394,-0.7968695196211552,0.9817578772802653,1.0,1.0,61/161,26.51%,BMP2;LGALS3;PPT1;MADD;ADD1;F2;LMNA;IER3;CD44;PDGFRB;PTK2;CTH;IL1A;EMP1;ATF3;APP;LEF1;CD38;CCND2;CDK2;BCAP31;BCL10;MGMT;CASP8;SQSTM1;DNAJC3;IGF2R;HMOX1;PAK1;CASP3;SATB1;BRCA1;AIFM3;BCL2L2;HMGB2;IL18;DAP;RHOB;DIABLO;ERBB3;BCL2L1;GADD45B;CDC25B;TNFRSF12A;PPP3R1;DAP3;PDCD4;ANKH;GPX1;GCH1;BTG2;CASP9;PPP2R5B;F2R;IGFBP6;CFLAR;NEDD9;TIMP3;SLC20A1;PSEN2;PSEN1
CLN8,MSigDB_Hallmark_2020,prerank,Notch Signaling,0.3376306793052577,0.7966148908736566,0.8264642082429501,1.0,1.0,12/32,20.95%,WNT2;DTX4;KAT2A;WNT5A;SAP30;CCND1;HEYL;DTX2;FZD5;RBX1;ST3GAL6;FBXW11
CLN8,MSigDB_Hallmark_2020,prerank,Xenobiotic Metabolism,-0.2673758263270919,-0.7882634671703,0.9915397631133672,1.0,1.0,50/199,19.12%,SERPINA6;GCKR;ACOX3;TTPA;CCL25;UPB1;HRG;PMM1;TMEM176B;CYP2E1;GSTT2;ENTPD5;ABHD6;ETS2;GCLC;IRF8;IL1R1;MCCC2;PTGES;GAD1;ACSM1;CDO1;XDH;ACOX2;ARG1;DHRS7;ABCC2;PSMB10;NPC1;MTHFD1;RAP1GAP;IDH1;ADH5;ACO2;HMOX1;LONP1;ETFDH;PTGR1;PINK1;NQO1;ID2;ENPEP;DHPS;PGD;EPHX1;TPST1;PDLIM5;ARPP19;PTGDS;CYP2C18
CLN8,MSigDB_Hallmark_2020,prerank,Wnt-beta Catenin Signaling,-0.3302306800845468,-0.7873715135617599,0.8210526315789474,1.0,1.0,17/42,26.73%,FRAT1;FZD1;AXIN1;HEY2;LEF1;CCND2;NOTCH1;HDAC5;CSNK1E;NUMB;CUL1;GNAI1;HDAC2;FZD8;MAML1;PSEN2;JAG1
CLN8,MSigDB_Hallmark_2020,prerank,G2-M Checkpoint,0.25679700751842555,0.7863757370429608,0.9976359338061466,1.0,1.0,61/199,19.61%,MEIS2;NUP50;MEIS1;CBX1;CENPA;KIF4A;CENPF;SMC2;H2AZ2;AURKB;SMC4;H2AZ1;DKC1;KPNA2;TENT4A;CCNF;TNPO2;MKI67;KIF23;ORC6;EZH2;SNRPD1;RPS6KA5;KIF22;DDX39A;CUL3;FBXO5;NASP;SAP30;CKS1B;TPX2;KATNA1;CCND1;CCNT1;HMMR;CDC7;POLE;LBR;BCL3;KIF15;PTTG1;PLK1;KIF5B;NDC80;TTK;EXO1;DTYMK;CENPE;CDK1;SUV39H1;HNRNPD;RAD54L;KIF11;KNL1;NEK2;KIF20B;RAD21;CUL4A;CCNB2;PRC1;TFDP1
CLN8,MSigDB_Hallmark_2020,prerank,Unfolded Protein Response,0.27508336646752524,0.7848163664121248,0.9745958429561201,1.0,1.0,37/112,20.97%,SERP1;IFIT1;NABP1;EIF4E;HSPA9;SPCS1;DKC1;POP4;PDIA6;TSPYL2;ASNS;PAIP1;SEC11A;EXOSC10;TUBB2A;NFYA;EDEM1;CKS1B;NOP56;FUS;SEC31A;EIF2AK3;EIF4A3;KIF5B;ATP6V0D1;KDELR3;DNAJA4;BANF1;IARS1;LSM4;ARFGAP1;DNAJB9;RPS14;EIF4A2;EXOSC4;EXOSC9;WIPI1
CLN8,MSigDB_Hallmark_2020,prerank,IL-6/JAK/STAT3 Signaling,0.2813110599907028,0.7842691551985572,0.9496567505720824,1.0,1.0,15/87,13.03%,CSF3R;CD36;ITGB3;IRF1;JUN;CSF1;CXCL3;PF4;TYK2;IL18R1;TLR2;IL15RA;TNFRSF1B;FAS;PTPN2
CLN8,MSigDB_Hallmark_2020,prerank,E2F Targets,0.25528360331179567,0.7799882731431117,1.0,1.0,1.0,69/200,21.90%,RFC1;MMS22L;CSE1L;DCTPP1;EED;TFRC;RPA3;KIF4A;AURKB;UBR7;NUP153;TUBG1;RANBP1;SMC4;H2AZ1;LYAR;KPNA2;TCF19;MKI67;DSCC1;TUBB;ORC6;NBN;ASF1A;NCAPD2;EZH2;KIF22;DDX39A;NAA38;NASP;CKS1B;NOP56;HMMR;POLE;LBR;SPC25;PTTG1;PLK1;DUT;GINS1;CENPE;CDK1;SUV39H1;ING3;HNRNPD;RAD21;TP53;NME1;ORC2;CBX5;PHF5A;SMC3;SLBP;PNN;CCNB2;DONSON;PMS2;DCK;NUP205;SMC6;SRSF1;NUDT21;TK1;PSIP1;RFC3;EXOSC8;BRCA2;TRA2B;CDK4
CLN8,MSigDB_Hallmark_2020,prerank,IL-2/STAT5 Signaling,-0.25772464925565847,-0.7635910348008406,0.99830220713073,1.0,1.0,50/197,20.07%,BMP2;WLS;BMPR2;ABCB1;TNFRSF18;TGM2;P2RX4;CD44;LTB;PDCD2L;IRF8;EMP1;PLAGL1;AMACR;IL2RB;RGS16;MUC1;IRF4;COCH;CCND2;RHOH;CCNE1;CDCP1;GLIPR2;CD83;PLPP1;SYT11;PLIN2;ENPP1;XBP1;GPR83;HUWE1;KLF6;IGF2R;AGER;CASP3;DHRS3;BATF3;CDC42SE2;TRAF1;EEF1AKMT1;MXD1;ITGAV;ETV4;POU2F1;PRKCH;NCS1;SMPDL3A;MAP6;RHOB
CLN8,MSigDB_Hallmark_2020,prerank,Apical Surface,-0.3134897254653264,-0.7598000889170478,0.8718861209964412,1.0,1.0,13/44,18.61%,CROCC;GATA3;MDGA1;FLOT2;ATP8B1;IL2RB;APP;SCUBE1;SULF2;LYN;AKAP7;BRCA1;ADAM10
CLN8,MSigDB_Hallmark_2020,prerank,UV Response Up,-0.2589066742236605,-0.7500101178869304,0.9966273187183811,1.0,1.0,57/158,23.36%,BMP2;CDKN2B;ABCB1;PPT1;AQP3;MSX1;FOSB;JUNB;NUP58;ATF3;RAB27A;IL6ST;CDO1;CDK2;YKT6;NPTX2;TYRO3;SELENOW;CCNE1;FEN1;PDAP1;HLA-F;PRKCD;BAK1;SQSTM1;CDC34;AMD1;LYN;HMOX1;RET;HSPA13;POLE3;NPTXR;NFKBIA;CXCL2;RPN1;CASP3;COL2A1;CHRNA5;EIF2S3;GRINA;POLR2H;FGF18;EPHX1;OLFM1;RHOB;SLC25A4;GLS;MARK2;CEBPG;CYB5B;DDX21;NR4A1;TACR3;ATP6V1C1;TARS1;H2AX
CLN8,MSigDB_Hallmark_2020,prerank,Myc Targets V2,0.27530070144434327,0.7201479229964798,0.9757869249394673,1.0,1.0,17/57,18.17%,TMEM97;NOC4L;DCTPP1;NOP16;WDR43;MPHOSPH10;HSPD1;HK2;GNL3;TCOF1;SRM;NOP56;LAS1L;PLK1;SUPV3L1;AIMP2;NDUFAF4
CLN8,MSigDB_Hallmark_2020,prerank,Pperoxisome,-0.26019589923839925,-0.7176259063260019,0.9982608695652174,1.0,1.0,27/104,22.31%,CLN8;SERPINA6;ABCB1;SLC25A19;ABCC8;HSD3B7;CRAT;FDPS;CEL;ABCC5;BCL10;SLC27A2;MSH2;IDH1;DHRS3;SLC23A2;LONP2;ABCB9;CTBP1;HMGCL;FABP6;SLC25A4;SEMA3C;ERCC3;SLC25A17;ELOVL5;MVP
CLN8,MSigDB_Hallmark_2020,prerank,Mitotic Spindle,-0.24061550579812963,-0.7094225134397004,1.0,1.0,1.0,81/199,26.37%,KIF1B;SHROOM1;PCNT;NET1;ABL1;SMC1A;CNTROB;SYNPO;PCM1;SPTBN1;RASA1;MYH9;SAC3D1;LRPPRC;CDC42BPA;LMNB1;DYNLL2;CEP57;ARHGAP4;ANLN;CDC42EP1;LATS1;NCK1;ARHGAP27;CD2AP;FSCN1;SOS1;SUN2;ITSN1;ARHGAP10;ABI1;DOCK4;RACGAP1;CKAP5;PREX1;NCK2;KLC1;UXT;ALMS1;CEP72;NUMA1;CLASP1;PDLIM5;MAPRE1;FARP1;CLIP2;NUSAP1;CSNK1D;CDC42EP4;PKD2;CDK5RAP2;FGD4;GEMIN4;DOCK2;ARHGEF3;SORBS2;YWHAE;MYH10;TUBGCP6;AKAP13;TUBGCP3;RAPGEF6;NOTCH2;ARFGEF1;TAOK2;CEP250;STK38L;RASAL2;PALLD;RAPGEF5;ECT2;PXN;ARFIP2;KPTN;TUBGCP5;TUBD1;HOOK3;NEDD9;CEP192;EZR;TIAM1
CLN8,MSigDB_Hallmark_2020,prerank,Angiogenesis,0.29252137455047605,0.709151484499123,0.9598214285714286,1.0,1.0,6/36,7.36%,THBD;PGLYRP1;SPP1;PF4;NRP1;KCNJ8
CLN8,MSigDB_Hallmark_2020,prerank,Hedgehog Signaling,0.2706112203875102,0.6437792475087755,0.9846491228070176,0.9991898589401449,1.0,12/36,19.69%,SLIT1;LDB1;NRP1;NF1;UNC5C;RTN1;L1CAM;NRCAM;VLDLR;GLI1;NRP2;OPHN1
CLN8,MSigDB_Hallmark_2020,prerank,TGF-beta Signaling,-0.25901604865758593,-0.6374342761013861,1.0,0.9991039426523297,1.0,15/54,20.99%,BMP2;BMPR2;SMAD6;JUNB;SPTBN1;PPM1A;SMAD3;RAB31;CDH1;IFNGR2;ID2;BCAR3;ENG;TGIF1;TRIM33
CLN8,GO_Biological_Process_2023,prerank,Response To UV-B (GO:0010224),-0.8823880125746646,-1.7552315516785906,0.0018450184501845018,1.0,0.54,1/16,0.01%,IVL
CLN8,GO_Biological_Process_2023,prerank,Monocyte Chemotaxis (GO:0002548),-0.716179528247879,-1.7077147354010096,0.005244755244755245,1.0,0.811,7/40,13.45%,LGALS3;CALCA;CCL25;XCL1;CCL2;PTPRO;FLT1
CLN8,GO_Biological_Process_2023,prerank,Leukotriene Metabolic Process (GO:0006691),0.7960111971731212,1.6944589395914342,0.004524886877828055,1.0,0.941,3/20,7.68%,CYP4F3;PLA2G5;GGT1
CLN8,GO_Biological_Process_2023,prerank,Negative Regulation Of Interleukin-10 Production (GO:0032693),-0.8351847348955634,-1.6541612636328482,0.0018315018315018315,1.0,0.959,4/16,5.06%,LILRB4;IL23R;VSIR;FOXP3
CLN8,GO_Biological_Process_2023,prerank,Eosinophil Migration (GO:0072677),-0.7641610039165865,-1.6067754453698648,0.0017825311942959,1.0,0.997,4/22,8.81%,LGALS3;CCL25;XCL1;CCL2
CLN8,GO_Biological_Process_2023,prerank,Eosinophil Chemotaxis (GO:0048245),-0.7641610039165865,-1.6067754453698648,0.0017825311942959,1.0,0.997,4/22,8.81%,LGALS3;CCL25;XCL1;CCL2
CLN8,GO_Biological_Process_2023,prerank,Dopaminergic Neuron Differentiation (GO:0071542),0.767675013036166,1.6028471586165067,0.017391304347826087,1.0,1.0,5/19,7.51%,FOXA1;WNT2;PITX3;OTX2;WNT9B
CLN8,GO_Biological_Process_2023,prerank,Respiratory Chain Complex IV Assembly (GO:0008535),0.697842676839244,1.579536645212133,0.012875536480686695,1.0,1.0,16/26,18.19%,STMP1;TMEM223;COA3;SCO1;COX14;COA5;COX17;UQCC6;COA6;COX15;SCO2;SURF1;UQCC5;SMIM20;PET117;COA8
CLN8,GO_Biological_Process_2023,prerank,Negative Regulation Of Ossification (GO:0030279),-0.719781089891455,-1.5708852284394503,0.0068846815834767644,1.0,1.0,13/24,23.47%,SRGN;FGF23;SMAD6;NOTCH1;ENPP1;TMEM53;TRPM4;MEF2C;MDK;PTK2B;LRP4;CHSY1;KREMEN2
CLN8,GO_Biological_Process_2023,prerank,Mitochondrial Cytochrome C Oxidase Assembly (GO:0033617),0.7052753336534453,1.5329175622109996,0.03111111111111111,1.0,1.0,14/22,18.19%,STMP1;TMEM223;COA3;SCO1;COX14;COA5;COX17;UQCC6;SCO2;SURF1;UQCC5;SMIM20;PET117;COA8
CLN8,GO_Biological_Process_2023,prerank,Dendritic Cell Differentiation (GO:0097028),-0.7130374002345032,-1.5301136480768098,0.021505376344086023,1.0,1.0,8/22,18.99%,IRF8;BATF2;TGFBR2;CAMK4;FLT3;LYN;BATF3;GAS6
CLN8,GO_Biological_Process_2023,prerank,"Mitochondrial Electron Transport, NADH To Ubiquinone (GO:0006120)",0.64512574213332,1.505972753149734,0.03076923076923077,1.0,1.0,25/34,23.64%,NDUFB5;NDUFB10;NDUFC2;NDUFB8;NDUFB2;NDUFA6;NDUFS6;NDUFV3;NDUFS4;NDUFB1;NDUFA4;NDUFB7;NDUFV2;NDUFS1;NDUFA7;NDUFV1;NDUFS7;NDUFA3;NDUFC1;NDUFAF1;NDUFB4;NDUFB9;NDUFB3;NDUFS5;NDUFS2
CLN8,GO_Biological_Process_2023,prerank,Proton Motive Force-Driven ATP Synthesis (GO:0015986),0.577658926914955,1.5047451233704812,0.019313304721030045,1.0,1.0,37/59,23.64%,ATP5MK;ATP5PO;NDUFA1;NDUFB5;NDUFB10;NDUFC2;ATP5MGL;NDUFA12;NDUFB8;ATP5MC1;ATP5F1B;NDUFB2;NDUFA6;NDUFS6;NDUFV3;NDUFS4;NDUFB1;SDHD;ATP5F1C;NDUFB7;ATP5MJ;NDUFV2;ATP5F1D;NDUFS1;NDUFA7;ATP5MG;NDUFV1;NDUFS7;NDUFA3;NDUFC1;NDUFA13;ATP5PB;NDUFB4;NDUFB9;NDUFB3;NDUFS5;NDUFS2
CLN8,GO_Biological_Process_2023,prerank,Regulation Of Biomineral Tissue Development (GO:0070167),0.6636409799581842,1.4971557397575876,0.03153153153153153,1.0,1.0,5/25,4.41%,AMTN;DDR2;CYP27B1;S1PR1;SGMS2
CLN8,GO_Biological_Process_2023,prerank,Cellular Glucuronidation (GO:0052695),0.7484514520151235,1.4929881055084484,0.049145299145299144,1.0,1.0,1/15,25.15%,UGT1A8
CLN8,GO_Biological_Process_2023,prerank,Glucuronate Metabolic Process (GO:0019585),0.7484514520151235,1.4929881055084484,0.049145299145299144,1.0,1.0,1/15,25.15%,UGT1A8
CLN8,GO_Biological_Process_2023,prerank,Negative Regulation Of T Cell Activation (GO:0050868),-0.6019795750031098,-1.4875292030915235,0.0035714285714285713,1.0,1.0,6/49,5.06%,LILRB4;HLA-G;LGALS3;TIGIT;VSIR;FOXP3
CLN8,GO_Biological_Process_2023,prerank,Positive Regulation Of Immune System Process (GO:0002684),-0.6683254177037635,-1.4832806910454606,0.034420289855072464,1.0,1.0,4/27,4.49%,C6;HLA-G;TNFRSF18;AQP3
CLN8,GO_Biological_Process_2023,prerank,Negative Regulation Of Leukocyte Activation (GO:0002695),-0.7394354448480764,-1.47474682535531,0.04440497335701599,1.0,1.0,2/17,0.61%,LILRB4;CD33
CLN8,GO_Biological_Process_2023,prerank,Negative Regulation Of Calcium Ion Transport (GO:0051926),-0.7460489460768646,-1.4710653249539636,0.038461538461538464,1.0,1.0,8/17,21.48%,CD33;SEMG1;INPP5K;PACSIN3;NOS1;ATP1A2;PLN;TRIM27
CLN8,GO_Biological_Process_2023,prerank,Lymphocyte Activation Involved In Immune Response (GO:0002285),-0.752466411802111,-1.4666582521661748,0.03860294117647059,1.0,1.0,4/15,20.83%,IFNK;CD74;LCP1;MDK
CLN8,GO_Biological_Process_2023,prerank,Gas Transport (GO:0015669),-0.7373893743420796,-1.4657742428148752,0.06262230919765166,1.0,1.0,5/15,21.15%,HBA1;HBZ;IPCEF1;AQP5;GTPBP4
CLN8,GO_Biological_Process_2023,prerank,Negative Regulation Of Chemokine Production (GO:0032682),-0.7392962244763427,-1.4630477138115592,0.038461538461538464,1.0,1.0,5/16,12.97%,LILRB4;KLF4;OAS3;C1QTNF3;SIRPA
CLN8,GO_Biological_Process_2023,prerank,Cytoplasmic Translation (GO:0002181),0.5391845488417175,1.4625295622206191,0.02195121951219512,1.0,1.0,47/92,21.13%,RPS4X;FAU;RPL10;RPL31;RPS2;RPL21;RPL36AL;RPS24;RPL26;RPS7;RPL5;RPS6;RPL27;RPL35A;RPS16;RPL17;SARS1;RPS3A;RPS25;RPL39;RPL3;DRG2;RPL32;RPS23;RPL13A;RPS27A;RPS15;RPL9;RPL38;RPL36;RPL15;RPL13;RPS26;RPL8;RPL28;RPL19;RPL7A;RPS10;FTSJ1;RPL27A;RPS5;RPS28;RPS19;RPL18;RPS14;EIF4A2;RPS8
CLN8,GO_Biological_Process_2023,prerank,Sensory Perception Of Bitter Taste (GO:0050913),-0.6173439364894208,-1.4584726937136536,0.02936096718480138,1.0,1.0,3/38,2.21%,TAS2R43;CA6;GNAT2
CLN8,GO_Biological_Process_2023,prerank,Detection Of Chemical Stimulus Involved In Sensory Perception Of Bitter Taste (GO:0001580),-0.6173445282436624,-1.4563416041742827,0.032758620689655175,1.0,1.0,3/37,2.21%,TAS2R43;CA6;GNAT2
CLN8,GO_Biological_Process_2023,prerank,Negative Regulation Of Protein Localization To Nucleus (GO:1900181),-0.6802192208317505,-1.4545630563970733,0.03776978417266187,1.0,1.0,8/22,12.31%,LILRB4;S100G;CHP1;CTNNA1;RAB23;YWHAZ;ILRUN;LATS1
CLN8,GO_Biological_Process_2023,prerank,Negative Regulation Of Lymphocyte Activation (GO:0051250),-0.6684206699421126,-1.4487495963046957,0.045372050816696916,1.0,1.0,8/23,20.09%,LST1;LGALS3;TIGIT;FOXJ1;PIBF1;SAMSN1;SOX11;ILDR2
CLN8,GO_Biological_Process_2023,prerank,Peptide Biosynthetic Process (GO:0043043),0.49017235786835034,1.4472271827389742,0.009779951100244499,1.0,1.0,74/155,20.24%,ZAR1;ASMT;MRPL24;MRPS7;HARS2;MRPL9;MRPL37;RPS4X;GGT1;FAU;AGO2;RPL10;MRPL43;RPL31;MRPL55;RPS2;RPL21;MRPS14;WARS1;RPL36AL;RPS4Y1;EEF1A2;RPS24;RPL26;RPS7;HARS1;MRPL52;RPL5;RPS6;MRPS21;RPL27;MRPL14;RPL35A;RPS16;RPL17;MRPS33;SARS1;RPS3A;RPS25;RPL39;COPS5;RPL3;RPL32;RPS23;RPL13A;EEF1A1;RPS27A;RPS15;RPL9;MRPL41;RPL38;MRPS17;RPL36;FURIN;RPL15;SRBD1;RPL13;FARSB;RPS26;HBS1L;MRPL51;RPL8;MRPL34;RPL28;RPL19;RPL7A;RPS10;RPL27A;RPS5;RPS28;IGF2BP3;RPS19;RPL18;RPS14
CLN8,GO_Biological_Process_2023,prerank,Dendritic Cell Chemotaxis (GO:0002407),0.7333400300230368,1.4459577547037572,0.04,1.0,1.0,3/15,6.64%,CCR6;CXCR4;HMGB1
CLN8,GO_Biological_Process_2023,prerank,Proton Motive Force-Driven Mitochondrial ATP Synthesis (GO:0042776),0.5655195346726457,1.4438405600834807,0.036170212765957444,1.0,1.0,33/52,23.64%,ATP5PO;NDUFA1;NDUFB5;NDUFB10;NDUFC2;NDUFA12;NDUFB8;ATP5F1B;NDUFB2;NDUFA6;NDUFS6;NDUFV3;NDUFS4;NDUFB1;SDHD;ATP5F1C;NDUFB7;NDUFV2;ATP5F1D;NDUFS1;NDUFA7;ATP5MG;NDUFV1;NDUFS7;NDUFA3;NDUFC1;NDUFA13;ATP5PB;NDUFB4;NDUFB9;NDUFB3;NDUFS5;NDUFS2
CLN8,GO_Biological_Process_2023,prerank,Peptide Cross-Linking (GO:0018149),-0.6535483760393151,-1.4369032258005625,0.03356890459363958,1.0,1.0,1/27,0.01%,IVL
CLN8,GO_Biological_Process_2023,prerank,Icosanoid Metabolic Process (GO:0006690),0.562493101954124,1.4317410968159383,0.03255813953488372,1.0,1.0,9/52,7.68%,CYP4F3;CYP4F22;CYP2D7;PLA2G10;ALOXE3;GPX4;HPGD;ALOX12B;GGT1
CLN8,GO_Biological_Process_2023,prerank,Steroid Metabolic Process (GO:0008202),0.5156486103772512,1.4250566983295636,0.01627906976744186,1.0,1.0,30/92,15.91%,SRD5A2;CYP27B1;CYP2D7;CYP2A6;DHRS11;RDH16;CYP3A4;AKR1C2;ACAA1;RDH5;CYP2B6;SCP2;CYP27A1;BAAT;AKR1C1;CYP39A1;PIAS4;SULT2B1;AKR1C3;STS;CYP11A1;CYP19A1;CYP7B1;HSD17B14;CYP2C8;TSPO;CYP3A5;HSD17B10;PRLR;LGMN
CLN8,GO_Biological_Process_2023,prerank,Macromolecule Biosynthetic Process (GO:0009059),0.4747754501286495,1.420192757807146,0.007352941176470588,1.0,1.0,84/182,20.24%,GAL3ST2;ZAR1;ASMT;MRPL24;MRPS7;HARS2;INHBA;MRPL9;EEF1B2;MRPL37;RPS4X;FAU;AGO2;ALAS2;RPL10;MRPL43;RPL31;MRPL55;RPS2;RPL21;MRPS14;WARS1;RPL36AL;RPS4Y1;EEF1A2;RPS24;RPL26;RPS7;HARS1;MRPL52;RPL5;RPS6;MRPS21;RPL27;GTPBP1;MRPL14;RPL35A;RPS16;B4GALT5;RPL17;MRPS33;SARS1;RPS3A;EEF1D;RPS25;RPL39;COPS5;RPL3;RPL32;RPS23;RPL13A;EEF1A1;RPS27A;RPS15;RPL9;MRPL41;RPL38;TUFM;MRPS17;ST3GAL4;EEF1G;RPL36;RPL15;SRBD1;RPL13;FARSB;RPS26;HBS1L;MRPL51;RPL8;MRPL34;RPL28;RPL19;RPL7A;GCNT1;RPS10;RPL27A;RPS5;RPS28;IGF2BP3;RPS19;ALAS1;RPL18;RPS14
CLN8,GO_Biological_Process_2023,prerank,Polyol Metabolic Process (GO:0019751),-0.7061391844781625,-1.4187543715984547,0.05420560747663551,1.0,1.0,12/17,24.45%,SYNJ1;OCRL;IPMK;PPIP5K1;INPP5J;IPPK;INPP5A;PPIP5K2;SLC5A3;MINPP1;INPP4A;IP6K1
CLN8,GO_Biological_Process_2023,prerank,Positive Regulation Of Natural Killer Cell Mediated Immunity (GO:0002717),-0.6567571169660078,-1.4185101197873857,0.04570383912248629,1.0,1.0,6/24,13.55%,SH2D1B;HLA-G;RAET1E;KLRD1;PVR;HLA-F
CLN8,GO_Biological_Process_2023,prerank,Fc-gamma Receptor Signaling Pathway Involved In Phagocytosis (GO:0038096),-0.6848766538007874,-1.4180919010295683,0.04924242424242424,1.0,1.0,12/20,15.60%,PLPP4;YES1;MYO1G;HCK;PTK2;PLA2G6;SYK;LIMK1;VAV3;PRKCD;LYN;PAK1
CLN8,GO_Biological_Process_2023,prerank,Negative Regulation Of Biomineral Tissue Development (GO:0070168),-0.6697150222108149,-1.4166157084200064,0.05084745762711865,1.0,1.0,9/21,23.11%,SRGN;FGF23;HEY2;NOTCH1;ENPP1;TRPM4;GAS6;PTK2B;ROCK2
CLN8,GO_Biological_Process_2023,prerank,Microtubule Polymerization Or Depolymerization (GO:0031109),-0.6327311056679894,-1.3947200349878766,0.06463195691202872,1.0,1.0,11/27,16.60%,KIF2B;STMN4;TPPP;TPPP3;STMND1;MAPT;KIF18A;KIF18B;HDGFL3;PIN1;CKAP5
CLN8,GO_Biological_Process_2023,prerank,Regulation Of Sodium Ion Transmembrane Transport (GO:1902305),-0.6335591678899601,-1.389074123640365,0.05927342256214149,1.0,1.0,10/27,13.69%,FXYD3;FXYD5;COMMD1;SCN3B;PTPN3;FXYD2;NEDD4L;SCN4B;NOS1;SCN5A
CLN8,GO_Biological_Process_2023,prerank,Pyroptosis (GO:0070269),-0.6210925541294572,-1.3807422071011322,0.05534351145038168,1.0,1.0,11/28,20.93%,GSDME;GSDMA;IFI27;NAIP;CASP8;DHX9;CASP3;NLRC4;NLRP1;IGF2BP1;MAP3K20
CLN8,GO_Biological_Process_2023,prerank,Mucosal Immune Response (GO:0002385),0.6037799207785063,1.3717941581550273,0.0957683741648107,1.0,1.0,5/27,15.63%,LTF;NOS2;FAU;RPL39;OTUD7B
CLN8,GO_Biological_Process_2023,prerank,Negative Regulation Of Cytokine Production Involved In Inflammatory Response (GO:1900016),-0.6446473799718229,-1.3668961882563704,0.0989399293286219,1.0,1.0,10/20,26.77%,LILRB4;F2;SIRPA;ZC3H12A;ADCY7;PDCD4;PYCARD;MACIR;EXTL3;CUEDC2
CLN8,GO_Biological_Process_2023,prerank,Regulation Of Leukocyte Chemotaxis (GO:0002688),-0.6951866647994905,-1.3602631338833968,0.08876811594202899,1.0,1.0,9/17,24.71%,F7;XCL1;SLC8B1;LYN;PTN;MDK;MTUS1;PTK2B;SLIT2
CLN8,GO_Biological_Process_2023,prerank,Negative Regulation Of Lymphocyte Proliferation (GO:0050672),-0.5665051582015018,-1.3589320650964456,0.05419580419580419,1.0,1.0,8/39,15.11%,LILRB4;LST1;HLA-G;FOXP3;ATM;CR1;RC3H1;LYN
CLN8,GO_Biological_Process_2023,prerank,Cellular Response To Copper Ion (GO:0071280),0.6490154918329089,1.3586669390329658,0.08222222222222222,1.0,1.0,6/18,21.35%,AQP1;PRNP;MT1G;MT1H;MT1X;MT2A
CLN8,GO_Biological_Process_2023,prerank,Keratinocyte Differentiation (GO:0030216),-0.5657084479247,-1.35795959607849,0.060034305317324184,1.0,1.0,1/42,0.01%,IVL
CLN8,GO_Biological_Process_2023,prerank,Neural Crest Cell Differentiation (GO:0014033),-0.6675864625173187,-1.3567309685965363,0.08448275862068966,1.0,1.0,10/18,19.31%,HTR2B;PDCD6;FAM172A;FBXL17;SNAI2;KBTBD8;NRG1;MEF2C;OTUD5;NOLC1
CLN8,GO_Biological_Process_2023,prerank,Mitochondrial ATP Synthesis Coupled Electron Transport (GO:0042775),0.505481195214146,1.3536332894583931,0.05128205128205128,1.0,1.0,44/68,23.64%,NDUFA1;NDUFB5;NDUFB10;NDUFC2;NDUFA12;COX7B;NDUFB8;NDUFB2;UQCRC1;NDUFA6;COX4I1;NDUFS6;COA6;COX5A;NDUFV3;NDUFS4;NDUFB1;SDHD;COX5B;NDUFA4;COX15;NDUFB7;UQCR11;SDHAF2;NDUFV2;NDUFS1;NDUFA7;COX6A1;UQCRH;NDUFV1;CYC1;NDUFS7;TAFAZZIN;NDUFA3;UQCR10;NDUFC1;NDUFAF1;NDUFB4;COX7A2;NDUFB9;NDUFB3;NDUFS5;UQCC3;NDUFS2
CLN8,GO_Biological_Process_2023,prerank,Calcium-Mediated Signaling Using Intracellular Calcium Source (GO:0035584),0.6329959577270993,1.3527637174389628,0.1036036036036036,1.0,1.0,9/20,19.15%,SELP;DMTN;PRNP;KDR;FKBP1B;AZU1;CLU;GPR143;PTPRJ
CLN8,GO_Biological_Process_2023,prerank,Xenobiotic Catabolic Process (GO:0042178),0.6496834824356036,1.348588427450748,0.10065645514223195,1.0,1.0,9/19,17.96%,CYP2D7;CYP2A6;CYP3A4;CYP2B6;GSTM3;CYP2C8;CYP3A5;GSTM4;GSTO1
CLN8,GO_Biological_Process_2023,prerank,Translation (GO:0006412),0.43847381661313967,1.3472350736216934,0.014962593516209476,1.0,1.0,104/232,20.24%,ZAR1;ASMT;MRPL24;MRPS7;HARS2;MRPL9;EEF1B2;MRPL37;RPS4X;FAU;AGO2;RPL10;MRPL43;RPL31;MRPL55;RPS2;RPL21;MRPS14;WARS1;MRPL2;RPL36AL;MRPS24;RPS4Y1;MRPS10;MRPS22;EEF1A2;RPS24;RPL26;RPS7;HARS1;GATC;MRPL52;RPL5;MRPL1;RPS6;MRPL57;MRPS21;RPL27;GTPBP1;MRPL14;MRPL50;RPL35A;RPS16;RPL17;MRPL33;MRPS33;SARS1;RPS3A;GADD45GIP1;EEF1D;MRPS26;RPS25;MRPS23;RPL39;MRPL40;MARS1;COPS5;RPL3;DRG2;MRPL22;RPL32;RPS23;RPL13A;EEF1A1;RPS27A;RPS15;RPL9;MRPL41;RPL38;TUFM;NDUFA7;MRPS17;MRPL49;EEF1G;RPL36;MRPL19;RPL15;GATB;SRBD1;RPL13;FARSB;RPS26;MRPL20;HBS1L;MRPL51;MRPL48;IARS1;RPL8;MRPL34;RPL28;MRPL45;RPL19;RPL7A;RPS10;FTSJ1;RPL27A;RPS5;DRG1;RPS28;IGF2BP3;MTG1;RPS19;RPL18;RPS14
CLN8,GO_Biological_Process_2023,prerank,Reverse Cholesterol Transport (GO:0043691),0.6680316922038341,1.347180485085513,0.1010752688172043,1.0,1.0,5/16,16.56%,APOC2;LCAT;APOA1;ABCG1;CLU
CLN8,GO_Biological_Process_2023,prerank,Regulation Of Receptor-Mediated Endocytosis (GO:0048259),0.5535834906621021,1.342970007385627,0.07061503416856492,1.0,1.0,17/39,21.24%,SNAP91;APOC2;USH1G;RAC1;LDLRAP1;FLOT1;C3;ARF1;TNK2;F3;CLU;BICD1;HIP1;ARF6;PIK3CB;MKLN1;HNRNPK
CLN8,GO_Biological_Process_2023,prerank,B Cell Receptor Signaling Pathway (GO:0050853),-0.5718510975088031,-1.3428076188679312,0.07222222222222222,1.0,1.0,11/37,22.28%,LAT2;BMX;PRKCB;SYK;CD38;VAV3;NFAM1;MEF2C;LIME1;NFATC2;LCK
CLN8,GO_Biological_Process_2023,prerank,Carboxylic Acid Metabolic Process (GO:0019752),0.562581235261623,1.3428055947623994,0.0774487471526196,1.0,1.0,2/33,0.21%,CYP4F3;CYP4F22
CLN8,GO_Biological_Process_2023,prerank,Negative Regulation Of Immune Effector Process (GO:0002698),-0.6804657858900511,-1.342633841026498,0.11449016100178891,1.0,1.0,5/15,13.02%,LGALS3;ENPP3;CR1;CD47;RC3H1
CLN8,GO_Biological_Process_2023,prerank,Mesoderm Development (GO:0007498),-0.6707501911206768,-1.3414332735446808,0.1213768115942029,1.0,1.0,9/18,20.04%,TBX3;HES7;HCK;JAK2;TBX6;MESD;GDF11;VEGFA;IKZF3
CLN8,GO_Biological_Process_2023,prerank,Regulation Of Chemokine Production (GO:0032642),-0.5540015982844502,-1.3391579190251026,0.07439446366782007,1.0,1.0,12/41,19.79%,LILRB4;SNAI2;TNFSF4;CD74;APP;TSLP;AGER;HMOX1;AIF1;SIGIRR;LCP1;IL18
CLN8,GO_Biological_Process_2023,prerank,Antimicrobial Humoral Response (GO:0019730),0.47521923660066134,1.3390485999093527,0.05191873589164785,1.0,1.0,11/94,7.93%,CST9L;CXCL14;PF4V1;PGLYRP1;LEAP2;LTF;WFDC13;WFDC3;CXCL3;PF4;FAU
CLN8,GO_Biological_Process_2023,prerank,Regulation Of Lipopolysaccharide-Mediated Signaling Pathway (GO:0031664),0.6288329040650978,1.3375998955637491,0.11691022964509394,1.0,1.0,4/21,6.65%,CD36;LTF;CARD8;SASH1
CLN8,GO_Biological_Process_2023,prerank,B Cell Activation Involved In Immune Response (GO:0002312),-0.6800870629148751,-1.3356717222678334,0.12361623616236163,1.0,1.0,8/15,28.94%,SANBR;MSH2;RNF168;EXOSC6;EXOSC3;LIG4;GPR183;MSH6
CLN8,GO_Biological_Process_2023,prerank,Positive Regulation Of Phosphoprotein Phosphatase Activity (GO:0032516),-0.6512877929461521,-1.3299163014419206,0.10912343470483005,1.0,1.0,5/18,7.78%,CD33;PPP1R14D;ITGA1;PDGFRB;PTPA
CLN8,GO_Biological_Process_2023,prerank,Cellular Respiration (GO:0045333),0.484866419278787,1.3287466578495637,0.041304347826086954,1.0,1.0,40/84,19.44%,NR4A3;SIRT3;NDUFA1;NDUFB5;NDUFB10;NDUFC2;NDUFA12;ETFA;COX7B;ETFB;NDUFB8;NDUFB2;UQCRC1;NDUFA6;COX4I1;NDUFS6;COX5A;NDUFV3;NDUFS4;NDUFB1;SLC25A14;COX5B;NDUFA4;COX15;NDUFB7;UQCR11;SURF1;NDUFV2;LYRM7;ETFRF1;NDUFS1;NDUFA7;COX6A1;UQCRH;BLOC1S1;NDUFV1;CYC1;NDUFS7;NDUFA3;UQCR10
CLN8,GO_Biological_Process_2023,prerank,Peptidyl-Lysine Modification (GO:0018205),-0.49302403121751426,-1.3280837655141993,0.0497335701598579,1.0,1.0,11/93,8.25%,IVL;METTL21EP;SUMO4;LIPT1;LIPT2;SIRT1;HDAC10;SIRT2;P3H3;EGR2;CTH
CLN8,GO_Biological_Process_2023,prerank,Phosphatidylinositol Dephosphorylation (GO:0046856),-0.6702843380367903,-1.3272969708247413,0.11372549019607843,1.0,1.0,9/16,17.61%,SACM1L;SYNJ1;OCRL;PIP4P2;INPP5K;INPP5J;PMPCA;PTEN;MTMR1
CLN8,GO_Biological_Process_2023,prerank,Prostanoid Metabolic Process (GO:0006692),0.6542172675093265,1.322979891132608,0.13958810068649885,1.0,1.0,6/16,12.10%,GSTA1;AKR1C2;HPGD;PLAA;AKR1C1;AKR1C3
CLN8,GO_Biological_Process_2023,prerank,Cellular Response To Cadmium Ion (GO:0071276),0.6132099157711017,1.3228293872613321,0.12354312354312354,1.0,1.0,8/22,20.92%,JUN;AKT1;MT1G;MAPK9;MT1H;MAPK3;MT1X;MAPK1
CLN8,GO_Biological_Process_2023,prerank,Positive Regulation Of Immune Response (GO:0050778),-0.4985143360221977,-1.3190029498949871,0.059130434782608696,1.0,1.0,21/80,17.53%,C6;SH2D1B;IFNK;IL23R;ITGB2;POLR3G;GSDME;CD177;SIRT1;IL6ST;TNFSF4;CD74;CD1D;NRG1;FADD;XBP1;POLR3C;DHX9;TRIM56;CD46;SKAP1
CLN8,GO_Biological_Process_2023,prerank,Negative Regulation Of Cytokine Production Involved In Immune Response (GO:0002719),-0.6646882564271124,-1.31764195843415,0.13513513513513514,1.0,1.0,5/16,14.57%,LILRB4;XCL1;FOXP3;HLA-F;IRAK3
CLN8,GO_Biological_Process_2023,prerank,Positive Regulation Of Oxidoreductase Activity (GO:0051353),0.5958752657458128,1.3174299303958505,0.10596026490066225,1.0,1.0,8/23,9.56%,RFK;PPM1J;SIRT3;PARK7;EDN1;GDNF;NOD2;PDP1
CLN8,GO_Biological_Process_2023,prerank,Negative Regulation Of Interleukin-1 Beta Production (GO:0032691),-0.6147031780437019,-1.3157603296933182,0.10603290676416818,1.0,1.0,3/25,1.86%,LILRB4;CD33;CARD18
CLN8,GO_Biological_Process_2023,prerank,Spermatid Development (GO:0007286),-0.5234180774430345,-1.3156594725608883,0.061946902654867256,1.0,1.0,21/53,16.36%,PRM2;IQCN;FAM9C;CCDC42;DPY19L2;PLD6;SPACDR;SPATA16;CIB1;SPINK2;FNDC3A;CDYL;CEP57;EIF4G3;FXR1;DDX25;CCDC63;BBS4;MEIOC;ING2;TTC21A
CLN8,GO_Biological_Process_2023,prerank,Regulation Of Steroid Biosynthetic Process (GO:0050810),-0.6476411051875977,-1.3128706941229,0.13523809523809524,1.0,1.0,6/16,12.37%,BMP2;DGKQ;SIRT1;ASAH1;WNT4;GUCY2C
CLN8,GO_Biological_Process_2023,prerank,Innate Immune Response In Mucosa (GO:0002227),0.6113112897774479,1.3126377738042716,0.1292372881355932,1.0,1.0,4/20,15.37%,LTF;NOS2;FAU;RPL39
CLN8,GO_Biological_Process_2023,prerank,Detection Of Chemical Stimulus Involved In Sensory Perception Of Taste (GO:0050912),-0.548423185720831,-1.3106753519260268,0.0800711743772242,1.0,1.0,3/41,2.21%,TAS2R43;CA6;GNAT2
CLN8,GO_Biological_Process_2023,prerank,Positive Regulation Of Macrophage Activation (GO:0043032),0.6384956736822708,1.307893611257116,0.13656387665198239,1.0,1.0,5/17,11.74%,TTBK1;TAFA3;EHHADH;HSPD1;WNT5A
CLN8,GO_Biological_Process_2023,prerank,Regulation Of Autophagosome Maturation (GO:1901096),-0.6574373921673001,-1.304118646584513,0.14620938628158844,1.0,1.0,12/16,26.83%,UVRAG;CALCOCO2;TOM1;FYCO1;CLEC16A;IRGM;TMEM39A;PHF23;ATG12;SMCR8;TBC1D25;RUBCN
CLN8,GO_Biological_Process_2023,prerank,Response To dsRNA (GO:0043331),-0.6416619758520613,-1.302683237659837,0.13513513513513514,1.0,1.0,5/17,17.34%,IFNK;PDE12;TICAM1;IRAK3;TICAM2
CLN8,GO_Biological_Process_2023,prerank,Regulation Of Neuroinflammatory Response (GO:0150077),0.6216477366110906,1.3006283386529454,0.12415349887133183,1.0,1.0,7/19,21.38%,NR1D1;MMP3;CD200R1;TNFRSF1B;IGF1;PLCG2;DAGLA
CLN8,GO_Biological_Process_2023,prerank,Regulation Of Dephosphorylation (GO:0035303),-0.6602318906654876,-1.2950317536689555,0.15114235500878734,1.0,1.0,8/15,25.34%,PPP1R17;IGBP1;MTMR9;INPP5K;MTMR1;MTMR4;PPP1R16B;SMG5
CLN8,GO_Biological_Process_2023,prerank,GPI Anchor Metabolic Process (GO:0006505),-0.5928734844119794,-1.2947608354032545,0.13253012048192772,1.0,1.0,19/26,27.03%,PGAP1;PIGZ;PGF;PGAP3;PIGA;PIGQ;PIGG;PIGB;PGAP2;DPM1;PIGC;GPLD1;PIGN;PIGO;PIGW;DPM3;SLC30A5;PIGP;PIGH
CLN8,GO_Biological_Process_2023,prerank,Positive Regulation Of miRNA Transcription (GO:1902895),0.520087075123658,1.292965129606992,0.11353711790393013,1.0,1.0,12/43,12.55%,PRL;FOXA1;APLN;SPI1;JUN;PPARG;TGFB2;MRTFB;GNL3;NGFR;MRTFA;SREBF1
CLN8,GO_Biological_Process_2023,prerank,Regulation Of Regulatory T Cell Differentiation (GO:0045589),-0.6071361940343281,-1.290261708135527,0.13153153153153152,1.0,1.0,9/22,13.10%,LILRB4;HLA-G;VSIR;FOXP3;TNFSF4;DUSP10;CR1;LAG3;FANCA
CLN8,GO_Biological_Process_2023,prerank,Phospholipid Dephosphorylation (GO:0046839),-0.5643594920076964,-1.2898006221864364,0.1053639846743295,1.0,1.0,14/30,19.41%,PLPP4;SACM1L;SYNJ1;OCRL;PIP4P2;INPP5K;INPP5J;PLPPR1;PMPCA;PLPP1;PLPP5;PTEN;MTMR1;PLPPR3
CLN8,GO_Biological_Process_2023,prerank,Positive Regulation Of Cytokine Production Involved In Inflammatory Response (GO:1900017),0.6119735137862112,1.2834978820311513,0.13559322033898305,1.0,1.0,5/18,12.35%,CLEC7A;CARD9;IL17D;NOD2;MAPK9
CLN8,GO_Biological_Process_2023,prerank,Anterior/Posterior Pattern Specification (GO:0009952),-0.5004218454233901,-1.2818989792943576,0.09947643979057591,1.0,1.0,10/56,18.45%,BMP2;WLS;SIX2;BMPR2;HES7;PCSK5;HEY2;SMAD2;CDX4;CER1
CLN8,GO_Biological_Process_2023,prerank,Phosphatidylinositol Metabolic Process (GO:0046488),-0.49525450799517656,-1.2812344996969056,0.09739130434782609,1.0,1.0,33/63,27.09%,SACM1L;PGAP1;SYNJ1;BMX;OCRL;PI4K2A;PDGFRB;PIP4P2;INPP5K;PGAP3;INPP5J;PI4KB;PMPCA;CDS1;MTMR7;PTEN;PITPNM1;MTMR1;PITPNM3;MTMR14;MTMR4;INPP5D;FGF2;INPP4A;VAC14;MTMR6;MBOAT7;PIGW;SYNJ2;PIKFYVE;IMPA1;PLCD1;PLCB1
CLN8,GO_Biological_Process_2023,prerank,Aerobic Electron Transport Chain (GO:0019646),0.47893207476403793,1.28096899270677,0.07659574468085106,1.0,1.0,41/66,23.64%,NDUFA1;NDUFB5;NDUFB10;NDUFC2;COX7B;NDUFB8;NDUFB2;UQCRC1;NDUFA6;COX4I1;NDUFS6;COX5A;NDUFV3;NDUFS4;NDUFB1;SDHD;COX5B;NDUFA4;COX15;NDUFB7;UQCR11;SDHAF2;NDUFV2;NDUFS1;NDUFA7;COX6A1;UQCRH;NDUFV1;CYC1;NDUFS7;NDUFA3;UQCR10;NDUFC1;NDUFAF1;NDUFB4;COX7A2;NDUFB9;NDUFB3;NDUFS5;UQCC3;NDUFS2
CLN8,GO_Biological_Process_2023,prerank,Regulation Of Interferon-Alpha Production (GO:0032647),0.5658100154144908,1.2807703010433988,0.13390928725701945,1.0,1.0,6/26,15.48%,TLR8;IFIH1;HSPD1;DDX3X;DHX36;NMB
CLN8,GO_Biological_Process_2023,prerank,3'-UTR-mediated mRNA Stabilization (GO:0070935),-0.6257464726196909,-1.2774634529864606,0.15798922800718132,1.0,1.0,6/18,13.79%,ELAVL4;RBM47;ZFP36;MYD88;HNRNPC;MAPK14
CLN8,GO_Biological_Process_2023,prerank,Negative Regulation Of Biosynthetic Process (GO:0009890),0.6316632234586232,1.2774278662938883,0.16122004357298475,1.0,1.0,7/15,19.43%,CIITA;PARK7;CEACAM1;ABCD1;ASXL3;COA8;GSTP1
CLN8,GO_Biological_Process_2023,prerank,Positive Regulation Of Endothelial Cell Apoptotic Process (GO:2000353),-0.648370906830897,-1.277207791623759,0.1556350626118068,1.0,1.0,5/15,8.81%,HLA-G;ECSCR;RGCC;ITGA4;CCL2
CLN8,GO_Biological_Process_2023,prerank,Cellular Response To Organic Substance (GO:0071310),0.46366631298501665,1.2752010083112773,0.07380952380952381,1.0,1.0,25/80,20.27%,CSF3;HCRTR2;ASAH2;CXCR4;SLIT1;PARK7;EDN1;HCRTR1;LDLRAP1;OXTR;NCOA2;NFAT5;NCOA1;PID1;RAMP1;QRFPR;HAX1;NCOA3;PLCG2;STAT5B;NPFFR2;NR1H4;TRAF6;FOXH1;SLC1A1
CLN8,GO_Biological_Process_2023,prerank,Positive Regulation Of Macrophage Derived Foam Cell Differentiation (GO:0010744),0.6321249847795831,1.2743433295287052,0.1561822125813449,1.0,1.0,8/17,14.18%,PLA2G10;CD36;PLA2G5;CSF1;PF4;MSR1;MAPK9;NFKB1
CLN8,GO_Biological_Process_2023,prerank,Phospholipase C-activating G Protein-Coupled Receptor Signaling Pathway (GO:0007200),-0.47138205597451754,-1.27410001653854,0.07104795737122557,1.0,1.0,17/82,11.14%,LHCGR;FPR1;OPRM1;TRHR;CALCA;TGM2;HTR2B;P2RY6;FPR3;GPR20;GPR157;AGT;GRM1;P2RY8;GNA14;OPRK1;GRPR
CLN8,GO_Biological_Process_2023,prerank,Positive Regulation Of Interferon-Alpha Production (GO:0032727),0.5907151201709109,1.2719320857835779,0.16268980477223427,1.0,1.0,6/21,15.48%,TLR8;IFIH1;HSPD1;DDX3X;DHX36;NMB
CLN8,GO_Biological_Process_2023,prerank,Chaperone-Mediated Protein Complex Assembly (GO:0051131),0.5968744048512754,1.2694163255119397,0.16289592760180996,1.0,1.0,15/21,21.34%,PSMG1;HSPA1A;BBS12;HSPD1;MKKS;PTGES3;CCT2;CLU;HSP90AB1;TMEM35A;HSPA4;PSMG2;HSP90AA1;NDUFAF1;BBS10
CLN8,GO_Biological_Process_2023,prerank,Positive Regulation Of Interleukin-8 Production (GO:0032757),0.48156714788130794,1.2685069366313722,0.08333333333333333,1.0,1.0,18/61,17.42%,CLEC7A;TLR8;IL17D;PARK7;HMGB1;NOS2;HSPA1A;TLR2;NOD2;EHHADH;AFAP1L2;RAB1A;HYAL2;CD58;DDIT3;NOD1;TIRAP;RELA
CLN8,GO_Biological_Process_2023,prerank,Regulation Of Calcium Ion Transmembrane Transporter Activity (GO:1901019),-0.5528356233137212,-1.2683659090937613,0.1487758945386064,1.0,1.0,15/32,22.22%,S100G;STRIT1;HRC;JSRP1;CACNB3;JPH2;JPH4;NOS1;PLN;DMD;CALM1;CALM2;CACNA1A;YWHAE;CACNB2
CLN8,GO_Biological_Process_2023,prerank,Aerobic Respiration (GO:0009060),0.4856026430371831,1.2655578822236073,0.10126582278481013,1.0,1.0,33/58,23.64%,SIRT3;NDUFA1;NDUFB5;NDUFB10;NDUFC2;NDUFA12;NDUFB8;NDUFB2;UQCRC1;NDUFA6;NDUFS6;NDUFV3;NDUFS4;NDUFB1;SLC25A14;NDUFB7;SURF1;NDUFV2;ATP5F1D;NDUFS1;NDUFA7;UQCRH;BLOC1S1;NDUFV1;NDUFS7;NDUFA3;NDUFC1;NDUFA13;NDUFB4;NDUFB9;NDUFB3;NDUFS5;NDUFS2
CLN8,GO_Biological_Process_2023,prerank,Fc-gamma Receptor Signaling Pathway (GO:0038094),-0.581812596331589,-1.2627125934930232,0.15140186915887852,1.0,1.0,12/24,15.60%,PLPP4;YES1;MYO1G;HCK;PTK2;PLA2G6;SYK;LIMK1;VAV3;PRKCD;LYN;PAK1
CLN8,GO_Biological_Process_2023,prerank,Neuron Differentiation (GO:0030182),0.4194337387038415,1.2622162292276589,0.05827505827505827,1.0,1.0,51/171,17.21%,FOXA1;WNT2;WNT16;LHX5;SNPH;INSM1;VAX2;MYO7A;PITX3;PITX2;ERCC2;POU3F2;RUNX3;IL1RAPL1;OTX2;RORB;LDB1;LHX8;INHBA;EPOP;WNT9B;TGFB2;RTN3;TDP2;WNT5B;FZD2;WNT3;FZD4;UGCG;LHX1;SMARCA1;BRINP3;RTN1;IRX2;WNT5A;CDK5;ACSL4;MYT1L;NIF3L1;NRBP2;TGFBR1;MET;CDNF;ERCC6;SALL1;SOX4;NLGN4X;SPINK5;DTNB;TENM2;FZD5
CLN8,GO_Biological_Process_2023,prerank,Odontogenesis (GO:0042476),0.5195325286815065,1.261726175358032,0.12093023255813953,1.0,1.0,8/39,9.68%,AMTN;AQP1;PITX2;HDAC1;INHBA;BMP4;TGFB2;FGFR2
CLN8,GO_Biological_Process_2023,prerank,Regulation Of Calcium Ion Import (GO:0090279),-0.6085671854751895,-1.2612243077591894,0.18072289156626506,1.0,1.0,6/20,8.81%,LGALS3;PLPP4;SEMG1;CXCL12;PDGFRB;CCL2
CLN8,GO_Biological_Process_2023,prerank,Response To Cadmium Ion (GO:0046686),0.5812390610854594,1.260119524067019,0.1632183908045977,1.0,1.0,7/21,20.92%,JUN;MT1G;MAPK9;MT1H;MAPK3;MT1X;MAPK1
CLN8,GO_Biological_Process_2023,prerank,Regulation Of Cellular Response To Growth Factor Stimulus (GO:0090287),0.5942121504417861,1.2600555238593714,0.15483870967741936,1.0,1.0,9/19,11.59%,LRIT3;SULF1;OTX2;ITGA3;NELL1;DOK5;ZDHHC17;SFRP4;FSTL3
CLN8,GO_Biological_Process_2023,prerank,Protein Transmembrane Import Into Intracellular Organelle (GO:0044743),0.5312751758494303,1.2592475866705912,0.13924050632911392,1.0,1.0,14/32,18.51%,TOMM20L;PAM16;TOMM40L;PEX5;HSPD1;TIMM17B;PEX1;DNAJC15;TIMM23B;DNLZ;PEX7;PEX6;TRIM37;PEX14
CLN8,GO_Biological_Process_2023,prerank,Oxidative Phosphorylation (GO:0006119),0.482559928975789,1.2590734320116883,0.10272536687631027,1.0,1.0,35/60,23.64%,ATP5PO;NDUFA1;NDUFB5;NDUFB10;NDUFC2;NDUFA12;NDUFB8;ATP5F1B;NDUFB2;UQCRC1;NDUFA6;NDUFS6;NDUFV3;NDUFS4;NDUFB1;SDHD;ATP5F1C;NDUFB7;NDUFV2;ATP5F1D;NDUFS1;NDUFA7;ATP5MG;UQCRH;NDUFV1;NDUFS7;NDUFA3;NDUFC1;NDUFA13;ATP5PB;NDUFB4;NDUFB9;NDUFB3;NDUFS5;NDUFS2
CLN8,GO_Biological_Process_2023,prerank,Neural Crest Cell Development (GO:0014032),-0.5176959783896132,-1.2580803001626004,0.1045045045045045,1.0,1.0,22/44,21.33%,RADIL;SEMA3G;SEMA7A;HTR2B;SEMA6D;PDCD6;SEMA4G;FAM172A;SEMA6A;CDH2;SNAI2;KBTBD8;SEMA6C;NRG1;NRTN;SEMA4A;SEMA4B;SEMA3A;SEMA4C;NOLC1;SEMA3C;CORO1C
CLN8,GO_Biological_Process_2023,prerank,Response To Retinoic Acid (GO:0032526),0.47768087124314385,1.2573600839772388,0.12072892938496584,1.0,1.0,21/58,18.45%,WNT2;AQP1;PTK6;RORB;WNT9B;ALDH1A2;WNT5B;WNT3;FZD4;BRINP3;WNT5A;RXRB;TMEM161A;CTSH;RARG;RXRA;SNW1;ZNF35;CDKN2D;RARA;PAX2
CLN8,GO_Biological_Process_2023,prerank,Negative Regulation Of Protein Localization To Membrane (GO:1905476),0.5619586926400433,1.2566182956472618,0.1511879049676026,1.0,1.0,5/25,7.18%,GBP1;DMTN;LRRC15;TMBIM1;TMEM59
CLN8,GO_Biological_Process_2023,prerank,Regulation Of Phosphatase Activity (GO:0010921),-0.6066750557225384,-1.2557399187011775,0.17350746268656717,1.0,1.0,5/19,7.78%,CHP1;PPP1R17;HTT;MTMR9;PTPA
CLN8,GO_Biological_Process_2023,prerank,Negative Regulation Of Interleukin-1 Production (GO:0032692),-0.5651987271922452,-1.2544824151519693,0.1518987341772152,1.0,1.0,3/29,1.86%,LILRB4;CD33;CARD18
CLN8,GO_Biological_Process_2023,prerank,Placenta Development (GO:0001890),-0.6030830798914316,-1.2544793126815414,0.1601423487544484,1.0,1.0,10/22,15.88%,CUL7;CITED1;TEX19;PTK2;LEP;PLAC1;E2F7;NODAL;PHLDA2;PKD1
CLN8,GO_Biological_Process_2023,prerank,Chaperone Cofactor-Dependent Protein Refolding (GO:0051085),0.5535548856408992,1.2537315786706624,0.14988814317673377,1.0,1.0,8/25,11.93%,HSPA6;GAK;HSPA2;HSPA1A;HSPA9;DNAJB4;SDF2L1;PTGES3
CLN8,GO_Biological_Process_2023,prerank,Positive Regulation Of Regulatory T Cell Differentiation (GO:0045591),-0.6176148011504368,-1.2508022307510855,0.17477477477477477,1.0,1.0,6/17,12.20%,LILRB4;HLA-G;VSIR;FOXP3;DUSP10;CR1
CLN8,GO_Biological_Process_2023,prerank,Positive Regulation Of Morphogenesis Of An Epithelium (GO:1905332),0.5719114550240058,1.2504063673877543,0.17233560090702948,1.0,1.0,8/23,11.35%,ITGAX;NOG;GDNF;BMP4;MMRN2;WNT5B;LHX1;LIF
CLN8,GO_Biological_Process_2023,prerank,Positive Regulation Of Phosphatase Activity (GO:0010922),-0.586476352968674,-1.2468040175750494,0.17953667953667954,1.0,1.0,10/22,21.77%,BMP2;ITGA1;MTMR9;PDGFRB;PTPA;MEF2C;CALM3;GPLD1;CALM1;CALM2
CLN8,GO_Biological_Process_2023,prerank,Nuclear-Transcribed mRNA Catabolic Process (GO:0000956),-0.46218727567022194,-1.2452328380614475,0.11270125223613596,1.0,1.0,45/85,26.24%,ZC3H12D;PELO;ZFP36;PDE12;TENT4B;CNOT3;THRAP3;CNOT1;ATM;EXOSC7;PATL1;TENT2;NCBP2;UPF1;RC3H2;RC3H1;CNOT8;TUT1;ZC3H12A;TUT7;DHX34;CNOT4;MRTO4;GSPT1;DCP1A;MAGOHB;XRN2;CNOT6L;MAGOH;ERI1;DXO;PAN2;TNKS1BP1;CNOT7;CNOT6;DCPS;SMG9;EXOSC6;CNOT9;CNOT2;SMG8;SMG5;EIF3E;POLR2G;NBAS
CLN8,GO_Biological_Process_2023,prerank,Axoneme Assembly (GO:0035082),-0.5175111635295299,-1.2445898953225831,0.13394495412844037,1.0,1.0,12/41,10.08%,RSPH4A;TTC12;SPAG17;CFAP206;DNAAF6;RP1;PIERCE1;DNAAF1;TTLL3;SPAG1;CFAP74;FOXJ1
CLN8,GO_Biological_Process_2023,prerank,Regulation Of Tyrosine Phosphorylation Of STAT Protein (GO:0042509),-0.4766131433584295,-1.24424424154406,0.1164021164021164,1.0,1.0,22/65,23.17%,IL23R;TNFRSF18;FGFR3;SH2B3;OCRL;GH2;JAK2;IL6ST;TSLP;PARP14;KIT;NF2;FLT3;PIBF1;LYN;VEGFA;IL18;GHR;CNOT7;IL15;HES1;PPP2R1A
CLN8,GO_Biological_Process_2023,prerank,Regulation Of Protein Sumoylation (GO:0033233),0.6223502119679194,1.2433471012814188,0.19626168224299065,1.0,1.0,11/17,22.87%,PARK7;PIAS3;RASD2;GNL3;PIAS4;UBA2;RWDD3;GNL3L;MUL1;ZMIZ1;SAE1
CLN8,GO_Biological_Process_2023,prerank,Lymphocyte Chemotaxis (GO:0048247),-0.5175214255255947,-1.2424536748665147,0.13043478260869565,1.0,1.0,5/41,10.83%,CCL25;CXCL13;XCL1;CCL2;HSD3B7
CLN8,GO_Biological_Process_2023,prerank,mRNA Destabilization (GO:0061157),-0.5106872297639964,-1.2419529252725598,0.1366120218579235,1.0,1.0,16/43,15.46%,ZC3H12D;ZFP36;AGO4;PLEKHN1;PDE12;RBM24;CNOT1;UPF1;CPEB3;RC3H2;RC3H1;FXR1;GIGYF2;ZC3H12A;TUT7;METTL16
CLN8,GO_Biological_Process_2023,prerank,Regulation Of Cardiac Muscle Contraction By Regulation Of The Release Of Sequestered Calcium Ion (GO:0010881),-0.6200675664953722,-1.2404775546504003,0.1973929236499069,1.0,1.0,10/16,21.77%,HRC;CLIC2;SLC8A1;ATP1A2;DMD;RYR2;CALM3;CALM1;CACNA1C;CALM2
CLN8,GO_Biological_Process_2023,prerank,Inositol Phosphate Metabolic Process (GO:0043647),-0.5788499218196541,-1.2389231334623823,0.18795620437956204,1.0,1.0,10/22,15.67%,SYNJ1;OCRL;NUDT11;IPMK;PPIP5K1;INPP5J;IPPK;INPP5A;PPIP5K2;NUDT9
CLN8,GO_Biological_Process_2023,prerank,Left/Right Pattern Formation (GO:0060972),-0.5440516634301424,-1.2387696560996717,0.1590493601462523,1.0,1.0,10/31,12.48%,CFC1;DNAAF4;CCDC103;CFAP53;PIERCE1;DNAAF1;FOXJ1;ODAD3;NOTCH1;STIL
CLN8,GO_Biological_Process_2023,prerank,Sulfation (GO:0051923),-0.6347982438232209,-1.2385258190128383,0.18265682656826568,1.0,1.0,7/16,16.37%,SULT1B1;SULT1A2;SULT1A3;CHST5;SULT6B1;SULT1C2;SULT1C4
CLN8,GO_Biological_Process_2023,prerank,Defense Response To Bacterium (GO:0042742),0.4063548116789814,1.237893497769068,0.050970873786407765,1.0,1.0,35/195,13.24%,LYZL6;GBP1;SELP;GBP3;GBP6;STAB1;LCN2;NLRP6;AQP1;ADGRB1;PGLYRP1;LYST;FGR;LTF;WFDC13;FCER1G;WFDC3;RNF213;NOS2;FAU;SPN;TLR2;NOD2;EHHADH;MICA;GSDMB;WFDC2;RNASE1;AZU1;STAB2;RAB1A;PRB3;HLA-A;CHGA;SFTPD
CLN8,GO_Biological_Process_2023,prerank,Regulation Of Release Of Sequestered Calcium Ion Into Cytosol By Sarcoplasmic Reticulum (GO:0010880),-0.5841058487744366,-1.2377154591371162,0.18933823529411764,1.0,1.0,10/22,21.77%,HRC;CLIC2;SLC8A1;ATP1A2;DMD;RYR2;CALM3;CALM1;CACNA1C;CALM2
CLN8,GO_Biological_Process_2023,prerank,Positive Regulation Of Leukocyte Activation (GO:0002696),0.579475271319432,1.23596032557923,0.1875,1.0,1.0,5/20,11.74%,CLEC7A;PLPP6;EHHADH;HSPD1;WNT5A
CLN8,GO_Biological_Process_2023,prerank,Bile Acid Metabolic Process (GO:0008206),0.5330446321544057,1.235653753629686,0.18872017353579176,1.0,1.0,15/31,15.46%,OSBPL7;ACAA1;SCP2;CYP27A1;BAAT;OSBPL3;AKR1C1;CYP39A1;CYP7B1;SLC27A5;OSBPL2;OSBPL1A;ABCD3;OSBPL6;HSD17B10
CLN8,GO_Biological_Process_2023,prerank,Chemokine-Mediated Signaling Pathway (GO:0070098),-0.4882616588799764,-1.2354295865072444,0.11703958691910499,1.0,1.0,10/55,8.81%,THPO;CCL25;CXCL13;CXCL5;XCL1;SH2B3;CIB1;CXCL12;WNK1;CCL2
CLN8,GO_Biological_Process_2023,prerank,Mitochondrial Respiratory Chain Complex Assembly (GO:0033108),0.4468957807172023,1.2351928269501216,0.10683760683760683,1.0,1.0,40/90,20.83%,STMP1;TMEM223;BCS1L;NDUFA1;NDUFB5;NDUFB10;NDUFC2;AIFM1;COA3;SCO1;COX14;NDUFB8;COA5;COX17;NDUFB2;UQCC6;NDUFA6;TMEM126B;NDUFS4;NDUFB1;SCO2;NDUFB7;SDHAF2;SURF1;LYRM7;UQCC5;NDUFS1;SMIM20;PET117;NDUFAF4;COA8;NDUFS7;TAFAZZIN;NDUFAF8;NDUFA3;TMEM186;OMA1;NDUFC1;NDUFAF1;NDUFA13
CLN8,GO_Biological_Process_2023,prerank,Positive Regulation Of Rho Protein Signal Transduction (GO:0035025),0.5354088186662389,1.2342711079856417,0.16375545851528384,1.0,1.0,11/31,14.99%,GPR35;RTN4R;SYNPO2L;APOA1;RAC1;MCF2L;LPAR4;GPR18;ROBO1;PRAG1;LPAR6
CLN8,GO_Biological_Process_2023,prerank,Long-Chain Fatty Acid Biosynthetic Process (GO:0042759),0.5719946985613121,1.2332655862771766,0.16594827586206898,1.0,1.0,10/24,16.61%,ASAH2;CYP2D7;CYP3A4;ALOXE3;GPX4;ALOX12B;FADS1;CYP2C8;ALOX12;GSTM4
CLN8,GO_Biological_Process_2023,prerank,Defense Response To Fungus (GO:0050832),-0.550339052861553,-1.2322803379069958,0.16820702402957485,1.0,1.0,7/29,13.22%,DEFB119;DEFB135;CLEC6A;CLEC4C;NLRP10;CLEC4A;NRG1
CLN8,GO_Biological_Process_2023,prerank,Vasodilation (GO:0042311),-0.6407287544351984,-1.2307127677666645,0.18345323741007194,1.0,1.0,5/15,20.14%,ADRB2;NOS1;CPS1;BDKRB2;GPER1
CLN8,GO_Biological_Process_2023,prerank,Epidermal Cell Differentiation (GO:0009913),-0.4940613251217532,-1.2292062425143673,0.15833333333333333,1.0,1.0,3/54,4.31%,IVL;POU2F3;OVOL1
CLN8,GO_Biological_Process_2023,prerank,Determination Of Bilateral Symmetry (GO:0009855),-0.5559738692219721,-1.2275530743996705,0.18625678119349007,1.0,1.0,9/27,12.48%,CFC1;DNAAF4;CCDC103;CFAP53;PIERCE1;FOXJ1;ODAD3;NOTCH1;STIL
CLN8,GO_Biological_Process_2023,prerank,Sensory Perception Of Pain (GO:0019233),-0.5842779369851795,-1.227370538262407,0.2114695340501792,1.0,1.0,8/20,10.92%,OPRM1;KCNK4;P2RX4;CCL2;PTGES;OPRK1;CHRNB2;P2RX7
CLN8,GO_Biological_Process_2023,prerank,Antifungal Innate Immune Response (GO:0061760),-0.6215025802174068,-1.2266498161747306,0.2,1.0,1.0,5/16,11.14%,DEFB119;DEFB135;CLEC6A;CLEC4C;CLEC4A
CLN8,GO_Biological_Process_2023,prerank,Mitochondrial Translation (GO:0032543),0.431423892709236,1.226005824723671,0.10297482837528604,1.0,1.0,40/98,19.22%,MRPL24;MRPS7;MRPL9;MRPL37;MRPL43;MRPL55;MRPS14;EARS2;MRPL2;MRPS24;MRPS10;MRPS22;HARS1;GATC;MRPL52;MRPL1;MRPL57;MRPS21;MRPL14;MRPL50;MRPL33;MRPS33;GADD45GIP1;MRPS26;MRPS23;MRPL40;MRPL22;MRPL41;TUFM;NDUFA7;MRPS17;MRPL49;MRPL19;GATB;MRPL20;MRPL51;MTRF1;MRPL48;MRPL34;MRPL45
CLN8,GO_Biological_Process_2023,prerank,Membrane Fusion (GO:0061025),-0.5523353211129245,-1.2241610460404806,0.17712177121771217,1.0,1.0,12/28,19.77%,CHP1;RIMS1;OTOF;NSFL1C;VAPA;USO1;VAMP2;NAPA;NSF;DPP4;STX3;HACE1
CLN8,GO_Biological_Process_2023,prerank,Regulation Of Vasoconstriction (GO:0019229),-0.5612402771194492,-1.2226584883665166,0.18953068592057762,1.0,1.0,13/26,27.42%,BMPR2;AGT;ATP2B1;ZDHHC21;ECE1;TRPM4;BDKRB2;ADRA1D;KCNMB4;KCNMB2;F2R;PER2;SMTNL1
CLN8,GO_Biological_Process_2023,prerank,Intermediate Filament Organization (GO:0045109),-0.4654823634550794,-1.2211709367655126,0.12588652482269502,1.0,1.0,3/67,9.46%,KRT80;GFAP;KRT10
CLN8,GO_Biological_Process_2023,prerank,Carboxylic Acid Catabolic Process (GO:0046395),0.5961948485499072,1.2210031322297759,0.20434782608695654,1.0,1.0,10/17,18.87%,PON1;HOGA1;FMO1;ETFA;ETFB;RENBP;NPL;NAGK;GNPDA1;BCKDK
CLN8,GO_Biological_Process_2023,prerank,Positive Regulation Of Mitotic Cell Cycle (GO:0045931),0.5435649344868456,1.2208040077695537,0.19172113289760348,1.0,1.0,13/27,18.90%,FOXA1;NKX3-1;MEIS2;EIF4E;ASNS;CUL3;SMOC2;CCDC57;CCNB1;PPP1R10;LGMN;MDM2;RPS6KB1
CLN8,GO_Biological_Process_2023,prerank,Sulfur Compound Transport (GO:0072348),-0.5731726421417147,-1.2207161142421223,0.18659420289855072,1.0,1.0,7/21,18.46%,SLC26A6;SLC26A8;SLC26A2;SLC26A7;RACGAP1;SLC13A4;SLC25A26
CLN8,GO_Biological_Process_2023,prerank,Regulation Of Natural Killer Cell Activation (GO:0032814),-0.6204774406428759,-1.219278694847402,0.23484848484848486,1.0,1.0,5/16,17.34%,KLRD1;LEP;TICAM1;PIBF1;TICAM2
CLN8,GO_Biological_Process_2023,prerank,Oxoacid Metabolic Process (GO:0043436),-0.5895115404427512,-1.2190856768952472,0.19653179190751446,1.0,1.0,10/22,18.76%,SULT1B1;LIPT1;SULT1A2;SULT1A3;LIPT2;AMH;MTARC1;ENPP1;SULT1C4;TPST1
CLN8,GO_Biological_Process_2023,prerank,mRNA Transcription (GO:0009299),0.4999507303445027,1.2188205584735134,0.15964523281596452,1.0,1.0,20/43,19.94%,CYP27B1;PPARG;TAF9;S100A10;NCOA2;RXRB;RXRA;HLTF;TAF8;NCOA1;DDX5;TAF7;SUPT6H;TAF12;TAF4B;TBP;HIPK3;RARA;TP53;TAF3
CLN8,GO_Biological_Process_2023,prerank,Regulation Of Cytokine Production Involved In Immune Response (GO:0002718),0.5605803456673022,1.2184379948378574,0.20758928571428573,1.0,1.0,6/24,12.16%,SPHK2;LACC1;NOD2;WNT5A;TNFRSF1B;CLC
CLN8,GO_Biological_Process_2023,prerank,miRNA-mediated Gene Silencing (GO:0035195),-0.5451355470934643,-1.2163478281278086,0.18285714285714286,1.0,1.0,12/26,22.11%,ZFP36;AGO4;CNOT1;NCBP2;TNRC6B;CNOT8;WTIP;AJUBA;RBM4;DDX6;CNOT7;CNOT6
CLN8,GO_Biological_Process_2023,prerank,Activation Of Cysteine-Type Endopeptidase Activity (GO:0097202),-0.6178640318145562,-1.2152805792515076,0.21189591078066913,1.0,1.0,9/16,16.88%,IFI16;ASPH;CIDEB;FADD;CASP8;BAK1;NLRC4;CYCS;RIPK2
CLN8,GO_Biological_Process_2023,prerank,3'-UTR-mediated mRNA Destabilization (GO:0061158),-0.6238435306046209,-1.214304782022794,0.19852941176470587,1.0,1.0,7/15,14.85%,ZC3H12D;ZFP36;PLEKHN1;RBM24;UPF1;RC3H1;ZC3H12A
CLN8,GO_Biological_Process_2023,prerank,Steroid Biosynthetic Process (GO:0006694),0.47777412013568765,1.2137842515053814,0.14861995753715498,1.0,1.0,19/50,15.55%,SRD5A2;OSBPL7;DHRS11;CH25H;SCP2;CYP27A1;BAAT;OSBPL3;CYP39A1;AKR1C3;CYP19A1;CYP7B1;SLC27A5;OSBPL2;OSBPL1A;ABCD3;OSBPL6;HSD17B10;PRLR
CLN8,GO_Biological_Process_2023,prerank,Regulation Of Response To Biotic Stimulus (GO:0002831),0.520596954303637,1.2130078150361372,0.17995444191343962,1.0,1.0,13/31,18.29%,CD36;BIRC3;IRF1;ERAP1;FGR;DHX58;HERC5;N4BP1;TRAF3;ELMOD2;TIRAP;RNF135;FOXP1
CLN8,GO_Biological_Process_2023,prerank,Cellular Response To Fibroblast Growth Factor Stimulus (GO:0044344),-0.4856214367243992,-1.2115673435835885,0.15398230088495576,1.0,1.0,22/55,23.41%,FGF21;FGF22;FGF9;FLRT3;FGF16;ZFP36;FGF23;FGFR3;TDGF1;CD44;CEP57;FRS3;CHURC1;KIF16B;FGF18;FGF8;SHOC2;FGF2;PTPN11;NR4A1;FGFR4;FRS2
CLN8,GO_Biological_Process_2023,prerank,Regulation Of Natural Killer Cell Mediated Cytotoxicity (GO:0042269),-0.5209408300003707,-1.2100507256051731,0.18538324420677363,1.0,1.0,6/32,13.55%,HLA-G;RAET1E;KLRD1;LEP;PVR;HLA-F
CLN8,GO_Biological_Process_2023,prerank,Regulation Of Blood Vessel Endothelial Cell Proliferation Involved In Sprouting Angiogenesis (GO:1903587),0.5957966281522581,1.2091901398202676,0.2299349240780911,1.0,1.0,5/16,12.30%,APLNR;FGFBP1;MMRN2;APELA;NGFR
CLN8,GO_Biological_Process_2023,prerank,Regulation Of Lymphocyte Differentiation (GO:0045619),0.5704795780829138,1.2069071588250946,0.19956140350877194,1.0,1.0,7/19,26.70%,METTL3;PRELID1;SPINK5;ZFP36L1;ZFP36L2;PRKDC;PRDM1
CLN8,GO_Biological_Process_2023,prerank,Regulation Of Cellular Localization (GO:0060341),0.45407418515086395,1.2058423995015863,0.15434782608695652,1.0,1.0,27/70,19.96%,OOEP;RFPL3;NKX3-1;ITGB3;PARP1;TRIM68;REEP6;TRIM38;TRIM25;FKBP1A;TPR;USP8;KIAA1614;MAP2;RSL1D1;DZIP1L;TMEM231;REEP5;DNAJB6;HSP90AB1;RABGAP1L;UFL1;STX6;VPS4A;WWC1;HSP90AA1;DVL3
CLN8,GO_Biological_Process_2023,prerank,Nucleosome Assembly (GO:0006334),-0.4739210244026607,-1.2049198520938984,0.15539305301645337,1.0,1.0,27/54,25.79%,H2BC3;CABIN1;NAP1L4;NAP1L3;HAT1;CHRAC1;GRWD1;H4C9;SART3;NAP1L2;HIRA;POLE3;NAP1L1;KAT6B;RSF1;HMGB2;CHAF1A;H2BC9;CHAF1B;BAZ1A;H2AX;H2BC17;ATRX;UBN1;ASF1B;H2BC14;H2BC11
CLN8,GO_Biological_Process_2023,prerank,Dendritic Cell Migration (GO:0036336),0.5845239961752213,1.204127610618263,0.20575221238938052,1.0,1.0,3/18,6.64%,CCR6;CXCR4;HMGB1
CLN8,GO_Biological_Process_2023,prerank,Regulation Of Macrophage Derived Foam Cell Differentiation (GO:0010743),0.5268729682979125,1.2034582388180688,0.18843683083511778,1.0,1.0,11/30,16.05%,PLA2G10;CD36;ITGB3;PLA2G5;CSF1;PF4;PPARG;MSR1;MAPK9;NFKB1;ABCG1
CLN8,GO_Biological_Process_2023,prerank,Immunoglobulin Mediated Immune Response (GO:0016064),0.5162635469892078,1.2030522592311994,0.1956043956043956,1.0,1.0,5/28,8.61%,TLR8;CARD9;CD27;FCER1G;HLA-DRA
CLN8,GO_Biological_Process_2023,prerank,Heart Trabecula Morphogenesis (GO:0061384),0.5727493897049025,1.2029179607102092,0.2079646017699115,1.0,1.0,6/18,14.26%,NOG;BMP5;S1PR1;TGFB2;FKBP1A;TGFBR1
CLN8,GO_Biological_Process_2023,prerank,Negative Regulation Of Tumor Necrosis Factor Production (GO:0032720),-0.4859980750163945,-1.2018298504729048,0.15714285714285714,1.0,1.0,12/47,16.44%,LILRB4;CD33;VSIR;ILRUN;ELF4;CLEC4A;SIRPA;FXR1;SYT11;IRAK3;ZC3H12A;PTPN6
CLN8,GO_Biological_Process_2023,prerank,Embryonic Organ Development (GO:0048568),-0.46108106075968197,-1.2003600904031195,0.14705882352941177,1.0,1.0,25/75,21.28%,HAND1;THPO;RARB;GATA3;RNF112;SH2B3;PCSK5;PBX3;HEY2;PBX1;TGFBR2;STIL;COL27A1;KIT;PKD1;COL2A1;GLI2;TEAD3;TEAD4;FGF8;PKD2;TEAD2;COBL;RARRES2;ERCC3
CLN8,GO_Biological_Process_2023,prerank,Transition Metal Ion Transport (GO:0000041),0.5192677174899504,1.1996511007959774,0.1790744466800805,1.0,1.0,10/32,11.96%,HEPHL1;TTYH1;LTF;ATP7A;TFRC;FTH1;SLC39A13;SLC30A8;COX17;CUTC
CLN8,GO_Biological_Process_2023,prerank,Negative Regulation Of T Cell Receptor Signaling Pathway (GO:0050860),-0.5912061612879868,-1.198671758874552,0.2222222222222222,1.0,1.0,4/18,1.59%,LILRB4;PVRIG;SLA2;LGALS3
CLN8,GO_Biological_Process_2023,prerank,Fc Receptor Mediated Stimulatory Signaling Pathway (GO:0002431),-0.5661894715119944,-1.198360962488197,0.19699812382739212,1.0,1.0,12/22,15.60%,PLPP4;YES1;MYO1G;HCK;PTK2;PLA2G6;SYK;LIMK1;VAV3;PRKCD;LYN;PAK1
CLN8,GO_Biological_Process_2023,prerank,Regulation Of TOR Signaling (GO:0032006),-0.45409773504960954,-1.1948023731740363,0.14211438474870017,1.0,1.0,27/76,19.48%,LARS1;MINAR1;TMEM127;DGKQ;PDCD6;SIRT1;LEP;UBR2;NUAK2;PRKAA2;DYRK3;GPAT3;PIH1D1;EPM2A;ITFG2;RRAGC;MAPKAPK5;TELO2;TSC2;WDR59;LAMTOR4;TSSK3;TBCK;DEPDC5;RRAGA;GAS6;TNFAIP8L1
CLN8,GO_Biological_Process_2023,prerank,Regulation Of T Cell Proliferation (GO:0042129),-0.44846385310660614,-1.1932615412445453,0.14285714285714285,1.0,1.0,16/76,13.52%,LILRB4;CCDC88B;HLA-G;TNFRSF13C;LGALS3;IL23R;FOXP3;JAK2;HLA-DPA1;LEP;IL6ST;CD1D;ARG1;CR1;NCK1;SLC7A1
CLN8,GO_Biological_Process_2023,prerank,Response To Purine-Containing Compound (GO:0014074),-0.553248648172016,-1.191976809458368,0.20522388059701493,1.0,1.0,9/24,14.41%,CITED1;P2RY6;DGKQ;P2RX4;CREB1;P2RX7;KCNJ11;VGF;ENPP1
CLN8,GO_Biological_Process_2023,prerank,Negative Regulation Of Protein Localization To Cell Periphery (GO:1904376),0.559944140802253,1.1919444023997012,0.20773930753564154,1.0,1.0,4/20,7.18%,GBP1;LRRC15;TMBIM1;TMEM59
CLN8,GO_Biological_Process_2023,prerank,G2/M Transition Of Mitotic Cell Cycle (GO:0000086),-0.5056942768383798,-1.1916806650831873,0.20218579234972678,1.0,1.0,22/38,27.09%,PLK3;ENSA;LCMT1;CHEK2;LATS1;CDK2;BRSK1;CCNY;CCNA2;ARPP19;USH1C;TPD52L1;FBXL15;CDC25B;BACH1;DNM2;BRSK2;PPME1;KDM8;CDC25C;UBE2A;PLCB1
CLN8,GO_Biological_Process_2023,prerank,rRNA Transcription (GO:0009303),0.5772543147180635,1.1915386364887561,0.2097457627118644,1.0,1.0,9/17,19.69%,GTF3A;POLR1E;TCOF1;GTF3C3;MARS1;NIFK;POLR1G;ZFP36L1;SIRT7
CLN8,GO_Biological_Process_2023,prerank,Cellular Response To Retinoic Acid (GO:0071300),0.4830090834471815,1.1910506100461347,0.19550561797752808,1.0,1.0,16/40,20.83%,WNT2;AQP1;PTK6;RORB;WNT9B;WNT5B;WNT3;FZD4;BRINP3;WNT5A;SNW1;ZNF35;RARA;PAX2;HTRA2;NDUFA13
CLN8,GO_Biological_Process_2023,prerank,Negative Regulation Of Endopeptidase Activity (GO:0010951),-0.46317142756879587,-1.1894594662978575,0.14948453608247422,1.0,1.0,17/65,19.41%,SERPINA6;ANXA8;SERPINH1;SERPIND1;IFI16;SPINK2;SERPINI1;SERPINE3;CR1;SERPINI2;SERPINF1;NRG1;SPOCK3;SERPINA10;TIMP4;SERPINE2;CST3
CLN8,GO_Biological_Process_2023,prerank,Regulation Of Reactive Oxygen Species Biosynthetic Process (GO:1903426),0.5311588540643671,1.188051754929442,0.21252796420581654,1.0,1.0,7/25,18.19%,CD36;ADGRB1;PARK7;SPHK2;ABCD1;PLCG2;COA8
CLN8,GO_Biological_Process_2023,prerank,Negative Regulation Of G2/M Transition Of Mitotic Cell Cycle (GO:0010972),0.5171074229652634,1.187281077892099,0.21460176991150443,1.0,1.0,13/28,19.20%,GPR132;CHFR;FHL1;NABP1;AURKB;PABIR1;PINX1;NBN;BABAM1;AVEN;UIMC1;NABP2;VPS4A
CLN8,GO_Biological_Process_2023,prerank,Negative Regulation Of Interleukin-6 Production (GO:0032715),-0.5135437122131624,-1.1869797961568342,0.21189591078066913,1.0,1.0,11/34,20.27%,LILRB4;FOXJ1;ELF4;C1QTNF3;SIRPA;SYT11;IRAK3;ZC3H12A;PTPN6;GAS6;NLRP12
CLN8,GO_Biological_Process_2023,prerank,Microglial Cell Activation (GO:0001774),-0.5778124134099711,-1.1863151648214494,0.21908127208480566,1.0,1.0,7/20,21.31%,ITGB2;MAPT;JAK2;APP;AIF1;SNCA;GRN
CLN8,GO_Biological_Process_2023,prerank,Regulation Of mRNA Processing (GO:0050684),-0.5090586043103174,-1.1860085740202488,0.1967799642218247,1.0,1.0,14/35,19.60%,SRSF10;TIA1;PTCD2;SRSF3;LARP7;CWC22;PAPOLA;METTL16;DHX9;SRPK2;SAFB2;MAGOHB;MAGOH;JMJD6
CLN8,GO_Biological_Process_2023,prerank,Aorta Morphogenesis (GO:0035909),-0.5887532871724045,-1.1834133079696474,0.24208566108007448,1.0,1.0,5/17,12.95%,PDGFRB;HEY2;TGFBR2;EFEMP2;LRP1
CLN8,GO_Biological_Process_2023,prerank,Embryonic Axis Specification (GO:0000578),-0.600748860732157,-1.1833087110959486,0.24036697247706423,1.0,1.0,6/16,14.25%,TBX3;TDGF1;SMAD6;STIL;MESP2;SMAD2
CLN8,GO_Biological_Process_2023,prerank,Adenylate Cyclase-Modulating G Protein-Coupled Receptor Signaling Pathway (GO:0007188),-0.4060541990309392,-1.183112473403992,0.09028960817717206,1.0,1.0,31/161,14.24%,LHCGR;MCHR1;PTGIR;FPR1;CORT;GHRH;ADGRF3;HTR1B;ADGRF5;GNAT2;CALCA;MC5R;ADGRL4;GPR157;PTH2R;GNAO1;GNAZ;GHRHR;GNA14;ADRB2;OPRK1;GPR78;ADORA2B;RAMP3;GIP;GIPR;HTR1E;SCTR;GABBR2;VIPR1;GPR3
CLN8,GO_Biological_Process_2023,prerank,Positive Regulation Of Secretion (GO:0051047),0.5967859568934117,1.1829941002373296,0.2474437627811861,1.0,1.0,3/15,7.54%,PRL;AQP1;ALOX12B
CLN8,GO_Biological_Process_2023,prerank,Maturation Of LSU-rRNA (GO:0000470),0.5535259829499831,1.1816291224099227,0.21710526315789475,1.0,1.0,8/20,16.26%,ZNHIT3;MAK16;ZNHIT6;RRP15;WDR12;LAS1L;NIFK;RBM34
CLN8,GO_Biological_Process_2023,prerank,Antibacterial Humoral Response (GO:0019731),0.4764824412156848,1.1813930054709536,0.18468468468468469,1.0,1.0,9/45,15.37%,LTF;WFDC13;WFDC3;FAU;WFDC2;HLA-A;SFTPD;F3;RPL39
CLN8,GO_Biological_Process_2023,prerank,Mitochondrial Gene Expression (GO:0140053),0.41328841472113487,1.1812972631140513,0.11943793911007025,1.0,1.0,44/103,21.59%,MRPL24;MRPS7;MRPL9;MRPL37;MRPL43;MRPL55;MRPS14;MRPL2;MRPS24;MRPS10;MRPS22;FASTK;HARS1;GATC;MRPL52;MRPL1;FASTKD5;MRPL57;MRPS21;MRPL14;MRPL50;MRPL33;MRPS33;GADD45GIP1;MRPS26;MRPS23;MRPL40;MRPL22;MRPL41;NDUFA7;MRPS17;MRPL49;MRPL19;GATB;MRPL20;MRPL51;MRPL48;MRPL34;MRPL45;MTG1;POLRMT;MRPL54;TFB2M;PTCD3
CLN8,GO_Biological_Process_2023,prerank,Bile Acid Biosynthetic Process (GO:0006699),0.5192006941621008,1.1808360643999205,0.22554890219560877,1.0,1.0,13/25,15.46%,OSBPL7;SCP2;CYP27A1;BAAT;OSBPL3;CYP39A1;CYP7B1;SLC27A5;OSBPL2;OSBPL1A;ABCD3;OSBPL6;HSD17B10
CLN8,GO_Biological_Process_2023,prerank,Negative Regulation Of Viral Entry Into Host Cell (GO:0046597),0.567070469791093,1.179614652174754,0.23162583518930957,1.0,1.0,7/18,14.09%,LRRC15;CIITA;CH25H;PITX3;MID2;IFITM2;IFITM1
CLN8,GO_Biological_Process_2023,prerank,Regulation Of Golgi Organization (GO:1903358),-0.5996281979427128,-1.178380798519419,0.24640287769784172,1.0,1.0,8/16,15.14%,RBSN;MYO5A;CAMSAP2;ARMH3;MAP2K2;USP6NL;STX5;PDCD10
CLN8,GO_Biological_Process_2023,prerank,Postreplication Repair (GO:0006301),0.5422216270318814,1.1781392696124522,0.24561403508771928,1.0,1.0,6/22,14.20%,UBE2NL;TNFSF13B;UBE2B;SPRTN;PCLAF;UBE2N
CLN8,GO_Biological_Process_2023,prerank,Positive Regulation Of miRNA Metabolic Process (GO:2000630),0.4704007536683796,1.177847362436261,0.18778280542986425,1.0,1.0,13/49,14.18%,PRL;FOXA1;APLN;SPI1;JUN;PPARG;TGFB2;MRTFB;GNL3;NGFR;MRTFA;SREBF1;NFKB1
CLN8,GO_Biological_Process_2023,prerank,Sarcomere Organization (GO:0045214),0.5200340781040735,1.1770803734042192,0.2163355408388521,1.0,1.0,10/29,15.61%,CAPN3;TCAP;SYNPO2L;MYH3;MYOZ1;FHOD3;TNNT1;TPM1;KRT19;TTN
CLN8,GO_Biological_Process_2023,prerank,Defense Response To Gram-negative Bacterium (GO:0050829),-0.4496158531130874,-1.1770416365211376,0.1619217081850534,1.0,1.0,3/70,1.64%,DEFB119;DEFB135;IL23R
CLN8,GO_Biological_Process_2023,prerank,Exocytosis (GO:0006887),-0.4350988337127872,-1.1767661131032932,0.15641476274165203,1.0,1.0,34/84,21.30%,SYTL5;SYTL3;RIMS1;RAB26;SYNGR1;EXOC8;PRSS12;STX2;RAB27A;MYH9;CADPS2;TRAPPC11;DOC2B;SNAP25;WASH2P;RAB10;EXOC6;DNAJC5;RAB3IP;TMEM167B;RPH3AL;RAB31;RAB11FIP1;VAMP2;CDK16;EXOC5;DOC2A;NSF;EXOC4;STX3;WASHC3;WASHC1;VAMP7;EXOC7
CLN8,GO_Biological_Process_2023,prerank,Telomere Maintenance Via Telomere Lengthening (GO:0010833),0.5218294081321558,1.17610180966045,0.2337962962962963,1.0,1.0,11/26,16.94%,ZSCAN4;RFC1;DKC1;CTC1;TERF1;PTGES3;PINX1;TERF2IP;RAD51;HSP90AB1;NOP10
CLN8,GO_Biological_Process_2023,prerank,Negative Regulation Of Epithelial To Mesenchymal Transition (GO:0010719),0.5138557592333879,1.1752718701032139,0.2314410480349345,1.0,1.0,13/30,20.70%,FOXA1;ZNF750;BMP5;SPRED2;SPRED3;EFNA1;MAD2L2;SFRP2;SDHAF2;SMAD7;SPRY1;USF3;IL17RD
CLN8,GO_Biological_Process_2023,prerank,Regulation Of Adaptive Immune Response (GO:0002819),-0.5811933470523989,-1.1738006289264347,0.23357664233576642,1.0,1.0,9/18,23.81%,ALOX15;SIRT1;IL6ST;TNFSF4;FADD;SAMSN1;SKAP1;TRIM27;PYCARD
CLN8,GO_Biological_Process_2023,prerank,Regulation Of Protein Localization To Cell Periphery (GO:1904375),0.5621512874009412,1.1734941727751322,0.2054794520547945,1.0,1.0,10/20,19.21%,GBP1;MISP;LDLRAP1;CDK5;ZDHHC2;PLK1;MMP14;VAMP8;VPS4A;CLN3
CLN8,GO_Biological_Process_2023,prerank,Organic Hydroxy Compound Biosynthetic Process (GO:1901617),0.48257071142559826,1.1722103708260552,0.19172113289760348,1.0,1.0,19/42,15.46%,SRD5A2;OSBPL7;CH25H;PARK7;SCP2;CYP27A1;BAAT;OSBPL3;CYP39A1;PNPO;AKR1C3;CYP7B1;SLC27A5;OSBPL2;OSBPL1A;ALOX12;ABCD3;OSBPL6;HSD17B10
CLN8,GO_Biological_Process_2023,prerank,Negative Regulation Of Monoatomic Ion Transport (GO:0043271),-0.5762956389581132,-1.169038498398307,0.24175824175824176,1.0,1.0,6/18,13.02%,CD33;HTR1B;WNK4;INPP5K;PACSIN3;NOS1
CLN8,GO_Biological_Process_2023,prerank,Regulation Of Interleukin-8 Production (GO:0032677),0.42702992309366683,1.1678598794473474,0.16972477064220184,1.0,1.0,23/81,17.42%,CLEC7A;C5AR2;TLR8;IL17D;SSC5D;PARK7;HMGB1;NOS2;HSPA1A;TLR2;NOD2;EHHADH;ANXA4;AFAP1L2;RAB1A;HYAL2;CD58;DDIT3;OTUD7B;BCL3;NOD1;TIRAP;RELA
CLN8,GO_Biological_Process_2023,prerank,Regulation Of Protein Transport (GO:0051223),-0.5207622757334803,-1.1672780065873622,0.23369565217391305,1.0,1.0,16/28,23.08%,SCFD1;CHP1;SNX3;HSPA8;RHBDF1;P3H1;WWP2;GAPVD1;NDFIP2;NDEL1;RHBDF2;SIRT6;LCP1;STXBP5L;STXBP5;LLGL2
CLN8,GO_Biological_Process_2023,prerank,Skin Development (GO:0043588),-0.4503551126084205,-1.1657652230657363,0.17983193277310924,1.0,1.0,1/68,0.01%,IVL
CLN8,GO_Biological_Process_2023,prerank,Response To Unfolded Protein (GO:0006986),0.4710237012437616,1.1649033003137965,0.22747747747747749,1.0,1.0,23/44,21.47%,HSPA6;HSPB2;DNAJB2;TMBIM6;HSPA2;DNAJA1;HSPA1A;HSPD1;DNAJB4;DERL1;PACRG;DDIT3;HSPB8;OPTN;HSP90AB1;TM7SF3;HSPB1;HSPA4;BAX;HSP90AA1;PTPN1;HSPE1;STT3B
CLN8,GO_Biological_Process_2023,prerank,Sensory Perception Of Chemical Stimulus (GO:0007606),0.4287367590112595,1.1633021371433916,0.18655097613882862,1.0,1.0,7/82,13.50%,CD36;SYT10;OR4D1;MKKS;OR6A2;SLC24A4;UBR3
CLN8,GO_Biological_Process_2023,prerank,Negative Regulation Of Amyloid-Beta Formation (GO:1902430),0.5747077710975054,1.1629730950926704,0.2608695652173913,1.0,1.0,12/16,18.87%,PRNP;RTN3;GGA3;RTN1;BIN1;IGF1;APEX1;CHRNA7;CLU;RTN2;SORL1;RTN4
CLN8,GO_Biological_Process_2023,prerank,protein-DNA Complex Assembly (GO:0065004),-0.4529093579464914,-1.1608438862718047,0.17777777777777778,1.0,1.0,28/59,25.79%,H2BC3;CABIN1;NAP1L4;DMC1;NAP1L3;HAT1;CHRAC1;GRWD1;H4C9;SART3;NAP1L2;HIRA;POLE3;NAP1L1;KAT6B;RSF1;HMGB2;CHAF1A;H2BC9;CHAF1B;BAZ1A;H2AX;H2BC17;ATRX;UBN1;ASF1B;H2BC14;H2BC11
CLN8,GO_Biological_Process_2023,prerank,Positive Regulation Of Lipid Storage (GO:0010884),0.5532423646956123,1.1605196141813718,0.2751540041067762,1.0,1.0,7/20,14.18%,PLA2G10;VSTM2A;HILPDA;MSR1;C3;IKBKE;NFKB1
CLN8,GO_Biological_Process_2023,prerank,Triglyceride Metabolic Process (GO:0006641),-0.47721727934639513,-1.1582883155641108,0.22598870056497175,1.0,1.0,11/45,13.89%,GPAM;SIRT1;DGAT2;GCK;APOH;APOB;MOGAT3;GPAT3;LIPE;CPS1;GALK2
CLN8,GO_Biological_Process_2023,prerank,Positive Regulation Of Tyrosine Phosphorylation Of STAT Protein (GO:0042531),-0.45838865255459466,-1.1577368448699163,0.17761989342806395,1.0,1.0,17/55,23.00%,IL23R;TNFRSF18;FGFR3;GH2;JAK2;IL6ST;TSLP;PARP14;KIT;FLT3;PIBF1;LYN;VEGFA;IL18;GHR;IL15;HES1
CLN8,GO_Biological_Process_2023,prerank,mRNA Transcription By RNA Polymerase II (GO:0042789),0.4838843849295736,1.1576831501482003,0.2149122807017544,1.0,1.0,16/38,18.06%,CYP27B1;PPARG;TAF9;S100A10;NCOA2;RXRB;RXRA;HLTF;TAF8;NCOA1;TAF7;SUPT6H;TAF12;TAF4B;TBP;RARA
CLN8,GO_Biological_Process_2023,prerank,Negative Regulation Of Type II Interferon Production (GO:0032689),-0.5213517642377796,-1.1555526881926457,0.24199288256227758,1.0,1.0,9/28,18.99%,LILRB4;VSIR;XCL1;FOXP3;TNFSF4;CR1;ZC3H12A;IRGM;GAS6
CLN8,GO_Biological_Process_2023,prerank,Negative Regulation Of Response To Stimulus (GO:0048585),-0.45722599911404255,-1.1549292382877694,0.199288256227758,1.0,1.0,29/52,24.78%,HLA-G;IGFBP3;KLF4;PDCD1;FOXP3;SIRT1;SH2B3;MCTP1;DDAH1;LYN;VHL;TLE5;EPHA4;WFS1;MAPK7;KIF26A;RTEL1;INPP5D;NLRP12;HHIP;UBASH3B;ERBB3;GGT7;SMCR8;VPS13C;PIM3;KLF7;SLIT2;MAP2K5
CLN8,GO_Biological_Process_2023,prerank,Acylglycerol Catabolic Process (GO:0046464),-0.5284238986205161,-1.154228142208168,0.2331511839708561,1.0,1.0,9/24,22.19%,ABHD12B;ABHD6;LIPE;CPS1;ABHD16A;FAAH;LCP1;PNPLA3;DAGLB
CLN8,GO_Biological_Process_2023,prerank,Negative Regulation Of Antigen Receptor-Mediated Signaling Pathway (GO:0050858),-0.5361460217924403,-1.1540345953418913,0.27240773286467485,1.0,1.0,5/24,4.25%,LILRB4;PVRIG;SLA2;LGALS3;LPXN
CLN8,GO_Biological_Process_2023,prerank,Leukocyte Cell-Cell Adhesion (GO:0007159),-0.512987424403686,-1.153549759892658,0.24911660777385158,1.0,1.0,7/30,11.04%,ITGB2;FERMT3;CERCAM;CD177;ITGA4;LRG1;SYK
CLN8,GO_Biological_Process_2023,prerank,Regulation Of Toll-Like Receptor Signaling Pathway (GO:0034121),0.539381456815661,1.152812755275746,0.23819301848049282,1.0,1.0,5/20,8.39%,GFI1;CD36;BIRC3;IRF1;TLR2
CLN8,GO_Biological_Process_2023,prerank,Myotube Differentiation (GO:0014902),-0.5306073764627903,-1.1519676505888734,0.24864864864864866,1.0,1.0,12/25,21.11%,SORT1;SIX4;TMEM182;ADAMTS15;DOCK1;NOS1;CACNA1H;MYEF2;PLD3;MEF2C;KCNH1;DOCK2
CLN8,GO_Biological_Process_2023,prerank,Nucleic Acid Phosphodiester Bond Hydrolysis (GO:0090305),-0.5252647187395423,-1.1517029937015324,0.2577696526508227,1.0,1.0,13/25,21.12%,MEI4;PDE12;DNA2;SETMAR;FEN1;EXD2;ENPP1;ZC3H12A;RAD50;DCP1A;EDC4;DXO;MRE11
CLN8,GO_Biological_Process_2023,prerank,Response To Peptide (GO:1901652),0.4784390038185587,1.1512813007017868,0.2188183807439825,1.0,1.0,14/37,18.88%,ERBIN;IRS1;CALCR;PRNP;MMP3;STAT4;NOD2;EIF2B4;CHRNA7;EIF2B2;STAT2;FYN;STAT5B;MMP2
CLN8,GO_Biological_Process_2023,prerank,Positive Regulation Of Interleukin-6 Production (GO:0032755),0.4189704306630865,1.1510076259655602,0.17906976744186046,1.0,1.0,17/75,13.40%,IL16;CLEC7A;TLR8;CARD9;IFIH1;IL17D;SPHK2;HMGB1;NOS2;TLR2;NOD2;EHHADH;HSPD1;WNT5A;C1QTNF4;HYAL2;SETD4
CLN8,GO_Biological_Process_2023,prerank,Cellular Response To Misfolded Protein (GO:0071218),0.5502657210595867,1.150877463171415,0.255125284738041,1.0,1.0,11/19,25.31%,UFD1;DERL1;TOR1A;CUL3;RNF126;KLHL15;DNAJB14;RNF5;ATXN3;UGGT1;DNAJB12
CLN8,GO_Biological_Process_2023,prerank,Regulation Of Catecholamine Secretion (GO:0050433),0.5107205491968343,1.150672283452985,0.25902335456475584,1.0,1.0,12/27,16.33%,HRH3;SYT15;SYT5;SYT10;SYT9;DRD3;GRK2;CHRNA4;SYT13;SYT17;SYT7;SYT6
CLN8,GO_Biological_Process_2023,prerank,Epithelial Structure Maintenance (GO:0010669),0.5469280382145683,1.149530160758741,0.2577962577962578,1.0,1.0,5/19,13.58%,STRAP;LSR;NOD2;CXADR;VSIG1
CLN8,GO_Biological_Process_2023,prerank,Positive Regulation Of T Cell Migration (GO:2000406),-0.5259641967102986,-1.1489835946423013,0.25,1.0,1.0,7/25,10.52%,CXCL13;XCL1;TMEM102;ABL2;CXCL12;WNK1;APP
CLN8,GO_Biological_Process_2023,prerank,Regulation Of Amyloid-Beta Formation (GO:1902003),0.4899834965011012,1.1488648082556852,0.23841059602649006,1.0,1.0,17/33,18.87%,PRNP;RTN3;ABCA7;EFNA1;GGA3;RTN1;TMED10;BIN1;IGF1;APEX1;CHRNA7;ABCG1;CLU;RELA;RTN2;SORL1;RTN4
CLN8,GO_Biological_Process_2023,prerank,Striated Muscle Cell Differentiation (GO:0051146),-0.545871045867305,-1.1474475424327764,0.2641165755919854,1.0,1.0,11/20,19.74%,BMP2;ASB2;POPDC2;SORT1;NRG1;MYEF2;PLD3;MEF2C;SIK1;SDC1;SIRT6
CLN8,GO_Biological_Process_2023,prerank,Neuropeptide Signaling Pathway (GO:0007218),-0.44894659890562244,-1.1471108020705985,0.2088495575221239,1.0,1.0,14/67,11.98%,PPY;MCHR1;SSTR3;MCHR2;NXPH3;OPRM1;SSTR1;NTSR1;SORT1;CPE;NXPH4;OPRK1;NPSR1;RAPGEF2
CLN8,GO_Biological_Process_2023,prerank,Negative Regulation Of Epithelial Cell Proliferation (GO:0050680),0.4247469181228711,1.146701906108725,0.19686800894854586,1.0,1.0,18/70,14.56%,PRL;CYP27B1;TNMD;NKX3-1;RUNX3;SULF1;GDF5;TGFB2;NF1;ATP5IF1;FGFR2;KRIT1;TINF2;CEACAM1;MEN1;ROBO1;EPPK1;SFRP2
CLN8,GO_Biological_Process_2023,prerank,Positive Regulation Of Leukocyte Migration (GO:0002687),-0.5061284839553135,-1.1461623988068597,0.23309608540925267,1.0,1.0,9/31,20.83%,F7;LGALS3;TNFRSF18;XCL1;AIF1;PTN;VEGFA;FUT4;MDK
CLN8,GO_Biological_Process_2023,prerank,Response To UV (GO:0009411),-0.41830258480594174,-1.1453144459305913,0.16493055555555555,1.0,1.0,1/100,0.01%,IVL
CLN8,GO_Biological_Process_2023,prerank,Stem Cell Development (GO:0048864),-0.6009789698974394,-1.1449781944390884,0.2927272727272727,1.0,1.0,6/15,19.31%,PDCD6;FAM172A;SNAI2;KBTBD8;NRG1;NOLC1
CLN8,GO_Biological_Process_2023,prerank,Regulation Of GTPase Activity (GO:0043087),-0.3812880594881681,-1.1439908487359898,0.13989637305699482,1.0,1.0,81/210,25.46%,RGL4;ARHGAP9;PLXNA2;LARS1;CCL25;RASGEF1C;TGM2;MAP4K4;XCL1;CPEB2;PLXND1;FGD5;NTRK1;OCRL;NTRK2;RGS8;RALGPS2;WNK1;PTK2;ALS2CL;GPSM1;CCL2;RGS16;RASGRF1;RAPGEFL1;ARAP1;NGEF;RAPGEF2;RALGDS;VAV3;ARHGAP27;TMED2;USP6NL;SGSM3;RAP1GAP;SOS1;DOCK6;GMIP;PKP4;PIN1;EPHA5;DOCK9;RAPGEF1;PLXNA3;RGL3;RASGRF2;EPHA4;AGRN;ARHGAP11B;PREX1;NDEL1;TBC1D15;RAB3GAP2;BCAR3;RGS10;EPHA3;PLXNB2;FGD4;RACK1;ASAP3;CCL26;TBC1D10B;FERMT2;TBC1D20;DOCK8;SMCR8;PRKG1;SIPA1L1;RAPGEF6;ARFGEF1;SNX9;RAPGEF5;RGS7;PICALM;EFNA5;ECT2;MRAP;ADAP2;F2R;EVI5L;PLXNB1
CLN8,GO_Biological_Process_2023,prerank,Regulation Of Actin Cytoskeleton Reorganization (GO:2000249),-0.5293362391226353,-1.1438309665793354,0.27304347826086955,1.0,1.0,5/25,6.96%,BAIAP2L2;ARHGDIB;CARMIL2;HCK;ABL2
CLN8,GO_Biological_Process_2023,prerank,Cellular Response To Alkaloid (GO:0071312),-0.577542621637175,-1.1438202206968149,0.2627599243856333,1.0,1.0,5/16,18.75%,HTR1B;TGM2;SLC8A1;CASP3;RYR2
CLN8,GO_Biological_Process_2023,prerank,Regulation Of Myeloid Cell Differentiation (GO:0045637),0.5088014673201824,1.1437927758887934,0.27790432801822323,1.0,1.0,6/26,9.13%,CSF3;MEIS2;SPI1;MEIS1;MAFB;HSPA9
CLN8,GO_Biological_Process_2023,prerank,Dopamine Metabolic Process (GO:0042417),0.5531651559599297,1.1432662911962062,0.2772727272727273,1.0,1.0,5/17,9.72%,MAOB;ATP7A;TGFB2;MAOA;DRD3
CLN8,GO_Biological_Process_2023,prerank,3'-Phosphoadenosine 5'-Phosphosulfate Metabolic Process (GO:0050427),-0.5929641512672119,-1.1416672583686305,0.3111111111111111,1.0,1.0,6/15,18.76%,SULT1B1;SULT1A2;SULT1A3;ENPP1;SULT1C4;TPST1
CLN8,GO_Biological_Process_2023,prerank,Negative Regulation Of Cell Death (GO:0060548),0.43591943995628657,1.1413089757864112,0.20273348519362186,1.0,1.0,25/64,20.84%,WNT16;CCN5;CCN3;PARK7;CSF1;AKT1;CD200R1;TNFRSF1B;ATP13A2;CDK5;CHGA;PACRG;DPP8;MECOM;TM7SF3;FYN;CHMP6;PSMC5;TRAF2;TXNDC12;PAX2;SORL1;VPS4A;HTRA2;BNIP3
CLN8,GO_Biological_Process_2023,prerank,Protein Neddylation (GO:0045116),0.5250225242243913,1.1411459267583772,0.24830699774266365,1.0,1.0,11/22,19.19%,GPS1;COPS6;UBA3;UBE2M;COPS5;NEDD8;COPS8;COPS2;NAE1;RBX1;DCUN1D2
CLN8,GO_Biological_Process_2023,prerank,Epidermis Development (GO:0008544),0.41787347032588057,1.1401858208557054,0.1891891891891892,1.0,1.0,15/83,12.12%,SPRR2B;TGM5;ZNF750;LAMB3;SVEP1;GRHL1;EDAR;HDAC1;SPRR2F;ASIC2;KLK5;FGFR2;UGCG;MANSC4;STS
CLN8,GO_Biological_Process_2023,prerank,Positive Regulation Of Interferon-Beta Production (GO:0032728),0.4745466885414512,1.1380169418513022,0.23766816143497757,1.0,1.0,14/36,19.68%,TLR8;IFIH1;POLR3F;IRF1;TLR2;DDX3X;FLOT1;POLR3D;RIOK3;RNF135;POLR3B;TRIM65;ISG15;HSP90AA1
CLN8,GO_Biological_Process_2023,prerank,Positive Regulation Of Natural Killer Cell Mediated Cytotoxicity (GO:0045954),-0.534407222318191,-1.137540275215549,0.2955390334572491,1.0,1.0,4/21,13.55%,RAET1E;KLRD1;PVR;HLA-F
CLN8,GO_Biological_Process_2023,prerank,Membrane Organization (GO:0061024),-0.39394179715238814,-1.1371976942705877,0.17420435510887772,1.0,1.0,66/164,23.31%,BAIAP2L2;TTPA;LPCAT2;CHP1;PPT1;MTSS2;GRIN3B;SYNJ1;RIMS1;VPS37B;OCRL;LMNA;VPS37C;SYNGR1;OTOF;EXOC8;SPTBN1;SNX3;HSPA8;CHMP3;NSFL1C;LMNB1;TMCC1;VAPA;CNTN2;REEP4;CR1;FCHO2;AP3D1;EXOC6;PDCD6IP;NPC1;ANXA2;BLTP3B;USO1;TOR1B;TMEM33;VPS28;VAMP2;DMPK;REEP3;NAPA;EXOC5;MVB12A;STAM2;CHMP1B;ATP2C1;DPP4;EXOC4;RTP1;CHMP2A;HACE1;CERT1;EXOC7;SPAST;CORO1C;AP2M1;SAR1B;CHRNB1;CHMP5;TLCD1;NAPG;TIMM50;STX18;MYADM;TMEM43
CLN8,GO_Biological_Process_2023,prerank,Leukocyte Tethering Or Rolling (GO:0050901),0.5549234899516297,1.1367756943758431,0.25473684210526315,1.0,1.0,8/17,21.39%,SELP;ITGB7;SPN;MADCAM1;JAM2;ITGB1;GCNT1;ROCK1
CLN8,GO_Biological_Process_2023,prerank,Positive Regulation Of Hydrolase Activity (GO:0051345),-0.3889375862381862,-1.1367606578618443,0.14507772020725387,1.0,1.0,65/172,26.18%,BMP2;CTSS;RGL4;LARS1;CCL25;RASGEF1C;TGM2;MAP4K4;XCL1;MAPK12;NTRK1;MTMR9;RGS8;RALGPS2;CCL2;RGS16;RASGRF1;RAPGEFL1;ARAP1;RAPGEF2;RALGDS;CTSL;WRN;ARHGAP27;USP6NL;SGSM3;RAP1GAP;SOS1;DOCK6;PKP4;PIN1;DOCK9;RAPGEF1;RGL3;RASGRF2;AGRN;ARHGAP11B;PREX1;NDEL1;PINK1;HMGB2;CALM3;BCAR3;RGS10;CALM1;RACK1;ASAP3;CCL26;CALM2;FERMT2;TBC1D20;DOCK8;SMCR8;RAPGEF6;SNX9;RAPGEF5;RGS7;PICALM;ECT2;F2R;EVI5L;PLXNB1;RAP1GDS1;RAPGEF4;CD200
CLN8,GO_Biological_Process_2023,prerank,Negative Regulation Of Chemotaxis (GO:0050922),-0.49926090541770674,-1.135994215772924,0.25328330206378985,1.0,1.0,13/31,17.92%,SEMA3G;SEMA7A;SEMA6D;SEMA4G;SEMA6A;SEMA6C;NOTCH1;CORO1B;NRG1;SEMA4A;SEMA4B;SEMA3A;SEMA4C
CLN8,GO_Biological_Process_2023,prerank,Actin Filament Bundle Assembly (GO:0051017),-0.4935278243546202,-1.1349664316720158,0.25569176882662,1.0,1.0,20/33,26.76%,BAIAP2L2;SHROOM1;ESPN;FAM107A;PLS1;CALD1;CORO1B;FSCN1;FSCN3;AIF1;LCP1;USH1C;MYO1B;BAIAP2L1;EPS8;MICAL1;NEDD9;EZR;PAWR;HSP90B1
CLN8,GO_Biological_Process_2023,prerank,Cellular Response To pH (GO:0071467),-0.5423281240995041,-1.134043407500527,0.2581818181818182,1.0,1.0,9/20,13.54%,KCNK4;CHP1;SCNN1B;SCNN1G;ASIC1;SCNN1A;GPR68;MCOLN1;PKD2L1
CLN8,GO_Biological_Process_2023,prerank,Skin Epidermis Development (GO:0098773),0.5254729242103949,1.1336423886216078,0.27927927927927926,1.0,1.0,12/21,23.92%,ALOXE3;ALOX12B;LSR;UGCG;TP63;MET;ALOX12;FA2H;FGFR1;STMN1;TMEM79;CLDN4
CLN8,GO_Biological_Process_2023,prerank,Fibroblast Growth Factor Receptor Signaling Pathway (GO:0008543),-0.4806185633105749,-1.1333085263951372,0.28342245989304815,1.0,1.0,7/39,5.08%,FGF21;FGF22;FGF9;FLRT3;FGF16;FGF23;FGFR3
CLN8,GO_Biological_Process_2023,prerank,Regulation Of Interleukin-17 Production (GO:0032660),-0.48821996663504424,-1.1330802568799556,0.2529118136439268,1.0,1.0,7/34,9.76%,IL23R;VSIR;FOXP3;ZBTB7B;MYD88;JAK2;TNFSF4
CLN8,GO_Biological_Process_2023,prerank,Microtubule Depolymerization (GO:0007019),-0.5712511903035944,-1.1326337415747685,0.2975517890772128,1.0,1.0,6/17,16.60%,KIF2B;STMN4;STMND1;KIF18A;KIF18B;CKAP5
CLN8,GO_Biological_Process_2023,prerank,Regulation Of Cell Adhesion Mediated By Integrin (GO:0033628),-0.48601301072484715,-1.1321432658051171,0.272572402044293,1.0,1.0,16/33,23.61%,FERMT3;CIB1;PTK2;SNAI2;MUC1;SYK;NRG1;LYN;RET;P2RY12;DPP4;PTPN11;TESC;ADAM9;PLAU;NEXMIF
CLN8,GO_Biological_Process_2023,prerank,Homotypic Cell-Cell Adhesion (GO:0034109),-0.4646347716578947,-1.131447601098841,0.2618595825426945,1.0,1.0,18/46,23.43%,FERMT3;CDHR2;CDHR5;STXBP1;MYH9;MYL12A;METAP1;MYL9;TYRO3;TJP2;ACTN1;P2RY12;CLIC1;DSC2;UBASH3B;TLN1;ILK;CSRP1
CLN8,GO_Biological_Process_2023,prerank,Positive Regulation Of Natural Killer Cell Activation (GO:0032816),-0.5604928761086719,-1.130607234626021,0.3205828779599271,1.0,1.0,10/18,24.97%,IL23R;JAK2;TICAM1;HLA-F;TICAM2;GAS6;HLA-E;IL18;LAMP1;IL23A
CLN8,GO_Biological_Process_2023,prerank,Transcription Initiation-Coupled Chromatin Remodeling (GO:0045815),0.47648833565582943,1.1305120048579635,0.2595573440643863,1.0,1.0,19/34,20.05%,SPI1;SPHK2;BRD7;VPS72;TRMT112;FAM47E;DPY30;KMT2A;PHF1;SMARCB1;KAT2B;NIBAN2;SMARCD1;MEN1;WDR5;USP21;TP53;SIRT7;MACROH2A1
CLN8,GO_Biological_Process_2023,prerank,Negative Regulation Of Cell Adhesion (GO:0007162),-0.437054658207861,-1.1277999132493786,0.21243523316062177,1.0,1.0,32/72,23.61%,PLXNA2;LPXN;PLXND1;PTK2;CD164;RASA1;SEMA6A;SNAI2;EPHB2;PTPRO;MUC1;ARHGDIG;NOTCH1;NRG1;NF2;PODXL;CDH1;TGFBI;PLXNA3;DUSP1;EPHA4;ANGPT1;ADAM10;CORO2B;CBLL1;PLXNB2;MDK;GTPBP4;ERBB3;ADAM22;RND1;NEXMIF
CLN8,GO_Biological_Process_2023,prerank,Regulation Of Acute Inflammatory Response (GO:0002673),-0.5513172592587678,-1.127568958972131,0.2674825174825175,1.0,1.0,5/19,9.60%,C2CD4B;OSMR;DNASE1;PTGES;IL6ST
CLN8,GO_Biological_Process_2023,prerank,Positive Regulation Of JUN Kinase Activity (GO:0043507),0.48439574427664917,1.1273734850749668,0.2665289256198347,1.0,1.0,13/29,20.14%,EDN1;SASH1;MAP3K5;WNT5A;DVL2;MAP4K2;MAP3K4;MAP2K7;TRAF2;MAP3K7;TRAF6;DVL3;PTPN1
CLN8,GO_Biological_Process_2023,prerank,Negative Regulation Of T Cell Proliferation (GO:0042130),-0.47628080724111854,-1.126882852078522,0.25886524822695034,1.0,1.0,6/36,13.02%,LILRB4;HLA-G;FOXP3;PRKAR1A;CR1;RC3H1
CLN8,GO_Biological_Process_2023,prerank,Cytosolic Pattern Recognition Receptor Signaling Pathway (GO:0002753),0.5153683126238747,1.1266009588050512,0.25813953488372093,1.0,1.0,11/23,22.90%,IFIH1;TRIM25;DHX58;ITCH;PHB1;RNF135;MAP3K7;TRAF6;PHB2;IPO5;RIGI
CLN8,GO_Biological_Process_2023,prerank,Cilium Movement (GO:0003341),-0.43658584658857236,-1.1258210430323041,0.21415929203539824,1.0,1.0,20/59,15.03%,DNAAF4;RSPH4A;CCDC103;DNAH1;SPAG17;CFAP206;DNAAF6;CFAP53;PIERCE1;DNAAF1;CFAP100;CABYR;SPAG6;TTLL3;ODAD3;SPA17;CFAP70;DNAH7;RSPH9;CCDC63
CLN8,GO_Biological_Process_2023,prerank,Negative Regulation Of Protein Localization To Plasma Membrane (GO:1903077),0.5317540824743983,1.1248512768322272,0.279317697228145,1.0,1.0,4/20,7.18%,GBP1;LRRC15;TMBIM1;TMEM59
CLN8,GO_Biological_Process_2023,prerank,Regulation Of Protein Modification By Small Protein Conjugation Or Removal (GO:1903320),0.48617358570212066,1.1247546486282962,0.2550335570469799,1.0,1.0,14/29,22.11%,DNAJB2;HSPA1A;ITCH;GPS1;COPS6;EPAS1;TGFBR1;COPS5;COPS8;HSP90AB1;DCUN1D2;HSP90AA1;ZMIZ1;COPS7B
CLN8,GO_Biological_Process_2023,prerank,Negative Chemotaxis (GO:0050919),-0.48695969488228347,-1.1242433178016529,0.2734225621414914,1.0,1.0,14/31,17.92%,LRTM2;SEMA3G;SEMA7A;SEMA6D;SEMA4G;SEMA6A;SEMA6C;LGR6;EPHA7;SEMA4A;SEMA4B;SEMA3A;ITGAV;SEMA4C
CLN8,GO_Biological_Process_2023,prerank,Positive Regulation Of ERK1 And ERK2 Cascade (GO:0070374),-0.3854193270823051,-1.1220891965657978,0.1875,1.0,1.0,63/176,26.01%,FGF21;BMP2;OPRM1;SEMA7A;THPO;ALOX15;CCL25;TNFAIP8L3;HTR2B;P2RY6;XCL1;NPNT;FGFR3;NTRK1;NTRK2;CIB1;CD44;PDGFRB;CCL2;AMH;ARRB1;CRKL;PDE8A;CD74;APP;RAMP3;MAP3K12;FLT4;RAPGEF2;NOTCH1;NRG1;NODAL;GLIPR2;AGER;ANGPT1;MFAP3;PLA2G2A;GAS6;NECAB2;ADRA1D;GPER1;BMPER;DDR1;CCL26;FGF2;PTK2B;FERMT2;PTPN11;PDGFC;FGFR4;NOTCH2;PYCARD;PDGFD;FGF19;PRKCA;SLC30A10;MAP2K1;TNFRSF11A;PDGFB;F2R;HLA-DRB1;ICAM1;SPRY2
CLN8,GO_Biological_Process_2023,prerank,Regulation Of Endocytosis (GO:0030100),-0.42869030526176805,-1.1213102346384227,0.24242424242424243,1.0,1.0,29/66,22.86%,LGALS3;CD177;SMPD1;HCK;ABL2;ABL1;SCAMP5;PACSIN1;MCTP1;SYK;PACSIN3;LRP1;STON1;DAB2;SYT11;TSC2;GPC3;SPHK1;ITGAV;ARFGAP3;CBLL1;LRPAP1;RAB5B;EPHA3;CLIP3;SNCA;LRSAM1;PACSIN2;PRKD1
CLN8,GO_Biological_Process_2023,prerank,Regulation Of Phosphatidylinositol 3-Kinase Signaling (GO:0014066),0.401318551520684,1.1212539751897863,0.21479713603818615,1.0,1.0,16/89,12.99%,CSF3;SELP;WNT16;DDR2;NKX3-1;FSHR;FGR;PIK3IP1;FBXL2;TGFB2;KDR;SEMA4D;PIP5K1B;FN1;CEACAM1;PIP5K1A
CLN8,GO_Biological_Process_2023,prerank,Determination Of Left/Right Symmetry (GO:0007368),-0.46511929805152363,-1.1209069781122147,0.2826086956521739,1.0,1.0,18/44,21.99%,CFC1;DNAAF4;CCDC103;CFAP53;PIERCE1;DNAAF1;FOXJ1;ODAD3;ENKUR;NOTCH1;STIL;DNAH5;CER1;PKD1L1;PKD2;CITED2;NPHP3;DNAAF11
CLN8,GO_Biological_Process_2023,prerank,'De Novo' Post-Translational Protein Folding (GO:0051084),0.4798318717956479,1.120191582977823,0.2618510158013544,1.0,1.0,11/30,17.30%,HSPA6;GAK;HSPA2;HSPA1A;HSPA9;DNAJB4;SDF2L1;PTGES3;CCT2;HSPA14;DNAJB14
CLN8,GO_Biological_Process_2023,prerank,Positive Regulation Of Cation Channel Activity (GO:2001259),-0.46670896291805936,-1.1198250744152989,0.259927797833935,1.0,1.0,17/38,23.54%,CTSS;P2RY6;HTT;STAC3;KCNIP2;JPH2;PPP3CA;EDNRA;LRRC26;CALM3;ATPSCKMT;PKD2;STAC;CALM1;CALM2;AKAP5;PPP3R1
CLN8,GO_Biological_Process_2023,prerank,Epithelial Cell Migration (GO:0010631),-0.4636069983878083,-1.1189781413336175,0.2699822380106572,1.0,1.0,21/45,21.59%,DAAM2;S100A2;LPXN;ZEB2;PLXND1;LRG1;PKN2;ANLN;CEL;ADGRA2;PKN3;KIT;TNFSF12;SMAD4;DPP4;KANK2;FAT2;NANOS1;TESK1;PRKX;STARD13
CLN8,GO_Biological_Process_2023,prerank,Embryonic Heart Tube Development (GO:0035050),-0.5670450154434566,-1.1188290601444706,0.3339517625231911,1.0,1.0,1/17,0.09%,HAND1
CLN8,GO_Biological_Process_2023,prerank,Megakaryocyte Differentiation (GO:0030219),-0.5686220876990064,-1.1188256174737625,0.3255360623781676,1.0,1.0,6/17,14.56%,THPO;GP1BB;SH2B3;ZNF385A;KIT;MAF
CLN8,GO_Biological_Process_2023,prerank,Motile Cilium Assembly (GO:0044458),-0.5643468569059346,-1.1186869185677388,0.302367941712204,1.0,1.0,6/17,7.75%,SPAG17;CFAP221;BBS5;DNAAF1;ENKD1;SPATA6
CLN8,GO_Biological_Process_2023,prerank,Positive Regulation Of Phagocytosis (GO:0050766),0.42247853207647107,1.1183337578541435,0.23222748815165878,1.0,1.0,13/60,13.24%,SIRPG;CLEC7A;COLEC10;PLA2G5;FCER1G;APOA1;IL15RA;TULP1;LYAR;AZU1;TUB;C3;SFTPD
CLN8,GO_Biological_Process_2023,prerank,Regulation Of Fibroblast Growth Factor Receptor Signaling Pathway (GO:0040036),0.5312931240020744,1.118168389065797,0.30962343096234307,1.0,1.0,7/19,13.91%,NOG;LRIT3;SULF1;OTX2;NPTN;SMOC2;SPRY4
CLN8,GO_Biological_Process_2023,prerank,Lymphocyte Migration (GO:0072676),-0.47606217145197316,-1.1176307150151763,0.28822495606326887,1.0,1.0,5/39,8.81%,CCL25;MYO1G;XCL1;GATA3;CCL2
CLN8,GO_Biological_Process_2023,prerank,Regulation Of Heterotypic Cell-Cell Adhesion (GO:0034114),-0.520750974406128,-1.1174831572931014,0.3079710144927536,1.0,1.0,11/24,26.15%,KLF4;WNK1;CD44;FLOT2;AGER;MAPK7;SKAP1;LCK;MYADM;MAP2K5;BMP7
CLN8,GO_Biological_Process_2023,prerank,Phosphate Ion Transport (GO:0006817),0.5366559263209423,1.1167590966199257,0.29357798165137616,1.0,1.0,2/19,0.95%,SLC17A1;SLC17A3
CLN8,GO_Biological_Process_2023,prerank,Positive Regulation Of Neurogenesis (GO:0050769),-0.43104036868925183,-1.116735944508852,0.2648648648648649,1.0,1.0,30/75,20.59%,AMIGO1;CUL7;BCAN;PLXNA2;OPRM1;ZNF335;LRP2;TGM2;PLXND1;NTRK2;FBXW8;SMARCD3;CHODL;SERPINF1;CDKL3;FZD3;CUX2;PLXNA3;TRIM32;NAP1L1;METRN;HAPLN3;SHANK3;NUMB;SOX11;VEGFA;MAP6;NCAN;GPER1;PLXNB2
CLN8,GO_Biological_Process_2023,prerank,Anterior/Posterior Axis Specification (GO:0009948),-0.5424178421793826,-1.116489099960534,0.315018315018315,1.0,1.0,8/19,21.52%,WLS;SIX2;TBX3;TDGF1;MESP2;CDX4;CER1;TASOR
CLN8,GO_Biological_Process_2023,prerank,NADH Dehydrogenase Complex Assembly (GO:0010257),0.4411219559656499,1.116372267760686,0.24406047516198703,1.0,1.0,27/53,23.64%,BCS1L;NDUFA1;NDUFB5;NDUFB10;NDUFC2;NDUFB8;NDUFB2;NDUFA6;TMEM126B;NDUFS4;NDUFB1;NDUFB7;NDUFS1;NDUFAF4;NDUFS7;TAFAZZIN;NDUFAF8;NDUFA3;TMEM186;NDUFC1;NDUFAF1;NDUFA13;NDUFB4;NDUFB9;NDUFB3;NDUFS5;NDUFS2
CLN8,GO_Biological_Process_2023,prerank,Mitochondrial Respiratory Chain Complex I Assembly (GO:0032981),0.4411219559656499,1.116372267760686,0.24406047516198703,1.0,1.0,27/53,23.64%,BCS1L;NDUFA1;NDUFB5;NDUFB10;NDUFC2;NDUFB8;NDUFB2;NDUFA6;TMEM126B;NDUFS4;NDUFB1;NDUFB7;NDUFS1;NDUFAF4;NDUFS7;TAFAZZIN;NDUFAF8;NDUFA3;TMEM186;NDUFC1;NDUFAF1;NDUFA13;NDUFB4;NDUFB9;NDUFB3;NDUFS5;NDUFS2
CLN8,GO_Biological_Process_2023,prerank,Cellular Response To Calcium Ion (GO:0071277),0.4164841070752991,1.1160561351656224,0.22004357298474944,1.0,1.0,32/68,19.64%,DMTN;CAPN3;SYT15;CPNE5;SYT5;SYT10;CPNE7;DPEP1;RASA4;SYT9;ITPKB;WNT5A;AKR1C3;PPIF;IQGAP1;SYT13;SYT17;ITPKC;NLGN1;LGMN;SYT7;SYT6;CPNE2;CPNE1;CLU;GUCA1A;PLCG2;ADCY8;CPNE3;ADGRV1;BRAF;RYR3
CLN8,GO_Biological_Process_2023,prerank,Negative Regulation Of Ras Protein Signal Transduction (GO:0046580),0.47648066809308176,1.1149955095214041,0.2771618625277162,1.0,1.0,15/34,16.91%,RASAL3;FBP1;ITGA3;TGFB2;ARHGAP24;DYNLL1;CUL3;TNFAIP1;SPRY4;MET;ARHGAP35;SYNGAP1;MFN2;CCDC125;MAPKAP1
CLN8,GO_Biological_Process_2023,prerank,Regulation Of Mitotic Cell Cycle (GO:0007346),0.3828105848073768,1.1145443420665384,0.21497584541062803,1.0,1.0,43/124,18.90%,FOXA1;ASAH2;CDK10;NKX3-1;ERCC2;MEIS2;BRD7;SDCBP;ANAPC5;EIF4E;NEK6;ASNS;SCRIB;ANGEL2;MKI67;BRINP3;CDC23;CUL9;ANAPC16;IQGAP1;PIM2;CDC26;FBXO5;RNF40;TP73;SMOC2;CKS1B;DAPK3;CCDC57;CCNB1;TFAP4;ANAPC13;ANAPC1;TMEM8B;LGMN;PLK1;TTLL12;CDK11A;FZR1;NEK2;KIF20B;MDM2;RPS6KB1
CLN8,GO_Biological_Process_2023,prerank,Associative Learning (GO:0008306),-0.5528270901298717,-1.1140901040787807,0.3209647495361781,1.0,1.0,7/18,14.96%,FOXB1;TAFA2;CHRNB2;APP;NETO1;BRSK1;SHANK1
CLN8,GO_Biological_Process_2023,prerank,Negative Regulation Of Tumor Necrosis Factor Superfamily Cytokine Production (GO:1903556),-0.44877655187851195,-1.1140294811313796,0.2581227436823105,1.0,1.0,12/49,16.44%,LILRB4;CD33;VSIR;ILRUN;ELF4;CLEC4A;SIRPA;FXR1;SYT11;IRAK3;ZC3H12A;PTPN6
CLN8,GO_Biological_Process_2023,prerank,Carbohydrate Derivative Transport (GO:1901264),0.5431267458703927,1.1140177106510956,0.2972972972972973,1.0,1.0,9/17,20.49%,PLA2G10;SLC29A1;EHHADH;CPTP;VLDLR;NPC2;CLN3;SLC29A3;SLC29A2
CLN8,GO_Biological_Process_2023,prerank,Actin Filament Bundle Organization (GO:0061572),-0.4843814078470442,-1.1119695604601418,0.27017543859649124,1.0,1.0,20/33,26.72%,BAIAP2L2;SHROOM1;ESPN;FAM107A;PLS1;CALD1;CORO1B;FSCN1;FSCN3;AIF1;RFLNA;LCP1;USH1C;MYO1B;BAIAP2L1;EPS8;MICAL1;NEDD9;EZR;PAWR
CLN8,GO_Biological_Process_2023,prerank,Negative Regulation Of Immune System Process (GO:0002683),-0.45339506642616123,-1.1114397661617594,0.25136612021857924,1.0,1.0,10/44,15.26%,LILRB4;HLA-G;LRRC14;PDCD1;FOXP3;TYRO3;FADD;IRAK3;LYN;HMOX1
CLN8,GO_Biological_Process_2023,prerank,Response To Nutrient Levels (GO:0031667),0.46849986990393844,1.1104724887548765,0.2532467532467532,1.0,1.0,5/35,8.84%,PRL;CD68;PRKAB1;PRKAB2;MEAK7
CLN8,GO_Biological_Process_2023,prerank,Intraciliary Anterograde Transport (GO:0035720),-0.5588958650360605,-1.1102992638753273,0.313953488372093,1.0,1.0,7/15,21.91%,IFT46;IFT20;IFT52;IFT27;IFT22;IFT57;IFT88
CLN8,GO_Biological_Process_2023,prerank,Regulation Of Viral Entry Into Host Cell (GO:0046596),0.44320202859789265,1.1088913850085975,0.26269315673289184,1.0,1.0,15/43,17.95%,LRRC15;RFPL3;CIITA;PITX3;TRIM68;HMGB1;TRIM38;TMPRSS4;TRIM25;MID2;IFITM2;IFITM1;TMPRSS2;TRIM62;FURIN
CLN8,GO_Biological_Process_2023,prerank,Mitotic Sister Chromatid Cohesion (GO:0007064),-0.5353374185086077,-1.1079687553014281,0.31010452961672474,1.0,1.0,12/19,26.31%,HASPIN;SMC1A;ESCO1;NPC1;MAU2;ESCO2;RB1;HDAC8;STAG2;PDS5A;NIPBL;NAA50
CLN8,GO_Biological_Process_2023,prerank,Establishment Of Skin Barrier (GO:0061436),0.5291094638439782,1.1078716480328028,0.2982062780269058,1.0,1.0,12/19,23.92%,ALOXE3;ALOX12B;LSR;UGCG;TP63;MET;ALOX12;FA2H;FGFR1;STMN1;TMEM79;CLDN4
CLN8,GO_Biological_Process_2023,prerank,Cellular Response To Hexose Stimulus (GO:0071331),-0.5075261908479024,-1.1071820203094889,0.3083778966131907,1.0,1.0,14/25,26.46%,SLC26A6;SLC2A5;PRKAA2;XBP1;UNC13B;GAS6;GPER1;RACK1;PRKAA1;SLC39A14;LIN28A;ZBTB20;ERN1;PCK2
CLN8,GO_Biological_Process_2023,prerank,Acute Inflammatory Response (GO:0002526),0.49040209972542664,1.1067784028004475,0.3068432671081678,1.0,1.0,4/26,9.48%,HPR;C2CD4A;NLRP6;EHHADH
CLN8,GO_Biological_Process_2023,prerank,Positive Regulation Of Lymphocyte Proliferation (GO:0050671),-0.42234020465031247,-1.106171489082774,0.25754884547069273,1.0,1.0,22/73,17.49%,CCDC88B;TNFRSF13C;IL23R;ZNF335;JAK2;HLA-DPA1;LEP;CHRNB2;IL6ST;EPHB2;AMH;CD74;CD1D;CD38;BST1;NCK1;VAV3;SLC7A1;MEF2C;NCK2;IRS2;CD46
CLN8,GO_Biological_Process_2023,prerank,Intracellular Protein Transmembrane Transport (GO:0065002),0.43846938781696837,1.1056094862563266,0.28159645232815966,1.0,1.0,16/46,18.51%,TOMM20L;SEC61G;PAM16;TOMM40L;PEX5;HSPD1;TIMM17B;PEX1;DNAJC15;TIMM23B;DNLZ;PEX7;PEX6;RTN2;TRIM37;PEX14
CLN8,GO_Biological_Process_2023,prerank,Heterochromatin Formation (GO:0031507),-0.48413247056925446,-1.105161743073467,0.298932384341637,1.0,1.0,16/30,22.46%,L3MBTL1;SIRT1;SIRT2;LMNA;FAM172A;UHRF1;UBR2;LMNB1;HDAC5;POLE3;PPM1D;TRIP12;CTBP1;NRDE2;EZH1;RB1
CLN8,GO_Biological_Process_2023,prerank,Regulation Of Organelle Organization (GO:0033043),-0.40737976512610335,-1.1050541254986932,0.26262626262626265,1.0,1.0,54/100,27.59%,MGARP;PJVK;ZEB2;ACTR5;NFRKB;RBSN;MAPT;MYO5A;PTK2;STOX1;CAMSAP2;TOM1;ARMH3;INO80;USP6NL;SYT11;STX5;SQSTM1;NF2;MFF;PDCD10;TMEM33;CLEC16A;SCARB2;PINK1;INO80B;PDE2A;TFPT;LMAN1;MARK2;ATG12;EP300;SAR1B;SURF4;INO80C;STX18;INO80E;NEXN;SYDE1;INO80D;MAVS;CAPN2;RAB33B;PRKN;GOLPH3;PLXNB1;TBC1D25;RAP1GDS1;EZR;FIS1;CENPV;RUVBL1;PREB;ARHGEF5
CLN8,GO_Biological_Process_2023,prerank,Ventricular Septum Morphogenesis (GO:0060412),0.4767717365153316,1.1045591198687215,0.29398148148148145,1.0,1.0,11/27,16.18%,APLNR;NOG;SLIT1;BMP4;TGFB2;ZFPM1;ROBO1;TGFBR1;PROX1;HEYL;SOX4
CLN8,GO_Biological_Process_2023,prerank,Positive Regulation Of Cellular Component Biogenesis (GO:0044089),0.3976970474721134,1.1042101879035569,0.2386634844868735,1.0,1.0,37/93,19.55%,CLEC7A;HRK;VIL1;BIK;SMPD3;TCL1A;PARK7;SYNPO2L;SDCBP;MMP3;BRK1;TFRC;BMF;HYAL1;PFN2;FAF1;TPR;WARS1;FLOT1;ATP13A2;PFN1;CHGA;SLX4;CLDN19;FNIP1;USP16;SLF1;CLU;BCL2L11;TIRAP;HGS;ICE1;SIN3A;GNL3L;VPS4A;BAX;SH3GLB1
CLN8,GO_Biological_Process_2023,prerank,Regulation Of T Cell Cytokine Production (GO:0002724),-0.5334158814865253,-1.103977196402422,0.3176043557168784,1.0,1.0,6/18,16.33%,LILRB4;XCL1;FOXP3;TNFSF4;HLA-F;TRPM4
CLN8,GO_Biological_Process_2023,prerank,Regulation Of Calcium Ion Transport (GO:0051924),-0.4425286954669493,-1.1035817827776375,0.2717948717948718,1.0,1.0,19/56,20.23%,CD33;PLPP4;HRC;GRIN3B;P2RX4;ATP2B1;INPP5K;SLC8B1;CAMK2G;PACSIN3;CACNA2D1;NOS1;HOMER3;WFS1;PLN;STIM1;ORAI1;HOMER1;PKD2
CLN8,GO_Biological_Process_2023,prerank,Protein Polymerization (GO:0051258),-0.4236598680849421,-1.1030283022659022,0.2667844522968198,1.0,1.0,25/63,21.04%,TPPP;TPPP3;WAS;CATIP;FHDC1;MAPT;MSRB2;JAK2;TTC17;CHMP3;FAM107A;HDGFL3;SPIRE2;PIN1;INF2;CKAP5;PREX1;TRIM32;WASF3;CHMP2A;SPIRE1;WASHC3;MICALL2;COBL;DIAPH3
CLN8,GO_Biological_Process_2023,prerank,Regulation Of Interleukin-10 Production (GO:0032653),-0.4529725094449266,-1.102735558194042,0.28884826325411334,1.0,1.0,13/45,14.95%,LILRB4;IL23R;TIGIT;VSIR;XCL1;FOXP3;TNFSF4;IRF4;TSLP;SYK;CD47;INAVA;PIBF1
CLN8,GO_Biological_Process_2023,prerank,Epoxygenase P450 Pathway (GO:0019373),0.5315828653714185,1.1025108422345862,0.3249475890985325,1.0,1.0,4/17,13.95%,CYP2A6;CYP2B6;CYP2A13;CYP2C8
CLN8,GO_Biological_Process_2023,prerank,GPI Anchor Biosynthetic Process (GO:0006506),-0.49098103814654565,-1.1024915585752346,0.30569948186528495,1.0,1.0,18/29,27.03%,PGAP1;PIGZ;PGF;PGAP3;PIGA;PIGQ;PIGG;PIGB;PGAP2;DPM1;PIGC;PIGN;PIGO;PIGW;DPM3;SLC30A5;PIGP;PIGH
CLN8,GO_Biological_Process_2023,prerank,Nucleosome Organization (GO:0034728),-0.41633720860472107,-1.10241555718754,0.26142595978062155,1.0,1.0,36/75,26.72%,H2BC3;SMARCE1;CABIN1;NAP1L4;NAP1L3;HAT1;SMARCD3;CHRAC1;ARID2;GRWD1;H4C9;SART3;NAP1L2;HIRA;POLE3;SETD2;NAP1L1;KAT6B;CHD1;RSF1;HMGB2;CHAF1A;H2BC9;CHAF1B;BAZ1A;H2AX;H2BC17;ATRX;MCM3AP;UBN1;ASF1B;LIN54;H2BC14;H2BC11;SET;ARID1A
CLN8,GO_Biological_Process_2023,prerank,Positive Regulation Of Developmental Process (GO:0051094),0.3519695192179672,1.1016312976796554,0.16876574307304787,1.0,1.0,71/232,19.96%,AMTN;PRL;NEURL1;INSM1;VIL1;BMP5;FOXD1;SERPINF2;DPF2;SOX6;RELN;TNXB;SAP30L;HDAC1;BRD7;GDNF;BASP1;RBBP4;OTX2;RALBP1;PPARG;BMP4;TFRC;AGO2;MMRN2;ZNF703;PHF10;FZD4;FMR1;KDR;ELAPOR2;LHX1;SMARCB1;APELA;SHLD2;BMPR1B;SMARCC2;MAD2L2;NIBAN2;WNT5A;NCOA2;SMARCD1;ZBED3;SF3B3;DVL2;FBXO5;NCOA1;ACTL6A;B4GALT5;SAP30;REST;MIEF2;NLGN1;VLDLR;SMARCD2;NCOA3;SOX8;HSP90AB1;PPP1R13L;DAG1;PAX2;SORL1;SMURF2;SIN3A;RTN4;ZDHHC15;MUL1;NRXN1;CLASP2;BICRA;DVL3
CLN8,GO_Biological_Process_2023,prerank,Negative Regulation Of Sequestering Of Calcium Ion (GO:0051283),-0.4635497416252263,-1.1015454701102678,0.2870036101083033,1.0,1.0,14/36,27.09%,HTR2B;GP1BB;XCL1;IBTK;PLCB4;ITPR2;RYR2;PKD2;FGF2;LCK;F2R;PLCD1;ERO1A;PLCB1
CLN8,GO_Biological_Process_2023,prerank,Regulation Of Myoblast Differentiation (GO:0045661),-0.437455043662848,-1.101356226667986,0.28888888888888886,1.0,1.0,18/54,18.93%,SOSTDC1;IGFBP3;TBX3;SMARCE1;FLOT2;SMARCD3;RANBP3L;RBM24;LRRC8A;ARID2;TMEM182;NOTCH1;ACTL6B;MAPK14;XKR8;MEF2C;SMARCA2;DPF3
CLN8,GO_Biological_Process_2023,prerank,Positive Regulation Of Epithelial Cell Apoptotic Process (GO:1904037),-0.5186139004990408,-1.1008287064542503,0.3010752688172043,1.0,1.0,5/22,8.81%,HLA-G;ECSCR;RGCC;ITGA4;CCL2
CLN8,GO_Biological_Process_2023,prerank,Regulation Of Viral Life Cycle (GO:1903900),0.5087176961086363,1.097671267508571,0.3184855233853007,1.0,1.0,6/23,10.28%,RFPL3;TRIM68;CLEC4G;TRIM38;TRIM25;KPNA2
CLN8,GO_Biological_Process_2023,prerank,Positive Regulation Of Monooxygenase Activity (GO:0032770),0.4945742359079434,1.097335738144726,0.30616740088105726,1.0,1.0,5/25,8.55%,CYP27B1;ATP7A;PARK7;GDNF;AKT1
CLN8,GO_Biological_Process_2023,prerank,Negative Regulation Of Mitochondrion Organization (GO:0010823),0.4530529572996809,1.096950829678105,0.28893905191873587,1.0,1.0,20/38,21.33%,ADCK1;PPARG;TFRC;HSPA1A;SLC25A6;GHITM;AKT1;OPA1;TRIAP1;PPIF;PRELID1;IAPP;IGF1;MPV17L;FZD9;CLU;MUL1;OMA1;BNIP3;FXN
CLN8,GO_Biological_Process_2023,prerank,Negative Regulation Of DNA Replication (GO:0008156),0.5428323702611375,1.0966448775366273,0.3252747252747253,1.0,1.0,4/15,10.89%,GMNC;CDT1;TSPYL2;TERF1
CLN8,GO_Biological_Process_2023,prerank,Regulation Of Endoplasmic Reticulum Stress-Induced Intrinsic Apoptotic Signaling Pathway (GO:1902235),0.4981158238760835,1.0962761580110187,0.3161290322580645,1.0,1.0,12/24,20.14%,RNF183;TMBIM6;PARK7;HSPA1A;LRRK2;OPA1;DDIT3;EIF2AK3;BCL2L11;TXNDC12;SELENOS;PTPN1
CLN8,GO_Biological_Process_2023,prerank,Negative Regulation Of Extrinsic Apoptotic Signaling Pathway Via Death Domain Receptors (GO:1902042),0.5010600090546916,1.0958523630580754,0.3068181818181818,1.0,1.0,5/23,11.11%,BMP5;TMBIM1;PARK7;FAIM;DDX3X
CLN8,GO_Biological_Process_2023,prerank,Cellular Response To Metal Ion (GO:0071248),0.3753733628940828,1.0950734384600582,0.20616113744075829,1.0,1.0,52/132,21.35%,DMTN;AQP1;CAPN3;AOC1;SYT15;CPNE5;FBP1;JUN;SYT5;SYT10;PRNP;CPNE7;DPEP1;LRRK2;AKT1;RASA4;SYT9;ITPKB;MT1G;WNT5A;ATP13A2;AKR1C3;PPIF;MAPK9;IQGAP1;MT1H;SYT13;SYT17;ITPKC;F3;NLGN1;LGMN;SYT7;SYT6;CPNE2;CPNE1;CLU;DLG2;GUCA1A;PLCG2;MAPK3;ADCY8;CPNE3;ADGRV1;MT1X;BRAF;RYR3;TFR2;BNIP3;MAPK1;DLG4;MT2A
CLN8,GO_Biological_Process_2023,prerank,Endodermal Cell Differentiation (GO:0035987),-0.4810716013915339,-1.0948129871376437,0.3151183970856102,1.0,1.0,12/31,17.78%,COL7A1;ITGB2;LAMA3;ITGA4;COL8A1;COL12A1;MIXL1;NODAL;COL11A1;LEO1;SETD2;ITGAV
CLN8,GO_Biological_Process_2023,prerank,Negative Regulation Of DNA Binding (GO:0043392),-0.4823719082899747,-1.0944640569431938,0.3103448275862069,1.0,1.0,15/29,24.69%,SUMO4;IFI16;MDFI;JAK2;HEY2;ILRUN;LEF1;NFKBIA;ZNF675;RSF1;TNKS;SOX11;SUMO1;SMO;E2F1
CLN8,GO_Biological_Process_2023,prerank,Negative Regulation Of Cell-Cell Adhesion (GO:0022408),-0.4650336942327454,-1.094195014916892,0.2933579335793358,1.0,1.0,19/40,24.78%,BMP2;RGCC;KLF4;FXYD5;WNK1;PTK2;NOTCH1;NF2;PODXL;CDH1;BMP6;MAPK7;AKNA;VEGFA;GTPBP4;MYADM;NEXMIF;EPCAM;MAP2K5
CLN8,GO_Biological_Process_2023,prerank,Sodium Ion Homeostasis (GO:0055078),-0.5030817341154457,-1.0941469403801594,0.302491103202847,1.0,1.0,10/25,17.50%,SLC12A3;SCNN1B;SCNN1G;ATP1B3;ATP1A4;SCNN1A;FXYD2;SLC8A1;ATP1A2;ATP4A
CLN8,GO_Biological_Process_2023,prerank,Cardiac Ventricle Development (GO:0003231),-0.519089435540894,-1.093309556462462,0.31296296296296294,1.0,1.0,10/19,23.00%,GJA5;GATA3;HEY2;HECTD1;NOTCH1;SCN5A;PDE2A;ENG;TMEM65;HES1
CLN8,GO_Biological_Process_2023,prerank,"Negative Regulation Of Gene Expression, Epigenetic (GO:0045814)",-0.4448910889237464,-1.0927149797054199,0.3116883116883117,1.0,1.0,26/50,22.69%,L3MBTL1;DNMT1;SIRT1;SIRT2;LMNA;UHRF1;SUV39H2;UBR2;LMNB1;INSL6;SDR16C5;CREBZF;HDAC5;POLE3;SMYD5;PPM1D;ZNF445;SIRT6;CTBP1;EZH1;TRIM27;TASOR;USP7;MORC2;RB1;HELLS
CLN8,GO_Biological_Process_2023,prerank,Positive Regulation Of Phosphatidylinositol 3-Kinase Signaling (GO:0014068),0.40477714025413813,1.0926538568186366,0.26535626535626533,1.0,1.0,7/69,4.55%,CSF3;SELP;WNT16;DDR2;NKX3-1;FSHR;FGR
CLN8,GO_Biological_Process_2023,prerank,Positive Regulation Of Fibroblast Proliferation (GO:0048146),0.46045680719790966,1.0925311637238897,0.30666666666666664,1.0,1.0,9/28,16.99%,WNT2;DDR2;AQP1;WNT5A;FN1;NDUFS4;IGF1;PDGFA;BMI1
CLN8,GO_Biological_Process_2023,prerank,Long-Chain Fatty Acid Transport (GO:0015909),0.5012708689090263,1.092435797530265,0.2894168466522678,1.0,1.0,9/23,18.90%,CD36;ACSL1;PPARG;SLC27A1;ABCD3;SLC27A6;SLC27A4;FABP5;RPS6KB1
CLN8,GO_Biological_Process_2023,prerank,Regulation Of Cell-Cell Adhesion Mediated By Cadherin (GO:2000047),0.5266686278739529,1.0923235360012873,0.3473451327433628,1.0,1.0,6/17,11.84%,FOXA1;SERPINF2;PTPRU;NOTCH4;MAD2L2;FLOT1
CLN8,GO_Biological_Process_2023,prerank,Negative Regulation Of TOR Signaling (GO:0032007),-0.4364997028297287,-1.0918416144093994,0.3115942028985507,1.0,1.0,26/54,26.29%,MINAR1;TMEM127;PDCD6;SIRT1;ATM;UBR2;NUAK2;PRKAA2;EPM2A;ITFG2;NPC1;CASTOR1;BMT2;MAPKAPK5;TSC2;WDR59;TSSK3;DEPDC5;TNFAIP8L1;SESN3;GSK3A;CASTOR2;PRKAA1;KPTN;SEC13;DDIT4
CLN8,GO_Biological_Process_2023,prerank,T Cell Migration (GO:0072678),0.5404901080204803,1.091708782555501,0.33047210300429186,1.0,1.0,2/16,3.59%,CCR6;S1PR1
CLN8,GO_Biological_Process_2023,prerank,Response To ATP (GO:0033198),-0.5218986469823189,-1.0916307774631449,0.31992687385740404,1.0,1.0,7/20,18.01%,DGKQ;P2RX4;P2RX7;KCNJ11;ENPP1;P2RY12;SSH1
CLN8,GO_Biological_Process_2023,prerank,Endoderm Formation (GO:0001706),-0.47596867259766173,-1.0911346517253355,0.3054003724394786,1.0,1.0,12/35,17.78%,COL7A1;ITGB2;LAMA3;SOX7;ITGA4;COL8A1;COL12A1;MIXL1;NODAL;DUSP1;SETD2;ITGAV
CLN8,GO_Biological_Process_2023,prerank,Mesenchymal Cell Migration (GO:0090497),-0.47399279301513114,-1.0910306479554785,0.3132075471698113,1.0,1.0,13/32,17.92%,RADIL;SEMA3G;SEMA7A;HTR2B;SEMA6D;SEMA4G;SEMA6A;SEMA6C;NRTN;SEMA4A;SEMA4B;SEMA3A;SEMA4C
CLN8,GO_Biological_Process_2023,prerank,Positive Regulation Of Stress-Activated Protein Kinase Signaling Cascade (GO:0070304),0.5226453854269584,1.090995809631984,0.346072186836518,1.0,1.0,7/18,13.01%,CARD9;MID1;TGFB2;TAOK1;NOD2;EIF2AK2;STK25
CLN8,GO_Biological_Process_2023,prerank,Negative Regulation Of Protein Localization (GO:1903828),-0.4560793212191445,-1.0907154845661142,0.3090909090909091,1.0,1.0,10/40,14.55%,LILRB4;COMMD1;ANKRD13A;CTNNA1;NSFL1C;YWHAZ;ILRUN;NEDD4L;LATS1;RNF4
CLN8,GO_Biological_Process_2023,prerank,Positive Regulation Of Cell Adhesion (GO:0045785),-0.40007384714122474,-1.090528250781489,0.2895204262877442,1.0,1.0,31/87,21.11%,VIT;ALOX15;CHRD;TNFRSF18;TGM2;NPNT;TMEM102;ZFHX3;LAMC1;CIB1;CXCL12;LAMA1;JAK2;TNPO1;ATM;P4HB;DUSP26;SYK;MAGI1;CD47;PPP3CA;NODAL;RET;EPHA4;P2RY12;ITGAV;RELL2;STX3;VEGFA;MDK;CITED2
CLN8,GO_Biological_Process_2023,prerank,Regulation Of Protein-Containing Complex Disassembly (GO:0043244),-0.5248047302342599,-1.0882936596023505,0.3579136690647482,1.0,1.0,7/19,21.61%,SHFL;INSR;UPF1;IRAK3;CLEC16A;GSPT1;OGFOD1
CLN8,GO_Biological_Process_2023,prerank,Positive Regulation Of Cholesterol Transport (GO:0032376),0.4710110616715083,1.0882012319181353,0.30357142857142855,1.0,1.0,10/31,18.20%,ABCA13;PON1;PPARG;SCP2;APOA1;ABCA7;RXRA;LPCAT3;GPS2;CAV1
CLN8,GO_Biological_Process_2023,prerank,Negative Regulation Of Axon Extension Involved In Axon Guidance (GO:0048843),-0.5178890086185202,-1.087777657409269,0.3253493013972056,1.0,1.0,9/19,17.92%,SEMA3G;SEMA7A;SEMA6D;SEMA4G;SEMA6A;SEMA6C;SEMA4A;SEMA4B;SEMA4C
CLN8,GO_Biological_Process_2023,prerank,Dendritic Spine Morphogenesis (GO:0060997),-0.5678483409758115,-1.0868260250055175,0.35431654676258995,1.0,1.0,7/15,18.16%,NOL3;PAK3;EPHB2;ZNF365;SHANK1;PTEN;SHANK3
CLN8,GO_Biological_Process_2023,prerank,Positive Regulation Of DNA-binding Transcription Factor Activity (GO:0051091),0.34863297928621884,1.0859283189488502,0.21271393643031786,1.0,1.0,73/244,18.52%,CSF3;FOXA1;WNT2;CLEC7A;CARD9;DDR2;CD36;RFPL3;CAPN3;LTF;BEX1;RELN;PARK7;PSMA6;EDN1;TRIM68;PPARG;TRIM38;TFRC;HSPA1A;TRIM8;IL18R1;CRTC3;TRIM25;ZIC2;TLR2;AKT1;IKBKB;NOD2;FZD2;FZD4;ADAM8;SMARCB1;TCF3;WNT5A;FLOT1;EIF2AK2;ESR1;RTKN2;STK3;OPRD1;DVL2;RPS6KA5;IKBKE;MID2;IRAK1;TERF2IP;UBE2N;RIPK4;ANKRD42;PRDX3;DDIT3;ERC1;TAF12;COPS5;HIPK2;NOD1;CLU;NTS;CD40;MYOCD;TIRAP;RELA;PLCG2;TRIM62;ADCY8;FER;TRAF2;ARHGEF2;CAV1;PPIA;TRIM37;AIM2
CLN8,GO_Biological_Process_2023,prerank,Response To Lipid (GO:0033993),0.37972408954000225,1.0853111480083406,0.2644230769230769,1.0,1.0,31/109,18.29%,FOXA1;SELP;CYP27B1;CD36;NKX3-1;ERBIN;SPP1;PPARG;WNT9B;NOS2;ALDH1A2;EHHADH;RXRB;TMEM161A;ESR1;CTSH;RARG;RXRA;IRAK1;PRDX3;ABCG1;CDKN2D;TIRAP;HNRNPA0;PLCG2;ADAM17;FER;STAT5B;MAPKAPK2;RARA;FOXP1
CLN8,GO_Biological_Process_2023,prerank,Gene Expression (GO:0010467),0.3431518116466783,1.0849674360171577,0.19451371571072318,1.0,1.0,119/294,21.50%,ZAR1;ASMT;THOC7;ZNF830;MRPL24;MRPS7;HARS2;MRPL9;MRPL37;RPS4X;FAU;AGO2;RPL10;MPHOSPH10;TPR;HSPD1;MRPL43;RPL31;MRPL55;DKC1;RPS2;RPL21;FMR1;MRPS14;WARS1;RPL36AL;RPS4Y1;EEF1A2;RPS24;RPL26;RBMS1;RPS7;HARS1;MRPL52;RPL5;RBM6;EXOSC10;HNRNPF;THOC5;RPS6;THOC6;LMF2;MRPS21;RPL27;ADARB1;DDX39A;MRPL14;RPL35A;RPS16;H3C1;RPL17;MRPS33;SARS1;RPS3A;ALKBH5;RPS25;RPL39;EIF4A3;COPS5;RPL3;ATXN1;RPL32;ABCC6;RPS23;RPL13A;EEF1A1;CASP7;RPS27A;GALNT2;HNRNPA2B1;RPS15;RPL9;MRPL41;RPL38;BICD1;MRPS17;RPL36;HNRNPD;TSPAN15;FURIN;RBM3;NXT1;RPL15;SRBD1;SORL1;RPL13;FARSB;RPS26;ADARB2;FYTTD1;DUSP11;HBS1L;MRPL51;RPL8;MRPL34;RPL28;THOC3;RPL19;RPL7A;RPS10;NUP160;RPL27A;RPS5;RPS28;DDX39B;IGF2BP3;CHTOP;RPS19;RPL18;RPS14;HNRNPL;EXOSC4;EXOSC9;PABPN1;RPS8;ALYREF;HNRNPK;AGFG1;EXOSC8
CLN8,GO_Biological_Process_2023,prerank,Phospholipid Transport (GO:0015914),0.4102420177787271,1.0849123611937594,0.26046511627906976,1.0,1.0,19/59,13.58%,APOC2;PLA2G10;ABCA12;ABCA4;MTTP;ATP8B2;ATP8B3;SCP2;APOA1;ATP11B;ATP10B;TMEM30B;TRIAP1;CPTP;ABCA7;ATP11A;PRELID1;OSBPL5;OSBPL2
CLN8,GO_Biological_Process_2023,prerank,Regulation Of Centrosome Cycle (GO:0046605),-0.49994560594651827,-1.084747176392669,0.32967032967032966,1.0,1.0,12/23,28.82%,SIRT1;CHMP3;PDCD6IP;CCNL2;CHMP1B;CHMP2A;CHMP5;CHMP4A;XRCC3;CHMP2B;MCM2;AURKA
CLN8,GO_Biological_Process_2023,prerank,Cellular Response To Xenobiotic Stimulus (GO:0071466),0.49453580848206924,1.0847434314105455,0.3297644539614561,1.0,1.0,11/25,18.62%,NKX3-1;FBP1;DPEP1;KCNE2;TFRC;KCNQ1;REST;KCNH2;TP53;AIM2;VAV2
CLN8,GO_Biological_Process_2023,prerank,Response To Organophosphorus (GO:0046683),-0.5261607647787373,-1.0843726175970898,0.35271317829457366,1.0,1.0,7/18,14.41%,CITED1;DGKQ;P2RX4;P2RX7;KCNJ11;VGF;ENPP1
CLN8,GO_Biological_Process_2023,prerank,Regulation Of Transmembrane Transport (GO:0034762),-0.4598531678056921,-1.0828334651293139,0.3100358422939068,1.0,1.0,9/32,13.48%,KCNJ14;KCNJ13;TRIB3;KCNJ9;PRKCB;CLTRN;KCNJ11;NEDD4L;WWP2
CLN8,GO_Biological_Process_2023,prerank,Amino Acid Transport (GO:0006865),0.43008276782363036,1.0826794789216418,0.3054298642533937,1.0,1.0,8/46,12.47%,SLC7A4;SLC7A10;SLC6A12;SLC38A8;SLC36A4;SLC36A2;SLC43A2;SLC3A1
CLN8,GO_Biological_Process_2023,prerank,Regulation Of Lipid Storage (GO:0010883),0.5054362001093521,1.0825714828484634,0.350104821802935,1.0,1.0,9/21,14.18%,PLA2G10;ITGB3;PPARG;VSTM2A;HILPDA;C3;PTPN2;IKBKE;NFKB1
CLN8,GO_Biological_Process_2023,prerank,Golgi To Plasma Membrane Transport (GO:0006893),-0.4350164994092294,-1.0824124539731559,0.3293718166383701,1.0,1.0,26/47,25.43%,COMMD1;RAB26;PHAF1;ARL3;EXOC8;BBS1;SPTBN1;RAB10;KIF13A;EXOC6;RAB31;VAMP2;EXOC5;GOLPH3L;BBS2;NSF;EXOC4;GGA1;GOLGA4;EXOC7;BLZF1;MACF1;SEC16A;PREPL;VPS35L;GOLPH3
CLN8,GO_Biological_Process_2023,prerank,Positive Regulation Of Calcium Ion Transport (GO:0051928),-0.4841758987188066,-1.0821868552172902,0.35929203539823007,1.0,1.0,7/28,8.81%,LGALS3;STRIT1;P2RX4;CXCL12;PDGFRB;ATP2B1;CCL2
CLN8,GO_Biological_Process_2023,prerank,Regulation Of G2/M Transition Of Mitotic Cell Cycle (GO:0010389),0.4517107336407705,1.0816858442477086,0.3022222222222222,1.0,1.0,12/35,15.12%,GPR132;CDK3;TNFSF13B;FHL1;CENPF;RRM1;PINX1;FBXO5;AVEN;CCND1;CCNB1;CDC7
CLN8,GO_Biological_Process_2023,prerank,Dicarboxylic Acid Transport (GO:0006835),-0.5000241709636808,-1.0815599931503734,0.3406193078324226,1.0,1.0,10/24,23.32%,SLC26A6;SLC26A8;SLC17A6;SLC26A7;SLC19A1;SLC13A5;SLC46A1;PDPN;GJA1;SLC13A3
CLN8,GO_Biological_Process_2023,prerank,Regulation Of Cholesterol Transport (GO:0032374),0.4905414735940174,1.081009900221865,0.33760683760683763,1.0,1.0,10/22,21.91%,APOC2;APOA1;NFKB1;TSPO;OSBPL6;YJEFN3;TTC39B;ARV1;ABCB4;LAMTOR1
CLN8,GO_Biological_Process_2023,prerank,Embryonic Heart Tube Morphogenesis (GO:0003143),-0.45298288188764824,-1.0803086870601553,0.32451499118165783,1.0,1.0,18/42,23.40%,HAND1;CCDC103;BBS5;DNAAF1;TGFBR2;NOTCH1;TBX6;STIL;SRF;MEF2C;RYR2;PKD2;ENG;DVL1;NPHP3;AHI1;HES1;SMO
CLN8,GO_Biological_Process_2023,prerank,Fc-epsilon Receptor Signaling Pathway (GO:0038095),0.5075674225070341,1.079521801506109,0.33407572383073497,1.0,1.0,12/22,19.64%,NR4A3;FCER1G;MAP3K1;IKBKB;MAPK9;MAPK10;MAP2K7;PLCG2;FER;VAV2;MAP3K7;TRAF6
CLN8,GO_Biological_Process_2023,prerank,Phosphatidylglycerol Metabolic Process (GO:0046471),0.5118078931862071,1.0794447298649232,0.3443708609271523,1.0,1.0,9/20,20.36%,PLA2G10;CRLS1;PLA2G15;PNPLA8;PGS1;SLC27A1;MBOAT2;TAFAZZIN;PLA2G4D
CLN8,GO_Biological_Process_2023,prerank,Cellular Response To dsRNA (GO:0071359),0.515683985329531,1.0787779932544415,0.33111111111111113,1.0,1.0,6/17,14.34%,IFIH1;IFIT1;PQBP1;ZCCHC3;FLOT1;RIOK3
CLN8,GO_Biological_Process_2023,prerank,Cellular Response To Growth Factor Stimulus (GO:0071363),-0.37328440061929585,-1.0781476392067946,0.2926829268292683,1.0,1.0,45/155,17.87%,BMP2;SMAD9;LRP2;KLF4;DUSP22;BMPR2;MTSS2;ZFP36;XCL1;NR3C1;NTRK1;PDPK1;CIB1;TDGF1;CD44;PDE3A;MAPT;SEMA6A;INPP5K;CCL2;SNAI2;TMEM100;WNT4;CRKL;PDE8A;TGFBR2;RAB35;FLT4;RAPGEF2;NOTCH1;CORO1B;OVOL2;SMAD3;NOS1;FLT1;MAPK14;KNSTRN;RAPGEF1;MEF2C;BMP6;MAPK7;PTPN12;SPHK1;SMAD4;PDE2A
CLN8,GO_Biological_Process_2023,prerank,Positive Regulation Of Triglyceride Metabolic Process (GO:0090208),0.5302592577209886,1.077864212402931,0.328159645232816,1.0,1.0,4/18,14.40%,APOC2;CTDNEP1;SREBF1;SLC27A1
CLN8,GO_Biological_Process_2023,prerank,Heterochromatin Organization (GO:0070828),-0.4493683855531083,-1.0768626151491705,0.3125,1.0,1.0,22/38,25.75%,PRDM16;L3MBTL1;SIRT1;SIRT2;LMNA;UHRF1;UBR2;LMNB1;SETD7;HDAC5;POLE3;PPM1D;MTHFR;TRIP12;CTBP1;EZH1;SETDB1;RB1;HP1BP3;HDAC2;PCID2;CBX3
CLN8,GO_Biological_Process_2023,prerank,Detection Of Chemical Stimulus Involved In Sensory Perception Of Smell (GO:0050911),-0.38505736757603004,-1.0768139460840926,0.27591973244147155,1.0,1.0,6/112,8.01%,OR1R1P;OR5V1;OR2A42;OR6B1;OR2A5;OR2B6
CLN8,GO_Biological_Process_2023,prerank,Nuclear Membrane Reassembly (GO:0031468),-0.5002160263976485,-1.07585539718119,0.34450651769087526,1.0,1.0,13/23,26.55%,SIRT2;CHMP3;NSFL1C;REEP4;RCC1;REEP3;CHMP1B;CHMP2A;SPAST;CHMP5;CHMP4A;UBXN2B;CHMP2B
CLN8,GO_Biological_Process_2023,prerank,Regulation Of Chromosome Organization (GO:0033044),-0.450740143835687,-1.0756692748679146,0.3264150943396226,1.0,1.0,19/43,23.53%,RMI2;ACTR5;NFRKB;SHCBP1L;MAPT;NSMCE1;SETMAR;UPF1;INO80;SMC5;XRCC5;INO80B;TFPT;YLPM1;RB1;INO80C;INO80E;HDAC8;INO80D
CLN8,GO_Biological_Process_2023,prerank,Heart Looping (GO:0001947),-0.4580199761560508,-1.07454084974784,0.3467600700525394,1.0,1.0,14/38,21.79%,HAND1;CCDC103;BBS5;DNAAF1;TGFBR2;NOTCH1;TBX6;STIL;SRF;MEF2C;PKD2;ENG;DVL1;NPHP3
CLN8,GO_Biological_Process_2023,prerank,Negative Regulation Of Endothelial Cell Proliferation (GO:0001937),0.4552870126188311,1.074202446442474,0.34065934065934067,1.0,1.0,10/37,13.42%,PRL;TNMD;SULF1;PPARG;MMRN2;NF1;ATP5IF1;KRIT1;NGFR;MEN1
CLN8,GO_Biological_Process_2023,prerank,Regulation Of Neurogenesis (GO:0050767),-0.4135833173619199,-1.0740154182585238,0.3157894736842105,1.0,1.0,19/67,20.14%,OPRM1;ZNF335;LRP2;TGM2;HES7;WNT3A;HEY2;LEF1;NOTCH1;SERPINF1;FXR1;NF2;YAP1;TRIM32;NAP1L1;NUMB;HMGB2;SOX11;GPER1
CLN8,GO_Biological_Process_2023,prerank,Microtubule Bundle Formation (GO:0001578),-0.4291466415487439,-1.0737120491679568,0.3225806451612903,1.0,1.0,22/51,21.96%,RSPH4A;TPPP;CFAP206;CHP1;TPPP3;RP1;PIERCE1;DNAAF1;TTLL3;CFAP74;FOXJ1;GAS2L1;TRIM46;RSPH9;NAV1;CCSER2;GAS8;NUMA1;CLASP1;CDK5RAP2;SPAST;NCKAP5
CLN8,GO_Biological_Process_2023,prerank,Canonical Wnt Signaling Pathway (GO:0060070),0.40250349276700637,1.073608759340864,0.30337078651685395,1.0,1.0,20/64,18.20%,WNT2;WNT16;WNT9B;LRRK2;PPP1CA;WNT5B;FZD2;WNT3;FZD4;TCF7;SFRP5;SFRP4;WNT5A;RARG;DVL2;SFRP2;FZD9;FZD5;FZD6;CAV1
CLN8,GO_Biological_Process_2023,prerank,Response To Light Stimulus (GO:0009416),0.4138970720276182,1.0735115744919743,0.29515418502202645,1.0,1.0,17/58,16.89%,TNFSF13B;RRH;TRPM1;UBE2B;SLC24A4;SPRTN;USF1;PCLAF;OPN1SW;MAPK10;MEN1;UVSSA;GTF2H2;CRY2;MAP2K7;CDKN2D;DDB2
CLN8,GO_Biological_Process_2023,prerank,Regulation Of Rho Protein Signal Transduction (GO:0035023),0.4097210786170263,1.0734593511860953,0.3006993006993007,1.0,1.0,25/73,16.49%,GPR35;RTN4R;SYNPO2L;EPS8L2;RALBP1;ITGA3;NELL1;APOA1;RAC1;MCF2L;BCR;LPAR4;GPR18;DYNLL1;MYO9B;CUL3;TNFAIP1;ROBO1;MET;PRAG1;LPAR6;RIT2;ARHGAP35;RAF1;CCDC125
CLN8,GO_Biological_Process_2023,prerank,Cellular Response To Ionizing Radiation (GO:0071479),-0.4222775674898715,-1.0726488366947622,0.30892857142857144,1.0,1.0,23/52,21.95%,BARD1;IFI16;SIRT1;CRYAB;WRN;GRB2;INO80;MAPK14;TSPYL5;DEPDC1B;RAD51AP1;YAP1;XRCC5;TMEM109;BRCA1;KDM4D;RAD9A;BLM;RHOB;BABAM2;MAP3K20;TNKS1BP1;INTS7
CLN8,GO_Biological_Process_2023,prerank,Response To Acidic pH (GO:0010447),-0.543541261053436,-1.0722751886743123,0.3548387096774194,1.0,1.0,6/17,13.54%,CTSS;CHP1;SCNN1B;SCNN1G;SCNN1A;PKD2L1
CLN8,GO_Biological_Process_2023,prerank,Plasma Membrane Repair (GO:0001778),-0.5098208821507688,-1.0721834412468816,0.35067437379576105,1.0,1.0,9/21,22.16%,TRIM72;SMPD1;MYH9;CHMP3;MYOF;SYT11;CHMP1B;CHMP2A;CHMP5
CLN8,GO_Biological_Process_2023,prerank,ATP Biosynthetic Process (GO:0006754),0.4835114651428991,1.0715183451009558,0.3382352941176471,1.0,1.0,11/24,18.65%,ATP5MK;ATP5PO;ATP5MGL;ATP5MC1;ATP5F1B;ATP5F1C;ATP5MJ;ALDOA;ATP5F1D;ATP5MG;PRKAG2
CLN8,GO_Biological_Process_2023,prerank,Regulation Of Supramolecular Fiber Organization (GO:1902903),0.4925316284579712,1.0713968921081871,0.3540772532188841,1.0,1.0,8/23,18.28%,CSF3;AEBP1;PARK7;MAP2;CAMSAP3;CHRNA7;HAX1;CAMSAP1
CLN8,GO_Biological_Process_2023,prerank,Negative Regulation Of Nervous System Development (GO:0051961),0.5176050042226691,1.0710954247467508,0.37528604118993136,1.0,1.0,7/18,18.56%,SLIT1;TLR2;ELAPOR2;REST;MBD1;DYNLT1;SORL1
CLN8,GO_Biological_Process_2023,prerank,Circulatory System Development (GO:0072359),-0.3753746971042432,-1.0705573605994525,0.3125,1.0,1.0,45/130,22.55%,HAND1;BMP2;DNAAF4;GJA5;FLRT3;POU4F1;PCSK5;SMYD4;TDGF1;POPDC2;HEY2;TGFBR2;MIXL1;FLT4;ECE1;NOTCH1;MTHFD1;CASP8;MEF2A;TCF25;SRF;KDM6A;PKD1;TSC2;ZDHHC16;MEF2C;PTEN;ALPK3;GLI2;ID2;PDLIM2;PDLIM5;SLC2A12;BORCS8;DZIP1;PKD2;PDLIM7;CITED2;FBN1;DVL1;CACNA1C;PTPN11;ERBB3;GJA1;AKAP13
CLN8,GO_Biological_Process_2023,prerank,Protein Methylation (GO:0006479),-0.45465991119047516,-1.0703915950985872,0.3304498269896194,1.0,1.0,13/35,17.93%,METTL21EP;BHMT;N6AMT1;PRMT3;CSKMT;LCMT1;RAB6A;METTL22;EEF1AKMT3;GSPT1;EEF1AKMT1;PRMT7;PRMT8
CLN8,GO_Biological_Process_2023,prerank,Regulation Of Sodium Ion Transmembrane Transporter Activity (GO:2000649),-0.45463367000859106,-1.0703385752857875,0.3269230769230769,1.0,1.0,13/36,21.15%,FXYD3;FXYD5;SCN3B;PTPN3;FGF14;FXYD2;NETO1;NEDD4L;SCN4B;HECW2;DMD;HECW1;RANGRF
CLN8,GO_Biological_Process_2023,prerank,Cellular Response To Glucose Starvation (GO:0042149),-0.44545552942759975,-1.070290912766481,0.3142329020332717,1.0,1.0,18/42,25.19%,BHLHA15;IFI16;SIRT1;NUAK2;PRKAA2;MYBBP1A;ITFG2;PLIN2;XBP1;ZC3H12A;TSSK3;FOXO3;ATG14;HNRNPA1;SESN3;PRKAA1;PICK1;KPTN
CLN8,GO_Biological_Process_2023,prerank,Regulation Of Axonogenesis (GO:0050770),-0.4485078265193902,-1.0702611801726227,0.3315508021390374,1.0,1.0,23/42,25.46%,PLXNA2;PLXND1;PAK3;NTRK2;KIF13B;CDH2;CHODL;BRSK1;PAK1;PLXNA3;EPHA4;PTEN;METRN;EFNB3;MAP6;PLXNB2;MARK2;LRP4;SIPA1L1;BRSK2;SLIT2;GDI1;PLXNB1
CLN8,GO_Biological_Process_2023,prerank,Regulation Of Blood Circulation (GO:1903522),-0.4586392843447504,-1.0675330478180225,0.3443830570902394,1.0,1.0,14/34,24.38%,AGT;KCNIP2;KCNG2;ECE1;CACNA1H;CELF2;AGER;DMPK;BDKRB2;PLN;KCNMB4;KCNMB2;TNNT2;CYP2J2
CLN8,GO_Biological_Process_2023,prerank,Regulation Of Dopamine Secretion (GO:0014059),0.4918274891600358,1.067366861477322,0.34557235421166305,1.0,1.0,10/22,16.33%,SYT15;SYT5;GDNF;SYT10;SYT9;DRD3;SYT13;SYT17;SYT7;SYT6
CLN8,GO_Biological_Process_2023,prerank,Positive Regulation Of NIK/NF-kappaB Signaling (GO:1901224),0.41456220428899154,1.0673145571651212,0.31524008350730687,1.0,1.0,17/53,17.42%,CD27;SASH1;TLR2;NOD2;LRRC19;CD86;DDX3X;EIF2AK2;C1QTNF4;RTKN2;PHB1;NFAT5;IRAK1;TERF2IP;TRIM44;NOD1;RELA
CLN8,GO_Biological_Process_2023,prerank,Cellular Response To Chemokine (GO:1990869),-0.4175537803587496,-1.066878738644897,0.32142857142857145,1.0,1.0,12/57,16.61%,CCL25;CXCL13;CXCL5;XCL1;SH2B3;CXCL12;WNK1;CCL2;ZC3H12A;CXCL2;DUSP1;CXCL1
CLN8,GO_Biological_Process_2023,prerank,Regulation Of Fat Cell Differentiation (GO:0045598),-0.40196769471166754,-1.0666325657593128,0.32269503546099293,1.0,1.0,30/75,22.39%,BMP2;ADIRF;ZFP36;ZBTB16;SIRT1;NOCT;SIRT2;TRIB3;RUNX1T1;LEP;ZNF385A;CREB1;GDF3;SMAD3;ANKRD26;ENPP1;CDS1;XBP1;ZC3H12A;YAP1;TRPM4;ID2;FOXO1;SIRT6;LCP1;GPER1;TRIB2;RARRES2;FERMT2;LMO3
CLN8,GO_Biological_Process_2023,prerank,Positive Regulation Of Notch Signaling Pathway (GO:0045747),0.45483926308597217,1.065934335393699,0.3215962441314554,1.0,1.0,13/33,22.04%,POGLUT1;CCN3;TGFB2;NOD2;TP63;ROBO1;NEPRO;ENHO;NOTCH2NLC;EPN2;PRKCI;ZMIZ1;JAG2
CLN8,GO_Biological_Process_2023,prerank,Regulation Of Activated T Cell Proliferation (GO:0046006),-0.4669085219556262,-1.065101602053176,0.338768115942029,1.0,1.0,8/33,13.59%,LILRB4;IL23R;ICOSLG;FOXP3;PRKAR1A;PPP3CA;RC3H1;FADD
CLN8,GO_Biological_Process_2023,prerank,Ribosome Assembly (GO:0042255),0.4197043035029211,1.0640059060546818,0.31798245614035087,1.0,1.0,19/48,20.24%,NOA1;MRPS7;RPL10;SBDS;NLE1;EFNA1;DDX3X;RPL5;MRPL22;RPS15;DHX37;MRPL20;TRAF7;RPS27L;RPS5;DHX29;RPS28;RPS19;RPS14
CLN8,GO_Biological_Process_2023,prerank,Regulation Of miRNA Transcription (GO:1902893),0.4062627905898485,1.063882060723506,0.30424528301886794,1.0,1.0,18/59,14.39%,PRL;FOXA1;APLN;SPI1;JUN;PPARG;NFATC4;BMP4;TGFB2;MRTFB;GNL3;ESR1;NGFR;MRTFA;SREBF1;DDX5;REST;ZNF512B
CLN8,GO_Biological_Process_2023,prerank,Phosphatidylinositol Biosynthetic Process (GO:0006661),-0.38778451091447746,-1.0635124294021936,0.32269503546099293,1.0,1.0,52/97,28.20%,SLA2;SACM1L;SYNJ1;OCRL;PI4K2A;PIGZ;PGF;INPP5K;PGAP3;INPP5J;PI4KB;PMPCA;CDS1;PIGA;PIGQ;MTMR7;PTEN;PITPNM1;PIGG;MTMR1;PITPNM3;PIGB;PGAP2;MTMR14;DPM1;MTMR4;PIGC;INPP5D;PIGN;PIGO;FGF2;INPP4A;VAC14;TTC7B;MTMR6;MBOAT7;PIGW;DPM3;IP6K1;SLC30A5;TMEM150A;SYNJ2;EFR3B;PIKFYVE;SOCS3;IMPA1;PIGP;PIGH;SOCS7;EFR3A;HYCC1;FIG4
CLN8,GO_Biological_Process_2023,prerank,Calcium-Independent Cell-Cell Adhesion Via Plasma Membrane Cell-Adhesion Molecules (GO:0016338),0.5056123048042439,1.063354105489356,0.3722943722943723,1.0,1.0,5/18,14.14%,CLDN23;CLDN9;CLDN18;CLDN20;CLDN19
CLN8,GO_Biological_Process_2023,prerank,Protein Import Into Mitochondrial Matrix (GO:0030150),0.511296557083635,1.0632606003545337,0.3582995951417004,1.0,1.0,6/18,13.38%,TOMM20L;PAM16;TOMM40L;TIMM17B;TIMM23B;DNLZ
CLN8,GO_Biological_Process_2023,prerank,Positive Regulation Of Developmental Growth (GO:0048639),-0.4242356683458907,-1.0632095922061933,0.3508137432188065,1.0,1.0,27/49,27.64%,GHRH;SEMA7A;RIMS1;RNF157;MAPT;GHRHR;LEP;SYT4;INSR;NEDD4L;LIMK1;SYT1;SHTN1;AGRN;GOLGA4;GHR;SYT2;MACF1;ZFYVE27;RIMS2;ZP3;GHRL;PLCB1;TWF2;UNC13A;CPNE9;ITSN2
CLN8,GO_Biological_Process_2023,prerank,Regulation Of Vacuole Organization (GO:0044088),-0.5372386701275977,-1.062848318383628,0.3881453154875717,1.0,1.0,10/16,26.84%,EFNB1;EPHB2;IFT20;LAPTM4B;SCARB2;IFT88;TBC1D14;PIKFYVE;RAB1B;RAB5A
CLN8,GO_Biological_Process_2023,prerank,Regulation Of Protein-Containing Complex Assembly (GO:0043254),0.36689012079413513,1.062535712180365,0.26976744186046514,1.0,1.0,46/119,20.20%,SELP;CLEC7A;HRK;INSM1;CD36;BIK;TCL1A;PARK7;KIF9;MAPK15;MMP3;VPS11;BRK1;HJURP;TFRC;BMF;PEX5;FAF1;ANKRA2;WARS1;DDX3X;EIF2AK2;IAPP;VPS16;OPRD1;SEPTIN9;FBLIM1;RIOK3;FNIP1;ANKS1B;SLF1;RAF1;CDC42;CLU;BCL2L11;TIRAP;TRAF2;SORL1;ICE1;GNL3L;BAX;SH3GLB1;SVIP;HSP90AA1;STX1B;TGFBRAP1
CLN8,GO_Biological_Process_2023,prerank,Mitochondrial Membrane Organization (GO:0007006),0.4490004972390348,1.0624999666113695,0.32653061224489793,1.0,1.0,14/32,20.84%,CHCHD6;GHITM;HSPA9;OPA1;MTX1;PPIF;CIBAR1;MICOS10;MFN2;SPG7;TAFAZZIN;MAIP1;TMEM11;BNIP3
CLN8,GO_Biological_Process_2023,prerank,Modulation By Symbiont Of Entry Into Host (GO:0052372),0.4962117689236891,1.0624595422241103,0.3444676409185804,1.0,1.0,4/20,8.22%,RFPL3;TRIM68;TRIM38;TRIM25
CLN8,GO_Biological_Process_2023,prerank,Late Endosome To Vacuole Transport (GO:0045324),-0.519486012355383,-1.0623976226822314,0.3657142857142857,1.0,1.0,9/19,26.55%,CHMP3;LEPROTL1;TMEM50B;CHMP1B;CHMP2A;CHMP5;LEPROT;CHMP4A;CHMP2B
CLN8,GO_Biological_Process_2023,prerank,Monocarboxylic Acid Biosynthetic Process (GO:0072330),0.40575010699990116,1.0619785329083304,0.32018561484918795,1.0,1.0,24/65,15.76%,OSBPL7;PARK7;HOGA1;SCP2;CYP27A1;BAAT;OSBPL3;GAMT;ALDH1A2;CYP39A1;UST;CBR4;CYP7B1;SLC27A5;OSBPL2;ALDH1A3;FASN;MLYCD;OSBPL1A;ABCD3;ELOVL4;OSBPL6;HSD17B10;ACACB
CLN8,GO_Biological_Process_2023,prerank,Regulation Of Ryanodine-Sensitive Calcium-Release Channel Activity (GO:0060314),-0.4882945954917632,-1.0619690300972326,0.36813186813186816,1.0,1.0,11/24,21.77%,HRC;JSRP1;CLIC2;JPH2;JPH4;NOS1;DMD;CALM3;PKD2;CALM1;CALM2
CLN8,GO_Biological_Process_2023,prerank,Golgi To Plasma Membrane Protein Transport (GO:0043001),-0.46826199705702837,-1.0619406974578978,0.35986159169550175,1.0,1.0,16/28,23.86%,RAB26;PHAF1;BBS1;SPTBN1;RAB10;KIF13A;RAB31;VAMP2;GOLPH3L;BBS2;NSF;GGA1;GOLGA4;BLZF1;MACF1;PREPL
CLN8,GO_Biological_Process_2023,prerank,Defense Response To Gram-positive Bacterium (GO:0050830),-0.3986811884756085,-1.0617646238815865,0.3296903460837887,1.0,1.0,4/81,6.49%,DEFB119;DEFB135;LYG2;MYD88
CLN8,GO_Biological_Process_2023,prerank,Sensory Perception Of Smell (GO:0007608),-0.3614229060863221,-1.0605226226771785,0.2881646655231561,1.0,1.0,12/176,15.29%,OR1R1P;OR5V1;OR2A42;OR6B1;CNGB1;OR2A5;OR52A5;OR2B6;OR52A1;OR2AG1;BBS4;NXNL2
CLN8,GO_Biological_Process_2023,prerank,Regulation Of Cardiac Muscle Contraction By Calcium Ion Signaling (GO:0010882),-0.5071489745882601,-1.0604014830065578,0.37822878228782286,1.0,1.0,10/20,21.77%,HRC;CLIC2;SLC8A1;ATP1A2;DMD;RYR2;CALM3;CALM1;CACNA1C;CALM2
CLN8,GO_Biological_Process_2023,prerank,Triglyceride Biosynthetic Process (GO:0019432),-0.5246685909535236,-1.0602254461331968,0.37732342007434944,1.0,1.0,5/17,12.05%,GPAM;DGAT2;GCK;MOGAT3;GPAT3
CLN8,GO_Biological_Process_2023,prerank,Cytoplasmic Microtubule Organization (GO:0031122),-0.4279698706105918,-1.0600018421231485,0.34408602150537637,1.0,1.0,26/48,26.26%,PLK3;CCDC88B;TPPP;CHP1;CCDC13;CIB1;MAPT;KATNAL2;SLAIN1;KPNB1;CEP126;KATNAL1;NUMA1;CLASP1;CLIP2;CLIP3;WDR73;CCDC88C;TUBGCP6;HOOK1;TUBGCP4;TUBGCP3;RAB11A;TUBGCP5;HOOK3;EZR
CLN8,GO_Biological_Process_2023,prerank,Positive Regulation Of Protein Transport (GO:0051222),-0.4060127027454165,-1.0593681644765964,0.3247863247863248,1.0,1.0,19/70,17.93%,CD33;PLK3;RIPOR1;CHP1;PCNT;APBB3;IL1A;CNST;RAB29;CEP290;CD2AP;FRMD4A;PDCD10;VPS28;VAMP2;GOLPH3L;UNC13B;BMP6;ATP2C1
CLN8,GO_Biological_Process_2023,prerank,Ribosomal Large Subunit Assembly (GO:0000027),0.4882683897166682,1.0583235718485609,0.386411889596603,1.0,1.0,7/21,19.41%,RPL10;NLE1;RPL5;DDX28;MRM2;MRPL20;TRAF7
CLN8,GO_Biological_Process_2023,prerank,Renal System Development (GO:0072001),-0.4158076608872719,-1.0579318285052077,0.3516483516483517,1.0,1.0,24/57,23.43%,ITGA8;SIX2;CYP4A22;GATA3;AGT;PCSK5;ARL3;WNT4;SIX1;SULF2;CEP290;PKD1;IFT27;WFS1;GLI2;BAG6;VEGFA;GREB1L;NPHP3;IFT88;LRP4;HELLS;POLR2D;ZNG1A
CLN8,GO_Biological_Process_2023,prerank,Transcription Preinitiation Complex Assembly (GO:0070897),0.4124686389767299,1.0577794744033613,0.3311827956989247,1.0,1.0,21/52,19.94%,PTPN18;MED18;MED7;POLR1E;TAF9;MED9;MED22;ESR1;TAF8;MED16;MED20;TAF7;GTF2B;TAF12;MED10;TAF4B;MED29;TBP;MED14;MED8;TAF3
CLN8,GO_Biological_Process_2023,prerank,Folic Acid-Containing Compound Metabolic Process (GO:0006760),-0.5343947469570295,-1.0577172221644044,0.388671875,1.0,1.0,6/15,19.53%,DHFR2;SHMT1;SLC19A1;FTCD;MTR;SLC46A1
CLN8,GO_Biological_Process_2023,prerank,Negative Regulation Of Protein Modification Process (GO:0031400),-0.40048642123431905,-1.0571409206377738,0.33393501805054154,1.0,1.0,38/77,24.71%,IGFBP3;TPPP;CHP1;FOXP3;SH3GL2;SIRT1;CIB1;CRTAP;MAPT;PTPA;INPP5K;EPHB2;CDYL;CRKL;P3H1;ENSA;PRKAA2;IBTK;SIRPA;ZC3H12A;FKBP8;LYN;IMPACT;PTEN;DMD;NIBAN1;SORD;ATG14;CACTIN;CORO1C;PTPN13;CADM4;MYADM;PPP1R16B;DNAJC10;PRKAA1;SNTA1;SLIT2
CLN8,GO_Biological_Process_2023,prerank,Gliogenesis (GO:0042063),0.4657122088920505,1.0568318143053408,0.34415584415584416,1.0,1.0,7/24,11.27%,GCM1;HAPLN2;RELN;HAPLN4;TGFB2;METTL3;AZU1
CLN8,GO_Biological_Process_2023,prerank,Positive Regulation Of Amide Metabolic Process (GO:0034250),0.3835082259390505,1.0566712939616765,0.31662870159453305,1.0,1.0,33/85,19.72%,CD28;SIRT3;SPHK2;PRR16;RPS4X;AGO2;UPF3A;LARP4B;METTL3;FMR1;EFNA1;NSUN5;SSB;DDX3X;RPL26;RPL5;PRMT1;CHRNA7;EIF4A3;BCL3;ABCG1;SOX4;CLU;PASK;RELA;HNRNPD;ELAVL1;RBM3;RPS6KB1;FXR2;NR1H4;RPS27L;ERBB2
CLN8,GO_Biological_Process_2023,prerank,Response To Ionizing Radiation (GO:0010212),-0.40051264718206364,-1.056408722823076,0.3464285714285714,1.0,1.0,30/72,24.74%,BARD1;IFI16;SIRT1;SMPD1;XRCC4;ATM;GRB2;INO80;MAPK14;MSH2;DEPDC1B;BRSK1;INIP;RAD51AP1;RNF168;DCUN1D3;BRCA1;KDM4D;RAD9A;RFWD3;BLM;RHOB;BABAM2;TNKS1BP1;IKBIP;INTS7;H2AX;TICRR;PRKAA1;ECT2
CLN8,GO_Biological_Process_2023,prerank,Negative Regulation Of Cellular Catabolic Process (GO:0031330),-0.4084037286636237,-1.05628093200935,0.34341637010676157,1.0,1.0,22/67,21.96%,DAPL1;WDR6;PTPN3;SIRT2;MTMR9;LEP;KDM4A;RRAGC;EIF4G3;ZKSCAN3;VHL;TIMP4;RRAGA;GPLD1;DAP;LEPR;WASHC1;NRDE2;GOLGA2;TRIM27;GSK3A;FOXK2
CLN8,GO_Biological_Process_2023,prerank,Determination Of Heart Left/Right Asymmetry (GO:0061371),-0.44496262930077307,-1.0543666441160358,0.3594306049822064,1.0,1.0,15/41,21.79%,HAND1;CCDC103;BBS5;DNAAF1;TGFBR2;NOTCH1;TBX6;STIL;SRF;MEF2C;CER1;PKD2;ENG;DVL1;NPHP3
CLN8,GO_Biological_Process_2023,prerank,Peptidyl-Proline Modification (GO:0018208),0.48303200989787065,1.053936863939769,0.3648068669527897,1.0,1.0,9/24,18.49%,PPIB;PPIL6;FKBP1A;FKBP1B;P3H2;PPIH;PPIF;PPIA;NTMT1
CLN8,GO_Biological_Process_2023,prerank,Positive Regulation Of Stress-Activated MAPK Cascade (GO:0032874),0.37096412340660906,1.053815409313499,0.3257918552036199,1.0,1.0,31/105,16.09%,WNT16;CARD9;SERPINF2;SPI1;EDAR;CD27;GADD45G;STK39;HMGB1;SASH1;SDCBP;MAP3K5;MID1;BMP4;TGFB2;TAOK1;NOD2;GDF6;TNFRSF19;ANKRD6;EIF2AK2;STK25;MBIP;MAP4K2;MTURN;TRAF3;PRMT1;ZNF622;MAP3K4;HIPK2;HRAS
CLN8,GO_Biological_Process_2023,prerank,peptidyl-L-cysteine S-palmitoylation (GO:0018230),-0.5034164040157161,-1.053261847404832,0.39965095986038396,1.0,1.0,11/22,23.60%,ZDHHC22;ZDHHC19;ZDHHC11B;ZDHHC21;ZDHHC9;ZDHHC6;ZDHHC14;ZDHHC20;ZDHHC11;ZDHHC4;ZDHHC3
CLN8,GO_Biological_Process_2023,prerank,peptidyl-S-diacylglycerol-L-cysteine Biosynthetic Process From Peptidyl-Cysteine (GO:0018231),-0.5034164040157161,-1.053261847404832,0.39965095986038396,1.0,1.0,11/22,23.60%,ZDHHC22;ZDHHC19;ZDHHC11B;ZDHHC21;ZDHHC9;ZDHHC6;ZDHHC14;ZDHHC20;ZDHHC11;ZDHHC4;ZDHHC3
CLN8,GO_Biological_Process_2023,prerank,Monocarboxylic Acid Metabolic Process (GO:0032787),0.3770791075012528,1.05273653004265,0.3260340632603406,1.0,1.0,28/97,17.52%,CD36;ACOT6;KYNU;ACAA1;AASDHPPT;HOGA1;SCP2;GRHPR;BAAT;GGT1;GNPAT;GAMT;AKR1C1;ACOT2;ACSL4;PNPLA8;FASN;IGF1;TSPO;HSD17B10;THEM4;BTD;DECR2;ACBD7;VDAC1;FA2H;SLC27A4;LDHB
CLN8,GO_Biological_Process_2023,prerank,"G Protein-Coupled Receptor Signaling Pathway, Coupled To Cyclic Nucleotide Second Messenger (GO:0007187)",-0.42444977244771254,-1.0522282044064981,0.3503521126760563,1.0,1.0,8/50,8.81%,LHCGR;PTGIR;HTR1B;OPRM1;MC5R;HTR2B;AGT;CCL2
CLN8,GO_Biological_Process_2023,prerank,Supramolecular Fiber Organization (GO:0097435),-0.33674011850694596,-1.0513697810107923,0.30066445182724255,1.0,1.0,83/315,21.96%,KIF2B;KRT80;PLK3;POF1B;CCDC88B;STMN4;SERPINH1;TPPP;CORO1A;CHP1;TPPP3;MYO1G;COL5A2;ADAMTS14;STMND1;CCDC13;SERF1A;RHOG;MYO5B;CIB1;GFAP;CRTAP;MAPT;MYO5A;COL12A1;ELMO1;KATNAL2;PXDN;OPTC;KRT10;PGM5;CAMSAP2;KASH5;BACE1;APP;TPM2;KIF18A;CNN2;RAC2;FAT1;SLAIN1;PPP1R9B;CORO1B;EFEMP2;MYL9;KIF18B;BMP1;COL27A1;CD2AP;HDGFL3;USP9X;CEP126;PIN1;ACTN1;KATNAL1;VHL;PLOD3;MYO6;ADAMTS2;COL5A1;EMP2;COL11A1;CKAP5;COL2A1;PRSS8;PPP1R9A;CGNL1;COL14A1;CST3;CLIP2;MYO1F;CLIP3;INA;SNCA;MYO1B;NEFL;HNRNPA1;WDR73;SHROOM3;CORO1C;CCDC88C;TPM4;NCKAP5
CLN8,GO_Biological_Process_2023,prerank,Regulation Of Cell Motility (GO:2000145),-0.37781671513251913,-1.0512569057731023,0.34256055363321797,1.0,1.0,42/123,23.16%,FGF21;CORT;FGF22;PLXNA2;FGF9;TACSTD2;WAS;ROBO4;GATA3;FGF23;TMSB10;PLXND1;OCRL;OSGIN1;LMNA;ABL2;ABL1;PKN2;CCDC25;PARD6B;PIN1;SPATA13;PLXNA3;SPOCK3;SRCIN1;TRIM32;FGF18;SERPINE2;AMOTL1;HACE1;RHOB;FGF8;PLXNB2;PRKX;SGK3;TBCCD1;FGF2;CDK6;MACF1;CADM4;ROCK2;NEXN
CLN8,GO_Biological_Process_2023,prerank,Release Of Sequestered Calcium Ion Into Cytosol (GO:0051209),-0.4358910456476438,-1.0509088875534236,0.3504424778761062,1.0,1.0,16/39,27.09%,HTR2B;GP1BB;XCL1;SLC8B1;IBTK;PLCB4;ITPR2;RYR2;PKD2;FGF2;LCK;F2R;PLCD1;ERO1A;LETM1;PLCB1
CLN8,GO_Biological_Process_2023,prerank,Negative Regulation Of Intrinsic Apoptotic Signaling Pathway In Response To DNA Damage (GO:1902230),-0.4766211302562703,-1.0507955152731663,0.38434163701067614,1.0,1.0,9/25,10.41%,SIRT1;CXCL12;CD44;DDIAS;ZNF385A;SNAI2;AMH;MUC1;CD74
CLN8,GO_Biological_Process_2023,prerank,Golgi Vesicle Transport (GO:0048193),-0.3545074124723477,-1.050605409878674,0.31270903010033446,1.0,1.0,98/197,27.45%,SCFD1;GABARAPL2;PGAP1;PDCD6;COG3;HTT;RBSN;ARL3;MYO5A;SNX3;UVRAG;LMAN2;COPA;BET1;TRAPPC11;COPE;VAPA;COPB1;HYOU1;RAB29;NRBP1;YKT6;BCAP31;RAB6A;ERGIC2;BLTP3B;TMED2;USO1;SPIRE2;ARF3;RAB8A;STX5;COG8;YIPF5;TRAPPC8;ZW10;NAPA;EXOC5;GOLPH3L;SEC24D;COPG2;MIA2;SORCS1;PITPNB;TMED1;NSF;AP4M1;RINT1;VPS51;CYTH3;GOLGA4;LMAN1;SPIRE1;MYO1B;TMED5;RANGRF;VAMP7;SEC22A;SPAST;TRAPPC3;GOLGA2;RER1;COG5;SAR1B;TBC1D20;RAB6B;SEC24B;NAPG;SURF4;TRAPPC2L;PRKD1;RAB13;TRAPPC2B;STX18;TEX261;SEC16A;GOLGA5;RAB43;DNM2;SCAMP1;COPG1;PICK1;RABIF;TBC1D14;RAB33B;GOLPH3;RAB8B;STX10;ATP9A;NBAS;TMED3;RAB1B;KLHL12;VTI1A;PEF1;USE1;SLC10A7;PREB
CLN8,GO_Biological_Process_2023,prerank,"Regulation Of Synaptic Transmission, GABAergic (GO:0032228)",0.5131392852758095,1.0499141356615036,0.36323851203501095,1.0,1.0,8/16,22.58%,NPAS4;BAIAP3;APEX1;NLGN1;USP46;CLN3;SLC38A1;ZDHHC12
CLN8,GO_Biological_Process_2023,prerank,Positive Regulation Of Chemotaxis (GO:0050921),-0.43143190777546175,-1.049820950053556,0.36421725239616615,1.0,1.0,15/44,22.86%,F7;XCL1;P2RX4;PDGFRB;CNTN1;AIF1;P2RY12;PTN;STX3;VEGFA;MDK;RARRES2;CCL26;FGF2;PRKD1
CLN8,GO_Biological_Process_2023,prerank,Regulation Of Clathrin-Dependent Endocytosis (GO:2000369),0.5243212777757114,1.0497980436214547,0.37044967880085655,1.0,1.0,4/15,13.09%,SNAP91;USH1G;DGKD;TNK2
CLN8,GO_Biological_Process_2023,prerank,Regulation Of Fibroblast Migration (GO:0010762),0.48665257985994215,1.0494640458002304,0.3767441860465116,1.0,1.0,4/20,12.54%,DMTN;DDR2;RAC1;HYAL2
CLN8,GO_Biological_Process_2023,prerank,Ceramide Catabolic Process (GO:0046514),-0.5369316020234427,-1.0494111635366143,0.3835616438356164,1.0,1.0,7/15,15.67%,HEXB;NEU1;LCT;ASAH1;CEL;ACER3;GLA
CLN8,GO_Biological_Process_2023,prerank,Positive Regulation Of Lymphocyte Migration (GO:2000403),-0.5326016931485245,-1.0493452034484363,0.37732342007434944,1.0,1.0,9/16,27.35%,TMEM102;ABL2;CXCL12;APP;AIF1;DOCK8;PYCARD;NEDD9;RHOA
CLN8,GO_Biological_Process_2023,prerank,Regulation Of Sodium Ion Transport (GO:0002028),-0.4471026141606402,-1.0488863658928684,0.3759124087591241,1.0,1.0,17/35,24.49%,WNK4;SCN3B;P2RX4;WNK1;P2RX7;NEDD4L;SCN4B;NOS1;SCN5A;CNKSR3;PRSS8;SIK1;RANGRF;GPD1L;NKAIN3;ATP1A1;SNTA1
CLN8,GO_Biological_Process_2023,prerank,Positive Regulation Of T Cell Differentiation (GO:0045582),-0.4087626335504497,-1.0487929858802039,0.35563380281690143,1.0,1.0,23/64,21.00%,LILRB4;HLA-G;IL23R;VSIR;GATA3;FOXP3;SMARCE1;SMARCD3;TNFSF4;ARID2;DUSP10;LEF1;CR1;ACTL6B;RHOH;XBP1;GLI2;SMARCA2;CD46;NKAP;FOXO3;MDK;PBRM1
CLN8,GO_Biological_Process_2023,prerank,RNA Polyadenylation (GO:0043631),-0.48792406997360827,-1.0487573136191934,0.38857142857142857,1.0,1.0,11/25,21.83%,CSTF3;CPSF2;TENT4B;APP;TENT2;TUT1;PAPOLA;LEO1;CPSF3;PNPT1;ZCCHC7
CLN8,GO_Biological_Process_2023,prerank,Synapse Organization (GO:0050808),-0.36836476488212894,-1.0486244397659614,0.3339160839160839,1.0,1.0,47/131,23.74%,PCDHB13;PCDHB9;FLRT3;POU4F1;PCDHB16;PLXND1;SNCG;PAK3;MAPT;PPFIA4;CDH2;APP;SLITRK3;CACNB3;CNTN2;RAB29;PCDHB3;APBB2;DOK7;DNM3;PIN1;CDH1;PPFIA1;AGRN;PPFIBP2;UNC13B;SNCB;KIRREL3;PTEN;SHANK3;PCDHB4;CAST;GRM5;GPHN;FARP1;PCDHB5;SNCA;HMCN2;DVL1;CHCHD10;APPL1;LRP4;CACNB2;LRFN5;PTK7;DCTN1;SHANK2
CLN8,GO_Biological_Process_2023,prerank,Protein Heterooligomerization (GO:0051291),-0.5144641142184252,-1.048569795666986,0.3770197486535009,1.0,1.0,8/19,21.36%,KCNC2;KRT10;ZNF746;HSD17B8;PKD1;TMEM120A;PKD2;TMEM120B
CLN8,GO_Biological_Process_2023,prerank,Glycolipid Biosynthetic Process (GO:0009247),-0.439875789484959,-1.0472237875397292,0.3605683836589698,1.0,1.0,24/42,27.03%,PIGZ;PGF;PGAP3;SCCPDH;ST3GAL2;PIGA;ST8SIA5;PIGQ;ST6GALNAC5;PIGG;PIGB;PGAP2;DPM1;ST3GAL5;PIGC;PIGN;PIGO;TM9SF2;PIGW;DPM3;SLC30A5;LARGE1;PIGP;PIGH
CLN8,GO_Biological_Process_2023,prerank,Lipopolysaccharide-Mediated Signaling Pathway (GO:0031663),-0.49969405153523566,-1.0470749943096136,0.3929236499068901,1.0,1.0,6/20,19.79%,HCK;CCL2;TICAM1;LYN;TICAM2;IL18
CLN8,GO_Biological_Process_2023,prerank,Excitatory Postsynaptic Potential (GO:0060079),0.49231753952695684,1.046824835474896,0.38412017167381973,1.0,1.0,5/18,12.16%,NPAS4;GRIN2C;LRRK2;RAB3GAP1;MAPK8IP2
CLN8,GO_Biological_Process_2023,prerank,Axonemal Dynein Complex Assembly (GO:0070286),-0.44349814301352836,-1.046725597137037,0.35978835978835977,1.0,1.0,13/37,16.87%,DNAAF4;TTC12;DNAH1;DNAH8;DNAAF6;DNAAF1;CFAP100;SPAG1;ODAD3;NISCH;DNAH7;CCDC63;DNAH5
CLN8,GO_Biological_Process_2023,prerank,Cell Cycle G2/M Phase Transition (GO:0044839),-0.4446944840940092,-1.0461884075755148,0.3981651376146789,1.0,1.0,21/40,27.09%,PLK3;ENSA;LCMT1;CHEK2;LATS1;CDK2;BRSK1;CCNY;CCNA2;ARPP19;USH1C;TPD52L1;FBXL15;CDC25B;DNM2;BRSK2;PPME1;KDM8;CDC25C;UBE2A;PLCB1
CLN8,GO_Biological_Process_2023,prerank,RNA Phosphodiester Bond Hydrolysis (GO:0090501),-0.47429213442322526,-1.0460977623628238,0.3950850661625709,1.0,1.0,7/28,14.85%,SLFN14;ZC3H12D;CSTF3;PDE12;ELAC1;KHNYN;ZC3H12A
CLN8,GO_Biological_Process_2023,prerank,T Cell Activation (GO:0042110),-0.3792607132453741,-1.0458687926989354,0.35701906412478335,1.0,1.0,29/103,20.92%,SLA2;IFNK;ICOSLG;GATA3;FOXP3;KIF13B;CD44;ORC3;LEP;TNFSF4;TRBC2;CD74;IRF4;RAB29;NCK1;RHOH;LMBR1L;PPP3CA;KIT;CASP8;NCK2;MFAP3;DPP4;LCP1;LEPR;CD7;CD276;MDK;LFNG
CLN8,GO_Biological_Process_2023,prerank,Cellular Response To Nerve Growth Factor Stimulus (GO:1990090),-0.49613937116088863,-1.045777777952985,0.37992831541218636,1.0,1.0,8/21,15.79%,SH3GL2;NTRK1;NTRK2;CIB1;MAPT;RAB35;RAPGEF2;RAPGEF1
CLN8,GO_Biological_Process_2023,prerank,Growth Hormone Receptor Signaling Pathway (GO:0060396),-0.5204187088531138,-1.045412826591133,0.4059040590405904,1.0,1.0,9/17,25.42%,GH2;PTK2;JAK2;STAT6;LYN;STAT5A;GHR;PXN;JAK3
CLN8,GO_Biological_Process_2023,prerank,Positive Regulation Of Myeloid Leukocyte Cytokine Production Involved In Immune Response (GO:0061081),-0.5289784611480756,-1.0450569496582045,0.39177101967799643,1.0,1.0,8/16,17.34%,HLA-G;SEMA7A;SIRT1;TICAM1;CD74;KIT;CAMK4;TICAM2
CLN8,GO_Biological_Process_2023,prerank,Positive Regulation Of JNK Cascade (GO:0046330),0.3819992541866926,1.044811052638676,0.32905982905982906,1.0,1.0,22/77,17.97%,WNT16;CARD9;SERPINF2;EDAR;CD27;GADD45G;HMGB1;SDCBP;MAP3K5;TAOK1;NOD2;TNFRSF19;ANKRD6;MBIP;MAP4K2;MTURN;TRAF3;ZNF622;HIPK2;HRAS;TIRAP;TRAF2
CLN8,GO_Biological_Process_2023,prerank,Detection Of Chemical Stimulus Involved In Sensory Perception (GO:0050907),-0.3722565648162686,-1.0441574124473982,0.3333333333333333,1.0,1.0,6/114,8.01%,OR1R1P;OR5V1;OR2A42;OR6B1;OR2A5;OR2B6
CLN8,GO_Biological_Process_2023,prerank,Phagocytosis (GO:0006909),-0.4018423664311372,-1.0437197415460957,0.38461538461538464,1.0,1.0,23/68,21.33%,TIMD4;ITGB2;ALOX15;CORO1A;TGM2;P2RY6;MYD88;ELMO1;MYH9;TAFA4;LRP1;MESD;DOCK1;TYRO3;AIF1;TICAM2;ITGAV;TM9SF4;GAS6;JMJD6;LDLR;VAMP7;CORO1C
CLN8,GO_Biological_Process_2023,prerank,Hydrogen Peroxide Catabolic Process (GO:0042744),-0.498056065208712,-1.043383144705159,0.3931947069943289,1.0,1.0,4/20,9.07%,HBA1;HBZ;PXDN;HBQ1
CLN8,GO_Biological_Process_2023,prerank,Regulation Of Viral Genome Replication (GO:0045069),0.3937199449268499,1.0433471847632692,0.34623655913978496,1.0,1.0,21/67,18.69%,CD28;IFIH1;IFIT1;LTF;FKBP6;FAM111A;PPIH;DDX3X;EIF2AK2;STAU1;ADARB1;N4BP1;IFITM2;IFIT5;IFITM1;PROX1;BTBD17;HACD3;PPIA;BANF1;ISG15
CLN8,GO_Biological_Process_2023,prerank,Regulation Of Cell Cycle Process (GO:0010564),-0.36539362226300787,-1.0431093433828333,0.33104631217838765,1.0,1.0,53/129,25.83%,KIF2B;PLK3;ANKK1;CDKN2B;CUL7;KLHL21;L3MBTL1;SMARCE1;PUM2;UVRAG;SMARCD3;ARID2;DBF4B;MYBBP1A;ACTL6B;RCC1;KIF13A;CDCA2;GIT1;RAB11FIP4;MAP9;DBF4;TIPIN;CCNL2;PIN1;KNSTRN;BBS4;RACGAP1;SPAG5;DCUN1D3;SETD2;SMARCA2;SND1;CALM3;DPF3;GPER1;CALM1;PBRM1;CALM2;BIRC6;BCL2L1;ATF5;CEP250;RAB11A;MYO19;USP19;ARID1B;OBSL1;ECT2;PRPF40A;ZNF207;BCL7C;RAB11FIP3
CLN8,GO_Biological_Process_2023,prerank,Positive Regulation Of Interleukin-1 Production (GO:0032732),0.3952066920766366,1.042747443583051,0.36281179138321995,1.0,1.0,12/63,11.83%,IL16;CLEC7A;TLR8;CD36;STMP1;CARD8;HMGB1;NOD2;USP50;AZU1;WNT5A;TMED10
CLN8,GO_Biological_Process_2023,prerank,Positive Regulation Of Mitotic Nuclear Division (GO:0045840),0.43738403086723304,1.0418739771395638,0.3627906976744186,1.0,1.0,8/35,14.32%,CD28;BTC;EDN1;ANAPC5;DRD3;CDC23;CUL3;IGF1
CLN8,GO_Biological_Process_2023,prerank,Positive Regulation Of Cytokine-Mediated Signaling Pathway (GO:0001961),0.41567083379522873,1.0412124772889035,0.3810623556581986,1.0,1.0,14/44,16.55%,GFI1;NLRP6;CXCR4;EDN1;PARP9;CSF1;HSPA1A;AGPAT1;WNT5A;C1QTNF4;IKBKE;AXL;TRIM44;CPNE1
CLN8,GO_Biological_Process_2023,prerank,Negative Regulation Of Axon Extension (GO:0030517),-0.4471314020804865,-1.0396406649390506,0.3870967741935484,1.0,1.0,13/30,17.92%,SEMA3G;SEMA7A;SEMA6D;SEMA4G;SEMA6A;DIP2B;KIAA0319;SEMA6C;TRIM46;SEMA4A;SEMA4B;SEMA3A;SEMA4C
CLN8,GO_Biological_Process_2023,prerank,mRNA Polyadenylation (GO:0006378),-0.48793034164364635,-1.039563119834981,0.3893129770992366,1.0,1.0,10/24,20.97%,CSTF3;CPSF2;TENT4B;APP;TENT2;TUT1;PAPOLA;LEO1;CPSF3;PNPT1
CLN8,GO_Biological_Process_2023,prerank,Cardiac Muscle Contraction (GO:0060048),0.44447018284988427,1.0395020461746378,0.4083333333333333,1.0,1.0,13/33,18.97%,MYLK2;TCAP;MYL3;SCN1B;GRK2;KCNQ1;TNNI3;TPM1;KCNE5;KCNH2;TTN;TAFAZZIN;ATP1B1
CLN8,GO_Biological_Process_2023,prerank,Regulation Of Microtubule Cytoskeleton Organization (GO:0070507),-0.4299141597698189,-1.0393536454114423,0.3695652173913043,1.0,1.0,20/40,24.72%,STMN4;TPPP;STMND1;MAPT;MAPRE3;FAM107A;PRKAA2;GAS2L1;PHLDB2;MPDZ;PHLDB1;CLASP1;MAPRE1;SKA2;MAP6;EPHA3;MARK2;CDK2AP2;PRKAA1;EFNA5
CLN8,GO_Biological_Process_2023,prerank,DNA Recombination (GO:0006310),-0.42853813478419156,-1.039226899979364,0.387037037037037,1.0,1.0,18/42,21.12%,RAD51B;RMI2;BARD1;HDAC10;DMC1;RMI1;RAD51C;MSH2;XRCC5;XRCC2;RAD50;BRCA1;RAG1;RPA1;RTEL1;BLM;RAD52;MRE11
CLN8,GO_Biological_Process_2023,prerank,Negative Regulation Of Immune Response (GO:0050777),-0.4003554128018489,-1.038845292598461,0.36082474226804123,1.0,1.0,19/66,15.11%,HLA-G;LGALS3;ENPP3;YES1;ALOX15;PDCD1;FOXP3;IFI16;HCK;PCBP2;YWHAZ;SYK;CR1;RC3H1;MKRN2;TYRO3;MAPK14;IRAK3;LYN
CLN8,GO_Biological_Process_2023,prerank,Neuron Fate Commitment (GO:0048663),-0.5100121017832933,-1.0386419262649569,0.3879310344827586,1.0,1.0,3/18,4.14%,BHLHA15;POU4F1;ATOH1
CLN8,GO_Biological_Process_2023,prerank,T Cell Activation Involved In Immune Response (GO:0002286),-0.5053583105949021,-1.0385352460252668,0.3971119133574007,1.0,1.0,4/19,20.83%,IFNK;CD74;LCP1;MDK
CLN8,GO_Biological_Process_2023,prerank,Pyruvate Metabolic Process (GO:0006090),0.40538363718418463,1.03834343393214,0.3744075829383886,1.0,1.0,17/50,19.66%,PGAM2;PGAM4;NR4A3;HOGA1;PGK1;PDHB;HK2;GAPDHS;PFKFB2;DLD;ALDOC;VDAC1;ENO4;LDHB;GAPDH;LDHA;UCP2
CLN8,GO_Biological_Process_2023,prerank,Negative Regulation Of Peptidase Activity (GO:0010466),-0.41340020812104517,-1.0383296506066926,0.37919463087248323,1.0,1.0,15/59,19.41%,SERPINA6;SERPINH1;SERPIND1;SERPINI1;SERPINE3;SERPINI2;LRP1;SERPINF1;CTSB;NRG1;SPOCK3;SERPINA10;TIMP4;SERPINE2;CST3
CLN8,GO_Biological_Process_2023,prerank,Regulation Of Interferon-Beta Production (GO:0032648),0.411638044991223,1.037101143200782,0.37360178970917224,1.0,1.0,18/50,19.68%,TLR8;IFIH1;POLR3F;IRF1;REL;TLR2;DDX3X;FLOT1;POLR3D;RIOK3;TRAF3;TIRAP;RNF135;POLR3B;TRIM65;ISG15;YY1;HSP90AA1
CLN8,GO_Biological_Process_2023,prerank,Monoatomic Cation Transport (GO:0006812),-0.4428384814721748,-1.036956225253836,0.39186691312384475,1.0,1.0,13/42,17.34%,PANX3;LRP2;CNGA4;CNGB1;PANX2;MCOLN1;TRPM6;PKD2L1;ATP10D;PANX1;SLC39A1;NDFIP2;ATP1A2
CLN8,GO_Biological_Process_2023,prerank,RNA-templated DNA Biosynthetic Process (GO:0006278),0.49132208003573224,1.0368960030777006,0.4063926940639269,1.0,1.0,9/19,19.68%,RFC1;DKC1;TERF1;PTGES3;PINX1;TERF2IP;HSP90AB1;NOP10;HSP90AA1
CLN8,GO_Biological_Process_2023,prerank,Telomere Maintenance Via Telomerase (GO:0007004),0.49132208003573224,1.0368960030777006,0.4063926940639269,1.0,1.0,9/19,19.68%,RFC1;DKC1;TERF1;PTGES3;PINX1;TERF2IP;HSP90AB1;NOP10;HSP90AA1
CLN8,GO_Biological_Process_2023,prerank,Regulation Of Cartilage Development (GO:0061035),-0.5128021123502184,-1.036565539743404,0.42018348623853213,1.0,1.0,4/17,4.54%,BMP2;SCIN;BMPR2;ZBTB16
CLN8,GO_Biological_Process_2023,prerank,Bile Acid And Bile Salt Transport (GO:0015721),0.4638204043758133,1.0363016649113492,0.39955357142857145,1.0,1.0,8/23,15.18%,SLCO1C1;ABCC3;ABCC11;SLCO2B1;AKR1C1;CEACAM1;SLC27A5;ABCD3
CLN8,GO_Biological_Process_2023,prerank,Generation Of Neurons (GO:0048699),0.3435925561213618,1.0360401511908641,0.3427230046948357,1.0,1.0,47/171,17.30%,WNT2;WNT16;LHX5;SNPH;INSM1;VAX2;POU3F2;RUNX3;TUBGCP2;IL1RAPL1;RELN;TAFA3;LDB1;LHX8;NDNF;NELL1;WNT9B;RAC1;DCDC2;TGFB2;RTN3;WNT5B;FZD2;WNT3;FZD4;LHX1;SMARCA1;RTN1;TUBB2B;IRX2;WNT5A;CDK5;NRCAM;ACSL4;MYT1L;NIF3L1;ASTN2;NRBP2;MET;CCK;DNER;DCX;ERCC6;NLGN4X;DTNB;FZD5;ASTN1
CLN8,GO_Biological_Process_2023,prerank,Positive Regulation Of Stress Fiber Assembly (GO:0051496),0.41925490110364527,1.0353550893372807,0.38826185101580135,1.0,1.0,15/43,16.47%,SERPINF2;SYNPO2L;NELL1;APOA1;RAC1;PFN2;FHOD1;SORBS3;S100A10;TPM1;LIMCH1;CCDC88A;TGFBR1;EPHA1;CDC42
CLN8,GO_Biological_Process_2023,prerank,Negative Regulation Of Endoplasmic Reticulum Stress-Induced Intrinsic Apoptotic Signaling Pathway (GO:1902236),0.5192267927383178,1.0348693596772078,0.40336134453781514,1.0,1.0,8/15,20.14%,TMBIM6;PARK7;HSPA1A;LRRK2;OPA1;TXNDC12;SELENOS;PTPN1
CLN8,GO_Biological_Process_2023,prerank,Positive Regulation Of Fatty Acid Metabolic Process (GO:0045923),0.5092860532386114,1.0347317103022962,0.40217391304347827,1.0,1.0,6/17,14.14%,APOC2;NR4A3;MID1IP1;KAT2B;KLHL25;MLYCD
CLN8,GO_Biological_Process_2023,prerank,Negative Regulation Of RNA Biosynthetic Process (GO:1902679),-0.5251367946106109,-1.0340388009485946,0.4288537549407115,1.0,1.0,6/16,22.20%,FCN3;INPP5K;RESF1;TASOR;SETDB1;MORC2
CLN8,GO_Biological_Process_2023,prerank,Positive Regulation Of Potassium Ion Transmembrane Transport (GO:1901381),-0.5095519545972198,-1.0340110829690425,0.40950639853747717,1.0,1.0,3/17,8.04%,AMIGO1;KCNIP2;ATP1B3
CLN8,GO_Biological_Process_2023,prerank,Response To Organic Cyclic Compound (GO:0014070),0.40110697121008254,1.0339203459213142,0.354916067146283,1.0,1.0,9/58,12.13%,FOXA1;CYP27B1;KYNU;NKX3-1;SPP1;TPR;DRD3;ADORA1;ESR1
CLN8,GO_Biological_Process_2023,prerank,Antigen Processing And Presentation Of Exogenous Peptide Antigen (GO:0002478),-0.4525032645578053,-1.0334237397303707,0.3880597014925373,1.0,1.0,10/29,19.70%,CTSS;GNAO1;CTSF;HLA-DPA1;CLEC4A;CTSL;HLA-F;MFSD6;HLA-DMA;HLA-E
CLN8,GO_Biological_Process_2023,prerank,Negative Regulation Of Lipid Metabolic Process (GO:0045833),0.45101220805239206,1.033409250103974,0.38333333333333336,1.0,1.0,6/26,17.47%,APOC2;ADRA2A;SREBF1;CEACAM1;PPP2R5A;ASXL3
CLN8,GO_Biological_Process_2023,prerank,Defense Response To Symbiont (GO:0140546),0.3491910092786265,1.0329567559261303,0.3541666666666667,1.0,1.0,36/148,18.85%,TLR8;IFIT1B;IFIH1;PLA2G10;NLRP6;IRF1;LYST;IFIT1;DDX56;CARD8;NT5C3A;TLR2;PQBP1;ZCCHC3;MICA;MLKL;RNASE1;AZU1;SLFN13;RAB2B;EIF2AK2;IRF2;IKBKE;IFITM2;IFIT5;IFITM1;TRAF3;DDX60L;APOBEC3D;CD40;STAT2;RELA;NDUFAF4;AIM2;ISG15;ATG7
CLN8,GO_Biological_Process_2023,prerank,Negative Regulation Of Catabolic Process (GO:0009895),0.3857132008096785,1.032735226210119,0.37346437346437344,1.0,1.0,21/72,19.34%,CBFA2T3;ADGRB1;FBP1;ADRA2A;NELL1;PHF20L1;RILP;RPS7;MAD2L2;RPL5;MDM4;SF3B3;FMN2;PHB1;RPL17;HIPK2;ATRAID;RGP1;PDCL3;CSNK2A1;SGTA
CLN8,GO_Biological_Process_2023,prerank,Regulation Of DNA Damage Checkpoint (GO:2000001),-0.5076572182778268,-1.0325429914501019,0.42391304347826086,1.0,1.0,10/18,23.12%,BARD1;FEM1B;DEPDC1B;TELO2;BRCA1;ETAA1;RFWD3;CRY1;WDR76;CCAR2
CLN8,GO_Biological_Process_2023,prerank,Regulation Of Cell Growth (GO:0001558),0.3309727178830576,1.0323789450792695,0.3374083129584352,1.0,1.0,71/227,19.76%,CYP27B1;TNC;DNAJB2;FBP1;SLIT1;LTBP4;CCN3;TMEM97;SGK1;LAMTOR2;SPHK2;FHL1;SDCBP;INHBA;TFRC;TGFB2;HSPA1A;AKT1;ST7L;HYAL1;SIPA1;BLTP1;SGK2;TSPYL2;ITCH;PABIR1;CCDC85B;DDX3X;ARMC12;MAD2L2;CISH;HYAL2;CEP43;SERTAD3;CEACAM1;PHB1;DERL2;TCHP;TGFBR1;SFRP2;H3-3A;ST20;RNF2;ATAD3A;PTCH2;SUPV3L1;CDC42;BCL6;CDKN2D;NPR1;MAPKAP1;CDK11A;MMP14;NRG3;ADAM17;RICTOR;NUBP1;ING5;TP53;PAK6;RTN4;CSNK2A1;PTPRJ;CAPRIN2;PSRC1;MUL1;ARHGEF11;PRR5;ERBB2;GNG4;CRLF3
CLN8,GO_Biological_Process_2023,prerank,Negative Regulation Of Signal Transduction By P53 Class Mediator (GO:1901797),-0.5029025740301867,-1.032214397872283,0.4199623352165725,1.0,1.0,5/18,12.88%,SIRT1;CD44;SNAI2;CD74;RNF34
CLN8,GO_Biological_Process_2023,prerank,Regulatory ncRNA Processing (GO:0070918),0.4325372515142062,1.0321977341545385,0.3881856540084388,1.0,1.0,11/35,12.26%,DDX4;MOV10L1;PIWIL1;ANKRD34A;SNIP1;AGO2;FKBP6;ANKRD34B;SPOUT1;ZC3H7A;PUM1
CLN8,GO_Biological_Process_2023,prerank,Regulation Of Intracellular Protein Transport (GO:0033157),-0.44317118567469244,-1.0321098207272807,0.39019963702359345,1.0,1.0,11/36,16.71%,PLK3;RIPOR1;PCNT;FRAT1;IFI27;RAB29;UHMK1;CEP290;PDCD10;VAMP2;NDEL1
CLN8,GO_Biological_Process_2023,prerank,cAMP-mediated Signaling (GO:0019933),-0.47206208307265807,-1.0320473299508997,0.4022140221402214,1.0,1.0,9/26,17.87%,DGKQ;PDE3A;GHRHR;CREB1;RAPGEF2;EPHA5;MAPK7;PRSS8;PDE2A
CLN8,GO_Biological_Process_2023,prerank,Response To Copper Ion (GO:0046688),0.476500384370579,1.0312493442697521,0.41402714932126694,1.0,1.0,7/22,21.35%,AQP1;PRNP;MT1G;MT1H;ATP5F1D;MT1X;MT2A
CLN8,GO_Biological_Process_2023,prerank,Epithelial Cilium Movement Involved In Extracellular Fluid Movement (GO:0003351),-0.49651123063374664,-1.0307632162504812,0.41398865784499056,1.0,1.0,7/19,11.25%,CCDC103;SPAG17;CFAP53;DNAAF1;CABYR;SPAG6;SPA17
CLN8,GO_Biological_Process_2023,prerank,Negative Regulation Of Fat Cell Differentiation (GO:0045599),-0.44903968910919334,-1.0304679988569034,0.39469026548672564,1.0,1.0,15/32,24.69%,BMP2;SIRT1;SIRT2;TRIB3;RUNX1T1;SMAD3;ANKRD26;ENPP1;YAP1;FOXO1;GPER1;TRIB2;FERMT2;LRP3;E2F1
CLN8,GO_Biological_Process_2023,prerank,Chromatin Remodeling (GO:0006338),-0.3422323341335652,-1.0298722272448637,0.3530405405405405,1.0,1.0,94/226,24.23%,NPM2;BRDT;EZHIP;ZNF335;KDM5B;PRDM16;ACTR5;KDM2B;PCGF1;FOXP3;IFI16;SMARCE1;MTA2;NFRKB;SIRT2;MTA3;MTF2;CHD6;APLF;SMARCD3;HPF1;SUV39H2;CHRAC1;GATAD2B;ZNF274;ARID2;KDM4A;HNRNPC;SETD7;PADI2;MYBBP1A;PIH1D1;SART3;ACTL6B;CHD4;NPM3;INO80;HDGFL3;SKP1;DEPDC1B;BRD9;KDM6A;CHD1L;HIRA;HDAC5;PAK1;RNF168;POLE3;SRPK2;SATB1;RBBP7;SATB2;DDX23;SETD2;SMARCA2;KDM4D;TAF6L;INO80B;WAC;CHD1;HCFC2;HDGF;RSF1;MTHFR;KDM4C;DPF3;TFPT;TRIP12;ZNF827;BAZ2B;PBRM1;EZH1;YEATS2;DDX21;DR1;HDAC4;SETDB1;BICRAL;MORC2;COPRS;RB1;HP1BP3;INO80C;BAZ1A;CHD7;INO80E;HDGFL2;INO80D;YEATS4;ATRX;HDAC2;BAZ1B;MCM3AP;GPX1
CLN8,GO_Biological_Process_2023,prerank,Cell Surface Receptor Signaling Pathway Involved In Cell-Cell Signaling (GO:1905114),-0.4615426675079082,-1.0298330028826126,0.3955094991364421,1.0,1.0,7/27,13.31%,BMP2;WLS;CSNK1A1;USP34;CPE;P2RX7;PORCN
CLN8,GO_Biological_Process_2023,prerank,Heart Contraction (GO:0060047),0.42372962978453965,1.0279411273591863,0.37310195227765725,1.0,1.0,16/41,18.97%,MYLK2;TCAP;MYL7;MYL3;SCN1B;GRK2;KCNQ1;TNNI3;ACTC1;TPM1;KCNE5;KCNH2;TTN;SGCD;TAFAZZIN;ATP1B1
CLN8,GO_Biological_Process_2023,prerank,fatty-acyl-CoA Metabolic Process (GO:0035337),-0.5006971076412554,-1.0270101112360182,0.4223385689354276,1.0,1.0,5/18,15.55%,THEM5;PPT1;DGAT2;SLC27A2;FAR1
CLN8,GO_Biological_Process_2023,prerank,Golgi Organization (GO:0007030),-0.3643940017009025,-1.026373215322238,0.38169257340241797,1.0,1.0,59/129,24.59%,PLK3;CUL7;GOLGA8T;GOLGA6C;GOLGA8H;CSNK1A1;GOLGA6A;COG3;GOLGA8N;HTT;SPTBN5;FHDC1;GOLGA6B;FBXW8;PI4K2A;RAB30;ATP8B1;GOLGA8A;ZNF501;NSFL1C;BET1;TRAPPC11;YWHAZ;FAM174B;RAB29;TANGO2;TMED2;USP6NL;RAB8A;STX5;COG8;YIPF5;PDCD10;TRAPPC8;ZW10;GOLPH3L;GORASP1;TMED1;CLASP1;PLEKHM2;VPS51;HACE1;CSNK1D;LMAN1;TMED5;VRK1;GOLGA2;BLZF1;COG5;TBC1D20;RAB6B;SURF4;PRKD1;SEC16A;GOLGA5;RAB43;LYSMD3;DYM;OBSL1
CLN8,GO_Biological_Process_2023,prerank,NADP Metabolic Process (GO:0006739),-0.4941355236358679,-1.0260401291828884,0.4368231046931408,1.0,1.0,7/19,18.91%,NUDT17;KCNAB2;NOCT;ALDH1L2;IDH1;ME1;FMO5
CLN8,GO_Biological_Process_2023,prerank,Vesicle-Mediated Transport (GO:0016192),-0.32589693901313105,-1.0256718866637207,0.3333333333333333,1.0,1.0,164/406,24.42%,ANXA8;AP5S1;KIF1B;SYTL5;PLEKHF2;SYTL3;LRP2;UEVLD;RHOBTB1;COMMD1;AP1M2;RBSN;MYO5B;TBC1D2B;SORT1;EXOC8;PRSS12;MYO5A;RAB30;AP2B1;STX2;ALS2CL;SCFD2;SYT4;RAB27A;UVRAG;STXBP1;ADRB2;EEA1;CHMP3;ARL17A;PLEKHF1;SCARA5;TOM1;CADPS2;APP;TMCC1;RAB35;REPS2;VPS33A;MAPK8IP1;DOC2B;SNAP25;WASH2P;AP3D1;RAB10;AP2A1;DPYSL2;TBC1D8B;MAPK8IP3;KIF13A;EXOC6;MICALL1;DNAJC5;RAB22A;CLINT1;RAB3IP;CYTH1;ANXA2;TMED2;USP6NL;SGSM3;AP2A2;VPS18;RPH3AL;TSNARE1;DNM1;RAB5C;NECAP1;SPIRE2;ARF3;SYT11;STX5;SQSTM1;LRP12;DNM3;VAMP1;ITSN1;VAMP2;CDK16;MYO6;CLEC16A;RINL;AP5B1;TSC2;SNX27;MIB1;NAPA;EXOC5;KIF5A;STX7;EHD2;IFT27;DOC2A;MIA2;CHMP1B;NSF;CSNK1E;AP4M1;ALMS1;EPN3;HEATR5A;ARFGAP3;NECAP2;EXOC4;DENND1A;KIF1A;STX3;CHMP2A;TBC1D4;EPN1;VPS51;CYTH3;LDLR;EPG5;CSNK1D;GOLGA4;AP1S2;WASHC4;RHOB;SPIRE1;AP3S2;RAB5B;VIPAS39;ATG14;WASHC3;WASHC1;M6PR;AP4B1;AP1G1;AP1B1;VAMP7;EXOC7;CORO1C;AP3B1;LRP8;AP3M1;AP2M1;CHMP5;AHI1;STX1A;HOOK1;STX12;PRKD1;RAB13;RASEF;SNAPIN;KXD1;RHOQ;VPS41;ZFYVE27;ARFGEF1;TVP23C;TVP23A;STXBP2;CCZ1;VPS45;GOLGA5;RAB7A;SNX9;RAB43;TINAGL1;RAB11A;DNM2
CLN8,GO_Biological_Process_2023,prerank,Regulation Of Megakaryocyte Differentiation (GO:0045652),-0.4913736918797252,-1.0254497121325528,0.4036363636363636,1.0,1.0,10/19,23.67%,THPO;SCIN;L3MBTL1;MYB;H4C9;CNOT4;MEF2C;HMGB2;TESC;ZNF16
CLN8,GO_Biological_Process_2023,prerank,Platelet Aggregation (GO:0070527),-0.4476985058390116,-1.0254071361544665,0.3981651376146789,1.0,1.0,14/35,23.43%,FERMT3;STXBP1;MYH9;MYL12A;METAP1;MYL9;TYRO3;ACTN1;P2RY12;CLIC1;UBASH3B;TLN1;ILK;CSRP1
CLN8,GO_Biological_Process_2023,prerank,JNK Cascade (GO:0007254),0.4483960297227523,1.0253334458221537,0.4008714596949891,1.0,1.0,14/29,21.71%,DUSP9;MAP3K5;LRRK2;TNFRSF19;GPS1;MAPK8IP2;MAPK9;MAP4K2;MAPK10;GPS2;MAP2K7;MAP3K7;SH2D3A;MAP4K1
CLN8,GO_Biological_Process_2023,prerank,Negative Regulation Of ATP-dependent Activity (GO:0032780),0.5030912814678782,1.0251387691212535,0.41216216216216217,1.0,1.0,8/16,21.36%,IFIT1;LTF;PAM16;TNNI3;PPIF;TP53;TSC1;VCPKMT
CLN8,GO_Biological_Process_2023,prerank,Negative Regulation Of Ubiquitin-Dependent Protein Catabolic Process (GO:2000059),0.4210041620843844,1.0250698469748951,0.3974630021141649,1.0,1.0,18/39,20.41%,PARK7;RYBP;SDCBP;PHF20L1;TAF9;UCHL5;RPS7;RPL5;N4BP1;RPL17;HIPK2;GIPC1;HSP90AB1;PDCL3;CSNK2A1;SGTA;CAMLG;FHIT
CLN8,GO_Biological_Process_2023,prerank,Protein Monoubiquitination (GO:0006513),0.4080422800286373,1.0248086678376958,0.38495575221238937,1.0,1.0,19/47,20.94%,NEURL1;TNFSF13B;FANCG;FAAP100;TRIM25;ITCH;RNF40;UBE2O;RNF126;UBE2R2;FANCE;TRIM37;RBX1;RNF10;ZNF598;FANCL;ZC4H2;FAAP20;FANCF
CLN8,GO_Biological_Process_2023,prerank,Anaphase-Promoting Complex-Dependent Catabolic Process (GO:0031145),0.4726966664173865,1.0241902477533855,0.39606126914660833,1.0,1.0,8/21,17.23%,ECRG4;ANAPC5;CDC23;ANAPC16;CDC26;CUL3;ANAPC13;FZR1
CLN8,GO_Biological_Process_2023,prerank,Heterotypic Cell-Cell Adhesion (GO:0034113),0.45647920895997957,1.0241239831967155,0.4057649667405765,1.0,1.0,11/29,19.33%,ITGAX;ITGB3;ITGB7;MADCAM1;CD200R1;CXADR;CD58;ITGA5;ITGB1;CTNNA3;PKP2
CLN8,GO_Biological_Process_2023,prerank,Positive Regulation Of Actin Filament Bundle Assembly (GO:0032233),0.401077926569235,1.0239815063418642,0.39601769911504425,1.0,1.0,17/51,16.47%,VIL1;SERPINF2;SYNPO2L;NELL1;APOA1;RAC1;PFN2;FHOD1;SORBS3;S100A10;TPM1;PFN1;LIMCH1;CCDC88A;TGFBR1;EPHA1;CDC42
CLN8,GO_Biological_Process_2023,prerank,Protein Export From Nucleus (GO:0006611),-0.46670440320844375,-1.0234991053354474,0.4123134328358209,1.0,1.0,12/26,15.88%,CHP1;RANBP17;EGR2;STRADA;RANBP3L;XPO1;NUP42;XPO6;NUP214;CCHCR1;DUSP16;PKD1
CLN8,GO_Biological_Process_2023,prerank,Neurotrophin Signaling Pathway (GO:0038179),-0.5142273648561385,-1.0231150135152978,0.3935969868173258,1.0,1.0,5/15,15.94%,NTRK1;SORT1;RAPGEF2;RAPGEF1;CASP3
CLN8,GO_Biological_Process_2023,prerank,intra-Golgi Vesicle-Mediated Transport (GO:0006891),-0.44118379887915793,-1.0229432592814924,0.38446969696969696,1.0,1.0,18/33,25.35%,GABARAPL2;COG3;COPA;COPE;COPB1;RAB6A;COG8;NAPA;COPG2;NSF;TRAPPC3;COG5;RAB6B;NAPG;GOLGA5;RAB43;COPG1;RAB33B
CLN8,GO_Biological_Process_2023,prerank,Positive Regulation Of Signaling (GO:0023056),-0.42834321073023374,-1.0226182989825898,0.4079173838209983,1.0,1.0,18/37,24.57%,WLS;GATA3;RIMS1;OCRL;RAMP3;RAB29;ECE1;ANXA2;SYT1;NSF;HOMER1;PTPN23;GRIK2;SOX11;SNCA;ILK;CDKN2AIP;RIMS2
CLN8,GO_Biological_Process_2023,prerank,Cellular Response To Oxygen-Containing Compound (GO:1901701),0.31238077444712864,1.0221139004586655,0.3401015228426396,1.0,1.0,117/399,19.64%,WNT2;GFI1;NEURL1;DMTN;CD68;GBP3;AQP1;PF4V1;CAPN3;ADCY6;AOC1;SYT15;FOLR1;CPNE5;NR4A3;SPAAR;LAMTOR2;JUN;IRS1;PTK6;SYT5;SYT10;SLC26A3;RORB;HMGB1;CPNE7;CXCL3;NR1D1;MMP3;DPEP1;PF4;ATP2B4;HCN3;WNT9B;PLAA;TLR2;AKT1;ZNF703;RASA4;PEX5;NOD2;WNT5B;SYT9;EHHADH;H2AZ1;CD86;WNT3;FZD4;ITPKB;CRYGD;KCNQ1;P2RY11;NSMF;BRINP3;CFTR;WNT5A;TNFRSF1B;AKR1C3;ESR1;PPIF;DHX36;MAPK9;IQGAP1;TPM1;SYT13;CTR9;SYT17;GNG2;PID1;ZFAND1;ITPKC;SNW1;PRDX5;NFKB1;MPV17L;RRAGD;LCOR;PRDX3;NLGN1;ZNF35;AXL;LGMN;SYT7;AKAP9;RRAGB;SYT6;CPNE2;CASP7;CPNE1;CLU;HCN4;NCOA3;TIRAP;DLG2;RELA;GUCA1A;PLCG2;MAPK3;ADCY8;FER;RARA;CPNE3;PAX2;ADGRV1;RUVBL2;PEX14;LAMTOR3;SELENOS;PDK3;ZFP36L1;NR1H4;GSTP1;HCN1;LAMTOR5;BRAF;TRAF6;RYR3
CLN8,GO_Biological_Process_2023,prerank,Negative Regulation Of Cation Channel Activity (GO:2001258),0.44887267029865485,1.0216605103761125,0.4092920353982301,1.0,1.0,6/28,10.68%,GPR35;CRHR1;KCNE3;FKBP1A;FMR1;FKBP1B
CLN8,GO_Biological_Process_2023,prerank,Embryonic Skeletal System Morphogenesis (GO:0048704),0.4497235094407169,1.021250219868024,0.4224137931034483,1.0,1.0,6/29,15.62%,NOG;DSCAML1;FGFR2;TGFBR1;MEGF8;EIF4A3
CLN8,GO_Biological_Process_2023,prerank,Nucleic Acid Metabolic Process (GO:0090304),-0.44888267639578106,-1.0206212981235587,0.40370370370370373,1.0,1.0,14/30,20.78%,PDE12;DNA2;DDX54;SETMAR;WRN;FEN1;WDR74;EXD2;ENPP1;RAD50;ATXN2;XRN2;RECQL5;DXO
CLN8,GO_Biological_Process_2023,prerank,Natural Killer Cell Mediated Immunity (GO:0002228),0.4741023408867086,1.0202419918817203,0.4095022624434389,1.0,1.0,6/22,12.66%,ULBP1;LYST;TUBB4B;ULBP3;MICA;TUBB2A
CLN8,GO_Biological_Process_2023,prerank,Neurotransmitter Transport (GO:0006836),0.39645572190930617,1.0197371029206013,0.3778801843317972,1.0,1.0,5/52,4.68%,SLC18A3;SNPH;HRH3;SLC1A2;SLC29A1
CLN8,GO_Biological_Process_2023,prerank,Negative Regulation Of Ubiquitin-Protein Transferase Activity (GO:0051444),0.50074941304145,1.0197090813385088,0.3987603305785124,1.0,1.0,8/17,13.92%,PARK7;DTX3L;RPS7;MAD2L2;RPL5;FBXO5;BAG2;RPL17
CLN8,GO_Biological_Process_2023,prerank,Multivesicular Body Organization (GO:0036257),-0.45286641876334155,-1.0196910529812875,0.430939226519337,1.0,1.0,17/30,26.55%,VPS37B;VPS37C;RAB27A;CHMP3;IST1;PDCD6IP;VPS28;MVB12A;STAM2;CHMP1B;CHMP2A;CHMP5;RAB11A;CHMP4A;SNF8;VPS36;CHMP2B
CLN8,GO_Biological_Process_2023,prerank,Regulation Of Anatomical Structure Morphogenesis (GO:0022603),-0.3635653128417897,-1.0192358579298981,0.41818181818181815,1.0,1.0,54/127,24.96%,LARP4;NOL3;CXCL13;PLXND1;PAK3;KIF13B;MAPT;TSPAN12;LEP;CDH2;CHRNB2;FLT4;NEDD4L;ADGRA2;RC3H1;WTIP;HTATIP2;PHLDB2;BRSK1;PHLDB1;PDCD10;HMOX1;INF2;STRIP1;PAK1;EMP2;HECW2;EPHA4;SRCIN1;MEF2C;SH3D19;VASH1;SHANK3;CLASP1;LZTS3;PDLIM5;ABI3;KIF1A;HECW1;ZRANB1;LFNG;BMPER;ZMYM4;MARK2;FGF2;FERMT2;RAP2A;MARCHF5;SIPA1L1;ZNF135;MYO19;BRSK2;EFNA5;BCL9L
CLN8,GO_Biological_Process_2023,prerank,Neutrophil Migration (GO:1990266),-0.39062172568829256,-1.018888607156653,0.3958691910499139,1.0,1.0,12/75,16.61%,LGALS3;ITGB2;CCL25;CD177;CXCL13;CXCL5;XCL1;CCL2;SYK;CXCL2;EMP2;CXCL1
CLN8,GO_Biological_Process_2023,prerank,Positive Regulation Of Protein Localization To Nucleus (GO:1900182),0.37908027589060606,1.0188419716486923,0.4032258064516129,1.0,1.0,31/72,20.67%,ZIC1;PARK7;CCT7;PARP9;DTX3L;TYK2;TFRC;CCT6A;PIK3R1;TPR;DKC1;LIF;NGFR;PINX1;HYAL2;UBR5;MEPCE;HDAC3;EIF2AK3;TCP1;PLK1;CCT8;CCT2;CARD10;PIK3R2;CDK1;CCT4;MCRS1;LAMTOR5;ZPR1;WWTR1
CLN8,GO_Biological_Process_2023,prerank,Semaphorin-Plexin Signaling Pathway (GO:0071526),-0.43739080164695515,-1.0182830641256715,0.41379310344827586,1.0,1.0,13/34,17.92%,PLXNA2;SEMA3G;SEMA7A;SEMA6D;SEMA4G;PLXND1;SEMA6A;SEMA6C;SEMA4A;SEMA4B;PLXNA3;SEMA3A;SEMA4C
CLN8,GO_Biological_Process_2023,prerank,Multivesicular Body Sorting Pathway (GO:0071985),-0.46787561147929446,-1.0181287909805166,0.4185185185185185,1.0,1.0,14/24,26.83%,SORT1;RAB27A;UVRAG;CHMP3;DENND10;LAPTM4B;CHMP1B;CHMP2A;CHMP5;CHMP4A;MITD1;SNF8;CHMP2B;RUBCN
CLN8,GO_Biological_Process_2023,prerank,Long-Chain fatty-acyl-CoA Metabolic Process (GO:0035336),-0.46223249222105606,-1.0181202435442298,0.4065934065934066,1.0,1.0,7/23,15.55%,THEM5;ELOVL3;DGAT2;ELOVL2;HACD1;HACD2;FAR1
CLN8,GO_Biological_Process_2023,prerank,Positive Regulation Of Cell-Cell Adhesion (GO:0022409),0.40505426321182963,1.0178462141845543,0.40420560747663553,1.0,1.0,8/45,12.72%,SIRPG;FOXA1;SERPINF2;PTPRU;PIEZO1;FSTL3;FLOT1;MEGF10
CLN8,GO_Biological_Process_2023,prerank,Positive Regulation Of Transcription By RNA Polymerase I (GO:0045943),0.433748349611876,1.0176856248909354,0.3877995642701525,1.0,1.0,14/33,19.72%,ASIC2;DDX11;CARM1;WDR43;LYAR;SMARCB1;PHF8;MARS1;EIF2AK3;HEATR1;ERCC6;SF3B1;SIRT7;ERBB2
CLN8,GO_Biological_Process_2023,prerank,Positive Regulation Of Dephosphorylation (GO:0035306),-0.4567700780321457,-1.017584824682325,0.44485981308411215,1.0,1.0,11/29,23.28%,BMP2;SMPD1;MTMR9;PTPA;CDCA2;PRKCD;PIN1;CALM3;CALM1;CALM2;PPP1R16B
CLN8,GO_Biological_Process_2023,prerank,Phospholipid Metabolic Process (GO:0006644),0.38018877822405467,1.0173987910975963,0.4217687074829932,1.0,1.0,17/69,12.99%,PLB1;PLA2G10;LCAT;OC90;SMPD3;PLA2G5;GPX4;PLAA;AGPAT1;PLA2G15;PLPPR4;AGPAT4;PLPP6;PIP4P1;FADS1;PLAAT3;PIP5K1A
CLN8,GO_Biological_Process_2023,prerank,Regulation Of Endothelial Cell Apoptotic Process (GO:2000351),-0.4211267315828652,-1.0171193318568812,0.4109347442680776,1.0,1.0,7/43,8.81%,HLA-G;ECSCR;RGCC;GATA3;ITGA4;PDPK1;CCL2
CLN8,GO_Biological_Process_2023,prerank,I-kappaB kinase/NF-kappaB Signaling (GO:0007249),0.40561131106937137,1.01691730718476,0.4175152749490835,1.0,1.0,18/45,21.39%,TLR8;BIRC3;REL;FAIM;TRIM8;TLR2;IKBKB;IRAK1BP1;NFKB1;ERC1;BCL3;TIRAP;RELA;MAP3K7;TRAF6;TANK;NKIRAS2;ROCK1
CLN8,GO_Biological_Process_2023,prerank,Positive Regulation Of Response To Wounding (GO:1903036),0.461492673480791,1.0167177712931637,0.3991130820399113,1.0,1.0,4/26,7.09%,CLEC7A;DMTN;DUOX1;ADRA2A
CLN8,GO_Biological_Process_2023,prerank,Regulation Of Steroid Metabolic Process (GO:0019218),-0.4862219018158827,-1.0167174333624092,0.4227005870841487,1.0,1.0,5/21,12.37%,DGKQ;ASAH1;PANK2;ACADL;GUCY2C
CLN8,GO_Biological_Process_2023,prerank,Regulation Of Extrinsic Apoptotic Signaling Pathway (GO:2001236),-0.40001737919045266,-1.0166813823066778,0.4147627416520211,1.0,1.0,17/60,17.78%,LGALS3;TMC8;NOL3;BCL2L12;LTBR;HTT;FEM1B;AGT;LTB;ZMYND11;BCL10;FADD;TNFSF12;TRAF1;SH3RF1;AKR1B1;ITGAV
CLN8,GO_Biological_Process_2023,prerank,Positive Regulation Of Alpha-Beta T Cell Activation (GO:0046635),-0.49648075498319955,-1.016280174594348,0.42579505300353354,1.0,1.0,10/18,25.79%,IL23R;EBI3;TNFSF4;SYK;NKAP;HLA-E;HSPH1;CD55;IL23A;HLA-DRB1
CLN8,GO_Biological_Process_2023,prerank,Positive Regulation Of T Cell Mediated Cytotoxicity (GO:0001916),-0.44273962894950325,-1.0155007330810109,0.43119266055045874,1.0,1.0,11/33,16.29%,HLA-G;RAET1E;IL23R;XCL1;SLC22A13;PVR;CD1D;HLA-F;FADD;HLA-B;STX7
CLN8,GO_Biological_Process_2023,prerank,Membrane Fission (GO:0090148),-0.43494090865171353,-1.0153099543356892,0.44569288389513106,1.0,1.0,21/38,26.55%,VPS37B;VPS37C;EXOC8;CHMP3;TMCC1;EXOC6;VPS28;EXOC5;MVB12A;STAM2;CHMP1B;EXOC4;CHMP2A;EXOC7;SPAST;CORO1C;CHMP5;CHMP4A;SNF8;VPS36;CHMP2B
CLN8,GO_Biological_Process_2023,prerank,Positive Regulation Of Cell Motility (GO:2000147),-0.3386679813829971,-1.0147713892468566,0.3917525773195876,1.0,1.0,79/221,23.51%,BMP2;RIPOR1;F7;TCAF2;FERMT3;CARMIL2;SEMA3G;SEMA7A;TRADD;DAAM2;VSIR;SEMA6D;MAP4K4;SEMA4G;CIB1;TDGF1;CXCL12;PDGFRB;PTK2;HBEGF;INSR;FAM89B;SNAI2;EPHB2;ATM;LAMC2;FAM107A;CCDC25;LEF1;FLT4;SEMA6C;SH3RF2;NOTCH1;LGR6;PPP3CA;CNTN1;DAB2;KIT;FLT1;PODXL;XBP1;SUN2;PDCD10;SEMA4A;RET;SEMA4B;PAK1;CCNA2;EPHA4;AIF1;PLET1;TRIM32;SPHK1;SEMA4C;ELP3;NUMB;ADAM10;VEGFA;CBLL1;ZNF304;GPER1;ELP6;WASHC1;MDK;RACK1;SEMA3C;GRN;CCL26;PTK2B;FERMT2;PDPN;MGAT5;FAM110C;ADAM9;PDGFC;ROCK2;MYADM;SMO;PLAU
CLN8,GO_Biological_Process_2023,prerank,Ureteric Bud Morphogenesis (GO:0060675),-0.5026155142725682,-1.0140570512031997,0.43413729128014844,1.0,1.0,4/18,9.87%,CITED1;GATA3;NPNT;SIX1
CLN8,GO_Biological_Process_2023,prerank,Secondary Alcohol Metabolic Process (GO:1902652),0.4011822110890943,1.0139938951735998,0.40274599542334094,1.0,1.0,16/47,16.65%,LCAT;CH25H;IDH3G;APOA1;CYP27A1;NSDHL;PIP4P1;LDLRAP1;GLB1;SULT2B1;CYP11A1;OSBPL5;OSBPL1A;IDH3B;ABCG1;IDH2
CLN8,GO_Biological_Process_2023,prerank,Regulation Of Osteoclast Differentiation (GO:0045670),-0.4319912350637293,-1.013705612721164,0.4390681003584229,1.0,1.0,6/41,13.95%,LILRB4;IL23R;POU4F1;LRRC17;PPP3CA;CAMK4
CLN8,GO_Biological_Process_2023,prerank,Macrophage Activation (GO:0042116),-0.4393824502402608,-1.013431712794152,0.4191304347826087,1.0,1.0,11/35,24.45%,ITGB2;TMEM106A;MAPT;JAK2;APP;SYK;AIF1;IFI35;SNCA;SBNO2;MYO1C
CLN8,GO_Biological_Process_2023,prerank,Endoplasmic Reticulum Calcium Ion Homeostasis (GO:0032469),-0.48778911798776786,-1.012808929161886,0.41385767790262173,1.0,1.0,13/20,26.79%,TGM2;BCAP31;BAK1;HERPUD1;WFS1;TUNAR;PACS2;SELENOK;RAP1GDS1;THADA;PSEN1;KCTD17;FIS1
CLN8,GO_Biological_Process_2023,prerank,Regulation Of B Cell Activation (GO:0050864),0.45366268174453883,1.0114336083696633,0.4177777777777778,1.0,1.0,8/25,21.04%,CD22;MZB1;BANK1;NOD2;SUPT6H;ZFP36L1;ZFP36L2;THEMIS2
CLN8,GO_Biological_Process_2023,prerank,Endoplasmic Reticulum Organization (GO:0007029),0.39317360627955444,1.011221592231745,0.41774891774891776,1.0,1.0,25/54,20.57%,SEC31B;ATL3;GAK;MAPK15;SEC16B;REEP6;LRRK2;RTN3;LNPK;SPTSSB;GET1;VCPIP1;WDR83OS;LPCAT3;GET3;STEEP1;SEC31A;EIF2AK3;REEP5;TMEM170A;RAB18;CCDC47;RTN4;CAMLG;ATL2
CLN8,GO_Biological_Process_2023,prerank,Regulation Of NLRP3 Inflammasome Complex Assembly (GO:1900225),0.4245694646244851,1.0109128118820225,0.42290748898678415,1.0,1.0,8/33,12.03%,CD36;STMP1;CARD8;FBXL2;USP50;CPTP;DDX3X;EIF2AK2
CLN8,GO_Biological_Process_2023,prerank,Striated Muscle Contraction (GO:0006941),0.3915744975517697,1.0108651429308497,0.4148471615720524,1.0,1.0,22/57,20.62%,MYLK2;PGAM2;MYH7B;TCAP;MYH3;MYL3;SCN1B;GRK2;KCNQ1;TNNT1;TNNI3;STAC2;TPM1;KCNE5;KCNH2;TTN;TAFAZZIN;ATP1B1;ARHGEF11;RYR3;TNNC2;LMOD3
CLN8,GO_Biological_Process_2023,prerank,Regulation Of Cellular Biosynthetic Process (GO:0031326),-0.38896460317904136,-1.010649047446112,0.4134275618374558,1.0,1.0,38/70,27.50%,ELP4;SIRT1;NANOS3;JAK2;MSI2;APP;METTL18;DUS3L;METAP1;CD47;MITF;SIRPA;CTNS;DDX25;MAPKAPK5;ATXN2;MSI1;ELP3;GRM5;STC2;NOLC1;MEAF6;ELP6;FOXO3;MFSD12;MTPN;MED1;EIF2S1;TM9SF2;FGFR4;KAT7;ING4;JADE3;PUM3;JADE2;ELP1;RBM4B;NOS1AP
CLN8,GO_Biological_Process_2023,prerank,Peroxisomal Membrane Transport (GO:0015919),0.48740758874011203,1.0098429035874685,0.43043478260869567,1.0,1.0,7/17,18.51%,PEX5;PEX1;ABCD3;PEX7;PEX6;TRIM37;PEX14
CLN8,GO_Biological_Process_2023,prerank,Natural Killer Cell Activation (GO:0030101),-0.43046127592658,-1.0097893766619428,0.4232902033271719,1.0,1.0,9/36,18.04%,IFNK;IL2RB;PBX1;ELF4;CASP8;TOX;EMP2;SNX27;BAG6
CLN8,GO_Biological_Process_2023,prerank,Positive Regulation Of Cell Cycle (GO:0045787),0.3828867721916844,1.0097452366693378,0.4050925925925926,1.0,1.0,26/64,20.63%,FOXA1;NKX3-1;MEIS2;TGM1;CCND3;PTK6;SPDYA;TGFB2;EIF4E;AKT1;CCPG1;FGFR2;ASNS;SMOC2;CCDC57;CCND1;CCNB1;PROX1;LGMN;RARA;MDM2;RPS6KB1;PSRC1;ANKRD17;ZPR1;HCFC1
CLN8,GO_Biological_Process_2023,prerank,Negative Regulation Of Protein Polymerization (GO:0032272),0.44556027282417865,1.0096064781341876,0.4298440979955457,1.0,1.0,13/26,22.38%,EML2;PFN2;STMN2;MAP2;PFN1;TBCD;KANK4;CYRIB;SSH2;TUBB4A;KANK1;KANK3;STMN1
CLN8,GO_Biological_Process_2023,prerank,Chromosome Condensation (GO:0030261),0.434802389618484,1.0094478321105078,0.42417582417582417,1.0,1.0,12/31,18.08%,AIFM1;SMC2;SMC4;DFFB;TENT4A;NCAPD2;H1-10;H1-0;TTN;PLK1;H1-4;H1-5
CLN8,GO_Biological_Process_2023,prerank,Regulation Of Telomerase Activity (GO:0051972),0.4088417546885945,1.0092333412064858,0.3804100227790433,1.0,1.0,21/44,19.68%,PARM1;MAPK15;PNKP;AURKB;DKC1;TERF1;PTGES3;PINX1;MEN1;MAP3K4;TCP1;CCT2;MAP2K7;HSP90AB1;MAPK3;NEK2;CCT4;TP53;NABP2;PARP4;HSP90AA1
CLN8,GO_Biological_Process_2023,prerank,Response To BMP (GO:0071772),-0.4691637531174013,-1.0091464581103688,0.43674176776429807,1.0,1.0,6/23,17.68%,BMP2;SMAD9;BMPR2;TMEM100;BMP6;SMAD4
CLN8,GO_Biological_Process_2023,prerank,Negative Regulation Of Inflammatory Response (GO:0050728),-0.35869280537581316,-1.0090875912769546,0.41724137931034483,1.0,1.0,33/110,22.66%,ENPP3;YES1;KLF4;IL22RA1;GATA3;PROC;HCK;FNDC4;ELF4;SYK;C1QTNF3;SIRPA;MKRN2;TYRO3;FXR1;MAPK14;GIT1;PRKCD;FEM1A;LYN;PTPN6;MAPK7;IRGM;ARNT;RHBDF2;GPER1;NLRP12;MDK;AOAH;GRN;RB1;SLC39A8;LRFN5
CLN8,GO_Biological_Process_2023,prerank,Zymogen Activation (GO:0031638),-0.41437926896302185,-1.0089633014908599,0.44658493870402804,1.0,1.0,15/44,16.88%,VSIR;IFI16;CUZD1;PRSS12;APOH;MASP1;ASPH;CIDEB;CTSL;FADD;CASP8;BAK1;NLRC4;CYCS;RIPK2
CLN8,GO_Biological_Process_2023,prerank,High-Density Lipoprotein Particle Remodeling (GO:0034375),0.5050962623094951,1.0089553458961782,0.43897216274089934,1.0,1.0,3/15,16.05%,LCAT;APOA1;ABCG1
CLN8,GO_Biological_Process_2023,prerank,Negative Regulation Of Interleukin-2 Production (GO:0032703),-0.4748949961798983,-1.008223025991197,0.4527272727272727,1.0,1.0,4/21,5.06%,LILRB4;ZFP36;XCL1;FOXP3
CLN8,GO_Biological_Process_2023,prerank,Positive Regulation Of T Cell Proliferation (GO:0042102),-0.3942774526316869,-1.00798074025876,0.44368600682593856,1.0,1.0,19/64,17.49%,CCDC88B;TNFRSF13C;IL23R;ICOSLG;JAK2;HLA-DPA1;LEP;EBI3;IL6ST;TNFSF4;CD1D;SYK;NCK1;PPP3CA;SLC7A1;FADD;AIF1;NCK2;CD46
CLN8,GO_Biological_Process_2023,prerank,Regulation Of Calcium-Mediated Signaling (GO:0050848),0.43061717840393765,1.0079529198540857,0.4520547945205479,1.0,1.0,10/30,17.73%,GBP1;CLEC7A;P2RX5;CD22;LRRK2;SLC24A4;RIT2;RGN;GPR143;PLCG2
CLN8,GO_Biological_Process_2023,prerank,Positive Regulation Of Lymphocyte Chemotaxis (GO:0140131),-0.5092893359072789,-1.0076885054885156,0.44014084507042256,1.0,1.0,3/17,7.39%,CXCL13;XCL1;WNK1
CLN8,GO_Biological_Process_2023,prerank,Positive Regulation Of Endocytosis (GO:0045807),0.3694124494174757,1.0068426092197393,0.4033018867924528,1.0,1.0,23/79,17.70%,SIRPG;CLEC7A;PLA2G5;FCER1G;APOA1;IL15RA;TULP1;ABCA7;LYAR;AZU1;LDLRAP1;TOR1A;FLOT1;TUB;C3;SFTPD;F3;NLGN1;AXL;CDC42;CLU;BICD1;HIP1
CLN8,GO_Biological_Process_2023,prerank,mRNA Stabilization (GO:0048255),-0.40448772886108886,-1.0068316819463106,0.41889483065953653,1.0,1.0,20/52,20.77%,ELAVL4;RBM47;ZFP36;NOCT;MYD88;RBM24;THRAP3;HNRNPC;TAF15;LARP1;IGF2BP2;SYNCRIP;MAPK14;IREB2;DHX9;MEIOC;TENT5D;BOLL;IGF2BP1;NRDE2
CLN8,GO_Biological_Process_2023,prerank,Positive Regulation Of GTPase Activity (GO:0043547),-0.3343839602343219,-1.0065993199983585,0.4227504244482173,1.0,1.0,89/227,26.87%,RGL4;TBC1D10C;LARS1;CCL25;CXCL13;RASGEF1C;TGM2;MTSS2;MAP4K4;XCL1;NTRK1;RHOG;RGS8;RALGPS2;TBC1D2B;CCL2;SYDE2;RGS16;FOXJ1;ARHGEF15;RASGRF1;RAPGEFL1;ARAP1;NGEF;RAPGEF2;RALGDS;TBC1D8B;ARHGAP27;USP6NL;SGSM3;RAP1GAP;SOS1;DOCK6;GMIP;PKP4;PIN1;ARHGAP45;TBC1D22A;DOCK9;RAPGEF1;RGL3;RASGRF2;AGRN;ARHGAP11B;PREX1;NDEL1;TBC1D15;TBCK;SIPA1L3;TBC1D4;BCAR3;RGS10;RACK1;ARHGEF19;CORO1C;ASAP3;CCL26;TBC1D10B;FERMT2;TBC1D20;AGAP6;ARHGEF10;ARHGAP22;DOCK8;SMCR8;ARHGAP25;SYDE1;SIPA1L1;ARHGAP42;RAPGEF6;SNX9;RAPGEF5;RALGAPB;RGS7;PICALM;ECT2;TBC1D14;F2R;EVI5L;PLXNB1;TBC1D25;GARNL3;RAP1GDS1;RAPGEF4;TIAM1;BCAS3;TBC1D5;RASGEF1B;TBC1D22B
CLN8,GO_Biological_Process_2023,prerank,Amino Acid Transmembrane Transport (GO:0003333),0.4099291896058819,1.0059041470109078,0.4197802197802198,1.0,1.0,8/42,8.42%,SLC36A3;SLC7A10;SLC6A13;SLC38A8;SFXN2;SLC36A4;SLC36A2;LRRC8E
CLN8,GO_Biological_Process_2023,prerank,Epithelial Cell Differentiation (GO:0030855),0.3449757359589251,1.0051100827091726,0.4068965517241379,1.0,1.0,25/131,11.60%,GSTA2;HSF4;GSTA1;VIL1;UPK1B;UPK2;KDM6B;AKR1C2;HDAC1;ACTL8;BASP1;UPK3A;PPARG;BMP4;PGK1;TPP1;AKT1;ZNF703;AKR1C1;FGFR2;ANXA4;KDR;SCRIB;CRYGD;ALDOC
CLN8,GO_Biological_Process_2023,prerank,Synapse Assembly (GO:0007416),-0.3836059474569324,-1.0046846367984263,0.4298245614035088,1.0,1.0,22/71,19.39%,PCDHB13;PCDHB9;FLRT3;POU4F1;PCDHB16;PLXND1;FZD1;WNT3A;CDH2;RAB29;PCDHB3;GABRA2;SRGAP2C;DNM3;CDH1;KIRREL3;PTEN;SHANK3;PCDHB4;GABRG2;FARP1;PCDHB5
CLN8,GO_Biological_Process_2023,prerank,Post-Transcriptional Regulation Of Gene Expression (GO:0010608),-0.39795372955226316,-1.0043724270606251,0.4584837545126354,1.0,1.0,26/57,20.34%,LARP4;ELP4;PUM2;NANOS3;ZNF385A;MSI2;METTL18;DUS3L;TDRD7;METAP1;LARP1;RC3H1;GIGYF2;DDX25;MAPKAPK5;METTL16;ATXN2;MSI1;ZC3H7B;ELP3;GRM5;NOLC1;ELP6;FOXO3;ATG14;NANOS1
CLN8,GO_Biological_Process_2023,prerank,Amyloid-Beta Metabolic Process (GO:0050435),-0.5199518501733835,-1.0037350097763038,0.45960502692998206,1.0,1.0,9/15,30.51%,BACE1;PSENEN;APH1B;PSEN2;PSEN1;DYRK1A;MME;MGAT3;NCSTN
CLN8,GO_Biological_Process_2023,prerank,Regulation Of Synapse Organization (GO:0050807),-0.4627407608418316,-1.0036734940770289,0.4629981024667932,1.0,1.0,12/25,22.43%,KLK8;MDGA1;CTTNBP2;WNT3A;CHRNB2;YWHAZ;EPHA4;MEF2C;PDLIM5;ARHGAP22;GRIPAP1;RAP2A
CLN8,GO_Biological_Process_2023,prerank,Regulation Of Cellular Response To Transforming Growth Factor Beta Stimulus (GO:1903844),0.45805940989050387,1.0034990099861996,0.44273127753303965,1.0,1.0,6/23,8.62%,EID2;FOLR1;LTBP4;PPARG;ITGA3;ZNF703
CLN8,GO_Biological_Process_2023,prerank,Regulation Of Protein Autophosphorylation (GO:0031952),-0.439017380913584,-1.0034391124515645,0.4390681003584229,1.0,1.0,22/31,25.55%,CHP1;EPHA7;ENPP1;IMPACT;RAD50;CALM3;VEGFA;NLRP12;ENG;TESK1;CALM1;TNKS1BP1;MRE11;RASSF2;CALM2;MVP;RAP2A;PDGFC;TAOK2;PDGFD;PDGFB;NEK10
CLN8,GO_Biological_Process_2023,prerank,Positive Regulation Of Protein-Containing Complex Assembly (GO:0031334),0.36310720874554525,1.0033409073127126,0.4444444444444444,1.0,1.0,33/98,19.68%,CLEC7A;HRK;CD36;TTBK1;STMP1;BIK;TCL1A;PARK7;MMP3;PIEZO1;BRK1;TFRC;BMF;FAF1;USP50;WARS1;TERF1;MED9;DDX3X;FNIP1;PSMC6;SLF1;CLU;BCL2L11;TIRAP;PLCG2;TP53;ICE1;ISG15;GNL3L;BAX;SH3GLB1;HSP90AA1
CLN8,GO_Biological_Process_2023,prerank,Coenzyme A Metabolic Process (GO:0015936),-0.5069038008634242,-1.002883978816242,0.45454545454545453,1.0,1.0,8/15,22.90%,PANK4;PANK1;PANK2;PPCDC;PPCS;SLC25A16;DCAKD;ACLY
CLN8,GO_Biological_Process_2023,prerank,Positive Regulation Of Wound Healing (GO:0090303),0.4101861158992552,1.0022381998128478,0.4126637554585153,1.0,1.0,13/39,19.55%,CLEC7A;DMTN;DUOX1;ADRA2A;HPSE;F12;INSL3;SMOC2;EMILIN2;HRAS;ST3GAL4;ITGB1;KANK1
CLN8,GO_Biological_Process_2023,prerank,Intracellular Sodium Ion Homeostasis (GO:0006883),-0.4981999634630305,-1.0015887234451206,0.46964285714285714,1.0,1.0,9/18,17.50%,SCNN1B;SCNN1G;ATP1B3;ATP1A4;SCNN1A;FXYD2;SLC8A1;ATP1A2;ATP4A
CLN8,GO_Biological_Process_2023,prerank,Positive Regulation Of Interleukin-17 Production (GO:0032740),-0.4706005020157716,-1.0014170516743375,0.4664310954063604,1.0,1.0,8/24,22.59%,IL23R;ZBTB7B;MYD88;JAK2;SLC7A5;SPHK1;IL18;IL15
CLN8,GO_Biological_Process_2023,prerank,Organic Cation Transport (GO:0015695),-0.4379310537769244,-1.0004390774700263,0.4321880650994575,1.0,1.0,10/31,19.26%,SLC22A16;SLC22A18;SLC47A1;SLC22A3;SLC22A5;SLC22A4;SLC6A3;PDZK1;SLC25A26;SLC47A2
CLN8,GO_Biological_Process_2023,prerank,Negative Regulation Of Rho Protein Signal Transduction (GO:0035024),0.4773132550771129,1.0004167443984113,0.4523281596452328,1.0,1.0,9/17,22.38%,ITGA3;DYNLL1;CUL3;TNFAIP1;MET;ARHGAP35;CCDC125;KANK1;STMN1
CLN8,GO_Biological_Process_2023,prerank,Positive Regulation Of Protein Localization To Membrane (GO:1905477),-0.3737901823332171,-1.0002656903300797,0.4253075571177504,1.0,1.0,34/79,23.33%,TCAF2;LGALS3;ITGB2;CHP1;PTPN9;STAC3;RHOG;PDPK1;CIB1;SPTBN1;EPHB2;RAMP3;TCAF1;PLS1;LRP1;SQSTM1;EFCAB7;MFF;DPP10;PDZK1;PRKCH;STX3;SLC5A3;NECAB2;MIEF1;GPER1;STAC;EPHA3;CLIP3;RANGRF;PDCD5;C2CD5;NMT1;AKAP5
CLN8,GO_Biological_Process_2023,prerank,Cellular Response To Virus (GO:0098586),-0.398510581640705,-1.0002536262875157,0.4359430604982206,1.0,1.0,12/56,18.06%,IFNK;GSDME;IFI6;JAK2;EIF5A;JAK1;MAPK14;POU2F2;ZC3H12A;IL10RB;IRGM;IFNGR2
CLN8,GO_Biological_Process_2023,prerank,Alpha-Beta T Cell Activation (GO:0046631),0.49005760212611665,1.0000050918825296,0.46021505376344085,1.0,1.0,5/15,16.46%,CDH26;CD247;HLA-A;STOML2;NCOR2
CLN8,GO_Biological_Process_2023,prerank,Anterograde Synaptic Vesicle Transport (GO:0048490),0.5097147700553759,0.9997538156687132,0.45528455284552843,1.0,1.0,7/15,17.99%,AP3S1;BLOC1S6;BLOC1S2;BLOC1S4;AP3M2;AP3B2;BLOC1S1
CLN8,GO_Biological_Process_2023,prerank,Synaptic Vesicle Transport Along Microtubule (GO:0099517),0.5097147700553759,0.9997538156687132,0.45528455284552843,1.0,1.0,7/15,17.99%,AP3S1;BLOC1S6;BLOC1S2;BLOC1S4;AP3M2;AP3B2;BLOC1S1
CLN8,GO_Biological_Process_2023,prerank,"Nuclear-Transcribed mRNA Catabolic Process, Deadenylation-Dependent Decay (GO:0000288)",-0.4241831224977427,-0.9993115518779325,0.44789762340036565,1.0,1.0,21/39,25.59%,ZFP36;PDE12;CNOT3;EXOSC7;PATL1;RC3H2;RC3H1;CNOT8;TUT7;CNOT4;DIS3;DCP1A;CNOT6L;PAN2;TNKS1BP1;CNOT7;CNOT6;DCPS;CNOT9;CNOT2;EXOSC3
CLN8,GO_Biological_Process_2023,prerank,Antigen Receptor-Mediated Signaling Pathway (GO:0050851),-0.35252367155843056,-0.9992576228686216,0.4527272727272727,1.0,1.0,29/122,17.53%,SLA2;PRAM1;LAT2;ICOSLG;GATA3;BMX;WNK1;GNAO1;PRKCB;HLA-DPA1;ORC3;TRBC2;EIF2B3;BTNL9;NFKBID;SYK;CD38;CSK;BTN3A1;RC3H2;VAV3;RC3H1;BCL10;BTN2A3P;ZC3H12A;NFAM1;MEF2C;RIPK2;SKAP1
CLN8,GO_Biological_Process_2023,prerank,Regulation Of Cell Cycle (GO:0051726),0.31568271161562095,0.9983229821433145,0.41450777202072536,1.0,1.0,108/293,20.63%,ASAH2;TNFSF13B;CDK10;INSM1;BIRC3;IRF1;SPATA22;TGM1;RUNX3;BEX1;JUN;BRD7;PTK6;GADD45G;GMNC;CDT1;TP53BP2;HPGD;SDCBP;ANAPC5;BMP4;VPS72;TGFB2;ETFA;RRP8;ZNF703;NEK6;SIPA1;METTL3;CCPG1;FGFR2;TSPYL2;CCNF;KAT2A;AFAP1L2;UCHL5;SON;BRINP3;CDC23;KAT2B;PUM1;CDK5;ANAPC16;IQGAP1;PIM2;BIN1;NBN;CDC26;PCLAF;ADARB1;MBTD1;MBIP;FBXO5;RNF40;TP73;MEN1;PPP2R3B;WDR12;ACTL6A;CKS1B;DAPK3;TGFBR1;PROX1;FZD9;ANAPC13;TARDBP;ANAPC1;TMEM8B;RNF2;HIPK2;WDR5;PLK1;HRAS;PRCC;MORF4L1;MECOM;HBP1;TRRAP;EPC1;TTLL12;HSP90AB1;CDK11A;USP51;FZR1;TBRG1;GRK5;SUV39H1;ING3;RARA;UHRF2;KIF20B;ING5;RUVBL2;TP53;MCRS1;MDM2;ACTR8;RPRD1B;GBF1;FOXM1;DHCR24;YY1;ANKRD17;HTRA2;ZPR1;ZBTB49;GMNN;HCFC1
CLN8,GO_Biological_Process_2023,prerank,Positive Regulation Of Muscle Hypertrophy (GO:0014742),0.49238725855073434,0.9981516079499864,0.45714285714285713,1.0,1.0,5/16,14.32%,NR4A3;PARP1;EDN1;PDE9A;IGF1
CLN8,GO_Biological_Process_2023,prerank,Negative Regulation Of Intrinsic Apoptotic Signaling Pathway By P53 Class Mediator (GO:1902254),-0.4936832223739151,-0.9978258876156633,0.46748681898066785,1.0,1.0,6/16,16.09%,SIRT1;CD44;ZNF385A;MUC1;CD74;ING2
CLN8,GO_Biological_Process_2023,prerank,Peptidyl-Glutamic Acid Modification (GO:0018200),0.46449271178235857,0.9968601929901576,0.4682713347921225,1.0,1.0,8/22,13.46%,TTLL11;TTLL6;TTLL13;CEP41;TPGS1;TTLL10;TTLL9;AGTPBP1
CLN8,GO_Biological_Process_2023,prerank,Regulation Of Axon Extension Involved In Axon Guidance (GO:0048841),-0.4599048121726825,-0.9967178954278525,0.4601941747572815,1.0,1.0,12/23,21.22%,SEMA3G;SEMA7A;SEMA6D;SEMA4G;SEMA6A;SEMA6C;SEMA4A;SEMA4B;SEMA3A;SEMA4C;VEGFA;SEMA3C
CLN8,GO_Biological_Process_2023,prerank,Regulation Of Cholesterol Efflux (GO:0010874),0.42233420530440147,0.9959414986494505,0.4470842332613391,1.0,1.0,10/32,19.06%,PLA2G10;PON1;PPARG;APOA1;ABCA7;RXRA;GPS2;YJEFN3;CAV1;TTC39B
CLN8,GO_Biological_Process_2023,prerank,Negative Regulation Of Protein Processing (GO:0010955),0.4978645430031758,0.9959117471266875,0.4531590413943355,1.0,1.0,3/15,8.06%,SERPINF2;PRNP;LRRK2
CLN8,GO_Biological_Process_2023,prerank,Negative Regulation Of Amyloid Precursor Protein Catabolic Process (GO:1902992),0.4810188752563077,0.9953199368419594,0.4752688172043011,1.0,1.0,12/18,18.87%,PRNP;RTN3;GGA3;RTN1;BIN1;IGF1;APEX1;CHRNA7;CLU;RTN2;SORL1;RTN4
CLN8,GO_Biological_Process_2023,prerank,Regulation Of Inflammatory Response To Antigenic Stimulus (GO:0002861),-0.49074229953365817,-0.9950484986429258,0.46760070052539404,1.0,1.0,7/17,19.61%,YES1;HCK;SYK;MKRN2;MAPK14;LYN;RHBDF2
CLN8,GO_Biological_Process_2023,prerank,Regulation Of Histone Acetylation (GO:0035065),-0.46516409463414027,-0.9950445110147836,0.4508670520231214,1.0,1.0,12/22,26.64%,FOXP3;MYBBP1A;NOS1;NFYC;BRCA1;CTBP1;NFYB;DDX21;BAZ1B;GLYR1;DEK;SET
CLN8,GO_Biological_Process_2023,prerank,Positive Regulation Of Pattern Recognition Receptor Signaling Pathway (GO:0062208),0.4115775001867753,0.9948585114525025,0.44395604395604393,1.0,1.0,10/39,12.26%,ZDHHC5;LTF;HMGB1;TLR2;ZCCHC3;EHHADH;DHX58;DDX3X;FLOT1;PUM1
CLN8,GO_Biological_Process_2023,prerank,Positive Regulation Of Interleukin-2 Production (GO:0032743),0.44250854105320797,0.9941635336538157,0.4563758389261745,1.0,1.0,9/25,20.00%,CD28;CLEC7A;CD86;STOML2;PLCG2;TRAF2;MAP3K7;TRAF6;RUNX1
CLN8,GO_Biological_Process_2023,prerank,Positive Regulation Of Type I Interferon Production (GO:0032481),0.3804363000658695,0.99388206624066,0.42924528301886794,1.0,1.0,26/64,19.70%,TLR8;IFIH1;POLR3F;IRF1;TLR2;PQBP1;ZCCHC3;HSPD1;DHX58;DDX3X;FLOT1;RAB2B;DHX36;IKBKE;IRAK1;POLR3D;RIOK3;TRAF3;NMB;RNF135;GAPDH;POLR3B;TRIM65;ISG15;HSP90AA1;TANK
CLN8,GO_Biological_Process_2023,prerank,Organic Anion Transport (GO:0015711),0.3562505910860137,0.9937138077009449,0.43457943925233644,1.0,1.0,15/87,10.08%,SLC17A1;SLCO1C1;SLC17A3;SLC22A25;CA4;SLCO2B1;SLC4A10;SLC2A10;LRRC8C;LRRC8E;ABCG2;CYB5R1;SLCO4A1;SLC2A8;CPTP
CLN8,GO_Biological_Process_2023,prerank,Regulation Of Fibroblast Proliferation (GO:0048145),0.3853937920105688,0.993315444715872,0.43820224719101125,1.0,1.0,15/46,20.28%,WNT2;DDR2;AQP1;FTH1;NF1;MED9;WNT5A;FN1;NDUFS4;IGF1;PDGFA;BMI1;TP53;GSTP1;B4GALT7
CLN8,GO_Biological_Process_2023,prerank,Positive Regulation Of Cellular Component Organization (GO:0051130),0.34943779895086763,0.993266844301976,0.4282178217821782,1.0,1.0,32/113,19.55%,SLC18A3;CLEC7A;NEURL1;APOC2;HRK;BIK;TCL1A;RELN;PARK7;MMP3;BRK1;TFRC;TGFB2;BMF;HYAL1;FAF1;S100A10;WARS1;FLOT1;AHNAK;CLDN19;TGFBR1;FNIP1;SLF1;CLU;BCL2L11;TIRAP;ICE1;GNL3L;NRXN1;BAX;SH3GLB1
CLN8,GO_Biological_Process_2023,prerank,Kidney Development (GO:0001822),-0.3764073156123511,-0.9932525993132744,0.44601769911504424,1.0,1.0,28/70,23.43%,CITED1;ITGA8;SIX2;CYP4A22;ZBTB16;GATA3;AGT;PCSK5;ARL3;WNT4;SIX1;SULF2;CEP290;PKD1;IFT27;WFS1;GLI2;BAG6;KANK2;VEGFA;GREB1L;FGF8;PRKX;NPHP3;IFT88;LRP4;HELLS;ZNG1A
CLN8,GO_Biological_Process_2023,prerank,Lamellipodium Organization (GO:0097581),0.4316541036706288,0.993136686912012,0.46205357142857145,1.0,1.0,11/30,18.24%,DMTN;S1PR1;RAC1;MYO9B;WHAMM;CCDC88A;WASF1;PHPT1;SNX1;ABLIM2;ITGB1
CLN8,GO_Biological_Process_2023,prerank,Cell Junction Assembly (GO:0034329),-0.3643871271005765,-0.9931340751034632,0.4504347826086956,1.0,1.0,29/95,19.39%,PCDHB13;PCDHB9;FLRT3;POU4F1;CDH7;PCDHB16;PLXND1;CLDN5;CDH10;CDH2;RAB29;PCDHB3;FSCN1;CAPZA1;PARD6B;DNM3;PKP4;CDH1;CDH8;GRHL2;CDH11;KIRREL3;PTEN;CDH9;SHANK3;PCDHB4;FARP1;CDH4;PCDHB5
CLN8,GO_Biological_Process_2023,prerank,Positive Regulation Of Biomineral Tissue Development (GO:0070169),0.3986703389221099,0.9930037102362546,0.4495192307692308,1.0,1.0,13/43,18.69%,AMTN;CYP27B1;NELL1;BMP4;BMPR1B;RXRB;RXRA;FBXO5;FZD9;ATRAID;TENT5A;ADGRV1;ISG15
CLN8,GO_Biological_Process_2023,prerank,Non-Canonical Wnt Signaling Pathway (GO:0035567),0.40538908167191545,0.9923858080819107,0.4439461883408072,1.0,1.0,20/40,20.23%,WNT9B;RAC1;FZD2;FZD4;SFRP5;SFRP4;WNT5A;SMURF1;DVL2;VANGL2;SFRP2;FZD9;CDC42;FZD5;FZD6;VANGL1;SMURF2;CELSR2;DVL3;TMEM67
CLN8,GO_Biological_Process_2023,prerank,Adenylate Cyclase-Activating G Protein-Coupled Receptor Signaling Pathway (GO:0007189),-0.3573314386000276,-0.9921053362949392,0.451505016722408,1.0,1.0,18/108,11.98%,LHCGR;PTGIR;ADRA2B;GHRH;ADGRF3;ADGRF5;CALCA;MC5R;ADGRL4;GPR157;GHRHR;ADRB2;GPR78;ADORA2B;RAMP3;GIP;GIPR;RAPGEF2
CLN8,GO_Biological_Process_2023,prerank,Phosphatidylcholine Metabolic Process (GO:0046470),0.3833184002720774,0.9921004120084492,0.4365256124721604,1.0,1.0,16/55,16.65%,PLB1;PLA2G10;LCAT;ABHD4;PLA2G5;PON1;APOA1;PLA2G15;TMEM86B;PLAAT3;PNPLA8;LPCAT3;SLC27A1;TSPO;MBOAT2;CHKA
CLN8,GO_Biological_Process_2023,prerank,Chromatin Organization (GO:0006325),-0.32430600198683973,-0.991839567133178,0.47386172006745364,1.0,1.0,107/265,24.62%,NPM2;BRDT;EZHIP;H2BC3;KDM5B;ACTR5;KDM2B;L3MBTL1;PCGF1;PARP10;FOXP3;SMARCE1;CABIN1;MTA2;NFRKB;SIRT1;HDAC10;NAP1L4;MTA3;MTF2;CHD6;NAP1L3;HAT1;SMARCD3;SUV39H2;CHRAC1;GATAD2B;ZNF274;ARID2;KDM4A;VCX;HNRNPC;SETD7;GRWD1;PADI2;H4C9;MYBBP1A;PIH1D1;SART3;HMG20A;ACTL6B;CHD4;NPM3;INO80;HDGFL3;SKP1;NAP1L2;BRD9;KDM6A;CHD1L;HIRA;HDAC5;PAK1;POLE3;SATB1;RBBP7;SATB2;SMARCA2;NAP1L1;KDM4D;KAT6B;TAF6L;INO80B;WAC;CHD1;HCFC2;HDGF;RSF1;KDM4C;HMGB2;DPF3;SOX2;TFPT;ZNF827;CHAF1A;BAZ2B;TRIM28;PBRM1;H2BC9;EZH1;YEATS2;DDX21;DR1;HDAC4;BICRAL;MORC2;COPRS;CHAF1B;RB1;INO80C;BAZ1A;CHD7;INO80E;HMGN2;HDAC8;H2AX;HDGFL2;INO80D;H2BC17;YEATS4;ATRX;HDAC2;BAZ1B;KAT7;ARID1B;UBN1;ING4
CLN8,GO_Biological_Process_2023,prerank,Lipid Translocation (GO:0034204),0.44945166094988986,0.9915416736542133,0.468682505399568,1.0,1.0,9/24,10.38%,ABCA4;ATP8B2;ATP8B3;ATP11B;ATP10B;TMEM30B;TRIAP1;ABCA7;ATP11A
CLN8,GO_Biological_Process_2023,prerank,Cellular Response To Osmotic Stress (GO:0071470),0.43255896254613757,0.9915138252124346,0.4547413793103448,1.0,1.0,10/28,19.05%,CAPN3;STK39;LRRC8E;WNK3;CAB39;DDX3X;NFAT5;ZFAND1;ARHGEF2;ZFP36L1
CLN8,GO_Biological_Process_2023,prerank,Negative Regulation Of Receptor Signaling Pathway Via JAK-STAT (GO:0046426),-0.49751999382477363,-0.9914989533061788,0.46210720887245843,1.0,1.0,6/16,15.38%,SH2B3;OCRL;PARP14;NF2;PIBF1;VHL
CLN8,GO_Biological_Process_2023,prerank,Positive Regulation Of Peptidyl-Serine Phosphorylation (GO:0033138),0.36200062531075106,0.9914453699665808,0.4375,1.0,1.0,29/81,21.05%,CSF3;TCL1A;PARK7;CALCR;IL11;ATP2B4;TFRC;AKT1;PFN2;CREBL2;LIF;MAD2L2;OPRD1;ARAF;SFRP2;FNIP1;DOCK7;RAF1;NGF;HAX1;HSP90AB1;CAV1;TXN;CAPRIN2;BRAF;HSP90AA1;SH2D3A;NTF3;TENM1
CLN8,GO_Biological_Process_2023,prerank,Positive Regulation Of Mitotic Sister Chromatid Separation (GO:1901970),0.504246720702704,0.9911839086681119,0.4639830508474576,1.0,1.0,8/15,25.95%,ANAPC5;AURKB;CDC23;CUL3;NSMCE2;INCENP;ESPL1;CDCA8
CLN8,GO_Biological_Process_2023,prerank,Monoatomic Anion Transport (GO:0006820),0.3828448217760133,0.9908902765005999,0.47494033412887826,1.0,1.0,19/57,16.72%,SLC17A1;SLC17A3;BSND;TTYH1;SLC4A10;SLC26A3;LRRC8C;NMUR1;CLCN4;LRRC8E;CLCN2;ANO7;VDAC2;TSPO;SLC17A7;PACC1;ANO10;BEST1;VDAC1
CLN8,GO_Biological_Process_2023,prerank,Negative Regulation Of Gene Expression (GO:0010629),-0.31432979848227915,-0.9907714505609219,0.46114864864864863,1.0,1.0,142/336,25.05%,SLFN14;BMP2;PIWIL3;TDRD1;SRGN;RGCC;TIA1;KLF4;POU4F1;ZFP36;DGKQ;DNMT1;PARP10;FOXP3;SH3GL2;SIRT1;NANOS3;NOCT;ENC1;AGO4;ZAR1L;MAPT;CLDN5;NHLRC1;FLOT2;ATP2B1;SUV39H2;STOX1;IFRD2;AMH;UPK3B;WNT4;CNOT1;HEY2;PRKAR1A;RBL2;CRKL;KDM4A;APP;MECP2;INSL6;CLEC4A;SHMT1;PRKAA2;TRIM3;LSM14A;CPEB3;TNRC6B;PARP14;NOTCH1;LARP1;SDR16C5;CHD4;OVOL2;LRP1;SMAD3;IGF2BP2;SYNCRIP;LSM6;RNF139;WWP2;FXR1;GIGYF2;SYT11;ZC3H12A;CREBZF;SLC7A5;PDCD10;VHL;METTL16;NDFIP2;SMYD5;TLE5;CCDC3;YAP1;EPHA4;ILF3;MEF2C;PPM1D;PINK1;CD46;RPS6KA4;SND1;RBM4;ID2;PARP15;ADAM10;OLFM1;DDX6;STC2;DHFR;SORD;SOX11;TRIM2;VEGFA;MARK1;SIRT6;DAPK1;GPER1;NLRP12;NANOS1;ENG;IGF2BP1;PAIP2B;PIWIL4;DXO;PNPT1;RACK1;CITED2;TRIM27;ITGB8;TASOR;CNOT7;CNPY2;TYMS;FGF2;SETDB1;MORC2;RB1;SMCR8;SERBP1;TAF1;ROCK2;MYADM;PUS7;LRP3;SMO;NHLRC3;NOTCH2;PRKAA1;SHQ1;CALR;DDRGK1;FGF19;CNOT9;BTG2;TIPARP;PICALM;NUDT16L1;EXD1;ZNF540;TDRD12
CLN8,GO_Biological_Process_2023,prerank,Diterpenoid Metabolic Process (GO:0016101),0.4287774616829723,0.9904786707970635,0.45010183299389,1.0,1.0,6/28,12.10%,PLB1;NAPEPLD;RDH5;BCO1;AKR1C1;AKR1C3
CLN8,GO_Biological_Process_2023,prerank,Regulation Of Microtubule Polymerization Or Depolymerization (GO:0031110),-0.4467435687839911,-0.990085801938781,0.4613935969868173,1.0,1.0,9/27,19.35%,STMN4;STMND1;MAPT;MAPRE3;CAMSAP2;GAS2L1;CLASP1;MAPRE1;SKA2
CLN8,GO_Biological_Process_2023,prerank,Endosome Transport Via Multivesicular Body Sorting Pathway (GO:0032509),-0.45760181670885053,-0.989880814847581,0.4606741573033708,1.0,1.0,14/23,26.55%,SORT1;CHMP3;UBXN6;LEPROTL1;TMEM50B;DENND10;LAPTM4B;MVB12A;CHMP1B;CHMP2A;CHMP5;LEPROT;CHMP4A;CHMP2B
CLN8,GO_Biological_Process_2023,prerank,Response To Transforming Growth Factor Beta (GO:0071559),-0.41665174028346197,-0.9898500838203812,0.4737762237762238,1.0,1.0,15/38,17.87%,CITED1;XCL1;NR3C1;MXRA5;ZFHX3;PDE3A;WNT4;CRKL;FNDC4;OVOL2;SMAD3;MEF2C;MAPK7;SMAD4;PDE2A
CLN8,GO_Biological_Process_2023,prerank,Negative Regulation Of mRNA Processing (GO:0050686),-0.4938244700601862,-0.9896859901925599,0.4365217391304348,1.0,1.0,7/15,26.17%,PCBP4;SRSF10;SRSF4;RBMX;SRSF6;SRSF9;SAP18
CLN8,GO_Biological_Process_2023,prerank,Positive Regulation Of Lipid Catabolic Process (GO:0050996),0.47044349180974887,0.9895990061548342,0.4656652360515021,1.0,1.0,8/20,25.36%,APOC2;IRS1;ABCD1;ABHD5;ANGPTL3;AKT2;PPARA;PLIN5
CLN8,GO_Biological_Process_2023,prerank,Regulation Of Cell Junction Assembly (GO:1901888),-0.46068355174094006,-0.9889781514286834,0.4720720720720721,1.0,1.0,12/23,24.45%,SNAI2;CHRNB2;RAPGEF2;RAP1B;CRB3;RAPGEF1;MEF2C;PRKCH;PDLIM5;RAP2A;ROCK2;MYO1C
CLN8,GO_Biological_Process_2023,prerank,Long-Chain Fatty Acid Metabolic Process (GO:0001676),0.36105153990956157,0.988669747264432,0.4485776805251641,1.0,1.0,20/78,15.18%,GSTA1;ASAH2;CYP2D7;PLA2G10;CYP3A4;ACAA1;ALOXE3;ACSL1;GPX4;SCP2;ALOX12B;ACSL6;ACOT2;FADS1;ACSL4;PNPLA8;CYP2C8;ELOVL1;ALOX12;ABCD3
CLN8,GO_Biological_Process_2023,prerank,Prostaglandin Biosynthetic Process (GO:0001516),-0.4952216802271149,-0.988174446279003,0.48324514991181655,1.0,1.0,5/17,10.41%,TBXAS1;PTGS1;PTGES;AMH;CD74
CLN8,GO_Biological_Process_2023,prerank,Negative Regulation Of Peptide Hormone Secretion (GO:0090278),0.48032935410581357,0.9877959068374133,0.4678111587982833,1.0,1.0,5/18,14.36%,CCN3;IRS1;FAM3D;CHGA;REST
CLN8,GO_Biological_Process_2023,prerank,Positive Regulation Of Multicellular Organismal Process (GO:0051240),0.30423598747218267,0.9877014847425889,0.4738219895287958,1.0,1.0,102/386,19.01%,PRL;CD28;ITGAX;NOG;CARD9;APOC2;CYP27B1;LCN2;CD36;CXCR4;UCN;ALX1;FOXD1;KDM6B;PPIB;DPF2;FGR;TMIGD2;SOX6;TNXB;PRKAB1;SAP30L;HDAC1;ACSL1;GADD45G;GDNF;RBBP4;OTX2;SPP1;PRKAB2;SDCBP;INHBA;PPARG;ADRA2A;NELL1;BMP4;ALOX12B;HILPDA;TGFB2;MFAP2;AGO2;AGPAT1;MMRN2;TGFB1I1;ZNF703;SNAI1;EHHADH;PHF10;ADAM8;ABCA7;LHX1;KAT2A;SMARCB1;APELA;BMPR1B;OXTR;NIBAN2;WNT5A;NCOA2;FLOT1;EIF2AK2;SMARCD1;ZBED3;SF3B3;EZH2;EPAS1;RFX3;TP73;NCOA1;ACTL6A;B4GALT5;SAP30;HDAC3;TGFBR1;REST;SLC27A1;DYNC1H1;APEX1;NMB;PRLR;MFN2;CRB2;NCOA3;SOX8;NPR1;MACROH2A2;S100A13;NME2;CACNB1;AXIN2;FABP5;GAPDH;GCNT2;CAV1;PLEKHM1;PAX2;SORL1;YBX2;SMURF2;SIN3A;RTN4;GNAS
CLN8,GO_Biological_Process_2023,prerank,Nuclear Export (GO:0051168),-0.4006028223862546,-0.9872638764120093,0.4712230215827338,1.0,1.0,21/48,22.84%,RITA1;CHP1;RANBP17;EGR2;STRADA;RANBP3L;XPO1;NUP42;XPO6;NUP214;CCHCR1;NUP98;PKD1;POM121L2;POM121C;WASHC4;XPO7;HNRNPA1;MALT1;RAE1;POM121
CLN8,GO_Biological_Process_2023,prerank,Regulation Of Cardiac Muscle Cell Proliferation (GO:0060043),0.4645259164092666,0.9872075030783818,0.4701834862385321,1.0,1.0,8/20,21.43%,NOG;FGFR2;TP73;TGFBR1;PIM1;GLI1;RUNX1;RBPJ
CLN8,GO_Biological_Process_2023,prerank,Protein Acetylation (GO:0006473),-0.4375117546401318,-0.9871359738990277,0.455535390199637,1.0,1.0,14/29,26.31%,SIRT1;MAPT;HAT1;ESCO1;NAA16;NAA15;NAA80;ESCO2;SPHK1;FOXO1;EP300;ING4;NAA20;NAA50
CLN8,GO_Biological_Process_2023,prerank,Regulation Of Androgen Receptor Signaling Pathway (GO:0060765),0.43900133509731387,0.9857383812919499,0.4717832957110609,1.0,1.0,12/27,21.54%,PARK7;HDAC1;TRIM68;RNF6;PHB1;DDX5;PIAS2;HEYL;NCOR2;FOXP1;FOXH1;PKN1
CLN8,GO_Biological_Process_2023,prerank,Embryonic Limb Morphogenesis (GO:0030326),0.4189888075719088,0.9857027773502437,0.45093457943925236,1.0,1.0,10/34,18.36%,NOG;HDAC1;MYH3;TGFB2;FBXW4;RARG;GLI3;MEGF8;SALL1;INTU
CLN8,GO_Biological_Process_2023,prerank,Connective Tissue Development (GO:0061448),0.4043529922969251,0.98555940463579,0.4539170506912442,1.0,1.0,13/38,18.54%,SOX6;ATP7A;SULF1;DYRK1B;SLC39A13;HYAL1;CREB3L2;HYAL2;VPS13B;SH3PXD2B;SPTLC2;SOX8;TRIP11
CLN8,GO_Biological_Process_2023,prerank,Positive Regulation Of Peptidyl-Lysine Acetylation (GO:2000758),-0.4823406487898324,-0.9853761509955972,0.4672897196261682,1.0,1.0,11/17,25.31%,FOXP3;DIP2B;PRKAA2;MYBBP1A;NOS1;BRCA1;DDX21;PRKAA1;BAZ1B;GLYR1;DEK
CLN8,GO_Biological_Process_2023,prerank,Embryo Development Ending In Birth Or Egg Hatching (GO:0009792),0.4725218168440794,0.9850918161470245,0.47619047619047616,1.0,1.0,9/17,23.46%,CELF4;TGFB2;UBR3;CAMSAP3;RICTOR;FGFR1;RAI2;NR5A2;STOX2
CLN8,GO_Biological_Process_2023,prerank,Renal Absorption (GO:0070293),0.4821630487876617,0.9850709891637445,0.4748858447488584,1.0,1.0,6/17,12.54%,SLC5A2;MAGED2;SGK1;HAS2;KCNQ1;HYAL2
CLN8,GO_Biological_Process_2023,prerank,Negative Regulation Of Microtubule Polymerization Or Depolymerization (GO:0031111),0.42816848208196717,0.9845096269385086,0.46206896551724136,1.0,1.0,16/31,19.96%,EML2;TAOK1;STMN2;MID1IP1;ATXN7;APC2;MAP2;TRIM54;TPX2;TBCD;KATNB1;FKBP4;TUBB4A;ARHGEF2;CLASP2;BMERB1
CLN8,GO_Biological_Process_2023,prerank,Superoxide Metabolic Process (GO:0006801),0.41296489069171805,0.9842863493924794,0.4641350210970464,1.0,1.0,11/33,16.20%,NRROS;ATP7A;DUOX1;NOX3;NOS2;NCF2;NOXA1;CCS;SH3PXD2B;PRDX2;SOD2
CLN8,GO_Biological_Process_2023,prerank,Pattern Recognition Receptor Signaling Pathway (GO:0002221),0.3789834174679344,0.9840396301453879,0.4854586129753915,1.0,1.0,22/56,23.18%,TLR8;IFIH1;COLEC10;LACC1;TRIM25;TLR2;NOD2;EHHADH;DHX58;IRAK1;TRAF3;NOD1;PLCG2;MAPKAPK2;IRAK4;MAP3K7;TRAF6;LY96;IPO5;RIGI;TLR5;TLR3
CLN8,GO_Biological_Process_2023,prerank,Regulation Of Telomerase RNA Localization To Cajal Body (GO:1904872),0.4790477927042637,0.9838937448635668,0.4594594594594595,1.0,1.0,9/17,18.47%,CCT7;CCT6A;DKC1;EXOSC10;TCP1;CCT8;NOP10;CCT4;RUVBL2
CLN8,GO_Biological_Process_2023,prerank,"Chemical Synaptic Transmission, Postsynaptic (GO:0099565)",0.43815117093119366,0.9832808901814947,0.4888888888888889,1.0,1.0,15/25,25.22%,NPAS4;GRIN2C;LRRK2;RAB3GAP1;CHRNA4;MAPK8IP2;FOXM1;NLGN3;GSK3B;GLRA1;CHRNA3;GRIN2A;GRID2;DRD4;GRIN1
CLN8,GO_Biological_Process_2023,prerank,Regulation Of Viral Transcription (GO:0046782),-0.4958747368350389,-0.982703576269679,0.47176684881602915,1.0,1.0,8/17,22.25%,ZFP36;LARP7;MDFIC;TRIM32;RSF1;UBP1;TRIM27;TARBP2
CLN8,GO_Biological_Process_2023,prerank,rRNA Catabolic Process (GO:0016075),-0.4716535320115812,-0.982307951857581,0.46654275092936803,1.0,1.0,8/19,25.59%,SLFN14;PELO;EXOSC7;DIS3;ZCCHC7;EXOSC6;ERN2;EXOSC3
CLN8,GO_Biological_Process_2023,prerank,Positive Regulation Of Reproductive Process (GO:2000243),0.41516880384303767,0.9819628663950722,0.4539170506912442,1.0,1.0,6/33,10.84%,PGAM4;PLA2G10;ASIC2;INHBA;AGO2;APELA
CLN8,GO_Biological_Process_2023,prerank,Regulation Of Aerobic Respiration (GO:1903715),0.48107478683487565,0.981866428035593,0.47921225382932164,1.0,1.0,6/16,20.05%,CBFA2T3;ATP7A;COX7A2L;SHMT2;ACTN3;MACROH2A1
CLN8,GO_Biological_Process_2023,prerank,Regulation Of Reactive Oxygen Species Metabolic Process (GO:2000377),-0.3880752654986765,-0.9815845090469919,0.48846153846153845,1.0,1.0,18/56,20.97%,AGT;SIRT2;BCO2;F2;PDGFRB;TGFBR2;NOXO1;RAC2;BST1;GRB2;MAPK14;ZC3H12A;BRCA1;DHRS4;PINK1;SORD;COQ7;SNCA
CLN8,GO_Biological_Process_2023,prerank,Protein Depolymerization (GO:0051261),-0.44499285508298925,-0.9811896568117956,0.4882882882882883,1.0,1.0,5/28,13.04%,KIF2B;STMN4;STMND1;KIF18A;KIF18B
CLN8,GO_Biological_Process_2023,prerank,Cellular Response To Lipid (GO:0071396),0.31701251775230155,0.9810331858816556,0.5126903553299492,1.0,1.0,60/224,19.64%,WNT2;GFI1;CD68;GBP3;AQP1;PF4V1;ADCY6;NKX3-1;SPHK2;IRS1;PTK6;RORB;SPP1;HMGB1;CXCL3;NR1D1;PF4;WNT9B;PLAA;HSPA1A;TFPI;ZNF703;NCOA4;ATP1A3;NOD2;WNT5B;EHHADH;H2AZ1;CD86;WNT3;FZD4;BRINP3;CFTR;WNT5A;TNFRSF1B;AKR1C3;ESR1;CTR9;PID1;SNW1;NFKB1;LCOR;ZNF35;AXL;CASP7;NCOA3;RELA;PLCG2;ADCY8;UBE2L3;RARA;ADCY2;PAX2;RUVBL2;ADCY5;SELENOS;PDK3;NR1H4;GSTP1;TRAF6
CLN8,GO_Biological_Process_2023,prerank,Histone Deacetylation (GO:0016575),-0.42386917301100135,-0.9809301526642197,0.48566308243727596,1.0,1.0,17/35,25.29%,MTA2;SIRT1;TBL1Y;SIRT2;MORF4L2;MTA3;GATAD2B;ELK4;CHD4;HDAC5;RBBP7;SIRT6;HDAC4;HDAC8;HDAC2;MSL3;TBL1XR1
CLN8,GO_Biological_Process_2023,prerank,NAD Biosynthetic Process (GO:0009435),0.47815779513159273,0.9809206292193676,0.4796380090497738,1.0,1.0,4/17,10.73%,PARP16;KYNU;PARP9;QPRT
CLN8,GO_Biological_Process_2023,prerank,Chromosome Organization (GO:0051276),-0.3950267541274689,-0.9809063014600758,0.46473779385171793,1.0,1.0,1/44,0.03%,PRM2
CLN8,GO_Biological_Process_2023,prerank,Regulation Of Phagocytosis (GO:0050764),0.3773974718049722,0.9804571572411565,0.48325358851674644,1.0,1.0,13/58,13.24%,SIRPG;CLEC7A;FGR;PLA2G5;FCER1G;APOA1;TLR2;IL15RA;TULP1;LYAR;AZU1;TUB;SFTPD
CLN8,GO_Biological_Process_2023,prerank,Calcium-Mediated Signaling (GO:0019722),0.34973777670528156,0.9802325960968551,0.4896551724137931,1.0,1.0,24/85,19.15%,SELP;PTGDR2;DMTN;CCR6;CXCR4;EDN1;PRNP;NMUR1;LRRK2;RCAN1;KDR;FKBP1B;P2RY11;AZU1;TNNI3;CHRM3;SAMD14;EIF2AK3;CLU;GPR143;PLCG2;ATP1B1;PPP3CC;PTPRJ
CLN8,GO_Biological_Process_2023,prerank,Peptidyl-Serine Phosphorylation (GO:0018105),-0.33768786229827535,-0.9802306333513472,0.5126903553299492,1.0,1.0,59/158,23.11%,CSNK1A1;DGKQ;MAPK12;PDPK1;HIPK1;DCLK3;TDGF1;WNK1;ULK2;PRKCB;MAPK13;PNCK;PKN2;ATM;TGFBR2;MAP3K12;DYRK3;CAMK1G;LATS1;PKN3;CDK2;CAMK1;UHMK1;MAP2K2;MAPK14;PRKCD;DYRK4;CAMK4;MAPKAPK5;BRSK1;SBK1;DMPK;MORC3;ULK1;SRPK2;PKD1;PINK1;STK32B;CSNK1E;PBK;LMTK2;STK32A;PRKCH;GAS6;MAST4;TNKS;MARK1;CSNK1D;CLSPN;MYO3B;MAP3K20;PRKX;SGK3;VRK1;MARK2;MAST2;TAF1;PRKD1;ROCK2
CLN8,GO_Biological_Process_2023,prerank,Actin Filament Polymerization (GO:0030041),-0.4262603256001203,-0.9799826885895253,0.49183303085299457,1.0,1.0,16/31,21.04%,WAS;CATIP;FHDC1;MSRB2;JAK2;TTC17;FAM107A;SPIRE2;INF2;PREX1;WASF3;SPIRE1;WASHC3;MICALL2;COBL;DIAPH3
CLN8,GO_Biological_Process_2023,prerank,Response To Amino Acid (GO:0043200),0.42273887429131435,0.9797102346415524,0.4906976744186046,1.0,1.0,14/30,22.70%,NEURL1;GLRA3;SPAAR;TMBIM6;LAMTOR2;MEAK7;NSMF;RRAGD;RRAGB;LAMTOR3;LAMTOR5;LAMTOR1;IPO5;GLRA1
CLN8,GO_Biological_Process_2023,prerank,Protein Modification By Small Protein Conjugation (GO:0032446),-0.3120297057666714,-0.9796020322410512,0.5008488964346349,1.0,1.0,109/356,21.70%,RNF225;TRIM15;ASB5;CUL7;LZTR1;SUMO4;TRIM72;KLHL21;OS9;TRIM7;UBE2E1;BARD1;ARRDC4;TRIML2;RNF157;SIRT1;UBA1;ENC1;ASB2;FBXO25;FBXW8;FBXO7;EGR2;FBXL17;TRIM52;NSMCE1;FBXO10;FBXO24;DDB1;ARRB1;TRIM73;TRIM17;RNF103;ELOC;GAN;RNF43;SH3RF2;NEDD4L;ARIH1;SYVN1;RNF34;BTRC;MKRN2;KLHL3;FBH1;FBXL5;RNF139;WWP2;VPS18;HERC2P3;USP9X;SKP1;RPGR;CDC34;SMC5;DCAF15;COPS3;ZNRF3;CNOT4;VHL;MKRN1;FBXO11;SPSB2;RNF168;AREL1;HECW2;MIB1;TRPM4;PIAS1;SHPRH;SH3RF1;DCUN1D3;BRCA1;SPSB4;MARVELD3;RNF38;TRIM32;PINK1;RLIM;TRIM41;KLHL20;CUL4B;RNF181;WWP1;MAGEF1;UBE2D2;TRIM26;RFWD3;BCL11A;KLHL18;KLHL8;HACE1;UBE2D4;HECW1;CBLL1;CUL1;ANAPC7;SPSB1;ATG10;SH3RF3;TRIM28;MYLIP;TRIM33;RACK1;FBXL15;TRIM35;TRIM27;USP7;MARCHF2
CLN8,GO_Biological_Process_2023,prerank,Regulation Of Establishment Of Endothelial Barrier (GO:1903140),-0.4862787017181372,-0.9795706798179548,0.49613899613899615,1.0,1.0,4/16,11.86%,PROC;CLDN5;S1PR3;ZDHHC21
CLN8,GO_Biological_Process_2023,prerank,Negative Regulation Of Response To Biotic Stimulus (GO:0002832),0.3922935069458338,0.9792609287072056,0.4646017699115044,1.0,1.0,11/45,12.82%,LTF;CARD8;DTX4;PARP1;PPP6C;AKT1;AURKB;DHX58;LYAR;ITCH;CEP63
CLN8,GO_Biological_Process_2023,prerank,Negative Regulation Of Protein Kinase B Signaling (GO:0051898),-0.4202056581425695,-0.9790592583655731,0.4714038128249567,1.0,1.0,14/35,21.23%,HLA-G;PDCD6;SIRT1;SH2B3;CIB1;INPP5K;TSC2;PTEN;OTUD3;SORD;PHLPP1;GPER1;RACK1;PHLDA3
CLN8,GO_Biological_Process_2023,prerank,Regulation Of Inflammatory Response (GO:0050727),-0.3251516373083438,-0.9789380918751226,0.49093904448105435,1.0,1.0,71/236,22.66%,NLRP8;ENPP3;SEMA7A;ALOX15;TRADD;KLF4;IL22RA1;XCL1;GATA3;PROC;AGT;NLRP14;MYD88;HCK;AHSG;DNASE1;IL1R1;MAPK13;JAK2;PTGES;PLA2G7;TNFSF4;NLRP10;FNDC4;APP;TSLP;ELF4;BST1;C1QTNF3;CD47;SIRPA;TYRO3;FXR1;NAIP;PRKCD;FEM1A;AGER;VAMP2;DHX9;AREL1;NFKBIA;NLRC4;MAPK7;SPHK1;IRGM;PDE2A;AKNA;NR1D2;NLRP1;PLA2G2A;IFI35;ARNT;BIRC2;LCP1;IL18;NLRP2;GPER1;NLRP12;GPSM3;IGF2BP1;MDK;SNCA;AOAH;GRN;DAGLB;RB1;SLC39A8;IL15;SHPK;MGST2;LRFN5
CLN8,GO_Biological_Process_2023,prerank,Ear Morphogenesis (GO:0042471),0.44593460700757953,0.9789274887522441,0.4767932489451477,1.0,1.0,4/23,9.68%,NOG;GSC;ZIC1;FGFR2
CLN8,GO_Biological_Process_2023,prerank,Regulation Of T Cell Mediated Cytotoxicity (GO:0001914),-0.4203297957239119,-0.9788386582098907,0.48073394495412847,1.0,1.0,10/36,16.29%,HLA-G;RAET1E;IL23R;KLRD1;XCL1;CD1D;HLA-F;FADD;HLA-B;STX7
CLN8,GO_Biological_Process_2023,prerank,Regulation Of Fatty Acid Oxidation (GO:0046320),0.4760894734368847,0.9783777335717744,0.4665127020785219,1.0,1.0,9/16,24.61%,NR4A3;KLHL25;ABCD1;MLYCD;ACADVL;PRKAG2;APLP2;SIRT4;PPARA
CLN8,GO_Biological_Process_2023,prerank,Multicellular Organismal-Level Water Homeostasis (GO:0050891),-0.47228097864760493,-0.9780036473330511,0.4616724738675958,1.0,1.0,5/19,8.99%,AQP3;MYO5B;SCNN1B;SCNN1G;SCNN1A
CLN8,GO_Biological_Process_2023,prerank,Heart Development (GO:0007507),-0.3384444588046791,-0.9779224985268888,0.5301003344481605,1.0,1.0,58/167,23.08%,HAND1;BMP2;DNAAF4;TBX3;GJA5;FLRT3;BMPR2;POU4F1;HTR2B;PCSK5;SMYD4;CRELD1;TDGF1;POPDC2;PTK2;INSR;TGFBR2;MIXL1;SCUBE1;ECE1;NOTCH1;MESP2;MTHFD1;CASP8;MEF2A;TCF25;SRF;KDM6A;TBX19;PKD1;TSC2;ZDHHC16;MEF2C;PTEN;GPC3;ALPK3;GLI2;SGCG;ID2;PDLIM2;CER1;PDLIM5;BORCS8;DZIP1;VEGFA;FGF8;PKD2;PDLIM7;CITED2;FBN1;DVL1;CACNA1C;PTPN11;ERBB3;GJA1;AKAP13;POLR2D;CHD7
CLN8,GO_Biological_Process_2023,prerank,Embryonic Skeletal System Development (GO:0048706),0.4175466825866887,0.9777902569462122,0.48008849557522126,1.0,1.0,7/33,15.91%,NOG;SULF1;SLC2A10;DSCAML1;WNT5A;MEGF8;UCMA
CLN8,GO_Biological_Process_2023,prerank,Protein Lipidation (GO:0006497),-0.3836021251954138,-0.9772093690178948,0.483704974271012,1.0,1.0,32/61,24.68%,ZDHHC22;PIGZ;PGF;PGAP3;ZDHHC21;WDR45B;HHAT;PORCN;ZDHHC9;PIGA;ZDHHC6;ZDHHC16;PIGQ;PIGG;PIGB;PGAP2;ZDHHC14;DPM1;ATG16L2;PIGC;GPLD1;PIGN;ATG10;PIGO;ZDHHC20;WDR45;ATG12;ZDHHC3;PIGW;DPM3;SLC30A5;ZDHHC13
CLN8,GO_Biological_Process_2023,prerank,Inner Mitochondrial Membrane Organization (GO:0007007),0.4126525881218578,0.9768094365051153,0.4742990654205608,1.0,1.0,13/34,20.83%,CHCHD6;GHITM;TIMM13;TIMM29;HSPA9;OPA1;MTX1;CIBAR1;MICOS10;TAFAZZIN;MAIP1;TMEM11;NDUFA13
CLN8,GO_Biological_Process_2023,prerank,Regulation Of Notch Signaling Pathway (GO:0008593),0.36434153286630744,0.9767960349943156,0.47085201793721976,1.0,1.0,23/70,17.79%,NEURL1;CDK3;POGLUT1;CCN3;TGFB2;AKT1;METTL3;NOD2;TP63;NIBAN2;NEPRO;RFNG;LLGL1;PRAG1;EGFL7;YTHDF2;HIF1AN;ENHO;MMP14;NOTCH2NLC;EPN2;YJEFN3;TSPAN15
CLN8,GO_Biological_Process_2023,prerank,Cellular Response To UV (GO:0034644),0.35999747454628256,0.9766342113400527,0.47959183673469385,1.0,1.0,27/78,19.64%,AQP1;PARP1;MMP3;MC1R;BMF;HYAL1;AURKB;METTL3;TRIAP1;TENT4A;RPL26;H2AC25;XPA;TMEM161A;DHX36;HYAL2;OPN1SW;N4BP1;ST20;DDB2;RUVBL2;TP53;CUL4A;RBX1;RHNO1;MMP2;YY1
CLN8,GO_Biological_Process_2023,prerank,Regulation Of Interleukin-1 Beta Production (GO:0032651),-0.3680933025742359,-0.9765506340749948,0.4876760563380282,1.0,1.0,23/82,20.27%,LILRB4;CD33;CARD18;TMEM106A;IFI16;MYD88;JAK2;APP;P2RX7;ELF4;SIRPA;NAIP;GIT1;CASP8;INAVA;ZC3H12A;PANX1;NLRC4;RIPK2;NLRP1;LCP1;NLRP2;NLRP12
CLN8,GO_Biological_Process_2023,prerank,Protein Localization To Cilium (GO:0061512),-0.4006962480991789,-0.9761236778426893,0.49544626593806923,1.0,1.0,14/40,16.36%,TULP2;BBS1;TCTN2;RAB29;TULP3;IFT20;FAM149B1;RAB8A;TMEM107;INVS;BBS4;FSIP2;WDR35;TTC21A
CLN8,GO_Biological_Process_2023,prerank,Apoptotic Cell Clearance (GO:0043277),-0.4385474333467803,-0.9760641906603668,0.4928571428571429,1.0,1.0,10/28,18.99%,TIMD4;ALOX15;TGM2;FCN3;XKR7;LRP1;TYRO3;XKR8;ITGAV;GAS6
CLN8,GO_Biological_Process_2023,prerank,Regulation Of Vasculature Development (GO:1901342),-0.43242828304127107,-0.9757605036463675,0.51138353765324,1.0,1.0,11/30,21.76%,CXCL13;PLXND1;TSPAN12;LEP;HTATIP2;PDCD10;HMOX1;EMP2;VASH1;BMPER;FGF2
CLN8,GO_Biological_Process_2023,prerank,Cilium Assembly (GO:0060271),-0.32343560515906356,-0.9757041195376897,0.5115864527629234,1.0,1.0,86/242,23.07%,RSPH4A;B9D2;SPAG17;RILPL2;CFAP221;CFAP206;RP1;BBS5;KIF27;CCDC13;PCNT;FHDC1;PIERCE1;OCRL;DNAAF1;ARL3;ENKD1;FBXW8;SPATA6;BBS1;FBF1;CFAP47;TCTN2;RAB23;TTLL3;WDR54;KIAA0586;CFAP74;FOXJ1;RABL2B;NUDCD3;RILPL1;CFAP70;NOTCH1;IFT46;IFT20;IFT52;FAM149B1;KIAA0753;CEP290;RAB3IP;IQCB1;RPGR;RAB8A;TMEM107;ASAP1;CEP126;DNMBP;RSPH9;PIBF1;ATAT1;BBS4;WDPCP;ACTR2;WDR35;EHD2;MAK;ALPK1;DNAH5;IFT27;CPLANE1;TMEM80;BBS2;DYNC2I1;SSX2IP;GAS8;IFT22;PTPN23;DZIP1;DYNC2LI1;HYLS1;CDC14B;CSNK1D;IFT57;CFAP161;NPHP3;TMEM250;IFT88;DNAAF11;TMEM138;WDR19;CEP89;AHI1;CDC14A;WDR90;E2F4
CLN8,GO_Biological_Process_2023,prerank,Amino Acid Catabolic Process (GO:0009063),0.4068900674895553,0.9752825920771944,0.4758771929824561,1.0,1.0,10/38,10.82%,UROC1;KYNU;HOGA1;ETFA;ETFB;DBT;CARNMT1;THNSL2;BCKDHA;DLD
CLN8,GO_Biological_Process_2023,prerank,Receptor-Mediated Endocytosis (GO:0006898),-0.34747107332008137,-0.9751334708644618,0.5025466893039049,1.0,1.0,32/122,14.96%,LILRB4;ITGB2;LRP2;PPT1;MRC1;RALA;OCRL;AP2B1;INSR;ADRB2;TPCN2;LDLRAD3;RAMP3;SYK;FCHO2;CTSL;AP2A1;PI4KB;GRB2;LMBR1L;LRP1;STON1;DAB2;ARHGAP27;MICALL1;AP2A2;ASGR1;DNM1;DNM3;RAB31;LRP1B;IGF2R
CLN8,GO_Biological_Process_2023,prerank,Regulation Of Protein Phosphorylation (GO:0001932),-0.32165577297543485,-0.9750057781340511,0.5205479452054794,1.0,1.0,87/261,21.76%,FGF21;BMP2;ITGB2;FGF22;HRC;FGF9;VEGFC;IGFBP3;THPO;CARD14;CHP1;FGF16;FGF23;SH3GL2;SIRT1;NTRK1;NTRK2;CIB1;F2;PTK2;AXIN1;PGF;LEP;INSR;INPP5K;WNT3A;FAM20A;EPHB2;ARRB1;CRKL;CD74;APP;IBTK;FLT4;CCND2;BST1;ANKRD54;EPHA7;SIRPA;FBH1;DAB2;NRG1;IL34;FXR1;CDK2AP1;PIN1;ZC3H12A;FKBP8;AGER;LYN;PAK1;FNIP2;CCNY;NSD1;CCNA2;IMPACT;PTEN;ANGPT1;PINK1;KDM4D;IRGM;MYDGF;FGF18;GRM5;NIBAN1;GAS6;SORD;VEGFA;CSNK1D;LEPR;GPER1;FGF8;ATG14;ENG;TESK1;PLXNB2;CLIP3;RACK1;PLAUR;BMPER;CACTIN;RARRES2;CORO1C;PTPN13;CCNYL1;CCDC88C;FGF2
CLN8,GO_Biological_Process_2023,prerank,Regulation Of Cellular Response To Stress (GO:0080135),-0.35445735526967603,-0.9748539730739789,0.48484848484848486,1.0,1.0,45/107,24.47%,OPRM1;ACTR5;BARD1;FEM1B;SUPT20H;NFRKB;SIRT1;AIFM2;MAPT;ATM;DYRK3;PARG;INO80;SUPT7L;AMFR;DEPDC1B;ATXN7L3;AJUBA;SF3B5;TADA3;VHL;BRCA1;SLC38A2;PINK1;TAF6L;INO80B;ETAA1;CHORDC1;MANF;RFWD3;TFPT;CORO2B;BABAM2;CRY1;DNAJC7;WDR76;EP300;INO80C;ROCK2;INO80E;INO80D;POLH;USP22;USP19;TAF4
CLN8,GO_Biological_Process_2023,prerank,Response To Axon Injury (GO:0048678),-0.4780721307626047,-0.9745245497361855,0.49909584086799275,1.0,1.0,9/18,20.97%,MORN4;FLRT3;P2RX4;MAPK8IP3;NREP;MTR;P2RY12;DHFR;GAP43
CLN8,GO_Biological_Process_2023,prerank,Positive Regulation Of Cytosolic Calcium Ion Concentration Involved In Phospholipase C-activating G Protein-Coupled Signaling Pathway (GO:0051482),-0.43572084455872584,-0.9744049616363392,0.4835766423357664,1.0,1.0,5/27,8.90%,CALCA;GPR20;GPR157;GRM1;P2RY8
CLN8,GO_Biological_Process_2023,prerank,Regulation Of ERK1 And ERK2 Cascade (GO:0070372),-0.32455964561781997,-0.9740487580122632,0.506514657980456,1.0,1.0,87/239,26.31%,FGF21;BMP2;OPRM1;SEMA7A;THPO;ALOX15;CCL25;TNFAIP8L3;HTR2B;P2RY6;XCL1;NPNT;FGFR3;NTRK1;NTRK2;CIB1;CD44;PDGFRB;SEMA6A;CCL2;EPHB2;AMH;ARRB1;CRKL;PDE8A;DUSP26;CD74;APP;YWHAZ;DUSP10;RAMP3;SYK;MAP3K12;FLT4;RAPGEF2;NOTCH1;EPHA7;SIRPA;NRG1;NODAL;GLIPR2;PIN1;AGER;LYN;SPRY3;CCNA2;EPHA4;PTPN6;CNKSR3;PTEN;ANGPT1;MFAP3;DUSP6;SMAD4;PLA2G2A;GAS6;NECAB2;ADRA1D;GPER1;BMPER;DDR1;CCL26;FGF2;PTK2B;FERMT2;PTPN11;LMO3;PDGFC;FGFR4;NOTCH2;PYCARD;PDGFD;FGF19;PRKCA;TNIP1;WNK2;SLC30A10;MAP2K1;PDGFB;F2R;NEK10;HLA-DRB1;ICAM1;SPRY2;TIMP3;EZR;TEK
CLN8,GO_Biological_Process_2023,prerank,Import Into Cell (GO:0098657),0.4020593170495701,0.973971666109258,0.4766146993318486,1.0,1.0,6/38,8.69%,SLC18A3;SLC6A13;SLC29A1;LRRC8C;LRRC8E;PLPPR4
CLN8,GO_Biological_Process_2023,prerank,Peptide Hormone Secretion (GO:0030072),0.43301732673162335,0.9737426340521363,0.49095022624434387,1.0,1.0,7/25,13.81%,CRHR1;PARK7;EDN1;SLC30A8;RAB1A;SNX19;PTPRN
CLN8,GO_Biological_Process_2023,prerank,G1/S Transition Of Mitotic Cell Cycle (GO:0000082),0.3688054975397405,0.9731637523977865,0.49160671462829736,1.0,1.0,16/63,15.22%,GPR132;GFI1;CDK3;CCND3;SPDYA;PPP6C;EIF4E;NPAT;CDK5;PIM2;CCNE2;CUL3;PHF8;CCND1;CDC7;POLE
CLN8,GO_Biological_Process_2023,prerank,Ribosomal Small Subunit Biogenesis (GO:0042274),0.355899474166108,0.9723999318791138,0.46919431279620855,1.0,1.0,32/82,21.57%,NOL7;MRPS7;RPS4X;WDR43;MPHOSPH10;UTP3;RPS24;RPS7;EXOSC10;RPS6;RPS16;RPS3A;RIOK3;NOP56;RPS25;HEATR1;WDR46;METTL17;RPS23;RPS15;DHX37;SPPL2B;NOM1;RPS27L;RPS5;RPS28;IGF2BP3;RIOK2;RPS19;RPS14;RPS8;FBL
CLN8,GO_Biological_Process_2023,prerank,Endothelial Cell Proliferation (GO:0001935),-0.4842638382610466,-0.9715139755614569,0.4991181657848324,1.0,1.0,6/18,21.25%,ANGPT4;BMPR2;NRARP;HMOX1;BMPER;PRKX
CLN8,GO_Biological_Process_2023,prerank,Apoptotic Nuclear Changes (GO:0030262),0.4871373364014863,0.9712496663417264,0.4868995633187773,1.0,1.0,6/16,17.38%,ACVR1C;DFFB;FOXL2;DNASE2;ENDOG;CECR2
CLN8,GO_Biological_Process_2023,prerank,Antigen Processing And Presentation Of Peptide Antigen Via MHC Class II (GO:0002495),-0.43599780157434,-0.9706439607253367,0.47680890538033394,1.0,1.0,11/26,26.12%,CTSS;GNAO1;CTSF;HLA-DPA1;CTSL;HLA-DMA;MARCHF8;DNM2;CTSD;HLA-DRB1;PIKFYVE
CLN8,GO_Biological_Process_2023,prerank,Regulation Of Lipoprotein Lipase Activity (GO:0051004),-0.49558145109689766,-0.9705723741092556,0.4844606946983547,1.0,1.0,4/15,7.89%,PCSK5;ANGPTL4;SORT1;APOH
CLN8,GO_Biological_Process_2023,prerank,Hexose Metabolic Process (GO:0019318),-0.4006736271691835,-0.9701658851654583,0.4936014625228519,1.0,1.0,15/45,19.21%,PMM1;GAA;GDPGP1;GCK;SLC37A4;ADPGK;H6PD;KCNJ11;CHST1;GALK2;SLC35A2;IRS2;HK1;FUCA1;SORD
CLN8,GO_Biological_Process_2023,prerank,Early Endosome To Late Endosome Transport (GO:0045022),-0.45286737433467544,-0.9700884618817641,0.4912621359223301,1.0,1.0,15/23,26.84%,EEA1;EMP2;WDR91;KIF16B;LMTK2;PTPN23;ATG14;HOOK1;RAB7A;ANKRD27;HOOK3;WDR81;SNF8;FHIP1B;RAB5A
CLN8,GO_Biological_Process_2023,prerank,Neutrophil Activation (GO:0042119),-0.48582730760001885,-0.9697203661058533,0.5027322404371585,1.0,1.0,7/18,26.19%,DNASE1;SYK;PRKCD;PREX1;IL15;CXCL6;KMT2E
CLN8,GO_Biological_Process_2023,prerank,Positive Regulation Of Tumor Necrosis Factor Production (GO:0032760),0.3570582928334137,0.9694531072660562,0.4817351598173516,1.0,1.0,21/77,19.15%,CLEC7A;IFIH1;SPHK2;HMGB1;PF4;SPN;TLR2;NOD2;EHHADH;AZU1;WNT5A;C1QTNF4;SETD4;CLU;TIRAP;FZD5;HSPB1;PLCG2;ARHGEF2;ARFGEF2;PTPRJ
CLN8,GO_Biological_Process_2023,prerank,Positive Regulation Of DNA Recombination (GO:0045911),0.38095409684821474,0.969406859800746,0.4840764331210191,1.0,1.0,20/51,18.47%,OOEP;ERCC2;PARP1;MRNIP;VPS72;TFRC;PIAS4;SHLD2;MAD2L2;MBTD1;ACTL6A;FUS;ERCC6;MMS19;MORF4L1;TRRAP;EPC1;HELQ;ING3;RUVBL2
CLN8,GO_Biological_Process_2023,prerank,Skeletal System Development (GO:0001501),-0.3374696812404376,-0.969343881777529,0.5086505190311419,1.0,1.0,54/147,25.35%,MEPE;BMP2;EXTL1;TBX3;CHRD;TGM2;ZBTB16;FGFR3;PCSK5;MATN3;COL19A1;ETS2;CD44;AHSG;OPTC;P3H1;SHOX;LECT2;ADAMTS4;SNORC;GDF3;SULF2;BPNT2;BMP1;COL27A1;PRELP;PKD1;CDH11;COL2A1;BMP6;RFLNA;GLI2;ALPL;EVC;GDF11;TEAD4;FGF8;HHIP;FBN1;ITGB8;GJA1;AKAP13;DLL3;POLR2D;CHD7;ANKRD11;ARSL;ANKH;DDRGK1;PKDCC;DYM;GHRL;PHEX;RAB33B
CLN8,GO_Biological_Process_2023,prerank,Leukocyte Adhesion To Vascular Endothelial Cell (GO:0061756),0.4681811568170985,0.9690493944060343,0.48060344827586204,1.0,1.0,4/19,8.75%,SELP;ITGB7;SPN;MADCAM1
CLN8,GO_Biological_Process_2023,prerank,T Cell Mediated Immunity (GO:0002456),0.4613904154214773,0.9689280361861984,0.4977578475336323,1.0,1.0,7/20,12.69%,BTN3A3;CR2;CD70;MICA;CTSH;SCART1;HLA-A
CLN8,GO_Biological_Process_2023,prerank,Negative Regulation Of Blood Vessel Endothelial Cell Migration (GO:0043537),-0.42401268926420926,-0.9688523388915482,0.4972677595628415,1.0,1.0,11/33,17.70%,ANGPT4;RGCC;KLF4;MEOX2;MECP2;NOTCH1;NRG1;PDCD10;HDAC5;MEF2C;VASH1
CLN8,GO_Biological_Process_2023,prerank,Positive Regulation Of Ubiquitin-Protein Transferase Activity (GO:0051443),-0.4415644697789345,-0.968686108264601,0.5064695009242144,1.0,1.0,10/27,19.77%,ARRDC4;TRIB3;AXIN1;BTRC;SKP1;PIN1;PTEN;DCUN1D3;PINK1;CDC14B
CLN8,GO_Biological_Process_2023,prerank,Regulation Of Chromosome Segregation (GO:0051983),-0.44277261018254177,-0.9683261292792261,0.5135658914728682,1.0,1.0,7/26,14.54%,KIF2B;RMI2;PUM2;NCAPH;NCAPH2;CDCA2;SMC5
CLN8,GO_Biological_Process_2023,prerank,Negative Regulation Of Peptidyl-Tyrosine Phosphorylation (GO:0050732),-0.43047613487700054,-0.968052035625609,0.48473967684021546,1.0,1.0,10/30,17.11%,LILRB4;SH2B3;OCRL;PARP14;PRKCD;NF2;PIBF1;SRCIN1;PTPN6;SAMSN1
CLN8,GO_Biological_Process_2023,prerank,Lipid Transport (GO:0006869),0.33834944539883693,0.9678643271213772,0.513126491646778,1.0,1.0,32/106,18.04%,SLCO1C1;ABCC3;ABCC11;ABCA13;CD36;ABCA12;ABCA4;MTTP;ABCA9;ACSL1;SLCO2B1;SCP2;NME4;PLPPR4;AKR1C1;BLTP1;EHHADH;TRIAP1;UGCG;CPTP;PRELID1;OSBPL5;CEACAM1;SLC27A5;OSBPL2;SLC27A1;ABCD3;ESYT1;CHKA;GM2A;SLC27A4;FABP5
CLN8,GO_Biological_Process_2023,prerank,Protein Transport (GO:0015031),-0.31177243203601995,-0.9674870530577474,0.5394957983193277,1.0,1.0,128/310,25.10%,PPY;RD3;SCFD1;WLS;LRP2;PPT1;PDCD6;ARRDC4;RAB26;MON1A;PHAF1;PRKCB;SCAMP5;BBS1;RAB3C;STX2;SPTBN1;SCFD2;RAB23;STXBP1;MYH9;CHMP3;COPA;REP15;APOB;ARL17A;UNC93B1;TOM1;CD74;RABL2B;RAMP3;MCOLN1;RAB35;VPS33A;RAB32;NECAB3;ARRDC2;RAB29;TANGO2;AP3D1;RAB10;AP2A1;FAM91A1;LRP1;KIF13A;GRPEL2;CTSA;RAB6A;CEP290;RAB22A;TMED2;TSNARE1;USO1;RAB5C;ARF3;RPGR;RAB8A;STX5;VPS26A;RAB31;LRP1B;VAMP2;ARFIP1;DENND10;MYO6;VPS26B;SNX27;NAPA;GOLPH3L;STX7;UNC119;RABL2A;IFT27;COPG2;SNX4;MIA2;BBS2;CHMP1B;CANX;RAB3GAP2;TMED1;NSF;AP4M1;LMTK2;TIMM44;IFT22;ARFGAP3;SNX31;GGA1;STX3;CHMP2A;GOLGA4;HIKESHI;RAB5B;VIPAS39;TMED5;RAB28;AP3B1;DNAJC19;LRSAM1;BLZF1;SAR1B;RAB6B;NAPG;SURF4;TIMM50;STX1A;MACF1;STX12;RAB13;TANGO6;PDIA4;PREPL;TVP23C;TVP23A;STXBP2;RAB19;VPS45;RAB7A;SNX9;RAB43;DNM2;SCAMP1;TIMM21;CLTC;COPG1;PICK1;ARFIP2
CLN8,GO_Biological_Process_2023,prerank,Protein Peptidyl-Prolyl Isomerization (GO:0000413),0.4669717579033712,0.9672242070956637,0.4897119341563786,1.0,1.0,5/19,12.14%,PPIB;PPIL6;FKBP1B;PPIH;PPIF
CLN8,GO_Biological_Process_2023,prerank,Positive Regulation Of Phosphatidylinositol 3-Kinase Activity (GO:0043552),-0.4443166685673657,-0.9671586014080479,0.5124113475177305,1.0,1.0,12/26,22.86%,TNFAIP8L3;FGFR3;PDGFRB;PTK2;KIT;FLT1;FLT3;P2RY12;ATG14;FGF2;PTK2B;PRKD1
CLN8,GO_Biological_Process_2023,prerank,Regulation Of Lysosomal Lumen pH (GO:0035751),0.4277604089454316,0.9671087405400255,0.5031446540880503,1.0,1.0,9/25,16.28%,TCIRG1;ATP6V0C;LRRK2;TMEM9;ATP6V1F;CCDC115;OCA2;TMEM199;ATP6V1D
CLN8,GO_Biological_Process_2023,prerank,Regulation Of JNK Cascade (GO:0046328),0.339695300648286,0.9670456361964582,0.5092165898617511,1.0,1.0,33/110,17.97%,WNT16;CARD9;SERPINF2;EDAR;CD27;GADD45G;HMGB1;SDCBP;MAP3K5;TAOK1;NOD2;TNFRSF19;PER1;ANKRD6;ITCH;MAPK8IP2;MBIP;MAP4K2;MTURN;MEN1;HDAC3;TRAF3;PRMT1;ZNF622;ANKS1B;COPS5;HIPK2;HRAS;GPS2;MECOM;TIRAP;EPHB1;TRAF2
CLN8,GO_Biological_Process_2023,prerank,Negative Regulation Of Cation Transmembrane Transport (GO:1904063),0.48940869324141695,0.9666994554139761,0.505307855626327,1.0,1.0,7/15,18.20%,STK39;CAB39;PPIF;BIN1;KCNE5;KCNH2;CAV1
CLN8,GO_Biological_Process_2023,prerank,Mitochondrion Organization (GO:0007005),0.3262798128002767,0.9666381175212909,0.4963144963144963,1.0,1.0,54/159,19.98%,ATP2A1;MYH7B;NOA1;STMP1;BIK;MTFP1;FANCG;ATP7A;PARK7;BCS1L;PARP1;AIFM1;LRRK2;TIMM13;RHOT1;OPA1;HSPD1;TIMM17B;HK2;COX7A2L;TOMM7;CXADR;MTX1;DNAJA3;AFG1L;PHB1;AGTPBP1;PID1;WASF1;APEX1;STOML2;TSPO;MIEF2;PRDX3;CHCHD2;HSD17B10;RAB5IF;ATAD3A;MFN2;SUPV3L1;HAX1;PITRM1;ATP5F1D;NDUFS1;SPATA18;GDAP1;TMEM242;TAFAZZIN;ATAD3B;MUL1;BAX;UCP2;OMA1;TMEM11
CLN8,GO_Biological_Process_2023,prerank,Regulation Of Transmembrane Receptor Protein Serine/Threonine Kinase Signaling Pathway (GO:0090092),0.41356932169441685,0.9663302321372902,0.5064935064935064,1.0,1.0,13/31,21.32%,EID2;FOLR1;LTBP4;ITGA3;ZNF703;FKBP1A;SFRP4;FSTL3;TWSG1;SMAD7;SMURF2;FST;LATS2
CLN8,GO_Biological_Process_2023,prerank,Regulation Of Protein Binding (GO:0043393),0.33593421059742556,0.96627370484451,0.5218446601941747,1.0,1.0,39/118,19.50%,CSF3;DNAJB2;TTBK1;IFIT1;TMBIM6;PARK7;DTX3L;USP33;CRK;BMP4;LRRK2;SUB1;PPP1CA;AKT1;AURKB;DDX11;FKBP1A;ZFPM1;DERL1;LDLRAP1;STYX;FLOT1;GTF2F1;STK3;EPB41;BAG2;CTNNBIP1;HIPK2;PLK1;PSME3IP1;AKTIP;SYMPK;CAV1;SPPL3;PEX14;SORL1;GNL3L;CAPRIN2;BAX
CLN8,GO_Biological_Process_2023,prerank,Regulation Of Cell Migration (GO:0030334),-0.30469388711232326,-0.9661854400748365,0.5478395061728395,1.0,1.0,141/433,23.16%,FGF21;BMP2;RIPOR1;F7;TCAF2;CORT;FGF22;FERMT3;PLXNA2;CARMIL2;SEMA3G;SEMA7A;FGF9;TRADD;DAAM2;VSIR;DUSP22;CHRD;SEMA6D;MAP4K4;ROBO4;FGF23;SCAI;SEMA4G;TMSB10;PLXND1;NTNG2;CIB1;OSGIN1;LMNA;TDGF1;CXCL12;PDGFRB;CLDN5;PTK2;PHACTR1;HBEGF;INSR;FAM89B;SNAI2;ARPIN;EPHB2;AMH;ATM;ARID2;LAMC2;CD74;FAM107A;DUSP10;MCTP1;SRGAP1;TCAF1;ARHGAP4;LEF1;FLT4;ULK4;SEMA6C;SINHCAF;SH3RF2;NOTCH1;LGR6;MITF;PPP3CA;CNTN1;DAB2;KIT;FLT1;ADAM15;PARD6B;NF2;PODXL;XBP1;STK24;CDH1;SUN2;OGT;PDCD10;SEMA4A;RET;SEMA4B;PAK1;CDH11;SPATA13;PLXNA3;ING2;CCNA2;ZMYND8;EPHA4;SRCIN1;AIF1;RBBP7;PLET1;PTEN;KIF26A;TRIM32;SPHK1;PTPRT;SEMA4C;ELP3;NUMB;FGF18;ADAM10;SERPINE2;AMOTL1;VEGFA;HACE1;CBLL1;ZNF304;RHOB;GPER1;FGF8;ELP6;FOXO3;WASHC1;ENG;PLXNB2;MDK;RACK1;CITED2;GTPBP4;SEMA3C;PRKX;GRN;SGK3;CORO1C;TBCCD1;CCL26;FGF2;PTK2B;APPL1;FERMT2;PDPN;MGAT5;RAP2A;FAM110C;MACF1;ADAM9;PDGFC;ROCK2;MYADM;NEXN
CLN8,GO_Biological_Process_2023,prerank,Negative Regulation Of Cytokine Production (GO:0001818),-0.3317290031670571,-0.9659710232929688,0.5365853658536586,1.0,1.0,38/177,18.31%,LILRB4;XAF1;CD33;IL23R;TIGIT;SRGN;RGCC;KLF4;VSIR;ZFP36;XCL1;FOXP3;F2;ATP2B1;TNFSF4;ARRB1;FOXJ1;ILRUN;ELF4;GPATCH3;CLEC4A;LEF1;RNF216;CR1;C1QTNF3;SIRPA;SYT11;IRAK3;ZC3H12A;PIBF1;AGER;HOMER3;PTPN6;OTUD5;ADCY7;IRGM;RPS6KA4;SIGIRR
CLN8,GO_Biological_Process_2023,prerank,Regulation Of Plasma Membrane Bounded Cell Projection Organization (GO:0120035),-0.43452684433400696,-0.9659263601738225,0.5018382352941176,1.0,1.0,14/28,22.41%,NTNG2;FBXO7;CAMK2G;ZNF365;ULK4;BRSK1;NDEL1;PTEN;KIF26A;HOMER1;NCS1;MARK1;GSK3A;EFHC2
CLN8,GO_Biological_Process_2023,prerank,Regulation Of Cation Channel Activity (GO:2001257),-0.38568587306699065,-0.9656371908734677,0.4911937377690802,1.0,1.0,21/56,22.22%,CTSS;S100G;HRC;KCNG1;FGF14;JSRP1;CACNB3;KCNAB1;JPH2;NETO1;JPH4;NOS1;EDNRA;VAMP2;DMD;HOMER1;STAC;CALM1;CALM2;CACNA1A;CACNB2
CLN8,GO_Biological_Process_2023,prerank,Protein Ubiquitination (GO:0016567),-0.3030505242609008,-0.9654117275986551,0.5510887772194305,1.0,1.0,134/425,21.89%,RNF225;TRIM15;ASB5;CUL7;LZTR1;SPOP;TRIM72;KLHL21;TNKS2;OS9;TRIM7;UBE2E1;BARD1;ARRDC4;TRIML2;RNF112;RNF157;SIRT1;UBA1;ENC1;ASB2;FBXO25;FBXW8;FBXO7;UHRF1;NHLRC1;FBXL17;TRIM52;FBXO10;FBXO24;KBTBD8;RNF141;DDB1;ARRB1;RMND5A;TRIM73;TRIM17;RNF103;TRIM3;ELOC;GAN;RNF43;SH3RF2;NEDD4L;ARIH1;SYVN1;TRIM22;RC3H2;RNF34;RC3H1;BTRC;MKRN2;FANCA;KLHL3;FBH1;FBXL5;RNF139;WWP2;AMFR;VPS18;HERC2P3;USP9X;SKP1;RPGR;DEPDC1B;CDC34;RNF4;HUWE1;DCAF15;RNF114;FANCB;ZNRF3;CNOT4;VHL;MKRN1;FBXO11;SPSB2;RNF168;AREL1;OBI1;HECW2;MIB1;SHPRH;SH3RF1;BRCA1;TRIM56;SPSB4;MARVELD3;RNF38;TRIM32;PINK1;RLIM;TRIM41;KLHL20;ZNF738;RAG1;CUL4B;RNF181;WWP1;TPP2;CBFB;MAGEF1;FBXO22;UBE2D2;TRIM26;RFWD3;TNKS;BIRC2;KLHL18;KLHL8;TRIM2;TRIP12;HACE1;UBE2D4;HECW1;TRIM5;CBLL1;CUL1;ANAPC7;BABAM2;SPSB1;TRIM34;WSB1;SH3RF3;MYLIP;TRIM33;RACK1;FBXL15;TRIM35;MARCHF8;USP7;MARCHF2;LRSAM1;RNF185
CLN8,GO_Biological_Process_2023,prerank,Pharyngeal System Development (GO:0060037),0.4776199126031836,0.9652633522468057,0.4935897435897436,1.0,1.0,4/16,7.80%,NOG;BMP5;FOLR1;TGFB2
CLN8,GO_Biological_Process_2023,prerank,Positive Regulation Of Viral Genome Replication (GO:0045070),0.4184332266500549,0.9651693173777893,0.5053763440860215,1.0,1.0,9/29,15.80%,CD28;IFIT1;FKBP6;PPIH;DDX3X;STAU1;ADARB1;TOP2B;HACD3
CLN8,GO_Biological_Process_2023,prerank,Cellular Response To Hypoxia (GO:0071456),-0.36575726238240786,-0.9650264552946654,0.5102389078498294,1.0,1.0,20/72,17.47%,PLK3;MGARP;ANGPT4;RGCC;AQP3;CPEB2;SIRT1;SIRT2;AK4;LMNA;SUV39H2;STOX1;P4HB;HYOU1;NOTCH1;HMOX1;VHL;SCN2A;FAM162A;PINK1
CLN8,GO_Biological_Process_2023,prerank,Regulation Of Wound Healing (GO:0061041),0.3892825640353183,0.9646443649687072,0.4911894273127753,1.0,1.0,12/46,18.24%,CLEC7A;DMTN;VIL1;DUOX1;ADRA2A;CRK;INSL3;CLDN19;EPPK1;HRAS;CAV1;ITGB1
CLN8,GO_Biological_Process_2023,prerank,Regulation Of T Cell Receptor Signaling Pathway (GO:0050856),-0.41627514584999564,-0.9646134534313627,0.5322862129144852,1.0,1.0,4/34,1.59%,LILRB4;PVRIG;SLA2;LGALS3
CLN8,GO_Biological_Process_2023,prerank,Positive Regulation Of Cell Differentiation (GO:0045597),0.3026636098336403,0.9641646579916533,0.5671641791044776,1.0,1.0,85/283,18.13%,CSF3;DDR2;PLA2G10;INSM1;CD36;ALX1;KCTD11;SERPINF2;LTF;SOX6;PLA2G5;BLOC1S6;TNXB;BRD7;GDNF;CSF1;GDPD5;SDCBP;GDF5;PF4;PPARG;NELL1;ASXL2;BMP4;GPRC5B;TGFB2;AKT1;TGFB1I1;ZNF703;SCUBE3;CARM1;PCP4;SNAI1;MSR1;CREBL2;GDF6;RIN2;LAMB2;PHF10;ADAM8;DNAI3;TP63;KDR;ADRA2C;SMARCB1;TCF3;BRINP3;TCF15;BMPR1B;SMARCC2;SMARCD1;DHX36;MAPK9;NRCAM;EZH2;LAMA2;CEACAM1;FBXO5;SYAP1;SUCO;ACTL6A;IFITM1;NFKB1;TGFBR1;IGF1;REST;SFRP2;CTNNBIP1;HEYL;RRAS;ZHX3;NGF;ATRAID;HIF1AN;SOX4;CRB2;CPNE1;SMARCD2;HSP90AB1;PPP1R13L;WDFY2;TENT5A;AXIN2;ARHGEF2;GCNT2
CLN8,GO_Biological_Process_2023,prerank,Regulation Of Telomere Maintenance In Response To DNA Damage (GO:1904505),-0.491769609065262,-0.9641118925227192,0.518850987432675,1.0,1.0,9/15,23.53%,ACTR5;NFRKB;INO80;INO80B;RTEL1;TFPT;INO80C;INO80E;INO80D
CLN8,GO_Biological_Process_2023,prerank,Phosphatidylinositol 3-Kinase Signaling (GO:0014065),0.41787431569476396,0.9637896563501411,0.4823008849557522,1.0,1.0,15/32,20.10%,NYAP2;IRS1;CD160;EDN1;NF1;PIK3R1;PIK3C2B;IGF1;PIK3R2;PIK3C2A;ZFP36L1;PLEKHA1;PIK3CB;ERBB2;PIK3CD
CLN8,GO_Biological_Process_2023,prerank,Positive Regulation Of Response To Stimulus (GO:0048584),-0.3637370747829645,-0.9630463376368484,0.5105263157894737,1.0,1.0,29/76,24.47%,C6;ACTR5;GATA3;SMCHD1;NFRKB;SIRT1;ECHDC3;INO80;DEPDC1B;DHX9;RNF168;CNKSR3;BRCA1;INO80B;HOMER1;TFPT;BABAM2;TRIM28;CEBPG;IL15;INO80C;INO80E;ILK;H2AX;INO80D;CDKN2AIP;WRAP53;MAVS;NPAS2
CLN8,GO_Biological_Process_2023,prerank,Ribosomal Large Subunit Biogenesis (GO:0042273),0.38440239574182494,0.9626086981011299,0.5127020785219399,1.0,1.0,15/52,15.48%,GTF3A;MAK16;CINP;NOP16;RPL10;NLE1;RPL26;RPL5;RSL24D1;RRP15;RPL35A;WDR12;ZNF622;LAS1L;SPATA5
CLN8,GO_Biological_Process_2023,prerank,Protein Sumoylation (GO:0016925),0.38831742314743756,0.9624014434252115,0.5126436781609195,1.0,1.0,24/45,23.77%,IFIH1;RNF212B;PIAS3;SUMO3;CBX4;NSMCE4A;EYA1;PIAS4;ZNF451;SENP1;ZMIZ2;PIAS2;SLF1;RNF212;UBA2;UHRF2;MDM2;SMC6;NSMCE2;SUMO2;ZMIZ1;SAE1;EID3;HDAC9
CLN8,GO_Biological_Process_2023,prerank,Negative Regulation Of Neuron Apoptotic Process (GO:0043524),-0.3671242698941674,-0.9622147352464199,0.5255731922398589,1.0,1.0,24/74,22.13%,CITED1;FOXB1;POU4F1;PPT1;KDM2B;NTRK1;NTRK2;RASA1;CCL2;IL6ST;SIX1;SIX4;TYRO3;NAIP;MSH2;MEF2C;WFS1;CNTFR;PINK1;MDK;GRN;PTK2B;RETREG1;ERBB3
CLN8,GO_Biological_Process_2023,prerank,Cellular Component Disassembly (GO:0022411),-0.3913918953330639,-0.9620097113393804,0.48717948717948717,1.0,1.0,11/46,14.07%,CTSS;LAMC1;EXOC8;KLK7;ADAMTS15;NOXO1;DYRK3;ADAMTS4;MMP19;ADAM15;TMPRSS6
CLN8,GO_Biological_Process_2023,prerank,Vesicle-Mediated Transport In Synapse (GO:0099003),-0.47307982736611737,-0.9618565697938103,0.5066162570888468,1.0,1.0,10/18,23.17%,RIMS1;CPLX4;OTOF;SNAP25;DNAJC5;BRSK1;VAMP2;SNCA;STX1A;SNAPIN
CLN8,GO_Biological_Process_2023,prerank,Ubiquitin-Dependent Protein Catabolic Process (GO:0006511),-0.3042802657592441,-0.9616884893582857,0.5533661740558292,1.0,1.0,112/362,20.05%,SPOP;TRIM72;RNF128;OS9;UBL7;CSNK1A1;UBE2E1;GET4;FEM1B;MAEA;SIRT1;UBA1;HECTD3;SIRT2;VPS37B;SH3BGRL;ASB2;VPS37C;FBXO7;ZFAND2A;PCBP2;UHRF1;IFI27;NHLRC1;FBXL17;TRIM9;AXIN1;DCST1;SIAH3;CHMP3;NSFL1C;FBXO10;PSMB7;FBXL14;DDB1;ARRB1;RMND5A;HECTD1;TRIM3;ELOC;RNF216;RNF43;PELI1;NEDD4L;ARIH1;SYVN1;RC3H2;RNF34;RC3H1;BTRC;MKRN2;KLHL3;WWP2;AMFR;PSMC2;USP9X;FEM1A;SKP1;RNF149;RPGR;SQSTM1;CDC34;XBP1;RNF4;FBXO8;GID8;RNF114;MVB12B;COPS3;ZNRF3;HERPUD1;VPS28;CNOT4;KBTBD7;PSMD1;FBXO11;SPSB2;RNF168;AREL1;PSMA5;NDFIP2;ZFAND2B;MIB1;MVB12A;WDR91;RAD23B;PSMB5;USP44;PSMA1;SPSB4;MARVELD3;TRIM32;PINK1;RLIM;KLHL20;CHMP1B;BAG6;RNF130;WWP1;FBXO22;UBE2D2;PTPN23;BIRC2;CHMP2A;KLHL8;TRIM2;TRIP12;PSMA4;HACE1;UBE2D4;ZRANB1;CUL1
CLN8,GO_Biological_Process_2023,prerank,Positive Regulation Of Hormone Secretion (GO:0046887),0.45852381442369994,0.9614579643559136,0.45560747663551404,1.0,1.0,6/19,20.60%,EDN1;PPARG;RASL10B;NMB;VAMP8;TFR2
CLN8,GO_Biological_Process_2023,prerank,Positive Regulation Of Lipid Kinase Activity (GO:0090218),-0.4257583497538257,-0.9612687571673239,0.5133214920071048,1.0,1.0,14/30,22.86%,TNFAIP8L3;FGFR3;F2;MAPT;PDGFRB;PTK2;KIT;FLT1;FLT3;P2RY12;ATG14;FGF2;PTK2B;PRKD1
CLN8,GO_Biological_Process_2023,prerank,Vesicle-Mediated Transport Between Endosomal Compartments (GO:0098927),-0.4431589741870636,-0.9611684421707756,0.5175097276264592,1.0,1.0,15/24,26.84%,EEA1;EMP2;WDR91;KIF16B;LMTK2;PTPN23;ATG14;HOOK1;RAB7A;ANKRD27;HOOK3;WDR81;SNF8;FHIP1B;RAB5A
CLN8,GO_Biological_Process_2023,prerank,Leukotriene Biosynthetic Process (GO:0019370),0.47703942834371904,0.9607788181788456,0.49223946784922396,1.0,1.0,2/17,7.68%,PLA2G5;GGT1
CLN8,GO_Biological_Process_2023,prerank,Mesenchymal Cell Differentiation (GO:0048762),-0.3809910480835047,-0.9602225523123792,0.5127272727272727,1.0,1.0,15/54,17.68%,BMP2;CUL7;HTR2B;FBXL17;RANBP3L;SNAI2;WNT4;HEY2;HNRNPAB;LEF1;S100A4;NOTCH1;MEF2C;OTUD5;SMAD4
CLN8,GO_Biological_Process_2023,prerank,Peptidyl-Threonine Modification (GO:0018210),0.3621454822324645,0.9599867784770665,0.5148063781321185,1.0,1.0,18/66,17.54%,MYLK2;CDK10;CDC42BPG;TTBK1;GALNTL6;DYRK1B;STK39;LRRK2;AKT1;WNK3;CSNK2B;GALNT16;CDK5;TGFBR1;HIPK2;GALNT2;HIPK3;CDK1
CLN8,GO_Biological_Process_2023,prerank,Skeletal Muscle Tissue Development (GO:0007519),0.38832244008530425,0.9599210509470237,0.4967741935483871,1.0,1.0,9/42,10.42%,MYLK2;MSC;MYH7B;MYL11;VRK3;BVES;MYOZ1;SVIL;FOXL2
CLN8,GO_Biological_Process_2023,prerank,piRNA Processing (GO:0034587),0.4569995919215496,0.9599188134194768,0.4924406047516199,1.0,1.0,5/19,8.81%,DDX4;MOV10L1;PIWIL1;FKBP6;ANKRD34B
CLN8,GO_Biological_Process_2023,prerank,Multivesicular Body Assembly (GO:0036258),-0.4303181656913331,-0.9595721595666264,0.5223048327137546,1.0,1.0,16/29,26.55%,VPS37B;VPS37C;CHMP3;IST1;PDCD6IP;VPS28;MVB12A;STAM2;CHMP1B;CHMP2A;CHMP5;RAB11A;CHMP4A;SNF8;VPS36;CHMP2B
CLN8,GO_Biological_Process_2023,prerank,Plasma Membrane Bounded Cell Projection Assembly (GO:0120031),-0.31237711644301347,-0.9585443476333805,0.5680272108843537,1.0,1.0,96/273,23.06%,B9D2;RILPL2;CFAP221;BBS5;MAP4K4;KIF27;FXYD5;PCNT;FGD5;FHDC1;OCRL;DNAAF1;ARL3;FBXW8;SPAG6;ARHGEF4;BBS1;FBF1;CFAP47;TCTN2;EMP1;RAB23;FMNL3;TTLL3;INPP5K;WDR54;KIAA0586;PTPRO;FOXJ1;RABL2B;P2RX7;NUDCD3;RILPL1;RAPGEF2;CFAP70;NOTCH1;IFT46;RAP1B;PPP1R9B;IFT20;IFT52;FAM149B1;KIAA0753;KIT;CEP290;CD2AP;RAB3IP;IQCB1;FSCN1;RPGR;RAB8A;TMEM107;ASAP1;DNM3;CEP126;DNMBP;PIBF1;ATAT1;BBS4;WDPCP;ACTR2;SHTN1;WDR35;EMP2;SPATA13;EHD2;AIF1;MAK;ALPK1;DNAH5;IFT27;CPLANE1;P2RY12;BBS2;DYNC2I1;SSX2IP;IFT22;PTPN23;DZIP1;HYLS1;CDC14B;IFT57;FGD4;CFAP161;NPHP3;TMEM250;IFT88;TMEM138;WDR19;CEP89;AHI1;RAP2A;ACTN2;MTSS1;CDC14A;WDR90
CLN8,GO_Biological_Process_2023,prerank,Positive Regulation Of Axonogenesis (GO:0050772),-0.40554388570367833,-0.9578877732620723,0.5127737226277372,1.0,1.0,18/38,26.37%,PLXNA2;SEMA7A;PLXND1;NTRK2;MAPT;CHODL;LIMK1;SHTN1;PLXNA3;METRN;GOLGA4;MAP6;PLXNB2;MACF1;ZFYVE27;SLIT2;PLXNB1;TIAM1
CLN8,GO_Biological_Process_2023,prerank,Proton Transmembrane Transport (GO:1902600),0.38079717845161265,0.9575700283405933,0.5273159144893111,1.0,1.0,16/49,19.95%,SLC36A3;TCIRG1;ATP5PO;SLC36A2;ATP6V0C;ATP1A3;ATP6V1F;ATP5F1B;COX15;ATP6V1D;ATP6V0D1;DMAC2L;ATP1B1;ATP6V1E1;UCP2;NNT
CLN8,GO_Biological_Process_2023,prerank,Regulation Of Cellular Senescence (GO:2000772),-0.41368569643260833,-0.9573620877281334,0.5217391304347826,1.0,1.0,13/35,23.57%,HLA-G;SIRT1;AMH;NEK4;ZKSCAN3;MORC3;ING2;PTEN;VASH1;SIRT6;PNPT1;CDK6;CGAS
CLN8,GO_Biological_Process_2023,prerank,Establishment Of Endothelial Barrier (GO:0061028),-0.43362782719676835,-0.9572671591097749,0.515426497277677,1.0,1.0,18/28,30.07%,ROBO4;RAPGEF2;RAP1B;TJP2;RAPGEF1;PDE2A;TJP3;MYADM;PPP1R16B;RAPGEF6;ICAM1;EZR;RAB1B;MSN;RDX;F11R;RAPGEF3;RAP1A
CLN8,GO_Biological_Process_2023,prerank,Antigen Processing And Presentation Of Exogenous Peptide Antigen Via MHC Class II (GO:0019886),-0.43577840136955487,-0.9569381831003734,0.5018656716417911,1.0,1.0,5/24,12.62%,CTSS;GNAO1;CTSF;HLA-DPA1;CTSL
CLN8,GO_Biological_Process_2023,prerank,Organelle Fusion (GO:0048284),-0.43093316685190497,-0.9568441166069052,0.5328467153284672,1.0,1.0,13/26,26.79%,PLD6;USP30;EEA1;CIDEB;MIGA2;VPS18;MFF;STX3;MIEF1;THG1L;MIGA1;STX4;FIS1
CLN8,GO_Biological_Process_2023,prerank,Positive Regulation Of Blood Coagulation (GO:0030194),0.4380763982130598,0.9567042659797217,0.49547511312217196,1.0,1.0,8/21,17.36%,DMTN;THBD;SERPINF2;HPSE;USF1;F12;EMILIN2;ST3GAL4
CLN8,GO_Biological_Process_2023,prerank,Nucleus Organization (GO:0006997),-0.3986069610408365,-0.9566688810676431,0.5206766917293233,1.0,1.0,14/44,19.48%,PRM2;LMNA;CHMP3;LMNB1;REEP4;PDCD6IP;NUP98;DMPK;REEP3;CHMP1B;PITPNB;NUP133;NUMA1;CHMP2A
CLN8,GO_Biological_Process_2023,prerank,Gland Development (GO:0048732),0.354106017984487,0.9564590052604353,0.5132743362831859,1.0,1.0,15/73,18.26%,PRL;NKX3-1;GFER;LSR;NF1;FGFR2;PHF1;NOTCH4;TGFBR1;MET;PROX1;ARHGAP35;SALL1;CAV1;PCSK9
CLN8,GO_Biological_Process_2023,prerank,Endomembrane System Organization (GO:0010256),-0.32173191777790555,-0.9564337724782722,0.5621805792163543,1.0,1.0,55/193,16.62%,ANXA8;CUL7;GOLGA8T;PLEKHF2;GOLGA6C;SRGN;GOLGA8H;CSNK1A1;GOLGA6A;COG3;GOLGA8N;HTT;SPTBN5;RNF112;GOLGA6B;LMNA;FBXW8;SYNGR1;PI4K2A;EXOC8;RAB30;SPTBN1;ATP8B1;GOLGA8A;ZNF501;NSFL1C;PLEKHF1;LMNB1;TRAPPC11;TMCC1;VAPA;REEP4;FAM174B;ATL1;RAB29;TANGO2;CR1;AP3D1;RAB22A;TMED2;USP6NL;VPS18;DNM1;RAB8A;TOR1B;SMPD4;SQSTM1;COG8;DMPK;REEP3;TRAPPC8;ZW10;LAPTM4B;GOLPH3L;GORASP1
CLN8,GO_Biological_Process_2023,prerank,Extracellular Matrix Disassembly (GO:0022617),-0.3927126291384154,-0.9564144711650614,0.49074074074074076,1.0,1.0,13/44,20.34%,CTSS;LAMC1;EXOC8;KLK7;ADAMTS15;NOXO1;ADAMTS4;MMP19;ADAM15;TMPRSS6;MMP11;LCP1;WASHC1
CLN8,GO_Biological_Process_2023,prerank,Cellular Response To Type II Interferon (GO:0071346),-0.3671234015584561,-0.9563143236797157,0.5509181969949917,1.0,1.0,14/64,13.14%,SLC26A6;CCL25;XCL1;HCK;TDGF1;PDE12;IRF8;JAK2;HLA-DPA1;CCL2;JAK1;CD47;SIRPA;SYNCRIP
CLN8,GO_Biological_Process_2023,prerank,Regulation Of rRNA Processing (GO:2000232),0.47593769010055176,0.9561925191327965,0.5262008733624454,1.0,1.0,8/15,20.11%,TRMT112;WDR43;KAT2B;USP36;YTHDF2;HEATR1;SIRT7;RIOK2
CLN8,GO_Biological_Process_2023,prerank,Regulation Of Dendrite Development (GO:0050773),-0.4082474669356889,-0.9559386559679383,0.5135135135135135,1.0,1.0,17/41,22.43%,MGARP;PACSIN1;CHRNB2;KIAA0319;CAMSAP2;CSMD3;SEZ6;NEDD4L;HECW2;RTN4IP1;PTN;BCL11A;MARK1;HECW1;COBL;LRP8;RAP2A
CLN8,GO_Biological_Process_2023,prerank,Fc Receptor Signaling Pathway (GO:0038093),0.42613430190945717,0.9558276776278938,0.5076252723311547,1.0,1.0,12/26,19.64%,FCER1G;MAP3K1;IKBKB;MAPK9;CD247;MAPK10;MAP2K7;PLCG2;FER;VAV2;MAP3K7;TRAF6
CLN8,GO_Biological_Process_2023,prerank,ncRNA Catabolic Process (GO:0034661),-0.4119167435711914,-0.9558122702112907,0.5148698884758365,1.0,1.0,13/33,26.00%,SLFN14;TENT4B;ZC3H12A;DIS3;RBM7;SND1;ELAC2;WDR82;EXOSC6;ERN2;NUDT16L1;EXOSC3;LIN28A
CLN8,GO_Biological_Process_2023,prerank,Actin Polymerization Or Depolymerization (GO:0008154),-0.37955657953042526,-0.955636601311085,0.5431654676258992,1.0,1.0,20/53,21.04%,SCIN;WAS;CATIP;FHDC1;MSRB2;JAK2;TTC17;FAM107A;ENAH;SPIRE2;INF2;AIF1;PREX1;WASF3;SPIRE1;WASHC3;VILL;MICALL2;COBL;DIAPH3
CLN8,GO_Biological_Process_2023,prerank,Positive Regulation Of Defense Response (GO:0031349),-0.3407638046679442,-0.9553754277532659,0.5514184397163121,1.0,1.0,49/123,25.00%,SH2D1B;IFNK;POLR3G;TRADD;AGT;MAPK13;PLA2G7;TNFSF4;NLRP10;CD1D;APP;TSLP;GRPR;CD47;NAIP;FADD;FEM1A;POLR3C;DHX9;NFKBIA;NLRC4;MEF2C;TRIM56;IRGM;PDE2A;NLRP1;PLA2G2A;IFI35;LCP1;IL18;NLRP12;GPSM3;IGF2BP1;MDK;SNCA;GRN;LRSAM1;RNF185;IL15;MGST2;IL17RA;PDCD4;PYCARD;TNIP1;MYO1C;NPAS2;PLSCR1;IL23A;ZP3
CLN8,GO_Biological_Process_2023,prerank,Neutrophil Chemotaxis (GO:0030593),-0.37300957753648617,-0.95513857798541,0.5460992907801419,1.0,1.0,8/68,11.04%,LGALS3;ITGB2;CCL25;CXCL13;CXCL5;XCL1;CCL2;SYK
CLN8,GO_Biological_Process_2023,prerank,Peptidyl-Lysine Methylation (GO:0018022),-0.4363542760395435,-0.9544690087185727,0.5244122965641953,1.0,1.0,12/27,23.26%,METTL21EP;CSKMT;SUV39H2;SETD7;FAM86B2;METTL18;EEF1AKMT3;SETD2;EEF1AKMT1;ATPSCKMT;METTL21A;SMYD3
CLN8,GO_Biological_Process_2023,prerank,Lipid Modification (GO:0030258),-0.39397781418329797,-0.9540893383363713,0.5046728971962616,1.0,1.0,13/42,14.83%,PLPP4;ALOX15;CYP4A22;DGKQ;CYP2E1;DGKI;MBOAT4;PLA2G7;PLPPR1;PORCN;PLPP1;PLPP5;DGKG
CLN8,GO_Biological_Process_2023,prerank,Positive Regulation Of DNA Metabolic Process (GO:0051054),-0.3460220758877931,-0.9536906867155966,0.5529801324503312,1.0,1.0,47/108,24.47%,NPM2;RGCC;ACTR5;SMCHD1;NFRKB;SIRT1;PDGFRB;APLF;ATAD5;DNA2;HNRNPAB;MECP2;WRN;STON1;INO80;USP9X;DEPDC1B;TOX;DHX9;RNF168;RAD50;BRCA1;GLI2;ZCWPW1;INO80B;RTEL1;TFPT;SIRT6;BABAM2;BCAR3;TRIM28;MRE11;PRIM2;CEBPG;USP7;FGF2;STPG4;INO80C;BAZ1A;INO80E;H2AX;FGFR4;INO80D;WRAP53;ATRX;KAT7;NPAS2
CLN8,GO_Biological_Process_2023,prerank,Positive Regulation Of B Cell Proliferation (GO:0030890),-0.41834930811452126,-0.9536400101923287,0.5211009174311927,1.0,1.0,9/29,17.25%,TNFRSF13C;CHRNB2;EPHB2;CD74;CD38;BST1;VAV3;MEF2C;IRS2
CLN8,GO_Biological_Process_2023,prerank,Regulation Of Type II Interferon Production (GO:0032649),-0.3542916820590102,-0.9532975051836114,0.5164075993091537,1.0,1.0,24/87,21.56%,LILRB4;IL23R;VSIR;XCL1;FOXP3;IL1R1;JAK2;HLA-DPA1;EBI3;TNFSF4;CR1;BTN3A1;CD47;SIRPA;FADD;ZC3H12A;SLC7A5;IRGM;MYDGF;GAS6;IL18;CD276;TRIM27;CEBPG
CLN8,GO_Biological_Process_2023,prerank,Lysosomal Lumen Acidification (GO:0007042),0.45536232908260416,0.9532828766729604,0.5146443514644351,1.0,1.0,8/18,19.21%,TCIRG1;ATP6V0C;TMEM9;ATP6V1F;CCDC115;TMEM199;ATP6V1D;CLN3
CLN8,GO_Biological_Process_2023,prerank,Negative Regulation Of Stem Cell Population Maintenance (GO:1902455),0.45236652483224504,0.953205073940013,0.5203619909502263,1.0,1.0,8/20,19.08%,SAP30L;HDAC1;RBBP4;WNT9B;SF3B3;SAP30;SIN3A;ZNF706
CLN8,GO_Biological_Process_2023,prerank,Carboxylic Acid Biosynthetic Process (GO:0046394),-0.47496073541767436,-0.952734508667511,0.5242537313432836,1.0,1.0,6/17,16.83%,CYP4A22;CARNS1;CDO1;NAIP;NLRC4;BCAT2
CLN8,GO_Biological_Process_2023,prerank,Muscle Tissue Morphogenesis (GO:0060415),0.4762666453965375,0.9518781830806525,0.5138592750533049,1.0,1.0,7/17,15.61%,MYLK2;MYL11;TCAP;BMP4;ZFPM1;PROX1;TTN
CLN8,GO_Biological_Process_2023,prerank,Negative Regulation Of Actin Filament Bundle Assembly (GO:0032232),-0.4352494019284569,-0.9507682972777926,0.5490909090909091,1.0,1.0,11/27,18.81%,TACSTD2;WAS;INPP5K;RHPN2;ARHGAP28;PHLDB2;SHANK1;PPFIA1;SHANK3;CGNL1;CLASP1
CLN8,GO_Biological_Process_2023,prerank,Positive Regulation Of Organelle Organization (GO:0010638),-0.4121500923311554,-0.9507408408426447,0.5195035460992907,1.0,1.0,18/34,23.00%,MGARP;SYNJ1;SHCBP1L;UVRAG;CALCOCO2;TOM1;P2RX7;DOC2B;ANXA2;FYCO1;PLXNA3;IRGM;RAB3GAP2;LMAN1;SURF4;SMCR8;C2CD5;STX18
CLN8,GO_Biological_Process_2023,prerank,Negative Regulation Of Autophagy (GO:0010507),-0.3724252846279821,-0.9506219364398342,0.5146520146520146,1.0,1.0,21/61,22.50%,DAPL1;WDR6;SIRT2;MTMR9;LEP;KDM4A;CTSA;RRAGC;EIF4G3;ZKSCAN3;VHL;PINK1;RRAGA;DAP;LEPR;WASHC1;SNCA;GOLGA2;TRIM27;FOXK2;SMCR8
CLN8,GO_Biological_Process_2023,prerank,Sensory Perception (GO:0007600),-0.3902988192377984,-0.9502287588214606,0.5323741007194245,1.0,1.0,14/50,15.05%,OPRM1;KCNK4;ASIC3;TRPV2;P2RX4;CDH23;CCL2;PTGES;OPRK1;CHRNB2;OR3A2;P2RX7;USH2A;BBS4
CLN8,GO_Biological_Process_2023,prerank,Antiviral Innate Immune Response (GO:0140374),0.37992020421781064,0.9501615826733838,0.5081585081585082,1.0,1.0,12/46,15.71%,IFIH1;NLRP6;IFIT1;USP18;CARD8;TRIM25;DHX58;EIF2AK2;PHB1;UBE2N;NMB;ATAD3A
CLN8,GO_Biological_Process_2023,prerank,Regulation Of Axon Extension (GO:0030516),-0.4061581574455655,-0.9501236176272118,0.5222222222222223,1.0,1.0,15/35,24.42%,SEMA3G;SEMA7A;MAPT;DIP2B;KIAA0319;LIMK1;CDKL3;TRIM46;SHTN1;SEMA3A;OLFM1;GOLGA4;MACF1;ZFYVE27;DNM2
CLN8,GO_Biological_Process_2023,prerank,L-glutamate Import (GO:0051938),0.47467341344657443,0.9501094455101802,0.5216400911161732,1.0,1.0,7/15,23.96%,SLC1A2;PRAF2;SLC17A7;SLC25A22;SLC1A1;SLC17A8;SLC25A18
CLN8,GO_Biological_Process_2023,prerank,Regulation Of Organelle Assembly (GO:1902115),-0.3563901338452508,-0.9500140356321239,0.5427046263345195,1.0,1.0,43/78,29.30%,EFNB1;TBC1D10C;HCK;TBC1D2B;TBC1D24;EPHB2;ODAD3;STIL;IFT20;PDCD6IP;USP6NL;SGSM3;CDKL1;NF2;RNF4;WDPCP;ARHGEF9;TBC1D22A;TBC1D15;CEP76;DYNC2LI1;TBC1D10B;IFT88;TBC1D20;SDCCAG8;STX18;TBC1D14;PIKFYVE;EZR;TBC1D5;IFT140;RAB1B;RABEP2;RAB5A;TBC1D22B;RABGAP1;TBC1D16;FUZ;UBQLN2;MSN;TBC1D19;PLK2;RDX
CLN8,GO_Biological_Process_2023,prerank,"Retrograde Vesicle-Mediated Transport, Golgi To Endoplasmic Reticulum (GO:0006890)",-0.384288409101589,-0.9498247862096068,0.5299625468164794,1.0,1.0,22/48,26.24%,SCFD1;COG3;HTT;UVRAG;LMAN2;COPA;RAB6A;ERGIC2;ARF3;ZW10;GOLPH3L;COPG2;PITPNB;RINT1;RER1;RAB6B;STX18;RAB43;PICK1;GOLPH3;ATP9A;NBAS
CLN8,GO_Biological_Process_2023,prerank,Negative Regulation Of Cell-Matrix Adhesion (GO:0001953),-0.417800927552861,-0.9497703032752874,0.5176678445229682,1.0,1.0,9/31,16.93%,DUSP22;MAP4K4;RASA1;FAM107A;ADAM15;PHLDB2;NF2;PLET1;PTEN
CLN8,GO_Biological_Process_2023,prerank,Positive Regulation Of Protein Targeting To Membrane (GO:0090314),-0.4407545351516668,-0.949682882479967,0.5134168157423972,1.0,1.0,7/23,16.61%,TCAF2;ITGB2;CHP1;CIB1;TCAF1;MFF;PDZK1
CLN8,GO_Biological_Process_2023,prerank,Glutamate Metabolic Process (GO:0006536),0.4424512251328573,0.9495294547824643,0.5265392781316348,1.0,1.0,6/20,14.43%,GGT1;OAT;GLS2;GOT1;GLUL;GCLM
CLN8,GO_Biological_Process_2023,prerank,Steroid Hormone Biosynthetic Process (GO:0120178),0.44985663097591,0.9493546590281702,0.5495867768595041,1.0,1.0,6/19,19.70%,SRD5A2;HSD17B11;CYP11A1;CYP19A1;SRD5A3;SRD5A1
CLN8,GO_Biological_Process_2023,prerank,Cellular Response To Heat (GO:0034605),0.3957192136613655,0.9490888814400538,0.4988399071925754,1.0,1.0,13/35,21.87%,HSPA6;HSPA1A;SLU7;TPR;DHX36;ZFAND1;HSP90AB1;IER5;HSP90AA1;HSBP1;HTRA2;TRPV4;ATXN3
CLN8,GO_Biological_Process_2023,prerank,Positive Regulation Of Myoblast Differentiation (GO:0045663),-0.3962253354784562,-0.9485420183085855,0.5307262569832403,1.0,1.0,13/38,18.93%,IGFBP3;SMARCE1;SMARCD3;RANBP3L;RBM24;LRRC8A;ARID2;ACTL6B;MAPK14;XKR8;MEF2C;SMARCA2;DPF3
CLN8,GO_Biological_Process_2023,prerank,Maturation Of 5.8S rRNA (GO:0000460),0.47191467339364834,0.9484878354236198,0.5395833333333333,1.0,1.0,6/16,15.29%,MAK16;MPHOSPH6;EXOSC10;RRP15;WDR12;LAS1L
CLN8,GO_Biological_Process_2023,prerank,Positive Regulation Of Protein Modification Process (GO:0031401),-0.31782308584524643,-0.9483782058469639,0.5915254237288136,1.0,1.0,70/225,21.77%,FGF21;BMP2;FGF22;FGF9;VEGFC;THPO;CARD14;CHP1;FGF16;FGF23;ALG10B;SIRT1;SMPD1;NTRK1;NTRK2;CIB1;F2;PTPA;PTK2;AXIN1;PGF;LEP;INSR;WNT3A;FAM20A;ARRB1;CRKL;CD74;APP;FLT4;CCND2;FBH1;DAB2;IL34;FXR1;CDCA2;PRKCD;CDK2AP1;PIN1;AGER;LYN;PAK1;TRABD2B;CCNA2;ANGPT1;PINK1;IRGM;RAB3GAP2;MYDGF;FGF18;CALM3;NIBAN1;GAS6;VEGFA;CSNK1D;LEPR;GPER1;FGF8;ATG14;ATG10;ENG;TESK1;CALM1;CLIP3;RACK1;PLAUR;RARRES2;GOLGA2;FGF2;CALM2
CLN8,GO_Biological_Process_2023,prerank,Regulated Exocytosis (GO:0045055),-0.3801519502644938,-0.9483781043422046,0.5598526703499079,1.0,1.0,17/51,15.33%,SCIN;RIMS1;CPLX4;RAB26;SYNGR1;OTOF;CLTRN;STXBP1;MYH9;SNAP25;RAB10;DNAJC5;SYT11;RAB31;LYN;RAB11FIP1;VAMP2
CLN8,GO_Biological_Process_2023,prerank,Regulation Of Cell Differentiation (GO:0045595),0.31261312766823424,0.9479620181646911,0.6117936117936118,1.0,1.0,65/193,21.12%,GCM1;INSM1;SERPINF2;RUNX3;RELN;TNXB;TENT5C;HDAC1;BRD7;GDNF;CSF1;RBBP4;NR1D1;NELL1;TCFL5;MOSMO;NF1;NANOG;BLTP1;FGFR2;PHF10;SMARCB1;NOTCH4;LIF;SMARCC2;APC2;EIF2AK2;SMARCD1;SMOC1;FADS1;BIN1;MEGF10;TAF8;ZFHX2;ACTL6A;DDX5;TGFBR1;REST;OCIAD1;SUPT6H;NLGN1;PTPRR;RAF1;MBOAT2;NGF;GPS2;TRPS1;SMARCD2;HSP90AB1;PPP1R13L;MCRIP1;CASZ1;ANP32B;DAG1;PTBP1;SMAD7;ZFP36L1;CLASP2;BICRA;RUNX1;MBD3;FGFR1;NTF3;TRIP4;APC
CLN8,GO_Biological_Process_2023,prerank,Negative Regulation Of Intracellular Protein Transport (GO:0090317),-0.43787592608365217,-0.9474294625630908,0.5106382978723404,1.0,1.0,10/24,20.05%,S100G;CHP1;BARD1;RAB23;INPP5K;SIAH3;MDFIC;BAG4;SIRT6;LMAN1
CLN8,GO_Biological_Process_2023,prerank,Cellular Response To Unfolded Protein (GO:0034620),0.45638740224754676,0.9471636272070546,0.5108695652173914,1.0,1.0,9/17,20.14%,TMBIM6;HSPA1A;HSPD1;PACRG;HSPB8;OPTN;TM7SF3;BAX;PTPN1
CLN8,GO_Biological_Process_2023,prerank,"Regulation Of DNA Damage Response, Signal Transduction By P53 Class Mediator (GO:0043516)",-0.42149301042031984,-0.9468479802367429,0.5177935943060499,1.0,1.0,7/28,15.24%,SIRT1;MSX1;CD44;SNAI2;ATM;CD74;COPS3
CLN8,GO_Biological_Process_2023,prerank,Myeloid Leukocyte Differentiation (GO:0002573),0.35264087899355945,0.9463173838002956,0.5465393794749404,1.0,1.0,12/70,12.31%,CSF3;CBFA2T3;SPI1;OSCAR;PARP1;CSF1;PPARG;BMP4;IGSF23;LIF;MT1G;THOC5
CLN8,GO_Biological_Process_2023,prerank,Positive Regulation Of Tumor Necrosis Factor Superfamily Cytokine Production (GO:1903557),0.34609138620235647,0.9461796347237962,0.5417607223476298,1.0,1.0,22/81,19.15%,CLEC7A;IFIH1;SPHK2;HMGB1;PF4;SPN;TLR2;NOD2;EHHADH;CD86;AZU1;WNT5A;C1QTNF4;SETD4;CLU;TIRAP;FZD5;HSPB1;PLCG2;ARHGEF2;ARFGEF2;PTPRJ
CLN8,GO_Biological_Process_2023,prerank,Positive Regulation Of Cellular Metabolic Process (GO:0031325),-0.37420899446373046,-0.9459782008180491,0.5479930191972077,1.0,1.0,14/56,17.47%,HLA-G;GATA3;LIPT2;AGT;SIRT1;F2;PDGFRB;TGFBR2;GRB2;MAPK14;ZC3H12A;MORC3;IL10RB;DHRS4
CLN8,GO_Biological_Process_2023,prerank,Positive Regulation Of Cardiac Muscle Hypertrophy (GO:0010613),0.4649856358773541,0.9458535385483604,0.543046357615894,1.0,1.0,5/17,14.32%,NR4A3;PARP1;EDN1;PDE9A;IGF1
CLN8,GO_Biological_Process_2023,prerank,Positive Regulation Of Reactive Oxygen Species Metabolic Process (GO:2000379),-0.3829029042578113,-0.9458534864489646,0.5383275261324042,1.0,1.0,16/48,19.38%,ITGB2;CD177;AGT;F2;MAPT;PDGFRB;RAB27A;TGFBR2;SYK;GRB2;MAPK14;PRKCD;ZC3H12A;DHRS4;SORD;SLC5A3
CLN8,GO_Biological_Process_2023,prerank,Sterol Metabolic Process (GO:0016125),0.3579507040620401,0.9446105070624673,0.5427927927927928,1.0,1.0,16/60,16.05%,LCAT;CH25H;APOA1;CYP27A1;NSDHL;CYP39A1;PIP4P1;LDLRAP1;GLB1;SULT2B1;CYP11A1;CYP19A1;OSBPL5;CYP7B1;OSBPL1A;ABCG1
CLN8,GO_Biological_Process_2023,prerank,Positive Regulation Of Response To External Stimulus (GO:0032103),-0.32748864239093617,-0.9446051779761091,0.5924657534246576,1.0,1.0,62/154,25.40%,SH2D1B;IFNK;POLR3G;TRADD;AGT;F2;PDGFRB;APOH;MAPK13;PLA2G7;TNFSF4;NLRP10;CD1D;APP;TSLP;CD47;NRG1;NAIP;FADD;FEM1A;POLR3C;DHX9;NFKBIA;NLRC4;AIF1;BMP6;TRIM56;P2RY12;IRGM;PDE2A;PTN;NLRP1;PLA2G2A;IFI35;STX3;LCP1;IL18;NLRP12;GPSM3;IGF2BP1;MDK;SNCA;RARRES2;GRN;CCL26;LRSAM1;RNF185;IL15;MGST2;IL17RA;PLAU;PDCD4;PYCARD;PRKCA;TNIP1;MYO1C;PLSCR1;SCARF1;IL23A;ZP3;PDGFB;RNF31
CLN8,GO_Biological_Process_2023,prerank,Positive Regulation Of Production Of Molecular Mediator Of Immune Response (GO:0002702),0.3915165215090019,0.9445485233864059,0.5336426914153132,1.0,1.0,8/38,13.27%,MZB1;SPHK2;CLCF1;LACC1;NOD2;CD86;WNT5A;PHB1
CLN8,GO_Biological_Process_2023,prerank,Ventricular Cardiac Muscle Tissue Development (GO:0003229),-0.43436227004573297,-0.9443919201351955,0.5403377110694184,1.0,1.0,3/25,11.15%,HAND1;IRX3;DSG2
CLN8,GO_Biological_Process_2023,prerank,Regulation Of JUN Kinase Activity (GO:0043506),0.3790472380547187,0.9441193725654053,0.5096359743040685,1.0,1.0,16/42,20.14%,EDN1;SASH1;MAP3K5;DNAJA1;WNT5A;DVL2;MAP4K2;MAP3K4;MAP2K7;HIPK3;TRAF2;MAP3K7;GSTP1;TRAF6;DVL3;PTPN1
CLN8,GO_Biological_Process_2023,prerank,Adrenergic Receptor Signaling Pathway (GO:0071875),-0.46393990748562614,-0.9439309661410863,0.5176252319109462,1.0,1.0,4/18,11.98%,ADRA2B;ADRB2;ZDHHC21;RAPGEF2
CLN8,GO_Biological_Process_2023,prerank,Camera-Type Eye Development (GO:0043010),0.4215875423796251,0.9438511435087751,0.5262008733624454,1.0,1.0,8/25,20.74%,PITX2;NF1;RAB3GAP1;FOXL2;EFEMP1;PAX2;IFT122;TENM3
CLN8,GO_Biological_Process_2023,prerank,Prostaglandin Metabolic Process (GO:0006693),0.4071562592464789,0.9437858930032099,0.5328638497652582,1.0,1.0,9/30,13.18%,GSTA1;AKR1C2;EDN1;HPGD;PLAA;AKR1C1;PTGES3;AKR1C3;PNPLA8
CLN8,GO_Biological_Process_2023,prerank,Regulation Of Cellular Respiration (GO:0043457),0.4675878337985107,0.9437626646488001,0.5258620689655172,1.0,1.0,4/16,12.31%,CBFA2T3;NOA1;NOS2;PRELID1
CLN8,GO_Biological_Process_2023,prerank,Aortic Valve Development (GO:0003176),-0.3942259244914988,-0.9436132908775543,0.5625,1.0,1.0,9/40,14.25%,BMP2;BMPR2;GATA3;SMAD6;SNAI2;HEY2;TGFBR2;NOTCH1;SMAD2
CLN8,GO_Biological_Process_2023,prerank,Regulation Of Toll-Like Receptor 4 Signaling Pathway (GO:0034143),0.4355233959025015,0.9436075704835403,0.5331807780320366,1.0,1.0,8/23,23.07%,LTF;NR1D1;EHHADH;FLOT1;TIRAP;MFHAS1;RAB7B;APLP2
CLN8,GO_Biological_Process_2023,prerank,Positive Regulation Of Proteasomal Protein Catabolic Process (GO:1901800),0.34453620163175075,0.9431488027325303,0.5883720930232558,1.0,1.0,35/90,19.75%,OSBPL7;CBFA2T3;DNAJB2;NKD2;SOCS5;GABARAP;TMEM259;KCNE2;HSPA1A;LRRK2;ANKIB1;FMR1;USP13;PABIR1;DET1;BAG2;COP1;ARIH2;PSMC6;RNFT1;ZER1;HSPBP1;PLK1;NUB1;CLU;RNF19B;PSMC5;AXIN2;PSMC3;SMAD7;RBX1;MDM2;KEAP1;DDA1;ZYG11B
CLN8,GO_Biological_Process_2023,prerank,Regulation Of Lymphocyte Proliferation (GO:0050670),-0.462101311765154,-0.9431116195193582,0.5557553956834532,1.0,1.0,4/18,8.51%,LST1;LGALS3;ZNF335;LEP
CLN8,GO_Biological_Process_2023,prerank,Negative Regulation Of Leukocyte Cell-Cell Adhesion (GO:1903038),-0.4643253397832018,-0.9431014101326968,0.5564053537284895,1.0,1.0,2/19,7.39%,TIGIT;WNK1
CLN8,GO_Biological_Process_2023,prerank,Positive Regulation Of Intracellular Transport (GO:0032388),-0.40057998555852886,-0.9427247588640058,0.5255474452554745,1.0,1.0,11/39,16.51%,PLK3;RIPOR1;STRIT1;PGAP1;PCNT;RAB29;CEP290;PDCD10;VAMP2;SPAG5;EHD2
CLN8,GO_Biological_Process_2023,prerank,Regulation Of Cytokine Production (GO:0001817),0.3140720073479826,0.9426857528307033,0.571764705882353,1.0,1.0,44/165,18.29%,CD28;C5AR2;LITAFD;CARD9;IFIH1;ZBTB12;BTN3A3;FGR;LTF;TMIGD2;DTX4;BTNL8;ADRA2A;MOG;HILPDA;ZBTB37;NOS2;AGPAT1;BTN2A1;LRRC19;PER1;KAT2A;AFAP1L2;NPTN;TNFRSF1B;FLOT1;EIF2AK2;RPS6KA5;N4BP1;SFTPD;ZBTB32;ZNF572;PATZ1;ZBTB33;TRAF3;TWSG1;BCL6;BTN3A2;ZNF134;S100A13;ERMAP;MAPKAPK2;GAPDH;FOXP1
CLN8,GO_Biological_Process_2023,prerank,Sulfur Compound Catabolic Process (GO:0044273),0.44631731321946955,0.9424194587049354,0.5427927927927928,1.0,1.0,8/20,14.46%,DPEP1;FMO1;HPSE;NUDT7;GLB1;MLYCD;SGSH;SUCLG1
CLN8,GO_Biological_Process_2023,prerank,Defense Response To Virus (GO:0051607),0.31391917664049873,0.9424063435148684,0.5995085995085995,1.0,1.0,50/189,19.70%,TLR8;IFIT1B;IFIH1;PLA2G10;NLRP6;IRF1;LYST;IFIT1;DDX56;USP18;CARD8;NT5C3A;TRIM8;TRIM25;TLR2;PQBP1;ZCCHC3;MICA;DHX58;MLKL;RNASE1;AZU1;SLFN13;RAB2B;EIF2AK2;IRF2;IKBKE;MID2;PHB1;IFITM2;IFIT5;IFITM1;UBE2N;AKAP1;TRAF3;DDX60L;NMB;ATAD3A;APOBEC3D;CD40;STAT2;RELA;RNF135;NDUFAF4;AIM2;ISG15;ATG7;TRIM11;TRAF6;TANK
CLN8,GO_Biological_Process_2023,prerank,Positive Regulation Of Pathway-Restricted SMAD Protein Phosphorylation (GO:0010862),0.374479183448422,0.9423951952317884,0.5584988962472406,1.0,1.0,13/48,10.85%,BMP5;GDF15;TNXB;SDCBP;INHBA;GDF5;PPARG;BMP8B;BMP4;TGFB2;GDF6;CSNK2B;INHBC
CLN8,GO_Biological_Process_2023,prerank,Cellular Response To Radiation (GO:0071478),-0.38181708257304636,-0.9422629509419416,0.554945054945055,1.0,1.0,16/46,21.95%,BARD1;IFI16;SIRT1;GRB2;INO80;MAPK14;DEPDC1B;RAD51AP1;BRCA1;KDM4D;RAD9A;BLM;RHOB;TNKS1BP1;OPN3;INTS7
CLN8,GO_Biological_Process_2023,prerank,Dicarboxylic Acid Metabolic Process (GO:0043648),-0.37746465128785367,-0.9414299515279121,0.5422794117647058,1.0,1.0,20/50,23.73%,DHFR2;GCLC;SHMT1;SDHAF3;MDH1B;L2HGDH;IDH1;SLC19A1;OGDH;ME1;OGDHL;D2HGDH;DHFR;SLC46A1;NAGS;HAAO;ME3;SDHA;ACLY;MDH2
CLN8,GO_Biological_Process_2023,prerank,Cellular Response To Light Stimulus (GO:0071482),0.35555471975247815,0.9410853103336606,0.548926014319809,1.0,1.0,20/63,19.64%,RRH;PARP1;TRPM1;BMF;AURKB;METTL3;TRIAP1;TENT4A;RPL26;TMEM161A;DHX36;OPN1SW;N4BP1;DDB2;RUVBL2;TP53;CUL4A;RBX1;RHNO1;YY1
CLN8,GO_Biological_Process_2023,prerank,Cellular Response To Hydrogen Peroxide (GO:0070301),0.3950401792890238,0.9409332874082749,0.5464362850971922,1.0,1.0,14/34,21.85%,AQP1;TRPA1;EDN1;MAP3K5;PPIF;CAT;CLU;RELA;FYN;PAX2;PLEKHA1;ANKZF1;FXN;RIPK1
CLN8,GO_Biological_Process_2023,prerank,Natural Killer Cell Mediated Cytotoxicity (GO:0042267),0.4256282609129548,0.9404696143932132,0.5553145336225597,1.0,1.0,6/24,12.66%,ULBP1;LYST;TUBB4B;ULBP3;MICA;TUBB2A
CLN8,GO_Biological_Process_2023,prerank,Regulation Of Cell Death (GO:0010941),0.3601553748441691,0.9400779397260459,0.5413870246085011,1.0,1.0,18/59,19.50%,WNT16;HPR;CCN5;NOA1;CCN3;PARK7;LRRK2;ZDHHC17;FAF1;PHB1;PACRG;CHRNA7;CLU;CHMP6;AXIN2;TXNDC12;VPS4A;DHCR24
CLN8,GO_Biological_Process_2023,prerank,Regulation Of Isotype Switching (GO:0045191),0.4775351124987921,0.9400083592872654,0.5407098121085595,1.0,1.0,4/15,15.15%,TFRC;SHLD2;MAD2L2;SUPT6H
CLN8,GO_Biological_Process_2023,prerank,Positive Regulation Of Muscle Cell Differentiation (GO:0051149),-0.47797522156541244,-0.9399623577650802,0.5263157894736842,1.0,1.0,6/15,18.09%,MAPK12;LAMC1;LAMA1;NRG1;MAPK14;RBM4
CLN8,GO_Biological_Process_2023,prerank,Nitric Oxide Mediated Signal Transduction (GO:0007263),-0.4683464046525503,-0.9399500420210599,0.5763016157989228,1.0,1.0,5/18,14.26%,KCNC2;FPR1;RILPL1;NOS1;DDAH1
CLN8,GO_Biological_Process_2023,prerank,Regulation Of Postsynaptic Membrane Potential (GO:0060078),0.3864265111173723,0.9392293643481616,0.5608695652173913,1.0,1.0,20/35,25.47%,NPAS4;GRIN2C;GABRE;LRRK2;RAB3GAP1;CHRNA4;MAPK8IP2;GABRA3;FOXM1;GABRA5;NLGN3;GABRG1;GSK3B;GLRA1;CHRNA3;GRIN2A;GRID2;DRD4;GRIN1;GABRA4
CLN8,GO_Biological_Process_2023,prerank,Positive Regulation Of Phosphorylation (GO:0042327),-0.31182224569443984,-0.9391872803462171,0.6267496111975117,1.0,1.0,85/231,24.72%,FGF21;BMP2;FGF22;FGF9;VEGFC;THPO;CARD14;FGF16;FGF23;FGFR3;SIRT1;NTRK1;NTRK2;CIB1;F2;PDGFRB;PTK2;AXIN1;PGF;LEP;INSR;WNT3A;FAM20A;AMH;ARRB1;CRKL;CD74;APP;FLT4;CCND2;TYRO3;FBH1;DAB2;BCL10;FLT1;IL34;FXR1;CDK2AP1;FLT3;PIN1;AGER;LYN;DHX34;RET;PAK1;CCNA2;ANGPT1;RAD50;PINK1;AKR1B1;IRGM;MYDGF;FGF18;NIBAN1;GAS6;VEGFA;CSNK1D;LEPR;GPER1;FGF8;ATG14;ENG;TESK1;CLIP3;BTBD10;RACK1;MRE11;PLAUR;DDR1;RARRES2;KCTD20;FGF2;ERBB3;RAP2A;VAC14;ROCK2;ILK;FGFR4;ZNF16;MAVS;CAMKK2;TIE1;FGF19;KRAS;EFNA5
CLN8,GO_Biological_Process_2023,prerank,Regulation Of Proteolysis (GO:0030162),-0.37893010371136177,-0.9391715532784847,0.5646017699115045,1.0,1.0,20/52,23.91%,CLN8;SPOP;F2;ASPH;IST1;BTRC;RNF139;FADD;CASP8;BAK1;OGT;TRIM32;BAG6;SERPINE2;CST3;PLAUR;BAD;GSAP;FGFR4;HDAC2
CLN8,GO_Biological_Process_2023,prerank,Cellular Response To Low-Density Lipoprotein Particle Stimulus (GO:0071404),0.42804667885432846,0.938955029903672,0.5436241610738255,1.0,1.0,5/22,8.55%,CD68;CD36;FCER1G;PPARG;AKT1
CLN8,GO_Biological_Process_2023,prerank,T Cell Differentiation (GO:0030217),0.3774761849622432,0.9385386161625431,0.558695652173913,1.0,1.0,15/46,20.10%,CD28;RAG2;SPI1;FCER1G;PIK3R1;TCF7;PIK3R3;PTPN2;GLI3;SOX4;PIK3R2;ZFP36L1;SOX13;ZFP36L2;PIK3CD
CLN8,GO_Biological_Process_2023,prerank,Regulation Of DNA-templated Transcription Elongation (GO:0032784),0.37797714804826876,0.9382704594411191,0.5338983050847458,1.0,1.0,21/44,22.44%,PARP1;LDB1;TCEA2;WDR43;INTS10;THOC5;HTATSF1;CCNT1;INTS1;ERCC6;INTS12;HMGN1;SUPT4H1;INTS8;INTS14;SETD5;DDX39B;INTS2;SUPT5H;CCNT2;ZC3H4
CLN8,GO_Biological_Process_2023,prerank,Negative Regulation Of Inflammatory Response To Antigenic Stimulus (GO:0002862),-0.4760470333235629,-0.9380901668247329,0.5278276481149012,1.0,1.0,6/16,15.11%,YES1;HCK;SYK;MKRN2;MAPK14;LYN
CLN8,GO_Biological_Process_2023,prerank,Organonitrogen Compound Catabolic Process (GO:1901565),0.34143558792960865,0.9380151829819106,0.585480093676815,1.0,1.0,19/78,13.18%,CPQ;CYP2D7;PLA2G10;CAPN3;CTRL;CYP3A4;ERAP1;PLA2G5;HOGA1;FMO1;TPP1;ETFA;ETFB;PLA2G15;DENND3;RAB12;RENBP;NPL;PNPLA8
CLN8,GO_Biological_Process_2023,prerank,Negative Regulation Of Intracellular Signal Transduction (GO:1902532),-0.31388522741316377,-0.9374505332109119,0.6212121212121212,1.0,1.0,88/229,24.71%,LILRB4;SLA2;TRIM15;HLA-G;MINAR1;DUSP8;NOL3;PDE11A;TMEM127;PDCD6;SIRT1;SH2B3;CIB1;CASC2;PDE3A;FAM89B;INPP5K;UBR2;NUAK2;DUSP26;P2RX7;PRKAA2;ZMYND11;PPM1A;C1QTNF3;RHOH;RNF34;LRP1;EPM2A;MKRN2;CD2AP;WTIP;DUSP7;MAPK14;CASP8;DUSP16;CDC34;MAPKAPK5;AJUBA;DGKG;ZC3H12A;LYN;SPRY3;HERPUD1;TSC2;DUSP1;TSSK3;PTEN;DEPDC5;DUSP6;PINK1;IRGM;PDE2A;CGNL1;BCL2L2;OTUD3;PRDM15;IFI35;SORD;PHLPP1;NDUFS3;TNFAIP8L1;NLRP2;GPER1;NLRP12;CIT;RACK1;PLAUR;CACTIN;PHLDA3;GSK3A;PPM1N;TLE1;BCL2L1;SLC39A8;ARHGAP25;MYADM;PPP2R1A;GPD1L;SHANK2;PSMD10;PYCARD;PRKAA1;VGLL4;TNIP1;MYO1C;TRIM39;SLIT2
CLN8,GO_Biological_Process_2023,prerank,Cytokine-Mediated Signaling Pathway (GO:0019221),-0.3077205825410079,-0.9371006488515647,0.6462809917355372,1.0,1.0,70/243,23.35%,LILRB4;IFNK;IL23R;PLP2;CCL25;TRADD;CARD14;CXCL13;CXCL5;XCL1;SIRT1;MYD88;HCK;OSMR;EPOR;CXCL12;IL1R1;JAK2;IL1A;LEP;EBI3;CCL2;IRAK2;IL17RC;IL6ST;IL2RB;P4HB;EIF5A;JAK1;SYK;TRAF5;KIT;IL34;SOS1;IRAK3;FLT3;STAT6;LYN;NFKBIA;CXCL2;GREM2;YAP1;PTPN6;CXCL1;TRAF1;IL1RAP;ZNF675;CNTFR;MFAP3;SMAD4;RPS6KA4;RRAGA;BIRC2;IL11RA;IL18;LEPR;FOXO3;STAT5A;GHR;CCL26;LRP8;PTK2B;APPL1;PTPN11;IL15;CXCL6;CBL;TNIP2;IL17RA;ILK
CLN8,GO_Biological_Process_2023,prerank,Positive Regulation Of Organelle Assembly (GO:1902117),-0.36888469557715803,-0.9370955202889228,0.5616698292220114,1.0,1.0,31/61,26.79%,CROCC;HTT;G3BP1;CEP120;CNOT1;STIL;IFT20;PDCD6IP;FSCN1;BBS4;GPSM2;SPAG5;SNX4;RAB3GAP2;ATG2A;NUMA1;CNOT6L;SDC1;PIP4K2B;LCP1;WDR45;LRSAM1;IFT88;CNOT6;STX18;UBAP2L;CNOT2;NUP62;PLK4;ENTR1;KCTD17
CLN8,GO_Biological_Process_2023,prerank,Lung Development (GO:0030324),-0.40889921559658626,-0.936804137400957,0.5423728813559322,1.0,1.0,14/33,25.51%,FGF9;DNAAF1;PHF14;FOXJ1;PKD1;GLI2;BAG6;SOX11;VEGFA;NPHP3;PDPN;POLR2D;ZIC3;STRA6
CLN8,GO_Biological_Process_2023,prerank,Regulation Of Neuron Death (GO:1901214),0.3626735777096867,0.9365716667495392,0.5767543859649122,1.0,1.0,28/58,23.79%,PARK7;PRNP;CSF1;MAP3K5;LRRK2;CD200R1;NSMF;WNT5A;TNFRSF1B;ATP13A2;CDK5;CHGA;AKT1S1;CHRNA7;CLU;FYN;TRAF2;NAE1;EGLN3;PCSK9;SORL1;DHCR24;HTRA2;TSC1;SIGMAR1;GBA1;GPNMB;GRID2
CLN8,GO_Biological_Process_2023,prerank,Mononuclear Cell Differentiation (GO:1903131),-0.4394579574124234,-0.9363292465671659,0.5646630236794171,1.0,1.0,10/24,21.62%,IFI16;IRF8;PDE1B;MYH9;FLT3;LYN;BATF3;GAS6;VEGFA;RELB
CLN8,GO_Biological_Process_2023,prerank,Positive Regulation Of Binding (GO:0051099),0.33621571130156697,0.9362927782139977,0.578125,1.0,1.0,31/91,19.16%,CSF3;PON1;PARP9;CDT1;DTX3L;USP33;HMGB1;PPARG;BMP4;LRRK2;SUB1;DDX11;FKBP1A;DPH3;MED9;DERL1;FLOT1;STK3;EPB41;IGF1;ZNF618;MET;HIPK2;NGF;AKTIP;RARA;CAV1;SPPL3;NME1;TXN;CAPRIN2
CLN8,GO_Biological_Process_2023,prerank,NLS-bearing Protein Import Into Nucleus (GO:0006607),0.45501684940127224,0.9362620693862216,0.5508474576271186,1.0,1.0,9/17,22.65%,RGPD5;RGPD1;KPNA3;RGPD8;KPNA2;KPNA5;NUP35;IPO5;NUP54
CLN8,GO_Biological_Process_2023,prerank,Glycerophospholipid Biosynthetic Process (GO:0046474),-0.33392923465774055,-0.9360823391980493,0.5930434782608696,1.0,1.0,41/108,23.98%,SACM1L;ALOX15;LPCAT2;DGKQ;SYNJ1;GPAM;BMX;OCRL;PI4K2A;SELENOI;INPP5K;ACP6;MUC1;INPP5J;GPAT3;PI4KB;PMPCA;LPCAT1;CDS1;DGKG;FAR1;MTMR7;PTEN;PITPNM1;MTMR1;PITPNM3;PCYT1B;MTMR14;SLC44A3;MTMR4;PCYT1A;INPP5D;PLD1;PNPLA3;CHKB;FGF2;INPP4A;VAC14;MTMR6;MBOAT7;DGKH
CLN8,GO_Biological_Process_2023,prerank,Regulation Of Bone Resorption (GO:0045124),0.40777589139534465,0.9352701745830744,0.5321888412017167,1.0,1.0,5/28,8.61%,S1PR1;ITGB3;SIGLEC15;SPP1;NF1
CLN8,GO_Biological_Process_2023,prerank,Muscle Organ Development (GO:0007517),-0.3613808469797106,-0.9352381727858682,0.5701275045537341,1.0,1.0,17/57,19.08%,SGCA;TRIM72;COL6A3;ITGA11;MAPK12;HBEGF;CHODL;TCF12;FXR1;CACNA1H;TAGLN;MEF2A;MEF2C;SGCG;EVC;DMD;TEAD4
CLN8,GO_Biological_Process_2023,prerank,Gastrulation (GO:0007369),0.4393323165744068,0.9351159308155284,0.5450643776824035,1.0,1.0,5/19,14.83%,GSC;NR4A3;LHX1;MKKS;MEGF8
CLN8,GO_Biological_Process_2023,prerank,Regulation Of Pathway-Restricted SMAD Protein Phosphorylation (GO:0060393),0.35859505493643984,0.9347977554466365,0.5720620842572062,1.0,1.0,14/60,10.85%,NOG;BMP5;GDF15;TNXB;SDCBP;INHBA;GDF5;PPARG;BMP8B;BMP4;TGFB2;GDF6;CSNK2B;INHBC
CLN8,GO_Biological_Process_2023,prerank,mRNA Catabolic Process (GO:0006402),-0.3807620859282196,-0.934795428554431,0.566793893129771,1.0,1.0,16/43,20.97%,SLFN14;ZFP36;AGO4;PDE12;THRAP3;UPF1;RC3H1;LSM6;TUT7;DHX34;METTL16;MRTO4;SND1;XRN2;DXO;PNPT1
CLN8,GO_Biological_Process_2023,prerank,Positive Regulation Of Cell-Substrate Junction Organization (GO:0150117),0.42660444562603184,0.9345993827147501,0.524008350730689,1.0,1.0,11/23,21.39%,NELL1;RAC1;PIK3R1;S100A10;KDR;MAPRE2;COL16A1;ARF6;PTPRJ;TSC1;ROCK1
CLN8,GO_Biological_Process_2023,prerank,Protein Insertion Into ER Membrane (GO:0045048),0.4044114743863933,0.9344711896937696,0.5606407322654462,1.0,1.0,16/29,21.20%,EMC9;TMCO1;EMC6;GET1;TMEM147;EMC3;WDR83OS;GET3;UBL4A;RAB5IF;CCDC47;EMC10;SGTA;CAMLG;NOMO2;NCLN
CLN8,GO_Biological_Process_2023,prerank,Immune Response-Activating Cell Surface Receptor Signaling Pathway (GO:0002429),-0.4450602489047438,-0.934428275386286,0.5856873822975518,1.0,1.0,5/22,15.11%,SLA2;FPR1;FPR3;CR1;LYN
CLN8,GO_Biological_Process_2023,prerank,Positive Regulation Of Protein Localization To Plasma Membrane (GO:1903078),-0.3743517401799199,-0.9343040088831043,0.5526802218114603,1.0,1.0,23/51,21.15%,LGALS3;PTPN9;STAC3;RHOG;PDPK1;CIB1;SPTBN1;CNST;EPHB2;RAMP3;PLS1;LRP1;SQSTM1;DPP10;ATP2C1;PRKCH;STX3;GPER1;STAC;EPHA3;CLIP3;RACK1;RANGRF
CLN8,GO_Biological_Process_2023,prerank,Intrinsic Apoptotic Signaling Pathway In Response To DNA Damage (GO:0008630),-0.372303328936279,-0.9338886368896414,0.5885416666666666,1.0,1.0,20/49,24.69%,IFI16;SIRT1;HIPK1;ATM;SFN;CHEK2;CIDEB;BAK1;FNIP2;TMEM109;BRCA1;BAG6;BCL2L2;BOK;PHLDA3;EP300;BCL2L1;PYCARD;E2F1;CASP9
CLN8,GO_Biological_Process_2023,prerank,Positive Regulation Of Chromosome Organization (GO:2001252),0.39922899437780296,0.9335035413773015,0.5686695278969958,1.0,1.0,15/33,18.25%,SMC2;AURKB;DDX11;SMC4;GNL3;TERF1;DHX36;NBN;NCAPD2;TINF2;TERF2IP;SLX4;PPP1R10;CDK1;RAD21
CLN8,GO_Biological_Process_2023,prerank,Potassium Ion Transmembrane Transport (GO:0071805),-0.32528920721027804,-0.9334448613487114,0.5860869565217391,1.0,1.0,36/136,18.36%,KCNH3;KCNC2;KCNB2;SLC12A3;KCNK4;KCNJ14;KCNJ13;KCNJ9;KCNA3;KCNE4;KCNIP2;KCNH6;KCNG1;ATP1B3;ATP1A4;KCNQ4;ABCC8;FXYD2;SLC12A6;KCNV2;SLC9A9;KCNG2;KCNK2;KCNJ11;KCNH8;SLC9A6;PKD2L1;KCNH5;CCDC51;KCNK12;KCNT2;ATP1A2;ATP4A;KCNQ5;KCNK7;LRRC26
CLN8,GO_Biological_Process_2023,prerank,Regulation Of Cell Morphogenesis (GO:0022604),-0.4062138768638298,-0.9331047914857851,0.5567190226876091,1.0,1.0,15/31,25.82%,LARP4;NOL3;NTNG2;CD44;WTIP;STRIP1;SH3D19;ZRANB1;ZMYM4;FERMT2;PDPN;MACF1;ZNF135;EFNA5;CFL1
CLN8,GO_Biological_Process_2023,prerank,Positive Regulation Of Cation Transmembrane Transport (GO:1904064),-0.4509142712707249,-0.9329634546405321,0.5570093457943925,1.0,1.0,5/18,16.61%,AMIGO1;CTSS;NOS1;EDNRA;PDZK1
CLN8,GO_Biological_Process_2023,prerank,Protein Phosphorylation (GO:0006468),-0.29119867860786325,-0.9329363407899206,0.7259842519685039,1.0,1.0,182/500,24.68%,GRK7;BMP2;GDF7;WNK4;HCST;IGFBP3;BMPR2;CSNK1A1;MAP4K4;DGKQ;MAPK12;FGFR3;BMX;HASPIN;STK19;NTRK1;PAK3;CDKL4;NTRK2;PDPK1;EEF2K;HIPK1;HCK;DCLK3;ABL2;TDGF1;PPP4R1;WNK1;TESK2;ABL1;ULK2;STRADA;PDGFRB;PTK2;PRKCB;MAPK13;JAK2;UVRAG;INSR;PNCK;CCL2;PKN2;FAM20A;CDK12;EPHB2;AMH;ATM;CDC42BPA;MAP3K9;CREB1;NUAK2;APP;YWHAZ;JAK1;TGFBR2;SYK;MAP3K12;PRKAA2;DYRK3;CAMK1G;NEK11;FLT4;CHEK2;MAP3K6;PRPF4B;CSK;LATS1;PKN3;CDK2;EPHA7;CAMK1;LIMK1;UHMK1;TYRO3;CDKL3;CCNE1;KIT;FLT1;LIPE;CDKL2;TAOK3;ATG13;CDKL1;MAPK14;PRKCD;DYRK4;HTATIP2;CAMK4;NEK4;SMAD2;MAPKAPK5;BRSK1;STK24;IRAK3;FLT3;SBK1;EPHA5;LYN;CDK16;DMPK;MORC3;PAK1;ULK1;FNIP2;SRPK2;PKD1;EPHA4;ILF3;PTPN6;NEK3;STK17B;MAK;TSSK3;TBCK;PINK1;MAP4K3;RPS6KA4;SIK1;STK32B;CSNK1E;PBK;LMTK2;STK32A;ADAM10;PRKCH;GAS6;ABI3;MAST4;TNKS;PAK4;MARK1;TP53RK;CSNK1D;CTBP1;DAPK1;CLSPN;EPHA6;ATG14;ADM2;EPHA3;MYO3B;MAP3K20;TRIB2;DDR1;PRKX;SGK3;VRK1;MARK2;GSK3A;PTK2B;CLK3;CDK6;MAST2;BIRC6;GRK6;LCK;FAM20B;ACVR1B;PRKG1;PDK1;TAF1;CDC25B;PRKD1;ROCK2;ILK;FGFR4;PIM3;TXK;CSNK2A2;TAOK2;STK17A;STK38L;CAMKK2;PRKAA1;MAPK6;PRKCA;PKDCC;BRSK2;TAF4;COQ8A;WNK2;ERN2
CLN8,GO_Biological_Process_2023,prerank,Endosomal Transport (GO:0016197),-0.31697873940578736,-0.9328914409668119,0.6597582037996546,1.0,1.0,81/178,26.55%,ANXA8;AP5S1;SLC66A2;TBC1D10C;RBSN;MYO5B;SORT1;ALS2CL;SNX3;CHMP3;TOM1;TMCC1;RAB35;REPS2;RAB29;WASH2P;RAB10;YKT6;RAB6A;MICALL1;RAB11FIP4;STX5;SQSTM1;VPS26A;ITSN1;DENND10;MAGEL2;CLEC16A;VPS26B;AP5B1;VPS50;SNX27;LAPTM4B;EHD2;VPS53;SNX4;VAMP4;CHMP1B;ALMS1;LMTK2;VPS54;HEATR5A;CLN5;DENND1A;PTPN23;GGA1;CHMP2A;VPS51;WASHC4;WASHC3;WASHC1;MICALL2;CORO1C;TRIM27;TMEM87A;TBC1D10B;RAB6B;STX12;RAB13;DCTN1;PREPL;RAB9A;RAB7A;SNX9;RAB43;TINAGL1;PICALM;CLTC;VPS35L;WIPF3;STX16;ANKRD27;SPAG9;RAB11FIP3;STX10;PIKFYVE;PLEKHJ1;SNF8;ENTR1;TBC1D5;CHMP2B
CLN8,GO_Biological_Process_2023,prerank,Positive Regulation Of Nervous System Development (GO:0051962),-0.38086146402765325,-0.9327138667579714,0.5716911764705882,1.0,1.0,14/49,20.14%,OPRM1;ZNF335;LRP2;TGM2;EPHB2;SLITRK3;SERPINF1;CUX2;IL1RAP;TRIM32;NAP1L1;NUMB;SOX11;GPER1
CLN8,GO_Biological_Process_2023,prerank,Positive Regulation Of T Cell Activation (GO:0050870),-0.33718802679592774,-0.9323069179305593,0.613126079447323,1.0,1.0,28/104,17.90%,CCDC88B;TNFRSF13C;IL23R;GATA3;SMARCE1;ABL2;GNAO1;FLOT2;JAK2;HLA-DPA1;LEP;CCL2;SMARCD3;IL6ST;ARID2;CD1D;NCK1;ACTL6B;CD47;RHOH;SIRPA;SLC7A1;XBP1;AIF1;NCK2;SMARCA2;CD46;HLA-DMA
CLN8,GO_Biological_Process_2023,prerank,Regulation Of Smoothened Signaling Pathway (GO:0008589),0.36907931808916744,0.931825993223833,0.5733333333333334,1.0,1.0,19/51,20.55%,ZIC1;KCTD6;TXNDC15;OTX2;DCDC2;MOSMO;FGFR2;UCHL5;GLI3;KCTD21;CIBAR1;MEGF8;PTCH2;ULK3;GLI1;INTU;GLIS2;RAB34;IFT122
CLN8,GO_Biological_Process_2023,prerank,Neutral Amino Acid Transport (GO:0015804),0.38760192136412863,0.9315987902159473,0.567032967032967,1.0,1.0,5/35,11.10%,SLC36A3;SLC7A10;SLC36A4;SLC36A2;SLC43A2
CLN8,GO_Biological_Process_2023,prerank,Negative Regulation Of Transforming Growth Factor Beta Receptor Signaling Pathway (GO:0030512),0.34170650255674023,0.9314491516687952,0.5758293838862559,1.0,1.0,21/77,14.63%,HTRA4;SKOR2;EID2;NRROS;SAP30L;HDAC1;SPRED2;RBBP4;SLC2A10;PPARG;STRAP;HSPA1A;TGFB1I1;SPRED3;FKBP1A;ADAMTSL2;ZNF451;SMURF1;SF3B3;SAP30;PEG10
CLN8,GO_Biological_Process_2023,prerank,Neuron Projection Development (GO:0031175),-0.3166723917281981,-0.9312516854701767,0.6508474576271186,1.0,1.0,71/192,24.62%,STMN4;BHLHA15;MGARP;MNX1;ZNF335;NOL3;FLRT3;POU4F1;ATOH1;MAP4K4;STMND1;KLK8;SH3GL2;PAK3;MAPT;PACSIN1;TBC1D24;FRYL;EPHB2;CAMSAP2;APP;RAB35;ZNF365;VAPA;RASGRF1;RAPGEF2;PPP1R9B;SLC9A6;MAPK8IP3;UHMK1;RAB6A;MICALL1;HDGFL3;NRTN;TAOK3;NCDN;LRP12;SHANK1;AGER;LYN;CDK16;SHTN1;PAK1;ULK1;PLXNA3;EPHA4;PTEN;WHRN;PPP1R9A;SHANK3;MANF;STX3;TUNAR;USH1C;PLP1;MICALL2;NYAP1;MARK2;IFT88;RAB6B;FRY;PTPRM;RB1;RAB13;SNAPIN;ZFYVE27;EPB41L3;RAB11A;DNM2;NMNAT2;BTG2
CLN8,GO_Biological_Process_2023,prerank,Spindle Assembly (GO:0051225),-0.3458253979531497,-0.9310445634393341,0.6014362657091562,1.0,1.0,41/80,26.50%,GOLGA8T;GOLGA6C;GOLGA8H;GOLGA6A;GOLGA8N;MZT1;GOLGA6B;SMC1A;MAPRE3;GOLGA8A;SAC3D1;KASH5;CHEK2;HAUS1;LSM14A;RCC1;INO80;KPNB1;MAP9;PIBF1;HAUS4;HAUS5;NUMA1;CLASP1;MAPRE1;TNKS;CSNK1D;GOLGA2;ARHGEF10;ABRAXAS2;TUBGCP6;TUBGCP4;TUBGCP3;RAB11A;STAG2;TUBGCP5;ZNF207;CEP192;WRAP73;KIF2A;NCOR1
CLN8,GO_Biological_Process_2023,prerank,Fatty Acid Metabolic Process (GO:0006631),0.3191713119427816,0.9309532894861904,0.6052009456264775,1.0,1.0,34/122,17.48%,CD36;ACOT6;ACAA1;ALOXE3;ACSL1;GPX4;HPGD;BAAT;ALOX12B;GGT1;GNPAT;ACOX1;PLA2G15;CBR4;ACSL6;ACOT2;ACSL4;PNPLA8;SLC27A5;FASN;ABCD1;MLYCD;TSPO;ALOX12;ABCD3;ELOVL4;HSD17B10;THEM4;ACACB;DECR2;ACBD7;FA2H;SLC27A6;SLC27A4
CLN8,GO_Biological_Process_2023,prerank,Vesicle Organization (GO:0016050),-0.3416512997795978,-0.9309478822739478,0.5982905982905983,1.0,1.0,42/92,26.63%,ANXA8;PLEKHF2;CORO1A;SRGN;PI4K2A;SORT1;EXOC8;SYT4;EEA1;PLEKHF1;RAB22A;ANXA2;VPS18;TSNARE1;DNM1;SYT11;STX5;SQSTM1;VAMP1;VAMP2;LAPTM4B;STX7;WASHC4;VAMP7;TRAPPC3;AP2M1;SAR1B;CHMP5;HOOK1;STX12;TRAPPC2L;TRAPPC2B;PICALM;CHMP4A;STX16;HOOK3;STX10;RNF26;PLEKHJ1;STX4;CHMP2B;FHIP1B
CLN8,GO_Biological_Process_2023,prerank,Cellular Response To Sterol (GO:0036315),0.46387996943385623,0.9306689245615807,0.5441478439425051,1.0,1.0,2/15,9.00%,OSBPL7;GRAMD1C
CLN8,GO_Biological_Process_2023,prerank,Granulocyte Chemotaxis (GO:0071621),-0.3611437569416491,-0.9305835492761394,0.5992844364937389,1.0,1.0,8/71,11.04%,LGALS3;ITGB2;CCL25;CXCL13;CXCL5;XCL1;CCL2;SYK
CLN8,GO_Biological_Process_2023,prerank,Positive Regulation Of Gene Expression (GO:0010628),0.2809099869396534,0.9305764211122562,0.7762430939226519,1.0,1.0,117/478,18.13%,CD28;ITGAX;MYLK2;CLEC7A;WNT16;NOG;CARD9;CYP27B1;TNC;CD36;TTBK1;NKX3-1;FOXD1;FGR;TMIGD2;SPI1;HMGN5;PARK7;SPHK2;PRKAB1;HDAC1;BRD7;CALCR;SEC16B;PRR16;CSF1;RLN2;INHBA;SLC2A10;PF4;EPB41L4B;PPARG;ADRA2A;VSTM2A;RPS4X;BMP4;ALOX12B;HILPDA;VPS72;TFRC;TRMT112;HSPA1A;AGO2;AGPAT1;TLR2;AKT1;UPF3A;LARP4B;FAM47E;PIK3R1;METTL3;DPY30;MYOM1;WNT3;FMR1;WARS1;KMT2A;TENT4A;PHF1;KAT2A;NSUN5;SSB;SMARCB1;DDX3X;AZU1;RPL26;SFRP4;BMPR1B;RPS7;KAT2B;RPL5;WNT5A;FLOT1;EIF2AK2;ATP13A2;SMARCD1;DHX36;ACTC1;CTSH;MAPK9;CALCOCO1;FN1;UBR5;PIK3R3;MBIP;PHB1;MEN1;PID1;ROBO1;RPL17;CLDN19;TGFBR1;IGF1;PRMT1;EIF2AK3;TTN;EIF4A3;BCL3;NGF;RNF207;WDR5;SOX4;CLU;USP21;NTS;PASK;ACTA2;S100A13;RELA;EPHX2;HNRNPD;PLCG2;ELAVL1;DNAJA4;GAPDH;RBM3;HGS
CLN8,GO_Biological_Process_2023,prerank,Positive Regulation Of Sprouting Angiogenesis (GO:1903672),-0.4764213425348606,-0.9303851993581891,0.5602836879432624,1.0,1.0,6/15,21.76%,KLF4;PDPK1;JAK1;PKM;VEGFA;FGF2
CLN8,GO_Biological_Process_2023,prerank,Peptidyl-Tyrosine Dephosphorylation (GO:0035335),-0.4183073430792022,-0.9301463143581268,0.5655296229802513,1.0,1.0,14/28,21.98%,DUSP22;PTPN9;PTPRO;DUSP10;DUSP7;DUSP1;PTPN6;DUSP6;PTPN12;PTPN5;PTPRT;UBASH3B;PTPN13;PTPN11
CLN8,GO_Biological_Process_2023,prerank,Protein Complex Oligomerization (GO:0051259),-0.3386593023833473,-0.9300811834753759,0.5982608695652174,1.0,1.0,36/100,21.36%,KCNC2;TRIM72;NOL3;UPB1;RNF112;CARD11;BEND3;PXDN;LRRC8A;RS1;ZNF746;ATL1;FKRP;PDCD6IP;BCL10;LRRC8D;ZC3H12A;NLRC4;SAMD1;MCU;TMEM120A;PRMT8;RBMX;NLRP1;BOK;HOMER1;CHMP2A;YME1L1;JMJD6;BLM;PKD2;POLQ;SNCA;PNPT1;SPAST;TMEM120B
CLN8,GO_Biological_Process_2023,prerank,Epithelial To Mesenchymal Transition (GO:0001837),-0.37587630583524817,-0.9300568524571022,0.5698924731182796,1.0,1.0,10/47,12.32%,BMP2;CUL7;TBX3;SNAI2;WNT4;HEY2;HNRNPAB;LEF1;S100A4;NOTCH1
CLN8,GO_Biological_Process_2023,prerank,Endocrine System Development (GO:0035270),-0.42941455609621876,-0.9299948027416336,0.5822050290135397,1.0,1.0,8/23,25.51%,WNT4;SIX1;GLI2;SOX3;SOX2;MDK;HESX1;STRA6
CLN8,GO_Biological_Process_2023,prerank,Regulation Of Centrosome Duplication (GO:0010824),-0.41120295486852426,-0.9298933644495992,0.5649819494584838,1.0,1.0,13/30,26.55%,SIRT1;CEP120;CHMP3;STIL;PDCD6IP;CENATAC;CHMP1B;CEP76;CHMP2A;CHMP5;CHMP4A;XRCC3;CHMP2B
CLN8,GO_Biological_Process_2023,prerank,Negative Regulation Of Translation (GO:0017148),-0.3329410579100438,-0.9297160359970371,0.608058608058608,1.0,1.0,53/106,26.00%,TIA1;ZFP36;CPEB2;NANOS3;ENC1;AGO4;ZAR1L;NHLRC1;RBM24;IFRD2;CNOT1;EIF4EBP1;SHMT1;TRIM3;LSM14A;CPEB3;TNRC6B;LARP1;IGF2BP2;SYNCRIP;RNF139;FXR1;GIGYF2;METTL16;EPHA4;ILF3;RBM4;DDX6;DHFR;TRIM2;DAPK1;NANOS1;IGF2BP1;PAIP2B;RACK1;TYMS;SERBP1;METTL14;ROCK2;PUS7;NHLRC3;CALR;CNOT9;NMNAT2;BTG2;FTO;ZNF540;MALSU1;TNRC6C;EIF3E;EIF4EBP3;IGFBP5;LIN28A
CLN8,GO_Biological_Process_2023,prerank,Positive Regulation Of Fat Cell Differentiation (GO:0045600),-0.37592655651115625,-0.9297091162970577,0.5446265938069217,1.0,1.0,17/50,19.78%,BMP2;ADIRF;ZFP36;ZBTB16;NOCT;ZBTB7B;ZNF385A;SIX1;CREB1;GDF3;CDS1;XBP1;ZC3H12A;TRPM4;ID2;SIRT6;LCP1
CLN8,GO_Biological_Process_2023,prerank,Negative Regulation Of Catalytic Activity (GO:0043086),0.4185852106464123,0.9294429738150387,0.5585585585585585,1.0,1.0,9/26,19.21%,IFIT1;TMBIM1;PARP9;ATP5IF1;CAND1;PHPT1;TP53;NOSIP;CLN3
CLN8,GO_Biological_Process_2023,prerank,Axon Development (GO:0061564),-0.3410362771868634,-0.9292944236808292,0.5933682373472949,1.0,1.0,23/99,15.52%,AMIGO1;BHLHA15;MGARP;POU4F1;ATOH1;NTNG2;PAK3;MAPT;EPHB2;S100A6;CAMSAP2;APP;PARD3;SLITRK3;ATL1;RAB10;MAPK8IP3;TRIM46;NREP;RAB8A;PARD6B;BRSK1;SHTN1
CLN8,GO_Biological_Process_2023,prerank,Regulation Of NMDA Receptor Activity (GO:2000310),-0.4671260455601555,-0.928968410336823,0.5477941176470589,1.0,1.0,8/16,22.91%,OPRM1;CCL2;EPHB2;SLC6A9;MEF2C;DAPK1;PTK2B;CAPN1
CLN8,GO_Biological_Process_2023,prerank,Negative Regulation Of Organelle Assembly (GO:1902116),0.38987893753823294,0.9284405174236415,0.5644444444444444,1.0,1.0,14/36,18.42%,CDK10;LRRK2;MDM1;GDI2;TBC1D7;KAT2A;KAT2B;TBC1D30;NBDY;TCHP;MPHOSPH9;FEZ2;ODF2L;TRIM37
CLN8,GO_Biological_Process_2023,prerank,Antimicrobial Humoral Immune Response Mediated By Antimicrobial Peptide (GO:0061844),0.3519935742909564,0.9282908976816769,0.5626373626373626,1.0,1.0,8/63,7.93%,CXCL14;PF4V1;PGLYRP1;LEAP2;LTF;CXCL3;PF4;FAU
CLN8,GO_Biological_Process_2023,prerank,Regulation Of Nitric-Oxide Synthase Activity (GO:0050999),-0.4225941711700378,-0.9279997262588484,0.5481481481481482,1.0,1.0,7/27,19.13%,HTR2B;IL1A;LEP;ZDHHC21;DDAH1;GLA;DHFR
CLN8,GO_Biological_Process_2023,prerank,Negative Regulation Of ERBB Signaling Pathway (GO:1901185),0.4550637923332013,0.9272970302217094,0.5606060606060606,1.0,1.0,8/18,19.15%,PTPN18;CBLC;ZFYVE28;PTPN2;RNF126;LGMN;ERRFI1;PTPRJ
CLN8,GO_Biological_Process_2023,prerank,Organelle Assembly (GO:0070925),-0.2970443579696169,-0.9269895041324268,0.7072758037225042,1.0,1.0,122/320,24.51%,B9D2;GABARAPL2;CORO1A;RILPL2;CFAP221;BBS5;KIF27;HPS6;PCNT;FHDC1;ATG9A;ABCB6;VPS37B;OCRL;DNAAF1;ARL3;VPS37C;FBXW8;ULK2;BBS1;SYNPO;FBF1;CFAP47;TCTN2;RAB23;TTLL3;WDR54;KIAA0586;CHMP3;NSFL1C;FOXJ1;RABL2B;RAB35;NUDCD3;RILPL1;IST1;RAB32;WDR45B;CFAP70;NOTCH1;IFT46;AP3D1;IFT20;IFT52;FAM149B1;PDCD6IP;KIAA0753;CEP290;RAB3IP;IQCB1;FXR1;ATG13;RPGR;RAB8A;TMEM107;ASAP1;CEP126;DNMBP;PIBF1;ATAT1;BBS4;WDPCP;VPS28;ACTR2;ULK1;WDR35;STX7;MVB12A;EHD2;MAK;ALPK1;DNAH5;IFT27;CPLANE1;BBS2;STAM2;CHMP1B;IRGM;DYNC2I1;ATG2A;SSX2IP;AP4M1;IFT22;ATG16L2;ATG2B;PTPN23;DZIP1;CHMP2A;HYLS1;CDC14B;AP1S2;AP3S2;ATG14;IFT57;AP1G1;AP1B1;WDR45;CFAP161;AP3B1;NPHP3;AP3M1;ATG12;TMEM250;IFT88;CHMP5;TMEM138;WDR19;CEP89;AHI1;STX12;CDC14A;WDR90;ABLIM3;CEP250;RAB19;RAB7A;RAB43;RAB11A;TMEM41B;MACIR;HPS3;ATG9B
CLN8,GO_Biological_Process_2023,prerank,Regulation Of Cytokinesis (GO:0032465),-0.34342112329259417,-0.9269167851499454,0.5860805860805861,1.0,1.0,35/80,27.35%,PLK3;KLHL21;UVRAG;ANKRD53;PKN2;E2F7;KIF13A;GIT1;RAB11FIP4;MAP9;PKP4;PIN1;BBS4;RACGAP1;SETD2;CALM3;CDC14B;CALM1;CIT;SPAST;CALM2;BIRC6;BCL2L1;CDC25B;CDC14A;RAB11A;MYO19;ECT2;PRPF40A;RAB11FIP3;CDC6;KLHL13;ENTR1;CENPV;RHOA
CLN8,GO_Biological_Process_2023,prerank,Cilium Organization (GO:0044782),-0.30822321971175703,-0.9265117019252377,0.6606822262118492,1.0,1.0,74/226,22.34%,B9D2;RILPL2;CFAP221;BBS5;KIF27;CATIP;PCNT;FHDC1;OCRL;DNAAF1;ARL3;FBXW8;BBS1;FBF1;CFAP47;TCTN2;RAB23;TTLL3;WDR54;KIAA0586;TTC17;FOXJ1;RABL2B;NUDCD3;RILPL1;CFAP70;NOTCH1;IFT46;IFT20;IFT52;FAM149B1;KIAA0753;CEP290;RAB3IP;IQCB1;RPGR;RAB8A;TMEM107;ASAP1;CEP126;DNMBP;PIBF1;ATAT1;BBS4;WDPCP;ACTR2;WDR35;EHD2;MAK;ALPK1;DNAH5;IFT27;CPLANE1;BBS2;DYNC2I1;SSX2IP;IFT22;PTPN23;DZIP1;HYLS1;CDC14B;PKD2;IFT57;RTTN;CCDC32;CFAP161;NPHP3;TMEM250;IFT88;MNS1;TMEM138;WDR19;CEP89;AHI1
CLN8,GO_Biological_Process_2023,prerank,Positive Regulation Of Leukocyte Chemotaxis (GO:0002690),-0.37095939411473905,-0.9260355971833351,0.5863787375415282,1.0,1.0,14/54,21.25%,F7;VEGFC;XCL1;CXCL12;PTK2;PGF;PLA2G7;IL34;AIF1;PTN;GAS6;VEGFA;MDK;RARRES2
CLN8,GO_Biological_Process_2023,prerank,Endosome Organization (GO:0007032),-0.36999470137690915,-0.925901666952419,0.5780669144981413,1.0,1.0,15/52,16.11%,ANXA8;PLEKHF2;PI4K2A;EXOC8;SNX3;RAB27A;EEA1;PLEKHF1;TMCC1;RAB22A;VPS18;DNM1;SQSTM1;CLCN3;LAPTM4B
CLN8,GO_Biological_Process_2023,prerank,Negative Regulation Of Viral Process (GO:0048525),0.3555671803573071,0.9255041906287991,0.5793991416309013,1.0,1.0,18/61,19.32%,IFIH1;PITX3;IFIT1;LTF;FAM111A;EIF2AK2;MID2;N4BP1;IFITM2;IFIT5;IFITM1;PROX1;BTBD17;TRIM62;PPIA;BANF1;ISG15;TRIM11
CLN8,GO_Biological_Process_2023,prerank,Modulation By Host Of Viral Genome Replication (GO:0044827),0.4335369914846742,0.9250033892115842,0.5364238410596026,1.0,1.0,9/21,16.71%,PPIB;DDX56;FBXL2;FMR1;PHB1;YTHDC2;PIK3C3;EEF1A1;NUCKS1
CLN8,GO_Biological_Process_2023,prerank,Negative Regulation Of Macromolecule Biosynthetic Process (GO:0010558),-0.3358548489850219,-0.9246423058585241,0.6090909090909091,1.0,1.0,48/98,26.00%,TIA1;BMPR2;NANOS3;ENC1;ZAR1L;FCN3;NHLRC1;INPP5K;IFRD2;CNOT1;SHMT1;TRIM3;LSM14A;CPEB3;LARP1;AP2A1;IGF2BP2;SYNCRIP;RNF139;FXR1;GIGYF2;ENPP1;EPHA4;ILF3;AKR1B1;RBM4;DDX6;DHFR;TRIM2;DAPK1;NANOS1;IGF2BP1;PAIP2B;RACK1;GSK3A;TYMS;SERBP1;PUS7;NHLRC3;HDAC2;CALR;CNOT9;BTG2;CLTC;ZNF540;MALSU1;IGFBP5;LIN28A
CLN8,GO_Biological_Process_2023,prerank,Response To Tumor Necrosis Factor (GO:0034612),-0.33317194847787523,-0.9245645852159099,0.600358422939068,1.0,1.0,28/106,17.63%,CCL25;TRADD;GSDME;ZFP36;XCL1;GATA3;NPNT;SIRT1;SMPD1;IGBP1;CIB1;TDGF1;JAK2;INPP5K;CCL2;ASAH1;CASP8;SMPD4;ZC3H12A;SLC22A5;DHX9;NFKBIA;CASP3;BAG4;BRCA1;TRIM32;SPHK1;MAP4K3
CLN8,GO_Biological_Process_2023,prerank,Glucose Metabolic Process (GO:0006006),-0.36928244905684765,-0.9245452347524896,0.5760869565217391,1.0,1.0,23/59,27.04%,PFKFB1;GAA;ENO1;GDPGP1;GCK;CRTC2;SLC37A4;ADPGK;H6PD;KCNJ11;IRS2;HK1;SORD;CRY1;POLR2D;ENO3;MDH2;GHRL;SLC39A14;PCK2;BRAT1;G6PC3;PER2
CLN8,GO_Biological_Process_2023,prerank,Inositol Phosphate-Mediated Signaling (GO:0048016),0.44632600561858754,0.9243667739452149,0.5720720720720721,1.0,1.0,5/19,13.40%,GPR62;EDN1;NMUR1;NFATC4;NFAT5
CLN8,GO_Biological_Process_2023,prerank,Positive Regulation Of Stem Cell Proliferation (GO:2000648),-0.4657862022651979,-0.9240663082588123,0.5749063670411985,1.0,1.0,8/16,26.01%,CITED1;THPO;SOX11;FERMT2;GJA1;KAT7;EPCAM;N4BP2L2
CLN8,GO_Biological_Process_2023,prerank,Regulation Of Insulin Secretion (GO:0050796),0.3325663821760809,0.9237763070364355,0.6023255813953489,1.0,1.0,26/87,21.44%,SSTR5;CELA2A;ABCA12;CCN3;IRS1;NR1D1;ADRA2A;FAM3D;NOS2;SLC30A8;CHGA;ACSL4;CAPN10;RFX3;REST;SYT7;SOX4;TM7SF3;NNAT;ADCY8;ADCY5;NR1H4;SLC25A22;CLOCK;HADHA;KCNB1
CLN8,GO_Biological_Process_2023,prerank,Response To Type II Interferon (GO:0034341),-0.34214450218802683,-0.9234467448884993,0.5966386554621849,1.0,1.0,16/78,13.14%,SLC26A6;IL23R;CITED1;CCL25;XCL1;SHFL;TDGF1;PDE12;IRF8;HLA-DPA1;CCL2;CALCOCO2;CD74;CD47;SIRPA;SYNCRIP
CLN8,GO_Biological_Process_2023,prerank,RNA Polymerase II Preinitiation Complex Assembly (GO:0051123),0.3643452451272818,0.9232295896200737,0.5991379310344828,1.0,1.0,20/49,21.02%,MED18;MED7;TAF9;MED9;MED22;ESR1;TAF8;MED16;MED20;TAF7;GTF2B;TAF12;MED10;TAF4B;MED29;TBP;MED14;MED8;TAF3;MED19
CLN8,GO_Biological_Process_2023,prerank,Positive Regulation Of Vascular Associated Smooth Muscle Cell Proliferation (GO:1904707),-0.4558904275141229,-0.9232021316657587,0.5698529411764706,1.0,1.0,4/20,4.97%,HTR1B;FGF9;P2RY6;DNMT1
CLN8,GO_Biological_Process_2023,prerank,Protein Modification By Small Protein Removal (GO:0070646),0.3264976863927921,0.9227912792212102,0.6053921568627451,1.0,1.0,38/98,22.98%,USP9Y;USP18;USP33;USP50;USP8;USP13;GPS1;USP42;UCHL5;COPS6;USP11;TOR1A;USP36;VCPIP1;SENP1;PSMD14;SENP3;OTUD4;RNF2;USP16;OTUD7B;COPS5;USP46;COPS8;USP21;OTULINL;USP51;CDK1;COPS2;SENP6;SENP8;USP4;OTUD7A;HINT1;COPS7B;USP48;USP6;USP14
CLN8,GO_Biological_Process_2023,prerank,Regulation Of TORC1 Signaling (GO:1903432),-0.3792326499684472,-0.9227602421141681,0.5901926444833625,1.0,1.0,21/49,22.90%,LARS1;DGKQ;ATM;DYRK3;STAMBPL1;PIH1D1;ITFG2;RRAGC;NPC1;CASTOR1;BMT2;TELO2;CLEC16A;WDR59;OTUD5;DEPDC5;WAC;RRAGA;SESN3;SMCR8;CASTOR2
CLN8,GO_Biological_Process_2023,prerank,Negative Regulation Of Vascular Associated Smooth Muscle Cell Proliferation (GO:1904706),0.460645213072388,0.9225578471035162,0.556745182012848,1.0,1.0,6/17,16.20%,APLN;PPARG;BMP4;TPM1;CNN1;SOD2
CLN8,GO_Biological_Process_2023,prerank,Protein Homooligomerization (GO:0051260),-0.32238003511959434,-0.9225096309838472,0.6289198606271778,1.0,1.0,42/129,21.42%,KCNC2;HLA-G;STEAP4;TRIM72;NOL3;UPB1;RNF112;CARD11;BEND3;ASIC1;CTH;TNPO1;PXDN;AMH;RS1;SCARA5;ZNF746;MCOLN1;SHMT1;ATL1;PDCD6IP;BCL10;PKD2L1;NLRC4;TRPM4;CRYZ;SAMD1;ME1;TMEM120A;PRMT8;RBMX;NLRP1;CHMP2A;JMJD6;BLM;PKD2;AQP5;POLQ;PNPT1;SPAST;GLS;GOLGA2
CLN8,GO_Biological_Process_2023,prerank,Regulation Of Macrophage Chemotaxis (GO:0010758),-0.4453759985965749,-0.9223989180816058,0.5944444444444444,1.0,1.0,9/20,23.56%,PTK2;AMH;IL34;UXT;MDK;RARRES2;MTUS1;PTK2B;C5
CLN8,GO_Biological_Process_2023,prerank,Lymphocyte Proliferation (GO:0046651),-0.4040518124309601,-0.92231328408904,0.569060773480663,1.0,1.0,6/30,16.48%,IFNK;ELF4;LMBR1L;FLT3;EMP2;MEF2C
CLN8,GO_Biological_Process_2023,prerank,Negative Regulation Of Osteoclast Differentiation (GO:0045671),-0.44328823434713704,-0.9221975636027488,0.5685920577617328,1.0,1.0,1/21,0.11%,LILRB4
CLN8,GO_Biological_Process_2023,prerank,Positive Regulation Of Protein Metabolic Process (GO:0051247),0.30091486128016054,0.922151004139781,0.7014563106796117,1.0,1.0,58/196,19.72%,CD28;CARD9;TNFSF13B;IL17D;PLA2G10;CAPN3;PRR16;CSF1;LDB1;INHBA;VPS11;RPS4X;AGO2;AKT1;UPF3A;LARP4B;METTL3;FAF1;DCAF1;USP8;RANBP9;CD86;FMR1;NSUN5;SSB;RILP;DDX3X;RPL26;OAZ3;RPL5;RAB1A;APC2;WNT5A;AMER1;PRMT1;CHRNA7;OAZ2;EIF4A3;BCL3;PLK1;SOX4;CLU;PASK;HNRNPD;ELAVL1;RBM3;SLC25A37;SORL1;CUL4A;RBX1;ATG7;RPS6KB1;CSNK2A1;FXR2;PERP;RPS27L;HSP90AA1;ERBB2
CLN8,GO_Biological_Process_2023,prerank,Regulation Of B Cell Differentiation (GO:0045577),0.4449991618979829,0.9219139163667605,0.5735930735930735,1.0,1.0,7/19,19.59%,SPI1;CD27;INHBA;PPP2R3C;MMP14;ZFP36L1;ZFP36L2
CLN8,GO_Biological_Process_2023,prerank,Modulation By Host Of Symbiont Process (GO:0051851),0.37229363484571376,0.921123182052982,0.588865096359743,1.0,1.0,16/42,16.71%,NAPEPLD;HDAC1;JUN;LRRC19;SMARCB1;FASN;SAP30;SNW1;REST;TFAP4;CCNT1;TARDBP;PI4KA;CTDP1;CDC42;NUCKS1
CLN8,GO_Biological_Process_2023,prerank,Positive Regulation Of Protein Phosphorylation (GO:0001934),0.2853744549507472,0.9207776610009573,0.7650273224043715,1.0,1.0,112/376,19.16%,CSF3;APLNR;DDR2;VEGFD;MOB3A;BMP5;NKX3-1;ITGB3;TCL1A;GDF15;CCND3;RELN;TNXB;PARK7;CALCR;MOB3C;IL11;MRNIP;BANK1;PRNP;CSF1;SPDYA;SDCBP;INHBA;GDF5;RALBP1;MAP3K5;PPARG;ATP2B4;NELL1;BMP8B;BMP4;RAC1;TFRC;TGFB2;LRRK2;AKT1;AURKB;TOM1L1;PFN2;WNK3;CREBL2;GDF6;LCP2;FMR1;CSNK2B;KDR;EFNA1;CAB39;INHBC;SEMA4D;DDX3X;NPTN;AZU1;LIF;ALS2;MAD2L2;FLOT1;C3;FAS;RAP2C;IQGAP1;OPRD1;PIK3R3;NBN;ARAF;DVL2;LIMCH1;MOB3B;TNK2;PAK2;CLDN19;CCND1;HDAC3;TGFBR1;IGF1;SFRP2;MOB1B;FNIP1;CHRNA7;DOCK7;RAF1;NGF;TWSG1;PLK1;HRAS;ITGA5;AKAP9;TTK;HAX1;AKTIP;PDGFA;HSP90AB1;RB1CC1;CD40;CENPE;WDFY2;S1PR2;PLCG2;MAPK3;ADAM17;AXIN2;ARHGEF2;CAV1;PPIA;TP53;PRKAG2;MOB1A;TXN;FXR2;PTPRJ;CAPRIN2
CLN8,GO_Biological_Process_2023,prerank,Sympathetic Nervous System Development (GO:0048485),0.4620226868540619,0.920359925378578,0.562358276643991,1.0,1.0,5/15,8.61%,INSM1;GDNF;SEMA3F;NELL1;NF1
CLN8,GO_Biological_Process_2023,prerank,Negative Regulation Of Interleukin-8 Production (GO:0032717),-0.4637635367399835,-0.920274276503214,0.5361216730038023,1.0,1.0,3/17,10.01%,CD33;KLF4;ARRB1
CLN8,GO_Biological_Process_2023,prerank,Metal Ion Transport (GO:0030001),-0.3168853281297798,-0.9202580707736384,0.6710963455149501,1.0,1.0,46/170,18.17%,KCNH3;SLC5A12;TRPV6;KCNB2;SLC12A3;LRP2;KCNK4;CHP1;SCN3B;KCNJ13;KCNA3;SCNN1B;SCNN1G;KCNIP2;ASIC1;SLC41A2;TUSC3;KCNG1;CDH23;ATP1A4;KCNQ4;CACNG7;SLC4A11;CHRNB2;SCN8A;RAMP3;KCNG2;CACNB3;KCNAB1;NIPAL1;CACNA2D1;SCN4B;NIPA1;SCN5A;ATP2A3;NIPAL3;PANX1;NDFIP2;PKD1;SCN2A;SCN11A;SLC11A2;ATP1A2;SLC23A2;ATP2C1;KCNK7
CLN8,GO_Biological_Process_2023,prerank,Negative Regulation Of Cellular Biosynthetic Process (GO:0031327),-0.3194428040173755,-0.9201202492860543,0.6696269982238011,1.0,1.0,63/137,25.33%,TIA1;BMPR2;SIRT1;NANOS3;ENC1;TRIB3;PRMT3;ZAR1L;GCK;FCN3;NHLRC1;DKKL1;SNAI2;IFRD2;WNT4;CNOT1;ACADL;SHMT1;TRIM3;RAPGEF2;LSM14A;CPEB3;LARP1;C1QTNF3;SIRPA;IGF2BP2;SYNCRIP;RNF139;FXR1;GIGYF2;ZC3H12A;GLA;EPHA4;ILF3;BRCA1;RBM4;SIK1;DDX6;DHFR;TRIM2;SIRT6;DAPK1;NANOS1;IGF2BP1;PAIP2B;CRY1;RACK1;OPN3;USP7;TYMS;EP300;SERBP1;ROCK2;PUS7;NHLRC3;DCAF5;CALR;FGF19;CNOT9;BTG2;ZNF540;PDGFB;MALSU1
CLN8,GO_Biological_Process_2023,prerank,Cardiac Muscle Tissue Morphogenesis (GO:0055008),0.40346950773116386,0.9199182386621513,0.5930735930735931,1.0,1.0,12/31,15.61%,MYLK2;NOG;S1PR1;TCAP;MYL3;FKBP1A;ZFPM1;FGFR2;TNNI3;TPM1;PROX1;TTN
CLN8,GO_Biological_Process_2023,prerank,Regulation Of Peptidase Activity (GO:0052547),0.39963532318046635,0.9197212419187439,0.5822222222222222,1.0,1.0,12/27,21.18%,SERPINB4;PSMB8;HDAC1;SVBP;PSMA3;ATP13A2;CTSH;FURIN;CAV1;CTSV;NDUFA13;CTSK
CLN8,GO_Biological_Process_2023,prerank,U2-type Prespliceosome Assembly (GO:1903241),0.4235507864800712,0.9196406783729503,0.5807860262008734,1.0,1.0,11/23,18.91%,SNRPD3;SNIP1;SNRPD2;SNRPG;SNRPA1;SNRPE;SF3B3;SNRPD1;HTATSF1;SF3B1;PHF5A
CLN8,GO_Biological_Process_2023,prerank,Vacuolar Transport (GO:0007034),-0.3744610230483122,-0.9194039718761435,0.5850091407678245,1.0,1.0,21/46,23.42%,SPTBN5;VPS37B;VPS37C;CHMP3;VPS8;AP3D1;LRP1;NPC1;IGF2R;TMEM106B;VPS53;CHMP1B;VPS54;CHMP2A;VPS51;VIPAS39;M6PR;AP1G1;GRN;VPS13C;VPS41
CLN8,GO_Biological_Process_2023,prerank,Transport Across Blood-Brain Barrier (GO:0150104),0.3324136525344177,0.9191441321609244,0.6206088992974239,1.0,1.0,13/84,8.70%,SLCO1C1;ABCC3;CD36;SLC6A13;SLC1A2;SLC29A1;SLCO2B1;ABCC9;SLC2A10;ATP2B4;KCNJ8;TFRC;ABCG2
CLN8,GO_Biological_Process_2023,prerank,Fluid Transport (GO:0042044),-0.46481008954412284,-0.9190994961671751,0.5904059040590406,1.0,1.0,4/17,9.09%,SLC26A6;AQP3;TNPO1;SLC4A11
CLN8,GO_Biological_Process_2023,prerank,Glycoprotein Catabolic Process (GO:0006516),-0.46041150794265495,-0.91895405311186,0.5668449197860963,1.0,1.0,5/16,19.97%,FBXO6;CTSL;MANBA;EDEM2;FBXO27
CLN8,GO_Biological_Process_2023,prerank,Negative Regulation Of MAP Kinase Activity (GO:0043407),-0.37099806251253686,-0.9188256567009346,0.6079136690647482,1.0,1.0,16/51,17.12%,BMP2;AGT;SMPD1;SH2B3;INPP5K;DUSP10;MAPK8IP1;DUSP7;PRKCD;RGS2;DUSP16;IRAK3;LYN;SPRY3;DUSP1;ZNF675
CLN8,GO_Biological_Process_2023,prerank,Positive Regulation Of NLRP3 Inflammasome Complex Assembly (GO:1900227),0.4491445941324542,0.9184212837725549,0.5671981776765376,1.0,1.0,4/18,11.11%,CD36;STMP1;USP50;DDX3X
CLN8,GO_Biological_Process_2023,prerank,Integrin-Mediated Signaling Pathway (GO:0007229),-0.3409984634118702,-0.9181708776993409,0.6454388984509466,1.0,1.0,21/85,14.84%,ITGB2;FERMT3;ITGA8;PRAM1;SEMA7A;ITGA11;ADAM11;ITGA4;ITGBL1;ITGA1;HCK;PTK2;ORC3;MYH9;SYK;ITGB4;CD47;DOCK1;DAB2;ADAM15;ZYX
CLN8,GO_Biological_Process_2023,prerank,Regulation Of Platelet Activation (GO:0010543),0.4043699791605769,0.9181278424844664,0.5674418604651162,1.0,1.0,5/28,7.80%,SELP;CELA2A;THBD;FCER1G;FUNDC2
CLN8,GO_Biological_Process_2023,prerank,Positive Regulation Of Double-Strand Break Repair Via Homologous Recombination (GO:1905168),0.3836635248015631,0.9180757218651963,0.5785123966942148,1.0,1.0,16/36,18.47%,OOEP;PARP1;MRNIP;VPS72;PIAS4;MBTD1;ACTL6A;FUS;ERCC6;MMS19;MORF4L1;TRRAP;EPC1;HELQ;ING3;RUVBL2
CLN8,GO_Biological_Process_2023,prerank,Cellular Response To Epidermal Growth Factor Stimulus (GO:0071364),-0.41214954876813054,-0.9179424298870387,0.5871212121212122,1.0,1.0,7/27,10.18%,DUSP22;ZFP36;PDPK1;TDGF1;INPP5K;SNAI2;PDE8A
CLN8,GO_Biological_Process_2023,prerank,Negative Regulation Of Smooth Muscle Cell Proliferation (GO:0048662),-0.3971587634210082,-0.9174089153275541,0.5929368029739777,1.0,1.0,11/37,20.14%,PTGIR;BMP2;IGFBP3;BMPR2;EFEMP2;HMOX1;MEF2C;AIF1;PTEN;TAFA5;GPER1
CLN8,GO_Biological_Process_2023,prerank,Cellular Response To Cytokine Stimulus (GO:0071345),-0.29421602995123713,-0.91728914049549,0.7420886075949367,1.0,1.0,90/295,22.96%,LILRB4;IFNK;SLC26A6;IL23R;PLP2;ALOX15;CCL25;TRADD;GSDME;POU4F1;ZFP36;XCL1;GATA3;NPNT;IFI16;SIRT1;SH2B3;CIB1;HCK;OSMR;TDGF1;EPOR;CXCL12;WNK1;PDE12;IRF8;MAPK13;JAK2;IL1A;HLA-DPA1;PDE1B;EBI3;INPP5K;CCL2;NPR2;ASAH1;IL6ST;IL2RB;JAK1;SHMT1;LEF1;UPF1;CD47;SIRPA;RC3H1;SYNCRIP;KIT;SMPD4;SOS1;CDC34;XBP1;IRAK3;FLT3;ZC3H12A;STAT6;DHX9;NFKBIA;GREM2;DUSP1;PTPN6;AIF1;BAG4;ZNF675;BRCA1;IRGM;PDE2A;PTPRT;RBMX;GAS6;IL11RA;DAPK1;LEPR;GPER1;NLRP12;CALM1;UBE2G2;STAT5A;PNPT1;GHR;CACTIN;CCL26;LRP8;GSK3A;PTPN11;DOCK8;ZFAND6;SHPK;CBL;IFNAR1;TNFRSF21
CLN8,GO_Biological_Process_2023,prerank,Homologous Chromosome Segregation (GO:0045143),0.42205356559487184,0.9172453975940129,0.562363238512035,1.0,1.0,7/21,16.04%,MEIOB;TERB1;RNF212B;SYCP1;FMN2;RNF212;PTTG1
CLN8,GO_Biological_Process_2023,prerank,Regulation Of mRNA Metabolic Process (GO:1903311),-0.4727341263525858,-0.9172373578840112,0.5674676524953789,1.0,1.0,9/15,27.86%,PTCD2;DHX9;SRPK2;SAFB2;MAGOHB;MAGOH;SLTM;CDK11B;SRPK1
CLN8,GO_Biological_Process_2023,prerank,Proteasomal Protein Catabolic Process (GO:0010498),-0.3032972156028451,-0.9172317238894448,0.6895368782161235,1.0,1.0,63/219,20.29%,SPOP;TRIM72;CSNK1A1;FEM1B;MAEA;SIRT1;ENC1;HECTD3;SIRT2;RHBDD1;SH3BGRL;ASB2;FBXO7;ZFAND2A;PCBP2;IFI27;NHLRC1;FBXL17;TRIM9;AXIN1;SIAH3;NSFL1C;PSMB7;DDB1;ARRB1;RMND5A;UBXN6;HECTD1;TRIM3;RNF216;PELI1;NEDD4L;SYVN1;RNF34;BTRC;RNF139;WWP2;PSMC2;SKP1;CDC34;XBP1;RNF4;GID8;KBTBD7;PSMD1;SPSB2;PSMA5;ZFAND2B;RAD23B;PSMB5;USP44;PSMA1;SPSB4;KLHL20;BAG6;CUL4B;WWP1;BIRC2;TRIM2;TRIP12;PSMA4;CUL1;SPSB1
CLN8,GO_Biological_Process_2023,prerank,Brain Development (GO:0007420),0.30732002378736084,0.9170661992763697,0.7082352941176471,1.0,1.0,49/164,18.87%,CXCR4;VAX2;GRIN2C;MEIS2;CNTN5;ZIC1;SOX6;TUBGCP2;MATCAP1;RELN;RBBP4;MEIS1;DSCAML1;CTNNA2;CENPF;ZIC2;NF1;RTN3;UTP3;RAB3GAP1;CADM2;SMARCA1;MKKS;RTN1;UFC1;BPTF;CNTNAP2;NRCAM;NDUFS4;PCDH18;ZFHX2;PHF8;PAFAH1B3;MAST1;CNTN4;PROX1;APEX1;SPATA5;ATXN1;DNAJC30;RAB18;MACROH2A2;DHX37;NNAT;PAX2;AIM2;UBE3A;TBC1D23;RTN4
CLN8,GO_Biological_Process_2023,prerank,Positive Regulation Of Cell Population Proliferation (GO:0008284),0.2777167828609685,0.9170003825347287,0.8450704225352113,1.0,1.0,114/479,18.50%,CSF3;PRL;SIRPG;ITGAX;WNT2;CLEC7A;DDR2;INSM1;AQP1;VEGFD;IL5RA;BMP5;NKX3-1;MATK;MEIS2;AKR1C2;TCIRG1;POU3F2;TCL1A;SERPINF2;LIFR;NR4A3;LTF;BTC;HMGN5;TNXB;HDAC1;IRS1;EDN1;GDNF;IL11;MAPK15;CLCF1;CSF1;ASIC2;SPDYA;SDCBP;MEIS1;ADRA2A;RPS4X;BMP4;HILPDA;TGFB2;AKT1;ZNF703;HYAL1;NANOG;NOD2;CCPG1;COX17;RNF187;FGFR2;DISP3;MVD;CD86;HPSE;HAS2;KDR;LIF;WNT5A;SMARCD1;AKR1C3;CTSH;RTKN2;CIAO1;RPS6;FN1;MEGF10;CEP43;EZH2;NDUFS4;CUL3;FBXO5;PHB1;DERL2;PID1;ACTL6A;RPL17;TGFBR1;IGF1;SFRP2;PROX1;PRMT1;CHRNA7;FZD9;CDC7;PRDX3;EPHA1;SOX15;MAP3K3;LGMN;HRAS;SOX4;DOT1L;TTK;PDGFA;SOX8;BMI1;PIM1;S100A13;RELA;NME2;S1PR2;GRK5;UFL1;ADAM17;FER;RARA;GLI1;GCNT2;KIF20B;FOXP1;PAX2;NME1
CLN8,GO_Biological_Process_2023,prerank,Regulation Of B Cell Proliferation (GO:0030888),-0.375686675373297,-0.9167421776970915,0.5985401459854015,1.0,1.0,13/44,17.25%,TNFRSF13C;CHRNB2;EPHB2;AMH;ATM;CD74;CD38;BST1;VAV3;RC3H1;LYN;MEF2C;IRS2
CLN8,GO_Biological_Process_2023,prerank,Positive Regulation Of Neutrophil Migration (GO:1902624),-0.432619324393449,-0.916404544436676,0.5941499085923218,1.0,1.0,8/23,25.91%,XCL1;CD74;RAC2;MCU;FUT4;MDK;RIPOR2;XG
CLN8,GO_Biological_Process_2023,prerank,Regulation Of Cysteine-Type Endopeptidase Activity (GO:2000116),0.41348661127115716,0.9160489375158779,0.5926680244399185,1.0,1.0,4/24,9.68%,BIRC3;TTBK1;LTF;USP50
CLN8,GO_Biological_Process_2023,prerank,Presynaptic Endocytosis (GO:0140238),-0.401848013089979,-0.915971192229045,0.5796064400715564,1.0,1.0,16/31,22.59%,SYNJ1;SNCG;AP2B1;PACSIN1;FCHO2;STON1;DNM1;DNM3;SYT1;VAMP2;SNCB;CANX;SNCA;AP2M1;SYT2;STX1A
CLN8,GO_Biological_Process_2023,prerank,Water-Soluble Vitamin Metabolic Process (GO:0006767),-0.38474488644476534,-0.9158030354837549,0.5874524714828897,1.0,1.0,13/40,19.53%,MMAA;DHFR2;SLC25A19;PANK2;SHMT1;SLC2A1;MCCC1;SLC52A3;SLC19A1;MTR;SLC23A2;DHFR;SLC46A1
CLN8,GO_Biological_Process_2023,prerank,Cellular Response To Reactive Oxygen Species (GO:0034614),0.3424217040212025,0.9156851696132172,0.6308724832214765,1.0,1.0,27/73,21.85%,AQP1;TRPA1;JUN;EDN1;MAP3K5;AKT1;PEX5;CRYGD;PPIF;MAPK9;TPM1;PRDX5;MPV17L;PRDX3;CLU;RELA;FYN;MAPK3;FER;PAX2;PEX14;PLEKHA1;ANKZF1;MAPK1;PTPRK;FXN;RIPK1
CLN8,GO_Biological_Process_2023,prerank,Negative Regulation Of Cell Junction Assembly (GO:1901889),0.41139795464392126,0.9154868371052199,0.5827664399092971,1.0,1.0,5/24,12.10%,DMTN;SLIT1;TLR2;IKBKB;DYNLL1
CLN8,GO_Biological_Process_2023,prerank,Regulation Of Tumor Necrosis Factor Production (GO:0032680),-0.3254744935534873,-0.9150904741717365,0.6678383128295254,1.0,1.0,25/126,15.50%,LILRB4;CD33;TMEM106A;VSIR;ZFP36;JAK2;IL1A;FRMD8;EPHB2;AMH;OAS3;APP;ILRUN;ELF4;SYK;CLEC4A;CD47;SIRPA;FXR1;FADD;SYT11;IRAK3;ZC3H12A;AGER;DHX9
CLN8,GO_Biological_Process_2023,prerank,Positive Regulation Of Filopodium Assembly (GO:0051491),0.4014426094130152,0.9150221658501173,0.5769230769230769,1.0,1.0,10/27,21.05%,NEURL1;NELL1;PIK3R1;FMR1;NLGN1;CDC42;TENM2;MYO3A;GPM6A;TENM1
CLN8,GO_Biological_Process_2023,prerank,Mitotic Cytokinesis (GO:0000281),-0.3588889941696535,-0.9149985887204592,0.6256781193490054,1.0,1.0,30/59,25.82%,CUL7;ARL3;EXOC8;CNTROB;SPTBN1;RASA1;RAB35;ANLN;EXOC6;PDCD6IP;BBS4;RACGAP1;RTKN;EXOC5;UNC119;EXOC4;NUSAP1;RHOB;CIT;EXOC7;SPAST;CKAP2;MYH10;ROCK2;SNX9;ECT2;CHMP4A;JTB;MITD1;CFL1
CLN8,GO_Biological_Process_2023,prerank,Negative Regulation Of Proteasomal Ubiquitin-Dependent Protein Catabolic Process (GO:0032435),0.39121546397516654,0.9149723823018429,0.5761589403973509,1.0,1.0,14/32,20.41%,PARK7;RYBP;SDCBP;PHF20L1;TAF9;UCHL5;STYX;N4BP1;GIPC1;HSP90AB1;SGTA;SVIP;CAMLG;FHIT
CLN8,GO_Biological_Process_2023,prerank,Positive Regulation Of Ras Protein Signal Transduction (GO:0046579),0.36549644396480263,0.9146727115734221,0.5969827586206896,1.0,1.0,16/51,15.92%,GPR35;RTN4R;SYNPO2L;APOA1;RAC1;MCF2L;ALS2;LPAR4;GPR18;MAPRE2;ROBO1;IGF1;PRAG1;RASGRP4;LPAR6;NGF
CLN8,GO_Biological_Process_2023,prerank,Regulation Of Cellular Component Organization (GO:0051128),0.3046192914423007,0.9145476797641761,0.6842105263157895,1.0,1.0,56/152,21.91%,TNC;ERMN;INSM1;CD36;CD22;LTBP4;TMEM97;SGK1;PARK7;LAMTOR2;SLC2A10;HJURP;TFRC;BLTP1;RAB4B;SGK2;ANKRA2;ITCH;SEMA4D;MKI67;MAD2L2;WNT5A;CISH;CEACAM1;CAMSAP3;RIT2;RNF2;STON2;TLK1;RUFY1;ATAD3A;PTCH2;LSM11;CDK11A;NRG3;HIP1;TRAF2;AXIN2;NUBP1;ING5;PAK6;SETD5;PRDM5;ARHGEF11;HSP90AA1;OPHN1;PTPN1;AP2S1;SNX12;BAG5;HCFC1;NCLN;BBS10;ROCK1;RAB4A;LAMTOR1
CLN8,GO_Biological_Process_2023,prerank,Regulation Of Hematopoietic Progenitor Cell Differentiation (GO:1901532),0.44690101248972536,0.9142545598218152,0.5452538631346578,1.0,1.0,6/17,14.93%,SPI1;METTL3;ITCH;EIF2AK2;DHX36;YTHDF2
CLN8,GO_Biological_Process_2023,prerank,Purine-Containing Compound Biosynthetic Process (GO:0072522),-0.44805267329346815,-0.913916936790237,0.5952813067150635,1.0,1.0,8/17,27.73%,PFAS;SHMT1;MTHFD1;PRPS2;GART;HPRT1;PRPS1;PNP
CLN8,GO_Biological_Process_2023,prerank,Embryonic Digestive Tract Development (GO:0048566),-0.4431346724297116,-0.9138707199628335,0.5679702048417132,1.0,1.0,10/19,25.72%,SIX2;RARB;PCSK5;GLI2;ID2;SOX11;RARRES2;PKDCC;STRA6;NIPBL
CLN8,GO_Biological_Process_2023,prerank,Monoatomic Ion Transport (GO:0006811),-0.3348835572336591,-0.9138049694857647,0.6254355400696864,1.0,1.0,25/106,16.16%,PANX3;SLC5A12;SLC26A6;PLP2;SLC12A3;CNGB1;PANX2;WNK1;ATP1A4;CHRNB2;SLC8B1;LRRC8A;SLC12A6;SLC17A6;MCOLN1;SLC9A9;SLC9A6;SLC8A1;SLC26A7;PKD2L1;CTNS;ATP10D;PANX1;SLC39A1;SLC24A5
CLN8,GO_Biological_Process_2023,prerank,Positive Regulation Of Translation (GO:0045727),0.3206851942582573,0.9136025708515407,0.6608315098468271,1.0,1.0,33/108,19.72%,CD28;JMJD4;PRR16;RPS4X;COA3;UPF3A;LARP4B;METTL3;FMR1;TRUB2;NSUN5;PAIP1;SSB;DDX3X;RPL26;RPL5;DHX36;YBX1;PRMT1;YTHDF2;USP16;EIF4A3;BCL3;SOX4;PASK;HNRNPD;ELAVL1;RBM3;RPS6KB1;FXR2;CSDE1;RPS27L;ERBB2
CLN8,GO_Biological_Process_2023,prerank,Regulation Of Neurotransmitter Transport (GO:0051588),-0.43909237379038485,-0.9134765617155084,0.5697674418604651,1.0,1.0,5/20,10.90%,RIMS1;CPLX4;OTOF;MYOF;MCTP1
CLN8,GO_Biological_Process_2023,prerank,ncRNA Metabolic Process (GO:0034660),-0.4607775376267178,-0.9132755795928906,0.5871212121212122,1.0,1.0,6/17,21.83%,BTBD18;MAPT;TENT4B;TUT7;DTD2;ZCCHC7
CLN8,GO_Biological_Process_2023,prerank,Synaptic Vesicle Cycle (GO:0099504),-0.38784080338265947,-0.9131604464088421,0.6254681647940075,1.0,1.0,18/37,23.17%,RIMS1;CPLX4;OTOF;WNT3A;CDH2;SLC17A6;SNAP25;AP3D1;DNAJC5;GIT1;BRSK1;VAMP2;SLC18A2;AP3S2;SNCA;GIT2;STX1A;SNAPIN
CLN8,GO_Biological_Process_2023,prerank,Actomyosin Structure Organization (GO:0031032),0.34093938840087307,0.913055583430829,0.6307692307692307,1.0,1.0,21/77,16.19%,MYH7B;CAPN3;CDC42BPG;TCAP;SYNPO2L;MYH3;EPB41L4B;MYOZ1;FHOD3;TNNT1;TMOD3;TPM1;EPB41;CUL3;TNFAIP1;KRT19;LMOD1;FRMD3;TTN;PDLIM1;SORBS1
CLN8,GO_Biological_Process_2023,prerank,Regulation Of Interleukin-4 Production (GO:0032673),-0.42962251153981934,-0.9129648002348805,0.5989010989010989,1.0,1.0,7/22,15.11%,GATA3;FOXP3;TNFSF4;IRF4;SYK;LEF1;SLC7A5
CLN8,GO_Biological_Process_2023,prerank,Positive Regulation Of Osteoclast Differentiation (GO:0045672),-0.45520453974361,-0.9126680104874418,0.5850467289719626,1.0,1.0,3/18,12.91%,IL23R;POU4F1;PPP3CA
CLN8,GO_Biological_Process_2023,prerank,Negative Regulation Of Signaling (GO:0023057),-0.4100057818073788,-0.9126641343559768,0.6003683241252302,1.0,1.0,12/28,22.13%,OPRM1;IGFBP3;FGF23;PPP3CA;VHL;KIF26A;LDLR;INPP5D;NLRP12;HHIP;UBASH3B;ERBB3
CLN8,GO_Biological_Process_2023,prerank,Negative Regulation Of Cell Cycle Process (GO:0010948),0.3955832295124696,0.911841104289694,0.5809312638580931,1.0,1.0,14/33,22.20%,NANOS2;BMP4;AURKB;TOM1L1;TERF1;FOXO4;FBXO5;PPP1R10;NEK2;TP53;VPS4A;TERF2;KIF25;FBXO43
CLN8,GO_Biological_Process_2023,prerank,Regulation Of Protein Localization (GO:0032880),0.32578499104800485,0.9117824016014693,0.6559633027522935,1.0,1.0,33/95,19.96%,OOEP;RFPL3;NKX3-1;ITGB3;PARP1;TRIM68;TRIM38;TRIM25;SUMO3;RAB11B;FKBP1A;TPR;USP8;TOR1A;ATP13A2;MAP2;VCPIP1;RSL1D1;DZIP1L;TMEM231;CCDC66;DNAJB6;GPC2;HSP90AB1;RABGAP1L;UFL1;DLG1;STX6;VPS4A;RAB11FIP5;GBF1;HSP90AA1;DVL3
CLN8,GO_Biological_Process_2023,prerank,Positive Regulation Of Protein Localization To Cell Periphery (GO:1904377),-0.36679591714852955,-0.9117522122051688,0.5909090909090909,1.0,1.0,23/51,21.15%,LGALS3;PTPN9;STAC3;RHOG;PDPK1;CIB1;SPTBN1;EPHB2;RAMP3;PLS1;LRP1;SQSTM1;EFCAB7;GPSM2;DPP10;NUMA1;PRKCH;STX3;GPER1;STAC;EPHA3;CLIP3;RANGRF
CLN8,GO_Biological_Process_2023,prerank,Regulation Of Protein Tyrosine Kinase Activity (GO:0061097),-0.3887994297395317,-0.9115349795880802,0.6080843585237259,1.0,1.0,19/38,25.89%,LILRB4;AGT;APP;IL34;DOK7;EPHA4;SRCIN1;UNC119;NCK2;GRM5;GAS6;LRP8;ERBB3;MVP;DLG3;SH3BP5;NOX4;PDGFB;NEDD9
CLN8,GO_Biological_Process_2023,prerank,Regulation Of DNA Replication (GO:0006275),-0.34840971291586253,-0.9114782082922235,0.6438127090301003,1.0,1.0,38/75,27.34%,NPM2;ACTR5;NFRKB;ORC3;ATAD5;CHRAC1;DNA2;RAD17;ESCO1;STON1;INO80;DHX9;POLE3;OBI1;CCNA2;ESCO2;GLI2;INO80B;MEAF6;TFPT;BLM;BCAR3;GTPBP4;USP37;INO80C;BAZ1A;INO80E;PPP2R1A;INO80D;KAT7;ORC5;PDS5A;ZBTB38;CDC6;JADE3;JADE2;ATR;RUVBL1
CLN8,GO_Biological_Process_2023,prerank,Protein Localization To Chromatin (GO:0071168),0.3897427744874078,0.911387328909619,0.534521158129176,1.0,1.0,15/31,20.05%,PARP1;MRNIP;MMS22L;H2AC8;CENPA;FAM47E;ESR1;PLK1;PPHLN1;MACROH2A2;H1-5;RAD21;MCM9;RUVBL2;MACROH2A1
CLN8,GO_Biological_Process_2023,prerank,Regulation Of mRNA Catabolic Process (GO:0061013),-0.37064787344716627,-0.9112313664004741,0.6297640653357531,1.0,1.0,17/46,22.52%,PCBP4;ZFP36;PUM2;RBM24;CNOT1;UPF1;RC3H1;CNOT8;FXR1;PRKCD;ZC3H12A;MAGOHB;ZC3HAV1;MAGOH;PNPT1;CNOT7;SERBP1
CLN8,GO_Biological_Process_2023,prerank,Positive Regulation Of Signaling Receptor Activity (GO:2000273),-0.38626027646295896,-0.9106404181553894,0.5797101449275363,1.0,1.0,8/36,9.74%,AREG;ADRA2B;NOL3;JAK2;HBEGF;CCL2;ADRB2;EPHB2
CLN8,GO_Biological_Process_2023,prerank,Regulation Of Sprouting Angiogenesis (GO:1903670),-0.39678927197255803,-0.9104831321042418,0.5785714285714286,1.0,1.0,12/33,23.28%,KLF4;FGF16;PDPK1;SEMA6A;JAK1;PKM;FGF18;EPN1;VEGFA;BMPER;FGF2;PPP1R16B
CLN8,GO_Biological_Process_2023,prerank,Regulation Of Defense Response To Virus (GO:0050688),-0.44984842740064584,-0.9103714284538436,0.5857664233576643,1.0,1.0,6/18,17.79%,ZMPSTE24;PCBP2;ILRUN;RNF216;DHX9;IRGM
CLN8,GO_Biological_Process_2023,prerank,Positive Regulation Of Peptidase Activity (GO:0010952),-0.42510891040614507,-0.9102963243399176,0.5984990619136961,1.0,1.0,10/25,25.02%,CTSS;VSIR;MAPK12;CTSL;PINK1;PSENEN;GRN;APH1B;DDRGK1;PSME2
CLN8,GO_Biological_Process_2023,prerank,Negative Regulation Of Cell Development (GO:0010721),0.4205849348447202,0.9102801929839082,0.581447963800905,1.0,1.0,7/22,18.56%,IL17D;IGF1;REST;MBD1;RFLNB;DYNLT1;SORL1
CLN8,GO_Biological_Process_2023,prerank,Positive Regulation Of Osteoblast Differentiation (GO:0045669),0.36788645655814856,0.9100448985577458,0.6190476190476191,1.0,1.0,15/44,16.04%,DDR2;LTF;NELL1;BMP4;SCUBE3;DNAI3;TP63;BMPR1B;FBXO5;SUCO;IFITM1;IGF1;CTNNBIP1;ZHX3;ATRAID
CLN8,GO_Biological_Process_2023,prerank,Protein Localization (GO:0008104),-0.2928537198217355,-0.9099413788035982,0.7796327212020033,1.0,1.0,118/349,22.72%,SCFD1;WLS;TNS4;CROCC;CD177;GRIN3B;PDCD6;COG3;HPS6;ATG9A;ANKS4B;EXOC8;CPE;STX2;ATP8B1;PACSIN1;SCFD2;RAB23;STXBP1;MAPRE3;COPA;ARL17A;HEY2;FOXJ1;UNC93B1;CD74;RABL2B;RAB35;PARD3;VPS33A;IST1;RAB32;DOC2B;RAB29;WDR45B;SPTSSA;AP3D1;AP2A1;CORO1B;FAM91A1;MESD;KIF13A;GRPEL2;CTSA;RAB6A;RRAGC;RAB22A;TMED2;TSNARE1;ATG13;USO1;USP9X;RAB5C;ARF3;RPGR;STX5;STK11IP;SQSTM1;VPS26A;RAB31;ITSN1;BBS4;CNTLN;ARFIP1;MYO6;VPS26B;ULK1;EMP2;TSC2;SNX27;NAPA;STX7;PHYHIP;RABL2A;IFT27;ANGPT1;MARVELD3;BBS2;RAB3GAP2;TM9SF4;TMED1;NSF;AP4M1;DMD;HEATR5A;TIMM44;MAPRE1;RRAGA;IFT22;ARFGAP3;SNX31;GGA1;RTP1;STX3;USH1C;RAB5B;VIPAS39;AP4B1;WDR45;TMED5;SHROOM3;ERCC3;RAB28;AP3B1;DNAJC19;SAR1B;FERMT2;LRBA;RAB6B;GJA1;AHI1;RAP2A;NAPG;SUMO1;TIMM50;STX1A;HOOK1;STX12
CLN8,GO_Biological_Process_2023,prerank,Negative Regulation Of I-kappaB kinase/NF-kappaB Signaling (GO:0043124),-0.3803466719786774,-0.9095723735942023,0.6304728546409807,1.0,1.0,16/42,24.53%,LILRB4;SIRT1;ZMYND11;PPM1A;RHOH;CASP8;ZC3H12A;IRGM;NLRP12;CACTIN;PPM1N;TLE1;SLC39A8;PYCARD;TNIP1;TRIM39
CLN8,GO_Biological_Process_2023,prerank,Arachidonic Acid Metabolic Process (GO:0019369),0.3537884528272561,0.9090383283727421,0.6193693693693694,1.0,1.0,13/52,14.98%,CYP2D7;CYP2A6;PLA2G10;CYP2B6;ALOXE3;GPX4;ALOX12B;CYP2A13;PTGES3;AKR1C3;PNPLA8;CYP2C8;ALOX12
CLN8,GO_Biological_Process_2023,prerank,Positive Regulation Of Interleukin-10 Production (GO:0032733),0.3892756055965048,0.909006980126377,0.5892018779342723,1.0,1.0,5/29,9.63%,CD28;CLEC7A;HMGB1;NOD2;HSPD1
CLN8,GO_Biological_Process_2023,prerank,Intracellular Protein Transport (GO:0006886),-0.2926021015969568,-0.9081941090902821,0.801358234295416,1.0,1.0,115/322,22.84%,GCKR;SCFD1;WLS;CHP1;PDCD6;RANBP17;AP1M2;NUP85;VPS37B;KIF13B;VPS37C;EGR2;STRADA;STX2;SCFD2;TNPO1;RAB23;STXBP1;CACNG7;RANBP3L;CACNG4;COPA;XPO1;ARL17A;UNC93B1;CD74;RABL2B;RAB35;SYK;VPS33A;RAB32;RAB29;NUP42;XPO6;KPNA7;AP3D1;AP2A1;FAM91A1;KIF13A;GRPEL2;CTSA;KPNA1;RAB6A;RAB22A;TMED2;TSNARE1;NUP214;USO1;RAB5C;KPNB1;PRICKLE1;ARF3;RPGR;CCHCR1;STX5;VPS26A;RAB31;RANBP6;HOMER3;NUP98;VPS28;ARFIP1;MYO6;VPS26B;PKD1;TSC2;SNX27;NAPA;STX7;MVB12A;POM121L2;RABL2A;IFT27;NXT2;NUP107;KPNA6;STAM2;RAB3GAP2;TMED1;NSF;AP4M1;NUP133;HEATR3;POM121C;TIMM44;IFT22;ARFGAP3;SNX31;PTPN23;GGA1;STX3;NUP88;HIKESHI;LMAN1;RAB5B;VIPAS39;AP4B1;CLIP3;XPO7;TMED5;RANGRF;RAB28;AP3B1;DNAJC19;APPL1;SAR1B;RAB6B;NAPG;SURF4;C2CD5;IPO4;TIMM50;STX1A;STX12;POM121
CLN8,GO_Biological_Process_2023,prerank,Regulation Of Hydrolase Activity (GO:0051336),-0.3484365971433045,-0.9080606571406575,0.6358695652173914,1.0,1.0,32/71,25.46%,ARHGAP9;PLXNA2;PPP1R17;PLXND1;FGD5;OCRL;NTRK2;PTK2;ALS2CL;NGEF;WRN;VAV3;NOS1;ARHGAP27;RAP1GAP;EPHA5;PLXNA3;EPHA4;TBC1D15;SCARB2;RAB3GAP2;EPHA3;PLXNB2;FGD4;TBC1D10B;PRKG1;SIPA1L1;RAPGEF6;EFNA5;MRAP;ADAP2;PLXNB1
CLN8,GO_Biological_Process_2023,prerank,Neural Crest Cell Migration (GO:0001755),-0.38491988309454117,-0.907927811463678,0.6045197740112994,1.0,1.0,13/36,17.92%,RADIL;SEMA3G;SEMA7A;HTR2B;SEMA6D;SEMA4G;SEMA6A;SEMA6C;NRTN;SEMA4A;SEMA4B;SEMA3A;SEMA4C
CLN8,GO_Biological_Process_2023,prerank,Establishment Of Protein Localization To Plasma Membrane (GO:0061951),-0.3848211921726057,-0.907487037798666,0.6157989228007181,1.0,1.0,21/37,24.14%,RILPL2;RAB26;PHAF1;BBS1;SPTBN1;RILPL1;RAB10;KIF13A;RAB31;NECTIN3;VAMP2;GOLPH3L;GORASP1;BBS2;NSF;GGA1;GOLGA4;BLZF1;MACF1;PREPL;RAB7A
CLN8,GO_Biological_Process_2023,prerank,Peptidyl-Threonine Phosphorylation (GO:0018107),0.35111109135667123,0.907348248368483,0.6266968325791855,1.0,1.0,15/58,17.54%,MYLK2;CDK10;CDC42BPG;TTBK1;DYRK1B;STK39;LRRK2;AKT1;WNK3;CSNK2B;CDK5;TGFBR1;HIPK2;HIPK3;CDK1
CLN8,GO_Biological_Process_2023,prerank,Negative Regulation Of Protein Binding (GO:0032091),0.33752455065265463,0.9071633130487071,0.6337078651685393,1.0,1.0,24/71,19.50%,DNAJB2;TTBK1;IFIT1;TMBIM6;PARK7;USP33;LRRK2;PPP1CA;AKT1;AURKB;DDX11;ZFPM1;STYX;MAP2;GTF2F1;BAG2;CTNNBIP1;PSME3IP1;SYMPK;CAV1;PEX14;SORL1;GNL3L;BAX
CLN8,GO_Biological_Process_2023,prerank,Internal Peptidyl-Lysine Acetylation (GO:0018393),0.3736892221490139,0.9061462472644002,0.5898004434589801,1.0,1.0,14/39,18.47%,VPS72;PHF20L1;TAF9;KAT2A;KAT2B;MBTD1;ACTL6A;TAF12;MORF4L1;TRRAP;EPC1;SUPT3H;ING3;RUVBL2
CLN8,GO_Biological_Process_2023,prerank,Regulation Of Protein Polymerization (GO:0032271),-0.39040224625647946,-0.9058773927311708,0.6175942549371634,1.0,1.0,11/33,12.98%,TPPP;DAAM2;TPPP3;PAK3;ABL1;MAPT;RASA1;MAPRE3;CAMSAP2;LATS1;ARHGAP28
CLN8,GO_Biological_Process_2023,prerank,Regulation Of MAPK Cascade (GO:0043408),-0.3056740121597526,-0.9058728147125078,0.7239057239057239,1.0,1.0,57/203,20.30%,LILRB4;BMP2;ADRA2B;THPO;DUSP8;GSDME;TMEM106A;MAP4K4;FGFR3;PAK3;NTRK2;TDGF1;CASC2;LEP;INSR;WDR54;ADRB2;DUSP26;CD74;YWHAZ;P2RX7;SYK;FLT4;ULK4;LBH;EPHA7;GRB2;GRM4;KIT;MAP2K2;FLT1;DHX33;TAOK3;DUSP7;DOK4;DUSP16;INAVA;FLT3;LYN;SPRY3;RET;PAK1;NBR1;DUSP1;CCNA2;PTPN6;DUSP6;MYDGF;JCAD;PRDM15;PHLPP1;SOX2;PAK4;TRIM5;ADRA1D;GPER1;BCAR3
CLN8,GO_Biological_Process_2023,prerank,Fatty Acid Derivative Biosynthetic Process (GO:1901570),-0.4117607788495161,-0.9057117034984664,0.6132596685082873,1.0,1.0,8/26,22.57%,PPT1;SLC27A2;GGTA1;FAR1;HMGCL;ACACA;GGT7;GCDH
CLN8,GO_Biological_Process_2023,prerank,Peroxisome Organization (GO:0007031),0.4062284644966341,0.905583721616835,0.5803571428571429,1.0,1.0,8/24,18.51%,SEC16B;PEX1;PLAAT3;PEX11A;ABCD3;PEX7;PEX6;PEX14
CLN8,GO_Biological_Process_2023,prerank,Positive Regulation Of Neuroblast Proliferation (GO:0002052),-0.4522802531546965,-0.9055822299136449,0.5896980461811723,1.0,1.0,7/18,19.98%,BCAN;ZNF335;SMARCD3;FZD3;HAPLN3;VEGFA;NCAN
CLN8,GO_Biological_Process_2023,prerank,Positive Regulation Of Granulocyte Chemotaxis (GO:0071624),-0.4344065228118523,-0.905401004575579,0.5961199294532628,1.0,1.0,5/21,20.83%,XCL1;CD74;RAC2;MCU;MDK
CLN8,GO_Biological_Process_2023,prerank,Regulation Of Systemic Arterial Blood Pressure (GO:0003073),-0.4621059332866842,-0.9052791263703379,0.5954063604240283,1.0,1.0,5/15,21.74%,BMPR2;SLC2A5;DDAH1;ADM2;GSK3A
CLN8,GO_Biological_Process_2023,prerank,Regulation Of Transcription By RNA Polymerase I (GO:0006356),0.3901621706873806,0.9043133231709507,0.5816091954022988,1.0,1.0,12/31,19.72%,PRR7;ASIC2;CARM1;WDR43;LYAR;PHF8;EIF2AK3;HEATR1;ERCC6;SF3B1;SIRT7;ERBB2
CLN8,GO_Biological_Process_2023,prerank,"Regulation Of mRNA Splicing, Via Spliceosome (GO:0048024)",-0.3347916370369365,-0.9038822945953633,0.6534296028880866,1.0,1.0,28/90,21.11%,RBM47;PCBP4;SRSF10;TIA1;KHDRBS2;FAM172A;RBM24;THRAP3;TRA2A;NSRP1;SRSF3;FXR1;LARP7;CWC22;CELF2;NUP98;METTL16;CELF5;SRPK2;SRSF4;RBM7;RBM4;RBMX;MAGOH;JMJD6;RBFOX1;PUF60;HNRNPA1
CLN8,GO_Biological_Process_2023,prerank,Positive Regulation Of Telomerase Activity (GO:0051973),0.3854588712006722,0.9038765166846446,0.6049661399548533,1.0,1.0,16/33,20.92%,PARM1;MAPK15;PNKP;AURKB;DKC1;PTGES3;MAP3K4;TCP1;CCT2;MAP2K7;HSP90AB1;MAPK3;NEK2;CCT4;HSP90AA1;MAPK1
CLN8,GO_Biological_Process_2023,prerank,Negative Regulation Of Growth (GO:0045926),0.310340746611679,0.9038473484009709,0.7286432160804021,1.0,1.0,38/123,19.76%,CYP27B1;DNAJB2;FBP1;SLIT1;CCN3;SPHK2;FHL1;INHBA;TMPRSS4;TGFB2;HSPA1A;ST7L;HYAL1;SIPA1;TSPYL2;CCDC85B;DDX3X;MT1G;HYAL2;SERTAD3;MT1H;PHB1;TCHP;SFRP2;ST20;BCL6;CDKN2D;NPR1;ING5;TP53;MT1X;RTN4;PTPRJ;CAPRIN2;PSRC1;MUL1;GNG4;CRLF3
CLN8,GO_Biological_Process_2023,prerank,Regulation Of Gluconeogenesis (GO:0006111),-0.39780672490714575,-0.9033920281071341,0.6357012750455373,1.0,1.0,15/31,21.88%,DGKQ;SIRT1;GCK;ZNF692;DDB1;SDHAF3;C1QTNF3;OGT;SIK1;ARPP19;FOXO1;SIRT6;CRY1;USP7;EP300
CLN8,GO_Biological_Process_2023,prerank,Negative Regulation Of Ion Transmembrane Transporter Activity (GO:0032413),-0.4122503791170851,-0.9033446867612157,0.6266173752310537,1.0,1.0,9/24,22.02%,TCAF2;EPHB2;NEDD4L;SLC6A9;HECW2;PLN;HECW1;CALM2;YWHAE
CLN8,GO_Biological_Process_2023,prerank,Positive Regulation Of Glycolytic Process (GO:0045821),-0.45052059308356274,-0.903135825788622,0.6254545454545455,1.0,1.0,11/18,28.83%,INSR;P2RX7;PRKAA2;MLXIPL;ARNT;PRKAA1;ZBTB20;PSEN1;PRXL2C;SLC4A4;MTOR
CLN8,GO_Biological_Process_2023,prerank,Nucleotide-Sugar Biosynthetic Process (GO:0009226),-0.4714401278784334,-0.9031340662184548,0.5917602996254682,1.0,1.0,9/15,28.58%,PMM1;MPI;GNPDA2;GFPT1;UXS1;UAP1;NANS;GFPT2;GMPPB
CLN8,GO_Biological_Process_2023,prerank,Protein Targeting To Lysosome (GO:0006622),0.40571088953956147,0.9031016446606913,0.5944206008583691,1.0,1.0,10/25,19.59%,NAGPA;NCOA4;GGA3;PIK3C3;GNPTG;CLU;HGS;SORL1;VPS4A;LAMP2
CLN8,GO_Biological_Process_2023,prerank,Regulation Of Peptidyl-Serine Phosphorylation (GO:0033135),0.3239673489498813,0.9030061441786635,0.6531531531531531,1.0,1.0,29/93,19.68%,CSF3;DMTN;TCL1A;PARK7;CALCR;IL11;ATP2B4;TFRC;AKT1;PFN2;PAQR3;CREBL2;LIF;MAD2L2;OPRD1;ARAF;SFRP2;FNIP1;DOCK7;RAF1;NGF;HAX1;HSP90AB1;CAV1;SMAD7;TXN;CAPRIN2;BRAF;HSP90AA1
CLN8,GO_Biological_Process_2023,prerank,Regulation Of Cellular Metabolic Process (GO:0031323),-0.37191613136542545,-0.9029463807658382,0.6109022556390977,1.0,1.0,15/45,23.72%,BCO2;GCK;PANK2;CIDEB;RNF34;NEK4;OGT;ING2;PINK1;VASH1;COQ7;PNPT1;EP300;MBOAT7;STK17A
CLN8,GO_Biological_Process_2023,prerank,Unsaturated Fatty Acid Metabolic Process (GO:0033559),0.3603461957402626,0.9029100763438159,0.6031746031746031,1.0,1.0,14/49,16.02%,GSTA1;CYP2D7;PLA2G10;ACAA1;ALOXE3;GPX4;SCP2;ALOX12B;FADS1;PNPLA8;SCD5;ELOVL1;ALOX12;DECR2
CLN8,GO_Biological_Process_2023,prerank,Nuclear Migration (GO:0007097),0.45185209169634105,0.9028488738206624,0.5778688524590164,1.0,1.0,6/15,15.81%,SYNE3;TMEM201;LMNB2;DYNC1H1;MBD1;DOCK7
CLN8,GO_Biological_Process_2023,prerank,Regulation Of Release Of Cytochrome C From Mitochondria (GO:0090199),0.3688304778585463,0.9027778664947615,0.6244444444444445,1.0,1.0,21/41,24.49%,HRK;BIK;BMF;GHITM;OPA1;TRIAP1;MLLT11;PPIF;PRELID1;IGF1;CLU;BCL2L11;TP53;BAX;BNIP3;FXN;BBC3;BID;AVP;PMAIP1;HGF
CLN8,GO_Biological_Process_2023,prerank,Positive Regulation Of Macroautophagy (GO:0016239),-0.3527107798735902,-0.9027188218664632,0.6394316163410302,1.0,1.0,24/62,22.50%,HTT;SIRT1;SCOC;GPSM1;UVRAG;CALCOCO2;TOM1;PRKAA2;LARP1;EPM2A;FYCO1;TSC2;SNX4;PINK1;IRGM;WAC;RAB3GAP2;ATG2A;PIP4K2B;SLC25A4;WDR45;SESN3;LRSAM1;SMCR8
CLN8,GO_Biological_Process_2023,prerank,Positive Regulation Of Cell Migration (GO:0030335),-0.2954119822927497,-0.9024784200932795,0.7831125827814569,1.0,1.0,92/272,23.51%,BMP2;RIPOR1;F7;TCAF2;FERMT3;CARMIL2;SEMA3G;SEMA7A;TRADD;DAAM2;VSIR;BMPR2;TNFRSF18;SEMA6D;MAP4K4;SEMA4G;CIB1;TDGF1;CXCL12;PDGFRB;PTK2;HBEGF;SEMA6A;INSR;FAM89B;SNAI2;EPHB2;ATM;CRKL;LAMC2;FAM107A;LEF1;FLT4;RAPGEF2;SEMA6C;SH3RF2;NOTCH1;LGR6;PPP3CA;DOCK1;CNTN1;DAB2;KIT;FLT1;SRGAP2C;GLIPR2;PODXL;XBP1;SUN2;PDCD10;SEMA4A;RET;SEMA4B;SHTN1;PAK1;CCNA2;EPHA4;AIF1;PLET1;TRIM32;SPHK1;SEMA3A;SEMA4C;ELP3;NUMB;ADAM10;ZNF609;CLASP1;VEGFA;CBLL1;ZNF304;GPER1;ELP6;WASHC1;MDK;RACK1;SEMA3C;GRN;CCL26;PTK2B;FERMT2;PDPN;MGAT5;ACVR1B;FAM110C;ADAM9;PDGFC;ROCK2;MYADM;SYDE1;SMO;PLAU
CLN8,GO_Biological_Process_2023,prerank,Regulation Of Nucleocytoplasmic Transport (GO:0046822),-0.45889076907254184,-0.9021438935348831,0.5889908256880734,1.0,1.0,7/16,18.09%,FRAT1;IFI27;UHMK1;NUP214;MX2;TMEM53;RBM4
CLN8,GO_Biological_Process_2023,prerank,Negative Regulation Of Cell Communication (GO:0010648),-0.4226403276501196,-0.9021283665230782,0.5740740740740741,1.0,1.0,10/22,22.13%,OPRM1;IGFBP3;FGF23;VHL;KIF26A;INPP5D;NLRP12;HHIP;UBASH3B;ERBB3
CLN8,GO_Biological_Process_2023,prerank,Intracellular Zinc Ion Homeostasis (GO:0006882),-0.44795358943255287,-0.9021254287871106,0.5988909426987061,1.0,1.0,2/17,2.52%,SLC30A2;TMC8
CLN8,GO_Biological_Process_2023,prerank,Protein Deacetylation (GO:0006476),-0.3782872888760112,-0.9019927058922058,0.61101243339254,1.0,1.0,11/39,16.63%,MTA2;SIRT1;HDAC10;TBL1Y;SIRT2;MORF4L2;MTA3;GATAD2B;CHD4;HDAC5;RBBP7
CLN8,GO_Biological_Process_2023,prerank,Establishment Or Maintenance Of Epithelial Cell Apical/Basal Polarity (GO:0045197),0.3674201063495994,0.9017357474263504,0.6261467889908257,1.0,1.0,18/39,21.25%,CRB1;ERBIN;MTCL1;SCRIB;PDZD11;LLGL1;CAMSAP3;CRB2;CDC42;DLG2;LIN7A;LIN7B;MYO9A;DLG1;OPHN1;PRKCI;LIN7C;DLG4
CLN8,GO_Biological_Process_2023,prerank,Positive Regulation Of Cell Adhesion Mediated By Integrin (GO:0033630),-0.4605907788021106,-0.9013899711115095,0.6104129263913824,1.0,1.0,7/17,17.53%,CXCL13;CIB1;SYK;PODXL;RET;P2RY12;SKAP1
CLN8,GO_Biological_Process_2023,prerank,Regulation Of Necroptotic Process (GO:0060544),0.41750197482213397,0.9008906759501397,0.6084070796460177,1.0,1.0,7/20,18.09%,BIRC3;PARP1;AIFM1;SPATA2;ITCH;FZD9;ARHGEF2
CLN8,GO_Biological_Process_2023,prerank,Limb Development (GO:0060173),0.3934895609385392,0.9008307845660063,0.5868131868131868,1.0,1.0,11/28,18.36%,NOG;KAT2A;LNPK;KAT2B;SMOC1;GLI3;CIBAR1;MEGF8;RSPO2;SALL1;INTU
CLN8,GO_Biological_Process_2023,prerank,Epithelial Cell Development (GO:0002064),-0.4417358639792938,-0.9002148613417833,0.6007604562737643,1.0,1.0,5/18,17.80%,POF1B;RILPL2;RILPL1;GRHL2;SIPA1L3
CLN8,GO_Biological_Process_2023,prerank,Activin Receptor Signaling Pathway (GO:0032924),-0.45530707192658826,-0.9001084130670763,0.5813528336380256,1.0,1.0,2/16,1.26%,CFC1;GDF7
CLN8,GO_Biological_Process_2023,prerank,post-Golgi Vesicle-Mediated Transport (GO:0006892),-0.3535046318956038,-0.8996753957040123,0.6425992779783394,1.0,1.0,27/56,24.98%,SCFD1;COMMD1;ARL3;SORT1;EXOC8;MYO5A;MON2;AP3D1;RAB10;AP2A1;EXOC6;EXOC5;KLHL20;SORCS1;KIF16B;AP4M1;VPS54;EXOC4;GGA1;MYO1B;EXOC7;VPS13C;SEC16A;DNM2;SCAMP1;VPS35L;RABIF
CLN8,GO_Biological_Process_2023,prerank,Regulation Of Microtubule-Based Process (GO:0032886),-0.3780314341949244,-0.8994676551084897,0.6129629629629629,1.0,1.0,19/41,24.72%,TPPP;IGBP1;MAPT;MEMO1;FAM107A;PRKAA2;PHLDB2;CCNL2;MPDZ;PHLDB1;CLASP1;MAP6;EPHA3;MARK2;MACF1;CDK2AP2;ATF5;PRKAA1;EFNA5
CLN8,GO_Biological_Process_2023,prerank,Keratan Sulfate Biosynthetic Process (GO:0018146),-0.4694730775019682,-0.8993404635186397,0.6055555555555555,1.0,1.0,5/15,14.48%,B3GNT3;CHST5;B3GNT7;CHST1;ST3GAL2
CLN8,GO_Biological_Process_2023,prerank,Receptor Recycling (GO:0001881),0.4335584859633589,0.8992846836319458,0.5807860262008734,1.0,1.0,8/17,18.56%,PEX5;RAB11B;PEX1;PHETA1;PLEKHA3;NSG1;PEX6;SORL1
CLN8,GO_Biological_Process_2023,prerank,Insulin Secretion (GO:0030073),0.42248428086618756,0.898816074927369,0.5959367945823928,1.0,1.0,6/19,13.81%,PARK7;SLC30A8;RAB11B;SELENOT;SNX19;PTPRN
CLN8,GO_Biological_Process_2023,prerank,Muscle Tissue Development (GO:0060537),0.37502466896627457,0.8987277402976532,0.6222707423580786,1.0,1.0,9/37,10.41%,MSC;MYH7B;POGLUT1;MYL11;VRK3;BVES;NF1;MYOZ1;SVIL
CLN8,GO_Biological_Process_2023,prerank,Regulation Of Hormone Secretion (GO:0046883),0.4542621090266318,0.897842280995894,0.6053811659192825,1.0,1.0,5/15,15.59%,EDN1;IL11;LIF;NMB;SCG5
CLN8,GO_Biological_Process_2023,prerank,Response To Zinc Ion (GO:0010043),-0.41703161784753123,-0.8973386337414903,0.6238532110091743,1.0,1.0,9/24,22.49%,SLC30A2;SLC30A4;P2RX4;ZNF658;GLRA2;SLC30A3;D2HGDH;HAAO;HVCN1
CLN8,GO_Biological_Process_2023,prerank,Peptidyl-Serine Modification (GO:0018209),-0.30720637507452203,-0.8968550970294419,0.7296849087893864,1.0,1.0,62/166,23.11%,CSNK1A1;DGKQ;MAPK12;PDPK1;HIPK1;DCLK3;TDGF1;MBOAT4;WNK1;ULK2;PRKCB;MAPK13;PNCK;PKN2;ATM;TGFBR2;MAP3K12;DYRK3;CAMK1G;LATS1;PKN3;CDK2;CAMK1;UHMK1;MAPK14;PRKCD;DYRK4;CAMK4;MAPKAPK5;BRSK1;SBK1;DMPK;MORC3;ULK1;SRPK2;PKD1;PINK1;GALNT4;STK32B;CSNK1E;PBK;LMTK2;POGLUT3;STK32A;PRKCH;GAS6;MAST4;TNKS;MARK1;CSNK1D;CLSPN;MYO3B;MAP3K20;PRKX;SGK3;VRK1;MARK2;GALNT1;MAST2;TAF1;PRKD1;ROCK2
CLN8,GO_Biological_Process_2023,prerank,Protein K63-linked Ubiquitination (GO:0070534),0.3471178355640986,0.8968102289585769,0.6456521739130435,1.0,1.0,21/53,20.43%,UBE2NL;UBE2B;RNF213;TRAF3IP2;TRIM8;ITCH;UBE2O;RNF126;UBE2N;TRAF3;UBE2E2;RNF135;UBE2V2;RNF5;UBE2G1;TRAF2;TRIM65;PRPF19;ZNF598;TRAF6;TRAF4
CLN8,GO_Biological_Process_2023,prerank,tRNA Methylation (GO:0030488),-0.38663243771350053,-0.8966636497664555,0.6385767790262172,1.0,1.0,12/36,17.46%,WDR6;TRMO;TRMT1L;TRMT10A;TRDMT1;METTL1;THUMPD2;TRMT10C;WDR4;TARBP1;TYW3;TRMT9B
CLN8,GO_Biological_Process_2023,prerank,Negative Regulation Of MAPK Cascade (GO:0043409),-0.3280288192156122,-0.8963733750773094,0.6803418803418804,1.0,1.0,30/103,17.68%,LILRB4;BMP2;DUSP8;AGT;SMPD1;IGBP1;SH2B3;QARS1;CASC2;SEMA6A;INPP5K;EPHB2;DUSP26;DUSP10;P2RX7;SIRPA;DUSP7;PRKCD;RGS2;DUSP16;IRAK3;PIN1;LYN;SPRY3;DUSP1;EPHA4;CNKSR3;PTEN;DUSP6;SMAD4
CLN8,GO_Biological_Process_2023,prerank,Ribosome Biogenesis (GO:0042254),0.3047283715222656,0.896354082668175,0.7399527186761229,1.0,1.0,58/153,21.13%,GTF3A;NOC4L;CINP;NOL7;WDR55;RPS4X;WDR18;NOP16;SBDS;RBIS;WDR43;MPHOSPH10;UTP3;DKC1;POP4;LYAR;RPS24;RPL26;DDX47;RPS7;RPL5;EXOSC10;RSL24D1;RPS6;RPL27;GLUL;RPL35A;ESF1;WDR12;RPS16;MRM2;RPS3A;NOP56;RPS25;ZNF622;SPATA5;HEATR1;MRPL22;WDR46;METTL17;RPS23;RPS15;DHX37;SPPL2B;NOM1;CUL4A;RPS5;DHX29;RPS28;IGF2BP3;PIN4;RIOK2;RPS19;RPS14;EXOSC4;TSC1;EXOSC9;RPS8
CLN8,GO_Biological_Process_2023,prerank,Positive Regulation Of Transport (GO:0051050),-0.3585822452814517,-0.8961904853062403,0.6407407407407407,1.0,1.0,20/50,22.53%,SCIN;CHP1;SMPD1;INPP5K;DOC2B;LRP1;DAB2;ANXA2;BAK1;SPAG5;GPC3;NUMA1;BOK;GPLD1;CBLL1;CLIP3;SNCA;GSK3A;CHCHD10;C2CD5
CLN8,GO_Biological_Process_2023,prerank,Mitotic Cytokinetic Process (GO:1902410),-0.44274246155971175,-0.895834568544705,0.6273062730627307,1.0,1.0,10/18,27.35%,CNTROB;CHMP3;PDCD6IP;CHMP1B;CHMP2A;CHMP5;CHMP4A;MITD1;CHMP2B;RHOA
CLN8,GO_Biological_Process_2023,prerank,Negative Regulation Of Type I Interferon-Mediated Signaling Pathway (GO:0060339),0.44414619280289,0.895696942862539,0.6195652173913043,1.0,1.0,8/15,19.37%,USP18;METTL3;PTPN2;YTHDF2;TTLL12;STAT2;ISG15;MUL1
CLN8,GO_Biological_Process_2023,prerank,Vitamin Transport (GO:0051180),-0.37806214792505405,-0.895342751875961,0.631578947368421,1.0,1.0,5/39,6.85%,NPC1L1;TCN1;TTPA;LRP2;CBLIF
CLN8,GO_Biological_Process_2023,prerank,Regulation Of Innate Immune Response (GO:0045088),0.3290835613951294,0.8951175512177855,0.6862302483069977,1.0,1.0,19/78,14.34%,TLR8;BIRC3;POLR3F;IRF1;ERAP1;FGR;DTX4;PARP1;PARP9;PPP6C;AKT1;AURKB;DHX58;ADAM8;LYAR;CEP63;N4BP1;POLR3D;RIOK3
CLN8,GO_Biological_Process_2023,prerank,Lymphocyte Mediated Immunity (GO:0002449),-0.459501896488443,-0.8950168509138692,0.5955473098330241,1.0,1.0,7/16,17.49%,SLA2;MYO1G;KLRD1;CR1;MSH2;CR1L;CD46
CLN8,GO_Biological_Process_2023,prerank,Iron Ion Transport (GO:0006826),0.4129086759496579,0.89487701092223,0.6157024793388429,1.0,1.0,8/24,15.12%,HEPHL1;TTYH1;LTF;TFRC;FTH1;RAB11B;STEAP3;F3
CLN8,GO_Biological_Process_2023,prerank,Regulation Of Release Of Sequestered Calcium Ion Into Cytosol (GO:0051279),-0.36089477055857283,-0.8946833552305119,0.6625441696113075,1.0,1.0,19/51,21.77%,HRC;XCL1;PDPK1;F2;JSRP1;CLIC2;NPSR1;JPH2;JPH4;NOS1;DMD;CALM3;LIME1;GPER1;CALM1;SNCA;UBASH3B;CALM2;PTK2B
CLN8,GO_Biological_Process_2023,prerank,Negative Regulation Of Protein Phosphorylation (GO:0001933),-0.3091449511510713,-0.8944053397674568,0.7356521739130435,1.0,1.0,62/148,23.23%,IGFBP3;CHP1;DGKQ;SH3GL2;SIRT2;TRIB3;PDPK1;CIB1;QARS1;SMAD6;INPP5K;EPHB2;CRKL;PARD3;SFN;IBTK;INPP5J;NCK1;LRP1;SIRPA;PRKCD;ENPP1;ZC3H12A;DNAJC3;FKBP8;LYN;TSC2;PTPN6;IMPACT;CNKSR3;NCK2;MLXIPL;PTEN;SAMSN1;DMD;CALM3;NIBAN1;SORD;NLRP12;ATG14;ENG;TESK1;CALM1;DUSP19;SNCA;RACK1;TRIB2;CACTIN;CORO1C;UBASH3B;RASSF2;PTPN13;TRIM27;DVL1;CALM2;TARBP2;MVP;RB1;SMCR8;CADM4;MYADM;GPD1L
CLN8,GO_Biological_Process_2023,prerank,Glycolytic Process (GO:0006096),0.39072873516403056,0.8937169950760127,0.610738255033557,1.0,1.0,7/29,11.60%,PGAM2;PGAM4;PGK1;HK2;GAPDHS;PFKFB2;ALDOC
CLN8,GO_Biological_Process_2023,prerank,Negative Regulation Of Stress Fiber Assembly (GO:0051497),-0.4141659493234979,-0.8934890789475748,0.6236559139784946,1.0,1.0,9/24,18.81%,TACSTD2;WAS;INPP5K;RHPN2;ARHGAP28;PHLDB2;PPFIA1;CGNL1;CLASP1
CLN8,GO_Biological_Process_2023,prerank,Sphingolipid Catabolic Process (GO:0030149),-0.45116201109881854,-0.8934740136374539,0.5965250965250966,1.0,1.0,9/15,19.54%,PPT1;SMPD1;ASAH1;CEL;ACER3;SMPD4;GLA;SPHK1;SMPDL3A
CLN8,GO_Biological_Process_2023,prerank,Sodium Ion Transport (GO:0006814),-0.33672570132106194,-0.8934394200208353,0.6870967741935484,1.0,1.0,24/89,17.55%,SLC5A12;WNK4;SLC12A3;ASIC3;SCN3B;SCNN1B;SCNN1G;ASIC1;ATP1B3;ATP1A4;SCNN1A;SLC4A11;SCN8A;TPCN2;SCN4B;SLC8A1;PKD2L1;SCN5A;SLC6A9;SLC6A3;SCN2A;SCN11A;ATP1A2;SLC23A2
CLN8,GO_Biological_Process_2023,prerank,Positive Regulation Of Microtubule Polymerization (GO:0031116),-0.38844212211478635,-0.8934172362075703,0.6279926335174953,1.0,1.0,11/29,20.28%,MAPT;ANKRD53;MECP2;SLAIN1;GIT1;PAK1;CKAP5;NUMA1;CLASP1;MAPRE1;CDK5RAP2
CLN8,GO_Biological_Process_2023,prerank,Negative Regulation Of Signaling Receptor Activity (GO:2000272),-0.413771255369178,-0.8933933502851594,0.6370106761565836,1.0,1.0,7/25,15.53%,LILRB4;GPRC5A;EPHB2;RAMP3;CNRIP1;CBLB;SLC6A9
CLN8,GO_Biological_Process_2023,prerank,Transmembrane Receptor Protein Tyrosine Kinase Signaling Pathway (GO:0007169),-0.290874331645158,-0.89323691541601,0.7990430622009569,1.0,1.0,97/283,23.41%,FGF21;FGF22;EFNB1;YES1;FGF9;VEGFC;FLRT3;FGF16;FGF23;FGFR3;NTRK1;PAK3;NTRK2;ANKS1A;EFS;HCK;GH2;SORT1;PDGFRB;PTK2;SH2D6;RASA1;JAK2;PGF;INSR;MPZL1;CLNK;ADRB2;EPHB2;CEP57;SYK;NGEF;FLT4;RAPGEF2;EPHA7;GRB2;SULF2;TYRO3;NRG1;KIT;FLT1;MAPK14;GIGYF2;DOK4;FLT3;EPHA5;LYN;RET;PAK1;RAPGEF1;CASP3;TSC2;FRS3;EPHA4;BDKRB2;CHURC1;ANGPT1;IRS2;SHC4;KIF16B;UXT;PTPRT;FGF18;EFNB3;ZNF106;FOXO1;VEGFA;GPLD1;FGF8;CD7;EPHA6;BCAR3;EPHA3;GHR;DDR1;RARRES2;UBASH3B;SHOC2;GSK3A;FGF2;PTK2B;APPL1;PTPN11;EFNA2;ERBB3;LCK;MVP;AHI1;MTSS1;PRKD1;PDGFC;COL4A2;ANGPTL1;RHOQ;SIPA1L1;FGFR4;FRS2
CLN8,GO_Biological_Process_2023,prerank,Positive Regulation Of Transcription Initiation By RNA Polymerase II (GO:0060261),0.34847672281187486,0.8921030433911523,0.6815286624203821,1.0,1.0,21/52,21.02%,MED18;MED7;TAF9;MED9;MED22;TAF8;MED16;MED20;TAF7;PSMC6;TAF12;MED10;TAF4B;MED29;TBP;TP53;MED14;ZNHIT1;MED8;TAF3;MED19
CLN8,GO_Biological_Process_2023,prerank,Calcium Ion Transport (GO:0006816),0.313397239015701,0.8919541404340593,0.7070217917675545,1.0,1.0,30/112,18.23%,CATSPER1;CYP27B1;ATP2A1;CACNA1G;GRIN3A;CASR;TRPA1;TRPM1;TMCO1;MCOLN3;ATP2B4;NMUR1;CACNG6;TRPV3;FKBP1A;TRPC1;CHRNA4;TRPM7;SLC8A3;SLC24A4;TRPC4;RAMP1;ORAI3;CHRNA7;CLU;STIM2;FYN;CACNB1;CAV1;TRPC4AP
CLN8,GO_Biological_Process_2023,prerank,Positive Regulation Of Myeloid Cell Differentiation (GO:0045639),0.3701289821077079,0.8918766136975392,0.6542669584245077,1.0,1.0,3/36,7.95%,CSF3;INHBA;HSPA1A
CLN8,GO_Biological_Process_2023,prerank,Negative Regulation Of Response To Endoplasmic Reticulum Stress (GO:1903573),0.40085397534394773,0.8917935156314626,0.646551724137931,1.0,1.0,10/25,20.14%,TMBIM6;PARK7;HSPA1A;LRRK2;OPA1;LPCAT3;CLU;TXNDC12;SELENOS;PTPN1
CLN8,GO_Biological_Process_2023,prerank,Protein-Containing Complex Assembly (GO:0065003),0.2789507971024289,0.8912846290354903,0.8789473684210526,1.0,1.0,118/324,21.39%,GBP1;TESPA1;DMTN;NFE4;VIL1;CAPN3;EID2;STMP1;MZB1;TCAP;TUBGCP2;GAK;GPX4;OTX2;PSMG1;PSMD11;PPP6C;AIFM1;NT5C3A;HSPA1A;CENPA;LRRK2;CENPF;BBS12;OPA1;FKBP1A;KPNA3;HSPD1;RANBP9;GPAA1;KMT2A;COX7A2L;CSNK2B;KRIT1;TRAPPC12;PPIH;TRAPPC4;MID1IP1;MKKS;DET1;ZNHIT6;COG4;TMED10;PTGES3;KIFAP3;FAS;MAPK8IP2;CD247;FN1;PDZD11;MDM4;NEMF;CUL3;PLEKHA7;COL16A1;WASF1;SH3PXD2B;LLGL1;TFAP4;STOML2;GTF2B;PRLR;RAB5IF;CAND1;TCP1;TBCD;NIFK;CAPZA2;GEMIN5;DNAAF10;CCT2;ADRM1;CLU;NSG1;CARD10;HSP90AB1;CD40;APBA1;RPL38;DNAJB14;CENPE;DNAI4;LIN7A;HIP1;ADCY8;TRAF2;TMEM35A;PIK3C2A;HSPA4;TBCEL;TP53;PEX14;AIM2;KNTC1;CCDC40;PSMG2;MDM2;TRAPPC5;FCHO1;TBCC;VAMP8;HSP90AA1;FMOD;OMA1;GSDMD;CENPT;AP2S1;TEAD1;NDUFAF1;KMT2D;SRP54;SRP19;PALS2;APC;DLG4;BBS10;TBCE;SLC31A1
CLN8,GO_Biological_Process_2023,prerank,Endocytosis (GO:0006897),-0.3002104496886492,-0.8912276086722326,0.7698815566835872,1.0,1.0,63/187,21.80%,ITGB2;LRP2;CORO1A;PPT1;P2RY6;MRC1;RHOBTB1;MYD88;TBC1D2B;SORT1;AHSG;INSR;ADRB2;EEA1;SCARA5;TOM1;APP;LDLRAD3;REPS2;TAFA4;AP2A1;PI4KB;DPYSL2;LMBR1L;LRP1;MESD;TYRO3;DAB2;ARHGAP27;MICALL1;RAB22A;CLINT1;ASGR1;DNM1;LRP12;DNM3;LRP1B;IGF2R;MYO6;RINL;TSC2;MIB1;EHD2;TICAM2;SCARB2;TM9SF4;CSNK1E;EPN3;HEATR5A;GAS6;NECAP2;DENND1A;EPN1;JMJD6;LDLR;CSNK1D;RAB5B;M6PR;PDLIM7;CORO1C;LRP8;LRSAM1;AP3M1
CLN8,GO_Biological_Process_2023,prerank,Positive Regulation Of Small GTPase Mediated Signal Transduction (GO:0051057),-0.44580553739984924,-0.8911843808462684,0.6072727272727273,1.0,1.0,8/17,23.66%,TGM2;STK19;NTRK1;RASGRF1;NOTCH1;ITGAV;SHOC2;NOTCH2
CLN8,GO_Biological_Process_2023,prerank,Nucleotide Biosynthetic Process (GO:0009165),-0.4242497536454844,-0.8911348324691902,0.6173285198555957,1.0,1.0,12/19,27.73%,PFAS;MTHFD1;NMNAT1;ME1;PRPS2;RRM2;GART;NMNAT2;HPRT1;NMNAT3;PRPS1;PNP
CLN8,GO_Biological_Process_2023,prerank,One-Carbon Compound Transport (GO:0019755),-0.38215938776649006,-0.8908800279918768,0.6641509433962264,1.0,1.0,11/35,22.56%,SLC26A6;HBA1;HBZ;SLC4A11;SLC26A7;CYB5RL;SLC14A2;CYB5R4;AQP5;SLC4A2;SLC39A8
CLN8,GO_Biological_Process_2023,prerank,Protein N-linked Glycosylation (GO:0006487),-0.3430904314634961,-0.8907064231625295,0.6588021778584392,1.0,1.0,21/64,22.56%,PDCD6;PMM1;ALG10B;ENTPD5;TUSC3;MPDU1;ALG10;KRTCAP2;ALG14;RPN2;MAN1C1;TMEM258;DOLPP1;DPM1;MGAT4C;MGAT4A;DERL3;GFPT1;MGAT5;DAD1;SLC39A8
CLN8,GO_Biological_Process_2023,prerank,Negative Regulation Of Innate Immune Response (GO:0045824),0.3458081158911895,0.8903242820579029,0.6753812636165577,1.0,1.0,20/52,20.93%,USP18;DTX4;PARP1;PPP6C;AKT1;AURKB;METTL3;DHX58;LYAR;CEP63;PTPN2;YTHDF2;TTLL12;SUSD4;STAT2;BANF1;ISG15;MUL1;RPS19;FAM3A
CLN8,GO_Biological_Process_2023,prerank,Ribonucleoprotein Complex Biogenesis (GO:0022613),0.3116919075355017,0.8902288391715855,0.7266355140186916,1.0,1.0,42/116,20.24%,GTF3A;CINP;NOL7;RPS4X;NOP16;RBIS;WDR43;MPHOSPH10;UTP3;RPS24;RPL26;RPS7;RPL5;EXOSC10;RSL24D1;RPS6;GLUL;TGS1;RPL35A;WDR12;RPS16;RPS3A;NOP56;RPS25;ZNF622;SPATA5;HEATR1;WDR46;METTL17;RPS23;RPS15;RPL38;DHX37;SPPL2B;NOM1;CUL4A;RPS5;RPS28;IGF2BP3;RIOK2;RPS19;RPS14
CLN8,GO_Biological_Process_2023,prerank,Oligosaccharide Metabolic Process (GO:0009311),-0.3640157704397274,-0.8897188005421813,0.6642201834862386,1.0,1.0,15/48,22.27%,GAL3ST4;IDUA;CTBS;GAL3ST3;NEU1;FUT2;MPDU1;ST3GAL2;GLA;ST8SIA5;MANBA;ST6GALNAC5;FUT4;ST6GALNAC4;ST6GALNAC3
CLN8,GO_Biological_Process_2023,prerank,Platelet-Derived Growth Factor Receptor Signaling Pathway (GO:0048008),0.4440971499653029,0.8895068747318137,0.5995475113122172,1.0,1.0,9/15,24.19%,NR4A3;NELL1;PDGFA;FER;PIK3C2A;PTPRJ;PTPN1;PLAT;PDGFRA
CLN8,GO_Biological_Process_2023,prerank,Regulation Of Spindle Organization (GO:0090224),-0.4226288645233768,-0.8894715919462426,0.6361904761904762,1.0,1.0,11/20,26.05%,STIL;MAP9;RNF4;GPSM2;NUMA1;TACC3;RAE1;GNAI1;DCTN1;CLTC;NUP62
CLN8,GO_Biological_Process_2023,prerank,Myofibril Assembly (GO:0030239),0.3568395449289044,0.8893296888207958,0.6601307189542484,1.0,1.0,12/46,15.61%,CAPN3;TCAP;SYNPO2L;MYH3;MYOZ1;FHOD3;TNNT1;TMOD3;TPM1;KRT19;LMOD1;TTN
CLN8,GO_Biological_Process_2023,prerank,Positive Regulation Of Epithelial To Mesenchymal Transition (GO:0010718),-0.37064441815304466,-0.8893024270187423,0.6774193548387096,1.0,1.0,20/47,21.96%,BMP2;RGCC;AGT;LRG1;PTK2;TGFBR2;LEF1;NOTCH1;SMAD3;DAB2;BAMBI;GLIPR2;SMAD2;EMP2;SMAD4;OLFM1;MDK;TCF7L2;FERMT2;PDPN
CLN8,GO_Biological_Process_2023,prerank,Outer Dynein Arm Assembly (GO:0036158),-0.4217667914746549,-0.8891788325027707,0.6098901098901099,1.0,1.0,8/21,16.87%,DNAAF4;DNAH8;DNAAF6;DNAAF1;ODAD3;NISCH;CCDC63;DNAH5
CLN8,GO_Biological_Process_2023,prerank,Regulation Of DNA Methylation-Dependent Heterochromatin Formation (GO:0090308),-0.4394675752070324,-0.8891749761622844,0.6432432432432432,1.0,1.0,8/17,22.20%,ATF7IP;SAMD1;RESF1;ZNF304;TRIM28;TASOR;SETDB1;MORC2
CLN8,GO_Biological_Process_2023,prerank,Regulation Of Protein Deacetylation (GO:0090311),0.4297768723397434,0.8888775711355076,0.6268343815513627,1.0,1.0,5/18,16.00%,SPRED2;KAT2A;KAT2B;MBIP;WDR5
CLN8,GO_Biological_Process_2023,prerank,Cellular Response To Salt (GO:1902075),0.30818614984634213,0.8887440770557853,0.7637969094922737,1.0,1.0,35/108,18.46%,DMTN;CAPN3;AOC1;SYT15;CPNE5;SYT5;SYT10;CPNE7;DPEP1;ATP2B4;RASA4;SYT9;ITPKB;P2RY11;WNT5A;AKR1C3;PPIF;IQGAP1;SYT13;SYT17;ITPKC;NLGN1;LGMN;SYT7;SYT6;CPNE2;CPNE1;CLU;DLG2;FYN;GUCA1A;PLCG2;ADCY8;CPNE3;ADGRV1
CLN8,GO_Biological_Process_2023,prerank,Ventricular Septum Development (GO:0003281),0.36201474880642803,0.8885177515007663,0.6584821428571429,1.0,1.0,13/37,16.18%,APLNR;NOG;SLIT1;TGFB2;ZFPM1;MATR3;MDM4;ROBO1;TGFBR1;PROX1;HEYL;SALL1;SOX4
CLN8,GO_Biological_Process_2023,prerank,Positive Regulation Of Cholesterol Efflux (GO:0010875),0.4082353636910423,0.8882854777279862,0.6241758241758242,1.0,1.0,7/22,18.20%,PON1;PPARG;APOA1;ABCA7;RXRA;GPS2;CAV1
CLN8,GO_Biological_Process_2023,prerank,Monoatomic Cation Transmembrane Transport (GO:0098655),-0.28914299792772824,-0.8882644200944967,0.834658187599364,1.0,1.0,87/281,22.56%,KCNH3;KCNC2;TRPV6;SLC30A2;SLC30A4;CACNG1;KCNB2;SLC12A3;KCNK4;CNGA4;CNGB1;ASIC3;TRPV2;SCN3B;TRPM2;P2RX4;KCNA3;SCNN1B;SCNN1G;ASIC1;SLC41A2;KCNH6;KCNG1;ATP1B3;ATP1A4;KCNQ4;SCNN1A;ABCC8;SLC4A11;FXYD2;TPCN2;SLC12A6;CACNA2D4;SCARA5;KCNV2;MCOLN1;SLC9A9;P2RX7;KCNG2;KCNK2;TRPM6;KCNJ11;KCNH8;SCN4B;SLC9A6;SLC8A1;PKD2L1;SCN5A;ATP2A3;SLC6A9;SLC39A1;PKD1;KCNH5;CCDC51;SLC6A3;SCN2A;SLC24A5;TRPM4;KCNK12;SLC11A2;SLC30A3;ATP5MF;ATP1A2;ATP4A;ITGAV;KCNQ5;ATP2C1;KCNK7;LRRC26;GAS6;ORAI1;CNGB3;SLC46A1;ATP6V0E2;PKD2;ATP6V0A2;KCNH1;TMEM175;CNGA1;KCNK6;CACNA1C;CACNA1A;ATP6V0A1;ATP2C2;HVCN1;SLC9A5;SLC39A8
CLN8,GO_Biological_Process_2023,prerank,"Synaptic Transmission, Cholinergic (GO:0007271)",0.4381975233377835,0.8881771120697791,0.6079295154185022,1.0,1.0,5/16,14.99%,COLQ;CHRNE;CHRNA4;CHRNB4;CHRNA7
CLN8,GO_Biological_Process_2023,prerank,Xenobiotic Transport (GO:0042908),-0.41998463502575556,-0.8879680837991112,0.6227758007117438,1.0,1.0,8/20,15.11%,SLC22A18;ABCB1;SLC47A1;ABCC5;ABCC2;SLC22A3;SLC22A4;SLC7A5
CLN8,GO_Biological_Process_2023,prerank,Water Transport (GO:0006833),0.4378439868076234,0.8879588451928994,0.582089552238806,1.0,1.0,4/17,11.53%,AQP7;UPK3A;AQP4;CFTR
CLN8,GO_Biological_Process_2023,prerank,Glutamine Family Amino Acid Metabolic Process (GO:0009064),0.380576670104841,0.8877099961798558,0.6705336426914154,1.0,1.0,7/31,14.43%,ART4;GLYATL1B;GGT1;GOT1;NIT2;RIMKLB;GCLM
CLN8,GO_Biological_Process_2023,prerank,Negative Regulation Of Transport (GO:0051051),-0.3709788980396849,-0.88737211028893,0.6440071556350626,1.0,1.0,20/39,25.56%,LGALS3;CRYAB;SCAMP5;SNX3;MCTP1;PACSIN3;NRG1;WWP2;SYT11;NDFIP2;PTEN;ITGAV;EPHA3;SNCA;LRSAM1;ERBB3;PRKD1;RAB7A;PRKN;NR1H3
CLN8,GO_Biological_Process_2023,prerank,Vesicle Cargo Loading (GO:0035459),0.39364726705522524,0.8873520565439716,0.6367521367521367,1.0,1.0,6/25,15.19%,SEC31B;CTAGE9;SEC24A;RAB1A;TMED10;SEC31A
CLN8,GO_Biological_Process_2023,prerank,Positive Regulation Of Neutrophil Chemotaxis (GO:0090023),-0.43442328091015975,-0.8871953056073763,0.6068840579710145,1.0,1.0,5/18,20.83%,XCL1;CD74;RAC2;MCU;MDK
CLN8,GO_Biological_Process_2023,prerank,Regulation Of Receptor Recycling (GO:0001919),-0.4368748987535945,-0.8870480768894234,0.6173752310536045,1.0,1.0,8/17,20.97%,OCRL;RAMP3;RAB29;ECE1;KIF16B;NSF;LDLR;SNCA
CLN8,GO_Biological_Process_2023,prerank,Positive Regulation Of I-kappaB kinase/NF-kappaB Signaling (GO:0043123),0.29420000724628365,0.8870234312942157,0.7995226730310262,1.0,1.0,55/173,19.86%,CLEC7A;CARD9;RFPL3;BIRC3;LTF;EDAR;PARP1;TRIM68;REL;TRAF3IP2;TRIM38;GPRC5B;TFRC;NDFIP1;TRIM8;TRIM25;ZDHHC17;IKBKB;NEK6;NOD2;FKBP1A;TNFRSF19;TFG;DHX36;PIM2;IKBKE;MID2;IRAK1;TERF2IP;IFIT5;UBE2N;EEF1D;CCDC22;TNFRSF25;MAP3K3;NOD1;MIER1;CD40;TIRAP;S100A13;RELA;PPP5C;TRIM62;TRAF2;GAPDH;IRAK4;MIB2;MAP3K7;MUL1;LAMTOR5;LITAF;TRAF6;ANKRD17;SLC35B2;GOLT1B
CLN8,GO_Biological_Process_2023,prerank,Regulation Of Wnt Signaling Pathway (GO:0030111),-0.3209500443713656,-0.8864132327967418,0.7280701754385965,1.0,1.0,25/107,17.14%,BMP2;SOSTDC1;CITED1;WLS;SOX7;DAAM2;RSPO4;MDFI;AMER2;SNX3;KREMEN1;APP;RNF43;LGR6;SULF2;LRP1;BTRC;DEPDC1B;APCDD1;TRABD2B;TSC2;CCNY;MDFIC;SPIN1;GPC3
CLN8,GO_Biological_Process_2023,prerank,Insulin Receptor Signaling Pathway (GO:0008286),0.3477621669800617,0.8863409992263694,0.6597701149425287,1.0,1.0,13/47,19.07%,AP3S1;IRS1;PIK3R1;FOXO4;IRS4;PIK3R3;PTPN2;GRB14;SORBS1;PIK3R2;FER;PIK3C2A;GRB7
CLN8,GO_Biological_Process_2023,prerank,Cellular Response To Gamma Radiation (GO:0071480),-0.4509675415843502,-0.885906104920365,0.6110056925996205,1.0,1.0,7/16,20.93%,CRYAB;WRN;TSPYL5;YAP1;XRCC5;TMEM109;MAP3K20
CLN8,GO_Biological_Process_2023,prerank,Negative Regulation Of Insulin Secretion (GO:0046676),0.4379368080999381,0.8857637679265323,0.6282608695652174,1.0,1.0,5/17,14.36%,CCN3;IRS1;FAM3D;CHGA;REST
CLN8,GO_Biological_Process_2023,prerank,Sensory Perception Of Taste (GO:0050909),-0.4406975612047215,-0.885698337825725,0.6050269299820467,1.0,1.0,6/17,13.54%,ASIC3;TAS1R1;SCNN1B;SCNN1G;SCNN1A;PKD2L1
CLN8,GO_Biological_Process_2023,prerank,Positive Regulation Of Canonical Wnt Signaling Pathway (GO:0090263),-0.3309553741193946,-0.885646001733598,0.6978021978021978,1.0,1.0,24/84,19.78%,WLS;DAAM2;TNKS2;ZEB2;USP34;FRAT1;DKK2;WNK1;WNT3A;NRARP;LGR6;PPM1A;BAMBI;PIN1;GID8;MRPS12;PLEKHA4;TRPM4;GPC3;CSNK1E;JRK;PRDM15;TNKS;CSNK1D
CLN8,GO_Biological_Process_2023,prerank,Regulation Of Dendrite Extension (GO:1903859),-0.4419659194998178,-0.8855194403626865,0.6342857142857142,1.0,1.0,5/17,14.98%,RIMS1;RNF157;SYT4;NEDD4L;SYT1
CLN8,GO_Biological_Process_2023,prerank,Positive Regulation Of TORC1 Signaling (GO:1904263),-0.4062354403642756,-0.8853918581460787,0.6607460035523979,1.0,1.0,10/27,18.93%,LARS1;STAMBPL1;PIH1D1;CASTOR1;TELO2;CLEC16A;WDR59;OTUD5;WAC;RRAGA
CLN8,GO_Biological_Process_2023,prerank,Regulation Of Actin Nucleation (GO:0051125),-0.42277301705427184,-0.8853099419171362,0.6405959031657356,1.0,1.0,10/22,20.34%,CARMIL2;CORO1A;SCIN;ARPIN;WASH2P;CORO1B;ARFIP1;WASHC4;WASHC3;WASHC1
CLN8,GO_Biological_Process_2023,prerank,Regulation Of Oligodendrocyte Differentiation (GO:0048713),-0.44300990629165776,-0.8851931069332707,0.617059891107078,1.0,1.0,10/18,24.04%,DAAM2;ZNF365;NOTCH1;IL34;SLC45A3;PTN;MDK;TNFRSF21;HES1;TENM4
CLN8,GO_Biological_Process_2023,prerank,Positive Regulation Of Leukocyte Adhesion To Vascular Endothelial Cell (GO:1904996),0.4258644778514479,0.8849128977685382,0.632258064516129,1.0,1.0,7/17,19.64%,SELP;CHST2;NFAT5;IRAK1;ST3GAL4;RELA;TRAF6
CLN8,GO_Biological_Process_2023,prerank,Regulation Of Protein Export From Nucleus (GO:0046825),-0.41498235355196456,-0.8845193542815468,0.6400709219858156,1.0,1.0,8/22,22.02%,BARD1;FRAT1;IFI27;CAMK1;UHMK1;GAS6;SIRT6;YWHAE
CLN8,GO_Biological_Process_2023,prerank,DNA Metabolic Process (GO:0006259),-0.2849013606864403,-0.8844744560539557,0.8372881355932204,1.0,1.0,99/288,23.59%,FBXO6;RAD51B;RMI2;ACTR5;BARD1;NFRKB;ZRANB3;DMC1;SMC1A;DNASE1;RMI1;APLF;ORC3;UVRAG;FAM111B;HPF1;DNA2;RFC5;RAD51C;ATM;DDB1;RAD17;LIG1;INSL6;ZNF365;SETMAR;GRWD1;GTF2H3;UPF1;PARG;CDK2;CDC45;DCLRE1B;WRN;STON1;FANCA;FBH1;INO80;FEN1;MGMT;FSCN1;MSH2;EXD2;CDC34;REV1;CHD1L;INIP;RAD51AP1;SMARCAL1;LONP1;POLE3;TDP1;NEIL3;XRCC5;XRCC2;UNG;POLD2;RAD50;MCM5;BRCA1;NAP1L1;INO80B;MCM7;RAD9A;POLI;RAG1;CSNK1E;MUTYH;DCLRE1C;HMGB2;WDHD1;RPA1;RTEL1;TFPT;OGG1;ZNF827;MCM10;BLM;RECQL5;ALKBH1;POLQ;TRIM28;RAD52;MRE11;ERCC3;PRIM2;TYMS;RNASEH2A;TCF7L2;TIMELESS;SUMO1;PRIM1;KMT5B;INO80C;CNBP;INO80E;INO80D;TICRR;POLH
CLN8,GO_Biological_Process_2023,prerank,Positive Regulation Of Response To Endoplasmic Reticulum Stress (GO:1905898),0.4237511442424944,0.8840343545572685,0.611353711790393,1.0,1.0,7/18,16.70%,RNF183;TMEM259;PIK3R1;USP13;RNFT1;DDIT3;BCL2L11
CLN8,GO_Biological_Process_2023,prerank,Protein Localization To Golgi Apparatus (GO:0034067),0.3828192891056772,0.8839966905443696,0.6357466063348416,1.0,1.0,14/28,20.61%,COG7;GAK;PAQR3;SYS1;TMED10;VPS13A;ARL1;OPTN;ARL5B;SORL1;ZDHHC15;GBF1;ARL5A;VPS13D
CLN8,GO_Biological_Process_2023,prerank,"Wnt Signaling Pathway, Planar Cell Polarity Pathway (GO:0060071)",0.39574786170262716,0.8838667109803102,0.6359447004608295,1.0,1.0,12/26,19.96%,RAC1;FZD2;WNT5A;SMURF1;DVL2;VANGL2;CDC42;FZD6;VANGL1;SMURF2;CELSR2;DVL3
CLN8,GO_Biological_Process_2023,prerank,Response To Metal Ion (GO:0010038),-0.33803721721379565,-0.8838549767285784,0.6963979416809606,1.0,1.0,24/64,24.84%,TRPV6;SLC30A2;SLC30A4;AQP3;PDCD6;MAPT;IL1A;PPP3CA;SLC11A2;SLC30A3;D2HGDH;GPHN;CALM3;HOMER1;HFE;CALM1;SNCA;ATP7B;CALM2;HAAO;HVCN1;AHCYL1;TNNT2;PLSCR1
CLN8,GO_Biological_Process_2023,prerank,Central Nervous System Development (GO:0007417),0.2807188954661674,0.8838510134319372,0.8866498740554156,1.0,1.0,77/278,18.87%,ECRG4;CXCR4;VAX2;GRIN2C;CNTN6;PSPN;MEIS2;CNTN5;SH3GL3;ZIC1;SOX6;SOX12;TUBGCP2;MATCAP1;RELN;RBBP4;ASIC2;SZT2;MEIS1;MOG;HPCAL4;DSCAML1;TPP1;LSR;IL1RAPL2;COX7B;ZIC2;NF1;RTN3;TAGLN3;GRIK1;UTP3;RAB3GAP1;CADM2;SMARCA1;BRINP3;RTN1;SNTG2;UFC1;SLC8A3;C3;BPTF;CNTNAP2;CDK5;NRCAM;THOC6;NDUFS4;PCDH18;ZFHX2;PHF8;PAFAH1B3;MAST1;VPS13B;CNTN4;PROX1;APEX1;DNER;SPATA5;DCX;BTD;SOX4;ATXN1;SPINK5;RPS6KA6;EIF2B2;SOX8;DNAJC30;RAB18;MACROH2A2;DHX37;NNAT;ALDH3A2;AIM2;POU6F2;UBE3A;TBC1D23;RTN4
CLN8,GO_Biological_Process_2023,prerank,Membrane Lipid Metabolic Process (GO:0006643),0.4216744947641973,0.8834154881258819,0.6134831460674157,1.0,1.0,7/17,20.47%,ALOXE3;ALOX12B;GAL3ST1;SERINC1;SPTLC1;ARV1;ST3GAL6
CLN8,GO_Biological_Process_2023,prerank,Positive Regulation Of RNA Metabolic Process (GO:0051254),0.3712513075195601,0.8830454149308237,0.6496674057649667,1.0,1.0,14/33,20.37%,TRMT112;HSPA1A;PIK3R1;WDR43;NFKB1;GRSF1;HEATR1;HRAS;SUPV3L1;RELA;SIRT7;LIN28B;RIOK2;ZPR1
CLN8,GO_Biological_Process_2023,prerank,Positive Regulation Of DNA-templated Transcription Initiation (GO:2000144),0.34430472113377875,0.8830339564405992,0.6831896551724138,1.0,1.0,20/56,19.94%,MED18;JUN;MED7;TAF9;MED9;MED22;DHX36;TAF8;MED16;MED20;TAF7;TAF12;MED10;TAF4B;MED29;TBP;MED14;ZNHIT1;MED8;TAF3
CLN8,GO_Biological_Process_2023,prerank,Positive Regulation Of Isotype Switching (GO:0045830),0.45059074983396397,0.8826553416000572,0.6125,1.0,1.0,4/15,11.65%,CLCF1;TFRC;SHLD2;MAD2L2
CLN8,GO_Biological_Process_2023,prerank,poly(A)+ mRNA Export From Nucleus (GO:0016973),-0.42100751401082376,-0.8822432831367165,0.6365384615384615,1.0,1.0,9/20,24.96%,ZC3H11B;POLDIP3;SARNP;DDX25;DDX19B;NUP133;THOC2;MCM3AP;PCID2
CLN8,GO_Biological_Process_2023,prerank,Skeletal Muscle Organ Development (GO:0060538),0.3643180401714201,0.8817502682464468,0.6767676767676768,1.0,1.0,8/35,10.42%,MSC;MYH7B;MYL11;VRK3;BVES;MYOZ1;SVIL;FOXL2
CLN8,GO_Biological_Process_2023,prerank,Skeletal Muscle Contraction (GO:0003009),0.4176681436378358,0.8816035379461937,0.6274089935760171,1.0,1.0,6/19,12.32%,MYH7B;TCAP;MYH3;TNNT1;TNNI3;STAC2
CLN8,GO_Biological_Process_2023,prerank,Regulation Of Epithelial Cell Differentiation (GO:0030856),-0.4370326128632501,-0.8816023007288821,0.6358792184724689,1.0,1.0,2/18,4.67%,DSPP;GATA3
CLN8,GO_Biological_Process_2023,prerank,Second-Messenger-Mediated Signaling (GO:0019932),0.3242219322704942,0.8814908059226104,0.6882217090069284,1.0,1.0,11/72,8.31%,PTGDR2;CCR6;GPR62;CD36;CXCR4;EDN1;NDNF;NMUR1;NOS2;LRRK2;RCAN1
CLN8,GO_Biological_Process_2023,prerank,Regulation Of Protein Serine/Threonine Kinase Activity (GO:0071900),-0.3188156888085214,-0.8813361169539008,0.7308377896613191,1.0,1.0,37/112,21.77%,CDKN2B;FGF16;HTT;SIRT1;TRIB3;CIB1;CCNB3;CCNI2;UVRAG;ADRB2;CDK12;PIH1D1;CCND2;CAMK1;SLC8A1;CCNE1;MAP2K2;CCNJ;SOS1;TELO2;PDCD10;TAB1;CCNA2;IRGM;CCNG2;ETAA1;CALM3;LIME1;BLM;TCL1B;TESK1;CALM1;DUSP19;SNCA;TRIB2;GTPBP4;CALM2
CLN8,GO_Biological_Process_2023,prerank,Negative Regulation Of Apoptotic Signaling Pathway (GO:2001234),0.3214332734504532,0.8812580278611493,0.7085201793721974,1.0,1.0,21/82,15.07%,ASAH2;TMBIM1;TMBIM6;PARK7;BMP4;HSPA1A;SLC25A6;GHITM;AKT1;OPA1;TRIAP1;DDX3X;PPIF;MAPK8IP2;RTKN2;PRELID1;MEN1;TGFBR1;IGF1;MPV17L;FZD9
CLN8,GO_Biological_Process_2023,prerank,Protein Localization To Organelle (GO:0033365),-0.310307351694908,-0.8812220943228124,0.7385159010600707,1.0,1.0,65/136,27.06%,RIPOR1;GABARAPL2;CROCC;TIA1;GET4;COG3;TULP2;ARL3;LMNA;MSX1;BBS1;SIX1;NUAK2;SIX4;RAB35;VAPA;PRKAA2;TULP3;IFT20;FAM149B1;RAB6A;MICALL1;RAB8A;TOR1B;BBS4;FKBP8;CNTLN;DHX9;PAK1;FSIP2;WDR35;TTC21A;DCP1A;SGCG;BBS2;RPA1;OBSCN;CSNK1D;DVL1;TRAM1;DNAAF11;YWHAE;PACSIN2;IPO4;MARCHF5;CEP250;MAVS;TRAM2;PRKAA1;CALR;DDRGK1;RAB11A;OBSL1;LAMP1;TTC21B;DDX1;RAB33B;RAP1GDS1;PIKFYVE;BMP7;ZNF423;IFT140;UBAC2;SARM1;PEX2
CLN8,GO_Biological_Process_2023,prerank,Negative Regulation Of Transmembrane Receptor Protein Serine/Threonine Kinase Signaling Pathway (GO:0090101),0.30633832365354446,0.881197259863417,0.7463768115942029,1.0,1.0,38/111,21.09%,CHRDL2;NOG;HTRA4;SKOR2;EID2;CCN3;SAP30L;HDAC1;SPRED2;RBBP4;SLC2A10;PPARG;STRAP;HSPA1A;TGFB1I1;SPRED3;FKBP1A;ADAMTSL2;ZNF451;FSTL3;SMURF1;SF3B3;SAP30;PEG10;HIPK2;GPR155;ADAM17;CAV1;SMAD7;SORL1;SMURF2;SIN3A;VEPH1;SPRY1;FST;IL17RD;PBLD;WFIKKN1
CLN8,GO_Biological_Process_2023,prerank,Positive Regulation Of Macromolecule Metabolic Process (GO:0010604),0.27090327203701703,0.88116367883784,0.937007874015748,1.0,1.0,64/362,14.32%,CD28;ITGAX;MYLK2;CLEC7A;WNT16;NOG;CYP27B1;TNC;PLA2G10;CD36;TTBK1;NKX3-1;FOXD1;HMGN5;PARK7;PRKAB1;HDAC1;CALCR;SEC16B;CSF1;DTX3L;RLN2;INHBA;SLC2A10;PF4;EPB41L4B;PPARG;VSTM2A;BMP4;ALOX12B;TFRC;HSPA1A;TLR2;BVES;AKT1;MYOM1;WNT3;WARS1;ITCH;SCRIB;DDX3X;AZU1;SFRP4;BMPR1B;RPS7;RPL5;WNT5A;ATP13A2;DHX36;ACTC1;CTSH;MAPK9;CALCOCO1;FN1;UBR5;PIK3R3;MBIP;PHB1;PID1;ROBO1;RPL17;CLDN19;TGFBR1;IGF1
CLN8,GO_Biological_Process_2023,prerank,Receptor Internalization (GO:0031623),-0.3556290565856332,-0.880095168798504,0.6848591549295775,1.0,1.0,11/51,14.81%,LILRB4;ITGB2;RALA;ARRB1;RAMP3;SYK;GRB2;LRP1;DNM1;DNM3;RAB31
CLN8,GO_Biological_Process_2023,prerank,Regulation Of Telomere Maintenance Via Telomere Lengthening (GO:1904356),0.4259929293711992,0.8797532923079053,0.6275395033860045,1.0,1.0,7/17,16.59%,PARP1;TERF1;DHX36;PINX1;TINF2;SLX4;HNRNPA2B1
CLN8,GO_Biological_Process_2023,prerank,Negative Regulation Of Microtubule Depolymerization (GO:0007026),0.415668723758925,0.8795515994765414,0.6203090507726269,1.0,1.0,11/20,19.96%,TAOK1;STMN2;MID1IP1;ATXN7;APC2;TRIM54;TPX2;KATNB1;ARHGEF2;CLASP2;BMERB1
CLN8,GO_Biological_Process_2023,prerank,Positive Regulation Of Macrophage Migration (GO:1905523),-0.4423510818353097,-0.8793065416922606,0.6381818181818182,1.0,1.0,6/18,21.25%,P2RX4;PTK2;IL34;P2RY12;MDK;RARRES2
CLN8,GO_Biological_Process_2023,prerank,Positive Regulation Of Cell Development (GO:0010720),-0.37080934256720366,-0.8791054225792058,0.644927536231884,1.0,1.0,12/35,21.90%,OPRM1;ZNF335;LRP2;TGM2;PDE3A;SERPINF1;TRIM32;NAP1L1;NUMB;SOX11;GPER1;BAD
CLN8,GO_Biological_Process_2023,prerank,Negative Regulation Of Lipid Biosynthetic Process (GO:0051055),-0.40003062193413774,-0.8790769821166496,0.6439114391143912,1.0,1.0,6/25,10.26%,BMP2;SIRT1;TRIB3;PRMT3;WNT4;ACADL
CLN8,GO_Biological_Process_2023,prerank,Positive Regulation Of Inflammatory Response (GO:0050729),-0.3187981498745857,-0.8788320876257769,0.7216494845360825,1.0,1.0,40/103,25.00%,TRADD;AGT;C2CD4B;OSMR;MAPK13;PLA2G7;IL6ST;TNFSF4;NLRP10;APP;TSLP;CD47;NAIP;FEM1A;DHX9;NFKBIA;NLRC4;SNX4;PDE2A;NLRP1;PLA2G2A;IFI35;LCP1;IL18;NLRP12;GPSM3;IGF2BP1;MDK;SNCA;VAMP7;GRN;IL15;MGST2;IL17RA;PDCD4;PYCARD;TNIP1;MYO1C;IL23A;ZP3
CLN8,GO_Biological_Process_2023,prerank,Facultative Heterochromatin Formation (GO:0140718),-0.44671214677474,-0.8787446488097556,0.6195652173913043,1.0,1.0,3/15,6.44%,SIRT1;SIRT2;BEND3
CLN8,GO_Biological_Process_2023,prerank,Respiratory Tube Development (GO:0030323),-0.39660478284483647,-0.8785124779759144,0.6360225140712945,1.0,1.0,12/27,25.51%,FGF9;PCSK5;DNAAF1;GLI2;BAG6;HECA;VEGFA;NPHP3;PDPN;POLR2D;ZIC3;STRA6
CLN8,GO_Biological_Process_2023,prerank,Negative Regulation Of Phagocytosis (GO:0050765),-0.44864378133949867,-0.878485369975114,0.6274165202108963,1.0,1.0,8/15,24.84%,PIP4P2;SNX3;CD47;SIRPA;SYT11;RACK1;APPL1;PLSCR1
CLN8,GO_Biological_Process_2023,prerank,Regulation Of MAP Kinase Activity (GO:0043405),-0.3171526113659595,-0.8779549676929802,0.7286956521739131,1.0,1.0,34/114,21.08%,BMP2;FGF16;HTR2B;AGT;SMPD1;SH2B3;TRIB3;TDGF1;PDGFRB;INSR;INPP5K;CDK12;PIK3R5;KIT;FLT1;IL34;DUSP7;PRKCD;RGS2;SOS1;IRAK3;FLT3;LYN;PDCD10;SPRY3;DUSP1;MEF2C;FGF18;LIME1;VEGFA;TPD52L1;DUSP19;GHR;TRIB2
CLN8,GO_Biological_Process_2023,prerank,Very Long-Chain Fatty Acid Metabolic Process (GO:0000038),0.37236335859703773,0.8779052711829637,0.6557017543859649,1.0,1.0,13/32,17.48%,ACAA1;ACSL1;ACOX1;ELOVL7;ACSL6;ACOT2;SLC27A5;ELOVL1;ABCD3;ELOVL4;HACD3;SLC27A6;SLC27A4
CLN8,GO_Biological_Process_2023,prerank,Response To Interferon-Beta (GO:0035456),-0.39063096317400037,-0.8774822890207173,0.6537785588752196,1.0,1.0,11/29,25.50%,XAF1;IFI16;SHFL;CDC34;IRGM;CALM1;UBE2G2;PNPT1;IFNAR1;PLSCR1;BST2
CLN8,GO_Biological_Process_2023,prerank,Visual Perception (GO:0007601),0.30832874020852646,0.8770800913614911,0.7555555555555555,1.0,1.0,33/101,18.72%,VAX2;MYO7A;EYS;CACNA1F;SLC4A10;IMPG2;GUCA1B;TRPM1;REEP6;CRYGB;EML2;ROM1;OAT;ZIC2;OPA1;TULP1;CRYGD;SFRP5;CRYBB1;ATXN7;DRAM2;AOC2;BEST1;GPR143;RP2;PRKRA;EFEMP1;GUCA1A;MYO9A;PAX2;ADGRV1;POU6F2;GRM8
CLN8,GO_Biological_Process_2023,prerank,Positive Regulation Of Dendrite Extension (GO:1903861),-0.44196993415197644,-0.8768882253514921,0.6520912547528517,1.0,1.0,5/16,14.98%,RIMS1;RNF157;SYT4;NEDD4L;SYT1
CLN8,GO_Biological_Process_2023,prerank,Negative Regulation Of Endocytosis (GO:0045806),-0.37944225216377125,-0.8763666653909539,0.6529080675422139,1.0,1.0,16/33,25.56%,LGALS3;PIP4P2;SCAMP5;SNX3;MCTP1;PACSIN3;SIRPA;SYT11;UNC119;EPHA3;RACK1;LRSAM1;PRKD1;PICALM;PLSCR1;NR1H3
CLN8,GO_Biological_Process_2023,prerank,Protein Polyubiquitination (GO:0000209),0.2836260540644804,0.8762944934638763,0.8602409638554217,1.0,1.0,74/223,21.00%,UBE2NL;RNF183;TNFSF13B;TMEM129;RFPL3;KBTBD6;DAW1;TRIM68;MYCBP2;DTX3L;SASH1;UBE2B;ANAPC5;RNF213;TRAF3IP2;TRIM38;RNF166;TRIM8;TRIM25;RNF6;ANKIB1;RNF187;UBE2J1;ITCH;WSB2;ZNRF1;CDC23;FBXO4;ZNRF2;UBR5;RUSC1;SMURF1;CDC26;FBXO45;CUL3;UBE2O;RNF126;UBE2N;TRAF3;ARIH2;ANAPC13;ANAPC1;UBE2R2;UBE2E2;BLMH;DDB2;FZR1;TRIM45;RNF135;RNF19B;UBE2V2;TRIM62;RNF5;UBE2G1;TRAF2;UBE2L3;FBXL7;UBE4A;UBE2Q1;TRIM65;RBX1;UBE3A;PRPF19;MDM2;ZNF598;MUL1;TRAF6;DDA1;UBOX5;UBE2H;TRAF4;FBXW11;KLHL42;SHARPIN
CLN8,GO_Biological_Process_2023,prerank,Pore Complex Assembly (GO:0046931),0.424757089325451,0.8760550244988281,0.6292372881355932,1.0,1.0,11/18,21.70%,NDC1;NUP153;TPR;PDZD11;PLEKHA7;TMEM170A;RTN4;NUP205;NUP93;GSDMD;AHCTF1
CLN8,GO_Biological_Process_2023,prerank,Negative Regulation Of Protein Serine/Threonine Kinase Activity (GO:0071901),-0.33222209728237306,-0.8760230949794318,0.7277777777777777,1.0,1.0,20/80,18.11%,BMP2;AGT;SIRT1;SMPD1;SH2B3;INPP5K;PRKAR1A;PKIG;LATS1;SLC8A1;PRKAR2B;DUSP7;PRKCD;RGS2;IRAK3;LYN;SPRY3;DUSP1;PTEN;PKIB
CLN8,GO_Biological_Process_2023,prerank,Regulation Of Translation (GO:0006417),-0.29193780855728857,-0.8760176306291684,0.8158783783783784,1.0,1.0,97/201,27.21%,LARP4;TIA1;ELP4;NANOS3;ENC1;SHFL;ZAR1L;POLDIP3;NHLRC1;EIF4H;ZNF385A;MSI2;IFRD2;LRPPRC;GUF1;CNOT1;APP;BZW2;NCBP2;SHMT1;METTL18;TRIM3;DUS3L;UPF1;LSM14A;CPEB3;METAP1;LARP1;NSUN3;RC3H1;IGF2BP2;LARP1B;SYNCRIP;EIF4G3;RNF139;FXR1;GIGYF2;DDX25;MAPKAPK5;OGT;LARP6;DHX9;EPHA4;ILF3;IMPACT;GSPT1;ATXN2;MSI1;EIF1B;RBM4;ELP3;GRM5;DDX6;NIBAN1;DHFR;NOLC1;TRIM2;BZW1;DAPK1;ELP6;FOXO3;PLD1;NANOS1;IGF2BP1;ALKBH1;PAIP2B;PLXNB2;RACK1;OGFOD1;EIF3D;TYMS;MTPN;SERBP1;METTL14;EEF2;EIF2S1;PUS7;NHLRC3;CALR;CNOT9;BTG2;TENT5B;ZNF540;DDX1;MALSU1;EIF3E;IGFBP5;EIF1;LIN28A;VIM;MTIF2;PUM3;EIF4B;ELP1;RPS6KA3;MRPL13;RBM4B
CLN8,GO_Biological_Process_2023,prerank,Dicarboxylic Acid Catabolic Process (GO:0043649),0.43153742569090503,0.8759163587918959,0.625,1.0,1.0,5/16,13.28%,ASPA;PM20D2;GOT1;QPRT;GLUL
CLN8,GO_Biological_Process_2023,prerank,Negative Regulation Of Axonogenesis (GO:0050771),-0.405654425966631,-0.8754201513825558,0.6492248062015504,1.0,1.0,8/22,18.95%,SEMA3G;ULK2;DIP2B;KIAA0319;TRIM46;ULK1;PTEN;EFNB3
CLN8,GO_Biological_Process_2023,prerank,Regulation Of Anoikis (GO:2000209),-0.42428246577089535,-0.8753633409903622,0.6452830188679245,1.0,1.0,8/21,22.49%,PTK2;SNAI2;MYBBP1A;NOTCH1;TLE5;SIK1;ZNF304;TLE1
CLN8,GO_Biological_Process_2023,prerank,Negative Regulation Of Carbohydrate Metabolic Process (GO:0045912),0.3792463745053566,0.8742621952881723,0.6448202959830867,1.0,1.0,5/30,11.73%,MST1;CBFA2T3;FBP1;KAT2A;C1QTNF12
CLN8,GO_Biological_Process_2023,prerank,Phosphorylation (GO:0016310),-0.27632058635913687,-0.874120545204409,0.935064935064935,1.0,1.0,153/429,24.80%,GRK7;BMP2;WNK4;HCST;IGFBP3;BMPR2;CSNK1A1;HTR2B;MAP4K4;DGKQ;BMX;HASPIN;STK19;NTRK1;PAK3;CDKL4;PDPK1;HIPK1;HCK;DGKI;PPP4R1;WNK1;TESK2;ABL1;STRADA;GCK;PTK2;PRKCB;JAK2;UVRAG;INSR;CCL2;PKN2;FAM20A;EPHB2;ATM;CDC42BPA;PANK2;MAP3K9;CREB1;NUAK2;APP;YWHAZ;JAK1;TGFBR2;SYK;MAP3K12;PRKAA2;DYRK3;NEK11;CHEK2;MAP3K6;PRPF4B;CSK;LATS1;PKN3;CDK2;EPHA7;CAMK1;LIMK1;CDKL3;CCNE1;LIPE;CDKL2;TAOK3;ATG13;CDKL1;PRKCD;GALK2;CAMK4;NEK4;BRSK1;STK24;IRAK3;DGKG;EPHA5;LYN;CDK16;DMPK;MORC3;PAK1;ULK1;FNIP2;SRPK2;EPHA4;ILF3;NEK3;STK17B;MAK;TSSK3;TBCK;PINK1;SPHK1;MAP4K3;RPS6KA4;SIK1;CSNK1E;LMTK2;HK1;XYLB;ADAM10;PRKCH;GAS6;PAK4;MARK1;TP53RK;CSNK1D;CTBP1;DAPK1;EPHA6;ATG14;ADM2;EPHA3;MAP3K20;TRIB2;SGK3;VRK1;MARK2;GSK3A;PTK2B;CLK3;CDK6;MAST2;BIRC6;GRK6;LCK;FAM20B;GK5;ACVR1B;SHPK;PRKG1;PDK1;TAF1;CDC25B;ROCK2;ILK;PIM3;TXK;CSNK2A2;TAOK2;STK17A;STK38L;CAMKK2;PRKAA1;DGKH;MAPK6;PRKCA;BRSK2;TAF4;COQ8A;WNK2;ERN2;MAP2K1
CLN8,GO_Biological_Process_2023,prerank,Regulation Of Monoatomic Ion Transmembrane Transporter Activity (GO:0032412),-0.33486677972437134,-0.8740764283825665,0.7046263345195729,1.0,1.0,26/68,23.23%,FXYD3;OPRM1;SHISA7;FXYD5;SCN3B;PTPN3;GSG1L;CACNG7;CACNG4;FXYD2;SHISA9;APP;NEDD4L;SCN4B;WWP2;SHANK1;MEF2C;PDZK1;HOMER1;DAPK1;RANGRF;PTK2B;YWHAE;SHISA6;CAPN1;GPD1L
CLN8,GO_Biological_Process_2023,prerank,Positive Regulation Of Interleukin-1 Beta Production (GO:0032731),0.3385425982403621,0.8739665008891454,0.7,1.0,1.0,9/56,11.74%,CLEC7A;TLR8;CD36;STMP1;CARD8;NOD2;USP50;AZU1;WNT5A
CLN8,GO_Biological_Process_2023,prerank,mRNA Splice Site Recognition (GO:0006376),-0.3870821407167473,-0.8737107132779466,0.6522556390977443,1.0,1.0,10/29,17.59%,NOL3;SRSF10;LUC7L;HNRNPC;SF3A2;LUC7L2;CELF2;SF3A1;CELF5;ISY1
CLN8,GO_Biological_Process_2023,prerank,Positive Regulation Of Heart Rate (GO:0010460),-0.43800523135126124,-0.8736550738289727,0.6537037037037037,1.0,1.0,6/17,20.49%,HRC;SCN3B;TRPM4;RYR2;ADRA1D;ADM2
CLN8,GO_Biological_Process_2023,prerank,Regulation Of Intracellular Signal Transduction (GO:1902531),-0.28305236439095277,-0.8735572551448924,0.8666666666666667,1.0,1.0,109/297,23.81%,PLK3;ARHGAP9;SUMO4;TMEM127;MAP4K4;CLEC6A;GRM2;PAK1IP1;FGD5;NTRK1;PAK3;NTRK2;PDPK1;ARHGAP30;MAPT;ARHGEF4;ARHGAP31;WDR54;SYDE2;ATM;NUAK2;SEZ6L;ARHGEF15;TRAF5;ARHGAP4;ARAP1;NGEF;FLT4;VWF;CHEK2;ULK4;GPAT3;PTPMT1;BST1;SEZ6;LBH;ANKRD54;GRB2;RNF34;OVOL2;ARHGAP28;VAV3;ARHGAP27;ITFG2;RRAGC;TAOK3;SQSTM1;GMIP;NF2;MAPKAPK5;TELO2;DNMBP;ITSN1;RPF2;AGER;LYN;ARHGAP45;ARHGEF9;PAK1;NFKBIA;RACGAP1;SPATA13;ARHGEF10L;RASGRF2;FAM13B;TRAF1;ARHGAP11B;AKAP7;PREX1;SGMS1;PTEN;TBCK;ITGAV;PDE2A;NEK8;LIME1;PHLPP1;PAK4;OBSCN;VEGFA;TP53RK;STYXL1;URB2;NLRP12;FGD4;ARHGEF19;DOCK2;ARHGEF3;RASSF2;PTPN13;STARD13;USP7;CALM2;EP300;ARHGEF10;ARHGAP22;DOCK8;ARHGAP32;ZFAND6;AKAP13;TAF1;PPP1R16B;AKAP5;GNAI1;PLEKHG1;ARHGEF25;SETD9;MAP2K6;PYCARD
CLN8,GO_Biological_Process_2023,prerank,Nuclear-Transcribed mRNA poly(A) Tail Shortening (GO:0000289),-0.4179689536159442,-0.8735137315670835,0.6292335115864528,1.0,1.0,12/20,24.65%,ZFP36;CNOT3;CNOT8;TUT7;CNOT4;CNOT6L;PAN2;TNKS1BP1;CNOT7;CNOT6;CNOT9;CNOT2
CLN8,GO_Biological_Process_2023,prerank,Establishment Of Epithelial Cell Polarity (GO:0090162),-0.42499478902052196,-0.8733046173288098,0.6440677966101694,1.0,1.0,10/18,27.35%,FBF1;PARD3;SYNE4;CYTH1;SIPA1L3;CYTH3;RAP2A;GOLPH3;EZR;RHOA
CLN8,GO_Biological_Process_2023,prerank,Positive Regulation Of Cytokine Production (GO:0001819),0.2728436234530965,0.8732660742244094,0.9574468085106383,1.0,1.0,82/318,20.22%,CD28;IL16;CLEC7A;TLR8;CARD9;IFIH1;IL17D;IRF1;SERPINF2;FGR;TMIGD2;PARK7;SPHK2;SULF1;FCER1G;HMGB1;ADRA2A;LACC1;HILPDA;TYK2;NOS2;HSPA1A;IL18R1;AGPAT1;TLR2;PQBP1;ZCCHC3;NOD2;EHHADH;ZFPM1;HSPD1;CD86;DHX58;HPSE;SCRIB;KAT2A;AFAP1L2;DDX3X;RAB1A;WNT5A;TMED10;FLOT1;RAB2B;EIF2AK2;C3;C1QTNF4;MAPK9;HYAL2;HLA-A;IKBKE;PHB1;SETD4;IRAK1;CD58;TRAF3;STOML2;DDIT3;EIF2AK3;CYRIB;NOD1;BTN3A2;CD40;TIRAP;FZD5;S100A13;RELA;PLCG2;TRAF2;GAPDH;RARA;ARHGEF2;FOXP1;SORL1;ISG15;MAP3K7;NR1H4;LAMTOR5;TRAF6;TANK;RUNX1;PIK3CD;IL12RB2
CLN8,GO_Biological_Process_2023,prerank,Sensory Perception Of Mechanical Stimulus (GO:0050954),-0.31994561648387904,-0.872407717049898,0.738404452690167,1.0,1.0,20/88,17.28%,OTOR;PJVK;LRP2;GSDME;TMIE;P2RX2;PAX3;P2RX4;PDZD7;CDH23;TSPEAR;SNAI2;CHRNB2;LHFPL5;USH2A;SLC52A3;COL11A1;COL2A1;WFS1;WHRN
CLN8,GO_Biological_Process_2023,prerank,Porphyrin-Containing Compound Biosynthetic Process (GO:0006779),0.413501400621336,0.8723868607654454,0.6198347107438017,1.0,1.0,11/21,21.33%,ALAS2;ATP5IF1;UROS;HMBS;RSAD1;COX15;TSPO;PGRMC1;ALAS1;SLC25A38;FXN
CLN8,GO_Biological_Process_2023,prerank,Protein Deubiquitination (GO:0016579),0.31170486955388904,0.8721391696832604,0.7433414043583535,1.0,1.0,26/96,17.54%,USP9Y;USP18;USP33;SPATA2;OTUB1;USP50;USP8;USP13;USP42;UCHL5;USP11;USP36;VCPIP1;ENY2;BABAM1;PSMD14;OTUD4;RNF2;USP16;OTUD7B;COPS5;USP46;USP21;OTULINL;USP51;CDK1
CLN8,GO_Biological_Process_2023,prerank,Synaptic Vesicle Recycling (GO:0036465),-0.3565060463964818,-0.8720812508465065,0.7160714285714286,1.0,1.0,21/44,22.59%,SYNJ1;SNCG;AP2B1;PACSIN1;WNT3A;FCHO2;AP3D1;STON1;DNM1;GIT1;DNM3;SYT1;VAMP2;SNCB;CANX;AP3S2;SNCA;GIT2;AP2M1;SYT2;STX1A
CLN8,GO_Biological_Process_2023,prerank,Positive Regulation Of NF-kappaB Transcription Factor Activity (GO:0051092),0.29041576161802585,0.8718458721294707,0.8321513002364066,1.0,1.0,48/151,19.64%,CLEC7A;CARD9;CD36;RFPL3;CAPN3;LTF;PSMA6;TRIM68;TRIM38;TFRC;HSPA1A;TRIM8;IL18R1;TRIM25;TLR2;IKBKB;NOD2;WNT5A;FLOT1;EIF2AK2;RTKN2;RPS6KA5;MID2;IRAK1;TERF2IP;UBE2N;RIPK4;ANKRD42;PRDX3;ERC1;NOD1;CLU;NTS;CD40;TIRAP;RELA;PLCG2;TRIM62;FER;TRAF2;ARHGEF2;CAV1;PPIA;TRIM37;AIM2;MAP3K7;LAMTOR5;TRAF6
CLN8,GO_Biological_Process_2023,prerank,Positive Regulation Of Autophagosome Assembly (GO:2000786),0.44092816710184835,0.8717930236095516,0.649895178197065,1.0,1.0,8/16,20.97%,RAB3GAP1;SNX7;SNX33;ELAPOR1;PIP4K2C;SNX18;SH3GLB1;WIPI1
CLN8,GO_Biological_Process_2023,prerank,Inflammatory Response (GO:0006954),-0.2888277788270206,-0.8713509003103554,0.8434925864909391,1.0,1.0,39/232,16.88%,PTGIR;BMP2;FPR1;ITGB2;CARD18;ALOX15;CCL25;CXCL13;CXCL5;FPR3;XCL1;GATA3;CD44;IL1A;ORC3;CCL2;TAC1;PTGDR;IRAK2;TNFSF4;GPR68;CDO1;NFATC3;AOC3;CD96;NFKB2;SCUBE1;KIT;NAIP;AGER;HDAC5;CXCL2;NFAM1;NLRC4;BDKRB2;IL10RB;AIF1;CXCL1;RIPK2
CLN8,GO_Biological_Process_2023,prerank,Purine Ribonucleotide Biosynthetic Process (GO:0009152),-0.3472855447189666,-0.8710221661926625,0.7,1.0,1.0,15/55,17.15%,AMPD1;PANK4;PANK1;ATP5F1A;GUCY2F;NPR2;PFAS;PANK2;NPPC;ADSS1;GUCY2C;PPCDC;AK5;ADCY7;PPCS
CLN8,GO_Biological_Process_2023,prerank,Regulation Of Protein Ubiquitination (GO:0031396),0.3068650454726976,0.8706798130034566,0.7755102040816326,1.0,1.0,41/112,20.00%,BIRC3;DNAJB2;PARK7;MYCBP2;SASH1;DNAJA1;NDFIP1;HSPA1A;LRRK2;SVBP;AKT1;FKBP1A;TBC1D7;DERL1;FBXO4;AMER1;PINX1;SPRTN;NXN;CUL3;N4BP1;BAG2;UBE2N;HDAC3;TGFBR1;HSPBP1;SOX4;HSP90AB1;CENPX;UFL1;UBE2L3;CAV1;SMAD7;PTTG1IP;UBE3A;ISG15;GNL3L;TRAF6;HSP90AA1;SIRT7;CAMLG
CLN8,GO_Biological_Process_2023,prerank,Positive Regulation Of Axon Extension (GO:0045773),-0.4233521271116274,-0.8705634265965718,0.6356877323420075,1.0,1.0,8/19,23.66%,SEMA7A;MAPT;LIMK1;SHTN1;VEGFA;GOLGA4;MACF1;ZFYVE27
CLN8,GO_Biological_Process_2023,prerank,Regulation Of Granulocyte Chemotaxis (GO:0071622),-0.42912545444414646,-0.8704937790088508,0.663023679417122,1.0,1.0,6/19,21.25%,PTK2;BST1;IL34;MPP1;MDK;RARRES2
CLN8,GO_Biological_Process_2023,prerank,Positive Regulation Of Interleukin-4 Production (GO:0032753),-0.43030726517032625,-0.8702921202702371,0.6555555555555556,1.0,1.0,6/17,19.70%,GATA3;TNFSF4;IRF4;SYK;SLC7A5;HLA-E
CLN8,GO_Biological_Process_2023,prerank,Positive Regulation Of Epithelial Cell Proliferation (GO:0050679),-0.30892139472106017,-0.8702687002322853,0.7807757166947723,1.0,1.0,39/122,23.66%,AREG;BMP2;FGF9;VEGFC;BMPR2;HTR2B;PDCD6;SIRT1;LAMC1;LRG1;PGF;NRARP;FLT4;CNTN1;NODAL;SCN5A;XBP1;TNFSF12;YAP1;BMP6;SCAND3;PTN;MYDGF;HMGB2;ARNT;SOX11;VEGFA;ZNF304;MDK;STAT5A;GRN;CCL26;FGF2;BAD;TCF7L2;NR4A1;PRKD1;PPP1R16B;NOTCH2
CLN8,GO_Biological_Process_2023,prerank,Potassium Ion Transport (GO:0006813),-0.30874637557392115,-0.870121508953907,0.7548161120840631,1.0,1.0,31/122,18.36%,KCNH3;KCNC2;KCNB2;KCNK4;CHP1;KCNJ13;KCNA3;KCNIP2;KCNH6;KCNG1;ATP1B3;ATP1A4;KCNQ4;ABCC8;SLC12A6;KCNV2;SLC9A9;KCNG2;KCNK2;KCNJ11;KCNAB1;KCNH8;SLC9A6;PKD2L1;KCNH5;CCDC51;KCNK12;ATP1A2;KCNQ5;KCNK7;LRRC26
CLN8,GO_Biological_Process_2023,prerank,Phospholipid Translocation (GO:0045332),0.374378346717971,0.8700936269067496,0.6765375854214123,1.0,1.0,9/31,10.38%,ABCA4;ATP8B2;ATP8B3;ATP11B;ATP10B;TMEM30B;TRIAP1;ABCA7;ATP11A
CLN8,GO_Biological_Process_2023,prerank,Negative Regulation Of Transposition (GO:0010529),0.3996520398817547,0.8695732819688773,0.6428571428571429,1.0,1.0,3/25,2.47%,DDX4;SPOCD1;PIWIL1
CLN8,GO_Biological_Process_2023,prerank,Positive Regulation Of Wnt Signaling Pathway (GO:0030177),-0.314103049921589,-0.869491085804373,0.7985739750445633,1.0,1.0,30/108,20.03%,BMP2;WLS;DAAM2;TNKS2;ZEB2;RSPO4;USP34;FRAT1;DKK2;WNK1;WNT3A;NRARP;LGR6;PPM1A;SULF2;BAMBI;DEPDC1B;PIN1;GID8;MRPS12;PLEKHA4;TRPM4;SPIN1;GPC3;CSNK1E;JRK;PRDM15;TNKS;CSNK1D;ZRANB1
CLN8,GO_Biological_Process_2023,prerank,Response To Ketone (GO:1901654),0.40881897708944187,0.8691058737486629,0.6444444444444445,1.0,1.0,6/20,18.67%,NKX3-1;SLIT1;TGFB2;ABHD2;CAV1;UBE3A
CLN8,GO_Biological_Process_2023,prerank,Regulation Of Plasma Membrane Bounded Cell Projection Assembly (GO:0120032),-0.3326441371814494,-0.8688609829764526,0.7238805970149254,1.0,1.0,27/75,23.28%,TBC1D10C;DAAM2;WAS;P2RX4;TBC1D2B;ATP8B1;TBC1D24;ODAD3;MYO10;IFT20;FXR1;USP6NL;SGSM3;FSCN1;CDKL1;PODXL;WDPCP;TBC1D22A;TBC1D15;DYNC2LI1;PLD1;GAP43;TBC1D10B;IFT88;TBC1D20;SDCCAG8;PPP1R16B
CLN8,GO_Biological_Process_2023,prerank,Zinc Ion Transmembrane Transport (GO:0071577),-0.40760080145819233,-0.8683532910496045,0.6541218637992832,1.0,1.0,2/21,1.71%,SLC30A2;SLC30A4
CLN8,GO_Biological_Process_2023,prerank,Heart Morphogenesis (GO:0003007),0.32982726657846995,0.8677019940973101,0.7278911564625851,1.0,1.0,15/58,15.61%,MYLK2;NOG;TCAP;ALPK2;SYNPO2L;TGFB2;FKBP1A;ZFPM1;CCM2L;DYNLL1;MDM4;TGFBR1;MEGF8;HEYL;TTN
CLN8,GO_Biological_Process_2023,prerank,Response To Interleukin-1 (GO:0070555),-0.3259783126731167,-0.8674356901379716,0.7473118279569892,1.0,1.0,18/83,15.83%,CITED1;CCL25;XCL1;SMPD1;IGBP1;MYD88;IL1R1;MAPK13;CCL2;IRAK2;APP;UPF1;CD47;SIRPA;RC3H1;IRAK3;ZC3H12A;TLE5
CLN8,GO_Biological_Process_2023,prerank,Regulation Of DNA Strand Elongation (GO:0060382),-0.43723420497093457,-0.8673319444962195,0.6546112115732369,1.0,1.0,8/16,23.53%,ACTR5;NFRKB;INO80;INO80B;TFPT;INO80C;INO80E;INO80D
CLN8,GO_Biological_Process_2023,prerank,Cellular Response To Starvation (GO:0009267),-0.3054731642585679,-0.8672161861472432,0.8257191201353637,1.0,1.0,37/125,21.50%,RIPOR1;DAPL1;BHLHA15;LARS1;GABARAPL2;BMPR2;IFI16;SIRT1;HSPA8;NUAK2;PRKAA2;GAS2L1;MYBBP1A;WDR45B;WRN;ITFG2;RRAGC;PLIN2;BMT2;XBP1;STK24;ZC3H12A;CLEC16A;WDR59;IMPACT;TSSK3;XPR1;DEPDC5;JMY;RRAGA;FOXO1;DAP;FOXO3;ATG14;WDR45;HNRNPA1;SESN3
CLN8,GO_Biological_Process_2023,prerank,Tight Junction Assembly (GO:0120192),0.3366955566498448,0.8670765008592285,0.7066974595842956,1.0,1.0,12/51,15.87%,ESAM;CLDN23;CLDN9;LSR;MARVELD2;FRMPD2;CLDN18;CLDN20;PAK2;SLC39A9;CLDN19;TBCD
CLN8,GO_Biological_Process_2023,prerank,Positive Regulation Of Nuclear Division (GO:0051785),0.38353399177493025,0.8668974916925999,0.6821345707656613,1.0,1.0,5/26,9.72%,CD28;OOEP;BTC;EDN1;DRD3
CLN8,GO_Biological_Process_2023,prerank,Positive Regulation Of Release Of Sequestered Calcium Ion Into Cytosol (GO:0051281),-0.3739989447510437,-0.8660990237611039,0.6570915619389587,1.0,1.0,13/33,21.77%,P2RY6;XCL1;HTT;PDPK1;F2;NPSR1;JPH2;CALM3;GPER1;PKD2;CALM1;SNCA;CALM2
CLN8,GO_Biological_Process_2023,prerank,Long-Term Memory (GO:0007616),0.4099995957911133,0.8659788975058822,0.6565420560747663,1.0,1.0,6/20,10.76%,NPAS4;SGK1;CALB1;PRNP;NFATC4;KAT2A
CLN8,GO_Biological_Process_2023,prerank,Protein Deacylation (GO:0035601),-0.4152646740062712,-0.8656673039950057,0.6787072243346007,1.0,1.0,4/20,6.16%,PPT1;SIRT1;HDAC10;SIRT2
CLN8,GO_Biological_Process_2023,prerank,Negative Regulation Of Angiogenesis (GO:0016525),0.3132711175758368,0.8656395536787695,0.7713004484304933,1.0,1.0,14/86,11.71%,PRL;STAB1;ADGRB1;TNMD;SULF1;CD160;PF4;PPARG;ATP2B4;PGK1;TGFB2;KRIT1;FOXO4;NIBAN2
CLN8,GO_Biological_Process_2023,prerank,Positive Regulation Of Stem Cell Population Maintenance (GO:1902459),0.3581368044009169,0.8655937723623681,0.7022727272727273,1.0,1.0,14/40,19.82%,DPF2;SAP30L;HDAC1;RBBP4;PHF10;SMARCB1;SMARCD1;SF3B3;ACTL6A;SAP30;REST;NCOA3;SIN3A;BICRA
CLN8,GO_Biological_Process_2023,prerank,Negative Regulation Of Osteoblast Differentiation (GO:0045668),-0.3815091278783844,-0.865362381486229,0.7025089605734767,1.0,1.0,11/32,16.33%,CITED1;CHRD;FGF23;NOCT;SMAD6;RANBP3L;NOTCH1;CRIM1;NBR1;TMEM53;TRPM4
CLN8,GO_Biological_Process_2023,prerank,Inorganic Cation Transmembrane Transport (GO:0098662),-0.2808473938892462,-0.8652242308541587,0.9115755627009646,1.0,1.0,69/284,18.36%,KCNH3;KCNC2;TRPV6;SLC30A2;SLC30A4;CACNG1;KCNB2;SLC12A3;KCNK4;ASIC3;TRPV2;SCN3B;TRPM2;P2RX4;KCNA3;SCNN1B;SCNN1G;ASIC1;SLC41A2;KCNH6;KCNG1;ATP1B3;ATP1A4;KCNQ4;SCNN1A;ABCC8;SLC4A11;FXYD2;TPCN2;SLC12A6;CACNA2D4;SCARA5;KCNV2;MCOLN1;SLC9A9;P2RX7;KCNG2;KCNK2;TRPM6;KCNJ11;RHCE;KCNH8;SCN4B;SLC9A6;SLC8A1;PKD2L1;SCN5A;CACNA1H;ATP2A3;SLC6A9;SLC39A1;PKD1;KCNH5;CCDC51;SLC6A3;SCN2A;SLC24A5;TRPM4;KCNK12;SLC11A2;SLC30A3;ATP5MF;ATP1A2;ATP4A;ITGAV;KCNQ5;ATP2C1;KCNK7;LRRC26
CLN8,GO_Biological_Process_2023,prerank,Ceramide Biosynthetic Process (GO:0046513),0.35314779799290724,0.8651223405306859,0.673469387755102,1.0,1.0,14/41,16.87%,CYP4F22;ASAH2;SGMS2;ALOXE3;ALOX12B;ST8SIA6;SAMD8;SPTSSB;TLCD3B;ST8SIA2;ST8SIA3;SPTLC2;B3GALT4;FA2H
CLN8,GO_Biological_Process_2023,prerank,Regulation Of Intrinsic Apoptotic Signaling Pathway (GO:2001242),-0.35130466938309407,-0.8646322658496958,0.7009009009009008,1.0,1.0,18/47,23.81%,GSDME;NOL3;PLEKHF1;P4HB;PTPMT1;BCAP31;HERPUD1;SGMS1;PINK1;BCL2L2;BOK;NDUFS3;STYXL1;RACK1;PLAUR;LCK;BCL2L1;PYCARD
CLN8,GO_Biological_Process_2023,prerank,Regulation Of Lipid Catabolic Process (GO:0050994),0.3933456618381965,0.8643735619009554,0.6822222222222222,1.0,1.0,3/23,13.95%,HPGD;ADRA2A;ABCD1
CLN8,GO_Biological_Process_2023,prerank,Digestive Tract Development (GO:0048565),-0.3660096460592178,-0.8642517155774552,0.6865942028985508,1.0,1.0,15/39,25.72%,CCDC103;RARB;PCSK5;DNAAF1;MIXL1;KIT;PKD1;GLI2;COBL;RARRES2;SMO;PKDCC;ZIC3;STRA6;NIPBL
CLN8,GO_Biological_Process_2023,prerank,Primary Neural Tube Formation (GO:0014020),-0.3889773439858486,-0.8641496603910856,0.685823754789272,1.0,1.0,12/28,20.75%,LRP2;STIL;BCL10;MTHFD1;PRICKLE1;GRHL2;TSC2;VASP;SEMA4C;MTHFR;PLXNB2;COBL
CLN8,GO_Biological_Process_2023,prerank,Memory (GO:0007613),-0.34091745821282293,-0.8637968928334114,0.7203389830508474,1.0,1.0,18/58,18.16%,NOL3;SHISA7;KLK8;TAFA2;MAPT;INSR;CHRNB2;RASGRF1;CPEB3;NETO1;CAMK4;SYT11;SHANK1;LRRC66;CUX2;SCN2A;PTN;SHANK3
CLN8,GO_Biological_Process_2023,prerank,Response To Calcium Ion (GO:0051592),0.3022483664591828,0.8637240921971995,0.7927927927927928,1.0,1.0,35/105,18.46%,DMTN;CAPN3;SYT15;CPNE5;CASR;SYT5;SYT10;CPNE7;DPEP1;RASA4;SYT9;TRPC1;ITPKB;WNT5A;AKR1C3;PPIF;IQGAP1;SYT13;SYT17;ITPKC;SEC31A;NLGN1;TTN;LGMN;SYT7;SYT6;CPNE2;CPNE1;CLU;GUCA1A;PLCG2;ADCY8;CAV1;CPNE3;ADGRV1
CLN8,GO_Biological_Process_2023,prerank,Epithelium Development (GO:0060429),0.292802420310849,0.8637159166878556,0.8698630136986302,1.0,1.0,37/152,18.48%,GSTA2;WNT2;GSTA1;TNC;VIL1;UPK1B;UPK2;AKR1C2;ACTL8;UPK3A;PPARG;PGK1;TPP1;AKR1C1;ALDH1A2;FGFR2;WNT3;ANXA4;KDR;KRIT1;LHX1;APELA;MANSC4;ALDOC;KRT19;PROX1;RIPK4;SALL1;SPINK5;VDAC1;SOX8;CDK1;GSTK1;DAG1;INTU;PAX2;ERRFI1
CLN8,GO_Biological_Process_2023,prerank,Negative Regulation Of Developmental Growth (GO:0048640),-0.37552636580031695,-0.8634410967563644,0.6913357400722022,1.0,1.0,10/31,16.93%,SEMA3G;FGFR3;ULK2;DIP2B;KIAA0319;DUSP10;CDKL3;TRIM46;ULK1;PTEN
CLN8,GO_Biological_Process_2023,prerank,Positive Regulation Of Macromolecule Biosynthetic Process (GO:0010557),0.29459491262944865,0.8628142754281254,0.8223844282238443,1.0,1.0,39/122,19.72%,CD28;CIITA;IRS1;PRR16;LDB1;RPS4X;TGFB2;AGO2;TLR2;AKT1;UPF3A;LARP4B;METTL3;NOD2;FMR1;KDR;NSUN5;SSB;DDX3X;AZU1;RPL26;RPL5;SMOC2;NFKB1;IGF1;PRMT1;EIF4A3;BCL3;SOX4;SORBS1;PASK;HNRNPD;ELAVL1;RBM3;SLC25A37;RPS6KB1;FXR2;RPS27L;ERBB2
CLN8,GO_Biological_Process_2023,prerank,Regulation Of Fatty Acid Biosynthetic Process (GO:0042304),0.3856983025506795,0.862772456915041,0.6745182012847966,1.0,1.0,7/26,14.36%,APOC2;UBR4;MID1IP1;KAT2B;CEACAM1;KLHL25;ACADVL
CLN8,GO_Biological_Process_2023,prerank,Regulation Of Ubiquitin-Protein Transferase Activity (GO:0051438),-0.3768102302167493,-0.8627216384619366,0.6702702702702703,1.0,1.0,10/32,17.47%,FEM1B;ARRDC4;TRIB3;BUB1B;AXIN1;LIMK1;FEM1A;PIN1;DCUN1D3;PINK1
CLN8,GO_Biological_Process_2023,prerank,Negative Regulation Of Intrinsic Apoptotic Signaling Pathway (GO:2001243),0.3292205385784227,0.8626804126428952,0.7325842696629213,1.0,1.0,28/61,20.83%,TMBIM6;PARK7;DNAJA1;NME5;HSPA1A;LRRK2;AKT1;OPA1;SNAI1;DDX3X;TMEM161A;PPIF;RTKN2;SFRP2;SOD2;CLU;CDKN2D;HSPB1;TXNDC12;ARHGEF2;PPIA;PTTG1IP;MDM2;SELENOS;PTPN1;HTRA2;BAG5;NDUFA13
CLN8,GO_Biological_Process_2023,prerank,Positive Regulation Of Synapse Assembly (GO:0051965),0.36988850021593894,0.862604262522946,0.6710239651416122,1.0,1.0,11/32,19.92%,IL1RAPL1;SLITRK1;SEMA4D;SYNDIG1;NLGN1;VSTM5;CLSTN2;CLSTN3;EPHB1;NRXN1;NLGN3
CLN8,GO_Biological_Process_2023,prerank,Negative Regulation Of miRNA Transcription (GO:1902894),-0.4165781320170276,-0.8624919945404107,0.6416083916083916,1.0,1.0,1/20,0.11%,LILRB4
CLN8,GO_Biological_Process_2023,prerank,Chemical Synaptic Transmission (GO:0007268),0.272010421736,0.8624863097556028,0.9502617801047121,1.0,1.0,71/273,19.46%,SLC18A3;RIMBP3C;SNPH;HCRTR2;GRIA2;GLRA3;GRIN3A;HRH3;CHRNE;GRIN2C;GABRE;SLC1A2;HTR4;SYT5;HAPLN4;KCNN1;SYT10;HRH4;ASIC2;SDCBP;GABARAP;NLGN4Y;HCRTR1;GLRB;SLC12A5;GRIK1;AMPH;GRM7;DLGAP2;CHRNA4;HTR1D;GRID1;CDK5;PDZD11;KCNC4;CHRNB4;HTR7;CACNA1E;LPAR3;SEPTIN9;CHRM3;APEX1;CBLN1;SLC17A7;CHRNA7;RIT2;NLGN1;ERC1;GRIK4;AKAP9;NLGN4X;GIPC1;NSG1;APBA1;DLG2;LIN7A;LIN7B;GABRA3;CACNB1;HTR2C;PTCHD1;GRM3;CHRM5;DLG1;DLGAP1;RIC3;SYN2;CDHR3;SYPL1;NRXN1;GABRA5
CLN8,GO_Biological_Process_2023,prerank,Regulation Of Secretion By Cell (GO:1903530),-0.33086926888146023,-0.8621006557178643,0.710431654676259,1.0,1.0,24/63,23.15%,RIMS1;RALA;CPLX4;RAB26;OTOF;RAB3C;RHBDF1;MYOF;TPCN2;P3H1;MCTP1;RAB8A;SYT1;VAMP2;ARFIP1;MEF2C;NSF;RHBDF2;SIRT6;STXBP5L;STXBP5;RAB13;LLGL2;KCNMB4
CLN8,GO_Biological_Process_2023,prerank,Negative Regulation Of Calcium Ion Transmembrane Transporter Activity (GO:1901020),0.3665569176684625,0.8618896655641977,0.7081447963800905,1.0,1.0,5/30,10.68%,GPR35;CRHR1;FKBP1A;FMR1;FKBP1B
CLN8,GO_Biological_Process_2023,prerank,Glial Cell Differentiation (GO:0010001),-0.37597703169685126,-0.8616391888912754,0.6943942133815552,1.0,1.0,14/34,22.61%,BCAN;TPPP;GPR157;EGR2;GPC1;CDH2;MYRF;METRN;HAPLN3;SOX2;NCAN;NFIB;ERBB3;EIF2B5
CLN8,GO_Biological_Process_2023,prerank,Regulation Of BMP Signaling Pathway (GO:0030510),0.3156077513306604,0.8614433929409236,0.7610619469026548,1.0,1.0,23/75,18.78%,CHRDL2;NOG;SKOR2;FOXD1;SULF1;GDF5;PPARG;ITGA3;BMP4;SCUBE3;ELAPOR2;SFRP4;FSTL3;SMURF1;UBE2O;HIPK2;TWSG1;CRB2;GPR155;RNF165;SMAD7;SORL1;SMURF2
CLN8,GO_Biological_Process_2023,prerank,Negative Regulation Of Blood Vessel Morphogenesis (GO:2000181),0.3188931101797261,0.8609647725389405,0.7577092511013216,1.0,1.0,14/77,11.71%,PRL;STAB1;ADGRB1;TNMD;SULF1;CD160;PF4;PPARG;ATP2B4;PGK1;TGFB2;KRIT1;FOXO4;NIBAN2
CLN8,GO_Biological_Process_2023,prerank,Sensory Perception Of Sound (GO:0007605),-0.31400533733383973,-0.8606831293754145,0.7843866171003717,1.0,1.0,20/91,17.28%,OTOR;PJVK;LRP2;GSDME;TMIE;P2RX2;PAX3;PDZD7;CDH23;TSPEAR;SNAI2;CHRNB2;KIT;LHFPL5;USH2A;SLC52A3;COL11A1;COL2A1;WFS1;WHRN
CLN8,GO_Biological_Process_2023,prerank,Cellular Response To Topologically Incorrect Protein (GO:0035967),0.39895213334924334,0.860671537512018,0.6787330316742082,1.0,1.0,9/22,20.14%,TMBIM6;HSPA1A;PACRG;HSPB8;OPTN;TM7SF3;DNAJB14;BAX;PTPN1
CLN8,GO_Biological_Process_2023,prerank,DNA Replication Initiation (GO:0006270),-0.41831041884326947,-0.8606520768565563,0.6741996233521658,1.0,1.0,14/21,28.45%,ORC3;CDC45;MCM5;MCM7;MCM10;PRIM2;PRIM1;ORC5;LRWD1;ORC1;POLA1;MCM2;PURA;POLA2
CLN8,GO_Biological_Process_2023,prerank,Wnt Signaling Pathway (GO:0016055),0.31471202742675786,0.8606220159767106,0.7592592592592593,1.0,1.0,25/75,20.23%,WNT2;WNT16;WNT9B;LRRK2;WNT5B;FZD2;WNT3;FZD4;TCF7;SFRP5;DDX3X;SFRP4;WNT5A;RARG;NXN;DVL2;SFRP2;FZD9;FZD5;PLCG2;FZD6;CELSR2;DVL3;SIAH1;TMEM67
CLN8,GO_Biological_Process_2023,prerank,Zinc Ion Transport (GO:0006829),-0.40293376271411907,-0.8602489623340139,0.6786389413988658,1.0,1.0,9/23,25.90%,SLC30A2;SLC30A4;SLC30A6;SLC39A1;SLC30A3;SLC39A8;SLC30A5;SLC30A10;SLC39A14
CLN8,GO_Biological_Process_2023,prerank,Ubiquitin-Dependent ERAD Pathway (GO:0030433),0.32097512853285826,0.8601823438263312,0.7439024390243902,1.0,1.0,29/73,21.56%,TMEM129;DNAJB2;UBXN10;TRIM25;JKAMP;CALR3;FAF1;UBE2J1;UFD1;MAN1B1;DERL1;EDEM1;FAF2;DERL2;PSMC6;RNF5;RNF175;FBXO17;RNF121;UBE4A;SELENOS;SGTA;FBXO2;DNAJB9;TMEM67;ANKZF1;SEL1L;STT3B;MARCHF6
CLN8,GO_Biological_Process_2023,prerank,Cell Cycle G1/S Phase Transition (GO:0044843),0.3346424811236929,0.8600147655957218,0.7238095238095238,1.0,1.0,13/52,15.22%,GPR132;CDK3;CCND3;SPDYA;PPP6C;EIF4E;PIM2;CCNE2;CUL3;PHF8;CCND1;CDC7;POLE
CLN8,GO_Biological_Process_2023,prerank,Positive Regulation Of Release Of Cytochrome C From Mitochondria (GO:0090200),0.3778850583652977,0.8598786527515585,0.6795698924731183,1.0,1.0,12/25,24.25%,HRK;BIK;BMF;MLLT11;PPIF;BCL2L11;TP53;BAX;BNIP3;BBC3;BID;PMAIP1
CLN8,GO_Biological_Process_2023,prerank,Negative Regulation Of Cytoskeleton Organization (GO:0051494),-0.39291279793730954,-0.8598389270751988,0.6672760511882998,1.0,1.0,9/27,18.81%,CORO1A;PLEKHH2;ARPIN;PRKCD;SHANK1;SMAD4;SSH1;SHANK3;CLASP1
CLN8,GO_Biological_Process_2023,prerank,Regulation Of Protein Neddylation (GO:2000434),0.4130703193691143,0.8595718473431548,0.6511627906976745,1.0,1.0,8/18,22.11%,GPS1;COPS6;RPL5;EPAS1;COPS5;COPS8;DCUN1D2;COPS7B
CLN8,GO_Biological_Process_2023,prerank,Positive Regulation Of Cellular Biosynthetic Process (GO:0031328),0.2842735863256063,0.8595470441569131,0.8933002481389578,1.0,1.0,52/174,19.72%,CD28;CLEC7A;APOC2;CD36;ATP7A;PARK7;IRS1;EDN1;PRR16;NR1D1;CTDNEP1;RPS4X;AGO2;AKT1;UPF3A;LARP4B;METTL3;FMR1;NSUN5;SSB;DDX3X;MID1IP1;RPL26;KAT2B;RPL5;SREBF1;PTPN2;SMOC2;PXYLP1;IGF1;SLC27A1;PRMT1;EIF4A3;BCL3;SOX4;SORBS1;GIPC1;CLU;HSP90AB1;PASK;HNRNPD;ELAVL1;HTR2C;ASS1;RBM3;RPS6KB1;FXR2;NR1H4;RPS27L;HSP90AA1;SIRT7;ERBB2
CLN8,GO_Biological_Process_2023,prerank,Triglyceride Homeostasis (GO:0070328),-0.37770349735100606,-0.8594342332301002,0.6931216931216931,1.0,1.0,9/31,19.79%,GCKR;SIRT1;DGAT2;ANGPTL4;C1QTNF3;XBP1;MLXIPL;LCP1;IL18
CLN8,GO_Biological_Process_2023,prerank,Regulation Of Canonical Wnt Signaling Pathway (GO:0060828),-0.2885725563836823,-0.8589281536386082,0.8888888888888888,1.0,1.0,64/203,23.35%,BMP2;WLS;SOX7;DAAM2;TNKS2;CSNK1A1;ZEB2;USP34;FRAT1;DKK2;AMER2;WNK1;AXIN1;BICC1;DKKL1;WNT3A;SNAI2;FRMD8;NRARP;KREMEN1;PTPRO;LATS1;LGR6;PPM1A;TLE3;LMBR1L;BTRC;DAB2;AMFR;BAMBI;PRICKLE1;INVS;PIN1;GID8;MRPS12;ZNRF3;TLE5;CCNY;PLEKHA4;TRPM4;OTUD5;GPC3;CSNK1E;JRK;PRDM15;TNKS;SOX2;CSNK1D;HECW1;MCC;MDK;CCNYL1;CCDC88C;GSK3A;NPHP3;TCF7L2;TMEM131L;LRP4;PPM1N;SHISA6;TLE1;CCAR2;PTK7;ILK
CLN8,GO_Biological_Process_2023,prerank,Protein Stabilization (GO:0050821),0.28103595421756,0.8585178286114037,0.916256157635468,1.0,1.0,73/201,20.63%,SAXO1;PPIB;PARK7;COG7;CCT7;USP33;UBE2B;APOA1;HSPA1A;TAF9;CCT6A;PFN2;PIK3R1;CREBL2;HSPD1;USP13;EFNA1;GET1;RPS7;RPL5;FLOT1;PTGES3;USP36;ZBED3;STK3;PIM2;PFN1;MDM4;CEP63;PFDN4;PHB1;DNLZ;BAG2;RPL17;IGF1;GLMP;PFDN2;HPS4;TCP1;TRIM44;SOX4;CCT8;DNAAF10;CCT2;TBL1X;CLU;HSP90AB1;PRKRA;TBRG1;PEX6;HIP1;GAPDH;CCT4;H1-5;COA8;PDCL3;TRIM37;RUVBL2;SMAD7;BAG1;CTNND1;RTN4;CSNK2A1;ATP1B1;MUL1;LAMP2;HSP90AA1;DVL3;CAMLG;CDC37L1;SEL1L;BAG5;HCFC1
CLN8,GO_Biological_Process_2023,prerank,Negative Regulation Of Nucleic Acid-Templated Transcription (GO:1903507),-0.2689038501397487,-0.8579597727349624,0.9751166407465007,1.0,1.0,123/455,22.49%,HAND1;PASD1;ZEB1;BMP2;CITED1;SUMO4;CALCA;TBX3;SOX7;PRDM16;KLF4;SPACDR;XCL1;ZBTB16;GATA3;L3MBTL1;NR3C1;FOXP3;IFI16;MYB;SMARCE1;MTA2;SIRT1;HDAC10;CRYAB;SIRT2;TRIB3;NKRF;QARS1;ZNF541;RUNX1T1;ENO1;GCLC;MTA3;ATP8B1;DNMT3A;INPP5K;HSPA8;ZNF425;SUV39H2;BTAF1;RCOR1;GATAD2B;TNFSF4;WNT4;HEY2;KDM4A;ZNF746;SIX4;MECP2;LEF1;CD38;HMBOX1;THRA;MLX;ZNF658;ZNF253;MYBBP1A;NOTCH1;LBH;ZMYND11;CHD4;CTBP2;BTRC;PA2G4;NRG1;WWP2;PHF12;PRICKLE1;TMPRSS6;ZNF639;ZKSCAN3;SMAD2;CREBZF;HDAC5;NMNAT1;ATF7IP;MAGEL2;TLE5;XRCC5;MDFIC;ILF3;RBBP7;MLXIPL;BRCA1;SMARCA2;SPINDOC;RLIM;SMAD4;KAT6B;ID2;POU2F1;WWP1;NR1D2;RSF1;ZBTB21;HMGB2;GAS6;FOXO1;ZNF318;PSPC1;NKAP;ZNF827;CTBP1;DAP;ARID5B;TRIM28;CRY1;TRIM33;CITED2;YEATS2;TSHZ3;CNOT7;TCF7L2;FOXK2;KAT8;TIMELESS;HDAC4;DEPDC1;RIOX1;RB1;SUMO1;TLE1
CLN8,GO_Biological_Process_2023,prerank,Epiboly Involved In Wound Healing (GO:0090505),-0.4416467079799144,-0.8579135192843326,0.6741767764298093,1.0,1.0,7/15,21.96%,CARMIL2;CD44;PDCD10;CCNA2;LCP1;DDR1;PDPN
CLN8,GO_Biological_Process_2023,prerank,Filopodium Assembly (GO:0046847),-0.42657338735628975,-0.8579083657639711,0.6573556797020484,1.0,1.0,6/17,15.98%,FGD5;SPAG6;FMNL3;PPP1R9B;DNM3;SPATA13
CLN8,GO_Biological_Process_2023,prerank,Regulation Of Mitochondrial Membrane Permeability (GO:0046902),-0.42452639570411554,-0.8577688161548296,0.6684587813620072,1.0,1.0,8/18,22.51%,TMEM102;NAIF1;BAK1;HEBP2;ARHGAP11B;SLC25A4;BAD;BCL2L1
CLN8,GO_Biological_Process_2023,prerank,Regulation Of Protein Kinase B Signaling (GO:0051896),-0.3033734087932778,-0.857643325277968,0.8193979933110368,1.0,1.0,43/135,21.94%,F7;HLA-G;THPO;LRP2;TNFAIP8L3;GATA3;GRM2;PDCD6;SIRT1;P2RX4;SH2B3;NTRK1;NTRK2;CIB1;PTK2;HBEGF;LEP;INSR;INPP5K;RAMP3;OSBPL8;PIK3R5;CNTN1;TSPYL5;RET;TSC2;PTEN;ANGPT1;P2RY12;PINK1;MYDGF;OTUD3;GAS6;SORD;PHLPP1;IL18;GPER1;ENG;RACK1;PHLDA3;FGF2;TCF7L2;FERMT2
CLN8,GO_Biological_Process_2023,prerank,Regulation Of NIK/NF-kappaB Signaling (GO:1901222),0.31381584122041356,0.8575931977768575,0.7547619047619047,1.0,1.0,23/83,18.27%,CCN3;SPI1;CD27;SASH1;UACA;TLR2;NOD2;LRRC19;CD86;DDX3X;EIF2AK2;C1QTNF4;RTKN2;PHB1;NFAT5;IRAK1;TERF2IP;BCL3;TRIM44;NOD1;CPNE1;RELA;DLG1
CLN8,GO_Biological_Process_2023,prerank,Monocarboxylic Acid Transport (GO:0015718),0.3185952804859743,0.8575302609699506,0.7833333333333333,1.0,1.0,19/71,18.04%,SLCO1C1;SLC16A11;ABCC3;ABCC11;SLC6A12;SLC6A13;ACSL1;SLCO2B1;ABCG2;AKR1C1;CEACAM1;SLC27A5;SLC27A1;ABCD3;SLC16A7;SLC6A11;SLC16A1;SLC27A4;FABP5
CLN8,GO_Biological_Process_2023,prerank,Negative Regulation Of miRNA Metabolic Process (GO:2000629),-0.4102249136388994,-0.8573313682380296,0.6654867256637168,1.0,1.0,4/21,14.39%,LILRB4;NFATC3;TENT2;SRF
CLN8,GO_Biological_Process_2023,prerank,Negative Regulation Of Small GTPase Mediated Signal Transduction (GO:0051058),0.4017319342510937,0.85709069521464,0.6473029045643154,1.0,1.0,8/20,16.91%,RASAL3;FBP1;TGFB2;SPRY4;SYNGAP1;MFN2;CYRIB;MAPKAP1
CLN8,GO_Biological_Process_2023,prerank,Negative Regulation Of Mitotic Cell Cycle (GO:0045930),0.36560160776671213,0.8569623319065833,0.6832579185520362,1.0,1.0,11/33,19.59%,CHFR;NABP1;BMP4;TOM1L1;ZWINT;SCRIB;BRINP3;BCL6;NABP2;ZFP36L1;ZFP36L2
CLN8,GO_Biological_Process_2023,prerank,Regulation Of Actin Cytoskeleton Organization (GO:0032956),0.3120808386502476,0.8567685309745701,0.8138957816377171,1.0,1.0,20/89,16.68%,CSF3;ESAM;DMTN;CDK10;CARMIL3;SIGLEC15;PEAK3;CRK;RAC1;TAOK1;DYNLL1;CAPN10;DAPK3;CCDC88A;ARHGAP35;HRAS;CDC42;HAX1;CLU;PDGFA
CLN8,GO_Biological_Process_2023,prerank,Dendrite Morphogenesis (GO:0048813),-0.3718514748558922,-0.8566626822057032,0.6830985915492958,1.0,1.0,17/35,24.12%,NOL3;PAK3;PHACTR1;EPHB2;ZNF365;MEF2A;SHANK1;TMEM106B;PTEN;PTN;SHANK3;FARP1;MAP6;DVL1;LRP4;TAOK2;KLF7
CLN8,GO_Biological_Process_2023,prerank,Positive Regulation Of Phospholipase C Activity (GO:0010863),-0.3665440948095287,-0.8565636905415631,0.7003676470588235,1.0,1.0,11/36,23.53%,HTR2B;P2RY6;PDGFRB;LPAR2;KIT;FLT1;EDNRA;P2RY12;ADRA1D;FGF2;TXK
CLN8,GO_Biological_Process_2023,prerank,Regulation Of Substrate Adhesion-Dependent Cell Spreading (GO:1900024),0.3287696653546291,0.8563726121427664,0.7567567567567568,1.0,1.0,9/51,13.91%,GBP1;DMTN;CRK;NELL1;APOA1;RAC1;S100A10;LIMS2;SPRY4
CLN8,GO_Biological_Process_2023,prerank,Positive Regulation Of Leukocyte Mediated Cytotoxicity (GO:0001912),-0.3440745637761048,-0.8562056904007812,0.7445255474452555,1.0,1.0,14/51,20.52%,HLA-G;RAET1E;IL23R;KLRD1;XCL1;PVR;CD1D;HLA-F;FADD;HLA-B;STX7;UXT;HLA-E;HFE
CLN8,GO_Biological_Process_2023,prerank,Vascular Transport (GO:0010232),0.31101806766330764,0.8561641283082189,0.8113207547169812,1.0,1.0,12/82,8.70%,SLCO1C1;ABCC3;SLC6A13;SLC1A2;SLC29A1;SLCO2B1;ABCC9;SLC2A10;ATP2B4;KCNJ8;TFRC;ABCG2
CLN8,GO_Biological_Process_2023,prerank,Positive Regulation Of Glial Cell Differentiation (GO:0045687),-0.42832788002905997,-0.855955351471708,0.6815742397137746,1.0,1.0,11/17,24.04%,BMP2;EGR2;ZNF365;NOTCH1;IL34;PTN;ID2;SERPINE2;MDK;HES1;TENM4
CLN8,GO_Biological_Process_2023,prerank,Negative Regulation Of Notch Signaling Pathway (GO:0045746),0.3840924348162221,0.8557299893650304,0.7089715536105032,1.0,1.0,9/27,17.79%,NEURL1;CDK3;METTL3;NIBAN2;EGFL7;YTHDF2;HIF1AN;MMP14;TSPAN15
CLN8,GO_Biological_Process_2023,prerank,Carbohydrate Catabolic Process (GO:0016052),0.349629623999737,0.8555649980123721,0.7108167770419426,1.0,1.0,9/41,11.60%,PGAM2;PGAM4;MAN2C1;PGK1;ENOSF1;HK2;GAPDHS;PFKFB2;ALDOC
CLN8,GO_Biological_Process_2023,prerank,Protein Dephosphorylation (GO:0006470),-0.3027169913362083,-0.8554366711327362,0.8277591973244147,1.0,1.0,47/122,23.54%,TPTE;PTPRH;DUSP22;PTPN9;PTPN3;PPP2R5E;PPP4R1;PTPN7;PTPRO;DUSP26;DUSP10;NCK1;PPM1A;PPP2R2A;PPP3CA;PPM1L;DUSP7;DUSP16;PPM1G;CTDSP2;TAB1;PGAM5;DUSP1;PTPN6;MTMR7;PPM1D;PTEN;DUSP6;PTPN12;PTPN5;PTPRT;SSH1;CTDSP1;PPP4R3A;MTMR4;CDC14B;PPM1H;UBASH3B;PTPN13;PTPN11;PPM1N;PTPRM;TIMM50;PPTC7;PPP2R1A;MTMR6;PPP3R1
CLN8,GO_Biological_Process_2023,prerank,Interferon-Mediated Signaling Pathway (GO:0140888),-0.3608089645313942,-0.8551471135287071,0.7191650853889943,1.0,1.0,6/41,10.76%,IFNK;MYD88;HCK;IFI27;JAK2;JAK1
CLN8,GO_Biological_Process_2023,prerank,Positive Regulation Of Carbohydrate Metabolic Process (GO:0045913),-0.3711826496738424,-0.8545103315746737,0.7179023508137432,1.0,1.0,17/34,28.83%,INSR;APP;P2RX7;PRKAA2;SLC45A3;MLXIPL;IRS2;ARNT;GPLD1;SNCA;PRKAA1;PDGFB;ZBTB20;PSEN1;PRXL2C;SLC4A4;MTOR
CLN8,GO_Biological_Process_2023,prerank,Positive Regulation Of Protein Secretion (GO:0050714),-0.3253520260672054,-0.8544991126456463,0.7669421487603306,1.0,1.0,24/76,23.02%,CD33;WLS;APBB3;GCK;IL1A;LRRC8A;DOC2B;C1QTNF3;CD2AP;FRMD4A;GOLPH3L;UNC13B;BMP6;IRS2;MCU;PTPN23;SIRT6;GPER1;EXOC7;BAD;TCF7L2;MYH10;ADAM9;POLR2D
CLN8,GO_Biological_Process_2023,prerank,Organophosphate Ester Transport (GO:0015748),-0.3909692136003714,-0.8544597155816361,0.6996268656716418,1.0,1.0,12/25,19.72%,TNFAIP8L3;SLC25A19;PRELID2;OSBP;OSBPL8;VAPA;PITPNC1;PITPNM1;PLTP;PITPNB;LDLR;EPG5
CLN8,GO_Biological_Process_2023,prerank,Negative Regulation Of GTPase Activity (GO:0034260),-0.41302965752814774,-0.8544456307593529,0.689108910891089,1.0,1.0,5/20,14.33%,CPEB2;WNK1;GPSM1;TMED2;GMIP
CLN8,GO_Biological_Process_2023,prerank,Regulation Of Calcium Ion Transmembrane Transport (GO:1903169),-0.4140314989036821,-0.8538034461431422,0.6679611650485436,1.0,1.0,8/20,21.77%,CACNG1;HRC;CACNA2D1;NOS1;ATP1A2;LIME1;UBASH3B;PTK2B
CLN8,GO_Biological_Process_2023,prerank,Small GTPase Mediated Signal Transduction (GO:0007264),0.2978252599067466,0.8536482804761807,0.8321513002364066,1.0,1.0,40/111,18.90%,RASL10A;DOK2;ART4;ERAS;DOK6;PARK7;RASGRP3;RALBP1;ADRA2A;RAC1;RASSF1;NRAS;RGL1;DOK5;TIAM2;NF1;USP50;USP8;RIN2;KRIT1;BCR;DOK3;BRAP;TNK2;CCDC88A;G3BP2;KSR1;IGF1;RASGRP4;RIT2;RRAS;HACD3;HRAS;RGS19;RAB18;ARHGAP33;RALGPS1;TP53;ARHGAP1;SOS2
CLN8,GO_Biological_Process_2023,prerank,Monoatomic Cation Homeostasis (GO:0055080),-0.3211921964488184,-0.853454413746883,0.7865748709122203,1.0,1.0,19/77,17.37%,TRPV6;SLC12A3;COMMD1;SCNN1B;SCNN1G;WNK1;SCNN1A;SLC4A11;FAM20A;SLC12A6;JPH2;LETM2;SLC8A1;TMPRSS6;HMOX1;BMP6;SLC11A2;WFS1;ALPL
CLN8,GO_Biological_Process_2023,prerank,"Mitochondrial Electron Transport, Cytochrome C To Oxygen (GO:0006123)",0.43240254292005936,0.8532605125915668,0.6708333333333333,1.0,1.0,7/15,17.39%,COX7B;COX4I1;COX5A;COX5B;NDUFA4;COX15;COX6A1
CLN8,GO_Biological_Process_2023,prerank,Calcium-Dependent Cell-Cell Adhesion Via Plasma Membrane Cell Adhesion Molecules (GO:0016339),-0.3631483566025033,-0.8532334183988395,0.7122040072859745,1.0,1.0,15/38,19.39%,PCDHB13;PCDHB9;CDH7;PCDHB16;CDH23;CDH10;CDH2;PCDHB3;CDH1;CDH8;CDH11;CDH9;PCDHB4;CDH4;PCDHB5
CLN8,GO_Biological_Process_2023,prerank,Regulation Of Macromolecule Biosynthetic Process (GO:0010556),-0.3429831806331436,-0.852943032318566,0.7150735294117647,1.0,1.0,29/53,27.21%,ELP4;NANOS3;MSI2;METTL18;DUS3L;METAP1;MITF;ATG13;DDX25;MAPKAPK5;ULK1;ATXN2;MSI1;ELP3;GRM5;NOLC1;MEAF6;ELP6;FOXO3;MTPN;MED1;EIF2S1;KAT7;ING4;JADE3;PUM3;JADE2;ELP1;RBM4B
CLN8,GO_Biological_Process_2023,prerank,Cellular Response To Insulin Stimulus (GO:0032869),0.2970990522235874,0.8529031744862913,0.8321995464852607,1.0,1.0,30/99,19.07%,TRARG1;AP3S1;IRS1;PARP1;PPARG;AKT1;PIK3R1;GOT1;FOXO4;KAT2B;IRS4;PIK3R3;USF1;CEACAM1;PTPN2;CAPN10;SYAP1;SLC27A1;GRB14;SORBS1;SLC2A4;PIK3R2;SLC27A4;FER;PIK3C2A;PCSK9;RPS6KB1;SELENOS;ZFP36L1;GRB7
CLN8,GO_Biological_Process_2023,prerank,Positive Regulation Of Cell Communication (GO:0010647),-0.37653031307251084,-0.8527486892927599,0.7162872154115587,1.0,1.0,11/30,24.57%,WLS;GATA3;RIMS1;SYT1;HOMER1;PTPN23;GRIK2;SOX11;ILK;CDKN2AIP;RIMS2
CLN8,GO_Biological_Process_2023,prerank,Late Endosome To Vacuole Transport Via Multivesicular Body Sorting Pathway (GO:0032511),-0.3890339135688817,-0.8527162749439472,0.6778169014084507,1.0,1.0,12/24,26.38%,VPS37B;VPS37C;LEPROTL1;TMEM50B;VPS28;MVB12A;STAM2;PTPN23;CHMP5;LEPROT;SNF8;VPS36
CLN8,GO_Biological_Process_2023,prerank,Regulation Of Protein Localization To Plasma Membrane (GO:1903076),0.31505721589688507,0.8523855655482091,0.7839643652561247,1.0,1.0,28/80,19.21%,GBP1;LRRC15;NKD2;ZDHHC5;TMBIM1;ATP2B4;TMEM59;ITGA3;AKT1;PIK3R1;WNK3;ARHGEF16;LDLRAP1;STAC2;CDK5;ZDHHC2;PID1;EPHA2;PPP2R5A;SORBS1;KIF5B;MMP14;ITGB1;DLG1;ARF6;VAMP8;VPS4A;CLN3
CLN8,GO_Biological_Process_2023,prerank,Protein Localization To Nucleus (GO:0034504),-0.30444864650044395,-0.8515712905325017,0.8342342342342343,1.0,1.0,43/121,22.84%,GCKR;RANBP17;NUP85;LMNA;MSX1;TNPO1;SIX1;NUAK2;LMNB1;SIX4;SYK;KPNA7;WRN;KPNA1;SUPT7L;NUP214;KPNB1;SKP1;PRICKLE1;TOR1B;RANBP6;BBS4;RPF2;NUP98;NOL8;MORC3;TSC2;POM121L2;NXT2;NUP107;KPNA6;NUP133;HEATR3;POM121C;NUP88;HIKESHI;RANGRF;DVL1;CHCHD10;APPL1;YWHAE;IPO4;POM121
CLN8,GO_Biological_Process_2023,prerank,Histone Acetylation (GO:0016573),0.33194572483180146,0.8514545368444021,0.7450980392156863,1.0,1.0,24/59,20.15%,VPS72;PHF20L1;TAF9;KAT2A;KAT2B;ATXN7;SF3B3;ENY2;MBTD1;MBIP;ACTL6A;TAF7;TAF12;WDR5;MORF4L1;TRRAP;EPC1;SUPT3H;ING3;TMEM98;NAA40;RUVBL2;MAP3K7;NAA60
CLN8,GO_Biological_Process_2023,prerank,Regulation Of Protein Kinase A Signaling (GO:0010738),0.4274624807000595,0.8511712609984232,0.6762114537444934,1.0,1.0,5/16,12.43%,FSHR;CALCR;MC1R;LRRK2;IAPP
CLN8,GO_Biological_Process_2023,prerank,Regulation Of Dendrite Morphogenesis (GO:0048814),-0.37742718624675825,-0.851119891156335,0.7070524412296564,1.0,1.0,9/31,16.62%,CUL7;FBXW8;CHRNB2;RAPGEF2;NEDD4L;CDKL3;CUX2;HECW2;GORASP1
CLN8,GO_Biological_Process_2023,prerank,Regulation Of Nucleic Acid-Templated Transcription (GO:1903506),0.2586423904808284,0.8511045964865643,1.0,1.0,1.0,138/450,20.67%,GCM1;MSC;OR7D2;NFE4;SKOR2;CRX;ZNF648;NKX3-1;PITX3;ZNF284;SOX6;SPI1;HMGN5;RUNX3;PHF19;SAP30L;RALY;ZNHIT3;RBBP4;RORB;RYBP;BMAL2;VPS72;TCFL5;RNF6;MAFB;ELAVL2;SPIN4;PQBP1;ZNF703;WWC3;TAF9;NANOG;CARM1;MZF1;SNAI1;CREBL2;ZNF350;TCF7;ZNF281;USP13;PHF1;BRPF3;KAT2A;SMARCA1;TCF3;FOXO4;KAT2B;SETBP1;HES6;NCOA2;SOX21;ESR1;ZNF90;ZNF143;BPTF;ZNF395;FADS1;ZNF431;SERTAD3;EZH2;ZNF460;NFYA;IRF2;DVL2;RPS6KA5;ZNF664;ZNF723;RFX3;MBIP;PHB1;ZNF682;TERF2IP;MLF2;MYCBP;PATZ1;ACTL6A;SAP30;DAPK3;ZNF217;TGFBR1;WWC2;REST;YBX1;ZNF263;ZNF562;ZNF280D;FUS;BRPF1;DDIT3;ERC1;TAF12;ZNF35;SOX15;WDR5;SOX4;ZNF713;TRRAP;TGIF2;MIER1;ZNF502;CDK11A;SUPT3H;SRRT;RELA;ING3;EFEMP1;HNRNPD;YAF2;SUPT4H1;ATF7IP2;UBE2L3;ZNF280C;TESMIN;ING5;ZNF146;RUVBL2;TP53;POU6F2;PAK6;ONECUT1;CELSR2;ZNHIT1;ACTR8;WWC1;ZBTB11;SOX13;ZSCAN26;ASCC2;ZNF519;GZF1;TGFBRAP1;ZFPL1;CLOCK;KMT2D;ZNF273;HCFC1;WWTR1
CLN8,GO_Biological_Process_2023,prerank,Positive Regulation Of MAPK Cascade (GO:0043410),-0.2780987577224262,-0.8507686700735435,0.9358552631578947,1.0,1.0,79/306,21.98%,FGF21;BMP2;ADRA2B;OPRM1;SEMA7A;THPO;ALOX15;CCL25;GSDME;TMEM106A;TNFAIP8L3;HTR2B;P2RY6;XCL1;NPNT;FGFR3;NTRK1;NTRK2;CIB1;TDGF1;CD44;PDGFRB;LEP;INSR;CCL2;ADRB2;AMH;ARRB1;CRKL;PDE8A;CD74;APP;RAMP3;MAP3K12;FLT4;RAPGEF2;NOTCH1;PIK3R5;NRG1;NODAL;GRM4;KIT;FLT1;IL34;DHX33;GLIPR2;TAOK3;DOK4;INAVA;FLT3;AGER;PDCD10;RET;MEF2C;ANGPT1;MFAP3;SEMA4C;MYDGF;FGF18;JCAD;PLA2G2A;GAS6;SOX2;VEGFA;NECAB2;TRIM5;ADRA1D;GPER1;TPD52L1;BCAR3;DUSP19;GHR;BMPER;DDR1;CCL26;FGF2;PTK2B;FERMT2;PTPN11
CLN8,GO_Biological_Process_2023,prerank,Positive Regulation Of Viral Process (GO:0048524),0.3500425237195089,0.8506573375236681,0.7342657342657343,1.0,1.0,11/41,15.80%,CD28;IFIT1;CLEC4G;FKBP6;KPNA2;PPIH;DDX3X;STAU1;ADARB1;AXL;HACD3
CLN8,GO_Biological_Process_2023,prerank,Purine Ribonucleotide Metabolic Process (GO:0009150),-0.3192203768920701,-0.8501175847305451,0.8058076225045372,1.0,1.0,16/83,14.41%,SULT1B1;ENPP3;AMPD1;SULT1A2;ACOT9;SULT1A3;AK4;OXSM;ACSM6;RAB23;HSPA8;ACSM1;ADSS1;CTNS;ACSM3;ENPP1
CLN8,GO_Biological_Process_2023,prerank,Regulation Of Double-Strand Break Repair (GO:2000779),0.30957948782772365,0.8497955544245401,0.8298850574712644,1.0,1.0,30/88,18.53%,OOEP;DPF2;BRD7;MRNIP;VPS72;DDX11;OTUB1;PHF10;SMARCB1;SHLD2;SMARCC2;SMARCD1;UBR5;FMN2;MBTD1;TERF2IP;ACTL6A;UBE2N;RAD51;SLF1;ATRIP;MORF4L1;SMARCD2;TRRAP;EPC1;USP51;ING3;UBE2V2;RUVBL2;TEX15
CLN8,GO_Biological_Process_2023,prerank,Myeloid Cell Development (GO:0061515),-0.39498554366662514,-0.8496890047721689,0.6921606118546845,1.0,1.0,8/27,13.59%,THPO;GP1BB;MYB;SH2B3;ZNF385A;APP;KIT;ANXA2
CLN8,GO_Biological_Process_2023,prerank,Sodium Ion Transmembrane Transport (GO:0035725),-0.3180034152151469,-0.8493969269052954,0.8010033444816054,1.0,1.0,23/82,17.50%,SLC12A3;ASIC3;SCN3B;SCNN1B;SCNN1G;ASIC1;ATP1B3;ATP1A4;SCNN1A;FXYD2;TPCN2;SLC9A9;SCN4B;SLC9A6;SLC8A1;PKD2L1;SCN5A;SLC6A9;SLC6A3;SCN2A;TRPM4;ATP1A2;ATP4A
CLN8,GO_Biological_Process_2023,prerank,Cellular Response To Molecule Of Bacterial Origin (GO:0071219),0.3001130137863968,0.8493296897188425,0.8267898383371824,1.0,1.0,23/114,17.42%,GFI1;CD68;GBP3;PF4V1;HMGB1;CXCL3;NR1D1;PF4;PLAA;TLR2;NOD2;EHHADH;CD86;WNT5A;TNFRSF1B;CTR9;NFKB1;AXL;CYRIB;CASP7;TIRAP;FZD5;RELA
CLN8,GO_Biological_Process_2023,prerank,acyl-CoA Metabolic Process (GO:0006637),0.3677130571542439,0.8489024109043476,0.689873417721519,1.0,1.0,11/30,19.47%,ACOT6;ACOT12;BAAT;DLST;ACSL6;ACOT2;MLYCD;ACOT7;ACACB;SUCLG2;GPAT4
CLN8,GO_Biological_Process_2023,prerank,Protein Localization To Cell Junction (GO:1902414),-0.39345488036289844,-0.8487200564885455,0.7015706806282722,1.0,1.0,10/23,22.11%,JAK1;TJP2;SHANK1;ILF3;MARVELD3;CGNL1;TJP3;STAU2;FERMT2;BSN
CLN8,GO_Biological_Process_2023,prerank,Regulation Of Interleukin-6 Production (GO:0032675),-0.30533485690481443,-0.848552588998047,0.8348457350272233,1.0,1.0,31/113,16.54%,LILRB4;TMEM106A;MYD88;MAPK13;IL1A;LEP;TNFSF4;ARRB1;FOXJ1;NLRP10;CD74;APP;TSLP;ELF4;SYK;C1QTNF3;CD47;EOLA1;SIRPA;BCL10;SYT11;XBP1;INAVA;IRAK3;POU2F2;ZC3H12A;AGER;HLA-B;DHX9;PTPN6;AIF1
CLN8,GO_Biological_Process_2023,prerank,Negative Regulation Of Phosphorylation (GO:0042326),-0.324800565671273,-0.8485364624167954,0.7643884892086331,1.0,1.0,36/74,27.06%,CDKN2B;IGFBP3;CHP1;SH3GL2;SIRT1;CIB1;MAPT;INPP5K;EPHB2;CRKL;IBTK;SIRPA;ZC3H12A;FKBP8;LYN;IMPACT;PTEN;IRS2;UXT;NIBAN1;SORD;ATG14;TESK1;CACTIN;CORO1C;PTPN13;CADM4;MYADM;DNAJC10;SLIT2;PRKN;BMP7;PIP5KL1;PRKRIP1;DAB2IP;CDKN1A
CLN8,GO_Biological_Process_2023,prerank,Negative Regulation Of Synaptic Transmission (GO:0050805),-0.43618196763023764,-0.8484950562830319,0.6612021857923497,1.0,1.0,2/15,8.88%,GRIK3;STXBP1
CLN8,GO_Biological_Process_2023,prerank,Regulation Of Neuron Apoptotic Process (GO:0043523),-0.3075447576391884,-0.8482331643032371,0.8153310104529616,1.0,1.0,31/105,22.13%,CITED1;FOXB1;POU4F1;PPT1;KDM2B;NTRK1;NTRK2;RASA1;CCL2;IL6ST;SIX1;BACE1;SIX4;EPHA7;TYRO3;GRM4;NAIP;MSH2;SRPK2;MEF2C;WFS1;CNTFR;PINK1;TRIM2;FOXO3;EGLN2;MDK;GRN;PTK2B;RETREG1;ERBB3
CLN8,GO_Biological_Process_2023,prerank,Positive Regulation Of Synaptic Transmission (GO:0050806),0.3174890483415964,0.8481824378968091,0.7741116751269036,1.0,1.0,23/77,20.06%,SLC18A3;GRIN2C;RELN;BAIAP3;CACNG2;NFATC4;FMR1;NPTN;FLOT1;SLC8A3;ZDHHC2;APEX1;CHRNA7;NLGN1;LGMN;CLSTN2;CLSTN3;ADCY8;RIMS3;NRXN1;FOXM1;NLGN3;STX1B
CLN8,GO_Biological_Process_2023,prerank,Protein Autophosphorylation (GO:0046777),-0.29007246676951803,-0.8479831608091337,0.8597359735973598,1.0,1.0,58/162,23.95%,GRK7;FGFR3;BMX;NTRK1;NTRK2;PDPK1;EEF2K;HCK;ABL1;ULK2;PDGFRB;PTK2;JAK2;INSR;AATK;CDK12;ATM;MAP3K9;MAP3K12;FLT4;CHEK2;UHMK1;TYRO3;KIT;MAP2K2;FLT1;TAOK3;ATG13;HTATIP2;CAMK4;MAPKAPK5;STK24;FLT3;LYN;PAK1;ULK1;EPHA4;STK17B;MAK;PINK1;SIK1;LMTK2;DAPK1;MAP3K20;DDR1;PRKX;VRK1;MARK2;PTK2B;LCK;ACVR1B;TAF1;PRKD1;FGFR4;PIM3;TXK;TAOK2;CAMKK2
CLN8,GO_Biological_Process_2023,prerank,Positive Regulation Of Protein Binding (GO:0032092),0.32520277670306935,0.847829793962436,0.7638888888888888,1.0,1.0,11/59,12.48%,CSF3;DTX3L;USP33;BMP4;LRRK2;SUB1;FKBP1A;DERL1;FLOT1;STK3;EPB41
CLN8,GO_Biological_Process_2023,prerank,Alpha-Amino Acid Metabolic Process (GO:1901605),0.36659548615973,0.8478151889768882,0.689873417721519,1.0,1.0,8/29,17.99%,KYAT3;ATP7A;DPEP1;ASPG;RIMKLB;CBS;RIMKLA;ASS1
CLN8,GO_Biological_Process_2023,prerank,Potassium Ion Homeostasis (GO:0055075),-0.39624517566733786,-0.8477327972452341,0.6877256317689531,1.0,1.0,7/23,17.50%,SLC12A3;ATP1B3;ATP1A4;FXYD2;SLC12A6;ATP1A2;ATP4A
CLN8,GO_Biological_Process_2023,prerank,Modification-Dependent Protein Catabolic Process (GO:0019941),-0.28365235874155337,-0.8476080628809709,0.9079861111111112,1.0,1.0,68/190,22.77%,RNF128;OS9;UBL7;UBE2E1;GET4;UBA1;ASB2;FBXO7;UHRF1;DCST1;FBXO10;FBXL14;DDB1;ARRB1;ELOC;RNF43;NEDD4L;ARIH1;SYVN1;RC3H2;RNF34;RC3H1;BTRC;MKRN2;KLHL3;PSMC2;FEM1A;RNF149;RPGR;SQSTM1;CDC34;XBP1;FBXO8;RNF114;COPS3;ZNRF3;HERPUD1;CNOT4;FBXO11;LONP1;SPSB2;RNF168;AREL1;NDFIP2;MIB1;WDR91;SPSB4;MARVELD3;TRIM32;PINK1;RLIM;BAG6;RNF130;FBXO22;UBE2D2;KLHL8;TRIP12;HACE1;UBE2D4;SPSB1;UBE2G2;MYLIP;PSMD3;RNF185;RNF150;UBE3C;TAF1;CBL
CLN8,GO_Biological_Process_2023,prerank,Cellular Response To Hormone Stimulus (GO:0032870),0.2985768352302442,0.8474976778882574,0.8337468982630273,1.0,1.0,29/93,18.33%,HCRTR2;LMO2;NKX3-1;AKR1C2;SLIT1;SFR1;NR4A3;HSPA1A;TFPI;HCRTR1;AKR1C1;NCOA4;ATP1A3;NSMF;OXTR;NCOA2;AKR1C3;ESR1;CTSH;CYP11A1;NCOA1;RAMP1;QRFPR;NCOA3;STAT5B;UBE2L3;RARA;CAV1;NPFFR2
CLN8,GO_Biological_Process_2023,prerank,B Cell Activation (GO:0042113),0.30998386917289755,0.8473662483219366,0.8032036613272311,1.0,1.0,26/84,20.19%,RAG2;CD22;CR2;CD70;IL11;BANK1;CLCF1;PIK3R1;DCAF1;HSPD1;CD86;TCF3;CHRNA4;PIK3R3;PTPN2;PHB1;TOP2B;FNIP1;GPS2;CD40;PIK3R2;PLCG2;ITGB1;PTPRJ;PIK3CD;DNAJB9
CLN8,GO_Biological_Process_2023,prerank,Cellular Response To cAMP (GO:0071320),0.3603288993423228,0.8471337561331921,0.6940639269406392,1.0,1.0,10/30,19.49%,DMTN;AQP1;SLC26A3;HCN3;KCNQ1;CFTR;AKAP9;HCN4;ZFP36L1;HCN1
CLN8,GO_Biological_Process_2023,prerank,ncRNA Processing (GO:0034470),0.30516977945020596,0.8470439127804383,0.7880184331797235,1.0,1.0,39/100,20.96%,NOC4L;WDR55;WDR18;SBDS;DKC1;POP4;LYAR;TSEN34;INTS10;SSB;RPS24;RPL26;DDX47;RPS7;RPL5;EXOSC10;RPS6;RPL27;POP1;RPL35A;ESF1;RPS16;MRM2;NOP56;RPS25;INTS1;INTS12;RPS15;SPPL2B;INTS8;INTS14;ZCCHC8;RPS28;IGF2BP3;PIN4;RPS19;INTS2;EXOSC4;EXOSC9
CLN8,GO_Biological_Process_2023,prerank,Positive Regulation Of Telomere Maintenance Via Telomere Lengthening (GO:1904358),0.3524568247729364,0.846976732414413,0.7318181818181818,1.0,1.0,16/35,18.07%,CCT7;MAPK15;PNKP;AURKB;CCT6A;FBXO4;DHX36;MAP3K4;TCP1;CCT8;CCT2;HNRNPA2B1;MAP2K7;MAPK3;NEK2;CCT4
CLN8,GO_Biological_Process_2023,prerank,N-glycan Processing (GO:0006491),0.398533030310308,0.8461207401375546,0.6696035242290749,1.0,1.0,11/19,23.49%,MAN2A2;ST8SIA6;MAN1B1;ST8SIA2;ST8SIA3;GNPTG;ST8SIA1;MGAT4B;MAN1A1;PRKCSH;ST8SIA4
CLN8,GO_Biological_Process_2023,prerank,Stress-Activated MAPK Cascade (GO:0051403),0.34362854113986696,0.8460158220713779,0.6969026548672567,1.0,1.0,19/42,21.81%,DUSP9;MAP3K5;LRRK2;IKBKB;TNFRSF19;GPS1;MAPK8IP2;MAPK9;MAP4K2;MAPK10;GPS2;MAP2K7;MAPK3;ZFP36L1;MAP3K7;SH2D3A;MAPK1;MAP4K1;CCM2
CLN8,GO_Biological_Process_2023,prerank,Positive Regulation Of Signal Transduction (GO:0009967),0.2688412287819395,0.8458462601645798,0.9760765550239234,1.0,1.0,95/266,22.04%,DMTN;CYP27B1;NKX3-1;GRIN2C;ITGB3;POGLUT1;ZDHHC5;CCN3;RELN;TNXB;SULF1;IRS1;TXNDC15;SASH1;KLK5;NELL1;ASXL2;DCDC2;TGFB2;ATP6V0C;MBD5;LRRK2;AGPAT1;TLR2;CD63;PIK3R1;NOD2;FGFR2;DRD3;LAMB2;TP63;SMARCB1;UCHL5;NPTN;C1QTNF12;RXRB;C3;FAS;CTSH;CRBN;RXRA;LAMA2;PHB1;SMOC2;LIMS2;ROBO1;NEPRO;SNW1;UBE2N;TGFBR1;IGF1;CIBAR1;APEX1;CHRNA7;RSPO2;NLGN1;AXL;ITGA5;TRIM44;SALL1;SORBS1;GPS2;SLC2A4;ENHO;PTGIS;ULK3;NOTCH2NLC;RWDD3;EPN2;GLI1;ING5;CTSV;SORL1;DSTYK;TMEM108;CSNK2A1;NRXN1;TRAF7;BAX;KANK1;NLGN3;LANCL2;STX1B;LY96;DISC1;RAB34;PRKCI;ATP6V1C2;CTSK;DLG4;RBPJ;AGPAT2;ZMIZ1;UBE2V1;JAG2
CLN8,GO_Biological_Process_2023,prerank,Extracellular Matrix Organization (GO:0030198),-0.2886055779294342,-0.8458357436306153,0.8807017543859649,1.0,1.0,45/174,19.16%,CTSS;SERPINH1;COL7A1;MMP20;VIT;COL5A2;ADAMTS14;NPNT;LAMC1;MATN3;COL19A1;CRTAP;EXOC8;COL8A1;KLK7;COL12A1;PXDN;OPTC;ADAMTS19;APP;ADAMTS15;NOXO1;ADAMTSL4;ADAMTS4;MMP19;BMP1;COL27A1;ADAMTS8;ADAM15;TMPRSS6;MATN1;TGFBI;PLOD3;ADAMTS2;COL5A1;COL11A1;COL2A1;HAS3;GFOD2;ADAMTS16;ADAM10;MMP11;COL14A1;GAS6;HPSE2
CLN8,GO_Biological_Process_2023,prerank,Regulation Of Cardiac Muscle Cell Membrane Repolarization (GO:0099623),-0.39622247670254424,-0.8457135469781564,0.6912878787878788,1.0,1.0,6/21,13.69%,GJA5;KCNE4;KCNH6;CACNA2D1;SCN4B;SCN5A
CLN8,GO_Biological_Process_2023,prerank,Cortical Cytoskeleton Organization (GO:0030865),0.369253005482115,0.8456496169024433,0.7312775330396476,1.0,1.0,11/27,21.48%,FMNL1;RAC1;IKBKB;FHOD1;FHOD3;PPP2R3C;LLGL1;NLGN1;DLG1;ROCK1;TRPV4
CLN8,GO_Biological_Process_2023,prerank,DNA Damage Checkpoint Signaling (GO:0000077),0.36015602053747336,0.8455167382955482,0.7256637168141593,1.0,1.0,15/34,20.34%,ZNF830;PARP9;DTX3L;NBN;CEP63;TIPRL;ATRIP;ERCC6;DOT1L;UFL1;CDC5L;RHNO1;PRPF19;DONSON;CLOCK
CLN8,GO_Biological_Process_2023,prerank,Regulation Of Receptor Signaling Pathway Via STAT (GO:1904892),0.4189249575312217,0.8454606407164583,0.6978260869565217,1.0,1.0,3/16,8.07%,MST1;PPARG;TP53INP2
CLN8,GO_Biological_Process_2023,prerank,Protein Palmitoylation (GO:0018345),-0.38259600345953776,-0.8452452357228242,0.718132854578097,1.0,1.0,16/30,25.69%,ZDHHC22;ZDHHC19;ZDHHC11B;ZDHHC21;HHAT;PORCN;ZDHHC9;ZDHHC6;ZDHHC16;ZDHHC14;ZDHHC20;ZDHHC11;ZDHHC4;ZDHHC3;ZDHHC13;SELENOK
CLN8,GO_Biological_Process_2023,prerank,Regulation Of Microtubule Depolymerization (GO:0031114),0.3880720665937949,0.8450785742129567,0.7161290322580646,1.0,1.0,12/24,21.48%,TAOK1;STMN2;MID1IP1;ATXN7;APC2;TRIM54;TPX2;KATNB1;ARHGEF2;CLASP2;BMERB1;TRPV4
CLN8,GO_Biological_Process_2023,prerank,Response To Alcohol (GO:0097305),0.3719639711545016,0.844991147851212,0.691609977324263,1.0,1.0,5/29,14.26%,GRIN3A;SLIT1;SDF4;DRD3;TGFBR1
CLN8,GO_Biological_Process_2023,prerank,Regulation Of Cell-Substrate Adhesion (GO:0010810),-0.35170315219023035,-0.8449313928651172,0.7508960573476703,1.0,1.0,9/44,12.32%,VIT;ALOX15;NPNT;PTK2;JAK2;PTPRO;RAC2;BST1;NOTCH1
CLN8,GO_Biological_Process_2023,prerank,Cellular Response To Chemical Stress (GO:0062197),-0.31661684796067585,-0.844856617366434,0.7985611510791367,1.0,1.0,34/89,24.23%,SUMO4;ALDH3B1;CPEB2;SIRT2;ABL1;STX2;TBC1D24;SLC4A11;STOX1;ATM;PRKAA2;ETV5;SRXN1;PYROXD1;LRRC8D;ZC3H12A;LONP1;AIF1;PINK1;NQO1;FOXO1;SLC25A24;FOXO3;PKD2;SERPINB6;SNCA;PNPT1;RAD52;RBM11;PRKD1;EIF2S1;PRKAA1;PYCR2;GPX1
CLN8,GO_Biological_Process_2023,prerank,Regulation Of Nuclear Division (GO:0051783),-0.4110728046845398,-0.8447210665127276,0.6972972972972973,1.0,1.0,5/19,14.79%,CUL7;L3MBTL1;RCC1;CDCA2;PIN1
CLN8,GO_Biological_Process_2023,prerank,Regulation Of Transforming Growth Factor Beta Receptor Signaling Pathway (GO:0017015),0.29512275924688747,0.8443091029244911,0.8588807785888077,1.0,1.0,28/111,14.63%,HTRA4;SKOR2;EID2;FOLR1;LTBP4;TNXB;SAP30L;HDAC1;SPRED2;RBBP4;SDCBP;SLC2A10;PPARG;STRAP;ITGA3;HSPA1A;TGFB1I1;ZNF703;SPRED3;FKBP1A;ADAMTSL2;ZNF451;SMURF1;SF3B3;MEN1;SAP30;SNW1;PEG10
CLN8,GO_Biological_Process_2023,prerank,Positive Regulation Of Double-Strand Break Repair (GO:2000781),0.30994700603079395,0.8442582993426894,0.8092105263157895,1.0,1.0,31/84,18.47%,OOEP;DPF2;BRD7;PARP1;MRNIP;VPS72;PNKP;DDX11;PHF10;SMARCB1;PIAS4;SHLD2;SMARCC2;MAD2L2;SMARCD1;FMN2;MBTD1;ACTL6A;UBE2N;FUS;SLF1;ERCC6;MMS19;MORF4L1;SMARCD2;TRRAP;EPC1;HELQ;ING3;UBE2V2;RUVBL2
CLN8,GO_Biological_Process_2023,prerank,Maintenance Of Gastrointestinal Epithelium (GO:0030277),0.40550847707181104,0.8442268665411511,0.7008733624454149,1.0,1.0,3/18,13.58%,STRAP;NOD2;VSIG1
CLN8,GO_Biological_Process_2023,prerank,Peptidyl-Tyrosine Phosphorylation (GO:0018108),-0.3301953433849113,-0.8441755981414036,0.781305114638448,1.0,1.0,20/67,16.44%,FGFR3;NTRK1;HCK;ABL2;ABL1;PDGFRB;PTK2;JAK2;LEP;INSR;EPHB2;JAK1;SYK;FLT4;FLT1;FLT3;PIBF1;LYN;EPHA4;PTPN6
CLN8,GO_Biological_Process_2023,prerank,Regulation Of Protein Localization To Membrane (GO:1905475),0.373109790934548,0.844147877369126,0.7155361050328227,1.0,1.0,10/28,19.21%,GBP1;LDLRAP1;CDK5;ZDHHC2;GPC2;MMP14;FYN;VAMP8;VPS4A;CLN3
CLN8,GO_Biological_Process_2023,prerank,Histone mRNA Metabolic Process (GO:0008334),-0.3928471740766717,-0.8440895989023439,0.6854990583804144,1.0,1.0,9/23,20.09%,CPSF2;TENT4B;TENT2;NCBP2;UPF1;TUT1;TUT7;CPSF3;ERI1
CLN8,GO_Biological_Process_2023,prerank,Negative Regulation Of Lipid Storage (GO:0010888),0.4169947443587899,0.8439110964658213,0.6955555555555556,1.0,1.0,6/18,21.94%,ITGB3;PPARG;PTPN2;ABCG1;TTC39B;ABHD5
CLN8,GO_Biological_Process_2023,prerank,Histone H2A Acetylation (GO:0043968),0.405323015911203,0.8438874383597911,0.7072649572649573,1.0,1.0,9/20,18.47%,VPS72;MBTD1;ACTL6A;MORF4L1;TRRAP;EPC1;ING3;NAA40;RUVBL2
CLN8,GO_Biological_Process_2023,prerank,Positive Regulation Of SMAD Protein Signal Transduction (GO:0060391),-0.4266445816724369,-0.8437890293226528,0.696588868940754,1.0,1.0,7/17,17.68%,BMPR2;JAK2;KIAA0319;DAB2;NODAL;BMP6;SMAD4
CLN8,GO_Biological_Process_2023,prerank,Negative Regulation Of DNA Metabolic Process (GO:0051053),0.3350138311626247,0.8436409369565151,0.7297297297297297,1.0,1.0,11/48,13.52%,GMNC;DFFA;SUB1;KMT2A;TSPYL2;TERF1;DACH1;NIBAN2;H1-10;H1-0;TERF2IP
CLN8,GO_Biological_Process_2023,prerank,Transcription Elongation By RNA Polymerase II (GO:0006368),-0.3744045099354419,-0.8431810092878508,0.740608228980322,1.0,1.0,14/28,27.69%,EAF2;ELP4;SART3;GTF2F2;LEO1;SETD2;PBRM1;ERCC3;PCID2;ELOF1;POLR2I;SKIC8;PEX2;RTF1
CLN8,GO_Biological_Process_2023,prerank,Positive Regulation Of Cold-Induced Thermogenesis (GO:0120162),-0.306985527802512,-0.8431106492168197,0.8530884808013356,1.0,1.0,25/98,20.09%,FGF21;ELOVL3;PRDM16;TRPV2;PPARGC1B;ZBTB7B;PTH2R;JAK2;LEP;ADRB2;CNOT3;KDM3A;MUC1;IRF4;SYK;THRA;GPR3;STAT6;OGT;ALPL;ALMS1;VEGFA;SIRT6;IL18;LEPR
CLN8,GO_Biological_Process_2023,prerank,Activation Of Protein Kinase B Activity (GO:0032148),-0.3847999816223419,-0.8430620020863849,0.7150442477876107,1.0,1.0,8/25,19.79%,ADRA2B;PDPK1;INSR;OSBPL8;NRG1;PINK1;GAS6;IL18
CLN8,GO_Biological_Process_2023,prerank,Regulation Of Interleukin-1 Production (GO:0032652),0.4182821631615995,0.8430484886372414,0.6775599128540305,1.0,1.0,4/16,18.29%,HMGB1;TMED10;CEACAM1;FOXP1
CLN8,GO_Biological_Process_2023,prerank,Sensory Organ Development (GO:0007423),-0.3266891703258948,-0.8430144193132296,0.7892857142857143,1.0,1.0,22/67,25.51%,BHLHA15;ATOH1;GATA3;SMCHD1;HIPK1;PBX3;RS1;PBX1;SIX4;ECE1;GDF3;ZDHHC16;SIPA1L3;SOX3;SOX2;AHI1;CHRDL1;POLR2D;CHD7;SMG9;FREM2;STRA6
CLN8,GO_Biological_Process_2023,prerank,Cellular Response To Decreased Oxygen Levels (GO:0036294),-0.31877020988831983,-0.8429779507745717,0.8020477815699659,1.0,1.0,18/73,17.47%,MGARP;ANGPT4;RGCC;AQP3;CPEB2;SIRT1;SIRT2;AK4;LMNA;SUV39H2;P4HB;HYOU1;NOTCH1;HMOX1;VHL;SCN2A;FAM162A;PINK1
CLN8,GO_Biological_Process_2023,prerank,Negative Regulation Of Protein Modification By Small Protein Conjugation Or Removal (GO:1903321),0.32617725930119634,0.8425558894033446,0.7662650602409639,1.0,1.0,22/54,21.22%,CAPN3;PARK7;DNAJA1;HSPA1A;PIAS3;SVBP;AKT1;RPL5;PINX1;NXN;N4BP1;BAG2;SOX4;UFL1;CAV1;SMAD7;ISG15;GNL3L;SIRT7;CAMLG;BAG5;USP4
CLN8,GO_Biological_Process_2023,prerank,Sterol Homeostasis (GO:0055092),0.3077037732505795,0.8423142252514615,0.7968036529680366,1.0,1.0,23/73,20.30%,APOC2;PLA2G10;LCAT;MTTP;TMEM97;RALY;NR1D1;APOA1;AKR1C1;CYP39A1;DISP3;LDLRAP1;MALL;CYP7B1;ABCD1;ABCG1;EPHX2;CAV1;PCSK9;NPC2;TTC39B;EHD1;LIMA1
CLN8,GO_Biological_Process_2023,prerank,Reticulophagy (GO:0061709),0.4188951081556649,0.8422835034971031,0.678646934460888,1.0,1.0,7/16,17.77%,TEX264;SNX7;SNX33;UFC1;RB1CC1;ULK3;UFL1
CLN8,GO_Biological_Process_2023,prerank,Male Meiosis I (GO:0007141),0.4210886710122989,0.841960309172147,0.7091295116772823,1.0,1.0,3/16,8.76%,DDX4;MOV10L1;CCNA1
CLN8,GO_Biological_Process_2023,prerank,"Phagocytosis, Engulfment (GO:0006911)",-0.3707009023351594,-0.8418012068826518,0.7330960854092526,1.0,1.0,8/30,16.54%,TIMD4;ITGB2;ELMO1;MYH9;XKR7;DOCK1;XKR8;AIF1
CLN8,GO_Biological_Process_2023,prerank,Organic Cyclic Compound Biosynthetic Process (GO:1901362),0.376832976808947,0.8417861398011467,0.7420042643923241,1.0,1.0,4/29,7.07%,SRD5A2;DHRS11;NOXRED1;SCP2
CLN8,GO_Biological_Process_2023,prerank,Negative Regulation Of Phosphatase Activity (GO:0010923),0.41921955663406596,0.8416097078585296,0.668903803131991,1.0,1.0,7/16,15.49%,TGFB2;FKBP1A;FKBP1B;SEMA4D;PPP1R1B;TIPRL;CRY2
CLN8,GO_Biological_Process_2023,prerank,Regulation Of AMPA Receptor Activity (GO:2000311),-0.39086954347040587,-0.8415380880214192,0.7414721723518851,1.0,1.0,9/24,18.16%,NOL3;SHISA7;GSG1L;CACNG7;CACNG4;SHISA9;SHANK1;MEF2C;SHANK3
CLN8,GO_Biological_Process_2023,prerank,Intrinsic Apoptotic Signaling Pathway (GO:0097193),-0.30145862835622333,-0.8415379627027493,0.845360824742268,1.0,1.0,43/104,27.06%,TMEM238L;POU4F1;IFI6;IFI16;TRIB3;PPP1R13B;ATM;SFN;CHEK2;MYBBP1A;CIDEB;PRKCD;BAK1;ATP2A3;STK24;FNIP2;CASP3;TMEM117;SCN2A;CYCS;BRCA1;CHAC1;JMY;BAG6;BCL2L2;BOK;CUL1;DIABLO;BAD;BCL2L1;PDK1;PYCARD;DNAJC10;BRSK2;ERN2;E2F1;CASP9;SELENOK;CUL5;ERN1;ERO1A;DAB2IP;CDKN1A
CLN8,GO_Biological_Process_2023,prerank,tRNA Modification (GO:0006400),-0.3237057022224348,-0.84127329535861,0.8068965517241379,1.0,1.0,34/67,26.78%,WDR6;TRMO;CDKAL1;OSGEPL1;PUS3;GON7;DTWD2;TRMT10A;DUS2;DUS3L;TRDMT1;METTL1;TRUB1;OSGEP;THUMPD2;WDR4;TARBP1;TYW3;TRMT9B;ALKBH1;GTPBP3;TYW1;THG1L;DTWD1;PUS7;TRMT61A;TPRKB;TYW1B;ALKBH8;URM1;TRMT13;THADA;DUS4L;METTL8
CLN8,GO_Biological_Process_2023,prerank,Homophilic Cell Adhesion Via Plasma Membrane Adhesion Molecules (GO:0007156),0.32359626520813944,0.8410366881896562,0.7629107981220657,1.0,1.0,14/60,14.52%,ESAM;IGSF11;CNTN6;MYOT;CADM3;DSCAML1;ROBO3;CADM2;MPZL2;NPTN;L1CAM;CEACAM1;ROBO1;CNTN4
CLN8,GO_Biological_Process_2023,prerank,Adenylate Cyclase-Activating Adrenergic Receptor Signaling Pathway (GO:0071880),-0.42979434942224437,-0.8410115452846533,0.7060998151571165,1.0,1.0,3/15,11.98%,ADRA2B;ADRB2;RAPGEF2
CLN8,GO_Biological_Process_2023,prerank,Plasma Membrane Organization (GO:0007009),-0.32046230818551785,-0.8409428352279986,0.8207885304659498,1.0,1.0,28/71,24.91%,TRIM72;SMPD1;PLSCR2;STX2;SPTBN1;PACSIN1;MYH9;CHMP3;MYOF;P2RX7;PACSIN3;CR1;MICALL1;SYT11;DMKN;COL5A1;EHD2;CHMP1B;NSF;COLEC12;CHMP2A;CHMP5;PACSIN2;TLCD1;EPB41L3;SNX9;PLSCR1;CHMP4A
CLN8,GO_Biological_Process_2023,prerank,Blood Vessel Diameter Maintenance (GO:0097746),-0.36551776281478926,-0.8409241183653604,0.740608228980322,1.0,1.0,13/36,23.78%,HTR2B;AGT;GCLC;ADORA2B;ECE1;NOS1;CPS1;EDNRA;BDKRB2;GPER1;ROCK2;KCNMB4;KCNMB2
CLN8,GO_Biological_Process_2023,prerank,Regulation Of Transport (GO:0051049),0.3315895667768197,0.8409090789742775,0.7523364485981309,1.0,1.0,18/44,19.37%,REEP6;DNAJA1;NELL1;LRRK2;LYSET;SLC30A8;DISP3;ICA1L;YRDC;CDK5;EPB41;PTPRN;CLDN19;REEP5;POFUT2;ICA1;WWC1;MUL1
CLN8,GO_Biological_Process_2023,prerank,Positive Regulation Of Potassium Ion Transport (GO:0043268),0.429679886993441,0.8407480238247572,0.6631130063965884,1.0,1.0,7/15,18.27%,FHL1;ADRA2A;KCNQ1;KCNE5;KCNH2;KIF5B;DLG1
CLN8,GO_Biological_Process_2023,prerank,Retina Homeostasis (GO:0001895),-0.3579012915403853,-0.8404619059742973,0.7555147058823529,1.0,1.0,6/37,17.28%,CNGB1;POTEI;POTEJ;POTEF;BBS4;WHRN
CLN8,GO_Biological_Process_2023,prerank,Positive Regulation Of Intracellular Protein Transport (GO:0090316),-0.29711293629401186,-0.8404006153147101,0.8584070796460177,1.0,1.0,47/126,25.40%,PLK3;RIPOR1;TCAF2;ITGB2;CHP1;PCNT;CIB1;HSPA1L;TCAF1;RAB29;RAC2;CAMK1;SMAD3;CEP290;ATG13;PRKCD;EFCAB7;HUWE1;MFF;PIN1;ZC3H12A;CDH1;PDCD10;VAMP2;PDZK1;PINK1;TM9SF4;GAS6;SIRT6;MIEF1;MICALL2;TRIM28;GSK3A;EP300;SAR1B;YWHAE;C2CD5;NMT1;AKAP5;CSNK2A2;MAVS;LEPROT;MYO1C;NPEPPS;ECT2;EMD;RNF31
CLN8,GO_Biological_Process_2023,prerank,Cell Chemotaxis (GO:0060326),-0.34704532452381254,-0.8403835624649931,0.7463503649635036,1.0,1.0,13/48,19.56%,CCL25;ENC1;RHOG;CXCL12;PDGFRB;HBEGF;LEF1;CORO1B;KIT;PRKCD;DOCK4;HMGB2;VEGFA
CLN8,GO_Biological_Process_2023,prerank,Negative Regulation Of Signal Transduction (GO:0009968),0.2661964864469621,0.8403187830879496,0.9716981132075472,1.0,1.0,66/266,19.15%,NEURL1;NOG;APLN;CDK3;ASAH2;PTPN18;BMP5;WIF1;NKX3-1;NKD2;GDF15;LTF;KCTD6;TMBIM1;TMBIM6;CARD8;SULF1;IRS1;SOCS5;NR1D1;SLC2A10;PPARG;YWHAB;MOSMO;MMRN2;AKT1;METTL3;RPGRIP1L;SFRP5;SFRP4;FSTL3;NIBAN2;MAPK8IP2;BRAP;EZH2;NXN;PTPN2;HMGXB4;PID1;SPRY4;GLI3;KCTD21;SFRP2;OTUD4;EGFL7;MEGF8;CTNNBIP1;YTHDF2;GRB14;PTCH2;LGMN;PIP4K2C;HIF1AN;GPS2;ULK3;MMP14;SLC27A4;EPN2;TSPAN15;PTPRE;HGS;WWOX;RPS6KB1;CSNK2A1;GRB7;PTPRJ
CLN8,GO_Biological_Process_2023,prerank,Negative Regulation Of Cell Population Proliferation (GO:0008285),0.25711146971183496,0.840155809678257,1.0,1.0,1.0,94/376,18.50%,SIRPG;NEURL1;NOG;FGFBP1;CYP27B1;CBFA2T3;CDK10;INSM1;DNAJB2;BMP5;ADGRB1;NKX3-1;IRF1;BNIPL;CGREF1;CCN3;PTPRU;RUNX3;ACVR1C;RBBP4;INHBA;GDF5;PPARG;NELL1;H2AC8;BMP4;FTH1;TGFB2;HSPA1A;TOB1;MMRN2;TGFB1I1;NF1;ATG101;ALDH1A2;TMIGD3;ZBTB7C;WARS1;CSNK2B;P3H2;MED9;SFRP5;SFRP4;GET1;TNN;FOXO4;BMPR1B;KAT2B;NIBAN2;WNT5A;EIF2AK2;SULT2B1;DYNLL1;RARG;DNAJA3;PINX1;PIM2;MDM4;TINF2;PTPN2;ADARB1;PHB1;TP73;MEN1;IFITM1;CLDN19;REST;EPPK1;SFRP2;TFAP4;PROX1;KLF10;CTNNBIP1;DELEC1;RNF2;MFN2;RAF1;NGF;ATRAID;HRAS;SOX4;SOD2;COPS8;CDKN2D;RB1CC1;MYOCD;PRKRA;TBRG1;TMEM115;AXIN2;HGS;ING5;TP53;NME1
CLN8,GO_Biological_Process_2023,prerank,Mammary Gland Development (GO:0030879),0.3852442009451019,0.8400871683592863,0.7117516629711752,1.0,1.0,2/22,0.63%,PRL;WNT2
CLN8,GO_Biological_Process_2023,prerank,Regulation Of Immune Response (GO:0050776),-0.3134162208330698,-0.8399345964857656,0.8194444444444444,1.0,1.0,13/77,15.11%,C6;SLA2;HLA-G;CXCL13;PDCD1;FOXP3;TNFSF4;IRF4;SYK;CSK;LAG3;CASP8;LYN
CLN8,GO_Biological_Process_2023,prerank,Bicellular Tight Junction Assembly (GO:0070830),0.33559562977948215,0.8398964084622856,0.7681498829039812,1.0,1.0,11/46,15.87%,ESAM;CLDN23;CLDN9;MARVELD2;FRMPD2;CLDN18;CLDN20;PAK2;SLC39A9;CLDN19;TBCD
CLN8,GO_Biological_Process_2023,prerank,Regulation Of Establishment Of Planar Polarity (GO:0090175),0.36933554613981123,0.8398584250243061,0.7328767123287672,1.0,1.0,12/29,19.96%,RAC1;FZD2;WNT5A;SMURF1;DVL2;VANGL2;CDC42;FZD6;VANGL1;SMURF2;CELSR2;DVL3
CLN8,GO_Biological_Process_2023,prerank,Modulation Of Excitatory Postsynaptic Potential (GO:0098815),0.3625169314474066,0.8397780173363838,0.728110599078341,1.0,1.0,16/31,23.72%,GRIN2C;RELN;LRRK2;SLC8A3;CBLN1;CHRNA7;NLGN1;TMEM25;NLGN4X;TMEM108;NRXN1;NLGN3;STX1B;DLG4;MTMR2;GRIN2A
CLN8,GO_Biological_Process_2023,prerank,Positive Regulation Of Myeloid Leukocyte Differentiation (GO:0002763),-0.35314104433980675,-0.8396137777400436,0.7481203007518797,1.0,1.0,16/40,25.89%,IL23R;POU4F1;CD74;LEF1;PPP3CA;IL34;FADD;CASP8;ID2;TESC;PRKCA;IL23A;TNFRSF11A;EVI2B;HLA-DRB1;NEDD9
CLN8,GO_Biological_Process_2023,prerank,Positive Chemotaxis (GO:0050918),-0.42105676980026907,-0.8395492689043144,0.696588868940754,1.0,1.0,2/17,3.38%,LGALS3;CORO1A
CLN8,GO_Biological_Process_2023,prerank,Regulation Of Systemic Arterial Blood Pressure By Hormone (GO:0001990),0.4191349913889706,0.8393350439368826,0.6433408577878104,1.0,1.0,3/15,15.29%,EDN1;OXTR;RASL10B
CLN8,GO_Biological_Process_2023,prerank,Positive Regulation Of Peptidyl-Tyrosine Phosphorylation (GO:0050731),-0.2977206667834527,-0.8393117910045297,0.8530884808013356,1.0,1.0,42/129,23.00%,IL23R;CSPG4;ANGPT4;TNFRSF18;CLEC6A;DGKQ;FGFR3;AGT;TDGF1;GH2;ABL1;CD44;JAK2;IL6ST;AMH;CD74;TSLP;PARP14;KIT;IL34;DOK7;FLT3;PIBF1;LYN;EPHA4;SRCIN1;UNC119;RIPK2;BMP6;ANGPT1;GRM5;GAS6;VEGFA;IL18;GHR;LRP8;PTK2B;PTPN11;ERBB3;DLG3;IL15;HES1
CLN8,GO_Biological_Process_2023,prerank,Negative Regulation Of Protein Metabolic Process (GO:0051248),-0.29247332410199295,-0.8392107670436432,0.8771626297577855,1.0,1.0,45/147,21.00%,CLN8;TIA1;NANOS3;CRYAB;ENC1;SIRT2;F2;ZAR1L;NHLRC1;FLOT2;SNX3;IFRD2;CNOT1;AZIN1;SHMT1;TRIM3;LSM14A;CPEB3;LARP1;PFDN1;IGF2BP2;SYNCRIP;RNF139;FXR1;GIGYF2;IRAK3;PIN1;CYP51A1;EPHA4;ILF3;ITGAV;NQO1;BAG6;RBM4;SERPINE2;DDX6;DHFR;CST3;TRIM2;LDLR;DAPK1;NANOS1;IGF2BP1;PAIP2B;RACK1
CLN8,GO_Biological_Process_2023,prerank,Mesonephric Tubule Development (GO:0072164),-0.4228991116146009,-0.8389242353278868,0.6916058394160584,1.0,1.0,8/16,26.15%,NPNT;SIX1;PKD1;CER1;PKD2;SLIT2;OXSR1;BMP7
CLN8,GO_Biological_Process_2023,prerank,Transmembrane Receptor Protein Serine/Threonine Kinase Signaling Pathway (GO:0007178),0.28438630992466923,0.8387905866525733,0.8891509433962265,1.0,1.0,44/129,21.13%,BMP5;EID2;USP9Y;GDF15;NRROS;LRRC32;JUN;ACVR1C;HPGD;INHBA;GDF5;PPARG;BMP8B;APOA1;LTBP2;BMP4;TGFB2;TGFB1I1;HJV;FKBP1A;GDF6;RGMB;INHBC;BMPR1B;SMURF1;ZMIZ2;DDX5;TGFBR1;MEGF8;HIPK2;TWSG1;MAPK3;FURIN;GCNT2;ITGB1;SMAD7;SMURF2;MAP3K7;NUP93;FOXH1;TGFBRAP1;LEFTY2;WFIKKN1;PTPRK
CLN8,GO_Biological_Process_2023,prerank,Regulation Of Neural Precursor Cell Proliferation (GO:2000177),0.3928242186093468,0.838698164240788,0.715203426124197,1.0,1.0,7/22,15.07%,INSM1;SHCBP1;TAFA3;LRRK2;DISP3;PROX1;FZD9
CLN8,GO_Biological_Process_2023,prerank,Response To Epidermal Growth Factor (GO:0070849),-0.369078066030611,-0.8385604157269959,0.7302752293577982,1.0,1.0,7/30,10.18%,DUSP22;ZFP36;PDPK1;TDGF1;INPP5K;SNAI2;PDE8A
CLN8,GO_Biological_Process_2023,prerank,Regulation Of Cell Division (GO:0051302),-0.30810601663154863,-0.8385057254768694,0.8170289855072463,1.0,1.0,36/83,26.46%,PLK3;KLHL21;HTR2B;SIRT2;CIB1;UVRAG;SFN;KDF1;KIF18B;KIF13A;GIT1;RAB11FIP4;PIN1;TADA3;BBS4;SMYD5;SETD2;PRDM15;CALM3;BLM;CALM1;RACK1;YEATS2;CALM2;DR1;POU5F1;BIRC6;BCL2L1;CDK2AP2;RAB11A;MYO19;PRPF40A;EVI2B;RAB11FIP3;KLHL13;ENTR1
CLN8,GO_Biological_Process_2023,prerank,Protein Localization To Cell Periphery (GO:1990778),-0.29137836777161313,-0.8383904899860878,0.868020304568528,1.0,1.0,54/138,24.34%,PRAM1;KCNB2;ZDHHC22;SCN3B;ARL3;MYO5A;RAB3C;ATP1B3;FLOT2;SPTBN1;PACSIN1;INPP5K;STXBP1;PLEKHF1;RAMP3;CACNB3;RAB29;RAPGEF2;FCHO2;RAB10;WDR72;TMED2;RAB8A;CRB3;KCNIP4;CDH1;DPP6;EMP2;DPP10;EHD2;PDZK1;AP4M1;GAS6;PRPH2;LRPAP1;PALS1;TESC;CACNB2;WDR19;RAP2A;C2CD5;ACTN2;TTC7B;RAB13;ROCK2;MYADM;SEC16A;ZDHHC3;RAPGEF6;ZFYVE27;PSMD10;PIGW;EPB41L3;RAB11A
CLN8,GO_Biological_Process_2023,prerank,mRNA Transport (GO:0051028),-0.33367347094214095,-0.8383360207448783,0.7825311942959001,1.0,1.0,24/57,25.34%,NOL3;ZFP36;NUP85;XPO1;NCBP2;SARNP;UPF1;SRSF3;NUP214;DDX25;NXT2;NUP107;MAGOHB;DDX19B;NUP133;NCBP3;MAGOH;NUP88;THOC2;RAE1;YTHDC1;MCM3AP;RBM15B;SMG5
CLN8,GO_Biological_Process_2023,prerank,Regulation Of Angiogenesis (GO:0045765),0.27083549104182914,0.8382824385419201,0.9513381995133819,1.0,1.0,53/205,18.63%,PRL;ITGAX;APLNR;STAB1;AQP1;VEGFD;ADGRB1;TNMD;TMIGD2;SULF1;CD160;SASH1;RLN2;PF4;PPARG;ATP2B4;PGK1;TGFB2;AGO2;NF1;HYAL1;RHOJ;HK2;WARS1;KDR;KRIT1;APELA;FOXO4;NIBAN2;WNT5A;CTSH;CEACAM1;GLUL;SMOC2;SARS1;SFRP2;EMILIN2;CHRNA7;EPHA2;EPHA1;RRAS;HIPK2;SPINK5;NPR1;CD40;PTGIS;YJEFN3;HSPB1;HGS;ITGB1;ISM1;PDCL3;EMC10
CLN8,GO_Biological_Process_2023,prerank,Positive Regulation Of Cardiac Muscle Tissue Growth (GO:0055023),0.41317784669002494,0.8382224298570935,0.6990950226244343,1.0,1.0,6/16,21.43%,EDN1;FGFR2;IGF1;PIM1;GLI1;RBPJ
CLN8,GO_Biological_Process_2023,prerank,Negative Regulation Of Wnt Signaling Pathway (GO:0030178),-0.2940539092764197,-0.838125952782887,0.8723776223776224,1.0,1.0,43/138,22.49%,BMP2;SOSTDC1;CITED1;CSNK1A1;MDFI;DKK2;AMER2;AXIN1;BICC1;DKKL1;SNAI2;FRMD8;KREMEN1;PTPRO;RNF43;LATS1;TLE3;LMBR1L;LRP1;DAB2;AMFR;PRICKLE1;APCDD1;INVS;ZNRF3;TRABD2B;TLE5;TSC2;OTUD5;CER1;SOX2;HECW1;MCC;MDK;RACK1;CCDC88C;GSK3A;NPHP3;TCF7L2;TMEM131L;LRP4;SHISA6;TLE1
CLN8,GO_Biological_Process_2023,prerank,Positive Regulation Of Cytoskeleton Organization (GO:0051495),0.3074705906800884,0.8381109802525034,0.8337236533957846,1.0,1.0,15/78,15.02%,CSF3;VIL1;EDN1;SYNPO2L;PFN2;SORBS3;CDK5;PFN1;BIN1;WHAMM;KATNBL1;LMOD1;DYNC1H1;PROX1;PFDN2
CLN8,GO_Biological_Process_2023,prerank,Regulation Of Monoatomic Ion Transmembrane Transport (GO:0034765),-0.37036293350533794,-0.8380274426569249,0.7158469945355191,1.0,1.0,8/29,13.48%,KCNJ14;KCNJ13;KCNJ9;WNK1;P2RX7;KCNJ11;NEDD4L;WWP2
CLN8,GO_Biological_Process_2023,prerank,Maintenance Of Blood-Brain Barrier (GO:0035633),0.3682599045588405,0.8380122161632438,0.7355555555555555,1.0,1.0,5/29,14.45%,ESAM;LSR;WNK3;LAMA2;JAM2
CLN8,GO_Biological_Process_2023,prerank,Regulation Of Cytokine Production Involved In Inflammatory Response (GO:1900015),-0.33930541627539174,-0.8376207941166665,0.7491228070175439,1.0,1.0,11/46,17.34%,LILRB4;MYD88;F2;LEP;TICAM1;SIRPA;MAPK14;ZC3H12A;PLD3;ADCY7;TICAM2
CLN8,GO_Biological_Process_2023,prerank,Nucleosome Disassembly (GO:0006337),-0.41032260202560367,-0.8375380604413026,0.7,1.0,1.0,4/18,11.06%,SMARCE1;SMARCD3;ARID2;GRWD1
CLN8,GO_Biological_Process_2023,prerank,Receptor Catabolic Process (GO:0032801),-0.42311582443862583,-0.8373176638925998,0.6871508379888268,1.0,1.0,5/15,17.72%,UVRAG;RNF43;ZNRF3;MVB12A;KIF16B
CLN8,GO_Biological_Process_2023,prerank,Positive Regulation Of Cell Migration Involved In Sprouting Angiogenesis (GO:0090050),0.41262164357482095,0.8372704376629708,0.6621315192743764,1.0,1.0,5/16,18.14%,FGFBP1;RHOJ;KDR;MAP3K3;PIK3C2A
CLN8,GO_Biological_Process_2023,prerank,Negative Regulation Of Telomere Maintenance (GO:0032205),0.4103345072138095,0.8372212194353739,0.7009132420091324,1.0,1.0,6/15,13.75%,PARP1;TERF1;PINX1;NBN;TERF2IP;SLX4
CLN8,GO_Biological_Process_2023,prerank,Positive Regulation By Host Of Viral Process (GO:0044794),0.40306035241093313,0.8370766264736651,0.6947608200455581,1.0,1.0,7/17,17.02%,PPIB;PAIP1;YTHDC2;PIK3C3;EEF1A1;NUCKS1;ZNF502
CLN8,GO_Biological_Process_2023,prerank,Regulation Of Telomere Maintenance Via Telomerase (GO:0032210),0.3281667810288485,0.8370702207287869,0.777511961722488,1.0,1.0,23/51,21.05%,CCT7;MAPK15;PNKP;AURKB;CCT6A;CTC1;TERF1;FBXO4;EXOSC10;PINX1;TINF2;MAP3K4;TCP1;CCT8;CCT2;MAP2K7;MAPK3;NEK2;CCT4;GNL3L;MAPK1;TERF2;TENM1
CLN8,GO_Biological_Process_2023,prerank,Regulation Of Defense Response (GO:0031347),0.29941202905266284,0.837039153959463,0.8483412322274881,1.0,1.0,28/95,18.29%,TNC;NLRP6;BIRC3;IRF1;ERAP1;FGR;USP18;PARK7;PSMA6;FBXL2;LACC1;GGT1;NOD2;SPATA2;LRRC19;DHX58;HERC5;WNT5A;SETD6;N4BP1;TRAF3;ELMOD2;BCL6;TIRAP;RELA;RNF135;UFL1;FOXP1
CLN8,GO_Biological_Process_2023,prerank,Cellular Response To Inorganic Substance (GO:0071241),0.40301346426482215,0.8369790559445379,0.7019867549668874,1.0,1.0,5/18,9.05%,AQP1;AOC1;MMP3;DPEP1;DDX11
CLN8,GO_Biological_Process_2023,prerank,Regulation Of Telomere Capping (GO:1904353),0.38009884531341176,0.8366289175820707,0.7312775330396476,1.0,1.0,12/22,21.01%,MAPK15;PNKP;AURKB;NBN;MAP3K4;MAP2K7;HNRNPD;MAPK3;NEK2;NABP2;MAPK1;TERF2
CLN8,GO_Biological_Process_2023,prerank,Type I Interferon-Mediated Signaling Pathway (GO:0060337),-0.3705279162477574,-0.8362044117284462,0.7338403041825095,1.0,1.0,4/29,10.76%,IFNK;MYD88;IFI27;JAK1
CLN8,GO_Biological_Process_2023,prerank,Autophagy Of Nucleus (GO:0044804),-0.4059587865287969,-0.8361398085181139,0.6888045540796964,1.0,1.0,8/18,21.07%,ATG9A;ULK2;WDR45B;ATG13;ULK1;ATG2A;ATG2B;WDR45
CLN8,GO_Biological_Process_2023,prerank,Actin Filament-Based Transport (GO:0099515),-0.40404030730412377,-0.8357888697150859,0.6821705426356589,1.0,1.0,9/20,24.45%,MYO1G;MYO5B;MYO5A;SUN2;MYO6;MYO1F;MYO1B;MYO19;MYO1C
CLN8,GO_Biological_Process_2023,prerank,Negative Regulation Of Viral Genome Replication (GO:0045071),0.3287031298450737,0.8357297663259744,0.7858627858627859,1.0,1.0,14/53,18.69%,IFIH1;IFIT1;LTF;FAM111A;EIF2AK2;N4BP1;IFITM2;IFIT5;IFITM1;PROX1;BTBD17;APOBEC3D;BANF1;ISG15
CLN8,GO_Biological_Process_2023,prerank,Positive Regulation Of T Cell Mediated Immunity (GO:0002711),-0.3475205246161807,-0.8356758193106302,0.7654545454545455,1.0,1.0,13/42,20.52%,HLA-G;RAET1E;IL23R;XCL1;TNFSF4;CD1D;HLA-F;FADD;HLA-B;STX7;FBXO38;HLA-E;HFE
CLN8,GO_Biological_Process_2023,prerank,Regulation Of Cellular Response To Heat (GO:1900034),-0.43588850573215465,-0.835370929828758,0.6858168761220825,1.0,1.0,9/15,29.16%,SIRT1;MAPT;CHORDC1;DNAJC7;EP300;ATR;CREBBP;MTOR;HSF1
CLN8,GO_Biological_Process_2023,prerank,Peptidyl-Tyrosine Modification (GO:0018212),-0.334942511816636,-0.8352118048813251,0.7771739130434783,1.0,1.0,22/54,22.28%,FGFR3;NTRK1;HCK;ABL2;ABL1;PDGFRB;PTK2;JAK2;INSR;EPHB2;SYK;FLT4;FLT1;FLT3;LYN;EPHA4;PTPN6;TPST1;ABI3;EPHA3;PTK2B;LCK
CLN8,GO_Biological_Process_2023,prerank,Maturation Of SSU-rRNA (GO:0030490),0.3419603340854463,0.8352109938374702,0.7522727272727273,1.0,1.0,15/37,21.13%,WDR43;MPHOSPH10;UTP3;RPS16;RIOK3;HEATR1;WDR46;DHX37;SPPL2B;RPS28;IGF2BP3;RIOK2;RPS19;RPS14;RPS8
CLN8,GO_Biological_Process_2023,prerank,Regulation Of Protein Targeting To Membrane (GO:0090313),-0.37593829095788617,-0.8351716382493402,0.7275985663082437,1.0,1.0,8/28,16.61%,TCAF2;ITGB2;CHP1;CIB1;INPP5K;TCAF1;MFF;PDZK1
CLN8,GO_Biological_Process_2023,prerank,Regulation Of Stem Cell Population Maintenance (GO:2000036),0.32456379665043333,0.8350179058547196,0.7622222222222222,1.0,1.0,19/56,19.82%,DPF2;SAP30L;HDAC1;RBBP4;WNT9B;WDR43;PHF10;KAT2A;SMARCB1;SMARCD1;SF3B3;ACTL6A;SAP30;REST;NCOA3;ELAVL1;SIN3A;ZNF706;BICRA
CLN8,GO_Biological_Process_2023,prerank,Negative Regulation Of Proteolysis (GO:0045861),-0.3459191302447223,-0.834891148265344,0.7743589743589744,1.0,1.0,10/41,19.41%,CLN8;PTPN3;F2;CTSB;EPHA4;TIMP4;CHAC1;BAG6;SERPINE2;CST3
CLN8,GO_Biological_Process_2023,prerank,Lymphocyte Differentiation (GO:0030098),-0.3104027677258298,-0.8348374935011164,0.8213058419243986,1.0,1.0,25/83,23.37%,IFNK;GATA3;ITGA4;LYL1;LEP;PBX1;RHOH;LMBR1L;KIT;MSH2;TOX;FLT3;KLF6;TPD52;HDAC5;NFAM1;RAG1;LEPR;LFNG;CEBPG;RELB;HDAC4;LCK;CHD7;GPR89B
CLN8,GO_Biological_Process_2023,prerank,Positive Regulation Of Autophagy (GO:0010508),-0.30277405979891264,-0.8346410666010463,0.8338926174496645,1.0,1.0,36/105,21.90%,PLK3;HTT;SIRT1;SCOC;FBXO7;ULK2;GPSM1;TICAM1;PLEKHF1;PRKAA2;TRIM22;LARP1;EPM2A;ATG13;ORMDL3;SQSTM1;ZC3H12A;CDK16;ULK1;TSC2;CCNY;SETD2;DEPDC5;TRIM32;PINK1;IRGM;WAC;FOXO1;DAPK1;TRIM5;FOXO3;TRIM34;SESN3;TPCN1;GSK3A;BAD
CLN8,GO_Biological_Process_2023,prerank,Regulation Of Ventricular Cardiac Muscle Cell Membrane Repolarization (GO:0060307),-0.40988762030674586,-0.8346286770146636,0.7017208413001912,1.0,1.0,6/17,13.69%,GJA5;KCNE4;KCNH6;CACNA2D1;SCN4B;SCN5A
CLN8,GO_Biological_Process_2023,prerank,Negative Regulation Of Protein Tyrosine Kinase Activity (GO:0061099),-0.39607209634780305,-0.8344856350728118,0.7073170731707317,1.0,1.0,3/23,8.30%,LILRB4;DUSP22;GPRC5A
CLN8,GO_Biological_Process_2023,prerank,Monoubiquitinated Histone Deubiquitination (GO:0035521),0.37048067343495733,0.8343606299164782,0.6868250539956804,1.0,1.0,12/27,18.25%,TAF9;KAT2A;KAT2B;ATXN7;SF3B3;ENY2;TAF7;RNF2;TAF12;TRRAP;SUPT3H;TMEM98
CLN8,GO_Biological_Process_2023,prerank,Monoubiquitinated Histone H2A Deubiquitination (GO:0035522),0.37048067343495733,0.8343606299164782,0.6868250539956804,1.0,1.0,12/27,18.25%,TAF9;KAT2A;KAT2B;ATXN7;SF3B3;ENY2;TAF7;RNF2;TAF12;TRRAP;SUPT3H;TMEM98
CLN8,GO_Biological_Process_2023,prerank,Tail-Anchored Membrane Protein Insertion Into ER Membrane (GO:0071816),0.4162341813033689,0.8337518557421787,0.6963470319634704,1.0,1.0,9/16,20.00%,EMC9;EMC6;GET1;EMC3;GET3;UBL4A;EMC10;SGTA;CAMLG
CLN8,GO_Biological_Process_2023,prerank,Bicarbonate Transport (GO:0015701),-0.40178362096242315,-0.8333999013886044,0.7150735294117647,1.0,1.0,7/19,22.56%,SLC26A6;SLC4A11;SLC26A7;CYB5RL;CYB5R4;SLC4A2;SLC39A8
CLN8,GO_Biological_Process_2023,prerank,Positive Regulation Of Programmed Cell Death (GO:0043068),0.26821152939552784,0.8333132871847417,0.9763779527559056,1.0,1.0,52/244,16.70%,GBP1;FOXA1;CLEC7A;NEURL1;GBP3;HTRA4;HRK;PRR7;SPHK2;JUN;GADD45G;ACVR1C;RYBP;HMGB1;MAP3K5;DNAJA1;BMP4;AIFM1;NOS2;LRRK2;PHLDA1;BMF;NF1;FAF1;HSPD1;TNFRSF10A;FOXL2;SCRIB;MLLT11;DDX3X;SFRP4;FAS;BCLAF1;STK3;RARG;RPS6;IAPP;BIN1;PNMA1;DAPK3;REST;SFRP2;TFAP4;EMILIN2;FZD9;STPG1;ZNF622;QRICH1;SOX4;CLU;BCL6;BCL2L11
CLN8,GO_Biological_Process_2023,prerank,Negative Regulation Of Cellular Senescence (GO:2000773),-0.4114463344008599,-0.8330809127143505,0.6992481203007519,1.0,1.0,6/17,22.04%,SIRT1;AMH;ZKSCAN3;PTEN;SIRT6;CDK6
CLN8,GO_Biological_Process_2023,prerank,Regulation Of Tubulin Deacetylation (GO:0090043),-0.41121643179067324,-0.8330703891505216,0.6879699248120301,1.0,1.0,8/17,23.95%,TPPP;MAPT;PRKAA2;TADA3;YEATS2;DR1;EP300;PRKAA1
CLN8,GO_Biological_Process_2023,prerank,Endoplasmic Reticulum To Golgi Vesicle-Mediated Transport (GO:0006888),-0.29727439501859726,-0.8328624864883597,0.847457627118644,1.0,1.0,42/115,23.47%,SCFD1;PGAP1;PDCD6;COG3;LMAN2;COPA;BET1;TRAPPC11;COPE;VAPA;COPB1;HYOU1;RAB29;NRBP1;YKT6;BCAP31;ERGIC2;TMED2;USO1;STX5;YIPF5;TRAPPC8;ZW10;SEC24D;COPG2;MIA2;TMED1;LMAN1;TMED5;RANGRF;VAMP7;SEC22A;SPAST;TRAPPC3;GOLGA2;SAR1B;TBC1D20;SEC24B;TRAPPC2L;TRAPPC2B;TEX261;SEC16A
CLN8,GO_Biological_Process_2023,prerank,Regulation Of Cell Adhesion (GO:0030155),-0.2893482645981794,-0.8324334962781909,0.8921739130434783,1.0,1.0,57/144,23.51%,PLXNA2;CHRD;TNFRSF18;TGM2;LPXN;TMEM102;PLXND1;ZFHX3;C2CD4B;LAMC1;ABL2;CXCL12;LAMA1;PTK2;FUT2;CD164;RASA1;TNPO1;EPHB2;ATM;P4HB;DUSP26;ARHGDIG;RAC2;EPHA7;PPP3CA;NRG1;CYTH1;PODXL;PKP4;TGFBI;LYN;RET;PLXNA3;DUSP1;EPHA4;ANGPT1;ITGAV;ADAM10;STX3;VEGFA;IL18;CBLL1;PLXNB2;MDK;PLAUR;PRKX;PTK2B;PTPN11;TESC;ERBB3;ADAM22;RND1;ROCK2;MYADM;PPP2R1A;PLAU
CLN8,GO_Biological_Process_2023,prerank,Release Of Cytochrome C From Mitochondria (GO:0001836),-0.4144039694712437,-0.8323088831227405,0.7027522935779816,1.0,1.0,7/19,22.56%,IFI6;SFN;BAK1;MFF;BOK;BCL2L1;TIMM50
CLN8,GO_Biological_Process_2023,prerank,Positive Regulation Of Immunoglobulin Mediated Immune Response (GO:0002891),-0.4248203455567007,-0.8322936335274399,0.6934865900383141,1.0,1.0,4/15,10.86%,XCL1;TNFSF4;INSL6;HMCES
CLN8,GO_Biological_Process_2023,prerank,Protein-Containing Complex Organization (GO:0043933),0.28791774285599075,0.8322094891905667,0.9002375296912114,1.0,1.0,44/124,21.25%,DMTN;NFE4;VIL1;CAPN3;TCAP;TUBGCP2;OTX2;NDC1;TPR;KPNA3;RANBP9;GPAA1;KMT2A;CSNK2B;PPIH;DET1;KIFAP3;FAS;CD247;MDM4;NEMF;WASF1;LLGL1;TFAP4;NIFK;CAPZA2;GEMIN5;CARD10;CD40;APBA1;DNAJB14;LIN7A;TRAF2;TP53;PEX14;KNTC1;MDM2;NUP35;NUP205;TEAD1;NDUFAF1;PALS2;APC;DLG4
CLN8,GO_Biological_Process_2023,prerank,Peptide Metabolic Process (GO:0006518),0.32319320484784475,0.8320229226316997,0.7920560747663551,1.0,1.0,12/53,11.76%,CPQ;AEBP1;ERAP1;CPXM2;CPZ;GGT1;TPP1;IMMP2L;CARNMT1;SPCS1;CPN1;SEC11A
CLN8,GO_Biological_Process_2023,prerank,Protein Maturation (GO:0051604),-0.2969949368625944,-0.8319541202358333,0.885036496350365,1.0,1.0,47/116,26.58%,F7;CTSS;TASP1;SRGN;LIPT1;GLRX3;LIPT2;PCSK5;CPE;CPD;BACE1;XPNPEP3;NAA16;ECE1;METAP1;DNAJB11;BMP1;CNTN1;NAA15;CASP8;OGT;ZNG1E;CASP3;LONP2;ADAM10;CIAO2B;MAGEF1;PRPH2;ECEL1;PSENEN;GCSH;TESC;CASP10;PCSK6;ISCA1;APH1B;ECE2;CASP9;PCSK4;NAA20;PHEX;CPXM1;RAP1GDS1;NAA50;PSEN2;PSEN1;NDUFAB1
CLN8,GO_Biological_Process_2023,prerank,Apoptotic Process (GO:0006915),-0.2752495561477098,-0.8312951395853059,0.9739130434782609,1.0,1.0,75/226,23.82%,PLK3;ITGB2;TRADD;PDCD1;ZBTB16;IFI6;PAX3;FEM1B;AIFM2;MYD88;CIB1;IER3;IFI27;PDCD2L;ELMO1;JAK2;IL1A;EMP1;PLAGL1;SEMA6A;ZNF385A;KREMEN1;APP;TGFBR2;CEL;RELT;CIDEB;RRAGC;PHLDA2;FXR1;FADD;YARS1;PRKCD;CASP8;BAK1;TNFSF12;OGT;IFI27L2;DMPK;NFKBIA;EMP2;CASP3;TSC2;SCN2A;CSRNP1;RIPK2;FAM162A;IFIT2;BAG6;NLRP1;FOXO1;BOK;PAK4;DAPK1;ADRA1D;DAP;RHOB;DIABLO;IFT57;CIT;ERCC3;PTK2B;IFI27L1;EP300;BAD;ERBB3;MRPS30;BCL2L1;CASP10;TNFRSF21;PPP2R1A;NOTCH2;TAOK2;PYCARD;AHCYL1
CLN8,GO_Biological_Process_2023,prerank,Negative Regulation Of Transferase Activity (GO:0051348),0.3397693284969893,0.8312839698605755,0.7630979498861048,1.0,1.0,16/36,20.56%,PARK7;DTX3L;PNKP;TERF1;PINX1;TINF2;FBXO5;MEN1;PRDX3;PHPT1;MYCNOS;TP53;BANF1;SMAD7;BAG5;EIF4A2
CLN8,GO_Biological_Process_2023,prerank,Cellular Component Assembly (GO:0022607),-0.27358011852877956,-0.8309611305700227,0.9639344262295082,1.0,1.0,83/257,23.17%,BAIAP2L2;RSPH4A;SPAG17;SCIN;CFAP206;LPXN;RP1;MTSS2;WAS;RIMS1;SHROOM1;SYCE3;FZD1;PIERCE1;DNAAF1;LAMC1;ADD1;ANKS4B;SPTBN1;AXIN1;TTLL3;WNT3A;ESPN;IL2RB;CFAP74;FOXJ1;CD74;FAM107A;YWHAZ;REPS2;PARD3;PLS1;MAGI1;CALD1;TEX11;MITF;CORO1B;FANCA;CD2AP;FSCN1;CAPZA1;PARD6B;SLC2A1;MATN1;RSPH9;SHANK1;PDCD10;VAMP2;DHX9;SYCE2;GRHL2;YAP1;ZW10;FSCN3;STX7;AIF1;TRAF1;IL1RAP;HAS3;IRGM;BAG6;GAS8;STAG3;DMD;WASF3;GAS6;LCP1;USH1C;HFE;TEAD2;MYO1B;DVL1;PTK2B;CHCHD10;AP2M1;BSN;WDR19;TLCD1;NAPG;DARS1;HES1;TUBGCP4;PPP2R1A
CLN8,GO_Biological_Process_2023,prerank,Regulation Of Neuron Projection Development (GO:0010975),-0.2850877463871298,-0.8308736149763802,0.9153976311336718,1.0,1.0,60/174,21.88%,MINAR1;NOL3;PTPN9;FZD1;NTNG2;NTRK1;PAK3;NTRK2;CIB1;ABL2;KIF13B;FBXO7;SNX3;SERPINI1;WNT3A;CDH2;CAMSAP2;PTPRO;CAMK2G;P3H1;CSMD3;ZNF365;ULK4;RAB29;RAPGEF2;SEZ6;CAMK1;TOX;BRSK1;LYN;RET;PAK1;RAPGEF1;EPHA4;SRCIN1;NDEL1;PTEN;RTN4IP1;KIF26A;SCARB2;SEMA3A;PTN;SHANK3;LZTS3;PDLIM5;ABI3;KIF1A;NCS1;MARK1;STYXL1;EPHA3;CRMP1;PLXNB2;MDK;MYLIP;DDR1;MARK2;GSK3A;PTK2B;EP300
CLN8,GO_Biological_Process_2023,prerank,Response To Gamma Radiation (GO:0010332),-0.3934795367220915,-0.8307911020975983,0.708256880733945,1.0,1.0,14/22,29.47%,CRYAB;WRN;TSPYL5;YAP1;XRCC5;DCUN1D3;TMEM109;MAP3K20;PRKAA1;ATR;XRCC6;LIG4;HSF1;MYC
CLN8,GO_Biological_Process_2023,prerank,Telomere Organization (GO:0032200),-0.32574610381104757,-0.8306312102375626,0.7904411764705882,1.0,1.0,28/63,23.84%,ACTR5;NFRKB;SIRT2;DNA2;ATM;INSL6;ZNF365;H4C9;DCLRE1B;WRN;STON1;INO80;XRCC5;RAD50;INO80B;DCLRE1C;RPA1;RTEL1;TFPT;ZNF827;SIRT6;BLM;MRE11;EZH1;INO80C;INO80E;INO80D;ATRX
CLN8,GO_Biological_Process_2023,prerank,Regulation Of Erythrocyte Differentiation (GO:0045646),0.3406879747719133,0.8304508775343188,0.7867803837953091,1.0,1.0,7/36,9.49%,SPI1;LDB1;INHBA;HSPA1A;MAFB;HSPA9;ZFPM1
CLN8,GO_Biological_Process_2023,prerank,Neural Tube Closure (GO:0001843),-0.36108327376389193,-0.8302706046115521,0.7590132827324478,1.0,1.0,14/32,21.63%,LRP2;KDM2B;STIL;BCL10;MTHFD1;PRICKLE1;GRHL2;TSC2;VASP;SEMA4C;MTHFR;PLXNB2;COBL;DVL1
CLN8,GO_Biological_Process_2023,prerank,Proteolysis (GO:0006508),0.2574079320825875,0.8301121822680978,0.9975062344139651,1.0,1.0,80/324,18.90%,ASPRV1;CPQ;HTRA4;CYP2A6;PRSS33;CXCR4;CELA2A;CAPN3;THBD;AEBP1;PCOLCE;CTRL;CELA2B;MMP16;ERAP1;COLEC10;CARD8;PSMA6;FBXL2;ADAM20;CPXM2;MMP3;CAPN12;CPZ;GGT1;TMPRSS4;TPP1;SVBP;ADAM33;PM20D2;TMPRSS11D;CAPN7;SPCS1;FAM111A;CTSC;ADAM8;WFDC2;PRSS48;ATG4A;UBA3;AZU1;CPN1;CTSH;SPRTN;PAPPA;MMP23B;F12;CAPN10;SENP1;LACTB;ADAMTS18;PSMC4;PARL;ADAMTS17;LGMN;NEDD8;SPG7;DPP8;CASP7;TBL1X;CPNE1;PITRM1;ATG4D;MMP14;MMP15;TMPRSS2;CAPN13;SPPL2B;ADAM17;FURIN;CLPX;SPPL3;CTSV;CAPN15;ADGRV1;ATG4B;DDI2;UBE3A;MMP2;MDM2
CLN8,GO_Biological_Process_2023,prerank,Fatty Acid Biosynthetic Process (GO:0006633),0.31551721549614115,0.8300858354201192,0.8066666666666666,1.0,1.0,21/65,16.61%,ASAH2;CYP2D7;CYP3A4;GPX4;ABHD1;ELOVL7;CBR4;FADS1;SCD5;FASN;CYP2C8;ELOVL1;MLYCD;ACOT7;ABCD3;ELOVL4;ACACB;HACD3;DECR2;ABHD2;GSTM4
CLN8,GO_Biological_Process_2023,prerank,Vesicle Transport Along Microtubule (GO:0047496),-0.3902812356972845,-0.8296288151561263,0.7070524412296564,1.0,1.0,8/22,19.27%,HTT;KIF13A;FYCO1;CDR2L;KIF5A;NDEL1;BICDL2;KIF1A
CLN8,GO_Biological_Process_2023,prerank,fatty-acyl-CoA Biosynthetic Process (GO:0046949),-0.3765042786914007,-0.8294491320493613,0.7320143884892086,1.0,1.0,6/25,13.58%,ELOVL3;PPT1;ELOVL2;HACD1;HACD2;SLC27A2
CLN8,GO_Biological_Process_2023,prerank,Regulation Of Metaphase/Anaphase Transition Of Cell Cycle (GO:1902099),0.3600446029403561,0.8293773275393214,0.7505567928730512,1.0,1.0,12/32,17.36%,DPF2;BRD7;NEK6;PHF10;SMARCB1;CDC23;SMARCC2;SMARCD1;ACTL6A;PLK1;SMARCD2;CENPE
CLN8,GO_Biological_Process_2023,prerank,Cell-Cell Signaling By Wnt (GO:0198738),-0.3881103723240577,-0.8293679032728719,0.7158273381294964,1.0,1.0,6/23,15.88%,WLS;CSNK1A1;USP34;CPE;PORCN;PKD1
CLN8,GO_Biological_Process_2023,prerank,Toll-Like Receptor Signaling Pathway (GO:0002224),0.3582710031695131,0.829285425474888,0.7494407158836689,1.0,1.0,12/31,20.23%,TLR8;TLR2;HSPD1;IRAK1;TRAF3;TIRAP;PLCG2;MAPKAPK2;IRAK4;MAP3K7;TRAF6;LY96
CLN8,GO_Biological_Process_2023,prerank,Axonogenesis (GO:0007409),-0.2798082221645841,-0.829244871383314,0.9360967184801382,1.0,1.0,51/187,17.92%,LRTM2;EFNB1;SEMA3G;SEMA7A;POU4F1;SEMA6D;ROBO4;SEMA4G;NTNG2;PAK3;CXCL12;ULK2;PTK2;SEMA6A;EPHB2;S100A6;PTPRO;APP;NRXN3;PARD3;SLITRK3;CNTN2;ATL1;SEMA6C;NOTCH1;LGR6;RAB10;EPHA7;SLC9A6;CNTN1;TRIM46;ENAH;USP9X;RAB8A;PARD6B;SOS1;BRSK1;EPHA5;SEMA4A;RET;SEMA4B;SHTN1;ULK1;PLXNA3;KIF5A;EPHA4;PTEN;VASP;GLI2;SEMA3A;SEMA4C
CLN8,GO_Biological_Process_2023,prerank,Regulation Of I-kappaB kinase/NF-kappaB Signaling (GO:0043122),0.267117931246397,0.8290893060162343,0.9728395061728395,1.0,1.0,74/230,19.86%,CLEC7A;CARD9;RFPL3;BIRC3;CAPN3;LTF;EDAR;CARD8;SPHK2;PARP1;TRIM68;REL;NR1D1;TRAF3IP2;TRIM38;GPRC5B;TFRC;NDFIP1;TRIM8;TRIM25;ZDHHC17;IKBKB;NEK6;NOD2;FKBP1A;TNFRSF19;PER1;TFG;WNT5A;ESR1;DHX36;PIM2;IKBKE;MID2;IRAK1;TERF2IP;IFIT5;UBE2N;RIOK3;TRAF3;EEF1D;CCDC22;TRIM59;TNFRSF25;OTUD7B;MAP3K3;NOD1;OPTN;CPNE1;MIER1;CD40;TIRAP;S100A13;RELA;PPP5C;HSPB1;PLCG2;TRIM62;UFL1;TRAF2;GAPDH;IRAK4;MIB2;MAP3K7;NR1H4;MUL1;GSTP1;LAMTOR5;LITAF;TRAF6;TANK;ANKRD17;SLC35B2;GOLT1B
CLN8,GO_Biological_Process_2023,prerank,Membrane Depolarization During Cardiac Muscle Cell Action Potential (GO:0086012),-0.41524155426591064,-0.8290882907416134,0.7099099099099099,1.0,1.0,9/16,22.22%,SCN3B;CACNA2D1;SCN4B;SLC8A1;SCN5A;TRPM4;ATP1A2;CACNA1C;CACNB2
CLN8,GO_Biological_Process_2023,prerank,Cardiac Conduction System Development (GO:0003161),0.3698878972200351,0.8289389020707381,0.7290748898678414,1.0,1.0,2/25,2.83%,MSC;CACNA1G
CLN8,GO_Biological_Process_2023,prerank,Myeloid Cell Differentiation (GO:0030099),-0.3281358857933105,-0.8288794523119286,0.7938517179023508,1.0,1.0,13/57,15.94%,CDKN2B;THPO;ZBTB16;IFI16;MYB;JAK2;DYRK3;TET2;KIT;MAF;LYN;RACGAP1;CASP3
CLN8,GO_Biological_Process_2023,prerank,Positive Regulation Of Protein Dephosphorylation (GO:0035307),-0.36052405003910365,-0.8286677924320381,0.7097966728280961,1.0,1.0,11/33,23.28%,SMPD1;ITGA1;PDGFRB;PTPA;CDCA2;PRKCD;PIN1;CALM3;CALM1;CALM2;PPP1R16B
CLN8,GO_Biological_Process_2023,prerank,"mRNA Splicing, Via Spliceosome (GO:0000398)",0.27217079736838656,0.8285810032408816,0.9676674364896074,1.0,1.0,71/208,21.40%,LSM3;TXNL4A;SNRPD3;ESS2;SNRPN;RALY;HNRNPA3;CELF4;CDK13;PRPF3;CLNS1A;SNIP1;STRAP;PQBP1;SLU7;METTL3;RBM10;ZMAT2;IK;SNRPD2;SNRPG;PPIH;LSM2;SNRPA1;RBM6;HNRNPF;SRSF5;SNRPE;SRSF8;U2AF1L4;SF3B3;SNRPD1;AQR;DDX39A;TGS1;HTATSF1;SNW1;DDX5;SNRNP27;PRPF38A;EIF4A3;SYF2;RNF113A;GEMIN5;RBM42;PLRG1;HNRNPA2B1;GEMIN7;SF3B1;DNAJC17;RNPS1;DHX35;CDC5L;SCAF11;PRPF19;PHF5A;ZCCHC8;USP39;LSM4;LSM8;PNN;SRSF7;DDX39B;EFTUD2;WBP4;CRNKL1;GPKOW;SRSF1;GPATCH1;HNRNPK;CWC15
CLN8,GO_Biological_Process_2023,prerank,Positive Regulation Of Telomere Maintenance (GO:0032206),0.3258175818310567,0.8285264162625985,0.788235294117647,1.0,1.0,26/52,21.01%,MAPK15;PNKP;AURKB;GNL3;TERF1;UCHL5;DHX36;NBN;TINF2;TERF2IP;SLX4;ACTL6A;PPP1R10;MAP3K4;HNRNPA2B1;MAP2K7;HNRNPD;MAPK3;NEK2;RUVBL2;NABP2;MCRS1;ACTR8;YY1;MAPK1;TERF2
CLN8,GO_Biological_Process_2023,prerank,Neuromuscular Process (GO:0050905),0.4049985954495954,0.8284182030015059,0.7024793388429752,1.0,1.0,4/17,19.38%,MYCBP2;TPP1;CLN3;NRXN1
CLN8,GO_Biological_Process_2023,prerank,Negative Regulation Of Stress-Activated MAPK Cascade (GO:0032873),-0.35778583586658236,-0.8283017902711731,0.7508650519031141,1.0,1.0,13/37,20.70%,IGBP1;QARS1;DUSP10;SH3RF2;ZMYND11;SIRPA;TAOK3;DUSP1;ZNF675;MARVELD3;PINK1;FOXO1;DUSP19
CLN8,GO_Biological_Process_2023,prerank,Positive Regulation Of Neuron Apoptotic Process (GO:0043525),0.3741806459633997,0.8278035270238832,0.7257383966244726,1.0,1.0,7/23,19.50%,PRNP;TGFB2;NF1;CDK5;DDIT3;PCSK9;BAX
CLN8,GO_Biological_Process_2023,prerank,Phosphatidylcholine Biosynthetic Process (GO:0006656),0.3945932301016598,0.8277072185121797,0.7188940092165899,1.0,1.0,9/19,24.73%,LCAT;APOA1;LPCAT3;SLC27A1;CHKA;GPAT4;SLC44A5;SLC44A4;SLC44A1
CLN8,GO_Biological_Process_2023,prerank,Acylglycerol Biosynthetic Process (GO:0046463),-0.3942744706499542,-0.8274846687209239,0.7419962335216572,1.0,1.0,5/22,12.05%,GPAM;DGAT2;GCK;MOGAT3;GPAT3
CLN8,GO_Biological_Process_2023,prerank,Negative Regulation Of Receptor-Mediated Endocytosis (GO:0048261),0.36656083395109373,0.8271509172844967,0.7453798767967146,1.0,1.0,5/26,7.75%,APOC2;ITGB3;SDCBP;RAC1;ANKRD13B
CLN8,GO_Biological_Process_2023,prerank,Positive Regulation Of Glucose Transmembrane Transport (GO:0010828),0.35221824806456187,0.8268680699958211,0.7370689655172413,1.0,1.0,11/31,16.19%,NR4A3;IRS1;AKT1;PIK3R1;CLTCL1;CREBL2;C1QTNF12;C3;CAPN10;IGF1;SORBS1
CLN8,GO_Biological_Process_2023,prerank,Intracellular Sterol Transport (GO:0032366),-0.42250248026585047,-0.8268467984829618,0.7011070110701108,1.0,1.0,5/15,13.43%,GRAMD1A;OSBP;RELCH;GUCY2C;NPC1
CLN8,GO_Biological_Process_2023,prerank,Cardiac Muscle Tissue Development (GO:0048738),0.3238163088601926,0.8267308776545498,0.7939262472885033,1.0,1.0,6/52,5.29%,MYLK2;MSC;BMP5;KDM6B;TCAP;MYL7
CLN8,GO_Biological_Process_2023,prerank,Negative Regulation Of Epithelial Cell Apoptotic Process (GO:1904036),-0.35018252596867455,-0.8266588396104549,0.800705467372134,1.0,1.0,16/38,26.82%,GATA3;PDPK1;PRKAA2;YAP1;WFS1;MAPK7;CAST;GAS6;PAK4;MDK;TCF7L2;TNIP2;PRKAA1;ICAM1;TEK;NFE2L2
CLN8,GO_Biological_Process_2023,prerank,Carbohydrate Derivative Biosynthetic Process (GO:1901137),0.3605524206585099,0.8265935666619365,0.74235807860262,1.0,1.0,13/29,20.54%,GAL3ST2;DDR2;ST8SIA6;RRM1;B4GALT5;ALG11;GBGT1;ST3GAL4;ALG6;RRM2B;GCNT1;ST3GAL6;G6PD
CLN8,GO_Biological_Process_2023,prerank,Negative Regulation Of Protein Transport (GO:0051224),-0.3779212866881915,-0.8265014894754613,0.7432675044883303,1.0,1.0,7/25,19.61%,SNX3;RHBDF1;CSK;WWP2;CYP51A1;NDFIP2;RHBDF2
CLN8,GO_Biological_Process_2023,prerank,Positive Regulation Of Proteolysis (GO:0045862),-0.3286665262904588,-0.8263307021500698,0.7936802973977695,1.0,1.0,25/59,24.99%,CTSS;MAPK12;RHBDD1;ASPH;PACSIN3;IST1;CTSL;BTRC;FADD;CASP8;BAK1;ZC3H12A;OGT;NLRC4;SH3D19;TRIM32;PINK1;GPLD1;BAD;ADAM9;FGFR4;HDAC2;SNX9;TNIP1;CLN6
CLN8,GO_Biological_Process_2023,prerank,Mitotic G2/M Transition Checkpoint (GO:0044818),0.32791122180836324,0.8262535130760906,0.815068493150685,1.0,1.0,16/46,19.45%,TNFSF13B;CHFR;ZNF830;MRNIP;NABP1;TAOK1;PABIR1;NBN;BABAM1;UIMC1;PLK1;FZR1;CDK1;NAE1;NABP2;DONSON
CLN8,GO_Biological_Process_2023,prerank,Regulation Of Osteoblast Proliferation (GO:0033688),0.4181601616325456,0.8259176886767237,0.7152317880794702,1.0,1.0,6/16,12.03%,LTF;NELL1;FGFR2;HPSE;TNN;EIF2AK2
CLN8,GO_Biological_Process_2023,prerank,"Protein Alpha-1,2-Demannosylation (GO:0036508)",-0.4111072083494025,-0.8257983915750399,0.701048951048951,1.0,1.0,8/16,23.75%,RNF103;SYVN1;RNF139;MAN1C1;EDEM2;EDEM3;RNF185;MAN1A2
CLN8,GO_Biological_Process_2023,prerank,Regulation Of Small GTPase Mediated Signal Transduction (GO:0051056),-0.29522387136373945,-0.8256942945392671,0.8623548922056384,1.0,1.0,54/118,26.37%,ARHGAP9;TGM2;FGD5;ARHGAP30;ARHGEF4;ARHGAP31;SYDE2;ARHGEF15;RASGRF1;ARHGAP4;ARAP1;NGEF;ARHGAP28;VAV3;ARHGAP27;CD2AP;SQSTM1;GMIP;DNMBP;ITSN1;ARHGAP45;ARHGEF9;RACGAP1;SPATA13;ARHGEF10L;RASGRF2;FAM13B;ARHGAP11B;PREX1;ITGAV;CGNL1;OBSCN;FGD4;ARHGEF19;DOCK2;ARHGEF3;STARD13;ARHGEF10;ARHGAP22;DOCK8;ARHGAP32;AKAP13;ARHGAP25;SYDE1;PLEKHG1;ARHGEF25;SLIT2;ECT2;MRAP;PLEKHG4;FAM13A;ARHGAP26;NUP62;TIAM1
CLN8,GO_Biological_Process_2023,prerank,Regulation Of T Cell Activation (GO:0050863),-0.3228828396593801,-0.8255617033923565,0.7960644007155635,1.0,1.0,9/60,12.97%,CCDC88B;LGALS3;TIGIT;GNAO1;HLA-DPA1;ORC3;CCL2;CD47;SIRPA
CLN8,GO_Biological_Process_2023,prerank,Positive Regulation By Host Of Viral Transcription (GO:0043923),0.4046302394668646,0.8252422066034781,0.7056277056277056,1.0,1.0,6/16,16.71%,JUN;SMARCB1;SNW1;TFAP4;CTDP1;NUCKS1
CLN8,GO_Biological_Process_2023,prerank,Regulation Of Double-Strand Break Repair Via Homologous Recombination (GO:0010569),0.30831802863956304,0.8252297733268035,0.8266666666666667,1.0,1.0,26/71,18.53%,OOEP;RADX;PARP1;MRNIP;VPS72;PIAS4;SHLD2;MAD2L2;MBTD1;TERF2IP;ACTL6A;RAD51;KLHL15;SENP3;FUS;HELB;ERCC6;MMS19;MORF4L1;TRRAP;EPC1;USP51;HELQ;ING3;RUVBL2;TEX15
CLN8,GO_Biological_Process_2023,prerank,Cholesterol Homeostasis (GO:0042632),0.3016123617750326,0.8242914727983325,0.8627002288329519,1.0,1.0,14/72,12.96%,APOC2;PLA2G10;LCAT;MTTP;TMEM97;RALY;NR1D1;APOA1;AKR1C1;CYP39A1;DISP3;LDLRAP1;MALL;CYP7B1
CLN8,GO_Biological_Process_2023,prerank,Regulation Of Protein Kinase Activity (GO:0045859),0.28431011129007105,0.8242657167172985,0.9243498817966903,1.0,1.0,33/116,18.65%,DDR2;FGR;DEPTOR;RELN;PARK7;MRNIP;CSF1;SPDYA;MAP3K5;LRRK2;AKT1;NF1;LCP2;WARS1;TSPYL2;AZU1;ALS2;RAP2C;IQGAP1;CEP43;DBNDD2;CEACAM1;PAK2;AKT1S1;TAF7;EPHA1;TTN;CENPE;CAMK2N1;HSPB1;AXIN2;PPIA;PRKAG2
CLN8,GO_Biological_Process_2023,prerank,Negative Regulation Of Myeloid Leukocyte Differentiation (GO:0002762),-0.36935673206718855,-0.8238852755965647,0.7565217391304347,1.0,1.0,1/29,0.11%,LILRB4
CLN8,GO_Biological_Process_2023,prerank,Astrocyte Development (GO:0014002),-0.41640810140376644,-0.8238173057353771,0.7355679702048417,1.0,1.0,6/15,28.21%,MAPT;APP;CDK6;EIF2B5;PSEN1;IFNGR1
CLN8,GO_Biological_Process_2023,prerank,Neuromuscular Synaptic Transmission (GO:0007274),0.39633444559861514,0.8231269404561852,0.7031578947368421,1.0,1.0,1/18,0.17%,RIMBP3C
CLN8,GO_Biological_Process_2023,prerank,Positive Regulation Of Receptor Internalization (GO:0002092),0.3758014299069974,0.8228455723541352,0.727069351230425,1.0,1.0,5/22,11.32%,APLN;CD63;FMR1;APELA;SFRP4
CLN8,GO_Biological_Process_2023,prerank,Positive Regulation Of Monoatomic Ion Transport (GO:0043270),-0.34650434282696124,-0.8224798819180251,0.7762237762237763,1.0,1.0,15/39,25.35%,SCN3B;P2RX4;ATP2B1;P2RX7;SCN4B;SCN5A;CNKSR3;WFS1;PRSS8;ORAI1;CACNB2;GPD1L;AHCYL1;TRPC6;F2R
CLN8,GO_Biological_Process_2023,prerank,DNA Damage Response (GO:0006974),-0.2589582739117619,-0.822355892262004,0.9984076433121019,1.0,1.0,157/384,27.28%,PLK3;FBXO6;RAD51B;RMI2;BARD1;MAPK12;CCDC13;SIRT1;UBA1;ZRANB3;CIB1;IER3;ABL1;MAPT;SMC1A;APLF;UVRAG;HPF1;ZNF385A;RBM24;RFC5;RAD51C;NSMCE1;ATM;DDB1;RAD17;LIG1;INSL6;HMCES;SETD7;GTF2H3;SFN;CHEK2;UPF1;CIDEB;WRN;GRB2;VAV3;FANCA;FBH1;INO80;FEN1;HROB;TAOK3;MGMT;FSCN1;MAPK14;PRKCD;MSH2;DEPDC1B;NEK4;BAK1;BRSK1;SMC5;CHD1L;INIP;RAD51AP1;ZC3H12A;LYN;RBBP5;SMARCAL1;PAK1;RNF168;POLE3;FNIP2;TDP1;YAP1;ZDHHC16;ING2;XRCC5;XRCC2;UNG;SHPRH;RAD50;BRCA1;SPINDOC;WAC;MCM7;RAD9A;POLI;ETAA1;CUL4B;CSNK1E;MUTYH;ZBTB40;PPP4R3A;BCL2L2;FOXO1;BOK;WDHD1;RPA1;RFWD3;RTEL1;OGG1;TRIP12;MCM10;BLM;BABAM2;RECQL5;ALKBH1;POLQ;NRDE2;TRIM28;CRY1;MRE11;ERCC3;VRK1;NFATC2;WDR76;TIMELESS;MORC2;SUMO1;BCL2L1;TAF1;KMT5B;WDR48;H2AX;HDGFL2;CGAS;TICRR;POLH;DCUN1D5;CDKN2AIP;TAOK2;MAP2K6;ATRX;BAZ1B;BACH1;NPAS2;BTG2;E2F1;CASP9;TRAIP;XRCC3;EP400;ALKBH8;PDS5A;NIPBL;CBX3;ZBTB38;PPP4R3B;MACROD1;OARD1;ALKBH3;ERCC4;HINFP;APBB1;PSEN1;BRAT1;GTF2H4;POLA1;CDKN1A;UBE2A;SETX;NSMCE3;KIN;ATR
CLN8,GO_Biological_Process_2023,prerank,Nitrogen Compound Transport (GO:0071705),-0.28327207781636504,-0.8223205500680708,0.9242424242424242,1.0,1.0,47/162,19.98%,RD3;SLC26A6;SLC26A8;TCN1;LRP2;HBA1;PPT1;SFXN5;ARRDC4;CBLIF;SLC22A13;SCAMP5;MYH9;CHMP3;TOM1;RAMP3;ARRDC2;RHCE;SLC26A2;ABCC2;SLC22A3;NRG1;CEP290;SLC26A7;SLC7A1;LRRC8D;SLC7A2;LRP1B;SLC22A5;SLC22A4;SLC7A5;SLC52A3;VAMP2;DENND10;RACGAP1;SLC13A5;SLC6A3;SNX4;SCARB2;SLC38A2;SLC23A2;CHMP1B;SLC13A4;SLC7A8;CHMP2A;SLC18A2;HIKESHI
CLN8,GO_Biological_Process_2023,prerank,Phosphatidylinositol-Mediated Signaling (GO:0048015),0.3107075004785579,0.8219880976991656,0.8459869848156182,1.0,1.0,25/62,21.19%,NYAP2;IRS1;CD160;EDN1;NF1;PIK3R1;PIK3C2B;PIK3C3;IGF1;PTAFR;PLCB2;PI4KA;PIK3R2;GPR143;PLCG2;PIK3C2A;RPS6KB1;ZFP36L1;PLCH1;PLEKHA1;PIK3CB;ERBB2;PIK3CD;FGFR1;PLCB3
CLN8,GO_Biological_Process_2023,prerank,Cellular Response To Interleukin-1 (GO:0071347),0.3047518980604024,0.8219036105836915,0.8716814159292036,1.0,1.0,19/79,19.70%,GBP1;GBP3;NKX3-1;NR1D1;IKBKB;HYAL1;HAS2;HYAL2;RPS6KA5;IRAK1;NFKB1;CD40;PTGIS;RELA;MAPK3;IRAK4;MAP3K7;TRAF6;TANK
CLN8,GO_Biological_Process_2023,prerank,DNA Duplex Unwinding (GO:0032508),-0.34507610584989057,-0.8217634328435064,0.7757352941176471,1.0,1.0,20/39,28.52%,UPF1;CDC45;WRN;DHX9;RAD50;MCM5;MCM7;RTEL1;ASCC1;BLM;RECQL5;MRE11;ERCC3;IGHMBP2;DDX1;GINS3;MCM2;MCM6;PURA;SSBP1
CLN8,GO_Biological_Process_2023,prerank,Positive Regulation Of Cell Death (GO:0010942),0.3186445730836991,0.8217270918833409,0.8117647058823529,1.0,1.0,15/50,17.97%,HPR;SLC6A13;PRNP;MMP3;MAP3K5;BMP4;LRRK2;FAF1;WNT5A;RARG;PHB1;REST;CLU;FYN;AXIN2
CLN8,GO_Biological_Process_2023,prerank,Stem Cell Differentiation (GO:0048863),0.338930871452607,0.821661230035572,0.7911111111111111,1.0,1.0,13/40,18.47%,EPOP;PSMD11;TGFB2;FGFR2;ZNF281;FOXO4;SETD6;SOX21;PUM1;NELFB;UFL1;PAX2;TP53
CLN8,GO_Biological_Process_2023,prerank,Regulation Of Endothelial Cell Migration (GO:0010594),0.29767932394833446,0.8215907075897569,0.8711217183770883,1.0,1.0,23/88,15.67%,ADGRB1;ITGB3;PRCP;EDN1;SASH1;NELL1;BMP4;RAC1;SVBP;AKT1;NF1;RIN2;RHOJ;KDR;KRIT1;WNT5A;CEACAM1;GLUL;SMOC2;PROX1;EPHA2;RRAS;FUT1
CLN8,GO_Biological_Process_2023,prerank,Meiosis I (GO:0007127),-0.37951461670150477,-0.8212389196319999,0.7365591397849462,1.0,1.0,9/25,17.69%,BRDT;BRME1;BTBD18;FOXJ3;ZSCAN21;MEI1;MEIOC;ING2;ZCWPW1
CLN8,GO_Biological_Process_2023,prerank,Chondroitin Sulfate Proteoglycan Biosynthetic Process (GO:0050650),0.3920311588219386,0.8209451340858894,0.718816067653277,1.0,1.0,11/19,23.50%,CSGALNACT2;CHST11;PXYLP1;CHST15;CHST7;CHST9;CHST3;B3GAT3;UGDH;XYLT2;CHST12
CLN8,GO_Biological_Process_2023,prerank,Nuclear Chromosome Segregation (GO:0098813),-0.4055848370082654,-0.8208922854309207,0.7150735294117647,1.0,1.0,1/16,0.32%,KIF2B
CLN8,GO_Biological_Process_2023,prerank,Endosome To Lysosome Transport (GO:0008333),-0.3217358822405522,-0.82086509806068,0.8173758865248227,1.0,1.0,24/57,24.14%,PLEKHF2;UEVLD;SORT1;CACNG7;CACNG4;TPCN2;PLEKHF1;UBXN6;VPS33A;AP3D1;KIF13A;VPS18;CLEC16A;MVB12A;EPG5;RHOB;VIPAS39;ATG14;M6PR;VAMP7;HOOK1;SNAPIN;VPS41;RAB7A
CLN8,GO_Biological_Process_2023,prerank,Autophagosome Maturation (GO:0097352),0.334590321852107,0.8204295955322652,0.7853982300884956,1.0,1.0,16/44,21.79%,MAP1LC3A;VMP1;MAP1LC3C;STX17;VPS16;PIK3C3;LIX1L;VPS33B;CHMP6;VAMP8;VPS4A;CLN3;LAMP2;WIPI2;SNAP29;MAP1LC3B
CLN8,GO_Biological_Process_2023,prerank,Positive Regulation Of Cell Projection Organization (GO:0031346),-0.29297739153012803,-0.8203719763146796,0.8866328257191202,1.0,1.0,35/118,21.88%,AMIGO1;CUL7;PLXNA2;CARMIL2;PLXND1;FZD1;NTRK1;NTRK2;FBXW8;SNX3;SERPINI1;CHODL;P3H1;RAPGEF2;CAMK1;CDKL3;TOX;LYN;CUX2;RET;RAPGEF1;PLXNA3;SCARB2;METRN;PTN;STYXL1;MAP6;EPHA3;PLXNB2;MDK;DDR1;MARK2;DVL1;PTK2B;EP300
CLN8,GO_Biological_Process_2023,prerank,Negative Regulation Of G1/S Transition Of Mitotic Cell Cycle (GO:2000134),-0.3623778304392789,-0.820289198095687,0.7619047619047619,1.0,1.0,12/32,23.06%,PLK3;KLF4;CCL2;RBL2;FAM107A;E2F7;PTEN;DCUN1D3;KANK2;PKD2;RB1;CDK2AP2
CLN8,GO_Biological_Process_2023,prerank,Dephosphorylation (GO:0016311),-0.28404122499566375,-0.8202798191169084,0.9309153713298791,1.0,1.0,53/146,23.54%,TPTE;PLPP4;PTPRH;DUSP8;DUSP22;PTPN9;PTPN3;PPP2R5E;PPP4R1;ACP3;INPP5K;PTPN7;ACP6;PTPRO;DUSP26;DUSP10;PPM1A;PPP2R2A;PLPPR1;PPP3CA;BTRC;PPM1L;PLPP1;PLPP5;DUSP16;PPM1G;CTDSP2;TAB1;FRA10AC1;PTPN6;MTMR7;PPM1D;PTEN;ALPL;PTPN12;PTPN5;PTPRT;SSH1;CTDSP1;PPP4R3A;MTMR4;PLPPR3;CDC14B;PPM1H;NT5C;PTPN13;PTPN11;PTPRM;TIMM50;PPTC7;PPP2R1A;MTMR6;PPP3R1
CLN8,GO_Biological_Process_2023,prerank,Autophagosome Assembly (GO:0000045),0.312688604118561,0.8202273934638116,0.8484162895927602,1.0,1.0,23/64,19.64%,RUFY4;MAP1LC3A;VMP1;MAP1LC3C;GABARAP;TP53INP2;ATG101;EMC6;UBXN2A;RAB1A;ATG16L1;STX17;SMURF1;PIK3C3;ELAPOR1;GABARAPL1;MFN2;RB1CC1;ULK3;ATG4D;ATG4B;ATG7;WIPI2
CLN8,GO_Biological_Process_2023,prerank,Gamma-Aminobutyric Acid Signaling Pathway (GO:0007214),-0.3869811921570606,-0.8202227805603325,0.7363945578231292,1.0,1.0,6/20,19.75%,SHISA7;GABRG3;GABRA2;GABBR2;GABRG2;GPR156
CLN8,GO_Biological_Process_2023,prerank,Regulation Of Heart Contraction (GO:0008016),0.30779173001270665,0.8201715840788089,0.8400900900900901,1.0,1.0,19/69,16.67%,APLN;ATP2A1;ATP2B3;ATP2B4;SCN10A;TGFB2;ASB3;TMIGD3;SCN1B;TRPC1;APELA;KCNQ1;SLC8A3;KCNJ12;TPM1;TNNI3K;KCNE5;RNF207;HCN4
CLN8,GO_Biological_Process_2023,prerank,Regulation Of Heart Rate By Cardiac Conduction (GO:0086091),0.339474460052087,0.8201155737849161,0.7906458797327395,1.0,1.0,15/40,19.49%,CACNA1G;KCND3;KCNE2;HCN3;KCNE3;SCN1B;KCNQ1;BIN1;KCNE5;KCNH2;HCN4;CAV1;CTNNA3;PKP2;HCN1
CLN8,GO_Biological_Process_2023,prerank,Autophagosome Organization (GO:1905037),0.31502159547110453,0.820011927745966,0.8364485981308412,1.0,1.0,21/60,19.64%,RUFY4;MAP1LC3A;VMP1;MAP1LC3C;GABARAP;TP53INP2;ATG101;EMC6;UBXN2A;RAB1A;ATG16L1;ATP13A2;PIK3C3;ELAPOR1;GABARAPL1;DNAJC16;RB1CC1;ULK3;ZFYVE26;ATG7;WIPI2
CLN8,GO_Biological_Process_2023,prerank,Proteoglycan Metabolic Process (GO:0006029),-0.372215302548519,-0.8198546130015725,0.7277676950998185,1.0,1.0,11/25,22.35%,GAL3ST4;BMPR2;GAL3ST3;SULF2;CHST10;CANT1;CHST13;B3GALT6;CSGALNACT1;CHST8;FAM20B
CLN8,GO_Biological_Process_2023,prerank,Positive Regulation Of Collagen Metabolic Process (GO:0010714),-0.416458726761836,-0.8198432762103874,0.703971119133574,1.0,1.0,5/16,15.43%,RGCC;VSIR;F2;WNT4;LARP6
CLN8,GO_Biological_Process_2023,prerank,Notch Signaling Pathway (GO:0007219),-0.33980103966552616,-0.8196316767239222,0.778584392014519,1.0,1.0,19/40,26.73%,BMP2;SNAI2;NRARP;HEY2;NOTCH1;MIB1;MAML3;GMDS;SORBS2;NOTCH3;CRTC1;DLL3;HES1;APH1B;NOTCH2;POFUT1;MAML1;ZNF423;JAG1
CLN8,GO_Biological_Process_2023,prerank,Positive Regulation Of Apoptotic Signaling Pathway (GO:2001235),-0.3184275630653224,-0.8196047884164438,0.8407871198568873,1.0,1.0,19/61,24.53%,CTSS;GSDME;LTBR;LTB;PLEKHF1;CTSL;BCAP31;BCL10;FADD;TNFSF12;BOK;STYXL1;GPER1;TPD52L1;RACK1;LCK;TNFRSF12A;PYCARD;TRIM39
CLN8,GO_Biological_Process_2023,prerank,Vesicle Cytoskeletal Trafficking (GO:0099518),-0.35057770995384074,-0.8195284258908931,0.7639405204460966,1.0,1.0,16/39,24.70%,MYO1G;HTT;MYO5B;MYO5A;SYT4;CDR2L;MYO6;NDEL1;BICDL2;KIF1A;MYO1F;CCDC186;MYO1B;MYO19;MYO1C;F8A1
CLN8,GO_Biological_Process_2023,prerank,Microtubule Cytoskeleton Organization Involved In Mitosis (GO:1902850),-0.320084398983527,-0.8194386323070832,0.8475499092558983,1.0,1.0,18/59,19.64%,PLK3;RMDN1;PCNT;PTPA;DCTN6;NUDC;MECP2;STIL;RCC1;KPNB1;CEP126;SUN2;GPSM2;CKAP5;SETD2;CLASP1;TNKS;NUSAP1
CLN8,GO_Biological_Process_2023,prerank,Neuron Projection Extension (GO:1990138),-0.34564819945470004,-0.8185135111561835,0.7844202898550725,1.0,1.0,12/38,19.64%,FLRT3;SPACDR;SH3GL2;SPAG6;ULK2;SLC9A6;CDKL3;USP9X;ULK1;IMPACT;SEMA3A;AUTS2
CLN8,GO_Biological_Process_2023,prerank,Digestive Tract Morphogenesis (GO:0048546),-0.4159170339950865,-0.8178988971434368,0.7222222222222222,1.0,1.0,6/15,28.31%,SIX2;ID2;SOX11;STRA6;NIPBL;BBS7
CLN8,GO_Biological_Process_2023,prerank,mRNA Processing (GO:0006397),0.26652083512158176,0.8177511161842266,0.9821826280623608,1.0,1.0,74/211,21.40%,LSM3;TXNL4A;SNRPD3;ESS2;SNRPN;CMTR2;RALY;HNRNPA3;PRPF3;SNIP1;MBLAC1;SLU7;METTL3;RBM10;ZMAT2;IK;SNRPD2;SNRPG;PPIH;SON;LSM2;SNRPA1;RBM6;HNRNPF;SRSF5;SNRPE;SRSF8;U2AF1L4;SF3B3;SNRPD1;AQR;DDX39A;HTATSF1;SNW1;DDX5;ALKBH5;SNRNP27;PRPF38A;EIF4A3;SYF2;RNF113A;GEMIN5;RBM42;PLRG1;HNRNPA2B1;GEMIN7;SF3B1;HNRNPA0;RNPS1;DHX35;CDC5L;SCAF11;CPSF7;PRPF19;PHF5A;ZCCHC8;CPSF6;USP39;LSM4;LSM8;RPRD1B;PNN;SRSF7;DDX39B;EFTUD2;WBP4;CRNKL1;GPKOW;SRSF1;NUDT21;GPATCH1;ALYREF;HNRNPK;CWC15
CLN8,GO_Biological_Process_2023,prerank,Atrioventricular Valve Morphogenesis (GO:0003181),-0.39328623022976156,-0.8171244959494987,0.7246891651865008,1.0,1.0,6/19,12.32%,BMP2;BMPR2;SMAD6;HEY2;TGFBR2;NOTCH1
CLN8,GO_Biological_Process_2023,prerank,Negative Regulation Of Peptidyl-Serine Phosphorylation (GO:0033137),-0.39330675382446467,-0.8170253997409671,0.7335834896810507,1.0,1.0,11/19,23.23%,INPP5K;INPP5J;NCK1;CNKSR3;NCK2;MLXIPL;PTEN;DMD;RACK1;RASSF2;GPD1L
CLN8,GO_Biological_Process_2023,prerank,Positive Regulation Of Nitrogen Compound Metabolic Process (GO:0051173),0.343789504959098,0.8168946388524686,0.7494505494505495,1.0,1.0,5/33,8.55%,SLCO1C1;PLA2G10;CSF1;INHBA;AKT1
CLN8,GO_Biological_Process_2023,prerank,Regulation Of Amide Metabolic Process (GO:0034248),-0.34009516697100683,-0.8164544989337471,0.7886323268206039,1.0,1.0,18/41,23.11%,ELP4;NANOS3;MSI2;METTL18;DUS3L;METAP1;PRKCD;DDX25;MAPKAPK5;ATXN2;MSI1;ELP3;GRM5;NOLC1;ELP6;FOXO3;MTPN;EIF2S1
CLN8,GO_Biological_Process_2023,prerank,Regulation Of Protein Localization To Nucleus (GO:1900180),-0.3301870052446204,-0.8164528597474158,0.8186714542190305,1.0,1.0,13/52,16.35%,LILRB4;SUMO4;F2;CTNNA1;YWHAZ;ILRUN;JAK1;LATS1;ORMDL3;PIN1;BYSL;YAP1;NVL
CLN8,GO_Biological_Process_2023,prerank,Establishment Of Mitotic Spindle Localization (GO:0040001),-0.3523930046709259,-0.8162873649577294,0.7821428571428571,1.0,1.0,16/34,23.51%,HTT;ENKD1;GPSM1;NSFL1C;KPNB1;ZW10;GPSM2;NDEL1;NUMA1;CLASP1;MAPRE1;NUSAP1;CDK5RAP2;GJA1;SPDL1;DCTN1
CLN8,GO_Biological_Process_2023,prerank,Regulation Of Meiotic Cell Cycle (GO:0051445),0.3837230134794539,0.8157538473940487,0.7359307359307359,1.0,1.0,8/20,17.23%,SPATA22;ANAPC5;METTL3;CDC23;ANAPC16;CDC26;ANAPC13;FZR1
CLN8,GO_Biological_Process_2023,prerank,Intrinsic Apoptotic Signaling Pathway By P53 Class Mediator (GO:0072332),-0.35001275623433475,-0.8157530482998732,0.7979094076655052,1.0,1.0,12/35,21.88%,POU4F1;IFI16;SIRT1;PPP1R13B;HIPK1;MYBBP1A;TMEM109;JMY;BAG6;BOK;PHLDA3;EP300
CLN8,GO_Biological_Process_2023,prerank,Anterograde Trans-Synaptic Signaling (GO:0098916),0.2661229694894831,0.815678055443192,0.9840848806366048,1.0,1.0,51/199,19.38%,SLC18A3;HCRTR2;GRIA2;GLRA3;HRH3;CHRNE;SLC1A2;HTR4;SYT5;KCNN1;SYT10;HRH4;ASIC2;SDCBP;GABARAP;NLGN4Y;HCRTR1;GLRB;SLC12A5;GRIK1;AMPH;GRM7;CHRNA4;HTR1D;CDK5;KCNC4;CHRNB4;HTR7;CACNA1E;LPAR3;CHRM3;APEX1;CBLN1;RIT2;NLGN1;GRIK4;AKAP9;NLGN4X;GIPC1;APBA1;DLG2;CACNB1;HTR2C;PTCHD1;GRM3;CHRM5;DLG1;DLGAP1;SYN2;SYPL1;NRXN1
CLN8,GO_Biological_Process_2023,prerank,Ephrin Receptor Signaling Pathway (GO:0048013),-0.33943448478430394,-0.8151004520857587,0.8077634011090573,1.0,1.0,17/43,22.06%,EFNB1;YES1;PAK3;PTK2;RASA1;EPHB2;NGEF;EPHA7;EPHA5;LYN;PAK1;EPHA4;EFNB3;EPHA6;EPHA3;PTPN11;EFNA2
CLN8,GO_Biological_Process_2023,prerank,Hippo Signaling (GO:0035329),-0.4077823434134223,-0.8149687410876568,0.7373358348968105,1.0,1.0,8/17,20.71%,SAV1;FAT4;LATS1;YAP1;TEAD3;TEAD4;AMOTL1;TEAD2
CLN8,GO_Biological_Process_2023,prerank,Intracellular Iron Ion Homeostasis (GO:0006879),0.31721869890412735,0.8149220824580911,0.8412017167381974,1.0,1.0,14/50,18.27%,HAMP;HEPHL1;TFRC;FTH1;NDFIP1;ALAS2;HJV;ATP13A2;CCDC115;TMEM199;F3;FTL;ATP6V0D1;NUBP1
CLN8,GO_Biological_Process_2023,prerank,Regulation Of Osteoblast Differentiation (GO:0045667),0.2974089136111881,0.814853322878944,0.878345498783455,1.0,1.0,26/85,16.04%,NOG;DDR2;LTF;TWIST2;RORB;PPARG;NELL1;BMP4;SCUBE3;FGFR2;DNAI3;TP63;SEMA4D;TNN;BMPR1B;SMOC1;FBXO5;MEN1;SUCO;IFITM1;DDX5;IGF1;REST;CTNNBIP1;ZHX3;ATRAID
CLN8,GO_Biological_Process_2023,prerank,Cellular Response To Catecholamine Stimulus (GO:0071870),0.38626190942079636,0.8147642341083532,0.7009345794392523,1.0,1.0,6/19,13.67%,ADCY6;NR4A3;ATP2B4;LRRK2;KCNQ1;GNG2
CLN8,GO_Biological_Process_2023,prerank,Lamellipodium Assembly (GO:0030032),0.36420395238839876,0.8145893879114137,0.7521929824561403,1.0,1.0,7/25,18.24%,DMTN;S1PR1;RAC1;WHAMM;CCDC88A;ABLIM2;ITGB1
CLN8,GO_Biological_Process_2023,prerank,RNA-mediated Gene Silencing (GO:0031047),-0.36032837643874593,-0.8145293225448074,0.7486033519553073,1.0,1.0,11/28,22.25%,PIWIL3;TDRD1;AGO1;AGO4;FAM172A;TNRC6B;DHX9;PIWIL4;NRDE2;CNOT7;TARBP2
CLN8,GO_Biological_Process_2023,prerank,Double-Strand Break Repair (GO:0006302),-0.2785402557296937,-0.8145002779951901,0.9516994633273703,1.0,1.0,55/168,21.12%,AP5S1;RAD51B;RMI2;ACTR5;XRCC4;CIB1;RMI1;APLF;HPF1;DNA2;RAD51C;NSMCE1;ATM;SETMAR;CHEK2;TONSL;DCLRE1B;WRN;CHD4;STON1;FBH1;INO80;AUNIP;KDM2A;NPC1;FEN1;EME1;FSCN1;EXD2;DEPDC1B;SMC5;INIP;RAD51AP1;SMARCAL1;RNF168;TDP1;XRCC5;XRCC2;ZMYND8;RAD50;BRCA1;KDM4D;DCLRE1C;HMGB2;RPA1;RFWD3;SIRT6;BLM;BABAM2;RECQL5;ATP23;POLQ;TNKS1BP1;RAD52;MRE11
CLN8,GO_Biological_Process_2023,prerank,Establishment Or Maintenance Of Apical/Basal Cell Polarity (GO:0035088),0.3605408575409603,0.8144740591935757,0.7546728971962616,1.0,1.0,9/26,18.27%,CRB1;OOEP;ERBIN;MTCL1;SCRIB;LLGL1;CRB2;DLG2;DLG1
CLN8,GO_Biological_Process_2023,prerank,Cell-Cell Adhesion Via Plasma-Membrane Adhesion Molecules (GO:0098742),0.27037189566134817,0.8143657956625378,0.9852941176470589,1.0,1.0,35/170,15.59%,SELP;ESAM;CRB1;IGSF11;CLDN23;CDH26;CLDN9;CNTN6;PCDHGB4;MYOT;IL1RAPL1;CADM3;SLITRK1;NTNG1;TGFB2;DSCAML1;CDH6;PCDHGC3;ROBO3;CADM2;MPZL2;NPTN;CLDN18;FGFRL1;CXADR;L1CAM;CLDN20;CEACAM1;DCHS1;ROBO1;CLDN19;CNTN4;CBLN1;NLGN1;CDH18
CLN8,GO_Biological_Process_2023,prerank,Regulation Of Proteasomal Ubiquitin-Dependent Protein Catabolic Process (GO:0032434),0.2896103502295471,0.8141859340812386,0.9202733485193622,1.0,1.0,40/109,20.55%,CBFA2T3;DNAJB2;NKD2;PARK7;RYBP;SDCBP;SOCS5;GABARAP;PHF20L1;HSPA1A;LRRK2;TAF9;ANKIB1;PABIR1;UCHL5;DET1;ARAF;N4BP1;BAG2;COP1;ARIH2;ZER1;HSPBP1;PLK1;GIPC1;NUB1;CLU;HSP90AB1;RNF19B;UFL1;AXIN2;SMAD7;RBX1;MDM2;KEAP1;DDA1;ZYG11B;CAMLG;FHIT;BAG5
CLN8,GO_Biological_Process_2023,prerank,Neuron Projection Morphogenesis (GO:0048812),-0.2856789095925832,-0.8141720526876004,0.9371816638370118,1.0,1.0,36/146,16.93%,MNX1;ZNF335;LRP2;NOL3;FLRT3;POU4F1;SPACDR;MAP4K4;KLK8;NTNG2;PAK3;SPAG6;PACSIN1;EPHB2;S100A6;APP;ZNF365;PARD3;SLITRK3;ATL1;RAB10;SLC9A6;TRIM46;TAOK3;RAB8A;PARD6B;MEF2A;BRSK1;SHANK1;TMEM106B;SHTN1;PAK1;PLXNA3;EPHA4;IMPACT;PTEN
CLN8,GO_Biological_Process_2023,prerank,Regulation Of Neurotransmitter Secretion (GO:0046928),-0.34784035647969175,-0.8140203193318588,0.7635379061371841,1.0,1.0,15/37,24.57%,RIMS1;CPLX4;OTOF;MYOF;MCTP1;VPS18;SYT11;MEF2C;SLC38A2;PNKD;GPER1;KCNMB4;SNAPIN;PREPL;RIMS2
CLN8,GO_Biological_Process_2023,prerank,Sodium Ion Import Across Plasma Membrane (GO:0098719),-0.39335433454542584,-0.8138883976020717,0.7458256029684601,1.0,1.0,7/21,16.33%,SCNN1B;SCNN1G;SCNN1A;SLC9A9;SLC9A6;SLC8A1;TRPM4
CLN8,GO_Biological_Process_2023,prerank,Response To Cytokine (GO:0034097),0.2823697854516936,0.8136389479360695,0.9330143540669856,1.0,1.0,29/125,17.42%,CSF3;SELP;CYP27B1;ASAH2;CXCR4;CIITA;KYNU;CH25H;LIFR;REL;ALDH1A2;TAF9;LDLRAP1;EIF2AK2;IKBKE;YTHDC2;NFAT5;IRAK1;IFITM2;PID1;IFITM1;NFKB1;DDOST;NUB1;HAX1;MAP2K7;CD40;AFF3;RELA
CLN8,GO_Biological_Process_2023,prerank,MAPK Cascade (GO:0000165),-0.2956525347662741,-0.8134395014553147,0.8917525773195877,1.0,1.0,23/98,18.16%,HTR2B;MAP4K4;ZFP36;MAPK12;FGFR3;PTPN3;MAPK13;CCL2;PTPN7;RAPGEF2;SBK2;MAP2K2;NRTN;TAOK3;DUSP7;MAPK14;MEF2A;ZDHHC9;PAK1;MEF2C;DUSP6;ITGAV;SHANK3
CLN8,GO_Biological_Process_2023,prerank,Positive Regulation Of Secretion By Cell (GO:1903532),-0.30969432968494925,-0.8133811263506924,0.8605442176870748,1.0,1.0,24/73,22.67%,CD33;BMP2;RGCC;P2RX4;UNC13D;APBB3;IL1A;RAB27A;CADPS2;CD2AP;ANXA2;FRMD4A;GOLPH3L;UNC13B;BMP6;CLASP1;SOX11;GPER1;SNCA;EXOC7;STXBP5;MYH10;STX1A;ADAM9
CLN8,GO_Biological_Process_2023,prerank,Regulation Of Monoatomic Ion Transport (GO:0043269),-0.35632393907310767,-0.8133081723304064,0.7549194991055456,1.0,1.0,8/28,17.56%,KCNJ14;KCNJ13;KCNJ9;KCNJ11;NEDD4L;WWP2;PDZK1;CLDN10
CLN8,GO_Biological_Process_2023,prerank,Regulation Of Metal Ion Transport (GO:0010959),-0.34918220759771207,-0.8129920482683207,0.78719723183391,1.0,1.0,13/34,20.52%,GRIN3B;P2RX4;WNK1;CAMK2G;P2RX7;SLC30A6;CACNA2D1;NOS1;PLN;SIK1;STIM1;ORAI1;HFE
CLN8,GO_Biological_Process_2023,prerank,Response To Amino Acid Starvation (GO:1990928),-0.33703919047237874,-0.8128222696767611,0.7947826086956522,1.0,1.0,14/41,23.11%,DAPL1;LARS1;LARP1;ITFG2;RRAGC;BMT2;WDR59;IMPACT;DEPDC5;RRAGA;DAP;SESN3;PRKD1;EIF2S1
CLN8,GO_Biological_Process_2023,prerank,Organic Substance Transport (GO:0071702),-0.2724761641156862,-0.8128092208783736,0.9576988155668359,1.0,1.0,55/197,20.52%,CLN8;SLC22A16;RD3;TRPV6;SLC22A18;TCN1;SLC22A9;LRP2;PPT1;AQP3;ARRDC4;ABCB6;CBLIF;SLCO2A1;SCAMP5;CDH23;TNPO1;SLC47A1;MYH9;CACNG7;CHMP3;CHRNB2;TOM1;RAMP3;CACNB3;ARRDC2;ABCA2;CACNA2D1;SLC22A3;NRG1;CEP290;ATP2A3;PANX1;LRP1B;SLC22A5;SLC22A4;VAMP2;SLC19A1;DENND10;PKD1;SLC6A3;SNX4;SLC23A2;PLTP;CHMP1B;ATP2C1;ABCB9;RYR2;SLCO1A2;SLC47A2;CHMP2A;SLC18A2;HIKESHI;PKD2;AQP5
CLN8,GO_Biological_Process_2023,prerank,Intrinsic Apoptotic Signaling Pathway In Response To DNA Damage By P53 Class Mediator (GO:0042771),-0.39396732518239364,-0.8125423712774333,0.7711711711711712,1.0,1.0,8/19,23.81%,IFI16;SIRT1;HIPK1;TMEM109;BAG6;PHLDA3;EP300;PYCARD
CLN8,GO_Biological_Process_2023,prerank,Positive Regulation Of Transmembrane Receptor Protein Serine/Threonine Kinase Signaling Pathway (GO:0090100),0.28646803247661295,0.8123591122978062,0.9,1.0,1.0,31/94,17.93%,BMP5;FOXD1;GDF15;TNXB;SULF1;SDCBP;INHBA;SLC2A10;GDF5;PPARG;BMP8B;BMP4;TGFB2;TGFB1I1;SCUBE3;GDF6;CSNK2B;ELAPOR2;INHBC;MEN1;UBE2O;SNW1;TGFBR1;HIPK2;TWSG1;GIPC1;TTK;CRB2;HSP90AB1;RNF165;ADAM17
CLN8,GO_Biological_Process_2023,prerank,Positive Regulation Of mRNA Processing (GO:0050685),0.3658372369777292,0.8123518591849969,0.7454909819639278,1.0,1.0,6/24,14.08%,CELF3;CELF4;CLNS1A;PRDX6;DHX36;SNW1
CLN8,GO_Biological_Process_2023,prerank,Retinoid Metabolic Process (GO:0001523),0.3330160413280302,0.812217094199963,0.7857142857142857,1.0,1.0,8/39,13.84%,PLB1;NAPEPLD;RDH5;BCO1;AKR1C1;ALDH1A2;AKR1C3;ALDH1A3
CLN8,GO_Biological_Process_2023,prerank,Negative Regulation Of Phosphoprotein Phosphatase Activity (GO:0032515),-0.38809930676137694,-0.8119636369096066,0.7618213660245184,1.0,1.0,3/20,7.78%,LGALS3;PPP1R14D;PTPA
CLN8,GO_Biological_Process_2023,prerank,RNA Metabolic Process (GO:0016070),-0.28834386880742735,-0.8117755870987102,0.9184027777777778,1.0,1.0,34/111,23.13%,ELAVL4;AGO1;AGO4;PCBP2;NOL9;DDX54;EXOSC7;RNASET2;TENT2;TFIP11;SYNCRIP;WDR74;TBRG4;HNRNPUL1;CELF2;PAPOLA;ZC3H12A;DDX20;DHX9;DIS3;RBMS2;ATXN2;XRN2;RBM4;DHX8;HNRNPH1;TP53RK;PABPC4;ALKBH1;PNPT1;RNASEH2A;RBPMS;FASTKD1;ADAR
CLN8,GO_Biological_Process_2023,prerank,Regulation Of Long-Term Synaptic Potentiation (GO:1900271),0.3457899637858146,0.811724896668795,0.7899543378995434,1.0,1.0,9/31,17.93%,SLC18A3;CALB1;RELN;CALB2;ZDHHC2;CHRNA7;LGMN;NSG1;ADCY8
CLN8,GO_Biological_Process_2023,prerank,Negative Regulation Of Apoptotic Process (GO:0043066),-0.2556453253329485,-0.8115319648263811,1.0,1.0,1.0,142/467,24.35%,PLK3;CITED1;FOXB1;ANGPT4;LRP2;TBX3;CARD14;NOL3;KLF4;FCMR;POU4F1;HTR2B;PPT1;MAP4K4;KDM2B;IFI6;BARD1;MAEA;NTSR1;PROC;RNF157;SIRT1;IGBP1;CRYAB;NTRK1;RHBDD1;NTRK2;CIB1;HCK;QARS1;IER3;TDGF1;ANGPTL4;GCLC;CD44;SMAD6;PTK2;APOH;RASA1;CCL2;SNAI2;IL6ST;IL2RB;AMH;SIX1;NUAK2;CD74;YWHAZ;PTMA;SIX4;TSLP;SFN;PRKAA2;LEF1;CD38;NAA16;FLT4;CCND2;SH3RF2;NOTCH1;STIL;MAPK8IP3;TAX1BP1;MAGEA4;TYRO3;PA2G4;DAB2;NAA15;NAIP;MGMT;PRKCD;MSH2;HTATIP2;FANK1;FZD3;XBP1;ZC3H12A;DNAJC3;FKBP8;PDCD10;PAX7;VHL;AREL1;YAP1;MEF2C;SH3RF1;ANGPT1;WFS1;BAG4;CNTFR;PINK1;SPHK1;KLHL20;GRINA;MYDGF;BCL2L2;PRKCH;GAS6;FOXO1;BIRC2;YME1L1;VEGFA;ZNF304;BABAM2;HIGD1A;MDK;SNCA;CITED2;MRE11;PLAUR;WDR73;OPN3;GRN;HIGD2A;FHL2;TNFAIP8;PTK2B;PDPN;BIRC6;RETREG1;MALT1;ERBB3;AHI1;RB1;TLE1;ZFAND6;BCL2L1;CBL;UBE2Z;MED1;ATF5;PIM3;CSNK2A2;NOTCH2;ZNF16;PSMD10;HDAC2;PRKAA1;GPX1;DDRGK1;IFIT3;PRKCA
CLN8,GO_Biological_Process_2023,prerank,Regulation Of Interleukin-2 Production (GO:0032663),0.317571135142401,0.8113747215821479,0.8681818181818182,1.0,1.0,3/47,0.83%,GBP1;CD28;CLEC7A
CLN8,GO_Biological_Process_2023,prerank,Wound Healing (GO:0042060),0.29476013362529707,0.8104591048117287,0.8913525498891353,1.0,1.0,22/79,19.72%,NOG;ITGB3;PRCP;EPB41L4B;TGFB2;NF1;MYOZ1;PPL;HPSE;ARL8B;WNT5A;TPM1;TGFBR1;IGF1;EPPK1;RAF1;SYT7;PDGFA;CHMP6;PLEC;VPS4A;ERBB2
CLN8,GO_Biological_Process_2023,prerank,Positive Regulation Of Phospholipase Activity (GO:0010518),0.3822038425544514,0.8104570102513468,0.7610619469026548,1.0,1.0,8/20,17.66%,APOC2;PLA2G5;PLAA;FGFR2;ESR1;ARL1;HRAS;GNA13
CLN8,GO_Biological_Process_2023,prerank,Cardiac Conduction (GO:0061337),0.3253494885679147,0.8103942160723078,0.8387096774193549,1.0,1.0,16/45,19.49%,CACNA1G;KCND3;KCNE2;HCN3;KCNE3;SCN1B;KCNQ1;BIN1;KCNE5;KCNH2;AKAP9;HCN4;CAV1;CTNNA3;PKP2;HCN1
CLN8,GO_Biological_Process_2023,prerank,Positive Regulation Of Epidermal Cell Differentiation (GO:0045606),0.3924064320064658,0.8102702392268148,0.734065934065934,1.0,1.0,7/18,20.05%,CYP27B1;SFRP4;SULT2B1;NCOA3;MACROH2A2;NME2;MACROH2A1
CLN8,GO_Biological_Process_2023,prerank,Hepaticobiliary System Development (GO:0061008),0.3765755607656266,0.8097965378918294,0.7568710359408034,1.0,1.0,7/23,18.26%,GFER;LSR;NF1;PHF1;MET;PROX1;PCSK9
CLN8,GO_Biological_Process_2023,prerank,Regulation Of Epithelial To Mesenchymal Transition (GO:0010717),0.2961410857203003,0.8090032597150572,0.9013761467889908,1.0,1.0,30/83,20.70%,FOXA1;ZNF750;BMP5;ALX1;TNXB;SPRED2;SDCBP;TGFB2;TGFB1I1;ZNF703;SPRED3;SNAI1;EFNA1;MAD2L2;EZH2;TGFBR1;SFRP2;SDHAF2;CRB2;MCRIP1;AXIN2;GCNT2;DAG1;SMAD7;CLASP2;SPRY1;ADIPOR1;USF3;WWTR1;IL17RD
CLN8,GO_Biological_Process_2023,prerank,Calcium Ion Import Across Plasma Membrane (GO:0098703),0.3404541201148795,0.8088643967835056,0.7598152424942263,1.0,1.0,11/37,13.51%,CACNA1G;CACNA1F;SCN4A;TRPM1;SCN10A;TRPV3;CACNA1I;SLC8A3;SLC24A4;CACNA1E;SCN9A
CLN8,GO_Biological_Process_2023,prerank,Positive Regulation Of Mitochondrion Organization (GO:0010822),-0.32315970637012337,-0.8088400316448264,0.833634719710669,1.0,1.0,25/58,23.95%,MGARP;PLD6;HTT;RALA;FBXO7;CIDEB;BAK1;MFF;ZDHHC6;PGAM5;FAM162A;MCU;PINK1;BOK;MIEF1;GPER1;SPIRE1;PLAUR;PDCD5;GSK3A;CHCHD10;BAD;MARCHF5;PYCARD;CAMKK2
CLN8,GO_Biological_Process_2023,prerank,Positive Regulation Of Cysteine-Type Endopeptidase Activity Involved In Apoptotic Process (GO:0043280),0.28694373051630656,0.808838247680875,0.9322429906542056,1.0,1.0,35/109,21.00%,CLEC7A;CARD9;NKX3-1;PRR7;CARD8;ACVR1C;HMGB1;MAP3K5;PPARG;BCL2L10;AIFM1;UACA;HSPD1;FOXL2;KHDC1;DDX3X;DYNLL1;FAS;NGFR;SENP1;ROBO1;REST;ST20;EIF2AK3;NOD1;ANP32B;HIP1;EGLN3;MUL1;RPS27L;BAX;HTRA2;NDUFA13;COL4A3;HSPE1
CLN8,GO_Biological_Process_2023,prerank,Negative Regulation Of Viral Life Cycle (GO:1903901),0.37943556279571466,0.8085679693195776,0.7435344827586207,1.0,1.0,6/20,14.09%,LRRC15;CIITA;PITX3;MID2;IFITM2;IFITM1
CLN8,GO_Biological_Process_2023,prerank,Cellular Response To Ketone (GO:1901655),0.32898192673765614,0.8079955944533378,0.8190255220417634,1.0,1.0,14/44,19.02%,AQP1;ADCY6;AKR1C2;SPHK2;SCNN1D;SPP1;NCOA4;CFTR;AKR1C3;GNG2;TRERF1;ADCY8;ADCY2;ADCY5
CLN8,GO_Biological_Process_2023,prerank,Keratan Sulfate Metabolic Process (GO:0042339),-0.40958937360804626,-0.8079708914140714,0.7568058076225045,1.0,1.0,5/17,14.48%,B3GNT3;CHST5;B3GNT7;CHST1;ST3GAL2
CLN8,GO_Biological_Process_2023,prerank,Positive Regulation Of Cell Division (GO:0051781),0.32528573331368643,0.8078054433527887,0.8004385964912281,1.0,1.0,10/43,18.22%,SSTR5;NKX3-1;FGFR2;DRD3;SVIL;KIF23;CUL3;GIPC1;CDC42;KIF20B
CLN8,GO_Biological_Process_2023,prerank,Positive Regulation Of Neural Precursor Cell Proliferation (GO:2000179),-0.3635842036503873,-0.8077574374946406,0.7637655417406749,1.0,1.0,11/29,20.83%,BCAN;ZNF335;LRP2;SMARCD3;TOX;FZD3;NAP1L1;HAPLN3;VEGFA;NCAN;MDK
CLN8,GO_Biological_Process_2023,prerank,Male Gonad Development (GO:0008584),-0.33395824900966253,-0.8077305256638316,0.8123924268502581,1.0,1.0,14/45,17.60%,LHCGR;FGF9;LRP2;GATA3;TEX19;ADAM29;WNT4;SIX4;UTF1;KIT;MSH2;MEA1;ING2;AKR1B1
CLN8,GO_Biological_Process_2023,prerank,Histone H3 Acetylation (GO:0043966),0.3397861257422303,0.8076875304330837,0.8050847457627118,1.0,1.0,15/36,20.15%,LDB1;TAF9;KAT2A;KAT2B;SF3B3;ENY2;MBIP;TAF7;TAF12;WDR5;TRRAP;SUPT3H;TMEM98;MAP3K7;NAA60
CLN8,GO_Biological_Process_2023,prerank,Central Nervous System Neuron Differentiation (GO:0021953),0.34550295481437304,0.8075251946293691,0.7956521739130434,1.0,1.0,13/30,19.89%,ATP7A;TAOK1;LHX1;BRINP3;GET1;NPY;MAP2;PROX1;CBLN1;SIN3A;OPHN1;ZC4H2;DRAXIN
CLN8,GO_Biological_Process_2023,prerank,Cell-Cell Junction Organization (GO:0045216),-0.3108403493769289,-0.8073919905251743,0.8658536585365854,1.0,1.0,23/68,23.13%,CD177;CDH7;CLDN5;CDH10;CDH2;DSG2;CSK;SMAD3;FSCN1;TJP2;PARD6B;PARD6A;PKP4;CDH1;CDH8;CDH11;CDH9;MARVELD3;CDH4;TJP3;KIRREL1;TLN1;MYADM
CLN8,GO_Biological_Process_2023,prerank,Positive Regulation Of Focal Adhesion Assembly (GO:0051894),0.3857890029774958,0.807270796625611,0.7395833333333334,1.0,1.0,8/18,21.39%,NELL1;RAC1;S100A10;KDR;COL16A1;PTPRJ;TSC1;ROCK1
CLN8,GO_Biological_Process_2023,prerank,"Regulation Of Synaptic Transmission, Glutamatergic (GO:0051966)",-0.3216891966454097,-0.8071321709481838,0.851063829787234,1.0,1.0,18/55,19.22%,GRIK3;GRM2;DGKI;GRM1;CCL2;CACNG7;CDH2;CACNG4;TPRG1L;GRM4;FXR1;SYT1;MEF2C;ATP1A2;SLC38A2;SHANK3;GRM5;HOMER1
CLN8,GO_Biological_Process_2023,prerank,B Cell Proliferation (GO:0042100),0.3643579618107863,0.8068572732218466,0.7861771058315334,1.0,1.0,3/23,9.63%,CR2;CD70;HSPD1
CLN8,GO_Biological_Process_2023,prerank,Regulation Of Extrinsic Apoptotic Signaling Pathway In Absence Of Ligand (GO:2001239),0.35369334563910015,0.8068060127072295,0.786046511627907,1.0,1.0,6/27,12.09%,GDNF;INHBA;PF4;HSPA1A;EYA1;PPP2R1B
CLN8,GO_Biological_Process_2023,prerank,Vesicle Fusion (GO:0006906),-0.3039021436282337,-0.8067822100065409,0.8946428571428572,1.0,1.0,40/79,26.88%,CLTRN;SYT4;UVRAG;STXBP1;EEA1;CHMP3;BET1;TOM1;VPS33A;VPS8;VPS18;TSNARE1;RAB8A;SYT11;STX5;VAMP1;YIPF5;VAMP2;STX7;VAMP4;CHMP1B;CHMP2A;PIP4K2B;VIPAS39;SNCA;VAMP7;CHMP5;STX12;RAB13;VPS41;RAB7A;CHMP4A;STX16;RUBCNL;RAB8B;STX10;PIKFYVE;STX4;CHMP2B;VTI1A
CLN8,GO_Biological_Process_2023,prerank,Visual System Development (GO:0150063),0.3298776597649799,0.8066744828292081,0.8258064516129032,1.0,1.0,11/38,16.99%,MEIS2;MEIS1;TGFB2;BMPR1B;C3;SMOC1;ADAMTS18;SH3PXD2B;SCO2;HIPK2;RAB18
CLN8,GO_Biological_Process_2023,prerank,Regulation Of Cold-Induced Thermogenesis (GO:0120161),-0.28095974603707996,-0.8066668960446529,0.9367720465890182,1.0,1.0,50/145,27.04%,FGF21;LAMA4;ELOVL3;PRDM16;TRPV2;PPARGC1B;ZBTB7B;PTH2R;JAK2;LEP;ADRB2;CNOT3;KDM3A;MUC1;ACADL;IRF4;SYK;THRA;NOTCH1;TLE3;GPR3;STAT6;OGT;PGAM5;ALPL;ALMS1;VEGFA;SIRT6;IL18;LEPR;LPIN1;GJA1;RB1;IL15;PDGFC;ESRRG;CPT2;MAP2K6;ZNF516;IP6K1;GHRL;SCD;NR1H3;ACVR2B;ACOT13;ZNF423;TFE3;NOVA2;BSCL2;PER2
CLN8,GO_Biological_Process_2023,prerank,Regulation Of Cell Size (GO:0008361),0.3647264314812152,0.8066536655694766,0.7702702702702703,1.0,1.0,8/24,19.52%,DEPTOR;EDN1;PRR16;RAC1;RARG;ARHGAP35;VAV2;LAMTOR5
CLN8,GO_Biological_Process_2023,prerank,Potassium Ion Import Across Plasma Membrane (GO:1990573),-0.33097253387273806,-0.80659198963265,0.8578947368421053,1.0,1.0,9/42,11.60%,SLC12A3;KCNJ14;KCNJ13;KCNJ9;ATP1B3;ATP1A4;FXYD2;SLC12A6;KCNJ11
CLN8,GO_Biological_Process_2023,prerank,Actin Filament Organization (GO:0007015),-0.28249278391927274,-0.8064929779152389,0.9451114922813036,1.0,1.0,42/144,21.33%,BAIAP2L2;POF1B;CARMIL2;CORO1A;SCIN;MYO1G;WAS;RHOG;MYO5B;EFS;MYO5A;ELMO1;KASH5;TPM2;PLS1;GAS2L1;CNN2;RAC2;FAT1;PPP1R9B;CORO1B;CD2AP;ENAH;SPIRE2;ACTN1;MYO6;EMP2;AIF1;RFLNA;PRSS8;MCU;PPP1R9A;CGNL1;ACTA1;LCP1;MYO1F;SPIRE1;VILL;COBL;MYO1B;SHROOM3;CORO1C
CLN8,GO_Biological_Process_2023,prerank,Regulation Of Integrin-Mediated Signaling Pathway (GO:2001044),0.37864487522271556,0.8064225178065494,0.7318181818181818,1.0,1.0,6/19,13.81%,DMTN;SLC2A10;CD63;LAMB2;LAMA2;LIMS2
CLN8,GO_Biological_Process_2023,prerank,Myoblast Differentiation (GO:0045445),-0.3915106775500303,-0.8063572779370863,0.7612456747404844,1.0,1.0,9/19,22.46%,MAPK12;PLEKHM3;NOTCH1;NRG1;SRF;MBNL1;SDC1;TCF7L2;RB1
CLN8,GO_Biological_Process_2023,prerank,Positive Regulation Of Striated Muscle Cell Differentiation (GO:0051155),0.35983338444390506,0.8062527929588249,0.7699115044247787,1.0,1.0,10/25,20.70%,EDN1;PIEZO1;ATP11A;NIBAN2;IGF1;PROX1;MYOCD;MMP14;LMOD3;MYF6
CLN8,GO_Biological_Process_2023,prerank,Regulation Of Transcription Initiation By RNA Polymerase II (GO:0060260),0.31139131938037967,0.8061579211963981,0.841541755888651,1.0,1.0,22/57,21.90%,MED18;MED7;TAF9;MED9;MED22;ZNF451;DHX36;TAF8;MED16;MED20;TAF7;TAF12;MED10;TAF4B;MED29;TBP;MED14;ZNHIT1;MED8;TAF3;MED19;CDK4
CLN8,GO_Biological_Process_2023,prerank,Negative Regulation Of Cysteine-Type Endopeptidase Activity Involved In Apoptotic Process (GO:0043154),-0.32853545964696396,-0.8060092765022119,0.8290909090909091,1.0,1.0,15/49,21.13%,NOL3;KLF4;BCL2L12;IFI6;IGBP1;CD44;SFN;PIH1D1;RNF34;NAIP;SH3RF1;GAS6;VEGFA;SNCA;PLAUR
CLN8,GO_Biological_Process_2023,prerank,Positive Regulation Of Cartilage Development (GO:0061036),-0.3922440486581934,-0.8059838912916591,0.7548500881834215,1.0,1.0,3/17,4.54%,BMP2;BMPR2;ZBTB16
CLN8,GO_Biological_Process_2023,prerank,DNA Catabolic Process (GO:0006308),0.38841650234474456,0.8057348962287573,0.7745535714285714,1.0,1.0,7/19,17.38%,DNASE1L1;DFFB;FOXL2;DNASE2;MUS81;ENDOG;CECR2
CLN8,GO_Biological_Process_2023,prerank,Regulation Of Protein Secretion (GO:0050708),-0.2933727566839987,-0.8056590143850578,0.9003378378378378,1.0,1.0,28/102,23.08%,CD33;APBB3;GCK;IL1A;RHBDF1;SLC8B1;P3H1;ENSA;GIP;KCNJ11;GIPR;SNAP25;CD2AP;FRMD4A;CYP51A1;ARFIP1;GOLPH3L;UNC13B;BMP6;RHBDF2;SIRT6;EXOC7;STXBP5L;STXBP5;MYH10;STX1A;ADAM9;LLGL2
CLN8,GO_Biological_Process_2023,prerank,Response To Glucocorticoid (GO:0051384),0.35684448174125755,0.8054849107109838,0.7700892857142857,1.0,1.0,9/26,19.59%,SSTR5;SLIT1;CALCR;GOT1;REST;BCL2L11;UBE2L3;ZFP36L1;ZFP36L2
CLN8,GO_Biological_Process_2023,prerank,Cellular Response To Mechanical Stimulus (GO:0071260),0.31970306027542617,0.8051473955145136,0.8343685300207039,1.0,1.0,9/48,14.18%,TLR8;AQP1;IRF1;MAP3K1;PIEZO1;PIEZO2;TNFRSF10A;FAS;NFKB1
CLN8,GO_Biological_Process_2023,prerank,Neural Tube Development (GO:0021915),-0.402702017837749,-0.8049407488690457,0.7255639097744361,1.0,1.0,9/17,28.51%,STIL;WDPCP;GRHL2;PKD1;PKD2;DVL1;DACT1;FUZ;TGFB1
CLN8,GO_Biological_Process_2023,prerank,Regulation Of Receptor Signaling Pathway Via JAK-STAT (GO:0046425),0.31389363588725794,0.8045357006753584,0.8608490566037735,1.0,1.0,10/52,18.20%,PRL;MST1;TYK2;TP53INP2;PTPN2;OCIAD1;BCL3;DOT1L;HGS;CAV1
CLN8,GO_Biological_Process_2023,prerank,Protein Mannosylation (GO:0035268),-0.37644690325733404,-0.8045136663926046,0.773308957952468,1.0,1.0,10/21,27.77%,DPY19L2;FKRP;DPY19L4;RXYLT1;CRPPA;DPM1;DPM3;TMTC1;LARGE1;TMTC3
CLN8,GO_Biological_Process_2023,prerank,Detection Of Visible Light (GO:0009584),-0.4022830169675703,-0.8043313534570253,0.7412844036697248,1.0,1.0,4/17,10.22%,GNAT2;RP1;CNGB1;CACNA2D4
CLN8,GO_Biological_Process_2023,prerank,Vesicle-Mediated Transport To The Plasma Membrane (GO:0098876),-0.2986801037272443,-0.8039124390723191,0.8856152512998267,1.0,1.0,38/81,26.88%,COMMD1;ARL3;EXOC8;SNX3;RAB35;WASH2P;RAB10;EXOC6;MICALL1;RAB11FIP4;VPS26A;VPS50;SNX27;EXOC5;EHD2;VPS53;SNX4;VAMP4;LMTK2;EXOC4;DENND1A;PTPN23;GGA1;VPS51;WASHC1;MICALL2;EXOC7;STX12;RAB13;SEC16A;VPS35L;WIPF3;STX16;ANKRD27;RAB11FIP3;SNF8;ENTR1;VTI1A
CLN8,GO_Biological_Process_2023,prerank,Midbody Abscission (GO:0061952),-0.4118334142297135,-0.8039053127118052,0.7591911764705882,1.0,1.0,8/15,26.55%,CHMP3;PDCD6IP;CHMP1B;CHMP2A;CHMP5;CHMP4A;MITD1;CHMP2B
CLN8,GO_Biological_Process_2023,prerank,Positive Regulation Of Protein Kinase B Signaling (GO:0051897),0.2869445687748887,0.803709873775254,0.9280575539568345,1.0,1.0,31/93,20.52%,CSF3;AKR1C2;GDF15;PARK7;CALCR;MC1R;RASD2;HPSE;AKR1C3;IAPP;PHB1;F10;TGFBR1;IGF1;AXL;HAX1;CPNE1;PDGFA;NTS;HSP90AB1;HIP1;GCNT2;RICTOR;ITGB1;TXN;RTN4;PTPRJ;PIK3CB;HSP90AA1;PIK3CD;FGFR1
CLN8,GO_Biological_Process_2023,prerank,Positive Regulation Of Epithelial Cell Migration (GO:0010634),0.2884654681183888,0.8035760630603701,0.9256594724220624,1.0,1.0,32/95,20.10%,VIL1;ITGB3;EDN1;SASH1;EPB41L4B;NELL1;BMP4;RAC1;TGFB2;AKT1;HYAL1;CAPN7;RIN2;KDR;WNT5A;CTSH;PFN1;MAPRE2;INSL3;SMOC2;PROX1;RRAS;FUT1;PLCG2;FOXP1;ARF6;EMC10;RTN4;DOCK5;CLASP2;PIK3CB;PIK3CD
CLN8,GO_Biological_Process_2023,prerank,Regulation Of Lipid Metabolic Process (GO:0019216),0.3091066734319202,0.803501357658988,0.8452914798206278,1.0,1.0,18/54,20.34%,APOC2;ZFP69;NR1D1;PPARG;RNF213;DISP3;ABCA7;MID1IP1;NCOA2;LACTB;TM6SF2;GPS2;PLCG2;CAV1;PRKAG2;NPC2;MACROH2A1;ADIPOR1
CLN8,GO_Biological_Process_2023,prerank,Negative Regulation Of Reproductive Process (GO:2000242),-0.3844482926260572,-0.803442288969945,0.7828571428571428,1.0,1.0,6/20,16.20%,ARHGDIB;SEMG1;AMH;NPPC;NODAL;DUSP1
CLN8,GO_Biological_Process_2023,prerank,Protein K48-linked Deubiquitination (GO:0071108),0.3628506945187895,0.8033655772635498,0.7788018433179723,1.0,1.0,8/24,15.63%,USP33;OTUB1;USP50;USP8;VCPIP1;OTUD4;RNF2;OTUD7B
CLN8,GO_Biological_Process_2023,prerank,Carboxylic Acid Transport (GO:0046942),0.31298972041503875,0.8032567631433355,0.8440366972477065,1.0,1.0,5/53,3.22%,SLC16A11;SLC7A4;SLC7A10;SLC6A12;SLC6A13
CLN8,GO_Biological_Process_2023,prerank,Positive Regulation Of Cell Junction Assembly (GO:1901890),0.3071902764562981,0.8030740480610017,0.841991341991342,1.0,1.0,22/61,21.39%,IL1RAPL1;SLITRK1;NELL1;RAC1;S100A10;KDR;FLOT1;CNTNAP2;SYNDIG1;COL16A1;CLDN19;EPHA2;NLGN1;CLSTN2;CLSTN3;EPHB1;CAV1;PTPRJ;NRXN1;NLGN3;TSC1;ROCK1
CLN8,GO_Biological_Process_2023,prerank,"Wound Healing, Spreading Of Cells (GO:0044319)",-0.3730057292557498,-0.8029083203408451,0.7978723404255319,1.0,1.0,10/25,21.96%,CARMIL2;LRG1;CD44;PDCD10;COL5A1;CCNA2;PLET1;LCP1;DDR1;PDPN
CLN8,GO_Biological_Process_2023,prerank,Sulfur Amino Acid Metabolic Process (GO:0000096),-0.39993680903323714,-0.8028905457232955,0.7456445993031359,1.0,1.0,7/17,18.64%,GCLC;CTH;CDO1;MTHFD1;CPS1;MTR;MTHFR
CLN8,GO_Biological_Process_2023,prerank,Metanephros Development (GO:0001656),0.3650290959851866,0.8027920495165721,0.7713004484304933,1.0,1.0,6/25,12.28%,FOXD1;GDNF;BMP4;NF1;GDF6;CTSH
CLN8,GO_Biological_Process_2023,prerank,Pulmonary Valve Morphogenesis (GO:0003184),-0.39740357094054435,-0.8027888889322818,0.7439703153988868,1.0,1.0,5/18,14.25%,GJA5;SMAD6;HEY2;NOTCH1;SMAD2
CLN8,GO_Biological_Process_2023,prerank,Negative Regulation Of Double-Strand Break Repair (GO:2000780),-0.34371939687570563,-0.8024066587056181,0.7836812144212524,1.0,1.0,12/33,20.68%,RMI2;SMCHD1;INSL6;TFIP11;FBH1;AUNIP;PARPBP;FANCB;OTUB2;MAGEF1;OGG1;POLQ
CLN8,GO_Biological_Process_2023,prerank,Positive Regulation Of Cytokinesis (GO:0032467),0.3315252928797301,0.8023109052295381,0.7945205479452054,1.0,1.0,8/39,18.22%,SSTR5;DRD3;SVIL;KIF23;CUL3;GIPC1;CDC42;KIF20B
CLN8,GO_Biological_Process_2023,prerank,Negative Regulation Of Proteolysis Involved In Protein Catabolic Process (GO:1903051),0.3625519456129749,0.8022191511450805,0.7632743362831859,1.0,1.0,11/25,19.69%,EFNA1;RPS7;RPL5;RPL17;HIPK2;PSME3IP1;HSP90AB1;PDCL3;CSNK2A1;SGTA;OPHN1
CLN8,GO_Biological_Process_2023,prerank,Membrane Protein Proteolysis (GO:0033619),-0.343814327464596,-0.8022037321377588,0.8088235294117647,1.0,1.0,11/34,23.45%,NAPSA;RHBDD1;MYH9;BACE1;TMPRSS6;RET;RBMX;PSENEN;ADAM9;HM13;APH1B
CLN8,GO_Biological_Process_2023,prerank,miRNA Metabolic Process (GO:0010586),-0.4113079489861794,-0.8020182306998259,0.7438330170777988,1.0,1.0,4/15,18.01%,TENT4B;ZC3H12A;TUT7;SND1
CLN8,GO_Biological_Process_2023,prerank,"Retrograde Transport, Endosome To Golgi (GO:0042147)",-0.2925221628413062,-0.8020083984217238,0.8967297762478486,1.0,1.0,42/92,26.88%,SLC66A2;TBC1D10C;RBSN;SNX3;RAB29;WASH2P;YKT6;RAB6A;BLTP3B;STX5;VPS26A;MAGEL2;VPS26B;VPS50;VPS53;VPS54;HEATR5A;CLN5;GGA1;VPS51;LMAN1;WASHC1;TRIM27;TMEM87A;TBC1D10B;RAB6B;SURF4;DCTN1;PREPL;RAB9A;RAB7A;RAB43;CLTC;WIPF3;TBC1D14;STX16;SPAG9;STX10;PIKFYVE;PLEKHJ1;TBC1D5;VTI1A
CLN8,GO_Biological_Process_2023,prerank,Negative Regulation Of Binding (GO:0051100),0.2909296039986814,0.8019803437624416,0.920814479638009,1.0,1.0,27/86,18.81%,CYP2D7;DNAJB2;TTBK1;IFIT1;TMBIM6;PARK7;JUN;USP33;LRRK2;SUMO3;PPP1CA;AKT1;AURKB;DDX11;ZFPM1;STYX;GTF2F1;BAG2;TFAP4;CTNNBIP1;PSME3IP1;CPNE1;SYMPK;CAV1;PEX14;SORL1;GNL3L
CLN8,GO_Biological_Process_2023,prerank,Positive Regulation Of Monocyte Chemotaxis (GO:0090026),-0.4010527459776818,-0.8018630793273634,0.7417102966841187,1.0,1.0,2/18,9.21%,CXCL12;PLA2G7
CLN8,GO_Biological_Process_2023,prerank,"DNA Damage Response, Signal Transduction By P53 Class Mediator (GO:0030330)",0.33731470772099786,0.8017483191985258,0.7933333333333333,1.0,1.0,14/36,19.49%,PRAP1;TRIAP1;GTSE1;RPL26;MDM4;NBN;TFAP4;BCL3;HIPK2;RPS6KA6;TP53;MDM2;FOXM1;RPS27L
CLN8,GO_Biological_Process_2023,prerank,Cortical Actin Cytoskeleton Organization (GO:0030866),0.37888972267334875,0.8016119668535052,0.7814569536423841,1.0,1.0,6/19,18.27%,FMNL1;IKBKB;FHOD1;FHOD3;LLGL1;DLG1
CLN8,GO_Biological_Process_2023,prerank,Negative Regulation Of Amide Metabolic Process (GO:0034249),-0.29111934809331735,-0.8015497056902153,0.929701230228471,1.0,1.0,44/93,26.00%,TIA1;NANOS3;ENC1;NTRK2;ZAR1L;NHLRC1;IFRD2;CNOT1;SHMT1;TRIM3;LSM14A;CPEB3;LARP1;IGF2BP2;SYNCRIP;RNF139;FXR1;GIGYF2;ORMDL3;PIN1;EPHA4;ILF3;SPHK1;RBM4;DDX6;DHFR;TRIM2;DAPK1;NANOS1;IGF2BP1;PAIP2B;RACK1;TYMS;SERBP1;PUS7;NHLRC3;ORMDL1;CALR;CNOT9;BTG2;ZNF540;MALSU1;IGFBP5;LIN28A
CLN8,GO_Biological_Process_2023,prerank,Regulation Of Macrophage Activation (GO:0043030),0.34668122598470413,0.8015138233084488,0.8084632516703786,1.0,1.0,4/31,11.74%,PLA2G10;EHHADH;HSPD1;WNT5A
CLN8,GO_Biological_Process_2023,prerank,Positive Regulation Of Transcription From RNA Polymerase II Promoter In Response To Stress (GO:0036003),-0.4027807145367378,-0.8013921394456398,0.7584269662921348,1.0,1.0,6/17,26.99%,MUC1;MAPK7;VEGFA;ATF6B;NFE2L2;ATF6
CLN8,GO_Biological_Process_2023,prerank,Protein Targeting To Mitochondrion (GO:0006626),0.31008904980916385,0.801148704049315,0.8459821428571429,1.0,1.0,21/59,19.68%,TOMM20L;AIFM1;PAM16;TIMM13;TIMM29;TOMM40L;IMMP2L;HSPD1;TIMM17B;TOMM7;DNAJC15;MTX1;TIMM23B;DNLZ;TSPO;MFN2;PITRM1;GDAP1;HSPA4;PMPCB;HSP90AA1
CLN8,GO_Biological_Process_2023,prerank,Negative Regulation Of Type I Interferon Production (GO:0032480),-0.33943149320219335,-0.8010715855899995,0.801125703564728,1.0,1.0,13/38,21.98%,XAF1;ILRUN;GPATCH3;RNF216;SIRPA;MORC3;OTUD5;IRGM;CACTIN;TRIM27;RELB;ATG12;PTPN11
CLN8,GO_Biological_Process_2023,prerank,Regulation Of DNA Biosynthetic Process (GO:2000278),-0.3453204417261887,-0.8009892570216639,0.8066202090592335,1.0,1.0,16/34,27.06%,RGCC;BMPR2;PDGFRB;ATM;HMBOX1;TNKS;MEAF6;FGF2;FGFR4;KAT7;ING4;PDGFB;SMG5;JADE3;JADE2;CDKN1A
CLN8,GO_Biological_Process_2023,prerank,B Cell Mediated Immunity (GO:0019724),-0.4113826568022878,-0.8009540391869217,0.7369402985074627,1.0,1.0,5/15,13.86%,SLA2;HLA-G;IL2RB;CD74;MSH2
CLN8,GO_Biological_Process_2023,prerank,Innate Immune Response-Activating Signaling Pathway (GO:0002758),-0.3976572058397396,-0.8008998096269513,0.75,1.0,1.0,7/16,23.81%,HCK;NAIP;INAVA;NLRC4;NLRP1;CGAS;PYCARD
CLN8,GO_Biological_Process_2023,prerank,Sensory Perception Of Light Stimulus (GO:0050953),0.28179277809457215,0.8008580282210308,0.9415730337078652,1.0,1.0,32/102,18.72%,VAX2;MYO7A;USH1G;CACNA1F;SLC4A10;IMPG2;GUCA1B;TRPM1;CRYGB;EML2;ROM1;OAT;ZIC2;OPA1;TULP1;CRYGD;SFRP5;CRYBB1;ATXN7;DRAM2;AOC2;BEST1;GPR143;RP2;PRKRA;EFEMP1;GUCA1A;MYO9A;PAX2;ADGRV1;POU6F2;GRM8
CLN8,GO_Biological_Process_2023,prerank,Positive Regulation Of Protein Modification By Small Protein Conjugation Or Removal (GO:1903322),0.298355865061548,0.8005078201803761,0.8915929203539823,1.0,1.0,28/78,19.70%,BIRC3;MYCBP2;NDFIP1;LRRK2;PIAS3;RASD2;FKBP1A;TBC1D7;GNL3;PIAS4;DERL1;FBXO4;SPRTN;CUL3;HDAC3;HSPBP1;UBA2;RWDD3;CENPX;UBE2L3;CAV1;SMAD7;PTTG1IP;UBE3A;DCUN1D2;MUL1;TRAF6;TANK
CLN8,GO_Biological_Process_2023,prerank,rRNA Metabolic Process (GO:0016072),0.29196125355025104,0.8004185219072973,0.8917050691244239,1.0,1.0,36/91,20.96%,GTF3A;NOC4L;WDR55;WDR18;SBDS;DKC1;POP4;LYAR;RPS24;RPL26;SLFN13;DDX47;RPS7;RPL5;EXOSC10;RPS6;RPL27;RPL35A;ESF1;RPS16;MRM2;NOP56;RPS25;MARS1;NIFK;POLR1G;RPS15;SPPL2B;ZFP36L1;SIRT7;RPS28;IGF2BP3;PIN4;RPS19;EXOSC4;EXOSC9
CLN8,GO_Biological_Process_2023,prerank,Regulation Of Mitotic Cell Cycle Phase Transition (GO:1901990),-0.29910753089802206,-0.8002720755167516,0.8846815834767642,1.0,1.0,29/86,22.04%,NPM2;CDKN2B;RGCC;SMARCE1;SIRT2;SMARCD3;DDB1;ARID2;ANLN;NEK11;ACTL6B;CDK2;PPP1R9B;INO80;PKD1;ZW10;KCNH5;HECW2;PTPN6;SMARCA2;ID2;DPF3;KLHL18;CDC14B;MAP3K20;PBRM1;ERCC3;APPL1;CDK6
CLN8,GO_Biological_Process_2023,prerank,Establishment Of Vesicle Localization (GO:0051650),-0.390620901670266,-0.8000689567931332,0.7613019891500904,1.0,1.0,11/18,26.33%,SYNJ1;RAB27A;SYT11;KIF5A;TESK1;SNAPIN;SPG11;RAB11A;DNM2;F8A1;KIF5C
CLN8,GO_Biological_Process_2023,prerank,Embryonic Organ Morphogenesis (GO:0048562),0.3274679175585957,0.8000277645207501,0.8058035714285714,1.0,1.0,9/43,18.40%,ALX1;DSCAML1;MFAP2;FGFR2;RARG;ALDH1A3;MEGF8;EFEMP1;PPP1R35
CLN8,GO_Biological_Process_2023,prerank,Regulation Of Programmed Cell Death (GO:0043067),0.2679827693622963,0.7999921112004053,0.9775561097256857,1.0,1.0,60/179,19.88%,BIRC3;TNFSF9;BIK;SGK1;BEX1;ALPK2;BMP4;VPS72;LRRK2;ETFA;DFFA;AKT1;ZDHHC17;GLS2;USP42;FAS;USP36;RARG;CDK5;MBTD1;PHB1;RSL1D1;AKT1S1;ACTL6A;DAPK3;REST;APEX1;TNFRSF25;TARDBP;BCL3;PRDX2;RAF1;DPP8;MORF4L1;HAX1;CLU;MECOM;TRRAP;EPC1;BCL2L11;TM7SF3;NME2;FYN;ING3;PSMC5;ANP32B;HIP1;TRAF2;NAE1;PAX2;RUVBL2;TP53;NME1;DAPK2;RTN4;BAX;ACTN3;STK26;HSP90AA1;OMA1
CLN8,GO_Biological_Process_2023,prerank,acetyl-CoA Metabolic Process (GO:0006084),0.39635097015107035,0.7997321519692298,0.7258771929824561,1.0,1.0,6/16,17.91%,DIP2A;MVD;NUDT7;MLYCD;ACACB;ACSS2
CLN8,GO_Biological_Process_2023,prerank,Late Endosome To Lysosome Transport (GO:1902774),-0.41018203785796714,-0.7993216504748599,0.7596330275229358,1.0,1.0,7/15,26.55%,CHMP3;CHMP1B;CHMP2A;CHMP5;VPS41;CHMP4A;CHMP2B
CLN8,GO_Biological_Process_2023,prerank,Microtubule Polymerization (GO:0046785),-0.3423122532106441,-0.7992927802734282,0.815742397137746,1.0,1.0,16/34,25.68%,TPPP;TPPP3;MAPT;SLAIN1;HDGFL3;PIN1;CKAP5;NDEL1;CLASP1;CSNK1D;GOLGA2;TUBGCP6;TUBGCP4;TUBGCP3;TUBGCP5;ZNF207
CLN8,GO_Biological_Process_2023,prerank,Regulation Of Cytokine-Mediated Signaling Pathway (GO:0001959),-0.3362731992202503,-0.7991310763895977,0.8256880733944955,1.0,1.0,14/40,21.98%,HIPK1;IRAK2;CD74;TSLP;SYK;CASP8;IRAK3;ULK1;PTPN6;SPHK1;SIGIRR;GAS6;IGF2BP1;PTPN11
CLN8,GO_Biological_Process_2023,prerank,Protein Localization To Plasma Membrane (GO:0072659),-0.28026033398925654,-0.7989698537921611,0.9451114922813036,1.0,1.0,51/132,24.34%,PRAM1;KCNB2;ZDHHC22;SCN3B;MYO5A;RAB3C;ATP1B3;FLOT2;SPTBN1;PACSIN1;INPP5K;STXBP1;PLEKHF1;RAMP3;CACNB3;RAPGEF2;FCHO2;RAB10;WDR72;TMED2;RAB8A;CRB3;KCNIP4;CDH1;NECTIN3;DPP6;EMP2;DPP10;EHD2;PDZK1;GORASP1;GAS6;PRPH2;LRPAP1;PALS1;TESC;CACNB2;RAP2A;C2CD5;ACTN2;TTC7B;RAB13;ROCK2;SEC16A;ZDHHC3;RAPGEF6;ZFYVE27;PSMD10;PIGW;EPB41L3;RAB11A
CLN8,GO_Biological_Process_2023,prerank,Negative Regulation Of Mitotic Metaphase/Anaphase Transition (GO:0045841),0.35201714996884564,0.7989687130393551,0.7797356828193832,1.0,1.0,11/28,18.53%,CENPF;ZWINT;TPR;IK;MAD2L2;FBXO5;SPC25;PLK1;NDC80;TTK;KNTC1
CLN8,GO_Biological_Process_2023,prerank,Receptor Signaling Pathway Via STAT (GO:0097696),-0.34963800632913034,-0.7987329162067331,0.8167259786476868,1.0,1.0,12/31,25.42%,THPO;JAK2;JAK1;STAT6;PKD1;PIAS1;PKD2;STAT5A;GHR;IFNAR1;MYO1C;JAK3
CLN8,GO_Biological_Process_2023,prerank,Heme Biosynthetic Process (GO:0006783),0.38928797633707046,0.7985626638070396,0.7415966386554622,1.0,1.0,10/19,21.33%,ALAS2;ATP5IF1;UROS;HMBS;COX15;TSPO;PGRMC1;ALAS1;SLC25A38;FXN
CLN8,GO_Biological_Process_2023,prerank,Amino Acid Import Across Plasma Membrane (GO:0089718),-0.361820476736302,-0.7978423443104317,0.7735849056603774,1.0,1.0,9/27,21.26%,SLC47A1;SLC7A1;SLC7A2;SLC22A4;SLC7A5;SLC6A9;SLC38A2;SLC7A8;SLC38A4
CLN8,GO_Biological_Process_2023,prerank,Regulation Of Fibrinolysis (GO:0051917),0.3875808554796208,0.7977247821979442,0.7371937639198218,1.0,1.0,4/16,13.02%,THBD;SERPINF2;USF1;F12
CLN8,GO_Biological_Process_2023,prerank,Positive Regulation Of Vascular Endothelial Growth Factor Production (GO:0010575),-0.3656744409750562,-0.7976991552518863,0.7707581227436823,1.0,1.0,6/24,17.21%,IL1A;IL6ST;FLT4;SULF2;NODAL;BRCA1
CLN8,GO_Biological_Process_2023,prerank,Lysosomal Transport (GO:0007041),-0.28676167953411624,-0.7974320907630826,0.9199288256227758,1.0,1.0,45/103,26.83%,SLC30A2;PLEKHF2;UEVLD;SPTBN5;RBSN;SORT1;CHMP3;PLEKHF1;VPS33A;LRP1;KIF13A;NPC1;VPS18;IGF2R;TMEM106B;CLEC16A;VPS53;SCARB2;PINK1;CHMP1B;AP4M1;VPS54;CHMP2A;VPS51;EPG5;RHOB;VIPAS39;ATG14;M6PR;AP1G1;VAMP7;GRN;AP3M1;CHMP5;HOOK1;SNAPIN;VPS41;RAB7A;LAMP1;CHMP4A;PRKN;HOOK3;CHMP2B;FHIP1B;NEDD4
CLN8,GO_Biological_Process_2023,prerank,Cardiac Epithelial To Mesenchymal Transition (GO:0060317),-0.3852216227232011,-0.797351373324988,0.7599243856332704,1.0,1.0,8/19,20.35%,BMP2;TBX3;SNAI2;HEY2;NOTCH1;OLFM1;FGF8;ENG
CLN8,GO_Biological_Process_2023,prerank,Double-Strand Break Repair Via Homologous Recombination (GO:0000724),-0.28719390901444397,-0.7972306431979399,0.9328493647912885,1.0,1.0,36/111,21.12%,AP5S1;RAD51B;RMI2;RMI1;RAD51C;NSMCE1;RAD21L1;TONSL;CDC45;WRN;CHD4;STON1;FBH1;INO80;AUNIP;NPC1;FEN1;FSCN1;EXD2;SMC5;INIP;RAD51AP1;FANCB;XRCC2;ZMYND8;MCM5;BRCA1;KDM4D;MCM7;XRCC1;RPA1;RFWD3;BLM;RECQL5;RAD52;MRE11
CLN8,GO_Biological_Process_2023,prerank,Monoatomic Anion Transmembrane Transport (GO:0098656),0.30277126722184955,0.7972235339938938,0.8761261261261262,1.0,1.0,22/54,23.86%,GLRA3;GABRE;LRRC8C;GLRB;LRRC8E;SLC12A5;ANO3;SLC12A9;CFTR;SLC12A1;ANO7;ANO10;GABRA3;ANO5;GABRA5;SLC1A1;SLC4A8;SLC26A9;GABRG1;GLRA1;SLC12A8;ANO4
CLN8,GO_Biological_Process_2023,prerank,Inositol Lipid-Mediated Signaling (GO:0048017),-0.34678988475272804,-0.7970426658964183,0.8215547703180212,1.0,1.0,7/33,15.00%,TNFAIP8L3;OCRL;PDGFRB;PI4KB;PLCB4;INPP5A;OGT
CLN8,GO_Biological_Process_2023,prerank,Negative Regulation Of Macromolecule Metabolic Process (GO:0010605),-0.26625711951556225,-0.7965422105253886,0.9847198641765704,1.0,1.0,74/186,24.64%,BMP2;KLF4;POU4F1;DGKQ;DNMT1;PARP10;SH3GL2;SIRT1;NOCT;MAPT;CLDN5;FLOT2;STOX1;AMH;UPK3B;WNT4;HEY2;PRKAR1A;RBL2;CRKL;KDM4A;APP;MECP2;PRKAA2;PARP14;NOTCH1;CHD4;OVOL2;LRP1;SMAD3;WWP2;ZC3H12A;SLC7A5;PDCD10;VHL;NDFIP2;TLE5;CCDC3;YAP1;MEF2C;PINK1;CD46;ID2;PARP15;ADAM10;OLFM1;STC2;SORD;SOX11;VEGFA;MARK1;LDLR;GPER1;ENG;RACK1;CITED2;ITGB8;CNOT7;CNPY2;FGF2;SETDB1;RB1;SMCR8;TAF1;ROCK2;MYADM;LRP3;SMO;NOTCH2;PRKAA1;DDRGK1;FGF19;TIPARP;PICALM
CLN8,GO_Biological_Process_2023,prerank,Macroautophagy (GO:0016236),-0.2863642185859753,-0.7964071701886211,0.926829268292683,1.0,1.0,47/103,26.88%,GABARAPL2;HDAC10;VPS37B;VPS37C;UVRAG;CHMP3;CALCOCO2;TOM1;UBXN6;EI24;ILRUN;VPS33A;KLHL3;SQSTM1;VPS28;VHL;ULK1;PGAM5;NBR1;MVB12A;STAM2;CHMP1B;IRGM;MTMR14;ATG16L2;CHMP2A;PIP4K2B;EPG5;VIPAS39;ATG14;ATG10;VAMP7;ATG12;CHMP5;VPS41;SPG11;YOD1;CALR;CHMP4A;PRKN;RUBCNL;ZFYVE1;SNF8;VPS36;TBC1D5;CHMP2B;VTI1A
CLN8,GO_Biological_Process_2023,prerank,Nervous System Development (GO:0007399),-0.2514533393348628,-0.7962487237784969,1.0,1.0,1.0,143/431,24.74%,CLN8;PCDHB13;PCDHB9;RITA1;JRKL;MNX1;FLRT3;SCIN;POU4F1;ATOH1;PPT1;ZEB2;ZBTB16;PPP1R17;MDGA1;PCDHB16;SH3GL2;SERF1A;SMPD1;PLXND1;NOTO;ENC1;IGSF8;EGR2;BTBD6;FGF14;SPTBN1;NRSN1;FBXL17;SERPINI1;SEMA6A;CSPG5;CDH2;MSI2;ARTN;EPHB2;SCN8A;BRINP2;APP;FAT4;RNF103;RAPGEFL1;TRIM3;RAB29;PCDHB3;TIMM8A;ACTL6B;ADGRA2;STIL;PLPPR1;LIMK1;IGF2BP2;SH3GL1;TYRO3;NRG1;NRTN;NAIP;CRIM1;SLC2A1;DNM3;MBNL1;CDH1;WDPCP;GRHL2;PKD1;NAV1;SCN2A;ZMYND8;MEF2C;NINJ2;CXCL1;MTR;UNC119;KIRREL3;PTEN;MSI1;DOC2A;CNTFR;CHAC1;PTN;ELP3;SHANK3;PCDHB4;MDGA2;CER1;WWP1;OLFM1;GDF11;LSAMP;EFNB3;CLN5;FARP1;SOX3;PCDHB5;SOX11;VEGFA;NAV2;IRF2BPL;RBFOX1;PKD2;CDK5RAP2;DPYSL4;IGF2BP1;CRMP1;MDK;MYLIP;SLC25A16;MAMDC2;CHST8;CHRM2;DVL1;FGF2;EP300;KAT8;HDAC4;ERBB3;DAGLB;AHI1;UTP11;ADAM22;ACVR1B;SDHA;HES1;NRSN2;CHD7;PDGFC;CYP46A1;SMO;DCTN1;NOTCH2;BTBD1;SHANK2;WDR62;BOC;RAPGEF5;FGF19;PCDHB14;CABLES1;NPAS2;ZIC3;SCRG1;EFNA5;ECT2
CLN8,GO_Biological_Process_2023,prerank,Amide Transport (GO:0042886),0.3417822548476122,0.7960608153454211,0.7866666666666666,1.0,1.0,8/32,16.21%,ABCA13;FOLR1;UPK3A;ABCG2;CPTP;TAP1;SLC27A1;GIPC1
CLN8,GO_Biological_Process_2023,prerank,Protein Alkylation (GO:0008213),-0.3743533913829002,-0.7958957317001472,0.7922794117647058,1.0,1.0,9/23,23.51%,PRMT3;CSKMT;LCMT1;METTL22;GSPT1;EEF1AKMT1;PRMT8;METTL21A;SNRPB
CLN8,GO_Biological_Process_2023,prerank,Positive Regulation Of Interleukin-12 Production (GO:0032735),0.3372854619827458,0.7958895875799984,0.8119266055045872,1.0,1.0,5/33,9.63%,IL16;CLEC7A;HMGB1;TLR2;HSPD1
CLN8,GO_Biological_Process_2023,prerank,T-helper Cell Differentiation (GO:0042093),0.3794941269518815,0.795793775544239,0.7670940170940171,1.0,1.0,7/18,18.29%,HMGB1;STAT4;ZFPM1;KMT2A;MEN1;TMEM98;FOXP1
CLN8,GO_Biological_Process_2023,prerank,Epidermal Growth Factor Receptor Signaling Pathway (GO:0007173),-0.3274560922886594,-0.7957102643777824,0.842560553633218,1.0,1.0,11/45,17.72%,AREG;PDPK1;TDGF1;PTK2;HBEGF;FAM83A;REPS2;GRB2;SOS1;NCK2;KIF16B
CLN8,GO_Biological_Process_2023,prerank,Positive Regulation Of Stem Cell Differentiation (GO:2000738),0.3865414339424192,0.7956919743316887,0.759656652360515,1.0,1.0,4/17,11.24%,SOX6;LTBP2;TGFB2;TCF15
CLN8,GO_Biological_Process_2023,prerank,Inorganic Cation Import Across Plasma Membrane (GO:0098659),0.28282405330949156,0.795668837149704,0.9481132075471698,1.0,1.0,29/103,16.67%,CACNA1G;CACNA1F;SLC5A2;SCN4A;SCNN1D;ABCC9;TRPM1;ATP2B4;KCNJ4;SLC9A2;SCN10A;KCNE2;KCNJ8;SLC12A5;ATP1A3;TRPV3;SLC12A9;CACNA1I;SLC12A1;SLC8A3;KCNJ12;SLC24A4;CACNA1E;SCN9A;KCNJ6;ATP12A;KCNH2;CLU;HCN4
CLN8,GO_Biological_Process_2023,prerank,Regulation Of Endopeptidase Activity (GO:0052548),-0.30942255918726835,-0.7952793641668652,0.8638655462184874,1.0,1.0,17/68,20.84%,SERPINA6;SERPINH1;SERPIND1;VSIR;AHSG;SERPINI1;SERPINE3;SERPINI2;SERPINF1;NRG1;SPOCK3;SERPINA10;TIMP4;SERPINE2;BIRC2;PSENEN;SERPINB6
CLN8,GO_Biological_Process_2023,prerank,Fatty Acid Catabolic Process (GO:0009062),0.30054993627884763,0.795084142927296,0.9174107142857143,1.0,1.0,22/61,23.39%,ACAA1;ILVBL;SCP2;ABHD1;ACOX1;PLA2G15;EHHADH;NUDT7;ACAT2;ECI2;ABCD3;HSD17B10;HADHB;ABHD2;SLC27A4;CROT;LPIN2;HADHA;NUDT19;PCCA;MCEE;LPIN3
CLN8,GO_Biological_Process_2023,prerank,Negative Regulation Of Cellular Component Organization (GO:0051129),-0.3007512436048695,-0.7950147013413098,0.9108391608391608,1.0,1.0,24/79,21.88%,LGALS3;CARMIL2;TMC8;CRYAB;SCAMP5;HSPA8;MCTP1;PACSIN3;CEL;LCMT1;CRACD;TFIP11;SYT11;IRAK3;ULK1;XRCC5;BMP6;AKR1B1;RTEL1;VEGFA;SACS;EPHA3;LRSAM1;EP300
CLN8,GO_Biological_Process_2023,prerank,Outflow Tract Septum Morphogenesis (GO:0003148),-0.3682576858309955,-0.7948326553334975,0.7863247863247863,1.0,1.0,8/24,21.22%,LRP2;BMPR2;SMAD6;TGFBR2;SMAD4;FGF8;ENG;SEMA3C
CLN8,GO_Biological_Process_2023,prerank,Positive Regulation Of Cytokine Production Involved In Immune Response (GO:0002720),0.33919639230419046,0.7943636343007199,0.8275058275058275,1.0,1.0,12/33,19.64%,CLEC7A;SPHK2;CD160;LACC1;NOD2;WNT5A;HLA-A;FZD5;PLCG2;TRAF2;MAP3K7;TRAF6
CLN8,GO_Biological_Process_2023,prerank,DNA Unwinding Involved In DNA Replication (GO:0006268),-0.38503687517459617,-0.79420934267027,0.7792706333973128,1.0,1.0,10/20,28.52%,CDC45;WRN;MCM5;MCM7;RECQL5;GINS3;MCM2;MCM6;PURA;SSBP1
CLN8,GO_Biological_Process_2023,prerank,Regulation Of Insulin-Like Growth Factor Receptor Signaling Pathway (GO:0043567),-0.38672626476621796,-0.7941683725554887,0.7580071174377224,1.0,1.0,3/19,7.82%,GHRH;IGFBP3;GHRHR
CLN8,GO_Biological_Process_2023,prerank,Negative Regulation Of Cell Differentiation (GO:0045596),-0.2664627393729019,-0.7940229071483589,0.9863945578231292,1.0,1.0,66/207,23.30%,BMP2;SOSTDC1;CITED1;TBX3;CHRD;COL5A2;ZBTB16;GATA3;FGF23;MYB;SIRT1;NOCT;SIRT2;TRIB3;RUNX1T1;SMAD6;RANBP3L;SNAI2;TMEM182;MIXL1;SINHCAF;NOTCH1;ACTL6B;OVOL2;SMAD3;IQCB1;BAMBI;CRIM1;USH2A;ANKRD26;BRD9;ENPP1;SUZ12;COL5A1;NFKBIA;YAP1;LEO1;NBR1;TMEM53;TRPM4;EPHA4;PTEN;SMARCA2;ITGAV;ID2;VASN;FOXO1;SOX3;SORD;SOX2;MARK1;TUNAR;GPER1;TRIB2;PTK2B;NPHP3;FERMT2;PTPN11;CDK6;BICRAL;RIOX1;RB1;METTL14;HES1;MED1;LRP3
CLN8,GO_Biological_Process_2023,prerank,Regulation Of Type I Interferon Production (GO:0032479),-0.3144715717876361,-0.7939398772184167,0.8635547576301615,1.0,1.0,15/59,17.79%,XAF1;TRIM15;MYD88;G3BP1;IRF8;TICAM1;ILRUN;GPATCH3;RNF216;GARIN5A;DHX33;OTUD5;TRIM56;TICAM2;IRGM
CLN8,GO_Biological_Process_2023,prerank,Regulation Of Extracellular Matrix Organization (GO:1903053),-0.3647241263838926,-0.7937741753627575,0.7912885662431942,1.0,1.0,8/23,12.95%,AGT;LAMC1;LAMA1;CEL;ZNF469;NOTCH1;EFEMP2;LRP1
CLN8,GO_Biological_Process_2023,prerank,Regulation Of Protein Processing (GO:0070613),0.3541403914290119,0.7937719622926124,0.7890295358649789,1.0,1.0,8/25,20.36%,NKD2;PRNP;LRRK2;ADAM8;BAG2;CLN3;RUNX1;SNX12
CLN8,GO_Biological_Process_2023,prerank,"Regulation Of Alternative mRNA Splicing, Via Spliceosome (GO:0000381)",-0.31888663043309495,-0.793399432099769,0.8605072463768116,1.0,1.0,25/52,26.76%,RBM47;TIA1;KHDRBS2;FAM172A;RBM24;THRAP3;NSRP1;FXR1;CELF2;CELF5;RBM7;RBM4;RBMX;MAGOH;RBFOX1;PUF60;HNRNPA1;RBM11;YTHDC1;RBM15B;RBM25;SRSF6;RBM5;SAP18;NOVA2
CLN8,GO_Biological_Process_2023,prerank,Organelle Organization (GO:0006996),-0.2517701026542778,-0.7928280387190361,0.9983948635634029,1.0,1.0,168/414,27.08%,PRM2;CUL7;GOLGA8T;LARP4;GOLGA6C;NIPSNAP2;NOL3;GOLGA8H;CSNK1A1;GOLGA6A;COG3;CATIP;GOLGA8N;HTT;SPTBN5;HPS6;RNF112;FGD5;GOLGA6B;FBXW8;PI4K2A;SORT1;RAB30;HAT1;ATP8B1;PACSIN1;FMNL3;SEMA6A;CSPG5;CCL2;GOLGA8A;TTC17;CHMP3;ZNF501;NSFL1C;PTCD2;PLEKHF1;TRAPPC11;TMCC1;MCOLN1;VAPA;PACSIN3;ARHGAP4;DYRK3;RAB32;BRWD1;CNN2;FAM174B;ATL1;RAB29;TANGO2;DPYSL2;PDCD6IP;TMED2;USP6NL;VPS18;WTIP;RAB8A;TOR1B;SMPD4;COG8;AJUBA;RAB31;WDPCP;MSTO1;STRIP1;LONP1;TRAPPC8;ZW10;GOLPH3L;STX7;GORASP1;PEX19;SH3D19;PINK1;KLHL20;CHMP1B;PITPNB;SIPA1L3;LONP2;MTFR1;TMED1;MTX2;NUMA1;WASF3;CLASP1;MAST4;PLEKHM2;PAK4;CHMP2A;YME1L1;VPS51;MARK1;HACE1;CSNK1D;ZRANB1;LMAN1;PKD2;FGD4;MDK;SLC25A36;DIAPH3;CCDC32;PNPLA3;WDR73;ZMYM4;GOLGA2;BLZF1;CHCHD10;COG5;SAR1B;MNS1;TBC1D20;MAST2;RAB6B;CHMP5;PACSIN2;CEP89;RB1;SURF4;CLUH;PRKD1;VPS13C;SEC16A;ARFGEF1;PEX11B;GOLGA5;RAB7A;ZNF135;RAB43;PALLD;LYSMD3;GEM;HPS3;DYM;OBSL1;PEX12;MRAP;CHMP4A;PRPF40A;MICAL1;MTX3;GABPB1;PRKN;GOLPH3;NPLOC4;PYROXD2;WDR81;CFL1;NEDD9;MTFR2;GOLGB1;UBXN2B;PIKFYVE;NCKIPSD;KIF5C;TMED3;STX4;BCAS3;CHMP2B;RAB1B;BSCL2;CEP55;APOE;ANK1;PLD2;PEX2;LIMD1
CLN8,GO_Biological_Process_2023,prerank,Positive Regulation Of Cell Cycle Process (GO:0090068),0.2731736473223724,0.7927472332780032,0.9836448598130841,1.0,1.0,30/118,18.72%,CD28;SSTR5;OOEP;BTC;EDN1;SMC2;AURKB;RRM1;DDX11;RANBP1;TPR;SMC4;DRD3;SVIL;CEP295;KIF23;NCAPD2;GEN1;CUL3;IGF1;DYNC1H1;CDC7;SOX15;GIPC1;NDC80;CDC42;KIF20B;RAD21;RRM2B;RHNO1
CLN8,GO_Biological_Process_2023,prerank,Nucleocytoplasmic Transport (GO:0006913),-0.32403976767082393,-0.7922253436264625,0.8489583333333334,1.0,1.0,18/49,22.84%,CITED1;RITA1;NUP85;NUP58;XPO1;NUP42;NUP37;NUP214;HTATIP2;NUP98;NUP107;NUP133;NUP88;ANP32A;HNRNPA1;MALT1;RAE1;POM121
CLN8,GO_Biological_Process_2023,prerank,Regulation Of Cholesterol Biosynthetic Process (GO:0045540),0.40049576302898915,0.7920864761521078,0.7259414225941423,1.0,1.0,6/15,26.62%,SREBF1;LPCAT3;ABCG1;ERLIN1;SEC14L2;ERLIN2
CLN8,GO_Biological_Process_2023,prerank,RNA Export From Nucleus (GO:0006405),-0.30701150563446816,-0.7920655034693014,0.8736842105263158,1.0,1.0,28/63,26.05%,NUP85;XPO1;NCBP2;SARNP;UPF1;SRSF3;NUP214;DDX25;NUP98;POM121L2;NXT2;NUP107;MAGOHB;DDX19B;NUP133;POM121C;NCBP3;MAGOH;NUP88;THOC2;HNRNPA1;RAE1;POM121;YTHDC1;MCM3AP;RBM15B;SMG5;NUP62
CLN8,GO_Biological_Process_2023,prerank,Negative Regulation Of Programmed Cell Death (GO:0043069),-0.25331638959275804,-0.7920270165462064,1.0,1.0,1.0,111/379,23.95%,PLK3;ANGPT4;LRP2;TBX3;CARD14;NOL3;FCMR;POU4F1;HTR2B;PPT1;MAP4K4;IFI6;BARD1;NTSR1;PROC;RNF157;SIRT1;CRYAB;NTRK1;AIFM2;RHBDD1;CIB1;HCK;IER3;TDGF1;ANGPTL4;GCLC;CD44;SMAD6;PTK2;RASA1;IL6ST;IL2RB;AMH;NUAK2;CD74;YWHAZ;PTMA;SIX4;TSLP;PRKAA2;LEF1;CD38;NAA16;FLT4;CCND2;SH3RF2;STIL;MAPK8IP3;TAX1BP1;MAGEA4;PA2G4;DAB2;NAA15;NAIP;MGMT;HTATIP2;AMIGO2;FANK1;XBP1;DNAJC3;FKBP8;PDCD10;PAX7;VHL;AREL1;SH3RF1;ANGPT1;WFS1;BAG4;TMEM109;SPHK1;KLHL20;MYDGF;BCL2L2;KANK2;GAS6;FOXO1;BIRC2;YME1L1;VEGFA;BABAM2;HIGD1A;SNCA;CITED2;MRE11;PLAUR;WDR73;OPN3;HIGD2A;FHL2;TNFAIP8;PTK2B;PDPN;BIRC6;MALT1;ERBB3;XPNPEP1;AHI1;ZFAND6;BCL2L1;CBL;UBE2Z;MED1;ATF5;PIM3;NOTCH2;ZNF16;PSMD10;HDAC2;PRKAA1
CLN8,GO_Biological_Process_2023,prerank,Response To Peptide Hormone (GO:0043434),-0.31773618600858844,-0.7917089768881342,0.8545780969479354,1.0,1.0,13/54,15.00%,CITED1;SIRT1;ZBTB7B;SORT1;GHRHR;LEP;EIF2B3;CREB1;TCF12;SLC2A1;XBP1;STAT6;OGT
CLN8,GO_Biological_Process_2023,prerank,protein-RNA Complex Assembly (GO:0022618),0.2713710902734257,0.7916549138272991,0.974937343358396,1.0,1.0,48/148,20.79%,CELF3;EIF3J;TXNL4A;SNRPD3;EIF5;CELF4;MRPS7;CLNS1A;STRAP;AGO2;RPL10;NLE1;SNRPD2;SNRPG;RPL5;PTGES3;SRSF5;SNRPE;SNRPD1;TGS1;EIF2S2;EIF3L;GEMIN5;RPS15;HSP90AB1;GEMIN7;SF3B1;RPL38;SCAF11;CPSF7;MRPL20;PRPF19;CPSF6;USP39;LSM4;EIF3G;TRAF7;RPS27L;RPS5;DHX29;HSP90AA1;RPS28;DDX39B;RPS19;RPS14;CRNKL1;SRSF1;NUDT21
CLN8,GO_Biological_Process_2023,prerank,Regulation Of Granulocyte Macrophage Colony-Stimulating Factor Production (GO:0032645),-0.40138528494858466,-0.7914860741533707,0.7702702702702703,1.0,1.0,1/15,1.64%,IL23R
CLN8,GO_Biological_Process_2023,prerank,Regulation Of Autophagosome Assembly (GO:2000785),-0.3347924515183456,-0.7914842188438667,0.8349328214971209,1.0,1.0,18/39,26.84%,SCFD1;EFNB1;EPHB2;IFT20;SNX4;PINK1;RAB3GAP2;PIP4K2B;TMEM39A;PHF23;WDR45;LRSAM1;IFT88;SMCR8;TBC1D14;PIKFYVE;RAB1B;RAB5A
CLN8,GO_Biological_Process_2023,prerank,Regulation Of Autophagy (GO:0010506),-0.26085814207700103,-0.7914175761234903,0.9950657894736842,1.0,1.0,80/238,23.95%,DAPL1;IFI16;WDR6;SIRT2;TRIB3;GFAP;MTMR9;ABL2;EXOC8;ULK2;MAPT;LEP;UVRAG;TICAM1;ATM;TPCN2;KDM4A;PLEKHF1;PRKAA2;TRIM22;CTSA;CISD2;RRAGC;EIF4G3;ATG13;ORMDL3;RAB8A;ZKSCAN3;SQSTM1;VPS26A;ZC3H12A;CAPNS1;FKBP8;CDK16;VHL;VPS26B;ULK1;CASP3;CCNY;SETD2;DEPDC5;TRIM32;PINK1;IRGM;WAC;RRAGA;EXOC4;FOXO1;BOK;MTMR4;PIP4K2B;DAPK1;TRIM5;ATP6V0E2;DAP;LEPR;FOXO3;ATG14;WASHC1;ATP6V0A2;TRIM34;EXOC7;GOLGA2;TRIM27;TPCN1;GSK3A;EP300;BAD;FOXK2;ATP6V0A1;KAT8;SMCR8;PRKD1;CAPN1;DCAF12;ATP6V1C1;ATP6V1G2;CSNK2A2;STK38L;PRKAA1
CLN8,GO_Biological_Process_2023,prerank,Activation Of Phospholipase C Activity (GO:0007202),-0.35767997346267194,-0.791406534437054,0.7843511450381679,1.0,1.0,5/27,17.23%,HTR2B;P2RY6;LPAR2;EDNRA;P2RY12
CLN8,GO_Biological_Process_2023,prerank,Positive Regulation Of Protein Kinase Activity (GO:0045860),0.2684915676633011,0.7913314451687834,0.9691943127962085,1.0,1.0,30/144,14.40%,DDR2;TTBK1;ITGB3;TCL1A;STRADB;LTF;RELN;MRNIP;PRNP;CSF1;SPDYA;MAP3K5;ADRA2A;GPRC5B;TGFB2;CAB39L;LRRK2;TOM1L1;LCP2;EFNA1;CAB39;DDX3X;AZU1;ALS2;IQGAP1;EZH2;SYAP1;CCDC88A;TPX2;SLC27A1
CLN8,GO_Biological_Process_2023,prerank,Glycerophospholipid Catabolic Process (GO:0046475),0.3493860819485343,0.7911558795826259,0.7936117936117936,1.0,1.0,8/27,13.59%,PLA2G10;PLA2G5;PNPLA6;PLA2G15;PRDX6;GPCPD1;PNPLA8;GDPD1
CLN8,GO_Biological_Process_2023,prerank,Regulation Of Cell-Matrix Adhesion (GO:0001952),-0.3056283037357438,-0.7911095785120735,0.8854700854700854,1.0,1.0,28/65,27.58%,CCL25;MAP4K4;ENC1;CIB1;PTK2;RASA1;BST1;ADAM15;NF2;EMP2;PLET1;SKAP1;CLASP1;EPHA3;CORO1C;PTK2B;CDK6;MACF1;TLN1;ROCK2;PLAU;NEXMIF;EFNA5;AJAP1;PTPRA;JAG1;RHOA;SLC9A1
CLN8,GO_Biological_Process_2023,prerank,Response To Estradiol (GO:0032355),0.3434938437409518,0.7909501545519081,0.8227272727272728,1.0,1.0,8/31,18.47%,FOXA1;ZNF703;H2AZ1;ESR1;LCOR;NCOA3;STAT5B;RUVBL2
CLN8,GO_Biological_Process_2023,prerank,Regulation Of Peptidyl-Tyrosine Phosphorylation (GO:0050730),0.2811183415847641,0.790798844450382,0.957286432160804,1.0,1.0,24/90,18.47%,CSF3;DMTN;ITGB3;RELN;IL11;BANK1;PRNP;NELL1;EFNA1;SEMA4D;LIF;RAP2C;TNK2;PAK2;IGF1;SFRP2;ITGA5;HAX1;PDGFA;FYN;PLCG2;ARHGEF2;PDCL3;TP53
CLN8,GO_Biological_Process_2023,prerank,Mitotic Spindle Assembly Checkpoint Signaling (GO:0007094),0.3524859456291638,0.7904989730697828,0.8102345415778252,1.0,1.0,10/26,18.53%,CENPF;ZWINT;TPR;IK;MAD2L2;SPC25;PLK1;NDC80;TTK;KNTC1
CLN8,GO_Biological_Process_2023,prerank,Spindle Assembly Checkpoint Signaling (GO:0071173),0.3524859456291638,0.7904989730697828,0.8102345415778252,1.0,1.0,10/26,18.53%,CENPF;ZWINT;TPR;IK;MAD2L2;SPC25;PLK1;NDC80;TTK;KNTC1
CLN8,GO_Biological_Process_2023,prerank,Mitotic Spindle Checkpoint Signaling (GO:0071174),0.3524859456291638,0.7904989730697828,0.8102345415778252,1.0,1.0,10/26,18.53%,CENPF;ZWINT;TPR;IK;MAD2L2;SPC25;PLK1;NDC80;TTK;KNTC1
CLN8,GO_Biological_Process_2023,prerank,Positive Regulation Of Angiogenesis (GO:0045766),-0.2802595271923042,-0.7903754872357819,0.9546218487394958,1.0,1.0,39/119,21.76%,VEGFC;ANGPT4;KLF4;HSPB6;PDCD6;SIRT1;PDPK1;HIPK1;LRG1;ANGPTL4;PRKCB;IL1A;PGF;JAK1;CNTN1;NODAL;FLT1;XBP1;TNFSF12;ZC3H12A;HMOX1;EMP2;BRCA1;SPHK1;MYDGF;PKM;STIM1;FGF18;PAK4;VEGFA;SIRT6;ZNF304;RHOB;ADM2;MDK;BMPER;GRN;ITGB8;FGF2
CLN8,GO_Biological_Process_2023,prerank,Transcription By RNA Polymerase II (GO:0006366),0.2608249298618638,0.7903735288246508,0.9906103286384976,1.0,1.0,57/192,20.40%,GCM1;CYP27B1;ERCC2;SNAPC1;MED18;PARP1;DPEP1;PPARG;MED7;SUB1;TCFL5;TAF9;S100A10;LHX1;NCOA2;RXRB;GTF2F1;TBPL1;RXRA;HLTF;TAF8;NFYA;MED16;CTR9;MED20;NFAT5;NCOA1;GTF2H2;ZC3H8;NFKB1;TAF7;CCNT1;SUPT6H;MNT;GTF2B;TAF12;ERCC6;CTDP1;TAF4B;POLR2B;ADRM1;GLIS3;PCF11;TBP;COPS2;SUPT4H1;RARA;TRIP11;ICE1;YBX2;DEAF1;PMF1;RPRD1B;TFDP1;TAF3;ELP2;TRIM24
CLN8,GO_Biological_Process_2023,prerank,DNA Replication (GO:0006260),-0.2991118320494649,-0.7901571778446541,0.9029850746268657,1.0,1.0,36/73,27.46%,ORC3;FAM111B;CHRAC1;DNA2;RFC5;GRWD1;UPF1;CDK2;WRN;STON1;FEN1;CDK2AP1;REV1;POLE3;POLD2;MCM5;NAP1L1;MCM7;WDHD1;RPA1;BLM;RECQL5;MCMBP;RNASEH2A;POLE4;BAZ1A;TICRR;ORC5;REV3L;TOP1;SET;WRNIP1;POLA1;KIN;MCM2;MCM6
CLN8,GO_Biological_Process_2023,prerank,Oligodendrocyte Development (GO:0014003),-0.39597215048562817,-0.7900239975855263,0.7835820895522388,1.0,1.0,6/16,22.61%,TPPP;EIF2B3;ZNF488;MYRF;PLP1;EIF2B5
CLN8,GO_Biological_Process_2023,prerank,Negative Regulation Of Multicellular Organismal Process (GO:0051241),0.2549664948048848,0.7899911395523224,0.9975,1.0,1.0,44/228,16.43%,FOXA1;IL17D;ZNF750;BMP5;NKX3-1;GDF15;SPI1;SAP30L;HDAC1;PON1;PARP1;ALPK2;ACVR1C;SPRED2;RBBP4;NR1D1;ATP2B4;APOA1;WNT9B;BMP4;IL18R1;WWC3;SPRED3;PFN2;TRPV3;EFNA1;ELAPOR2;TNNT1;NPTN;MAD2L2;SF3B3;RPS6KA5;N4BP1;ROBO1;SAP30;PLCL1;WWC2;SFRP2;DDIT3;PTPRR;SDHAF2;DOCK7;TWSG1;RPS6KA6
CLN8,GO_Biological_Process_2023,prerank,Negative Regulation Of Neuron Death (GO:1901215),-0.29506103695791364,-0.7898960507871643,0.9337979094076655,1.0,1.0,26/88,22.13%,CITED1;FOXB1;POU4F1;PPT1;KDM2B;NTRK1;NTRK2;FBXO7;RASA1;CCL2;IL6ST;SIX1;SIX4;TYRO3;NAIP;MSH2;MEF2C;WFS1;CNTFR;PINK1;MDK;SNCA;GRN;PTK2B;RETREG1;ERBB3
CLN8,GO_Biological_Process_2023,prerank,Positive Regulation Of Nervous System Process (GO:0031646),-0.3909495898160454,-0.7898179374192342,0.7740213523131673,1.0,1.0,7/18,16.52%,TPPP;RIMS1;EGR2;PARD3;NCMAP;MYRF;UNC13B
CLN8,GO_Biological_Process_2023,prerank,Negative Regulation Of Release Of Cytochrome C From Mitochondria (GO:0090201),0.38821916109852284,0.789360398289041,0.7831858407079646,1.0,1.0,7/16,16.56%,GHITM;OPA1;TRIAP1;PPIF;PRELID1;IGF1;CLU
CLN8,GO_Biological_Process_2023,prerank,Cell Junction Maintenance (GO:0034331),-0.3876003775056417,-0.7893209639736698,0.7628083491461101,1.0,1.0,9/18,28.19%,CD177;PARD6A;KIRREL1;CHCHD10;MYADM;DCTN1;F2R;NLGN2;CLDN1
CLN8,GO_Biological_Process_2023,prerank,Antigen Processing And Presentation Of Endogenous Peptide Antigen (GO:0002483),0.367016201119996,0.7893020093948087,0.7947019867549668,1.0,1.0,8/21,12.69%,ULBP1;ERAP1;ULBP3;HLA-DRA;MICA;HLA-C;TAP1;HLA-A
CLN8,GO_Biological_Process_2023,prerank,Ras Protein Signal Transduction (GO:0007265),-0.274860988042615,-0.7890136533214653,0.9709401709401709,1.0,1.0,38/143,16.54%,RIPOR1;RGL4;ARHGDIB;RASGEF1C;WAS;RALA;RHOG;RALGPS2;G3BP1;ELMO1;ORC3;CRKL;RASGRF1;RAPGEFL1;ARHGAP4;ARHGDIG;RAPGEF2;RALGDS;RAP1B;CDK2;GRB2;LIMK1;SGSM3;KPNB1;GARRE1;DOK4;SOS1;MAPKAPK5;SHTN1;RAPGEF1;RACGAP1;RGL2;GPSM2;RGL3;RTKN;RASGRF2;CCNA2;AIF1
CLN8,GO_Biological_Process_2023,prerank,Response To Insulin (GO:0032868),-0.2935620319510123,-0.7889392575554867,0.9140350877192982,1.0,1.0,23/79,15.33%,CITED1;CPEB2;SIRT1;TRIB3;ZBTB7B;PDPK1;SORT1;GCK;MYO5A;GHRHR;LEP;INSR;INPP5K;PKLR;RAB10;RAB8A;SLC2A1;ENPP1;XBP1;RAB31;OGT;HDAC5;VAMP2
CLN8,GO_Biological_Process_2023,prerank,Positive Regulation Of Transmembrane Transport (GO:0034764),-0.40548752226369217,-0.7888593272075336,0.7607913669064749,1.0,1.0,3/15,10.92%,SLC26A6;AZIN1;P2RX7
CLN8,GO_Biological_Process_2023,prerank,Cellular Lipid Catabolic Process (GO:0044242),-0.36960225097502925,-0.7887421942427644,0.7985611510791367,1.0,1.0,12/23,28.51%,SIRT2;ACADL;PLBD2;LIPG;FAAH;PLD1;LPIN1;MGST2;PLD2;PLBD1;ACOT8;CYP1B1
CLN8,GO_Biological_Process_2023,prerank,Macromolecule Modification (GO:0043412),0.2906283587857109,0.788543384570589,0.9406392694063926,1.0,1.0,33/80,23.49%,TGM5;SERP1;PLOD2;TGM1;FBXL2;PARP1;NAGPA;DUSP12;UBA3;MAN2B1;ST8SIA2;ARAF;CHRM3;UBL4A;UBE2M;RNF2;NEDD8;ST3GAL4;MMP15;UBE2L3;PRMT6;PARP4;MCRS1;FBXO2;B4GALT7;ST3GAL6;RABGGTB;UBA52;MSRA;USP6;PLAT;PRKDC;ST8SIA4
CLN8,GO_Biological_Process_2023,prerank,Negative Regulation Of Cell-Substrate Adhesion (GO:0010812),0.3183470760973389,0.7883946301394326,0.871264367816092,1.0,1.0,2/39,1.12%,GBP1;DMTN
CLN8,GO_Biological_Process_2023,prerank,Recombinational Repair (GO:0000725),-0.29141716147742036,-0.7883219835750547,0.9252336448598131,1.0,1.0,31/95,21.12%,AP5S1;RAD51B;RMI2;RMI1;RAD51C;NSMCE1;TONSL;WRN;CHD4;STON1;FBH1;INO80;AUNIP;NPC1;FEN1;FSCN1;EXD2;SMC5;INIP;RAD51AP1;XRCC5;XRCC2;ZMYND8;BRCA1;KDM4D;RPA1;RFWD3;BLM;RECQL5;RAD52;MRE11
CLN8,GO_Biological_Process_2023,prerank,Calcium Ion Transmembrane Import Into Cytosol (GO:0097553),-0.2908290912838373,-0.7882437758840908,0.9316239316239316,1.0,1.0,19/83,16.54%,TRPV6;HTR2B;GP1BB;XCL1;TRPV2;SCN8A;IBTK;CACNB3;JPH2;CACNA2D1;SLC8A1;JPH4;SCN5A;CACNA1H;PLCB4;NALF1;SCN2A;ITPR2;SCN11A
CLN8,GO_Biological_Process_2023,prerank,Positive Regulation Of Telomere Maintenance Via Telomerase (GO:0032212),0.3364585795018372,0.7881694057622626,0.8333333333333334,1.0,1.0,14/32,18.07%,CCT7;MAPK15;PNKP;AURKB;CCT6A;FBXO4;MAP3K4;TCP1;CCT8;CCT2;MAP2K7;MAPK3;NEK2;CCT4
CLN8,GO_Biological_Process_2023,prerank,Phosphatidylinositol Phosphate Biosynthetic Process (GO:0046854),0.32053768466823657,0.7881050770579494,0.860655737704918,1.0,1.0,16/44,20.10%,TTC7A;SOCS5;PIK3R1;ITPKB;PIK3C2B;CISH;PIK3R3;PIK3C3;ITPKC;PIP4K2C;PI4KA;PIK3R2;PIK3C2A;HYCC2;PIK3CB;PIK3CD
CLN8,GO_Biological_Process_2023,prerank,Positive Regulation Of Cilium Assembly (GO:0045724),-0.37532824509849594,-0.7877711318896983,0.7876447876447876,1.0,1.0,5/22,15.05%,CROCC;HTT;CEP120;IFT20;BBS4
CLN8,GO_Biological_Process_2023,prerank,Ventricular Cardiac Muscle Tissue Morphogenesis (GO:0055010),-0.33857852650291953,-0.7877073768043122,0.8080985915492958,1.0,1.0,2/33,3.06%,HAND1;LRP2
CLN8,GO_Biological_Process_2023,prerank,Positive Regulation Of Metabolic Process (GO:0009893),-0.2834416188637834,-0.7872935767458799,0.9584026622296173,1.0,1.0,20/107,15.00%,FGF21;ELOVL3;PRDM16;TRPV2;PPARGC1B;ZBTB7B;PTH2R;JAK2;LEP;INSR;ADRB2;CNOT3;KDM3A;MUC1;IRF4;SYK;THRA;GPR3;STAT6;OGT
CLN8,GO_Biological_Process_2023,prerank,Regulation Of Keratinocyte Proliferation (GO:0010837),0.3535425205126327,0.7872530682932642,0.8205689277899344,1.0,1.0,4/24,9.68%,CYP27B1;TGM1;EPB41L4B;FGFR2
CLN8,GO_Biological_Process_2023,prerank,Regulation Of Protein Dephosphorylation (GO:0035304),-0.3291549404308508,-0.7871643884132693,0.8467153284671532,1.0,1.0,13/39,23.28%,HTT;SMPD1;PTPA;ENSA;CDCA2;PRKCD;PPP6R2;PIN1;CALM3;ARPP19;CALM1;CALM2;PPP1R16B
CLN8,GO_Biological_Process_2023,prerank,Import Into Nucleus (GO:0051170),-0.3000120710516031,-0.7871373213257506,0.9100719424460432,1.0,1.0,28/73,22.84%,GCKR;RANBP17;NUP85;TNPO1;SYK;KPNA7;KPNA1;NUP214;HTATIP2;KPNB1;PRICKLE1;RANBP6;NUP98;TSC2;POM121L2;NXT2;NUP107;KPNA6;NUP133;HEATR3;POM121C;NUP88;HIKESHI;HNRNPA1;RANGRF;APPL1;IPO4;POM121
CLN8,GO_Biological_Process_2023,prerank,rRNA Processing (GO:0006364),0.28354768172239897,0.7870735233032181,0.9504716981132075,1.0,1.0,37/101,20.96%,NOC4L;MAK16;WDR55;WDR18;SBDS;MPHOSPH6;MPHOSPH10;DKC1;POP4;LYAR;RPS24;RPL26;DDX47;RPS7;RPL5;EXOSC10;RPS6;RPL27;RRP15;RPL35A;ESF1;RPS16;MRM2;RIOK3;NOP56;RPS25;LAS1L;RPS15;SPPL2B;RPS28;IGF2BP3;PIN4;RIOK2;RPS19;RPS14;EXOSC4;EXOSC9
CLN8,GO_Biological_Process_2023,prerank,Phosphate-Containing Compound Metabolic Process (GO:0006796),-0.266329145082862,-0.786776701717758,0.9879518072289156,1.0,1.0,45/184,19.81%,CLN8;TPTE;ENPP3;DUSP8;DUSP22;TNFAIP8L3;HTR2B;PFKFB1;SYNJ1;OCRL;GCK;ACP3;INPP5K;ACP6;EPHB2;PANK2;DUSP10;IPMK;PPIP5K1;PFKFB3;INPP5J;PPM1A;EPHA7;PLPPR1;PPP3CA;SLC22A3;IPPK;PLPP1;GALK2;GDE1;DUSP16;ENPP1;INPP5A;PFKM;PPIP5K2;PAK1;FRA10AC1;ALPL;SPHK1;HK1;XYLB;PLA2G2A;PLPPR3;LCP1;INPP5D
CLN8,GO_Biological_Process_2023,prerank,Regulation Of Kinase Activity (GO:0043549),-0.2955840918106449,-0.7864907677441787,0.9003378378378378,1.0,1.0,30/82,25.07%,FGFR3;NTRK1;NTRK2;MAPT;PDGFRB;INSR;RBL2;CD74;FLT4;ANKRD54;TYRO3;FLT1;FLT3;RET;EMP2;CCNY;RAD50;IRS2;MRE11;DDR1;CCNYL1;ERBB3;RB1;VAC14;FGFR4;ZNF16;CAMKK2;TIE1;ECT2;SMG8
CLN8,GO_Biological_Process_2023,prerank,RNA Catabolic Process (GO:0006401),-0.30664770528484847,-0.7864054840225324,0.8656987295825771,1.0,1.0,16/57,21.86%,SLFN14;ZFP36;AGO4;DNA2;EXOSC7;RNASET2;LSM6;FEN1;METTL16;DIS3;SND1;XRN2;PABPC4;DXO;PNPT1;RNASEH2A
CLN8,GO_Biological_Process_2023,prerank,mRNA Export From Nucleus (GO:0006406),-0.30824001554896324,-0.7862945341539895,0.8922800718132855,1.0,1.0,25/60,25.34%,ZC3H11B;NUP85;POLDIP3;XPO1;NCBP2;SARNP;UPF1;SRSF3;NUP214;DDX25;NXT2;NUP107;MAGOHB;DDX19B;NUP133;NCBP3;MAGOH;NUP88;THOC2;RAE1;YTHDC1;MCM3AP;PCID2;RBM15B;SMG5
CLN8,GO_Biological_Process_2023,prerank,Cellular Response To Tumor Necrosis Factor (GO:0071356),-0.27936151650825497,-0.7858543316838699,0.9623655913978495,1.0,1.0,35/117,23.81%,CCL25;TRADD;GSDME;CARD14;ZFP36;XCL1;GATA3;NPNT;SIRT1;CIB1;TDGF1;JAK2;INPP5K;CCL2;ASAH1;EIF5A;TRAF5;SMPD4;ZC3H12A;DHX9;NFKBIA;TRAF1;BAG4;BRCA1;RRAGA;BIRC2;GPER1;FOXO3;CACTIN;CCL26;PTK2B;ZFAND6;TNFRSF21;ILK;PYCARD
CLN8,GO_Biological_Process_2023,prerank,Positive Regulation Of TOR Signaling (GO:0032008),-0.32589037889925543,-0.7855611064143353,0.8369747899159664,1.0,1.0,14/46,18.99%,LARS1;LEP;STAMBPL1;PIH1D1;USP9X;CASTOR1;TELO2;CLEC16A;WDR59;LAMTOR4;OTUD5;WAC;RRAGA;GAS6
CLN8,GO_Biological_Process_2023,prerank,Organonitrogen Compound Biosynthetic Process (GO:1901566),0.2727491892211718,0.7854783456573664,0.970873786407767,1.0,1.0,36/122,19.47%,GAL3ST2;GSTA1;LCAT;FMO3;SGMS2;SPHK2;SLC25A15;INHBA;APOA1;FMO1;ALAS2;SAMD8;CSNK1G2;SPTSSB;ELOVL7;B4GALT5;ELOVL1;TRMT12;LPCAT3;SLC27A1;SGPP1;TYW5;ELOVL4;SPTLC2;HACD3;CHKA;FA2H;ST3GAL4;CSAD;FURIN;ASS1;SPTLC1;GCNT1;ORMDL2;GSTP1;GPAT4
CLN8,GO_Biological_Process_2023,prerank,"RNA Splicing, Via Transesterification Reactions With Bulged Adenosine As Nucleophile (GO:0000377)",0.2623547197059307,0.7853985845032876,0.9955849889624724,1.0,1.0,64/177,21.64%,LSM3;TXNL4A;SNRPD3;ESS2;SNRPN;RALY;HNRNPA3;PRPF3;SNIP1;SLU7;METTL3;RBM10;ZMAT2;IK;SNRPD2;SNRPG;PPIH;LSM2;SNRPA1;RBM6;HNRNPF;SRSF5;SNRPE;SRSF8;U2AF1L4;SF3B3;SNRPD1;AQR;DDX39A;HTATSF1;SNW1;DDX5;SNRNP27;PRPF38A;EIF4A3;SYF2;RNF113A;GEMIN5;RBM42;PLRG1;HNRNPA2B1;GEMIN7;SF3B1;RNPS1;DHX35;CDC5L;PRPF19;PHF5A;ZCCHC8;USP39;LSM4;LSM8;PNN;SRSF7;DDX39B;EFTUD2;WBP4;CRNKL1;GPKOW;SRSF1;GPATCH1;HNRNPK;CWC15;TRA2B
CLN8,GO_Biological_Process_2023,prerank,Proteoglycan Biosynthetic Process (GO:0030166),-0.3440789900856715,-0.7852176513129703,0.793040293040293,1.0,1.0,11/32,22.60%,EXTL1;GAL3ST4;BMPR2;GAL3ST3;CHST10;CANT1;CHST13;CSGALNACT1;CHST8;FAM20B;NDST3
CLN8,GO_Biological_Process_2023,prerank,Lytic Vacuole Organization (GO:0080171),0.33223686177768047,0.785207973705695,0.8211920529801324,1.0,1.0,7/36,8.29%,ACP4;MYO7A;ACP2;NAGPA;TPP1;LRRK2;LYSET
CLN8,GO_Biological_Process_2023,prerank,Adaptive Immune Response Based On Somatic Recombination Of Immune Receptors Built From Immunoglobulin Superfamily Domains (GO:0002460),-0.36704008075265043,-0.7851774162355076,0.7992895204262878,1.0,1.0,8/23,19.79%,SLA2;MYO1G;EBI3;CR1;MSH2;CR1L;CD46;IL18
CLN8,GO_Biological_Process_2023,prerank,Establishment Of Protein Localization To Mitochondrion (GO:0072655),0.3167607003520951,0.784761040406402,0.869757174392936,1.0,1.0,15/44,16.67%,TOMM20L;PAM16;TIMM13;AKT1;TOMM40L;HSPD1;TIMM17B;HK2;TOMM7;DNAJC15;TIMM23B;DNLZ;TSPO;MFN2;PITRM1
CLN8,GO_Biological_Process_2023,prerank,Cardiac Atrium Morphogenesis (GO:0003209),-0.38696817687289364,-0.78464357080362,0.7661141804788214,1.0,1.0,4/18,12.32%,BMP2;BMPR2;HEY2;NOTCH1
CLN8,GO_Biological_Process_2023,prerank,Regulation Of Mitotic Metaphase/Anaphase Transition (GO:0030071),0.31399561536448095,0.7844801689864527,0.8769230769230769,1.0,1.0,16/49,17.36%,DPF2;BRD7;ANAPC5;NEK6;PHF10;SMARCB1;CDC23;SMARCC2;SMARCD1;CUL3;FBXO5;ACTL6A;CCNB1;PLK1;SMARCD2;CENPE
CLN8,GO_Biological_Process_2023,prerank,Development Of Primary Male Sexual Characteristics (GO:0046546),-0.32451856981940486,-0.7844328018870946,0.8497409326424871,1.0,1.0,12/45,15.65%,LHCGR;FGF9;LRP2;GATA3;TEX19;ADAM29;WNT4;SIX4;UTF1;KIT;MSH2;MEA1
CLN8,GO_Biological_Process_2023,prerank,Neuron Development (GO:0048666),-0.271131596469563,-0.7839813616145234,0.9809688581314879,1.0,1.0,52/149,23.17%,STMN4;FLRT3;POU4F1;RP1;PPT1;STMND1;SH3GL2;ARL3;NTRK2;WNK1;MAPT;PBX3;TBC1D24;FRYL;PBX1;APP;RAB35;VAPA;RASGRF1;RAPGEF2;PPP1R9B;UHMK1;RAB6A;MICALL1;HDGFL3;NRTN;NCDN;LRP12;SRF;XBP1;EPHA5;AGER;LYN;CDK16;ULK1;MEF2C;GLI2;PPP1R9A;DMD;MANF;CLN5;STX3;MICALL2;THOC2;PALS1;ATP8A2;RAB6B;FRY;PTPRM;RB1;RAB13;SNAPIN
CLN8,GO_Biological_Process_2023,prerank,Cellular Response To Vascular Endothelial Growth Factor Stimulus (GO:0035924),-0.33761909024045755,-0.7839559115114654,0.8389380530973451,1.0,1.0,16/33,26.90%,VEGFC;PGF;SEMA6A;FLT4;NOTCH1;FLT1;MAPK14;SPHK1;VEGFA;NR4A1;PRKD1;GAS1;SPRY2;ERN1;DAB2IP;MAP2K3
CLN8,GO_Biological_Process_2023,prerank,Regulation Of Small Molecule Metabolic Process (GO:0062012),-0.32551097477367363,-0.7839402649560065,0.850828729281768,1.0,1.0,10/40,22.68%,DGKQ;SIRT1;GCK;PANK2;ACADL;OGT;FMO5;EP300;FOXK2;PDK1
CLN8,GO_Biological_Process_2023,prerank,Modulation By Host Of Viral Process (GO:0044788),0.3663247692070535,0.7837272132612345,0.8140043763676149,1.0,1.0,9/22,17.02%,PITX3;PPIB;LTF;PAIP1;FASN;PI4KA;CDC42;NUCKS1;ZNF502
CLN8,GO_Biological_Process_2023,prerank,Negative Regulation Of Defense Response (GO:0031348),-0.2799712042663932,-0.7836145057892374,0.9672977624784854,1.0,1.0,37/111,26.31%,ENPP3;KLF4;IL22RA1;GATA3;IFI16;PROC;PCBP2;FNDC4;YWHAZ;ILRUN;ELF4;C1QTNF3;SIRPA;TYRO3;FXR1;PRKCD;FEM1A;IRAK3;MAPK7;IRGM;ARNT;GPER1;NLRP12;AOAH;CACTIN;ATG12;RB1;SLC39A8;LRFN5;CGAS;MACIR;MYO1C;GHRL;NR1H3;EXTL3;RNF26;TEK
CLN8,GO_Biological_Process_2023,prerank,Regulation Of B Cell Receptor Signaling Pathway (GO:0050855),0.38979676818525527,0.7834783576115323,0.7730192719486081,1.0,1.0,2/16,3.35%,GCSAM;CD22
CLN8,GO_Biological_Process_2023,prerank,Activation Of Protein Kinase Activity (GO:0032147),-0.2942316374600169,-0.783407257444866,0.9290540540540541,1.0,1.0,27/81,22.11%,ADRA2B;CALCA;CARD14;PDPK1;STRADA;JAK2;AXIN1;LEP;INSR;ADRB2;TGFBR2;OSBPL8;ZFP91;NRG1;PRKCD;PIBF1;EMP2;ANGPT1;PINK1;PRRC1;GAS6;VEGFA;IL18;CLSPN;MARK2;PTK2B;MALT1
CLN8,GO_Biological_Process_2023,prerank,Neurogenesis (GO:0022008),0.30939984985306807,0.7832881237215923,0.8825995807127882,1.0,1.0,14/49,20.04%,WNT2;GCM1;CXCR4;TGFB2;METTL3;DCHS1;APEX1;BTBD2;ERCC6;EPHB1;PCSK9;ERBB2;BTBD3;ROGDI
CLN8,GO_Biological_Process_2023,prerank,Response To Lipopolysaccharide (GO:0032496),0.2640722730739376,0.7831105365063443,0.9907192575406032,1.0,1.0,31/156,18.29%,SELP;GFI1;CD68;GBP3;CYP27B1;PF4V1;ERBIN;HMGB1;CXCL3;NR1D1;PF4;PLAA;NOS2;NOD2;EHHADH;CD86;WNT5A;TNFRSF1B;CTR9;IRAK1;NFKB1;PRDX3;AXL;CASP7;TIRAP;HNRNPA0;RELA;ADAM17;FER;MAPKAPK2;FOXP1
CLN8,GO_Biological_Process_2023,prerank,Positive Regulation Of mRNA Catabolic Process (GO:0061014),-0.3189473731303698,-0.7830324549935757,0.847953216374269,1.0,1.0,22/45,25.97%,ZFP36;NANOS3;RBM24;CNOT1;UPF1;CPEB3;TNRC6B;CNOT8;FXR1;GIGYF2;ZC3H12A;METTL16;ZC3HAV1;NANOS1;PNPT1;CNOT7;METTL14;ROCK2;BTG2;FTO;TNRC6C;POLR2G
CLN8,GO_Biological_Process_2023,prerank,Regulation Of Tumor Necrosis Factor-Mediated Signaling Pathway (GO:0010803),0.30814295369793987,0.7827165745250244,0.8881118881118881,1.0,1.0,15/48,21.58%,CARD8;APOA1;HSPA1A;IKBKB;SPATA2;PTPN2;IKBKE;GPS2;CPNE1;SPPL2B;MAPKAPK2;MIB2;GSTP1;SHARPIN;SPPL2A
CLN8,GO_Biological_Process_2023,prerank,Regulation Of Glycogen Biosynthetic Process (GO:0005979),-0.3579252431027197,-0.7827128997623987,0.8100172711571675,1.0,1.0,7/25,17.25%,PPP1R3G;GCK;INSR;INPP5K;PPP1R3F;ENPP1;IRS2
CLN8,GO_Biological_Process_2023,prerank,Enzyme-Linked Receptor Protein Signaling Pathway (GO:0007167),-0.2773564978293763,-0.7826854342106905,0.9664310954063604,1.0,1.0,33/123,18.07%,YES1;BMPR2;FGFR3;NTRK1;NTRK2;EFS;HCK;GUCY2F;PDGFRB;SH2D6;JAK2;INSR;MPZL1;NPR2;CLNK;IL6ST;NPPC;SYK;FLT4;GUCY2C;LRP1;TYRO3;FLT1;DOK4;FLT3;LYN;RET;RAPGEF1;BDKRB2;SHC4;UXT;PTPRT;PTN
CLN8,GO_Biological_Process_2023,prerank,protein-DNA Complex Disassembly (GO:0032986),-0.3711037013934452,-0.7826025256436188,0.7708703374777975,1.0,1.0,4/20,11.06%,SMARCE1;SMARCD3;ARID2;GRWD1
CLN8,GO_Biological_Process_2023,prerank,Regulation Of Phosphatidylinositol 3-Kinase Activity (GO:0043551),-0.3404819587155509,-0.7823339182312438,0.8290909090909091,1.0,1.0,19/34,26.86%,TNFAIP8L3;FGFR3;PDGFRB;PTK2;KIT;FLT1;FLT3;WDR91;P2RY12;ATG14;WASHC1;FGF2;PTK2B;PRKD1;PDGFB;WDR81;TEK;RUBCN;DAB2IP
CLN8,GO_Biological_Process_2023,prerank,Regulation Of Cardiac Muscle Contraction (GO:0055117),-0.33369942414144443,-0.7822815823326892,0.8355387523629489,1.0,1.0,12/35,21.77%,GJA5;P2RX4;SLC8A1;NOS1;SCN5A;RGS2;ZC3H12A;PLN;RYR2;CALM3;CALM1;CALM2
CLN8,GO_Biological_Process_2023,prerank,Positive Regulation Of Response To Biotic Stimulus (GO:0002833),-0.3271558844574134,-0.7820085146232779,0.8729281767955801,1.0,1.0,16/41,24.84%,SH2D1B;IFNK;POLR3G;NLRP10;CD1D;FADD;POLR3C;DHX9;BMP6;TRIM56;IFI35;GRN;RNF185;PRKCA;MYO1C;PLSCR1
CLN8,GO_Biological_Process_2023,prerank,Translesion Synthesis (GO:0019985),0.35869013817879414,0.7817206065906077,0.7840172786177105,1.0,1.0,5/23,12.84%,TNFSF13B;TENT4A;MAD2L2;SPRTN;PCLAF
CLN8,GO_Biological_Process_2023,prerank,Plasma Membrane Bounded Cell Projection Organization (GO:0120036),-0.276161182998401,-0.7817160385765307,0.9595959595959596,1.0,1.0,42/131,23.17%,STMN4;FLRT3;POU4F1;STMND1;CATIP;SH3GL2;MAPT;TBC1D24;TTC17;FRYL;APP;RAB35;VAPA;RASGRF1;RAPGEF2;PPP1R9B;CORO1B;UHMK1;RAB6A;MICALL1;HDGFL3;NRTN;NCDN;LRP12;AGER;LYN;WDPCP;CDK16;ULK1;PPP1R9A;MANF;STX3;PKD2;MICALL2;CCDC32;MNS1;RAB6B;FRY;PTPRM;RB1;RAB13;SNAPIN
CLN8,GO_Biological_Process_2023,prerank,Positive Regulation Of Heart Contraction (GO:0045823),0.35965104563739925,0.7812711620617622,0.8008658008658008,1.0,1.0,6/21,12.73%,APLN;EDN1;TGFB2;APELA;KCNQ1;CHGA
CLN8,GO_Biological_Process_2023,prerank,Positive Regulation Of Substrate Adhesion-Dependent Cell Spreading (GO:1900026),0.32414595336454055,0.7809392450182928,0.8537735849056604,1.0,1.0,6/35,9.81%,DMTN;CRK;NELL1;APOA1;RAC1;S100A10
CLN8,GO_Biological_Process_2023,prerank,Negative Regulation Of DNA Biosynthetic Process (GO:2000279),0.3375566098856499,0.7809234732388813,0.8400900900900901,1.0,1.0,12/30,21.05%,CTC1;TERF1;DACH1;NIBAN2;EXOSC10;PINX1;TINF2;MEN1;TP53;GNL3L;TERF2;TENM1
CLN8,GO_Biological_Process_2023,prerank,Regulation Of Cholesterol Metabolic Process (GO:0090181),0.3575486776583028,0.7808901845104278,0.8004291845493562,1.0,1.0,9/23,19.32%,APOA1;LDLRAP1;ACADVL;LPCAT3;ABCG1;EPHX2;TTC39B;ARV1;NR1H4
CLN8,GO_Biological_Process_2023,prerank,Regulation Of Protein Modification Process (GO:0031399),0.3150099700435637,0.7804609153553196,0.8788546255506607,1.0,1.0,14/45,18.85%,ROPN1L;PPIB;SPRED2;ATG101;FN1;NDUFS4;CCDC88A;IGF1;FNIP1;RB1CC1;STAT2;HSPB1;FER;ATG7
CLN8,GO_Biological_Process_2023,prerank,Ribonucleoside Bisphosphate Metabolic Process (GO:0033875),0.35946059050791085,0.7802110790015032,0.7965367965367965,1.0,1.0,7/24,14.32%,ACOT6;ACOT12;BAAT;ACSL6;ACOT2;MLYCD;ACOT7
CLN8,GO_Biological_Process_2023,prerank,Purine Nucleoside Bisphosphate Metabolic Process (GO:0034032),0.35946059050791085,0.7802110790015032,0.7965367965367965,1.0,1.0,7/24,14.32%,ACOT6;ACOT12;BAAT;ACSL6;ACOT2;MLYCD;ACOT7
CLN8,GO_Biological_Process_2023,prerank,Myeloid Cell Activation Involved In Immune Response (GO:0002275),-0.39024752777689237,-0.7800787690604282,0.7827648114901257,1.0,1.0,7/17,24.45%,ENPP3;SYK;IFI35;DOCK2;PYCARD;SBNO2;MYO1C
CLN8,GO_Biological_Process_2023,prerank,Non-Membrane-Bounded Organelle Assembly (GO:0140694),0.26670576709501786,0.7800722173116411,0.9681093394077449,1.0,1.0,40/133,19.56%,GOLGA8IP;ZAR1;CAPN3;LSM3;GOLGA8K;EDC3;TUBGCP2;PRRC2C;RNF213;HAUS7;CENPA;CENPF;MYOZ1;NEK6;HAUS3;DAZAP2;FMR1;DDX3X;ATXN2L;TMOD3;CEP63;MAPRE2;CCDC61;LMOD1;G3BP2;HAUS6;HDAC3;SH3PXD2B;DYNC1H1;YTHDF2;MRPL22;RPS23;BICD1;CENPE;DHX37;NEK2;GRB7;LSM4;CSDE1;DHX29
CLN8,GO_Biological_Process_2023,prerank,Negative Regulation Of Wound Healing (GO:0061045),0.3378072925707813,0.779912474165958,0.8387799564270153,1.0,1.0,7/28,14.47%,THBD;EDN1;CRK;TFPI;MYOZ1;CLDN19;EPPK1
CLN8,GO_Biological_Process_2023,prerank,Negative Regulation Of ERK1 And ERK2 Cascade (GO:0070373),0.3152854564736297,0.7797117461417534,0.8536585365853658,1.0,1.0,14/46,20.20%,GBP1;PSCA;SPRED2;SPRED3;RANBP9;PTPN2;PHB1;PTPRR;RPS6KA6;DUSP4;DLG1;GSTP1;PTPN1;SPRY1
CLN8,GO_Biological_Process_2023,prerank,Substrate Adhesion-Dependent Cell Spreading (GO:0034446),-0.3302163331453662,-0.7796021269646527,0.8420107719928187,1.0,1.0,6/36,6.49%,RADIL;FERMT3;ITGA8;LPXN;ITGA4;LAMC1
CLN8,GO_Biological_Process_2023,prerank,Linoleic Acid Metabolic Process (GO:0043651),-0.3807705426523601,-0.7794863377536287,0.8037383177570093,1.0,1.0,5/19,9.32%,ELOVL3;ALOX15;CYP4A22;ELOVL2;RAPSN
CLN8,GO_Biological_Process_2023,prerank,Positive Regulation Of Protein Catabolic Process (GO:0045732),0.2709902079570879,0.7789708965565341,0.9688195991091314,1.0,1.0,28/92,18.93%,OSBPL7;TNFSF13B;ADRA2A;VPS11;KCNE2;FAF1;DCAF1;SNX33;FMR1;ADAM8;RILP;OAZ3;APC2;WNT5A;TNFRSF1B;AMER1;BAG2;PSMC6;OAZ2;PSMC5;FURIN;PSMC3;PCSK9;SORL1;CUL4A;RBX1;ATG7;CSNK2A1
CLN8,GO_Biological_Process_2023,prerank,Hematopoietic Progenitor Cell Differentiation (GO:0002244),0.34259353013564103,0.778913642159236,0.831081081081081,1.0,1.0,8/28,20.25%,PRRC2C;INHBA;BMP4;SBDS;FSTL3;UFL1;TP53;FST
CLN8,GO_Biological_Process_2023,prerank,Regulation Of Transferase Activity (GO:0051338),-0.37792252077543687,-0.7787901288284422,0.8043087971274686,1.0,1.0,7/21,17.48%,FEM1B;HPF1;PPP1R3F;HMBOX1;FEM1A;EMP2;SPINDOC
CLN8,GO_Biological_Process_2023,prerank,Protein Secretion (GO:0009306),-0.29789456865836245,-0.7784999419834805,0.9144851657940664,1.0,1.0,28/67,25.65%,PPY;WLS;AP1M2;PCSK5;MON1A;RAB3C;CAMK2G;NECAB3;TANGO2;PORCN;RAB8A;COPG2;MIA2;CYB5R4;CANX;ARFGAP3;AP1G1;AP1B1;RAB13;TANGO6;PDIA4;TVP23C;TVP23A;RIMS2;COPG1;GOLPH3;GAL;RAB8B
CLN8,GO_Biological_Process_2023,prerank,ncRNA-mediated Post-Transcriptional Gene Silencing (GO:0035194),-0.3759873797482078,-0.7783084959850359,0.7891682785299806,1.0,1.0,14/18,30.09%,CNOT1;NCBP2;TNRC6B;CNOT8;WTIP;AJUBA;CNOT7;CNOT6;TNRC6C;LIMD1;CELF1;EIF6;HELZ2;MOV10
CLN8,GO_Biological_Process_2023,prerank,Modified Amino Acid Transport (GO:0072337),-0.3480955631380882,-0.7782469832922253,0.8346456692913385,1.0,1.0,14/29,26.64%,SLC7A7;SLC47A1;SLC7A1;CTNS;SLC7A2;SLC19A1;SLC16A12;SLC16A9;SLC46A1;PDPN;SLC7A6;SLC7A11;SLC22A2;SLC25A32
CLN8,GO_Biological_Process_2023,prerank,Cardiac Ventricle Morphogenesis (GO:0003208),-0.3207591123917931,-0.77743078979642,0.8561151079136691,1.0,1.0,6/42,12.32%,HAND1;GATA3;CPE;HEY2;TGFBR2;NOTCH1
CLN8,GO_Biological_Process_2023,prerank,Response To Exogenous dsRNA (GO:0043330),0.3400064340400166,0.7769675806664964,0.8506224066390041,1.0,1.0,5/27,11.84%,IFIH1;IFIT1;PQBP1;ZCCHC3;FLOT1
CLN8,GO_Biological_Process_2023,prerank,Protein Quality Control For Misfolded Or Incompletely Synthesized Proteins (GO:0006515),0.3430028568378197,0.7767140549270686,0.8492239467849224,1.0,1.0,11/27,21.87%,UFD1;DERL1;TOR1A;CUL3;KLHL15;ZER1;RNF5;ZYG11B;OMA1;ANKZF1;ATXN3
CLN8,GO_Biological_Process_2023,prerank,Regulation Of Cardiac Muscle Hypertrophy (GO:0010611),-0.35945947640523457,-0.7765860240307394,0.8014705882352942,1.0,1.0,12/23,24.35%,GLRX3;P2RX4;IL6ST;NOTCH1;RGS2;MEF2A;SMAD4;LMCD1;MLIP;MTPN;ROCK2;PRKCA
CLN8,GO_Biological_Process_2023,prerank,Sphingolipid Biosynthetic Process (GO:0030148),-0.29085534099147287,-0.7765785734726146,0.9222614840989399,1.0,1.0,21/76,17.55%,CLN8;ELOVL3;ALDH3B1;SMPD1;ELOVL2;ASAH1;OSBP;VAPA;ACER3;HACD1;HACD2;SPTSSA;PPM1L;PLPP1;ORMDL3;SMPD4;ST8SIA5;AGK;SGMS1;ST6GALNAC5;SPHK1
CLN8,GO_Biological_Process_2023,prerank,Regulation Of Signal Transduction (GO:0009966),0.2564939164606233,0.7765555452246379,0.9946524064171123,1.0,1.0,53/192,18.36%,LRIT3;CD36;GRK4;RGS20;ZIC1;MZB1;SULF1;GDNF;PRNP;CDK13;OTX2;USP33;SOCS5;FRMPD1;ITGA3;CRK;NELL1;DCDC2;LRRK2;DOK5;LURAP1L;ZDHHC17;CD63;FGFR2;UGCG;TSPYL2;TMEM237;SLC8A3;AKR1C3;MAPK8IP2;SLC24A4;BRAP;PTPN2;IRAK1;SNW1;RFNG;LLGL1;PRAG1;RASGRP4;CHRNA7;CLU;NUCKS1;RGS5;DYNLT1;YJEFN3;GRK5;FYN;TSPAN15;IGFBPL1;GLI1;IGFBP2;PPIA;INTU
CLN8,GO_Biological_Process_2023,prerank,Positive Regulation Of Syncytium Formation By Plasma Membrane Fusion (GO:0060143),-0.3929299307997842,-0.7764560834215329,0.7883597883597884,1.0,1.0,4/15,16.51%,CD53;CAMK1;MAPK14;EHD2
CLN8,GO_Biological_Process_2023,prerank,Cellular Response To Peptide (GO:1901653),0.2983511600499172,0.7759671433636819,0.909297052154195,1.0,1.0,19/56,19.05%,CD36;PRNP;DDX11;ATP1A3;NOD2;CYP11A1;NGFR;CDK5;RPL17;IGF1;LGMN;NOD1;FYN;CACNB1;ARHGEF2;CAV1;TP53;MDM2;ZFP36L1
CLN8,GO_Biological_Process_2023,prerank,Artery Morphogenesis (GO:0048844),0.331142685995515,0.7759550283227754,0.8240343347639485,1.0,1.0,7/30,8.61%,NOG;FOLR1;HPGD;NELL1;BMP4;TGFB2;NF1
CLN8,GO_Biological_Process_2023,prerank,Regulation Of Neurotransmitter Receptor Activity (GO:0099601),-0.3214483267613178,-0.7759342884888366,0.8485370051635112,1.0,1.0,13/42,17.13%,OPRM1;SHISA7;GSG1L;CACNG7;CACNG4;SHISA9;APP;NETO1;NPTX2;SHANK1;NPTXR;MEF2C;DLGAP4
CLN8,GO_Biological_Process_2023,prerank,Negative Regulation Of Protein Ubiquitination (GO:0031397),0.30011870705338983,0.7757982604185599,0.9030732860520094,1.0,1.0,22/54,21.22%,ADGRB1;PARK7;DTX3L;DNAJA1;HSPA1A;SVBP;AKT1;PINX1;NXN;N4BP1;FBXO5;BAG2;SOX4;UFL1;CAV1;SMAD7;ISG15;GNL3L;SIRT7;CAMLG;BAG5;USP4
CLN8,GO_Biological_Process_2023,prerank,Regulation Of Neuroblast Proliferation (GO:1902692),-0.3626077842435348,-0.7757001116563998,0.822262118491921,1.0,1.0,9/24,19.98%,BCAN;ZNF335;TAFA1;SMARCD3;FZD3;HAPLN3;PTN;VEGFA;NCAN
CLN8,GO_Biological_Process_2023,prerank,Polyol Biosynthetic Process (GO:0046173),0.39528508223883696,0.7753357195764182,0.7970085470085471,1.0,1.0,4/15,14.02%,CYP27B1;CYP27A1;ITPKB;ITPKC
CLN8,GO_Biological_Process_2023,prerank,Cell Morphogenesis Involved In Neuron Differentiation (GO:0048667),0.28690787705126136,0.7751931194649586,0.9485981308411215,1.0,1.0,21/77,16.35%,ADGRB1;NEFH;SLITRK1;NTNG1;DCDC2;DSCAML1;CTNNA2;ZDHHC17;PLPPR4;FGFR2;MAP2;MAPK8IP2;CDK5;NRCAM;UNK;LLGL1;CNTN4;CCK;DOCK7;TBCD;CDHR1
CLN8,GO_Biological_Process_2023,prerank,Positive Regulation Of BMP Signaling Pathway (GO:0030513),0.3490399903092804,0.7751795932162359,0.8040089086859689,1.0,1.0,9/24,17.70%,FOXD1;SULF1;GDF5;BMP4;SCUBE3;ELAPOR2;UBE2O;CRB2;RNF165
CLN8,GO_Biological_Process_2023,prerank,Regulation Of Cardiac Muscle Cell Action Potential (GO:0098901),-0.35063451192867834,-0.7751542503634122,0.8296703296703297,1.0,1.0,10/28,21.72%,GJA5;DSG2;TRPM4;RYR2;CALM3;TMEM161B;DSC2;CALM1;RANGRF;CACNA1C
CLN8,GO_Biological_Process_2023,prerank,Monoubiquitinated Protein Deubiquitination (GO:0035520),0.3306058445193994,0.7749593213564202,0.847682119205298,1.0,1.0,13/33,18.25%,TAF9;KAT2A;KAT2B;ATXN7;SF3B3;ENY2;TAF7;RNF2;USP16;TAF12;TRRAP;SUPT3H;TMEM98
CLN8,GO_Biological_Process_2023,prerank,Transcription By RNA Polymerase III (GO:0006383),0.34059945950836346,0.7748976619403735,0.8187919463087249,1.0,1.0,9/28,19.05%,GTF3A;SNAPC1;POLR3H;GTF3C3;ZC3H8;POLR3GL;TBP;ICE1;ZFP36L1
CLN8,GO_Biological_Process_2023,prerank,Positive Regulation Of Cell Cycle G1/S Phase Transition (GO:1902808),0.31407355467826986,0.7748917330951144,0.9137529137529138,1.0,1.0,17/40,23.88%,MBLAC1;AKT1;HYAL1;RRM1;DDX3X;EZH2;UBE2E2;LSM11;PLCG2;GLI1;PAGR1;TFDP1;ANKRD17;PHB2;NANOGP8;ADAMTS1;RPTOR
CLN8,GO_Biological_Process_2023,prerank,Positive Regulation Of Receptor Signaling Pathway Via JAK-STAT (GO:0046427),0.3196769271252984,0.7748713140886149,0.8625277161862528,1.0,1.0,1/37,0.14%,PRL
CLN8,GO_Biological_Process_2023,prerank,rRNA Modification (GO:0000154),0.38058809554794143,0.7748517563237398,0.7827102803738317,1.0,1.0,8/17,23.40%,TRMT112;DKC1;MRM2;FBLL1;NOP10;TFB2M;FBL;TFB1M
CLN8,GO_Biological_Process_2023,prerank,Positive Regulation Of Ossification (GO:0045778),-0.32514829643060306,-0.7745742189119627,0.8653846153846154,1.0,1.0,19/41,26.15%,BMP2;BMPR2;ZBTB16;ATP2B1;WNT4;P2RX7;SLC8A1;CCNA2;MEF2C;BMP6;PTN;SOX11;FBN2;PTPN11;SLC20A2;PKDCC;OXSR1;ACVR2B;BMP7
CLN8,GO_Biological_Process_2023,prerank,Negative Regulation Of DNA-binding Transcription Factor Activity (GO:0043433),-0.27136878370991097,-0.7744108489930293,0.9789103690685413,1.0,1.0,45/148,23.91%,HAND1;LRRC14;KLF4;CHP1;XCL1;PARP10;FOXP3;MDFI;COMMD1;SIRT1;NWD1;IRAK2;TNFSF4;ARRB1;FOXJ1;TBX6;TAX1BP1;BTRC;WWP2;IRAK3;ZC3H12A;NFKBIA;PKD1;WFS1;ZNF675;SIK1;ID2;SIGIRR;GAS6;NLRP2;DAP;PKD2;NLRP12;CACTIN;CEBPG;USP7;TCF7L2;HDAC4;RB1;SUMO1;TAF1;HES1;PSMD10;PYCARD;HDAC2
CLN8,GO_Biological_Process_2023,prerank,Cytosolic Transport (GO:0016482),-0.27436119140553733,-0.7742978215242449,0.9770723104056437,1.0,1.0,59/125,26.88%,SLC66A2;TBC1D10C;RBSN;SORT1;EEA1;MON2;RAB29;WASH2P;AP2A1;YKT6;RAB6A;STX5;VPS26A;MAGEL2;VPS26B;EMP2;VPS50;WDR91;VPS53;KLHL20;KIF16B;AP4M1;LMTK2;VPS54;HEATR5A;CLN5;PTPN23;GGA1;VPS51;ATG14;WASHC1;AP1G1;TRIM27;TMEM87A;TBC1D10B;RAB6B;HOOK1;VPS13C;DCTN1;PREPL;RAB9A;RAB7A;RAB43;LAMP1;CLTC;WIPF3;STX16;ANKRD27;HOOK3;WDR81;SPAG9;STX10;PIKFYVE;PLEKHJ1;SNF8;TBC1D5;FHIP1B;RAB5A;VTI1A
CLN8,GO_Biological_Process_2023,prerank,Positive Regulation Of Nitric Oxide Metabolic Process (GO:1904407),-0.34769941704572976,-0.7742847725205994,0.8215613382899628,1.0,1.0,7/28,14.26%,TMEM106A;KLF4;AGXT2;P2RX4;INSR;SMAD3;DDAH1
CLN8,GO_Biological_Process_2023,prerank,DNA Biosynthetic Process (GO:0071897),-0.37487982519869,-0.7739115224288271,0.7927063339731286,1.0,1.0,8/17,27.05%,SIRT1;WRN;HROB;POLD2;TYMS;POLH;WRNIP1;POLA1
CLN8,GO_Biological_Process_2023,prerank,Regulation Of Proteasomal Protein Catabolic Process (GO:0061136),-0.3118958719889678,-0.7738591940699276,0.8724954462659381,1.0,1.0,11/53,17.47%,DNAAF4;ECSCR;GABARAPL2;COMMD1;TMF1;RHBDF1;XPO1;PSMC2;PKD1;RAD23B;PINK1
CLN8,GO_Biological_Process_2023,prerank,Regulation Of Epidermal Growth Factor-Activated Receptor Activity (GO:0007176),0.3431742897832243,0.7735114554719151,0.8243243243243243,1.0,1.0,5/26,7.09%,CBLC;ZFYVE28;BTC;SOCS5;ADRA2A
CLN8,GO_Biological_Process_2023,prerank,BMP Signaling Pathway (GO:0030509),-0.3054469441438378,-0.7732756832454089,0.891566265060241,1.0,1.0,14/60,17.92%,BMP2;GDF7;SMAD9;BMPR2;RGMA;CHRD;SMAD6;TMEM100;GDF3;NODAL;USP9X;BMP6;SMAD4;HIVEP1
CLN8,GO_Biological_Process_2023,prerank,Establishment Of Protein Localization To Vacuole (GO:0072666),-0.3515871036172529,-0.7731403566669965,0.8368794326241135,1.0,1.0,11/27,23.42%,VPS37B;VPS37C;CACNG7;CACNG4;VPS8;VPS28;MVB12A;STAM2;PTPN23;VPS13C;VPS41
CLN8,GO_Biological_Process_2023,prerank,Positive Regulation Of Cell-Matrix Adhesion (GO:0001954),0.3098142780401171,0.7729240045483259,0.8896247240618101,1.0,1.0,12/43,15.67%,CD36;CSF1;NELL1;RAC1;RIN2;S100A10;KDR;PLEKHA2;COL16A1;EPHA1;RRAS;FUT1
CLN8,GO_Biological_Process_2023,prerank,Positive Regulation Of Nitric Oxide Biosynthetic Process (GO:0045429),0.3375579282742377,0.7724848150162599,0.8377192982456141,1.0,1.0,4/27,8.55%,CLEC7A;CD36;EDN1;AKT1
CLN8,GO_Biological_Process_2023,prerank,Protein Targeting (GO:0006605),-0.274287247909195,-0.7724253750812338,0.9777015437392796,1.0,1.0,49/128,24.83%,MGARP;ZDHHC22;AP1M2;VPS37B;SPCS2;KIF13B;VPS37C;FBXO7;ZFAND2A;ZDHHC19;TOMM34;PARD3;ZDHHC11B;VPS8;ZDHHC21;AP3D1;BCAP31;MICALL1;RAB3IP;ZDHHC9;MFF;HOMER3;ZDHHC6;ZFAND2B;PEX19;TOMM40;LONP2;SPCS3;AP4M1;ZDHHC14;TIMM44;RTP1;AP4B1;ZDHHC20;TOMM22;ZDHHC11;SRPRA;TIMM9;DNAJC19;TIMM10;ZDHHC4;ZFAND6;VPS13C;VPS41;ZDHHC3;TAOK2;MYO1C;PEX12;HACL1
CLN8,GO_Biological_Process_2023,prerank,Regulation Of Neuron Differentiation (GO:0045664),0.2829502342856859,0.7723102308045096,0.9531615925058547,1.0,1.0,27/79,20.74%,KCTD11;RELN;GDPD5;GPRC5B;LRRK2;MOSMO;PCP4;DISP3;ADRA2C;TCF3;BRINP3;NRCAM;BIN1;ZFHX2;NEPRO;REST;CNTN4;HEYL;NLGN1;NGF;CPNE1;CASZ1;ARHGEF2;SIN3A;ZC4H2;FGFR1;NTF3
CLN8,GO_Biological_Process_2023,prerank,Protein Localization To Chromosome (GO:0034502),0.318479661018656,0.7723059186098175,0.8934240362811792,1.0,1.0,15/40,18.26%,PARP1;MRNIP;MMS22L;IFFO1;TPP1;CENPA;FAM47E;ESR1;PINX1;TINF2;TERF2IP;SLF1;PLK1;RAD21;MCM9
CLN8,GO_Biological_Process_2023,prerank,Regulation Of Synapse Assembly (GO:0051963),0.3022434310575531,0.772296982315087,0.9030837004405287,1.0,1.0,15/51,19.92%,SLIT1;IL1RAPL1;MYCBP2;SLITRK1;IL1RAPL2;TLR2;SYNDIG1;NLGN1;CLSTN2;CLSTN3;LHFPL4;EPHB1;SETD5;NRXN1;NLGN3
CLN8,GO_Biological_Process_2023,prerank,Regulation Of Bone Mineralization (GO:0030500),-0.30466058214512043,-0.7722632617766988,0.9151414309484193,1.0,1.0,16/58,18.07%,BMP2;SRGN;BMPR2;FGF23;AHSG;ATP2B1;WNT4;P2RX7;SLC8A1;ENPP1;NBR1;CCNA2;TRPM4;MEF2C;BMP6;PTN
CLN8,GO_Biological_Process_2023,prerank,Negative Regulation Of Secretion By Cell (GO:1903531),0.3151709202324088,0.7721947218872832,0.8635346756152126,1.0,1.0,10/40,14.84%,HRH3;IL1RAPL1;IL11;DPH3;DRD3;GRM7;LIF;TNFRSF1B;CHGA;WDR41
CLN8,GO_Biological_Process_2023,prerank,Negative Regulation Of Cell Projection Organization (GO:0031345),0.3034969026609248,0.7721736582378268,0.9146608315098468,1.0,1.0,9/50,10.31%,GFI1;ADCY6;RTN4R;RTN4RL1;GAK;PRNP;PAQR3;CBFA2T2;STMN2
CLN8,GO_Biological_Process_2023,prerank,Peptide Catabolic Process (GO:0043171),0.35519310080155164,0.7720842716627352,0.8112359550561797,1.0,1.0,5/21,12.28%,CPQ;ERAP1;DPEP1;TPP1;CTSH
CLN8,GO_Biological_Process_2023,prerank,Fat-Soluble Vitamin Metabolic Process (GO:0006775),-0.3597000293184948,-0.7716274393220436,0.8082706766917294,1.0,1.0,2/24,3.06%,NPC1L1;LRP2
CLN8,GO_Biological_Process_2023,prerank,Positive Regulation Of Ubiquitin-Dependent Protein Catabolic Process (GO:2000060),0.28501886100187707,0.7714670621814991,0.9341176470588235,1.0,1.0,29/83,20.23%,CBFA2T3;DNAJB2;NKD2;SOCS5;GABARAP;HSPA1A;LRRK2;ANKIB1;PABIR1;DET1;SMURF1;BAG2;COP1;ARIH2;CCDC22;ZER1;HSPBP1;PLK1;NUB1;CLU;RNF19B;AXIN2;SMAD7;RBX1;MDM2;KEAP1;DDA1;ZYG11B;L3MBTL3
CLN8,GO_Biological_Process_2023,prerank,"Alternative mRNA Splicing, Via Spliceosome (GO:0000380)",0.3807795273323792,0.7713391957093525,0.79375,1.0,1.0,4/16,14.12%,CELF4;PQBP1;SLU7;DDX5
CLN8,GO_Biological_Process_2023,prerank,Protein Targeting To Membrane (GO:0006612),-0.2933512735525313,-0.7712569936412336,0.9275618374558304,1.0,1.0,31/71,26.12%,GET4;ZDHHC22;VPS37B;VPS37C;ZDHHC19;PARD3;ZDHHC11B;ZDHHC21;MICALL1;RAB3IP;ZDHHC9;ZDHHC6;PEX19;SSR2;BAG6;ZDHHC14;SSR1;RTP1;ZDHHC20;ZDHHC11;SGTB;SRPRA;TRAM1;ZDHHC4;ZDHHC3;TAOK2;MYO1C;CHMP4A;SEC62;RAB8B;PIKFYVE
CLN8,GO_Biological_Process_2023,prerank,Positive Regulation Of Calcium Ion Transmembrane Transport (GO:1904427),-0.31753921494789417,-0.771194884381758,0.9009009009009009,1.0,1.0,9/42,12.91%,XCL1;P2RX2;P2RX4;PDPK1;F2;RAMP3;P2RX7;NPSR1;PPP3CA
CLN8,GO_Biological_Process_2023,prerank,Positive Regulation Of Receptor Signaling Pathway Via STAT (GO:1904894),0.31952038398181776,0.7711915305559979,0.8922413793103449,1.0,1.0,1/37,0.14%,PRL
CLN8,GO_Biological_Process_2023,prerank,Positive Regulation Of Lymphocyte Activation (GO:0051251),-0.31571888863680475,-0.7710717675048004,0.8835125448028673,1.0,1.0,9/45,12.97%,CCDC88B;ZNF335;GNAO1;HLA-DPA1;CCL2;TICAM1;TNFSF4;CD47;SIRPA
CLN8,GO_Biological_Process_2023,prerank,Positive Regulation Of Insulin Secretion (GO:0032024),-0.321750026639272,-0.7708263358219866,0.8840579710144928,1.0,1.0,19/40,26.51%,GCK;PLA2G6;LRRC8A;DOC2B;TRPM4;IRS2;MCU;SIRT6;GPLD1;TUNAR;GPER1;BAD;TCF7L2;POLR2D;GHRL;ANO1;HLA-DRB1;STX4;NLGN2
CLN8,GO_Biological_Process_2023,prerank,B Cell Differentiation (GO:0030183),0.2958658273967323,0.7706859069380441,0.9295154185022027,1.0,1.0,18/60,20.19%,RAG2;CR2;IL11;CLCF1;PIK3R1;DCAF1;TCF3;PIK3R3;PTPN2;TOP2B;FNIP1;GPS2;PIK3R2;PLCG2;ITGB1;PTPRJ;PIK3CD;DNAJB9
CLN8,GO_Biological_Process_2023,prerank,Negative Regulation Of Protein Kinase Activity (GO:0006469),-0.2828981482647107,-0.7706309230072265,0.9608177172061328,1.0,1.0,29/88,23.81%,LILRB4;CHP1;TRIB3;PDPK1;QARS1;INPP5K;EPHB2;PTPRO;DUSP10;SFN;SLC8A1;TSC2;SRCIN1;PTPRT;TESK1;DUSP19;SNCA;TRIB2;CORO1C;UBASH3B;TRIM27;DVL1;TARBP2;MVP;RB1;SMCR8;ADAR;SH3BP5;PYCARD
CLN8,GO_Biological_Process_2023,prerank,Mitochondrial Transport (GO:0006839),-0.3133003887216085,-0.7706049465530425,0.8905660377358491,1.0,1.0,23/53,25.43%,MGARP;FBXO7;TOMM34;BCAP31;BAK1;MFF;TOMM40;PINK1;MTX2;TIMM44;SLC25A24;SLC25A4;SLC25A16;TOMM22;TIMM9;DNAJC19;TIMM10;BAD;BCL2L1;FLVCR1;SLC25A20;COX18;PRKN
CLN8,GO_Biological_Process_2023,prerank,Cell-Cell Junction Assembly (GO:0007043),-0.29832685276957244,-0.7705168500361466,0.9265734265734266,1.0,1.0,16/71,17.03%,GJA5;CDH7;CLDN5;FBF1;CTNNA1;CDH10;CDH2;PKN2;FSCN1;PARD6B;PKP4;MPDZ;CDH1;CDH8;CDH11;CDH9
CLN8,GO_Biological_Process_2023,prerank,Cellular Defense Response (GO:0006968),-0.31283586191222634,-0.770509606591635,0.8710865561694291,1.0,1.0,4/47,8.60%,GNLY;HLA-G;FCMR;RAB23
CLN8,GO_Biological_Process_2023,prerank,Positive Regulation Of G1/S Transition Of Mitotic Cell Cycle (GO:1900087),0.3326750268244259,0.7703370639768662,0.8571428571428571,1.0,1.0,10/31,19.78%,CDK10;MBLAC1;AKT1;HYAL1;RRM1;DDX3X;UBE2E2;LSM11;TFDP1;ANKRD17
CLN8,GO_Biological_Process_2023,prerank,Positive Regulation Of Chemokine Production (GO:0032722),0.2999818758458562,0.7702796072261894,0.9157175398633257,1.0,1.0,7/53,12.03%,CLEC7A;HMGB1;TLR2;DDX3X;AZU1;WNT5A;EIF2AK2
CLN8,GO_Biological_Process_2023,prerank,Amide Biosynthetic Process (GO:0043604),0.30339844116866804,0.7701186580894075,0.9101654846335697,1.0,1.0,11/50,12.46%,CYP4F22;ASAH2;ASMT;SGMS2;ALOXE3;SLC25A15;ALOX12B;GLS2;SAMD8;SPTSSB;TLCD3B
CLN8,GO_Biological_Process_2023,prerank,Extrinsic Apoptotic Signaling Pathway (GO:0097191),-0.2985827121793267,-0.7701047733446909,0.9444444444444444,1.0,1.0,23/67,22.66%,TRADD;FGFR3;PDPK1;CIB1;HIPK1;SORT1;IFI27;JAK2;P2RX7;SMAD3;FADD;CASP8;BAK1;TNFSF12;ITGAV;BCL2L2;BOK;DIABLO;GSK3A;BAD;ERBB3;BCL2L1;CASP10
CLN8,GO_Biological_Process_2023,prerank,Positive Regulation Of Supramolecular Fiber Organization (GO:1902905),0.2754033147729342,0.770071175578433,0.9648711943793911,1.0,1.0,17/95,14.68%,CSF3;VIL1;TNXB;EDN1;SYNPO2L;RAC1;COLGALT1;PFN2;USP8;STMN2;CLIP1;PFN1;BIN1;WHAMM;LMOD1;MET;PROX1
CLN8,GO_Biological_Process_2023,prerank,Acylglycerol Metabolic Process (GO:0006639),-0.32467223634731035,-0.7699608787833851,0.8882575757575758,1.0,1.0,8/41,14.83%,DGKQ;DGAT2;ABHD6;DGKI;GCK;APOH;GALK2;DGKG
CLN8,GO_Biological_Process_2023,prerank,Positive Regulation Of Protein Ubiquitination (GO:0031398),-0.2883178796874855,-0.7698686196651664,0.9584837545126353,1.0,1.0,30/83,23.77%,PDCD6;ARRDC4;COMMD1;TRIB3;AXIN1;FAM107A;FANCI;BCL10;TSPYL5;PRICKLE1;INAVA;HUWE1;PIN1;NDFIP2;RIPK2;ANGPT1;WFS1;DCUN1D3;BRCA1;SPSB4;PINK1;SPHK1;BIRC2;PHF23;CRY1;GSK3A;MALT1;SUMO1;DCUN1D5;PSMD10
CLN8,GO_Biological_Process_2023,prerank,Mitotic Spindle Organization (GO:0007052),-0.28152759812591144,-0.7698424400186386,0.9669565217391304,1.0,1.0,27/85,22.19%,PLK3;RMDN1;MZT1;PCNT;PTPA;SMC1A;DCTN6;NUDC;MECP2;CHEK2;LSM14A;STIL;RCC1;KPNB1;MAP9;CEP126;PIBF1;SUN2;GPSM2;CKAP5;CLASP1;TNKS;SPAST;GOLGA2;CENPH;ARHGEF10;ABRAXAS2
CLN8,GO_Biological_Process_2023,prerank,Positive Regulation Of Cell-Substrate Adhesion (GO:0010811),-0.2926180267913705,-0.769706185709459,0.9324090121317158,1.0,1.0,23/71,23.35%,VIT;ALOX15;CCL25;NPNT;ENC1;CIB1;ABL1;JAK2;CSPG5;CRKL;P4HB;TRIOBP;DOCK1;EMP2;SKAP1;RELL2;TESK1;MDK;PTK2B;FERMT2;CDK6;MYADM;ILK
CLN8,GO_Biological_Process_2023,prerank,Positive Regulation Of Actin Filament Polymerization (GO:0030838),0.31414882917978254,0.7696346507481033,0.8857142857142857,1.0,1.0,1/40,0.07%,CSF3
CLN8,GO_Biological_Process_2023,prerank,Positive Regulation Of B Cell Activation (GO:0050871),-0.3078374067706422,-0.7693164382340494,0.8977272727272727,1.0,1.0,14/52,17.25%,TNFRSF13C;CHRNB2;EPHB2;TNFSF4;CD74;INSL6;HMCES;SYK;CD38;BST1;VAV3;XBP1;MEF2C;IRS2
CLN8,GO_Biological_Process_2023,prerank,Gonad Development (GO:0008406),0.2986981367955281,0.7692548172700668,0.9119047619047619,1.0,1.0,12/52,12.10%,SRD5A2;BIK;FSHR;ADAM20;BASP1;INHBA;MAMLD1;TGFB2;NCOA4;MKKS;WNT5A;AKR1C3
CLN8,GO_Biological_Process_2023,prerank,Positive Regulation Of MAP Kinase Activity (GO:0043406),0.2778176932598213,0.7691867946298276,0.9618138424821002,1.0,1.0,28/90,21.45%,DIRAS2;EDN1;SASH1;MAP3K5;ADRA2A;LRRK2;NOD2;WNT5A;EZH2;DVL2;MAP4K2;IRAK1;ROBO1;MAP3K4;HRAS;PDGFA;MAP2K7;CD40;TRAF2;MAP3K7;TRAF6;ERBB2;DVL3;PTPN1;FGFR1;NTF3;TENM1;DIRAS1
CLN8,GO_Biological_Process_2023,prerank,Regulation Of Phosphorylation (GO:0042325),-0.29126823628671206,-0.7689217700247527,0.9410745233968805,1.0,1.0,25/82,21.56%,CDKN2B;BARD1;SIRT1;SIRT2;PTK2;AMH;RAD17;APP;BCL10;PIN1;LYN;DHX34;FNIP2;EMP2;KDM4D;UXT;MCM7;GRM5;ATG14;TESK1;PLXNB2;BTBD10;KCTD20;CORO1C;CCDC88C
CLN8,GO_Biological_Process_2023,prerank,Anterograde Axonal Transport (GO:0008089),0.31674224201417617,0.7687830952318665,0.892933618843683,1.0,1.0,14/39,17.99%,AP3S1;BLOC1S6;BLOC1S2;KIF4A;BLOC1S4;ARL8B;AP3M2;KIF1C;APEX1;AP3B2;KIF5B;DLG2;HSPB1;BLOC1S1
CLN8,GO_Biological_Process_2023,prerank,Regulation Of Cell-Cell Adhesion (GO:0022407),-0.3232353339376704,-0.7686335261600704,0.8670309653916212,1.0,1.0,15/42,21.15%,FERMT3;MDGA1;PTK2;FLOT2;MAGI1;CD47;EPHA7;NODAL;NF2;PODXL;CDH1;DPP4;FUT4;CITED2;GTPBP4
CLN8,GO_Biological_Process_2023,prerank,Negative Regulation Of Developmental Process (GO:0051093),0.27157507539945763,0.768469340496212,0.9904076738609112,1.0,1.0,22/108,13.91%,GRIN3A;NKX3-1;SPI1;TENT5C;SAP30L;HDAC1;PARP1;ALPK2;RBBP4;ADCK1;PPARG;WNT9B;BMP4;TFRC;ZNF296;ELAPOR2;SFRP5;NOTCH4;SMARCD1;SF3B3;ACTL6A;SAP30
CLN8,GO_Biological_Process_2023,prerank,Protein Localization To Cell Surface (GO:0034394),0.3404242323759116,0.7680587075479943,0.8197424892703863,1.0,1.0,13/26,25.54%,PTPRU;GGA3;SMURF1;UNC50;GGA2;ARF6;RIC3;PTPRK;USP4;FBLN5;FLNA;PRRT1;CTNNB1
CLN8,GO_Biological_Process_2023,prerank,Central Nervous System Neuron Development (GO:0021954),0.377537678075195,0.767820706061749,0.8043478260869565,1.0,1.0,7/17,16.81%,ATP7A;LHX8;TAOK1;NPY;MAP2;B4GALT5;HSP90AB1
CLN8,GO_Biological_Process_2023,prerank,Protein K48-linked Ubiquitination (GO:0070936),0.2874430051789562,0.7676884495291881,0.9358407079646017,1.0,1.0,23/70,18.67%,KBTBD6;MYCBP2;DTX3L;UBE2B;TRIM25;RNF6;RNF187;ITCH;ZNRF1;ZNRF2;UBR5;FBXO45;CUL3;RNF126;ARIH2;UBE2R2;UBE2E2;TRIM45;RNF5;UBE2G1;TRIM65;RBX1;UBE3A
CLN8,GO_Biological_Process_2023,prerank,Regulation Of Actin Polymerization Or Depolymerization (GO:0008064),0.33287662014275504,0.7676736350747405,0.8488372093023255,1.0,1.0,9/27,16.54%,ESAM;PLEKHG2;BRK1;MEGF9;PFN2;TMSB4Y;PFN1;ARHGAP35;HAX1
CLN8,GO_Biological_Process_2023,prerank,Regulation Of miRNA-mediated Gene Silencing (GO:0060964),-0.3905854923646846,-0.7672667192631034,0.7988826815642458,1.0,1.0,5/15,15.50%,ZFP36;PUM2;FXR1;WTIP;DHX9
CLN8,GO_Biological_Process_2023,prerank,Positive Regulation Of DNA Binding (GO:0043388),-0.33231027901937493,-0.7671845212031869,0.8546099290780141,1.0,1.0,4/33,6.16%,SUMO4;POU4F1;GATA3;SIRT2
CLN8,GO_Biological_Process_2023,prerank,Extracellular Structure Organization (GO:0043062),-0.27630463749422357,-0.7671101736919447,0.9731182795698925,1.0,1.0,27/107,19.16%,COL7A1;MMP20;VIT;COL5A2;ADAMTS14;NPNT;MATN3;COL19A1;COL8A1;PXDN;ADAMTS19;APP;ADAMTS15;ADAMTSL4;ADAMTS4;MMP19;ADAMTS8;MATN1;TGFBI;ADAMTS2;COL5A1;COL11A1;GFOD2;ADAMTS16;MMP11;COL14A1;HPSE2
CLN8,GO_Biological_Process_2023,prerank,Regulation Of Brown Fat Cell Differentiation (GO:0090335),-0.3792040386423903,-0.7670400128598537,0.8119180633147114,1.0,1.0,4/17,9.87%,SIRT1;ZBTB7B;LEP;SIX1
CLN8,GO_Biological_Process_2023,prerank,Neuron Projection Guidance (GO:0097485),0.26317572120033284,0.7668173919494972,0.988399071925754,1.0,1.0,39/124,18.32%,EPHA10;PLA2G10;KIAA1755;CNTN6;CNTN5;SLIT1;RELN;SEMA3F;EPHB6;MYCBP2;OTX2;USP33;NELL1;DSCAML1;SEMA5B;SCN1B;ROBO3;UNC5C;EFNA1;TRIO;SEMA4D;NIBAN2;WNT5A;L1CAM;TUBB3;NRCAM;RPS6KA5;EFNA4;DPYSL5;CNTN4;SEMA3B;ARHGAP35;KIF5B;ARHGEF40;FEZ2;FYN;EPHB1;SEMA3D;DAG1
CLN8,GO_Biological_Process_2023,prerank,Chloride Transport (GO:0006821),-0.29257949603442585,-0.7665300435675816,0.9438596491228071,1.0,1.0,17/77,15.19%,SLC26A6;FXYD3;SLC26A8;SLC12A3;CLCNKB;APOL1;OSTM1;TTYH3;LRRC8A;SLC12A6;CLCN1;CLIC2;GABRG3;GABRA2;SLC26A7;CLCN3;GLRA2
CLN8,GO_Biological_Process_2023,prerank,Establishment Of Protein Localization To Organelle (GO:0072594),-0.2885697532783826,-0.7664399500361281,0.9493670886075949,1.0,1.0,32/84,22.84%,GCKR;RANBP17;RALA;NUP85;TNPO1;SYK;KPNA7;KPNA1;NUP214;KPNB1;PRICKLE1;RANBP6;NUP98;TSC2;POM121L2;PEX19;NXT2;NUP107;PINK1;KPNA6;HK1;NUP133;HEATR3;RYR2;POM121C;NUP88;HIKESHI;RANGRF;LRSAM1;APPL1;IPO4;POM121
CLN8,GO_Biological_Process_2023,prerank,Cellular Response To Organic Cyclic Compound (GO:0071407),-0.2650530871421197,-0.7664321102238003,0.9859894921190894,1.0,1.0,41/150,20.72%,SLC26A6;MGARP;SSTR1;POU4F1;TGM2;P2RY6;NR3C1;P2RX4;PDE3A;PDE12;CTNNA1;INPP5K;HSPA8;CCL2;CREB1;RAMP3;P2RX7;RAPGEF2;LARP1;RAP1B;ZC3H12A;CDH1;RAPGEF1;CASP3;MEF2C;BRCA1;P2RY12;ATP1A2;AKR1B1;PDE2A;SSH1;GABRG2;DHX8;EPG5;IL18;BLM;GPER1;PKD2;SSTR2;FAM210B;CCDC62
CLN8,GO_Biological_Process_2023,prerank,Protein Localization To Centrosome (GO:0071539),-0.3882286718088885,-0.7663462089085005,0.8023032629558541,1.0,1.0,10/17,26.20%,NUDCD3;STIL;KIAA0753;PIBF1;SPAG5;CSNK1D;CEP250;HOOK3;GOLGB1;CEP192
CLN8,GO_Biological_Process_2023,prerank,Negative Regulation Of Blood Coagulation (GO:0030195),-0.3470724262668192,-0.7658787311819772,0.8436944937833037,1.0,1.0,5/30,8.43%,C1QTNF1;PROC;F2;APOH;CPB2
CLN8,GO_Biological_Process_2023,prerank,Regulation Of Epidermal Cell Differentiation (GO:0045604),-0.38076648770879673,-0.7651998742098892,0.7981481481481482,1.0,1.0,5/18,12.65%,AQP3;ZFP36;SFN;KDF1;GDF3
CLN8,GO_Biological_Process_2023,prerank,Axonal Transport (GO:0098930),0.31564910085326164,0.7649160902129627,0.888402625820569,1.0,1.0,15/39,20.95%,AP3S1;BLOC1S6;BLOC1S2;KIF4A;BLOC1S4;OPA1;ARL8B;AP3M2;DYNC1H1;APEX1;AP3B2;BLOC1S1;TMEM108;HSBP1;FBXW11
CLN8,GO_Biological_Process_2023,prerank,Cellular Response To Transforming Growth Factor Beta Stimulus (GO:0071560),-0.2804257990834877,-0.7648686739590641,0.9607508532423208,1.0,1.0,23/96,17.87%,SMAD9;CITED1;LPXN;XCL1;NR3C1;SIRT1;PDE3A;SMAD6;CLDN5;PTK2;WNT4;CRKL;TGFBR2;OVOL2;SMAD3;BAMBI;USP9X;SMAD2;ZYX;MEF2C;MAPK7;SMAD4;PDE2A
CLN8,GO_Biological_Process_2023,prerank,Activation Of GTPase Activity (GO:0090630),-0.2798540500108669,-0.7648067869603408,0.9569120287253142,1.0,1.0,41/99,26.87%,TBC1D10C;CXCL13;MTSS2;RHOG;TBC1D2B;SYDE2;FOXJ1;ARHGEF15;RASGRF1;NGEF;TBC1D8B;USP6NL;SGSM3;RAP1GAP;GMIP;ARHGAP45;TBC1D22A;TBC1D15;TBCK;SIPA1L3;TBC1D4;ARHGEF19;CORO1C;TBC1D10B;AGAP6;ARHGEF10;ARHGAP22;ARHGAP25;SYDE1;SIPA1L1;ARHGAP42;RALGAPB;ECT2;TBC1D14;EVI5L;TBC1D25;GARNL3;TIAM1;BCAS3;TBC1D5;TBC1D22B
CLN8,GO_Biological_Process_2023,prerank,Positive Regulation Of Dendritic Spine Development (GO:0060999),0.3574716986531451,0.764678914401837,0.8305084745762712,1.0,1.0,5/20,15.43%,NEURL1;RELN;FMR1;DHX36;NLGN1
CLN8,GO_Biological_Process_2023,prerank,Glycoprotein Metabolic Process (GO:0009100),0.29786944153529854,0.7644173988008809,0.9186046511627907,1.0,1.0,24/53,23.49%,GAL3ST2;PARK7;MAN2A2;ST8SIA6;HPSE;MAN1B1;MAN2B1;ST8SIA2;B4GALT5;ST8SIA3;ST3GAL4;ST8SIA1;FBXO17;GCNT1;MGAT4B;FBXO2;B4GALT7;ADAMTS13;STT3B;AGA;NEU4;MAN1A1;PRKCSH;ST8SIA4
CLN8,GO_Biological_Process_2023,prerank,Transforming Growth Factor Beta Receptor Signaling Pathway (GO:0007179),0.2835765951433581,0.7643209477897055,0.951276102088167,1.0,1.0,11/72,7.80%,EID2;USP9Y;GDF15;NRROS;LRRC32;JUN;HPGD;GDF5;APOA1;LTBP2;TGFB2
CLN8,GO_Biological_Process_2023,prerank,Positive Regulation Of Type II Interferon Production (GO:0032729),0.29175483443506467,0.7642988829547118,0.9431818181818182,1.0,1.0,11/58,17.21%,CLEC7A;TLR8;TYK2;IL18R1;ZFPM1;HSPD1;SCRIB;HLA-A;CYRIB;BTN3A2;FZD5
CLN8,GO_Biological_Process_2023,prerank,Positive Regulation Of Protein Polymerization (GO:0032273),-0.292211795884155,-0.7642637655155272,0.9530685920577617,1.0,1.0,27/69,24.52%,BAIAP2L2;ALOX15;TPPP;TPPP3;HCK;MAPT;ANKRD53;CDC42EP1;CRACD;SLAIN1;NCK1;CDC42EP3;PAK1;NCK2;VASP;PINK1;NUMA1;CLASP1;MAPRE1;CDC42EP4;CDK5RAP2;CCL26;PTK2B;DCTN1;PYCARD;SNX9;BAIAP2L1
CLN8,GO_Biological_Process_2023,prerank,Cellular Response To BMP Stimulus (GO:0071773),-0.29706517824277845,-0.7641059173312934,0.9188712522045855,1.0,1.0,13/65,17.92%,BMP2;GDF7;SMAD9;BMPR2;RGMA;SMAD6;TMEM100;GDF3;NODAL;USP9X;BMP6;SMAD4;HIVEP1
CLN8,GO_Biological_Process_2023,prerank,Regulation Of Interleukin-12 Production (GO:0032655),-0.305221779969999,-0.7640798827377927,0.9032815198618307,1.0,1.0,12/49,16.88%,HLA-G;IL23R;TIGIT;LTB;TNFSF4;SYK;CD47;MAPK14;IRAK3;PIBF1;HLA-B;RIPK2
CLN8,GO_Biological_Process_2023,prerank,Proteasome-Mediated Ubiquitin-Dependent Protein Catabolic Process (GO:0043161),0.23955784307925762,0.7639984387525444,1.0,1.0,1.0,110/316,21.20%,ECRG4;TNFSF13B;TMEM129;DNAJB2;UBXN10;WDR26;PSMA7;KBTBD6;PSMA6;FBXL2;UBE2B;ANAPC5;FBXL12;PSMD11;PLAA;KLHDC2;UBXN7;TRIM25;JKAMP;UBXN2A;PSMD2;CALR3;FAF1;PSMA3;RNF187;UBE2J1;UFD1;ITCH;CCNF;MAN1B1;ZNRF1;APPBP2;DERL1;FBXW4;CDC23;APC2;FBXO4;ZNRF2;PSMD12;ANAPC16;CRBN;SMURF1;CDC26;NEMF;EDEM1;FBXO45;FAF2;CUL3;TNFAIP1;DERL2;UBR3;FBXL16;COP1;RNF126;KLHL15;PSMD8;PSMD14;PSMC6;PSMC4;PCNP;ANAPC13;ANAPC1;DDIT3;FEM1C;PSMD4;UBXN11;TBL1X;PSMB6;FZR1;PSMC5;PSMD6;RNF5;UBE2G1;AXIN2;PSMC3;RNF175;TRPC4AP;FBXO17;RNF121;FBXL7;UBE4A;CUL4A;RBX1;RNF10;ARMC8;SMURF2;MDM2;ZNF598;SELENOS;ASCC3;DCAF11;SGTA;RHOBTB3;PSMB2;ASCC2;RNF122;PSMB4;FBXO2;SIAH1;DNAJB9;TMEM67;CLOCK;ANKZF1;SEL1L;FBXW11;KLHL42;TRIP4;SHARPIN;APC;FBXL13
CLN8,GO_Biological_Process_2023,prerank,Melanosome Localization (GO:0032400),-0.37119445220222413,-0.7639599454134962,0.8298676748582231,1.0,1.0,5/18,11.12%,BBS5;MLPH;MYO5A;RAB27A;VPS33A
CLN8,GO_Biological_Process_2023,prerank,Regulation Of Mitotic Nuclear Division (GO:0007088),0.291549857105663,0.7639394852764407,0.9297820823244553,1.0,1.0,12/56,14.53%,CD28;BTC;EDN1;BMP4;TOM1L1;DRD3;MKI67;CUL9;FBXO5;DAPK3;IGF1;CCNB1
CLN8,GO_Biological_Process_2023,prerank,Regulation Of Macromolecule Metabolic Process (GO:0060255),-0.2627551165235541,-0.7637125601001342,0.9965986394557823,1.0,1.0,43/159,20.71%,ZNF335;C1D;TRIML2;MTMR9;PCBP2;SORT1;CHD6;RASA1;ZNF507;STOX1;HNRNPAB;APP;NFKBID;TRIM17;CNDP1;SART3;HMG20A;CDK2;EOLA1;SIRPA;SLC8A1;IGF2BP2;ZNF462;NRG1;NPC1;KDM6A;PIN1;ZC3H12A;CDH1;VHL;AIF1;SETD2;MTMR1;KIF16B;SSH1;MTMR4;SOX2;STX3;ZNF827;LDLR;IGF2BP1;COQ7;ATXN7L3B
CLN8,GO_Biological_Process_2023,prerank,Negative Regulation Of DNA Recombination (GO:0045910),0.3122534605323833,0.7636396350415017,0.875,1.0,1.0,12/40,18.08%,ZSCAN4;RADX;SHLD2;MAD2L2;H1-10;H1-0;TERF2IP;KLHL15;SENP3;HELB;H1-4;H1-5
CLN8,GO_Biological_Process_2023,prerank,Regulation Of Ruffle Assembly (GO:1900027),-0.35666462327097037,-0.7635786339289934,0.8400735294117647,1.0,1.0,7/24,17.78%,CARMIL2;TACSTD2;P2RX4;NDEL1;P2RY12;EPS8L1;UXT
CLN8,GO_Biological_Process_2023,prerank,Positive Regulation Of Proteolysis Involved In Protein Catabolic Process (GO:1903052),0.32607686363521915,0.7632746666039838,0.8495575221238938,1.0,1.0,11/31,18.06%,OSBPL7;KCNE2;CTSC;FMR1;SMURF1;BAG2;CCDC22;PSMC6;CLU;PSMC5;PSMC3
CLN8,GO_Biological_Process_2023,prerank,Diol Biosynthetic Process (GO:0034312),0.37817480097967104,0.7632539765403343,0.7727272727272727,1.0,1.0,5/17,15.39%,ASAH2;SPHK2;SPR;SPTSSB;SPTLC2
CLN8,GO_Biological_Process_2023,prerank,Positive Regulation Of Mononuclear Cell Migration (GO:0071677),-0.3375428444934588,-0.7631814366203631,0.8836805555555556,1.0,1.0,6/31,18.99%,LGALS3;CXCL12;PLA2G7;CD47;AIF1;GAS6
CLN8,GO_Biological_Process_2023,prerank,Collagen Fibril Organization (GO:0030199),-0.3202820174763496,-0.763167086086747,0.8536585365853658,1.0,1.0,13/42,16.85%,SERPINH1;COL5A2;CRTAP;COL12A1;PXDN;OPTC;BMP1;COL27A1;PLOD3;ADAMTS2;COL5A1;COL11A1;COL2A1
CLN8,GO_Biological_Process_2023,prerank,Negative Regulation Of Cytokine-Mediated Signaling Pathway (GO:0001960),0.2913922081295895,0.7631128672605386,0.9305555555555556,1.0,1.0,17/59,19.43%,SLIT1;USP18;CARD8;PPARG;APOA1;METTL3;PTPN2;ROBO1;OTUD4;YTHDF2;RNF113A;GPS2;TTLL12;STAT2;ISG15;MUL1;GSTP1
CLN8,GO_Biological_Process_2023,prerank,Vesicle Transport Along Actin Filament (GO:0030050),-0.3814050093940786,-0.7630894967298021,0.8197674418604651,1.0,1.0,8/18,24.45%,MYO1G;MYO5B;MYO5A;MYO6;MYO1F;MYO1B;MYO19;MYO1C
CLN8,GO_Biological_Process_2023,prerank,Positive Regulation Of Cellular Catabolic Process (GO:0031331),0.26008755261679356,0.762673745998422,1.0,1.0,1.0,38/145,20.14%,APOC2;RFPL3;IRS1;TRIM68;DTX3L;HMGB1;ADRA2A;TMEM59;TRIM38;TRIM8;LRRK2;TTC5;ATG101;SNX33;ADAM8;GAPDHS;ITCH;TNFRSF1B;DHRSX;PIM2;MID2;GTPBP1;ABCD1;IGF1;GRSF1;ENDOG;OPTN;SUPV3L1;RB1CC1;UFL1;FURIN;PIK3C2A;TRIM65;SH3GLB1;PIK3CB;SVIP;LIN28B;PTPN1
CLN8,GO_Biological_Process_2023,prerank,Regulation Of Double-Strand Break Repair Via Nonhomologous End Joining (GO:2001032),-0.3487994240582487,-0.7626430756822898,0.8428030303030303,1.0,1.0,6/25,13.26%,WAS;SMCHD1;INSL6;SETMAR;TFIP11;AUNIP
CLN8,GO_Biological_Process_2023,prerank,DNA-templated DNA Replication (GO:0006261),-0.2904109735769208,-0.7626407514486607,0.9392265193370166,1.0,1.0,36/69,28.52%,ORC3;CHRAC1;DNA2;RFC5;CDC45;WRN;CDK2AP1;CDC34;MGME1;POLE3;POLD2;MCM5;MCM7;WDHD1;RPA1;MCM10;BLM;RECQL5;MCMBP;PRIM2;POLE4;PRIM1;ORC5;REV3L;TEFM;WRNIP1;LRWD1;ORC1;POLA1;GINS3;MCM2;MCM6;PURA;RFC4;POLA2;SSBP1
CLN8,GO_Biological_Process_2023,prerank,Phosphatidylserine Metabolic Process (GO:0006658),0.35930519285940454,0.762198725307878,0.7727272727272727,1.0,1.0,8/20,18.38%,PLA2G10;PLA2G15;OSBPL5;PTDSS1;LPCAT3;SLC27A1;MBOAT2;SERINC1
CLN8,GO_Biological_Process_2023,prerank,Regulation Of Response To External Stimulus (GO:0032101),-0.27098527213473045,-0.7619890592037077,0.9844559585492227,1.0,1.0,43/125,23.82%,NLRP8;GRK7;SEMA7A;ALOX15;XCL1;ZMPSTE24;P2RX4;NLRP14;MYD88;F2;HCK;GUCY2F;AHSG;IL1R1;JAK2;NMT2;PTGES;EPHB2;TNFSF4;BST1;ADGRA2;NRG1;CASP8;STK24;AGER;AREL1;P2RY12;AKNA;NR1D2;NLRP1;BIRC2;TRIM5;NLRP2;IGF2BP1;GRN;LRP8;APPL1;DAGLB;SHPK;NMT1;CD55;CGAS;SBNO2
CLN8,GO_Biological_Process_2023,prerank,Positive Regulation Of Protein Serine/Threonine Kinase Activity (GO:0071902),-0.2732594882522218,-0.761954195941009,0.9807692307692307,1.0,1.0,47/117,25.55%,RGCC;HTR2B;SIRT1;CIB1;TDGF1;PDGFRB;INSR;MAPRE3;ADRB2;RAPGEF2;PIH1D1;CCND2;CAMK1;PIK3R5;KIT;MAP2K2;FLT1;IL34;TELO2;FLT3;PDCD10;TAB1;PKD1;CCNY;MEF2C;IRGM;ETAA1;FGF18;CALM3;VEGFA;TPD52L1;PKD2;TCL1B;CALM1;SNCA;GHR;FGF2;CALM2;FERMT2;ADAM9;PDGFC;PSMD10;PDGFD;MAP2K5;MAP2K1;PDGFB;NEK10
CLN8,GO_Biological_Process_2023,prerank,Regulation Of Epithelial Cell Migration (GO:0010632),0.29813236665106707,0.7618942141271273,0.9301204819277108,1.0,1.0,17/50,19.62%,VIL1;SASH1;TGFB2;HYAL1;PFN2;CAPN7;RHOJ;CTSH;PFN1;CEACAM1;GLUL;INSL3;PTPRR;PLCG2;RTN4;DOCK5;CLASP2
CLN8,GO_Biological_Process_2023,prerank,Regulation Of Mitotic Spindle Organization (GO:0060236),-0.3176435976829682,-0.7617642783145528,0.8954372623574145,1.0,1.0,19/39,26.55%,CHMP3;STIL;PDCD6IP;CCSAP;MAP9;GPSM2;CHMP1B;NUMA1;CHMP2A;CEP97;TACC3;CHMP5;RAE1;GNAI1;DCTN1;CLTC;CHMP4A;NUP62;CHMP2B
CLN8,GO_Biological_Process_2023,prerank,Negative Regulation Of Mitotic Cell Cycle Phase Transition (GO:1901991),0.30970466311498857,0.7614871672757494,0.8893709327548807,1.0,1.0,8/40,13.60%,GPR132;GFI1B;BRD7;FHL1;INHBA;PINX1;FBXO5;AVEN
CLN8,GO_Biological_Process_2023,prerank,Response To Hydrogen Peroxide (GO:0042542),0.30728121627870036,0.761019870767794,0.9213973799126638,1.0,1.0,17/46,21.85%,AQP1;TRPA1;EDN1;MAP3K5;PPIF;CAT;STK25;PRDX3;CLU;RELA;FYN;PAX2;PLEKHA1;STK26;ANKZF1;FXN;RIPK1
CLN8,GO_Biological_Process_2023,prerank,Synaptic Vesicle Endocytosis (GO:0048488),-0.3199450992907305,-0.7609884671012906,0.8776595744680851,1.0,1.0,20/40,22.59%,SYNJ1;SH3GL2;SNCG;AP2B1;PACSIN1;FCHO2;STON1;SH3GL1;DNM1;DNM3;SYT1;ITSN1;VAMP2;SNCB;CANX;DNAJC6;SNCA;AP2M1;SYT2;STX1A
CLN8,GO_Biological_Process_2023,prerank,RNA 3'-End Processing (GO:0031123),-0.3248869627311216,-0.7609017190078875,0.8661844484629295,1.0,1.0,13/37,22.33%,CSTF3;TRNT1;TENT4B;NCBP2;ELAC1;INTS6;PAPOLA;TUT7;INTS9;PNPT1;INTS7;ELAC2;INTS6L
CLN8,GO_Biological_Process_2023,prerank,Cardiac Muscle Cell Differentiation (GO:0055007),-0.33705628630566437,-0.760714424804885,0.8495412844036697,1.0,1.0,10/27,19.74%,BMP2;ASB2;IRX3;SLC8A1;NRG1;MEF2C;ALPK3;SIK1;VEGFA;SIRT6
CLN8,GO_Biological_Process_2023,prerank,Positive Regulation Of Protein Localization (GO:1903829),0.2769354071448291,0.7602094903873465,0.958904109589041,1.0,1.0,28/85,19.52%,PARK7;PARP9;DTX3L;TYK2;TFRC;AKT1;MEAK7;SNX33;CEP295;TRAPPC12;GNL3;LIF;WNT5A;NGFR;CCDC88A;EIF2AK3;PLK1;CARD10;HSP90AB1;BICD1;CDK1;FYN;TMEM35A;GPR137B;GNL3L;RTN4;RIC3;LAMTOR5
CLN8,GO_Biological_Process_2023,prerank,Spliceosomal snRNP Assembly (GO:0000387),0.31820398195080324,0.7597527990170185,0.8959276018099548,1.0,1.0,14/37,19.12%,SNRPD3;PRPF3;CLNS1A;STRAP;SNRPD2;SNRPG;LSM2;SNRPE;SNRPD1;TGS1;GEMIN5;GEMIN7;PRPF19;LSM4
CLN8,GO_Biological_Process_2023,prerank,Transcription By RNA Polymerase I (GO:0006360),-0.39478500910701775,-0.759570130896876,0.8204158790170132,1.0,1.0,5/15,22.69%,TAF1C;POLR1C;RRN3;TAF1B;TAF1
CLN8,GO_Biological_Process_2023,prerank,Negative Regulation Of Cysteine-Type Endopeptidase Activity (GO:2000117),-0.3045087026714613,-0.7595342688715179,0.9198542805100182,1.0,1.0,14/53,20.97%,CARD18;KLF4;IFI6;IFI16;IGBP1;CD44;SFN;NAIP;SH3RF1;CAST;GAS6;CST3;VEGFA;SNCA
CLN8,GO_Biological_Process_2023,prerank,Positive Regulation Of p38MAPK Cascade (GO:1900745),0.344424716537404,0.7593768953578718,0.843298969072165,1.0,1.0,8/24,15.57%,SPI1;GADD45G;STK39;SASH1;BMP4;GDF6;PRMT1;MAP3K4
CLN8,GO_Biological_Process_2023,prerank,Positive Regulation Of Growth (GO:0045927),0.27930682637153015,0.7592768706898742,0.9624413145539906,1.0,1.0,30/81,23.93%,SDCBP;TGFB2;AKT1;HYAL1;PABIR1;DDX3X;ARMC12;CEP43;DERL2;TGFBR1;SFRP2;H3-3A;SUPV3L1;CDC42;MAPKAP1;MMP14;ADAM17;RICTOR;CSNK2A1;PRR5;ERBB2;TEAD1;ZPR1;EXOSC4;EXOSC9;FXN;EXOSC2;USP47;RPTOR;AKAP6
CLN8,GO_Biological_Process_2023,prerank,Ureteric Bud Development (GO:0001657),-0.3728340753596031,-0.7589173803276089,0.8272058823529411,1.0,1.0,9/18,26.15%,NPNT;SIX1;FOXJ1;GPC3;CER1;PKD2;SLIT2;OXSR1;BMP7
CLN8,GO_Biological_Process_2023,prerank,"Positive Regulation Of DNA-templated Transcription, Elongation (GO:0032786)",0.2915073028029752,0.7589021489108498,0.9432314410480349,1.0,1.0,22/56,21.02%,MED18;PWWP2B;PARP1;CDK13;MED7;MED9;MED22;THOC5;MED16;MED20;CCNT1;SUPT6H;ERCC6;MED10;HMGN1;MED29;SUPT4H1;MED14;MED8;DDX39B;SUPT5H;MED19
CLN8,GO_Biological_Process_2023,prerank,Synaptic Vesicle Exocytosis (GO:0016079),-0.3156733332335838,-0.7585858355390385,0.9021739130434783,1.0,1.0,19/41,24.57%,RIMS1;CPLX4;OTOF;STX2;SYT4;DOC2B;SNAP25;DNAJC5;SYT11;SYT1;VAMP2;UNC13B;STX3;SNCA;SYT2;STX1A;SNAPIN;PRRT2;RIMS2
CLN8,GO_Biological_Process_2023,prerank,Endocardial Cushion Development (GO:0003197),-0.3568979108192685,-0.7585590586701595,0.8303886925795053,1.0,1.0,5/23,14.25%,BMP2;BMPR2;CRELD1;NOTCH1;SMAD2
CLN8,GO_Biological_Process_2023,prerank,Nuclear Envelope Organization (GO:0006998),-0.3787261440039573,-0.7584807961852031,0.8201834862385321,1.0,1.0,6/17,15.54%,LMNA;LMNB1;REEP4;TOR1B;DMPK;REEP3
CLN8,GO_Biological_Process_2023,prerank,Regulation Of Monoatomic Cation Transmembrane Transport (GO:1904062),-0.3222109906112991,-0.7579630057941985,0.8836772983114447,1.0,1.0,12/39,16.61%,HRC;KCNAB2;KCNIP2;WNK1;KCNAB1;NEDD4L;KCNIP1;SCN5A;KCNIP4;DPP6;DPP10;PDZK1
CLN8,GO_Biological_Process_2023,prerank,Cellular Response To Organonitrogen Compound (GO:0071417),-0.2736046915176936,-0.75780866035493,0.9707401032702238,1.0,1.0,29/104,19.10%,SLC26A6;HTR1B;LARS1;P2RY6;P2RX4;PDE3A;MAPK13;CTNNA1;INPP5K;P2RX7;SHMT1;RAPGEF2;CPEB3;LARP1;RAP1B;RRAGC;XBP1;CDH1;GLRA2;RAPGEF1;LAMTOR4;MEF2C;BRCA1;P2RY12;PDE2A;SSH1;GABRG2;RRAGA;DHX8
CLN8,GO_Biological_Process_2023,prerank,Positive Regulation Of Calcium Ion Transmembrane Transporter Activity (GO:1901021),-0.3328701703118403,-0.7577539189221345,0.8515769944341373,1.0,1.0,12/27,23.54%,P2RY6;HTT;STAC3;JPH2;PPP3CA;RYR2;CALM3;PKD2;STAC;CALM1;CALM2;PPP3R1
CLN8,GO_Biological_Process_2023,prerank,Protein Insertion Into Membrane (GO:0051205),-0.3672935350674359,-0.7575453288484896,0.8140417457305503,1.0,1.0,2/19,4.94%,GRIN3B;GET4
CLN8,GO_Biological_Process_2023,prerank,Protein Localization To Membrane (GO:0072657),-0.25485935106965235,-0.7573468935957108,1.0,1.0,1.0,69/188,23.97%,ITGB2;PRAM1;KCNB2;ITGA4;ZDHHC22;SCN3B;HPS6;ARL3;CPE;MYO5A;RAB3C;ATP1B3;FLOT2;SPTBN1;PACSIN1;INPP5K;STXBP1;PLEKHF1;RAMP3;RAB32;CACNB3;RAB29;RAPGEF2;FCHO2;AP3D1;RAB10;WDR72;RAB6A;NPC1;TMED2;RAB8A;CRB3;KCNIP4;CDH1;DPP6;EMP2;AGRN;DPP10;EHD2;PDZK1;TM9SF4;PTN;SHANK3;AP4M1;GAS6;PRPH2;LRPAP1;PALS1;DVL1;FERMT2;TESC;RAB6B;CACNB2;WDR19;RAP2A;C2CD5;ACTN2;TTC7B;RAB13;ROCK2;TM9SF2;CYP46A1;SEC16A;ZDHHC3;RAPGEF6;ZFYVE27;PSMD10;PIGW;EPB41L3
CLN8,GO_Biological_Process_2023,prerank,Positive Regulation Of Protein Processing (GO:0010954),-0.3588523388603761,-0.7570755362253245,0.8195777351247601,1.0,1.0,5/20,16.28%,RHBDD1;ENO1;MYH9;ANXA2;NLRC4
CLN8,GO_Biological_Process_2023,prerank,Regulation Of Vesicle-Mediated Transport (GO:0060627),-0.28651463721172615,-0.7570065261207674,0.9463327370304114,1.0,1.0,41/88,26.38%,SCFD1;CD177;RALA;RAB26;OCRL;ABL2;RAB3C;PACSIN1;CHMP3;TPCN2;PACSIN3;STON1;DNAJC5;RNF139;MAP2K2;RAB8A;YIPF5;SYT1;VAMP2;DENND10;TSC2;SPHK1;NSF;RINT1;ARFGAP3;RAB5B;PLD1;STXBP5L;USP7;STXBP5;PACSIN2;RAB13;RAB11A;RIMS2;PICALM;MAP2K1;RAB33B;RAB8B;GAS1;ATP9A;STX4
CLN8,GO_Biological_Process_2023,prerank,Positive Regulation Of Endothelial Cell Proliferation (GO:0001938),0.2764229731750324,0.7567999070585968,0.9739336492890995,1.0,1.0,17/77,14.77%,APLNR;FGFBP1;APLN;VEGFD;ITGB3;HMGB1;NELL1;BMP4;NRAS;AKT1;KDR;APELA;WNT5A;MEN1;TGFBR1;PROX1;EGFL7
CLN8,GO_Biological_Process_2023,prerank,Regulation Of Potassium Ion Transport (GO:0043266),0.3292237654183197,0.7567913661676499,0.8669623059866962,1.0,1.0,10/30,18.27%,FHL1;ADRA2A;KCNE2;KCNIP3;KCNAB3;CD63;KCNE5;KCNH2;KIF5B;DLG1
CLN8,GO_Biological_Process_2023,prerank,Double-Strand Break Repair Via Nonhomologous End Joining (GO:0006303),-0.3175150486671623,-0.7563422865851117,0.8818011257035647,1.0,1.0,15/41,21.12%,XRCC4;UVRAG;ATM;SETMAR;DCLRE1B;KDM2A;SMC5;SMARCAL1;RNF168;XRCC5;DCLRE1C;HMGB2;ATP23;POLQ;MRE11
CLN8,GO_Biological_Process_2023,prerank,Negative Regulation Of Plasma Membrane Bounded Cell Projection Assembly (GO:0120033),0.3259016632867532,0.7559997805058243,0.8854166666666666,1.0,1.0,11/29,19.55%,CDK10;PFN2;GDI2;ARHGAP24;TBC1D7;TBC1D30;TCHP;MPHOSPH9;ODF2L;CAPZB;KANK1
CLN8,GO_Biological_Process_2023,prerank,Positive Regulation Of Peptide Hormone Secretion (GO:0090277),-0.3057730484159953,-0.7559974624647396,0.9092526690391459,1.0,1.0,13/46,23.02%,GHRH;GCK;GHRHR;LRRC8A;DOC2B;IRS2;MCU;SIRT6;GPER1;HFE;BAD;TCF7L2;POLR2D
CLN8,GO_Biological_Process_2023,prerank,Cytoskeleton-Dependent Cytokinesis (GO:0061640),-0.28353782696787055,-0.7559161536041463,0.9572192513368984,1.0,1.0,36/81,25.82%,CUL7;ARL3;EXOC8;SPTBN1;RASA1;RAB35;ANLN;IST1;EXOC6;PDCD6IP;SPIRE2;SEPTIN11;BBS4;RACGAP1;RTKN;EXOC5;UNC119;EXOC4;NUSAP1;RHOB;SPIRE1;CIT;EXOC7;SPAST;CKAP2;TMEM250;MYH10;ROCK2;SEPTIN3;SNX9;ECT2;CHMP4A;JTB;SEPTIN8;MITD1;CFL1
CLN8,GO_Biological_Process_2023,prerank,Muscle Cell Differentiation (GO:0042692),-0.3163697680928486,-0.7556345556204288,0.9081272084805654,1.0,1.0,11/37,23.64%,TMEM204;FBXO40;POPDC2;HEY2;MEF2C;SEMA4C;DMD;CHRNB1;ACTN2;HDGFL2;MTLN
CLN8,GO_Biological_Process_2023,prerank,Tumor Necrosis Factor-Mediated Signaling Pathway (GO:0033209),-0.3219760408093575,-0.7555159799759746,0.8980769230769231,1.0,1.0,15/38,26.19%,TRADD;CARD14;JAK2;EIF5A;TRAF5;NFKBIA;TRAF1;RRAGA;BIRC2;FOXO3;PTK2B;ILK;PYCARD;TNFRSF11A;PYDC1
CLN8,GO_Biological_Process_2023,prerank,Glucose Homeostasis (GO:0042593),-0.2810926988722516,-0.7548004518963496,0.9603448275862069,1.0,1.0,28/87,24.12%,GCKR;SPACDR;SIRT1;GCK;CRTC2;INSR;INPP5K;SLC8B1;LRRC8A;PRKAA2;LRRC8D;MLXIPL;WFS1;MCU;CYB5R4;PYGL;HK1;FOXO1;LEPR;CRY1;BAD;TCF7L2;FOXK2;POLR2D;FGFR4;CMKLR2;PRKAA1;KLF7
CLN8,GO_Biological_Process_2023,prerank,Organic Hydroxy Compound Transport (GO:0015850),0.2973372376439031,0.7547097158479645,0.9380733944954128,1.0,1.0,9/45,15.18%,SLCO1C1;ABCC3;ABCC11;SLCO2B1;RALBP1;AKR1C1;CEACAM1;SLC27A5;ABCD3
CLN8,GO_Biological_Process_2023,prerank,Endocytic Recycling (GO:0032456),0.28298095575470955,0.7546121621517937,0.9507829977628636,1.0,1.0,22/62,22.40%,TRARG1;RAB11B;BLTP1;CMTM6;SNX7;SNX33;EHD4;VPS13B;DENND1B;CCDC22;DENND1C;VPS29;WASH6P;HGS;STX6;ARF6;ARL4C;EHD1;SNX12;EHD3;RAB14;EIPR1
CLN8,GO_Biological_Process_2023,prerank,Positive Regulation Of Apoptotic Process (GO:0043065),-0.24824139927298064,-0.7545933746514586,1.0,1.0,1.0,95/268,24.74%,PNMA5;BMP2;CTSS;IGFBP3;TRADD;SCIN;TGM2;PANO1;BARD1;HTT;SPDEF;SIRT1;SMPD1;SIRT2;AIFM2;PLEKHN1;PNMA2;PTPA;DKKL1;ATM;SAV1;BACE1;CALHM2;CEL;ADAMTSL4;MYBBP1A;LATS1;CTSL;EPHA7;KLF11;NRG1;BCL10;FADD;CASP8;BAK1;SQSTM1;FANK1;ZC3H12A;DDX20;CSRNP3;TLE5;SRPK2;CASP3;NLRC4;UNC13B;STK17B;DCUN1D3;FAM162A;DUSP6;USP27X;JMY;IFIT2;SIK1;CTNNBL1;OLFM1;FOXO1;BOK;TFPT;DAPK1;GPLD1;RHOB;GPER1;TPD52L1;FOXO3;IGF2BP1;DIABLO;CLIP3;MAP3K20;SNCA;RACK1;TRIM35;PHLDA3;ERCC3;GRN;RASSF2;TNFAIP8;PDCD5;BAD;UTP11;GADD45B;UBE2Z;TNFRSF12A;CCAR2;STK17A;PYCARD;RPS6KA2;SHQ1;DNM2;TRIM39;ING4;CTSD;E2F1;CASP9;SLIT2;ECT2
CLN8,GO_Biological_Process_2023,prerank,Negative Regulation Of Cellular Response To Growth Factor Stimulus (GO:0090288),0.27762743478374263,0.7544659810355834,0.9571106094808126,1.0,1.0,19/71,18.78%,CHRDL2;NOG;SKOR2;APLN;SULF1;PPARG;ATP2B4;MMRN2;FSTL3;NIBAN2;SMURF1;SPRY4;HIPK2;GPR155;EPN2;HGS;SMAD7;SORL1;SMURF2
CLN8,GO_Biological_Process_2023,prerank,Establishment Of Melanosome Localization (GO:0032401),-0.37350492101116906,-0.7543826628194468,0.8214936247723132,1.0,1.0,4/16,8.63%,BBS5;MLPH;MYO5A;RAB27A
CLN8,GO_Biological_Process_2023,prerank,Intracellular Monoatomic Cation Homeostasis (GO:0030003),0.24607149880791218,0.7542618873990065,1.0,1.0,1.0,44/190,18.27%,HAMP;ATP2A1;HEPHL1;CASR;ATP7A;TRPA1;SCNN1D;EDN1;PRNP;ATP2B4;TMPRSS4;TFRC;FTH1;NDFIP1;SLC39A13;ALAS2;HJV;SLC30A8;ATP1A3;DRD3;NPTN;TNNI3;SLC8A3;ATP13A2;SLC24A4;ARF1;CCDC115;SLC39A9;TMEM199;STOML2;CCDC22;CHRNA7;F3;ATP12A;RGN;FTL;COX11;ATP6V0D1;CD40;STIM2;HTR2C;TESMIN;CAV1;NUBP1
CLN8,GO_Biological_Process_2023,prerank,Negative Regulation Of Phosphate Metabolic Process (GO:0045936),-0.35940082294963316,-0.7542553353418984,0.8294849023090586,1.0,1.0,3/20,8.74%,CDKN2B;SIRT1;INPP5K
CLN8,GO_Biological_Process_2023,prerank,Cellular Response To Peptide Hormone Stimulus (GO:0071375),-0.27860920672367534,-0.7540238614019418,0.9788732394366197,1.0,1.0,33/89,23.23%,LHCGR;MGARP;CPEB2;TRIB3;PDPK1;SCNN1B;SCNN1G;GCK;MYO5A;INSR;INPP5K;SCNN1A;PKLR;RAB10;PRKCD;RAB8A;ENPP1;XBP1;RAB31;HDAC5;VAMP2;IRS2;PKM;FOXO1;TBC1D4;GPLD1;GPER1;GSK3A;LPIN1;NR4A1;C2CD5;RAB13;RHOQ
CLN8,GO_Biological_Process_2023,prerank,Ribosomal Small Subunit Assembly (GO:0000028),0.3775958464801209,0.7539043867660741,0.8111587982832618,1.0,1.0,8/16,23.39%,MRPS7;RPS15;RPS27L;RPS5;RPS28;RPS19;RPS14;PRKDC
CLN8,GO_Biological_Process_2023,prerank,SMAD Protein Signal Transduction (GO:0060395),-0.30606970967344094,-0.7538571451366144,0.9120879120879121,1.0,1.0,12/50,18.84%,BMP2;GDF7;SMAD9;CITED1;SMAD6;GDF3;SMAD3;NODAL;SMAD2;BMP6;SMAD4;GDF11
CLN8,GO_Biological_Process_2023,prerank,Cyclic-Nucleotide-Mediated Signaling (GO:0019935),-0.31844960815655954,-0.7538022409749592,0.9049360146252285,1.0,1.0,11/39,17.87%,HTR2B;DGKQ;PDE3A;GHRHR;CREB1;RAPGEF2;EPHA5;GUCY1A2;MAPK7;PRSS8;PDE2A
CLN8,GO_Biological_Process_2023,prerank,Ganglioside Metabolic Process (GO:0001573),-0.3624753440358639,-0.7535355044748436,0.8245283018867925,1.0,1.0,9/19,25.38%,HEXB;NEU1;B4GALNT1;ST6GALNAC5;ST3GAL5;ST6GALNAC4;ST6GALNAC3;CLN6;NEU3
CLN8,GO_Biological_Process_2023,prerank,Regulation Of Developmental Growth (GO:0048638),-0.33590705818066213,-0.7535086767743681,0.8628158844765343,1.0,1.0,7/29,12.31%,FGFR3;LEP;INSR;SIX1;APP;SIX4;LATS1
CLN8,GO_Biological_Process_2023,prerank,Positive Regulation Of Ion Transmembrane Transporter Activity (GO:0032414),-0.33700739109230177,-0.7532578842326652,0.8786231884057971,1.0,1.0,12/33,20.43%,CTSS;NOL3;ATP1B3;CCL2;ADRB2;EPHB2;TCAF1;EDNRA;PDZK1;SHANK3;DMD;STAC
CLN8,GO_Biological_Process_2023,prerank,Pigment Granule Transport (GO:0051904),-0.3815781086175912,-0.753170740016012,0.8367346938775511,1.0,1.0,4/15,8.63%,BBS5;MLPH;MYO5A;RAB27A
CLN8,GO_Biological_Process_2023,prerank,Melanosome Transport (GO:0032402),-0.3815781086175912,-0.753170740016012,0.8367346938775511,1.0,1.0,4/15,8.63%,BBS5;MLPH;MYO5A;RAB27A
CLN8,GO_Biological_Process_2023,prerank,Histone Modification (GO:0016570),0.27735343336719903,0.7530756687584331,0.9725400457665904,1.0,1.0,26/80,18.47%,HDAC1;RBBP4;UBE2B;VPS72;PHF20L1;AURKB;TAF9;CARM1;KAT2B;ENY2;MBTD1;ACTL6A;UBE2N;HDAC3;TAF12;MORF4L1;TBL1X;TRRAP;EPC1;MIER1;HDAC11;SUPT3H;ING3;MIER2;ING5;RUVBL2
CLN8,GO_Biological_Process_2023,prerank,Cytoskeleton Organization (GO:0007010),-0.2733314805646378,-0.7527599151424103,0.9792746113989638,1.0,1.0,48/111,27.08%,TIMD4;LARP4;NOL3;FGD5;RHOG;PACSIN1;FMNL3;SEMA6A;CSPG5;CCL2;PACSIN3;ARHGAP4;LRCH3;BRWD1;CNN2;DPYSL2;WTIP;AJUBA;WDPCP;STRIP1;SH3D19;KLHL20;SIPA1L3;WASF3;MAST4;PAK4;MARK1;ZRANB1;FGD4;MDK;DIAPH3;ZMYM4;MAST2;PACSIN2;EPB41L3;ZNF135;PALLD;OBSL1;MRAP;PRPF40A;MICAL1;CFL1;NEDD9;NCKIPSD;APOE;ANK1;PLD2;LIMD1
CLN8,GO_Biological_Process_2023,prerank,Cellular Response To Lipopolysaccharide (GO:0071222),0.2622374961093427,0.7526200324134984,0.9954233409610984,1.0,1.0,17/121,14.18%,GFI1;CD68;GBP3;PF4V1;HMGB1;CXCL3;NR1D1;PF4;PLAA;NOD2;EHHADH;CD86;WNT5A;TNFRSF1B;CTR9;IRAK1;NFKB1
CLN8,GO_Biological_Process_2023,prerank,Regulation Of Cellular Catabolic Process (GO:0031329),0.2917254800141059,0.7525008222268086,0.9413092550790068,1.0,1.0,22/62,19.00%,OSBPL7;FBXL2;MAPK15;USP33;LRRK2;USP13;DRAM2;RAB39B;PIK3C3;ABCD1;DAPK3;WDR24;WDR41;VPS29;DDIT3;PIP4K2C;PIK3R2;ULK3;HSPB1;GPR137B;DAPK2;KEAP1
CLN8,GO_Biological_Process_2023,prerank,Regulation Of Smooth Muscle Contraction (GO:0006940),-0.3640267960397695,-0.752386805280262,0.8375451263537906,1.0,1.0,6/20,21.55%,KCNB2;ATP2B1;ZDHHC21;SRF;SPHK1;CHRM2
CLN8,GO_Biological_Process_2023,prerank,Positive Regulation Of Cell Growth (GO:0030307),0.26454217111899264,0.7523198331589098,0.9884259259259259,1.0,1.0,34/105,21.33%,CPNE5;EDN1;SDCBP;PLAA;TGFB2;AKT1;HYAL1;PABIR1;SEMA4D;DDX3X;ARMC12;L1CAM;SMURF1;CEP43;SYT17;DERL2;TGFBR1;IGF1;SFRP2;H3-3A;NGF;SUPV3L1;CDC42;MAPKAP1;MMP14;ADAM17;RICTOR;CSNK2A1;PRR5;ERBB2;TEAD1;EXOSC4;EXOSC9;FXN
CLN8,GO_Biological_Process_2023,prerank,Cellular Response To Glucocorticoid Stimulus (GO:0071385),0.3607771818004277,0.7522099024620809,0.8347280334728033,1.0,1.0,7/17,19.59%,SSTR5;AQP1;REST;BCL2L11;UBE2L3;ZFP36L1;ZFP36L2
CLN8,GO_Biological_Process_2023,prerank,Retrotransposon Silencing (GO:0010526),0.3549944843320548,0.7519697865859871,0.8665254237288136,1.0,1.0,2/21,2.29%,DDX4;SPOCD1
CLN8,GO_Biological_Process_2023,prerank,Positive Regulation Of DNA Biosynthetic Process (GO:2000573),0.2823273996224994,0.7518609104118898,0.9644444444444444,1.0,1.0,23/65,18.07%,PARM1;CCT7;MAPK15;CHTF8;PNKP;AURKB;CCT6A;DKC1;PTGES3;FBXO4;DSCC1;SMOC2;MAP3K4;POLG2;TCP1;CCT8;CCT2;MAP2K7;GINS1;HSP90AB1;MAPK3;NEK2;CCT4
CLN8,GO_Biological_Process_2023,prerank,Bone Development (GO:0060348),-0.308038454612066,-0.7518352787642597,0.9148936170212766,1.0,1.0,8/44,12.87%,TGM2;FGFR3;ATG9A;OPTC;RANBP3L;P3H1;LRRC17;SULF2
CLN8,GO_Biological_Process_2023,prerank,Regulation Of Trans-Synaptic Signaling (GO:0099177),0.31658646113834854,0.7514583157756553,0.9038031319910514,1.0,1.0,14/36,20.45%,GRIA2;GRIN3A;RELN;NLGN4Y;GRIK1;BCR;GRID1;NLGN1;GRIK4;NLGN4X;NRG3;FABP5;NLGN3;SLC4A8
CLN8,GO_Biological_Process_2023,prerank,Response To Hexose (GO:0009746),-0.34755166971106166,-0.7513934601041717,0.8548387096774194,1.0,1.0,10/24,22.75%,GCKR;SLC2A5;EIF2B3;VAMP2;IRS2;LCP1;GPLD1;TCF7L2;EIF2B5;PFKL
CLN8,GO_Biological_Process_2023,prerank,Regulation Of Smooth Muscle Cell Migration (GO:0014910),-0.3664991344893361,-0.7512249239190368,0.8456140350877193,1.0,1.0,7/19,25.71%,IGFBP3;PDGFRB;LRP1;PLAU;SLIT2;PDGFB;IGFBP5
CLN8,GO_Biological_Process_2023,prerank,Transepithelial Transport (GO:0070633),-0.36752177538200903,-0.7511702603596182,0.8382608695652174,1.0,1.0,4/17,12.19%,SLC26A6;CLCNKB;OSTM1;ABCC2
CLN8,GO_Biological_Process_2023,prerank,Regulation Of Cardiac Conduction (GO:1903779),0.3474595466899676,0.7508842603931442,0.8416666666666667,1.0,1.0,6/21,14.01%,ATP2A1;ATP2B3;ATP2B4;TRPC1;SLC8A3;TNNI3K
CLN8,GO_Biological_Process_2023,prerank,Regulation Of Signal Transduction By P53 Class Mediator (GO:1901796),-0.3053719685348647,-0.7505576671684866,0.9135135135135135,1.0,1.0,15/47,23.71%,PLK3;PAK1IP1;ATM;CHEK2;RNF34;MAPKAPK5;RPF2;TP53RK;URB2;RPL37;USP7;EP300;TAF1;SETD9;MAP2K6
CLN8,GO_Biological_Process_2023,prerank,Negative Regulation Of Epidermal Growth Factor Receptor Signaling Pathway (GO:0042059),0.34066992674804913,0.7505511926192766,0.8665158371040724,1.0,1.0,8/23,19.15%,CBLC;ZFYVE28;SOCS5;PTPN2;RNF126;CHMP6;ERRFI1;PTPRJ
CLN8,GO_Biological_Process_2023,prerank,Macromolecule Catabolic Process (GO:0009057),-0.27925350035998175,-0.7504920940431028,0.9743589743589743,1.0,1.0,21/85,21.86%,CLN8;PPT1;DNASE1;UVRAG;EXOSC7;RNASET2;SETMAR;CHEK2;FBH1;SQSTM1;CASP3;DIS3;PRSS16;MVB12A;KIF16B;XRN2;CLN5;PABPC4;PNPT1;LRSAM1;RNASEH2A
CLN8,GO_Biological_Process_2023,prerank,External Encapsulating Structure Organization (GO:0045229),-0.2710101374318786,-0.7499710059681055,0.979890310786106,1.0,1.0,27/108,19.16%,COL7A1;MMP20;VIT;COL5A2;ADAMTS14;NPNT;MATN3;COL19A1;COL8A1;PXDN;ADAMTS19;APP;ADAMTS15;ADAMTSL4;ADAMTS4;MMP19;ADAMTS8;MATN1;TGFBI;ADAMTS2;COL5A1;COL11A1;GFOD2;ADAMTS16;MMP11;COL14A1;HPSE2
CLN8,GO_Biological_Process_2023,prerank,Response To Amyloid-Beta (GO:1904645),0.30167917934693617,0.7496446208454582,0.9355608591885441,1.0,1.0,13/43,18.88%,CD36;CALCR;PRNP;MMP3;ATP1A3;NGFR;CDK5;IGF1;CHRNA7;LGMN;FYN;CACNB1;MMP2
CLN8,GO_Biological_Process_2023,prerank,Regulation Of Multicellular Organismal Development (GO:2000026),-0.29240003325960745,-0.7491806452933648,0.9299242424242424,1.0,1.0,23/59,23.53%,GBX1;ACTR5;GATA3;NFRKB;INSR;BRD1;INO80;CCSAP;TADA3;RACGAP1;DUSP6;KAT6B;INO80B;BAG6;PTN;MEAF6;TFPT;TRIP12;YEATS2;DR1;INO80C;INO80E;INO80D
CLN8,GO_Biological_Process_2023,prerank,Regulation Of Stress Fiber Assembly (GO:0051492),0.2778277643104451,0.7489240045976835,0.9592326139088729,1.0,1.0,21/74,16.47%,SERPINF2;SYNPO2L;NELL1;APOA1;RAC1;PFN2;PIK3R1;FHOD1;SORBS3;S100A10;DYNLL1;RHPN1;TPM1;PFN1;LIMCH1;PAK2;CCDC88A;TGFBR1;MET;EPHA1;CDC42
CLN8,GO_Biological_Process_2023,prerank,Mitochondrial Fusion (GO:0008053),-0.3646609673326295,-0.7487595545366826,0.8436293436293436,1.0,1.0,7/18,24.40%,PLD6;USP30;MIGA2;MFF;MIEF1;THG1L;MIGA1
CLN8,GO_Biological_Process_2023,prerank,Negative Regulation Of Cell Migration (GO:0030336),-0.25837712883031594,-0.7486001418316622,0.9950738916256158,1.0,1.0,47/162,22.43%,ARHGDIB;IGFBP3;TACSTD2;DUSP22;CHRD;SCAI;CLDN5;ARPIN;AMH;ARID2;CD74;DUSP10;MCTP1;SRGAP1;TCAF1;ARHGAP4;SINHCAF;MITF;LRP1;NODAL;ADAM15;PHLDB2;NF2;STK24;CDH1;OGT;HMOX1;CDH11;ING2;ZMYND8;EPHA4;RBBP7;PTEN;MARVELD3;PTPRT;CLASP1;PTPN23;RHOB;FOXO3;MCC;ENG;CITED2;GTPBP4;CORO1C;FGF2;GJA1;RAP2A
CLN8,GO_Biological_Process_2023,prerank,DNA Replication Checkpoint Signaling (GO:0000076),-0.36626931029352805,-0.7482992948673345,0.8199233716475096,1.0,1.0,10/17,27.02%,DNA2;RAD17;CDC45;TIPIN;RAD9A;CLSPN;TIMELESS;TICRR;CDC6;ORC1
CLN8,GO_Biological_Process_2023,prerank,Positive Regulation Of Alpha-Beta T Cell Proliferation (GO:0046641),-0.38004992893776696,-0.74828808814558,0.8281535648994516,1.0,1.0,6/17,11.04%,XCL1;JAK2;EBI3;TNFSF4;TGFBR2;SYK
CLN8,GO_Biological_Process_2023,prerank,Heterophilic Cell-Cell Adhesion Via Plasma Membrane Cell Adhesion Molecules (GO:0007157),0.2945915318107033,0.7481520181203205,0.9379157427937915,1.0,1.0,10/48,17.16%,SELP;CRB1;IL1RAPL1;CADM3;CXADR;DCHS1;CBLN1;NLGN1;CRB2;TENM2
CLN8,GO_Biological_Process_2023,prerank,ERAD Pathway (GO:0036503),0.2687391306372453,0.7476878273992956,0.9878048780487805,1.0,1.0,33/89,21.87%,TMEM129;DNAJB2;UBXN10;TRIM25;JKAMP;CALR3;FAF1;UBE2J1;UFD1;USP13;MAN1B1;DERL1;TOR1A;EDEM1;FAF2;DERL2;PSMC6;RNF5;RNF175;FBXO17;RNF121;CCDC47;UBE4A;SELENOS;SGTA;FBXO2;DNAJB9;TMEM67;ANKZF1;SEL1L;STT3B;MARCHF6;ATXN3
CLN8,GO_Biological_Process_2023,prerank,Hemopoiesis (GO:0030097),-0.27045483311396096,-0.7474763709913704,0.9912739965095986,1.0,1.0,22/101,17.47%,THPO;ZBTB16;L3MBTL1;IFI16;MYB;SH2B3;HIPK1;EPOR;LYL1;CD164;ARMC6;TGFBR2;MIXL1;TET2;KIT;TOX;FLT3;OGT;LYN;KLF3;KIRREL3;PINK1
CLN8,GO_Biological_Process_2023,prerank,Protein Targeting To Peroxisome (GO:0006625),0.3688127834128182,0.7472728430971142,0.8231441048034934,1.0,1.0,6/16,18.51%,PEX5;PEX1;PEX7;PEX6;TRIM37;PEX14
CLN8,GO_Biological_Process_2023,prerank,Epigenetic Regulation Of Gene Expression (GO:0040029),-0.2806517542225751,-0.7469946157266398,0.9803536345776032,1.0,1.0,32/83,24.49%,WBP2;EZHIP;ZNF335;KDM1B;IFI16;N6AMT1;SIRT2;MTF2;DNMT3A;SUV39H2;MECP2;INSL6;PADI2;SDR16C5;CREBZF;RBBP5;HDAC5;RNF168;SMYD5;PPM1D;PRMT7;SIRT6;TRIM27;TASOR;EP300;HDAC4;MORC2;RBM14;KAT7;GPX1;GLYR1;ARID1B
CLN8,GO_Biological_Process_2023,prerank,Protein O-linked Mannosylation (GO:0035269),-0.3765014959257677,-0.7469677460227915,0.8147448015122873,1.0,1.0,8/16,27.77%,FKRP;RXYLT1;CRPPA;DPM1;DPM3;TMTC1;LARGE1;TMTC3
CLN8,GO_Biological_Process_2023,prerank,Intrinsic Apoptotic Signaling Pathway In Response To Endoplasmic Reticulum Stress (GO:0070059),-0.33442941784580393,-0.7468608695967689,0.8756855575868373,1.0,1.0,14/29,26.86%,TMEM238L;TRIB3;BAK1;ATP2A3;TMEM117;CHAC1;BAG6;DNAJC10;BRSK2;ERN2;SELENOK;ERN1;ERO1A;DAB2IP
CLN8,GO_Biological_Process_2023,prerank,Regulation Of Intracellular Estrogen Receptor Signaling Pathway (GO:0033146),-0.3411627172672126,-0.746821351011057,0.8589981447124304,1.0,1.0,8/25,15.92%,DNAAF4;WBP2;CNOT1;LATS1;VPS18;STRN3;PAK1;YAP1
CLN8,GO_Biological_Process_2023,prerank,Glycoprotein Biosynthetic Process (GO:0009101),0.2718432447830873,0.7467367424125276,0.9701834862385321,1.0,1.0,28/78,20.47%,GAL3ST2;SERP1;ATP7A;COG7;ALG1L2;TMEM59;ST8SIA6;CSGALNACT2;BMPR1B;ST8SIA2;CHST11;B3GALT2;B4GALT5;ST8SIA3;IGF1;ST3GAL3;FUT1;DDOST;ST3GAL4;ST8SIA1;PMM2;GCNT2;CHST9;GCNT1;MGAT4B;B4GALT7;ALG5;ST3GAL6
CLN8,GO_Biological_Process_2023,prerank,Intracellular Monoatomic Ion Homeostasis (GO:0006873),-0.35591923329795244,-0.7467271223497765,0.8671454219030521,1.0,1.0,5/20,26.95%,SLC4A11;LETM2;SLC39A8;SLC39A14;LETM1
CLN8,GO_Biological_Process_2023,prerank,Negative Regulation Of Protein Depolymerization (GO:1901880),0.3430634160277926,0.7466704642695225,0.8741418764302059,1.0,1.0,12/23,20.30%,TAOK1;STMN2;MID1IP1;ATXN7;APC2;TRIM54;TPX2;KATNB1;ARHGEF2;CLASP2;BMERB1;LIMA1
CLN8,GO_Biological_Process_2023,prerank,Endocardial Cushion Morphogenesis (GO:0003203),0.3417129230499719,0.746555854985259,0.8605200945626478,1.0,1.0,5/21,14.93%,NOG;BMP4;TGFB2;MDM4;HEYL
CLN8,GO_Biological_Process_2023,prerank,Regulation Of Ossification (GO:0030278),0.30857001119625016,0.7462212359777816,0.9158878504672897,1.0,1.0,8/37,11.74%,DDR2;CYP27B1;S1PR1;SGMS2;NELL1;BMP4;CCDC134;WNT5A
CLN8,GO_Biological_Process_2023,prerank,Cholesterol Transport (GO:0030301),-0.3008550575448655,-0.745904625314973,0.9265734265734266,1.0,1.0,11/51,14.60%,NPC1L1;SOAT1;ABCG5;STARD5;APOB;OSBP;CEL;RELCH;GUCY2C;NPC1;LIPG
CLN8,GO_Biological_Process_2023,prerank,tRNA Processing (GO:0008033),-0.29958993841311415,-0.7458948812605266,0.9242957746478874,1.0,1.0,17/49,23.01%,TRNT1;PUS3;DTWD2;ELAC1;TRDMT1;METTL1;TRUB1;OSGEP;TRMT10C;WDR4;TRMT9B;TSEN2;RPP40;RTCB;THG1L;ELAC2;DTWD1
CLN8,GO_Biological_Process_2023,prerank,Positive Regulation Of Cell Cycle G2/M Phase Transition (GO:1902751),-0.34493102445567864,-0.7458538253175077,0.8798521256931608,1.0,1.0,6/24,11.43%,RAD51B;STOX1;RAD51C;MECP2;DBF4B;DYRK3
CLN8,GO_Biological_Process_2023,prerank,Superoxide Anion Generation (GO:0042554),-0.36428579053003207,-0.7456790529351967,0.8513011152416357,1.0,1.0,3/18,11.41%,NCF1B;TAFA4;NOXO1
CLN8,GO_Biological_Process_2023,prerank,Regulation Of Nitric Oxide Biosynthetic Process (GO:0045428),-0.31334306762070924,-0.7454025232993646,0.8942652329749103,1.0,1.0,11/39,15.67%,KLF4;AGXT2;P2RX4;JAK2;INSR;CD47;SIRPA;SMAD3;DDAH1;ZC3H12A;GLA
CLN8,GO_Biological_Process_2023,prerank,Energy Derivation By Oxidation Of Organic Compounds (GO:0015980),0.29817035833576516,0.7450953952458436,0.954070981210856,1.0,1.0,17/42,19.44%,NR4A3;COX7B;UQCRC1;COX4I1;COX5A;NDUFS4;PID1;COX5B;NDUFA4;COX15;UQCR11;LYRM7;NDUFS1;COX6A1;UQCRH;CYC1;UQCR10
CLN8,GO_Biological_Process_2023,prerank,Response To Steroid Hormone (GO:0048545),-0.3305361145092314,-0.7450224043746579,0.8627450980392157,1.0,1.0,8/29,17.60%,WBP2;MGARP;NR3C1;HSPA8;PAQR8;YAP1;ATP1A2;AKR1B1
CLN8,GO_Biological_Process_2023,prerank,Inorganic Anion Transport (GO:0015698),-0.29479768325434663,-0.7449391272876367,0.9452991452991453,1.0,1.0,18/58,19.33%,SLC26A6;ENPP3;FXYD3;SLC26A8;CLCNKB;SLC4A11;TTYH3;CLCN1;SLC17A6;CLIC2;SLC26A2;SLC26A7;ENPP1;RACGAP1;XPR1;SLC13A4;CLCN5;CLIC1
CLN8,GO_Biological_Process_2023,prerank,Chloride Transmembrane Transport (GO:1902476),0.28983153032762354,0.7448578587982174,0.9448275862068966,1.0,1.0,20/48,23.86%,GLRA3;GABRE;GLRB;SLC12A5;ANO3;SLC12A9;CFTR;SLC12A1;ANO7;ANO10;GABRA3;ANO5;GABRA5;SLC1A1;SLC4A8;SLC26A9;GABRG1;GLRA1;SLC12A8;ANO4
CLN8,GO_Biological_Process_2023,prerank,Regulation Of Neuronal Synaptic Plasticity (GO:0048168),-0.33312248453895776,-0.7446074308868422,0.9090909090909091,1.0,1.0,9/34,14.28%,NOL3;SHISA7;SYNGR1;EPHB2;SHISA9;APP;MCTP1;NETO1;NCDN
CLN8,GO_Biological_Process_2023,prerank,Cartilage Development (GO:0051216),0.2880507161900539,0.7443519675333924,0.950354609929078,1.0,1.0,11/52,12.89%,SOX6;CCN3;ATP7A;SULF1;GDF5;BMP4;HYAL1;WNT5B;CREB3L2;HYAL2;SNX19
CLN8,GO_Biological_Process_2023,prerank,N-terminal Protein Amino Acid Acetylation (GO:0006474),-0.38196454569351923,-0.7443246926633399,0.8288288288288288,1.0,1.0,8/15,27.66%,NAA16;NAA15;NAA80;NAA30;EP300;NAA20;NAA50;CREBBP
CLN8,GO_Biological_Process_2023,prerank,Regulation Of Blood Coagulation (GO:0030193),0.3223038298300817,0.7441963421836428,0.8919540229885058,1.0,1.0,9/29,18.20%,DMTN;THBD;EDN1;TFPI;HPSE;F12;EMILIN2;ST3GAL4;CAV1
CLN8,GO_Biological_Process_2023,prerank,Regulation Of Cilium Assembly (GO:1902017),-0.280069570870891,-0.7439891557610606,0.9567567567567568,1.0,1.0,31/71,26.87%,TBC1D10C;CROCC;HTT;CEP120;TBC1D2B;TBC1D24;ODAD3;IFT20;USP6NL;SGSM3;CDKL1;BBS4;WDPCP;TBC1D22A;YAP1;TBC1D15;DYNC2LI1;TESK1;CEP97;TBC1D10B;IFT88;TBC1D20;SDCCAG8;TBC1D14;EVI5L;ENTR1;TBC1D5;IFT140;KCTD17;RABEP2;TBC1D22B
CLN8,GO_Biological_Process_2023,prerank,Regulation Of cAMP-mediated Signaling (GO:0043949),-0.3677266621940779,-0.7439527397994418,0.844106463878327,1.0,1.0,6/18,17.87%,PDE11A;PDE3A;RAPGEF2;SCTR;CDC34;PDE2A
CLN8,GO_Biological_Process_2023,prerank,Positive Regulation Of DNA Repair (GO:0045739),-0.2733246113451715,-0.7434278108790118,0.9769094138543517,1.0,1.0,36/89,24.49%,ACTR5;SMCHD1;SMARCE1;NFRKB;SIRT1;HDAC10;SMARCD3;ARID2;ACTL6B;INO80;MGMT;SPIRE2;DEPDC1B;DHX9;RNF168;BRCA1;SMARCA2;ZCWPW1;INO80B;XRCC1;DPF3;TFPT;SIRT6;SPIRE1;BABAM2;TRIM28;PBRM1;CEBPG;TIMELESS;INO80C;INO80E;H2AX;INO80D;WRAP53;NPAS2;ARID1B
CLN8,GO_Biological_Process_2023,prerank,Protein Processing (GO:0016485),-0.267031237209992,-0.7433978205956193,0.9928571428571429,1.0,1.0,30/114,20.40%,F7;CTSS;MYRFL;SRGN;VSIR;ZMPSTE24;PCSK5;SPCS2;PRSS12;CPE;MASP1;CPD;BACE1;XPNPEP3;ECE1;METAP1;CTSL;BMP1;CNTN1;ASRGL1;OGT;MYRF;LONP2;SPCS3;ADAM10;CLN5;YME1L1;ECEL1;PSENEN;ATP23
CLN8,GO_Biological_Process_2023,prerank,Regulation Of Cell Development (GO:0060284),0.28824328698898666,0.7433328641758916,0.9518599562363238,1.0,1.0,15/51,20.34%,GFI1B;AKT1;S100A10;WNT3;BRPF3;BHLHE41;HES6;HLTF;YTHDF2;HEYL;BRPF1;DOCK7;ING5;RPS19;CLOCK
CLN8,GO_Biological_Process_2023,prerank,Regulation Of Potassium Ion Transmembrane Transporter Activity (GO:1901016),0.333393893257289,0.7431710037955647,0.8941684665226782,1.0,1.0,9/26,18.97%,KCNS1;FHL1;STK39;KCNE2;CAB39;AKAP9;ITGB1;DLG1;ATP1B1
CLN8,GO_Biological_Process_2023,prerank,Regulation Of Endothelial Cell Proliferation (GO:0001936),-0.27533416526700594,-0.7430135093007907,0.9644670050761421,1.0,1.0,33/93,23.28%,BMP2;VEGFC;RGCC;BMPR2;FGF16;HTR2B;PDCD6;SIRT1;LRG1;ATP5F1A;APOH;FUT2;PGF;LEP;NRARP;FLT4;CNTN1;TNFSF12;ANGPT1;VASH1;MYDGF;FGF18;HMGB2;SORD;ARNT;VEGFA;STAT5A;CCL26;FGF2;PTPRM;NR4A1;PRKD1;PPP1R16B
CLN8,GO_Biological_Process_2023,prerank,Negative Regulation Of Cyclin-Dependent Protein Serine/Threonine Kinase Activity (GO:0045736),0.3564911937534424,0.742940895372935,0.8181818181818182,1.0,1.0,10/19,26.64%,MEN1;TFAP4;PLK1;MYOCD;LATS2;IPO5;CDKN2A;HHEX;CEBPA;INCA1
CLN8,GO_Biological_Process_2023,prerank,Regulation Of Smooth Muscle Cell Proliferation (GO:0048660),-0.30211789299669795,-0.7429200293916258,0.9443447037701975,1.0,1.0,5/54,7.66%,PTGIR;BMP2;IGFBP3;BMPR2;PDGFRB
CLN8,GO_Biological_Process_2023,prerank,Positive Regulation Of Vasculature Development (GO:1904018),0.26274036524031175,0.7428089660870157,0.9928400954653938,1.0,1.0,27/104,18.63%,ITGAX;APLNR;AQP1;VEGFD;TMIGD2;SASH1;RLN2;AGO2;HYAL1;HK2;KDR;APELA;WNT5A;CTSH;SMOC2;SFRP2;EMILIN2;CHRNA7;EPHA1;RRAS;HIPK2;CD40;PTGIS;HSPB1;ITGB1;PDCL3;EMC10
CLN8,GO_Biological_Process_2023,prerank,Cellular Response To Estradiol Stimulus (GO:0071392),-0.3608580162975181,-0.742581921643642,0.8595194085027726,1.0,1.0,6/20,20.59%,SSTR1;POU4F1;RAMP3;GPER1;SSTR2;FAM210B
CLN8,GO_Biological_Process_2023,prerank,Regulation Of Protein Import Into Nucleus (GO:0042306),-0.3134677070913471,-0.7424175231099305,0.912962962962963,1.0,1.0,15/38,24.74%,S100G;CHP1;RAB23;SMAD3;PRKCD;EFCAB7;ZC3H12A;CDH1;MDFIC;SIRT6;TRIM28;EP300;SUMO1;MAVS;ECT2
CLN8,GO_Biological_Process_2023,prerank,Homologous Chromosome Pairing At Meiosis (GO:0007129),0.3241338318598914,0.7423571649886427,0.9002267573696145,1.0,1.0,5/29,7.42%,MEIOB;TEX12;TERB1;RNF212B;SYCP1
CLN8,GO_Biological_Process_2023,prerank,Regulation Of Cell Communication (GO:0010646),0.2854435892321568,0.7420208582840759,0.9629629629629629,1.0,1.0,18/49,21.85%,GRK4;LRRC32;CDK13;CRK;HCN3;LURAP1L;UGCG;TSPYL2;CXADR;SCG5;HCN4;GRK5;IGFBPL1;VEPH1;HCN1;PTPN1;NCLN;IGFBP7
CLN8,GO_Biological_Process_2023,prerank,Ruffle Organization (GO:0031529),0.36774591325476963,0.7419248594657217,0.8347639484978541,1.0,1.0,6/16,20.30%,RAC1;TPM1;PIP5K1A;ARF6;PLEKHA1;LIMA1
CLN8,GO_Biological_Process_2023,prerank,Blood Circulation (GO:0008015),0.28551067504659705,0.7418781003062443,0.955456570155902,1.0,1.0,17/50,22.26%,ADCY6;MYL7;TNNI3;ACTC1;HTR7;GCLM;ELN;CYB5R3;SGCD;HCN4;NPR1;C3AR1;SCPEP1;COL4A3;ROCK1;ADORA2A;GUCY1B1
CLN8,GO_Biological_Process_2023,prerank,Negative Regulation Of Cell Growth (GO:0030308),-0.2611250937733384,-0.7417498955498116,0.9948542024013722,1.0,1.0,29/125,17.68%,CDHR2;SEMA3G;MINAR1;BMPR2;PPT1;SIRT1;OSGIN1;MSX1;ENO1;ULK2;RERG;DIP2B;KIAA0319;EI24;PPP1R9B;SMAD3;NRG1;CDKL3;TRIM46;ADAM15;NAIF1;ENPP1;SERTAD2;ULK1;RBBP7;DCUN1D3;BRCA1;SMARCA2;SMAD4
CLN8,GO_Biological_Process_2023,prerank,Regulation Of Vascular Endothelial Growth Factor Production (GO:0010574),-0.3347480458988966,-0.7416858840172905,0.8637992831541219,1.0,1.0,6/26,17.21%,IL1A;IL6ST;FLT4;SULF2;NODAL;BRCA1
CLN8,GO_Biological_Process_2023,prerank,Neuron Projection Organization (GO:0106027),0.3636047130180271,0.7415597572837519,0.8484162895927602,1.0,1.0,6/16,15.91%,PRNP;ATP1A3;ARF1;KIFBP;CHRNA7;LGMN
CLN8,GO_Biological_Process_2023,prerank,Transcription Initiation At RNA Polymerase II Promoter (GO:0006367),0.27596149417499344,0.7414440301962921,0.9846153846153847,1.0,1.0,21/69,19.94%,MED18;MED7;TAF9;MED9;MED22;GTF2F1;ESR1;TAF8;MED16;MED20;GTF2H2;TAF7;GTF2B;TAF12;MED10;TAF4B;MED29;TBP;MED14;MED8;TAF3
CLN8,GO_Biological_Process_2023,prerank,DNA Repair-Dependent Chromatin Remodeling (GO:0140861),0.36789685866496025,0.7413097503698982,0.8482905982905983,1.0,1.0,5/16,13.28%,DTX3L;PHF1;UBR5;ASF1A;BABAM1
CLN8,GO_Biological_Process_2023,prerank,Phosphatidic Acid Metabolic Process (GO:0046473),0.3123314717598417,0.7412869255763577,0.913232104121475,1.0,1.0,11/33,17.32%,PLA2G10;GNPAT;AGPAT1;DGKE;AGPAT4;DGKZ;DGKB;DGKD;SLC27A1;MBOAT2;DGKA
CLN8,GO_Biological_Process_2023,prerank,Maintenance Of Protein Location In Nucleus (GO:0051457),-0.37173214481064054,-0.7412583433685066,0.8487712665406427,1.0,1.0,6/18,15.55%,BARD1;SUPT7L;SKP1;SUN2;BBS4;MORC3
CLN8,GO_Biological_Process_2023,prerank,Regulation Of Ubiquitin Protein Ligase Activity (GO:1904666),0.3684169498537967,0.7409618864770517,0.841541755888651,1.0,1.0,7/17,17.23%,RPS7;MAD2L2;RPL5;FBXO5;RPL17;PLK1;FZR1
CLN8,GO_Biological_Process_2023,prerank,Positive Regulation Of Mitotic Cell Cycle Phase Transition (GO:1901992),0.27942287326101345,0.7407273777187776,0.9742990654205608,1.0,1.0,20/63,20.26%,TNFSF13B;ANAPC5;MBLAC1;AKT1;HYAL1;RRM1;DDX3X;CDC23;CUL3;FBXO5;CCND1;CCNB1;CDC7;UBE2E2;LSM11;CDK1;RRM2B;TFDP1;ANKRD17;NSMCE2
CLN8,GO_Biological_Process_2023,prerank,Regulation Of calcineurin-NFAT Signaling Cascade (GO:0070884),0.31425153547330037,0.7406346534458897,0.9069264069264069,1.0,1.0,11/33,19.01%,CLEC7A;PRNP;ATP2B4;RCAN1;MYOZ1;HOMER2;IGF1;PLCG2;SPPL3;PTBP1;PPP3CC
CLN8,GO_Biological_Process_2023,prerank,Protein K11-linked Ubiquitination (GO:0070979),0.32108909979862843,0.740627509002637,0.9067245119305857,1.0,1.0,9/29,20.26%,UBE2B;ANAPC5;CDC23;CDC26;ANAPC13;UBE2E2;FZR1;UBE2L3;UBE2H
CLN8,GO_Biological_Process_2023,prerank,NIK/NF-kappaB Signaling (GO:0038061),0.318532972123262,0.7405891524174275,0.8812095032397408,1.0,1.0,16/32,23.18%,BIRC3;REL;TNFRSF10A;IRAK1;NFKB1;COPS8;CARD10;TIRAP;RELA;TRAF2;MAP3K7;TRAF6;TAB3;MAP3K14;DICER1;TLR3
CLN8,GO_Biological_Process_2023,prerank,Regulation Of Early Endosome To Late Endosome Transport (GO:2000641),-0.37216726712244774,-0.7405546397447873,0.8460144927536232,1.0,1.0,6/18,19.27%,SNX3;DAB2;MAP2K2;NF2;DENND10;PTPN23
CLN8,GO_Biological_Process_2023,prerank,Mitotic Chromosome Condensation (GO:0007076),0.3685074119970628,0.7404138078136637,0.8544698544698545,1.0,1.0,6/15,16.07%,SMC2;SMC4;TENT4A;NCAPD2;TTN;PLK1
CLN8,GO_Biological_Process_2023,prerank,Proteolysis Involved In Protein Catabolic Process (GO:0051603),-0.2787007634029098,-0.7403653485667016,0.9770318021201413,1.0,1.0,24/75,26.05%,CTSS;RHBDD1;CTSF;FBXL17;DDB1;CEL;CTSL;CTSB;PDCD6IP;USP9X;CASP8;LONP1;BAG6;CUL4B;YME1L1;ZRANB1;MALT1;HM13;RNF123;CAPN2;PEX12;CHMP4A;PRKN;NGLY1
CLN8,GO_Biological_Process_2023,prerank,Negative Regulation Of RNA Splicing (GO:0033119),-0.36002827586364017,-0.7402366532026368,0.864963503649635,1.0,1.0,2/19,3.58%,PCBP4;SRSF10
CLN8,GO_Biological_Process_2023,prerank,DNA-templated Transcription Termination (GO:0006353),0.37219229880092036,0.7400513668986889,0.857451403887689,1.0,1.0,4/16,17.16%,MED18;POLR1H;MTERF1;PCF11
CLN8,GO_Biological_Process_2023,prerank,Regulation Of Ubiquitin-Dependent Protein Catabolic Process (GO:2000058),-0.30019034465327826,-0.7400249460976407,0.9301075268817204,1.0,1.0,15/42,25.77%,COMMD1;PTK2;AXIN1;XPO1;LATS1;RNF139;RAD23B;PTEN;MAGEF1;HFE;PTK2B;TAF1;CSNK2A2;TRIM39;GLMN
CLN8,GO_Biological_Process_2023,prerank,Muscle Contraction (GO:0006936),-0.2698718578327497,-0.7399606101305942,0.9884393063583815,1.0,1.0,19/94,14.63%,SGCA;CHRNG;HRC;CRYAB;MYL6B;KCNIP2;GNAO1;ASPH;CHRNB2;MYOF;TPCN2;CLCN1;TPM2;SLC8A1;NOS1;APBB2;CACNA1H;SNTB1;EDNRA
CLN8,GO_Biological_Process_2023,prerank,Regulation Of Ras Protein Signal Transduction (GO:0046578),0.274024856734572,0.7398720641019736,0.984304932735426,1.0,1.0,26/76,20.20%,RASAL3;FBP1;KBTBD6;EPS8L2;GABARAP;TGFB2;ETFA;DENND3;BCR;DYNLL1;MYO9B;SPRY4;IGF1;RASGRP4;SYNGAP1;MFN2;RAF1;NGF;MAPKAP1;ARHGEF2;RALGPS1;ARF6;FOXM1;KANK1;OPHN1;SPRY1
CLN8,GO_Biological_Process_2023,prerank,Protein Glycosylation (GO:0006486),-0.25867674193154766,-0.7398425245300266,0.9965457685664939,1.0,1.0,45/145,22.56%,B3GNT3;B3GNT9;PDCD6;PMM1;COG3;ALG10B;ENTPD5;GALNT17;TUSC3;FUT2;GALNT18;GALNT12;ALG10;KRTCAP2;B3GNT7;POMGNT1;TET2;NPC1;PLOD1;ST3GAL2;RPN2;OGT;PLOD3;MAN1C1;ST8SIA5;TMEM258;GALNT4;ALG1;DOLPP1;DPM1;ST3GAL5;MGAT4C;MGAT4A;GALNT7;FUT4;B3GALT6;GALNT8;GOLGA2;GALNT6;GALNT1;GFPT1;B4GAT1;MGAT5;DAD1;SLC39A8
CLN8,GO_Biological_Process_2023,prerank,Tube Closure (GO:0060606),-0.3302114282743348,-0.739619569642836,0.8961538461538462,1.0,1.0,12/29,20.75%,LRP2;STIL;BCL10;MTHFD1;PRICKLE1;GRHL2;TSC2;VASP;SEMA4C;MTHFR;PLXNB2;COBL
CLN8,GO_Biological_Process_2023,prerank,Glycerophospholipid Metabolic Process (GO:0006650),-0.2857214762092077,-0.7395528762729822,0.9528795811518325,1.0,1.0,20/62,21.10%,SYNJ1;ABHD6;PIGZ;PDGFRB;GDPD3;PLA2G6;PLA2G7;ACP6;GDE1;SMPD4;PIGA;FAR1;PIGG;PIGB;PLA2G2A;ABHD3;GPLD1;SERINC5;PIGN;PNPLA3
CLN8,GO_Biological_Process_2023,prerank,Positive Regulation Of Blood Vessel Endothelial Cell Migration (GO:0043536),-0.3041119082135062,-0.7394835582475113,0.9326424870466321,1.0,1.0,15/45,22.86%,ANGPT4;SIRT1;P2RX4;PDPK1;CIB1;ATP5F1A;MAPK14;HMOX1;ANGPT1;FGF18;JCAD;VEGFA;STAT5A;FGF2;PRKD1
CLN8,GO_Biological_Process_2023,prerank,Positive Regulation Of ATP-dependent Activity (GO:0032781),0.30512577361308596,0.7394394624597672,0.9377682403433476,1.0,1.0,7/38,12.58%,ATP2A1;DNAJB2;VMP1;MYL3;PFN2;TPM1;PFN1
CLN8,GO_Biological_Process_2023,prerank,Actin Cytoskeleton Reorganization (GO:0031532),-0.298070165965904,-0.7393330518104557,0.9356617647058824,1.0,1.0,25/53,27.35%,NPHS2;THSD7B;ASB2;EFS;PHACTR1;MYH9;CDC42BPA;GRB2;KIT;PLEK2;PAK1;MCU;ATP2C1;AUTS2;MICALL2;RAP2A;SYDE1;PTK7;SIPA1L1;BRSK2;NEDD9;FARP2;EZR;PDLIM4;RHOA
CLN8,GO_Biological_Process_2023,prerank,Positive Regulation Of Translational Initiation (GO:0045948),-0.354093725854699,-0.7393091571779589,0.848816029143898,1.0,1.0,10/21,29.36%,SH3BGRL;LARP1;UHMK1;EIF2B5;CDC123;POLR2G;YTHDF3;MTOR;RPS6KB2;HABP4
CLN8,GO_Biological_Process_2023,prerank,Fat Cell Differentiation (GO:0045444),-0.28872758423231754,-0.7390271932274514,0.9606837606837607,1.0,1.0,24/62,23.22%,ADGRF5;STEAP4;PRDM16;KLF4;SIRT1;EGR2;SMAD6;OSBPL8;C1QTNF3;CTBP2;BBS4;TRIM32;TMEM120A;BBS2;FOXO1;CTBP1;CLIP3;TMEM120B;EP300;TCF7L2;SUMO1;NR4A1;MED1;ATF5
CLN8,GO_Biological_Process_2023,prerank,Regulation Of Epidermal Growth Factor Receptor Signaling Pathway (GO:0042058),-0.30525790984832724,-0.738598531223572,0.9410681399631676,1.0,1.0,17/46,22.77%,IFI6;RALA;AGT;PTPN3;ITGA1;WDR54;RHBDF1;PDE6G;MVB12B;MVB12A;PTPN12;RHBDF2;GPER1;BCAR3;PLAUR;MVP;CBL
CLN8,GO_Biological_Process_2023,prerank,Positive Regulation Of Positive Chemotaxis (GO:0050927),-0.3770207262953345,-0.7385363847947948,0.8284671532846716,1.0,1.0,5/16,13.14%,F7;VEGFC;CXCL12;PGF;CNTN1
CLN8,GO_Biological_Process_2023,prerank,Fatty Acid Transport (GO:0015908),0.30755466657359815,0.7383646969287929,0.9248826291079812,1.0,1.0,11/37,22.51%,CD36;ACSL1;PPARG;SLC27A1;SLC27A6;SLC27A4;FABP5;LYPLA1;CRABP1;SLC22A7;FABP7
CLN8,GO_Biological_Process_2023,prerank,Regulation Of Apoptotic Signaling Pathway (GO:2001233),0.2938715118557716,0.7380939790303971,0.951271186440678,1.0,1.0,15/45,19.41%,NKX3-1;TMBIM1;TMBIM6;DEPTOR;ETFA;FAS;MAPK8IP2;CTSH;TGFBR1;PPIA;ING5;CTSV;DAPK2;CSNK2A1;TRAF7
CLN8,GO_Biological_Process_2023,prerank,Respiratory System Development (GO:0060541),-0.3194771957638959,-0.7380194982917696,0.8990654205607477,1.0,1.0,12/32,25.51%,FGF9;SMCHD1;DNAAF1;GLI2;BAG6;VEGFA;NPHP3;PDPN;POLR2D;CHD7;ZIC3;STRA6
CLN8,GO_Biological_Process_2023,prerank,Myelination (GO:0042552),-0.300249090577175,-0.737729256884216,0.9421641791044776,1.0,1.0,10/48,16.06%,AMIGO1;TPPP;MPZ;SIRT2;GPC1;SCN8A;PARD3;ACER3;MYRF;SCN2A
CLN8,GO_Biological_Process_2023,prerank,Regulation Of Protein Targeting To Mitochondrion (GO:1903214),0.3114919219608426,0.7375034173541181,0.9193899782135077,1.0,1.0,16/38,20.33%,VPS11;LRRK2;ATP5IF1;TOMM7;USP36;SREBF1;RHOU;ARIH2;HPS4;PARL;RNF2;HAX1;FZD5;UBE2L3;SH3GLB1;HTRA2
CLN8,GO_Biological_Process_2023,prerank,Adenylate Cyclase-Inhibiting G Protein-Coupled Receptor Signaling Pathway (GO:0007193),-0.2967632194401542,-0.7373932657829116,0.9526411657559198,1.0,1.0,12/52,18.66%,MCHR1;CORT;HTR1B;OPRM1;OPRK1;HTR1E;GRM4;GABBR2;ADCY7;P2RY12;PDE2A;HTR1F
CLN8,GO_Biological_Process_2023,prerank,Inorganic Anion Transmembrane Transport (GO:0098661),0.27634155452939996,0.7372814198077645,0.9767981438515081,1.0,1.0,24/63,23.86%,CYP27B1;GLRA3;GABRE;GLRB;SLC12A5;SLC25A3;ANO3;SLC12A9;CFTR;SLC12A1;ANO7;ANO10;GABRA3;ANO5;GABRA5;SLC1A1;SLC37A1;SLC4A8;SLC26A9;GABRG1;GLRA1;SLC25A11;SLC12A8;ANO4
CLN8,GO_Biological_Process_2023,prerank,Gluconeogenesis (GO:0006094),0.3202193523224719,0.73705235945023,0.9068181818181819,1.0,1.0,3/32,7.69%,PGAM2;FBP1;PGK1
CLN8,GO_Biological_Process_2023,prerank,Regulation Of Filopodium Assembly (GO:0051489),0.2995598939262181,0.7369272027697181,0.9396135265700483,1.0,1.0,15/43,21.05%,NEURL1;DMTN;NELL1;PIK3R1;FMR1;NLGN1;CDC42;CLU;TENM2;ARF6;CAPZB;FXR2;MYO3A;GPM6A;TENM1
CLN8,GO_Biological_Process_2023,prerank,Action Potential (GO:0001508),0.31230691512560993,0.7367631833375925,0.9222222222222223,1.0,1.0,9/34,17.13%,MYH7B;SCN4A;KCNE2;KCNE3;KCNQ1;CHRNA4;KCNE5;KCNH2;KCNH7
CLN8,GO_Biological_Process_2023,prerank,Regulation Of Telomere Maintenance (GO:0032204),0.3037991512468945,0.7366017013243726,0.9140969162995595,1.0,1.0,16/38,23.47%,NSMCE4A;GNL3;TERF1;DHX36;NBN;TINF2;TERF2IP;SLX4;PPP1R10;SLF1;HNRNPD;SMC6;NSMCE2;TERF2;ERCC1;EID3
CLN8,GO_Biological_Process_2023,prerank,Positive Regulation Of Smooth Muscle Cell Proliferation (GO:0048661),0.29141649912432116,0.7365617521359644,0.9513888888888888,1.0,1.0,11/47,15.88%,SERPINF2;NR4A3;HDAC1;JUN;EDN1;BMP4;AKT1;LDLRAP1;PHB1;IGF1;MFN2
CLN8,GO_Biological_Process_2023,prerank,Apoptotic Mitochondrial Changes (GO:0008637),0.3069319303557569,0.7365169882921664,0.928416485900217,1.0,1.0,14/34,23.90%,ATP2A1;BIK;HSPD1;HK2;FZD9;THEM4;SOD2;CLU;NDUFS1;BAX;BNIP3;GGCT;BBC3;BID
CLN8,GO_Biological_Process_2023,prerank,Establishment Of Mitotic Spindle Orientation (GO:0000132),-0.3271883711091876,-0.7364308285109558,0.8989169675090253,1.0,1.0,13/29,23.51%,HTT;ENKD1;GPSM1;NSFL1C;ZW10;GPSM2;NDEL1;NUMA1;MAPRE1;CDK5RAP2;GJA1;SPDL1;DCTN1
CLN8,GO_Biological_Process_2023,prerank,Dendritic Spine Organization (GO:0097061),-0.34008460010044705,-0.7363480788882466,0.875219683655536,1.0,1.0,8/26,18.16%,NOL3;PAK3;INSR;EPHB2;ZNF365;SHANK1;PTEN;SHANK3
CLN8,GO_Biological_Process_2023,prerank,Negative Regulation Of NF-kappaB Transcription Factor Activity (GO:0032088),0.26999026260867154,0.7363264825466712,0.9930232558139535,1.0,1.0,24/81,18.52%,GFI1;TCEAL7;ERBIN;SPI1;CARD8;LRRK2;TMIGD3;FAF1;ANXA4;ITCH;SETD6;MTURN;IRAK1;G3BP2;TRAF3;CCDC22;DDIT3;BCL3;PTGIS;COMMD6;RWDD3;UFL1;TRIM37;AIM2
CLN8,GO_Biological_Process_2023,prerank,Positive Regulation Of Protein Tyrosine Kinase Activity (GO:0061098),-0.3103860132150095,-0.7361307059924855,0.922365988909427,1.0,1.0,16/37,25.89%,AREG;AGT;HBEGF;IL34;DOK7;EPHA4;SRCIN1;UNC119;GRM5;GAS6;LRP8;ERBB3;DLG3;NOX4;PDGFB;NEDD9
CLN8,GO_Biological_Process_2023,prerank,Regulation Of Immunoglobulin Production (GO:0002637),0.3252784033823723,0.7360210711834502,0.9158878504672897,1.0,1.0,5/27,15.15%,MZB1;CLCF1;CD86;PHB1;SUPT6H
CLN8,GO_Biological_Process_2023,prerank,Positive Regulation Of Plasma Membrane Bounded Cell Projection Assembly (GO:0120034),-0.27579978158745816,-0.7359047957498887,0.9864176570458404,1.0,1.0,23/87,20.91%,CARMIL2;CROCC;HTT;RALA;CEP120;P2RX7;ANLN;ARAP1;CDC42EP1;RAC2;IFT20;FSCN1;CDC42EP3;BBS4;ACTR2;AGRN;NDEL1;P2RY12;EPS8L1;AUTS2;CDC42EP4;WASHC1;MYO3B
CLN8,GO_Biological_Process_2023,prerank,Axon Guidance (GO:0007411),-0.25394141901052536,-0.73586704497079,1.0,1.0,1.0,61/149,25.46%,LRTM2;EFNB1;PLXNA2;SEMA3G;SEMA7A;SEMA6D;ROBO4;SEMA4G;PLXND1;CXCL12;PTK2;SEMA6A;EPHB2;PTPRO;NRXN3;CNTN2;NCAM1;SEMA6C;NOTCH1;LGR6;EPHA7;CNTN1;ENAH;SOS1;EPHA5;SEMA4A;RET;SEMA4B;PLXNA3;KIF5A;EPHA4;VASP;GLI2;SEMA3A;SEMA4C;EFNB3;VEGFA;EPHA6;EPHA3;PLXNB2;GAP43;SEMA3C;NFIB;NEO1;EFNA2;NOTCH3;PTPRM;NEXN;SMO;NOTCH2;ARHGEF25;KLF7;BOC;PALLD;SLIT2;EFNA5;ANOS1;SEMA4F;PLEKHG4;EFNB2;PLXNB1
CLN8,GO_Biological_Process_2023,prerank,"Regulation Of Nuclear-Transcribed mRNA Catabolic Process, Deadenylation-Dependent Decay (GO:1900151)",-0.3335956799887829,-0.7357619489561837,0.8976833976833977,1.0,1.0,11/23,21.61%,ZFP36;NANOS3;CNOT1;CPEB3;TNRC6B;RC3H1;SYNCRIP;DHX9;NANOS1;IGF2BP1;CNOT7
CLN8,GO_Biological_Process_2023,prerank,Phosphatidylethanolamine Metabolic Process (GO:0046337),-0.34179988699662145,-0.7352929909583427,0.8994614003590664,1.0,1.0,4/25,9.08%,PLAAT2;ALOX15;SELENOI;PLA2G6
CLN8,GO_Biological_Process_2023,prerank,Negative Regulation Of Endothelial Cell Migration (GO:0010596),0.3030851359425489,0.7350091572941534,0.9449339207048458,1.0,1.0,7/37,10.39%,ADGRB1;HMGB1;PPARG;ATP2B4;SVBP;CSNK2B;KRIT1
CLN8,GO_Biological_Process_2023,prerank,Cellular Response To Amino Acid Starvation (GO:0034198),-0.3039303588792834,-0.7349944565686785,0.9129692832764505,1.0,1.0,13/42,23.11%,DAPL1;LARS1;ITFG2;RRAGC;BMT2;WDR59;IMPACT;DEPDC5;RRAGA;DAP;SESN3;PRKD1;EIF2S1
CLN8,GO_Biological_Process_2023,prerank,Negative Regulation Of Protein Catabolic Process (GO:0042177),-0.2961486804504497,-0.7346958911524554,0.9395017793594306,1.0,1.0,14/54,20.97%,GABARAPL2;PTPN3;SIRT2;SNX3;AZIN1;CTSA;ANXA2;IRAK3;PIN1;CYP51A1;TIMP4;NQO1;CST3;SNCA
CLN8,GO_Biological_Process_2023,prerank,Lipid Catabolic Process (GO:0016042),-0.35031539643435766,-0.7344118305340773,0.8605504587155963,1.0,1.0,6/21,21.04%,PPT1;SIRT2;LIPE;LIPG;LCP1;AOAH
CLN8,GO_Biological_Process_2023,prerank,Cellular Response To Glucose Stimulus (GO:0071333),-0.3176106844534547,-0.7342583911303712,0.9044117647058824,1.0,1.0,16/34,26.46%,CLTRN;PRKAA2;XBP1;AGER;UNC13B;MLXIPL;GAS6;GPER1;RACK1;PRKAA1;SLC39A14;LIN28A;ZBTB20;PTPRN2;ERN1;PCK2
CLN8,GO_Biological_Process_2023,prerank,Negative Regulation Of Protein Dephosphorylation (GO:0035308),0.3546522135166959,0.734240158915388,0.8438177874186551,1.0,1.0,6/19,15.49%,YWHAB;FKBP1A;FKBP1B;PPP1R1B;TIPRL;CRY2
CLN8,GO_Biological_Process_2023,prerank,Calcium Ion Transmembrane Transport (GO:0070588),-0.275322468386038,-0.7342201362288887,0.9755244755244755,1.0,1.0,29/80,22.10%,TRPV6;CACNG1;TRPV2;TRPM2;P2RX4;ATP2B1;SLC8B1;CACNA2D4;MCOLN1;P2RX7;TRPM6;CACNB3;CACNA2D1;MCUR1;SLC8A1;ATP2A3;PKD1;SLC24A5;TRPM4;MCU;ITGAV;ATP2C1;SMDT1;GAS6;ORAI1;PKD2;CACNA1C;CACNA1A;ATP2C2
CLN8,GO_Biological_Process_2023,prerank,Lysosome Organization (GO:0007040),0.29816071687363416,0.734110320248279,0.9406593406593406,1.0,1.0,8/43,8.29%,ACP4;MYO7A;ACP2;NAGPA;TPP1;LRRK2;ATP10B;LYSET
CLN8,GO_Biological_Process_2023,prerank,Chondrocyte Differentiation (GO:0002062),0.3123755967679488,0.7339216245984233,0.9385342789598109,1.0,1.0,9/29,15.50%,SOX6;CCN3;SULF1;BMP4;WNT5B;CREB3L2;BMPR1B;SNX19;EIF2AK3
CLN8,GO_Biological_Process_2023,prerank,Cellular Response To Oxidative Stress (GO:0034599),-0.26247550457644836,-0.7335319438131305,0.9896193771626297,1.0,1.0,41/117,24.87%,SUMO4;ALDH3B1;CPEB2;SIRT2;ABL1;MAPT;STX2;TBC1D24;SLC4A11;ATM;PRKAA2;ETV5;SRXN1;PYROXD1;MPV17L2;PRKCD;SQSTM1;ZC3H12A;HMOX1;LONP1;AIF1;PINK1;NQO1;FOXO1;ARNT;SLC25A24;DAPK1;FOXO3;PKD2;SNCA;PNPT1;RAD52;RBM11;PRKD1;EIF2S1;CAMKK2;PRKAA1;PYCR2;GPX1;PEX12;PXN
CLN8,GO_Biological_Process_2023,prerank,Cytoplasmic Translational Initiation (GO:0002183),0.31958053521906976,0.7331118045857133,0.90625,1.0,1.0,12/30,23.65%,EIF3J;EIF5;EIF2S2;EIF3L;MIF4GD;SLBP;EIF3G;DHX29;EIF4A2;EIF2S3B;EIF2D;EIF3K
CLN8,GO_Biological_Process_2023,prerank,Regulation Of G1/S Transition Of Mitotic Cell Cycle (GO:2000045),-0.2702232392155857,-0.7330053585074623,0.9929947460595446,1.0,1.0,41/106,27.09%,CDKN2B;RGCC;KLF4;SMARCE1;CCL2;SMARCD3;STOX1;RBL2;ARID2;FAM107A;CCND2;ACTL6B;STIL;E2F7;INO80;PKD1;PTPN6;AIF1;PTEN;DCUN1D3;SMARCA2;ID2;CPSF3;KANK2;DPF3;PKD2;PBRM1;APPL1;RB1;RRM2;CDK2AP2;ARID1B;CDK7;E2F1;PSME2;BCL7C;DACT1;KMT2E;ARID1A;CDKN1A;PLCB1
CLN8,GO_Biological_Process_2023,prerank,Membrane Repolarization (GO:0086009),0.35754053450721995,0.7327740049856705,0.8442105263157895,1.0,1.0,9/17,18.97%,KCND3;KCNE2;KCNE3;KCNQ1;SLC24A4;KCNE5;KCNH2;KCNH7;ATP1B1
CLN8,GO_Biological_Process_2023,prerank,Regulation Of Glycolytic Process (GO:0006110),-0.30971879546102743,-0.7326778562938607,0.9265734265734266,1.0,1.0,24/40,30.09%,GCK;INSR;APP;P2RX7;PRKAA2;GIT1;OGT;MLXIPL;ARNT;SIRT6;EP300;HDAC4;PRKAA1;ZBTB20;NCOR1;PSEN1;JMJD8;PRXL2C;SLC4A4;MTOR;EIF6;ZBTB7A;PRKAG1;FLCN
CLN8,GO_Biological_Process_2023,prerank,DNA-templated Transcription (GO:0006351),-0.24720305341670948,-0.7326539701982555,1.0,1.0,1.0,73/198,27.16%,TAF1C;POLR2J;POLR3G;TBPL2;NOCT;ZBTB7B;TCEA3;POLR1C;SNAPC3;CDK12;XAB2;PTMA;NFIX;GTF2H3;THRA;GMEB2;THRB;MKRN2;GTF2F2;RRAGC;POLR2K;SMAD2;POLR2A;MEF2A;XBP1;MAF;NAT14;SMAD4;TCEANC2;RBMX;POLR2H;RSF1;CBFB;POLR2E;GTF2E1;TCEANC;FOXO3;TAF1B;ERCC3;PKNOX1;GTF2E2;DDX21;ZNF141;TAF1;GTF2A1;POLR2D;TAF1A;POLR3K;NFKBIB;MED4;KLF13;GTF3C1;TAF4;CDK7;E2F1;NFX1;TRIP13;TSC22D1;IRF9;DEK;GTF3C5;SCX;TCEA1;POLR3A;POLR2G;GARS1;TEFM;CCDC124;POLR2I;GTF2H4;CRCP;MTERF3;SETX
CLN8,GO_Biological_Process_2023,prerank,Sprouting Angiogenesis (GO:0002040),-0.2943046522460768,-0.7325394245929159,0.9376114081996435,1.0,1.0,17/52,22.48%,VEGFC;TDGF1;PGF;NRARP;FLT4;ADGRA2;E2F7;SRF;ANGPT1;VEGFA;JMJD6;GPLD1;ENG;BMPER;FGF2;PTK2B;NR4A1
CLN8,GO_Biological_Process_2023,prerank,Innate Immune Response Activating Cell Surface Receptor Signaling Pathway (GO:0002220),-0.33146794422498727,-0.7324895792006625,0.9023090586145648,1.0,1.0,8/29,15.60%,KLRD1;CLEC6A;PAK3;FCN3;SYK;COLEC11;LYN;PAK1
CLN8,GO_Biological_Process_2023,prerank,tRNA Metabolic Process (GO:0006399),0.3436745781816404,0.7324568995973616,0.8819599109131403,1.0,1.0,5/19,19.05%,SSB;SLFN13;POP1;DARS2;ZFP36L1
CLN8,GO_Biological_Process_2023,prerank,Cell-Matrix Adhesion (GO:0007160),-0.26371672450827766,-0.7323876656413779,0.9963833634719711,1.0,1.0,22/109,16.83%,STRC;ITGB2;FERMT3;ITGA8;ITGA11;NPNT;ITGA4;ITGBL1;ITGA1;TESK2;CD44;THBS3;CD96;ITGB4;VWA2;ADAM15;ZYX;EMP2;PPFIA1;PKD1;CDH11;BCAT2
CLN8,GO_Biological_Process_2023,prerank,Regulation Of Cell Migration Involved In Sprouting Angiogenesis (GO:0090049),-0.3270927466165069,-0.7322780165890018,0.9023090586145648,1.0,1.0,11/30,21.76%,KLF4;MEOX2;CIB1;NOTCH1;PDCD10;HMOX1;HDAC5;JCAD;VEGFA;STARD13;FGF2
CLN8,GO_Biological_Process_2023,prerank,Sterol Transport (GO:0015918),-0.3333223752132808,-0.7320137586228493,0.8882783882783882,1.0,1.0,7/25,13.43%,NPC1L1;ABCG5;GRAMD1A;APOB;OSBP;VAPA;NPC1
CLN8,GO_Biological_Process_2023,prerank,Regulation Of Transcription Involved In G1/S Transition Of Mitotic Cell Cycle (GO:0000083),0.35184385134828,0.7319199618899073,0.8574660633484162,1.0,1.0,10/19,26.55%,GFI1;NPAT;CDK5;TFDP1;ZPR1;CDK15;ESRRB;CDK18;CDK17;CDK14
CLN8,GO_Biological_Process_2023,prerank,Protein K63-linked Deubiquitination (GO:0070536),0.30293445800421637,0.7315545509067145,0.9434389140271493,1.0,1.0,11/33,15.99%,USP33;SPATA2;USP50;USP8;USP13;MPND;BABAM1;PSMD14;OTUD4;OTUD7B;UIMC1
CLN8,GO_Biological_Process_2023,prerank,Long-Chain fatty-acyl-CoA Biosynthetic Process (GO:0035338),-0.3571956377863407,-0.7315055532695182,0.8620037807183365,1.0,1.0,4/17,12.60%,ELOVL3;ELOVL2;HACD1;HACD2
CLN8,GO_Biological_Process_2023,prerank,Negative Regulation Of Cyclin-Dependent Protein Kinase Activity (GO:1904030),0.34605124254881886,0.7314035316800072,0.8374164810690423,1.0,1.0,11/20,28.34%,MEN1;TFAP4;PLK1;MYOCD;LATS2;IPO5;CDKN2A;HHEX;CEBPA;INCA1;CDKN1C
CLN8,GO_Biological_Process_2023,prerank,Regulation Of SMAD Protein Signal Transduction (GO:0060390),-0.3330239279599633,-0.7313688312522747,0.8900900900900901,1.0,1.0,10/27,17.68%,BMPR2;JAK2;FAM89B;KIAA0319;OVOL2;LRP1;DAB2;NODAL;BMP6;SMAD4
CLN8,GO_Biological_Process_2023,prerank,Negative Regulation Of Extrinsic Apoptotic Signaling Pathway (GO:2001237),0.2715551646869097,0.731198701760878,0.9881516587677726,1.0,1.0,14/70,14.32%,BMP5;TMBIM1;PARK7;GDNF;PF4;BMP4;FAIM;HSPA1A;AKT1;EYA1;DDX3X;MEN1;TGFBR1;IGF1
CLN8,GO_Biological_Process_2023,prerank,Negative Regulation Of Response To External Stimulus (GO:0032102),0.24793543151268504,0.731170572889104,0.9975369458128078,1.0,1.0,25/145,14.47%,RTN4R;LTF;CCN3;RTN4RL1;CARD8;DTX4;PARP1;NR1D1;PPARG;CRK;APOA1;PPP6C;METRNL;CTNNA2;AKT1;AURKB;DRD3;DHX58;LYAR;ITCH;CEP63;PTPN2;CLDN19;LPCAT3;EPPK1
CLN8,GO_Biological_Process_2023,prerank,Protein Localization To Lysosome (GO:0061462),0.29727205775033655,0.7310636468419778,0.9595505617977528,1.0,1.0,13/40,19.52%,CACNG2;SZT2;NAGPA;NCOA4;GGA3;ATP13A2;PIK3C3;GLMP;HGS;SORL1;RTN4;VPS4A;LAMTOR5
CLN8,GO_Biological_Process_2023,prerank,Regulation Of Regulated Secretory Pathway (GO:1903305),-0.31190356360271587,-0.7310237050145465,0.9261992619926199,1.0,1.0,10/35,14.98%,TRPV6;RIMS1;UNC13D;SYT4;RAB27A;DOC2B;VPS18;RPH3AL;SYT11;SYT1
CLN8,GO_Biological_Process_2023,prerank,Regulation Of mRNA Stability (GO:0043488),-0.2794769011356675,-0.7308624236518149,0.96875,1.0,1.0,29/73,24.96%,PCBP4;ZFP36;PUM2;NOCT;PDE12;RBM24;THRAP3;TAF15;LARP1;RC3H1;FXR1;PRKCD;IREB2;GIGYF2;TBRG4;METTL16;MEIOC;TENT5D;IGF2BP1;NRDE2;SERBP1;METTL14;FASTKD1;ROCK2;PRKCA;E2F1;FTO;TENT5B;PCID2
CLN8,GO_Biological_Process_2023,prerank,Negative Regulation Of G Protein-Coupled Receptor Signaling Pathway (GO:0045744),0.3411451396944876,0.7307713047539678,0.8537117903930131,1.0,1.0,5/21,17.24%,YWHAB;RPGRIP1L;GRK2;MET;BICD1
CLN8,GO_Biological_Process_2023,prerank,Positive Regulation Of Exocytosis (GO:0045921),0.30664073812194287,0.7306730884585672,0.9373549883990719,1.0,1.0,17/37,24.96%,SMPD3;SDCBP;S100A10;CFTR;RAB2B;ATP13A2;EXPH5;CADPS;RAB3D;HGS;VPS4A;CLASP2;SDC4;RAB3A;SYTL4;STAM;RAB27B
CLN8,GO_Biological_Process_2023,prerank,Glycolipid Metabolic Process (GO:0006664),-0.32066628326202146,-0.730569913781563,0.9144981412639405,1.0,1.0,7/33,14.48%,PGAP1;SMPD1;FUT2;PGAP3;SCCPDH;B4GALNT1;ST3GAL2
CLN8,GO_Biological_Process_2023,prerank,Regulation Of Exocytosis (GO:0017157),0.2773390038413496,0.7305297687447729,0.9722222222222222,1.0,1.0,17/54,17.58%,SEPTIN2;SEPTIN5;IL1RAPL1;RAB3B;CPLANE2;S100A10;RAB12;CFTR;RAB2B;EXPH5;CPLX2;APEX1;WDR41;CADPS;RAB3D;SEPTIN1;CHMP6
CLN8,GO_Biological_Process_2023,prerank,Negative Regulation Of Myeloid Cell Differentiation (GO:0045638),0.33489659787982407,0.7304463024700116,0.8973214285714286,1.0,1.0,8/22,14.74%,MEIS2;LDB1;MEIS1;PF4;MAFB;HSPA9;CTR9;PRMT1
CLN8,GO_Biological_Process_2023,prerank,Regulation Of Rac Protein Signal Transduction (GO:0035020),0.3626294315858565,0.7302631395569178,0.8428571428571429,1.0,1.0,3/15,10.02%,KBTBD6;GABARAP;ARHGAP24
CLN8,GO_Biological_Process_2023,prerank,Positive Regulation Of Leukocyte Cell-Cell Adhesion (GO:1903039),-0.30178272659825617,-0.730118030829179,0.945750452079566,1.0,1.0,8/42,12.97%,CCDC88B;ITGB2;GNAO1;CD44;HLA-DPA1;CCL2;CD47;SIRPA
CLN8,GO_Biological_Process_2023,prerank,Regulation Of Chondrocyte Differentiation (GO:0032330),0.3274283538566367,0.7300046888974142,0.8909465020576132,1.0,1.0,8/25,17.65%,SOX6;GDF5;GDF6;BMPR1B;TGFBR1;MBOAT2;TRPS1;EFEMP1
CLN8,GO_Biological_Process_2023,prerank,Non-Motile Cilium Assembly (GO:1905515),-0.32070756903796377,-0.7298987309186292,0.9233716475095786,1.0,1.0,13/31,23.79%,CCDC13;ENKD1;BBS1;TMEM107;PIBF1;BBS4;TMEM80;CSNK1D;IFT57;IFT88;CEP89;DCTN1;CEP250
CLN8,GO_Biological_Process_2023,prerank,Stress Granule Assembly (GO:0034063),0.33611600947566517,0.7295395064622243,0.8997772828507795,1.0,1.0,12/23,19.18%,PRRC2C;DAZAP2;FMR1;DDX3X;ATXN2L;G3BP2;DYNC1H1;YTHDF2;RPS23;BICD1;GRB7;CSDE1
CLN8,GO_Biological_Process_2023,prerank,Regulation Of Blood Vessel Endothelial Cell Migration (GO:0043535),-0.29179975362311533,-0.7290655281771905,0.9612676056338029,1.0,1.0,17/53,22.86%,ANGPT4;RGCC;SIRT1;P2RX4;PDPK1;ATP5F1A;MECP2;NRG1;MAPK14;MEF2C;ANGPT1;VASH1;FGF18;VEGFA;STAT5A;FGF2;PRKD1
CLN8,GO_Biological_Process_2023,prerank,Fatty Acid Beta-Oxidation (GO:0006635),-0.29315917988413426,-0.7285440795559011,0.9552238805970149,1.0,1.0,20/49,23.64%,ACOX3;AMACR;ACADL;ACOX2;MCAT;CRAT;ACAA2;ECHDC1;ACADS;SLC27A2;ECHDC2;ETFDH;IVD;ACADM;ECHS1;ACAT1;SLC25A17;GCDH;CPT2;MTLN
CLN8,GO_Biological_Process_2023,prerank,Positive Regulation Of Telomere Capping (GO:1904355),0.3581534315014604,0.7285215337679759,0.8800904977375565,1.0,1.0,9/16,20.92%,MAPK15;PNKP;MAP3K4;MAP2K7;HNRNPD;MAPK3;NEK2;NABP2;MAPK1
CLN8,GO_Biological_Process_2023,prerank,DNA Repair (GO:0006281),-0.2359809993135067,-0.728410792671751,1.0,1.0,1.0,105/291,25.41%,FBXO6;RAD51B;RMI2;ACTR5;BARD1;COMMD1;SIRT1;XRCC4;ZRANB3;CIB1;GTF2H2C;SMC1A;APLF;UVRAG;HPF1;DNA2;RFC5;RAD51C;MLH1;ATM;DDB1;RAD17;LIG1;GTF2H3;FANCI;CHEK2;UPF1;DCLRE1B;WRN;STON1;FANCA;FBH1;INO80;FEN1;HROB;MGMT;EME1;FSCN1;MSH2;EXD2;DEPDC1B;MGME1;HUWE1;CHD1L;INIP;RAD51AP1;FANCB;SMARCAL1;RNF168;TDP1;NEIL3;XRCC5;XRCC2;UNG;RAD23B;RAD50;USP44;SETD2;BRCA1;RAD9A;POLI;CUL4B;CSNK1E;MUTYH;XRCC1;DCLRE1C;WDHD1;RPA1;RFWD3;OGG1;ASCC1;SIRT6;APEX2;BLM;BABAM2;RECQL5;ALKBH1;POLQ;TRIM28;TNKS1BP1;RAD52;MRE11;ERCC3;MPG;RNASEH2A;TIMELESS;NSD2;SUMO1;KMT5B;NEIL2;APTX;H2AX;TICRR;POLH;ATRX;REC8;BACH1;BTG2;TRIP13;FTO;TRAIP;NEIL1;DDX1;XRCC3;EP400
CLN8,GO_Biological_Process_2023,prerank,Intracellular Glucose Homeostasis (GO:0001678),-0.2996446132506455,-0.7282896236394214,0.9370503597122302,1.0,1.0,19/43,26.46%,SIRT1;GCK;LRRC8A;PRKAA2;LRRC8D;XBP1;UNC13B;HK1;GAS6;FOXO1;GPER1;RACK1;FOXK2;PRKAA1;SLC39A14;LIN28A;ZBTB20;ERN1;PCK2
CLN8,GO_Biological_Process_2023,prerank,Stabilization Of Membrane Potential (GO:0030322),-0.3737479019173618,-0.7282478207448275,0.8528864059590316,1.0,1.0,5/16,21.43%,KCNK4;KCNK2;KCNK12;KCNK7;KCNK6
CLN8,GO_Biological_Process_2023,prerank,Modulation Of Chemical Synaptic Transmission (GO:0050804),0.2558596022448305,0.7281083705243557,0.9975669099756691,1.0,1.0,49/122,22.46%,GRIA2;NPAS4;GRIN3A;RELN;BAIAP3;NLGN4Y;LRRK2;PLPPR4;BEGAIN;GRIK1;DGKZ;FMR1;GRM7;DLGAP2;TRIO;BCR;GRID1;SLC8A3;MAPK8IP2;CDK5;CHRNB4;CPLX2;CHRNA7;NLGN1;GRIK4;USP46;CLSTN2;AKAP9;NLGN4X;FER1L5;CLSTN3;NRG3;GRM3;ITGB1;GRM8;DLGAP1;TMEM108;CLN3;RIMS3;OPHN1;NLGN3;SLC4A8;DLG4;CACNG5;SLC38A1;GRIA3;CASK;GSK3B;NPTX1
CLN8,GO_Biological_Process_2023,prerank,Regulation Of Calcium Ion-Dependent Exocytosis (GO:0017158),0.3183150872226213,0.7279590630777997,0.9030837004405287,1.0,1.0,11/28,16.33%,SYT15;BAIAP3;SYT5;SYT10;SYT9;RAB3GAP1;SYT13;SYT17;REST;SYT7;SYT6
CLN8,GO_Biological_Process_2023,prerank,Positive Regulation Of Cysteine-Type Endopeptidase Activity (GO:2001056),0.2772214561412555,0.7278589813232382,0.9682539682539683,1.0,1.0,11/64,11.11%,CLEC7A;CARD9;TTBK1;NKX3-1;CARD8;HMGB1;MAP3K5;UACA;USP50;FOXL2;DDX3X
CLN8,GO_Biological_Process_2023,prerank,Positive Regulation Of Glucose Metabolic Process (GO:0010907),-0.3705959253413832,-0.727547078423793,0.8423005565862709,1.0,1.0,7/15,19.91%,SIRT1;DDB1;SLC45A3;IRS2;ARPP19;FOXO1;GPLD1
CLN8,GO_Biological_Process_2023,prerank,Regulation Of Dendritic Spine Development (GO:0060998),0.3450474596528239,0.7274907794277676,0.8722466960352423,1.0,1.0,5/20,15.43%,NEURL1;GRIN3A;FMR1;TANC2;NLGN1
CLN8,GO_Biological_Process_2023,prerank,Axon Extension (GO:0048675),0.33768650689744756,0.7272145435070171,0.8708971553610503,1.0,1.0,9/22,21.53%,SLIT1;SEMA3F;NELL1;SEMA5B;CDK5;HSP90AB1;HSP90AA1;NLGN3;NELL2
CLN8,GO_Biological_Process_2023,prerank,Nucleic Acid-Templated Transcription (GO:0097659),-0.308540787190576,-0.7271570270435451,0.9279437609841827,1.0,1.0,18/40,26.15%,TCEA3;XAB2;PTMA;THRB;MKRN2;RRAGC;SMAD2;MEF2A;SMAD4;TCEANC2;TCEANC;TAF1B;NFKBIB;E2F1;SCX;TCEA1;POLR3A;GARS1
CLN8,GO_Biological_Process_2023,prerank,Establishment Of Protein Localization To Membrane (GO:0090150),0.27076453481493273,0.7271337521808509,0.9885057471264368,1.0,1.0,10/68,9.75%,SYNE3;VPS37D;NACAD;YIF1B;SDCBP;FRMPD1;ZDHHC23;RABGEF1;RAB11B;RAB3GAP1
CLN8,GO_Biological_Process_2023,prerank,Selective Autophagy (GO:0061912),-0.28621421973500893,-0.7270491711959184,0.971042471042471,1.0,1.0,27/58,25.76%,PJVK;STBD1;ULK2;USP30;ATM;CALCOCO2;KLHL3;ATG13;SQSTM1;OGT;VHL;ULK1;PINK1;IRGM;ATG2A;ATG2B;ATG14;RIMOC1;RETREG1;LRBA;WDFY3;RAB7A;CALR;DDRGK1;ARFIP2;PRKN;WDR81
CLN8,GO_Biological_Process_2023,prerank,Regulation Of Embryonic Development (GO:0045995),0.27669124800667794,0.7270183297806194,0.9767932489451476,1.0,1.0,22/62,19.64%,POGLUT1;OTX2;LHX1;KAT2A;UCHL5;KAT2B;NIBAN2;DHX36;ZBED3;TDG;MBIP;B4GALT5;WDR5;CRB2;RPS6KA6;CDK1;DAG1;RUVBL2;MCRS1;ACTR8;CLASP2;YY1
CLN8,GO_Biological_Process_2023,prerank,Purine Ribonucleotide Transport (GO:0015868),-0.3522559448051524,-0.7269284151099578,0.8538461538461538,1.0,1.0,8/19,21.81%,SLC17A9;LRRC8A;ABCC5;LRRC8D;SLC19A1;SLC25A24;SLC25A4;SLC25A17
CLN8,GO_Biological_Process_2023,prerank,Regulation Of Single Stranded Viral RNA Replication Via Double Stranded DNA Intermediate (GO:0045091),-0.3610488793535951,-0.7269030715085392,0.8565815324165029,1.0,1.0,5/17,22.20%,INPP5K;RESF1;TASOR;SETDB1;MORC2
CLN8,GO_Biological_Process_2023,prerank,Regulation Of Centriole Replication (GO:0046599),0.3499213137867607,0.7261222525899238,0.8720173535791758,1.0,1.0,6/18,19.09%,MDM1;CEP295;KAT2A;KAT2B;TRIM37;SPICE1
CLN8,GO_Biological_Process_2023,prerank,Regulation Of Focal Adhesion Assembly (GO:0051893),0.28263625904197576,0.726104376399824,0.9811764705882353,1.0,1.0,17/54,21.39%,DMTN;LDB1;NELL1;RAC1;S100A10;KDR;DYNLL1;LIMCH1;COL16A1;DAPK3;CAMSAP3;FYN;PTPRJ;CLASP2;PEAK1;TSC1;ROCK1
CLN8,GO_Biological_Process_2023,prerank,Negative Regulation Of Canonical Wnt Signaling Pathway (GO:0090090),-0.26105728087647784,-0.7259452131821406,0.9982363315696648,1.0,1.0,33/112,22.49%,BMP2;CSNK1A1;DKK2;AMER2;AXIN1;BICC1;DKKL1;SNAI2;FRMD8;KREMEN1;PTPRO;LATS1;TLE3;LMBR1L;DAB2;AMFR;PRICKLE1;INVS;ZNRF3;TLE5;OTUD5;SOX2;HECW1;MCC;MDK;CCDC88C;GSK3A;NPHP3;TCF7L2;TMEM131L;LRP4;SHISA6;TLE1
CLN8,GO_Biological_Process_2023,prerank,Cellular Response To Type I Interferon (GO:0071357),-0.31962666438391935,-0.7258888760444321,0.9243856332703214,1.0,1.0,4/30,10.76%,IFNK;MYD88;IFI27;JAK1
CLN8,GO_Biological_Process_2023,prerank,Base Conversion Or Substitution Editing (GO:0016553),0.36223167940221046,0.7257315941758292,0.8516949152542372,1.0,1.0,7/17,24.32%,APOBEC2;METTL3;ADARB1;APOBEC3D;ADARB2;APOBEC3B;APOBEC3G
CLN8,GO_Biological_Process_2023,prerank,Negative Regulation Of Cell Motility (GO:2000146),-0.2562984219411996,-0.72566079007293,0.9966273187183811,1.0,1.0,31/132,16.93%,TACSTD2;DUSP22;CHRD;WAS;GATA3;SCAI;CLDN5;ARPIN;AMH;ARID2;CD74;DUSP10;MCTP1;SRGAP1;TCAF1;ARHGAP4;SINHCAF;MITF;ADAM15;NF2;STK24;PIN1;CDH1;OGT;CDH11;ING2;SPOCK3;ZMYND8;EPHA4;RBBP7;PTEN
CLN8,GO_Biological_Process_2023,prerank,Protein Catabolic Process (GO:0030163),-0.26653444545028926,-0.7255342454962062,0.9929078014184397,1.0,1.0,23/102,19.97%,CLN8;CTSS;FBXO6;PPT1;CPA2;CTSF;HSPA8;DDB1;CEL;CHEK2;CTSL;CTSB;CASP8;SQSTM1;LONP1;CASP3;PRSS16;MANBA;BAG6;CUL4B;CLN5;YME1L1;FBXO27
CLN8,GO_Biological_Process_2023,prerank,Negative Regulation Of Double-Strand Break Repair Via Homologous Recombination (GO:2000042),-0.3424831415071215,-0.7250077127063321,0.8706099815157117,1.0,1.0,8/21,20.68%,RMI2;SMCHD1;INSL6;FBH1;PARPBP;FANCB;MAGEF1;POLQ
CLN8,GO_Biological_Process_2023,prerank,Positive Regulation Of Mitochondrial Fission (GO:0090141),-0.35611385587431776,-0.724983151265146,0.8823529411764706,1.0,1.0,10/19,26.79%,RALA;MFF;PGAM5;MCU;PINK1;MIEF1;SPIRE1;MARCHF5;PRKN;FIS1
CLN8,GO_Biological_Process_2023,prerank,Regulation Of Epithelial Cell Proliferation (GO:0050678),-0.26449768794587875,-0.7239023029384605,0.9850467289719627,1.0,1.0,29/91,22.86%,CDKN2B;FGF9;FGF16;ZFP36;LAMC1;UHRF1;FUT2;LEP;DUSP10;SIX4;NODAL;SCN5A;YAP1;BMP6;ANGPT1;MARVELD3;SCAND3;FGF18;SOX2;VEGFA;ZNF304;MCC;GRN;BAD;TCF7L2;CDK6;NR4A1;MTSS1;PRKD1
CLN8,GO_Biological_Process_2023,prerank,Regulation Of Actin Filament Polymerization (GO:0030833),0.2673917506076304,0.7238653886758829,0.9885321100917431,1.0,1.0,14/69,18.46%,CSF3;ESAM;PLEKHG2;MEGF9;PFN2;PFN1;BIN1;LMOD1;KANK4;CYRIB;HAX1;SSH2;FER;ARF6
CLN8,GO_Biological_Process_2023,prerank,Positive Regulation Of Transferase Activity (GO:0051347),0.24451051782984123,0.7236904219730376,1.0,1.0,1.0,48/143,21.29%,DDR2;PARM1;MAPK15;CHTF8;APOA1;PNKP;AURKB;FGFR2;DKC1;RPS2;KDR;PTGES3;DSCC1;NBN;UBE2N;MET;TSPO;CHRNA7;ZNF622;EPHA2;EPHA1;MAP3K4;POLG2;AXL;TCP1;PLK1;CCT2;HNRNPA2B1;MAP2K7;GINS1;HSP90AB1;BMI1;HNRNPD;MAPK3;NEK2;UBE2L3;CCT4;SERINC1;SORL1;DSTYK;DCUN1D2;EPHB4;HSP90AA1;ERBB2;FGFR1;MAPK1;PABPN1;RFC3
CLN8,GO_Biological_Process_2023,prerank,Protein Exit From Endoplasmic Reticulum (GO:0032527),0.3280606691092478,0.7236158104988282,0.8862144420131292,1.0,1.0,6/24,13.37%,TMEM129;MAP1LC3C;UFD1;DERL1;FAF2;DERL2
CLN8,GO_Biological_Process_2023,prerank,Regulation Of Mononuclear Cell Migration (GO:0071675),-0.34407185468227103,-0.7235698009544252,0.8851590106007067,1.0,1.0,6/22,21.25%,LGALS3;PTK2;IL34;LYN;MDK;RARRES2
CLN8,GO_Biological_Process_2023,prerank,Regulation Of Cysteine-Type Endopeptidase Activity Involved In Apoptotic Process (GO:0043281),0.2631152391904931,0.7235650322674355,0.9954853273137697,1.0,1.0,27/84,20.90%,CLEC7A;CARD9;AQP1;NKX3-1;CARD8;HMGB1;DPEP1;MAP3K5;UACA;AKT1;TRIAP1;FOXL2;DDX3X;REST;FNIP1;RAF1;DNAJB6;NOD1;CDKN2D;PAX2;CSNK2A1;ARL6IP1;DHCR24;LAMTOR5;HTRA2;NDUFA13;DELE1
CLN8,GO_Biological_Process_2023,prerank,Intracellular Calcium Ion Homeostasis (GO:0006874),-0.254900788146503,-0.7235232959834836,0.9964850615114236,1.0,1.0,30/138,20.14%,CTRC;HRC;CALCA;HTR2B;WBP2NL;TRPM2;F2;CXCL12;CDH23;ATP13A4;ATP2B1;SLC8B1;TPCN2;SLC8A1;BAK1;ATP2A3;EDNRA;HERPUD1;DMPK;SLC24A5;WFS1;MCU;ATP2C1;PLN;STIM1;RYR2;STC2;SMDT1;TUNAR;GPER1
CLN8,GO_Biological_Process_2023,prerank,Positive Regulation Of Viral Life Cycle (GO:1903902),0.3370072031357984,0.7233587766110411,0.8917050691244239,1.0,1.0,10/22,19.32%,CLEC4G;HMGB1;TRIM38;TMPRSS4;FMR1;KPNA2;TMPRSS2;FURIN;VPS4A;TRIM11
CLN8,GO_Biological_Process_2023,prerank,Regulation Of Transcription By RNA Polymerase III (GO:0006359),0.32849632794813965,0.7232857152945597,0.8946135831381733,1.0,1.0,12/26,23.88%,POLR3F;DHX36;ZNF143;PRDX5;ZC3H8;ERCC6;SF3B1;ICE1;ZFP36L2;TENM1;ICE2;RPTOR
CLN8,GO_Biological_Process_2023,prerank,Phagosome Maturation (GO:0090382),-0.37198085333083264,-0.7231951330824052,0.868421052631579,1.0,1.0,9/15,29.61%,MCOLN1;RAB32;RAB31;RAB7A;RAB43;PIKFYVE;RAB39A;RAB38;RAB20
CLN8,GO_Biological_Process_2023,prerank,cGMP-mediated Signaling (GO:0019934),-0.36216432317834707,-0.7231279379791249,0.8456014362657092,1.0,1.0,3/16,7.63%,KCNC2;HTR2B;PDE3A
CLN8,GO_Biological_Process_2023,prerank,Negative Regulation Of Endothelial Cell Apoptotic Process (GO:2000352),0.3192387375061959,0.722699608403864,0.9105145413870246,1.0,1.0,5/26,13.42%,IL11;NDNF;KDR;KRIT1;MEN1
CLN8,GO_Biological_Process_2023,prerank,T Cell Receptor Signaling Pathway (GO:0050852),-0.2655007850513181,-0.7225405376612899,0.9945155393053017,1.0,1.0,18/92,14.85%,PRAM1;ICOSLG;GATA3;WNK1;GNAO1;HLA-DPA1;ORC3;TRBC2;EIF2B3;BTNL9;NFKBID;CSK;BTN3A1;RC3H2;RC3H1;BCL10;BTN2A3P;ZC3H12A
CLN8,GO_Biological_Process_2023,prerank,Mesoderm Formation (GO:0001707),-0.34836012746715844,-0.722499549883762,0.8899082568807339,1.0,1.0,6/19,15.57%,ITGA8;BMPR2;ITGB4;MESP2;SMAD2;TBX19
CLN8,GO_Biological_Process_2023,prerank,Adenine Nucleotide Transport (GO:0051503),-0.3482207862117489,-0.7221982770886806,0.862934362934363,1.0,1.0,8/20,21.81%,SLC17A9;LRRC8A;ABCC5;LRRC8D;SLC19A1;SLC25A24;SLC25A4;SLC25A17
CLN8,GO_Biological_Process_2023,prerank,Negative Regulation Of Proteasomal Protein Catabolic Process (GO:1901799),0.29910172050070977,0.7220604089870243,0.9379157427937915,1.0,1.0,14/39,20.55%,PARK7;RYBP;SDCBP;PHF20L1;TAF9;UCHL5;N4BP1;PSME3IP1;GIPC1;HSP90AB1;OPHN1;CAMLG;FHIT;BAG5
CLN8,GO_Biological_Process_2023,prerank,O-glycan Processing (GO:0016266),-0.30362358711807147,-0.7220066714376622,0.9280701754385965,1.0,1.0,14/41,23.70%,B3GNT3;GALNT12;CHST4;B3GNT7;POMGNT1;ST3GAL2;GALNT4;GALNT7;ST6GALNAC4;GALNT8;GALNT6;GALNT1;B4GAT1;GCNT4
CLN8,GO_Biological_Process_2023,prerank,Negative Regulation Of Signal Transduction In Absence Of Ligand (GO:1901099),0.3258859695669588,0.7219912201561508,0.8969957081545065,1.0,1.0,4/22,10.64%,GDNF;PF4;HSPA1A;EYA1
CLN8,GO_Biological_Process_2023,prerank,Negative Regulation Of Extrinsic Apoptotic Signaling Pathway In Absence Of Ligand (GO:2001240),0.3258859695669588,0.7219912201561508,0.8969957081545065,1.0,1.0,4/22,10.64%,GDNF;PF4;HSPA1A;EYA1
CLN8,GO_Biological_Process_2023,prerank,Nuclear Membrane Organization (GO:0071763),-0.3295735049743074,-0.7218995322848009,0.9178832116788321,1.0,1.0,14/26,26.55%,CHMP3;NSFL1C;TOR1B;CHMP1B;CHMP2A;GPER1;SPAST;CHMP5;TMEM43;DCTN1;CHMP4A;EMD;UBXN2B;CHMP2B
CLN8,GO_Biological_Process_2023,prerank,Cell Junction Organization (GO:0034330),-0.2829902730157651,-0.7217601530141338,0.9712746858168761,1.0,1.0,21/62,23.21%,SNCG;PAK3;MAPT;PPFIA4;APP;SMAD3;APBB2;TJP2;CAPZA1;PIN1;PPFIA1;GRHL2;SNCB;MARVELD3;GRM5;TJP3;SNCA;HMCN2;DVL1;LRP4;PTK7
CLN8,GO_Biological_Process_2023,prerank,Negative Regulation Of Neuron Projection Development (GO:0010977),0.2788899603477703,0.7217375981967626,0.9644444444444444,1.0,1.0,14/54,16.07%,GFI1;ADCY6;RTN4R;RTN4RL1;GAK;ZNF296;PAQR3;CBFA2T2;STMN2;EFNA1;PRAG1;MCF2;NLGN1;FKBP4
CLN8,GO_Biological_Process_2023,prerank,In Utero Embryonic Development (GO:0001701),-0.3288114096120218,-0.7215673976233445,0.9065255731922398,1.0,1.0,10/27,26.44%,BMP2;STIL;MBNL1;PKD1;FOXD3;VEGFA;PKD2;CHD7;PDGFB;HINFP
CLN8,GO_Biological_Process_2023,prerank,Cholesterol Efflux (GO:0033344),0.3226966475267921,0.7212242771877787,0.9159090909090909,1.0,1.0,3/23,10.16%,APOC2;APOA1;ABCA7
CLN8,GO_Biological_Process_2023,prerank,protein-DNA Complex Organization (GO:0071824),-0.28432101510821756,-0.721179690867863,0.9565217391304348,1.0,1.0,11/59,12.32%,EZHIP;L3MBTL1;PARP10;MTA2;SIRT1;HDAC10;MTF2;SUV39H2;VCX;SETD7;HMG20A
CLN8,GO_Biological_Process_2023,prerank,Regulation Of Cytosolic Calcium Ion Concentration (GO:0051480),-0.30350246569049266,-0.7211438322109534,0.9404553415061296,1.0,1.0,8/40,9.90%,HRC;CALCA;WBP2NL;TRPM2;F2;CDH23;ATP2B1;SLC8B1
CLN8,GO_Biological_Process_2023,prerank,Rho Protein Signal Transduction (GO:0007266),-0.28561036086154074,-0.7209670664785511,0.9673321234119783,1.0,1.0,17/52,23.34%,RIPOR1;ARHGDIB;WAS;RHOBTB1;RHOG;ARHGAP4;ARHGDIG;LIMK1;SHTN1;RACGAP1;RTKN;EPS8L1;RHOB;ARHGEF3;PDPN;ROCK2;PHACTR4
CLN8,GO_Biological_Process_2023,prerank,Regulation Of DNA Metabolic Process (GO:0051052),-0.2567156182357558,-0.720652290999027,0.9982046678635548,1.0,1.0,46/124,24.86%,ACTR5;BARD1;SUPT20H;NFRKB;ORC3;CHRAC1;STOX1;NSMCE1;ZNF365;ESCO1;UPF1;PARG;KPNA1;INO80;SUPT7L;DEPDC1B;SMC5;ATXN7L3;SF3B5;TADA3;POLE3;GRHL2;OBI1;XRCC5;CCNA2;ESCO2;BRCA1;TAF6L;INO80B;MEAF6;TFPT;BABAM2;USP37;YLPM1;INO80C;BAZ1A;INO80E;PPP2R1A;HDAC8;INO80D;POLH;USP22;KAT7;TAF4;ING4;ORC5
CLN8,GO_Biological_Process_2023,prerank,Regulation Of Arp2/3 Complex-Mediated Actin Nucleation (GO:0034315),0.3098326933133859,0.7205474512126763,0.9148471615720524,1.0,1.0,9/28,17.45%,CARMIL3;BRK1;CTNNA2;DNAI3;ARF1;WASF1;WASHC2A;GMFB;WASH6P
CLN8,GO_Biological_Process_2023,prerank,Cell-Cell Adhesion Mediated By Cadherin (GO:0044331),-0.32658777088263663,-0.7205239056445562,0.9022556390977443,1.0,1.0,9/26,19.37%,CDHR2;CDH7;CDH10;CDH2;CDH1;CDH8;CDH11;CDH9;CDH4
CLN8,GO_Biological_Process_2023,prerank,"Synaptic Transmission, Glutamatergic (GO:0035249)",0.318582148090514,0.7205202575801246,0.9035087719298246,1.0,1.0,8/27,15.67%,GRIA2;GRIN3A;GRIN2C;GRIK1;GRID1;SEPTIN9;SLC17A7;GRIK4
CLN8,GO_Biological_Process_2023,prerank,snRNA Metabolic Process (GO:0016073),-0.3417963719569098,-0.7203965998463521,0.8924528301886793,1.0,1.0,6/21,17.20%,SNAPC3;INTS4;INTS6;TUT1;INTS9;RBM7
CLN8,GO_Biological_Process_2023,prerank,Regulation Of Type I Interferon-Mediated Signaling Pathway (GO:0060338),-0.31269678167140735,-0.7199288785569067,0.9202226345083488,1.0,1.0,12/33,21.98%,RBM47;DCST1;OAS3;FADD;PTPN6;TRIM56;TRIM41;USP27X;IGF2BP1;CNOT7;RNF185;PTPN11
CLN8,GO_Biological_Process_2023,prerank,Membrane Lipid Biosynthetic Process (GO:0046467),-0.29004306206317787,-0.7198556539341014,0.9597806215722121,1.0,1.0,28/56,27.74%,ELOVL3;ALDH3B1;ELOVL2;SCCPDH;ACER3;HACD1;HACD2;SPTSSA;PPM1L;PLPP1;ORMDL3;ST3GAL2;SGMS1;SPHK1;DEGS2;ELOVL5;PRKD1;CERS5;ORMDL1;CERS4;CERS3;CERS6;SPTLC3;CERS2;PLPP2;KDSR;ELOVL6;DEGS1
CLN8,GO_Biological_Process_2023,prerank,Learning (GO:0007612),-0.29701591332763166,-0.7198294745880459,0.9433628318584071,1.0,1.0,12/43,18.16%,SYNJ1;NTRK2;CLDN5;INSR;CHRNB2;EPHB2;NRXN3;SYT11;BRSK1;SHANK1;PTN;SHANK3
CLN8,GO_Biological_Process_2023,prerank,Regulation Of Secretion (GO:0051046),-0.3606631705525697,-0.7197464207709331,0.8568738229755178,1.0,1.0,6/16,22.13%,SCIN;OPRK1;NRG1;MYO6;GPLD1;ERBB3
CLN8,GO_Biological_Process_2023,prerank,Cellular Response To Nitrogen Compound (GO:1901699),-0.36689081778667126,-0.71953085868574,0.8406593406593407,1.0,1.0,9/16,27.57%,PDE12;CPS1;EPG5;RTF2;BLM;TIMELESS;ATRX;NSMCE3;DAXX
CLN8,GO_Biological_Process_2023,prerank,TOR Signaling (GO:0031929),0.31397033749450537,0.7194842839448089,0.9406593406593406,1.0,1.0,13/29,19.71%,LAMTOR2;MEAK7;RPS6;TIPRL;SYAP1;CCDC88A;FNIP1;MAPKAP1;RICTOR;RPS6KB1;LAMTOR3;LAMTOR5;PRR5
CLN8,GO_Biological_Process_2023,prerank,Vacuolar Acidification (GO:0007035),0.3103535550630183,0.7194446052974127,0.9117647058823529,1.0,1.0,9/29,19.21%,TCIRG1;ATP6V0C;TMEM9;ATP6V1F;CCDC115;TMEM199;ATP6V1D;ATP6V0D1;CLN3
CLN8,GO_Biological_Process_2023,prerank,Neurotransmitter Secretion (GO:0007269),-0.295125057644062,-0.7189984472061575,0.9452554744525548,1.0,1.0,19/43,24.57%,RIMS1;CPLX4;OTOF;STXBP1;DOC2B;SNAP25;GRM4;DNAJC5;RPH3AL;SYT1;VAMP2;DOC2A;SYN3;SNCA;DVL1;STX1A;SNAPIN;STXBP2;RIMS2
CLN8,GO_Biological_Process_2023,prerank,Positive Regulation Of Immunoglobulin Production (GO:0002639),0.30594547687919815,0.7188209437835984,0.9394618834080718,1.0,1.0,7/34,13.27%,MZB1;CLCF1;TFRC;CD86;SHLD2;MAD2L2;PHB1
CLN8,GO_Biological_Process_2023,prerank,Nuclear Transport (GO:0051169),-0.3096241939803877,-0.7187277805845524,0.9381818181818182,1.0,1.0,14/38,22.84%,CITED1;NUP85;NUP58;XPO1;NUP42;NUP37;NUP214;NUP98;NUP107;NUP133;NUP88;ANP32A;RAE1;POM121
CLN8,GO_Biological_Process_2023,prerank,Regulation Of Stem Cell Differentiation (GO:2000736),-0.2932038347732341,-0.7185397451041825,0.9593639575971732,1.0,1.0,12/45,19.74%,TACSTD2;MTA2;MTA3;SLC4A11;RBM24;GATAD2B;NOTCH1;CHD4;SMYD5;RBBP7;PTN;SIRT6
CLN8,GO_Biological_Process_2023,prerank,Aortic Valve Morphogenesis (GO:0003180),-0.3089454550251403,-0.7185159406338851,0.9079189686924494,1.0,1.0,8/37,15.91%,GATA3;SMAD6;SNAI2;HEY2;TGFBR2;NOTCH1;SMAD2;CDH11
CLN8,GO_Biological_Process_2023,prerank,Endothelial Cell Development (GO:0001885),-0.3491675322932301,-0.7183401329382878,0.9001848428835489,1.0,1.0,7/20,23.28%,ROBO4;RAPGEF2;RAP1B;RAPGEF1;PDE2A;MYADM;PPP1R16B
CLN8,GO_Biological_Process_2023,prerank,Regulation Of Intrinsic Apoptotic Signaling Pathway In Response To DNA Damage (GO:1902229),-0.3655585206253871,-0.7180568317739048,0.8607350096711799,1.0,1.0,7/15,23.12%,CXCL12;DDIAS;SNAI2;FBH1;TRIM32;BCL2L1;CCAR2
CLN8,GO_Biological_Process_2023,prerank,Positive Regulation Of DNA Replication (GO:0045740),-0.35685422344607964,-0.7179861477020795,0.8760907504363001,1.0,1.0,8/18,24.19%,NPM2;DNA2;STON1;DHX9;GLI2;BCAR3;BAZ1A;KAT7
CLN8,GO_Biological_Process_2023,prerank,Ubiquitin-Dependent Protein Catabolic Process Via The Multivesicular Body Sorting Pathway (GO:0043162),-0.3127466542809909,-0.7179504795200425,0.9339285714285714,1.0,1.0,17/33,26.83%,VPS37B;VPS37C;CHMP3;MVB12B;VPS28;MVB12A;STAM2;CHMP1B;PTPN23;CHMP2A;UBAP1L;CHMP5;CHMP4A;SNF8;VPS36;CHMP2B;NEDD4
CLN8,GO_Biological_Process_2023,prerank,Positive Regulation Of Cellular Response To Transforming Growth Factor Beta Stimulus (GO:1903846),-0.3310250939914309,-0.7177999739201908,0.9,1.0,1.0,10/24,23.36%,CDKN2B;CITED1;ZEB2;LRG1;DAB2;ING2;SMAD4;CITED2;EP300;RNF111
CLN8,GO_Biological_Process_2023,prerank,Positive Regulation Of Transforming Growth Factor Beta Receptor Signaling Pathway (GO:0030511),-0.3310250939914309,-0.7177999739201908,0.9,1.0,1.0,10/24,23.36%,CDKN2B;CITED1;ZEB2;LRG1;DAB2;ING2;SMAD4;CITED2;EP300;RNF111
CLN8,GO_Biological_Process_2023,prerank,Neuron Migration (GO:0001764),-0.28490924176127924,-0.7177595741297191,0.9806678383128296,1.0,1.0,19/55,21.80%,DNAAF4;MDGA1;NTRK2;KIAA0319;RAPGEF2;KIAA0319L;TRIM46;USP9X;LRP12;NAV1;MEF2C;SH3RF1;SEMA3A;ELP3;VEGFA;MARK1;AUTS2;MARK2;NEO1
CLN8,GO_Biological_Process_2023,prerank,T Cell Homeostasis (GO:0043029),0.36197079347240513,0.7173951617758858,0.888421052631579,1.0,1.0,4/15,14.18%,AKT1;PPP2R3C;FAS;ZC3H8
CLN8,GO_Biological_Process_2023,prerank,Lipid Biosynthetic Process (GO:0008610),-0.27160506152252073,-0.7171623778395648,0.9795918367346939,1.0,1.0,14/71,15.36%,CLN8;OXSM;ACSM6;ACSM1;MCAT;HSD17B1;PRKAA2;GUCY2C;HSD17B8;HSD17B3;ACSM3;LPCAT1;XBP1;CYP51A1
CLN8,GO_Biological_Process_2023,prerank,RNA Destabilization (GO:0050779),-0.3489680189933829,-0.7170615039610209,0.865530303030303,1.0,1.0,9/19,24.82%,RBM24;FXR1;GIGYF2;RBM27;METTL16;DXO;METTL14;ROCK2;FTO
CLN8,GO_Biological_Process_2023,prerank,Presynapse Assembly (GO:0099054),0.3651724977985026,0.7170263966271647,0.8816964285714286,1.0,1.0,6/15,16.19%,IL1RAPL1;NLGN4Y;WNT5A;PCLO;NLGN1;NLGN4X
CLN8,GO_Biological_Process_2023,prerank,Positive Regulation Of Innate Immune Response (GO:0045089),-0.2961510313649597,-0.7169057389480405,0.9638336347197106,1.0,1.0,14/45,20.40%,SH2D1B;IFNK;RBM47;POLR3G;CD1D;FADD;POLR3C;DHX9;TRIM56;TRIM41;USP27X;IFI35;HLA-E;IGF2BP1
CLN8,GO_Biological_Process_2023,prerank,Inner Ear Morphogenesis (GO:0042472),0.3257691043412613,0.7168989652029968,0.9359823399558499,1.0,1.0,3/24,9.68%,POU3F4;ZIC1;FGFR2
CLN8,GO_Biological_Process_2023,prerank,Sphingosine Metabolic Process (GO:0006670),0.3465067713238969,0.7167827704834661,0.8708333333333333,1.0,1.0,5/19,15.39%,ASAH2;SPHK2;SPTSSB;SGPP1;SPTLC2
CLN8,GO_Biological_Process_2023,prerank,Telomere Maintenance (GO:0000723),0.26909274381760906,0.7167547586720383,0.980349344978166,1.0,1.0,25/68,21.05%,ZSCAN4;PARP1;RPA3;CTC1;TERF1;UCHL5;SHLD2;MAD2L2;PTGES3;NBN;TINF2;RAD51D;TERF2IP;ACTL6A;RAD51;APEX1;RUVBL2;MCRS1;ACTR8;YY1;SMC6;RECQL4;NSMCE2;TERF2;TENM1
CLN8,GO_Biological_Process_2023,prerank,RNA Transport (GO:0050658),-0.3099732236617778,-0.7167147088619257,0.9405204460966543,1.0,1.0,14/37,22.84%,NOL3;ZFP36;TGFBR2;NUP214;KPNB1;NUP98;CKAP5;POM121L2;ATXN2;POM121C;RBFOX1;HNRNPA1;RAE1;POM121
CLN8,GO_Biological_Process_2023,prerank,mRNA Metabolic Process (GO:0016071),-0.26644214862462084,-0.7166142063515513,0.993006993006993,1.0,1.0,21/85,20.97%,SLFN14;CSTF3;ZFP36;AGO4;PCBP2;HNRNPAB;NCBP2;SF3A2;TCERG1;PRPF8;LSM6;TBRG4;SF3A1;METTL16;FBXO11;SRSF4;SND1;CPSF3;HNRNPR;DXO;PNPT1
CLN8,GO_Biological_Process_2023,prerank,Antigen Processing And Presentation Of Peptide Antigen Via MHC Class I (GO:0002474),0.3391557236925431,0.7165131913241586,0.8991596638655462,1.0,1.0,5/18,12.69%,ERAP1;FCER1G;PDIA3;TAP1;HLA-A
CLN8,GO_Biological_Process_2023,prerank,Regulation Of Plasminogen Activation (GO:0010755),0.35866364532535827,0.7164584588817373,0.8501118568232662,1.0,1.0,6/16,20.00%,SERPINF2;S100A10;F12;PLGRKT;CTSZ;RUNX1
CLN8,GO_Biological_Process_2023,prerank,Regulation Of Peptide Hormone Secretion (GO:0090276),0.2816790293007141,0.7164115913245279,0.9799554565701559,1.0,1.0,13/52,22.40%,SSTR5;CELA2A;NOS2;RFX3;RASL10B;SYT7;PASK;HTR2C;SLC25A22;CLOCK;TFR2;HADHA;EIPR1
CLN8,GO_Biological_Process_2023,prerank,Interleukin-1-Mediated Signaling Pathway (GO:0070498),-0.3443053663219326,-0.7164106149883687,0.9061302681992337,1.0,1.0,6/19,17.84%,MYD88;IL1R1;IRAK2;IRAK3;IL1RAP;RPS6KA4
CLN8,GO_Biological_Process_2023,prerank,Vasculogenesis (GO:0001570),-0.3089971182930882,-0.7163381057191259,0.9237749546279492,1.0,1.0,7/33,12.36%,CUL7;PDGFRB;RASA1;HEY2;TGFBR2;NOTCH1;TBX6
CLN8,GO_Biological_Process_2023,prerank,Positive Regulation Of Endothelial Cell Migration (GO:0010595),-0.26791422637334156,-0.7155282144280568,0.9877622377622378,1.0,1.0,26/84,23.11%,ANGPT4;BMPR2;GATA3;PDCD6;AGT;SIRT1;P2RX4;PDPK1;TDGF1;ATP5F1A;ABL1;FLT4;MAPK14;ZC3H12A;ANGPT1;FGF18;VEGFA;GPLD1;RHOB;STAT5A;GRN;FGF2;PTK2B;PRKD1;ANXA3;ROCK2
CLN8,GO_Biological_Process_2023,prerank,mRNA 3'-End Processing (GO:0031124),-0.305217610286163,-0.714399127179467,0.9562841530054644,1.0,1.0,9/40,16.09%,CSTF3;CPSF2;TENT4B;APP;TENT2;NCBP2;TUT1;PAPOLA;LEO1
CLN8,GO_Biological_Process_2023,prerank,Positive Regulation Of Glucose Import (GO:0046326),0.3198845891602715,0.7142987943770043,0.9197396963123644,1.0,1.0,9/25,16.19%,IRS1;AKT1;PIK3R1;CLTCL1;CREBL2;C1QTNF12;CAPN10;IGF1;SORBS1
CLN8,GO_Biological_Process_2023,prerank,Peripheral Nervous System Development (GO:0007422),0.33716605536610694,0.71421700103707,0.8764302059496567,1.0,1.0,11/20,22.79%,GSTM3;GDNF;ASIC2;NF1;ADGRB2;ADGRG6;SOX8;ALDH3A2;NFASC;GFRA3;PMP22
CLN8,GO_Biological_Process_2023,prerank,Mitophagy (GO:0000423),-0.36320963811877416,-0.7141936713108946,0.8806818181818182,1.0,1.0,9/16,25.43%,ATG13;SQSTM1;OGT;PINK1;ATG14;RIMOC1;LRBA;ARFIP2;PRKN
CLN8,GO_Biological_Process_2023,prerank,Calcium Ion Homeostasis (GO:0055074),-0.2604533833933068,-0.7134811137815497,0.9948006932409013,1.0,1.0,21/102,18.89%,CTRC;TRPV6;HTR2B;CXCL12;ATP13A4;FAM20A;SLC8B1;TPCN2;JPH2;SLC8A1;ATP2A3;EDNRA;DMPK;SLC24A5;WFS1;ALPL;ATP2C1;PLN;STIM1;RYR2;STC2
CLN8,GO_Biological_Process_2023,prerank,Lysosome Localization (GO:0032418),-0.2913394157503595,-0.7131661342058305,0.9468864468864469,1.0,1.0,14/42,23.21%,HPS6;MYH9;VPS33A;BORCS7;KIT;TMEM106B;NDEL1;BORCS8;PLEKHM2;MAP6;BORCS6;KLC2;SNAPIN;KXD1
CLN8,GO_Biological_Process_2023,prerank,Post-Translational Protein Modification (GO:0043687),-0.29081968312348244,-0.7128721449616775,0.9634146341463414,1.0,1.0,16/48,19.33%,TNKS2;PARP10;RHBDD1;PRKCB;JAK2;ESCO1;MAP3K12;CDK2;PRKCD;FN3K;CCNA2;ESCO2;ZC3HAV1;RPS6KA4;PARP15;TNKS
CLN8,GO_Biological_Process_2023,prerank,Cilium-Dependent Cell Motility (GO:0060285),-0.34238784614235446,-0.7127882836946507,0.9052631578947369,1.0,1.0,5/20,18.22%,DNAH1;DNAH8;DNAH7;RSPH9;GAS8
CLN8,GO_Biological_Process_2023,prerank,Regulation Of DNA Repair (GO:0006282),0.24737777951984688,0.7126493879377918,1.0,1.0,1.0,42/129,19.69%,RADX;DPF2;BRD7;PARP1;VPS72;TAF9;PHF10;EYA1;KAT2A;SMARCB1;UCHL5;KAT2B;SMARCC2;ATXN7;TMEM161A;SMARCD1;UBR5;SF3B3;ENY2;MBTD1;BABAM1;ACTL6A;UBE2N;TAF7;TAF12;ATRIP;ERCC6;UIMC1;MORF4L1;SMARCD2;TRRAP;EPC1;SUPT3H;ING3;UBE2V2;AXIN2;TMEM98;RUVBL2;MCRS1;ACTR8;YY1;SIRT7
CLN8,GO_Biological_Process_2023,prerank,Positive Regulation Of Protein Import Into Nucleus (GO:0042307),0.31675009663225046,0.7124692811976922,0.9281045751633987,1.0,1.0,13/28,24.35%,ZIC1;PIK3R1;TPR;HYAL2;UBR5;HDAC3;PIK3R2;ZPR1;IPO5;FLNA;CHP2;HCLS1;RAN
CLN8,GO_Biological_Process_2023,prerank,Negative Regulation Of Macrophage Activation (GO:0043031),0.3641494460664082,0.7123937495854387,0.8678815489749431,1.0,1.0,2/15,6.77%,TAFA3;NR1D1
CLN8,GO_Biological_Process_2023,prerank,Regulation Of RNA Splicing (GO:0043484),0.2529477096081415,0.7122712811773744,1.0,1.0,1.0,36/101,22.47%,TMBIM6;AHNAK2;HSPA1A;PQBP1;TAF9;PIK3R1;PRDX6;FAM50A;KAT2A;SON;CLK4;FASTK;RBM38;KAT2B;ATXN7;HNRNPF;SF3B3;AHNAK;ENY2;CLK1;GRSF1;FUS;TAF12;TRRAP;SUPT3H;TMEM98;PTBP1;RPS26;ZPR1;HNRNPL;SRSF1;HNRNPK;RRP1B;TRA2B;HNRNPH3;PTBP2
CLN8,GO_Biological_Process_2023,prerank,DNA-templated DNA Replication Maintenance Of Fidelity (GO:0045005),0.2857039000198404,0.7115732091717086,0.9690721649484536,1.0,1.0,15/43,19.45%,OOEP;MMS22L;DDX11;FAM111A;ASF1A;GEN1;RAD51;CAMSAP3;MUS81;POLE;NUCKS1;CENPX;MCM9;FANCM;DONSON
CLN8,GO_Biological_Process_2023,prerank,Vesicle Docking (GO:0048278),-0.3426619017094442,-0.7112399422999698,0.878682842287695,1.0,1.0,11/19,26.38%,STX2;TSNARE1;USO1;STX5;STX7;STX3;STX1A;STX12;STX16;STX10;STX4
CLN8,GO_Biological_Process_2023,prerank,Chondroitin Sulfate Metabolic Process (GO:0030204),0.35046794435714995,0.7105413957629167,0.8953229398663697,1.0,1.0,9/16,23.50%,NDNF;CSGALNACT2;CHST11;CHST15;CHST7;CHST9;CHST3;UGDH;CHST12
CLN8,GO_Biological_Process_2023,prerank,Cellular Response To Acid Chemical (GO:0071229),0.3147792780217267,0.7100850535225348,0.9259259259259259,1.0,1.0,12/27,23.88%,NEURL1;SPAAR;LAMTOR2;NSMF;RRAGD;RRAGB;LAMTOR3;LAMTOR5;LAMTOR1;IPO5;GLRA1;RPTOR
CLN8,GO_Biological_Process_2023,prerank,Regulation Of Striated Muscle Contraction (GO:0006942),-0.3190161729980911,-0.7098902589890366,0.9229357798165138,1.0,1.0,10/28,21.77%,GJA5;P2RX4;TNNI1;NOS1;ATP1A2;DMD;RYR2;CALM3;CALM1;CALM2
CLN8,GO_Biological_Process_2023,prerank,Regulation Of Primary Metabolic Process (GO:0080090),-0.2967794474226253,-0.7097032907161351,0.9521178637200737,1.0,1.0,12/43,19.74%,ADGRF5;C1QTNF2;TNFAIP8L3;CNDP1;PLPP1;BBS4;IRS2;SSH1;ID2;NR1D2;LDLR;SIRT6
CLN8,GO_Biological_Process_2023,prerank,L-amino Acid Transport (GO:0015807),0.312331784503375,0.7095465023021381,0.9309623430962343,1.0,1.0,3/26,7.82%,SLC36A3;SLC36A4;SLC36A2
CLN8,GO_Biological_Process_2023,prerank,Regulation Of Protein Catabolic Process (GO:0042176),-0.2532704136387802,-0.7093757818860492,1.0,1.0,1.0,27/122,18.08%,DNAAF4;ASB5;BARD1;TMF1;SIRT2;GFAP;AXIN1;SNX3;RHBDF1;DDB1;AZIN1;CHEK2;CTSA;STX5;TNFSF12;IRAK3;PIN1;VPS28;CYP51A1;PKD1;WDR91;CENATAC;GPC3;TRIM32;PINK1;NQO1;NSF
CLN8,GO_Biological_Process_2023,prerank,Regulation Of Macroautophagy (GO:0016241),-0.25940640647175695,-0.7092527175613691,0.9982758620689656,1.0,1.0,28/94,23.25%,SIRT1;SCOC;EXOC8;GPSM1;PRKAA2;LARP1;EPM2A;VPS26A;CAPNS1;CLEC16A;VPS26B;ULK1;CASP3;TSC2;PINK1;WAC;EXOC4;ATP6V0E2;ATG14;ATP6V0A2;EXOC7;SESN3;ATG12;ATP6V0A1;SMCR8;CAPN1;ATP6V1C1;ATP6V1G2
CLN8,GO_Biological_Process_2023,prerank,Ceramide Metabolic Process (GO:0006672),0.2758266271641904,0.7087247899526433,0.9798657718120806,1.0,1.0,9/54,12.46%,CYP4F22;ASAH2;SGMS2;ALOXE3;ALOX12B;PLA2G15;SAMD8;SPTSSB;TLCD3B
CLN8,GO_Biological_Process_2023,prerank,Pulmonary Valve Development (GO:0003177),-0.34078137029114164,-0.7085036694833774,0.9123434704830053,1.0,1.0,5/20,14.25%,BMPR2;SMAD6;HEY2;NOTCH1;SMAD2
CLN8,GO_Biological_Process_2023,prerank,Regulation Of Insulin Receptor Signaling Pathway (GO:0046626),-0.2904641145225819,-0.7084635794533177,0.9623655913978495,1.0,1.0,10/44,15.95%,SIRT1;ZBTB7B;PRKCB;INPP5K;NCK1;VWA2;PRKCD;ENPP1;OGT;TSC2
CLN8,GO_Biological_Process_2023,prerank,Negative Regulation Of B Cell Activation (GO:0050869),-0.3451033127908609,-0.7083867160826787,0.9038817005545287,1.0,1.0,6/20,22.96%,FOXJ1;RC3H1;LYN;SAMSN1;ID2;TNFRSF21
CLN8,GO_Biological_Process_2023,prerank,Positive Regulation Of Neuron Differentiation (GO:0045666),0.2914201728684542,0.708297249052975,0.9616252821670429,1.0,1.0,17/42,20.52%,KCTD11;GDPD5;GPRC5B;PCP4;ADRA2C;TCF3;BRINP3;NRCAM;REST;PROX1;HEYL;NGF;CPNE1;ARHGEF2;SIN3A;ZC4H2;FGFR1
CLN8,GO_Biological_Process_2023,prerank,Regulation Of Transcription Elongation By RNA Polymerase II (GO:0034243),-0.26747245083081295,-0.7080589471656182,0.9962264150943396,1.0,1.0,27/77,21.95%,MED11;EAF2;BTBD18;INTS4;MED23;CDK12;NCBP2;TCERG1;INTS6;ZMYND11;LARP7;MED17;INTS9;VHL;RNF168;MED21;LEO1;ZMYND8;MED30;ELL2;MED6;SIRT6;RECQL5;MED28;NELFA;MED31;INTS7
CLN8,GO_Biological_Process_2023,prerank,Regulation Of Cytoskeleton Organization (GO:0051493),-0.257225537754115,-0.707785233867445,0.9982964224872232,1.0,1.0,43/112,24.72%,TPPP;CORO1A;DAAM2;RALA;RHOG;PAK3;HCK;MAPT;PDGFRB;PTK2;FAM107A;P2RX7;PRKAA2;BST1;LRP1;NRG1;FSCN1;PRKCD;PHLDB2;MPDZ;EPHA5;PHLDB1;PAK1;PLXNA3;CLASP1;CORO2B;MAP6;TESK1;EPHA3;ARHGEF19;SLC4A2;MARK2;IQGAP2;CDK2AP2;ROCK2;NEXN;SYDE1;RHOQ;TAOK2;PRKAA1;CAPN2;BAIAP2L1;EFNA5
CLN8,GO_Biological_Process_2023,prerank,Intracellular Steroid Hormone Receptor Signaling Pathway (GO:0030518),-0.2949678187404383,-0.7076186997712003,0.9581151832460733,1.0,1.0,9/42,15.92%,WBP2;PPARGC1B;TMF1;DDX54;KDM3A;PADI2;PLPP1;TADA3;YAP1
CLN8,GO_Biological_Process_2023,prerank,ERBB Signaling Pathway (GO:0038127),-0.2836196099190418,-0.7075931671804518,0.9728813559322034,1.0,1.0,12/54,17.72%,AREG;PDPK1;TDGF1;PTK2;HBEGF;FAM83A;REPS2;GRB2;NRG1;SOS1;NCK2;KIF16B
CLN8,GO_Biological_Process_2023,prerank,"Nuclear-Transcribed mRNA Catabolic Process, Nonsense-Mediated Decay (GO:0000184)",-0.3155453002397832,-0.7074976877503829,0.9486238532110092,1.0,1.0,14/28,27.44%,NCBP2;UPF1;RC3H1;ZC3H12A;DHX34;GSPT1;MAGOHB;MAGOH;SMG9;SMG8;SMG5;EIF3E;SKIC8;UPF3B
CLN8,GO_Biological_Process_2023,prerank,Response To cAMP (GO:0051591),0.2930046244178638,0.7074471071103322,0.958904109589041,1.0,1.0,10/37,16.67%,DMTN;AQP1;DUOX1;SLC26A3;HCN3;KCNQ1;CFTR;NDUFS4;AKAP9;HCN4
CLN8,GO_Biological_Process_2023,prerank,Response To Fibroblast Growth Factor (GO:0071774),-0.34115789787709466,-0.7072727196769362,0.8866906474820144,1.0,1.0,3/20,7.62%,ZFP36;TDGF1;CD44
CLN8,GO_Biological_Process_2023,prerank,Regulation Of Potassium Ion Transmembrane Transport (GO:1901379),-0.30741513640460355,-0.7071676126175094,0.9365942028985508,1.0,1.0,10/33,16.44%,AMIGO1;KCNAB2;KCNIP2;KCNAB1;NEDD4L;WWP2;KCNIP1;KCNIP4;DPP6;DPP10
CLN8,GO_Biological_Process_2023,prerank,Regulation Of Catabolic Process (GO:0009894),0.32699691328347846,0.7071307734197607,0.9125560538116592,1.0,1.0,10/22,18.90%,FAF1;TMEM9;ZDHHC2;NUB1;CHMP6;FURIN;HGS;ITGB1;UBE3A;MDM2
CLN8,GO_Biological_Process_2023,prerank,Histone Deubiquitination (GO:0016578),0.30040670539649805,0.7070637466389142,0.9414316702819957,1.0,1.0,14/34,18.25%,TAF9;KAT2A;KAT2B;ATXN7;MPND;SF3B3;ENY2;BABAM1;TAF7;TAF12;UIMC1;TRRAP;SUPT3H;TMEM98
CLN8,GO_Biological_Process_2023,prerank,Regulation Of T Cell Migration (GO:2000404),-0.3321591738434863,-0.7070014709097011,0.9144981412639405,1.0,1.0,4/23,10.52%,TMEM102;ABL2;CXCL12;APP
CLN8,GO_Biological_Process_2023,prerank,Regulation Of RNA Metabolic Process (GO:0051252),0.25415568596598526,0.7069241878123669,1.0,1.0,1.0,28/90,18.34%,AHNAK2;PQBP1;TAF9;PRDX6;FAM50A;KAT2A;SON;CLK4;FASTK;RBM38;KAT2B;ATXN7;TNFRSF1B;HNRNPF;USP36;SF3B3;AHNAK;ENY2;CLK1;GRSF1;YTHDF2;FUS;TAF12;TRRAP;SUPT3H;PRKRA;TMEM98;PTBP1
CLN8,GO_Biological_Process_2023,prerank,Cellular Response To Steroid Hormone Stimulus (GO:0071383),0.3111625882634725,0.7069034236206242,0.9369158878504673,1.0,1.0,6/25,12.10%,NKX3-1;BMP4;HSPA1A;TFPI;ATP1A3;AKR1C3
CLN8,GO_Biological_Process_2023,prerank,Regulation Of Cardiac Muscle Cell Contraction (GO:0086004),-0.3255723603853225,-0.706882965586236,0.9222222222222223,1.0,1.0,9/26,21.72%,GJA5;DSG2;SCN5A;TRPM4;PLN;RYR2;DSC2;RANGRF;CACNA1C
CLN8,GO_Biological_Process_2023,prerank,Regulation Of Protein Metabolic Process (GO:0051246),-0.2583805299400449,-0.7065357725475395,0.9963963963963964,1.0,1.0,34/96,23.11%,SPOP;KLF4;ELP4;AGT;NANOS3;UHRF1;MSI2;APP;METTL18;DUS3L;CNDP1;CHEK2;METAP1;DDX25;MAPKAPK5;NFKBIA;WDR91;CENATAC;WFS1;MAPK7;ATXN2;MSI1;SSH1;ELP3;GRM5;NOLC1;LDLR;ELP6;FOXO3;PLAUR;MTPN;GSAP;ROCK2;EIF2S1
CLN8,GO_Biological_Process_2023,prerank,Regulation Of G Protein-Coupled Receptor Signaling Pathway (GO:0008277),-0.27195615512879534,-0.7063614803443939,0.9893048128342246,1.0,1.0,27/70,24.56%,GRK7;DGKQ;GUCY2F;NMT2;RGS16;KCTD8;RAMP3;KCTD12;KLK14;PDE6G;TULP3;PPP1R9B;GIT1;RGS2;GNG7;LRPAP1;GPER1;CRY1;GIT2;GRK6;NMT1;ROCK2;ZDHHC3;RGS12;KCTD16;RGS3;RGS7
CLN8,GO_Biological_Process_2023,prerank,Glycosaminoglycan Metabolic Process (GO:0030203),0.308284887856485,0.7062902944553271,0.9472527472527472,1.0,1.0,14/28,21.79%,GALNT5;HYAL1;HS3ST3B1;HYAL2;PXYLP1;HS3ST1;SGSH;GCNT2;CHST9;B4GALT7;B3GAT3;UGDH;EXT2;XYLT2
CLN8,GO_Biological_Process_2023,prerank,Regulation Of Proteolysis Involved In Protein Catabolic Process (GO:1903050),-0.32559245555041105,-0.7061730583849285,0.926056338028169,1.0,1.0,7/24,17.47%,DNAAF4;TMF1;RHBDF1;LATS1;PKD1;EPHA4;PINK1
CLN8,GO_Biological_Process_2023,prerank,Regulation Of Synaptic Vesicle Exocytosis (GO:2000300),0.34388536223259153,0.7059806357678639,0.8987068965517241,1.0,1.0,7/17,20.45%,SEPTIN5;LRRK2;RAB3GAP1;FMR1;NLGN1;RIMS3;SLC4A8
CLN8,GO_Biological_Process_2023,prerank,Organophosphate Biosynthetic Process (GO:0090407),-0.3060234116193653,-0.7059747799539128,0.9446564885496184,1.0,1.0,15/34,24.45%,GCK;IPMK;PPIP5K1;TPK1;IPPK;CPS1;GALK2;LPCAT1;PPIP5K2;GPHN;MOCOS;FGF2;GK5;MOCS2;IP6K1
CLN8,GO_Biological_Process_2023,prerank,Regulation Of Intracellular Transport (GO:0032386),0.2975177159248012,0.7058672933632666,0.9376443418013857,1.0,1.0,11/38,15.78%,MYLK2;NEFH;REEP6;LRRK2;RAB11B;ATP13A2;MAP2;CAPN10;DYNC1H1;APEX1;REEP5
CLN8,GO_Biological_Process_2023,prerank,Negative Regulation Of Smoothened Signaling Pathway (GO:0045879),0.3187492402848185,0.7056509463731406,0.9194915254237288,1.0,1.0,13/25,23.15%,KCTD6;MOSMO;GLI3;KCTD21;MEGF8;PTCH2;ULK3;GLI1;GLIS2;IFT122;HERC4;RFX8;PTCH1
CLN8,GO_Biological_Process_2023,prerank,Sphingolipid Metabolic Process (GO:0006665),-0.260346028399181,-0.7056256066361533,1.0,1.0,1.0,15/93,14.03%,CLN8;ELOVL3;ALDH3B1;PPT1;SMPD1;ELOVL2;ACER3;HACD1;ABCA2;HACD2;SPTSSA;PPM1L;B4GALNT1;PLPP1;ORMDL3
CLN8,GO_Biological_Process_2023,prerank,Positive Regulation Of Erythrocyte Differentiation (GO:0045648),-0.3280182219374255,-0.7055727519389656,0.9236499068901304,1.0,1.0,10/26,23.67%,BRD1;ANKRD54;MAPK14;HMGB2;ARNT;FOXO3;FAM210B;ACVR1B;MED1;ZNF16
CLN8,GO_Biological_Process_2023,prerank,DNA Synthesis Involved In DNA Repair (GO:0000731),0.31190360254183547,0.7055240040058871,0.9212253829321663,1.0,1.0,11/27,22.84%,TNFSF13B;SYCP1;RRM1;SPRTN;PCLAF;POLE;RRM2B;FAAP20;RFC3;ZBTB1;POLDIP2
CLN8,GO_Biological_Process_2023,prerank,Regulation Of Vascular Endothelial Growth Factor Receptor Signaling Pathway (GO:0030947),-0.3309887262570027,-0.7054780846485501,0.9161904761904762,1.0,1.0,3/22,7.90%,TMEM204;PDCD6;PRKCB
CLN8,GO_Biological_Process_2023,prerank,Secretory Granule Organization (GO:0033363),0.31959315191797355,0.7052219729523292,0.930672268907563,1.0,1.0,9/25,19.76%,AP3S1;LYST;BLOC1S2;AP1S3;AP1M1;HPS4;VPS33B;BLOC1S1;HPS5
CLN8,GO_Biological_Process_2023,prerank,Vascular Endothelial Growth Factor Receptor Signaling Pathway (GO:0048010),-0.3209189756882702,-0.7051587453654073,0.9151943462897526,1.0,1.0,7/28,13.79%,VEGFC;PDCD6;PTK2;PGF;FLT4;FLT1;MAPK14
CLN8,GO_Biological_Process_2023,prerank,Endoplasmic Reticulum To Cytosol Transport (GO:1903513),0.3564702105713053,0.7049319354545226,0.88,1.0,1.0,5/15,13.37%,TMEM129;UFD1;DERL1;FAF2;DERL2
CLN8,GO_Biological_Process_2023,prerank,Positive Regulation Of G Protein-Coupled Receptor Signaling Pathway (GO:0045745),-0.3390295480576646,-0.7046301218360653,0.8888888888888888,1.0,1.0,9/18,25.90%,F2;KLK14;PDE6G;NECAB2;LRPAP1;GPER1;GSK3A;PRKCA;SLC39A14
CLN8,GO_Biological_Process_2023,prerank,Positive Regulation Of Nitric-Oxide Synthase Activity (GO:0051000),-0.35775282405353653,-0.7045347365752195,0.8651252408477842,1.0,1.0,6/16,27.50%,HTR2B;DHFR;GCH1;SCARB1;APOE;NOS1AP
CLN8,GO_Biological_Process_2023,prerank,Regulation Of Carbohydrate Metabolic Process (GO:0006109),-0.3603979076882362,-0.7045127625283127,0.8857677902621723,1.0,1.0,5/15,25.43%,SIRT1;SCARB2;FOXK2;PDK1;PRKN
CLN8,GO_Biological_Process_2023,prerank,Cellular Response To Alcohol (GO:0097306),0.2729076453960915,0.7044567986979562,0.98,1.0,1.0,10/53,14.28%,OSBPL7;ADCY6;AKR1C2;SPHK2;SCNN1D;GRAMD1C;CFTR;AKR1C3;GNG2;RAD51
CLN8,GO_Biological_Process_2023,prerank,Postsynaptic Membrane Organization (GO:0001941),0.33751603310807426,0.7042907129121676,0.9008620689655172,1.0,1.0,9/17,21.25%,NLGN4Y;DNAJA3;NLGN1;NLGN4X;LHFPL4;NRXN1;NLGN3;NRXN2;DLG4
CLN8,GO_Biological_Process_2023,prerank,Glial Cell Development (GO:0021782),-0.3297192104075039,-0.7042649908090782,0.9224952741020794,1.0,1.0,9/23,22.61%,TPPP;CSPG5;EIF2B3;APP;ZNF488;MYRF;MDK;CDK6;EIF2B5
CLN8,GO_Biological_Process_2023,prerank,Positive Regulation Of Epithelial Cell Differentiation (GO:0030858),-0.34277944804488425,-0.7039596053920502,0.8862385321100917,1.0,1.0,7/20,21.90%,TMEM100;FOXJ1;SFN;KDF1;VEZF1;FGF2;BAD
CLN8,GO_Biological_Process_2023,prerank,Mitotic Cell Cycle Phase Transition (GO:0044772),0.2427207422689467,0.7037774096473897,1.0,1.0,1.0,31/111,19.62%,GPR132;CDK3;CCND3;SPDYA;PPP6C;EIF4E;CCNA1;CCNF;CDC23;PIM2;CCNE2;CUL3;PHF8;CCDC57;CCND1;CCNB1;CDC7;POLE;ANAPC1;PPP2R2D;PLK1;CTDP1;CDK1;CCNJL;FBXL7;CCNG1;CUL4A;RPS6KB1;CCNB2;FOXM1;CLASP2
CLN8,GO_Biological_Process_2023,prerank,Long-Term Synaptic Potentiation (GO:0060291),0.33067332218784146,0.703674819230614,0.9236111111111112,1.0,1.0,4/20,12.06%,GRIN2C;NFATC4;NPTN;SLC8A3
CLN8,GO_Biological_Process_2023,prerank,Endothelial Cell Migration (GO:0043542),-0.3014864567136653,-0.7035170869170502,0.9333333333333333,1.0,1.0,15/39,22.91%,S100A2;LPXN;PLXND1;MYH9;CEL;ADGRA2;CORO1B;TNFSF12;EMP2;DPP4;VEGFA;PRKX;STARD13;NR4A1;RAB13
CLN8,GO_Biological_Process_2023,prerank,DNA-templated Transcription Initiation (GO:0006352),-0.27307347591437214,-0.7032709783774168,0.9662921348314607,1.0,1.0,25/58,28.94%,TAF1C;TBPL2;MED23;ELOC;GTF2F2;NAT14;MED17;RRN3;RSF1;GTF2E1;ERCC3;GTF2E2;TAF1;POLR2D;GTF3C1;TAF4;CDK7;PAAF1;POLR2G;POLR2I;CRCP;MAZ;PPARGC1A;E2F3;TAF13
CLN8,GO_Biological_Process_2023,prerank,rRNA Methylation (GO:0031167),0.32534430612312326,0.7030727404748222,0.8963963963963963,1.0,1.0,11/21,25.92%,TRMT112;NSUN5;MRM2;FBLL1;TFB2M;FBL;METTL15;FDXACB1;TFB1M;EMG1;ZCCHC4
CLN8,GO_Biological_Process_2023,prerank,Cardiac Muscle Cell Action Potential (GO:0086001),0.30359094639127593,0.7028030164132121,0.9288888888888889,1.0,1.0,10/29,19.33%,CACNA1G;KCND3;SCN10A;KCNE2;SCN1B;KCNQ1;KCNH2;HCN4;ATP1B1;PKP2
CLN8,GO_Biological_Process_2023,prerank,Activation Of Adenylate Cyclase Activity (GO:0007190),-0.3367065833148787,-0.7024722847517877,0.9135338345864662,1.0,1.0,6/20,17.35%,LHCGR;ADRB2;ADORA2B;GIPR;EDNRA;PRSS8
CLN8,GO_Biological_Process_2023,prerank,Endosome To Lysosome Transport Via Multivesicular Body Sorting Pathway (GO:0032510),-0.3625488108500914,-0.7020234451856151,0.8730769230769231,1.0,1.0,8/15,26.55%,CHMP3;UBXN6;MVB12A;CHMP1B;CHMP2A;CHMP5;CHMP4A;CHMP2B
CLN8,GO_Biological_Process_2023,prerank,Apical Junction Assembly (GO:0043297),0.27324705552026807,0.7019685185476555,0.9905437352245863,1.0,1.0,10/53,14.14%,ESAM;CLDN23;CLDN9;MARVELD2;FRMPD2;CLDN18;CLDN20;PAK2;SLC39A9;CLDN19
CLN8,GO_Biological_Process_2023,prerank,Response To Reactive Oxygen Species (GO:0000302),-0.2699201886348843,-0.7014250427349543,0.9840425531914894,1.0,1.0,10/65,15.26%,PLK3;PJVK;HBA1;SIRT1;MAPT;ATM;MPV17L2;SQSTM1;STK24;HMOX1
CLN8,GO_Biological_Process_2023,prerank,Regulation Of Actin Filament-Based Process (GO:0032970),0.2630008451739302,0.7012413241686961,1.0,1.0,1.0,16/69,16.68%,ESAM;DMTN;CDK10;SIGLEC15;PEAK3;CRK;RAC1;TAOK1;DYNLL1;CAPN10;DAPK3;CCDC88A;ARHGAP35;HRAS;CDC42;PDGFA
CLN8,GO_Biological_Process_2023,prerank,Protein Kinase A Signaling (GO:0010737),0.3453259290258657,0.7012180552717675,0.8979118329466357,1.0,1.0,3/16,15.61%,MYOM1;PRKACB;TTN
CLN8,GO_Biological_Process_2023,prerank,Regulation Of Cellular Component Size (GO:0032535),0.27966830080269717,0.7010753243375814,0.977924944812362,1.0,1.0,15/42,20.50%,RAB3B;RAC1;BLOC1S2;PPP1CA;ATP13A2;RARG;RIN3;PEX11A;ARHGAP35;DNAJC16;BLOC1S1;VAV2;LAMTOR5;MYO3A;NEB
CLN8,GO_Biological_Process_2023,prerank,Positive Regulation Of RNA Splicing (GO:0033120),0.3035890478502955,0.7010281056121926,0.9443207126948775,1.0,1.0,5/32,9.33%,CELF4;CLNS1A;HSPA1A;PIK3R1;PRDX6
CLN8,GO_Biological_Process_2023,prerank,DNA Methylation (GO:0006306),-0.3336999443561717,-0.700716048084791,0.9046762589928058,1.0,1.0,9/20,26.19%,N6AMT1;BEND3;DNMT3A;PPM1D;METTL4;HELLS;ATRX;PICK1;KMT2E
CLN8,GO_Biological_Process_2023,prerank,Regulation Of Glucose Metabolic Process (GO:0010906),-0.31127030462313016,-0.7006473114869493,0.9385171790235082,1.0,1.0,10/28,22.68%,DGKQ;SIRT1;ZNF692;SDHAF3;OGT;SLC45A3;IRS2;GPLD1;FOXK2;PDK1
CLN8,GO_Biological_Process_2023,prerank,Negative Regulation Of Cell Cycle (GO:0045786),-0.2613455527534362,-0.7005856190560582,0.9873646209386282,1.0,1.0,22/84,22.48%,BMP2;GATA3;BARD1;SIRT1;PTPN3;PPP1R13B;NUDT6;BRINP2;NPPC;LATS1;DUSP1;PTEN;BRCA1;TP53I13;HECA;THAP5;RHOB;GPER1;TRIM35;CDK6;RB1;NR4A1
CLN8,GO_Biological_Process_2023,prerank,Positive Regulation Of Kinase Activity (GO:0033674),-0.2547252436517877,-0.7005262092665445,0.9966044142614601,1.0,1.0,43/104,27.57%,FGFR3;NTRK1;NTRK2;F2;PDGFRB;PTK2;AXIN1;ORC3;INSR;MAPRE3;CD74;MAP3K12;FLT4;RAPGEF2;TYRO3;FLT1;FLT3;RET;XRCC5;CCNA2;RAD50;GAS6;DUSP19;MRE11;DDR1;RASSF2;PTK2B;ERBB3;VAC14;FGFR4;ZNF16;TIE1;SNX9;JTB;HLA-DRB1;TEK;CAMKK1;TAB2;MAP2K3;MMD;CDKN1A;XRCC6;DAXX
CLN8,GO_Biological_Process_2023,prerank,Response To Ethanol (GO:0045471),-0.3430118556761942,-0.7004324926956309,0.9105839416058394,1.0,1.0,4/18,15.19%,OPRM1;CHRNB2;ADH6;GLRA2
CLN8,GO_Biological_Process_2023,prerank,RNA Processing (GO:0006396),-0.2366787731453679,-0.700331727618427,1.0,1.0,1.0,68/183,26.38%,ELAVL4;NOL3;CSTF3;NOL9;TENT4B;PRPF6;DDX54;CDK12;EXOSC7;HNRNPC;NCBP2;SF3A2;TCERG1;PRPF8;SNRNP25;PRPF4B;PPP1R9B;SNRPF;TFIP11;SYNCRIP;LSM6;RRAGC;TBRG4;HNRNPUL1;CELF2;MBNL1;DDX20;SF3A1;TUT7;FBXO11;SRPK2;DIS3;RBMS2;DDX23;SRSF4;ZCRB1;MAGOHB;XRN2;RBM4;DHX8;HNRNPH1;MAGOH;PABPC4;HNRNPR;NRDE2;ZRSR2;SNRNP35;RBPMS;PPIG;PDCD7;FASTKD1;CCAR2;ADAR;PPP2R1A;SNRPB;SCNM1;BCAS2;EXOSC6;YJU2B;LUC7L3;EXOSC3;PRPF4;LIN28A;SRSF9;RP9;RBM5;SF3B4;SF3B2
CLN8,GO_Biological_Process_2023,prerank,RNA Stabilization (GO:0043489),0.29585238331151853,0.7000083211208623,0.9669603524229075,1.0,1.0,12/36,18.64%,ZAR1;TENT5C;GDNF;DKC1;PAIP1;RBM38;DHX36;YBX1;FUS;TENT5A;ELAVL1;PHAX
CLN8,GO_Biological_Process_2023,prerank,Cellular Response To Nutrient Levels (GO:0031669),0.2560817322641884,0.6994677906793556,0.9953379953379954,1.0,1.0,29/78,21.79%,CD68;MAP1LC3A;MAP1LC3C;PRKAB1;USP33;PRKAB2;LRRK2;TTC5;FADS1;SREBF1;EHMT2;ELAPOR1;RRAGD;KLF10;FNIP1;RRAGB;MAPKAP1;RICTOR;PCSK9;PRKAG2;ATG7;STK26;LAMP2;WIPI2;PRR5;TSC1;WIPI1;KCNB1;MAP1LC3B
CLN8,GO_Biological_Process_2023,prerank,Negative Regulation Of Telomere Maintenance Via Telomerase (GO:0032211),0.3356782691575925,0.6993551358465808,0.9026548672566371,1.0,1.0,8/19,21.05%,CTC1;TERF1;EXOSC10;PINX1;TINF2;GNL3L;TERF2;TENM1
CLN8,GO_Biological_Process_2023,prerank,"RNA Splicing, Via Transesterification Reactions (GO:0000375)",0.3153624051970565,0.699255817883695,0.9387308533916849,1.0,1.0,8/24,18.30%,TXNL4A;PRPF3;SLU7;MPHOSPH10;SF3B3;SMNDC1;SF3B1;SCAF11
CLN8,GO_Biological_Process_2023,prerank,Regulation Of Nucleotide-Excision Repair (GO:2000819),0.3112530392006317,0.6988310738212662,0.9311111111111111,1.0,1.0,8/26,16.63%,DPF2;BRD7;PHF10;SMARCB1;SMARCC2;SMARCD1;ACTL6A;SMARCD2
CLN8,GO_Biological_Process_2023,prerank,Regulation Of DNA-templated DNA Replication (GO:0090329),-0.3474031761011875,-0.6983114759659259,0.8952042628774423,1.0,1.0,10/17,27.46%,TIPIN;MCM5;MCM7;BLM;METTL4;TICRR;KAT7;WRNIP1;MCM2;MCM6
CLN8,GO_Biological_Process_2023,prerank,DNA Geometric Change (GO:0032392),-0.31149439927404526,-0.6982268603091345,0.9388489208633094,1.0,1.0,11/28,21.12%,ZRANB3;DNA2;UPF1;WRN;DHX9;RAD50;HMGB2;RTEL1;ASCC1;BLM;MRE11
CLN8,GO_Biological_Process_2023,prerank,Positive Regulation Of Neuron Death (GO:1901216),0.2908952766853725,0.6975877353634115,0.9299363057324841,1.0,1.0,11/34,19.50%,PRNP;MAP3K5;TGFB2;NF1;WNT5A;CDK5;DDIT3;CLU;FYN;PCSK9;BAX
CLN8,GO_Biological_Process_2023,prerank,Regulation Of Myotube Differentiation (GO:0010830),-0.3275424855552712,-0.6972019716703091,0.924187725631769,1.0,1.0,8/23,19.02%,BHLHA15;RBM24;MAPK14;XBP1;HDAC5;DMPK;SIK1;FBXO22
CLN8,GO_Biological_Process_2023,prerank,Mitotic Sister Chromatid Segregation (GO:0000070),0.24360937656054898,0.69715468892355,1.0,1.0,1.0,35/111,19.62%,MISP;EML3;SMC2;TUBG1;ZWINT;SMC4;TENT4A;NSL1;ABRAXAS1;CDC23;KIF23;PINX1;NCAPD2;KIF22;CUL3;TUBG2;CENPK;CCDC61;TPX2;CCNB1;KIFC1;TTN;PLK1;NDC80;DCTN2;CENPE;CHMP6;KIF11;KNTC1;SPICE1;VPS4A;PSRC1;SMC3;PRC1;CLASP2
CLN8,GO_Biological_Process_2023,prerank,Cell Migration Involved In Sprouting Angiogenesis (GO:0002042),0.34085598582705146,0.6967892520601479,0.8736141906873615,1.0,1.0,5/17,13.84%,NELL1;AKT1;KDR;PIK3R3;ROBO1
CLN8,GO_Biological_Process_2023,prerank,Regulation Of Platelet Aggregation (GO:0090330),-0.3197358146692205,-0.6967852010108756,0.9213483146067416,1.0,1.0,12/25,24.35%,C1QTNF1;SH2B3;JAK2;IL6ST;SYK;PRKCD;LYN;SERPINE2;PDPN;PRKG1;MFSD2B;PRKCA
CLN8,GO_Biological_Process_2023,prerank,Response To Molecule Of Bacterial Origin (GO:0002237),-0.2680016722868285,-0.6965587916621078,0.9853211009174312,1.0,1.0,13/69,16.64%,IL23R;CITED1;NOCT;SMAD6;JAK2;PELI1;NOS1;CPS1;INAVA;IRAK3;CXCL2;SRR;OTUD5
CLN8,GO_Biological_Process_2023,prerank,tRNA Wobble Base Modification (GO:0002097),-0.3584820820159348,-0.6963191582466702,0.8660550458715597,1.0,1.0,9/15,27.01%,ELP4;TRMT9B;ELP3;ELP6;ALKBH1;GTPBP3;ALKBH8;URM1;ELP1
CLN8,GO_Biological_Process_2023,prerank,Mesenchyme Morphogenesis (GO:0072132),0.3326074489285927,0.6962980129910602,0.9196217494089834,1.0,1.0,4/18,14.93%,NOG;TGFB2;MDM4;HEYL
CLN8,GO_Biological_Process_2023,prerank,Erythrocyte Differentiation (GO:0030218),0.27586223483575223,0.6962536959141138,0.9849137931034483,1.0,1.0,15/49,21.23%,DMTN;INHBA;ALAS2;ATP5IF1;HSPA9;ZFPM1;LYAR;PTPN2;HIPK2;UFL1;RPS19;ALAS1;RPS14;SLC25A38;MFHAS1
CLN8,GO_Biological_Process_2023,prerank,Mitotic G2 DNA Damage Checkpoint Signaling (GO:0007095),0.3022375897224089,0.6962276882496244,0.9451073985680191,1.0,1.0,10/30,19.45%,TNFSF13B;MRNIP;TAOK1;NBN;BABAM1;UIMC1;PLK1;FZR1;CDK1;DONSON
CLN8,GO_Biological_Process_2023,prerank,Branching Involved In Ureteric Bud Morphogenesis (GO:0001658),-0.34569878080203076,-0.6961815300092027,0.8942486085343229,1.0,1.0,3/18,9.87%,CITED1;NPNT;SIX1
CLN8,GO_Biological_Process_2023,prerank,Positive Regulation Of Phosphate Metabolic Process (GO:0045937),-0.311109448080271,-0.6961109231622696,0.9432624113475178,1.0,1.0,11/30,27.61%,AMH;APP;BCL10;DHX34;BTBD10;SNCA;KCTD20;ILK;GLMN;PSEN1;FZD7
CLN8,GO_Biological_Process_2023,prerank,Negative Regulation Of Neurogenesis (GO:0050768),-0.31942321589110534,-0.6952105029606407,0.9425925925925925,1.0,1.0,10/27,25.74%,WNT3A;RAPGEF2;NOTCH1;GORASP1;PTEN;PTN;EFNB3;LRP4;GDI1;HOOK3
CLN8,GO_Biological_Process_2023,prerank,Metaphase Plate Congression (GO:0051310),-0.2788334685600602,-0.6950221845553732,0.974169741697417,1.0,1.0,19/51,26.96%,KIF2B;CHMP3;NUDC;KIF18A;PDCD6IP;KPNB1;PIBF1;ZW10;CHMP1B;EML4;CHMP2A;CHMP5;SPDL1;RAB11A;GEM;CHMP4A;NUP62;CHMP2B;CEP55
CLN8,GO_Biological_Process_2023,prerank,Organelle Disassembly (GO:1903008),-0.27786806070987835,-0.6944463026907988,0.9872727272727273,1.0,1.0,22/54,26.66%,PLK3;PELO;ULK2;PRKAA2;DYRK3;STX5;PLIN2;ULK1;KLC1;ATG2A;ATG2B;MTIF3;MCTS1;VRK1;GOLGA2;RETREG1;PRKAA1;DDRGK1;RRP7A;NEDD9;MTIF2;RETREG3
CLN8,GO_Biological_Process_2023,prerank,Negative Regulation Of Neuron Differentiation (GO:0045665),0.3167305794470729,0.6943903386801721,0.9260143198090692,1.0,1.0,4/23,14.52%,DISP3;NEPRO;REST;CNTN4
CLN8,GO_Biological_Process_2023,prerank,SCF-dependent Proteasomal Ubiquitin-Dependent Protein Catabolic Process (GO:0031146),-0.288420276365996,-0.6942148384263316,0.9506398537477148,1.0,1.0,12/41,22.01%,FBXO6;FBXL17;FBXL14;BTRC;FBXL5;SKP1;FBXO38;FBXO27;DMAC2;CUL1;FBXL15;FBXL6
CLN8,GO_Biological_Process_2023,prerank,Negative Regulation Of Calcium Ion Transmembrane Transport (GO:1903170),0.33273200495473304,0.6940385013637423,0.90625,1.0,1.0,6/19,19.01%,TMBIM6;FKBP1A;FKBP1B;BIN1;VDAC1;PPP3CC
CLN8,GO_Biological_Process_2023,prerank,Positive Regulation Of Embryonic Development (GO:0040019),0.3320401530654674,0.6939793916028492,0.9234338747099768,1.0,1.0,4/20,12.34%,OTX2;LHX1;NIBAN2;ZBED3
CLN8,GO_Biological_Process_2023,prerank,"Positive Regulation Of DNA Damage Response, Signal Transduction By P53 Class Mediator (GO:0043517)",-0.36060916847476077,-0.6935994910747151,0.8849721706864564,1.0,1.0,3/15,9.88%,MSX1;ZNF385A;ATM
CLN8,GO_Biological_Process_2023,prerank,Hexose Biosynthetic Process (GO:0019319),0.29558109596032706,0.6933900576346989,0.9635535307517085,1.0,1.0,3/35,7.69%,PGAM2;FBP1;PGK1
CLN8,GO_Biological_Process_2023,prerank,Vasculature Development (GO:0001944),0.3388844934368683,0.6932077572151741,0.9246861924686193,1.0,1.0,1/16,0.80%,APLNR
CLN8,GO_Biological_Process_2023,prerank,Positive Regulation Of Catabolic Process (GO:0009896),-0.26023714612119164,-0.693100659342432,0.9964539007092199,1.0,1.0,27/79,26.86%,ASB5;VSIR;BARD1;PTK2;AXIN1;DDB1;RNF139;STX5;TNFSF12;VPS28;PTEN;GPC3;TRIM32;NSF;MAGEF1;FOXO1;EGLN2;GSK3A;VGLL4;RAB7A;TIPARP;PRKN;DACT1;EZR;SNF8;NEDD4;DAB2IP
CLN8,GO_Biological_Process_2023,prerank,Negative Regulation Of Response To Wounding (GO:1903035),0.31800046584483194,0.6929166039558247,0.944954128440367,1.0,1.0,6/24,15.81%,RTN4R;RTN4RL1;CRK;CLDN19;EPPK1;SIGLEC10
CLN8,GO_Biological_Process_2023,prerank,Glycosaminoglycan Biosynthetic Process (GO:0006024),0.2666598559102738,0.6928336885839854,1.0,1.0,1.0,25/58,21.79%,GALNT5;CHST2;HYAL1;HS3ST3B1;UST;CSGALNACT2;HAS2;CHST11;PXYLP1;HS3ST1;ST3GAL3;ST3GAL4;CHST15;GCNT2;CHST7;CHST9;SLC35D2;CEMIP;CHST3;B4GALT7;ST3GAL6;B3GAT3;UGDH;EXT2;XYLT2
CLN8,GO_Biological_Process_2023,prerank,Positive Regulation Of Adenylate Cyclase Activity (GO:0045762),0.3087528840146619,0.6925392283974945,0.9458874458874459,1.0,1.0,8/26,15.88%,CRHR1;CALCR;NF1;TMIGD3;SERPINB8;P2RY11;GLP1R;RAF1
CLN8,GO_Biological_Process_2023,prerank,Spliceosomal Complex Assembly (GO:0000245),0.26481274046156456,0.6920049555460388,0.990909090909091,1.0,1.0,21/62,20.76%,CELF3;TXNL4A;SNRPD3;CELF4;SNIP1;SNRPD2;SNRPG;SNRPA1;SRSF5;SNRPE;SF3B3;SNRPD1;HTATSF1;SF3B1;SCAF11;PRPF19;PHF5A;USP39;DDX39B;CRNKL1;SRSF1
CLN8,GO_Biological_Process_2023,prerank,Negative Regulation Of Striated Muscle Cell Differentiation (GO:0051154),-0.34778554454161453,-0.6919217498661396,0.9085923217550275,1.0,1.0,2/17,1.98%,BMP2;BHLHA15
CLN8,GO_Biological_Process_2023,prerank,Negative Regulation Of Small Molecule Metabolic Process (GO:0062014),0.29541848885408256,0.6916159488010248,0.96529284164859,1.0,1.0,5/33,11.73%,MST1;CBFA2T3;FBP1;KAT2A;C1QTNF12
CLN8,GO_Biological_Process_2023,prerank,Negative Regulation Of Tumor Necrosis Factor-Mediated Signaling Pathway (GO:0010804),0.31964330333306273,0.6916004235358115,0.931350114416476,1.0,1.0,5/21,19.43%,CARD8;APOA1;PTPN2;GPS2;GSTP1
CLN8,GO_Biological_Process_2023,prerank,Positive Regulation Of Proteasomal Ubiquitin-Dependent Protein Catabolic Process (GO:0032436),0.25453698375131223,0.6915099617251057,0.9953917050691244,1.0,1.0,29/83,19.75%,CBFA2T3;DNAJB2;NKD2;SOCS5;GABARAP;HSPA1A;LRRK2;ANKIB1;PABIR1;DET1;BAG2;COP1;ARIH2;ZER1;HSPBP1;PLK1;NUB1;CLU;FZR1;RNF19B;AXIN2;CAV1;SMAD7;RBX1;MDM2;KEAP1;SGTA;DDA1;ZYG11B
CLN8,GO_Biological_Process_2023,prerank,Response To Endoplasmic Reticulum Stress (GO:0034976),-0.24869596728198684,-0.6913172472017017,1.0,1.0,1.0,41/113,24.68%,TMEM238L;ALOX15;OS9;RHBDD1;TRIB3;ANKS4B;SCAMP5;ATF3;P4HB;UBXN6;RASGRF1;HYOU1;NCK1;SYVN1;BCAP31;RNF139;BAK1;XBP1;ATP2A3;TMEM33;HERPUD1;TMEM117;TMX1;RASGRF2;WFS1;CHAC1;BAG6;NIBAN1;ATF6B;ATG10;RNF185;ERLEC1;EIF2B5;EIF2S1;SEC16A;PDIA4;DNAJC10;DDRGK1;USP19;BRSK2;ERN2
CLN8,GO_Biological_Process_2023,prerank,Dorsal/Ventral Pattern Formation (GO:0009953),0.30455527122634285,0.6912601707016331,0.9514767932489452,1.0,1.0,5/27,15.50%,NOG;DSCAML1;LHX1;BMPR1B;ANKS1B
CLN8,GO_Biological_Process_2023,prerank,Positive Regulation Of Transcription By RNA Polymerase III (GO:0045945),0.34892780196608064,0.6909876917880916,0.8990825688073395,1.0,1.0,7/15,23.88%,ZNF143;ZC3H8;ERCC6;SF3B1;ICE1;ICE2;RPTOR
CLN8,GO_Biological_Process_2023,prerank,Organelle Fission (GO:0048285),0.3146262331788099,0.6908743586126439,0.9427917620137299,1.0,1.0,7/22,19.66%,MTFP1;SEC16B;OPA1;PEX11A;GDAP1;MUL1;UCP2
CLN8,GO_Biological_Process_2023,prerank,Vesicle Coating (GO:0006901),0.2988290624105496,0.6908703528718261,0.9580573951434879,1.0,1.0,7/28,13.10%,AP3S1;PPP6C;AP3M2;TRAPPC12;TRAPPC4;TMED10;CUL3
CLN8,GO_Biological_Process_2023,prerank,Glycogen Metabolic Process (GO:0005977),-0.33685773671377806,-0.6908036628464939,0.9337016574585635,1.0,1.0,4/19,8.10%,STBD1;GAA;NHLRC1;GYG2
CLN8,GO_Biological_Process_2023,prerank,Regulation Of Delayed Rectifier Potassium Channel Activity (GO:1902259),0.3467435018340889,0.6905158100361847,0.8972746331236897,1.0,1.0,5/16,15.98%,KCNS1;KCNE2;KCNE3;KCNE5;RNF207
CLN8,GO_Biological_Process_2023,prerank,Negative Regulation Of Kinase Activity (GO:0033673),-0.2664517240239356,-0.6904332786781177,0.9893992932862191,1.0,1.0,19/62,22.50%,CHP1;TRIB3;PDPK1;QARS1;MAPT;INPP5K;EPHB2;SFN;TSC2;IRS2;DUSP19;SNCA;TRIB2;UBASH3B;TRIM27;DVL1;TARBP2;RB1;SMCR8
CLN8,GO_Biological_Process_2023,prerank,DNA Double-Strand Break Processing (GO:0000729),-0.34659277674002936,-0.6903258361362373,0.9190647482014388,1.0,1.0,6/15,21.12%,DNA2;SETMAR;EXD2;RAD50;RAD52;MRE11
CLN8,GO_Biological_Process_2023,prerank,Regulation Of Oxidative Stress-Induced Intrinsic Apoptotic Signaling Pathway (GO:1902175),-0.3382084959911481,-0.6903187851340422,0.9071803852889667,1.0,1.0,3/18,10.34%,NOL3;SIRT1;P4HB
CLN8,GO_Biological_Process_2023,prerank,Glutamate Receptor Signaling Pathway (GO:0007215),0.2920891790398507,0.6901855287960365,0.9621380846325167,1.0,1.0,8/35,11.95%,GRIA2;GRIN3A;GRIN2C;TRPM1;GRIK1;FMR1;GRM7;HOMER2
CLN8,GO_Biological_Process_2023,prerank,Regulation Of Histone Modification (GO:0031056),0.3340323328435731,0.6901138653354444,0.9164882226980728,1.0,1.0,7/18,17.15%,KAT2A;KAT2B;NFYA;MBIP;UBE2N;WDR5;MYOCD
CLN8,GO_Biological_Process_2023,prerank,Cardiac Muscle Cell Contraction (GO:0086003),0.3308917012898625,0.6898121780453549,0.9293598233995585,1.0,1.0,3/18,8.88%,CACNA1G;KCNE2;SCN1B
CLN8,GO_Biological_Process_2023,prerank,Cell Morphogenesis Involved In Differentiation (GO:0000904),0.31095086357776497,0.6896322593143585,0.9690949227373068,1.0,1.0,12/24,19.69%,SPI1;RELN;SIPA1;METTL3;DACT2;UNK;PROX1;YTHDF2;EPHA2;TBCD;ARL13B;OPHN1
CLN8,GO_Biological_Process_2023,prerank,Positive Regulation Of Cell Cycle Phase Transition (GO:1901989),0.3342808114294691,0.6895602933695418,0.8941441441441441,1.0,1.0,7/17,22.27%,EZH2;CUL3;PLCG2;GLI1;PAGR1;PHB2;NANOGP8
CLN8,GO_Biological_Process_2023,prerank,Cholesterol Biosynthetic Process (GO:0006695),-0.3141294277399581,-0.6889090991048352,0.9476635514018692,1.0,1.0,1/25,0.31%,NPC1L1
CLN8,GO_Biological_Process_2023,prerank,Histone H4 Acetylation (GO:0043967),0.2848233618455096,0.6889056095864401,0.9672489082969432,1.0,1.0,14/38,18.80%,VPS72;MBTD1;KANSL3;ACTL6A;WDR5;MORF4L1;TRRAP;EPC1;ING3;MSL2;ING5;NAA40;RUVBL2;MCRS1
CLN8,GO_Biological_Process_2023,prerank,Regulation Of Peptidyl-Threonine Phosphorylation (GO:0010799),-0.29755077591695106,-0.6886051651974,0.9709090909090909,1.0,1.0,14/36,22.77%,DGKQ;SIRT2;AXIN1;INPP5K;STOX1;PARD3;RIPK2;SPHK1;IRGM;CALM3;CALM1;TNKS1BP1;CALM2;CADM4
CLN8,GO_Biological_Process_2023,prerank,Negative Regulation Of Protein-Containing Complex Assembly (GO:0031333),0.26482526825033137,0.6883576220305877,1.0,1.0,1.0,18/59,19.66%,PARK7;CARD8;FBXL2;HMGB1;PEX5;CPTP;DDX3X;IAPP;OPRD1;RIOK3;ANKS1B;RAF1;RPL13A;CDC42;CLU;SORL1;TRIM11;SVIP
CLN8,GO_Biological_Process_2023,prerank,Positive Regulation Of Protein Autophosphorylation (GO:0031954),-0.326797141291899,-0.6883251454261006,0.9314285714285714,1.0,1.0,14/22,25.55%,RAD50;CALM3;VEGFA;CALM1;TNKS1BP1;MRE11;RASSF2;CALM2;RAP2A;PDGFC;TAOK2;PDGFD;PDGFB;NEK10
CLN8,GO_Biological_Process_2023,prerank,Sulfur Compound Biosynthetic Process (GO:0044272),-0.2673705321375171,-0.6878426270123971,0.9947735191637631,1.0,1.0,23/68,23.82%,B3GNT3;EXTL1;CHST5;CTH;CDO1;B3GNT7;CHST1;CHPF2;GGTA1;ST3GAL2;METTL16;ANGPT1;DSEL;CHST13;CSGALNACT1;DSE;LIAS;CHPF;B4GAT1;GGT7;NDST3;CHSY1;CHSY3
CLN8,GO_Biological_Process_2023,prerank,Regulation Of Spindle Assembly (GO:0090169),-0.31033273984993687,-0.6877127931187699,0.9501915708812261,1.0,1.0,11/29,22.16%,CHMP3;STIL;PDCD6IP;RNF4;GPSM2;SPAG5;CHMP1B;NUMA1;CHMP2A;CEP97;CHMP5
CLN8,GO_Biological_Process_2023,prerank,Regulation Of Stress-Activated MAPK Cascade (GO:0032872),0.2712276926630083,0.6873511163939713,0.9744186046511628,1.0,1.0,17/51,19.44%,CARD9;MID1;TGFB2;TAOK1;NOD2;PER1;EIF2AK2;FAS;MAPK8IP2;STK25;COPS5;TIRAP;MAPK3;EPHB1;PPIA;GSTP1;FOXM1
CLN8,GO_Biological_Process_2023,prerank,Regulation Of DNA Recombination (GO:0000018),-0.2844691817347389,-0.6871760953828562,0.9770318021201413,1.0,1.0,13/43,23.03%,ZRANB3;ZNF365;KPNA1;MSH2;RAD51AP1;RAD50;SETD2;ZCWPW1;RTEL1;SIRT6;BLM;MRE11;H1-3
CLN8,GO_Biological_Process_2023,prerank,Positive Regulation Of Immune Effector Process (GO:0002699),0.2854357318927149,0.6870028534452073,0.9674620390455532,1.0,1.0,6/37,13.27%,COLEC10;PLA2G5;HLA-DRA;EHHADH;DHX58;PHB1
CLN8,GO_Biological_Process_2023,prerank,Heart Process (GO:0003015),0.3455535551859827,0.6866609674109702,0.8865096359743041,1.0,1.0,6/16,18.99%,MYL7;TNNI3;ACTC1;SGCD;FYN;ZNHIT1
CLN8,GO_Biological_Process_2023,prerank,"DNA Damage Response, Signal Transduction By P53 Class Mediator Resulting In Cell Cycle Arrest (GO:0006977)",0.3396125216742597,0.686531781607127,0.9185022026431718,1.0,1.0,4/17,11.29%,PRAP1;TRIAP1;GTSE1;RPL26
CLN8,GO_Biological_Process_2023,prerank,Response To Cholesterol (GO:0070723),0.3310605023361875,0.6862178331403804,0.9230769230769231,1.0,1.0,3/18,14.26%,OSBPL7;GRAMD1C;TGFBR1
CLN8,GO_Biological_Process_2023,prerank,Positive Regulation Of Neuron Projection Development (GO:0010976),0.24693789498790814,0.6861791316746398,1.0,1.0,1.0,19/92,16.33%,DDR2;BMP5;RELN;PTK6;NDNF;SCN1B;CBFA2T2;STMN2;NPTN;TNN;TUBB2B;WNT5A;DHX36;RIT2;ARHGAP35;NLGN1;GPC2;VLDLR;KIDINS220
CLN8,GO_Biological_Process_2023,prerank,Organelle Transport Along Microtubule (GO:0072384),-0.29627515959151257,-0.6860038354124962,0.9574861367837338,1.0,1.0,14/38,23.21%,HTT;MAPT;LRPPRC;BORCS7;RAB6A;CDR2L;NDEL1;COPG2;BICDL2;UXT;BORCS8;BORCS6;SNAPIN;KXD1
CLN8,GO_Biological_Process_2023,prerank,Cellular Response To Estrogen Stimulus (GO:0071391),0.3511843975532738,0.6859784466209926,0.920814479638009,1.0,1.0,5/15,20.40%,SFR1;NCOA4;ESR1;RARA;TRIM24
CLN8,GO_Biological_Process_2023,prerank,Mitotic DNA Damage Checkpoint Signaling (GO:0044773),-0.2712317801906432,-0.685961354845755,0.9852125693160814,1.0,1.0,20/56,21.12%,ATM;RAD17;NEK11;CHEK2;CDK2;TAOK3;EME1;DEPDC1B;BRSK1;TIPIN;BRCA1;WAC;RAD9A;RINT1;RFWD3;CDC14B;BLM;CLSPN;BABAM2;MRE11
CLN8,GO_Biological_Process_2023,prerank,Neuromuscular Junction Development (GO:0007528),0.3104262632058629,0.6857859560708025,0.9643605870020965,1.0,1.0,4/24,12.50%,TNC;LRRK2;PDZRN3;DNAJA3
CLN8,GO_Biological_Process_2023,prerank,Extrinsic Apoptotic Signaling Pathway Via Death Domain Receptors (GO:0008625),0.30322866764860656,0.6857464430272281,0.9612903225806452,1.0,1.0,6/30,11.44%,SPI1;GABARAP;BLOC1S2;TNFRSF10A;DDX3X;DDX47
CLN8,GO_Biological_Process_2023,prerank,Establishment Of Protein Localization To Extracellular Region (GO:0035592),0.27087484091371705,0.685727159029974,0.9913419913419913,1.0,1.0,10/45,13.42%,CTAGE9;MTTP;RAB3B;LTBP2;SVBP;TVP23B;RAB12;STEAP3;OLFM2;MEN1
CLN8,GO_Biological_Process_2023,prerank,Cardiac Myofibril Assembly (GO:0055003),0.34026700376158353,0.6854329512006885,0.9132231404958677,1.0,1.0,5/15,15.61%,TCAP;FHOD3;NEBL;PROX1;TTN
CLN8,GO_Biological_Process_2023,prerank,Protein Autoubiquitination (GO:0051865),-0.26298776860637085,-0.6854326412756345,0.9962121212121212,1.0,1.0,23/70,22.68%,BARD1;RNF112;RNF157;UHRF1;TRIM52;RNF141;TRIM17;SH3RF2;WWP2;DEPDC1B;RNF4;CNOT4;OBI1;SH3RF1;BRCA1;RAG1;RNF181;UBE2D2;BABAM2;SH3RF3;LRSAM1;RNF185;MARCHF5
CLN8,GO_Biological_Process_2023,prerank,Hexose Transmembrane Transport (GO:0008645),-0.32273496730027623,-0.6851251349651112,0.931899641577061,1.0,1.0,8/22,19.38%,SLC2A5;SLC2A7;SLC2A9;SLC2A1;SLC45A3;SLC5A10;SLC2A12;SLC5A3
CLN8,GO_Biological_Process_2023,prerank,Histone Lysine Methylation (GO:0034968),0.28567444872783826,0.685117751031733,0.978021978021978,1.0,1.0,12/32,20.63%,KMT2C;DPY30;KMT2A;MLLT10;MEN1;EHMT2;WDR5;DOT1L;SUV39H1;PAGR1;KMT2D;HCFC1
CLN8,GO_Biological_Process_2023,prerank,Regulation Of Muscle Cell Differentiation (GO:0051147),-0.31783785648273577,-0.6849060593541403,0.9330855018587361,1.0,1.0,7/24,18.25%,MAPK12;LAMC1;LAMA1;MAPK14;SRF;RBM4;ID2
CLN8,GO_Biological_Process_2023,prerank,Phosphatidic Acid Biosynthetic Process (GO:0006654),0.2957177471332386,0.684860725968868,0.9526881720430107,1.0,1.0,13/29,21.94%,GNPAT;AGPAT1;DGKE;AGPAT4;DGKZ;DGKB;DGKD;SLC27A1;MBOAT2;DGKA;GPAT4;AGPAT2;ABHD5
CLN8,GO_Biological_Process_2023,prerank,Diacylglycerol Metabolic Process (GO:0046339),-0.3255135460024307,-0.6847035298840106,0.941398865784499,1.0,1.0,6/23,14.83%,DGKQ;GPAM;DGAT2;DGKI;LIPE;DGKG
CLN8,GO_Biological_Process_2023,prerank,Base-Excision Repair (GO:0006284),-0.2929165336112791,-0.6846913491918424,0.9762340036563071,1.0,1.0,16/36,23.14%,DNA2;LIG1;PARG;WRN;FEN1;HUWE1;NEIL3;UNG;MUTYH;XRCC1;RPA1;OGG1;APEX2;POLQ;MPG;NEIL2
CLN8,GO_Biological_Process_2023,prerank,Regulation Of Vascular Associated Smooth Muscle Cell Proliferation (GO:1904705),0.28987247541643163,0.6846793933105011,0.9799107142857143,1.0,1.0,11/37,16.20%,APLN;NR4A3;JUN;PPARG;BMP4;LDLRAP1;TPM1;CNN1;IGF1;MFN2;SOD2
CLN8,GO_Biological_Process_2023,prerank,Negative Regulation Of Gluconeogenesis (GO:0045721),0.3438409188993867,0.6846337778647336,0.9279661016949152,1.0,1.0,3/15,11.73%,MST1;KAT2A;C1QTNF12
CLN8,GO_Biological_Process_2023,prerank,Cell Communication By Electrical Coupling Involved In Cardiac Conduction (GO:0086064),-0.35300083265246024,-0.6845139962394524,0.9084380610412927,1.0,1.0,7/16,22.76%,GJA5;SLC8A1;ATP1A2;RYR2;CACNA1C;GJA1;GJC3
CLN8,GO_Biological_Process_2023,prerank,Protein-Containing Complex Disassembly (GO:0032984),0.2625121354349499,0.684303834058502,0.9976905311778291,1.0,1.0,21/62,22.29%,MAP1LC3A;MAP1LC3C;PPP1CA;PEX5;STX17;VPS16;PIK3C3;RPL17;SEPTIN9;LIX1L;VPS33B;CHMP6;PEX14;VAMP8;VPS4A;CLN3;LAMP2;WIPI2;SNAP29;MAP1LC3B;GSK3B
CLN8,GO_Biological_Process_2023,prerank,RNA Modification (GO:0009451),0.26537736939904,0.6835882314562227,0.9975845410628019,1.0,1.0,15/51,16.99%,PUS7L;KTI12;ELP5;METTL6;METTL3;SSB;TRMT1;ADARB1;MEPCE;MRM2;SARS1;BCDIN3D;QTRT1;NOP10;TRIT1
CLN8,GO_Biological_Process_2023,prerank,Peptide Antigen Assembly With MHC Protein Complex (GO:0002501),-0.34266005240035585,-0.6833953222316582,0.924074074074074,1.0,1.0,6/16,25.79%,GNAO1;HLA-DPA1;HLA-DMA;TAPBPL;CALR;HLA-DRB1
CLN8,GO_Biological_Process_2023,prerank,Secondary Alcohol Biosynthetic Process (GO:1902653),-0.3166782632735357,-0.6833629720318004,0.9419475655430711,1.0,1.0,1/24,0.31%,NPC1L1
CLN8,GO_Biological_Process_2023,prerank,Muscle Cell Development (GO:0055001),0.2960935886100477,0.6832468373678661,0.9689578713968958,1.0,1.0,8/32,15.61%,TCAP;LRRC27;ALPK2;CXADR;BIN1;MEGF10;IGF1;TTN
CLN8,GO_Biological_Process_2023,prerank,Regulation Of Glucose Import (GO:0046324),0.28677156266962134,0.6830647162305693,0.9698375870069605,1.0,1.0,14/36,19.04%,IRS1;AKT1;PIK3R1;CLTCL1;CREBL2;C1QTNF12;CAPN10;PID1;IGF1;SORBS1;RTN2;PRKAG2;PEA15;SELENOS
CLN8,GO_Biological_Process_2023,prerank,Protein Homotetramerization (GO:0051289),0.2706768478136047,0.6830323253319228,0.9955056179775281,1.0,1.0,21/53,23.07%,TRPA1;SYCP1;ALDH1A2;AQP4;CBR4;KCNJ12;OSBPL2;ALDH1A3;HSD17B10;USP16;ALDOA;ACACB;SOD2;CLU;SHMT2;HCN1;RYR3;TK1;KIF25;MAT1A;APLP2
CLN8,GO_Biological_Process_2023,prerank,Positive Regulation Of Epidermal Growth Factor Receptor Signaling Pathway (GO:0045742),-0.29721542099588794,-0.6830273754315482,0.9694656488549618,1.0,1.0,5/33,12.21%,AREG;RALA;AGT;HBEGF;PDE6G
CLN8,GO_Biological_Process_2023,prerank,Regulation Of Mitochondrial Membrane Potential (GO:0051881),0.27990177326604593,0.6829380436743445,0.9829787234042553,1.0,1.0,14/39,20.02%,TCL1A;PARK7;LRRK2;AKT1;ATP5IF1;PRELID1;OPRD1;PID1;PRDX3;NDUFS1;TUSC2;BAX;RNF122;PPA2
CLN8,GO_Biological_Process_2023,prerank,RNA Splicing (GO:0008380),0.24488605729814406,0.6825442009715736,1.0,1.0,1.0,29/98,20.46%,CELF3;TXNL4A;ZMAT5;SNRPD3;SNRPN;PRPF3;SLU7;SNRNP48;MPHOSPH10;SNRPD2;SNRPG;SNRPA1;DDX47;USB1;SF3B3;SNRPD1;PRMT1;SMNDC1;FUS;TARDBP;RNF113A;SF3B1;RNPS1;SCAF11;USP39;LSM4;SRSF7;DDX39B;WBP4
CLN8,GO_Biological_Process_2023,prerank,Negative Regulation Of Platelet Activation (GO:0010544),-0.35831897253944534,-0.6821067646354695,0.8921933085501859,1.0,1.0,4/15,13.83%,C1QTNF1;SH2B3;F2;PRKCD
CLN8,GO_Biological_Process_2023,prerank,"Maturation Of 5.8S rRNA From Tricistronic rRNA Transcript (SSU-rRNA, 5.8S rRNA, LSU-rRNA) (GO:0000466)",-0.32735656466892993,-0.6820090302688446,0.9136960600375235,1.0,1.0,10/21,27.12%,NOL9;EXOSC7;RPP40;ERI1;RPS21;PES1;UTP20;URB1;EXOSC3;KRI1
CLN8,GO_Biological_Process_2023,prerank,Acetylcholine Receptor Signaling Pathway (GO:0095500),-0.33020000936119115,-0.6813684958813219,0.9208103130755064,1.0,1.0,3/21,9.45%,LY6G6D;RGS8;CHRNB2
CLN8,GO_Biological_Process_2023,prerank,Positive Regulation Of Defense Response To Virus By Host (GO:0002230),0.30203653782766327,0.6813549172559309,0.9578713968957872,1.0,1.0,4/28,8.59%,PARP9;DTX3L;TRAF3IP2;PQBP1
CLN8,GO_Biological_Process_2023,prerank,Eye Development (GO:0001654),0.2660914476827981,0.6810579071778589,0.9889135254988913,1.0,1.0,14/55,18.45%,PITX2;MEIS2;MEIS1;TGFB2;RAB3GAP1;BMPR1B;SMOC1;ADAMTS18;SH3PXD2B;SCO2;HIPK2;RAB18;EFEMP1;PAX2
CLN8,GO_Biological_Process_2023,prerank,Peptidyl-Threonine Dephosphorylation (GO:0035970),-0.33902153200735574,-0.680397566755809,0.9186691312384473,1.0,1.0,5/17,16.81%,DUSP10;PPM1A;PPM1G;PGAM5;PPM1D
CLN8,GO_Biological_Process_2023,prerank,ATP Metabolic Process (GO:0046034),0.2892680180448321,0.6803600019334469,0.9713024282560706,1.0,1.0,13/34,18.97%,ATP5PO;PARP1;MYH3;NUDT5;HSPA1A;ATP5F1B;NADK;ATP5F1C;ALDOA;NDUFS1;CLPX;PRKAG2;ATP1B1
CLN8,GO_Biological_Process_2023,prerank,Carbohydrate Biosynthetic Process (GO:0016051),0.3085919742456584,0.6801654087033945,0.951276102088167,1.0,1.0,10/25,21.47%,ST8SIA6;B3GALT2;ST3GAL3;FUT1;B3GALT4;ST3GAL4;B4GALT1;ST3GAL6;ST6GALNAC1;EXT2
CLN8,GO_Biological_Process_2023,prerank,Glutamine Family Amino Acid Catabolic Process (GO:0009065),0.34799741047163635,0.6796746760321725,0.911504424778761,1.0,1.0,4/15,13.28%,AOC1;NOS2;GLS2;GLUL
CLN8,GO_Biological_Process_2023,prerank,Cellular Response To Fatty Acid (GO:0071398),0.33556890728642014,0.679275058718911,0.9259259259259259,1.0,1.0,6/16,19.32%,AKR1C2;IRS1;AKR1C3;PID1;PDK3;NR1H4
CLN8,GO_Biological_Process_2023,prerank,Autonomic Nervous System Development (GO:0048483),0.3329699849839287,0.6791646658284886,0.9370786516853933,1.0,1.0,6/16,16.78%,GDNF;NELL1;NF1;FN1;SOX4;SOX8
CLN8,GO_Biological_Process_2023,prerank,Positive Regulation Of Catalytic Activity (GO:0043085),-0.2843166388464157,-0.6791087681551811,0.9740740740740741,1.0,1.0,17/40,27.07%,XRCC4;CIB1;ABL2;WRN;MAPK14;MSH2;XRCC5;SLC5A3;PSENEN;PHACTR4;FGFR4;PSEN2;STX4;FDX2;PSEN1;BCAS3;SOD1
CLN8,GO_Biological_Process_2023,prerank,Mitotic Metaphase Plate Congression (GO:0007080),-0.2719389784861913,-0.6787450714839534,0.9962756052141527,1.0,1.0,21/50,26.98%,RMDN1;CHMP3;NUDC;KIF18A;PDCD6IP;KPNB1;PIBF1;ZW10;CHMP1B;MAPRE1;EML4;CHMP2A;CHMP5;SPDL1;RAB11A;CHMP4A;NUP62;CHMP2B;CHAMP1;CEP55;CENPC
CLN8,GO_Biological_Process_2023,prerank,Regulation Of Nervous System Development (GO:0051960),-0.27662562917564615,-0.6785406297752997,0.9796672828096118,1.0,1.0,10/46,18.83%,GBX1;HES7;SIRT2;HEY2;LEF1;FXR1;TYMP;YAP1;PTN;HMGB2
CLN8,GO_Biological_Process_2023,prerank,Regulation Of Cellular Component Biogenesis (GO:0044087),-0.2874484964475815,-0.6784188484435748,0.9862068965517241,1.0,1.0,12/37,17.79%,GFAP;HSPA8;METTL18;RAPGEF2;LATS1;NOTCH1;RAP1B;NRG1;NF2;RAPGEF1;PINK1;IRGM
CLN8,GO_Biological_Process_2023,prerank,Protein Targeting To ER (GO:0045047),0.30465187032535174,0.6771983415961577,0.96529284164859,1.0,1.0,7/23,14.88%,SEC61G;SRP72;SRP14;SPCS1;EDEM1;GET3;UBL4A
CLN8,GO_Biological_Process_2023,prerank,Cell Surface Receptor Signaling Pathway Involved In Heart Development (GO:0061311),-0.3327439291432448,-0.6770862075048341,0.9242957746478874,1.0,1.0,4/16,12.32%,BMP2;SNAI2;HEY2;NOTCH1
CLN8,GO_Biological_Process_2023,prerank,COPII-coated Vesicle Budding (GO:0090114),0.28162319706561906,0.6770531151224799,0.9689578713968958,1.0,1.0,9/36,15.19%,SEC31B;SEC24A;PPP6C;TRAPPC12;TRAPPC4;RAB1A;TMED10;CUL3;SEC31A
CLN8,GO_Biological_Process_2023,prerank,Response To Organonitrogen Compound (GO:0010243),-0.27356005783089565,-0.6761720148516532,0.9816360601001669,1.0,1.0,11/47,15.19%,RHBDD1;CHRNB2;CREB1;UBXN6;SYVN1;RRAGC;RNF139;XBP1;INAVA;IRAK3;GLRA2
CLN8,GO_Biological_Process_2023,prerank,Morphogenesis Of An Epithelium (GO:0002009),0.2946216938754432,0.6760830883174717,0.9734513274336283,1.0,1.0,6/28,18.32%,TNC;FGFR2;LHX1;RIPK4;SOX8;DAG1
CLN8,GO_Biological_Process_2023,prerank,Cholesterol Metabolic Process (GO:0008203),-0.2624322840382237,-0.6759763357985148,0.9947368421052631,1.0,1.0,2/67,0.31%,CLN8;NPC1L1
CLN8,GO_Biological_Process_2023,prerank,Positive Regulation Of T Cell Cytokine Production (GO:0002726),-0.3185401688467785,-0.6758573756494036,0.9265232974910395,1.0,1.0,3/21,9.76%,XCL1;IL1R1;TNFSF4
CLN8,GO_Biological_Process_2023,prerank,Regulation Of Extrinsic Apoptotic Signaling Pathway Via Death Domain Receptors (GO:1902041),-0.29954654041991147,-0.6754574947869697,0.9605026929982047,1.0,1.0,6/31,17.21%,LGALS3;TMC8;FEM1B;RNF34;HMOX1;BRCA1
CLN8,GO_Biological_Process_2023,prerank,Heparan Sulfate Proteoglycan Biosynthetic Process (GO:0015012),-0.3170996223872259,-0.6754221713524807,0.9446494464944649,1.0,1.0,10/23,27.29%,EXTL1;HS3ST2;HS6ST2;NDST2;CSGALNACT1;NDST3;HS3ST3A1;EXTL3;EXT1;HS6ST3
CLN8,GO_Biological_Process_2023,prerank,Protein Import Into Nucleus (GO:0006606),0.2522379980452895,0.675310402299158,1.0,1.0,1.0,26/78,19.75%,NUP50;RGPD5;RGPD1;CSE1L;AKT1;NUP153;TPR;KPNA3;FAM53A;RGPD8;KPNA2;TNPO2;STK3;RPL17;NUTF2;PPP1R10;BCL3;IPO11;RPAIN;KPNA5;NXT1;NUP155;PTTG1IP;FAM53B;NUP35;NUP93
CLN8,GO_Biological_Process_2023,prerank,Positive Regulation Of Signal Transduction By P53 Class Mediator (GO:1901798),0.31350057531293707,0.674830770173457,0.9318681318681319,1.0,1.0,6/21,16.74%,SPRED2;GET1;RPS7;RPL17;DDX5;RPS15
CLN8,GO_Biological_Process_2023,prerank,Regulation Of Presynapse Organization (GO:0099174),0.333206907637844,0.6748240770416499,0.9323144104803494,1.0,1.0,3/16,8.24%,IL1RAPL1;SLITRK1;IL1RAPL2
CLN8,GO_Biological_Process_2023,prerank,Regulation Of Presynapse Assembly (GO:1905606),0.333206907637844,0.6748240770416499,0.9323144104803494,1.0,1.0,3/16,8.24%,IL1RAPL1;SLITRK1;IL1RAPL2
CLN8,GO_Biological_Process_2023,prerank,Positive Regulation Of Locomotion (GO:0040017),-0.2998519226387457,-0.6747214918743318,0.9782608695652174,1.0,1.0,9/30,26.38%,PDGFRB;CCDC25;P2RY12;TRIM32;STX3;RARRES2;CCL26;PDGFB;STX4
CLN8,GO_Biological_Process_2023,prerank,Platelet Dense Granule Organization (GO:0060155),0.31156380061300837,0.6745880882757278,0.9486652977412731,1.0,1.0,7/22,19.76%,AP3S1;BLOC1S2;AP1S3;AP1M1;HPS4;BLOC1S1;HPS5
CLN8,GO_Biological_Process_2023,prerank,mRNA Modification (GO:0016556),-0.3068806879083712,-0.6740906205508682,0.9702602230483272,1.0,1.0,13/27,23.20%,HNRNPAB;PUS3;TRUB1;TRMT10C;METTL16;RPUSD4;RPUSD2;CBLL1;CMTR1;METTL4;METTL14;PUS7;TRMT61A
CLN8,GO_Biological_Process_2023,prerank,Epithelial Tube Morphogenesis (GO:0060562),0.28200639321950693,0.6740582331463191,0.9780701754385965,1.0,1.0,7/33,14.83%,NKX3-1;BMP4;CSNK2B;SCRIB;LHX1;MET;MEGF8
CLN8,GO_Biological_Process_2023,prerank,Cellular Response To Interleukin-6 (GO:0071354),-0.3159052017273681,-0.6740360461788764,0.9516129032258065,1.0,1.0,7/23,17.89%,TDGF1;JAK2;IL6ST;JAK1;YAP1;SMAD4;PTPRT
CLN8,GO_Biological_Process_2023,prerank,DNA Modification (GO:0006304),0.32759730664571346,0.6738942435923306,0.9543568464730291,1.0,1.0,4/17,17.53%,SMUG1;PARP1;TDG;NTHL1
CLN8,GO_Biological_Process_2023,prerank,Regulation Of Behavior (GO:0050795),0.3230799869095693,0.6738938334534585,0.9340909090909091,1.0,1.0,3/19,8.02%,RELN;NR1D1;MBD5
CLN8,GO_Biological_Process_2023,prerank,Energy Reserve Metabolic Process (GO:0006112),-0.3368834885200776,-0.6738407951744868,0.9343339587242027,1.0,1.0,6/18,24.16%,ADGRF5;LEP;PYGL;LEPR;GFPT1;PPP1R3C
CLN8,GO_Biological_Process_2023,prerank,Regulation Of Glucose Transmembrane Transport (GO:0010827),-0.33713350329946945,-0.67358412395376,0.9143389199255121,1.0,1.0,3/17,8.74%,TRIB3;PRKCB;INPP5K
CLN8,GO_Biological_Process_2023,prerank,Protein Autoprocessing (GO:0016540),0.3197576853650427,0.6733708740007204,0.9506172839506173,1.0,1.0,10/18,22.22%,HJV;FAM111A;SPRTN;F12;TMPRSS2;PCSK9;OMA1;HTRA2;FXN;KLK6
CLN8,GO_Biological_Process_2023,prerank,Positive Regulation Of Activated T Cell Proliferation (GO:0042104),-0.32855584273174504,-0.6733526067557476,0.9353680430879713,1.0,1.0,4/19,13.59%,IL23R;ICOSLG;PPP3CA;FADD
CLN8,GO_Biological_Process_2023,prerank,Cardiac Muscle Cell Development (GO:0055013),-0.3055252835917876,-0.6729992601740978,0.9630350194552529,1.0,1.0,9/26,21.72%,ADPRHL1;ASB2;PDGFRB;HEY2;SLC8A1;ALPK3;PDLIM5;VEGFA;SORBS2
CLN8,GO_Biological_Process_2023,prerank,Negative Regulation Of Cell Cycle G1/S Phase Transition (GO:1902807),0.2836484344811514,0.6729356931074257,0.982646420824295,1.0,1.0,5/35,7.38%,GFI1B;BRD7;FHL1;INHBA;SUSD2
CLN8,GO_Biological_Process_2023,prerank,Blood Vessel Morphogenesis (GO:0048514),-0.26702333997223343,-0.6726202802871168,0.9946043165467626,1.0,1.0,10/53,13.45%,CUL7;GJA5;RASA1;CDH2;HEY2;TGFBR2;SYK;FLT4;TBX6;FLT1
CLN8,GO_Biological_Process_2023,prerank,Mitochondrial Calcium Ion Homeostasis (GO:0051560),-0.3230617524676066,-0.6725200332260765,0.9224952741020794,1.0,1.0,10/20,26.95%,TGM2;SLC8B1;MCUR1;BCAP31;MCU;SMDT1;MCUB;RAP1GDS1;FIS1;LETM1
CLN8,GO_Biological_Process_2023,prerank,Detection Of Mechanical Stimulus (GO:0050982),0.32675043704847023,0.6724302169445427,0.9282608695652174,1.0,1.0,6/18,15.61%,TCAP;PIEZO1;PIEZO2;PKD1L3;PKD1L2;TTN
CLN8,GO_Biological_Process_2023,prerank,Negative Regulation Of Actin Filament Polymerization (GO:0030837),0.3061227277997102,0.6720180693157214,0.9558498896247241,1.0,1.0,10/23,21.83%,VIL1;PFN2;TMSB4Y;PFN1;KANK4;CYRIB;SSH2;KANK1;TMSB15A;KANK3
CLN8,GO_Biological_Process_2023,prerank,Regulation Of RIG-I Signaling Pathway (GO:0039535),0.3226664986376078,0.6717281230573197,0.9065817409766455,1.0,1.0,5/18,12.26%,BIRC3;ZCCHC3;DHX58;UFD1;PUM1
CLN8,GO_Biological_Process_2023,prerank,Positive Regulation Of Cyclin-Dependent Protein Kinase Activity (GO:1904031),0.3191350111719405,0.6712321942142481,0.9512195121951219,1.0,1.0,7/18,16.81%,TTBK1;CCND3;SPDYA;AKT1;CCND1;PROX1;HSP90AB1
CLN8,GO_Biological_Process_2023,prerank,Regulation Of Translational Initiation (GO:0006446),-0.2640255483334479,-0.6710025015644195,1.0,1.0,1.0,32/64,29.36%,EIF4H;EIF4EBP1;BZW2;NCBP2;NCK1;LARP1;UHMK1;EIF4G3;DNAJC3;IMPACT;NCK2;EIF1B;RBM4;BOLL;BZW1;ALKBH1;PAIP2B;EIF2B5;CDC123;DDX1;EIF3E;EIF4EBP3;EIF1;POLR2G;MTIF2;EIF4B;YTHDF3;CTIF;MTOR;EIF3B;RPS6KB2;HABP4
CLN8,GO_Biological_Process_2023,prerank,Negative Regulation Of Anoikis (GO:2000811),-0.34380155085886244,-0.6707182492974199,0.933456561922366,1.0,1.0,5/16,22.49%,PTK2;SNAI2;NOTCH1;ZNF304;TLE1
CLN8,GO_Biological_Process_2023,prerank,Regulation Of G0 To G1 Transition (GO:0070316),-0.2931327752099632,-0.6703366488989292,0.9771428571428571,1.0,1.0,6/32,12.38%,HLA-G;CDKN2B;SMARCE1;SMARCD3;ARID2;ACTL6B
CLN8,GO_Biological_Process_2023,prerank,Regulation Of p38MAPK Cascade (GO:1900744),-0.28599405512358095,-0.6700150068806365,0.9682835820895522,1.0,1.0,12/37,19.56%,BMP2;LEP;RELL1;DUSP10;ULK4;ZC3H12A;DUSP1;SPHK1;RELL2;SORD;PHLPP1;VEGFA
CLN8,GO_Biological_Process_2023,prerank,Artery Development (GO:0060840),0.3068254753669643,0.6694859725143743,0.9511111111111111,1.0,1.0,6/23,14.26%,APLNR;SLC2A10;NELL1;NF1;ROBO1;TGFBR1
CLN8,GO_Biological_Process_2023,prerank,RNA Biosynthetic Process (GO:0032774),0.28770487022131835,0.6692594786666483,0.9831932773109243,1.0,1.0,9/29,19.59%,TCEA2;TBPL1;MTERF1;TAF7;HELB;TAF12;TBP;ZFP36L1;ZFP36L2
CLN8,GO_Biological_Process_2023,prerank,Regulation Of Response To Cytokine Stimulus (GO:0060759),0.3295958703733426,0.6692290458693886,0.9408033826638478,1.0,1.0,5/16,13.49%,IFIH1;PARP9;TAF9;WNT5A;IRAK1
CLN8,GO_Biological_Process_2023,prerank,Protein Kinase B Signaling (GO:0043491),-0.31275573980311805,-0.6692182114995945,0.9515260323159784,1.0,1.0,8/24,20.78%,PLK3;CCL2;MKRN2;TYRO3;TSC2;PTEN;GAS6;BTBD10
CLN8,GO_Biological_Process_2023,prerank,Signal Transduction By P53 Class Mediator (GO:0072331),-0.291602488771563,-0.6690848391028708,0.9650735294117647,1.0,1.0,8/33,19.10%,POU4F1;IFI16;PPP1R13B;MYBBP1A;E2F7;MYO6;JMY;BOK
CLN8,GO_Biological_Process_2023,prerank,Regulation Of Cell Cycle Phase Transition (GO:1901987),-0.3142357003027122,-0.6687420097016019,0.9574861367837338,1.0,1.0,12/25,27.06%,DDB1;DBF4B;NEK11;MN1;DBF4;ERCC3;TAF1;ZNF16;TRIM39;ING4;NEK10;CDKN1A
CLN8,GO_Biological_Process_2023,prerank,Positive Regulation Of Smoothened Signaling Pathway (GO:0045880),0.30933987227782606,0.6687122819685466,0.9305263157894736,1.0,1.0,7/21,20.52%,TXNDC15;DCDC2;UCHL5;CIBAR1;ULK3;GLI1;RAB34
CLN8,GO_Biological_Process_2023,prerank,Glucose Transmembrane Transport (GO:1904659),-0.3150324192626038,-0.6684433331603562,0.9540636042402827,1.0,1.0,7/22,19.38%,SLC2A5;SORT1;SLC2A7;SLC2A9;SLC2A1;SLC2A12;SLC5A3
CLN8,GO_Biological_Process_2023,prerank,Focal Adhesion Assembly (GO:0048041),0.3162290978117186,0.6684363186525264,0.9432314410480349,1.0,1.0,8/21,21.13%,BCR;DYNLL1;PIP5K1A;WHAMM;SORBS1;ACTN3;PEAK1;PTPRK
CLN8,GO_Biological_Process_2023,prerank,Regulation Of Membrane Depolarization (GO:0003254),-0.3169065115301444,-0.668014400810674,0.9579349904397706,1.0,1.0,5/20,13.69%,GJA5;SCN3B;PTPN3;NEDD4L;SCN5A
CLN8,GO_Biological_Process_2023,prerank,Regulation Of Cell Cycle G2/M Phase Transition (GO:1902749),0.3190669794434241,0.6679444152921317,0.944954128440367,1.0,1.0,2/18,8.20%,CDK3;CENPF
CLN8,GO_Biological_Process_2023,prerank,Positive Regulation Of Antigen Receptor-Mediated Signaling Pathway (GO:0050857),0.313226995783511,0.667714284103686,0.9372294372294372,1.0,1.0,1/20,0.55%,TESPA1
CLN8,GO_Biological_Process_2023,prerank,Protein Targeting To Vacuole (GO:0006623),0.2875909231625843,0.667127937323976,0.9655963302752294,1.0,1.0,12/33,20.61%,VPS37D;NAGPA;NCOA4;GGA3;SMURF1;VPS13A;PIK3C3;HGS;SORL1;VPS4A;VPS37A;VPS13D
CLN8,GO_Biological_Process_2023,prerank,Negative Regulation Of Telomere Maintenance Via Telomere Lengthening (GO:1904357),0.30629694472639957,0.6668357732919635,0.9577464788732394,1.0,1.0,7/25,13.75%,PARP1;CTC1;TERF1;EXOSC10;PINX1;TINF2;SLX4
CLN8,GO_Biological_Process_2023,prerank,Fatty Acid Oxidation (GO:0019395),0.26153327227623663,0.6667938845601172,0.9930715935334873,1.0,1.0,11/52,15.72%,ACAA1;ILVBL;SCP2;ACOX1;EHHADH;ACAT2;ECI2;ALOX12;ABCD3;HSD17B10;HADHB
CLN8,GO_Biological_Process_2023,prerank,Positive Regulation Of G2/M Transition Of Mitotic Cell Cycle (GO:0010971),-0.3192319932863512,-0.6666725735203856,0.9680451127819549,1.0,1.0,5/21,11.28%,RAD51B;STOX1;RAD51C;MECP2;DBF4B
CLN8,GO_Biological_Process_2023,prerank,Intracellular Cholesterol Transport (GO:0032367),-0.340734406292986,-0.666059107000408,0.9305301645338209,1.0,1.0,4/16,13.43%,OSBP;RELCH;GUCY2C;NPC1
CLN8,GO_Biological_Process_2023,prerank,Negative Regulation Of JNK Cascade (GO:0046329),-0.2903934163481398,-0.6658691407778308,0.9773123909249564,1.0,1.0,10/34,17.47%,DUSP10;MAPK8IP1;SH3RF2;ZMYND11;SIRPA;TAOK3;DUSP16;ZNF675;MARVELD3;PINK1
CLN8,GO_Biological_Process_2023,prerank,Cellular Response To Corticosteroid Stimulus (GO:0071384),-0.33855090718161096,-0.6650419052459448,0.9292364990689013,1.0,1.0,3/15,10.51%,ZFP36;NR3C1;FAM107A
CLN8,GO_Biological_Process_2023,prerank,Protein Destabilization (GO:0031648),0.27589825504138543,0.6650364349324471,0.9978540772532188,1.0,1.0,8/36,13.10%,CAPN3;PRNP;NR1D1;DAZAP2;DERL1;GGA3;CTSH;CUL3
CLN8,GO_Biological_Process_2023,prerank,Regulation Of Mitochondrial Translation (GO:0070129),-0.31325982900168137,-0.6648223400696452,0.9583333333333334,1.0,1.0,10/22,26.78%,LRPPRC;NSUN3;MPV17L2;TRMT10C;RPUSD4;NGRN;RPUSD3;MALSU1;MRPS27;METTL8
CLN8,GO_Biological_Process_2023,prerank,Positive Regulation Of Intrinsic Apoptotic Signaling Pathway (GO:2001244),-0.2807434804323582,-0.6644579594479895,0.9944852941176471,1.0,1.0,12/38,22.28%,GSDME;MSX1;PLEKHF1;EIF5A;NCK1;BCAP31;FBH1;NCK2;BOK;STYXL1;RACK1;LCK
CLN8,GO_Biological_Process_2023,prerank,Regulation Of Multicellular Organism Growth (GO:0040014),0.3318619257017404,0.6644418831165051,0.9341825902335457,1.0,1.0,3/15,8.02%,PPIB;GDF15;MBD5
CLN8,GO_Biological_Process_2023,prerank,Regulation Of Intracellular Steroid Hormone Receptor Signaling Pathway (GO:0033143),0.3050535973632245,0.6643874452780055,0.9545454545454546,1.0,1.0,6/22,17.77%,PARK7;TRIM68;RNF6;CARM1;DDX5;UFL1
CLN8,GO_Biological_Process_2023,prerank,Establishment Of Spindle Orientation (GO:0051294),-0.28717356496391755,-0.6641265527275341,0.9803571428571428,1.0,1.0,15/35,23.51%,HTT;ENKD1;GPSM1;NSFL1C;ZW10;GPSM2;NDEL1;NUMA1;CLASP1;MAPRE1;CDK5RAP2;GJA1;SPDL1;LLGL2;DCTN1
CLN8,GO_Biological_Process_2023,prerank,Regulation Of Muscle Contraction (GO:0006937),0.28952360718507275,0.663862514196794,0.9766949152542372,1.0,1.0,9/29,18.20%,MYLK2;MYL3;TNNT1;TPM1;DAPK3;CNN1;PPP1R12B;CACNB1;CAV1
CLN8,GO_Biological_Process_2023,prerank,Carbohydrate Derivative Catabolic Process (GO:1901136),-0.3351913051489306,-0.6638361472864944,0.9180035650623886,1.0,1.0,4/17,19.97%,FBXO6;MANBA;FUCA1;FBXO27
CLN8,GO_Biological_Process_2023,prerank,miRNA Processing (GO:0035196),0.28027470917660297,0.6635876057035788,0.980349344978166,1.0,1.0,12/32,17.37%,SNIP1;AGO2;METTL3;SPOUT1;ZC3H7A;PUM1;PUS10;DDX5;BCDIN3D;HNRNPA2B1;PRKRA;SRRT
CLN8,GO_Biological_Process_2023,prerank,Negative Regulation Of TORC1 Signaling (GO:1904262),0.29001340889963784,0.6635596607131159,0.9799107142857143,1.0,1.0,3/25,6.61%,SPAAR;DEPTOR;SZT2
CLN8,GO_Biological_Process_2023,prerank,Negative Regulation Of BMP Signaling Pathway (GO:0030514),-0.278735667489229,-0.6634703728722761,0.9889705882352942,1.0,1.0,15/43,21.33%,SOSTDC1;LRP2;CHRD;SMAD6;NOTCH1;GDF3;LEMD3;CRIM1;VWC2;GREM2;TMEM53;CER1;TRIM33;BMPER;FBN1
CLN8,GO_Biological_Process_2023,prerank,Smoothened Signaling Pathway (GO:0007224),0.2839193410615201,0.6633814474420635,0.9788135593220338,1.0,1.0,16/34,24.75%,SEPTIN2;DISP3;B9D1;GLI3;TMEM231;HIPK2;GPC2;ULK3;PTCHD1;GLI1;CC2D2A;TCTN3;TMEM17;PTCH1;DISP1;DISP2
CLN8,GO_Biological_Process_2023,prerank,Regulation Of Collagen Biosynthetic Process (GO:0032965),0.3164685375392407,0.6631197006453193,0.9563218390804598,1.0,1.0,3/18,7.53%,CIITA;SERPINF2;BMP4
CLN8,GO_Biological_Process_2023,prerank,Chordate Embryonic Development (GO:0043009),0.2560568655596684,0.6631038636299411,0.9977426636568849,1.0,1.0,14/59,18.72%,NOG;BMP5;SULF1;EGFL8;ALDH1A2;FGFR2;WNT5A;TGFBR1;PROX1;PTPRR;UCMA;SOX8;INTU;DEAF1
CLN8,GO_Biological_Process_2023,prerank,Receptor Signaling Pathway Via JAK-STAT (GO:0007259),0.2734747352438378,0.6630237436952554,0.9838337182448037,1.0,1.0,8/36,18.00%,PTK6;CLCF1;TYK2;STAT4;CTR9;STAT2;FER;STAT5B
CLN8,GO_Biological_Process_2023,prerank,Negative Regulation Of Cold-Induced Thermogenesis (GO:0120163),-0.27572039072966426,-0.6628501800444606,0.9944444444444445,1.0,1.0,14/45,26.76%,LAMA4;NOTCH1;TLE3;PGAM5;RB1;IL15;MAP2K6;IP6K1;NR1H3;ACVR2B;ACOT13;ZNF423;TFE3;NOVA2
CLN8,GO_Biological_Process_2023,prerank,Positive Regulation Of calcineurin-NFAT Signaling Cascade (GO:0070886),-0.3221444585276951,-0.6628141036939352,0.9489603024574669,1.0,1.0,7/18,27.62%,CIB1;PPP3CA;LMCD1;STIMATE;PPP3R1;SLC9A1;CAMTA1
CLN8,GO_Biological_Process_2023,prerank,Positive Regulation Of Calcineurin-Mediated Signaling (GO:0106058),-0.3221444585276951,-0.6628141036939352,0.9489603024574669,1.0,1.0,7/18,27.62%,CIB1;PPP3CA;LMCD1;STIMATE;PPP3R1;SLC9A1;CAMTA1
CLN8,GO_Biological_Process_2023,prerank,Activation Of Cysteine-Type Endopeptidase Activity Involved In Apoptotic Process (GO:0006919),0.25173134540726283,0.6624164370978979,1.0,1.0,1.0,22/67,21.00%,NKX3-1;CARD8;PPARG;BCL2L10;AIFM1;HSPD1;KHDC1;DYNLL1;NGFR;SENP1;ROBO1;ST20;EIF2AK3;NOD1;ANP32B;HIP1;EGLN3;MUL1;RPS27L;BAX;COL4A3;HSPE1
CLN8,GO_Biological_Process_2023,prerank,Positive Regulation Of Amyloid-Beta Formation (GO:1902004),0.3195748356516566,0.6616659870227366,0.9411764705882353,1.0,1.0,5/17,17.42%,EFNA1;CHRNA7;ABCG1;CLU;RELA
CLN8,GO_Biological_Process_2023,prerank,Interstrand Cross-Link Repair (GO:0036297),0.27354900323190007,0.6613147648326831,0.9808917197452229,1.0,1.0,15/36,22.61%,FANCG;FAAP100;DCLRE1A;XPA;RAD51;NUCKS1;FANCE;CENPX;MCM9;FANCM;FANCL;FAAP20;FANCF;FAAP24;FANCC
CLN8,GO_Biological_Process_2023,prerank,Plasma Membrane Invagination (GO:0099024),0.2971445939862013,0.6610524793736624,0.9580573951434879,1.0,1.0,5/26,9.91%,CD36;GULP1;AURKB;MSR1;SNX33
CLN8,GO_Biological_Process_2023,prerank,Positive Regulation Of Lipid Biosynthetic Process (GO:0046889),0.2756225450475499,0.6609084813401039,0.9840909090909091,1.0,1.0,8/39,16.19%,APOC2;CTDNEP1;CREBL2;MID1IP1;KAT2B;SREBF1;SLC27A1;SORBS1
CLN8,GO_Biological_Process_2023,prerank,Regulation Of T Cell Differentiation (GO:0045580),-0.27204793988541237,-0.6601489952891618,0.9849056603773585,1.0,1.0,9/47,14.43%,GATA3;SMARCE1;SMARCD3;ARID2;ACTL6B;RHOH;FANCA;CAMK4;XBP1
CLN8,GO_Biological_Process_2023,prerank,Regulation Of Protein Kinase C Signaling (GO:0090036),-0.3333344996639551,-0.6599888694357867,0.9410609037328095,1.0,1.0,9/16,23.23%,SEZ6L;FLT4;ULK4;SEZ6;DGKG;VEGFA;ADRA1D;MYADM;GPD1L
CLN8,GO_Biological_Process_2023,prerank,Mesenchyme Development (GO:0060485),0.3257207754821334,0.6599177913793226,0.9497716894977168,1.0,1.0,6/17,19.63%,BMP4;FGFR2;TGFBR1;SFRP2;SOX4;ZFP64
CLN8,GO_Biological_Process_2023,prerank,Regulation Of Hippo Signaling (GO:0035330),-0.30522274118279197,-0.6597169862353156,0.9591836734693877,1.0,1.0,13/24,27.08%,NUAK2;WTIP;MAPK14;NF2;NEK8;SOX11;CIT;FRMD6;SHANK2;VGLL4;TIAL1;MAP2K3;LIMD1
CLN8,GO_Biological_Process_2023,prerank,Regulation Of Actin Filament Bundle Assembly (GO:0032231),0.30075450785042607,0.6596539314330299,0.9618834080717489,1.0,1.0,6/26,12.58%,VIL1;SYNPO2L;RAC1;PFN2;FHOD1;PFN1
CLN8,GO_Biological_Process_2023,prerank,Plasma Membrane Bounded Cell Projection Morphogenesis (GO:0120039),0.26155759806449236,0.659430856865656,0.9955947136563876,1.0,1.0,23/50,24.78%,NYAP2;SGK1;ATP7A;LRRK2;CNTNAP1;TRIO;CNTNAP2;MYO9B;WASF1;NLGN1;NGF;SNX1;KIF20B;SRGAP3;GPM6A;NTF3;NBL1;GAS7;TNIK;DICER1;NCKAP1;NTF4;DCLK1
CLN8,GO_Biological_Process_2023,prerank,Positive Regulation Of Collagen Biosynthetic Process (GO:0032967),-0.33843262361350185,-0.6593668848217791,0.9243243243243243,1.0,1.0,4/15,15.43%,RGCC;F2;WNT4;LARP6
CLN8,GO_Biological_Process_2023,prerank,"Positive Regulation Of mRNA Splicing, Via Spliceosome (GO:0048026)",0.3171377416040934,0.6593073842386701,0.9363057324840764,1.0,1.0,5/19,18.09%,CELF4;CLNS1A;PRDX6;SNW1;RBM3
CLN8,GO_Biological_Process_2023,prerank,Purine Nucleotide Metabolic Process (GO:0006163),-0.279296415202936,-0.65929068197044,0.9907407407407407,1.0,1.0,8/34,17.52%,NOCT;PFAS;CD38;MTHFD1;DNPH1;IDH1;ME1;PRPS2
CLN8,GO_Biological_Process_2023,prerank,Positive Regulation Of Extrinsic Apoptotic Signaling Pathway (GO:2001238),-0.29035929902538593,-0.6591970065982492,0.9686411149825784,1.0,1.0,6/31,15.34%,LTBR;LTB;BCL10;FADD;TNFSF12;RET
CLN8,GO_Biological_Process_2023,prerank,Regulation Of Receptor Internalization (GO:0002090),-0.2799058235258279,-0.6589007920029579,0.9836065573770492,1.0,1.0,11/36,19.97%,ANKRD13A;INSR;WDR54;WNT3A;ARRB1;ANXA2;ANGPT1;ATXN2;ANKRD13D;VEGFA;LRPAP1
CLN8,GO_Biological_Process_2023,prerank,Positive Regulation Of Transcription Elongation By RNA Polymerase II (GO:0032968),-0.27280827723782203,-0.6586495438170441,0.9944852941176471,1.0,1.0,15/43,21.57%,MED11;BTBD18;MED23;CDK12;NCBP2;TCERG1;MED17;MED21;LEO1;ZMYND8;MED30;ELL2;MED6;MED28;MED31
CLN8,GO_Biological_Process_2023,prerank,Positive Regulation Of Chromosome Segregation (GO:0051984),-0.3216386158282694,-0.6585537972376291,0.9463220675944334,1.0,1.0,7/18,22.67%,SIRT2;NCAPH;NCAPH2;SMC5;NUMA1;NCAPG;NCAPG2
CLN8,GO_Biological_Process_2023,prerank,Cytoskeleton-Dependent Intracellular Transport (GO:0030705),-0.316897264731301,-0.6585309300835932,0.9514925373134329,1.0,1.0,9/21,22.64%,CCDC88B;KIF1B;KIF13B;MYO10;KIF13A;KIF1A;MAP6;CCDC88C;HOOK1
CLN8,GO_Biological_Process_2023,prerank,Negative Regulation Of Macroautophagy (GO:0016242),-0.3110950258798457,-0.6584621327533455,0.9647495361781077,1.0,1.0,7/22,22.50%,SCFD1;CLEC16A;TSC2;PINK1;TMEM39A;PHF23;SMCR8
CLN8,GO_Biological_Process_2023,prerank,Negative Regulation Of NIK/NF-kappaB Signaling (GO:1901223),-0.2972496323069501,-0.658441284674178,0.9700704225352113,1.0,1.0,8/27,20.27%,TRIM15;PPM1A;C1QTNF3;MKRN2;ZC3H12A;IFI35;NLRP2;NLRP12
CLN8,GO_Biological_Process_2023,prerank,Positive Regulation Of Lymphocyte Differentiation (GO:0045621),0.2751086823360237,0.6583432824912306,0.9886104783599089,1.0,1.0,12/39,17.32%,SPI1;CD27;BRD7;PHF10;PPP2R3C;SMARCB1;SMARCC2;SMARCD1;ACTL6A;AXL;SMARCD2;MMP14
CLN8,GO_Biological_Process_2023,prerank,Purine Ribonucleotide Catabolic Process (GO:0009154),0.30375641090088484,0.6574788487973741,0.9642857142857143,1.0,1.0,12/25,25.14%,ENTPD4;NUDT7;PDE9A;MLYCD;SUCLG1;NUDT3;SUCLG2;PRTFDC1;NUDT19;HINT1;NT5E;FITM2
CLN8,GO_Biological_Process_2023,prerank,Female Gamete Generation (GO:0007292),-0.285114376772726,-0.6573856196664506,0.9782214156079855,1.0,1.0,8/32,20.83%,MEI4;NANOS3;DMC1;HROB;USP9X;PTN;NANOS1;MDK
CLN8,GO_Biological_Process_2023,prerank,Negative Regulation Of Metabolic Process (GO:0009892),0.2552167367401115,0.6570388032850002,0.9955357142857143,1.0,1.0,14/52,23.35%,APOC2;NR1D1;IL18R1;PLCL1;DDIT3;DOCK7;ADAM17;GSTP1;ACTN3;PLCL2;PCTP;RBPJ;LNPEP;ID1
CLN8,GO_Biological_Process_2023,prerank,Phospholipid Catabolic Process (GO:0009395),0.28250503016612066,0.6564857900653952,0.9817767653758542,1.0,1.0,6/28,13.59%,SMPD3;PNPLA6;PRDX6;PLPP6;GPCPD1;GDPD1
CLN8,GO_Biological_Process_2023,prerank,Establishment Of Protein Localization To Endoplasmic Reticulum (GO:0072599),-0.32530084817860627,-0.6555687916963733,0.9444444444444444,1.0,1.0,8/16,21.50%,SPCS2;ZFAND2A;RAB10;ZFAND2B;SPCS3;RAB3GAP2;RYR2;SRPRA
CLN8,GO_Biological_Process_2023,prerank,Cell Projection Organization (GO:0030030),-0.3195177844025836,-0.6555448322435022,0.9492481203007519,1.0,1.0,3/20,8.75%,SCIN;MTSS2;CSPG5
CLN8,GO_Biological_Process_2023,prerank,Regulation Of Transforming Growth Factor Beta Production (GO:0071634),-0.3332531663361869,-0.6547031885505016,0.9516129032258065,1.0,1.0,6/16,17.78%,LTBP1;XCL1;SMAD3;CD46;SMAD4;ITGAV
CLN8,GO_Biological_Process_2023,prerank,Regulation Of Lamellipodium Assembly (GO:0010591),0.2738963767769455,0.6542788800973345,0.9881516587677726,1.0,1.0,9/33,18.76%,DMTN;RAC1;BRK1;PIK3R1;EPHA2;ARPC2;CDC42;FER;CAPZB
CLN8,GO_Biological_Process_2023,prerank,Cellular Response To Amyloid-Beta (GO:1904646),-0.28332719332382617,-0.654091017946698,0.9893805309734514,1.0,1.0,11/34,22.29%,ITGA4;NTRK1;ADRB2;APP;CACNA2D1;LRP1;AGER;EPHA4;GRM5;CACNA1A;GJA1
CLN8,GO_Biological_Process_2023,prerank,Positive Regulation Of Microtubule Polymerization Or Depolymerization (GO:0031112),-0.29242557047995943,-0.6532137636885379,0.9806949806949807,1.0,1.0,8/26,20.28%,MAPT;ANKRD53;SLAIN1;PAK1;NUMA1;CLASP1;MAPRE1;CDK5RAP2
CLN8,GO_Biological_Process_2023,prerank,Regulation Of Lymphocyte Activation (GO:0051249),-0.3285198730303194,-0.6532011954299165,0.9475587703435805,1.0,1.0,6/18,22.28%,KLRD1;ORC3;LEP;DCAF15;IKZF3;LCK
CLN8,GO_Biological_Process_2023,prerank,Regulation Of Cyclin-Dependent Protein Kinase Activity (GO:1904029),0.25588530912969937,0.6524579411693945,0.9936842105263158,1.0,1.0,22/53,23.83%,TTBK1;CCND3;CCNA1;HERC5;CCNF;CCNE2;CCND1;CCNB1;CCNT1;CDKN2D;HSP90AB1;CCNJL;CCNG1;CCNB2;CNPPD1;SERTAD1;CCNT2;CDKN2A;CDK5R1;CCNH;GTF2H1;BCCIP
CLN8,GO_Biological_Process_2023,prerank,Melanosome Assembly (GO:1903232),-0.3173625048276201,-0.6524405220029904,0.9495145631067962,1.0,1.0,9/18,21.80%,HPS6;RAB32;AP3D1;AP1S2;AP3S2;AP1G1;AP1B1;AP3B1;AP3M1
CLN8,GO_Biological_Process_2023,prerank,Positive Regulation Of Transcription Regulatory Region DNA Binding (GO:2000679),-0.3114547715371161,-0.6517547975257513,0.9440298507462687,1.0,1.0,2/21,4.67%,POU4F1;GATA3
CLN8,GO_Biological_Process_2023,prerank,Stimulatory C-type Lectin Receptor Signaling Pathway (GO:0002223),0.3141876554840427,0.6516689518720624,0.960919540229885,1.0,1.0,7/19,19.64%,CLEC7A;IKBKB;PAK2;FYN;PLCG2;MAP3K7;TRAF6
CLN8,GO_Biological_Process_2023,prerank,Cellular Response To Lectin (GO:1990858),0.3141876554840427,0.6516689518720624,0.960919540229885,1.0,1.0,7/19,19.64%,CLEC7A;IKBKB;PAK2;FYN;PLCG2;MAP3K7;TRAF6
CLN8,GO_Biological_Process_2023,prerank,Protein Insertion Into Mitochondrial Membrane (GO:0051204),0.2848269809903655,0.6516341835709375,0.9848156182212582,1.0,1.0,10/28,23.14%,TIMM13;TIMM29;TOMM7;MTX1;HSPA4;HSP90AA1;MAIP1;NDUFA13;PRICKLE4;TRMT10B
CLN8,GO_Biological_Process_2023,prerank,Regulation Of Membrane Protein Ectodomain Proteolysis (GO:0051043),-0.30960078917820744,-0.6515753158772463,0.9766606822262118,1.0,1.0,10/21,27.81%,PTPN3;PACSIN3;TIMP4;SH3D19;GPLD1;ADAM9;SNX9;TIMP3;APOE;TIMP2
CLN8,GO_Biological_Process_2023,prerank,Negative Regulation Of Natural Killer Cell Mediated Cytotoxicity (GO:0045953),-0.33165701489489036,-0.6513826159381872,0.9343065693430657,1.0,1.0,4/16,15.32%,HLA-G;KLRD1;HLA-F;HLA-B
CLN8,GO_Biological_Process_2023,prerank,Regulation Of Neuron Migration (GO:2001222),-0.29537858891659086,-0.6513346256887501,0.9798165137614679,1.0,1.0,12/29,20.83%,NTNG2;PHACTR1;SEMA6A;ULK4;RAPGEF2;SRGAP2C;SHTN1;KIF26A;SEMA3A;ZNF609;PLXNB2;MDK
CLN8,GO_Biological_Process_2023,prerank,DNA Integrity Checkpoint Signaling (GO:0031570),0.26673728988805645,0.651075529935027,0.9868421052631579,1.0,1.0,16/42,20.34%,PARP9;CDT1;DTX3L;NBN;CEP63;TIPRL;CAMSAP3;ATRIP;ERCC6;DOT1L;UFL1;CDC5L;RHNO1;PRPF19;DONSON;CLOCK
CLN8,GO_Biological_Process_2023,prerank,L-alpha-amino Acid Transmembrane Transport (GO:1902475),0.26892427402676095,0.6506547254288687,0.9910714285714286,1.0,1.0,15/40,23.96%,SLC1A2;SLC25A15;SLC36A4;PRAF2;SLC17A7;CLN3;SLC25A22;SLC43A1;SLC1A1;SLC25A38;SLC66A1;SLC38A1;SLC17A8;SLC38A5;SLC25A18
CLN8,GO_Biological_Process_2023,prerank,Glycosphingolipid Metabolic Process (GO:0006687),-0.28480166259583456,-0.6501126635557775,0.9844357976653697,1.0,1.0,13/32,27.06%,SMPD1;ABCA2;B4GALNT1;GLA;ST8SIA5;ST6GALNAC5;ST3GAL5;ST6GALNAC3;TM9SF2;CLN6;NEU3;LARGE1;B3GALNT1
CLN8,GO_Biological_Process_2023,prerank,Nucleobase-Containing Compound Catabolic Process (GO:0034655),0.2628638167328514,0.6497662592982962,0.9977827050997783,1.0,1.0,17/44,24.06%,RNASEH1;DNASE1L1;DFFB;ENTPD4;EXOSC10;RNASEH2C;MUS81;SUPV3L1;HNRNPD;ENTPD7;EXOSC4;EXOSC9;ISG20;EXOSC8;RNASEH2B;EXOSC2;PPP1R8
CLN8,GO_Biological_Process_2023,prerank,Regulation Of Myelination (GO:0031641),0.29222701398336554,0.6492906639547485,0.9774774774774775,1.0,1.0,8/25,18.64%,ITGAX;LGI4;NSUN5;TNFRSF1B;JAM2;EIF2AK3;TMEM98;RNF10
CLN8,GO_Biological_Process_2023,prerank,Replication Fork Processing (GO:0031297),-0.2677099223530361,-0.6488729912533568,0.988929889298893,1.0,1.0,17/46,21.12%,BARD1;ZRANB3;DNA2;SETMAR;TONSL;WRN;FBH1;EME1;EXD2;SMARCAL1;RAD50;BRCA1;ETAA1;RFWD3;RTEL1;BLM;MRE11
CLN8,GO_Biological_Process_2023,prerank,Cellular Response To Interferon-Beta (GO:0035458),-0.30750744966137145,-0.6485976422401339,0.9590017825311943,1.0,1.0,7/22,22.94%,IFI16;CDC34;IRGM;CALM1;UBE2G2;PNPT1;IFNAR1
CLN8,GO_Biological_Process_2023,prerank,Protein Tetramerization (GO:0051262),-0.24887436376184724,-0.6483098822742264,1.0,1.0,1.0,20/73,22.02%,UPB1;CTH;TNPO1;KRT10;MCOLN1;SHMT1;FKRP;HSD17B8;PKD2L1;PKD1;TRPM4;CRYZ;ME1;HOMER1;PKD2;AQP5;SNCA;GLS;GOLGA2;THG1L
CLN8,GO_Biological_Process_2023,prerank,Calcium-Ion Regulated Exocytosis (GO:0017156),-0.2924358987896628,-0.6481518468469215,0.982791586998088,1.0,1.0,8/26,15.33%,SCIN;RIMS1;CLTRN;SYT4;DOC2B;SYT11;SYT1;VAMP2
CLN8,GO_Biological_Process_2023,prerank,Aminoglycan Biosynthetic Process (GO:0006023),-0.3058971199226589,-0.6480859484702094,0.9655172413793104,1.0,1.0,2/21,4.17%,B3GNT3;HS3ST2
CLN8,GO_Biological_Process_2023,prerank,Negative Regulation Of Supramolecular Fiber Organization (GO:1902904),-0.24898180061633324,-0.6480546940118923,1.0,1.0,1.0,20/71,21.75%,CORO1A;PLEKHH2;CRYAB;CIB1;HSPA8;ARPIN;CAMSAP2;PFDN1;HDGFL3;PRKCD;SHANK1;SMAD4;SSH1;SHANK3;CLASP1;MAPRE1;LDLR;CLIP3;SNCA;CKAP2
CLN8,GO_Biological_Process_2023,prerank,Maintenance Of Protein Localization In Organelle (GO:0072595),-0.3182092289103053,-0.6477453060473081,0.9548022598870056,1.0,1.0,7/18,21.83%,SUPT7L;SKP1;BBS4;MORC3;PINK1;HK1;CHCHD10
CLN8,GO_Biological_Process_2023,prerank,Cognition (GO:0050890),-0.2641554594658176,-0.646998273140613,0.9929824561403509,1.0,1.0,10/44,18.59%,LHCGR;TUSC3;CHRNB2;FAM107A;CTNS;BBS4;CUX2;METTL23;JAKMIP1;GRM5
CLN8,GO_Biological_Process_2023,prerank,Branching Morphogenesis Of An Epithelial Tube (GO:0048754),-0.2699750044675419,-0.6467695618401884,0.9946236559139785,1.0,1.0,12/42,21.76%,CITED1;NPNT;NRARP;SIX1;TGFBR2;PAK1;PKD1;GLI2;VEGFA;PKD2;ENG;FGF2
CLN8,GO_Biological_Process_2023,prerank,Adherens Junction Organization (GO:0034332),0.2696517125209055,0.6462269832981231,0.989406779661017,1.0,1.0,10/35,19.21%,CDH26;PCDHGB4;CDH6;ZNF703;PAK2;DCHS1;CDH18;TBCD;SMAD7;CDHR3
CLN8,GO_Biological_Process_2023,prerank,Protein Acylation (GO:0043543),-0.2761449602030206,-0.6462099307944791,0.9843478260869565,1.0,1.0,17/37,25.69%,ZDHHC22;ZDHHC21;HHAT;PORCN;ZDHHC9;NAA80;ZDHHC6;ZDHHC16;SPHK1;ZDHHC14;FOXO1;ZDHHC20;EP300;ZDHHC3;ING4;ZDHHC13;SELENOK
CLN8,GO_Biological_Process_2023,prerank,Response To Interferon-Alpha (GO:0035455),-0.31916233687366835,-0.6461903193500492,0.9634369287020109,1.0,1.0,7/17,25.50%,GATA3;PDE12;MX2;KLHL20;GAS6;IFNAR1;BST2
CLN8,GO_Biological_Process_2023,prerank,Regulation Of DNA Binding (GO:0051101),-0.2626515527352323,-0.6461504567446793,0.9946236559139785,1.0,1.0,15/48,23.40%,SUMO4;IFI16;MDFI;SIRT2;JAK2;ILRUN;LEF1;NFKBIA;RSF1;HMGB2;PLAUR;CEBPG;SUMO1;HES1;SMO
CLN8,GO_Biological_Process_2023,prerank,Positive Regulation Of Leukocyte Proliferation (GO:0070665),0.3220399423669753,0.6460558630121154,0.9425531914893617,1.0,1.0,5/17,20.92%,IL5RA;CSF1;NMB;MAPK3;MAPK1
CLN8,GO_Biological_Process_2023,prerank,Positive Regulation Of Extracellular Matrix Organization (GO:1903055),-0.31976071237469006,-0.6458850433784071,0.9577205882352942,1.0,1.0,8/18,22.46%,CARMIL2;RGCC;EFEMP2;SMAD3;FSCN1;CLASP1;PDPN;RB1
CLN8,GO_Biological_Process_2023,prerank,Melanosome Organization (GO:0032438),-0.27382424770421954,-0.6457343645603401,0.9887005649717514,1.0,1.0,14/37,21.80%,TYRP1;HPS6;RAB32;RAB29;AP3D1;KIF13A;ASIP;PMEL;AP1S2;AP3S2;AP1G1;AP1B1;AP3B1;AP3M1
CLN8,GO_Biological_Process_2023,prerank,Nicotinamide Nucleotide Metabolic Process (GO:0046496),0.31146128377723564,0.6455950642636973,0.9482758620689655,1.0,1.0,6/17,20.54%,QPRT;NADK2;NMRK2;IDH2;MDH1;G6PD
CLN8,GO_Biological_Process_2023,prerank,Regulation Of Transcription Regulatory Region DNA Binding (GO:2000677),-0.29074774241015405,-0.6455030822525357,0.988909426987061,1.0,1.0,6/27,19.51%,POU4F1;GATA3;HEY2;NSD1;ZNF675;SOX11
CLN8,GO_Biological_Process_2023,prerank,Positive Regulation Of Peptidyl-Threonine Phosphorylation (GO:0010800),-0.29904852679560917,-0.6452930884094664,0.9725274725274725,1.0,1.0,9/24,21.77%,AXIN1;STOX1;RIPK2;SPHK1;IRGM;CALM3;CALM1;TNKS1BP1;CALM2
CLN8,GO_Biological_Process_2023,prerank,Ameboidal-Type Cell Migration (GO:0001667),-0.3123971870249731,-0.6451783607775329,0.9516441005802708,1.0,1.0,9/20,20.34%,ITGA4;PKN2;PKN3;GPC3;SMAD4;CER1;AMOTL1;FAT2;NANOS1
CLN8,GO_Biological_Process_2023,prerank,Negative Regulation Of Oxidative Stress-Induced Cell Death (GO:1903202),0.2956950527378937,0.6450127139282341,0.9714285714285714,1.0,1.0,10/23,20.55%,PARK7;NME5;LRRK2;SOD2;FYN;HSPB1;PPIA;TXN;HTRA2;BAG5
CLN8,GO_Biological_Process_2023,prerank,Alpha-Amino Acid Catabolic Process (GO:1901606),-0.2879956189786942,-0.6449602571318227,0.9785714285714285,1.0,1.0,10/29,21.69%,HPD;MCCC2;FANCA;MCCC1;ALDH6A1;IVD;SARDH;HMGCL;ACAT1;HIBADH
CLN8,GO_Biological_Process_2023,prerank,Retinal Metabolic Process (GO:0042574),-0.32390968932688713,-0.6449523254583458,0.9524680073126143,1.0,1.0,5/15,18.09%,BCO2;ALDH8A1;SDR16C5;DHRS4;DHRS4L2
CLN8,GO_Biological_Process_2023,prerank,Regulation Of Postsynapse Organization (GO:0099175),-0.29526959554078364,-0.644936768677689,0.9798165137614679,1.0,1.0,11/25,23.28%,NOL3;EPHA4;SRCIN1;SHANK3;LZTS3;PDLIM5;ABI3;HOMER1;KIF1A;ARHGAP22;SIPA1L1
CLN8,GO_Biological_Process_2023,prerank,Myoblast Fusion (GO:0007520),-0.3160412907897494,-0.644770552441993,0.9611307420494699,1.0,1.0,6/18,21.11%,ADAMTS15;DOCK1;NOS1;CACNA1H;KCNH1;DOCK2
CLN8,GO_Biological_Process_2023,prerank,Neuron Maturation (GO:0042551),0.31921443456761717,0.644704949548731,0.9686847599164927,1.0,1.0,4/17,13.90%,LGI4;ADGRB3;C3;B4GALT5
CLN8,GO_Biological_Process_2023,prerank,Regulation Of Mitochondrion Organization (GO:0010821),-0.2636371567276818,-0.6442831541440454,1.0,1.0,1.0,20/50,26.79%,MGARP;TMEM102;MAPT;STOX1;SQSTM1;MFF;FKBP8;INF2;PINK1;PDE2A;GSK3A;EP300;MARCHF5;CSNK2A2;MYO19;PRKN;GOLPH3;RAP1GDS1;SREBF2;FIS1
CLN8,GO_Biological_Process_2023,prerank,Amyloid Fibril Formation (GO:1990000),-0.29491822768057935,-0.6436109614929354,0.9817184643510055,1.0,1.0,7/24,21.11%,SERF1A;MAPT;BACE1;USP9X;VHL;SNCA;HNRNPA1
CLN8,GO_Biological_Process_2023,prerank,Cellular Nitrogen Compound Biosynthetic Process (GO:0044271),-0.28220703404638303,-0.6427662081253411,0.9819819819819819,1.0,1.0,10/32,18.01%,PM20D1;SULT1A2;ASAH1;ACER3;SPTSSA;NOS1;MTARC1;CPS1;SPHK1;NQO1
CLN8,GO_Biological_Process_2023,prerank,tRNA Aminoacylation For Protein Translation (GO:0006418),0.2669515184629141,0.6425770189148797,0.9913978494623656,1.0,1.0,11/35,19.02%,PARS2;HARS2;WARS1;EARS2;HARS1;DARS2;SARS1;MARS1;TARS2;FARSB;IARS1
CLN8,GO_Biological_Process_2023,prerank,Acylglycerol Homeostasis (GO:0055090),-0.2995717051127392,-0.6422590341975237,0.9836065573770492,1.0,1.0,9/24,27.02%,GCKR;ANGPTL4;MLXIPL;LCP1;IL18;MTLN;NR1H3;SCARB1;APOE
CLN8,GO_Biological_Process_2023,prerank,Protein Localization To Microtubule Organizing Center (GO:1905508),-0.3319820278934187,-0.6416699341582984,0.9532163742690059,1.0,1.0,9/15,28.07%,STIL;KIAA0753;PIBF1;SPAG5;CSNK1D;CEP250;HOOK3;CEP192;SNX10
CLN8,GO_Biological_Process_2023,prerank,Activation Of NF-kappaB-inducing Kinase Activity (GO:0007250),0.3181881257058121,0.6412438175171776,0.9505376344086022,1.0,1.0,7/15,19.64%,TNFRSF10A;IRAK1;COPS8;TIRAP;TRAF2;MAP3K7;TRAF6
CLN8,GO_Biological_Process_2023,prerank,Negative Regulation Of mRNA Catabolic Process (GO:1902373),-0.2680941935031185,-0.6411168939827399,0.992818671454219,1.0,1.0,14/40,20.77%,NOCT;RBM24;THRAP3;HNRNPAB;TAF15;LARP1;SYNCRIP;IREB2;DHX34;DHX9;MEIOC;TENT5D;IGF2BP1;NRDE2
CLN8,GO_Biological_Process_2023,prerank,Carboxylic Acid Transmembrane Transport (GO:1905039),-0.2729461161263426,-0.6410499973181347,0.9927404718693285,1.0,1.0,16/39,23.32%,SLC7A7;ABCC5;SLC38A6;SLC25A21;SLC7A5;SLC19A1;SLC16A12;SLC16A9;SLC38A2;SLC23A2;SLC38A10;SLC7A8;SLC46A1;SLC38A4;SLC7A6;SLC13A3
CLN8,GO_Biological_Process_2023,prerank,Organelle Membrane Fusion (GO:0090174),-0.2905242592887861,-0.6409587310487863,0.9722703639514731,1.0,1.0,14/26,26.38%,SYT4;EEA1;TSNARE1;SYT11;STX5;VAMP1;VAMP2;STX7;STX3;VAMP7;STX12;STX16;STX10;STX4
CLN8,GO_Biological_Process_2023,prerank,Androgen Receptor Signaling Pathway (GO:0030521),-0.3159822885316387,-0.6407931912205369,0.9671848013816926,1.0,1.0,3/17,13.86%,TMF1;KDM3A;PLPP1
CLN8,GO_Biological_Process_2023,prerank,Phospholipid Biosynthetic Process (GO:0008654),0.2907342311765756,0.6406146447945256,0.9777777777777777,1.0,1.0,9/26,19.88%,SGMS2;SPHK2;AGPAT4;SAMD8;FADS1;PIP5K1A;SRD5A3;CLN3;HDHD5
CLN8,GO_Biological_Process_2023,prerank,Positive Regulation Of Bone Mineralization (GO:0030501),-0.2724387362753237,-0.6385644827639517,0.9896193771626297,1.0,1.0,10/38,18.07%,BMP2;BMPR2;ATP2B1;WNT4;P2RX7;SLC8A1;CCNA2;MEF2C;BMP6;PTN
CLN8,GO_Biological_Process_2023,prerank,Autophagy Of Mitochondrion (GO:0000422),-0.262162320799862,-0.6384667580517367,0.9982014388489209,1.0,1.0,24/48,26.79%,GABARAPL2;ATG9A;FBXO7;USP30;WDR45B;CISD2;ATG13;SQSTM1;OGT;PINK1;ATG2A;ATG2B;ATG14;WDR45;MARK2;ATG12;RIMOC1;LRBA;ATG9B;ARFIP2;PRKN;FBXL4;FUNDC1;FIS1
CLN8,GO_Biological_Process_2023,prerank,Ventricular Cardiac Muscle Cell Action Potential (GO:0086005),0.3149342317458107,0.6370545999960948,0.9534412955465587,1.0,1.0,6/16,15.56%,KCNE2;KCNJ8;KCNE3;KCNQ1;KCNE5;KCNH2
CLN8,GO_Biological_Process_2023,prerank,Regulation Of Protein Localization To Cell Surface (GO:2000008),-0.27564163150685017,-0.6369711608017687,0.9872262773722628,1.0,1.0,11/31,24.64%,KCNAB2;COMMD1;NEDD4L;TM9SF4;STX3;HFE;RANGRF;ACTN2;GPD1L;LEPROT;PICALM
CLN8,GO_Biological_Process_2023,prerank,Positive Regulation Of Biosynthetic Process (GO:0009891),-0.2684891023942518,-0.6365249755827354,0.998220640569395,1.0,1.0,17/44,27.02%,RGCC;HSD17B13;F2;RAB27A;WNT4;CREB1;LARP6;MLXIPL;SLC5A3;MTPN;HDAC2;F2R;SCX;NR1H3;ZBTB20;VIM;APOE
CLN8,GO_Biological_Process_2023,prerank,Positive Regulation Of Nucleocytoplasmic Transport (GO:0046824),-0.26274878617962805,-0.6364322742730464,0.9981751824817519,1.0,1.0,19/44,26.83%,NCBP2;CAMK1;SMAD3;PRKCD;EFCAB7;ZC3H12A;CDH1;DHX9;GAS6;SIRT6;NRDE2;TRIM28;EP300;YWHAE;MAVS;ECT2;EMD;PSEN1;NEDD4
CLN8,GO_Biological_Process_2023,prerank,Icosanoid Biosynthetic Process (GO:0046456),-0.3184821949875798,-0.636131958030446,0.9681050656660413,1.0,1.0,7/18,27.30%,CYP4A22;NAIP;NLRC4;MGST2;PYCARD;LTA4H;PLA2G4A
CLN8,GO_Biological_Process_2023,prerank,"Protein Localization To Chromosome, Centromeric Region (GO:0071459)",0.30826661687047513,0.6351228941381716,0.9789473684210527,1.0,1.0,6/18,18.01%,H2AC8;CENPA;IK;TTK;CDK1;KNL1
CLN8,GO_Biological_Process_2023,prerank,Signal Transduction In Response To DNA Damage (GO:0042770),-0.25169348500428074,-0.6347880826662374,1.0,1.0,1.0,19/57,24.69%,FBXO6;MAPK12;ATM;RAD17;CHEK2;E2F7;GRB2;MAPK14;MYO6;RAD9A;CLSPN;CRY1;MAP3K20;INTS7;H2AX;MAP2K6;ATRX;E2F1;CASP9
CLN8,GO_Biological_Process_2023,prerank,Histone H4-K5 Acetylation (GO:0043981),-0.32698042212911127,-0.6343305199987453,0.9466911764705882,1.0,1.0,9/15,26.73%,OGT;MEAF6;KAT8;KANSL1;KANSL2;KAT7;ING4;JADE3;JADE2
CLN8,GO_Biological_Process_2023,prerank,Histone H4-K8 Acetylation (GO:0043982),-0.32698042212911127,-0.6343305199987453,0.9466911764705882,1.0,1.0,9/15,26.73%,OGT;MEAF6;KAT8;KANSL1;KANSL2;KAT7;ING4;JADE3;JADE2
CLN8,GO_Biological_Process_2023,prerank,Monocarboxylic Acid Catabolic Process (GO:0072329),-0.30427596362344844,-0.6332483775099589,0.968421052631579,1.0,1.0,4/20,17.79%,AGXT2;IDUA;FANCA;FAAH
CLN8,GO_Biological_Process_2023,prerank,Mitotic Cell Cycle Checkpoint Signaling (GO:0007093),-0.2928145434621984,-0.6329233928005025,0.9745098039215686,1.0,1.0,9/25,21.12%,PLK3;BARD1;SETMAR;DEPDC1B;INIP;RAD50;BRCA1;BABAM2;MRE11
CLN8,GO_Biological_Process_2023,prerank,Negative Regulation Of Epithelial Cell Differentiation (GO:0030857),-0.3276522014857429,-0.6328586497398097,0.9488117001828154,1.0,1.0,1/15,1.18%,ZEB1
CLN8,GO_Biological_Process_2023,prerank,Intracellular pH Reduction (GO:0051452),0.2706665362012981,0.6327256250004916,0.9887640449438202,1.0,1.0,6/32,16.98%,TCIRG1;ATP6V0C;TMEM9;ATP6V1F;ATP6V1D;ATP6V0D1
CLN8,GO_Biological_Process_2023,prerank,Oligosaccharide Biosynthetic Process (GO:0009312),-0.29742688610922385,-0.6315609557492281,0.9835466179159049,1.0,1.0,5/22,20.66%,FUT2;MPDU1;ST3GAL2;ST6GALNAC5;FUT4
CLN8,GO_Biological_Process_2023,prerank,Microtubule Nucleation (GO:0007020),0.2906095897810481,0.6306236443665189,0.9889380530973452,1.0,1.0,8/23,19.62%,TUBGCP2;TUBG1;RANBP9;TUBG2;TPX2;CCDC57;NEDD1;CLASP2
CLN8,GO_Biological_Process_2023,prerank,Branched-Chain Amino Acid Catabolic Process (GO:0009083),-0.3148446419483465,-0.6304103748771602,0.9690346083788707,1.0,1.0,8/17,21.69%,MCCC2;MCCC1;ALDH6A1;IVD;HMGCL;ECHS1;ACAT1;HIBADH
CLN8,GO_Biological_Process_2023,prerank,Embryonic Digit Morphogenesis (GO:0042733),0.3113702252544573,0.6303839901724959,0.9710467706013363,1.0,1.0,5/17,18.36%,NOG;HDAC1;GLI3;SALL1;INTU
CLN8,GO_Biological_Process_2023,prerank,Regulation Of Histone Deacetylation (GO:0031063),-0.30120072886527977,-0.6301824430561376,0.9698681732580038,1.0,1.0,7/21,21.79%,FOXP3;SIRT1;TADA3;ING2;CTBP1;YEATS2;DR1
CLN8,GO_Biological_Process_2023,prerank,Regulation Of Microtubule Polymerization (GO:0031113),-0.26089968847899414,-0.6298809922464003,0.9963302752293578,1.0,1.0,12/40,20.97%,MAPT;MAPRE3;ANKRD53;CAMSAP2;SLAIN1;PAK1;NUMA1;CLASP1;MAPRE1;CDK5RAP2;CLIP3;SNCA
CLN8,GO_Biological_Process_2023,prerank,RNA Methylation (GO:0001510),-0.24618463534751253,-0.6297829979465086,1.0,1.0,1.0,27/62,26.78%,WDR6;HENMT1;TRMO;TRMT10A;TRDMT1;METTL1;NSUN3;SNRPF;THUMPD2;TRMT10C;METTL16;TARBP1;TYW3;TRMT9B;CBLL1;CMTR1;METTL4;GTPBP3;METTL14;TRMT61A;SNRPB;RBM15B;TRMT13;DIMT1;THADA;TRMT61B;METTL8
CLN8,GO_Biological_Process_2023,prerank,Regulation Of Insulin Secretion Involved In Cellular Response To Glucose Stimulus (GO:0061178),0.27810728461257805,0.6295133599279829,0.9957264957264957,1.0,1.0,7/27,19.32%,BAIAP3;NR1D1;ADRA2A;CFTR;ADCY8;ADCY5;NR1H4
CLN8,GO_Biological_Process_2023,prerank,Positive Regulation Of Endopeptidase Activity (GO:0010950),-0.2817225260553787,-0.6293558616003199,0.9793621013133208,1.0,1.0,11/29,25.02%,SEMG1;VSIR;CR1;LYN;EPHA4;PSENEN;ROCK2;APH1B;PYCARD;PICALM;PSME2
CLN8,GO_Biological_Process_2023,prerank,Regulation Of Stem Cell Proliferation (GO:0072091),-0.31816384368640327,-0.6289664299294785,0.9576923076923077,1.0,1.0,6/16,24.58%,KDF1;YAP1;HMGB2;SOX11;GJA1;EPCAM
CLN8,GO_Biological_Process_2023,prerank,G Protein-Coupled Acetylcholine Receptor Signaling Pathway (GO:0007213),0.3079885299226198,0.6287947962506191,0.9775784753363229,1.0,1.0,5/17,18.15%,HRH3;HRH4;GRK2;CHRM3;CHRM5
CLN8,GO_Biological_Process_2023,prerank,Regulation Of Dendritic Spine Morphogenesis (GO:0061001),-0.2796560137575801,-0.6285756562111381,0.9964476021314387,1.0,1.0,13/30,23.28%,NOL3;NGEF;CUX2;EPHA4;SRCIN1;PTEN;SHANK3;LZTS3;PDLIM5;ABI3;KIF1A;LRP8;SIPA1L1
CLN8,GO_Biological_Process_2023,prerank,Mitotic Nuclear Division (GO:0140014),-0.25708293873567384,-0.6284165256058026,1.0,1.0,1.0,18/45,26.05%,SMC1A;KIF18A;CENPI;KIF18B;INO80;KNSTRN;ZW10;SPAG5;NDEL1;CLASP1;CHMP2A;NUSAP1;SPAST;NCAPG2;EPS8;CHMP4A;ZNF207;NUP62
CLN8,GO_Biological_Process_2023,prerank,Mitochondrion Disassembly (GO:0061726),-0.2708597589810038,-0.6281547904671125,0.9946902654867257,1.0,1.0,18/36,26.79%,GABARAPL2;ATG9A;FBXO7;USP30;WDR45B;CISD2;SQSTM1;PINK1;ATG2A;ATG2B;WDR45;MARK2;ATG12;ATG9B;PRKN;FBXL4;FUNDC1;FIS1
CLN8,GO_Biological_Process_2023,prerank,Golgi To Vacuole Transport (GO:0006896),-0.31674015565419056,-0.6280172937060168,0.9644194756554307,1.0,1.0,6/17,20.87%,RBSN;SORT1;AP3D1;AP4M1;VPS54;AP1G1
CLN8,GO_Biological_Process_2023,prerank,Negative Regulation Of Protein Secretion (GO:0050709),0.2659152777896959,0.6275162550322914,0.9977011494252873,1.0,1.0,7/39,14.36%,CCN3;IRS1;FAM3D;DPH3;DRD3;CHGA;REST
CLN8,GO_Biological_Process_2023,prerank,Protein O-linked Glycosylation (GO:0006493),-0.23252300925783448,-0.6266286015180879,1.0,1.0,1.0,26/93,22.20%,B3GNT3;B3GNT9;GALNT17;GALNT18;GALNT12;CHST4;FKRP;B3GNT7;POMGNT1;TET2;PLOD1;ST3GAL2;OGT;RXYLT1;PLOD3;GALNT4;POGLUT3;CRPPA;DPM1;GALNT7;ST6GALNAC4;B3GALT6;GALNT8;GALNT6;GALNT1;B4GAT1
CLN8,GO_Biological_Process_2023,prerank,Positive Regulation Of Dendrite Morphogenesis (GO:0050775),-0.3161919404098156,-0.6264015377572038,0.9764243614931237,1.0,1.0,4/17,15.28%,CUL7;FBXW8;CDKL3;CUX2
CLN8,GO_Biological_Process_2023,prerank,Receptor Clustering (GO:0043113),-0.30312735745618535,-0.6261068125569559,0.9869402985074627,1.0,1.0,2/19,5.23%,ITGB2;ITGA4
CLN8,GO_Biological_Process_2023,prerank,ERK1 And ERK2 Cascade (GO:0070371),0.2793918909844245,0.6250159516141186,0.9804347826086957,1.0,1.0,15/24,28.21%,DUSP9;KDR;CTSH;IGF1;CDK1;ZFP36L1;DUSP5;ZFP36L2;MAPK1;AVP;LGALS9;PTGER4;KARS1;EGF;SOX9
CLN8,GO_Biological_Process_2023,prerank,Regulation Of Voltage-Gated Calcium Channel Activity (GO:1901385),-0.2772819687226526,-0.6248738954519777,0.9850187265917603,1.0,1.0,10/29,23.54%,S100G;STAC3;CACNB3;PPP3CA;DMD;STAC;CACNA1A;CACNB2;AKAP5;PPP3R1
CLN8,GO_Biological_Process_2023,prerank,Arp2/3 Complex-Mediated Actin Nucleation (GO:0034314),0.29591193456245146,0.6247555949047408,0.9696312364425163,1.0,1.0,6/17,18.31%,ARPC1A;ARPC1B;WHAMM;ARPC2;WASH6P;ARPC3
CLN8,GO_Biological_Process_2023,prerank,Negative Regulation Of Viral-Induced Cytoplasmic Pattern Recognition Receptor Signaling Pathway (GO:0039532),0.3112837141335485,0.6246732173999192,0.9739696312364425,1.0,1.0,5/16,21.87%,DHX58;UFD1;RIOK3;SEC14L1;RAB7B
CLN8,GO_Biological_Process_2023,prerank,Regulation Of Nervous System Process (GO:0031644),0.30498019440831414,0.6245178948586111,0.9692671394799054,1.0,1.0,9/18,22.46%,BEGAIN;DLGAP2;SLC8A3;CHRNA7;HTR2C;DLGAP1;TMEM108;CACNG5;NPTX1
CLN8,GO_Biological_Process_2023,prerank,N-acetylglucosamine Metabolic Process (GO:0006044),-0.3165285063955572,-0.6243927033277502,0.969258589511754,1.0,1.0,5/15,20.42%,CHST5;CHST4;CHST1;EXTL2;GNPDA2
CLN8,GO_Biological_Process_2023,prerank,"Maturation Of SSU-rRNA From Tricistronic rRNA Transcript (SSU-rRNA, 5.8S rRNA, LSU-rRNA) (GO:0000462)",0.26995877770217075,0.6241830186120876,0.9954337899543378,1.0,1.0,11/29,24.82%,WDR43;UTP3;RPS16;HEATR1;WDR46;DHX37;RPS19;RPS14;RPS8;TBL3;UTP4
CLN8,GO_Biological_Process_2023,prerank,Sister Chromatid Segregation (GO:0000819),-0.2673690808673634,-0.6241531407943534,0.99822695035461,1.0,1.0,12/34,22.67%,SMC1A;KIF18A;LATS1;CENPI;KIF18B;INO80;KNSTRN;ZW10;SPAG5;NUSAP1;RB1;NCAPG2
CLN8,GO_Biological_Process_2023,prerank,Iron-Sulfur Cluster Assembly (GO:0016226),-0.27694406674229266,-0.6234136129077619,0.987037037037037,1.0,1.0,14/27,27.62%,GLRX3;NUBPL;CIAO2B;NDOR1;ISCA1;HSCB;GLRX5;LYRM4;IBA57;FDX2;NFU1;NDUFAB1;ISCU;CIAO2A
CLN8,GO_Biological_Process_2023,prerank,Metallo-Sulfur Cluster Assembly (GO:0031163),-0.27694406674229266,-0.6234136129077619,0.987037037037037,1.0,1.0,14/27,27.62%,GLRX3;NUBPL;CIAO2B;NDOR1;ISCA1;HSCB;GLRX5;LYRM4;IBA57;FDX2;NFU1;NDUFAB1;ISCU;CIAO2A
CLN8,GO_Biological_Process_2023,prerank,"Negative Regulation Of DNA-templated Transcription, Elongation (GO:0032785)",-0.30685065128898875,-0.6233383171117507,0.9679358717434869,1.0,1.0,8/18,23.07%,TCERG1;LARP7;VHL;RNF168;SIRT6;RECQL5;NELFA;WDR82
CLN8,GO_Biological_Process_2023,prerank,Response To Estrogen (GO:0043627),0.26476544580102845,0.6233097343915823,0.9976415094339622,1.0,1.0,7/34,13.76%,CYP27B1;SFR1;GSTM3;TRIM25;NCOA4;ESR1;KRT19
CLN8,GO_Biological_Process_2023,prerank,Membrane Assembly (GO:0071709),-0.26225351353960924,-0.6231094987788003,0.9904761904761905,1.0,1.0,19/38,26.55%,STX2;SPTBN1;CHMP3;NSFL1C;ANXA2;DMKN;EMP2;PTEN;CHMP1B;CHMP2A;SPAST;CHMP5;LRP4;TLCD1;CHMP4A;UBXN2B;STX4;NLGN2;CHMP2B
CLN8,GO_Biological_Process_2023,prerank,Negative Regulation Of Cellular Metabolic Process (GO:0031324),0.24876603970395522,0.6221511475086954,0.9977628635346756,1.0,1.0,11/45,19.54%,CBFA2T3;ITGB3;FBP1;SREBF1;FBXO5;YBX1;MAP3K3;FZR1;PAX2;BCKDK;ACTN3
CLN8,GO_Biological_Process_2023,prerank,tRNA Aminoacylation (GO:0043039),-0.2870068186588028,-0.6221080080707048,0.9851024208566108,1.0,1.0,8/22,24.05%,LARS1;QARS1;QRSL1;MARS2;YARS2;LARS2;VARS1;IARS2
CLN8,GO_Biological_Process_2023,prerank,Regulation Of Monocyte Chemotaxis (GO:0090025),-0.2921138508368737,-0.6221073296346824,0.9874551971326165,1.0,1.0,4/25,16.20%,CXCL12;PLA2G7;LYN;DUSP1
CLN8,GO_Biological_Process_2023,prerank,Positive Regulation Of Lamellipodium Organization (GO:1902745),0.2683634753927047,0.6220735252899505,0.9930715935334873,1.0,1.0,4/31,9.13%,VIL1;RAC1;BRK1;PIK3R1
CLN8,GO_Biological_Process_2023,prerank,Positive Regulation Of Small Molecule Metabolic Process (GO:0062013),-0.2669086986895349,-0.6218525652157704,0.9965034965034965,1.0,1.0,17/33,28.83%,INSR;APP;P2RX7;PRKAA2;SLC45A3;MLXIPL;IRS2;ARNT;GPLD1;PRKAA1;ZBTB20;STARD4;PSEN1;APOE;PRXL2C;SLC4A4;MTOR
CLN8,GO_Biological_Process_2023,prerank,Negative Regulation Of Hydrolase Activity (GO:0051346),-0.2540270166606719,-0.6217867323867672,1.0,1.0,1.0,8/46,14.33%,CHP1;CPEB2;WNK1;GPSM1;NOS1;CTSB;TMED2;GMIP
CLN8,GO_Biological_Process_2023,prerank,Eye Morphogenesis (GO:0048592),0.3053049615747648,0.6217152877520951,0.9804347826086957,1.0,1.0,7/18,20.74%,MFAP2;NF1;RARG;ALDH1A3;EFEMP1;IFT122;TENM3
CLN8,GO_Biological_Process_2023,prerank,Regulation Of Amyloid Fibril Formation (GO:1905906),0.3128815975851547,0.6216354339645933,0.9592760180995475,1.0,1.0,6/15,16.56%,USP8;IAPP;PFDN4;CHRNA7;PFDN2;CLU
CLN8,GO_Biological_Process_2023,prerank,Positive Regulation Of CREB Transcription Factor Activity (GO:0032793),0.3059426974422964,0.6214777236810944,0.96900826446281,1.0,1.0,4/17,12.96%,RELN;CRTC3;OPRD1;RPS6KA5
CLN8,GO_Biological_Process_2023,prerank,Glucose 6-Phosphate Metabolic Process (GO:0051156),-0.3075231232279195,-0.6206361983983611,0.9695885509838998,1.0,1.0,6/18,22.61%,GCK;H6PD;HK1;PGD;RPE;SHPK
CLN8,GO_Biological_Process_2023,prerank,Positive Regulation Of Homotypic Cell-Cell Adhesion (GO:0034112),0.30628851818445035,0.620155619606593,0.9805194805194806,1.0,1.0,1/16,1.12%,DMTN
CLN8,GO_Biological_Process_2023,prerank,Purine Ribonucleoside Triphosphate Metabolic Process (GO:0009205),0.2679589334158565,0.6199712433022249,0.9882903981264637,1.0,1.0,12/32,19.26%,MYH3;HSPA1A;LRRK2;OPA1;EFNA1;NADK;GTPBP1;GNAI3;NDUFS1;CLPX;ATP1B1;ENTPD7
CLN8,GO_Biological_Process_2023,prerank,Regulation Of Cytoplasmic Translation (GO:2000765),0.28061123330296195,0.6194372208696056,0.9889380530973452,1.0,1.0,8/24,19.18%,PARP16;FMR1;PAIP1;DHX36;UNK;YBX1;HNRNPD;CSDE1
CLN8,GO_Biological_Process_2023,prerank,Extracellular Matrix Assembly (GO:0085029),0.2994367751703082,0.6187590441507698,0.9717391304347827,1.0,1.0,10/17,26.74%,TNXB;HAS2;MLF2;ELN;RAMP2;FBLN5;MYH11;HAS1;MFAP4;EMILIN1
CLN8,GO_Biological_Process_2023,prerank,Integrated Stress Response Signaling (GO:0140467),-0.2788810540927722,-0.617730126837274,0.9851576994434137,1.0,1.0,9/29,23.11%,JUNB;BATF2;MAF;CREBZF;BATF3;IMPACT;MAP3K20;CEBPG;EIF2S1
CLN8,GO_Biological_Process_2023,prerank,Translational Elongation (GO:0006414),0.25243090624556946,0.6175698341188727,0.9936575052854123,1.0,1.0,16/41,20.99%,SKIC2;EEF1B2;EEF1A2;NEMF;GTPBP1;EEF1D;EEF1A1;SKIC3;TUFM;EEF1G;HBS1L;ZNF598;ASCC3;ASCC2;ANKZF1;TRIP4
CLN8,GO_Biological_Process_2023,prerank,Regulation Of Lipid Biosynthetic Process (GO:0046890),-0.2745086544933193,-0.6156583991249888,0.9909747292418772,1.0,1.0,6/28,20.14%,HSD17B13;ASAH1;CREB1;GUCY2C;MLXIPL;GPER1
CLN8,GO_Biological_Process_2023,prerank,Regulation Of Cyclin-Dependent Protein Serine/Threonine Kinase Activity (GO:0000079),0.2287564223306025,0.6152870755233041,1.0,1.0,1.0,32/79,23.83%,CCND3;SPDYA;AKT1;CCNA1;HERC5;CCNF;CCNE2;MEN1;CCND1;CCNB1;TFAP4;PROX1;CCNT1;PLK1;CDKN2D;MYOCD;ADAM17;CCNJL;CCNG1;PSRC1;CCNB2;APC;LATS2;CNPPD1;SERTAD1;CCNT2;IPO5;CDKN2A;CDK5R1;CCNH;GTF2H1;BCCIP
CLN8,GO_Biological_Process_2023,prerank,Positive Regulation Of Receptor-Mediated Endocytosis (GO:0048260),-0.2580988137292507,-0.6146263315015565,0.9982668977469671,1.0,1.0,11/43,22.77%,PPT1;INSR;WNT3A;ARRB1;DAB2;ANXA2;ANGPT1;VEGFA;HFE;SGIP1;CBL
CLN8,GO_Biological_Process_2023,prerank,"mRNA Cis Splicing, Via Spliceosome (GO:0045292)",-0.3064347651884824,-0.6131388157551189,0.966542750929368,1.0,1.0,6/17,24.50%,HNRNPC;NCBP2;DDX23;CACTIN;DCPS;SART1
CLN8,GO_Biological_Process_2023,prerank,Regulation Of Cell Cycle G1/S Phase Transition (GO:1902806),-0.2360589068750005,-0.6128545432274296,1.0,1.0,1.0,31/74,28.39%,CDKN2B;SMARCE1;SMARCD3;ARID2;ACTL6B;MN1;INO80;PKD1;PTPN6;PTEN;SMARCA2;ID2;DPF3;SOX2;PBRM1;APPL1;TAF1;DDRGK1;ARID1B;TRIM39;CDK7;E2F1;PSME2;BCL7C;APBB1;ARID1A;PEX2;CDKN1A;METTL13;SMARCC1;FBXW7
CLN8,GO_Biological_Process_2023,prerank,Clathrin-Dependent Endocytosis (GO:0072583),-0.27417264778919315,-0.612588608282162,0.9944029850746269,1.0,1.0,12/27,24.82%,OCRL;AP2B1;FCHO2;STON1;AP2A2;ITSN1;CANX;DNAJC6;CLTA;AP2M1;PICALM;CLTC
CLN8,GO_Biological_Process_2023,prerank,Blood Vessel Endothelial Cell Migration (GO:0043534),-0.2887439687722615,-0.6118862786062309,0.9830508474576272,1.0,1.0,10/22,25.27%,TDGF1;MYH9;SRF;EMP2;VEGFA;GPLD1;FGF2;NR4A1;SLIT2;EFNB2
CLN8,GO_Biological_Process_2023,prerank,Regulation Of Vascular Endothelial Cell Proliferation (GO:1905562),0.2962757256648872,0.6109466705376493,0.9851380042462845,1.0,1.0,3/18,7.03%,APLN;HMGB1;PPARG
CLN8,GO_Biological_Process_2023,prerank,Regulation Of Neutrophil Chemotaxis (GO:0090022),-0.28178782000524255,-0.6109042726794818,0.9838129496402878,1.0,1.0,7/25,20.83%,XCL1;CD74;RAC2;MPP1;MCU;DPP4;MDK
CLN8,GO_Biological_Process_2023,prerank,Positive Regulation Of Smooth Muscle Cell Migration (GO:0014911),-0.3088106300354672,-0.6106636918367456,0.9762340036563071,1.0,1.0,7/16,25.71%,FGF9;PDGFRB;DOCK4;AIF1;MDK;PDGFB;IGFBP5
CLN8,GO_Biological_Process_2023,prerank,Skeletal System Morphogenesis (GO:0048705),0.24660938008700162,0.6100966524594497,0.9977728285077951,1.0,1.0,8/42,18.49%,LTF;DSCAML1;FGFR2;SFRP4;TGFBR1;MEGF8;RFLNB;WWOX
CLN8,GO_Biological_Process_2023,prerank,Nucleotide-Excision Repair (GO:0006289),-0.24044853965913615,-0.6098235394965924,1.0,1.0,1.0,14/56,21.65%,COMMD1;SIRT1;GTF2H2C;XAB2;DDB1;GTF2H3;STON1;FSCN1;RAD23B;USP44;RPA1;OGG1;ERCC3;USP7
CLN8,GO_Biological_Process_2023,prerank,Response To Glucose (GO:0009749),-0.2519913140436626,-0.6092465728077165,1.0,1.0,1.0,20/46,26.46%,EIF2B3;PRKAA2;XBP1;VAMP2;UNC13B;IRS2;GAS6;LCP1;GPLD1;GPER1;RACK1;TCF7L2;EIF2B5;PFKL;PRKAA1;SLC39A14;LIN28A;ZBTB20;ERN1;PCK2
CLN8,GO_Biological_Process_2023,prerank,Regulation Of Exosomal Secretion (GO:1903541),0.28905191744086445,0.6091700829355536,0.9888392857142857,1.0,1.0,6/18,21.86%,SMPD3;SDCBP;CHMP6;HGS;VPS4A;SDC4
CLN8,GO_Biological_Process_2023,prerank,Regulation Of Vascular Endothelial Growth Factor Signaling Pathway (GO:1900746),0.2866781315175104,0.6084166197266003,0.9801762114537445,1.0,1.0,4/19,13.84%,TNXB;CD63;SMOC2;ROBO1
CLN8,GO_Biological_Process_2023,prerank,Signal Release From Synapse (GO:0099643),-0.2551359467973394,-0.6073525838608802,1.0,1.0,1.0,15/38,23.95%,RIMS1;CPLX4;OTOF;STXBP1;SNAP25;GRM4;DNAJC5;SYT1;VAMP2;SYN3;SNCA;DVL1;STX1A;SNAPIN;STXBP2
CLN8,GO_Biological_Process_2023,prerank,Protein Localization To Endoplasmic Reticulum (GO:0070972),-0.30399900761072757,-0.6072904415732997,0.9721706864564007,1.0,1.0,6/16,24.28%,GABARAPL2;VAPA;BCAP31;RYR2;SEC16A;DDRGK1
CLN8,GO_Biological_Process_2023,prerank,Regulation Of Mitotic Spindle Assembly (GO:1901673),0.2939358700616995,0.6072507662238552,0.9803063457330415,1.0,1.0,6/20,19.54%,HSPA1A;EML3;TPR;PLK1;CHMP6;DRG1
CLN8,GO_Biological_Process_2023,prerank,Limb Morphogenesis (GO:0035108),0.28407636225233457,0.6055167299219762,0.9889135254988913,1.0,1.0,5/20,14.83%,MYH3;TGFB2;FBXW4;GLI3;MEGF8
CLN8,GO_Biological_Process_2023,prerank,Positive Regulation Of Establishment Of Protein Localization (GO:1904951),-0.294418396934864,-0.6054969864636995,0.9927797833935018,1.0,1.0,4/18,13.46%,CHP1;CEP120;CCT3;CCT5
CLN8,GO_Biological_Process_2023,prerank,Regulation Of Monocyte Differentiation (GO:0045655),0.3040007270149929,0.6052676898241969,0.9764150943396226,1.0,1.0,5/15,21.69%,CSF1;CTNNBIP1;FOXP1;ZFP36L1;FES
CLN8,GO_Biological_Process_2023,prerank,Cardiac Muscle Cell Action Potential Involved In Contraction (GO:0086002),-0.2725708114061789,-0.6052105074638667,0.9904580152671756,1.0,1.0,13/29,24.84%,SCN3B;KCNE4;NEDD4L;CACNA2D1;SCN4B;SCN5A;RYR2;CACNA1C;GJA1;GPD1L;ATP1A1;SNTA1;KCNJ2
CLN8,GO_Biological_Process_2023,prerank,Cyclic Nucleotide Biosynthetic Process (GO:0009190),0.29144186095739527,0.6044792279980689,0.989517819706499,1.0,1.0,9/19,22.60%,ADCY6;ADCY4;NPR1;ADCY8;ADCY2;ADCY5;ADCY9;GUCY1B1;ADCY10
CLN8,GO_Biological_Process_2023,prerank,Receptor Metabolic Process (GO:0043112),0.2821757075883249,0.6036285067143059,0.9870689655172413,1.0,1.0,8/20,21.50%,RAB11B;PHETA1;SMURF1;PLEKHA3;LGMN;NSG1;SH3GLB1;EHD3
CLN8,GO_Biological_Process_2023,prerank,Negative Regulation Of Lipid Catabolic Process (GO:0050995),0.2865227499566245,0.6035805695688036,0.9822222222222222,1.0,1.0,2/18,18.56%,AKT1;SORL1
CLN8,GO_Biological_Process_2023,prerank,Glycerolipid Catabolic Process (GO:0046503),0.28535124033509907,0.6035597945382853,0.9886877828054299,1.0,1.0,5/18,16.49%,PNPLA6;PRDX6;GPCPD1;GDPD1;ABHD2
CLN8,GO_Biological_Process_2023,prerank,Substantia Nigra Development (GO:0021762),-0.25042564192518446,-0.6033174365929682,1.0,1.0,1.0,16/42,23.47%,FGF9;SIRT2;PADI2;ZNF430;CALM3;NDUFS3;PLP1;CALM1;INA;CHKB;CALM2;GNB4;YWHAE;ATP5PF;SEC16A;COX6B1
CLN8,GO_Biological_Process_2023,prerank,Intracellular Lipid Transport (GO:0032365),-0.2987957851371905,-0.6021948282322189,0.9752380952380952,1.0,1.0,7/17,25.13%,CPT1B;GRAMD1A;CERT1;CPT2;GRAMD1B;TMEM41B;SLC25A20
CLN8,GO_Biological_Process_2023,prerank,Sterol Biosynthetic Process (GO:0016126),-0.2689277205083487,-0.6020595907482029,0.9945750452079566,1.0,1.0,1/28,0.31%,NPC1L1
CLN8,GO_Biological_Process_2023,prerank,Positive Regulation Of Amyloid Precursor Protein Catabolic Process (GO:1902993),0.2783307027115831,0.6018194237871288,0.9867256637168141,1.0,1.0,6/21,17.42%,RANBP9;EFNA1;CHRNA7;ABCG1;CLU;RELA
CLN8,GO_Biological_Process_2023,prerank,Rac Protein Signal Transduction (GO:0016601),-0.3007552898289456,-0.6016770212804092,0.9908759124087592,1.0,1.0,9/17,27.78%,RHOG;ELMO1;GARRE1;AIF1;HACE1;EPS8;FARP2;TIAM1;RAC3
CLN8,GO_Biological_Process_2023,prerank,Mitotic G1 DNA Damage Checkpoint Signaling (GO:0031571),0.2717517890398287,0.6014969862799601,0.9957446808510638,1.0,1.0,8/26,19.49%,PRAP1;TRIAP1;GTSE1;RPL26;CCND1;TP53;MDM2;RPS27L
CLN8,GO_Biological_Process_2023,prerank,Golgi To Endosome Transport (GO:0006895),-0.31307534579742474,-0.6006176039379256,0.9777327935222672,1.0,1.0,6/15,18.22%,SORT1;MON2;AP2A1;KLHL20;KIF16B;AP4M1
CLN8,GO_Biological_Process_2023,prerank,Regulation Of Mitochondrial Fission (GO:0090140),-0.27515398278458303,-0.6000933534952949,0.9909255898366606,1.0,1.0,12/26,25.43%,RALA;MAPT;MFF;INF2;PGAM5;MCU;PINK1;MIEF1;SPIRE1;MARCHF5;MYO19;PRKN
CLN8,GO_Biological_Process_2023,prerank,Immunoglobulin Production Involved In Immunoglobulin-Mediated Immune Response (GO:0002381),-0.29792044478425245,-0.5996192721543036,0.9849056603773585,1.0,1.0,2/17,8.42%,GNAO1;HLA-DPA1
CLN8,GO_Biological_Process_2023,prerank,"Protein Localization To Chromosome, Telomeric Region (GO:0070198)",0.29783274095578,0.5994450369730258,0.974025974025974,1.0,1.0,7/15,21.55%,TPP1;PINX1;TINF2;TERF2IP;NABP2;TERF2;BRCA2
CLN8,GO_Biological_Process_2023,prerank,Actin Filament Capping (GO:0051693),0.2900928422018516,0.5988730654484856,0.987152034261242,1.0,1.0,5/18,18.76%,VIL1;SVIL;ADD3;CAPZA2;CAPZB
CLN8,GO_Biological_Process_2023,prerank,Barbed-End Actin Filament Capping (GO:0051016),0.2900928422018516,0.5988730654484856,0.987152034261242,1.0,1.0,5/18,18.76%,VIL1;SVIL;ADD3;CAPZA2;CAPZB
CLN8,GO_Biological_Process_2023,prerank,Negative Regulation Of Intracellular Steroid Hormone Receptor Signaling Pathway (GO:0033144),-0.2632524939445882,-0.5962885541768655,0.996316758747698,1.0,1.0,12/31,24.65%,SIRT1;CNOT1;DAB2;NODAL;VPS18;STRN3;BRCA1;KANK2;CRY1;CALR;CNOT9;CNOT2
CLN8,GO_Biological_Process_2023,prerank,Cellular Response To Amino Acid Stimulus (GO:0071230),-0.25330218938749505,-0.5951085909283471,1.0,1.0,1.0,9/35,16.27%,LARS1;UBR2;STAMBPL1;CPEB3;RRAGC;CASTOR1;XBP1;GLRA2;LAMTOR4
CLN8,GO_Biological_Process_2023,prerank,Intracellular Estrogen Receptor Signaling Pathway (GO:0030520),-0.2976548695948854,-0.5944103066437308,0.9799635701275046,1.0,1.0,4/16,15.00%,PPARGC1B;DDX54;PADI2;TADA3
CLN8,GO_Biological_Process_2023,prerank,Mitotic Spindle Assembly (GO:0090307),0.238821878370342,0.594234922764559,1.0,1.0,1.0,13/44,19.62%,MISP;KIF4A;AURKB;ABRAXAS1;KIF23;CCDC61;TPX2;KIFC1;KIF11;SPICE1;SMC3;PRC1;CLASP2
CLN8,GO_Biological_Process_2023,prerank,Regulation Of Phosphoprotein Phosphatase Activity (GO:0043666),-0.25169717316698564,-0.5933273025526621,1.0,1.0,1.0,9/36,21.77%,HTT;ITGA1;PDGFRB;PTPA;PPP6R2;CALM3;STYXL1;CALM1;CALM2
CLN8,GO_Biological_Process_2023,prerank,Macrophage Differentiation (GO:0030225),-0.2887153195493269,-0.5932460804724524,0.9864077669902913,1.0,1.0,6/20,22.66%,GATA3;SIRT1;CASP8;VEGFA;IL15;CASP10
CLN8,GO_Biological_Process_2023,prerank,Mismatch Repair (GO:0006298),0.264513713394069,0.5929197509711834,0.9958592132505176,1.0,1.0,11/25,24.86%,RPA3;TDG;TP73;RNASEH2C;PMS1;EXO1;MCM9;PMS2;RNASEH2B;PCNA;MLH3
CLN8,GO_Biological_Process_2023,prerank,Negative Regulation Of Reactive Oxygen Species Metabolic Process (GO:2000378),0.2823174437178489,0.5922200968862872,0.9956043956043956,1.0,1.0,5/20,18.45%,PARK7;MMP3;ABCD1;COA8;PAX2
CLN8,GO_Biological_Process_2023,prerank,Oogenesis (GO:0048477),-0.3014671941130718,-0.592119617644529,0.9753787878787878,1.0,1.0,5/15,20.83%,MEI4;NANOS3;PTN;NANOS1;MDK
CLN8,GO_Biological_Process_2023,prerank,"Retrograde Protein Transport, ER To Cytosol (GO:0030970)",0.2868065828228362,0.5912033638913827,0.9866666666666667,1.0,1.0,5/17,13.37%,TMEM129;UFD1;DERL1;FAF2;DERL2
CLN8,GO_Biological_Process_2023,prerank,Regulation Of Oxidative Phosphorylation (GO:0002082),0.28940978277048235,0.5904591218164791,0.9935344827586207,1.0,1.0,6/16,20.05%,ATP7A;COX7A2L;PPIF;SHMT2;ACTN3;MACROH2A1
CLN8,GO_Biological_Process_2023,prerank,Negative Regulation Of Insulin Receptor Signaling Pathway (GO:0046627),-0.26799167132003887,-0.589744992846282,0.9981684981684982,1.0,1.0,8/26,21.74%,PRKCB;INPP5K;NCK1;PRKCD;ENPP1;TSC2;PIP4K2B;GSK3A
CLN8,GO_Biological_Process_2023,prerank,Regulation Of Mitotic Cell Cycle Spindle Assembly Checkpoint (GO:0090266),0.29305218146562767,0.5895163130049332,0.9887133182844243,1.0,1.0,5/17,16.32%,AURKB;TPR;GEN1;CCNB1;NDC80
CLN8,GO_Biological_Process_2023,prerank,Transport Along Microtubule (GO:0010970),-0.28956975095096366,-0.5895004631485732,0.9908592321755028,1.0,1.0,10/19,24.85%,APP;BORCS7;COPG2;BORCS8;BORCS6;CLIP3;SNAPIN;KXD1;SPG11;COPG1
CLN8,GO_Biological_Process_2023,prerank,Regulation Of Adenylate Cyclase Activity (GO:0045761),0.2883192841124792,0.5878209128140006,0.9794050343249427,1.0,1.0,4/17,17.95%,CRHR1;NF1;GNAI3;GRM3
CLN8,GO_Biological_Process_2023,prerank,Positive Regulation Of Protein Targeting To Mitochondrion (GO:1903955),0.2558670178467839,0.5876247874616896,0.9978118161925602,1.0,1.0,11/30,20.33%,VPS11;TOMM7;USP36;RHOU;ARIH2;HPS4;RNF2;FZD5;UBE2L3;SH3GLB1;HTRA2
CLN8,GO_Biological_Process_2023,prerank,Nitric Oxide Biosynthetic Process (GO:0006809),0.29094410711310903,0.5874779507536485,0.981859410430839,1.0,1.0,5/15,19.89%,NOS2;SPR;GCHFR;CYB5R3;ARG2
CLN8,GO_Biological_Process_2023,prerank,Positive Regulation Of Lipid Metabolic Process (GO:0045834),-0.26585421162310047,-0.5864126703361333,0.998158379373849,1.0,1.0,3/24,10.27%,HSD17B13;F2;CREB1
CLN8,GO_Biological_Process_2023,prerank,Regulation Of Chromatin Organization (GO:1902275),0.25903122847464,0.5856091964550385,0.9956803455723542,1.0,1.0,9/26,20.63%,MKI67;KANSL3;TLK1;WDR5;LSM11;MSL2;MCRS1;SETD5;HCFC1
CLN8,GO_Biological_Process_2023,prerank,Peptidyl-Lysine Trimethylation (GO:0018023),0.2921543979203258,0.5843148793365264,0.9862700228832952,1.0,1.0,8/15,21.36%,KMT2A;NFYA;SETD4;ETFBKMT;SETD3;FAM86B1;EEF2KMT;VCPKMT
CLN8,GO_Biological_Process_2023,prerank,Rescue Of Stalled Ribosome (GO:0072344),-0.2744990321408496,-0.5843141586893112,0.9963636363636363,1.0,1.0,2/23,4.65%,PELO;PTRH1
CLN8,GO_Biological_Process_2023,prerank,Negative Regulation Of Focal Adhesion Assembly (GO:0051895),0.28880730042025243,0.5840668242256516,0.9910514541387024,1.0,1.0,1/15,1.12%,DMTN
CLN8,GO_Biological_Process_2023,prerank,Negative Regulation Of Cell-Substrate Junction Organization (GO:0150118),0.28880730042025243,0.5840668242256516,0.9910514541387024,1.0,1.0,1/15,1.12%,DMTN
CLN8,GO_Biological_Process_2023,prerank,Regulation Of Tissue Remodeling (GO:0034103),0.2740930120328223,0.5830485573656009,0.9955555555555555,1.0,1.0,1/19,1.33%,DDR2
CLN8,GO_Biological_Process_2023,prerank,Positive Regulation Of Establishment Of Protein Localization To Mitochondrion (GO:1903749),0.2507374440305529,0.5828504089183906,1.0,1.0,1.0,11/33,20.33%,VPS11;TOMM7;USP36;RHOU;ARIH2;HPS4;RNF2;FZD5;UBE2L3;SH3GLB1;HTRA2
CLN8,GO_Biological_Process_2023,prerank,Protein N-linked Glycosylation Via Asparagine (GO:0018279),-0.270238739931317,-0.5828113081491968,0.9944444444444445,1.0,1.0,11/23,29.74%,TUSC3;RPN2;DPM1;DERL3;MGAT5;DAD1;OSTC;MGAT2;NUDT14;OST4;STT3A
CLN8,GO_Biological_Process_2023,prerank,NAD Metabolic Process (GO:0019674),-0.273478257380076,-0.5808787047677049,0.996309963099631,1.0,1.0,10/22,26.97%,NUDT17;MDH1B;NMNAT1;ME1;HAAO;GPD1L;NUDT13;NMNAT2;NMNAT3;SARM1
CLN8,GO_Biological_Process_2023,prerank,Negative Regulation Of Fatty Acid Metabolic Process (GO:0045922),-0.2793135241898213,-0.5797077155181841,0.9876543209876543,1.0,1.0,2/19,7.13%,TRIB3;SLC22A13
CLN8,GO_Biological_Process_2023,prerank,Branched-Chain Amino Acid Metabolic Process (GO:0009081),0.29398975796071264,0.5787018080767168,0.9566160520607375,1.0,1.0,7/15,22.24%,DBT;BCKDHA;DLD;BCKDK;HIBCH;SLC25A44;PCCA
CLN8,GO_Biological_Process_2023,prerank,Negative Regulation Of Cellular Response To Insulin Stimulus (GO:1900077),-0.2600776951423424,-0.5775270947415495,1.0,1.0,1.0,8/27,21.74%,PRKCB;INPP5K;NCK1;PRKCD;ENPP1;TSC2;PIP4K2B;GSK3A
CLN8,GO_Biological_Process_2023,prerank,Oligodendrocyte Differentiation (GO:0048709),-0.28272454155877397,-0.5774541189756252,0.996268656716418,1.0,1.0,4/19,15.07%,TPPP;EIF2B3;ZNF488;MYRF
CLN8,GO_Biological_Process_2023,prerank,Regulation Of Defense Response To Virus By Host (GO:0050691),-0.24654431697945117,-0.5765821596902818,1.0,1.0,1.0,10/37,24.97%,IL23R;RNF216;TRIM22;ZC3H12A;DHX9;ZDHHC11;TARBP2;CGAS;MAVS;IL23A
CLN8,GO_Biological_Process_2023,prerank,Positive Regulation Of Lamellipodium Assembly (GO:0010592),-0.26755016274091264,-0.5763790148421682,0.9946332737030411,1.0,1.0,5/23,19.64%,CARMIL2;RAC2;FSCN1;ACTR2;AUTS2
CLN8,GO_Biological_Process_2023,prerank,Regulation Of Activin Receptor Signaling Pathway (GO:0032925),0.2915437880515194,0.5757799149928218,0.9832635983263598,1.0,1.0,5/15,20.25%,FKBP1A;CSNK2B;FSTL3;SMAD7;FST
CLN8,GO_Biological_Process_2023,prerank,Positive Regulation Of Histone Methylation (GO:0031062),-0.2825382324054714,-0.5748980749377013,0.9908592321755028,1.0,1.0,8/19,24.15%,SIRT1;INSL6;OGT;BRCA1;SMAD4;KAT8;KANSL1;KANSL2
CLN8,GO_Biological_Process_2023,prerank,mRNA Methylation (GO:0080009),-0.2966004872966295,-0.574649478575922,0.9834254143646409,1.0,1.0,9/15,28.79%,TRMT10C;METTL16;CMTR1;METTL4;METTL14;TRMT61A;TRMT61B;METTL8;PCIF1
CLN8,GO_Biological_Process_2023,prerank,Histone H3-K4 Methylation (GO:0051568),-0.2586164506277062,-0.5746372402998697,0.9946140035906643,1.0,1.0,8/26,23.07%,WDR5B;NFYC;KDM6A;RBBP5;HCFC2;NFYB;KMT2B;WDR82
CLN8,GO_Biological_Process_2023,prerank,Osteoclast Differentiation (GO:0030316),-0.26727091131444713,-0.5740510700363486,0.9962406015037594,1.0,1.0,13/25,29.66%,BMP2;OSTM1;MAPK14;SLC4A2;EFNA2;SBNO2;TNFRSF11A;FARP2;TNFSF11;SNX10;GPR183;SRC;ATP6AP1
CLN8,GO_Biological_Process_2023,prerank,Positive Regulation Of Vacuole Organization (GO:0044090),0.2687740011174621,0.5733318923647249,0.9939271255060729,1.0,1.0,8/21,20.97%,RAB3GAP1;SNX7;SNX33;ELAPOR1;PIP4K2C;SNX18;SH3GLB1;WIPI1
CLN8,GO_Biological_Process_2023,prerank,Neuron Apoptotic Process (GO:0051402),0.26790433789555324,0.5732424221025214,0.9938900203665988,1.0,1.0,7/19,20.84%,FAS;NGFR;CDK5;GAPDH;NAE1;SIAH1;BNIP3
CLN8,GO_Biological_Process_2023,prerank,Regulation Of Keratinocyte Differentiation (GO:0045616),-0.26425106225801986,-0.5731429959734234,0.9981167608286252,1.0,1.0,8/25,23.11%,AQP3;ZFP36;GRHL2;ETV4;NUMA1;PRKCH;MED1;ROCK2
CLN8,GO_Biological_Process_2023,prerank,snRNA Processing (GO:0016180),-0.27561451941873344,-0.5721397026699746,0.996309963099631,1.0,1.0,6/18,22.33%,INTS4;INTS6;TUT1;INTS9;INTS7;INTS6L
CLN8,GO_Biological_Process_2023,prerank,Negative Regulation Of Fibroblast Proliferation (GO:0048147),0.2816111494375132,0.5719933916116595,0.9932735426008968,1.0,1.0,5/17,19.43%,FTH1;NF1;MED9;TP53;GSTP1
CLN8,GO_Biological_Process_2023,prerank,Positive Regulation Of Cyclin-Dependent Protein Serine/Threonine Kinase Activity (GO:0045737),-0.28975245393001364,-0.5698778019720777,0.9855334538878843,1.0,1.0,5/15,16.03%,RGCC;MAPRE3;CCND2;PKD1;CCNY
CLN8,GO_Biological_Process_2023,prerank,Positive Regulation Of ERBB Signaling Pathway (GO:1901186),0.26191759993020497,0.5675428539561255,1.0,1.0,1.0,8/24,18.87%,PTK6;SHKBP1;DGKD;FAM83B;CCDC88A;APEX1;HIP1;RTN4
CLN8,GO_Biological_Process_2023,prerank,"Nuclear-Transcribed mRNA Catabolic Process, Exonucleolytic (GO:0000291)",-0.2833991296344646,-0.5672592448984157,0.9901768172888016,1.0,1.0,9/17,27.81%,EXOSC7;CNOT8;DIS3;CNOT7;DCPS;EXOSC6;EXOSC3;POLR2G;DCP2
CLN8,GO_Biological_Process_2023,prerank,Regulation Of Chemotaxis (GO:0050920),-0.25588891650923157,-0.5665174607228547,0.9965034965034965,1.0,1.0,13/28,28.51%,P2RX4;PDGFRB;AIF1;P2RY12;STX3;RARRES2;CCL26;EFNB2;PDGFB;STX4;NOVA2;GPR183;TGFB1
CLN8,GO_Biological_Process_2023,prerank,Protein Localization To Mitochondrion (GO:0070585),0.2817088386376783,0.5661405348236407,0.9892241379310345,1.0,1.0,3/15,10.00%,DNAJA1;LRRK2;HK2
CLN8,GO_Biological_Process_2023,prerank,Liver Development (GO:0001889),-0.24232228689314705,-0.564162995629356,1.0,1.0,1.0,10/35,21.79%,DNAAF1;WNT4;E2F7;XBP1;PKD2;COBL;ARID5B;CITED2;CEBPG;NPHP3
CLN8,GO_Biological_Process_2023,prerank,"Positive Regulation Of Synaptic Transmission, Glutamatergic (GO:0051968)",0.2596075694211925,0.5628561881347149,0.9977116704805492,1.0,1.0,2/22,5.19%,GRIN2C;RELN
CLN8,GO_Biological_Process_2023,prerank,Glycosaminoglycan Catabolic Process (GO:0006027),0.2821848509472403,0.5616742946694611,0.9910913140311804,1.0,1.0,4/15,14.15%,HYAL1;GLB1;HYAL2;SGSH
CLN8,GO_Biological_Process_2023,prerank,Negative Regulation Of Epithelial Cell Migration (GO:0010633),-0.2470416733446369,-0.5611472356184894,1.0,1.0,1.0,14/33,27.71%,TACSTD2;APOH;DUSP10;PTEN;MARVELD3;PTPN23;MCC;CORO1C;PTPRM;SLIT2;DAB2IP;APOE;PTPRG;SYNJ2BP
CLN8,GO_Biological_Process_2023,prerank,Cell-Substrate Junction Assembly (GO:0007044),0.24921942486835583,0.5594816404437852,1.0,1.0,1.0,11/28,22.26%,BCR;DYNLL1;FN1;PIP5K1A;WHAMM;SORBS1;PLEC;ACTN3;PEAK1;PTPRK;ITGA6
CLN8,GO_Biological_Process_2023,prerank,Cell Surface Toll-Like Receptor Signaling Pathway (GO:0140895),-0.2841709509961067,-0.5592877424706643,0.9963235294117647,1.0,1.0,4/16,24.45%,MYD88;RIPK2;TNIP2;MYO1C
CLN8,GO_Biological_Process_2023,prerank,"Vesicle Targeting, Rough ER To cis-Golgi (GO:0048207)",0.2631285078722574,0.5573534170211634,0.9953488372093023,1.0,1.0,5/19,13.10%,PPP6C;TRAPPC12;TRAPPC4;TMED10;CUL3
CLN8,GO_Biological_Process_2023,prerank,COPII Vesicle Coating (GO:0048208),0.2631285078722574,0.5573534170211634,0.9953488372093023,1.0,1.0,5/19,13.10%,PPP6C;TRAPPC12;TRAPPC4;TMED10;CUL3
CLN8,GO_Biological_Process_2023,prerank,Nitric Oxide Metabolic Process (GO:0046209),-0.284221702679911,-0.5573474201209296,0.9946714031971581,1.0,1.0,7/16,24.31%,NOS1;MTARC1;CPS1;NQO1;CYB5B;SLC7A6;GCH1
CLN8,GO_Biological_Process_2023,prerank,Retrograde Axonal Transport (GO:0008090),-0.281900072479768,-0.5569878223530501,0.9924385633270322,1.0,1.0,4/15,21.06%,MGARP;KIF5A;KIF1A;NEFL
CLN8,GO_Biological_Process_2023,prerank,DNA-templated Transcription Elongation (GO:0006354),-0.2540271580796561,-0.556611019637221,0.9982014388489209,1.0,1.0,12/26,27.69%,EAF2;ELP4;GTF2F2;LEO1;SETD2;PBRM1;ERCC3;PCID2;ELOF1;SKIC8;PEX2;RTF1
CLN8,GO_Biological_Process_2023,prerank,Regulation Of Autophagy Of Mitochondrion (GO:1903146),-0.2698125905253706,-0.5560445544183293,0.998109640831758,1.0,1.0,9/19,26.25%,HTT;FBXO7;FKBP8;PINK1;GSK3A;CSNK2A2;CAMKK2;PRKN;SREBF2
CLN8,GO_Biological_Process_2023,prerank,Regulation Of Establishment Or Maintenance Of Cell Polarity (GO:0032878),0.26752212776394935,0.5554805835851729,0.9913978494623656,1.0,1.0,7/18,21.39%,KRIT1;LLGL1;PLEKHG3;CYRIB;KIF20B;KANK1;ROCK1
CLN8,GO_Biological_Process_2023,prerank,Negative Regulation Of Oxidative Stress-Induced Intrinsic Apoptotic Signaling Pathway (GO:1902176),-0.2841316237115469,-0.5554219520196364,0.9906890130353817,1.0,1.0,4/16,17.47%,NOL3;SIRT1;MAPK7;PINK1
CLN8,GO_Biological_Process_2023,prerank,DNA Alkylation (GO:0006305),-0.2796956866872714,-0.5507762735468817,0.996268656716418,1.0,1.0,6/15,26.19%,BEND3;DNMT3A;PPM1D;HELLS;ATRX;KMT2E
CLN8,GO_Biological_Process_2023,prerank,Regulation Of Cell-Substrate Junction Assembly (GO:0090109),0.25158699450420763,0.5493804163612532,1.0,1.0,1.0,7/21,21.39%,LDB1;LIMCH1;DAPK3;CAMSAP3;FYN;PEAK1;ROCK1
CLN8,GO_Biological_Process_2023,prerank,Endoplasmic Reticulum Tubular Network Organization (GO:0071786),-0.2740414538937247,-0.5483963373009074,0.9964028776978417,1.0,1.0,5/16,15.54%,REEP4;ATL1;RAB10;TMEM33;REEP3
CLN8,GO_Biological_Process_2023,prerank,Response To Fatty Acid (GO:0070542),-0.2689550790386812,-0.5482065690776651,1.0,1.0,1.0,6/19,25.84%,KCNK4;FOXO1;LCP1;FOXO3;SCD;GLDC
CLN8,GO_Biological_Process_2023,prerank,Protein Localization To Cell-Cell Junction (GO:0150105),0.27237772045001746,0.546783719455479,0.9851063829787234,1.0,1.0,3/15,13.44%,LSR;SCRIB;PAK2
CLN8,GO_Biological_Process_2023,prerank,Mitochondrial RNA Metabolic Process (GO:0000959),0.2545616328524895,0.5445408879450232,1.0,1.0,1.0,11/20,29.25%,FASTK;FASTKD5;MTERF1;POLRMT;TFB2M;TFB1M;MRPL12;TFAM;TWNK;FASTKD3;MTERF4
CLN8,GO_Biological_Process_2023,prerank,Stress-Activated Protein Kinase Signaling Cascade (GO:0031098),0.2541080994463975,0.5421694149056453,0.9910714285714286,1.0,1.0,8/20,21.81%,MAP3K5;IKBKB;MAP2K7;MAPK3;MAP3K7;STK26;MAPK1;CCM2
CLN8,GO_Biological_Process_2023,prerank,snRNA 3'-End Processing (GO:0034472),-0.2510572695888412,-0.5379988323603735,1.0,1.0,1.0,8/21,25.59%,EXOSC7;INTS6;TUT1;INTS9;INTS7;INTS6L;EXOSC6;EXOSC3
CLN8,GO_Biological_Process_2023,prerank,Glycosphingolipid Biosynthetic Process (GO:0006688),0.25857117061161006,0.5374104175707148,0.997867803837953,1.0,1.0,5/19,17.82%,ST8SIA6;ST8SIA2;ST8SIA3;B3GALT4;ST8SIA1
CLN8,GO_Biological_Process_2023,prerank,Actin Nucleation (GO:0045010),-0.2556916790041807,-0.5361322117430006,0.9981617647058824,1.0,1.0,7/21,22.16%,SCIN;WASH2P;MAGEL2;JMY;WASHC1;TRIM27;IQGAP2
CLN8,GO_Biological_Process_2023,prerank,Extrinsic Apoptotic Signaling Pathway In Absence Of Ligand (GO:0097192),-0.2706982642399111,-0.5326162761416103,0.9964285714285714,1.0,1.0,6/16,22.51%,ITGAV;BCL2L2;BOK;GSK3A;ERBB3;BCL2L1
CLN8,GO_Biological_Process_2023,prerank,Amyloid Precursor Protein Metabolic Process (GO:0042982),-0.25804777616722463,-0.5294999504381482,0.9946714031971581,1.0,1.0,9/17,28.41%,BACE1;ADAM10;PSENEN;APH1B;PSEN2;PSEN1;APOE;ACHE;ADAM19
CLN8,GO_Biological_Process_2023,prerank,Regulation Of Bicellular Tight Junction Assembly (GO:2000810),-0.2729764046009263,-0.529040704147925,0.99812382739212,1.0,1.0,5/15,24.45%,CLDN5;SNAI2;PRKCH;ROCK2;MYO1C
CLN8,GO_Biological_Process_2023,prerank,Positive Regulation Of Excitatory Postsynaptic Potential (GO:2000463),-0.24874497049178002,-0.5266767958556964,0.9982363315696648,1.0,1.0,10/22,27.27%,RIMS1;NETO1;SHANK1;CUX2;PTEN;SHANK3;PTK2B;RIMS2;NLGN2;GRIN2B
CLN8,GO_Biological_Process_2023,prerank,Regulation Of Establishment Of Cell Polarity (GO:2000114),-0.2649515591234488,-0.5246913386163624,1.0,1.0,1.0,8/17,26.52%,RAP1B;SHTN1;RACK1;PTK2B;ROCK2;ARFGEF1;RIPOR2;BCAS3
CLN8,GO_Biological_Process_2023,prerank,tRNA Wobble Uridine Modification (GO:0002098),0.26649954239269574,0.5239101551400434,1.0,1.0,1.0,6/15,20.31%,ELP5;DPH3;CTU2;MTO1;ELP2;MOCS3
CLN8,GO_Biological_Process_2023,prerank,Regulation Of Amyloid-Beta Clearance (GO:1900221),-0.26957078122677725,-0.523596920209986,0.9963503649635036,1.0,1.0,4/15,19.97%,LRP1;SRF;CYP51A1;LRPAP1
CLN8,GO_Biological_Process_2023,prerank,Membrane Protein Ectodomain Proteolysis (GO:0006509),-0.24207504963975976,-0.521562731923931,1.0,1.0,1.0,8/22,26.51%,MYH9;BACE1;RBMX;PSENEN;ADAM9;HM13;PSEN2;PSEN1
CLN8,GO_Biological_Process_2023,prerank,Purine Nucleotide Biosynthetic Process (GO:0006164),-0.2459866418678731,-0.5168035600654781,1.0,1.0,1.0,10/21,27.14%,PFAS;MTHFD1;NMNAT1;PRPS2;HAAO;GART;NMNAT2;HPRT1;NMNAT3;PRPS1
CLN8,GO_Biological_Process_2023,prerank,Regulation Of Mitochondrial Outer Membrane Permeabilization Involved In Apoptotic Signaling Pathway (GO:1901028),-0.2521826485103429,-0.5159587142464187,0.9981378026070763,1.0,1.0,6/18,21.83%,TMEM102;BAK1;BOK;SLC25A4;GSK3A;CHCHD10
CLN8,GO_Biological_Process_2023,prerank,Photoperiodism (GO:0009648),0.23725092872552234,0.5158722378189189,1.0,0.9996090475669838,1.0,6/23,20.34%,PPP1CA;PER1;CRY2;PDE6B;TP53;CLOCK
CLN8,GO_Biological_Process_2023,prerank,Vesicle Budding From Membrane (GO:0006900),-0.22539989176955572,-0.5150995083457337,1.0,1.0,1.0,12/31,26.13%,SNX3;VAPA;GOLPH3L;TRAPPC3;AP2M1;CHMP5;TRAPPC2L;TRAPPC2B;PICALM;CHMP4A;GOLPH3;SEC13
CLN8,GO_Biological_Process_2023,prerank,Lipid Droplet Organization (GO:0034389),-0.23014826115277504,-0.5110806175953841,1.0,1.0,1.0,9/29,26.81%,PRKAA2;CIDEB;PLIN2;CDS1;PNPLA3;PRKAA1;LDAF1;ZFYVE1;BSCL2
CLN8,GO_Biological_Process_2023,prerank,Entrainment Of Circadian Clock By Photoperiod (GO:0043153),-0.24044991637126653,-0.5061311846190313,1.0,1.0,1.0,11/22,29.87%,FBXL17;RBM4;SIK1;ID2;CRY1;CRTC1;PER2;RBM4B;PPP1CB;MTA1;PPP1CC
CLN8,GO_Biological_Process_2023,prerank,Regulation Of Triglyceride Biosynthetic Process (GO:0010866),-0.251795818642674,-0.4983841676608446,0.9981412639405205,1.0,1.0,7/16,28.39%,SIRT1;SIK1;LDLR;GPLD1;NR1H3;SCARB1;FBXW7
CLN8,GO_Biological_Process_2023,prerank,Toll-Like Receptor 4 Signaling Pathway (GO:0034142),-0.24360579685750292,-0.489673193094436,1.0,0.9998573040330948,1.0,5/17,28.44%,MYD88;TICAM2;MYO1C;SCIMP;RAB11FIP2
