kd_gene,gene_set_library,Name,Term,ES,NES,NOM p-val,FDR q-val,FWER p-val,Tag %,Gene %,Lead_genes
ERICH1,MSigDB_Hallmark_2020,prerank,Pancreas Beta Cells,0.517966072965224,1.251985344219638,0.14166666666666666,1.0,0.78,12/40,13.43%,HNF1A;INSM1;FOXA2;SLC2A2;MAFB;SRP14;LMO2;CHGA;DCX;PCSK1;IAPP;SRPRB
ERICH1,MSigDB_Hallmark_2020,prerank,Myc Targets V1,-0.3934581292208611,-1.1663339306367047,0.11623616236162361,1.0,0.962,97/199,25.11%,UBE2E1;PSMA4;PPM1G;PA2G4;G3BP1;CCT5;PSMA6;TRA2B;RPL6;CDC45;XRCC6;KPNB1;HNRNPR;RRP9;CNBP;PWP1;HNRNPA1;PRPF31;PSMA2;DDX21;SNRPA;PSMD8;NCBP1;PSMA1;NAP1L1;SERBP1;HDGF;IFRD1;EIF2S1;GNL3;CTPS1;MYC;MCM6;MAD2L1;MCM5;LSM7;SSBP1;EXOSC7;NPM1;ILF2;DHX15;CDK4;RFC4;TYMS;RPL34;PABPC4;RNPS1;SLC25A3;RAD23B;XPO1;HNRNPC;CLNS1A;ETF1;NCBP2;DUT;SNRPB2;PRPS2;HDDC2;CSTF2;PSMD7;SRSF3;PCBP1;PSMD1;CUL1;SNRPG;HDAC2;ACP1;SNRPD2;RACK1;RPL22;HSPE1;MCM7;C1QBP;U2AF1;EIF1AX;COX5A;H2AZ1;PSMD3;RAN;USP1;SSB;TOMM70;HNRNPA3;SRSF7;PHB2;MCM4;EIF3D;DEK;KARS1;CCT2;PTGES3;TRIM28;VDAC1;TFDP1;CDK2;HNRNPD;NME1
ERICH1,MSigDB_Hallmark_2020,prerank,Interferon Alpha Response,0.4183198002826566,1.1624224555539688,0.14347826086956522,1.0,0.943,41/97,21.04%,RTP4;OASL;IRF7;RSAD2;IRF9;HELZ2;CSF1;TMEM140;LGALS3BP;CMPK2;USP18;NUB1;PARP9;IFI27;PSMB8;TAP1;PSME1;PARP12;IFITM2;MX1;EPSTI1;TENT5A;IL15;SLC25A28;MVB12A;IRF2;ADAR;DDX60;OGFR;TRIM26;HERC6;IFITM1;UBE2L6;TRIM25;IL7;MOV10;TRIM14;CNP;TRIM5;BST2;TXNIP
ERICH1,MSigDB_Hallmark_2020,prerank,Coagulation,0.3939345252919673,1.1563020286836823,0.13616071428571427,1.0,0.948,36/138,18.79%,C1QA;CTSE;PF4;CPQ;CFI;CTSO;PDGFB;TF;ANXA1;MMP3;C3;CTSH;MST1;GSN;ACOX2;FYN;SERPINE1;MMP9;F11;FBN1;F8;USP11;MMP15;GP1BA;LTA4H;MAFF;CD9;SIRT2;C2;F12;WDR1;PLAT;PROS1;MMP2;THBS1;LGMN
ERICH1,MSigDB_Hallmark_2020,prerank,Mitotic Spindle,0.3579902222504792,1.0868776724091471,0.22727272727272727,1.0,0.992,95/199,23.05%,PLEKHG2;TBCD;TUBA4A;SEPTIN9;NOTCH2;PAFAH1B1;ARHGEF12;KIF22;KNTC1;EPB41L2;TUBGCP2;ABR;BCAR1;SMC4;INCENP;ATG4B;BIN1;RAB3GAP1;MYO9B;CYTH2;DLGAP5;FGD4;ARHGAP29;GSN;BIRC5;KIF4A;TSC1;TAOK2;KIF23;EPB41;MAPRE1;CEP192;CEP131;CENPE;CDC42EP1;SHROOM1;LATS1;CDK1;ARHGEF7;SUN2;CTTN;YWHAE;NEK2;ARL8A;PXN;CCDC88A;RAPGEF5;RFC1;EZR;ARF6;CLIP1;PLK1;KIF11;KIF20B;CDC27;SPTAN1;RHOF;DLG1;SASS6;KATNA1;NF1;NUSAP1;BRCA2;ARFGEF1;TUBGCP5;KIF5B;FBXO5;RICTOR;DST;MYO1E;RASA2;ARHGEF3;NIN;BCL2L11;TPX2;TUBD1;CAPZB;CNTRL;FLNA;SORBS2;KIF2C;SOS1;LLGL1;TTK;PCGF5;ACTN4;KLC1;NUMA1;ARHGDIA;TUBGCP6;RAPGEF6;TLK1;CEP72;MID1;PIF1
ERICH1,MSigDB_Hallmark_2020,prerank,PI3K/AKT/mTOR  Signaling,0.3711004650154625,1.0537845015495797,0.31063829787234043,1.0,0.996,42/105,22.13%,CXCR4;MAPK10;PITX2;DUSP3;NOD1;RIPK1;GRK2;GSK3B;RPTOR;GNGT1;RPS6KA1;AP2M1;AKT1S1;MAPKAP1;SLA;ADCY2;CAB39L;PRKAA2;PDK1;GRB2;PLCG1;CDK1;CAB39;TBK1;ECSIT;MAP2K6;PIK3R3;SMAD2;CALR;PPP1CA;ITPR2;PFN1;UBE2D3;PPP2R1B;ACACA;PTPN11;PLA2G12A;MAP2K3;RAF1;AKT1;ARHGDIA;EGFR
ERICH1,MSigDB_Hallmark_2020,prerank,Myc Targets V2,-0.4082208540031231,-1.044293742055775,0.3674698795180723,1.0,1.0,30/57,26.56%,PA2G4;DUSP2;RRP9;MAP3K6;NIP7;PPRC1;GNL3;SLC29A2;NDUFAF4;MPHOSPH10;MYC;MCM5;NPM1;UNG;CDK4;DCTPP1;NOP2;TBRG4;GRWD1;HSPE1;BYSL;PPAN;MCM4;PRMT3;SLC19A1;PLK4;RRP12;HSPD1;CBX3;AIMP2
ERICH1,MSigDB_Hallmark_2020,prerank,Reactive Oxygen Species Pathway,-0.4062024555130694,-1.0067676771980996,0.42213883677298314,1.0,1.0,27/49,25.44%,GPX3;SBNO2;HHEX;SCAF4;FES;MGST1;NDUFS2;SRXN1;MSRA;SELENOS;SOD1;PFKP;JUNB;MBP;G6PD;SOD2;EGLN2;OXSR1;LAMTOR5;IPCEF1;ATOX1;PRDX1;FTL;GLRX;TXN;GCLC;PDLIM1
ERICH1,MSigDB_Hallmark_2020,prerank,Myogenesis,-0.3347521637654922,-1.0022076873941625,0.47155963302752296,1.0,1.0,50/199,17.45%,SGCA;CHRNG;IGFBP7;PPP1R3C;GPX3;LDB3;ITGB4;MYF6;BDKRB2;NOS1;CFD;KCNH1;CKMT2;ACTA1;NOTCH1;CKM;SH3BGR;MRAS;MYO1C;MEF2C;TNNI1;GNAO1;MAPRE3;STC2;APP;COL15A1;PDE4DIP;RIT1;FLII;AGRN;MYL7;RYR1;FDPS;CTF1;GADD45B;FOXO4;IFRD1;COL4A2;MYL6B;TPM2;AK1;ACHE;ACTN3;PICK1;SGCG;SPHK1;ACTN2;ATP6AP1;GABARAPL2;WWTR1
ERICH1,MSigDB_Hallmark_2020,prerank,Cholesterol Homeostasis,-0.37178006773946226,-0.9885698411253491,0.4723809523809524,1.0,1.0,24/74,17.51%,TRIB3;SC5D;MAL2;ATF3;CYP51A1;FBXO6;PLSCR1;GNAI1;FDPS;CPEB2;ANTXR2;ABCA2;FABP5;JAG1;TM7SF2;STARD4;NFIL3;ETHE1;GPX8;ADH4;GUSB;ANXA5;ERRFI1;ECH1
ERICH1,MSigDB_Hallmark_2020,prerank,Fatty Acid Metabolism,0.33289683127406466,0.9859466647302865,0.49471458773784355,1.0,1.0,60/157,22.36%,IL4I1;TP53INP2;ACSL5;GAD2;UROS;CA4;PDHA1;HSD17B4;MAOA;DLD;ACOT2;ACADS;REEP6;HSD17B11;FMO1;GPD2;RDH16;LTC4S;ECI2;ADSL;DHCR24;DECR1;PSME1;ACADL;MDH1;ACSL1;GAPDHS;PRDX6;FASN;SERINC1;GLUL;IDI1;HPGD;HADH;SDHD;ACOX1;CA2;CD36;AUH;LGALS1;PDHB;SUCLG2;LDHA;HCCS;HADHB;ACAA1;UBE2L6;BMPR1B;SUCLG1;ACADM;METAP1;IDH3B;ACAT2;S100A10;DLST;BLVRA;RETSAT;CYP4A22;NBN;CRAT
ERICH1,MSigDB_Hallmark_2020,prerank,Unfolded Protein Response,-0.3451958142431454,-0.9801837631809563,0.4665391969407266,1.0,1.0,47/112,22.93%,SRPRA;PARN;ALDH18A1;ATF3;KHSRP;IMP3;YWHAZ;STC2;RRP9;HSPA5;CEBPB;YIF1A;PAIP1;HSP90B1;PDIA5;EIF2S1;TUBB2A;FKBP14;EIF4EBP1;EDEM1;NPM1;PREB;CHAC1;EXOSC10;EXOSC1;DCP1A;SPCS3;XBP1;BAG3;SSR1;EIF4A2;LSM1;CNOT6;ZBTB17;SDAD1;EDC4;EXOSC9;TARS1;CNOT2;DKC1;GEMIN4;DNAJB9;SLC1A4;CCL2;EXOSC2;KDELR3;VEGFA
ERICH1,MSigDB_Hallmark_2020,prerank,Interferon Gamma Response,0.32164429521590265,0.9770958696403966,0.52,1.0,1.0,67/199,21.19%,RTP4;CD69;OASL;FGL2;TNFAIP3;IRF7;IL6;TNFSF10;IRF5;TNFAIP2;CD38;CCL5;RSAD2;NOD1;IRF9;HELZ2;NFKB1;RIPK1;CIITA;LGALS3BP;CMPK2;USP18;IL15RA;LYSMD2;IFI27;PSMB8;FAS;TAP1;PSME1;PARP12;PDE4B;PTPN1;NUP93;IFITM2;MX1;EPSTI1;IFIT1;RNF213;IL15;TAPBP;METTL7B;BANK1;SLC25A28;PLA2G4A;IRF2;ADAR;MTHFD2;STAT4;DDX60;OGFR;TRIM26;ARID5B;BPGM;VAMP8;HERC6;HLA-B;TOR1B;UBE2L6;TRIM25;IL7;TRIM14;UPP1;BST2;PIM1;TXNIP;LATS2;NCOA3
ERICH1,MSigDB_Hallmark_2020,prerank,E2F Targets,-0.324387932517843,-0.9759006081311816,0.5105973025048169,1.0,1.0,95/200,25.85%,PA2G4;CDKN2A;HUS1;RAD50;TRA2B;CHEK2;CDKN3;CHEK1;XRCC6;RNASEH2A;UBE2T;SMC1A;TRIP13;ILF3;NAA38;DEPDC1;TK1;WDR90;ING3;NAP1L1;ANP32E;PPP1R8;EIF2S1;NASP;TIPIN;BARD1;CTPS1;MYC;HMGB2;BUB1B;MCM6;DNMT1;MAD2L1;MCM5;UNG;HMMR;PSIP1;PAN2;ATAD2;PHF5A;MSH2;RPA2;CDK4;SMC3;HMGA1;DCK;RRM2;POLD1;DCTPP1;XPO1;GINS1;E2F8;AURKA;PRPS1;DDX39A;DUT;MLH1;SNRPB;GINS3;RFC3;SHMT1;TBRG4;AK2;TUBG1;RAD51AP1;SLBP;MCM7;NUP205;STMN1;RPA1;H2AZ1;NUDT21;CCNE1;RAN;USP1;GINS4;MCM4;CDKN1B;PLK4;DEK;PAICS;POLA2;RBBP7;PPM1D;TMPO;DONSON;SPC25;HNRNPD;NME1;NUP107;CDCA3;CDKN1A;CKS2;LMNB1;PCNA
ERICH1,MSigDB_Hallmark_2020,prerank,IL-6/JAK/STAT3 Signaling,0.3346736662573724,0.925476029402644,0.6070640176600441,1.0,1.0,22/87,14.88%,DNTT;PF4;IL6;CD38;IRF9;CSF1;CXCL3;IL18R1;TLR2;IFNGR1;IL15RA;EBI3;FAS;PTPN1;JUN;TYK2;MAP3K8;GRB2;IL13RA1;CD36;CRLF2;CD9
ERICH1,MSigDB_Hallmark_2020,prerank,Spermatogenesis,-0.32203311947155316,-0.924488014588356,0.6408450704225352,1.0,1.0,32/135,18.30%,PRM2;ELOVL3;ALOX15;NOS1;CLVS1;STAM2;CDKN3;PAPOLB;SEPTIN4;CSNK2A2;PCSK1N;SPATA6;GAD1;TALDO1;SLC12A2;NF2;CLPB;DDX25;SIRT1;CFTR;JAM3;BUB1;DMC1;NEFH;NCAPH;MTOR;MAST2;RFC4;PRKAR2A;MEP1B;AURKA;DBF4
ERICH1,MSigDB_Hallmark_2020,prerank,UV Response Up,-0.31678779042032396,-0.9218569624047296,0.6719022687609075,1.0,1.0,57/158,22.56%,BMP2;RAB27A;CDKN2B;GPX3;CXCL2;RRAD;NPTXR;AQP3;STARD3;SLC6A12;MSX1;FOSB;ATF3;APOM;CDO1;ABCB1;EPCAM;POLR2H;BAK1;CYB5R1;UROD;DDX21;NPTX2;TACR3;PRKCD;EPHX1;WIZ;OLFM1;MARK2;ALDOA;FKBP4;PPP1R2;HMOX1;JUNB;RFC4;CASP3;YKT6;SOD2;MAPK8IP2;FGF18;KLHDC3;ARRB2;CYB5B;POLG2;TYRO3;AMD1;GRINA;TARS1;PRPF3;NUP58;HSPA13;PSMC3;FEN1;CCNE1;E2F5;CDKN1C;BTG1
ERICH1,MSigDB_Hallmark_2020,prerank,p53 Pathway,-0.2944129534858718,-0.882091621309936,0.8287937743190662,1.0,1.0,71/199,23.01%,BMP2;CDKN2B;ITGB4;RRAD;FUCA1;CDKN2A;SFN;NOTCH1;TRIB3;ANKRA2;NOL8;IER3;OSGIN1;CTSF;ATF3;TNNI1;APP;VWA5A;MAPKAPK3;ABAT;CEBPA;BAK1;RGS16;DDIT3;SLC7A11;IFI30;DGKA;EPHX1;FAM162A;ADA;GM2A;STEAP3;KIF13B;TRAF4;DNTTIP2;AK1;SESN1;HMOX1;CCNK;KLF4;PIDD1;SPHK1;HINT1;ACVR1B;PMM1;ZBTB16;PPP1R15A;ISCU;TRAFD1;PITPNC1;XPC;EI24;MXD4;PHLDA3;DCXR;CDK5R1;SLC3A2;CYFIP2;ST14;IER5;RACK1;SLC19A2;PLK3;RB1;RAB40C;PERP;RAP2B;BTG1;DRAM1;LDHB;GPX2
ERICH1,MSigDB_Hallmark_2020,prerank,Oxidative Phosphorylation,0.2894577942695414,0.8737174945478339,0.8432671081677704,1.0,1.0,78/200,22.35%,ETFA;ATP6V0C;MAOB;TCIRG1;PDHA1;DLD;NDUFC2;OPA1;MRPS11;CS;COX4I1;NDUFAB1;DECR1;IMMT;NDUFA3;PDP1;MDH1;PDHX;ATP5PO;BCKDHA;IDH2;PHYH;CYC1;ATP5PB;NDUFB5;COX7B;UQCRC1;VDAC3;SDHD;CYB5A;NDUFS6;PRDX3;ALAS1;NDUFA1;NDUFA6;TIMM9;TIMM13;PDHB;NDUFB1;CYB5R3;ISCA1;NDUFB2;ATP6V1H;NDUFA2;LDHA;MRPS22;HCCS;UQCR11;SLC25A6;UQCR10;HADHB;ACAA1;GPI;ATP5MG;COX6B1;MTX2;NDUFC1;SUCLG1;ATP6V1C1;ACADM;ATP5ME;AIFM1;GRPEL1;COX15;MFN2;ATP6V1F;ATP6V1E1;NDUFB4;ATP5PD;IDH3B;NDUFS1;DLST;ATP6V0B;RHOT1;RETSAT;ATP5F1D;ATP5F1C;ATP5MC1
ERICH1,MSigDB_Hallmark_2020,prerank,Angiogenesis,-0.3733204141780186,-0.873080940078811,0.6626984126984127,1.0,1.0,11/36,15.62%,TIMP1;PTK2;MSX1;APOH;APP;JAG1;ITGAV;LRPAP1;CXCL6;SLCO2A1;TNFRSF21
ERICH1,MSigDB_Hallmark_2020,prerank,Hypoxia,0.284604407569622,0.8708937402079656,0.8694736842105263,1.0,1.0,61/200,19.97%,PCK1;BHLHE40;FBP1;TNFAIP3;IL6;CXCR4;BGN;CHST2;CCN5;PDGFB;ALDOC;LDHC;SULT2B1;STC1;PGAM2;NCAN;TPI1;B3GALT6;JUN;SERPINE1;GAPDHS;MAP3K1;GBE1;ANKZF1;PDK1;EXT1;TGFBI;FOS;P4HA2;ILVBL;MAFF;BCL2;HS3ST1;HEXA;HK2;FOXO3;PYGM;GPC3;CAVIN3;VLDLR;TPBG;SLC6A6;KDM3A;RRAGD;GAA;NDST1;PFKFB3;HDLBP;PGK1;ETS1;LDHA;GPC4;CASP6;ADM;IDS;GPI;PNRC1;CA12;BNIP3L;PGM1;GYS1
ERICH1,MSigDB_Hallmark_2020,prerank,KRAS Signaling Dn,-0.28920466080390367,-0.8685394117244666,0.8550185873605948,1.0,1.0,44/199,19.92%,CAPN9;CHRNG;HTR1B;KRT15;SLC12A3;SYNPO;CNTFR;C5;SNCB;NOS1;FGF16;FGFR3;PAX3;CPA2;EFHD1;FGGY;CKM;BRDT;KLK7;RGS11;SOX10;MAST3;RYR1;PNMT;EGF;GPR19;EPHA5;BARD1;SLC6A3;MTHFR;GTF3C5;SLC16A7;ENTPD7;ZBTB16;SELENOP;NR4A2;GPRC5C;CDKAL1;HTR1D;CYP39A1;GPR3;TGFB2;CALCB;RYR2
ERICH1,MSigDB_Hallmark_2020,prerank,Pperoxisome,0.3015940642592747,0.8511819195844976,0.8269662921348314,1.0,1.0,38/104,19.62%,TTR;ACSL5;HSD17B4;SULT2B1;NUDT19;PEX11A;HSD17B11;STS;ECI2;DHCR24;GNPAT;ATXN1;FADS1;ACSL1;CRABP1;IDH2;LONP2;PEX5;IDI1;DIO1;ACOX1;SCP2;EPHX2;ABCD1;HSD11B2;CLN6;ABCB9;CAT;SEMA3C;VPS4B;SLC23A2;PEX14;CADM1;DLG4;ACAA1;IDE;SMARCC1;TSPO
ERICH1,MSigDB_Hallmark_2020,prerank,Complement,0.276890541065742,0.8469344059686976,0.9311111111111111,1.0,1.0,44/200,17.41%,C1QA;PRSS36;CPQ;TNFAIP3;IRF7;IL6;MMP12;CTSO;CCL5;CR2;PDGFB;PRCP;FCER1G;C3;GPD2;SCG3;PCLO;RASGRP1;GMFB;DOCK10;CPM;CTSH;APOBEC3F;PDP1;FYN;SERPINE1;VCPIP1;F8;MMP15;GP1BA;GRB2;CA2;LTA4H;CTSL;USP8;CD36;MAFF;PLA2G4A;IRF2;C2;GNG2;PPP2CB;PLAT;GNAI2
ERICH1,MSigDB_Hallmark_2020,prerank,Estrogen Response Early,-0.2792300133186946,-0.8442521670197294,0.9345955249569707,1.0,1.0,65/198,20.88%,AREG;KRT15;ALDH3B1;JAK2;FCMR;CCND1;SLC27A2;AQP3;HES1;SFN;ESRP2;ELOVL2;DHRS3;RAPGEFL1;TIPARP;ELF3;PTGES;STC2;ABAT;DLC1;SLC24A3;TTC39A;SCNN1A;ELOVL5;ELF1;RAB31;IGF1R;MICB;MYB;RBBP8;SLC22A5;ARL3;SYBU;OLFM1;SLC7A2;FKBP4;MYC;ABHD2;MYOF;CELSR1;PDZK1;KLF4;TMEM164;CISH;MINDY1;TGM2;SIAH2;RARA;CD44;XBP1;RAB17;IL17RB;CXCL12;BCL11B;CALB2;MAPT;NBL1;MED24;PRSS23;ASB13;THSD4;RETREG1;BLVRB;SLC2A1;GJA1
ERICH1,MSigDB_Hallmark_2020,prerank,TNF-alpha Signaling via NF-kB,-0.2780954455522894,-0.8320165607545045,0.948306595365419,1.0,1.0,69/199,22.93%,AREG;BMP2;TNFAIP6;CXCL2;SERPINB8;DUSP2;IL23A;F3;IFIT2;CCND1;HES1;SIK1;IER3;ICOSLG;EGR2;FOSB;ATF3;CD83;DNAJB4;TIPARP;ATP2B1;PTGER4;DUSP5;GADD45B;NFKB2;FOSL1;CEBPB;JAG1;BIRC2;ZC3H12A;TUBB2A;CEBPD;NFIL3;CXCL6;MYC;G0S2;DUSP1;ZFP36;INHBA;CXCL1;JUNB;KLF4;SPHK1;CD44;SOD2;GEM;SLC2A3;RIPK2;PPP1R15A;NR4A2;SPSB1;TRIP10;NFAT5;IER2;STAT5A;IRS2;NFKBIE;PDLIM5;IER5;ETS2;CCL2;SDC4;BTG1;SNN;DRAM1;TNFAIP8;ABCA1;IRF1;VEGFA
ERICH1,MSigDB_Hallmark_2020,prerank,Notch Signaling,-0.36670932090933794,-0.8320036306431935,0.7429111531190926,1.0,1.0,8/32,15.39%,DTX1;CCND1;HES1;NOTCH1;HEYL;PSENEN;JAG1;SKP1
ERICH1,MSigDB_Hallmark_2020,prerank,Adipogenesis,0.27366097788810156,0.8316540626057501,0.9515418502202643,1.0,1.0,63/200,20.27%,PTGER3;ADCY6;DLD;ACADS;REEP6;C3;SLC27A1;BCL6;GPD2;LTC4S;CS;IFNGR1;NDUFAB1;DECR1;IMMT;CD302;SORBS1;ACADL;FZD4;ATP5PO;BCKDHA;DBT;TOB1;GBE1;PHLDB1;DRAM2;PHYH;CYC1;COX7B;RTN3;HADH;ITIH5;UQCRC1;TKT;ACOX1;SCP2;ATL2;CD36;EPHX2;SLC5A6;SOWAHC;CMBL;PTCD3;PRDX3;TANK;BCL2L13;STOM;CAT;PPARG;LPL;ACLY;PEX14;SAMM50;PFKFB3;UQCR11;UQCR10;AGPAT3;LIFR;SUCLG1;PGM1;ACADM;AIFM1;GRPEL1
ERICH1,MSigDB_Hallmark_2020,prerank,mTORC1 Signaling,0.27194133597905945,0.8243795854722218,0.9645232815964523,1.0,1.0,72/199,21.33%,BHLHE40;FGL2;CXCR4;SERP1;TUBA4A;TCEA1;TMEM97;UCHL5;HMBS;SKAP2;ABCF2;GSK3B;STC1;IGFBP5;PLOD2;MTHFD2L;PSPH;DHCR24;TPI1;IMMT;FADS1;HPRT1;ASNS;SLA;SDF2L1;GBE1;CCNF;IDI1;COPS5;FADS2;PDK1;PSME3;TBK1;LTA4H;BCAT1;CD9;GSR;PIK3R3;HK2;MTHFD2;STIP1;VLDLR;CALR;EGLN3;PSMC4;SLC6A6;PLK1;HSPA4;ACLY;FKBP2;INSIG1;PGK1;LDHA;EBP;LGMN;CTSC;UBE2D3;ARPC5L;PSMG1;GPI;BTG2;ACACA;CDC25A;ACSL3;PGM1;MAP2K3;M6PR;DHCR7;SQLE;PNO1;TXNRD1;UFM1
ERICH1,MSigDB_Hallmark_2020,prerank,Apoptosis,0.2784627917843892,0.8232989041551371,0.9573991031390134,1.0,1.0,53/161,22.14%,CD69;DPYD;IL6;TNFSF10;BIRC3;BGN;CD38;RHOB;GUCY2D;PLPPR4;H1-0;ANXA1;SAT1;IFNGR1;EMP1;FAS;DFFA;TAP1;GSN;BCL2L10;JUN;RNASEL;ERBB3;DNM1L;CDC25B;HGF;IGFBP6;DNAJC3;GSR;PPP2R5B;SMAD7;PLAT;BMF;SPTAN1;EBP;CASP6;MMP2;BTG2;TSPO;BNIP3L;BCL2L11;CTNNB1;PSEN2;ERBB2;BRCA1;CAV1;TXNIP;DAP;RELA;PDGFRB;RETSAT;KRT18;DAP3
ERICH1,MSigDB_Hallmark_2020,prerank,Inflammatory Response,0.27564602413138967,0.8217317555124841,0.9503386004514672,1.0,1.0,35/200,14.17%,RTP4;CD69;IRF7;IL6;TNFSF10;TNFSF15;CHST2;CCL5;OPRK1;P2RX7;NFKB1;CSF1;SEMA4D;PROK2;IL18R1;TLR2;RASGRP1;IL15RA;BEST1;EBI3;ITGA5;PDE4B;PTAFR;HAS2;SERPINE1;TACR1;GPR183;ADRM1;CD82;GP1BA;SGMS2;IL15;TAPBP;ACVR2A;AHR
ERICH1,MSigDB_Hallmark_2020,prerank,Epithelial Mesenchymal Transition,0.26973649248281334,0.819775064586659,0.9887892376681614,1.0,1.0,54/200,19.74%,GREM1;TNFAIP3;RGS4;IL6;GLIPR1;BGN;ELN;EFEMP2;RHOB;COL5A3;COLGALT1;NOTCH2;COL12A1;FSTL3;OXTR;MMP3;PCOLCE;SLC6A8;SAT1;PLOD2;TNC;FAS;VEGFC;ITGA5;JUN;SERPINE1;PTX3;FBN1;PPIB;SFRP4;CDH2;IL15;TGFBI;IGFBP4;COL16A1;PMEPA1;EDIL3;DPYSL3;BDNF;ITGB1;LAMA2;LGALS1;TGFB1;SPOCK1;ITGB5;CADM1;MMP2;CALU;TAGLN;THBS1;MEST;DST;BASP1;COL6A2
ERICH1,MSigDB_Hallmark_2020,prerank,Allograft Rejection,0.2712827260327559,0.8184336415108847,0.9755011135857461,1.0,1.0,32/200,14.12%,CD3E;INHBB;ITK;PF4;IRF7;CD8B;IL6;CCND3;IKBKB;CCL5;IL12A;IL16;NCR1;CSF1;IL27RA;TLR2;IFNGR1;FAS;TAP1;LY75;HLA-DMB;ELF4;APBB1;MMP9;HLA-E;BCL3;GALNT1;EIF3J;IL15;TAPBP;HDAC9;ACVR2A
ERICH1,MSigDB_Hallmark_2020,prerank,Xenobiotic Metabolism,0.2686593499592943,0.8119382073527024,0.9884526558891455,1.0,1.0,61/199,20.49%,AKR1C2;FBP1;TYR;LCAT;ACSM1;IGF1;ARG1;MAOA;TMEM97;ACP2;EPHA2;BCAR1;FMO1;CYP26A1;ITIH4;FMO3;FAS;NDRG2;SERTAD1;HPRT1;HES6;ACOX2;TMBIM6;SERPINE1;PAPSS2;F11;DDAH2;ENTPD5;ACOX1;CA2;CYB5A;SPINT2;SLC22A1;IGFBP4;CD36;LEAP2;BCAT1;GSR;SLC12A4;GSTO1;ALAS1;HACL1;ACOX3;SSR3;CAT;SLC6A6;GSTM4;PC;MPP2;CASP6;PROS1;TPST1;ADH5;PGD;SLC35B1;ASL;PPARD;GSS;UPP1;PYCR1;CYP2S1
ERICH1,MSigDB_Hallmark_2020,prerank,Apical Junction,-0.2717442903429238,-0.8106993021267522,0.9646840148698885,1.0,1.0,63/198,23.34%,NECTIN4;WNK4;ITGB4;NRTN;CD274;AMIGO1;ACTG2;ACTA1;ITGA9;MADCAM1;CERCAM;CLDN15;CD276;PTK2;CLDN5;TIAL1;COL17A1;PTEN;GNAI1;NF2;RRAS;VWF;ADAMTS5;MPZL2;SRC;PBX2;JAM3;MYL12B;RASA1;NECTIN3;SIRPA;CDH15;CDH6;SGCE;NEGR1;FSCN1;ACTN3;ADAM15;NEXN;ADAM23;ACTN2;SYK;CRB3;VCL;PARVA;TSPAN4;CALB2;LAMA3;CD99;STX4;TUBG1;SLIT2;GTF2F1;MAPK14;MYH10;PKD1;PPP2R2C;THY1;EVL;VASP;AKT2;ITGA2;MPZL1
ERICH1,MSigDB_Hallmark_2020,prerank,Bile Acid Metabolism,-0.2825027831738056,-0.7872362239959846,0.9574074074074074,1.0,1.0,22/112,15.39%,SULT1B1;SERPINA6;NR1H4;GC;SLC27A2;AKR1D1;BMP6;CYP46A1;EFHC1;HSD3B7;PEX12;ALDH1A1;ALDH9A1;ABCA2;SLC22A18;ABCD3;SOD1;AMACR;CYP27A1;NPC1;SLCO1A2;BCAR3
ERICH1,MSigDB_Hallmark_2020,prerank,Glycolysis,-0.2622439097120396,-0.7846079410335827,0.9930191972076788,1.0,1.0,70/199,23.28%,AK4;ADORA2B;B3GNT3;NOL3;PFKFB1;PGM2;IER3;ANG;POLR3K;ALG1;ELF3;ARPP19;STC2;KIF2A;B4GALT4;TALDO1;AGRN;NDST3;HSPA5;SPAG4;ALDH9A1;ME1;GALK1;CHST6;DEPDC1;FUT8;CHST4;FAM162A;SOD1;NASP;COL5A1;ALDOA;FKBP4;SLC35A3;GMPPA;ENO1;HMMR;PFKP;GUSB;HAX1;SDHC;G6PD;CD44;CITED2;AURKA;PRPS1;NT5E;GNE;MED24;GOT1;GALE;RBCK1;ABCB6;IRS2;SLC37A4;CTH;MXI1;MET;STMN1;HOMER1;MPI;BPNT1;NDUFV3;GPC1;DSC2;KDELR3;VEGFA;TFF3;MERTK;BIK
ERICH1,MSigDB_Hallmark_2020,prerank,Wnt-beta Catenin Signaling,-0.3230052134785536,-0.7843052756072137,0.8694817658349329,1.0,1.0,18/42,24.57%,NOTCH1;NKD1;GNAI1;FRAT1;LEF1;NOTCH4;JAG1;NUMB;MYC;FZD8;RBPJ;CUL1;HDAC2;DVL2;MAML1;KAT2A;CSNK1E;NCSTN
ERICH1,MSigDB_Hallmark_2020,prerank,IL-2/STAT5 Signaling,0.25853814140164216,0.7775927078549135,1.0,1.0,1.0,41/197,15.31%,BHLHE40;FGL2;GATA1;TNFSF10;CCND3;PTH1R;TLR7;RHOB;PHLDA1;DRC1;PRNP;SHE;SCN9A;CSF1;CAPN3;PTRH2;IL18R1;IFNGR1;EMP1;MUC1;TNFRSF8;SH3BGRL2;MAPKAPK2;ITIH5;TWSG1;MAP3K8;CA2;SPRED2;HIPK2;POU2F1;TTC39B;AHNAK;AHR;PLPP1;MAP6;MAFF;ETFBKMT;BCL2;MXD1;HK2;GSTO1
ERICH1,MSigDB_Hallmark_2020,prerank,Estrogen Response Late,0.2526690837094395,0.7694529594223123,1.0,1.0,1.0,42/197,16.89%,PTGER3;AGR2;CYP26B1;KLK11;DHRS2;CCN5;GJB3;KIF20A;TSPAN13;TNNC1;PDLIM3;LLGL2;PCP4;SULT2B1;CALCR;CXCL14;PRLR;NPY1R;NRIP1;ABCA3;AFF1;HPRT1;DLG5;ACOX2;PAPSS2;IDH2;TOB1;PPIF;CA2;FOS;IGFBP4;GPER1;CD9;BCL2;WFS1;NAB2;SEMA3B;KCNK5;TPBG;ATP2B4;NXT1;TFAP2C
ERICH1,MSigDB_Hallmark_2020,prerank,DNA Repair,0.25799152225367744,0.7626790673933098,1.0,1.0,1.0,48/149,20.72%,CCNO;VPS37D;ADCY6;BRF2;GUK1;ARL6IP1;SDCBP;NT5C3A;CMPK2;NELFE;ZWINT;NELFB;PDE4B;POLH;HPRT1;DDB2;ZNF707;TK2;NELFCD;MPC2;TAF9;ADRM1;USP11;MRPL40;TAF12;NFX1;TMED2;ELOA;RAD52;AK3;GTF2H5;MPG;RBX1;DCTN4;GMPR2;ALYREF;ERCC5;GTF2B;RPA3;SEC61A1;DAD1;LIG1;SNAPC5;TP53;ERCC2;SF3A3;NUDT9;SUPT4H1
ERICH1,MSigDB_Hallmark_2020,prerank,KRAS Signaling Up,-0.25328490216981775,-0.7585080297007447,0.9982394366197183,1.0,1.0,41/200,18.63%,BMP2;LY96;NR1H4;ITGB2;C3AR1;PLEK2;FGF9;FUCA1;IKZF1;LCP1;ITGBL1;ANO1;ALDH1A2;FLT4;IRF8;PCSK1N;USP12;VWA5A;ABCB1;PRDM1;RGS16;MPZL2;TNFRSF1B;CTSS;CPE;CDADC1;ZNF639;G0S2;EPB41L3;RBM4;INHBA;KLF4;GYPC;DUSP6;NAP1L2;DNMBP;MTMR10;PPP1R15A;ETV4;ETV5;USH1C
ERICH1,MSigDB_Hallmark_2020,prerank,heme Metabolism,-0.2519603709849035,-0.7468659002596667,1.0,1.0,1.0,59/199,21.23%,XK;CLIC2;HBQ1;AQP3;GYPB;PSMD9;SLC6A9;BTRC;TNRC6B;IGSF3;CPOX;KAT2B;ADD1;ALAS2;SLC22A4;DAAM1;GLRX5;GAPVD1;ALAD;SLC10A3;MKRN1;UROD;RHCE;BCAM;HTATIP2;SLC7A11;NNT;RBM5;SNCA;EIF2AK1;HDGF;XPO7;CROCCP2;ALDH1L1;SLC66A2;KLF3;CTSB;RHD;UBAC1;E2F2;PPOX;GYPC;SIDT2;CA1;CTNS;FN3K;SPTB;KEL;VEZF1;MARCHF8;MPP1;OPTN;ELL2;BLVRB;ABCB6;SLC2A1;MXI1;CAST;EZH1
ERICH1,MSigDB_Hallmark_2020,prerank,UV Response Dn,0.2555158750704942,0.738799409155044,1.0,0.9857716480446927,1.0,55/144,22.27%,BHLHE40;RGS4;TFPI;PIAS3;NOTCH2;NFKB1;CDK13;IGFBP5;FZD2;TENT4A;ATXN1;IRS1;HAS2;FYN;SERPINE1;SMAD3;EFEMP1;ACVR2A;MRPS31;PIK3R3;TJP1;PIK3CD;ABCC1;BDNF;PRKCE;VLDLR;CDON;ATP2B4;MIOS;SMAD7;PPARG;PEX14;DYRK1A;INSIG1;ATP2C1;DLG1;MMP16;APBB2;MAGI2;RASA2;VAV2;ICA1;TOGARAM1;ID1;ERBB2;CAV1;AKT3;MAP2K5;NFIB;SCAF8;KALRN;PDGFRB;PLPP3;ATRN;GRK5
ERICH1,MSigDB_Hallmark_2020,prerank,G2-M Checkpoint,-0.2371241414295741,-0.7111767173350984,1.0,1.0,1.0,62/199,22.61%,G3BP1;CCND1;HUS1;TRA2B;CDKN3;CHEK1;PBK;CDC45;KPNB1;LIG3;STIL;SMC1A;WRN;SLC12A2;TRAIP;ILF3;PRPF4B;EWSR1;EGF;BUB1;NASP;EFNA5;BARD1;MYC;NCL;SRSF10;MCM6;MAD2L1;MCM5;TLE3;HMMR;HSPA8;RPA2;CDK4;E2F2;HMGA1;ATRX;RAD23B;XPO1;PRMT5;MTF2;AURKA;DBF4;HMGN2;DDX39A;CHMP1A;AMD1;NSD2;E2F1;DKC1;SLC7A1;CUL1;SLC38A1;MAPK14;STMN1;H2AZ1;CASP8AP2;PML;DTYMK;TOP1;HIRA;RASAL2
ERICH1,MSigDB_Hallmark_2020,prerank,Apical Surface,-0.2916139851255692,-0.7043964150060842,0.9611829944547134,1.0,1.0,13/44,20.86%,SLC2A4;GATA3;MDGA1;APP;SRPX;ADIPOR2;EFNA5;ATP6V0A4;FLOT2;ATP8B1;SULF2;ADAM10;NCOA6
ERICH1,MSigDB_Hallmark_2020,prerank,TGF-beta Signaling,-0.27863959671644306,-0.7003599698700718,0.9760589318600368,1.0,1.0,21/54,23.73%,BMP2;CDK9;RHOA;BMPR2;RAB31;PPM1A;SPTBN1;BCAR3;JUNB;SMAD6;SMAD1;WWTR1;TRIM33;PPP1R15A;BMPR1A;APC;SMURF2;CDKN1C;MAP3K7;SLC20A1;XIAP
ERICH1,MSigDB_Hallmark_2020,prerank,Protein Secretion,-0.2409047338692879,-0.6774573474537462,1.0,1.0,1.0,36/96,26.08%,KIF1B;NAPA;TMX1;SCAMP1;IGF2R;ARFGEF2;TSPAN8;ANP32E;SOD1;RPS6KA3;BNIP3;SCRN1;RAB22A;LMAN1;SGMS1;GALC;YKT6;RER1;ARFIP1;MON2;ADAM10;ATP1A1;STX7;AP2B1;ABCA1;BET1;CLTA;COPE;USO1;GOLGA4;RAB5A;COG2;CLN5;LAMP2;CLTC;TMED10
ERICH1,MSigDB_Hallmark_2020,prerank,Androgen Response,-0.24439047760975913,-0.6773101884639166,1.0,1.0,1.0,19/100,16.07%,INPP4B;STEAP4;VAPA;PA2G4;XRCC5;CCND1;PIAS1;HERC3;XRCC6;UBE2J1;SRF;ELOVL5;ITGAV;ABCC4;CENPN;RPS6KA3;ABHD2;PTK2B;LMAN1
ERICH1,MSigDB_Hallmark_2020,prerank,Hedgehog Signaling,-0.2798224095691345,-0.6637626796220274,0.9812734082397003,0.9979326639102185,1.0,14/36,23.31%,CNTFR;ADGRG1;SLIT1;RASA1;TLE3;CELSR1;ACHE;L1CAM;CDK5R1;ETS2;PML;THY1;VEGFA;OPHN1
ERICH1,GO_Biological_Process_2023,prerank,Cellular Glucuronidation (GO:0052695),0.9868954307543181,1.927483194383231,0.0,0.09007973576319742,0.124,2/15,0.15%,UGT1A10;UGT2B7
ERICH1,GO_Biological_Process_2023,prerank,Glucuronate Metabolic Process (GO:0019585),0.9868954307543181,1.927483194383231,0.0,0.09007973576319742,0.124,2/15,0.15%,UGT1A10;UGT2B7
ERICH1,GO_Biological_Process_2023,prerank,Negative Regulation Of Interleukin-10 Production (GO:0032693),-0.8615107087339134,-1.7491302615966713,0.0,1.0,0.59,6/16,5.11%,LILRB4;IL23R;IL23A;CD274;VSIR;FOXP3
ERICH1,GO_Biological_Process_2023,prerank,Peptide Cross-Linking (GO:0018149),-0.7653284825769825,-1.6988125124623712,0.003875968992248062,1.0,0.857,1/27,0.01%,IVL
ERICH1,GO_Biological_Process_2023,prerank,Keratinocyte Differentiation (GO:0030216),-0.6792292521661147,-1.653128007525345,0.0037313432835820895,1.0,0.973,1/42,0.01%,IVL
ERICH1,GO_Biological_Process_2023,prerank,Response To UV-B (GO:0010224),-0.805596787884399,-1.6027285017819508,0.011650485436893204,1.0,0.997,1/16,0.01%,IVL
ERICH1,GO_Biological_Process_2023,prerank,Negative Regulation Of Extrinsic Apoptotic Signaling Pathway Via Death Domain Receptors (GO:1902042),0.7135407084829406,1.5869048655694158,0.02074688796680498,1.0,1.0,10/23,12.60%,TNFAIP3;PARK7;TMBIM1;NOS3;SCRT2;RFFL;FAIM;GSK3B;SERPINE1;DDX3X
ERICH1,GO_Biological_Process_2023,prerank,Fluid Transport (GO:0042044),-0.7798283104177384,-1.5865320040220494,0.02040816326530612,1.0,0.999,6/17,18.29%,AQP5;AQP3;AVP;AQP4;AQP11;SLC26A6
ERICH1,GO_Biological_Process_2023,prerank,Sensory Perception Of Taste (GO:0050909),-0.7888835977764422,-1.5856921217756303,0.011583011583011582,1.0,0.999,7/17,11.35%,PKD2L1;ASIC3;TAS1R1;SCNN1B;SCNN1G;PKD1L3;SCNN1A
ERICH1,GO_Biological_Process_2023,prerank,Water Transport (GO:0006833),-0.7829676586442662,-1.5842712377122312,0.02443609022556391,1.0,0.999,6/17,18.12%,AQP5;AQP3;AVP;AQP4;CFTR;AQP11
ERICH1,GO_Biological_Process_2023,prerank,Negative Regulation Of Leukocyte Activation (GO:0002695),-0.7839251745268777,-1.583587528635917,0.0149812734082397,1.0,0.999,3/17,1.45%,LILRB4;CD33;HAVCR2
ERICH1,GO_Biological_Process_2023,prerank,Response To Ethanol (GO:0045471),-0.7648592913928793,-1.5495863981692461,0.007736943907156673,1.0,1.0,9/18,15.69%,CHRNB2;OPRM1;DRD4;GRIN1;DRD3;ADH6;GRIN2B;SOD1;GLRA1
ERICH1,GO_Biological_Process_2023,prerank,Antifungal Innate Immune Response (GO:0061760),-0.7807828348766603,-1.5484267110645364,0.021568627450980392,1.0,1.0,5/16,8.33%,DEFB119;DEFB135;CLEC6A;RARRES2;CLEC4C
ERICH1,GO_Biological_Process_2023,prerank,Positive Regulation Of Cation Channel Activity (GO:2001259),-0.6447104742307591,-1.544060116246004,0.006109979633401222,1.0,1.0,12/38,12.63%,LRRC55;LRRC38;LRRC26;P2RY6;HTT;AKAP5;CALM3;EDNRA;STAC3;TRDN;CALM1;CTSS
ERICH1,GO_Biological_Process_2023,prerank,Cardiac Muscle Contraction (GO:0060048),0.6565870809988719,1.5346407288216521,0.021231422505307854,1.0,1.0,14/33,22.19%,TNNC1;TAFAZZIN;GRK2;MYL3;KCNH2;GSN;KCNE5;SCN4B;SCN3B;GAA;TTN;PIK3CA;TNNI3;KCNQ1
ERICH1,GO_Biological_Process_2023,prerank,Positive Regulation Of Interferon-Alpha Production (GO:0032727),0.732828198924354,1.5337051067529743,0.021367521367521368,1.0,1.0,8/21,15.17%,IRF7;NMBR;IRF5;TLR7;SETD2;DDX3X;TBK1;NMB
ERICH1,GO_Biological_Process_2023,prerank,Epidermal Cell Differentiation (GO:0009913),-0.6083638988084037,-1.5301675028117174,0.007407407407407408,1.0,1.0,2/54,1.94%,IVL;USH2A
ERICH1,GO_Biological_Process_2023,prerank,Negative Regulation Of Type II Interferon Production (GO:0032689),-0.677146685024304,-1.5280679543639761,0.02584493041749503,1.0,1.0,14/28,17.59%,LILRB4;HAVCR2;NR1H4;CD274;VSIR;XCL1;FOXP3;TNFSF4;CR1;DDIT3;ZC3H12A;INHBA;RARA;INHA
ERICH1,GO_Biological_Process_2023,prerank,Regulation Of Steroid Biosynthetic Process (GO:0050810),-0.7668794106277486,-1.5137770907172357,0.024163568773234202,1.0,1.0,3/16,2.18%,BMP2;NR1H4;WNT4
ERICH1,GO_Biological_Process_2023,prerank,Negative Regulation Of T Cell Activation (GO:0050868),-0.6048922641191311,-1.5126756575722886,0.019305019305019305,1.0,1.0,13/49,13.65%,LILRB4;HAVCR2;TIGIT;CD274;VSIR;PAG1;PLA2G2A;FOXP3;HLA-G;SFTPD;CR1;CEBPB;JAK3
ERICH1,GO_Biological_Process_2023,prerank,Negative Regulation Of Lymphocyte Proliferation (GO:0050672),-0.61946019162959,-1.5027439360337993,0.013257575757575758,1.0,1.0,10/39,12.41%,LILRB4;LST1;CD274;PLA2G2A;FOXP3;HLA-G;SFTPD;CR1;CEBPB;ATM
ERICH1,GO_Biological_Process_2023,prerank,Regulation Of Interleukin-10 Production (GO:0032653),-0.6144896315358743,-1.4940574568740546,0.013539651837524178,1.0,1.0,14/45,17.19%,LILRB4;IL23R;TIGIT;IL23A;CD274;VSIR;XCL1;FOXP3;TNFSF4;IRF4;CD46;JAK3;TNFRSF21;SYK
ERICH1,GO_Biological_Process_2023,prerank,Dendritic Cell Chemotaxis (GO:0002407),0.737929307557969,1.464768809379583,0.0511727078891258,1.0,1.0,4/15,12.53%,CXCR4;CCL5;CCR6;GPR183
ERICH1,GO_Biological_Process_2023,prerank,Nucleic Acid Phosphodiester Bond Hydrolysis (GO:0090305),-0.6703607273534811,-1.463034885906953,0.03795066413662239,1.0,1.0,16/25,21.54%,EXD2;RAD50;SETMAR;DDX1;DXO;RNASE1;ZC3H12A;IHO1;DCP1B;DCP1A;MEI4;ENPP1;EDC4;PDE12;ANKLE1;FEN1
ERICH1,GO_Biological_Process_2023,prerank,Skin Development (GO:0043588),-0.5622170295755042,-1.4542869643290062,0.022304832713754646,1.0,1.0,2/68,2.68%,IVL;ITGB4
ERICH1,GO_Biological_Process_2023,prerank,Response To Alcohol (GO:0097305),-0.6408947847523284,-1.4522379547798012,0.03551401869158879,1.0,1.0,10/29,15.69%,CHRNB2;GRIN1;DRD3;ADH6;SLIT1;TGFBR2;GRIN2B;SOD1;TGFBR3;GLRA1
ERICH1,GO_Biological_Process_2023,prerank,Multicellular Organismal-Level Water Homeostasis (GO:0050891),-0.704032264997928,-1.4491239174594859,0.04892367906066536,1.0,1.0,8/19,13.08%,AQP3;SCNN1B;SCNN1G;AQP4;TRPV4;SCNN1A;MYO5B;CFTR
ERICH1,GO_Biological_Process_2023,prerank,Negative Regulation Of Lipid Metabolic Process (GO:0045833),0.6385542958937992,1.4431582577685658,0.050314465408805034,1.0,1.0,6/26,17.07%,UGT1A10;PPP2R5A;SLC22A13;BSCL2;GPER1;ALK
ERICH1,GO_Biological_Process_2023,prerank,Regulation Of Transcription Regulatory Region DNA Binding (GO:2000677),0.6346975035136442,1.4391435516714477,0.05543237250554324,1.0,1.0,8/27,8.26%,GATA1;PARK7;HEY1;TWIST1;IGF1;H1-0;TRIM6;MAD2L2
ERICH1,GO_Biological_Process_2023,prerank,Cellular Response To Glucocorticoid Stimulus (GO:0071385),0.6972713196267789,1.4366015647552433,0.06881720430107527,1.0,1.0,5/17,10.91%,PCK1;SSTR5;REST;PCK2;FAM107A
ERICH1,GO_Biological_Process_2023,prerank,Integrin-Mediated Signaling Pathway (GO:0007229),-0.5286535996487692,-1.4281598235620836,0.014519056261343012,1.0,1.0,32/85,18.47%,ITGAL;ITGB2;FERMT3;ITGA8;ITGB4;TXK;SEMA7A;ITGBL1;ITGA9;MADCAM1;PRAM1;PTK2;FBLN1;ZNF304;DAB2;ADAM11;ITGAE;CDC42;ITGA1;SRC;ITGAV;HCK;RCC2;PTK2B;PTN;FERMT2;ADAM15;PTPRA;SYK;ITGB8;ORC3;FYB2
ERICH1,GO_Biological_Process_2023,prerank,Sodium Ion Homeostasis (GO:0055078),-0.6434915785482943,-1.4274721381216324,0.03551401869158879,1.0,1.0,9/25,15.72%,SLC12A3;SCNN1B;SCNN1G;ATP1B3;TMPRSS4;ATP1A4;SLC12A2;SCNN1A;ATP1A2
ERICH1,GO_Biological_Process_2023,prerank,Regulation Of Oligodendrocyte Differentiation (GO:0048713),-0.69188644871863,-1.4221635493041607,0.05458089668615984,1.0,1.0,8/18,16.18%,DAAM2;HES1;NOTCH1;SLC45A3;DRD3;TNFRSF1B;TNFRSF21;PTN
ERICH1,GO_Biological_Process_2023,prerank,Response To Peptide (GO:1901652),0.602754122566979,1.4219002430624488,0.034934497816593885,1.0,1.0,14/37,13.43%,IRF5;MMP12;PRNP;ANXA1;MMP3;CALCR;CHRNA7;ERBIN;EIF2B4;IRS1;FYN;MMP9;STAT5B;NLRP1
ERICH1,GO_Biological_Process_2023,prerank,Sulfur Compound Catabolic Process (GO:0044273),0.6731141232426603,1.4173454082174548,0.06437768240343347,1.0,1.0,10/20,19.69%,DPEP1;NUDT19;MPST;FMO1;FITM2;IDUA;SGSH;HPSE;SUCLG2;SUCLG1
ERICH1,GO_Biological_Process_2023,prerank,Regulation Of Intracellular Estrogen Receptor Signaling Pathway (GO:0033146),0.6405426822896509,1.4110734344813958,0.0673469387755102,1.0,1.0,7/25,14.17%,SRARP;UBA5;VPS11;PAGR1;CARM1;LATS1;YAP1
ERICH1,GO_Biological_Process_2023,prerank,Regulation Of Protein-Containing Complex Disassembly (GO:0043244),-0.6712013790137611,-1.4092817128677988,0.08143939393939394,1.0,1.0,10/19,19.89%,GBA1;TBC1D25;SHFL;ATG5;IGF1R;BNIP3;INSR;ETF1;CLEC16A;IRAK3
ERICH1,GO_Biological_Process_2023,prerank,Mesoderm Development (GO:0007498),-0.6902999747551086,-1.4058872656439914,0.05642023346303502,1.0,1.0,7/18,14.84%,TIE1;JAK2;TBX3;IKZF1;BTK;GDF11;HCK
ERICH1,GO_Biological_Process_2023,prerank,Regulation Of Viral Life Cycle (GO:1903900),0.6467367112971883,1.4030786123217647,0.06477732793522267,1.0,1.0,12/23,20.16%,HS3ST6;TRIM68;TRIM6;CLEC4G;KPNA2;TRIM58;TRIM62;KPNA6;TRIM34;TRIM38;TRIM25;TRIM5
ERICH1,GO_Biological_Process_2023,prerank,Neuromuscular Process (GO:0050905),0.6869281816479613,1.401188520631112,0.06540084388185655,1.0,1.0,9/17,24.86%,KCNA1;PAFAH1B1;UBA5;TPP1;NRXN1;STRA6;DCTN1;SHANK1;MYCBP2
ERICH1,GO_Biological_Process_2023,prerank,Extracellular Matrix Assembly (GO:0085029),0.6762753243396287,1.3915213976808398,0.1,1.0,1.0,10/17,16.92%,ELN;MYH11;EFEMP2;EMILIN1;GPM6B;HAS2;RAMP2;GAS6;MLF2;TGFB1
ERICH1,GO_Biological_Process_2023,prerank,Positive Regulation Of Synapse Assembly (GO:0051965),0.6032211805804238,1.385981971394538,0.06431535269709543,1.0,1.0,17/32,21.37%,SRPX2;SLITRK6;CLSTN3;SLITRK4;NLGN1;SEMA4D;GPRASP3;SLITRK3;IL1RAPL1;DLG5;BDNF;NRXN1;GRID2;SLITRK5;SYNDIG1;LRRC4B;NLGN3
ERICH1,GO_Biological_Process_2023,prerank,Astrocyte Development (GO:0014002),0.70528418499128,1.375088717665356,0.1014799154334038,1.0,1.0,1/15,0.02%,C1QA
ERICH1,GO_Biological_Process_2023,prerank,Regulation Of Neuroinflammatory Response (GO:0150077),0.6555644068377487,1.3718640317543556,0.07692307692307693,1.0,1.0,7/19,11.73%,IL6;NR1D1;IGF1;MMP3;PLCG2;MMP9;CD200R1
ERICH1,GO_Biological_Process_2023,prerank,Platelet-Derived Growth Factor Receptor Signaling Pathway (GO:0048008),0.7044863381637037,1.369277239766107,0.09437751004016064,1.0,1.0,9/15,21.91%,PDGFB;NELL1;BCAR1;PTPN1;PIK3C2A;PDGFRA;PLAT;PDGFA;PDGFRB
ERICH1,GO_Biological_Process_2023,prerank,Visual System Development (GO:0150063),0.5670299063595763,1.3661472556963787,0.06423982869379015,1.0,1.0,13/38,16.23%,C1QA;MAB21L2;MAB21L1;SLC39A5;RAB18;MEIS1;C3;ADAMTS18;ATF6;HIPK2;FREM2;SCO2;GDF3
ERICH1,GO_Biological_Process_2023,prerank,Sodium Ion Import Across Plasma Membrane (GO:0098719),-0.6372588360866793,-1.3640293191934925,0.11233885819521179,1.0,1.0,7/21,11.35%,SLC9C2;SCNN1B;SCNN1G;SLC9A9;SLC12A2;SLC9A5;SCNN1A
ERICH1,GO_Biological_Process_2023,prerank,Regulation Of Systemic Arterial Blood Pressure By Hormone (GO:0001990),0.6878635879536159,1.3607284712680652,0.08971553610503283,1.0,1.0,4/15,12.76%,NOS3;AGTR1;OXTR;RASL10B
ERICH1,GO_Biological_Process_2023,prerank,Detection Of Chemical Stimulus Involved In Sensory Perception Of Smell (GO:0050911),0.4772276932999466,1.3568427211500331,0.038288288288288286,1.0,1.0,7/112,3.91%,OR10A2;OR10A4;OR2J3;OR2T8;OR6A2;OR2A1;OR10AG1
ERICH1,GO_Biological_Process_2023,prerank,Carboxylic Acid Catabolic Process (GO:0046395),0.6628157033093494,1.355636122041507,0.10294117647058823,1.0,1.0,8/17,15.70%,IL4I1;ETFA;RENBP;MPST;FMO1;PON3;HOGA1;NPL
ERICH1,GO_Biological_Process_2023,prerank,Regulation Of Extrinsic Apoptotic Signaling Pathway Via Death Domain Receptors (GO:1902041),0.5804496577476683,1.351360096086855,0.07805907172995781,1.0,1.0,10/31,12.60%,ETFA;TNFAIP3;TMBIM1;NOS3;SCRT2;RFFL;FAIM;GSK3B;SERPINE1;DDX3X
ERICH1,GO_Biological_Process_2023,prerank,Alpha-Beta T Cell Activation (GO:0046631),0.680655999217921,1.34954249311675,0.09071729957805907,1.0,1.0,3/15,4.54%,CD3E;CDH26;RSAD2
ERICH1,GO_Biological_Process_2023,prerank,Associative Learning (GO:0008306),-0.6680801723981795,-1.3490654818742187,0.10231660231660232,1.0,1.0,8/18,15.91%,CHRNB2;NETO1;GRIN1;APP;DRD3;BRSK1;TAFA2;MAP1A
ERICH1,GO_Biological_Process_2023,prerank,Negative Regulation Of Immune Effector Process (GO:0002698),-0.6893214318576175,-1.348332051498114,0.10982658959537572,1.0,1.0,4/15,18.86%,HAVCR2;ENPP3;CR1;CD55
ERICH1,GO_Biological_Process_2023,prerank,Calcium-Mediated Signaling Using Intracellular Calcium Source (GO:0035584),0.6353709520377394,1.3429812557047713,0.0997920997920998,1.0,1.0,6/20,18.80%,AZU1;PRNP;GPR143;PRKACA;KDR;GRM5
ERICH1,GO_Biological_Process_2023,prerank,Positive Regulation Of Macrophage Derived Foam Cell Differentiation (GO:0010744),0.6601667654010657,1.3425030534000655,0.09670781893004116,1.0,1.0,7/17,6.70%,PF4;PLA2G3;PLA2G10;AGTR1;ALOX15B;NFKB1;CSF1
ERICH1,GO_Biological_Process_2023,prerank,Steroid Metabolic Process (GO:0008202),0.4844466302876332,1.3395845491704477,0.048034934497816595,1.0,1.0,26/92,16.35%,UGT1A10;SRD5A2;AKR1C2;CYP2C19;CYP26B1;SULT2A1;CYP27B1;SLC22A24;CYP3A4;CYP3A5;CYP3A43;SULT2B1;CYP26A1;STS;PRLR;DHRS11;RDH16;DHCR24;CYP2R1;SCP2;GBA2;RDH5;HSD11B2;HSD17B6;CYP19A1;HSD17B14
ERICH1,GO_Biological_Process_2023,prerank,Regulation Of B Cell Activation (GO:0050864),0.6050284489051304,1.3365866210464483,0.08496732026143791,1.0,1.0,8/25,14.99%,IL4I1;TNFAIP3;IL6;CD22;CD19;SH3KBP1;IKZF3;BANK1
ERICH1,GO_Biological_Process_2023,prerank,Postsynaptic Membrane Organization (GO:0001941),0.6544883842899274,1.3357913471578273,0.09957627118644068,1.0,1.0,13/17,22.45%,NLGN1;MUSK;NLGN4X;SHANK3;NLGN4Y;CHRNB1;NRXN2;NRXN1;DLG4;LHFPL4;DNAJA3;NLGN3;LRRC4
ERICH1,GO_Biological_Process_2023,prerank,Peptidyl-Lysine Modification (GO:0018205),-0.48364299713444286,-1.3320832748289988,0.03985507246376811,1.0,1.0,25/93,17.11%,IVL;METTL21EP;LIPT2;KIAA1586;TRIM27;PIAS1;P3H3;HDAC10;SMC5;EGR2;KAT2B;NSMCE1;ZMIZ2;ZNF451;VIPAS39;METTL21A;SIRT1;LIPT1;LOXL1;GCSH;RNF212;NSMCE4A;BLOC1S1;HINT1;EEF1AKMT2
ERICH1,GO_Biological_Process_2023,prerank,DNA Duplex Unwinding (GO:0032508),-0.5521856778376004,-1.3307773589900223,0.0782122905027933,1.0,1.0,25/39,28.21%,RAD50;CDC45;WRN;DDX1;MCM6;MCM5;SSBP1;RAD51;POT1;HMGA1;GINS1;RECQL;GINS3;MCM7;DTD1;GINS4;IGHMBP2;MCM4;MCM8;ASCC3;RTEL1;MCM3;MCM2;ASCC1;GINS2
ERICH1,GO_Biological_Process_2023,prerank,Cell-Cell Adhesion Mediated By Cadherin (GO:0044331),0.5907760134433115,1.3296539036801882,0.10822510822510822,1.0,1.0,8/26,14.75%,CDH26;CDH10;CTNND1;CDH3;CDH18;CDH2;CDH8;DCHS1
ERICH1,GO_Biological_Process_2023,prerank,Regulation Of Type II Interferon Production (GO:0032649),-0.48656626591436336,-1.32802577228516,0.047151277013752456,1.0,1.0,19/87,12.19%,LILRB4;HAVCR2;IL23R;NR1H4;BTN3A1;JAK2;IL23A;CD274;VSIR;TXK;XCL1;FOXP3;TRIM27;CD276;ZP3;TNFSF4;MYDGF;CR1;DDIT3
ERICH1,GO_Biological_Process_2023,prerank,Defense Response To Fungus (GO:0050832),-0.5821705477812986,-1.3270980885164223,0.10116731517509728,1.0,1.0,7/29,10.08%,DEFB119;DEFB135;CLEC6A;RARRES2;CLEC4C;NLRP10;FAM3A
ERICH1,GO_Biological_Process_2023,prerank,Regulation Of DNA Methylation-Dependent Heterochromatin Formation (GO:0090308),-0.6505401454967159,-1.3206637857901617,0.11960784313725491,1.0,1.0,11/17,24.70%,ZNF304;KDM1A;MORC2;SAMD1;TASOR;TET1;RESF1;SETDB2;ATF7IP;TRIM28;SETDB1
ERICH1,GO_Biological_Process_2023,prerank,Pyruvate Metabolic Process (GO:0006090),0.5233437758189359,1.3196425533754272,0.07939914163090128,1.0,1.0,23/50,20.13%,PCK1;LDHAL6B;PDHA1;ENO4;HKDC1;ALDOC;DLD;LDHC;PGAM2;PFKM;TPI1;PCK2;PDHX;GAPDHS;HOGA1;HK2;PDHB;PGK1;LDHA;GPI;ME2;PGM1;PGAM1
ERICH1,GO_Biological_Process_2023,prerank,Regulation Of Cardiac Muscle Cell Membrane Repolarization (GO:0099623),0.6159002833029741,1.3195994679121616,0.11372549019607843,1.0,1.0,15/21,26.84%,KCNA5;NPPA;KCNE2;KCNH2;KCNE5;SCN4B;FLNA;CAV3;KCNQ1;ANK2;KCNE3;KCNH6;GJA5;KCNE4;SCN1B
ERICH1,GO_Biological_Process_2023,prerank,DNA Unwinding Involved In DNA Replication (GO:0006268),-0.6276888203475791,-1.316859770822606,0.11238095238095239,1.0,1.0,13/20,23.07%,CDC45;WRN;MCM6;MCM5;SSBP1;RAD51;HMGA1;GINS1;RECQL;GINS3;MCM7;GINS4;MCM4
ERICH1,GO_Biological_Process_2023,prerank,Organic Cation Transport (GO:0015695),-0.576008754292452,-1.316803950088307,0.08468468468468468,1.0,1.0,11/31,15.56%,SLC22A16;SLC6A12;SLC22A4;SLC47A1;SLC7A6;SLC25A26;SLC19A3;SLC22A18;SLC22A5;SLC6A3;PDZK1
ERICH1,GO_Biological_Process_2023,prerank,Regulation Of Activated T Cell Proliferation (GO:0046006),-0.571212817348488,-1.3160884297598643,0.09487666034155598,1.0,1.0,6/33,6.84%,LILRB4;IL23R;IL23A;CD274;FOXP3;ICOSLG
ERICH1,GO_Biological_Process_2023,prerank,Negative Regulation Of T Cell Receptor Signaling Pathway (GO:0050860),-0.6361860300377853,-1.3155449427835382,0.13137254901960785,1.0,1.0,3/18,0.94%,LILRB4;PVRIG;SLA2
ERICH1,GO_Biological_Process_2023,prerank,Response To Glucocorticoid (GO:0051384),0.5761093445609043,1.3140655977756766,0.1085972850678733,1.0,1.0,8/26,13.40%,IL1RN;IL6;SSTR5;REST;ANXA1;CALCR;FAM107A;PDCD7
ERICH1,GO_Biological_Process_2023,prerank,Response To UV (GO:0009411),-0.47149217605377275,-1.3107645697915935,0.04570383912248629,1.0,1.0,33/100,21.61%,IVL;CCND1;SMPD1;KDM1A;WRN;CCAR2;BAK1;BRSK1;PRKCD;PRIMPOL;EIF2S1;SIRT6;GPX1;CIRBP;MAPK8;MYC;N4BP1;NPM1;USP28;MSH2;ZRANB3;CASP9;POLD1;DDB1;MAP2K7;ERCC4;MAP4K3;COPS9;EP300;YY1;UBE2B;FEN1;DHX36
ERICH1,GO_Biological_Process_2023,prerank,Sensory Perception Of Chemical Stimulus (GO:0007606),-0.4889147713417933,-1.3093731074898431,0.04980842911877394,1.0,1.0,7/82,11.32%,OR52A1;NXNL2;OR52A5;OR3A2;MKKS;BEST2;SLC24A4
ERICH1,GO_Biological_Process_2023,prerank,Neuron Maturation (GO:0042551),0.6458125650056576,1.3072561345999414,0.12419700214132762,1.0,1.0,8/17,17.17%,C1QA;EPHA8;C3;B4GALT6;LGI4;FARP2;SCARF1;ADGRB3
ERICH1,GO_Biological_Process_2023,prerank,Positive Regulation Of Phosphatase Activity (GO:0010922),-0.6156676754310649,-1.3065197800764903,0.1297709923664122,1.0,1.0,11/22,24.47%,BMP2;MEF2C;CALM3;ITGA1;CALM1;MTOR;PPP1R15A;ROCK1;MTMR9;CHP2;PPP1R15B
ERICH1,GO_Biological_Process_2023,prerank,Negative Regulation Of Epithelial Cell Apoptotic Process (GO:1904036),0.5351580127317705,1.299489837081287,0.08786610878661087,1.0,1.0,12/38,18.46%,TNFAIP3;PKHD1;SERPINE1;RAMP2;PRKAA2;YAP1;WFS1;NDNF;KDR;GAS6;TCF7L2;PDPK1
ERICH1,GO_Biological_Process_2023,prerank,Liver Development (GO:0001889),0.5459132031913954,1.2946631172811038,0.09829059829059829,1.0,1.0,7/35,10.51%,UGT1A10;PCK1;IL6;GFER;COBL;PROX1;PCK2
ERICH1,GO_Biological_Process_2023,prerank,Microtubule Depolymerization (GO:0007019),-0.6405691106529159,-1.2940047692063337,0.16952380952380952,1.0,1.0,6/17,15.20%,KIF2B;STMN4;STMND1;KIF2A;KIF18A;NCKAP5
ERICH1,GO_Biological_Process_2023,prerank,Determination Of Heart Left/Right Asymmetry (GO:0061371),-0.5273296966407942,-1.2896083651882002,0.08317214700193423,1.0,1.0,9/41,13.10%,HAND1;CCDC103;CER1;NOTCH1;MEF2C;STIL;MKKS;SRF;TGFBR2
ERICH1,GO_Biological_Process_2023,prerank,Regulation Of Rac Protein Signal Transduction (GO:0035020),0.627778286647928,1.2854249993080906,0.14347826086956522,1.0,1.0,7/15,22.90%,KBTBD6;RASGRF1;ARF6;STMN3;PIK3CB;ARHGAP17;ARHGAP24
ERICH1,GO_Biological_Process_2023,prerank,Positive Regulation Of Phosphoprotein Phosphatase Activity (GO:0032516),-0.6183126708885018,-1.2853940145955813,0.13653846153846153,1.0,1.0,6/18,18.10%,CD33;CALM3;ITGA1;CALM1;MTOR;PPP1R15A
ERICH1,GO_Biological_Process_2023,prerank,Golgi To Plasma Membrane Transport (GO:0006893),-0.5214187663426514,-1.2808811959772797,0.10076045627376426,1.0,1.0,26/47,25.61%,NSF;RAB26;EXOC6B;ARFGEF2;EXOC7;RAB31;EXOC6;ARL3;EXOC8;GOLPH3;SPTBN1;RAB10;COMMD1;MACF1;GCC2;CCDC93;GGA2;OPTN;VAMP2;CCDC22;ANK3;PHAF1;STEAP2;GOLGA4;OSBPL5;BBS2
ERICH1,GO_Biological_Process_2023,prerank,Negative Regulation Of Monoatomic Ion Transport (GO:0043271),-0.6282640490913851,-1.2798636834357584,0.14432989690721648,1.0,1.0,5/18,4.24%,CD33;HTR1B;WNK4;NOS1;PLN
ERICH1,GO_Biological_Process_2023,prerank,Negative Regulation Of Cation Transmembrane Transport (GO:1904063),0.6495968934141048,1.2785797408768245,0.1626984126984127,1.0,1.0,8/15,13.72%,TWIST1;STK39;BIN1;KCNH2;KCNE5;MMP9;PPIF;CAB39
ERICH1,GO_Biological_Process_2023,prerank,Neural Crest Cell Differentiation (GO:0014033),-0.6210588832082544,-1.2772198508818962,0.15324165029469547,1.0,1.0,7/18,21.65%,MEF2C;HTR2B;PDCD6;FBXL17;NRG1;OTUD5;SOX8
ERICH1,GO_Biological_Process_2023,prerank,Peptidyl-Glutamic Acid Modification (GO:0018200),0.6029643028354295,1.2768906395635766,0.13449023861171366,1.0,1.0,8/22,18.34%,TTLL13;CEP41;TTLL6;TTLL10;VKORC1;TTLL9;AGTPBP1;TPGS1
ERICH1,GO_Biological_Process_2023,prerank,Anterior/Posterior Axis Specification (GO:0009948),-0.6147368367514455,-1.2764361498848404,0.1252371916508539,1.0,1.0,8/19,13.63%,SIX2;TBX3;CER1;WLS;LHX1;TDGF1;DDIT3;TASOR
ERICH1,GO_Biological_Process_2023,prerank,Mammary Gland Development (GO:0030879),-0.6021587947278566,-1.274166867136957,0.16129032258064516,1.0,1.0,8/22,18.19%,WNT4;JAK2;TBX3;WNT3;TDGF1;NOTCH4;ZBTB7B;NRG1
ERICH1,GO_Biological_Process_2023,prerank,Intracellular Sodium Ion Homeostasis (GO:0006883),-0.6155203732816175,-1.2733447820686925,0.15187376725838264,1.0,1.0,8/18,15.72%,SCNN1B;SCNN1G;ATP1B3;TMPRSS4;ATP1A4;SLC12A2;SCNN1A;ATP1A2
ERICH1,GO_Biological_Process_2023,prerank,Regulation Of Keratinocyte Proliferation (GO:0010837),0.5759507213431406,1.271803509202036,0.14168377823408623,1.0,1.0,8/24,15.67%,CYP27B1;TGM1;NOTCH2;CDH3;FGFR2;EPB41L4B;PTPRK;STXBP4
ERICH1,GO_Biological_Process_2023,prerank,Protein Heterooligomerization (GO:0051291),-0.613809340344785,-1.2714981158147443,0.15703971119133575,1.0,1.0,10/19,22.89%,KCNC2;CPSF6;GRIN1;GRIN2B;ZNF746;KRT10;NUDT21;ZNF777;PKD1;TMEM120B
ERICH1,GO_Biological_Process_2023,prerank,Regulation Of Autophagosome Maturation (GO:1901096),-0.6361719361576933,-1.2700346406557674,0.1553784860557769,1.0,1.0,8/16,19.02%,TBC1D25;TOM1;RUBCN;PHF23;ATG5;CALCOCO2;UVRAG;CLEC16A
ERICH1,GO_Biological_Process_2023,prerank,Negative Regulation Of Cytokine Production Involved In Immune Response (GO:0002719),-0.6349889850883841,-1.2694163692935252,0.16216216216216217,1.0,1.0,3/16,5.11%,LILRB4;XCL1;FOXP3
ERICH1,GO_Biological_Process_2023,prerank,Detection Of Chemical Stimulus Involved In Sensory Perception (GO:0050907),0.44665754548718967,1.267753702877537,0.057736720554272515,1.0,1.0,7/114,3.91%,OR10A2;OR10A4;OR2J3;OR2T8;OR6A2;OR2A1;OR10AG1
ERICH1,GO_Biological_Process_2023,prerank,Embryonic Heart Tube Morphogenesis (GO:0003143),-0.5184791983192331,-1.2675278348786818,0.11372549019607843,1.0,1.0,9/42,13.10%,HAND1;CCDC103;HES1;NOTCH1;MEF2C;STIL;MKKS;SRF;TGFBR2
ERICH1,GO_Biological_Process_2023,prerank,Intracellular Monoatomic Ion Homeostasis (GO:0006873),0.5924407479261851,1.2633558725546323,0.16835699797160245,1.0,1.0,7/20,24.73%,SLC39A5;RHCG;SLC39A10;CNNM4;SLC39A6;SLC39A14;SLC39A8
ERICH1,GO_Biological_Process_2023,prerank,Adenylate Cyclase-Activating Adrenergic Receptor Signaling Pathway (GO:0071880),-0.6347055316917414,-1.2627652459123095,0.18968692449355432,1.0,1.0,5/15,16.66%,ADRA1D;ADRB2;DRD3;ADRA2B;AKAP13
ERICH1,GO_Biological_Process_2023,prerank,Positive Regulation Of Lipid Storage (GO:0010884),0.5984451129279155,1.2618490545506647,0.1711340206185567,1.0,1.0,7/20,9.30%,VSTM2A;PLIN5;PLA2G10;IKBKE;NFKB1;C3;FITM2
ERICH1,GO_Biological_Process_2023,prerank,Monoatomic Cation Transport (GO:0006812),-0.524894747587929,-1.2580934415029124,0.1213235294117647,1.0,1.0,11/42,13.29%,PANX3;PKD2L1;TRPM6;CNGB1;ANO1;GRIN1;CNGA4;PKD1L3;LRP2;TRPC6;GRIN2B
ERICH1,GO_Biological_Process_2023,prerank,Regulation Of Lipid Storage (GO:0010883),0.5805128405177504,1.2545809273934045,0.15856236786469344,1.0,1.0,7/21,7.27%,IL6;VSTM2A;PLIN5;PLA2G10;IKBKE;NFKB1;C3
ERICH1,GO_Biological_Process_2023,prerank,Maintenance Of Gastrointestinal Epithelium (GO:0030277),0.5986247099833955,1.2541753359193457,0.18383838383838383,1.0,1.0,2/18,1.24%,MUC6;MUC13
ERICH1,GO_Biological_Process_2023,prerank,Positive Regulation Of Cell Junction Assembly (GO:1901890),0.48379293633598597,1.253490320709767,0.0967032967032967,1.0,1.0,25/61,21.48%,SRPX2;SLITRK6;CLSTN3;SLITRK4;NLGN1;GPRASP3;SLITRK3;EPHA2;NELL1;IL1RAPL1;DLG5;TSC1;COL16A1;BDNF;KDR;NRXN1;GRID2;NPHP1;PPM1F;SLITRK5;SYNDIG1;CAV1;LRRC4B;NLGN3;S100A10
ERICH1,GO_Biological_Process_2023,prerank,Regulation Of Lipid Biosynthetic Process (GO:0046890),0.5529039889367153,1.252667020200659,0.1460446247464503,1.0,1.0,10/28,16.54%,PCK1;C3;RPTOR;FITM2;SORBS1;MLST8;CREBL2;GPER1;AVIL;NR1H3
ERICH1,GO_Biological_Process_2023,prerank,NAD Biosynthetic Process (GO:0009435),0.6219983454283382,1.252279094612208,0.18120805369127516,1.0,1.0,6/17,10.37%,SLC5A8;NAPRT;SLC22A13;PARP16;PARP9;NMNAT3
ERICH1,GO_Biological_Process_2023,prerank,Positive Regulation Of Cytosolic Calcium Ion Concentration Involved In Phospholipase C-activating G Protein-Coupled Signaling Pathway (GO:0051482),-0.5589364088843366,-1.2520854390514036,0.15749525616698293,1.0,1.0,8/27,17.68%,C3AR1;CALCA;GPR20;P2RY8;DRD3;LPAR4;F2RL2;LPAR1
ERICH1,GO_Biological_Process_2023,prerank,Regulation Of Calcium Ion Transport (GO:0051924),-0.4918571716172539,-1.251710503231764,0.10894941634241245,1.0,1.0,15/56,13.15%,CD33;PLPP4;NOS1;PLN;GRIN3B;SARAF;CRACR2A;CAMK2A;ATP2B1;PACSIN3;TRPC6;EFHB;EGF;ORAI1;CACNB2
ERICH1,GO_Biological_Process_2023,prerank,Microglial Cell Activation (GO:0001774),0.5938250145142261,1.2511783033844586,0.16812227074235808,1.0,1.0,2/20,3.95%,C1QA;AZU1
ERICH1,GO_Biological_Process_2023,prerank,Transcription Initiation-Coupled Chromatin Remodeling (GO:0045815),0.5328204787932417,1.250127746230933,0.13855421686746988,1.0,1.0,19/34,23.04%,FAM47E;BRD7;USP21;DPY30;SPHK2;SMARCA4;SMARCD1;KMT2A;WDR5;MACROH2A1;SMARCB1;ATF2;NIBAN2;CTCFL;TP53;GLYR1;TRMT112;RBM14;MEN1
ERICH1,GO_Biological_Process_2023,prerank,Positive Regulation Of Protein Targeting To Membrane (GO:0090314),-0.5846829754793654,-1.2500117784057585,0.15145985401459855,1.0,1.0,9/23,10.73%,TCAF2;ITGB2;KCNB1;MYO1C;MIEF1;CIB1;CHP1;TCAF1;MFF
ERICH1,GO_Biological_Process_2023,prerank,Acylglycerol Catabolic Process (GO:0046464),-0.5809132028157938,-1.2490150682273269,0.16135458167330677,1.0,1.0,9/24,19.91%,FAAH;DAGLB;LCP1;MGLL;DAGLA;PNPLA2;ABHD2;ABHD12B;ABHD16A
ERICH1,GO_Biological_Process_2023,prerank,Regulation Of Interferon-Alpha Production (GO:0032647),0.5662893995219307,1.24858084904264,0.16348195329087048,1.0,1.0,9/26,17.36%,IRF7;NMBR;IRF5;TLR7;SETD2;DDX3X;TBK1;NMB;PTPRS
ERICH1,GO_Biological_Process_2023,prerank,Regulation Of Interleukin-4 Production (GO:0032673),-0.5883396004005678,-1.248016734205921,0.14615384615384616,1.0,1.0,12/22,17.23%,HAVCR2;GATA3;FOXP3;ZP3;TNFSF4;IRF4;LEF1;DDIT3;CEBPB;PRKCQ;SYK;RARA
ERICH1,GO_Biological_Process_2023,prerank,Negative Regulation Of Cytokine Production Involved In Inflammatory Response (GO:1900016),-0.6018332509029493,-1.2474103236565093,0.162,1.0,1.0,6/20,15.76%,LILRB4;F2;MACIR;ZC3H12A;SIRPA;ADCY7
ERICH1,GO_Biological_Process_2023,prerank,Negative Regulation Of Cell-Substrate Adhesion (GO:0010812),-0.5188911850779978,-1.2422127139069064,0.138671875,1.0,1.0,16/39,18.34%,CORO2B;MELTF;PLET1;CDKN2A;NOTCH1;MAP4K4;FBLN1;NF2;JAG1;RHOA;EFNA5;AJAP1;RASA1;RCC2;ADAM15;KANK1
ERICH1,GO_Biological_Process_2023,prerank,ATP Metabolic Process (GO:0046034),-0.535070512314537,-1.2414775313148583,0.15500945179584122,1.0,1.0,14/34,18.64%,AK4;ENPP3;OLA1;HSPA1B;PARG;ALDOA;ATP5F1A;ATP1A2;HSPA8;NUDT2;ENPP1;CTNS;NT5E;FIGNL1
ERICH1,GO_Biological_Process_2023,prerank,Negative Regulation Of Lipid Catabolic Process (GO:0050995),0.5961408611438297,1.2407193295707928,0.16701461377870563,1.0,1.0,6/18,23.81%,PLIN5;BSCL2;ALK;SORL1;AKT1;GPLD1
ERICH1,GO_Biological_Process_2023,prerank,Positive Regulation Of Oxidoreductase Activity (GO:0051353),0.5743357159708037,1.2407056716077736,0.16356107660455488,1.0,1.0,7/23,13.48%,PPM1J;PARK7;RFK;AGTR1;GDNF;PDP1;PDPR
ERICH1,GO_Biological_Process_2023,prerank,Positive Regulation Of Lipid Metabolic Process (GO:0045834),0.5632312317793599,1.2388921060212776,0.15546218487394958,1.0,1.0,8/24,16.54%,PCK1;EEF1A2;DISP3;RPTOR;SORBS1;MLST8;CREBL2;NR1H3
ERICH1,GO_Biological_Process_2023,prerank,Lymphocyte Chemotaxis (GO:0048247),-0.513039601883234,-1.2388091879882344,0.1242603550295858,1.0,1.0,5/41,10.49%,CXCL13;CCL25;XCL1;SLC12A2;HSD3B7
ERICH1,GO_Biological_Process_2023,prerank,Heart Looping (GO:0001947),-0.5141636638802781,-1.232520886032674,0.1388888888888889,1.0,1.0,8/38,13.10%,HAND1;CCDC103;NOTCH1;MEF2C;STIL;MKKS;SRF;TGFBR2
ERICH1,GO_Biological_Process_2023,prerank,Positive Regulation Of Myeloid Leukocyte Cytokine Production Involved In Immune Response (GO:0061081),-0.611999334119526,-1.2320875612460997,0.1979381443298969,1.0,1.0,5/16,12.81%,TICAM1;SEMA7A;HLA-G;KIT;SIRT1
ERICH1,GO_Biological_Process_2023,prerank,Regulation Of Osteoclast Differentiation (GO:0045670),-0.514131048971436,-1.2315725575692724,0.1295238095238095,1.0,1.0,12/41,17.59%,LILRB4;IL23R;TNFAIP6;IL23A;LILRB3;TNFRSF11A;LRRC17;CEBPB;GPR137B;TNFSF11;MTOR;TMEM64
ERICH1,GO_Biological_Process_2023,prerank,Substrate Adhesion-Dependent Cell Spreading (GO:0034446),-0.5210800996402241,-1.2307337685556998,0.15428571428571428,1.0,1.0,18/36,23.61%,FERMT3;ITGA8;RADIL;SRCIN1;LPXN;PARVG;PARVB;RHOA;ITGAV;PEAK1;FERMT2;PIK3R1;PARVA;TYRO3;MICALL2;KIF14;LAMC1;SRGAP3
ERICH1,GO_Biological_Process_2023,prerank,Activation Of Cysteine-Type Endopeptidase Activity (GO:0097202),-0.6246201768724661,-1.2301521928941674,0.206286836935167,1.0,1.0,10/16,22.11%,CYCS;IFI16;BAK1;ASPH;NLRC4;CASP9;RIPK2;CIDEB;CYFIP2;PERP
ERICH1,GO_Biological_Process_2023,prerank,Regulation Of Protein Targeting To Membrane (GO:0090313),-0.5548287457208153,-1.2298063856088073,0.1678832116788321,1.0,1.0,9/28,10.73%,TCAF2;ITGB2;KCNB1;MYO1C;MIEF1;CIB1;CHP1;TCAF1;MFF
ERICH1,GO_Biological_Process_2023,prerank,Membrane Fusion (GO:0061025),-0.5575836758506869,-1.2293066144614133,0.16412213740458015,1.0,1.0,8/28,13.81%,VAPA;NSF;UBXN2B;NAPA;OTOF;MYMX;CHP1;NSFL1C
ERICH1,GO_Biological_Process_2023,prerank,Regulation Of Regulatory T Cell Differentiation (GO:0045589),-0.5762523157017194,-1.2292595769728554,0.18837675350701402,1.0,1.0,9/22,11.92%,LILRB4;VSIR;FOXP3;HLA-G;TNFSF4;DUSP10;FANCA;CR1;CD46
ERICH1,GO_Biological_Process_2023,prerank,Positive Regulation Of Cell Cycle G1/S Phase Transition (GO:1902808),0.5045580258340726,1.2284440651833493,0.16041666666666668,1.0,1.0,23/40,22.78%,ANXA1;HYAL1;RRM1;RPTOR;MBLAC1;PLCG2;NANOGP8;PAGR1;CDC73;DDX3X;STXBP4;GLI1;LSM10;RDX;UBE2E2;DDRGK1;LSM11;SASS6;EZH2;AKT1;AIF1;EGFR;RGCC
ERICH1,GO_Biological_Process_2023,prerank,Regulation Of Cellular Response To Transforming Growth Factor Beta Stimulus (GO:1903844),0.5532322372675662,1.2263282969670442,0.17842323651452283,1.0,1.0,12/23,21.17%,LTBP4;EID2;ITGA3;ZNF703;SMAD3;LATS1;SMAD2;TGFB1;SMAD7;PPARG;SMAD4;LATS2
ERICH1,GO_Biological_Process_2023,prerank,Negative Regulation Of Reproductive Process (GO:2000242),0.5857920789415878,1.2260671087979875,0.18711018711018712,1.0,1.0,8/20,5.96%,EPPIN;NKX3-1;AMH;SPINK13;WEE2;IGF1;NPPC;SPAM1
ERICH1,GO_Biological_Process_2023,prerank,Negative Regulation Of GTPase Activity (GO:0034260),-0.5840603781879723,-1.2246548238758632,0.19215686274509805,1.0,1.0,9/20,16.25%,KLRK1;LRRK2;RASA4;CPEB2;DAB2IP;FICD;ARL2;RCC2;WNK1
ERICH1,GO_Biological_Process_2023,prerank,Regulation Of Macrophage Derived Foam Cell Differentiation (GO:0010743),0.5386523878543334,1.2239964725860868,0.17558886509635974,1.0,1.0,7/30,6.70%,PF4;PLA2G3;PLA2G10;AGTR1;ALOX15B;NFKB1;CSF1
ERICH1,GO_Biological_Process_2023,prerank,Positive Regulation Of Hormone Secretion (GO:0046887),0.5919302108903621,1.2234862657382255,0.1971252566735113,1.0,1.0,8/19,22.53%,PLA2G3;ILDR1;RASL10B;NMB;PPARG;VAMP8;TFR2;VAMP7
ERICH1,GO_Biological_Process_2023,prerank,Polyol Biosynthetic Process (GO:0046173),0.6141860880831849,1.223290051742196,0.19678714859437751,1.0,1.0,4/15,9.77%,IP6K3;CYP27B1;ITPKB;CYP2R1
ERICH1,GO_Biological_Process_2023,prerank,RNA Phosphodiester Bond Hydrolysis (GO:0090501),-0.550435872132806,-1.2220499172353803,0.18618042226487524,1.0,1.0,11/28,16.56%,SLFN14;CSTF3;RPP30;ZC3H12D;PARN;RNASE1;ZC3H12C;LACTB2;ZC3H12A;ZC3H12B;CPSF3
ERICH1,GO_Biological_Process_2023,prerank,Adherens Junction Organization (GO:0034332),0.5163376754204145,1.2216708307075297,0.16772823779193205,1.0,1.0,15/35,20.08%,CDH26;TBCD;CDH10;CDH3;ZNF703;CDH18;CDH2;RAMP2;CDH8;PAK2;DCHS1;TJP1;SMAD7;MTSS1;CTNNB1
ERICH1,GO_Biological_Process_2023,prerank,Cellular Response To pH (GO:0071467),-0.5815698216074362,-1.2211756186403113,0.182,1.0,1.0,8/20,11.35%,PKD2L1;KCNK4;HVCN1;SCNN1B;SCNN1G;CHP1;PKD1L3;SCNN1A
ERICH1,GO_Biological_Process_2023,prerank,Positive Regulation Of Activated T Cell Proliferation (GO:0042104),-0.5864498866471172,-1.2175589363906614,0.2125984251968504,1.0,1.0,3/19,6.84%,IL23R;IL23A;ICOSLG
ERICH1,GO_Biological_Process_2023,prerank,Negative Regulation Of Endopeptidase Activity (GO:0010951),-0.4700298954811666,-1.2163757621192048,0.13419117647058823,1.0,1.0,13/65,11.67%,SERPINA6;ANXA8;SERPINB8;SPINK2;TIMP1;IFI16;SERPINH1;FETUB;SERPINB6;SPOCK2;CR1;SERPINI2;SPOCK3
ERICH1,GO_Biological_Process_2023,prerank,Positive Regulation Of Mononuclear Cell Migration (GO:0071677),0.5137081285735047,1.2154937043042608,0.16527196652719664,1.0,1.0,9/31,18.79%,CCL5;IL12A;CXCL17;CCR6;LGALS9;SERPINE1;GAS6;CALR;LGMN
ERICH1,GO_Biological_Process_2023,prerank,tRNA Metabolic Process (GO:0006399),-0.5772196803546022,-1.213705673259621,0.199203187250996,1.0,1.0,10/19,24.09%,RPP30;RPP21;ANG;GTF3C1;THG1L;ADAT1;DTD1;YARS2;SSB;KARS1
ERICH1,GO_Biological_Process_2023,prerank,Dendritic Cell Migration (GO:0036336),0.5812374558030418,1.2132928768971616,0.21174004192872117,1.0,1.0,4/18,12.53%,CXCR4;CCL5;CCR6;GPR183
ERICH1,GO_Biological_Process_2023,prerank,ncRNA Catabolic Process (GO:0034661),-0.5164176646276006,-1.2118796851392533,0.17996289424860853,1.0,1.0,14/33,20.51%,SLFN14;DIS3;PARN;ERN2;RBM7;TENT4B;LIN28B;EXOSC3;ZC3H12A;DEDD2;EXOSC10;SLFN12;WDR82;NUDT16
ERICH1,GO_Biological_Process_2023,prerank,Striated Muscle Cell Differentiation (GO:0051146),-0.5694073563547724,-1.21149478218899,0.1889763779527559,1.0,1.0,11/20,18.40%,BMP2;POPDC3;SIK1;ASB2;POPDC2;MEF2C;SORT1;SIRT6;PLD3;NRG1;MTLN
ERICH1,GO_Biological_Process_2023,prerank,Regulation Of Defense Response (GO:0031347),-0.43861651392801665,-1.2114264906840062,0.10246679316888045,1.0,1.0,29/95,17.36%,NLRP8;JAK2;ALOX15;LRRC19;DAGLB;SBNO2;SEMA7A;XCL1;NLRP2;NLRP14;MYD88;PSMA6;ALOX5;ZMPSTE24;AHSG;AGER;PTGES;DHX58;MGLL;TNFSF4;AREL1;NR1D2;BIRC2;RNF135;HCK;APPL1;N4BP1;PIK3AP1;SHPK
ERICH1,GO_Biological_Process_2023,prerank,"Maturation Of 5.8S rRNA From Tricistronic rRNA Transcript (SSU-rRNA, 5.8S rRNA, LSU-rRNA) (GO:0000466)",-0.5650923789339817,-1.2094484154364677,0.18568665377176016,1.0,1.0,12/21,22.74%,ERI1;URB1;KRI1;WDR12;EXOSC3;FTSJ3;EXOSC7;NOL9;EXOSC10;RPS21;EXOSC9;EXOSC2
ERICH1,GO_Biological_Process_2023,prerank,Microtubule Polymerization Or Depolymerization (GO:0031109),-0.5456400143858192,-1.2090908859109704,0.188715953307393,1.0,1.0,10/27,15.20%,KIF2B;STMN4;TPPP;TPPP3;STMND1;KIF2A;PIN1;TRPV4;KIF18A;NCKAP5
ERICH1,GO_Biological_Process_2023,prerank,Regulation Of Protein Dephosphorylation (GO:0035304),-0.5059297825559693,-1.2086659605704835,0.15977443609022557,1.0,1.0,18/39,21.82%,GBA1;HTT;SMPD1;ARPP19;CALM3;PIN1;CALM1;PRKCD;HSP90B1;PPP1R8;PPP1R2;PPP6R2;CNEP1R1;ENSA;PPP1R15A;CAMTA1;TIPRL;YWHAB
ERICH1,GO_Biological_Process_2023,prerank,Regulation Of Transmembrane Receptor Protein Serine/Threonine Kinase Signaling Pathway (GO:0090092),0.5197038140915675,1.2082950801465522,0.18344519015659955,1.0,1.0,18/31,21.67%,LTBP4;EID2;FSTL3;ITGA3;ZNF703;SFRP4;SMAD3;TWSG1;LATS1;FKBP1A;SMAD2;FSTL4;TGFB1;SMAD7;PCSK6;SMAD4;LATS2;FST
ERICH1,GO_Biological_Process_2023,prerank,Negative Regulation Of Tumor Necrosis Factor Superfamily Cytokine Production (GO:1903556),-0.4894455625304727,-1.2078808205478146,0.18023255813953487,1.0,1.0,12/49,14.95%,LILRB4;CD33;HAVCR2;NR1H4;CD274;VSIR;TRIM27;FXR1;SELENOS;ZC3H12A;SYT11;SIRPA
ERICH1,GO_Biological_Process_2023,prerank,Regulation Of Granulocyte Macrophage Colony-Stimulating Factor Production (GO:0032645),-0.6167488994263766,-1.2069868958451482,0.224105461393597,1.0,1.0,2/15,3.36%,IL23R;IL23A
ERICH1,GO_Biological_Process_2023,prerank,Base Conversion Or Substitution Editing (GO:0016553),0.5935262417507895,1.2052918575280456,0.21031746031746032,1.0,1.0,6/17,15.82%,APOBEC2;ADAD2;APOBEC3D;APOBEC3F;ADARB1;ADAR
ERICH1,GO_Biological_Process_2023,prerank,Regulation Of Toll-Like Receptor Signaling Pathway (GO:0034121),0.5741214362192419,1.2038628064016272,0.20556745182012848,1.0,1.0,7/20,15.19%,IRF7;BIRC3;OTUD4;NFKBIL1;TLR2;CD36;GPS2
ERICH1,GO_Biological_Process_2023,prerank,Receptor Signaling Pathway Via STAT (GO:0097696),-0.5226523254355042,-1.2033804636514362,0.19294990723562153,1.0,1.0,13/31,25.35%,JAK2;THPO;IFNAR1;PIAS1;MYO1C;JAK1;JAK3;STAT5A;STAT2;PKD1;CSF2RA;STAT6;SOCS6
ERICH1,GO_Biological_Process_2023,prerank,Regulation Of Interleukin-17 Production (GO:0032660),-0.5126277602949973,-1.20254449653158,0.18397085610200364,1.0,1.0,12/34,16.81%,IL23R;NR1H4;JAK2;IL23A;VSIR;FOXP3;MYD88;TNFSF4;DDIT3;PRKCQ;SPHK1;ZBTB7B
ERICH1,GO_Biological_Process_2023,prerank,Purine Ribonucleoside Triphosphate Metabolic Process (GO:0009205),-0.5176142695627785,-1.20127092392843,0.17293233082706766,1.0,1.0,15/32,22.04%,AK4;ENPP3;RHOQ;OLA1;HSPA1B;LRRK2;ATP1A2;HSPA8;ENTPD7;ENPP1;CTNS;NT5E;FIGNL1;RAB23;RAN
ERICH1,GO_Biological_Process_2023,prerank,Macrophage Activation (GO:0042116),0.5092231490284083,1.2007252230289234,0.18859649122807018,1.0,1.0,7/35,11.23%,C1QA;AZU1;SLC11A1;CRTC3;PLCG2;IFNGR1;DYSF
ERICH1,GO_Biological_Process_2023,prerank,Regulation Of T Cell Receptor Signaling Pathway (GO:0050856),-0.5149737850605447,-1.1993316053687932,0.16795366795366795,1.0,1.0,3/34,0.94%,LILRB4;PVRIG;SLA2
ERICH1,GO_Biological_Process_2023,prerank,Negative Regulation Of Interleukin-2 Production (GO:0032703),-0.5698260996048732,-1.1991800496251188,0.2332657200811359,1.0,1.0,7/21,11.48%,LILRB4;HAVCR2;XCL1;FOXP3;TRIM27;SFTPD;CR1
ERICH1,GO_Biological_Process_2023,prerank,Peptidyl-Lysine Trimethylation (GO:0018023),0.6067574343607185,1.1989275139404714,0.22406639004149378,1.0,1.0,11/15,21.06%,PRDM7;SETD2;SETD3;SETD4;KMT2A;ETFBKMT;FAM86B1;EEF2KMT;NFYB;VCPKMT;NFYA
ERICH1,GO_Biological_Process_2023,prerank,Positive Regulation Of Ubiquitin-Protein Transferase Activity (GO:0051443),-0.5352117506432874,-1.1987010094121406,0.2015065913370998,1.0,1.0,9/27,15.58%,BTRC;ARRDC4;TRIB3;DCUN1D2;PTEN;PIN1;DCUN1D5;SKP1;UBE2N
ERICH1,GO_Biological_Process_2023,prerank,3'-UTR-mediated mRNA Stabilization (GO:0070935),-0.5831965303408686,-1.1980605846893235,0.21923076923076923,1.0,1.0,9/18,21.28%,ELAVL4;MYD88;YBX3;ZFP36;HNRNPA0;BOLL;HNRNPC;MAPK14;RBM47
ERICH1,GO_Biological_Process_2023,prerank,Cyclic Nucleotide Biosynthetic Process (GO:0009190),0.5795413940392392,1.1975268182705505,0.22939866369710468,1.0,1.0,8/19,13.94%,ADCY6;GUCY2D;NPPC;NPPA;ADCY8;NPR1;ADCY2;ADCY10
ERICH1,GO_Biological_Process_2023,prerank,Protein Homooligomerization (GO:0051260),-0.41694023380826,-1.1970738183920797,0.11153846153846154,1.0,1.0,37/129,18.12%,RS1;KCNC2;P2RX3;AQP5;PKD2L1;VSTM5;STEAP4;MLKL;KCNJ2;NOL3;UPB1;HLA-G;TIFA;ALDH1A2;AQP4;ALAD;RYR1;IKZF4;ALDH9A1;ME1;BCL10;SAMD1;GOLGA2;TK1;RNF135;ECT2;ALDOA;SLC1A5;NLRC4;SSBP1;PNPT1;THG1L;ALS2;HSD17B10;SOD2;ZNF746;AQP11
ERICH1,GO_Biological_Process_2023,prerank,Positive Regulation Of Transcription Regulatory Region DNA Binding (GO:2000679),0.5633484394375956,1.1965396898866987,0.19823788546255505,1.0,1.0,9/21,18.86%,PARK7;TWIST1;IGF1;H1-0;TRIM6;TGFB1;DDRGK1;GTF2B;NIBAN2
ERICH1,GO_Biological_Process_2023,prerank,Lymphocyte Mediated Immunity (GO:0002449),-0.5895119055107703,-1.195067968318688,0.2215568862275449,1.0,1.0,8/16,16.32%,SLA2;MYO1G;KLRD1;CR1;CD46;JAG1;MSH2;GNL1
ERICH1,GO_Biological_Process_2023,prerank,Regulation Of Natural Killer Cell Activation (GO:0032814),-0.6049528423986926,-1.195018070071986,0.22653061224489796,1.0,1.0,4/16,10.32%,TICAM1;IL23A;KLRD1;PRDM1
ERICH1,GO_Biological_Process_2023,prerank,Positive Regulation Of Monooxygenase Activity (GO:0032770),0.5405228660952874,1.1940141851751722,0.1934782608695652,1.0,1.0,11/25,25.53%,CYP27B1;PARK7;GDNF;CDH3;TERF2;PIK3CB;AKT1;POR;HIF1A;ATP7A;FGF23
ERICH1,GO_Biological_Process_2023,prerank,Mitochondrial Cytochrome C Oxidase Assembly (GO:0033617),0.5622907794404972,1.19275208281594,0.20582120582120583,1.0,1.0,13/22,19.75%,STMP1;COA5;COA3;SCO1;COX18;PET100;UQCC5;SCO2;COX14;COA1;TIMM21;PET117;COA8
ERICH1,GO_Biological_Process_2023,prerank,Negative Regulation Of Cytokine Production (GO:0001818),-0.40158887441189994,-1.192593423786224,0.09923664122137404,1.0,1.0,42/177,15.76%,LILRB4;XAF1;CD33;HAVCR2;IL23R;NR1H4;TIGIT;GBA1;IL23A;CD274;SRGN;VSIR;XCL1;FOXP3;TRIM27;F2;AGER;ATP2B1;DHX58;PTGER4;SFTPD;TNFSF4;FOXJ1;LEF1;MACIR;RPS6KA4;CR1;ATG5;DDIT3;RNF125;SELENOS;JAK3;ZC3H12A;KLHL22;SYT11;NLRP12;SIRPA;ZFP36;TNFRSF21;N4BP1;INHBA;ADCY7
ERICH1,GO_Biological_Process_2023,prerank,Homologous Chromosome Pairing At Meiosis (GO:0007129),0.5190905177887506,1.1905972973836856,0.1851106639839034,1.0,1.0,9/29,13.92%,RNF212B;TERB1;TEX12;KASH5;STAG3;SYCP1;PSMC3IP;TEX11;SYCE3
ERICH1,GO_Biological_Process_2023,prerank,Negative Regulation Of Striated Muscle Cell Differentiation (GO:0051154),-0.5917355559056595,-1.190426102036088,0.23017408123791103,1.0,1.0,3/17,9.10%,BMP2;GSK3A;BHLHA15
ERICH1,GO_Biological_Process_2023,prerank,Phosphatidylcholine Biosynthetic Process (GO:0006656),0.5561366729670993,1.1895003244084803,0.22431865828092243,1.0,1.0,10/19,22.73%,LCAT;CHKA;CHKB;SLC27A1;MUC1;SLC44A2;SLC44A3;SLC44A5;CHPT1;GPAT4
ERICH1,GO_Biological_Process_2023,prerank,Regulation Of Mitochondrion Organization (GO:0010821),-0.4776720247982822,-1.1893312949774084,0.16279069767441862,1.0,1.0,27/50,26.26%,STOX1;GSK3A;LRRK2;CSNK2A2;MUL1;MFF;PDE2A;TMEM102;MTCH2;INF2;OMA1;GOLPH3;MGARP;RAP1GDS1;HAX1;MAPT;STAT2;EP300;SIRT7;MARCHF5;PRKN;FLCN;SQSTM1;VDAC1;FBXW7;HTRA2;PARL
ERICH1,GO_Biological_Process_2023,prerank,Positive Regulation Of Natural Killer Cell Mediated Immunity (GO:0002717),-0.5510869544881281,-1.1883215019965165,0.20222634508348794,1.0,1.0,6/24,8.23%,SH2D1B;RAET1E;PVR;KLRK1;HLA-G;KLRD1
ERICH1,GO_Biological_Process_2023,prerank,Positive Regulation Of Natural Killer Cell Activation (GO:0032816),-0.5770627711930798,-1.1875586661476503,0.22309197651663404,1.0,1.0,4/18,3.36%,IL23R;TICAM1;JAK2;IL23A
ERICH1,GO_Biological_Process_2023,prerank,Sphingolipid Catabolic Process (GO:0030149),-0.6023633211114395,-1.1866761282054943,0.23586744639376217,1.0,1.0,7/15,23.46%,SMPD1;ACER3;SMPD4;SPHK1;ENPP2;ACER2;SMPD2
ERICH1,GO_Biological_Process_2023,prerank,Fc-gamma Receptor Signaling Pathway Involved In Phagocytosis (GO:0038096),-0.5707529136297684,-1.185382587990751,0.23238095238095238,1.0,1.0,8/20,17.81%,PLPP4;MYO1G;PTK2;SRC;PRKCD;HCK;SYK;PLD2
ERICH1,GO_Biological_Process_2023,prerank,Modulation By Symbiont Of Entry Into Host (GO:0052372),0.5643889206153219,1.1849955285110596,0.2277992277992278,1.0,1.0,9/20,20.16%,HS3ST6;TRIM68;TRIM6;TRIM58;TRIM62;TRIM34;TRIM38;TRIM25;TRIM5
ERICH1,GO_Biological_Process_2023,prerank,Glycosaminoglycan Metabolic Process (GO:0030203),0.5256729113065115,1.1842656381531838,0.2149122807017544,1.0,1.0,18/28,21.68%,HYAL1;HS3ST3A1;CHST9;XYLT2;HYAL2;EXT2;IDUA;EXT1;B3GAT3;HS3ST1;HEXA;SGSH;CLN6;IDS;PXYLP1;HS3ST2;HS3ST3B1;B4GALT7
ERICH1,GO_Biological_Process_2023,prerank,Spermatid Development (GO:0007286),-0.4707365076845777,-1.1839493296498838,0.17169811320754716,1.0,1.0,20/53,18.04%,PRM2;CCDC42;ING2;SPINK2;SOX30;CCDC62;TTC21A;CIB1;MKKS;FNDC3A;JAM2;DDX25;CDYL;FXR1;CCDC63;CEP57;SPACDR;IQCN;BBS4;NME5
ERICH1,GO_Biological_Process_2023,prerank,Regulation Of Smooth Muscle Cell Migration (GO:0014910),0.5757997991126328,1.1832580834695479,0.20817120622568094,1.0,1.0,6/19,11.26%,CCL5;PDGFB;IGF1;NELL1;IGFBP5;SERPINE1
ERICH1,GO_Biological_Process_2023,prerank,Epoxygenase P450 Pathway (GO:0019373),0.5856878137110831,1.182269847389831,0.21940928270042195,1.0,1.0,3/17,3.04%,CYP2C19;CYP2A13;CYP2F1
ERICH1,GO_Biological_Process_2023,prerank,Bicarbonate Transport (GO:0015701),-0.57051737859327,-1.1788765033799178,0.2514395393474088,1.0,1.0,9/19,18.29%,CYB5R4;SLC4A4;SLC26A5;CYB5R1;CFTR;CYB5RL;SLC4A7;SLC4A3;SLC26A6
ERICH1,GO_Biological_Process_2023,prerank,Positive Regulation Of Macrophage Activation (GO:0043032),0.5731135346937399,1.1786876889397624,0.2459349593495935,1.0,1.0,2/17,2.23%,TTBK1;TAFA3
ERICH1,GO_Biological_Process_2023,prerank,Positive Regulation Of Smooth Muscle Cell Migration (GO:0014911),0.5973298201198574,1.178082048225927,0.26171875,1.0,1.0,6/16,8.87%,CCL5;PDGFB;IGF1;NELL1;DOCK5;IGFBP5
ERICH1,GO_Biological_Process_2023,prerank,Negative Regulation Of Interleukin-1 Beta Production (GO:0032691),-0.5476872589665925,-1.1780305815677954,0.23715415019762845,1.0,1.0,3/25,1.85%,LILRB4;CD33;CARD18
ERICH1,GO_Biological_Process_2023,prerank,Regulation Of Peptide Hormone Secretion (GO:0090276),0.4694660182028252,1.177899933491449,0.15468409586056645,1.0,1.0,14/52,19.40%,IL6;SSTR5;KCNA5;CCL5;ILDR1;PPP3CB;RFX3;HTR2C;SNAP25;RASL10B;SYT7;EIPR1;CLOCK;TFR2
ERICH1,GO_Biological_Process_2023,prerank,piRNA Processing (GO:0034587),0.5640169740344998,1.176683053189993,0.24364406779661016,1.0,1.0,5/19,9.76%,FKBP6;PIWIL1;EXD1;PNLDC1;TDRD1
ERICH1,GO_Biological_Process_2023,prerank,Regulation Of Cell Junction Assembly (GO:1901888),-0.536061889442164,-1.1763311350298216,0.22950819672131148,1.0,1.0,11/23,21.11%,CHRNB2;F11R;MYO1C;MEF2C;RAP1B;ROCK2;CRB3;RAB17;RAPGEF1;ROCK1;PDLIM5
ERICH1,GO_Biological_Process_2023,prerank,"mRNA Cis Splicing, Via Spliceosome (GO:0045292)",-0.5817837185558921,-1.1760775306060844,0.2495049504950495,1.0,1.0,10/17,22.55%,SART1;RBM22;PRPF39;WBP4;PSIP1;DDX23;HNRNPC;CLNS1A;NCBP2;SNRNP200
ERICH1,GO_Biological_Process_2023,prerank,Monoatomic Ion Transport (GO:0006811),-0.4245064590766362,-1.1754459552429601,0.15145985401459855,1.0,1.0,28/106,18.29%,PANX3;PKD2L1;CHRNB2;SLC12A3;CNGB1;SLC26A9;SLC24A5;SLC36A2;SLC9A9;GRIN1;ATP1A4;SLC25A26;SLC12A2;SLC9A5;SLC17A6;PKD1L3;SLC24A3;SLC24A4;SLC26A11;TRPC6;SLC15A3;CHRNA4;GLRA1;PLP2;WNK1;CTNS;AQP11;SLC26A6
ERICH1,GO_Biological_Process_2023,prerank,Positive Regulation Of Cell Migration Involved In Sprouting Angiogenesis (GO:0090050),0.5890474852268899,1.1742612691765355,0.24364406779661016,1.0,1.0,6/16,16.04%,SRPX2;ANXA1;RHOJ;PIK3C2A;HDAC9;KDR
ERICH1,GO_Biological_Process_2023,prerank,Determination Of Bilateral Symmetry (GO:0009855),-0.5247224952841834,-1.1742404651337353,0.21595330739299612,1.0,1.0,12/27,18.88%,CFC1;CCDC103;NOTCH1;STIL;MKKS;FOXJ1;DNAI2;PIERCE1;KIF3B;CITED2;CFAP53;PIERCE2
ERICH1,GO_Biological_Process_2023,prerank,Negative Regulation Of Antigen Receptor-Mediated Signaling Pathway (GO:0050858),-0.5339921426735521,-1.1738269562043917,0.23107569721115537,1.0,1.0,3/24,0.94%,LILRB4;PVRIG;SLA2
ERICH1,GO_Biological_Process_2023,prerank,Lipid Biosynthetic Process (GO:0008610),0.43377204260748337,1.1732570031813734,0.1673913043478261,1.0,1.0,25/71,19.49%,SRD5A2;OLAH;ACSM1;MVD;PRLR;DHRS11;FITM2;NDUFAB1;ELOVL4;PCYT2;FADS1;ACSL1;FASN;MCAT;GGPS1;PRKAA2;SCP2;AGPAT4;PIP5K1A;ACSF3;CYP19A1;ACSS2;ACLY;AGPAT3;ACACA
ERICH1,GO_Biological_Process_2023,prerank,Multivesicular Body Sorting Pathway (GO:0071985),-0.5508217752433797,-1.1724294318765076,0.2271880819366853,1.0,1.0,15/24,22.13%,RAB27A;RAB27B;CHMP4A;SYTL4;RUBCN;SORT1;CHMP4C;LAPTM4B;CHMP5;VTA1;CHMP3;UVRAG;VPS4A;MITD1;CHMP6
ERICH1,GO_Biological_Process_2023,prerank,Positive Regulation Of Dephosphorylation (GO:0035306),-0.5295291653578742,-1.1724280614048568,0.23295454545454544,1.0,1.0,13/29,23.32%,BMP2;GBA1;SMPD1;CALM3;PIN1;SRC;CALM1;PRKCD;CNEP1R1;CAMTA1;ROCK1;MTMR9;CHP2
ERICH1,GO_Biological_Process_2023,prerank,Regulation Of Ventricular Cardiac Muscle Cell Membrane Repolarization (GO:0060307),0.5634607790752362,1.1703526692661792,0.23346303501945526,1.0,1.0,12/17,26.84%,KCNE2;KCNH2;KCNE5;SCN4B;CAV3;KCNQ1;ANK2;KCNE3;KCNH6;GJA5;KCNE4;SCN1B
ERICH1,GO_Biological_Process_2023,prerank,Negative Regulation Of T Cell Proliferation (GO:0042130),-0.48888265614876053,-1.1688404006762407,0.2140221402214022,1.0,1.0,8/36,12.23%,LILRB4;CD274;PLA2G2A;FOXP3;HLA-G;SFTPD;CR1;CEBPB
ERICH1,GO_Biological_Process_2023,prerank,Positive Regulation Of Phospholipase C Activity (GO:0010863),-0.5041309674977658,-1.1687968303053327,0.21042830540037244,1.0,1.0,11/36,12.47%,RASGRP4;TXK;P2RY6;ESR1;ADRA1D;NMUR1;ANG;KIT;EDNRA;HTR2B;PLCB2
ERICH1,GO_Biological_Process_2023,prerank,Atrioventricular Valve Morphogenesis (GO:0003181),-0.5760052879166702,-1.1686598907364958,0.2631578947368421,1.0,1.0,12/19,20.32%,BMP2;NOTCH1;HEYL;SLIT1;BMPR2;TGFBR2;OLFM1;SOX4;SMAD6;TGFB2;BMPR1A;ZFPM1
ERICH1,GO_Biological_Process_2023,prerank,Cellular Response To Corticosteroid Stimulus (GO:0071384),0.5665420456328762,1.166822786989764,0.24123711340206186,1.0,1.0,5/15,14.79%,SSTR5;REST;ANXA1;FAM107A;GPER1
ERICH1,GO_Biological_Process_2023,prerank,Pharyngeal System Development (GO:0060037),-0.582024157812307,-1.1666959972845483,0.25961538461538464,1.0,1.0,5/16,20.12%,GATA3;HES1;BMPR2;TGFB2;BMPR1A
ERICH1,GO_Biological_Process_2023,prerank,Embryonic Heart Tube Development (GO:0035050),-0.5777568374973432,-1.1663988516648656,0.24646464646464647,1.0,1.0,2/17,5.08%,HAND1;HES1
ERICH1,GO_Biological_Process_2023,prerank,Defense Response To Gram-negative Bacterium (GO:0050829),-0.43886740178864675,-1.163889981535406,0.17625231910946196,1.0,1.0,8/70,10.01%,DEFB119;DEFB135;IL23R;IL23A;RARRES2;F2;H2BC11;NLRP10
ERICH1,GO_Biological_Process_2023,prerank,Regulation Of mRNA Processing (GO:0050684),-0.49091830608307935,-1.1638402838112258,0.21348314606741572,1.0,1.0,13/35,22.39%,CDK9;PAPOLA;TIA1;CWC22;SRPK2;RBM23;NCBP1;MAGOH;SRSF10;SAFB2;RBM20;SRSF3;JMJD6
ERICH1,GO_Biological_Process_2023,prerank,Positive Regulation Of Adenylate Cyclase Activity (GO:0045762),-0.5257858487158187,-1.1621715693138022,0.23018867924528302,1.0,1.0,8/26,15.23%,ADORA2B;SERPINB8;P2RY11;AKAP5;ADRB2;EDNRA;ORAI1;GLP1R
ERICH1,GO_Biological_Process_2023,prerank,Calcium-Dependent Cell-Cell Adhesion Via Plasma Membrane Cell Adhesion Molecules (GO:0016339),0.4762677860348131,1.162071981670247,0.20382165605095542,1.0,1.0,12/38,14.75%,CDH26;PCDHB6;CDH10;NLGN1;CDH3;PCDHGC3;PCDHB10;CDH18;CDH2;CDH8;PCDHB13;DCHS1
ERICH1,GO_Biological_Process_2023,prerank,Organophosphate Biosynthetic Process (GO:0090407),0.5012424321282527,1.1619522849877988,0.221505376344086,1.0,1.0,11/34,17.17%,IP6K3;ITPKB;DDR2;FITM2;TPI1;GALK2;PCYT2;FADS1;AGPAT4;PIP5K1A;PNPO
ERICH1,GO_Biological_Process_2023,prerank,I-kappaB kinase/NF-kappaB Signaling (GO:0007249),0.4695749078610208,1.1618104117421653,0.19389978213507625,1.0,1.0,19/45,16.80%,BIRC3;TLR7;IKBKB;NFKBIL1;NFKB1;REL;FAIM;TLR2;ERC1;PRDX4;BCL3;TBKBP1;TIRAP;TRIM8;TBK1;MAP3K14;RELB;TANK;CARD11
ERICH1,GO_Biological_Process_2023,prerank,Heart Development (GO:0007507),-0.39297358450317127,-1.1595746647378673,0.14071294559099437,1.0,1.0,64/167,25.44%,HAND1;BMP2;POPDC3;LDB3;TBX3;CER1;PRICKLE4;TCF25;NOTCH1;MTHFD1;POPDC2;PTK2;TBX19;KAT2B;PDLIM4;MEF2C;MKKS;FLRT3;PTEN;CRELD1;CCM2L;MYL7;TDGF1;POLR2D;SRF;HTR2B;BMPR2;TGFBR2;TGFBR3;INSR;SOX4;ALPK3;PDLIM2;SGCG;CHD7;AKAP13;ZFPM2;CITED2;ECE1;FGF8;TGFB2;OXSR1;FLRT2;ZFPM1;SRI;NCOA6;GJA1;PDLIM5;PKD1;DVL2;PLCE1;VEGFA;KAT2A;ADAP2;CDKN1B;TAB2;SCUBE1;PRMT1;DNAAF4;ID2;CXADR;CACYBP;CDKN1A;PDLIM1
ERICH1,GO_Biological_Process_2023,prerank,Regulation Of Cytokine Production Involved In Inflammatory Response (GO:1900015),-0.4724422380595506,-1.1595206383973633,0.20939334637964774,1.0,1.0,11/46,15.76%,LILRB4;TICAM1;MYD88;F2;ALOX5;MACIR;ZC3H12A;APPL1;SIRPA;PLD3;ADCY7
ERICH1,GO_Biological_Process_2023,prerank,Positive Regulation Of Secretion By Cell (GO:1903532),-0.43712181003908,-1.1589036044093368,0.17624521072796934,1.0,1.0,25/73,21.46%,CD33;BMP2;RAB27A;KCNB1;RAB27B;SYTL4;APBB3;BMP6;ANG;SLC12A2;CADPS2;STXBP5;EXOC7;SNCA;CFTR;GOLPH3;ACHE;MYO18A;FRMD4A;CLASP1;TGFB2;MYOM1;STX1A;ANXA2;MYH10
ERICH1,GO_Biological_Process_2023,prerank,Left/Right Pattern Formation (GO:0060972),-0.5103714111389258,-1.158659945589872,0.23983739837398374,1.0,1.0,15/31,22.35%,CFC1;CCDC103;NOTCH1;STIL;MKKS;FOXJ1;DNAI2;PIERCE1;KIF3B;CITED2;CFAP53;PIERCE2;SETDB2;ODAD3;GALNT11
ERICH1,GO_Biological_Process_2023,prerank,Sensory Perception Of Smell (GO:0007608),-0.3915005192352554,-1.1572362157415157,0.13503649635036497,1.0,1.0,15/176,11.68%,OR1R1P;OR5V1;OR2A5;OR2AG1;OR52A1;OR6B1;NXNL2;CNGB1;OR52A5;OR2B6;MKKS;OR2A42;BEST2;SLC24A4;OR2H2
ERICH1,GO_Biological_Process_2023,prerank,Positive Regulation Of Cell Cycle Phase Transition (GO:1901989),0.5536057703904526,1.1569181761408247,0.23640167364016737,1.0,1.0,10/17,20.45%,PLCG2;NANOGP8;PAGR1;CDC73;ZNF16;STXBP4;GLI1;DDRGK1;EZH2;KLHL18
ERICH1,GO_Biological_Process_2023,prerank,Negative Regulation Of Myeloid Leukocyte Differentiation (GO:0002762),-0.5121135555256067,-1.1560007157190666,0.2339622641509434,1.0,1.0,10/29,18.32%,LILRB4;TNFAIP6;LILRB3;LRRC17;GPR137B;MYC;INHBA;RARA;INHA;PTPN2
ERICH1,GO_Biological_Process_2023,prerank,Positive Regulation Of Catalytic Activity (GO:0043085),-0.4811508580578198,-1.1558579542271654,0.20722433460076045,1.0,1.0,20/40,24.73%,XRCC5;CIB1;WRN;AZIN2;PSENEN;SOD1;MAPK8;SSBP1;MSH2;POT1;NHEJ1;PSEN1;STX4;MAPK14;YWHAB;MSH3;APH1A;ABL2;NCSTN;CHTOP
ERICH1,GO_Biological_Process_2023,prerank,Bicellular Tight Junction Assembly (GO:0070830),0.46596347979400604,1.1553289256766257,0.22297297297297297,1.0,1.0,15/46,18.11%,CLDN24;CLDN22;TBCD;CLDN14;CLDN20;FRMPD2;CLDN10;RAMP2;SLC39A9;PAK2;CLDN4;MARVELD2;CHAF1B;DLG1;PDCD6IP
ERICH1,GO_Biological_Process_2023,prerank,Apoptotic Mitochondrial Changes (GO:0008637),-0.4862943919158753,-1.1548909170373174,0.23497267759562843,1.0,1.0,21/34,27.98%,IFI6;IFIT2;SFN;CAMK2A;CCAR2;BAK1;MFF;BNIP3;SOD2;BOK;TIMM50;BCL2L1;THEM4;ATG3;BIK;HSPD1;FZD9;GGCT;BAX;ERBB4;BID
ERICH1,GO_Biological_Process_2023,prerank,Negative Regulation Of Protein Processing (GO:0010955),0.5839217872135992,1.1547540866819497,0.26695842450765866,1.0,1.0,7/15,18.62%,SERPINF2;PRNP;NLRP7;SNX12;SERPINE1;PLAT;THBS1
ERICH1,GO_Biological_Process_2023,prerank,Negative Regulation Of Tumor Necrosis Factor Production (GO:0032720),-0.4705047524773131,-1.1545607962129862,0.22884615384615384,1.0,1.0,11/47,14.95%,LILRB4;CD33;HAVCR2;NR1H4;VSIR;TRIM27;FXR1;SELENOS;ZC3H12A;SYT11;SIRPA
ERICH1,GO_Biological_Process_2023,prerank,Protein Tetramerization (GO:0051262),-0.4345825485229617,-1.1539744409476127,0.18450184501845018,1.0,1.0,29/73,22.16%,AQP5;PKD2L1;KCNJ2;UPB1;CPSF6;ALDH1A2;GRIN1;AQP4;RYR1;ALDH9A1;ME1;GOLGA2;SNCA;TK1;GRIN2B;ALDOA;SSBP1;THG1L;HSD17B10;SOD2;KCNC1;KRT10;SHMT1;MCOLN1;CTH;OSBPL2;HOMER1;NUDT21;PKD1
ERICH1,GO_Biological_Process_2023,prerank,Positive Regulation Of Secretion (GO:0051047),0.5779056981576456,1.153346571376816,0.28293736501079914,1.0,1.0,6/15,24.50%,ALOX12B;NPR1;ACSL3;PPP3CA;GPLD1;SCIN
ERICH1,GO_Biological_Process_2023,prerank,Lysosomal Lumen Acidification (GO:0007042),0.5629335688574325,1.1522717947542735,0.2828054298642534,1.0,1.0,11/18,21.89%,ATP6V0C;TCIRG1;TMEM9;CLN6;ATP6V1H;CCDC115;ATP6V1F;ATP6AP2;TMEM199;ATP6V0B;ATP6V0A1
ERICH1,GO_Biological_Process_2023,prerank,Cellular Response To Chemokine (GO:1990869),-0.4552874749923559,-1.1508906975906337,0.22132796780684105,1.0,1.0,18/57,21.99%,CXCL13;CXCL2;CCL25;XCL1;SLC12A2;CXCL5;RHOA;ZC3H12A;CXCL6;DUSP1;PTK2B;CXCL1;WNK1;SH2B3;CXCL12;OXSR1;RIPOR2;CCL2
ERICH1,GO_Biological_Process_2023,prerank,Regulation Of Endothelial Cell Proliferation (GO:0001936),-0.41592269877900556,-1.1504310827353252,0.16970802919708028,1.0,1.0,32/93,21.86%,BMP2;TIE1;FGF16;FLT4;LRG1;ALOX5;ANG;APOH;PGF;MYDGF;VEGFB;NRARP;HTR2B;PTPRM;PDCD6;BMPR2;EGF;SIRT1;ATP5IF1;ATP5F1A;HMGB2;AIMP1;CNMD;VASH2;FGF18;ZNF580;STAT5A;SYNJ2BP;KRIT1;TNFSF12;FUT2;AGGF1
ERICH1,GO_Biological_Process_2023,prerank,Regulation Of Blood Coagulation (GO:0030193),0.506090178006062,1.1479094050077427,0.2399193548387097,1.0,1.0,13/29,22.39%,TFPI;FOXA2;EMILIN1;EMILIN2;ENPP4;SERPINE1;GP1BA;HPSE;F12;THBS1;CAV1;PLAUR;PROC
ERICH1,GO_Biological_Process_2023,prerank,Regulation Of Neutrophil Chemotaxis (GO:0090022),-0.5234192132100756,-1.1476434413580447,0.2437619961612284,1.0,1.0,9/25,22.93%,TNFAIP6;XCL1;JAM3;CD74;MPP1;RIPOR2;SLIT2;C1QBP;CAMK1D
ERICH1,GO_Biological_Process_2023,prerank,Xenobiotic Catabolic Process (GO:0042178),0.5516155330659908,1.1472869604765619,0.24520255863539445,1.0,1.0,4/19,5.92%,CYP2C19;CYP3A4;GSTM3;CYP3A5
ERICH1,GO_Biological_Process_2023,prerank,Peptide Hormone Secretion (GO:0030072),0.5197511782105678,1.1470840186947948,0.25669642857142855,1.0,1.0,6/25,5.72%,IL6;CRHR1;PARK7;PTPRN;SNX19;ANXA1
ERICH1,GO_Biological_Process_2023,prerank,Odontogenesis (GO:0042476),-0.4875337409043051,-1.1470633586534313,0.24404761904761904,1.0,1.0,7/39,7.28%,BMP2;AQP5;ANKRD11;AQP3;EDA;MSX1;SSUH2
ERICH1,GO_Biological_Process_2023,prerank,Leukocyte Cell-Cell Adhesion (GO:0007159),-0.5017463009419233,-1.1467271847284504,0.25426944971537,1.0,1.0,7/30,10.62%,ITGAL;ITGB2;FERMT3;CERCAM;LRG1;F11R;JAM2
ERICH1,GO_Biological_Process_2023,prerank,Homologous Chromosome Segregation (GO:0045143),0.5377747452525833,1.1461327710114035,0.2784552845528455,1.0,1.0,5/21,9.89%,RNF212B;TERB1;KASH5;SYCP1;PSMC3IP
ERICH1,GO_Biological_Process_2023,prerank,Positive Regulation Of Cell Death (GO:0010942),0.4554710322301177,1.144468670290552,0.2254697286012526,1.0,1.0,11/50,12.43%,C1QA;HBG2;HPR;REST;PRNP;RIPK1;MMP3;PRODH;BMP4;FYN;RARG
ERICH1,GO_Biological_Process_2023,prerank,Negative Regulation Of Biosynthetic Process (GO:0009890),0.5750732412873221,1.1436697793157855,0.28289473684210525,1.0,1.0,6/15,14.91%,IL6;PARK7;EMILIN1;CIITA;GPER1;ABCD1
ERICH1,GO_Biological_Process_2023,prerank,Positive Regulation Of Interleukin-17 Production (GO:0032740),-0.5338822889990411,-1.1431177764843081,0.2514395393474088,1.0,1.0,5/24,6.15%,IL23R;NR1H4;JAK2;IL23A;MYD88
ERICH1,GO_Biological_Process_2023,prerank,Positive Regulation Of Blood Coagulation (GO:0030194),0.5290599097990436,1.1428410333358248,0.2504970178926441,1.0,1.0,10/21,18.62%,SERPINF2;EMILIN1;EMILIN2;ENPP4;SERPINE1;HPSE;F12;PLAT;USF1;THBS1
ERICH1,GO_Biological_Process_2023,prerank,Cell Junction Organization (GO:0034330),0.4308433674407968,1.1424744744438036,0.19910514541387025,1.0,1.0,21/62,18.94%,C1QA;LIMS2;AJM1;NLGN4X;PKHD1;CHRNA7;ELFN1;PRKCI;SLC8A2;SMAD3;VMP1;SLC8A3;TJP1;PPFIA1;PPFIA2;SEMA3E;MARVELD2;TGFB1;HMCN2;GRM5;APBB2
ERICH1,GO_Biological_Process_2023,prerank,Negative Regulation Of Interleukin-1 Production (GO:0032692),-0.5124257176493985,-1.142247757959406,0.2549800796812749,1.0,1.0,3/29,1.85%,LILRB4;CD33;CARD18
ERICH1,GO_Biological_Process_2023,prerank,Regulation Of T Cell Cytokine Production (GO:0002724),-0.5641405476868246,-1.1407717315765495,0.2819548872180451,1.0,1.0,5/18,12.29%,LILRB4;XCL1;FOXP3;TNFSF4;TNFRSF1B
ERICH1,GO_Biological_Process_2023,prerank,L-amino Acid Transport (GO:0015807),-0.5080850137020091,-1.1390028851722485,0.2655935613682093,1.0,1.0,12/26,23.68%,SLC6A9;SLC36A2;SLC47A1;SLC17A6;SLC7A11;SLC7A1;SLC3A2;SLC38A1;SLC7A8;SLC1A4;SLC38A2;SLC1A3
ERICH1,GO_Biological_Process_2023,prerank,Negative Regulation Of Phosphate Metabolic Process (GO:0045936),-0.548050765606274,-1.1375592232199558,0.2846580406654344,1.0,1.0,12/20,25.37%,CDKN2B;CDKN2A;PRKRIP1;SIRT1;INHBA;UXT;INHA;INPP5K;ROCK1;CDKN1C;CDKN1B;CDKN1A
ERICH1,GO_Biological_Process_2023,prerank,Regulation Of Mitochondrial Membrane Permeability (GO:0046902),-0.570364268247122,-1.1371889556378378,0.300187617260788,1.0,1.0,9/18,20.76%,CAMK2A;MUL1;BAK1;TMEM102;HEBP2;BNIP3;SLC25A5;BCL2L1;THEM4
ERICH1,GO_Biological_Process_2023,prerank,Positive Regulation Of Interleukin-8 Production (GO:0032757),0.43704328695111316,1.1371161534882763,0.19910514541387025,1.0,1.0,11/61,12.93%,IL6;PARK7;TLR7;NOD1;RIPK1;LGALS9;IL17D;TLR2;SERPINE1;HYAL2;TIRAP
ERICH1,GO_Biological_Process_2023,prerank,Meiosis I (GO:0007127),-0.5156166977824009,-1.1368466378461721,0.26425855513307983,1.0,1.0,6/25,22.79%,ING2;BRDT;ZSCAN21;ZCWPW1;BTBD18;SYCP3
ERICH1,GO_Biological_Process_2023,prerank,Amino Acid Import Across Plasma Membrane (GO:0089718),-0.5101823555948924,-1.1360447691751152,0.2777777777777778,1.0,1.0,13/27,23.68%,SLC6A9;SLC22A4;SLC47A1;SLC7A3;SLC7A2;SLC1A5;SLC7A1;SLC3A2;SLC7A8;SLC1A4;SLC38A4;SLC38A2;SLC1A3
ERICH1,GO_Biological_Process_2023,prerank,Regulatory ncRNA Processing (GO:0070918),0.48171801142892434,1.1357329687241369,0.24528301886792453,1.0,1.0,9/35,11.14%,FKBP6;PIWIL1;ANKRD34A;AGO3;EXD1;PRKRA;PNLDC1;TDRD1;AGO2
ERICH1,GO_Biological_Process_2023,prerank,Glutamine Family Amino Acid Catabolic Process (GO:0009065),0.5607304078181957,1.1335881010923103,0.2717391304347826,1.0,1.0,8/15,15.85%,GLUD2;AOC1;NOS3;ARG1;PRODH;GLUL;DDAH2;GLS2
ERICH1,GO_Biological_Process_2023,prerank,Tight Junction Assembly (GO:0120192),0.44877217339949366,1.133302240071371,0.2449438202247191,1.0,1.0,17/51,18.11%,CLDN24;CLDN22;TBCD;CLDN14;ILDR1;CLDN20;PATJ;FRMPD2;CLDN10;RAMP2;SLC39A9;PAK2;CLDN4;MARVELD2;CHAF1B;DLG1;PDCD6IP
ERICH1,GO_Biological_Process_2023,prerank,Response To Gamma Radiation (GO:0010332),-0.5308128052805993,-1.1328638295587081,0.2664015904572565,1.0,1.0,8/22,16.37%,XRCC5;XRCC6;KDM1A;WRN;TMEM109;TLK2;MYC;TSPYL5
ERICH1,GO_Biological_Process_2023,prerank,Positive Regulation Of Epithelial Cell Apoptotic Process (GO:1904037),0.525183100011424,1.1327632456428411,0.26963906581740976,1.0,1.0,8/22,14.79%,CD160;IL6;PRKCI;GSN;SFRP4;CARM1;PLCG1;GPER1
ERICH1,GO_Biological_Process_2023,prerank,Lipid Droplet Organization (GO:0034389),0.502504444381114,1.1320349294990386,0.2818371607515658,1.0,1.0,12/29,18.37%,PLIN5;SMIM22;RAB18;FITM2;RAB3GAP1;RNF213;PRKAA2;BSCL2;KAT5;ZFYVE1;SFI1;PLIN3
ERICH1,GO_Biological_Process_2023,prerank,Negative Regulation Of Immune Response (GO:0050777),-0.4327918123682032,-1.1316672683564986,0.21851851851851853,1.0,1.0,17/66,12.65%,HAVCR2;ALOX15;FOXP3;IFI16;TRIM27;HLA-G;ENPP3;MYO1C;MUL1;DHX58;YWHAZ;TRIM21;CR1;ATG5;SAMSN1;SRC;CEP63
ERICH1,GO_Biological_Process_2023,prerank,NAD Metabolic Process (GO:0019674),0.515841851698156,1.1314345089535307,0.26954732510288065,1.0,1.0,8/22,15.54%,NUDT17;KMO;NADK2;NMNAT3;MDH1B;MDH1;GPD1L;HAAO
ERICH1,GO_Biological_Process_2023,prerank,Inner Mitochondrial Membrane Organization (GO:0007007),0.47538725565572565,1.1308320106498497,0.24786324786324787,1.0,1.0,15/34,19.57%,TIMM10B;TAFAZZIN;TIMM29;OPA1;TMEM11;IMMT;TIMM9;SLC25A46;TIMM13;CHCHD3;CHCHD6;SAMM50;UQCC3;MTX2;MTX3
ERICH1,GO_Biological_Process_2023,prerank,Hepaticobiliary System Development (GO:0061008),0.5117019525382113,1.1296187309844454,0.25103734439834025,1.0,1.0,3/23,5.25%,UGT1A10;GFER;COBL
ERICH1,GO_Biological_Process_2023,prerank,Postreplication Repair (GO:0006301),0.512005280132468,1.1295535602414393,0.2716049382716049,1.0,1.0,9/22,16.98%,SPRTN;TNFSF13B;WDR33;PCLAF;FAAP20;ZBTB1;UBE2V1;USP10;RAD18
ERICH1,GO_Biological_Process_2023,prerank,Regulation Of Endothelial Cell Apoptotic Process (GO:2000351),0.4542111713110802,1.129526956404388,0.227765726681128,1.0,1.0,12/43,18.62%,TNFAIP3;CD160;PRKCI;SERPINE1;RAMP2;PLCG1;GPER1;NDNF;KDR;GAS6;PDPK1;THBS1
ERICH1,GO_Biological_Process_2023,prerank,Heart Morphogenesis (GO:0003007),-0.43901136240452465,-1.129190422041193,0.24324324324324326,1.0,1.0,21/58,20.32%,BMP2;TBX3;HES1;NOTCH1;PTK2;TBX19;CCM2L;ADAMTS5;HEYL;HTR2B;OLFM1;TGFBR3;INSR;CHD7;RBM20;FGF8;TGFB2;FLRT2;RYR2;BMPR1A;ZFPM1
ERICH1,GO_Biological_Process_2023,prerank,Protein K48-linked Deubiquitination (GO:0071108),0.5063303338994981,1.1287137979039221,0.2948453608247423,1.0,1.0,10/24,17.34%,TNFAIP3;OTUD4;USP50;RNF2;MINDY2;OTUB1;VCPIP1;USP8;OTUD7A;OTUD7B
ERICH1,GO_Biological_Process_2023,prerank,Regulation Of Myoblast Differentiation (GO:0045661),-0.45269960499632844,-1.1282440271291991,0.2350674373795761,1.0,1.0,27/54,25.19%,SOSTDC1;MYF6;TBX3;SMARCD2;NOTCH1;MEF2C;RANBP3L;RBM24;AKIRIN1;ARID2;SMARCA2;FLOT2;SOX4;ACTL6A;XKR8;DPF3;SMARCE1;RIPOR2;PBRM1;MAPK14;SOX8;BTG1;ACTL6B;PLCB1;IGFBP3;LRRC8A;TRIP4
ERICH1,GO_Biological_Process_2023,prerank,Positive Regulation Of Interleukin-4 Production (GO:0032753),-0.5663800018681445,-1.1271514810496581,0.3,1.0,1.0,9/17,17.23%,HAVCR2;GATA3;ZP3;TNFSF4;IRF4;CEBPB;PRKCQ;SYK;RARA
ERICH1,GO_Biological_Process_2023,prerank,Regulation Of Cytokine Production Involved In Immune Response (GO:0002718),0.5186785815712013,1.126488192022353,0.2757201646090535,1.0,1.0,5/24,11.64%,IRF5;CLC;TRIM6;LACC1;SPHK2
ERICH1,GO_Biological_Process_2023,prerank,Regulation Of Synapse Assembly (GO:0051963),0.4475553471717259,1.1264816541565075,0.24375,1.0,1.0,25/51,22.63%,SRPX2;SLITRK6;CLSTN3;SLITRK4;NLGN1;MUSK;GPRASP3;SLITRK3;TLR2;IL1RAPL1;DLG5;ROBO2;BDNF;NRXN1;GRID2;RAP2A;GPC4;LHFPL4;SLITRK5;SYNDIG1;SETD5;LRRC4B;NLGN3;IL1RAPL2;EPHB1
ERICH1,GO_Biological_Process_2023,prerank,RNA Destabilization (GO:0050779),-0.5428995535355094,-1.1264440776675935,0.2992125984251969,1.0,1.0,10/19,21.04%,RBM24;DXO;FXR1;LIN28B;FTO;GIGYF2;ROCK2;YTHDF1;METTL14;ROCK1
ERICH1,GO_Biological_Process_2023,prerank,Release Of Cytochrome C From Mitochondria (GO:0001836),-0.5432602484767642,-1.1262617705817677,0.2843866171003718,1.0,1.0,8/19,20.44%,IFI6;SFN;BAK1;MFF;SOD2;BOK;TIMM50;BCL2L1
ERICH1,GO_Biological_Process_2023,prerank,Regulation Of Myelination (GO:0031641),-0.5162082794855887,-1.1260508194660928,0.27476635514018694,1.0,1.0,13/25,23.77%,TPPP;EGR2;JAM2;NSUN5;TNFRSF1B;TNFRSF21;PTN;TENM4;RNF10;TYMP;MYRF;KIF14;NCMAP
ERICH1,GO_Biological_Process_2023,prerank,Calcium-Mediated Signaling (GO:0019722),0.4137411442807344,1.1255368740841911,0.2097130242825607,1.0,1.0,31/85,22.76%,NMUR2;CXCR4;AZU1;AGTR1;CCR6;PRNP;P2RX7;PPP3CB;PLA2G4B;PLCG2;GPR143;PRKACA;PLCG1;NCALD;KDR;SAMD14;MCTP2;DMPK;EIF2AK3;RCAN1;PDPK1;GRM5;CNKSR2;SLC9A1;MCU;TRPM4;TNNI3;CHRM3;ANK2;PPP3CA;PPP3CC
ERICH1,GO_Biological_Process_2023,prerank,Mitochondrial Calcium Ion Homeostasis (GO:0051560),0.5384213290904474,1.1250973924069458,0.29324894514767935,1.0,1.0,9/20,21.80%,FATE1;ATP2A1;SLC8A3;PDZD8;SLC25A23;SMDT1;MICU1;MCU;ANXA6
ERICH1,GO_Biological_Process_2023,prerank,Axoneme Assembly (GO:0035082),-0.4718161233197939,-1.1250881727092648,0.271484375,1.0,1.0,11/41,12.93%,TTC12;CFAP74;RSPH4A;SPAG1;CFAP206;RP1;DNAAF3;FOXJ1;RP1L1;SPACA9;PIERCE1
ERICH1,GO_Biological_Process_2023,prerank,Positive Regulation Of Protein Dephosphorylation (GO:0035307),-0.4888268516561305,-1.1248977544671794,0.2854368932038835,1.0,1.0,12/33,19.84%,GBA1;SMPD1;AMBRA1;CALM3;PIN1;ITGA1;CALM1;PRKCD;CNEP1R1;MTOR;PPP1R15A;CAMTA1
ERICH1,GO_Biological_Process_2023,prerank,Collagen Fibril Organization (GO:0030199),0.4547837080038567,1.124133678042922,0.25646551724137934,1.0,1.0,9/42,8.55%,GREM1;SERPINF2;COLGALT2;COL5A3;COLGALT1;DDR2;COL12A1;LOXL4;SCX
ERICH1,GO_Biological_Process_2023,prerank,Negative Regulation Of Extrinsic Apoptotic Signaling Pathway (GO:2001237),0.42397172216165174,1.1224619880572384,0.21700223713646533,1.0,1.0,20/70,14.97%,PF4;GATA1;TNFAIP3;PARK7;TMBIM1;NOS3;SCRT2;IGF1;GDNF;RIPK1;RFFL;FAIM;GSK3B;PHIP;BMP4;SERPINE1;DDX3X;PSME3;EYA1;BCL2
ERICH1,GO_Biological_Process_2023,prerank,Response To dsRNA (GO:0043331),-0.5580393467058526,-1.120714376476068,0.3110236220472441,1.0,1.0,4/17,20.91%,TICAM1;IRAK3;SLC3A2;PDE12
ERICH1,GO_Biological_Process_2023,prerank,Regulation Of Inflammatory Response (GO:0050727),-0.36725002025647613,-1.1205821813753298,0.16483516483516483,1.0,1.0,63/236,18.36%,NLRP8;TNFAIP6;NR1H4;JAK2;ALOX15;TRADD;LRRC19;GBA1;IL23A;DAGLB;SBNO2;SEMA7A;XCL1;GATA3;PLA2G2A;LCP1;NLRP2;NLRP14;MYD88;PSMA6;ENPP3;ZP3;ALOX5;AHSG;MYO1C;AGER;PTGES;PLA2G7;NAIP;AOAH;APP;PTGER4;MGST2;MGLL;DAGLA;TNFSF4;OTULIN;AREL1;CEBPA;NLRP10;MACIR;PDE2A;TNFRSF1B;SNCA;FXR1;PRKCD;NR1D2;SELENOS;AGT;BIRC2;HCK;NLRP12;SIRPA;NLRC4;KLF4;SPHK1;PIK3AP1;SHPK;FEM1A;LPCAT3;IFI35;PTPN2;LRFN5
ERICH1,GO_Biological_Process_2023,prerank,Sodium Ion Transport (GO:0006814),-0.41571763497260283,-1.119437290889684,0.2441860465116279,1.0,1.0,24/89,15.72%,PKD2L1;WNK4;SLC12A3;ASIC3;SLC6A9;SLC4A4;SCNN1B;SCNN1G;SLC6A12;ATP1B3;SLC5A4;ATP1A4;SLC12A2;SLC9A5;SLC24A3;SLC24A4;SCNN1A;CATSPER4;HCN2;SCN8A;SLC6A15;SLC6A3;SCN11A;ATP1A2
ERICH1,GO_Biological_Process_2023,prerank,Regulation Of Blood Vessel Endothelial Cell Proliferation Involved In Sprouting Angiogenesis (GO:1903587),0.5617696501292565,1.118428080838426,0.3051181102362205,1.0,1.0,6/16,18.62%,IL12A;APELA;NGFR;MMRN2;PPP1R16B;THBS1
ERICH1,GO_Biological_Process_2023,prerank,Positive Regulation Of Cellular Component Biogenesis (GO:0044089),0.4060663483307161,1.1169808781463897,0.23214285714285715,1.0,1.0,32/93,19.88%,PARK7;SLX1A;EMILIN1;HYAL1;SDCBP;MMP3;GSK3B;SLX4;HGS;BRK1;HRK;TPR;BMP7;ICE1;CHGA;SMAD3;GNL3L;TIRAP;TRABD2A;FNIP1;STAM;SPIDR;CHAF1B;TGFB1;VIL1;VPS4B;BMF;PFN1;PDCD6IP;MTSS1;TRABD2B;BCL2L11
ERICH1,GO_Biological_Process_2023,prerank,Organonitrogen Compound Catabolic Process (GO:1901565),0.4131348934826353,1.1166983715192715,0.2409090909090909,1.0,1.0,24/78,16.04%,IL4I1;ETFA;CPQ;PNPLA8;PLA2G10;CYP3A4;RENBP;ERAP1;CYP3A5;TRIM24;PNLIPRP2;RIPK1;ADAMTS13;CAPN3;MPST;FMO1;TPP1;HOGA1;PLA2G15;LTA4H;PLA2G4A;NPL;SLC16A3;CLN6
ERICH1,GO_Biological_Process_2023,prerank,Central Nervous System Development (GO:0007417),0.3577131727980542,1.116488426150611,0.15124153498871332,1.0,1.0,74/278,18.74%,C1QA;VAX1;CDK5R2;ECRG4;NMUR2;CXCR4;MOG;JHY;NHLH2;PSPN;CNTN5;VCX;ALDH5A1;RAB18;SH3GL3;TUBGCP2;MEIS1;C3;SOX12;MACROH2A2;RAB3GAP1;KDM4B;ROGDI;BPTF;SMARCA1;UGT8;POU6F1;PROX1;ZIC2;MATCAP1;ATXN1;GSN;PAFAH1B3;RELN;RPS6KA6;TPP1;ZIC5;DCX;UFC1;CDH2;COX7B;SLC8A3;RTN3;SPATA5;ANKLE2;DCLK1;SPINK5;GBA2;SZT2;ROBO2;PAFAH1B2;WWP1;UBE3A;MINK1;EPHA7;ADGRA2;CADM2;GIT2;DHX37;SOX6;CDK5RAP3;JARID2;NCKAP1;AFF2;SPOCK1;SLC23A2;RNF103;PCDH18;ZPR1;TAGLN3;GRIK1;NF1;NRCAM;ASIC2
ERICH1,GO_Biological_Process_2023,prerank,Negative Regulation Of Osteoclast Differentiation (GO:0045671),-0.5243520149333107,-1.116464287175121,0.28330206378986866,1.0,1.0,4/21,10.67%,LILRB4;TNFAIP6;LILRB3;LRRC17
ERICH1,GO_Biological_Process_2023,prerank,Positive Regulation Of Regulatory T Cell Differentiation (GO:0045591),-0.5465722986933846,-1.1152528297830113,0.3173277661795407,1.0,1.0,7/17,11.92%,LILRB4;VSIR;FOXP3;HLA-G;DUSP10;CR1;CD46
ERICH1,GO_Biological_Process_2023,prerank,B Cell Proliferation (GO:0042100),0.5205914869607848,1.1140986854518482,0.2911392405063291,1.0,1.0,3/23,9.24%,CD19;CR2;RASGRP1
ERICH1,GO_Biological_Process_2023,prerank,Positive Regulation Of Fatty Acid Metabolic Process (GO:0045923),-0.5510430391152432,-1.113641304646704,0.31898238747553814,1.0,1.0,4/17,11.85%,KAT2B;SLC45A3;LPGAT1;ELOVL5
ERICH1,GO_Biological_Process_2023,prerank,Ventricular Cardiac Muscle Cell Action Potential (GO:0086005),0.5421310993584229,1.1129312350771208,0.3097713097713098,1.0,1.0,10/16,23.64%,KCNJ8;KCNE2;KCNH2;KCNE5;GPD1L;SCN3B;PKP2;CAV3;KCNQ1;KCNE3
ERICH1,GO_Biological_Process_2023,prerank,Protein O-linked Mannosylation (GO:0035269),-0.5600243919486902,-1.1116315523493705,0.31886792452830187,1.0,1.0,12/16,27.83%,DPM3;DPM1;RXYLT1;LARGE2;TMTC1;FKTN;TMTC2;POMGNT2;POMT2;TMTC4;CRPPA;DPM2
ERICH1,GO_Biological_Process_2023,prerank,Regulation Of Cysteine-Type Endopeptidase Activity (GO:2000116),0.5099033980447848,1.1106321061336073,0.31524008350730687,1.0,1.0,7/24,15.46%,CST4;TTBK1;BIRC3;USP50;FYN;PCID2;EPHA7
ERICH1,GO_Biological_Process_2023,prerank,Positive Regulation Of Ras Protein Signal Transduction (GO:0046579),-0.44051600285436326,-1.109994164298889,0.26285714285714284,1.0,1.0,16/51,17.68%,RASGRP4;MMD2;GPR20;NOTCH1;NTRK1;MAP4K4;ADGRG1;F11R;P2RY8;RASGEF1A;LPAR4;STK19;F2RL2;AKAP13;ALS2;LPAR1
ERICH1,GO_Biological_Process_2023,prerank,Positive Regulation Of Smooth Muscle Cell Proliferation (GO:0048661),0.44759097252861435,1.1099545980115575,0.27848101265822783,1.0,1.0,21/47,21.91%,IL6;SERPINF2;CCL5;IL6R;PDGFB;IGF1;LDLRAP1;IGFBP5;JUN;BMP4;MMP9;TGFB1;MMP2;HDAC1;PHB1;THBS1;ERN1;MFN2;AKT1;AIF1;PDGFRB
ERICH1,GO_Biological_Process_2023,prerank,Fibroblast Growth Factor Receptor Signaling Pathway (GO:0008543),-0.46292531860092845,-1.1096906650038354,0.27884615384615385,1.0,1.0,14/39,20.10%,FGF21;FRS3;FGF9;FGF16;FGFR3;FGF20;FLRT3;CHURC1;FGF4;FGF18;FGF8;FLRT2;SETX;FGF1
ERICH1,GO_Biological_Process_2023,prerank,Regulation Of T Cell Proliferation (GO:0042129),-0.42108783708385167,-1.1095410547660922,0.24772313296903462,1.0,1.0,17/76,12.29%,LILRB4;IL23R;JAK2;IL23A;CD274;PLA2G2A;TNFRSF13C;FOXP3;HLA-G;CD276;ZP3;SFTPD;MYDGF;CR1;CD46;CEBPB;TNFRSF1B
ERICH1,GO_Biological_Process_2023,prerank,Endocrine System Development (GO:0035270),-0.5040947279751048,-1.108769132035475,0.314453125,1.0,1.0,4/23,18.64%,WNT4;SIX1;SOX2;HESX1
ERICH1,GO_Biological_Process_2023,prerank,Phospholipase C-activating G Protein-Coupled Receptor Signaling Pathway (GO:0007200),-0.4104876473141216,-1.1082095319967102,0.2514177693761815,1.0,1.0,20/82,13.48%,GPR83;C3AR1;OPRM1;CALCA;P2RY6;ESR1;FPR3;ADRA1D;GPR20;ANO1;NMUR1;P2RY11;P2RY8;DRD3;TRHR;HTR2B;LTB4R;LPAR4;FPR1;AGT
ERICH1,GO_Biological_Process_2023,prerank,Regulation Of Chromosome Organization (GO:0033044),-0.44972617965135947,-1.1081674197334552,0.26814516129032256,1.0,1.0,27/43,26.32%,XRCC5;ACTR5;SHCBP1L;SMC5;TFPT;NSMCE1;SETMAR;CENPV;BUB1;SMG6;MYC;INO80E;NSMCE4A;INO80B;MAPT;YY1;RB1;RUVBL1;SMG1;ACTR8;INO80C;HNRNPD;INO80D;NSMCE3;YLPM1;SLF1;LIG4
ERICH1,GO_Biological_Process_2023,prerank,Fc-gamma Receptor Signaling Pathway (GO:0038094),-0.5161141893965726,-1.1073212154030245,0.31749049429657794,1.0,1.0,11/24,22.11%,PLPP4;MYO1G;CD247;PTK2;SRC;PRKCD;HCK;SYK;PLD2;LCK;PLA2G6
ERICH1,GO_Biological_Process_2023,prerank,Lymphocyte Migration (GO:0072676),-0.4639477660935158,-1.1067292510036555,0.29887218045112784,1.0,1.0,4/39,4.78%,CCL25;MYO1G;XCL1;GATA3
ERICH1,GO_Biological_Process_2023,prerank,Pore Complex Assembly (GO:0046931),0.5370714545947934,1.1066422730196241,0.3218884120171674,1.0,1.0,8/18,16.46%,P2RX7;PDZD11;TPR;NUP93;NDC1;TMEM170A;TSPAN33;NUP153
ERICH1,GO_Biological_Process_2023,prerank,Antibacterial Humoral Response (GO:0019731),0.4467964030181772,1.1064936719186962,0.2911392405063291,1.0,1.0,5/45,13.13%,RNASE7;H2BC21;HLA-E;WFDC2;FAU
ERICH1,GO_Biological_Process_2023,prerank,Negative Regulation Of Cytoskeleton Organization (GO:0051494),-0.4958956335340217,-1.1051313100191877,0.2757352941176471,1.0,1.0,15/27,24.89%,SSH3;CORO1A;PLEKHH2;ARPIN;PRKCD;FKBP4;PFN2;CLASP1;SSH2;KANK1;HIP1R;SLIT2;KANK3;PRKN;TWF1
ERICH1,GO_Biological_Process_2023,prerank,Regulation Of Epidermal Growth Factor-Activated Receptor Activity (GO:0007176),-0.5035110733943275,-1.1044050187628844,0.3468208092485549,1.0,1.0,14/26,25.83%,AREG;GPRC5A;APP;CBLB;EGF;ERRFI1;SNX6;VPS25;CHMP6;ZGPAT;TGFA;SOCS6;FBXW7;CBL
ERICH1,GO_Biological_Process_2023,prerank,Negative Regulation Of G Protein-Coupled Receptor Signaling Pathway (GO:0045744),0.5155047119413954,1.1042942086600256,0.3034188034188034,1.0,1.0,6/21,11.61%,CCL5;MRAP2;GRK2;GPRASP1;BICD1;KLK14
ERICH1,GO_Biological_Process_2023,prerank,Translesion Synthesis (GO:0019985),0.5050567050567246,1.1041152310975362,0.3031578947368421,1.0,1.0,9/23,18.26%,SPRTN;TNFSF13B;MAD2L2;PCLAF;TENT4A;POLH;ZBTB1;USP10;REV1
ERICH1,GO_Biological_Process_2023,prerank,Positive Regulation Of Release Of Sequestered Calcium Ion Into Cytosol (GO:0051281),-0.4731189771081223,-1.1036881979103805,0.29469548133595286,1.0,1.0,9/33,14.10%,P2RY6;XCL1;HTT;F2;CALM3;TRDN;CALM1;SNCA;TRPC1
ERICH1,GO_Biological_Process_2023,prerank,Establishment Or Maintenance Of Epithelial Cell Apical/Basal Polarity (GO:0045197),0.45327275076594914,1.1028411566034526,0.26956521739130435,1.0,1.0,18/39,18.15%,CRB1;MTCL1;LLGL2;ERBIN;PDZD11;PRKCI;CAMSAP3;PATJ;DLG5;SCRIB;MSN;EZR;WDR1;LIN7A;DLG1;PDCD6IP;DLG4;RAP2A
ERICH1,GO_Biological_Process_2023,prerank,Positive Regulation Of Cell-Cell Adhesion (GO:0022409),0.44678725356920346,1.1023518895722264,0.2826552462526767,1.0,1.0,12/45,17.69%,CD3E;SERPINF2;FOXA2;CCL5;FUT3;FSTL3;BMP7;MEGF10;PTPRU;TJP1;SMAD7;SKAP1
ERICH1,GO_Biological_Process_2023,prerank,rRNA Catabolic Process (GO:0016075),-0.529865343122842,-1.101686903777809,0.3078393881453155,1.0,1.0,12/19,24.86%,SLFN14;DIS3;ERN2;EXOSC3;PELO;EXOSC7;EXOSC10;SLFN12;EXOSC9;EXOSC2;XRN1;ZCCHC7
ERICH1,GO_Biological_Process_2023,prerank,Monoatomic Cation Transmembrane Transport (GO:0098655),-0.35668261829705966,-1.1014658411633367,0.18327402135231316,1.0,1.0,63/281,14.20%,KCNH3;KCNC2;TRPV6;PKD2L1;SLC30A2;SLC30A4;LRRC55;KCNQ4;KCNB1;SLC12A3;TRPM6;SLC9C2;KCNK4;LRRC38;KCNJ2;CNGB1;KCNB2;LRRC26;ASIC3;ABCC8;SLC6A9;KCNH1;TRPM2;HVCN1;KCNA3;SLC4A4;SCNN1B;SCNN1G;KCNA7;SLC24A5;SLC6A12;ATP1B3;SLC36A2;SLC9A9;ATP6V0A2;GRIN1;ATP1A4;CNGA4;TMEM175;DMAC2L;TRPV3;SLC12A2;SLC9A5;SLC41A2;KCND2;ABCB8;SLC24A3;RNASEK;TRPV4;SLC24A4;SCNN1A;TRPC6;ATP6V0E2;HCN2;NNT;CACNA1G;ORAI1;ITGAV;GRIN2B;SLC6A15;ATP6V0A4;TRPC1;KCNG1
ERICH1,GO_Biological_Process_2023,prerank,Regulation Of Cellular Localization (GO:0060341),0.42831649385373305,1.1007595838847684,0.2748917748917749,1.0,1.0,25/70,20.16%,NKX3-1;TRIM68;TRIM6;KIAA1614;REEP6;OOEP;PLEKHM2;TPR;GSN;TRIM46;RAB14;TRIM58;USP8;FKBP1A;MAP2;TRIM34;BORA;WWC1;TRIM38;PPM1F;PICALM;PARP1;TRIM25;ATCAY;TRIM5
ERICH1,GO_Biological_Process_2023,prerank,Intrinsic Apoptotic Signaling Pathway In Response To Endoplasmic Reticulum Stress (GO:0070059),-0.4822356721041681,-1.1001271573914178,0.28679245283018867,1.0,1.0,12/29,18.10%,TRIB3;TMEM117;BAK1;ERN2;DDIT3;CEBPB;TMEM238L;DAB2IP;TNFRSF10B;CHAC1;BRSK2;PPP1R15A
ERICH1,GO_Biological_Process_2023,prerank,Nucleobase-Containing Compound Catabolic Process (GO:0034655),-0.4452595969541885,-1.0998725022872322,0.29320388349514565,1.0,1.0,19/44,22.74%,DIS3;RNASEH2C;XRN2;RNASEH2A;SETMAR;NCBP1;EXOSC3;PPP1R8;EXOSC7;PNPT1;EXOSC10;EXOSC1;SIDT2;ENTPD7;PABPC4;EXOSC9;FBH1;DNASE1;EXOSC2
ERICH1,GO_Biological_Process_2023,prerank,Purine Ribonucleotide Catabolic Process (GO:0009154),0.4971259995428184,1.0995833687115462,0.3141592920353982,1.0,1.0,10/25,20.68%,NUDT19;FITM2;NUDT18;ENTPD4;HPRT1;NUDT3;SUCLG2;PRTFDC1;SUCLG1;NUDT9
ERICH1,GO_Biological_Process_2023,prerank,RNA Metabolic Process (GO:0016070),-0.38902609991590964,-1.0994959495825778,0.2465753424657534,1.0,1.0,53/111,25.07%,ELAVL4;DIS3;DDX20;RNASEH2C;PAPOLA;PARN;ANG;XRN2;RNASEH2A;ALKBH1;RBMS2;RNASE1;DDX24;RBM5;NCBP1;FTO;EXOSC3;PPP1R8;ZC3H12A;HNRNPUL1;NOVA1;MPHOSPH10;RBM4;DEDD2;DNTTIP2;EXOSC7;PNPT1;NOL9;EXOSC10;EXOSC1;SIDT2;PABPC4;RNGTT;TENT2;DHX8;EXOSC9;SETX;TBRG4;TP53RK;DKC1;NUFIP1;HNRNPF;PABPN1;DHX36;IGHMBP2;EXOSC2;AGO4;HNRNPH3;FASTKD1;ADARB2;SNRNP40;CELF2;HNRNPD
ERICH1,GO_Biological_Process_2023,prerank,Bile Acid Biosynthetic Process (GO:0006699),-0.5003908182865109,-1.0985081521854028,0.33399602385685884,1.0,1.0,13/25,21.29%,SLC27A2;AKR1D1;OSBP;CYP46A1;HSD3B7;ACOT8;ABCD3;AMACR;CYP27A1;HSD17B10;CYP39A1;CYP7B1;OSBPL2
ERICH1,GO_Biological_Process_2023,prerank,Phosphate Ion Transport (GO:0006817),-0.5298627702866117,-1.0980262377893126,0.31620553359683795,1.0,1.0,9/19,25.31%,SLC37A2;SLC25A11;SLC17A6;SLC25A3;SLC20A2;SLC37A4;SLC20A1;SLC37A3;SLC37A1
ERICH1,GO_Biological_Process_2023,prerank,Positive Regulation Of Striated Muscle Cell Differentiation (GO:0051155),-0.5015032224145428,-1.09754938651948,0.3056092843326886,1.0,1.0,6/25,9.07%,LMOD3;MYF6;EFNB2;MEF2C;WNT3A;RBM24
ERICH1,GO_Biological_Process_2023,prerank,Negative Regulation Of Protein Localization (GO:1903828),-0.4588095205345458,-1.0973943552916967,0.2813765182186235,1.0,1.0,19/40,22.42%,LILRB4;CORO2B;CDK9;UBXN2B;YWHAZ;LZTFL1;NEDD4L;NSFL1C;SIRT6;ROCK2;COMMD1;MTOR;MAP1A;ILRUN;RIPOR2;TTBK2;PIAS4;RNF4;ANKRD13A
ERICH1,GO_Biological_Process_2023,prerank,Myeloid Cell Differentiation (GO:0030099),-0.4319850910166573,-1.0972516702011086,0.2953667953667954,1.0,1.0,26/57,20.86%,CDKN2B;JAK2;THPO;TET2;RASGRP4;IKZF1;IFI16;ALAS2;KIT;CEBPA;CEBPB;DYRK3;MYB;ATP5IF1;SLC1A5;CDIN1;INHBA;CASP3;HCLS1;ZBTB16;INHA;PTPN2;SLC25A5;ZFPM1;KAT6A;NCOA6
ERICH1,GO_Biological_Process_2023,prerank,Regulation Of Calcium Ion Transmembrane Transporter Activity (GO:1901019),-0.46367899070164365,-1.096912359065045,0.26746506986027946,1.0,1.0,8/32,13.15%,STRIT1;NOS1;PLN;CACNB3;CALM1;S100G;JPH4;CACNB2
ERICH1,GO_Biological_Process_2023,prerank,Negative Regulation Of Catalytic Activity (GO:0043086),-0.494233679658882,-1.0956360536240575,0.30332681017612523,1.0,1.0,8/26,14.19%,NOS1;PLN;TIMP1;NOTCH1;CAMK2A;CCAR2;SIRT1;ATP5IF1
ERICH1,GO_Biological_Process_2023,prerank,Establishment Or Maintenance Of Apical/Basal Cell Polarity (GO:0035088),0.4866628667270563,1.0955392529761898,0.31063829787234043,1.0,1.0,9/26,11.79%,CRB1;MTCL1;LLGL2;OOEP;ERBIN;PRKCI;PATJ;DLG5;SCRIB
ERICH1,GO_Biological_Process_2023,prerank,Anterior/Posterior Pattern Specification (GO:0009952),-0.42634099296291317,-1.0935019030882065,0.2906764168190128,1.0,1.0,10/56,12.57%,BMP2;SIX2;CER1;HES1;HHEX;WLS;LHX1;HEYL;DDIT3;BMPR2
ERICH1,GO_Biological_Process_2023,prerank,Positive Regulation Of Isotype Switching (GO:0045830),0.5552912284126494,1.0932198738838785,0.334020618556701,1.0,1.0,4/15,8.75%,TNFSF13;MAD2L2;KMT5B;SHLD2
ERICH1,GO_Biological_Process_2023,prerank,Apical Junction Assembly (GO:0043297),0.4250170930770026,1.0921315716916904,0.2834467120181406,1.0,1.0,16/53,18.11%,CLDN24;CLDN22;TBCD;CLDN14;CLDN20;FRMPD2;CLDN10;RAMP2;SLC39A9;PAK2;CLDN4;MARVELD2;WDR1;CHAF1B;DLG1;PDCD6IP
ERICH1,GO_Biological_Process_2023,prerank,protein-DNA Complex Assembly (GO:0065004),-0.4312085461225618,-1.0919624200576385,0.292910447761194,1.0,1.0,27/59,24.76%,CHRAC1;SUPT16H;HAT1;H2BC11;SMARCA5;CENPV;DAXX;NAP1L1;NASP;DMC1;NAP1L4;HMGB2;RAD51;CABIN1;H2BC13;NPM1;H2BC9;H2BC14;NAP1L2;ATRX;GRWD1;SART3;H2BC17;HIRA;H4C9;NAP1L3;SPTY2D1
ERICH1,GO_Biological_Process_2023,prerank,DNA-templated Transcription Termination (GO:0006353),-0.5451590996244569,-1.0910246807856032,0.3193916349809886,1.0,1.0,8/16,20.04%,MTERF2;POLR3K;XRN2;MAZ;SSU72;PRMT5;MED18;SETX
ERICH1,GO_Biological_Process_2023,prerank,Positive Regulation Of Neuron Projection Development (GO:0010976),0.39852226124423834,1.0901372831564382,0.27350427350427353,1.0,1.0,33/92,19.18%,PLK5;PLA2G3;TNN;COBL;DDR2;PTK6;NLGN1;MUSK;FZD1;GPRASP3;ROR1;PRKCI;BMP7;ZDHHC15;RELN;ZNF804A;LRRC7;CAPRIN2;GPC2;DPYSL3;NPTN;NDNF;BDNF;SCARF1;AVIL;VLDLR;STYXL1;ALK;TENM3;CBFA2T2;PLPPR5;MAGI2;FUT9
ERICH1,GO_Biological_Process_2023,prerank,Response To Copper Ion (GO:0046688),0.5000540022893133,1.0892493015744205,0.32397408207343414,1.0,1.0,9/22,22.17%,PRNP;MT1F;MT1M;HSF1;ATP7B;MT1X;MT1G;MT1H;ATP5F1D
ERICH1,GO_Biological_Process_2023,prerank,Amino Acid Catabolic Process (GO:0009063),0.45720606088533783,1.0891339248462015,0.2958057395143488,1.0,1.0,12/38,13.31%,IL4I1;ETFA;DLD;ALDH5A1;KMO;CARNMT1;PRODH;BCKDHA;DBT;HOGA1;HNMT;THNSL2
ERICH1,GO_Biological_Process_2023,prerank,Negative Regulation Of Mitotic Cell Cycle Phase Transition (GO:1901991),0.45459350204840665,1.0883456739570836,0.2974559686888454,1.0,1.0,14/40,19.15%,BRD7;FHL1;GFI1B;AVEN;PINX1;FAM107A;PRMT2;CDC73;DACT1;RBL1;CDK2AP2;JADE1;DLG1;FBXO5
ERICH1,GO_Biological_Process_2023,prerank,Cardiac Muscle Tissue Morphogenesis (GO:0055008),-0.4677847945950016,-1.0874856541782687,0.2954091816367265,1.0,1.0,3/31,5.99%,HAND1;BMP2;NOTCH1
ERICH1,GO_Biological_Process_2023,prerank,Regulation Of SMAD Protein Signal Transduction (GO:0060390),-0.48827224301223826,-1.0870648066015964,0.32447817836812143,1.0,1.0,12/27,20.15%,JAK2;KIAA0319;FAM89B;BMP6;DAB2;VEPH1;BMPR2;LRP1;PBLD;WWTR1;BMPR1A;GDF5
ERICH1,GO_Biological_Process_2023,prerank,Nuclear Migration (GO:0007097),0.5545403589132227,1.0869298259175544,0.3741794310722101,1.0,1.0,10/15,24.03%,TMEM201;PAFAH1B1;FBXW11;SYNE2;SUN2;LMNB2;DOCK7;DCTN1;MBD1;HOOK3
ERICH1,GO_Biological_Process_2023,prerank,Clathrin-Dependent Endocytosis (GO:0072583),0.4765051949765598,1.0844286405003427,0.305668016194332,1.0,1.0,12/27,19.13%,SNAP91;GAK;ITSN2;AP2M1;OCRL;CLTB;FCHSD2;FNBP1L;LMBRD1;FCHO1;PICALM;MAGI2
ERICH1,GO_Biological_Process_2023,prerank,Brain Development (GO:0007420),0.36421183264218926,1.0839929501168382,0.22271714922049,1.0,1.0,46/164,18.51%,VAX1;CDK5R2;CXCR4;JHY;CNTN5;VCX;PAFAH1B1;RAB18;TUBGCP2;MEIS1;FBXW11;MACROH2A2;CTNNA2;RAB3GAP1;KDM4B;ROGDI;BPTF;SMARCA1;POU6F1;PROX1;ZIC2;MATCAP1;ATXN1;VPS51;PAFAH1B3;RELN;SHANK3;UFC1;CDH2;RTN3;SPATA5;ROBO2;PAFAH1B2;UBE3A;MINK1;EPHA7;CADM2;GIT2;DHX37;SOX6;CDK5RAP3;AFF2;SLC23A2;PCDH18;NF1;NRCAM
ERICH1,GO_Biological_Process_2023,prerank,Positive Regulation Of Transmembrane Transport (GO:0034764),0.5452384339739067,1.0838732814948278,0.34516765285996054,1.0,1.0,6/15,17.41%,ACSL5;P2RX7;ARL6IP1;C3;CA2;BRAF
ERICH1,GO_Biological_Process_2023,prerank,One-Carbon Compound Transport (GO:0019755),-0.4635100127561431,-1.0838305841501525,0.31547619047619047,1.0,1.0,13/35,18.29%,AQP5;HBA1;SLC14A2;CYB5R4;SLC4A4;SLC26A5;CYB5R1;CFTR;CYB5RL;SLC4A7;SLC4A3;AQP11;SLC26A6
ERICH1,GO_Biological_Process_2023,prerank,Cellular Response To Copper Ion (GO:0071280),0.525888430197234,1.0833791066758272,0.3436807095343681,1.0,1.0,7/18,21.08%,PRNP;MT1F;MT1M;HSF1;MT1X;MT1G;MT1H
ERICH1,GO_Biological_Process_2023,prerank,Activation Of Adenylate Cyclase Activity (GO:0007190),-0.5151182949441634,-1.08315287521379,0.3333333333333333,1.0,1.0,5/20,9.90%,ADORA2B;SERPINB8;P2RY11;ADRB2;EDNRA
ERICH1,GO_Biological_Process_2023,prerank,Cellular Response To Gamma Radiation (GO:0071480),-0.544511633791392,-1.0829246338412575,0.3430232558139535,1.0,1.0,7/16,16.37%,XRCC5;XRCC6;KDM1A;WRN;TMEM109;TLK2;TSPYL5
ERICH1,GO_Biological_Process_2023,prerank,Epithelium Development (GO:0060429),-0.37380598650345037,-1.0828470765074627,0.2448210922787194,1.0,1.0,36/152,19.60%,HAND1;SULT1B1;PAX2;DHRS9;BMP2;WNT4;KRT15;JAK2;WNT3;ALDH1A2;UPK1A;MTHFD1;PIH1D1;DNPH1;SOX10;STIL;SIX1;FOXJ1;FUZ;INTU;LHX1;MANSC4;GRHL2;RCAN3;BDH2;CTSB;TAGLN2;DAG1;ERRFI1;VCL;SPINT1;FN3K;LOXL3;KRT10;FGF8;OXSR1
ERICH1,GO_Biological_Process_2023,prerank,Negative Regulation Of G1/S Transition Of Mitotic Cell Cycle (GO:2000134),0.4719922036369199,1.0828423914321967,0.30060120240480964,1.0,1.0,11/32,15.14%,BRD7;FHL1;GFI1B;FAM107A;PRMT2;CDC73;DACT1;RBL1;CDK2AP2;NACC2;JADE1
ERICH1,GO_Biological_Process_2023,prerank,Potassium Ion Transmembrane Transport (GO:0071805),-0.3807953571473161,-1.082815088750783,0.2655038759689923,1.0,1.0,30/136,12.15%,KCNH3;KCNC2;PKD2L1;LRRC55;KCNQ4;KCNB1;SLC12A3;SLC9C2;KCNK4;LRRC38;KCNJ2;KCNB2;LRRC26;ABCC8;KCNH1;KCNA3;KCNJ9;KCNA7;ATP1B3;SLC9A9;ATP1A4;TMEM175;SLC12A2;SLC9A5;KCND3;KCND2;KCNJ14;SLC24A3;SLC24A4;HCN2
ERICH1,GO_Biological_Process_2023,prerank,Regulation Of Organelle Organization (GO:0033043),-0.38326501205041097,-1.0827652585042562,0.27611940298507465,1.0,1.0,44/100,24.62%,STOX1;ZEB2;ACTR5;PTK2;TBC1D25;F11R;TFPT;MUL1;PDE4DIP;TOM1;NF2;CAMSAP2;MFF;PDE2A;ATG5;CENPV;CLIC4;CAPN2;MARK2;GOLPH3;PLXNB1;SYT11;INO80E;SURF4;RAB33B;MGARP;PREB;LMAN1;RAP1GDS1;INO80B;NEXN;CLEC16A;MAPT;EP300;YY1;SIRT7;MTM1;RUVBL1;AKAP9;ACTR8;INO80C;PRKN;SQSTM1;CLN3
ERICH1,GO_Biological_Process_2023,prerank,Arp2/3 Complex-Mediated Actin Nucleation (GO:0034314),-0.5402933479041014,-1.0817795647079769,0.37701612903225806,1.0,1.0,8/17,19.51%,TRIM27;MAGEL2;WHAMM;WASH6P;ARPC1A;JMY;WASHC1;WIPF3
ERICH1,GO_Biological_Process_2023,prerank,Inorganic Anion Transport (GO:0015698),-0.4306147920711801,-1.0816545705813825,0.31496062992125984,1.0,1.0,20/58,18.64%,FXYD3;CLCN1;CLIC2;SLC26A9;ANO9;ENPP3;TTYH3;NMUR1;CLCNKB;SLC25A11;SLC26A5;SLC17A6;SLC26A11;CLIC4;SLC13A4;CLIC1;GLRA1;ENPP1;SLC26A6;ANO7
ERICH1,GO_Biological_Process_2023,prerank,Chromosome Organization (GO:0051276),-0.4396927215904271,-1.08058958514462,0.31985294117647056,1.0,1.0,18/44,24.72%,PRM2;HHEX;HAT1;H1-3;CENPV;NUP133;MYC;MSH2;GEM;H1-1;NUP155;KAT6A;RB1;MSH3;CENPH;H4C9;NAA10;TOP2B
ERICH1,GO_Biological_Process_2023,prerank,Negative Regulation Of Cell Cycle G1/S Phase Transition (GO:1902807),0.4624759872308793,1.0803505264523368,0.31451612903225806,1.0,1.0,11/35,15.14%,BRD7;FHL1;GFI1B;FAM107A;PRMT2;APBB1;CDC73;DACT1;RBL1;CDK2AP2;JADE1
ERICH1,GO_Biological_Process_2023,prerank,Negative Regulation Of Peptide Hormone Secretion (GO:0090278),0.5179487842057193,1.0783622220585667,0.32987551867219916,1.0,1.0,6/18,11.06%,INHBB;CRH;REST;FAM3D;CHGA;IRS1
ERICH1,GO_Biological_Process_2023,prerank,Positive Regulation Of Nervous System Development (GO:0051962),0.4341266790612155,1.0780581225356085,0.3163265306122449,1.0,1.0,10/49,10.84%,SRPX2;SLITRK6;CLSTN3;SLITRK4;NLGN1;GPRASP3;SLITRK3;FAIM;IL1RAPL1;DLG5
ERICH1,GO_Biological_Process_2023,prerank,Negative Regulation Of Protein Tyrosine Kinase Activity (GO:0061099),-0.5039336051240424,-1.0769562922536857,0.3545966228893058,1.0,1.0,12/23,22.67%,LILRB4;SRCIN1;GPRC5A;CBLB;ERRFI1;DUSP22;SNX6;MVP;VPS25;CHMP6;THY1;ZGPAT
ERICH1,GO_Biological_Process_2023,prerank,Presynapse Assembly (GO:0099054),0.5465821653406757,1.0765154842202247,0.3842887473460722,1.0,1.0,6/15,12.21%,NLGN1;NLGN4X;FZD1;PCLO;IL1RAPL1;NLGN4Y
ERICH1,GO_Biological_Process_2023,prerank,Regulation Of Oxidative Stress-Induced Intrinsic Apoptotic Signaling Pathway (GO:1902175),-0.5284629396053647,-1.0760279608027161,0.3522935779816514,1.0,1.0,8/18,20.56%,NOL3;P4HB;SIRT1;SOD1;UBQLN1;SOD2;NME5;BAG5
ERICH1,GO_Biological_Process_2023,prerank,High-Density Lipoprotein Particle Remodeling (GO:0034375),0.5389323547174072,1.0758777203433503,0.3487394957983193,1.0,1.0,2/15,3.05%,LCAT;PLA2G3
ERICH1,GO_Biological_Process_2023,prerank,Regulation Of Interleukin-2 Production (GO:0032663),-0.43419187213529775,-1.0757267029862256,0.32421875,1.0,1.0,10/47,15.23%,LILRB4;HAVCR2;XCL1;FOXP3;TRIM27;SFTPD;IRF4;CR1;SPTBN1;ZFP36
ERICH1,GO_Biological_Process_2023,prerank,Response To Interferon-Beta (GO:0035456),-0.4777895927947571,-1.0756823287553052,0.34962406015037595,1.0,1.0,8/29,15.83%,XAF1;IFNAR1;IFI16;CAMK2A;SHFL;PLSCR1;CALM1;PNPT1
ERICH1,GO_Biological_Process_2023,prerank,Regulation Of Cardiac Muscle Cell Proliferation (GO:0060043),-0.5027622228642895,-1.0747738601992924,0.34274193548387094,1.0,1.0,8/20,20.12%,NOTCH1;MEF2C;POLR2D;VGLL4;TGFBR3;ZFPM2;RBPJ;BMPR1A
ERICH1,GO_Biological_Process_2023,prerank,Regulation Of Monocyte Chemotaxis (GO:0090025),0.4856363006053903,1.0744358204095454,0.3388773388773389,1.0,1.0,4/25,11.26%,GREM1;CCL5;CXCL17;SERPINE1
ERICH1,GO_Biological_Process_2023,prerank,Response To Light Stimulus (GO:0009416),0.4148393582980088,1.0739430128432892,0.2876712328767123,1.0,1.0,10/58,12.52%,GNAT1;TYR;RRH;MAPK10;SPRTN;TNFSF13B;TRPM1;PCLAF;DDB2;GTF2H2
ERICH1,GO_Biological_Process_2023,prerank,Regulation Of Cellular Response To Growth Factor Stimulus (GO:0090287),0.5165582229685042,1.0736356758050165,0.34811529933481156,1.0,1.0,11/19,18.85%,DOK5;FSTL3;NELL1;ITGA3;OTX2;ZDHHC17;SFRP4;TWSG1;SULF1;FSTL4;PCSK6
ERICH1,GO_Biological_Process_2023,prerank,Golgi To Plasma Membrane Protein Transport (GO:0043001),-0.4849904291849351,-1.0735380316958676,0.36432637571157495,1.0,1.0,15/28,25.61%,NSF;RAB26;RAB31;GOLPH3;SPTBN1;RAB10;MACF1;GCC2;GGA2;OPTN;VAMP2;ANK3;PHAF1;GOLGA4;BBS2
ERICH1,GO_Biological_Process_2023,prerank,Eosinophil Migration (GO:0072677),-0.5041876818926485,-1.0733262482303232,0.3488372093023256,1.0,1.0,2/22,4.66%,CCL25;XCL1
ERICH1,GO_Biological_Process_2023,prerank,Eosinophil Chemotaxis (GO:0048245),-0.5041876818926485,-1.0733262482303232,0.3488372093023256,1.0,1.0,2/22,4.66%,CCL25;XCL1
ERICH1,GO_Biological_Process_2023,prerank,Inorganic Cation Transmembrane Transport (GO:0098662),-0.3475457814908185,-1.0729214011726529,0.22851919561243145,1.0,1.0,61/284,14.20%,KCNH3;KCNC2;TRPV6;P2RX3;PKD2L1;SLC30A2;SLC30A4;LRRC55;KCNQ4;KCNB1;SLC12A3;TRPM6;SLC9C2;KCNK4;LRRC38;KCNJ2;KCNB2;LRRC26;ASIC3;ABCC8;SLC6A9;KCNH1;TRPM2;HVCN1;KCNA3;SLC4A4;SCNN1B;SCNN1G;KCNA7;SLC24A5;SLC6A12;ATP1B3;SLC36A2;SLC9A9;ATP6V0A2;ATP1A4;TMEM175;DMAC2L;TRPV3;SLC12A2;SLC9A5;SLC41A2;KCND2;ABCB8;SLC24A3;RNASEK;TRPV4;SLC24A4;SCNN1A;RHCE;TRPC6;ATP6V0E2;HCN2;NNT;CACNA1G;ORAI1;ITGAV;SLC6A15;ATP6V0A4;TRPC1;KCNG1
ERICH1,GO_Biological_Process_2023,prerank,Endocytic Recycling (GO:0032456),0.4097611417997346,1.071708491960608,0.30019880715705766,1.0,1.0,24/62,22.34%,TRARG1;SNX33;HGS;SNX7;SNX12;EHD4;VPS51;DENND1C;RAB14;EHD2;VTI1A;RAB11B;ARF6;SNX27;STX16;STX12;WASH2P;EIPR1;BLTP1;VAMP4;VPS35L;EHD1;RAB11FIP3;EPS15
ERICH1,GO_Biological_Process_2023,prerank,3'-UTR-mediated mRNA Destabilization (GO:0061158),-0.5552396578778109,-1.0716074548924464,0.3683241252302026,1.0,1.0,5/15,15.23%,ZC3H12D;KHSRP;RBM24;ZC3H12A;ZFP36
ERICH1,GO_Biological_Process_2023,prerank,DNA Synthesis Involved In DNA Repair (GO:0000731),0.47893905842149104,1.0708209274788854,0.3367768595041322,1.0,1.0,10/27,15.67%,SPRTN;TNFSF13B;RRM1;SYCP1;PCLAF;POLH;FAAP20;POLE;ZBTB1;USP10
ERICH1,GO_Biological_Process_2023,prerank,Leukocyte Adhesion To Vascular Endothelial Cell (GO:0061756),-0.5226545554611549,-1.0693181401509397,0.34782608695652173,1.0,1.0,7/19,21.75%,MADCAM1;LRG1;JAM2;GOLPH3;PODXL2;ROCK1;GCNT1
ERICH1,GO_Biological_Process_2023,prerank,cGMP-mediated Signaling (GO:0019934),-0.542771406010587,-1.0690517246138262,0.3645224171539961,1.0,1.0,5/16,11.80%,KCNC2;GUCY1A2;PDE2A;GUCY1B1;HTR2B
ERICH1,GO_Biological_Process_2023,prerank,Regulation Of Necroptotic Process (GO:0060544),0.5018326812889308,1.0687834785727979,0.35157894736842105,1.0,1.0,4/20,6.80%,BIRC3;SPATA2;RIPK1;ITCH
ERICH1,GO_Biological_Process_2023,prerank,Positive Regulation Of Cell Development (GO:0010720),-0.4521760258721484,-1.0684550300144382,0.3214990138067061,1.0,1.0,10/35,17.14%,LMOD3;OPRM1;MYF6;RASSF10;MME;LRP2;SNW1;NAP1L1;NUMB;TGM2
ERICH1,GO_Biological_Process_2023,prerank,Regulation Of Amide Metabolic Process (GO:0034248),-0.4471121528108828,-1.0671757843163792,0.33766233766233766,1.0,1.0,12/41,13.79%,NR1H4;ELP6;TIGAR;ELP4;METTL18;PKP3;DDX25;MAPKAPK5;MSI1;PCIF1;PRKCD;EIF2S1
ERICH1,GO_Biological_Process_2023,prerank,Negative Regulation Of Calcium Ion Transport (GO:0051926),-0.5337040983007674,-1.0671432868135196,0.374749498997996,1.0,1.0,6/17,10.41%,CD33;NOS1;PLN;TRIM27;SEMG1;PACSIN3
ERICH1,GO_Biological_Process_2023,prerank,Cellular Response To Alkaloid (GO:0071312),-0.5326768756426615,-1.0670627406213204,0.365234375,1.0,1.0,7/16,19.92%,HTR1B;RYR1;CASP7;RAD51;CASP3;TGM2;RYR2
ERICH1,GO_Biological_Process_2023,prerank,Negative Regulation Of Peptidyl-Tyrosine Phosphorylation (GO:0050732),-0.47437130427176616,-1.0667488612302538,0.3403846153846154,1.0,1.0,11/30,20.82%,LILRB4;SRCIN1;NF2;SAMSN1;PARP14;PRKCD;PTPN2;PPP2CA;SH2B3;PIBF1;MVP
ERICH1,GO_Biological_Process_2023,prerank,RNA Catabolic Process (GO:0006401),-0.41478983402392205,-1.06611793861817,0.32015065913371,1.0,1.0,22/57,22.82%,SLFN14;DIS3;RNASEH2C;HSPA1B;XRN2;RNASEH2A;DXO;NCBP1;EXOSC3;PPP1R8;ZFP36;EXOSC7;PNPT1;EXOSC10;EXOSC1;SIDT2;PABPC4;EXOSC9;NUDT16;FEN1;EXOSC2;AGO4
ERICH1,GO_Biological_Process_2023,prerank,Positive Regulation Of Dendritic Spine Development (GO:0060999),0.511373895778294,1.065280589365682,0.36767676767676766,1.0,1.0,7/20,13.19%,NLGN1;GPRASP3;LLPH;DLG5;RELN;SHANK3;CAPRIN2
ERICH1,GO_Biological_Process_2023,prerank,Positive Regulation Of Tumor Necrosis Factor Production (GO:0032760),0.3942908892081275,1.0652231853517562,0.2668112798264642,1.0,1.0,19/77,13.78%,PF4;IL6;AMH;AZU1;TWIST1;ORM2;RIPK1;LGALS9;PLCG2;TLR2;IFNGR1;SPN;RASGRP1;C1QTNF4;TNFRSF8;HLA-E;SPHK2;TIRAP;SETD4
ERICH1,GO_Biological_Process_2023,prerank,Negative Regulation Of Lipid Biosynthetic Process (GO:0051055),-0.48194552500397886,-1.0649188436291486,0.3624031007751938,1.0,1.0,13/25,23.36%,BMP2;WNT4;TRIB3;SIK1;ASXL3;SIRT1;ERLIN2;APOC1;AKR1C3;ACADVL;KLHL25;PRMT3;WDTC1
ERICH1,GO_Biological_Process_2023,prerank,Positive Regulation Of Neuron Death (GO:1901216),0.4520955962158177,1.064840497154662,0.34868421052631576,1.0,1.0,1/34,0.02%,C1QA
ERICH1,GO_Biological_Process_2023,prerank,Defense Response To Bacterium (GO:0042742),-0.3570174666225713,-1.0635849147613259,0.2849364791288566,1.0,1.0,20/195,10.01%,DEFB119;DEFB135;CXCL13;GNLY;IL23R;OAS3;CFP;IL23A;F3;GSDMA;PLA2G2A;RARRES2;LPO;MYD88;ANG;NAIP;H2BC11;SFTPD;SEMG1;NLRP10
ERICH1,GO_Biological_Process_2023,prerank,Sensory Perception Of Bitter Taste (GO:0050913),0.4432477962478298,1.063509959130125,0.346072186836518,1.0,1.0,4/38,5.64%,RTP4;CST4;TAS2R4;TAS2R30
ERICH1,GO_Biological_Process_2023,prerank,Regulation Of Interleukin-8 Production (GO:0032677),0.39381209716778626,1.063474329449881,0.31026785714285715,1.0,1.0,14/81,12.93%,IL6;PARK7;TLR7;SSC5D;NOD1;ANXA1;RIPK1;LGALS9;IL17D;TLR2;SERPINE1;BCL3;HYAL2;TIRAP
ERICH1,GO_Biological_Process_2023,prerank,Negative Regulation Of Type I Interferon Production (GO:0032480),-0.44110720623295874,-1.0632357323976591,0.33587786259541985,1.0,1.0,12/38,21.98%,XAF1;HAVCR2;TRIM27;DHX58;ATG5;RNF125;KLHL22;SIRPA;ILRUN;OTUD5;YY1;PPM1B
ERICH1,GO_Biological_Process_2023,prerank,Positive Regulation Of T Cell Differentiation (GO:0045582),-0.4040387239118366,-1.0631768742578565,0.31589147286821706,1.0,1.0,16/64,12.06%,LILRB4;IL23R;IL23A;VSIR;GATA3;SMARCD2;FOXP3;HLA-G;AMBRA1;TNFSF4;DUSP10;LEF1;CR1;CD46;SART1;ARID2
ERICH1,GO_Biological_Process_2023,prerank,Cellular Response To Mechanical Stimulus (GO:0071260),-0.42815615595364614,-1.0629973899894176,0.37109375,1.0,1.0,17/48,17.63%,KCNK4;LTBR;MYD88;CHEK1;F11R;PTGER4;CRADD;BAK1;PDE2A;BCL10;TMEM150C;MAPK8;BNIP3;MAP3K2;TNFRSF10B;CASP2;HABP4
ERICH1,GO_Biological_Process_2023,prerank,Neural Tube Closure (GO:0001843),-0.46764393915894453,-1.0628744325429729,0.3503787878787879,1.0,1.0,11/32,15.76%,PAX2;GRHL3;MTHFD1;STIL;FUZ;LRP2;BCL10;GRHL2;MTHFR;CELSR1;DVL3
ERICH1,GO_Biological_Process_2023,prerank,Potassium Ion Transport (GO:0006813),-0.3752573538010847,-1.0623862099071038,0.31203007518796994,1.0,1.0,28/122,12.15%,KCNH3;KCNC2;PKD2L1;LRRC55;KCNQ4;KCNB1;SLC9C2;KCNK4;LRRC38;KCNJ2;KCNB2;LRRC26;ABCC8;KCNH1;KCNA3;KCNA7;ATP1B3;SLC9A9;ATP1A4;TMEM175;CHP1;SLC9A5;KCND3;KCND2;SLC24A3;SLC24A4;KCNAB1;HCN2
ERICH1,GO_Biological_Process_2023,prerank,Actin Nucleation (GO:0045010),-0.5027278270007868,-1.0617554387201438,0.40077821011673154,1.0,1.0,9/21,19.51%,LMOD3;TRIM27;MAGEL2;WHAMM;WASH6P;ARPC1A;JMY;WASHC1;WIPF3
ERICH1,GO_Biological_Process_2023,prerank,Regulation Of mRNA Catabolic Process (GO:0061013),-0.4295729691622182,-1.0616081681077696,0.3420074349442379,1.0,1.0,15/46,17.98%,PUM2;KHSRP;RBM24;PKP3;CARHSP1;FXR1;PRKCD;SERBP1;MAGOH;CNOT8;ZC3H12A;ZFP36;PNPT1;YTHDF1;PRR5L
ERICH1,GO_Biological_Process_2023,prerank,poly(A)+ mRNA Export From Nucleus (GO:0016973),-0.5096608199750564,-1.0615697568565172,0.3766478342749529,1.0,1.0,11/20,26.13%,ZC3H11B;HHEX;DDX25;SARNP;NUP133;POLDIP3;DDX19A;PABPN1;MCM3AP;THOC2;DDX19B
ERICH1,GO_Biological_Process_2023,prerank,Adaptive Immune Response Based On Somatic Recombination Of Immune Receptors Built From Immunoglobulin Superfamily Domains (GO:0002460),-0.4829009732610367,-1.0606512357038316,0.3542074363992172,1.0,1.0,8/23,16.32%,SLA2;MYO1G;IL18BP;CR1;CD46;JAG1;MSH2;GNL1
ERICH1,GO_Biological_Process_2023,prerank,Mononuclear Cell Differentiation (GO:1903131),-0.494994572250744,-1.0599510243293437,0.36182902584493043,1.0,1.0,5/24,7.89%,IKZF1;FLT3;IFI16;BATF3;IRF8
ERICH1,GO_Biological_Process_2023,prerank,Nucleosome Assembly (GO:0006334),-0.4230652153662898,-1.059696952145172,0.3351749539594843,1.0,1.0,24/54,24.76%,CHRAC1;SUPT16H;HAT1;H2BC11;SMARCA5;DAXX;NAP1L1;NASP;NAP1L4;HMGB2;CABIN1;H2BC13;NPM1;H2BC9;H2BC14;NAP1L2;ATRX;GRWD1;SART3;H2BC17;HIRA;H4C9;NAP1L3;SPTY2D1
ERICH1,GO_Biological_Process_2023,prerank,Regulation Of Potassium Ion Transmembrane Transport (GO:1901379),0.45018821528024316,1.0591569603110778,0.32595573440643866,1.0,1.0,17/33,22.19%,KCNAB3;FHL1;STK39;KCNE2;BIN1;KCNH2;KCNE5;CAB39;KCNN2;YWHAE;DLG1;KCNIP1;FLNA;CAV1;CAV3;KCNAB2;KCNQ1
ERICH1,GO_Biological_Process_2023,prerank,Respiratory Chain Complex IV Assembly (GO:0008535),0.4806148207646064,1.0574500867333458,0.39622641509433965,1.0,1.0,15/26,20.31%,STMP1;COA5;COA3;SCO1;COX18;PET100;UQCC5;SCO2;SLC25A46;COX14;COA1;TIMM21;PET117;COA8;COX15
ERICH1,GO_Biological_Process_2023,prerank,Detection Of Chemical Stimulus Involved In Sensory Perception Of Bitter Taste (GO:0001580),0.44324930874863444,1.0572364644391605,0.33970276008492567,1.0,1.0,4/37,5.64%,RTP4;CST4;TAS2R4;TAS2R30
ERICH1,GO_Biological_Process_2023,prerank,Positive Regulation Of Vacuole Organization (GO:0044090),0.48994469199524493,1.0566723661062014,0.37627811860940696,1.0,1.0,9/21,18.67%,ELAPOR1;SNX33;PIP4K2A;PPP3CB;SNX7;RAB3GAP1;PIP4K2B;WDR45;SNX18
ERICH1,GO_Biological_Process_2023,prerank,Chemokine-Mediated Signaling Pathway (GO:0070098),-0.41778319956622717,-1.0564255033471233,0.33528265107212474,1.0,1.0,14/55,19.60%,CXCL13;CXCL2;THPO;CCL25;XCL1;CIB1;CXCL5;CXCL6;PTK2B;CXCL1;WNK1;SH2B3;CXCL12;OXSR1
ERICH1,GO_Biological_Process_2023,prerank,Protein Homotetramerization (GO:0051289),-0.4212727217077434,-1.0563247099483535,0.34942084942084944,1.0,1.0,20/53,21.29%,AQP5;PKD2L1;KCNJ2;UPB1;ALDH1A2;AQP4;RYR1;ALDH9A1;ME1;GOLGA2;TK1;ALDOA;SSBP1;THG1L;HSD17B10;SOD2;SHMT1;MCOLN1;CTH;OSBPL2
ERICH1,GO_Biological_Process_2023,prerank,Bile Acid Metabolic Process (GO:0008206),-0.46250725346619037,-1.0563011449394015,0.3659491193737769,1.0,1.0,14/31,21.29%,SLC27A2;AKR1D1;OSBP;CYP46A1;HSD3B7;ACOT8;ABCD3;AMACR;CYP27A1;NPC1;HSD17B10;CYP39A1;CYP7B1;OSBPL2
ERICH1,GO_Biological_Process_2023,prerank,Activation Of Phospholipase C Activity (GO:0007202),-0.4802734849181102,-1.0562403706474663,0.367816091954023,1.0,1.0,8/27,12.47%,RASGRP4;TXK;P2RY6;NMUR1;ANG;EDNRA;HTR2B;PLCB2
ERICH1,GO_Biological_Process_2023,prerank,Positive Regulation Of DNA Metabolic Process (GO:0051054),-0.3759943244433274,-1.0559682980708152,0.3352165725047081,1.0,1.0,49/108,25.23%,STPG4;ACTR5;RAD50;EYA4;TIGAR;STON1;ATAD5;TFPT;USP7;WRN;NPM2;EYA2;ACD;SMARCA5;RNF168;EGF;SIRT1;GNL3;SIRT6;MYC;WRAP53;INO80E;BCAR3;RAD51;UBE2N;TERF1;BRPF3;POT1;ZCWPW1;INO80B;TOX;ACTL6A;ATRX;GINS1;GINS3;YY1;DHX36;GINS4;PML;RUVBL1;ACTR8;INO80C;CCDC117;HMGB1;TMEM161A;TRIM28;DEPDC1B;INO80D;USP9X
ERICH1,GO_Biological_Process_2023,prerank,Positive Regulation Of Cell Division (GO:0051781),0.4328064631592085,1.0557928527576748,0.35064935064935066,1.0,1.0,12/43,17.59%,NKX3-1;SSTR5;MAP10;CXCR5;FGFR2;KIF23;CDC25B;SVIL;SIRT2;PRKCE;CDC14B;KIF20B
ERICH1,GO_Biological_Process_2023,prerank,Cardiac Ventricle Morphogenesis (GO:0003208),-0.43243140977787964,-1.0550247743283112,0.3477366255144033,1.0,1.0,11/42,15.43%,HAND1;GATA3;GSK3A;NOTCH1;MEF2C;HEYL;JAG1;TGFBR2;CPE;TGFBR3;SOX4
ERICH1,GO_Biological_Process_2023,prerank,Response To Lipopolysaccharide (GO:0032496),-0.36212083521842725,-1.054861611577064,0.3045045045045045,1.0,1.0,44/156,18.21%,CXCL13;LY96;IL23R;TICAM1;CXCL2;JAK2;CD274;NOS1;SBNO2;IFNAR1;NOCT;MYD88;PPM1E;MEF2C;CITED1;TNFSF4;MAPKAPK3;CXCL5;TNFRSF11A;TNFRSF1B;BCL10;RHOA;DAB2IP;SNCA;SELENOS;LDOC1;LIAS;CASP7;ZC3H12A;CHMP5;MAPK8;RPS6KA3;CXCL6;SIRPA;HMGB2;ZFP36;CXCL1;HNRNPA0;SMAD6;SHPK;XBP1;UXT;PALM3;NOS2
ERICH1,GO_Biological_Process_2023,prerank,Extrinsic Apoptotic Signaling Pathway Via Death Domain Receptors (GO:0008625),-0.45488297850144643,-1.0544796272261967,0.37044534412955465,1.0,1.0,16/30,28.06%,TRADD;CRADD;SORT1;DAB2IP;DAXX;DEDD2;CASP10;TNFRSF10B;MOAP1;CASP8AP2;TNFRSF1A;FADD;ZDHHC3;BAX;BID;BLOC1S2
ERICH1,GO_Biological_Process_2023,prerank,Negative Regulation Of Cell Development (GO:0010721),0.48738350323987745,1.0542969196333043,0.3580508474576271,1.0,1.0,8/22,15.58%,IL6;REST;IGF1;GSK3B;IL17D;DYNLT1;RFLNB;RFLNA
ERICH1,GO_Biological_Process_2023,prerank,Regulation Of Protein Localization (GO:0032880),0.38636797489298574,1.0541822092033593,0.3201754385964912,1.0,1.0,37/95,21.78%,NKX3-1;TRIM68;TRIM6;SETD2;OOEP;SUMO3;PLEKHM2;TPR;TRIM46;RAB14;RAB11FIP5;VCPIP1;TRIM58;PRKAA2;GPC2;USP8;FKBP1A;MAP2;TRIM34;BORA;GBF1;BDNF;GPC3;RAB11B;TRIM38;DLG1;PPM1F;PICALM;PARP1;TRIM25;CTNNB1;ATCAY;TRIM5;DNAJB6;KCNAB2;GPC5;CTSD
ERICH1,GO_Biological_Process_2023,prerank,Stress-Activated Protein Kinase Signaling Cascade (GO:0031098),0.4998231090107171,1.0537830416566705,0.3649789029535865,1.0,1.0,9/20,20.29%,IKBKB;TAOK2;NLRP1;MAPK3;MAP2K6;MAP3K5;MAP3K13;STK26;MAP2K3
ERICH1,GO_Biological_Process_2023,prerank,Positive Regulation Of Osteoblast Differentiation (GO:0045669),0.43068257304897267,1.0532401813901582,0.33601609657947684,1.0,1.0,21/44,19.64%,IL6;SCUBE3;IL6R;IGF1;DDR2;DNAI3;NELL1;LRP3;BMP7;BMP4;CCNA2;TENT5A;HGF;ACVR2A;YAP1;CTNNBIP1;ACVR2B;IFITM1;ATRAID;FBXO5;BMPR1B
ERICH1,GO_Biological_Process_2023,prerank,Negative Regulation Of Signaling Receptor Activity (GO:2000272),-0.4853791361892965,-1.0532223923371042,0.3686274509803922,1.0,1.0,10/25,22.67%,LILRB4;SLC6A9;GPRC5A;CBLB;ERRFI1;HFE;SNX6;VPS25;CHMP6;ZGPAT
ERICH1,GO_Biological_Process_2023,prerank,Ganglioside Metabolic Process (GO:0001573),-0.5148876355455305,-1.0529350578224923,0.4007707129094412,1.0,1.0,6/19,13.84%,B4GALNT1;B3GALT4;ST8SIA4;NEU1;NEU3;GM2A
ERICH1,GO_Biological_Process_2023,prerank,Cellular Response To Tumor Necrosis Factor (GO:0071356),-0.3714325683059042,-1.0525316504408364,0.3219047619047619,1.0,1.0,28/117,15.84%,JAK2;CCL25;TRADD;GBA1;CARD14;XCL1;GATA3;NPNT;LRRK2;YBX3;CIB1;EIF5A;CHUK;GSDME;TNFRSF11A;TDGF1;TNFRSF1B;DAB2IP;SIRT1;SMPD4;RRAGA;BIRC2;ZC3H12A;TRAF4;ZFP36;PTK2B;TNFRSF21;TNFSF11
ERICH1,GO_Biological_Process_2023,prerank,Positive Regulation Of Transforming Growth Factor Beta Receptor Signaling Pathway (GO:0030511),-0.4875943762970484,-1.0522403223240329,0.38049713193116635,1.0,1.0,7/24,12.72%,CDKN2B;ING2;ZEB2;LRG1;CITED1;DAB2;SNW1
ERICH1,GO_Biological_Process_2023,prerank,Positive Regulation Of Cellular Response To Transforming Growth Factor Beta Stimulus (GO:1903846),-0.4875943762970484,-1.0522403223240329,0.38049713193116635,1.0,1.0,7/24,12.72%,CDKN2B;ING2;ZEB2;LRG1;CITED1;DAB2;SNW1
ERICH1,GO_Biological_Process_2023,prerank,Protein Insertion Into Membrane (GO:0051205),0.5070780840884281,1.0520892706194322,0.3927855711422846,1.0,1.0,9/19,22.13%,RTP4;CCDC47;WDR83OS;COX18;GET3;REEP1;SEC61A1;TRAM2;EGFR
ERICH1,GO_Biological_Process_2023,prerank,Positive Regulation Of mRNA Catabolic Process (GO:0061014),-0.42873447394346365,-1.05198478792774,0.35940409683426444,1.0,1.0,17/45,21.61%,TNRC6B;KHSRP;RBM24;EIF4ENIF1;FXR1;FTO;CNOT8;ZC3H12A;GIGYF2;ROCK2;ZFP36;PNPT1;YTHDF1;PRR5L;METTL14;ROCK1;DHX36
ERICH1,GO_Biological_Process_2023,prerank,Positive Regulation Of Receptor Signaling Pathway Via STAT (GO:1904894),-0.44876208517188776,-1.0519350503415044,0.3759124087591241,1.0,1.0,7/37,9.06%,JAK2;HES1;NOTCH1;F2;GH2;CAMK2A;KIT
ERICH1,GO_Biological_Process_2023,prerank,Zymogen Activation (GO:0031638),-0.4304400496012317,-1.0513507418130454,0.36229205175600737,1.0,1.0,21/44,25.29%,CYCS;KLK1;VSIR;IFI16;APOH;PRSS12;CUZD1;BAK1;ASPH;OMA1;NLRC4;CASP9;RIPK2;GGT1;CIDEB;CYFIP2;PERP;KLKB1;PLAU;MMP14;GRIN2A
ERICH1,GO_Biological_Process_2023,prerank,Fc Receptor Mediated Stimulatory Signaling Pathway (GO:0002431),-0.4957968476310476,-1.0502354935790867,0.3827392120075047,1.0,1.0,8/22,17.81%,PLPP4;MYO1G;PTK2;SRC;PRKCD;HCK;SYK;PLD2
ERICH1,GO_Biological_Process_2023,prerank,Response To Transforming Growth Factor Beta (GO:0071559),-0.4438588727902109,-1.0501116192388293,0.3516483516483517,1.0,1.0,8/38,15.22%,MXRA5;WNT4;XCL1;MEF2C;CITED1;PDE2A;ROCK2;ZFHX3
ERICH1,GO_Biological_Process_2023,prerank,Regulation Of Monoatomic Ion Transport (GO:0043269),0.4643990421308549,1.0500195351604302,0.36254980079681276,1.0,1.0,8/28,13.01%,KCNJ4;KCNJ8;SCN10A;KCNJ12;STC1;KCNJ10;HTR1A;CLDN10
ERICH1,GO_Biological_Process_2023,prerank,Immunoglobulin Mediated Immune Response (GO:0016064),0.4631381105895582,1.0498529743725722,0.3657505285412262,1.0,1.0,5/28,10.69%,MPL;CD19;FCER1G;HLA-DPA1;HLA-DMB
ERICH1,GO_Biological_Process_2023,prerank,Regulation Of Actin Filament-Based Process (GO:0032970),-0.4026916460473615,-1.049826286566382,0.32899628252788105,1.0,1.0,25/69,21.04%,CORO2B;GRHL3;DAAM2;RHOQ;CORO1A;F11R;RHOG;ARHGEF19;CDC42;RHOA;LRP1;PRKCD;ABRACL;EFNA5;EPHA5;HCK;ROCK2;CELSR1;FSCN1;MTOR;NRG1;EPHA3;PAK3;HIP1R;ROCK1
ERICH1,GO_Biological_Process_2023,prerank,Regulation Of Cell Migration Involved In Sprouting Angiogenesis (GO:0090049),0.4582280656083116,1.0495833617473485,0.35330578512396693,1.0,1.0,9/30,16.04%,SRPX2;TBXA2R;ANXA1;CARD10;RHOJ;PIK3C2A;HDAC9;MMRN2;KDR
ERICH1,GO_Biological_Process_2023,prerank,Immune Response-Activating Cell Surface Receptor Signaling Pathway (GO:0002429),-0.4971571856916915,-1.0486823182949465,0.3737957610789981,1.0,1.0,6/22,13.62%,SLA2;C3AR1;FPR3;CR1;FPR1;MICB
ERICH1,GO_Biological_Process_2023,prerank,Anterograde Trans-Synaptic Signaling (GO:0098916),0.34363006479486785,1.0477622053851674,0.2953020134228188,1.0,1.0,61/199,18.36%,CRH;KCNA1;CHRNE;PDE7B;HRH4;PCDHB6;ZACN;CPLX1;GAD2;HTR6;OPRK1;HTR4;HCRT;PAFAH1B1;GABRQ;NLGN1;HRH3;SDCBP;GLRA3;NLGN4X;HTR3E;GABRB3;KCNN1;RPS6KA1;SLC1A6;CHRM5;GABRB2;GRIK4;PCDHB10;APBA2;CHRNA10;HTR2C;UNC119;SNAP25;GABRR3;NLGN4Y;HTR1E;SYPL1;CHRNB1;NRXN2;HTR1A;GRM7;KCNC4;PCDHB13;GPR176;SLC12A5;SYT1;SLC12A4;MINK1;HTR7;NRXN1;CHRM2;LPAR3;NPY5R;CHRNA3;DLGAP1;SLC1A1;DLG1;DLG4;APBA1;GRIK1
ERICH1,GO_Biological_Process_2023,prerank,Positive Regulation Of Immune System Process (GO:0002684),-0.47016590607634035,-1.0475931011146404,0.3879781420765027,1.0,1.0,6/27,6.95%,C6;CFP;AQP3;HLA-G;MADCAM1;ZP3
ERICH1,GO_Biological_Process_2023,prerank,Fc-epsilon Receptor Signaling Pathway (GO:0038095),0.4837567643293657,1.0467700434439569,0.38381742738589214,1.0,1.0,6/22,13.40%,MAPK10;IKBKB;FCER1G;PLCG2;MAP3K1;PLCG1
ERICH1,GO_Biological_Process_2023,prerank,Cell Morphogenesis Involved In Neuron Differentiation (GO:0048667),0.388349926533116,1.045814934671795,0.3490759753593429,1.0,1.0,28/77,19.53%,SLITRK6;TBCD;PLPPR4;SLITRK4;DCDC2;MEF2A;NTNG1;SLITRK3;FGFR2;CTNNA2;UNK;ADGRB1;ZDHHC17;CCK;TRIM46;BTBD3;TAOK2;APBB1;RAB3A;MAP2;MAP6;MINK1;RYK;NRCAM;SSNA1;BAIAP2;ATL1;SLITRK5
ERICH1,GO_Biological_Process_2023,prerank,Phospholipid Metabolic Process (GO:0006644),0.39397737077316725,1.0455740069131936,0.329004329004329,1.0,1.0,20/69,15.01%,PLB1;LCAT;PLA2G3;OC90;PLA2G10;PLPPR4;ALOX15B;PLPPR2;PNLIPRP2;FITM2;PCYT2;FADS1;PIP4P1;PLCD1;PLA2G15;AGPAT4;PLPP1;ABHD12;PIP5K1A;AGPAT1
ERICH1,GO_Biological_Process_2023,prerank,Positive Regulation Of Transcription By RNA Polymerase I (GO:0045943),-0.45673450728064524,-1.045428048081967,0.3607843137254902,1.0,1.0,12/33,17.70%,RASL11A;WDR75;PIH1D1;BAZ1B;PWP1;SMARCA5;UTP15;DDX21;NCL;MTOR;DHX33;UBTF
ERICH1,GO_Biological_Process_2023,prerank,Regulation Of Neuron Death (GO:1901214),0.4055217321946566,1.0452740345168279,0.34893617021276596,1.0,1.0,16/58,16.86%,C1QA;PARK7;PRNP;CSF1;CHRNA7;AKT1S1;DHCR24;CHGA;FYN;TSC1;CD200R1;TBK1;MAP3K5;CD200;GRID2;EGLN3
ERICH1,GO_Biological_Process_2023,prerank,Synapse Organization (GO:0050808),0.3621220800629353,1.0445052520485278,0.3267543859649123,1.0,1.0,38/131,19.25%,C1QA;SLITRK6;PCDHB6;REST;NLGN1;MUSK;NLGN4X;NTNG1;SLITRK3;CHRNA7;ELFN1;PCDHB10;UNC13A;TNC;SLC8A2;ARHGAP39;SHANK3;CDH2;NRXN2;SLC8A3;PCDHB13;BDNF;PPFIA1;PPFIA2;SEMA3E;NRXN1;SDF4;LRRC4C;PTPRS;RYK;HMCN2;GPC4;NRCAM;GPM6A;GRM5;DSCAM;APBB2;ZDHHC2
ERICH1,GO_Biological_Process_2023,prerank,Endoderm Formation (GO:0001706),-0.45154490815730874,-1.0443072851490818,0.34592445328031807,1.0,1.0,11/35,15.82%,SOX7;ITGB2;DUSP2;COL7A1;DUSP5;LHX1;ITGAV;COL4A2;DUSP1;INHBA;COL8A1
ERICH1,GO_Biological_Process_2023,prerank,Positive Regulation Of Osteoclast Differentiation (GO:0045672),-0.505139856114881,-1.0435841546012963,0.38235294117647056,1.0,1.0,5/18,17.59%,IL23R;IL23A;TNFRSF11A;TNFSF11;TMEM64
ERICH1,GO_Biological_Process_2023,prerank,Regulation Of Endopeptidase Activity (GO:0052548),-0.3957174687901784,-1.0413156880659618,0.35443037974683544,1.0,1.0,17/68,18.19%,SERPINA6;SERPINB8;VSIR;TIMP1;SERPINH1;FETUB;AHSG;SERPINB6;SPOCK2;SERPINI2;SPOCK3;PSENEN;BIRC2;SERPING1;SERPINI1;TIMP3;NRG1
ERICH1,GO_Biological_Process_2023,prerank,Positive Regulation Of Glial Cell Differentiation (GO:0045687),-0.5223937691275888,-1.0412655489897842,0.4015151515151515,1.0,1.0,6/17,16.18%,BMP2;HES1;NOTCH1;EGR2;TNFRSF1B;PTN
ERICH1,GO_Biological_Process_2023,prerank,Epithelial Structure Maintenance (GO:0010669),0.5025033181636378,1.0411799627423248,0.4147368421052632,1.0,1.0,3/19,6.29%,MUC6;MUC13;ILDR1
ERICH1,GO_Biological_Process_2023,prerank,Intracellular Monoatomic Cation Homeostasis (GO:0030003),-0.3500547053471913,-1.0408881839500947,0.32967032967032966,1.0,1.0,50/190,20.13%,CTRC;SLC30A2;TMPRSS6;TMC8;KCNJ2;F3;PLN;DRD4;SCNN1B;BMP6;SCNN1G;SLC24A5;ATP1B3;TMPRSS4;ATP6V0A2;ALAS2;ATP13A4;COX19;ATP1A4;STC2;APP;SLC12A2;DRD3;SLC22A17;EDNRA;SLC24A3;TRPV4;SLC24A4;SCNN1A;HTR2B;TRDN;RGN;SOD1;ABCB7;SLC30A7;TESMIN;MYC;FBXL5;ATP1A2;HMOX1;IREB2;ATP6AP1;RMDN3;ATP13A1;ISCU;CXCL12;HFE;CALCB;RYR2;ATP1A1
ERICH1,GO_Biological_Process_2023,prerank,Regulation Of Insulin Secretion (GO:0050796),0.37871342503367406,1.0407564780196457,0.34347826086956523,1.0,1.0,18/87,11.06%,INHBB;IL6;SSTR5;KCNA5;MYRIP;FOXA2;CCL5;REST;NR1D1;ABCA12;CAPN10;FAM3D;PPP3CB;RFX3;ADCY8;CHGA;SNAP25;IRS1
ERICH1,GO_Biological_Process_2023,prerank,Sodium Ion Transmembrane Transport (GO:0035725),-0.3872072268681072,-1.0404735413845598,0.3771106941838649,1.0,1.0,21/82,15.72%,PKD2L1;SLC12A3;SLC9C2;ASIC3;SLC6A9;SLC4A4;SCNN1B;SCNN1G;SLC6A12;ATP1B3;SLC9A9;ATP1A4;SLC12A2;SLC9A5;SLC24A3;SLC24A4;SCNN1A;HCN2;SLC6A15;SLC6A3;ATP1A2
ERICH1,GO_Biological_Process_2023,prerank,Negative Regulation Of Endothelial Cell Apoptotic Process (GO:2000352),0.4639745438302679,1.0394790624388681,0.38675213675213677,1.0,1.0,7/26,18.46%,TNFAIP3;SERPINE1;RAMP2;NDNF;KDR;GAS6;PDPK1
ERICH1,GO_Biological_Process_2023,prerank,Regulation Of Histone Deacetylation (GO:0031063),-0.4938293467807571,-1.039434358744852,0.4011090573012939,1.0,1.0,5/21,12.81%,ING2;FOXP3;KAT2B;SMARCA5;SIRT1
ERICH1,GO_Biological_Process_2023,prerank,Regulation Of Transcription Involved In G1/S Transition Of Mitotic Cell Cycle (GO:0000083),-0.49248566327935167,-1.0382633481629295,0.375,1.0,1.0,13/19,25.58%,KLF11;CDK5;HINFP;E2F7;E2F2;CDK18;E2F1;RB1;NPAT;CDK16;TFDP1;ID2;CDK15
ERICH1,GO_Biological_Process_2023,prerank,Regulation Of Smooth Muscle Cell Proliferation (GO:0048660),0.4073791265703153,1.038227968921978,0.37684210526315787,1.0,1.0,23/54,22.09%,TNFAIP3;IL6;SERPINF2;ELN;CCL5;IL6R;PDGFB;IL12A;IGF1;IGFBP5;BMP4;TGFB1;PPARG;HDAC1;TCF7L2;PHB1;THBS1;PRKDC;CTNNB1;MFN2;AKT1;PDGFRB;OGN
ERICH1,GO_Biological_Process_2023,prerank,Positive Regulation Of Cytokinesis (GO:0032467),0.4306269315653868,1.0379649602034413,0.3953488372093023,1.0,1.0,13/39,20.67%,SSTR5;MAP10;CXCR5;INCENP;BIRC5;KIF23;CDC25B;SVIL;PRKCE;CDC14B;KIF20B;CSPP1;SPAST
ERICH1,GO_Biological_Process_2023,prerank,Muscle Contraction (GO:0006936),-0.3792614705332331,-1.0378800661288525,0.34476190476190477,1.0,1.0,27/94,15.69%,SGCA;LMOD3;CHRNB2;CHRNG;CLCN1;BDKRB2;NOS1;TMOD2;ADRA1D;CKMT2;NMUR1;GNAO1;ARHGEF11;EMD;EDNRA;RYR1;ASPH;TMOD1;LTB4R;TRDN;MYL6B;ALDOA;SNTA1;TPM2;ROCK2;MYOF;GLRA1
ERICH1,GO_Biological_Process_2023,prerank,Defense Response To Symbiont (GO:0140546),0.3559401052026117,1.0378706445495396,0.3304535637149028,1.0,1.0,37/148,17.10%,RTP4;OASL;IRF7;IL6;TLR7;PLA2G10;AZU1;IKBKE;IFIT1B;RSAD2;OPRK1;SETD2;NT5C3A;IFNLR1;APOBEC3D;TLR2;LYST;IFI27;APOBEC3F;RNASEL;IFITM2;MX1;TBKBP1;SLFN13;IFIT1;NLRP1;TBK1;CNOT7;MAP3K14;BCL2;ZCCHC3;IRF2;TANK;CARD8;DDX60;PQBP1;EXOSC4
ERICH1,GO_Biological_Process_2023,prerank,Tube Closure (GO:0060606),-0.46231678839665535,-1.0369371137413843,0.389413988657845,1.0,1.0,10/29,15.48%,PAX2;GRHL3;MTHFD1;STIL;FUZ;LRP2;BCL10;GRHL2;MTHFR;CELSR1
ERICH1,GO_Biological_Process_2023,prerank,Regulation Of TORC1 Signaling (GO:1903432),-0.4243688392700275,-1.0367636361265957,0.38992537313432835,1.0,1.0,27/49,21.66%,STAMBPL1;BMT2;PIH1D1;RNF152;TELO2;SESN3;KPTN;SEC13;ATM;CASTOR1;DYRK3;RRAGA;KLHL22;NPC1;GPR137B;WAC;LARS1;SESN1;RRAGC;ITFG2;SLC38A9;CLEC16A;LAMTOR5;OTUD5;DEPDC5;SESN2;WDR59
ERICH1,GO_Biological_Process_2023,prerank,Regulation Of Monoatomic Ion Transmembrane Transport (GO:0034765),0.4523358248324799,1.0365253146476243,0.3948412698412698,1.0,1.0,6/29,7.09%,KCNJ4;KCNJ8;SCN10A;KCNJ12;P2RX7;WNK3
ERICH1,GO_Biological_Process_2023,prerank,Response To Retinoic Acid (GO:0032526),-0.4034796243188027,-1.0362519230651779,0.362763915547025,1.0,1.0,17/58,20.57%,PAX2;AQP3;WNT3;ALDH1A2;WNT9B;WNT3A;POLR2D;HSD17B2;ATM;SNW1;MICB;PTK2B;RARA;CREB1;EPHA3;SETX;NDUFA13
ERICH1,GO_Biological_Process_2023,prerank,Negative Regulation Of Defense Response (GO:0031348),-0.3668604913860717,-1.0349959480181197,0.3511450381679389,1.0,1.0,38/111,21.98%,TNFAIP6;NR1H4;GBA1;GATA3;IFI16;ENPP3;ALOX5;MYO1C;MUL1;DHX58;YWHAZ;AOAH;PTGER4;OTULIN;RNF26;TRIM21;MACIR;ATG5;CEP63;FXR1;PRKCD;SELENOS;NLRP12;SIRPA;KLF4;FEM1A;LPCAT3;ILRUN;PTPN2;LRFN5;TRAFD1;TYRO3;METRNL;IRAK3;C1QBP;CGAS;RB1;PPM1B
ERICH1,GO_Biological_Process_2023,prerank,Response To Tumor Necrosis Factor (GO:0034612),-0.37277132359479015,-1.0349728143941295,0.36346153846153845,1.0,1.0,28/106,20.02%,JAK2;CCL25;TRADD;GBA1;XCL1;GATA3;NPNT;SMPD1;LRRK2;YBX3;CIB1;CHUK;GSDME;TNFRSF11A;TDGF1;DAB2IP;SIRT1;SMPD4;ZC3H12A;SLC22A5;ZFP36;TNFRSF21;SPHK1;CASP3;INPP5K;MAP2K7;MAP4K3;ADAM10
ERICH1,GO_Biological_Process_2023,prerank,Positive Regulation Of Leukocyte Proliferation (GO:0070665),0.5045367649480107,1.0346208722801022,0.4164859002169197,1.0,1.0,6/17,15.17%,NMBR;IL5RA;IL12A;CSF1;MAPK3;NMB
ERICH1,GO_Biological_Process_2023,prerank,Response To Metal Ion (GO:0010038),-0.4012835639742678,-1.0345672108749069,0.38405797101449274,1.0,1.0,15/64,14.70%,TRPV6;SLC30A2;SLC30A4;MELTF;AQP3;D2HGDH;HVCN1;PLSCR1;CALM3;PDCD6;CALM1;SNCA;GPHN;TRPC1;TESMIN
ERICH1,GO_Biological_Process_2023,prerank,Cellular Response To Insulin Stimulus (GO:0032869),0.3708970543123691,1.0333722224108925,0.3632286995515695,1.0,1.0,35/99,19.73%,PCK1;TRARG1;INHBB;CAPN10;GSK3B;SLC27A1;BCAR1;PRKCI;CAV2;SYAP1;PHIP;SORBS1;PCK2;PIK3C2A;AP3S1;IRS1;IRS4;SHC1;GRB14;GRB2;HDAC9;TBC1D4;PIK3R3;STXBP4;PPARG;USF1;INSIG1;CPEB1;PDPK1;GAB1;PARP1;IDE;BAIAP2;FOXO1;PRKDC
ERICH1,GO_Biological_Process_2023,prerank,Regulation Of Synapse Organization (GO:0050807),-0.4674338447387565,-1.0333061305877478,0.4044265593561368,1.0,1.0,14/25,24.92%,CHRNB2;EPHA4;MDGA1;MEF2C;WNT3A;YWHAZ;CTTNBP2;ARHGAP22;RAB17;PDLIM5;GRIPAP1;CLN3;TANC1;NEDD4
ERICH1,GO_Biological_Process_2023,prerank,Neuropeptide Signaling Pathway (GO:0007218),-0.3894995373678556,-1.0328366761572616,0.36185383244206776,1.0,1.0,14/67,13.49%,PPY;MCHR1;SSTR3;NXPH3;GPR83;OPRM1;PENK;NMUR1;HCRTR1;NXPH4;SORT1;LTB4R;SSTR2;CPE
ERICH1,GO_Biological_Process_2023,prerank,Peptidyl-Proline Modification (GO:0018208),0.4720054686056744,1.0327831869135562,0.40160642570281124,1.0,1.0,7/24,14.60%,FKBP7;PPIL6;PPIB;PPIF;FKBP1A;P3H2;PPIE
ERICH1,GO_Biological_Process_2023,prerank,Regulation Of Calcium-Mediated Signaling (GO:0050848),-0.4561792835978106,-1.0323795799602595,0.3888888888888889,1.0,1.0,7/30,12.15%,SLA2;P2RX3;P2RX2;HTT;LRRK2;SLC24A4;RGN
ERICH1,GO_Biological_Process_2023,prerank,Regulation Of Translational Initiation (GO:0006446),-0.3977945529659772,-1.0318975469680567,0.3793103448275862,1.0,1.0,30/64,25.77%,BZW2;PAIP2;ALKBH1;PAIP2B;DDX1;NCBP1;PAIP1;EIF4EBP1;RBM4;NCK1;NPM1;MTOR;IMPACT;YTHDF1;RPS6KB2;CDC123;HABP4;BOLL;EIF4A2;BZW1;NCBP2;KLHL25;EIF1B;FMR1;EIF3H;EIF4EBP3;PPP1R15B;EIF4H;EIF4B;CTIF
ERICH1,GO_Biological_Process_2023,prerank,Phosphatidylethanolamine Metabolic Process (GO:0046337),0.45803510623464916,1.0318613757257946,0.38137472283813745,1.0,1.0,11/25,12.33%,PLA2G3;PNPLA8;PLA2G10;CHKA;NAPEPLD;CHKB;SLC27A1;NAAA;CEPT1;PCYT2;PLA2G15
ERICH1,GO_Biological_Process_2023,prerank,Positive Regulation Of Notch Signaling Pathway (GO:0045747),0.44487840664735756,1.031330469813423,0.39019189765458423,1.0,1.0,8/33,15.22%,NOTCH2NLB;NOS3;PRKCI;NOTCH2NLC;ROBO1;YAP1;ROBO2;POGLUT1
ERICH1,GO_Biological_Process_2023,prerank,Regulation Of DNA Strand Elongation (GO:0060382),-0.513210582931633,-1.0311991893037538,0.40718562874251496,1.0,1.0,11/16,25.08%,ACTR5;TFPT;INO80E;POT1;INO80B;NUCKS1;YY1;RUVBL1;ACTR8;INO80C;INO80D
ERICH1,GO_Biological_Process_2023,prerank,Cellular Response To Interleukin-1 (GO:0071347),0.3900960667456529,1.0302874021728627,0.3677685950413223,1.0,1.0,16/79,16.87%,NKX3-1;IKBKB;CCL5;NR1D1;SPAM1;NLRP7;HYAL1;NFKB1;HAS2;TOLLIP;HYAL2;IRAK1;MAPK3;USP10;TANK;CCL26
ERICH1,GO_Biological_Process_2023,prerank,Skeletal System Development (GO:0001501),-0.3587880976214419,-1.0294492132197022,0.37358490566037733,1.0,1.0,47/147,23.31%,MEPE;BMP2;PRELP;EXTL1;PHEX;TBX3;P3H1;ANKRD11;FGFR3;BPNT2;SPEF2;BMP6;PAPSS1;AHSG;COL18A1;OPTC;PTGER4;SHOX;POLR2D;EVC;GDF11;RPS6KA3;CNMD;RAB33B;CHD7;AKAP13;TGM2;CD44;ITGB8;ZBTB16;INHA;SULF2;FGF8;TGFB2;DYM;COL27A1;MATN3;GJA1;ETS2;TEAD4;PKD1;SOX5;TRIP11;LECT2;TRAPPC2;FGFR1;PRDX1
ERICH1,GO_Biological_Process_2023,prerank,DNA Geometric Change (GO:0032392),-0.46046377223737095,-1.0289240530673243,0.4214417744916821,1.0,1.0,13/28,26.81%,RAD50;WRN;DDX1;HMGB2;POT1;ZRANB3;DTD1;DHX36;IGHMBP2;HMGB1;MCM8;ASCC3;RTEL1
ERICH1,GO_Biological_Process_2023,prerank,Cell-Cell Junction Organization (GO:0045216),0.3853099710191573,1.0288838234490998,0.3651452282157676,1.0,1.0,19/68,17.48%,CDH26;CDH10;LIMS2;PRTN3;NLGN4X;CTNND1;PKHD1;CDH3;PRKCI;CDH18;SMAD3;CDH2;CDH8;DCHS1;TJP1;MARVELD2;ARVCF;TGFB1;PKP2
ERICH1,GO_Biological_Process_2023,prerank,Positive Regulation Of Potassium Ion Transport (GO:0043268),0.5123928992094517,1.0278258003628293,0.40119760479041916,1.0,1.0,8/15,22.36%,FHL1;KCNH2;KCNE5;DLG1;KIF5B;FLNA;KCNQ1;ANK2
ERICH1,GO_Biological_Process_2023,prerank,Primary Neural Tube Formation (GO:0014020),-0.46232093515246603,-1.0274920750697814,0.40304182509505704,1.0,1.0,10/28,15.48%,PAX2;GRHL3;MTHFD1;STIL;FUZ;LRP2;BCL10;GRHL2;MTHFR;CELSR1
ERICH1,GO_Biological_Process_2023,prerank,Defense Response To Gram-positive Bacterium (GO:0050830),-0.38430025040716814,-1.0271330601433872,0.39814814814814814,1.0,1.0,7/81,8.93%,DEFB119;DEFB135;PLA2G2A;RARRES2;MYD88;ANG;H2BC11
ERICH1,GO_Biological_Process_2023,prerank,Chromosome Condensation (GO:0030261),0.4497453781998899,1.0267188406941872,0.4048140043763676,1.0,1.0,15/31,21.04%,H1-6;H1-0;SMC2;H1-10;SMC4;TENT4A;GPER1;DFFB;H1-4;PLK1;TTN;NUSAP1;AKAP8L;AIFM1;NCAPG
ERICH1,GO_Biological_Process_2023,prerank,Positive Regulation Of Protein Localization To Nucleus (GO:1900182),0.37693141185978596,1.026352853395494,0.3766519823788546,1.0,1.0,26/72,18.43%,PARK7;DTX3L;UBR5;EFCAB7;CCT7;CARD10;PPP3CB;MEPCE;PARP9;TPR;PINX1;TYK2;SMAD3;HYAL2;NGFR;CDK1;YAP1;ORMDL3;LIMK2;CDK5RAP3;CCT4;TGFB1;PLK1;ZPR1;EIF2AK3;TCF7L2
ERICH1,GO_Biological_Process_2023,prerank,Heparan Sulfate Proteoglycan Biosynthetic Process (GO:0015012),0.4701766128258049,1.0260170503011972,0.40976645435244163,1.0,1.0,14/23,21.38%,HS3ST6;NDST4;HS3ST3A1;XYLT2;EXT2;EXT1;HS3ST1;NDST1;HS2ST1;GLCE;HS3ST2;EXTL3;SLC35D2;HS3ST3B1
ERICH1,GO_Biological_Process_2023,prerank,Cellular Response To Retinoic Acid (GO:0071300),-0.4218704818707987,-1.0258125614600435,0.4072657743785851,1.0,1.0,12/40,20.57%,PAX2;WNT3;WNT9B;WNT3A;ATM;SNW1;PTK2B;RARA;CREB1;EPHA3;SETX;NDUFA13
ERICH1,GO_Biological_Process_2023,prerank,Positive Regulation Of Myoblast Differentiation (GO:0045663),-0.4340898338968379,-1.0250458343102309,0.4108527131782946,1.0,1.0,21/38,24.63%,MYF6;SMARCD2;MEF2C;RANBP3L;RBM24;AKIRIN1;ARID2;SMARCA2;SOX4;ACTL6A;XKR8;DPF3;SMARCE1;RIPOR2;PBRM1;MAPK14;BTG1;ACTL6B;PLCB1;IGFBP3;LRRC8A
ERICH1,GO_Biological_Process_2023,prerank,Vesicle Cargo Loading (GO:0035459),0.4618886934540019,1.024383531861064,0.4305835010060362,1.0,1.0,10/25,20.62%,CTAGE9;SEC31B;SEC24C;MIA3;SEC31A;SEC24A;TMED2;SAR1A;PICALM;SEC23A
ERICH1,GO_Biological_Process_2023,prerank,Negative Regulation Of Protein Localization To Plasma Membrane (GO:1903077),0.48395921879457254,1.0238206941942272,0.38876889848812096,1.0,1.0,10/20,19.46%,TMBIM1;MRAP2;TMEM59;PPP2R5A;AP2M1;PID1;PPFIA1;TGFB1;PICALM;PKDCC
ERICH1,GO_Biological_Process_2023,prerank,Histone Deacetylation (GO:0016575),-0.433936136833665,-1.0227049060787035,0.41916167664670656,1.0,1.0,18/35,26.64%,MORF4L2;CHD4;MORF4L1;TBL1Y;SIRT1;MBD3;SIRT6;MTA1;MBD2;MTA2;MSL3;SIRT7;HDAC2;GATAD2B;SIRT4;RBBP7;CHD3;ELK4
ERICH1,GO_Biological_Process_2023,prerank,Nuclear-Transcribed mRNA Catabolic Process (GO:0000956),-0.37929049502381473,-1.0218049454791065,0.3828996282527881,1.0,1.0,35/85,20.91%,ZC3H12D;ERI1;PARN;CNOT3;THRAP3;XRN2;DXO;ATM;TENT4B;NCBP1;MAGOH;CNOT8;ZC3H12A;SMG6;PELO;CNOT11;ZFP36;EXOSC7;PAN2;TUT1;PATL2;DCP1B;EXOSC10;DCP1A;RNPS1;TENT2;NCBP2;LSM1;CNOT6L;CNOT6;UPF3B;EXOSC9;SMG8;CNOT2;PDE12
ERICH1,GO_Biological_Process_2023,prerank,Positive Regulation Of Autophagosome Assembly (GO:2000786),0.5078506862321033,1.02179333007105,0.4372384937238494,1.0,1.0,8/16,18.67%,ELAPOR1;SNX33;PIP4K2A;SNX7;RAB3GAP1;PIP4K2B;WDR45;SNX18
ERICH1,GO_Biological_Process_2023,prerank,Negative Regulation Of Blood Coagulation (GO:0030195),0.4479746831858924,1.0215483000341445,0.41975308641975306,1.0,1.0,10/30,17.22%,SERPINF2;TFPI;NOS3;PDGFB;SERPINE1;PDGFRA;F11;GP1BA;F12;PLAT
ERICH1,GO_Biological_Process_2023,prerank,Mesenchymal Cell Differentiation (GO:0048762),-0.3989489639291305,-1.020869222226724,0.4007561436672968,1.0,1.0,18/54,21.04%,BMP2;WNT4;NOTCH1;CUL7;MEF2C;RANBP3L;LEF1;HEYL;HTR2B;NOTCH4;FBXL17;ROCK2;TGFBR3;LOXL3;TGFB2;RBPJ;OTUD5;ROCK1
ERICH1,GO_Biological_Process_2023,prerank,Cardiac Epithelial To Mesenchymal Transition (GO:0060317),-0.4906338468510416,-1.0208159158787002,0.4165029469548134,1.0,1.0,9/19,19.73%,BMP2;TBX3;NOTCH1;HEYL;OLFM1;TGFBR3;FGF8;TGFB2;RBPJ
ERICH1,GO_Biological_Process_2023,prerank,Heart Contraction (GO:0060047),0.4198307065640659,1.020646674319861,0.41702127659574467,1.0,1.0,15/41,22.19%,TNNC1;TAFAZZIN;GRK2;MYL3;KCNH2;KCNE5;SCN4B;SCN3B;ACTC1;GAA;TTN;RANGRF;PIK3CA;TNNI3;KCNQ1
ERICH1,GO_Biological_Process_2023,prerank,Secondary Alcohol Metabolic Process (GO:1902652),0.4090766261509714,1.0204822378395018,0.41810344827586204,1.0,1.0,15/47,21.46%,SULT2A1;LCAT;SULT2B1;LDLRAP1;IDH2;PIP4P1;GBA2;SOAT1;CLN6;CYP11A1;OSBPL1A;PPARD;SQLE;IDH3B;ABCG1
ERICH1,GO_Biological_Process_2023,prerank,Negative Regulation Of BMP Signaling Pathway (GO:0030514),-0.42145603282444344,-1.0203004293599678,0.40630797773654914,1.0,1.0,15/43,19.44%,SOSTDC1;TNFAIP6;GREM2;CER1;NOTCH1;UBE2D1;VWC2L;LRP2;LEMD3;VWC2;SMAD6;TRIM33;RBPMS2;TMEM53;NBL1
ERICH1,GO_Biological_Process_2023,prerank,mRNA Polyadenylation (GO:0006378),-0.46973883382311465,-1.0193176788741793,0.42748091603053434,1.0,1.0,12/24,18.01%,CSTF3;PAPOLA;PAPOLB;APP;TENT4B;SSU72;CPSF2;TUT1;LEO1;PNPT1;CPSF3;TENT2
ERICH1,GO_Biological_Process_2023,prerank,Regulation Of Isotype Switching (GO:0045191),0.5231439886961097,1.018947118661798,0.42643923240938164,1.0,1.0,3/15,8.75%,MAD2L2;KMT5B;SHLD2
ERICH1,GO_Biological_Process_2023,prerank,Regulation Of Protein Localization To Plasma Membrane (GO:1903076),0.3826219014736276,1.0189445712450191,0.38443935926773454,1.0,1.0,31/80,19.96%,AGR2;TMBIM1;NKD2;ZDHHC5;MRAP2;TMEM59;WNK3;EPHA2;LDLRAP1;PPP2R5A;AP2M1;ITGA3;PRKCI;PID1;SORBS1;ACTB;GPER1;PPFIA1;PRKCE;ITGB1;ZDHHC8;ARF6;ATP2B4;TGFB1;DLG1;VAMP8;PDPK1;PICALM;KIF5B;ZDHHC2;RANGRF
ERICH1,GO_Biological_Process_2023,prerank,Regulation Of Endocytosis (GO:0030100),-0.3861799868175113,-1.0174510520383777,0.3916967509025271,1.0,1.0,34/66,26.79%,SMPD1;STON1;LRSAM1;RUBCN;DAB2;PACSIN3;RUFY2;SRC;SNCA;LRP1;ITGAV;LRPAP1;SYT11;HCK;SPHK1;SYK;RUFY1;RAB17;CALY;EPHA3;SCAMP5;ZFYVE16;HIP1R;ROCK1;OPHN1;ABL2;PACSIN1;PACSIN2;MCTP1;FLOT1;APOE;CLIP3;SCARB1;CBLL1
ERICH1,GO_Biological_Process_2023,prerank,Regulation Of Cell Cycle Process (GO:0010564),-0.35790485247994935,-1.0169908690316694,0.39552238805970147,1.0,1.0,48/129,21.67%,KIF2B;ANKK1;CDKN2B;PUM2;SMARCD2;CUL7;OBSL1;CHEK1;CALM3;USP51;DPF1;PIN1;CDC42;BCL7C;ARID2;CALM1;MAP9;BUB1;PIK3R4;CCNL2;PRPF40A;ECT2;SMARCA2;TIPIN;MYC;SH3GLB1;L3MBTL1;KLHL21;KNSTRN;ACTL6A;BBS4;E4F1;DPF3;PRMT5;AURKA;DBF4;UVRAG;RPRD1B;SMARCE1;MARK4;FBXO43;BCL2L1;NUDT16;PBRM1;BCL7A;ENTR1;APC;PLK3
ERICH1,GO_Biological_Process_2023,prerank,Leukotriene Biosynthetic Process (GO:0019370),0.5020605590822198,1.0166721597453448,0.44349680170575695,1.0,1.0,4/17,15.56%,GGT6;LTC4S;LTA4H;PLA2G4A
ERICH1,GO_Biological_Process_2023,prerank,Cellular Response To Cadmium Ion (GO:0071276),0.4730853379683854,1.016491232557128,0.41330645161290325,1.0,1.0,15/22,26.26%,SLC11A1;MT1F;JUN;MMP9;MAPK3;HSF1;FOS;MT1X;MT1G;MT1H;AKT1;EGFR;SLC39A8;MAPK1;MT1E
ERICH1,GO_Biological_Process_2023,prerank,Cardiac Atrium Morphogenesis (GO:0003209),-0.49965013742113146,-1.0163350326727676,0.444007858546169,1.0,1.0,5/18,20.32%,BMP2;NOTCH1;BMPR2;TGFB2;ZFPM1
ERICH1,GO_Biological_Process_2023,prerank,Monocarboxylic Acid Metabolic Process (GO:0032787),0.3581614180214173,1.0163341497223306,0.3893805309734513,1.0,1.0,29/97,19.81%,LDHAL6B;PNPLA8;ACSM1;IGF1;DECR2;LDHC;ACOT1;ACOT2;SLC6A8;AASDHPPT;NAAA;FA2H;GNPAT;FASN;HOGA1;SCP2;GBA2;ACOT11;CD36;ACSF3;HACL1;HYI;LDHA;ACSF2;ACAA1;HLCS;TSPO;ME2;ACSL3
ERICH1,GO_Biological_Process_2023,prerank,Positive Regulation Of Neuron Differentiation (GO:0045666),-0.4207301144647311,-1.0159696678270735,0.43141153081510936,1.0,1.0,12/42,16.06%,BMP2;BRINP2;ZEB1;ATOH1;MMD2;FGF20;MEF2C;HEYL;RHOA;ECT2;VWC2;IMPACT
ERICH1,GO_Biological_Process_2023,prerank,Positive Regulation Of Interleukin-6 Production (GO:0032755),0.37635857996383576,1.0148687999508952,0.3875802997858672,1.0,1.0,14/75,13.78%,IL6;TLR7;TWIST1;IL6R;IL16;LGALS9;IL17D;PLCG2;TLR2;C1QTNF4;SPHK2;HYAL2;TIRAP;SETD4
ERICH1,GO_Biological_Process_2023,prerank,Negative Regulation Of Peptidase Activity (GO:0010466),-0.3972632438884769,-1.014350413373472,0.40925925925925927,1.0,1.0,16/59,18.19%,SERPINA6;SERPINB8;TIMP1;SERPINH1;FETUB;SERPINB6;SPOCK2;SERPINI2;SPOCK3;LRP1;CTSB;UBXN1;SERPING1;SERPINI1;TIMP3;NRG1
ERICH1,GO_Biological_Process_2023,prerank,Negative Regulation Of Cellular Catabolic Process (GO:0031330),-0.39471754787321095,-1.0141658951161494,0.4142581888246628,1.0,1.0,27/67,22.86%,DAPL1;TIMP1;TRIM27;GSK3A;VHL;KDM4A;RUBCN;CPTP;TLK2;GOLGA2;RRAGA;NRDE2;KLHL22;RRAGC;MTOR;TIMP3;LEPR;RASIP1;WASHC1;APOC1;TBC1D14;PTPN3;ROCK1;MET;TIMP2;MTMR9;TAB3
ERICH1,GO_Biological_Process_2023,prerank,Regulation Of Cytokine-Mediated Signaling Pathway (GO:0001959),0.41911110441240473,1.014013754665753,0.420824295010846,1.0,1.0,16/40,20.13%,TNFAIP3;IKBKE;IKBKB;SPATA2;VRK2;MIB2;PTPN1;MAPKAPK2;TRIM44;IRAK1;SHARPIN;TBK1;GAS6;IRAK2;IL7;PTPN11
ERICH1,GO_Biological_Process_2023,prerank,Cytoskeleton Organization (GO:0007010),0.3552962797869875,1.0135619280418315,0.40765765765765766,1.0,1.0,39/111,20.65%,TNFAIP3;CFAP410;KISS1;RHOU;DES;DIAPH1;FMNL2;SIPA1;MICAL2;STRIP2;PCLO;BIN1;FITM2;PRKCI;PPP2R3C;SH3KBP1;PHIP;MAPKAP1;FGD4;CNTNAP1;SEMA6A;PAK6;MLST8;ZMYM4;SH3BGRL3;PDZD8;MICAL1;RANBP10;DIAPH3;CECR2;TNIK;ARHGAP21;KLHL20;RICTOR;DST;CAPZB;FMNL3;LRCH3;BRWD1
ERICH1,GO_Biological_Process_2023,prerank,Potassium Ion Homeostasis (GO:0055075),-0.4688285977230995,-1.0132053125307432,0.4409448818897638,1.0,1.0,5/23,9.46%,SLC12A3;KCNJ2;ATP1B3;ATP1A4;SLC12A2
ERICH1,GO_Biological_Process_2023,prerank,Positive Regulation Of Transmembrane Receptor Protein Serine/Threonine Kinase Signaling Pathway (GO:0090100),-0.36884551079006,-1.0130776967233925,0.4069097888675624,1.0,1.0,31/94,20.72%,BMP2;GDF7;CDKN2B;ING2;GDF6;JAK2;KIAA0319;ZEB2;NOTCH1;LRG1;BMP6;CITED1;DAB2;BMP8A;BMPR2;SNW1;TGFBR2;FBXL15;GDF11;INHBA;INHBC;ACVR1B;CITED2;INHA;HFE;TGFB2;RBPJ;BMPR1A;GDF5;RNF165;EP300
ERICH1,GO_Biological_Process_2023,prerank,Cellular Defense Response (GO:0006968),0.4109264311451606,1.012609329571748,0.4110169491525424,1.0,1.0,9/47,9.61%,ITK;TCIRG1;CCR3;DCDC2;CCR6;NCR1;LGALS3BP;SPN;NCF2
ERICH1,GO_Biological_Process_2023,prerank,Positive Regulation Of Receptor-Mediated Endocytosis (GO:0048260),0.4054872709358327,1.0125683794312779,0.417910447761194,1.0,1.0,10/43,12.21%,GREM1;C3;LDLRAP1;RAB21;DGKD;BICD1;TBC1D5;HIP1;SERPINE1;SFRP4
ERICH1,GO_Biological_Process_2023,prerank,Regulation Of Intracellular Steroid Hormone Receptor Signaling Pathway (GO:0033143),0.4732017239500285,1.011484419807753,0.4156378600823045,1.0,1.0,7/22,13.42%,PARK7;TRIM68;UBA5;PKN1;PRMT2;CARM1;LATS1
ERICH1,GO_Biological_Process_2023,prerank,Positive Regulation Of Response To External Stimulus (GO:0032103),-0.3438531670266104,-1.0114836186469682,0.41681901279707495,1.0,1.0,36/154,18.19%,SH2D1B;LY96;TRADD;IL23A;CNTF;PLA2G2A;RARRES2;LCP1;F2;BMP6;ZP3;APOH;MYO1C;PLA2G7;NAIP;PLSCR1;APP;PTGER4;MGST2;TNFSF4;LRSAM1;CEBPA;NLRP10;PDE2A;TRIM56;SNCA;AGT;SCIMP;NLRP12;NLRC4;PTN;RNF31;POLR3G;FEM1A;IFI35;NRG1
ERICH1,GO_Biological_Process_2023,prerank,Protein Complex Oligomerization (GO:0051259),-0.3668521732055761,-1.0113623447354099,0.3889943074003795,1.0,1.0,40/100,26.06%,RS1;KCNC2;VSTM5;NOL3;UPB1;CPSF6;TIFA;HGSNAT;ALAD;IKZF4;BCL10;SAMD1;SNCA;YME1L1;RNF135;ZC3H12A;ECT2;NLRC4;PNPT1;ALS2;ZNF746;BOK;AQP11;KCNC1;BEND3;PRMT8;HOMER1;NUDT21;ZNF777;JMJD6;TRIM72;TMEM120B;HLA-DRB1;TMEM70;LRRC8A;PRMT1;RNF112;LRRC8D;UGDH;SHMT2
ERICH1,GO_Biological_Process_2023,prerank,Regulation Of Cardiac Muscle Contraction By Regulation Of The Release Of Sequestered Calcium Ion (GO:0010881),-0.5077387348127093,-1.0113153553357686,0.43846153846153846,1.0,1.0,10/16,28.13%,CLIC2;CALM3;CALM1;ATP1A2;RYR2;FKBP1B;SLC8A1;HRC;DMD;CAMK2D
ERICH1,GO_Biological_Process_2023,prerank,Negative Regulation Of Macrophage Activation (GO:0043031),0.5132156272282585,1.0112566785416888,0.4346846846846847,1.0,1.0,4/15,16.54%,TAFA3;NR1D1;CD200;NR1H3
ERICH1,GO_Biological_Process_2023,prerank,Positive Regulation Of Nitrogen Compound Metabolic Process (GO:0051173),0.4309679308576911,1.010685877564197,0.4185022026431718,1.0,1.0,8/33,8.06%,KLF2;PLA2G10;AGTR1;PDGFB;SLCO1C1;NFKB1;CSF1;CHRNA7
ERICH1,GO_Biological_Process_2023,prerank,Positive Regulation Of Mitotic Sister Chromatid Separation (GO:1901970),0.5100418478823946,1.0105955743010575,0.463265306122449,1.0,1.0,9/15,24.19%,ANAPC5;INCENP;DLGAP5;BIRC5;AURKB;CDC20;UBE2C;CUL3;CDCA8
ERICH1,GO_Biological_Process_2023,prerank,Muscle Tissue Development (GO:0060537),-0.4225838075541256,-1.0102410986346322,0.4240506329113924,1.0,1.0,10/37,14.24%,MYOZ2;POPDC3;MYF6;POPDC2;MEF2C;CSRP2;SIX1;ZBTB18;IGSF8;MYL6B
ERICH1,GO_Biological_Process_2023,prerank,Positive Regulation Of Mitotic Cell Cycle Phase Transition (GO:1901992),0.3858911552498048,1.0098282861560905,0.41379310344827586,1.0,1.0,32/63,23.57%,ANAPC5;TNFSF13B;ANXA1;HYAL1;RRM1;RPTOR;MBLAC1;BRD4;CDC7;DLGAP5;MECP2;DDX3X;CDC25B;CDK1;LSM10;RDX;VPS4B;UBE2E2;LSM11;SASS6;FBXO5;CDC25A;CDC20;KLHL18;UBE2C;AKT1;AIF1;EGFR;RGCC;RAD51B;CDC25C;CUL3
ERICH1,GO_Biological_Process_2023,prerank,Positive Regulation Of Tumor Necrosis Factor Superfamily Cytokine Production (GO:1903557),0.3695517195007813,1.009314691042709,0.4025695931477516,1.0,1.0,19/81,13.78%,PF4;IL6;AMH;AZU1;TWIST1;ORM2;RIPK1;LGALS9;PLCG2;TLR2;IFNGR1;SPN;RASGRP1;C1QTNF4;TNFRSF8;HLA-E;SPHK2;TIRAP;SETD4
ERICH1,GO_Biological_Process_2023,prerank,Positive Regulation Of Extracellular Matrix Organization (GO:1903055),0.491120521247112,1.0079062197277022,0.4415322580645161,1.0,1.0,5/18,5.60%,IL6;EFEMP2;COLGALT1;DDR2;EMILIN1
ERICH1,GO_Biological_Process_2023,prerank,Purine Ribonucleotide Metabolic Process (GO:0009150),-0.36772736147926355,-1.0078388853118716,0.41798941798941797,1.0,1.0,26/83,19.33%,SULT1B1;AK4;AMPD1;ENPP3;RHOQ;OLA1;HSPA1B;OXSM;LRRK2;ACOT8;ABHD14B;ATP1A2;HSPA8;TPST2;HINT1;ENTPD7;ADSS1;ACSM3;ENPP1;CTNS;SULT1A2;SULT1A3;NT5E;ADSS2;FIGNL1;ACOT6
ERICH1,GO_Biological_Process_2023,prerank,Superoxide Anion Generation (GO:0042554),0.48040354368724975,1.0076251406794974,0.42718446601941745,1.0,1.0,4/18,9.61%,NOXA1;DUOX1;NOX3;NCF2
ERICH1,GO_Biological_Process_2023,prerank,Positive Regulation Of Blood Vessel Endothelial Cell Migration (GO:0043536),0.40144523071779936,1.0075750636262997,0.41304347826086957,1.0,1.0,16/45,21.35%,SRPX2;NOS3;PDGFB;ANXA1;RHOJ;PIK3C2A;PLCG1;HDAC9;KDR;TGFB1;ETS1;PDPK1;THBS1;MAP2K3;AKT3;AKT1
ERICH1,GO_Biological_Process_2023,prerank,mRNA 3'-End Processing (GO:0031124),-0.4222014457958394,-1.007571191547258,0.4407766990291262,1.0,1.0,19/40,21.90%,CSTF3;CPSF6;PAPOLA;RPRD1A;PAPOLB;APP;TENT4B;NCBP1;SSU72;CPSF2;TUT1;LEO1;CPSF3;TENT2;NCBP2;RPRD1B;CSTF2;SLBP;NUDT21
ERICH1,GO_Biological_Process_2023,prerank,RNA Polyadenylation (GO:0043631),-0.46125478517594226,-1.007440048540506,0.4508670520231214,1.0,1.0,12/25,18.01%,CSTF3;PAPOLA;PAPOLB;APP;TENT4B;SSU72;CPSF2;TUT1;LEO1;PNPT1;CPSF3;TENT2
ERICH1,GO_Biological_Process_2023,prerank,Response To Fatty Acid (GO:0070542),-0.48553746225464134,-1.0073848380410881,0.4568627450980392,1.0,1.0,3/19,5.72%,NR1H4;KCNK4;LCP1
ERICH1,GO_Biological_Process_2023,prerank,Regulation Of Fibrinolysis (GO:0051917),0.5006871589779371,1.0073328988216481,0.4349593495934959,1.0,1.0,8/16,21.31%,SERPINF2;SERPINE1;F11;F12;PLAT;USF1;THBS1;PLAUR
ERICH1,GO_Biological_Process_2023,prerank,Regulation Of Receptor-Mediated Endocytosis (GO:0048259),0.4093888556081696,1.0072088697095762,0.4388185654008439,1.0,1.0,11/39,19.85%,SNAP91;C3;LDLRAP1;RAB21;BICD1;HIP1;SERPINE1;MKLN1;ARF6;PICALM;PIK3CB
ERICH1,GO_Biological_Process_2023,prerank,Positive Regulation Of Interleukin-10 Production (GO:0032733),-0.44216192841214985,-1.0071614471778545,0.40850277264325324,1.0,1.0,6/29,11.92%,TIGIT;IL23A;XCL1;TNFSF4;IRF4;CD46
ERICH1,GO_Biological_Process_2023,prerank,Cell-Matrix Adhesion (GO:0007160),-0.36253263857795465,-1.0069135188155873,0.4055045871559633,1.0,1.0,31/109,18.95%,ITGAL;ITGB2;FERMT3;ITGA8;ITGB4;OTOA;NPNT;ITGBL1;ITGA9;MADCAM1;STRC;COL17A1;VWA2;PARVG;ITGAE;ITGA1;SRC;WHAMM;ITGAV;PEAK1;RCC2;SGCE;BCR;ACTN3;FERMT2;ADAM15;ACTN2;CD44;ITGB8;VCL;L1CAM
ERICH1,GO_Biological_Process_2023,prerank,Negative Regulation Of Chemokine Production (GO:0032682),-0.5100038102207929,-1.0068812630068062,0.4376130198915009,1.0,1.0,3/16,8.67%,LILRB4;OAS3;MUL1
ERICH1,GO_Biological_Process_2023,prerank,Positive Regulation Of Viral Process (GO:0048524),0.41314052349042546,1.0066430223407845,0.430327868852459,1.0,1.0,12/41,15.73%,FKBP6;CCL5;CLEC4G;KPNA2;DDX3X;HACD3;IFIT1;MDFIC;CNOT7;PPIE;KPNA6;ADARB1
ERICH1,GO_Biological_Process_2023,prerank,Positive Regulation Of Cytokine Production Involved In Immune Response (GO:0002720),0.4346379850480056,1.0064081648662957,0.42417582417582417,1.0,1.0,8/33,11.64%,CD160;IRF5;TRIM6;MALT1;PLCG2;LACC1;HLA-E;SPHK2
ERICH1,GO_Biological_Process_2023,prerank,Peptidyl-Threonine Dephosphorylation (GO:0035970),-0.48930535659098734,-1.0051454626381873,0.4550898203592814,1.0,1.0,9/17,21.98%,PPM1G;PPM1E;DUSP5;DUSP10;PPM1A;PPP2CA;PGAM5;DUSP18;PPM1B
ERICH1,GO_Biological_Process_2023,prerank,Cardiac Myofibril Assembly (GO:0055003),0.523032309618687,1.0046959002780682,0.4620123203285421,1.0,1.0,9/15,23.10%,MEF2A;FHOD3;PROX1;PDGFRA;NEBL;TTN;PDGFRB;NEB;ADPRHL1
ERICH1,GO_Biological_Process_2023,prerank,Negative Regulation Of Innate Immune Response (GO:0045824),-0.3903462534675399,-1.0035137901963613,0.42513863216266173,1.0,1.0,18/52,20.04%,OAS3;IFI16;MYO1C;MUL1;DHX58;YWHAZ;FAM3A;TRIM21;CR1;TTLL12;ATG5;CEP63;SERPING1;PTPN2;TRAFD1;TYRO3;IRAK3;STAT2
ERICH1,GO_Biological_Process_2023,prerank,Skeletal Muscle Tissue Development (GO:0007519),-0.41575765978660983,-1.0032578042313762,0.4277456647398844,1.0,1.0,12/42,14.24%,LMOD3;MYOZ2;POPDC3;MYF6;POPDC2;EGR2;MEF2C;SIX1;RYR1;ZBTB18;IGSF8;MYL6B
ERICH1,GO_Biological_Process_2023,prerank,Phosphatidylglycerol Metabolic Process (GO:0046471),0.465582120058875,1.0032385471357599,0.44130434782608696,1.0,1.0,11/20,21.05%,PLA2G3;PNPLA8;PLA2G10;TAFAZZIN;SLC27A1;PLA2G4B;PLA2G15;PLA2G4A;CRLS1;MBOAT2;PGS1
ERICH1,GO_Biological_Process_2023,prerank,Positive Regulation Of Monocyte Chemotaxis (GO:0090026),0.48093056192238703,1.0032336981981618,0.4279661016949153,1.0,1.0,3/18,11.26%,CCL5;CXCL17;SERPINE1
ERICH1,GO_Biological_Process_2023,prerank,Vacuolar Acidification (GO:0007035),0.43271977055907995,1.0031440342289613,0.43103448275862066,1.0,1.0,14/29,21.89%,ATP6V0C;TCIRG1;SLC11A1;TMEM9;ATP6V1B2;CLN6;DMXL2;ATP6V1H;CCDC115;ATP6V1F;ATP6AP2;TMEM199;ATP6V0B;ATP6V0A1
ERICH1,GO_Biological_Process_2023,prerank,Chondroitin Sulfate Proteoglycan Biosynthetic Process (GO:0050650),0.477950682844831,1.002719805489908,0.42764578833693306,1.0,1.0,11/19,22.87%,CHST9;XYLT2;B3GAT2;B3GAT3;CHST11;CHST12;PXYLP1;CHST7;CHST3;CHPF2;CHPF
ERICH1,GO_Biological_Process_2023,prerank,Negative Regulation Of Receptor-Mediated Endocytosis (GO:0048261),-0.4539091826631496,-1.00259399687857,0.45036764705882354,1.0,1.0,12/26,22.42%,ANKRD13B;APP;NEU3;WDR54;UBQLN2;ITGAV;LRPAP1;ANKRD13D;PSEN1;APOC1;ANXA2;ANKRD13A
ERICH1,GO_Biological_Process_2023,prerank,Positive Regulation Of Interferon-Beta Production (GO:0032728),0.4170749258277001,1.0022412217852992,0.42028985507246375,1.0,1.0,8/36,13.76%,IRF7;IRF5;TLR7;POLR3F;TLR2;TRIM65;DDX3X;TBK1
ERICH1,GO_Biological_Process_2023,prerank,Mitotic G1 DNA Damage Checkpoint Signaling (GO:0031571),-0.45425054923087216,-1.0020501632497016,0.4723320158102767,1.0,1.0,13/26,25.37%,CCND1;CHEK2;CRADD;WAC;RFWD3;RPA2;PIDD1;CASP2;PLK3;PML;CDKN1B;CDK2;CDKN1A
ERICH1,GO_Biological_Process_2023,prerank,Ureteric Bud Morphogenesis (GO:0060675),-0.4865606571847469,-1.0003310159852876,0.4589178356713427,1.0,1.0,5/18,9.56%,PAX2;GATA3;NPNT;CITED1;SIX1
ERICH1,GO_Biological_Process_2023,prerank,Pyroptosis (GO:0070269),-0.4452442138758397,-1.0002059979844082,0.44294003868471954,1.0,1.0,6/28,16.99%,GSDMA;NAIP;GSDME;TRIM21;NLRC4;CASP3
ERICH1,GO_Biological_Process_2023,prerank,Regulation Of G2/M Transition Of Mitotic Cell Cycle (GO:0010389),0.42061962104811734,1.0000665769660164,0.46530612244897956,1.0,1.0,11/35,13.67%,CDK3;FHL1;TNFSF13B;RRM1;AVEN;BRD4;CDC7;PINX1;MECP2;CDC25B;CDK1
ERICH1,GO_Biological_Process_2023,prerank,Telomere Organization (GO:0032200),-0.38880440563799756,-0.9995962126242931,0.40943396226415096,1.0,1.0,30/63,25.08%,XRCC5;ACTR5;HUS1;RAD50;STON1;TFPT;XRCC6;WRN;DCLRE1C;ATM;SIRT6;INO80E;TERF1;POT1;RPA2;INO80B;ACTL6A;ATRX;INSL6;ERCC4;YY1;EZH1;RPA1;RUVBL1;ACTR8;TERT;INO80C;H4C9;PTGES3;INO80D
ERICH1,GO_Biological_Process_2023,prerank,Glycolytic Process (GO:0006096),0.4353672262773225,0.9992588367704559,0.4409937888198758,1.0,1.0,13/29,20.13%,ENO4;HKDC1;ALDOC;PGAM2;PFKM;TPI1;GAPDHS;HK2;PGK1;LDHA;GPI;PGM1;PGAM1
ERICH1,GO_Biological_Process_2023,prerank,Regulation Of Peptidyl-Threonine Phosphorylation (GO:0010799),0.42236381671337525,0.9992350750713224,0.4180672268907563,1.0,1.0,12/36,17.18%,PPEF2;AZU1;TRIM6;WNK3;RPTOR;BMP7;SPRED2;CAB39;SIRT2;TGFB1;PLK1;SMAD7
ERICH1,GO_Biological_Process_2023,prerank,Response To Cytokine (GO:0034097),-0.34997130367279156,-0.9987339276024007,0.437609841827768,1.0,1.0,45/125,19.89%,XAF1;IL23R;JAK2;CD274;TIMP1;FLT3;SMPD1;ALDH1A2;CDK9;MYD88;SHFL;KHSRP;PLSCR1;APP;CITED1;MAPKAPK3;TRIM21;TNFRSF11A;OSMR;LEF1;TMEM102;NFKB2;MME;SRF;TRIM56;SRC;RHOA;SNCA;CALCOCO2;JAK3;MX2;SLC22A5;NLRP12;HAX1;SPHK1;CASP3;HCLS1;DDOST;TLE5;TIMP3;CD74;MAP2K7;NFAT5;MAP4K3;IRAK3
ERICH1,GO_Biological_Process_2023,prerank,Protein Localization To Mitochondrion (GO:0070585),-0.5151670686743189,-0.9985326655948442,0.4696969696969697,1.0,1.0,4/15,12.25%,HK1;LRRK2;SARM1;MTCH2
ERICH1,GO_Biological_Process_2023,prerank,Stress-Activated MAPK Cascade (GO:0051403),0.4027092544284461,0.9980461495684564,0.4140127388535032,1.0,1.0,14/42,16.36%,MAPK10;IKBKB;TNFRSF19;MAP3K10;DUSP9;LGALS9;TAOK2;MAPK3;MAP2K6;MAP3K5;SH2D3C;GPS2;MINK1;MAP3K13
ERICH1,GO_Biological_Process_2023,prerank,Regulation Of Interleukin-12 Production (GO:0032655),-0.39500909989426214,-0.9972190358911333,0.42463235294117646,1.0,1.0,15/49,21.47%,IL23R;TIGIT;IL23A;HLA-G;LTB;TNFSF4;JAK3;SCIMP;MAST2;SYK;RIPK2;PIBF1;IRAK3;MAPK14;C1QBP
ERICH1,GO_Biological_Process_2023,prerank,Positive Regulation Of Peptidyl-Lysine Acetylation (GO:2000758),-0.4970773644818084,-0.9965661455435969,0.47173489278752434,1.0,1.0,6/17,15.43%,NOS1;FOXP3;BAZ1B;SMARCA5;DDX21;SOX4
ERICH1,GO_Biological_Process_2023,prerank,Negative Regulation Of DNA Recombination (GO:0045910),0.4190333868906309,0.9964955822499453,0.43973214285714285,1.0,1.0,11/40,16.94%,H1-6;RADX;H1-0;H1-10;MAD2L2;SHLD2;TERF2IP;SMCHD1;MAGEF1;KAT5;H1-4
ERICH1,GO_Biological_Process_2023,prerank,Nitric Oxide Mediated Signal Transduction (GO:0007263),-0.4933958285465165,-0.9964303538885837,0.47358490566037736,1.0,1.0,7/18,18.38%,KCNC2;NOS1;GUCY1B1;FPR1;KLRG1;NOS2;RILPL1
ERICH1,GO_Biological_Process_2023,prerank,Mitotic Nuclear Division (GO:0140014),0.39944852467945824,0.9961502881819437,0.41113490364025695,1.0,1.0,20/45,21.11%,TUBG2;CENPK;KNTC1;ZWINT;SMC4;KIF25;KLHDC8B;NCAPG2;CTDP1;NDEL1;CENPI;UBE2S;PLK1;MIS12;NUSAP1;NDE1;UBE2C;SPAST;CHMP7;ZW10
ERICH1,GO_Biological_Process_2023,prerank,Cellular Response To Molecule Of Bacterial Origin (GO:0071219),-0.3579902287550704,-0.9959885079599047,0.46823956442831216,1.0,1.0,29/114,17.46%,CXCL13;LY96;TICAM1;CXCL2;CD274;SBNO2;MYD88;PPM1E;MEF2C;TNFSF4;CXCL5;TNFRSF1B;BCL10;RHOA;DAB2IP;SELENOS;LDOC1;CASP7;ZC3H12A;CHMP5;MAPK8;CXCL6;SIRPA;HMGB2;ZFP36;CXCL1;SHPK;XBP1;UXT
ERICH1,GO_Biological_Process_2023,prerank,Regulation Of Fatty Acid Oxidation (GO:0046320),0.4919543290281235,0.9959236044977843,0.4534412955465587,1.0,1.0,7/16,24.77%,ACADL;LONP2;ABCD1;FABP3;TYSND1;SOX9;PPARGC1A
ERICH1,GO_Biological_Process_2023,prerank,Antigen Processing And Presentation Of Peptide Antigen Via MHC Class I (GO:0002474),0.4728835165155227,0.9955913306993506,0.44372294372294374,1.0,1.0,8/18,19.08%,ACE;ERAP1;FCER1G;TAPBPL;TAP1;TAPBP;CALR;IDE
ERICH1,GO_Biological_Process_2023,prerank,Regulation Of Lymphocyte Differentiation (GO:0045619),0.4784183140357448,0.9954276321609685,0.45617977528089887,1.0,1.0,5/19,19.73%,IL4I1;SPINK5;IKZF3;PRELID1;PRKDC
ERICH1,GO_Biological_Process_2023,prerank,Protein Deacetylation (GO:0006476),-0.41065523515607805,-0.9953434489695216,0.45472837022132795,1.0,1.0,15/39,21.49%,HDAC10;MORF4L2;CHD4;MORF4L1;TBL1Y;SIRT1;MBD3;SIRT6;MTA1;MBD2;MTA2;MSL3;SIRT7;HDAC2;GATAD2B
ERICH1,GO_Biological_Process_2023,prerank,Placenta Development (GO:0001890),-0.472810744701354,-0.995224820336848,0.4667931688804554,1.0,1.0,12/22,22.16%,CUL7;TEX19;PTK2;ANG;CITED1;SOD1;E2F7;ITGB8;E2F8;TFEB;PLAC1;PKD1
ERICH1,GO_Biological_Process_2023,prerank,Positive Regulation Of Cell Growth (GO:0030307),0.3523773374181985,0.9949990439599352,0.4164904862579281,1.0,1.0,26/105,17.10%,CPNE5;LGI1;SYT3;IGF1;CSNK2A3;NTN1;HYAL1;SDCBP;SEMA4D;ITSN2;HDGFL2;RPTOR;RPS6KA1;UNC13A;MAPKAP1;SMURF1;PABIR1;ZFYVE27;MLST8;DDX3X;YAP1;SYT1;BCL2;BDNF;MAP3K13;EXOSC4
ERICH1,GO_Biological_Process_2023,prerank,Cholesterol Biosynthetic Process (GO:0006695),-0.46356607140571476,-0.9946009517639156,0.47766990291262135,1.0,1.0,11/25,25.65%,NPC1L1;SC5D;CYP51A1;TM7SF2;INSIG2;G6PD;HSD17B7;PLPP6;GLB1;HMGCR;ARV1
ERICH1,GO_Biological_Process_2023,prerank,Regulation Of Release Of Sequestered Calcium Ion Into Cytosol By Sarcoplasmic Reticulum (GO:0010880),-0.46600823303849004,-0.9942845288224837,0.4580896686159844,1.0,1.0,8/22,21.71%,CLIC2;CALM3;TRDN;CALM1;ATP1A2;RYR2;SRI;FKBP1B
ERICH1,GO_Biological_Process_2023,prerank,Cellular Response To Interferon-Beta (GO:0035458),-0.4622617877173398,-0.9937308563072234,0.4548736462093863,1.0,1.0,8/22,23.83%,IFNAR1;IFI16;CAMK2A;CALM1;PNPT1;NDUFA13;IRF1;AIM2
ERICH1,GO_Biological_Process_2023,prerank,Regulation Of Potassium Ion Transport (GO:0043266),0.43387215303757143,0.9935243984684372,0.45147679324894513,1.0,1.0,10/30,19.16%,KCNAB3;KCNA5;FHL1;KCNE2;KCNH2;KCNE5;KCNN2;DLG1;KIF5B;KCNIP1
ERICH1,GO_Biological_Process_2023,prerank,Positive Regulation Of Tyrosine Phosphorylation Of STAT Protein (GO:0042531),-0.39535525096835883,-0.993493108174533,0.47454545454545455,1.0,1.0,11/55,12.84%,IL23R;JAK2;IL23A;CNTF;FGFR3;HES1;FLT3;GH2;KIT;CTF1;PARP14
ERICH1,GO_Biological_Process_2023,prerank,Metaphase Plate Congression (GO:0051310),-0.3958850968136105,-0.9934538582947309,0.45075757575757575,1.0,1.0,22/51,22.13%,KIF2B;CCNB1;CHMP4A;KPNB1;EML4;DCTN2;CHMP4C;EML3;KIF18A;CHMP5;CDC23;NUP62;GEM;CHMP3;NUDC;CHMP1A;PIBF1;CENPQ;VPS4A;MAP1S;KIF14;CHMP6
ERICH1,GO_Biological_Process_2023,prerank,Phosphate-Containing Compound Metabolic Process (GO:0006796),0.33077062552496495,0.9931654441401648,0.4166666666666667,1.0,1.0,61/184,20.10%,CERKL;FBP1;IP6K3;PLB1;LCAT;PLA2G3;OC90;PLA2G10;INPP1;PLPPR4;ALOX15B;DUSP3;HKDC1;ALDOC;PLPPR2;CERK;RPTOR;PANK3;PPP3CB;TAOK1;NANP;PSPH;DUSP23;PFKM;DUSP12;GALK2;MAPKAP1;NADK;TOLLIP;SPHK2;OCRL;PIP4P1;PLCD1;HNMT;PLA2G15;MLST8;THNSL2;ACYP1;MAPK3;PAK2;LIMK2;PLPP1;EPHX2;AGPAT1;GFPT1;HK2;PIK3CD;EPHA7;DUSP16;TGFB1;ALK;PPP1CA;PFKFB3;PGK1;PLPPR5;PXYLP1;RICTOR;GPI;PIK3CB;PIK3CA;MBOAT2
ERICH1,GO_Biological_Process_2023,prerank,Regulation Of Dendrite Extension (GO:1903859),0.4902784508673891,0.9931292795755639,0.4517453798767967,1.0,1.0,5/17,14.77%,SYT3;ITSN2;UNC13A;SMURF1;SYT1
ERICH1,GO_Biological_Process_2023,prerank,Negative Regulation Of Cellular Component Organization (GO:0051129),-0.3680212170947279,-0.9927062462844767,0.4596622889305816,1.0,1.0,24/79,21.22%,NR1H4;TMC8;GBA1;XRCC5;BMP6;HSPA1B;APOM;LRSAM1;RUBCN;PACSIN3;CARMIL2;HSPA5;CDC42;SRC;CRACD;TMEFF2;SYT11;HSPA8;ULK1;EPHA3;IRAK3;SCAMP5;EP300;ANKS1B
ERICH1,GO_Biological_Process_2023,prerank,Establishment Of Melanosome Localization (GO:0032401),-0.5028964598179297,-0.9925152261304407,0.47701149425287354,1.0,1.0,6/16,18.33%,RAB27A;MKKS;BLOC1S5;BLOC1S3;BBS5;RAB17
ERICH1,GO_Biological_Process_2023,prerank,Apoptotic Cell Clearance (GO:0043277),-0.4453635176444345,-0.9925097964865406,0.4689265536723164,1.0,1.0,10/28,19.45%,TIMD4;ALOX15;FCN3;LRP1;ITGAV;XKR9;TGM2;RARA;XKR8;TYRO3
ERICH1,GO_Biological_Process_2023,prerank,Pigment Granule Transport (GO:0051904),-0.5065134841555076,-0.9921087714642997,0.47309833024118736,1.0,1.0,6/15,18.33%,RAB27A;MKKS;BLOC1S5;BLOC1S3;BBS5;RAB17
ERICH1,GO_Biological_Process_2023,prerank,Melanosome Transport (GO:0032402),-0.5065134841555076,-0.9921087714642997,0.47309833024118736,1.0,1.0,6/15,18.33%,RAB27A;MKKS;BLOC1S5;BLOC1S3;BBS5;RAB17
ERICH1,GO_Biological_Process_2023,prerank,Negative Regulation Of Protein Localization To Cell Periphery (GO:1904376),0.4729009267526839,0.9919629158434824,0.4305239179954442,1.0,1.0,10/20,18.63%,TMBIM1;SAPCD2;MRAP2;TMEM59;PPP2R5A;AP2M1;PID1;PPFIA1;TGFB1;PICALM
ERICH1,GO_Biological_Process_2023,prerank,Carbohydrate Catabolic Process (GO:0016052),0.40267170415969666,0.991742441934455,0.45510204081632655,1.0,1.0,17/41,20.13%,MAN2C1;ENO4;HKDC1;GBA3;ALDOC;PGAM2;PFKM;TPI1;GAPDHS;ENOSF1;DERA;HK2;PGK1;LDHA;GPI;PGM1;PGAM1
ERICH1,GO_Biological_Process_2023,prerank,"Regulation Of mRNA Splicing, Via Spliceosome (GO:0048024)",-0.36135547053814465,-0.9913242929329441,0.44731977818853974,1.0,1.0,38/90,22.64%,TRA2B;TIA1;CWC22;THRAP3;CELF6;RBM24;HNRNPA1;KHDRBS2;RBM7;RBM5;SRPK2;SNW1;RBM23;NCBP1;FXR1;NOVA2;SAP18;MAGOH;NOVA1;CIRBP;NCL;RBM4;SRSF10;HNRNPA0;CELF5;RNPS1;PRMT5;CLNS1A;RBM20;RBMXL1;KHDRBS3;SRSF3;RBM11;SRRM4;RBM47;JMJD6;SRSF7;FMR1
ERICH1,GO_Biological_Process_2023,prerank,Carboxylic Acid Metabolic Process (GO:0019752),0.42322146745982575,0.9910937997187529,0.46311475409836067,1.0,1.0,4/33,8.86%,PCK1;AMH;CARNMT1;PON3
ERICH1,GO_Biological_Process_2023,prerank,Triglyceride Biosynthetic Process (GO:0019432),0.48763871029173106,0.9899382124964861,0.4610655737704918,1.0,1.0,4/17,12.09%,PCK1;PCK2;MOGAT3;GPAT3
ERICH1,GO_Biological_Process_2023,prerank,Negative Regulation Of Wound Healing (GO:0061045),-0.447331684964719,-0.9898788597573625,0.4446564885496183,1.0,1.0,8/28,17.75%,CD109;ALOX5;APOH;PTEN;SLC12A2;AJAP1;PHLDB2;CLASP1
ERICH1,GO_Biological_Process_2023,prerank,Positive Regulation Of Amyloid Precursor Protein Catabolic Process (GO:1902993),-0.4663405136137895,-0.989717152077316,0.4756335282651072,1.0,1.0,6/21,16.99%,GSAP;EPHA4;GSK3A;AGER;ROCK2;CASP3
ERICH1,GO_Biological_Process_2023,prerank,RNA 3'-End Processing (GO:0031123),-0.42421357943377186,-0.9894945032267802,0.48919449901768175,1.0,1.0,16/37,23.04%,CSTF3;CPSF6;PAPOLA;RPRD1A;INTS12;TENT4B;NCBP1;LIN28B;PNPT1;INTS5;NCBP2;RPRD1B;TRNT1;NUDT21;SSB;PTCD1
ERICH1,GO_Biological_Process_2023,prerank,Positive Regulation Of Carbohydrate Metabolic Process (GO:0045913),0.42467989018089836,0.9889360351480093,0.4475374732334047,1.0,1.0,10/34,13.08%,PTH1R;PDGFB;IGF1;P2RX7;NFKB1;RPTOR;IRS1;GAPDHS;MLST8;PRKAA2
ERICH1,GO_Biological_Process_2023,prerank,Leukocyte Tethering Or Rolling (GO:0050901),-0.4894582387137364,-0.9889192322255915,0.4530386740331492,1.0,1.0,6/17,21.75%,MADCAM1;JAM2;GOLPH3;PODXL2;ROCK1;GCNT1
ERICH1,GO_Biological_Process_2023,prerank,Regulation Of Hydrolase Activity (GO:0051336),-0.36676999081106565,-0.9889007966615014,0.44715447154471544,1.0,1.0,35/71,25.57%,ALS2CL;EPHA4;NOS1;NTRK2;PTK2;ARHGAP9;CAMK2A;WRN;DAB2IP;SIPA1L1;SOD1;EFNA5;EPHA5;PLXND1;ATP5IF1;PLXNB1;GPR137B;ARHGAP12;PROM2;ALS2;RASIP1;PLXNA2;EPHA3;FGD3;RALBP1;PLXNA3;RAB3GAP2;FGD6;MRAP;ADAP2;PLXNB2;PLXNC1;FGD5;RAP1GAP;FGD1
ERICH1,GO_Biological_Process_2023,prerank,Positive Regulation Of Receptor Signaling Pathway Via JAK-STAT (GO:0046427),-0.4238116052518438,-0.988355553455822,0.4542056074766355,1.0,1.0,7/37,9.06%,JAK2;HES1;NOTCH1;F2;GH2;CAMK2A;KIT
ERICH1,GO_Biological_Process_2023,prerank,Positive Regulation Of DNA Replication (GO:0045740),-0.48464996978947344,-0.9880264521371234,0.4701348747591522,1.0,1.0,6/18,16.05%,STON1;NPM2;SMARCA5;EGF;BCAR3;BRPF3
ERICH1,GO_Biological_Process_2023,prerank,Regulation Of Biomineral Tissue Development (GO:0070167),0.44735119655965705,0.9876837346742326,0.47368421052631576,1.0,1.0,10/25,19.15%,CYP27B1;HEY1;TWIST1;NOS3;DDR2;S1PR1;SGMS2;GAS6;TGFB1;FBXO5
ERICH1,GO_Biological_Process_2023,prerank,Positive Regulation Of Reproductive Process (GO:2000243),0.41903860383357383,0.9876352679126765,0.4351464435146444,1.0,1.0,12/33,19.42%,INHBB;TACR2;PLA2G10;SYDE1;SPAM1;APELA;AGO2;TACR1;SIRT2;ASIC2;TAC4;PDE3A
ERICH1,GO_Biological_Process_2023,prerank,Cellular Response To Ketone (GO:1901655),0.4052419797700755,0.9865799947751779,0.46361746361746364,1.0,1.0,12/44,16.65%,PCK1;AKR1C2;ADCY6;NCOA4;ADCY8;PCK2;SPHK2;ADCY2;MSN;AHR;GAS6;GNG2
ERICH1,GO_Biological_Process_2023,prerank,Cellular Response To Hydrogen Peroxide (GO:0070301),0.4169766486631627,0.9858757594213867,0.4535637149028078,1.0,1.0,11/34,18.74%,TNFAIP3;IL6;RHOB;ANXA1;RIPK1;FYN;ANKZF1;PPIF;MAP3K5;CAT;PLEKHA1
ERICH1,GO_Biological_Process_2023,prerank,Circulatory System Development (GO:0072359),-0.34470866398896066,-0.9858688647639808,0.4785992217898833,1.0,1.0,50/130,25.44%,HAND1;BMP2;POPDC3;LDB3;PRICKLE4;TCF25;NOTCH1;FLT4;MTHFD1;POPDC2;KAT2B;PDLIM4;MEF2C;MKKS;FLRT3;PTEN;TDGF1;POLR2D;SRF;HEYL;NOTCH4;TGFBR2;SLC2A12;SOX4;ALPK3;PDLIM2;AKAP13;ZFPM2;CITED2;ECE1;TGFB2;OXSR1;ZFPM1;SRI;NCOA6;GJA1;PDLIM5;PKD1;DVL2;PLCE1;KAT2A;ADAP2;CDKN1B;TAB2;DNAAF4;ID2;CXADR;CACYBP;CDKN1A;PDLIM1
ERICH1,GO_Biological_Process_2023,prerank,Regulation Of miRNA-mediated Gene Silencing (GO:0060964),-0.5050604012172268,-0.9857161315278087,0.4798464491362764,1.0,1.0,5/15,17.02%,PUM2;TIAL1;FXR1;ZFP36;LIMD1
ERICH1,GO_Biological_Process_2023,prerank,Positive Regulation Of Glycolytic Process (GO:0045821),0.47925314910311567,0.9855444050093615,0.46764091858037576,1.0,1.0,6/18,13.08%,IGF1;P2RX7;RPTOR;GAPDHS;MLST8;PRKAA2
ERICH1,GO_Biological_Process_2023,prerank,Positive Regulation Of Dendrite Extension (GO:1903861),0.4902824108690796,0.9855145436972362,0.49490835030549896,1.0,1.0,5/16,14.77%,SYT3;ITSN2;UNC13A;SMURF1;SYT1
ERICH1,GO_Biological_Process_2023,prerank,Regulation Of Heterotypic Cell-Cell Adhesion (GO:0034114),0.44980839432387554,0.9855110195575448,0.46153846153846156,1.0,1.0,1/24,0.17%,IL1RN
ERICH1,GO_Biological_Process_2023,prerank,Ventricular Cardiac Muscle Tissue Morphogenesis (GO:0055010),-0.41338817397222244,-0.9855078619608997,0.4697855750487329,1.0,1.0,10/33,20.12%,HAND1;NOTCH1;LRP2;TGFBR3;ZFPM2;NRG1;TGFB2;RBPJ;RYR2;BMPR1A
ERICH1,GO_Biological_Process_2023,prerank,Positive Regulation Of Defense Response (GO:0031349),-0.3446723887351196,-0.9852440633037277,0.46455223880597013,1.0,1.0,28/123,18.10%,SH2D1B;TRADD;IL23A;PLA2G2A;LCP1;ZP3;MYO1C;MEF2C;PLA2G7;NAIP;PLSCR1;APP;PTGER4;MGST2;TNFSF4;LRSAM1;CEBPA;NLRP10;PDE2A;TRIM56;SNCA;AGT;NLRP12;NLRC4;RNF31;POLR3G;FEM1A;IFI35
ERICH1,GO_Biological_Process_2023,prerank,Positive Regulation Of G1/S Transition Of Mitotic Cell Cycle (GO:1900087),0.42491668885273454,0.985014215220197,0.44813278008298757,1.0,1.0,16/31,22.78%,ANXA1;HYAL1;RRM1;RPTOR;MBLAC1;CDK10;DDX3X;LSM10;RDX;UBE2E2;LSM11;SASS6;AKT1;AIF1;EGFR;RGCC
ERICH1,GO_Biological_Process_2023,prerank,Intrinsic Apoptotic Signaling Pathway In Response To DNA Damage By P53 Class Mediator (GO:0042771),-0.47358471482693953,-0.9846077129424772,0.4734042553191489,1.0,1.0,9/19,22.16%,IFI16;HIPK1;TMEM109;SNW1;SIRT1;USP28;PHLDA3;EP300;PML
ERICH1,GO_Biological_Process_2023,prerank,Regulation Of Interferon-Beta Production (GO:0032648),0.38514749711530183,0.984430770148258,0.48367346938775513,1.0,1.0,11/50,15.36%,IRF7;IRF5;TLR7;POLR3F;REL;TLR2;TRIM65;DDX3X;TIRAP;TBK1;RELB
ERICH1,GO_Biological_Process_2023,prerank,RNA Processing (GO:0006396),-0.3327328937643242,-0.9844228963698965,0.4830188679245283,1.0,1.0,76/183,23.97%,ELAVL4;CSTF3;NOL3;CPSF6;DIS3;DDX20;SNRNP25;FASTKD3;XRN2;KHSRP;SF3A2;ZCRB1;HNRNPR;CCAR2;RBMS2;SNRPF;RBM5;TENT4B;SRPK2;PRPF4B;NCBP1;LIN28B;MAGOH;EXOSC3;TCERG1;NRDE2;HNRNPUL1;NOVA1;WBP4;MPHOSPH10;RBM4;DEDD2;DNTTIP2;IVNS1ABP;EXOSC7;RRAGC;DHX15;NOL9;EXOSC10;EXOSC1;HNRNPA0;DDX23;PABPC4;RNPS1;RNGTT;HNRNPC;PRPF6;PPP2CA;NCBP2;LSM1;SNRPB;PPIG;DHX8;PPP1R9B;SF3B2;EXOSC9;SETX;TBRG4;PRPF3;DKC1;NUFIP1;HNRNPF;PABPN1;SRRM4;SNRPG;SNRPD2;U2AF1;NUDT21;MBNL1;SRSF7;EXOSC2;HNRNPH3;GEMIN2;FASTKD1;RNPC3;ADARB2
ERICH1,GO_Biological_Process_2023,prerank,Regulation Of Osteoblast Differentiation (GO:0045667),0.3667214336667674,0.9837381940584321,0.47708333333333336,1.0,1.0,32/85,19.64%,GREM1;IL6;SCUBE3;TNN;TWIST1;REST;IL6R;IGF1;DDR2;DNAI3;SUFU;SEMA4D;NELL1;FGFR2;LRP3;BMP7;BMP4;PRKACA;CCNA2;TENT5A;HGF;HDAC9;ACVR2A;YAP1;BAMBI;CTNNBIP1;PPARG;ACVR2B;IFITM1;ATRAID;FBXO5;BMPR1B
ERICH1,GO_Biological_Process_2023,prerank,Regulation Of Translation (GO:0006417),-0.3292055699058368,-0.983398783730527,0.4698581560283688,1.0,1.0,91/201,25.77%,BZW2;EPHA4;ELP6;LARP4;TIA1;ZAR1L;ELP4;PAIP2;SHFL;APP;EIF4E2;ALKBH1;PAIP2B;METTL18;DDX1;NSUN5;PKP3;DDX25;EIF4ENIF1;MALSU1;MAPKAPK5;ILF3;MSI1;PCIF1;NCBP1;FXR1;PAIP1;IFRD2;TSFM;SERBP1;EIF2S1;GIGYF2;CIRBP;RPS6KA3;NCL;RBM4;NSUN3;LSM14A;SOX4;NPM1;PATL2;MTOR;POLDIP3;IMPACT;TYMS;YTHDF1;NHLRC3;EIF4A2;MTPN;ETF1;BZW1;NCBP2;PLD1;MTG2;RNF139;UPF3B;METTL5;SHMT1;GUF1;METTL14;MSI2;NIBAN1;DHFR;TRIM3;RACK1;DHX36;LARP6;DUS3L;KLHL25;SSB;EIF1B;FMR1;LRPPRC;EIF3D;ZNF540;EIF3H;PLXNB2;PUM3;IGF2BP1;PASK;CNOT1;NAT10;VIM;PRMT1;HNRNPD;YBX2;RBM4B;EIF2AK2;EIF4H;EIF4B;CTIF
ERICH1,GO_Biological_Process_2023,prerank,Regulation Of Phosphatase Activity (GO:0010921),-0.4766633297086431,-0.9833873553528156,0.4904214559386973,1.0,1.0,10/19,25.56%,HTT;CHP1;HSP90B1;PPP1R2;PPP6R2;ROCK1;TIPRL;MTMR9;CHP2;URI1
ERICH1,GO_Biological_Process_2023,prerank,Positive Regulation Of Protein Transport (GO:0051222),-0.3673295372385733,-0.9831662976333169,0.47697974217311234,1.0,1.0,22/70,21.67%,CD33;RIPOR1;SYTL4;APBB3;BMP6;ANG;RUFY3;CHP1;EXOC7;GOLPH3;ACHE;MYO18A;FRMD4A;PCNT;PRR5L;TGFB2;MYOM1;VPS28;VAMP2;RACK1;MYH10;PLK3
ERICH1,GO_Biological_Process_2023,prerank,Connective Tissue Development (GO:0061448),0.4033540147219299,0.9831128824016915,0.4781659388646288,1.0,1.0,16/38,25.16%,SLC39A13;SPAM1;HYAL1;SCX;HYAL2;SULF1;COL2A1;CREB3L2;SOX6;DDRGK1;SOX9;VPS13B;SNORC;ATP7A;SPTLC2;GHRL
ERICH1,GO_Biological_Process_2023,prerank,Muscle Cell Differentiation (GO:0042692),-0.4129582915304564,-0.9827721075718219,0.4583333333333333,1.0,1.0,6/37,8.96%,POPDC3;MYF6;TMEM204;POPDC2;MEF2C;KDM1A
ERICH1,GO_Biological_Process_2023,prerank,Regulation Of Response To External Stimulus (GO:0032101),-0.3424557109109112,-0.9827712268775448,0.5,1.0,1.0,25/125,9.91%,NLRP8;JAK2;ALOX15;LRRC19;DAGLB;SBNO2;SEMA7A;XCL1;NLRP2;NLRP14;MYD88;PSMA6;EFNB2;F2;ALOX5;GUCY2F;ZMPSTE24;AHSG;AGER;PTGES;DHX58;MGLL;TNFSF4;GRK7;AREL1
ERICH1,GO_Biological_Process_2023,prerank,Positive Regulation Of ERBB Signaling Pathway (GO:1901186),0.4452375528458003,0.9823388934392807,0.470954356846473,1.0,1.0,8/24,15.39%,AGR2;PTK6;DGKD;FAM83B;HIP1;MMP9;GPER1;CCDC88A
ERICH1,GO_Biological_Process_2023,prerank,Regulation Of Signal Transduction By P53 Class Mediator (GO:1901796),-0.39659424666328574,-0.982033005758152,0.46706586826347307,1.0,1.0,21/47,21.89%,CHEK2;RPF2;CHEK1;USP2;USP7;PAK1IP1;ATM;RPL37;MAPKAPK5;SOX4;MTOR;URB2;SETD9;PRMT5;AURKA;NOP2;TP53RK;KAT6A;EP300;PLK3;RPS20
ERICH1,GO_Biological_Process_2023,prerank,Regulation Of Intracellular Signal Transduction (GO:1902531),-0.3128955287231329,-0.9818676207102867,0.4900181488203267,1.0,1.0,94/297,20.72%,GRAP2;GBA1;ARHGAP40;ARHGEF25;CLEC6A;PRDM11;GRM2;TAOK3;LIME1;NTRK1;FLT4;NTRK2;CHEK2;MAP4K4;ARHGAP9;STK3;RPF2;CHEK1;LRRK2;USP2;AKAP5;USP7;AGER;FAM13B;ARHGAP32;ARHGEF11;ARHGAP45;PTEN;GNAI1;RASSF2;ARHGAP5;NF2;TELO2;ARHGAP28;SEZ6L;RRAS;ARHGEF19;PDE2A;PIP5K1C;VWF;TNFRSF25;PAK1IP1;RGN;PREX1;ATM;MAPKAPK5;DAB2IP;WDR54;ITGAV;ARHGEF4;LBH;TMEM127;ECT2;RCAN3;STARD13;TRAF4;PLEKHG1;ARHGAP30;NLRP12;WWC2;BCR;UBE2N;TNFSF11;RRAGC;MTOR;URB2;ARHGAP22;SGMS1;SETD9;ITFG2;PIDD1;AKAP13;PJA2;WWTR1;DNMBP;FAM13A;PRMT5;AURKA;ARAP1;SUMO4;MAPT;TTI1;FGD3;NOP2;RALBP1;FGF1;GDF5;OPTN;TP53RK;CD24;KAT6A;ARHGEF1;PAK3;EP300
ERICH1,GO_Biological_Process_2023,prerank,Phagosome Maturation (GO:0090382),-0.5078697930335472,-0.980938093205064,0.5059523809523809,1.0,1.0,9/15,26.47%,SRPX;RAB43;RAB31;RAB32;SLC4A7;MCOLN1;PIKFYVE;RAB38;RAB7A
ERICH1,GO_Biological_Process_2023,prerank,Eye Development (GO:0001654),0.3837939353563602,0.9807628547730943,0.48484848484848486,1.0,1.0,16/55,16.23%,MAB21L2;MAB21L1;PITX2;SLC39A5;RAB18;MEIS1;CRYBA4;RAB3GAP1;ADAMTS18;FBN1;ATF6;HIPK2;FREM2;EFEMP1;SCO2;GDF3
ERICH1,GO_Biological_Process_2023,prerank,Plasma Membrane Repair (GO:0001778),-0.4638088133765843,-0.979538788473403,0.488929889298893,1.0,1.0,12/21,22.70%,SMPD1;CHMP4A;SYTL4;CHMP4C;CHMP5;SYT11;MYOF;CHMP3;CHMP1A;VPS4A;CHMP6;TRIM72
ERICH1,GO_Biological_Process_2023,prerank,Positive Regulation Of Leukocyte Mediated Cytotoxicity (GO:0001912),-0.3996112909715357,-0.9794542905308727,0.49433962264150944,1.0,1.0,8/51,8.23%,RAET1E;IL23R;PVR;KLRK1;IL23A;XCL1;HLA-G;KLRD1
ERICH1,GO_Biological_Process_2023,prerank,Regulation Of Microtubule Polymerization Or Depolymerization (GO:0031110),-0.4371353353982942,-0.9792737830113201,0.4712230215827338,1.0,1.0,12/27,21.57%,STMN4;STMND1;MAPRE3;CAMSAP2;GAS2L1;ARL2;FKBP4;MAP1A;CLASP1;MAPT;MAP1S;STMN1
ERICH1,GO_Biological_Process_2023,prerank,Vesicle Transport Along Actin Filament (GO:0030050),-0.47321558901202077,-0.9786829172357057,0.44874274661508706,1.0,1.0,7/18,13.36%,MYO1G;MYO1A;MYO1C;MYO1F;MYO5C;MYO5B;MYO1B
ERICH1,GO_Biological_Process_2023,prerank,Membrane Lipid Metabolic Process (GO:0006643),0.4827377253315114,0.9786221487096298,0.494279176201373,1.0,1.0,6/17,18.15%,CERKL;AGMO;ALOX12B;SERINC1;SPTLC1;GAL3ST1
ERICH1,GO_Biological_Process_2023,prerank,Negative Regulation Of Proteolysis Involved In Protein Catabolic Process (GO:1903051),-0.43961994370685703,-0.9785767885876695,0.48927875243664715,1.0,1.0,14/25,27.31%,EPHA4;PRKCG;QRICH2;CSNK2A2;TRIM39;GABARAPL2;HFE;PML;OPHN1;TAF1;PSMF1;RPS7;RPL5;MARCHF7
ERICH1,GO_Biological_Process_2023,prerank,Regulation Of T Cell Mediated Cytotoxicity (GO:0001914),-0.4223005500155443,-0.9784395790299741,0.49429657794676807,1.0,1.0,6/36,8.23%,RAET1E;IL23R;IL23A;XCL1;HLA-G;KLRD1
ERICH1,GO_Biological_Process_2023,prerank,Regulation Of Insulin-Like Growth Factor Receptor Signaling Pathway (GO:0043567),0.4651871026210277,0.9784353287706188,0.48559670781893005,1.0,1.0,7/19,14.42%,NKX3-1;IGF1;CDH3;IGFBP5;PHIP;IGFBP4;IGFBP6
ERICH1,GO_Biological_Process_2023,prerank,Protein-Containing Complex Organization (GO:0043933),0.3400954861015536,0.978286408497148,0.5,1.0,1.0,47/124,23.35%,CD3E;DET1;CLDN14;NFE4;GPAA1;CARD10;KNTC1;CAPN3;TUBGCP2;ANKS4B;AP2M1;FAS;TPR;OTX2;NDC1;DNM1L;TAPBP;TFAP4;YAP1;KMT2A;HSF1;NEMF;NUP54;MDM4;ELOB;SLC25A46;VIL1;LIN7A;SNX9;PEX14;SEH1L;DLG4;APBA1;PICALM;WDR19;TP53;NUP98;WIPF1;ZW10;LLGL1;VAMP3;MNAT1;SOX9;TRAF2;PPP2R1A;SHANK1;KIFAP3
ERICH1,GO_Biological_Process_2023,prerank,Negative Regulation Of Smoothened Signaling Pathway (GO:0045879),0.4422343430591294,0.9780671699225105,0.48394004282655245,1.0,1.0,15/25,24.75%,KCTD6;SUFU;PTCH2;HHIP;GPC3;GLI1;GLI3;MOSMO;IFT122;KIF7;GPR161;RFX4;HERC4;KCTD21;MGRN1
ERICH1,GO_Biological_Process_2023,prerank,Positive Regulation Of Protein Secretion (GO:0050714),-0.3675066372876467,-0.9778774421045192,0.492619926199262,1.0,1.0,22/76,21.46%,CD33;DOC2B;PSMD9;SYTL4;APBB3;BMP6;ANG;WLS;POLR2D;EXOC7;SIRT6;GOLPH3;SOX4;ACHE;GCK;MYO18A;FRMD4A;GLUD1;TGFB2;MYOM1;IRS2;MYH10
ERICH1,GO_Biological_Process_2023,prerank,Positive Regulation Of Rho Protein Signal Transduction (GO:0035025),-0.4217720352733617,-0.9778427549989611,0.5,1.0,1.0,8/31,17.68%,GPR20;ADGRG1;F11R;P2RY8;LPAR4;F2RL2;AKAP13;LPAR1
ERICH1,GO_Biological_Process_2023,prerank,Regulation Of Fatty Acid Biosynthetic Process (GO:0042304),-0.44491616798698763,-0.9777562916221811,0.48096192384769537,1.0,1.0,11/26,24.89%,TRIB3;KAT2B;SLC45A3;LPGAT1;ELOVL5;ERLIN2;APOC1;ACADVL;KLHL25;WDTC1;CEACAM1
ERICH1,GO_Biological_Process_2023,prerank,Purine Nucleoside Bisphosphate Metabolic Process (GO:0034032),0.44350383452070885,0.9773900917266645,0.4535637149028078,1.0,1.0,4/24,6.99%,ACSM1;ACOT12;ACOT1;ACOT2
ERICH1,GO_Biological_Process_2023,prerank,Ribonucleoside Bisphosphate Metabolic Process (GO:0033875),0.44350383452070885,0.9773900917266645,0.4535637149028078,1.0,1.0,4/24,6.99%,ACSM1;ACOT12;ACOT1;ACOT2
ERICH1,GO_Biological_Process_2023,prerank,Regulation Of Microtubule-Based Process (GO:0032886),0.40523536990263004,0.977112760979111,0.4669603524229075,1.0,1.0,16/41,15.84%,MAP10;DIAPH1;GSK3B;TAOK1;CAMSAP3;BICD1;PATJ;FAM107A;FRMPD2;PHLDB1;PRKAA2;CDK2AP2;BICD2;MAP6;MAP6D1;TRIM36
ERICH1,GO_Biological_Process_2023,prerank,Protein K63-linked Ubiquitination (GO:0070534),-0.3902319256319,-0.9770753646992841,0.5161290322580645,1.0,1.0,17/53,17.14%,ARRDC4;TRIM27;ZFP91;MAGEL2;RNF152;UBE2T;UBE2D4;TRIM21;RNF168;TRIM56;RNF135;TRAF4;WWP2;RNF126;UBE2N;RNF5;PELI3
ERICH1,GO_Biological_Process_2023,prerank,Regulation Of Interleukin-1 Beta Production (GO:0032651),-0.36351170963324964,-0.9769449998041233,0.48443579766536965,1.0,1.0,16/82,15.35%,LILRB4;CD33;CARD18;JAK2;IFI16;LCP1;NLRP2;MYD88;NAIP;APP;CPTP;ZC3H12A;NLRP12;SIRPA;TMEM106A;NLRC4
ERICH1,GO_Biological_Process_2023,prerank,Cellular Response To Lipid (GO:0071396),-0.32426124599874545,-0.9765473551357653,0.5081967213114754,1.0,1.0,54/224,17.46%,CXCL13;PAX2;LY96;NR1H4;TICAM1;CXCL2;KCNK4;CD274;ESR1;SBNO2;CCDC62;WNT3;LCP1;MYD88;WNT9B;PPM1E;HSPA1B;FES;MEF2C;MGST1;WNT3A;TNFSF4;GNAI1;CXCL5;SSTR2;TNFRSF1B;BCL10;ATM;RHOA;DAB2IP;SNW1;CFTR;SELENOS;LDOC1;CASP7;ZC3H12A;CHMP5;MAPK8;CXCL6;SIRPA;HMGB2;ROCK2;ZFP36;PTK2B;MGARP;CXCL1;ATP1A2;HSPA8;ADAM15;SYK;RARA;SHPK;XBP1;UXT
ERICH1,GO_Biological_Process_2023,prerank,Cellular Response To Xenobiotic Stimulus (GO:0071466),0.442370801046216,0.976450678699203,0.47157894736842104,1.0,1.0,12/25,20.52%,FBP1;NKX3-1;REST;DPEP1;KCNE2;KCNH2;PDE4B;GAS6;RAP2A;PPM1F;VAV2;TP53
ERICH1,GO_Biological_Process_2023,prerank,Glycogen Metabolic Process (GO:0005977),0.46432613884771395,0.9761901861920173,0.4479166666666667,1.0,1.0,12/19,22.41%,NR1D1;GYS2;GSK3B;NHLRC1;PYGB;GBE1;PYGM;GAA;GYS1;PHKG2;GYG1;PER2
ERICH1,GO_Biological_Process_2023,prerank,Positive Regulation Of Peptidyl-Serine Phosphorylation (GO:0033138),0.3636652791336487,0.9760001573627458,0.49471458773784355,1.0,1.0,30/81,22.19%,IL6;AMH;PARK7;TRIM6;TCL1B;CALCR;RPTOR;MAD2L2;CAPRIN2;LATS1;TBK1;FNIP1;NTF4;CREBL2;SH2D3C;BDNF;GAS6;ATP2B4;TGFB1;BRAF;TNKS1BP1;IFNK;DOCK7;CAV1;RAF1;AKT1;SFRP2;TENM1;EGFR;OPRD1
ERICH1,GO_Biological_Process_2023,prerank,Establishment Of Protein Localization To Membrane (GO:0090150),0.3714691584981428,0.9759463147088625,0.46547884187082406,1.0,1.0,22/68,17.41%,RTP4;VPS37D;NACA2;SDCBP;FRMPD1;RABGEF1;RAB3GAP1;PRKCI;ZDHHC15;TAOK2;ZDHHC6;GORASP1;NACAD;ZDHHC18;ZDHHC11;ZDHHC21;REEP1;ZDHHC19;RAB11B;SEC63;RDX;BRAF
ERICH1,GO_Biological_Process_2023,prerank,Negative Regulation Of Synaptic Transmission (GO:0050805),-0.4934169428734409,-0.9759416996873673,0.46303501945525294,1.0,1.0,4/15,16.26%,STXBP1;GRIK3;DRD3;PICK1
ERICH1,GO_Biological_Process_2023,prerank,Transport Across Blood-Brain Barrier (GO:0150104),-0.3643785680778992,-0.9756588620511379,0.4962264150943396,1.0,1.0,36/84,23.68%,SLC2A4;SLC6A9;SLC4A4;SLC22A8;AGER;ATP1A4;SLC12A2;ABCB1;SLC24A3;ABCC2;LRP2;FABP5;SLC7A3;LRP1;ATP8A1;ABCC4;SLC22A5;SLC7A2;SLC29A2;SLC1A5;INSR;SLC4A3;ATP1A2;SLC16A7;SLC2A3;LEPR;SLC13A3;SLC7A1;SLC2A1;SLC38A1;SLC7A8;SLC1A4;SLC27A4;SLC38A2;SLC19A1;SLC1A3
ERICH1,GO_Biological_Process_2023,prerank,Golgi Organization (GO:0007030),-0.3454168152095971,-0.9756540194106692,0.4846743295019157,1.0,1.0,47/129,23.67%,SPTBN5;GOLGA8T;GOLGA6A;HTT;GOLGA6B;CUL7;UBXN2B;OBSL1;TMED1;LRRK2;YWHAZ;ZNF501;RAB43;RAB1B;CDC42;GOLGA2;ARL1;COG8;RAB8A;NSFL1C;GOLPH3;SURF4;VRK1;MYO18A;LMAN1;ATP8B1;GOLGA5;GCC2;CLASP1;CSNK1D;CSNK1A1;PRMT5;DYM;OPTN;FHDC1;BAG5;SYNE1;GOLGB1;TRAPPC11;PLK3;TRIP11;GOLGA8A;TMED5;GORASP2;FAM174B;COG6;BET1
ERICH1,GO_Biological_Process_2023,prerank,Negative Regulation Of Ossification (GO:0030279),-0.45876396289135524,-0.9753731640232313,0.4906015037593985,1.0,1.0,10/24,22.09%,SRGN;NOTCH1;MEF2C;KREMEN2;PTK2B;SMAD6;ENPP1;TMEM53;RBPJ;CHSY1
ERICH1,GO_Biological_Process_2023,prerank,Positive Regulation Of Nervous System Process (GO:0031646),-0.4790753531070165,-0.9751323570052537,0.4933078393881453,1.0,1.0,9/18,25.01%,TPPP;EGR2;TNFRSF1B;TENM4;RIMS1;RNF10;MYRF;NCMAP;UNC13B
ERICH1,GO_Biological_Process_2023,prerank,Regulation Of Stress-Activated MAPK Cascade (GO:0032872),0.3858413845437762,0.9749515239990381,0.48155737704918034,1.0,1.0,14/51,15.25%,GREM1;PER1;STK25;LGALS9;TAOK1;RASGRP1;FAS;TAOK2;COPS5;TIRAP;MAPK3;IGFBP6;MDFIC;MAP2K1
ERICH1,GO_Biological_Process_2023,prerank,Cell-Cell Adhesion Via Plasma-Membrane Adhesion Molecules (GO:0098742),0.32592811748421113,0.9745224810215031,0.48672566371681414,1.0,1.0,44/170,18.17%,JAML;CDH26;CLDN22;CRB1;PCDHB6;IGSF11;MYPN;IGSF9;CDH10;CLDN14;CADM3;NLGN1;NTNG1;SLITRK3;ROBO3;CDH3;PCDHGC3;CLDN20;PCDHB10;IL1RAPL1;ROBO1;CDH18;HMCN1;CDH2;CLDN10;CDH8;PCDHB13;ROBO2;DCHS1;CLDN4;FAT2;TENM2;NPTN;SCARF1;CADM2;ITGB1;GRID2;LRRC4C;PTPRS;HMCN2;ATP2C1;TENM3;CADM1;GPC4
ERICH1,GO_Biological_Process_2023,prerank,Protein Targeting (GO:0006605),0.3397239261099305,0.9738325245840402,0.5099778270509978,1.0,1.0,45/128,20.67%,RTP4;LTBP2;VPS37D;NACA2;SEC61G;NLGN1;SDCBP;RASSF9;AP1S3;SRP14;RABGEF1;TOMM7;PRKCI;ZDHHC15;TAOK2;LONP2;VPS13D;SRPRB;ZDHHC6;NACAD;ZDHHC18;ZDHHC11;ZDHHC21;HACL1;ZDHHC19;TIMM9;TIMM13;PEX19;SEC63;ZFAND2B;VPS8;PEX16;ZDHHC2;AP3D1;RPL11;TSPO;SEC61A1;TIMM17B;TOMM20;FUT10;PEX1;MFN2;TRAK2;ICMT;SORL1
ERICH1,GO_Biological_Process_2023,prerank,Regulation Of Macroautophagy (GO:0016241),-0.3598701219798603,-0.9737911312052425,0.5132575757575758,1.0,1.0,34/94,20.92%,ATP6V1G2;GBA1;SCOC;TBC1D25;ATP6V0A2;LRRK2;CDK5;SESN3;ATG5;ATP6V0E2;EXOC7;SIRT1;UBQLN2;PIK3R4;EXOC8;VPS26B;MAPK8;BNIP3;WAC;SH3GLB1;SESN1;MTOR;UBQLN1;ATP6V1D;CASP3;EPM2A;ULK1;SNX32;CLEC16A;CDK5R1;UCHL1;ATP6V1E2;SNX6;SESN2
ERICH1,GO_Biological_Process_2023,prerank,Regulation Of Cholesterol Efflux (GO:0010874),0.42297212994773425,0.9735835844016762,0.46458333333333335,1.0,1.0,11/32,20.91%,PLA2G10;ABCA3;LAMTOR1;ABCA7;TTC39B;GPS2;ZDHHC8;NR1H3;PPARG;EEPD1;CAV1
ERICH1,GO_Biological_Process_2023,prerank,Negative Regulation Of Protein Localization To Nucleus (GO:1900181),-0.4554671432246453,-0.9734371298474985,0.4820717131474104,1.0,1.0,7/22,18.08%,LILRB4;YWHAZ;CHP1;S100G;SIRT6;MTOR;ILRUN
ERICH1,GO_Biological_Process_2023,prerank,Gluconeogenesis (GO:0006094),0.4210511808064584,0.9729724239400112,0.49789915966386555,1.0,1.0,6/32,10.82%,PCK1;FBP1;PGAM2;TPI1;PCK2;MDH1
ERICH1,GO_Biological_Process_2023,prerank,Potassium Ion Import Across Plasma Membrane (GO:1990573),0.38810460509152106,0.9729586210627235,0.4762845849802372,1.0,1.0,12/42,15.15%,KCNJ4;KCNJ8;KCNK9;KCNJ12;ABCC9;ATP1A3;KCNE2;KCNH2;ATP12A;KCNJ10;SLC12A5;SLC12A4
ERICH1,GO_Biological_Process_2023,prerank,Mitochondrial Membrane Organization (GO:0007006),0.4143903583493852,0.9728416719325418,0.4794816414686825,1.0,1.0,12/32,20.40%,TAFAZZIN;OPA1;TMEM11;IMMT;PPIF;BCL2;CHCHD3;CHCHD6;SAMM50;MTX2;MTX3;MFN2
ERICH1,GO_Biological_Process_2023,prerank,Regulation Of Chemokine Production (GO:0032642),-0.4063847605453854,-0.9727239865452644,0.49171270718232046,1.0,1.0,6/41,9.45%,LILRB4;C5;LCP1;AGER;APP;TNFSF4
ERICH1,GO_Biological_Process_2023,prerank,Vascular Transport (GO:0010232),-0.3651378813749865,-0.972273007986658,0.48674242424242425,1.0,1.0,35/82,23.68%,SLC2A4;SLC6A9;SLC4A4;SLC22A8;AGER;ATP1A4;SLC12A2;ABCB1;SLC24A3;ABCC2;LRP2;SLC7A3;LRP1;ATP8A1;ABCC4;SLC22A5;SLC7A2;SLC29A2;SLC1A5;INSR;SLC4A3;ATP1A2;SLC16A7;SLC2A3;LEPR;SLC13A3;SLC7A1;SLC2A1;SLC38A1;SLC7A8;SLC1A4;SLC27A4;SLC38A2;SLC19A1;SLC1A3
ERICH1,GO_Biological_Process_2023,prerank,Regulation Of Chromosome Segregation (GO:0051983),-0.44131725668014443,-0.9719841256402441,0.48526522593320237,1.0,1.0,8/26,15.86%,KIF2B;PUM2;SMC5;CSNK2A2;NCAPH2;BUB1;IHO1;NCAPH
ERICH1,GO_Biological_Process_2023,prerank,Regulation Of mRNA Stability (GO:0043488),-0.3694585016095495,-0.9713866673095162,0.5111940298507462,1.0,1.0,33/73,24.74%,TENT5D;PUM2;NOCT;FASTKD3;THRAP3;KHSRP;RBM24;EIF4ENIF1;CARHSP1;FXR1;PAIP1;PRKCD;FTO;SERBP1;NRDE2;GIGYF2;CIRBP;ROCK2;ZFP36;NPM1;IREB2;YTHDF1;TBRG4;E2F1;METTL14;PDE12;ROCK1;DHX36;FMR1;FASTKD1;IGF2BP1;ZFP36L2;VIM
ERICH1,GO_Biological_Process_2023,prerank,"G Protein-Coupled Receptor Signaling Pathway, Coupled To Cyclic Nucleotide Second Messenger (GO:0007187)",0.392698218725257,0.9707615577849384,0.5010351966873706,1.0,1.0,18/50,16.63%,HRH4;HTR6;PTH1R;MC1R;HTR4;ANXA1;HRH3;NPY;TSHR;MTNR1A;CHRM5;NPY1R;HTR2C;HTR1E;HTR1A;HTR7;CHRM2;LPAR3
ERICH1,GO_Biological_Process_2023,prerank,Epithelial Cell Differentiation (GO:0030855),0.33620927884241236,0.9706532790144028,0.5099778270509978,1.0,1.0,32/131,18.50%,PCK1;KRT3;EHF;CCNO;AKR1C2;TCF21;RHCG;ANXA1;ALDOC;UPK1B;FGFR2;ZNF703;PROX1;PCK2;BMP4;TPP1;TOLLIP;SCRIB;LATS1;CDK1;YAP1;SPINK5;KDM6B;KDR;GLI1;VIL1;PPARG;IRF6;PGK1;CASP6;HDAC1;TAGLN
ERICH1,GO_Biological_Process_2023,prerank,Negative Regulation Of Ubiquitin-Protein Transferase Activity (GO:0051444),0.47312902190239803,0.9705676086935889,0.5161943319838057,1.0,1.0,10/17,22.68%,PARK7;DTX3L;MAD2L2;SMAD7;FBXO5;RPL11;CDC20;BAG2;BUB3;RPL17
ERICH1,GO_Biological_Process_2023,prerank,Regulation Of Cellular Biosynthetic Process (GO:0031326),-0.3668511795462631,-0.9697403731755828,0.492619926199262,1.0,1.0,19/70,18.35%,NR1H4;JAK2;ELP6;ELP4;STC2;APP;METTL18;PKP3;DDX25;TNFRSF1B;MAPKAPK5;MSI1;SIRT1;PCIF1;EIF2S1;SIRPA;CTNS;MED1;MTPN
ERICH1,GO_Biological_Process_2023,prerank,miRNA Metabolic Process (GO:0010586),-0.49856438521121077,-0.9690559611158795,0.49416342412451364,1.0,1.0,5/15,13.91%,PARN;KHSRP;TENT4B;LIN28B;ZC3H12A
ERICH1,GO_Biological_Process_2023,prerank,Cellular Response To Lipopolysaccharide (GO:0071222),-0.3470942242405041,-0.9690432714312955,0.5205223880597015,1.0,1.0,30/121,17.46%,CXCL13;LY96;TICAM1;CXCL2;CD274;SBNO2;MYD88;PPM1E;MEF2C;TNFSF4;CXCL5;TNFRSF1B;BCL10;RHOA;DAB2IP;SELENOS;LDOC1;CASP7;ZC3H12A;CHMP5;MAPK8;CXCL6;HCK;SIRPA;HMGB2;ZFP36;CXCL1;SHPK;XBP1;UXT
ERICH1,GO_Biological_Process_2023,prerank,Regulation Of Mitochondrial Fission (GO:0090140),-0.44240665926543055,-0.9689983636563498,0.48927875243664715,1.0,1.0,12/26,24.23%,LRRK2;MIEF1;MUL1;MFF;INF2;BNIP3;MAPT;PGAM5;RALBP1;STAT2;MARCHF5;PRKN
ERICH1,GO_Biological_Process_2023,prerank,Regulation Of Ryanodine-Sensitive Calcium-Release Channel Activity (GO:0060314),-0.44056523216847676,-0.9687282182186909,0.48214285714285715,1.0,1.0,6/24,12.94%,CLIC2;NOS1;CALM3;TRDN;CALM1;JPH4
ERICH1,GO_Biological_Process_2023,prerank,Regulation Of Collagen Biosynthetic Process (GO:0032965),0.4700204703524663,0.968560201494955,0.4959839357429719,1.0,1.0,6/18,11.13%,IL6;SERPINF2;EMILIN1;CIITA;SCX;BMP4
ERICH1,GO_Biological_Process_2023,prerank,Enzyme-Linked Receptor Protein Signaling Pathway (GO:0007167),0.3368136232607393,0.9679808986612668,0.4936708860759494,1.0,1.0,42/123,19.11%,CD3E;CD8B;GUCY2D;DDR2;NPPC;DOK5;PTK6;NPPA;MUSK;CSF1;ART4;EPHA2;GFRA2;BCAR1;FGFR2;DOK6;NPR1;ROR1;GP6;SAMD10;CLNK;GUCA1B;FYN;CASS4;PDGFRA;MST1R;ERBB3;SHC2;DOK3;ACVR2A;NTF4;PTPRU;BDNF;FGFR4;KDR;EFS;ALK;RYK;SAMD12;ACVR2B;MTSS1;LIFR
ERICH1,GO_Biological_Process_2023,prerank,Phosphatidylinositol Biosynthetic Process (GO:0006661),-0.3470059101914394,-0.967848782931974,0.4962264150943396,1.0,1.0,46/97,25.48%,SLA2;INPP4B;PIGO;PIGZ;DPM3;PGF;TMEM150A;MBOAT7;PTEN;DPM1;MTMR4;PIP5K1C;CDS1;MTMR14;PITPNM2;PI4KB;PMPCA;PIK3R1;PIGW;CISH;PIGN;INPP5K;INPP5D;EFR3B;PIGA;TPTE2;PGAP4;MTMR1;SACM1L;PITPNM1;TTC7B;SYNJ2;PI4KA;INPP4A;MTM1;MTMR7;SMG1;IP6K1;MTMR3;PITPNM3;FIG4;MTMR6;PIK3C3;SOCS6;SLC30A5;PIKFYVE
ERICH1,GO_Biological_Process_2023,prerank,Telomere Maintenance (GO:0000723),-0.37063555897568035,-0.967545283560212,0.5121951219512195,1.0,1.0,32/68,25.08%,ZBTB48;XRCC5;ACTR5;HUS1;RAD50;SMC5;STON1;TFPT;XRCC6;PTEN;WRN;DCLRE1C;ATM;INO80E;RAD51;TERF1;POT1;RPA2;INO80B;ACTL6A;INSL6;ERCC4;TRAPPC13;YY1;RPA1;RUVBL1;ACTR8;TERT;INO80C;PTGES3;SHLD1;INO80D
ERICH1,GO_Biological_Process_2023,prerank,Sensory Perception (GO:0007600),-0.38735540400111534,-0.9673568320721223,0.5,1.0,1.0,17/50,18.63%,USH2A;CHRNB2;OPRM1;KCNK4;ASIC3;PENK;OR3A2;PTGES;MME;CDH23;ADORA2A;TMEM150C;TTC8;CHRNA4;PCDH15;BBS4;USH1C
ERICH1,GO_Biological_Process_2023,prerank,Negative Regulation Of Nervous System Development (GO:0051961),0.4680010458598587,0.9671360659962619,0.49445676274944567,1.0,1.0,6/18,14.66%,IL6;REST;TLR2;ELAPOR2;DYNLT1;ROBO2
ERICH1,GO_Biological_Process_2023,prerank,Positive Regulation Of Biosynthetic Process (GO:0009891),0.39545252296260097,0.966875272487412,0.496,1.0,1.0,13/44,16.92%,PCK1;SERPINF2;CCL5;RPTOR;SCX;PLCG2;SORBS1;BMP4;MLST8;CREBL2;CD36;NR1H3;TGFB1
ERICH1,GO_Biological_Process_2023,prerank,Hexose Biosynthetic Process (GO:0019319),0.4097162052587268,0.9667653068182922,0.4989384288747346,1.0,1.0,6/35,10.82%,PCK1;FBP1;PGAM2;TPI1;PCK2;MDH1
ERICH1,GO_Biological_Process_2023,prerank,Renal Absorption (GO:0070293),0.4664328843303926,0.966683403902687,0.4800796812749004,1.0,1.0,6/17,14.82%,HNF1A;MAGED2;GSN;HAS2;HYAL2;CLDN4
ERICH1,GO_Biological_Process_2023,prerank,Neuron Projection Extension (GO:1990138),0.39491837910412675,0.966565369583394,0.49333333333333335,1.0,1.0,16/38,24.08%,TNN;SEMA3F;NELL1;PPP3CB;LLPH;SEMA5B;FLRT1;TMEM108;CDKL3;CPNE1;SSNA1;CTNNB1;NLGN3;IQGAP1;EIF2AK4;NELL2
ERICH1,GO_Biological_Process_2023,prerank,Negative Regulation Of Stress Fiber Assembly (GO:0051497),-0.4393186115469153,-0.9655976974526749,0.4990403071017274,1.0,1.0,12/24,21.57%,F11R;ARHGAP28;TMEFF2;PHLDB2;PIK3R1;WAS;CLASP1;INPP5K;RHPN2;ARHGEF18;MET;STMN1
ERICH1,GO_Biological_Process_2023,prerank,Filopodium Assembly (GO:0046847),-0.48088154042769,-0.9654309469157315,0.5148514851485149,1.0,1.0,11/17,25.57%,VSTM5;RAB17;DNM3;FGD3;PPP1R9B;FGD6;MRAP;SRGAP3;SPATA13;FGD5;FGD1
ERICH1,GO_Biological_Process_2023,prerank,Gland Development (GO:0048732),0.35927326503068796,0.9650773046893897,0.49148936170212765,1.0,1.0,16/73,18.42%,UGT1A10;NKX3-1;TCF21;GFER;COBL;ANXA1;FGFR2;PROX1;MSN;ZBTB1;SALL1;EZR;CDK5RAP3;ARID5B;STRA6;NF1
ERICH1,GO_Biological_Process_2023,prerank,Long-Chain fatty-acyl-CoA Metabolic Process (GO:0035336),-0.4484879291840963,-0.9649373707053759,0.49063670411985016,1.0,1.0,4/23,11.85%,THEM5;ELOVL3;ELOVL2;ELOVL5
ERICH1,GO_Biological_Process_2023,prerank,Natural Killer Cell Activation (GO:0030101),0.4005786221073599,0.9643351207787492,0.491869918699187,1.0,1.0,8/36,19.88%,NCR1;RASGRP1;ELF4;RABL3;ULBP3;PIK3CD;SNX27;IFNK
ERICH1,GO_Biological_Process_2023,prerank,Cellular Response To Reactive Oxygen Species (GO:0034614),0.35700459551327657,0.9641680140406222,0.5355648535564853,1.0,1.0,18/73,15.38%,TNFAIP3;IL6;RHOB;ANXA1;RIPK1;JUN;FYN;PDGFRA;MMP9;PEX5;ANKZF1;PTPRK;PPIF;MAPK3;FOS;MAP3K5;PXN;PRDX3
ERICH1,GO_Biological_Process_2023,prerank,Adenylate Cyclase-Activating G Protein-Coupled Receptor Signaling Pathway (GO:0007189),0.33971979899586857,0.9639031272203685,0.5239130434782608,1.0,1.0,18/108,9.45%,ADGRE3;PTGER3;PF4;ADGRG3;TBXA2R;CRHR1;PTH1R;ADCY6;MC1R;GPR26;PTGER1;ADM5;TSHR;CALCR;ADGRG5;ADRA2C;ADCY8;ADGRB1
ERICH1,GO_Biological_Process_2023,prerank,Positive Regulation Of Cell Cycle Process (GO:0090068),0.3379510908327252,0.963627153668173,0.5202558635394456,1.0,1.0,40/118,22.03%,SSTR5;MAP10;PDGFB;IGF1;CXCR5;RRM1;SMC2;SMC6;OOEP;SMC4;INCENP;NCAPG2;CDC7;TPR;PHIP;CEP295;BIRC5;KIF23;SOX15;CDC25B;SVIL;GEN1;ZNF16;SIRT2;PCID2;PRKCE;CDC14B;RAD18;AURKB;KIF20B;SASS6;MAD1L1;NUSAP1;RHNO1;CSPP1;SPAST;NCAPG;RAD21;PDGFRB;NUMA1
ERICH1,GO_Biological_Process_2023,prerank,Cellular Response To Steroid Hormone Stimulus (GO:0071383),0.4362728189964463,0.9636203449962916,0.5064655172413793,1.0,1.0,7/25,14.79%,NKX3-1;TFPI;ADTRP;ATP1A3;BMP7;BMP4;GPER1
ERICH1,GO_Biological_Process_2023,prerank,Endosome To Lysosome Transport (GO:0008333),0.3782303853317126,0.963443128442473,0.49023861171366595,1.0,1.0,23/57,23.17%,AKTIP;DTX3L;RHOB;CACNG2;VPS33B;RILP;GPRASP1;BIN1;LYST;ARL8B;VPS11;MVB12A;CACNG7;VPS4B;PLEKHF2;PXK;AP3D1;M6PR;RAB12;ATG14;TGFBRAP1;VAMP7;CACNG5
ERICH1,GO_Biological_Process_2023,prerank,Cellular Response To Type I Interferon (GO:0071357),0.4221567509075376,0.9631765672835498,0.5041322314049587,1.0,1.0,11/30,19.88%,IKBKE;IFI27;IFITM2;TYK2;TBKBP1;IFIT1;IRAK1;TBK1;TANK;IFITM1;IFNK
ERICH1,GO_Biological_Process_2023,prerank,Positive Regulation Of Protein Localization (GO:1903829),0.35442396626740597,0.9631556398980227,0.5095541401273885,1.0,1.0,29/85,18.43%,NECAB2;PARK7;DTX3L;SNX33;CARD10;GSK3B;PPP3CB;PARP9;RIC3;BICD1;CEP295;GPD1L;FYN;TYK2;GNL3L;PRKAA2;NGFR;CDK1;YAP1;PTP4A3;ORMDL3;LIMK2;CCDC88A;CDK5RAP3;TGFB1;PLK1;DDRGK1;EIF2AK3;TCF7L2
ERICH1,GO_Biological_Process_2023,prerank,Base-Excision Repair (GO:0006284),-0.39820016768287897,-0.963099878686365,0.502835538752363,1.0,1.0,14/36,21.59%,PARG;NEIL2;LIG3;WRN;OGG1;APEX2;UNG;RPA2;POLD1;XRCC1;MUTYH;POLL;FEN1;RPA1
ERICH1,GO_Biological_Process_2023,prerank,DNA-templated Transcription Initiation (GO:0006352),-0.3807974778363915,-0.9625574879400706,0.4943609022556391,1.0,1.0,25/58,24.38%,TBPL2;CDK9;GTF2A2;TAF10;PAAF1;POLRMT;CDK7;MAZ;SMARCA5;POLR2D;TAF13;POLR2I;GTF3C1;TAF7;E2F2;UBTF;GTF2F2;TFAM;CRCP;NCOA6;GTF2F1;TAF1;NAT14;ZFP36L2;MED23
ERICH1,GO_Biological_Process_2023,prerank,Negative Regulation Of Interleukin-6 Production (GO:0032715),-0.41623661055171224,-0.9624771947831102,0.492156862745098,1.0,1.0,8/34,14.95%,LILRB4;GBA1;FOXJ1;SELENOS;ZC3H12A;SYT11;NLRP12;SIRPA
ERICH1,GO_Biological_Process_2023,prerank,Negative Regulation Of Cell-Matrix Adhesion (GO:0001953),-0.41892720217589186,-0.9623352632066919,0.5189393939393939,1.0,1.0,13/31,18.56%,PLET1;CDKN2A;MAP4K4;PTEN;NF2;SRC;JAG1;AJAP1;RASA1;PHLDB2;RCC2;ADAM15;DUSP22
ERICH1,GO_Biological_Process_2023,prerank,Positive Regulation Of Chemokine Production (GO:0032722),0.3846091517804495,0.961922928118118,0.482837528604119,1.0,1.0,10/53,12.93%,IL6;TLR7;AZU1;TWIST1;ALOX15B;IL6R;LGALS9;TLR2;DDX3X;TIRAP
ERICH1,GO_Biological_Process_2023,prerank,RNA Biosynthetic Process (GO:0032774),-0.42442388607932663,-0.9618638482094604,0.5,1.0,1.0,14/29,25.90%,TBPL2;TAF10;SMARCA5;TAF13;TAF7;PRMT5;TCEA2;SETX;NCOA6;NAT14;ZFP36L2;POLA2;HELB;PRIM1
ERICH1,GO_Biological_Process_2023,prerank,Positive Regulation Of Lipid Biosynthetic Process (GO:0046889),0.39469545115449534,0.961835242938234,0.49377593360995853,1.0,1.0,10/39,16.54%,PCK1;PLIN5;RPTOR;SLC27A1;SORBS1;MLST8;CREBL2;KAT5;SIRT2;NR1H3
ERICH1,GO_Biological_Process_2023,prerank,Regulation Of Lipid Metabolic Process (GO:0019216),0.37254949381512853,0.9614897279877851,0.522633744855967,1.0,1.0,21/54,21.81%,PCK1;DISP3;NR1D1;TM6SF2;PLCG2;ZFP69;PSAP;RNF213;ABCA7;PLPP1;OPA3;MACROH2A1;GPS2;FGFR4;PPARG;PPARD;CAV1;ADIPOR1;NCOA2;NPC2;LACTB
ERICH1,GO_Biological_Process_2023,prerank,Regulation Of Secretion (GO:0051046),0.47623291978903026,0.9610439327781409,0.5042016806722689,1.0,1.0,7/16,24.50%,PTPRN;OPRK1;ERBB3;MYO6;KCNQ1;GPLD1;SCIN
ERICH1,GO_Biological_Process_2023,prerank,acyl-CoA Metabolic Process (GO:0006637),0.41386057486074634,0.9606983522786801,0.5051975051975052,1.0,1.0,4/30,6.99%,ACSM1;ACOT12;ACOT1;ACOT2
ERICH1,GO_Biological_Process_2023,prerank,Lipid Translocation (GO:0034204),0.43706046629426715,0.9606249966909369,0.5081967213114754,1.0,1.0,11/24,18.66%,ATP10B;ATP8B2;ATP9B;SLC52A1;ATP8B3;ABCA7;ATP11A;ABCC1;ATP9A;TMEM30A;TRIAP1
ERICH1,GO_Biological_Process_2023,prerank,Transmembrane Receptor Protein Serine/Threonine Kinase Signaling Pathway (GO:0007178),0.3342969750194895,0.9601628805221986,0.5106837606837606,1.0,1.0,45/129,19.64%,INHBB;LRRC32;LTBP2;AMH;SLC39A5;NRROS;EID2;SCX;HJV;BMP7;SMURF1;JUN;BMP4;RGMB;NUP93;SMAD3;ZFYVE9;HPGD;TWSG1;PTPRK;HIPK2;FKBP1A;ACVR2A;MAPK3;FOS;USP9Y;WFIKKN1;RNF111;BAMBI;PXN;SMAD2;GDF3;ITGB1;TGFB1;TGFB1I1;SMAD7;PPARG;GDF15;ITGB5;ACVR1;ACVR2B;FAM83G;MAGI2;GPI;BMPR1B
ERICH1,GO_Biological_Process_2023,prerank,Modified Amino Acid Transport (GO:0072337),-0.4224724899509704,-0.9598035817656436,0.49074074074074076,1.0,1.0,12/29,23.60%,SLC7A7;SLC47A1;SLC7A6;SLC7A11;SLC7A3;SLC25A32;SLC7A2;CTNS;SLC38A9;SLC7A1;SLC1A4;SLC19A1
ERICH1,GO_Biological_Process_2023,prerank,Cellular Response To Hypoxia (GO:0071456),-0.3595209735093043,-0.9595486177336656,0.5149812734082397,1.0,1.0,21/72,18.85%,AK4;STOX1;ANGPT4;P4HB;AQP3;NOTCH1;TIGAR;VHL;KCND2;CPEB2;SIRT1;FAM162A;BNIP3;MYC;MGARP;HMOX1;MTOR;UBQLN1;LMNA;EGLN1;EGLN2
ERICH1,GO_Biological_Process_2023,prerank,Activin Receptor Signaling Pathway (GO:0032924),-0.4718663772445649,-0.9595268229269864,0.5180722891566265,1.0,1.0,3/16,2.65%,CFC1;GDF7;GDF6
ERICH1,GO_Biological_Process_2023,prerank,Positive Regulation Of Alpha-Beta T Cell Proliferation (GO:0046641),-0.4752290541205446,-0.9594835380464075,0.5078125,1.0,1.0,7/17,18.86%,JAK2;IL23A;XCL1;TNFSF4;TGFBR2;SYK;CD55
ERICH1,GO_Biological_Process_2023,prerank,Macromolecule Catabolic Process (GO:0009057),-0.35374938581364573,-0.9594657054543629,0.5103969754253308,1.0,1.0,38/85,25.87%,DIS3;RNASEH2C;CHEK2;XRN2;RNASEH2A;LRSAM1;SETMAR;DAB2IP;NCBP1;PIK3R4;EXOSC3;CASP7;PPP1R8;PRSS16;SH3GLB1;EXOSC7;PNPT1;MTOR;USE1;EXOSC10;EXOSC1;SIDT2;CASP3;RNF5;PABPC4;UVRAG;EXOSC9;FBH1;DNASE1;EXOSC2;PRKN;SQSTM1;MUS81;NEDD4;CLN5;HNRNPD;BECN1;HTRA2
ERICH1,GO_Biological_Process_2023,prerank,Sensory Perception Of Light Stimulus (GO:0050953),-0.3444283601058267,-0.9592301503276154,0.5374771480804388,1.0,1.0,24/102,16.10%,RS1;PAX2;RD3;USH2A;CHRNB2;GNAT2;GPR179;CRYBA1;NXNL2;CNGB1;DNAJC19;EYA4;GUCY2F;DHRS3;COL18A1;CRYGN;RGS16;CDH23;CRYBG3;S100G;CRYGS;RPGR;CRYBB1;PCDH15
ERICH1,GO_Biological_Process_2023,prerank,Protein Targeting To Peroxisome (GO:0006625),0.4646588534944562,0.959116241447651,0.4845360824742268,1.0,1.0,8/16,20.29%,LONP2;PEX5;PEX7;TRIM37;PEX19;PEX14;PEX16;PEX1
ERICH1,GO_Biological_Process_2023,prerank,ERAD Pathway (GO:0036503),-0.3505525676433312,-0.9586264447459252,0.5424354243542435,1.0,1.0,40/89,24.89%,UBXN4;OS9;SEL1L2;FBXO6;MARCHF6;CALR3;UBE2J1;HSPA5;SEL1L;UBXN6;RHBDD2;UBQLN2;DNAJB12;DERL2;SELENOS;HSP90B1;TMUB2;RCAN3;FAM8A1;EDEM1;UBQLN1;BRSK2;RNF5;XBP1;RNF175;ERLIN2;DERL3;RNF139;MAN1A1;TMEM67;UGGT2;ERLEC1;DNAJB9;FOXRED2;DNAJC10;RHBDD1;PRKN;TRIM13;CLGN;STT3B
ERICH1,GO_Biological_Process_2023,prerank,Chordate Embryonic Development (GO:0043009),-0.3722371081756748,-0.9581178579304811,0.5223048327137546,1.0,1.0,22/59,24.42%,BMP2;GATA3;ALDH1A2;STIL;FUZ;INTU;POLR2D;FUT8;GRHL2;HINFP;CHD7;SULF2;ZNF358;WDPCP;SOX8;ARNT2;MBNL1;PKD1;VEGFA;FGFR1;KIAA1217;FLCN
ERICH1,GO_Biological_Process_2023,prerank,Cellular Response To Fibroblast Growth Factor Stimulus (GO:0044344),-0.37911276470576266,-0.9581046985410767,0.5332068311195446,1.0,1.0,18/55,20.10%,FGF21;FRS3;FGF9;FGF16;FGFR3;FGF20;FLRT3;TDGF1;CHURC1;ZFP36;CEP57;CD44;FGF4;FGF18;FGF8;FLRT2;SETX;FGF1
ERICH1,GO_Biological_Process_2023,prerank,Positive Regulation Of DNA Repair (GO:0045739),-0.346494865325898,-0.9576936215065353,0.5509090909090909,1.0,1.0,40/89,25.08%,ACTR5;SMARCD2;MGMT;HDAC10;EYA4;TIGAR;PRKCG;TFPT;EYA2;SPIRE2;DPF1;RNF168;BCL7C;ARID2;SIRT1;SMARCA2;SIRT6;WRAP53;INO80E;UBE2N;ZCWPW1;INO80B;ACTL6A;DPF3;SMARCE1;XRCC1;YY1;PBRM1;BCL7A;USP1;RUVBL1;ACTL6B;ACTR8;INO80C;CCDC117;HMGB1;TMEM161A;TRIM28;DEPDC1B;INO80D
ERICH1,GO_Biological_Process_2023,prerank,Positive Regulation Of Macromolecule Metabolic Process (GO:0010604),0.3003843154812983,0.9568557332217947,0.5955555555555555,1.0,1.0,95/362,18.62%,CD3E;PF4;AGR2;KLF2;TTBK1;NKX3-1;IL6;AMH;CYP27B1;VSTM2A;PARK7;FOXD1;PLA2G10;AZU1;TWIST1;NOS3;AGTR1;FAM98B;DTX3L;PDGFB;ADTRP;IGF1;EMILIN1;SLC11A1;P2RX7;UBR5;MUSK;RIPK1;CSF1;ITCH;FER1L6;CALCR;GSK3B;HGS;ALOX12B;CHRNA7;CDH3;PRKAB1;LGALS9;SCX;DNAJA4;PLCG2;TLR2;IFNGR1;LRP3;TNC;CTSH;BMP7;PID1;PTPN1;GSN;DTNBP1;ROBO1;BMP4;EPB41L4B;OCRL;SCRIB;ZNF804A;FGF19;SFRP4;SMAD3;DDX3X;MSN;RAMP2;MED26;YAP1;CD36;EPHX2;GPER1;PIK3R3;MAP2K1;PIK3CD;SLC2A10;WFS1;EZR;PDCL3;FGFR4;ACTC1;GAS6;PDCD5;ATF2;NR1H3;TGFB1;RDX;PPARG;BRAF;DDRGK1;HMGN5;TTN;ZPR1;ETS1;EIF2AK3;HDAC1;PHB1;PPM1F
ERICH1,GO_Biological_Process_2023,prerank,Positive Regulation Of Locomotion (GO:0040017),0.4172176628624987,0.9566844689230996,0.4959677419354839,1.0,1.0,9/30,18.62%,DUOX1;TWIST1;PDGFB;NTN1;PHPT1;CCL26;TGFB1;PPM1F;THBS1
ERICH1,GO_Biological_Process_2023,prerank,Steroid Biosynthetic Process (GO:0006694),-0.38178973320652065,-0.9565874394443222,0.525,1.0,1.0,19/50,21.29%,SLC27A2;AKR1D1;HSD17B3;OSBP;CYP51A1;CYP46A1;HSD3B7;HSD17B1;ACOT8;ABCD3;AMACR;CYP27A1;HSD17B10;CYP39A1;CYP7B1;FAXDC2;SRD5A1;AKR1C3;OSBPL2
ERICH1,GO_Biological_Process_2023,prerank,Regulation Of rRNA Processing (GO:2000232),-0.48581098014112006,-0.9565531152850424,0.5227686703096539,1.0,1.0,6/15,21.03%,WDR75;KAT2B;METTL18;UTP15;NUDT16;SIRT7
ERICH1,GO_Biological_Process_2023,prerank,Tail-Anchored Membrane Protein Insertion Into ER Membrane (GO:0071816),0.4695808151690803,0.9559808582823099,0.4865979381443299,1.0,1.0,8/16,18.43%,EMC9;EMC6;EMC7;EMC3;GET3;SGTA;EMC10;UBL4A
ERICH1,GO_Biological_Process_2023,prerank,Positive Regulation Of Leukocyte Chemotaxis (GO:0002690),0.37421756276496326,0.9553662603459433,0.5376106194690266,1.0,1.0,15/54,18.79%,IL6;CCL5;IL6R;IL12A;CXCL17;CCR6;CSF1;LGALS9;VEGFC;SERPINE1;MAPK3;GAS6;CALR;THBS1;LGMN
ERICH1,GO_Biological_Process_2023,prerank,Protein Localization To Cell Surface (GO:0034394),0.4335148132417846,0.9553105385887594,0.5086206896551724,1.0,1.0,14/26,27.18%,RIC3;SMURF1;PTPRK;PRRT1;PTPRU;ARF6;GGA1;UNC50;CTNNB1;FLNA;ANK2;CD177;GGA3;USP4
ERICH1,GO_Biological_Process_2023,prerank,Membrane Depolarization During Cardiac Muscle Cell Action Potential (GO:0086012),-0.4804365143814364,-0.9551759294856286,0.5275735294117647,1.0,1.0,8/16,25.51%,KCNJ2;HCN2;CACNA1G;CACNB2;ATP1A2;HCN4;SCN5A;SLC8A1
ERICH1,GO_Biological_Process_2023,prerank,Positive Regulation Of Cell Projection Organization (GO:0031346),0.33521215113202113,0.9551664349728721,0.5289079229122056,1.0,1.0,41/118,19.47%,PLK5;PLA2G3;TNN;DDR2;PTK6;NLGN1;MUSK;FZD1;PLXNA4;ROR1;PRKCI;IL1RAPL1;PLXNA1;FZD4;TIAM2;ROBO1;RELN;METRN;ZNF804A;LRRC7;CAPRIN2;GPC2;MAP6;ROBO2;CDKL3;DPYSL3;NPTN;NDNF;BDNF;SCARF1;AVIL;MAP3K13;STYXL1;TENM3;CARMIL1;DLG4;CBFA2T2;PLPPR5;MAGI2;FUT9;SS18L1
ERICH1,GO_Biological_Process_2023,prerank,Positive Regulation Of Lymphocyte Chemotaxis (GO:0140131),-0.4569506868418586,-0.9543343639008071,0.50199203187251,1.0,1.0,5/17,19.60%,CXCL13;XCL1;PTK2B;WNK1;OXSR1
ERICH1,GO_Biological_Process_2023,prerank,Negative Regulation Of Double-Strand Break Repair (GO:2000780),0.4083223358222604,0.9537673257596068,0.5267489711934157,1.0,1.0,9/33,14.62%,TWIST1;RADX;MAD2L2;SHLD2;OTUB1;SMCHD1;MAGEF1;HSF1;KAT5
ERICH1,GO_Biological_Process_2023,prerank,Positive Regulation Of Chemotaxis (GO:0050921),0.38556439320811037,0.9536034883168896,0.5094339622641509,1.0,1.0,15/44,22.27%,IL6;IL6R;PDGFB;NELL1;KDR;CCL26;TGFB1;PPM1F;THBS1;LGMN;DSCAM;AIF1;F7;PDGFRB;SMOC2
ERICH1,GO_Biological_Process_2023,prerank,Calcium-Independent Cell-Cell Adhesion Via Plasma Membrane Cell-Adhesion Molecules (GO:0016338),0.45752113887000634,0.9532278373433183,0.4945054945054945,1.0,1.0,5/18,14.82%,CLDN22;CLDN14;CLDN20;CLDN10;CLDN4
ERICH1,GO_Biological_Process_2023,prerank,Chloride Transport (GO:0006821),-0.36135325612674457,-0.9531742707014128,0.5571955719557196,1.0,1.0,17/77,14.10%,APOL1;FXYD3;GABRG1;CLCN1;SLC12A3;CLIC2;SLC26A9;ANO9;TTYH3;NMUR1;CLCNKB;SLC12A2;SLC26A5;CLIC4;CFTR;CLIC1;GABRG3
ERICH1,GO_Biological_Process_2023,prerank,Skeletal System Morphogenesis (GO:0048705),-0.391041791633031,-0.9528347162918691,0.536779324055666,1.0,1.0,10/42,15.59%,ANKRD11;FGFR3;SPEF2;ATG9A;SIX1;FUZ;DYNC2I1;ATG9B;RAB33B;LRP5
ERICH1,GO_Biological_Process_2023,prerank,Regulation Of Protein Sumoylation (GO:0033233),0.46257442957217504,0.9527197529207342,0.5125523012552301,1.0,1.0,8/17,21.07%,PARK7;PIAS3;RASD2;SAE1;GNL3L;UBA2;CTNNB1;EGR1
ERICH1,GO_Biological_Process_2023,prerank,Sensory Perception Of Sound (GO:0007605),-0.35190210338689065,-0.9526090053630782,0.5444444444444444,1.0,1.0,28/91,20.82%,OTOR;USH2A;CHRNB2;MYO1A;P2RX2;ATP2B2;PAX3;TMC1;SERPINB6;MKKS;KIT;GSDME;SLC26A5;USP53;LOXHD1;LRP2;CDH23;SOD1;ATP6V0A4;PCDH15;TMIE;CDC14A;TIMM8B;USH1C;SPTBN4;TPRN;HOMER2;RIPOR2
ERICH1,GO_Biological_Process_2023,prerank,Positive Regulation Of Fibroblast Proliferation (GO:0048146),0.43112426974826085,0.9522746899341783,0.5252100840336135,1.0,1.0,5/28,11.53%,AMH;PDGFB;IGF1;DDR2;PDGFRA
ERICH1,GO_Biological_Process_2023,prerank,Regulation Of Exocytosis (GO:0017157),-0.3772261083175429,-0.9520770663309591,0.5186567164179104,1.0,1.0,25/54,24.91%,RAB27A;RAB27B;SYTL4;NSF;SEPTIN4;RAB26;CADPS2;STXBP5;RAB3D;SNCA;CFTR;RAB8A;RAB33B;CLASP1;CHMP3;STX4;STXBP5L;CPLX2;VAMP2;ANXA2;CHMP6;TPCN2;UNC13D;RAB8B;RAB5A
ERICH1,GO_Biological_Process_2023,prerank,Ventricular Septum Development (GO:0003281),-0.40375131032347694,-0.9515095038233303,0.5068762278978389,1.0,1.0,16/37,20.89%,GATA3;HES1;NOTCH1;PDE2A;HEYL;SLIT1;BMPR2;TGFBR2;TGFBR3;SOX4;ZFPM2;CITED2;TGFB2;BMPR1A;ZFPM1;SLIT2
ERICH1,GO_Biological_Process_2023,prerank,Male Meiosis I (GO:0007141),-0.4796536988252239,-0.9510903540139891,0.5342205323193916,1.0,1.0,4/16,22.79%,ING2;ZSCAN21;BTBD18;SYCP3
ERICH1,GO_Biological_Process_2023,prerank,Positive Regulation Of Stem Cell Proliferation (GO:2000648),-0.47158041101589,-0.9506426005174471,0.5172413793103449,1.0,1.0,8/16,20.88%,THPO;PDCD2;KDM1A;CITED1;EPCAM;FERMT2;N4BP2L2;GJA1
ERICH1,GO_Biological_Process_2023,prerank,Positive Regulation Of Protein Localization To Plasma Membrane (GO:1903078),0.3860370564436939,0.9501085308006736,0.5124716553287982,1.0,1.0,20/51,19.96%,AGR2;NKD2;ZDHHC5;WNK3;EPHA2;ITGA3;PRKCI;SORBS1;GPER1;PRKCE;ITGB1;ZDHHC8;ARF6;ATP2B4;ATP2C1;DLG1;PDPK1;KIF5B;ZDHHC2;RANGRF
ERICH1,GO_Biological_Process_2023,prerank,Negative Regulation Of Cellular Senescence (GO:2000773),0.4677985157790135,0.9500139249744903,0.5518672199170125,1.0,1.0,8/17,20.62%,AMH;TWIST1;RBL1;ZKSCAN3;FZR1;FBXO5;TERF2;YBX1
ERICH1,GO_Biological_Process_2023,prerank,Positive Regulation Of Cytokine-Mediated Signaling Pathway (GO:0001961),0.384279814062638,0.9500134933692499,0.5059523809523809,1.0,1.0,12/44,18.01%,CXCR4;IKBKE;TRIM6;RIPK1;CSF1;PARP9;C1QTNF4;TRIM44;AGPAT1;CPNE1;GAS6;RNF185
ERICH1,GO_Biological_Process_2023,prerank,Epidermis Development (GO:0008544),0.34888245068825435,0.9497627669557243,0.5366379310344828,1.0,1.0,10/83,9.11%,KRTAP5-9;GRHL1;EDAR;SPRR2F;KLK5;STS;EVPL;FGFR2;ZNF750;EMP1
ERICH1,GO_Biological_Process_2023,prerank,Bile Acid And Bile Salt Transport (GO:0015721),-0.4391124994676476,-0.9493993075082666,0.5497076023391813,1.0,1.0,10/23,19.61%,SLC10A6;SLC10A3;SLC10A4;ABCC2;ABCD3;ABCC4;SLCO1A2;ATP8B1;SLC51A;SLCO1B1
ERICH1,GO_Biological_Process_2023,prerank,Sterol Biosynthetic Process (GO:0016126),-0.4309203205228601,-0.9492736962613677,0.5135658914728682,1.0,1.0,11/28,25.65%,NPC1L1;CYP51A1;TM7SF2;INSIG2;G6PD;FAXDC2;HSD17B7;PLPP6;GLB1;HMGCR;ARV1
ERICH1,GO_Biological_Process_2023,prerank,Regulation Of Protein Kinase Activity (GO:0045859),-0.3339916545421181,-0.9491934128852746,0.5836501901140685,1.0,1.0,41/116,22.51%,XRCC5;TARBP2;MMD2;TRIM27;SFN;TRIB3;PRKRIP1;PTK2;PPM1E;DUSP19;LRRK2;XRCC6;MAPRE3;CHP1;LCP2;RASSF2;SIRT1;SNCA;DAXX;SOD1;ECT2;TRAF4;PTK2B;TAF7;ALS2;CAMKK1;WWTR1;ORC3;INPP5K;GNAQ;UVRAG;SMG8;GSKIP;RTRAF;MAP3K12;CEP43;RB1;RAP2B;QARS1;PLCE1;THY1
ERICH1,GO_Biological_Process_2023,prerank,Protein Depolymerization (GO:0051261),-0.4217297257979758,-0.9491267577654257,0.5038314176245211,1.0,1.0,6/28,15.20%,KIF2B;STMN4;STMND1;KIF2A;KIF18A;NCKAP5
ERICH1,GO_Biological_Process_2023,prerank,Monoatomic Anion Transport (GO:0006820),-0.37316865682402817,-0.9487180032304453,0.527306967984934,1.0,1.0,13/57,15.69%,FXYD3;CLCN1;CLIC2;SLC26A9;ANO9;TTYH3;NMUR1;CLCNKB;SLC26A5;SLC17A6;CLIC4;CLIC1;GLRA1
ERICH1,GO_Biological_Process_2023,prerank,Establishment Of Spindle Orientation (GO:0051294),0.40195835277510755,0.948612743745836,0.5295315682281059,1.0,1.0,20/35,22.03%,SAPCD2;PAFAH1B1;LLGL2;PKHD1;FBXW11;KIF25;MAP4;NDEL1;MAPRE1;ENKD1;DYNLT1;KAT5;ITGB1;PLK1;CENPA;NDE1;ZW10;LLGL1;DCTN1;NUMA1
ERICH1,GO_Biological_Process_2023,prerank,Negative Regulation Of RNA Biosynthetic Process (GO:1902679),-0.46829569574228486,-0.9480556285304363,0.548582995951417,1.0,1.0,7/16,20.07%,APOBEC3B;FCN3;MORC2;TASOR;INPP5K;ZNF653;RESF1
ERICH1,GO_Biological_Process_2023,prerank,Negative Regulation Of Response To Stimulus (GO:0048585),-0.3746909683769531,-0.9478025706668587,0.5448028673835126,1.0,1.0,22/52,25.57%,EPHA4;FOXP3;HLA-G;VHL;ALOX5;VPS13C;KIF26A;SIRT1;NLRP12;KLF4;LPCAT3;TLE5;AQP11;INPP5D;SH2B3;SLIT2;PIM3;THY1;IGFBP3;LYN;MCTP1;WDR41
ERICH1,GO_Biological_Process_2023,prerank,Negative Regulation Of Protein Dephosphorylation (GO:0035308),0.4535941820908128,0.9476791469824033,0.49795918367346936,1.0,1.0,9/19,18.00%,GSK3B;BOD1;FKBP1A;PPP1R11;YWHAE;PPP1R16B;STYXL1;PPP1R1B;MFHAS1
ERICH1,GO_Biological_Process_2023,prerank,Spindle Assembly (GO:0051225),-0.3516793745403306,-0.9475342069173202,0.5673758865248227,1.0,1.0,25/80,19.56%,GOLGA8T;GOLGA6A;GOLGA6B;CHEK2;KPNB1;MAPRE3;KIF2A;SMC1A;MZT1;HAUS4;GOLGA2;RHOA;CEP63;MAP9;KIF3B;NCOR1;TUBGCP4;LSM14A;SMC3;CLASP1;CSNK1D;STAG2;TUBGCP3;HAUS8;PIBF1
ERICH1,GO_Biological_Process_2023,prerank,Synapse Assembly (GO:0007416),0.35731341373281744,0.9467340792992712,0.5557986870897156,1.0,1.0,23/71,19.25%,SLITRK6;PCDHB6;NLGN1;NLGN4X;FZD1;GABRB3;GABRB2;PCDHB10;SHANK3;NLGN4Y;CDH2;NRXN2;GABRA2;HAPLN4;PCDHB13;BDNF;NRXN1;GRID2;RYK;NRCAM;GPM6A;DSCAM;ZDHHC2
ERICH1,GO_Biological_Process_2023,prerank,Regulation Of Tyrosine Phosphorylation Of STAT Protein (GO:0042509),-0.36633905970452796,-0.946377045960316,0.5251798561151079,1.0,1.0,18/65,20.10%,IL23R;JAK2;IL23A;CNTF;FGFR3;HES1;FLT3;GH2;KIT;NF2;CTF1;PARP14;HCLS1;PTPN2;PPP2CA;SH2B3;PIBF1;CRLF1
ERICH1,GO_Biological_Process_2023,prerank,Nucleus Organization (GO:0006997),-0.3923403304091442,-0.9462517206868044,0.5553505535055351,1.0,1.0,14/44,22.13%,PRM2;CHMP4A;CHMP4C;CHMP5;NUP133;CHMP3;LMNA;CHMP1A;NUP155;NUP35;SYNE1;VPS4A;NUP205;CHMP6
ERICH1,GO_Biological_Process_2023,prerank,Sensory Organ Development (GO:0007423),0.3565436454473219,0.9462497861403094,0.5597345132743363,1.0,1.0,15/67,16.23%,MAB21L2;MYO7A;MAB21L1;SLC39A5;MAFB;RAB18;MEIS1;ADAMTS18;SMCHD1;ATF6;HIPK2;FREM2;NTF4;SCO2;GDF3
ERICH1,GO_Biological_Process_2023,prerank,Chemical Synaptic Transmission (GO:0007268),0.3051174558442697,0.9461665194441382,0.6072234762979684,1.0,1.0,80/273,18.36%,CRH;KCNA1;CHRNE;PDE7B;HRH4;PCDHB6;ZACN;CPLX1;GAD2;HTR6;OPRK1;HTR4;HCRT;SEPTIN9;RIMBP2;PAFAH1B1;GABRQ;NLGN1;HRH3;SDCBP;GLRA3;NLGN4X;HTR3E;GABRE;GABRB3;KCNN1;RPS6KA1;CHRNA7;SLC1A6;SNPH;CHRM5;GABRB2;ERC1;DLGAP2;GRIK4;PCDHB10;PDZD11;RIC3;APBA2;UNC13A;CHRNA10;HTR2C;UNC119;SNAP25;GABRR3;NLGN4Y;HTR1E;SYPL1;CHRNB1;NRXN2;GABRA2;HTR1A;HAPLN4;CDH8;GRM7;KCNC4;PCDHB13;GPR176;FCHSD2;SLC12A5;SYT1;SLC12A4;MINK1;HTR7;SLC17A7;NRXN1;CHRM2;GRID2;LPAR3;GRIA3;NPY5R;CHRNA3;GRIK5;DLGAP1;LIN7A;SLC1A1;DLG1;DLG4;APBA1;GRIK1
ERICH1,GO_Biological_Process_2023,prerank,Regulation Of Steroid Metabolic Process (GO:0019218),0.4485867608209176,0.9460988006514893,0.5168067226890757,1.0,1.0,1/21,0.07%,UGT1A10
ERICH1,GO_Biological_Process_2023,prerank,Positive Regulation Of Protein Localization To Cell Periphery (GO:1904377),0.3780520709222202,0.9458973137542519,0.5440528634361234,1.0,1.0,23/51,22.13%,NKD2;ZDHHC5;EFCAB7;WNK3;EPB41L2;EPHA2;ITGA3;PRKCI;SORBS1;EPB41;GPER1;PRKCE;ITGB1;ZDHHC8;ARF6;ATP2B4;DLG1;PDPK1;KIF5B;RANGRF;AKT1;NUMA1;EGFR
ERICH1,GO_Biological_Process_2023,prerank,Negative Regulation Of Transmembrane Receptor Protein Serine/Threonine Kinase Signaling Pathway (GO:0090101),-0.33765767596350743,-0.945710528172892,0.5663551401869159,1.0,1.0,29/111,19.44%,BMP2;SOSTDC1;TNFAIP6;ING2;CER1;CD109;NOTCH1;FAM89B;UBE2D1;VWC2L;ZNF451;MTMR4;PIN1;LRP2;IGSF1;VEPH1;SIRT1;LRP1;LEMD3;TET1;VWC2;PPM1A;PBLD;ING1;SMAD6;TRIM33;RBPMS2;TMEM53;NBL1
ERICH1,GO_Biological_Process_2023,prerank,Negative Regulation Of Binding (GO:0051100),-0.3497990950769996,-0.944678909193364,0.551660516605166,1.0,1.0,32/86,21.40%,CARD18;TMC8;JAK2;IFIT2;PLN;IFI16;BTAF1;LRRK2;KDM1A;ARHGAP28;DAB2;LEF1;PIN1;EFHB;GOLGA2;PRKCD;LRPAP1;MAPK8;GTPBP4;HABP4;TLE5;USP33;ILRUN;AURKA;SUMO4;ZFPM1;E2F1;ROCK1;GTF2F1;WAPL;RACK1;MITD1
ERICH1,GO_Biological_Process_2023,prerank,Regulation Of Delayed Rectifier Potassium Channel Activity (GO:1902259),0.4653842009668998,0.9445351068954821,0.5227272727272727,1.0,1.0,4/16,11.08%,NPPA;KCNS1;KCNE2;KCNE5
ERICH1,GO_Biological_Process_2023,prerank,Lymphocyte Proliferation (GO:0046651),0.4113721014807128,0.9444749791458448,0.5102459016393442,1.0,1.0,6/30,15.62%,CR2;PPP3CB;RASGRP1;ELF4;MSN;LMBR1L
ERICH1,GO_Biological_Process_2023,prerank,Cortical Actin Cytoskeleton Organization (GO:0030866),0.45022164963945566,0.9442442259371965,0.5503080082135524,1.0,1.0,10/19,21.37%,IKBKB;LLGL2;FMNL2;FHOD3;FMNL1;FHOD1;NCKAP1;DLG1;FMNL3;LLGL1
ERICH1,GO_Biological_Process_2023,prerank,Positive Regulation Of Cardiac Muscle Hypertrophy (GO:0010613),0.46739707347075576,0.943952994729106,0.5323886639676113,1.0,1.0,5/17,20.29%,IGF1;MEF2A;TRPC3;PARP1;SLC9A1
ERICH1,GO_Biological_Process_2023,prerank,Cellular Response To Glucose Starvation (GO:0042149),-0.3965392133331858,-0.9432209825289174,0.5350553505535055,1.0,1.0,15/42,17.37%,IFI16;BHLHA15;HSPA5;SESN3;KPTN;HNRNPA1;PLIN2;SIRT1;PIK3R4;ZC3H12A;SH3GLB1;SESN1;PICK1;ITFG2;XBP1
ERICH1,GO_Biological_Process_2023,prerank,Regulation Of Fibroblast Growth Factor Receptor Signaling Pathway (GO:0040036),0.4479393388375606,0.9425646686535762,0.5134575569358178,1.0,1.0,10/19,23.93%,OTX2;DSTYK;FGFBP3;SULF1;NPTN;THBS1;SPRY1;SPRY4;SMOC2;SPRY2
ERICH1,GO_Biological_Process_2023,prerank,Protein K63-linked Deubiquitination (GO:0070536),0.4039539616449485,0.9422924135983299,0.5297619047619048,1.0,1.0,10/33,17.34%,TNFAIP3;SPATA2;OTUD4;USP50;BABAM1;MPND;USP8;USP13;OTUD7A;OTUD7B
ERICH1,GO_Biological_Process_2023,prerank,Regulation Of Axon Extension Involved In Axon Guidance (GO:0048841),0.4323258882705005,0.941890899532989,0.5625,1.0,1.0,10/23,19.77%,SEMA3F;SEMA4D;NELL1;SEMA5B;SEMA6A;SEMA3G;SEMA3E;SEMA3B;SEMA3C;SEMA6B
ERICH1,GO_Biological_Process_2023,prerank,Regulation Of Viral Genome Replication (GO:0045069),0.36200946267921946,0.941882780908117,0.549792531120332,1.0,1.0,18/67,15.73%,OASL;FKBP6;CCL5;RSAD2;FAM111A;TRIM6;APOBEC3F;PROX1;RNASEL;IFITM2;MX1;DDX3X;HACD3;IFIT1;TNIP1;CNOT7;PPIE;ADARB1
ERICH1,GO_Biological_Process_2023,prerank,Skeletal Muscle Organ Development (GO:0060538),-0.4013336304920304,-0.9407538832527843,0.5484536082474227,1.0,1.0,11/35,14.24%,MYOZ2;POPDC3;MYF6;POPDC2;MEF2C;MYMX;SIX1;ZBTB18;IGSF8;FXR1;MYL6B
ERICH1,GO_Biological_Process_2023,prerank,Epithelial To Mesenchymal Transition (GO:0001837),-0.3843494548485424,-0.9407269678896365,0.5355805243445693,1.0,1.0,16/47,21.04%,BMP2;WNT4;TBX3;NOTCH1;CUL7;LEF1;HEYL;NOTCH4;TASOR;OLFM1;ROCK2;TGFBR3;LOXL3;TGFB2;RBPJ;ROCK1
ERICH1,GO_Biological_Process_2023,prerank,Ventricular Cardiac Muscle Tissue Development (GO:0003229),-0.42307773710647384,-0.9406656372654137,0.5334645669291339,1.0,1.0,1/25,0.09%,HAND1
ERICH1,GO_Biological_Process_2023,prerank,Response To Cadmium Ion (GO:0046686),0.4449473154344298,0.9405459185557653,0.5186721991701245,1.0,1.0,11/21,22.13%,MT1F;JUN;MMP9;MAPK3;HSF1;FOS;HAAO;MT1X;MT1G;MT1H;EGFR
ERICH1,GO_Biological_Process_2023,prerank,Fatty Acid Derivative Biosynthetic Process (GO:1901570),0.4268968991854942,0.9402661707066379,0.5342163355408388,1.0,1.0,3/26,6.60%,GGT6;AWAT1;HMGCLL1
ERICH1,GO_Biological_Process_2023,prerank,Pattern Recognition Receptor Signaling Pathway (GO:0002221),-0.36820406831021224,-0.940010361668507,0.5862068965517241,1.0,1.0,11/56,15.35%,LY96;TICAM1;TIFA;FCN3;DHX58;NAIP;MAPKAPK3;BCL10;CTSS;RPS6KA3;NLRC4
ERICH1,GO_Biological_Process_2023,prerank,Organic Hydroxy Compound Transport (GO:0015850),-0.3843536438138689,-0.9398954463595381,0.5216572504708098,1.0,1.0,15/45,20.04%,VAPA;SLC10A6;OSBP;SLC10A3;SLC10A4;POLR2D;SLC16A8;ABCC2;ABCD3;ABCC4;SLCO1A2;ATP8B1;SLC51A;SLCO1B1;RALBP1
ERICH1,GO_Biological_Process_2023,prerank,Regulation Of Amyloid Fibril Formation (GO:1905906),0.4677093171419039,0.9396779127157824,0.5307017543859649,1.0,1.0,7/15,19.78%,CHRNA7;CRYAB;IAPP;USP8;PFDN4;PFDN6;PFDN2
ERICH1,GO_Biological_Process_2023,prerank,Regulation Of Dendritic Spine Development (GO:0060998),0.43840934986300456,0.9394834163475826,0.5209205020920502,1.0,1.0,8/20,18.20%,NLGN1;LLPH;DLG5;SHANK3;PPFIA2;ARF6;PTPRS;TANC2
ERICH1,GO_Biological_Process_2023,prerank,Negative Regulation Of Cellular Metabolic Process (GO:0031324),0.37887263678240735,0.9391938627751871,0.5357142857142857,1.0,1.0,15/45,20.91%,FBP1;CBFA2T3;AMH;PLIN5;TWIST1;SLC22A13;RBL1;ZKSCAN3;FZR1;SIRT2;FBXO5;TERF2;YBX1;BRCA1;AKT3
ERICH1,GO_Biological_Process_2023,prerank,Cellular Response To Type II Interferon (GO:0071346),-0.36711128533199233,-0.9391785873445588,0.5825602968460112,1.0,1.0,11/64,14.95%,JAK2;CCL25;XCL1;CAMK2A;IRF8;AQP4;TDGF1;CALM1;JAK1;HCK;SIRPA
ERICH1,GO_Biological_Process_2023,prerank,Regulation Of Histone Acetylation (GO:0035065),-0.4359574496402604,-0.9391432604765105,0.5549348230912476,1.0,1.0,6/22,12.24%,NOS1;FOXP3;BAZ1B;THAP7;SMARCA5;DDX21
ERICH1,GO_Biological_Process_2023,prerank,Cellular Response To Chemical Stress (GO:0062197),-0.34863477022756506,-0.9389048027464236,0.5672514619883041,1.0,1.0,32/89,20.99%,STOX1;ALDH3B1;HSPA1B;LRRK2;SERPINB6;SLC25A24;TRIM21;CPEB2;TRPV4;SRXN1;ATM;MSRA;SNCA;SELENOS;EIF2S1;ZC3H12A;GPX8;GPX1;MAPK8;PNPT1;MTOR;PYROXD1;G6PD;SOD2;NUDT2;PRR5L;ETV5;SUMO4;STX4;SETX;SESN2;RBM11
ERICH1,GO_Biological_Process_2023,prerank,Regulation Of DNA-templated DNA Replication (GO:0090329),-0.4654262177655651,-0.9388361720199394,0.5230460921843687,1.0,1.0,11/17,29.78%,TIPIN;MCM6;MCM5;MCM7;MCM4;METTL4;WRNIP1;MCM3;MCM2;KAT7;BLM
ERICH1,GO_Biological_Process_2023,prerank,Positive Regulation Of T Cell Migration (GO:2000406),-0.41949672237695196,-0.9384546177149007,0.5555555555555556,1.0,1.0,9/25,20.02%,CXCL13;XCL1;APP;TMEM102;RHOA;WNK1;CXCL12;OXSR1;ADAM10
ERICH1,GO_Biological_Process_2023,prerank,Positive Regulation Of Kinase Activity (GO:0033674),-0.3372321872618013,-0.9382118229325854,0.5948905109489051,1.0,1.0,29/104,17.63%,TIE1;XRCC5;MMD2;DRD4;FGFR3;FLT3;RAD50;NTRK1;FLT4;TIGAR;NTRK2;F2;PTK2;DUSP19;LRRK2;XRCC6;MAPRE3;LCP2;RASSF2;ROR2;PIFO;IGF1R;DAXX;TRAF4;INSR;PTK2B;ALS2;CAMKK1;ORC3
ERICH1,GO_Biological_Process_2023,prerank,Proteasomal Protein Catabolic Process (GO:0010498),-0.3107308155803119,-0.9381430105079175,0.6368421052631579,1.0,1.0,94/219,24.48%,SIAH3;PSMA4;BTRC;GSK3A;PSMA6;ASB2;AMBRA1;SPOP;UBXN2B;FBXO45;KCTD5;SEL1L2;MARCHF6;SH3BGRL;PSMA5;TRIM21;PEX12;PSMD13;SEL1L;PSMA2;DDIT3;KCTD17;NEDD4L;UBXN6;USP44;PSMD8;CRBN;SIRT1;DNAJB12;FBXL17;PSMA1;BIRC2;NSFL1C;RCAN3;GID8;KCTD2;KLHL22;FBXL19;MAEA;WWP2;SPOPL;SKP1;RNF126;AGAP3;UBXN1;MTA1;PJA2;BRSK2;RNF5;SIAH2;NHLRC3;XBP1;RAD23B;CSNK1A1;PPP2R5C;KLHDC3;DDB1;ARRB2;SPSB1;TRIP12;RNF139;PSMC1;SPSB4;KBTBD7;UCHL1;RBCK1;PSMD7;PSMD1;PSMB5;CUL1;TRIM3;PSMA3;PSMC3;ERLEC1;UBE2B;APC;PSMD3;KIF14;PML;RNF4;FBXL22;SMURF2;UBE2A;TRIM72;DCAF11;RNF122;PSMB7;KLHL42;RHBDD1;PSMB1;PRKN;PEX10;TRIM13;GID4
ERICH1,GO_Biological_Process_2023,prerank,Response To Endoplasmic Reticulum Stress (GO:0034976),-0.33027277441771413,-0.9380503016636049,0.5695238095238095,1.0,1.0,49/113,24.50%,ALOX15;P4HB;TRIB3;OS9;ATF3;TMX1;SEL1L2;MARCHF6;TMEM117;BAK1;ERN2;HSPA5;SEL1L;DDIT3;CEBPB;UBXN6;TMEM238L;DAB2IP;CFTR;DNAJB12;SELENOS;ATF6B;HSP90B1;EIF2S1;FICD;RCAN3;NCK1;TNFRSF10B;CHAC1;UBQLN1;BRSK2;PIK3R1;RNF5;XBP1;PPP1R15A;RNF139;ATG10;SCAMP5;NIBAN1;CREB3L1;ERLEC1;DNAJB9;GORASP2;DNAJC10;RHBDD1;PRKN;ATF4;PPP1R15B;HYOU1
ERICH1,GO_Biological_Process_2023,prerank,Regulation Of Monoatomic Ion Transmembrane Transporter Activity (GO:0032412),0.35045688426997235,0.9379492701832198,0.5516528925619835,1.0,1.0,23/68,16.01%,CRH;FHL1;STK39;DAPK1;NLGN1;CACNG2;WNK3;HCN1;FXYD1;FGF12;RELN;KCNE5;GPD1L;SCN4B;SPHK2;PPIF;PRRT1;SCN3B;UTRN;CAPN1;YWHAE;MINK1;CACNG7
ERICH1,GO_Biological_Process_2023,prerank,Camera-Type Eye Development (GO:0043010),0.42331864650667983,0.9377775626676208,0.5355648535564853,1.0,1.0,9/25,19.31%,PITX2;CRYBA4;RAB3GAP1;FBN1;EFEMP1;TENM3;STRA6;NF1;IFT122
ERICH1,GO_Biological_Process_2023,prerank,Positive Regulation Of DNA Binding (GO:0043388),0.407646391039361,0.9376626425337315,0.5550847457627118,1.0,1.0,11/33,18.86%,PARK7;TWIST1;IGF1;H1-0;TRIM6;PINX1;MMP9;SIRT2;TGFB1;PPARG;NIBAN2
ERICH1,GO_Biological_Process_2023,prerank,Positive Regulation Of Response To Stimulus (GO:0048584),-0.3510811350965548,-0.9376529033060658,0.5988805970149254,1.0,1.0,29/76,25.08%,C6;CFP;ACTR5;GATA3;EYA4;TIGAR;TFPT;EYA2;RNF168;SIRT1;WRAP53;INO80E;UBE2N;INO80B;ACTL6A;ECHDC3;TGFB2;YY1;IER5;HOMER1;RUVBL1;ACTR8;INO80C;CCDC117;TMEM161A;TRIM28;VDAC1;DEPDC1B;INO80D
ERICH1,GO_Biological_Process_2023,prerank,Proteolysis (GO:0006508),0.29465575781225667,0.9369499241743076,0.6905829596412556,1.0,1.0,84/324,18.85%,CTSE;MMEL1;TPSD1;CPQ;REN;CXCR4;ACE;MMP12;SPRTN;AZU1;ADAM33;ADAM21;CAPN14;LPA;ADAM32;ERAP1;FAM111A;ADAM7;AEBP1;PRTN3;CAPN11;PM20D2;PAPPA2;CAPN10;ADAMTS13;CAPN3;MMP3;NAALAD2;CPZ;PCOLCE;ADAM29;MALT1;ATG4B;CAPN12;CELA2B;CPXM2;ADAMTS18;CPM;CTSH;FBXO3;TMPRSS2;ADAMTS6;TPP1;KLK14;MMP9;LONP2;ATG4A;MMP19;CPD;CAPN7;PCSK1;WFDC2;MMP15;TRABD2A;ADAMTS8;NLRP1;SVBP;CTSL;HGF;CAPN1;VASH1;RNF123;CPNE1;UBE3A;ATG4C;PCSK4;ADAMTS10;CARD8;TLL1;F12;PSMC4;TLL2;ADAMTS17;APEH;PLAT;MMP17;ADGRV1;MMP16;CASP6;MMP2;CLPX;LGMN;CTSC;PCSK6
ERICH1,GO_Biological_Process_2023,prerank,Positive Regulation Of Small GTPase Mediated Signal Transduction (GO:0051057),-0.4614456748262443,-0.9364309042901923,0.5562130177514792,1.0,1.0,9/17,17.14%,RASGRP4;MMD2;NOTCH1;NTRK1;RASGEF1A;SRC;ITGAV;STK19;TGM2
ERICH1,GO_Biological_Process_2023,prerank,Erythrocyte Differentiation (GO:0030218),-0.3792332847844505,-0.9362670419529656,0.5757575757575758,1.0,1.0,18/49,18.68%,JAK2;IKZF1;ALAS2;KIT;DYRK3;MYB;ATP5IF1;SLC1A5;TGFBR3;CDIN1;INHBA;CASP3;HCLS1;INHA;MED1;PTPN2;SLC25A5;SH2B3
ERICH1,GO_Biological_Process_2023,prerank,Acute Inflammatory Response (GO:0002526),0.4111234451647131,0.936140571065398,0.5413385826771654,1.0,1.0,4/26,8.38%,HPR;IL6;IL6R;ITIH4
ERICH1,GO_Biological_Process_2023,prerank,Adrenergic Receptor Signaling Pathway (GO:0071875),-0.4518414754531506,-0.9361034723960099,0.5447761194029851,1.0,1.0,5/18,16.66%,ADRA1D;ADRB2;DRD3;ADRA2B;AKAP13
ERICH1,GO_Biological_Process_2023,prerank,Ribosomal Small Subunit Biogenesis (GO:0042274),-0.3470702443688414,-0.9360095695300353,0.5920303605313093,1.0,1.0,42/82,28.02%,WDR75;SNU13;KRR1;SPPL2B;RRP36;RRP9;EMG1;UTP15;NOB1;MPHOSPH10;DNTTIP2;NPM1;EXOSC10;SRFBP1;RPS13;MRPS12;UTP6;NOL6;RPSA;DDX52;NGDN;RRP7A;NOP58;SURF6;METTL17;WDR3;RPS19;NAT10;RPS11;RPS27;RRP7BP;RPS3A;LSM6;RPS9;RPS7;ERAL1;RPS15A;FCF1;NOL11;UTP18;RPS28;UTP20
ERICH1,GO_Biological_Process_2023,prerank,Natural Killer Cell Mediated Immunity (GO:0002228),-0.44355948252934163,-0.9357348136390661,0.5315682281059063,1.0,1.0,4/22,13.93%,RAET1E;KLRK1;KLRD1;TUBB2A
ERICH1,GO_Biological_Process_2023,prerank,Positive Regulation Of Homotypic Cell-Cell Adhesion (GO:0034112),0.4698172554337017,0.9356431821993102,0.5454545454545454,1.0,1.0,6/16,13.74%,IL6;CCL5;EMILIN1;EMILIN2;GP6;MFSD2B
ERICH1,GO_Biological_Process_2023,prerank,Positive Regulation Of Cation Transmembrane Transport (GO:1904064),-0.45824654353173294,-0.9353475948058507,0.5399610136452242,1.0,1.0,5/18,15.56%,NOS1;AMIGO1;EDNRA;CTSS;PDZK1
ERICH1,GO_Biological_Process_2023,prerank,Ventricular Septum Morphogenesis (GO:0060412),-0.42043582581242195,-0.9348707201846683,0.5242914979757085,1.0,1.0,14/27,20.89%,HES1;NOTCH1;HEYL;SLIT1;BMPR2;TGFBR2;TGFBR3;SOX4;ZFPM2;CITED2;TGFB2;BMPR1A;ZFPM1;SLIT2
ERICH1,GO_Biological_Process_2023,prerank,Negative Regulation Of Ion Transmembrane Transporter Activity (GO:0032413),-0.42726769792575825,-0.9347080017532171,0.532,1.0,1.0,5/24,12.96%,TCAF2;PLN;SLC6A9;NEDD4L;HECW1
ERICH1,GO_Biological_Process_2023,prerank,Positive Regulation Of Glucose Metabolic Process (GO:0010907),-0.4892446537573607,-0.9342914345270918,0.5619047619047619,1.0,1.0,8/15,23.03%,ARPP19;SLC45A3;SIRT1;PTPN2;DDB1;IRS2;SIRT7;AKT2
ERICH1,GO_Biological_Process_2023,prerank,Secondary Alcohol Biosynthetic Process (GO:1902653),-0.4369061139271756,-0.9338203960999764,0.5485714285714286,1.0,1.0,10/24,25.65%,NPC1L1;CYP51A1;TM7SF2;INSIG2;G6PD;HSD17B7;PLPP6;GLB1;HMGCR;ARV1
ERICH1,GO_Biological_Process_2023,prerank,Positive Regulation Of Immune Response (GO:0050778),-0.3473073670244044,-0.9335217445890144,0.5977859778597786,1.0,1.0,14/80,12.81%,C6;SH2D1B;IL23R;ITGB2;CFP;IL23A;ZP3;MYO1C;PLSCR1;TNFSF4;GSDME;CD46;TRIM56;SIRT1
ERICH1,GO_Biological_Process_2023,prerank,Phosphorylation (GO:0016310),0.2891276413027221,0.9332744227778834,0.6789838337182448,1.0,1.0,133/429,19.86%,CERKL;TTBK1;IP6K3;CDK3;EPHA8;EPHA10;CDC42BPG;MAPK10;IKBKE;IKBKB;DGKZ;PDGFB;CSNK2A3;HKDC1;STK39;EPHB6;DAPK1;PTK6;VRK2;GMFG;GRK2;WNK3;CERK;PRAG1;TAF5;GSK3B;STK25;RPTOR;RPS6KA1;NEK10;PRKAB1;ERG;PANK3;PPP3CB;NEK6;STRADB;INCENP;GLYCTK;TAOK1;DGKD;GMFB;PRKCI;PIM2;BRD2;HIPK3;GNPTG;GALK2;MAPKAP1;PKN1;NADK;COPS8;FAM20C;FASTK;BIRC5;FYN;PRKG1;STK10;TOLLIP;TSSK6;TAOK2;SPHK2;RNASEL;MAP3K1;TAF2;CDK10;PRKACA;PAK6;NUAK1;MAPKAPK2;MLST8;TSSK3;TBCK;TAF9;PRKAA2;CDC25B;IRAK1;PDK1;LATS1;WNK2;CDK1;TBK1;DCLK1;HIPK2;TAF12;ACVR2A;PRRT1;MAPK3;PAK2;LIMK2;NEK2;CDKL3;MAP3K5;COQ8B;CDK11A;HK2;MAP2K1;PIK3CD;MINK1;EPHA7;PRKCE;GAS6;CSNK1G2;MAP3K13;DMPK;CLK2;TGFB1;ALK;PLK1;DGKB;AURKB;BRAF;RYK;DYRK1A;ACVR1;TNIK;PGK1;ACVR2B;GRK4;EIF2AK3;PDPK1;SIK3;PXK;ERN1;CSNK2A1;MAP3K21;RICTOR;GPI;PRKACB;BMPR1B;PRKDC;PIK3CB;STK26;MAP4K5
ERICH1,GO_Biological_Process_2023,prerank,SMAD Protein Signal Transduction (GO:0060395),-0.37647936453842656,-0.9331423312533161,0.568359375,1.0,1.0,17/50,20.15%,BMP2;GDF7;GDF6;BMP6;SMAD5;CITED1;ZMIZ2;RUNX2;BMP8A;GDF11;INHBA;INHBC;SMAD6;INHA;TGFB2;SMAD9;GDF5
ERICH1,GO_Biological_Process_2023,prerank,Regulation Of Release Of Sequestered Calcium Ion Into Cytosol (GO:0051279),-0.37339147956334673,-0.9331183631664742,0.5421686746987951,1.0,1.0,12/51,15.52%,CLIC2;NOS1;XCL1;LIME1;F2;CALM3;TRDN;CALM1;SNCA;JPH4;TRPC1;PTK2B
ERICH1,GO_Biological_Process_2023,prerank,Regulation Of Cell Death (GO:0010941),0.3607587447458377,0.9331116524275089,0.578494623655914,1.0,1.0,18/59,18.53%,HBG2;AGR2;HPR;PARK7;CCN5;NOA1;CHRNA7;PRODH;CRYAB;DHCR24;ZDHHC17;TSC1;TBK1;CHMP1B;VPS4B;CASP6;CHMP2B;PHB1
ERICH1,GO_Biological_Process_2023,prerank,Protein Targeting To Membrane (GO:0006612),0.3540331850703363,0.9328336229392786,0.5657894736842105,1.0,1.0,25/71,19.66%,RTP4;VPS37D;NACA2;ARL6IP1;SDCBP;SRP14;RABGEF1;PRKCI;ZDHHC15;TAOK2;PEX5;ZDHHC6;NACAD;GET3;ZDHHC18;ZDHHC11;ZDHHC21;ZDHHC19;PEX19;SEC63;SGTA;UBL4A;PEX16;ZDHHC2;SEC61A1
ERICH1,GO_Biological_Process_2023,prerank,Positive Regulation Of Amyloid-Beta Formation (GO:1902004),-0.45446282709374586,-0.9327944319641673,0.5411089866156787,1.0,1.0,5/17,16.99%,GSAP;EPHA4;GSK3A;ROCK2;CASP3
ERICH1,GO_Biological_Process_2023,prerank,Neuron Projection Development (GO:0031175),-0.312071405524756,-0.932746194263217,0.6353790613718412,1.0,1.0,80/192,25.51%,STMN4;VAPA;NRTN;MNX1;GBA1;NOL3;EPHA4;ATOH1;STMND1;TAOK3;MAP4K4;LRRK2;AGER;APP;BHLHA15;FLRT3;PTEN;CAMSAP2;CDK5;CDC42;PTPRM;BICDL1;DAB2IP;GPRIN1;FRYL;CNTN4;BLOC1S5;MARK2;PLXNB1;EPB41L3;GPRIN3;BLOC1S3;NEFH;MGARP;CNTNAP2;SHTN1;BLOC1S1;PPP1R9A;ALS2;VASH2;NCDN;RAB6A;ULK1;USH1C;L1CAM;MAPT;UBB;NBL1;MICALL2;PPP1R9B;MICALL1;CDK5R1;ZNF335;ANKRD27;PAK3;PLXNA3;ROCK1;MAP1S;STMN1;RB1;RAB35;SLC9A6;CDK16;SNAPIN;OPHN1;CDNF;UNC5A;SRGAP3;PACSIN1;HMGB1;LYN;PRMT1;RAPGEF2;NEDD4;BLOC1S6;RAB6B;MAPK8IP3;PAK1;CTNND2;APOE
ERICH1,GO_Biological_Process_2023,prerank,Cell Morphogenesis Involved In Differentiation (GO:0000904),0.41857858230567485,0.9327036315883469,0.5576923076923077,1.0,1.0,11/24,18.31%,TBCD;SIPA1;PKHD1;EPHA2;UNK;PROX1;RELN;DACT2;RILPL2;YTHDF2;ARL13B
ERICH1,GO_Biological_Process_2023,prerank,Positive Regulation Of Response To Biotic Stimulus (GO:0002833),-0.3774488764595355,-0.9322563456710191,0.5464684014869888,1.0,1.0,10/41,18.10%,SH2D1B;LY96;BMP6;MYO1C;PLSCR1;NLRP10;TRIM56;SCIMP;POLR3G;IFI35
ERICH1,GO_Biological_Process_2023,prerank,Positive Regulation Of Exocytosis (GO:0045921),-0.3934788765383928,-0.9321844805942632,0.5805168986083499,1.0,1.0,17/37,26.47%,RAB27A;RAB27B;SYTL4;CADPS2;STXBP5;RAB3D;SNCA;CFTR;CLASP1;VPS4A;SDC4;SDC1;UNC13D;SNF8;RAB5A;ATP13A2;RAB7A
ERICH1,GO_Biological_Process_2023,prerank,Renal System Development (GO:0072001),-0.3612337744057828,-0.9319430531651793,0.5576923076923077,1.0,1.0,12/57,14.20%,PAX2;WNT4;ITGA8;SIX2;PYGO1;GATA3;SIX1;LHX1;MME;POLR2D;AGT;ARL3
ERICH1,GO_Biological_Process_2023,prerank,Excitatory Postsynaptic Potential (GO:0060079),-0.45532422276272116,-0.9319210172394096,0.5694716242661448,1.0,1.0,7/18,18.74%,GSK3A;GRIN1;LRRK2;MEF2C;GRIN2B;MAPK8IP2;ARRB2
ERICH1,GO_Biological_Process_2023,prerank,Positive Regulation Of Natural Killer Cell Mediated Cytotoxicity (GO:0045954),-0.44633142732704123,-0.9318938142046016,0.5483870967741935,1.0,1.0,4/21,8.23%,RAET1E;PVR;KLRK1;KLRD1
ERICH1,GO_Biological_Process_2023,prerank,Microtubule Bundle Formation (GO:0001578),-0.3770989428640519,-0.9311798143402762,0.5615671641791045,1.0,1.0,24/51,21.99%,CFAP74;RSPH4A;TPPP;CFAP206;TPPP3;RP1;CHP1;FOXJ1;NAV1;GAS2L1;RP1L1;SPACA9;PIERCE1;CDK5RAP2;NCKAP5;CLASP1;CCDC66;PIERCE2;MARK4;CCSER2;CFAP46;MAP1S;RSPH9;GAS8
ERICH1,GO_Biological_Process_2023,prerank,Rho Protein Signal Transduction (GO:0007266),0.3644143963664792,0.9307226186504384,0.563265306122449,1.0,1.0,15/52,13.22%,RHOV;EPS8L2;AGTR1;RHOB;RHOU;CTNNAL1;NTN1;TAX1BP3;MYO9B;ARHGAP6;RHOJ;ARHGAP29;ARHGAP1;ARHGDIG;NGFR
ERICH1,GO_Biological_Process_2023,prerank,Regulation Of DNA Biosynthetic Process (GO:2000278),0.3965060949900391,0.9306028204611473,0.5749486652977412,1.0,1.0,16/34,22.78%,PDGFB;DACH1;PINX1;TNKS;HGF;SMG5;JADE1;FGFR4;NIBAN2;PDGFA;PARP4;TOM1L1;TERF2;PDGFRB;SMOC2;RGCC
ERICH1,GO_Biological_Process_2023,prerank,Organophosphate Ester Transport (GO:0015748),-0.4237976791806633,-0.9305157349856232,0.570631970260223,1.0,1.0,14/25,26.46%,VAPA;OSBP;TNFAIP8L3;OSBPL8;EPG5;PLTP;PITPNC1;PRELID2;PITPNM1;OSBPL2;SLC25A19;LDLR;OSBPL5;SCARB1
ERICH1,GO_Biological_Process_2023,prerank,Regulation Of Cellular Response To Stress (GO:0080135),-0.3310637481127378,-0.9301362048059837,0.5854126679462572,1.0,1.0,49/107,25.08%,CORO2B;OPRM1;ACTR5;CDK9;VHL;ALOX5;KAT2B;TFPT;PARG;TAF10;SUPT7L;ATM;SIRT1;DYRK3;CRY1;BARD1;ROCK2;INO80E;SOX4;RAD51;UBE2N;NPM1;AJUBA;MTOR;AIFM2;TAF7;RFWD3;RPA2;INO80B;ACTL6A;MAPT;TADA2B;EP300;YY1;SIRT7;ATXN7L3;USP1;RUVBL1;TADA3;AMFR;DNAJC7;SLC38A2;KAT2A;ACTR8;INO80C;PRKN;CLN3;DEPDC1B;INO80D
ERICH1,GO_Biological_Process_2023,prerank,Establishment Of Protein Localization To Extracellular Region (GO:0035592),0.3787635001778465,0.9301085814361567,0.5645161290322581,1.0,1.0,9/45,13.61%,AFM;CTAGE9;LTBP2;OLFM2;MIA3;PDIA4;RAB3A;RAB3B;SVBP
ERICH1,GO_Biological_Process_2023,prerank,Positive Regulation Of Epidermal Cell Differentiation (GO:0045606),0.4581224637519976,0.9300633195137377,0.5734406438631791,1.0,1.0,6/18,15.13%,CYP27B1;SULT2B1;MACROH2A2;TRIM16;SFRP4;MACROH2A1
ERICH1,GO_Biological_Process_2023,prerank,Phosphatidylinositol Metabolic Process (GO:0046488),-0.35730385015508453,-0.9298362437569759,0.5770676691729323,1.0,1.0,33/63,24.47%,INPP4B;PLA2G4D;PGAP1;MBOAT7;PTEN;PIP4P2;MTMR4;LPGAT1;PIP5K1C;CDS1;MTMR14;PLCB2;PITPNM2;PI4KB;PMPCA;PIGW;INPP5K;INPP5D;TPTE2;MTMR1;SACM1L;PITPNM1;LCLAT1;SYNJ2;PI4KA;INPP4A;MTM1;MTMR7;MTMR3;PLCB1;PITPNM3;FIG4;MTMR6
ERICH1,GO_Biological_Process_2023,prerank,Negative Regulation Of Proteolysis (GO:0045861),0.3901480712504134,0.9297893086747024,0.5647321428571429,1.0,1.0,6/41,9.20%,CST4;EPPIN;PRNP;NLRP7;SERPINB4;SNX12
ERICH1,GO_Biological_Process_2023,prerank,Detection Of Chemical Stimulus Involved In Sensory Perception Of Taste (GO:0050912),0.38215757886976154,0.9296569171379675,0.5421940928270043,1.0,1.0,4/41,5.64%,RTP4;CST4;TAS2R4;TAS2R30
ERICH1,GO_Biological_Process_2023,prerank,Cellular Response To Calcium Ion (GO:0071277),0.3475180935673702,0.9295558936040205,0.5792811839323467,1.0,1.0,22/68,18.79%,CPNE5;SYT3;SYT15;DPEP1;ITPKB;NLGN1;MEF2A;CAPN3;CPNE2;ADCY8;PLCG2;SYT9;PRKAA2;PPIF;CPNE7;SYT1;CPNE1;SYT7;BRAF;ADGRV1;GUCA1A;LGMN
ERICH1,GO_Biological_Process_2023,prerank,Extrinsic Apoptotic Signaling Pathway (GO:0097191),-0.35743429530507814,-0.9293266078614553,0.6032719836400818,1.0,1.0,27/67,22.02%,JAK2;TRADD;FGFR3;GSK3A;HIPK1;CIB1;CRADD;SORT1;BAK1;TNFRSF1B;DAB2IP;DAXX;ITGAV;G0S2;DEDD2;CASP10;INHBA;TNFRSF10B;CASP2;BAG3;BOK;MOAP1;TGFB2;BCL2L1;BCL2L2;TNFSF12;CASP8AP2
ERICH1,GO_Biological_Process_2023,prerank,Regulation Of Telomere Maintenance In Response To DNA Damage (GO:1904505),-0.46848394912747887,-0.92923550155067,0.5494949494949495,1.0,1.0,10/15,26.81%,ACTR5;TFPT;INO80E;INO80B;YY1;RUVBL1;ACTR8;INO80C;INO80D;RTEL1
ERICH1,GO_Biological_Process_2023,prerank,Lipid Catabolic Process (GO:0016042),0.43756000772406733,0.9289439874950455,0.5454545454545454,1.0,1.0,5/21,16.35%,CYP3A4;PNLIPRP1;STS;SIRT2;HSD17B14
ERICH1,GO_Biological_Process_2023,prerank,Establishment Of Mitotic Spindle Orientation (GO:0000132),0.4124222546852161,0.9287517713725467,0.5493827160493827,1.0,1.0,16/29,22.03%,SAPCD2;PAFAH1B1;PKHD1;FBXW11;NDEL1;MAPRE1;ENKD1;DYNLT1;KAT5;ITGB1;PLK1;CENPA;NDE1;ZW10;DCTN1;NUMA1
ERICH1,GO_Biological_Process_2023,prerank,Regulation Of Cardiac Muscle Contraction By Calcium Ion Signaling (GO:0010882),-0.4432498983866635,-0.9285272189772389,0.5521821631878557,1.0,1.0,11/20,28.24%,CLIC2;CALM3;CALM1;ATP1A2;RYR2;FKBP1B;SLC8A1;HRC;DMD;CAMK2D;ATP2A2
ERICH1,GO_Biological_Process_2023,prerank,Positive Regulation Of Pathway-Restricted SMAD Protein Phosphorylation (GO:0010862),-0.3770346619668181,-0.928506771605854,0.5804597701149425,1.0,1.0,16/48,20.15%,BMP2;GDF7;GDF6;BMP6;DAB2;BMP8A;BMPR2;TGFBR2;GDF11;INHBA;INHBC;INHA;HFE;TGFB2;BMPR1A;GDF5
ERICH1,GO_Biological_Process_2023,prerank,Response To Organophosphorus (GO:0046683),0.4594008117347805,0.9284624952066811,0.572938689217759,1.0,1.0,5/18,11.11%,DUOX1;TLR7;P2RX7;TRIM16;TRPC3
ERICH1,GO_Biological_Process_2023,prerank,Organic Anion Transport (GO:0015711),-0.3378701071712456,-0.9277799573781085,0.5996376811594203,1.0,1.0,29/87,19.61%,SLC2A4;SLC22A9;SLC22A7;CYB5R4;SLC4A4;SLC2A14;MGST1;SLCO4C1;SLC25A24;SLC26A5;CYB5R1;CPTP;SLC35A2;CFTR;ABCC4;CYB5RL;SLC35A3;SLC4A7;SLCO1A2;SLCO6A1;SLCO2A1;SLC4A3;SLC35C2;SLC2A3;SLC26A6;SLC17A9;MFSD10;ABCC6;SLCO1B1
ERICH1,GO_Biological_Process_2023,prerank,Negative Regulation Of Cell Population Proliferation (GO:0008285),-0.2944505787311776,-0.9274223542550112,0.7427536231884058,1.0,1.0,95/376,19.74%,CD33;SOX7;PTGIR;BMP2;CDKN2B;IGFBP7;OPRM1;JAK2;IFIT3;TBX3;MINAR1;CER1;P3H1;ADRA1D;GATA3;CDKN2A;KLF11;HES1;FOXP3;P3H3;NOTCH1;NTRK1;ALDH1A2;MARVELD3;VHL;CDKN3;ANG;FBLN1;THAP12;HSPA1B;KAT2B;ADGRG1;KDF1;MYO1C;COL18A1;CIB1;TIAL1;APP;EMD;PTEN;NF2;FUZ;GSDME;CEBPA;DUSP10;POLR2D;ITGA1;FOXO4;ARID2;CLMN;RBM5;BMPR2;VGLL4;DAB2IP;LDOC1;TMEM127;SMARCA2;PLXNB1;GTPBP4;MYC;H2AC6;E2F7;TGFBR3;SOX4;PTK2B;NPM1;INHBA;CXCL1;HMOX1;SOX2;CTBP2;TES;RERG;FKTN;SAV1;ING1;SMAD6;NUP62;HMGA1;SOD2;FABP7;LMNA;PPP2R5C;IFI35;AQP11;ULK1;NRG1;PTPN2;SH2B3;NOX4;CTBP1;RNF139;TGFB2;ZBTB17;ACVR1C
ERICH1,GO_Biological_Process_2023,prerank,Cellular Response To Cytokine Stimulus (GO:0071345),-0.30045046618361126,-0.9273774642250155,0.6910994764397905,1.0,1.0,73/295,20.91%,LILRB4;IL23R;GREM2;JAK2;ALOX15;CCL25;TRADD;GBA1;IL11RA;SBNO2;IFNAR1;XCL1;GATA3;NPNT;FLT3;IFI16;GSK3A;CDK9;CAMK2A;LRRK2;IRF8;KHSRP;YBX3;CIB1;KIT;SLC12A2;CHUK;GSDME;CEBPA;AQP4;OSMR;LEF1;PDE2A;MME;TDGF1;RHOA;CALM1;DAB2IP;SIRT1;SMPD4;JAK1;JAK3;ZC3H12A;HCK;NLRP12;SIRPA;DUSP1;ZFP36;TNFRSF21;MYLK3;PNPT1;TNFSF11;PLP2;WNK1;HAX1;PTPRT;SHPK;XBP1;HCLS1;SLC26A6;INPP5K;LEPR;SH2B3;CXCL12;NFAT5;STAT5A;OXSR1;IRAK3;CRLF1;SHMT1;NDUFA13;RIPOR2;PDE12
ERICH1,GO_Biological_Process_2023,prerank,Regulation Of Muscle Contraction (GO:0006937),0.40689538235675204,0.9262287144126921,0.5464362850971922,1.0,1.0,11/29,21.58%,KCNA1;NMUR2;TNNC1;MYL3;TNNC2;CHRM2;CHRNA3;PPP1R12B;CAV1;CACNG1;DAPK3
ERICH1,GO_Biological_Process_2023,prerank,"Regulation Of Synaptic Transmission, GABAergic (GO:0032228)",0.46656776850604953,0.9256739526815267,0.534020618556701,1.0,1.0,3/16,6.31%,NALCN;CNTNAP4;NLGN1
ERICH1,GO_Biological_Process_2023,prerank,Linoleic Acid Metabolic Process (GO:0043651),-0.44927527081821816,-0.9255582951757249,0.571969696969697,1.0,1.0,6/19,11.85%,ELOVL3;ALOX15;ELOVL2;ALOX5;RAPSN;ELOVL5
ERICH1,GO_Biological_Process_2023,prerank,Negative Regulation Of Multicellular Organismal Process (GO:0051241),-0.3040249967675402,-0.9254097185494496,0.6953271028037383,1.0,1.0,48/228,17.04%,BMP2;SOSTDC1;NR1H4;ARHGDIB;ING2;LAMA4;SRGN;EPHA4;GATA3;TIMP1;FOXP3;GSK3A;NOTCH1;MARVELD3;WNT9B;CYP51A1;AGER;MEF2C;ATP2B1;APOM;TFE3;PTGER4;PTEN;TRPV3;DUSP10;RPS6KA4;ALDH1A1;ADAMTS5;SRF;DDIT3;BMPR2;DAB2IP;NOVA2;SDHAF2;GRHL2;TET1;LRPAP1;KREMEN2;NOVA1;SYT11;NLRP12;WWC2;TLE3;N4BP1;ACTN3;PFN2;ING1;SMAD6
ERICH1,GO_Biological_Process_2023,prerank,Positive Regulation Of Angiogenesis (GO:0045766),0.32242787315314503,0.9253751868892337,0.6062639821029083,1.0,1.0,31/119,18.70%,CCR3;TNN;TWIST1;NOS3;RHOB;EMILIN1;HYAL1;APELA;EMILIN2;CHRNA7;CTSH;VEGFC;ITGA5;SASH1;AGO2;SERPINE1;EPHA1;RAMP2;PLCG1;HIPK2;TJP1;HK2;PIK3CD;PDCL3;KDR;ITGB1;ETS1;EMC10;PDPK1;THBS1;GAB1
ERICH1,GO_Biological_Process_2023,prerank,Sterol Metabolic Process (GO:0016125),0.3554120463205078,0.925218912478191,0.5829787234042553,1.0,1.0,16/60,21.46%,CYP26B1;SULT2A1;LCAT;SULT2B1;LDLRAP1;CYP26A1;PIP4P1;GBA2;SOAT1;CYP19A1;CLN6;CYP11A1;OSBPL1A;PPARD;SQLE;ABCG1
ERICH1,GO_Biological_Process_2023,prerank,Axonogenesis (GO:0007409),0.30714393115914956,0.925170581851726,0.6744186046511628,1.0,1.0,66/187,21.37%,SLITRK6;LGI1;EPHA8;EPHA10;MYPN;UNC5C;PLA2G10;CNTN5;IGSF9;PLPPR4;SLITRK4;TNR;NOTCH2;EPHB6;SEMA3F;SEMA4D;NTNG1;SLITRK3;NELL1;ROBO3;PPP3CB;FGFR2;CTNNA2;PLEKHG4B;SEMA5B;OTX2;ZDHHC17;CCK;TRIM46;DPYSL5;RELN;FYN;TAOK2;APBB1;B4GALT6;SEMA6A;LGR6;RAB3A;ARHGEF40;DRAXIN;SEMA3G;ROBO2;EPHA7;BDNF;SEMA3E;NRXN1;SEMA3B;SEMA3C;RYK;NRCAM;NIBAN2;DSCAM;KIF5B;SSNA1;BAIAP2;ATL1;SLITRK5;SEMA6B;TUBB3;KIF5C;DOCK7;NOTCH3;SOS1;NEO1;LLGL1;NLGN3
ERICH1,GO_Biological_Process_2023,prerank,Negative Regulation Of Cytokine-Mediated Signaling Pathway (GO:0001960),0.35635512413448917,0.9251697083458281,0.6066666666666667,1.0,1.0,16/59,17.74%,IL1RN;IL6;OTUD4;ARG1;RFFL;USP18;ROBO1;RNF113A;CNOT7;GPS2;CARD8;GAS6;NR1H3;PPP2CB;PPARG;YTHDF2
ERICH1,GO_Biological_Process_2023,prerank,RNA-mediated Gene Silencing (GO:0031047),0.4041060701251446,0.9238337541129864,0.5787139689578714,1.0,1.0,8/28,11.14%,PIWIL2;FKBP6;PIWIL1;AGO3;EXD1;HELZ2;TDRD1;AGO2
ERICH1,GO_Biological_Process_2023,prerank,Sister Chromatid Segregation (GO:0000819),0.4038860354351151,0.9234955180352201,0.5730337078651685,1.0,1.0,12/34,18.45%,TUBG2;CENPK;KNTC1;ZWINT;SMC4;KIF25;NCAPG2;LATS1;CENPI;PLK1;MIS12;NUSAP1
ERICH1,GO_Biological_Process_2023,prerank,Glycolipid Metabolic Process (GO:0006664),-0.39419341964093113,-0.9234426012867041,0.5650623885918004,1.0,1.0,10/33,17.07%,B4GALNT1;FUCA1;B3GALNT1;PGAP1;SMPD1;NEU3;CPTP;GM2A;GALC;PIGW
ERICH1,GO_Biological_Process_2023,prerank,Positive Regulation Of Inflammatory Response (GO:0050729),-0.33488403178263637,-0.9234200921951685,0.5912408759124088,1.0,1.0,22/103,15.35%,TRADD;IL23A;PLA2G2A;LCP1;C2CD4B;ZP3;MYO1C;PLA2G7;NAIP;APP;PTGER4;MGST2;TNFSF4;CEBPA;NLRP10;OSMR;PDE2A;SNCA;AGT;SNX4;NLRP12;NLRC4
ERICH1,GO_Biological_Process_2023,prerank,Telomere Maintenance Via Telomere Lengthening (GO:0010833),-0.42036776047183627,-0.9234198764658086,0.5645472061657033,1.0,1.0,14/26,24.53%,ZBTB48;RAD50;STON1;TELO2;WRAP53;RAD51;TERF1;POT1;HSP90AA1;DKC1;NOP10;RPA1;TERT;PTGES3
ERICH1,GO_Biological_Process_2023,prerank,Regulation Of Protein Localization To Cell Surface (GO:2000008),0.3984702820694336,0.9232894256281918,0.5658153241650294,1.0,1.0,15/31,21.65%,SNX33;TAX1BP3;RIC3;GPM6B;RAB11FIP5;GPD1L;ABCA7;GBF1;BDNF;RAB11B;PICALM;RANGRF;CTNNB1;CAV3;KCNAB2
ERICH1,GO_Biological_Process_2023,prerank,Defense Response To Virus (GO:0051607),0.3086016854493854,0.923119035853723,0.6754385964912281,1.0,1.0,56/189,20.67%,RTP4;OASL;IRF7;IL6;NMBR;TLR7;PLA2G10;AZU1;IKBKE;IFIT1B;RSAD2;OPRK1;TRIM6;SETD2;NT5C3A;USP18;IFNLR1;APOBEC3D;TLR2;LYST;IFI27;DHX16;APOBEC3F;RNASEL;IFITM2;MX1;UBE2W;TBKBP1;SLFN13;IFIT1;NLRP1;TRIM8;TBK1;CNOT7;MAP3K14;BCL2;NMB;ZCCHC3;ZDHHC11;IRF2;TANK;CARD8;DDX60;PQBP1;EXOSC4;TRIM26;RNF185;PHB1;IFITM1;TRIM25;BNIP3L;MOV10;TRIM5;AKAP1;MICA;BST2
ERICH1,GO_Biological_Process_2023,prerank,Regulation Of Tumor Necrosis Factor Production (GO:0032680),-0.32548726166802244,-0.922944413694543,0.6528301886792452,1.0,1.0,22/126,15.23%,LILRB4;CD33;HAVCR2;LY96;NR1H4;OAS3;JAK2;IL23A;VSIR;TRIM27;FRMD8;LCP1;AGER;APP;ARFGEF2;FXR1;SELENOS;ZC3H12A;SYT11;SIRPA;TMEM106A;ZFP36
ERICH1,GO_Biological_Process_2023,prerank,Cellular Response To Ionizing Radiation (GO:0071479),-0.37284587860243945,-0.9227783777389233,0.5732838589981447,1.0,1.0,26/52,27.07%,XRCC5;HUS1;IFI16;XRCC6;KDM1A;WRN;TMEM109;TLK2;SIRT1;ECT2;BARD1;RAD51;TSPYL5;FIGNL1;NUCKS1;ERCC4;MAPK14;RAD51AP1;SWI5;DEPDC1B;CDKN1A;GADD45A;LIG4;MAP3K20;NIPBL;BABAM2
ERICH1,GO_Biological_Process_2023,prerank,Chloride Transmembrane Transport (GO:1902476),-0.3745235222875235,-0.9224441807015489,0.5737704918032787,1.0,1.0,6/48,4.75%,APOL1;GABRG1;CLCN1;SLC12A3;SLC26A9;ANO9
ERICH1,GO_Biological_Process_2023,prerank,Long-Chain Fatty Acid Metabolic Process (GO:0001676),0.33904141991069037,0.9222320902908515,0.6013513513513513,1.0,1.0,23/78,16.15%,AWAT1;CYP2C19;ACSL5;PNPLA8;PLA2G10;CYP3A4;ALOX15B;ADTRP;ACOT1;ACOT2;ALOX12B;PLA2G4B;LTC4S;ACAD9;FADS1;ACADL;ACSL1;SCP2;ABHD12;FAAH2;PLA2G4A;HACL1;CYP4Z1
ERICH1,GO_Biological_Process_2023,prerank,Cytokine-Mediated Signaling Pathway (GO:0019221),-0.30198133406505356,-0.9220953106631943,0.7027491408934707,1.0,1.0,40/243,15.95%,LILRB4;CXCL13;IL23R;GREM2;CXCL2;JAK2;CCL25;TRADD;CARD14;CNTFR;P4HB;CNTF;IL11RA;XCL1;FLT3;MYD88;KIT;EIF5A;CHUK;CXCL5;CEBPA;TNFRSF11A;OSMR;ADIPOR2;RPS6KA4;SRC;TNFRSF1B;SIRT1;JAK1;JAK3;RRAGA;BIRC2;TRAF4;CXCL6;HCK;APPL1;PTK2B;CXCL1;TNFSF11;PLP2
ERICH1,GO_Biological_Process_2023,prerank,Positive Regulation Of Leukocyte Migration (GO:0002687),0.40183163774708086,0.9219977298966986,0.5577342047930284,1.0,1.0,5/31,7.65%,IL6;PLVAP;IL6R;CSF1;MIA3
ERICH1,GO_Biological_Process_2023,prerank,Regulation Of Neural Precursor Cell Proliferation (GO:2000177),0.42554250653409886,0.9219832300802184,0.57,1.0,1.0,5/22,10.32%,TAFA3;DISP3;INSM1;SHCBP1;PROX1
ERICH1,GO_Biological_Process_2023,prerank,Positive Regulation Of Lymphocyte Proliferation (GO:0050671),0.3460651806086422,0.9218789128538664,0.6069868995633187,1.0,1.0,15/73,13.39%,CD3E;IL6;AMH;CD38;CCL5;IL12A;TNFSF13B;ANXA1;HLA-DPA1;HLA-DMB;HLA-E;TYK2;GPR183;TIRAP;IL15
ERICH1,GO_Biological_Process_2023,prerank,Negative Regulation Of Signal Transduction (GO:0009968),0.2965674264696662,0.9213503445621104,0.7385321100917431,1.0,1.0,76/266,19.85%,HIC1;CYP26B1;NKX3-1;TNFAIP3;CDK3;PLIN5;HEY1;TMBIM1;NKD2;TWIST1;CCL5;PTPN18;NR1D1;OTUD4;IL12A;NFKBIL1;MPIG6B;EMILIN1;KCTD6;PIP4K2A;SFRP5;SUFU;FSTL3;HGS;CYP26A1;TAX1BP3;IGFBP5;PTCH2;PID1;NXN;PTPN1;IRS1;TMBIM6;HIF1AN;WIF1;KLK14;ERBB3;SEMA6A;SFRP4;FRZB;DACT1;TRABD2A;GRB14;TSPAN6;SULF1;WWOX;MMRN2;BCL2;GPS2;SLC2A10;HHIP;BDNF;CTNNBIP1;GPC3;CARD8;CALR;PPARG;GDF15;YTHDF2;PHACTR4;ACVR1;MFHAS1;GLI3;PIP4K2B;THBS1;LGMN;NIBAN2;EZH2;CSNK2A1;MOSMO;GPI;IFT122;TRABD2B;SPRY1;LEPROTL1;PIK3CB
ERICH1,GO_Biological_Process_2023,prerank,Regulation Of Viral Entry Into Host Cell (GO:0046596),0.3767428912992832,0.9213323941961752,0.5676229508196722,1.0,1.0,17/43,20.16%,HS3ST6;TRIM68;TRIM6;CIITA;LGALS9;GSN;TMPRSS2;IFITM2;TRIM58;TRIM62;TRIM34;LGALS1;TRIM26;TRIM38;IFITM1;TRIM25;TRIM5
ERICH1,GO_Biological_Process_2023,prerank,Regulation Of Telomere Maintenance Via Telomerase (GO:0032210),-0.3670138596971294,-0.9213270425764193,0.5872727272727273,1.0,1.0,18/51,19.07%,XRCC5;CCT5;TNKS2;STON1;PARN;HNRNPA1;SRC;ATM;MAPKAPK5;TENT4B;SMG6;TERF1;EXOSC10;POT1;PRKCQ;HNRNPC;CCT6A;MAP2K7
ERICH1,GO_Biological_Process_2023,prerank,DNA Repair-Dependent Chromatin Remodeling (GO:0140861),0.46074990625118195,0.920728846909954,0.5376569037656904,1.0,1.0,6/16,15.32%,DTX3L;UBR5;HDGFL2;BABAM1;KAT5;RNF8
ERICH1,GO_Biological_Process_2023,prerank,Vesicle Organization (GO:0016050),-0.33781741400408294,-0.9207143783586704,0.6388384754990926,1.0,1.0,35/92,21.48%,ANXA8;SRGN;CHMP4A;CORO1A;VAMP1;SRPX;PLEKHF1;RNF26;SORT1;ARFGEF2;PLEKHJ1;CHMP4C;TRAPPC2B;DNM1;LAPTM4B;EXOC8;CHMP5;TRAPPC6B;SYT11;RAB22A;PHETA1;ALS2;STX8;TRAPPC3;TRAPPC2L;STX4;TRAPPC13;WASHC4;VAMP2;ZFYVE16;STX7;VPS18;VPS4A;ANXA2;FHIP1B
ERICH1,GO_Biological_Process_2023,prerank,Regulation Of Nervous System Development (GO:0051960),0.3738220422286104,0.9203760802914362,0.5908096280087527,1.0,1.0,19/46,22.94%,BHLHE40;HEY1;HES2;HES3;GBX2;HLTF;HES6;PRUNE1;ELAPOR2;LGI4;YAP1;SIRT2;YTHDF2;ZPR1;CTNNB1;DOCK7;S100A10;PER2;GBX1
ERICH1,GO_Biological_Process_2023,prerank,Positive Regulation Of Production Of Molecular Mediator Of Immune Response (GO:0002702),0.38468106179055817,0.9201701923663117,0.5954825462012321,1.0,1.0,6/38,11.64%,IL6;IRF5;TRIM6;LACC1;HLA-E;SPHK2
ERICH1,GO_Biological_Process_2023,prerank,Positive Regulation Of Interleukin-1 Production (GO:0032732),0.3521965357646408,0.9195662813230343,0.600418410041841,1.0,1.0,10/63,8.82%,IL6;STMP1;AZU1;IL16;USP50;ORM2;P2RX7;TRIM16;LGALS9;MALT1
ERICH1,GO_Biological_Process_2023,prerank,Regulation Of Type I Interferon Production (GO:0032479),-0.3630199956428291,-0.9193490070107018,0.5901328273244781,1.0,1.0,14/59,14.43%,XAF1;TRIM15;TICAM1;G3BP1;TRIM27;MYD88;IRF8;DHX58;RNF26;TRIM21;ATG5;TRIM56;RNF125;KLHL22
ERICH1,GO_Biological_Process_2023,prerank,Regulation Of Postsynapse Organization (GO:0099175),-0.4208708682480277,-0.9191457202343277,0.5634920634920635,1.0,1.0,10/25,21.63%,NOL3;EPHA4;SRCIN1;LRRK2;CDK5;SIPA1L1;ARHGAP22;CDK5R1;PDLIM5;HOMER1
ERICH1,GO_Biological_Process_2023,prerank,Negative Regulation Of Response To External Stimulus (GO:0032102),-0.3157392350767619,-0.9191064217642241,0.651685393258427,1.0,1.0,44/145,21.98%,TNFAIP6;NR1H4;GBA1;EPHA4;GATA3;IFI16;CD109;ENPP3;ALOX5;MYO1C;MUL1;DHX58;YWHAZ;AOAH;PTGER4;PTEN;DRD3;OTULIN;RNF26;TRIM21;MACIR;ATG5;CEP63;FXR1;PRKCD;SELENOS;AJAP1;NLRP12;SIRPA;KLF4;FEM1A;LPCAT3;ILRUN;PTPN2;LRFN5;TRAFD1;TYRO3;METRNL;IRAK3;SIGIRR;C1QBP;CGAS;RB1;PPM1B
ERICH1,GO_Biological_Process_2023,prerank,Epithelial Cell Migration (GO:0010631),-0.3759210909919728,-0.9190597155736678,0.6097560975609756,1.0,1.0,16/45,21.87%,DAAM2;ZEB2;LRG1;LPXN;KIT;PKN3;TNFRSF25;RHOA;ANLN;PLXND1;STARD13;S100A2;KANK1;ROCK1;TNFSF12;PKN2
ERICH1,GO_Biological_Process_2023,prerank,Proteasome-Mediated Ubiquitin-Dependent Protein Catabolic Process (GO:0043161),-0.29470320604542144,-0.9185917541252542,0.7427597955706985,1.0,1.0,139/316,25.23%,SIAH3;PSMA4;KLHDC1;UBXN4;BTRC;GSK3A;PSMA6;ASB2;AMBRA1;SPOP;UBXN2B;OS9;FBXO45;ANAPC4;KCTD5;FBXO6;MARCHF6;SH3BGRL;CALR3;PSMA5;UBE2J1;HSPA5;PEX12;PSMD13;SEL1L;PSMA2;DDIT3;KCTD17;NEDD4L;FBXL20;USP44;PSMD8;CRBN;SIRT1;RHBDD2;UBQLN2;DERL2;SELENOS;FBXL17;PSMA1;HSP90B1;DCAF12;ANAPC10;FBXL15;TMUB2;BIRC2;NSFL1C;GID8;KCTD2;KLHL22;FBXL19;FAM8A1;MAEA;EDEM1;FBXL5;WWP2;SPOPL;SKP1;RNF126;ANAPC11;AGAP3;CDC23;UBXN1;MTA1;CDC26;UBQLN1;FBXL14;PJA2;RNF5;SIAH2;NHLRC3;FEM1A;RNF175;RAD23B;CSNK1A1;PPP2R5C;KLHDC3;DDB1;ERLIN2;DERL3;ARRB2;ANAPC15;SPSB1;TRIP12;PSMC1;CUL2;SPSB4;KBTBD7;ANAPC7;UCHL1;MAN1A1;RBCK1;PSMD7;TMEM67;CDC16;PSMD1;PSMB5;RNF10;CUL1;TRIM3;CDC20B;PSMA3;FBXL13;PSMC3;ERLEC1;UBE2B;APC;DNAJB9;PSMD3;KIF14;PML;RNF4;FBXL22;ANAPC16;FOXRED2;SMURF2;FBXL12;DNAJC10;UBE2A;TRIM72;AMFR;DCAF11;FBXL6;RNF122;PSMB7;TAF1;KLHL42;PSMB1;PRKN;PEX10;TRIM13;GID4;CLGN;BMAL1;STT3B;RNF34;RHOBTB3;TRIP4;FBXL2
ERICH1,GO_Biological_Process_2023,prerank,Supramolecular Fiber Organization (GO:0097435),-0.29548689827313646,-0.9185751691518337,0.7705779334500875,1.0,1.0,75/315,19.80%,KIF2B;KRT80;POF1B;CCDC13;STMN4;TNFAIP6;LMOD3;ELMO3;KRT15;SERPINB8;TPPP;TPPP3;CORO1B;MYO1G;MYO1A;TMOD2;STMND1;ADAMTS14;VHL;SERPINH1;ADAMTS3;CORO1A;RUFY3;MYO1C;COL18A1;CIB1;RHOG;OPTC;KIF2A;APP;MYO1F;CHP1;FLII;CAMSAP2;CLIP2;MYO5C;PIN1;TRPV4;KRT7;CDC42;CRIPT;TMOD1;HNRNPA1;TRDN;MYO5B;RHOA;SNCA;WHAMM;MYO1B;KIF18A;LOXL1;COL5A1;ALDOA;NOSTRIN;ARHGAP12;TPM2;TUBGCP4;NCKAP5;TAGLN2;PPP1R9A;SHROOM4;SIAH2;HCLS1;P3H4;CDC42EP2;ELMO2;DBN1;LOXL3;TUBGCP3;KRT10;TMOD3;MAPT;TGFB2;PRSS8;PPP1R9B
ERICH1,GO_Biological_Process_2023,prerank,Regulation Of Establishment Of Cell Polarity (GO:2000114),-0.4487326536106522,-0.9185162279302025,0.5730994152046783,1.0,1.0,10/17,21.56%,RUFY3;RAP1B;ROCK2;PTK2B;SHTN1;KANK1;RIPOR2;ROCK1;RACK1;KRIT1
ERICH1,GO_Biological_Process_2023,prerank,Positive Regulation Of Endothelial Cell Apoptotic Process (GO:2000353),0.4607906700915011,0.9184499069882032,0.5443037974683544,1.0,1.0,7/15,23.64%,CD160;PRKCI;PLCG1;GPER1;THBS1;RGCC;ITGA4
ERICH1,GO_Biological_Process_2023,prerank,Natural Killer Cell Mediated Cytotoxicity (GO:0042267),-0.4224797417194535,-0.9181579172147105,0.5844402277039848,1.0,1.0,3/24,6.96%,RAET1E;KLRK1;CORO1A
ERICH1,GO_Biological_Process_2023,prerank,Regulation Of Transforming Growth Factor Beta Production (GO:0071634),0.4580868942484831,0.917584253153249,0.5553235908141962,1.0,1.0,4/16,12.58%,LRRC32;SERPINF2;LGALS9;SMAD3
ERICH1,GO_Biological_Process_2023,prerank,Cellular Response To Low-Density Lipoprotein Particle Stimulus (GO:0071404),-0.4283511686878594,-0.9170557657810159,0.5996204933586338,1.0,1.0,4/22,6.15%,ITGB2;TICAM1;LCP1;MYD88
ERICH1,GO_Biological_Process_2023,prerank,Facultative Heterochromatin Formation (GO:0140718),-0.46689842677514126,-0.9170324990865074,0.5797665369649806,1.0,1.0,5/15,20.96%,SMARCA5;SIRT1;MBD3;MBD2;BEND3
ERICH1,GO_Biological_Process_2023,prerank,Positive Regulation Of Proteasomal Protein Catabolic Process (GO:1901800),0.3363752311063135,0.9168865004629827,0.6004098360655737,1.0,1.0,24/90,18.01%,CBFA2T3;DET1;ANKIB1;NKD2;ARIH2;GSK3B;KCNE2;COP1;DNAJB2;NUB1;OSBPL7;TMEM259;PABIR1;HSPBP1;ZER1;SIRT2;USP13;RNF19A;ELOB;RBX1;PLK1;SMAD7;DDRGK1;RNF185
ERICH1,GO_Biological_Process_2023,prerank,Regulation Of Peptidyl-Serine Phosphorylation (GO:0033135),0.3311135656600998,0.9165134867351876,0.6585858585858586,1.0,1.0,34/93,22.19%,IL6;AMH;PARK7;TRIM6;TCL1B;CALCR;RPTOR;MAD2L2;PAQR3;GPD1L;CAPRIN2;LATS1;TBK1;FNIP1;NTF4;PDE4D;CREBL2;SH2D3C;BDNF;GAS6;ATP2B4;TGFB1;SMAD7;BRAF;PPM1F;TNKS1BP1;DOCK7;CAV1;RAF1;AKT1;SFRP2;TENM1;EGFR;OPRD1
ERICH1,GO_Biological_Process_2023,prerank,Epiboly Involved In Wound Healing (GO:0090505),-0.46277633215642333,-0.9164774821829305,0.5979591836734693,1.0,1.0,9/15,27.28%,LCP1;CARMIL2;RHOA;TMEFF2;CD44;CEACAM1;RHOC;TOR1A;PDCD10
ERICH1,GO_Biological_Process_2023,prerank,Regulation Of Fibroblast Proliferation (GO:0048145),0.37267528056654675,0.9163895121229554,0.5746887966804979,1.0,1.0,23/46,28.18%,AMH;PDGFB;IGF1;DDR2;MED9;PDGFRA;CDC73;GAS6;NF1;FTH1;PDGFA;CTNNB1;TP53;B4GALT7;MORC3;WNT5A;PARP10;SFRP1;PEX2;CDK6;CD300A;SKI;NLRC3
ERICH1,GO_Biological_Process_2023,prerank,Regulation Of Cytosolic Calcium Ion Concentration (GO:0051480),-0.38295040597938107,-0.9163321788369023,0.5926680244399185,1.0,1.0,17/40,19.92%,CALCA;PLN;ATP2B2;TRPM2;F2;HCRTR1;ATP2B1;RYR1;TRPC6;CDH23;TRPC1;TRPC5;TMEM64;WBP2NL;CALB2;CALCB;RYR2
ERICH1,GO_Biological_Process_2023,prerank,DNA-templated Transcription (GO:0006351),-0.30666841164392544,-0.9162781901068632,0.7039106145251397,1.0,1.0,79/198,25.25%,TBPL2;DTX1;POLR1C;POLR2J;NOCT;CDK9;PTMA;SUPT16H;POLR3K;GTF2A2;TAF10;GTF2A1L;POLR2H;PWP1;ETV7;POLRMT;CDK7;LHX1;SMARCA5;POLR2D;TRIP13;DDX21;CBFB;TAF13;POLR2K;CEBPD;POLR2I;GTF3C1;TAF1B;PMF1;IVNS1ABP;GTF3C5;CCNK;RRAGC;SNAPC3;TAF7;ZBTB7B;POLR3A;POLR3G;XBP1;RNPS1;UBTF;PRMT5;MTERF4;NR4A2;ARRB2;NFAT5;POLR2E;GTF2F2;TFAM;TCEA2;TCEANC2;SETX;CRCP;GTF3C2;E2F1;POLR3GL;NCOA6;ZNF141;GTF2F1;TAF1A;SOX5;TRIP11;TAF1;NAT14;SNAPC2;DEK;GTF2H3;NFKBIB;ZFP36L2;ATF4;GTF2H4;TFDP1;SPTY2D1;SLC25A33;YBX2;GMEB2;THRB;DRAP1
ERICH1,GO_Biological_Process_2023,prerank,"Positive Regulation Of DNA-templated Transcription, Elongation (GO:0032786)",0.3608899168183712,0.9151920386819347,0.5826612903225806,1.0,1.0,26/56,21.74%,PWWP2A;MED20;CDK13;MED7;ELL3;BRD4;EAPP;MED9;CDC73;THOC5;MED26;MED8;MED22;MED14;HMGN1;MED29;THOC1;MED27;PARP1;MED17;MED4;SUPT4H1;CCNT1;SCAF8;CCNT2;MED28
ERICH1,GO_Biological_Process_2023,prerank,DNA Recombination (GO:0006310),-0.3777024646613573,-0.9150815539119456,0.5854616895874263,1.0,1.0,16/42,22.06%,XRCC5;RAD50;HDAC10;XRCC6;RMI1;RBBP8;DMC1;BARD1;RAD51;THAP9;MSH2;ERCC1;RAG1;TSN;RPA1;MSH3
ERICH1,GO_Biological_Process_2023,prerank,Phosphatidylinositol Dephosphorylation (GO:0046856),-0.4596823457655043,-0.914890199245586,0.5857418111753372,1.0,1.0,10/16,24.47%,PTEN;PIP4P2;PMPCA;INPP5K;MTMR1;SACM1L;SYNJ2;MTM1;MTMR3;MTMR6
ERICH1,GO_Biological_Process_2023,prerank,mRNA Stabilization (GO:0048255),-0.36251227620933296,-0.9148515963337343,0.6168582375478927,1.0,1.0,19/52,21.28%,ELAVL4;TENT5D;NOCT;MYD88;THRAP3;YBX3;RBM24;EIF4ENIF1;PAIP1;NRDE2;CIRBP;ZFP36;IREB2;HNRNPA0;BOLL;HNRNPC;E2F1;MAPK14;RBM47
ERICH1,GO_Biological_Process_2023,prerank,Positive Regulation Of Developmental Process (GO:0051094),0.2992600732774,0.9142663927491755,0.7139737991266376,1.0,1.0,85/232,21.77%,AGR2;SERPINF2;INSM1;FOXD1;FOXA2;REST;BRD7;SYDE1;PDGFB;COBL;CORO1C;DPF2;GDNF;NLGN1;APELA;GSK3B;RPS6KA1;MAD2L2;KMT5B;SCX;SHLD2;ZNF703;LLPH;BMP7;OTX2;ZDHHC15;MIXL1;FZD4;DLG5;RELN;BMP4;AGO2;ESRRB;ELAPOR2;SHANK3;ZBED3;PHLDB1;SMARCA4;DNM1L;SMARCD1;ARID4A;ZDHHC6;ARHGEF7;SF3B3;ANAPC2;MMRN2;BICRA;KDR;BRD9;NRXN1;MAP3K13;SMARCB1;VLDLR;SOX6;SLC6A6;ALK;VIL1;ZNF268;PPARG;SMARCC2;ACVR1;DLG4;PPP1R13L;SAP30L;HDAC1;SMARCD3;NIBAN2;FBXO5;DDHD1;SMARCC1;BASP1;BMPR1B;CDC20;SUDS3;CTNNB1;SORL1;MCU;SAP30;TRPM4;NCOA3;NCOA2;SINHCAF;FST;TP53BP1;SIN3A
ERICH1,GO_Biological_Process_2023,prerank,Regulation Of DNA Replication (GO:0006275),-0.3399976310793286,-0.913925503400773,0.6376237623762376,1.0,1.0,34/75,27.75%,ACTR5;CHRAC1;STON1;ATAD5;TFPT;NPM2;SMARCA5;EGF;GTPBP4;INO80E;BCAR3;TERF1;BRPF3;SMC3;INO80B;ORC3;PPP2CA;NUCKS1;ESCO2;YY1;WAPL;RUVBL1;ACTR8;INO80C;USP37;INO80D;S100A11;CDC6;PCNA;GLI2;JADE3;JADE2;MEAF6;POLE3
ERICH1,GO_Biological_Process_2023,prerank,Negative Regulation Of Autophagy (GO:0010507),-0.35627842292442236,-0.9136506950795584,0.6031746031746031,1.0,1.0,19/61,19.34%,DAPL1;TRIM27;VHL;LRRK2;KDM4A;RUBCN;CPTP;TLK2;GOLGA2;SNCA;RRAGA;KLHL22;RRAGC;MTOR;SNRNP70;LEPR;RASIP1;WASHC1;TBC1D14
ERICH1,GO_Biological_Process_2023,prerank,Arachidonic Acid Metabolic Process (GO:0019369),0.3568961532364748,0.9135620834943544,0.6247288503253796,1.0,1.0,9/52,8.56%,AWAT1;CYP2C19;CYP2A13;CYP2F1;PNPLA8;PLA2G10;ALOX15B;ALOX12B;PLA2G4B
ERICH1,GO_Biological_Process_2023,prerank,Protein Insertion Into ER Membrane (GO:0045048),0.4009350615375129,0.9134248574190278,0.5588235294117647,1.0,1.0,15/29,22.01%,EMC9;EMC6;CCDC47;WDR83OS;TMEM147;EMC7;EMC3;GET3;SGTA;EMC10;UBL4A;SEC61A1;TRAM2;NCLN;EMC4
ERICH1,GO_Biological_Process_2023,prerank,Positive Regulation Of NF-kappaB Transcription Factor Activity (GO:0051092),-0.3154721599431996,-0.9131424014041396,0.6933333333333334,1.0,1.0,39/151,18.35%,TRIM15;TICAM1;TRADD;CARD14;RAB7B;NTRK1;MYD88;PSMA6;RHEBL1;EDA;RTKN2;HSPA1B;CAMK2A;AGER;CIB1;APP;CHUK;BTK;TRIM21;TNFRSF11A;RPS6KA4;BCL10;AGT;PRKCB;ANKRD42;TRIM52;FLOT2;NLRC4;UBE2N;NPM1;TNFSF11;PRKCQ;PIDD1;SPHK1;RNF31;DHX33;RIPK2;NTSR1;MTPN
ERICH1,GO_Biological_Process_2023,prerank,Intrinsic Apoptotic Signaling Pathway (GO:0097193),-0.3316731543064958,-0.9131220631978014,0.6486988847583643,1.0,1.0,38/104,21.24%,IFI6;CYCS;IFI16;PPP1R13B;SFN;TRIB3;CHEK2;TMEM117;BAK1;ERN2;DDIT3;CEBPB;TNFRSF1B;ATM;TMEM238L;DAB2IP;PRKCD;BNIP3;TNFRSF10B;CHAC1;CASP2;BRSK2;CASP9;HINT1;CASP3;JMY;BOK;PPP1R15A;MOAP1;CIDEB;CUL2;CD24;BCL2L1;GSKIP;E2F1;BCL2L2;CUL1;STK24
ERICH1,GO_Biological_Process_2023,prerank,Embryonic Organ Development (GO:0048568),-0.346847364492937,-0.9129641656908415,0.6247582205029013,1.0,1.0,19/75,20.43%,HAND1;THPO;GATA3;RARRES2;COL18A1;RARB;STIL;KIT;POLR2D;TGFBR2;TFEB;SH2B3;FGF8;TGFB2;RBPJ;BMPR1A;ZFPM1;PBX4;COL27A1
ERICH1,GO_Biological_Process_2023,prerank,Negative Regulation Of Phosphoprotein Phosphatase Activity (GO:0032515),0.4346016409959885,0.9128156065538952,0.5632911392405063,1.0,1.0,7/20,20.94%,IKBKB;GSK3B;FKBP1A;PPP1R11;STYXL1;PPP1R1B;PPP1R14D
ERICH1,GO_Biological_Process_2023,prerank,Regulation Of Glucose Transmembrane Transport (GO:0010827),-0.45007724434228097,-0.9126818067280738,0.5885826771653543,1.0,1.0,6/17,18.94%,TRIB3;RTN2;PRKCB;INPP5K;OCLN;C2CD5
ERICH1,GO_Biological_Process_2023,prerank,Positive Regulation Of T Cell Mediated Cytotoxicity (GO:0001916),-0.39919426346910736,-0.9125898577748102,0.5864661654135338,1.0,1.0,6/33,5.74%,RAET1E;IL23R;PVR;IL23A;XCL1;HLA-G
ERICH1,GO_Biological_Process_2023,prerank,Antigen Processing And Presentation Of Exogenous Peptide Antigen (GO:0002478),0.3996001316626984,0.912509623736215,0.5883668903803132,1.0,1.0,7/29,15.96%,CTSE;FCER1G;HLA-DPA1;HLA-DMB;HLA-E;CTSL;DNM2
ERICH1,GO_Biological_Process_2023,prerank,Regulation Of Intrinsic Apoptotic Signaling Pathway (GO:2001242),-0.3692565216848662,-0.911844082666142,0.581151832460733,1.0,1.0,21/47,25.56%,NOL3;P4HB;RTKN2;SEPTIN4;PLEKHF1;GSDME;SRC;DDIT3;BCLAF1;SGMS1;UBQLN1;BOK;BCL2L1;NDUFA13;BCL2L2;RACK1;LCK;NDUFS3;CYLD;BECN1;URI1
ERICH1,GO_Biological_Process_2023,prerank,Reverse Cholesterol Transport (GO:0043691),0.44807048548613404,0.9117307929442575,0.5689655172413793,1.0,1.0,1/16,2.31%,LCAT
ERICH1,GO_Biological_Process_2023,prerank,Double-Strand Break Repair Via Homologous Recombination (GO:0000724),-0.32668529921474354,-0.9116518081239785,0.6720430107526881,1.0,1.0,48/111,25.13%,EXD2;HUS1;SMC5;NABP2;STON1;SWSAP1;CDC45;FANCB;CHD4;LIG3;NSMCE1;WRN;RAD21L1;TONSL;MORF4L1;AP5S1;RMI1;RBBP8;NPC1;MCM6;MCM5;RAD51;UBE2N;FSCN1;NSMCE4A;RFWD3;RPA2;ATRX;XRCC1;RECQL;NUCKS1;ERCC4;YY1;RAD51AP1;MCM7;POLL;FEN1;RPA1;GINS4;FBH1;SWI5;MCM4;SAMHD1;MCM8;RNF138;MUS81;RAD54B;NSMCE3
ERICH1,GO_Biological_Process_2023,prerank,Cellular Response To Oxygen-Containing Compound (GO:1901701),-0.2866049555283142,-0.9115180924718626,0.8094405594405595,1.0,1.0,105/399,21.19%,CXCL13;KCNC2;PAX2;P2RX3;LY96;NR1H4;TICAM1;CXCL2;ABCB4;ALOX15;KCNK4;CD274;P2RY6;ESR1;SBNO2;CCDC62;KCNH1;WNT3;SMPD1;LCP1;MTR;MYD88;P2RY11;WNT9B;PPM1E;ADD1;FES;MEF2C;RASA4;WNT3A;TNFSF4;SLC12A2;CHUK;SLC25A24;CXCL5;RAP1B;RYR1;PEX12;PDE2A;GUCY1B1;SSTR2;CPNE4;HCN2;TNFRSF1B;BCL10;SYT6;ATM;RHOA;DAB2IP;SNW1;CLIC4;PRKCD;CFTR;SELENOS;LDOC1;HSP90B1;CAPN2;CASP7;RRAGA;CIB2;ZC3H12A;ECT2;CHMP5;MAPK8;CXCL6;SYT11;SIRPA;HMGB2;ROCK2;LARS1;ZFP36;PTK2B;GLRA1;CXCL1;ADCY7;AGAP3;RRAGC;MTOR;CPNE9;TGM2;RARA;SHPK;XBP1;UXT;CPNE3;SLC38A9;SLC26A6;INPP5K;FAM210B;CREB1;MAPT;EPHA3;RAPGEF1;P2RY1;SETX;SHMT1;MCOLN1;LAMTOR5;NDUFA13;SLIT2;AKR1C3;SESN2;PABPN1;ROMO1;MAPK14
ERICH1,GO_Biological_Process_2023,prerank,Positive Regulation Of SMAD Protein Signal Transduction (GO:0060391),-0.4531277176476607,-0.911405386499137,0.5820610687022901,1.0,1.0,5/17,12.57%,JAK2;KIAA0319;BMP6;DAB2;BMPR2
ERICH1,GO_Biological_Process_2023,prerank,Protein Deubiquitination (GO:0016579),0.3289391834987242,0.9109395012827506,0.6533613445378151,1.0,1.0,24/96,16.03%,TNFAIP3;SPATA2;OTUD4;USP50;UCHL5;USP21;RNF2;USP18;JOSD2;USP6;MINDY2;OTUB1;BABAM1;VCPIP1;COPS5;USP11;CDK1;USP8;USP9Y;USP13;USP42;USP10;USP46;OTUD7A
ERICH1,GO_Biological_Process_2023,prerank,RNA Splicing (GO:0008380),-0.33119277007162595,-0.9109104659449387,0.6685082872928176,1.0,1.0,44/98,24.79%,NOL3;SNRNP25;TRA2B;KHSRP;ZCRB1;CCAR2;WDR83;SNRPF;SRPK2;PRPF4B;NCBP1;MAGOH;TCERG1;NRDE2;NOVA1;WBP4;MPHOSPH10;SRSF10;IVNS1ABP;RRAGC;DHX15;DDX23;RNPS1;HNRNPC;PRPF6;PPP2CA;NCBP2;LSM1;SNRPB;PPIG;DHX8;PPP1R9B;SF3B2;PRPF3;SNRPG;SNRPD2;U2AF1;MBNL1;SRSF7;HNRNPH3;GEMIN2;RNPC3;SNRNP40;PRMT1
ERICH1,GO_Biological_Process_2023,prerank,Regulation Of Tumor Necrosis Factor-Mediated Signaling Pathway (GO:0010803),0.36460291834200775,0.9108326815168803,0.6004140786749482,1.0,1.0,14/48,16.87%,TNFAIP3;IKBKE;IKBKB;SPATA2;RFFL;MIB2;MAPKAPK2;SHARPIN;TBK1;GPS2;CPNE1;CARD8;GAS6;PPP2CB
ERICH1,GO_Biological_Process_2023,prerank,"Synaptic Transmission, Cholinergic (GO:0007271)",0.45741937636500657,0.9108232054316233,0.5662921348314607,1.0,1.0,6/16,12.72%,CHRNE;CHRNA7;COLQ;RIC3;CHRNA10;CHRNB1
ERICH1,GO_Biological_Process_2023,prerank,Insulin Secretion (GO:0030073),0.4338522044303044,0.9106296442254961,0.5908096280087527,1.0,1.0,5/19,10.95%,PARK7;PTPRN;SNX19;ANXA1;RAB11FIP5
ERICH1,GO_Biological_Process_2023,prerank,Pulmonary Valve Morphogenesis (GO:0003184),0.4360330803061793,0.9104825826507352,0.6038135593220338,1.0,1.0,8/18,18.16%,HEY1;NOS3;NOTCH2;ROBO1;BMP4;ROBO2;SMAD2;STRA6
ERICH1,GO_Biological_Process_2023,prerank,Positive Regulation Of Interleukin-1 Beta Production (GO:0032731),0.35620246030807406,0.9102605947436205,0.6175213675213675,1.0,1.0,9/56,8.82%,IL6;STMP1;AZU1;USP50;ORM2;P2RX7;TRIM16;LGALS9;MALT1
ERICH1,GO_Biological_Process_2023,prerank,Response To Type II Interferon (GO:0034341),-0.34622098882944025,-0.91016664772972,0.6594202898550725,1.0,1.0,15/78,14.95%,IL23R;CCL25;XCL1;CAMK2A;IRF8;SHFL;CITED1;AQP4;TRIM21;TDGF1;CALM1;SNCA;CALCOCO2;SLC22A5;SIRPA
ERICH1,GO_Biological_Process_2023,prerank,Regulation Of Telomere Maintenance (GO:0032204),-0.38417118883196283,-0.9100173242975655,0.5955056179775281,1.0,1.0,18/38,22.68%,XRCC5;RAD50;SMC5;USP7;NSMCE1;GNL3;SIRT6;SMG6;MYC;NSMCE4A;TERF1;POT1;ERCC1;ATRX;ERCC4;DHX36;PML;SMG1
ERICH1,GO_Biological_Process_2023,prerank,Regulation Of Fat Cell Differentiation (GO:0045598),-0.34041606018098186,-0.9099968929700303,0.6268115942028986,1.0,1.0,25/75,20.70%,BMP2;PTGR3;RARRES2;LCP1;NOCT;GNB3;TRIB3;ALOX5;CDS1;CEBPB;SIRT1;FTO;ZC3H12A;SIRT6;ZFP36;LRP5;FERMT2;XBP1;WWTR1;ZBTB16;TMEM64;ENPP1;CREB1;E2F1;LMO3
ERICH1,GO_Biological_Process_2023,prerank,Regulation Of Protein Catabolic Process (GO:0042176),0.31789490006328713,0.9099062004358064,0.6624472573839663,1.0,1.0,38/122,19.48%,EEF1A2;TNFAIP3;APC2;TNFSF13B;CSNK2A3;UCHL5;RILP;GSK3B;NELL1;HGS;MAD2L2;SNX12;PSME1;VPS11;PRKACA;TMEM9;DACT1;MSN;PSME3;SF3B3;SIRT2;DCAF1;EZR;MDM4;GPC3;CDK5RAP3;RBX1;RDX;STX5;CENATAC;EEF1A1;PHB1;ATRAID;CSNK2A1;IDE;ZDHHC2;FOXO1;SEC22B
ERICH1,GO_Biological_Process_2023,prerank,Cell Migration Involved In Sprouting Angiogenesis (GO:0002042),0.4478077243160355,0.9098761779748215,0.6075949367088608,1.0,1.0,6/17,16.04%,GREM1;MIA3;NELL1;ROBO1;PIK3R3;KDR
ERICH1,GO_Biological_Process_2023,prerank,Organic Substance Transport (GO:0071702),-0.304808498889944,-0.9095424443509981,0.7364746945898778,1.0,1.0,60/197,20.81%,SLC22A16;RD3;TRPV6;AQP5;CHRNB2;SLC22A9;AQP3;SLC22A7;ATP2B2;ARRDC4;AVP;CBLIF;NMUR1;SLC18A2;CAMK2A;SLC22A4;SLC47A1;HIKESHI;TOM1;AQP4;RAMP1;RYR1;CACNB3;ARRDC2;TRPV4;SCAMP1;ABCA2;SLC22A18;LRP2;CDH23;HSP90B1;SNX4;APOL2;GM2A;SLC22A5;RCAN3;SCAMP4;TRPC1;SLC29A2;SLC6A3;SLCO1A2;CHRNA4;SLCO2A1;PICK1;TRPC5;PLTP;RUFY1;NME4;CHMP3;PSEN1;AQP11;NRG1;CHMP1A;SLCO1B1;RYR2;SCAMP5;VAMP2;ABCB6;CALCRL;SLC3A2
ERICH1,GO_Biological_Process_2023,prerank,Monocyte Chemotaxis (GO:0002548),0.3776296971058409,0.9092379636175983,0.5877712031558185,1.0,1.0,4/40,4.82%,IL6;CCL5;IL6R;PDGFB
ERICH1,GO_Biological_Process_2023,prerank,Positive Regulation Of Wound Healing (GO:0090303),0.37466186948346936,0.9091233491462576,0.6280487804878049,1.0,1.0,14/39,18.66%,DUOX1;EMILIN1;ANXA1;EMILIN2;ENPP4;SERPINE1;CLDN4;PRKCE;HPSE;ITGB1;F12;FERMT1;THBS1;ARFGEF1
ERICH1,GO_Biological_Process_2023,prerank,Triglyceride Metabolic Process (GO:0006641),-0.3760975020633939,-0.9085274701928185,0.6042471042471043,1.0,1.0,11/45,18.97%,GPAM;LCP1;APOH;LPGAT1;PNPLA2;SEL1L;SIRT1;GCK;MOGAT1;DGAT2;APOC1
ERICH1,GO_Biological_Process_2023,prerank,Gliogenesis (GO:0042063),0.41126159906704096,0.9084908836169195,0.5725971370143149,1.0,1.0,8/24,14.88%,AZU1;ANXA1;NCAN;RELN;METRN;CDH2;HAPLN4;CD9
ERICH1,GO_Biological_Process_2023,prerank,Inflammatory Response (GO:0006954),0.2994770824834465,0.9083423825482765,0.71875,1.0,1.0,32/232,8.96%,PTGER3;CRH;PF4;HPR;IL6;HRH4;TBXA2R;CXCR4;ADORA1;CCR3;AZU1;PTGER1;IKBKB;CCL5;AGTR1;NOD1;NRROS;SLC11A1;ANXA1;SPAM1;HYAL1;NFKB1;REL;ITCH;PROK2;CXCL3;CIITA;LGALS9;PLA2G4B;IL17D;ADCY8;TLR2
ERICH1,GO_Biological_Process_2023,prerank,Determination Of Left/Right Symmetry (GO:0007368),-0.36683960088240813,-0.9077782127340633,0.6003787878787878,1.0,1.0,9/44,9.98%,CFC1;ENKUR;CCDC103;CER1;NOTCH1;STIL;MKKS;FOXJ1;DNAI2
ERICH1,GO_Biological_Process_2023,prerank,Type I Interferon-Mediated Signaling Pathway (GO:0060337),0.40069376374490845,0.9076601200149836,0.5958762886597938,1.0,1.0,10/29,19.88%,IKBKE;IFI27;IFITM2;TYK2;TBKBP1;IRAK1;TBK1;TANK;IFITM1;IFNK
ERICH1,GO_Biological_Process_2023,prerank,Regulation Of Blood Vessel Endothelial Cell Migration (GO:0043535),0.3574048718646316,0.9076576823589212,0.6204545454545455,1.0,1.0,20/53,21.65%,NOS3;PDGFB;PRCP;EPHA2;MECP2;PLCG1;ANGPT2;VASH1;KDR;ATP2B4;TGFB1;PPARG;ETS1;NF1;PDPK1;THBS1;MAP2K3;AKT3;AKT1;JUP
ERICH1,GO_Biological_Process_2023,prerank,Positive Regulation Of Myeloid Cell Differentiation (GO:0045639),-0.382771988542657,-0.9076322299984422,0.5980392156862745,1.0,1.0,12/36,21.19%,THPO;RAB7B;HSPA1B;FES;BRD1;HMGB2;INHBA;ACVR1B;MED1;FAM210B;FAXDC2;MAPK14
ERICH1,GO_Biological_Process_2023,prerank,Glutamine Family Amino Acid Metabolic Process (GO:0009064),0.396682661516983,0.9074366733570552,0.596529284164859,1.0,1.0,8/31,13.61%,GLUD2;GLYATL1B;ALDH5A1;ART4;PRODH;ADSL;DDAH2;MTHFS
ERICH1,GO_Biological_Process_2023,prerank,Negative Regulation Of NF-kappaB Transcription Factor Activity (GO:0032088),-0.3343632078557427,-0.9071243239797927,0.6752767527675276,1.0,1.0,20/81,16.38%,HAVCR2;NWD1;CDKN2A;FOXP3;NLRP2;LRRK2;USP7;LRRC14;CHP1;CHUK;OTULIN;FOXJ1;TRIM21;DDIT3;DAB2IP;SIRT1;ZC3H12A;NLRP12;COMMD1;KLF4
ERICH1,GO_Biological_Process_2023,prerank,Negative Regulation Of Nucleic Acid-Templated Transcription (GO:1903507),-0.2828363458080278,-0.9066855223396263,0.8347676419965576,1.0,1.0,137/455,22.18%,HAND1;PASD1;SOX7;PAX2;BMP2;TMPRSS6;WNT4;CALCA;PA2G4;TBX3;XRCC5;IKZF1;ZEB1;SBNO2;XCL1;PRDM11;GATA3;BTRC;CDKN2A;ARID5A;HES1;FOXP3;IFI16;HDAC10;NOTCH1;TRIB3;MLX;ZP3;ZBED6;HHEX;BTAF1;XRCC6;CHD4;ZNF219;ELF3;MAGEL2;KDM1A;CITED1;TNFSF4;KDM4A;THAP7;CEBPA;DMAP1;CCAR2;DKK3;ZBTB21;ZNF253;LEF1;ERN2;CDK5;LHX1;IKZF4;RUNX2;HEYL;ZNF318;DDIT3;ZBTB18;ILF3;VGLL4;DAB2IP;SNW1;SIRT1;DEPDC1;DAXX;NR1D2;SAP18;LBH;MYB;MBD3;SMARCA2;NFIL3;CRY1;ZNF639;HINFP;NCOR1;HMGB2;ENO1;WWP2;DEDD2;BCLAF1;CIART;L3MBTL1;TWIST2;MTA1;HSPA8;TAF7;CTBP2;SOX13;ATP8B1;KLF4;MECOM;MBD2;SPACDR;NKRF;LIMD1;DNMT3A;HMGA1;RARA;ZFPM2;CITED2;ZNF746;ZBTB16;TRIM33;PHF12;TLE5;NRG1;EIF4A2;INPP5K;MTA2;LOXL3;ZNF653;ZNF425;SMARCE1;SUMO4;ZNF658;CTBP1;RBPJ;ZHX1;ZBTB14;CDK5R1;KAT6A;NDUFA13;E2F1;SNX6;CHD8;SETDB2;BCL7A;HDAC2;PIAS4;CREB3L1;GATAD2B;SOX8;RB1;TRERF1;ZNF777;PML;QARS1
ERICH1,GO_Biological_Process_2023,prerank,Amyloid Precursor Protein Metabolic Process (GO:0042982),-0.4506746415394123,-0.9066544311409607,0.5861386138613861,1.0,1.0,10/17,25.51%,KLK6;PSENEN;ACHE;PSEN1;ADAM10;APH1A;NSG1;NCSTN;CLN3;APOE
ERICH1,GO_Biological_Process_2023,prerank,Regulation Of Cytokine Production (GO:0001817),-0.3115472902027701,-0.9064844652587839,0.6798561151079137,1.0,1.0,38/165,16.26%,BTN1A1;BTN3A1;NFAM1;LRRC19;SRGN;TXK;BTN2A3P;CLEC6A;GATA3;FOXP3;IFI16;BTNL2;ICOSLG;CD276;ALOX5;ZBTB25;IRF8;ATP2B1;PTGER4;SFTPD;RNF26;TRIM21;ZBTB32;RPS6KA4;HTR2B;TRIM56;TNFRSF1B;AGPAT2;PLA2R1;AGT;S100A13;SOD1;SYT11;NLRP12;SIRPA;PLD3;N4BP1;MAST2
ERICH1,GO_Biological_Process_2023,prerank,Positive Regulation Of Viral Genome Replication (GO:0045070),0.4019038492343871,0.9061850778697879,0.599601593625498,1.0,1.0,8/29,15.73%,FKBP6;CCL5;DDX3X;HACD3;IFIT1;CNOT7;PPIE;ADARB1
ERICH1,GO_Biological_Process_2023,prerank,Positive Regulation Of T Cell Cytokine Production (GO:0002726),0.42752503724459323,0.9060949495975882,0.5844748858447488,1.0,1.0,4/21,8.82%,IL6;RSAD2;IL18R1;MALT1
ERICH1,GO_Biological_Process_2023,prerank,N-terminal Protein Amino Acid Acetylation (GO:0006474),-0.457333909588848,-0.9060825138804673,0.5996168582375478,1.0,1.0,8/15,25.59%,KAT2B;LSM8;NAA50;EP300;NAA80;NAA16;NAA10;NAA15
ERICH1,GO_Biological_Process_2023,prerank,Positive Regulation Of NLRP3 Inflammasome Complex Assembly (GO:1900227),0.441521139980528,0.9060802343592315,0.5934959349593496,1.0,1.0,5/18,14.54%,STMP1;USP50;PLCG2;DDX3X;CD36
ERICH1,GO_Biological_Process_2023,prerank,Positive Regulation Of ERK1 And ERK2 Cascade (GO:0070374),-0.30419473070536723,-0.9058187138358719,0.7304015296367112,1.0,1.0,26/176,11.95%,FGF21;BMP2;OPRM1;THPO;ALOX15;CCL25;P2RY6;GLIPR2;SEMA7A;XCL1;ADRA1D;PLA2G2A;NPNT;FGFR3;NOTCH1;NTRK1;FLT4;NTRK2;TNFAIP8L3;AGER;CIB1;APP;ROR2;TNFRSF11A;HTR2B;GAREM1
ERICH1,GO_Biological_Process_2023,prerank,Regulation Of Angiogenesis (GO:0045765),0.29825693891058924,0.9055275174505392,0.7434679334916865,1.0,1.0,56/205,18.86%,PF4;TNFAIP3;CD160;IL6;CCR3;TWIST1;NOS3;RHOB;EMILIN1;HYAL1;APELA;EPHA2;HGS;EMILIN2;CHRNA7;NPR1;ADGRB1;CTSH;VEGFC;RHOJ;SASH1;MECP2;AGO2;SERPINE1;GLUL;SEMA6A;AMOT;EPHA1;RAMP2;PLCG1;HIPK2;SPINK5;SULF1;VASH1;TSPAN12;HK2;PIK3CD;SEMA3E;PDCL3;ADGRA2;KDR;PPP1R16B;ITGB1;SARS1;ATF2;ATP2B4;RNH1;PPARG;PGK1;ETS1;EMC10;NF1;PDPK1;THBS1;GAB1;NIBAN2
ERICH1,GO_Biological_Process_2023,prerank,Negative Regulation Of I-kappaB kinase/NF-kappaB Signaling (GO:0043124),-0.37445108361859003,-0.9052914744341232,0.6332046332046332,1.0,1.0,11/42,14.85%,LILRB4;NR1H4;ESR1;TRIM39;NLRX1;DAB2IP;SIRT1;ZC3H12A;TRIM59;PPM1A;NLRP12
ERICH1,GO_Biological_Process_2023,prerank,Phosphatidylcholine Metabolic Process (GO:0046470),0.3518388247738839,0.9052351408395802,0.6223175965665236,1.0,1.0,21/55,22.73%,PLB1;LCAT;PLA2G3;PNPLA8;PLA2G10;CHKA;PNLIPRP2;SLC27A1;MUC1;PLA2G15;ABHD4;SLC44A2;PLA2G4A;NR1H3;SLC44A3;TSPO;MBOAT2;PLAAT3;SLC44A5;CHPT1;GPAT4
ERICH1,GO_Biological_Process_2023,prerank,Antigen Receptor-Mediated Signaling Pathway (GO:0050851),-0.3210848731630951,-0.9051056755916438,0.6615087040618955,1.0,1.0,32/122,18.47%,SLA2;BTN1A1;BTN3A1;NFAM1;TXK;BTN2A3P;GATA3;CD247;LIME1;PRAM1;BTNL2;ICOSLG;CD276;MEF2C;GNAO1;EIF2B3;LCP2;BTK;NFATC2;BCL10;PRKCB;ZC3H12A;DENND1B;UBE2N;TNFRSF21;WNK1;RNF31;SYK;ORC3;RIPK2;INPP5D;FYB2
ERICH1,GO_Biological_Process_2023,prerank,Carboxylic Acid Transport (GO:0046942),0.35606631211793227,0.9049198966783805,0.6274509803921569,1.0,1.0,16/53,18.44%,SLC7A10;SLC3A1;SLC16A11;SLC7A14;SLC43A2;SLC25A29;SLC16A6;PSAP;SLC43A1;SLC17A5;ABCC1;SLC16A3;SLC6A6;SLC36A1;SLC16A13;SLC16A4
ERICH1,GO_Biological_Process_2023,prerank,Protein Autoubiquitination (GO:0051865),0.33873309096991333,0.904745503121434,0.6290672451193059,1.0,1.0,32/70,24.18%,RNF183;TRIM68;DTX3L;ITCH;RNF187;RNF208;DDB2;RNF213;NFX1;TRIM37;UBE3A;RNF8;BFAR;RNF181;RNF115;RAD18;OBI1;RNF185;BRCA2;UBE2D3;TRIM71;UBE3D;BRCA1;RNF19B;RNF220;TRAF2;CUL3;SH3RF2;TRIM11;SH3RF3;MDM2;CNOT4
ERICH1,GO_Biological_Process_2023,prerank,rRNA Methylation (GO:0031167),-0.4286576004639098,-0.9041697009433531,0.5836653386454184,1.0,1.0,9/21,20.13%,EMG1;NSUN5;MRM3;FBLL1;NSUN5P2;FTSJ3;NSUN3;NOP2;METTL5
ERICH1,GO_Biological_Process_2023,prerank,Artery Morphogenesis (GO:0048844),-0.39911127301350974,-0.9038907913484592,0.5984405458089669,1.0,1.0,7/30,13.10%,HES1;NOTCH1;LRP2;JAG1;BMPR2;LRP1;TGFBR2
ERICH1,GO_Biological_Process_2023,prerank,Dicarboxylic Acid Catabolic Process (GO:0043649),0.4411347238198398,0.9031645074320029,0.5872340425531914,1.0,1.0,5/16,15.57%,GLUD2;PM20D2;GLUL;MTHFS;ACSF3
ERICH1,GO_Biological_Process_2023,prerank,Positive Regulation Of Cell-Matrix Adhesion (GO:0001954),0.3681785125336249,0.9031363186751865,0.5964523281596452,1.0,1.0,13/43,18.62%,CD3E;EFEMP2;CSF1;GSK3B;NELL1;TSC1;EPHA1;UTRN;CD36;COL16A1;KDR;SKAP1;PPM1F
ERICH1,GO_Biological_Process_2023,prerank,Detection Of Visible Light (GO:0009584),0.44581421568598123,0.9030981512154607,0.5601750547045952,1.0,1.0,5/17,11.91%,GNAT1;GRM6;REEP6;TULP1;EYS
ERICH1,GO_Biological_Process_2023,prerank,Negative Regulation Of Intracellular Protein Transport (GO:0090317),-0.4089008074929456,-0.9029559281411539,0.570873786407767,1.0,1.0,10/24,21.35%,SIAH3;LRRK2;CHP1;S100G;SIRT6;BARD1;LMAN1;INPP5K;GDI1;RAB23
ERICH1,GO_Biological_Process_2023,prerank,Spliceosomal snRNP Assembly (GO:0000387),-0.38402244413755116,-0.9029463124177055,0.6304347826086957,1.0,1.0,18/37,24.36%,DDX20;PRPF31;SART1;SNRPF;CD2BP2;SRSF10;HNRNPC;PRMT5;PRPF6;CLNS1A;SNRPB;PRPF3;SNRPG;SNRPD2;GEMIN4;SART3;GEMIN2;WDR77
ERICH1,GO_Biological_Process_2023,prerank,Regulation Of Cell Development (GO:0060284),0.3590156242151152,0.9025655317121697,0.611353711790393,1.0,1.0,18/51,22.41%,BHLHE40;HEY1;GFI1B;HES2;HES3;HLTF;HES6;PRUNE1;HDAC9;YAP1;YTHDF2;CLOCK;CTNNB1;DOCK7;AKT1;S100A10;BRPF1;PER2
ERICH1,GO_Biological_Process_2023,prerank,Vesicle Budding From Membrane (GO:0006900),-0.3983190791617176,-0.9019652879448639,0.5831739961759083,1.0,1.0,16/31,22.87%,VAPA;CHMP4A;SEC13;CHMP4C;TRAPPC2B;CHMP5;GOLPH3;TRAPPC6B;MYO18A;TRAPPC3;TRAPPC2L;TRAPPC13;VPS4A;SNX3;CHMP6;TRAPPC2
ERICH1,GO_Biological_Process_2023,prerank,Intermediate Filament Organization (GO:0045109),-0.34510333741326654,-0.9019135333761347,0.6545454545454545,1.0,1.0,2/67,2.20%,KRT80;KRT15
ERICH1,GO_Biological_Process_2023,prerank,Skeletal Muscle Contraction (GO:0003009),0.4333593358424991,0.9016224487379841,0.5838779956427015,1.0,1.0,5/19,15.53%,TNNC1;MYH7B;RCSD1;TNNC2;MYH3
ERICH1,GO_Biological_Process_2023,prerank,Regulation Of Osteoblast Proliferation (GO:0033688),0.44941213764629734,0.9014638126070422,0.609504132231405,1.0,1.0,6/16,15.92%,GREM1;TNN;NELL1;FGFR2;CCNA2;HPSE
ERICH1,GO_Biological_Process_2023,prerank,Regulation Of Protein Processing (GO:0070613),0.39991614536612197,0.9013388678223309,0.5921908893709328,1.0,1.0,4/25,9.20%,NKD2;PRNP;NLRP7;SNX12
ERICH1,GO_Biological_Process_2023,prerank,Ceramide Biosynthetic Process (GO:0046513),-0.370973234697417,-0.901285620551047,0.6131386861313869,1.0,1.0,8/41,13.04%,B4GALNT1;GBA1;B3GALT4;ST8SIA4;SMPD1;B4GALT4;CERS3;SMPD4
ERICH1,GO_Biological_Process_2023,prerank,Neuromuscular Junction Development (GO:0007528),-0.41596238460318785,-0.9009931822565272,0.602020202020202,1.0,1.0,8/24,19.54%,DOK7;LRRK2;CACNB3;GPHN;CACNB2;PPFIBP1;PDZRN3;CACNB1
ERICH1,GO_Biological_Process_2023,prerank,Regulation Of Chemotaxis (GO:0050920),0.39684319783461325,0.9009814035550611,0.6063618290258449,1.0,1.0,12/28,21.91%,CXCR4;PDGFB;DUSP3;PDGFRA;GPR183;CYRIB;CCL26;TGFB1;PPM1F;THBS1;AIF1;PDGFRB
ERICH1,GO_Biological_Process_2023,prerank,Adenine Nucleotide Transport (GO:0051503),-0.42863699960069634,-0.9009097581472045,0.611969111969112,1.0,1.0,9/20,26.25%,SLC25A24;SLC17A9;SLC25A5;ABCC6;SLC19A1;LRRC8A;LRRC8D;SLC35B3;SLC25A25
ERICH1,GO_Biological_Process_2023,prerank,Regulation Of Transcription By RNA Polymerase I (GO:0006356),-0.39315481432054494,-0.900877281473153,0.6058823529411764,1.0,1.0,11/31,21.03%,RASL11A;WDR75;BAZ1B;SMARCA5;UTP15;DDX21;POLR2K;DHX33;UBTF;BEND3;SIRT7
ERICH1,GO_Biological_Process_2023,prerank,T Cell Activation Involved In Immune Response (GO:0002286),-0.44056936207491887,-0.9007935660583202,0.6187739463601533,1.0,1.0,2/19,5.72%,ITGAL;LCP1
ERICH1,GO_Biological_Process_2023,prerank,Positive Regulation Of Telomere Maintenance Via Telomerase (GO:0032212),-0.38941285333581643,-0.9005764093845205,0.6420664206642066,1.0,1.0,11/32,19.07%,XRCC5;CCT5;TNKS2;PARN;HNRNPA1;ATM;MAPKAPK5;POT1;PRKCQ;CCT6A;MAP2K7
ERICH1,GO_Biological_Process_2023,prerank,Regulation Of T Cell Migration (GO:2000404),0.4126575325045162,0.9004812320389525,0.6038135593220338,1.0,1.0,6/23,15.75%,CCL5;CCR6;SPN;DOCK8;CD200R1;CD200
ERICH1,GO_Biological_Process_2023,prerank,Positive Regulation Of Protein Modification Process (GO:0031401),-0.2995667691899811,-0.9004667071710704,0.7509433962264151,1.0,1.0,61/225,20.16%,FGF21;BMP2;FGF9;THPO;GBA1;CARD14;CCND1;FGF16;FGF20;ALG10B;RARRES2;SMPD1;NTRK1;FLT4;NTRK2;F2;AMBRA1;PTK2;LRRK2;PGF;AGER;BRAT1;CIB1;WNT3A;FAM20A;APP;CALM3;PELI2;CHP1;MYDGF;DAB2;RAMP1;VEGFB;PIN1;SMARCA5;GOLGA2;CALM1;SIRT1;FXR1;PRKCD;DAXX;EFNA5;ROCK2;INSR;PROM2;ERP29;DVL3;CNEP1R1;FGF4;FGF18;CSNK1D;LEPR;CD74;HSP90AA1;FGF8;CAMTA1;P2RY1;FAXDC2;RALBP1;FGF1;ATG10
ERICH1,GO_Biological_Process_2023,prerank,Glycerophospholipid Catabolic Process (GO:0046475),0.3964772103802838,0.9003468717973648,0.6138392857142857,1.0,1.0,8/27,12.33%,PNPLA8;PLA2G10;PNLIPRP2;PNPLA6;PLA2G4B;PRDX6;OCRL;PLA2G15
ERICH1,GO_Biological_Process_2023,prerank,Superoxide Metabolic Process (GO:0006801),0.3843409558427625,0.9001379520762666,0.614406779661017,1.0,1.0,6/33,9.61%,NOXA1;DUOX1;NOS3;NRROS;NOX3;NCF2
ERICH1,GO_Biological_Process_2023,prerank,Tumor Necrosis Factor-Mediated Signaling Pathway (GO:0033209),-0.3795261094708794,-0.900066319436671,0.6269230769230769,1.0,1.0,12/38,15.84%,JAK2;TRADD;CARD14;EIF5A;CHUK;TNFRSF11A;TNFRSF1B;RRAGA;BIRC2;TRAF4;PTK2B;TNFSF11
ERICH1,GO_Biological_Process_2023,prerank,Regulation Of Protein Localization To Nucleus (GO:1900180),0.3562843396850398,0.8999900033823447,0.6201716738197425,1.0,1.0,24/52,18.43%,PARK7;DTX3L;CARD10;GSK3B;PPP3CB;SUMO3;PARP9;TPR;BMP4;GLUL;TYK2;NGFR;LATS1;CDK1;YAP1;ORMDL3;LIMK2;CDK5RAP3;TGFB1;PLK1;OTUD7B;MFHAS1;EIF2AK3;TCF7L2
ERICH1,GO_Biological_Process_2023,prerank,Positive Regulation Of Endothelial Cell Proliferation (GO:0001938),-0.3362135668908987,-0.8998764286702277,0.6968576709796673,1.0,1.0,19/77,17.83%,BMP2;FLT4;LRG1;ANG;PGF;MYDGF;VEGFB;NRARP;HTR2B;PDCD6;BMPR2;EGF;SIRT1;SIRT6;HMGB2;HMOX1;VASH2;JCAD;ZNF580
ERICH1,GO_Biological_Process_2023,prerank,Transforming Growth Factor Beta Receptor Signaling Pathway (GO:0007179),0.33763699668403346,0.8993138860506408,0.653276955602537,1.0,1.0,26/72,21.82%,LRRC32;LTBP2;NRROS;EID2;JUN;SMAD3;ZFYVE9;HPGD;TWSG1;PTPRK;FOS;USP9Y;WFIKKN1;BAMBI;PXN;SMAD2;ITGB1;TGFB1;SMAD7;GDF15;ITGB5;GPI;ID1;SMAD4;FMOD;TGFBRAP1
ERICH1,GO_Biological_Process_2023,prerank,Sterol Homeostasis (GO:0055092),0.33972528020236986,0.8990273479640862,0.6772823779193206,1.0,1.0,25/73,21.60%,DISP3;LCAT;PLA2G10;NR1D1;MALL;ACSM1;RALY;TMEM97;LDLRAP1;ABCG4;LAMTOR1;HDAC9;TTC39B;EPHX2;ABCD1;SOAT1;FGFR4;NR1H3;INSIG1;FABP3;CAV1;EHD1;ABCG1;CAV3;NPC2
ERICH1,GO_Biological_Process_2023,prerank,Regulation Of MAP Kinase Activity (GO:0043405),-0.3178054528179135,-0.898634764484534,0.6931818181818182,1.0,1.0,32/114,20.48%,BMP2;GBA1;FGF16;DRD4;FLT3;LIME1;SMPD1;TRIB3;DUSP19;LRRK2;MEF2C;PIK3R5;KIT;TDGF1;HTR2B;SPRY3;DAB2IP;EGF;PRKCD;AGT;DUSP1;INSR;ERP29;TNFSF11;FGF18;INPP5K;SH2B3;IRAK3;FGF1;FLT1;CD24;UCHL1
ERICH1,GO_Biological_Process_2023,prerank,Regulation Of Epithelial Cell Proliferation (GO:0050678),-0.32861565315797475,-0.8985012335280093,0.698961937716263,1.0,1.0,30/91,24.01%,PAX2;CDKN2B;TIE1;FGF9;FGF16;MARVELD3;BMP6;ZNF304;DUSP10;DAB2IP;UHRF1;GPX1;MYC;TGFBR3;ZFP36;RAB33B;SOX2;FGF18;AQP11;TGFB2;OXSR1;GDF5;MCC;FUT2;LAMC1;CDKN1C;VEGFA;SCN5A;SCAND3;TGFA
ERICH1,GO_Biological_Process_2023,prerank,Regulation Of Cell Growth (GO:0001558),0.2933006643575703,0.8983187658757439,0.7657266811279827,1.0,1.0,64/227,20.77%,FBP1;LGI1;CYP27B1;LTBP4;AGTR1;FHL1;CSNK2A3;SERTAD3;PAPPA2;HYAL1;TMEM97;SDCBP;ITCH;SIPA1;HDGFL2;RNF2;RPTOR;RPS6KA1;BCAR1;MAD2L2;BCL6;NPR1;DNAJB2;PTCH2;TSPYL2;TNC;MAPKAP1;PABIR1;FAM107A;TAOK2;SPHK2;PSRC1;PAK6;MLST8;SMARCA4;SMAD3;DDX3X;FRZB;CGRRF1;HYAL2;LAMTOR2;CAPRIN2;LAMTOR1;YAP1;ST7L;BCL2;JADE1;CDK11A;ST20;OGFR;TGFB1;EXOSC4;SPOCK1;TCHP;PHB1;CSNK2A1;RICTOR;SH3BP4;BLTP1;ERBB2;TP53;BRCA1;BST2;SMAD4
ERICH1,GO_Biological_Process_2023,prerank,Intracellular Calcium Ion Homeostasis (GO:0006874),-0.31010112247723465,-0.8982697700333167,0.7173076923076923,1.0,1.0,25/138,12.39%,CTRC;CALCA;PLN;DRD4;ATP2B2;TRPM2;F2;SLC24A5;ATP13A4;HCRTR1;ATP2B1;STC2;DRD3;EDNRA;BAK1;RYR1;SLC24A3;TRPV4;SLC24A4;TRPC6;HTR2B;TRDN;RGN;CDH23;KCTD17
ERICH1,GO_Biological_Process_2023,prerank,Histone H4-K5 Acetylation (GO:0043981),0.4550233465239928,0.89768836448418,0.5485148514851486,1.0,1.0,3/15,15.14%,PHF20;WDR5;JADE1
ERICH1,GO_Biological_Process_2023,prerank,Histone H4-K8 Acetylation (GO:0043982),0.4550233465239928,0.89768836448418,0.5485148514851486,1.0,1.0,3/15,15.14%,PHF20;WDR5;JADE1
ERICH1,GO_Biological_Process_2023,prerank,Reticulophagy (GO:0061709),0.45277489308942104,0.8974215710187113,0.602510460251046,1.0,1.0,5/16,12.35%,SNX33;SNX7;TEX264;UBA5;UFC1
ERICH1,GO_Biological_Process_2023,prerank,Negative Regulation Of Axon Extension Involved In Axon Guidance (GO:0048843),0.42994371976705664,0.8973333949978712,0.6107784431137725,1.0,1.0,9/19,19.77%,SEMA3F;SEMA4D;SEMA5B;SEMA6A;SEMA3G;SEMA3E;SEMA3B;SEMA3C;SEMA6B
ERICH1,GO_Biological_Process_2023,prerank,Negative Regulation Of Protein Kinase B Signaling (GO:0051898),-0.39055797166643436,-0.8972703310675458,0.6285178236397748,1.0,1.0,16/35,21.27%,HLA-G;CIB1;MUL1;PTEN;DRD3;DDIT3;PDCD6;SIRT1;DAG1;OTUD3;INPP5K;PPP2CA;SH2B3;ARRB2;PHLDA3;RACK1
ERICH1,GO_Biological_Process_2023,prerank,Carbohydrate Derivative Biosynthetic Process (GO:1901137),0.39785260834989056,0.8970947527700234,0.6063157894736843,1.0,1.0,8/29,13.36%,DDR2;RRM1;ST8SIA6;TPI1;GBGT1;ALG8;GALK2;TNIP1
ERICH1,GO_Biological_Process_2023,prerank,Ear Morphogenesis (GO:0042471),0.4096170513845415,0.897050212576293,0.6132596685082873,1.0,1.0,4/23,11.50%,GSC;TWIST1;FGFR2;SOBP
ERICH1,GO_Biological_Process_2023,prerank,Cell Surface Toll-Like Receptor Signaling Pathway (GO:0140895),-0.45357276560424664,-0.8969221194126805,0.5703422053231939,1.0,1.0,7/16,17.65%,LY96;NR1H4;MYD88;MYO1C;SCIMP;PIK3AP1;RIPK2
ERICH1,GO_Biological_Process_2023,prerank,"Retrograde Transport, Endosome To Golgi (GO:0042147)",-0.3254814336529771,-0.8968468738897805,0.6984126984126984,1.0,1.0,29/92,20.60%,TBC1D10C;RAB9B;RAB7B;TRIM27;BET1L;MAGEL2;RAB43;HEATR5A;PLEKHJ1;RIC1;WASH6P;ARL1;SNX8;VPS26B;SLC66A2;SURF4;RNF126;PHETA1;LMAN1;RAB6A;YKT6;GCC2;WASHC1;TBC1D14;WIPF3;VPS52;VPS29;SPAG9;SNX6
ERICH1,GO_Biological_Process_2023,prerank,Positive Regulation Of Signal Transduction (GO:0009967),0.2887734211782333,0.896699447963073,0.7874720357941835,1.0,1.0,84/266,20.13%,KLF2;ATP6V0C;NKX3-1;TNFAIP3;IL6;CYP27B1;NOTCH2NLB;NECAB2;NOS3;LIMS2;DCDC2;ZDHHC5;IGF1;NLGN1;UCHL5;KLK5;C3;ERFE;NELL1;CHRNA7;CDH3;TRIM16;FGFR2;TLR2;PRKCI;CAV2;SNX5;NOTCH2NLC;FAS;CTSH;ITGA5;PHIP;ASXL2;SORBS1;LAMB2;DLG5;ROBO1;SASH1;RELN;IRS1;DSTYK;SHANK3;KLK14;FGFBP3;CDC73;TMEM108;LGR6;SMARCA4;DACT1;C1QTNF12;TRIM44;CTSL;YAP1;SULF1;CRLF2;GPER1;UBE2V1;SALL1;ATP6V1C2;AGPAT1;GPS2;POGLUT1;GKAP1;NPTN;BDNF;NRXN1;GAS6;SMARCB1;LAMA2;GLI1;TGFB1;RXRB;DISC1;DLG4;TPD52L1;PHB1;ERN1;CSNK2A1;LAMB1;TRAF7;IL7;NEPRO;TUBD1;PTPN11
ERICH1,GO_Biological_Process_2023,prerank,Regulation Of Exosomal Secretion (GO:1903541),0.4303376642089506,0.8965965001630473,0.6304801670146137,1.0,1.0,6/18,18.11%,SDCBP;HGS;STAM;ATP9A;VPS4B;PDCD6IP
ERICH1,GO_Biological_Process_2023,prerank,Positive Regulation Of Vasculature Development (GO:1904018),0.3186755254832075,0.8965801300467345,0.715261958997722,1.0,1.0,28/104,18.70%,CCR3;TWIST1;NOS3;RHOB;EMILIN1;HYAL1;APELA;EMILIN2;CHRNA7;CTSH;VEGFC;SASH1;AGO2;SERPINE1;EPHA1;RAMP2;PLCG1;HIPK2;HK2;PIK3CD;PDCL3;KDR;ITGB1;ETS1;EMC10;PDPK1;THBS1;GAB1
ERICH1,GO_Biological_Process_2023,prerank,Post-Translational Protein Modification (GO:0043687),0.35861769089653023,0.8965192931551952,0.6535087719298246,1.0,1.0,21/48,20.03%,FN3KRP;PADI4;PARP16;PARP6;PARP9;ESCO1;PARP12;PKN1;FAM20C;CCNA2;COPS5;TNKS;DCAF1;STT3A;RBX1;AURKB;SENP8;PARP1;HLCS;SUMF1;UCHL3
ERICH1,GO_Biological_Process_2023,prerank,Positive Regulation Of T Cell Mediated Immunity (GO:0002711),-0.3716454104933088,-0.8959405918725548,0.6106032906764168,1.0,1.0,7/42,9.45%,RAET1E;IL23R;IL23A;XCL1;HLA-G;ZP3;TNFSF4
ERICH1,GO_Biological_Process_2023,prerank,Cardiac Ventricle Development (GO:0003231),-0.44000904373820027,-0.8958854328015518,0.65,1.0,1.0,5/19,11.72%,GATA3;HES1;NOTCH1;PDE2A;HEYL
ERICH1,GO_Biological_Process_2023,prerank,RNA Transport (GO:0050658),-0.37501475749422386,-0.8957270028733066,0.6178107606679035,1.0,1.0,14/37,22.64%,POM121L2;NOL3;KPNB1;NUP214;HNRNPA1;TGFBR2;ZFP36;SIDT2;NUP62;DDX39A;NUP155;RTRAF;SLBP;FMR1
ERICH1,GO_Biological_Process_2023,prerank,Regulation Of Protein Kinase B Signaling (GO:0051896),-0.3126738123324953,-0.8956338829586901,0.7294332723948812,1.0,1.0,39/135,19.02%,THPO;GATA3;GRM2;HLA-G;NTRK1;NTRK2;PTK2;TNFAIP8L3;CIB1;MUL1;PIK3R5;PTEN;DRD3;MYDGF;RRAS;MAZ;LRP2;SRC;DDIT3;PDCD6;IGF1R;EGF;OSBPL8;SIRT1;FAM110C;RCAN3;INSR;DAG1;FERMT2;TSPYL5;HAX1;RTN4;OTUD3;HCLS1;INPP5K;PPP2CA;SH2B3;ARRB2;HSP90AA1
ERICH1,GO_Biological_Process_2023,prerank,Calcium Ion Homeostasis (GO:0055074),-0.3227688153995924,-0.8956118348620884,0.6840077071290944,1.0,1.0,19/102,13.85%,CTRC;TRPV6;PLN;DRD4;SLC24A5;GRIN1;ATP13A4;STC2;FAM20A;DRD3;EDNRA;SLC24A3;TRPV4;SLC24A4;HTR2B;TRDN;RGN;SNCA;CIB2
ERICH1,GO_Biological_Process_2023,prerank,Positive Regulation Of Release Of Cytochrome C From Mitochondria (GO:0090200),0.40056123723662657,0.8955858053348412,0.6205450733752621,1.0,1.0,12/25,21.31%,TNFSF10;HRK;MMP9;DNM1L;PPIF;GPER1;PDCD5;BMF;BCL2L11;BBC3;TP53;PLAUR
ERICH1,GO_Biological_Process_2023,prerank,Blood Vessel Endothelial Cell Migration (GO:0043534),0.4163053751685444,0.8953901117559107,0.6350210970464135,1.0,1.0,6/22,16.04%,GREM1;MIA3;NELL1;ROBO1;PIK3R3;KDR
ERICH1,GO_Biological_Process_2023,prerank,Protein O-linked Glycosylation (GO:0006493),-0.3289339443056971,-0.8950889897551589,0.6880907372400756,1.0,1.0,33/93,24.69%,B3GNT9;B3GNT3;TET2;B3GALT4;B3GALNT1;DPM3;B3GNTL1;DPM1;GCNT4;GALNT12;POGLUT3;B4GAT1;CHST4;RXYLT1;LARGE2;TET1;TMTC1;FKTN;B3GNT7;TMTC2;GALNT7;B3GNT4;B3GNT2;POMGNT2;GCNT1;GALNT18;B3GALT9;GALNT11;ST6GALNAC4;OGA;SLC35C1;PGM3;B4GALT5
ERICH1,GO_Biological_Process_2023,prerank,Negative Chemotaxis (GO:0050919),-0.3914588071779265,-0.8950159561210387,0.6158301158301158,1.0,1.0,7/31,13.25%,LRTM2;LRTM1;SEMA6C;SEMA7A;SLIT1;RHOA;ITGAV
ERICH1,GO_Biological_Process_2023,prerank,Regulation Of GTPase Activity (GO:0043087),-0.29341976409667025,-0.8948960953902407,0.8038461538461539,1.0,1.0,57/210,20.04%,CCL25;KLRK1;RASGRP4;ALS2CL;EPHA4;XCL1;RAPGEF4;NTRK1;NTRK2;RGS8;PTK2;MAP4K4;ARHGAP9;LRRK2;RAPGEFL1;RGS11;RASA4;RASGEF1A;AGRN;CPEB2;SGSM3;PIN1;RGS16;PREX1;DAB2IP;RIC1;SIPA1L1;SOD1;ECT2;FICD;EFNA5;EPHA5;PLXND1;DOCK9;ARL2;PLXNB1;GPR137B;ARHGAP12;RCC2;LARS1;BCAR3;PROM2;DVL3;WNK1;RAP1GDS1;FERMT2;ALS2;TGM2;SOS2;ARAP1;TBC1D7;RASIP1;PLXNA2;EPHA3;FGD3;RAPGEF1;RALBP1
ERICH1,GO_Biological_Process_2023,prerank,Regulation Of Calcium Ion-Dependent Exocytosis (GO:0017158),-0.3982600201420447,-0.8947799106690888,0.5949367088607594,1.0,1.0,4/28,2.20%,TRPV6;DOC2B;STXBP1;KCNB1
ERICH1,GO_Biological_Process_2023,prerank,Intracellular pH Reduction (GO:0051452),0.3777333392896976,0.8945786170115504,0.6334056399132321,1.0,1.0,13/32,21.89%,ATP6V0C;TCIRG1;SLC11A1;TMEM9;ATP6V1B2;DMXL2;ATP6V1H;CLCN3;ATP6V1F;ATP6AP2;RAB20;ATP6V0B;ATP6V0A1
ERICH1,GO_Biological_Process_2023,prerank,Detection Of Mechanical Stimulus (GO:0050982),-0.4403776552964792,-0.8945272045578562,0.6011560693641619,1.0,1.0,3/18,10.87%,PKD2L1;PTK2;PKD1L3
ERICH1,GO_Biological_Process_2023,prerank,Positive Regulation Of p38MAPK Cascade (GO:1900745),-0.4111069759606815,-0.8945036408568964,0.6067864271457086,1.0,1.0,7/24,16.69%,BMP2;GDF6;GADD45B;RELL2;ZC3H12A;SPHK1;PJA2
ERICH1,GO_Biological_Process_2023,prerank,Regulation Of Oxidative Phosphorylation (GO:0002082),-0.44404936261726025,-0.894243518875525,0.6,1.0,1.0,6/16,26.06%,AK4;COX7A2L;ACTN3;PDE12;SLC25A33;SHMT2
ERICH1,GO_Biological_Process_2023,prerank,Cortical Cytoskeleton Organization (GO:0030865),0.3969361388477947,0.8941097328776134,0.6181818181818182,1.0,1.0,14/27,22.35%,IKBKB;NLGN1;LLGL2;FMNL2;FHOD3;PPP2R3C;FMNL1;FHOD1;EZR;NCKAP1;DLG1;FMNL3;LLGL1;RAC3
ERICH1,GO_Biological_Process_2023,prerank,Negative Regulation Of miRNA Transcription (GO:1902894),-0.42402361290624285,-0.8939424169330279,0.6022514071294559,1.0,1.0,2/20,4.49%,LILRB4;ESR1
ERICH1,GO_Biological_Process_2023,prerank,Positive Regulation Of Endocytosis (GO:0045807),0.3287000947307663,0.8937419106481654,0.6543478260869565,1.0,1.0,19/79,16.76%,AZU1;SLC11A1;FCER1G;NLGN1;C3;LDLRAP1;TULP1;RAB21;TUB;IL15RA;BICD1;HIP1;SERPINE1;IL15;ABCA7;GPC3;GAS6;LMAN2;CALR
ERICH1,GO_Biological_Process_2023,prerank,Regulation Of Mitochondrial Membrane Potential (GO:0051881),-0.3747060374025866,-0.8934814394223457,0.6388888888888888,1.0,1.0,15/39,23.15%,STOX1;LRRK2;BAK1;BCO2;HEBP2;SLC25A36;SOD1;ATP5IF1;MTLN;MAPT;UBB;PPA2;BCL2L1;AKT2;RNF122
ERICH1,GO_Biological_Process_2023,prerank,Antimicrobial Humoral Immune Response Mediated By Antimicrobial Peptide (GO:0061844),-0.346006972416345,-0.8933993025122399,0.6793893129770993,1.0,1.0,8/63,10.08%,CXCL13;GNLY;CXCL2;F2;H2BC11;SEMG1;CXCL5;FAM3A
ERICH1,GO_Biological_Process_2023,prerank,Regulation Of Telomere Capping (GO:1904353),-0.4192111534883854,-0.8933360234681937,0.625,1.0,1.0,8/22,19.07%,TNKS2;RAD50;NABP2;USP7;MAPKAPK5;SMG6;PRKCQ;MAP2K7
ERICH1,GO_Biological_Process_2023,prerank,Homophilic Cell Adhesion Via Plasma Membrane Adhesion Molecules (GO:0007156),0.340419244780166,0.8932811419174241,0.6709401709401709,1.0,1.0,18/60,18.87%,PCDHB6;IGSF11;MYPN;IGSF9;CADM3;ROBO3;ROBO1;HMCN1;CDH2;ROBO2;FAT2;NPTN;CADM2;ITGB1;HMCN2;TENM3;CADM1;DSCAM
ERICH1,GO_Biological_Process_2023,prerank,Regulation Of G0 To G1 Transition (GO:0070316),-0.3856515081518851,-0.8931418077548884,0.6463878326996197,1.0,1.0,15/32,20.97%,CDKN2B;SMARCD2;HLA-G;CHEK1;DPF1;FOXO4;BCL7C;ARID2;DAB2IP;SMARCA2;ACTL6A;DPF3;SMARCE1;PBRM1;BCL7A
ERICH1,GO_Biological_Process_2023,prerank,Dendrite Morphogenesis (GO:0048813),0.38286392449268886,0.8930478207884069,0.6113445378151261,1.0,1.0,13/35,18.14%,DCDC2;MEF2A;CHRNA7;CTNNA2;DOCK10;BTBD3;TAOK2;SHANK3;MAP2;MAP6;MINK1;DIP2A;DLG4
ERICH1,GO_Biological_Process_2023,prerank,Cellular Response To Decreased Oxygen Levels (GO:0036294),-0.3343220376149917,-0.8929356630391418,0.6609848484848485,1.0,1.0,21/73,18.85%,AK4;ANGPT4;P4HB;AQP3;NOTCH1;TIGAR;VHL;KCND2;CPEB2;SIRT1;FAM162A;BNIP3;MYC;MGARP;HMOX1;MTOR;PICK1;UBQLN1;LMNA;EGLN1;EGLN2
ERICH1,GO_Biological_Process_2023,prerank,Negative Regulation Of miRNA Metabolic Process (GO:2000629),-0.421131025084978,-0.8929270066893479,0.5965909090909091,1.0,1.0,6/21,18.01%,LILRB4;ESR1;SRF;NCOR1;RARA;TENT2
ERICH1,GO_Biological_Process_2023,prerank,rRNA Metabolic Process (GO:0016072),-0.32927759219268116,-0.8920543122497054,0.6962264150943396,1.0,1.0,42/91,25.78%,SLFN14;DIS3;NOL8;PIH1D1;XRN2;SPPL2B;RRP36;RRP9;EMG1;ERN2;UTP15;POLR1G;DDX49;EXOSC3;NOB1;DCAF13;GTF3C1;DEDD2;ESF1;EXOSC7;RPL7;NIFK;EXOSC10;SLFN12;NOL6;MAPT;EXOSC9;DKC1;SIRT7;RRP7A;BYSL;NOP58;EXOSC2;RPS19;DDX27;RRP12;XRN1;RPL35A;NOP53;CAVIN1;RPS27;RRP7BP
ERICH1,GO_Biological_Process_2023,prerank,Negative Regulation Of Lymphocyte Activation (GO:0051250),-0.41486047469538234,-0.8919831141914185,0.6232741617357002,1.0,1.0,6/23,13.65%,LST1;TIGIT;PAG1;FOXJ1;SAMSN1;JAK3
ERICH1,GO_Biological_Process_2023,prerank,Regulation Of Arp2/3 Complex-Mediated Actin Nucleation (GO:0034315),0.3916395460703616,0.8919476787527,0.6495726495726496,1.0,1.0,12/28,18.89%,CARMIL3;DNAI3;GMFG;BRK1;CTNNA2;GMFB;FCHSD2;WASHC5;RNH1;NCKAP1;CARMIL1;WASH2P
ERICH1,GO_Biological_Process_2023,prerank,Negative Regulation Of Intrinsic Apoptotic Signaling Pathway (GO:2001243),-0.3525212650876637,-0.8916392902347182,0.6715867158671587,1.0,1.0,25/61,24.50%,NOL3;DDIAS;RTKN2;LRRK2;YBX3;CCAR2;SRC;SIRT1;SELENOS;ENO1;XBP1;SOD2;NME5;CXCL12;TXNDC12;BCL2L1;BAG5;NDUFA13;BCL2L2;CREB3L1;ARHGEF2;TMEM161A;PRKN;NDUFS3;HYOU1
ERICH1,GO_Biological_Process_2023,prerank,Vacuolar Transport (GO:0007034),-0.35941423223194874,-0.8913132528770236,0.6691588785046729,1.0,1.0,15/46,19.73%,SPTBN5;VPS37C;HGSNAT;IGF2R;VIPAS39;VPS13C;LRP1;PIK3R4;NPC1;VPS37B;USE1;ARSB;CHMP3;CHMP1A;VPS52
ERICH1,GO_Biological_Process_2023,prerank,Regulation Of Endoplasmic Reticulum Stress-Induced Intrinsic Apoptotic Signaling Pathway (GO:1902235),0.40464358487415114,0.8913063715630598,0.6317991631799164,1.0,1.0,5/24,11.11%,RNF183;PARK7;OPA1;PTPN1;TMBIM6
ERICH1,GO_Biological_Process_2023,prerank,Positive Regulation Of Type II Interferon Production (GO:0032729),-0.3508611476553876,-0.8911350351132069,0.6567460317460317,1.0,1.0,9/58,10.18%,IL23R;JAK2;IL23A;TXK;TRIM27;CD276;ZP3;TNFSF4;MYDGF
ERICH1,GO_Biological_Process_2023,prerank,Positive Regulation Of Cell Motility (GO:2000147),-0.2926749835145812,-0.8908552873015176,0.7854477611940298,1.0,1.0,57/221,21.50%,BMP2;RIPOR1;TCAF2;FERMT3;TRADD;PLET1;DAAM2;EPHA4;VSIR;SEMA6C;SEMA7A;ELP6;CCDC25;NOTCH1;FAM89B;FLT4;PTK2;MAP4K4;RUFY3;MYO1C;ZNF304;CIB1;KIT;SPOCK2;ROR2;DAB2;CARMIL2;LEF1;HSPA5;MAZ;CDC42;TDGF1;ATM;IGF1R;EGF;FAM110C;NUMB;ROCK2;INSR;PTK2B;TWIST2;FERMT2;SPHK1;XBP1;SOD2;CPNE3;CXCL12;WASHC1;STX4;ADAM10;FGF1;FLT1;SPAG9;CEP43;RACK1;CCAR1;APC
ERICH1,GO_Biological_Process_2023,prerank,Growth Hormone Receptor Signaling Pathway (GO:0060396),-0.44753772544022696,-0.8906842887516055,0.6322067594433399,1.0,1.0,6/17,19.49%,JAK2;PTK2;GH2;JAK3;PIK3R1;STAT5A
ERICH1,GO_Biological_Process_2023,prerank,Wound Healing (GO:0042060),0.33296378933515774,0.8906770047219285,0.6687763713080169,1.0,1.0,29/79,22.58%,JAML;MMP12;IGF1;SLC11A1;PRCP;MIA3;EVPL;EPB41L4B;ARL8B;PDGFRA;ERBB3;RAB3A;SMAD3;HPSE;CHMP1B;PPL;SYT7;VPS4B;NF1;CHMP2B;DST;PDGFA;FUT10;ERBB2;CHMP7;RAF1;ANXA6;PLPP3;PPP3CA
ERICH1,GO_Biological_Process_2023,prerank,Positive Regulation Of Lamellipodium Assembly (GO:0010592),-0.40713404868672737,-0.8903056579291397,0.6311787072243346,1.0,1.0,7/23,18.61%,AKIRIN1;CARMIL2;CDC42;ACTR2;FSCN1;PIK3R1;OCLN
ERICH1,GO_Biological_Process_2023,prerank,Negative Regulation Of Cell Death (GO:0060548),-0.34463155209281954,-0.8902353214984644,0.6697416974169742,1.0,1.0,18/64,19.75%,PAX2;GBA1;TIGAR;CHMP4A;HSPA1B;TMEM109;CDK5;TNFRSF1B;PEPD;SNCA;CHMP4C;CHMP5;BNIP3;MECOM;NUP62;CHMP3;CHMP1A;TXNDC12
ERICH1,GO_Biological_Process_2023,prerank,Positive Regulation Of Cell Population Proliferation (GO:0008284),-0.276645925632161,-0.890012111487907,0.9064748201438849,1.0,1.0,131/479,21.13%,AREG;FGF21;PAX2;BMP2;GHRH;SIX2;FGF9;JAK2;THPO;TBX3;GHRHR;EPHA4;FGF16;CNTF;IL11RA;ADRA1D;TIMP1;FGFR3;HES1;FLT3;FGF20;NOTCH1;FLT4;NTRK2;EFNB2;BMP6;PTK2;RTKN2;TSPAN31;CLDN5;RASSF10;ZNF304;ACER3;PGF;MEF2C;CIB1;RHOG;WNT3A;KDM1A;PTEN;DHPS;TNFSF4;CXCL5;EPCAM;CNBP;TNFRSF11A;OSMR;LEF1;CTF1;CDCA7L;MAZ;TDGF1;FOSL1;CR1;DNAJA2;BCL7C;HTR2B;GAREM1;SRPK2;IGF1R;EGF;SIRT1;TGFBR2;DERL2;ITGAV;NAP1L1;AGT;S100A13;CNOT8;S100A6;SMARCA2;GID8;SIRT6;TIPIN;HCK;NDUFS4;MYC;TGFBR3;INSR;SOX4;PTK2B;LRP5;NPM1;HMOX1;PTN;TSPYL5;CDK4;SPHK1;TOX;RARA;ACTL6A;XBP1;ZFPM2;WWTR1;HCLS1;FGF4;FGF18;CDC123;BICRAL;TMEM250;SSR1;AQP11;NRG1;SLC25A5;CD74;RBPMS2;RPRD1B;FGF8;FAM98A;CNOT6L;CNOT6;TGFB2;OXSR1;RBPJ;STX4;ADAM10;NOP2;CRLF1;FGF1;BMPR1A;TBRG4;COPS9;CRKL;E2F1;IRS2;GJA1;AKR1C3;BCL7A;CEP43;ROMO1;HDAC2
ERICH1,GO_Biological_Process_2023,prerank,Glycerophospholipid Metabolic Process (GO:0006650),0.33727476097767595,0.889972384207426,0.6623931623931624,1.0,1.0,19/62,19.57%,IP6K3;LCAT;PLA2G3;PLA2G10;PAFAH1B1;PNPLA6;PLA2G4B;PRDX6;SERINC1;PLCD1;PLA2G15;PLCG1;ABHD12;PIP5K1A;PLA2G4A;PIGV;PIGL;PLCB3;PIGB
ERICH1,GO_Biological_Process_2023,prerank,Chromatin Remodeling (GO:0006338),-0.29237172753413715,-0.8898128453733319,0.8168498168498168,1.0,1.0,99/226,25.34%,ACTR5;ESR1;SMARCD2;FOXP3;IFI16;NPM3;CDK9;CHRAC1;PIH1D1;BRDT;KAT2B;CHEK1;TFPT;CHD4;BAZ1B;KDM1A;KDM4A;NPM2;DPF1;SMARCA5;MORC2;ZNF274;RNF168;BCL7C;ARID2;DDX21;SRPK2;DAXX;PRIMPOL;LIN54;HDGF;MBD3;TET1;SMARCA2;GPX1;WAC;MYC;MTHFR;INO80E;SKP1;NPM1;PSIP1;MTA1;MECOM;CHD7;INO80B;MBD2;HCFC2;DDX23;ACTL6A;ATRX;BICRAL;DPF3;KDM5A;HNRNPC;MTF2;MTA2;TRIP12;SMARCE1;NFAT5;TTI1;TADA2B;PCGF1;ZNF335;CHD8;YY1;SETDB2;PBRM1;BCL7A;SIRT7;HDAC2;EZH1;GATAD2B;SETD7;RB1;SART3;RUVBL1;TOP1;HIRA;CHD6;MCM3AP;COPRS;LOXL2;ACTL6B;KAT2A;HCFC1;ACTR8;INO80C;DEK;RBBP7;SETDB1;CHTOP;USP3;DEPDC1B;ZNHIT1;PARP2;INO80D;YEATS4;PAK1
ERICH1,GO_Biological_Process_2023,prerank,Regulation Of Mitotic Spindle Organization (GO:0060236),-0.37182236267197166,-0.8898066360880601,0.65,1.0,1.0,15/39,22.51%,CHMP4A;HSPA1B;CCSAP;STIL;GNAI1;CHMP4C;MAP9;EML3;DRG1;CHMP5;NUP62;CHMP3;CHMP1A;CHMP6;DYNC1H1
ERICH1,GO_Biological_Process_2023,prerank,Regulation Of Actin Filament Polymerization (GO:0030833),-0.3412640456139889,-0.8893763025993707,0.6692759295499021,1.0,1.0,26/69,22.64%,ALOX15;SSH3;DAAM2;ARHGAP40;CDC42EP3;ARHGAP28;CRACD;PRKCD;RASA1;HCK;NCK1;PTK2B;HAX1;PFN2;HCLS1;SSH2;CDC42EP2;KANK1;MTPN;PAK3;HIP1R;SLIT2;BAIAP2L2;KANK3;EVL;VASP
ERICH1,GO_Biological_Process_2023,prerank,Protein Export From Nucleus (GO:0006611),-0.3992320675045744,-0.8891647573360819,0.6215722120658135,1.0,1.0,13/26,22.41%,EGR2;CCHCR1;NUP214;RANBP3L;CHP1;RANBP3;XPO7;NUP42;STRADA;XPO1;RAN;PKD1;XPO6
ERICH1,GO_Biological_Process_2023,prerank,Icosanoid Metabolic Process (GO:0006690),0.34707824876423576,0.8890062926519495,0.6772151898734177,1.0,1.0,15/52,16.15%,AWAT1;PNPLA8;PLA2G10;ALOX15B;ALOX12B;PLA2G4B;LTC4S;FADS1;MAPKAPK2;ABCC10;HPGD;ABHD12;FAAH2;PLA2G4A;CYP4Z1
ERICH1,GO_Biological_Process_2023,prerank,Monoatomic Anion Transmembrane Transport (GO:0098656),-0.3520216263169811,-0.8889925501981234,0.6648648648648648,1.0,1.0,6/54,4.75%,APOL1;GABRG1;CLCN1;SLC12A3;SLC26A9;ANO9
ERICH1,GO_Biological_Process_2023,prerank,Regulation Of Androgen Receptor Signaling Pathway (GO:0060765),0.39966142431078866,0.8887421104494424,0.648068669527897,1.0,1.0,10/27,20.12%,TCF21;PARK7;TRIM68;PKN1;PRMT2;SMARCA4;HDAC1;PHB1;PIAS2;ZBTB7A
ERICH1,GO_Biological_Process_2023,prerank,Negative Regulation Of Protein Serine/Threonine Kinase Activity (GO:0071901),-0.32738087283507356,-0.8887044790177976,0.6927272727272727,1.0,1.0,35/80,26.25%,BMP2;GBA1;CDKN2A;SMPD1;HHEX;PTEN;CEBPA;SPRY3;DAB2IP;PRKAR2B;SIRT1;PRKCD;AGT;DUSP1;LRP5;PRKAR1B;PRKAR2A;INPP5K;SH2B3;RASIP1;IRAK3;UCHL1;APC;RB1;STK38;PKIG;CDKN1B;LYN;RGS2;CDKN1A;SLC8A1;APOE;GADD45A;IPO5;GSTP1
ERICH1,GO_Biological_Process_2023,prerank,Mucosal Immune Response (GO:0002385),0.39739098484042956,0.8886905079078838,0.6334841628959276,1.0,1.0,4/27,17.34%,IFNLR1;H2BC21;FAU;OTUD7B
ERICH1,GO_Biological_Process_2023,prerank,Positive Regulation Of Protein Autophosphorylation (GO:0031954),0.4131595441374504,0.8884872722101065,0.6434426229508197,1.0,1.0,12/22,22.33%,GREM1;PDGFB;NEK10;TAOK2;DDX3X;MRE11;RAP2A;PDGFA;TOM1L1;TNKS1BP1;RAP2C;NBN
ERICH1,GO_Biological_Process_2023,prerank,Sterol Transport (GO:0015918),-0.4076115348037763,-0.8884801301523519,0.6470588235294118,1.0,1.0,6/25,14.62%,NPC1L1;VAPA;STARD3;OSBP;GRAMD1B;NPC1
ERICH1,GO_Biological_Process_2023,prerank,Purine Nucleotide Metabolic Process (GO:0006163),0.3805575713239722,0.8883571881564255,0.621505376344086,1.0,1.0,13/34,17.66%,CD38;GUK1;KMO;NADK2;HPRT1;MDH1;GPD1L;IDH2;TP53I3;PFAS;PPAT;AMPD2;FHIT
ERICH1,GO_Biological_Process_2023,prerank,Keratan Sulfate Biosynthetic Process (GO:0018146),-0.4596519424876919,-0.8881847064362806,0.611969111969112,1.0,1.0,7/15,18.79%,B3GNT3;CHST5;B4GALT4;B4GAT1;CHST6;B3GNT7;B3GNT4
ERICH1,GO_Biological_Process_2023,prerank,Nucleosome Organization (GO:0034728),-0.33755987726595993,-0.8880776828824031,0.6878402903811253,1.0,1.0,29/75,23.99%,SMARCD2;CHRAC1;SUPT16H;HAT1;H2BC11;SMARCA5;ARID2;DAXX;NAP1L1;LIN54;NASP;NAP1L4;HMGB2;CABIN1;H2BC13;NPM1;H2BC9;H2BC14;NAP1L2;HMGA1;ATRX;SMARCE1;GRWD1;SART3;H2BC17;HIRA;MCM3AP;H4C9;NAP1L3
ERICH1,GO_Biological_Process_2023,prerank,Positive Regulation Of RNA Splicing (GO:0033120),-0.385427195698958,-0.8880275985592171,0.6370510396975425,1.0,1.0,14/32,20.04%,TRA2B;THRAP3;RBM22;SNW1;NCBP1;CIRBP;NCL;PIK3R1;HABP4;PRMT5;CLNS1A;RBM20;RBMXL1;SETX
ERICH1,GO_Biological_Process_2023,prerank,Protein Phosphorylation (GO:0006468),0.27140559897578914,0.8879984789594437,0.9550827423167849,1.0,1.0,149/500,19.86%,PCK1;TTBK1;IP6K3;CDK3;EPHA8;AMH;EPHA10;CDC42BPG;TLR7;MAPK10;IKBKE;IKBKB;PDGFB;CSNK2A3;STK39;DDR2;EPHB6;DAPK1;PTK6;VRK2;GMFG;MAP3K10;MUSK;RIPK1;MYO3B;GRK2;WNK3;PRAG1;TAF5;GSK3B;STK25;RPS6KA1;NEK10;PRKAB1;ERG;PPP3CB;FGFR2;NEK6;STRADB;INCENP;TLR2;STK16;ERC1;GLYCTK;TAOK1;GMFB;PRKCI;PIM2;BRD2;VRK3;CDC7;HIPK3;PKN1;COPS8;FAM20C;FASTK;RELN;BMP4;BIRC5;FYN;PRKG1;PRDX4;STK10;PDGFRA;TSSK6;TAOK2;RNASEL;MAP3K1;TAF2;MAPK15;CDK10;PRKACA;PAK6;NUAK1;MAPKAPK2;TSSK3;TBCK;TAF9;EPHA1;TNKS;PRKAA2;CDC25B;IRAK1;PDK1;ABI2;LATS1;WNK2;CDK1;CAB39;TBK1;DCLK1;HIPK2;TAF12;ABI3;EFEMP1;ACVR2A;PRRT1;MAPK3;PAK2;CLK1;LIMK2;NEK2;CDKL3;MAP3K5;COQ8B;CDK11A;MAP2K1;PIK3CD;MINK1;SMAD2;EPHA7;CSNK1G1;PRKCE;FGFR4;KDR;GAS6;CSNK1G2;MAP3K13;ATF2;DMPK;CLK2;TGFB1;ALK;PLK1;SMAD7;AURKB;BRAF;RYK;DYRK1A;ACVR1;TNIK;ACVR2B;GRK4;EIF2AK3;PDPK1;SIK3;PXK;ERN1;CSNK2A1;MAP3K21;CAD;RICTOR;GPI;PKDCC;PRKACB;BMPR1B;PRKDC;STK26;MAP4K5
ERICH1,GO_Biological_Process_2023,prerank,Monocarboxylic Acid Biosynthetic Process (GO:0072330),-0.3445748633356037,-0.8877550892892574,0.6710775047258979,1.0,1.0,20/65,19.91%,SDS;SLC27A2;AKR1D1;LCP1;ALDH1A2;OXSM;OSBP;CYP46A1;DSE;HSD3B7;ACOT8;ABCD3;AMACR;CYP27A1;HSD17B10;XBP1;ACSM3;CYP39A1;ACMSD;CYP7B1
ERICH1,GO_Biological_Process_2023,prerank,Positive Regulation Of Programmed Cell Death (GO:0043068),-0.28904253058718765,-0.8876442637915749,0.8301158301158301,1.0,1.0,75/244,21.50%,PNMA5;BMP2;TRADD;DKKL1;IFIT2;PANO1;DDX20;KLF11;HTT;SMPD1;PDCD2;NTRK1;STK3;SEPTIN4;LRRK2;TFPT;RASSF2;CALHM2;CRADD;CCAR2;BAK1;GADD45B;HTATIP2;MAP3K11;MTCH2;BCL10;RBM5;ATM;DAB2IP;SIRT1;SNCA;SAP18;FAM162A;SOD1;ECT2;OMA1;OLFM1;BARD1;MAPK8;BNIP3;PNMA2;BCLAF1;NLRC4;SOX4;TCTN3;TNFRSF10B;AIFM2;USP27X;PIDD1;CASP2;SAV1;CASP9;ADAMTSL4;CASP3;TMEM164;DUSP6;TGM2;SYK;JMY;RNPS1;BOK;MTCH1;NRG1;NOS2;MOAP1;MARK4;PHLDA3;ACVR1C;E2F1;HIP1R;SLIT2;RACK1;CCAR1;C1QBP;APC
ERICH1,GO_Biological_Process_2023,prerank,Macromolecule Modification (GO:0043412),0.3290690666257063,0.8874781972991569,0.7080610021786492,1.0,1.0,29/80,22.32%,SERP1;TGM1;NAGPA;RNF2;PADI4;SLC35A1;PLOD2;USP6;DUSP12;MAN2B1;RABGGTA;MMP15;UBE2I;SEPHS1;UBE2S;CDKL3;PLAT;UBL4A;PARP1;UBE2D3;UBE2L6;NTAQ1;PARP4;PRKDC;ICMT;B4GALT7;ST8SIA2;CHRM3;ST3GAL6
ERICH1,GO_Biological_Process_2023,prerank,Retina Homeostasis (GO:0001895),0.37284082737345364,0.8872526437643816,0.6702586206896551,1.0,1.0,5/37,11.11%,CST4;TULP1;CDH3;POTEJ;WHRN
ERICH1,GO_Biological_Process_2023,prerank,Response To Amino Acid Starvation (GO:1990928),-0.37041248550643147,-0.8872195264238373,0.6363636363636364,1.0,1.0,19/41,21.66%,DAPL1;BMT2;RNF152;SESN3;KPTN;RRAGA;EIF2S1;MAPK8;LARS1;SH3GLB1;SESN1;RRAGC;MTOR;IMPACT;ITFG2;TFEB;DEPDC5;SESN2;WDR59
ERICH1,GO_Biological_Process_2023,prerank,Negative Regulation Of Proteasomal Protein Catabolic Process (GO:1901799),-0.36629814033207636,-0.8871336065284573,0.6654804270462633,1.0,1.0,21/39,25.33%,PANO1;PRKCG;USP7;TRIM39;CCAR2;TLK2;WAC;N4BP1;MAP1A;UBXN1;GABARAPL2;AQP11;HFE;USP25;BAG5;OPHN1;EIF3H;PSMF1;NOP53;USP9X;CAMLG
ERICH1,GO_Biological_Process_2023,prerank,Axonemal Dynein Complex Assembly (GO:0070286),-0.3794106647574285,-0.887032176004307,0.625,1.0,1.0,8/37,14.04%,TTC12;CFAP100;SPAG1;DNAH8;DNAAF3;DNAI2;DNAAF5;CCDC63
ERICH1,GO_Biological_Process_2023,prerank,Regulation Of Blood Circulation (GO:1903522),0.37637792574619433,0.8869163812451903,0.6189473684210526,1.0,1.0,6/34,11.08%,FOXN4;AGTR1;KCNJ12;DES;FXYD1;KCNE5
ERICH1,GO_Biological_Process_2023,prerank,Regulation Of Amyloid-Beta Clearance (GO:1900221),-0.4459355518341338,-0.8862198916125609,0.6064030131826742,1.0,1.0,7/15,25.51%,CYP51A1;SRF;LRP1;LRPAP1;ROCK1;HMGCR;APOE
ERICH1,GO_Biological_Process_2023,prerank,Keratan Sulfate Metabolic Process (GO:0042339),-0.4456139208004436,-0.8855797700792892,0.6259541984732825,1.0,1.0,7/17,18.79%,B3GNT3;CHST5;B4GALT4;B4GAT1;CHST6;B3GNT7;B3GNT4
ERICH1,GO_Biological_Process_2023,prerank,Glutamate Receptor Signaling Pathway (GO:0007215),-0.37153028524189496,-0.8852743744865826,0.6233269598470363,1.0,1.0,18/35,26.09%,KCNB1;GRIN3B;GRM2;GRIK3;GRIN1;GRIN2B;GRIA4;PTK2B;GNAQ;CDK5R1;HOMER2;HOMER3;HOMER1;FMR1;PLCB1;CLN3;GRIN2A;CPEB4
ERICH1,GO_Biological_Process_2023,prerank,Intracellular Iron Ion Homeostasis (GO:0006879),-0.35588447385728444,-0.8852142295292204,0.682261208576998,1.0,1.0,15/50,19.23%,TMPRSS6;F3;BMP6;ATP6V0A2;ALAS2;SLC22A17;SOD1;ABCB7;MYC;FBXL5;HMOX1;IREB2;ATP6AP1;ISCU;HFE
ERICH1,GO_Biological_Process_2023,prerank,"Wound Healing, Spreading Of Cells (GO:0044319)",-0.39989994882282476,-0.8851495366553,0.638623326959847,1.0,1.0,8/25,17.33%,PLET1;LCP1;LRG1;CARMIL2;RHOA;TMEFF2;COL5A1;CD44
ERICH1,GO_Biological_Process_2023,prerank,Exocytosis (GO:0006887),-0.3254416255346605,-0.8850732090230259,0.7160714285714286,1.0,1.0,31/84,23.21%,DOC2B;RAB27A;SYTL3;SYTL4;NSF;EXOC3L1;RAB26;PRSS12;EXOC6B;SYTL2;CADPS2;EXOC7;RAB31;WASH6P;DOC2A;EXOC6;EXOC8;SCRN1;RAB10;SYTL1;WASHC1;WIPF3;STX4;VAMP2;RIMS1;TRAPPC11;STX1A;RAB11FIP2;SYTL5;TMEM79;CDK16
ERICH1,GO_Biological_Process_2023,prerank,Regulation Of Nervous System Process (GO:0031644),0.4288691754716317,0.884893097630712,0.5995575221238938,1.0,1.0,8/18,13.01%,NOS3;CHRNA7;BEGAIN;DLGAP2;HTR2C;SLC8A2;TMEM108;SLC8A3
ERICH1,GO_Biological_Process_2023,prerank,Multivesicular Body Organization (GO:0036257),-0.3948259337907518,-0.8844002749872835,0.63671875,1.0,1.0,14/30,22.13%,RAB27A;VPS37C;STAM2;VPS36;CHMP4A;CHMP4C;CHMP5;VPS37B;VTA1;CHMP3;VPS28;VPS4A;VPS25;CHMP6
ERICH1,GO_Biological_Process_2023,prerank,Positive Regulation Of Cellular Catabolic Process (GO:0031331),0.30406618563900734,0.8843364604900905,0.7578288100208769,1.0,1.0,35/145,15.46%,TRIM68;PLIN5;TWIST1;DTX3L;NPRL2;IGF1;SNX33;P2RX7;DAPK1;TRIM6;TMEM59;ITCH;SETD2;GSK3B;RPTOR;PIM2;TRIM65;PTPN1;PIK3C2A;IRS1;GAPDHS;SVIP;ATF6;TRIM58;MLST8;PRKAA2;TRIM8;TBK1;ORMDL3;CNOT7;KAT5;ABCD1;TRIM34;FOXO3;TPCN1
ERICH1,GO_Biological_Process_2023,prerank,Fat-Soluble Vitamin Metabolic Process (GO:0006775),0.4064357400089835,0.8840398913284385,0.6551724137931034,1.0,1.0,10/24,18.79%,RLBP1;CYP27B1;CYP3A4;CYP2R1;VKORC1;ARID4A;LRAT;UBIAD1;CYP11A1;LGMN
ERICH1,GO_Biological_Process_2023,prerank,Cell-Cell Junction Assembly (GO:0007043),0.33190359651812007,0.8840289361959321,0.6948453608247422,1.0,1.0,20/71,17.48%,CDH26;TBCD;CDH10;CTNND1;CDH3;ZNF703;PATJ;CNTNAP1;CDH18;CDH2;RAMP2;CDH8;PAK2;DCHS1;CD9;TJP1;ARVCF;WDR1;SMAD7;PKP2
ERICH1,GO_Biological_Process_2023,prerank,Positive Regulation Of Protein Ubiquitination (GO:0031398),-0.328803819635613,-0.8840057338113014,0.7156488549618321,1.0,1.0,28/83,20.24%,ARRDC4;GSK3A;TRIB3;UBE2D1;SEPTIN4;LRRK2;KDM1A;DCUN1D2;PIN1;PHF23;BCL10;PDCD6;BIRC2;DCUN1D5;CRY1;UBE2N;COMMD1;MTA1;UBQLN1;TSPYL5;SPHK1;RIPK2;TBC1D7;CENPS;FBXO33;UBB;FANCI;SPSB4
ERICH1,GO_Biological_Process_2023,prerank,Monoatomic Cation Homeostasis (GO:0055080),-0.3327213270588698,-0.8839900682947103,0.7053231939163498,1.0,1.0,18/77,16.92%,TRPV6;TMPRSS6;SLC12A3;SCNN1B;BMP6;SCNN1G;GRIN1;FAM20A;SLC12A2;SLC24A4;SCNN1A;SNCA;CIB2;TESMIN;COMMD1;HMOX1;WNK1;TMTC2
ERICH1,GO_Biological_Process_2023,prerank,Hexose Metabolic Process (GO:0019318),0.3585647402200658,0.8837146710789081,0.648936170212766,1.0,1.0,15/45,20.30%,PCK1;FBP1;HKDC1;ALDOC;FUOM;GALK2;FPGT;KHK;HK2;CHST1;GAA;ADPGK;PPARD;PGM1;PMM2
ERICH1,GO_Biological_Process_2023,prerank,Endocardial Cushion Development (GO:0003197),-0.40612341875700075,-0.8833233848323122,0.6159844054580896,1.0,1.0,6/23,12.57%,BMP2;NOTCH1;CRELD1;ADAMTS5;HEYL;BMPR2
ERICH1,GO_Biological_Process_2023,prerank,Histone H3 Acetylation (GO:0043966),0.36783962846377144,0.8832942814497003,0.6298701298701299,1.0,1.0,10/36,14.58%,SUPT3H;TAF5;SF3B5;TADA2A;TAF2;TAF9;TAF12;LDB1;SF3B3;WDR5
ERICH1,GO_Biological_Process_2023,prerank,acetyl-CoA Metabolic Process (GO:0006084),-0.44482123581479033,-0.8829707203896247,0.6329588014981273,1.0,1.0,1/16,1.10%,ACSS1
ERICH1,GO_Biological_Process_2023,prerank,Regulation Of Spindle Assembly (GO:0090169),-0.39413549030829775,-0.8829650316665717,0.6523364485981309,1.0,1.0,13/29,23.53%,CHMP4A;HSPA1B;STIL;CHMP4C;EML3;DRG1;CHMP5;CHMP3;CHMP1A;CHMP6;RNF4;DYNC1H1;SENP6
ERICH1,GO_Biological_Process_2023,prerank,Regulation Of Heart Rate By Cardiac Conduction (GO:0086091),0.3586299742103942,0.8826913267268558,0.6324786324786325,1.0,1.0,19/40,24.51%,KCNA5;KCNE2;HCN1;BIN1;KCNH2;KCNE5;SCN4B;SCN3B;YWHAE;PKP2;TRPM4;CAV1;JUP;KCNQ1;ANK2;KCNE3;KCNJ3;KCNH6;DSG2
ERICH1,GO_Biological_Process_2023,prerank,Cellular Response To Peptide Hormone Stimulus (GO:0071375),0.32020857988548324,0.8826655079743854,0.7098214285714286,1.0,1.0,25/89,19.73%,PCK1;TRARG1;INHBB;CRHR1;NFKB1;CAPN10;TSHR;ADCY8;PRKCI;SYAP1;SORBS1;PCK2;IRS1;HDAC9;TBC1D4;GPER1;PPARG;CYP11A1;USF1;INSIG1;CPEB1;PDPK1;PARP1;FOXO1;PRKDC
ERICH1,GO_Biological_Process_2023,prerank,Double-Strand Break Repair Via Nonhomologous End Joining (GO:0006303),-0.36107227825969085,-0.8824027106664549,0.6603053435114504,1.0,1.0,14/41,19.75%,XRCC5;IFFO1;SMC5;XRCC6;SETMAR;RNF168;DCLRE1C;ATM;HMGB2;ERCC1;NHEJ1;POLM;UVRAG;ERCC4
ERICH1,GO_Biological_Process_2023,prerank,Positive Regulation Of Heart Rate (GO:0010460),0.434874368787209,0.8823478919350971,0.6373165618448637,1.0,1.0,7/17,23.55%,ADM5;NPPA;SCN3B;PDE4D;TRPM4;KCNQ1;ADM2
ERICH1,GO_Biological_Process_2023,prerank,Cholesterol Homeostasis (GO:0042632),0.3327923374682324,0.8816874053333343,0.7194092827004219,1.0,1.0,24/72,21.60%,DISP3;LCAT;PLA2G10;NR1D1;MALL;ACSM1;RALY;TMEM97;LDLRAP1;ABCG4;LAMTOR1;HDAC9;TTC39B;EPHX2;SOAT1;FGFR4;NR1H3;INSIG1;FABP3;CAV1;EHD1;ABCG1;CAV3;NPC2
ERICH1,GO_Biological_Process_2023,prerank,miRNA-mediated Gene Silencing (GO:0035195),-0.4102136398265761,-0.8815417274003154,0.643510054844607,1.0,1.0,13/26,22.82%,TNRC6B;EIF4E2;EIF4ENIF1;NCBP1;CNOT8;RBM4;ZFP36;AJUBA;LIMD1;NCBP2;CNOT6;RAN;AGO4
ERICH1,GO_Biological_Process_2023,prerank,Negative Regulation Of Insulin Secretion (GO:0046676),0.42954520374879823,0.8814721955166912,0.6313559322033898,1.0,1.0,5/17,11.06%,INHBB;REST;FAM3D;CHGA;IRS1
ERICH1,GO_Biological_Process_2023,prerank,Negative Regulation Of Protein Secretion (GO:0050709),0.3730961167602188,0.8812226114373338,0.668724279835391,1.0,1.0,10/39,11.06%,INHBB;REST;RSAD2;ADTRP;IL12A;RHBDF2;FAM3D;CHGA;RAB11FIP5;IRS1
ERICH1,GO_Biological_Process_2023,prerank,Regulation Of Protein-Containing Complex Assembly (GO:0043254),0.3091259648849216,0.8811202145920329,0.7551487414187643,1.0,1.0,44/119,22.19%,INSM1;PARK7;KIF9;SEPTIN9;HJURP;BBS10;MMP3;GSK3B;BRK1;CRYAB;HRK;ICE1;GSN;SVIP;VPS11;MAPK15;PEX5;DDX3X;GNL3L;TIRAP;TRABD2A;IAPP;LATS1;FARP2;FNIP1;HSF1;CD36;SPIDR;CHAF1B;TGFB1;SAR1A;FBLIM1;BMF;VPS8;TRABD2B;BCL2L11;PTPN11;TRAF3IP1;SORL1;RAF1;NCLN;TGFBRAP1;FAF1;OPRD1
ERICH1,GO_Biological_Process_2023,prerank,Positive Regulation Of Cartilage Development (GO:0061036),-0.43011830999665035,-0.8810474113050979,0.6365422396856582,1.0,1.0,7/17,23.11%,BMP2;GDF6;BMPR2;ZBTB16;GDF5;SOX5;LOXL2
ERICH1,GO_Biological_Process_2023,prerank,Branched-Chain Amino Acid Catabolic Process (GO:0009083),0.42147863614471315,0.8808024252087071,0.625,1.0,1.0,4/17,11.43%,DLD;HMGCLL1;BCKDHA;DBT
ERICH1,GO_Biological_Process_2023,prerank,Mitochondrial RNA Metabolic Process (GO:0000959),-0.42182309381813526,-0.8807749062434417,0.6565464895635673,1.0,1.0,11/20,26.63%,MTERF2;FASTKD3;POLRMT;PNPT1;MTERF4;TFAM;TBRG4;FASTKD1;SLC25A33;TFB1M;MRPL12
ERICH1,GO_Biological_Process_2023,prerank,Negative Regulation Of Macromolecule Metabolic Process (GO:0010605),0.29254400378178486,0.8805146157626101,0.8121085594989561,1.0,1.0,49/186,18.79%,CD3E;TTBK1;NKX3-1;AMH;ZNF410;PLA2G3;PARK7;REST;PDGFB;IGF1;NOTCH2;EMILIN1;TRIM6;NFKB1;REL;GSK3B;PTRH2;LGALS9;LRP3;SNX12;TCEAL1;PARP9;ROBO1;MECP2;BMP4;FGF19;SMAD3;RBL1;PRKAA2;NDFIP1;ZNF148;YAP1;CNOT7;GPER1;CPNE1;SLC2A10;KDR;DIP2A;ATP2B4;PPP2CB;TGFB1;PPARG;TARDBP;DDRGK1;CNPY2;HDAC1;ZNF281;PICALM;LGMN
ERICH1,GO_Biological_Process_2023,prerank,Platelet Dense Granule Organization (GO:0060155),0.4069191706547615,0.8804534272270752,0.62,1.0,1.0,10/22,23.86%,AP1S3;DTNBP1;AP3S1;AP1S2;HPS3;AP3D1;AP3M1;AP1S1;HPS5;HPS6
ERICH1,GO_Biological_Process_2023,prerank,Regulation Of Extracellular Matrix Organization (GO:1903053),-0.4096270038253318,-0.8802991073247864,0.6418786692759295,1.0,1.0,8/23,13.48%,TIE1;ANGPTL7;NOTCH1;LAMA1;ZNF469;RIC1;LRP1;AGT
ERICH1,GO_Biological_Process_2023,prerank,Response To Hydrogen Peroxide (GO:0042542),0.35163683836336374,0.8800899800598562,0.6578947368421053,1.0,1.0,13/46,16.73%,TNFAIP3;IL6;RHOB;ANXA1;RIPK1;STK25;FYN;ANKZF1;GLRX2;PPIF;MAP3K5;PRDX3;CAT
ERICH1,GO_Biological_Process_2023,prerank,Activation Of GTPase Activity (GO:0090630),0.3159875049119161,0.8798482106275822,0.7612612612612613,1.0,1.0,31/99,17.80%,SYDE1;APC2;ARHGEF10;CORO1C;GRTP1;TBC1D30;SIPA1;EPHA2;TAX1BP3;TBC1D13;RASGRP1;AGAP9;TBC1D8;EVI5;TBC1D5;ARHGAP29;ARHGAP25;TIAM2;TSC1;RASGRF1;SCRIB;CCDC125;TBCK;EPHA1;BCAS3;TBC1D4;PIP5K1A;TBC1D17;TBC1D10A;TBC1D9;SGSM1
ERICH1,GO_Biological_Process_2023,prerank,Glycosaminoglycan Biosynthetic Process (GO:0006024),0.33872474150730286,0.8796450654556761,0.6916299559471366,1.0,1.0,29/58,22.87%,CHST2;HYAL1;HS3ST3A1;ST3GAL3;CHST9;XYLT2;B3GALT6;HAS2;EXT2;EXT1;B3GAT3;HS3ST1;HEXA;CHST11;CHST1;CHST12;PXYLP1;UST;GLCE;HS3ST2;CHST7;CHST14;SLC35D2;HS3ST3B1;CHST3;B4GALT7;CHPF2;ST3GAL6;CHPF
ERICH1,GO_Biological_Process_2023,prerank,Receptor Signaling Pathway Via JAK-STAT (GO:0007259),-0.3753703819034183,-0.8795155962528685,0.6703910614525139,1.0,1.0,12/36,25.35%,JAK2;IFNAR1;PIAS1;MYO1C;JAK1;JAK3;STAT5A;STAT2;PKD1;CSF2RA;STAT6;SOCS6
ERICH1,GO_Biological_Process_2023,prerank,Negative Regulation Of Protein Transport (GO:0051224),0.4011568796852584,0.8794413481046263,0.6442105263157895,1.0,1.0,10/25,20.38%,RSAD2;ADTRP;IL12A;RHBDF2;SNX12;NDFIP1;DPH3;PPM1F;PKDCC;NDFIP2
ERICH1,GO_Biological_Process_2023,prerank,Neuron Projection Guidance (GO:0097485),0.3058866924644966,0.8792689561393929,0.767590618336887,1.0,1.0,44/124,21.02%,LGI1;EPHA8;EPHA10;MYPN;UNC5C;PLA2G10;CNTN5;IGSF9;TNR;NOTCH2;EPHB6;SEMA3F;SEMA4D;NELL1;ROBO3;PLEKHG4B;SEMA5B;OTX2;DPYSL5;RELN;FYN;SEMA6A;LGR6;ARHGEF40;DRAXIN;SEMA3G;ROBO2;EPHA7;BDNF;SEMA3E;NRXN1;SEMA3B;SEMA3C;RYK;NRCAM;NIBAN2;DSCAM;KIF5B;SEMA6B;TUBB3;KIF5C;NOTCH3;SOS1;NEO1
ERICH1,GO_Biological_Process_2023,prerank,Hematopoietic Progenitor Cell Differentiation (GO:0002244),0.3873871502120816,0.8792165343610266,0.639412997903564,1.0,1.0,10/28,21.67%,FSTL3;SBDS;MIXL1;BMP4;LMBR1L;MLF1;TGFB1;MLLT3;TP53;FST
ERICH1,GO_Biological_Process_2023,prerank,Peptidyl-Threonine Modification (GO:0018210),0.331886751697393,0.8789440241989541,0.7015250544662309,1.0,1.0,24/66,20.51%,TTBK1;CDC42BPG;CSNK2A3;STK39;MAP3K10;WNK3;GSK3B;HIPK3;GALNT16;CDK10;GALNT1;TNKS;CDK1;TBK1;HIPK2;GALNT2;ATF2;DYRK1A;PDPK1;CSNK2A1;CAD;GPI;PRKDC;GALNT6
ERICH1,GO_Biological_Process_2023,prerank,Cellular Nitrogen Compound Biosynthetic Process (GO:0044271),-0.38136481913930703,-0.8788657128901419,0.6507352941176471,1.0,1.0,10/32,19.16%,GBA1;NOS1;ACER3;SLC7A6;PM20D1;SPHK1;MTARC2;NOS2;SULT1A2;CYB5B
ERICH1,GO_Biological_Process_2023,prerank,Chromatin Organization (GO:0006325),-0.28575212074400086,-0.878571420672852,0.8594594594594595,1.0,1.0,106/265,25.34%,MOS;ACTR5;ESR1;SMARCD2;FOXP3;HDAC10;NPM3;CHRAC1;PIH1D1;BRDT;SUPT16H;KAT2B;CHEK1;HAT1;TFPT;CHD4;BAZ1B;H2BC11;LRWD1;KDM4A;NPM2;DPF1;SMARCA5;MORC2;ZNF274;BCL7C;ARID2;DDX21;SIRT1;DAXX;NAP1L1;HMG20A;HDGF;NASP;MBD3;TET1;SMARCA2;NAP1L4;WAC;MYC;HMGB2;INO80E;SKP1;CABIN1;H2BC13;NPM1;PSIP1;L3MBTL1;MTA1;SOX2;H2BC9;CHD7;INO80B;MBD2;H2BC14;HCFC2;HMGN3;NAP1L2;ACTL6A;ATRX;BICRAL;DPF3;KDM5A;HNRNPC;MTF2;MTA2;HMGN2;SMARCE1;TTI1;TADA2B;PCGF1;NUCKS1;GRWD1;CHD8;YY1;PBRM1;BCL7A;HDAC2;EZH1;GATAD2B;SETD7;RB1;SART3;H2BC17;RUVBL1;TOP1;HIRA;CHD6;COPRS;ACTL6B;KAT2A;HCFC1;ACTR8;INO80C;H4C9;NAP1L3;DEK;RBBP7;TRIM28;CHTOP;ING4;SPTY2D1;ZNHIT1;INO80D;YEATS4;PAK1
ERICH1,GO_Biological_Process_2023,prerank,Positive Regulation Of Calcium Ion Transmembrane Transporter Activity (GO:1901021),-0.3940833383942821,-0.8785405040043767,0.6626984126984127,1.0,1.0,6/27,12.62%,P2RY6;HTT;CALM3;STAC3;TRDN;CALM1
ERICH1,GO_Biological_Process_2023,prerank,Regulation Of Autophagy (GO:0010506),-0.2881183593644463,-0.8785318037157426,0.8381294964028777,1.0,1.0,102/238,25.99%,ATP6V1G2;DAPL1;TICAM1;GBA1;IFI16;TRIM27;GSK3A;TRIB3;VHL;DEPP1;AMBRA1;ATP6V0A2;LRRK2;CSNK2A2;CISD2;RNF152;PLEKHF1;KDM4A;RUBCN;TRIM21;MTMR4;CDK5;CPTP;ATP6V0E2;TLK2;DDIT3;ATM;GOLGA2;EXOC7;UBQLN2;PIK3R4;DCAF12;RAB8A;RRAGA;ZC3H12A;EXOC8;VPS26B;KLHL22;MAPK8;GPR137B;BNIP3;WAC;SH3GLB1;TRIM23;RAB39B;RRAGC;MTOR;UBQLN1;HAX1;ATP6V1D;CASP3;ULK2;BOK;USP33;ULK1;TFEB;SNX32;LEPR;UVRAG;RASIP1;WASHC1;MAPT;TBC1D14;VPS29;OPTN;CDK5R1;UCHL1;DEPDC5;ATP6V1E2;SNX6;EP300;ROCK1;MET;MTMR9;DRAM1;USP20;TAB3;VPS26A;MTMR3;ATG101;NPRL3;CDK16;ACER2;ABL2;KAT8;TPCN2;TAB2;HMGB1;PRKN;FLCN;SQSTM1;VDAC1;RB1CC1;NEDD4;FBXL2;TP53INP1;PIK3C3;BECN1;WDR41;FBXW7;HTRA2;UFL1
ERICH1,GO_Biological_Process_2023,prerank,Regulation Of Actin Cytoskeleton Organization (GO:0032956),-0.3266886809546833,-0.8781238994478374,0.7277882797731569,1.0,1.0,23/89,16.45%,ARHGDIB;CORO2B;GRHL3;DAAM2;RHOQ;CORO1A;F11R;RHOG;CARMIL2;ARHGEF19;CDC42;RHOA;LRP1;PRKCD;EFNA5;EPHA5;HCK;ROCK2;CELSR1;PTK2B;FSCN1;MTOR;HAX1
ERICH1,GO_Biological_Process_2023,prerank,Axon Guidance (GO:0007411),0.299553746483518,0.8779491508817456,0.8067226890756303,1.0,1.0,51/149,21.27%,LGI1;EPHA8;EPHA10;MYPN;UNC5C;PLA2G10;CNTN5;IGSF9;TNR;NOTCH2;EPHB6;NTN1;GDNF;SEMA3F;SEMA4D;NELL1;ROBO3;PLXNA4;PLEKHG4B;SEMA5B;OTX2;PLXNA1;DPYSL5;RELN;FYN;SEMA6A;LGR6;ARHGEF40;DRAXIN;SEMA3G;ROBO2;EPHA7;BDNF;SEMA3E;NRXN1;SEMA3B;UNC5B;SEMA3C;RYK;NRCAM;NIBAN2;DSCAM;KIF5B;SEMA6B;TUBB3;KIF5C;NOTCH3;GAP43;SOS1;NEO1;NFIB
ERICH1,GO_Biological_Process_2023,prerank,Aerobic Respiration (GO:0009060),-0.34184399648679037,-0.8776724224263365,0.6954887218045113,1.0,1.0,28/58,24.53%,UQCRB;NDUFA5;NDUFA8;NDUFB6;NDUFS2;NIPSNAP2;ME3;NDUFB7;NDUFS4;NDUFV1;SDHB;BLOC1S1;SDHC;UQCRC2;NDUFA13;NDUFB8;NDUFS7;NDUFB3;NDUFV3;UQCRH;NDUFA12;SLC25A14;NDUFS8;MTFR2;CHCHD10;NDUFB9;NDUFS3;MTFR1L
ERICH1,GO_Biological_Process_2023,prerank,Recombinational Repair (GO:0000725),-0.3222266511578137,-0.877073151210939,0.7595628415300546,1.0,1.0,34/95,22.62%,EXD2;XRCC5;HUS1;SMC5;NABP2;STON1;SWSAP1;XRCC6;CHD4;LIG3;NSMCE1;WRN;TONSL;MORF4L1;AP5S1;RMI1;RBBP8;NPC1;RAD51;UBE2N;FSCN1;NSMCE4A;RFWD3;RPA2;RECQL;NUCKS1;ERCC4;YY1;RAD51AP1;POLL;FEN1;RPA1;FBH1;SWI5
ERICH1,GO_Biological_Process_2023,prerank,Phospholipid Dephosphorylation (GO:0046839),-0.38268835816543667,-0.8769386422621093,0.6597744360902256,1.0,1.0,16/30,24.47%,PLPP4;PLPPR1;PTEN;PIP4P2;PLPP5;PLPP2;PMPCA;INPP5K;MTMR1;SACM1L;SYNJ2;PLPP6;MTM1;MTMR3;FIG4;MTMR6
ERICH1,GO_Biological_Process_2023,prerank,Establishment Of Vesicle Localization (GO:0051650),-0.43212733415123417,-0.8768821097510924,0.6410256410256411,1.0,1.0,6/18,15.46%,RAB27A;CDK5;SPG11;SYT11;KIF5A;TMEM230
ERICH1,GO_Biological_Process_2023,prerank,Regulation Of Natural Killer Cell Mediated Cytotoxicity (GO:0042269),-0.3867663534780576,-0.8767561867145601,0.6481835564053537,1.0,1.0,5/32,8.23%,RAET1E;PVR;KLRK1;HLA-G;KLRD1
ERICH1,GO_Biological_Process_2023,prerank,Glycosphingolipid Biosynthetic Process (GO:0006688),-0.421295880692416,-0.87654629206873,0.6731898238747553,1.0,1.0,4/19,9.26%,B4GALNT1;B3GALT4;ST8SIA4;B4GALT4
ERICH1,GO_Biological_Process_2023,prerank,Positive Regulation Of Protein Kinase Activity (GO:0045860),-0.3048406063401924,-0.87647307769697,0.789279112754159,1.0,1.0,43/144,19.02%,IL23R;DOK7;STOX1;CALCA;IL23A;XRCC5;EPHA4;MMD2;SRCIN1;PIH1D1;PTK2;DUSP19;LRRK2;CIB1;XRCC6;MAPRE3;ADRB2;CALM3;CLSPN;LCP2;RASSF2;TELO2;SRC;RHOA;CALM1;DAB2IP;SNCA;PRKCD;DAXX;TGFBR2;AGT;ECT2;MARK2;TRAF4;INSR;PTK2B;ALS2;STRADA;CAMKK1;ORC3;PPP2CA;NOX4;HSP90AA1
ERICH1,GO_Biological_Process_2023,prerank,Fatty Acid Beta-Oxidation (GO:0006635),0.3480934243436981,0.8764543471896875,0.6777546777546778,1.0,1.0,18/49,20.04%,ETFA;HSD17B4;DECR2;ACADS;ECI2;DECR1;ACADL;ACOX2;MCAT;ACOX1;SCP2;ACOX3;AUH;ACOXL;HADHB;ACAA1;PPARD;ACADM
ERICH1,GO_Biological_Process_2023,prerank,Positive Regulation Of Muscle Hypertrophy (GO:0014742),0.4380116269670393,0.8763896370192903,0.6431535269709544,1.0,1.0,4/16,20.29%,IGF1;MEF2A;PARP1;SLC9A1
ERICH1,GO_Biological_Process_2023,prerank,Muscle Cell Development (GO:0055001),0.3763534843695256,0.8762759547712323,0.6601307189542484,1.0,1.0,8/32,14.23%,MYH11;EFEMP2;IGF1;LRRC27;BIN1;CHRNB1;RAMP2;MEGF10
ERICH1,GO_Biological_Process_2023,prerank,Myotube Differentiation (GO:0014902),-0.3921311331483042,-0.8761625273446727,0.6573556797020484,1.0,1.0,8/25,15.02%,NOS1;KCNH1;MEF2C;MYMX;SORT1;JAM2;ADAMTS5;PLD3
ERICH1,GO_Biological_Process_2023,prerank,Positive Regulation Of Synaptic Transmission (GO:0050806),0.32397784645389477,0.8759913294077553,0.7358078602620087,1.0,1.0,22/77,19.25%,NALCN;LGI1;CLSTN3;NLGN1;CACNG2;CHRNA7;ADCY8;RIMS3;DTNBP1;RELN;SLC8A2;SHANK3;SLC8A3;SYT1;GPER1;NPTN;CACNG7;NRXN1;CRHR2;DLG4;LGMN;ZDHHC2
ERICH1,GO_Biological_Process_2023,prerank,Protein Modification By Small Protein Conjugation (GO:0032446),-0.2803647350678328,-0.8756726368480017,0.9097605893186004,1.0,1.0,111/356,23.06%,RNF225;TRIM15;UBE2E1;DTX1;ASB5;TRIM7;KIAA1586;BTRC;ARRDC4;TRIM27;PIAS1;HERC3;SMC5;MARVELD3;VHL;ASB2;CUL7;FBXO24;EGR2;OS9;FBXO45;RNF39;USP7;TRIM39;MUL1;NSMCE1;MARCHF6;DCUN1D2;RNF152;ZMIZ2;OTULIN;UBE2D4;AREL1;TRAIP;RNF26;TRIM21;MKRN1;ZNF451;SHPRH;RNF168;RNF14;NEDD4L;CRBN;SIRT1;HECW1;FBXL17;FBXL15;RNF135;TRIM52;DCUN1D5;FBXO25;BARD1;KLHL7;FBXL5;WWP2;TRIM23;RNF212;SKP1;RNF126;RPGR;ANAPC11;LZTR1;TRIM47;UBE2N;NSMCE4A;KLHL21;RFWD3;KLHL8;PJA2;TRIM33;DDB1;CAND1;ARRB2;RNF157;COPS4;SPSB1;PDZRN3;SUMO4;UBB;RNF139;CUL2;UHRF2;ATG10;SPSB4;ANAPC7;KLHL24;MYLIP;CUL1;STX1A;VPS18;PIAS4;DCAF15;RACK1;CCAR1;UBE2B;RNF6;RNF144A;ATG3;BSPRY;TRIM54;PML;KLHL25;ANAPC16;FBH1;SMURF2;RNF7;TRIM72;TRIM17;PCMTD1;SH3RF1;COPS7A
ERICH1,GO_Biological_Process_2023,prerank,Protein Secretion (GO:0009306),0.3311438410525986,0.8755301618365594,0.7197452229299363,1.0,1.0,13/67,13.61%,CTAGE9;LTBP2;PARK7;PTPRN;SNX19;ANXA1;OLFM2;NAGPA;MIA3;PDIA4;RAB3A;RAB3B;SVBP
ERICH1,GO_Biological_Process_2023,prerank,Antigen Processing And Presentation Of Exogenous Peptide Antigen Via MHC Class II (GO:0019886),0.39955510967415364,0.8754658678674961,0.6324786324786325,1.0,1.0,6/24,15.96%,CTSE;FCER1G;HLA-DPA1;HLA-DMB;CTSL;DNM2
ERICH1,GO_Biological_Process_2023,prerank,Regulation Of Multicellular Organism Growth (GO:0040014),-0.4382917426204588,-0.8754158335766438,0.6585365853658537,1.0,1.0,2/15,3.25%,GHRH;GHRHR
ERICH1,GO_Biological_Process_2023,prerank,Positive Regulation Of Ion Transmembrane Transporter Activity (GO:0032414),-0.38320681740611884,-0.875210302437709,0.6542239685658153,1.0,1.0,15/33,24.39%,NOL3;ATP1B3;ADRB2;EDNRA;TCAF1;TRPC6;CTSS;CFTR;PDZK1;ACTN2;CCL2;AKAP9;ANK3;STAC;GLRX
ERICH1,GO_Biological_Process_2023,prerank,Striated Muscle Contraction (GO:0006941),0.34278383758534325,0.8748865694541572,0.6896551724137931,1.0,1.0,15/57,17.92%,TNNC1;MYH7B;TAFAZZIN;GRK2;RCSD1;MYL3;PGAM2;KCNH2;KCNE5;SCN4B;SCN3B;TNNC2;MYH3;GAA;TTN
ERICH1,GO_Biological_Process_2023,prerank,Regulation Of Immune Response (GO:0050776),-0.3241903038752511,-0.8748585120553797,0.7491166077738516,1.0,1.0,19/77,17.19%,C6;CXCL13;SLA2;CFP;FOXP3;HLA-G;CD276;DHX58;PLSCR1;SPPL2B;TNFSF4;IRF4;BIRC2;RNF135;DENND1B;APPL1;N4BP1;GPR108;SYK
ERICH1,GO_Biological_Process_2023,prerank,Actin Filament-Based Transport (GO:0099515),-0.41467870281916575,-0.8744950239308519,0.6307692307692307,1.0,1.0,7/20,13.36%,MYO1G;MYO1A;MYO1C;MYO1F;MYO5C;MYO5B;MYO1B
ERICH1,GO_Biological_Process_2023,prerank,Cardiac Conduction (GO:0061337),0.3488563423469357,0.8743882597954823,0.6760869565217391,1.0,1.0,21/45,24.51%,KCNA5;MEF2A;KCNE2;HCN1;BIN1;KCNH2;KCNE5;SCN4B;SCN3B;YWHAE;PKP2;SLC9A1;TRPM4;CAV1;JUP;KCNQ1;ANK2;KCNE3;KCNJ3;KCNH6;DSG2
ERICH1,GO_Biological_Process_2023,prerank,Regulation Of Supramolecular Fiber Organization (GO:1902903),0.4035231305197295,0.874365740346592,0.6462585034013606,1.0,1.0,8/23,14.44%,PARK7;EFEMP2;AEBP1;CHRNA7;CAMSAP3;PRUNE1;GBA2;MAP2
ERICH1,GO_Biological_Process_2023,prerank,Response To Cholesterol (GO:0070723),0.4255677351352964,0.8741854505304617,0.6428571428571429,1.0,1.0,4/18,16.92%,GRAMD1C;OSBPL7;SMAD2;TGFB1
ERICH1,GO_Biological_Process_2023,prerank,Chaperone-Mediated Protein Complex Assembly (GO:0051131),-0.4117525250882821,-0.8740876109543869,0.655831739961759,1.0,1.0,9/21,25.68%,PTGES3L;MKKS;PSMG3;TMEM35A;PSMG2;HSP90AA1;CCT2;PTGES3;HSPD1
ERICH1,GO_Biological_Process_2023,prerank,Negative Regulation Of Cellular Biosynthetic Process (GO:0031327),-0.3033836419593889,-0.8740226998581787,0.8068965517241379,1.0,1.0,59/137,24.89%,WNT4;EPHA4;DKKL1;TRIB3;SIK1;TIA1;ZAR1L;PAIP2;FCN3;KHSRP;USP7;EIF4E2;PAIP2B;EIF4ENIF1;MALSU1;ILF3;BMPR2;SIRT1;PCIF1;FXR1;IFRD2;SERBP1;PGPEP1;ZC3H12A;GIGYF2;SIRT6;CRY1;SIRPA;ROCK2;NCL;RBM4;LSM14A;GCK;PATL2;TYMS;NHLRC3;ERLIN2;APOC1;RNF139;ACMSD;SHMT1;EP300;DHFR;AKR1C3;TRIM3;RACK1;DHX36;ACADVL;KLHL25;FMR1;OPN3;PRMT3;ZNF540;WDTC1;KAT2A;IGF2BP1;CNOT1;RAPGEF2;CEACAM1
ERICH1,GO_Biological_Process_2023,prerank,Ceramide Catabolic Process (GO:0046514),-0.44806894757491333,-0.8738676283001607,0.6358490566037736,1.0,1.0,4/15,13.84%,NEU1;ACER3;NEU3;GM2A
ERICH1,GO_Biological_Process_2023,prerank,Positive Regulation Of Telomere Maintenance Via Telomere Lengthening (GO:1904358),-0.3733153905232218,-0.8735853845161999,0.668488160291439,1.0,1.0,11/35,19.07%,XRCC5;CCT5;TNKS2;PARN;HNRNPA1;ATM;MAPKAPK5;POT1;PRKCQ;CCT6A;MAP2K7
ERICH1,GO_Biological_Process_2023,prerank,Organic Cyclic Compound Biosynthetic Process (GO:1901362),0.38349253649445736,0.8729450342755825,0.6673684210526316,1.0,1.0,7/29,16.48%,SRD5A2;NOXRED1;PRLR;DHRS11;SCP2;CYP19A1;PYCR2
ERICH1,GO_Biological_Process_2023,prerank,Negative Regulation Of Axon Extension (GO:0030517),0.3828384935178295,0.8728234450757253,0.6624472573839663,1.0,1.0,12/30,17.36%,SEMA3F;SEMA4D;RTN4R;SEMA5B;TRIM46;SEMA6A;MAP2;SEMA3G;SEMA3E;SEMA3B;SEMA3C;PTPRS
ERICH1,GO_Biological_Process_2023,prerank,Cellular Response To Amino Acid Stimulus (GO:0071230),-0.37455407123093126,-0.8726574682899517,0.6912878787878788,1.0,1.0,20/35,27.18%,STAMBPL1;SESN3;CASTOR1;RRAGA;KLHL22;LARS1;SESN1;GLRA1;RRAGC;MTOR;XBP1;SLC38A9;LAMTOR5;SESN2;CASTOR3P;LAMTOR4;CPEB4;IPO5;CASTOR2;LAMTOR3
ERICH1,GO_Biological_Process_2023,prerank,Negative Regulation Of Protein Catabolic Process (GO:0042177),-0.34327978839160134,-0.8724919894333586,0.6986817325800376,1.0,1.0,23/54,24.77%,TIMP1;PRKCG;CYP51A1;ALAD;AZIN2;PIN1;DAB2IP;RIC1;SNCA;MAD2L1;GABARAPL2;SNRNP70;TIMP3;IRAK3;PTPN3;ROCK1;ANXA2;SNX3;BANP;TIMP2;OPHN1;PSMF1;HMGCR
ERICH1,GO_Biological_Process_2023,prerank,Positive Regulation Of Phagocytosis (GO:0050766),0.33585644865456427,0.8724813421967847,0.7050209205020921,1.0,1.0,13/60,16.76%,AZU1;SLC11A1;FCER1G;C3;TULP1;TUB;PLCG2;IL15RA;IL15;C2;GAS6;LMAN2;CALR
ERICH1,GO_Biological_Process_2023,prerank,Epithelial Cilium Movement Involved In Extracellular Fluid Movement (GO:0003351),-0.42368283856449035,-0.8724113626307836,0.6431226765799256,1.0,1.0,7/19,18.08%,CCDC103;SPA17;SPEF2;AQP4;SPAG17;DNAAF2;CFAP53
ERICH1,GO_Biological_Process_2023,prerank,Cellular Response To Organonitrogen Compound (GO:0071417),-0.3143845040871394,-0.8724081974126507,0.7552581261950286,1.0,1.0,33/104,21.56%,P2RX3;NR1H4;HTR1B;P2RY6;P2RY11;MEF2C;RAP1B;PDE2A;HCN2;CFTR;HSP90B1;CAPN2;RRAGA;CIB2;GOLPH3;ROCK2;LARS1;GLRA1;RRAGC;MTOR;GABRG2;XBP1;SLC38A9;SLC26A6;INPP5K;DHX8;RAPGEF1;P2RY1;SHMT1;LAMTOR5;SLIT2;SESN2;HCN4
ERICH1,GO_Biological_Process_2023,prerank,Neural Crest Cell Migration (GO:0001755),0.36113255357970236,0.8722900580798767,0.6733870967741935,1.0,1.0,13/36,17.79%,PITX2;CORO1C;GDNF;SEMA3F;SEMA4D;NELL1;SEMA5B;SEMA6A;SEMA3G;SEMA3E;SEMA3B;SEMA3C;PHACTR4
ERICH1,GO_Biological_Process_2023,prerank,Regulation Of Mononuclear Cell Migration (GO:0071675),0.4051606712836234,0.872094677707504,0.6555323590814196,1.0,1.0,6/22,14.29%,CCL5;CXCL17;CSF1;STK10;MSN;MAPK3
ERICH1,GO_Biological_Process_2023,prerank,Peptidyl-Serine Modification (GO:0018209),0.2941636061839844,0.8718110553229136,0.7951541850220264,1.0,1.0,48/166,19.73%,PCK1;TTBK1;IKBKE;IKBKB;PDGFB;STK39;VRK2;MAP3K10;MYO3B;GRK2;GSK3B;MBOAT4;NEK6;PRKCI;VRK3;CDC7;HIPK3;PKN1;GALNT16;MGAT5B;PRKACA;MAPKAPK2;GALNT1;TNKS;LATS1;CDK1;CAB39;TBK1;HIPK2;GALNT2;PAK2;POGLUT1;NDNF;CSNK1G1;PRKCE;GAS6;CSNK1G2;MAP3K13;DMPK;PLK1;DYRK1A;EIF2AK3;PDPK1;CSNK2A1;RICTOR;NTMT1;PRKACB;PRKDC
ERICH1,GO_Biological_Process_2023,prerank,Regulation Of Mitotic Cell Cycle (GO:0007346),0.3040159418625481,0.8715173480639798,0.7782705099778271,1.0,1.0,51/124,23.93%,NKX3-1;ANAPC5;BRD7;DUSP3;CCDC8;RNF40;SDCBP;ANGEL2;CUL9;NEK6;CAV2;PIM2;DLGAP5;ASNS;CCDC57;SCRIB;CDK10;RPRM;CDC25B;FZR1;TFAP4;HSF1;ANAPC2;YWHAE;NEK2;CDK11A;BORA;GBF1;TMEM8B;CDK5RAP3;PLK1;ZNF268;MKI67;KIF20B;CDC27;LGMN;FBXO5;BTG2;CDC20;CKS1B;ERCC2;DAPK3;PDXP;HNRNPU;SMOC2;SOX9;IQGAP1;CDC25C;BTG3;USP22;MDM2
ERICH1,GO_Biological_Process_2023,prerank,Dicarboxylic Acid Metabolic Process (GO:0043648),0.3419937278216041,0.8711314932682165,0.6893004115226338,1.0,1.0,13/50,17.46%,PCK1;GLUD2;ALDH5A1;MTHFD2L;MDH1B;MDH1;ADHFE1;IDH2;PHYH;MTHFS;HAAO;MTHFD2;ACLY
ERICH1,GO_Biological_Process_2023,prerank,Regulation Of MAPK Cascade (GO:0043408),0.2869550130185357,0.8710305425470325,0.8837209302325582,1.0,1.0,55/203,16.29%,ETFA;GREM1;PPEF2;REN;IL6;EPHA8;GPR37L1;PDGFB;DUSP3;IGF1;P2RX7;DOK5;STYXL2;VRK2;ART4;DUSP9;PKHD1;EPHA2;NEK10;ALOX12B;CHRNA7;ADRA2C;FGFR2;PLCG2;DOK6;RASGRP1;CAV2;KSR1;FAS;ZDHHC17;DUSP26;BMP4;SLA;TAOK2;CCNA2;DUSP7;PAK6;SHC1;SPRED3;TIRAP;DOK3;IAPP;GRB2;LAMTOR1;SPRED2;MAPK3;PAK2;IGFBP6;GPER1;MAP2K1;MINK1;EPHA7;WWC1;KDR;DUSP16
ERICH1,GO_Biological_Process_2023,prerank,Regulation Of Establishment Or Maintenance Of Cell Polarity (GO:0032878),-0.42380650579393564,-0.8710099131359061,0.6358381502890174,1.0,1.0,10/18,21.56%,RUFY3;RAP1B;ROCK2;PTK2B;SHTN1;KANK1;RIPOR2;ROCK1;RACK1;KRIT1
ERICH1,GO_Biological_Process_2023,prerank,Negative Regulation Of Cell Motility (GO:2000146),0.30052277703912583,0.8709681614805544,0.8176352705410822,1.0,1.0,48/132,21.77%,AMH;RHOB;DPEP1;ALOX15B;DUSP3;EMILIN1;DNAI3;DACH1;MIA3;STC1;EMILIN2;IGFBP5;DLG5;LIMCH1;ROBO1;SERPINE1;CRK;CCDC125;MAPK15;EPHA1;NGFR;PTPRK;ARID4A;SPINT2;SULF1;SF3B3;PTPRU;MMRN2;FOXO3;DPYSL3;ADARB1;SMAD7;RAP2A;SAP30L;HDAC1;NF1;IFITM1;MAGI2;STK26;SUDS3;NAV3;BST2;SAP30;RAP2C;LDLRAD4;SINHCAF;SFRP2;SIN3A
ERICH1,GO_Biological_Process_2023,prerank,Adenylate Cyclase-Modulating G Protein-Coupled Receptor Signaling Pathway (GO:0007188),0.2956297157639935,0.8709519434646056,0.8278867102396514,1.0,1.0,30/161,13.34%,GNAT1;ADGRE3;PTGER3;PF4;ADGRG3;TBXA2R;GPR37L1;CRHR1;PTH1R;ADCY6;CCR3;MC1R;GPR26;PTGER1;OPRK1;OPRL1;ADM5;TSHR;CALCR;MTNR1A;ADGRG5;ADCY8;NPY1R;ADGRB1;ADCY2;PSAP;HTR1E;VIPR2;RAMP2;IAPP
ERICH1,GO_Biological_Process_2023,prerank,DNA-templated DNA Replication (GO:0006261),-0.33052057323059,-0.8706984672738537,0.724007561436673,1.0,1.0,37/69,28.29%,CHRAC1;CDC45;LRWD1;WRN;POLE2;MCM10;WDHD1;PRIMPOL;MCM6;MCM5;SSBP1;RAD51;RFC4;HMGA1;POLD1;ORC3;GINS1;RECQL;POLG2;GINS3;RFC3;MCM7;RPA1;GINS4;MCM4;POLA2;RFC5;HELB;PRIM1;WRNIP1;POLD2;MCM3;MCM2;POLE3;POLB;GINS2;POLA1
ERICH1,GO_Biological_Process_2023,prerank,Organelle Disassembly (GO:1903008),0.3451422281378654,0.8704869870832623,0.7067510548523207,1.0,1.0,23/54,22.32%,KIF9;SNX33;HBS1L;SNX7;TEX264;UBA5;MAP4;UFC1;PRKAA2;CDK1;KAT5;GBF1;DENR;STX5;DDRGK1;EIF2D;PLIN3;KIF5B;ZFAND1;MTIF2;UFM1;KLC1;PLAAT3
ERICH1,GO_Biological_Process_2023,prerank,Visual Perception (GO:0007601),-0.3148936454879892,-0.8704557061373065,0.7513711151736746,1.0,1.0,15/101,8.43%,RS1;PAX2;RD3;CHRNB2;GNAT2;GPR179;CRYBA1;NXNL2;CNGB1;DNAJC19;EYA4;GUCY2F;DHRS3;COL18A1;CRYGN
ERICH1,GO_Biological_Process_2023,prerank,Positive Regulation Of DNA-templated Transcription Initiation (GO:2000144),0.3410600365584153,0.8704235780123716,0.7344064386317908,1.0,1.0,19/56,19.90%,HNF1A;TWIST1;MED20;MED7;TAF5;MED9;JUN;TAF2;TAF9;MED26;TAF12;MED8;MED22;MED14;MED29;MED27;MED12;MED17;MED4
ERICH1,GO_Biological_Process_2023,prerank,Regulation Of Receptor Signaling Pathway Via JAK-STAT (GO:0046425),-0.35082694461118075,-0.8704230817876343,0.7169811320754716,1.0,1.0,12/52,13.65%,JAK2;HES1;NOTCH1;VHL;F2;GH2;CAMK2A;KIT;NF2;CALM1;EGF;JAK3
ERICH1,GO_Biological_Process_2023,prerank,Negative Regulation Of Calcium Ion Transmembrane Transporter Activity (GO:1901020),-0.3808199178071809,-0.8702283378617679,0.683111954459203,1.0,1.0,8/30,16.35%,CLIC2;PLN;DRD4;CALM3;TRDN;CALM1;ATP1A2;UBQLN1
ERICH1,GO_Biological_Process_2023,prerank,"Negative Regulation Of Gene Expression, Epigenetic (GO:0045814)",-0.3454347281134441,-0.870177632198036,0.6994328922495274,1.0,1.0,24/50,24.80%,SDR16C5;TRIM27;CHEK1;USP7;SMARCA5;MORC2;SMYD5;SIRT1;TASOR;UHRF1;SIRT6;DNMT1;L3MBTL1;DPPA3;LMNA;INSL6;CTBP1;UHRF2;EZH1;RB1;KMT2D;HMGB1;SPTY2D1;PPM1D
ERICH1,GO_Biological_Process_2023,prerank,Response To Reactive Oxygen Species (GO:0000302),0.33064788239305554,0.8700720649504964,0.7388663967611336,1.0,1.0,21/65,19.86%,PTPRN;HYAL1;STK25;JUN;FYN;PDGFRA;MMP9;TXNRD2;PEX5;HYAL2;GLRX2;PTPRK;MAPK3;FOS;PXN;PRDX3;CAT;PEX14;MPV17;COA8;STK26
ERICH1,GO_Biological_Process_2023,prerank,Regulation Of Membrane Protein Ectodomain Proteolysis (GO:0051043),-0.4164615815791003,-0.870059282208143,0.6548507462686567,1.0,1.0,8/21,22.54%,TIMP1;PACSIN3;TNFRSF1B;TIMP3;SH3D19;PTPN3;ROCK1;TIMP2
ERICH1,GO_Biological_Process_2023,prerank,Positive Regulation Of Cholesterol Efflux (GO:0010875),0.4051387245819313,0.86989568112428,0.6327800829875518,1.0,1.0,8/22,20.91%,ABCA3;ABCA7;GPS2;ZDHHC8;NR1H3;PPARG;EEPD1;CAV1
ERICH1,GO_Biological_Process_2023,prerank,Negative Regulation Of Small GTPase Mediated Signal Transduction (GO:0051058),0.4093002119123339,0.8698208535437663,0.6532258064516129,1.0,1.0,12/20,27.11%,FBP1;MAPKAP1;ARHGAP25;SYNGAP1;CYRIB;SPRY1;MFN2;SPRY4;SPRY2;CD2AP;EPHB2;STAMBP
ERICH1,GO_Biological_Process_2023,prerank,Cellular Response To Organic Substance (GO:0071310),-0.32363613639989763,-0.8696403762019664,0.7401869158878505,1.0,1.0,21/80,19.28%,NR1H4;GNRHR;FLT3;CDK9;NPFFR1;KHSRP;HCRTR1;TIPARP;RAMP1;LEF1;MME;SLIT1;RHOA;NLRP12;QRFPR;NPFFR2;HAX1;SYK;HCLS1;INPP5K;NFAT5
ERICH1,GO_Biological_Process_2023,prerank,Cilium Organization (GO:0044782),0.2841373836923586,0.8695784198730646,0.8893709327548807,1.0,1.0,66/226,20.44%,CIBAR2;CCNO;IFT43;PLA2G3;CFAP54;TEKT2;CEP41;CEP19;B9D2;DCDC2;PTPDC1;CEP78;RILP;ABLIM1;OFD1;RFX3;TSGA10IP;B9D1;DUSP23;IFT80;KIF3A;PHIP;EHD4;MAP4;GSN;CCDC57;RFX2;CCP110;OCRL;BBIP1;EHD2;CEP131;NME8;SEPTIN6;FNBP1L;IFT46;IQUB;DZIP1;TMEM237;TMEM216;GBF1;TMEM107;AVIL;RILPL2;CDC14B;IFT74;DISC1;CEP162;TBC1D31;ARL13B;IFT172;CEP89;KIF24;SCLT1;IFT122;DYNC2I2;CC2D2A;WDR19;IFT20;IFT27;UNC119B;IQCG;SEPTIN7;FLNA;TOGARAM1;TRAF3IP1
ERICH1,GO_Biological_Process_2023,prerank,Ubiquitin-Dependent ERAD Pathway (GO:0030433),-0.32610856169107794,-0.8693775267469634,0.75,1.0,1.0,27/73,22.64%,UBXN4;OS9;FBXO6;MARCHF6;CALR3;UBE2J1;HSPA5;SEL1L;RHBDD2;UBQLN2;DERL2;SELENOS;HSP90B1;TMUB2;FAM8A1;EDEM1;UBQLN1;RNF5;RNF175;ERLIN2;DERL3;MAN1A1;TMEM67;ERLEC1;DNAJB9;FOXRED2;DNAJC10
ERICH1,GO_Biological_Process_2023,prerank,Regulation Of Early Endosome To Late Endosome Transport (GO:2000641),0.42021768571764145,0.8693169950834648,0.6199575371549894,1.0,1.0,9/18,19.66%,RAB21;SNX12;VPS11;MSN;MAPK3;MAP2K1;EZR;RDX;MTMR2
ERICH1,GO_Biological_Process_2023,prerank,Plasma Membrane Bounded Cell Projection Assembly (GO:0120031),0.27928255448155104,0.8689781816832879,0.9264705882352942,1.0,1.0,84/273,20.44%,CIBAR2;CCNO;IFT43;PLA2G3;CFAP54;TEKT2;CEP41;CEP19;B9D2;DCDC2;PTPDC1;P2RX7;NTN1;SDCBP;RILP;ABLIM1;OFD1;NELL1;RFX3;S1PR1;EMP1;B9D1;DUSP23;IFT80;KIF3A;PHIP;FGD4;EHD4;GSN;CCDC57;RFX2;OCRL;BBIP1;EHD2;CEP131;NME8;AIF1L;ARHGEF7;SEPTIN6;FNBP1L;IFT46;PIP5K1A;IQUB;RHOD;DZIP1;TMEM237;TMEM216;MINK1;CCDC88A;GBF1;TMEM107;EZR;AVIL;ITGB1;RILPL2;ARF6;CDC14B;IFT74;ARHGEF6;DISC1;CEP162;TNIK;CARMIL1;RAP2A;TBC1D31;ARL13B;IFT172;CEP89;KIF24;MTSS1;SCLT1;IFT122;DYNC2I2;CC2D2A;WDR19;IFT20;IFT27;STK26;UNC119B;SEPTIN7;FLNA;TOGARAM1;FMNL3;TRAF3IP1
ERICH1,GO_Biological_Process_2023,prerank,Organelle Fission (GO:0048285),0.3966561875062246,0.8686538947010167,0.6597938144329897,1.0,1.0,9/22,17.40%,CORO1C;PEX11A;OPA1;MTFP1;DNM1L;SLC25A46;PEX19;WASHC5;MTFR1
ERICH1,GO_Biological_Process_2023,prerank,Regulation Of Peptidase Activity (GO:0052547),0.393217853486913,0.8685975908710036,0.654320987654321,1.0,1.0,6/27,13.88%,EPPIN;SERPINB4;PSMB8;CTSH;SVBP;CTSL
ERICH1,GO_Biological_Process_2023,prerank,Positive Regulation Of Cytokine Production (GO:0001819),-0.27679017042928744,-0.8684125005054117,0.9405405405405406,1.0,1.0,63/318,17.89%,TRIM15;HAVCR2;IL23R;NR1H4;TIGIT;TICAM1;BTN3A1;JAK2;NFAM1;G3BP1;IL23A;CD274;TXK;C5;RAB7B;XCL1;CLEC6A;GATA3;IFI16;TRIM27;LCP1;HLA-G;FLT4;MYD88;CD276;ZP3;HSPA1B;LTB;AGER;DHX58;APP;PTGER4;TNFSF4;NLRP10;MYDGF;IRF4;HTR2B;CD46;DDIT3;CEBPB;BCL10;AGPAT2;PLA2R1;CCBE1;AGT;S100A13;SOD1;SCIMP;APPL1;ROCK2;SPTBN1;TMEM106A;HMOX1;PRKCQ;SPHK1;ZBTB7B;DHX33;SYK;RARA;XBP1;RIPK2;ZNF580;SULF2
ERICH1,GO_Biological_Process_2023,prerank,Actin Filament Organization (GO:0007015),-0.30102416145303157,-0.8684112657604164,0.8173076923076923,1.0,1.0,37/144,18.39%,POF1B;LMOD3;ELMO3;SERPINB8;CORO1B;MYO1G;MYO1A;ACTA1;LCP1;CORO1A;RUFY3;MYO1C;RHOG;MYO1F;FLII;CARMIL2;SPIRE2;GAS2L1;MYO5C;TRPV4;CDC42;MYO5B;WHAMM;MYO1B;ALDOA;NOSTRIN;ARHGAP12;TPM2;TAGLN2;ENAH;PPP1R9A;SHROOM4;WAS;HCLS1;CDC42EP2;ELMO2;DBN1
ERICH1,GO_Biological_Process_2023,prerank,T Cell Activation (GO:0042110),0.30826653789381603,0.8683790766213239,0.7702127659574468,1.0,1.0,5/103,2.15%,CD3E;CD1C;ITK;JAML;CD8B
ERICH1,GO_Biological_Process_2023,prerank,Positive Regulation Of Phosphate Metabolic Process (GO:0045937),0.3798126588445067,0.86826913952617,0.6836734693877551,1.0,1.0,6/30,9.80%,AMH;PTH1R;CCL5;SDCBP;NELL1;DHX34
ERICH1,GO_Biological_Process_2023,prerank,Regulation Of Neuron Migration (GO:2001222),0.37536739402620095,0.8680466132851942,0.6673960612691466,1.0,1.0,6/29,12.10%,IGSF10;TNN;NTNG1;CTNNA2;RELN;SEMA6A
ERICH1,GO_Biological_Process_2023,prerank,Signal Transduction By P53 Class Mediator (GO:0072331),0.36740367804234497,0.8678240758218495,0.700218818380744,1.0,1.0,14/33,23.17%,GREM1;ZNF385B;TP53BP2;BCL3;USP10;MYO6;MDM4;FHIT;CASP6;TRIAP1;TP53;PAXIP1;NBN;POU4F1
ERICH1,GO_Biological_Process_2023,prerank,Regulation Of Plasma Membrane Bounded Cell Projection Assembly (GO:0120032),-0.3232726108446003,-0.8677884285176892,0.7360594795539034,1.0,1.0,30/75,25.20%,TBC1D10C;DAAM2;DYNC2LI1;FUZ;INTU;SGSM3;CDC42;ATG5;FXR1;FSCN1;TBC1D2B;ATP8B1;CDKL1;WAS;TBC1D16;RAB17;PLD1;TBC1D14;DYNLT2B;ODAD3;TBC1D22A;WDPCP;ATG3;FMR1;TBC1D19;P2RX4;TWF1;RAB5A;PODXL;CYLD
ERICH1,GO_Biological_Process_2023,prerank,Regulation Of Heart Contraction (GO:0008016),0.32743302776543076,0.8676758659670248,0.738430583501006,1.0,1.0,17/69,17.18%,FOXN4;SCN10A;ATP2B3;KCNJ12;DES;MEF2A;APELA;ATP2A1;FXYD1;KCNE5;SLC8A2;PRKACA;SLC8A3;PDE4D;ATP2B4;DMPK;SMAD7
ERICH1,GO_Biological_Process_2023,prerank,Double-Strand Break Repair (GO:0006302),-0.2941667389195019,-0.8676615039204265,0.8324420677361853,1.0,1.0,66/168,25.13%,EXD2;XRCC5;ACTR5;HUS1;IFFO1;RAD50;SMC5;NABP2;STON1;SWSAP1;CHEK2;CIB1;XRCC6;CHD4;LIG3;NSMCE1;WRN;TONSL;SETMAR;MORF4L1;AP5S1;DDX1;RNF168;RMI1;TRIP13;DCLRE1C;ATM;RBBP8;SIRT6;NPC1;HMGB2;RAD51;UBE2N;FSCN1;NSMCE4A;MTA1;RFWD3;RPA2;ERCC1;NHEJ1;POLM;RECQL;NUCKS1;ERCC4;SETX;NSD2;YY1;ANKLE1;PIAS4;RAD51AP1;POLL;FEN1;RPA1;FBH1;SWI5;TDP1;SAMHD1;ACTR8;HMGB1;MCM8;RNF138;MUS81;RAD54B;DEPDC1B;PARP2;NSMCE3
ERICH1,GO_Biological_Process_2023,prerank,Protein Acetylation (GO:0006473),-0.38339181952061996,-0.867516467921766,0.6772983114446529,1.0,1.0,16/29,25.59%,KAT2B;HAT1;SIRT1;BLOC1S1;SPHK1;MAPT;KAT6A;NAA50;EP300;ESCO2;NAA80;NAA16;NAA10;NAT10;ING4;NAA15
ERICH1,GO_Biological_Process_2023,prerank,Positive Regulation Of TORC1 Signaling (GO:1904263),-0.38706208756171956,-0.8671925754389334,0.6593001841620626,1.0,1.0,16/27,21.66%,STAMBPL1;PIH1D1;TELO2;SEC13;CASTOR1;RRAGA;KLHL22;GPR137B;WAC;LARS1;SLC38A9;CLEC16A;LAMTOR5;OTUD5;SESN2;WDR59
ERICH1,GO_Biological_Process_2023,prerank,Neuron Projection Morphogenesis (GO:0048812),0.2965440075763038,0.8671364983454952,0.820675105485232,1.0,1.0,48/146,19.53%,SLITRK6;TNN;PLPPR4;SLITRK4;DCDC2;NLGN1;MEF2A;NTNG1;SLITRK3;FGFR2;CTNNA2;DOCK10;ADGRB1;BMP7;ZDHHC17;FLRT1;CCK;TRIM46;DTNBP1;CNTNAP1;BTBD3;TAOK2;SHANK3;APBB1;RAB3A;DCLK1;NTF4;CTTN;MAP2;MAP6;CPNE1;MINK1;BDNF;TUNAR;DNM2;DIP2A;NCKAP1;RYK;KIF20B;NYAP1;TNIK;DLG4;NRCAM;GPM6A;SSNA1;BAIAP2;ATL1;SLITRK5
ERICH1,GO_Biological_Process_2023,prerank,GPI Anchor Metabolic Process (GO:0006505),-0.3899290917526425,-0.8670817474615936,0.6587301587301587,1.0,1.0,10/26,20.00%,PGAP1;PIGO;PIGZ;DPM3;PGF;DPM1;PIGW;PIGN;PIGA;PGAP4
ERICH1,GO_Biological_Process_2023,prerank,Positive Regulation Of Growth (GO:0045927),0.3183598393316491,0.8662966249698835,0.7648305084745762,1.0,1.0,24/81,22.13%,AGR2;LGI1;CSNK2A3;HYAL1;SDCBP;HDGFL2;RPTOR;RPS6KA1;MAPKAP1;PABIR1;MLST8;DDX3X;YAP1;BCL2;WFS1;EXOSC4;ZPR1;PPM1F;CSNK2A1;RICTOR;ERBB2;AKT1;SFRP2;EGFR
ERICH1,GO_Biological_Process_2023,prerank,Cellular Component Assembly (GO:0022607),0.27974120702405747,0.8661816826621821,0.9265658747300216,1.0,1.0,72/257,18.63%,CD3E;TLCD2;DET1;RSPH6A;JHY;ELN;TEX12;CLDN14;NFE4;LRRC43;GPAA1;ARL6IP1;NLGN1;CARD10;NLGN4X;FZD1;KNTC1;CAPN3;TUBGCP2;STAG3;STK25;RSPH1;ANKS4B;SYCP1;AP2M1;TINF2;PCLO;GPM6B;FAS;OTX2;GSN;ZFYVE27;FAM107A;HAS2;VCPIP1;NLGN4Y;TEX11;VMP1;DNM1L;RTN3;SHROOM1;TAPBP;TFAP4;SYCE3;AIF1L;TLCD1;YAP1;KMT2A;HSF1;RHOD;MICAL1;NEMF;DPYSL3;EZR;MDM4;PLS3;LIMD2;ELOB;GAS6;SLC25A46;TGFB1;VIL1;NCKAP1;LIN7A;PKP2;SNX9;YTHDF2;PEX14;DLG4;APBA1;CCDC40;PICALM
ERICH1,GO_Biological_Process_2023,prerank,Negative Regulation Of Protein Localization To Membrane (GO:1905476),0.3933056750018718,0.8660429901509843,0.6494382022471911,1.0,1.0,9/25,18.63%,TMBIM1;MRAP2;TMEM59;PPP2R5A;AP2M1;PID1;PPFIA1;TGFB1;PICALM
ERICH1,GO_Biological_Process_2023,prerank,Cardiac Muscle Cell Differentiation (GO:0055007),-0.3877511095968054,-0.8657084027658721,0.6751824817518248,1.0,1.0,9/27,18.19%,BMP2;SIK1;ASB2;MEF2C;IRX3;SIRT6;ALPK3;AKAP13;NRG1
ERICH1,GO_Biological_Process_2023,prerank,Response To Peptide Hormone (GO:0043434),0.3436557842797737,0.865569570464524,0.6919739696312365,1.0,1.0,14/54,17.47%,PCK1;ANXA1;SLC27A1;TRIM16;IGFBP5;EIF2B4;IRS1;TSC1;ZBED3;STAT5B;KHK;GPER1;STAT4;CYP11A1
ERICH1,GO_Biological_Process_2023,prerank,Regulation Of Interleukin-6 Production (GO:0032675),0.30222101475261676,0.8655482120532798,0.8059071729957806,1.0,1.0,24/113,16.28%,TNFAIP3;IL6;NMBR;TLR7;TWIST1;IL6R;IL16;C1QTNF3;EOLA1;LGALS9;IL17D;PLCG2;TLR2;C1QTNF4;ELF4;SPHK2;CD200R1;MAPKAPK2;HYAL2;TIRAP;SETD4;NMB;CD200;GAS6
ERICH1,GO_Biological_Process_2023,prerank,ncRNA Processing (GO:0034470),-0.31429587515576485,-0.8654370782666414,0.7651663405088063,1.0,1.0,45/100,26.02%,RPP30;DIS3;NOL8;PIH1D1;RPP21;XRN2;SPPL2B;RRP36;INTS12;RRP9;EMG1;UTP15;DDX49;EXOSC3;NOB1;DCAF13;INTS4;ESF1;EXOSC7;RPL7;TUT1;INTS5;EXOSC10;TSEN54;THG1L;ADAT1;NOL6;EXOSC9;DKC1;RRP7A;BYSL;NOP58;SSB;TSEN2;EXOSC2;INTS13;KARS1;RPS19;DDX27;RRP12;RPL35A;NOP53;RPS27;RRP7BP;INTS1
ERICH1,GO_Biological_Process_2023,prerank,Protein Kinase B Signaling (GO:0043491),0.39713128564714945,0.8652997719106479,0.6473118279569893,1.0,1.0,8/24,16.92%,NKX3-1;CCL5;IGF1;EPHA2;PIK3R3;KDR;GAS6;TGFB1
ERICH1,GO_Biological_Process_2023,prerank,Hydrogen Peroxide Catabolic Process (GO:0042744),-0.4111138453363697,-0.8652261156493734,0.6641366223908919,1.0,1.0,3/20,4.11%,GPX3;HBA1;HBQ1
ERICH1,GO_Biological_Process_2023,prerank,Cellular Response To Heat (GO:0034605),-0.3662181386711592,-0.8648139771568932,0.6744639376218323,1.0,1.0,17/35,25.87%,HSPA1B;HIKESHI;CLPB;TRPV4;PDCD6;DAXX;HMOX1;BAG3;HSP90AA1;MAPT;FGF1;IER5;DHX36;HSBP1;RBBP7;SUMO1;HTRA2
ERICH1,GO_Biological_Process_2023,prerank,Positive Regulation Of Protein Targeting To Mitochondrion (GO:1903955),0.3821617933550098,0.8647121474620593,0.6521739130434783,1.0,1.0,7/30,11.51%,HSPA1L;RHOU;ARIH2;RNF2;TOMM7;SAE1;VPS11
ERICH1,GO_Biological_Process_2023,prerank,Semaphorin-Plexin Signaling Pathway (GO:0071526),0.3730458637227262,0.8645893322173461,0.6721991701244814,1.0,1.0,13/34,20.35%,SEMA3F;SEMA4D;NELL1;PLXNA4;SEMA5B;SEMA6A;FARP2;SEMA3G;SEMA3E;SEMA3B;SEMA3C;SEMA6B;FLNA
ERICH1,GO_Biological_Process_2023,prerank,Late Endosome To Lysosome Transport (GO:1902774),-0.45078831220537424,-0.8644873123279601,0.6298449612403101,1.0,1.0,7/15,22.13%,CHMP4A;CHMP4C;CHMP5;CHMP3;CHMP1A;VPS4A;CHMP6
ERICH1,GO_Biological_Process_2023,prerank,Endomembrane System Organization (GO:0010256),-0.2884300255303139,-0.8644027837640427,0.8759124087591241,1.0,1.0,61/193,21.48%,ANXA8;SPTBN5;VAPA;GOLGA8T;SRGN;GOLGA6A;HTT;GOLGA6B;CUL7;UBXN2B;OBSL1;TMED1;BNIP1;LRRK2;ZNF501;PLEKHF1;RNF26;RAB43;RAB1B;CDC42;CR1;ARFGEF2;GOLGA2;PLEKHJ1;SMPD4;ARL1;COG8;RAB8A;DNM1;NSFL1C;LAPTM4B;EXOC8;GOLPH3;SPTBN1;RAB22A;SURF4;PHETA1;MYO18A;LMAN1;ATP8B1;ALS2;REEP5;SYP;GOLGA5;CLASP1;CSNK1D;LMNA;CSNK1A1;NUP155;DYM;OPTN;WASHC4;BAG5;SYNE1;GOLGB1;TRAPPC11;TMCC1;VPS18;VPS4A;OSBPL2;FHIP1B
ERICH1,GO_Biological_Process_2023,prerank,Golgi To Vacuole Transport (GO:0006896),0.42589732462016316,0.8641712264365973,0.6387225548902196,1.0,1.0,5/17,19.29%,GAK;AP1G2;VTI1A;LAMP1;AP3D1
ERICH1,GO_Biological_Process_2023,prerank,Positive Regulation Of Intracellular Protein Transport (GO:0090316),-0.3054258879418283,-0.8641006524425717,0.7885304659498208,1.0,1.0,47/126,23.86%,RIPOR1;TCAF2;ITGB2;KCNB1;GSK3A;RUFY3;MYO1C;MIEF1;AKAP5;CIB1;CSNK2A2;EMD;CHP1;DMAP1;TCAF1;MFF;PIN1;RBM22;PRKCD;ZC3H12A;ECT2;SIRT6;MAPK8;SH3GLB1;PDZK1;PIK3R1;RNF31;TM9SF4;BAG3;HCLS1;PCNT;PRR5L;PSEN1;C2CD5;MICALL2;VAMP2;EP300;PLK3;RAN;NMT1;CEP290;CAMK1;AKT2;CHP2;CD81;ANK3;ZIC1
ERICH1,GO_Biological_Process_2023,prerank,mRNA Transcription (GO:0009299),0.34965154703958173,0.8640683184801996,0.7142857142857143,1.0,1.0,15/43,21.48%,CYP27B1;HLTF;TAF5;HIPK3;TAF2;TAF9;ZBTB1;TAF12;HSF1;NR1H3;PPARG;RXRB;TP53;NCOA2;S100A10
ERICH1,GO_Biological_Process_2023,prerank,Negative Regulation Of Cysteine-Type Endopeptidase Activity Involved In Apoptotic Process (GO:0043154),-0.34683086836085847,-0.8637472111461215,0.7178571428571429,1.0,1.0,15/49,17.33%,PAX2;IFI6;NOL3;SFN;AVP;PIH1D1;NAIP;BCL2L12;SRC;SNCA;GPX1;RPS6KA3;KLF4;SIAH2;CD44
ERICH1,GO_Biological_Process_2023,prerank,Regulation Of DNA Damage Checkpoint (GO:2000001),-0.42541678878804573,-0.863729221978537,0.6496945010183299,1.0,1.0,8/18,19.46%,TELO2;CCAR2;CRY1;BARD1;RAD51;RFWD3;RPA2;TTI1
ERICH1,GO_Biological_Process_2023,prerank,Regulation Of Bone Resorption (GO:0045124),0.38381479440215066,0.8634817937843295,0.6583333333333333,1.0,1.0,6/28,13.46%,TNFAIP3;IL6;P2RX7;S1PR1;GPR137;BGLAP
ERICH1,GO_Biological_Process_2023,prerank,Cholesterol Transport (GO:0030301),-0.34500901998657146,-0.863450411584433,0.7249544626593807,1.0,1.0,19/51,27.20%,NPC1L1;STARD3;OSBP;APOM;STARD4;STARD5;NPC1;RELCH;APOC1;STARD3NL;VPS4A;OSBPL2;LIPG;LDLR;APOE;OSBPL5;SCARB1;AKR1C1;ABCA5
ERICH1,GO_Biological_Process_2023,prerank,Neutrophil Chemotaxis (GO:0030593),-0.329546209857731,-0.8633370937526539,0.7657142857142857,1.0,1.0,11/68,17.19%,CXCL13;ITGB2;CXCL2;CCL25;XCL1;CXCL5;PIP5K1C;CXCL6;SRP54;CXCL1;SYK
ERICH1,GO_Biological_Process_2023,prerank,Nitrogen Compound Transport (GO:0071705),-0.29382781317522955,-0.8633313413000329,0.8542435424354243,1.0,1.0,55/162,22.00%,RD3;HBA1;ARRDC4;CBLIF;SLC6A12;SLC36A2;SLC18A2;SLC22A4;SLC25A11;HIKESHI;SLC12A2;TOM1;SLC19A3;RAMP1;ARRDC2;SCAMP1;RHCE;SLC26A11;ABCC2;LRP2;SLC7A3;HSP90B1;ABCC4;SLC15A3;SNX4;SLC13A4;SLC6A15;SLC22A5;RCAN3;SCAMP4;SLC7A2;SLC29A2;SLC6A3;SLC1A5;RHD;PICK1;CERT1;RUFY1;CHMP3;NRG1;SLC26A6;CHMP1A;RALBP1;SLC13A3;SCAMP5;VAMP2;SLC7A1;CALCRL;SLC3A2;SLC38A1;SLC7A8;SLC19A2;SFXN5;SLC1A4;SLC38A4
ERICH1,GO_Biological_Process_2023,prerank,Response To Lipid (GO:0033993),-0.30533520109555484,-0.8633307439118789,0.7734082397003745,1.0,1.0,28/109,18.21%,LY96;IL23R;GPX3;JAK2;NOS1;ESR1;AQP3;IFNAR1;NOCT;ALDH1A2;WNT9B;CITED1;MAPKAPK3;TNFRSF11A;POLR2D;HSD17B2;SNCA;LIAS;MICB;RPS6KA3;HMGB2;HNRNPA0;PAQR8;SMAD6;SYK;RARA;PALM3;NOS2
ERICH1,GO_Biological_Process_2023,prerank,RNA Methylation (GO:0001510),-0.3299082925611517,-0.8632734729748135,0.756007393715342,1.0,1.0,21/62,21.70%,LCMT2;TARBP1;THUMPD3;SNRPF;MTO1;PCIF1;THUMPD2;FBLL1;FTSJ3;NSUN3;TRMT44;SNRPB;BCDIN3D;HENMT1;METTL8;METTL5;METTL14;SNRPG;SNRPD2;TRMT12;CMTR1
ERICH1,GO_Biological_Process_2023,prerank,Cardiac Muscle Tissue Development (GO:0048738),-0.3436990920504927,-0.8629745752374771,0.7113207547169811,1.0,1.0,16/52,20.88%,BMP2;NOTCH1;SIK1;ASB2;MSX1;SMAD5;MYL7;POLR2D;BMPR2;SIRT6;SGCG;AKAP13;NRG1;BMPR1A;ZFPM1;GJA1
ERICH1,GO_Biological_Process_2023,prerank,B Cell Receptor Signaling Pathway (GO:0050853),0.36543311271517337,0.8629322799990761,0.6845360824742268,1.0,1.0,5/37,8.93%,ITK;CD38;CD19;BCAR1;PLCG2
ERICH1,GO_Biological_Process_2023,prerank,Oogenesis (GO:0048477),0.43426545429694136,0.8629006016954035,0.6371308016877637,1.0,1.0,2/15,7.32%,PIWIL2;MARF1
ERICH1,GO_Biological_Process_2023,prerank,Organelle Organization (GO:0006996),0.26761767387990254,0.8628239640237509,0.9682926829268292,1.0,1.0,143/414,22.34%,TNFAIP3;FANCG;PARK7;CFAP410;PLIN5;NOS3;KIF9;KISS1;ATP8B2;RHOU;DES;SEC31B;COG7;DIAPH1;RAB18;CEP78;FMNL2;TAFAZZIN;SIPA1;GAK;REEP6;MICAL2;MIA3;NOA1;BCS1L;PEX11A;OPA1;TMEM11;AFG1L;STRIP2;TSGA10IP;KIF25;PCLO;BIN1;FITM2;RAB3GAP1;PRKCI;CAV2;KIF3A;PLEKHM2;LYSMD3;DOP1B;SH3KBP1;PHIP;MAPKAP1;FGD4;CHGA;ATP8B3;VPS51;CNTNAP1;RAB14;KIF4A;TMED6;VPS11;LONP2;MAPK15;SEMA6A;VPS13D;PAK6;MLST8;VMP1;DNM1L;ZMYM4;ADCK1;ABI2;PEX7;BCAS3;CLUH;SH3BGRL3;TOR1AIP2;ARHGEF7;TMED4;FNBP1L;SEC31A;ATL2;BSCL2;ATAD3C;GORASP1;ABCD1;PDZD8;MICAL1;TMED2;PRDX3;GBF1;RANBP10;CHMP1B;SNX11;DIAPH3;PEX19;VPS4B;SAR1A;MTFR1;YTHDF2;CECR2;PEX14;HPS3;TJAP1;TNIK;PDCD6IP;AGTPBP1;EIF2AK3;CHMP2B;ARHGAP21;PHB1;CEP89;ARFGEF1;BLZF1;KLHL20;PARP1;PEX16;TOR1B;RICTOR;ATL1;DST;MTX2;MTX3;SEC61A1;TMED9;AUP1;CAPZB;PEX1;IQCG;FMNL3;UBXN2A;YTHDF3;KIF5C;ATAD3B;VAPB;BRWD1;CAV1;CHMP7;ZW10;DNAJA3;CEP55;LNPK;RHOT1;CHCHD2;NUMA1;PEX11B;STOML2;MREG;PLAAT3;EPS15
ERICH1,GO_Biological_Process_2023,prerank,Histone mRNA Metabolic Process (GO:0008334),-0.3998105387624957,-0.8624998820406748,0.6752988047808764,1.0,1.0,12/23,22.21%,ERI1;TENT4B;NCBP1;CPSF2;TUT1;EXOSC10;CPSF3;TENT2;NCBP2;LSM1;SLBP;SSB
ERICH1,GO_Biological_Process_2023,prerank,Positive Regulation Of Peptide Hormone Secretion (GO:0090277),-0.3519918410852845,-0.8623531309628626,0.7148514851485148,1.0,1.0,11/46,17.13%,DOC2B;GHRH;GHRHR;PSMD9;POLR2D;SIRT6;AIMP1;SOX4;GCK;TNFSF11;GLUD1
ERICH1,GO_Biological_Process_2023,prerank,Replication Fork Processing (GO:0031297),-0.35029781469941784,-0.8622598242736936,0.6985018726591761,1.0,1.0,16/46,19.62%,EXD2;RAD50;CDK9;WRN;TRAIP;TONSL;SETMAR;PRIMPOL;RBBP8;BARD1;RAD51;RFWD3;ZRANB3;ATRX;CENPS;NUCKS1
ERICH1,GO_Biological_Process_2023,prerank,Regulation Of Telomere Maintenance Via Telomere Lengthening (GO:1904356),0.42167315306046566,0.8619690072873805,0.6570155902004454,1.0,1.0,9/17,19.79%,SLX1A;SLX4;TINF2;PINX1;TNKS;TNIP1;SMG5;PARP1;TERF2
ERICH1,GO_Biological_Process_2023,prerank,Positive Regulation Of Peptidyl-Tyrosine Phosphorylation (GO:0050731),0.29909052882867465,0.861716818143226,0.7972350230414746,1.0,1.0,31/129,16.92%,GREM1;GATA1;IL6;AMH;ACE;CCL5;IL6R;PDGFB;IL12A;IGF1;PRNP;PTK6;ARL2BP;SEMA4D;NELL1;PLCG2;PARP9;ITGA5;PTPN1;UNC119;RELN;CASS4;ERBB3;IL15;GHR;HGF;PAK2;BANK1;GAS6;GPRC5B;TGFB1
ERICH1,GO_Biological_Process_2023,prerank,Response To Ketone (GO:1901654),0.41541674582116495,0.8616451127160892,0.6715176715176715,1.0,1.0,7/20,20.91%,NKX3-1;YAP1;UBE3A;NR1H3;TGFB1;THBS1;CAV1
ERICH1,GO_Biological_Process_2023,prerank,Regulation Of Phosphorylation (GO:0042325),0.31673810780993406,0.8614997102235592,0.7604395604395604,1.0,1.0,23/82,18.87%,SRPX2;AMH;IKBKB;CCL5;IGF1;CORO1C;SDCBP;NELL1;DHX34;BMP7;PHIP;BMP4;ANKLE2;FNIP1;LDB1;KDM4D;RAD17;SIRT2;CCDC88A;LDB2;THBS1;GRM5;DSCAM
ERICH1,GO_Biological_Process_2023,prerank,Mitochondrion Organization (GO:0007005),0.2939631292511942,0.8614771263574047,0.828125,1.0,1.0,60/159,22.26%,FANCG;PARK7;STMP1;NOS3;MEF2A;MYH7B;TAFAZZIN;ATP2A1;NOA1;BCS1L;OPA1;TMEM11;AFG1L;TOMM7;CAV2;PID1;VPS13D;MTFP1;DNM1L;CLUH;ATAD3C;HK2;PRDX3;TIMM9;SLC25A46;TIMM13;CHCHD3;MGME1;ATPAF1;SFI1;MTFR1;MFN1;SAMM50;AGTPBP1;SPATA18;PHB1;CEP89;PARP1;MPV17;MTX2;MTX3;TSPO;TMEM242;BNIP3L;TIMM17B;TOMM20;ATCAY;AIFM1;MFN2;TRAK2;ATAD3B;AKT3;ATP23;DNAJA3;PITRM1;NDUFS1;RHOT1;CHCHD2;ATP5F1D;STOML2
ERICH1,GO_Biological_Process_2023,prerank,Negative Regulation Of Intracellular Steroid Hormone Receptor Signaling Pathway (GO:0033144),0.36897166518401614,0.8611522164603257,0.6960985626283368,1.0,1.0,12/31,20.66%,TCF21;PER1;VPS11;SMARCA4;CALR;HDAC1;PHB1;CLOCK;PIAS2;ZBTB7A;BRCA1;STRN3
ERICH1,GO_Biological_Process_2023,prerank,Negative Regulation Of Protein Kinase Activity (GO:0006469),-0.3154797027351669,-0.8611187982490652,0.7741347905282332,1.0,1.0,28/88,22.51%,LILRB4;TARBP2;TRIM27;SFN;TRIB3;PRKRIP1;SRCIN1;PPM1E;DUSP19;CHP1;DUSP10;DAB2IP;SNCA;LRP5;NPM1;TAF7;PTPRT;WWTR1;INPP5K;GNAQ;GSKIP;RTRAF;MVP;CEP43;RB1;QARS1;CDKN1C;THY1
ERICH1,GO_Biological_Process_2023,prerank,Positive Regulation Of Fat Cell Differentiation (GO:0045600),-0.34649118388097017,-0.8608294572207343,0.7126865671641791,1.0,1.0,20/50,20.70%,BMP2;RARRES2;LCP1;NOCT;TFE3;SIX1;CDS1;CEBPB;ZC3H12A;SIRT6;ZFP36;LRP5;SOX13;ZBTB7B;XBP1;ZBTB16;TMEM64;CREB1;METRNL;LMO3
ERICH1,GO_Biological_Process_2023,prerank,Response To Zinc Ion (GO:0010043),-0.3883887443217824,-0.8608121041234722,0.6584905660377358,1.0,1.0,4/24,5.89%,SLC30A2;SLC30A4;D2HGDH;HVCN1
ERICH1,GO_Biological_Process_2023,prerank,tRNA Wobble Base Modification (GO:0002097),-0.4429744022184658,-0.8604449442276976,0.638623326959847,1.0,1.0,5/15,12.45%,ALKBH8;ELP6;ELP4;ALKBH1;MTO1
ERICH1,GO_Biological_Process_2023,prerank,Positive Regulation Of Phosphorylation (GO:0042327),-0.2844425253175758,-0.8602874533079702,0.8761552680221811,1.0,1.0,62/231,20.14%,FGF21;BMP2;TIE1;FGF9;THPO;CARD14;CCND1;FGF16;DRD4;FGFR3;FLT3;FGF20;RAD50;RARRES2;NTRK1;FLT4;NTRK2;F2;PTK2;ANG;LRRK2;PGF;AGER;BRAT1;CIB1;WNT3A;FAM20A;APP;PELI2;KCTD20;ROR2;MYDGF;DAB2;VEGFB;PIN1;PIFO;BCL10;IGF1R;EGF;SIRT1;FXR1;DAXX;EFNA5;ROCK2;INSR;PROM2;ERP29;DVL3;FGF4;FGF18;CSNK1D;PSEN1;LEPR;CD74;HSP90AA1;FGF8;TYRO3;P2RY1;FAXDC2;RALBP1;FGF1;FLT1
ERICH1,GO_Biological_Process_2023,prerank,Phagocytosis (GO:0006909),-0.32993750074506645,-0.8601518079754118,0.7380497131931166,1.0,1.0,22/68,22.39%,TIMD4;ITGB2;ALOX15;P2RY6;MYD88;CORO1A;SRPX;CDC42;PIP5K1C;LRP1;ITGAV;ADORA2A;ARHGAP12;TGM2;TM9SF4;RARA;TYRO3;ANXA11;MET;RAB11FIP2;MESD;JMJD6
ERICH1,GO_Biological_Process_2023,prerank,Unsaturated Fatty Acid Metabolic Process (GO:0033559),-0.34725963585835073,-0.8600954640792265,0.7252747252747253,1.0,1.0,14/49,14.54%,ELOVL3;FAAH;ALOX15;DAGLB;ELOVL2;ALOX5;SCD5;RAPSN;MGLL;DAGLA;ELOVL5;ACOT8;EPHX1;GPX1
ERICH1,GO_Biological_Process_2023,prerank,Cellular Response To Fatty Acid (GO:0071398),-0.4269644047149263,-0.8600272502982399,0.6428571428571429,1.0,1.0,3/16,5.72%,NR1H4;KCNK4;LCP1
ERICH1,GO_Biological_Process_2023,prerank,Response To ATP (GO:0033198),-0.41326119053170124,-0.8598044273829659,0.6745098039215687,1.0,1.0,9/20,24.47%,P2RX3;P2RY11;HSP90B1;CIB2;ENPP1;NT5E;P2RY1;TAF1;P2RX4
ERICH1,GO_Biological_Process_2023,prerank,Positive Regulation Of BMP Signaling Pathway (GO:0030513),0.39408595752238407,0.8595900744961447,0.6645435244161358,1.0,1.0,10/24,22.03%,FOXD1;SCUBE3;BMP4;ELAPOR2;CCNA2;SULF1;SMAD2;ZNF423;SMAD4;NUMA1
ERICH1,GO_Biological_Process_2023,prerank,Negative Regulation Of Viral Life Cycle (GO:1903901),-0.40671540330163714,-0.8594574615847034,0.6685823754789272,1.0,1.0,3/20,7.76%,TRIM15;LY6E;FCN3
ERICH1,GO_Biological_Process_2023,prerank,Fatty Acid Metabolic Process (GO:0006631),0.2992353613954631,0.8588812579856901,0.8233890214797136,1.0,1.0,36/122,20.04%,CYP2C19;ACSL5;PNPLA8;ACSM1;DECR2;ACOT1;ACOT2;NUDT19;ALOX12B;NAAA;FA2H;ACAD9;NDUFAB1;ELOVL4;GNPAT;ACSL1;ACOX2;FASN;MCAT;PLA2G15;PHYH;HPGD;ACOX1;ACOT11;CD36;ABCD1;ACSF3;HACL1;ACLY;ACSF2;ACAA1;ACACA;PPARD;TSPO;ACSL3;ACADM
ERICH1,GO_Biological_Process_2023,prerank,"Nuclear-Transcribed mRNA Catabolic Process, Deadenylation-Dependent Decay (GO:0000288)",-0.3615839317911295,-0.8588456172338141,0.704119850187266,1.0,1.0,18/39,20.91%,DIS3;PARN;CNOT3;EXOSC3;CNOT8;CNOT11;ZFP36;EXOSC7;PAN2;PATL2;DCP1B;DCP1A;LSM1;CNOT6L;CNOT6;EXOSC9;CNOT2;PDE12
ERICH1,GO_Biological_Process_2023,prerank,Membrane Fission (GO:0090148),-0.3607313149513141,-0.8586482115742302,0.700374531835206,1.0,1.0,18/38,22.13%,VPS37C;STAM2;VPS36;CHMP4A;EXOC6B;EXOC7;CHMP4C;EXOC6;EXOC8;CHMP5;SH3GLB1;VPS37B;CHMP3;VPS28;TMCC1;VPS4A;VPS25;CHMP6
ERICH1,GO_Biological_Process_2023,prerank,Transcription By RNA Polymerase I (GO:0006360),-0.43488763070805403,-0.858547904567407,0.6577946768060836,1.0,1.0,6/15,25.54%,POLR1C;TAF1B;UBTF;TAF1;SPTY2D1;POLR2F
ERICH1,GO_Biological_Process_2023,prerank,Notch Signaling Pathway (GO:0007219),-0.36289837956069987,-0.8584347784264907,0.728515625,1.0,1.0,8/40,12.42%,BMP2;DTX1;HES1;NOTCH1;NRARP;HEYL;NOTCH4;JAG1
ERICH1,GO_Biological_Process_2023,prerank,Regulation Of Lysosomal Lumen pH (GO:0035751),0.3924907113995578,0.8583274040050158,0.6843267108167771,1.0,1.0,11/25,21.89%,ATP6V0C;TCIRG1;TMEM9;CLN6;ATP6V1H;CCDC115;ATP6V1F;ATP6AP2;TMEM199;ATP6V0B;ATP6V0A1
ERICH1,GO_Biological_Process_2023,prerank,Regulation Of Intrinsic Apoptotic Signaling Pathway In Response To DNA Damage (GO:1902229),-0.43920366458781684,-0.8582641137367288,0.6846153846153846,1.0,1.0,6/15,24.17%,DDIAS;CCAR2;CXCL12;BCL2L1;FBH1;TMEM161A
ERICH1,GO_Biological_Process_2023,prerank,Positive Regulation Of Mitochondrial Fission (GO:0090141),-0.4230113813207424,-0.8582284641715628,0.6782273603082851,1.0,1.0,8/19,24.23%,MIEF1;MUL1;MFF;BNIP3;PGAM5;RALBP1;MARCHF5;PRKN
ERICH1,GO_Biological_Process_2023,prerank,Regulation Of Phagocytosis (GO:0050764),0.3342439059680109,0.8581714001693558,0.7170212765957447,1.0,1.0,14/58,17.07%,AZU1;SLC11A1;PRTN3;FCER1G;TULP1;TUB;TLR2;IL15RA;DYSF;IL15;GAS6;LMAN2;CALR;SYT7
ERICH1,GO_Biological_Process_2023,prerank,Positive Regulation Of Antigen Receptor-Mediated Signaling Pathway (GO:0050857),-0.40999278079854806,-0.8581118582895718,0.6730401529636711,1.0,1.0,8/20,27.19%,NFAM1;PRKCB;UXT;LCK;CD81;NECTIN2;FOXP1;PRKD2
ERICH1,GO_Biological_Process_2023,prerank,Protein Ubiquitination (GO:0016567),-0.27021637690549555,-0.8580967392520423,0.9661921708185054,1.0,1.0,154/425,25.36%,RNF225;TRIM15;UBE2E1;DTX1;ASB5;TNKS2;TRIM7;BTRC;ARRDC4;HERC3;MARVELD3;VHL;ASB2;CUL7;FBXO24;AMBRA1;SPOP;UBE2D1;OS9;FBXO45;RNF39;TPP2;USP7;FANCB;TRIM39;MUL1;MARCHF6;RNF152;UBE2T;PELI2;OTULIN;UBE2D4;AREL1;LRSAM1;TRAIP;RNF26;UBE2J1;TRIM21;MKRN1;FANCA;PEX12;SHPRH;RNF168;RNFT1;TRIM56;RNF14;NEDD4L;CBFB;CRBN;RNF125;SIRT1;HECW1;FBXL17;RNF11;UHRF1;FBXL15;BIRC2;RNF135;WSB1;TRIM52;KLHL22;FBXO25;BARD1;RNF20;KLHL7;FBXL5;WWP2;TRIM23;SKP1;RNF126;RPGR;ANAPC11;LZTR1;RAD51;TRIM47;UBE2N;KLHL21;RFWD3;KLHL8;PJA2;RNF31;RAG1;NHLRC3;TRIM33;DDB1;CAND1;ARRB2;RNF157;SPSB1;TRIP12;IRF2BP1;PDZRN3;DDA1;UBB;RNF139;CUL2;MARCHF8;UHRF2;SPSB4;ANAPC7;RBCK1;WSB2;KLHL24;MYLIP;RNF10;CUL1;TRIM3;VPS18;DCAF15;RACK1;CCAR1;UBE2B;RNF6;RNF144A;ATG3;BSPRY;TRIM54;RNF4;KLHL25;ANAPC16;MARCHF5;FBH1;SMURF2;RNF7;UBE2A;UBE2QL1;TRIM72;TRIM17;AMFR;PCMTD1;DZIP3;SH3RF1;RNF122;TAF1;KLHL42;RNF114;RNF43;MARCHF2;PRKN;PEX10;ARRDC1;TRIM13;RNF138;UBE2Q1;RNF44;NEDD4;DEPDC1B;RNF34;HERC5;USP9X;FBXL2;RNF141;KLHL3;RNF112
ERICH1,GO_Biological_Process_2023,prerank,Positive Regulation Of Establishment Of Protein Localization (GO:1904951),-0.4183454984732155,-0.8580030998098889,0.6878612716763006,1.0,1.0,7/18,20.63%,CORO2B;CCT5;CHP1;WRAP53;CCT6A;CEP120;DKC1
ERICH1,GO_Biological_Process_2023,prerank,Negative Regulation Of Double-Strand Break Repair Via Homologous Recombination (GO:2000042),0.4102661892336211,0.8577084193726969,0.6708333333333333,1.0,1.0,6/21,14.62%,RADX;MAD2L2;SHLD2;SMCHD1;MAGEF1;KAT5
ERICH1,GO_Biological_Process_2023,prerank,Regulation Of Cell Adhesion (GO:0030155),0.2918758228411969,0.8576077180977042,0.8448275862068966,1.0,1.0,29/144,15.46%,CXCR4;EPHA8;AZU1;TNN;CCL5;TNR;IL12A;HYAL1;SIPA1;SEMA4D;PKHD1;EPHA2;MIA3;PLXNA4;SPN;TNC;LAMB2;RSU1;PLXNA1;DUSP26;EPB41L4B;DACT2;ARHGDIG;ERBB3;NUAK1;TGFBI;RHOD;MINK1;EPHA7
ERICH1,GO_Biological_Process_2023,prerank,Cellular Response To Amino Acid Starvation (GO:0034198),-0.3574117601265562,-0.8574662154138354,0.7117117117117117,1.0,1.0,24/42,25.56%,DAPL1;BMT2;RNF152;SESN3;KPTN;RRAGA;EIF2S1;MAPK8;LARS1;SH3GLB1;SESN1;RRAGC;MTOR;IMPACT;ITFG2;TFEB;DEPDC5;SESN2;WDR59;NPRL3;ATF4;FLCN;CDKN1A;EIF2AK2
ERICH1,GO_Biological_Process_2023,prerank,Positive Regulation Of MAP Kinase Activity (GO:0043406),-0.3142730429352972,-0.856763479015334,0.7915869980879541,1.0,1.0,29/90,24.01%,DRD4;TAOK3;FLT3;DUSP19;LRRK2;MEF2C;PIK3R5;KIT;TNFRSF11A;TDGF1;HTR2B;MAP3K11;DAB2IP;EGF;INSR;ERP29;DVL3;TNFSF11;FGF18;MAP2K7;FGF1;FLT1;CD24;MAP3K12;DVL2;VEGFA;FGFR1;MAP3K7;TGFA
ERICH1,GO_Biological_Process_2023,prerank,Heart Process (GO:0003015),-0.42748288284862446,-0.8566827368584761,0.6673076923076923,1.0,1.0,6/16,18.74%,MYL7;TRDN;SOD1;GPX1;SGCG;NOX4
ERICH1,GO_Biological_Process_2023,prerank,Cellular Response To Hormone Stimulus (GO:0032870),0.3098589166618094,0.8564941344705894,0.8091106290672451,1.0,1.0,19/93,14.79%,AKR1C2;GATA1;NKX3-1;TFPI;NCOA4;ADTRP;TRIM24;ATP1A3;OXTR;GPR22;LMO2;CTSH;STAT5B;RAMP2;BCAS3;GHR;CTSL;ROBO2;GPER1
ERICH1,GO_Biological_Process_2023,prerank,Small GTPase Mediated Signal Transduction (GO:0007264),-0.3040851362069275,-0.8561421064997718,0.803921568627451,1.0,1.0,36/111,20.49%,RRAD;GRAP2;G3BP1;RASGRP4;RUNDC3A;DOK4;CDKN2A;RAPGEF4;RHEBL1;MRAS;RAPGEFL1;ARHGAP32;ERAS;RASGEF1A;CHP1;RIT1;RRAS;MAPKAPK5;RIN2;NUCB1;ARL3;ARHGAP30;BCR;RRAGC;SHTN1;RERG;SIAH2;ORC3;PLD2;ARHGAP33;SOS2;PLD1;RAPGEF1;RALBP1;ARHGEF18;CRKL
ERICH1,GO_Biological_Process_2023,prerank,Regulation Of Chondrocyte Differentiation (GO:0032330),0.38009217619262464,0.8561274293278066,0.6847389558232931,1.0,1.0,15/25,27.42%,GREM1;EFEMP1;SOX6;PKDCC;BMPR1B;MBOAT2;PTPN11;TRPS1;SOX9;WNT9A;SCIN;ADAMTS12;TGFBR1;ADAMTS7;SNAI2
ERICH1,GO_Biological_Process_2023,prerank,NIK/NF-kappaB Signaling (GO:0038061),0.3755395868961828,0.8561062094210373,0.7048832271762208,1.0,1.0,11/32,15.36%,BIRC3;TNFSF15;NFKB1;REL;CARD10;MALT1;COPS8;TIRAP;IRAK1;MAP3K14;RELB
ERICH1,GO_Biological_Process_2023,prerank,Modulation Of Chemical Synaptic Transmission (GO:0050804),0.2990935526077037,0.8560890472748957,0.8148148148148148,1.0,1.0,41/122,18.80%,LGI1;CNTNAP4;CPLX1;CLSTN3;PLPPR4;DGKZ;HCRT;FER1L5;NLGN1;GRM6;NLGN4X;GSK3B;CHRNA7;BEGAIN;DLGAP2;GRIK4;RIMS3;UNC13A;RELN;SLC8A2;DYSF;TMEM108;NLGN4Y;CDH2;SLC8A3;GRM7;GRM1;SYT1;RNF167;USP46;ITGB1;GRID2;GRIA3;MCTP2;LRRC4C;GRIK5;DLGAP1;DLG4;GRIK1;PXK;GRM5
ERICH1,GO_Biological_Process_2023,prerank,Mitochondrial Respiratory Chain Complex Assembly (GO:0033108),0.31175048137666617,0.8560798136534506,0.8087912087912088,1.0,1.0,36/90,21.32%,STMP1;COA5;COA3;SCO1;TAFAZZIN;BCS1L;NDUFC2;NDUFAB1;NDUFA3;TMEM126B;LYRM2;COX18;NDUFB5;PET100;UQCC5;ECSIT;DMAC2;NDUFA1;SCO2;NDUFA6;COX14;COA1;NDUFB1;NDUFB2;TIMM21;NDUFA2;SAMM50;PET117;UQCC3;NDUFC1;COA8;FOXRED1;AIFM1;NDUFA11;NDUFB4;NDUFS1
ERICH1,GO_Biological_Process_2023,prerank,Response To Fibroblast Growth Factor (GO:0071774),0.4092517595626111,0.8559437134818793,0.6602564102564102,1.0,1.0,5/20,15.60%,CCL5;HYAL1;DSTYK;HYAL2;NDNF
ERICH1,GO_Biological_Process_2023,prerank,Stem Cell Development (GO:0048864),-0.4312102242029878,-0.8559384699555586,0.6647398843930635,1.0,1.0,3/15,21.65%,PDCD6;NRG1;SOX8
ERICH1,GO_Biological_Process_2023,prerank,Endothelial Cell Development (GO:0001885),0.4076699843111194,0.8558899396525518,0.6673151750972762,1.0,1.0,10/20,23.84%,GSTM3;STC1;MSN;PDE4D;MARVELD2;PPP1R16B;RDX;RAP1A;RAPGEF3;ROBO4
ERICH1,GO_Biological_Process_2023,prerank,Aorta Morphogenesis (GO:0035909),0.42026460306318786,0.855696135720995,0.6706349206349206,1.0,1.0,3/17,10.32%,HEY1;EFEMP2;PROX1
ERICH1,GO_Biological_Process_2023,prerank,Apoptotic Process (GO:0006915),-0.28215188955177417,-0.8556744524305019,0.9147727272727273,1.0,1.0,59/226,18.39%,IFI6;ITGB2;GDF6;JAK2;TRADD;IFIT2;ADRA1D;PAX3;MYD88;IER3;BNIP1;STK3;SEPTIN4;CHEK1;BRAT1;CIB1;PLSCR1;APP;RNF152;YARS1;KREMEN1;TRAIP;BAK1;CDK5;DPF1;TNFRSF25;PMP22;FXR1;PRKCD;TGFBR2;FAM162A;CASP7;ADORA2A;EFNA5;ATN1;IFT57;BNIP3;MYC;BCLAF1;CASP10;PTK2B;TNFRSF21;RRAGC;MTOR;TNFRSF10B;AIFM2;PIDD1;CASP2;CASP9;RTN4;CASP3;TRPC5;NUDT2;ZBTB16;RIPK2;BOK;PPP1R15A;PDCD2L;PPP2CA
ERICH1,GO_Biological_Process_2023,prerank,DNA Metabolic Process (GO:0006259),-0.2760796593734462,-0.8555233906265014,0.9438405797101449,1.0,1.0,124/288,25.27%,EXD2;XRCC5;ACTR5;HUS1;MGMT;RAD50;MBD4;FAM111B;NABP2;STON1;CHEK1;TFPT;PARG;CDC45;XRCC6;RNASEH2A;LIG3;FBXO6;UBE2T;SMC1A;LRWD1;WRN;ALKBH1;SETMAR;CNBP;FANCA;SMARCA5;RMI1;DCLRE1C;ATM;POLE2;MCM10;WDHD1;OGG1;NAP1L1;RBBP8;DMC1;BARD1;HINFP;HMGB2;MCM6;MCM5;INO80E;RAD51;CHRNA4;UBE2N;NPM1;UNG;FSCN1;NSMCE4A;TERF1;THAP9;MSH2;RPA2;RFC4;ZRANB3;INO80B;TYMS;ERCC1;RAG1;ACTL6A;POLD1;ORC3;ATRX;DCTPP1;INSL6;NT5E;DDB1;DUT;UVRAG;CENPS;XPC;RECQL;MUTYH;ERCC4;RFC3;TSN;GRWD1;YY1;RAD51AP1;MCM7;POLL;UBE2B;FEN1;PTMS;RPA1;RAN;MSH3;RUVBL1;TOP1;FBH1;DNASE1;FMR1;UBE2A;TDP1;ATRIP;MCM4;SAMHD1;CSNK1E;ACTR8;TERT;INO80C;GTF2H3;HMGB1;TOP1MT;MCM8;PTGES3;POLA2;NUDT1;GTF2H4;TRIM28;TOP2B;MUS81;BACH1;USP3;DONSON;CDK2;PARP2;INO80D;RFC5;NSMCE3;NOP53;HELB;CBS
ERICH1,GO_Biological_Process_2023,prerank,Positive Regulation Of Ubiquitin-Dependent Protein Catabolic Process (GO:2000060),0.3172042670616195,0.854655571768556,0.7681451612903226,1.0,1.0,22/83,17.58%,CBFA2T3;DET1;ANKIB1;NKD2;ARIH2;GSK3B;COP1;DNAJB2;NUB1;SMURF1;PABIR1;HSPBP1;MAGEF1;ZER1;SIRT2;RNF19A;ELOB;CDK5RAP3;RBX1;PLK1;SMAD7;DDRGK1
ERICH1,GO_Biological_Process_2023,prerank,Regulation Of Cysteine-Type Endopeptidase Activity Involved In Apoptotic Process (GO:0043281),-0.3141850952779428,-0.8545701758169385,0.7785714285714286,1.0,1.0,23/84,17.33%,SOX7;PAX2;IFI6;CYCS;SFN;NLRP2;AVP;NAIP;SRC;BCL10;PDCD6;SIRT1;SNCA;GPX1;RPS6KA3;NLRP12;MYC;SOX2;GRAMD4;KLF4;SIAH2;SYK;CD44
ERICH1,GO_Biological_Process_2023,prerank,Positive Regulation Of Immune Effector Process (GO:0002699),-0.36416863053173987,-0.8542906540027855,0.7140039447731755,1.0,1.0,7/37,11.92%,IL23R;CFP;IL23A;FCN3;DHX58;TNFSF4;CD46
ERICH1,GO_Biological_Process_2023,prerank,Regulation Of Stem Cell Differentiation (GO:2000736),-0.35136459015936844,-0.854228560359141,0.7045908183632734,1.0,1.0,21/45,25.69%,HES1;NOTCH1;CHD4;RBM24;MTCH2;JAG1;SMYD5;MBD3;SIRT6;SETD1A;MTA1;PTN;MTA2;BMPR1A;HDAC2;GATAD2B;NUDT21;ZFP36L2;RBBP7;EIF2AK2;CHD3
ERICH1,GO_Biological_Process_2023,prerank,Peptidyl-Tyrosine Modification (GO:0018212),-0.3393568833514812,-0.854196240370488,0.7304189435336976,1.0,1.0,17/54,17.19%,JAK2;EPHA4;FGFR3;FLT3;NTRK1;FLT4;PTK2;FES;BTK;CLK4;SRC;JAK3;HCK;INSR;PTK2B;TPST2;SYK
ERICH1,GO_Biological_Process_2023,prerank,Positive Regulation Of Transcription Initiation By RNA Polymerase II (GO:0060261),0.3363908731599098,0.8532594332327209,0.742914979757085,1.0,1.0,20/52,22.24%,HNF1A;MED20;MED7;TAF5;MED9;TAF2;TAF9;MED26;TAF12;MED8;MED22;MED14;MED29;MED27;MED12;MED17;MED4;TP53;MED28;PAXIP1
ERICH1,GO_Biological_Process_2023,prerank,tRNA Methylation (GO:0030488),-0.35949250068374433,-0.8532360709924047,0.6920077972709552,1.0,1.0,12/36,21.38%,LCMT2;TARBP1;THUMPD3;MTO1;DALRD3;THUMPD2;HSD17B10;TRMT44;BCDIN3D;METTL8;TRMT5;TRMT12
ERICH1,GO_Biological_Process_2023,prerank,Regulation Of Protein Transport (GO:0051223),-0.37636444442664446,-0.8530457396425529,0.6945996275605214,1.0,1.0,9/28,16.07%,P3H1;LCP1;SCFD1;CHP1;GAPVD1;STXBP5;SIRT6;WWP2;HSPA8
ERICH1,GO_Biological_Process_2023,prerank,"Regulation Of Alternative mRNA Splicing, Via Spliceosome (GO:0000381)",-0.33590909967439464,-0.8529846423245313,0.7626168224299066,1.0,1.0,22/52,21.28%,TRA2B;TIA1;THRAP3;CELF6;RBM24;HNRNPA1;KHDRBS2;RBM7;RBM5;FXR1;NOVA2;SAP18;MAGOH;NOVA1;RBM4;HNRNPA0;CELF5;RNPS1;KHDRBS3;RBM11;SRRM4;RBM47
ERICH1,GO_Biological_Process_2023,prerank,Positive Regulation Of Cell Migration (GO:0030335),-0.27418682385581716,-0.8529786341828359,0.9543795620437956,1.0,1.0,71/272,21.50%,BMP2;RIPOR1;TCAF2;FERMT3;TRADD;PLET1;DAAM2;EPHA4;VSIR;SEMA6C;GLIPR2;SEMA7A;ELP6;INSL3;NOTCH1;FAM89B;MADCAM1;FLT4;ZP3;PTK2;MAP4K4;RUFY3;MYO1C;ZNF304;CIB1;KIT;ROR2;DAB2;CARMIL2;LEF1;HSPA5;MAZ;CDC42;TDGF1;SRC;ATM;BMPR2;DAB2IP;IGF1R;EGF;FAM110C;NUMB;ROCK2;INSR;PTK2B;TWIST2;MTOR;SHTN1;FERMT2;SPHK1;ENPP2;RTN4;ACVR1B;XBP1;SOD2;CLASP1;CPNE3;CXCL12;WASHC1;TGFB2;STX4;ADAM10;FGF1;FLT1;SPAG9;CRKL;CEP43;RACK1;CCAR1;C1QBP;APC
ERICH1,GO_Biological_Process_2023,prerank,Regulation Of Platelet Activation (GO:0010543),-0.38122008871970375,-0.8528811638258762,0.6900369003690037,1.0,1.0,5/28,6.68%,JAK2;C1QTNF1;TXK;GP1BB;F2
ERICH1,GO_Biological_Process_2023,prerank,Golgi Vesicle Transport (GO:0048193),-0.2871577684566003,-0.8528203472917937,0.8950381679389313,1.0,1.0,72/197,25.24%,VAPA;STEEP1;RAB7B;MIA2;PGAP1;HTT;ERGIC2;SCFD1;NSF;GOLT1A;TMED1;NAPA;BNIP1;SEC24B;RAB43;SPIRE2;RAB1B;SCAMP1;RINT1;GOLGA2;PDCD6;WHAMM;YIF1A;COG8;MYO1B;RAB8A;TRAPPC2B;SNX8;ARL3;GOLPH3;TRAPPC6B;SURF4;RAB33B;PREB;MYO18A;LMAN1;USE1;PICK1;GABARAPL2;RAB6A;GOLGA5;YKT6;TRAPPC3;TRAPPC2L;GCC2;RER1;COPA;UVRAG;TBC1D14;TRAPPC13;ARF3;AP4M1;SEC22A;TRAPPC11;SNX3;TRIP11;TMED5;KDELR3;TRAPPC2;COG6;BET1;COPE;CNIH4;RAB8B;HYOU1;ARF5;USO1;SEC22C;GOLGA4;COG2;TRAPPC12;RAB6B
ERICH1,GO_Biological_Process_2023,prerank,Receptor Clustering (GO:0043113),-0.41511323795303245,-0.8526750037742203,0.6772983114446529,1.0,1.0,3/19,6.06%,ITGAL;ITGB2;MADCAM1
ERICH1,GO_Biological_Process_2023,prerank,Positive Regulation Of Histone Methylation (GO:0031062),0.4047097966667486,0.852291483150579,0.6632231404958677,1.0,1.0,9/19,24.21%,FAM47E;PHF20;WDR5;SUV39H1;CTNNB1;BRCA1;SMAD4;BAZ2A;KANSL2
ERICH1,GO_Biological_Process_2023,prerank,Nicotinamide Nucleotide Metabolic Process (GO:0046496),0.42148535534036624,0.8519130397784053,0.6703056768558951,1.0,1.0,6/17,12.80%,KMO;NADK2;MDH1;GPD1L;IDH2;TP53I3
ERICH1,GO_Biological_Process_2023,prerank,Antimicrobial Humoral Response (GO:0019730),-0.31134516312988425,-0.8516867777666111,0.8125,1.0,1.0,10/94,10.08%,CXCL13;GNLY;CXCL2;F3;RARRES2;F2;H2BC11;SEMG1;CXCL5;FAM3A
ERICH1,GO_Biological_Process_2023,prerank,Negative Regulation Of Neuron Differentiation (GO:0045665),0.38917293367142686,0.851659104593554,0.6875,1.0,1.0,7/23,16.76%,DISP3;HEY1;REST;GSK3B;BMP7;TUNAR;CALR
ERICH1,GO_Biological_Process_2023,prerank,Regulation Of Canonical Wnt Signaling Pathway (GO:0060828),-0.2831032666463167,-0.8516427914825947,0.9105058365758755,1.0,1.0,52/203,18.63%,SOX7;BMP2;DAAM2;DKKL1;TNKS2;ZEB2;BTRC;FRMD8;GSK3A;DKK2;STK3;HHEX;WLS;LRRK2;NKD1;WNT3A;EMD;KREMEN1;OTULIN;FUZ;CCAR2;DAB2;DKK3;FRAT1;PIN1;NRARP;RNF14;DDIT3;DAB2IP;EGF;HECW1;TMEM131L;SDHAF2;GID8;PPM1A;SOX4;TLE3;SOX2;SOX13;WNK1;TMEM198;LIMD1;SIAH2;WWTR1;TMEM64;CSNK1D;TLE5;CSNK1A1;PSEN1;MRPS12;KANK1;GNAQ
ERICH1,GO_Biological_Process_2023,prerank,rRNA Processing (GO:0006364),-0.3083998461157637,-0.8514349985695655,0.7980769230769231,1.0,1.0,44/101,25.78%,DIS3;SNU13;ERI1;NOL8;PIH1D1;XRN2;SPPL2B;RRP36;RRP9;EMG1;UTP15;SART1;DDX49;EXOSC3;NOB1;DCAF13;MPHOSPH10;ESF1;EXOSC7;RPL7;NOL9;EXOSC10;SRFBP1;NOL6;EXOSC9;NOP2;DKC1;DDX52;RRP7A;C1D;NOP58;EXOSC2;WDR3;RPS19;DDX27;NSA2;RRP12;NAT10;NEDD4;RPL35A;NOP53;TFB1M;RPS27;RRP7BP
ERICH1,GO_Biological_Process_2023,prerank,Positive Regulation Of Cell Communication (GO:0010647),0.3755356781195809,0.8513707548091978,0.7189542483660131,1.0,1.0,7/30,18.14%,LGI1;CLSTN3;HCRT;RIMS3;SYT1;NMB;DLG4
ERICH1,GO_Biological_Process_2023,prerank,Glycosaminoglycan Catabolic Process (GO:0006027),0.4398617504813993,0.8513392588279295,0.6460905349794238,1.0,1.0,8/15,21.35%,SPAM1;HYAL1;HYAL2;IDUA;SGSH;TGFB1;IDS;CEMIP2
ERICH1,GO_Biological_Process_2023,prerank,Positive Regulation Of Binding (GO:0051099),-0.3101073047976225,-0.851284032629575,0.7885714285714286,1.0,1.0,42/91,25.51%,BMP2;CLIC2;HES1;TRIB3;STK3;CLDN5;LRRK2;WNT3A;APP;TRIM21;PIN1;EGF;NCBP1;LRP1;HMGB2;RARA;RIPK2;PSEN1;USP33;HFE;SUMO4;HIP1R;MET;STMN1;RAN;PKD1;EDF1;AMFR;TAF1;TERT;NMD3;HMGB1;PRKN;STK4;TXN;RAPGEF2;CLN5;NME1;TIAM1;FLOT1;USP9X;APOE
ERICH1,GO_Biological_Process_2023,prerank,Embryonic Digit Morphogenesis (GO:0042733),-0.4273237882908305,-0.8510512377389812,0.6823529411764706,1.0,1.0,7/17,21.46%,TBX3;MSX1;INTU;ECE1;OXSR1;HDAC2;WDPCP
ERICH1,GO_Biological_Process_2023,prerank,Sensory Perception Of Mechanical Stimulus (GO:0050954),-0.3154530172177053,-0.8510326743734979,0.7903525046382189,1.0,1.0,25/88,20.82%,OTOR;USH2A;CHRNB2;MYO1A;P2RX2;ATP2B2;PAX3;SERPINB6;GSDME;SLC26A5;USP53;LOXHD1;LRP2;CDH23;SOD1;ATP6V0A4;PCDH15;TMIE;CDC14A;TIMM8B;USH1C;SPTBN4;TPRN;HOMER2;RIPOR2
ERICH1,GO_Biological_Process_2023,prerank,Proton Transmembrane Transport (GO:1902600),-0.3480205831198929,-0.8509917783912688,0.7440944881889764,1.0,1.0,14/49,17.17%,HVCN1;SLC36A2;ATP6V0A2;ATP1A4;TMEM175;DMAC2L;RNASEK;ATP6V0E2;NNT;ATP6V0A4;ATP5MF;ATP1A2;ATP6V1D;ATP6AP1
ERICH1,GO_Biological_Process_2023,prerank,Mitochondrial Translation (GO:0032543),0.3073078648817971,0.8504856602384377,0.799554565701559,1.0,1.0,42/98,22.81%,MRPL37;MRPL20;MRPS11;MTG1;MRPL43;MRPL33;MRPL57;MRPL9;MRPL45;EARS2;MRPL53;GATB;MRPL40;GATC;MRPL52;MRPL21;MRPS24;MRPS23;MRPS31;MRPL50;PTCD3;MRPL54;MRPL14;MRPL55;MRPS28;MRPL13;MRPS22;MRPL49;MRPS17;TUFM;MRPL44;MRPS18A;MRPS21;MRPL17;MRPS27;MTIF2;MRPL18;MRPS26;MRPL41;DAP3;MRPL2;MRPL36
ERICH1,GO_Biological_Process_2023,prerank,Insulin Receptor Signaling Pathway (GO:0008286),0.3420488714157287,0.850446183999588,0.7255717255717256,1.0,1.0,20/47,20.30%,GSK3B;BCAR1;CAV2;PHIP;SORBS1;PIK3C2A;AP3S1;IRS1;IRS4;SHC1;GRB14;GRB2;PIK3R3;STXBP4;GAB1;IDE;BAIAP2;FOXO1;PIK3CA;SOGA1
ERICH1,GO_Biological_Process_2023,prerank,Monoubiquitinated Histone H2A Deubiquitination (GO:0035522),0.3746122847118887,0.8501254545675305,0.7099391480730223,1.0,1.0,8/27,14.52%,SUPT3H;TAF5;SF3B5;RNF2;TAF2;TAF9;TAF12;SF3B3
ERICH1,GO_Biological_Process_2023,prerank,Monoubiquitinated Histone Deubiquitination (GO:0035521),0.3746122847118887,0.8501254545675305,0.7099391480730223,1.0,1.0,8/27,14.52%,SUPT3H;TAF5;SF3B5;RNF2;TAF2;TAF9;TAF12;SF3B3
ERICH1,GO_Biological_Process_2023,prerank,Peptide Biosynthetic Process (GO:0043043),0.286755509620189,0.8500791978518653,0.8913525498891353,1.0,1.0,56/155,25.17%,GGT6;EEF1A2;ASMT;ZAR1;MRPL37;IGF2BP3;HBS1L;MRPS11;MRPL43;AGO2;RPL36AL;MRPL9;PCSK1;COPS5;FAU;TNIP1;MRPL52;RPL31;RPL10;MRPL14;SARS1;MRPL55;GSPT1;FARSB;MRPL13;RPL7A;RPS6;RPS15;EEF1A1;HARS2;RPS16;MRPS17;SRBD1;RPL11;MRPS18A;RPL8;RPLP2;RPS25;MRPS21;RPS2;RPS8;MRPL18;MRPL41;RPS5;RPL17;MRPL36;RPLP1;MRPL34;RPL15;GGT7;RPL32;RPS14;RPL18A;RPL9;FURIN;RPL35
ERICH1,GO_Biological_Process_2023,prerank,"Positive Regulation Of mRNA Splicing, Via Spliceosome (GO:0048026)",-0.41513346573725596,-0.8500689207411035,0.6962524654832347,1.0,1.0,9/19,19.50%,TRA2B;THRAP3;SNW1;NCBP1;CIRBP;NCL;PRMT5;CLNS1A;RBMXL1
ERICH1,GO_Biological_Process_2023,prerank,Regulation Of Anoikis (GO:2000209),-0.39700808875055404,-0.8500017957669633,0.6864244741873805,1.0,1.0,5/21,12.17%,NOTCH1;SIK1;PTK2;ZNF304;SRC
ERICH1,GO_Biological_Process_2023,prerank,Positive Regulation Of Transferase Activity (GO:0051347),-0.29244171357158194,-0.8499936418392109,0.8674033149171271,1.0,1.0,41/143,20.95%,TIE1;XRCC5;DRD4;FGFR3;ARRDC4;FLT3;RAD50;GSK3A;NTRK1;TRIB3;FLT4;NTRK2;PARN;DCUN1D2;ROR2;PIN1;PIFO;MAPKAPK5;IGF1R;AGT;GRHL2;DCUN1D5;MYC;WRAP53;INSR;UBE2N;POT1;KLF4;PRKCQ;RFC4;GINS1;CD74;HSP90AA1;MAP2K7;POLG2;TYRO3;GINS3;RFC3;FLT1;DKC1;PABPN1
ERICH1,GO_Biological_Process_2023,prerank,Response To Exogenous dsRNA (GO:0043330),-0.38368063012400083,-0.8498874565174767,0.7098121085594989,1.0,1.0,9/27,27.64%,TICAM1;MUL1;IRAK3;SLC3A2;CGAS;FLOT1;TICAM2;RALB;COLEC12
ERICH1,GO_Biological_Process_2023,prerank,Phospholipid Translocation (GO:0045332),0.36754054281164616,0.8497991503040782,0.7072164948453609,1.0,1.0,12/31,18.66%,ATP10B;ATP8B2;ATP9B;P2RX7;ATP8B3;PLSCR4;ABCA7;ATP11A;ABCC1;ATP9A;TMEM30A;TRIAP1
ERICH1,GO_Biological_Process_2023,prerank,Ribonucleoprotein Complex Biogenesis (GO:0022613),-0.30143846068629776,-0.8496031496647468,0.8206106870229007,1.0,1.0,54/116,27.70%,HEATR3;WDR75;SNU13;RPF2;KRR1;SPPL2B;TMA16;RRP36;RRP9;EMG1;UTP15;NIP7;PAK1IP1;MALSU1;WDR12;DDX31;MPHOSPH10;GTPBP4;DNTTIP2;NPM1;RPL7;URB2;EXOSC10;RPS13;XPO1;MRPS12;UTP6;NOL6;ZNF658;SDAD1;GRWD1;NGDN;RPL26L1;RRP7A;BYSL;NOP58;SURF6;METTL17;WDR3;RPS19;NAT10;RPS11;RPL35A;RPS27;RPL38;SHQ1;RPS3A;RPS9;RPS7;RPL5;RPS15A;FCF1;UTP18;RPS28
ERICH1,GO_Biological_Process_2023,prerank,Peptide Catabolic Process (GO:0043171),0.39408858829822063,0.8493960014692229,0.6673640167364017,1.0,1.0,7/21,13.83%,CPQ;DPEP1;ERAP1;ADAMTS13;CTSH;TPP1;LTA4H
ERICH1,GO_Biological_Process_2023,prerank,Negative Regulation Of Developmental Growth (GO:0048640),-0.38043560961052697,-0.8491334759800023,0.7053406998158379,1.0,1.0,9/31,18.18%,KIAA0319;FGFR3;NKD1;PTEN;DUSP10;WWC2;RTN4;ULK2;ULK1
ERICH1,GO_Biological_Process_2023,prerank,B Cell Mediated Immunity (GO:0019724),0.4237882412090571,0.8489217550255991,0.6728395061728395,1.0,1.0,3/15,6.19%,MPL;CD19;FCER1G
ERICH1,GO_Biological_Process_2023,prerank,Positive Regulation Of Gene Expression (GO:0010628),0.26135661584631686,0.8487732296894657,0.9953596287703016,1.0,1.0,131/478,20.87%,CD3E;ITK;PIWIL2;PF4;AGR2;TTBK1;NKX3-1;IL6;FAM47E;AMH;CYP27B1;VSTM2A;PARK7;FOXD1;AZU1;TWIST1;NOS3;FAM98B;BRD7;PDGFB;ADTRP;IGF1;EMILIN1;SLC11A1;P2RX7;UBR5;C1QTNF3;MUSK;RIPK1;CSF1;FER1L6;USP21;CALCR;GSK3B;HGS;EEF2;ALOX12B;CDH3;PRKAB1;LGALS9;SCX;DNAJA4;DPY30;PLCG2;TLR2;IFNGR1;LRP3;TNC;CTSH;BMP7;PID1;TENT4A;GSN;DTNBP1;ROBO1;BMP4;AGO2;EPB41L4B;SPHK2;BCL3;ZNF804A;FGF19;SFRP4;SMARCA4;SMAD3;DDX3X;MSN;SMARCD1;RAMP2;MED26;IL15;HNRNPLL;YAP1;KMT2A;CD36;EPHX2;WDR5;GPER1;AGPAT1;PIK3R3;MACROH2A1;MAP2K1;PIK3CD;SLC2A10;PRR16;EZR;PDCL3;FGFR4;ACTC1;GAS6;PDCD5;SMARCB1;ZCCHC4;ATF2;TGFB1;RDX;PPARG;BRAF;DDRGK1;HMGN5;DYRK1A;TTN;ZPR1;CADM1;ETS1;EIF2AK3;HDAC1;PHB1;PPM1F;THBS1;FXR2;LURAP1;ERN1;EIF4G3;TFR2;CTCFL;UPF3A;RPL11;BMPR1B;PRKDC;TERF2;PIK3CB;ADAM19;YTHDF3;ERBB2;TP53;DNMT3B;BRCA1;LARP1;GLYR1;POU3F1
ERICH1,GO_Biological_Process_2023,prerank,Myeloid Leukocyte Differentiation (GO:0002573),0.3209683511587924,0.8485602338731623,0.7523364485981309,1.0,1.0,16/70,13.58%,CEBPE;CBFA2T3;DHRS2;PRTN3;CSF1;EPHA2;LGALS9;OSCAR;PDE1B;IGSF23;BMP4;MMP9;GPR183;THOC5;IL15;FARP2
ERICH1,GO_Biological_Process_2023,prerank,Glucose Homeostasis (GO:0042593),0.31132055156817795,0.8485404445177491,0.7894736842105263,1.0,1.0,19/87,18.43%,PCK1;HNF1A;IL6;PARK7;NR1D1;HKDC1;FOXA3;ADCY8;IRS1;PRKAA2;NGFR;HK2;WFS1;FGFR4;PPARG;USF1;FOXK1;RPS6;TCF7L2
ERICH1,GO_Biological_Process_2023,prerank,Melanosome Assembly (GO:1903232),0.40968067297275623,0.8480889902882122,0.6906187624750499,1.0,1.0,9/18,23.86%,AP1S3;AP3S1;AP1S2;HPS3;AP3D1;AP3M1;AP1S1;HPS5;HPS6
ERICH1,GO_Biological_Process_2023,prerank,Negative Regulation Of Actin Filament Polymerization (GO:0030837),-0.39395615325444105,-0.8480266981460354,0.7162162162162162,1.0,1.0,13/23,28.14%,SSH3;PRKCD;PFN4;PFN2;SSH2;KANK1;HIP1R;SLIT2;KANK3;TWF1;KANK4;MYADM;TMSB10
ERICH1,GO_Biological_Process_2023,prerank,Protein Targeting To Lysosome (GO:0006622),0.3809937707110093,0.8479427017193972,0.7087576374745418,1.0,1.0,11/25,23.58%,NCOA4;NAGPA;HGS;GNPTG;PXK;M6PR;SORL1;ATG14;GNPTAB;SCARB2;CLU
ERICH1,GO_Biological_Process_2023,prerank,"Maturation Of SSU-rRNA From Tricistronic rRNA Transcript (SSU-rRNA, 5.8S rRNA, LSU-rRNA) (GO:0000462)",0.36861872796969586,0.8477179740987173,0.6995884773662552,1.0,1.0,15/29,24.45%,MRPS11;TSR2;BMS1;UTP4;NOP14;WDR43;DHX37;NOL10;RPS16;TBL3;HEATR1;RPS8;RRS1;UTP25;RPS14
ERICH1,GO_Biological_Process_2023,prerank,Cytoplasmic Microtubule Organization (GO:0031122),-0.344575475660497,-0.8474297867928932,0.7390476190476191,1.0,1.0,20/48,24.50%,CCDC13;TPPP;CIB1;KPNB1;CHP1;CLIP2;TRPV4;CRIPT;TRDN;RHOA;TUBGCP4;CLASP1;TUBGCP3;MAPT;PLK3;DYNC1H1;CEP126;HOOK1;SLAIN1;KATNAL2
ERICH1,GO_Biological_Process_2023,prerank,Substantia Nigra Development (GO:0021762),0.34821877412863994,0.8473311145051037,0.755741127348643,1.0,1.0,15/42,20.15%,TTBK1;MAOB;CCDC14;CHKB;NDRG2;MAPKAP1;ATP5PB;ZNF148;YWHAE;SIRT2;COX6B1;BASP1;SYNGR3;SUDS3;CNP
ERICH1,GO_Biological_Process_2023,prerank,Oxoacid Metabolic Process (GO:0043436),-0.39974838687107395,-0.8472794162448035,0.6973947895791583,1.0,1.0,12/22,23.79%,SULT1B1;LIPT2;LIPT1;TPST2;MTARC2;ENPP1;SULT1A2;SULT1A3;PPA2;BPNT1;SULT1A1;GRHPR
ERICH1,GO_Biological_Process_2023,prerank,Positive Regulation Of Protein Binding (GO:0032092),-0.3259377900392437,-0.8470461115980862,0.7713754646840149,1.0,1.0,30/59,25.51%,BMP2;TRIB3;STK3;CLDN5;LRRK2;ADD1;WNT3A;APP;TRIM21;PIN1;LRP1;RIPK2;PSEN1;USP33;PPP2CA;HFE;HIP1R;RAN;PKD1;AMFR;TAF1;TERT;NMD3;PRKN;STK4;RAPGEF2;TIAM1;FLOT1;USP9X;APOE
ERICH1,GO_Biological_Process_2023,prerank,Regulation Of Systemic Arterial Blood Pressure (GO:0003073),0.42767305061113314,0.8469022454894126,0.6717724288840262,1.0,1.0,7/15,18.89%,GPR37L1;ADM5;PRCP;NPPA;SPX;ADM;PLCB3
ERICH1,GO_Biological_Process_2023,prerank,Positive Regulation Of Neutrophil Migration (GO:1902624),-0.39614669066420233,-0.8464583420837538,0.7013752455795678,1.0,1.0,7/23,22.93%,XCL1;XG;CD74;CD99;RIPOR2;C1QBP;CAMK1D
ERICH1,GO_Biological_Process_2023,prerank,Positive Regulation Of Autophagy (GO:0010508),0.30152385918742985,0.846334613350897,0.8218029350104822,1.0,1.0,32/105,20.16%,WDR24;PARK7;TRIM68;NPRL2;DAPK1;TRIM6;TMEM59;SETD2;GSK3B;PIM2;TRIM65;PIK3C2A;SVIP;ATF6;TRIM58;PRKAA2;TRIM8;TBK1;ORMDL3;KAT5;PAFAH1B2;TRIM34;FOXO3;TPCN1;KDR;TRIM38;GNAI3;FOXO1;SH3BP4;BNIP3L;PIK3CB;TRIM5
ERICH1,GO_Biological_Process_2023,prerank,protein-RNA Complex Assembly (GO:0022618),-0.29075439556394866,-0.8462204365222872,0.8776290630975143,1.0,1.0,65/148,27.08%,NOL3;XRCC5;TARBP2;EIF2S3B;CPSF6;DDX20;RPL6;RPF2;CELF6;SF3A2;DDX1;LUC7L2;POLR2D;SART1;SNRPF;RBM5;SRPK2;NCBP1;ISY1;CRNKL1;SRSF10;DDX23;CELF5;HNRNPC;PRMT5;PRPF6;CLNS1A;HSP90AA1;SNRPB;NOP2;SETX;MDN1;RPSA;SNRPG;SNRPD2;RRP7A;GEMIN4;NUDT21;SART3;SNRNP200;PPAN;AGO4;BRIX1;EIF3D;GEMIN2;MCTS1;RAMAC;KHDC4;EIF3H;RPS19;WDR77;PTGES3;CELF2;NOP53;RPS27;RRP7BP;RPL38;SHQ1;GEMIN8;YTHDC1;GCFC2;RPL23A;LUC7L;AGO1;ERAL1
ERICH1,GO_Biological_Process_2023,prerank,Negative Regulation Of Epidermal Growth Factor Receptor Signaling Pathway (GO:0042059),-0.38583227978736767,-0.8457157871616141,0.6959847036328872,1.0,1.0,13/23,22.67%,GPRC5A;ITGA1;DAB2IP;CBLB;RNF126;ERRFI1;PTPN2;PTPN3;SNX6;MVP;VPS25;CHMP6;ZGPAT
ERICH1,GO_Biological_Process_2023,prerank,Regulation Of Viral Transcription (GO:0046782),-0.4148014247172313,-0.8456005960914738,0.6948176583493282,1.0,1.0,4/17,15.23%,TARBP2;TRIM27;TRIM21;ZFP36
ERICH1,GO_Biological_Process_2023,prerank,Hemopoiesis (GO:0030097),-0.3071841495522778,-0.8455976371345568,0.8303249097472925,1.0,1.0,42/101,24.61%,THPO;TET2;RASGRP4;FLT3;IFI16;RTKN2;HIPK1;GLRX5;KIT;CEBPA;RRAS;RUNX2;NOTCH4;CEBPB;JAG1;TGFBR2;MYB;KLF3;TGFBR3;INHBA;L3MBTL1;MECOM;TOX;ZBTB16;SH2B3;TGFB2;ZFPM1;KAT6A;PRRC2C;NCOA6;WNT2B;LCK;KAT8;ASH2L;RUNX1;KIRREL3;LYN;ZFP36L2;ATF4;FLCN;PRKX;PGM3
ERICH1,GO_Biological_Process_2023,prerank,Negative Regulation Of Endoplasmic Reticulum Stress-Induced Intrinsic Apoptotic Signaling Pathway (GO:1902236),0.429524496649578,0.8454873763941121,0.6875,1.0,1.0,4/15,11.11%,PARK7;OPA1;PTPN1;TMBIM6
ERICH1,GO_Biological_Process_2023,prerank,Establishment Of Mitotic Spindle Localization (GO:0040001),0.36038383954742265,0.845422823218825,0.7105788423153693,1.0,1.0,17/34,22.03%,SAPCD2;PAFAH1B1;PKHD1;FBXW11;NDEL1;MAPRE1;ENKD1;DYNLT1;KAT5;ITGB1;PLK1;CENPA;NUSAP1;NDE1;ZW10;DCTN1;NUMA1
ERICH1,GO_Biological_Process_2023,prerank,Regulation Of Synaptic Vesicle Exocytosis (GO:2000300),0.424631831685271,0.8453498051320514,0.6774193548387096,1.0,1.0,4/17,9.60%,SEPTIN5;NLGN1;RAB3GAP1;RIMS3
ERICH1,GO_Biological_Process_2023,prerank,Regulation Of Protein Binding (GO:0043393),-0.29722415460058293,-0.8452687276973322,0.8454706927175843,1.0,1.0,53/118,25.37%,BMP2;CARD18;TMC8;IFIT2;TRIB3;STK3;CLDN5;LRRK2;ADD1;WNT3A;KDM1A;APP;TRIM21;DAB2;PIN1;EFHB;GOLGA2;LRP1;PRKCD;LRPAP1;MARK2;MAPK8;RIPK2;TLE5;PSEN1;USP33;AURKA;PPP2CA;HFE;ZFPM1;HIP1R;ROCK1;GTF2F1;RACK1;PRMT8;MITD1;GAS8;RAN;PKD1;CAMK1;AMFR;SNAPIN;TAF1;CSNK1E;TERT;NMD3;PRKN;STK4;RAPGEF2;TIAM1;FLOT1;USP9X;CDKN1A
ERICH1,GO_Biological_Process_2023,prerank,Intrinsic Apoptotic Signaling Pathway By P53 Class Mediator (GO:0072332),-0.3677018631032571,-0.8451561309398744,0.7412199630314233,1.0,1.0,13/35,22.16%,IFI16;PPP1R13B;HIPK1;TMEM109;SNW1;SIRT1;USP28;HINT1;JMY;BOK;PHLDA3;EP300;PML
ERICH1,GO_Biological_Process_2023,prerank,Response To Organonitrogen Compound (GO:0010243),-0.34229919714353924,-0.8450672685000558,0.7569721115537849,1.0,1.0,19/47,19.89%,NR1H4;CHRNB2;DRD4;SEL1L2;MARCHF6;DRD3;SEL1L;UBXN6;DNAJB12;ADORA2A;RCAN3;RRAGC;MTOR;BRSK2;RNF5;XBP1;CREB1;RNF139;IRAK3
ERICH1,GO_Biological_Process_2023,prerank,Regulation Of Epidermal Growth Factor Receptor Signaling Pathway (GO:0042058),0.3408869551168161,0.8450451340533295,0.7408207343412527,1.0,1.0,15/46,16.38%,AGR2;DUSP3;PTK6;RHBDF2;CBLC;DGKD;FAM83B;HIP1;MMP9;ZFYVE28;GPER1;MVB12A;CCDC88A;RNF115;MVB12B
ERICH1,GO_Biological_Process_2023,prerank,Calcium Ion Import Across Plasma Membrane (GO:0098703),0.34914932607941346,0.8449319151002271,0.7338877338877339,1.0,1.0,9/37,13.41%,SCN10A;TRPV5;SCN9A;TRPM1;SCN4A;SLC8A2;CACNA1I;SLC8A3;TRPV1
ERICH1,GO_Biological_Process_2023,prerank,Negative Regulation Of Cysteine-Type Endopeptidase Activity (GO:2000117),-0.3387637327885019,-0.8446990196608645,0.7563636363636363,1.0,1.0,14/53,17.33%,PAX2;IFI6;CARD18;IFI16;SFN;AVP;NAIP;SRC;SNCA;GPX1;RPS6KA3;KLF4;SIAH2;CD44
ERICH1,GO_Biological_Process_2023,prerank,Dicarboxylic Acid Transport (GO:0006835),-0.3885669278032034,-0.8446423240846284,0.6863117870722434,1.0,1.0,9/24,26.04%,SLC17A6;SLC25A32;SLC26A6;SLC13A3;GJA1;SLC19A1;SLC1A3;SLC26A8;SLC13A5
ERICH1,GO_Biological_Process_2023,prerank,Regulation Of Cellular Component Organization (GO:0051128),0.2875733972331356,0.8444447372082259,0.879492600422833,1.0,1.0,38/152,17.84%,INSM1;PARK7;CD22;LTBP4;AGTR1;SLITRK4;PAPPA2;TMEM97;ITCH;HJURP;BBS10;SEMA4D;RNF2;RPTOR;BCAR1;MAD2L2;SNX12;PTCH2;CAMSAP3;TNC;PTPN1;HIP1;FAM107A;TAOK2;PAK6;LAMTOR2;LATS1;LAMTOR1;CD36;JADE1;TJP1;CDK11A;SLC2A10;OGFR;MKI67;SPOCK1;RAB4B;LSM11
ERICH1,GO_Biological_Process_2023,prerank,Mitochondrial Transport (GO:0006839),-0.3422276365309318,-0.8443622145387092,0.751937984496124,1.0,1.0,20/53,24.23%,DNAJC19;STARD3;AIP;SLC25A24;BAK1;MFF;SLC25A20;BNIP3;MGARP;KIFBP;TIMM8B;SLC25A5;HSP90AA1;BCL2L1;TOMM70;TOMM40;TIMM17A;TIMM44;TOMM34;PRKN
ERICH1,GO_Biological_Process_2023,prerank,Negative Regulation Of Biomineral Tissue Development (GO:0070168),0.3994956738992454,0.8443595915327914,0.6766595289079229,1.0,1.0,3/21,4.24%,GREM1;HEY1;NOS3
ERICH1,GO_Biological_Process_2023,prerank,Positive Regulation Of Lamellipodium Organization (GO:1902745),-0.3691882399119024,-0.8442296620268077,0.7462406015037594,1.0,1.0,10/31,18.61%,CORO1B;AKIRIN1;CARMIL2;CDC42;ACTR2;SRC;FSCN1;ENPP2;PIK3R1;OCLN
ERICH1,GO_Biological_Process_2023,prerank,Response To Interleukin-1 (GO:0070555),0.31740657335138733,0.8441851119004782,0.7846481876332623,1.0,1.0,16/83,16.87%,NKX3-1;CCL5;NR1D1;ANXA1;SPAM1;NLRP7;HYAL1;NFKB1;LGALS9;HAS2;TAF9;HYAL2;IRAK1;USP10;TANK;CCL26
ERICH1,GO_Biological_Process_2023,prerank,Positive Regulation Of MAPK Cascade (GO:0043410),-0.2698422917200971,-0.844135162443716,0.9662288930581614,1.0,1.0,73/306,20.49%,FGF21;BMP2;OPRM1;THPO;ALOX15;CCL25;MOS;P2RY6;DOK4;GLIPR2;SEMA7A;XCL1;ADRA1D;PLA2G2A;NPNT;DRD4;TAOK3;FGFR3;FLT3;NOTCH1;NTRK1;FLT4;NTRK2;DUSP19;LRRK2;TNFAIP8L3;AGER;MEF2C;CIB1;PIK3R5;ADRB2;APP;KIT;PELI2;GSDME;ROR2;MYDGF;ADRA2B;TDGF1;HTR2B;GAREM1;DAB2IP;IGF1R;EGF;SOD1;PDE8A;SCIMP;ROCK2;TMEM106A;INSR;BCAR3;PTK2B;ERP29;TNFSF11;SOX2;FERMT2;DHX33;CD44;JCAD;FGF4;FGF18;LPAR1;NRG1;CD74;ARRB2;MAP2K7;GPR37;TGFB2;P2RY1;FGF1;FLT1;CD24;CRKL
ERICH1,GO_Biological_Process_2023,prerank,Long-Chain Fatty Acid Biosynthetic Process (GO:0042759),0.3853938051602812,0.8441033335237681,0.711864406779661,1.0,1.0,5/24,10.58%,CYP3A4;ALOX15B;ALOX12B;LTC4S;FADS1
ERICH1,GO_Biological_Process_2023,prerank,Regulation Of Notch Signaling Pathway (GO:0008593),0.317889063815064,0.8438936949725626,0.8065934065934066,1.0,1.0,19/70,21.37%,CDK3;NOTCH2NLB;HEY1;NOS3;LLGL2;PRAG1;PRKCI;NOTCH2NLC;RFNG;HIF1AN;YAP1;POGLUT1;TSPEAR;YTHDF2;NIBAN2;NEPRO;ZBTB7A;AKT1;LLGL1
ERICH1,GO_Biological_Process_2023,prerank,Regulation Of Nitric Oxide Biosynthetic Process (GO:0045428),-0.3556502323542278,-0.8436297587482627,0.7259528130671506,1.0,1.0,9/39,19.02%,JAK2;AGXT2;KHSRP;ZC3H12A;SIRPA;ROCK2;INSR;KLF4;HSP90AA1
ERICH1,GO_Biological_Process_2023,prerank,Negative Regulation Of Actin Filament Bundle Assembly (GO:0032232),-0.3708309916576059,-0.8436020014581619,0.7305502846299811,1.0,1.0,12/27,21.57%,F11R;ARHGAP28;TMEFF2;PHLDB2;PIK3R1;WAS;CLASP1;INPP5K;RHPN2;ARHGEF18;MET;STMN1
ERICH1,GO_Biological_Process_2023,prerank,Kidney Development (GO:0001822),-0.3194918984412025,-0.8435568709787465,0.8015717092337917,1.0,1.0,20/70,19.60%,PAX2;WNT4;ITGA8;GDF6;SIX2;PYGO1;GATA3;CITED1;SIX1;LHX1;MME;AGT;ARL3;SOX4;ZBTB16;SULF2;GREB1L;FGF8;TGFB2;OXSR1
ERICH1,GO_Biological_Process_2023,prerank,Translation (GO:0006412),0.2744496267067362,0.8435105614442121,0.9619686800894854,1.0,1.0,83/232,22.99%,EEF1A2;ASMT;ZAR1;MRPL37;MRPL20;IGF2BP3;EEF2;HBS1L;MRPS11;MTG1;MRPL43;MRPL33;MRPL57;AGO2;RPL36AL;AURKAIP1;MRPL9;COPS5;MRPL45;FAU;MRPL53;TNIP1;GATB;MRPL40;GATC;MRPL52;RPL31;MRPL21;MRPS24;MRPS23;MRPS31;MRPL50;PTCD3;MRPL54;RPL10;MRPL14;SARS1;MRPL55;IARS1;FTSJ1;GSPT1;EEF1B2;MRPS28;APEH;FARSB;MARS1;MRPL13;RPL7A;RPS6;RPS15;EEF1A1;MRPS22;HARS2;MRPL49;RPS16;NARS1;MRPS17;TUFM;SRBD1;RPL11;MRPL44;MRPS18A;RPL8;RPLP2;RPS25;MRPS21;MRPL17;RPS2;MRPS27;RPS8;ABCF1;RPL22L1;MRPL18;MRPS26;MRPL41;DAP3;RARS1;RPS5;MRPL2;FARS2;RPL17;MRPL36;RPLP1
ERICH1,GO_Biological_Process_2023,prerank,Secretory Granule Organization (GO:0033363),0.3826011230099136,0.84338525082053,0.7183098591549296,1.0,1.0,11/25,21.56%,VPS33B;AP1S3;LYST;DTNBP1;AP3S1;AP1S2;HPS3;AP3D1;AP3M1;AP1S1;HPS5
ERICH1,GO_Biological_Process_2023,prerank,Cellular Response To Amyloid-Beta (GO:1904646),-0.3620366677917441,-0.8428349877893806,0.7615384615384615,1.0,1.0,13/34,20.88%,EPHA4;NTRK1;GRIN1;AGER;ADRB2;APP;CDK5;IGF1R;LRP1;PSEN1;CACNB1;SNX6;GJA1
ERICH1,GO_Biological_Process_2023,prerank,Digestive Tract Morphogenesis (GO:0048546),0.4299426970834428,0.842617609606387,0.6948453608247422,1.0,1.0,5/15,18.16%,TCF21;FGFR2;PDGFRA;GLI1;STRA6
ERICH1,GO_Biological_Process_2023,prerank,Bone Development (GO:0060348),-0.33979445073584247,-0.8424975421842651,0.7385496183206107,1.0,1.0,15/44,20.88%,P3H1;FGFR3;BMP6;OPTC;ATG9A;RANBP3L;PTGER4;ATG9B;LRRC17;LRP5;TGM2;SULF2;FGF8;DYM;GJA1
ERICH1,GO_Biological_Process_2023,prerank,Regulation Of Fibroblast Migration (GO:0010762),0.39742184575790473,0.841961633365609,0.6923076923076923,1.0,1.0,9/20,18.62%,DDR2;CORO1C;RFFL;HYAL2;ARHGEF7;PRKCE;ITGB1;TGFB1;THBS1
ERICH1,GO_Biological_Process_2023,prerank,Regulation Of Transcription Initiation By RNA Polymerase II (GO:0060260),0.33131537741579314,0.8417378219865116,0.7730061349693251,1.0,1.0,19/57,19.90%,HNF1A;PWWP2A;MED20;MED7;TAF5;MED9;TAF2;TAF9;MED26;TAF12;MED8;MED22;PCID2;MED14;MED29;MED27;MED12;MED17;MED4
ERICH1,GO_Biological_Process_2023,prerank,Positive Regulation Of Proteasomal Ubiquitin-Dependent Protein Catabolic Process (GO:0032436),0.3134894486433551,0.8416085662360991,0.8326359832635983,1.0,1.0,33/83,23.93%,CBFA2T3;DET1;ANKIB1;NKD2;ARIH2;GSK3B;COP1;DNAJB2;NUB1;PABIR1;HSPBP1;FZR1;ZER1;SIRT2;RNF19A;ELOB;RBX1;SGTA;PLK1;SMAD7;DDRGK1;CDC20;BAG2;RNF19B;CAV1;PRICKLE1;USP5;CLU;SOCS5;RCHY1;SH3RF2;SH3RF3;MDM2
ERICH1,GO_Biological_Process_2023,prerank,Positive Regulation Of Multicellular Organismal Process (GO:0051240),0.2619243667717902,0.8416057084404763,0.9888888888888889,1.0,1.0,107/386,21.45%,INHBB;ITK;CRH;IL6;TBXA2R;NMBR;CXCR4;AMH;CYP27B1;DIO2;ALX1;FOXD1;FOXA2;TWIST1;REST;SYDE1;PDGFB;HCRT;SLC11A1;C1QTNF3;DPF2;GDNF;SDCBP;EBF2;OXTR;APELA;TSHR;NELL1;SLC27A1;OXT;ALOX12B;PRKAB1;MACROH2A2;TRIM16;PRLR;SCX;RFX3;NPR1;ZNF703;DECR1;OTX2;MUC1;ACADL;ACSL1;BMP4;AGO2;SERPINE1;ESRRB;PPIB;ZBED3;SMARCA4;SMAD3;SMARCD1;IL15;ESRRG;GHR;ARID4A;ABCA7;ACTB;HSF1;BSCL2;SF3B3;CD36;MMRN2;BICRA;AGPAT1;BAMBI;MACROH2A1;NMB;PIK3CD;SMAD2;KDM6B;BRD9;GAS6;MAP3K13;SMARCB1;SOX6;TGFB1;TGFB1I1;KDM3A;PPARG;ACVR1;CADM1;STRA6;SAP30L;HDAC1;NIBAN2;EZH2;LURAP1;THRA;SMARCC1;CNKSR2;BMPR1B;SUDS3;CTNNB1;PTPN11;MFN2;SORL1;SAP30;SMAD4;TRPM4;CAV1;ADIPOR1;NCOA3;NCOA2;CACNG1;SINHCAF
ERICH1,GO_Biological_Process_2023,prerank,Positive Regulation Of Cellular Biosynthetic Process (GO:0031328),0.28242119007410843,0.8415568011448497,0.9225512528473804,1.0,1.0,63/174,23.92%,PIWIL2;KLF2;IL6;PARK7;PTH1R;PLIN5;CCL5;NR1D1;PDGFB;IGF1;EEF2;SLC27A1;CDH3;ADSL;ZNF205;HTR2C;SORBS1;EPM2AIP1;IRS1;AGO2;BCL3;SMAD3;DDX3X;DDAH2;HGF;CD36;KAT5;SIRT2;PRR16;FGFR4;ZCCHC4;NR1H3;PAOX;TCF7L2;THBS1;FXR2;EIF4G3;PXYLP1;FOXO1;UPF3A;PRKDC;CTNNB1;YTHDF3;ERBB2;LARP1;CTDNEP1;EGR1;AKT1;RPS27L;LARP4B;PDGFRB;EIF4A3;SMOC2;EIF3E;RGCC;EIF6;ASS1;PPP1R3E;CLU;HIF1A;GPLD1;ELAVL1;ATP7A
ERICH1,GO_Biological_Process_2023,prerank,DNA Damage Response (GO:0006974),-0.2657029556792784,-0.8415479303268655,0.9910233393177738,1.0,1.0,164/384,25.37%,CCDC13;ING2;ALKBH8;XRCC5;CCND1;TAOK3;HUS1;MGMT;RAD50;SFN;MBD4;TIGAR;SMC5;NABP2;IER3;CHEK2;CHEK1;FBXO45;BRAT1;RBBP5;CIB1;BAZ1B;NSMCE1;FBXO6;KDM1A;RBM24;UBE2T;SMC1A;WRN;ALKBH1;USP51;TRAIP;CRADD;BAK1;FANCA;SMARCA5;MORC2;SHPRH;RNF168;BRSK1;TLK2;NFATC2;DDIT3;TNFRSF1B;ATM;POLE2;CEP63;MCM10;WDHD1;SIRT1;PRKCD;OGG1;NRDE2;RBBP8;ZC3H12A;DCUN1D5;CRY1;BARD1;HROB;WAC;HINFP;MYC;ZBTB40;ALKBH7;BCLAF1;SUSD6;RAD51;CHRNA4;VRK1;NPM1;UNG;FSCN1;NSMCE4A;CCNK;MTOR;USP28;MSH2;RFWD3;GNL1;RFC4;ZRANB3;PIDD1;CASP2;CASP9;ERCC1;FLYWCH1;POLD1;ATRX;BOK;HMCES;PSEN1;PPP1R15A;INSL6;MOAP1;DDB1;UVRAG;CENPS;XPC;TRIP12;RECQL;NFAT5;MUTYH;MAPT;CIDEB;ERCC4;RFC3;SETX;TRAPPC13;BCL2L1;E2F1;NCOA6;YY1;BCL2L2;ANKLE1;SIRT7;MAPK14;RAD51AP1;MCM7;UBE2B;APC;FEN1;SETD7;RPA1;PLK3;CGAS;MSH3;PML;FBH1;FMR1;UBE2A;SMG1;TDP1;ATRIP;SAMHD1;ACER2;TAF1;ASH2L;SIRT4;XIAP;AIM2;CSNK1E;ARMT1;GTF2H3;FNIP2;LYN;MCM8;NUDT1;GTF2H4;TRIM28;SHLD1;NEK4;ZBTB4;MUS81;BACH1;USP3;DEPDC1B;PARP2;RFC5;NSMCE3;NOP53;HELB;OARD1;PAK1;CDKN1A
ERICH1,GO_Biological_Process_2023,prerank,Protein Autoprocessing (GO:0016540),0.40220764588495433,0.8411439995999177,0.6970338983050848,1.0,1.0,7/18,18.35%,SPRTN;FAM111A;HJV;TMPRSS2;CTSL;F12;CASP6
ERICH1,GO_Biological_Process_2023,prerank,Positive Regulation Of Biomineral Tissue Development (GO:0070169),-0.34279148120686437,-0.8410722403299619,0.7678916827852998,1.0,1.0,9/43,12.57%,BMP2;WNT4;ODAPH;BMP6;ALOX5;MEF2C;ATP2B1;CEBPB;BMPR2
ERICH1,GO_Biological_Process_2023,prerank,Regulation Of Protein Phosphorylation (GO:0001932),-0.2750807358313482,-0.8409452057607965,0.9655797101449275,1.0,1.0,99/261,25.37%,FGF21;BMP2;ITGB2;FGF9;THPO;CARD14;CCND1;FGF16;FGF20;RARRES2;NTRK1;FLT4;NTRK2;F2;PTK2;FBLN1;LRRK2;PGF;AGER;BRAT1;CIB1;WNT3A;FAM20A;APP;PTEN;PELI2;CHP1;MYDGF;DAB2;VEGFB;PIN1;DAB2IP;SIRT1;FXR1;DAXX;SOD1;ZC3H12A;ECT2;EFNA5;NDUFS4;SIRPA;ROCK2;INSR;PROM2;NPM1;ERP29;DVL3;IMPACT;IBTK;WWTR1;FGF4;FGF18;CSNK1D;PRR5L;NRG1;INPP5K;PPP2CA;LEPR;OCLN;CD74;HSP90AA1;SPTBN4;FGF8;P2RY1;FAXDC2;RALBP1;STAT2;FGF1;SMG8;CRKL;NIBAN1;SLIT2;SESN2;RACK1;DVL2;PLCE1;FBH1;DNAJC10;FMR1;VEGFA;AKT2;GPNMB;PLXNB2;IGFBP3;HLA-DRB1;FNIP2;LYN;PRKN;STK4;FLCN;PPP1R15B;RB1CC1;TWF1;CCNYL1;PTPN13;FLOT1;NOP53;PAK1;CDKN1A
ERICH1,GO_Biological_Process_2023,prerank,Steroid Hormone Biosynthetic Process (GO:0120178),0.40523202033569783,0.8408407693730362,0.6772823779193206,1.0,1.0,6/19,17.47%,SRD5A2;SRD5A3;HSD17B11;HSD17B6;CYP19A1;CYP11A1
ERICH1,GO_Biological_Process_2023,prerank,Response To Acidic pH (GO:0010447),-0.41217898194728575,-0.8408166802289513,0.6806083650190115,1.0,1.0,7/17,12.63%,PKD2L1;SCNN1B;SCNN1G;CHP1;PKD1L3;SCNN1A;CTSS
ERICH1,GO_Biological_Process_2023,prerank,Regulation Of Ruffle Assembly (GO:1900027),0.3856758370765407,0.8404551608147806,0.7373737373737373,1.0,1.0,10/24,23.42%,EPS8L2;NLGN1;NDEL1;RDX;PFN1;SH3YL1;CAV1;EPS8L1;ARHGAP24;TACSTD2
ERICH1,GO_Biological_Process_2023,prerank,Dendritic Cell Differentiation (GO:0097028),-0.39435645806663894,-0.8400825629088665,0.7039106145251397,1.0,1.0,5/22,13.10%,FLT3;BATF3;IRF8;BATF2;TGFBR2
ERICH1,GO_Biological_Process_2023,prerank,Diacylglycerol Metabolic Process (GO:0046339),-0.39754540898034996,-0.8397964142783934,0.7120921305182342,1.0,1.0,9/23,22.35%,DAGLB;GPAM;DAGLA;PNPLA2;DGKA;MOGAT1;DGAT2;DGKK;PLCE1
ERICH1,GO_Biological_Process_2023,prerank,Regulation Of Double-Strand Break Repair Via Nonhomologous End Joining (GO:2001032),0.3766381279316389,0.8396148152070542,0.7196467991169978,1.0,1.0,7/25,14.49%,MRNIP;MAD2L2;KMT5B;SHLD2;SMCHD1;HSF1;KDM4D
ERICH1,GO_Biological_Process_2023,prerank,Cilium Movement (GO:0003341),-0.3266675088120882,-0.8394007785929061,0.7889908256880734,1.0,1.0,23/59,23.56%,TEKT3;CFAP100;RSPH4A;CCDC103;CFAP206;SPA17;SPEF2;DNAI2;TTC29;PIERCE1;DNAAF5;CCDC63;SPAG17;DNAAF2;NME5;CFAP53;PIERCE2;ODAD3;RSPH9;GAS8;CABYR;DNAH1;ODAD4
ERICH1,GO_Biological_Process_2023,prerank,Positive Regulation Of DNA-binding Transcription Factor Activity (GO:0051091),-0.27531811674296686,-0.8392431703150278,0.9622302158273381,1.0,1.0,56/244,18.35%,TRIM15;BMP2;TICAM1;NFAM1;TRADD;CARD14;RAB7B;ESR1;CRTC2;TRIM27;NTRK1;MYD88;PSMA6;RHEBL1;EDA;RTKN2;HSPA1B;STK3;CAMK2A;AGER;CIB1;KDM1A;APP;KIT;PTEN;CHUK;BTK;TRIM21;TNFRSF11A;RPS6KA4;SRF;DDIT3;BCL10;PPARGC1B;AGT;PPRC1;PRKCB;ANKRD42;EPHA5;TRIM52;FLOT2;NLRC4;UBE2N;NPM1;TNFSF11;PRKCQ;PIDD1;SPHK1;RNF31;DHX33;BUD31;HCLS1;JMY;RIPK2;NTSR1;MTPN
ERICH1,GO_Biological_Process_2023,prerank,Antigen Processing And Presentation Of Peptide Antigen Via MHC Class II (GO:0002495),0.3806441171259164,0.8390172297227804,0.6909492273730684,1.0,1.0,6/26,15.96%,CTSE;FCER1G;HLA-DPA1;HLA-DMB;CTSL;DNM2
ERICH1,GO_Biological_Process_2023,prerank,Xenobiotic Transport (GO:0042908),-0.3936337774134425,-0.8388819232743129,0.6966731898238747,1.0,1.0,5/20,11.62%,SLC22A4;SLC47A1;ABCB1;SLC22A18;ABCC2
ERICH1,GO_Biological_Process_2023,prerank,Blood Vessel Diameter Maintenance (GO:0097746),0.34921100886672996,0.8388230100626498,0.7013574660633484,1.0,1.0,5/36,4.26%,KLF2;SERPINF2;ADCY6;NOS3;AGTR1
ERICH1,GO_Biological_Process_2023,prerank,Regulation Of Dephosphorylation (GO:0035303),-0.4342150499697476,-0.8386992936373224,0.673992673992674,1.0,1.0,8/15,23.01%,MTMR4;SRC;SMG6;INPP5K;MTMR1;ROCK1;MTMR9;MTMR3
ERICH1,GO_Biological_Process_2023,prerank,Positive Regulation Of ATP-dependent Activity (GO:0032781),-0.35219064424215746,-0.8386511653371068,0.73224043715847,1.0,1.0,14/38,22.64%,ATP1B3;PLSCR1;SETMAR;RGN;UHRF1;SSBP1;DNAJB11;MSH2;POT1;PFN2;GABARAPL2;RYR2;MSH3;DNAJC10
ERICH1,GO_Biological_Process_2023,prerank,Cardiac Muscle Cell Action Potential Involved In Contraction (GO:0086002),0.36816325486368473,0.8386229250863141,0.7142857142857143,1.0,1.0,8/29,14.15%,KCNA5;KCNE2;KCNH2;FGF12;KCNE5;GPD1L;SCN4B;SCN3B
ERICH1,GO_Biological_Process_2023,prerank,Positive Regulation Of Receptor Internalization (GO:0002092),0.38344163339755083,0.8385712935449497,0.6929460580912863,1.0,1.0,4/22,12.21%,GREM1;APELA;TBC1D5;SFRP4
ERICH1,GO_Biological_Process_2023,prerank,Negative Regulation Of Cell Junction Assembly (GO:1901889),0.3780516067221594,0.8385324428529308,0.7142857142857143,1.0,1.0,7/24,14.66%,IKBKB;CORO1C;TLR2;ARHGAP6;FAM107A;BCAS3;ROBO2
ERICH1,GO_Biological_Process_2023,prerank,Phosphatidylinositol-Mediated Signaling (GO:0048015),0.3178330991701948,0.8384432613802809,0.7960526315789473,1.0,1.0,22/62,20.51%,CD160;IGF1;PIK3C2B;PLCG2;PTAFR;PIK3C2A;IRS1;GPR143;PDGFRA;OCRL;ERBB3;PLCD1;PLCG1;PIK3CD;EZR;NYAP1;NF1;PLEKHA1;PLCB3;PIK3CB;PIK3CA;ERBB2
ERICH1,GO_Biological_Process_2023,prerank,Toll-Like Receptor 4 Signaling Pathway (GO:0034142),-0.4176521967334923,-0.8380691809431661,0.6729678638941399,1.0,1.0,4/17,7.90%,LY96;NR1H4;MYD88;MYO1C
ERICH1,GO_Biological_Process_2023,prerank,Cardiac Conduction System Development (GO:0003161),0.38159623114804453,0.8376656073290755,0.7014925373134329,1.0,1.0,3/25,6.20%,HEY1;NOTCH2;NPPA
ERICH1,GO_Biological_Process_2023,prerank,Cellular Response To Salt (GO:1902075),0.2937211888169094,0.8376407453016704,0.8833333333333333,1.0,1.0,31/108,18.79%,CPNE5;SYT3;AOC1;SYT15;DPEP1;ITPKB;PDGFB;P2RX7;NLGN1;MEF2A;CAPN3;CPNE2;ADCY8;PLCG2;FYN;SYT9;PRKAA2;TRPV1;PPIF;CPNE7;ZNF16;HSF1;SYT1;CPNE1;ATP2B4;SYT7;BRAF;ADGRV1;DLG4;GUCA1A;LGMN
ERICH1,GO_Biological_Process_2023,prerank,Homotypic Cell-Cell Adhesion (GO:0034109),-0.3384952272094474,-0.8375923740716382,0.7788104089219331,1.0,1.0,19/46,28.00%,STXBP1;FERMT3;CDHR5;XG;CLIC1;TJP2;VCL;TYRO3;MYL12A;CD99;RAP2B;DSC2;ACTN1;CXADR;CDHR2;PPIA;P2RY12;STXBP3;GNAS
ERICH1,GO_Biological_Process_2023,prerank,Regulation Of Glycolytic Process (GO:0006110),0.35139626727270534,0.8374787288937189,0.734020618556701,1.0,1.0,8/40,13.08%,FBP1;CBFA2T3;IGF1;P2RX7;RPTOR;GAPDHS;MLST8;PRKAA2
ERICH1,GO_Biological_Process_2023,prerank,Phosphatidylinositol 3-Kinase Signaling (GO:0014065),0.35769237352273736,0.8371757590347092,0.7272727272727273,1.0,1.0,13/32,20.51%,CD160;IGF1;PIK3C2B;PIK3C2A;IRS1;ERBB3;PIK3CD;NYAP1;NF1;PLEKHA1;PIK3CB;PIK3CA;ERBB2
ERICH1,GO_Biological_Process_2023,prerank,Positive Regulation Of Transport (GO:0051050),-0.3341953134751499,-0.8371129955220982,0.7403846153846154,1.0,1.0,23/50,26.79%,DOC2B;SMPD1;GSK3A;CHP1;DAB2;BAK1;CEBPB;SNCA;LRP1;BOK;INPP5K;CALY;C2CD5;HIP1R;ANXA2;DYNC1H1;AKT2;CHCHD10;FLOT1;APOE;CLIP3;KCTD7;CBLL1
ERICH1,GO_Biological_Process_2023,prerank,Regulation Of Smooth Muscle Contraction (GO:0006940),0.39947436610524,0.8371016811299422,0.7012448132780082,1.0,1.0,12/20,23.43%,NMUR2;TACR2;PROK2;SETD3;CTTN;ZDHHC21;CHRM2;CHRNA3;CAV1;DAPK3;CHRM3;MYOCD
ERICH1,GO_Biological_Process_2023,prerank,Regulation Of B Cell Proliferation (GO:0030888),0.33583172455572563,0.836949417462663,0.7648261758691206,1.0,1.0,8/44,14.97%,AMH;CD22;CD38;TNFSF13B;GPR183;TIRAP;IKZF3;BCL2
ERICH1,GO_Biological_Process_2023,prerank,Negative Regulation Of Cyclin-Dependent Protein Serine/Threonine Kinase Activity (GO:0045736),-0.4065462841432135,-0.8369288959769868,0.6598513011152416,1.0,1.0,4/19,9.93%,CDKN2A;HHEX;PTEN;CEBPA
ERICH1,GO_Biological_Process_2023,prerank,Negative Regulation Of Protein Modification Process (GO:0031400),-0.3115454939395202,-0.8364189996755915,0.839622641509434,1.0,1.0,37/77,25.37%,TPPP;P3H1;FOXP3;FBLN1;LRRK2;CIB1;PTEN;CHP1;CDYL;DAB2IP;SIRT1;PPP1R8;ZC3H12A;SNTA1;SIRPA;BEX4;IMPACT;ENSA;G6PD;IBTK;WWTR1;PRR5L;PPP1R15A;INPP5K;OCLN;MAPT;CRKL;NIBAN1;SLIT2;YWHAB;DNAJC10;IGFBP3;LYN;PRKN;PPP1R15B;PTPN13;CDKN1A
ERICH1,GO_Biological_Process_2023,prerank,Transcription Preinitiation Complex Assembly (GO:0070897),0.3280932513419965,0.8361328092776438,0.8,1.0,1.0,18/52,19.90%,PTPN18;MED20;MED7;TAF5;MED9;TAF2;POLR1E;TAF9;MED26;TAF12;MED8;MED22;MED14;MED29;MED27;GTF2B;MED17;MED4
ERICH1,GO_Biological_Process_2023,prerank,Response To Insulin (GO:0032868),0.3050660327615586,0.8358180430442783,0.8187919463087249,1.0,1.0,24/79,20.15%,PCK1;TRARG1;INHBB;CAPN10;SLC27A1;PRKCI;SYAP1;SORBS1;PCK2;IRS1;TSC1;ZBED3;KHK;HDAC9;TBC1D4;PPARG;USF1;INSIG1;CPEB1;PDPK1;PARP1;FOXO1;PRKDC;MEAK7
ERICH1,GO_Biological_Process_2023,prerank,Intracellular Glucose Homeostasis (GO:0001678),0.34637061771272976,0.8356856415279824,0.7352297592997812,1.0,1.0,15/43,19.32%,PCK1;NR1D1;HKDC1;FOXA3;PCK2;ZNF236;PRKACA;PRKAA2;NGFR;GPER1;HK2;GAS6;FOXK1;ERN1;FOXO1
ERICH1,GO_Biological_Process_2023,prerank,Stress Granule Assembly (GO:0034063),-0.385444744351534,-0.835623946630769,0.7156133828996283,1.0,1.0,10/23,22.64%,G3BP1;TIA1;EIF2S1;CIRBP;LSM14A;YTHDF1;MAPT;PRRC2C;DYNC1H1;FMR1
ERICH1,GO_Biological_Process_2023,prerank,Response To Amyloid-Beta (GO:1904645),0.3394662276254477,0.8356150910659792,0.7436440677966102,1.0,1.0,15/43,18.80%,MMP12;IGF1;PRNP;ATP1A3;MMP3;CALCR;GSK3B;CHRNA7;FYN;MMP9;NGFR;CD36;MMP2;LGMN;GRM5
ERICH1,GO_Biological_Process_2023,prerank,Positive Regulation Of Type I Interferon Production (GO:0032481),0.32206927031524707,0.8344445825340134,0.7887931034482759,1.0,1.0,16/64,15.68%,IRF7;TRAF3IP3;NMBR;IRF5;TLR7;IKBKE;POLR3F;SETD2;TLR2;TRIM65;DDX3X;IRAK1;TBK1;NMB;ZCCHC3;TANK
ERICH1,GO_Biological_Process_2023,prerank,Regulation Of B Cell Differentiation (GO:0045577),0.40238951053494093,0.8344135732010575,0.7,1.0,1.0,3/19,14.67%,IL4I1;PPP2R3C;IKZF3
ERICH1,GO_Biological_Process_2023,prerank,Cell Junction Maintenance (GO:0034331),0.40922137523441904,0.8343635199182071,0.7012195121951219,1.0,1.0,7/18,26.09%,PRTN3;NLGN1;SDF4;DCTN1;CD177;CLDN1;NLGN2
ERICH1,GO_Biological_Process_2023,prerank,Nervous System Development (GO:0007399),0.2580327314196734,0.8342207959062686,1.0,1.0,1.0,108/431,18.87%,VAX1;SLITRK6;LINC01587;ECRG4;MAB21L2;P2RX5;LGI1;NMUR2;PCDHB6;CXCR4;ADORA1;MOG;ATXN10;NHLH2;PSPN;VXN;APC2;NOTCH2;DPF2;GBX2;GDNF;NLGN1;ALDH5A1;SH3GL3;RBFOX2;IGF2BP3;NAV2;NELL1;GFRA2;BTBD2;GMFB;PCDHB10;ADGRB1;APBA2;ROGDI;GPM6B;FGF12;UGT8;PROX1;ZIC2;ATXN1;GSN;UNC119;DPYSL5;ROBO1;BTBD3;PAFAH1B3;RELN;RPS6KA6;TPP1;SHANK3;MST1R;ERBB3;ZIC5;FGF19;SEMA6A;DCX;DACT1;CDH2;MDGA2;NRXN2;COX7B;ANKLE2;PCDHB13;DCLK1;ADGRG6;SPINK5;RBFOX3;GBA2;LDB1;PCDH1;SZT2;ROBO2;DCHS1;WWP1;APAF1;LSAMP;RAPGEF5;BDNF;RBM45;ADGRA2;NRXN1;CHRM2;VLDLR;CDON;SOX6;SCN2A;JARID2;TGFB1;CHRNA3;NCKAP1;RYK;LDB2;SPOCK1;NRSN2;DYRK1A;RNF103;ADGRV1;DLG4;TAGLN3;APBA1;GRIK1;NF1;NRCAM;STMN3;GPM6A;ASIC2;DSCAM
ERICH1,GO_Biological_Process_2023,prerank,Mitochondrial Gene Expression (GO:0140053),0.2996371162731669,0.8341058184883272,0.8333333333333334,1.0,1.0,44/103,22.81%,MRPL37;MRPL20;MRPS11;MTG1;MRPL43;MRPL33;MRPL57;FASTK;MRPL9;MRPL45;MRPL53;GATB;MRPL40;GATC;MRPL52;MRPL21;MRPS24;MRPS23;MRPS31;MRPL50;FOXO3;PTCD3;TWNK;MRPL54;MRPL14;MRPL55;MRPS28;MRPL13;MRPS22;MTERF3;MRPL49;MRPS17;MRPL44;MRPS18A;MRPS21;MRPL17;MRPS27;FASTKD5;MRPL18;MRPS26;MRPL41;DAP3;MRPL2;MRPL36
ERICH1,GO_Biological_Process_2023,prerank,Inorganic Cation Import Across Plasma Membrane (GO:0098659),0.2916167075186371,0.8334268728149875,0.8550106609808102,1.0,1.0,24/103,16.71%,KCNJ4;KCNJ8;KCNK9;SCN10A;TRPV5;KCNJ12;SCN9A;ABCC9;ATP1A3;TRPM1;SLC9A2;KCNE2;SCN4A;KCNH2;SLC8A2;ATP12A;CACNA1I;KCNJ10;SLC8A3;TRPV1;SLC12A5;SLC12A4;SCN2A;ATP2B4
ERICH1,GO_Biological_Process_2023,prerank,Inorganic Anion Transmembrane Transport (GO:0098661),-0.32229726099113226,-0.8333711944630268,0.7992633517495396,1.0,1.0,18/63,20.67%,APOL1;GABRG1;CLCN1;SLC12A3;SLC37A2;SLC26A9;ANO9;SLC25A11;SLC12A2;CFTR;GABRG3;GLRA1;GABRG2;SLC25A3;ANO7;SLC20A2;SLC37A4;GABRA3
ERICH1,GO_Biological_Process_2023,prerank,Intracellular Sterol Transport (GO:0032366),-0.42530323412046145,-0.8332403156317245,0.7124060150375939,1.0,1.0,9/15,25.65%,OSBP;STARD4;GRAMD1B;NPC1;RELCH;VPS4A;OSBPL2;GRAMD1A;ARV1
ERICH1,GO_Biological_Process_2023,prerank,Metal Ion Transport (GO:0030001),-0.2833019107511751,-0.8331882948567186,0.9123434704830053,1.0,1.0,39/170,15.72%,KCNH3;TRPV6;KCNQ4;CHRNB2;SLC12A3;KCNK4;KCNJ2;KCNB2;ATP2B2;KCNH1;KCNA3;SLC4A4;SCNN1B;NMUR1;NIPAL3;SCNN1G;CAMK2A;SLC5A4;NIPAL1;ATP1A4;CHP1;SLC41A2;KCND3;RAMP1;RYR1;MMGT1;CACNB3;TRPV4;KCNAB1;CATSPER4;LRP2;CDH23;SCN8A;TUSC3;TRPC1;KCNG1;SCN11A;CHRNA4;ATP1A2
ERICH1,GO_Biological_Process_2023,prerank,Regulation Of Vacuole Organization (GO:0044088),-0.40932354109420177,-0.8326734035474417,0.6845018450184502,1.0,1.0,9/16,25.48%,EFNB1;RAB1B;UBQLN2;LAPTM4B;TBC1D14;MTM1;MTMR3;RAB5A;PIKFYVE
ERICH1,GO_Biological_Process_2023,prerank,Maintenance Of Protein Localization In Organelle (GO:0072595),-0.40128666393351525,-0.8325444919880992,0.7161410018552876,1.0,1.0,6/18,17.46%,HK1;SUPT7L;HSPA5;ARL2;SKP1;BBS4
ERICH1,GO_Biological_Process_2023,prerank,Positive Regulation Of I-kappaB kinase/NF-kappaB Signaling (GO:0043123),0.2809649762301861,0.832285920743511,0.9102040816326531,1.0,1.0,54/173,20.67%,TNFSF10;BIRC3;TRIM68;IKBKE;IKBKB;NOD1;TNFRSF19;EDAR;TRIM6;RIPK1;REL;MIB2;LGALS9;NEK6;MALT1;ROR1;BRD4;PIM2;TERF2IP;ZDHHC17;GOLT1B;TRIM58;LITAF;TIRAP;IRAK1;TRIM8;SHARPIN;TSPAN6;TBK1;NDFIP1;TMED4;FKBP1A;TRIM62;TRAF3IP2;UNC5CL;MAP3K14;UBE2V1;TRIM34;SLC44A2;TMEM101;GPRC5B;LGALS1;CARD11;TRIM38;ATP2C1;PARP1;LURAP1;TRIM25;PPP5C;TRIM5;FLNA;NDFIP2;CC2D1A;BST2
ERICH1,GO_Biological_Process_2023,prerank,Positive Regulation Of T Cell Proliferation (GO:0042102),-0.3244583095062594,-0.8321168052287082,0.8007448789571695,1.0,1.0,10/64,11.92%,IL23R;JAK2;IL23A;CD274;TNFRSF13C;ICOSLG;CD276;ZP3;TNFSF4;CD46
ERICH1,GO_Biological_Process_2023,prerank,Blood Circulation (GO:0008015),-0.33220781269287264,-0.8320629732708875,0.8,1.0,1.0,15/50,18.77%,F5;C3AR1;BDKRB2;PLN;MYL7;GUCY1B1;TRDN;SOD1;ADORA2A;GPX1;ROCK2;MYOF;SGCG;SERPING1;CXCL12
ERICH1,GO_Biological_Process_2023,prerank,Negative Regulation Of Cell Cycle Process (GO:0010948),-0.3555994262779417,-0.8316675487330313,0.7552182163187856,1.0,1.0,14/33,21.23%,HLA-G;CHEK1;BAZ1B;SMARCA5;FOXO4;DAB2IP;CHMP4C;E2F7;TERF1;E2F8;ZFYVE19;FBXO43;VPS4A;WAPL
ERICH1,GO_Biological_Process_2023,prerank,Actin Polymerization Or Depolymerization (GO:0008154),0.33022632543982555,0.8315153059022903,0.7770700636942676,1.0,1.0,16/53,17.09%,CORO7;PSTPIP2;COBL;DIAPH1;MICAL2;ARHGAP6;GSN;FAM107A;ABI2;SVIL;MICAL1;AVIL;DIAPH3;WDR1;WASHC5;VIL1
ERICH1,GO_Biological_Process_2023,prerank,Intracellular Steroid Hormone Receptor Signaling Pathway (GO:0030518),0.3448237105249155,0.8315125143690963,0.746268656716418,1.0,1.0,12/42,19.29%,NKX3-1;NCOA4;UBR5;RBFOX2;YAP1;PLPP1;GPER1;PMEPA1;UBE3A;KDM3A;PHB1;SAFB
ERICH1,GO_Biological_Process_2023,prerank,Mismatch Repair (GO:0006298),-0.3776326456805966,-0.8314040977834262,0.7380497131931166,1.0,1.0,10/25,22.06%,RNASEH2C;MLH3;RNASEH2A;MSH2;RPA2;MLH1;XPC;MUTYH;RPA1;MSH3
ERICH1,GO_Biological_Process_2023,prerank,Positive Regulation Of Macromolecule Biosynthetic Process (GO:0010557),0.2900356028061885,0.8313523013400879,0.9200913242009132,1.0,1.0,39/122,22.78%,PIWIL2;IL6;AZU1;PDGFB;IGF1;NFKB1;CIITA;EEF2;TLR2;SLC25A37;SORBS1;EPM2AIP1;IRS1;AGO2;BCL3;DDX3X;HGF;LDB1;PRR16;FGFR4;KDR;ZCCHC4;THBS1;FXR2;EIF4G3;UPF3A;PRKDC;YTHDF3;ERBB2;LARP1;AKT1;RPS27L;LARP4B;PDGFRB;EIF4A3;SMOC2;EIF3E;RGCC;EIF6
ERICH1,GO_Biological_Process_2023,prerank,Positive Regulation Of Microtubule Polymerization (GO:0031116),-0.3659435765817054,-0.831316910884176,0.7504798464491362,1.0,1.0,14/29,25.34%,HSPA1B;FES;PDE4DIP;DRG1;CDK5RAP2;ARL2;CLASP1;OCLN;MAPT;CDK5R1;MET;GIT1;SLAIN1;PAK1
ERICH1,GO_Biological_Process_2023,prerank,Axonal Transport (GO:0098930),0.345628457885191,0.8312705351767842,0.7780082987551867,1.0,1.0,18/39,23.63%,PAFAH1B1;FBXW11;OPA1;RAB21;KIF3A;DTNBP1;AP3S1;KIF4A;ARL8B;TMEM108;ARL8A;AP3D1;DST;AP3M1;SPAST;DCTN1;AP3M2;HIF1A
ERICH1,GO_Biological_Process_2023,prerank,Negative Regulation Of Programmed Cell Death (GO:0043069),0.2602357910045777,0.831032754501554,0.9975786924939467,1.0,1.0,112/379,21.45%,FATE1;GREM1;CBX4;GATA1;IL6;BIRC3;AMH;DHRS2;CD38;AZU1;DPEP1;IGF1;NOTCH2;TNFRSF6B;ANXA1;EVI2B;GDNF;ARL6IP1;NFKB1;RIPK1;ITCH;WNK3;CAPN3;SEMA4D;PROK2;PKHD1;GSK3B;RPS6KA1;OPA1;PRLR;SCX;AVEN;MALT1;CRYAB;PRKCI;DHCR24;NAA35;PIM2;FAS;CTSH;HIPK3;PHIP;MAPKAP1;BCL2L10;ASNS;TMBIM6;BMP4;BIRC5;DSTYK;MMP9;ERBB3;BCL3;MLST8;TAF9;SHC1;COPS5;DDX3X;DDAH2;PRKAA2;MAGEA4;ANKLE2;PPIF;CDK1;ZNF16;HGF;PAK2;TMBIM4;DNAJC3;PCID2;BCL2;TJP1;BFAR;PRDX3;WFS1;PRELID1;RPL10;KDR;GAS6;CAT;PLK1;ZNF268;MRE11;BRAF;DDRGK1;HMGN5;TSC22D1;ERCC5;HDAC1;ARHGAP21;THBS1;TRIAP1;NIBAN2;KLHL20;RICTOR;FOXO1;PRKDC;BNIP3L;IL7;CTNNB1;TNFRSF10D;PSEN2;FLNA;ERBB2;TP53;PIM1;TMEM14A;DNAJA3;RAF1;PLAUR;UFM1;AKT1;RELA
ERICH1,GO_Biological_Process_2023,prerank,Autonomic Nervous System Development (GO:0048483),-0.4203785248722581,-0.8309887084051852,0.7,1.0,1.0,7/16,21.65%,GATA3;NTRK1;SOX10;KIF26A;SOX4;EDNRB;SOX8
ERICH1,GO_Biological_Process_2023,prerank,Negative Regulation Of Cellular Response To Growth Factor Stimulus (GO:0090288),-0.31834352767496077,-0.8306672213117546,0.8311688311688312,1.0,1.0,24/71,22.43%,SOSTDC1;TNFAIP6;CER1;NOTCH1;UBE2D1;HHEX;VWC2L;LRP2;SPRY3;PDCD6;DAB2IP;AGT;LEMD3;VWC2;SMAD6;TRIM33;SULF2;RBPMS2;TMEM53;NBL1;SLIT2;CREB3L1;GPC1;SMURF2
ERICH1,GO_Biological_Process_2023,prerank,Peptide Metabolic Process (GO:0006518),0.32569688951482534,0.8305320882019126,0.7871396895787139,1.0,1.0,14/53,13.83%,CPQ;ACE;ERAP1;AEBP1;ADAMTS13;CPZ;CARNMT1;CPXM2;CPM;TPP1;IMMP2L;CPD;PCSK1;LTA4H
ERICH1,GO_Biological_Process_2023,prerank,Oligodendrocyte Differentiation (GO:0048709),-0.406328306511998,-0.8303953882982156,0.7297297297297297,1.0,1.0,7/19,21.78%,TPPP;SOX10;EIF2B3;NSUN5;SOX13;SOX8;MYRF
ERICH1,GO_Biological_Process_2023,prerank,Acetylcholine Receptor Signaling Pathway (GO:0095500),0.3881840439424972,0.8302221644398017,0.7139874739039666,1.0,1.0,7/21,17.09%,LYPD1;GRK2;CHRNA7;CHRM5;RGS10;CHRM2;CHRNA3
ERICH1,GO_Biological_Process_2023,prerank,Positive Regulation Of Apoptotic Process (GO:0043065),-0.268441056414971,-0.8299458598536914,0.9769673704414588,1.0,1.0,69/268,18.45%,PNMA5;BMP2;TRADD;DKKL1;IFIT2;PANO1;CTSK;PRDM11;DDX20;KLF11;HTT;SMPD1;PDCD2;SIK1;STK3;SEPTIN4;TFPT;TRIM39;RASSF2;CALHM2;CRADD;CCAR2;BAK1;CDK5;GADD45B;DDIT3;MAP3K11;MTCH2;BCL10;RBM5;ATM;SRPK2;CTSS;DAB2IP;SIRT1;SNCA;SAP18;FAM162A;SOD1;ZC3H12A;ECT2;OMA1;OLFM1;BARD1;MAPK8;BNIP3;PNMA2;BCLAF1;NLRC4;SOX4;TCTN3;TNFRSF10B;AIFM2;USP27X;PIDD1;CASP2;SAV1;CASP9;ADAMTSL4;CASP3;DUSP6;TGM2;JMY;RNPS1;BOK;TLE5;MTCH1;NRG1;MOAP1
ERICH1,GO_Biological_Process_2023,prerank,Regulation Of Lymphocyte Proliferation (GO:0050670),-0.3975055836585947,-0.8298580928402458,0.7268993839835729,1.0,1.0,3/18,12.29%,LST1;MYDGF;TNFRSF1B
ERICH1,GO_Biological_Process_2023,prerank,Glycolipid Biosynthetic Process (GO:0009247),0.3410568516525317,0.829578652959105,0.7917525773195876,1.0,1.0,14/42,19.57%,TP53INP2;ST8SIA5;ST8SIA6;GBGT1;ST8SIA3;B4GALT6;PGAP3;TM9SF2;PIGP;MPPE1;PIGV;PIGL;FUT9;PIGB
ERICH1,GO_Biological_Process_2023,prerank,Positive Regulation Of Developmental Growth (GO:0048639),0.33186964316695594,0.8293366470881974,0.7875,1.0,1.0,14/49,16.36%,AGR2;CPNE5;SYT3;NTN1;SEMA4D;ITSN2;UNC13A;SMURF1;ZFYVE27;PPIB;GHR;SYT1;BDNF;MAP3K13
ERICH1,GO_Biological_Process_2023,prerank,Positive Regulation Of Protein Serine/Threonine Kinase Activity (GO:0071902),-0.29683943606979457,-0.8291947337923274,0.8925143953934741,1.0,1.0,26/117,16.30%,CCND1;DRD4;FLT3;PIH1D1;LRRK2;MEF2C;CIB1;MAPRE3;PIK3R5;ADRB2;KIT;CALM3;TELO2;TDGF1;HTR2B;SRC;RHOA;CALM1;DAB2IP;EGF;SIRT1;SNCA;INSR;ERP29;TNFSF11;FERMT2
ERICH1,GO_Biological_Process_2023,prerank,Mitotic Metaphase Plate Congression (GO:0007080),-0.33580560709205476,-0.828925864595631,0.7882797731568998,1.0,1.0,21/50,22.13%,CCNB1;CHMP4A;KPNB1;EML4;CENPC;DCTN2;CHMP4C;EML3;KIF18A;CHMP5;RMDN1;CDC23;NUP62;CHMP3;NUDC;CHAMP1;CHMP1A;PIBF1;VPS4A;KIF14;CHMP6
ERICH1,GO_Biological_Process_2023,prerank,Positive Regulation Of Interleukin-12 Production (GO:0032735),-0.35091461041594735,-0.8286818339217004,0.7270992366412213,1.0,1.0,8/33,17.65%,IL23R;IL23A;HLA-G;LTB;TNFSF4;SCIMP;SYK;RIPK2
ERICH1,GO_Biological_Process_2023,prerank,Regulation Of Actin Nucleation (GO:0051125),-0.3879885690825074,-0.8285640705756139,0.7173489278752436,1.0,1.0,10/22,20.44%,CORO1B;CORO1A;CARMIL2;ARPIN;WHAMM;WASH6P;PICK1;ARFIP1;WASHC1;WASHC4
ERICH1,GO_Biological_Process_2023,prerank,Negative Regulation Of Telomere Maintenance Via Telomerase (GO:0032211),-0.4015597191613294,-0.8285189320883602,0.7087198515769945,1.0,1.0,8/19,17.97%,STON1;HNRNPA1;SRC;TENT4B;TERF1;EXOSC10;POT1;HNRNPC
ERICH1,GO_Biological_Process_2023,prerank,G Protein-Coupled Acetylcholine Receptor Signaling Pathway (GO:0007213),0.4077156390905919,0.8282502575098769,0.7204081632653061,1.0,1.0,6/17,16.33%,HRH4;HRH3;GRK2;CHRM5;RGS10;CHRM2
ERICH1,GO_Biological_Process_2023,prerank,Protein Modification By Small Protein Removal (GO:0070646),0.29828030766736047,0.8278203088914938,0.8722466960352423,1.0,1.0,22/98,16.11%,TNFAIP3;OTUD4;USP50;UCHL5;USP21;RNF2;USP18;JOSD2;USP6;COPS8;VCPIP1;COPS5;USP11;CDK1;USP8;USP9Y;USP13;USP42;USP10;USP46;OTUD7A;USPL1
ERICH1,GO_Biological_Process_2023,prerank,Peptidyl-Serine Phosphorylation (GO:0018105),0.279488262423925,0.8277977702729307,0.9388646288209607,1.0,1.0,43/158,19.73%,PCK1;TTBK1;IKBKE;IKBKB;PDGFB;STK39;VRK2;MAP3K10;RIPK1;MYO3B;GRK2;GSK3B;NEK6;PRKCI;VRK3;CDC7;HIPK3;PKN1;PRKACA;MAPKAPK2;TNKS;LATS1;CDK1;CAB39;TBK1;HIPK2;PAK2;CSNK1G1;PRKCE;GAS6;CSNK1G2;MAP3K13;DMPK;PLK1;DYRK1A;EIF2AK3;PDPK1;ERN1;CSNK2A1;RICTOR;GPI;PRKACB;PRKDC
ERICH1,GO_Biological_Process_2023,prerank,Organic Hydroxy Compound Biosynthetic Process (GO:1901617),-0.3361230607034125,-0.8277849728970338,0.8074766355140187,1.0,1.0,17/42,21.29%,ALOX15;SLC27A2;AKR1D1;OSBP;CYP46A1;HSD3B7;HSD17B1;ACOT8;ABCD3;AMACR;CYP27A1;HSD17B10;CYP39A1;CYP7B1;FAXDC2;AKR1C3;OSBPL2
ERICH1,GO_Biological_Process_2023,prerank,Regulation Of Double-Strand Break Repair (GO:2000779),-0.30430882110043717,-0.8277005467921301,0.851063829787234,1.0,1.0,37/88,22.35%,SMARCD2;MGMT;PPP4R2;MORF4L2;CHEK1;KDM1A;USP51;DMAP1;MORF4L1;SPIRE2;OTUB2;DPF1;ACTR2;BCL7C;ARID2;SIRT1;ING3;SMARCA2;SIRT6;WRAP53;RAD51;UBE2N;POT1;RPA2;ZCWPW1;ACTL6A;WAS;DPF3;FIGNL1;TRIP12;SMARCE1;MRGBP;PBRM1;BCL7A;RAD51AP1;PML;RUVBL1
ERICH1,GO_Biological_Process_2023,prerank,Extracellular Matrix Organization (GO:0030198),0.27729861049006643,0.8266335033093003,0.9646799116997793,1.0,1.0,47/174,18.42%,GREM1;SERPINF2;MMP12;ELN;COLGALT2;KIF9;COL5A3;COLGALT1;DDR2;COL12A1;LOXL4;ADAMTS13;MMP3;KLK5;SCX;MMP28;COLQ;ADAMTS18;GPM6B;GSN;COL4A6;ADAMTS6;HAS2;MMP9;MMP19;HMCN1;MMP15;ADAMTS8;COL23A1;TGFBI;SPINK5;COL16A1;COL13A1;NOXO1;NDNF;COL2A1;ADAMTS10;GAS6;TLL1;COL9A3;TGFB1;TLL2;ADAMTS17;MMP17;MMP16;MMP2;NF1
ERICH1,GO_Biological_Process_2023,prerank,Regulation Of Establishment Of Planar Polarity (GO:0090175),0.3673449727521531,0.8261448541851296,0.7409766454352441,1.0,1.0,8/29,13.70%,VANGL2;SAPCD2;PKHD1;FZD2;SMURF1;VANGL1;DACT1;CELSR3
ERICH1,GO_Biological_Process_2023,prerank,Melanosome Localization (GO:0032400),-0.40600903981369685,-0.8260597144818894,0.7419354838709677,1.0,1.0,6/18,18.33%,RAB27A;MKKS;BLOC1S5;BLOC1S3;BBS5;RAB17
ERICH1,GO_Biological_Process_2023,prerank,Post-Transcriptional Regulation Of Gene Expression (GO:0010608),-0.32309795186920964,-0.8258757982027753,0.8290441176470589,1.0,1.0,14/57,16.39%,PUM2;ELP6;LARP4;ELP4;METTL18;PKP3;TDRD7;DDX25;MAPKAPK5;MSI1;PCIF1;EIF2S1;GIGYF2;ZC3H7B
ERICH1,GO_Biological_Process_2023,prerank,Regulation Of Cell Cycle (GO:0051726),0.26498176401993234,0.8257696281801755,0.9867256637168141,1.0,1.0,77/293,17.96%,ETFA;INSM1;BIRC3;ANAPC5;SMIM22;BRD7;RHOB;ALOX15B;TNFSF13B;TGM1;PTK6;EVI2B;PPP2R3B;RNF40;SDCBP;UCHL5;SIPA1;YY1AP1;RNF2;TP53BP2;FGFR2;MBTD1;NEK6;BIN1;ZNF703;TSPYL2;DHCR24;PCLAF;EPC1;PIM2;DLGAP5;BMP7;PROX1;JUN;BMP4;TSC1;TBRG1;TADA2A;PRR11;CCNF;CDK10;PRKACA;BEX1;HPGD;RPRM;MAGEA4;CCPG1;FZR1;PTPRK;HIPK2;ACTB;ANAPC2;WDR5;KAT5;YWHAE;GPER1;MAP2K6;SIRT2;JADE1;RNF167;CDK11A;GBF1;RUVBL2;ADARB1;EPC2;TMEM8B;PRCC;CDK5RAP3;CALR;TGFB1;PLK1;ZNF268;TARDBP;KIF20B;CDC27;PHACTR4;ZPR1
ERICH1,GO_Biological_Process_2023,prerank,Regulation Of Mitotic Spindle Assembly (GO:1901673),-0.39834031483361265,-0.8254136457884446,0.7262135922330097,1.0,1.0,9/20,22.13%,CHMP4A;HSPA1B;CHMP4C;EML3;DRG1;CHMP5;CHMP3;CHMP1A;CHMP6
ERICH1,GO_Biological_Process_2023,prerank,mRNA Processing (GO:0006397),-0.27329254456490676,-0.8253834100372891,0.9682835820895522,1.0,1.0,75/211,22.55%,CPSF6;SNU13;PAPOLA;TRA2B;RPRD1A;CWC22;SF3A2;USP49;HNRNPR;WDR83;PIN1;EFTUD2;HNRNPA1;DDX46;PRPF31;SART1;RBM22;SNRPF;RBM5;SNRPA;PRPF4B;SNW1;NCBP1;NOVA2;RBM42;PRPF40A;MAGOH;TCERG1;NOVA1;WBP4;ISY1;CRNKL1;RBM4;SRSF10;LSM7;FRA10AC1;DHX15;HSPA8;PHF5A;CPSF3;LSM8;HNRNPA0;DDX23;BUD31;RNPS1;SNRNP70;RNGTT;HNRNPC;RBM19;PRPF6;DDX39A;NCBP2;RPRD1B;SNRPB;SNRPB2;DHX8;SF3B2;BUD13;TBRG4;PRPF3;METTL14;HNRNPF;SRSF3;RBM10;SRRM4;SNRPG;SNRPD2;IK;U2AF1;CMTR1;NUDT21;SART3;HNRNPA3;SRSF7;SNRNP200
ERICH1,GO_Biological_Process_2023,prerank,Regulation Of Vascular Endothelial Growth Factor Production (GO:0010574),0.373602264265935,0.8253786752335375,0.7209302325581395,1.0,1.0,8/26,18.24%,IL6;CXCL17;C3;SULF1;HPSE;SARS1;TGFB1;EIF2AK3
ERICH1,GO_Biological_Process_2023,prerank,Telomere Maintenance Via Telomerase (GO:0007004),-0.4016694174160323,-0.824681278859,0.7341040462427746,1.0,1.0,11/19,24.53%,RAD50;TELO2;WRAP53;TERF1;POT1;HSP90AA1;DKC1;NOP10;RPA1;TERT;PTGES3
ERICH1,GO_Biological_Process_2023,prerank,RNA-templated DNA Biosynthetic Process (GO:0006278),-0.4016694174160323,-0.824681278859,0.7341040462427746,1.0,1.0,11/19,24.53%,RAD50;TELO2;WRAP53;TERF1;POT1;HSP90AA1;DKC1;NOP10;RPA1;TERT;PTGES3
ERICH1,GO_Biological_Process_2023,prerank,Purine Ribonucleotide Transport (GO:0015868),-0.3959767142153838,-0.8246730566233451,0.7137404580152672,1.0,1.0,8/19,26.25%,SLC25A24;SLC17A9;ABCC6;SLC19A1;LRRC8A;LRRC8D;SLC35B3;SLC25A25
ERICH1,GO_Biological_Process_2023,prerank,Positive Regulation Of Macrophage Migration (GO:1905523),0.40378150984971883,0.8246334184602881,0.7194092827004219,1.0,1.0,3/18,6.70%,CCL5;CXCL17;CSF1
ERICH1,GO_Biological_Process_2023,prerank,Neuron Development (GO:0048666),-0.2820217775253055,-0.824375581677475,0.9581151832460733,1.0,1.0,67/149,25.24%,STMN4;VAPA;NRTN;GBA1;RP1;STMND1;MYT1L;NTRK2;AGER;MEF2C;APP;FLRT3;CDK5;RP1L1;SRF;PTPRM;BICDL1;GPRIN1;NOVA2;FRYL;CNTN4;EPHA5;ARL3;BLOC1S5;GPRIN3;BLOC1S3;CNTNAP2;BLOC1S1;WNK1;PPP1R9A;NCDN;RAB6A;XBP1;ULK1;L1CAM;PALS1;MAPT;MICALL2;TGFB2;PPP1R9B;MICALL1;CDK5R1;PBX4;TENM4;SRRM4;ROCK1;STMN1;RB1;RAB35;PBX3;CDK16;SNAPIN;HS6ST1;OPHN1;CDNF;UNC5A;RUNX1;HMGB1;LYN;THOC2;B4GALT5;PRMT1;RAPGEF2;NEDD4;BLOC1S6;CLN5;RAB6B
ERICH1,GO_Biological_Process_2023,prerank,Cell-Substrate Junction Assembly (GO:0007044),-0.3642052706185105,-0.8240787549488212,0.7687861271676301,1.0,1.0,14/28,22.51%,ITGB4;COL17A1;SRC;WHAMM;PEAK1;RCC2;BCR;ACTN3;FERMT2;ACTN2;PLEC;TESK2;LAMC1;THY1
ERICH1,GO_Biological_Process_2023,prerank,B Cell Activation (GO:0042113),0.30487311470558875,0.8239658912452382,0.8577405857740585,1.0,1.0,20/84,16.36%,ADGRG3;CD22;CR2;RAG2;MALT1;PLCG2;RASGRP1;AKAP17A;RABL3;GPR183;FNIP1;HDAC9;BCL2;BANK1;PIK3R3;GPS2;DCAF1;PIK3CD;TCF3;ITGB1
ERICH1,GO_Biological_Process_2023,prerank,Protein Localization To Lysosome (GO:0061462),0.3396845255452835,0.8239341037933567,0.7845188284518828,1.0,1.0,16/40,23.17%,NCOA4;CACNG2;NAGPA;HGS;SZT2;CACNG7;LMBRD1;PXK;SH3BP4;AP3M1;M6PR;SORL1;GLMP;ATG14;SCARB2;CACNG5
ERICH1,GO_Biological_Process_2023,prerank,Positive Regulation Of RNA Metabolic Process (GO:0051254),-0.3563781704817769,-0.8236987869339979,0.7426326129666012,1.0,1.0,14/33,25.47%,WDR75;DXO;UTP15;RBM22;LIN28B;PNPT1;PIK3R1;HABP4;RBM20;SETX;SIRT7;SLC38A2;NMD3;RBM27
ERICH1,GO_Biological_Process_2023,prerank,Regulation Of G Protein-Coupled Receptor Signaling Pathway (GO:0008277),0.3068854939781147,0.8235772569845946,0.8179916317991632,1.0,1.0,11/70,7.60%,GNAT1;RGS4;CCL5;GUCY2D;CAMKMT;MRAP2;KLK5;C3;RGS5;CALCR;FRMPD1
ERICH1,GO_Biological_Process_2023,prerank,Positive Regulation Of Protein Metabolic Process (GO:0051247),0.2710569776053849,0.8233864995767122,0.9798206278026906,1.0,1.0,68/196,22.78%,PIWIL2;KLF2;TNFAIP3;IL6;PLA2G10;AGTR1;APC2;TNFSF13B;CSNK2A3;CSF1;RILP;CAPN3;GSK3B;EEF2;CHRNA7;FBXW11;IL17D;RASGRP1;SLC25A37;AGO2;VPS11;BCL3;AURKAIP1;IST1;DDX3X;DACT1;MSN;USP8;LDB1;DCAF1;WFS1;PRR16;EZR;FGFR4;CLN6;GPC3;ZCCHC4;NR1H3;RBX1;TBC1D10A;TGFB1;RDX;PLK1;STX5;THBS1;FXR2;CSNK2A1;EIF4G3;IDE;FOXO1;TFR2;SEC22B;UPF3A;PRKDC;YTHDF3;ERBB2;SORL1;LARP1;MAP2K5;AKT1;RPS27L;LARP4B;FAF1;EIF4A3;ABCB10;EIF3E;OAZ2;EIF6
ERICH1,GO_Biological_Process_2023,prerank,"Synaptic Transmission, Glutamatergic (GO:0035249)",-0.36692079207777745,-0.8227489509297241,0.7292929292929293,1.0,1.0,7/27,13.82%,GRIN3B;NAPA;GRIK3;GRID1;SLC17A6;GRIN2B;GRIA4
ERICH1,GO_Biological_Process_2023,prerank,Regulation Of G1/S Transition Of Mitotic Cell Cycle (GO:2000045),0.293110566036369,0.8226919472637122,0.9076923076923077,1.0,1.0,33/106,19.33%,PLK5;BRD7;FHL1;GFI1B;ANXA1;DPF2;HYAL1;RRM1;RPTOR;MBLAC1;PSME1;FAM107A;PRMT2;CDC73;SMARCA4;DDX3X;DACT1;RBL1;SMARCD1;PSME3;CDK2AP2;JADE1;SMARCB1;LSM10;RDX;SMARCC2;UBE2E2;LSM11;ACVR1;DLG1;SASS6;SMARCD3;SMARCC1
ERICH1,GO_Biological_Process_2023,prerank,"Regulation Of Synaptic Transmission, Glutamatergic (GO:0051966)",0.31974704834737694,0.8222129255533731,0.8088531187122736,1.0,1.0,18/55,18.80%,PLPPR4;DGKZ;NLGN1;CACNG2;GRM6;HCN1;UNC13A;RELN;SHANK3;CDH2;GRM7;GRM1;SYT1;RNF167;CACNG7;NRXN1;GRIK1;GRM5
ERICH1,GO_Biological_Process_2023,prerank,Regulation Of Wound Healing (GO:0061041),0.3320831049834223,0.8221232887652012,0.8103092783505155,1.0,1.0,12/46,18.66%,TNFAIP3;DUOX1;FOXA2;ANXA1;SERPINE1;CRK;GP1BA;CLDN4;PRKCE;ITGB1;VIL1;ARFGEF1
ERICH1,GO_Biological_Process_2023,prerank,Positive Regulation Of Cell-Substrate Adhesion (GO:0010811),0.3100890230458302,0.8219701806189971,0.8351409978308026,1.0,1.0,20/71,18.62%,CD3E;AGR2;LIMS2;PDGFB;CSF1;GSK3B;NELL1;DOCK5;RSU1;CASS4;CRK;EPHA1;ARHGEF7;UTRN;CD36;NDNF;CALR;SKAP1;CARMIL1;PPM1F
ERICH1,GO_Biological_Process_2023,prerank,Negative Regulation Of Viral Genome Replication (GO:0045071),0.32796203727777185,0.8219284721337328,0.8128898128898129,1.0,1.0,13/53,13.36%,OASL;CCL5;RSAD2;FAM111A;TRIM6;APOBEC3D;APOBEC3F;PROX1;RNASEL;IFITM2;MX1;IFIT1;TNIP1
ERICH1,GO_Biological_Process_2023,prerank,Mitochondrial ATP Synthesis Coupled Electron Transport (GO:0042775),-0.3142580283249303,-0.8217770100168471,0.8602941176470589,1.0,1.0,29/68,24.27%,CYCS;UQCRB;COX8A;NDUFA5;NDUFA8;UQCRFS1;NDUFB6;COA6;NDUFS2;COX6C;SDHAF2;NDUFB7;NDUFS4;NDUFV1;SDHB;SDHC;UQCRC2;COX6A1;NDUFB8;NDUFS7;NDUFB3;COX5A;NDUFV3;SDHA;UQCRH;NDUFA12;NDUFS8;NDUFB9;NDUFS3
ERICH1,GO_Biological_Process_2023,prerank,Regulation Of Cellular Catabolic Process (GO:0031329),-0.3159993749298142,-0.821656753978282,0.8383458646616542,1.0,1.0,32/62,25.57%,IFI16;TRIB3;DEPP1;LRRK2;CISD2;MTMR4;DDIT3;ATM;PIK3R4;DCAF12;RAB8A;GPR137B;WAC;RAB39B;BOK;USP33;UVRAG;MAPT;VPS29;EP300;ROCK1;DRAM1;MTMR3;ACER2;ABL2;KAT8;TPCN2;PRKN;FBXL2;PIK3C3;BECN1;WDR41
ERICH1,GO_Biological_Process_2023,prerank,Positive Regulation Of Cytokine Production Involved In Inflammatory Response (GO:1900017),-0.39567309421039215,-0.8216146207836538,0.7432950191570882,1.0,1.0,2/18,6.15%,TICAM1;MYD88
ERICH1,GO_Biological_Process_2023,prerank,Neuron Differentiation (GO:0030182),0.2739251601137154,0.8215639040883737,0.979296066252588,1.0,1.0,31/171,15.70%,VAX1;FOXN4;IRX4;INSM1;MYO7A;FOXA2;PITX2;LHX8;VXN;NRBP2;NLGN4X;FZD1;EPOP;LHX4;SNPH;FZD2;SMARCA1;WNT5B;OTX2;IL1RAPL1;FZD4;DTNB;MANF;TDP2;RTN3;SPINK5;LDB1;SALL1;TENM2;MAP2K1;ITM2C
ERICH1,GO_Biological_Process_2023,prerank,Negative Regulation Of Apoptotic Process (GO:0043066),0.25174166017487365,0.8214820169974633,1.0,1.0,1.0,146/467,22.13%,FATE1;GREM1;CBX4;GATA1;IL6;BIRC3;AMH;PLA2G3;PARK7;DHRS2;CD38;TMBIM1;AZU1;DPEP1;IGF1;NOTCH2;TNFRSF6B;ANXA1;EVI2B;NRBP2;GDNF;ARL6IP1;NFKB1;RIPK1;ITCH;WNK3;CAPN3;SEMA4D;PROK2;GPRASP3;PKHD1;GSK3B;RPS6KA1;OPA1;PTRH2;PRLR;SCX;AVEN;IL27RA;MALT1;CRYAB;PRKCI;POU3F4;DHCR24;NAA35;PIM2;FAS;CTSH;DFFA;ITGA5;HIPK3;PHIP;MAPKAP1;BCL2L10;ASNS;TMBIM6;BMP4;BIRC5;DSTYK;MMP9;ERBB3;BCL3;MLST8;TAF9;SHC1;COPS5;DDX3X;DDAH2;PRKAA2;MAGEA4;ANKLE2;PPIF;CDK1;FNIP1;ZNF16;HGF;YAP1;NTF4;PAK2;TMBIM4;DNAJC3;PCID2;BCL2;PIK3R3;TJP1;BFAR;PRDX3;WFS1;PRELID1;NDNF;BDNF;SEMA3E;RPL10;KDR;GAS6;ITGB1;UNC5B;CAT;PLK1;ZNF268;MRE11;BRAF;DDRGK1;HMGN5;TSC22D1;ERCC5;HDAC1;ARHGAP21;THBS1;TRIAP1;LGMN;NIBAN2;KLHL20;CSNK2A1;RICTOR;FOXO1;FOXB1;PRKDC;BNIP3L;IL7;PIK3CA;CTNNB1;TNFRSF10D;PSEN2;FLNA;ERBB2;TP53;PIM1;TMEM14A;CAV1;DNAJA3;MAP2K5;DNAJB6;RAF1;PLAUR;UFM1;AKT1;RELA;NFATC4;SET;IGBP1;API5;TOX3;ARHGDIA;KRT18;EGFR
ERICH1,GO_Biological_Process_2023,prerank,Positive Regulation Of GTPase Activity (GO:0043547),0.2666269154548433,0.8213793444081982,0.9933628318584071,1.0,1.0,81/227,22.93%,RASGRP3;CCL5;SYDE1;APC2;ARHGEF10;CORO1C;GRTP1;PRTN3;TBC1D30;SIPA1;SEMA4D;EPHA2;GSK3B;RTN4R;RALGPS1;TAX1BP3;TBC1D13;RASGRP1;RAB3GAP1;DOCK10;CAV2;AGAP9;TBC1D8;EVI5;TBC1D5;ARHGAP29;ARHGAP25;RSU1;TIAM2;NDEL1;DOCK8;TSC1;RASGRF1;GNB5;SCRIB;CCDC125;TBCK;EPHA1;BCAS3;ARHGEF7;TBC1D4;PIP5K1A;RGS10;RAPGEF5;ITGB1;TBC1D17;TBC1D10A;CCL26;TBC1D9;ASAP3;SNX9;SGSM1;PREX2;RASGEF1B;NF1;RGL1;PICALM;SNX18;EZH2;RASGRF2;RGL3;DOCK6;GARNL3;ERBB2;TBC1D1;DOCK7;SOS1;TBC1D12;AGAP1;S100A10;ARHGAP11B;RAP1A;TBC1D8B;SIPA1L2;TBC1D9B;RAPGEF6;ARHGEF26;RGP1;AGAP4;ARHGAP24;RALGDS
ERICH1,GO_Biological_Process_2023,prerank,Aerobic Electron Transport Chain (GO:0019646),-0.3168120658116407,-0.8212744464409406,0.8351851851851851,1.0,1.0,27/66,24.27%,CYCS;UQCRB;COX8A;NDUFA5;NDUFA8;UQCRFS1;NDUFB6;NDUFS2;COX6C;SDHAF2;NDUFB7;NDUFS4;NDUFV1;SDHB;SDHC;UQCRC2;COX6A1;NDUFB8;NDUFS7;NDUFB3;COX5A;NDUFV3;SDHA;UQCRH;NDUFS8;NDUFB9;NDUFS3
ERICH1,GO_Biological_Process_2023,prerank,Positive Regulation Of Lymphocyte Activation (GO:0051251),-0.34293341579540343,-0.8212138376480033,0.782,1.0,1.0,14/45,22.51%,TICAM1;IL23A;XRCC6;GNAO1;TNFSF4;HLA-DOB;SIRPA;TNFSF11;PRKCQ;HLA-DMA;ZNF335;CCL2;LCK;THY1
ERICH1,GO_Biological_Process_2023,prerank,Positive Regulation Of Monoatomic Ion Transport (GO:0043270),0.3461076506619626,0.8210891087224231,0.7943107221006565,1.0,1.0,11/39,19.02%,CCL5;FHL1;P2RX7;WNK3;GPD1L;SCN4B;SCN3B;WFS1;PKP2;DLG1;KIF5B
ERICH1,GO_Biological_Process_2023,prerank,Positive Regulation Of miRNA Transcription (GO:1902895),0.33462369460434327,0.8204296271279905,0.8017429193899782,1.0,1.0,17/43,22.13%,PDGFB;JUN;SMARCA4;SMAD3;NGFR;POU2F1;FOS;FOXO3;MRTFB;TGFB1;PPARG;ETS1;MRTFA;TP53;EGR1;RELA;EGFR
ERICH1,GO_Biological_Process_2023,prerank,Positive Regulation Of Establishment Of Protein Localization To Mitochondrion (GO:1903749),0.35812567707863263,0.8201795627622473,0.7516059957173448,1.0,1.0,7/33,11.51%,HSPA1L;RHOU;ARIH2;RNF2;TOMM7;SAE1;VPS11
ERICH1,GO_Biological_Process_2023,prerank,Positive Regulation Of Protein Phosphorylation (GO:0001934),-0.25904371307489427,-0.8199233406420476,0.9981851179673321,1.0,1.0,95/376,20.15%,FGF21;BMP2;GDF7;STOX1;GDF6;FGF9;JAK2;THPO;ANGPT4;CARD14;XRCC5;NOS1;CCND1;FGF16;CLEC6A;MMD2;FGF20;RAD50;RARRES2;NTRK1;FLT4;AVP;NTRK2;F2;BMP6;PTK2;DUSP19;LRRK2;PGF;AGER;BRAT1;CIB1;XRCC6;MAPRE3;WNT3A;FAM20A;APP;CALM3;PELI2;LCP2;RASSF2;MYDGF;DAB2;VEGFB;PIN1;TDGF1;BMP8A;SRC;BMPR2;CALM1;EGF;SIRT1;SNCA;FXR1;DAXX;TGFBR2;AGT;EFNA5;GDF11;TRAF4;ROCK2;INSR;BCAR3;PROM2;PTK2B;ERP29;INHBA;DVL3;INHBC;HAX1;PFN2;SPHK1;ALS2;ENPP2;CD44;CAMKK1;HCLS1;FGF4;FGF18;INHA;ORC3;RIPK2;CSNK1D;LEPR;CD74;HSP90AA1;FGF8;HFE;TGFB2;P2RY1;FAXDC2;RALBP1;FGF1;BMPR1A;GDF5
ERICH1,GO_Biological_Process_2023,prerank,Negative Regulation Of DNA-binding Transcription Factor Activity (GO:0043433),-0.27999910651962956,-0.8198978600913275,0.9339622641509434,1.0,1.0,31/148,16.42%,HAND1;HAVCR2;NWD1;ESR1;XCL1;BTRC;CDKN2A;HES1;FOXP3;NLRP2;SIK1;LRRK2;USP7;LRRC14;KDM1A;TNFSF4;CHP1;CHUK;OTULIN;FOXJ1;TRIM21;HEYL;DDIT3;DAB2IP;SIRT1;ZC3H12A;NLRP12;WWP2;COMMD1;KLF4;E2F2
ERICH1,GO_Biological_Process_2023,prerank,Negative Regulation Of Stem Cell Population Maintenance (GO:1902455),-0.3913753128839993,-0.8191913053007448,0.7349397590361446,1.0,1.0,8/20,24.63%,ING2;WNT9B;TET1;ING1;HDAC2;LOXL2;BRMS1;RBBP7
ERICH1,GO_Biological_Process_2023,prerank,Negative Regulation Of Interleukin-8 Production (GO:0032717),-0.4030419142920362,-0.8191760341125891,0.6883910386965377,1.0,1.0,1/17,0.60%,CD33
ERICH1,GO_Biological_Process_2023,prerank,Regulation Of Megakaryocyte Differentiation (GO:0045652),-0.39096579854945124,-0.8185602824851741,0.7347740667976425,1.0,1.0,6/19,15.73%,THPO;RAB7B;MEF2C;MYB;HMGB2;L3MBTL1
ERICH1,GO_Biological_Process_2023,prerank,Regulation Of mRNA Metabolic Process (GO:1903311),-0.41416892997900756,-0.8185524289712349,0.6977225672877847,1.0,1.0,4/15,16.99%,SRPK2;NCBP1;MAGOH;SAFB2
ERICH1,GO_Biological_Process_2023,prerank,Carbohydrate Biosynthetic Process (GO:0016051),0.3731879044267948,0.8185222382453765,0.7249466950959488,1.0,1.0,10/25,19.30%,FUT3;ST3GAL3;ST8SIA6;B3GALT2;EXT2;FUT4;EXT1;ST6GALNAC6;FUT9;B4GALT1
ERICH1,GO_Biological_Process_2023,prerank,Response To Axon Injury (GO:0048678),-0.3951154107066023,-0.8184759513814064,0.7373540856031129,1.0,1.0,10/18,25.30%,MTR;FLRT3;SARM1;SOD1;MORN4;DHFR;NREP;RTN4RL2;P2RX4;MAPK8IP3
ERICH1,GO_Biological_Process_2023,prerank,Myeloid Cell Activation Involved In Immune Response (GO:0002275),-0.4078212790986641,-0.8183164893577023,0.72,1.0,1.0,5/17,18.10%,SBNO2;ENPP3;MYO1C;SYK;IFI35
ERICH1,GO_Biological_Process_2023,prerank,Muscle Organ Development (GO:0007517),0.31682565238996274,0.8182861198399242,0.8292682926829268,1.0,1.0,14/57,16.50%,TCF21;FHL1;IGF1;MKX;DES;MEF2A;CAPN3;POU6F1;ITGB1BP2;UTRN;SPEG;MYH3;LAMA2;SOX6
ERICH1,GO_Biological_Process_2023,prerank,Negative Regulation Of Chemotaxis (GO:0050922),0.357114594562065,0.818084002559663,0.8016194331983806,1.0,1.0,14/31,19.77%,DUSP3;SEMA3F;SEMA4D;SEMA5B;ROBO1;SEMA6A;SEMA3G;ROBO2;ANGPT2;SEMA3E;SEMA3B;SEMA3C;THBS1;SEMA6B
ERICH1,GO_Biological_Process_2023,prerank,Regulation Of Cardiac Muscle Cell Contraction (GO:0086004),0.3681211748204489,0.8180773987776886,0.733739837398374,1.0,1.0,14/26,24.51%,ATP2A1;STC1;PDE4B;PDE4D;PKP2;DLG1;RANGRF;TRPM4;CAV1;CAV3;JUP;ANK2;GJA5;DSG2
ERICH1,GO_Biological_Process_2023,prerank,Organelle Assembly (GO:0070925),0.2575625118119023,0.8180534689812172,0.9978021978021978,1.0,1.0,97/320,21.12%,CIBAR2;CCNO;TP53INP2;VPS37D;ZAR1;IFT43;ELAPOR1;PLA2G3;CFAP54;TEKT2;MAP1LC3A;CEP41;CEP19;B9D2;DCDC2;PTPDC1;MAP1LC3C;RILP;ABLIM1;PACS2;OFD1;HGS;AP1S3;RFX3;B9D1;DUSP23;IFT80;KIF3A;MAP1LC3B;EMC6;PHIP;EHD4;GSN;AP3S1;CCDC57;RFX2;OCRL;BBIP1;EHD2;WIPI2;IST1;VMP1;CEP131;NME8;SEPTIN6;FNBP1L;STAM;IFT46;IQUB;DZIP1;TMEM237;TMEM216;MVB12A;GBF1;TMEM107;AVIL;CHMP1B;RILPL2;CDC14B;AP1S2;ATG16L1;IFT74;VPS4B;YTHDF2;HPS3;DISC1;CEP162;PDCD6IP;TBC1D31;ARL13B;IFT172;STX12;CHMP2B;CEP89;WDR45;KIF24;AP3D1;SCLT1;IFT122;DYNC2I2;CC2D2A;WDR19;AP3M1;IFT20;IFT27;AP1S1;UNC119B;SEPTIN7;FLNA;TOGARAM1;UBXN2A;TRAF3IP1;YTHDF3;SEPTIN2;CHMP7;CAPRIN1;TCTN1
ERICH1,GO_Biological_Process_2023,prerank,Negative Regulation Of Protein Binding (GO:0032091),-0.3124310127830084,-0.817943625370658,0.8173258003766478,1.0,1.0,25/71,21.40%,CARD18;TMC8;IFIT2;LRRK2;KDM1A;ADRB2;DAB2;PIN1;EFHB;GOLGA2;PRKCD;LRPAP1;MAPK8;ADAM15;TLE5;USP33;AURKA;ARRB2;HFE;ZFPM1;ROCK1;GTF2F1;TTBK2;RACK1;MITD1
ERICH1,GO_Biological_Process_2023,prerank,Response To Molecule Of Bacterial Origin (GO:0002237),0.30735634688995794,0.8176271116217275,0.8657024793388429,1.0,1.0,17/69,15.38%,TNFAIP3;IL6;IRF5;CYP27B1;NOS3;IL12A;SLC11A1;TRIM6;LGALS9;ERBIN;FBXO3;MAPKAPK2;TIRAP;IRAK1;AHR;CYRIB;PRDX3
ERICH1,GO_Biological_Process_2023,prerank,Regulation Of Reactive Oxygen Species Biosynthetic Process (GO:1903426),-0.37009344912918096,-0.8175336560189939,0.7453531598513011,1.0,1.0,5/25,12.84%,RAB27A;ALOX5;GRIN1;SLC18A2;SNCA
ERICH1,GO_Biological_Process_2023,prerank,Response To Ionizing Radiation (GO:0010212),-0.30783787687879155,-0.8173800335566589,0.8549618320610687,1.0,1.0,24/72,21.37%,HUS1;IFI16;SMPD1;NABP2;IKBIP;BRAT1;XRRA1;RNF168;BRSK1;ATM;SIRT1;ECT2;BARD1;MYC;RAD51;MTA1;USP28;MSH2;RFWD3;NHEJ1;FIGNL1;ERCC4;MAPK14;RAD51AP1
ERICH1,GO_Biological_Process_2023,prerank,Nucleic Acid Metabolic Process (GO:0090304),-0.36012259410365516,-0.8170085116923446,0.7572815533980582,1.0,1.0,13/30,22.04%,EXD2;RAD50;XRN2;WRN;SETMAR;DDX1;DXO;DDX24;ENPP1;NT5E;PDE12;FEN1;RAN
ERICH1,GO_Biological_Process_2023,prerank,Regulation Of Phosphatidylinositol 3-Kinase Activity (GO:0043551),-0.34887389555946946,-0.8166987255700892,0.7565543071161048,1.0,1.0,12/34,20.14%,FGFR3;FLT3;PTK2;TNFAIP8L3;KIT;RUBCN;DAB2IP;PIK3R4;PTK2B;PIK3R1;WASHC1;FLT1
ERICH1,GO_Biological_Process_2023,prerank,Positive Regulation Of Cyclin-Dependent Protein Kinase Activity (GO:1904031),0.3959963775776067,0.8164972869632868,0.7252525252525253,1.0,1.0,5/18,12.24%,TTBK1;CCND3;PDGFB;PROX1;PSRC1
ERICH1,GO_Biological_Process_2023,prerank,Negative Regulation Of TOR Signaling (GO:0032007),-0.3281894764935442,-0.8163950683791126,0.835820895522388,1.0,1.0,26/54,24.81%,MINAR1;GSK3A;BMT2;RNF152;SESN3;KPTN;SEC13;ATM;PDCD6;MAPKAPK5;SIRT1;CASTOR1;TMEM127;NPC1;SESN1;ITFG2;EPM2A;TBC1D7;DEPDC5;SESN2;WDR59;NUAK2;NPRL3;FLCN;CASTOR3P;BMAL1
ERICH1,GO_Biological_Process_2023,prerank,Leukotriene Metabolic Process (GO:0006691),0.3873050310646281,0.8162996206049754,0.7396963123644251,1.0,1.0,5/20,15.56%,LTC4S;MAPKAPK2;ABCC10;LTA4H;PLA2G4A
ERICH1,GO_Biological_Process_2023,prerank,Regulation Of Neuron Differentiation (GO:0045664),-0.30628606739920805,-0.8159941122380924,0.8452380952380952,1.0,1.0,19/79,16.15%,BMP2;DTX1;BRINP2;ZEB1;ATOH1;MMD2;HES1;LRRK2;MEF2C;SIX1;HEYL;RHOA;CNTN4;ECT2;CDK5RAP2;VWC2;ZFHX3;IMPACT;SOX2
ERICH1,GO_Biological_Process_2023,prerank,Negative Regulation Of Cyclin-Dependent Protein Kinase Activity (GO:1904030),-0.3905530166789555,-0.8157597663678468,0.7229357798165138,1.0,1.0,4/20,9.93%,CDKN2A;HHEX;PTEN;CEBPA
ERICH1,GO_Biological_Process_2023,prerank,Regulation Of TOR Signaling (GO:0032006),0.30543261911450154,0.8155885482093781,0.8706697459584296,1.0,1.0,29/76,21.12%,WDR24;HTR6;NPRL2;RFFL;PKHD1;RPTOR;RPS6KA1;TSC1;TSSK6;GPAT3;DEPTOR;NUAK1;MLST8;TSSK3;TBCK;PRKAA2;LAMTOR2;LAMTOR1;FNIP1;GAS6;MIOS;RRAGD;SEH1L;RICTOR;SH3BP4;PIK3CA;UBR2;RRAGB;FBXO9
ERICH1,GO_Biological_Process_2023,prerank,Protein K48-linked Ubiquitination (GO:0070936),0.3083321366007563,0.8153686330182329,0.8453159041394336,1.0,1.0,22/70,19.34%,TNFAIP3;KBTBD6;DTX3L;UBR5;TRIM6;RFFL;ITCH;ARIH2;IFI27;RNF187;TRIM65;UBE2H;UBE3A;RNF8;BFAR;UBE2R2;RNF115;RBX1;UBE2E2;TRIM45;UBE2D3;TRIM25
ERICH1,GO_Biological_Process_2023,prerank,Negative Regulation Of Inflammatory Response (GO:0050728),-0.2906107389740501,-0.8153054020183161,0.9111111111111111,1.0,1.0,26/110,19.53%,TNFAIP6;NR1H4;GBA1;GATA3;ENPP3;ALOX5;AOAH;PTGER4;OTULIN;MACIR;SRC;TNFRSF1B;FXR1;PRKCD;SELENOS;HCK;NLRP12;SIRPA;KLF4;SYK;FEM1A;LPCAT3;PTPN2;LRFN5;TYRO3;METRNL
ERICH1,GO_Biological_Process_2023,prerank,Myelination (GO:0042552),0.33265786723229335,0.8152093752129536,0.7843137254901961,1.0,1.0,20/48,20.59%,CXCR4;MALL;ARHGEF10;GPM6B;MARVELD1;PLLP;EIF2B4;CNTNAP1;BCAS1;B4GALT6;LGI4;CMTM8;SLC8A3;ADGRG6;SIRT2;SCN2A;GAL3ST1;NF1;SBF2;ZNF24
ERICH1,GO_Biological_Process_2023,prerank,Positive Regulation Of Cell Adhesion Mediated By Integrin (GO:0033630),0.4013131566598942,0.8148493407864357,0.7280163599182005,1.0,1.0,2/17,4.21%,CD3E;CCL5
ERICH1,GO_Biological_Process_2023,prerank,Protein Glycosylation (GO:0006486),-0.28066725048318775,-0.814639421402741,0.9361313868613139,1.0,1.0,36/145,18.12%,B3GNT9;B3GNT3;TET2;ST6GALNAC1;B3GALT4;ST8SIA4;B3GALNT1;ALG10B;SERP2;DOLPP1;MGAT2;DPM3;ALG1;B3GNTL1;MGAT4B;DPM1;GCNT4;GALNT12;B4GAT1;GOLGA2;PDCD6;MAN1C1;TUSC3;FUT8;LARGE2;TET1;NPC1;ALG10;MLEC;ALG12;FKTN;B3GNT7;PMM1;DDOST;GALNT7;AQP11
ERICH1,GO_Biological_Process_2023,prerank,Purine Ribonucleotide Biosynthetic Process (GO:0009152),0.3155203905666994,0.8145789961440886,0.8358531317494601,1.0,1.0,13/55,13.94%,ADCY6;GUCY2D;NPPC;NPPA;PANK3;ADCY8;NPR1;ADSL;ATP5PO;PAPSS2;ADCY2;PFAS;ADCY10
ERICH1,GO_Biological_Process_2023,prerank,Actin Cytoskeleton Reorganization (GO:0031532),0.31689922258261716,0.8145363091349315,0.8277310924369747,1.0,1.0,25/53,20.69%,CDC42BPG;SYDE1;ANXA1;BCAR1;S1PR1;THSD7B;PTPN1;DTNBP1;CASS4;GRB2;FARP2;CTTN;PIP5K1A;MINK1;THSD7A;EZR;MKLN1;EFS;ATP2C1;TNIK;RAP2A;RICTOR;PTK7;FLNA;MCU
ERICH1,GO_Biological_Process_2023,prerank,Positive Regulation Of Telomere Maintenance (GO:0032206),-0.32453110668665225,-0.8145206268184536,0.8089887640449438,1.0,1.0,26/52,25.08%,TNKS2;ACTR5;RAD50;NABP2;TFPT;ATM;MAPKAPK5;GNL3;SIRT6;INO80E;TERF1;POT1;PRKCQ;INO80B;ERCC1;ACTL6A;ATRX;MAP2K7;YY1;DHX36;PML;RUVBL1;ACTR8;INO80C;HNRNPD;INO80D
ERICH1,GO_Biological_Process_2023,prerank,Protein Palmitoylation (GO:0018345),0.3478301928966303,0.8144401420093579,0.7647058823529411,1.0,1.0,10/30,16.41%,ZDHHC5;ZDHHC17;ZDHHC15;GLUL;ZDHHC6;ZDHHC18;ZDHHC11;ZDHHC21;ZDHHC19;ZDHHC8
ERICH1,GO_Biological_Process_2023,prerank,Response To Steroid Hormone (GO:0048545),0.3612270856444185,0.8141639031958021,0.7628865979381443,1.0,1.0,10/29,18.62%,NKX3-1;TFPI;ADTRP;ATP1A3;YAP1;PAQR7;UBE3A;NR1H3;TGFB1;THBS1
ERICH1,GO_Biological_Process_2023,prerank,Membrane Repolarization (GO:0086009),-0.40285046660905577,-0.8140580249725534,0.7423076923076923,1.0,1.0,5/17,15.72%,KCNJ2;ATP1B3;KCND3;SLC24A4;ATP1A2
ERICH1,GO_Biological_Process_2023,prerank,Regulation Of Macrophage Chemotaxis (GO:0010758),0.39256881113745173,0.8138097070052265,0.7238493723849372,1.0,1.0,4/20,6.70%,AMH;CCL5;CXCL17;CSF1
ERICH1,GO_Biological_Process_2023,prerank,Lysosome Organization (GO:0007040),-0.3326420567380809,-0.8135268112884104,0.8036697247706422,1.0,1.0,22/43,25.04%,GBA1;ACP3;CLVS2;CLVS1;CORO1A;LRRK2;TMEM175;SRPX;SPG11;PI4KB;HPS1;MTOR;ARSB;TFEB;VPS18;FHIP1B;TMEM106B;SNAPIN;TPCN2;HOOK1;CLN3;CLN5
ERICH1,GO_Biological_Process_2023,prerank,Nuclear Export (GO:0051168),-0.3247053004919962,-0.8134083974993704,0.8175182481751825,1.0,1.0,21/48,22.41%,POM121L2;EGR2;CCHCR1;NUP214;RANBP3L;CHP1;HNRNPA1;RANBP3;XPO7;RITA1;NUP42;NUP62;STRADA;XPO1;DDX39A;NUP155;WASHC4;ANKLE1;RAN;PKD1;XPO6
ERICH1,GO_Biological_Process_2023,prerank,Gas Transport (GO:0015669),-0.40856673830297874,-0.8133779101413512,0.7314629258517034,1.0,1.0,2/15,3.21%,AQP5;HBA1
ERICH1,GO_Biological_Process_2023,prerank,Embryonic Axis Specification (GO:0000578),-0.41584008671271894,-0.8132753735186297,0.7383177570093458,1.0,1.0,5/16,17.04%,TBX3;STIL;TDGF1;TASOR;SMAD6
ERICH1,GO_Biological_Process_2023,prerank,Glycoprotein Metabolic Process (GO:0009100),-0.32260337166938585,-0.8132278968608547,0.8292682926829268,1.0,1.0,14/53,15.71%,ENGASE;ST8SIA4;GAL3ST4;FBXO6;MGAT4B;AGA;GANC;B4GAT1;MAN1C1;FUT8;GANAB;GOLPH3;CNMD;MAN2A2
ERICH1,GO_Biological_Process_2023,prerank,Epigenetic Regulation Of Gene Expression (GO:0040029),0.2979577115183921,0.8130403621786327,0.8752642706131079,1.0,1.0,34/83,23.18%,FAM47E;PHF19;BRD7;USP21;RNF2;MACROH2A2;DPY30;EPC1;CREBZF;MECP2;SPHK2;SMARCA4;SMARCD1;HDAC9;KMT2A;TRIM37;WDR5;SIRT2;MACROH2A1;RNF8;SMARCB1;ATF2;TFAP2C;CGGBP1;PHB1;EZH2;CTCFL;TP53;GLYR1;EZHIP;TRMT112;RBM14;MEN1;PPHLN1
ERICH1,GO_Biological_Process_2023,prerank,Protein Localization (GO:0008104),0.25721412394127025,0.8128867121380092,0.9977628635346756,1.0,1.0,109/349,21.74%,RTP4;MYO7A;AKTIP;VANGL2;SEPTIN9;SEC31B;COG7;STX19;RAB18;VPS33B;CCDC68;CAPN3;RAB24;PACS2;HGS;ANKS4B;ERBIN;RAB21;TBC1D13;ATG4B;LYST;RIC3;NBEAL1;KIF3A;STK11IP;BICD1;PHIP;ZDHHC15;SMURF1;RAB14;TM9SF3;TMED6;ABHD17A;RABL3;WIPI2;IST1;PEX5;MAPRE1;PAM16;COPZ1;HEATR5B;LAMTOR2;NGFR;SYNRG;PTPRK;LAMTOR1;ARFRP1;TMED4;LRBA;ACTB;PRRT1;SEC31A;CTTN;PTPRU;AKAP11;ABCD1;TMED2;CNTLN;TM9SF1;MYO6;REEP1;SNX15;TM9SF2;ARF6;GRID2;STX2;SAR1A;RRAGD;GGA1;TIMM21;STX5;SNX9;PEX14;SNX27;EIF2D;RAP2A;STX16;NPHP1;ARL5A;STX12;WDR45;AP3D1;UNC50;SYNDIG1;TMED9;NIN;IFT27;ARCN1;TIMM17B;PARD3B;CTNNB1;SPTSSA;GRPEL1;FLNA;MFN2;ID1;TP53;STXBP2;RRAGB;CAV1;SHROOM3;MGAT3;SNX1;EHD1;RAB20;CAV3;PRPF19;RAB5B;SIL1
ERICH1,GO_Biological_Process_2023,prerank,Vesicle-Mediated Transport In Synapse (GO:0099003),-0.39499873256036605,-0.812736836351748,0.7267657992565055,1.0,1.0,10/18,21.01%,CPLX4;OTOF;CDK5;PIP5K1C;BRSK1;SNCA;CPLX2;VAMP2;RIMS1;STX1A
ERICH1,GO_Biological_Process_2023,prerank,Cellular Response To Metal Ion (GO:0071248),0.28071055103496523,0.8124354439774267,0.9400428265524625,1.0,1.0,35/132,18.79%,CPNE5;FBP1;KCNA1;SYT3;AOC1;SYT15;DPEP1;ITPKB;PRNP;NLGN1;MEF2A;CAPN3;CPNE2;ADCY8;PLCG2;MT1F;JUN;MMP9;MT1M;SYT9;PRKAA2;PPIF;CPNE7;MAPK3;HSF1;FOS;SYT1;CPNE1;MT1X;SYT7;BRAF;ADGRV1;DLG4;GUCA1A;LGMN
ERICH1,GO_Biological_Process_2023,prerank,Regulation Of Cholesterol Metabolic Process (GO:0090181),-0.37610000180379444,-0.8123070483598136,0.757455268389662,1.0,1.0,6/23,18.62%,NR1H4;FMO5;GNB3;STARD4;LPCAT3;ERLIN2
ERICH1,GO_Biological_Process_2023,prerank,B Cell Differentiation (GO:0030183),0.31320070083721446,0.8118537826993194,0.8755186721991701,1.0,1.0,13/60,16.36%,ADGRG3;CR2;RAG2;PLCG2;RABL3;FNIP1;HDAC9;PIK3R3;GPS2;DCAF1;PIK3CD;TCF3;ITGB1
ERICH1,GO_Biological_Process_2023,prerank,Lysosome Localization (GO:0032418),0.32906787367029405,0.8116694811961233,0.8463114754098361,1.0,1.0,11/42,15.25%,VPS33B;PLEKHM2;CHGA;BORCS8;NDEL1;PIP4P1;RAB3A;LAMTOR1;MAP6;RNF167;PIK3CD
ERICH1,GO_Biological_Process_2023,prerank,Regulation Of Neuron Apoptotic Process (GO:0043523),-0.29174469866050456,-0.8116402669283437,0.9044943820224719,1.0,1.0,28/105,20.60%,KCNB1;CNTFR;CNTF;FGF20;VSTM2L;NTRK1;PRKCG;NTRK2;MEF2C;NAIP;CITED1;SIX1;CDK5;DDIT3;SRPK2;SOD1;RASA1;PTK2B;MSH2;SOD2;EGLN2;UBB;TYRO3;TGFB2;CRLF1;CDK5R1;RETREG1;SNX6
ERICH1,GO_Biological_Process_2023,prerank,Regulation Of Apoptotic Signaling Pathway (GO:2001233),0.32573777096985346,0.8112273273404508,0.810126582278481,1.0,1.0,14/45,19.70%,ETFA;NKX3-1;TMBIM1;FAS;CTSH;TMBIM6;DEPTOR;CTSL;BCL2;BDNF;STYXL1;TPD52L1;CSNK2A1;TRAF7
ERICH1,GO_Biological_Process_2023,prerank,Positive Regulation Of Interleukin-2 Production (GO:0032743),0.36906550294258444,0.8110502669471756,0.7373949579831933,1.0,1.0,10/25,28.00%,MALT1;PLCG2;PDE4B;PDE4D;CARD11;STOML2;TRAF2;TRAF6;IL1A;CD86
ERICH1,GO_Biological_Process_2023,prerank,Phosphatidylserine Metabolic Process (GO:0006658),0.3844680149778479,0.8109289578182329,0.7759336099585062,1.0,1.0,5/20,12.33%,PLA2G3;PLA2G10;SLC27A1;SERINC1;PLA2G15
ERICH1,GO_Biological_Process_2023,prerank,Regulation Of Cellular Metabolic Process (GO:0031323),-0.3291757071498981,-0.8107360585955458,0.8038461538461539,1.0,1.0,23/45,29.25%,ING2;GNB3;MBOAT7;BCO2;ARL2;GCK;PNPT1;COQ7;CIDEB;EP300;PRKN;PANK2;NEK4;BMAL1;RNF34;PARL;NCOR2;PRKAG1;FOXM1;PDK3;RNF41;PDK2;PPARA
ERICH1,GO_Biological_Process_2023,prerank,Positive Regulation Of DNA Recombination (GO:0045911),0.32517448262656495,0.8106906988513288,0.8498942917547568,1.0,1.0,22/51,22.24%,MRNIP;PRDM7;HDGFL2;MAD2L2;KMT5B;OOEP;MBTD1;SHLD2;EPC1;TIMELESS;FUS;KAT5;RUVBL2;EPC2;HELQ;PARP1;TRRAP;EP400;ERCC2;BRD8;TP53BP1;PAXIP1
ERICH1,GO_Biological_Process_2023,prerank,Regulation Of Membrane Depolarization (GO:0003254),0.38578154283304716,0.8106862132222932,0.7452229299363057,1.0,1.0,8/20,21.56%,SCN10A;FHL1;HCN1;GPD1L;SCN3B;SMAD7;RANGRF;CAV3
ERICH1,GO_Biological_Process_2023,prerank,Negative Regulation Of Leukocyte Cell-Cell Adhesion (GO:1903038),0.38927079745875426,0.8104570302886837,0.7560483870967742,1.0,1.0,3/19,7.65%,IL4I1;DUSP3;MIA3
ERICH1,GO_Biological_Process_2023,prerank,Positive Regulation Of Endopeptidase Activity (GO:0010950),-0.35406551583742507,-0.8103286681115767,0.8099808061420346,1.0,1.0,8/29,15.00%,EPHA4;VSIR;GRIN1;SEMG1;CR1;PSENEN;GRIN2B;ROCK2
ERICH1,GO_Biological_Process_2023,prerank,Sympathetic Nervous System Development (GO:0048485),0.41555328426401533,0.8098895915528914,0.7360515021459227,1.0,1.0,4/15,7.79%,INSM1;GDNF;SEMA3F;NELL1
ERICH1,GO_Biological_Process_2023,prerank,Cellular Response To Virus (GO:0098586),0.3221066886052273,0.8094967340665156,0.816414686825054,1.0,1.0,10/56,12.60%,IL6;IRF5;CCL5;IL12A;LGALS9;IFNLR1;IFNGR1;LGALS8;TYK2;DDX3X
ERICH1,GO_Biological_Process_2023,prerank,Regulation Of Protein Polymerization (GO:0032271),-0.34871463960436005,-0.8094315449800806,0.780952380952381,1.0,1.0,15/33,20.66%,TPPP;DAAM2;ARHGAP40;TPPP3;MAPRE3;CAMSAP2;ARHGAP28;ARL2;RASA1;HAX1;PFN2;HCLS1;HSP90AA1;MAPT;PAK3
ERICH1,GO_Biological_Process_2023,prerank,Embryonic Skeletal System Development (GO:0048706),-0.3460892080215069,-0.8093190275353428,0.7941787941787942,1.0,1.0,10/33,27.22%,SIX1;FUZ;DYNC2I1;POLR2D;SULF2;OXSR1;KIAA1217;DEAF1;COL1A1;SOX11
ERICH1,GO_Biological_Process_2023,prerank,Regulation Of Nucleic Acid-Templated Transcription (GO:1903506),-0.25220801146675786,-0.8090928021695537,1.0,1.0,1.0,107/450,18.39%,SOX7;BMP2;SPIN2B;NFILZ;ING2;ZNF648;ACTR5;ESR1;ZNF732;FOXP3;PRRX2;HDAC10;NOTCH1;ZFAT;MLX;VHL;TULP3;APBB3;ZNF628;CHEK2;RPL6;BRDT;KAT2B;ZNF736;MEF2C;ZNF219;TAF10;ZNF460;ZNF646;FOXN2;SIX1;THAP7;CEBPA;DMAP1;CNBP;ZNF66;BRD1;ZNF253;JMJD1C;MLLT6;RPS6KA4;NFKB2;SMARCA5;ZNF274;FOXO4;ZNF221;IGSF1;ZFPL1;NFATC2;RNF14;DDIT3;ZSCAN21;CEBPB;ZNF876P;ZNF331;ZNF280B;DAXX;NR1D2;ING3;OGG1;PPARGC1B;LIN54;HMG20A;MYB;SMARCA2;NFIL3;SLC2A4RG;KLRG1;TESMIN;RNF20;HINFP;WWC2;ZNF92;SRSF10;ZFHX3;INSR;SOX4;AJUBA;ZFP37;BRPF3;SOX2;SOX13;ZNF695;PRKCQ;ZNF502;ZNF2;CHD7;HCFC2;HINT1;RHOXF1;POU5F1B;ACVR1B;LIMD1;HMGA1;BNC2;ACTL6A;WWTR1;HCLS1;ATRX;MZF1;PRMT5;MTF2;CREM;ZKSCAN5;TFEB;ZNF100;PPP2CA
ERICH1,GO_Biological_Process_2023,prerank,Regulation Of Stem Cell Proliferation (GO:0072091),-0.4118736936523787,-0.8089966216916329,0.76,1.0,1.0,5/16,15.00%,FBLN1;KDF1;KDM1A;EPCAM;HMGB2
ERICH1,GO_Biological_Process_2023,prerank,Intrinsic Apoptotic Signaling Pathway In Response To DNA Damage (GO:0008630),-0.3311991772775967,-0.808959166383707,0.8236434108527132,1.0,1.0,21/49,20.94%,IFI16;SFN;CHEK2;HIPK1;BAK1;TMEM109;TNFRSF1B;ATM;SNW1;SIRT1;USP28;CASP2;CASP9;BOK;MOAP1;CIDEB;PHLDA3;BCL2L1;E2F1;EP300;BCL2L2
ERICH1,GO_Biological_Process_2023,prerank,Regulation Of Cation Channel Activity (GO:2001257),-0.3166628656051462,-0.8089338692040804,0.8520710059171598,1.0,1.0,23/56,24.83%,NOS1;NETO1;EDNRA;FGF14;CACNB3;KCNAB1;HCN2;CALM1;CTSS;S100G;JPH4;CACNB2;KCNG1;CACNB1;FGF11;VAMP2;HCN4;HOMER1;FKBP1B;HCN3;ANK3;STAC;JPH1
ERICH1,GO_Biological_Process_2023,prerank,Regulation Of Receptor Signaling Pathway Via STAT (GO:1904892),0.40609176624505855,0.8087592793242705,0.7225806451612903,1.0,1.0,7/16,17.24%,TP53INP2;IL6;MST1;CRLF2;DOT1L;TGFB1;PPARG
ERICH1,GO_Biological_Process_2023,prerank,"Mitochondrial Electron Transport, Cytochrome C To Oxygen (GO:0006123)",-0.41348873356216276,-0.8086198326399062,0.7367424242424242,1.0,1.0,5/15,21.78%,CYCS;COX8A;COX6C;COX6A1;COX5A
ERICH1,GO_Biological_Process_2023,prerank,Dephosphorylation (GO:0016311),0.27271145909901134,0.8083217043687096,0.9698924731182795,1.0,1.0,53/146,20.13%,FBP1;PPEF2;PPM1J;PTPN18;PLPPR4;DUSP3;PPEF1;UBLCP1;PPP2R3B;PLPPR2;PP2D1;PPP2R5A;FBXW11;PPP3CB;PPP6C;NANP;PSPH;DUSP23;PPP2R3A;DUSP12;CTDP1;PDP1;PTPN1;DUSP26;PTPRR;ILKAP;PHPT1;THNSL2;PDPR;PTPRK;PLPP1;EPHX2;PTPRU;PPP2R5B;SGPP1;DUSP16;CDC14B;SBF1;TAB1;PPP2CB;PPP1CA;PTPRS;PPM1F;PLPPR5;PTPN5;PXYLP1;PPP5C;PPP2R1B;MTMR2;PPP4R3A;PPP4R3B;PPM1H;PTPN11
ERICH1,GO_Biological_Process_2023,prerank,Regulation Of Neuron Projection Development (GO:0010975),0.26888347649885525,0.808024444412199,0.9852631578947368,1.0,1.0,52/174,19.18%,PLK5;PLA2G3;ADCY6;TNN;TNR;RTN4RL1;DDR2;PTK6;NLGN1;MUSK;FZD1;GAK;NTNG1;PRAG1;GSK3B;RTN4R;CTNNA2;ROR1;PRKCI;ZDHHC15;PAQR3;IL1RAPL1;NDEL1;RELN;SHANK3;ZNF804A;LRRC7;CDH2;GPC2;ABI3;PAK2;KNDC1;CCDC88A;DPYSL3;NPTN;NDNF;BDNF;PPFIA2;ITM2C;SCARF1;AVIL;STYXL1;LRRC4C;PTPRS;SPOCK1;TENM3;TANC2;CBFA2T2;PLPPR5;MAGI2;DENND5A;FUT9
ERICH1,GO_Biological_Process_2023,prerank,Regulation Of Myotube Differentiation (GO:0010830),-0.37664831970654467,-0.8076217399044637,0.7704280155642024,1.0,1.0,7/23,25.28%,SIK1;RBM24;BHLHA15;XBP1;MAPK14;MAML1;MMP14
ERICH1,GO_Biological_Process_2023,prerank,Immunoglobulin Production Involved In Immunoglobulin-Mediated Immune Response (GO:0002381),0.3997138424694717,0.8075265279154517,0.7417943107221007,1.0,1.0,4/17,10.69%,MAD2L2;SHLD2;HLA-DPA1;HLA-DMB
ERICH1,GO_Biological_Process_2023,prerank,Positive Regulation Of Epithelial Cell Proliferation (GO:0050679),-0.28414589000921237,-0.807492801021837,0.922077922077922,1.0,1.0,26/122,17.83%,AREG;PAX2;BMP2;FGF9;FLT4;LRG1;BMP6;ANG;ZNF304;PGF;MYDGF;VEGFB;NRARP;HTR2B;PDCD6;BMPR2;EGF;SIRT1;MYC;HMGB2;PTN;SAAL1;VASH2;RTN4;XBP1;ZNF580
ERICH1,GO_Biological_Process_2023,prerank,Organelle Membrane Fusion (GO:0090174),0.36455859816014996,0.8073813284131375,0.7453416149068323,1.0,1.0,12/26,23.31%,GOSR1;CAV2;VCPIP1;SYT7;STX5;STX16;VAMP8;STX12;GOSR2;VAMP3;VAMP7;SYT4
ERICH1,GO_Biological_Process_2023,prerank,Negative Regulation Of Anoikis (GO:2000811),-0.40724862359451575,-0.8072948671221396,0.7549800796812749,1.0,1.0,4/16,12.17%,NOTCH1;PTK2;ZNF304;SRC
ERICH1,GO_Biological_Process_2023,prerank,Lytic Vacuole Organization (GO:0080171),-0.34271992250032257,-0.8072853775232092,0.813780260707635,1.0,1.0,19/36,25.04%,GBA1;ACP3;CLVS2;CLVS1;LRRK2;SPG11;PI4KB;HPS1;MTOR;ARSB;TFEB;VPS18;FHIP1B;TMEM106B;SNAPIN;TPCN2;HOOK1;CLN3;CLN5
ERICH1,GO_Biological_Process_2023,prerank,Zinc Ion Transport (GO:0006829),-0.37895779569428506,-0.807067326895838,0.7729083665338645,1.0,1.0,3/23,7.29%,SLC30A2;SLC30A4;SLC30A6
ERICH1,GO_Biological_Process_2023,prerank,Phosphatidic Acid Metabolic Process (GO:0046473),0.3474118302295173,0.8070571427583595,0.7656903765690377,1.0,1.0,12/33,20.10%,PLA2G3;PLA2G10;DGKZ;SLC27A1;DGKD;GNPAT;GPAT3;AGPAT4;AGPAT1;DGKB;AGPAT3;MBOAT2
ERICH1,GO_Biological_Process_2023,prerank,Positive Regulation Of Lipid Kinase Activity (GO:0090218),0.35034809066366784,0.8068484172984859,0.7844311377245509,1.0,1.0,7/30,11.53%,EEF1A2;EPHA8;CD19;DGKZ;PDGFB;IRS1;PDGFRA
ERICH1,GO_Biological_Process_2023,prerank,Actomyosin Structure Organization (GO:0031032),0.3021210086713452,0.8066401915408903,0.871244635193133,1.0,1.0,21/77,17.92%,CDC42BPG;MYPN;MYH11;TMOD4;LMOD1;MYH7B;CAPN3;EPB41L2;FHOD3;PGM5;SORBS1;EPB41L4B;EPB41;EPB41L1;TJP1;MYH3;FAM171A1;ITGB1;WDR1;ITGB5;TTN
ERICH1,GO_Biological_Process_2023,prerank,Regulation Of Gluconeogenesis (GO:0006111),-0.34592152148361593,-0.80607158033605,0.7760910815939279,1.0,1.0,14/31,21.03%,SIK1;USP7;ZNF692;ARPP19;SIRT1;SELENOS;PGPEP1;SIRT6;CRY1;GCK;PTPN2;DDB1;EP300;SIRT7
ERICH1,GO_Biological_Process_2023,prerank,Protein Dephosphorylation (GO:0006470),0.27732000834044773,0.8059502551020381,0.9578059071729957,1.0,1.0,42/122,20.13%,PPEF2;PPM1J;PTPN18;DUSP3;PPEF1;UBLCP1;PPP2R3B;PP2D1;PPP2R5A;FBXW11;PPP3CB;PPP6C;PPP2R3A;DUSP12;CTDP1;PDP1;PTPN1;DUSP26;PTPRR;DUSP7;ILKAP;PHPT1;PDPR;PTPRK;PTPRU;PPP2R5B;DUSP16;CDC14B;SBF1;TAB1;PPP2CB;PPP1CA;PTPRS;PPM1F;PTPN5;PPP5C;PPP2R1B;MTMR2;PPP4R3A;PPP4R3B;PPM1H;PTPN11
ERICH1,GO_Biological_Process_2023,prerank,Protein Mannosylation (GO:0035268),-0.3819021182261693,-0.8057305460561645,0.7247191011235955,1.0,1.0,7/21,16.92%,DPM3;DPM1;RXYLT1;LARGE2;TMTC1;FKTN;TMTC2
ERICH1,GO_Biological_Process_2023,prerank,Negative Regulation Of Small Molecule Metabolic Process (GO:0062014),-0.35066574744972,-0.8055148875170872,0.8114285714285714,1.0,1.0,12/33,16.22%,WNT4;DKKL1;GSK3A;TIGAR;SIK1;USP7;PGPEP1;SIRT6;CRY1;NCOR1;GCK;ACTN3
ERICH1,GO_Biological_Process_2023,prerank,Regulation Of Telomerase Activity (GO:0051972),-0.3267602950612247,-0.8054044135918769,0.8011695906432749,1.0,1.0,18/44,20.63%,XRCC5;NABP2;PARN;SRC;ATM;MAPKAPK5;GRHL2;SMG6;MYC;WRAP53;TERF1;POT1;KLF4;PRKCQ;HSP90AA1;MAP2K7;ERCC4;DKC1
ERICH1,GO_Biological_Process_2023,prerank,Heterophilic Cell-Cell Adhesion Via Plasma Membrane Cell Adhesion Molecules (GO:0007157),0.32135033502785243,0.8052982017214643,0.8571428571428571,1.0,1.0,12/48,18.06%,JAML;CRB1;CADM3;NLGN1;IL1RAPL1;HMCN1;DCHS1;TENM2;SCARF1;GRID2;TENM3;CADM1
ERICH1,GO_Biological_Process_2023,prerank,Negative Regulation Of ERK1 And ERK2 Cascade (GO:0070373),0.32400921364819113,0.8051928801789822,0.8589211618257261,1.0,1.0,17/46,19.48%,PSCA;DUSP3;EMILIN1;PTPN1;DUSP26;RPS6KA6;PTPRR;SEMA6A;SPRED3;TNIP1;WNK2;SPRED2;GPER1;EZR;DLG1;PHB1;SPRY1
ERICH1,GO_Biological_Process_2023,prerank,Glycerolipid Catabolic Process (GO:0046503),-0.393687651203379,-0.8050689697085357,0.7362428842504743,1.0,1.0,8/18,23.10%,PLA2G4D;ENPP6;MGLL;SMPD4;ABHD2;GDPD1;GPCPD1;ABHD6
ERICH1,GO_Biological_Process_2023,prerank,Adenylate Cyclase-Inhibiting G Protein-Coupled Receptor Signaling Pathway (GO:0007193),-0.3196390159328683,-0.8048591858839571,0.8362919132149902,1.0,1.0,11/52,11.07%,MCHR1;HTR1B;OPRM1;DRD4;INSL3;OXER1;AKAP5;GABBR2;GNAI1;DRD3;PDE2A
ERICH1,GO_Biological_Process_2023,prerank,Regulation Of DNA Repair (GO:0006282),-0.2797842795293914,-0.8042899486387285,0.9388888888888889,1.0,1.0,55/129,25.32%,ACTR5;SMARCD2;PPP4R2;EYA4;MORF4L2;TIGAR;CDK9;KAT2B;TFPT;PARG;TAF10;DMAP1;MORF4L1;SUPT7L;EYA2;DPF1;RNF168;BCL7C;ARID2;SIRT1;ING3;SMARCA2;BARD1;WRAP53;INO80E;UBE2N;TAF7;INO80B;ACTL6A;DPF3;TRIP12;SMARCE1;TADA2B;MRGBP;YY1;PBRM1;BCL7A;SIRT7;ATXN7L3;USP1;PML;RUVBL1;TADA3;ATRIP;ACTL6B;KAT2A;ACTR8;INO80C;DEK;CCDC117;TMEM161A;TRIM28;DEPDC1B;INO80D;YEATS4
ERICH1,GO_Biological_Process_2023,prerank,Regulation Of Bone Mineralization (GO:0030500),0.31296019472840864,0.8042117852704075,0.8270042194092827,1.0,1.0,20/58,19.64%,GREM1;CYP27B1;TWIST1;DDR2;P2RX7;NELL1;S1PR1;GPM6B;BMP7;BMP4;CCNA2;SGMS2;TENT5A;ACVR2A;RXRB;ADGRV1;ACVR2B;ATRAID;PKDCC;BMPR1B
ERICH1,GO_Biological_Process_2023,prerank,Alpha-Amino Acid Catabolic Process (GO:1901606),0.35060398330572806,0.8041638315471898,0.796137339055794,1.0,1.0,6/29,13.31%,IL4I1;HMGCLL1;KMO;PRODH;HOGA1;THNSL2
ERICH1,GO_Biological_Process_2023,prerank,Negative Regulation Of Cell Differentiation (GO:0045596),-0.26851738480098253,-0.8041102168984655,0.9797794117647058,1.0,1.0,54/207,21.25%,BMP2;SOSTDC1;TNFAIP6;PTGR3;DTX1;USH2A;TBX3;EPHA4;GATA3;HES1;NOCT;NOTCH1;TRIB3;ZBED6;RANBP3L;CITED1;PTEN;BCL7C;NOTCH4;JAG1;DAB2IP;SIRT1;ITGAV;SDHAF2;MYB;SUZ12;CNTN4;SMARCA2;COL5A1;SOX4;PTK2B;LRP5;TWIST2;LEO1;SOX2;FERMT2;LIMD1;SMAD6;ACTL6A;WWTR1;ZBTB16;TMEM64;BICRAL;ENPP1;MED1;PPP2CA;TMEM53;OXSR1;GDF5;E2F1;METTL14;BCL7A;MARK1;SKIC8
ERICH1,GO_Biological_Process_2023,prerank,Regulation Of Ubiquitin-Protein Transferase Activity (GO:0051438),-0.345300623236129,-0.8038383833816558,0.7917448405253283,1.0,1.0,9/32,17.44%,ARRDC4;TRIB3;DCUN1D2;PIN1;DCUN1D5;BUB1B;MAD2L1;UBE2N;FEM1A
ERICH1,GO_Biological_Process_2023,prerank,Stabilization Of Membrane Potential (GO:0030322),0.4039309260097679,0.8037696430991643,0.7389558232931727,1.0,1.0,7/16,25.03%,KCNK9;KCNK10;KCNK5;KCNK6;KCNK2;KCNK7;KCNK13
ERICH1,GO_Biological_Process_2023,prerank,Positive Regulation Of Phosphatidylinositol 3-Kinase Activity (GO:0043552),-0.3623402981457492,-0.8036819783720269,0.7609108159392789,1.0,1.0,8/26,15.52%,FGFR3;FLT3;AMBRA1;PTK2;TNFAIP8L3;KIT;PIK3R4;PTK2B
ERICH1,GO_Biological_Process_2023,prerank,Cardiac Muscle Cell Contraction (GO:0086003),0.38842705978349407,0.8034322281803822,0.7526881720430108,1.0,1.0,7/18,20.04%,KCNE2;FGF12;GSN;SCN4B;SCN3B;PKP2;PIK3CA
ERICH1,GO_Biological_Process_2023,prerank,Regulation Of Pathway-Restricted SMAD Protein Phosphorylation (GO:0060393),-0.3162141533109941,-0.8032193469780603,0.8484251968503937,1.0,1.0,19/60,20.15%,BMP2;GDF7;GDF6;BMP6;DAB2;PIN1;BMP8A;BMPR2;LRP1;TGFBR2;GDF11;INHBA;INHBC;SMAD6;INHA;HFE;TGFB2;BMPR1A;GDF5
ERICH1,GO_Biological_Process_2023,prerank,Fc Receptor Signaling Pathway (GO:0038093),0.3579919156345032,0.8030043656668863,0.7796610169491526,1.0,1.0,6/26,13.40%,MAPK10;IKBKB;FCER1G;PLCG2;MAP3K1;PLCG1
ERICH1,GO_Biological_Process_2023,prerank,Purine Nucleotide Biosynthetic Process (GO:0006164),0.37637415030891536,0.8029096164696512,0.7650862068965517,1.0,1.0,7/21,17.37%,ADSL;NMNAT3;NADK;HPRT1;PFAS;HAAO;PPAT
ERICH1,GO_Biological_Process_2023,prerank,Negative Regulation Of MAPK Cascade (GO:0043409),-0.2861640687663146,-0.8028833525602322,0.9266917293233082,1.0,1.0,31/103,20.72%,LILRB4;BMP2;DUSP2;GBA1;EPHA4;SMPD1;FBLN1;PTEN;DUSP5;DUSP10;PIN1;SPRY3;DAB2IP;IGF1R;PRKCD;AGT;MYC;SIRPA;DUSP1;DUSP8;DAG1;DUSP6;TIMP3;INPP5K;PTPN2;SH2B3;IRAK3;UCHL1;PRDM15;LMO3;SYNJ2BP
ERICH1,GO_Biological_Process_2023,prerank,Negative Regulation Of DNA Metabolic Process (GO:0051053),0.3185170032704142,0.8028085017016026,0.8315098468271335,1.0,1.0,12/48,19.79%,H1-6;H1-0;DACH1;H1-10;TSPYL2;DFFA;TERF2IP;KMT2A;RAD17;H1-4;NIBAN2;TERF2
ERICH1,GO_Biological_Process_2023,prerank,Neuron Projection Organization (GO:0106027),0.3991204778711245,0.8023868691857965,0.7473460721868365,1.0,1.0,4/16,8.06%,PRNP;ATP1A3;GSK3B;CHRNA7
ERICH1,GO_Biological_Process_2023,prerank,Negative Regulation Of Microtubule Polymerization Or Depolymerization (GO:0031111),0.34547770296617575,0.8023604902888131,0.7894736842105263,1.0,1.0,10/31,20.18%,TBCD;APC2;TAOK1;HDGFL3;MAPRE1;MAP2;EML2;DYRK1A;TPX2;NAV3
ERICH1,GO_Biological_Process_2023,prerank,Regulation Of Monocyte Differentiation (GO:0045655),0.40889980481535426,0.802304053499628,0.7196652719665272,1.0,1.0,2/15,6.70%,IRF7;CSF1
ERICH1,GO_Biological_Process_2023,prerank,Gene Expression (GO:0010467),-0.25986004642863464,-0.8021833922358542,1.0,1.0,1.0,120/294,26.70%,ELAVL4;RPL3L;DIS3;DDX20;ZAR1L;RPL6;HHEX;XRN2;NUP214;DHPS;KPNA4;RBMS2;DDX25;TASP1;MRPL42;RBM5;RPL37;NCBP1;MRPL10;MAGOH;EXOSC3;CASP7;MRPS5;SARNP;RPS26;HNRNPUL1;NOVA1;GOLPH3;SMG6;NUP133;MPHOSPH10;MRPL27;RBM4;MRPS6;DEDD2;DNTTIP2;CASP10;EXOSC7;RPL7;DNAJB11;ZNG1E;TSPAN14;NOL9;EXOSC10;EXOSC1;RPS13;MRPS15;CASP9;RPL34;CASP3;TGM2;RPS21;RPS6KB2;MRPS18C;PABPC4;XPO1;ENPP1;RNGTT;PRPH2;MRPS12;DDX39A;NCBP2;NOX4;ABCC6;GSPT2;DHX8;RPL24;EXOSC9;SETX;RRBP1;RPSA;RPL30;DKC1;NUFIP1;MRPL11;HNRNPF;SRSF3;PABPN1;RPL22;MRPL3;RPS29;RPS20;YARS2;HARS1;MCM3AP;FMR1;SMG1;EXOSC2;HNRNPH3;RPL21;ADARB2;MRPL24;MRRF;RPS19;SNRNP40;THOC2;RPS11;CHTOP;UPF2;CELF2;RPL35A;RPL10A;HNRNPD;RPL19;NUP107;MRPL28;RAE1;RPL37A;HSPD1;RPS27;PRPF4;RPL38;RPS3A;DDX19B;RBM15B;MRPL12;RPS9;YTHDC1;RPL23A;RPL13A
ERICH1,GO_Biological_Process_2023,prerank,Calcium-Ion Regulated Exocytosis (GO:0017156),0.36035671622953136,0.8021710500847179,0.7758241758241758,1.0,1.0,9/26,17.07%,SYT3;SYT15;PPP3CB;RIMS3;SYT9;RAB3A;SYT1;SDF4;SYT7
ERICH1,GO_Biological_Process_2023,prerank,Negative Regulation Of Macromolecule Biosynthetic Process (GO:0010558),-0.29367565638985527,-0.8021266910891188,0.9307282415630551,1.0,1.0,35/98,21.61%,EPHA4;GSK3A;TIA1;ZAR1L;PAIP2;FCN3;EIF4E2;PAIP2B;EIF4ENIF1;MALSU1;ILF3;BMPR2;PCIF1;FXR1;IFRD2;SELENOS;SERBP1;TMEFF2;GIGYF2;NCL;RBM4;LSM14A;PATL2;TAF7;TYMS;NHLRC3;ENPP1;INPP5K;RNF139;SHMT1;DHFR;TRIM3;HDAC2;RACK1;DHX36
ERICH1,GO_Biological_Process_2023,prerank,fatty-acyl-CoA Metabolic Process (GO:0035337),-0.3985729574235616,-0.801527847131411,0.7547528517110266,1.0,1.0,2/18,4.44%,THEM5;SLC27A2
ERICH1,GO_Biological_Process_2023,prerank,Plasma Membrane Bounded Cell Projection Organization (GO:0120036),-0.2818300954482864,-0.8012865308769389,0.9679715302491103,1.0,1.0,54/131,25.59%,STMN4;VAPA;NRTN;GBA1;CORO1B;STMND1;CCDC32;AGER;ARMC2;APP;FLRT3;CDK5;TTC29;PTPRM;BICDL1;GPRIN1;FRYL;CNTN4;BLOC1S5;GPRIN3;BLOC1S3;CNTNAP2;BLOC1S1;PPP1R9A;NCDN;RAB6A;ULK1;L1CAM;MAPT;MARK4;MICALL2;PPP1R9B;MICALL1;CDK5R1;ROCK1;WDPCP;STMN1;RB1;RAB35;CDK16;SNAPIN;OPHN1;CDNF;UNC5A;HMGB1;LYN;PRMT1;RAPGEF2;NEDD4;BLOC1S6;RAB6B;TTC17;APOE;ARFIP2
ERICH1,GO_Biological_Process_2023,prerank,Positive Regulation Of Epithelial To Mesenchymal Transition (GO:0010718),-0.3290346202324214,-0.8010475455009429,0.849721706864564,1.0,1.0,14/47,17.45%,BMP2;GLIPR2;NOTCH1;LRG1;PTK2;DAB2;LEF1;JAG1;TGFBR2;AGT;OLFM1;MTOR;FERMT2;WWTR1
ERICH1,GO_Biological_Process_2023,prerank,Neuron Fate Commitment (GO:0048663),-0.38754086721737,-0.8009964269899054,0.7464788732394366,1.0,1.0,3/18,9.10%,ATOH1;MYT1L;BHLHA15
ERICH1,GO_Biological_Process_2023,prerank,Modulation Of Excitatory Postsynaptic Potential (GO:0098815),0.34345829775647263,0.8009960629520377,0.8080808080808081,1.0,1.0,12/31,19.66%,TMEM25;NLGN1;NLGN4X;CHRNA7;RELN;SLC8A2;SHANK3;TMEM108;SLC8A3;NRXN1;DLG4;MTMR2
ERICH1,GO_Biological_Process_2023,prerank,Transmembrane Receptor Protein Tyrosine Kinase Signaling Pathway (GO:0007169),0.2569183233465861,0.8004538407231638,0.9955849889624724,1.0,1.0,89/283,20.30%,CD3E;CD8B;EPHA8;EPHA10;PDGFB;SHCBP1;IGF1;DDR2;EPHB6;DOK5;PTK6;MUSK;CSF1;ART4;EPHA2;GSK3B;NELL1;GFRA2;BCAR1;PRLR;FGFR2;DOK6;ROR1;SAMD10;CAV2;CLNK;VEGFC;PHIP;FLRT1;SORBS1;ZFYVE27;PIK3C2A;COL4A6;AP3S1;RAB14;IRS1;FYN;IRS4;CASS4;PDGFRA;MMP9;MST1R;ERBB3;CRK;FIBP;FGF19;MAPKAPK2;SHC2;SHC1;EPHA1;DOK3;GRB14;GRB2;GHR;ARHGEF7;HGF;NTF4;PAK2;SULF1;ANGPT2;PIK3R3;PXN;EPHA7;BDNF;STXBP4;FGFR4;KDR;EFS;ALK;CHRNA3;PLAT;GDF15;RYK;ARHGEF28;SAMD12;EIF2AK3;MMP2;GAB1;MTSS1;IDE;BAIAP2;FOXO1;TRIM71;PDGFA;VAV2;PIK3CB;PIK3CA;PTPN11;SOGA1
ERICH1,GO_Biological_Process_2023,prerank,Positive Regulation Of Protein Catabolic Process (GO:0045732),0.29029241128835054,0.8003318983699133,0.9191489361702128,1.0,1.0,26/92,20.67%,TNFAIP3;APC2;SNX33;TNFSF13B;CSNK2A3;RILP;GSK3B;KCNE2;OSBPL7;VPS11;DACT1;MSN;DCAF1;EZR;GPC3;RBX1;RDX;STX5;DDRGK1;SNX9;CSNK2A1;IDE;FOXO1;SEC22B;BAG2;SORL1
ERICH1,GO_Biological_Process_2023,prerank,Positive Regulation Of Cholesterol Transport (GO:0032376),0.34947303269020275,0.800319586526252,0.7958333333333333,1.0,1.0,10/31,20.91%,ABCA13;ABCA3;ABCA7;SCP2;GPS2;ZDHHC8;NR1H3;PPARG;EEPD1;CAV1
ERICH1,GO_Biological_Process_2023,prerank,Negative Regulation Of Gene Expression (GO:0010629),-0.2560892520046094,-0.8002955246902028,1.0,1.0,1.0,103/336,21.32%,SLFN14;SDR16C5;BMP2;PIWIL3;HAVCR2;WNT4;STOX1;SRGN;EPHA4;ESR1;PIWIL4;FOXP3;TRIM27;TNRC6B;NOCT;NOTCH1;VHL;TIA1;ZAR1L;HSPA1B;KAT2B;CLDN5;CHEK1;PAIP2;MEF2C;CHD4;TIPARP;ATP2B1;STC2;SMAD5;APP;PTGER4;EIF4E2;KDM4A;PAIP2B;SLC24A3;RPS6KA4;MORC2;DXO;TDRD12;CD46;EIF4ENIF1;MALSU1;SMYD5;ILF3;SIRT1;PARP14;PCIF1;FXR1;LRP1;IFRD2;DAXX;SERBP1;TASOR;ZC3H12A;OLFM1;RPS26;GIGYF2;SIRT6;FLOT2;SYT11;NLRP12;HINFP;ROCK2;NCL;WWP2;RBM4;ZFP36;DNMT1;LSM14A;N4BP1;ERP29;PATL2;PNPT1;KLF4;RPS13;TYMS;NHLRC3;PARP15;CITED2;ITGB8;TLE5;PSEN1;AURKA;NOS2;INSL6;OCLN;CHMP1A;MAPT;RNF139;TGFB2;ADAM10;BMPR1A;SHMT1;CRKL;NUDT16;DHFR;YY1;SETDB2;TRIM3;MARK1;RACK1;CREB3L1
ERICH1,GO_Biological_Process_2023,prerank,Regulation Of Protein Serine/Threonine Kinase Activity (GO:0071900),-0.28540530290744653,-0.8002817785344908,0.946257197696737,1.0,1.0,29/112,16.46%,CDKN2B;CCND1;FGF16;CDKN2A;HTT;LIME1;CCNB1;TRIB3;CDKN3;PIH1D1;DUSP19;CCNI2;CIB1;ADRB2;CALM3;TELO2;CDK7;CCNP;SRC;RHOA;CALM1;DAB2IP;SIRT1;SNCA;CCNJ;GTPBP4;LRP5;CCNK;CCNI
ERICH1,GO_Biological_Process_2023,prerank,Positive Regulation Of Apoptotic Signaling Pathway (GO:2001235),-0.3094338632167247,-0.7998411222435575,0.8715415019762845,1.0,1.0,15/61,15.20%,CTSK;LTBR;SEPTIN4;LTB;TRIM39;PLEKHF1;GSDME;CRADD;DDIT3;BCL10;CTSS;DAB2IP;G0S2;DEDD2;BCLAF1
ERICH1,GO_Biological_Process_2023,prerank,Carboxylic Acid Biosynthetic Process (GO:0046394),0.3877885985734588,0.799577321676801,0.778705636743215,1.0,1.0,5/17,10.58%,UROS;PAH;NANP;BCAT2;FADS1
ERICH1,GO_Biological_Process_2023,prerank,Monocarboxylic Acid Catabolic Process (GO:0072329),0.3774136680362167,0.7994921722000513,0.7556935817805382,1.0,1.0,7/20,13.96%,CYP26B1;NUDT19;CYP26A1;HOGA1;PLA2G15;ACOX1;IDUA
ERICH1,GO_Biological_Process_2023,prerank,Regulation Of Nitric-Oxide Synthase Activity (GO:0050999),0.3508503992838041,0.7993845804684222,0.7770562770562771,1.0,1.0,11/27,27.05%,DDAH2;ZDHHC21;ATP2B4;TERF2;PIK3CB;AKT1;CAV3;EGFR;HIF1A;IL1A;LEP
ERICH1,GO_Biological_Process_2023,prerank,Respiratory System Development (GO:0060541),0.3436254671859917,0.7992752756660962,0.8034557235421166,1.0,1.0,10/32,19.60%,TCF21;FGFR2;ITGA3;PROX1;SMCHD1;BMP4;DISP1;STRA6;CCDC40;BASP1
ERICH1,GO_Biological_Process_2023,prerank,Cilium Assembly (GO:0060271),0.25831040204280276,0.7990885596176657,1.0,1.0,1.0,73/242,20.45%,CIBAR2;CCNO;RSPH6A;IFT43;PLA2G3;JHY;CFAP54;ARL13A;TEKT2;CEP41;CEP19;B9D2;DCDC2;PTPDC1;VANGL2;LRRC43;RILP;BBS10;ABLIM1;OFD1;RSPH1;RFX3;B9D1;DUSP23;IFT80;KIF3A;GORAB;PHIP;EHD4;GSN;CCDC57;RFX2;OCRL;BBIP1;EHD2;TBC1D32;CEP131;ENKD1;NME8;SEPTIN6;FNBP1L;IFT46;IQUB;DZIP1;TMEM237;TMEM216;GBF1;TMEM107;AVIL;RILPL2;CDC14B;IFT74;DISC1;CEP162;TBC1D31;ARL13B;IFT172;CCDC40;CEP89;KIF24;SCLT1;IFT122;DYNC2I2;CC2D2A;WDR19;IFT20;IFT27;UNC119B;SEPTIN7;FLNA;TOGARAM1;TRAF3IP1;RPGRIP1L
ERICH1,GO_Biological_Process_2023,prerank,Mesenchyme Morphogenesis (GO:0072132),-0.38585966733096866,-0.7985896587973351,0.7670682730923695,1.0,1.0,7/18,21.50%,BMP2;NOTCH1;ADAMTS5;HEYL;TGFB2;BMPR1A;APC
ERICH1,GO_Biological_Process_2023,prerank,DNA Replication Checkpoint Signaling (GO:0000076),-0.3882718169651399,-0.7985583619133985,0.7609942638623327,1.0,1.0,4/17,14.52%,HUS1;CDC45;CLSPN;TIPIN
ERICH1,GO_Biological_Process_2023,prerank,Negative Regulation Of Intrinsic Apoptotic Signaling Pathway In Response To DNA Damage (GO:1902230),-0.36029447406571463,-0.7984143834461461,0.7755102040816326,1.0,1.0,9/25,20.44%,ING2;DDIAS;KDM1A;CCAR2;SIRT1;CD44;CD74;CXCL12;BCL2L1
ERICH1,GO_Biological_Process_2023,prerank,Central Nervous System Neuron Differentiation (GO:0021953),0.34331552432991747,0.7983879962118918,0.8232848232848233,1.0,1.0,11/30,17.58%,FOXN4;NPY;TAOK1;PROX1;MDGA2;GBA2;DRAXIN;MAP2;KNDC1;GRID2;SPOCK1
ERICH1,GO_Biological_Process_2023,prerank,Negative Regulation Of Type I Interferon-Mediated Signaling Pathway (GO:0060339),-0.4038060330975818,-0.7983655806278344,0.7523277467411545,1.0,1.0,6/15,23.21%,OAS3;MUL1;TTLL12;PTPN2;STAT2;SAMHD1
ERICH1,GO_Biological_Process_2023,prerank,Positive Regulation Of Plasma Membrane Bounded Cell Projection Assembly (GO:0120034),0.29077197134356314,0.7981890943738101,0.9207317073170732,1.0,1.0,25/87,20.04%,EPS8L2;P2RX7;SAXO1;NLGN1;MYO3B;GSK3B;NELL1;BRK1;NDEL1;CCP110;CDC42EP1;BCAS3;ARPC2;FNBP1L;TENM2;CCDC88A;DPYSL3;AVIL;PPP1R35;NCKAP1;PFN1;PLPPR5;GPM6A;IFT20;PIK3CA
ERICH1,GO_Biological_Process_2023,prerank,Protein Autophosphorylation (GO:0046777),-0.27289327343157554,-0.7981344588557268,0.9748653500897666,1.0,1.0,38/162,17.02%,JAK2;MOS;EPHA4;TXK;TAOK3;FGFR3;FLT3;NTRK1;FLT4;SIK1;NTRK2;SIK2;CHEK2;PTK2;CAMK2A;LRRK2;FES;KIT;MAPKAPK3;GRK7;EEF2K;HTATIP2;SRC;MAP3K11;ATM;MAPKAPK5;IGF1R;AATK;MAP3K9;MARK2;PEAK1;HCK;INSR;PTK2B;VRK1;MTOR;ULK2;ACVR1B
ERICH1,GO_Biological_Process_2023,prerank,Carbohydrate Derivative Catabolic Process (GO:1901136),-0.39567731717393895,-0.79812795870394,0.7596153846153846,1.0,1.0,7/17,24.93%,FUCA1;FBXO6;MANBA;SAMHD1;OGA;STT3B;NGLY1
ERICH1,GO_Biological_Process_2023,prerank,Microtubule Nucleation (GO:0007020),0.3682864114053024,0.7980899076552995,0.8029045643153527,1.0,1.0,11/23,20.49%,TUBG2;TUBGCP2;NEDD1;NDEL1;CCDC57;HAUS2;SLAIN2;TUBGCP5;SSNA1;TPX2;NDE1
ERICH1,GO_Biological_Process_2023,prerank,Cell Junction Assembly (GO:0034329),0.2831100826985639,0.7979803949880319,0.9503239740820735,1.0,1.0,26/95,19.25%,SLITRK6;CDH26;PCDHB6;CDH10;NLGN1;CTNND1;CDH3;PCDHB10;SHANK3;CDH18;VMP1;CDH2;NRXN2;CDH8;PCDHB13;DCHS1;TJP1;BDNF;ARVCF;NRXN1;RYK;PKP2;NRCAM;GPM6A;DSCAM;ZDHHC2
ERICH1,GO_Biological_Process_2023,prerank,Neutrophil Activation (GO:0042119),0.38273019981309214,0.7979024426815958,0.7534562211981567,1.0,1.0,3/18,13.39%,CCL5;FCER1G;IL15
ERICH1,GO_Biological_Process_2023,prerank,Positive Regulation Of Alpha-Beta T Cell Activation (GO:0046635),-0.3889745952033191,-0.7978814754129784,0.774390243902439,1.0,1.0,3/18,9.45%,IL23R;IL23A;TNFSF4
ERICH1,GO_Biological_Process_2023,prerank,Glial Cell Differentiation (GO:0010001),-0.3507857932231878,-0.7976589371848166,0.8235294117647058,1.0,1.0,11/34,22.36%,PAX2;TPPP;EGR2;SOX10;CDK5;SOX2;PICK1;MMP24;SOX8;MYRF;GPC1
ERICH1,GO_Biological_Process_2023,prerank,Morphogenesis Of An Epithelium (GO:0002009),-0.3537175898084836,-0.79752643939825,0.8038834951456311,1.0,1.0,11/28,24.43%,KDF1;SOX10;LHX1;ARHGAP12;DAG1;VCL;PALS1;LIN7C;SOX8;RIPK4;PRKX
ERICH1,GO_Biological_Process_2023,prerank,Proteoglycan Biosynthetic Process (GO:0030166),0.3373684593430304,0.797506772233885,0.8202959830866807,1.0,1.0,17/32,21.68%,IGF1;CHST9;XYLT2;B3GAT1;EXT2;B3GAT2;EXT1;B3GAT3;CHST11;CHST12;PXYLP1;BMPR1B;GLCE;EXTL3;SLC35D2;HS3ST3B1;B4GALT7
ERICH1,GO_Biological_Process_2023,prerank,T Cell Differentiation (GO:0030217),0.31461473667886325,0.7973233830302188,0.8550420168067226,1.0,1.0,11/46,18.33%,MR1;TCF7;ANXA1;FCER1G;RAG2;RABL3;PIK3R3;PIK3CD;LMBR1L;TGFB1;GLI3
ERICH1,GO_Biological_Process_2023,prerank,Positive Regulation Of Hydrolase Activity (GO:0051345),-0.2685953835301434,-0.7970408529283114,0.9872029250457038,1.0,1.0,48/172,22.61%,BMP2;CCL25;RASGRP4;XCL1;CTSK;RAPGEF4;NTRK1;RGS8;MAP4K4;RAPGEFL1;RGS11;CALM3;RASGEF1A;WRN;AGRN;SGSM3;PIN1;RGS16;PREX1;RHOA;CALM1;CTSS;RIC1;ECT2;RCAN3;DOCK9;MAPK8;PLXNB1;HMGB2;LARS1;BCAR3;DVL3;RAP1GDS1;FERMT2;ALS2;TGM2;SOS2;ARAP1;TBC1D7;RAPGEF1;RALBP1;NDUFA13;ROCK1;RACK1;CCL2;RAB11FIP2;THY1;MTMR9
ERICH1,GO_Biological_Process_2023,prerank,Positive Regulation Of Calcium Ion Transmembrane Transport (GO:1904427),0.3246066247009852,0.7966861296809997,0.8323108384458078,1.0,1.0,10/42,14.79%,P2RX5;CD19;P2RX7;GRM6;CAPN3;CALCR;PPP3CB;TRPC3;PLCG1;GPER1
ERICH1,GO_Biological_Process_2023,prerank,T Cell Receptor Signaling Pathway (GO:0050852),-0.29580581419785573,-0.796595214146003,0.9239766081871345,1.0,1.0,25/92,18.47%,BTN1A1;BTN3A1;TXK;BTN2A3P;GATA3;CD247;PRAM1;BTNL2;ICOSLG;CD276;GNAO1;EIF2B3;LCP2;BTK;BCL10;ZC3H12A;DENND1B;UBE2N;TNFRSF21;WNK1;RNF31;ORC3;RIPK2;INPP5D;FYB2
ERICH1,GO_Biological_Process_2023,prerank,Positive Regulation Of Pattern Recognition Receptor Signaling Pathway (GO:0062208),0.3297781937248783,0.7963502259476029,0.8305439330543933,1.0,1.0,10/39,18.00%,OASL;RSAD2;ZDHHC5;TLR2;DDX3X;TIRAP;ZCCHC3;DDX60;NR1H3;MFHAS1
ERICH1,GO_Biological_Process_2023,prerank,Establishment Of Protein Localization To Organelle (GO:0072594),0.2919765318257586,0.7960093510911018,0.915948275862069,1.0,1.0,25/84,17.51%,NPAP1;TSPAN17;MMP12;FAM53A;NUP50;FAM53B;TNPO3;TSPAN10;TPR;ZDHHC15;NUP93;KPNA2;SCRIB;BCL3;LRRC7;KPNA6;HK2;NUTF2;LAMP1;RPAIN;NUP153;PEX19;IPO11;NXT1;KPNA1
ERICH1,GO_Biological_Process_2023,prerank,Protein-Containing Complex Assembly (GO:0065003),-0.2539763858011394,-0.7959070155316635,0.9981718464351006,1.0,1.0,89/324,21.56%,TTC12;STXBP1;FERMT3;RSPH4A;CCDC103;SPAG1;NOL3;PTGES3L;CAPZA1;HES1;CD247;SRPRA;ASB2;CHMP4A;PIH1D1;VAMP1;OTUD6B;DNAAF3;LRRK2;CLTRN;HIGD1A;LPXN;WNT3A;ADRB2;MKKS;PSMG3;PDE4DIP;HGSNAT;CHCHD7;FANCA;CENPC;PARD6B;TBCA;SRC;CAPZA2;PDCD6;TMEM35A;SNCA;DNAJB12;ANLN;TRAPPC2B;ZC3H12A;OMA1;WASF1;NPC1;SRP54;NCK1;TUBGCP4;PTK2B;PREB;COX7A2L;NIFK;FERMT2;TRAPPC3;TRAPPC2L;MAPK8IP2;DNAAF2;WAS;CDC123;BOK;CSNK1D;CHMP3;NRG1;PSMG2;CALY;CAND1;OCLN;TSPAN4;USH1C;CD74;DNAJB14;CXCL12;UVRAG;HSP90AA1;HFE;MAPT;VAMP2;REPS2;SLC2A1;RIMS1;HIP1R;HIGD2A;TRAPPC11;WASF3;ARL6;MATN1;APC;RSPH9;KRIT1
ERICH1,GO_Biological_Process_2023,prerank,Granulocyte Chemotaxis (GO:0071621),-0.3024495655463271,-0.795885198834939,0.9134615384615384,1.0,1.0,11/71,17.19%,CXCL13;ITGB2;CXCL2;CCL25;XCL1;CXCL5;PIP5K1C;CXCL6;SRP54;CXCL1;SYK
ERICH1,GO_Biological_Process_2023,prerank,Interferon-Mediated Signaling Pathway (GO:0140888),0.33058738369351165,0.7958832629462345,0.8243801652892562,1.0,1.0,10/41,15.68%,IKBKE;IFNLR1;IFNGR1;IFI27;IFITM2;TYK2;TBKBP1;IRAK1;TBK1;TANK
ERICH1,GO_Biological_Process_2023,prerank,Cellular Response To Nitrogen Compound (GO:1901699),-0.4048147756259943,-0.7957451407266622,0.7959558823529411,1.0,1.0,5/16,20.91%,NR1H4;DAXX;EPG5;ATRX;PDE12
ERICH1,GO_Biological_Process_2023,prerank,Glycerophospholipid Biosynthetic Process (GO:0046474),-0.283380061076737,-0.7956821379592768,0.9439421338155516,1.0,1.0,52/108,25.96%,INPP4B;ALOX15;GPAM;PTDSS2;LPCAT2;ACP6;PLSCR1;MBOAT7;PTEN;PCYT1A;MTMR4;PIP5K1C;CDS1;MTMR14;AGPAT2;PITPNM2;DGKA;SELENOI;PI4KB;PMPCA;LPCAT3;PLD2;INPP5K;INPP5D;TPTE2;PLD1;PTDSS1;MTMR1;SACM1L;PITPNM1;LCLAT1;SYNJ2;LPCAT1;PI4KA;INPP4A;MTM1;MTMR7;MTMR3;CDS2;PITPNM3;FIG4;MTMR6;CLN3;MFSD2A;PNPLA3;ETNK2;PIKFYVE;BMX;PCYT1B;SLC44A1;DGKG;FAR1
ERICH1,GO_Biological_Process_2023,prerank,Protein Localization To Endoplasmic Reticulum (GO:0070972),-0.40278896153252175,-0.7953889765821969,0.7544554455445545,1.0,1.0,6/16,19.92%,VAPA;LRRK2;HSPA5;GABARAPL2;PPP1R15A;RYR2
ERICH1,GO_Biological_Process_2023,prerank,Regulation Of Cold-Induced Thermogenesis (GO:0120161),-0.2768750094960148,-0.79533307933728,0.9622641509433962,1.0,1.0,44/145,22.93%,FGF21;ELOVL3;JAK2;LAMA4;NOTCH1;CNOT3;TFE3;KDM1A;ADRB2;FH;IRF4;ADIPOR2;ALDH1A1;ADAMTS5;PTH2R;DDIT3;CEBPB;FABP5;IGF1R;NOVA2;PPARGC1B;OMA1;NOVA1;SIRT6;G0S2;HADHA;TLE3;ACHE;MFAP2;ACTN3;ZBTB7B;SYK;LEPR;GPR3;RBPJ;PGAM5;SLC25A44;GJA1;APC;CPT2;RB1;DYNC1H1;IP6K1;VEGFA
ERICH1,GO_Biological_Process_2023,prerank,Activation Of Protein Kinase Activity (GO:0032147),0.2904133922755096,0.7953308423994416,0.9276595744680851,1.0,1.0,26/81,19.96%,TNFSF15;PARK7;PDGFB;IGF1;SLC11A1;CARD10;ADRA2C;PRLR;STRADB;ADCY8;MALT1;COPS8;TAOK2;CAB39L;TIRAP;IRAK1;CAB39;BORA;CCDC88A;GAS6;CHRNA3;TNFRSF10A;PDPK1;PHB1;TOM1L1;TPX2
ERICH1,GO_Biological_Process_2023,prerank,Negative Regulation Of Cell Communication (GO:0010648),-0.3671654162580647,-0.7952531802254564,0.7980582524271844,1.0,1.0,6/22,18.43%,OPRM1;VHL;KIF26A;NLRP12;GLRA1;INPP5D
ERICH1,GO_Biological_Process_2023,prerank,Ribosome Biogenesis (GO:0042254),-0.2741373503907213,-0.7950448800371939,0.9659090909090909,1.0,1.0,60/153,24.94%,HEATR3;DIS3;WDR75;SNU13;NOL8;PIH1D1;RPF2;XRN2;KRR1;SPPL2B;TMA16;RRP36;RRP9;EMG1;UTP15;NIP7;PAK1IP1;MALSU1;WDR12;DDX49;EXOSC3;NOB1;EIF2S1;DDX31;DCAF13;MPHOSPH10;GTPBP4;ESF1;DNTTIP2;EXOSC7;NPM1;RPL7;URB2;EXOSC10;RPS13;XPO1;MRPS12;UTP6;NOL6;ZNF658;SDAD1;EXOSC9;DKC1;GRWD1;NGDN;RPL26L1;RRP7A;MRPL22;BYSL;NOP58;SURF6;EXOSC2;METTL17;WDR3;RPS19;DDX27;RRP12;NAT10;RPS11;RPL35A
ERICH1,GO_Biological_Process_2023,prerank,Cellular Response To Glucose Stimulus (GO:0071333),0.3373682871372514,0.7948429807267171,0.8193018480492813,1.0,1.0,10/34,16.32%,PCK1;PTPRN;PCK2;ZNF236;RAB11FIP5;PRKACA;PRKAA2;GPER1;GAS6;RAB11B
ERICH1,GO_Biological_Process_2023,prerank,Regulation Of Mitochondrial Outer Membrane Permeabilization Involved In Apoptotic Signaling Pathway (GO:1901028),-0.39201567485047434,-0.7947354575031517,0.7476979742173112,1.0,1.0,7/18,20.82%,GSK3A;MUL1;BAK1;TMEM102;BOK;SLC25A5;HIP1R
ERICH1,GO_Biological_Process_2023,prerank,Negative Regulation Of Blood Vessel Morphogenesis (GO:2000181),-0.296425491854061,-0.7944857678497094,0.9140350877192982,1.0,1.0,24/77,22.16%,WNT4;ANGPT4;MINAR1;HLA-G;ALOX5;HHEX;CLDN5;APOH;FOXO4;PTPRM;DAB2IP;COL4A2;ROCK2;CNMD;ISM1;KLF4;NRG1;TGFB2;THBS2;SYNJ2BP;ROCK1;KRIT1;NAXE;PML
ERICH1,GO_Biological_Process_2023,prerank,Regulation Of Cell Migration (GO:0030334),0.24758585520126297,0.7944373168653861,1.0,1.0,1.0,138/433,21.91%,ADGRG3;IGSF10;CXCR4;AMH;ACE;TNN;TWIST1;CCL5;SMIM22;RHOB;DPEP1;TNR;ALOX15B;PDGFB;DUSP3;IGF1;FUT3;EMILIN1;CORO1C;ANXA1;DNAI3;DACH1;SEMA3F;SDCBP;CSF1;RFFL;SEMA4D;NTNG1;EPHA2;MIA3;STC1;EMILIN2;BCAR1;PLXNA4;CTNNA2;IGFBP5;DOCK10;ZNF703;CAMSAP3;SEMA5B;TNC;WNT5B;CTSH;PLXNA1;FZD4;DLG5;LIMCH1;ROBO1;SASH1;FAM107A;RELN;HAS2;FYN;SERPINE1;CASS4;PDGFRA;MAPK15;FGF19;SYNE2;CCNA2;LGR6;AMOT;EPHA1;ELP5;UBE2I;NGFR;PTPRK;ARID4A;HGF;SUN2;LDB1;SULF1;SF3B3;SEMA3G;PTPRU;MMRN2;GPER1;CLDN4;RHOD;CYRIB;PIK3R3;TJP1;PIK3CD;FOXO3;MINK1;DPYSL3;SEMA3E;ADARB1;FAM83H;KDR;SEMA3B;ITGB1;CCL26;TGFB1;RDX;VIL1;SEMA3C;ZNF268;SMAD7;AMOTL1;LDB2;DDRGK1;ACVR1;CARMIL1;RAP2A;SAP30L;HDAC1;NF1;PPM1F;THBS1;IFITM1;MAGI2;LAMB1;PDGFA;SEMA6B;STK26;SUDS3;MEAK7;NAV3;FLNA;YTHDF3;TRIP6;SORL1;BST2;SAP30;TMSB4Y;CAV1;RAP2C;LDLRAD4;MGAT3;AKT1;SINHCAF;SFRP2;ACTN4;AIF1;SIN3A;F7;PDGFRB
ERICH1,GO_Biological_Process_2023,prerank,Endocytosis (GO:0006897),0.2654367936753771,0.7943936434090919,0.9935064935064936,1.0,1.0,61/187,21.62%,RHOV;ADORA1;STAB2;SNX33;ATP9B;RHOU;SLC11A1;CORO1C;ANXA1;GAK;LDLRAP1;LRP3;BIN1;SNX5;CYTH2;EHD4;RHOJ;CD302;SCARA5;HIP1;PIK3C2A;DENND1C;MST1R;MIB1;TMEM108;EHD2;ZFYVE9;HEATR5B;MAPK3;CTTN;CD36;PIP5K1A;LMBR1L;MYO6;SCARF1;CSNK1G1;DNM2;ATP9A;GAS6;CSNK1G2;ITGB1;VLDLR;SYT7;SNX9;ATP6V1H;RIN3;PICALM;SNX18;MYO1E;TFR2;BLTP1;AP3M1;OCIAD1;AP1S1;M6PR;SORL1;CAV1;NLGN3;EHD1;CAV3;RAB5B
ERICH1,GO_Biological_Process_2023,prerank,Positive Regulation Of Cell Differentiation (GO:0045597),0.25332409621417223,0.7943334922564963,1.0,1.0,1.0,83/283,19.64%,PF4;IL6;SERPINF2;INSM1;PLA2G3;ALX1;SCUBE3;PLA2G10;TWIST1;AGTR1;REST;GDPD5;BRD7;ALOX15B;IL6R;IGF1;DDR2;DNAI3;GDNF;NFKB1;SDCBP;CSF1;PCP4;GSK3B;NELL1;RPS6KA1;ADRA2C;LRP3;ZNF703;KCTD11;BMP7;SYAP1;ASXL2;LAMB2;BMP4;HIF1AN;CCNA2;SMARCA4;SMAD3;FRZB;SMARCD1;CARM1;TENT5A;HGF;ACTB;ACVR2A;YAP1;CREBL2;CD36;KAT5;BAMBI;MACROH2A1;CPNE1;SMAD2;CTNNBIP1;KDR;TCF3;GDF3;SMARCB1;LAMA2;GPRC5B;SOX6;TGFB1;TGFB1I1;SLC6A6;WDFY2;ZNF268;PPARG;SMARCC2;ACVR1;ACVR2B;PPP1R13L;NRCAM;SMARCD3;IFITM1;EZH2;ATRAID;FBXO5;SMARCC1;LAMB1;PKDCC;PPARD;BMPR1B
ERICH1,GO_Biological_Process_2023,prerank,Nuclear Envelope Organization (GO:0006998),0.3926576022086775,0.7942872155856933,0.7521367521367521,1.0,1.0,8/17,19.68%,TMEM43;NUP93;TMEM170A;LEMD2;DMPK;TOR1AIP1;TOR1B;LMNB2
ERICH1,GO_Biological_Process_2023,prerank,Positive Regulation Of G Protein-Coupled Receptor Signaling Pathway (GO:0045745),0.38649093018895014,0.794278318933939,0.7667342799188641,1.0,1.0,7/18,14.79%,NECAB2;MRAP2;KLK5;C3;CHGA;KLK14;GPER1
ERICH1,GO_Biological_Process_2023,prerank,fatty-acyl-CoA Biosynthetic Process (GO:0046949),-0.3680975004582049,-0.7942330023062595,0.7755102040816326,1.0,1.0,5/25,15.60%,ELOVL3;SLC27A2;ELOVL2;ELOVL5;GCDH
ERICH1,GO_Biological_Process_2023,prerank,Negative Regulation Of Cell Migration (GO:0030336),0.2666198062461788,0.7941496704193316,0.9859719438877755,1.0,1.0,52/162,21.77%,AMH;TNN;RHOB;DPEP1;ALOX15B;ADTRP;DUSP3;EMILIN1;CORO1C;DNAI3;DACH1;MIA3;STC1;EMILIN2;IGFBP5;DLG5;LIMCH1;ROBO1;SERPINE1;PTPRR;MAPK15;EPHA1;HYAL2;NGFR;PTPRK;ARID4A;SULF1;SF3B3;PTPRU;MMRN2;FOXO3;DPYSL3;ADARB1;CALR;SMAD7;RAP2A;SAP30L;HDAC1;NF1;IFITM1;MAGI2;STK26;SUDS3;NAV3;BST2;SAP30;RAP2C;ADIPOR1;LDLRAD4;SINHCAF;SFRP2;SIN3A
ERICH1,GO_Biological_Process_2023,prerank,Sensory Perception Of Pain (GO:0019233),-0.37517741997039167,-0.7940243719020834,0.7842003853564548,1.0,1.0,5/20,11.32%,CHRNB2;OPRM1;KCNK4;PTGES;MME
ERICH1,GO_Biological_Process_2023,prerank,Long-Term Memory (GO:0007616),-0.3792929369622549,-0.7938866804727305,0.7786116322701688,1.0,1.0,3/20,6.10%,SLC2A4;NOL3;LRRC66
ERICH1,GO_Biological_Process_2023,prerank,Positive Regulation Of T Cell Activation (GO:0050870),-0.290758634131367,-0.7937442675300803,0.9354243542435424,1.0,1.0,22/104,17.37%,IL23R;JAK2;IL23A;CD274;GATA3;SMARCD2;TNFRSF13C;CD276;ZP3;GNAO1;HLA-DOB;CD46;ARID2;SMARCA2;FLOT2;SIRPA;NCK1;TNFSF11;PRKCQ;HLA-DMA;ACTL6A;XBP1
ERICH1,GO_Biological_Process_2023,prerank,Regulation Of Cell-Substrate Adhesion (GO:0010810),-0.32715257052837887,-0.7937301760169029,0.8551307847082495,1.0,1.0,11/44,14.20%,CORO2B;JAK2;ALOX15;NPNT;NOTCH1;CCDC80;PTK2;RHOA;RELL2;VIT;ARL2
ERICH1,GO_Biological_Process_2023,prerank,Macroautophagy (GO:0016236),-0.2849863516232043,-0.7936557323483742,0.9366602687140115,1.0,1.0,36/103,20.16%,VPS37C;STAM2;HDAC10;VPS36;VHL;TMEM74;CHMP4A;STK3;ATG16L2;TOM1;ATG5;VIPAS39;MTMR14;SRC;UBXN6;CHMP4C;PIK3R4;CALCOCO2;SPG11;CHMP5;EPG5;VPS37B;UBQLN1;RUBCNL;GABARAPL2;VTA1;CHMP3;ILRUN;ULK1;VPS16;UVRAG;EI24;CHMP1A;PGAM5;VPS28;ATG10
ERICH1,GO_Biological_Process_2023,prerank,ncRNA-mediated Post-Transcriptional Gene Silencing (GO:0035194),-0.39295108900810444,-0.7936363119460782,0.7722222222222223,1.0,1.0,7/18,19.40%,TNRC6B;NCBP1;CNOT8;AJUBA;LIMD1;NCBP2;CNOT6
ERICH1,GO_Biological_Process_2023,prerank,Positive Regulation Of Filopodium Assembly (GO:0051491),0.3547909722858361,0.7935633131154322,0.8178053830227743,1.0,1.0,9/27,18.69%,NLGN1;MYO3B;NELL1;BCAS3;FNBP1L;TENM2;DPYSL3;PLPPR5;GPM6A
ERICH1,GO_Biological_Process_2023,prerank,Cholesterol Metabolic Process (GO:0008203),-0.3050473933093893,-0.7932612107450566,0.8809523809523809,1.0,1.0,11/67,14.93%,NPC1L1;GBA1;AKR1D1;STARD3;ACAA2;CYP51A1;CYP46A1;TM7SF2;APOL2;CYP27A1;INSIG2
ERICH1,GO_Biological_Process_2023,prerank,Regulation Of Glucose Import (GO:0046324),-0.3335399370794116,-0.7932201860524286,0.8500948766603416,1.0,1.0,12/36,18.61%,FGF21;GSK3A;RHOQ;ARPP19;RTN2;OSBPL8;SELENOS;APPL1;INSR;PIK3R1;ENPP1;OCLN
ERICH1,GO_Biological_Process_2023,prerank,Endoplasmic Reticulum Organization (GO:0007029),0.31037106541384457,0.793070154235886,0.8511530398322851,1.0,1.0,25/54,21.52%,SEC31B;RAB18;GAK;REEP6;MIA3;CAV2;DOP1B;CCDC47;WDR83OS;VCPIP1;MAPK15;DNM1L;RTN3;TOR1AIP2;TMEM170A;SEC31A;ATL2;GET3;REEP1;EIF2AK3;TOR1B;SEC61A1;VAPB;TRAM2;LNPK
ERICH1,GO_Biological_Process_2023,prerank,Positive Regulation Of Insulin Secretion (GO:0032024),-0.3348267351198807,-0.7928878845482698,0.8220502901353965,1.0,1.0,13/40,22.11%,DOC2B;PSMD9;ANO1;POLR2D;CFTR;SIRT6;C2CD2L;SOX4;GCK;GLUD1;STX4;IRS2;PLA2G6
ERICH1,GO_Biological_Process_2023,prerank,Negative Regulation Of Phosphorylation (GO:0042326),-0.29669745088156824,-0.7927317943007592,0.9123134328358209,1.0,1.0,36/74,25.37%,CDKN2B;CDKN2A;PRKRIP1;FBLN1;LRRK2;CIB1;PTEN;CHP1;DAB2IP;SIRT1;ZC3H12A;SIRPA;INHBA;IMPACT;IBTK;WWTR1;UXT;INHA;PRR5L;INPP5K;OCLN;MAPT;CRKL;IRS2;NIBAN1;SLIT2;ROCK1;CDKN1C;DNAJC10;CDKN1B;IGFBP3;LYN;PRKN;PPP1R15B;PTPN13;CDKN1A
ERICH1,GO_Biological_Process_2023,prerank,Regulation Of p38MAPK Cascade (GO:1900744),-0.33105315851337597,-0.7927198833730776,0.8165680473372781,1.0,1.0,10/37,16.69%,BMP2;GDF6;DUSP10;GADD45B;RELL2;DAB2IP;ZC3H12A;DUSP1;SPHK1;PJA2
ERICH1,GO_Biological_Process_2023,prerank,Membrane Lipid Biosynthetic Process (GO:0046467),0.3057266836350537,0.7926897673199749,0.8773784355179705,1.0,1.0,19/56,18.19%,HACD4;ST8SIA6;FA2H;ELOVL4;GBGT1;ORMDL1;SPHK2;HACD3;ORMDL2;SGMS2;ORMDL3;PLPP1;SAMD8;SPTLC1;CERS6;SGPP1;CSNK1G2;PRKD3;ELOVL1
ERICH1,GO_Biological_Process_2023,prerank,Antigen Processing And Presentation Of Endogenous Peptide Antigen (GO:0002483),-0.37570329317033513,-0.7925867905094234,0.7717391304347826,1.0,1.0,3/21,5.74%,RAET1E;ERAP2;HLA-G
ERICH1,GO_Biological_Process_2023,prerank,Negative Regulation Of Protein Metabolic Process (GO:0051248),0.2725855841617957,0.7925741528325976,0.9680365296803652,1.0,1.0,46/147,22.13%,CST4;INHBB;ZAR1;PRNP;DAPK1;NFKB1;CNOT10;RILP;IGF2BP3;NELL1;MAD2L2;NHLRC1;IGFBP5;CRYAB;SNX12;TSC1;TOB1;DDX3X;IAPP;SF3B3;SIRT2;MDM4;CDK5RAP3;CALR;PFDN4;PLAT;NANOS1;MRPL13;PFDN6;EIF2AK3;PHB1;FXR2;ATRAID;CSNK2A1;TRIM71;BTG2;PFDN2;FLNA;YBX1;LARP1;CAPRIN1;AKT1;DAPK3;SYNCRIP;EIF4A3;EGFR
ERICH1,GO_Biological_Process_2023,prerank,Maturation Of 5.8S rRNA (GO:0000460),-0.39602456684830734,-0.7925553049247548,0.7618110236220472,1.0,1.0,5/16,16.17%,URB1;WDR12;FTSJ3;NOL9;EXOSC10
ERICH1,GO_Biological_Process_2023,prerank,Calcium Ion Transport (GO:0006816),-0.28177785744190487,-0.7924860795526197,0.9552772808586762,1.0,1.0,23/112,14.10%,TRPV6;CHRNB2;TRPM6;ATP2B2;TRPM2;NMUR1;SLC24A5;CRACR2A;CAMK2A;TRPV3;RAMP1;RYR1;CACNB3;SLC24A3;TRPV4;SLC24A4;TRPC6;CDH23;CACNA1G;ORAI1;CACNB2;ITGAV;TRPC1
ERICH1,GO_Biological_Process_2023,prerank,Negative Regulation Of Plasma Membrane Bounded Cell Projection Assembly (GO:0120033),0.3480139503102046,0.7924858593873666,0.8020618556701031,1.0,1.0,13/29,23.60%,TBC1D30;CCP110;CDK10;ODF2L;YAP1;LIMK2;GDI2;TCHP;KIF24;CAPZB;ARHGAP24;TACSTD2;TESK1
ERICH1,GO_Biological_Process_2023,prerank,Generation Of Neurons (GO:0048699),0.2667013625578924,0.79238660048142,0.9870967741935484,1.0,1.0,28/171,13.10%,VAX1;IRX4;TAFA3;INSM1;LHX8;VXN;DCDC2;PAFAH1B1;NRBP2;NLGN4X;KIAA0319L;FZD1;TUBGCP2;NELL1;LHX4;SNPH;FZD2;SMARCA1;WNT5B;IL1RAPL1;CCK;TRIM46;FZD4;DTNB;RELN;DCX;ASTN1;RTN3
ERICH1,GO_Biological_Process_2023,prerank,Peptidyl-Threonine Phosphorylation (GO:0018107),0.3018864270185241,0.792314690601983,0.89749430523918,1.0,1.0,20/58,19.73%,TTBK1;CDC42BPG;CSNK2A3;STK39;MAP3K10;WNK3;GSK3B;HIPK3;CDK10;TNKS;CDK1;TBK1;HIPK2;ATF2;DYRK1A;PDPK1;CSNK2A1;CAD;GPI;PRKDC
ERICH1,GO_Biological_Process_2023,prerank,Positive Regulation Of Transcription Elongation By RNA Polymerase II (GO:0032968),0.3303211160830293,0.7923125082027522,0.8461538461538461,1.0,1.0,18/43,21.74%,PWWP2A;MED20;CDK13;MED7;ELL3;EAPP;MED9;CDC73;MED26;MED8;MED22;MED14;MED29;MED27;MED17;MED4;CCNT1;MED28
ERICH1,GO_Biological_Process_2023,prerank,Regulation Of Postsynaptic Membrane Potential (GO:0060078),-0.3408508076289761,-0.7920349594248614,0.8146067415730337,1.0,1.0,13/35,18.74%,GABRG1;DRD4;GSK3A;GRIN1;LRRK2;MEF2C;GRIN2B;GABRG3;CHRNA4;GLRA1;GABRG2;MAPK8IP2;ARRB2
ERICH1,GO_Biological_Process_2023,prerank,Positive Regulation Of Protein Localization To Membrane (GO:1905477),-0.2947368787594372,-0.7918219368001629,0.9242957746478874,1.0,1.0,24/79,20.33%,TCAF2;TNFAIP6;ITGB2;KCNB1;MYO1C;MIEF1;AKAP5;CIB1;RHOG;CHP1;TCAF1;MFF;STAC3;LRP1;PTPN9;MAPK8;SPTBN1;PDZK1;PIK3R1;CNPY4;C2CD5;EPHA3;STX4;PLS1
ERICH1,GO_Biological_Process_2023,prerank,Negative Regulation Of Myeloid Cell Differentiation (GO:0045638),0.3662800677850969,0.7917880428650692,0.7965367965367965,1.0,1.0,3/22,7.25%,PF4;MAFB;MEIS1
ERICH1,GO_Biological_Process_2023,prerank,Regulation Of Neurotransmitter Receptor Activity (GO:0099601),0.32169437966213027,0.7914283424061228,0.8479166666666667,1.0,1.0,14/42,18.14%,CRH;PSCA;DAPK1;NLGN1;CACNG2;BEGAIN;DLGAP2;RELN;PRRT1;CAPN1;MINK1;CACNG7;DLGAP1;DLG4
ERICH1,GO_Biological_Process_2023,prerank,Regulation Of Protein Tyrosine Kinase Activity (GO:0061097),-0.3327121489369997,-0.7910476186240046,0.8156424581005587,1.0,1.0,5/38,9.02%,LILRB4;DOK7;EPHA4;SRCIN1;APP
ERICH1,GO_Biological_Process_2023,prerank,Response To Estradiol (GO:0032355),0.34163029297793046,0.7909511482672817,0.8208616780045351,1.0,1.0,14/31,23.17%,ZNF703;NRIP1;STAT5B;KAT5;GPER1;RUVBL2;LCOR;TGFB1;CTNNB1;STRN3;NCOA3;EGFR;SSTR1;POU4F1
ERICH1,GO_Biological_Process_2023,prerank,Negative Regulation Of Metabolic Process (GO:0009892),-0.3154360693609746,-0.7908652165796548,0.8686679174484052,1.0,1.0,19/52,24.81%,LAMA4;NOTCH1;TFE3;ALDH1A1;ADAMTS5;DDIT3;NOVA2;NOVA1;TLE3;ACTN3;APOC1;RBPJ;PGAM5;RB1;IP6K1;CCDC3;ATF4;FLCN;BMAL1
ERICH1,GO_Biological_Process_2023,prerank,Regulation Of Hippo Signaling (GO:0035330),-0.3681650120949695,-0.790811536746488,0.7902912621359224,1.0,1.0,11/24,21.93%,TIAL1;NF2;SRC;VGLL4;FRMD6;WWC2;LIMD1;MAPK14;FRMD1;NEK8;NUAK2
ERICH1,GO_Biological_Process_2023,prerank,Regulation Of Cytoskeleton Organization (GO:0051493),-0.28455282702780155,-0.7904695697416957,0.9405204460966543,1.0,1.0,36/112,21.04%,CORO2B;TPPP;GRHL3;DAAM2;RHOQ;CORO1A;PTK2;F11R;RHOG;ARHGEF19;CDC42;RHOA;MPDZ;CLIC4;LRP1;PRKCD;CAPN2;EFNA5;EPHA5;MARK2;PLXNB1;PHLDB2;HCK;ROCK2;CELSR1;FSCN1;MTOR;NEXN;CLASP1;NRG1;MAPT;EPHA3;PAK3;PLXNA3;HIP1R;ROCK1
ERICH1,GO_Biological_Process_2023,prerank,Sulfur Compound Transport (GO:0072348),-0.37216035056769814,-0.7904214377931342,0.7712665406427222,1.0,1.0,10/21,26.02%,SLC25A11;SLC25A26;SLC19A3;SLC26A11;SLC13A4;SLC26A6;SLC19A2;SLC26A8;SLC26A2;SLC35B3
ERICH1,GO_Biological_Process_2023,prerank,"RNA Splicing, Via Transesterification Reactions With Bulged Adenosine As Nucleophile (GO:0000377)",-0.26735106341653464,-0.7902533306976117,0.9942418426103646,1.0,1.0,63/177,22.55%,SNU13;TRA2B;CWC22;SF3A2;USP49;HNRNPR;WDR83;PIN1;EFTUD2;HNRNPA1;DDX46;PRPF31;SART1;RBM22;SNRPF;RBM5;SNRPA;PRPF4B;SNW1;NCBP1;NOVA2;RBM42;PRPF40A;MAGOH;NOVA1;WBP4;ISY1;CRNKL1;RBM4;SRSF10;LSM7;FRA10AC1;DHX15;HSPA8;PHF5A;LSM8;DDX23;BUD31;RNPS1;SNRNP70;HNRNPC;RBM19;PRPF6;DDX39A;NCBP2;SNRPB;SNRPB2;DHX8;SF3B2;BUD13;PRPF3;METTL14;HNRNPF;SRSF3;RBM10;SNRPG;SNRPD2;IK;U2AF1;SART3;HNRNPA3;SRSF7;SNRNP200
ERICH1,GO_Biological_Process_2023,prerank,Cellular Response To Oxidative Stress (GO:0034599),-0.2806224599404478,-0.7901105902521699,0.9583333333333334,1.0,1.0,35/117,21.09%,ALDH3B1;HSPA1B;LRRK2;CHUK;SLC25A24;CPEB2;PEX12;SRXN1;ATM;MSRA;SNCA;PLA2R1;PRKCD;SELENOS;EIF2S1;ZC3H12A;GPX8;GPX1;MAPK8;HMOX1;AGAP3;PNPT1;PYROXD1;G6PD;SOD2;NUDT2;PRR5L;ETV5;SUMO4;MAPT;STX4;SETX;SESN2;RBM11;ROMO1
ERICH1,GO_Biological_Process_2023,prerank,Positive Regulation Of miRNA Metabolic Process (GO:2000630),0.31243451089242946,0.789997303667955,0.8784067085953878,1.0,1.0,19/49,22.13%,PDGFB;NFKB1;JUN;SMARCA4;SMAD3;NGFR;POU2F1;FOS;FOXO3;MRTFB;TGFB1;PPARG;ETS1;MRTFA;TP53;ZSWIM8;EGR1;RELA;EGFR
ERICH1,GO_Biological_Process_2023,prerank,Positive Regulation Of Mitotic Nuclear Division (GO:0045840),0.33353485240206066,0.7898172344783287,0.8430962343096234,1.0,1.0,5/35,10.30%,ANAPC5;PDGFB;IGF1;DLGAP5;PHIP
ERICH1,GO_Biological_Process_2023,prerank,Endocardial Cushion Morphogenesis (GO:0003203),-0.37144437075592385,-0.7897666546572947,0.790224032586558,1.0,1.0,8/21,21.50%,BMP2;NOTCH1;ADAMTS5;HEYL;TGFBR2;TGFB2;BMPR1A;APC
ERICH1,GO_Biological_Process_2023,prerank,ncRNA Metabolic Process (GO:0034660),-0.3934554424954466,-0.789626317849186,0.7720306513409961,1.0,1.0,7/17,21.50%,PARN;KHSRP;TENT4B;NIFK;BTBD18;MAPT;DTD1
ERICH1,GO_Biological_Process_2023,prerank,Positive Regulation Of Small Molecule Metabolic Process (GO:0062013),0.3401770216851352,0.7895762476952178,0.8086021505376344,1.0,1.0,12/33,21.35%,IGF1;P2RX7;LDLRAP1;RPTOR;IRS1;GAPDHS;MLST8;PRKAA2;PRKCE;ADM;PRXL2C;AKT1
ERICH1,GO_Biological_Process_2023,prerank,Nuclear Membrane Reassembly (GO:0031468),-0.37076305671906895,-0.7895474531307975,0.7816091954022989,1.0,1.0,11/23,25.38%,CHMP4A;UBXN2B;CHMP4C;NSFL1C;CHMP5;CHMP3;CHMP1A;VPS4A;CHMP6;REEP4;RCC1
ERICH1,GO_Biological_Process_2023,prerank,Negative Regulation Of Phosphatase Activity (GO:0010923),0.3888172621939942,0.7895292116213313,0.7693920335429769,1.0,1.0,6/16,17.63%,SEMA4D;GSK3B;FKBP1A;PPP1R11;STYXL1;PPP1R1B
ERICH1,GO_Biological_Process_2023,prerank,Regulation Of Axonogenesis (GO:0050770),-0.3299670558301131,-0.7891080437184655,0.8480769230769231,1.0,1.0,22/42,25.34%,EPHA4;NTRK2;RUFY3;PTEN;BRSK1;SIPA1L1;PLXND1;MARK2;PLXNB1;KIF13B;BRSK2;PLXNA2;PAK3;GDI1;PLXNA3;SLIT2;THY1;EFNB3;PLXNB2;PLXNC1;TIAM1;PAK1
ERICH1,GO_Biological_Process_2023,prerank,Glial Cell Development (GO:0021782),-0.3744261811527508,-0.7886200184576371,0.7736943907156673,1.0,1.0,6/23,10.98%,TPPP;CSPG5;SOX10;EIF2B3;APP;NSUN5
ERICH1,GO_Biological_Process_2023,prerank,Regulation Of Cell Differentiation (GO:0045595),0.2625853133476168,0.7883875916445515,0.9958333333333333,1.0,1.0,56/193,20.10%,GREM1;SERPINF2;INSM1;HEY1;REST;BRD7;NR1D1;TNR;ALOX15B;APC2;GDNF;NLGN1;CSF1;GSK3B;NELL1;RPS6KA1;FGFR2;BIN1;ELL3;PLEKHB2;FADS1;RELN;PTPRR;TCFL5;PRKACA;PHLDB1;SMARCA4;SMARCD1;NTF4;MEGF10;BICRA;GPS2;CASZ1;NANOG;BDNF;BRD9;SMARCB1;CDK5RAP3;GATAD2A;TGFB1;SLC6A6;ALK;ZNF268;SMAD7;SMARCC2;PPP1R13L;HDAC1;NF1;SMARCD3;MOSMO;MTA3;SMARCC1;BLTP1;OCIAD1;CTNNB1;MBOAT2
ERICH1,GO_Biological_Process_2023,prerank,Positive Regulation Of Wnt Signaling Pathway (GO:0030177),0.27964957996672307,0.7883224909623023,0.9434782608695652,1.0,1.0,43/108,21.70%,ATP6V0C;TNFAIP3;FAM53B;UBR5;NFKB1;CDH3;FGFR2;TLR2;WNT5B;CDC73;ZBED3;SFRP4;LGR6;TMEM9;SMARCA4;DDX3X;DACT1;TNKS;CAPRIN2;WNK2;USP8;SULF1;SALL1;ATP6V1C2;BAMBI;CSNK1G1;GPC3;CSNK1G2;GPRC5B;TGFB1;DISC1;PLEKHA4;CSNK2A1;PTK7;JRK;TRPM4;CAV1;ATP6AP2;TBL1X;SFRP2;DAPK3;JUP;GPC5
ERICH1,GO_Biological_Process_2023,prerank,Vascular Endothelial Growth Factor Receptor Signaling Pathway (GO:0048010),-0.3500293780011993,-0.7881832810253732,0.8301526717557252,1.0,1.0,9/28,15.52%,FLT4;PTK2;PGF;MAPKAPK3;VEGFB;SRC;PDCD6;DAB2IP;PTK2B
ERICH1,GO_Biological_Process_2023,prerank,Modification-Dependent Protein Catabolic Process (GO:0019941),0.2617226234299353,0.7881280464006142,0.9954128440366973,1.0,1.0,52/190,20.66%,RNF148;ANKIB1;UBQLNL;DTX3L;TNFSF13B;LNX1;KCTD6;UBE2L5;RNF40;RFFL;UBR4;ITCH;ARIH2;PCYOX1;UBE3B;CBLC;NTAN1;NUB1;SMURF1;TOLLIP;MIB1;CHFR;UBE2I;RNF213;NDFIP1;FBXO8;UBE2S;PPP1R11;UBE2H;RNF167;FBXL7;RNF19A;RNF8;BFAR;UBE2R2;TRPC4AP;RBX1;UBE4A;RNF150;RNF185;FBXW4;UBL4A;UFD1;HERC6;UBE2D3;UBE2L6;TRIM25;FBXL4;FEM1C;NDFIP2;UBE2C;RNF19B
ERICH1,GO_Biological_Process_2023,prerank,Response To Organic Cyclic Compound (GO:0014070),0.30510755430720915,0.7877791120295504,0.9070796460176991,1.0,1.0,18/58,20.66%,NKX3-1;CYP27B1;ADORA1;CCL5;ANXA1;IGFBP5;TPR;STAT5B;TRPV1;BGLAP;PAQR7;ALAS1;FGFR4;TGFB1;SLC1A1;HLCS;CTNNB1;STRN3
ERICH1,GO_Biological_Process_2023,prerank,mRNA Destabilization (GO:0061157),-0.3266928236552187,-0.7875209907740827,0.8345588235294118,1.0,1.0,17/43,24.56%,ZC3H12D;KHSRP;RBM24;FXR1;FTO;ZC3H12A;GIGYF2;ROCK2;ZFP36;YTHDF1;METTL14;PDE12;ROCK1;DHX36;AGO4;ZFP36L2;CNOT1
ERICH1,GO_Biological_Process_2023,prerank,Positive Regulation Of Cell Cycle (GO:0045787),0.2991078044677164,0.7872898819614138,0.902542372881356,1.0,1.0,15/64,14.30%,NKX3-1;CCND3;PDGFB;DUSP3;TGM1;PTK6;FGFR2;PROX1;ASNS;CCDC57;PSRC1;CDC25B;MAGEA4;CCPG1;HSF1
ERICH1,GO_Biological_Process_2023,prerank,Regulation Of Release Of Cytochrome C From Mitochondria (GO:0090199),0.32306575016544287,0.7872538306297935,0.8443496801705757,1.0,1.0,17/41,21.31%,TNFSF10;IGF1;OPA1;HRK;MMP9;DNM1L;PPIF;HGF;GPER1;PRELID1;PDCD5;BMF;TRIAP1;BCL2L11;BBC3;TP53;PLAUR
ERICH1,GO_Biological_Process_2023,prerank,Positive Regulation Of Morphogenesis Of An Epithelium (GO:1905332),-0.35784082401254,-0.7871502440001876,0.8020618556701031,1.0,1.0,5/23,14.46%,PAX2;SIX1;LHX1;EGF;SIRT6
ERICH1,GO_Biological_Process_2023,prerank,Zinc Ion Transmembrane Transport (GO:0071577),-0.3785964527836653,-0.787007842292289,0.7766798418972332,1.0,1.0,2/21,1.67%,SLC30A2;SLC30A4
ERICH1,GO_Biological_Process_2023,prerank,Negative Regulation Of mRNA Processing (GO:0050686),-0.40414574979014023,-0.7869283267750541,0.7773359840954275,1.0,1.0,6/15,22.48%,SAP18;SRSF10;RNPS1;RBM20;C1QBP;SRSF7
ERICH1,GO_Biological_Process_2023,prerank,Artery Development (GO:0060840),0.3631945057057422,0.7866136868877099,0.7782178217821782,1.0,1.0,8/23,18.42%,EFEMP2;NELL1;ROBO1;ROBO2;SLC2A10;SMAD7;STRA6;NF1
ERICH1,GO_Biological_Process_2023,prerank,Neutrophil Migration (GO:1990266),-0.2989127821443881,-0.7866111434964429,0.926,1.0,1.0,11/75,17.19%,CXCL13;ITGB2;CXCL2;CCL25;XCL1;CXCL5;PIP5K1C;CXCL6;SRP54;CXCL1;SYK
ERICH1,GO_Biological_Process_2023,prerank,Protein Localization To Membrane (GO:0072657),-0.2629416646443317,-0.7864715615674005,0.9908759124087592,1.0,1.0,59/188,21.04%,ITGAL;ITGB2;STXBP1;KCNB1;KCNB2;ANO1;MADCAM1;PRAM1;ATP1B3;F11R;CYP46A1;LIN7B;TMEM150A;PLEKHF1;AGRN;RAMP1;ZDHHC22;CACNB3;PKP3;RAB3D;CACNB2;RAB8A;CPE;RAB32;LRPAP1;ARL3;NPC1;FLOT2;ROCK2;SPTBN1;EPB41L3;SH3GLB1;RAB10;PDZK1;TSPAN14;KCNIP4;PTN;PICK1;FERMT2;PIGW;ACTN2;TM9SF4;RAB6A;CRB3;PRPH2;INPP5K;FYB2;RAB40A;EFR3B;C2CD5;PALS1;SPTBN4;NUP155;WDR72;P2RY1;LIN7C;TTC7B;AP4M1;ROCK1
ERICH1,GO_Biological_Process_2023,prerank,Regulation Of Metal Ion Transport (GO:0010959),-0.3378573986351288,-0.7864017519198007,0.8266932270916335,1.0,1.0,13/34,20.37%,F3;NOS1;PLN;GRIN3B;SIK1;SLC30A6;ORAI1;WNK1;NKAIN4;SPTBN4;HFE;ATP1A1;SRI
ERICH1,GO_Biological_Process_2023,prerank,O-glycan Processing (GO:0016266),-0.32110312310059824,-0.7863446695354083,0.8872180451127819,1.0,1.0,13/41,23.07%,B3GNT3;B3GNTL1;GCNT4;GALNT12;B4GAT1;CHST4;B3GNT7;GALNT7;B3GNT4;B3GNT2;GCNT1;GALNT11;ST6GALNAC4
ERICH1,GO_Biological_Process_2023,prerank,Cellular Response To Nutrient Levels (GO:0031669),0.2875251619851832,0.786329617500429,0.9582417582417583,1.0,1.0,23/78,19.86%,INHBB;ELAPOR1;MAP1LC3A;MAP1LC3C;RPTOR;PRKAB1;MAP1LC3B;MAPKAP1;FADS1;FAM107A;TSC1;WIPI2;MLST8;PRKAA2;EHMT2;FNIP1;ZFYVE1;RRAGD;WDR45;RICTOR;FOXO1;PPARD;STK26
ERICH1,GO_Biological_Process_2023,prerank,Development Of Primary Male Sexual Characteristics (GO:0046546),0.31517058591243635,0.7862418848647829,0.8778947368421053,1.0,1.0,5/45,4.66%,SRD5A2;GATA1;NCOA4;ADAM21;ADAM32
ERICH1,GO_Biological_Process_2023,prerank,Positive Regulation Of B Cell Activation (GO:0050871),0.30965940198392466,0.7855201975726207,0.8739316239316239,1.0,1.0,11/52,14.97%,IL6;CD38;TNFSF13B;MAD2L2;KMT5B;SHLD2;PPP2R3C;SH3KBP1;GPR183;TIRAP;BCL2
ERICH1,GO_Biological_Process_2023,prerank,Protein Targeting To Vacuole (GO:0006623),0.3360531433705227,0.7854623218513547,0.814968814968815,1.0,1.0,13/33,22.62%,VPS37D;NCOA4;NAGPA;HGS;SMURF1;VPS13D;PXK;VPS8;AP3M1;M6PR;SORL1;ATG14;SCARB2
ERICH1,GO_Biological_Process_2023,prerank,Retinal Metabolic Process (GO:0042574),-0.41102547900144876,-0.7850843678397241,0.7842323651452282,1.0,1.0,5/15,20.89%,SDR16C5;BCO2;CYP27C1;RDH13;AKR1C3
ERICH1,GO_Biological_Process_2023,prerank,"RNA Splicing, Via Transesterification Reactions (GO:0000375)",-0.3559699041891236,-0.7848938905921352,0.8126195028680688,1.0,1.0,12/24,25.79%,TRA2B;KHSRP;WDR83;MPHOSPH10;SRSF10;DDX23;PRPF6;LSM1;PRPF3;GEMIN2;SNRNP40;PRPF4
ERICH1,GO_Biological_Process_2023,prerank,Sphingolipid Metabolic Process (GO:0006665),0.2823512154602055,0.7844979438460769,0.9582417582417583,1.0,1.0,29/93,18.60%,CERKL;FUT3;GBA3;CERK;HACD4;ALOX12B;FA2H;ELOVL4;UGT8;ORMDL1;SERINC1;SPHK2;PLA2G15;HACD3;ORMDL2;SGMS2;GBA2;ORMDL3;PLPP1;SAMD8;SPTLC1;CERS6;TM9SF2;SGPP1;CSNK1G2;GAL3ST1;PRKD3;ELOVL1;ST6GALNAC6
ERICH1,GO_Biological_Process_2023,prerank,Regulation Of Protein Kinase A Signaling (GO:0010738),0.38691322650245946,0.7844938123743843,0.7626459143968871,1.0,1.0,6/16,19.71%,AMH;MC1R;CALCR;IAPP;SPATC1L;AKAP7
ERICH1,GO_Biological_Process_2023,prerank,Regulation Of Transmembrane Transport (GO:0034762),0.33650266207740176,0.7844882438893785,0.8151750972762646,1.0,1.0,4/32,4.69%,KCNJ4;KCNJ8;SCN10A;KCNJ12
ERICH1,GO_Biological_Process_2023,prerank,Cellular Response To Sterol (GO:0036315),0.39423881866720156,0.7844830332582341,0.7748478701825557,1.0,1.0,5/15,23.81%,GRAMD1C;OSBPL7;INSIG1;SMO;GPLD1
ERICH1,GO_Biological_Process_2023,prerank,Regulation Of ERK1 And ERK2 Cascade (GO:0070372),-0.2569932703284397,-0.7844358647828229,0.9961612284069098,1.0,1.0,56/239,20.91%,FGF21;BMP2;OPRM1;THPO;ALOX15;CCL25;EPHA4;P2RY6;GLIPR2;SEMA7A;XCL1;ADRA1D;PLA2G2A;NPNT;FGFR3;NOTCH1;NTRK1;FLT4;NTRK2;FBLN1;TNFAIP8L3;AGER;CIB1;YWHAZ;APP;PTEN;ROR2;DUSP10;RRAS;PIN1;HTR2B;GAREM1;SPRY3;DAB2IP;PDE8A;SCIMP;SIRPA;TGFBR3;PTK2B;FERMT2;DUSP6;SYK;CD44;FGF4;TIMP3;NRG1;PTPN2;CD74;ARRB2;MAP2K7;P2RY1;FGF1;CRKL;LMO3;SYNJ2BP;MAP3K12
ERICH1,GO_Biological_Process_2023,prerank,Regulation Of Adenylate Cyclase Activity (GO:0045761),-0.39416438480648813,-0.7841558919167839,0.7739463601532567,1.0,1.0,4/17,12.80%,GRM2;AKAP5;GABBR2;ORAI1
ERICH1,GO_Biological_Process_2023,prerank,Regulation Of Neuronal Synaptic Plasticity (GO:0048168),-0.33442815798106773,-0.7837716973440496,0.8401559454191033,1.0,1.0,15/34,25.51%,NOL3;NETO1;GRIN1;CAMK2A;APP;GRIN2B;SYP;NCDN;DBN1;CLN3;MCTP1;RAB5A;SYNGR1;GRIN2A;APOE
ERICH1,GO_Biological_Process_2023,prerank,Negative Regulation Of NIK/NF-kappaB Signaling (GO:1901223),-0.3506635386956433,-0.7834606124663209,0.8188976377952756,1.0,1.0,7/27,18.10%,TRIM15;NLRP2;MYO1C;ZC3H12A;PPM1A;NLRP12;IFI35
ERICH1,GO_Biological_Process_2023,prerank,Negative Regulation Of Translation (GO:0017148),-0.2805761513979034,-0.7832548415213748,0.947986577181208,1.0,1.0,42/106,24.56%,EPHA4;TNRC6B;TIA1;ZAR1L;PAIP2;RBM24;EIF4E2;PAIP2B;CPEB2;EIF4ENIF1;MALSU1;ILF3;PCIF1;FXR1;IFRD2;FTO;SERBP1;GIGYF2;EIF4EBP1;ROCK2;NCL;RBM4;ZFP36;LSM14A;PATL2;TYMS;YTHDF1;NHLRC3;RNF139;SHMT1;METTL14;DHFR;TRIM3;ROCK1;RACK1;DHX36;FMR1;AGO4;ZNF540;EIF4EBP3;IGF2BP1;CNOT1
ERICH1,GO_Biological_Process_2023,prerank,Negative Regulation Of Transferase Activity (GO:0051348),0.33137096558019946,0.7828543053434912,0.8517745302713987,1.0,1.0,17/36,23.05%,PARK7;DTX3L;NPRL2;GSK3B;TINF2;PINX1;PHPT1;PRDX3;SMAD7;MYCNOS;FBXO5;CDC20;TP53;BUB3;HNRNPU;MEN1;PIF1
ERICH1,GO_Biological_Process_2023,prerank,Mesoderm Formation (GO:0001707),-0.3830118814428413,-0.7827185969590228,0.7576335877862596,1.0,1.0,4/19,12.57%,ITGA8;ITGB4;TBX19;BMPR2
ERICH1,GO_Biological_Process_2023,prerank,Negative Regulation Of Neuron Death (GO:1901215),-0.28718209569375924,-0.7826167621339614,0.9388888888888889,1.0,1.0,37/88,26.33%,GBA1;CNTFR;CNTF;FGF20;VSTM2L;NTRK1;PRKCG;NTRK2;MEF2C;NAIP;CITED1;SIX1;CDK5;TNFRSF1B;SNCA;SOD1;RASA1;PTK2B;MSH2;SOD2;TYRO3;CRLF1;RETREG1;SNX6;CCL2;KIF14;GPNMB;PRKN;ATF4;CLN3;IL6ST;APOE;HTRA2;FZD9;CPEB4;LIG4;ATP13A2
ERICH1,GO_Biological_Process_2023,prerank,Phospholipid Transport (GO:0015914),0.29960676873993464,0.7824969378239218,0.8850102669404517,1.0,1.0,16/59,16.83%,ATP10B;PLA2G10;ATP8B2;ATP9B;ABCA12;ABCA3;ATP8B3;PRELID3A;PRELID3B;ABCA7;SCP2;ATP11A;PRELID1;ABCC1;ATP9A;TMEM30A
ERICH1,GO_Biological_Process_2023,prerank,Cellular Response To Nerve Growth Factor Stimulus (GO:1990090),-0.36676564074866047,-0.7824341676959597,0.8003802281368821,1.0,1.0,7/21,22.33%,NTRK1;NTRK2;CIB1;WASF1;MAPT;RAPGEF1;RAB35
ERICH1,GO_Biological_Process_2023,prerank,Intracellular Zinc Ion Homeostasis (GO:0006882),-0.39153019680368595,-0.7822467155580713,0.7897623400365631,1.0,1.0,2/17,2.50%,SLC30A2;TMC8
ERICH1,GO_Biological_Process_2023,prerank,Positive Regulation Of Cyclin-Dependent Protein Serine/Threonine Kinase Activity (GO:0045737),0.3954345021381914,0.7821401134011553,0.7657841140529531,1.0,1.0,4/15,12.24%,CCND3;PDGFB;PROX1;PSRC1
ERICH1,GO_Biological_Process_2023,prerank,Activation Of Protein Kinase B Activity (GO:0032148),0.3522585028625943,0.7818539897501864,0.8140495867768595,1.0,1.0,7/25,18.46%,PARK7;PDGFB;IGF1;ADRA2C;CCDC88A;GAS6;PDPK1
ERICH1,GO_Biological_Process_2023,prerank,Vesicle Transport Along Microtubule (GO:0047496),0.35939817733890506,0.7817604353890073,0.7933884297520661,1.0,1.0,9/22,21.18%,PAFAH1B1;FBXW11;KIF3A;NDEL1;DYNC1I1;KIF5B;TRAK2;NDE1;FYCO1
ERICH1,GO_Biological_Process_2023,prerank,Cytoskeleton-Dependent Cytokinesis (GO:0061640),0.28542348584302046,0.7813920748595018,0.9430379746835443,1.0,1.0,28/81,20.78%,SEPTIN5;KIF20A;RHOB;SNX33;SEPTIN9;INCENP;UNC119;BIRC5;EXOC3;KIF4A;KIF23;IST1;USP8;SEPTIN6;TRIM36;PLK1;AURKB;SEPTIN10;SNX9;CECR2;CENPA;PDCD6IP;NUSAP1;SNX18;SEPTIN7;SPAST;SEPTIN2;DCTN3
ERICH1,GO_Biological_Process_2023,prerank,Monocarboxylic Acid Transport (GO:0015718),0.29397097481157825,0.7812656574696178,0.9189814814814815,1.0,1.0,17/71,15.98%,PMP2;SLC5A8;FABP12;SLCO1C1;SLCO2B1;ABCC11;SLC16A11;SLC22A13;SLC27A1;SLC6A8;ACSL1;SLC16A6;CRABP1;ARID4A;SLC5A6;ABCG2;SLC16A3
ERICH1,GO_Biological_Process_2023,prerank,Innate Immune Response Activating Cell Surface Receptor Signaling Pathway (GO:0002220),-0.3548978158332657,-0.7812588539567434,0.8142292490118577,1.0,1.0,10/29,25.34%,CLEC6A;FCN3;KLRD1;SRC;SYK;PAK3;EP300;MAP3K7;LYN;PAK1
ERICH1,GO_Biological_Process_2023,prerank,Regulation Of Small Molecule Metabolic Process (GO:0062012),-0.32574303872242844,-0.7810416904974352,0.8799212598425197,1.0,1.0,13/40,25.65%,NR1H4;FMO5;GNB3;SIRT1;ARL2;GCK;EP300;ACADVL;PRKN;PANK2;RORA;APOE;ARV1
ERICH1,GO_Biological_Process_2023,prerank,Regulation Of Transcription Elongation By RNA Polymerase II (GO:0034243),0.2930126279743151,0.7809601860446904,0.9313929313929314,1.0,1.0,34/77,22.91%,PWWP2A;MED20;CDK13;MED7;NELFE;ELL3;NELFB;SRCAP;EAPP;MED9;INTS3;CDC73;NELFCD;MED26;INTS11;MED8;LDB1;MED22;RNF8;MED14;MED29;WDR43;MED27;PARP1;MED17;MED4;HEXIM1;INTS10;SUPT4H1;CCNT1;MED28;HNRNPU;INTS2;INTS6
ERICH1,GO_Biological_Process_2023,prerank,DNA-templated DNA Replication Maintenance Of Fidelity (GO:0045005),-0.3205359131282569,-0.7809557609380205,0.8813559322033898,1.0,1.0,15/43,19.62%,EXD2;CDK9;WRN;TRAIP;TONSL;SETMAR;PRIMPOL;TIPIN;RAD51;RFWD3;ZRANB3;POLD1;ATRX;CENPS;NUCKS1
ERICH1,GO_Biological_Process_2023,prerank,Protein Transmembrane Import Into Intracellular Organelle (GO:0044743),0.33090164868878574,0.7809233411691358,0.8165680473372781,1.0,1.0,14/32,20.29%,TOMM20L;PEX5;PAM16;PEX7;TRIM37;DNLZ;TOMM40L;TIMM21;PEX14;PEX16;TIMM17B;TOMM20;GRPEL1;PEX1
ERICH1,GO_Biological_Process_2023,prerank,Regulation Of Leukocyte Chemotaxis (GO:0002688),0.38662396899037565,0.780877974407427,0.7763440860215054,1.0,1.0,2/17,4.81%,IL6;IL6R
ERICH1,GO_Biological_Process_2023,prerank,Positive Regulation Of Reactive Oxygen Species Metabolic Process (GO:2000379),-0.3208605660793835,-0.7800402214316433,0.8534322820037106,1.0,1.0,15/48,21.19%,RAB27A;ITGB2;F2;GRIN1;PRKCD;TGFBR2;AGT;SOD1;ZC3H12A;SYK;MAPT;DCXR;AKR1C3;ROMO1;MAPK14
ERICH1,GO_Biological_Process_2023,prerank,JNK Cascade (GO:0007254),0.3410549769121321,0.7798923583223147,0.8672199170124482,1.0,1.0,9/29,16.36%,MAPK10;TNFRSF19;MAP3K10;DUSP9;MAP3K5;SH2D3C;GPS2;MINK1;MAP3K13
ERICH1,GO_Biological_Process_2023,prerank,Lung Development (GO:0030324),0.3355468575170267,0.7797858866471881,0.844017094017094,1.0,1.0,6/33,11.13%,TCF21;PHF14;FGFR2;ITGA3;PROX1;BMP4
ERICH1,GO_Biological_Process_2023,prerank,Cellular Response To Peptide (GO:1901653),-0.30787092188162246,-0.77977962503189,0.9057971014492754,1.0,1.0,18/56,20.88%,EPHA4;NTRK1;GRIN1;AGER;ADRB2;APP;CDK5;SRC;IGF1R;LRP1;LDOC1;CHMP5;XBP1;RIPK2;PSEN1;CACNB1;SNX6;GJA1
ERICH1,GO_Biological_Process_2023,prerank,Negative Regulation Of Immune System Process (GO:0002683),-0.31672144467876073,-0.7796689155173077,0.8740740740740741,1.0,1.0,5/44,8.44%,LILRB4;RAB7B;FOXP3;HLA-G;LRRC14
ERICH1,GO_Biological_Process_2023,prerank,Protein Exit From Endoplasmic Reticulum (GO:0032527),-0.3533102311610497,-0.779557140152737,0.8174603174603174,1.0,1.0,9/24,16.07%,OS9;SEC13;SEL1L;DERL2;SELENOS;HSP90B1;SURF4;PREB;LMAN1
ERICH1,GO_Biological_Process_2023,prerank,Positive Regulation Of Microtubule Polymerization Or Depolymerization (GO:0031112),-0.3557743314408672,-0.7791828242883257,0.8316633266533067,1.0,1.0,12/26,25.34%,FES;TRPV4;DRG1;CDK5RAP2;ARL2;CLASP1;OCLN;MAPT;CDK5R1;MET;SLAIN1;PAK1
ERICH1,GO_Biological_Process_2023,prerank,Histone Deubiquitination (GO:0016578),0.3327330943119069,0.7791740374604793,0.8637316561844863,1.0,1.0,9/34,14.52%,SUPT3H;TAF5;SF3B5;BABAM1;TAF2;TAF9;MPND;TAF12;SF3B3
ERICH1,GO_Biological_Process_2023,prerank,Regulation Of miRNA Transcription (GO:1902893),-0.305094426226691,-0.7786111949582653,0.9257142857142857,1.0,1.0,11/59,17.23%,LILRB4;ESR1;GATA3;FOSL1;SRF;MYB;GNL3;MYC;NCOR1;KLF4;RARA
ERICH1,GO_Biological_Process_2023,prerank,DNA Replication (GO:0006260),-0.2932621069114733,-0.7785168292962802,0.9227941176470589,1.0,1.0,33/73,25.27%,FAM111B;CHRAC1;STON1;CHEK1;RNASEH2A;WRN;POLE2;WDHD1;NAP1L1;MCM6;MCM5;RPA2;RFC4;POLD1;ORC3;DUT;POLG2;RFC3;GRWD1;MCM7;POLL;FEN1;PTMS;RPA1;TOP1;MCM4;TOP1MT;MCM8;POLA2;DONSON;CDK2;RFC5;HELB
ERICH1,GO_Biological_Process_2023,prerank,Anaphase-Promoting Complex-Dependent Catabolic Process (GO:0031145),0.36422553907255184,0.7782213105663729,0.7893569844789357,1.0,1.0,8/21,20.61%,ECRG4;ANAPC5;FZR1;UBE2S;ANAPC2;CDC27;CDC20;UBE2C
ERICH1,GO_Biological_Process_2023,prerank,Androgen Receptor Signaling Pathway (GO:0030521),0.3828205799704783,0.7781909507258135,0.7584033613445378,1.0,1.0,4/17,17.06%,NKX3-1;PLPP1;PMEPA1;KDM3A
ERICH1,GO_Biological_Process_2023,prerank,Cellular Response To Catecholamine Stimulus (GO:0071870),0.3753402509725194,0.7781251115795954,0.7659574468085106,1.0,1.0,8/19,22.19%,ADCY6;PDE4B;PRKACA;SIRT2;GNG2;ATP2B4;SLC9A1;KCNQ1
ERICH1,GO_Biological_Process_2023,prerank,Embryonic Limb Morphogenesis (GO:0030326),0.33329869953942987,0.7781153437678375,0.8274428274428275,1.0,1.0,9/34,20.08%,CYP26B1;TWIST1;RARG;SALL1;MYH3;FBXW4;GLI3;HDAC1;CTNNB1
ERICH1,GO_Biological_Process_2023,prerank,Aortic Valve Morphogenesis (GO:0003180),0.32775485299086726,0.7777375122598802,0.8565656565656565,1.0,1.0,11/37,16.92%,ELN;HEY1;TWIST1;NOS3;EMILIN1;NPPA;ROBO1;BMP4;ROBO2;SMAD2;TGFB1
ERICH1,GO_Biological_Process_2023,prerank,Glucose Metabolic Process (GO:0006006),0.2991322737405716,0.7776070218407711,0.9346846846846847,1.0,1.0,15/59,20.13%,PCK1;FBP1;HKDC1;PGAM2;TPI1;PCK2;MDH1;HK2;GAA;PGK1;ADPGK;GPI;PPARD;PGM1;PGAM1
ERICH1,GO_Biological_Process_2023,prerank,Regulation Of Sprouting Angiogenesis (GO:1903670),0.32693819118276474,0.7774030319085886,0.8539823008849557,1.0,1.0,11/33,19.85%,KLF2;TNN;ITGA5;RHOJ;GLUL;SEMA6A;TJP1;PPP1R16B;PDPK1;THBS1;PIK3CB
ERICH1,GO_Biological_Process_2023,prerank,Regulation Of Acute Inflammatory Response (GO:0002673),-0.38445235288157126,-0.7773237020217898,0.7849056603773585,1.0,1.0,3/19,10.71%,C2CD4B;PTGES;OSMR
ERICH1,GO_Biological_Process_2023,prerank,Positive Regulation Of DNA Biosynthetic Process (GO:2000573),-0.2980648913131091,-0.776792018026156,0.9319066147859922,1.0,1.0,25/65,22.88%,XRCC5;CCT5;TNKS2;PARN;HNRNPA1;ATM;MAPKAPK5;GRHL2;MYC;WRAP53;POT1;KLF4;PRKCQ;RFC4;GINS1;CCT6A;HSP90AA1;MAP2K7;POLG2;GINS3;RFC3;DKC1;USP1;GINS4;CHTF18
ERICH1,GO_Biological_Process_2023,prerank,Lymphocyte Differentiation (GO:0030098),-0.2888400799633531,-0.7767537465116554,0.9346153846153846,1.0,1.0,19/83,19.72%,NFAM1;IKZF1;GATA3;FLT3;HHEX;KIT;JAK3;NFIL3;SOX4;MSH2;CHD7;PIK3R1;TOX;RAG1;NHEJ1;PTPN2;SLC25A5;LEPR;GPR89B
ERICH1,GO_Biological_Process_2023,prerank,Regulation Of Sodium Ion Transmembrane Transport (GO:1902305),-0.34776468705576885,-0.7767217807292217,0.8408644400785854,1.0,1.0,7/27,15.66%,FXYD3;NOS1;FXYD5;NEDD4L;FXYD7;SNTA1;COMMD1
ERICH1,GO_Biological_Process_2023,prerank,Negative Regulation Of Transport (GO:0051051),-0.3242685717320412,-0.7765434312980796,0.8717472118959108,1.0,1.0,17/39,24.85%,PTEN;LRSAM1;RUBCN;PACSIN3;EGF;SNCA;CTTNBP2NL;ITGAV;SYT11;WWP2;NRG1;EPHA3;SCAMP5;SNX3;PRKN;MCTP1;YRDC
ERICH1,GO_Biological_Process_2023,prerank,protein-DNA Complex Organization (GO:0071824),0.29790710598410997,0.7762232187022751,0.9327731092436975,1.0,1.0,27/59,23.27%,PHF19;VCX;GATAD1;PADI4;SOX15;CBX1;CBX5;HDAC11;HDAC8;TCF7L1;HMGN1;FAM50B;HMGN4;HDAC1;SUV39H1;EZH2;SAFB;ZBTB7A;SUPT4H1;FAM50A;EZHIP;CDAN1;HNRNPU;USP36;RPL17;TCF4;PWWP3A
ERICH1,GO_Biological_Process_2023,prerank,Negative Regulation Of Sequestering Of Calcium Ion (GO:0051283),-0.32837729988860315,-0.776100863713129,0.8423076923076923,1.0,1.0,11/36,23.59%,GP1BB;XCL1;RYR1;HTR2B;PLCB2;PLCB4;IBTK;RYR2;LCK;PLCE1;PLCB1
ERICH1,GO_Biological_Process_2023,prerank,Multivesicular Body Assembly (GO:0036258),-0.34884801725339826,-0.7758637536126426,0.8454011741682974,1.0,1.0,13/29,22.13%,VPS37C;STAM2;VPS36;CHMP4A;CHMP4C;CHMP5;VPS37B;VTA1;CHMP3;VPS28;VPS4A;VPS25;CHMP6
ERICH1,GO_Biological_Process_2023,prerank,L-alpha-amino Acid Transmembrane Transport (GO:1902475),-0.3219513216289724,-0.7758496527022669,0.8704761904761905,1.0,1.0,18/40,24.62%,SLC6A9;SLC7A7;SLC47A1;SLC7A6;SLC7A11;SLC7A3;SLC7A2;PRAF2;SLC38A9;SLC7A1;SLC3A2;SLC38A1;SLC7A8;SLC1A4;SLC38A2;SLC1A3;SLC25A12;CLN3
ERICH1,GO_Biological_Process_2023,prerank,Negative Regulation Of ATP-dependent Activity (GO:0032780),0.3852611462532997,0.7758432403129184,0.7725409836065574,1.0,1.0,9/16,24.01%,TSC1;PAM16;IFIT1;PPIF;PXK;VCPKMT;TP53;TNNI3;THADA
ERICH1,GO_Biological_Process_2023,prerank,Response To Epidermal Growth Factor (GO:0070849),0.3344778212892607,0.7758209868935723,0.8442105263157895,1.0,1.0,16/30,22.75%,DUSP3;TPR;SYAP1;STAT5B;PLCG1;MAPK3;VIL1;MARS1;ZPR1;EEF1A1;PDPK1;PTPN11;ERBB2;EGFR;SOX9;IQGAP1
ERICH1,GO_Biological_Process_2023,prerank,mRNA Transcription By RNA Polymerase II (GO:0042789),0.3196342713443826,0.7756939718838298,0.9085365853658537,1.0,1.0,10/38,17.24%,CYP27B1;HLTF;TAF5;TAF2;TAF9;ZBTB1;TAF12;NR1H3;PPARG;RXRB
ERICH1,GO_Biological_Process_2023,prerank,Cellular Response To Osmotic Stress (GO:0071470),0.34464864682245344,0.7755862421929647,0.8228105906313645,1.0,1.0,9/28,16.50%,STK39;RCSD1;WNK3;CAPN3;RPTOR;MLST8;DDX3X;CAB39;SCN2A
ERICH1,GO_Biological_Process_2023,prerank,DNA Repair (GO:0006281),-0.2488554037819183,-0.7754318010996172,1.0,1.0,1.0,92/291,22.71%,EXD2;XRCC5;ACTR5;HUS1;MGMT;RAD50;RNASEH2C;MLH3;MBD4;NABP2;STON1;CHEK2;CHEK1;EXO5;CIB1;XRCC6;FANCB;NEIL2;RNASEH2A;LIG3;FBXO6;UBE2T;SMC1A;WRN;ALKBH1;TRAIP;DDX1;FANCA;SMARCA5;RNF168;TRIP13;DCLRE1C;ATM;USP44;POLE2;WDHD1;SIRT1;PRIMPOL;FTO;OGG1;APEX2;RBBP8;SIRT6;BARD1;HROB;HINFP;RAD51;CHRNA4;UBE2N;COMMD1;NPM1;UNG;FSCN1;GTF2H2C;NSMCE4A;MTA1;MSH2;RFWD3;RPA2;RFC4;ZRANB3;ERCC1;POLD1;ATRX;RAD23B;NHEJ1;DDB1;UVRAG;MLH1;CENPS;XPC;XRCC1;RECQL;MUTYH;NUCKS1;ERCC4;FANCI;RFC3;SETX;NSD2;PIAS4;RAD51AP1;POLL;UBE2B;FEN1;RPA1;FAAP24;MSH3;FBH1;FMR1;UBE2A;TDP1
ERICH1,GO_Biological_Process_2023,prerank,Protein Transport (GO:0015031),-0.25024648675048244,-0.7752974564913933,0.9981412639405205,1.0,1.0,125/310,26.21%,PPY;RD3;STXBP1;MIA2;DNAJC19;ARRDC4;SCFD1;NSF;TMED1;NAPA;WLS;RAB26;HIKESHI;TOM1;LRSAM1;RAB43;RAMP1;ACD;ARRDC2;RAB1B;SCAMP1;SEC13;LRP2;RAB28;SEL1L;VIPAS39;RABL2B;RAB3D;PDCD6;RAB5C;RAB31;RIC1;LRP1;ARL1;HSP90B1;RAB8A;RAB32;SNX4;PRKCB;STEAP3;RCAN3;SCAMP4;SNX8;VPS26B;GOLPH3;KIF3B;SPTBN1;TRIM23;RAB22A;SURF4;RPGR;RAB10;NPM1;ERP29;PREB;PICK1;STX8;RAB6A;MACF1;GCC2;RUFY1;CHMP3;ARFIP1;SNX31;RAB17;COPA;CD74;ARL11;CHMP1A;UNC93B1;GGA2;STX4;VPS29;OPTN;MCOLN1;SCAMP5;TIMM50;TVP23C;RABL2A;VAMP2;ARF3;SNX6;AP4M1;FAM91A1;CALCRL;STX7;STX1A;ROMO1;ARL6;RAB23;RAB3GAP2;RAB35;SCFD2;TMED5;TIMM17A;CEP290;VPS26A;TIMM44;DNAJC15;ANK3;NECAB3;ARHGEF2;TSNARE1;PHAF1;IFT22;RAB8B;ARRDC1;ARL17A;ARF5;USO1;GOLGA4;DENND10;RAB5A;YWHAH;RAB6B;APOE;ARFIP2;ARL4A;BBS2;LAMP2;CLTC;TMED10;RAB38;COPG2;GRPEL2
ERICH1,GO_Biological_Process_2023,prerank,Organelle Transport Along Microtubule (GO:0072384),0.3209413726421555,0.7752583667565317,0.8496732026143791,1.0,1.0,14/38,20.49%,TMEM201;PAFAH1B1;FBXW11;BICD1;BORCS8;NDEL1;DYNC1I1;BICD2;PEX14;ARHGAP21;KIF5B;COPG1;TRAK2;NDE1
ERICH1,GO_Biological_Process_2023,prerank,Regulation Of Defense Response To Virus (GO:0050688),0.38323227222514944,0.7751296080449444,0.7983193277310925,1.0,1.0,4/18,10.11%,TNFAIP3;ITCH;IFNLR1;PCBP2
ERICH1,GO_Biological_Process_2023,prerank,Positive Regulation Of Peptidyl-Threonine Phosphorylation (GO:0010800),0.35670686865241497,0.775088620637395,0.8251599147121536,1.0,1.0,8/24,17.08%,AZU1;TRIM6;WNK3;RPTOR;BMP7;CAB39;TGFB1;PLK1
ERICH1,GO_Biological_Process_2023,prerank,Mitotic G2 DNA Damage Checkpoint Signaling (GO:0007095),0.33852179060658727,0.7750171221144235,0.8418803418803419,1.0,1.0,15/30,20.63%,TNFSF13B;MRNIP;TAOK1;BABAM1;TAOK2;TOPBP1;FZR1;CDK1;CDC14B;CDK5RAP3;PLK1;MRE11;FOXN3;TICRR;BRCA1
ERICH1,GO_Biological_Process_2023,prerank,3'-Phosphoadenosine 5'-Phosphosulfate Metabolic Process (GO:0050427),-0.3966163538405379,-0.7749154238784445,0.7895752895752896,1.0,1.0,6/15,18.39%,SULT1B1;PAPSS1;TPST2;ENPP1;SULT1A2;SULT1A3
ERICH1,GO_Biological_Process_2023,prerank,Positive Regulation Of Stress Fiber Assembly (GO:0051496),0.3178521368602918,0.7744255741730559,0.8721174004192872,1.0,1.0,23/43,28.96%,SERPINF2;ARHGEF10;NELL1;LIMCH1;FHOD1;EPHA1;PXN;CCDC88A;CARMIL1;PPM1F;S100A10;RGCC;TESK1;RAPGEF3;ITGB1BP1;SORBS3;SFRP1;LIMK1;TGFBR1;ARHGEF5;ARHGEF15;TGFB3;SYNPO2L
ERICH1,GO_Biological_Process_2023,prerank,Metanephros Development (GO:0001656),-0.352414876658694,-0.7742403503319429,0.846307385229541,1.0,1.0,4/25,9.56%,PAX2;GDF6;CITED1;SIX1
ERICH1,GO_Biological_Process_2023,prerank,Regulation Of Toll-Like Receptor 4 Signaling Pathway (GO:0034143),0.3543052608413997,0.7741079353400498,0.8166666666666667,1.0,1.0,5/23,18.00%,TNFAIP3;NR1D1;TIRAP;NR1H3;MFHAS1
ERICH1,GO_Biological_Process_2023,prerank,Negative Regulation Of Viral Process (GO:0048525),0.29784822585011317,0.7740968901064094,0.9403292181069959,1.0,1.0,13/61,14.32%,OASL;CCL5;RSAD2;FAM111A;TRIM6;APOBEC3F;PROX1;RNASEL;IFITM2;MX1;IFIT1;TNIP1;TRIM62
ERICH1,GO_Biological_Process_2023,prerank,Cellular Respiration (GO:0045333),-0.28926867270581635,-0.7733988660812677,0.945179584120983,1.0,1.0,36/84,24.53%,CYCS;UQCRB;COX8A;NDUFA5;NDUFA8;UQCRFS1;NDUFB6;NDUFS2;ME3;COX6C;NDUFB7;NDUFS4;NDUFV1;SDHB;BLOC1S1;SDHC;MTLN;UQCRC2;CHCHD5;NDUFA13;COX6A1;NDUFB8;NDUFS7;NDUFB3;COX5A;NDUFV3;SDHA;UQCRH;ETFDH;NDUFA12;SLC25A14;NDUFS8;MTFR2;NDUFB9;NDUFS3;MTFR1L
ERICH1,GO_Biological_Process_2023,prerank,Regulation Of Ras Protein Signal Transduction (GO:0046578),0.2859114176368985,0.7733904323286295,0.95,1.0,1.0,14/76,12.98%,ETFA;FBP1;EPS8L2;KBTBD6;SYDE1;IGF1;NOTCH2;RALGPS1;RASGRP1;MYO9B;MAPKAP1;RASGRF1;RABL3;SYNGAP1
ERICH1,GO_Biological_Process_2023,prerank,Protein Polyubiquitination (GO:0000209),0.25066503880940505,0.7729514363046797,1.0,1.0,1.0,74/223,21.63%,RNF183;TNFAIP3;TMEM129;ANKIB1;KBTBD6;TRIM68;ANAPC5;DTX3L;TNFSF13B;UBR5;DAW1;TRIM6;UBE2L5;RFFL;ITCH;ARIH2;UBE3B;FBXW11;NHLRC1;IFI27;RNF187;TRIM65;SMURF1;SASH1;DDB2;UBE2W;TRIM58;TNKS;RNF213;TRIM8;SHARPIN;FZR1;UBE2S;TRIM62;TRAF3IP2;ANAPC2;UBE2V1;UBE2H;BCL2;TRIM34;RNF167;FBXL7;RNF19A;UBE3A;RNF8;BFAR;UBE2R2;RNF115;RBX1;UBE4A;RMND5A;UBE2E2;TRIM38;CDC27;RNF185;TRIM45;RUSC1;KLHL20;UBE2D3;UBE2L6;TRIM25;TRIM71;ZNF738;CTNNB1;TRIM5;UBE3D;UBE2C;BRCA1;RNF19B;THOP1;FBXO9;RNF166;PRPF19;BLMH
ERICH1,GO_Biological_Process_2023,prerank,Positive Regulation Of Stem Cell Population Maintenance (GO:1902459),0.3199031693684912,0.772888138442324,0.862,1.0,1.0,19/40,22.71%,REST;DPF2;ESRRB;SMARCA4;SMARCD1;ARID4A;SF3B3;BICRA;BRD9;SMARCB1;SAP30L;HDAC1;SMARCC1;SUDS3;SAP30;NCOA3;SINHCAF;SIN3A;SS18
ERICH1,GO_Biological_Process_2023,prerank,Positive Regulation Of Innate Immune Response (GO:0045089),0.3154701800877024,0.7728161764301176,0.8850806451612904,1.0,1.0,8/45,14.32%,IKBKE;CCL5;ZDHHC5;TRIM6;POLR3F;HLA-E;TIRAP;TRIM62
ERICH1,GO_Biological_Process_2023,prerank,Mitotic DNA Damage Checkpoint Signaling (GO:0044773),-0.3061530907189037,-0.7726755369765901,0.9032882011605415,1.0,1.0,14/56,16.36%,CCND1;TAOK3;HUS1;CHEK2;CHEK1;TRIM39;CLSPN;BRSK1;RINT1;ATM;TIPIN;WAC;RFWD3;RPA2
ERICH1,GO_Biological_Process_2023,prerank,mRNA Export From Nucleus (GO:0006406),-0.3031570335338275,-0.77254932490816,0.9087591240875912,1.0,1.0,27/60,26.68%,ZC3H11B;HHEX;NUP214;DDX25;NCBP1;MAGOH;SARNP;SMG6;NUP133;POLDIP3;XPO1;DDX39A;NCBP2;DDX19A;SRSF3;PABPN1;MCM3AP;FMR1;SMG1;THOC2;CHTOP;UPF2;NUP107;RAE1;DDX19B;RBM15B;YTHDC1
ERICH1,GO_Biological_Process_2023,prerank,Positive Regulation Of Nucleocytoplasmic Transport (GO:0046824),-0.31972666513203135,-0.7724668469969579,0.8623326959847036,1.0,1.0,21/44,24.92%,CPSF6;EMD;DMAP1;RBM22;PRKCD;NRDE2;ZC3H12A;ECT2;SIRT6;PIK3R1;BAG3;HCLS1;PSEN1;NCBP2;EP300;RAN;CAMK1;CHP2;ZIC1;TRIM28;NEDD4
ERICH1,GO_Biological_Process_2023,prerank,Regulation Of Dendritic Spine Morphogenesis (GO:0061001),-0.33387651472798574,-0.7723847230192568,0.8565815324165029,1.0,1.0,12/30,21.61%,NOL3;EPHA4;SRCIN1;LRRK2;PTEN;CDK5;SIPA1L1;DBN1;CDK5R1;CUX2;PDLIM5;DHX36
ERICH1,GO_Biological_Process_2023,prerank,Regulation Of Smoothened Signaling Pathway (GO:0008589),0.3090290722352905,0.7723551077126474,0.8952772073921971,1.0,1.0,18/51,21.88%,DCDC2;KCTD6;SUFU;UCHL5;FGFR2;PTCH2;OTX2;PHIP;DLG5;HHIP;GPC3;GLI1;GLI3;MOSMO;IFT122;TUBD1;KIF7;IFT81
ERICH1,GO_Biological_Process_2023,prerank,Fatty Acid Transport (GO:0015908),0.3241203859850799,0.7722472021741508,0.8705357142857143,1.0,1.0,12/37,19.58%,PMP2;FABP12;SLC27A1;ACSL1;CRABP1;ARID4A;SLC22A1;CD36;PPARG;SLCO3A1;FABP3;PPARD
ERICH1,GO_Biological_Process_2023,prerank,Positive Regulation Of Axonogenesis (GO:0050772),0.3192645392457994,0.7719877643977155,0.8773388773388774,1.0,1.0,12/38,16.36%,NTN1;SEMA4D;PLXNA4;PLXNA1;TIAM2;ZFYVE27;ROBO1;METRN;MAP6;ROBO2;BDNF;MAP3K13
ERICH1,GO_Biological_Process_2023,prerank,Myoblast Fusion (GO:0007520),-0.3732283509414632,-0.7719862077680812,0.8300395256916996,1.0,1.0,5/18,11.53%,NOS1;KCNH1;MYMX;JAM2;ADAMTS5
ERICH1,GO_Biological_Process_2023,prerank,Negative Regulation Of Stress-Activated MAPK Cascade (GO:0032873),-0.32072692444595047,-0.7719765894349285,0.8768939393939394,1.0,1.0,19/37,26.67%,TAOK3;MARVELD3;DUSP19;DUSP10;MYC;SIRPA;NCOR1;DUSP1;MECOM;FKTN;ANKS1B;QARS1;ZNF675;PRKN;ZMYND11;PRMT1;CYLD;GSTP1;PPIA
ERICH1,GO_Biological_Process_2023,prerank,Regulation Of Phosphatidylinositol 3-Kinase Signaling (GO:0014066),-0.2820116003987987,-0.771863886344203,0.9482071713147411,1.0,1.0,22/89,17.50%,JAK2;FLT3;LIME1;NTRK1;NTRK2;PTK2;KIT;PTEN;ROR2;MYDGF;MAZ;PIP5K1C;SRC;DAB2IP;IGF1R;EGF;SIRT1;PLXNB1;INSR;HAX1;PIK3AP1;HCLS1
ERICH1,GO_Biological_Process_2023,prerank,Ubiquitin-Dependent Protein Catabolic Process Via The Multivesicular Body Sorting Pathway (GO:0043162),-0.3362298998469611,-0.7717931983830024,0.8500986193293886,1.0,1.0,16/33,25.10%,VPS37C;STAM2;VPS36;CHMP4A;CHMP4C;CHMP5;RNF126;VPS37B;CHMP3;VPS28;VPS4A;VPS25;CHMP6;SNF8;NEDD4;UBAP1L
ERICH1,GO_Biological_Process_2023,prerank,mRNA Transport (GO:0051028),-0.30451721456759584,-0.7717885880790032,0.9045045045045045,1.0,1.0,26/57,26.68%,NOL3;HHEX;NUP214;DDX25;NCBP1;MAGOH;SARNP;SMG6;NUP133;ZFP36;XPO1;DDX39A;NCBP2;SRSF3;SLBP;MCM3AP;FMR1;SMG1;THOC2;CHTOP;UPF2;NUP107;RAE1;DDX19B;RBM15B;YTHDC1
ERICH1,GO_Biological_Process_2023,prerank,Positive Regulation Of Cysteine-Type Endopeptidase Activity (GO:2001056),0.2921096768053394,0.7713599116209298,0.951063829787234,1.0,1.0,19/64,18.79%,TTBK1;NKX3-1;TNFSF10;REST;NOD1;USP50;DAPK1;MALT1;FYN;DDX3X;GPER1;APAF1;MAP3K5;CARD8;PDCD5;TBC1D10A;PPM1F;UACA;LGMN
ERICH1,GO_Biological_Process_2023,prerank,Peptide Antigen Assembly With MHC Protein Complex (GO:0002501),0.3851513524165534,0.7710710833130591,0.8212765957446808,1.0,1.0,5/16,16.76%,TAPBPL;HLA-DPA1;HLA-DMB;TAPBP;CALR
ERICH1,GO_Biological_Process_2023,prerank,Vesicle-Mediated Transport (GO:0016192),-0.2410791563617552,-0.7706916410029182,1.0,1.0,1.0,124/406,22.47%,ANXA8;DOC2B;RAB27A;STXBP1;SYTL3;KIF1B;ALS2CL;RAB7B;MIA2;RAB27B;RHOQ;CHMP4A;SYTL4;NSF;EXOC3L1;NAPA;VAMP1;LRRK2;ADRB2;KXD1;APP;PRSS12;EXOC6B;PLEKHF1;TOM1;RUBCN;AP4E1;EQTN;SORT1;RAB43;SYTL2;SPIRE2;AP5S1;SGSM3;CADPS2;CDC42;LRP2;VIPAS39;HEATR5A;MYO5B;RAB5C;EXOC7;MYCBPAP;CHMP4C;WASH6P;ARL1;DOC2A;RASEF;CLINT1;PIK3R4;EXOC6;DNM1;DENND1B;EXOC8;CHMP5;AP1M2;SYT11;SCRN1;KIF5A;EPG5;TRIM23;RAB22A;RAB10;COMMD1;RAB39B;NECAP1;BLOC1S1;TBC1D2B;EPN1;ALS2;STX8;SYP;EPN3;GOLGA5;VTA1;CSNK1D;CHMP3;SYTL1;VPS16;RAB17;CALY;UVRAG;WASHC1;ARL11;CLEC16A;SPTBN4;DNM3;CHMP1A;WIPF3;DENND1A;STX4;RALBP1;MICALL1;TVP23C;SPAG9;WASHC4;VAMP2;CEP83;ARF3;ZFYVE16;AP4M1;REPS2;GDI1;STX7;HIP1R;STX1A;TMCC1;ARL6;AP1M1;VPS18;VPS4A;AP2B1;MTM1;ANXA2;MITD1;FHIP1B;RINL;AP5B1;HMGXB4;CHMP6;CHM;RAB35;TINAGL1;SCFD2
ERICH1,GO_Biological_Process_2023,prerank,Branched-Chain Amino Acid Metabolic Process (GO:0009081),0.3920266562471613,0.7706873311231982,0.7834394904458599,1.0,1.0,5/15,14.85%,DLD;BCAT2;BCKDHA;DBT;BCAT1
ERICH1,GO_Biological_Process_2023,prerank,Neuromuscular Synaptic Transmission (GO:0007274),-0.38277333728207685,-0.7704467208053393,0.77734375,1.0,1.0,3/18,11.42%,CHRNB2;KIF1B;STAC3
ERICH1,GO_Biological_Process_2023,prerank,Regulation Of Long-Term Synaptic Potentiation (GO:1900271),-0.33057857159372034,-0.7704050792172574,0.8672897196261682,1.0,1.0,10/31,19.15%,NOL3;EPHA4;AKAP5;CYP46A1;AGER;APP;FXR1;PTN;YTHDF1;CALB2
ERICH1,GO_Biological_Process_2023,prerank,NADH Dehydrogenase Complex Assembly (GO:0010257),0.3006235731994153,0.7703083097003132,0.921161825726141,1.0,1.0,22/53,21.32%,TAFAZZIN;BCS1L;NDUFC2;NDUFAB1;NDUFA3;TMEM126B;LYRM2;NDUFB5;ECSIT;DMAC2;NDUFA1;NDUFA6;COA1;NDUFB1;NDUFB2;TIMM21;NDUFA2;NDUFC1;FOXRED1;NDUFA11;NDUFB4;NDUFS1
ERICH1,GO_Biological_Process_2023,prerank,Mitochondrial Respiratory Chain Complex I Assembly (GO:0032981),0.3006235731994153,0.7703083097003132,0.921161825726141,1.0,1.0,22/53,21.32%,TAFAZZIN;BCS1L;NDUFC2;NDUFAB1;NDUFA3;TMEM126B;LYRM2;NDUFB5;ECSIT;DMAC2;NDUFA1;NDUFA6;COA1;NDUFB1;NDUFB2;TIMM21;NDUFA2;NDUFC1;FOXRED1;NDUFA11;NDUFB4;NDUFS1
ERICH1,GO_Biological_Process_2023,prerank,"Phagocytosis, Engulfment (GO:0006911)",-0.34053378508681986,-0.7702818431148593,0.8641509433962264,1.0,1.0,6/30,17.86%,TIMD4;ITGB2;CDC42;XKR9;ARHGAP12;XKR8
ERICH1,GO_Biological_Process_2023,prerank,Positive Regulation Of JNK Cascade (GO:0046330),0.2864727126695443,0.770221101826202,0.9433962264150944,1.0,1.0,19/77,19.06%,SERPINF2;TNFRSF19;EDAR;MAP3K10;SDCBP;RIPK1;TAOK1;RASGRP1;TAOK2;FGF19;TIRAP;HIPK2;UNC5CL;MAP3K5;MINK1;MFHAS1;TNIK;TPD52L1;MTURN
ERICH1,GO_Biological_Process_2023,prerank,Positive Regulation Of TOR Signaling (GO:0032008),0.3069156201756551,0.7700941125234163,0.920704845814978,1.0,1.0,19/46,20.90%,WDR24;HTR6;RPTOR;GPR137C;PIP4P1;MLST8;LAMTOR2;GPR137;LAMTOR1;FNIP1;RNF167;GAS6;MIOS;RRAGD;SEH1L;SIK3;RICTOR;PIK3CA;RRAGB
ERICH1,GO_Biological_Process_2023,prerank,Response To Estrogen (GO:0043627),-0.33173826722137,-0.7699658204006757,0.8801498127340824,1.0,1.0,6/34,9.04%,GHRHR;ESR1;GATA3;ARID5A;RBBP5;CITED1
ERICH1,GO_Biological_Process_2023,prerank,Intraciliary Anterograde Transport (GO:0035720),0.39451361060884077,0.7699564718422528,0.7855626326963907,1.0,1.0,8/15,21.88%,IFT80;IFT46;IFT74;IFT172;IFT20;IFT27;TRAF3IP1;IFT81
ERICH1,GO_Biological_Process_2023,prerank,Positive Regulation Of Vascular Endothelial Growth Factor Production (GO:0010575),0.3555683888889146,0.7696277467595088,0.8067940552016986,1.0,1.0,8/24,20.63%,IL6;CXCL17;C3;SULF1;HPSE;TGFB1;EIF2AK3;BRCA1
ERICH1,GO_Biological_Process_2023,prerank,Positive Regulation Of Sprouting Angiogenesis (GO:1903672),0.3785936718205385,0.7695032623711582,0.7940552016985138,1.0,1.0,4/15,18.46%,TNN;ITGA5;TJP1;PDPK1
ERICH1,GO_Biological_Process_2023,prerank,Cellular Response To Estradiol Stimulus (GO:0071392),0.3590938646976549,0.7694812610771624,0.835820895522388,1.0,1.0,10/20,23.17%,ZNF703;NRIP1;KAT5;GPER1;RUVBL2;LCOR;NCOA3;EGFR;SSTR1;POU4F1
ERICH1,GO_Biological_Process_2023,prerank,Regulation Of Small GTPase Mediated Signal Transduction (GO:0051056),0.26992306667093896,0.7694739319840675,0.977319587628866,1.0,1.0,33/118,19.56%,ARHGAP15;SYDE1;ARHGEF10;ARHGEF17;RHOU;ARHGEF12;PLEKHG4B;MYO9B;ARHGAP6;FGD4;ARHGAP29;ARHGAP25;TIAM2;DOCK8;RELN;ARHGAP39;MCF2L;RASGRF1;DOCK3;ARHGAP1;RABL3;CHN2;ARHGEF40;RHOD;CYRIB;MCF2;ARHGEF28;RHOF;PREX2;ARHGAP21;RASGRF2;ARHGEF3;VAV2
ERICH1,GO_Biological_Process_2023,prerank,Negative Regulation Of Response To Biotic Stimulus (GO:0002832),-0.3170320936947207,-0.76928136295627,0.9089184060721063,1.0,1.0,17/45,21.98%,IFI16;MYO1C;MUL1;DHX58;YWHAZ;RNF26;TRIM21;ATG5;CEP63;ILRUN;TRAFD1;TYRO3;IRAK3;SIGIRR;C1QBP;CGAS;PPM1B
ERICH1,GO_Biological_Process_2023,prerank,Extracellular Structure Organization (GO:0043062),-0.27751667838040783,-0.7691889476471083,0.9675090252707581,1.0,1.0,28/107,21.31%,MMP20;NPNT;ADAMTS14;COL7A1;CCDC80;ADAMTS3;TEX14;COL17A1;APP;COL15A1;SPOCK2;ADAMTS16;MANSC4;ADAMTS5;ST7;HPSE2;VIT;COL4A2;COL5A1;COL8A1;ADAMTS19;ADAMTSL4;SPINT1;COL8A2;THSD4;MATN3;MMP24;MATN1
ERICH1,GO_Biological_Process_2023,prerank,Axon Development (GO:0061564),-0.27975361860795056,-0.7690982696990314,0.9754716981132076,1.0,1.0,33/99,21.53%,PAX2;ATOH1;AMIGO1;MTR;APP;BHLHA15;CAMSAP2;CDK5;PARD6B;BRSK1;RAB8A;CNTN4;S100A6;MARK2;NEFH;RAB10;MGARP;MAP1A;SHTN1;BRSK2;VASH2;RTN4;L1CAM;SPTBN4;CRTAC1;NTNG2;MAPT;CDK5R1;PAK3;DHFR;NREP;MAP1S;RTN4RL2
ERICH1,GO_Biological_Process_2023,prerank,Regulation Of Substrate Adhesion-Dependent Cell Spreading (GO:1900024),-0.3052682690933563,-0.7690961071629057,0.9129593810444874,1.0,1.0,14/51,21.47%,MELTF;P4HB;PTK2;FBLN1;CIB1;CSPG5;CDC42;EFNA5;RCC2;FERMT2;KANK1;CRKL;AP1AR;C1QBP
ERICH1,GO_Biological_Process_2023,prerank,Regulation Of Protein Secretion (GO:0050708),-0.27686615243529494,-0.7689853739098242,0.9713740458015268,1.0,1.0,29/102,19.98%,CD33;P3H1;DRD4;SYTL4;APBB3;BMP6;ALOX5;ANG;CYP51A1;SLC12A2;DRD3;GIP;STXBP5;EXOC7;SIRT6;GOLPH3;HADHA;ACHE;ERP29;GCK;MYO18A;FRMD4A;PICK1;ENSA;ARFIP1;NOS2;TGFB2;MYOM1;STXBP5L
ERICH1,GO_Biological_Process_2023,prerank,Spliceosomal Complex Assembly (GO:0000245),-0.2947577915141905,-0.7688827210540851,0.94921875,1.0,1.0,22/62,21.14%,NOL3;CELF6;SF3A2;DDX1;LUC7L2;DDX46;SNRPF;RBM5;SRPK2;NCBP1;CRNKL1;SRSF10;PHF5A;DDX23;CELF5;PRPF6;SNRPB;SNRPB2;SF3B2;SETX;SNRPG;SNRPD2
ERICH1,GO_Biological_Process_2023,prerank,Endosomal Transport (GO:0016197),-0.2571774996035655,-0.7681987839068273,0.9961612284069098,1.0,1.0,56/178,21.54%,ANXA8;TBC1D10C;RAB9B;ALS2CL;ACAP2;TRIM27;BET1L;MAGEL2;TOM1;SORT1;RAB43;AP5S1;HEATR5A;MYO5B;PLEKHJ1;RIC1;WASH6P;ARL1;SNX4;LAPTM4B;DENND1B;VPS26B;SLC66A2;RNF126;PHETA1;RAB10;BLOC1S1;ALS2;RAB6A;YKT6;GCC2;CHMP3;VPS16;RAB17;CALY;WASHC1;CLEC16A;CHMP1A;MICALL2;WIPF3;CCDC93;DENND1A;VPS52;VPS29;MICALL1;ANKRD27;SPAG9;WASHC4;SNX6;ZFYVE16;REPS2;TMCC1;ENTR1;VPS4A;SNX3;AP5B1
ERICH1,GO_Biological_Process_2023,prerank,Respiratory Tube Development (GO:0030323),0.34475385475202314,0.7681218600195074,0.8347457627118644,1.0,1.0,5/27,11.13%,TCF21;FGFR2;ITGA3;PROX1;BMP4
ERICH1,GO_Biological_Process_2023,prerank,Regulation Of Neurogenesis (GO:0050767),0.29232333789091886,0.7680427064866365,0.9331896551724138,1.0,1.0,14/67,14.79%,BHLHE40;IL6;HEY1;REST;HES2;HES3;HLTF;GPRASP3;FAIM;HES6;PRUNE1;DYNLT1;YAP1;GPER1
ERICH1,GO_Biological_Process_2023,prerank,Positive Regulation Of NIK/NF-kappaB Signaling (GO:1901224),-0.30531122935085697,-0.7679333059976631,0.8903591682419659,1.0,1.0,16/53,22.74%,TRADD;LRRC19;IL23A;RTKN2;MYO1C;AGER;APP;TRIM56;RHOA;NLRP12;SPHK1;IFI35;NFAT5;EP300;NR3C2;PHB2
ERICH1,GO_Biological_Process_2023,prerank,Regulation Of Organelle Assembly (GO:1902115),-0.28772812854337093,-0.7677887937068635,0.947565543071161,1.0,1.0,31/78,25.48%,EFNB1;TBC1D10C;DYNC2LI1;STIL;NF2;FUZ;INTU;SGSM3;RAB1B;ATG5;UBQLN2;HCK;NPM1;TBC1D2B;CDKL1;TBC1D16;TBC1D14;DYNLT2B;ODAD3;TBC1D22A;WDPCP;ATG3;RNF4;MTMR3;SENP6;ARHGEF9;TBC1D19;RAB5A;TRAPPC12;CYLD;PIKFYVE
ERICH1,GO_Biological_Process_2023,prerank,Regulation Of T Cell Activation (GO:0050863),-0.2995344901247745,-0.7676312510469941,0.9144981412639405,1.0,1.0,18/60,24.12%,TIGIT;PAG1;GNAO1;MYDGF;HLA-DOB;TNFRSF1B;JAK3;SIRPA;TNFSF11;PRKCQ;HLA-DMA;ORC3;CCL2;LCK;THY1;GPNMB;KAT2A;HLA-DRB1
ERICH1,GO_Biological_Process_2023,prerank,tRNA Modification (GO:0006400),-0.2934278507330563,-0.7676241890885056,0.9376218323586745,1.0,1.0,25/67,23.60%,LCMT2;ALKBH8;DUS2;TARBP1;THUMPD3;ALKBH1;MTO1;THUMPD2;PUS3;THUMPD1;OSGEPL1;TYW5;THG1L;GON7;CDKAL1;TRMT44;DUS4L;BCDIN3D;METTL8;TRIT1;TRMT12;DUS3L;SSB;TRMT13;DTWD1
ERICH1,GO_Biological_Process_2023,prerank,"Retrograde Vesicle-Mediated Transport, Golgi To Endoplasmic Reticulum (GO:0006890)",-0.314877316079317,-0.7673051334363428,0.8853383458646616,1.0,1.0,20/48,26.16%,HTT;ERGIC2;SCFD1;BNIP1;RAB43;RINT1;GOLPH3;USE1;PICK1;RAB6A;RER1;COPA;UVRAG;ARF3;KDELR3;ARF5;RAB6B;KIF1C;TMED10;COPG2
ERICH1,GO_Biological_Process_2023,prerank,Sulfur Amino Acid Metabolic Process (GO:0000096),-0.3848618668701015,-0.766963751211045,0.8030592734225621,1.0,1.0,11/17,25.53%,MTR;MTHFD1;CDO1;MSRA;MTHFR;NOX4;MTRR;CTH;GCLC;CBS;MMUT
ERICH1,GO_Biological_Process_2023,prerank,Sphingolipid Biosynthetic Process (GO:0030148),-0.2871456007545838,-0.766889952132757,0.9592592592592593,1.0,1.0,12/76,13.04%,ELOVL3;VAPA;ALDH3B1;GBA1;SMPD1;ELOVL2;OSBP;ACER3;CERS3;ELOVL5;PLPP2;SMPD4
ERICH1,GO_Biological_Process_2023,prerank,Amino Acid Transport (GO:0006865),-0.3139361082449052,-0.7665854357121257,0.8812260536398467,1.0,1.0,19/46,22.00%,SLC6A12;SLC36A2;SLC7A7;SLC7A6;SLC7A11;SLC7A3;SLC38A10;SLC6A15;SLC7A2;SLC1A5;SLC38A6;SLC38A9;SLC25A44;SLC7A1;SLC3A2;SLC38A1;SLC7A8;SLC1A4;SLC38A4
ERICH1,GO_Biological_Process_2023,prerank,Negative Regulation Of Axonogenesis (GO:0050771),-0.36928032652695125,-0.7664834362996317,0.8088235294117647,1.0,1.0,10/22,23.08%,KIAA0319;RUFY3;PTEN;RTN4;ULK2;ULK1;GDI1;RNF6;THY1;EFNB3
ERICH1,GO_Biological_Process_2023,prerank,Positive Regulation Of Nitric Oxide Biosynthetic Process (GO:0045429),0.342039286335177,0.7663035037096442,0.832258064516129,1.0,1.0,4/27,14.54%,KLF2;SMAD3;DDAH2;CD36
ERICH1,GO_Biological_Process_2023,prerank,Regulation Of Transforming Growth Factor Beta Receptor Signaling Pathway (GO:0017015),-0.274395778686363,-0.7662673142763954,0.9788053949903661,1.0,1.0,24/111,17.65%,BMP2;CDKN2B;ING2;ZEB2;CD109;FAM89B;LRG1;CITED1;DAB2;ZNF451;DKK3;MTMR4;PIN1;VEPH1;SNW1;SIRT1;LEMD3;TET1;PPM1A;PBLD;ING1;SMAD6;CITED2;TRIM33
ERICH1,GO_Biological_Process_2023,prerank,Regulation Of Vasoconstriction (GO:0019229),-0.3538680233637852,-0.766166472446732,0.812992125984252,1.0,1.0,6/26,13.48%,BDKRB2;ADRA1D;SMTNL1;ATP2B1;BMPR2;AGT
ERICH1,GO_Biological_Process_2023,prerank,GPI Anchor Biosynthetic Process (GO:0006506),-0.33909078914203095,-0.7660419137627589,0.8509803921568627,1.0,1.0,11/29,20.00%,PGAP1;PIGO;PIGZ;DPM3;PGF;DPM1;PIGS;PIGW;PIGN;PIGA;PGAP4
ERICH1,GO_Biological_Process_2023,prerank,RNA Stabilization (GO:0043489),-0.3257628528566296,-0.7659925365507972,0.8846918489065606,1.0,1.0,11/36,15.98%,TENT5D;NOCT;PARN;THRAP3;RBM24;ZCCHC17;EIF4ENIF1;PAIP1;NRDE2;CIRBP;IREB2
ERICH1,GO_Biological_Process_2023,prerank,Oligodendrocyte Development (GO:0014003),-0.3873939189435197,-0.7658720549878474,0.8125,1.0,1.0,4/16,10.98%,TPPP;SOX10;EIF2B3;NSUN5
ERICH1,GO_Biological_Process_2023,prerank,Mitotic G2/M Transition Checkpoint (GO:0044818),-0.3092951203581001,-0.7658433955451464,0.9007782101167315,1.0,1.0,12/46,14.61%,TAOK3;HUS1;RAD50;NABP2;CHEK1;TRIM39;CLSPN;BRSK1;RINT1;ATM;RBBP8;BARD1
ERICH1,GO_Biological_Process_2023,prerank,Interstrand Cross-Link Repair (GO:0036297),-0.32171025669467535,-0.7656168748430939,0.8861003861003861,1.0,1.0,15/36,21.68%,EXO5;FANCB;FANCA;RNF168;DCLRE1C;HROB;RAD51;FSCN1;RFWD3;CENPS;NUCKS1;ERCC4;FANCI;RAD51AP1;FAAP24
ERICH1,GO_Biological_Process_2023,prerank,"DNA Damage Response, Signal Transduction By P53 Class Mediator Resulting In Cell Cycle Arrest (GO:0006977)",-0.38121920764237965,-0.7656131734860204,0.8065134099616859,1.0,1.0,8/17,25.37%,CHEK2;CRADD;PIDD1;CASP2;PLK3;PML;CDKN1B;CDKN1A
ERICH1,GO_Biological_Process_2023,prerank,Wnt Signaling Pathway (GO:0016055),-0.2881249494775661,-0.7655722986302018,0.9520153550863724,1.0,1.0,24/75,22.27%,WNT4;WNT3;WNT9B;WLS;LRRK2;WNT3A;PTEN;FZD3;FRAT1;LEF1;CPE;LRP5;DVL3;FERMT2;FZD8;SIAH2;CSNK1A1;NR4A2;CD24;TMEM67;WNT2B;NID1;DVL2;PORCN
ERICH1,GO_Biological_Process_2023,prerank,Amide Transport (GO:0042886),-0.33911989439411344,-0.7654892407611047,0.8702594810379242,1.0,1.0,9/32,18.12%,VAPA;SLC14A2;OSBP;SLC17A6;CPTP;SLC25A32;CERT1;PLTP;AQP11
ERICH1,GO_Biological_Process_2023,prerank,Regulation Of Triglyceride Biosynthetic Process (GO:0010866),0.37898756461201705,0.7653729810568346,0.8189473684210526,1.0,1.0,5/16,16.54%,PLIN5;SLC27A1;FITM2;KAT5;NR1H3
ERICH1,GO_Biological_Process_2023,prerank,Positive Regulation Of Amide Metabolic Process (GO:0034250),-0.2836009280509241,-0.7651213221723883,0.940952380952381,1.0,1.0,34/85,25.07%,NR1H4;GSAP;EPHA4;GSK3A;LARP4;NSUN5;PCIF1;FXR1;PRKCD;CIRBP;ROCK2;SOX4;NPM1;MTOR;POLDIP3;CASP3;YTHDF1;PLD1;UPF3B;METTL5;GUF1;METTL14;NIBAN1;LARP6;PLA2G6;SSB;FMR1;EIF3D;PLXNB2;PASK;NAT10;VIM;PRMT1;HNRNPD
ERICH1,GO_Biological_Process_2023,prerank,Positive Regulation Of Epithelial Cell Migration (GO:0010634),-0.274895274175673,-0.7649512389625209,0.9712643678160919,1.0,1.0,26/95,20.10%,ANGPT4;GLIPR2;GATA3;INSL3;FLT4;PTK2;MAP4K4;RRAS;TDGF1;SRC;PDCD6;BMPR2;EGF;RIN2;AGT;ZC3H12A;ROCK2;PTK2B;MTOR;ENPP2;RTN4;CLASP1;ZNF580;TGFB2;IQSEC1;FGF1
ERICH1,GO_Biological_Process_2023,prerank,Response To cAMP (GO:0051591),-0.322549362942014,-0.7644785930067032,0.8628571428571429,1.0,1.0,14/37,24.88%,CITED1;RAP1B;PDE2A;HCN2;VGF;CFTR;NDUFS4;SLC26A6;INPP5K;RAPGEF1;HCN4;AKAP9;HCN3;RAPGEF2
ERICH1,GO_Biological_Process_2023,prerank,Protein Stabilization (GO:0050821),-0.253005684661852,-0.764189170861941,1.0,1.0,1.0,80/201,25.99%,SPAG1;CCT5;EPHA4;P3H1;VHL;SWSAP1;CHEK2;PIH1D1;ATP1B3;MSX1;HSPA1B;STK3;USP2;USP7;TRIM39;MUL1;PTEN;CHP1;RASSF2;TELO2;CDK7;PIN1;SEL1L;CEP63;PRKCD;PER3;WIZ;FLOT2;GTPBP4;SOX4;DVL3;PEX6;USP27X;PFN2;PIK3R1;RTN4;OTUD3;UXT;DNAAF2;BAG3;USP33;PARVA;CCT6A;GNAQ;HSP90AA1;CREB1;POLR2E;TTI1;BAG5;EP300;MFSD1;HIP1R;UBE2B;NAA16;RUVBL1;MTMR9;PHB2;HYPK;TAF1;HCFC1;PFDN5;PRKN;STK4;CCT2;ATF7IP;MCM8;PTGES3;PDRG1;FLOT1;NOP53;USP9X;MAPK8IP3;CAMLG;URI1;NAA15;HSPD1;LAMP2;FBXW7;SUMO1;CCT3
ERICH1,GO_Biological_Process_2023,prerank,Regulation Of NIK/NF-kappaB Signaling (GO:1901222),-0.28103469968094696,-0.7641444797638345,0.9673704414587332,1.0,1.0,16/83,14.85%,TRIM15;TRADD;LRRC19;IL23A;LIME1;NLRP2;RTKN2;MYO1C;AGER;APP;RASSF2;TRIM56;RHOA;ZC3H12A;PPM1A;NLRP12
ERICH1,GO_Biological_Process_2023,prerank,Lipid Transport (GO:0006869),0.27193894856602735,0.7639475839906764,0.978494623655914,1.0,1.0,21/106,15.49%,ABCA13;PMP2;PLPPR4;CHKA;FABP12;SLCO1C1;ABCA9;SLCO2B1;ABCC11;ABCA12;SLC27A1;ABCA3;PRELID3A;ACSL1;CRABP1;PRELID3B;MFSD2B;ARID4A;SCP2;CD36;PRELID1
ERICH1,GO_Biological_Process_2023,prerank,Mesenchymal Cell Migration (GO:0090497),0.3264344086490808,0.7639326009858066,0.875,1.0,1.0,12/32,17.79%,CORO1C;GDNF;SEMA3F;SEMA4D;NELL1;SEMA5B;SEMA6A;SEMA3G;SEMA3E;SEMA3B;SEMA3C;PHACTR4
ERICH1,GO_Biological_Process_2023,prerank,Regulation Of Peptidyl-Tyrosine Phosphorylation (GO:0050730),0.27700580052842194,0.7638431140627062,0.9686800894854586,1.0,1.0,21/90,15.92%,GATA1;IL6;AMH;IL6R;PDGFB;IGF1;PRNP;SEMA4D;NELL1;PLCG2;ITGA5;RELN;FYN;IL15;GHR;HGF;PAK2;CNOT7;BANK1;EPHA7;PDCL3
ERICH1,GO_Biological_Process_2023,prerank,Positive Regulation Of Cold-Induced Thermogenesis (GO:0120162),-0.2807449323094795,-0.7635007559128785,0.9695817490494296,1.0,1.0,22/98,17.19%,FGF21;ELOVL3;JAK2;CNOT3;KDM1A;ADRB2;FH;IRF4;ADIPOR2;PTH2R;CEBPB;FABP5;IGF1R;PPARGC1B;OMA1;SIRT6;G0S2;HADHA;ACHE;MFAP2;ZBTB7B;SYK
ERICH1,GO_Biological_Process_2023,prerank,Fatty Acid Catabolic Process (GO:0009062),0.2927666432023996,0.7634744803526308,0.9225941422594143,1.0,1.0,20/61,20.04%,ADTRP;HSD17B4;ACADS;NUDT19;ABHD1;ECI2;DECR1;ACADL;MCAT;PLA2G15;PHYH;ACOX1;SCP2;ILVBL;HACL1;AUH;HADHB;ACAA1;PPARD;ACADM
ERICH1,GO_Biological_Process_2023,prerank,"Protein Alpha-1,2-Demannosylation (GO:0036508)",-0.37347341050638916,-0.7633787288547039,0.7870722433460076,1.0,1.0,9/16,24.40%,MARCHF6;MAN1C1;EDEM1;RNF5;RNF139;MAN1A1;UGGT2;EDEM3;TRIM13
ERICH1,GO_Biological_Process_2023,prerank,Protein Localization To Organelle (GO:0033365),-0.26532515625070113,-0.7632798631853859,0.9980916030534351,1.0,1.0,43/136,22.44%,RIPOR1;VAPA;TULP3;TIA1;OBSL1;MSX1;TTC21A;HHEX;LRRK2;SIX1;TRAM1;FAM149B1;DDX1;SARM1;MTCH2;ARL1;RAB8A;ARL3;TTC21B;RAB33B;CNEP1R1;RAP1GDS1;DCP1A;RPA2;SGCG;ATP6V1D;GABARAPL2;RAB6A;BBS4;GCC2;CSNK1D;LMNA;PPP1R15A;TULP2;MICALL1;OPTN;ARL6;RPA1;NUAK2;SSB;RAB35;MARCHF5;BANP
ERICH1,GO_Biological_Process_2023,prerank,Late Endosome To Vacuole Transport (GO:0045324),-0.36954464671271736,-0.763213132871217,0.8026070763500931,1.0,1.0,9/19,22.13%,CHMP4A;CHMP4C;PIK3R4;CHMP5;VTA1;CHMP3;CHMP1A;VPS4A;CHMP6
ERICH1,GO_Biological_Process_2023,prerank,Negative Regulation Of MAP Kinase Activity (GO:0043407),-0.3007442703743624,-0.7632031023249215,0.90715667311412,1.0,1.0,17/51,22.92%,BMP2;GBA1;SMPD1;DUSP19;DUSP10;SPRY3;DAB2IP;PRKCD;AGT;DUSP1;INPP5K;SH2B3;IRAK3;UCHL1;ANKS1B;ZNF675;STK38
ERICH1,GO_Biological_Process_2023,prerank,Cytoskeleton-Dependent Intracellular Transport (GO:0030705),0.36191793882538714,0.76298067485036,0.8417721518987342,1.0,1.0,8/21,18.11%,TUBA1A;DYNC1I1;MAP6;MAP6D1;CCDC88A;F8A1;DYNC1I2;TUBA1C
ERICH1,GO_Biological_Process_2023,prerank,Regulation Of JNK Cascade (GO:0046328),0.27134595270736833,0.7629535274339635,0.9855670103092784,1.0,1.0,28/110,19.06%,SERPINF2;DUSP3;TNFRSF19;EDAR;PER1;MAP3K10;SDCBP;RIPK1;ITCH;AMBP;TAOK1;RASGRP1;TAOK2;FGF19;COPS5;DACT1;TIRAP;HIPK2;UNC5CL;MDFIC;MAP3K5;GPS2;MINK1;MFHAS1;TNIK;RAP2A;TPD52L1;MTURN
ERICH1,GO_Biological_Process_2023,prerank,Calcium Ion Transmembrane Transport (GO:0070588),-0.281327378097658,-0.7629519706913852,0.9626334519572953,1.0,1.0,17/80,14.10%,TRPV6;TRPM6;TRPM2;SLC24A5;GRIN1;ATP2B1;TRPV3;CACNB3;SLC24A3;TRPV4;SLC24A4;TRPC6;CACNA1G;ORAI1;ITGAV;GRIN2B;TRPC1
ERICH1,GO_Biological_Process_2023,prerank,Activation Of Cysteine-Type Endopeptidase Activity Involved In Apoptotic Process (GO:0006919),-0.29339010310872693,-0.7629071146461588,0.9473684210526315,1.0,1.0,24/67,22.11%,KHDC1L;JAK2;CYCS;PDCD2;MUL1;CRADD;SNCA;FAM162A;IFT57;NLRP12;NLRC4;CASP10;PIDD1;CASP2;CASP9;BOK;MTCH1;MAPT;HIP1R;RACK1;HSPE1;BEX3;CASP8AP2;LCK
ERICH1,GO_Biological_Process_2023,prerank,Regulation Of Macromolecule Biosynthetic Process (GO:0010556),-0.30049403306976014,-0.7628280904848556,0.9330855018587361,1.0,1.0,21/53,25.11%,ELP6;ELP4;METTL18;PKP3;DDX25;TNFRSF1B;MAPKAPK5;MSI1;PCIF1;EIF2S1;MED1;ULK1;MTPN;MSI2;DUS3L;ATG101;MITF;PUM3;ING4;RB1CC1;RBM4B
ERICH1,GO_Biological_Process_2023,prerank,Ribosome Assembly (GO:0042255),0.30721985357235465,0.7628112381145117,0.914,1.0,1.0,18/48,22.78%,VCX;MRPL20;NOA1;MRPS11;DHX29;SBDS;DDX3X;RPL10;DHX37;RPS15;MTERF3;RPL11;TRAF7;NLE1;RPS27L;RPS5;RRS1;EIF6
ERICH1,GO_Biological_Process_2023,prerank,Cellular Component Disassembly (GO:0022411),-0.30836383392579164,-0.762586668581699,0.9112426035502958,1.0,1.0,10/46,16.63%,TMPRSS6;CTSK;LCP1;KLK7;KLK4;ADAMTS5;CTSS;DYRK3;EXOC8;ADAM15
ERICH1,GO_Biological_Process_2023,prerank,Negative Regulation Of Vascular Associated Smooth Muscle Cell Proliferation (GO:1904706),0.37555311063823177,0.7619394460786901,0.8123711340206186,1.0,1.0,5/17,17.24%,EFEMP2;BMP4;PRKG1;GPER1;PPARG
ERICH1,GO_Biological_Process_2023,prerank,Regulation Of Cellular Component Biogenesis (GO:0044087),-0.3254361049625242,-0.7619315624395123,0.869120654396728,1.0,1.0,16/37,21.17%,TIE1;NOTCH1;ANKRA2;NF2;RAP1B;METTL18;DAB2IP;FAM110C;ROCK2;HSPA8;NRG1;HSP90AA1;RAPGEF1;BAG5;ROCK1;SNCAIP
ERICH1,GO_Biological_Process_2023,prerank,Regulation Of Lamellipodium Assembly (GO:0010591),-0.3245022622799487,-0.7617822969480711,0.8802946593001841,1.0,1.0,11/33,22.35%,AKIRIN1;CARMIL2;CDC42;ACTR2;FSCN1;PIK3R1;WAS;NRG1;OCLN;SLIT2;PLCE1
ERICH1,GO_Biological_Process_2023,prerank,Myofibril Assembly (GO:0030239),-0.31399687656138714,-0.7617182684041063,0.8994307400379506,1.0,1.0,11/46,19.94%,LMOD3;MYOZ2;TMOD2;OBSL1;CSRP2;FLII;TMOD1;MYLK3;ACTN2;TMOD3;TNNT1
ERICH1,GO_Biological_Process_2023,prerank,Phospholipid Catabolic Process (GO:0009395),-0.33963929019697076,-0.7613517355124412,0.8611111111111112,1.0,1.0,12/28,24.36%,PLA2G4D;SMPD1;ENPP6;SMPD4;ENPP2;PLD2;PLD1;GDPD1;PLPP6;GPCPD1;SMPD2;LIPG
ERICH1,GO_Biological_Process_2023,prerank,Cell Chemotaxis (GO:0060326),0.30386164038731645,0.7612380905345312,0.9111111111111111,1.0,1.0,10/48,14.71%,AZU1;AGTR1;PDGFB;CCR6;EPHA2;NELL1;BCAR1;PDGFRA;HGF;PIP5K1A
ERICH1,GO_Biological_Process_2023,prerank,Negative Regulation Of Catabolic Process (GO:0009895),0.2850662292994902,0.7607489126572149,0.9692622950819673,1.0,1.0,25/72,22.84%,FBP1;CBFA2T3;RILP;NELL1;MAD2L2;SNX12;ADGRB1;HIPK2;BSCL2;SF3B3;SIRT2;PDCL3;MDM4;CDK5RAP3;SGTA;ALK;PHB1;ATRAID;CSNK2A1;RPL11;FLNA;EGFR;PHF20L1;RPL17;RGP1
ERICH1,GO_Biological_Process_2023,prerank,Negative Regulation Of Intracellular Signal Transduction (GO:1902532),-0.25101861346176896,-0.7607089525887666,1.0,1.0,1.0,88/229,25.26%,LILRB4;SLA2;TRIM15;NR1H4;DUSP2;MINAR1;NOL3;ESR1;GSK3A;HLA-G;NLRP2;FAM89B;RTKN2;MYO1C;CIB1;TRIM39;MUL1;PTEN;DRD3;DUSP5;NLRX1;PDE2A;SLC24A4;SPRY3;SRC;DDIT3;VEPH1;PDCD6;MAPKAPK5;VGLL4;DAB2IP;IGF1R;SIRT1;LRP1;TMEM127;ZC3H12A;TRIM59;ARHGAP12;PPM1A;NLRP12;WWC2;PBLD;DUSP1;AJUBA;DUSP8;DAG1;LIMD1;OTUD3;DUSP6;EPM2A;IFI35;INPP5K;PPP2CA;SH2B3;TBC1D7;ARRB2;PHLDA3;BCL2L1;DEPDC5;NDUFA13;PRDM15;SLIT2;BCL2L2;MAPK14;RACK1;UBE2B;CARD19;NUAK2;PPM1B;USP20;PEBP1;NPRL3;PIK3IP1;CCDC22;PDE11A;AIM2;LYN;NDUFS3;PSMD10;FLCN;ZMYND11;RHOH;BMAL1;RORA;RNF34;CYLD;NOP53;TLE1
ERICH1,GO_Biological_Process_2023,prerank,Negative Regulation Of Organelle Assembly (GO:1902116),0.32227652725202505,0.7606513101531274,0.8807531380753139,1.0,1.0,17/36,22.25%,TBC1D30;CCP110;CDK10;ODF2L;YAP1;TRIM37;LIMK2;GDI2;USP10;MDM1;STYXL1;TCHP;KIF24;SEC22B;SMAD4;CAV3;RBM14
ERICH1,GO_Biological_Process_2023,prerank,Membrane Organization (GO:0061024),0.2608733127616659,0.760627233612377,0.9912472647702407,1.0,1.0,58/164,22.36%,RTP4;ATP10B;VPS37D;TLCD2;SERP1;KIF20A;CORO1C;VPS33B;SH3GLB2;HGS;AP2M1;OPA1;BIN1;PRKCI;PIK3C2A;TMEM43;EXOC3;NUP93;OCRL;AAK1;CHRNB1;DNM1L;TOR1AIP2;TMEM170A;TLCD1;FNBP1L;STAM;MVB12A;CCDC88A;LEMD2;REEP1;DNM2;CHMP1B;DMPK;VPS4B;SAR1A;ATP2C1;PDCD6IP;CHMP2B;PICALM;TOR1AIP1;TOR1B;AP3D1;LMNB2;BLTP1;MFN2;UBXN2A;VAPB;SPAST;CTDNEP1;CHMP7;S100A10;CEP55;CAV3;VAMP3;EGFR;PLAAT3;ANK2
ERICH1,GO_Biological_Process_2023,prerank,"mRNA Splicing, Via Spliceosome (GO:0000398)",-0.2529418888197957,-0.7606091584785122,1.0,1.0,1.0,70/208,22.55%,DDX20;SNU13;TRA2B;CWC22;SF3A2;RBM17;USP49;HNRNPR;WDR83;DDX1;PIN1;EFTUD2;HNRNPA1;DDX46;PRPF31;SART1;RBM22;SNRPF;RBM5;SNRPA;SRPK2;PRPF4B;SNW1;NCBP1;NOVA2;RBM42;PRPF40A;MAGOH;NOVA1;WBP4;ISY1;CRNKL1;RBM4;SRSF10;LSM7;FRA10AC1;DHX15;HSPA8;PHF5A;LSM8;DDX23;BUD31;RNPS1;SNRNP70;HNRNPC;PRMT5;RBM19;PRPF6;CLNS1A;DDX39A;NCBP2;SNRPB;SNRPB2;DHX8;SF3B2;BUD13;PRPF3;METTL14;HNRNPF;SRSF3;RBM10;SNRPG;SNRPD2;IK;GEMIN4;U2AF1;SART3;HNRNPA3;SRSF7;SNRNP200
ERICH1,GO_Biological_Process_2023,prerank,Actin Filament Bundle Assembly (GO:0051017),-0.327999868963491,-0.7601207582544853,0.8818011257035647,1.0,1.0,10/33,21.65%,FSCN3;CORO1B;LCP1;HSP90B1;MYO1B;FSCN1;USH1C;CALD1;PLS1;BAIAP2L2
ERICH1,GO_Biological_Process_2023,prerank,Regulation Of Vascular Associated Smooth Muscle Cell Proliferation (GO:1904705),0.3215359333294646,0.7598453296676735,0.891566265060241,1.0,1.0,13/37,18.95%,EFEMP2;PDGFB;IGF1;LDLRAP1;IGFBP5;JUN;BMP4;PRKG1;MMP9;GPER1;PPARG;MMP2;ERN1
ERICH1,GO_Biological_Process_2023,prerank,Mitophagy (GO:0000423),0.38405664697633657,0.7595657469196248,0.817047817047817,1.0,1.0,6/16,21.65%,TAFAZZIN;ATG4B;MAP1LC3B;LRBA;SPATA33;ATG14
ERICH1,GO_Biological_Process_2023,prerank,Peptidyl-Tyrosine Phosphorylation (GO:0018108),-0.29187639292887846,-0.7595160353081698,0.931899641577061,1.0,1.0,17/67,15.52%,JAK2;EPHA4;FGFR3;FLT3;NTRK1;FLT4;PTK2;FES;BTK;CLK4;SRC;IGF1R;JAK1;JAK3;HCK;INSR;PTK2B
ERICH1,GO_Biological_Process_2023,prerank,Regulation Of Catecholamine Secretion (GO:0050433),-0.3469701096817655,-0.7594320754731025,0.8641509433962264,1.0,1.0,8/27,15.52%,CHRNB2;KCNB1;FGF20;DRD3;SYT6;SNCA;SYT11;CHRNA4
ERICH1,GO_Biological_Process_2023,prerank,Mitotic Chromosome Condensation (GO:0007076),0.3905632646758216,0.75899353601674,0.825,1.0,1.0,7/15,21.04%,SMC2;SMC4;TENT4A;PLK1;TTN;NUSAP1;NCAPG
ERICH1,GO_Biological_Process_2023,prerank,Intracellular Protein Transport (GO:0006886),-0.2445801993838459,-0.7589102050860068,1.0,1.0,1.0,109/322,23.05%,STXBP1;POM121L2;VPS37C;HEATR3;DNAJC19;STAM2;VPS36;SCFD1;NSF;TMED1;NAPA;EGR2;CCHCR1;RANBP6;STK3;WLS;KPNB1;NUP214;RANBP3L;HIKESHI;CHP1;RTN2;AP4E1;KPNA4;RAB43;FAM53C;ACD;RAB1B;IPO8;SEC13;RAB28;EIF4ENIF1;RANBP3;VIPAS39;RABL2B;KPNA7;PDCD6;RAB5C;RAB31;RIC1;ARL1;RAB32;XPO7;SNX8;VPS26B;AP1M2;NUP133;KIF13B;APPL1;TRIM23;RAB22A;SURF4;RPGR;VPS37B;NUP42;NPM1;ERP29;PREB;LMAN1;PICK1;STX8;ATP6AP1;NUP62;SYK;RAB6A;STRADA;BAG3;XPO1;ARFIP1;SNX31;RAB17;COPA;CD74;C2CD5;ARL11;NUP155;UNC93B1;GGA2;STX4;VPS29;VPS28;TIMM50;RABL2A;ARF3;SNX6;AP4M1;FAM91A1;STX7;HOMER3;ANKLE1;STX1A;ROMO1;ARL6;RAB23;VPS25;RAB3GAP2;RAN;PKD1;IPO13;CACNG4;RAB35;XPO6;SCFD2;TMED5;TIMM17A;PHB2;VPS26A;AKT2;TIMM44
ERICH1,GO_Biological_Process_2023,prerank,Central Nervous System Neuron Development (GO:0021954),0.3729637759202501,0.7589001786831231,0.83125,1.0,1.0,6/17,14.44%,LHX8;NPY;TAOK1;B4GALT6;GBA2;MAP2
ERICH1,GO_Biological_Process_2023,prerank,Positive Regulation Of Protein Polymerization (GO:0032273),-0.28754750328621703,-0.7588391875429978,0.9574468085106383,1.0,1.0,24/69,22.64%,ALOX15;TPPP;TPPP3;AMBRA1;FES;CDC42EP3;CRACD;DRG1;CDK5RAP2;ARL2;HCK;NCK1;PTK2B;PFN2;CLASP1;CDC42EP2;OCLN;HSP90AA1;MAPT;CDK5R1;MET;BAIAP2L2;EVL;VASP
ERICH1,GO_Biological_Process_2023,prerank,Negative Regulation Of Growth (GO:0045926),0.26540734550602346,0.7587458776462547,1.0,1.0,1.0,37/123,21.49%,FBP1;CYP27B1;FHL1;ALOX15B;SERTAD3;HYAL1;SIPA1;BCL6;NPR1;DNAJB2;TSPYL2;MT1F;SPHK2;MT1M;PSRC1;SMARCA4;SMAD3;DDX3X;FRZB;CGRRF1;HYAL2;CAPRIN2;ST7L;JADE1;ST20;MT1X;TGFB1;TCHP;PHB1;SH3BP4;MT1G;TP53;BRCA1;BST2;SMAD4;MT1H;SFRP2
ERICH1,GO_Biological_Process_2023,prerank,Response To Glucose (GO:0009749),0.30559822486390675,0.7587304187093631,0.9227642276422764,1.0,1.0,14/46,18.95%,PCK1;GYS2;EIF2B4;PCK2;ZNF236;ZBED3;PRKACA;PRKAA2;KHK;GPER1;GAS6;TCF7L2;THBS1;ERN1
ERICH1,GO_Biological_Process_2023,prerank,Sprouting Angiogenesis (GO:0002040),0.29894662966208835,0.7582761605476348,0.9293361884368309,1.0,1.0,14/52,16.92%,GREM1;ADTRP;MIA3;NELL1;VEGFC;ROBO1;BMP4;RNF213;RAMP2;PIK3R3;SEMA3E;ADGRA2;KDR;TGFB1
ERICH1,GO_Biological_Process_2023,prerank,Release Of Sequestered Calcium Ion Into Cytosol (GO:0051209),-0.31598291855093424,-0.7580850190804818,0.9032882011605415,1.0,1.0,11/39,23.59%,GP1BB;XCL1;RYR1;HTR2B;PLCB2;PLCB4;IBTK;RYR2;LCK;PLCE1;PLCB1
ERICH1,GO_Biological_Process_2023,prerank,Nuclear Chromosome Segregation (GO:0098813),-0.3785420537580383,-0.7580104628199501,0.8098859315589354,1.0,1.0,1/16,0.33%,KIF2B
ERICH1,GO_Biological_Process_2023,prerank,Negative Regulation Of Amyloid-Beta Formation (GO:1902430),0.37402464358041965,0.757755345821553,0.8209606986899564,1.0,1.0,5/16,13.10%,IGF1;PRNP;CHRNA7;BIN1;RTN3
ERICH1,GO_Biological_Process_2023,prerank,Regulation Of Single Stranded Viral RNA Replication Via Double Stranded DNA Intermediate (GO:0045091),-0.368664213028532,-0.7577419354864822,0.8289205702647657,1.0,1.0,7/17,24.72%,APOBEC3B;MORC2;TASOR;INPP5K;RESF1;SETDB1;TOP2B
ERICH1,GO_Biological_Process_2023,prerank,Oxidative Phosphorylation (GO:0006119),-0.2931722456371745,-0.7577351138917153,0.9407407407407408,1.0,1.0,26/60,24.27%,UQCRB;NDUFA5;NDUFA8;ATP5F1E;NDUFB6;NDUFS2;NIPSNAP2;NDUFB7;NDUFS4;NDUFV1;ATP5MF;SDHB;SDHC;UQCRC2;NDUFA13;NDUFB8;NDUFS7;NDUFB3;NDUFV3;SDHA;UQCRH;NDUFA12;NDUFS8;CHCHD10;NDUFB9;NDUFS3
ERICH1,GO_Biological_Process_2023,prerank,Prostaglandin Metabolic Process (GO:0006693),0.3301355605104912,0.7576330555542222,0.8640167364016736,1.0,1.0,3/30,3.90%,AKR1C2;AMH;PNPLA8
ERICH1,GO_Biological_Process_2023,prerank,Positive Regulation Of Cysteine-Type Endopeptidase Activity Involved In Apoptotic Process (GO:0043280),0.26722307894533737,0.7575249113456415,0.9915611814345991,1.0,1.0,31/109,18.68%,NKX3-1;TNFSF10;TNFSF15;REST;NOD1;DAPK1;KHDC1;LGALS9;MALT1;FAS;GSN;HIP1;BCL2L10;ROBO1;SMAD3;DDX3X;PRR7;NGFR;NLRP1;GPER1;APAF1;MAP3K5;ST20;BCL2L13;CARD8;PDCD5;EGLN3;PPARG;EIF2AK3;PPM1F;UACA
ERICH1,GO_Biological_Process_2023,prerank,Transition Metal Ion Transport (GO:0000041),0.3258395151166942,0.7574876214738323,0.8789144050104384,1.0,1.0,11/32,19.55%,SLC39A5;SLC11A1;SLC39A13;HEPHL1;TTYH1;ATP7B;SLC31A1;ATP2C1;FTH1;TFR2;CUTC
ERICH1,GO_Biological_Process_2023,prerank,Calcium Ion Transmembrane Import Into Cytosol (GO:0097553),-0.2799207514720474,-0.7574873110927473,0.979047619047619,1.0,1.0,30/83,25.51%,TRPV6;GP1BB;XCL1;GRIN1;TRPV3;RYR1;CACNB3;TRPV4;SLC24A4;HTR2B;CACNA1G;PLCB2;SCN8A;JPH4;GRIN2B;SCN11A;PLCB4;IBTK;SCN7A;RYR2;LCK;SLC24A1;PLCE1;SCN5A;PLCB1;JPH1;GRIN2A;PLCH1;CACNA1B;SLC8A1
ERICH1,GO_Biological_Process_2023,prerank,Negative Regulation Of Receptor Signaling Pathway Via JAK-STAT (GO:0046426),-0.3825551083320945,-0.7574336000369166,0.8181818181818182,1.0,1.0,7/16,19.56%,VHL;NF2;PARP14;PTPN2;PPP2CA;SH2B3;PIBF1
ERICH1,GO_Biological_Process_2023,prerank,Regulation Of JUN Kinase Activity (GO:0043506),0.30831232771837325,0.7573184931979018,0.9246031746031746,1.0,1.0,11/42,18.95%,PPEF2;NPPA;MAP3K10;HIPK3;PTPN1;SASH1;MAP3K5;DUSP16;MAP3K13;MAP3K4;ERN1
ERICH1,GO_Biological_Process_2023,prerank,Very Long-Chain Fatty Acid Metabolic Process (GO:0000038),0.3215939265397547,0.7572687510307181,0.8523908523908524,1.0,1.0,8/32,13.64%,ACOT1;ACOT2;HACD4;ELOVL4;ACSL1;ACOX2;HACD3;ACOX1
ERICH1,GO_Biological_Process_2023,prerank,Negative Regulation Of Canonical Wnt Signaling Pathway (GO:0090090),0.2664616844256009,0.7568540876885327,0.9874213836477987,1.0,1.0,38/112,21.49%,GREM1;NKD2;TNN;APC2;TMEM88;SFRP5;CTNND1;GSK3B;MAD2L2;BICC1;LZTS2;SFRP4;FRZB;DACT1;LATS1;UBAC2;DRAXIN;IGFBP4;IGFBP6;PTPRU;TLE4;JADE1;LMBR1L;RUVBL2;TPBG;GLI1;RBX1;TLE2;GLI3;HDAC1;TCF7L2;FZD6;MLLT3;ANKRD6;CAV1;LATS2;PRICKLE1;SFRP2
ERICH1,GO_Biological_Process_2023,prerank,Microtubule Cytoskeleton Organization Involved In Mitosis (GO:1902850),0.2955256854967703,0.7562795579045565,0.9395973154362416,1.0,1.0,18/59,18.45%,TUBG2;SETD2;NEK6;INCENP;SBDS;DLGAP5;MAP4;MECP2;BIRC5;KIF4A;TNKS;CENPE;CDK1;SUN2;PLK1;AURKB;KIF11;NUSAP1
ERICH1,GO_Biological_Process_2023,prerank,Endothelial Cell Proliferation (GO:0001935),-0.3738732547900925,-0.7562553957368913,0.8137254901960784,1.0,1.0,4/18,15.73%,ANGPT4;NRARP;BMPR2;HMOX1
ERICH1,GO_Biological_Process_2023,prerank,Regulation Of Proteolysis (GO:0030162),0.29754739698376187,0.7553310272528577,0.9327354260089686,1.0,1.0,12/52,17.22%,CST4;ITCH;CAPN3;SERPINB4;FBXW11;AURKAIP1;IST1;FGFR4;CLN6;TBC1D10A;PLK1;PLAT
ERICH1,GO_Biological_Process_2023,prerank,Non-Membrane-Bounded Organelle Assembly (GO:0140694),-0.26409975652806233,-0.7552049479512366,0.9963833634719711,1.0,1.0,44/133,23.43%,LMOD3;GOLGA8T;G3BP1;GOLGA6A;TMOD2;GOLGA6B;ASB2;TIA1;MAPRE3;FLII;CENPC;HAUS4;TMOD1;CDS1;EIF4ENIF1;GOLGA2;CEP63;FXR1;EIF2S1;CIRBP;NPC1;NCOR1;TUBGCP4;LSM14A;NPM1;PATL2;YTHDF1;LIMD1;NUP62;CSNK1D;TUBGCP3;TMOD3;HAUS8;MAPT;PRRC2C;SAC3D1;LDAF1;MRPL22;GOLGA8A;DYNC1H1;FMR1;HAUS1;CDS2;MAPRE2
ERICH1,GO_Biological_Process_2023,prerank,Fatty Acid Biosynthetic Process (GO:0006633),0.288147712828841,0.7550536768343811,0.9445628997867804,1.0,1.0,13/65,12.66%,OLAH;CYP3A4;ACSM1;DECR2;ABHD1;HACD4;LTC4S;NDUFAB1;ELOVL4;FADS1;FASN;MCAT;HACD3
ERICH1,GO_Biological_Process_2023,prerank,Ubiquitin-Dependent Protein Catabolic Process (GO:0006511),-0.24148644318781878,-0.7550138905174041,1.0,1.0,1.0,143/362,25.43%,UBE2E1;SIAH3;VPS37C;PSMA4;UBL7;PSMD9;BTRC;GSK3A;HERC3;PSMA6;MARVELD3;ASB2;CHMP4A;AMBRA1;SPOP;TTC3;UBXN2B;UBE2D1;OS9;FBXO45;KCTD5;MARCHF6;SH3BGRL;PSMA5;UBE2D4;AREL1;RNF26;PEX12;RNF168;PSMD13;PSMA2;RNF14;DDIT3;KCTD17;NEDD4L;USP44;PSMD8;CRBN;RNF125;SIRT1;CHMP4C;FBXL17;PSMA1;RNF11;UHRF1;BIRC2;NSFL1C;GID8;KCTD2;CHMP5;KLHL22;FBXL19;MAEA;RNF20;WWP2;SPOPL;SKP1;RNF126;RPGR;ANAPC11;VPS37B;AGAP3;CDC23;UBXN1;MTA1;USP28;KLHL8;FBXL14;PJA2;RNF5;SIAH2;NHLRC3;XBP1;FEM1A;RAD23B;CHMP3;CSNK1A1;PPP2R5C;USP33;KLHDC3;DDB1;ARRB2;SPSB1;TRIP12;CHMP1A;PSMC1;VPS28;SPSB4;KBTBD7;UCHL1;RBCK1;PSMD7;PSMD1;PSMB5;MYLIP;CUL1;TRIM3;PSMA3;VPS4A;CCAR1;PSMC3;UBE2B;APC;RNF6;RNF144A;PSMD3;KIF14;CHMP6;PML;RNF4;KLHL25;FBXL22;SMURF2;RNF7;UBE2A;TRIM72;AMFR;DCAF11;RNF122;ZRANB1;RNF128;PSMB7;TAF1;KLHL42;RNF114;PSMB1;RNF43;PRKN;PEX10;PSMF1;ARRDC1;TRIM13;GID4;SQSTM1;BMAL1;NEDD4;UBAP1L;RNF34;HERC5;RHOBTB3;USP9X;KLHL3;FBXO21
ERICH1,GO_Biological_Process_2023,prerank,Nucleotide-Excision Repair (GO:0006289),-0.29669805898290286,-0.7550109669587874,0.9357277882797732,1.0,1.0,19/56,21.59%,HUS1;STON1;USP7;USP44;SIRT1;OGG1;POLR2I;COMMD1;FSCN1;GTF2H2C;RPA2;ERCC1;POLD1;RAD23B;DDB1;XPC;ERCC4;POLL;RPA1
ERICH1,GO_Biological_Process_2023,prerank,Cytoplasmic Translation (GO:0002181),-0.2780581463283635,-0.7550092576438857,0.974757281553398,1.0,1.0,49/92,29.78%,RPL6;EIF2B3;RPL37;RPS26;RPL7;RPS13;RPL34;RPS21;MRPS12;EIF4A2;ETF1;RPL24;RPSA;RPL30;RPL26L1;RACK1;RPL22;RPS29;RPS20;RPL21;RPS19;RPS11;RPL35A;RPL10A;RPL19;RPL37A;RPS27;RPL38;RPS3A;RPS9;RPL23A;RPL13A;RPS7;RPL5;RPS15A;RPL13;RPS28;RPL29;DRG2;RPS10;RPL12;RPS17;ZC3H15;RPS23;RPL39;RPL26;RPS3;RPL18;RPS4X
ERICH1,GO_Biological_Process_2023,prerank,Histone Lysine Methylation (GO:0034968),0.3263582941395398,0.7548043512571514,0.8948497854077253,1.0,1.0,15/32,23.11%,MLLT10;BOD1;DPY30;KMT2C;PAGR1;EHMT2;KMT2A;WDR5;DOT1L;SUV39H1;SMYD2;CXXC1;PAXIP1;MEN1;KDM6A
ERICH1,GO_Biological_Process_2023,prerank,Negative Regulation Of Cell Adhesion (GO:0007162),-0.28508102083233905,-0.7547020317092059,0.9409448818897638,1.0,1.0,16/72,15.11%,CORO2B;EPHA4;NOTCH1;PTK2;FBLN1;LPXN;NF2;ADAM22;JAG1;RHOA;JAM3;PLXND1;RASA1;PLXNB1;GTPBP4;DUSP1
ERICH1,GO_Biological_Process_2023,prerank,Regulation Of Meiotic Cell Cycle (GO:0051445),-0.36277913897493963,-0.7545838359434325,0.8192090395480226,1.0,1.0,11/20,22.28%,CNTD1;ANAPC4;ANAPC10;DUSP1;ANAPC11;CDC23;CDC26;ANAPC15;ANAPC7;CDC16;ANAPC16
ERICH1,GO_Biological_Process_2023,prerank,Regulation Of I-kappaB kinase/NF-kappaB Signaling (GO:0043122),0.24876060451015156,0.7545238242265838,1.0,1.0,1.0,69/230,20.67%,TNIP3;TNFAIP3;TNFSF10;BIRC3;TRIM68;IKBKE;IKBKB;NR1D1;NOD1;TNFRSF19;EDAR;TRIM6;PER1;RIPK1;REL;CAPN3;MIB2;LGALS9;NEK6;MALT1;PLCG2;ROR1;BRD4;PIM2;TERF2IP;ZDHHC17;GOLT1B;SPHK2;TRIM58;LITAF;TIRAP;IRAK1;TNIP1;TRIM8;SHARPIN;TSPAN6;TBK1;NDFIP1;TMED4;FKBP1A;TRIM62;TRAF3IP2;UNC5CL;MAP3K14;UBE2V1;TRIM34;CPNE1;SLC44A2;USP10;TANK;CARD8;TMEM101;GPRC5B;LGALS1;CARD11;OTUD7B;TRIM38;ATP2C1;PDPK1;PARP1;LURAP1;TRIM25;PPP5C;TRIM5;FLNA;NDFIP2;MAPKBP1;CC2D1A;BST2
ERICH1,GO_Biological_Process_2023,prerank,Regulation Of Wnt Signaling Pathway (GO:0030111),0.2684529707561743,0.7543590258193493,0.9900793650793651,1.0,1.0,30/107,16.09%,HIC1;ATP6V0C;TNFAIP3;NKD2;DCDC2;FAM53B;SFRP5;TAX1BP3;FGFR2;ITGA3;TLR2;ZNF703;NXN;WIF1;CDC73;SFRP4;LGR6;SMARCA4;FRZB;DACT1;TRABD2A;SULF1;WWOX;MDFIC;SALL1;ATP6V1C2;TMEM237;TCF7L1;CTNNBIP1;GPC3
ERICH1,GO_Biological_Process_2023,prerank,Membrane Assembly (GO:0071709),0.30723502675495246,0.7542024859671358,0.9329268292682927,1.0,1.0,18/38,21.48%,TLCD2;NLGN1;NLGN4X;IL1RAPL1;NLGN4Y;NRXN2;TLCD1;NRXN1;CHMP1B;STX2;VPS4B;CHMP2B;UBXN2A;SPAST;UGCG;CHMP7;NLGN3;S100A10
ERICH1,GO_Biological_Process_2023,prerank,Neural Tube Development (GO:0021915),-0.3770439217380846,-0.754113239882902,0.8574108818011257,1.0,1.0,7/17,22.16%,STIL;FUZ;INTU;GRHL2;ZNF358;WDPCP;PKD1
ERICH1,GO_Biological_Process_2023,prerank,Early Endosome To Late Endosome Transport (GO:0045022),-0.34773610375479597,-0.7537394803404004,0.869980879541109,1.0,1.0,12/23,26.47%,PIK3R4;STX8;ANKRD27;FHIP1B;HOOK1;SNF8;RAB5A;EMP2;PIK3C3;EEA1;BECN1;RAB7A
ERICH1,GO_Biological_Process_2023,prerank,Negative Regulation Of Ras Protein Signal Transduction (GO:0046580),0.32126100876532987,0.7536681266606439,0.9090909090909091,1.0,1.0,12/34,23.93%,FBP1;ITGA3;MAPKAP1;CCDC125;SYNGAP1;STMN3;SPRY1;MFN2;SPRY4;ARHGAP24;CUL3;SPRY2
ERICH1,GO_Biological_Process_2023,prerank,Neutral Amino Acid Transport (GO:0015804),-0.3202192293947467,-0.753612792077731,0.888235294117647,1.0,1.0,14/35,22.00%,SLC6A9;SLC36A2;SLC7A7;SLC7A6;SLC7A11;SLC6A15;SLC1A5;SLC38A6;SLC38A9;SLC3A2;SLC38A1;SLC7A8;SLC1A4;SLC38A4
ERICH1,GO_Biological_Process_2023,prerank,Osteoclast Differentiation (GO:0030316),-0.3452031873853179,-0.7533938421916725,0.8333333333333334,1.0,1.0,6/25,17.17%,BMP2;SBNO2;TNFRSF11A;SRC;TNFSF11;ATP6AP1
ERICH1,GO_Biological_Process_2023,prerank,Lymphocyte Activation Involved In Immune Response (GO:0002285),-0.38857817543903306,-0.7533742612316242,0.8226120857699805,1.0,1.0,2/15,18.67%,LCP1;CD74
ERICH1,GO_Biological_Process_2023,prerank,Response To Nutrient Levels (GO:0031667),0.31211786565399585,0.7531542387759445,0.9150743099787686,1.0,1.0,9/35,20.15%,RPTOR;PRKAB1;MAPKAP1;FAM107A;MLST8;PRKAA2;RICTOR;PPARD;MEAK7
ERICH1,GO_Biological_Process_2023,prerank,Cellular Response To Growth Factor Stimulus (GO:0071363),-0.2600323481104937,-0.7530903020778752,0.9942857142857143,1.0,1.0,48/155,22.33%,BMP2;WNT4;NOS1;CORO1B;XCL1;NOTCH1;NTRK1;FLT4;BMP6;PTPN12;HAS1;MEF2C;CIB1;EMD;PDE2A;RUNX2;TDGF1;LRP2;GAREM1;BMPR2;DAB2IP;TGFBR2;PDE8A;APPL1;SLC4A7;ZFP36;KLF4;KNSTRN;SPHK1;ACVR1B;CD44;MED1;CPNE3;INPP5K;DUSP22;MAPT;SMAD9;ACVR1C;RAPGEF1;SETX;BMPR1A;FLT1;CRKL;MAPK14;RACK1;CCL2;SOX5;RAB35
ERICH1,GO_Biological_Process_2023,prerank,Protein N-linked Glycosylation Via Asparagine (GO:0018279),-0.3452062850745278,-0.7530061880345412,0.8608349900596421,1.0,1.0,8/23,21.23%,MGAT2;DPM1;UBE2J1;TUSC3;FUT8;DDOST;DERL3;UGGT2
ERICH1,GO_Biological_Process_2023,prerank,Positive Regulation Of Cell Adhesion (GO:0045785),-0.27879713010164986,-0.7528955114350432,0.9752380952380952,1.0,1.0,23/87,19.95%,JAK2;ALOX15;EPHA4;P4HB;NPNT;CCDC80;ADGRG1;CIB1;TFE3;LAMA1;TMEM102;ATM;RELL2;ITGAV;VIT;ARL2;ZFHX3;TGM2;SYK;CITED2;CXCL12;TGFB2;STX4
ERICH1,GO_Biological_Process_2023,prerank,Digestive Tract Development (GO:0048565),0.3106667703532762,0.7528727049488069,0.9057815845824411,1.0,1.0,11/39,19.46%,PYY;COBL;NPY;FGFR2;MIXL1;SALL1;GLI1;STRA6;GLI3;CCDC40;PKDCC
ERICH1,GO_Biological_Process_2023,prerank,Microtubule Polymerization (GO:0046785),0.3191937342092477,0.7526976857871364,0.8823529411764706,1.0,1.0,15/34,20.49%,TUBG2;TPPP2;TUBGCP2;NEDD1;MAP4;NDEL1;HDGFL3;CCDC57;HAUS2;SLAIN2;TUBGCP5;SSNA1;TPX2;MAP7D3;NDE1
ERICH1,GO_Biological_Process_2023,prerank,Endoplasmic Reticulum To Cytosol Transport (GO:1903513),-0.383674150050814,-0.7526864989385295,0.8333333333333334,1.0,1.0,5/15,13.27%,OS9;SEL1L;DERL2;SELENOS;HSP90B1
ERICH1,GO_Biological_Process_2023,prerank,Glycoprotein Biosynthetic Process (GO:0009101),0.27605465647808536,0.7526020508313934,0.98,1.0,1.0,28/78,22.33%,ALG1L2;SERP1;IGF1;COG7;TMEM59;ST8SIA5;ST3GAL3;CHST9;ST8SIA6;B3GALT2;GMPPB;B3GALT6;ST8SIA3;ALG3;TNIP1;FUT4;CHST11;CHST12;ARFGEF1;FUT9;BMPR1B;DAD1;FUT10;PMM2;B4GALT7;ST8SIA2;ST3GAL6;MGAT4A
ERICH1,GO_Biological_Process_2023,prerank,Transcription Elongation By RNA Polymerase II (GO:0006368),-0.34008873173974646,-0.7524585186837295,0.8705440900562852,1.0,1.0,11/28,22.02%,EAF2;CDK9;ELP4;SUPT16H;POLR2I;LEO1;GTF2F2;PBRM1;GTF2F1;SKIC8;SART3
ERICH1,GO_Biological_Process_2023,prerank,Transcription Initiation At RNA Polymerase II Promoter (GO:0006367),-0.2843365213410849,-0.7519284403517523,0.9712643678160919,1.0,1.0,20/69,21.06%,ESR1;CDK9;GTF2A2;TAF10;PAAF1;CDK7;MAZ;POLR2D;MED11;MED31;MED21;TAF13;POLR2I;TAF7;E2F2;MED1;MED18;GTF2F2;MED10;GTF2F1
ERICH1,GO_Biological_Process_2023,prerank,Negative Regulation Of Cold-Induced Thermogenesis (GO:0120163),-0.30774188289117776,-0.7517510841789999,0.9152542372881356,1.0,1.0,17/45,24.81%,LAMA4;NOTCH1;TFE3;ALDH1A1;ADAMTS5;DDIT3;NOVA2;NOVA1;TLE3;ACTN3;RBPJ;PGAM5;RB1;IP6K1;ATF4;FLCN;BMAL1
ERICH1,GO_Biological_Process_2023,prerank,Positive Regulation Of Calcium Ion Transport (GO:0051928),-0.3291421659458255,-0.7511026556396679,0.8814531548757171,1.0,1.0,7/28,13.15%,STRIT1;CRACR2A;CAMK2A;ATP2B1;TRPC6;ORAI1;CACNB2
ERICH1,GO_Biological_Process_2023,prerank,Regulation Of Mitochondrial Translation (GO:0070129),-0.3541703388953581,-0.7508974712784942,0.8689788053949904,1.0,1.0,12/22,27.22%,FASTKD3;MALSU1;TSFM;NSUN3;NGRN;MTG2;METTL8;C1QBP;LRPPRC;TRMT10C;SHMT2;MPV17L2
ERICH1,GO_Biological_Process_2023,prerank,Regulation Of Signal Transduction (GO:0009966),-0.2544036890312325,-0.7508840220512255,1.0,1.0,1.0,67/192,24.05%,DTX1;IGFBP7;ALOX15;RASGRP4;GATA3;TIMP1;RGS12;TMEM204;VHL;TULP3;SIK2;RGS8;RGS3;LRRK2;RGS11;LURAP1L;PLSCR1;APP;VWA2;MGLL;RIC8B;GRK7;FUZ;INTU;RGS16;SLC24A4;TDGF1;CD46;SRC;VEPH1;KIF26A;SNW1;SIRT1;FBXL17;NLRP12;NCK1;CCNK;NUP62;MAPK8IP2;UBTF;USP33;MTCH1;PTPN2;PPP2CA;INPP5D;CD55;FRRS1L;NUCKS1;IGFBPL1;CD24;GSKIP;SYNJ2BP;AKR1C3;SNX3;HOMER1;KCTD16;PLCE1;GALNT11;USP20;AMFR;MFNG;NCAM1;PLCB1;ZIC1;GIT1;GNG7;IGFBP3
ERICH1,GO_Biological_Process_2023,prerank,Cellular Response To Light Stimulus (GO:0071482),-0.2897944043204923,-0.7508310142813949,0.9554730983302412,1.0,1.0,26/63,25.85%,SMPD1;KDM1A;BAK1;PRKCD;EIF2S1;MYC;N4BP1;NPM1;USP28;CASP9;POLD1;OPN1SW;DDB1;ERCC4;COPS9;EP300;YY1;DHX36;OPN3;TAF1;RHBDD1;TMEM161A;ATF4;NEDD4;NSMCE3;PCNA
ERICH1,GO_Biological_Process_2023,prerank,Negative Regulation Of Ubiquitin-Dependent Protein Catabolic Process (GO:2000059),-0.3115361009547552,-0.7508078892368132,0.9099264705882353,1.0,1.0,11/39,15.99%,PANO1;QRICH2;USP7;CSNK2A2;TRIM39;CCAR2;TLK2;WAC;N4BP1;MAP1A;UBXN1
ERICH1,GO_Biological_Process_2023,prerank,Diol Biosynthetic Process (GO:0034312),-0.37330389175259604,-0.750793695173043,0.8270676691729323,1.0,1.0,5/17,23.31%,GBA1;ACER3;SPHK1;DHFR;ACER2
ERICH1,GO_Biological_Process_2023,prerank,Regulation Of Anatomical Structure Morphogenesis (GO:0022603),-0.26327272274270236,-0.7504336688682995,0.9981447124304267,1.0,1.0,39/127,21.84%,CXCL13;CHRNB2;NOL3;EPHA4;LARP4;FLT4;SRCIN1;RUFY3;LRRK2;MEF2C;CDK5;HTATIP2;BRSK1;SARM1;MTCH2;INF2;NEDD4L;HECW1;SIPA1L1;EFNA5;PLXND1;MARK2;KIF13B;PHLDB2;HMOX1;DAG1;FERMT2;BRSK2;VASH2;CLASP1;EGLN1;SH3D19;MAPT;STAT2;CDK5R1;PAK3;PDLIM5;KRIT1;STRIP1
ERICH1,GO_Biological_Process_2023,prerank,Positive Regulation Of Phosphatidylinositol 3-Kinase Signaling (GO:0014068),-0.28586425075930516,-0.750301833081753,0.9561752988047809,1.0,1.0,18/69,17.50%,JAK2;FLT3;NTRK1;NTRK2;PTK2;KIT;ROR2;MYDGF;MAZ;SRC;IGF1R;EGF;SIRT1;PLXNB1;INSR;HAX1;PIK3AP1;HCLS1
ERICH1,GO_Biological_Process_2023,prerank,Positive Regulation Of Canonical Wnt Signaling Pathway (GO:0090263),-0.2756456351820704,-0.7501476536196358,0.9807321772639692,1.0,1.0,27/84,22.43%,DAAM2;TNKS2;ZEB2;DKK2;HHEX;WLS;LRRK2;WNT3A;CCAR2;FRAT1;PIN1;NRARP;EGF;GID8;PPM1A;SOX4;WNK1;TMEM198;CSNK1D;MRPS12;KANK1;GSKIP;PRDM15;UBE2B;PPM1B;RUVBL1;SMURF2
ERICH1,GO_Biological_Process_2023,prerank,TOR Signaling (GO:0031929),0.3289597153264153,0.7494330380618932,0.9023354564755839,1.0,1.0,13/29,20.81%,RPTOR;SYAP1;MAPKAP1;MLST8;LAMTOR2;LAMTOR1;FNIP1;CCDC88A;CARD11;RPS6;RICTOR;MEAK7;LARP1
ERICH1,GO_Biological_Process_2023,prerank,Lipopolysaccharide-Mediated Signaling Pathway (GO:0031663),0.3581148598224198,0.7493694051450289,0.8329938900203666,1.0,1.0,5/20,16.92%,CCL5;PLCG2;IRAK1;PRKCE;TGFB1
ERICH1,GO_Biological_Process_2023,prerank,Maintenance Of Blood-Brain Barrier (GO:0035633),-0.33323327507388195,-0.7493295091873113,0.8801571709233792,1.0,1.0,11/29,22.37%,CLDN5;F11R;SLC12A2;CLDN12;JAM2;JAM3;TJP2;VCL;OCLN;GJA1;LAMC1
ERICH1,GO_Biological_Process_2023,prerank,Glutamate Metabolic Process (GO:0006536),0.3561463606033248,0.7492038407913787,0.834070796460177,1.0,1.0,6/20,15.85%,GLUD2;ALDH5A1;PRODH;GLUL;MTHFS;GLS2
ERICH1,GO_Biological_Process_2023,prerank,Negative Regulation Of Cell-Cell Adhesion (GO:0022408),-0.3172509153267287,-0.7491006179881414,0.8870967741935484,1.0,1.0,12/40,16.38%,BMP2;NOTCH1;BMP6;PTK2;EPCAM;NF2;NOTCH4;FXYD5;JAG1;GTPBP4;WNK1;KLF4
ERICH1,GO_Biological_Process_2023,prerank,Regulation Of RNA Splicing (GO:0043484),-0.27178427831926666,-0.7490820433855586,0.9809885931558935,1.0,1.0,38/101,23.69%,ESRP2;TRA2B;TIA1;CWC22;BRDT;KAT2B;TAF10;SUPT7L;CLK4;HNRNPA1;RBM22;AHNAK2;SRPK2;RBM23;CCNL2;RPS26;SRSF10;RPS13;PIK3R1;CLK3;HABP4;SNRNP70;RBM20;HNRNPH2;TADA2B;SETX;HNRNPF;SRSF3;SRRM4;ATXN7L3;RBM12B;MBNL1;ZNF326;JMJD6;TADA3;HNRNPH3;SLC38A2;KAT2A
ERICH1,GO_Biological_Process_2023,prerank,Vasodilation (GO:0042311),-0.3781700096917161,-0.7489974727587383,0.8162878787878788,1.0,1.0,5/15,17.41%,BDKRB2;NOS1;ADRB2;SOD1;SOD2
ERICH1,GO_Biological_Process_2023,prerank,Positive Regulation Of JUN Kinase Activity (GO:0043507),-0.3263589186646281,-0.7488195926817274,0.8972332015810277,1.0,1.0,10/29,23.39%,TAOK3;DUSP19;TNFRSF11A;MAP3K11;DAB2IP;DVL3;MAP2K7;MAP3K12;DVL2;MAP3K7
ERICH1,GO_Biological_Process_2023,prerank,Stem Cell Differentiation (GO:0048863),-0.3112975998381147,-0.7480325427421054,0.9123505976095617,1.0,1.0,12/40,20.37%,PAX2;MEF2C;KIT;EPCAM;FOXO4;HTR2B;FBXL17;MTF2;TGFB2;OXSR1;METTL5;OTUD5
ERICH1,GO_Biological_Process_2023,prerank,Negative Regulation Of Kinase Activity (GO:0033673),-0.29159813104987364,-0.7478765776023997,0.9559386973180076,1.0,1.0,22/62,22.51%,TARBP2;TRIM27;SFN;TRIB3;PRKRIP1;PPM1E;DUSP19;CHP1;SNCA;TAF7;WWTR1;INPP5K;GNAQ;MAPT;GSKIP;IRS2;RTRAF;CEP43;RB1;QARS1;CDKN1C;THY1
ERICH1,GO_Biological_Process_2023,prerank,Proteolysis Involved In Protein Catabolic Process (GO:0051603),-0.28251224399275676,-0.747836858055486,0.9806949806949807,1.0,1.0,29/75,25.35%,CTSK;PSMA6;CHMP4A;CTSF;MARCHF6;TRIM21;PEX12;CTSS;CHMP4C;FBXL17;YME1L1;CAPN2;OMA1;CTSB;USP28;DDB1;UBB;RSPRY1;VPS4A;CLPP;HM13;ZYG11B;ZRANB1;RHBDD1;PRKN;PEX10;NGLY1;USP9X;SOCS6
ERICH1,GO_Biological_Process_2023,prerank,Motile Cilium Assembly (GO:0044458),-0.37299916070840017,-0.7477311898760598,0.8346007604562737,1.0,1.0,6/17,17.27%,DNAAF3;CFAP221;SPATA6;SPAG17;BBOF1;BBS5
ERICH1,GO_Biological_Process_2023,prerank,Regulation Of Centrosome Cycle (GO:0046605),-0.34877822743399745,-0.7476751976750313,0.8724584103512015,1.0,1.0,10/23,19.42%,CHMP4A;SIRT1;CHMP4C;CCNL2;CHMP5;NPM1;CHMP3;AURKA;CHMP1A;MARK4
ERICH1,GO_Biological_Process_2023,prerank,Histone Modification (GO:0016570),-0.27453925301055465,-0.7476276788083103,0.9800399201596807,1.0,1.0,33/80,25.69%,MORF4L2;KAT2B;CHD4;TAF10;DMAP1;MORF4L1;TBL1Y;SIRT1;ING3;MBD3;SIRT6;UBE2N;MTA1;MBD2;ACTL6A;MTA2;MRGBP;MSL3;EP300;ATXN7L3;HDAC2;UBE2B;GATAD2B;RUVBL1;TADA3;UBE2A;SIRT4;BRMS1;RBBP7;ING4;USP3;YEATS4;CHD3
ERICH1,GO_Biological_Process_2023,prerank,Positive Regulation Of Protein Kinase B Signaling (GO:0051897),0.26814869354186244,0.7476097004328753,0.9852941176470589,1.0,1.0,25/93,20.04%,AKR1C2;PARK7;MC1R;RASD2;IGF1;CALCR;HIP1;CASS4;MST1R;IAPP;CPNE1;PIK3CD;HPSE;GAS6;ITGB1;TGFB1;GDF15;MFHAS1;TCF7L2;PHB1;THBS1;RICTOR;PDGFA;PIK3CB;PIK3CA
ERICH1,GO_Biological_Process_2023,prerank,Pulmonary Valve Development (GO:0003177),0.34869197263393237,0.747544000353286,0.8607594936708861,1.0,1.0,8/20,18.16%,HEY1;NOS3;NOTCH2;ROBO1;BMP4;ROBO2;SMAD2;STRA6
ERICH1,GO_Biological_Process_2023,prerank,Regulation Of Myeloid Cell Differentiation (GO:0045637),-0.3362549330067557,-0.7475359522756468,0.8655616942909761,1.0,1.0,9/26,24.79%,FES;MEF2C;PTK2B;L3MBTL1;LEO1;ZBTB16;SKIC8;LYN;PRMT1
ERICH1,GO_Biological_Process_2023,prerank,Protein Processing (GO:0016485),-0.26687997804317337,-0.7474906317604517,0.996415770609319,1.0,1.0,30/114,20.02%,CPXM1;PHEX;KLK6;SRGN;KLK1;VSIR;SEC11C;ADAMTS3;TMPRSS4;ZMPSTE24;PRSS12;XPNPEP3;ECE2;MME;PSENEN;CTSS;YME1L1;CPE;METAP2;OMA1;PIDD1;CASP2;MYRFL;SPCS3;ECE1;PSEN1;KEL;GGT1;RCE1;ADAM10
ERICH1,GO_Biological_Process_2023,prerank,Positive Regulation Of Intrinsic Apoptotic Signaling Pathway (GO:2001244),-0.32099338806965394,-0.7474483279617691,0.882466281310212,1.0,1.0,15/38,22.39%,MSX1;SEPTIN4;EIF5A;PLEKHF1;GSDME;DDIT3;SOD1;MYC;NCK1;BCLAF1;BOK;UBB;RACK1;LCK;FBH1
ERICH1,GO_Biological_Process_2023,prerank,Regulation Of Innate Immune Response (GO:0045088),-0.2775927974124314,-0.7472239029498743,0.9886148007590133,1.0,1.0,26/78,23.73%,SH2D1B;IFI16;MYO1C;MUL1;DHX58;YWHAZ;PLSCR1;TRIM21;ATG5;TRIM56;CEP63;BIRC2;RNF135;APPL1;N4BP1;POLR3G;IFI35;TRAFD1;TYRO3;IRAK3;POLR3C;CGAS;TKFC;IRF1;SAMHD1;XIAP
ERICH1,GO_Biological_Process_2023,prerank,Negative Regulation Of Macroautophagy (GO:0016242),-0.34985456877096677,-0.7465149668231326,0.8483685220729367,1.0,1.0,7/22,21.27%,SCFD1;LRRK2;RUBCN;PHF23;MTOR;CLEC16A;MTM1
ERICH1,GO_Biological_Process_2023,prerank,Myeloid Cell Development (GO:0061515),-0.3382999126859108,-0.7464394545910246,0.8791423001949318,1.0,1.0,11/27,18.68%,THPO;GP1BB;ALAS2;APP;KIT;SRC;CEBPB;MYB;ATP6AP1;MED1;SH2B3
ERICH1,GO_Biological_Process_2023,prerank,Positive Regulation Of Cilium Assembly (GO:0045724),0.3409807736788007,0.7461723529773749,0.8816568047337278,1.0,1.0,9/22,20.34%,SEPTIN9;SAXO1;GSK3B;CCP110;CCDC88A;PPP1R35;IFT20;WRAP73;SEPTIN7
ERICH1,GO_Biological_Process_2023,prerank,"Chemical Synaptic Transmission, Postsynaptic (GO:0099565)",-0.33954506339082624,-0.7459584241710121,0.8515769944341373,1.0,1.0,10/25,18.74%,DRD4;GSK3A;GRIN1;LRRK2;MEF2C;GRIN2B;CHRNA4;GLRA1;MAPK8IP2;ARRB2
ERICH1,GO_Biological_Process_2023,prerank,Regulation Of Lipid Catabolic Process (GO:0050994),0.3352532540222887,0.7459224479286475,0.8523622047244095,1.0,1.0,6/23,20.78%,LONP2;HPGD;BSCL2;ABCD1;ALK;TYSND1
ERICH1,GO_Biological_Process_2023,prerank,Extracellular Matrix Disassembly (GO:0022617),-0.3032937346060964,-0.7457361747256265,0.9119373776908023,1.0,1.0,9/44,16.63%,TMPRSS6;CTSK;LCP1;KLK7;KLK4;ADAMTS5;CTSS;EXOC8;ADAM15
ERICH1,GO_Biological_Process_2023,prerank,Negative Regulation Of Angiogenesis (GO:0016525),0.26902136102319274,0.7456825724629225,0.9932432432432432,1.0,1.0,24/86,20.08%,PF4;KLF2;CD160;EMILIN1;HGS;NPR1;ADGRB1;MECP2;SERPINE1;SEMA6A;AMOT;SPINK5;SULF1;VASH1;SEMA3E;SARS1;ATF2;ATP2B4;PPARG;PGK1;THBS1;NIBAN2;PIK3CB;CTNNB1
ERICH1,GO_Biological_Process_2023,prerank,Action Potential (GO:0001508),0.31727841524739575,0.7456653323017589,0.885593220338983,1.0,1.0,8/34,14.79%,KCNA1;MYH7B;KCNE2;SCN4A;KCNH2;KCNE5;SCN3B;GPER1
ERICH1,GO_Biological_Process_2023,prerank,Actin Filament Polymerization (GO:0030041),0.3244599229957715,0.7455334612593449,0.8920570264765784,1.0,1.0,10/31,17.09%,CORO7;PSTPIP2;COBL;DIAPH1;ARHGAP6;GSN;FAM107A;DIAPH3;WASHC5;VIL1
ERICH1,GO_Biological_Process_2023,prerank,Synaptic Vesicle Endocytosis (GO:0048488),0.30988123846506077,0.7455002952293703,0.9008810572687225,1.0,1.0,10/40,15.96%,SNAP91;NLGN1;SH3GL3;NLGN4X;GAK;ITSN2;AP2M1;NLGN4Y;SYT1;DNM2
ERICH1,GO_Biological_Process_2023,prerank,Mitotic Cytokinesis (GO:0000281),0.29121884384464863,0.7453859782753655,0.9616204690831557,1.0,1.0,20/59,18.67%,KIF20A;RHOB;SNX33;INCENP;KLHDC8B;UNC119;BIRC5;EXOC3;KIF4A;KIF23;USP8;SEPTIN6;TRIM36;PLK1;AURKB;SNX9;CENPA;PDCD6IP;NUSAP1;SNX18
ERICH1,GO_Biological_Process_2023,prerank,Gastrulation (GO:0007369),0.3572618704346312,0.7453413588051478,0.8510204081632653,1.0,1.0,5/19,17.88%,GSC;MIXL1;SMAD2;GPC3;LMBRD1
ERICH1,GO_Biological_Process_2023,prerank,Regulation Of Proteasomal Ubiquitin-Dependent Protein Catabolic Process (GO:0032434),0.2655620900874721,0.7452048845567703,0.982532751091703,1.0,1.0,25/109,17.66%,CBFA2T3;DET1;ANKIB1;PARK7;NKD2;SDCBP;UCHL5;ARIH2;GSK3B;COP1;DNAJB2;NUB1;PABIR1;HSPBP1;TAF9;ZER1;SIRT2;RNF19A;ELOB;RYBP;RBX1;PLK1;SMAD7;DDRGK1;FHIT
ERICH1,GO_Biological_Process_2023,prerank,Regulation Of Amyloid-Beta Formation (GO:1902003),-0.3202194805204295,-0.7451362569528109,0.9128787878787878,1.0,1.0,9/33,16.99%,GSAP;EPHA4;GSK3A;NTRK2;RTN2;PIN1;ROCK2;RTN4;CASP3
ERICH1,GO_Biological_Process_2023,prerank,Ceramide Metabolic Process (GO:0006672),0.2886486329700535,0.7451208371834603,0.9469214437367304,1.0,1.0,20/54,22.07%,FUT3;CERK;ALOX12B;FA2H;ORMDL1;PLA2G15;ORMDL2;SGMS2;ORMDL3;PLPP1;SAMD8;SPTLC1;CERS6;TM9SF2;CLN6;ST6GALNAC6;SPTSSA;TLCD3B;SGPL1;PLPP3
ERICH1,GO_Biological_Process_2023,prerank,Positive Regulation Of mRNA Processing (GO:0050685),-0.34125234834445084,-0.7445435084439227,0.8646616541353384,1.0,1.0,12/24,21.61%,TRA2B;THRAP3;SNW1;NCBP1;CIRBP;NCL;LEO1;PRMT5;CLNS1A;NCBP2;RBMXL1;DHX36
ERICH1,GO_Biological_Process_2023,prerank,RNA Polymerase II Preinitiation Complex Assembly (GO:0051123),0.29593280777967546,0.7441228093028466,0.9435483870967742,1.0,1.0,16/49,19.90%,MED20;MED7;TAF5;MED9;TAF2;TAF9;MED26;TAF12;MED8;MED22;MED14;MED29;MED27;GTF2B;MED17;MED4
ERICH1,GO_Biological_Process_2023,prerank,Protein Monoubiquitination (GO:0006513),0.295463073211687,0.7433738534336384,0.9363449691991786,1.0,1.0,26/47,26.57%,FANCG;TNFSF13B;RNF40;ITCH;FAAP20;UBE2W;FANCF;TRIM37;UBE2R2;RBX1;RAD18;OBI1;FANCE;UBE2D3;TRIM25;UBE3D;FAAP100;RNF220;HUWE1;MGRN1;TOPORS;STUB1;UBE2O;FANCC;FANCL;PEX2
ERICH1,GO_Biological_Process_2023,prerank,Positive Regulation Of Glucose Transmembrane Transport (GO:0010828),0.3189499390576455,0.7433303455563699,0.9079229122055674,1.0,1.0,10/31,14.38%,IGF1;CAPN10;C3;ERFE;PRKCI;SORBS1;IRS1;FGF19;C1QTNF12;CREBL2
ERICH1,GO_Biological_Process_2023,prerank,Regulation Of Ubiquitin-Dependent Protein Catabolic Process (GO:2000058),-0.30312085035392894,-0.7428909700543973,0.9285714285714286,1.0,1.0,21/42,27.96%,PTK2;QRICH2;CSNK2A2;TRIM39;PTEN;PTK2B;COMMD1;RAD23B;XPO1;HFE;RNF139;PML;CCDC22;TAF1;UBQLN4;FBXW7;UFL1;RPS7;RPL5;DESI1;RAD23A
ERICH1,GO_Biological_Process_2023,prerank,Amino Acid Transmembrane Transport (GO:0003333),-0.30813241223087295,-0.7427655046859487,0.936247723132969,1.0,1.0,16/42,23.78%,SLC36A2;SLC7A7;SLC22A4;SLC47A1;SLC7A6;SLC7A11;SLC38A10;SLC38A6;SLC38A9;SLC7A1;SLC38A1;SLC7A8;MFSD12;SLC38A4;SLC38A2;SLC25A12
ERICH1,GO_Biological_Process_2023,prerank,DNA Integrity Checkpoint Signaling (GO:0031570),-0.30696069325858477,-0.7427217394742308,0.9383177570093458,1.0,1.0,11/42,16.04%,HUS1;CHEK2;CHEK1;CDC45;FBXO6;CLSPN;SETMAR;CEP63;TIPIN;HINFP;USP28
ERICH1,GO_Biological_Process_2023,prerank,ATP Biosynthetic Process (GO:0006754),-0.3465299714499996,-0.7425205723107153,0.865530303030303,1.0,1.0,8/24,17.47%,ATP5MJ;ATP5F1E;ATP5MC3;ALDOA;ATP5F1A;ATP5MF;ATP5MGL;NUDT2
ERICH1,GO_Biological_Process_2023,prerank,Golgi To Endosome Transport (GO:0006895),0.37441501566414975,0.742007210097733,0.8270042194092827,1.0,1.0,7/15,23.49%,CORO7;DOP1B;RAB14;GBF1;KLHL20;EPS15;SYS1
ERICH1,GO_Biological_Process_2023,prerank,Negative Regulation Of Reactive Oxygen Species Metabolic Process (GO:2000378),0.3530521886715655,0.7419329777212593,0.8645833333333334,1.0,1.0,5/20,14.91%,PARK7;PLIN5;MMP3;SIRT2;ABCD1
ERICH1,GO_Biological_Process_2023,prerank,Receptor Internalization (GO:0031623),-0.2967591693117383,-0.7418113480878566,0.9384057971014492,1.0,1.0,8/51,13.69%,LILRB4;ITGB2;DRD3;RAMP1;RAB31;SNCA;LRP1;DNM1
ERICH1,GO_Biological_Process_2023,prerank,Endoplasmic Reticulum Tubular Network Organization (GO:0071786),0.37150840146001424,0.7417002418615163,0.8403547671840355,1.0,1.0,9/16,21.52%,RAB18;ZFYVE27;RTN3;TMEM170A;ATL2;REEP1;ATL1;RTN1;LNPK
ERICH1,GO_Biological_Process_2023,prerank,Regulation Of Plasminogen Activation (GO:0010755),0.3606380290337572,0.7415937222862108,0.8547008547008547,1.0,1.0,7/16,21.48%,SERPINF2;SERPINE1;F12;PLAT;THBS1;PLAUR;S100A10
ERICH1,GO_Biological_Process_2023,prerank,Protein Maturation (GO:0051604),-0.26469922669259144,-0.7415930621449651,0.988929889298893,1.0,1.0,29/116,18.22%,LIPT2;CPXM1;PHEX;SRGN;ADAMTS3;TMPRSS4;XPNPEP3;ECE2;MME;TASP1;PSENEN;CTSS;LIPT1;CPE;CASP7;METAP2;GCSH;CASP10;DNAJB11;ZNG1E;TSPAN14;RAP1GDS1;CASP2;CASP9;CASP3;ECE1;PSEN1;CIAO2B;PRPH2
ERICH1,GO_Biological_Process_2023,prerank,Regulation Of RIG-I Signaling Pathway (GO:0039535),-0.3630013971076106,-0.7415655971469164,0.8690476190476191,1.0,1.0,5/18,13.76%,TRIM15;PUM2;DHX58;RNF125;BIRC2
ERICH1,GO_Biological_Process_2023,prerank,Regulation Of Muscle Cell Differentiation (GO:0051147),-0.33422004359566737,-0.7410674007059571,0.8823529411764706,1.0,1.0,8/24,22.37%,CDK9;ZBED6;LAMA1;SRF;RBM4;MAPK14;NID1;LAMC1
ERICH1,GO_Biological_Process_2023,prerank,Regulation Of Secretion By Cell (GO:1903530),-0.2866005920504542,-0.7410248783842394,0.9659090909090909,1.0,1.0,23/63,21.17%,P3H1;CPLX4;NSF;OTOF;SEPTIN4;CAMK2A;RAB26;MEF2C;STXBP5;RAB3D;RIC1;RAB8A;SIRT6;MYOF;RAB33B;ARFIP1;STX4;STXBP5L;CPLX2;SYN1;VAMP2;RIMS1;SNCAIP
ERICH1,GO_Biological_Process_2023,prerank,Negative Regulation Of DNA Binding (GO:0043392),0.3220564286769568,0.7409054396051544,0.9119496855345912,1.0,1.0,7/29,13.62%,GATA1;HEY1;MAD2L2;SUMO3;JUN;TNKS;TFAP4
ERICH1,GO_Biological_Process_2023,prerank,Regulation Of Autophagy Of Mitochondrion (GO:1903146),-0.36104154361410107,-0.7407398567442167,0.8747628083491461,1.0,1.0,3/19,8.56%,HTT;GSK3A;CSNK2A2
ERICH1,GO_Biological_Process_2023,prerank,Positive Regulation Of Actin Filament Polymerization (GO:0030838),0.305131228603244,0.7407278738700668,0.9166666666666666,1.0,1.0,13/40,19.22%,LMOD1;BIN1;CDC42EP1;FCHSD2;CTTN;PRKCE;ARF6;CCL26;NCKAP1;SNX9;CARMIL1;PFN1;BAIAP2
ERICH1,GO_Biological_Process_2023,prerank,Regulation Of Defense Response To Virus By Host (GO:0050691),0.30769748980467343,0.7407111568893192,0.9066937119675457,1.0,1.0,10/37,17.03%,TNFAIP3;DTX3L;TRIM6;IFNLR1;PARP9;APOBEC3F;TRIM44;TRAF3IP2;ZDHHC11;PQBP1
ERICH1,GO_Biological_Process_2023,prerank,Regulation Of Vesicle-Mediated Transport (GO:0060627),-0.27446621813985284,-0.7405252482432095,0.9867424242424242,1.0,1.0,30/88,20.82%,BET1L;SCFD1;STON1;NSF;SEPTIN4;LRRK2;RAB26;FES;USP7;PACSIN3;RUFY2;STXBP5;SRC;RINT1;RAB3D;RAB8A;RAB33B;SPHK1;RUFY1;PLD2;CHMP3;RAB17;PLD1;RNF139;STX4;STXBP5L;CPLX2;VAMP2;ZFYVE16;HIP1R
ERICH1,GO_Biological_Process_2023,prerank,Positive Regulation Of Cardiac Muscle Tissue Growth (GO:0055023),-0.3623509579896813,-0.7404598443374135,0.8410462776659959,1.0,1.0,6/16,20.12%,NOTCH1;MEF2C;TGFBR3;ZFPM2;RBPJ;BMPR1A
ERICH1,GO_Biological_Process_2023,prerank,Regulation Of Tubulin Deacetylation (GO:0090043),-0.3718174347889903,-0.740451771671224,0.8405253283302064,1.0,1.0,6/17,23.69%,TPPP;KAT2B;MAPT;EP300;TADA3;KAT2A
ERICH1,GO_Biological_Process_2023,prerank,Protein Localization To Nucleus (GO:0034504),-0.2606004180670667,-0.7403889072302041,0.9962756052141527,1.0,1.0,30/121,17.91%,POM121L2;HEATR3;NOL8;MSX1;RANBP6;STK3;RPF2;HHEX;KPNB1;NUP214;WRN;HIKESHI;SIX1;KPNA4;FAM53C;SUPT7L;IPO8;SEC13;EIF4ENIF1;KPNA7;ARL2;NUP133;APPL1;SKP1;CNEP1R1;RAP1GDS1;NUP62;SYK;BBS4;LMNA
ERICH1,GO_Biological_Process_2023,prerank,Maturation Of LSU-rRNA (GO:0000470),-0.34997098856624487,-0.7402593210728111,0.8528225806451613,1.0,1.0,8/20,20.03%,RPF2;URB1;WDR12;FTSJ3;RPL7;NIFK;RPL7L1;NOP2
ERICH1,GO_Biological_Process_2023,prerank,BMP Signaling Pathway (GO:0030509),-0.2867900582165331,-0.7399357265428387,0.9587426326129665,1.0,1.0,17/60,20.15%,BMP2;GDF7;GDF6;BMP6;SMAD5;RUNX2;BMPR2;RGMA;TGFBR3;INHBA;INHBC;SMAD6;HFE;TGFB2;SMAD9;BMPR1A;GDF5
ERICH1,GO_Biological_Process_2023,prerank,Negative Regulation Of Cell Projection Organization (GO:0031345),0.2923509435622923,0.7384519896341882,0.9341825902335457,1.0,1.0,17/50,19.17%,ADCY6;TNR;RTN4RL1;PRNP;GAK;PRAG1;RTN4R;PAQR3;DPYSL5;FYN;GORASP1;DPYSL3;ITM2C;PTPRS;SPOCK1;CBFA2T2;DENND5A
ERICH1,GO_Biological_Process_2023,prerank,Regulation Of Epidermal Cell Differentiation (GO:0045604),-0.3576073055966336,-0.7384370283398249,0.8698224852071006,1.0,1.0,6/18,17.08%,AQP3;SFN;KDF1;ROCK2;ZFP36;ERRFI1
ERICH1,GO_Biological_Process_2023,prerank,Organonitrogen Compound Biosynthetic Process (GO:1901566),0.2611072693406653,0.7382411838667138,0.9954441913439636,1.0,1.0,31/122,16.35%,LCAT;CHKA;PAH;HACD4;SLC27A1;FMO1;FMO3;FA2H;NANP;ELOVL4;BCAT2;MUC1;ORMDL1;SLC25A15;SPHK2;PCSK1;HACD3;ORMDL2;SGMS2;TNIP1;ORMDL3;PLPP1;SAMD8;BCAT1;SPTLC1;SLC44A2;PLA2G4A;ALAS1;CERS6;SGPP1;CSNK1G2
ERICH1,GO_Biological_Process_2023,prerank,Negative Regulation Of Cell Growth (GO:0030308),0.2567872262011566,0.7378367063947446,0.9976635514018691,1.0,1.0,36/125,20.77%,FBP1;CYP27B1;FHL1;SERTAD3;HYAL1;SIPA1;RTN4R;BCL6;NPR1;DNAJB2;TSPYL2;TRIM46;SPHK2;PSRC1;SMARCA4;SMAD3;DDX3X;FRZB;CGRRF1;HYAL2;CAPRIN2;ST7L;MAP2;SEMA3G;CDKL3;JADE1;ST20;TGFB1;PTPRS;TCHP;PHB1;SH3BP4;TP53;BRCA1;BST2;SMAD4
ERICH1,GO_Biological_Process_2023,prerank,Energy Reserve Metabolic Process (GO:0006112),-0.3626500028776918,-0.7376328332092612,0.8497316636851521,1.0,1.0,2/18,2.46%,ADGRF5;PPP1R3C
ERICH1,GO_Biological_Process_2023,prerank,Modulation By Host Of Symbiont Process (GO:0051851),-0.3034994022938668,-0.7371480370118308,0.9402697495183044,1.0,1.0,14/42,21.02%,LRRC19;ST6GALNAC1;CDK9;PIK3C2G;LEF1;SAP30BP;CDC42;SNW1;ZNF639;ROCK2;INPP5K;NUCKS1;EP300;PI4KA
ERICH1,GO_Biological_Process_2023,prerank,Positive Regulation Of Leukocyte Adhesion To Vascular Endothelial Cell (GO:1904996),0.3637563924771614,0.7370804324529547,0.8504273504273504,1.0,1.0,4/17,13.47%,IL6;CHST2;IRAK1;FUT4
ERICH1,GO_Biological_Process_2023,prerank,Positive Regulation Of Metabolic Process (GO:0009893),-0.2671646838954784,-0.7369951569184134,0.9887640449438202,1.0,1.0,23/107,17.19%,FGF21;ELOVL3;JAK2;CNOT3;KDM1A;ADRB2;FH;IRF4;ADIPOR2;PTH2R;CEBPB;FABP5;IGF1R;PPARGC1B;OMA1;SIRT6;G0S2;INSR;HADHA;ACHE;MFAP2;ZBTB7B;SYK
ERICH1,GO_Biological_Process_2023,prerank,Protein Catabolic Process (GO:0030163),-0.267947465418993,-0.7368979878296755,0.9925233644859813,1.0,1.0,38/102,25.87%,CTSK;CPA2;PSMA6;CHEK2;CTSF;FBXO6;MARCHF6;LRSAM1;TRIM21;CTSS;DAB2IP;YME1L1;CAPN2;CASP7;BNIP3;PRSS16;CTSB;MTOR;HSPA8;USE1;CASP3;RNF5;DDB1;HSP90AA1;RSPRY1;MANBA;CLPP;OGA;PRKN;SQSTM1;CEACAM1;STT3B;NGLY1;CLN5;SOCS6;APOE;LAMP2;HTRA2
ERICH1,GO_Biological_Process_2023,prerank,Protein Deacylation (GO:0035601),-0.3590231490866789,-0.7367620540140091,0.8641732283464567,1.0,1.0,5/20,14.64%,HDAC10;SIRT1;LYPLA1;SIRT6;ABHD17C
ERICH1,GO_Biological_Process_2023,prerank,Positive Regulation Of Chromosome Segregation (GO:0051984),0.3593245557448713,0.7367420247203907,0.8553971486761711,1.0,1.0,8/18,16.98%,SMC2;SMC6;SMC4;NCAPG2;CDK1;KAT5;SIRT2;RAD18
ERICH1,GO_Biological_Process_2023,prerank,Positive Regulation Of Nuclear Division (GO:0051785),0.3332413919161112,0.7367276242794137,0.8969957081545065,1.0,1.0,6/26,18.45%,PDGFB;IGF1;OOEP;PHIP;SIRT2;NUSAP1
ERICH1,GO_Biological_Process_2023,prerank,Membrane Protein Proteolysis (GO:0033619),-0.3092430771319373,-0.7361686505501225,0.921455938697318,1.0,1.0,12/34,24.57%,TMPRSS6;NAPSA;SPPL2B;PSENEN;DAG1;PRKCQ;PSEN1;CLPP;APH1A;HM13;RHBDD1;NCSTN
ERICH1,GO_Biological_Process_2023,prerank,Cellular Response To Organic Cyclic Compound (GO:0071407),-0.25071195937411633,-0.73601483176375,0.9963702359346642,1.0,1.0,40/150,20.13%,P2RX3;NR1H4;ABCB4;P2RY6;ESR1;CCDC62;P2RY11;HSPA1B;FES;MEF2C;TIPARP;GNAI1;RAP1B;PDE2A;SSTR2;HCN2;CFTR;HSP90B1;CASP7;CIB2;ZC3H12A;GOLPH3;ROCK2;EPG5;RAD51;MGARP;ATP1A2;HSPA8;CASP3;GABRG2;TGM2;MED1;SLC26A6;INPP5K;FAM210B;CREB1;DHX8;RAPGEF1;P2RY1;ATP1A1
ERICH1,GO_Biological_Process_2023,prerank,Response To Purine-Containing Compound (GO:0014074),0.3343722375418097,0.7356381945613814,0.8920570264765784,1.0,1.0,4/24,5.69%,DUOX1;ADORA1;TLR7;P2RX7
ERICH1,GO_Biological_Process_2023,prerank,Positive Regulation Of Epidermal Growth Factor Receptor Signaling Pathway (GO:0045742),0.31325725270191246,0.7354383022974578,0.9273858921161826,1.0,1.0,8/33,15.39%,AGR2;PTK6;DGKD;FAM83B;HIP1;MMP9;GPER1;CCDC88A
ERICH1,GO_Biological_Process_2023,prerank,Oligosaccharide Metabolic Process (GO:0009311),0.29301401818561507,0.7350005270779087,0.9438877755511023,1.0,1.0,11/48,13.96%,MAN2C1;FUT3;GBA3;MAN1B1;ST8SIA5;ST3GAL3;ST8SIA6;B3GALT2;ST8SIA3;FUT4;IDUA
ERICH1,GO_Biological_Process_2023,prerank,tRNA Wobble Uridine Modification (GO:0002098),0.37352211336717656,0.7347779867552003,0.8495762711864406,1.0,1.0,10/15,21.69%,MOCS3;CTU1;ELP5;CTU2;DPH3;ELP1;TRMT9B;URM1;ELP2;TRMU
ERICH1,GO_Biological_Process_2023,prerank,Positive Regulation Of Collagen Metabolic Process (GO:0010714),-0.3696915162316227,-0.7347487718492538,0.8224852071005917,1.0,1.0,3/16,6.68%,WNT4;VSIR;F2
ERICH1,GO_Biological_Process_2023,prerank,Retinoid Metabolic Process (GO:0001523),-0.31049835949408783,-0.7346751729985368,0.9382239382239382,1.0,1.0,13/39,17.94%,SDR16C5;RARRES2;ALDH1A2;DHRS3;BCO2;ALDH1A1;LRP2;LRP1;CYP27C1;ADH4;CYP4V2;RDH13;KDM5A
ERICH1,GO_Biological_Process_2023,prerank,Receptor Catabolic Process (GO:0032801),0.36887705778932717,0.7346337604111178,0.851931330472103,1.0,1.0,5/15,18.79%,GPRASP1;SMURF1;MVB12A;TGFB1;LGMN
ERICH1,GO_Biological_Process_2023,prerank,Integrated Stress Response Signaling (GO:0140467),-0.3275816296989672,-0.7344324908538268,0.900562851782364,1.0,1.0,11/29,16.06%,BATF3;BATF2;CEBPA;FOSL1;DDIT3;CEBPB;EIF2S1;OMA1;CEBPD;JUNB;IMPACT
ERICH1,GO_Biological_Process_2023,prerank,Regulation Of Cell Motility (GO:2000145),0.2601432711335093,0.7344023690682927,0.9935064935064936,1.0,1.0,26/123,15.33%,ADGRG3;DUOX1;TNN;TWIST1;RHOB;TNR;FUT3;NTN1;PRAG1;PLXNA4;DOCK10;CAMSAP3;TNC;PKN1;PLXNA1;FYN;OCRL;CRK;CCDC125;FGF19;PHPT1;AMOT;SPINT2;LDB1;CYRIB;MINK1
ERICH1,GO_Biological_Process_2023,prerank,Negative Regulation Of Developmental Process (GO:0051093),0.2606928585643445,0.7342703434716407,0.9957537154989384,1.0,1.0,39/108,23.06%,GREM1;NKX3-1;AMH;ZNF296;HEY1;NOS3;PHF14;SPAM1;SFRP5;BMP4;RPS6KA6;ELAPOR2;SMARCA4;SMARCD1;ADCK1;ARID4A;SF3B3;VASH1;BICRA;BRD9;GAS6;TGFB1;PPARG;PTPRS;SAP30L;HDAC1;ZNF706;PARP1;SMARCC1;SUDS3;SAP30;NFIB;SINHCAF;SIN3A;ANP32B;SOX9;HUWE1;SS18;BCL11A
ERICH1,GO_Biological_Process_2023,prerank,Cilium-Dependent Cell Motility (GO:0060285),0.3473860309853549,0.7342526366667587,0.8744769874476988,1.0,1.0,7/20,16.92%,CFAP54;TEKT2;DNAI3;RFX3;DNAH2;DNAH17;DNAH3
ERICH1,GO_Biological_Process_2023,prerank,Negative Regulation Of Hydrolase Activity (GO:0051346),-0.2986921285747581,-0.7340702138027556,0.943579766536965,1.0,1.0,14/46,16.25%,KLRK1;NOS1;CAMK2A;LRRK2;RASA4;CHP1;CPEB2;DAB2IP;FICD;ATP5IF1;ARL2;RCC2;CTSB;WNK1
ERICH1,GO_Biological_Process_2023,prerank,Endosome Organization (GO:0007032),-0.2912370550085477,-0.7340192341607272,0.9502868068833652,1.0,1.0,20/52,21.48%,ANXA8;RAB27A;PLEKHF1;RNF26;RNASEK;ARFGEF2;PLEKHJ1;DNM1;LAPTM4B;EXOC8;RAB22A;PHETA1;ALS2;ATP6V1D;ATP6AP1;WASHC4;TMCC1;VPS18;SNX3;FHIP1B
ERICH1,GO_Biological_Process_2023,prerank,Regulation Of Cell-Cell Adhesion (GO:0022407),-0.30552062271415104,-0.7339916820013007,0.9316888045540797,1.0,1.0,9/42,14.82%,FERMT3;MDGA1;PTK2;NF2;SRC;JAG1;EFNA5;FLOT2;GTPBP4
ERICH1,GO_Biological_Process_2023,prerank,Long-Term Synaptic Potentiation (GO:0060291),-0.35291387161565446,-0.7338637968066535,0.8913480885311871,1.0,1.0,6/20,22.18%,NOL3;GRIN2B;PTK2B;STX4;VAMP2;SLC24A1
ERICH1,GO_Biological_Process_2023,prerank,Regulation Of Ossification (GO:0030278),0.30620036241659343,0.7336795694210613,0.934560327198364,1.0,1.0,9/37,13.19%,CYP27B1;TWIST1;DDR2;NELL1;S1PR1;BMP4;CCDC134;SGMS2;TENT5A
ERICH1,GO_Biological_Process_2023,prerank,Negative Regulation Of TORC1 Signaling (GO:1904262),-0.33737603904529273,-0.7335793192200089,0.8771593090211133,1.0,1.0,14/25,24.45%,BMT2;RNF152;SESN3;KPTN;SEC13;CASTOR1;NPC1;SESN1;ITFG2;DEPDC5;SESN2;WDR59;NPRL3;CASTOR3P
ERICH1,GO_Biological_Process_2023,prerank,Negative Regulation Of Neuron Apoptotic Process (GO:0043524),-0.2762098969254769,-0.7335220770185789,0.9806576402321083,1.0,1.0,22/74,22.01%,CNTFR;CNTF;FGF20;VSTM2L;NTRK1;PRKCG;NTRK2;MEF2C;NAIP;CITED1;SIX1;SOD1;RASA1;PTK2B;MSH2;SOD2;TYRO3;CRLF1;RETREG1;SNX6;CCL2;KIF14
ERICH1,GO_Biological_Process_2023,prerank,Response To Calcium Ion (GO:0051592),-0.26243563959697425,-0.7335128070986892,0.9907749077490775,1.0,1.0,20/105,14.81%,TRPV6;ALOX15;AQP3;KCNH1;D2HGDH;SMPD1;ADD1;MEF2C;RASA4;CALM3;SLC25A24;RYR1;CPNE4;SYT6;PDCD6;CALM1;CLIC4;ECT2;TRPC1;SYT11
ERICH1,GO_Biological_Process_2023,prerank,Protein Peptidyl-Prolyl Isomerization (GO:0000413),0.35299539532203944,0.7334511525758316,0.8845360824742268,1.0,1.0,4/19,14.60%,PPIL6;PPIB;PPIF;PPIE
ERICH1,GO_Biological_Process_2023,prerank,Positive Regulation Of Defense Response To Virus By Host (GO:0002230),0.3242083525772572,0.7333416789910936,0.893574297188755,1.0,1.0,8/28,17.03%,DTX3L;TRIM6;PARP9;APOBEC3F;TRIM44;TRAF3IP2;ZDHHC11;PQBP1
ERICH1,GO_Biological_Process_2023,prerank,Neural Crest Cell Development (GO:0014032),0.2942765837192234,0.733330270267401,0.9617706237424547,1.0,1.0,13/44,17.79%,CORO1C;GDNF;SEMA3F;SEMA4D;NELL1;SEMA5B;SEMA6A;CDH2;SEMA3G;SEMA3E;SEMA3B;SEMA3C;PHACTR4
ERICH1,GO_Biological_Process_2023,prerank,Epithelial Cell Development (GO:0002064),0.34785590504607866,0.7332714877634096,0.8577494692144374,1.0,1.0,7/18,19.24%,SIPA1;PKHD1;WNT5B;DACT2;BFSP1;RILPL2;EXPH5
ERICH1,GO_Biological_Process_2023,prerank,Antiviral Innate Immune Response (GO:0140374),-0.3012078890627358,-0.7331716845739913,0.9491525423728814,1.0,1.0,11/46,16.02%,IFIT3;IFIT2;TRIM7;DUS2;DHX58;CLPB;USP44;RNF135;NCK1;UBE2N;DHX15
ERICH1,GO_Biological_Process_2023,prerank,Negative Regulation Of Smooth Muscle Cell Proliferation (GO:0048662),-0.3089359674494435,-0.7329069359513132,0.9227722772277228,1.0,1.0,8/37,17.41%,PTGIR;BMP2;ANG;MEF2C;PTEN;BMPR2;HMOX1;SOD2
ERICH1,GO_Biological_Process_2023,prerank,Gonad Development (GO:0008406),0.2860449691694039,0.7328197907197833,0.9731958762886598,1.0,1.0,5/52,4.66%,SRD5A2;GATA1;NCOA4;ADAM21;ADAM32
ERICH1,GO_Biological_Process_2023,prerank,Cellular Response To cAMP (GO:0071320),-0.3229320390340336,-0.7327471932577804,0.8796116504854369,1.0,1.0,12/30,26.41%,RAP1B;PDE2A;HCN2;CFTR;SLC26A6;INPP5K;RAPGEF1;HCN4;AKAP9;HCN3;RAPGEF2;SLC5A5
ERICH1,GO_Biological_Process_2023,prerank,Second-Messenger-Mediated Signaling (GO:0019932),0.27076391033524494,0.7326785406357244,0.9811320754716981,1.0,1.0,20/72,20.84%,NMUR2;CXCR4;NOS3;AGTR1;CCR6;PLA2G4B;PLCG2;DDAH2;PLCG1;CD36;NDNF;NCALD;SAMD14;MCTP2;EIF2AK3;RCAN1;PDPK1;CNKSR2;MCU;TRPM4
ERICH1,GO_Biological_Process_2023,prerank,Regulation Of Glycogen Biosynthetic Process (GO:0005979),0.3283333172315303,0.7326033543149659,0.8850325379609545,1.0,1.0,7/25,11.06%,IGF1;PPP1R3B;GSK3B;PPP1R3D;SORBS1;EPM2AIP1;IRS1
ERICH1,GO_Biological_Process_2023,prerank,Autophagosome Organization (GO:1905037),0.28356571084659715,0.7321436662140076,0.9822616407982262,1.0,1.0,10/60,12.58%,TP53INP2;ELAPOR1;MAP1LC3A;MAP1LC3C;PACS2;MAP1LC3B;EMC6;DNAJC16;WIPI2;VMP1
ERICH1,GO_Biological_Process_2023,prerank,Regulation Of Axon Extension (GO:0030516),0.3103876026501195,0.7319648209551814,0.9376344086021505,1.0,1.0,13/35,18.51%,NTN1;GSK3B;RTN4R;TRIM46;ZFYVE27;CTTN;MAP2;SEMA3G;CDKL3;DNM2;MAP3K13;PTPRS;NRCAM
ERICH1,GO_Biological_Process_2023,prerank,Cellular Response To Starvation (GO:0009267),-0.26092121027110354,-0.7314529255656655,0.9927272727272727,1.0,1.0,36/125,18.24%,RIPOR1;DAPL1;IFI16;BMT2;LRRK2;BHLHA15;RNF152;WRN;GAS2L1;HSPA5;SESN3;KPTN;HNRNPA1;ATG5;PLIN2;BMPR2;SIRT1;PIK3R4;RRAGA;EIF2S1;ZC3H12A;MAPK8;LARS1;SH3GLB1;SESN1;RRAGC;MTOR;IMPACT;HSPA8;PICK1;ITFG2;GABARAPL2;XBP1;JMY;USP33;TFEB
ERICH1,GO_Biological_Process_2023,prerank,Aortic Valve Development (GO:0003176),-0.3064921615847615,-0.7310542208534637,0.9524752475247524,1.0,1.0,16/40,21.96%,BMP2;TIE1;GATA3;NOTCH1;HEYL;SLIT1;TNFRSF1B;JAG1;BMPR2;TGFBR2;ROCK2;SMAD6;RBPJ;SLIT2;ROCK1;RB1
ERICH1,GO_Biological_Process_2023,prerank,Branching Involved In Ureteric Bud Morphogenesis (GO:0001658),-0.3548414235499786,-0.7307793086236446,0.8571428571428571,1.0,1.0,4/18,9.56%,PAX2;NPNT;CITED1;SIX1
ERICH1,GO_Biological_Process_2023,prerank,Positive Regulation Of Lymphocyte Differentiation (GO:0045621),-0.31006682244525124,-0.7307505389077558,0.9280442804428044,1.0,1.0,12/39,20.91%,GATA3;SMARCD2;XRCC6;BTK;ARID2;SMARCA2;SYK;ACTL6A;XBP1;INPP5D;SMARCE1;PBRM1
ERICH1,GO_Biological_Process_2023,prerank,Regulation Of Cyclin-Dependent Protein Kinase Activity (GO:1904029),0.2883577498952154,0.7303868184442068,0.9698924731182795,1.0,1.0,9/53,12.29%,CDK5R2;CCNO;TTBK1;CCND3;CCNB3;CCNE2;SERTAD1;CCNF;CCNA2
ERICH1,GO_Biological_Process_2023,prerank,Negative Regulation Of DNA Biosynthetic Process (GO:2000279),-0.32175839201858053,-0.7299199627966264,0.9063063063063063,1.0,1.0,10/30,19.75%,STON1;HNRNPA1;SRC;TENT4B;BMPR2;TERF1;EXOSC10;POT1;HNRNPC;ERCC4
ERICH1,GO_Biological_Process_2023,prerank,Regulation Of Lymphocyte Activation (GO:0051249),-0.35549325573371443,-0.729358600386936,0.8481973434535104,1.0,1.0,6/18,23.69%,PAG1;KLRD1;ORC3;DCAF15;LCK;KAT2A
ERICH1,GO_Biological_Process_2023,prerank,Positive Regulation Of Substrate Adhesion-Dependent Cell Spreading (GO:1900026),0.3067512842933263,0.7292599561833203,0.9364406779661016,1.0,1.0,14/35,24.35%,LIMS2;NELL1;DOCK5;CASS4;CRK;ARHGEF7;CALR;CARMIL1;FLNA;S100A10;RAC3;TESK1;ILK;DOCK1
ERICH1,GO_Biological_Process_2023,prerank,Mitotic Sister Chromatid Segregation (GO:0000070),0.2586862386746025,0.7292037367660221,1.0,1.0,1.0,42/111,21.48%,TUBG2;ARHGEF10;CENPK;KIF22;KNTC1;OFD1;SMC2;BOD1;ZWINT;SMC4;KIF25;NCAPG2;DLGAP5;TENT4A;PINX1;CCDC61;KIF23;PSRC1;CEP192;CENPE;ABRAXAS1;CENPI;CHMP1B;PLK1;VPS4B;MIS12;KIF11;SEH1L;TTN;PDCD6IP;NUSAP1;CHMP2B;WRAP73;TPX2;AKAP8L;DIS3L2;FLNA;KIF2C;CHMP7;NCAPG;ZW10;CEP55
ERICH1,GO_Biological_Process_2023,prerank,Negative Regulation Of Endocytosis (GO:0045806),-0.3163701786894242,-0.7291400684361077,0.892578125,1.0,1.0,13/33,21.41%,PLSCR1;PIP4P2;LRSAM1;RUBCN;PACSIN3;SYT11;SIRPA;PROM2;APOC1;EPHA3;SCAMP5;RACK1;SNX3
ERICH1,GO_Biological_Process_2023,prerank,Regulation Of Programmed Cell Death (GO:0043067),0.24499706820962808,0.7289714916129078,1.0,1.0,1.0,64/179,23.79%,CD3E;ETFA;PLK5;BIRC3;REST;DAPK1;TRIM24;RIPK1;BCAR1;MBTD1;MALT1;CRYAB;AKT1S1;EPC1;FAS;DFFA;ZDHHC17;HIP1;BMP4;FYN;BCL3;RARG;BEX1;ACTB;MAGED1;KAT5;IKZF3;APAF1;USP42;WFS1;RUVBL2;GLS2;EPC2;LGALS1;CALR;ALK;TARDBP;CASP6;PHB1;TRRAP;BNIP3L;STK26;BCL2L11;EP400;ZBTB7A;TP53;BRD8;RAF1;AKT1;DAPK3;SLC39A7;ACTN4;TOX3;ANP32B;SOX9;AMIGO2;USP36;FANK1;SKP2;TRAF2;POU4F1;CLU;LRP8;PHLPP1
ERICH1,GO_Biological_Process_2023,prerank,Regulation Of Insulin Secretion Involved In Cellular Response To Glucose Stimulus (GO:0061178),-0.32231713701761594,-0.7288988316815805,0.9191729323308271,1.0,1.0,13/27,24.12%,NR1H4;ANO1;CFTR;EFNA5;EPHA5;C2CD2L;LRP5;BRSK2;STX4;PIM3;PLA2G6;CDK16;HLA-DRB1
ERICH1,GO_Biological_Process_2023,prerank,Monoubiquitinated Protein Deubiquitination (GO:0035520),0.3110852294215567,0.7286074676614941,0.9251559251559252,1.0,1.0,8/33,14.52%,SUPT3H;TAF5;SF3B5;RNF2;TAF2;TAF9;TAF12;SF3B3
ERICH1,GO_Biological_Process_2023,prerank,Regulation Of Cellular Component Size (GO:0032535),0.29916099334173335,0.7284390131136212,0.9533898305084746,1.0,1.0,14/42,19.56%,MYO3B;RPTOR;PEX11A;DNAJC16;BORCS8;RARG;MSN;RAB3B;EZR;RDX;PPP1CA;RIN3;PICALM;VAV2
ERICH1,GO_Biological_Process_2023,prerank,Ras Protein Signal Transduction (GO:0007265),0.2503010646115138,0.7283344698413874,1.0,1.0,1.0,51/143,21.76%,EPS8L2;PARK7;RASGRP3;AGTR1;RHOB;IGF1;USP50;CTNNAL1;DOK5;NTN1;ART4;RALGPS1;TAX1BP3;BRK1;DOK6;RASGRP1;MYO9B;KSR1;ARHGAP6;ARHGAP29;RASGRF1;ARHGAP1;ARHGDIG;CCNA2;HACD3;DOK3;NGFR;GRB2;FARP2;USP8;RRAS2;RHOD;RAPGEF5;NCKAP1;PHACTR4;RASSF1;RASGEF1B;RAP2A;NF1;RGL1;CNKSR2;RASGRF2;ARHGEF3;RGL3;TP53;RAP2C;SOS1;G3BP2;EPS8L1;AIF1;RAP1A
ERICH1,GO_Biological_Process_2023,prerank,Protein Localization To Centrosome (GO:0071539),-0.3531786016311438,-0.7282521013285334,0.8752399232245681,1.0,1.0,7/17,20.83%,STIL;KIAA0753;DCTN2;CSNK1D;PIBF1;CEP83;GOLGB1
ERICH1,GO_Biological_Process_2023,prerank,Regulation Of Calcium Ion Transmembrane Transport (GO:1903169),0.34266450548163324,0.7281822780420951,0.88996138996139,1.0,1.0,5/20,11.23%,PRNP;CACNG6;NPPA;DIAPH1;FYN
ERICH1,GO_Biological_Process_2023,prerank,Negative Regulation Of Wnt Signaling Pathway (GO:0030178),-0.25001768954863346,-0.7281045950848409,1.0,1.0,1.0,32/138,17.91%,BMP2;SOSTDC1;DKKL1;CER1;SOX30;FRMD8;GSK3A;DKK2;STK3;NKD1;CITED1;EMD;KREMEN1;FUZ;DAB2;DKK3;DDIT3;VGLL4;DAB2IP;HECW1;LRP1;TMEM131L;SDHAF2;TLE3;SOX2;SOX13;LIMD1;SIAH2;WWTR1;TMEM64;TLE5;CSNK1A1
ERICH1,GO_Biological_Process_2023,prerank,Regulation Of Erythrocyte Differentiation (GO:0045646),0.3038366647814198,0.7280449949237102,0.9382978723404255,1.0,1.0,9/36,19.73%,GATA1;MAFB;STAT5B;ZNF16;ACVR2A;LDB1;FOXO3;ETS1;PRKDC
ERICH1,GO_Biological_Process_2023,prerank,T Cell Migration (GO:0072678),0.3603430604628487,0.7279247317081639,0.8635437881873728,1.0,1.0,6/16,16.87%,CCR6;S1PR1;GPR183;MSN;PIK3CD;CCL26
ERICH1,GO_Biological_Process_2023,prerank,Regulation Of DNA Recombination (GO:0000018),-0.30059896785036344,-0.7277028442244311,0.9468864468864469,1.0,1.0,14/43,18.64%,RAD50;PPP4R2;CHEK1;KDM1A;H1-3;USP51;SIRT6;RAD51;MSH2;RPA2;ZRANB3;ZCWPW1;H1-1;FIGNL1
ERICH1,GO_Biological_Process_2023,prerank,Positive Regulation Of Protein Tyrosine Kinase Activity (GO:0061098),-0.3109586418506677,-0.7272730767863566,0.9190751445086706,1.0,1.0,7/37,13.48%,AREG;DOK7;EPHA4;SRCIN1;SRC;EGF;AGT
ERICH1,GO_Biological_Process_2023,prerank,Histone H3-K4 Methylation (GO:0051568),0.3284370014629003,0.726778173741563,0.9051546391752577,1.0,1.0,13/26,23.11%,PRDM7;BOD1;DPY30;KMT2C;PAGR1;KMT2A;WDR5;NFYB;NFYA;CXXC1;PAXIP1;MEN1;KDM6A
ERICH1,GO_Biological_Process_2023,prerank,Regulation Of Behavior (GO:0050795),0.3416656861197212,0.7267282466071914,0.9,1.0,1.0,3/19,11.06%,CNTNAP4;NR1D1;RELN
ERICH1,GO_Biological_Process_2023,prerank,Positive Regulation Of Neurogenesis (GO:0050769),-0.2746088540136375,-0.7267103703545533,0.9940476190476191,1.0,1.0,22/75,21.65%,OPRM1;AMIGO1;NTRK2;CUL7;OBSL1;RASSF10;KDM1A;FZD3;MME;LRP2;SNW1;NAP1L1;PLXND1;NUMB;PLXNB1;TGM2;PLXNA2;ZNF335;CUX2;PLXNA3;SLIT2;SOX8
ERICH1,GO_Biological_Process_2023,prerank,intra-Golgi Vesicle-Mediated Transport (GO:0006891),-0.31041487272352425,-0.7265169834984457,0.9206963249516441,1.0,1.0,10/33,18.40%,NSF;NAPA;RAB43;COG8;RAB33B;GABARAPL2;RAB6A;GOLGA5;TRAPPC3;COPA
ERICH1,GO_Biological_Process_2023,prerank,Activation Of NF-kappaB-inducing Kinase Activity (GO:0007250),0.37058088447722815,0.7264899105574104,0.8666666666666667,1.0,1.0,5/15,13.12%,TNFSF15;MALT1;COPS8;TIRAP;IRAK1
ERICH1,GO_Biological_Process_2023,prerank,Branching Morphogenesis Of An Epithelial Tube (GO:0048754),-0.2994231811386936,-0.7264156590704456,0.9546351084812623,1.0,1.0,10/42,15.59%,PAX2;TIE1;NPNT;CITED1;SIX1;NRARP;NOTCH4;TGFBR2;MYC;LRP5
ERICH1,GO_Biological_Process_2023,prerank,Autophagosome Assembly (GO:0000045),0.2764284111047656,0.7263425775672248,0.9844444444444445,1.0,1.0,12/64,14.02%,TP53INP2;ELAPOR1;MAP1LC3A;MAP1LC3C;PACS2;ATG4B;MAP1LC3B;EMC6;SMURF1;WIPI2;VMP1;LRBA
ERICH1,GO_Biological_Process_2023,prerank,Regulation Of Intracellular Transport (GO:0032386),0.3048720254936059,0.7260000093243572,0.9420600858369099,1.0,1.0,12/38,16.32%,PLA2G3;CAPN10;REEP6;CRYAB;PTPN1;NDEL1;OCRL;MAP2;LAMP1;WWC1;ATP9A;RAB11B
ERICH1,GO_Biological_Process_2023,prerank,Peroxisomal Membrane Transport (GO:0015919),0.351568874412189,0.7259819740174746,0.8589211618257261,1.0,1.0,7/17,20.29%,PEX5;PEX7;TRIM37;PEX19;PEX14;PEX16;PEX1
ERICH1,GO_Biological_Process_2023,prerank,Negative Regulation Of Natural Killer Cell Mediated Cytotoxicity (GO:0045953),0.36261640380138993,0.7258815013652428,0.8589211618257261,1.0,1.0,6/16,20.47%,SERPINB4;LGALS9;HLA-E;TGFB1;HLA-B;MICA
ERICH1,GO_Biological_Process_2023,prerank,Negative Regulation Of G2/M Transition Of Mitotic Cell Cycle (GO:0010972),0.3238236551809925,0.7257543079043551,0.9024390243902439,1.0,1.0,10/28,17.26%,FHL1;AVEN;PABIR1;PINX1;INTS3;BABAM1;CHFR;CDK5RAP3;MRE11;AURKB
ERICH1,GO_Biological_Process_2023,prerank,Regulation Of Developmental Growth (GO:0048638),0.3240353223360437,0.7256886537097705,0.91875,1.0,1.0,8/29,15.96%,AGR2;MUSK;GSK3B;STAT5B;LATS1;GHR;CTTN;DNM2
ERICH1,GO_Biological_Process_2023,prerank,Vesicle Cytoskeletal Trafficking (GO:0099518),-0.30671368288369166,-0.7250245863950011,0.9392789373814042,1.0,1.0,9/39,13.36%,MYO1G;MYO1A;HTT;MYO1C;MYO1F;MYO5C;MYO5B;BICDL1;MYO1B
ERICH1,GO_Biological_Process_2023,prerank,Regulation Of Granulocyte Chemotaxis (GO:0071622),0.35195179709936597,0.7249332791794799,0.8690228690228691,1.0,1.0,3/19,6.70%,CCL5;CXCL17;CSF1
ERICH1,GO_Biological_Process_2023,prerank,Cell Surface Receptor Signaling Pathway Involved In Heart Development (GO:0061311),-0.3694500230297405,-0.72460199798876,0.8486707566462167,1.0,1.0,7/16,22.35%,BMP2;NOTCH1;HEYL;JAG1;RBPJ;BMPR1A;GALNT11
ERICH1,GO_Biological_Process_2023,prerank,Regulation Of Adaptive Immune Response (GO:0002819),0.34962762734935726,0.724596752730956,0.8812095032397408,1.0,1.0,2/18,2.13%,IL4I1;IRF7
ERICH1,GO_Biological_Process_2023,prerank,Regulation Of Platelet Aggregation (GO:0090330),0.3270059608637419,0.7245765772505529,0.9199134199134199,1.0,1.0,7/25,14.88%,IL6;EMILIN1;EMILIN2;GP6;PRKG1;MFSD2B;CD9
ERICH1,GO_Biological_Process_2023,prerank,Modulation By Host Of Viral Process (GO:0044788),-0.3380501954083288,-0.7244767186420273,0.8963414634146342,1.0,1.0,11/22,25.39%,PIK3C2G;CDC42;IGF2R;PAIP1;ROCK2;ZNF502;NUCKS1;PI4KA;ZDHHC9;RAB5A;EEA1
ERICH1,GO_Biological_Process_2023,prerank,Male Gonad Development (GO:0008584),-0.2985711129251803,-0.7244333327376167,0.9479768786127167,1.0,1.0,8/45,11.75%,WNT4;ING2;FGF9;GATA3;TEX19;KIT;MEA1;LRP2
ERICH1,GO_Biological_Process_2023,prerank,Regulation Of Protein Modification Process (GO:0031399),0.28721143617609474,0.7244307527446833,0.9664570230607966,1.0,1.0,10/45,16.16%,IGF1;CORO1C;PHIP;PPIB;RABL3;SPRED2;FNIP1;KDM4D;CCDC88A;PPP1R16B
ERICH1,GO_Biological_Process_2023,prerank,Transcription By RNA Polymerase II (GO:0006366),-0.24457267065176666,-0.7244125661373364,1.0,1.0,1.0,71/192,25.25%,EAF2;DTX1;POLR2J;NOCT;CDK9;RPRD1A;ELP4;SUPT16H;GTF2A2;XRN2;TAF10;GTF2A1L;PAAF1;POLR2H;ETV7;CDK7;LHX1;TFCP2;MAZ;POLR2D;TRIP13;DDX21;CBFB;TAF13;NCBP1;SSU72;POLR2K;ELL;CEBPD;POLR2I;PMF1;CCNK;LEO1;SNAPC3;TAF7;E2F2;ZBTB7B;RARA;XBP1;MED1;NCBP2;ARRB2;MED18;RPRD1B;CREB1;NFAT5;POLR2E;GTF2F2;SETX;ELL2;PBRM1;ZNF141;GTF2F1;SKIC8;ANXA2;TAF1A;SOX5;TRIP11;TAF1;SNAPC2;DEK;GTF2H3;ATF4;MED23;GTF2H4;TFDP1;SUPT5H;YBX2;GMEB2;THRB;DRAP1
ERICH1,GO_Biological_Process_2023,prerank,Regulation Of Cell-Matrix Adhesion (GO:0001952),0.2789095980271386,0.7240439617503442,0.9739696312364425,1.0,1.0,20/65,18.62%,CD3E;DUSP3;CORO1C;CSF1;PKHD1;GSK3B;CAMSAP3;GPM6B;LIMCH1;FYN;TSC1;EPHA1;UTRN;LDB1;CD36;MINK1;SEMA3E;SKAP1;NF1;THBS1
ERICH1,GO_Biological_Process_2023,prerank,Melanosome Organization (GO:0032438),-0.3045943797942155,-0.7239484719853672,0.9224806201550387,1.0,1.0,7/37,16.14%,TYRP1;ASIP;RAB32;BLOC1S5;HPS1;BLOC1S3;BLOC1S1
ERICH1,GO_Biological_Process_2023,prerank,Lamellipodium Organization (GO:0097581),0.3160091071271984,0.7238705847807095,0.9200819672131147,1.0,1.0,14/30,23.46%,S1PR1;MYO9B;PHPT1;ARHGEF7;CTTN;RHOD;CCDC88A;ITGB1;ARHGEF6;CARMIL1;SNX1;SNX2;ABLIM2;ABLIM3
ERICH1,GO_Biological_Process_2023,prerank,Retrotransposon Silencing (GO:0010526),-0.3434698773027333,-0.723799081197585,0.8813229571984436,1.0,1.0,5/21,14.46%,TEX19;APOBEC3B;TDRD12;SMYD5;SIRT6
ERICH1,GO_Biological_Process_2023,prerank,Import Into Nucleus (GO:0051170),-0.27201221600466335,-0.7235111925437121,0.990530303030303,1.0,1.0,19/73,17.19%,POM121L2;HEATR3;RANBP6;STK3;KPNB1;NUP214;HIKESHI;KPNA4;FAM53C;IPO8;HNRNPA1;HTATIP2;SEC13;EIF4ENIF1;KPNA7;NUP133;APPL1;NUP62;SYK
ERICH1,GO_Biological_Process_2023,prerank,Regulation Of Actin Polymerization Or Depolymerization (GO:0008064),-0.3197988784854174,-0.7232477891738431,0.9230769230769231,1.0,1.0,11/27,21.83%,DAAM2;ARHGAP40;ARHGAP28;RASA1;HAX1;PFN2;WAS;HCLS1;CXCL12;PAK3;NAA80
ERICH1,GO_Biological_Process_2023,prerank,Nuclear Membrane Organization (GO:0071763),-0.3288266456450844,-0.7228720687156815,0.9031007751937985,1.0,1.0,10/26,22.13%,CHMP4A;UBXN2B;EMD;CHMP4C;NSFL1C;CHMP5;CHMP3;CHMP1A;VPS4A;CHMP6
ERICH1,GO_Biological_Process_2023,prerank,Regulation Of Macromolecule Metabolic Process (GO:0060255),-0.24510560851381888,-0.7224609263413408,1.0,1.0,1.0,47/159,23.06%,STOX1;GBA1;TXK;GNB3;VHL;ANKRA2;TMPRSS4;KHSRP;YBX3;APP;SORT1;MTMR4;LHX1;PIN1;CNDP1;DPPA5;NOVA2;DAXX;HMG20A;ZC3H12A;AFF4;RASA1;NPC1;HINFP;MYC;SIRPA;ROCK2;ZNF507;SOX2;ATXN7L3B;CDK4;CHD7;TBC1D16;PSEN1;NRG1;COQ7;NFKBID;ZNF335;MTMR1;C1D;SART3;CHD6;MTMR9;TRIM17;NPAT;MTMR3;ZNF462
ERICH1,GO_Biological_Process_2023,prerank,Regulation Of Brown Fat Cell Differentiation (GO:0090335),0.35313950888175843,0.72234855832269,0.8744588744588745,1.0,1.0,3/17,6.76%,VSTM2A;FNDC5;NAPEPLD
ERICH1,GO_Biological_Process_2023,prerank,Positive Regulation Of Signaling Receptor Activity (GO:2000273),-0.30779214179304515,-0.7221014466727795,0.9274809160305344,1.0,1.0,6/36,12.79%,AREG;JAK2;NOL3;ADRB2;ADRA2B;EGF
ERICH1,GO_Biological_Process_2023,prerank,Regulation Of Calcium Ion Import (GO:0090279),0.3444383560242361,0.7219654001009762,0.8939096267190569,1.0,1.0,5/20,11.64%,EPPIN;PDGFB;WNK3;STC1;SPHK2
ERICH1,GO_Biological_Process_2023,prerank,Regulation Of Neurotransmitter Secretion (GO:0046928),0.30061398152552504,0.7219009925790731,0.9264705882352942,1.0,1.0,10/37,17.09%,SEPTIN5;CPLX1;HCRT;FER1L5;RIMS3;DTNBP1;DYSF;GPER1;MCTP2;CHRNA3
ERICH1,GO_Biological_Process_2023,prerank,Inositol Phosphate Metabolic Process (GO:0043647),0.3328903426708299,0.7217356782630909,0.9035639412997903,1.0,1.0,4/22,16.31%,IP6K3;ITPKB;OCRL;NUDT3
ERICH1,GO_Biological_Process_2023,prerank,Toll-Like Receptor Signaling Pathway (GO:0002224),0.3154218749099336,0.7216516137177854,0.8941684665226782,1.0,1.0,8/31,13.36%,TNIP3;TLR7;PLCG2;TLR2;MAPKAPK2;TIRAP;IRAK1;TNIP1
ERICH1,GO_Biological_Process_2023,prerank,Cellular Response To Hexose Stimulus (GO:0071331),0.32807017837459324,0.7215392896337278,0.9124236252545825,1.0,1.0,7/25,16.28%,PCK1;PCK2;ZNF236;PRKACA;PRKAA2;GPER1;GAS6
ERICH1,GO_Biological_Process_2023,prerank,Regulation Of Cellular Respiration (GO:0043457),0.3623244939210216,0.7213019924688132,0.8614072494669509,1.0,1.0,3/16,8.49%,CBFA2T3;NOA1;IFNLR1
ERICH1,GO_Biological_Process_2023,prerank,Positive Regulation Of Neural Precursor Cell Proliferation (GO:2000179),0.3183892154315734,0.7212856993549864,0.9232409381663113,1.0,1.0,8/29,20.08%,DISP3;INSM1;NCAN;PROX1;HAPLN4;DISC1;SMARCD3;CTNNB1
ERICH1,GO_Biological_Process_2023,prerank,Regulation Of Protein Targeting To Mitochondrion (GO:1903214),-0.30175991296696053,-0.7212552400451885,0.9314285714285714,1.0,1.0,10/38,16.97%,SIAH3;GSK3A;LRRK2;CSNK2A2;PIN1;ATP5IF1;SH3GLB1;LMAN1;HAX1;RNF31
ERICH1,GO_Biological_Process_2023,prerank,NADP Metabolic Process (GO:0006739),0.34248099497182705,0.7211136735963791,0.8838709677419355,1.0,1.0,6/19,12.80%,NUDT17;FMO1;NADK;MDH1;IDH2;TP53I3
ERICH1,GO_Biological_Process_2023,prerank,Negative Regulation Of Cell Cycle (GO:0045786),-0.2685224438436332,-0.7208718299110108,0.9850187265917603,1.0,1.0,24/84,22.56%,BMP2;BRINP2;GATA3;CDKN2A;PPP1R13B;HHEX;PTEN;CEBPA;SIRT1;HECA;BARD1;DUSP1;MAD2L1;INHA;THAP5;BRINP1;FBXO43;ZBTB17;PTPN3;APC;RB1;NUDT6;CDKN1C;BTG1
ERICH1,GO_Biological_Process_2023,prerank,Protein Localization To Cell Periphery (GO:1990778),-0.2502325432207779,-0.7207465800011907,1.0,1.0,1.0,43/138,21.04%,STXBP1;KCNB1;KCNB2;PRAM1;ATP1B3;F11R;LIN7B;TMEM150A;PLEKHF1;RAMP1;ZDHHC22;CACNB3;PKP3;RAB3D;CACNB2;RAB8A;LRPAP1;ARL3;FLOT2;ROCK2;SPTBN1;EPB41L3;RAB10;PDZK1;TSPAN14;KCNIP4;PIGW;ACTN2;CRB3;PRPH2;INPP5K;FYB2;RAB40A;EFR3B;C2CD5;PALS1;SPTBN4;WDR72;P2RY1;LIN7C;TTC7B;AP4M1;ROCK1
ERICH1,GO_Biological_Process_2023,prerank,Selective Autophagy (GO:0061912),0.28364260842763234,0.7207446303528331,0.9526748971193416,1.0,1.0,21/58,21.65%,SNX33;MAP1LC3C;TAFAZZIN;SNX7;ATG4B;LGALS8;TEX264;UBA5;MAP1LC3B;UFC1;PEX5;RNF213;LRBA;CALR;TGFB1;DDRGK1;SNX18;AUP1;SPATA33;UFM1;ATG14
ERICH1,GO_Biological_Process_2023,prerank,Negative Regulation Of Extrinsic Apoptotic Signaling Pathway In Absence Of Ligand (GO:2001240),0.3393141548971422,0.7206751544141072,0.8731182795698925,1.0,1.0,6/22,16.63%,PF4;GATA1;GDNF;EYA1;BCL2;UNC5B
ERICH1,GO_Biological_Process_2023,prerank,Negative Regulation Of Signal Transduction In Absence Of Ligand (GO:1901099),0.3393141548971422,0.7206751544141072,0.8731182795698925,1.0,1.0,6/22,16.63%,PF4;GATA1;GDNF;EYA1;BCL2;UNC5B
ERICH1,GO_Biological_Process_2023,prerank,Regulation Of BMP Signaling Pathway (GO:0030510),0.26896667387354783,0.7206483700166031,0.9886621315192744,1.0,1.0,28/75,22.03%,GREM1;FOXD1;SCUBE3;FSTL3;ITGA3;SMURF1;BMP4;ELAPOR2;SFRP4;CCNA2;GPR155;TWSG1;HIPK2;SULF1;BAMBI;SMAD2;FSTL4;GDF3;SMAD7;PPARG;PCSK6;ZNF423;UBE2D3;SORL1;SMAD4;SKIL;FST;NUMA1
ERICH1,GO_Biological_Process_2023,prerank,Regulation Of Cell Adhesion Mediated By Integrin (GO:0033628),-0.3083859253376745,-0.7204623331078592,0.9217877094972067,1.0,1.0,8/33,19.53%,FERMT3;PTK2;CIB1;JAM3;ADA;SYK;NRG1;TGFB2
ERICH1,GO_Biological_Process_2023,prerank,Regulation Of Protein Ubiquitination (GO:0031396),-0.25714394443284067,-0.7203770361772427,0.9962406015037594,1.0,1.0,37/112,21.03%,MINAR1;GSK3A;PRKCG;UBE2D1;HSPA1B;SEPTIN4;LRRK2;KDM1A;CHP1;PHF23;BCL10;DAXX;BIRC2;CRY1;GTPBP4;SPOPL;SOX4;IVNS1ABP;UBE2N;N4BP1;COMMD1;UBXN1;UBQLN1;TSPYL5;SPHK1;RIPK2;TBC1D7;ARRB2;CENPS;FBXO33;WASHC1;HSP90AA1;UBB;FANCI;VPS28;BAG5;SIRT7
ERICH1,GO_Biological_Process_2023,prerank,Regulation Of Clathrin-Dependent Endocytosis (GO:2000369),0.3647632019612906,0.7196677013207496,0.8678038379530917,1.0,1.0,3/15,10.73%,SNAP91;DGKD;UNC119
ERICH1,GO_Biological_Process_2023,prerank,Cellular Response To Lectin (GO:1990858),0.3454574554900453,0.7196001448070066,0.8723849372384938,1.0,1.0,4/19,14.31%,IKBKB;PLCG2;FYN;PAK2
ERICH1,GO_Biological_Process_2023,prerank,Stimulatory C-type Lectin Receptor Signaling Pathway (GO:0002223),0.3454574554900453,0.7196001448070066,0.8723849372384938,1.0,1.0,4/19,14.31%,IKBKB;PLCG2;FYN;PAK2
ERICH1,GO_Biological_Process_2023,prerank,Sarcomere Organization (GO:0045214),0.31827090477783854,0.7194443612134276,0.9200863930885529,1.0,1.0,6/29,17.92%,MYPN;CAPN3;FHOD3;MYH3;WDR1;TTN
ERICH1,GO_Biological_Process_2023,prerank,Positive Regulation Of Heart Contraction (GO:0045823),0.3406490190644826,0.7191974251059886,0.8863157894736842,1.0,1.0,5/21,14.15%,ADM5;NPPA;APELA;CHGA;SCN3B
ERICH1,GO_Biological_Process_2023,prerank,Regulation Of RNA Metabolic Process (GO:0051252),0.2600591256361217,0.7177638743409569,0.9978813559322034,1.0,1.0,32/90,20.95%,OASL;SUPT3H;PRKRA;ILDR1;ZNF638;SF3B5;PCBP2;FASTK;AKAP17A;PRDX6;MBNL2;TAF9;FUS;TAF12;HNRNPLL;AHNAK;HNRNPL;CLK1;SF3B3;PTBP2;CLK2;PQBP1;MBNL3;RRP1B;YTHDF2;ZC3H10;RBM38;TRRAP;PDE3A;HNRNPH1;FAM50A;PCBP3
ERICH1,GO_Biological_Process_2023,prerank,Mesenchyme Development (GO:0060485),0.35300987484137647,0.7177551760832935,0.87279843444227,1.0,1.0,3/17,11.13%,FGFR2;BMP7;BMP4
ERICH1,GO_Biological_Process_2023,prerank,Neurotransmitter Secretion (GO:0007269),-0.2974061191189979,-0.7177235457636594,0.9584120982986768,1.0,1.0,16/43,21.01%,DOC2B;STXBP1;CPLX4;OTOF;LIN7B;CDK5;PIP5K1C;SNCA;DOC2A;LIN7C;CPLX2;SYN1;PTPRN2;VAMP2;RIMS1;STX1A
ERICH1,GO_Biological_Process_2023,prerank,mRNA Metabolic Process (GO:0016071),-0.2685992984868064,-0.7176977450334023,0.9942857142857143,1.0,1.0,26/85,22.82%,SLFN14;CSTF3;CPSF6;ANG;HSPA1B;SF3A2;HNRNPR;DXO;NCBP1;TCERG1;ZFP36;PNPT1;DHX15;CPSF3;HNRNPA0;NCBP2;SF3B2;TBRG4;NUDT16;PRPF3;SRRM4;U2AF1;NUDT21;SSB;SRSF7;AGO4
ERICH1,GO_Biological_Process_2023,prerank,ERBB Signaling Pathway (GO:0038127),0.2808589467810794,0.7176745085160944,0.9730941704035875,1.0,1.0,24/54,23.26%,PTK6;BCAR1;ERBIN;DGKD;FAM83B;PIK3C2A;PTPRR;SHC1;GRB2;PLCG1;EFEMP1;TGFB1;VIL1;BRAF;PDPK1;GAB1;PIK3CA;PTPN11;SOS1;AKT1;EGFR;SOX9;IQGAP1;HBEGF
ERICH1,GO_Biological_Process_2023,prerank,Regulation Of Cell Communication (GO:0010646),-0.2925070499658112,-0.7167973879718804,0.9637404580152672,1.0,1.0,18/49,21.63%,IGFBP7;LURAP1L;MGLL;GRK7;TDGF1;TRDN;HCN2;VEPH1;ITGAV;CCNK;NUP62;ITGB8;MTCH1;IGFBPL1;RYR2;SRI;HCN4;TYMP
ERICH1,GO_Biological_Process_2023,prerank,Acylglycerol Biosynthetic Process (GO:0046463),-0.34156073948563614,-0.7167305209219303,0.8931297709923665,1.0,1.0,10/22,24.90%,GPAM;ANG;LPGAT1;PNPLA2;GCK;MOGAT1;DGAT2;PLCE1;LPIN3;PNPLA3
ERICH1,GO_Biological_Process_2023,prerank,Rac Protein Signal Transduction (GO:0016601),0.3510444740275577,0.716717406402863,0.879746835443038,1.0,1.0,6/17,22.35%,BRK1;HACD3;FARP2;NCKAP1;AIF1;RAC3
ERICH1,GO_Biological_Process_2023,prerank,RNA Export From Nucleus (GO:0006405),-0.27930115296182934,-0.7166455890574508,0.9704797047970479,1.0,1.0,28/63,26.68%,POM121L2;HHEX;NUP214;DDX25;HNRNPA1;NCBP1;MAGOH;SARNP;SMG6;NUP133;NUP62;XPO1;DDX39A;NCBP2;NUP155;SRSF3;RAN;MCM3AP;FMR1;SMG1;THOC2;CHTOP;UPF2;NUP107;RAE1;DDX19B;RBM15B;YTHDC1
ERICH1,GO_Biological_Process_2023,prerank,Positive Regulation Of Smoothened Signaling Pathway (GO:0045880),0.33621945374501533,0.7166360110848135,0.9081632653061225,1.0,1.0,11/21,28.70%,DCDC2;UCHL5;DLG5;GLI1;TUBD1;KIF7;STK36;RAB34;SFRP1;CIBAR1;PDCL
ERICH1,GO_Biological_Process_2023,prerank,Protein Polymerization (GO:0051258),-0.2774634314985458,-0.7164476638665525,0.9787644787644788,1.0,1.0,20/63,21.13%,JAK2;TPPP;TPPP3;CHMP4A;ANG;SPIRE2;PIN1;TRPV4;INF2;PREX1;RNF135;WASF1;MSRB2;WAS;CHMP3;MAPT;MICALL2;FHDC1;WASF3;ARL6
ERICH1,GO_Biological_Process_2023,prerank,Positive Regulation Of Bone Mineralization (GO:0030501),-0.2995063244965885,-0.7162659100091616,0.9556840077071291,1.0,1.0,6/38,8.57%,BMP2;WNT4;BMP6;ALOX5;MEF2C;ATP2B1
ERICH1,GO_Biological_Process_2023,prerank,Mitotic Cell Cycle Phase Transition (GO:0044772),0.25047955829304597,0.7159691027322085,0.9978813559322034,1.0,1.0,33/111,21.17%,CCNO;CDK3;CCND3;CCNB3;PPP6C;CCNE2;PIM2;CDC7;CTDP1;CCDC57;POLE;TAF2;CCNF;CCNA2;CDC25B;LATS1;CDK1;UBE2S;ANAPC2;BCAT1;FBXL7;DNM2;GSPT1;PLK1;CDC27;TPD52L1;TRIM71;CDC25A;CACUL1;UBE2C;SPAST;CHMP7;LATS2
ERICH1,GO_Biological_Process_2023,prerank,Negative Regulation Of Protein-Containing Complex Assembly (GO:0031333),-0.2777971988057153,-0.715820321533389,0.9858156028368794,1.0,1.0,14/59,18.18%,TMC8;GBA1;PTGER4;HSPA5;ZDHHC12;CDC42;CPTP;SRC;JAM3;PPM1A;HSPA8;SMAD6;CSNK1A1;ULK1
ERICH1,GO_Biological_Process_2023,prerank,Regulation Of Response To Cytokine Stimulus (GO:0060759),0.35672656664011826,0.7152739563682576,0.8729508196721312,1.0,1.0,6/16,24.52%,PARP9;TAF9;IRAK1;IRAK2;MAP2K5;WNT5A
ERICH1,GO_Biological_Process_2023,prerank,Regulation Of Cilium Assembly (GO:1902017),0.271759214231174,0.7150047652302897,0.9938271604938271,1.0,1.0,24/71,20.83%,DCDC2;SAXO1;TBC1D30;GSK3B;TBC1D13;TBC1D8;EVI5;TBC1D5;CCP110;MAPK15;CDK10;ODF2L;YAP1;LIMK2;GDI2;CCDC88A;PPP1R35;TBC1D17;TBC1D10A;TCHP;KIF24;IFT20;TBC1D1;RABEP2
ERICH1,GO_Biological_Process_2023,prerank,post-Golgi Vesicle-Mediated Transport (GO:0006892),-0.28053471427138643,-0.7149953421125634,0.9712643678160919,1.0,1.0,18/56,20.74%,SCFD1;EXOC6B;SORT1;SCAMP1;VPS13C;ARFGEF2;EXOC7;MYO1B;EXOC6;ARL3;EXOC8;RAB10;COMMD1;MON2;CCDC93;VPS52;GGA2;AP4M1
ERICH1,GO_Biological_Process_2023,prerank,Receptor-Mediated Endocytosis (GO:0006898),0.24855451733346826,0.7149317156188241,0.9977827050997783,1.0,1.0,42/122,21.39%,SNAP91;STAB2;FCER1G;ITCH;GRK2;GAK;LDLRAP1;HGS;AP2M1;LRP3;CAV2;OCRL;TMEM108;RAMP2;GRB2;CLTB;CTSL;FCHSD2;FNBP1L;CTTN;CD36;CD9;LMBR1L;SCARF1;DNM2;ITGB1;VLDLR;SNX9;LMBRD1;GRK4;ADM;FCHO1;PICALM;MAGI2;TFR2;AP1S1;M6PR;SORL1;CAV1;SNX1;NLGN3;ENTREP1
ERICH1,GO_Biological_Process_2023,prerank,Regulation Of Extrinsic Apoptotic Signaling Pathway (GO:2001236),0.27655984149170443,0.7148529652955157,0.9664570230607966,1.0,1.0,13/60,14.79%,ETFA;TNFSF10;PARK7;IGF1;RIPK1;PHIP;BMP4;DEPTOR;HYAL2;PSME3;PAK2;WWOX;GPER1
ERICH1,GO_Biological_Process_2023,prerank,Positive Regulation Of Protein-Containing Complex Assembly (GO:0031334),-0.26138486069106087,-0.7145496207411283,0.9961977186311787,1.0,1.0,27/98,19.42%,CXCL13;TPPP;TPPP3;LCP1;MYD88;BTK;RAP1B;BAK1;SRC;ATM;DAB2IP;SNCA;MAPK8;SH3GLB1;FSCN1;TERF1;AJUBA;FERMT2;DHX33;SYK;NRG1;CDC42EP2;PPP2CA;MTLN;RASIP1;HSP90AA1;MARK4
ERICH1,GO_Biological_Process_2023,prerank,Heterochromatin Organization (GO:0070828),-0.3032806469971177,-0.7144355146366873,0.9425287356321839,1.0,1.0,25/38,28.37%,SMARCA5;SIRT1;UHRF1;MTHFR;L3MBTL1;MECOM;LMNA;TRIP12;CTBP1;SETDB2;HDAC2;EZH1;SETD7;RB1;LOXL2;KMT2D;HMGB1;SETDB1;SPTY2D1;PPM1D;LMNB1;CBX3;POLE3;HMGA2;SNAI1
ERICH1,GO_Biological_Process_2023,prerank,Embryonic Organ Morphogenesis (GO:0048562),-0.28678906922601716,-0.7142407604454422,0.9765166340508806,1.0,1.0,6/43,11.51%,SIX2;HES1;SIX1;FUZ;DYNC2I1;POLR2D
ERICH1,GO_Biological_Process_2023,prerank,MAPK Cascade (GO:0000165),0.2551872230347217,0.7142002633222891,0.9957173447537473,1.0,1.0,29/98,18.42%,PLVAP;RASGRP3;IKBKB;CCL5;IGF1;MEF2A;DUSP9;LGALS9;CTSH;TAOK2;SHANK3;DUSP7;MAPKAPK2;CDK1;MAPK3;HSF1;YWHAE;MAP2K6;MAP3K5;MAP2K1;MINK1;KDR;MAP3K13;RBX1;TGFB1;BRAF;MAP3K4;TNIK;NF1
ERICH1,GO_Biological_Process_2023,prerank,Innate Immune Response-Activating Signaling Pathway (GO:0002758),0.35746391761355967,0.7140824835094172,0.8774617067833698,1.0,1.0,3/16,13.43%,NOD1;LACC1;NLRP1
ERICH1,GO_Biological_Process_2023,prerank,Negative Regulation Of Tumor Necrosis Factor-Mediated Signaling Pathway (GO:0010804),-0.3325161823374833,-0.7139296135742428,0.9090909090909091,1.0,1.0,8/21,24.18%,NAIP;H2BC11;TRAIP;PELI3;PTPN2;ZNF675;XIAP;CCDC3
ERICH1,GO_Biological_Process_2023,prerank,Positive Regulation Of Myeloid Leukocyte Differentiation (GO:0002763),-0.29738620095853613,-0.7139133921134002,0.9578544061302682,1.0,1.0,10/40,18.67%,IL23R;IL23A;FES;TNFRSF11A;LEF1;TNFSF11;HAX1;HCLS1;TMEM64;CD74
ERICH1,GO_Biological_Process_2023,prerank,Negative Regulation Of Epithelial Cell Migration (GO:0010633),-0.3077622053149489,-0.713308932129384,0.9407114624505929,1.0,1.0,12/33,22.53%,MARVELD3;APOH;PTEN;DUSP10;PTPRM;DAB2IP;PFN2;SYNJ2BP;SLIT2;MCC;KRIT1;EVL
ERICH1,GO_Biological_Process_2023,prerank,Epidermal Growth Factor Receptor Signaling Pathway (GO:0007173),0.28650630515676795,0.7131363494648676,0.9655913978494624,1.0,1.0,23/45,23.26%,BCAR1;ERBIN;DGKD;FAM83B;PIK3C2A;SHC1;GRB2;PLCG1;EFEMP1;TGFB1;VIL1;BRAF;PDPK1;GAB1;PIK3CA;PTPN11;ERBB2;SOS1;AKT1;EGFR;SOX9;IQGAP1;HBEGF
ERICH1,GO_Biological_Process_2023,prerank,Protein Alkylation (GO:0008213),0.32598980769658276,0.7129825915091627,0.8955223880597015,1.0,1.0,7/23,20.39%,FAM98B;CAMKMT;PRMT2;ETFBKMT;GSPT1;EEF2KMT;VCPKMT
ERICH1,GO_Biological_Process_2023,prerank,Negative Regulation Of Apoptotic Signaling Pathway (GO:2001234),0.26052836766483184,0.7129809821620914,0.9956616052060737,1.0,1.0,27/82,21.45%,PARK7;TMBIM1;IGF1;RIPK1;OPA1;PHIP;TMBIM6;BMP4;MMP9;DDX3X;PSME3;PPIF;HGF;BCL2;PRELID1;BDNF;SLC35F6;ACVR1;TCF7L2;THBS1;TRIAP1;SLC25A6;CSNK2A1;TMEM14A;PLAUR;AKT1;RELA
ERICH1,GO_Biological_Process_2023,prerank,Negative Regulation Of Intrinsic Apoptotic Signaling Pathway By P53 Class Mediator (GO:1902254),-0.3608598132468549,-0.7129167875826186,0.8813229571984436,1.0,1.0,5/16,18.67%,ING2;KDM1A;SIRT1;CD44;CD74
ERICH1,GO_Biological_Process_2023,prerank,tRNA Processing (GO:0008033),-0.2837083651577058,-0.7128839501964505,0.9772727272727273,1.0,1.0,19/49,24.73%,LCMT2;RPP30;RPP21;DDX1;PUS3;THUMPD1;TSEN54;THG1L;ADAT1;FAM98A;TRIT1;RTRAF;TRNT1;SSB;TSEN2;PTCD1;DTWD1;KARS1;TRMT10C
ERICH1,GO_Biological_Process_2023,prerank,"Retrograde Protein Transport, ER To Cytosol (GO:0030970)",-0.35179758927211574,-0.7127999583124346,0.8825831702544031,1.0,1.0,5/17,13.27%,OS9;SEL1L;DERL2;SELENOS;HSP90B1
ERICH1,GO_Biological_Process_2023,prerank,Actin Filament Capping (GO:0051693),-0.34931917882562147,-0.7126963262761745,0.8757281553398059,1.0,1.0,3/18,12.20%,CAPZA1;FLII;CAPZA2
ERICH1,GO_Biological_Process_2023,prerank,Barbed-End Actin Filament Capping (GO:0051016),-0.34931917882562147,-0.7126963262761745,0.8757281553398059,1.0,1.0,3/18,12.20%,CAPZA1;FLII;CAPZA2
ERICH1,GO_Biological_Process_2023,prerank,Regulation Of Rho Protein Signal Transduction (GO:0035023),0.2651940572292546,0.7122048236361135,0.9935622317596566,1.0,1.0,10/73,11.92%,ABRA;EPS8L2;PRAG1;NELL1;RTN4R;ITGA3;MYO9B;ROBO1;MCF2L;CCDC125
ERICH1,GO_Biological_Process_2023,prerank,Positive Regulation Of Lipid Catabolic Process (GO:0050996),0.33360241500523613,0.7121833161446985,0.9266802443991853,1.0,1.0,4/20,14.91%,PLIN5;TWIST1;IRS1;ABCD1
ERICH1,GO_Biological_Process_2023,prerank,Regulation Of Epithelial Cell Differentiation (GO:0030856),-0.3530350359463682,-0.711928258148239,0.8759842519685039,1.0,1.0,7/18,24.89%,DSPP;GATA3;CEBPB;OXSR1;CD24;PRKX;CEACAM1
ERICH1,GO_Biological_Process_2023,prerank,Canonical Wnt Signaling Pathway (GO:0060070),-0.27235986862145684,-0.7116985366553165,0.9888475836431226,1.0,1.0,15/64,18.32%,WNT4;GATA3;WNT3;WNT9B;LRRK2;WNT3A;PTEN;FZD3;FRAT1;LEF1;LRP5;DVL3;FZD8;SIAH2;NR4A2
ERICH1,GO_Biological_Process_2023,prerank,Negative Regulation Of Fat Cell Differentiation (GO:0045599),-0.31081121122721705,-0.7108734464729016,0.9474671669793621,1.0,1.0,13/32,24.88%,BMP2;PTGR3;TRIB3;SIRT1;FERMT2;WWTR1;ENPP1;E2F1;ANKRD26;ZFP36L2;FLCN;BMAL1;RORA
ERICH1,GO_Biological_Process_2023,prerank,Lysosomal Transport (GO:0007041),-0.2556341657354161,-0.7107596688032107,1.0,1.0,1.0,33/103,22.13%,SPTBN5;SLC30A2;RAB7B;CHMP4A;PLEKHF1;HGSNAT;SORT1;IGF2R;VIPAS39;LRP1;CHMP4C;PIK3R4;CHMP5;NPC1;EPG5;USE1;ALS2;ARSB;GCC2;CHMP3;VPS16;CLEC16A;CHMP1A;VPS52;ZFYVE16;AP4M1;VPS18;VPS4A;MTM1;FHIP1B;TMEM106B;HMGXB4;CHMP6
ERICH1,GO_Biological_Process_2023,prerank,Phospholipid Biosynthetic Process (GO:0008654),0.3181045755336499,0.7105256054765015,0.9424603174603174,1.0,1.0,10/26,14.71%,SRD5A3;FITM2;PCYT2;FADS1;SPHK2;IDI1;SGMS2;AGPAT4;SAMD8;PIP5K1A
ERICH1,GO_Biological_Process_2023,prerank,Protein Destabilization (GO:0031648),0.30145589622730196,0.7104563544746076,0.9437229437229437,1.0,1.0,8/36,13.83%,NR1D1;PRNP;CAPN3;FBXW11;CTSH;GSN;CDC73;DERL1
ERICH1,GO_Biological_Process_2023,prerank,Positive Regulation Of Cellular Metabolic Process (GO:0031325),-0.2843534730871984,-0.7103820131085559,0.9619047619047619,1.0,1.0,18/56,21.73%,LIPT2;IFNAR1;GATA3;CCNB1;HLA-G;F2;SIRT1;TGFBR2;AGT;ZC3H12A;YPEL3;ACTN3;DCXR;IL10RB;AKR1C3;ROMO1;MAPK14;CGAS
ERICH1,GO_Biological_Process_2023,prerank,Nucleic Acid-Templated Transcription (GO:0097659),0.2907233652780803,0.7102726196164388,0.9624217118997912,1.0,1.0,10/40,15.95%,MED20;TCEA1;MEF2A;SCX;TCEANC;EPC1;CREBL2;PDE10A;SMAD2;MLF1
ERICH1,GO_Biological_Process_2023,prerank,Fat Cell Differentiation (GO:0045444),-0.27133092239780837,-0.7102505502940798,0.990530303030303,1.0,1.0,22/62,23.03%,ADGRF5;STEAP4;GDF6;EGR2;MKKS;CEBPA;OSBPL8;SIRT1;CTBP2;KLF4;SMAD6;ZFPM2;BBS4;MED1;NR4A2;CTBP1;METRNL;EP300;SOX8;OSBPL11;TMEM120B;AKT2
ERICH1,GO_Biological_Process_2023,prerank,Regulation Of Autophagosome Assembly (GO:2000785),-0.2976219494554645,-0.7101901414216472,0.9660377358490566,1.0,1.0,17/39,25.48%,EFNB1;SCFD1;LRRK2;LRSAM1;RAB1B;PHF23;UBQLN2;SNX4;SH3GLB1;MOAP1;TBC1D14;MTM1;RAB3GAP2;MTMR3;FEZ1;RAB5A;PIKFYVE
ERICH1,GO_Biological_Process_2023,prerank,Lipid Modification (GO:0030258),-0.2931198634518738,-0.71013089812048,0.9547169811320755,1.0,1.0,10/42,13.02%,PLPP4;PLPPR1;ALOX15;CYP2E1;ALOX5;PLA2G7;MBOAT7;PLPP5;PLPP2;DGKA
ERICH1,GO_Biological_Process_2023,prerank,Protein Localization To Golgi Apparatus (GO:0034067),-0.3174942921971979,-0.7100044709263316,0.9118198874296435,1.0,1.0,10/28,20.18%,RIPOR1;OBSL1;VPS13C;ARL1;GOLPH3;RAB33B;RAB6A;GCC2;CSNK1D;OPTN
ERICH1,GO_Biological_Process_2023,prerank,Positive Regulation Of Proteolysis (GO:0045862),-0.27746741884737947,-0.7098536595751472,0.9810246679316889,1.0,1.0,13/59,15.35%,GBA1;CTSK;BTRC;BAK1;PACSIN3;ASPH;TNFRSF1B;CTSS;CCBE1;ZC3H12A;RCAN3;ATP5IF1;NLRC4
ERICH1,GO_Biological_Process_2023,prerank,Negative Regulation Of Carbohydrate Metabolic Process (GO:0045912),0.30979786667807163,0.7094985983903235,0.9267241379310345,1.0,1.0,8/30,16.92%,FBP1;CBFA2T3;C1QTNF3;ERFE;MST1;C1QTNF12;CLK2;TGFB1
ERICH1,GO_Biological_Process_2023,prerank,Regulation Of Vascular Endothelial Growth Factor Receptor Signaling Pathway (GO:0030947),0.3324107729778575,0.7093589062170611,0.8784648187633263,1.0,1.0,6/22,14.68%,EMILIN1;NELL1;HGS;ITGA5;PTPN1;MMRN2
ERICH1,GO_Biological_Process_2023,prerank,Negative Regulation Of Cation Channel Activity (GO:2001258),-0.3145104209919025,-0.7093065566904754,0.9312977099236641,1.0,1.0,9/28,22.64%,CLIC2;DRD4;CALM3;KCNAB1;TRDN;UBQLN1;SRI;FKBP1B;FMR1
ERICH1,GO_Biological_Process_2023,prerank,Protein Localization To Chromatin (GO:0071168),0.3079159615539569,0.7092944390356323,0.9463917525773196,1.0,1.0,13/31,21.52%,FAM47E;MRNIP;MMS22L;MACROH2A2;MACROH2A1;LEMD2;RUVBL2;PLK1;CENPA;PARP1;CTCFL;CHMP7;RAD21
ERICH1,GO_Biological_Process_2023,prerank,Negative Regulation Of Amyloid Precursor Protein Catabolic Process (GO:1902992),0.3429152158085812,0.7092280711282514,0.9111111111111111,1.0,1.0,8/18,20.67%,IGF1;PRNP;CHRNA7;BIN1;RTN3;PICALM;RTN1;SORL1
ERICH1,GO_Biological_Process_2023,prerank,Presynaptic Endocytosis (GO:0140238),-0.30974082472083536,-0.7091833078688724,0.9301470588235294,1.0,1.0,13/31,24.02%,SNCB;STON1;CDK5;PIP5K1C;SNCA;DNM1;DNM3;VAMP2;SYNJ2;STX1A;AP2B1;OPHN1;PACSIN1
ERICH1,GO_Biological_Process_2023,prerank,Sulfation (GO:0051923),-0.3522969958694434,-0.7086224655249191,0.8796680497925311,1.0,1.0,2/16,6.20%,SULT1B1;CHST5
ERICH1,GO_Biological_Process_2023,prerank,DNA Modification (GO:0006304),-0.34611324302351276,-0.7086035494986895,0.8984674329501916,1.0,1.0,5/17,19.30%,MBD4;NEIL2;OGG1;UNG;MUTYH
ERICH1,GO_Biological_Process_2023,prerank,Regulation Of Lipoprotein Lipase Activity (GO:0051004),-0.35682669310428194,-0.7085152003231727,0.8735849056603774,1.0,1.0,3/15,18.97%,APOH;SORT1;APOC1
ERICH1,GO_Biological_Process_2023,prerank,Regulation Of Cell-Cell Adhesion Mediated By Cadherin (GO:2000047),0.3466803790987026,0.707808894370434,0.901840490797546,1.0,1.0,6/17,18.62%,SERPINF2;FOXA2;MAD2L2;PTPRU;TJP1;PPM1F
ERICH1,GO_Biological_Process_2023,prerank,Positive Regulation Of Double-Strand Break Repair (GO:2000781),0.2591515460498124,0.707459594371807,0.9977064220183486,1.0,1.0,29/84,20.06%,BRD7;MRNIP;DPF2;HDGFL2;MAD2L2;KMT5B;OOEP;MBTD1;SHLD2;EPC1;TIMELESS;SMCHD1;SMARCA4;FUS;SMARCD1;KDM4D;KAT5;RUVBL2;SPIDR;EPC2;SMARCB1;SMARCC2;SMARCD3;HELQ;PARP1;TRRAP;SMARCC1;PRKDC;EP400
ERICH1,GO_Biological_Process_2023,prerank,Autophagy Of Mitochondrion (GO:0000422),0.2843117159627611,0.7070797486581124,0.9568034557235421,1.0,1.0,10/48,14.02%,MAP1LC3A;SNX33;MAP1LC3C;TAFAZZIN;SNX7;ATG4B;MAP1LC3B;WIPI2;FUNDC2;LRBA
ERICH1,GO_Biological_Process_2023,prerank,Regulated Exocytosis (GO:0045055),-0.28278031837988443,-0.7070127433658578,0.9748653500897666,1.0,1.0,23/51,25.17%,STXBP1;CPLX4;OTOF;CLTRN;RAB26;CDK5;PIP5K1C;SYT6;RAB31;SNCA;ABCC4;SYT11;RAB10;CPLX2;VAMP2;RIMS1;STX1A;RAB11FIP2;TMEM79;SNAPIN;LYN;STEAP2;SYNGR1
ERICH1,GO_Biological_Process_2023,prerank,Negative Regulation Of Phagocytosis (GO:0050765),-0.35740058983966716,-0.7069716897011517,0.877906976744186,1.0,1.0,8/15,24.16%,PLSCR1;PIP4P2;SYT11;APPL1;SIRPA;RACK1;SNX3;HMGB1
ERICH1,GO_Biological_Process_2023,prerank,Positive Regulation Of Actin Filament Bundle Assembly (GO:0032233),0.2802635076685914,0.7062269851273826,0.9743589743589743,1.0,1.0,19/51,23.99%,SERPINF2;ARHGEF10;NELL1;LIMCH1;FHOD1;EPHA1;PXN;CCDC88A;VIL1;CARMIL1;PFN1;PPM1F;MTSS1;S100A10;RGCC;TESK1;RAPGEF3;ITGB1BP1;SORBS3
ERICH1,GO_Biological_Process_2023,prerank,Regulation Of Protein Metabolic Process (GO:0051246),-0.2568378892053983,-0.7062189921172511,0.9948979591836735,1.0,1.0,22/96,16.38%,GSAP;GBA1;ELP6;SPOP;CHEK2;ELP4;APP;METTL18;PKP3;DDX25;CNDP1;MAPKAPK5;MSI1;PCIF1;AGT;UHRF1;EIF2S1;MAPK8;ROCK2;SPOPL;INHBA;KLF4
ERICH1,GO_Biological_Process_2023,prerank,Receptor Recycling (GO:0001881),-0.35316668378153376,-0.7059773888453904,0.8878504672897196,1.0,1.0,8/17,26.76%,PEX12;PLEKHJ1;PHETA1;PEX6;PEX10;NSG1;USP9X;PLEKHA3
ERICH1,GO_Biological_Process_2023,prerank,Vitamin Transport (GO:0051180),-0.2981041429098219,-0.7058612453698189,0.9557692307692308,1.0,1.0,7/39,12.92%,NPC1L1;SLC2A4;CBLIF;SLC2A14;SLC19A3;LRP2;SLC25A32
ERICH1,GO_Biological_Process_2023,prerank,Platelet Aggregation (GO:0070527),-0.29757686398446537,-0.7058229070126616,0.9574074074074074,1.0,1.0,2/35,1.97%,STXBP1;FERMT3
ERICH1,GO_Biological_Process_2023,prerank,Entrainment Of Circadian Clock By Photoperiod (GO:0043153),-0.3315302513138078,-0.7058222017646155,0.9314285714285714,1.0,1.0,13/22,25.11%,SIK1;USP2;FBXL17;PER3;CRY1;RBM4;MTA1;PPP1CC;PPP1CB;PML;PDE6B;ID2;RBM4B
ERICH1,GO_Biological_Process_2023,prerank,Vesicle-Mediated Transport Between Endosomal Compartments (GO:0098927),-0.32281862565151137,-0.705756889487749,0.9302325581395349,1.0,1.0,12/24,26.47%,PIK3R4;STX8;ANKRD27;FHIP1B;HOOK1;SNF8;RAB5A;EMP2;PIK3C3;EEA1;BECN1;RAB7A
ERICH1,GO_Biological_Process_2023,prerank,Regulation Of DNA Metabolic Process (GO:0051052),-0.24690104229285367,-0.7056976687089541,1.0,1.0,1.0,46/124,25.27%,STOX1;XRCC5;ACTR5;CDK9;SMC5;CHRAC1;KAT2B;TFPT;PARG;TAF10;NSMCE1;SUPT7L;SMARCA5;GRHL2;SMG6;BARD1;MYC;INO80E;UBE2N;NSMCE4A;TAF7;SMC3;INO80B;ACTL6A;ORC3;PPP2CA;TADA2B;NUCKS1;ESCO2;YY1;SIRT7;ATXN7L3;USP1;RUVBL1;TADA3;SMG1;KAT2A;ACTR8;INO80C;USP37;ING4;DEPDC1B;HNRNPD;INO80D;NSMCE3;HELB
ERICH1,GO_Biological_Process_2023,prerank,Positive Regulation Of Telomere Capping (GO:1904355),-0.3496815784196219,-0.7056425980719443,0.8907103825136612,1.0,1.0,5/16,19.07%,TNKS2;NABP2;MAPKAPK5;PRKCQ;MAP2K7
ERICH1,GO_Biological_Process_2023,prerank,Protein Localization To Cell-Cell Junction (GO:0150105),0.35358143678009335,0.7053783235751164,0.896328293736501,1.0,1.0,6/15,19.41%,ILDR1;SCRIB;PAK2;TJP1;CHAF1B;LSR
ERICH1,GO_Biological_Process_2023,prerank,Protein Localization To Plasma Membrane (GO:0072659),-0.24503569656686708,-0.7051115757900133,1.0,1.0,1.0,53/132,25.18%,STXBP1;KCNB1;KCNB2;PRAM1;ATP1B3;F11R;TMEM150A;PLEKHF1;RAMP1;ZDHHC22;CACNB3;PKP3;RAB3D;CACNB2;RAB8A;LRPAP1;FLOT2;NECTIN3;ROCK2;SPTBN1;EPB41L3;RAB10;PDZK1;TSPAN14;KCNIP4;PIGW;ACTN2;CRB3;PRPH2;INPP5K;FYB2;RAB40A;EFR3B;C2CD5;PALS1;SPTBN4;WDR72;P2RY1;TTC7B;ROCK1;RAB40C;GORASP2;CD81;ANK3;PACSIN1;DPP6;RAB8B;PSMD10;DENND4C;RAPGEF2;EMP2;TNFRSF1A;FLOT1
ERICH1,GO_Biological_Process_2023,prerank,snRNA 3'-End Processing (GO:0034472),-0.33273119765246495,-0.7048379819429497,0.9223484848484849,1.0,1.0,13/21,29.13%,INTS12;EXOSC3;EXOSC7;TUT1;INTS5;EXOSC9;TOE1;INTS1;INTS9;INTS8;INTS7;INTS14;EXOSC6
ERICH1,GO_Biological_Process_2023,prerank,Negative Regulation Of Notch Signaling Pathway (GO:0045746),0.3109725059267525,0.7047049769829922,0.9465020576131687,1.0,1.0,6/27,20.12%,CDK3;HEY1;HIF1AN;YTHDF2;NIBAN2;ZBTB7A
ERICH1,GO_Biological_Process_2023,prerank,Cellular Response To UV (GO:0034644),0.26056155159968536,0.7045144713733943,1.0,1.0,1.0,25/78,20.92%,MC1R;SPAM1;HYAL1;MMP3;CRIP1;TENT4A;DDB2;MMP9;HYAL2;NLRP1;ZBTB1;PTPRK;ST20;RUVBL2;XPA;RBX1;AURKB;BMF;MMP2;TRIAP1;PARP1;RHNO1;CDC25A;TP53;H2AC25
ERICH1,GO_Biological_Process_2023,prerank,Negative Regulation Of Lipid Storage (GO:0010888),0.33510365089907307,0.7044282555955654,0.9256900212314225,1.0,1.0,4/18,17.24%,IL6;TTC39B;NR1H3;PPARG
ERICH1,GO_Biological_Process_2023,prerank,Cellular Response To Transforming Growth Factor Beta Stimulus (GO:0071560),0.25655291961352367,0.7041866627717575,0.9977578475336323,1.0,1.0,24/96,17.63%,LRRC32;LTBP2;NRROS;JUN;SMAD3;ZFYVE9;HPGD;HYAL2;TWSG1;PTPRK;FOS;USP9Y;WFIKKN1;WWOX;BAMBI;PXN;SMAD2;PDCD5;ITGB1;SOX6;TGFB1;SMAD7;GDF15;ITGB5
ERICH1,GO_Biological_Process_2023,prerank,External Encapsulating Structure Organization (GO:0045229),-0.25340696263597035,-0.7040840316602792,1.0,1.0,1.0,27/108,21.31%,MMP20;NPNT;ADAMTS14;COL7A1;CCDC80;ADAMTS3;COL17A1;APP;COL15A1;SPOCK2;ADAMTS16;MANSC4;ADAMTS5;ST7;HPSE2;VIT;COL4A2;COL5A1;COL8A1;ADAMTS19;ADAMTSL4;SPINT1;COL8A2;THSD4;MATN3;MMP24;MATN1
ERICH1,GO_Biological_Process_2023,prerank,Peripheral Nervous System Development (GO:0007422),-0.3359849280265003,-0.7040206723178237,0.8979591836734694,1.0,1.0,9/20,22.36%,GFRA3;EGR2;SOX10;PMP22;SCN8A;SERPINI1;ALDH3A2;SOX8;GPC1
ERICH1,GO_Biological_Process_2023,prerank,Positive Regulation Of Supramolecular Fiber Organization (GO:1902905),-0.2571407641249934,-0.7039921888094618,1.0,1.0,1.0,29/95,22.64%,ALOX15;SYNPO;FES;APP;CDC42EP3;TRPV4;CRACD;WHAMM;DRG1;CDK5RAP2;ARL2;GPX1;HCK;NCK1;PTK2B;MYLK3;PFN2;SYNPO2;CLASP1;PSEN1;CDC42EP2;OCLN;MAPT;CDK5R1;MET;BAIAP2L2;RB1;EVL;VASP
ERICH1,GO_Biological_Process_2023,prerank,Regulation Of Cyclin-Dependent Protein Serine/Threonine Kinase Activity (GO:0000079),0.26013428122181526,0.7039654628293622,0.9977924944812362,1.0,1.0,14/79,13.62%,CDK5R2;CCNO;CCND3;PDGFB;CCNB3;CCNE2;SERTAD1;PROX1;HEXIM2;CCNF;PSRC1;CCNA2;LATS1;TFAP4
ERICH1,GO_Biological_Process_2023,prerank,Transport Along Microtubule (GO:0010970),-0.3416350966507011,-0.7035853153440864,0.9245283018867925,1.0,1.0,7/19,19.20%,KXD1;APP;CDC42;SPG11;BLOC1S1;BAG3;BORCS6
ERICH1,GO_Biological_Process_2023,prerank,Cellular Response To BMP Stimulus (GO:0071773),0.2665448827408116,0.7033581225962776,0.9936440677966102,1.0,1.0,18/65,19.64%,INHBB;VSTM2A;SLC39A5;SCX;HJV;BMP7;SMURF1;BMP4;RGMB;ACVR2A;MAPK3;USP9Y;GDF3;TGFB1;PPARG;ACVR2B;FAM83G;BMPR1B
ERICH1,GO_Biological_Process_2023,prerank,Synaptic Vesicle Cycle (GO:0099504),-0.2966325616289431,-0.7033460753076688,0.9498069498069498,1.0,1.0,14/37,21.01%,CPLX4;OTOF;SLC18A2;WNT3A;SLC17A6;CDK5;PIP5K1C;BRSK1;SNCA;PLD2;CPLX2;VAMP2;RIMS1;STX1A
ERICH1,GO_Biological_Process_2023,prerank,Porphyrin-Containing Compound Biosynthetic Process (GO:0006779),0.3279496839896154,0.7031536602239822,0.9354838709677419,1.0,1.0,10/21,20.31%,UROS;HCRT;RSAD1;HMBS;NFE2L1;FLVCR1;ALAS1;TSPO;SLC25A38;COX15
ERICH1,GO_Biological_Process_2023,prerank,Cellular Response To Radiation (GO:0071478),0.2824532019312344,0.7030318773815311,0.9730337078651685,1.0,1.0,14/46,20.63%,RRH;RHOB;TRPM1;GRB2;KDM4D;TANK;SPIDR;BRCA2;CLOCK;RHNO1;TNKS1BP1;RAD9A;TP53;BRCA1
ERICH1,GO_Biological_Process_2023,prerank,Positive Regulation Of Catabolic Process (GO:0009896),0.26011328316277843,0.7029620742523056,0.99581589958159,1.0,1.0,22/79,19.48%,TNFAIP3;APC2;TNFSF13B;CSNK2A3;RILP;GSK3B;SMURF1;VPS11;MAGEF1;DACT1;MSN;DCAF1;EZR;GPC3;CDK5RAP3;RBX1;RDX;STX5;CSNK2A1;IDE;FOXO1;SEC22B
ERICH1,GO_Biological_Process_2023,prerank,Negative Regulation Of Protein Phosphorylation (GO:0001933),-0.2407363874768657,-0.7022294693127792,1.0,1.0,1.0,47/148,22.64%,TARBP2;TRIM27;SFN;TRIB3;PRKRIP1;PPM1E;DUSP19;FBLN1;LRRK2;CIB1;CALM3;PTEN;CHP1;RASSF2;SAMSN1;CALM1;DAB2IP;SNCA;LRP1;PRKCD;ZC3H12A;NLRP12;SIRPA;NCK1;IMPACT;TAF7;SMAD6;ERRFI1;IBTK;WWTR1;ENPP1;PRR5L;INPP5K;OCLN;GNAQ;GSKIP;CRKL;RTRAF;MVP;NIBAN1;SLIT2;CEP43;RACK1;RB1;QARS1;THY1;DNAJC10
ERICH1,GO_Biological_Process_2023,prerank,Synaptic Vesicle Exocytosis (GO:0016079),0.286520784553298,0.7021658088414946,0.9651972157772621,1.0,1.0,11/41,17.07%,CPLX1;STX19;SNPH;PCLO;RIMS3;UNC13A;SNAP25;RAB3A;SYT1;STX2;SYT7
ERICH1,GO_Biological_Process_2023,prerank,Negative Regulation Of Osteoblast Differentiation (GO:0045668),0.30484846940210153,0.702117357737989,0.9484304932735426,1.0,1.0,5/32,7.18%,GREM1;TNN;TWIST1;SUFU;SEMA4D
ERICH1,GO_Biological_Process_2023,prerank,"DNA Damage Response, Signal Transduction By P53 Class Mediator (GO:0030330)",0.29759529677505797,0.7020555361252582,0.9611231101511879,1.0,1.0,15/36,22.33%,MUC1;RPS6KA6;BCL3;TFAP4;HIPK2;KAT5;GTSE1;USP10;MYO6;MDM4;TRIAP1;TP53;RPS27L;PAXIP1;NBN
ERICH1,GO_Biological_Process_2023,prerank,Energy Derivation By Oxidation Of Organic Compounds (GO:0015980),-0.2875429583837293,-0.702032955357803,0.9724770642201835,1.0,1.0,13/42,22.52%,ADGRF5;CYCS;UQCRB;COX8A;COX6C;NDUFS4;MTLN;UQCRC2;LEPR;CHCHD5;COX6A1;COX5A;UQCRH
ERICH1,GO_Biological_Process_2023,prerank,Muscle Tissue Morphogenesis (GO:0060415),-0.3480617237761499,-0.7018947604097389,0.9031620553359684,1.0,1.0,2/17,5.99%,BMP2;NOTCH1
ERICH1,GO_Biological_Process_2023,prerank,Negative Regulation Of Response To Wounding (GO:1903035),-0.32050532724405306,-0.7018105158604837,0.9278752436647173,1.0,1.0,3/24,7.04%,EPHA4;CD109;ALOX5
ERICH1,GO_Biological_Process_2023,prerank,Negative Regulation Of Supramolecular Fiber Organization (GO:1902904),0.260629376449782,0.7016964661799124,0.9936708860759493,1.0,1.0,27/71,23.58%,TBCD;APC2;EMILIN1;TAOK1;CRYAB;HDGFL3;SHANK3;MAPRE1;IAPP;MAP2;CYRIB;EML2;PFDN4;PFDN6;DYRK1A;PFN1;ARFGEF1;PFDN2;TPX2;PIK3CA;NAV3;SMAD4;CAV3;LIMA1;SHANK1;STMN2;CLU
ERICH1,GO_Biological_Process_2023,prerank,Innate Immune Response In Mucosa (GO:0002227),0.3357746478518081,0.701403882724828,0.9051918735891648,1.0,1.0,2/20,13.13%,H2BC21;FAU
ERICH1,GO_Biological_Process_2023,prerank,Regulation Of Cell-Substrate Junction Assembly (GO:0090109),0.33567603248342137,0.7013299910842942,0.8935281837160751,1.0,1.0,7/21,14.29%,DUSP3;CORO1C;CAMSAP3;GPM6B;LIMCH1;FYN;LDB1
ERICH1,GO_Biological_Process_2023,prerank,Non-Motile Cilium Assembly (GO:1905515),0.30419504696978467,0.700955823010374,0.9578313253012049,1.0,1.0,18/31,23.37%,VANGL2;BBS10;GORAB;TBC1D32;ENKD1;TMEM216;TMEM107;DISC1;ARL13B;CEP89;IFT122;CC2D2A;TOGARAM1;RPGRIP1L;DCTN1;TMEM80;BBS1;MBD1
ERICH1,GO_Biological_Process_2023,prerank,Neurotransmitter Transport (GO:0006836),0.2771247274366896,0.7009186059176247,0.9834368530020704,1.0,1.0,14/52,17.72%,HRH3;SLC1A6;SNPH;PDZD11;UNC13A;SNAP25;NRXN2;GABRA2;SLC22A1;SYT1;SLC17A7;NRXN1;LIN7A;SLC1A1
ERICH1,GO_Biological_Process_2023,prerank,Endoplasmic Reticulum To Golgi Vesicle-Mediated Transport (GO:0006888),-0.248183278988421,-0.7007983575396578,0.9981447124304267,1.0,1.0,38/115,25.04%,VAPA;STEEP1;MIA2;PGAP1;ERGIC2;SCFD1;GOLT1A;TMED1;SEC24B;RAB1B;SEC13;GOLGA2;PDCD6;WHAMM;YIF1A;TRAPPC2B;TRAPPC6B;PREB;LMAN1;USE1;YKT6;TRAPPC3;TRAPPC2L;COPA;TRAPPC13;SEC22A;TRAPPC11;TRIP11;TMED5;KDELR3;TRAPPC2;BET1;COPE;CNIH4;HYOU1;USO1;SEC22C;TRAPPC12
ERICH1,GO_Biological_Process_2023,prerank,Focal Adhesion Assembly (GO:0048041),0.3241279431798986,0.7007578677555106,0.9360824742268041,1.0,1.0,8/21,14.89%,THSD1;SORBS1;TAOK2;PTPRK;ARHGEF7;CTTN;PIP5K1A;RHOD
ERICH1,GO_Biological_Process_2023,prerank,G1/S Transition Of Mitotic Cell Cycle (GO:0000082),-0.2701706901534628,-0.7007463932451017,0.9925925925925926,1.0,1.0,29/63,25.94%,CCND1;KLF11;CDKN3;CAMK2A;CDK5;ZNF324;EIF4EBP1;HINFP;MYC;CDK4;E2F2;DBF4;CDK18;CUL2;E2F1;CUL1;PLK3;CCNE1;NPAT;CDK16;CDKN1B;USP37;TFDP1;BACH1;CDK2;CDKN1A;RCC1;CDK15;CCND2
ERICH1,GO_Biological_Process_2023,prerank,Positive Regulation Of Cell-Substrate Junction Organization (GO:0150117),0.32175289754493264,0.7007381781450158,0.9251101321585903,1.0,1.0,7/23,18.62%,DUSP3;NELL1;TSC1;COL16A1;KDR;ARF6;PPM1F
ERICH1,GO_Biological_Process_2023,prerank,Mitotic Cell Cycle Checkpoint Signaling (GO:0007093),-0.3209075583220747,-0.700551261435504,0.9099804305283757,1.0,1.0,10/25,21.67%,RAD50;NABP2;CHEK1;SETMAR;CHMP4C;RBBP8;BARD1;ZFYVE19;VPS4A;PLK3
ERICH1,GO_Biological_Process_2023,prerank,Negative Regulation Of Mitotic Cell Cycle (GO:0045930),0.30032198215672096,0.700481229965697,0.9599109131403119,1.0,1.0,7/33,11.93%,BCL6;ZWINT;BMP7;BMP4;SCRIB;AURKAIP1;CHFR
ERICH1,GO_Biological_Process_2023,prerank,Dendritic Spine Organization (GO:0097061),0.32202588471065263,0.7004424474147787,0.9281045751633987,1.0,1.0,10/26,19.66%,PRNP;CHRNA7;ITGA3;DOCK10;FYN;SHANK3;DIP2A;DLG4;LGMN;MTMR2
ERICH1,GO_Biological_Process_2023,prerank,Negative Regulation Of Epithelial Cell Proliferation (GO:0050680),-0.26643989750794467,-0.6999680554608122,0.9922630560928434,1.0,1.0,21/70,22.46%,CDKN2B;GATA3;MARVELD3;ALOX5;APOH;DUSP10;PTPRM;DAB2IP;ATP5IF1;ATP5F1A;TGFBR3;CNMD;SOX2;MED1;AQP11;TGFB2;GDF5;SYNJ2BP;MCC;KRIT1;CDKN1C
ERICH1,GO_Biological_Process_2023,prerank,DNA Double-Strand Break Processing (GO:0000729),-0.36284607439402505,-0.699889679198167,0.8938547486033519,1.0,1.0,5/15,15.58%,EXD2;RAD50;SETMAR;RBBP8;UBE2N
ERICH1,GO_Biological_Process_2023,prerank,Regulation Of Telomerase RNA Localization To Cajal Body (GO:1904872),-0.34879987442132104,-0.6998715845093791,0.900990099009901,1.0,1.0,9/17,25.99%,CCT5;PARN;EXOSC10;CCT6A;DKC1;NOP10;RUVBL1;SHQ1;CCT3
ERICH1,GO_Biological_Process_2023,prerank,Regulation Of NMDA Receptor Activity (GO:2000310),0.34616232602223834,0.6997728188622845,0.8875502008032129,1.0,1.0,5/16,14.39%,CRH;DAPK1;NLGN1;RELN;CAPN1
ERICH1,GO_Biological_Process_2023,prerank,Ureteric Bud Development (GO:0001657),-0.33613936126239347,-0.6997171181145727,0.9205702647657841,1.0,1.0,5/18,10.96%,CER1;NPNT;SIX1;FOXJ1;LHX1
ERICH1,GO_Biological_Process_2023,prerank,Regulation Of Mitotic Nuclear Division (GO:0007088),-0.2786697649974059,-0.699437875458615,0.9961464354527938,1.0,1.0,17/56,19.46%,CCNB1;CUL7;OBSL1;CHEK1;DRD3;PIN1;USP44;EGF;CDK5RAP2;DUSP1;INSR;LRP5;L3MBTL1;NUP62;PRMT5;AURKA;FBXO43
ERICH1,GO_Biological_Process_2023,prerank,Positive Regulation Of Leukocyte Cell-Cell Adhesion (GO:1903039),-0.29281924215240623,-0.6992923356275694,0.9619047619047619,1.0,1.0,13/42,22.51%,ITGB2;GNAO1;HLA-DOB;RHOA;SIRPA;TNFSF11;PRKCQ;HLA-DMA;CD44;NFAT5;CCL2;LCK;THY1
ERICH1,GO_Biological_Process_2023,prerank,Positive Regulation Of Cellular Component Organization (GO:0051130),-0.24731676930928462,-0.6992099209199447,0.998158379373849,1.0,1.0,42/113,25.89%,TPPP;GBA1;SMPD1;ADD1;DAB2;BAK1;DAB2IP;IGF1R;SNCA;LRP1;ABCB7;GPX1;BNIP3;SH3GLB1;INSR;SURF4;PROM2;AJUBA;LMAN1;SYK;CRB3;PPP1R15A;NRG1;CDC42EP2;MTLN;CALY;TGFB2;RACK1;ANXA2;RB1;CAMK1;VEGFA;BIK;ATP10A;RUNX1;FNIP2;FLOT1;APOE;RHOC;SUMO1;ASAP1;CLIP3
ERICH1,GO_Biological_Process_2023,prerank,Regulation Of Epithelial Cell Migration (GO:0010632),-0.2806500523539038,-0.6990106734089959,0.9826923076923076,1.0,1.0,15/50,17.75%,GLIPR2;INSL3;MARVELD3;PTK2;DUSP10;SRC;BMPR2;DAB2IP;PTN;PFN2;ENPP2;RTN4;ARSB;MACF1;CLASP1
ERICH1,GO_Biological_Process_2023,prerank,Regulation Of Cardiac Muscle Contraction (GO:0055117),0.29616120795590667,0.6988584180367903,0.96,1.0,1.0,14/35,22.36%,SCN10A;NPPA;STC1;PDE4B;CHGA;PRKACA;PDE4D;SMAD7;SLC9A1;TNNI3;ASB3;CAV3;KCNQ1;ANK2
ERICH1,GO_Biological_Process_2023,prerank,Prostanoid Metabolic Process (GO:0006692),0.34465580389940725,0.6984994992995011,0.9125,1.0,1.0,1/16,1.18%,AKR1C2
ERICH1,GO_Biological_Process_2023,prerank,Endosome To Lysosome Transport Via Multivesicular Body Sorting Pathway (GO:0032510),-0.3594078249754401,-0.6981277322676889,0.9032882011605415,1.0,1.0,7/15,22.13%,CHMP4A;UBXN6;CHMP4C;CHMP5;CHMP3;VPS4A;CHMP6
ERICH1,GO_Biological_Process_2023,prerank,Regulation Of Cytokinesis (GO:0032465),-0.26060982351829903,-0.6978312659641653,0.9945054945054945,1.0,1.0,27/80,22.01%,CALM3;DRD3;PIN1;CDC42;RHOA;CALM1;CENPV;CHMP4C;MAP9;PIK3R4;PRPF40A;ECT2;E2F7;SH3GLB1;KLHL21;CDC14A;BBS4;E2F8;AURKA;UVRAG;ZFYVE19;BCL2L1;ENTR1;VPS4A;PLK3;PKN2;KIF14
ERICH1,GO_Biological_Process_2023,prerank,Regulation Of Primary Metabolic Process (GO:0080090),0.28219169692860113,0.6978053528956486,0.985200845665962,1.0,1.0,17/43,21.81%,NR1D1;PM20D2;TM6SF2;PLCG2;ZFP69;PSAP;RNF213;PLPP1;OPA3;MACROH2A1;GPS2;FGFR4;PPARG;PPARD;ADIPOR1;NCOA2;LACTB
ERICH1,GO_Biological_Process_2023,prerank,Regulation Of Monoatomic Cation Transmembrane Transport (GO:1904062),0.29077316420304833,0.6975963675155591,0.9787685774946921,1.0,1.0,8/39,13.80%,KCNAB3;WNK3;KCNE2;HCN1;KCNH2;FGF12;KCNE5;KCNN2
ERICH1,GO_Biological_Process_2023,prerank,Protein Sumoylation (GO:0016925),0.2813881466618582,0.6974210692693569,0.9635974304068522,1.0,1.0,11/45,15.74%,CBX4;RNF212B;PIAS3;EID3;SMC6;SAE1;SUMO3;UBE2I;EYA1;HDAC9;ZBED1
ERICH1,GO_Biological_Process_2023,prerank,Phosphatidic Acid Biosynthetic Process (GO:0006654),0.3113220021433421,0.6974062548859643,0.93125,1.0,1.0,10/29,20.10%,DGKZ;SLC27A1;DGKD;GNPAT;GPAT3;AGPAT4;AGPAT1;DGKB;AGPAT3;MBOAT2
ERICH1,GO_Biological_Process_2023,prerank,Positive Regulation Of B Cell Proliferation (GO:0030890),-0.309862045712209,-0.6972589366453231,0.9226190476190477,1.0,1.0,4/29,12.08%,CHRNB2;TNFRSF13C;MEF2C;NFATC2
ERICH1,GO_Biological_Process_2023,prerank,Regulation Of Kinase Activity (GO:0043549),-0.2598731407384196,-0.696979119394975,0.9962894248608535,1.0,1.0,31/82,24.97%,TIE1;DRD4;FGFR3;FLT3;RAD50;NTRK1;FLT4;NTRK2;ROR2;PIFO;IGF1R;SOD1;ECT2;INSR;CD74;MAPT;TYRO3;FLT1;SMG8;IRS2;MET;RB1;PLCE1;CDKN1C;RBL2;FGFR1;MERTK;CDKN1B;HLA-DRB1;EMP2;CCNYL1
ERICH1,GO_Biological_Process_2023,prerank,Positive Regulation Of Ossification (GO:0045778),-0.2875751296919167,-0.6969226625132254,0.9664031620553359,1.0,1.0,12/41,20.30%,BMP2;WNT4;BMP6;ALOX5;MEF2C;ATP2B1;BMPR2;PTN;ZBTB16;OXSR1;BMPR1A;SLC20A2
ERICH1,GO_Biological_Process_2023,prerank,Regulation Of Potassium Ion Transmembrane Transporter Activity (GO:1901016),0.3161489833780706,0.6969041380016026,0.9326732673267327,1.0,1.0,8/26,18.03%,FHL1;STK39;KCNS1;KCNE2;CAB39;YWHAE;ITGB1;DLG1
ERICH1,GO_Biological_Process_2023,prerank,Plasma Membrane Organization (GO:0007009),0.26129333810597166,0.696448503234723,0.9958246346555324,1.0,1.0,22/71,18.67%,TLCD2;CXCR4;SERP1;SNX33;P2RX7;FA2H;BIN1;ARL8B;EHD2;RAB3A;PLSCR4;ABCA7;TLCD1;FNBP1L;ABCD1;CHMP1B;STX2;SYT7;VPS4B;SNX9;CHMP2B;SNX18
ERICH1,GO_Biological_Process_2023,prerank,Negative Regulation Of mRNA Catabolic Process (GO:1902373),-0.289026868313097,-0.6962769757383204,0.9660377358490566,1.0,1.0,10/40,15.98%,TENT5D;NOCT;THRAP3;RBM24;PKP3;EIF4ENIF1;PAIP1;NRDE2;CIRBP;IREB2
ERICH1,GO_Biological_Process_2023,prerank,Learning (GO:0007612),-0.2886524970004052,-0.6961424378128516,0.9704251386321626,1.0,1.0,12/43,17.43%,CHRNB2;NTRK2;CLDN5;DRD3;BRSK1;SYT11;INSR;MAP1A;CNTNAP2;PTN;YTHDF1;MAPK8IP2
ERICH1,GO_Biological_Process_2023,prerank,Positive Regulation Of Stem Cell Differentiation (GO:2000738),-0.34097110518449325,-0.6960413160388705,0.9011627906976745,1.0,1.0,7/17,22.29%,RBM24;MTCH2;SIRT6;PTN;TGFB2;NUDT21;SOX5
ERICH1,GO_Biological_Process_2023,prerank,mRNA Methylation (GO:0080009),0.3530073511943149,0.6958995451488784,0.8930817610062893,1.0,1.0,5/15,21.90%,TRMT61A;VIRMA;WTAP;TRMT61B;TRMT6
ERICH1,GO_Biological_Process_2023,prerank,Fatty Acid Oxidation (GO:0019395),0.27496955698433184,0.6955759786104379,0.9850746268656716,1.0,1.0,19/52,21.41%,ACSM1;HSD17B4;ACADS;ECI2;DECR1;MCAT;PHYH;ACOX1;SCP2;ILVBL;HACL1;AUH;HADHB;ACAA1;ADH5;PPARD;ACADM;ADIPOR1;ACAT2
ERICH1,GO_Biological_Process_2023,prerank,Cardiac Muscle Cell Action Potential (GO:0086001),0.299735809640257,0.6954274435151874,0.9519832985386222,1.0,1.0,8/29,17.48%,SCN10A;KCNE2;KCNH2;FGF12;SCN4B;SCN3B;YWHAE;PKP2
ERICH1,GO_Biological_Process_2023,prerank,Protein Acylation (GO:0043543),0.28808260437082883,0.6953390392340625,0.9722814498933902,1.0,1.0,11/37,19.32%,ZDHHC5;ZDHHC17;ZDHHC15;GLUL;ZDHHC6;ZDHHC18;ZDHHC21;ZDHHC8;GTF2B;ZDHHC2;FOXO1
ERICH1,GO_Biological_Process_2023,prerank,Glucose Transmembrane Transport (GO:1904659),0.3182830364499678,0.695323873205884,0.9352226720647774,1.0,1.0,8/22,19.58%,HNF1A;SLC2A2;SLC2A11;SLC2A7;SLC2A10;RAB4B;SLC2A6;PPARD
ERICH1,GO_Biological_Process_2023,prerank,Vesicle Fusion (GO:0006906),-0.25793252375366704,-0.6950548899298794,1.0,1.0,1.0,30/79,25.48%,STXBP1;RAB7B;CHMP4A;VAMP1;CLTRN;TOM1;VIPAS39;SNCA;CHMP4C;RAB8A;CHMP5;SYT11;RUBCNL;STX8;CHMP3;VPS16;UVRAG;CHMP1A;STX4;VAMP2;STX7;VPS18;VPS4A;CHMP6;BET1;TSNARE1;RAB8B;CLN3;EEA1;PIKFYVE
ERICH1,GO_Biological_Process_2023,prerank,Positive Regulation By Host Of Viral Process (GO:0044794),-0.3427665394876357,-0.6947993607903079,0.9105367793240556,1.0,1.0,5/17,19.62%,VAPA;IGF2R;PAIP1;ZNF502;NUCKS1
ERICH1,GO_Biological_Process_2023,prerank,Regulation Of Focal Adhesion Assembly (GO:0051893),0.2770580472558747,0.6946438485084947,0.975929978118162,1.0,1.0,19/54,21.58%,DUSP3;CORO1C;NELL1;CAMSAP3;GPM6B;ARHGAP6;LIMCH1;FAM107A;FYN;TSC1;BCAS3;LDB1;COL16A1;KDR;PPM1F;THBS1;SLC9A1;S100A10;DAPK3
ERICH1,GO_Biological_Process_2023,prerank,Axon Extension (GO:0048675),0.31719901953528334,0.6943401556716311,0.9308855291576674,1.0,1.0,4/22,9.76%,SEMA3F;NELL1;PPP3CB;SEMA5B
ERICH1,GO_Biological_Process_2023,prerank,Regulation Of Tissue Remodeling (GO:0034103),-0.33671862325145707,-0.6940684079793593,0.9273422562141491,1.0,1.0,2/19,6.09%,IL23A;FLT4
ERICH1,GO_Biological_Process_2023,prerank,Positive Regulation Of Glucose Import (GO:0046326),0.3130820781117991,0.6937946812063097,0.9544468546637744,1.0,1.0,9/25,14.38%,IGF1;CAPN10;ERFE;PRKCI;SORBS1;IRS1;FGF19;C1QTNF12;CREBL2
ERICH1,GO_Biological_Process_2023,prerank,Regulation Of Epithelial To Mesenchymal Transition (GO:0010717),0.25887650223833336,0.693189770290049,1.0,1.0,1.0,27/83,21.49%,GREM1;IL6;ALX1;FOXA2;TWIST1;SDCBP;MAD2L2;ZNF750;ELL3;ZNF703;PHLDB1;SMAD3;SPRED3;SPRED2;BAMBI;SMAD2;TGFB1;TGFB1I1;SMAD7;EZH2;SPRY1;USF3;CTNNB1;SMAD4;ADIPOR1;LDLRAD4;SFRP2
ERICH1,GO_Biological_Process_2023,prerank,Diterpenoid Metabolic Process (GO:0016101),-0.31150721948182936,-0.6930915812847287,0.9335863377609108,1.0,1.0,10/28,20.89%,RARRES2;DHRS3;ALDH1A1;LRP2;LRP1;ADH4;CYP4V2;E2F1;ALDH3A2;AKR1C3
ERICH1,GO_Biological_Process_2023,prerank,Regulation Of Cell Division (GO:0051302),-0.25461631821458386,-0.6930068424116456,0.9963031423290203,1.0,1.0,32/83,25.45%,SFN;KAT2B;KDF1;CIB1;EFHC1;CALM3;PIN1;HTR2B;SMYD5;CALM1;PIK3R4;PRPF40A;MYC;SH3GLB1;INSC;KLHL21;BBS4;AURKA;UVRAG;FGF1;BCL2L1;PRDM15;ENTR1;RACK1;PLK3;TADA3;KAT2A;GIT1;FLCN;PRC1;PIK3C3;BECN1
ERICH1,GO_Biological_Process_2023,prerank,Negative Regulation Of Transposition (GO:0010529),0.3158695975428499,0.6928169564486061,0.9375,1.0,1.0,4/25,10.02%,PIWIL2;PIWIL1;APOBEC3D;APOBEC3F
ERICH1,GO_Biological_Process_2023,prerank,Positive Regulation Of Nitric Oxide Metabolic Process (GO:1904407),0.3104081665900525,0.6920661530212905,0.9431072210065645,1.0,1.0,4/28,14.54%,KLF2;SMAD3;DDAH2;CD36
ERICH1,GO_Biological_Process_2023,prerank,Acylglycerol Metabolic Process (GO:0006639),-0.29067593589418617,-0.6917091884395321,0.9593810444874274,1.0,1.0,11/41,20.11%,LCP1;APOH;MGLL;PNPLA2;SEL1L;DGKA;ABHD2;GCK;DGAT2;APOC1;DGKK
ERICH1,GO_Biological_Process_2023,prerank,In Utero Embryonic Development (GO:0001701),-0.3154851439808383,-0.6916864265499201,0.9474671669793621,1.0,1.0,12/27,24.42%,BMP2;STIL;FUT8;HINFP;CHD7;TFEB;SOX8;ARNT2;MBNL1;PKD1;VEGFA;FLCN
ERICH1,GO_Biological_Process_2023,prerank,Glycoprotein Catabolic Process (GO:0006516),0.3396277368495223,0.6915116988734714,0.9096509240246407,1.0,1.0,4/16,15.44%,MMP12;CTSL;FBXO27;EDEM2
ERICH1,GO_Biological_Process_2023,prerank,Cell Projection Organization (GO:0030030),-0.3284126616847345,-0.6915086763190526,0.942,1.0,1.0,5/20,15.36%,QRICH2;CSPG5;PARVG;PARVB;NEFH
ERICH1,GO_Biological_Process_2023,prerank,Positive Regulation Of Protein Modification By Small Protein Conjugation Or Removal (GO:1903322),-0.25828209087950105,-0.6914456862053192,0.9942748091603053,1.0,1.0,25/78,19.87%,PIAS1;GSK3A;UBE2D1;SEPTIN4;LRRK2;MUL1;KDM1A;DCUN1D2;PHF23;BCL10;BIRC2;GNL3;ZC3H12A;DCUN1D5;CRY1;COMMD1;UBQLN1;TSPYL5;SPHK1;RIPK2;TBC1D7;CENPS;FBXO33;UBB;FANCI
ERICH1,GO_Biological_Process_2023,prerank,Regulation Of Mitotic Cell Cycle Phase Transition (GO:1901990),-0.25435163968829205,-0.6913958222784863,0.9964093357271095,1.0,1.0,38/86,25.77%,CDKN2B;SMARCD2;CDKN2A;AMBRA1;NPM2;CDK7;DPF1;BCL7C;ARID2;ANLN;SMARCA2;APPL1;CDC23;CDK4;CDC14A;ACTL6A;DPF3;AURKA;PPP2CA;DDB1;XPC;SMARCE1;PPP1R9B;E2F1;PBRM1;BCL7A;KIF14;PKD1;KCNH5;ACTL6B;CDKN1B;ZFP36L2;NEK11;ID2;CDK2;CDKN1A;TMEM14B;CDC6
ERICH1,GO_Biological_Process_2023,prerank,Regulation Of Transport (GO:0051049),-0.28357335162695385,-0.6913930583443508,0.9719298245614035,1.0,1.0,15/44,20.46%,SCFD1;LRRK2;FES;MUL1;GAPVD1;CDK5;TMEM102;SNCA;SURF4;REEP5;PLD2;LEPR;PLD1;PTPRN2;VAMP2
ERICH1,GO_Biological_Process_2023,prerank,Positive Regulation Of Stress-Activated MAPK Cascade (GO:0032874),0.24816900395689506,0.6913681354811636,1.0,1.0,1.0,25/105,19.06%,SERPINF2;TNFRSF19;EDAR;STK39;MAP3K10;SDCBP;RIPK1;STK25;TAOK1;RASGRP1;SASH1;BMP4;TAOK2;FGF19;TIRAP;HIPK2;IGFBP6;UNC5CL;MAP3K5;MINK1;MAP3K4;MFHAS1;TNIK;TPD52L1;MTURN
ERICH1,GO_Biological_Process_2023,prerank,Regulation Of Cellular Senescence (GO:2000772),0.29463871760873095,0.6912694668710168,0.9513742071881607,1.0,1.0,13/35,20.91%,AMH;TWIST1;NEK6;NUAK1;RBL1;ZKSCAN3;FZR1;VASH1;FBXO5;TERF2;TP53;YBX1;AKT3
ERICH1,GO_Biological_Process_2023,prerank,Protein Localization To Chromosome (GO:0034502),0.2853937658176022,0.6911485910238293,0.9612903225806452,1.0,1.0,17/40,22.02%,FAM47E;MRNIP;MMS22L;BOD1;TINF2;TERF2IP;PINX1;TPP1;TNKS;LEMD2;PLK1;CENPA;PARP1;TERF2;CHMP7;RAD21;HASPIN
ERICH1,GO_Biological_Process_2023,prerank,Protein Import Into Nucleus (GO:0006606),0.2550614360072276,0.6907114362700653,1.0,1.0,1.0,30/78,22.68%,NPAP1;MMP12;FAM53A;NUP50;FAM53B;TNPO3;TPR;RGPD5;NUP93;KPNA2;BCL3;KPNA6;NUTF2;NUP54;RGPD8;RPAIN;NUP153;IPO11;NXT1;KPNA1;RANGRF;NUP98;RANBP17;AKT1;PRICKLE1;KPNA5;CSE1L;TNPO1;GCKR;RPL17
ERICH1,GO_Biological_Process_2023,prerank,Cognition (GO:0050890),0.2794553457064136,0.6904751860875475,0.981404958677686,1.0,1.0,15/44,21.34%,LINS1;HRH3;CHRNA7;DOP1B;FAM107A;SLC8A2;SOBP;GPR155;STRA6;NF1;CHMP2B;GRM5;SETD5;RP9;MGAT3
ERICH1,GO_Biological_Process_2023,prerank,Negative Regulation Of Platelet Activation (GO:0010544),0.3428150030089052,0.6902037266798239,0.9308943089430894,1.0,1.0,5/15,14.88%,NOS3;PDGFB;PRKG1;PDGFRA;CD9
ERICH1,GO_Biological_Process_2023,prerank,Negative Regulation Of Neuron Projection Development (GO:0010977),-0.2747345846742214,-0.690147769086905,0.9869158878504672,1.0,1.0,21/54,23.08%,KIAA0319;MINAR1;EPHA4;EFNB2;RUFY3;CIB1;WNT3A;PTEN;TRPV4;PTPN9;FKBP4;MGARP;LPAR1;KANK1;BAG5;GDI1;MYLIP;HDAC2;RTN4RL2;THY1;EFNB3
ERICH1,GO_Biological_Process_2023,prerank,Regulation Of Reactive Oxygen Species Metabolic Process (GO:2000377),0.2718559851850129,0.6895676763768878,0.9915074309978769,1.0,1.0,10/56,15.49%,NOXA1;PLIN5;AGTR1;PDGFB;RIPK1;PID1;SPHK2;GRB2;SIRT2;NOXO1
ERICH1,GO_Biological_Process_2023,prerank,Negative Regulation Of Amide Metabolic Process (GO:0034249),-0.2527545226000125,-0.6892574548659908,1.0,1.0,1.0,32/93,21.61%,EPHA4;NTRK2;TIA1;ZAR1L;PAIP2;EIF4E2;RTN2;PAIP2B;PIN1;EIF4ENIF1;MALSU1;ILF3;PCIF1;FXR1;IFRD2;SERBP1;GIGYF2;NCL;RBM4;LSM14A;PATL2;SPHK1;TYMS;RTN4;NHLRC3;RNF139;SHMT1;DHFR;TRIM3;ROCK1;RACK1;DHX36
ERICH1,GO_Biological_Process_2023,prerank,Sulfur Compound Biosynthetic Process (GO:0044272),-0.26583636975891417,-0.6891139510784133,0.9929453262786596,1.0,1.0,13/68,13.58%,B3GNT3;EXTL1;GGTA1;CHST5;PAPSS1;DSE;B4GALT4;CDO1;NDST3;B4GAT1;CHST6;CHST13;LIAS
ERICH1,GO_Biological_Process_2023,prerank,Cardiac Muscle Cell Development (GO:0055013),0.3088819548818876,0.6890893058302797,0.9539078156312625,1.0,1.0,4/26,11.53%,MYH11;LRRC27;FHOD3;PDGFRA
ERICH1,GO_Biological_Process_2023,prerank,Regulation Of Sodium Ion Transport (GO:0002028),0.2966532388270062,0.6888697480130791,0.9598393574297188,1.0,1.0,12/35,18.03%,P2RX7;PER1;WNK3;NKAIN2;FGF12;GPD1L;SCN4B;NKAIN1;SCN3B;ATP2B4;PKP2;DLG1
ERICH1,GO_Biological_Process_2023,prerank,Regulation Of Catabolic Process (GO:0009894),0.3187511225356489,0.6886694572553407,0.9304174950298211,1.0,1.0,12/22,24.97%,HGS;NUB1;TMEM9;LATS1;UBE3A;ITGB1;CENATAC;ZDHHC2;FAF1;SCARB2;MDM2;FURIN
ERICH1,GO_Biological_Process_2023,prerank,Regulation Of Dendrite Morphogenesis (GO:0048814),0.2983712541124795,0.6884867575322269,0.9704724409448819,1.0,1.0,15/31,20.99%,SEMA4D;GSK3B;IL1RAPL1;DPYSL5;CAPRIN2;KNDC1;GORASP1;CDKL3;CHRNA3;HECW2;TNIK;RAP2A;LZTS1;SS18L1;CAPRIN1
ERICH1,GO_Biological_Process_2023,prerank,Regulation Of Plasma Membrane Bounded Cell Projection Organization (GO:0120035),0.3041809179454732,0.688361960926417,0.9629629629629629,1.0,1.0,7/28,15.39%,NTNG1;GSK3B;CTNNA2;IL1RAPL1;NDEL1;ZNF804A;CCDC88A
ERICH1,GO_Biological_Process_2023,prerank,Positive Regulation Of Peptidase Activity (GO:0010952),-0.313955454319849,-0.688274073453911,0.9523809523809523,1.0,1.0,5/25,14.00%,VSIR;CTSK;PSENEN;CTSS;RCAN3
ERICH1,GO_Biological_Process_2023,prerank,Regulation Of Cholesterol Biosynthetic Process (GO:0045540),-0.349805340807045,-0.6879661905701328,0.9016064257028112,1.0,1.0,4/15,20.10%,SOD1;LPCAT3;ERLIN2;FGF1
ERICH1,GO_Biological_Process_2023,prerank,Regulation Of Transferase Activity (GO:0051338),-0.33265147926109395,-0.6877899964189299,0.9203187250996016,1.0,1.0,8/21,24.95%,NABP2;KAT2B;SMG6;FEM1A;BAG5;PPP1R3F;PUM3;EMP2
ERICH1,GO_Biological_Process_2023,prerank,Regulation Of Centriole Replication (GO:0046599),-0.337133104261614,-0.6872303365050254,0.8994197292069632,1.0,1.0,5/18,17.18%,KAT2B;STIL;CDK5RAP2;NPM1;NUP62
ERICH1,GO_Biological_Process_2023,prerank,Glycosphingolipid Metabolic Process (GO:0006687),-0.30376977047653086,-0.687012475728953,0.9683794466403162,1.0,1.0,8/32,16.28%,B4GALNT1;B3GALNT1;SMPD1;NEU3;ABCA2;CPTP;GM2A;GALC
ERICH1,GO_Biological_Process_2023,prerank,Cytoplasmic Translational Initiation (GO:0002183),-0.29843411495211764,-0.686968020850101,0.9586466165413534,1.0,1.0,10/30,23.92%,EIF2S3B;EIF2B3;NCBP1;RBM4;EIF4A2;NCBP2;SLBP;EIF3D;MCTS1;EIF3H
ERICH1,GO_Biological_Process_2023,prerank,DNA-templated Transcription Elongation (GO:0006354),-0.3145135408629456,-0.6868405020826213,0.9611829944547134,1.0,1.0,10/26,21.25%,EAF2;CDK9;ELP4;SUPT16H;LEO1;GTF2F2;TCEA2;PBRM1;GTF2F1;SKIC8
ERICH1,GO_Biological_Process_2023,prerank,Cell Surface Receptor Signaling Pathway Involved In Cell-Cell Signaling (GO:1905114),0.30619734953245265,0.6866910254479706,0.9376218323586745,1.0,1.0,7/27,12.60%,P2RX7;PLCG2;FZD2;NXN;FZD4;BMP4;DDX3X
ERICH1,GO_Biological_Process_2023,prerank,Intracellular Lipid Transport (GO:0032365),-0.3350044511327688,-0.6860724775016361,0.9157088122605364,1.0,1.0,10/17,25.65%,SLC25A20;GRAMD1B;ABCD3;CERT1;CPT2;GLTP;CPT1A;GRAMD1A;CPT1B;ARV1
ERICH1,GO_Biological_Process_2023,prerank,Regulation Of Protein Localization To Cell Periphery (GO:1904375),-0.3296238662502899,-0.6859677962095916,0.9085820895522388,1.0,1.0,9/20,25.28%,CDK5;SIRT6;APPL1;SPTBN1;STX8;STX7;VPS4A;CLN3;MMP14
ERICH1,GO_Biological_Process_2023,prerank,Regulation Of Sodium Ion Transmembrane Transporter Activity (GO:2000649),0.28465716434478694,0.685914170512861,0.9739478957915831,1.0,1.0,12/36,17.93%,STK39;WNK3;FXYD1;FGF12;GPD1L;SCN4B;WNK2;SCN3B;UTRN;PRKCE;FXYD6;HECW2
ERICH1,GO_Biological_Process_2023,prerank,Long-Chain fatty-acyl-CoA Biosynthetic Process (GO:0035338),-0.3473772857798049,-0.6858682446103188,0.9,1.0,1.0,3/17,11.85%,ELOVL3;ELOVL2;ELOVL5
ERICH1,GO_Biological_Process_2023,prerank,Positive Regulation Of Granulocyte Chemotaxis (GO:0071624),-0.3225706218537675,-0.685205166476286,0.9289719626168225,1.0,1.0,4/21,22.93%,XCL1;CD74;RIPOR2;CAMK1D
ERICH1,GO_Biological_Process_2023,prerank,DNA Biosynthetic Process (GO:0071897),-0.3419609426219949,-0.6844361596314197,0.9083969465648855,1.0,1.0,10/17,26.66%,WRN;SIRT1;HROB;TYMS;POLD1;RFC3;POLL;TERT;WRNIP1;POLD2
ERICH1,GO_Biological_Process_2023,prerank,Regulation Of Intracellular Protein Transport (GO:0033157),0.28753607896831807,0.6844248407363835,0.9916492693110647,1.0,1.0,19/36,24.20%,GSK3B;IFI27;TPR;ICE1;PTPN1;NDEL1;BMP4;CEP131;BCAS3;B3GAT3;TGFB1;KIF20B;ZFAND1;UHMK1;TENM1;OAZ2;FRAT2;MBD1;OAZ1
ERICH1,GO_Biological_Process_2023,prerank,Positive Regulation Of Double-Strand Break Repair Via Homologous Recombination (GO:1905168),0.2888355880796766,0.6838671242239747,0.9789029535864979,1.0,1.0,15/36,20.87%,MRNIP;HDGFL2;OOEP;MBTD1;EPC1;TIMELESS;FUS;KAT5;RUVBL2;EPC2;HELQ;PARP1;TRRAP;EP400;BRD8
ERICH1,GO_Biological_Process_2023,prerank,Signal Release From Synapse (GO:0099643),0.28104117018797636,0.6834445678161808,0.9771784232365145,1.0,1.0,12/38,17.46%,CPLX1;HRH3;SNPH;PCLO;PDZD11;UNC13A;SNAP25;RAB3A;NRXN2;SYT1;NRXN1;LIN7A
ERICH1,GO_Biological_Process_2023,prerank,Negative Regulation Of Viral Entry Into Host Cell (GO:0046597),0.32976812545292594,0.6833988575959092,0.9275653923541247,1.0,1.0,6/18,20.16%,CIITA;GSN;IFITM2;TRIM26;IFITM1;TRIM5
ERICH1,GO_Biological_Process_2023,prerank,Transepithelial Transport (GO:0070633),0.3345776414125845,0.6828745143382966,0.9226190476190477,1.0,1.0,6/17,17.72%,RHCG;BEST1;CLCN7;ABCG2;ABCC1;SLC1A1
ERICH1,GO_Biological_Process_2023,prerank,Regulation Of Centrosome Duplication (GO:0010824),0.30160985022259906,0.6828380013149026,0.9658848614072495,1.0,1.0,11/30,18.45%,PKHD1;FBXW5;CEP295;CCNF;CEP131;GEN1;CHMP1B;VPS4B;CENATAC;PDCD6IP;CHMP2B
ERICH1,GO_Biological_Process_2023,prerank,Positive Regulation Of Mitotic Cell Cycle (GO:0045931),0.3065474993670505,0.6827800040312902,0.9501039501039501,1.0,1.0,12/27,23.93%,NKX3-1;DUSP3;ASNS;CCDC57;CDC25B;HSF1;LGMN;KLHL18;SMOC2;CUL3;USP22;MDM2
ERICH1,GO_Biological_Process_2023,prerank,ERK1 And ERK2 Cascade (GO:0070371),0.30844581918404307,0.6826362330475303,0.970917225950783,1.0,1.0,8/24,16.04%,IGF1;DUSP9;LGALS9;CTSH;DUSP7;CDK1;MAP2K1;KDR
ERICH1,GO_Biological_Process_2023,prerank,Protein Lipidation (GO:0006497),0.2619056498921431,0.6822211391703327,0.9956709956709957,1.0,1.0,19/61,19.57%,TP53INP2;ZDHHC5;ZDHHC17;ZDHHC15;GLUL;WIPI2;PGAP3;ZDHHC6;ZDHHC18;ZDHHC21;ZDHHC8;ATG16L1;PIGP;MPPE1;PIGV;PIGL;WDR45;ZDHHC2;PIGB
ERICH1,GO_Biological_Process_2023,prerank,Macromolecule Biosynthetic Process (GO:0009059),0.22641277950841146,0.6820521704035586,1.0,1.0,1.0,47/182,20.56%,EEF1A2;ASMT;ZAR1;SLC11A1;MRPL37;IGF2BP3;EEF2;HBS1L;MRPS11;MRPL43;AGO2;RPL36AL;MRPL9;COPS5;EXT2;FAU;TNIP1;MRPL52;EXT1;RPL31;ALAS1;RPL10;MRPL14;SARS1;MRPL55;GSPT1;EEF1B2;FARSB;MRPL13;RPL7A;RPS6;RPS15;EEF1A1;HARS2;RPS16;FUT9;MRPS17;TUFM;SRBD1;RPL11;MRPS18A;RPL8;RPLP2;RPS25;MRPS21;RPS2;RPS8
ERICH1,GO_Biological_Process_2023,prerank,Amide Biosynthetic Process (GO:0043604),0.2722512771671208,0.6819491408925477,0.9891304347826086,1.0,1.0,12/50,15.98%,GLUD2;ASMT;ALOX12B;FA2H;NANP;SLC25A15;PCSK1;SGMS2;SAMD8;SPTLC1;GLS2;CERS6
ERICH1,GO_Biological_Process_2023,prerank,Negative Regulation Of Transforming Growth Factor Beta Receptor Signaling Pathway (GO:0030512),0.254081909918331,0.6816551359869455,0.9979838709677419,1.0,1.0,29/77,21.77%,NRROS;EID2;EMILIN1;PEG10;SMURF1;FBN1;SPRED3;SPRED2;ARID4A;FKBP1A;WFIKKN1;SF3B3;BAMBI;PMEPA1;SLC2A10;TGFB1I1;SMAD7;PPARG;SAP30L;HDAC1;PDPK1;SPRY1;SUDS3;ZBTB7A;SAP30;CAV1;LDLRAD4;SINHCAF;SIN3A
ERICH1,GO_Biological_Process_2023,prerank,Regulation Of Double-Strand Break Repair Via Homologous Recombination (GO:0010569),0.2616008687151184,0.6814059325578885,1.0,1.0,1.0,19/71,16.10%,RADX;MRNIP;SETD2;HDGFL2;MAD2L2;OOEP;MBTD1;SHLD2;EPC1;TERF2IP;TIMELESS;SMCHD1;MAGEF1;FUS;ACTB;KAT5;RUVBL2;SPIDR;EPC2
ERICH1,GO_Biological_Process_2023,prerank,Cellular Response To Acid Chemical (GO:0071229),0.295451993938725,0.6812667178210791,0.9707112970711297,1.0,1.0,8/27,20.90%,KLF2;RPTOR;LAMTOR2;LAMTOR1;RRAGD;CPEB1;SH3BP4;RRAGB
ERICH1,GO_Biological_Process_2023,prerank,Regulation Of Actin Filament Bundle Assembly (GO:0032231),-0.3130718626840446,-0.6812647090693091,0.9389763779527559,1.0,1.0,7/26,17.49%,SYNPO;PTGER4;CDC42;ROCK2;PFN2;SYNPO2;WAS
ERICH1,GO_Biological_Process_2023,prerank,Female Gamete Generation (GO:0007292),-0.294475232318555,-0.6806570763262231,0.960377358490566,1.0,1.0,7/32,17.62%,PARN;TRIP13;DMC1;IHO1;HROB;PTN;MEI4
ERICH1,GO_Biological_Process_2023,prerank,Positive Regulation Of Macroautophagy (GO:0016239),-0.26460220687143104,-0.6805474173705166,0.9962476547842402,1.0,1.0,21/62,20.92%,SCOC;HTT;AMBRA1;TOM1;LRSAM1;SESN3;SIRT1;CALCOCO2;SNX4;BNIP3;WAC;SH3GLB1;SESN1;RNF31;EPM2A;BAG3;MOAP1;SLC25A5;UVRAG;OPTN;SESN2
ERICH1,GO_Biological_Process_2023,prerank,DNA Damage Checkpoint Signaling (GO:0000077),-0.2914214889831252,-0.6805155436683332,0.9659090909090909,1.0,1.0,12/34,22.95%,HUS1;CHEK2;CHEK1;FBXO6;CLSPN;CEP63;HINFP;USP28;ERCC4;E2F1;TIPRL;ATRIP
ERICH1,GO_Biological_Process_2023,prerank,Positive Regulation Of Immunoglobulin Production (GO:0002639),0.29061807694373926,0.6802904509002399,0.9774127310061602,1.0,1.0,5/34,11.63%,IL6;MAD2L2;KMT5B;SHLD2;HLA-E
ERICH1,GO_Biological_Process_2023,prerank,Mitotic Spindle Organization (GO:0007052),-0.24938282733013234,-0.6799333651440297,1.0,1.0,1.0,35/85,24.45%,CCNB1;CHEK2;EFHC1;KPNB1;STIL;KIF2A;SMC1A;MZT1;GOLGA2;RHOA;DCTN2;MAP9;RMDN1;KIF3B;LSM14A;DCTN6;SMC3;PCNT;CLASP1;NUDC;AURKA;STAG2;PIBF1;TUBG1;MAP1S;STMN1;PLK3;RAN;DYNC1H1;CENPH;INTS13;CEP126;EML1;TBCE;PRC1
ERICH1,GO_Biological_Process_2023,prerank,Positive Regulation Of Vascular Associated Smooth Muscle Cell Proliferation (GO:1904707),-0.33028771766049947,-0.6799128771673864,0.9508196721311475,1.0,1.0,3/20,4.48%,HTR1B;FGF9;P2RY6
ERICH1,GO_Biological_Process_2023,prerank,Negative Regulation Of Epithelial To Mesenchymal Transition (GO:0010719),-0.30333462620551643,-0.6799087298457016,0.9623762376237623,1.0,1.0,6/30,13.39%,EPHA4;GATA3;PTEN;FUZ;DAB2IP;SDHAF2
ERICH1,GO_Biological_Process_2023,prerank,Photoperiodism (GO:0009648),-0.31489849178571394,-0.6798087111383694,0.9467680608365019,1.0,1.0,13/23,25.11%,SIK1;USP2;FBXL17;PER3;CRY1;RBM4;MTA1;PPP1CC;PPP1CB;PML;PDE6B;ID2;RBM4B
ERICH1,GO_Biological_Process_2023,prerank,Negative Regulation Of Secretion By Cell (GO:1903531),-0.2857557064489953,-0.6790625485067159,0.9839357429718876,1.0,1.0,9/40,15.68%,HTR1B;DRD4;NOTCH1;CYP51A1;DRD3;TNFRSF1B;SNCA;SYT11;ERP29
ERICH1,GO_Biological_Process_2023,prerank,Nuclear-Transcribed mRNA poly(A) Tail Shortening (GO:0000289),-0.32341491613065754,-0.6789394915852597,0.9192100538599641,1.0,1.0,9/20,20.40%,PARN;CNOT3;CNOT8;CNOT11;ZFP36;PAN2;CNOT6L;CNOT6;CNOT2
ERICH1,GO_Biological_Process_2023,prerank,Positive Regulation Of Transcription By RNA Polymerase III (GO:0045945),-0.34857713956218905,-0.6788683239304396,0.9118236472945892,1.0,1.0,8/15,24.02%,BAZ1B;SMARCA5;DDX21;ELL;MTOR;CHD8;ZNF143;DEK
ERICH1,GO_Biological_Process_2023,prerank,Regulation Of DNA Binding (GO:0051101),-0.27414563912259327,-0.6786502499483323,0.9922480620155039,1.0,1.0,19/48,25.11%,JAK2;HES1;IFI16;KDM1A;LEF1;EGF;MAPK8;HMGB2;HABP4;ILRUN;SUMO4;E2F1;CSNK2B;EDF1;HMGB1;PRKN;MDFI;TXN;NME1
ERICH1,GO_Biological_Process_2023,prerank,Regulation Of Embryonic Development (GO:0045995),-0.26092704500074315,-0.6786234917561942,0.9925512104283054,1.0,1.0,24/62,25.08%,ACTR5;KAT2B;CCSAP;TFPT;LHX1;PHLDB2;INSR;INO80E;DAG1;INO80B;CLASP1;RBM19;TRIP12;YY1;WDPCP;DHX36;RUVBL1;TADA3;PLCB1;KAT2A;ACTR8;INO80C;B4GALT5;INO80D
ERICH1,GO_Biological_Process_2023,prerank,Mitotic Spindle Assembly (GO:0090307),0.2733462691797847,0.6783952355223775,0.9917184265010351,1.0,1.0,15/44,20.35%,MAP10;ARHGEF10;OFD1;INCENP;BIRC5;KIF4A;CCDC61;KIF23;CEP192;ABRAXAS1;AURKB;KIF11;WRAP73;TPX2;FLNA
ERICH1,GO_Biological_Process_2023,prerank,Cytosolic Transport (GO:0016482),-0.23721752569986168,-0.6783689166237973,1.0,1.0,1.0,46/125,25.48%,TBC1D10C;RAB9B;TRIM27;BET1L;MAGEL2;SORT1;RAB43;VPS13C;HEATR5A;PLEKHJ1;RIC1;WASH6P;ARL1;PIK3R4;VPS26B;SLC66A2;RNF126;PHETA1;STX8;RAB6A;YKT6;GCC2;MON2;WASHC1;WIPF3;VPS52;VPS29;ANKRD27;SPAG9;SNX6;AP4M1;FHIP1B;VPS26A;WASHC2C;HOOK1;SNF8;CLN3;RAB5A;EMP2;CLN5;RHOBTB3;RAB6B;PIK3C3;EEA1;BECN1;PIKFYVE
ERICH1,GO_Biological_Process_2023,prerank,Macrophage Differentiation (GO:0030225),-0.32305654456778427,-0.6780642593092948,0.923217550274223,1.0,1.0,4/20,15.43%,GATA3;CDC42;SIRT1;CASP10
ERICH1,GO_Biological_Process_2023,prerank,Peroxisome Organization (GO:0007031),0.31029766517484236,0.6774838867332799,0.9438444924406048,1.0,1.0,13/24,26.83%,PEX11A;LONP2;DNM1L;PEX7;PEX19;PEX14;PEX16;PEX1;PEX11B;PLAAT3;PEX11G;PEX2;SEC16B
ERICH1,GO_Biological_Process_2023,prerank,Positive Regulation Of Translation (GO:0045727),-0.24316989029455907,-0.6774824785781606,1.0,1.0,1.0,41/108,25.07%,LARP4;FASTKD3;YBX3;EIF5A;CNBP;NSUN5;PCIF1;FXR1;PAIP1;CIRBP;SOX4;NPM1;MTOR;POLDIP3;NGRN;YTHDF1;RPS6KB2;CDC123;HABP4;BOLL;PLD1;UPF3B;METTL8;METTL5;GUF1;METTL14;NIBAN1;C1QBP;DHX36;LARP6;SSB;FMR1;EIF3D;PLXNB2;IGF2BP1;PASK;NAT10;TRMT10C;VIM;PRMT1;HNRNPD
ERICH1,GO_Biological_Process_2023,prerank,Neurogenesis (GO:0022008),0.2680527585372404,0.6774045085060313,0.998003992015968,1.0,1.0,14/49,22.63%,CXCR4;VXN;BTBD2;ROGDI;BTBD3;ERBB3;DCHS1;RYK;SPOCK1;TRAK2;ERBB2;EGFR;BTBD1;EPHB1
ERICH1,GO_Biological_Process_2023,prerank,B Cell Activation Involved In Immune Response (GO:0002312),0.33940776745175993,0.6773417091575488,0.8987341772151899,1.0,1.0,3/15,15.32%,CD19;GPR183;RNF8
ERICH1,GO_Biological_Process_2023,prerank,Amyloid-Beta Metabolic Process (GO:0050435),0.3414445419088256,0.6771170197688594,0.9372384937238494,1.0,1.0,6/15,21.34%,ACE;APEH;DYRK1A;IDE;PSEN2;MGAT3
ERICH1,GO_Biological_Process_2023,prerank,Regulation Of Cell Cycle G1/S Phase Transition (GO:1902806),-0.25654522657591655,-0.6771047147657518,0.9981378026070763,1.0,1.0,31/74,25.82%,CDKN2B;SMARCD2;CDKN2A;AMBRA1;TRIM39;PTEN;CDK7;DPF1;BCL7C;ARID2;SMARCA2;APPL1;SOX2;ACTL6A;DPF3;PPP2CA;SMARCE1;E2F1;PBRM1;BCL7A;APC;KIF14;PKD1;PHB2;TAF1;ACTL6B;CDKN1B;ID2;CDKN1A;TMEM14B;FBXW7
ERICH1,GO_Biological_Process_2023,prerank,Late Endosome To Vacuole Transport Via Multivesicular Body Sorting Pathway (GO:0032511),-0.31152294880825165,-0.6770447431443084,0.9561068702290076,1.0,1.0,10/24,22.13%,VPS37C;STAM2;VPS36;CHMP4C;CHMP5;VPS37B;VTA1;VPS28;VPS25;CHMP6
ERICH1,GO_Biological_Process_2023,prerank,Negative Regulation Of B Cell Activation (GO:0050869),-0.3292288333468489,-0.6767873481197644,0.9221789883268483,1.0,1.0,5/20,17.59%,FOXJ1;SAMSN1;TNFRSF21;INHBA;INHA
ERICH1,GO_Biological_Process_2023,prerank,Protein Localization To Microtubule Organizing Center (GO:1905508),-0.33609881964568017,-0.6767618401337422,0.9157088122605364,1.0,1.0,6/15,20.47%,STIL;KIAA0753;DCTN2;CSNK1D;PIBF1;CEP83
ERICH1,GO_Biological_Process_2023,prerank,Negative Regulation Of Endothelial Cell Migration (GO:0010596),-0.28182653390162127,-0.676559526236653,0.9752851711026616,1.0,1.0,11/37,21.97%,ANGPT4;NOTCH1;APOH;MEF2C;PTPRM;DAB2IP;NRG1;SYNJ2BP;SLIT2;KRIT1;CSNK2B
ERICH1,GO_Biological_Process_2023,prerank,Mitotic Sister Chromatid Cohesion (GO:0007064),-0.3250411254132356,-0.6764544885591683,0.9523809523809523,1.0,1.0,8/19,21.96%,SMC1A;NPC1;SMC3;STAG2;MAU2;NAA50;ESCO2;RB1
ERICH1,GO_Biological_Process_2023,prerank,Heterotypic Cell-Cell Adhesion (GO:0034113),-0.3006575775212328,-0.6762798681466368,0.9685767097966729,1.0,1.0,9/29,25.21%,ITGB2;MADCAM1;JAM3;ITGAV;PARVA;DSC2;CTNNA3;CXADR;DSP
ERICH1,GO_Biological_Process_2023,prerank,Intracellular Protein Transmembrane Transport (GO:0065002),0.27252564365657495,0.675945162786578,0.9897750511247444,1.0,1.0,18/46,20.29%,SEC61G;TOMM20L;PEX5;PAM16;PEX7;TRIM37;DNLZ;SEC63;TOMM40L;TIMM21;PEX14;ZFAND2B;PEX16;SEC61A1;TIMM17B;TOMM20;GRPEL1;PEX1
ERICH1,GO_Biological_Process_2023,prerank,Positive Regulation Of Cell Cycle G2/M Phase Transition (GO:1902751),-0.3066011430871413,-0.6756626852094053,0.943609022556391,1.0,1.0,7/24,16.41%,STOX1;CCND1;CCNB1;DYRK3;RCC2;NPM1;CDK4
ERICH1,GO_Biological_Process_2023,prerank,Protein K11-linked Ubiquitination (GO:0070979),-0.3094896144097018,-0.6756430181646244,0.9573283858998145,1.0,1.0,14/29,22.66%,ANAPC4;UBE2T;UBE2D4;AREL1;RNF26;ANAPC10;ANAPC11;CDC23;CDC26;ANAPC7;CDC16;UBE2B;RNF4;UBE2A
ERICH1,GO_Biological_Process_2023,prerank,Proton Motive Force-Driven ATP Synthesis (GO:0015986),-0.2619643817875459,-0.6755147986035597,0.9945155393053017,1.0,1.0,24/59,24.27%,ATP5MJ;NDUFA5;NDUFA8;ATP5F1E;NDUFB6;NDUFS2;ATP5MC3;NDUFB7;NDUFS4;NDUFV1;ATP5MF;SDHB;SDHC;ATP5MGL;NDUFA13;NDUFB8;NDUFS7;NDUFB3;NDUFV3;SDHA;NDUFA12;NDUFS8;NDUFB9;NDUFS3
ERICH1,GO_Biological_Process_2023,prerank,Heme Biosynthetic Process (GO:0006783),-0.3283555147226448,-0.6753006237458989,0.9289719626168225,1.0,1.0,7/19,14.19%,CPOX;ALAS2;COX10;ALAD;PGRMC1;UROD;ATP5IF1
ERICH1,GO_Biological_Process_2023,prerank,Regulation Of Metaphase/Anaphase Transition Of Cell Cycle (GO:1902099),0.2915467763732925,0.6744329246996182,0.9807692307692307,1.0,1.0,13/32,20.61%,BRD7;DPF2;NEK6;SMARCA4;SMARCD1;CENPE;SMARCB1;PLK1;SMARCC2;HECW2;SMARCD3;SMARCC1;UBE2C
ERICH1,GO_Biological_Process_2023,prerank,Negative Regulation Of RNA Splicing (GO:0033119),-0.3200278493221522,-0.6742214539223789,0.9223484848484849,1.0,1.0,7/19,22.48%,SAP18;RPS26;SRSF10;RPS13;RNPS1;RBM20;SRSF7
ERICH1,GO_Biological_Process_2023,prerank,Protein Methylation (GO:0006479),0.2837899554538595,0.6742012341762419,0.9759825327510917,1.0,1.0,13/35,21.82%,FAM98B;NTMT2;CAMKMT;PRMT2;CARM1;SETD3;ETFBKMT;GSPT1;EEF1AKMT3;EEF2KMT;VCPKMT;ICMT;TRMT112
ERICH1,GO_Biological_Process_2023,prerank,Regulation Of Spindle Organization (GO:0090224),-0.32358908360532823,-0.6739085684424806,0.944954128440367,1.0,1.0,9/20,25.99%,STIL;GNAI1;MAP9;NUP62;RNF4;DYNC1H1;SENP6;RAE1;CLTC
ERICH1,GO_Biological_Process_2023,prerank,Hexose Transmembrane Transport (GO:0008645),-0.3130037614699272,-0.6738380618925112,0.9609665427509294,1.0,1.0,7/22,17.64%,SLC2A4;SLC2A14;SLC45A3;SLC2A12;SLC5A9;SLC5A10;SLC2A3
ERICH1,GO_Biological_Process_2023,prerank,Triglyceride Homeostasis (GO:0070328),-0.28985711828917793,-0.6737672055288995,0.9686274509803922,1.0,1.0,6/31,18.89%,NR1H4;LCP1;SIRT1;XBP1;MTLN;DGAT2
ERICH1,GO_Biological_Process_2023,prerank,Epithelial Tube Morphogenesis (GO:0060562),0.28323619723145815,0.6732018650731088,0.9831578947368421,1.0,1.0,5/33,11.79%,NKX3-1;RHOB;PKHD1;BMP4;SCRIB
ERICH1,GO_Biological_Process_2023,prerank,Limb Development (GO:0060173),-0.29929761790920084,-0.6731213718520274,0.97131931166348,1.0,1.0,9/28,23.75%,KAT2B;KDF1;KREMEN1;INTU;KREMEN2;FGF8;ZNF141;KAT2A;RSPO2
ERICH1,GO_Biological_Process_2023,prerank,Positive Regulation Of Leukocyte Activation (GO:0002696),0.31468992143025754,0.6731018736455364,0.9488752556237219,1.0,1.0,7/20,28.35%,CLEC4D;CRLF2;THBS1;WNT5A;IRGM;CD226;TSLP
ERICH1,GO_Biological_Process_2023,prerank,Regulation Of Mitotic Metaphase/Anaphase Transition (GO:0030071),-0.26909009322273897,-0.6729382489668349,0.9926605504587156,1.0,1.0,20/49,21.96%,SMARCD2;CCNB1;DPF1;BCL7C;ARID2;USP44;CDK5RAP2;SMARCA2;DUSP1;ANAPC11;CDC23;ACTL6A;DPF3;ANAPC15;SMARCE1;ANAPC7;CDC16;PBRM1;BCL7A;RB1
ERICH1,GO_Biological_Process_2023,prerank,Regulation Of Insulin Receptor Signaling Pathway (GO:0046626),-0.2773974388633042,-0.6728812270548636,0.9946996466431095,1.0,1.0,14/44,19.62%,GSK3A;SIK2;VWA2;SIRT1;PRKCD;PRKCB;NCK1;PRKCQ;ZBTB7B;ENPP1;INPP5K;PTPN2;KANK1;NUCKS1
ERICH1,GO_Biological_Process_2023,prerank,Protein Localization To Cell Junction (GO:1902414),-0.3080375047212991,-0.6726968972353924,0.9626865671641791,1.0,1.0,7/23,16.68%,BSN;MARVELD3;ILF3;JAK1;JAM3;FERMT2;TJP2
ERICH1,GO_Biological_Process_2023,prerank,Regulation Of Dopamine Secretion (GO:0014059),-0.31482641248880494,-0.6726426319385171,0.9458955223880597,1.0,1.0,6/22,14.81%,CHRNB2;FGF20;DRD3;SYT6;SNCA;SYT11
ERICH1,GO_Biological_Process_2023,prerank,Positive Regulation Of Mitochondrion Organization (GO:0010822),0.2584061449468815,0.6725389975616335,0.997907949790795,1.0,1.0,19/58,21.31%,TNFSF10;PARK7;GSK3B;ZNF205;HRK;MMP9;DNM1L;PPIF;ZDHHC6;GPER1;KDR;PDCD5;BMF;DDHD1;BCL2L11;BBC3;TP53;MCU;PLAUR
ERICH1,GO_Biological_Process_2023,prerank,Positive Regulation Of Calcineurin-Mediated Signaling (GO:0106058),0.3243451982367338,0.6715518451935818,0.9348268839103869,1.0,1.0,2/18,8.54%,IGF1;PPP3CB
ERICH1,GO_Biological_Process_2023,prerank,Positive Regulation Of calcineurin-NFAT Signaling Cascade (GO:0070886),0.3243451982367338,0.6715518451935818,0.9348268839103869,1.0,1.0,2/18,8.54%,IGF1;PPP3CB
ERICH1,GO_Biological_Process_2023,prerank,"Positive Regulation Of Synaptic Transmission, Glutamatergic (GO:0051968)",0.31212182289200985,0.6713653760007391,0.9520833333333333,1.0,1.0,5/22,16.13%,NLGN1;RELN;SHANK3;CACNG7;NRXN1
ERICH1,GO_Biological_Process_2023,prerank,Histone Acetylation (GO:0016573),0.2593342762362645,0.6707215641219032,0.9978632478632479,1.0,1.0,14/59,16.10%,SUPT3H;TAF5;SF3B5;MBTD1;EPC1;TADA2A;TAF2;TAF9;TAF12;SF3B3;WDR5;KAT5;RUVBL2;EPC2
ERICH1,GO_Biological_Process_2023,prerank,Nuclear Transport (GO:0051169),-0.28247012771426,-0.670660045958811,0.9799635701275046,1.0,1.0,22/38,28.63%,NUP214;CITED1;SEC13;NUP133;NUP42;NPM1;NUP62;XPO1;NUP155;NUP35;NUP58;NUP205;NUP210;RANBP2;NUP107;RAE1;RBM15B;RSRC1;ANP32A;NUP88;POM121;NUP188
ERICH1,GO_Biological_Process_2023,prerank,Cell Cycle G1/S Phase Transition (GO:0044843),0.26753160411981863,0.6702630605424191,0.9978991596638656,1.0,1.0,15/52,21.17%,CDK3;CCND3;PPP6C;CCNE2;PIM2;CDC7;POLE;CCNA2;LATS1;BCAT1;GSPT1;TRIM71;CDC25A;CACUL1;LATS2
ERICH1,GO_Biological_Process_2023,prerank,Prostaglandin Biosynthetic Process (GO:0001516),-0.33225457618293924,-0.670178905327011,0.927734375,1.0,1.0,5/17,18.67%,DAGLB;PTGDS;PTGES;TBXAS1;CD74
ERICH1,GO_Biological_Process_2023,prerank,mRNA Splice Site Recognition (GO:0006376),-0.29515841838761814,-0.6699940872911814,0.9790076335877863,1.0,1.0,11/29,20.04%,NOL3;CELF6;SF3A2;LUC7L2;PRPF39;ISY1;SRSF10;PSIP1;CELF5;HNRNPC;SETX
ERICH1,GO_Biological_Process_2023,prerank,Regulation Of Microtubule Cytoskeleton Organization (GO:0070507),-0.27548204247138874,-0.6699064499174271,0.9854014598540146,1.0,1.0,14/40,21.57%,STMN4;TPPP;STMND1;MAPRE3;GAS2L1;MPDZ;EFNA5;MARK2;PHLDB2;CLASP1;MAPT;EPHA3;ROCK1;STMN1
ERICH1,GO_Biological_Process_2023,prerank,Regulation Of Stem Cell Population Maintenance (GO:2000036),-0.25967449877193816,-0.6698660090859109,0.9905123339658444,1.0,1.0,22/56,24.63%,ING2;CNOT3;WNT9B;BCL7C;TET1;SMARCA2;SIRT6;MYC;PTN;ING1;ACTL6A;BICRAL;SMARCE1;CNOT2;BCL7A;HDAC2;LOXL2;ACTL6B;KAT2A;BRMS1;CNOT1;RBBP7
ERICH1,GO_Biological_Process_2023,prerank,Neuron Migration (GO:0001764),0.2618061171169227,0.6697495416698053,0.9934924078091106,1.0,1.0,16/55,18.69%,DCDC2;PAFAH1B1;KIAA0319L;TUBGCP2;NELL1;CCK;TRIM46;RELN;DCX;ASTN1;NDNF;SEMA3E;SPOCK1;DISC1;NRCAM;GPM6A
ERICH1,GO_Biological_Process_2023,prerank,Regulation Of Aerobic Respiration (GO:1903715),-0.3370572718921191,-0.6694715234940877,0.9271653543307087,1.0,1.0,4/16,16.22%,AK4;ARL2;COX7A2L;ACTN3
ERICH1,GO_Biological_Process_2023,prerank,Regulation Of Voltage-Gated Calcium Channel Activity (GO:1901385),-0.29114102719823265,-0.6690785710118095,0.9702970297029703,1.0,1.0,6/29,13.15%,DRD4;AKAP5;CACNB3;STAC3;S100G;CACNB2
ERICH1,GO_Biological_Process_2023,prerank,Establishment Of Protein Localization To Plasma Membrane (GO:0061951),-0.2844907517262708,-0.6689960398679046,0.9810964083175804,1.0,1.0,19/37,25.61%,NSF;RAB26;RAB31;GOLPH3;NECTIN3;SPTBN1;RAB10;ATP6AP1;MACF1;GCC2;RILPL1;GGA2;OPTN;VAMP2;GORASP2;ANK3;PHAF1;GOLGA4;BBS2
ERICH1,GO_Biological_Process_2023,prerank,Autophagosome Maturation (GO:0097352),0.2755118645135187,0.6689581343915263,0.9873417721518988,1.0,1.0,12/44,18.45%,MAP1LC3A;LIX1;MAP1LC3C;VPS33B;MAP1LC3B;WIPI2;VMP1;SNX14;CHMP1B;VPS4B;VAMP8;CHMP2B
ERICH1,GO_Biological_Process_2023,prerank,Cellular Response To Epidermal Growth Factor Stimulus (GO:0071364),0.2939091634951204,0.6682981847932473,0.9659574468085106,1.0,1.0,14/27,22.75%,DUSP3;SYAP1;STAT5B;PLCG1;VIL1;MARS1;ZPR1;EEF1A1;PDPK1;PTPN11;ERBB2;EGFR;SOX9;IQGAP1
ERICH1,GO_Biological_Process_2023,prerank,Positive Regulation Of Chromosome Organization (GO:2001252),0.285171914730097,0.6680618418426404,0.9824945295404814,1.0,1.0,14/33,22.33%,SMC2;SLX4;SMC4;TINF2;NCAPG2;TERF2IP;CDK1;KAT5;MRE11;AURKB;TERF2;NCAPG;RAD21;NBN
ERICH1,GO_Biological_Process_2023,prerank,Negative Regulation Of Endothelial Cell Proliferation (GO:0001937),-0.27838969627597365,-0.668006593938548,0.9856262833675564,1.0,1.0,11/37,21.99%,ALOX5;APOH;MEF2C;PTPRM;ATP5IF1;ATP5F1A;CNMD;FLT1;SYNJ2BP;KRIT1;CCL2
ERICH1,GO_Biological_Process_2023,prerank,Regulation Of Cell Cycle Phase Transition (GO:1901987),0.30164003059711686,0.6679065512355292,0.9481765834932822,1.0,1.0,8/25,20.55%,NEK10;TFAP4;ZNF16;MLF1;ATP2B4;PLK1;TP53;ERCC2
ERICH1,GO_Biological_Process_2023,prerank,Positive Regulation Of Intracellular Transport (GO:0032388),-0.2792107183750357,-0.6675895439811972,0.9926062846580407,1.0,1.0,4/39,7.79%,RIPOR1;STRIT1;PGAP1;RUFY3
ERICH1,GO_Biological_Process_2023,prerank,Negative Regulation Of Fatty Acid Metabolic Process (GO:0045922),-0.31890364038625296,-0.6670014792058817,0.94831013916501,1.0,1.0,9/19,24.89%,TRIB3;NCOR1;ERLIN2;APOC1;ACADVL;KLHL25;WDTC1;SIRT4;CEACAM1
ERICH1,GO_Biological_Process_2023,prerank,Cell-Cell Signaling By Wnt (GO:0198738),0.30976098276322483,0.6669606260878066,0.9486166007905138,1.0,1.0,5/23,12.60%,PLCG2;FZD2;NXN;FZD4;DDX3X
ERICH1,GO_Biological_Process_2023,prerank,Positive Regulation Of CREB Transcription Factor Activity (GO:0032793),0.3245390768496536,0.6668025994071632,0.9379014989293362,1.0,1.0,5/17,15.75%,CRTC3;ADCY8;RELN;TSSK6;CD200
ERICH1,GO_Biological_Process_2023,prerank,Anterograde Axonal Transport (GO:0008089),-0.27428463186443064,-0.6667049876522961,0.9981203007518797,1.0,1.0,10/39,16.14%,KIF1B;RAB27B;SOD1;BLOC1S5;KIF3B;KIF5A;BLOC1S3;MGARP;MAP1A;BLOC1S1
ERICH1,GO_Biological_Process_2023,prerank,Negative Regulation Of Oxidative Stress-Induced Intrinsic Apoptotic Signaling Pathway (GO:1902176),-0.32918309662678485,-0.6661603303418864,0.922365988909427,1.0,1.0,8/16,26.67%,NOL3;SIRT1;SOD2;NME5;BAG5;PRKN;HTRA2;PPIA
ERICH1,GO_Biological_Process_2023,prerank,Cellular Response To Alcohol (GO:0097306),0.2639282217975992,0.6660496814230232,0.9979253112033195,1.0,1.0,10/53,16.65%,AKR1C2;ADCY6;GRAMD1C;ADCY8;OSBPL7;SPHK2;ADCY2;AHR;SPIDR;GNG2
ERICH1,GO_Biological_Process_2023,prerank,Regulation Of Endothelial Cell Migration (GO:0010594),-0.24389941687388497,-0.6659626788141824,1.0,1.0,1.0,18/88,16.18%,ANGPT4;GATA3;FLT4;PTK2;APOH;RRAS;TDGF1;PTPRM;PDCD6;BMPR2;DAB2IP;EGF;RIN2;AGT;ZC3H12A;ROCK2;PTK2B;PTN
ERICH1,GO_Biological_Process_2023,prerank,rRNA Modification (GO:0000154),-0.3257242000198747,-0.6657029412655682,0.9442231075697212,1.0,1.0,8/17,25.72%,FBLL1;FTSJ3;NSUN3;METTL5;DKC1;NOP10;NAT10;TFB1M
ERICH1,GO_Biological_Process_2023,prerank,Establishment Of Epithelial Cell Polarity (GO:0090162),-0.3257298279826401,-0.6655440929505537,0.9412878787878788,1.0,1.0,8/18,23.31%,CDC42;RHOA;GOLPH3;FBF1;SYNE4;MYO18A;SIPA1L3;OPHN1
ERICH1,GO_Biological_Process_2023,prerank,Regulation Of Mitotic Cell Cycle Spindle Assembly Checkpoint (GO:0090266),0.3240049787779617,0.6654120773317123,0.9483471074380165,1.0,1.0,7/17,18.41%,INCENP;TPR;BIRC5;GEN1;PCID2;AURKB;MAD1L1
ERICH1,GO_Biological_Process_2023,prerank,Icosanoid Biosynthetic Process (GO:0046456),0.3210690095087695,0.6649948621281981,0.9489795918367347,1.0,1.0,4/18,15.56%,LTC4S;FADS1;LTA4H;PLA2G4A
ERICH1,GO_Biological_Process_2023,prerank,Positive Regulation Of Excitatory Postsynaptic Potential (GO:2000463),-0.30906627664984826,-0.6642126283451921,0.9644970414201184,1.0,1.0,7/22,20.78%,NETO1;GRIN1;PTEN;GRIN2B;PTK2B;CUX2;RIMS1
ERICH1,GO_Biological_Process_2023,prerank,Regulation Of Presynapse Organization (GO:0099174),-0.33788363829256507,-0.6637156702535894,0.9377358490566038,1.0,1.0,4/16,18.36%,MDGA1;WNT3A;SNCA;LRFN5
ERICH1,GO_Biological_Process_2023,prerank,Regulation Of Presynapse Assembly (GO:1905606),-0.33788363829256507,-0.6637156702535894,0.9377358490566038,1.0,1.0,4/16,18.36%,MDGA1;WNT3A;SNCA;LRFN5
ERICH1,GO_Biological_Process_2023,prerank,Positive Regulation Of G2/M Transition Of Mitotic Cell Cycle (GO:0010971),-0.3089706021738688,-0.6636329347365532,0.9492481203007519,1.0,1.0,3/21,5.55%,STOX1;CCND1;CCNB1
ERICH1,GO_Biological_Process_2023,prerank,Inositol Lipid-Mediated Signaling (GO:0048017),0.2807875533374492,0.6635595763678844,0.9870689655172413,1.0,1.0,9/33,15.91%,IGF1;PLCG2;PTAFR;GPR143;PDGFRA;OCRL;PLCD1;PLCG1;EZR
ERICH1,GO_Biological_Process_2023,prerank,DNA Methylation (GO:0006306),-0.31223108688957374,-0.663378874285351,0.9486166007905138,1.0,1.0,9/20,27.10%,PICK1;DNMT3A;ZFP57;ATRX;MTRR;BEND3;PPM1D;METTL4;ZDBF2
ERICH1,GO_Biological_Process_2023,prerank,rRNA Transcription (GO:0009303),-0.3299634000129288,-0.6633248575487609,0.9318181818181818,1.0,1.0,7/17,21.03%,POLR1G;GTF3C1;TAF1B;GTF3C5;NIFK;GTF3C2;SIRT7
ERICH1,GO_Biological_Process_2023,prerank,Regulation Of Receptor Recycling (GO:0001919),-0.328477104019025,-0.662994166028159,0.9356060606060606,1.0,1.0,6/17,21.43%,NSF;SNCA;TBC1D16;ECE1;OPTN;AP1AR
ERICH1,GO_Biological_Process_2023,prerank,Cellular Response To Interleukin-6 (GO:0071354),0.2985938308614151,0.6628863193605106,0.9650655021834061,1.0,1.0,10/23,22.32%,IL6;IL6R;NFKB1;PID1;YAP1;PHB1;SMAD4;RELA;PTGIS;ST3GAL6
ERICH1,GO_Biological_Process_2023,prerank,snRNA Metabolic Process (GO:0016073),-0.31084750903494135,-0.6625184710671888,0.9620758483033932,1.0,1.0,7/21,18.52%,INTS12;RBM7;INTS4;TUT1;INTS5;SNAPC3;RPAP2
ERICH1,GO_Biological_Process_2023,prerank,Mesonephric Tubule Development (GO:0072164),-0.32837632190922683,-0.6621795445317972,0.9445544554455445,1.0,1.0,4/16,10.96%,CER1;NPNT;SIX1;LHX1
ERICH1,GO_Biological_Process_2023,prerank,Positive Regulation Of Stress-Activated Protein Kinase Signaling Cascade (GO:0070304),0.32255802645081877,0.6620666906513741,0.9323467230443975,1.0,1.0,4/18,14.42%,STK25;TAOK1;TAOK2;IGFBP6
ERICH1,GO_Biological_Process_2023,prerank,Cyclic-Nucleotide-Mediated Signaling (GO:0019935),-0.28197597578297856,-0.6611530099111645,0.9916317991631799,1.0,1.0,8/39,15.23%,SERPINB8;GHRHR;GUCY1A2;PDE2A;GUCY1B1;HTR2B;EPHA5;GLP1R
ERICH1,GO_Biological_Process_2023,prerank,Mitochondrion Disassembly (GO:0061726),0.2788624019161185,0.6610699866049234,0.9835728952772074,1.0,1.0,7/36,12.84%,MAP1LC3A;SNX33;MAP1LC3C;SNX7;MAP1LC3B;WIPI2;FUNDC2
ERICH1,GO_Biological_Process_2023,prerank,Heart Trabecula Morphogenesis (GO:0061384),0.3200284491416864,0.6608758201061468,0.9365384615384615,1.0,1.0,4/18,14.05%,HEY1;S1PR1;BMP7;FKBP1A
ERICH1,GO_Biological_Process_2023,prerank,Regulation Of Multicellular Organismal Development (GO:2000026),-0.25556344023564415,-0.6608535812612636,1.0,1.0,1.0,22/59,23.94%,ACTR5;GATA3;KAT2B;CCSAP;TFPT;BRD1;INSR;INO80E;BRPF3;PTN;INO80B;DUSP6;TRIP12;CD24;KAT6A;YY1;DHX36;RUVBL1;TADA3;KAT2A;ACTR8;INO80C
ERICH1,GO_Biological_Process_2023,prerank,Signal Transduction In Response To DNA Damage (GO:0042770),0.2514056882641481,0.6604749117135966,1.0,1.0,1.0,24/57,22.81%,DTX3L;RPA4;MAD2L2;PARP9;BCL3;GRB2;MAPK3;RAD17;MAP2K6;DOT1L;USP10;MYO6;MDM4;CDC5L;TRIAP1;CLOCK;RHNO1;RAD9A;TP53;PRPF19;TP53BP1;PAXIP1;NBN;MRPL36
ERICH1,GO_Biological_Process_2023,prerank,Regulation Of T Cell Differentiation (GO:0045580),0.2635228907979226,0.6603764539119685,0.9955056179775281,1.0,1.0,13/47,19.81%,TCF7;BRD7;SMARCA4;SMARCD1;ZBTB1;ACTB;SPINK5;PRELID1;SMARCB1;SMARCC2;SMARCD3;SMARCC1;IL7
ERICH1,GO_Biological_Process_2023,prerank,Positive Regulation Of Organelle Assembly (GO:1902117),0.2534906675392057,0.6595942178197947,1.0,1.0,1.0,20/61,21.16%,ELAPOR1;SNX33;SAXO1;PIP4K2A;SDCBP;GSK3B;SNX7;RAB3GAP1;CCP110;CCDC88A;PPP1R35;UBAP2L;SASS6;PDCD6IP;PIP4K2B;WDR45;SNX18;IFT20;CAPRIN1;G3BP2
ERICH1,GO_Biological_Process_2023,prerank,Proteoglycan Metabolic Process (GO:0006029),0.2944780115947103,0.6595894427549936,0.979757085020243,1.0,1.0,11/25,22.64%,IGF1;CHST9;B3GALT6;SULF1;HPSE;CHST11;CHST12;BMPR1B;CHST14;B4GALT7;HS3ST4
ERICH1,GO_Biological_Process_2023,prerank,Regulation Of Dendrite Development (GO:0050773),-0.27507454369651263,-0.6592538123632788,0.9921568627450981,1.0,1.0,12/41,18.39%,CHRNB2;KIAA0319;CAMSAP2;CSMD3;SARM1;NEDD4L;DAB2IP;HECW1;MGARP;PTN;RAB17;DBN1
ERICH1,GO_Biological_Process_2023,prerank,Memory (GO:0007613),0.2556162291773045,0.6585555215135794,0.9977324263038548,1.0,1.0,17/58,18.85%,CALB1;PRNP;MUSK;CHRNA7;PPP3CB;ADCY8;ATXN1;SLC8A2;RASGRF1;SHANK3;SLC8A3;NTF4;BDNF;VLDLR;SCN2A;LGMN;ATXN1L
ERICH1,GO_Biological_Process_2023,prerank,Regulation Of Protein Export From Nucleus (GO:0046825),0.3069490525768096,0.6585402197841408,0.9608247422680413,1.0,1.0,6/22,16.28%,PARK7;GSK3B;IFI27;TPR;YWHAE;GAS6
ERICH1,GO_Biological_Process_2023,prerank,G2/M Transition Of Mitotic Cell Cycle (GO:0000086),-0.27620906402243206,-0.6581027782531227,0.9866412213740458,1.0,1.0,15/38,25.70%,CCNB1;CHEK2;ARPP19;BRSK1;FBXL15;ENSA;BRSK2;AURKA;USH1C;PLK3;UBE2A;PLCB1;BACH1;CDK2;PKMYT1
ERICH1,GO_Biological_Process_2023,prerank,T Cell Mediated Immunity (GO:0002456),-0.31382114668255867,-0.658075288086284,0.9594594594594594,1.0,1.0,5/20,16.32%,MYO1G;CR1;CD46;JAG1;GNL1
ERICH1,GO_Biological_Process_2023,prerank,Positive Regulation Of Translational Initiation (GO:0045948),-0.3105642971680149,-0.6580146999197493,0.9551656920077972,1.0,1.0,6/21,17.63%,SH3BGRL;MTOR;YTHDF1;RPS6KB2;CDC123;HABP4
ERICH1,GO_Biological_Process_2023,prerank,Regulation Of Microtubule Depolymerization (GO:0031114),-0.298080290759833,-0.6578364116937184,0.9727095516569201,1.0,1.0,10/24,24.03%,CIB1;CAMSAP2;TRPV4;MAP1A;CLASP1;TTBK2;MAP1S;TRIM54;CKAP2;ARHGEF2
ERICH1,GO_Biological_Process_2023,prerank,Positive Regulation Of Signaling (GO:0023056),0.27700458433661707,0.657791580065676,0.9846827133479212,1.0,1.0,7/37,15.17%,LGI1;CLSTN3;RIMS3;OCRL;SCRIB;SYT1;NMB
ERICH1,GO_Biological_Process_2023,prerank,Negative Regulation Of Insulin Receptor Signaling Pathway (GO:0046627),-0.3015914030572293,-0.657780506435559,0.9802158273381295,1.0,1.0,9/26,18.34%,GSK3A;PRKCD;PRKCB;NCK1;PRKCQ;ENPP1;INPP5K;PTPN2;KANK1
ERICH1,GO_Biological_Process_2023,prerank,Positive Regulation Of Neutrophil Chemotaxis (GO:0090023),-0.3225890671971987,-0.6573062133026477,0.9452054794520548,1.0,1.0,4/18,22.93%,XCL1;CD74;RIPOR2;CAMK1D
ERICH1,GO_Biological_Process_2023,prerank,Negative Regulation Of Proteasomal Ubiquitin-Dependent Protein Catabolic Process (GO:0032435),-0.28761341170755955,-0.6572948785083791,0.9809885931558935,1.0,1.0,9/32,15.99%,PANO1;USP7;TRIM39;CCAR2;TLK2;WAC;N4BP1;MAP1A;UBXN1
ERICH1,GO_Biological_Process_2023,prerank,Dopaminergic Neuron Differentiation (GO:0071542),0.3206820255614303,0.6568412519985343,0.9491869918699187,1.0,1.0,5/19,20.08%,FOXA2;OTX2;MANF;RYK;CTNNB1
ERICH1,GO_Biological_Process_2023,prerank,Dopamine Metabolic Process (GO:0042417),-0.3234110205980805,-0.6567044123203748,0.9459459459459459,1.0,1.0,8/17,24.23%,DRD4;DRD3;SNCA;SULT1A3;TGFB2;SNCAIP;COMT;PRKN
ERICH1,GO_Biological_Process_2023,prerank,Positive Regulation Of Lymphocyte Migration (GO:2000403),-0.3258906109708785,-0.6565629283659444,0.9569471624266145,1.0,1.0,4/16,12.50%,APP;JAM2;TMEM102;RHOA
ERICH1,GO_Biological_Process_2023,prerank,"Positive Regulation Of DNA Damage Response, Signal Transduction By P53 Class Mediator (GO:0043517)",0.3358494408435313,0.6565188969233184,0.9438669438669439,1.0,1.0,1/15,1.18%,HIC1
ERICH1,GO_Biological_Process_2023,prerank,Phosphatidylinositol Phosphate Biosynthetic Process (GO:0046854),0.2664287484729662,0.656482456852718,0.9895833333333334,1.0,1.0,12/44,20.04%,IP6K3;ITPKB;PIP4K2A;PIK3C2B;PIK3C2A;PIK3R3;PIK3CD;HYCC2;PIP4K2B;TTC7A;PIK3CB;PIK3CA
ERICH1,GO_Biological_Process_2023,prerank,Regulation Of Trans-Synaptic Signaling (GO:0099177),0.2778065004659149,0.6563011766722577,0.9914712153518124,1.0,1.0,18/36,23.70%,NLGN1;NLGN4X;GRIK4;RELN;NLGN4Y;GRID2;GRIA3;LRRC4C;GRIK5;GRIK1;PXK;IQSEC2;BTBD9;NLGN3;LRRC4;PPP3CA;GRIK2;LRP8
ERICH1,GO_Biological_Process_2023,prerank,Regulation Of NLRP3 Inflammasome Complex Assembly (GO:1900225),0.2806875864246167,0.6559716088671514,0.9897330595482546,1.0,1.0,6/33,16.24%,STMP1;USP50;PLCG2;DDX3X;CD36;CARD8
ERICH1,GO_Biological_Process_2023,prerank,Regulation Of Microtubule Polymerization (GO:0031113),0.27147945746675667,0.6556233691719014,0.9956427015250545,1.0,1.0,16/40,22.03%,TBCD;CAMSAP3;PRUNE1;PSRC1;MAPRE1;GBA2;MAP2;EML2;SLAIN2;CLIP1;DYRK1A;NAV3;TOGARAM1;CAV3;DCTN1;NUMA1
ERICH1,GO_Biological_Process_2023,prerank,Protein-Containing Complex Disassembly (GO:0032984),0.2531956458874473,0.6555235511329137,1.0,1.0,1.0,18/62,18.45%,MAP1LC3A;LIX1;SEPTIN9;MAP1LC3C;VPS33B;GSK3B;MAP1LC3B;WIPI2;PEX5;SNX14;CHMP1B;GSPT1;PPP1CA;APEH;VPS4B;PEX14;VAMP8;CHMP2B
ERICH1,GO_Biological_Process_2023,prerank,Positive Regulation Of Protein Processing (GO:0010954),-0.31681173709492416,-0.6551104849947875,0.9566929133858267,1.0,1.0,8/20,26.09%,MELTF;CCBE1;ENO1;NLRC4;ANXA2;RHBDD1;KLKB1;PLGRKT
ERICH1,GO_Biological_Process_2023,prerank,Protein Kinase A Signaling (GO:0010737),-0.3256029847461839,-0.6548525642941538,0.9242718446601942,1.0,1.0,2/16,9.90%,LCP1;EDNRA
ERICH1,GO_Biological_Process_2023,prerank,Vesicle Docking (GO:0048278),0.31283321628917043,0.6548455809028818,0.9337474120082816,1.0,1.0,5/19,18.43%,STX19;STX2;STX5;STX16;STX12
ERICH1,GO_Biological_Process_2023,prerank,N-glycan Processing (GO:0006491),0.31163375452848086,0.6547436681489661,0.9502164502164502,1.0,1.0,5/19,10.37%,MAN1B1;ST8SIA5;ST8SIA6;GNPTG;ST8SIA3
ERICH1,GO_Biological_Process_2023,prerank,Cartilage Development (GO:0051216),-0.2630284134951394,-0.6544434656310911,1.0,1.0,1.0,16/52,22.31%,BMP2;FGFR3;MEF2C;OPTC;TRPV4;CD44;FGF4;ITGB8;ZBTB16;SULF2;OXSR1;GDF5;WNT2B;PKD1;SOX5;TRIP11
ERICH1,GO_Biological_Process_2023,prerank,Negative Regulation Of Cellular Response To Insulin Stimulus (GO:1900077),-0.29626207107106495,-0.6542147881829892,0.9819819819819819,1.0,1.0,9/27,18.34%,GSK3A;PRKCD;PRKCB;NCK1;PRKCQ;ENPP1;INPP5K;PTPN2;KANK1
ERICH1,GO_Biological_Process_2023,prerank,Regulation Of Stress Fiber Assembly (GO:0051492),-0.2454516678441777,-0.6537183541231035,1.0,1.0,1.0,23/74,21.57%,PPM1E;F11R;PTGER4;NF2;ARHGAP28;CDC42;RHOA;TMEFF2;PHLDB2;ROCK2;FERMT2;PFN2;PIK3R1;WAS;LPAR1;CLASP1;INPP5K;ARAP1;RHPN2;ARHGEF18;ROCK1;MET;STMN1
ERICH1,GO_Biological_Process_2023,prerank,Positive Regulation Of Signal Transduction By P53 Class Mediator (GO:1901798),-0.30578207910418626,-0.6530384408995382,0.9663366336633663,1.0,1.0,6/21,14.89%,MSX1;EIF5A;ATM;RPL37;PLA2R1;MYC
ERICH1,GO_Biological_Process_2023,prerank,Regulation Of Protein Autophosphorylation (GO:0031952),-0.28772436087221676,-0.6530150813768659,0.9801587301587301,1.0,1.0,12/31,23.40%,RAD50;CALM3;CHP1;RASSF2;CALM1;NLRP12;IMPACT;ERRFI1;ENPP1;MVP;VEGFA;GPNMB
ERICH1,GO_Biological_Process_2023,prerank,Inositol Phosphate-Mediated Signaling (GO:0048016),0.31174321076543837,0.6523549351497668,0.9574898785425101,1.0,1.0,2/19,8.54%,NMUR2;PPP3CB
ERICH1,GO_Biological_Process_2023,prerank,Response To BMP (GO:0071772),-0.3018259559598701,-0.6521981693025185,0.9655831739961759,1.0,1.0,4/23,12.57%,BMP2;BMP6;RUNX2;BMPR2
ERICH1,GO_Biological_Process_2023,prerank,Inner Ear Morphogenesis (GO:0042472),-0.29888304089098194,-0.6518599047236231,0.9868995633187773,1.0,1.0,7/24,23.86%,PAX2;SIX1;TMIE;CHD7;USH1C;MYO3A;ZIC1
ERICH1,GO_Biological_Process_2023,prerank,Negative Regulation Of Blood Vessel Endothelial Cell Migration (GO:0043537),0.28199738231943033,0.6516844579412273,0.9878787878787879,1.0,1.0,15/33,23.87%,TBXA2R;CARD10;MECP2;MMRN2;ANGPT2;VASH1;ATP2B4;TGFB1;PPARG;THBS1;MAP2K5;JUP;RGCC;MEOX2;ITGB1BP1
ERICH1,GO_Biological_Process_2023,prerank,Synaptic Vesicle Transport Along Microtubule (GO:0099517),0.3282843176281623,0.6512402305257576,0.9488752556237219,1.0,1.0,6/15,22.74%,TRIM46;DTNBP1;AP3S1;AP3D1;AP3M1;AP3M2
ERICH1,GO_Biological_Process_2023,prerank,Anterograde Synaptic Vesicle Transport (GO:0048490),0.3282843176281623,0.6512402305257576,0.9488752556237219,1.0,1.0,6/15,22.74%,TRIM46;DTNBP1;AP3S1;AP3D1;AP3M1;AP3M2
ERICH1,GO_Biological_Process_2023,prerank,Regulation Of Extrinsic Apoptotic Signaling Pathway In Absence Of Ligand (GO:2001239),0.29137740077593977,0.650876097879968,0.9869565217391304,1.0,1.0,6/27,16.63%,PF4;GATA1;GDNF;EYA1;BCL2;UNC5B
ERICH1,GO_Biological_Process_2023,prerank,Protein N-linked Glycosylation (GO:0006487),-0.24953280381265489,-0.6507509918630735,1.0,1.0,1.0,17/64,18.69%,ALG10B;DOLPP1;MGAT2;MGAT4B;DPM1;UBE2J1;PDCD6;MAN1C1;TUSC3;FUT8;MPDU1;ALG10;MLEC;ALG12;PMM1;DDOST;DERL3
ERICH1,GO_Biological_Process_2023,prerank,Iron Ion Transport (GO:0006826),0.2991499285601722,0.6506184755390905,0.9788135593220338,1.0,1.0,9/24,19.40%,SLC11A1;HEPHL1;TTYH1;SCARA5;ARHGAP1;DNM2;RAB11B;FTH1;TFR2
ERICH1,GO_Biological_Process_2023,prerank,mRNA Catabolic Process (GO:0006402),-0.2671176278895863,-0.6498304411068482,0.9872727272727273,1.0,1.0,11/43,20.91%,SLFN14;THRAP3;HSPA1B;XRN2;DXO;ZFP36;PNPT1;EXOSC10;EXOSC9;NUDT16;PDE12
ERICH1,GO_Biological_Process_2023,prerank,Regulation Of Phosphoprotein Phosphatase Activity (GO:0043666),-0.2765160211918006,-0.6497246215349143,0.9980806142034548,1.0,1.0,14/36,24.57%,HTT;CALM3;ITGA1;CALM1;HSP90B1;PPP1R2;PPP6R2;MTOR;PPP1R15A;TIPRL;FKBP1B;CSNK2B;PPP1R15B;PPP4R4
ERICH1,GO_Biological_Process_2023,prerank,Cytosolic Pattern Recognition Receptor Signaling Pathway (GO:0002753),0.2984979221953889,0.6496963951996101,0.9721627408993576,1.0,1.0,7/23,19.34%,TNFAIP3;IRF7;ITCH;TBK1;MAP2K6;PHB1;TRIM25
ERICH1,GO_Biological_Process_2023,prerank,Protein Targeting To Mitochondrion (GO:0006626),-0.2562268452503867,-0.6490083478312605,0.996219281663516,1.0,1.0,23/59,23.54%,DNAJC19;PRICKLE4;AIP;MIPEP;MFF;MTCH2;MGARP;TIMM22;PMPCA;TIMM8B;TIMM8A;MTCH1;HSP90AA1;TIMM50;NDUFA13;ROMO1;TIMM23B;TOMM70;TOMM40;TIMM17A;TIMM44;TOMM34;DNAJC15
ERICH1,GO_Biological_Process_2023,prerank,Non-Canonical Wnt Signaling Pathway (GO:0035567),0.2723775098007682,0.6489957806077007,0.9896049896049897,1.0,1.0,10/40,13.70%,VANGL2;SFRP5;FZD1;FZD2;SMURF1;VANGL1;FZD4;SFRP4;FRZB;CELSR3
ERICH1,GO_Biological_Process_2023,prerank,Negative Regulation Of Calcium Ion Transmembrane Transport (GO:1903170),-0.3159567465390305,-0.6488507860854325,0.9579349904397706,1.0,1.0,2/19,4.24%,NOS1;PLN
ERICH1,GO_Biological_Process_2023,prerank,Regulation Of Protein Localization To Membrane (GO:1905475),0.28268382827750654,0.6486892420876752,0.975,1.0,1.0,8/28,19.25%,NECAB2;LDLRAP1;GSN;FYN;GPC2;GPC3;VAMP8;ZDHHC2
ERICH1,GO_Biological_Process_2023,prerank,T Cell Homeostasis (GO:0043029),-0.3282416911860063,-0.6486768620924026,0.9421338155515371,1.0,1.0,3/15,18.39%,FOXP3;JAK3;PPP2CA
ERICH1,GO_Biological_Process_2023,prerank,Regulation Of Cytoplasmic Translation (GO:2000765),-0.29350888402045566,-0.6485617845372151,0.9748062015503876,1.0,1.0,11/24,27.77%,YBX3;RBM24;CPEB2;PAIP1;DHX36;FMR1;IGF2BP1;HNRNPD;CPEB4;PKM;LIN28A
ERICH1,GO_Biological_Process_2023,prerank,Actin Filament Bundle Organization (GO:0061572),-0.27751044057473484,-0.6483908218065008,0.994413407821229,1.0,1.0,9/33,21.65%,FSCN3;CORO1B;LCP1;MYO1B;FSCN1;USH1C;CALD1;PLS1;BAIAP2L2
ERICH1,GO_Biological_Process_2023,prerank,Regulation Of Ubiquitin Protein Ligase Activity (GO:1904666),-0.3136687594507691,-0.6483282124211511,0.9596153846153846,1.0,1.0,5/17,15.39%,BTRC;PTEN;USP44;MAD2L1;SKP1
ERICH1,GO_Biological_Process_2023,prerank,Positive Regulation Of Cytoskeleton Organization (GO:0051495),0.239330088038872,0.6480524538290854,1.0,1.0,1.0,28/78,24.51%,P2RX7;LMOD1;BIN1;PROX1;GSN;CDC42EP1;BCAS3;FCHSD2;CTTN;PRKCE;ARF6;CCL26;VIL1;NCKAP1;SNX9;CARMIL1;SASS6;PFN1;MTSS1;BAIAP2;PFDN2;PDXP;TENM1;NUMA1;SORBS3;BAIAP2L1;SCIN;CFL2
ERICH1,GO_Biological_Process_2023,prerank,Protein Import Into Mitochondrial Matrix (GO:0030150),0.3162285329974975,0.6480020990680908,0.9617706237424547,1.0,1.0,8/18,20.27%,TOMM20L;PAM16;DNLZ;TOMM40L;TIMM21;TIMM17B;TOMM20;GRPEL1
ERICH1,GO_Biological_Process_2023,prerank,Negative Regulation Of Telomere Maintenance Via Telomere Lengthening (GO:1904357),-0.30101821736760326,-0.6477132366409157,0.9772727272727273,1.0,1.0,10/25,19.75%,TNKS2;STON1;HNRNPA1;SRC;TENT4B;TERF1;EXOSC10;POT1;HNRNPC;ERCC4
ERICH1,GO_Biological_Process_2023,prerank,Retrograde Axonal Transport (GO:0008090),0.33385363103339544,0.6476823041535125,0.9412997903563941,1.0,1.0,5/15,19.38%,PAFAH1B1;FBXW11;TMEM108;KIF5B;DST
ERICH1,GO_Biological_Process_2023,prerank,Positive Regulation Of Transcription From RNA Polymerase II Promoter In Response To Stress (GO:0036003),0.31673967659100216,0.6476462913227033,0.9514767932489452,1.0,1.0,4/17,15.06%,KLF2;MUC1;ATF6;MBTPS2
ERICH1,GO_Biological_Process_2023,prerank,'De Novo' Post-Translational Protein Folding (GO:0051084),0.28280305384456983,0.6475336901627475,0.9866666666666667,1.0,1.0,8/30,17.32%,HSPA1L;HSPA2;GAK;SDF2L1;ENTPD5;SELENOF;HSPA14;ST13
ERICH1,GO_Biological_Process_2023,prerank,Negative Regulation Of Oxidative Stress-Induced Cell Death (GO:1903202),-0.29878499401848213,-0.6470344107604468,0.9727095516569201,1.0,1.0,13/23,27.65%,NOL3;LRRK2;SIRT1;SOD2;NME5;GPR37;BAG5;PRKN;ATF4;TXN;HTRA2;PPIA;FBXO7
ERICH1,GO_Biological_Process_2023,prerank,Negative Regulation Of Focal Adhesion Assembly (GO:0051895),0.32446118352537806,0.6469373318514339,0.9492600422832981,1.0,1.0,4/15,13.50%,CORO1C;ARHGAP6;FAM107A;BCAS3
ERICH1,GO_Biological_Process_2023,prerank,Negative Regulation Of Cell-Substrate Junction Organization (GO:0150118),0.32446118352537806,0.6469373318514339,0.9492600422832981,1.0,1.0,4/15,13.50%,CORO1C;ARHGAP6;FAM107A;BCAS3
ERICH1,GO_Biological_Process_2023,prerank,Embryonic Skeletal System Morphogenesis (GO:0048704),-0.2856040597072732,-0.6469137363097094,0.9858299595141701,1.0,1.0,4/29,13.10%,SIX1;FUZ;DYNC2I1;TGFBR2
ERICH1,GO_Biological_Process_2023,prerank,Regulation Of Regulated Secretory Pathway (GO:1903305),-0.2792951670729026,-0.6463779504954673,0.9944649446494465,1.0,1.0,7/35,14.81%,TRPV6;DOC2B;RAB27A;LRRK2;RAB3D;SYT6;SYT11
ERICH1,GO_Biological_Process_2023,prerank,Ribosomal Large Subunit Biogenesis (GO:0042273),-0.2588096127321461,-0.6463081202269136,1.0,1.0,1.0,22/52,25.22%,HEATR3;RPL6;RPF2;TMA16;NIP7;PAK1IP1;MALSU1;WDR12;GTPBP4;NPM1;RPL7;SDAD1;NOP2;MDN1;RPL26L1;SURF6;PPAN;BRIX1;NSA2;NEDD4;RPL35A;NOP53
ERICH1,GO_Biological_Process_2023,prerank,Response To Interferon-Alpha (GO:0035455),-0.32321890922664,-0.646128459009217,0.9539594843462247,1.0,1.0,2/17,4.78%,IFNAR1;GATA3
ERICH1,GO_Biological_Process_2023,prerank,Negative Regulation Of Gluconeogenesis (GO:0045721),-0.32572420163145954,-0.6458541915874934,0.951310861423221,1.0,1.0,6/15,15.72%,SIK1;USP7;PGPEP1;SIRT6;CRY1;GCK
ERICH1,GO_Biological_Process_2023,prerank,Blood Vessel Morphogenesis (GO:0048514),0.25286854454803626,0.6454451150931522,1.0,1.0,1.0,16/53,21.33%,SERPINF2;APELA;NELL1;PROX1;HAS2;CDH2;RAMP2;KDR;TGFB1;SMAD7;SLC1A1;STRA6;NF1;ID1;CAV1;TNNI3
ERICH1,GO_Biological_Process_2023,prerank,Regulation Of Protein Modification By Small Protein Conjugation Or Removal (GO:1903320),-0.28041858628584143,-0.6454334012373864,0.9882352941176471,1.0,1.0,8/29,19.02%,HSPA1B;DCUN1D2;DAXX;DCUN1D5;UBQLN1;COPS4;WASHC1;HSP90AA1
ERICH1,GO_Biological_Process_2023,prerank,Midbody Abscission (GO:0061952),-0.33483470109205604,-0.6454211894593731,0.9334600760456274,1.0,1.0,8/15,22.13%,CHMP4A;CHMP4C;CHMP5;CHMP3;CHMP1A;VPS4A;MITD1;CHMP6
ERICH1,GO_Biological_Process_2023,prerank,Endothelial Cell Migration (GO:0043542),-0.2692000846627342,-0.6453817611236068,0.9962121212121212,1.0,1.0,12/39,24.95%,CORO1B;LPXN;TNFRSF25;RHOA;PLXND1;STARD13;S100A2;TNFSF12;VEGFA;LOXL2;PRKX;EMP2
ERICH1,GO_Biological_Process_2023,prerank,Regulation Of Cardiac Conduction (GO:1903779),0.30128256219196803,0.6446097097402979,0.9594882729211087,1.0,1.0,6/21,16.71%,ATP2B3;ATP2A1;SLC8A2;PRKACA;SLC8A3;ATP2B4
ERICH1,GO_Biological_Process_2023,prerank,Outflow Tract Septum Morphogenesis (GO:0003148),-0.2946440144566601,-0.6442426158914475,0.9777327935222672,1.0,1.0,9/24,20.12%,LRP2;BMPR2;TGFBR2;SMAD6;ZFPM2;PARVA;FGF8;TGFB2;BMPR1A
ERICH1,GO_Biological_Process_2023,prerank,"Protein Localization To Chromosome, Telomeric Region (GO:0070198)",-0.33368581713738754,-0.6440974723995943,0.9444444444444444,1.0,1.0,3/15,6.45%,XRCC5;TNKS2;NABP2
ERICH1,GO_Biological_Process_2023,prerank,Spindle Assembly Checkpoint Signaling (GO:0071173),0.28915141160717067,0.642891481817644,0.9816326530612245,1.0,1.0,12/26,22.02%,KNTC1;MAD2L2;ZWINT;TPR;PLK1;SPC24;MAD1L1;CDC20;ZW10;TTK;BUB3;HASPIN
ERICH1,GO_Biological_Process_2023,prerank,Mitotic Spindle Assembly Checkpoint Signaling (GO:0007094),0.28915141160717067,0.642891481817644,0.9816326530612245,1.0,1.0,12/26,22.02%,KNTC1;MAD2L2;ZWINT;TPR;PLK1;SPC24;MAD1L1;CDC20;ZW10;TTK;BUB3;HASPIN
ERICH1,GO_Biological_Process_2023,prerank,Mitotic Spindle Checkpoint Signaling (GO:0071174),0.28915141160717067,0.642891481817644,0.9816326530612245,1.0,1.0,12/26,22.02%,KNTC1;MAD2L2;ZWINT;TPR;PLK1;SPC24;MAD1L1;CDC20;ZW10;TTK;BUB3;HASPIN
ERICH1,GO_Biological_Process_2023,prerank,Extrinsic Apoptotic Signaling Pathway In Absence Of Ligand (GO:0097192),0.32128478291364687,0.6426105462582803,0.9583333333333334,1.0,1.0,5/16,14.97%,GSK3B;FAS;BCL2L10;ERBB3;BCL2
ERICH1,GO_Biological_Process_2023,prerank,Positive Regulation Of Phospholipase Activity (GO:0010518),0.3059348719311751,0.6422015092838925,0.970276008492569,1.0,1.0,4/20,11.53%,CCL5;AGTR1;FGFR2;PDGFRA
ERICH1,GO_Biological_Process_2023,prerank,Regulation Of Receptor Internalization (GO:0002090),-0.2705123663128315,-0.6418155927694034,0.9981447124304267,1.0,1.0,13/36,22.93%,ANKRD13B;WNT3A;EGF;WDR54;LRPAP1;ANKRD13D;INSR;PICK1;ARRB2;ANXA2;ANKRD13A;FMR1;VEGFA
ERICH1,GO_Biological_Process_2023,prerank,Positive Regulation Of Erythrocyte Differentiation (GO:0045648),0.28420157113579475,0.6415062779899838,0.9836065573770492,1.0,1.0,7/26,19.73%,GATA1;STAT5B;ZNF16;ACVR2A;FOXO3;ETS1;PRKDC
ERICH1,GO_Biological_Process_2023,prerank,Folic Acid-Containing Compound Metabolic Process (GO:0006760),-0.3235428964079044,-0.6412819251346422,0.9408163265306122,1.0,1.0,7/15,26.06%,MTR;SLC25A32;DHFR2;SHMT1;MTRR;SLC19A1;SHMT2
ERICH1,GO_Biological_Process_2023,prerank,Positive Regulation Of Response To Endoplasmic Reticulum Stress (GO:1905898),0.3063707061173582,0.6411625486809266,0.9541666666666667,1.0,1.0,6/18,19.88%,RNF183;TMEM259;USP13;RNF185;ERN1;BCL2L11
ERICH1,GO_Biological_Process_2023,prerank,Heterochromatin Formation (GO:0031507),-0.2809343859366485,-0.6410912893571007,0.983177570093458,1.0,1.0,19/30,27.80%,SMARCA5;SIRT1;UHRF1;NRDE2;L3MBTL1;LMNA;TRIP12;CTBP1;EZH1;RB1;ZNFX1;KMT2D;HMGB1;SPTY2D1;PPM1D;LMNB1;CBX3;POLE3;HMGA2
ERICH1,GO_Biological_Process_2023,prerank,Regulation Of Protein Kinase C Signaling (GO:0090036),0.32300169017288455,0.6410410149722974,0.9584199584199584,1.0,1.0,4/16,11.64%,MC1R;DGKD;GPD1L;SPHK2
ERICH1,GO_Biological_Process_2023,prerank,Regulation Of Integrin-Mediated Signaling Pathway (GO:2001044),0.30877868757658383,0.6408983531884911,0.9531914893617022,1.0,1.0,9/19,24.27%,LIMS2;LAMB2;SLC2A10;LAMA2;PHACTR4;LAMB1;FLNA;ITGB1BP1;CD177
ERICH1,GO_Biological_Process_2023,prerank,Negative Regulation Of JNK Cascade (GO:0046329),0.27431784858484803,0.6408215004022194,0.9877300613496932,1.0,1.0,8/34,16.29%,DUSP3;NPPA;PER1;ITCH;HIPK3;DACT1;GPS2;DUSP16
ERICH1,GO_Biological_Process_2023,prerank,Positive Regulation Of Epithelial Cell Differentiation (GO:0030858),-0.30420332850498777,-0.6403334888445279,0.968503937007874,1.0,1.0,3/20,9.79%,SFN;KDF1;FOXJ1
ERICH1,GO_Biological_Process_2023,prerank,Ruffle Organization (GO:0031529),0.3096635429082163,0.6400461315142972,0.9642857142857143,1.0,1.0,6/16,22.97%,AIF1L;PIP5K1A;ARF6;CARMIL1;PLEKHA1;LIMA1
ERICH1,GO_Biological_Process_2023,prerank,Cellular Response To dsRNA (GO:0071359),-0.3132366695390951,-0.6399104902925261,0.9610136452241715,1.0,1.0,7/17,27.64%,MUL1;NPM1;PDE12;CGAS;FLOT1;RALB;COLEC12
ERICH1,GO_Biological_Process_2023,prerank,Proton Motive Force-Driven Mitochondrial ATP Synthesis (GO:0042776),0.2508238426912676,0.6397618791088386,1.0,1.0,1.0,22/52,22.23%,NDUFC2;NDUFAB1;NDUFA3;ATP5PO;ATP5PB;NDUFB5;SDHD;NDUFS6;NDUFA1;NDUFA6;NDUFB1;NDUFB2;NDUFA2;ATP5MG;NDUFC1;ATP5ME;NDUFA11;NDUFB4;ATP5PD;NDUFS1;ATP5F1D;ATP5F1C
ERICH1,GO_Biological_Process_2023,prerank,Long-Chain Fatty Acid Transport (GO:0015909),-0.29261360449629126,-0.6395283297055465,0.9883720930232558,1.0,1.0,10/23,25.52%,SLC27A2;SLC25A20;FABP5;ABCD3;CPT2;SLC27A4;CPT1A;MFSD2A;APOE;CPT1B
ERICH1,GO_Biological_Process_2023,prerank,Nitric Oxide Biosynthetic Process (GO:0006809),-0.32110552271951887,-0.6391412182792386,0.9519230769230769,1.0,1.0,5/15,19.16%,NOS1;SLC7A6;MTARC2;NOS2;CYB5B
ERICH1,GO_Biological_Process_2023,prerank,Regulation Of Keratinocyte Differentiation (GO:0045616),0.29188641737152154,0.6391246004652827,0.9854166666666667,1.0,1.0,5/25,16.14%,CYP27B1;MACROH2A2;TRIM16;MACROH2A1;SGPP1
ERICH1,GO_Biological_Process_2023,prerank,Regulation Of Activin Receptor Signaling Pathway (GO:0032925),0.3171825077777781,0.6386138153860746,0.9472573839662447,1.0,1.0,8/15,21.67%,FSTL3;DACT1;FKBP1A;ACVR2A;SMAD7;ACVR2B;MAGI2;FST
ERICH1,GO_Biological_Process_2023,prerank,Smoothened Signaling Pathway (GO:0007224),-0.2706919586663019,-0.6385609637209556,0.9961389961389961,1.0,1.0,10/34,21.12%,PKD2L1;HIPK1;STIL;TMEM231;TMEM17;TCTN3;KIAA0586;DISP2;EVC2;TTBK2
ERICH1,GO_Biological_Process_2023,prerank,T-helper Cell Differentiation (GO:0042093),-0.3159398737538333,-0.6385338724668005,0.9752380952380952,1.0,1.0,4/18,13.64%,GATA3;PTGER4;LEF1;MYB
ERICH1,GO_Biological_Process_2023,prerank,Positive Regulation Of Endothelial Cell Migration (GO:0010595),0.23498830631938736,0.638269274881699,1.0,1.0,1.0,32/84,24.52%,NOS3;RHOB;PDGFB;NELL1;BCAR1;PROX1;SASH1;BMP4;PLCG1;BCAS3;PIK3CD;KDR;CALR;TGFB1;ETS1;EMC10;PDPK1;THBS1;LGMN;GPI;PIK3CB;MAP2K3;AKT3;AKT1;PLPP3;SMOC2;HIF1A;GPLD1;ITGB1BP1;FUT1;NELL2;WNT5A
ERICH1,GO_Biological_Process_2023,prerank,Plasma Membrane Bounded Cell Projection Morphogenesis (GO:0120039),-0.2544327004959586,-0.6381736951918914,0.9980694980694981,1.0,1.0,18/50,24.02%,MNX1;TAOK3;MAP4K4;LRRK2;DAB2IP;WASF1;PLXNB1;EPB41L3;CNTNAP2;SHTN1;UBB;NBL1;ZNF335;ANKRD27;MAP1S;SLC9A6;SRGAP3;PACSIN1
ERICH1,GO_Biological_Process_2023,prerank,Myoblast Differentiation (GO:0045445),-0.302667706799422,-0.6375459555942122,0.9719101123595506,1.0,1.0,10/19,23.67%,NOTCH1;SRF;JAG1;PLEKHM3;HINFP;NRG1;RBPJ;RB1;MBNL1;SDC1
ERICH1,GO_Biological_Process_2023,prerank,Regulation Of Glucose Metabolic Process (GO:0010906),-0.2823932508388408,-0.6373370459212142,0.979047619047619,1.0,1.0,5/28,13.16%,GNB3;ZNF692;SLC45A3;SIRT1;SELENOS
ERICH1,GO_Biological_Process_2023,prerank,"Regulation Of Nuclear-Transcribed mRNA Catabolic Process, Deadenylation-Dependent Decay (GO:1900151)",-0.2935083677924015,-0.6369300010491148,0.977818853974122,1.0,1.0,8/23,25.07%,TNRC6B;PAIP1;ZFP36;DHX36;IGF2BP1;ZFP36L2;CNOT1;HNRNPD
ERICH1,GO_Biological_Process_2023,prerank,Nitric Oxide Metabolic Process (GO:0046209),-0.313662343778051,-0.6363464738323992,0.967741935483871,1.0,1.0,5/16,19.16%,NOS1;SLC7A6;MTARC2;NOS2;CYB5B
ERICH1,GO_Biological_Process_2023,prerank,Negative Regulation Of Neurogenesis (GO:0050768),0.2819213044657668,0.6358467156835796,0.9800443458980045,1.0,1.0,7/27,18.42%,IL6;REST;DPYSL5;DYNLT1;GORASP1;MCF2;NF1
ERICH1,GO_Biological_Process_2023,prerank,Positive Regulation Of Response To Wounding (GO:1903036),-0.28742765239405893,-0.6357513336598641,0.9860557768924303,1.0,1.0,6/26,18.61%,CNTF;INSL3;PTK2;PTN;KANK1;OCLN
ERICH1,GO_Biological_Process_2023,prerank,Negative Regulation Of Telomere Maintenance (GO:0032205),0.3154600933483602,0.6346366015441249,0.9594017094017094,1.0,1.0,5/15,12.89%,SLX1A;SLX4;TERF2IP;PINX1;TNKS
ERICH1,GO_Biological_Process_2023,prerank,Regulation Of DNA-templated Transcription Elongation (GO:0032784),-0.2623493666053503,-0.634223911925069,0.9961013645224172,1.0,1.0,21/44,28.28%,EAF2;SUPT16H;INTS12;CCAR2;TSFM;ELL;INTS4;CCNK;INTS5;WDR82;TCEA2;ZNF326;INTS13;ZMYND11;SUPT5H;INTS1;INTS9;INTS8;HTATSF1;INTS7;INTS14
ERICH1,GO_Biological_Process_2023,prerank,Eye Morphogenesis (GO:0048592),0.30359238352533896,0.633808458511119,0.9664570230607966,1.0,1.0,6/18,19.31%,FBN1;RARG;EFEMP1;TENM3;NF1;IFT122
ERICH1,GO_Biological_Process_2023,prerank,Intracellular Estrogen Receptor Signaling Pathway (GO:0030520),0.3196590353203297,0.633688864831299,0.9606625258799172,1.0,1.0,2/16,7.00%,NCOA4;RBFOX2
ERICH1,GO_Biological_Process_2023,prerank,Iron-Sulfur Cluster Assembly (GO:0016226),-0.28163357077300843,-0.633653564454256,0.9852670349907919,1.0,1.0,6/27,19.55%,GLRX5;ISCA2;NDOR1;CIAO2B;ISCU;NUBPL
ERICH1,GO_Biological_Process_2023,prerank,Metallo-Sulfur Cluster Assembly (GO:0031163),-0.28163357077300843,-0.633653564454256,0.9852670349907919,1.0,1.0,6/27,19.55%,GLRX5;ISCA2;NDOR1;CIAO2B;ISCU;NUBPL
ERICH1,GO_Biological_Process_2023,prerank,Vesicle-Mediated Transport To The Plasma Membrane (GO:0098876),0.2343070138567138,0.6335485943850764,1.0,1.0,1.0,25/81,22.34%,SNX33;HGS;SNX7;SNX12;EHD4;VPS51;DENND1C;RAB14;EHD2;VTI1A;RAB11B;ARF6;GGA1;SNX27;STX16;STX12;WASH2P;EIPR1;BLTP1;VAMP4;VPS35L;LLGL1;EHD1;RAB11FIP3;EPS15
ERICH1,GO_Biological_Process_2023,prerank,Regulation Of Macrophage Activation (GO:0043030),0.2741499906105247,0.6328212986467948,0.9956521739130435,1.0,1.0,6/31,18.62%,IL6;PLA2G10;CD200;NR1H3;MFHAS1;THBS1
ERICH1,GO_Biological_Process_2023,prerank,"Mitochondrial Electron Transport, NADH To Ubiquinone (GO:0006120)",-0.2682404756536731,-0.6323600018854802,0.9946236559139785,1.0,1.0,14/34,24.27%,NDUFA5;NDUFA8;NDUFB6;NDUFS2;NDUFB7;NDUFS4;NDUFV1;NDUFB8;NDUFS7;NDUFB3;NDUFV3;NDUFS8;NDUFB9;NDUFS3
ERICH1,GO_Biological_Process_2023,prerank,Protein Insertion Into Mitochondrial Membrane (GO:0051204),0.2790343364245216,0.6313016158277333,0.9937759336099585,1.0,1.0,11/28,21.58%,TIMM10B;TIMM29;TOMM7;COX18;TIMM9;TIMM13;HSPA4;SAMM50;MTX2;TOMM20;TRMT10B
ERICH1,GO_Biological_Process_2023,prerank,protein-DNA Complex Disassembly (GO:0032986),-0.306853889720449,-0.6311303368732454,0.9594843462246777,1.0,1.0,7/20,20.68%,SMARCD2;SUPT16H;ARID2;MYC;HMGA1;SMARCE1;GRWD1
ERICH1,GO_Biological_Process_2023,prerank,Alpha-Amino Acid Metabolic Process (GO:1901605),0.27346349990185215,0.6307682415397692,0.9957716701902748,1.0,1.0,5/29,13.87%,DPEP1;KMO;ASPG;DDAH2;KYAT3
ERICH1,GO_Biological_Process_2023,prerank,Negative Regulation Of Signaling (GO:0023057),-0.2762947823694638,-0.6297398267628515,0.9887429643527205,1.0,1.0,7/28,21.43%,OPRM1;VHL;KIF26A;NLRP12;INPP5D;OPTN;AP1AR
ERICH1,GO_Biological_Process_2023,prerank,SCF-dependent Proteasomal Ubiquitin-Dependent Protein Catabolic Process (GO:0031146),-0.26260205628008354,-0.6297362526271607,0.9982078853046595,1.0,1.0,14/41,22.97%,BTRC;FBXO6;FBXL20;FBXL17;FBXL15;FBXL5;SKP1;FBXL14;CUL2;CUL1;FBXL13;KIF14;FBXL12;FBXL6
ERICH1,GO_Biological_Process_2023,prerank,Positive Regulation Of Proteolysis Involved In Protein Catabolic Process (GO:1903052),-0.2706050648371983,-0.6294648059178563,0.9920159680638723,1.0,1.0,11/31,25.82%,GBA1;PTK2;PTEN;DAB2IP;RNF139;PSMC3;FMR1;CCDC22;PRKN;ECSCR;FBXW7
ERICH1,GO_Biological_Process_2023,prerank,Regulation Of B Cell Receptor Signaling Pathway (GO:0050855),0.3193704334196529,0.6292780928017502,0.9738430583501007,1.0,1.0,4/16,15.19%,CD22;GCSAM;SLC39A10;GPS2
ERICH1,GO_Biological_Process_2023,prerank,Protein Localization To Cilium (GO:0061512),-0.25908723712418674,-0.6290509438082124,0.9980916030534351,1.0,1.0,10/40,18.88%,TULP3;TTC21A;FAM149B1;CC2D2B;RAB8A;TTC21B;ATP6V1D;BBS4;CSNK1D;TULP2
ERICH1,GO_Biological_Process_2023,prerank,Negative Regulation Of Response To Endoplasmic Reticulum Stress (GO:1903573),0.2815795406258614,0.6288684267622157,0.9708333333333333,1.0,1.0,6/25,16.54%,PARK7;OPA1;PTPN1;TMBIM6;WFS1;NR1H3
ERICH1,GO_Biological_Process_2023,prerank,Negative Regulation Of Protein Modification By Small Protein Conjugation Or Removal (GO:1903321),0.24819970809858152,0.6287455844021642,1.0,1.0,1.0,18/54,22.41%,TNFAIP3;PARK7;PIAS3;CAPN3;NXN;PINX1;GNL3L;SVBP;HDAC8;SMAD7;MARCHF6-DT;RPL11;CTNNB1;BAG2;CAV1;AKT1;ISG15;PER2
ERICH1,GO_Biological_Process_2023,prerank,Regulation Of Neurotransmitter Transport (GO:0051588),0.2941352663512924,0.6287017524123009,0.9780876494023905,1.0,1.0,4/20,11.23%,CPLX1;HCRT;FER1L5;DYSF
ERICH1,GO_Biological_Process_2023,prerank,RNA Modification (GO:0009451),0.24895193694990012,0.6285892007126841,0.9959349593495935,1.0,1.0,17/51,21.13%,DTWD2;MEPCE;APOBEC3F;ELP5;METTL6;TRMT1;TSR3;ADARB1;ADAR;SARS1;FTSJ1;KTI12;TRMT9B;QTRT1;MRM2;AARS2;METTL1
ERICH1,GO_Biological_Process_2023,prerank,Positive Regulation Of Organelle Organization (GO:0010638),-0.27263051256832316,-0.6285049370910838,0.9903288201160542,1.0,1.0,13/34,23.03%,DOC2B;SHCBP1L;TOM1;CALCOCO2;SURF4;MGARP;LMAN1;UVRAG;C2CD5;PLXNA3;ANXA2;RAB3GAP2;AKT2
ERICH1,GO_Biological_Process_2023,prerank,Outer Dynein Arm Assembly (GO:0036158),-0.30130070512276963,-0.6284755916411684,0.9738430583501007,1.0,1.0,10/21,26.59%,DNAH8;DNAI2;DNAAF5;CCDC63;ODAD3;ODAD4;DNAL1;DNAAF4;DNAAF11;DNAH5
ERICH1,GO_Biological_Process_2023,prerank,Positive Regulation Of Nitric-Oxide Synthase Activity (GO:0051000),-0.3207492698604969,-0.6283199558499305,0.9694072657743786,1.0,1.0,5/16,26.46%,HTR2B;DHFR;TERT;APOE;SCARB1
ERICH1,GO_Biological_Process_2023,prerank,Plasma Membrane Invagination (GO:0099024),-0.2814279272578259,-0.6276298547059329,0.9888059701492538,1.0,1.0,5/26,14.80%,ITGB2;SPIRE2;CDC42;RHOA;ARHGAP12
ERICH1,GO_Biological_Process_2023,prerank,Carbohydrate Derivative Transport (GO:1901264),-0.30748434866614366,-0.6271188283210797,0.9616935483870968,1.0,1.0,8/17,26.46%,CPTP;SLC15A3;SLC29A2;PLTP;SLC25A19;CLN3;MFSD2A;SCARB1
ERICH1,GO_Biological_Process_2023,prerank,Oligosaccharide Biosynthetic Process (GO:0009312),-0.2937576227457529,-0.6268584775186682,0.9736346516007532,1.0,1.0,4/22,14.88%,ST6GALNAC1;B3GALT4;FUT8;MPDU1
ERICH1,GO_Biological_Process_2023,prerank,Negative Regulation Of Mitotic Metaphase/Anaphase Transition (GO:0045841),-0.2780514651147688,-0.6264899848297999,0.9898580121703854,1.0,1.0,8/28,15.29%,TEX14;TRIP13;ATM;USP44;BUB1;KLHL22;BUB1B;MAD2L1
ERICH1,GO_Biological_Process_2023,prerank,Negative Regulation Of Signal Transduction By P53 Class Mediator (GO:1901797),0.3084636929270941,0.6260548797497094,0.967479674796748,1.0,1.0,5/18,17.81%,TWIST1;RFFL;YJU2;ARMC10;DYRK1A
ERICH1,GO_Biological_Process_2023,prerank,Regulation Of Protein Import Into Nucleus (GO:0042306),-0.26311775373474927,-0.6258101832004339,1.0,1.0,1.0,20/38,26.19%,CHP1;DMAP1;RBM22;S100G;PRKCD;ZC3H12A;ECT2;SIRT6;PIK3R1;BAG3;HCLS1;PSEN1;EP300;RAB23;RAN;CHP2;ZIC1;TRIM28;SUMO1;IPO5
ERICH1,GO_Biological_Process_2023,prerank,Synaptic Vesicle Recycling (GO:0036465),-0.25637065055636543,-0.6255365905013797,0.9981718464351006,1.0,1.0,17/44,24.91%,SNCB;STON1;WNT3A;CDK5;PIP5K1C;SNCA;DNM1;PLD2;DNM3;VAMP2;SYNJ2;STX1A;AP2B1;OPHN1;GIT1;PACSIN1;RAB5A
ERICH1,GO_Biological_Process_2023,prerank,Cellular Response To Inorganic Substance (GO:0071241),0.30192365277792294,0.6254751549923899,0.973568281938326,1.0,1.0,4/18,10.80%,AOC1;DPEP1;MMP3;TIMELESS
ERICH1,GO_Biological_Process_2023,prerank,Regulation Of Response To Biotic Stimulus (GO:0002831),0.26877955874710724,0.6254399618919083,0.9912280701754386,1.0,1.0,5/31,14.54%,BIRC3;ERAP1;DAPK1;TIRAP;CD36
ERICH1,GO_Biological_Process_2023,prerank,Ephrin Receptor Signaling Pathway (GO:0048013),0.25593581037757196,0.6250106610002336,0.9978632478632479,1.0,1.0,12/43,18.39%,EPHA8;EPHA10;EPHB6;EPHA2;FYN;MMP9;CRK;EPHA1;ARHGEF7;EPHA7;ARHGEF28;MMP2
ERICH1,GO_Biological_Process_2023,prerank,Dendritic Spine Morphogenesis (GO:0060997),-0.3147189304120767,-0.6245708387983859,0.9596928982725528,1.0,1.0,2/15,9.27%,NOL3;PTEN
ERICH1,GO_Biological_Process_2023,prerank,Regulation Of Neuroblast Proliferation (GO:1902692),-0.2874693064906188,-0.6244007948967156,0.9849056603773585,1.0,1.0,4/24,9.68%,TAFA1;LRRK2;KDM1A;FZD3
ERICH1,GO_Biological_Process_2023,prerank,Mitotic Cytokinetic Process (GO:1902410),-0.31213494152960974,-0.6241984046117276,0.9621212121212122,1.0,1.0,10/18,23.76%,CHMP4A;RHOA;CHMP4C;CHMP5;CHMP3;CHMP1A;VPS4A;MITD1;CHMP6;CNTROB
ERICH1,GO_Biological_Process_2023,prerank,Carboxylic Acid Transmembrane Transport (GO:1905039),-0.2654822000176182,-0.6241702886937396,0.9907407407407407,1.0,1.0,15/39,23.60%,SLC7A7;SLC25A11;SLC7A6;SLC7A11;SLC38A10;SLC38A6;SLC16A7;SLC38A9;SLC25A21;SLC13A3;SLC38A1;SLC7A8;SLC38A4;SLC38A2;SLC19A1
ERICH1,GO_Biological_Process_2023,prerank,Positive Regulation Of Extrinsic Apoptotic Signaling Pathway (GO:2001238),0.26802061197001753,0.6238828943419739,0.9959183673469387,1.0,1.0,9/31,20.91%,TNFSF10;RIPK1;HYAL2;PAK2;WWOX;GPER1;THBS1;PPP2R1B;CAV1
ERICH1,GO_Biological_Process_2023,prerank,Ameboidal-Type Cell Migration (GO:0001667),0.2913012423952434,0.6233289449981146,0.9840319361277445,1.0,1.0,10/20,23.64%,PKN1;AMOT;FAT2;GPC3;AMOTL1;NANOS1;TNS1;SMAD4;IQGAP1;ITGA4
ERICH1,GO_Biological_Process_2023,prerank,Regulation Of Transcription By RNA Polymerase III (GO:0006359),-0.2791394452804041,-0.6229897317245312,0.9902723735408561,1.0,1.0,13/26,24.30%,BAZ1B;SMARCA5;DDX21;ELL;MTOR;POLR3G;ZNF76;CHD8;POLR3C;DHX36;ZNF143;DEK;ZFP36L2
ERICH1,GO_Biological_Process_2023,prerank,Positive Regulation Of Telomerase Activity (GO:0051973),-0.26591588169072555,-0.6229283212046969,0.9941520467836257,1.0,1.0,12/33,20.63%,XRCC5;PARN;MAPKAPK5;GRHL2;MYC;WRAP53;POT1;KLF4;PRKCQ;HSP90AA1;MAP2K7;DKC1
ERICH1,GO_Biological_Process_2023,prerank,N-acetylglucosamine Metabolic Process (GO:0006044),-0.3216312139565329,-0.6222546144826588,0.9716446124763705,1.0,1.0,5/15,14.43%,CHST5;GNPDA2;CHST6;CHST4;EXTL2
ERICH1,GO_Biological_Process_2023,prerank,Endodermal Cell Differentiation (GO:0035987),-0.2758907340502609,-0.6214637787324025,0.9924528301886792,1.0,1.0,7/31,15.82%,ITGB2;COL7A1;ITGAV;COL4A2;INHBA;LEO1;COL8A1
ERICH1,GO_Biological_Process_2023,prerank,Positive Regulation Of Embryonic Development (GO:0040019),-0.2999593768855654,-0.6213135004542006,0.9770554493307839,1.0,1.0,8/20,23.59%,WNT4;WNT3A;LHX1;RBM19;OXSR1;TENM4;RACK1;PLCB1
ERICH1,GO_Biological_Process_2023,prerank,Regulation Of Cartilage Development (GO:0061035),-0.3011050462168078,-0.6209499757757924,0.980544747081712,1.0,1.0,5/17,23.69%,BMP2;BMPR2;ZBTB16;SOX5;KAT2A
ERICH1,GO_Biological_Process_2023,prerank,Establishment Of Protein Localization To Mitochondrion (GO:0072655),-0.25656124179060597,-0.6203060255198263,0.9961904761904762,1.0,1.0,19/44,26.38%,DNAJC19;HK1;AIP;MFF;MGARP;TIMM8B;TIMM50;ROMO1;TIMM23B;TOMM70;TOMM40;TIMM17A;TIMM44;TOMM34;DNAJC15;HSPD1;CHCHD4;GRPEL2;GDAP1
ERICH1,GO_Biological_Process_2023,prerank,Regulation Of calcineurin-NFAT Signaling Cascade (GO:0070884),0.2668586196119567,0.6201092658227778,0.9918533604887984,1.0,1.0,5/33,8.93%,IGF1;PRNP;GSK3B;PPP3CB;PLCG2
ERICH1,GO_Biological_Process_2023,prerank,Negative Regulation Of Protein Ubiquitination (GO:0031397),0.24277509722389176,0.6199391902694719,1.0,1.0,1.0,19/54,22.41%,TNFAIP3;PARK7;DTX3L;ADGRB1;NXN;PINX1;GNL3L;SVBP;HDAC8;SMAD7;MARCHF6-DT;FBXO5;CDC20;BAG2;CAV1;AKT1;BUB3;ISG15;PER2
ERICH1,GO_Biological_Process_2023,prerank,Positive Regulation Of Triglyceride Metabolic Process (GO:0090208),0.297259839351702,0.6198469707687866,0.9746835443037974,1.0,1.0,4/18,16.54%,PLIN5;SLC27A1;KAT5;NR1H3
ERICH1,GO_Biological_Process_2023,prerank,"Alternative mRNA Splicing, Via Spliceosome (GO:0000380)",0.31018974511657255,0.6198426641866058,0.9564315352697096,1.0,1.0,5/16,22.36%,CELF4;PUF60;PQBP1;SCNM1;SFPQ
ERICH1,GO_Biological_Process_2023,prerank,Regulation Of Cell Size (GO:0008361),-0.28576699987515275,-0.6198266976872457,0.9847619047619047,1.0,1.0,8/24,20.22%,PTEN;ARHGAP5;RHOA;LARS1;RAP1GAP2;MTOR;MTPN;LAMTOR5
ERICH1,GO_Biological_Process_2023,prerank,Amyloid Fibril Formation (GO:1990000),0.2796687245190763,0.6193359214580718,0.9846491228070176,1.0,1.0,6/24,17.43%,RIPK1;GSN;FUS;FKBP1A;CD36;TARDBP
ERICH1,GO_Biological_Process_2023,prerank,Rescue Of Stalled Ribosome (GO:0072344),0.2819004514926939,0.618939038214792,0.9869848156182213,1.0,1.0,7/23,15.67%,MTRES1;HBS1L;SKIC2;LTN1;ANKZF1;NEMF;USP10
ERICH1,GO_Biological_Process_2023,prerank,Peptidyl-Lysine Methylation (GO:0018022),0.27279810733378695,0.6185456484077521,0.9957446808510638,1.0,1.0,12/27,20.39%,SETD2;SETD3;EHMT2;SETD4;ETFBKMT;FAM86B1;EEF1AKMT3;SETD6;SUV39H1;SMYD2;EEF2KMT;VCPKMT
ERICH1,GO_Biological_Process_2023,prerank,Regulation Of Filopodium Assembly (GO:0051489),-0.2511751398568946,-0.6185380490175222,1.0,1.0,1.0,15/43,24.91%,DAAM2;RHOQ;AGRN;CDC42;FXR1;PRKCD;FSCN1;PIK3R1;RAB17;ARAP1;RIPOR2;MYO3A;FMR1;SRGAP2C;RAB5A
ERICH1,GO_Biological_Process_2023,prerank,Negative Regulation Of Protein Polymerization (GO:0032272),-0.2847640557783221,-0.6178953845003855,0.9869888475836431,1.0,1.0,10/26,21.83%,SSH3;SNCA;PRKCD;PFN2;SSH2;KANK1;HIP1R;SLIT2;STMN1;KANK3
ERICH1,GO_Biological_Process_2023,prerank,Regulation Of Carbohydrate Metabolic Process (GO:0006109),-0.314060967929926,-0.6172361352240254,0.9641434262948207,1.0,1.0,2/15,12.81%,GNB3;SIRT1
ERICH1,GO_Biological_Process_2023,prerank,Negative Regulation Of Viral-Induced Cytoplasmic Pattern Recognition Receptor Signaling Pathway (GO:0039532),-0.3069970009173243,-0.6172038740878688,0.9657794676806084,1.0,1.0,4/16,16.22%,RAB7B;DHX58;RNF125;GRAMD4
ERICH1,GO_Biological_Process_2023,prerank,"Wnt Signaling Pathway, Planar Cell Polarity Pathway (GO:0060071)",-0.2836381484488076,-0.6166293137054195,0.9862204724409449,1.0,1.0,7/26,15.76%,DAAM1;FZD3;PRICKLE2;CDC42;RHOA;CELSR1;DVL3
ERICH1,GO_Biological_Process_2023,prerank,Regulation Of Actin Cytoskeleton Reorganization (GO:2000249),-0.2818731381110404,-0.6160161171358647,0.9870848708487084,1.0,1.0,6/25,15.52%,ARHGDIB;FES;CARMIL2;CDK5;HCK;PTK2B
ERICH1,GO_Biological_Process_2023,prerank,miRNA Processing (GO:0035196),0.26838726632749677,0.6158268763456731,0.9977973568281938,1.0,1.0,10/32,20.46%,AGO3;PRKRA;TUT4;AGO2;SMAD3;PUS10;SMAD2;TUT7;TRIM71;ZC3H7A
ERICH1,GO_Biological_Process_2023,prerank,COPII-coated Vesicle Budding (GO:0090114),0.2550693244058934,0.6154055064578254,1.0,1.0,1.0,13/36,20.86%,SEC31B;SEC24C;MIA3;PPP6C;SEC31A;TRAPPC5;SEC24A;TRAPPC6A;TMED2;SAR1A;VAPB;SEC23A;PEF1
ERICH1,GO_Biological_Process_2023,prerank,Positive Regulation Of Viral Life Cycle (GO:1903902),-0.29280445505627434,-0.6151924088729626,0.9776536312849162,1.0,1.0,10/22,24.16%,P4HB;SMPD1;TMPRSS4;VPS37B;CD74;TYRO3;VPS4A;FMR1;HLA-DRB1;HMGB1
ERICH1,GO_Biological_Process_2023,prerank,Regulation Of Cell Cycle G2/M Phase Transition (GO:1902749),0.29647670932965964,0.6150133655069248,0.9807692307692307,1.0,1.0,3/18,15.13%,CDK3;NEK10;MACROH2A1
ERICH1,GO_Biological_Process_2023,prerank,Histone H2A Acetylation (GO:0043968),-0.29779180949441464,-0.61478652465795,0.9884836852207294,1.0,1.0,8/20,22.35%,MORF4L2;DMAP1;MORF4L1;ING3;ACTL6A;MRGBP;MSL3;RUVBL1
ERICH1,GO_Biological_Process_2023,prerank,Apoptotic Nuclear Changes (GO:0030262),0.3088580195818827,0.6144094844705096,0.9749478079331941,1.0,1.0,5/16,17.99%,GPER1;DFFB;CDK5RAP3;CECR2;DNASE2
ERICH1,GO_Biological_Process_2023,prerank,Positive Regulation Of Dendrite Morphogenesis (GO:0050775),0.3060030046731627,0.6141526444997012,0.9717171717171718,1.0,1.0,10/17,26.46%,GPRASP3;IL1RAPL1;RELN;CAPRIN2;CDKL3;SS18L1;CAPRIN1;LRP8;PTPRD;CDKL5
ERICH1,GO_Biological_Process_2023,prerank,Glucose 6-Phosphate Metabolic Process (GO:0051156),0.29309292481806054,0.6137187001321022,0.9916839916839917,1.0,1.0,8/18,23.31%,HKDC1;DERA;PGLS;HK2;PGD;GPI;RPE;RBKS
ERICH1,GO_Biological_Process_2023,prerank,Positive Regulation Of Positive Chemotaxis (GO:0050927),0.3012714596601129,0.613709189345676,0.9913606911447084,1.0,1.0,6/16,24.04%,IL16;VEGFC;KDR;F7;MEN1;CNTN1
ERICH1,GO_Biological_Process_2023,prerank,Transcription By RNA Polymerase III (GO:0006383),-0.2760750407994839,-0.6136044067173196,0.9943181818181818,1.0,1.0,10/28,20.83%,POLR3K;POLR2K;ELL;GTF3C1;IVNS1ABP;GTF3C5;SNAPC3;POLR3G;GTF3C2;POLR3GL
ERICH1,GO_Biological_Process_2023,prerank,Dorsal/Ventral Pattern Formation (GO:0009953),-0.275930163038611,-0.6132501269101873,0.9939759036144579,1.0,1.0,7/27,21.22%,CER1;LHX1;FBXL15;FGF8;NBL1;BMPR1A;ANKS1B
ERICH1,GO_Biological_Process_2023,prerank,Interleukin-1-Mediated Signaling Pathway (GO:0070498),0.2970265493926561,0.6129871039333578,0.9850746268656716,1.0,1.0,10/19,28.17%,IKBKB;TOLLIP;IRAK1;MAPK3;IRAK2;RELA;IL1RAP;TRAF6;IL1R1;RPS6KA5
ERICH1,GO_Biological_Process_2023,prerank,Regulation Of Proteasomal Protein Catabolic Process (GO:0061136),-0.23886928564646911,-0.6126219031725881,1.0,1.0,1.0,25/53,27.96%,PRKCG;DAB2IP;GPX1;COMMD1;GABARAPL2;RAD23B;XPO1;UBB;PSMC3;PKD1;FMR1;TMF1;OPHN1;PRKN;PSMF1;DNAAF4;ECSCR;APOE;UBQLN4;FBXW7;UFL1;MARCHF7;DESI1;PSMC5;RAD23A
ERICH1,GO_Biological_Process_2023,prerank,Nucleotide Biosynthetic Process (GO:0009165),-0.2943432991693716,-0.6125499242604407,0.9639468690702088,1.0,1.0,7/19,20.01%,MTHFD1;ME1;SLC4A7;RRM2;PRPS1;PRPSAP2;PRPS2
ERICH1,GO_Biological_Process_2023,prerank,Regulation Of Interleukin-1 Production (GO:0032652),0.3102601906464403,0.6124837048576103,0.9772727272727273,1.0,1.0,2/16,16.28%,ORM2;GAS6
ERICH1,GO_Biological_Process_2023,prerank,Endoplasmic Reticulum Calcium Ion Homeostasis (GO:0032469),0.2905564787087884,0.6120807923079178,0.9938144329896907,1.0,1.0,5/20,15.77%,PACS2;CCDC47;BCL2;WFS1;TUNAR
ERICH1,GO_Biological_Process_2023,prerank,Translational Elongation (GO:0006414),-0.2600934449812011,-0.6120127858708416,0.994328922495274,1.0,1.0,16/41,22.43%,TCF25;PTRH1;EIF5A;EEF2K;EIF5A2;SKIC3;RNF14;EEF1G;TSFM;PELO;GTPBP2;MTRFR;SKIC8;RACK1;GFM1;EIF5AL1
ERICH1,GO_Biological_Process_2023,prerank,Megakaryocyte Differentiation (GO:0030219),0.2995069419743185,0.611693217716381,0.9832985386221295,1.0,1.0,4/17,13.06%,GATA1;MPIG6B;UBA5;GP1BA
ERICH1,GO_Biological_Process_2023,prerank,Negative Regulation Of ERBB Signaling Pathway (GO:1901185),0.29432848909977244,0.6112518965618282,0.9828326180257511,1.0,1.0,6/18,18.79%,PTPN18;DUSP3;CBLC;ZFYVE28;RNF115;LGMN
ERICH1,GO_Biological_Process_2023,prerank,Vasculogenesis (GO:0001570),-0.2639104471556257,-0.6111539454652101,0.9923371647509579,1.0,1.0,9/33,22.93%,NOTCH1;CUL7;TGFBR2;RASA1;TGFBR3;ITGB8;RASIP1;AGGF1;VEGFA
ERICH1,GO_Biological_Process_2023,prerank,Embryonic Digestive Tract Development (GO:0048566),-0.29439549843725765,-0.6110806127900905,0.9766536964980544,1.0,1.0,3/19,8.58%,SIX2;RARRES2;RARB
ERICH1,GO_Biological_Process_2023,prerank,cAMP-mediated Signaling (GO:0019933),-0.2753594029960156,-0.6110801248907953,0.9918533604887984,1.0,1.0,11/26,25.27%,SERPINB8;GHRHR;PDE2A;EPHA5;GLP1R;CREB1;PRSS8;CGAS;RAPGEF2;ATF1;GAL
ERICH1,GO_Biological_Process_2023,prerank,Sphingosine Metabolic Process (GO:0006670),-0.29745854790736587,-0.6109547186073833,0.9867424242424242,1.0,1.0,4/19,16.61%,GBA1;ACER3;PLPP2;SPHK1
ERICH1,GO_Biological_Process_2023,prerank,Negative Regulation Of Fibroblast Proliferation (GO:0048147),0.30027391641892875,0.6101018513370062,0.9834368530020704,1.0,1.0,12/17,28.18%,MED9;CDC73;NF1;FTH1;TP53;MORC3;PARP10;SFRP1;PEX2;CD300A;SKI;NLRC3
ERICH1,GO_Biological_Process_2023,prerank,Positive Regulation Of Potassium Ion Transmembrane Transport (GO:1901381),0.297941642327375,0.6099844775489854,0.9798792756539235,1.0,1.0,9/17,27.20%,NPPA;KCNH2;KCNE5;FLNA;KCNQ1;ANK2;KCNIP2;AKAP6;ANO6
ERICH1,GO_Biological_Process_2023,prerank,Regulation Of Cholesterol Transport (GO:0032374),-0.28554185017159767,-0.6093314476661412,0.9848484848484849,1.0,1.0,7/22,25.65%,ABCB4;ABCA2;LRP1;APOC1;NAXE;LIPG;ARV1
ERICH1,GO_Biological_Process_2023,prerank,"Nuclear-Transcribed mRNA Catabolic Process, Nonsense-Mediated Decay (GO:0000184)",-0.2728588900466174,-0.6082561456960182,0.9871323529411765,1.0,1.0,11/28,22.68%,SKIC3;NCBP1;MAGOH;ZC3H12A;SMG6;RNPS1;NCBP2;UPF3B;SMG8;SKIC8;SMG1
ERICH1,GO_Biological_Process_2023,prerank,Maintenance Of Protein Location In Nucleus (GO:0051457),0.29094309474876934,0.6076309861956052,0.9727463312368972,1.0,1.0,10/18,27.53%,PARK7;ARL2BP;SUN2;HNRNPU;MORC3;TOPORS;RANGAP1;TAF8;SP100;SUN1
ERICH1,GO_Biological_Process_2023,prerank,Cellular Response To Unfolded Protein (GO:0034620),-0.30302277206983047,-0.6071461283551193,0.976,1.0,1.0,9/17,27.03%,BAK1;DAB2IP;DAXX;BAG3;OPTN;RHBDD1;PRKN;HSPD1;BAX
ERICH1,GO_Biological_Process_2023,prerank,Nucleocytoplasmic Transport (GO:0006913),-0.24378595345676657,-0.6067732368677872,1.0,1.0,1.0,24/49,27.01%,NUP214;CITED1;HNRNPA1;HTATIP2;SEC13;RITA1;NUP133;NUP42;NPM1;NUP62;XPO1;NUP155;NUP35;NUP58;NUP205;CDKN1B;NUP210;RANBP2;NUP107;RAE1;RBM15B;LSG1;RSRC1;ANP32A
ERICH1,GO_Biological_Process_2023,prerank,Regulation Of Immunoglobulin Production (GO:0002637),-0.27416241544653663,-0.6059696679525176,0.9961538461538462,1.0,1.0,7/27,22.74%,TNFSF4;CR1;POLR2D;XBP1;STX4;DNAJB9;PHB2
ERICH1,GO_Biological_Process_2023,prerank,Establishment Of Protein Localization To Endoplasmic Reticulum (GO:0072599),0.3028704760740797,0.6057719808412654,0.9798792756539235,1.0,1.0,6/16,19.66%,SEC61G;SRP14;RAB3GAP1;SRPRB;ZFAND2B;SEC61A1
ERICH1,GO_Biological_Process_2023,prerank,Regulation Of Establishment Of Endothelial Barrier (GO:1903140),-0.30350534658345385,-0.6055039010949165,0.9804305283757339,1.0,1.0,7/16,24.99%,CLDN5;F11R;ROCK2;VCL;ROCK1;VEGFA;TNFRSF1A
ERICH1,GO_Biological_Process_2023,prerank,Water-Soluble Vitamin Metabolic Process (GO:0006767),-0.2515913460375003,-0.6051629529549754,1.0,1.0,1.0,16/40,24.60%,MTR;SLC19A3;MMAA;SLC25A32;BTD;SLC2A3;DHFR2;SHMT1;MCCC1;MTRR;SLC2A1;DHFR;SLC19A2;SLC25A19;SLC19A1;PANK2
ERICH1,GO_Biological_Process_2023,prerank,Endosome Transport Via Multivesicular Body Sorting Pathway (GO:0032509),-0.2830889817219596,-0.6050962629343134,0.9944029850746269,1.0,1.0,8/23,17.88%,CHMP4A;SORT1;UBXN6;CHMP4C;LAPTM4B;CHMP5;VTA1;CHMP3
ERICH1,GO_Biological_Process_2023,prerank,"Negative Regulation Of DNA-templated Transcription, Elongation (GO:0032785)",0.29609711821140217,0.6047428789941482,0.9896049896049897,1.0,1.0,9/18,22.24%,NELFE;NELFB;NELFCD;ZC3H4;RNF8;PARP1;HEXIM1;SUPT4H1;HNRNPU
ERICH1,GO_Biological_Process_2023,prerank,U2-type Prespliceosome Assembly (GO:1903241),-0.276661959388285,-0.6044741435088249,0.9828897338403042,1.0,1.0,9/23,21.14%,SF3A2;DDX46;SNRPF;PHF5A;SNRPB;SNRPB2;SF3B2;SNRPG;SNRPD2
ERICH1,GO_Biological_Process_2023,prerank,Receptor Metabolic Process (GO:0043112),-0.28810939081144404,-0.604170592371566,0.9904761904761905,1.0,1.0,9/20,26.76%,PLEKHJ1;PIK3R4;SH3GLB1;PHETA1;UVRAG;NSG1;NEDD4;BECN1;PLEKHA3
ERICH1,GO_Biological_Process_2023,prerank,Cellular Response To Estrogen Stimulus (GO:0071391),-0.31352081283062344,-0.6027948686646576,0.9667318982387475,1.0,1.0,2/15,5.02%,ESR1;ARID5A
ERICH1,GO_Biological_Process_2023,prerank,Hippo Signaling (GO:0035329),0.2980666642785151,0.6025330110268129,0.9778672032193159,1.0,1.0,6/17,21.17%,MOB1A;LATS1;YAP1;DCHS1;AMOTL1;LATS2
ERICH1,GO_Biological_Process_2023,prerank,Positive Regulation Of Syncytium Formation By Plasma Membrane Fusion (GO:0060143),0.309250865073193,0.6020208938807509,0.9785867237687366,1.0,1.0,4/15,23.73%,ADGRB1;EHD2;EHD1;RAPGEF3
ERICH1,GO_Biological_Process_2023,prerank,Positive Regulation By Host Of Viral Transcription (GO:0043923),-0.3018046551061552,-0.6018651712159041,0.9691119691119691,1.0,1.0,6/16,20.72%,CDK9;LEF1;SNW1;ZNF639;NUCKS1;EP300
ERICH1,GO_Biological_Process_2023,prerank,Cellular Response To Vascular Endothelial Growth Factor Stimulus (GO:0035924),-0.26126614566627937,-0.601225642358273,0.9981132075471698,1.0,1.0,9/33,22.93%,NOTCH1;FLT4;PGF;VEGFB;DAB2IP;SPHK1;FLT1;MAPK14;VEGFA
ERICH1,GO_Biological_Process_2023,prerank,Regulation Of Cellular Response To Heat (GO:1900034),0.30904609200439914,0.6009567437310892,0.9720430107526882,1.0,1.0,6/15,21.60%,GSK3B;MAPKAPK2;HSF1;CHORDC1;DNAJB6;DNAJB1
ERICH1,GO_Biological_Process_2023,prerank,Aminoglycan Biosynthetic Process (GO:0006023),-0.2889129754231278,-0.6003170124248154,0.9922928709055877,1.0,1.0,4/21,12.16%,B3GNT3;HAS1;B3GNTL1;B4GAT1
ERICH1,GO_Biological_Process_2023,prerank,Regulation Of Striated Muscle Contraction (GO:0006942),0.26982463154396097,0.5999069820281573,0.9939516129032258,1.0,1.0,5/28,13.01%,SCN10A;GRK2;MYL3;PRKACA;SLC8A3
ERICH1,GO_Biological_Process_2023,prerank,Regulation Of Hormone Secretion (GO:0046883),0.3057214476777295,0.599761728088964,0.9698189134808853,1.0,1.0,6/15,28.86%,NMB;VAMP3;FGF23;SCG5;IL11;LIF
ERICH1,GO_Biological_Process_2023,prerank,Response To Amino Acid (GO:0043200),0.26013030581634206,0.5995253787053593,0.9978813559322034,1.0,1.0,10/30,20.90%,GLRA3;RPTOR;TMBIM6;LAMTOR2;LAMTOR1;RRAGD;CPEB1;SH3BP4;MEAK7;RRAGB
ERICH1,GO_Biological_Process_2023,prerank,Acylglycerol Homeostasis (GO:0055090),0.2726594830338884,0.5993252802229656,0.9958677685950413,1.0,1.0,6/24,26.43%,PNPLA8;NR1H3;GCKR;ANGPTL4;ANGPTL3;IL18
ERICH1,GO_Biological_Process_2023,prerank,Regulation Of Histone Modification (GO:0031056),-0.29267601286656286,-0.5988790171684679,0.980806142034549,1.0,1.0,6/18,24.42%,KAT2B;MTHFR;UBE2N;TADA3;KAT2A;FLCN
ERICH1,GO_Biological_Process_2023,prerank,Lamellipodium Assembly (GO:0030032),-0.2691306344872992,-0.598616811959681,0.9940357852882704,1.0,1.0,6/25,18.21%,KIT;PARVB;WHAMM;ARHGEF4;GOLPH3;VCL
ERICH1,GO_Biological_Process_2023,prerank,Regulation Of Nuclear Division (GO:0051783),0.28841819598100404,0.5985438034411709,0.980349344978166,1.0,1.0,10/19,23.20%,CCDC8;CUL9;CAV2;NEK2;MKI67;KIF20B;FBXO5;DAPK3;PDXP;CDC25C
ERICH1,GO_Biological_Process_2023,prerank,Establishment Of Protein Localization To Vacuole (GO:0072666),-0.2683994850366282,-0.5980025574696671,0.9942528735632183,1.0,1.0,6/27,15.50%,VPS37C;STAM2;VPS36;VPS13C;PIK3R4;VPS37B
ERICH1,GO_Biological_Process_2023,prerank,Cellular Response To Topologically Incorrect Protein (GO:0035967),-0.28140537013330796,-0.5977865890847137,0.9764243614931237,1.0,1.0,9/22,24.23%,BAK1;DAB2IP;DAXX;DNAJB12;BAG3;DNAJB14;OPTN;RHBDD1;PRKN
ERICH1,GO_Biological_Process_2023,prerank,Regulation Of AMPA Receptor Activity (GO:2000311),0.2753916801312926,0.5966172123691466,0.9875776397515528,1.0,1.0,7/24,16.01%,NLGN1;CACNG2;RELN;SHANK3;PRRT1;MINK1;CACNG7
ERICH1,GO_Biological_Process_2023,prerank,Gamma-Aminobutyric Acid Signaling Pathway (GO:0007214),-0.28225843377060206,-0.5966097981717883,0.9924812030075187,1.0,1.0,9/20,25.06%,GABRG1;GABBR2;SLC12A2;GABRG3;GABRG2;GABRA3;GABRA1;GPR156;GABRA5
ERICH1,GO_Biological_Process_2023,prerank,Purine-Containing Compound Biosynthetic Process (GO:0072522),-0.2991436785310985,-0.5956072931956315,0.9900199600798403,1.0,1.0,9/17,27.00%,MTHFD1;SLC4A7;PRPS1;PRPSAP2;PRPS2;SHMT1;PAICS;SHMT2;PNP
ERICH1,GO_Biological_Process_2023,prerank,Protein Neddylation (GO:0045116),-0.27450203748548124,-0.5947059012168244,0.9981167608286252,1.0,1.0,12/22,29.60%,DCUN1D2;DCUN1D5;COPS4;RNF7;COPS7A;UBE2F;NEDD8;UBA3;COPS6;COPS7B;DCUN1D3;COPS2
ERICH1,GO_Biological_Process_2023,prerank,Vasculature Development (GO:0001944),-0.2972487321292562,-0.5938429648488107,0.9864864864864865,1.0,1.0,4/16,17.08%,FLT4;NOTCH4;BMPR2;ERRFI1
ERICH1,GO_Biological_Process_2023,prerank,Regulation Of Nucleotide-Excision Repair (GO:2000819),-0.2716780453483747,-0.5930326540991319,0.994263862332696,1.0,1.0,10/26,20.97%,SMARCD2;DPF1;BCL7C;ARID2;SMARCA2;ACTL6A;DPF3;SMARCE1;PBRM1;BCL7A
ERICH1,GO_Biological_Process_2023,prerank,"Nuclear-Transcribed mRNA Catabolic Process, Exonucleolytic (GO:0000291)",-0.30211670950201186,-0.5922512664106762,0.9902534113060428,1.0,1.0,7/17,22.74%,DIS3;SKIC3;EXOSC3;CNOT8;EXOSC7;EXOSC9;EXOSC2
ERICH1,GO_Biological_Process_2023,prerank,Nucleotide-Sugar Biosynthetic Process (GO:0009226),0.2968394230726679,0.5914166265595716,0.9938144329896907,1.0,1.0,3/15,15.13%,UAP1L1;GMPPB;GFPT1
ERICH1,GO_Biological_Process_2023,prerank,Regulation Of Lipopolysaccharide-Mediated Signaling Pathway (GO:0031664),-0.2809638384377423,-0.5909559496776771,0.9907749077490775,1.0,1.0,1/21,1.58%,LY96
ERICH1,GO_Biological_Process_2023,prerank,Intracellular Cholesterol Transport (GO:0032367),-0.2953948482851726,-0.5906950147331266,0.9890710382513661,1.0,1.0,6/16,21.29%,OSBP;STARD4;NPC1;RELCH;VPS4A;OSBPL2
ERICH1,GO_Biological_Process_2023,prerank,peptidyl-S-diacylglycerol-L-cysteine Biosynthetic Process From Peptidyl-Cysteine (GO:0018231),-0.274378379632926,-0.5903678404407914,0.9904214559386973,1.0,1.0,6/22,18.44%,ZDHHC24;ZDHHC22;ZDHHC11B;ZDHHC12;ZDHHC4;ZDHHC1
ERICH1,GO_Biological_Process_2023,prerank,peptidyl-L-cysteine S-palmitoylation (GO:0018230),-0.274378379632926,-0.5903678404407914,0.9904214559386973,1.0,1.0,6/22,18.44%,ZDHHC24;ZDHHC22;ZDHHC11B;ZDHHC12;ZDHHC4;ZDHHC1
ERICH1,GO_Biological_Process_2023,prerank,DNA Catabolic Process (GO:0006308),0.28851364445753047,0.5900685713840867,0.9933035714285714,1.0,1.0,6/19,25.40%,REXO4;DFFB;CECR2;DNASE2;DNASE1L1;FOXL2
ERICH1,GO_Biological_Process_2023,prerank,Negative Regulation Of Mitochondrion Organization (GO:0010823),-0.25125641750118655,-0.5893419207814454,0.9981447124304267,1.0,1.0,10/38,20.44%,NOL3;AVP;MUL1;BAK1;OMA1;GPX1;BNIP3;SLC25A5;MAPT;BCL2L1
ERICH1,GO_Biological_Process_2023,prerank,Import Into Cell (GO:0098657),0.24419226718080622,0.5889031875584395,1.0,1.0,1.0,7/38,17.02%,PLPPR4;SLC27A1;SLC1A6;SNAP25;SLC5A6;SLC6A6;SLC36A1
ERICH1,GO_Biological_Process_2023,prerank,Skin Epidermis Development (GO:0098773),-0.27849903830330525,-0.5887734481525085,0.9942857142857143,1.0,1.0,7/21,23.49%,SFN;KDF1;MET;STMN1;TMEM79;FGFR1;ALOX12
ERICH1,GO_Biological_Process_2023,prerank,Cholesterol Efflux (GO:0033344),0.2693114575755967,0.5875624821172767,0.9958246346555324,1.0,1.0,6/23,21.60%,ABCG4;ABCA7;SOAT1;STX12;ABCG1;NPC2
ERICH1,GO_Biological_Process_2023,prerank,Response To Unfolded Protein (GO:0006986),0.24038082321060739,0.5875050221456292,1.0,1.0,1.0,12/44,20.25%,HSPA1L;HSPA2;DNAJB2;PTPN1;DNAJC4;TMBIM6;DERL1;HSF1;HSPA4;ERN1;TOR1B;ERP44
ERICH1,GO_Biological_Process_2023,prerank,Regulation Of Cell Morphogenesis (GO:0022604),0.25593488830800454,0.5869965883300683,1.0,1.0,1.0,10/31,20.27%,FMNL2;NTNG1;FITM2;PHIP;ZMYM4;CLDN4;PDZD8;VIL1;MOV10;CAPZB
ERICH1,GO_Biological_Process_2023,prerank,Positive Regulation Of Focal Adhesion Assembly (GO:0051894),0.2843068354210142,0.586832771186954,0.9934065934065934,1.0,1.0,6/18,21.48%,NELL1;TSC1;COL16A1;KDR;PPM1F;S100A10
ERICH1,GO_Biological_Process_2023,prerank,Autophagy Of Nucleus (GO:0044804),-0.29471009122562025,-0.5865159767840792,0.990530303030303,1.0,1.0,7/18,21.70%,ATG9A;ATG9B;ATG5;ULK2;ULK1;ATG2B;ATG3
ERICH1,GO_Biological_Process_2023,prerank,NLS-bearing Protein Import Into Nucleus (GO:0006607),0.28635498077587124,0.5861794826825764,0.9777327935222672,1.0,1.0,6/17,17.51%,RGPD5;KPNA2;KPNA6;NUP54;RGPD8;KPNA1
ERICH1,GO_Biological_Process_2023,prerank,Establishment Of Skin Barrier (GO:0061436),-0.28331440637885585,-0.5858083776236522,0.9961389961389961,1.0,1.0,7/19,23.49%,SFN;KDF1;MET;STMN1;TMEM79;FGFR1;ALOX12
ERICH1,GO_Biological_Process_2023,prerank,Regulation Of Hematopoietic Progenitor Cell Differentiation (GO:1901532),0.28836543104230844,0.585204923081432,0.9877300613496932,1.0,1.0,5/17,19.73%,ITCH;MIXL1;KAT5;YTHDF2;PRKDC
ERICH1,GO_Biological_Process_2023,prerank,L-glutamate Import (GO:0051938),0.2921407288396264,0.5841535784593591,0.9840319361277445,1.0,1.0,4/15,17.72%,SLC25A18;SLC1A6;SLC17A7;SLC1A1
ERICH1,GO_Biological_Process_2023,prerank,Positive Regulation Of Axon Extension (GO:0045773),-0.2841031496563301,-0.5841260696231638,0.9846153846153847,1.0,1.0,6/19,19.34%,SEMA7A;RUFY3;SHTN1;MACF1;L1CAM;MAPT
ERICH1,GO_Biological_Process_2023,prerank,Cellular Lipid Catabolic Process (GO:0044242),0.2699382618432959,0.5837913000615159,1.0,1.0,1.0,12/23,25.40%,PNLIPRP2;NUDT19;ACADL;PLA2G15;ACOX1;SIRT2;PPARD;PLBD1;LPIN1;LPIN2;ANGPTL3;CYP1B1
ERICH1,GO_Biological_Process_2023,prerank,Limb Morphogenesis (GO:0035108),0.27840624433365113,0.5833979953923675,0.9938144329896907,1.0,1.0,4/20,18.33%,CYP26B1;MYH3;FBXW4;GLI3
ERICH1,GO_Biological_Process_2023,prerank,Modulation By Host Of Viral Genome Replication (GO:0044827),-0.2767771369180633,-0.5831312837733958,0.9962616822429906,1.0,1.0,9/21,25.29%,VAPA;SMC5;ZC3H12A;CCNK;NUCKS1;FMR1;PRKN;FBXL2;PIK3C3
ERICH1,GO_Biological_Process_2023,prerank,Neuron Apoptotic Process (GO:0051402),0.28812049601617284,0.5828958364610853,0.9894291754756871,1.0,1.0,6/19,16.50%,FAS;ERBB3;NGFR;NLRP1;BCL2;SCN2A
ERICH1,GO_Biological_Process_2023,prerank,Regulation Of Bicellular Tight Junction Assembly (GO:2000810),-0.29519188184109924,-0.58238940698164,0.9897330595482546,1.0,1.0,3/15,7.90%,CLDN5;F11R;MYO1C
ERICH1,GO_Biological_Process_2023,prerank,Internal Peptidyl-Lysine Acetylation (GO:0018393),0.2369838703584491,0.5823805752791081,1.0,1.0,1.0,12/39,20.87%,SUPT3H;MBTD1;EPC1;TADA2A;TAF9;TAF12;KAT5;RUVBL2;EPC2;TRRAP;EP400;BRD8
ERICH1,GO_Biological_Process_2023,prerank,Chondrocyte Differentiation (GO:0002062),-0.25832690304649186,-0.5821277475703828,0.9980842911877394,1.0,1.0,8/29,22.29%,BMP2;FGFR3;MEF2C;BMPR2;SULF2;OXSR1;WNT2B;SOX5
ERICH1,GO_Biological_Process_2023,prerank,Regulation Of Inflammatory Response To Antigenic Stimulus (GO:0002861),0.2836064946035074,0.5819709078477465,0.9889624724061811,1.0,1.0,3/17,13.40%,RHBDF2;FYN;PLCG1
ERICH1,GO_Biological_Process_2023,prerank,Negative Regulation Of Rho Protein Signal Transduction (GO:0035024),-0.2895091190857188,-0.5815718064134661,0.9909420289855072,1.0,1.0,7/17,24.42%,KANK1;RASIP1;SCAI;RIPOR2;MET;STMN1;FLCN
ERICH1,GO_Biological_Process_2023,prerank,Regulation Of cAMP-mediated Signaling (GO:0043949),-0.28085333241849963,-0.5807661113153534,0.9902912621359223,1.0,1.0,6/18,24.88%,GNAI1;PDE2A;SCTR;UBE2B;PDE11A;RAPGEF2
ERICH1,GO_Biological_Process_2023,prerank,Polyol Metabolic Process (GO:0019751),-0.28832698342467594,-0.5789444977950156,0.9899799599198397,1.0,1.0,1/17,1.59%,INPP4B
ERICH1,GO_Biological_Process_2023,prerank,Ribosomal Small Subunit Assembly (GO:0000028),-0.28834198256952065,-0.5779335217151206,0.9896049896049897,1.0,1.0,8/16,27.70%,XRCC5;RPSA;RRP7A;RPS19;RPS27;RRP7BP;ERAL1;RPS28
ERICH1,GO_Biological_Process_2023,prerank,Cell Cycle G2/M Phase Transition (GO:0044839),-0.2403120252512942,-0.5774566558265654,1.0,1.0,1.0,14/40,25.70%,CCNB1;CHEK2;ARPP19;BRSK1;FBXL15;ENSA;BRSK2;AURKA;USH1C;PLK3;UBE2A;PLCB1;CDK2;PKMYT1
ERICH1,GO_Biological_Process_2023,prerank,Peptidyl-Tyrosine Dephosphorylation (GO:0035335),-0.25783621332883894,-0.5770793210526516,1.0,1.0,1.0,10/28,20.87%,PTPN12;DUSP5;DUSP10;PTPN9;DUSP1;PTPRT;DUSP6;PTPN2;DUSP22;DUSP18
ERICH1,GO_Biological_Process_2023,prerank,"Regulation Of DNA Damage Response, Signal Transduction By P53 Class Mediator (GO:0043516)",-0.2577236626679982,-0.5759616378937914,0.997979797979798,1.0,1.0,8/28,18.67%,MSX1;KDM1A;ATM;SIRT1;PLA2R1;SOX4;CD44;CD74
ERICH1,GO_Biological_Process_2023,prerank,Regulation Of Cardiac Muscle Hypertrophy (GO:0010611),0.2630944330165294,0.575893938046704,0.998019801980198,1.0,1.0,6/23,21.56%,IGF1;MEF2A;PARP1;SLC9A1;SMAD4;CAV3
ERICH1,GO_Biological_Process_2023,prerank,DNA Replication Initiation (GO:0006270),-0.2737940164554676,-0.5754756566150925,0.9879759519038076,1.0,1.0,11/21,28.29%,CDC45;LRWD1;MCM10;MCM5;ORC3;MCM7;POLA2;PRIM1;MCM3;MCM2;POLA1
ERICH1,GO_Biological_Process_2023,prerank,tRNA Aminoacylation (GO:0043039),0.2644849818481135,0.5752055594195553,0.9959183673469387,1.0,1.0,10/22,24.64%,GATB;GATC;IARS1;MARS1;HARS2;NARS1;RARS1;FARS2;DARS2;MARS2
ERICH1,GO_Biological_Process_2023,prerank,Nucleosome Disassembly (GO:0006337),-0.2874338107904867,-0.5746101058308029,0.994475138121547,1.0,1.0,6/18,20.68%,SMARCD2;SUPT16H;ARID2;HMGA1;SMARCE1;GRWD1
ERICH1,GO_Biological_Process_2023,prerank,Regulation Of Type I Interferon-Mediated Signaling Pathway (GO:0060338),0.24311400057593208,0.5742567672067163,1.0,1.0,1.0,15/33,27.06%,IKBKE;TRIM6;USP18;PTPN1;CNOT7;YTHDF2;RNF185;PTPN11;YTHDF3;ISG15;WNT5A;PTPN6;UBE2K;NLRC5;DCST1
ERICH1,GO_Biological_Process_2023,prerank,Positive Regulation Of Protein Import Into Nucleus (GO:0042307),-0.2574019107400536,-0.573142589711392,1.0,1.0,1.0,13/28,24.64%,DMAP1;RBM22;PRKCD;ZC3H12A;ECT2;PIK3R1;HCLS1;PSEN1;EP300;RAN;CHP2;ZIC1;TRIM28
ERICH1,GO_Biological_Process_2023,prerank,Positive Chemotaxis (GO:0050918),0.2808212120018042,0.5728169834632857,0.9918864097363083,1.0,1.0,2/17,11.79%,NELL1;SCRIB
ERICH1,GO_Biological_Process_2023,prerank,Maturation Of SSU-rRNA (GO:0030490),-0.23604612154737142,-0.5719569354731266,1.0,1.0,1.0,13/37,24.69%,SNU13;SPPL2B;RRP36;NOB1;DCAF13;MPHOSPH10;SRFBP1;UTP6;DDX52;NGDN;WDR3;RPS19;NAT10
ERICH1,GO_Biological_Process_2023,prerank,Organelle Fusion (GO:0048284),-0.25837634079253674,-0.5716392996189794,1.0,1.0,1.0,6/26,21.15%,MIEF1;MFF;THG1L;CIDEB;STX4;VPS18
ERICH1,GO_Biological_Process_2023,prerank,Regulation Of Nucleocytoplasmic Transport (GO:0046822),0.2887502820903466,0.5715495577013254,0.9810924369747899,1.0,1.0,4/16,11.13%,GSK3B;IFI27;TPR;BMP4
ERICH1,GO_Biological_Process_2023,prerank,Chaperone Cofactor-Dependent Protein Refolding (GO:0051085),-0.260863912284445,-0.5715062608137669,1.0,1.0,1.0,11/25,24.53%,HSPA1B;DNAJB4;HSPA5;DNAJB12;DNAJB5;HSPA8;DNAJB14;HSPA13;HSPE1;DNAJC7;PTGES3
ERICH1,GO_Biological_Process_2023,prerank,Protein Targeting To ER (GO:0045047),0.2634952182496597,0.5703785036157739,0.9939879759519038,1.0,1.0,9/23,19.66%,SEC61G;SRP14;SRPRB;GET3;SEC63;SGTA;UBL4A;ZFAND2B;SEC61A1
ERICH1,GO_Biological_Process_2023,prerank,Establishment Of Endothelial Barrier (GO:0061028),-0.2549915486789463,-0.569349827520565,0.9959919839679359,1.0,1.0,9/28,24.88%,F11R;RAP1B;PDE2A;RAB1B;TJP2;RAPGEF1;RAP2B;ICAM1;RAPGEF2
ERICH1,GO_Biological_Process_2023,prerank,mRNA Modification (GO:0016556),0.25555370158818297,0.5693122899436386,0.9979035639412998,1.0,1.0,7/27,23.15%,TRMT61A;VIRMA;TRUB2;WTAP;TRMT61B;TRMT6;PUS7L
ERICH1,GO_Biological_Process_2023,prerank,DNA Alkylation (GO:0006305),0.2908144661750077,0.5674531398525171,0.9816700610997964,1.0,1.0,5/15,22.59%,EHMT2;FOS;GATAD2A;DNMT3B;BAZ2A
ERICH1,GO_Biological_Process_2023,prerank,Regulation Of Proteolysis Involved In Protein Catabolic Process (GO:1903050),0.26331301586282413,0.5670859134528232,0.9940828402366864,1.0,1.0,7/24,15.31%,UCHL5;NUB1;PSME1;PRKACA;PSME3;LATS1;UBE3A
ERICH1,GO_Biological_Process_2023,prerank,Histone H4 Acetylation (GO:0043967),-0.23849553979454852,-0.5669589180506543,1.0,1.0,1.0,21/38,28.00%,MORF4L2;DMAP1;MORF4L1;MSL1;ING3;ACTL6A;KANSL3;MRGBP;MSL3;RUVBL1;KAT8;ACTL6B;HCFC1;ING4;YEATS4;KANSL1;JADE3;NAA40;JADE2;MEAF6;MSL2
ERICH1,GO_Biological_Process_2023,prerank,"Vesicle Targeting, Rough ER To cis-Golgi (GO:0048207)",-0.2705632175186075,-0.566384120570504,0.9961759082217974,1.0,1.0,9/19,26.08%,PDCD6;TRAPPC2B;PREB;TRAPPC3;TRAPPC2L;TRAPPC11;TRAPPC2;TRAPPC12;TMED10
ERICH1,GO_Biological_Process_2023,prerank,COPII Vesicle Coating (GO:0048208),-0.2705632175186075,-0.566384120570504,0.9961759082217974,1.0,1.0,9/19,26.08%,PDCD6;TRAPPC2B;PREB;TRAPPC3;TRAPPC2L;TRAPPC11;TRAPPC2;TRAPPC12;TMED10
ERICH1,GO_Biological_Process_2023,prerank,Regulation Of Chromatin Organization (GO:1902275),0.25116890507991924,0.5650412077737762,1.0,1.0,1.0,10/26,24.50%,PHF20;WDR5;MKI67;LSM11;SETD5;MLLT3;HNRNPU;TLK1;KANSL2;RLIM
ERICH1,GO_Biological_Process_2023,prerank,Negative Regulation Of Release Of Cytochrome C From Mitochondria (GO:0090201),-0.2888514317703591,-0.5645178000010876,0.9961315280464217,1.0,1.0,4/16,14.54%,NOL3;AVP;BAK1;GPX1
ERICH1,GO_Biological_Process_2023,prerank,tRNA Aminoacylation For Protein Translation (GO:0006418),-0.2416386207996179,-0.5642368557700135,1.0,1.0,1.0,13/35,24.87%,YARS1;IARS2;CARS2;VARS1;NARS2;LARS1;SARS2;CARS1;TARS1;HARS1;QARS1;KARS1;RARS2
ERICH1,GO_Biological_Process_2023,prerank,Vesicle Coating (GO:0006901),0.24808908466955476,0.5640470420492928,0.9978632478632479,1.0,1.0,11/28,23.57%,PPP6C;TRAPPC9;AP3S1;TRAPPC5;TRAPPC6A;TMED2;TRAPPC10;AP3D1;PEF1;AP3M2;CUL3
ERICH1,GO_Biological_Process_2023,prerank,Response To Hexose (GO:0009746),-0.2620323639292106,-0.5636262129544757,0.9980657640232108,1.0,1.0,7/24,20.80%,LCP1;EIF2B3;SELENOS;KLRG1;VAMP2;IRS2;PFKL
ERICH1,GO_Biological_Process_2023,prerank,Negative Regulation Of Peptidyl-Serine Phosphorylation (GO:0033137),-0.2702880985092263,-0.5620751492744795,0.9979633401221996,1.0,1.0,5/19,21.27%,PTEN;RASSF2;NCK1;INPP5K;RACK1
ERICH1,GO_Biological_Process_2023,prerank,Regulation Of Cardiac Muscle Cell Action Potential (GO:0098901),-0.24922306704896224,-0.5613761708251894,1.0,1.0,1.0,10/28,25.21%,CALM3;HCN2;CALM1;RYR2;HCN4;DSC2;HCN3;CTNNA3;CXADR;DSP
ERICH1,GO_Biological_Process_2023,prerank,Coenzyme A Metabolic Process (GO:0015936),0.2837487366781366,0.5609740746545675,0.9913419913419913,1.0,1.0,2/15,8.34%,NUDT19;PANK3
ERICH1,GO_Biological_Process_2023,prerank,Positive Regulation Of Immunoglobulin Mediated Immune Response (GO:0002891),-0.28424151207363113,-0.5590599921638971,0.988394584139265,1.0,1.0,7/15,24.66%,XCL1;TNFSF4;HMCES;INSL6;TRAPPC13;NECTIN2;SHLD1
ERICH1,GO_Biological_Process_2023,prerank,Negative Regulation Of Microtubule Depolymerization (GO:0007026),0.26718868000670415,0.5584251247276499,0.997946611909651,1.0,1.0,3/20,11.06%,APC2;TAOK1;HDGFL3
ERICH1,GO_Biological_Process_2023,prerank,Cellular Response To Misfolded Protein (GO:0071218),0.262120425041534,0.5532332600502027,0.9936575052854123,1.0,1.0,11/19,28.77%,UBE2W;DERL1;RNF185;UFD1;DNAJC18;AUP1;KLHL15;CUL3;STUB1;UGGT1;VCP
ERICH1,GO_Biological_Process_2023,prerank,Membrane Protein Ectodomain Proteolysis (GO:0006509),0.2561893830196875,0.5523820619001333,0.997979797979798,1.0,1.0,2/22,5.92%,ERAP1;PRTN3
ERICH1,GO_Biological_Process_2023,prerank,Positive Regulation Of Neuron Apoptotic Process (GO:0043525),-0.2591718221653037,-0.5521810543963037,0.9924528301886792,1.0,1.0,5/23,20.23%,CDK5;DDIT3;SRPK2;TGFB2;CDK5R1
ERICH1,GO_Biological_Process_2023,prerank,Regulation Of Vasculature Development (GO:1901342),-0.24034229876347962,-0.5475952438321823,1.0,1.0,1.0,6/30,18.66%,CXCL13;HTATIP2;PLXND1;HMOX1;VASH2;EGLN1
ERICH1,GO_Biological_Process_2023,prerank,Chondroitin Sulfate Metabolic Process (GO:0030204),0.2704150207202047,0.5467168461030772,0.9933920704845814,1.0,1.0,7/16,22.00%,CHST9;NDNF;CHST11;CHST12;CHST7;CHST3;CHPF2
ERICH1,GO_Biological_Process_2023,prerank,Negative Regulation Of Inflammatory Response To Antigenic Stimulus (GO:0002862),-0.27426160332740424,-0.5441103780559754,0.9943502824858758,1.0,1.0,7/16,24.22%,SRC;SELENOS;HCK;SYK;MAPK14;HLA-DRB1;LYN
ERICH1,GO_Biological_Process_2023,prerank,Negative Regulation Of Epithelial Cell Differentiation (GO:0030857),-0.27079244534512575,-0.5440271162010726,0.9980237154150198,1.0,1.0,2/15,11.85%,ZEB1;NOTCH4
ERICH1,GO_Biological_Process_2023,prerank,Positive Regulation Of Collagen Biosynthetic Process (GO:0032967),0.2794897536678246,0.5406377167603623,0.9817444219066938,1.0,1.0,3/15,11.13%,SERPINF2;SCX;BMP4
ERICH1,GO_Biological_Process_2023,prerank,Mitochondrial Fusion (GO:0008053),-0.2642238779562961,-0.5401291266538925,0.9922779922779923,1.0,1.0,3/18,16.43%,MIEF1;MFF;THG1L
ERICH1,GO_Biological_Process_2023,prerank,Negative Regulation Of DNA Replication (GO:0008156),0.2746631128072594,0.5394071856319123,0.9937888198757764,1.0,1.0,3/15,19.61%,TSPYL2;RAD17;CDT1
ERICH1,GO_Biological_Process_2023,prerank,Embryo Development Ending In Birth Or Egg Hatching (GO:0009792),-0.2707368599417094,-0.538848488327719,0.996031746031746,1.0,1.0,6/17,24.04%,RAI2;TDGF1;CHD7;TGFB2;FGFR1;NR5A2
ERICH1,GO_Biological_Process_2023,prerank,Protein Quality Control For Misfolded Or Incompletely Synthesized Proteins (GO:0006515),-0.24224485647539498,-0.5377249435253725,1.0,1.0,1.0,11/27,26.12%,PEX12;FBXL17;YME1L1;OMA1;RNF5;UGGT2;CLPP;ZYG11B;PEX10;NGLY1;TOR1A
ERICH1,GO_Biological_Process_2023,prerank,Positive Regulation Of Muscle Cell Differentiation (GO:0051149),0.2718010853595504,0.5375689472388842,0.9979591836734694,1.0,1.0,4/15,19.36%,OLFM2;LAMB2;LAMA2;LAMB1
ERICH1,GO_Biological_Process_2023,prerank,Regulation Of Vascular Endothelial Growth Factor Signaling Pathway (GO:1900746),-0.26179648933654026,-0.5346357404111701,0.998,1.0,1.0,5/19,18.19%,MYO1C;DAB2IP;CCBE1;JCAD;NRG1
ERICH1,GO_Biological_Process_2023,prerank,Negative Regulation Of Protein Depolymerization (GO:1901880),-0.24338322629772094,-0.533525611896891,1.0,1.0,1.0,8/23,24.03%,PLEKHH2;CIB1;CAMSAP2;CLASP1;TTBK2;TRIM54;CKAP2;ARHGEF2
ERICH1,GO_Biological_Process_2023,prerank,snRNA Processing (GO:0016180),-0.2579540901725716,-0.5331781091543127,0.9980806142034548,1.0,1.0,10/18,28.28%,INTS12;INTS4;TUT1;INTS5;INTS13;TOE1;INTS9;INTS8;INTS7;INTS14
ERICH1,GO_Biological_Process_2023,prerank,Neurotrophin Signaling Pathway (GO:0038179),0.26747954653285494,0.5330393639590333,0.9917695473251029,1.0,1.0,7/15,24.25%,BCAR1;ZFYVE27;NTF4;BDNF;MAGI2;RAP1A;NGF
ERICH1,GO_Biological_Process_2023,prerank,Regulation Of Vascular Endothelial Cell Proliferation (GO:1905562),-0.25711312645347245,-0.5290373106886235,1.0,1.0,1.0,6/18,24.16%,MEF2C;SIRT6;FLT1;CCL2;FGFR1;HMGB1
ERICH1,GO_Biological_Process_2023,prerank,Ribosomal Large Subunit Assembly (GO:0000027),-0.2483227259433282,-0.5264132485976204,0.9981412639405205,1.0,1.0,9/21,27.30%,RPL6;RPF2;NOP2;MDN1;PPAN;BRIX1;NOP53;RPL23A;RPL5
ERICH1,GO_Biological_Process_2023,prerank,Regulation Of Golgi Organization (GO:1903358),-0.26422118970902453,-0.5240425874313597,1.0,1.0,1.0,3/16,15.53%,PDE4DIP;CAMSAP2;RAB33B
ERICH1,GO_Biological_Process_2023,prerank,Regulation Of Protein Deacetylation (GO:0090311),-0.2526649638287142,-0.5181196002153493,0.9980732177263969,1.0,1.0,5/18,23.69%,KAT2B;CCAR2;EP300;TADA3;KAT2A
ERICH1,GO_Biological_Process_2023,prerank,Cell Communication By Electrical Coupling Involved In Cardiac Conduction (GO:0086064),0.258863055264795,0.5129459191571855,0.9961013645224172,1.0,1.0,3/16,17.48%,ATP1A3;PRKACA;PKP2
ERICH1,GO_Biological_Process_2023,prerank,Regulation Of Protein Neddylation (GO:2000434),-0.25128355641322847,-0.5125229512573745,1.0,0.9996447911357839,1.0,8/18,28.62%,DCUN1D2;DCUN1D5;COPS4;COPS9;COPS7A;RPL5;COPS6;COPS7B
ERICH1,GO_Biological_Process_2023,prerank,"Protein Localization To Chromosome, Centromeric Region (GO:0071459)",0.24293166213700687,0.5042837233132872,1.0,1.0,1.0,8/18,23.90%,BOD1;CDK1;CENPA;ZW10;TTK;BUB3;HASPIN;KNL1
ERICH1,GO_Biological_Process_2023,prerank,Positive Regulation Of Neuroblast Proliferation (GO:0002052),0.24105666968538864,0.4930821299129583,1.0,0.9998729030960182,1.0,5/18,20.08%,NCAN;HAPLN4;DISC1;SMARCD3;CTNNB1
