kd_gene,gene_set_library,Name,Term,ES,NES,NOM p-val,FDR q-val,FWER p-val,Tag %,Gene %,Lead_genes
ARHGEF10,MSigDB_Hallmark_2020,prerank,Pancreas Beta Cells,0.4911174052411293,1.2091166666588278,0.16292134831460675,1.0,0.691,12/40,14.74%,PAX6;SCGN;MAFB;CHGA;AKT3;PKLR;SYT13;SLC2A2;SRP9;PCSK1;DCX;GCK
ARHGEF10,MSigDB_Hallmark_2020,prerank,Protein Secretion,-0.4302392662084585,-1.1417862662776008,0.20461095100864554,1.0,0.995,43/96,25.58%,KIF1B;SSPN;GALC;AP3B1;CLTA;ABCA1;AP2M1;MON2;VAMP4;TMX1;COPE;SH3GL2;GLA;STX7;ARF1;ARCN1;CLN5;TPD52;STX16;ARFIP1;EGFR;ARFGEF2;NAPA;SOD1;SNAP23;RAB2A;KRT18;BNIP3;SEC24D;IGF2R;CD63;ANP32E;SGMS1;TOM1L1;RER1;AP3S1;PAM;ATP6V1H;GNAS;ERGIC3;VPS45;USO1;M6PR
ARHGEF10,MSigDB_Hallmark_2020,prerank,Interferon Alpha Response,0.37509222806436876,1.0882694828335573,0.27936507936507937,1.0,0.961,34/97,21.02%,OASL;GBP4;IRF7;UBA7;IRF9;PSME1;CSF1;IFIH1;TRIM21;HLA-C;DDX60;EPSTI1;TAP1;ISG20;LGALS3BP;NCOA7;NMI;PARP9;HERC6;TMEM140;EIF2AK2;OGFR;IFITM1;BATF2;TXNIP;PROCR;PARP12;IFIT3;TRIM25;STAT2;USP18;PSMB8;MX1;TDRD7
ARHGEF10,MSigDB_Hallmark_2020,prerank,Unfolded Protein Response,-0.3983038643998156,-1.0745611160176032,0.3201754385964912,1.0,0.999,53/112,26.80%,YIF1A;CNOT4;KHSRP;TUBB2A;ATF3;XBP1;SDAD1;CALR;SEC11A;CCL2;CEBPB;HYOU1;NFYB;PDIA5;IMP3;DCP1A;EDC4;EIF4EBP1;SHC1;KIF5B;HSP90B1;NABP1;PREB;STC2;ERO1A;PDIA6;SLC30A5;ALDH18A1;NPM1;SRPRA;BANF1;CNOT2;EEF2;HERPUD1;TARS1;CNOT6;EXOSC10;HSPA5;EXOSC2;H2AX;ERN1;XPOT;ASNS;EIF4A2;EXOSC5;SLC7A5;CHAC1;DKC1;EDEM1;PAIP1;EIF4E;ZBTB17;DNAJB9
ARHGEF10,MSigDB_Hallmark_2020,prerank,KRAS Signaling Dn,-0.3554463990218961,-1.0380891292161134,0.3402203856749311,1.0,1.0,51/199,17.72%,SYNPO;RIBC2;CAPN9;BRDT;THRB;EPHA5;SLC5A5;HTR1B;CACNG1;SLC12A3;SLC6A3;EGF;SERPINA10;CHST2;NOS1;SNCB;CNTFR;FGF16;LYPD3;GP1BA;ABCG4;ZBTB16;DCC;PAX3;IDUA;NR4A2;CALCB;CPA2;ZC2HC1C;MFSD6;PKP1;CKM;CPEB3;KLK7;RGS11;BTG2;MYOT;UPK3B;KCNMB1;FGFR3;TGFB2;MYO15A;MTHFR;DTNB;CYP39A1;SOX10;SELENOP;PDK2;GPR19;ALOX12B;PLAG1
ARHGEF10,MSigDB_Hallmark_2020,prerank,Coagulation,0.3428839799249157,1.0257533740850493,0.3870967741935484,1.0,0.996,31/138,15.50%,CTSE;HNF4A;PECAM1;APOA1;MST1;TF;PROZ;C3;CTSV;PF4;CPQ;THBS1;RABIF;SH2B2;MMP14;F3;RGN;MAFF;USP11;KLK8;CTSH;SPARC;SERPINE1;CTSO;F11;MMP15;F8;CLU;MMP2;LGMN;LTA4H
ARHGEF10,MSigDB_Hallmark_2020,prerank,TGF-beta Signaling,0.37378134338533336,0.9845829596909951,0.4714285714285714,1.0,1.0,21/54,17.69%,CTNNB1;THBS1;SMURF1;UBE2D3;HIPK2;KLF10;NCOR2;TGFB1;SERPINE1;PPM1A;BMPR1A;SMAD7;ID1;SPTBN1;SKIL;SLC20A1;TRIM33;TGFBR1;BCAR3;ACVR1;ARID4B
ARHGEF10,MSigDB_Hallmark_2020,prerank,Adipogenesis,0.3110018266696362,0.9812947787397973,0.4506578947368421,1.0,1.0,69/200,19.81%,CDKN2C;ACADS;ADCY6;REEP6;C3;PTGER3;DBT;GPD2;SORBS1;BCKDHA;GBE1;FZD4;CYC1;BCL6;GHITM;UQCRC1;SULT1A1;SCP2;ARAF;STOM;YWHAG;PGM1;LIFR;G3BP2;PDCD4;SLC19A1;IMMT;LEP;SCARB1;CD302;COL15A1;CHCHD10;DNAJC15;ETFB;VEGFB;UQCR11;SDHB;ANGPTL4;UQCR10;DHRS7;SPARCL1;PRDX3;PPARG;SLC1A5;CAT;COX7B;ECHS1;ESYT1;SLC5A6;ECH1;TOB1;SLC27A1;DECR1;SLC25A10;UBC;NDUFAB1;REEP5;HIBCH;CD151;UCP2;PEX14;MIGA2;ATL2;GPX3;PTCD3;GPX4;APLP2;MAP4K3;EPHX2
ARHGEF10,MSigDB_Hallmark_2020,prerank,Inflammatory Response,-0.3361648110775999,-0.9800843579596661,0.492371705963939,1.0,1.0,48/200,15.99%,KIF1B;PTGIR;FPR1;C3AR1;INHBA;RNF144B;ABCA1;TLR3;SCARF1;CHST2;SPHK1;CD55;TAPBP;GP1BA;EMP3;ATP2C1;ICAM1;ADORA2B;P2RX4;CALCRL;SLC4A4;TIMP1;ACVR2A;NMUR1;CCL2;IL1R1;CX3CL1;IL1A;EBI3;NFKBIA;OPRK1;PTGER4;GCH1;IL4R;BTG2;CD48;IL15;IL2RB;ADM;LCP2;LCK;RHOG;SLC31A2;TNFAIP6;RGS16;C5AR1;SELENOS;NPFFR2
ARHGEF10,MSigDB_Hallmark_2020,prerank,Reactive Oxygen Species Pathway,-0.40570010365822384,-0.9782243546970015,0.476038338658147,1.0,1.0,20/49,25.00%,SRXN1;NDUFS2;PFKP;NQO1;HHEX;MBP;CDKN2D;NDUFB4;SELENOS;LAMTOR5;SCAF4;G6PD;OXSR1;SOD1;EGLN2;MSRA;IPCEF1;ABCC1;PRDX6;TXN
ARHGEF10,MSigDB_Hallmark_2020,prerank,Bile Acid Metabolism,-0.35601805686774496,-0.9744585706198623,0.5116618075801749,1.0,1.0,34/112,19.78%,SULT1B1;CYP46A1;SLC22A18;NR1H4;SLCO1A2;ABCA1;PEX12;OPTN;GC;ABCG4;DIO1;AKR1D1;PECR;NR1I2;SLC27A2;ALDH8A1;PEX6;ABCG8;SLC35B2;LCK;HSD3B7;PEX26;ALDH1A1;CYP39A1;CROT;NEDD4;PIPOX;ALDH9A1;AMACR;IDH1;RBP1;SOD1;PRDX5;ABCD3
ARHGEF10,MSigDB_Hallmark_2020,prerank,Estrogen Response Early,-0.33697176941367796,-0.9709660060080384,0.5522598870056498,1.0,1.0,79/198,25.99%,AREG;NBL1;ENDOD1;MAPT;ALDH3B1;TFF3;PGR;KLK10;FCMR;TIPARP;SYNGR1;AQP3;XBP1;SFN;ELOVL2;FRK;TSKU;SLC22A5;SLC27A2;TUBB2B;ABAT;OVOL2;SCNN1A;SIAH2;SYBU;GLA;SLC2A1;RET;CXCL12;OPN3;GAB2;PODXL;GFRA1;ESRP2;RBBP8;ELF3;PTGES;BLVRB;ABHD2;GJA1;RHOD;ADD3;DHCR7;MYBL1;INPP5F;HSPB8;RETREG1;SLC26A2;STC2;KRT18;ELOVL5;ISG20L2;RAPGEFL1;MYBBP1A;FDFT1;OLFM1;RAB17;TIAM1;TPD52L1;MYOF;IL6ST;SOX3;RAB31;SYT12;KRT8;FOS;FARP1;MICB;ITPK1;TMEM164;REEP1;PEX11A;MAST4;ASB13;SLC7A5;AKAP1;TJP3;RRP12;MYB
ARHGEF10,MSigDB_Hallmark_2020,prerank,Angiogenesis,0.39694112984167196,0.970691390530991,0.4831168831168831,1.0,1.0,6/36,8.38%,VTN;POSTN;PGLYRP1;PF4;JAG2;SPP1
ARHGEF10,MSigDB_Hallmark_2020,prerank,Hypoxia,-0.32940679997065336,-0.9530859676343726,0.5917808219178082,1.0,1.0,71/200,23.63%,PPARGC1A;CHST2;PYGM;DDIT3;PHKG1;ENO1;TIPARP;SAP30;ATF3;WSB1;INHA;ADORA2B;MXI1;SLC2A5;NCAN;HS3ST1;PFKP;PKP1;ALDOA;EFNA3;SIAH2;KIF5A;HAS1;SLC6A6;CHST3;AK4;SLC2A1;NOCT;UGP2;BNIP3L;ADM;PLIN2;TGFB3;SLC25A1;DTNA;P4HA1;CCNG2;TPD52;COL5A1;GALK1;IER3;EGFR;ANXA2;FOXO3;CDKN1B;SLC2A3;RBPJ;SELENBP1;FOSL2;GAA;TMEM45A;BCAN;IGFBP3;PRDX5;STC2;ERO1A;GYS1;TPST2;NEDD4L;KLHL24;LARGE1;DUSP1;PPP1R15A;GPC1;JMJD6;FOS;HSPA5;PRKCA;SDC3;ZFP36;PAM
ARHGEF10,MSigDB_Hallmark_2020,prerank,Interferon Gamma Response,-0.32693969095545794,-0.9443245660498276,0.6178977272727273,1.0,1.0,42/199,15.10%,XAF1;SSPN;HLA-G;PTPN6;FPR1;OAS3;PLSCR1;KLRK1;IDO1;CFB;CD274;STAT4;PNPT1;TAPBP;CASP8;DHX58;ST8SIA4;PLA2G4A;ICAM1;XCL1;METTL7B;BPGM;BANK1;PFKP;CD74;APOL6;CMPK2;CCL2;IRF8;NFKBIA;GCH1;IL4R;IL15;IL2RB;PARP14;LCP2;HELZ2;PSMA3;IRF4;TNFAIP6;MVP;CD38
ARHGEF10,MSigDB_Hallmark_2020,prerank,Myogenesis,-0.3235888707819071,-0.9423080578061317,0.6114819759679573,1.0,1.0,63/199,21.49%,TNNT2;SSPN;SGCA;IGFBP7;CACNG1;MRAS;KLF5;RB1;MYH3;BDKRB2;NOS1;PYGM;GABARAPL2;GJA5;SGCG;SPHK1;CFD;PDE4DIP;COL6A3;ACTA1;IGF1;NOTCH1;NQO1;GNAO1;CKM;MAPRE3;CAMK2B;SH3BGR;TNNI1;VIPR1;ATP6AP1;ACTN2;KCNH1;RIT1;TEAD4;CTF1;DTNA;FDPS;AK1;CACNA1H;IFRD1;COL4A2;TSC2;GAA;HSPB8;MAPK12;HRC;ITGB4;IGFBP3;STC2;SH2B1;AGL;SGCD;PVALB;FABP3;PLXNB2;MEF2C;KIFC3;CKMT2;SCD;FGF2;TPD52L1;LARGE1
ARHGEF10,MSigDB_Hallmark_2020,prerank,Epithelial Mesenchymal Transition,-0.324388704656473,-0.9367269819810006,0.6229281767955801,1.0,1.0,53/200,19.29%,AREG;COL1A2;FMOD;FBLN2;INHBA;IL32;ACTA2;CXCL1;DAB2;LOXL1;CD59;TNFRSF12A;SGCG;LOXL2;EMP3;COL11A1;ITGAV;VIM;NT5E;COL6A3;ABI3BP;SCG2;TIMP1;COL5A2;SERPINH1;MSX1;TFPI2;GEM;COPA;SNAI2;IL15;BDNF;MYL9;CXCL12;FBLN5;WIPF1;PMP22;COL4A1;COL5A1;BMP1;GJA1;CALU;MAGEE1;COL7A1;COL4A2;PVR;P3H1;WNT5A;VEGFC;MEST;FZD8;IGFBP3;FUCA1
ARHGEF10,MSigDB_Hallmark_2020,prerank,Complement,-0.32059049590546046,-0.9364997324988388,0.6126373626373627,1.0,1.0,72/200,23.24%,KLK1;F5;CTSS;TMPRSS6;APOC1;CXCL1;PLSCR1;CFB;CASP10;CD59;CD55;ERAP2;PLA2G4A;GP1BA;WAS;GATA3;DGKG;APOBEC3G;ANXA5;F10;TIMP1;CR2;F2;EHD1;TFPI2;ZEB1;ITGAM;CASP9;CBLB;DUSP5;GNGT2;CEBPB;RBSN;RNF4;ACTN2;SRC;LCP2;CA2;DOCK9;LCK;RHOG;PCSK9;GNB4;NOTCH4;FDX1;ADAM9;CTSL;ME1;CALM1;PIK3CA;COL4A2;FYN;USP16;GNB2;PLA2G7;PRKCD;DGKH;ANG;USP15;DOCK4;FN1;F7;PPP4C;TIMP2;PRDM4;C1S;DOCK10;HSPA5;LAP3;PSEN1;KLKB1;MSRB1
ARHGEF10,MSigDB_Hallmark_2020,prerank,Cholesterol Homeostasis,-0.35930914546920373,-0.9332690883046142,0.5598086124401914,1.0,1.0,26/74,21.79%,CPEB2;TRIB3;STARD4;PLSCR1;TNFRSF12A;ATF3;ANXA5;ANTXR2;LPL;TM7SF2;ALCAM;PCYT2;EBP;FDPS;S100A11;DHCR7;CYP51A1;HMGCR;FABP5;CD9;MVK;ATF5;FDFT1;SCD;LDLR;JAG1
ARHGEF10,MSigDB_Hallmark_2020,prerank,KRAS Signaling Up,-0.31843519253524205,-0.9302890536142552,0.6260387811634349,1.0,1.0,54/200,19.30%,TNNT2;ADGRL4;CTSS;LY96;NAP1L2;NR1H4;ITGB2;C3AR1;INHBA;H2BC3;ANO1;PCSK1N;FGF9;CFB;SPRY2;LCP1;ITGBL1;ALDH1A2;BPGM;TMEM176B;USP12;MYCN;CBX8;IRF8;EMP1;MMP11;TMEM100;TSPAN7;ADAM8;CA2;PRDM1;HSD11B1;CLEC4A;RGS16;ARG1;MPZL2;ENG;CROT;CAB39L;ZNF639;PLAU;CPE;EPB41L3;EPHB2;G0S2;DNMBP;CCSER2;NGF;CSF2RA;FLT4;IGFBP3;DCBLD2;FUCA1;MTMR10
ARHGEF10,MSigDB_Hallmark_2020,prerank,Fatty Acid Metabolism,0.30049885105745777,0.9250022272628033,0.6733333333333333,1.0,1.0,39/157,17.19%,RDH16;CA4;GAD2;ACADS;UROS;REEP6;IL4I1;FMO1;TP53INP2;PSME1;ACAA1;GPD2;ADSL;NSDHL;ECI2;HSD17B11;PDHB;KMT5A;IDH3B;CBR3;LDHA;SUCLG2;IDI1;SERINC1;ACAT2;GAPDHS;ENO2;PCBD1;FASN;HSD17B10;HPGD;DHCR24;DLST;ECHS1;ECH1;GLUL;BMPR1B;DECR1;BCKDHB
ARHGEF10,MSigDB_Hallmark_2020,prerank,Spermatogenesis,-0.3285399552868364,-0.9209776021166236,0.6525547445255474,1.0,1.0,35/135,20.91%,PRM2;ELOVL3;PCSK1N;ALOX15;BUB1;NOS1;PCSK4;OAZ3;DCC;HBZ;SLC2A5;CLVS1;TULP2;ZC2HC1C;PAPOLB;SPATA6;COIL;STAM2;NF2;HSPA1L;GAD1;SIRT1;CFTR;CCT6B;ARL4A;ACRV1;CLPB;AURKA;IFT88;DBF4;NPY5R;PEBP1;CSNK2A2;CLGN;NCAPH
ARHGEF10,MSigDB_Hallmark_2020,prerank,Oxidative Phosphorylation,0.29185389766938385,0.9201939883456383,0.7272727272727273,1.0,1.0,88/200,22.85%,ATP5ME;ALAS1;TIMM13;ACAA1;MAOB;NDUFA3;NDUFA2;BCKDHA;CYC1;PDHB;CYB5R3;IDH2;IDH3B;COX7C;NDUFS1;UQCRC1;MFN2;LDHA;NDUFS6;NDUFA1;NDUFB1;ATP6V1E1;NNT;CASP7;IMMT;MRPS11;ATP5PB;ATP5F1D;MRPS12;MTRF1;ETFB;UQCR11;ATP5MC1;SDHB;ATP6V0C;SURF1;VDAC1;BDH2;CYB5A;HSD17B10;OPA1;SLC25A3;HSPA9;UQCR10;PRDX3;NDUFB2;DLST;COX7B;ECHS1;COX11;MRPL34;GLUD1;ATP6V1F;ECH1;SLC25A11;COX4I1;DECR1;NQO2;GOT2;NDUFAB1;ATP6V0E1;ACADSB;SLC25A6;ATP6V0B;GPX4;ATP5MC2;HADHB;NDUFA7;ATP5F1C;NDUFB5;NDUFC1;ACADVL;SUPV3L1;RHOT2;DLD;NDUFA6;GRPEL1;NDUFC2;COX6B1;ATP6V1C1;IDH3G;HTRA2;UQCRH;COX5B;NDUFS4;TIMM17A;MTX2;COX7A2
ARHGEF10,MSigDB_Hallmark_2020,prerank,Allograft Rejection,-0.3154211150812707,-0.9168657082477214,0.7005494505494505,1.0,1.0,50/200,20.97%,CXCL13;ITGAL;HLA-G;PTPN6;CTSS;ITGB2;RPL3L;INHBA;CFP;TLR3;SRGN;STAT4;TAPBP;ST8SIA4;ICAM1;WAS;CDKN2A;TIMP1;CD74;F2;ACVR2A;LTB;CCL2;IRF8;TAP2;IL4R;IL15;IL2RB;CD7;LCP2;CD1D;TGFB2;IRF4;LCK;GCNT1;IL11;STAT1;TPD52;EGFR;IL7;ABCE1;ABI1;HLA-DRA;RPS3A;NCK1;EIF3D;PRKCB;MRPL3;UBE2D1;NPM1
ARHGEF10,MSigDB_Hallmark_2020,prerank,mTORC1 Signaling,-0.31052870209519456,-0.9051633076366977,0.7247340425531915,1.0,1.0,84/199,27.34%,ITGB2;TRIB3;STARD4;CFP;CTH;BUB1;DDIT3;ENO1;XBP1;PSMA4;CALR;CORO1A;SEC11A;SERPINH1;ALDOA;SLC6A6;CACYBP;GLA;AK4;SLC2A1;GOT1;BTG2;SQSTM1;TM7SF2;GSK3B;PSMA3;RIT1;NFKBIB;UNG;P4HA1;EBP;ME1;IDH1;CCT6A;INSIG1;AURKA;SLC2A3;IFRD1;ADD3;DHCR7;CYP51A1;DHFR;G6PD;HSP90B1;HMGCR;PITPNB;CD9;ELOVL5;ERO1A;SLC7A11;SCD;LDLR;HSPE1;RDH11;PPP1R15A;ELOVL6;GMPS;NUP205;HSPA5;NAMPT;ACTR2;PSMC2;NFYC;ASNS;ADIPOR2;ETF1;STC1;IFI30;SLC7A5;IGFBP5;USO1;M6PR;SDF2L1;QDPR;CDKN1A;ATP2A2;PNP;EDEM1;CCNF;ACLY;PDK1;CCNG1;CANX;CYB5B
ARHGEF10,MSigDB_Hallmark_2020,prerank,Hedgehog Signaling,-0.39444228903804723,-0.8945257328490129,0.614516129032258,1.0,1.0,11/36,18.31%,CNTFR;NRP2;SCG2;HEY2;ADGRG1;RASA1;HEY1;OPHN1;ETS2;PML;CRMP1
ARHGEF10,MSigDB_Hallmark_2020,prerank,Mitotic Spindle,-0.3058861041761339,-0.8910000014507111,0.7694406548431105,1.0,1.0,72/199,23.97%,KIF1B;SYNPO;ALS2;DLGAP5;SORBS2;CLIP2;PCM1;BUB1;PCNT;BRCA2;ARHGAP4;CENPE;ARHGAP5;FBXO5;RALBP1;PALLD;MARCKS;CD2AP;CAPZB;DYNLL2;RASA1;ARFIP2;SAC3D1;KIFAP3;ANLN;SSH2;CDC42EP1;NET1;WASF1;RASA2;CEP57;STK38L;CEP250;BCL2L11;MARK4;CDC42EP4;OPHN1;AURKA;KIF5B;LRPPRC;HOOK3;SHROOM2;ABI1;KIF3B;TUBD1;FSCN1;CLASP1;TPX2;SMC1A;AKAP13;NCK1;PREX1;DOCK4;RASAL2;TIAM1;RACGAP1;ARHGAP27;ECT2;CKAP5;CEP192;CDC42;ARHGEF11;GSN;SASS6;CEP131;SUN2;NCK2;CNTROB;FARP1;ARHGAP10;MYH10;MAP1S
ARHGEF10,MSigDB_Hallmark_2020,prerank,Myc Targets V1,0.27702160897172207,0.8739156259955618,0.9405204460966543,1.0,1.0,88/199,23.53%,EIF3J;CCT7;EEF1B2;CYC1;SNRPG;PA2G4;MRPL9;LDHA;POLD2;AIMP2;SF3B3;HNRNPA3;COPS5;PSMC4;SNRPD3;EIF2S1;PSMD1;SNRPD1;SMARCC1;MCM7;EIF4H;NME1;VDAC1;SLC25A3;UBE2L3;RRM1;PRDX3;HSP90AB1;RANBP1;PCBP1;CCNA2;PSMA2;HSPD1;TXNL4A;SERBP1;RPS3;HPRT1;PSMA7;RPL18;SNRPA1;HNRNPD;MRPS18B;RPLP0;GOT2;RPL34;NDUFAB1;ERH;SF3A1;NOP56;SRM;YWHAQ;MCM4;EIF1AX;PSMC6;ORC2;NOP16;MCM2;RFC4;MAD2L1;PPIA;EIF3B;FBL;RPS5;EIF4A1;HNRNPC;CCT5;SYNCRIP;TRIM28;EIF2S2;DDX18;PCNA;KARS1;PSMB2;PRPF31;EPRS1;XRCC6;PSMD14;SNRPD2;PSMD8;PABPC1;MCM5;PSMA6;HNRNPU;RUVBL2;XPO1;STARD7;RRP9;UBA2
ARHGEF10,MSigDB_Hallmark_2020,prerank,Apical Junction,0.27406020301839984,0.8715348980577672,0.9321428571428572,1.0,1.0,55/198,16.56%,PECAM1;DMP1;CLDN9;CAP1;ITGA10;ICAM4;CLDN6;RHOF;MADCAM1;ITGB1;PIK3CB;CDH6;AKT3;NF1;SYMPK;TMEM8B;CLDN4;MDK;NRXN2;PARD6G;CDK8;ATP1A3;COL16A1;TGFBI;ITGA3;GTF2F1;IKBKG;ACTN4;ICAM5;SGCE;PPP2R2C;CALB2;MVD;CD86;ARHGEF6;ACTN3;PLCG1;LIMA1;IRS1;STX4;CTNND1;CADM2;MPZL1;MAP4K2;TRAF1;CLDN18;MMP2;DLG1;B4GALT1;SKAP2;NFASC;NECTIN2;TAOK2;EPB41L2;TSC1
ARHGEF10,MSigDB_Hallmark_2020,prerank,Estrogen Response Late,-0.3011637375047673,-0.8696599185849753,0.81292984869326,1.0,1.0,73/197,22.18%,AREG;GALE;PTPN6;NBL1;PRKAR2B;MAPT;ST14;ALDH3B1;TFF3;DNAJC12;PGR;KLK10;XBP1;SFN;FRK;STIL;SLC22A5;SLC27A2;DUSP2;SCUBE2;OVOL2;SCNN1A;SIAH2;TFPI2;GLA;SERPINA5;EMP2;ALDH3A2;PLAC1;RET;CXCL12;OPN3;FGFR3;PKP3;CA2;ACOX2;CDH1;RBBP8;PTGES;PLXNB1;BLVRB;ABHD2;LLGL2;CPE;COX6C;ADD3;DHCR7;ASS1;PERP;HSPB8;SNX10;MEST;SLC26A2;FABP5;NMU;CD9;ELOVL5;RAPGEFL1;LSR;FDFT1;OLFM1;MAPK13;TIAM1;TST;TPD52L1;GAL;MYOF;LARGE1;IL6ST;CACNA2D2;SOX3;RAB31;PLK4
ARHGEF10,MSigDB_Hallmark_2020,prerank,UV Response Dn,-0.3047441062298308,-0.8523970510848029,0.83,1.0,1.0,47/144,24.30%,SLC22A18;INPP4B;PRKAR2B;COL1A2;DAB2;PTEN;ATP2C1;ADORA2B;COL11A1;LTBP1;MAGI2;CACNA1A;ACVR2A;COL5A2;SCN8A;NFIB;SNAI2;BDNF;FBLN5;RASA2;GCNT1;PMP22;KIT;GJA1;INSIG1;ANXA2;CDKN1B;ADD3;FYN;RUNX1;ZMIZ1;NEK7;ATP2B1;MIOS;MGMT;TGFBR2;AMPH;LDLR;DUSP1;DYRK1A;PTPRM;TOGARAM1;PRKCA;MAPK14;ABCC1;MET;PLPP3
ARHGEF10,MSigDB_Hallmark_2020,prerank,DNA Repair,0.27723718580069423,0.8382667128533525,0.920265780730897,1.0,1.0,53/149,19.41%,NME4;ADCY6;VPS37D;NT5C3A;NME3;TAF12;ZWINT;RAD51;MPC2;RFC5;CDA;POLR2C;PDE6G;DCTN4;EDF1;TP53;BRF2;RBX1;GTF2F1;NFX1;ERCC1;POLR2G;ITPA;PDE4B;USP11;RRM2B;GUK1;RAD52;NELFE;POLH;NME1;GTF2H5;POLB;SURF1;LIG1;ERCC8;RFC2;APRT;ERCC2;CANT1;POLR2D;SDCBP;BCAP31;HPRT1;MPG;ADRM1;TK2;UMPS;SUPT5H;DDB2;SUPT4H1;GPX4;RFC4
ARHGEF10,MSigDB_Hallmark_2020,prerank,Apoptosis,-0.293870485133383,-0.8324779443192777,0.8818565400843882,1.0,1.0,54/161,24.32%,CTH;LEF1;PPP2R5B;TNFRSF12A;DDIT3;AIFM3;CASP8;ATF3;TIMP1;F2;CDK2;CFLAR;HMGB2;WEE1;CASP9;IL1A;EMP1;VDAC2;GCH1;BTG2;BCL2L2;BNIP3L;SQSTM1;DIABLO;TGFB2;XIAP;PPP3R1;LMNA;RNASEL;CD38;MADD;BCL2L11;EBP;IER3;CDKN1B;CASP2;IGFBP6;SOD1;BCL2L1;DAP3;KRT18;DAP;MGMT;IGF2R;CYLD;GADD45B;GSN;TIMP2;BTG3;PSEN1;IRF1;PTK2;CASP3;IFITM3
ARHGEF10,MSigDB_Hallmark_2020,prerank,G2-M Checkpoint,0.26225721556270076,0.8321155646720478,1.0,1.0,1.0,81/199,23.17%,CDKN2C;H2AZ2;PURA;E2F2;MNAT1;HIF1A;CDC7;FOXN3;KMT5A;KIF4A;LBR;SMC2;GINS2;CDKN3;NASP;SS18;UCK2;KIF22;MYBL2;SLC12A2;E2F3;TGFB1;SNRPD1;MCM3;H2BC12;SMARCC1;TROAP;ORC6;DTYMK;MEIS2;MKI67;CCNA2;SLC7A1;SMC4;CBX1;SUV39H1;AURKB;WRN;TNPO2;KIF2C;CCNT1;HNRNPD;EXO1;TTK;CHMP1A;NSD2;LMNB1;HUS1;POLE;SQLE;NOTCH2;MCM2;YTHDC1;ARID4A;NEK2;MAD2L1;CKS1B;SYNCRIP;RPS6KA5;RBL1;PDS5B;HMGN2;KIF15;RAD54L;INCENP;HMGA1;KIF23;ATRX;NUP50;PRIM2;CDC25B;BIRC5;DDX39A;CDC25A;PTTG1;KATNA1;MCM5;HNRNPU;CENPA;AMD1;XPO1
ARHGEF10,MSigDB_Hallmark_2020,prerank,IL-6/JAK/STAT3 Signaling,-0.31345131473063137,-0.8235756652579461,0.8245877061469266,1.0,1.0,22/87,20.22%,CXCL13;IL13RA1;CXCL1;CNTFR;TNFRSF12A;LTBR;IL10RB;BAK1;PLA2G2A;CRLF2;LTB;IL1R1;STAM2;EBI3;IL4R;CD38;STAT1;IL7;MAP3K8;CSF2RA;CD9;A2M
ARHGEF10,MSigDB_Hallmark_2020,prerank,UV Response Up,0.26254698252631986,0.8205017753410718,0.9931740614334471,1.0,1.0,52/158,19.76%,LHX2;ALAS1;CDC5L;FMO1;CCND3;ARRB2;MAPK8IP2;HSPA2;RRAD;CTSV;NAT1;ACAA1;CLCN2;PRPF3;AGO2;TGFBRAP1;TUBA4A;TAP1;PDLIM3;FKBP4;MMP14;SULT1A1;CCK;HSPA13;TFRC;SPR;RHOB;SLC6A8;ONECUT1;CHKA;PPP1R2;RXRB;DNAJA1;TACR3;ENO2;EIF5;STARD3;BID;HMOX1;GGH;ATP6V1F;SIGMAR1;CCNE1;MARK2;PPAT;GPX3;PPIF;IGFBP2;RFC4;KCNH2;MAOA;TMBIM6
ARHGEF10,MSigDB_Hallmark_2020,prerank,Notch Signaling,-0.36031508947901514,-0.8179914135707695,0.7558139534883721,1.0,1.0,14/32,24.61%,SAP30;FZD1;SKP1;NOTCH1;ARRB1;DTX1;FZD7;DLL1;MAML2;WNT5A;JAG1;CUL1;PRKCA;PPARD
ARHGEF10,MSigDB_Hallmark_2020,prerank,Androgen Response,0.2834265151787794,0.8117998115147977,0.9530791788856305,1.0,1.0,40/100,21.46%,NDRG1;CCND3;NKX3-1;SAT1;SGK1;GNAI3;SPDEF;PA2G4;LIFR;IDI1;HOMER2;ZBTB10;AKT1;PTPN21;GSR;TSC22D1;UBE2I;AKAP12;HPGD;DHCR24;MAP7;HERC3;B4GALT1;CAMKK2;DBI;GPD1L;BMPR1B;ADRM1;ACSL3;SORD;CENPN;PDLIM5;KRT19;ARID5B;PGM3;MERTK;FADS1;STK39;TMPRSS2;MAF
ARHGEF10,MSigDB_Hallmark_2020,prerank,E2F Targets,0.25616651632093057,0.7970211433436374,1.0,1.0,1.0,81/200,23.17%,CDKN2C;EED;RFC1;TUBB;PA2G4;KIF4A;LBR;POLD2;RAD1;CDKN3;TP53;TFRC;LYAR;RAD50;NASP;IPO7;KIF22;EIF2S1;MYBL2;NUP107;NUP153;NAA38;MCM3;MCM7;NME1;PAICS;LIG1;RFC2;ASF1B;ORC6;PRKDC;MKI67;NCAPD2;RANBP1;HELLS;SLBP;SMC6;EXOSC8;SMC4;SUV39H1;PMS2;AURKB;KIF2C;CDCA8;TK1;HNRNPD;CCNE1;CDCA3;PPP1R8;LMNB1;HUS1;POLE;NOP56;MCM4;PSMC3IP;ORC2;MCM2;TUBG1;MELK;MAD2L1;UBR7;CKS1B;SYNCRIP;MXD3;PDS5B;GINS3;CIT;HMGA1;PCNA;PRIM2;CDC25B;BIRC5;XRCC6;SHMT1;DDX39A;CDC25A;PTTG1;MCM5;NBN;CBX5;XPO1
ARHGEF10,MSigDB_Hallmark_2020,prerank,heme Metabolism,0.2491364492085121,0.794455539083758,1.0,1.0,1.0,34/199,11.67%,CTSE;SLC4A1;UROS;H4C3;C3;ICAM4;CCND3;PC;ACSL6;E2F2;ABCG2;RNF19A;EPB41;FBXO9;FBXO34;SLC22A4;SYNJ1;MFHAS1;SLC25A37;AGPAT4;SLC30A1;SMOX;GDE1;P4HA2;RNF123;ARL2BP;RANBP10;ALAS2;TFRC;NNT;SLC6A8;DCAF10;ARHGEF12;RBM38
ARHGEF10,MSigDB_Hallmark_2020,prerank,Xenobiotic Metabolism,-0.27264419832741865,-0.7870693194240123,0.9847645429362881,1.0,1.0,56/199,21.59%,ETFDH;ABHD6;CCL25;FAH;CFB;ABCC2;UPB1;RAP1GAP;HRG;PTGDS;F10;ANGPTL3;LEAP2;TMEM176B;ACP1;IGF1;CYP2E1;NQO1;GSTT2;SLC6A12;SLC46A3;FETUB;CDO1;IRF8;IL1R1;SLC6A6;DHPS;MTHFD1;GCH1;GAD1;AP4B1;TGFB2;CA2;ACOX2;HSD11B1;ARG1;APOE;CROT;PTGES;BLVRB;ALDH9A1;GSS;ARG2;IDH1;ETS2;PINK1;MARCHF6;PGD;PMM1;ELOVL5;POR;TPST1;ACO2;DDT;SAR1B;AKR1C3
ARHGEF10,MSigDB_Hallmark_2020,prerank,Glycolysis,-0.2696103425959958,-0.7855441673570605,0.9904891304347826,1.0,1.0,61/199,21.18%,B4GALT7;NOL3;GALE;B3GNT3;IL13RA1;CTH;PGAM1;TFF3;CHST2;ENO1;SAP30;PFKFB1;HOMER1;ADORA2B;CLDN3;IDUA;MXI1;NT5E;PFKP;LCT;ALDOA;EFNA3;B3GAT3;CHPF2;AK4;GOT1;CHST4;HS2ST1;RPE;UGP2;CAPN5;PAXIP1;PKM;P4HA1;ELF3;COL5A1;MDH2;ALDH9A1;GALK1;IER3;EGFR;ME1;IDH1;CACNA1H;PRPS1;AURKA;PHKA2;DEPDC1;G6PD;SOD1;IGFBP3;MPI;STC2;AGL;ERO1A;GYS1;ANG;GLCE;TPST1;CLN6;GNE
ARHGEF10,MSigDB_Hallmark_2020,prerank,IL-2/STAT5 Signaling,-0.2606417038326134,-0.7524863214265631,0.9971139971139971,1.0,1.0,48/197,18.71%,AHNAK;WLS;PDCD2L;FAH;PLSCR1;F2RL2;BMPR2;GLIPR2;P2RX4;ITGAV;XBP1;NT5E;SMPDL3A;ENPP1;COCH;PENK;IKZF2;LTB;COL6A1;IRF8;LCLAT1;CD81;EMP1;ITIH5;RNH1;EEF1AKMT1;IL4R;CD48;IL2RB;PLAGL1;PLIN2;ALCAM;PHTF2;CA2;IRF4;FURIN;RGS16;SOCS2;P4HA1;CYFIP1;SWAP70;ARL4A;AMACR;NCS1;SLC2A3;SYT11;MAP3K8;PLPP1
ARHGEF10,MSigDB_Hallmark_2020,prerank,TNF-alpha Signaling via NF-kB,-0.2605271746557103,-0.7515051449220977,1.0,1.0,1.0,62/199,24.30%,AREG;INHBA;DRAM1;CXCL2;ABCA1;SERPINB8;IER2;CXCL1;TUBB2A;SPHK1;TIPARP;STAT5A;ICAM1;ATF3;NR4A2;DUSP2;MARCKS;EHD1;ZC3H12A;FOSB;CCL2;FOSL1;GEM;CFLAR;DUSP5;CEBPB;IL1A;NFKBIA;RNF19B;PTGER4;GCH1;BTG2;SQSTM1;TNFAIP6;IER3;EIF1;PLAU;ETS2;SLC2A3;G0S2;RELB;FOSL2;GPR183;MAP3K8;ATP2B1;FJX1;LDLR;IL6ST;DUSP1;JAG1;B4GALT5;GADD45B;TANK;PPP1R15A;CEBPD;FOS;BTG3;NAMPT;ZFP36;NFAT5;IRF1;PLPP3
ARHGEF10,MSigDB_Hallmark_2020,prerank,p53 Pathway,-0.255029289557269,-0.7470938293927833,1.0,1.0,1.0,81/199,27.69%,CDKN2B;TRIB3;ST14;DRAM1;RB1;GPX2;PPM1D;DDIT3;NUDT15;SPHK1;ATF3;ZBTB16;BAK1;CDKN2A;SFN;HEXIM1;BAIAP2;NOTCH1;OSGIN1;ABAT;CDKN2AIP;IL1A;CD81;TNNI1;RNF19B;BTG2;ABCC5;SEC61A1;CEBPA;FGF13;RGS16;BLCAP;PHLDA3;SESN1;IER3;AK1;MAPKAPK3;FOXO3;SERTAD3;ANKRA2;PERP;WRAP73;ITGB4;PMM1;FUCA1;FBXW7;PLXNB2;SLC7A11;TPD52L1;KIF13B;AEN;ELP1;PPP1R15A;FOS;RALGDS;VWA5A;DNTTIP2;ISCU;VDR;TRAF4;EI24;TGFA;IFI30;RXRA;DGKA;RAP2B;ACVR1B;RAD51C;SDC1;CDKN1A;RACK1;COQ8A;GM2A;UPP1;MXD1;POM121;CCNG1;ADA;BMP2;TPRKB;APP
ARHGEF10,MSigDB_Hallmark_2020,prerank,Myc Targets V2,0.2808552046630106,0.7463441550774085,0.97911227154047,1.0,1.0,28/57,23.52%,PA2G4;LAS1L;AIMP2;TMEM97;WDR43;SLC19A1;IMP4;FARSA;HSPD1;TFB2M;HK2;MRTO4;PPRC1;NOP56;SRM;SORD;MCM4;NOP16;NOC4L;MPHOSPH10;SLC29A2;SUPV3L1;DDX18;PUS1;TCOF1;MCM5;RRP9;PLK1
ARHGEF10,MSigDB_Hallmark_2020,prerank,PI3K/AKT/mTOR  Signaling,-0.27194260966583705,-0.7417394081664571,0.991044776119403,1.0,1.0,36/105,23.93%,TRIB3;AP2M1;DDIT3;PTEN;SFN;CALR;CDK2;SLC2A1;SQSTM1;ARF1;GSK3B;RIT1;LCK;NFKBIB;CAB39L;EGFR;MKNK1;CDKN1B;TSC2;CSNK2B;HSP90B1;NGF;ECSIT;GRK2;NCK1;PRKCB;TIAM1;AKT1S1;CFL1;RPS6KA1;E2F1;PIKFYVE;CDK4;MAPK8;GNA14;ACTR2
ARHGEF10,MSigDB_Hallmark_2020,prerank,Pperoxisome,-0.26844607135529763,-0.7281052858065064,0.9882352941176471,1.0,1.0,32/104,22.47%,MSH2;FABP6;ABCC8;DIO1;CNBP;NR1I2;SLC27A2;PEX6;SLC25A19;SLC35B2;ABCC5;HSD3B7;CEL;DLG4;MVP;ALDH1A1;ALDH9A1;FDPS;IDH1;SEMA3C;FIS1;SOD1;PRDX5;CTPS1;ABCD3;SLC25A17;ELOVL5;SLC25A4;CLN6;CRABP1;RDH11;NUDT19
ARHGEF10,MSigDB_Hallmark_2020,prerank,Apical Surface,-0.305007840340643,-0.7207900047352449,0.959375,0.989972337482711,1.0,17/44,25.28%,LYPD3;GATA3;MDGA1;SCUBE1;SULF2;CX3CL1;IL2RB;PCSK9;SHROOM2;DCBLD2;EFNA5;FLOT2;NTNG1;GSTM3;ADIPOR2;NCOA6;LYN
ARHGEF10,MSigDB_Hallmark_2020,prerank,Wnt-beta Catenin Signaling,0.2608283701492421,0.655560255502052,0.9949238578680203,0.9986270920502092,1.0,8/42,14.16%,WNT5B;TCF7;JAG2;CTNNB1;TP53;NCOR2;KAT2A;DVL2
ARHGEF10,GO_Biological_Process_2023,prerank,Detection Of Chemical Stimulus Involved In Sensory Perception (GO:0050907),-0.6587952396103204,-1.8104611346935462,0.0,0.2205532450349233,0.161,12/114,16.45%,OR1R1P;OR5V1;OR2AG1;PKD2L1;OR6B1;OR2A12;OR2A14;OR2F1;OR2B6;OR2AG2;OR6A2;OR2A5
ARHGEF10,GO_Biological_Process_2023,prerank,Peptide Cross-Linking (GO:0018149),-0.8144295011415058,-1.801497364516402,0.0,0.1297372029617196,0.18,1/27,0.01%,IVL
ARHGEF10,GO_Biological_Process_2023,prerank,Detection Of Chemical Stimulus Involved In Sensory Perception Of Smell (GO:0050911),-0.6403041228677031,-1.7561748374684916,0.0,0.19992835635895764,0.347,11/112,16.45%,OR1R1P;OR5V1;OR2AG1;OR6B1;OR2A12;OR2A14;OR2F1;OR2B6;OR2AG2;OR6A2;OR2A5
ARHGEF10,GO_Biological_Process_2023,prerank,Glucuronate Metabolic Process (GO:0019585),-0.8887458772423777,-1.7235604954045591,0.0017331022530329288,0.22753909442516976,0.542,1/15,11.13%,UGT1A8
ARHGEF10,GO_Biological_Process_2023,prerank,Cellular Glucuronidation (GO:0052695),-0.8887458772423777,-1.7235604954045591,0.0017331022530329288,0.22753909442516976,0.542,1/15,11.13%,UGT1A8
ARHGEF10,GO_Biological_Process_2023,prerank,Positive Regulation Of Immune Response (GO:0050778),-0.6374925993487705,-1.6496465994117817,0.0,0.6322193698173029,0.923,23/80,14.11%,C6;ZP3;SH2D1B;IFNK;GSDME;IL23R;ITGB2;CFP;PLSCR1;CD177;XBP1;LGALS9;CD74;AKIRIN2;ITGAM;CD81;CD226;TRIM56;IL15;TNFSF4;SIRT1;CD1D;TGFB2
ARHGEF10,GO_Biological_Process_2023,prerank,Antifungal Innate Immune Response (GO:0061760),-0.8023399745168595,-1.568745824748416,0.005042016806722689,1.0,1.0,3/16,6.90%,DEFB119;DEFB135;CLEC6A
ARHGEF10,GO_Biological_Process_2023,prerank,Lymphocyte Migration (GO:0072676),-0.670754786415302,-1.5600977415111053,0.0032258064516129032,1.0,1.0,9/39,13.57%,KLF5;CCL25;MYO1G;XCL1;GATA3;MSMP;CCL2;CX3CL1;RET
ARHGEF10,GO_Biological_Process_2023,prerank,Negative Regulation Of Type II Interferon Production (GO:0032689),-0.7013050811202541,-1.5540331759798933,0.013559322033898305,1.0,1.0,12/28,13.14%,LILRB4;NR1H4;INHBA;CD274;DDIT3;VSIR;XCL1;INHA;LGALS9;ZC3H12A;C1QBP;TNFSF4
ARHGEF10,GO_Biological_Process_2023,prerank,Negative Regulation Of Interleukin-6 Production (GO:0032715),-0.6780720375611219,-1.5528563416783423,0.009316770186335404,1.0,1.0,15/34,23.06%,LILRB4;PTPN6;GBA1;C1QTNF3;ZC3H12A;CX3CL1;FOXJ1;NLRC3;CD200R1;SELENOS;SYT11;GAS6;NMB;NLRP12;CD200
ARHGEF10,GO_Biological_Process_2023,prerank,T Cell Activation Involved In Immune Response (GO:0002286),-0.7661252726162171,-1.5445936571016905,0.018363939899833055,1.0,1.0,5/19,9.47%,IFNK;ITGAL;ICAM1;LCP1;CD74
ARHGEF10,GO_Biological_Process_2023,prerank,Monocyte Chemotaxis (GO:0002548),-0.6545947275171469,-1.5319046586002472,0.011217948717948718,1.0,1.0,6/40,11.46%,CALCA;CCL25;XCL1;MSMP;CCL2;CX3CL1
ARHGEF10,GO_Biological_Process_2023,prerank,Branched-Chain Amino Acid Metabolic Process (GO:0009081),0.7509184029174375,1.527295068006785,0.032407407407407406,1.0,1.0,15/15,24.94%,DBT;BCKDK;BCKDHA;BCAT1;SLC25A44;ECHS1;BCKDHB;HIBCH;IVD;PCCB;DLD;MCCC2;BCAT2;MCCC1;PCCA
ARHGEF10,GO_Biological_Process_2023,prerank,Cellular Response To Estrogen Stimulus (GO:0071391),0.7540728465065468,1.5197654730586472,0.03225806451612903,1.0,1.0,8/15,14.43%,CRHBP;SFR1;ESR2;RARA;PELP1;ARID5A;TRIM24;SOX9
ARHGEF10,GO_Biological_Process_2023,prerank,Positive Regulation Of Cytokine Production Involved In Inflammatory Response (GO:1900017),0.7086421890536357,1.5137537316294893,0.03009259259259259,1.0,1.0,7/18,20.20%,HIF1A;NOD2;IL17RA;MAPK9;TICAM1;STAT3;MYD88
ARHGEF10,GO_Biological_Process_2023,prerank,Regulation Of Type II Interferon Production (GO:0032649),-0.5740802747469204,-1.5085573358424622,0.006191950464396285,1.0,1.0,22/87,13.14%,LILRB4;ZP3;TXK;IL23R;NR1H4;INHBA;TLR3;CD274;DDIT3;VSIR;XCL1;INHA;LGALS9;MYDGF;ZC3H12A;C1QBP;IL1R1;HLA-DPA1;CD276;CD226;EBI3;TNFSF4
ARHGEF10,GO_Biological_Process_2023,prerank,Eosinophil Migration (GO:0072677),-0.7198628076833675,-1.507958345241411,0.026101141924959218,1.0,1.0,4/22,11.46%,CCL25;XCL1;CCL2;CX3CL1
ARHGEF10,GO_Biological_Process_2023,prerank,Eosinophil Chemotaxis (GO:0048245),-0.7198628076833675,-1.507958345241411,0.026101141924959218,1.0,1.0,4/22,11.46%,CCL25;XCL1;CCL2;CX3CL1
ARHGEF10,GO_Biological_Process_2023,prerank,Positive Regulation Of Cytosolic Calcium Ion Concentration Involved In Phospholipase C-activating G Protein-Coupled Signaling Pathway (GO:0051482),-0.6823183985710217,-1.5032881819050916,0.0361247947454844,1.0,1.0,7/27,13.45%,GPR20;GRM1;C3AR1;CALCA;F2RL2;P2RY8;DRD3
ARHGEF10,GO_Biological_Process_2023,prerank,Phospholipase C-activating G Protein-Coupled Receptor Signaling Pathway (GO:0007200),-0.5715013690625456,-1.4904210747505646,0.007407407407407408,1.0,1.0,23/82,14.00%,LHCGR;GPR20;GRM1;AGT;ADRA1D;FPR1;C3AR1;OPRM1;TRHR;ANO1;CALCA;GNAQ;F2RL2;P2RY6;HOMER1;GRPR;NMUR1;OPRD1;P2RY8;GNA11;OPRK1;DRD3;HTR2B
ARHGEF10,GO_Biological_Process_2023,prerank,Cellular Response To Chemokine (GO:1990869),-0.5931245928310441,-1.484725512124091,0.012139605462822459,1.0,1.0,12/57,18.04%,CXCL13;CXCL2;CCL25;CXCL1;XCL1;ZC3H12A;LRCH1;CCL2;CX3CL1;CXCL12;WNK1;OXSR1
ARHGEF10,GO_Biological_Process_2023,prerank,Response To UV-B (GO:0010224),-0.7671139981548708,-1.4776834655174669,0.023809523809523808,1.0,1.0,5/16,8.57%,IVL;MSH2;NLRP1;STK11;MME
ARHGEF10,GO_Biological_Process_2023,prerank,Negative Regulation Of Interleukin-1 Production (GO:0032692),-0.6580995087248271,-1.472243628025021,0.025889967637540454,1.0,1.0,8/29,15.02%,LILRB4;CD33;CEACAM1;CARD18;IGF1;ZC3H12A;CX3CL1;NLRP7
ARHGEF10,GO_Biological_Process_2023,prerank,Chemokine-Mediated Signaling Pathway (GO:0070098),-0.5878465974954867,-1.468038100645801,0.02465331278890601,1.0,1.0,11/55,18.04%,CXCL13;CXCL2;CCL25;CXCL1;XCL1;CCL2;CX3CL1;CXCL12;CIB1;WNK1;OXSR1
ARHGEF10,GO_Biological_Process_2023,prerank,Positive Regulation Of Macrophage Activation (GO:0043032),0.7032378229108565,1.4626425781441492,0.04017857142857143,1.0,1.0,4/17,8.03%,SPACA3;TAFA3;TTBK1;THBS1
ARHGEF10,GO_Biological_Process_2023,prerank,Intermediate Filament Organization (GO:0045109),-0.569360285998778,-1.4605879552920011,0.02465331278890601,1.0,1.0,6/67,9.62%,KRT80;KRT10;VIM;NEFL;PKP1;GFAP
ARHGEF10,GO_Biological_Process_2023,prerank,DNA Catabolic Process (GO:0006308),0.6754065614163942,1.456664386552718,0.050724637681159424,1.0,1.0,12/19,24.25%,MUS81;DNASE1L1;REXO4;ISG20;DNASE2;CECR2;DICER1;FOXL2;DNASE1;FBH1;ENDOG;DFFB
ARHGEF10,GO_Biological_Process_2023,prerank,Negative Regulation Of Interleukin-1 Beta Production (GO:0032691),-0.6705854296916042,-1.4442384977950278,0.03648424543946932,1.0,1.0,7/25,15.02%,LILRB4;CD33;CARD18;IGF1;ZC3H12A;CX3CL1;NLRP7
ARHGEF10,GO_Biological_Process_2023,prerank,Organonitrogen Compound Catabolic Process (GO:1901565),0.5158904588329914,1.4434539001879705,0.016574585635359115,1.0,1.0,33/78,16.79%,PNLIPRP2;CYP3A5;RENBP;PNPLA8;IL4I1;ERAP1;FMO1;ADAMTS13;CYP2D7;PLA2G10;CTRL;LNPEP;CPQ;BCKDK;DAB2IP;RIPK1;RAB12;ACHE;SIAH1;CASP7;RNF5;ETFB;TRIM24;TPP1;UCHL3;CAPN3;MPST;LTA4H;SLC16A3;DENND3;NPEPPS;UTP25;USE1
ARHGEF10,GO_Biological_Process_2023,prerank,Positive Regulation Of Phospholipase C Activity (GO:0010863),-0.6221278877158464,-1.441256777642636,0.01839464882943144,1.0,1.0,15/36,22.20%,TXK;ADRA1D;GNAQ;P2RY6;NMUR1;EDNRA;HTR2B;LPAR2;C5AR1;KIT;EGFR;FLT1;ANG;FGF2;FGFR1
ARHGEF10,GO_Biological_Process_2023,prerank,Regulation Of Peptide Hormone Secretion (GO:0090276),0.5540771828206098,1.4388945656437522,0.030379746835443037,1.0,1.0,10/52,14.92%,HNF4A;CRHBP;KCNA5;GIPR;RFX3;PER2;PPP3CB;ILDR1;GCK;HTR2C
ARHGEF10,GO_Biological_Process_2023,prerank,Regulation Of Systemic Arterial Blood Pressure By Hormone (GO:0001990),0.7111789573652847,1.4378469024638965,0.07710280373831775,1.0,1.0,2/15,1.31%,EDN1;NOS3
ARHGEF10,GO_Biological_Process_2023,prerank,Lymphocyte Chemotaxis (GO:0048247),-0.608216832565276,-1.4372102724455824,0.02177293934681182,1.0,1.0,8/41,14.54%,CXCL13;KLF5;CCL25;XCL1;MSMP;CCL2;CX3CL1;HSD3B7
ARHGEF10,GO_Biological_Process_2023,prerank,B Cell Activation Involved In Immune Response (GO:0002312),-0.7446059091203128,-1.4363506805837623,0.04222972972972973,1.0,1.0,6/15,23.32%,MSH2;SANBR;LIG4;GPR183;RNF168;EXOSC6
ARHGEF10,GO_Biological_Process_2023,prerank,Sphingolipid Catabolic Process (GO:0030149),-0.7308608417164553,-1.431728481553311,0.04991394148020654,1.0,1.0,9/15,19.03%,SPHK1;SMPDL3A;SMPD1;GLA;SMPD3;ACER3;CEL;SMPD4;ENPP2
ARHGEF10,GO_Biological_Process_2023,prerank,Positive Regulation Of Response To Biotic Stimulus (GO:0002833),-0.6016978638147257,-1.4297917966458469,0.03668261562998405,1.0,1.0,12/41,17.54%,SH2D1B;IFNK;LY96;PLSCR1;CYBA;AKIRIN2;TRIM56;NLRP10;ADAM8;CD1D;EMILIN1;SCIMP
ARHGEF10,GO_Biological_Process_2023,prerank,Defense Response To Fungus (GO:0050832),-0.6383853090402463,-1.4215521212003233,0.050335570469798654,1.0,1.0,5/29,14.89%,DEFB119;DEFB135;CLEC6A;NLRP10;CLEC4A
ARHGEF10,GO_Biological_Process_2023,prerank,Sensory Perception Of Smell (GO:0007608),-0.49496345473877257,-1.419311933678501,0.004398826979472141,1.0,1.0,14/176,16.45%,OR1R1P;OR5V1;OR2AG1;OR6B1;CNGB1;OR2A12;OR2A14;OR2F1;OR52A5;OR2B6;OR2AG2;OR4D1;OR6A2;OR2A5
ARHGEF10,GO_Biological_Process_2023,prerank,Negative Regulation Of Antigen Receptor-Mediated Signaling Pathway (GO:0050858),-0.6622404241231831,-1.4186478011712482,0.05582922824302135,1.0,1.0,6/24,13.13%,LILRB4;PVRIG;CEACAM1;LPXN;SLA2;CD300A
ARHGEF10,GO_Biological_Process_2023,prerank,Negative Regulation Of T Cell Receptor Signaling Pathway (GO:0050860),-0.6917191310368109,-1.4122576673447462,0.08235294117647059,1.0,1.0,3/18,1.91%,LILRB4;PVRIG;CEACAM1
ARHGEF10,GO_Biological_Process_2023,prerank,Sodium Ion Import Across Plasma Membrane (GO:0098719),-0.6904824198912487,-1.4114676779297837,0.05045045045045045,1.0,1.0,8/21,17.09%,SLC9A9;SLC9C2;SCNN1B;SCNN1A;SCNN1G;HCN4;SLC9A5;SLC9C1
ARHGEF10,GO_Biological_Process_2023,prerank,Odontogenesis (GO:0042476),-0.5996237212780762,-1.4080828941610415,0.048986486486486486,1.0,1.0,11/39,18.04%,COL1A2;SSUH2;INHBA;AQP3;TSPEAR;MSX1;ANKRD11;AQP5;TGFB2;TGFB3;OXSR1
ARHGEF10,GO_Biological_Process_2023,prerank,Positive Regulation Of JUN Kinase Activity (GO:0043507),0.6029478997472889,1.4041669778312633,0.06443914081145585,1.0,1.0,11/29,16.29%,EDN1;MAP3K4;PTPN1;DAB2IP;MAP3K10;DVL2;MAP4K2;MAP3K13;MAP3K12;TRAF6;RPS3
ARHGEF10,GO_Biological_Process_2023,prerank,Dendritic Cell Chemotaxis (GO:0002407),0.699510328881627,1.4037329847243514,0.0774818401937046,1.0,1.0,4/15,14.41%,CXCR4;CXCR2;HMGB1;CLU
ARHGEF10,GO_Biological_Process_2023,prerank,Negative Regulation Of B Cell Activation (GO:0050869),-0.6842628500468464,-1.4019303136437982,0.052083333333333336,1.0,1.0,9/20,26.35%,INHBA;INHA;BANK1;CD300A;FOXJ1;RC3H1;LYN;ID2;SFRP1
ARHGEF10,GO_Biological_Process_2023,prerank,Cytoplasmic Translation (GO:0002181),0.4949017004227022,1.399847255147612,0.018633540372670808,1.0,1.0,48/92,24.05%,RPL31;FTSJ1;RPLP2;RPL36;RPL13A;RPL22L1;MRPS12;FAU;RPL27A;RPS16;DRG2;RPS4X;RPS7;RPL28;RPL11;RPS21;RPS3;RPL35;RPL18;RPLP0;RPS15;RPL34;RPL10;RPL9;SARS1;RPL18A;RPS24;RPLP1;RPS5;EIF4A1;RPS14;RPS28;RPL17;RPS25;RPL23A;RPL12;RPS19;RPS27;EIF3M;RPL8;RPL26;EIF3I;RWDD1;RPL7A;RPL5;RPSA;RPS18;RPS20
ARHGEF10,GO_Biological_Process_2023,prerank,Positive Regulation Of Lymphocyte Chemotaxis (GO:0140131),-0.7108299596083911,-1.3996206445907273,0.06335616438356165,1.0,1.0,5/17,18.84%,CXCL13;XCL1;WNK1;OXSR1;WNT5A
ARHGEF10,GO_Biological_Process_2023,prerank,Positive Regulation Of Immune System Process (GO:0002684),-0.6528030551597648,-1.3972133543319467,0.054098360655737705,1.0,1.0,8/27,14.11%,C6;ZP3;HLA-G;CFP;AQP3;LGALS9;IL15;TGFB2
ARHGEF10,GO_Biological_Process_2023,prerank,Positive Regulation Of Ubiquitin-Protein Transferase Activity (GO:0051443),-0.6488227521800686,-1.3961755910776896,0.061016949152542375,1.0,1.0,14/27,22.05%,ARRDC4;TRIB3;DCUN1D3;PTEN;SKP1;DCUN1D2;FZR1;BTRC;CDC14B;TOPORS;PINK1;FBXW7;DCUN1D5;UBE2C
ARHGEF10,GO_Biological_Process_2023,prerank,Negative Regulation Of Interleukin-10 Production (GO:0032693),-0.7221488588034064,-1.3942237088673235,0.05516014234875445,1.0,1.0,4/16,5.53%,LILRB4;IL23R;CD274;VSIR
ARHGEF10,GO_Biological_Process_2023,prerank,Activation Of Phospholipase C Activity (GO:0007202),-0.628888649871972,-1.3869947013074806,0.04631217838765009,1.0,1.0,10/27,20.17%,TXK;GNAQ;P2RY6;NMUR1;EDNRA;HTR2B;LPAR2;C5AR1;EGFR;ANG
ARHGEF10,GO_Biological_Process_2023,prerank,Folic Acid-Containing Compound Metabolic Process (GO:0006760),0.6867592183117832,1.386071527748549,0.07960199004975124,1.0,1.0,11/15,24.23%,MTHFD2L;SLC46A1;SLC19A1;DHFR2;GGH;MTHFD1L;MTR;SHMT2;FPGS;SHMT1;MTRR
ARHGEF10,GO_Biological_Process_2023,prerank,Visual System Development (GO:0150063),0.5493916335865163,1.3816524055607882,0.04987531172069826,1.0,1.0,15/38,18.61%,MAB21L2;PAX6;SMOC1;C3;SMG9;RAB18;HIPK2;SALL2;MEIS2;BLOC1S3;POLR2D;SCO2;BMPR1B;FREM2;GDF3
ARHGEF10,GO_Biological_Process_2023,prerank,Negative Regulation Of Cytokine Production Involved In Inflammatory Response (GO:1900016),-0.6712988312897679,-1.3767242098235422,0.07419898819561552,1.0,1.0,6/20,15.02%,LILRB4;ADCY7;F2;ZC3H12A;NLRC3;NLRP7
ARHGEF10,GO_Biological_Process_2023,prerank,Icosanoid Biosynthetic Process (GO:0046456),-0.6717367036172808,-1.3681616359979718,0.10082644628099173,1.0,1.0,5/18,8.37%,NLRC4;CYP2C8;CYP4A22;PLA2G4A;LTC4S
ARHGEF10,GO_Biological_Process_2023,prerank,B Cell Mediated Immunity (GO:0019724),-0.7226175994146594,-1.3680439660704682,0.06856187290969899,1.0,1.0,5/15,13.00%,MSH2;HLA-G;CD74;SLA2;IL2RB
ARHGEF10,GO_Biological_Process_2023,prerank,Multicellular Organismal-Level Water Homeostasis (GO:0050891),-0.6607824931715719,-1.3628707586365534,0.07601351351351351,1.0,1.0,8/19,19.23%,AQP3;SCNN1B;SCNN1A;SCNN1G;AQP4;MYO5B;CFTR;TRPV4
ARHGEF10,GO_Biological_Process_2023,prerank,Activin Receptor Signaling Pathway (GO:0032924),-0.7065283799532243,-1.361394071361293,0.09591474245115453,1.0,1.0,5/16,9.85%,CFC1;GDF7;INHBA;GDF6;ACVR2A
ARHGEF10,GO_Biological_Process_2023,prerank,Spermatid Development (GO:0007286),-0.5601783422778526,-1.3561529466602533,0.051839464882943144,1.0,1.0,14/53,15.77%,PRM2;IQCN;FAM9C;CCDC62;CCDC42;CDYL;KLC3;NME5;JAM2;CCDC63;DPY19L2;SPINK2;CIB1;CEP57
ARHGEF10,GO_Biological_Process_2023,prerank,Hexose Transmembrane Transport (GO:0008645),-0.6373860077568249,-1.356050264913152,0.09330985915492958,1.0,1.0,10/22,12.59%,SLC5A10;SLC2A10;SLC2A14;SLC2A12;SLC45A1;SLC5A9;SLC2A5;SLC2A1;SLC2A7;SLC2A11
ARHGEF10,GO_Biological_Process_2023,prerank,Positive Regulation Of Muscle Hypertrophy (GO:0014742),0.6667143638702162,1.3545603599748932,0.09523809523809523,1.0,1.0,4/16,5.19%,EDN1;MYMK;PARP1;PDE9A
ARHGEF10,GO_Biological_Process_2023,prerank,Immunoglobulin Mediated Immune Response (GO:0016064),-0.6241110199492974,-1.3458756772855,0.09523809523809523,1.0,1.0,8/28,19.33%,ZP3;CD74;GNAO1;CD81;HLA-DPA1;IL2RB;HLA-DRA;HLA-DRB1
ARHGEF10,GO_Biological_Process_2023,prerank,"Regulation Of Synaptic Transmission, GABAergic (GO:0032228)",0.644846218916849,1.3442164655061783,0.09466019417475728,1.0,1.0,5/16,9.26%,NPAS4;NALCN;CNTNAP4;BAIAP3;USP46
ARHGEF10,GO_Biological_Process_2023,prerank,Positive Regulation Of Phosphoprotein Phosphatase Activity (GO:0032516),-0.6717165291564288,-1.3431543773842998,0.10344827586206896,1.0,1.0,8/18,17.16%,CD33;PPP1R14D;ITGA1;MAGI2;CALM2;CD300A;PPP1R12A;CALM1
ARHGEF10,GO_Biological_Process_2023,prerank,Defense Response To Gram-negative Bacterium (GO:0050829),-0.526071922126235,-1.3363298847995189,0.04126984126984127,1.0,1.0,10/70,15.67%,DEFB119;DEFB135;IL23R;H2BC11;OPTN;PRB3;F2;HMGB2;NLRP10;AZU1
ARHGEF10,GO_Biological_Process_2023,prerank,Positive Regulation Of Natural Killer Cell Mediated Immunity (GO:0002717),-0.6262604403640384,-1.3354976025313166,0.0831889081455806,1.0,1.0,5/24,11.98%,SH2D1B;HLA-G;RAET1E;KLRK1;CD226
ARHGEF10,GO_Biological_Process_2023,prerank,Regulation Of Calcium-Mediated Signaling (GO:0050848),-0.5898791374046626,-1.3314428290549545,0.08503401360544217,1.0,1.0,13/30,22.10%,P2RX3;SLC8A2;MAPT;P2RX4;P2RX2;CALM2;LRRK2;SLA2;RIT2;GPR143;HTT;PLCG2;ITPR1
ARHGEF10,GO_Biological_Process_2023,prerank,Gastrulation (GO:0007369),0.6199437457085838,1.3304378210577548,0.13010204081632654,1.0,1.0,6/19,16.18%,GSC;MESP1;MKKS;NPHP3;TASOR;SMAD2
ARHGEF10,GO_Biological_Process_2023,prerank,Regulation Of T Cell Mediated Cytotoxicity (GO:0001914),-0.5765539570683471,-1.322043521593574,0.09405940594059406,1.0,1.0,14/36,24.62%,HLA-G;CEACAM1;RAET1E;IL23R;XCL1;STX7;HFE;CD1D;HLA-DRA;HLA-DRB1;HLA-B;MICB;CYRIB;IL23A
ARHGEF10,GO_Biological_Process_2023,prerank,Regulation Of Calcium Ion Transmembrane Transporter Activity (GO:1901019),-0.5877321636550358,-1.321724824033632,0.0929853181076672,1.0,1.0,12/32,18.90%,AHNAK;S100G;STRIT1;NOS1;PLN;JPH4;CALM2;CACNA1A;CACNB2;CACNB1;CALM1;HRC
ARHGEF10,GO_Biological_Process_2023,prerank,Regulation Of Protein Targeting To Membrane (GO:0090313),-0.6029943252165322,-1.3216544237774368,0.09768211920529801,1.0,1.0,14/28,22.87%,TCAF2;ITGB2;ANK3;KCNB1;MFF;ITGAM;TCAF1;CIB1;GDI1;FIS1;FYN;CHP1;MIEF1;CEMIP
ARHGEF10,GO_Biological_Process_2023,prerank,Response To Acidic pH (GO:0010447),-0.6708998062253126,-1.320207024294683,0.10051107325383304,1.0,1.0,6/17,12.71%,CTSS;PKD2L1;SCNN1B;SCNN1A;SCNN1G;TRPV1
ARHGEF10,GO_Biological_Process_2023,prerank,Retinal Metabolic Process (GO:0042574),-0.681840885021728,-1.319484154066515,0.12609457092819615,1.0,1.0,8/15,22.15%,BCO2;ALDH8A1;RDH10;DHRS4;CYP27C1;DHRS4L2;AKR1C3;RDH11
ARHGEF10,GO_Biological_Process_2023,prerank,Regulation Of Receptor-Mediated Endocytosis (GO:0048259),0.5232571049669745,1.3173936648693891,0.07584269662921349,1.0,1.0,16/39,20.33%,VTN;SNAP91;C3;MKLN1;PIK3CB;BICD1;F3;SERPINE1;ARF6;CLU;SGIP1;PICALM;RAB21;RAC1;HNRNPK;BMP2K
ARHGEF10,GO_Biological_Process_2023,prerank,Adenylate Cyclase-Modulating G Protein-Coupled Receptor Signaling Pathway (GO:0007188),-0.4616192435097815,-1.3159449136455368,0.028767123287671233,1.0,1.0,46/161,16.95%,ADCY7;GABBR2;LHCGR;MCHR1;PTGIR;ADGRL4;ADRA1D;FPR1;CORT;GHRH;GNAZ;HTR1B;ADGRF5;GPR171;RAMP1;CALCA;GNAQ;MC5R;ADORA2B;ADGRB2;CALCRL;INSL3;HTR1F;CALCB;PTH2R;GHRHR;ADGRE2;GNAO1;OXER1;CNR1;ADGRG1;VIPR1;GNA11;ADRB2;OPRK1;PTGER4;ADM;GPR78;RAMP3;GIP;ADGRL1;HTR1E;GPHA2;TSHR;CACNA1D;IAPP
ARHGEF10,GO_Biological_Process_2023,prerank,Regulation Of Platelet Activation (GO:0010543),-0.5942891533628325,-1.3154021469123236,0.11409395973154363,1.0,1.0,8/28,9.72%,TXK;GNAQ;C1QTNF1;PLA2G4A;GP1BA;GP1BB;SYK;F2
ARHGEF10,GO_Biological_Process_2023,prerank,Negative Regulation Of Cytokine Production (GO:0001818),-0.4570665790104933,-1.3148130708698555,0.025974025974025976,1.0,1.0,58/177,23.61%,LILRB4;ADCY7;XAF1;CD33;SLC2A10;CEACAM1;PTPN6;IL23R;NR1H4;TIGIT;INHBA;LEF1;GBA1;CD274;C1QTNF3;SRGN;DDIT3;VSIR;DHX58;XCL1;INHA;BTN2A2;LGALS9;RPS6KA4;PIBF1;F2;ZC3H12A;C1QBP;ARRB1;CX3CL1;PTGER4;N4BP1;TNFSF4;FOXJ1;NLRC3;CLEC4A;NLRP7;CD200R1;SELENOS;DLL1;HOMER3;OTUD5;SYT11;HLA-DRB1;ATP2B1;FN1;BANF1;MACIR;CYLD;GAS6;NMB;AGER;NLRP12;CUL3;CD200;HAVCR2;SFTPD;ZFP36
ARHGEF10,GO_Biological_Process_2023,prerank,Pyroptosis (GO:0070269),-0.5989212097600752,-1.3147898310878638,0.0915032679738562,1.0,1.0,5/28,6.97%,GSDME;NLRC4;GSDMA;CASP8;NLRP1
ARHGEF10,GO_Biological_Process_2023,prerank,Microglial Cell Activation (GO:0001774),-0.6429639891261287,-1.3146039493744053,0.11145996860282574,1.0,1.0,7/20,15.67%,ITGB2;MAPT;ITGAM;CX3CL1;SNCA;C5AR1;AZU1
ARHGEF10,GO_Biological_Process_2023,prerank,Sensory Perception Of Taste (GO:0050909),-0.6600148054438427,-1.3129586952306997,0.11925042589437819,1.0,1.0,6/17,10.04%,PKD2L1;ASIC3;TAS1R1;SCNN1B;SCNN1A;SCNN1G
ARHGEF10,GO_Biological_Process_2023,prerank,Phosphatidylcholine Biosynthetic Process (GO:0006656),0.6189833203380318,1.3093205995501531,0.125,1.0,1.0,11/19,21.36%,APOA1;LCAT;CHKB;CHKA;SLC44A3;MUC1;SLC44A1;SLC27A1;SLC44A2;GPAT4;PCYT1B
ARHGEF10,GO_Biological_Process_2023,prerank,Negative Regulation Of Chemokine Production (GO:0032682),-0.6656084683322631,-1.309243770557422,0.11683848797250859,1.0,1.0,4/16,7.67%,LILRB4;OAS3;C1QTNF3;LGALS9
ARHGEF10,GO_Biological_Process_2023,prerank,Positive Regulation Of Leukocyte Mediated Cytotoxicity (GO:0001912),-0.535659799227257,-1.3087523941794759,0.07779578606158834,1.0,1.0,17/51,24.62%,HLA-G;RAET1E;IL23R;KLRK1;XCL1;ITGAM;CD226;STX7;HFE;CD1D;PVR;HLA-DRA;HLA-DRB1;HLA-B;MICB;CYRIB;IL23A
ARHGEF10,GO_Biological_Process_2023,prerank,Bile Acid And Bile Salt Transport (GO:0015721),-0.6192504401939872,-1.3085306413762139,0.10084033613445378,1.0,1.0,9/23,20.56%,CEACAM1;SLCO1A2;ABCC2;SLC10A6;SLC10A3;SLC10A4;SLC10A1;ABCD3;SLC51A
ARHGEF10,GO_Biological_Process_2023,prerank,Positive Regulation Of Cellular Response To Transforming Growth Factor Beta Stimulus (GO:1903846),-0.6134396178448575,-1.3059962753336885,0.09523809523809523,1.0,1.0,9/24,9.91%,SLC2A10;CDKN2B;CITED1;TGFB1I1;DAB2;EP300;ZEB2;STK11;LRG1
ARHGEF10,GO_Biological_Process_2023,prerank,Positive Regulation Of Transforming Growth Factor Beta Receptor Signaling Pathway (GO:0030511),-0.6134396178448575,-1.3059962753336885,0.09523809523809523,1.0,1.0,9/24,9.91%,SLC2A10;CDKN2B;CITED1;TGFB1I1;DAB2;EP300;ZEB2;STK11;LRG1
ARHGEF10,GO_Biological_Process_2023,prerank,Regulation Of JUN Kinase Activity (GO:0043506),0.5232270562191138,1.3016772599921278,0.08728179551122195,1.0,1.0,15/42,16.29%,EDN1;NPPA;DUSP10;MAP3K4;PTPN1;DAB2IP;PDCD4;DNAJA1;MAP3K10;DVL2;MAP4K2;MAP3K13;MAP3K12;TRAF6;RPS3
ARHGEF10,GO_Biological_Process_2023,prerank,Carboxylic Acid Catabolic Process (GO:0046395),0.6203578095721118,1.3009088745750577,0.1342925659472422,1.0,1.0,7/17,15.30%,RENBP;IL4I1;FMO1;BCKDK;PON3;ETFB;MPST
ARHGEF10,GO_Biological_Process_2023,prerank,Tube Closure (GO:0060606),-0.5830118809690872,-1.299305154139364,0.13464696223316913,1.0,1.0,17/29,23.69%,PAX2;GRHL3;DYNLL1;STIL;MTHFD1;PHACTR4;TGFB2;MTHFR;GRHL2;IFT122;TSC2;DEAF1;LRP2;VASP;PLXNB2;SKI;SEMA4C
ARHGEF10,GO_Biological_Process_2023,prerank,Regulation Of Autophagosome Maturation (GO:1901096),-0.661957512780154,-1.29877705208097,0.1494661921708185,1.0,1.0,6/16,17.89%,TMEM39A;TOM1;TBC1D25;CALCOCO2;TECPR1;UVRAG
ARHGEF10,GO_Biological_Process_2023,prerank,Sensory Perception (GO:0007600),-0.5345274570079407,-1.2965870914100117,0.0864,1.0,1.0,19/50,24.04%,CDH23;OR3A2;OPRM1;KCNK4;ASIC3;P2RX4;MME;PENK;CCL2;OPRK1;C5AR1;PTGES;CHRNA4;RETREG1;CHRNA7;NMB;CHRNB2;GNAS;TTC8
ARHGEF10,GO_Biological_Process_2023,prerank,Primary Neural Tube Formation (GO:0014020),-0.5830182273834983,-1.296017268466523,0.1237785016286645,1.0,1.0,17/28,23.69%,PAX2;GRHL3;DYNLL1;STIL;MTHFD1;PHACTR4;TGFB2;MTHFR;GRHL2;IFT122;TSC2;DEAF1;LRP2;VASP;PLXNB2;SKI;SEMA4C
ARHGEF10,GO_Biological_Process_2023,prerank,Organic Hydroxy Compound Transport (GO:0015850),-0.5404480146907911,-1.2954262835015589,0.09409888357256778,1.0,1.0,18/45,20.56%,SLC22A2;SLC22A3;CEACAM1;SLCO1A2;ABCC2;SLC10A6;RALBP1;ABCG5;ABCG8;SLC10A3;VAPA;OSBP;SLC10A4;SLC16A8;SLC10A1;ABCD3;SLC29A3;SLC51A
ARHGEF10,GO_Biological_Process_2023,prerank,Lipid Translocation (GO:0034204),0.5690511764882948,1.2953872142156546,0.10576923076923077,1.0,1.0,13/24,21.74%,ATP10B;ATP9A;ABCA7;TMEM30B;ATP8B2;ATP11A;ATP8B3;ATP9B;TMEM30A;ATP11B;ATP8B1;ATP10D;ATP11C
ARHGEF10,GO_Biological_Process_2023,prerank,Positive Regulation Of Small GTPase Mediated Signal Transduction (GO:0051057),-0.6561841172118321,-1.2943298106805037,0.12321428571428572,1.0,1.0,9/17,18.49%,MMD2;STK19;ITGAV;NTRK1;IGF1;NOTCH1;SRC;RASGRF1;NGF
ARHGEF10,GO_Biological_Process_2023,prerank,Calcium-Independent Cell-Cell Adhesion Via Plasma Membrane Cell-Adhesion Molecules (GO:0016338),0.6256827313681691,1.2928421279270819,0.15517241379310345,1.0,1.0,7/18,14.80%,CLDN22;CLDN9;CLDN23;CLDN6;CLDN4;CLDN12;CLDN18
ARHGEF10,GO_Biological_Process_2023,prerank,Neural Tube Closure (GO:0001843),-0.5690789710805866,-1.2906546901675644,0.12419354838709677,1.0,1.0,17/32,23.69%,PAX2;GRHL3;DYNLL1;STIL;MTHFD1;PHACTR4;TGFB2;MTHFR;GRHL2;IFT122;TSC2;DEAF1;LRP2;VASP;PLXNB2;SKI;SEMA4C
ARHGEF10,GO_Biological_Process_2023,prerank,Regulation Of Transferase Activity (GO:0051338),-0.6190280880730806,-1.2880220763430505,0.13582342954159593,1.0,1.0,11/21,27.02%,EMP2;MARCHF6-DT;SMG6;HMBOX1;PINX1;FEM1A;KAT2B;FEM1B;SPINDOC;JMJD8;PUM3
ARHGEF10,GO_Biological_Process_2023,prerank,Regulation Of Interleukin-10 Production (GO:0032653),-0.5380594015064933,-1.2876360002284943,0.09899328859060402,1.0,1.0,14/45,20.21%,LILRB4;IL23R;TIGIT;CD274;VSIR;XCL1;LGALS9;SYK;PIBF1;TNFSF4;IRF4;DLL1;HLA-DRB1;PLCG2
ARHGEF10,GO_Biological_Process_2023,prerank,Embryo Development Ending In Birth Or Egg Hatching (GO:0009792),0.6078850098512246,1.2774782992553333,0.14425427872860636,1.0,1.0,6/17,18.39%,SCEL;CELF4;CELF1;CAMSAP3;RAI2;RICTOR
ARHGEF10,GO_Biological_Process_2023,prerank,Negative Regulation Of Intracellular Protein Transport (GO:0090317),-0.6013270746319919,-1.2748781020757225,0.1360655737704918,1.0,1.0,12/24,25.43%,S100G;SIAH3;LRRK2;SP100;GDI1;INSIG1;CHP1;SUMO1;BARD1;RANGAP1;ITGB1BP1;RAB23
ARHGEF10,GO_Biological_Process_2023,prerank,Negative Regulation Of T Cell Activation (GO:0050868),-0.5184151572635834,-1.2698273071497805,0.09791332263242375,1.0,1.0,9/49,11.67%,LILRB4;HLA-G;CEACAM1;TIGIT;CD274;VSIR;PLA2G2A;ILDR2;CEBPB
ARHGEF10,GO_Biological_Process_2023,prerank,Positive Regulation Of Cell-Substrate Junction Organization (GO:0150117),0.5776323790315504,1.2693455480111768,0.14874141876430205,1.0,1.0,15/23,23.39%,NELL1;COL16A1;PIK3R1;ARF6;PPM1F;DUSP3;ROCK1;TSC1;THY1;RAC1;KDR;PTPRJ;MAPRE2;VEGFA;IQSEC1
ARHGEF10,GO_Biological_Process_2023,prerank,Positive Regulation Of Protein Targeting To Membrane (GO:0090314),-0.6010431742148039,-1.2683785496854514,0.14858096828046743,1.0,1.0,14/23,24.69%,TCAF2;ITGB2;ANK3;KCNB1;MFF;ITGAM;TCAF1;CIB1;FIS1;FYN;CHP1;MIEF1;CEMIP;ITGB1BP1
ARHGEF10,GO_Biological_Process_2023,prerank,Positive Regulation Of Defense Response (GO:0031349),-0.4595677747448333,-1.266731825088843,0.0598159509202454,1.0,1.0,37/123,21.16%,ZP3;SH2D1B;IFNK;AGT;NLRC4;TRADD;TLR3;PLSCR1;OPTN;NLRP1;PLA2G2A;CYBA;LCP1;GRPR;AKIRIN2;CX3CL1;NFKBIA;TRIM56;PTGER4;IL15;TNFSF4;CEBPA;NLRP10;ADAM8;SNCA;CD1D;EMILIN1;FEM1A;RNF31;WNT5A;PDE2A;PLA2G7;NPAS2;MAPK13;MEF2C;DDT;AIM2
ARHGEF10,GO_Biological_Process_2023,prerank,Skeletal Muscle Contraction (GO:0003009),0.584382920805795,1.265024489401681,0.165374677002584,1.0,1.0,5/19,12.64%,MYH7;TNNI3;TNNC2;STAC2;JSRP1
ARHGEF10,GO_Biological_Process_2023,prerank,Negative Regulation Of Calcium Ion Transport (GO:0051926),-0.6417531776625206,-1.2638049171444667,0.15221238938053097,1.0,1.0,5/17,13.81%,CD33;SEMG1;NOS1;PLN;ATP1A2
ARHGEF10,GO_Biological_Process_2023,prerank,Regulation Of Granulocyte Chemotaxis (GO:0071622),0.5733962657801422,1.263277649151295,0.15869017632241814,1.0,1.0,7/19,18.29%,CMKLR1;CSF1;THBS1;MDK;CXCL17;MAPK1;BST1
ARHGEF10,GO_Biological_Process_2023,prerank,Regulation Of Cytokine Production Involved In Immune Response (GO:0002718),0.5636792821941496,1.2631307797212705,0.13033175355450238,1.0,1.0,6/24,12.13%,TNFRSF1B;CLC;TRIL;SPHK2;NOD2;TRIM6
ARHGEF10,GO_Biological_Process_2023,prerank,Negative Regulation Of ERK1 And ERK2 Cascade (GO:0070373),0.4947638275127231,1.263100367084655,0.09308510638297872,1.0,1.0,15/46,10.06%,PSCA;DUSP29;RANBP9;DUSP26;WNK2;DUSP10;GPER1;PTPN1;PTPRR;DAB2IP;SPRED3;TNIP1;RPS6KA6;SPRED2;FLCN
ARHGEF10,GO_Biological_Process_2023,prerank,Keratinocyte Differentiation (GO:0030216),-0.5375068858611338,-1.2593461212518935,0.10917721518987342,1.0,1.0,1/42,0.01%,IVL
ARHGEF10,GO_Biological_Process_2023,prerank,Protein Acetylation (GO:0006473),-0.5648191951009816,-1.259137839595352,0.1495798319327731,1.0,1.0,16/29,26.04%,NAA80;MAPT;EP300;SPHK1;GTF2B;ING4;SIRT1;DSCC1;KAT2B;ESCO2;KAT6A;ING5;NAA60;NAA15;NAA50;NAA20
ARHGEF10,GO_Biological_Process_2023,prerank,Epidermal Cell Differentiation (GO:0009913),-0.5131504961280415,-1.2589102404322547,0.11746031746031746,1.0,1.0,8/54,11.27%,IVL;ST14;OVOL1;KRT10;OVOL2;OVOL3;EVPL;CFLAR
ARHGEF10,GO_Biological_Process_2023,prerank,Positive Regulation Of Cardiac Muscle Hypertrophy (GO:0010613),0.6109553907588183,1.2567304289153423,0.15609756097560976,1.0,1.0,4/17,5.19%,EDN1;PARP1;TRPC3;PDE9A
ARHGEF10,GO_Biological_Process_2023,prerank,Intracellular Cholesterol Transport (GO:0032367),-0.6441150161982736,-1.2567010253394961,0.1832191780821918,1.0,1.0,11/16,25.96%,STARD4;SERAC1;VPS4A;LRP6;OSBP;SYT7;ABCG1;LDLR;NPC2;NPC1;RELCH
ARHGEF10,GO_Biological_Process_2023,prerank,Negative Regulation Of Tumor Necrosis Factor Production (GO:0032720),-0.521383152085243,-1.2557982678315336,0.13050570962479607,1.0,1.0,15/47,19.98%,LILRB4;CD33;PTPN6;NR1H4;VSIR;LGALS9;IGF1;ZC3H12A;CX3CL1;NLRC3;CLEC4A;SELENOS;ARG2;SYT11;CHRNA7
ARHGEF10,GO_Biological_Process_2023,prerank,Cellular Response To Nerve Growth Factor Stimulus (GO:1990090),-0.6044855590376671,-1.2534861285517997,0.1480836236933798,1.0,1.0,14/21,24.24%,MAPT;RAPGEF2;MAGI2;NTRK1;NTRK2;EHD1;SH3GL2;BDNF;WASF1;CIB1;NGF;NTRK3;STMN2;RAPGEF1
ARHGEF10,GO_Biological_Process_2023,prerank,Gluconeogenesis (GO:0006094),-0.5568353717053314,-1.2515386912531126,0.13614262560777957,1.0,1.0,11/32,16.62%,CRY1;CRTC2;PPARGC1A;KHSRP;PGAM1;ENO1;PFKFB1;SLC39A14;SLC25A12;SLC25A1;MDH2
ARHGEF10,GO_Biological_Process_2023,prerank,Positive Regulation Of Type II Interferon Production (GO:0032729),-0.4941325924568337,-1.2403456853319512,0.1238390092879257,1.0,1.0,12/58,13.14%,ZP3;TXK;IL23R;TLR3;LGALS9;MYDGF;IL1R1;HLA-DPA1;CD276;CD226;EBI3;TNFSF4
ARHGEF10,GO_Biological_Process_2023,prerank,Positive Regulation Of Neuron Death (GO:1901216),-0.5383264321289654,-1.2363670173882457,0.15335463258785942,1.0,1.0,14/34,18.84%,ITGB2;MAPT;DDIT3;MAP3K5;GRIN2B;ITGAM;CDK5;SRPK2;SNCA;TGFB2;PCSK9;FOXO3;FYN;WNT5A
ARHGEF10,GO_Biological_Process_2023,prerank,Regulation Of Activated T Cell Proliferation (GO:0046006),-0.5491258625036347,-1.235858259566246,0.14485165794066318,1.0,1.0,7/33,9.45%,LILRB4;IL23R;IDO1;CD274;BTN2A2;LGALS9;IGF1
ARHGEF10,GO_Biological_Process_2023,prerank,Natural Killer Cell Activation (GO:0030101),-0.5394660525808497,-1.2354664127020691,0.14423076923076922,1.0,1.0,8/36,19.12%,IFNK;KLRK1;CASP8;KAT7;EMP2;IL2RB;TOX;BAG6
ARHGEF10,GO_Biological_Process_2023,prerank,Ureteric Bud Morphogenesis (GO:0060675),-0.6143293992698627,-1.2341927528014343,0.18090452261306533,1.0,1.0,4/18,13.28%,PAX2;CITED1;GATA3;SIX1
ARHGEF10,GO_Biological_Process_2023,prerank,Neural Crest Cell Differentiation (GO:0014033),-0.6145060266208733,-1.2309199245712343,0.2,1.0,1.0,12/18,28.79%,KBTBD8;LRP6;SNAI2;HTR2B;OTUD5;FAM172A;MEF2C;SOX8;KLHL12;NRG1;FBXL17;NOLC1
ARHGEF10,GO_Biological_Process_2023,prerank,Chromosome Condensation (GO:0030261),0.5101190179777428,1.2306491492457547,0.14432989690721648,1.0,1.0,13/31,17.27%,H1-4;GPER1;KMT5A;SMC2;H1-5;H1-3;H1-1;H1-10;NCAPD2;TTN;SMC4;NCAPD3;CHMP1A
ARHGEF10,GO_Biological_Process_2023,prerank,Negative Regulation Of Leukocyte Activation (GO:0002695),-0.6264196455636062,-1.2270689364662737,0.18344155844155843,1.0,1.0,4/17,13.13%,LILRB4;CD33;ZC3H12A;CD300A
ARHGEF10,GO_Biological_Process_2023,prerank,Positive Regulation Of T Cell Mediated Immunity (GO:0002711),-0.5197756676957098,-1.2264089486591505,0.13696369636963696,1.0,1.0,17/42,24.62%,ZP3;HLA-G;RAET1E;IL23R;CD55;XCL1;TNFSF4;STX7;HFE;CD1D;HLA-DRA;HLA-DRB1;HLA-B;MICB;ZBTB1;CYRIB;IL23A
ARHGEF10,GO_Biological_Process_2023,prerank,Negative Regulation Of mRNA Processing (GO:0050686),-0.6305339062794431,-1.2244570355410245,0.2053872053872054,1.0,1.0,8/15,22.37%,SRSF10;RBM20;SRSF4;C1QBP;PCBP4;RBMX;SAP18;SRSF6
ARHGEF10,GO_Biological_Process_2023,prerank,Potassium Ion Import Across Plasma Membrane (GO:1990573),0.48770906814768256,1.223526280399571,0.13387978142076504,1.0,1.0,11/42,11.50%,KCNJ16;SLC12A5;KCNJ10;ABCC9;HCN2;KCNJ12;SLC12A4;KCNE2;ATP1A3;SLC12A2;FXYD2
ARHGEF10,GO_Biological_Process_2023,prerank,Acylglycerol Homeostasis (GO:0055090),0.53774443659026,1.2201145549040748,0.16272965879265092,1.0,1.0,6/24,13.97%,HNF4A;APOA1;PNPLA8;IL18;SCARB1;ANGPTL4
ARHGEF10,GO_Biological_Process_2023,prerank,Positive Regulation Of Epithelial Cell Apoptotic Process (GO:1904037),0.5364284785103441,1.2186907954374873,0.1475826972010178,1.0,1.0,9/22,12.47%,SFRP4;CD40;GPER1;ITGA4;RGCC;THBS1;PDCD4;PRKCI;PLCG1
ARHGEF10,GO_Biological_Process_2023,prerank,Stabilization Of Membrane Potential (GO:0030322),0.6022043503424831,1.2171209835081729,0.22985781990521326,1.0,1.0,4/16,5.19%,KCNK18;KCNK3;KCNK10;KCNK6
ARHGEF10,GO_Biological_Process_2023,prerank,Vesicle Organization (GO:0016050),-0.4584652758136125,-1.217094745968299,0.12191582002902758,1.0,1.0,39/92,22.52%,ANXA8;ALS2;EPS15;AP2M1;CHMP5;SRGN;PI4K2A;RNF26;VAMP2;EXOC8;CORO1A;DNM1;SYT4;VPS4A;TRAPPC13;SQSTM1;STX7;ZFYVE16;CHMP4C;PLEKHJ1;STX16;VPS18;ANXA2;LAMTOR1;ARFGEF2;PHETA1;SYT11;HOOK3;SNX10;SYT7;PI4K2B;VAMP1;PLEKHF2;HOOK1;WASHC4;SAR1B;PLEKHF1;STX10;EEA1
ARHGEF10,GO_Biological_Process_2023,prerank,Negative Regulation Of Peptidyl-Tyrosine Phosphorylation (GO:0050732),-0.546142828909506,-1.2165564578232795,0.19224283305227655,1.0,1.0,8/30,15.08%,LILRB4;PTPN6;PIBF1;PPP2R1A;NF2;CD300A;PARP14;MVP
ARHGEF10,GO_Biological_Process_2023,prerank,Regulation Of Viral Life Cycle (GO:1903900),0.5314617576048621,1.2160350431066478,0.17894736842105263,1.0,1.0,8/23,19.61%,HS3ST6;TRIM21;TRIM34;TRIM6;NECTIN2;TRIM25;PPIA;TRIM62
ARHGEF10,GO_Biological_Process_2023,prerank,Hexose Biosynthetic Process (GO:0019319),-0.5347519852685293,-1.2147501388998976,0.15942028985507245,1.0,1.0,11/35,16.62%,CRY1;CRTC2;PPARGC1A;KHSRP;PGAM1;ENO1;PFKFB1;SLC39A14;SLC25A12;SLC25A1;MDH2
ARHGEF10,GO_Biological_Process_2023,prerank,Vesicle Transport Along Microtubule (GO:0047496),-0.5840864812642167,-1.2146056602959572,0.17792421746293247,1.0,1.0,15/22,27.07%,CDR2L;KIF5A;KIFAP3;KIF3A;BICDL1;KIF5B;KIF3B;TRAK1;HTT;NDE1;KIF13A;BICDL2;NDEL1;FYCO1;PAFAH1B1
ARHGEF10,GO_Biological_Process_2023,prerank,Embryonic Organ Development (GO:0048568),-0.4649802251833974,-1.2144719005557596,0.13608562691131498,1.0,1.0,27/75,25.06%,HAND1;RNF112;COL27A1;ESRRB;GATA3;STIL;HEY2;TEAD3;PCSK5;RARB;MFSD2A;TGFB2;TEAD4;HEY1;PBX4;KIT;PKD1;IFT122;RBPJ;TGFBR2;PPIL1;CDC40;COL18A1;COL2A1;PBX3;FLT3LG;PDGFB
ARHGEF10,GO_Biological_Process_2023,prerank,Positive Regulation Of Myeloid Leukocyte Cytokine Production Involved In Immune Response (GO:0061081),-0.6157942180694831,-1.2140174677267221,0.19310344827586207,1.0,1.0,9/16,22.43%,HLA-G;SEMA7A;CD74;SIRT1;KIT;MAVS;WNT5A;PLCG2;TICAM2
ARHGEF10,GO_Biological_Process_2023,prerank,Natural Killer Cell Mediated Cytotoxicity (GO:0042267),-0.5779487974453978,-1.2134157685373534,0.20672268907563024,1.0,1.0,5/24,9.31%,RAET1E;KLRK1;TUBB2A;VAMP2;CORO1A
ARHGEF10,GO_Biological_Process_2023,prerank,Negative Regulation Of Monoatomic Ion Transport (GO:0043271),-0.6121882703733612,-1.2122929369526887,0.21243523316062177,1.0,1.0,4/18,6.19%,CD33;HTR1B;NOS1;PLN
ARHGEF10,GO_Biological_Process_2023,prerank,Regulation Of Mononuclear Cell Migration (GO:0071675),0.5462478129738801,1.212021091138131,0.16539440203562342,1.0,1.0,7/22,12.84%,BMP5;CMKLR1;CSF1;THBS1;MDK;STK10;CXCL17
ARHGEF10,GO_Biological_Process_2023,prerank,Regulation Of Toll-Like Receptor Signaling Pathway (GO:0034121),0.5586037259705118,1.21112441365714,0.18796992481203006,1.0,1.0,5/20,9.30%,BIRC3;TLR2;IRF7;NFKBIL1;OTUD4
ARHGEF10,GO_Biological_Process_2023,prerank,Positive Regulation Of Locomotion (GO:0040017),0.5112389605515606,1.211081268691572,0.19487179487179487,1.0,1.0,8/30,15.34%,SPOCK2;NTN1;THBS1;DUOX1;PHPT1;TGFB1;STX4;PPM1F
ARHGEF10,GO_Biological_Process_2023,prerank,Positive Regulation Of Stem Cell Proliferation (GO:2000648),-0.6249970840456698,-1.210107463165209,0.20525451559934318,1.0,1.0,8/16,25.50%,CITED1;SOX11;KAT7;KDM1A;EPCAM;GJA1;N4BP2L2;PDCD2
ARHGEF10,GO_Biological_Process_2023,prerank,Neutrophil Chemotaxis (GO:0030593),-0.4737340947003493,-1.2098288125695769,0.15303030303030302,1.0,1.0,11/68,14.11%,CXCL13;ITGB2;CXCL2;KLF5;CCL25;CXCL1;XCL1;SYK;CCL2;CX3CL1;TGFB2
ARHGEF10,GO_Biological_Process_2023,prerank,Negative Regulation Of Myeloid Leukocyte Differentiation (GO:0002762),-0.5508555995655998,-1.2091271446914322,0.18719211822660098,1.0,1.0,7/29,6.86%,LILRB4;CEACAM1;LRRC17;INHBA;TLR3;ZNF675;INHA
ARHGEF10,GO_Biological_Process_2023,prerank,Amino Acid Catabolic Process (GO:0009063),0.4925184878465441,1.2091047942776718,0.1595744680851064,1.0,1.0,18/38,17.86%,OTC;PRODH;IL4I1;CARNMT1;KMO;DBT;BCKDK;BCKDHA;SLC25A44;ETFB;CBS;ALDH5A1;ECHS1;SARDH;BCKDHB;GOT2;BLMH;HIBCH
ARHGEF10,GO_Biological_Process_2023,prerank,Positive Regulation Of Alpha-Beta T Cell Activation (GO:0046635),-0.6071864844890168,-1.2089236733496196,0.20926243567753003,1.0,1.0,11/18,26.29%,IL23R;CD55;SYK;EBI3;TNFSF4;HSPH1;HLA-DRA;HLA-DRB1;NKAP;IL23A;PNP
ARHGEF10,GO_Biological_Process_2023,prerank,Positive Regulation Of Release Of Sequestered Calcium Ion Into Cytosol (GO:0051281),-0.5295490927519713,-1.2084763577905047,0.17447495961227788,1.0,1.0,12/33,19.09%,PDPK1;TRDN;P2RY6;XCL1;CALM2;F2;CX3CL1;SNCA;TRPC1;NPSR1;CALM1;HTT
ARHGEF10,GO_Biological_Process_2023,prerank,Negative Regulation Of Lipid Metabolic Process (GO:0045833),-0.553290048012875,-1.206917223766049,0.18555008210180624,1.0,1.0,5/26,11.13%,CEACAM1;APOC1;ALK;SLC22A13;UGT1A8
ARHGEF10,GO_Biological_Process_2023,prerank,Negative Regulation Of Calcium Ion Transmembrane Transporter Activity (GO:1901020),-0.529265896795164,-1.2066611838132277,0.18196994991652754,1.0,1.0,9/30,17.16%,CLIC2;TRDN;PLN;CALM2;PPP3CC;ATP1A2;PPP3R1;PPP3CA;CALM1
ARHGEF10,GO_Biological_Process_2023,prerank,Cell Migration Involved In Sprouting Angiogenesis (GO:0002042),0.5820715527062102,1.205734217995736,0.22511848341232227,1.0,1.0,9/17,24.19%,NELL1;AKT1;ROBO1;EFNB2;MIA3;KDR;SLIT2;VEGFA;NR4A1
ARHGEF10,GO_Biological_Process_2023,prerank,Positive Regulation Of Cell Adhesion Mediated By Integrin (GO:0033630),-0.6082170005765719,-1.2050953589183366,0.21554770318021202,1.0,1.0,9/17,21.14%,CXCL13;SYK;RET;TGFB2;PODXL;CIB1;PIEZO1;RAC3;SFRP2
ARHGEF10,GO_Biological_Process_2023,prerank,Positive Regulation Of Cellular Component Organization (GO:0051130),-0.44143456017741955,-1.2038435557050646,0.1142433234421365,1.0,1.0,45/113,22.72%,AHNAK;AJUBA;RB1;TPPP;GBA1;DAB2;BAK1;CLDN3;SYK;SMPD1;ABCB7;CHAF1B;CAMK2B;CRB3;GSK3B;SNCA;TGFB2;SLF2;FRMPD4;APOE;TGFB3;ADGRL1;BCL2L11;LRP4;NEURL1;DLL1;CAMK1;ANXA2;AKR1B1;CBLL1;PROM2;INSR;ATP10A;RUNX1;SH3GLB1;CLIP3;SURF4;BNIP3;SPIDR;TFR2;FLOT1;MTLN;PPP1R15A;ASAP1;SUMO1
ARHGEF10,GO_Biological_Process_2023,prerank,Embryonic Skeletal System Development (GO:0048706),-0.5341031925587406,-1.2037355238823377,0.18568994889267462,1.0,1.0,9/33,22.08%,SLC2A10;SULF2;PCSK5;SOX11;SIX1;OXSR1;DEAF1;WNT5A;DYNC2I1
ARHGEF10,GO_Biological_Process_2023,prerank,Positive Regulation Of Calcium Ion Transmembrane Transport (GO:1904427),-0.5039930127741984,-1.2027451456862635,0.17986798679867988,1.0,1.0,16/42,15.30%,P2RX3;PDPK1;XCL1;P2RX4;P2RX2;F2;PPP3CC;GRIN1;CX3CL1;CACNB2;SNCA;RAMP3;TRPC1;PPP3R1;PPP3CA;NPSR1
ARHGEF10,GO_Biological_Process_2023,prerank,Sensory Organ Development (GO:0007423),0.43905132927453266,1.2007466811152498,0.12777777777777777,1.0,1.0,18/67,18.61%,MAB21L2;PAX6;SMOC1;MAFB;SMG9;STRA6;RAB18;HIPK2;SALL2;MYO7A;MEIS2;BLOC1S3;POLR2D;SCO2;BMPR1B;SIX4;FREM2;GDF3
ARHGEF10,GO_Biological_Process_2023,prerank,ERK1 And ERK2 Cascade (GO:0070371),-0.5548775476415625,-1.2007218407954103,0.17529215358931552,1.0,1.0,8/24,14.00%,EGF;ITGAV;LGALS9;AVP;IGF1;DUSP5;PTGER4;HTR2B
ARHGEF10,GO_Biological_Process_2023,prerank,Retinoid Metabolic Process (GO:0001523),-0.5119995333974285,-1.199883942708508,0.18181818181818182,1.0,1.0,18/39,25.90%,BCO2;ALDH1A2;ALDH8A1;RDH10;ALDH1A1;KDM5A;DHRS4;AKR1B1;CYP27C1;RDH12;DHRS4L2;CYP4V2;LRP2;AKR1C3;RDH11;E2F1;LRP1;RARRES2
ARHGEF10,GO_Biological_Process_2023,prerank,Glucose Transmembrane Transport (GO:1904659),-0.5722383025050615,-1.1997395762874064,0.21402877697841727,1.0,1.0,8/22,12.59%,SLC2A10;SLC2A14;SLC2A12;SLC45A1;SLC2A5;SLC2A1;SLC2A7;SLC2A11
ARHGEF10,GO_Biological_Process_2023,prerank,Positive Regulation Of Protein Localization (GO:1903829),0.4239200246526381,1.1995001792742521,0.1323529411764706,1.0,1.0,27/85,17.84%,PECAM1;NGFR;LIF;TYK2;CEP295;CARD10;RANGRF;BICD1;PTP4A3;DDRGK1;CENPQ;MEAK7;PPP3CB;AKT1;TFRC;PARP9;PARK7;TGFB1;STX4;DTX3L;HSP90AB1;CORO2B;RIC3;CENPJ;GPD1L;CEP120;SLC5A3
ARHGEF10,GO_Biological_Process_2023,prerank,Protein Heterooligomerization (GO:0051291),-0.5921983244713571,-1.1994159895706862,0.2113144758735441,1.0,1.0,9/19,17.85%,KCNC2;CPSF6;TMEM120B;HSD17B8;KRT10;GRIN2B;GRIN1;PKD1;TMEM120A
ARHGEF10,GO_Biological_Process_2023,prerank,Regulation Of Interleukin-1 Beta Production (GO:0032651),-0.4548655671760214,-1.199318619236835,0.14797507788161993,1.0,1.0,16/82,15.67%,LILRB4;CD33;CARD18;NLRC4;CASP8;NLRP1;IFI16;LGALS9;LCP1;NLRP2;IGF1;ZC3H12A;CX3CL1;TMEM106A;NLRP7;AZU1
ARHGEF10,GO_Biological_Process_2023,prerank,Positive Regulation Of Reactive Oxygen Species Metabolic Process (GO:2000379),-0.49258848866749666,-1.1982377243329865,0.17647058823529413,1.0,1.0,19/48,25.06%,AGT;ITGB2;MAPT;CD177;CYBA;SYK;F2;ZC3H12A;GRIN1;ITGAM;DHRS4;SOD1;PRKCD;PLCG2;TGFBR2;AKR1C3;MAPK14;GSTP1;PDGFB
ARHGEF10,GO_Biological_Process_2023,prerank,acyl-CoA Metabolic Process (GO:0006637),0.5140638928128591,1.1976679034465434,0.18435754189944134,1.0,1.0,9/30,20.39%,BAAT;ACOT6;ACSF2;ACSL6;SUCLG2;ACSM1;DLST;ACACB;GPAT4
ARHGEF10,GO_Biological_Process_2023,prerank,Negative Regulation Of Tumor Necrosis Factor Superfamily Cytokine Production (GO:1903556),-0.4945867523545384,-1.1975807194060248,0.18316831683168316,1.0,1.0,15/49,18.33%,LILRB4;CD33;PTPN6;NR1H4;CD274;VSIR;LGALS9;IGF1;ZC3H12A;CX3CL1;NLRC3;CLEC4A;SELENOS;ARG2;SYT11
ARHGEF10,GO_Biological_Process_2023,prerank,Regulation Of Mitochondrial Fission (GO:0090140),-0.5556300752865759,-1.196614564650168,0.21694915254237288,1.0,1.0,14/26,21.30%,MAPT;RALBP1;MFF;LRRK2;RALA;SPIRE1;MARCHF5;PGAM5;MUL1;FIS1;PINK1;PRKN;BNIP3;MIEF1
ARHGEF10,GO_Biological_Process_2023,prerank,Leukotriene Biosynthetic Process (GO:0019370),-0.6094864042271192,-1.1960428634879938,0.2056239015817223,1.0,1.0,5/17,23.09%,PLA2G4A;LTC4S;GGTA1;MGST3;MGST2
ARHGEF10,GO_Biological_Process_2023,prerank,Steroid Hormone Biosynthetic Process (GO:0120178),0.552784271311169,1.1953949527838983,0.20754716981132076,1.0,1.0,4/19,7.54%,HSD17B6;HSD17B3;HSD17B11;SRD5A3
ARHGEF10,GO_Biological_Process_2023,prerank,Negative Regulation Of DNA Replication (GO:0008156),0.5913868798673452,1.1948677430278398,0.2261904761904762,1.0,1.0,4/15,12.80%,GMNC;CDT1;TSPYL2;GMNN
ARHGEF10,GO_Biological_Process_2023,prerank,Regulation Of Lipoprotein Lipase Activity (GO:0051004),-0.6201636299487305,-1.1946114286461047,0.23958333333333334,1.0,1.0,4/15,14.72%,APOC1;PCSK5;APOH;FURIN
ARHGEF10,GO_Biological_Process_2023,prerank,Negative Regulation Of Osteoblast Differentiation (GO:0045668),-0.5292291280646899,-1.19458886484192,0.20202020202020202,1.0,1.0,11/32,18.63%,CITED1;CHRD;FGF23;NBR1;NOTCH1;RANBP3L;NOCT;TNFAIP6;TNN;TWIST2;SMAD6
ARHGEF10,GO_Biological_Process_2023,prerank,Negative Regulation Of Metabolic Process (GO:0009892),-0.48563737655024586,-1.1942168204462025,0.16434108527131783,1.0,1.0,16/52,19.66%,ADAMTS5;APOC1;NOVA2;RB1;PCTP;DDIT3;STK11;PLCL1;NOTCH1;LAMA4;IL15;PGAM5;ALDH1A1;RBPJ;ARRDC3;DOCK7
ARHGEF10,GO_Biological_Process_2023,prerank,Positive Regulation Of Glucose Transmembrane Transport (GO:0010828),0.5056802665104698,1.1937692244631581,0.18556701030927836,1.0,1.0,13/31,18.13%,C3;BRAF;SORBS1;C2CD5;AKT1;PRKCI;PIK3R1;IRS1;PTPN11;ARPP19;CAPN10;FGF19;APPL1
ARHGEF10,GO_Biological_Process_2023,prerank,Lymphocyte Activation Involved In Immune Response (GO:0002285),-0.6149350252321465,-1.191664725062766,0.21890547263681592,1.0,1.0,3/15,9.47%,IFNK;LCP1;CD74
ARHGEF10,GO_Biological_Process_2023,prerank,Skin Development (GO:0043588),-0.4702654534128229,-1.1914562073236679,0.15968992248062017,1.0,1.0,15/68,16.69%,IVL;SLC2A10;COL1A2;ST14;KRT10;COL5A2;DACT2;EVPL;CFLAR;OPN3;PPP3CA;PKD1;COL5A1;ADAM9;DLL1
ARHGEF10,GO_Biological_Process_2023,prerank,Regulation Of Extracellular Matrix Organization (GO:1903053),-0.5674048504598566,-1.1914263722136493,0.2278688524590164,1.0,1.0,11/23,19.05%,SLC2A10;AGT;TIE1;RB1;ANGPTL7;NOTCH1;DDR2;CEL;FGFR4;NID1;RUNX1
ARHGEF10,GO_Biological_Process_2023,prerank,Homologous Chromosome Segregation (GO:0045143),0.5388827419411453,1.1895199449090341,0.2064676616915423,1.0,1.0,3/21,3.97%,RNF212B;MEIKIN;SYCP1
ARHGEF10,GO_Biological_Process_2023,prerank,Modulation By Symbiont Of Entry Into Host (GO:0052372),0.5424541335922932,1.188423806403966,0.2205128205128205,1.0,1.0,8/20,19.61%,HS3ST6;TRIM21;TRIM34;EXOC2;TRIM6;NECTIN2;TRIM25;TRIM62
ARHGEF10,GO_Biological_Process_2023,prerank,Ribonucleoside Bisphosphate Metabolic Process (GO:0033875),0.5336736016372622,1.1854997890163317,0.20959595959595959,1.0,1.0,4/24,5.14%,BAAT;ACOT6;ACSF2;ACSL6
ARHGEF10,GO_Biological_Process_2023,prerank,Purine Nucleoside Bisphosphate Metabolic Process (GO:0034032),0.5336736016372622,1.1854997890163317,0.20959595959595959,1.0,1.0,4/24,5.14%,BAAT;ACOT6;ACSF2;ACSL6
ARHGEF10,GO_Biological_Process_2023,prerank,Myelination (GO:0042552),-0.4897910534427964,-1.1837380394173649,0.17746913580246915,1.0,1.0,16/48,18.20%,ARHGEF10;MPZ;SCN2A;TPPP;KLK6;PARD3;EIF2B5;SCN8A;MYRF;ACER3;PMP22;BCAS1;SOX10;AMIGO1;EPB41L3;ADGRG6
ARHGEF10,GO_Biological_Process_2023,prerank,Regulation Of Cellular Respiration (GO:0043457),-0.5995506541170235,-1.1833879487603516,0.2144026186579378,1.0,1.0,3/16,6.85%,PRDM16;PNPT1;IL10RB
ARHGEF10,GO_Biological_Process_2023,prerank,Activation Of Cysteine-Type Endopeptidase Activity (GO:0097202),-0.6216324241895963,-1.1824375502444824,0.23076923076923078,1.0,1.0,7/16,11.54%,NLRC4;CYCS;CASP8;ASPH;BAK1;IFI16;CASP9
ARHGEF10,GO_Biological_Process_2023,prerank,Response To Cholesterol (GO:0070723),0.5640875832027716,1.1819638559133128,0.22727272727272727,1.0,1.0,8/18,19.56%,OSBPL7;GRAMD1C;TGFB1;PMVK;SMO;TGFBR1;SMAD2;PTCH1
ARHGEF10,GO_Biological_Process_2023,prerank,Negative Regulation Of Lymphocyte Proliferation (GO:0050672),-0.5092059695568798,-1.1809719720234342,0.20294599018003273,1.0,1.0,9/39,13.13%,LILRB4;LST1;HLA-G;CD274;PLA2G2A;ATM;SOX11;CEBPB;CD300A
ARHGEF10,GO_Biological_Process_2023,prerank,Vasculature Development (GO:0001944),-0.6097707391295818,-1.179883964824346,0.25164473684210525,1.0,1.0,6/16,20.36%,BMPR2;STK11;NOTCH4;PIK3CA;FLT4;FBXW7
ARHGEF10,GO_Biological_Process_2023,prerank,Regulation Of Actin Nucleation (GO:0051125),-0.5593915930003442,-1.1794610949202537,0.2214765100671141,1.0,1.0,15/22,22.24%,WASHC3;ARPIN;WASH6P;CORO1A;ARFIP2;CORO1B;RNH1;WASH2P;WASHC2C;CARMIL2;ARFIP1;WASHC2A;CARMIL1;WASHC4;GSN
ARHGEF10,GO_Biological_Process_2023,prerank,Steroid Metabolic Process (GO:0008202),0.41243573473670625,1.178737643850024,0.12269938650306748,1.0,1.0,27/92,16.48%,RDH16;CYP26B1;SULT2A1;CYP27B1;BAAT;CYP3A5;CYP3A43;CYP3A7;CYP26A1;CYP2D7;HSD17B6;HSD17B3;ACAA1;CYP7B1;CYP2R1;TSPO;SCP2;RDH5;HSD11B2;HSD17B10;STARD3;DHCR24;SULT2B1;STS;LGMN;CYP1B1;DHRS11
ARHGEF10,GO_Biological_Process_2023,prerank,GPI Anchor Biosynthetic Process (GO:0006506),-0.5252454620707544,-1.1775321877926381,0.21114864864864866,1.0,1.0,20/29,25.18%,PIGC;PIGQ;PIGA;PIGB;PIGT;MPPE1;PGAP1;PIGZ;PIGW;PIGG;DPM1;PIGK;PIGO;PIGP;PGAP3;SLC30A5;DPM3;GPAA1;PIGN;PGAP2
ARHGEF10,GO_Biological_Process_2023,prerank,Positive Regulation Of ERK1 And ERK2 Cascade (GO:0070374),-0.4079155976813687,-1.1773144946766054,0.12857142857142856,1.0,1.0,75/176,28.59%,ADRA1D;SEMA7A;OPRM1;ALOX15;CCL25;SPRY2;P2RY6;ICAM1;XCL1;GLIPR2;PLA2G2A;RAPGEF2;LGALS9;NECAB2;NTRK1;IGF1;CD74;NTRK2;NOTCH1;MTURN;TNFAIP8L3;DDR2;CCL2;ARRB1;CX3CL1;AMH;FGFR3;HTR2B;RAMP3;CIB1;PRKD2;APOE;PDE8A;C5AR1;SERPINF2;EGFR;SCIMP;SHC1;FGFR4;GPR183;FLT4;HLA-DRB1;ERBB4;NTRK3;CHRNA7;TEK;FBXW7;FGF2;DDT;GAS6;PDGFD;AGER;PRKCA;CRKL;MAP2K1;DDR1;GPNMB;PDGFB;P2RY1;ROR2;ARHGAP8;FGF1;GCNT2;CCL26;PHB1;NRG1;BMP2;APP;PDGFC;ROR1;NDRG4;F2RL1;RASGRP1;PTK2B;HRAS
ARHGEF10,GO_Biological_Process_2023,prerank,Negative Regulation Of JNK Cascade (GO:0046329),0.4908682605912991,1.1769250506166984,0.20351758793969849,1.0,1.0,14/34,17.35%,NPPA;KLHL31;DUSP10;PER1;PRMT1;PDCD4;FKTN;MEN1;DNAJA1;MECOM;DUSP3;ITCH;NCOR1;GPS2
ARHGEF10,GO_Biological_Process_2023,prerank,Regulation Of Osteoclast Differentiation (GO:0045670),-0.4950214549017152,-1.1760124748831362,0.20706260032102727,1.0,1.0,12/41,17.94%,LILRB4;LRRC17;IL23R;TLR3;POU4F1;ZNF675;LILRB3;CEBPB;TNFAIP6;PPP3CA;PRXL2A;TCTA
ARHGEF10,GO_Biological_Process_2023,prerank,Protein Homooligomerization (GO:0051260),-0.42596535257178525,-1.1718484162269898,0.1627565982404692,1.0,1.0,40/129,20.15%,KCNC2;NOL3;RNF112;P2RX3;HLA-G;PKD2L1;ALS2;NLRC4;STEAP4;CTH;TRIM72;UPB1;PNPT1;NLRP1;TMEM70;ALDH1A2;EHD1;ALDOA;CLYBL;TRPV1;EHD3;AMH;AQP5;AQP4;SCARA5;APIP;RNF135;ALDH9A1;GLS;ME1;POLQ;TMEM120A;USP16;ASIC1;MAT1A;VSTM5;TIFA;CRYZ;SSBP1;IKZF4
ARHGEF10,GO_Biological_Process_2023,prerank,Hematopoietic Progenitor Cell Differentiation (GO:0002244),0.4995334923613868,1.1715769239633715,0.20654911838790932,1.0,1.0,7/28,12.17%,BATF;TMEM190;FSTL3;PRRC2C;FST;TP53;TGFB1
ARHGEF10,GO_Biological_Process_2023,prerank,Regulation Of Interleukin-17 Production (GO:0032660),-0.5178414970086873,-1.1712145112178047,0.22073578595317725,1.0,1.0,8/34,13.14%,IL23R;NR1H4;DDIT3;VSIR;SPHK1;ZBTB7B;IL15;TNFSF4
ARHGEF10,GO_Biological_Process_2023,prerank,RNA Polyadenylation (GO:0043631),-0.5328369691768077,-1.1710933942555557,0.22259136212624583,1.0,1.0,13/25,22.80%,PNPT1;TENT2;TUT1;HEXIM1;ZCCHC7;PAPOLB;CDC73;TENT4B;CSTF3;SSU72;CPSF1;MTPAP;WDR33
ARHGEF10,GO_Biological_Process_2023,prerank,Mucosal Immune Response (GO:0002385),0.5027539649874324,1.1698667047883295,0.1956521739130435,1.0,1.0,6/27,14.93%,LTF;OTUD7B;H2BC21;FAU;H2BC12;IFNLR1
ARHGEF10,GO_Biological_Process_2023,prerank,Astrocyte Development (GO:0014002),-0.5991475172834911,-1.169587990750126,0.25894378194207834,1.0,1.0,5/15,16.69%,MAPT;CNTF;EIF2B5;C5AR1;DLL1
ARHGEF10,GO_Biological_Process_2023,prerank,Peptide Biosynthetic Process (GO:0043043),0.37989473966252324,1.1686491167263022,0.11326860841423948,1.0,1.0,70/155,22.54%,RPL31;ASMT;MRPS33;AGO2;RPS6KB2;MRPL43;TNIP1;FARSB;MRPL55;MRPL9;RPLP2;MRPS16;RPS4Y1;RPL36;RPL13A;MRRF;MRPS11;COPS5;MRPS12;MRPL52;FAU;RPL27A;RPS16;MRPL13;PCSK1;RPS4X;RPS7;MRPL28;RPL28;RPL11;DARS1;RPS21;MRPL34;MRPL37;EIF4G1;RPS3;RPL35;MRPS7;RPL18;MRPL41;MRPS18B;RPLP0;RPS15;RPL34;RPL10;RPL9;SARS1;RPL18A;RPS24;RPLP1;SRBD1;MRPS18A;RPS5;MRPL27;MRPS17;RRBP1;RPS14;RPS28;YARS2;RPL17;RPS25;RPL23A;RPL12;RPS19;RPS27;MRPS21;MRPL12;RPL8;RPL26;MRPL36
ARHGEF10,GO_Biological_Process_2023,prerank,Mitochondrial Calcium Ion Homeostasis (GO:0051560),0.5361136135347332,1.1684318920806995,0.22650602409638554,1.0,1.0,11/20,21.60%,FATE1;PDZD8;SLC8A3;ATP2A1;ANXA6;BCAP31;MICU1;MICU3;MCUR1;SLC25A23;MCU
ARHGEF10,GO_Biological_Process_2023,prerank,Regulation Of Endocytosis (GO:0030100),-0.45789659669223454,-1.1680253279537904,0.1824,1.0,1.0,29/66,22.01%,HCK;DAB2;CD177;SPHK1;LETMD1;ITGAV;SYK;SMPD1;RAB4A;PACSIN2;SRC;RIT2;SNCA;APOE;ZFYVE16;DLL1;OPHN1;TSC2;CBLL1;SYT11;RUFY2;SYT7;LRPAP1;CLIP3;PACSIN3;RAB17;TFR2;FLOT1;MCTP1
ARHGEF10,GO_Biological_Process_2023,prerank,Heterophilic Cell-Cell Adhesion Via Plasma Membrane Cell Adhesion Molecules (GO:0007157),-0.4784084197473081,-1.1679397213596223,0.1968503937007874,1.0,1.0,13/48,20.08%,ITGAL;NECTIN4;SCARF1;CEACAM19;ICAM1;ALCAM;AMIGO2;AMIGO1;TENM3;PVR;CXADR;TENM2;CD164
ARHGEF10,GO_Biological_Process_2023,prerank,snRNA Processing (GO:0016180),-0.5822473823815376,-1.1667106417591242,0.2483108108108108,1.0,1.0,8/18,21.76%,INTS4;TUT1;INTS7;INTS11;INTS6;INTS8;INTS12;INTS2
ARHGEF10,GO_Biological_Process_2023,prerank,Protein Localization To Centrosome (GO:0071539),-0.590476515897632,-1.1662820751048957,0.2561576354679803,1.0,1.0,11/17,26.50%,NUDCD3;STIL;PIBF1;GOLGB1;CEP250;HOOK3;SNX10;CEP192;CEP131;SPAG5;DCTN2
ARHGEF10,GO_Biological_Process_2023,prerank,Cytoplasmic Translational Initiation (GO:0002183),0.4871866690758384,1.165044670849448,0.205607476635514,1.0,1.0,18/30,21.82%,EIF3J;DHX29;EIF3C;EIF2D;EIF3G;MIF4GD;EIF6;RBM4;EIF5;SLBP;EIF4G1;EIF3H;EIF3B;EIF4A1;EIF2S2;EIF3E;EIF3M;EIF3L
ARHGEF10,GO_Biological_Process_2023,prerank,Bicellular Tight Junction Assembly (GO:0070830),0.4460439606155038,1.16485713610348,0.1662269129287599,1.0,1.0,14/46,15.39%,PECAM1;CLDN22;CLDN9;CLDN23;CLDN6;RAMP2;SLC39A9;CLDN4;FRMPD2;TBCD;OCEL1;CLDN18;CLDN1;DLG1
ARHGEF10,GO_Biological_Process_2023,prerank,Regulation Of mRNA Processing (GO:0050684),-0.5071151573912571,-1.1646549145444434,0.22843450479233227,1.0,1.0,16/35,23.48%,RBM23;SRSF10;RBM20;RBM39;SRPK2;SRPK1;SLTM;SRRM1;SRSF3;CWC22;METTL16;MAGOH;LARP7;JMJD6;RBM8A;CDK11B
ARHGEF10,GO_Biological_Process_2023,prerank,Branched-Chain Amino Acid Catabolic Process (GO:0009083),0.5585053509691661,1.1643369338917107,0.22167487684729065,1.0,1.0,11/17,20.89%,HMGCLL1;DBT;BCKDK;BCKDHA;SLC25A44;HSD17B10;ECHS1;BCKDHB;HIBCH;IVD;DLD
ARHGEF10,GO_Biological_Process_2023,prerank,Positive Regulation Of Mitochondrial Fission (GO:0090141),-0.5811991080121498,-1.1633970673170393,0.2638888888888889,1.0,1.0,12/19,21.30%,RALBP1;MFF;RALA;SPIRE1;MARCHF5;PGAM5;MUL1;FIS1;PINK1;PRKN;BNIP3;MIEF1
ARHGEF10,GO_Biological_Process_2023,prerank,Regulation Of Hematopoietic Progenitor Cell Differentiation (GO:1901532),0.5628486526370297,1.1617659509370029,0.2780487804878049,1.0,1.0,7/17,16.78%,YTHDF2;KAT5;PRKDC;EIF2AK2;ITCH;DHX36;METTL3
ARHGEF10,GO_Biological_Process_2023,prerank,Organic Cation Transport (GO:0015695),-0.5239127170833227,-1.1612283966008379,0.234006734006734,1.0,1.0,8/31,10.16%,SLC22A2;SLC22A3;SLC19A3;SLC22A18;SLC6A3;SLC22A5;RALBP1;SLC6A12
ARHGEF10,GO_Biological_Process_2023,prerank,Lipid Droplet Organization (GO:0034389),0.4893355380707632,1.1604550678992134,0.21227621483375958,1.0,1.0,14/29,23.35%,RNF213;RAB18;KAT5;ZFYVE1;FITM2;PLIN5;PLIN3;LDAF1;SQLE;PPIA;CIDEB;PNPLA3;CDS2;PLA2G4C
ARHGEF10,GO_Biological_Process_2023,prerank,Granulocyte Chemotaxis (GO:0071621),-0.45373150485398717,-1.1602623402335075,0.1990811638591118,1.0,1.0,11/71,14.11%,CXCL13;ITGB2;CXCL2;KLF5;CCL25;CXCL1;XCL1;SYK;CCL2;CX3CL1;TGFB2
ARHGEF10,GO_Biological_Process_2023,prerank,Zymogen Activation (GO:0031638),-0.48852894415033093,-1.1602274703462905,0.2231139646869984,1.0,1.0,16/44,20.19%,KLK1;NLRC4;VSIR;CYCS;CASP8;ASPH;BAK1;IFI16;APOH;CASP9;FURIN;CTSL;PLAU;PERP;PRSS12;BAD
ARHGEF10,GO_Biological_Process_2023,prerank,Positive Regulation Of Interleukin-4 Production (GO:0032753),-0.5808973033028388,-1.1599411248059375,0.25041736227045075,1.0,1.0,7/17,14.36%,ZP3;GATA3;LGALS9;SYK;CEBPB;TNFSF4;IRF4
ARHGEF10,GO_Biological_Process_2023,prerank,Translation (GO:0006412),0.36443765778053366,1.1598695248552096,0.07168458781362007,1.0,1.0,108/232,23.33%,EEF1G;RPL31;ASMT;EEF1B2;MRPL38;MRPS33;AGO2;MRPL45;MRPL2;RPS6KB2;MRPS24;MRPL43;TNIP1;FTSJ1;FARSB;MRPL55;MRPL50;MRPL9;EIF5A;GFM2;RPLP2;MRPS10;MRPS16;RPS4Y1;WARS2;RPL36;RPL13A;MRRF;MRPS11;COPS5;RPL22L1;MRPS12;MRPL52;MARS1;FAU;MRPS28;RPL27A;RPS16;MRPL13;DRG2;RPS4X;RPS7;MRPL28;RPL28;RPL11;DARS1;RPS21;MRPL34;MRPL37;EIF4G1;RPS3;GARS1;NARS1;RPL35;RARS1;MRPS7;RPL18;MRPL41;MRPS18B;RPLP0;DRG1;RPS15;RPL34;RPL10;MRPL17;RPL9;SARS1;RPL18A;MRPS26;RPS24;PTCD3;RPLP1;SRBD1;MRPS18A;RPS5;MRPL27;NDUFA7;MRPS17;QRSL1;RRBP1;RPS14;RPS28;YARS2;RPL17;RPS25;RPL23A;RPL12;RPS19;LARS1;RPS27;GATC;MRPS21;EPRS1;MRPL12;GATB;MRPS31;RPL8;RPL26;MRPL36;GTPBP1;MRPS2;MRPL33;MRPL18;MRPL1;RWDD1;MRPL44;RPL7A;RPL5
ARHGEF10,GO_Biological_Process_2023,prerank,Polyol Biosynthetic Process (GO:0046173),0.5691407513354116,1.1594778580851444,0.25462962962962965,1.0,1.0,5/15,8.45%,CYP27B1;ITPKA;ITPKB;CYP2R1;ITPKC
ARHGEF10,GO_Biological_Process_2023,prerank,Lipid Catabolic Process (GO:0016042),-0.5643413172986338,-1.155094267410647,0.2504201680672269,1.0,1.0,6/21,14.69%,HSD17B14;CES1P1;AOAH;LCP1;LIPI;HSD11B1
ARHGEF10,GO_Biological_Process_2023,prerank,Negative Regulation Of Cytokine Production Involved In Immune Response (GO:0002719),-0.5907437679620361,-1.154985400945065,0.284452296819788,1.0,1.0,5/16,15.65%,LILRB4;XCL1;HFE;TGFB2;TGFB3
ARHGEF10,GO_Biological_Process_2023,prerank,Intrinsic Apoptotic Signaling Pathway In Response To Endoplasmic Reticulum Stress (GO:0070059),-0.5189527063648266,-1.1542442587177144,0.2571912013536379,1.0,1.0,15/29,26.72%,TMEM238L;TRIB3;DDIT3;BAK1;MAP3K5;CEBPB;BRSK2;BAG6;ERO1A;ITPR1;PPP1R15A;ERN1;ERN2;CHAC1;SELENOK
ARHGEF10,GO_Biological_Process_2023,prerank,N-terminal Protein Amino Acid Acetylation (GO:0006474),-0.5939141541448929,-1.154056905179647,0.25257731958762886,1.0,1.0,9/15,26.04%,NAA80;EP300;LSM8;KAT2B;NAA30;NAA60;NAA15;NAA50;NAA20
ARHGEF10,GO_Biological_Process_2023,prerank,Renal System Development (GO:0072001),-0.4641033225832962,-1.15394378216809,0.2102728731942215,1.0,1.0,21/57,19.12%,PAX2;AGT;WNT4;ITGA8;SIX2;CYP4A22;GATA3;MME;SULF2;PCSK5;MYOCD;CEP290;SIX1;TGFB2;PCSK9;LHX1;STAT1;PKD1;LRP4;IFT88;BAG6
ARHGEF10,GO_Biological_Process_2023,prerank,Mammary Gland Development (GO:0030879),-0.5475265617669629,-1.1532757307879289,0.23529411764705882,1.0,1.0,7/22,21.53%,WNT4;TBX3;ZBTB7B;TGFB3;NOTCH4;ERBB4;FOXB1
ARHGEF10,GO_Biological_Process_2023,prerank,Regulation Of Insulin Secretion (GO:0050796),0.40120182214979944,1.1532215143640068,0.14678899082568808,1.0,1.0,23/87,17.39%,HNF4A;KCNA5;GIPR;CHGA;NR1D1;GPER1;RFX3;PER2;ADCY5;GHRL;PPP3CB;SIRT4;IRS1;ADCY8;BMP8A;MYRIP;POLR2D;GCK;TM7SF3;STXBP4;GLUD1;REST;CAPN10
ARHGEF10,GO_Biological_Process_2023,prerank,Negative Regulation Of GTPase Activity (GO:0034260),-0.5609235129987484,-1.1531673384512036,0.26837606837606837,1.0,1.0,7/20,15.84%,CPEB2;GPSM1;KLRK1;LRCH1;LRRK2;RASA4;WNK1
ARHGEF10,GO_Biological_Process_2023,prerank,Positive Regulation Of Response To External Stimulus (GO:0032103),-0.4060465805545234,-1.1529275783461597,0.15086206896551724,1.0,1.0,47/154,23.09%,ZP3;SH2D1B;IFNK;AGT;LY96;NLRC4;TRADD;TLR3;PLSCR1;SCARF1;OPTN;CNTF;NLRP1;PLA2G2A;CYBA;LCP1;AKIRIN2;F2;APOH;CX3CL1;NFKBIA;TRIM56;PTGER4;IL15;TNFSF4;CEBPA;NLRP10;ADAM8;SNCA;CD1D;EMILIN1;SERPINF2;PLAU;SCIMP;FEM1A;RNF31;WNT5A;PDE2A;PLA2G7;MAPK13;AIF1;DDT;AIM2;PTN;NLRP12;PRKCA;MGST2
ARHGEF10,GO_Biological_Process_2023,prerank,Kidney Development (GO:0001822),-0.44787518609074795,-1.1520801779047478,0.18818040435458788,1.0,1.0,23/70,19.12%,PAX2;AGT;CITED1;WNT4;ITGA8;GDF6;SIX2;CYP4A22;ZBTB16;GATA3;MME;SULF2;PCSK5;CEP290;SIX1;TGFB2;PCSK9;LHX1;PKD1;LRP4;OXSR1;IFT88;BAG6
ARHGEF10,GO_Biological_Process_2023,prerank,Protein Tetramerization (GO:0051262),-0.4430409722052123,-1.1512318687531733,0.22033898305084745,1.0,1.0,27/73,19.99%,PKD2L1;CTH;CPSF6;UPB1;HSD17B8;HOMER1;KRT10;ALDH1A2;ALDOA;GRIN2B;OXA1L;GRIN1;TRPV1;AQP5;AQP4;CUTC;SNCA;APIP;PKD1;ALDH9A1;GLS;ME1;USP16;MAT1A;HLA-DRB1;CRYZ;SSBP1
ARHGEF10,GO_Biological_Process_2023,prerank,Hydrogen Peroxide Catabolic Process (GO:0042744),-0.5667395859020143,-1.1512180203959999,0.27017543859649124,1.0,1.0,3/20,6.93%,HBQ1;HBA1;HBZ
ARHGEF10,GO_Biological_Process_2023,prerank,Transport Across Blood-Brain Barrier (GO:0150104),-0.4328293159714655,-1.1509189975548215,0.19409937888198758,1.0,1.0,27/84,19.66%,SLC2A10;SLC22A2;SLC22A3;SLC5A5;SLC8A2;ABCC2;SLC15A2;SLC4A4;SLC22A5;SLC22A8;SLC6A6;SLC1A3;ATP8A1;ATP1A4;SLC2A1;SLC7A8;SLC7A3;ABCC5;MFSD2A;ATP1A2;SLC6A9;SLC13A3;SLC2A3;SLC16A2;INSR;FABP5;LRP2
ARHGEF10,GO_Biological_Process_2023,prerank,Peptidyl-Lysine Modification (GO:0018205),-0.4287930514250416,-1.1497269663050536,0.18807339449541285,1.0,1.0,28/93,21.18%,IVL;METTL21EP;CTH;LOXL1;EP300;LOXL2;NSMCE1;SMC5;P3H4;HDAC10;EEF1AKMT1;SIRT1;SLF2;LIPT2;SUMO4;PIAS1;TOPORS;UHRF2;EYA1;PML;KAT2B;EEF1AKMT3;ZMIZ1;SENP7;P3H3;METTL21A;LOXL3;NSMCE2
ARHGEF10,GO_Biological_Process_2023,prerank,Tight Junction Assembly (GO:0120192),0.43402994997781885,1.1496622548828361,0.17983651226158037,1.0,1.0,16/51,15.39%,PECAM1;CLDN22;CLDN9;CLDN23;CLDN6;RAMP2;SLC39A9;CLDN4;ILDR1;CLDN12;FRMPD2;TBCD;OCEL1;CLDN18;CLDN1;DLG1
ARHGEF10,GO_Biological_Process_2023,prerank,Response To Interferon-Beta (GO:0035456),-0.5133577375544052,-1.1493419617761025,0.25796661608497723,1.0,1.0,13/29,24.49%,XAF1;PLSCR1;PNPT1;IFI16;SHFL;STAT1;CALM1;CDC34;AIM2;BST2;IRF1;IFITM3;IFITM2
ARHGEF10,GO_Biological_Process_2023,prerank,Regulation Of Neuron Apoptotic Process (GO:0043523),-0.4215176645715159,-1.1476723416031107,0.17134416543574593,1.0,1.0,38/105,21.53%,MSH2;FZD9;CITED1;PPARGC1A;CNTFR;DDIT3;POU4F1;CNTF;KCNB1;NTRK1;NTRK2;CCL2;RASA1;UBB;CDK5;SRPK2;BDNF;SIX1;TGFB2;PCSK9;APOE;TGFB3;PTPRZ1;TYRO3;FOXO3;PINK1;LIG4;NGF;CPEB4;SOD1;RETREG1;EGLN2;PRKN;GRM4;MEF2C;AKT1S1;FOXB1;IL6ST
ARHGEF10,GO_Biological_Process_2023,prerank,Regulation Of Ubiquitin-Protein Transferase Activity (GO:0051438),-0.50459800880208,-1.1470586809386611,0.249185667752443,1.0,1.0,13/32,22.59%,ARRDC4;TRIB3;DCUN1D3;FBXO5;DCUN1D2;TOPORS;PINK1;FEM1A;ARRDC3;FBXW7;DCUN1D5;FEM1B;BUB3
ARHGEF10,GO_Biological_Process_2023,prerank,GPI Anchor Metabolic Process (GO:0006505),-0.5240533602846722,-1.1470435777189858,0.25432525951557095,1.0,1.0,17/26,25.18%,PIGC;PIGQ;PIGA;PIGB;MPPE1;PGAP1;PIGZ;PIGW;PIGG;DPM1;PIGO;PIGP;PGAP3;SLC30A5;DPM3;PIGN;PGAP2
ARHGEF10,GO_Biological_Process_2023,prerank,Antimicrobial Humoral Immune Response Mediated By Antimicrobial Peptide (GO:0061844),-0.456174634391769,-1.1468508076176966,0.21900161030595813,1.0,1.0,8/63,9.72%,CXCL13;GNLY;H2BC11;SEMG1;CXCL2;CXCL1;LEAP2;F2
ARHGEF10,GO_Biological_Process_2023,prerank,Antibacterial Humoral Response (GO:0019731),0.44495261194648067,1.1466194795926907,0.19618528610354224,1.0,1.0,8/45,14.28%,LTF;WFDC3;H2BC21;HLA-E;F3;FAU;H2BC12;WFDC2
ARHGEF10,GO_Biological_Process_2023,prerank,Negative Regulation Of Fatty Acid Metabolic Process (GO:0045922),-0.5574520209331197,-1.146132190087693,0.2807308970099668,1.0,1.0,6/19,11.13%,CEACAM1;TRIB3;APOC1;SLC22A13;WDTC1;UGT1A8
ARHGEF10,GO_Biological_Process_2023,prerank,Response To dsRNA (GO:0043331),-0.5738433965856935,-1.1453315650751223,0.27288135593220336,1.0,1.0,2/17,4.48%,IFNK;TLR3
ARHGEF10,GO_Biological_Process_2023,prerank,Regulation Of Monoatomic Ion Transport (GO:0043269),0.49357436234476126,1.1446020069028275,0.24,1.0,1.0,4/28,6.77%,KCNJ16;KCNJ10;KCNJ12;PXK
ARHGEF10,GO_Biological_Process_2023,prerank,Transition Metal Ion Transport (GO:0000041),0.4764904285690465,1.1435795841440592,0.24242424242424243,1.0,1.0,15/32,15.06%,LTF;ATP7A;HEPHL1;ATP2C2;CP;SLC30A1;F3;SLC39A13;TFRC;TTYH1;SLC31A1;SLC30A9;FTH1;MELTF;ATP7B
ARHGEF10,GO_Biological_Process_2023,prerank,Cellular Response To Peptide (GO:1901653),-0.4611229336707515,-1.143268086790555,0.21019108280254778,1.0,1.0,19/56,17.84%,CHMP5;CACNA2D1;ICAM1;XBP1;VIM;NTRK1;IGF1;LDOC1;CACNA1A;EPHA4;GRIN1;ADRB2;CDK5;TRIM41;SRC;GSK3B;CACNB1;GJA1;FYN
ARHGEF10,GO_Biological_Process_2023,prerank,Sensory Perception Of Pain (GO:0019233),-0.5589848496245894,-1.141684504012893,0.2830508474576271,1.0,1.0,9/20,18.86%,OPRM1;KCNK4;P2RX4;MME;CCL2;OPRK1;PTGES;CHRNA4;RETREG1
ARHGEF10,GO_Biological_Process_2023,prerank,Positive Regulation Of Endothelial Cell Apoptotic Process (GO:2000353),0.5593645735373677,1.1413714775122894,0.2731707317073171,1.0,1.0,8/15,12.47%,CD40;GPER1;ITGA4;RGCC;THBS1;PDCD4;PRKCI;PLCG1
ARHGEF10,GO_Biological_Process_2023,prerank,Regulation Of Interleukin-4 Production (GO:0032673),-0.5360115914770832,-1.1405987152237023,0.27184466019417475,1.0,1.0,9/22,14.36%,ZP3;LEF1;DDIT3;GATA3;LGALS9;SYK;CEBPB;TNFSF4;IRF4
ARHGEF10,GO_Biological_Process_2023,prerank,Muscle Organ Development (GO:0007517),-0.4579354876732203,-1.1391185400342656,0.2401263823064771,1.0,1.0,28/57,26.55%,SGCA;FHL3;TRIM72;COPRS;MYH3;SGCG;ITGA11;CHD2;COL6A3;IGF1;ZBTB42;TEAD4;CTF1;EVC;CACNA1H;CHODL;MAPK12;SGCD;NEB;MEF2C;LARGE1;CAV3;MYMX;SPEG;SMTN;FXR1;TAGLN;MEF2A
ARHGEF10,GO_Biological_Process_2023,prerank,Cell Surface Toll-Like Receptor Signaling Pathway (GO:0140895),-0.5752393309276367,-1.1388335643644227,0.2903225806451613,1.0,1.0,5/16,18.76%,LY96;NR1H4;LGALS9;SCIMP;PIK3AP1
ARHGEF10,GO_Biological_Process_2023,prerank,Potassium Ion Transport (GO:0006813),0.3794586569197585,1.1386440848775903,0.16065573770491803,1.0,1.0,22/122,8.90%,KCNK18;KCNJ16;KCNK3;KCNA5;KCNAB3;KCNK10;KCND3;NALCN;KCNJ10;ABCC9;KCNH6;HCN2;KCNK6;KCNJ12;HCN3;SLC12A4;KCNMB3;KCNIP2;LRRC26;SLC17A7;KCNC3;KCNE2
ARHGEF10,GO_Biological_Process_2023,prerank,Regulation Of Cysteine-Type Endopeptidase Activity (GO:2000116),0.4953628719036064,1.1383873541517175,0.2512315270935961,1.0,1.0,6/24,11.87%,BIRC3;LTF;PCID2;TTBK1;PYCARD;USP50
ARHGEF10,GO_Biological_Process_2023,prerank,Regulation Of Interleukin-6 Production (GO:0032675),-0.4202306686881067,-1.1381663171969767,0.18501529051987767,1.0,1.0,37/113,23.06%,LILRB4;PTPN6;TLR3;GBA1;C1QTNF3;RAB7B;CYBA;XBP1;LGALS9;SYK;LCP1;CD74;AKIRIN2;ZC3H12A;ARRB1;CX3CL1;IL1A;TMEM106A;TNFSF4;FOXJ1;NLRP10;NLRC3;CD200R1;SELENOS;SCIMP;SYT11;MAVS;WNT5A;PLCG2;MAPK13;HLA-B;AIF1;GAS6;NMB;AGER;NLRP12;CD200
ARHGEF10,GO_Biological_Process_2023,prerank,Positive Regulation Of Growth (GO:0045927),0.4103829431196655,1.1380697581802297,0.1807909604519774,1.0,1.0,34/81,21.38%,H3-5;CSNK2A3;CEP43;TEAD1;ARMC12;MMP14;RPTOR;N6AMT1;AKT1;LEP;MLST8;HYAL1;PLCB1;SLC25A33;WFS1;DDX49;MTPN;BCL2;EXOSC4;PPM1F;EIF4G1;SDCBP;TGFBR1;INO80;EXOSC9;RICTOR;USP47;H3-3A;TRIM32;DDX3X;RFTN1;SUPV3L1;YAP1;PSMD10
ARHGEF10,GO_Biological_Process_2023,prerank,Adenylate Cyclase-Activating G Protein-Coupled Receptor Signaling Pathway (GO:0007189),-0.41983274752572297,-1.1377226085247754,0.19533527696793002,1.0,1.0,30/108,16.95%,ADCY7;LHCGR;PTGIR;ADGRL4;ADRA1D;GHRH;ADGRF5;RAMP1;CALCA;GNAQ;MC5R;ADORA2B;RAPGEF2;ADGRB2;CALCRL;CALCB;GHRHR;ADGRE2;ADGRG1;ADRB2;PTGER4;DRD3;ADM;GPR78;RAMP3;GIP;ADGRL1;GPHA2;TSHR;IAPP
ARHGEF10,GO_Biological_Process_2023,prerank,Antigen Receptor-Mediated Signaling Pathway (GO:0050851),-0.41232829441731483,-1.1367415567024401,0.19654088050314467,1.0,1.0,38/122,20.85%,BTN2A3P;NFKBID;TXK;BMX;BTN1A1;NFAM1;ERMAP;TRBC2;GATA3;BTN2A2;EIF2B5;LIME1;SYK;PRAM1;BTNL2;DENND1B;GNAO1;ZC3H12A;HLA-DPA1;CD276;SLA2;LCP2;BTK;LCK;BTNL9;PRKD2;CD38;WNK1;SPG21;RC3H2;PIK3CA;FYN;RNF31;HLA-DRB1;PRKCB;PLCG2;EIF2B3;MEF2C
ARHGEF10,GO_Biological_Process_2023,prerank,Vascular Transport (GO:0010232),-0.4293995978298941,-1.1357490871149316,0.2087227414330218,1.0,1.0,26/82,19.66%,SLC2A10;SLC22A2;SLC22A3;SLC5A5;SLC8A2;ABCC2;SLC15A2;SLC4A4;SLC22A5;SLC22A8;SLC6A6;SLC1A3;ATP8A1;ATP1A4;SLC2A1;SLC7A8;SLC7A3;ABCC5;MFSD2A;ATP1A2;SLC6A9;SLC13A3;SLC2A3;SLC16A2;INSR;LRP2
ARHGEF10,GO_Biological_Process_2023,prerank,Neuromuscular Process (GO:0050905),0.5406795432612485,1.1354465579652575,0.2582278481012658,1.0,1.0,6/17,17.61%,CHRND;STRA6;TPP1;NRXN1;MYCBP2;PRRT2
ARHGEF10,GO_Biological_Process_2023,prerank,Membrane Lipid Metabolic Process (GO:0006643),0.5333339258978363,1.1349688356310916,0.268733850129199,1.0,1.0,9/17,22.27%,AGMO;GAL3ST1;ST6GALNAC4;SERINC1;CYP1B1;SPTLC1;ST3GAL6;SMPDL3B;FUT2
ARHGEF10,GO_Biological_Process_2023,prerank,Negative Regulation Of Cold-Induced Thermogenesis (GO:0120163),-0.4737120397727943,-1.1347664423659003,0.2619047619047619,1.0,1.0,15/45,19.66%,ADAMTS5;NOVA2;RB1;PCTP;DDIT3;STK11;PLCL1;NOTCH1;LAMA4;IL15;PGAM5;ALDH1A1;RBPJ;ARRDC3;DOCK7
ARHGEF10,GO_Biological_Process_2023,prerank,Phospholipid Catabolic Process (GO:0009395),-0.5107875103483331,-1.134007818761019,0.25826771653543307,1.0,1.0,18/28,24.75%,PLA2G4D;PLA2G4A;PLA2G4B;SMPDL3A;SMPD1;ANGPTL3;PLBD2;ENPP6;SMPD3;GDPD3;PLBD1;SMPD4;ENPP2;LIPG;PLD2;GPCPD1;PRDX6;SMPD2
ARHGEF10,GO_Biological_Process_2023,prerank,Positive Regulation Of Kinase Activity (GO:0033674),-0.4217389463983843,-1.13263372849531,0.2183734939759036,1.0,1.0,42/104,24.55%,MMD2;ALS2;ALK;TIE1;FLT3;CENPE;RAPGEF2;NTRK1;CD74;RASSF2;NTRK2;F2;DDR2;MAPRE3;MAP3K5;LRRK2;XRCC5;LCP2;RET;FGFR3;MST1R;AZU1;EGFR;TYRO3;JTB;FGFR4;INSR;FLT4;HLA-DRB1;FLT1;ERBB4;NTRK3;TEK;TAB2;GAS6;FGFR1;TRAF4;TIGAR;MET;PTK2;DDR1;CAMKK1
ARHGEF10,GO_Biological_Process_2023,prerank,Positive Regulation Of Focal Adhesion Assembly (GO:0051894),0.5444442409777229,1.1321628569901228,0.2837209302325581,1.0,1.0,9/18,19.21%,NELL1;COL16A1;PPM1F;ROCK1;TSC1;THY1;RAC1;KDR;PTPRJ
ARHGEF10,GO_Biological_Process_2023,prerank,Detection Of Chemical Stimulus Involved In Sensory Perception Of Taste (GO:0050912),-0.4858135552310208,-1.1318024010636056,0.2599337748344371,1.0,1.0,6/41,7.96%,TAS2R43;CA6;PKD2L1;TAS2R19;RTP1;TAS2R30
ARHGEF10,GO_Biological_Process_2023,prerank,Carboxylic Acid Biosynthetic Process (GO:0046394),-0.571496626946964,-1.130583861039425,0.29296235679214405,1.0,1.0,6/17,11.15%,PAH;NLRC4;CYP2C8;CYP4A22;CARNS1;CDO1
ARHGEF10,GO_Biological_Process_2023,prerank,Positive Regulation Of Response To Endoplasmic Reticulum Stress (GO:1905898),-0.5566613125899755,-1.1305682847640468,0.28192371475953565,1.0,1.0,10/18,24.92%,DDIT3;BAK1;XBP1;BCL2L11;TMEM259;BAG6;NCK1;NCK2;ERN1;RNFT1
ARHGEF10,GO_Biological_Process_2023,prerank,Alpha-Amino Acid Catabolic Process (GO:1901606),0.48925274009323827,1.1303803057756232,0.24607329842931938,1.0,1.0,12/29,17.86%,OTC;PRODH;HMGCLL1;IL4I1;KMO;HPD;CBS;HSD17B10;SARDH;GOT2;BLMH;HIBCH
ARHGEF10,GO_Biological_Process_2023,prerank,Cellular Response To Amyloid-Beta (GO:1904646),-0.4947044148729933,-1.1296306295008913,0.2427652733118971,1.0,1.0,13/34,17.84%,CACNA2D1;ICAM1;NTRK1;IGF1;CACNA1A;EPHA4;GRIN1;ADRB2;CDK5;GSK3B;CACNB1;GJA1;FYN
ARHGEF10,GO_Biological_Process_2023,prerank,Positive Regulation Of Lipid Storage (GO:0010884),0.5160613770718564,1.1287907145571763,0.2982885085574572,1.0,1.0,11/20,14.40%,C3;PLA2G10;NFKB1;HILPDA;IKBKE;FITM2;SCARB1;PLIN5;MSR1;PLIN3;SREBF2
ARHGEF10,GO_Biological_Process_2023,prerank,Aminoglycan Biosynthetic Process (GO:0006023),-0.5406054942736046,-1.1286294711268265,0.2993311036789298,1.0,1.0,6/21,11.25%,B4GALT7;B3GNT3;B3GNT4;HS3ST1;B3GAT3;HAS1
ARHGEF10,GO_Biological_Process_2023,prerank,Positive Regulation Of Nitric Oxide Biosynthetic Process (GO:0045429),0.4950271581611226,1.1283450325611086,0.26968973747016706,1.0,1.0,7/27,15.09%,EDN1;KLF4;DDAH1;AKT1;NOS1AP;CLU;HSP90AB1
ARHGEF10,GO_Biological_Process_2023,prerank,Regulation Of Vasoconstriction (GO:0019229),-0.5191311709777168,-1.1263343795360754,0.27854671280276816,1.0,1.0,10/26,23.29%,AGT;ADRA1D;SMTNL1;BDKRB2;BMPR2;ADM;KCNMB2;ATP2B1;KCNMB4;ECE1
ARHGEF10,GO_Biological_Process_2023,prerank,Positive Regulation Of G1/S Transition Of Mitotic Cell Cycle (GO:1900087),0.4687647956347665,1.1261844505522214,0.23980815347721823,1.0,1.0,13/31,16.17%,CDK10;RDX;LSM11;RGCC;RPTOR;AKT1;UBE2E2;HYAL1;MTBP;PLCB1;RRM1;EIF4G1;CENPJ
ARHGEF10,GO_Biological_Process_2023,prerank,Natural Killer Cell Mediated Immunity (GO:0002228),-0.5390922376414773,-1.1257022690976997,0.2910958904109589,1.0,1.0,3/22,5.45%,RAET1E;KLRK1;TUBB2A
ARHGEF10,GO_Biological_Process_2023,prerank,Positive Regulation Of Immune Effector Process (GO:0002699),-0.4874736809204586,-1.1256349011115485,0.27240773286467485,1.0,1.0,9/37,19.33%,IL23R;CFP;DHX58;XBP1;LGALS9;CD81;TNFSF4;HLA-DRA;HLA-DRB1
ARHGEF10,GO_Biological_Process_2023,prerank,snRNA Metabolic Process (GO:0016073),-0.5474860617916527,-1.124536177449636,0.29679595278246207,1.0,1.0,12/21,22.20%,INTS4;TUT1;RBM7;SNAPC3;INTS7;INTS11;INTS6;ZCCHC8;INTS8;INTS12;INTS2;RPAP2
ARHGEF10,GO_Biological_Process_2023,prerank,mRNA Polyadenylation (GO:0006378),-0.5152293947931014,-1.1240312642774568,0.26776859504132233,1.0,1.0,12/24,22.80%,PNPT1;TENT2;TUT1;HEXIM1;PAPOLB;CDC73;TENT4B;CSTF3;SSU72;CPSF1;MTPAP;WDR33
ARHGEF10,GO_Biological_Process_2023,prerank,Regulation Of Presynapse Assembly (GO:1905606),-0.5775572999394655,-1.1236286574757388,0.3250825082508251,1.0,1.0,6/16,16.87%,WNT3A;SLITRK3;MDGA1;SLITRK1;SNCA;LRRTM3
ARHGEF10,GO_Biological_Process_2023,prerank,Regulation Of Presynapse Organization (GO:0099174),-0.5775572999394655,-1.1236286574757388,0.3250825082508251,1.0,1.0,6/16,16.87%,WNT3A;SLITRK3;MDGA1;SLITRK1;SNCA;LRRTM3
ARHGEF10,GO_Biological_Process_2023,prerank,Cholesterol Transport (GO:0030301),-0.45660527108426585,-1.1224529882216752,0.2614173228346457,1.0,1.0,16/51,16.25%,NPC1L1;APOC1;STARD4;ABCG4;TSKU;STARD3NL;ABCG5;SERAC1;VPS4A;ABCG8;APOB;OSBP;CEL;APOE;APOM;SOAT1
ARHGEF10,GO_Biological_Process_2023,prerank,Positive Regulation Of Macroautophagy (GO:0016239),-0.43814117151133825,-1.1219204507795841,0.24617737003058104,1.0,1.0,25/62,20.47%,GPSM1;TOM1;OPTN;AMBRA1;SNX4;SNX7;LARP1;CALCOCO2;ATG2A;SCOC;BNIP3L;SIRT1;WAC;SESN1;TSC2;UVRAG;PINK1;HSPB8;RNF31;HTT;MOAP1;SH3GLB1;TRIM13;SLC25A4;BNIP3
ARHGEF10,GO_Biological_Process_2023,prerank,Positive Regulation Of Protein Transport (GO:0051222),-0.43157866192150596,-1.1217724148323547,0.24279210925644917,1.0,1.0,30/70,24.67%,CD33;PCNT;ATP2C1;VAMP2;IGF1;SYTL4;B3GAT3;CD2AP;RIPOR1;PDCD10;CEP290;IL1A;EXPH5;ADAM8;TGFB2;CNST;TGFB3;ADAM9;FRMD4A;APBB3;CHP1;EXOC7;OAZ2;ANG;IER3IP1;PPID;CEP131;MYH10;ERGIC3;UNC13B
ARHGEF10,GO_Biological_Process_2023,prerank,Positive Regulation Of Striated Muscle Cell Differentiation (GO:0051155),0.4917541288144895,1.12002007576549,0.2669902912621359,1.0,1.0,10/25,14.62%,EDN1;MESP1;MYF6;MMP14;NIBAN2;ATP11A;RBM24;PROX1;TGFB1;EFNB2
ARHGEF10,GO_Biological_Process_2023,prerank,RNA 3'-End Processing (GO:0031123),-0.4928045842605176,-1.1198736282139206,0.2668759811616955,1.0,1.0,24/37,29.62%,CPSF6;PNPT1;HEXIM1;INTS7;ELAC1;TENT4B;INTS6;CSTF3;INTS8;INTS12;ELAC2;INTS2;TRNT1;NCBP2;LIN28A;NUDT21;TUT7;SSB;INTS9;RPRD1B;RPRD1A;LIN28B;TENT4A;NCBP1
ARHGEF10,GO_Biological_Process_2023,prerank,Regulation Of Dephosphorylation (GO:0035303),-0.5832776180374041,-1.119717202646217,0.3069306930693069,1.0,1.0,7/15,17.06%,MTMR4;MTMR9;SRC;SMG6;MTMR3;PPP1R16B;PPP1R17
ARHGEF10,GO_Biological_Process_2023,prerank,Monoatomic Cation Transport (GO:0006812),-0.46970894919011724,-1.1178178864185326,0.24873096446700507,1.0,1.0,14/42,19.66%,PANX3;PKD2L1;ANO1;SLC41A1;CNGB1;HCN4;CNGA4;GRIN2B;GRIN1;ATP1A2;PIEZO1;TRPM6;ANO10;LRP2
ARHGEF10,GO_Biological_Process_2023,prerank,Response To Cytokine (GO:0034097),-0.40310581910816373,-1.1175498749745536,0.21159420289855072,1.0,1.0,53/125,25.98%,XAF1;IL23R;CITED1;KHSRP;LEF1;PLSCR1;CD274;SPHK1;POU4F1;CASP8;FLT3;LGALS9;SMPD1;TIMP1;MME;SLC22A5;ALDH1A2;CD74;IL1R1;CALCOCO2;SP100;TRIM56;GCH1;SHFL;SRC;SNCA;STAT1;ADAM9;MAPKAPK3;PML;RELB;BCL2L1;IL6ST;FOXH1;ISG15;TIMP2;DDOST;HDAC4;NLRP12;PRKCA;BST2;NUB1;IGBP1;NFAT5;CASP3;IFITM3;IFITM2;SRF;IL6R;AKAP6;TAF9;IRAK3;IRAK2
ARHGEF10,GO_Biological_Process_2023,prerank,Fc-gamma Receptor Signaling Pathway (GO:0038094),-0.5158341489077928,-1.1168000803202065,0.3103448275862069,1.0,1.0,13/24,25.28%,PLPP4;HCK;MYO1G;SYK;YES1;SRC;LCK;FYN;PRKCD;PLD2;PLA2G6;PTK2;LYN
ARHGEF10,GO_Biological_Process_2023,prerank,Negative Regulation Of Extrinsic Apoptotic Signaling Pathway Via Death Domain Receptors (GO:1902042),0.5021053825236106,1.116310127021369,0.27427184466019416,1.0,1.0,8/23,15.18%,NOS3;BMP5;RFFL;PARK7;FAIM;TMBIM1;SERPINE1;HMOX1
ARHGEF10,GO_Biological_Process_2023,prerank,Positive Regulation Of Monooxygenase Activity (GO:0032770),0.4950235768129484,1.1162802360005672,0.2616136919315403,1.0,1.0,9/25,13.16%,CYP27B1;ATP7A;PIK3CB;HIF1A;AKT1;TERF2;SCARB1;PARK7;NOS1AP
ARHGEF10,GO_Biological_Process_2023,prerank,Regulation Of Response To External Stimulus (GO:0032101),-0.4056668102970193,-1.115636880905885,0.2352112676056338,1.0,1.0,37/125,18.84%,NLRP8;HCK;SEMA7A;ALOX15;GRK4;CD55;CASP8;DHX58;GP1BA;LETMD1;XCL1;NLRP1;P2RX4;NLRP2;NLRP14;F2;GUCY2F;AHSG;IL1R1;CX3CL1;GRK7;N4BP1;TNFSF4;ZMPSTE24;UFL1;XIAP;NLRP7;ELMOD2;RNF135;PTGES;AKNA;SETD6;ADAMTS12;EPHB2;AREL1;PIK3AP1;WNT5A
ARHGEF10,GO_Biological_Process_2023,prerank,Receptor Internalization (GO:0031623),-0.45602651134111694,-1.1155452506124,0.2631578947368421,1.0,1.0,17/51,16.12%,LILRB4;CEACAM1;ITGB2;RAMP1;AP2M1;GRK4;CALCRL;SYK;DNM1;ARRB1;CD81;RALA;DRD3;ADM;SNCA;RAMP3;NEDD4
ARHGEF10,GO_Biological_Process_2023,prerank,Positive Regulation Of CREB Transcription Factor Activity (GO:0032793),-0.5540492309363836,-1.1151715893194176,0.30594405594405594,1.0,1.0,5/17,14.78%,EPHA5;CRTC2;RPS6KA4;OPRD1;PRKD2
ARHGEF10,GO_Biological_Process_2023,prerank,Neutrophil Activation (GO:0042119),-0.5520734307975506,-1.11338330637386,0.31785714285714284,1.0,1.0,5/18,21.42%,SYK;IL15;PRKCD;PREX1;KMT2E
ARHGEF10,GO_Biological_Process_2023,prerank,Positive Regulation Of Phagocytosis (GO:0050766),0.4212495359845802,1.113256817402921,0.2641509433962264,1.0,1.0,8/60,9.98%,SPACA3;GATA2;APOA1;C3;TUB;FCN3;PYCARD;LYAR
ARHGEF10,GO_Biological_Process_2023,prerank,Leukocyte Tethering Or Rolling (GO:0050901),0.5315069991296105,1.1129710553397452,0.288135593220339,1.0,1.0,6/17,17.14%,MADCAM1;ITGA4;ITGB1;SPN;ROCK1;GOLPH3
ARHGEF10,GO_Biological_Process_2023,prerank,Lysosomal Lumen Acidification (GO:0007042),0.525825048454696,1.1127525193513121,0.2997601918465228,1.0,1.0,9/18,20.23%,TMEM199;TMEM9;ATP6V0C;ATP6V1A;GRN;ATP6AP2;ATP6V1F;ATP6V0B;CCDC115
ARHGEF10,GO_Biological_Process_2023,prerank,Bone Development (GO:0060348),0.43961652509347343,1.1125450992001957,0.25183374083129584,1.0,1.0,8/44,11.03%,MMP13;CYP26B1;LTF;SFRP4;PLS3;PPIB;TP53;FGFR2
ARHGEF10,GO_Biological_Process_2023,prerank,Skeletal System Morphogenesis (GO:0048705),0.4345455876129328,1.1122230279580456,0.26252983293556087,1.0,1.0,4/42,2.67%,MMP13;CYP26B1;LTF;SFRP4
ARHGEF10,GO_Biological_Process_2023,prerank,T Cell Differentiation (GO:0030217),0.42881034190283324,1.1111453690099673,0.24603174603174602,1.0,1.0,11/46,12.17%,MR1;RAG2;TCF7;JAG2;CD4;GPR89A;FOXP3;PIK3CD;LEP;PIK3R1;TGFB1
ARHGEF10,GO_Biological_Process_2023,prerank,Activation Of GTPase Activity (GO:0090630),-0.40906569180467534,-1.1105700069907338,0.257396449704142,1.0,1.0,38/99,24.30%,ARHGEF10;CXCL13;MTSS2;CORO1C;TBC1D10C;TBC1D25;RAP1GAP;TBC1D26;RALGAPA1;ARHGEF19;ARHGAP45;RALGAPB;AGAP9;FOXJ1;SIPA1L3;SGSM2;ARHGEF16;RHOG;RASGRF1;ARHGEF26;AGAP5;PIP5K1A;GARNL3;TBC1D9;DOCK7;SGSM3;NTRK3;TBC1D8B;TIAM1;ECT2;TBC1D17;ARHGAP42;USP6NL;AGAP1;RANGAP1;TBC1D22B;AGAP3;NGEF
ARHGEF10,GO_Biological_Process_2023,prerank,Development Of Primary Male Sexual Characteristics (GO:0046546),-0.4668743125588811,-1.1100049591957544,0.28365384615384615,1.0,1.0,15/45,19.66%,MSH2;LHCGR;INHBA;WNT4;FGF9;GATA3;TEX19;LHFPL2;WNT2B;ADAM29;TGFB2;KIT;AKR1B1;WNT5A;LRP2
ARHGEF10,GO_Biological_Process_2023,prerank,Negative Regulation Of Protein Kinase B Signaling (GO:0051898),-0.48559324559373834,-1.1099514862952886,0.30833333333333335,1.0,1.0,14/35,17.76%,HLA-G;DDIT3;PTEN;MAGI2;BANK1;PPP2R1A;PHLPP1;DRD3;SIRT1;CIB1;MUL1;SFRP5;PHLDA3;TSC2
ARHGEF10,GO_Biological_Process_2023,prerank,Regulation Of Cellular Response To Heat (GO:1900034),-0.568214756204449,-1.1098601335951475,0.3270547945205479,1.0,1.0,6/15,17.17%,MAPT;DNAJC2;EP300;SIRT1;GSK3B;DNAJB1
ARHGEF10,GO_Biological_Process_2023,prerank,Cytokine-Mediated Signaling Pathway (GO:0019221),-0.37667748708716653,-1.1098502573260591,0.19117647058823528,1.0,1.0,48/243,17.88%,LILRB4;CXCL13;IFNK;CEACAM1;PTPN6;IL23R;HCK;GREM2;PLP2;IL13RA1;CXCL2;CCL25;TRADD;CXCL1;CNTFR;STAT4;ZNF675;STAT5A;CNTF;FLT3;XCL1;SYK;RPS6KA4;CRLF2;P4HB;CARD14;CCL2;IL1R1;CX3CL1;IL1A;EBI3;TRAF5;NFKBIA;IL4R;IL15;IL2RB;SRC;CXCL12;CEBPA;SIRT1;IL34;ILK;IL11;STAT1;KIT;FOXO3;IL7;CSNK2B
ARHGEF10,GO_Biological_Process_2023,prerank,Glycerolipid Catabolic Process (GO:0046503),-0.548087370347532,-1.1098093017971133,0.3104,1.0,1.0,8/18,18.49%,PLA2G4D;ABHD6;PLA2G4A;PLA2G4B;ENPP6;GDPD3;ABHD2;SMPD4
ARHGEF10,GO_Biological_Process_2023,prerank,Embryonic Organ Morphogenesis (GO:0048562),0.4397311213660969,1.1090737859708324,0.24,1.0,1.0,14/43,21.94%,ALX1;TBX20;MESP1;EFEMP1;FGFR2;POLR2D;DSCAML1;MFAP2;PPP1R35;PDGFRA;HES1;FUZ;NIPBL;RARG
ARHGEF10,GO_Biological_Process_2023,prerank,Placenta Development (GO:0001890),-0.5233778896122735,-1.1088869339227325,0.3047138047138047,1.0,1.0,11/22,25.06%,CITED1;ESRRB;TEX19;PLAC1;CUL7;E2F8;PKD1;SOD1;ANG;PTK2;PDGFB
ARHGEF10,GO_Biological_Process_2023,prerank,Phagosome Maturation (GO:0090382),-0.5692642989134887,-1.1086206869204696,0.3225806451612903,1.0,1.0,9/15,23.51%,RAB20;SLC4A7;RAB32;RAB7A;RAB43;RAB38;RAB34;RAB31;PIKFYVE
ARHGEF10,GO_Biological_Process_2023,prerank,Response To Endoplasmic Reticulum Stress (GO:0034976),-0.4047976241615378,-1.1086014922286156,0.24592592592592594,1.0,1.0,50/113,24.28%,TMEM238L;TRIB3;ALOX15;DDIT3;ATF3;BAK1;EIF2B5;XBP1;P4HB;TMX1;UBXN6;ANKS4B;DNAJB12;MAP3K5;CEBPB;HYOU1;GORASP2;GSK3B;UFL1;RASGRF1;CFTR;SELENOS;BCL2L11;TMEM259;HSP90B1;BRSK2;SYVN1;MARCHF6;BAG6;OS9;SEC16A;PRKN;NCK1;ERO1A;PDIA6;SEL1L;FLOT1;ITPR1;HERPUD1;PPP1R15A;FICD;USP19;CREB3L1;ERP44;HSPA5;ERLEC1;TMCO1;RNF139;ERN1;ERN2
ARHGEF10,GO_Biological_Process_2023,prerank,Regulation Of B Cell Differentiation (GO:0045577),-0.5464597141969767,-1.1072254325246695,0.3130287648054145,1.0,1.0,4/19,8.05%,INHBA;INHA;XBP1;SYK
ARHGEF10,GO_Biological_Process_2023,prerank,"DNA Damage Response, Signal Transduction By P53 Class Mediator (GO:0030330)",0.45617934387247827,1.10690581078883,0.28316326530612246,1.0,1.0,11/36,14.28%,BATF;NDRG1;PIDD1;RPS6KA6;HIPK2;KAT5;TP53;MDM4;MUC1;TFAP4;RPS27L
ARHGEF10,GO_Biological_Process_2023,prerank,Regulation Of Postsynapse Organization (GO:0099175),-0.5157295180194955,-1.1065728385158426,0.3200663349917081,1.0,1.0,9/25,18.84%,NOL3;HOMER1;LZTS3;ABI3;EPHA4;LRRK2;CDK5;CDKL5;WNT5A
ARHGEF10,GO_Biological_Process_2023,prerank,Branching Involved In Ureteric Bud Morphogenesis (GO:0001658),-0.5475429814761872,-1.103935158456048,0.32125984251968503,1.0,1.0,3/18,13.28%,PAX2;CITED1;SIX1
ARHGEF10,GO_Biological_Process_2023,prerank,Sodium Ion Transmembrane Transport (GO:0035725),-0.4213654056250536,-1.1034717956760887,0.27692307692307694,1.0,1.0,28/82,21.12%,SLC9A9;PKD2L1;SCN2A;SLC8A2;SLC12A3;SLC9C2;SLC6A3;ASIC3;SLC6A15;SCN3B;SLC4A4;SCNN1B;SCNN1A;SCNN1G;SLC6A12;HCN4;SLC6A6;SLC9A5;ATP1A4;ATP1A2;SLC6A9;SLC9C1;ASIC1;KCNK1;SLC9A8;ATP1B3;TPCN2;SCN5A
ARHGEF10,GO_Biological_Process_2023,prerank,Positive Regulation Of Angiogenesis (GO:0045766),0.37033670121584356,1.102851334117278,0.20440251572327045,1.0,1.0,39/119,17.58%,GATA2;NOS3;CCR3;PIK3R6;CD40;KLF4;ITGB1;RAMP2;HIF1A;RLN2;AGO2;ITGA5;EPHA1;FUT1;PIK3CD;THBS1;MDK;HIPK2;RHOB;HYAL1;SMOC2;VEGFB;CTSH;PLCG1;SERPINE1;EMC10;ANGPTL4;HMOX1;GRN;PAK4;NODAL;CYP1B1;GARS1;HK2;PGF;PTGIS;BMPER;APELA;JUP
ARHGEF10,GO_Biological_Process_2023,prerank,I-kappaB kinase/NF-kappaB Signaling (GO:0007249),0.43372700592994656,1.1027521919721621,0.26861702127659576,1.0,1.0,17/45,17.82%,BIRC3;TLR2;TBKBP1;NFKBIL1;IKBKB;NFKB1;DAB2IP;TRIM8;IKBKG;IRAK1BP1;FAIM;TBK1;RELA;TRAF6;ROCK1;BIRC2;MAP3K14
ARHGEF10,GO_Biological_Process_2023,prerank,Autophagosome Organization (GO:1905037),0.40357610898302776,1.1023189827035362,0.23641304347826086,1.0,1.0,20/60,18.11%,RUFY4;MAP1LC3A;TP53INP2;DNAJC16;UBXN2A;VMP1;GABARAP;MAP1LC3B;ELAPOR1;EMC6;ULK2;ATG7;ATG16L1;ATG101;TP53INP1;PACS2;STX12;ATG14;WIPI1;WDR45
ARHGEF10,GO_Biological_Process_2023,prerank,Regulation Of Calcium Ion Import (GO:0090279),-0.5361457528935483,-1.1020059486484388,0.32892561983471075,1.0,1.0,7/20,18.12%,PLPP4;SEMG1;EGF;PLN;CCL2;CXCL12;WNK3
ARHGEF10,GO_Biological_Process_2023,prerank,Positive Regulation Of Protein Localization To Cell Periphery (GO:1904377),0.4258373463372999,1.1017071077890157,0.2845744680851064,1.0,1.0,21/51,16.27%,NKD2;GPER1;EPHA3;ATP2B4;ITGB1;SORBS1;ZDHHC5;RANGRF;EPB41;AKT1;EFCAB7;PRKCI;ITGA3;PIK3R1;STAC2;PRKCE;STX4;ARF6;SPTBN1;DLG1;EPB41L2
ARHGEF10,GO_Biological_Process_2023,prerank,Fc Receptor Mediated Stimulatory Signaling Pathway (GO:0002431),-0.5185434193851511,-1.1014824041419882,0.31155778894472363,1.0,1.0,12/22,25.28%,PLPP4;HCK;MYO1G;SYK;YES1;SRC;FYN;PRKCD;PLD2;PLA2G6;PTK2;LYN
ARHGEF10,GO_Biological_Process_2023,prerank,Peptidyl-Lysine Trimethylation (GO:0018023),0.55253202691962,1.1012842938025882,0.30917874396135264,1.0,1.0,7/15,14.17%,FAM86B1;VCPKMT;SETD4;ETFBKMT;FAM86B2;SETD3;KMT2A
ARHGEF10,GO_Biological_Process_2023,prerank,Cell Junction Assembly (GO:0034329),-0.4115348106454416,-1.1012740365990203,0.262015503875969,1.0,1.0,41/95,23.68%,FLRT3;PCDHB13;PCDHB14;GJA4;POU4F1;CDH7;PCDHB4;PTEN;PARD6B;GPM6A;TLN1;SLITRK1;PKP1;CLDN5;CAPZA1;PCDHB10;PLXND1;CDH10;CDK5;CDH22;BDNF;PKP3;CDH12;CDH4;CDH1;GRHL2;OPHN1;CDH15;CDH9;FSCN1;TRPV4;PCDHB2;ZDHHC2;KIRREL3;SDK2;FN1;CDC42;PCDHB9;CDHR3;FARP1;ARVCF
ARHGEF10,GO_Biological_Process_2023,prerank,Neutrophil Migration (GO:1990266),-0.4255155415393063,-1.1006615453241284,0.2981651376146789,1.0,1.0,13/75,14.11%,CXCL13;ITGB2;CXCL2;KLF5;CCL25;CXCL1;CD177;XCL1;SYK;CCL2;CX3CL1;EMP2;TGFB2
ARHGEF10,GO_Biological_Process_2023,prerank,Regulation Of Mitotic Cell Cycle Spindle Assembly Checkpoint (GO:0090266),0.5483543586720335,1.0989434487741587,0.3167082294264339,1.0,1.0,10/17,22.12%,PCID2;GEN1;AURKB;CDCA8;XRCC3;TPR;MAD2L1;CDK5RAP2;INCENP;BIRC5
ARHGEF10,GO_Biological_Process_2023,prerank,Mitotic Sister Chromatid Cohesion (GO:0007064),-0.5347614368854257,-1.098889622327348,0.3327702702702703,1.0,1.0,13/19,29.60%,RB1;HASPIN;DSCC1;SMC1A;ESCO2;STAG1;HDAC8;NPC1;NAA50;STAG2;RAD21;CDCA5;SMC3
ARHGEF10,GO_Biological_Process_2023,prerank,Positive Regulation Of Endocytosis (GO:0045807),0.3895969857784265,1.0984455074053414,0.23893805309734514,1.0,1.0,22/79,20.53%,SPACA3;VTN;GATA2;APOA1;C3;ABCA7;TUB;BICD1;F3;PYCARD;LYAR;SERPINE1;CLU;SGIP1;NLGN1;RAB21;CD151;TULP1;HNRNPK;TOR1A;VPS28;MERTK
ARHGEF10,GO_Biological_Process_2023,prerank,Vesicle Cytoskeletal Trafficking (GO:0099518),-0.4708642819044149,-1.0977862692078384,0.3177570093457944,1.0,1.0,17/39,23.98%,MYO1G;MYO1A;CDR2L;CCDC186;MYO6;SYT4;MYO5B;MYO15A;BICDL1;KIF5B;TRAK1;HTT;MYO1F;MYO1B;NDE1;BICDL2;MYO5A
ARHGEF10,GO_Biological_Process_2023,prerank,Regulation Of Autophagosome Assembly (GO:2000785),-0.46807852673133743,-1.0969743614142997,0.2984822934232715,1.0,1.0,13/39,19.72%,TMEM39A;EFNB1;SNX4;SNX7;LRRK2;SCFD1;MTMR3;EPHB2;PINK1;IFT88;RAB1B;MOAP1;SH3GLB1
ARHGEF10,GO_Biological_Process_2023,prerank,Regulation Of Inflammatory Response (GO:0050727),-0.37320948705489354,-1.09634477281079,0.2337317397078353,1.0,1.0,72/236,23.09%,NLRP8;ZP3;AGT;OTULIN;ENPP3;NR1H4;HCK;NLRC4;SEMA7A;ALOX15;RB1;TRADD;TLR3;GBA1;C1QTNF3;SPHK1;TRIM45;IL22RA1;LETMD1;AOAH;XCL1;NLRP1;GATA3;PLA2G2A;LCP1;NLRP2;NLRP14;VAMP2;AHSG;IL1R1;CX3CL1;DAGLA;NFKBIA;PTGER4;IL15;TNFSF4;CEBPA;NLRP10;UFL1;SNCA;NLRC3;XIAP;TNFAIP6;NLRP7;CD200R1;APOE;SELENOS;PTGES;PROC;AKNA;SETD6;ADAMTS12;TYRO3;FEM1A;AREL1;PIK3AP1;WNT5A;PDE2A;PLA2G7;PRKCD;MVK;TEK;MAPK13;DDT;AIM2;MACIR;CYLD;METRNL;AGER;NLRP12;CD200;MGST2
ARHGEF10,GO_Biological_Process_2023,prerank,Vesicle Cargo Loading (GO:0035459),0.4781998563451884,1.095885162502184,0.28690807799442897,1.0,1.0,8/25,21.80%,SEC31B;SEC24C;PICALM;MIA3;SEC24A;SEC23B;MIA2;RAB1A
ARHGEF10,GO_Biological_Process_2023,prerank,Response To UV (GO:0009411),-0.40889356926784726,-1.095822792558468,0.25625920471281294,1.0,1.0,7/100,8.30%,IVL;MSH2;DCUN1D3;EP300;BAK1;SDE2;SMPD1
ARHGEF10,GO_Biological_Process_2023,prerank,Negative Regulation Of Natural Killer Cell Mediated Cytotoxicity (GO:0045953),-0.5633385876450957,-1.0952709199375232,0.34488734835355284,1.0,1.0,3/16,7.67%,HLA-G;CEACAM1;LGALS9
ARHGEF10,GO_Biological_Process_2023,prerank,Tail-Anchored Membrane Protein Insertion Into ER Membrane (GO:0071816),0.5343452713684135,1.0951002881896608,0.34,1.0,1.0,12/16,22.28%,EMC9;GET1;GET3;EMC3;EMC6;EMC10;MMGT1;CAMLG;EMC7;EMC4;EMC1;SGTA
ARHGEF10,GO_Biological_Process_2023,prerank,Regulation Of Lipid Biosynthetic Process (GO:0046890),0.4632048370473471,1.0947889711232999,0.2942708333333333,1.0,1.0,11/28,11.20%,C3;AVIL;GPER1;SORBS1;MID1IP1;EIF6;SIRT4;RPTOR;FITM2;MLST8;CREB1
ARHGEF10,GO_Biological_Process_2023,prerank,Regulation Of Blood Vessel Endothelial Cell Migration (GO:0043535),0.4153669102941421,1.093646306400209,0.2868632707774799,1.0,1.0,15/53,12.47%,GATA2;NOS3;CD40;ATP2B4;RGCC;HIF1A;AKT3;NF1;THBS1;PRCP;AKT1;HMGB1;TGFB1;SH3BP1;PLCG1
ARHGEF10,GO_Biological_Process_2023,prerank,Negative Regulation Of Axonogenesis (GO:0050771),-0.5206298319323119,-1.0935166052802974,0.33728813559322035,1.0,1.0,9/22,19.50%,MCF2;PTEN;DCC;FGF13;GDI1;RTN4;LRP4;EFNB3;KIAA0319
ARHGEF10,GO_Biological_Process_2023,prerank,Amyloid Fibril Formation (GO:1990000),-0.515538981677115,-1.0926154440431606,0.3250825082508251,1.0,1.0,11/24,26.05%,MAPT;HNRNPA1;SERF1A;SIAH2;SNCA;FURIN;TARDBP;PRKN;GSN;USP9X;VHL
ARHGEF10,GO_Biological_Process_2023,prerank,Response To Light Stimulus (GO:0009416),0.40028455123348305,1.092500282281517,0.2640449438202247,1.0,1.0,19/58,20.75%,TNFSF13B;TRPM1;USF1;GTF2H2;UBE2B;MEN1;ERCC8;CCAR2;SPRTN;UBE2A;DDB2;SLC24A1;ZRANB3;MAP4K3;TRIM32;TP53I13;CRY2;MAPK10;MAP2K7
ARHGEF10,GO_Biological_Process_2023,prerank,Positive Regulation Of T Cell Cytokine Production (GO:0002726),-0.529673252747288,-1.0920780114285846,0.34375,1.0,1.0,6/21,13.14%,CD55;XCL1;DENND1B;IL1R1;CD81;TNFSF4
ARHGEF10,GO_Biological_Process_2023,prerank,Positive Regulation Of Leukocyte Activation (GO:0002696),0.5089527059715394,1.0919078083518974,0.3132530120481928,1.0,1.0,6/20,16.16%,SPACA3;THBS1;PLPP6;TSLP;NECTIN2;HSPD1
ARHGEF10,GO_Biological_Process_2023,prerank,Regulation Of Lipid Catabolic Process (GO:0050994),-0.5150421927274299,-1.091242298195679,0.3361629881154499,1.0,1.0,3/23,8.73%,APOC1;ALK;ANGPTL3
ARHGEF10,GO_Biological_Process_2023,prerank,Positive Regulation Of Cell Death (GO:0010942),-0.44918225148941027,-1.0901868506877992,0.2928,1.0,1.0,15/50,20.47%,ITGB2;MAPT;HBA1;HBZ;NTRK1;MAP3K5;GRIN2B;LRRK2;ITGAM;SLC6A6;SNCA;MARK4;FYN;WNT5A;BNIP3
ARHGEF10,GO_Biological_Process_2023,prerank,Regulation Of Stem Cell Proliferation (GO:0072091),-0.5557928664162239,-1.0896370263793824,0.35392320534223703,1.0,1.0,6/16,17.20%,KDF1;SOX11;HMGB2;KDM1A;EPCAM;GJA1
ARHGEF10,GO_Biological_Process_2023,prerank,Regulation Of Defense Response (GO:0031347),-0.412934961194492,-1.0888979382428394,0.27662721893491127,1.0,1.0,29/95,18.84%,NLRP8;HCK;SEMA7A;ALOX15;CASP8;DHX58;LETMD1;XCL1;NLRP1;NLRP2;NLRP14;AHSG;IL1R1;N4BP1;TNFSF4;ZMPSTE24;UFL1;XIAP;NLRP7;ELMOD2;APOE;RNF135;PTGES;AKNA;SETD6;ADAMTS12;AREL1;PIK3AP1;WNT5A
ARHGEF10,GO_Biological_Process_2023,prerank,Cardiac Muscle Tissue Morphogenesis (GO:0055008),0.45646540306973726,1.088773727135766,0.312,1.0,1.0,12/31,15.23%,MYH7;TBX20;S1PR1;TNNI3;MYL3;ZFPM1;FGFR2;PROX1;TGFB1;SMAD7;TPM1;TTN
ARHGEF10,GO_Biological_Process_2023,prerank,Regulation Of Gluconeogenesis (GO:0006111),-0.4858714825007481,-1.0866441812541956,0.3178036605657238,1.0,1.0,16/31,24.90%,CRY1;PPARGC1A;C1QTNF3;OGT;EP300;SIRT1;SELENOS;DGKQ;C1QTNF12;PDK2;DDB1;SOGA1;ZNF692;CLK2;USP7;SDHAF3
ARHGEF10,GO_Biological_Process_2023,prerank,Negative Regulation Of Cation Transmembrane Transport (GO:1904063),0.53698085715793,1.0861753649030856,0.35664335664335667,1.0,1.0,7/15,20.89%,EPO;CAB39;KCNE5;PPIF;KCNH2;MMP9;STK39
ARHGEF10,GO_Biological_Process_2023,prerank,Cellular Response To Mechanical Stimulus (GO:0071260),-0.4491217453573267,-1.0850515299988472,0.3212025316455696,1.0,1.0,20/48,24.21%,KCNK4;TLR3;CASP8;LTBR;BAK1;PTGER4;PIEZO1;CHEK1;HABP4;MAP2K4;MAP3K2;CASP2;PDE2A;BAD;BNIP3;CNN2;CASP8AP2;CRADD;MAPK8;IRF1
ARHGEF10,GO_Biological_Process_2023,prerank,Positive Regulation Of Alpha-Beta T Cell Proliferation (GO:0046641),-0.5516593233169861,-1.0846060372472617,0.3442340791738382,1.0,1.0,7/17,13.14%,CD55;XCL1;LGALS9;SYK;CD81;EBI3;TNFSF4
ARHGEF10,GO_Biological_Process_2023,prerank,Negative Regulation Of Ubiquitin-Protein Transferase Activity (GO:0051444),0.5217916208600966,1.0844248947472779,0.32116788321167883,1.0,1.0,9/17,21.45%,MAD2L2;PARK7;SMAD7;DTX3L;RPS7;RPL11;MAD2L1;RPL17;LIMK1
ARHGEF10,GO_Biological_Process_2023,prerank,Receptor-Mediated Endocytosis (GO:0006898),-0.39161694890157983,-1.0837076500562794,0.25806451612903225,1.0,1.0,47/122,21.97%,LILRB4;LRP1B;ITGB2;CLTA;RAMP1;EPS15;AP2M1;SCARF1;DAB2;GRK4;MRC1;CALCRL;SYK;MAGI2;DNM1;ITGAM;RABEPK;CD81;RALA;LRP6;ADRB2;ADM;SNCA;RAMP3;WASF1;ASGR1;APOE;NEDD4;DLL1;CTSL;AP1S1;DNAJC6;INSR;SCARB2;GRK2;LRP2;CD9;CLTB;HSPG2;TPCN2;SORL1;TFR2;ARHGAP27;LDLR;LMBRD1;IGF2R;RAB31
ARHGEF10,GO_Biological_Process_2023,prerank,Axon Development (GO:0061564),-0.4005140630458188,-1.0831925422164,0.2765957446808511,1.0,1.0,38/99,25.29%,PAX2;MAPT;SLITRK3;ANK3;SLITRK4;POU4F1;ATOH1;RTN4RL2;PARD6B;DCC;PARD3;SHTN1;BAIAP2;CRTAC1;NTNG2;SLITRK1;CDK5;RAB10;AFG3L2;RTN4;SPTBN4;NREP;AMIGO1;GAP43;EPHB2;DHFR;BRSK2;DOCK7;NTNG1;GPM6B;BHLHA15;SEMA5A;MAP1S;NMNAT2;ZPR1;NRCAM;ZDHHC17;SSNA1
ARHGEF10,GO_Biological_Process_2023,prerank,Selective Autophagy (GO:0061912),-0.42856109602240067,-1.0827989082463452,0.2980456026058632,1.0,1.0,23/58,19.82%,USP30;OGT;WDFY3;CALR;AMBRA1;ATM;RAB7A;SNX7;STK3;CALCOCO2;ARFIP2;ATG2A;SQSTM1;UFL1;RIMOC1;RETREG3;PINK1;KLHL3;ATG4D;RETREG1;ULK3;PRKN;TAFAZZIN
ARHGEF10,GO_Biological_Process_2023,prerank,Fibroblast Growth Factor Receptor Signaling Pathway (GO:0008543),-0.4692158833998004,-1.0821358096628668,0.32,1.0,1.0,11/39,22.20%,FLRT3;FRS3;FGF9;FGF16;FGF23;FLRT2;FGFR3;FRS2;FGFR4;FGF2;FGFR1
ARHGEF10,GO_Biological_Process_2023,prerank,Regulation Of BMP Signaling Pathway (GO:0030510),0.3871891435998454,1.081987313230118,0.2549019607843137,1.0,1.0,27/75,18.61%,SKOR1;SKOR2;TBX20;SOST;SFRP4;FSTL3;GDF5;RNF165;SCUBE3;FST;SMURF1;UBE2D3;HIPK2;ITGA3;VWC2L;SMAD7;SKIL;PPARG;CCNA2;TRIM33;SMAD2;TWSG1;BMPER;CRIM1;BMP4;FSTL4;GDF3
ARHGEF10,GO_Biological_Process_2023,prerank,Neuropeptide Signaling Pathway (GO:0007218),-0.4220817790938286,-1.0817754157369615,0.305993690851735,1.0,1.0,21/67,21.98%,PPY;MCHR1;SSTR3;MCHR2;OPRM1;SSTR1;RAPGEF2;ECEL1;PENK;NMUR1;OPRD1;HCRTR1;OPRK1;NPSR1;CPE;GLRA1;NMU;GALR1;SORL1;GAL;NXPH3
ARHGEF10,GO_Biological_Process_2023,prerank,Regulation Of Oxidative Stress-Induced Intrinsic Apoptotic Signaling Pathway (GO:1902175),-0.548065434436195,-1.080891528229153,0.3694581280788177,1.0,1.0,5/18,18.68%,NOL3;NME5;P4HB;SIRT1;SOD1
ARHGEF10,GO_Biological_Process_2023,prerank,Supramolecular Fiber Organization (GO:0097435),-0.3604397922247939,-1.0802992823975914,0.23404255319148937,1.0,1.0,93/315,21.21%,KIF2B;B4GALT7;KRT80;TMOD1;ELMO3;COL1A2;CORO1C;MAPT;COL27A1;SERPINB8;TPPP;CLIP2;LOXL1;HNRNPA1;XIRP2;TRDN;TPPP3;LOXL2;MYO1G;MYO1A;KRT10;SERF1A;COL11A1;VIM;NEFL;MYO6;CORO1A;MARCKS;GFAP;COL5A2;SERPINH1;DDR2;CNN1;ALDOA;P3H4;SIAH2;CD2AP;ADAMTS14;OPTC;CORO1B;TLE6;TLL2;EMP2;EVL;PGM5;MYL9;ADAMTS3;RND1;KASH5;FBLN5;MYO5B;RAC2;SNCA;TGFB2;MYO15A;EMILIN1;RHOG;CIB1;TNFAIP6;FURIN;FGF13;KATNAL2;KIF18B;CCDC13;SERPINF2;COL5A1;BMP1;SLAIN1;TARDBP;CCDC88C;COL14A1;RAC3;FYN;SHROOM4;HOOK3;SHROOM2;HDGFL3;TRPV4;PRSS8;CCDC88B;CRTAP;CHP1;MYO1F;PRKN;MYO1B;CARMIL1;CLIP3;KIF24;HOOK1;MARCKSL1;KLHL24;LOXL3;SH3D21
ARHGEF10,GO_Biological_Process_2023,prerank,Regulation Of JNK Cascade (GO:0046328),0.37218711417574235,1.079705840686892,0.2492753623188406,1.0,1.0,39/110,17.73%,WNT16;TNFRSF19;KLHL31;DUSP10;MAPK8IP2;PER1;DAB2IP;PRMT1;RIPK1;TAOK1;MFHAS1;RAP2A;HIPK2;PYCARD;FKTN;COPS5;MEN1;HMGB1;NOD2;PLCB1;EDA2R;MINK1;MAP3K10;MBIP;MAP4K2;TRAF1;MECOM;GADD45G;ZNF622;DUSP3;SDCBP;TRAF6;ITCH;TAOK2;MAPKBP1;NCOR1;GPS2;FGF19;MDFIC
ARHGEF10,GO_Biological_Process_2023,prerank,Vacuolar Acidification (GO:0007035),0.46098013317284425,1.0793388802254569,0.3193069306930693,1.0,1.0,12/29,20.23%,TMEM199;TMEM9;ATP6V0D1;ATP6V0C;ATP6V1A;GRN;ATP6AP2;ATP6V1F;ATP6V0A4;ATP6V0E1;ATP6V0B;CCDC115
ARHGEF10,GO_Biological_Process_2023,prerank,Negative Regulation Of T Cell Proliferation (GO:0042130),-0.46843587316179625,-1.0787896345133028,0.3277591973244147,1.0,1.0,7/36,11.67%,LILRB4;HLA-G;CD274;BTN2A2;PLA2G2A;LGALS9;CEBPB
ARHGEF10,GO_Biological_Process_2023,prerank,Regulation Of Protein Tyrosine Kinase Activity (GO:0061097),-0.4617631750451698,-1.0786105513483624,0.3300813008130081,1.0,1.0,10/38,17.60%,LILRB4;AGT;NOX4;EPHA4;DLG3;CASS4;DLG4;MVP;IL34;SHC1
ARHGEF10,GO_Biological_Process_2023,prerank,Homotypic Cell-Cell Adhesion (GO:0034109),-0.450838584653893,-1.0782069932872482,0.33279483037156704,1.0,1.0,20/46,28.35%,CDHR5;GP1BA;TLN1;STXBP3;MYL9;ILK;TYRO3;TJP2;METAP1;CXADR;XG;MYL12A;ACTG1;GNAS;PLPP3;RAP2B;MYH9;UBASH3B;MEGF11;CD99
ARHGEF10,GO_Biological_Process_2023,prerank,Regulation Of Heart Rate By Cardiac Conduction (GO:0086091),0.42928014420392174,1.0771780573836525,0.29945054945054944,1.0,1.0,10/40,11.05%,KCNA5;SCN2B;KCND3;KCNH6;HCN2;CACNA1G;HCN3;KCNE2;SCN1B;HCN1
ARHGEF10,GO_Biological_Process_2023,prerank,Water Transport (GO:0006833),-0.5340037783071884,-1.0770179308658674,0.3573825503355705,1.0,1.0,5/17,15.70%,AQP3;AVP;AQP5;AQP4;CFTR
ARHGEF10,GO_Biological_Process_2023,prerank,Regulation Of Nucleotide-Excision Repair (GO:2000819),0.4671728469579847,1.076618696113723,0.32116788321167883,1.0,1.0,12/26,15.28%,PHF10;SMARCB1;SMARCD1;BCL7A;SMARCA4;DPF1;RAD52;SMARCC1;ERCC8;BRD7;DPF2;ARID1A
ARHGEF10,GO_Biological_Process_2023,prerank,Positive Regulation Of T Cell Mediated Cytotoxicity (GO:0001916),-0.4731836993270253,-1.0764157396109357,0.34056761268781305,1.0,1.0,15/33,24.62%,HLA-G;RAET1E;IL23R;XCL1;SLC22A13;STX7;HFE;CD1D;PVR;HLA-DRA;HLA-DRB1;HLA-B;MICB;CYRIB;IL23A
ARHGEF10,GO_Biological_Process_2023,prerank,Fc-gamma Receptor Signaling Pathway Involved In Phagocytosis (GO:0038096),-0.5185569673417469,-1.0760202445971425,0.34966216216216217,1.0,1.0,12/20,25.28%,PLPP4;HCK;MYO1G;SYK;YES1;SRC;FYN;PRKCD;PLD2;PLA2G6;PTK2;LYN
ARHGEF10,GO_Biological_Process_2023,prerank,Negative Regulation Of Receptor-Mediated Endocytosis (GO:0048261),-0.49673373973884033,-1.075883328242105,0.3382352941176471,1.0,1.0,10/26,19.33%,APOC1;ITGAV;ANKRD13D;RIN3;NEU3;PCSK9;DLG4;ANXA2;ANKRD13A;LRPAP1
ARHGEF10,GO_Biological_Process_2023,prerank,Gliogenesis (GO:0042063),-0.4990760946976707,-1.0756518149962562,0.34121621621621623,1.0,1.0,11/24,23.38%,PAX2;NDUFS2;NCAN;NFIB;TGFB2;AZU1;BCAN;METTL14;CD9;HAPLN3;MMP24
ARHGEF10,GO_Biological_Process_2023,prerank,Negative Regulation Of Neuron Apoptotic Process (GO:0043524),-0.41433076347542225,-1.0755300608735752,0.303125,1.0,1.0,28/74,21.53%,MSH2;FZD9;CITED1;PPARGC1A;CNTFR;POU4F1;CNTF;NTRK1;NTRK2;CCL2;RASA1;CX3CL1;BDNF;SIX1;APOE;TGFB3;PTPRZ1;TYRO3;PINK1;LIG4;NGF;CPEB4;SOD1;RETREG1;PRKN;MEF2C;FOXB1;IL6ST
ARHGEF10,GO_Biological_Process_2023,prerank,Nuclear-Transcribed mRNA Catabolic Process (GO:0000956),-0.4100596995342422,-1.0747859481903819,0.300462249614792,1.0,1.0,39/85,24.58%,DXO;CNOT4;ZC3H12D;TENT2;TUT1;PELO;ERI1;ATM;CNOT8;CNOT6L;ZC3H12A;PNLDC1;CNOT11;CTIF;SMG6;EXOSC7;TENT4B;DCP1A;RC3H2;DCP1B;UPF1;PATL2;MAGOH;XRN1;SAMD4A;THRAP3;CNOT2;CNOT3;RC3H1;MTPAP;CNOT6;EXOSC10;NCBP2;RBM8A;EXOSC6;ZFP36;SMG1;TUT7;UPF2
ARHGEF10,GO_Biological_Process_2023,prerank,Monocarboxylic Acid Transport (GO:0015718),-0.4126281453729462,-1.0746817186182507,0.3022556390977444,1.0,1.0,24/71,21.27%,CEACAM1;FABP6;SLCO1A2;ABCC2;SLC10A6;FABP7;SLC16A5;SLC22A13;SLC6A12;SLC10A3;MFSD2A;SLC16A13;LYPLA1;SLC10A4;SLC16A8;KDM5A;SLC26A6;SLC16A2;SLC10A1;FABP5;ABCD3;SLC25A17;SLC51A;CRABP1
ARHGEF10,GO_Biological_Process_2023,prerank,Regulation Of Protein Kinase B Signaling (GO:0051896),-0.3848719402931557,-1.0742816723133974,0.29027576197387517,1.0,1.0,56/135,25.00%,HLA-G;EGF;CNTN1;DDIT3;PTEN;SPRY2;GATA3;P2RX4;F10;MAGI2;NTRK1;BANK1;IGF1;NTRK2;TNFAIP8L3;MYDGF;C1QBP;CX3CL1;PPP2R1A;PHLPP1;FAM110C;SRC;DRD3;RET;SIRT1;RAMP3;CIB1;CASS4;MUL1;MST1R;RTN4;SFRP5;PHLDA3;ENG;EGFR;IAPP;PIK3CA;TSC2;PINK1;INSR;LRP2;NTRK3;TEK;FGF2;AIM2;F7;AKR1C3;GAS6;FGFR1;LIN28A;SEMA5A;PTK2;ITGB1BP1;HPSE;MYORG;TXN
ARHGEF10,GO_Biological_Process_2023,prerank,Regulation Of Steroid Metabolic Process (GO:0019218),-0.5181823160239599,-1.0740193502706916,0.35751295336787564,1.0,1.0,8/21,19.81%,NR1H4;STUB1;UGT1A8;ACADL;APOE;DGKQ;ABCG1;FMO5
ARHGEF10,GO_Biological_Process_2023,prerank,Regulation Of Endothelial Cell Apoptotic Process (GO:2000351),0.41919251205539804,1.0738876783920812,0.2951653944020356,1.0,1.0,13/43,12.82%,GATA2;CD40;GPER1;ITGA4;RGCC;RAMP2;THBS1;PDCD4;PRKCI;MEN1;NDNF;PLCG1;SERPINE1
ARHGEF10,GO_Biological_Process_2023,prerank,"mRNA Cis Splicing, Via Spliceosome (GO:0045292)",-0.538129171576349,-1.0738317393902481,0.36610169491525424,1.0,1.0,10/17,25.16%,SDE2;WBP4;SRSF1;CLNS1A;SART1;RBM22;SNRNP200;NCBP2;PRPF39;PSIP1
ARHGEF10,GO_Biological_Process_2023,prerank,Macromolecule Catabolic Process (GO:0009057),0.3762201009517091,1.0730100914280203,0.27492447129909364,1.0,1.0,29/85,17.42%,MUS81;CTRL;DAB2IP;RNASEH1;RIPK1;DNASE1L1;RAB12;REXO4;ISG20;SMURF1;SIAH1;CASP7;RNF5;TGFB1;MTREX;TRIM24;TPP1;UCHL3;CAPN3;EXOSC4;LGMN;EXOSC8;SLC16A3;DENND3;UTP25;USE1;HNRNPD;EXOSC9;PPP1R8
ARHGEF10,GO_Biological_Process_2023,prerank,Regulation Of G1/S Transition Of Mitotic Cell Cycle (GO:2000045),0.3707333940643321,1.0722513821949822,0.26253687315634217,1.0,1.0,45/106,20.55%,CDKN2C;GFI1B;MYO16;KLF4;PLK5;FAM107A;RDX;LSM11;PHF10;PSME1;SMARCB1;CRLF3;RGCC;MNAT1;TMEM14B;FHL1;SMARCD1;BCL7A;RPTOR;SMARCA4;AKT1;UBE2E2;DPF1;HYAL1;PLCB1;SMARCC1;JADE1;RRM1;BRD7;DPF2;ARID1A;DLG1;EIF4G1;CENPJ;ACVR1;PRMT2;INO80;CCNH;APPL1;APLP2;LSM10;CDK2AP2;RBL1;PSME3;DDX3X
ARHGEF10,GO_Biological_Process_2023,prerank,Nitrogen Compound Transport (GO:0071705),-0.3712942903508921,-1.070987571574153,0.29583333333333334,1.0,1.0,53/162,21.30%,ARRDC4;SLC22A2;RD3;SLC22A3;SLC19A3;LRP1B;TOM1;SLC15A3;SLC13A5;DENND10;TCN1;RAMP1;SLC6A3;ARRDC2;HBA1;ABCC2;SLC15A2;CERT1;SLC6A15;CALCRL;SLC22A5;VAMP2;RALBP1;SLC26A4;CBLIF;RAB7A;SLC22A13;SLC6A12;SNX4;SNX7;SLC6A6;CEP290;SLC7A8;SLC7A3;RAMP3;KIF3A;RAB38;SLC13A3;SLC26A11;SLC26A8;SLC26A6;RHD;HIKESHI;HSP90B1;ARRDC3;SCARB2;SLC26A2;FLVCR1;LRP2;SLC29A3;SLC35F3;RACGAP1;SLC13A4
ARHGEF10,GO_Biological_Process_2023,prerank,Negative Regulation Of Cell-Matrix Adhesion (GO:0001953),-0.4785287429388733,-1.0709649195205428,0.3425324675324675,1.0,1.0,14/31,24.69%,CORO1C;PTEN;DYNLL1;CDKN2A;RASA1;PHLDB2;NF2;SRC;CASK;MAP4K4;DUSP22;JAG1;AJAP1;ITGB1BP1
ARHGEF10,GO_Biological_Process_2023,prerank,Neuron Development (GO:0048666),-0.3792789346263283,-1.0708161077464045,0.29285714285714287,1.0,1.0,51/149,20.85%,FLRT3;EPHA5;MICALL2;TBC1D24;NOVA2;MAPT;ALK;RB1;GBA1;CDNF;POU4F1;RP1;GPM6A;PALS1;RAPGEF2;XBP1;GPRIN1;THOC2;NTRK2;EHD1;RAB6B;NRTN;SH3GL2;GPRIN3;CDK5;BTG2;VAPA;CDK16;HS6ST1;GSK3B;TGFB2;GBA2;BICDL1;RASGRF1;APOE;WNK1;PBX4;NEDD4;ERCC6;CLN5;OPHN1;TENM3;WNT5A;RUNX1;HDGFL3;DOCK7;TENM2;FRYL;RAB6A;SNAPIN;MEF2C
ARHGEF10,GO_Biological_Process_2023,prerank,Spindle Assembly (GO:0051225),-0.41235264795530696,-1.0707420556087228,0.3105022831050228,1.0,1.0,26/80,21.81%,ARHGEF10;GOLGA8T;GOLGA6A;GOLGA8N;GOLGA6B;PIBF1;MAPRE3;HAUS5;HAUS1;SAC3D1;KASH5;OFD1;MAP9;CHEK2;LSM14A;KIF3B;WRAP73;CLASP1;TPX2;SMC1A;GOLGA8A;HAUS4;NEK7;STAG1;MZT1;CEP192
ARHGEF10,GO_Biological_Process_2023,prerank,Innate Immune Response-Activating Signaling Pathway (GO:0002758),-0.5447219947946033,-1.0700324791452827,0.36684303350970016,1.0,1.0,3/16,6.97%,HCK;NLRC4;NLRP1
ARHGEF10,GO_Biological_Process_2023,prerank,Epithelial To Mesenchymal Transition (GO:0001837),-0.4398763494447122,-1.0686558767925338,0.329153605015674,1.0,1.0,20/47,22.98%,WNT4;LEF1;TBX3;LOXL2;HEY2;IGF1;NOTCH1;SNAI2;CUL7;GSK3B;TGFB2;HEY1;NOTCH4;FAM83D;RBPJ;WNT5A;OLFM1;LOXL3;FGFR1;ROCK2
ARHGEF10,GO_Biological_Process_2023,prerank,Endosome Organization (GO:0007032),-0.43530832895693655,-1.0684869967961408,0.34231378763866877,1.0,1.0,23/52,22.52%,ANXA8;ALS2;CORO1C;PI4K2A;RNF26;EXOC8;DNM1;ATP6AP1;SQSTM1;TMCC1;PLEKHJ1;VPS18;LAMTOR1;ARFGEF2;PHETA1;HOOK3;SNX10;PI4K2B;PLEKHF2;HOOK1;WASHC4;PLEKHF1;EEA1
ARHGEF10,GO_Biological_Process_2023,prerank,"Regulation Of mRNA Splicing, Via Spliceosome (GO:0048024)",-0.4004000496950684,-1.0679680903569875,0.3189522342064715,1.0,1.0,41/90,26.54%,NOVA2;RBM11;RBM23;HNRNPA1;SRSF10;TRA2A;RBM7;RBM20;SRSF4;RBM39;CELF6;SRPK2;PCBP4;CLNS1A;SRPK1;SRRM1;SRSF3;KHDRBS2;CWC22;METTL16;TRA2B;FAM172A;MAGOH;RBM5;RBM25;SMU1;LARP7;THRAP3;RBMX;SAP18;SRSF6;JMJD6;RBM8A;FMR1;PRDX6;NCL;FXR1;NUP98;RBM47;CELF2;ZBTB7A
ARHGEF10,GO_Biological_Process_2023,prerank,Cellular Response To Hexose Stimulus (GO:0071331),-0.4922874596039134,-1.0679311318390499,0.3526570048309179,1.0,1.0,13/25,26.23%,PAX2;KCNB1;XBP1;SLC2A5;SLC39A14;SLC26A6;TRA2B;ZNF236;GAS6;LIN28A;ERN1;UNC13B;RACK1
ARHGEF10,GO_Biological_Process_2023,prerank,Retina Homeostasis (GO:0001895),0.43448879455152284,1.0670782139412145,0.33678756476683935,1.0,1.0,3/37,3.00%,LCN1;LTF;POTEJ
ARHGEF10,GO_Biological_Process_2023,prerank,T Cell Receptor Signaling Pathway (GO:0050852),-0.39624844421739175,-1.0668268385144062,0.3160377358490566,1.0,1.0,29/92,20.22%,BTN2A3P;NFKBID;TXK;BTN1A1;ERMAP;TRBC2;GATA3;BTN2A2;EIF2B5;PRAM1;BTNL2;DENND1B;GNAO1;ZC3H12A;HLA-DPA1;CD276;LCP2;BTK;LCK;BTNL9;PRKD2;WNK1;RC3H2;PIK3CA;FYN;RNF31;HLA-DRB1;PLCG2;EIF2B3
ARHGEF10,GO_Biological_Process_2023,prerank,Collagen Fibril Organization (GO:0030199),-0.4477642886788355,-1.0666564537090535,0.3712871287128713,1.0,1.0,17/42,17.12%,COL1A2;COL27A1;LOXL1;LOXL2;COL11A1;COL5A2;SERPINH1;DDR2;P3H4;OPTC;TLL2;ADAMTS3;TGFB2;SERPINF2;COL5A1;BMP1;COL14A1
ARHGEF10,GO_Biological_Process_2023,prerank,Plasma Membrane Repair (GO:0001778),-0.5224599234305847,-1.0662716445875196,0.3786407766990291,1.0,1.0,9/21,21.48%,TRIM72;CHMP5;SMPD1;SYTL4;VPS4A;CHMP4C;SYT11;SYT7;MYOF
ARHGEF10,GO_Biological_Process_2023,prerank,Negative Regulation Of Myeloid Cell Differentiation (GO:0045638),0.4829084657333964,1.0662443536431956,0.348780487804878,1.0,1.0,7/22,14.68%,MAFB;PF4;PRMT1;MEIS2;HSPA9;H4C9;CTR9
ARHGEF10,GO_Biological_Process_2023,prerank,Signal Transduction By P53 Class Mediator (GO:0072331),0.4501652315134334,1.0654567005766293,0.3389423076923077,1.0,1.0,8/33,11.31%,BATF;NDRG1;RRP8;FHIT;TP53BP2;TP53;PYCARD;MDM4
ARHGEF10,GO_Biological_Process_2023,prerank,Telomere Organization (GO:0032200),0.3972666842419894,1.064194949023392,0.30303030303030304,1.0,1.0,26/63,18.37%,PARP1;H3C1;DOT1L;INO80B;RAD51D;TFPT;ZNF365;TINF2;LTO1;YY1;ACTR8;CTC1;RAD50;TERF2;BLM;INSL6;ZNF827;UCHL5;PRKDC;H4C9;NFRKB;WRN;TERT;INO80;HUS1;MCRS1
ARHGEF10,GO_Biological_Process_2023,prerank,Positive Regulation Of T Cell Proliferation (GO:0042102),-0.42114827740919814,-1.0632120400221792,0.3424,1.0,1.0,18/64,21.53%,ZP3;IL23R;CD274;SYK;IGF1;HLA-DPA1;CD276;EBI3;IL15;TNFSF4;TNFRSF13C;CD1D;PPP3CA;CCDC88B;NCK1;CD24;AIF1;IL6ST
ARHGEF10,GO_Biological_Process_2023,prerank,Fatty Acid Biosynthetic Process (GO:0006633),-0.4181381728936781,-1.062809726069423,0.3301282051282051,1.0,1.0,22/65,22.34%,SCD5;FADS3;ELOVL3;CYP2C8;ALOX15;HSD17B8;XBP1;ELOVL2;LTC4S;LCP1;CYP2E1;ACSM3;ACSF3;ABHD2;HACD1;LIAS;OXSM;ABCD3;ELOVL5;SCD;ABHD3;ELOVL6
ARHGEF10,GO_Biological_Process_2023,prerank,Negative Regulation Of Mitotic Cell Cycle (GO:0045930),0.43810426670790176,1.0623411944919878,0.3300970873786408,1.0,1.0,12/33,21.32%,ZWINT;CHFR;RGCC;CTNNB1;TRIM35;BCL6;BRINP3;SCRIB;BMP4;MAD2L1;NME6;ZFP36L2
ARHGEF10,GO_Biological_Process_2023,prerank,Male Gonad Development (GO:0008584),-0.44798542079611625,-1.0622254533222408,0.3581847649918963,1.0,1.0,16/45,22.50%,MSH2;LHCGR;INHBA;WNT4;FGF9;GATA3;TEX19;WNT2B;ADAM29;TGFB2;KIT;AKR1B1;WNT5A;LRP2;AKR1C3;SOX8
ARHGEF10,GO_Biological_Process_2023,prerank,Metanephros Development (GO:0001656),-0.4912339588993261,-1.0620572684772505,0.381342062193126,1.0,1.0,6/25,18.04%,PAX2;CITED1;GDF6;SIX1;PKD1;OXSR1
ARHGEF10,GO_Biological_Process_2023,prerank,Protein O-linked Mannosylation (GO:0035269),-0.5431660114355815,-1.0606599344168677,0.3745583038869258,1.0,1.0,10/16,23.10%,POMGNT2;POMT1;DPM1;CRPPA;TMTC2;TMTC1;LARGE1;RXYLT1;DPM3;POMT2
ARHGEF10,GO_Biological_Process_2023,prerank,Regulation Of Response To Cytokine Stimulus (GO:0060759),0.5218488803372684,1.0605018297140298,0.3752969121140142,1.0,1.0,6/16,14.93%,KLF4;IFIH1;TLE5;PARP9;MAP2K5;RIGI
ARHGEF10,GO_Biological_Process_2023,prerank,Apical Junction Assembly (GO:0043297),0.3991446533633252,1.0601216773936375,0.32492997198879553,1.0,1.0,15/53,16.55%,PECAM1;CLDN22;CLDN9;CLDN23;CLDN6;RAMP2;SLC39A9;CLDN4;FRMPD2;TBCD;OCEL1;CLDN18;CLDN1;DLG1;FBF1
ARHGEF10,GO_Biological_Process_2023,prerank,Positive Regulation Of Collagen Metabolic Process (GO:0010714),-0.5420962421046651,-1.0593922565397218,0.41694915254237286,1.0,1.0,8/16,19.05%,WNT4;VSIR;VIM;LARP6;F2;TGFB3;SERPINF2;RUNX1
ARHGEF10,GO_Biological_Process_2023,prerank,Acylglycerol Catabolic Process (GO:0046464),-0.4957600465835265,-1.0589046028296276,0.3708609271523179,1.0,1.0,7/24,11.75%,PNPLA5;ABHD6;CPS1;LCP1;ABHD16A;PNPLA1;DAGLA
ARHGEF10,GO_Biological_Process_2023,prerank,Muscle Tissue Morphogenesis (GO:0060415),0.5073027609168781,1.0587066422047318,0.3626666666666667,1.0,1.0,7/17,18.57%,TBX20;MYL11;ZFPM1;PROX1;EFEMP2;TTN;BMP4
ARHGEF10,GO_Biological_Process_2023,prerank,Negative Regulation Of Amyloid-Beta Formation (GO:1902430),-0.5384060298733253,-1.0578163515646672,0.3798977853492334,1.0,1.0,8/16,20.97%,IGF1;NTRK2;RTN4;APOE;RTN3;CHRNA7;GGA3;SORL1
ARHGEF10,GO_Biological_Process_2023,prerank,Macromolecule Biosynthetic Process (GO:0009059),0.34023842011675853,1.0577610352208533,0.281786941580756,1.0,1.0,82/182,22.90%,EEF1G;ALAS1;RPL31;ASMT;EEF1B2;MRPS33;AGO2;RPS6KB2;MRPL43;TNIP1;FARSB;MRPL55;MRPL9;EIF5A;POLD2;RPLP2;MRPS16;RPS4Y1;RPL36;RPL13A;ALAS2;MRRF;MRPS11;COPS5;MRPS12;MRPL52;FAU;EXT2;RPL27A;RPS16;MRPL13;RPS4X;RPS7;MRPL28;RPL28;RPL11;DARS1;RPS21;MRPL34;MRPL37;EIF4G1;RPS3;TERT;RPL35;MRPS7;RPL18;MRPL41;MRPS18B;GOLPH3;RPLP0;RPS15;RPL34;RPL10;ST3GAL4;RPL9;SARS1;RPL18A;RPS24;RPLP1;SRBD1;MRPS18A;RPS5;MRPL27;MRPS17;RRBP1;RPS14;RPS28;YARS2;RPL17;RPS25;RPL23A;RPL12;RPS19;RPS27;MRPS21;MRPL12;FUT9;RPL8;RPL26;MRPL36;GTPBP1;MRPL18
ARHGEF10,GO_Biological_Process_2023,prerank,Innate Immune Response In Mucosa (GO:0002227),0.47818405353308147,1.0574865839800078,0.32460732984293195,1.0,1.0,4/20,12.67%,LTF;H2BC21;FAU;H2BC12
ARHGEF10,GO_Biological_Process_2023,prerank,Negative Regulation Of Protein Phosphorylation (GO:0001933),-0.37150433796655585,-1.05705328786206,0.3250728862973761,1.0,1.0,65/148,26.51%,CEACAM1;PTPN6;TRIB3;CORO1C;GNAQ;RB1;PDPK1;PTEN;SPRY2;PARD3;SFN;ENPP1;CALM2;RASSF2;CAMK2N2;ZC3H12A;LRRK2;SH3GL2;IBTK;LRP6;PRKRIP1;SNCA;MLXIPL;EMILIN1;PPM1E;CIB1;MVP;ENG;DGKQ;IMPACT;TARDBP;CALM1;EPHB2;TSC2;SMAD6;IGFBP3;CHP1;PRKCD;PRKN;NTRK3;NCK1;SNX25;GSKIP;SFRP2;AKT1S1;TARBP2;CAV3;NLRP12;NCK2;CRKL;QARS1;GSTP1;PLPP3;ITGB1BP1;LRP1;LYN;RTRAF;PAK2;PYDC1;CDKN1A;FKBP8;RACK1;SFRP1;MYADM;UBASH3B
ARHGEF10,GO_Biological_Process_2023,prerank,Myeloid Cell Activation Involved In Immune Response (GO:0002275),-0.528448076225464,-1.0567735999890464,0.37967914438502676,1.0,1.0,4/17,20.21%,ENPP3;SYK;DYSF;PLCG2
ARHGEF10,GO_Biological_Process_2023,prerank,Toll-Like Receptor 4 Signaling Pathway (GO:0034142),-0.5262380577620747,-1.0560184388496612,0.40418118466898956,1.0,1.0,7/17,22.43%,LY96;NR1H4;LGALS9;RAB11FIP2;SCIMP;PIK3AP1;TICAM2
ARHGEF10,GO_Biological_Process_2023,prerank,Regulation Of Release Of Sequestered Calcium Ion Into Cytosol (GO:0051279),-0.43328790148340696,-1.0556418071305886,0.34335443037974683,1.0,1.0,15/51,18.90%,CLIC2;PDPK1;NOS1;TRDN;XCL1;LIME1;JPH4;CALM2;F2;CX3CL1;SNCA;TRPC1;NPSR1;CALM1;HRC
ARHGEF10,GO_Biological_Process_2023,prerank,Platelet-Derived Growth Factor Receptor Signaling Pathway (GO:0048008),0.5263694486608664,1.0556272428012206,0.3694581280788177,1.0,1.0,6/15,22.37%,NELL1;PTPN1;PDGFRA;PTPRJ;FER;PIK3C2A
ARHGEF10,GO_Biological_Process_2023,prerank,Regulation Of Fatty Acid Biosynthetic Process (GO:0042304),-0.481392609193977,-1.0551838555627808,0.3880597014925373,1.0,1.0,8/26,19.92%,CEACAM1;TRIB3;APOC1;WDTC1;MLXIPL;ERLIN2;KAT2B;ELOVL5
ARHGEF10,GO_Biological_Process_2023,prerank,Blood Vessel Endothelial Cell Migration (GO:0043534),0.48318817969337025,1.0544730192242369,0.36253041362530414,1.0,1.0,9/22,22.63%,NELL1;AKT1;ROBO1;ID1;EFNB2;MIA3;KDR;SLIT2;VEGFA
ARHGEF10,GO_Biological_Process_2023,prerank,Iron Ion Transport (GO:0006826),0.46401958100454854,1.0542503932488028,0.3075060532687651,1.0,1.0,11/24,16.64%,LTF;HEPHL1;CP;F3;TFRC;TTYH1;CLTC;DNM2;FTH1;MELTF;ARHGAP1
ARHGEF10,GO_Biological_Process_2023,prerank,Monoatomic Ion Transport (GO:0006811),-0.3880223140780161,-1.0540531133904318,0.3333333333333333,1.0,1.0,35/106,19.98%,PANX3;SLC9A9;PKD2L1;SLC15A3;SLC24A5;SLC5A5;SLC8A2;PLP2;SLC12A3;SLC15A2;CNGB1;SLC26A9;SLC17A8;SLC26A4;HCN4;GRIN1;SLC20A2;SLC9A5;SLC1A3;ATP1A4;CTNS;VDAC2;SLC17A6;PIEZO1;WNK1;SLC26A11;SLC26A3;SLC26A6;SLC25A26;CHRNA4;GLRA1;ANO10;SLC9A8;SLC4A2;CHRNA7
ARHGEF10,GO_Biological_Process_2023,prerank,Epithelial Cilium Movement Involved In Extracellular Fluid Movement (GO:0003351),-0.5145984221486414,-1.0538083089315773,0.3873239436619718,1.0,1.0,9/19,17.58%,CCDC103;CFAP53;DNAAF1;SPAG6;AQP4;SPAG17;OFD1;SPA17;SPEF2
ARHGEF10,GO_Biological_Process_2023,prerank,Ribosome Assembly (GO:0042255),0.41003265439273734,1.0534386373219065,0.36585365853658536,1.0,1.0,32/48,24.31%,DHX29;EIF6;MDN1;MRPS11;NLE1;EIF2S1;DHX37;RPS27L;RPL11;MRPS7;RPLP0;RRP7A;RPS15;RPL10;TRAF7;EFNA1;RPS5;RPS14;RPS28;RPL23A;DDX3X;MTERF4;RPS19;RPS27;NOP53;MRPS2;RPL5;NOA1;SBDS;RPSA;MPV17L2;MRPL20
ARHGEF10,GO_Biological_Process_2023,prerank,Cardiac Muscle Contraction (GO:0060048),0.4469710477742981,1.0533723395307586,0.36813186813186816,1.0,1.0,4/33,3.81%,MYH7;SCN2B;TNNI3;MYL3
ARHGEF10,GO_Biological_Process_2023,prerank,Phosphatidic Acid Biosynthetic Process (GO:0006654),-0.47547045066815913,-1.0529446330093133,0.38316151202749144,1.0,1.0,13/29,21.58%,MBOAT2;DGKG;AGPAT2;AGPAT3;AGPAT5;GPAM;ACP6;LCLAT1;LIPI;DGKQ;DGKH;LPCAT1;PLD2
ARHGEF10,GO_Biological_Process_2023,prerank,Regulation Of Mitochondrion Organization (GO:0010821),-0.43127962110269663,-1.052647908693263,0.35855263157894735,1.0,1.0,19/50,20.36%,MAPT;PPARGC1A;STOX1;EP300;MFF;LRRK2;MARCHF5;PLSCR3;SQSTM1;PRMT6;GSK3B;MUL1;IAPP;FIS1;PINK1;PDE2A;PRKN;CSNK2A2;FBXW7
ARHGEF10,GO_Biological_Process_2023,prerank,Regulation Of Cell Growth (GO:0001558),0.3322537790195266,1.0525063030803323,0.24313725490196078,1.0,1.0,71/227,17.36%,CDKN2C;HNF4A;H3-5;CYP27B1;MAD2L2;CSNK2A3;DACT3;ADAM10;FAM107A;FRZB;SGK1;TNC;DNAJB2;SGK2;LAMTOR2;CRLF3;PPP1R9B;CEP43;CDA;FHL1;TEAD1;BCL6;ARMC12;TP53TG5;ESR2;MMP14;ST20;TMEM97;SLIT1;SPHK2;RPTOR;SMARCA4;N6AMT1;TP53;AKT1;TFRC;FLCN;NPR1;MLST8;HYAL1;TSPYL2;ST7L;LTBP4;TGFB1;NAIF1;IL17RB;SPOCK1;RNF2;JADE1;SLC25A33;MELTF;DDX49;CCAR2;MTPN;OGFR;BCL2;EXOSC4;SH3BP4;PAK4;HSPA1A;EIF4G1;SDCBP;TGFBR1;ITCH;TAOK2;CGRRF1;GNG4;JADE3;INO80;EXOSC9;TCHP
ARHGEF10,GO_Biological_Process_2023,prerank,Immune Response-Activating Cell Surface Receptor Signaling Pathway (GO:0002429),-0.5073934017882451,-1.052167171797389,0.39297658862876256,1.0,1.0,5/22,16.14%,FPR1;C3AR1;SLA2;C5AR1;SPG21
ARHGEF10,GO_Biological_Process_2023,prerank,Negative Regulation Of Cellular Biosynthetic Process (GO:0031327),-0.3738655012618843,-1.0520403557626754,0.34576757532281205,1.0,1.0,57/137,26.23%,CRY1;CEACAM1;TRIB3;APOC1;WNT4;KHSRP;C1QTNF3;EP300;BMPR2;RAPGEF2;NANOS3;CALR;EPHA4;ZAR1L;WDTC1;ZC3H12A;CPEB3;DKKL1;NHLRC3;LARP1;GLA;SNAI2;BTG2;TRIM3;TYMS;OPN3;SIRT1;ACADL;C1QTNF12;ACMSD;FYN;ERLIN2;DHFR;CSNK2A1;LSM14A;PATL2;PAIP2B;SOGA1;FBXW7;PRMT3;AKR1C3;IFRD2;ROCK2;LIN28A;CLK2;FMR1;RNF139;USP7;DDX6;PDGFB;NCL;ILF3;IGFBP5;FXR1;EIF4E2;CDKN1A;RACK1
ARHGEF10,GO_Biological_Process_2023,prerank,Cellular Response To Cadmium Ion (GO:0071276),0.47243230925420154,1.0520024539797668,0.37142857142857144,1.0,1.0,9/22,22.38%,JUN;AKT1;DAXX;MAPK9;MT1F;MAPK1;HSF1;MMP9;MT1H
ARHGEF10,GO_Biological_Process_2023,prerank,"Mitochondrial Electron Transport, Cytochrome C To Oxygen (GO:0006123)",0.531553196385023,1.0519585725324365,0.37185929648241206,1.0,1.0,3/15,7.66%,COX4I2;COX6A2;COX7C
ARHGEF10,GO_Biological_Process_2023,prerank,Regulation Of Collagen Biosynthetic Process (GO:0032965),-0.5261645798361245,-1.051509929596815,0.3969335604770017,1.0,1.0,8/18,19.05%,WNT4;VIM;LARP6;F2;EMILIN1;TGFB3;SERPINF2;RUNX1
ARHGEF10,GO_Biological_Process_2023,prerank,Diterpenoid Metabolic Process (GO:0016101),-0.4783424370666143,-1.0512541717978745,0.3500837520938023,1.0,1.0,13/28,25.90%,PECR;RDH10;ALDH3A2;ALDH1A1;AKR1B1;RDH12;CYP4V2;LRP2;AKR1C3;RDH11;E2F1;LRP1;RARRES2
ARHGEF10,GO_Biological_Process_2023,prerank,Peptide Antigen Assembly With MHC Protein Complex (GO:0002501),-0.5399152823500152,-1.0508993127554362,0.39622641509433965,1.0,1.0,7/16,19.33%,TAPBP;TAPBPL;CALR;GNAO1;HLA-DPA1;HLA-DRA;HLA-DRB1
ARHGEF10,GO_Biological_Process_2023,prerank,Regulation Of Vascular Endothelial Growth Factor Receptor Signaling Pathway (GO:0030947),0.47301111854841116,1.050626144941212,0.3629976580796253,1.0,1.0,10/22,17.37%,VTN;NELL1;PTPN1;HIF1A;DAB2IP;ITGA5;NIBAN2;EPN2;CADM4;HGS
ARHGEF10,GO_Biological_Process_2023,prerank,Regulation Of RNA Splicing (GO:0043484),-0.38668877926458584,-1.0492756404155437,0.34498480243161095,1.0,1.0,52/101,26.44%,AHNAK;BRDT;RBM23;HNRNPA1;SRSF10;RBM20;ILDR2;RBM39;METTL4;HNRNPH1;SGF29;SRPK2;AKAP17A;SRSF1;SRPK1;ESRP2;HABP4;SRRM1;ESRP1;MBNL3;SNRNP70;TAF10;RBM12;SRSF3;CWC22;METTL16;TRA2B;KAT2B;RBM22;TADA2B;HNRNPH3;HNRNPF;RBM12B;LARP7;RPS13;DYRK1A;ATXN7L3;JMJD6;CLK2;ERN1;POLR2A;TADA3;SLC38A2;PRDX6;ZPR1;CCNL2;TAF9;RPS26;ZNF326;MBNL2;RRP1B;CLK1
ARHGEF10,GO_Biological_Process_2023,prerank,Regulation Of Epithelial Cell Differentiation (GO:0030856),-0.5233530824200445,-1.048397782099728,0.3924914675767918,1.0,1.0,7/18,20.74%,CEACAM1;DSPP;GATA3;CEBPB;DLL1;OXSR1;CD24
ARHGEF10,GO_Biological_Process_2023,prerank,Phosphatidylinositol Metabolic Process (GO:0046488),-0.414513708955167,-1.0477274203395417,0.34514637904468415,1.0,1.0,22/63,21.09%,BMX;INPP4B;PLA2G4D;MTMR4;PTEN;PI4K2A;TPTE2;PGAP1;MTMR7;PIGW;LCLAT1;PITPNM2;MTMR3;CDS1;PIP5K1A;IMPA1;PGAP3;PI4K2B;PMPCA;MTMR14;PLCG2;FGF2
ARHGEF10,GO_Biological_Process_2023,prerank,Glial Cell Differentiation (GO:0010001),-0.45440081006729494,-1.0476672600361565,0.36918138041733545,1.0,1.0,16/34,23.38%,PAX2;TPPP;EIF2B5;NCAN;MYRF;NFIB;CDK5;PTPRZ1;SOX10;ADGRG6;BCAN;SOX2;HAPLN3;GPC1;SOX8;MMP24
ARHGEF10,GO_Biological_Process_2023,prerank,Stem Cell Development (GO:0048864),-0.5434750968828691,-1.047387996546517,0.38581314878892736,1.0,1.0,7/15,28.79%,KBTBD8;SNAI2;FAM172A;SOX8;KLHL12;NRG1;NOLC1
ARHGEF10,GO_Biological_Process_2023,prerank,Regulation Of Keratinocyte Proliferation (GO:0010837),0.4651600137055043,1.0473149241376274,0.34760705289672544,1.0,1.0,6/24,15.02%,CYP27B1;TGM1;EPB41L4B;MDK;FGFR2;STXBP4
ARHGEF10,GO_Biological_Process_2023,prerank,Motile Cilium Assembly (GO:0044458),-0.5228534964713811,-1.0471996485628856,0.39676840215439857,1.0,1.0,9/17,24.84%,DYNLL1;BBOF1;DNAAF1;SPATA6;SPAG17;E2F4;RSPH9;CCDC40;CCDC39
ARHGEF10,GO_Biological_Process_2023,prerank,Protein Modification By Small Protein Removal (GO:0070646),0.36395589889851643,1.046267887233629,0.34662576687116564,1.0,1.0,33/98,16.67%,USP33;SENP1;OTUD7B;USP35;USP45;COPS7A;USP46;OTUD4;OTUD6B;COPS5;STAMBP;USP14;USP11;USP36;USP24;USP31;USP50;SENP8;COPS6;COPS8;JOSD1;RNF2;UCHL5;USPL1;USP27X;UCHL3;USP49;USP13;OTULINL;USP42;USP8;USP4;USP2
ARHGEF10,GO_Biological_Process_2023,prerank,Defense Response To Gram-positive Bacterium (GO:0050830),0.36617088129275344,1.0462477172850677,0.3103448275862069,1.0,1.0,14/81,12.67%,GBP4;PGLYRP1;TLR2;MR1;FGR;RNASE1;CHGA;DROSHA;PPP1R11;H2BC21;HLA-E;IL18;FAU;H2BC12
ARHGEF10,GO_Biological_Process_2023,prerank,Actin Filament-Based Transport (GO:0099515),-0.5127148985947039,-1.0459985939242793,0.40229885057471265,1.0,1.0,10/20,23.98%,MYO1G;MYO1A;MYO6;MYO5B;MYO15A;SYNE2;MYO1F;MYO1B;SUN2;MYO5A
ARHGEF10,GO_Biological_Process_2023,prerank,Positive Regulation Of Establishment Of Protein Localization (GO:1904951),0.49239756561795484,1.0456378001388502,0.3793911007025761,1.0,1.0,7/18,19.82%,CCT7;CEP295;PTP4A3;CORO2B;CENPJ;CEP120;CCT5
ARHGEF10,GO_Biological_Process_2023,prerank,Endomembrane System Organization (GO:0010256),-0.36387506371083317,-1.0454696552523284,0.3333333333333333,1.0,1.0,73/193,23.87%,ANXA8;SPTBN5;RNF112;ALS2;CSNK1A1;GOLGA8T;ANK3;OPTN;SRGN;TRAPPC11;ZNF501;GOLGA6A;SYNGR1;GOLGA8N;PI4K2A;RNF26;EXOC8;GOLGA6B;OBSL1;GOLGB1;ZFP69B;DNM1;RAB6B;BNIP1;LRRK2;TRIP11;RAB43;VPS4A;GORASP2;VAPA;COG3;SEC61A1;SQSTM1;CUL7;GOLGA5;LMNA;TMCC1;MAPK15;PLEKHJ1;NSFL1C;VPS18;LAMTOR1;ARFGEF2;TMED1;PHETA1;RAB1B;HOOK3;SMPD4;SNX10;CLASP1;HTT;COG4;GOLGA8A;PI4K2B;RAB2A;SEC16A;RAB30;SURF4;PLEKHF2;HOOK1;WASHC4;TMED3;PLEKHF1;USP6NL;NUP155;CDC42;SEC23IP;CAV3;TOR1B;RAB2B;JAGN1;BLZF1;SYNGR2
ARHGEF10,GO_Biological_Process_2023,prerank,Positive Regulation Of Proteolysis (GO:0045862),-0.4202221743021397,-1.0446807648034573,0.37209302325581395,1.0,1.0,23/59,21.06%,CTSS;NLRC4;GBA1;OGT;CASP8;ASPH;BAK1;STUB1;SH3D19;ZC3H12A;BTRC;FURIN;APOE;CTSK;ADAM9;CTSL;PINK1;FGFR4;PERP;MAPK12;BAD;PACSIN3;CLN6
ARHGEF10,GO_Biological_Process_2023,prerank,Protein Deubiquitination (GO:0016579),0.3607186775754993,1.0445685740557888,0.3303303303303303,1.0,1.0,35/96,17.00%,OTUD6A;USP33;OTUD7B;USP35;USP45;ENY2;USP46;OTUD4;OTUD6B;ABRAXAS2;COPS5;STAMBP;USP14;USP11;USP36;USP24;USP31;USP50;SENP8;SPATA2;BABAM1;JOSD1;RNF2;UCHL5;USP27X;UCHL3;USP49;USP13;OTULINL;USP42;USP8;USP4;USP2;MINDY2;BABAM2
ARHGEF10,GO_Biological_Process_2023,prerank,Excitatory Postsynaptic Potential (GO:0060079),0.5030268001350605,1.044413964384746,0.40046838407494145,1.0,1.0,5/18,8.13%,NPAS4;NPFF;ARRB2;MAPK8IP2;CHRNA3
ARHGEF10,GO_Biological_Process_2023,prerank,Cardiac Conduction (GO:0061337),0.40691851039789,1.0441345530796502,0.3687150837988827,1.0,1.0,10/45,11.05%,KCNA5;SCN2B;KCND3;KCNH6;HCN2;CACNA1G;HCN3;KCNE2;SCN1B;HCN1
ARHGEF10,GO_Biological_Process_2023,prerank,Positive Regulation Of Protein Kinase Activity (GO:0045860),-0.37501316919527206,-1.0434637478825595,0.34,1.0,1.0,60/144,26.16%,AGT;MMD2;NOX4;ALS2;IL23R;SLC8A2;CALCA;STOX1;CENPE;RAPGEF2;STK11;STRADA;TELO2;CALM2;RASSF2;EPHA4;DDR2;MAPRE3;MAP3K5;PDCD10;LRRK2;XRCC5;ADRB2;EMP2;SRC;LCP2;DLG3;SNCA;TGFB2;CIB1;CASS4;DLG4;IL34;AZU1;CLSPN;CAB39L;JTB;CAMK1;CALM1;INSR;TPX2;PRKCD;ECT2;TAB2;TGFBR2;GAS6;TOM1L1;EZH2;TRAF4;MAP2K1;PTK2;CAMKK1;IL23A;TCL1A;IL6R;PDGFB;PIH1D1;KIF14;GPRC5B;CDKN1A
ARHGEF10,GO_Biological_Process_2023,prerank,Protein O-linked Glycosylation (GO:0006493),-0.3895172246576328,-1.0427949803463399,0.37613293051359514,1.0,1.0,46/93,26.87%,B3GNT9;B3GNT3;B3GALT2;TET2;OGT;POMGNT2;B3GNT4;POGLUT3;POMT1;CHST4;GALNT18;GALNT7;POGLUT2;DPM1;GALNT9;XXYLT1;CRPPA;GCNT1;GALNT13;TMTC2;TMTC1;TRAK1;GALNTL6;B3GALT5;GALNT11;C1GALT1C1;B4GAT1;GXYLT1;LARGE1;ST8SIA6;RXYLT1;B4GALT5;PLOD1;B3GALT4;DPM3;POMT2;GCNT4;B3GALNT2;B3GNT5;B3GALNT1;ST3GAL1;POMK;GALNT12;GALNT8;POMGNT1;ST6GAL1
ARHGEF10,GO_Biological_Process_2023,prerank,Cellular Response To Corticosteroid Stimulus (GO:0071384),0.5035613161069866,1.0423895004619932,0.3910891089108911,1.0,1.0,6/15,23.00%,FAM107A;GPER1;UBE2L3;REST;ZFP36L2;HNRNPU
ARHGEF10,GO_Biological_Process_2023,prerank,"G Protein-Coupled Receptor Signaling Pathway, Coupled To Cyclic Nucleotide Second Messenger (GO:0007187)",-0.42753610462527475,-1.0421549991915262,0.3964968152866242,1.0,1.0,16/50,17.09%,LHCGR;PTGIR;AGT;HTR1B;OPRM1;MC5R;CALCRL;HTR1F;OPRD1;CNR1;CCL2;VIPR1;HTR2B;HTR1E;TSHR;HRH2
ARHGEF10,GO_Biological_Process_2023,prerank,Negative Regulation Of Viral-Induced Cytoplasmic Pattern Recognition Receptor Signaling Pathway (GO:0039532),-0.5278789614834134,-1.0396250562146097,0.4191304347826087,1.0,1.0,3/16,13.04%,RAB7B;DHX58;GRAMD4
ARHGEF10,GO_Biological_Process_2023,prerank,Positive Regulation Of Nitric Oxide Metabolic Process (GO:1904407),0.45229551918579963,1.0392412130409527,0.37772397094430993,1.0,1.0,7/28,15.09%,EDN1;KLF4;DDAH1;AKT1;NOS1AP;CLU;HSP90AB1
ARHGEF10,GO_Biological_Process_2023,prerank,Dopamine Metabolic Process (GO:0042417),0.4887584725208284,1.039117215874673,0.37398373983739835,1.0,1.0,3/17,5.61%,TH;ATP7A;MAOB
ARHGEF10,GO_Biological_Process_2023,prerank,Epithelial Cell Development (GO:0002064),-0.5195603150151301,-1.0384851096483645,0.40268456375838924,1.0,1.0,7/18,16.34%,RILPL2;TMEM79;CLDN3;DACT2;EXPH5;SIPA1L3;GRHL2
ARHGEF10,GO_Biological_Process_2023,prerank,piRNA Processing (GO:0034587),-0.495964390623968,-1.0379034821564779,0.39792387543252594,1.0,1.0,8/19,24.57%,TDRD1;TDRD12;PIWIL4;PNLDC1;TDRKH;HENMT1;EXD1;PLD6
ARHGEF10,GO_Biological_Process_2023,prerank,Mononuclear Cell Differentiation (GO:1903131),-0.4809960270869435,-1.0376889359417094,0.40362438220757824,1.0,1.0,9/24,27.27%,FLT3;IFI16;IRF8;PDE1B;RELB;GAS6;LYN;MYH9;THOC5
ARHGEF10,GO_Biological_Process_2023,prerank,Positive Regulation Of Heart Rate (GO:0010460),0.49949222907522833,1.0369339914064546,0.39086294416243655,1.0,1.0,3/17,2.96%,ADRB1;EDN1;NPPA
ARHGEF10,GO_Biological_Process_2023,prerank,Negative Regulation Of Cellular Senescence (GO:2000773),-0.5285043945722847,-1.035571553981323,0.4098639455782313,1.0,1.0,6/17,13.86%,PTEN;FBXO5;MAP3K3;FZR1;AMH;SIRT1
ARHGEF10,GO_Biological_Process_2023,prerank,Reverse Cholesterol Transport (GO:0043691),0.5023387333923353,1.0350866807756023,0.4039408866995074,1.0,1.0,4/16,14.41%,APOA1;LCAT;SCARB1;CLU
ARHGEF10,GO_Biological_Process_2023,prerank,Negative Regulation Of Immune Effector Process (GO:0002698),-0.5306486402305906,-1.034876397123016,0.42203389830508475,1.0,1.0,5/15,23.28%,ENPP3;CD55;CD300A;RC3H1;HAVCR2
ARHGEF10,GO_Biological_Process_2023,prerank,Regulation Of Amide Metabolic Process (GO:0034248),-0.44616312188462287,-1.034861152138159,0.40418679549114334,1.0,1.0,28/41,29.15%,NR1H4;PGAM1;ELP2;NANOS3;ELP4;ELP3;GEMIN5;PKP3;MSI1;ELP6;CYFIP1;FOXO3;GCN1;METAP1;METTL18;PRKCD;ELP1;DDX25;TIGAR;ATXN2;DUS3L;EIF4E;PUM3;SAMD8;NOLC1;MAPKAPK5;RBM3;TMED10
ARHGEF10,GO_Biological_Process_2023,prerank,Vasculogenesis (GO:0001570),0.4297160268615058,1.034729136680689,0.36061381074168797,1.0,1.0,12/33,20.78%,NELL1;TBX20;TNNI3;TBX6;RAMP2;TGFB1;CCM2;APELA;KDR;HAS2;SPRED1;GLMN
ARHGEF10,GO_Biological_Process_2023,prerank,Positive Regulation Of Vasculature Development (GO:1904018),0.3563243892891928,1.0346845162940945,0.35403726708074534,1.0,1.0,33/104,17.58%,GATA2;NOS3;CCR3;PIK3R6;CD40;ITGB1;RAMP2;HIF1A;RLN2;AGO2;EPHA1;PIK3CD;THBS1;HIPK2;RHOB;HYAL1;SMOC2;VEGFB;CTSH;PLCG1;SERPINE1;EMC10;ANGPTL4;HMOX1;GRN;PAK4;NODAL;CYP1B1;HK2;PGF;PTGIS;APELA;JUP
ARHGEF10,GO_Biological_Process_2023,prerank,Protein Localization To Microtubule Organizing Center (GO:1905508),-0.5402923390118087,-1.0329056087939203,0.43288590604026844,1.0,1.0,9/15,26.50%,STIL;PIBF1;CEP250;HOOK3;SNX10;CEP192;CEP131;SPAG5;DCTN2
ARHGEF10,GO_Biological_Process_2023,prerank,Autophagy Of Mitochondrion (GO:0000422),-0.4253025203826498,-1.0325823685641042,0.39937106918238996,1.0,1.0,24/48,26.77%,USP30;GABARAPL2;OGT;SNX7;ARFIP2;ATG2A;SQSTM1;SPATA18;CISD2;CTSK;RIMOC1;FIS1;PINK1;ATG4D;PRKN;TAFAZZIN;BNIP3;WDR45B;ATG13;ATG9B;ATG3;MAP1LC3B2;ATG2B;ATG4B
ARHGEF10,GO_Biological_Process_2023,prerank,Negative Regulation Of Interleukin-2 Production (GO:0032703),-0.500081964611842,-1.032320428027156,0.4137353433835846,1.0,1.0,2/21,6.86%,LILRB4;XCL1
ARHGEF10,GO_Biological_Process_2023,prerank,Positive Regulation Of Macrophage Derived Foam Cell Differentiation (GO:0010744),0.49308709804871986,1.031105862639284,0.40048543689320387,1.0,1.0,6/17,11.62%,PLA2G10;CSF1;PF4;NFKB1;IL18;MSR1
ARHGEF10,GO_Biological_Process_2023,prerank,Negative Regulation Of Stress-Activated MAPK Cascade (GO:0032873),0.42556159903610846,1.0310412768719877,0.3883248730964467,1.0,1.0,15/37,22.05%,KLHL31;DUSP10;PER1;PRMT1;FKTN;MEN1;MECOM;DLG1;DUSP3;ITCH;NCOR1;GPS2;PPIA;FOXO1;EZR
ARHGEF10,GO_Biological_Process_2023,prerank,Negative Regulation Of NIK/NF-kappaB Signaling (GO:1901223),-0.47012335425855895,-1.0310343008296268,0.39965095986038396,1.0,1.0,8/27,23.20%,TRIM15;C1QTNF3;NLRP2;ZC3H12A;NLRC3;CYLD;NLRP12;MKRN2
ARHGEF10,GO_Biological_Process_2023,prerank,Cellular Response To Alkaloid (GO:0071312),0.5062312532632537,1.0309070526855022,0.4020100502512563,1.0,1.0,5/16,14.03%,CACNA1S;CRHBP;RAD51;CASP7;GSTM2
ARHGEF10,GO_Biological_Process_2023,prerank,Vesicle-Mediated Transport (GO:0016192),-0.33962502960397195,-1.0307878973605646,0.3574051407588739,1.0,1.0,147/406,23.98%,ANXA8;KIF1B;DOC2A;AP5S1;SPIRE2;WASHC3;ALS2;AP3B1;TOM1;MYCBPAP;CORO1C;WIPF3;ARF4;EPS15;AP2M1;CHMP5;SYTL3;AP4E1;DENND1C;RASEF;WASH6P;RAB7B;EPN3;NSF;MYO6;ARL11;AP1M2;VAMP2;EXOC8;RALBP1;RAB4A;SYTL4;DENND1B;ARF3;EHD1;RAB7A;DNM1;UEVLD;MAPK8IP1;RIN3;KIF5A;SYT4;LRRK2;STXBP3;SNX16;SPIRE1;EXPH5;RAB43;VPS4A;RBSN;ADRB2;REPS2;CLINT1;EHD3;SQSTM1;WASH2P;C2CD6;CDK16;STX7;AP4B1;SCARA5;ARF1;MYO5B;RAB10;STXBP2;GOLGA5;TMCC1;EXOC6;NECAP1;GDI1;WASHC2C;ZFYVE16;OSBPL1A;CHMP4C;SPTBN4;SNAP47;KXD1;STX16;ARL4A;TRIM23;VPS18;ARF5;EPS15L1;ANXA2;LAMTOR1;AHI1;TSC2;UVRAG;AP1S1;NAPA;SYT11;HOOK3;SYT7;TRAK1;RAB3IP;SNAP23;VAMP1;RPH3AL;CCZ1;RAB2A;AP3M1;CHM;LRP2;SGSM3;TVP23A;EXOC7;WASHC2A;PRSS12;CADPS2;RAB30;TVP23C;RAB34;RAB5C;MIB1;PLEKHF2;SNAPIN;HOOK1;RAB17;TBC1D8B;WASHC4;RAB25;RHOQ;RHOBTB1;AMPH;LDLR;KIF13A;SNF8;PLEKHF1;USP6NL;CDC42;STX10;ALS2CL;AP3B2;EEA1;CAV3;CACFD1;EXOC6B;SNX27;AP3S1;AP4S1;RAB2B;JAGN1;STX6;ATP6V1H;HEATR5B;SYTL5;MYO5A
ARHGEF10,GO_Biological_Process_2023,prerank,Gas Transport (GO:0015669),-0.5302800156546239,-1.0306868134171918,0.40034071550255534,1.0,1.0,5/15,14.26%,CYGB;HBA1;HBZ;AQP5;CA2
ARHGEF10,GO_Biological_Process_2023,prerank,Positive Regulation Of Epidermal Cell Differentiation (GO:0045606),0.48257033344489053,1.0303162776242547,0.4053398058252427,1.0,1.0,5/18,14.86%,CYP27B1;SFRP4;TRIM16;ETV4;SULT2B1
ARHGEF10,GO_Biological_Process_2023,prerank,Lipid Modification (GO:0030258),-0.4358798196568121,-1.0299492951417195,0.41956882255389716,1.0,1.0,19/42,20.15%,PLPP4;CYP2C8;ALOX15;CYP4A22;MBOAT2;DGKG;PLPP2;CYP2E1;MBOAT4;DGKK;PLPPR3;SGPP2;DGKI;DGKQ;PLPPR5;ALOX12B;PLPP1;PLA2G7;DGKH
ARHGEF10,GO_Biological_Process_2023,prerank,Glucose Homeostasis (GO:0042593),0.3578161900081757,1.029575506749845,0.3515151515151515,1.0,1.0,33/87,21.88%,HNF4A;PAX6;NGFR;NR1D1;HIF1A;FOXA3;HK1;BACE2;USF1;SPACDR;PARK7;PIK3R1;IRS1;ADCY8;WFS1;POLR2D;GCK;PPARG;HK2;ADIPOR1;STAT3;APLP2;ASPSCR1;CRY2;LRRC8D;PTPN2;MBD5;HECTD4;FOXO1;FOXK2;MCU;ALOX5;PIK3R2
ARHGEF10,GO_Biological_Process_2023,prerank,Negative Regulation Of Lipid Catabolic Process (GO:0050995),-0.5042586942580144,-1.0290339948601932,0.41256366723259763,1.0,1.0,3/18,13.63%,APOC1;ALK;MFSD2A
ARHGEF10,GO_Biological_Process_2023,prerank,Nitric Oxide Mediated Signal Transduction (GO:0007263),-0.5024761469571437,-1.0285883031189902,0.4362657091561939,1.0,1.0,4/18,6.81%,KCNC2;FPR1;NOS1;KLRG1
ARHGEF10,GO_Biological_Process_2023,prerank,Defense Response To Bacterium (GO:0042742),-0.35470785618797546,-1.0285664057097665,0.3873239436619718,1.0,1.0,22/195,11.67%,DEFB119;DEFB135;CXCL13;GNLY;IL23R;NLRC4;H2BC11;OAS3;SEMG1;CFP;TLR3;OPTN;GSDMA;PRB3;NLRP1;PLA2G2A;LYG2;SYK;AKIRIN2;ANKRD17;HMGB2;CEBPB
ARHGEF10,GO_Biological_Process_2023,prerank,Response To Alcohol (GO:0097305),0.43820392088220933,1.0283516562032642,0.4015151515151515,1.0,1.0,9/29,17.38%,TH;GRIN3A;SLIT1;SDF4;TGFB1;PMVK;TGFBR1;SMAD2;GOT2
ARHGEF10,GO_Biological_Process_2023,prerank,Visual Perception (GO:0007601),0.3518528850856652,1.028242027764607,0.36656891495601174,1.0,1.0,27/101,14.79%,TH;PAX6;ARR3;CACNA2D4;CRYBB3;REEP6;GRM6;TRPM1;CRYGB;GUCA1B;CRYGD;POU6F2;EFEMP1;ROM1;EYS;EYA4;EML2;CRYGN;CRYGS;ADGRV1;MYO7A;UNC119;WFS1;OPA1;RABGGTA;BEST1;CRYBB1
ARHGEF10,GO_Biological_Process_2023,prerank,Positive Regulation Of DNA-templated Transcription Initiation (GO:2000144),0.38800674799694057,1.028184070818997,0.38181818181818183,1.0,1.0,18/56,17.92%,HNF1B;MITF;JUN;TAF12;TAF2;TAF8;MED16;MED8;MED7;MED9;TAF3;MED15;MED28;MED22;DHX36;MED19;TAF5;GTF2A1
ARHGEF10,GO_Biological_Process_2023,prerank,Positive Regulation Of Glial Cell Differentiation (GO:0045687),0.4969531362240537,1.0281828531415105,0.4014084507042254,1.0,1.0,9/17,18.93%,TNFRSF1B;CXCR4;ZNF365;MDK;EGR2;TGFB1;DICER1;SERPINE2;HES1
ARHGEF10,GO_Biological_Process_2023,prerank,Regulation Of Vacuole Organization (GO:0044088),-0.5241824627619516,-1.0279475652643464,0.42586206896551726,1.0,1.0,9/16,26.27%,EFNB1;MTMR3;EPHB2;IFT88;RAB1B;SCARB2;PIKFYVE;TBC1D12;MTM1
ARHGEF10,GO_Biological_Process_2023,prerank,B Cell Receptor Signaling Pathway (GO:0050853),-0.44682728164164,-1.027841473076339,0.40604026845637586,1.0,1.0,10/37,20.85%,BMX;NFAM1;LIME1;SYK;BTK;LCK;CD38;PRKCB;PLCG2;MEF2C
ARHGEF10,GO_Biological_Process_2023,prerank,Sensory Perception Of Bitter Taste (GO:0050913),-0.4406699634656745,-1.0273849506169004,0.4019448946515397,1.0,1.0,5/38,7.96%,TAS2R43;CA6;TAS2R19;RTP1;TAS2R30
ARHGEF10,GO_Biological_Process_2023,prerank,Positive Regulation Of Interleukin-10 Production (GO:0032733),-0.4606893503984353,-1.0273150858865019,0.41852487135506006,1.0,1.0,7/29,14.36%,TIGIT;XCL1;LGALS9;SYK;PIBF1;TNFSF4;IRF4
ARHGEF10,GO_Biological_Process_2023,prerank,Establishment Of Protein Localization To Mitochondrion (GO:0072655),0.40770946328376967,1.0266775323934074,0.3814713896457766,1.0,1.0,18/44,18.51%,TOMM7;TOMM20L;TIMM13;PITRM1;TOMM40L;HK1;MFN2;TSPO;AKT1;DNAJC15;TIMM21;GDAP1;PAM16;HSPD1;BCAP31;HK2;TOMM40;DNLZ
ARHGEF10,GO_Biological_Process_2023,prerank,Response To BMP (GO:0071772),-0.490987051019341,-1.0254059294327371,0.43529411764705883,1.0,1.0,11/23,28.19%,ADAMTS7;BMPR2;ACVR2A;TMEM100;ADAMTS12;RUNX2;SMAD4;SFRP1;BMP6;BMP2;SMAD9
ARHGEF10,GO_Biological_Process_2023,prerank,Negative Regulation Of Lymphocyte Activation (GO:0051250),-0.4793545527980829,-1.0252401081374283,0.43645484949832775,1.0,1.0,6/23,13.61%,LST1;TIGIT;ILDR2;PIBF1;SOX11;FOXJ1
ARHGEF10,GO_Biological_Process_2023,prerank,Peptide Hormone Secretion (GO:0030072),0.4476628333907648,1.0250250088926633,0.37777777777777777,1.0,1.0,7/25,11.53%,EDN1;SNX19;PTPRN;EXOC3L1;GHRL;FAM3B;PARK7
ARHGEF10,GO_Biological_Process_2023,prerank,Regulation Of Cell Differentiation (GO:0045595),0.325986285100938,1.0245571825383868,0.352112676056338,1.0,1.0,56/193,17.96%,NELL1;SMOC1;SPOCK2;CASZ1;KLF4;RUNX3;PPP1R13L;PHF10;ELL3;LIF;CSF1;NR1D1;EPHA3;SMARCB1;PTPRR;CTNNB1;NF1;PA2G4;MTA1;SMARCD1;APC2;TAF8;MOSMO;MDK;BCL7A;CLASP2;SMARCA4;YWHAG;ANP32B;DPF1;SS18;FGFR2;GATAD2A;MEGF10;TRIP4;TGFB1;RELN;SMARCC1;SMAD7;NTF3;EIF2AK2;GNB3;BRD7;HSP90AB1;ARID1A;NLGN1;ZFHX2;TGFBR1;BRD9;ROCK1;FES;BIRC2;REST;GPS2;GATAD2B;TCFL5
ARHGEF10,GO_Biological_Process_2023,prerank,Potassium Ion Transmembrane Transport (GO:0071805),0.3351602580790815,1.0244545356053516,0.34219269102990035,1.0,1.0,25/136,11.50%,KCNK18;KCNJ16;KCNK3;KCNA5;KCNK10;KCND3;NALCN;SLC12A5;KCNJ10;ABCC9;KCNH6;HCN2;KCNK6;KCNJ12;HCN3;SLC12A4;KCNIP2;GHITM;LRRC26;KCNC3;KCNE2;ATP1A3;HCN1;SLC12A2;FXYD2
ARHGEF10,GO_Biological_Process_2023,prerank,Glutamine Family Amino Acid Metabolic Process (GO:0009064),0.4329059884024488,1.024141000868543,0.4015748031496063,1.0,1.0,16/31,21.75%,PRODH;ART4;RIMKLB;ADSL;NIT2;DDAH1;SIRT4;DGLUCY;ALDH5A1;GLUD1;GOT2;UCP2;RIMKLA;FPGS;GCLM;DDAH2
ARHGEF10,GO_Biological_Process_2023,prerank,Alpha-Beta T Cell Activation (GO:0046631),0.513058759588649,1.0241268479694048,0.40232558139534885,1.0,1.0,4/15,11.23%,STOML2;CDH26;HLA-E;NCOR2
ARHGEF10,GO_Biological_Process_2023,prerank,Oligodendrocyte Differentiation (GO:0048709),-0.5056115558168348,-1.0240828957830417,0.40439932318104904,1.0,1.0,8/19,22.50%,TPPP;NSUN5;EIF2B5;MYRF;PTPRZ1;SOX10;EIF2B3;SOX8
ARHGEF10,GO_Biological_Process_2023,prerank,Positive Regulation Of Cell Growth (GO:0030307),0.354718272491362,1.0240044887457638,0.3495440729483283,1.0,1.0,45/105,21.45%,EDN1;H3-5;CPNE5;CSNK2A3;NTN1;ITSN2;CEP43;TEAD1;PLAA;ARMC12;MMP14;SYT2;SMURF1;RPTOR;N6AMT1;AKT1;TWF2;MLST8;HYAL1;L1CAM;SLC25A33;DDX49;MAP3K13;MTPN;BCL2;EXOSC4;EIF4G1;SDCBP;TGFBR1;INO80;EXOSC9;RICTOR;USP47;RNF157;H3-3A;TRIM32;SYT17;SEMA4D;DDX3X;RUFY3;ZFYVE27;SUPV3L1;YAP1;PSMD10;LIMK1
ARHGEF10,GO_Biological_Process_2023,prerank,Cellular Response To BMP Stimulus (GO:0071773),-0.4045583529716527,-1.023916994777989,0.4287856071964018,1.0,1.0,29/65,28.19%,GDF7;INHBA;GDF6;INHBC;ADAMTS7;BMPR2;ACVR2A;TMEM100;HFE;TGFB2;TGFB3;ENG;ADAMTS12;SMAD5;SMAD6;LEFTY2;USP15;RUNX2;INHBE;USP9X;SMAD4;SCX;RGMA;HIVEP1;SFRP1;BMP6;BMP2;TGFBR3;SMAD9
ARHGEF10,GO_Biological_Process_2023,prerank,Neuron Projection Morphogenesis (GO:0048812),-0.3622784154464773,-1.0238927544330396,0.3956204379562044,1.0,1.0,44/146,19.66%,FLRT3;NOL3;PAX2;NBL1;ALS2;NYAP1;MNX1;SLITRK3;ANK3;SLITRK4;POU4F1;PTEN;PARD6B;DCC;GPM6A;PARD3;SHTN1;BAIAP2;NTNG2;SLITRK1;EPHA4;SPAG6;LRRK2;UBB;CDK5;BDNF;ALCAM;RAB10;AFG3L2;DLG4;SPTBN4;TNN;PLXNB1;LRP4;IMPACT;EPB41L3;TNIK;EPHB2;MAP4K4;BRSK2;NGF;NRN1L;LRP2;DOCK7
ARHGEF10,GO_Biological_Process_2023,prerank,Peptidyl-Tyrosine Modification (GO:0018212),-0.4087013370002058,-1.0235879302292865,0.4046875,1.0,1.0,29/54,25.28%,PTPN6;HCK;FLT3;ABI3;SYK;NTRK1;EPHA4;DDR2;SRC;BTK;FGFR3;LCK;EGFR;EPHB2;FYN;FGFR4;INSR;FLT4;FLT1;ERBB4;TEK;TPST2;TPST1;DYRK1A;FGFR1;CLK2;PTK2;PDGFB;LYN
ARHGEF10,GO_Biological_Process_2023,prerank,Embryonic Digit Morphogenesis (GO:0042733),-0.5172429739629693,-1.0234457919489162,0.42996742671009774,1.0,1.0,6/17,24.65%,TBX3;MSX1;OXSR1;ECE1;INTU;WDPCP
ARHGEF10,GO_Biological_Process_2023,prerank,Synapse Assembly (GO:0007416),-0.3950150594659916,-1.0232978382057927,0.4085173501577287,1.0,1.0,25/71,21.19%,FLRT3;WNT3A;PCDHB13;GABRA1;PCDHB14;POU4F1;PCDHB4;PTEN;GPM6A;FZD1;SLITRK1;GABRG2;PCDHB10;PLXND1;CDK5;BDNF;FGF13;CDH1;PLXNB1;WNT5A;PCDHB2;ZDHHC2;KIRREL3;PLXNB2;SDK2
ARHGEF10,GO_Biological_Process_2023,prerank,Release Of Cytochrome C From Mitochondria (GO:0001836),-0.5178295826901471,-1.0230846587858238,0.45077720207253885,1.0,1.0,8/19,19.54%,IFI6;FZD9;BAK1;SFN;MFF;FIS1;TIMM50;BCL2L1
ARHGEF10,GO_Biological_Process_2023,prerank,Negative Regulation Of Amyloid Precursor Protein Catabolic Process (GO:1902992),-0.5077112273507919,-1.0230178164832913,0.4319327731092437,1.0,1.0,9/18,21.20%,IGF1;NTRK2;RTN4;APOE;RTN3;CHRNA7;GGA3;SORL1;FLOT2
ARHGEF10,GO_Biological_Process_2023,prerank,Plasma Membrane Bounded Cell Projection Organization (GO:0120036),-0.3683391607714067,-1.0229624758995872,0.3997214484679666,1.0,1.0,46/131,22.72%,FLRT3;MICALL2;TBC1D24;MAPT;RB1;GBA1;CDNF;POU4F1;GPM6A;CATIP;RAPGEF2;GPRIN1;EHD1;RAB6B;NRTN;SH3GL2;ARFIP2;GPRIN3;CORO1B;CDK5;BTG2;VAPA;KIFAP3;CDK16;GSK3B;BICDL1;RASGRF1;APOE;NEDD4;CYFIP1;ERCC6;MARK4;OPHN1;CCDC32;MNS1;HDGFL3;DOCK7;CARMIL1;FRYL;RAB6A;SNAPIN;RAB25;IQCG;PTPRM;STMN2;AGER
ARHGEF10,GO_Biological_Process_2023,prerank,Cellular Response To Xenobiotic Stimulus (GO:0071466),0.45469498643363837,1.0225275317760225,0.4005235602094241,1.0,1.0,12/25,20.46%,CRHBP;NKX3-1;RAP2A;KCNE2;TP53;TFRC;PDE4B;DPEP1;PPM1F;REST;KCNH2;VAV2
ARHGEF10,GO_Biological_Process_2023,prerank,Chaperone-Mediated Protein Complex Assembly (GO:0051131),0.46348388108034577,1.022079934307001,0.43291139240506327,1.0,1.0,8/21,16.16%,BBS12;PSMG1;MKKS;NDUFAF1;CLU;HSP90AB1;HSPA1A;HSPD1
ARHGEF10,GO_Biological_Process_2023,prerank,Negative Regulation Of DNA Metabolic Process (GO:0051053),0.39412277756446645,1.0214979084308404,0.40214477211796246,1.0,1.0,14/48,14.17%,H1-4;GMNC;DPPA3;H1-5;H1-3;NIBAN2;TERF2;H1-1;BLM;ERCC1;H1-10;TSPYL2;GMNN;KMT2A
ARHGEF10,GO_Biological_Process_2023,prerank,Negative Regulation Of Striated Muscle Cell Differentiation (GO:0051154),-0.5142845405929595,-1.0212437839134978,0.43865546218487395,1.0,1.0,7/17,27.62%,XBP1;FZD7;FRS2;HDAC4;BHLHA15;GSK3A;BMP2
ARHGEF10,GO_Biological_Process_2023,prerank,Aerobic Electron Transport Chain (GO:0019646),0.3810133842233588,1.0212328743643357,0.391812865497076,1.0,1.0,30/66,22.85%,COX4I2;COX6A2;NDUFA3;NDUFA2;CYC1;COX7C;NDUFS1;UQCRC1;NDUFS6;NDUFA1;NDUFB1;UQCR11;SDHB;NDUFAF1;UQCR10;NDUFB2;COX7B;COX4I1;NDUFAB1;NDUFA7;NDUFB5;NDUFC1;NDUFV3;NDUFA6;NDUFC2;COX6B1;UQCRH;COX5B;NDUFS4;COX7A2
ARHGEF10,GO_Biological_Process_2023,prerank,Regulation Of Receptor Recycling (GO:0001919),-0.5160236128686011,-1.0210430239139707,0.4295190713101161,1.0,1.0,9/17,23.29%,OPTN;NSF;SNCA;RAMP3;PCSK9;LAMTOR1;AP1AR;LDLR;ECE1
ARHGEF10,GO_Biological_Process_2023,prerank,Detection Of Chemical Stimulus Involved In Sensory Perception Of Bitter Taste (GO:0001580),-0.4406720965165476,-1.021014706255525,0.41300813008130083,1.0,1.0,5/37,7.96%,TAS2R43;CA6;TAS2R19;RTP1;TAS2R30
ARHGEF10,GO_Biological_Process_2023,prerank,Cellular Response To Calcium Ion (GO:0071277),0.3741539672516157,1.0205106327792999,0.41359773371104813,1.0,1.0,21/68,15.55%,CRHBP;ITPKA;CPNE5;ITPKB;BRAF;CPNE2;CHP2;IQGAP1;CPNE8;ITPKC;SYT2;SYT13;SYT10;CPNE1;ADGRV1;ADCY8;CLU;CAPN3;DPEP1;LGMN;NLGN1
ARHGEF10,GO_Biological_Process_2023,prerank,Triglyceride Homeostasis (GO:0070328),0.4273835803768709,1.0201519469519011,0.4037940379403794,1.0,1.0,7/31,10.71%,HNF4A;APOA1;DGAT2;PNPLA8;IL18;FITM2;SCARB1
ARHGEF10,GO_Biological_Process_2023,prerank,Positive Regulation Of GTPase Activity (GO:0043547),-0.34659622797129824,-1.0194613541950168,0.39557399723374825,1.0,1.0,71/227,24.30%,ARHGEF10;CXCL13;MTSS2;ALS2;CORO1C;TBC1D10C;TBC1D25;CCL25;RAP1GAP;DOCK11;XCL1;RAPGEF2;TBC1D26;NTRK1;RALBP1;RALGAPA1;RGS8;CCL2;ARHGEF19;CX3CL1;RGS11;RASGEF1B;ARHGAP45;RALGAPB;AGAP9;FOXJ1;SIPA1L3;SGSM2;GSK3B;ARHGEF16;RAB11FIP2;DOCK9;RASGRP2;RHOG;RASGRP3;RASGRF1;RGS16;CDKL5;ARHGEF26;PLXNB1;AGAP5;RGL4;PIP5K1A;MAP4K4;GARNL3;TBC1D9;RALGPS2;MMUT;DOCK7;SGSM3;NTRK3;PREX1;RAPGEFL1;TBC1D8B;TIAM1;ARHGAP27;ECT2;TBC1D17;ARHGAP42;DOCK6;RSU1;USP6NL;EZH2;DOCK10;AGAP1;RALGDS;RANGAP1;TBC1D22B;AGAP3;RAPGEF1;NGEF
ARHGEF10,GO_Biological_Process_2023,prerank,Protein Maturation (GO:0051604),-0.3751863173064886,-1.0192431305956735,0.4068554396423249,1.0,1.0,48/116,24.51%,CTSS;TSPAN14;CNTN1;CASP10;PCSK4;PCSK2;SRGN;OGT;CASP8;SDE2;PRPH2;CPXM1;ECEL1;LMF2;MME;STUB1;PCSK5;CCS;TESC;CASP9;TLL2;XPNPEP3;ADAMTS3;TASP1;FURIN;AFG3L2;LIPT2;MMS19;DNAJB11;KEL;BMP1;CPE;METAP1;CASP2;LMF1;GLRX3;SORL1;AASDHPPT;F7;F12;NAA60;ISCA1;PSEN1;ECE1;PHEX;CASP3;ECE2;NAA15
ARHGEF10,GO_Biological_Process_2023,prerank,Oogenesis (GO:0048477),0.5084493315715523,1.0188569973571733,0.42857142857142855,1.0,1.0,5/15,16.78%,PIWIL2;MDK;NANOS1;MARF1;METTL3
ARHGEF10,GO_Biological_Process_2023,prerank,Negative Regulation Of Hydrolase Activity (GO:0051346),-0.4280626914746769,-1.0188061258900691,0.43527508090614886,1.0,1.0,13/46,20.46%,CPEB2;GPSM1;KLRK1;NOS1;LRCH1;LRRK2;RASA4;SERPINA5;SLC39A14;WNK1;EGLN1;CHP1;CSTB
ARHGEF10,GO_Biological_Process_2023,prerank,RNA Transport (GO:0050658),-0.4404626234197082,-1.018715865255268,0.4124203821656051,1.0,1.0,23/37,29.54%,NOL3;POM121L2;HNRNPA1;POM121C;SIDT2;NUP214;TST;FLOT1;TGFBR2;CKAP5;NUP155;FMR1;ZFP36;NUP188;ATXN2;RTRAF;KPNB1;NUP98;POM121;SNUPN;KIF5C;HNRNPA2B1;XPO5
ARHGEF10,GO_Biological_Process_2023,prerank,Regulation Of Phosphoprotein Phosphatase Activity (GO:0043666),-0.44563783129112566,-1.018289675133824,0.4370860927152318,1.0,1.0,15/36,22.34%,ITGA1;PPP4R4;MAGI2;CALM2;CD300A;GSK3B;PPP1R1B;TIPRL;PPP1R12A;CALM1;CSNK2B;HSP90B1;HTT;STYXL1;PPP1R15A
ARHGEF10,GO_Biological_Process_2023,prerank,BMP Signaling Pathway (GO:0030509),-0.4069970155977376,-1.0182562151498094,0.41437308868501527,1.0,1.0,27/60,28.19%,GDF7;INHBA;GDF6;INHBC;CHRD;BMPR2;ACVR2A;TMEM100;HFE;TGFB2;TGFB3;ENG;SMAD5;SMAD6;LEFTY2;USP15;RUNX2;INHBE;USP9X;SMAD4;SCX;RGMA;HIVEP1;BMP6;BMP2;TGFBR3;SMAD9
ARHGEF10,GO_Biological_Process_2023,prerank,Protein Ubiquitination (GO:0016567),-0.3296514153661031,-1.0179239135417828,0.39927623642943305,1.0,1.0,175/425,27.26%,RNF225;ARRDC4;FBXO24;TRIM15;RNF112;ARIH1;OTULIN;CNOT4;ASB5;RNF144B;UBE2E1;TRIM72;PEX12;BRCA2;SPSB2;RNF152;CAND2;RAG1;TNKS2;WSB1;SDE2;RNF43;ASB2;RNF26;HECW1;STUB1;ANAPC11;SKP1;AMBRA1;RBBP6;PPIL2;UBE3D;RNF141;PJA2;RLIM;MARCHF7;TRIM54;HERC4;KBTBD8;RNF39;NHLRC3;ARRB1;SHPRH;WWP2;MARCHF5;UBB;CBFB;RNF19B;TRIM56;RNF4;SPSB4;TRIM41;TRIM3;RFPL2;UBE3A;CUL7;SIRT1;BTRC;DTX1;LMO7;MUL1;KLHL9;RNF135;KLHL42;NEDD4;RNF14;UBE2D4;NEURL1;RC3H2;TRIM23;UVSSA;VPS18;TOPORS;UHRF2;MARCHF3;CUL4B;FBXL15;PINK1;CBLL1;TPP2;SYVN1;KLHL3;AREL1;RNF31;UBE2J1;ANKRD9;MARCHF6;PCMTD1;UBR3;TRAIP;CDC34;OS9;DDB1;PRKN;RNF114;HLTF;KLHL13;TRIM13;FBXW7;MIB1;UHRF1;UBE2D1;RNF38;NEDD4L;KLHL18;KLHL24;TRIM22;FBXO45;UBE2Q1;TNFAIP1;KLHL21;CUL4A;TRIM52;FBXL3;RC3H1;TRIM14;UBE2C;SMURF2;OBI1;ISG15;RNF168;CUL1;MYLIP;KLHL7;UBA1;CUL3;FANCE;MKRN2;BARD1;RNF166;TRIM5;NAE1;NUB1;RNF139;USP7;RBCK1;UBE2QL1;TRIM17;RNF44;ELOC;FANCB;ATG3;RNFT1;LRSAM1;USP9X;NFE2L2;RNF182;RPGR;BRAP;CUL2;HERC2P3;THOP1;SPSB1;RNF25;RFWD3;UBE2O;RNF126;VHL;HECW2;PEX2;RACK1;TSPAN17;VCPIP1;KLHL12;CCNF;UBE4A;RNF20;KLHL20;RAD18;RNF34;HUWE1;SH3RF1;KCTD13;KLHL25;UBR1
ARHGEF10,GO_Biological_Process_2023,prerank,Regulation Of Lymphocyte Activation (GO:0051249),0.4805339975558594,1.0174719474807028,0.4164705882352941,1.0,1.0,3/18,12.22%,CD4;LEP;KAT2A
ARHGEF10,GO_Biological_Process_2023,prerank,Regulation Of Catecholamine Secretion (GO:0050433),-0.4716316140662252,-1.0166440219267805,0.43037974683544306,1.0,1.0,12/27,23.16%,KCNB1;SYT4;DRD3;SNCA;CHRNA4;SYT11;SYT3;SYT7;GRK2;PRKN;CHRNB2;SYT1
ARHGEF10,GO_Biological_Process_2023,prerank,Antigen Processing And Presentation Of Exogenous Peptide Antigen Via MHC Class II (GO:0019886),0.44593029523149735,1.0165285479679895,0.43291139240506327,1.0,1.0,8/24,16.11%,CTSE;CTSV;CTSF;DNM2;HLA-DMB;HLA-DOB;LGMN;HLA-DOA
ARHGEF10,GO_Biological_Process_2023,prerank,Regulation Of Lysosomal Lumen pH (GO:0035751),0.45461242756341186,1.0162000435691303,0.4164588528678304,1.0,1.0,11/25,20.23%,SLC45A2;TMEM199;TMEM9;TMEM165;ATP6V0C;ATP6V1A;GRN;ATP6AP2;ATP6V1F;ATP6V0B;CCDC115
ARHGEF10,GO_Biological_Process_2023,prerank,Sodium Ion Transport (GO:0006814),-0.38123314906020483,-1.0160839891457125,0.4276923076923077,1.0,1.0,22/89,14.73%,PKD2L1;SCN2A;SLC5A5;SLC8A2;SLC12A3;SLC6A3;ASIC3;SLC6A15;SCN3B;SLC4A4;SCNN1B;SCNN1A;SCNN1G;SLC6A12;HCN4;SCN8A;SLC6A6;SLC9A5;ATP1A4;ATP1A2;SLC6A9;FGF13
ARHGEF10,GO_Biological_Process_2023,prerank,Regulation Of Cytokine Production Involved In Inflammatory Response (GO:1900015),-0.4223566908742279,-1.0159809688946924,0.39418416801292405,1.0,1.0,7/46,15.02%,LILRB4;ADCY7;F2;ZC3H12A;PLD3;NLRC3;NLRP7
ARHGEF10,GO_Biological_Process_2023,prerank,Lipid Transport (GO:0006869),-0.3712565566120528,-1.0158964119691554,0.4176470588235294,1.0,1.0,34/106,21.52%,CEACAM1;FABP6;SLCO1A2;ABCC2;PCTP;SLC10A6;CERT1;FABP7;TNFAIP8L3;ABCG5;ABCG8;SLC10A3;MTTP;VAPA;MFSD2A;SPNS2;PLTP;LYPLA1;OSBP;SLC10A4;APOE;ABCA12;KDM5A;PITPNA;SLCO2A1;SLC10A1;PITPNB;FABP5;ABCD3;SLC25A17;SLC51A;FABP3;CRABP1;LDLR
ARHGEF10,GO_Biological_Process_2023,prerank,Neuron Projection Development (GO:0031175),-0.3486715017399829,-1.0155095672718302,0.4116847826086957,1.0,1.0,63/192,23.02%,FLRT3;NOL3;NBL1;MICALL2;ALS2;NYAP1;TBC1D24;MAPT;MNX1;RB1;GBA1;CDNF;POU4F1;ATOH1;PTEN;GPM6A;SHTN1;RAPGEF2;TSKU;GPRIN1;EHD1;EPHA4;RAB6B;NRTN;LRRK2;SH3GL2;GPRIN3;UBB;CDK5;BTG2;VAPA;BDNF;CDK16;GSK3B;BICDL1;RASGRF1;DLG4;APOE;NEDD4;PLXNB1;ERCC6;EPB41L3;OPHN1;TNIK;EPHB2;MAP4K4;IFT88;NGF;HDGFL3;DOCK7;FRYL;RAB6A;SNAPIN;SLC9A6;CDC42;PTPRM;GPM6B;SHANK1;STMN2;AGER;DOCK10;ZNF335;BHLHA15
ARHGEF10,GO_Biological_Process_2023,prerank,Positive Regulation Of Transmembrane Receptor Protein Serine/Threonine Kinase Signaling Pathway (GO:0090100),-0.3834517920938966,-1.0154933304223837,0.4323529411764706,1.0,1.0,30/94,19.86%,SLC2A10;GDF7;CDKN2B;CITED1;INHBA;TGFB1I1;GDF6;DAB2;INHBC;EP300;ZEB2;BMPR2;INHA;STK11;ELAPOR2;NOTCH1;ACVR2A;LRG1;SOX11;GDF11;HFE;TGFB2;TGFB3;ENG;RBPJ;FBXL15;CSNK2B;KIAA0319;LEFTY2;SH2B1
ARHGEF10,GO_Biological_Process_2023,prerank,Oxoacid Metabolic Process (GO:0043436),-0.4822799093182134,-1.0149402471964397,0.4312080536912752,1.0,1.0,9/22,20.74%,SULT1B1;SULT1C4;SULT1A2;SULT1A3;ENPP1;AMH;LIPT2;TPST2;TPST1
ARHGEF10,GO_Biological_Process_2023,prerank,Negative Regulation Of Cytoskeleton Organization (GO:0051494),-0.46967047748380764,-1.0146056397515504,0.41467576791808874,1.0,1.0,17/27,27.14%,ARPIN;CORO1A;PLEKHH2;KANK3;TWF1;SSH2;PIK3CA;KANK1;CLASP1;PRKCD;PRKN;SHANK1;CAV3;CYRIB;SMAD4;MYADM;SHANK3
ARHGEF10,GO_Biological_Process_2023,prerank,Morphogenesis Of An Epithelium (GO:0002009),-0.4556045647760342,-1.0144219017420208,0.44370860927152317,1.0,1.0,12/28,26.06%,RIPK4;PALS1;KDF1;LHX1;KLK14;SOX10;AHI1;LIN7C;SOX8;ACTG1;PRKX;ARHGAP12
ARHGEF10,GO_Biological_Process_2023,prerank,Leukocyte Cell-Cell Adhesion (GO:0007159),-0.4472086960035003,-1.0142717699062012,0.4429530201342282,1.0,1.0,8/30,10.01%,ITGAL;ITGB2;CD177;ICAM1;NT5E;SYK;LRG1;JAM2
ARHGEF10,GO_Biological_Process_2023,prerank,Positive Regulation Of Natural Killer Cell Mediated Cytotoxicity (GO:0045954),-0.49187987561933944,-1.0141737534598074,0.4500846023688663,1.0,1.0,4/21,18.37%,RAET1E;KLRK1;CD226;PVR
ARHGEF10,GO_Biological_Process_2023,prerank,Positive Regulation Of Wound Healing (GO:0090303),0.41267736645871883,1.0139889894469907,0.4393939393939394,1.0,1.0,12/39,15.00%,VTN;HBEGF;ITGB1;ENPP4;CLDN4;THBS1;DUOX1;SMOC2;ARFGEF1;SERPINE1;PRKCE;CLDN1
ARHGEF10,GO_Biological_Process_2023,prerank,Mitochondrial ATP Synthesis Coupled Electron Transport (GO:0042775),0.37281010938310655,1.013911520058294,0.4084507042253521,1.0,1.0,31/68,22.85%,COX4I2;COX6A2;NDUFA3;NDUFA2;CYC1;COX7C;NDUFS1;UQCRC1;NDUFS6;NDUFA1;NDUFB1;UQCR11;SDHB;NDUFAF1;UQCR10;NDUFB2;COX7B;COX4I1;NDUFAB1;NDUFA7;NDUFB5;NDUFC1;NDUFV3;NDUFA6;NDUFC2;COX6B1;UQCRH;COX5B;NDUFS4;COA6;COX7A2
ARHGEF10,GO_Biological_Process_2023,prerank,Positive Regulation Of Ras Protein Signal Transduction (GO:0046579),-0.4148816780681334,-1.0138470485311097,0.4363929146537842,1.0,1.0,15/51,19.71%,GPR20;MMD2;ALS2;F2RL2;STK19;NTRK1;IGF1;NOTCH1;ADGRG1;ARRB1;P2RY8;RASGRF1;MAP4K4;NGF;AKAP13
ARHGEF10,GO_Biological_Process_2023,prerank,Protein Complex Oligomerization (GO:0051259),-0.3768778559355867,-1.0135887528222371,0.4156028368794326,1.0,1.0,30/100,22.49%,KCNC2;NOL3;RNF112;ALS2;NLRC4;TRIM72;CPSF6;TMEM120B;UPB1;PNPT1;HOMER1;NLRP1;TMEM70;EHD1;ZC3H12A;OXA1L;EHD3;CUTC;SNCA;RNF135;POLQ;TMEM120A;VSTM5;TIFA;HLA-DRB1;IKZF4;ECT2;RBMX;AQP11;JMJD6
ARHGEF10,GO_Biological_Process_2023,prerank,Negative Regulation Of Proteasomal Ubiquitin-Dependent Protein Catabolic Process (GO:0032435),0.42597604360952257,1.0133590536743937,0.3887468030690537,1.0,1.0,20/32,23.05%,PHF20L1;FHIT;DDRGK1;PANO1;SVIP;USP14;PARK7;UCHL5;CCAR2;HSP90AB1;RPL11;SDCBP;TRIM39;CAMLG;RYBP;EIF3H;TLK2;NOP53;SGTA;GIPC1
ARHGEF10,GO_Biological_Process_2023,prerank,Apoptotic Nuclear Changes (GO:0030262),0.49332576455774324,1.0133341544020948,0.41895261845386533,1.0,1.0,7/16,18.73%,GPER1;ACVR1C;DEDD2;DNASE2;CECR2;DICER1;FOXL2
ARHGEF10,GO_Biological_Process_2023,prerank,Response To Organophosphorus (GO:0046683),-0.5027282728496415,-1.013271834467116,0.4536082474226804,1.0,1.0,8/18,16.28%,CITED1;P2RX4;NT5E;ENPP1;TYMS;VGF;DGKQ;STAT1
ARHGEF10,GO_Biological_Process_2023,prerank,Xenobiotic Transport (GO:0042908),-0.49396126997047507,-1.0131076428431645,0.45695364238410596,1.0,1.0,6/20,7.56%,SLC22A2;SLC22A3;SLC22A18;ABCC2;SLC15A2;NR1I2
ARHGEF10,GO_Biological_Process_2023,prerank,Protein Localization To Chromosome (GO:0034502),-0.43138746962626595,-1.0124569173752866,0.43492063492063493,1.0,1.0,10/40,16.51%,MSH2;LEF1;RB1;XRCC4;TNKS2;TONSL;HASPIN;XRCC5;SLF2;PINX1
ARHGEF10,GO_Biological_Process_2023,prerank,Organic Anion Transport (GO:0015711),-0.3779832388189954,-1.0118575244811538,0.4256259204712813,1.0,1.0,29/87,21.73%,SLC2A10;SLC22A3;SLC2A14;SLCO1A2;SLC17A9;SLC4A7;SLC22A7;SLC35C2;CYB5R1;SLC4A4;CYB5R4;SLC22A13;SLC25A19;SLC2A1;SLC35B2;ABCC5;SLC35B4;CFTR;SLC26A6;SLCO4C1;SLC2A3;SLCO2A1;SLC35B3;SLC4A2;SLC25A17;SLC25A4;SLCO4A1;SLCO5A1;CYB5RL
ARHGEF10,GO_Biological_Process_2023,prerank,miRNA Processing (GO:0035196),0.43636862622128525,1.0117231414944952,0.41711229946524064,1.0,1.0,15/32,21.52%,ZC3H7A;TUT4;AGO2;DROSHA;SRRT;SMAD2;GARS1;METTL3;DICER1;TRIM71;SPOUT1;PUM2;BCDIN3D;AGO3;SNIP1
ARHGEF10,GO_Biological_Process_2023,prerank,Negative Regulation Of BMP Signaling Pathway (GO:0030514),0.39539253308721617,1.0117029176516923,0.3888888888888889,1.0,1.0,15/43,18.61%,SKOR1;SKOR2;SOST;FSTL3;SMURF1;UBE2D3;HIPK2;VWC2L;SMAD7;SKIL;PPARG;TRIM33;BMPER;CRIM1;GDF3
ARHGEF10,GO_Biological_Process_2023,prerank,Tumor Necrosis Factor-Mediated Signaling Pathway (GO:0033209),0.4086966035567496,1.0116769865607143,0.40703517587939697,1.0,1.0,14/38,18.17%,BIRC3;TNFRSF1B;IKBKB;TXNDC17;RIPK1;EIF5A;TP53;PYCARD;RELA;TRAF1;TRAF6;BIRC2;TNFSF11;COMMD7
ARHGEF10,GO_Biological_Process_2023,prerank,Neurogenesis (GO:0022008),-0.4160110634012126,-1.0110130154336958,0.429042904290429,1.0,1.0,17/49,19.75%,BTBD6;MAPT;PALS1;NDUFS2;THOC2;KAT8;SIX1;TGFB2;PCSK9;ERCC6;CLN5;LRP4;EGFR;RITA1;METTL14;TRAK1;ERBB4
ARHGEF10,GO_Biological_Process_2023,prerank,Telomere Maintenance (GO:0000723),0.3704752619727341,1.0100207607060594,0.4049586776859504,1.0,1.0,29/68,18.66%,PARP1;MAD2L2;INO80B;RAD51D;RAD51;TFPT;ZNF365;TINF2;LTO1;YY1;ACTR8;CTC1;RAD50;SHLD2;TERF2;BLM;INSL6;ZNF827;UCHL5;PRKDC;TENM1;NFRKB;SMC6;WRN;TERT;INO80;HUS1;MCRS1;XRCC3
ARHGEF10,GO_Biological_Process_2023,prerank,Cardiac Muscle Cell Action Potential (GO:0086001),0.4287788185347179,1.0099295674732502,0.4046997389033943,1.0,1.0,9/29,12.56%,SCN2B;KCND3;HCN2;CACNA1G;KCNIP2;KCNE2;SCN1B;FGF12;SCN1A
ARHGEF10,GO_Biological_Process_2023,prerank,Regulation Of Isotype Switching (GO:0045191),0.4962902444161413,1.0096131772955068,0.45057471264367815,1.0,1.0,4/15,11.15%,MAD2L2;TFRC;SHLD2;INSL6
ARHGEF10,GO_Biological_Process_2023,prerank,Regulation Of Transforming Growth Factor Beta Receptor Signaling Pathway (GO:0017015),-0.368586685470907,-1.0091047896447523,0.4169139465875371,1.0,1.0,28/111,15.83%,SLC2A10;CDKN2B;CITED1;TGFB1I1;VASN;MTMR4;DAB2;PDPK1;PRDM16;OGT;EP300;SAP30;ZEB2;SPRY2;PALS1;STK11;STUB1;LRG1;RBBP7;SOX11;ZNF703;FAM89B;CAPN5;ADAMTSL2;SIRT1;EMILIN1;ENG;NREP
ARHGEF10,GO_Biological_Process_2023,prerank,Porphyrin-Containing Compound Biosynthetic Process (GO:0006779),0.4637752014577203,1.009042766616881,0.42455242966751916,1.0,1.0,7/21,16.31%,UROS;ALAS1;TSPO;RSAD1;ALAS2;PGRMC1;ABCB6
ARHGEF10,GO_Biological_Process_2023,prerank,Metaphase Plate Congression (GO:0051310),-0.4161894064643509,-1.0090323650622388,0.47310126582278483,1.0,1.0,21/51,26.50%,KIF2B;EML3;PSRC1;CHMP5;CENPE;PIBF1;GEM;VPS4A;CEP55;CHMP4C;FAM83D;PINX1;CCNB1;SPDL1;CUL3;MAP1S;KPNB1;KIF14;RRS1;CHMP7;DCTN2
ARHGEF10,GO_Biological_Process_2023,prerank,Regulation Of Calcium Ion Transport (GO:0051924),-0.4077696758678811,-1.008980460539259,0.4449760765550239,1.0,1.0,21/56,20.59%,CD33;PLPP4;EGF;NOS1;CACNA2D1;PLN;GRIN3B;HOMER1;P2RX4;CAMK2B;CACNB2;ORAI1;EFHB;CACNA1D;HOMER3;SARAF;WNK3;HRC;STIM1;ATP2B1;PACSIN3
ARHGEF10,GO_Biological_Process_2023,prerank,Regulation Of Metaphase/Anaphase Transition Of Cell Cycle (GO:1902099),0.42730242461088613,1.0086535326648103,0.4175257731958763,1.0,1.0,13/32,16.27%,PHF10;SMARCB1;SMARCD1;RIOK2;BCL7A;SMARCA4;DPF1;NEK6;SMARCC1;BRD7;DPF2;ARID1A;CDC23
ARHGEF10,GO_Biological_Process_2023,prerank,Neurotrophin Signaling Pathway (GO:0038179),-0.5212845142084145,-1.0085153596174765,0.4693140794223827,1.0,1.0,7/15,24.25%,RAPGEF2;MAGI2;NTRK1;BDNF;NGF;RAPGEF1;CASP3
ARHGEF10,GO_Biological_Process_2023,prerank,Regulation Of DNA Repair (GO:0006282),0.34035056412302606,1.0085115029899872,0.42071197411003236,1.0,1.0,64/129,24.01%,PARP1;INO80B;TAF12;PHF10;SUPT3H;MBTD1;SMARCB1;TAF2;UBR5;ENY2;TFPT;SMARCD1;EPC2;YY1;BCL7A;ACTR8;SMARCA4;KAT5;EYA4;SF3B3;DPF1;KAT2A;RAD52;POLH;SMARCC1;TMEM161A;BABAM1;VPS72;UCHL5;NFRKB;RADX;BRD7;DPF2;ARID1A;SUPT7L;RPS3;BABAM2;UBE2V2;UBE2N;INO80;TAF5;ACTB;AXIN2;MCRS1;UBE2V1;MORF4L2;TRIM28;ACTL6A;PCNA;EP400;CEBPG;TAF6L;SUPT20H;TAF5L;CDK9;RUVBL2;MORF4L1;TAF6;TRIP12;TRRAP;WRAP53;MRGBP;DMAP1;SIRT7
ARHGEF10,GO_Biological_Process_2023,prerank,Regulation Of Transcription By RNA Polymerase I (GO:0006356),0.41968465102858693,1.0083424445447222,0.41688654353562005,1.0,1.0,9/31,16.26%,POLR2L;ASIC2;SF3B1;WDR43;LYAR;FLNA;DHX33;PRR7;PHF8
ARHGEF10,GO_Biological_Process_2023,prerank,Defense Response To Symbiont (GO:0140546),0.3305648596997337,1.008243976000739,0.4084507042253521,1.0,1.0,47/148,21.47%,OASL;TLR2;IRF7;RNASE1;CD40;NT5C3A;DDX56;TBKBP1;PLA2G10;LYST;IFIH1;IFIT1;APOBEC3B;DDX60;SLFN13;ISG20;IKBKE;FCN3;PYCARD;MICA;TBK1;CNOT7;ATG7;USP27X;TTC4;EIF2AK2;RELA;BCL2;IFNLR1;RIGI;EXOSC4;ZNFX1;IFITM1;APOBEC3D;MAP3K14;SERINC5;GARIN5A;IFIT3;STAT2;APOBEC3F;MYD88;ZCCHC3;MX2;MX1;PMAIP1;CGAS;IRF3
ARHGEF10,GO_Biological_Process_2023,prerank,Negative Regulation Of Blood Coagulation (GO:0030195),0.428480741986499,1.00803671140844,0.39900249376558605,1.0,1.0,4/30,4.42%,VTN;EDN1;NOS3;TFPI
ARHGEF10,GO_Biological_Process_2023,prerank,Positive Regulation Of Cell Adhesion (GO:0045785),-0.3786015431037806,-1.0076852822953144,0.4241001564945227,1.0,1.0,26/87,18.58%,VIT;FBLN2;ALOX15;CHRD;ITGAV;SYK;P4HB;ATM;EPHA4;RELL2;C1QBP;ADGRG1;RET;CXCL12;MAGI1;ADAM8;TGFB2;CIB1;PRKD2;PPP3CA;FRMD5;AZU1;ADAM9;RAC3;RHOD;NID1
ARHGEF10,GO_Biological_Process_2023,prerank,Peptidyl-Tyrosine Phosphorylation (GO:0018108),-0.39130962697322624,-1.0074720379299626,0.4346456692913386,1.0,1.0,31/67,25.28%,PTPN6;HCK;ALK;FLT3;ABI3;SYK;NTRK1;PIBF1;EPHA4;DDR2;IL15;SRC;BTK;FGFR3;LCK;EGFR;EPHB2;FYN;FGFR4;INSR;FLT4;FLT1;ERBB4;TEK;DYRK1A;FGFR1;CLK2;PTK2;DDR1;PDGFB;LYN
ARHGEF10,GO_Biological_Process_2023,prerank,Negative Regulation Of Wound Healing (GO:0061045),0.4315345898689536,1.0073929585143029,0.40617577197149646,1.0,1.0,7/28,12.82%,VTN;EDN1;MYOZ1;TFPI;CLASP2;SLC12A2;SERPINE1
ARHGEF10,GO_Biological_Process_2023,prerank,Clathrin-Dependent Endocytosis (GO:0072583),0.4418425707693476,1.0068914554290351,0.40703517587939697,1.0,1.0,12/27,16.84%,SNAP91;GAK;OCRL;ITSN2;FCHSD2;FCHO1;GPR107;FCHO2;CLTC;PICALM;STON2;FNBP1L
ARHGEF10,GO_Biological_Process_2023,prerank,Positive Regulation Of Cell Communication (GO:0010647),-0.4577296612741524,-1.0067042187879718,0.46254071661237783,1.0,1.0,9/30,15.47%,WLS;ANK3;HOMER1;GATA3;SOX11;CDKN2AIP;CLSTN1;DLG4;ILK
ARHGEF10,GO_Biological_Process_2023,prerank,3'-Phosphoadenosine 5'-Phosphosulfate Metabolic Process (GO:0050427),-0.5303832618505278,-1.006646402762693,0.4765217391304348,1.0,1.0,5/15,8.26%,SULT1B1;SULT1C4;SULT1A2;SULT1A3;ENPP1
ARHGEF10,GO_Biological_Process_2023,prerank,Anterior/Posterior Pattern Specification (GO:0009952),-0.40592126093722225,-1.0066418905800334,0.443217665615142,1.0,1.0,10/56,15.12%,WLS;SIX2;DDIT3;BMPR2;HES7;HEY2;PCSK5;HHEX;LHX1;HEY1
ARHGEF10,GO_Biological_Process_2023,prerank,Mesoderm Development (GO:0007498),-0.5021609063520558,-1.006533898422011,0.44405594405594406,1.0,1.0,6/18,13.61%,HCK;TIE1;TBX3;HES7;GDF11;BTK
ARHGEF10,GO_Biological_Process_2023,prerank,Regulation Of Protein-Containing Complex Disassembly (GO:0043244),-0.49489498073510313,-1.006148689250948,0.4517241379310345,1.0,1.0,9/19,25.92%,TBC1D25;GBA1;TECPR1;SHFL;UPF1;INSR;BNIP3;ETF1;IRAK3
ARHGEF10,GO_Biological_Process_2023,prerank,Dephosphorylation (GO:0016311),-0.3578746360003228,-1.0060984563537012,0.4294117647058823,1.0,1.0,42/146,17.20%,PPM1M;NT5C;TPTE;PTPN6;PLPP4;PTPRH;MTMR4;DUSP8;PPP2R5B;PPM1D;PTEN;PDPR;PPP1CC;STK11;PLPP2;TPTE2;PDXP;FRA10AC1;ACP3;PPP2R5D;PPP3CC;MTMR7;ACP6;PPP2R1A;DUSP5;PTPRT;PLPPR3;SSH2;SGPP2;BTRC;PPM1E;CDC14B;PPP1CB;PPP3R1;PPP3CA;PPP4R3A;PTPRZ1;MTMR3;PPP1R12A;PLPPR5;PTPN9;PPP2R2A
ARHGEF10,GO_Biological_Process_2023,prerank,Positive Regulation Of Response To Wounding (GO:1903036),0.44342144069223544,1.0060333954717369,0.45073891625615764,1.0,1.0,10/26,15.59%,VTN;HBEGF;ITGB1;CLDN4;MDK;DUOX1;ARFGEF1;PRKCE;CLDN1;GRN
ARHGEF10,GO_Biological_Process_2023,prerank,Regulation Of T Cell Proliferation (GO:0042129),-0.3887478040626933,-1.005929943533269,0.4430769230769231,1.0,1.0,15/76,15.27%,LILRB4;ZP3;HLA-G;IL23R;IDO1;CD274;PLA2G2A;MYDGF;CEBPB;HLA-DPA1;CD276;IL15;TNFRSF13C;CD1D;ARG1
ARHGEF10,GO_Biological_Process_2023,prerank,Proteoglycan Metabolic Process (GO:0006029),-0.4670966763502444,-1.005539740814972,0.44197952218430037,1.0,1.0,6/25,10.75%,B4GALT7;BMPR2;IGF1;CSGALNACT1;SULF2;GAL3ST4
ARHGEF10,GO_Biological_Process_2023,prerank,Positive Regulation Of Viral Life Cycle (GO:1903902),-0.47751852050439475,-1.0053339114989754,0.44501718213058417,1.0,1.0,10/22,23.50%,LGALS9;SMPD1;P4HB;CD74;VPS4A;FURIN;TYRO3;HLA-DRB1;VPS37B;FMR1
ARHGEF10,GO_Biological_Process_2023,prerank,Regulation Of Signal Transduction (GO:0009966),-0.348966264486269,-1.0052400404585364,0.4360385144429161,1.0,1.0,78/192,26.17%,TMEM204;IGFBP7;SLC8A2;ALOX15;MFNG;PLSCR1;OGT;CD177;GRK4;ZIC1;TULP3;CD55;RGS12;HOMER1;GATA3;STK11;TIMP1;RGS8;TSPEAR;RGS20;LRRK2;CX3CL1;RGS11;PPP2R1A;CDKN2AIP;LURAP1L;SP100;GRK7;RGS3;RIC8B;SRC;SIRT1;DTX1;RGS16;ILK;SOCS2;DGKQ;USP20;LLGL2;DLL1;VEPH1;TSC2;FYN;IGFBP6;PLCE1;IGFBP3;NCK1;CHRNA7;GALNT11;CD24;GSKIP;SYNJ2BP;AKR1C3;ZDHHC3;CD63;RGS14;CAV3;SUMO1;NLRP12;NCK2;PRAG1;KCTD16;SEMA5A;TRIM5;INTU;ZMYND11;DYNLT1;ITGB1BP1;ZDHHC17;BRAP;IGFBP5;GLI1;KCTD12;HHIP;IRAK2;VHL;TDGF1;MGLL
ARHGEF10,GO_Biological_Process_2023,prerank,Negative Regulation Of Lipid Biosynthetic Process (GO:0051055),-0.4631543134047182,-1.0048336450361781,0.456198347107438,1.0,1.0,12/25,21.59%,CEACAM1;TRIB3;APOC1;WNT4;WDTC1;SIRT1;ACADL;ERLIN2;ASXL3;FBXW7;PRMT3;AKR1C3
ARHGEF10,GO_Biological_Process_2023,prerank,L-amino Acid Transport (GO:0015807),-0.4594264787855949,-1.0045650570418139,0.4378029079159935,1.0,1.0,10/26,25.49%,SLC22A2;SLC17A8;SLC1A3;SLC7A8;SLC6A9;SLC17A6;SLC7A11;SLC38A5;SLC38A2;SLC7A5
ARHGEF10,GO_Biological_Process_2023,prerank,Positive Regulation Of miRNA Transcription (GO:1902895),0.39267037069138,1.0043910166621473,0.4198473282442748,1.0,1.0,15/43,18.02%,GATA2;NGFR;KLF4;JUN;HIF1A;TEAD1;SMARCA4;TP53;TGFB1;RELA;PPARG;TERT;STAT3;MRTFA;EGR1
ARHGEF10,GO_Biological_Process_2023,prerank,Response To Ionizing Radiation (GO:0010212),-0.3956729191138458,-1.0035882001870902,0.4528301886792453,1.0,1.0,39/72,27.61%,MSH2;DCUN1D3;BRCA2;XRCC4;IFI16;STK11;NHEJ1;SMPD1;IKBIP;ATM;INTS7;SIRT1;PAXIP1;EYA1;NABP1;LIG4;USP28;RAD51AP1;SPIDR;EEF1D;ECT2;BRAT1;AEN;TANK;RNF168;MAPK14;BARD1;CLK2;H2AX;SWI5;EYA3;RFWD3;CDKN1A;UIMC1;INIP;DEPDC1B;BRSK1;XRRA1;PRKAA1
ARHGEF10,GO_Biological_Process_2023,prerank,Positive Regulation Of Exocytosis (GO:0045921),-0.4430843955401465,-1.0034757968189476,0.4528301886792453,1.0,1.0,15/37,23.52%,STXBP5;SYTL4;RAB7A;EXPH5;VPS4A;SMPD3;SNCA;CFTR;CLASP1;UNC13D;CADPS2;RAB3D;SNF8;RAB15;RAB2B
ARHGEF10,GO_Biological_Process_2023,prerank,Long-Chain Fatty Acid Metabolic Process (GO:0001676),-0.3877482465002567,-1.0031302886347766,0.4385432473444613,1.0,1.0,22/78,19.92%,ELOVL3;CYP2C8;ALOX15;ABHD6;CYP4A22;PLA2G4A;PLA2G4B;ELOVL2;LTC4S;SLC27A2;CYP2E1;DAGLA;RAPSN;ACADL;ACAD9;ALOX12B;CYP4Z1;CPT2;GLYATL2;AIG1;ABCD3;ELOVL5
ARHGEF10,GO_Biological_Process_2023,prerank,Regulation Of Fibrinolysis (GO:0051917),0.48867818595642265,1.0029766466965853,0.4452380952380952,1.0,1.0,6/16,14.07%,VTN;USF1;THBS1;SERPINE1;F11;PLAUR
ARHGEF10,GO_Biological_Process_2023,prerank,Positive Regulation Of Intracellular Protein Transport (GO:0090316),-0.36547641565410344,-1.0028813422566623,0.4413075780089153,1.0,1.0,51/126,24.69%,TCAF2;MICALL2;ITGB2;ANK3;EP300;ZIC1;PCNT;KCNB1;VAMP2;ZC3H12A;B3GAT3;MFF;RIPOR1;PDCD10;ITGAM;CEP290;CD81;TCAF1;HSPA1L;LEPROT;RAC2;GSK3B;CIB1;CDH1;CAMK1;FIS1;FYN;PINK1;MAVS;RNF31;RBM22;CHP1;PRKCD;SH3GLB1;ZDHHC2;OAZ2;CSNK2A2;FBXW7;SORL1;ECT2;SAR1B;MIEF1;GAS6;CEP131;CEMIP;PSEN1;ATG13;MAPK8;ERGIC3;ZPR1;ITGB1BP1
ARHGEF10,GO_Biological_Process_2023,prerank,tRNA Aminoacylation (GO:0043039),0.45719847044424783,1.0025684854404333,0.44801980198019803,1.0,1.0,12/22,21.86%,WARS2;MARS1;DARS2;GARS1;NARS1;RARS1;QRSL1;YARS2;LARS1;GATC;EPRS1;GATB
ARHGEF10,GO_Biological_Process_2023,prerank,Negative Regulation Of Mitochondrion Organization (GO:0010823),-0.425616648560763,-1.0022088891881153,0.4373956594323873,1.0,1.0,14/38,20.47%,NOL3;FZD9;MAPT;BAK1;AVP;IGF1;MUL1;IAPP;PINK1;BCL2L1;PRKN;TMEM14A;SLC25A4;BNIP3
ARHGEF10,GO_Biological_Process_2023,prerank,Regulation Of Toll-Like Receptor 4 Signaling Pathway (GO:0034143),0.4578701601629124,1.002169237856577,0.43243243243243246,1.0,1.0,4/23,7.31%,LTF;NR1D1;DAB2IP;MFHAS1
ARHGEF10,GO_Biological_Process_2023,prerank,Phosphatidic Acid Metabolic Process (GO:0046473),-0.4388645504791774,-1.0020764733885477,0.4486301369863014,1.0,1.0,15/33,23.12%,MBOAT2;DGKG;PLA2G2A;AGPAT2;AGPAT3;AGPAT5;GPAM;ACP6;LCLAT1;LIPI;DGKQ;DGKH;LPCAT1;PLD2;PLA2G6
ARHGEF10,GO_Biological_Process_2023,prerank,Positive Regulation Of Protein Dephosphorylation (GO:0035307),-0.4470415003656725,-1.0018274243701886,0.4762658227848101,1.0,1.0,12/33,19.64%,GBA1;ITGA1;DYNLL1;SMPD1;MAGI2;CALM2;AMBRA1;CD300A;PPP1R16B;CALM1;CNEP1R1;PRKCD
ARHGEF10,GO_Biological_Process_2023,prerank,Peptidyl-Proline Modification (GO:0018208),0.44156706969241394,1.0014991038238872,0.4322916666666667,1.0,1.0,10/24,21.86%,FKBP7;PPWD1;PPIB;NTMT1;FKBP1B;PPIG;PIN1;PPIF;PPIA;PPIH
ARHGEF10,GO_Biological_Process_2023,prerank,Positive Regulation Of Cysteine-Type Endopeptidase Activity Involved In Apoptotic Process (GO:0043280),-0.3655339501078885,-1.001240928359374,0.42775393419170243,1.0,1.0,24/109,15.00%,SOX7;KHDC1L;SLC22A2;NLRC4;CASC2;MAPT;IFT57;CNTN1;CASP10;CYCS;CASP8;NLRP1;DYNLL1;LGALS9;SYK;NLRP2;MAP3K5;CASP9;GRAMD4;DIABLO;SIRT1;SNCA;LCK;MUL1
ARHGEF10,GO_Biological_Process_2023,prerank,Dendritic Spine Morphogenesis (GO:0060997),-0.5264246763914127,-1.0009569109802567,0.49023090586145646,1.0,1.0,6/15,22.82%,NOL3;PTEN;DLG4;EPHB2;SHANK1;DOCK10
ARHGEF10,GO_Biological_Process_2023,prerank,Proton Transmembrane Transport (GO:1902600),0.3909010597042885,1.000898286197353,0.42377260981912146,1.0,1.0,18/49,20.07%,ATP6V1E1;SLC36A2;SLC46A1;NNT;UCP3;ATP1A3;ATP6V0D1;FXYD2;SLC36A1;ATP6V0C;ATP6V1A;ATP6AP2;ATP6V1F;ATP6V0A4;ATP6V0E1;UCP2;ATP6V0B;SLC4A11
ARHGEF10,GO_Biological_Process_2023,prerank,Protein Autophosphorylation (GO:0046777),-0.3512623707696329,-1.0008808964941083,0.43448275862068964,1.0,1.0,62/162,24.47%,TXK;BMX;HCK;ALK;MOS;PDPK1;STK17B;FLT3;MYO3A;STK11;MAK;NTRK1;ATM;NTRK2;EEF2K;EPHA4;DDR2;LRRK2;CAMK2B;GRK7;MAP3K3;SRC;FGFR3;GSK3B;LCK;PRKD2;CHEK2;MAPK15;CDKL5;KIT;EGFR;TYRO3;MKNK1;MAPKAPK3;AURKA;TNIK;FYN;PINK1;FGFR4;OXSR1;WNK3;INSR;ULK3;FLT4;FLT1;ERBB4;TEK;LMTK2;PEAK1;DYRK1A;FGFR1;STK4;DAPK2;CLK2;ATG13;PIKFYVE;SMG1;ERN1;CAMK2D;PTK2;PRKX;DDR1
ARHGEF10,GO_Biological_Process_2023,prerank,Positive Regulation Of Inflammatory Response (GO:0050729),-0.3674871868756135,-1.0006848942575883,0.4391691394658754,1.0,1.0,29/103,21.53%,ZP3;AGT;NLRC4;TRADD;TLR3;NLRP1;PLA2G2A;LCP1;C2CD4B;SNX4;CX3CL1;CD81;NFKBIA;PTGER4;IL15;TNFSF4;CEBPA;NLRP10;ADAM8;SNCA;FEM1A;WNT5A;PDE2A;PLA2G7;PLCG2;MAPK13;DDT;AIM2;IL6ST
ARHGEF10,GO_Biological_Process_2023,prerank,Regulation Of Extrinsic Apoptotic Signaling Pathway (GO:2001236),-0.4016142748775825,-1.0004191481559201,0.45180722891566266,1.0,1.0,21/60,22.20%,NOL3;AGT;TMC8;TNFRSF12A;LTBR;ITGAV;IGF1;WWOX;SIAH2;LTB;CFLAR;SP100;BCL2L12;SRC;PML;AKR1B1;G0S2;HTT;FEM1B;CYLD;FGFR1
ARHGEF10,GO_Biological_Process_2023,prerank,Glucose Metabolic Process (GO:0006006),-0.3998208574640314,-0.9998089608621549,0.43894899536321486,1.0,1.0,14/59,18.14%,CRY1;CRTC2;PPARGC1A;KHSRP;PGAM1;ENO1;PFKFB1;SLC39A14;SLC25A12;H6PD;SLC25A1;MDH2;G6PD;GAA
ARHGEF10,GO_Biological_Process_2023,prerank,Platelet Aggregation (GO:0070527),-0.4344581278951336,-0.9996055578039262,0.4554294975688817,1.0,1.0,13/35,26.51%,GP1BA;TLN1;STXBP3;MYL9;ILK;TYRO3;METAP1;MYL12A;ACTG1;GNAS;RAP2B;MYH9;UBASH3B
ARHGEF10,GO_Biological_Process_2023,prerank,Response To Ethanol (GO:0045471),0.4817022418780852,0.9995433046936426,0.4430992736077482,1.0,1.0,3/18,2.34%,TH;CRHBP;GRIN3A
ARHGEF10,GO_Biological_Process_2023,prerank,Protein Acylation (GO:0043543),-0.43455572281540744,-0.9992127807235228,0.45145631067961167,1.0,1.0,17/37,23.14%,NAA80;EP300;SPHK1;GTF2B;ZDHHC22;ING4;ZDHHC8;ZDHHC12;ZDHHC14;KAT2B;ZDHHC9;ZDHHC2;KAT6A;ZDHHC20;ING5;ZDHHC3;ZDHHC13
ARHGEF10,GO_Biological_Process_2023,prerank,Golgi Organization (GO:0007030),-0.3596663256995048,-0.9990631655542366,0.4503597122302158,1.0,1.0,41/129,22.33%,SPTBN5;CSNK1A1;GOLGA8T;OPTN;TRAPPC11;ZNF501;GOLGA6A;TMED5;GOLGA8N;PI4K2A;GOLGA6B;OBSL1;GOLGB1;ZFP69B;RAB6B;PDCD10;LRRK2;TRIP11;RAB43;GORASP2;COG3;CUL7;YIPF5;GOLGA5;NSFL1C;TMED1;RAB1B;CLASP1;HTT;COG4;GOLGA8A;PI4K2B;RAB2A;SEC16A;RAB30;SURF4;FHDC1;TMED3;USP6NL;CDC42;SEC23IP
ARHGEF10,GO_Biological_Process_2023,prerank,Regulation Of Protein Modification By Small Protein Conjugation Or Removal (GO:1903320),0.42552704650925294,0.9990020010272656,0.4321608040201005,1.0,1.0,14/29,18.02%,DNAJB2;CTNNB1;HIF1A;COPS7A;WASHC1;COPS5;COPS6;COPS8;HSP90AB1;DAXX;HSPA1A;TGFBR1;ITCH;EGR1
ARHGEF10,GO_Biological_Process_2023,prerank,Regulation Of Smooth Muscle Cell Migration (GO:0014910),0.4752107587171562,0.9988643335478957,0.4750593824228028,1.0,1.0,2/19,1.53%,VTN;NELL1
ARHGEF10,GO_Biological_Process_2023,prerank,Synapse Organization (GO:0050808),-0.35696264719529125,-0.9982036162831047,0.44837340876944837,1.0,1.0,43/131,23.48%,FLRT3;PCDHB13;SLC8A2;MAPT;PCDHB14;SLITRK3;ANK3;SNCB;ELFN1;POU4F1;PCDHB4;PTEN;GPM6A;SLITRK1;LRRK2;CX3CL1;PPFIBP1;PCDHB10;PLXND1;CACNB2;CDK5;BDNF;MYOT;SNCA;C5AR1;CDH1;NEDD4;CACNB1;CYFIP1;LRP4;PTPRF;PCDHB2;ZDHHC2;CHRNA7;KIRREL3;GPHN;SNCG;SDK2;NTNG1;CDC42;PCDHB9;PSEN1;FARP1
ARHGEF10,GO_Biological_Process_2023,prerank,Regulation Of Protein Autophosphorylation (GO:0031952),-0.4455807572726509,-0.9980907234938884,0.45645161290322583,1.0,1.0,15/31,25.09%,ENPP1;CALM2;RASSF2;MVP;MOB1B;ENG;IMPACT;CALM1;CHP1;TOM1L1;PDGFD;NLRP12;GPNMB;PDGFB;MRE11
ARHGEF10,GO_Biological_Process_2023,prerank,Learning (GO:0007612),0.39625751344239524,0.9980148582111479,0.44473684210526315,1.0,1.0,11/43,15.46%,TH;NPAS4;TLR2;MAPK8IP2;SYNJ1;PPP3CB;STRA6;NRXN1;SLC8A3;CIC;LGMN
ARHGEF10,GO_Biological_Process_2023,prerank,Regulation Of T Cell Receptor Signaling Pathway (GO:0050856),-0.44007365989944075,-0.9974917308754763,0.44932432432432434,1.0,1.0,9/34,14.78%,LILRB4;PVRIG;CEACAM1;CD81;SLA2;CD226;CD300A;LCK;PRKD2
ARHGEF10,GO_Biological_Process_2023,prerank,Protein K63-linked Deubiquitination (GO:0070536),0.4113429978830448,0.9971348736401398,0.43950617283950616,1.0,1.0,13/33,17.00%,USP33;MPND;OTUD7B;OTUD4;ABRAXAS2;STAMBP;USP50;SPATA2;BABAM1;USP27X;USP13;USP8;BABAM2
ARHGEF10,GO_Biological_Process_2023,prerank,Postsynaptic Membrane Organization (GO:0001941),0.4834862446923246,0.9968489101454732,0.44844124700239807,1.0,1.0,7/17,20.33%,DNAJA3;NRXN2;NRXN1;LRRC4;NLGN1;NLGN4Y;NLGN4X
ARHGEF10,GO_Biological_Process_2023,prerank,Regulation Of Cellular Component Organization (GO:0051128),-0.35136996558437156,-0.9967944271774087,0.4392655367231638,1.0,1.0,64/152,25.92%,SLC2A10;AGT;CEACAM1;WNT3A;PTCH2;SLITRK4;CD177;SPHK1;ANGPTL7;MUC12;RAPGEF2;STK11;PAK6;EBAG9;METTL4;RAB4A;GFAP;BBS10;ING4;MLLT3;ATAD3A;KAT7;PACSIN2;HSPA8;RIT2;RASGRP2;RAB33B;APOE;ZFYVE16;SOCS2;MEAF6;STK38L;NEDD4;MARK4;OPHN1;AURKA;LAMTOR1;TSC2;PINK1;NUBP1;ANKRA2;RUFY2;WNT5A;PLCE1;EGLN2;ATF5;RAP1B;PACSIN3;RAB17;ING5;DCUN1D5;NRG3;ARHGEF11;ROCK2;CDK11B;JADE2;CAMK2D;RAPGEF1;SGK3;CCNL2;PRKCQ;SNCAIP;KIF14;IRAK3
ARHGEF10,GO_Biological_Process_2023,prerank,Regulation Of Organelle Organization (GO:0033043),-0.37320461403424854,-0.9965191666725162,0.4457831325301205,1.0,1.0,36/100,22.03%,TOM1;MAPT;TBC1D25;STOX1;EP300;ACTR5;PDE4DIP;ZEB2;MFF;PDCD10;RBSN;TECPR1;NF2;EHD3;SQSTM1;PRMT6;INO80C;CAPN6;RAB33B;MUL1;MAPK15;RUVBL1;PLXNB1;FIS1;PINK1;SYT11;MAVS;SCARB2;PDE2A;PREB;PRKN;SURF4;SAR1B;INO80D;ARMH3;USP6NL
ARHGEF10,GO_Biological_Process_2023,prerank,Wnt Signaling Pathway (GO:0016055),-0.38544156121022194,-0.9957603911664696,0.4584615384615385,1.0,1.0,28/75,21.14%,FZD9;WNT3A;WNT4;WLS;CSNK1A1;TMEM67;LEF1;PTEN;NR4A2;FZD1;USP34;WNT9B;SIAH2;LRRK2;WNT2B;LRP6;SFRP5;DIXDC1;FZD7;CCDC88C;CPE;RAC3;NID1;WNT5A;FZD8;PLCG2;CD24;SFRP2
ARHGEF10,GO_Biological_Process_2023,prerank,Regulation Of Amyloid-Beta Clearance (GO:1900221),-0.5058164134490628,-0.9955732073501753,0.46921797004991683,1.0,1.0,7/15,25.10%,MYOCD;APOE;CYP51A1;HMGCR;LRPAP1;SRF;LRP1
ARHGEF10,GO_Biological_Process_2023,prerank,Regulation Of Neuron Projection Development (GO:0010975),-0.3453842306814815,-0.9952135036359789,0.4681159420289855,1.0,1.0,64/174,23.19%,NOL3;WNT3A;NOVA2;SCARF1;EP300;ULK4;RTN4RL2;PTEN;DCC;LZTS3;RAPGEF2;ABI3;MAGI2;TSKU;FZD1;NTNG2;NTRK1;NTRK2;EPHA4;DDR2;LRRK2;CAMK2B;CX3CL1;TWF1;CDK5;BDNF;RET;MFSD2A;SEZ6;RIT2;GSK3B;CSMD3;CIB1;ZNF804A;TOX;APOE;CDKL5;TNN;PLPPR5;PTPN9;CAMK1;NCS1;RETREG3;BRSK2;TENM3;KANK1;CRMP1;P3H1;WNT5A;SCARB2;TRPV4;NTRK3;PLXNB2;RAB17;KIF13B;PTN;CFL1;NTNG1;STYXL1;STMN2;MYLIP;PRAG1;DBN1;PSEN1
ARHGEF10,GO_Biological_Process_2023,prerank,Regulation Of Macrophage Chemotaxis (GO:0010758),0.4514447860195611,0.9949798542941636,0.4461538461538462,1.0,1.0,5/20,12.84%,CMKLR1;CSF1;THBS1;MDK;CXCL17
ARHGEF10,GO_Biological_Process_2023,prerank,Activation Of Cysteine-Type Endopeptidase Activity Involved In Apoptotic Process (GO:0006919),-0.3910886703164205,-0.9943811907308256,0.44461305007587254,1.0,1.0,25/67,23.29%,KHDC1L;SLC22A2;NLRC4;MAPT;IFT57;CNTN1;CASP10;CYCS;CASP8;NLRP1;DYNLL1;CASP9;DIABLO;SNCA;LCK;MUL1;KHDC1;CASP2;DAP;BAD;CARD8;HSPE1;CASP8AP2;NLRP12;CRADD
ARHGEF10,GO_Biological_Process_2023,prerank,Intrinsic Apoptotic Signaling Pathway (GO:0097193),-0.36307215178354374,-0.99396312150435,0.4512372634643377,1.0,1.0,44/104,24.28%,TMEM238L;IFI6;TRIB3;SCN2A;DDIT3;POU4F1;CYCS;BAK1;IFI16;SFN;STK11;ATM;MAP3K5;CASP9;CEBPB;BCL2L2;DIABLO;CHEK2;BCL2L11;PDK2;TOPORS;PML;BRSK2;CASP2;BAG6;BCL2L1;PRKCD;MOAP1;ERO1A;MYBBP1A;BAD;BNIP3;CD24;GSKIP;CUL4A;ITPR1;PPP1R15A;PPP1R13B;CUL1;CUL3;E2F1;ERN1;CASP3;ERN2
ARHGEF10,GO_Biological_Process_2023,prerank,Sulfur Amino Acid Metabolic Process (GO:0000096),-0.5015054561434142,-0.9937182188407178,0.4774624373956594,1.0,1.0,9/17,21.22%,NOX4;CTH;CPS1;CDO1;MTHFD1;MTHFR;MMUT;MSRA;TST
ARHGEF10,GO_Biological_Process_2023,prerank,Positive Regulation Of Monocyte Chemotaxis (GO:0090026),0.4773150081171077,0.9932144464964259,0.4602409638554217,1.0,1.0,5/18,15.46%,HMGB1;SERPINE1;CXCL17;CREB3;LGMN
ARHGEF10,GO_Biological_Process_2023,prerank,"Phagocytosis, Engulfment (GO:0006911)",-0.45446733073315315,-0.9930793515138557,0.49917627677100496,1.0,1.0,15/30,26.06%,TIMD4;ITGB2;XKR7;ITGAM;XKR5;XKR6;RAC3;AIF1;CDC42;GSN;XKR9;XKR8;XKR4;MYH9;ARHGAP12
ARHGEF10,GO_Biological_Process_2023,prerank,Regulation Of Cyclin-Dependent Protein Kinase Activity (GO:1904029),0.37638885485308515,0.9930367481495517,0.4418604651162791,1.0,1.0,18/53,19.06%,CDKN2C;CCNA1;CCND3;TTBK1;MNAT1;CCNB3;CDKN3;BLM;CCNI;HSP90AB1;CCNA2;CCNK;CCNT1;CCNE1;CCNH;CDC25C;PKMYT1;CDK5R1
ARHGEF10,GO_Biological_Process_2023,prerank,Blood Vessel Morphogenesis (GO:0048514),0.37855682605833096,0.9930003635998466,0.4305555555555556,1.0,1.0,22/53,20.78%,NELL1;TBX20;TNNI3;TBX6;RAMP2;NF1;STRA6;PROX1;LOX;TGFB1;CDH2;SMAD7;ID1;EFNB2;CCM2;CYP1B1;TGFBR1;APELA;HES1;KDR;HAS2;GLMN
ARHGEF10,GO_Biological_Process_2023,prerank,Positive Regulation Of Cytokine-Mediated Signaling Pathway (GO:0001961),0.38502042775611295,0.9925374811464925,0.4433249370277078,1.0,1.0,14/44,15.95%,EDN1;CXCR4;CSF1;HIF1A;RIPK1;C1QTNF4;AGPAT1;IKBKE;PARP9;TRIM6;CPNE1;TSLP;USP27X;HSPA1A
ARHGEF10,GO_Biological_Process_2023,prerank,Negative Regulation Of RNA Splicing (GO:0033119),-0.4882738598667982,-0.9920988923371242,0.4816053511705686,1.0,1.0,8/19,22.37%,SRSF10;RBM20;SRSF4;PCBP4;RBMX;RPS13;SAP18;SRSF6
ARHGEF10,GO_Biological_Process_2023,prerank,Cellular Response To Tumor Necrosis Factor (GO:0071356),0.33150745768448914,0.9920742154098491,0.43278688524590164,1.0,1.0,30/117,17.22%,CRHBP;BIRC3;TNFRSF1B;SPAM1;CD40;NKX3-1;IKBKB;NR1D1;GPER1;DAB2IP;TXNDC17;RIPK1;ERBIN;EIF5A;NPNT;TP53;PYCARD;AKT1;HYAL1;ACTN4;YBX3;RELA;TRAF1;TRAF6;RPS3;BIRC2;CD58;ARHGEF2;TNFSF11;PID1
ARHGEF10,GO_Biological_Process_2023,prerank,T Cell Homeostasis (GO:0043029),0.49008311334762117,0.9917852400520806,0.4468599033816425,1.0,1.0,5/15,21.19%,FOXP3;AKT1;ZC3H8;JAK3;PMAIP1
ARHGEF10,GO_Biological_Process_2023,prerank,Positive Regulation Of Interleukin-17 Production (GO:0032740),-0.4686589820119884,-0.9916926030560486,0.4846938775510204,1.0,1.0,5/24,12.95%,IL23R;NR1H4;SPHK1;ZBTB7B;IL15
ARHGEF10,GO_Biological_Process_2023,prerank,Vesicle Transport Along Actin Filament (GO:0030050),-0.49383617865203217,-0.9904049449786309,0.47487844408427876,1.0,1.0,7/18,19.90%,MYO1G;MYO1A;MYO6;MYO5B;MYO15A;MYO1F;MYO1B
ARHGEF10,GO_Biological_Process_2023,prerank,Liver Development (GO:0001889),-0.43470375132161126,-0.99019339642495,0.4698205546492659,1.0,1.0,14/35,24.84%,WNT4;XBP1;DNAAF1;UGT1A8;CEBPB;CEBPA;PCSK9;E2F8;AURKA;ZIC3;LSR;CCDC40;MET;CCDC39
ARHGEF10,GO_Biological_Process_2023,prerank,mRNA Modification (GO:0016556),-0.45038152144746735,-0.9901564096732284,0.459412780656304,1.0,1.0,12/27,26.22%,PUS3;METTL4;TRMT10C;RPUSD4;CBLL1;METTL16;TRUB1;METTL14;TRMT61A;NSUN2;CMTR1;DKC1
ARHGEF10,GO_Biological_Process_2023,prerank,Negative Regulation Of Reproductive Process (GO:2000242),-0.475582297221751,-0.9897986531271328,0.4666666666666667,1.0,1.0,9/20,17.20%,ZP3;ARHGDIB;SEMG1;TIMP1;CALR;IGF1;AMH;NPPC;GJA1
ARHGEF10,GO_Biological_Process_2023,prerank,Negative Regulation Of Release Of Cytochrome C From Mitochondria (GO:0090201),-0.5014725317686133,-0.9892133253683917,0.4753521126760563,1.0,1.0,6/16,19.72%,NOL3;BAK1;AVP;IGF1;BCL2L1;PRKN
ARHGEF10,GO_Biological_Process_2023,prerank,Transcription Initiation-Coupled Chromatin Remodeling (GO:0045815),0.4089493214860162,0.9891791663298843,0.45384615384615384,1.0,1.0,16/34,18.81%,DPY30;SMARCB1;SMARCD1;SPHK2;SMARCA4;N6AMT1;TP53;NIBAN2;MEN1;VPS72;KMT2A;BRD7;ATF2;PHF1;ASH2L;TRMT112
ARHGEF10,GO_Biological_Process_2023,prerank,Negative Regulation Of Protein Tyrosine Kinase Activity (GO:0061099),-0.46660369961390596,-0.9891664656402012,0.458128078817734,1.0,1.0,6/23,19.06%,LILRB4;CBLB;GPRC5A;MVP;VPS25;DUSP22
ARHGEF10,GO_Biological_Process_2023,prerank,Cellular Response To Chemical Stress (GO:0062197),-0.3779340387762414,-0.9891328741111436,0.46747352496217853,1.0,1.0,27/89,20.87%,CPEB2;SRXN1;TBC1D24;PPARGC1A;ALDH3B1;RBM11;STOX1;PNPT1;ATM;NQO1;ZC3H12A;CCS;LRRK2;SNCA;SELENOS;SUMO4;VKORC1L1;PIK3CA;FOXO3;PINK1;G6PD;PYROXD1;HSPA1B;TRPV4;PRDX5;MSRA;AIF1
ARHGEF10,GO_Biological_Process_2023,prerank,Mitochondrial Cytochrome C Oxidase Assembly (GO:0033617),0.4530018442540118,0.9889220024512693,0.44554455445544555,1.0,1.0,9/22,15.68%,STMP1;PET117;COA5;COA3;TMEM223;COX14;TIMM21;SURF1;SCO2
ARHGEF10,GO_Biological_Process_2023,prerank,T Cell Activation (GO:0042110),-0.3633394427835892,-0.9884833264170477,0.4516616314199396,1.0,1.0,25/103,23.07%,IFNK;CASP8;TRBC2;GATA3;NHEJ1;LCP1;CD74;CD276;SLA2;TNFSF4;CD7;NLRC3;IRF4;LCK;PPP3CA;KIT;GPR89B;CXADR;CTPS1;NCK1;KIF13B;RHOH;CHD7;DDOST;NCK2
ARHGEF10,GO_Biological_Process_2023,prerank,Regulation Of Protein Polymerization (GO:0032271),-0.4315516666634165,-0.9884722754134049,0.4659090909090909,1.0,1.0,10/33,14.17%,MAPT;TPPP;TPPP3;DAAM2;MEGF9;MAPRE3;COTL1;RASA1;ARHGAP18;GBA2
ARHGEF10,GO_Biological_Process_2023,prerank,Negative Regulation Of Cyclin-Dependent Protein Kinase Activity (GO:1904030),-0.4783279364585623,-0.9883545042725562,0.4594594594594595,1.0,1.0,8/20,17.45%,PTEN;CDKN2A;HEXIM1;MYOCD;HHEX;CEBPA;INCA1;CDKN1B
ARHGEF10,GO_Biological_Process_2023,prerank,Cellular Response To Glucocorticoid Stimulus (GO:0071385),0.4680422744773605,0.9877380492587269,0.4675,1.0,1.0,6/17,23.00%,FAM107A;PCK2;UBE2L3;REST;ZFP36L2;HNRNPU
ARHGEF10,GO_Biological_Process_2023,prerank,Antigen Processing And Presentation Of Peptide Antigen Via MHC Class II (GO:0002495),0.432989551098656,0.9874375539397379,0.48677248677248675,1.0,1.0,8/26,16.11%,CTSE;CTSV;CTSF;DNM2;HLA-DMB;HLA-DOB;LGMN;HLA-DOA
ARHGEF10,GO_Biological_Process_2023,prerank,Negative Regulation Of Inflammatory Response To Antigenic Stimulus (GO:0002862),-0.5022296812974407,-0.9873999976585608,0.47394957983193275,1.0,1.0,11/16,25.28%,HCK;SYK;YES1;SRC;FURIN;SELENOS;FYN;HLA-DRB1;MAPK14;MKRN2;LYN
ARHGEF10,GO_Biological_Process_2023,prerank,Positive Regulation Of Epithelial To Mesenchymal Transition (GO:0010718),-0.4121113472935851,-0.9872788232413543,0.44754098360655736,1.0,1.0,17/47,22.41%,AGT;TGFB1I1;LEF1;DAB2;LOXL2;GLIPR2;NOTCH1;LRG1;ZNF703;EMP2;TGFB2;TGFB3;OLFM1;TIAM1;TGFBR2;JAG1;EZH2
ARHGEF10,GO_Biological_Process_2023,prerank,Phospholipid Translocation (GO:0045332),0.41747331910458707,0.9871341330633819,0.4691358024691358,1.0,1.0,15/31,21.74%,ATP10B;ATP9A;ABCA7;TMEM30B;ATP8B2;ATP11A;ATP8B3;P2RX7;ATP9B;PLSCR2;TMEM30A;ATP11B;ATP8B1;ATP10D;ATP11C
ARHGEF10,GO_Biological_Process_2023,prerank,Negative Regulation Of Inflammatory Response (GO:0050728),-0.3633841897272791,-0.9870743455327456,0.5074404761904762,1.0,1.0,38/110,23.20%,PTPN6;OTULIN;ENPP3;NR1H4;HCK;RB1;GBA1;C1QTNF3;TRIM45;IL22RA1;AOAH;GATA3;SYK;IGF1;YES1;PTGER4;SRC;NLRC3;TNFAIP6;FURIN;CD200R1;APOE;SELENOS;PROC;TYRO3;FYN;FEM1A;HLA-DRB1;PRKCD;MVK;TEK;MACIR;CYLD;METRNL;NLRP12;CD200;MAPK14;MKRN2
ARHGEF10,GO_Biological_Process_2023,prerank,Positive Regulation Of Mononuclear Cell Migration (GO:0071677),-0.4366946489391323,-0.9870522794484071,0.4543918918918919,1.0,1.0,8/31,22.01%,LGALS9;CALR;JAM2;C1QBP;CXCL12;PLA2G7;AIF1;GAS6
ARHGEF10,GO_Biological_Process_2023,prerank,Organic Substance Transport (GO:0071702),-0.33753916305324333,-0.9870293546702066,0.4886211512717537,1.0,1.0,56/197,20.28%,ARRDC4;SLC22A2;RD3;TRPV6;SLC22A3;SLC22A18;LRP1B;CDH23;TOM1;SLCO1A2;DENND10;TCN1;RAMP1;SLC6A3;ARRDC2;PCTP;CACNA2D1;ATP2C1;AQP3;SLC22A7;CALCRL;SLC22A5;VAMP2;AVP;CBLIF;NMUR1;RAB7A;SNX4;SNX7;CEP290;MFSD2A;AQP5;AQP4;SPNS2;PLTP;RAMP3;KIF3A;TRPC1;RAB38;ABCA12;PKD1;CACNA1D;HIKESHI;FYN;HSP90B1;ARRDC3;CHRNA4;SLCO2A1;TRPC5;TRPV4;FLVCR1;LRP2;MFSD12;CHRNA7;SLC29A3;TRPC4
ARHGEF10,GO_Biological_Process_2023,prerank,Epidermis Development (GO:0008544),0.34968954018623666,0.9867770975607145,0.41786743515850144,1.0,1.0,12/83,11.87%,SCEL;ZNF750;SVEP1;ASIC2;SPRR2F;KLK5;KRT15;KRTDAP;POU2F3;GRHL1;FGFR2;EDA2R
ARHGEF10,GO_Biological_Process_2023,prerank,Integrated Stress Response Signaling (GO:0140467),0.4169814640612749,0.9866648255797416,0.4278481012658228,1.0,1.0,9/29,16.87%,BATF;MAFB;JUN;EIF2S1;EIF2AK2;CREB3;CREBZF;QRICH1;BATF2
ARHGEF10,GO_Biological_Process_2023,prerank,Organic Cyclic Compound Biosynthetic Process (GO:1901362),0.4168571060750968,0.986087322264108,0.45685279187817257,1.0,1.0,11/29,20.80%,HSD17B3;SCP2;NOXRED1;PYCR1;PYCR2;MOCS2;DHRS11;HSD17B1;MOCOS;PRLR;GUCY2C
ARHGEF10,GO_Biological_Process_2023,prerank,Regulation Of Protein Kinase Activity (GO:0045859),-0.36347499567293023,-0.985942874298858,0.4752186588921283,1.0,1.0,52/116,26.16%,MMD2;CEACAM1;ALS2;TRIB3;GNAQ;RB1;PDPK1;CENPE;RAPGEF2;SFN;RASSF2;DDR2;CAMK2N2;MAPRE3;MAP3K5;LRRK2;XRCC5;LRP6;PRKRIP1;LCP2;SIRT1;SNCA;PPM1E;CCNYL1;C5AR1;AZU1;JTB;EPHB2;TSC2;UVRAG;SOD1;PLCE1;CHP1;GSKIP;ECT2;AKT1S1;TAB2;TARBP2;GAS6;CAV3;CCNY;TRAF4;QARS1;PTK2;GSTP1;CAMKK1;ITGB1BP1;RAP2B;RTRAF;PAK2;PYDC1;CDKN1A
ARHGEF10,GO_Biological_Process_2023,prerank,Cellular Response To Fatty Acid (GO:0071398),-0.5055855308793045,-0.9859177001500872,0.49409780775716694,1.0,1.0,4/16,10.30%,NR1H4;KCNK4;LCP1;ZC3H12A
ARHGEF10,GO_Biological_Process_2023,prerank,Endothelial Cell Migration (GO:0043542),0.3947437430702619,0.9858948505915632,0.45885286783042395,1.0,1.0,8/39,10.53%,S100P;NOS3;NELL1;LGALS8;PTP4A3;PRSS3;ADGRA2;MEN1
ARHGEF10,GO_Biological_Process_2023,prerank,Regulation Of Chemokine Production (GO:0032642),-0.41881342370686714,-0.9857504717750473,0.5079872204472844,1.0,1.0,7/41,13.14%,LILRB4;TLR3;LGALS9;LCP1;CD74;SNAI2;TNFSF4
ARHGEF10,GO_Biological_Process_2023,prerank,Peptide Catabolic Process (GO:0043171),0.4458008359663412,0.985686423212593,0.46228710462287104,1.0,1.0,10/21,18.22%,ERAP1;ADAMTS13;LNPEP;CPQ;CTSH;TPP1;DPEP1;LTA4H;NPEPPS;XPNPEP1
ARHGEF10,GO_Biological_Process_2023,prerank,Protein Kinase B Signaling (GO:0043491),-0.4608385768062639,-0.985480452670113,0.49335548172757476,1.0,1.0,9/24,23.20%,PAX2;BTBD10;PTEN;IGF1;CCL2;TYRO3;TSC2;GAS6;MKRN2
ARHGEF10,GO_Biological_Process_2023,prerank,Apoptotic Cell Clearance (GO:0043277),-0.4457762978581788,-0.9846181027988931,0.5,1.0,1.0,14/28,25.91%,TIMD4;ALOX15;XKR7;ITGAV;XKR5;XKR6;TYRO3;RAC3;GAS6;XKR9;XKR8;XKR4;LRP1;NR1H3
ARHGEF10,GO_Biological_Process_2023,prerank,Fluid Transport (GO:0042044),-0.493683356393673,-0.9842959052808135,0.5033670033670034,1.0,1.0,5/17,16.73%,AQP3;AVP;AQP5;AQP4;SLC26A6
ARHGEF10,GO_Biological_Process_2023,prerank,Outer Dynein Arm Assembly (GO:0036158),0.44966521946160243,0.9840721263344194,0.4531645569620253,1.0,1.0,9/21,15.03%,DNAAF6;DNAI2;ODAD4;ODAD2;DNAAF8;DNAL1;DNAI1;NISCH;DNAH5
ARHGEF10,GO_Biological_Process_2023,prerank,Maturation Of SSU-rRNA (GO:0030490),0.3960539717408867,0.983572357134897,0.46683673469387754,1.0,1.0,20/37,24.40%,NOP14;RIOK2;WDR43;MRPS11;DHX37;RPS16;NGDN;TSR1;SPPL2B;SRFBP1;UTP25;WDR3;MPHOSPH10;RPS14;RPS28;RPS19;TSR3;RIOK3;WDR46;DDX52
ARHGEF10,GO_Biological_Process_2023,prerank,Positive Regulation Of Transcription By RNA Polymerase I (GO:0045943),0.4115039980694186,0.9835124279019979,0.44959128065395093,1.0,1.0,10/33,16.32%,ASIC2;SF3B1;SMARCB1;WDR43;SMARCA4;LYAR;MARS1;DHX33;PHF8;IPPK
ARHGEF10,GO_Biological_Process_2023,prerank,tRNA Aminoacylation For Protein Translation (GO:0006418),0.40611292198501,0.9833085507138036,0.4730077120822622,1.0,1.0,16/35,21.67%,PARS2;FARSB;WARS2;MARS1;TARS2;EARS2;FARSA;DARS2;DARS1;GARS1;NARS1;RARS1;SARS1;KARS1;LARS1;EPRS1
ARHGEF10,GO_Biological_Process_2023,prerank,Regulation Of Granulocyte Macrophage Colony-Stimulating Factor Production (GO:0032645),-0.5110788143557873,-0.9828678357881179,0.5060869565217392,1.0,1.0,1/15,2.32%,IL23R
ARHGEF10,GO_Biological_Process_2023,prerank,Histone Deubiquitination (GO:0016578),0.4121728383251618,0.9826792489726383,0.4763157894736842,1.0,1.0,11/34,17.34%,TAF12;MPND;SUPT3H;TAF2;ENY2;SF3B3;KAT2A;BABAM1;SUPT7L;BABAM2;TAF5
ARHGEF10,GO_Biological_Process_2023,prerank,Transmembrane Receptor Protein Tyrosine Kinase Signaling Pathway (GO:0007169),-0.3281122877545783,-0.9826783125666451,0.5135135135135135,1.0,1.0,77/283,20.13%,EFNB1;FLRT3;EPHA5;HCK;FRS3;ALK;TIE1;FGF9;BDKRB2;DOK4;FGF16;FLT3;FGF23;RAPGEF2;SYK;FRK;BAIAP2;SAMD10;NTRK1;IGF1;NTRK2;EPHA4;DDR2;SULF2;YES1;GH2;EFNA3;ANKS1A;RASA1;SH2D6;PTPRT;CLNK;ADRB2;FLRT2;BDNF;SRC;CD7;SLC39A14;LCP2;RET;FGFR3;GSK3B;LCK;PRKD2;CASS4;MVP;MST1R;CEP57;SOCS2;SHC3;KIT;PDK2;FRS2;EGFR;EFNB3;TYRO3;PIK3CA;MAPKAPK3;GAB1;SHC1;COL4A2;EPHB2;AHI1;TSC2;FYN;FGFR4;NGF;INSR;GRB10;VEGFC;FLT4;EFNA5;SOGA1;FLT1;ERBB4;NTRK3;TEK
ARHGEF10,GO_Biological_Process_2023,prerank,Protein Polymerization (GO:0051258),-0.38875642738439337,-0.9824601382440604,0.49923195084485406,1.0,1.0,25/63,23.60%,SPIRE2;WASHC3;MICALL2;MAPT;TPPP;TPPP3;WAS;CATIP;SPIRE1;WASF1;FGF13;RNF135;DIAPH3;MSRB2;HDGFL3;TRPV4;PRKN;PREX1;ANG;FHDC1;CKAP5;UBE2C;GSN;MSRB1;TTC17
ARHGEF10,GO_Biological_Process_2023,prerank,Inner Mitochondrial Membrane Organization (GO:0007007),0.414903885725162,0.9823726714212784,0.4715909090909091,1.0,1.0,14/34,20.30%,TIMM13;GHITM;IMMT;MTX3;APOO;MICOS13;OPA1;HSPA9;DNAJC11;MICOS10;MTX1;CIBAR1;TIMM10B;TRMT10B
ARHGEF10,GO_Biological_Process_2023,prerank,Unsaturated Fatty Acid Metabolic Process (GO:0033559),-0.4031526310691691,-0.982193641137878,0.5092592592592593,1.0,1.0,11/49,12.61%,SCD5;FADS3;ELOVL3;ALOX15;ABHD6;CYP4A22;PLA2G4A;PLA2G4B;ELOVL2;DAGLA;RAPSN
ARHGEF10,GO_Biological_Process_2023,prerank,Protein Dephosphorylation (GO:0006470),-0.3567132954010711,-0.9820952375534235,0.4660633484162896,1.0,1.0,55/122,27.11%,PPM1M;TPTE;PTPN6;PTPRH;MTMR4;PPP2R5B;PPM1D;PTEN;PDPR;PPP1CC;STK11;PDXP;PPP2R5D;PPP3CC;MTMR7;PPP2R1A;DUSP5;PTPRT;SSH2;PPM1E;PGAM5;CDC14B;PPP1CB;PPP3R1;PPP3CA;PPP4R3A;PTPRZ1;MTMR3;PPP1R12A;PTPN9;PPP2R2A;TIMM50;DUSP22;PTPRF;NCK1;PPP5C;PTPN3;DUSP1;PTPRM;PPP1R15A;PPM1G;ILKAP;PPP2R5C;PPP2R5E;PPP1CA;PPM1H;DUSP7;PTPRD;CTDSP2;MTM1;SDHAF2;UBASH3B;PTPRA;PPTC7;CTDSP1
ARHGEF10,GO_Biological_Process_2023,prerank,Establishment Of Protein Localization To Plasma Membrane (GO:0061951),-0.4186023345020485,-0.9820211666236881,0.47668393782383417,1.0,1.0,18/37,23.63%,RILPL2;ANK3;OPTN;NSF;VAMP2;RAB7A;ATP6AP1;GORASP2;RAB10;RAB26;KRT18;RAB34;GGA3;KIF13A;PHAF1;RAB31;MACF1;BLZF1
ARHGEF10,GO_Biological_Process_2023,prerank,Eye Development (GO:0001654),0.37254847709529554,0.9819360096261941,0.4732620320855615,1.0,1.0,16/55,18.61%,MAB21L2;PAX6;SMOC1;SMG9;STRA6;RAB18;HIPK2;EFEMP1;SALL2;MEIS2;BLOC1S3;POLR2D;SCO2;BMPR1B;FREM2;GDF3
ARHGEF10,GO_Biological_Process_2023,prerank,Stress Granule Assembly (GO:0034063),0.4347878823681582,0.9815069541543585,0.4441747572815534,1.0,1.0,7/23,11.42%,YTHDF2;PRRC2C;DYNC1H1;BICD1;CSDE1;G3BP2;EIF2S1
ARHGEF10,GO_Biological_Process_2023,prerank,Phosphatidylinositol Phosphate Biosynthetic Process (GO:0046854),0.38556371895927377,0.9810891489479618,0.4572192513368984,1.0,1.0,14/44,17.63%,ITPKA;ITPKB;PIK3CB;PIK3C2B;TTC7A;PIK3CD;ITPKC;PIK3R1;PI4KA;SOCS5;PIP4K2B;EFR3A;EFR3B;SOCS1
ARHGEF10,GO_Biological_Process_2023,prerank,Embryonic Heart Tube Development (GO:0035050),-0.49756693583545253,-0.980569578247085,0.48547008547008547,1.0,1.0,1/17,0.09%,HAND1
ARHGEF10,GO_Biological_Process_2023,prerank,Protein Targeting To Mitochondrion (GO:0006626),0.36818668665925675,0.9805099297799625,0.4662576687116564,1.0,1.0,23/59,20.30%,TOMM7;TOMM20L;TIMM13;PITRM1;TOMM40L;MFN2;TSPO;DNAJC15;IMMP1L;TIMM21;GDAP1;PAM16;IMMP2L;MTCH1;HSPD1;BCAP31;MTX1;TOMM40;DNLZ;TIMM10B;FBXO7;PMPCB;TRMT10B
ARHGEF10,GO_Biological_Process_2023,prerank,Negative Regulation Of Cyclin-Dependent Protein Serine/Threonine Kinase Activity (GO:0045736),-0.48193510910032206,-0.9799902597358714,0.4743150684931507,1.0,1.0,8/19,17.45%,PTEN;CDKN2A;HEXIM1;MYOCD;HHEX;CEBPA;INCA1;CDKN1B
ARHGEF10,GO_Biological_Process_2023,prerank,DNA-templated Transcription Termination (GO:0006353),0.4730169058664977,0.9797202209955358,0.46851385390428213,1.0,1.0,8/16,24.06%,POLR1H;PCF11;MTERF2;MAZ;XRN2;MTERF1;SCAF8;PRMT5
ARHGEF10,GO_Biological_Process_2023,prerank,Response To ATP (GO:0033198),-0.4649915247384539,-0.9796854943030014,0.5108303249097473,1.0,1.0,9/20,18.08%,P2RX3;P2RX4;NT5E;ENPP1;PDXP;TRPV1;DGKQ;HSP90B1;P2RY11
ARHGEF10,GO_Biological_Process_2023,prerank,NLS-bearing Protein Import Into Nucleus (GO:0006607),0.4762692405339645,0.9791305030575975,0.46943765281173594,1.0,1.0,7/17,20.40%,KPNA7;RGPD4;RGPD8;RGPD5;RANBP2;KPNA3;IPO5
ARHGEF10,GO_Biological_Process_2023,prerank,Positive Regulation Of Phospholipase Activity (GO:0010518),-0.474136862888055,-0.9789704047355421,0.48848684210526316,1.0,1.0,7/20,22.20%,ARF4;PDPK1;FGFR3;KIT;FLT1;FGF2;FGFR1
ARHGEF10,GO_Biological_Process_2023,prerank,Positive Regulation Of Response To Stimulus (GO:0048584),-0.38110903170077814,-0.9788028734987824,0.49147286821705427,1.0,1.0,29/76,25.24%,C6;CFP;ACTR5;HOMER1;GATA3;CCDC117;CDKN2AIP;ECHDC3;IL15;MARCHF6-DT;SIRT1;INO80C;TGFB2;ILK;RUVBL1;ERCC6;SMCHD1;EGFR;EYA1;MAVS;WNT5A;NPAS2;EYA2;INO80D;RNF168;H2AX;TIGAR;EYA3;TAF9
ARHGEF10,GO_Biological_Process_2023,prerank,Regulation Of Postsynaptic Membrane Potential (GO:0060078),0.3998359233206653,0.9786748722626718,0.48086124401913877,1.0,1.0,12/35,17.02%,NPAS4;NPFF;GABRE;ARRB2;MAPK8IP2;CHRNA3;GABRA5;GABRA4;GRIN2C;GABRA2;INSYN2A;GABRG1
ARHGEF10,GO_Biological_Process_2023,prerank,"Chemical Synaptic Transmission, Postsynaptic (GO:0099565)",0.4263446399757114,0.9785427861109542,0.4963855421686747,1.0,1.0,5/25,8.13%,NPAS4;NPFF;ARRB2;MAPK8IP2;CHRNA3
ARHGEF10,GO_Biological_Process_2023,prerank,Positive Regulation Of Release Of Cytochrome C From Mitochondria (GO:0090200),0.426635197786113,0.9785031823956674,0.4742014742014742,1.0,1.0,15/25,22.95%,BMF;GPER1;PDCD5;BIK;TP53;PYCARD;DNM1L;PLAUR;BID;PPIF;CIDEB;MMP9;PMAIP1;BBC3;MLLT11
ARHGEF10,GO_Biological_Process_2023,prerank,Regulation Of Bone Resorption (GO:0045124),0.41462431463481897,0.97829773592242,0.4521276595744681,1.0,1.0,6/28,12.83%,S1PR1;SIGLEC15;NF1;SPP1;GPR137;P2RX7
ARHGEF10,GO_Biological_Process_2023,prerank,Regulation Of Monocyte Differentiation (GO:0045655),0.47943912412320483,0.9778769908814844,0.45144356955380577,1.0,1.0,5/15,16.70%,IRF7;CSF1;CD4;FOXP1;FES
ARHGEF10,GO_Biological_Process_2023,prerank,Monoatomic Cation Homeostasis (GO:0055080),-0.37904039158454117,-0.9776312264566894,0.49923664122137407,1.0,1.0,20/77,17.56%,TRPV6;TMPRSS6;SLC12A3;ANK3;LETMD1;LETM2;SCNN1B;SCNN1A;SCNN1G;FAM20A;GRIN1;SLC39A14;HFE;CUTC;SNCA;XIAP;WNK1;UNC80;TMTC2;SLC12A9
ARHGEF10,GO_Biological_Process_2023,prerank,Left/Right Pattern Formation (GO:0060972),-0.438308134981556,-0.9766303585914998,0.48494983277591974,1.0,1.0,13/31,20.12%,CFC1;CCDC103;CFAP53;PKD1L1;STIL;DNAAF1;NOTCH1;FOXJ1;DNAAF4;DLL1;KIF3B;ZIC3;GALNT11
ARHGEF10,GO_Biological_Process_2023,prerank,NAD Biosynthetic Process (GO:0009435),0.46988234412877766,0.9766137783825795,0.47277227722772275,1.0,1.0,5/17,10.64%,PARP16;NAPRT;QPRT;NADSYN1;PARP9
ARHGEF10,GO_Biological_Process_2023,prerank,Dendritic Cell Migration (GO:0036336),0.46535707452916214,0.9760958708017914,0.48872180451127817,1.0,1.0,4/18,14.41%,CXCR4;CXCR2;HMGB1;CLU
ARHGEF10,GO_Biological_Process_2023,prerank,Regulation Of Protein Localization To Plasma Membrane (GO:1903076),0.3434422688428708,0.9759896115182154,0.49122807017543857,1.0,1.0,33/80,18.90%,NKD2;GPER1;EPHA3;ATP2B4;ITGB1;SORBS1;ZDHHC5;RANGRF;PPP2R5A;MMP14;STX8;AKT1;PRKCI;ITGA3;MRAP2;CLTC;TMBIM1;PIK3R1;STAC2;TGFB1;PRKCE;STX4;ARF6;SPTBN1;DLG1;PICALM;TMEM59;VTI1B;PID1;ACTB;APPL1;VAMP8;DPP10
ARHGEF10,GO_Biological_Process_2023,prerank,Cortical Actin Cytoskeleton Organization (GO:0030866),0.4512847290084847,0.9756837265031278,0.48325358851674644,1.0,1.0,8/19,18.15%,FMNL2;IKBKB;NCKAP1;FMNL3;DLG1;ROCK1;FHOD1;FMNL1
ARHGEF10,GO_Biological_Process_2023,prerank,Endocytic Recycling (GO:0032456),-0.38453421202790533,-0.9750226029419568,0.48519736842105265,1.0,1.0,17/62,16.57%,MICALL2;WIPF3;EPS15;CCDC22;DENND1C;WASH6P;VAMP4;DENND1B;EHD1;RAB7A;SNX4;SNX7;ATP6AP1;EHD3;WASH2P;WASHC2C;STX16
ARHGEF10,GO_Biological_Process_2023,prerank,Negative Regulation Of Cell Growth (GO:0030308),0.3249876288392397,0.9748988812656493,0.48264984227129337,1.0,1.0,35/125,17.36%,CDKN2C;HNF4A;CYP27B1;DACT3;FRZB;DNAJB2;CRLF3;PPP1R9B;CDA;FHL1;BCL6;TP53TG5;ESR2;ST20;SLIT1;TRIM46;SPHK2;SMARCA4;TP53;FLCN;NPR1;HYAL1;TSPYL2;ST7L;TGFB1;NAIF1;JADE1;ULK2;CCAR2;SH3BP4;HSPA1A;CGRRF1;PTPRS;GNG4;TCHP
ARHGEF10,GO_Biological_Process_2023,prerank,Regulation Of Neuronal Synaptic Plasticity (GO:0048168),-0.4299413872080862,-0.9744229977092128,0.48932676518883417,1.0,1.0,13/34,23.15%,NOL3;SLC8A2;SYNGR1;GRIN2B;NETO1;GRIN1;CAMK2B;DLG4;APOE;EPHB2;ZDHHC2;MCTP1;DBN1
ARHGEF10,GO_Biological_Process_2023,prerank,Keratan Sulfate Biosynthetic Process (GO:0018146),-0.5087869421976801,-0.9738363352394509,0.5219594594594594,1.0,1.0,4/15,9.17%,B3GNT3;CHST2;B3GNT4;CHST5
ARHGEF10,GO_Biological_Process_2023,prerank,Response To Peptide Hormone (GO:0043434),-0.39550409732750746,-0.9736173761450418,0.5084745762711864,1.0,1.0,12/54,13.86%,CRY1;CITED1;OGT;STAT4;STAT5A;EIF2B5;XBP1;ZBTB7B;GHRHR;SLC2A1;SRC;SIRT1
ARHGEF10,GO_Biological_Process_2023,prerank,Actin Filament Organization (GO:0007015),-0.3505739631669007,-0.9733928242237405,0.5373961218836565,1.0,1.0,54/144,23.15%,SPIRE2;VILL;ELMO3;CORO1C;GAS2L1;SERPINB8;XIRP2;MYO1G;WAS;MYO1A;ACTA1;LCP1;BAIAP2;MYO6;CORO1A;MARCKS;CNN1;ALDOA;CD2AP;RFLNA;SPIRE1;CORO1B;TLE6;EMP2;EVL;ENAH;RND1;KASH5;MYO5B;RAC2;MYO15A;WIPF1;RHOG;CASS4;CARMIL2;RAC3;SHROOM4;SHROOM2;TRPV4;PRSS8;MYO1F;MYO1B;CARMIL1;NEB;MARCKSL1;AIF1;BAIAP2L1;SH3D21;EPS8;CDC42;GSN;BAIAP2L2;CNN2;DBN1
ARHGEF10,GO_Biological_Process_2023,prerank,Sensory Perception Of Sound (GO:0007605),-0.36770678378881794,-0.9731065873825705,0.5029850746268657,1.0,1.0,28/91,20.26%,OTOR;GSDME;CDH23;MYO1A;P2RX2;MYO3A;COL11A1;PAX3;USP53;SLC26A4;TIMM8B;TSPEAR;TMC1;SNAI2;CLIC5;SPNS2;KCNQ1;LOXHD1;SPTBN4;KIT;TIMM10;CACNA1D;EYA1;LHFPL5;PDZD7;SOD1;LRP2;CDC14A
ARHGEF10,GO_Biological_Process_2023,prerank,Phosphatidylglycerol Metabolic Process (GO:0046471),-0.47416249671831884,-0.9728228639829132,0.49504950495049505,1.0,1.0,9/20,21.33%,PLA2G4D;MBOAT2;PLA2G4A;PLA2G4B;GPAM;SERAC1;PLA2G15;TAFAZZIN;LPCAT1
ARHGEF10,GO_Biological_Process_2023,prerank,Negative Regulation Of Ion Transmembrane Transporter Activity (GO:0032413),-0.45617562576977233,-0.9728105105088453,0.49834437086092714,1.0,1.0,12/24,23.91%,TCAF2;PLN;HECW1;CALM2;SLC6A9;PCSK9;NEDD4;EPHB2;OXSR1;NEDD4L;CAV3;CAMK2D
ARHGEF10,GO_Biological_Process_2023,prerank,Triglyceride Biosynthetic Process (GO:0019432),0.46609892728640834,0.9727611936110243,0.4811320754716981,1.0,1.0,9/17,22.17%,DGAT2;PCK2;GPAT3;LPIN1;GCK;GPAT4;DGAT1;LPIN2;PNPLA3
ARHGEF10,GO_Biological_Process_2023,prerank,Regulation Of Transmembrane Transport (GO:0034762),0.40693528007477586,0.972613217226374,0.47073170731707314,1.0,1.0,3/32,5.73%,KCNJ16;KCNJ10;KCNJ12
ARHGEF10,GO_Biological_Process_2023,prerank,Epithelium Development (GO:0060429),-0.34426713304507456,-0.9725886052317932,0.5069060773480663,1.0,1.0,35/152,23.31%,HAND1;SULT1B1;PAX2;DHRS9;WNT4;RIPK4;KRT10;STIL;ALDH1A2;PDCD10;MTHFD1;SNAI2;SIX1;FOXJ1;MFSD2A;LHX1;MANSC4;SOX10;STAT1;GRHL2;PKD1;DLL1;UPK1A;IFT122;AHI1;OXSR1;SPINT1;HNRNPH3;SPINK5;LOXL3;TST;SOX8;FN3K;DNPH1;INTU
ARHGEF10,GO_Biological_Process_2023,prerank,Antigen Processing And Presentation Of Peptide Antigen Via MHC Class I (GO:0002474),-0.48608851002300635,-0.9724184212465522,0.49914236706689535,1.0,1.0,8/18,14.89%,TAPBP;ERAP2;TAPBPL;CALR;MFSD6;TAP2;HFE;CLEC4A
ARHGEF10,GO_Biological_Process_2023,prerank,Cellular Response To Sterol (GO:0036315),0.47920472571847844,0.9722853303650356,0.48860759493670886,1.0,1.0,2/15,3.78%,OSBPL7;GRAMD1C
ARHGEF10,GO_Biological_Process_2023,prerank,Regulation Of Monoatomic Ion Transmembrane Transport (GO:0034765),0.4150146961792091,0.9721248147366318,0.4724220623501199,1.0,1.0,3/29,5.73%,KCNJ16;KCNJ10;KCNJ12
ARHGEF10,GO_Biological_Process_2023,prerank,Cellular Response To Cytokine Stimulus (GO:0071345),-0.3232417852000154,-0.971962259929191,0.5465116279069767,1.0,1.0,64/295,19.42%,LILRB4;IFNK;PTPN6;GSDME;IL23R;HCK;GREM2;PLP2;IL13RA1;KHSRP;LEF1;ALOX15;CCL25;TRADD;GBA1;STAT4;ADAMTS7;PNPT1;POU4F1;ZNF675;STAT5A;FLT3;XCL1;GATA3;IFI16;XBP1;LGALS9;MME;CRLF2;ZC3H12A;LRCH1;CCL2;LRRK2;IRF8;CX3CL1;IL1A;HLA-DPA1;PDE1B;EBI3;PTPRT;NFKBIA;IL4R;IL2RB;CXCL12;CEBPA;SIRT1;AQP4;GSK3B;CIB1;NLRP7;WNK1;STAT1;KIT;SLC26A6;ADAMTS12;CALM1;UPF1;IL7;OXSR1;SMPD4;CSF2RA;WNT5A;PDE2A;CDC34
ARHGEF10,GO_Biological_Process_2023,prerank,Regulation Of Macrophage Activation (GO:0043030),0.41486882275460846,0.9717178945794135,0.4718498659517426,1.0,1.0,4/31,8.03%,SPACA3;PLA2G10;MFHAS1;THBS1
ARHGEF10,GO_Biological_Process_2023,prerank,cAMP-mediated Signaling (GO:0019933),-0.44979438703807295,-0.9707875814391276,0.4878444084278768,1.0,1.0,10/26,21.46%,EPHA5;SERPINB8;RAPGEF2;GHRHR;PDE3A;DGKQ;ADGRG6;PDE2A;PRSS8;GAL
ARHGEF10,GO_Biological_Process_2023,prerank,Response To Molecule Of Bacterial Origin (GO:0002237),-0.3800336409392574,-0.9703875549261255,0.5122324159021406,1.0,1.0,16/69,18.63%,LY96;IL23R;CITED1;CXCL2;CPS1;NOS1;LGALS9;SRR;HMGB2;GCH1;NOCT;SNCA;LIAS;MAPKAPK3;OTUD5;SMAD6
ARHGEF10,GO_Biological_Process_2023,prerank,"Nuclear-Transcribed mRNA Catabolic Process, Deadenylation-Dependent Decay (GO:0000288)",-0.41493039840248636,-0.9698553417189112,0.4795417348608838,1.0,1.0,20/39,25.33%,CNOT4;CNOT8;CNOT6L;PNLDC1;CNOT11;EXOSC7;DCP1A;DIS3;RC3H2;DCP1B;PATL2;SAMD4A;CNOT2;CNOT3;RC3H1;CNOT6;EXOSC2;ZFP36;TUT7;EXOSC5
ARHGEF10,GO_Biological_Process_2023,prerank,Response To Estrogen (GO:0043627),0.3971962763180538,0.9698474763265219,0.48663101604278075,1.0,1.0,10/34,14.43%,CRHBP;CYP27B1;SFR1;ESR2;GHRL;RARA;PELP1;ARID5A;TRIM24;SOX9
ARHGEF10,GO_Biological_Process_2023,prerank,Negative Regulation Of Growth (GO:0045926),0.3237327564735415,0.9697054791260435,0.48253968253968255,1.0,1.0,34/123,17.36%,CDKN2C;HNF4A;CYP27B1;DACT3;FRZB;DNAJB2;CRLF3;PPP1R9B;CDA;FHL1;BCL6;TP53TG5;ESR2;ST20;SLIT1;SPHK2;SMARCA4;TMPRSS4;TP53;FLCN;NPR1;HYAL1;TSPYL2;ST7L;TGFB1;NAIF1;JADE1;CCAR2;SH3BP4;HSPA1A;CGRRF1;GNG4;MT1F;TCHP
ARHGEF10,GO_Biological_Process_2023,prerank,Regulation Of Macromolecule Metabolic Process (GO:0060255),-0.344811478420925,-0.9696909207087037,0.5343618513323983,1.0,1.0,44/159,25.04%,NFKBID;TXK;NOVA2;SLC8A2;KHSRP;GBA1;MTMR4;STOX1;TAPBP;ZNF462;TSKU;C1D;MTMR9;IGF1;COQ7;ZC3H12A;CDK2;RASA1;HMG20A;NPAT;LHX1;APOE;CDH1;MTMR3;TARDBP;FUBP3;LAMTOR1;HINFP;ANKRA2;SOX2;AIF1;FUBP1;LDLR;CHD7;AFF4;ZNF335;ROCK2;CGGBP1;PSEN1;CDK4;TRIM17;HNRNPDL;NPC1;ADNP2
ARHGEF10,GO_Biological_Process_2023,prerank,Regulation Of Mitochondrial Membrane Potential (GO:0051881),-0.4150312701034626,-0.9692475878248084,0.5197472353870458,1.0,1.0,13/39,21.94%,BCO2;MAPT;STOX1;BAK1;OPRD1;LRRK2;UBB;PINK1;SOD1;BCL2L1;BAD;SLC25A36;MTLN
ARHGEF10,GO_Biological_Process_2023,prerank,Chemical Synaptic Transmission (GO:0007268),0.29758865101916226,0.9692385885428402,0.5732758620689655,1.0,1.0,65/273,15.69%,TH;CRHBP;KCNK3;CHRM4;SCN2B;GAD2;PCDHB11;SNPH;GABRB1;HCRTR2;NPFF;CHRND;GRIN3A;SLC12A5;UNC13C;ASIC2;GABRR3;HRH4;GABRE;APBA1;CPLX1;PCDHB3;GRM2;SLC1A2;SLC12A4;FCHSD2;KCNIP2;CHRNA3;GRID1;CBLN1;CHRNE;SLC17A7;HTR6;NRXN2;GLRA2;GABARAP;GABRA5;NSG1;GABRA4;GABRQ;PPFIA3;GABRD;DLGAP2;SYT10;GRIK1;HTR1D;GABRR2;GPR176;APBA2;MINK1;GRIK4;HAPLN4;GRIN2C;GRIK5;UNC119;LPAR3;NRXN1;NPTX1;GABRA2;PLP1;HTR2C;DLG1;NLGN1;RIC3;SLC1A6
ARHGEF10,GO_Biological_Process_2023,prerank,Mitophagy (GO:0000423),-0.4938884815016539,-0.9692292852633809,0.5272108843537415,1.0,1.0,9/16,23.43%,OGT;ARFIP2;SQSTM1;RIMOC1;PINK1;ATG4D;PRKN;TAFAZZIN;ATG13
ARHGEF10,GO_Biological_Process_2023,prerank,Triglyceride Metabolic Process (GO:0006641),-0.4025473836589873,-0.9690588543241425,0.5114754098360655,1.0,1.0,14/45,20.80%,PNPLA5;APOC1;CPS1;LCP1;PNPLA1;GPAM;APOH;APOB;MOGAT3;SIRT1;APOE;LMF1;SEL1L;PNPLA4
ARHGEF10,GO_Biological_Process_2023,prerank,Metal Ion Transport (GO:0030001),0.3147687831216301,0.9690065370196375,0.5138888888888888,1.0,1.0,37/170,16.29%,KCNK18;KCNJ16;CACNA1S;KCNK3;KCNA5;CYP27B1;KCNAB3;KCND3;GRIN3A;KCNJ10;TRPC3;CACNG6;SGK1;KCNK6;KCNJ12;KCNMB3;RAMP2;KCNIP2;NDFIP1;SLC17A7;CNNM4;CAMK2A;MAGT1;NIPAL2;SCN1A;CACNG7;SLC5A12;SLC5A4;MMGT1;CLU;ATP2A1;SCN11A;PANX1;NDFIP2;KCNN2;SLC5A6;SCN9A
ARHGEF10,GO_Biological_Process_2023,prerank,Regulation Of Cellular Component Biogenesis (GO:0044087),-0.4177674359358615,-0.9686956172856347,0.499184339314845,1.0,1.0,17/37,25.72%,TIE1;RAPGEF2;NOTCH1;GFAP;BBS10;NF2;FAM110C;HSPA8;APOE;PINK1;ANKRA2;METTL18;RAP1B;ROCK2;RAPGEF1;MSN;SNCAIP
ARHGEF10,GO_Biological_Process_2023,prerank,Negative Regulation Of Blood Vessel Endothelial Cell Migration (GO:0043537),0.39614901841295247,0.9684228254888213,0.498812351543943,1.0,1.0,10/33,15.18%,TBXA2R;KLF4;ATP2B4;RGCC;CARD10;THBS1;HMGB1;TGFB1;MAP2K5;PPARG
ARHGEF10,GO_Biological_Process_2023,prerank,Cellular Response To Growth Factor Stimulus (GO:0071363),-0.33757049685233154,-0.9683134727939462,0.5362731152204836,1.0,1.0,61/155,26.35%,MTSS2;WNT4;MAPT;PDPK1;NOS1;ADAMTS7;SPHK1;SPRY2;SLC4A7;BMPR2;XCL1;RAPGEF2;MAGI2;NTRK1;NOTCH1;ACVR2A;EHD1;OVOL2;WWOX;PDE3A;CCL2;HAS1;CORO1B;SNAI2;SEMA6A;TMEM100;CIB1;PRKD2;PDE8A;CPNE3;ADAMTS12;EGFR;SHC1;KNSTRN;WNT5A;DUSP22;FLT4;PDE2A;LRP2;FLT1;NTRK3;MEF2C;TGFBR2;STMN2;MAPK14;RPS6KB1;CRKL;RUNX2;ZFP36;ERN1;RAPGEF1;ZPR1;ITGB1BP1;PDGFB;SMAD4;ACVR1B;TDGF1;NR3C1;RACK1;LIMS1;SFRP1
ARHGEF10,GO_Biological_Process_2023,prerank,Response To Type II Interferon (GO:0034341),-0.37323705871188373,-0.9679884159303493,0.5192878338278932,1.0,1.0,20/78,17.16%,IL23R;CITED1;CCL25;XCL1;LGALS9;SLC22A5;CD74;CCL2;IRF8;CX3CL1;HLA-DPA1;CALCOCO2;SP100;GCH1;SHFL;AQP4;SNCA;STAT1;SLC26A6;CALM1
ARHGEF10,GO_Biological_Process_2023,prerank,Associative Learning (GO:0008306),-0.4826198486919313,-0.9679458000450896,0.512779552715655,1.0,1.0,10/18,27.69%,NETO1;GRIN1;DRD3;FOXB1;RGS14;SHANK1;CHRNB2;TAFA2;BRSK1;APP
ARHGEF10,GO_Biological_Process_2023,prerank,Regulation Of G0 To G1 Transition (GO:0070316),0.40403438067997866,0.9676400606965057,0.49056603773584906,1.0,1.0,15/32,15.28%,SOX15;PHF10;SMARCB1;DAB2IP;SMARCD1;BCL7A;SMARCA4;DPF1;RRM2B;SMARCC1;RRM1;FOXO4;BRD7;DPF2;ARID1A
ARHGEF10,GO_Biological_Process_2023,prerank,Mesenchymal Cell Differentiation (GO:0048762),-0.3908410459686816,-0.9675602191932937,0.5133858267716536,1.0,1.0,23/54,22.98%,WNT4;LEF1;LOXL2;HEY2;IGF1;NOTCH1;LRP6;RANBP3L;SNAI2;CUL7;GSK3B;HTR2B;TGFB2;NOTCH4;FAM83D;SEMA3C;RBPJ;OTUD5;WNT5A;MEF2C;LOXL3;FGFR1;ROCK2
ARHGEF10,GO_Biological_Process_2023,prerank,Pore Complex Assembly (GO:0046931),0.44838505120350863,0.9674602448306906,0.5012345679012346,1.0,1.0,8/18,19.21%,TMEM170A;TSPAN33;NUP107;NUP153;P2RX7;NUP93;TPR;NDC1
ARHGEF10,GO_Biological_Process_2023,prerank,Positive Regulation Of Cysteine-Type Endopeptidase Activity (GO:2001056),-0.38220563007150815,-0.9673710826759342,0.5172413793103449,1.0,1.0,16/64,13.86%,SOX7;NLRC4;CASC2;CYCS;CASP8;ASPH;BAK1;IFI16;SYK;NLRP2;MAP3K5;GRIN2B;GRIN1;CASP9;GRAMD4;SIRT1
ARHGEF10,GO_Biological_Process_2023,prerank,Positive Regulation Of Collagen Biosynthetic Process (GO:0032967),-0.5042322493199423,-0.9669331386232993,0.5308219178082192,1.0,1.0,7/15,19.05%,WNT4;VIM;LARP6;F2;TGFB3;SERPINF2;RUNX1
ARHGEF10,GO_Biological_Process_2023,prerank,Regulation Of Receptor Internalization (GO:0002090),-0.4164718864927512,-0.9666335019928696,0.5040128410914928,1.0,1.0,17/36,24.70%,WNT3A;EGF;ANKRD13D;MAGI2;RIN3;ARRB1;ARF1;PCSK9;DLG4;ANXA2;ANKRD13A;INSR;LRPAP1;FLOT1;CD63;FMR1;ATXN2
ARHGEF10,GO_Biological_Process_2023,prerank,Intracellular Monoatomic Ion Homeostasis (GO:0006873),0.44859484479827416,0.9664380191588888,0.47164948453608246,1.0,1.0,3/20,8.88%,SLC4A1;P2RY2;CNNM4
ARHGEF10,GO_Biological_Process_2023,prerank,Regulation Of Potassium Ion Transport (GO:0043266),0.4151405265973934,0.965914850821976,0.4804177545691906,1.0,1.0,13/30,19.95%,KCNA5;KCNIP3;KCNAB3;FHL1;KCNIP2;KCNE2;DLG1;KCNN2;KCNAB1;KCNE5;DPP10;KCNH2;KCNAB2
ARHGEF10,GO_Biological_Process_2023,prerank,Positive Regulation Of Metabolic Process (GO:0009893),0.32537605546922316,0.9654974253174163,0.5210843373493976,1.0,1.0,35/107,19.51%,ADRB1;EBF2;CXCR4;DISP3;CMKLR1;DIO2;DYNC1H1;KDM6B;PER2;YBX2;STAT6;ACHE;MFN2;GHRL;OXT;SMARCA4;IL18;LEP;MUC1;LCN2;OXTR;LPIN1;PRKAB1;GADD45G;THRA;ADIPOR1;DECR1;MFAP2;PRKAB2;UCP2;ACSL1;HSF1;PRLR;APLP2;ESRRG
ARHGEF10,GO_Biological_Process_2023,prerank,Regulation Of Cellular Response To Growth Factor Stimulus (GO:0090287),0.4499081383883574,0.9650964155312148,0.45652173913043476,1.0,1.0,7/19,12.93%,NELL1;SFRP4;FSTL3;DOK5;FST;ITGA3;OTX2
ARHGEF10,GO_Biological_Process_2023,prerank,Negative Regulation Of Response To Stimulus (GO:0048585),0.3719613693280039,0.9646816555445361,0.5,1.0,1.0,23/52,22.67%,APOA1;FCRLB;KLF4;PTPN1;PDCD1;DDAH1;FOXP3;TLE5;ERBB3;SOCS5;WFS1;CLU;MAP2K5;RPS3;THY1;APLP2;VPS13C;SMCR8;SLIT2;ALOX5;INPP5D;KIF26A;MAPK7
ARHGEF10,GO_Biological_Process_2023,prerank,Sensory Perception Of Mechanical Stimulus (GO:0050954),-0.3673718926218219,-0.9640657889289083,0.5274390243902439,1.0,1.0,27/88,20.26%,OTOR;GSDME;CDH23;MYO1A;P2RX4;P2RX2;MYO3A;COL11A1;PAX3;USP53;SLC26A4;TIMM8B;TSPEAR;SNAI2;CLIC5;SPNS2;KCNQ1;LOXHD1;SPTBN4;TIMM10;CACNA1D;EYA1;LHFPL5;PDZD7;SOD1;LRP2;CDC14A
ARHGEF10,GO_Biological_Process_2023,prerank,Innate Immune Response Activating Cell Surface Receptor Signaling Pathway (GO:0002220),-0.4357086514256684,-0.9640091866147114,0.5124378109452736,1.0,1.0,10/29,27.02%,EP300;CLEC6A;SYK;SRC;FYN;PLCG2;COLEC11;LYN;PAK2;MAP3K7
ARHGEF10,GO_Biological_Process_2023,prerank,Enzyme-Linked Receptor Protein Signaling Pathway (GO:0007167),-0.34763225073482684,-0.9630264094462005,0.5340236686390533,1.0,1.0,43/123,20.13%,HCK;ALK;TIE1;BDKRB2;DOK4;BMPR2;FLT3;SYK;FRK;SAMD10;NTRK1;NTRK2;ACVR2A;DDR2;YES1;GUCY2F;SH2D6;PTPRT;CLNK;BDNF;CD7;LCP2;RET;FGFR3;NPPC;LCK;CASS4;MST1R;SHC3;FRS2;EGFR;TYRO3;AHI1;FYN;FGFR4;NGF;INSR;PTPRF;FLT4;FLT1;ERBB4;NTRK3;TEK
ARHGEF10,GO_Biological_Process_2023,prerank,Glycerophospholipid Biosynthetic Process (GO:0046474),-0.35722941543449077,-0.9627771278846358,0.545985401459854,1.0,1.0,38/108,21.58%,BMX;INPP4B;ALOX15;PLSCR1;MTMR4;MBOAT2;PTEN;PLA2G4A;DGKG;AGPAT2;PI4K2A;TPTE2;AGPAT3;AGPAT5;PTDSS2;GPAM;MTMR7;ACP6;LCLAT1;LIPI;MFSD2A;PITPNM2;DGKQ;MTMR3;CDS1;PCYT2;PIP5K1A;IMPA1;LPCAT2;PI4K2B;PMPCA;MTMR14;DGKH;PLCG2;FGF2;LPCAT1;ETNK2;PLD2
ARHGEF10,GO_Biological_Process_2023,prerank,Regulation Of Lymphocyte Differentiation (GO:0045619),0.45379934470765687,0.9623822715856174,0.48058252427184467,1.0,1.0,6/19,23.08%,IL4I1;PRKDC;METTL3;ZFP36L2;XRCC6;PRELID1
ARHGEF10,GO_Biological_Process_2023,prerank,Regulation Of Phosphatidylinositol 3-Kinase Activity (GO:0043551),0.40375781413377215,0.9621933855814127,0.5066666666666667,1.0,1.0,15/34,21.88%,EPHA8;FGR;PIK3IP1;DAB2IP;WASHC1;NOD2;PIK3R1;TGFB1;IRS1;ATG14;PDGFRA;WDR81;RUBCN;P2RY12;PIK3R2
ARHGEF10,GO_Biological_Process_2023,prerank,Cellular Response To Virus (GO:0098586),-0.3914526684713372,-0.9619890016683612,0.5249221183800623,1.0,1.0,6/56,10.30%,IFNK;IFI6;GSDME;IL10RB;LGALS9;ZC3H12A
ARHGEF10,GO_Biological_Process_2023,prerank,rRNA Catabolic Process (GO:0016075),-0.46969275109572073,-0.9616763643472275,0.4915254237288136,1.0,1.0,11/19,25.33%,SLFN14;PELO;ZCCHC7;EXOSC7;DIS3;XRN1;EXOSC10;EXOSC2;EXOSC6;ERN2;EXOSC5
ARHGEF10,GO_Biological_Process_2023,prerank,Microtubule Nucleation (GO:0007020),0.42849993602262226,0.9616637509046033,0.491183879093199,1.0,1.0,11/23,21.31%,TUBG2;RANBP9;SLAIN2;TUBGCP2;TUBGCP5;CLASP2;HAUS2;CENPJ;TUBG1;NEDD1;TUBGCP6
ARHGEF10,GO_Biological_Process_2023,prerank,Inner Ear Morphogenesis (GO:0042472),-0.4460068122671991,-0.9614065774199156,0.5148026315789473,1.0,1.0,6/24,17.71%,PAX2;ZIC1;MYO3A;MYO6;SIX1;EPHB2
ARHGEF10,GO_Biological_Process_2023,prerank,Negative Regulation Of Stem Cell Population Maintenance (GO:1902455),-0.47333380341210773,-0.961155387120241,0.5253378378378378,1.0,1.0,5/20,10.82%,OGT;LOXL2;SAP30;WNT9B;RBBP7
ARHGEF10,GO_Biological_Process_2023,prerank,Lung Development (GO:0030324),-0.4165506453224984,-0.9606115729542555,0.5323624595469255,1.0,1.0,11/33,22.43%,FGF9;DNAAF1;SOX11;PHF14;FOXJ1;CEBPA;PKD1;BAG6;ZIC3;LOXL3;CCDC40
ARHGEF10,GO_Biological_Process_2023,prerank,Regulation Of Arp2/3 Complex-Mediated Actin Nucleation (GO:0034315),-0.4355763750596914,-0.9603910824775636,0.53156146179402,1.0,1.0,15/28,21.13%,WASHC3;WASH6P;ARFIP2;CORO1B;RNH1;WASH2P;ARF1;WASF1;WASHC2C;CYFIP1;CARMIL2;ARFIP1;WASHC2A;CARMIL1;WASHC4
ARHGEF10,GO_Biological_Process_2023,prerank,Positive Regulation Of Glucose Import (GO:0046326),0.421852731994752,0.9602034625007118,0.46715328467153283,1.0,1.0,10/25,18.13%,SORBS1;AKT1;PRKCI;PIK3R1;IRS1;PTPN11;ARPP19;CAPN10;FGF19;APPL1
ARHGEF10,GO_Biological_Process_2023,prerank,Positive Regulation Of Transcription Initiation By RNA Polymerase II (GO:0060261),0.3654575065224239,0.9600642591809379,0.5215189873417722,1.0,1.0,17/52,18.28%,HNF1B;TAF12;TAF2;TAF8;MED16;MED8;TP53;MED7;MED9;TAF3;MED15;MED28;MED22;MED19;TAF5;GTF2A1;PSMC6
ARHGEF10,GO_Biological_Process_2023,prerank,Positive Regulation Of Potassium Ion Transmembrane Transport (GO:1901381),0.44857341567818076,0.9598247472919061,0.4914004914004914,1.0,1.0,7/17,19.46%,NPPA;KCNIP2;FLNA;NOS1AP;ATP1B2;KCNE5;KCNH2
ARHGEF10,GO_Biological_Process_2023,prerank,Icosanoid Metabolic Process (GO:0006690),-0.3896545332699262,-0.9596895305202865,0.5100154083204931,1.0,1.0,10/52,11.75%,NLRC4;CYP2C8;ALOX15;ABHD6;CYP4A22;PLA2G4A;PLA2G4B;LTC4S;TBXAS1;DAGLA
ARHGEF10,GO_Biological_Process_2023,prerank,Regulation Of Leukocyte Chemotaxis (GO:0002688),-0.4782174876252098,-0.9595656346226317,0.5327586206896552,1.0,1.0,8/17,28.41%,XCL1;ZNF580;F7;PTN;IL6R;LYN;F2RL1;PTK2B
ARHGEF10,GO_Biological_Process_2023,prerank,Regulation Of Lipid Metabolic Process (GO:0019216),0.3608361755880485,0.9593561499229707,0.5067024128686327,1.0,1.0,15/54,18.21%,HNF4A;DISP3;NR1D1;RNF213;ABCA7;MID1IP1;NCOA2;EDF1;RUBCNL;GNB3;PPARG;ADIPOR1;PANK2;GPS2;ZFP69
ARHGEF10,GO_Biological_Process_2023,prerank,Fatty Acid Transport (GO:0015908),-0.4092843445344214,-0.9593055562442807,0.5197472353870458,1.0,1.0,15/37,21.27%,SLC22A2;FABP6;SLC22A7;FABP7;SLC22A8;MFSD2A;LYPLA1;APOE;CPT1B;KDM5A;SLCO2A1;FABP5;SLC25A17;FABP3;CRABP1
ARHGEF10,GO_Biological_Process_2023,prerank,Positive Regulation Of Nitric-Oxide Synthase Activity (GO:0051000),0.4746349429853984,0.9592406781862861,0.4965034965034965,1.0,1.0,7/16,16.37%,PIK3CB;HIF1A;AKT1;TERF2;SCARB1;NOS1AP;TERT
ARHGEF10,GO_Biological_Process_2023,prerank,Regulation Of Establishment Of Planar Polarity (GO:0090175),0.4030679208114362,0.9592343080297038,0.5097560975609756,1.0,1.0,9/29,19.20%,SAPCD2;FZD2;SMURF1;CELSR3;DVL2;NPHP3;PKHD1;RAC1;VANGL1
ARHGEF10,GO_Biological_Process_2023,prerank,Negative Regulation Of Protein Serine/Threonine Kinase Activity (GO:0071901),-0.3652474620707225,-0.9588139556577489,0.5173453996983409,1.0,1.0,34/80,26.16%,AGT;PRKAR2B;RB1;GBA1;PTEN;SPRY2;CDKN2A;SMPD1;HEXIM1;MYOCD;HHEX;LRP6;CD300A;CEBPA;SIRT1;INCA1;PRKAR1B;APOE;CDKN1B;PKIB;PKIG;PRKCD;SORL1;MACROH2A1;DUSP1;RGS14;CAV3;SPRY3;GSTP1;LYN;DUSP7;RASIP1;IRAK3;CDKN1A
ARHGEF10,GO_Biological_Process_2023,prerank,Positive Regulation Of Phosphatase Activity (GO:0010922),-0.45621822169583415,-0.9585788841445237,0.5116666666666667,1.0,1.0,8/22,22.34%,ITGA1;MAGI2;CALM2;MTMR9;CD300A;CALM1;MEF2C;PPP1R15A
ARHGEF10,GO_Biological_Process_2023,prerank,Sulfur Compound Transport (GO:0072348),-0.4609194671989832,-0.9584102152275644,0.5138888888888888,1.0,1.0,12/21,21.30%,SLC19A3;SLC26A4;SLC35B2;SLC26A11;SLC26A8;SLC26A6;SLC25A26;SLC35B3;SLC26A2;SLC35F3;RACGAP1;SLC13A4
ARHGEF10,GO_Biological_Process_2023,prerank,Integrin-Mediated Signaling Pathway (GO:0007229),-0.361953689494596,-0.958132636672434,0.5345622119815668,1.0,1.0,34/85,24.69%,TXK;ITGAL;CEACAM1;HCK;ITGB2;SEMA7A;ITGA8;DAB2;ITGA1;ITGA11;ITGAV;SYK;PRAM1;ITGBL1;ANGPTL3;ITGAM;SRC;ADAM11;ZNF304;ILK;ADAM9;ITGB4;FN1;NME2;PTN;ITGAE;ISG15;CDC42;ZYX;ITGA9;CUL3;PTK2;PLPP3;ITGB1BP1
ARHGEF10,GO_Biological_Process_2023,prerank,Ribosomal Small Subunit Assembly (GO:0000028),0.4716084215076496,0.9577337484303722,0.5084745762711864,1.0,1.0,11/16,21.41%,MRPS11;PRKDC;RPS27L;MRPS7;RRP7A;RPS15;RPS5;RPS14;RPS28;RPS19;RPS27
ARHGEF10,GO_Biological_Process_2023,prerank,Regulation Of Lymphocyte Proliferation (GO:0050670),-0.47713497599067634,-0.9576810418526268,0.4879725085910653,1.0,1.0,3/18,11.23%,LST1;MYDGF;SOX11
ARHGEF10,GO_Biological_Process_2023,prerank,Sarcomere Organization (GO:0045214),0.40704327977541155,0.9575912533148728,0.5158730158730159,1.0,1.0,3/29,3.68%,MYH7;MYPN;MYOZ1
ARHGEF10,GO_Biological_Process_2023,prerank,Regulation Of Mitochondrial Outer Membrane Permeabilization Involved In Apoptotic Signaling Pathway (GO:1901028),-0.47838879902676273,-0.9573462035929807,0.518850987432675,1.0,1.0,11/18,27.95%,FZD9;BAK1;GSK3B;MUL1;TMEM14A;SLC25A4;SLC35F6;SLC25A5;ZNF205;GSK3A;TMEM102
ARHGEF10,GO_Biological_Process_2023,prerank,Regulation Of Actin Polymerization Or Depolymerization (GO:0008064),-0.4377580484727478,-0.9572419342305512,0.5193929173693086,1.0,1.0,9/27,14.17%,NAA80;WAS;DAAM2;MEGF9;COTL1;RASA1;ARHGAP18;CXCL12;GBA2
ARHGEF10,GO_Biological_Process_2023,prerank,Glutamine Family Amino Acid Catabolic Process (GO:0009065),0.4671893349172641,0.9565866970920354,0.5036496350364964,1.0,1.0,7/15,17.82%,NOS3;PRODH;DDAH1;GLS2;GLUD1;GLUL;ARHGAP11B
ARHGEF10,GO_Biological_Process_2023,prerank,Positive Regulation Of Cell Population Proliferation (GO:0008284),-0.3093030346294014,-0.9563886809719352,0.6271604938271605,1.0,1.0,167/479,25.31%,AREG;PAX2;AGT;ADRA1D;PTPN6;FZD9;WNT3A;HCK;GHRH;TSPAN31;SIX2;FGF9;EGF;LEF1;TBX3;SPHK1;CHRD;FGF16;PTEN;CNTF;CLEC11A;FLT3;FGF23;CNBP;ITGAV;XBP1;FBXO5;TIMP1;CRLF2;CALR;CNOT8;IGF1;CD74;NTRK2;NOTCH1;GHRHR;EPHA4;DDR2;CCDC117;CNOT6L;CDK2;MARCHF7;CLDN5;TBRG4;FOSL1;SOX11;PDCD10;CX3CL1;CD81;VIPR1;ZNF703;DHPS;SRPK2;EMP2;MAP3K3;IL15;TNFSF4;ACER3;AMH;FGFR3;SIRT1;HTR2B;GAB2;UFL1;NANOGP8;TGFB2;MLXIPL;NCCRP1;RHOG;DBF4B;CIB1;CTF1;RTKN2;MST1R;IL34;TOX;ZNF304;KDM1A;IL11;TIPIN;MAPK15;TGFB3;C5AR1;EPCAM;STAT1;TSHR;CAPNS1;SERPINF2;DLL1;EGFR;GJA1;IL7;BCL7B;SHC1;RBPJ;AKR1B1;FGFR4;OXSR1;CDC123;LIG4;CSNK2A1;COPS9;INSR;CSF2RA;CDCA7L;S1PR3;WNT5A;SCAND3;HTR1A;VEGFC;FLT4;ERBB4;NTRK3;CHRNA7;DNAJA2;BAD;MEF2C;AIF1;NPM1;TIAM1;FGF2;SCN5A;SFRP2;RAB25;DERL2;FN1;S1PR2;TGFBR2;NME2;IL6ST;AKR1C3;PTN;GAS6;PDGFD;SMARCA2;FGFR1;SLC35F6;SINHCAF;AQP11;EZH2;CNOT6;SOX8;CEP131;HDAC4;COX17;NAP1L1;CUL3;NAMPT;CRKL;BST2;E2F1;CDK4;BICRAL;TGFA;NACC1;PTK2;RPS9;FLT3LG;TCL1A;ITGB1BP1;HPSE;ACTL6B;IL6R;PDGFB;GNAI2;LYN;SCX
ARHGEF10,GO_Biological_Process_2023,prerank,Negative Regulation Of Protein Metabolic Process (GO:0051248),0.31506724226970234,0.9561859773785846,0.5663430420711975,1.0,1.0,50/147,20.70%,EDN1;NELL1;MAD2L2;PHF20L1;NFKB1;DAPK3;DAB2IP;PFDN1;RILP;PFDN5;NHLRC1;RPL13A;AKT1;SF3B3;RBM4;RGP1;MDM4;HDAC6;EIF4A3;NANOS1;DAPK1;FLNA;EIF4ENIF1;CNOT10;PFDN2;MRPL13;EIF2AK2;CLU;HSP90AB1;CAPRIN1;SERBP1;RPS3;RIC1;ROCK1;TSC1;DHX36;TOB1;MALSU1;ZNF540;PIN1;SERPINE2;GAPDH;TRIM71;FXR2;MAD2L1;CLN8;SYNCRIP;CNOT1;DDX3X;YBX1
ARHGEF10,GO_Biological_Process_2023,prerank,Glycolipid Biosynthetic Process (GO:0009247),-0.40030954622835924,-0.9558045547994594,0.5316045380875203,1.0,1.0,21/42,25.35%,PIGC;PIGQ;PIGA;PIGB;SCCPDH;MPPE1;PIGZ;PIGW;PIGG;DPM1;ST8SIA3;PIGO;PIGP;PGAP3;SLC30A5;LARGE1;ST8SIA6;DPM3;PIGN;PGAP2;B3GNT5
ARHGEF10,GO_Biological_Process_2023,prerank,Negative Regulation Of Apoptotic Process (GO:0043066),-0.308607862990409,-0.955678431779954,0.6362530413625304,1.0,1.0,128/467,21.53%,MSH2;NOL3;PAX2;IFI6;FZD9;NR1H4;HCK;CITED1;PAX7;RNF144B;ARF4;PPARGC1A;LEF1;RB1;TBX3;DAB2;CNTFR;SPHK1;FCMR;POU4F1;CNTF;FANK1;SPRY2;TAX1BP1;ANXA5;XBP1;SFN;NR4A2;STIL;NTRK1;AVP;IGF1;CD74;NTRK2;NOTCH1;MYDGF;CARD14;ZC3H12A;TXNDC5;SIAH2;BNIP1;CCL2;APOH;RASA1;PDCD10;CFLAR;CX3CL1;ATAD3A;LSM8;SNAI2;IL2RB;BDNF;HIGD1A;BCL2L2;BNIP3L;AMH;SIX1;SRC;OPN3;HIGD2A;SIRT1;GSK3B;HTR2B;ADAM8;SNCA;XIAP;CDKN2D;CIB1;CD38;ZNF304;APOE;TGFB3;AZU1;PTPRZ1;SOCS2;APIP;PROC;DLL1;IER3;EGFR;TYRO3;LAMTOR5;PIK3CA;GLO1;IL7;SHC1;AHI1;MAP4K4;PINK1;OXSR1;HSP90B1;WNK3;LIG4;CSNK2A1;AREL1;NGF;CPEB4;CASP2;SMAD5;SMAD6;SOD1;WNT5A;RETREG1;HSPA1B;FLT4;PRDX5;RPS3A;API5;BCL2L1;PRKCD;LRP2;PRKN;ERBB4;KRT18;ATF5;FSTL1;CSNK2A2;CIAPIN1;TEK;TMEM14A;BNIP3;TENT5B;MEF2C;NPM1;MGMT;NME2;FOXB1;IL6ST
ARHGEF10,GO_Biological_Process_2023,prerank,Protein Processing (GO:0016485),-0.3521862167055456,-0.955110251964255,0.534711964549483,1.0,1.0,46/114,25.42%,KLK1;CTSS;KLK6;CNTN1;PCSK4;PCSK2;SRGN;OGT;VSIR;TMEM208;SDE2;CPXM1;ECEL1;MME;SEC11A;PCSK5;MYRF;TLL2;XPNPEP3;ADAMTS3;ZMPSTE24;PCSK9;FURIN;AFG3L2;KEL;CLN5;BMP1;CTSL;CPE;METAP1;CASP2;SPCS2;HM13;PRSS12;SEC11C;F7;F12;ASRGL1;PSEN1;KLKB1;ECE1;PHEX;ECE2;C1R;ATP23;PCSK6
ARHGEF10,GO_Biological_Process_2023,prerank,Negative Regulation Of Cysteine-Type Endopeptidase Activity Involved In Apoptotic Process (GO:0043154),-0.3951176434087405,-0.9548927121845351,0.5169082125603864,1.0,1.0,13/49,18.37%,NOL3;PAX2;IFI6;SFN;AVP;SIAH2;BCL2L12;SRC;SNCA;XIAP;CDKN2D;LAMTOR5;CSNK2A1
ARHGEF10,GO_Biological_Process_2023,prerank,Cellular Response To Interferon-Beta (GO:0035458),-0.4548721874084555,-0.9548301429104896,0.5266558966074314,1.0,1.0,8/22,24.49%,PNPT1;IFI16;STAT1;CALM1;CDC34;AIM2;IRF1;IFITM2
ARHGEF10,GO_Biological_Process_2023,prerank,Negative Regulation Of Cysteine-Type Endopeptidase Activity (GO:2000117),-0.38801266249437527,-0.9547831651365022,0.546031746031746,1.0,1.0,16/53,22.07%,PAX2;IFI6;CARD18;IFI16;SFN;AVP;SIAH2;SRC;SNCA;XIAP;CDKN2D;LAMTOR5;CSNK2A1;CARD8;GAS6;RPS6KA1
ARHGEF10,GO_Biological_Process_2023,prerank,Maturation Of LSU-rRNA (GO:0000470),0.44808529999842667,0.9546639613607546,0.5280373831775701,1.0,1.0,10/20,21.62%,ZNHIT6;LAS1L;EIF6;RRP15;URB1;MAK16;RPL35;RBM34;DDX18;WDR12
ARHGEF10,GO_Biological_Process_2023,prerank,Cellular Response To Fibroblast Growth Factor Stimulus (GO:0044344),-0.3877778096647671,-0.95452718997277,0.5260663507109005,1.0,1.0,18/55,26.83%,FLRT3;FRS3;FGF9;FGF16;FGF23;FLRT2;FGFR3;CEP57;FRS2;FGFR4;FGF2;FGFR1;ZFP36;ITGB1BP1;TDGF1;SHOC2;SFRP1;FGF1
ARHGEF10,GO_Biological_Process_2023,prerank,Negative Regulation Of Smooth Muscle Cell Proliferation (GO:0048662),-0.40902404712461193,-0.9545206194900241,0.5369458128078818,1.0,1.0,12/37,20.87%,PTGIR;PPARGC1A;PTEN;BMPR2;CNN1;APOE;TGFB3;CDKN1B;IGFBP3;ANG;MEF2C;AIF1
ARHGEF10,GO_Biological_Process_2023,prerank,Cellular Component Assembly (GO:0022607),-0.3196548900554118,-0.9542328460365908,0.5936675461741425,1.0,1.0,87/257,22.59%,MTSS2;ESPN;WNT3A;HYDIN;LPXN;PPARGC1A;AP2M1;ANK3;CFAP206;TAPBP;CFAP91;RP1;PDE4DIP;PARD6B;WAS;PARD3;LCP1;BAIAP2;FZD1;VAMP2;DNAAF1;PKP1;CD74;ANKS4B;P3H4;DNAJB12;CD2AP;PDCD10;HAS1;PPP2R1A;CFAP74;CAPZA1;SLC2A1;GORASP2;CORO1B;REPS2;GEMIN5;IL2RB;KIFAP3;PARVG;FOXJ1;STX7;MAGI1;HFE;SPAG17;WIPF1;WASF1;DLG4;RTN4;SPACA9;POT1;RTN3;GRHL2;QRICH2;OPHN1;RAC3;RHOD;PML;CSNK2B;SHROOM2;WNT5A;TRIP13;FSCN1;BAG6;MYO1B;PALS2;LIMD2;IL1RAP;TTLL3;AIF1;CAPZA2;TIAM1;BAIAP2L1;BSN;CFAP46;EPS8;WDR19;GAS6;CDC42;GPM6B;GSN;PPID;RSPH9;CCDC40;BAIAP2L2;SYCE2;SHANK1
ARHGEF10,GO_Biological_Process_2023,prerank,Cellular Response To pH (GO:0071467),0.43698800917563085,0.9541758533530376,0.5,1.0,1.0,1/20,0.02%,KCNK18
ARHGEF10,GO_Biological_Process_2023,prerank,Ribosome Biogenesis (GO:0042254),0.3128695199834777,0.9541017781093448,0.584375,1.0,1.0,69/153,23.52%,DDX47;GTF3A;CINP;RPS19BP1;DHX29;NOP14;TNIP1;ZNF658;RIOK2;LTO1;WDR43;LYAR;PELP1;MRPS12;EIF2S1;PIH1D2;DHX37;MTREX;EMG1;RPS16;DDX49;NGDN;RPS4X;RPS7;EXOSC4;ZNF622;SPPL2B;RPL11;SPATA5;LTV1;WDR36;TSC1;GLUL;MALSU1;RRP7A;NVL;MRTO4;EXOSC9;RPS15;MRM2;NOP56;ESF1;RSL24D1;RPS24;XRN2;NOP16;WDR3;NOC4L;MPHOSPH10;FBL;RPS5;NOM1;RPS14;RPS28;RPS25;RPS19;METTL17;EBNA1BP2;RPS27;NOP53;WDR12;NOL8;RPL26;MRPL36;XPO1;RPL5;POP4;RRP9;SBDS
ARHGEF10,GO_Biological_Process_2023,prerank,Regulation Of Phagocytosis (GO:0050764),0.36231683610928794,0.9536278790980381,0.5133689839572193,1.0,1.0,9/58,10.71%,SPACA3;GATA2;APOA1;TLR2;FGR;TUB;PYCARD;LYAR;SCARB1
ARHGEF10,GO_Biological_Process_2023,prerank,Negative Regulation Of Phosphatase Activity (GO:0010923),-0.4881069241341331,-0.9535849685081158,0.5170648464163823,1.0,1.0,8/16,22.34%,PPP4R4;GSK3B;TGFB2;PPP1R1B;TIPRL;CHP1;STYXL1;PPP1R15A
ARHGEF10,GO_Biological_Process_2023,prerank,Alpha-Amino Acid Metabolic Process (GO:1901605),0.4017478152085974,0.9533749997066909,0.49246231155778897,1.0,1.0,6/29,6.94%,HNF4A;ATP7A;KMO;RIMKLB;DDAH1;KYAT3
ARHGEF10,GO_Biological_Process_2023,prerank,Regulation Of Neural Precursor Cell Proliferation (GO:2000177),0.4301865763324121,0.9533530417047448,0.4889975550122249,1.0,1.0,7/22,12.53%,GATA2;TAFA3;DISP3;MDK;RASSF10;PROX1;SHCBP1
ARHGEF10,GO_Biological_Process_2023,prerank,Protein Transport (GO:0015031),-0.31689055427846285,-0.9533331740373048,0.5961538461538461,1.0,1.0,99/310,22.46%,PPY;ARRDC4;RD3;AP3B1;LRP1B;TOM1;RABL2B;DENND10;WLS;ARF4;VPS26B;RAMP1;RAB20;ARRDC2;ANK3;OPTN;TMED5;RAB32;NSF;CALCRL;MYO6;ARL11;VAMP2;TIMM23;CD74;ARF3;EHD1;RAB7A;RAB6B;SNX4;SNX7;SNX15;STXBP3;CEP290;COPA;ARFIP2;RAB43;MTTP;REP15;APOB;STX7;ARF1;SCFD1;RAB10;RAMP3;STXBP2;KIF3A;UNC93B1;RAB38;APOE;ARCN1;ABCA12;RAB28;STX16;ARL4A;TRIM23;ARFIP1;ARF5;HIKESHI;RAB26;TMED1;HSP90B1;ARRDC3;NAPA;RAB1B;KIF3B;TIMM50;ABCG1;MON1A;PREB;LRP2;TVP23A;KRT18;PRKCB;RAB6A;SURF4;TVP23C;RAB34;RAB5C;SNX8;LMTK2;SEL1L;GGA3;RAB17;RAB3C;RAB3D;NPM1;TFR2;TMED3;SAR1B;DNAJC19;KIF13A;PHAF1;TIMM44;RAB31;FAM91A1;SEC23IP;STX10;COPG1
ARHGEF10,GO_Biological_Process_2023,prerank,Response To Lipopolysaccharide (GO:0032496),-0.33593514040236083,-0.952887613853422,0.5905848787446505,1.0,1.0,36/156,18.84%,CXCL13;LY96;IL23R;CITED1;CXCL2;CHMP5;CXCL1;CPS1;NOS1;CD274;XBP1;LGALS9;VIM;LDOC1;SRR;ZC3H12A;CCL2;HMGB2;IL1A;TRIM41;GCH1;NOCT;TNFSF4;SNCA;CDC73;PPM1E;NFKBIB;NLRP7;SELENOS;ADAM9;LIAS;MAPKAPK3;UPF1;OTUD5;SMAD6;WNT5A
ARHGEF10,GO_Biological_Process_2023,prerank,Zinc Ion Transmembrane Transport (GO:0071577),0.4344416950668146,0.9528693133971216,0.5239294710327456,1.0,1.0,5/21,9.95%,SLC30A2;SLC39A9;SLC30A1;SLC39A11;SLC39A13
ARHGEF10,GO_Biological_Process_2023,prerank,Positive Regulation Of Secretion (GO:0051047),-0.49159691852609744,-0.9526171533777407,0.5275459098497496,1.0,1.0,3/15,17.30%,XBP1;PPP3CA;ALOX12B
ARHGEF10,GO_Biological_Process_2023,prerank,Positive Regulation Of Calcium Ion Transport (GO:0051928),-0.4331121652289061,-0.9526026890576313,0.5429553264604811,1.0,1.0,12/28,26.01%,STRIT1;P2RX4;CCL2;CACNB2;CXCL12;ORAI1;CACNA1D;WNK3;ATP2B1;PDGFB;STC1;CRACR2A
ARHGEF10,GO_Biological_Process_2023,prerank,Protein Sumoylation (GO:0016925),0.37834879104566993,0.9524425020328079,0.5390835579514824,1.0,1.0,21/45,21.88%,RNF212B;CBX4;PIAS3;SENP1;IFIH1;EID3;EGR2;UBE2I;NSMCE3;SAE1;SMC6;SLF1;SUMO3;ZMIZ2;RANBP2;TRIM28;MDM2;PIAS4;ZBED1;STX1A;PIAS2
ARHGEF10,GO_Biological_Process_2023,prerank,Nuclear-Transcribed mRNA poly(A) Tail Shortening (GO:0000289),-0.46157866695505734,-0.9521325138832946,0.5331125827814569,1.0,1.0,11/20,24.19%,CNOT4;CNOT8;CNOT6L;PNLDC1;CNOT11;SAMD4A;CNOT2;CNOT3;CNOT6;ZFP36;TUT7
ARHGEF10,GO_Biological_Process_2023,prerank,Vasodilation (GO:0042311),0.45987473316689353,0.9516088576788385,0.5077605321507761,1.0,1.0,3/15,5.57%,ADRB1;NOS3;GPER1
ARHGEF10,GO_Biological_Process_2023,prerank,Wound Healing (GO:0042060),-0.3662610640357945,-0.9509895295746796,0.5641421947449768,1.0,1.0,30/79,26.83%,TRIM72;CHMP5;PPL;SMPD1;TSKU;IGF1;SYTL4;LRG1;EVPL;CFLAR;VPS4A;CORO1B;TGFB2;PPP3CA;CHMP4C;FZD7;SYT11;SYT7;WNT5A;DCBLD2;FGF2;MYOF;MACF1;PLEC;PLPP3;HPSE;SRF;MYH9;CHMP7;FGF1
ARHGEF10,GO_Biological_Process_2023,prerank,Regulation Of Chromosome Segregation (GO:0051983),-0.4434327610557451,-0.950836055482979,0.5399361022364217,1.0,1.0,8/26,20.91%,KIF2B;BUB1;SMC5;RMI2;NCAPG;CSNK2A1;CSNK2A2;NCAPH
ARHGEF10,GO_Biological_Process_2023,prerank,Intracellular Sterol Transport (GO:0032366),-0.49290956166916255,-0.9506850003325035,0.5272108843537415,1.0,1.0,11/15,26.59%,STARD4;SERAC1;VPS4A;OSBP;ABCG1;GRAMD1A;NPC2;NPC1;ARV1;RELCH;GRAMD1B
ARHGEF10,GO_Biological_Process_2023,prerank,Regulation Of DNA Biosynthetic Process (GO:2000278),-0.41862280230886606,-0.9502600864772754,0.5495049504950495,1.0,1.0,17/34,26.16%,BMPR2;ATM;ING4;KAT7;SMG6;PRKD2;HMBOX1;POT1;MEAF6;PINX1;FGFR4;ING5;FGF2;TOM1L1;JADE2;PDGFB;CDKN1A
ARHGEF10,GO_Biological_Process_2023,prerank,Negative Regulation Of Receptor Signaling Pathway Via JAK-STAT (GO:0046426),-0.48180048667253067,-0.9500817469947813,0.5431034482758621,1.0,1.0,5/16,13.63%,PIBF1;PPP2R1A;NF2;PARP14;LEPROT
ARHGEF10,GO_Biological_Process_2023,prerank,Dendritic Cell Differentiation (GO:0097028),0.4285302166892905,0.9496906139032733,0.5215311004784688,1.0,1.0,1/22,0.19%,BATF
ARHGEF10,GO_Biological_Process_2023,prerank,Nucleic Acid Phosphodiester Bond Hydrolysis (GO:0090305),-0.4395895496200637,-0.9490990973384935,0.5190082644628099,1.0,1.0,12/25,27.37%,DXO;ENPP1;ZC3H12A;DCP1A;EDC4;DCP1B;ANKLE1;DNA2;DDX1;MRE11;SETMAR;EXD2
ARHGEF10,GO_Biological_Process_2023,prerank,Positive Regulation Of Intracellular Transport (GO:0032388),-0.41049923396695787,-0.9488471077722594,0.5307820299500832,1.0,1.0,11/39,12.97%,STRIT1;PCNT;STK11;VAMP2;PGAP1;EHD1;B3GAT3;RIPOR1;PDCD10;CEP290;ACTN2
ARHGEF10,GO_Biological_Process_2023,prerank,Dicarboxylic Acid Catabolic Process (GO:0043649),-0.48716522853507305,-0.9488442224448268,0.5695142378559463,1.0,1.0,4/16,12.90%,ALDH1L2;ACSF3;GOT1;GAD1
ARHGEF10,GO_Biological_Process_2023,prerank,Positive Regulation Of Signaling (GO:0023056),-0.41701521437029865,-0.9487428861994894,0.5647425897035881,1.0,1.0,16/37,23.29%,WLS;HOMER1;GATA3;NSF;SOX11;CDKN2AIP;CLSTN1;SNCA;RAMP3;DLG4;ILK;ANXA2;NMU;NMB;SYT1;ECE1
ARHGEF10,GO_Biological_Process_2023,prerank,Regulation Of Rac Protein Signal Transduction (GO:0035020),0.46626450190563584,0.9485295867768359,0.49878934624697335,1.0,1.0,8/15,17.69%,PIK3CB;GABARAP;KBTBD6;SH3BP1;ARF6;CADM4;ARHGAP17;STMN3
ARHGEF10,GO_Biological_Process_2023,prerank,Presynapse Assembly (GO:0099054),-0.49421975172818977,-0.9485284561640458,0.5115894039735099,1.0,1.0,5/15,18.84%,WNT3A;PTEN;FZD1;LRP4;WNT5A
ARHGEF10,GO_Biological_Process_2023,prerank,Mitochondrial RNA Metabolic Process (GO:0000959),-0.4606726381946543,-0.9484948799395745,0.5226890756302521,1.0,1.0,9/20,21.67%,PNPT1;TBRG4;TFB1M;MTERF3;FOXO3;TEFM;TFAM;FASTKD2;POLRMT
ARHGEF10,GO_Biological_Process_2023,prerank,Regulation Of Immune Response (GO:0050776),-0.36721212748479215,-0.9481677830611522,0.557037037037037,1.0,1.0,18/77,14.36%,C6;CXCL13;HLA-G;CFP;PLSCR1;CASP8;DHX58;SYK;DENND1B;CD276;SLA2;N4BP1;IL15;TNFSF4;SPNS2;TGFB2;XIAP;IRF4
ARHGEF10,GO_Biological_Process_2023,prerank,Epiboly Involved In Wound Healing (GO:0090505),-0.48748946607676136,-0.9479024017468265,0.5321252059308073,1.0,1.0,5/15,16.80%,CEACAM1;LCP1;PDCD10;TMEFF2;CARMIL2
ARHGEF10,GO_Biological_Process_2023,prerank,Neural Crest Cell Migration (GO:0001755),-0.41948171957394903,-0.9478717935107372,0.542319749216301,1.0,1.0,17/36,24.07%,RADIL;CORO1C;SEMA7A;NRTN;SEMA6A;PHACTR4;HTR2B;SOX10;SEMA3C;ERBB4;FN1;SEMA6C;SOX8;SEMA5A;SEMA3G;SEMA4C;SEMA3D
ARHGEF10,GO_Biological_Process_2023,prerank,Regulation Of Intracellular Transport (GO:0032386),0.3824566186614995,0.9469692099864981,0.53125,1.0,1.0,14/38,21.30%,REEP6;ATP9A;OCRL;PTPN1;DYNC1H1;NEFH;RBM4;GRIPAP1;CAPN10;REEP5;LAMP1;TTC21B;MX2;RAB11B
ARHGEF10,GO_Biological_Process_2023,prerank,Regulation Of Cellular Senescence (GO:2000772),-0.4196795999080681,-0.9466152806412447,0.5548489666136724,1.0,1.0,12/35,18.99%,HLA-G;PNPT1;PTEN;FBXO5;MAP3K3;FZR1;AMH;SIRT1;ARG2;RSL1D1;YPEL3;VASH1
ARHGEF10,GO_Biological_Process_2023,prerank,Cellular Response To Lectin (GO:1990858),-0.46354504110750805,-0.9466108369447951,0.5391014975041597,1.0,1.0,11/19,30.54%,EP300;SYK;SRC;FYN;PLCG2;LYN;PAK2;MAP3K7;PAK3;KLRD1;PAK1
ARHGEF10,GO_Biological_Process_2023,prerank,Stimulatory C-type Lectin Receptor Signaling Pathway (GO:0002223),-0.46354504110750805,-0.9466108369447951,0.5391014975041597,1.0,1.0,11/19,30.54%,EP300;SYK;SRC;FYN;PLCG2;LYN;PAK2;MAP3K7;PAK3;KLRD1;PAK1
ARHGEF10,GO_Biological_Process_2023,prerank,Negative Regulation Of Neuron Death (GO:1901215),-0.356564463713278,-0.9463784334450623,0.5674846625766872,1.0,1.0,32/88,21.53%,MSH2;FZD9;CITED1;PPARGC1A;GBA1;CNTFR;POU4F1;CNTF;NTRK1;NTRK2;CCL2;RASA1;CDK5;BDNF;SIX1;SNCA;CD200R1;APOE;TGFB3;PTPRZ1;TYRO3;PINK1;LIG4;NGF;CPEB4;SOD1;RETREG1;PRKN;MEF2C;SORL1;FOXB1;IL6ST
ARHGEF10,GO_Biological_Process_2023,prerank,Autophagosome Assembly (GO:0000045),0.34446650246963983,0.9463589650355838,0.5678670360110804,1.0,1.0,21/64,18.11%,RUFY4;MAP1LC3A;TP53INP2;UBXN2A;MFN2;VMP1;SMURF1;GABARAP;MAP1LC3B;ELAPOR1;EMC6;ULK2;ATG7;ATG16L1;ATG101;TP53INP1;PACS2;STX12;ATG14;WIPI1;WDR45
ARHGEF10,GO_Biological_Process_2023,prerank,Cell-Cell Adhesion Via Plasma-Membrane Adhesion Molecules (GO:0098742),-0.33235247606160506,-0.946036743810737,0.5734664764621968,1.0,1.0,65/170,23.40%,MPZ;FLRT3;ITGAL;CEACAM1;ROBO3;CDH23;ITGB2;PCDHB13;NECTIN4;PCDHB14;SLITRK3;SCARF1;CEACAM19;CD177;CDH7;PCDHB4;PCDHA7;ATP2C1;ICAM1;ROBO4;SLITRK1;PALLD;CLDN5;ITGAM;PCDHB10;PTPRT;CDH10;CDH22;MYOT;TGFB2;ALCAM;UNC5D;CDH12;CDH4;MPZL2;ADGRL1;CDH1;AMIGO2;CLDN10;AMIGO1;PKD1;EMB;CDH15;TENM3;PVR;CDH9;CXADR;PTPRF;PCDHB2;CLDN15;TENM2;CD164;TRO;KIRREL3;PLXNB2;SDK2;TGFBR2;CLDN20;NTNG1;PTPRM;PCDHB9;CDHR3;IGSF21;MMP24;DSG2
ARHGEF10,GO_Biological_Process_2023,prerank,Response To Fatty Acid (GO:0070542),-0.466672103420841,-0.9459951969354151,0.543918918918919,1.0,1.0,7/19,24.29%,NR1H4;KCNK4;LCP1;FOXO3;PPP5C;SCD;GLDC
ARHGEF10,GO_Biological_Process_2023,prerank,Regulation Of Protein Ubiquitination (GO:0031396),0.3185882794586855,0.9459121198986261,0.5993788819875776,1.0,1.0,38/112,17.52%,BIRC3;FAM107A;ARRB2;DNAJB2;FBXO4;SVBP;CTNNB1;PER2;DERL1;NDFIP1;WASHC1;NXN;AKT1;HSPBP1;PARK7;DNAJA1;SMAD7;NSMCE3;WFS1;CENPX;UBE2L3;HSP90AB1;TBC1D7;NDFIP2;DAXX;HSPA1A;TGFBR1;TRAF6;USP4;AMER1;RPS3;MALT1;MYCBP2;BIRC2;SPRTN;UBE2N;CAMLG;CENPS
ARHGEF10,GO_Biological_Process_2023,prerank,Heme Biosynthetic Process (GO:0006783),0.4379596025019582,0.9458648518681155,0.503562945368171,1.0,1.0,8/19,21.62%,UROS;ALAS1;TSPO;ALAS2;PGRMC1;ABCB6;NFE2L1;ALAD
ARHGEF10,GO_Biological_Process_2023,prerank,Regulation Of Platelet Aggregation (GO:0090330),-0.4392279266461667,-0.9458466171776938,0.5525876460767947,1.0,1.0,11/25,25.28%,CEACAM1;C1QTNF1;SYK;EMILIN1;PRKCD;CD9;IL6ST;PRKCA;EMILIN2;PRKCQ;LYN
ARHGEF10,GO_Biological_Process_2023,prerank,Positive Regulation Of Protein Tyrosine Kinase Activity (GO:0061098),-0.4110535081122672,-0.9458268402449664,0.5480769230769231,1.0,1.0,10/37,15.26%,AREG;AGT;NOX4;EGF;EPHA4;SRC;DLG3;CASS4;DLG4;IL34
ARHGEF10,GO_Biological_Process_2023,prerank,Positive Regulation Of Protein Localization To Nucleus (GO:1900182),0.34430646457888414,0.9456535259952993,0.5539772727272727,1.0,1.0,28/72,21.24%,NGFR;CCT7;LIF;CHP2;TYK2;CARD10;UBR5;PPP3CB;EFCAB7;TFRC;PARP9;PARK7;PIK3R1;TGFB1;FLNA;DTX3L;MEPCE;TERT;JUP;MCRS1;TPR;BAG3;CCT5;TESK1;SESN2;IPO5;TRIM28;YAP1
ARHGEF10,GO_Biological_Process_2023,prerank,Positive Regulation Of Smooth Muscle Cell Migration (GO:0014911),0.46317526546881793,0.9455470753503453,0.5084337349397591,1.0,1.0,2/16,1.53%,VTN;NELL1
ARHGEF10,GO_Biological_Process_2023,prerank,Microtubule Bundle Formation (GO:0001578),-0.3841118142635882,-0.9455123583248332,0.5564516129032258,1.0,1.0,21/51,23.97%,GAS2L1;PSRC1;TPPP;CFAP206;TPPP3;RP1;DNAAF1;CFAP74;FOXJ1;CAPN6;SPACA9;MARK4;CCSER2;CLASP1;CHP1;TTLL3;CFAP46;RSPH9;CCDC40;TOGARAM1;MAP1S
ARHGEF10,GO_Biological_Process_2023,prerank,Regulation Of Natural Killer Cell Mediated Cytotoxicity (GO:0042269),-0.4239703934411161,-0.9453870901870272,0.5408163265306123,1.0,1.0,6/32,11.98%,HLA-G;RAET1E;KLRB1;KLRK1;LGALS9;CD226
ARHGEF10,GO_Biological_Process_2023,prerank,Response To Metal Ion (GO:0010038),-0.37005557350469664,-0.9453223219727546,0.5520504731861199,1.0,1.0,24/64,21.19%,TNNT2;HAAO;TRPV6;SLC30A4;MAPT;PLSCR1;LOXL2;AQP3;HOMER1;CALM2;IL1A;HFE;SLC25A12;SNCA;TRPC1;PPP3CA;NEDD4;CALM1;SLC30A8;ITPR3;PPP5C;GPHN;SLC30A3;TFR2
ARHGEF10,GO_Biological_Process_2023,prerank,Regulation Of Synapse Organization (GO:0050807),-0.43724728736921115,-0.9451268860080871,0.5490196078431373,1.0,1.0,11/25,22.97%,WNT3A;SLITRK4;MDGA1;EPHA4;CAMK2B;CDKL5;NEDD4;WNT5A;RAB17;MEF2C;CHRNB2
ARHGEF10,GO_Biological_Process_2023,prerank,Positive Regulation Of Myeloid Cell Differentiation (GO:0045639),-0.4110263538217326,-0.9449473077875183,0.5617088607594937,1.0,1.0,11/36,18.87%,INHBA;RAB7B;MTURN;ACVR2A;TESC;HMGB2;FAXDC2;BRD1;STAT1;FOXO3;HSPA1B
ARHGEF10,GO_Biological_Process_2023,prerank,Acute Inflammatory Response (GO:0002526),-0.430620082247062,-0.9448960493497166,0.5415224913494809,1.0,1.0,5/26,13.14%,PLSCR1;CNTN1;C2CD4B;CEBPB;TNFSF4
ARHGEF10,GO_Biological_Process_2023,prerank,Regulation Of Monoatomic Ion Transmembrane Transporter Activity (GO:0032412),0.33653486182626446,0.9447379271370407,0.579250720461095,1.0,1.0,18/68,12.77%,CRHBP;SCN2B;MAPK8IP2;CACNG2;HCN2;HCN3;RANGRF;FHL1;TRPC6;SPHK2;SCN1B;HCN1;FGF12;FXYD2;DAPK1;RELN;MINK1;CACNG7
ARHGEF10,GO_Biological_Process_2023,prerank,Regulation Of Potassium Ion Transmembrane Transport (GO:1901379),0.3894607939840644,0.9445446874451923,0.5333333333333333,1.0,1.0,16/33,20.89%,KCNIP3;KCNAB3;FHL1;KCNIP2;KCNE2;FLNA;NOS1AP;CAB39;DLG1;KCNN2;KCNAB1;KCNE5;DPP10;KCNH2;KCNAB2;STK39
ARHGEF10,GO_Biological_Process_2023,prerank,Positive Regulation Of DNA Replication (GO:0045740),-0.46763422702975344,-0.9445055180381138,0.5255354200988468,1.0,1.0,6/18,20.99%,NPM2;EGF;SMARCA5;KAT7;EGFR;DNA2
ARHGEF10,GO_Biological_Process_2023,prerank,Long-Term Synaptic Potentiation (GO:0060291),-0.4585666042054968,-0.944194857233149,0.5536028119507909,1.0,1.0,4/20,11.09%,NOL3;SLC8A2;VAMP2;GRIN2B
ARHGEF10,GO_Biological_Process_2023,prerank,Defense Response To Virus (GO:0051607),0.3024599689650682,0.9441613299692264,0.6290909090909091,1.0,1.0,60/189,21.47%,OASL;TLR2;IRF7;RNASE1;CD40;NT5C3A;DDX56;TBKBP1;PLA2G10;LYST;IFIH1;TRIM21;IFIT1;APOBEC3B;DDX60;SLFN13;TRIM7;TRIM35;ISG20;IKBKE;FCN3;PYCARD;TRIM8;MICA;TRIM6;TBK1;MORC3;CNOT7;ATG7;USP27X;TTC4;EIF2AK2;RELA;BCL2;IFNLR1;RIGI;EXOSC4;ZNFX1;IFITM1;TRAF6;APOBEC3D;UBE2N;ZDHHC1;MAP3K14;SERINC5;GARIN5A;IFIT3;TRIM25;STAT2;TRIM32;APOBEC3F;USP18;MYD88;ZCCHC3;TRIM28;MX2;MX1;PMAIP1;CGAS;IRF3
ARHGEF10,GO_Biological_Process_2023,prerank,Neuromuscular Synaptic Transmission (GO:0007274),-0.46666409517740487,-0.9439415885728725,0.533678756476684,1.0,1.0,7/18,23.90%,KIF1B;DTNA;TSPOAP1;ERC1;FCHSD1;CHRNB2;ERC2
ARHGEF10,GO_Biological_Process_2023,prerank,Positive Regulation Of Cellular Biosynthetic Process (GO:0031328),0.30389415756651755,0.9433991625766281,0.6513157894736842,1.0,1.0,62/174,21.39%,EDN1;PIWIL2;PTH1R;KLF4;ATP7A;NR1D1;RGCC;CTNNB1;SORBS1;HIF1A;ADSL;AGO2;PRMT1;MID1IP1;DDAH1;EIF3C;CTDNEP1;EPM2AIP1;THBS1;EIF4G3;EIF6;KAT5;AKT1;UPF3A;ZCCHC4;SCARB1;PLIN5;PARK7;SMOC2;EIF4A3;IRS1;NOS1AP;ARNT;METTL5;PRKDC;RPS27L;CLU;GCK;HTR2C;RPS4X;HSP90AB1;ARPP19;PRR16;METTL3;SLC27A1;PXYLP1;HNRNPD;PASK;EGR1;APPL1;FXR2;LARP4B;PYM1;SLC45A3;DDX3X;CDH3;PTPN2;PAOX;GUCY2C;FOXO1;EIF3E;SREBF1
ARHGEF10,GO_Biological_Process_2023,prerank,Meiosis I (GO:0007127),0.41380905675022234,0.9432899265325932,0.5238095238095238,1.0,1.0,6/25,14.34%,MEIKIN;CCNA1;BTBD18;FOXJ3;MEI1;ZCWPW1
ARHGEF10,GO_Biological_Process_2023,prerank,Regulation Of Peptidyl-Threonine Phosphorylation (GO:0010799),-0.40339880279275275,-0.9430155575973751,0.5495934959349593,1.0,1.0,10/36,18.12%,EGF;STOX1;SPHK1;SPRY2;PARD3;CALM2;AZU1;DGKQ;CALM1;WNK3
ARHGEF10,GO_Biological_Process_2023,prerank,Peptide Metabolic Process (GO:0006518),0.35737703068370097,0.9429587837936096,0.5570291777188329,1.0,1.0,17/53,16.47%,CARNMT1;ERAP1;ADAMTS13;ACE;LNPEP;CPQ;CPM;PARL;BACE2;NLN;CPXM2;IMMP1L;IMMP2L;PCSK1;TPP1;LTA4H;NPEPPS
ARHGEF10,GO_Biological_Process_2023,prerank,Cholesterol Efflux (GO:0033344),-0.44407412252956796,-0.9423076489169796,0.5251677852348994,1.0,1.0,9/23,18.78%,APOC1;ABCG4;TSKU;ABCG5;ABCG8;APOE;APOM;SOAT1;ABCG1
ARHGEF10,GO_Biological_Process_2023,prerank,Positive Regulation Of MAPK Cascade (GO:0043410),-0.31238840108028393,-0.9422391194900254,0.6423927178153446,1.0,1.0,93/306,23.43%,ADRA1D;GSDME;SEMA7A;OPRM1;JCAD;EGF;ALOX15;CCL25;MOS;DOK4;SPRY2;P2RY6;ICAM1;FLT3;XCL1;GLIPR2;PLA2G2A;RAPGEF2;LGALS9;NECAB2;NTRK1;IGF1;CD74;NTRK2;NOTCH1;MTURN;TNFAIP8L3;DDR2;MYDGF;CCL2;PDCD10;LRRK2;ARRB1;CX3CL1;CD81;ADRB2;TMEM106A;AMH;RET;RIT2;FGFR3;HTR2B;ADAM8;TGFB2;RAMP3;CIB1;PRKD2;MST1R;IL34;APOE;IL11;PDE8A;C5AR1;KIT;SERPINF2;ADAM9;EGFR;IAPP;ALOX12B;SCIMP;SHC1;LAMTOR1;FGFR4;INSR;GPR183;IGFBP6;SOD1;PLCE1;FLT4;HLA-DRB1;FLT1;ERBB4;NTRK3;CHRNA7;TEK;PLCG2;GRM4;FBXW7;SOX2;CD24;MEF2C;FGF2;DDT;TPD52L1;GAS6;PDGFD;FGFR1;EZH2;AGER;ROCK2;PRKCA;TRIM5;CRKL
ARHGEF10,GO_Biological_Process_2023,prerank,Organophosphate Ester Transport (GO:0015748),-0.4432357336604625,-0.9421514083762281,0.537542662116041,1.0,1.0,11/25,23.55%,PCTP;TNFAIP8L3;SLC25A19;MTTP;VAPA;PLTP;OSBP;PITPNA;PITPNB;LDLR;NPC2
ARHGEF10,GO_Biological_Process_2023,prerank,Positive Regulation Of Signaling Receptor Activity (GO:2000273),0.3938095514266535,0.9420369123902108,0.5239294710327456,1.0,1.0,10/36,12.60%,EDN1;NELL1;BTC;HBEGF;ITGB1;HIF1A;ADRA2C;PARK7;HDAC6;RELN
ARHGEF10,GO_Biological_Process_2023,prerank,Regulation Of Cell Junction Assembly (GO:1901888),-0.45097703207661627,-0.941960193910336,0.5514950166112956,1.0,1.0,11/23,24.24%,RAPGEF2;CLDN3;CRB3;SNAI2;RAP1B;RAB17;MEF2C;FLOT1;CHRNB2;ROCK2;RAPGEF1
ARHGEF10,GO_Biological_Process_2023,prerank,Regulation Of Cation Channel Activity (GO:2001257),-0.3779664680974855,-0.9413768449460104,0.5821371610845295,1.0,1.0,20/56,18.90%,AHNAK;CTSS;S100G;NOS1;ANK3;HOMER1;JPH4;VAMP2;CALM2;CACNA1A;HCN4;NETO1;CACNB2;EDNRA;FGF13;PIRT;CACNB1;CALM1;FGF14;HRC
ARHGEF10,GO_Biological_Process_2023,prerank,Regulation Of Neutrophil Chemotaxis (GO:0090022),-0.42934848200694464,-0.9413258492523345,0.5348460291734197,1.0,1.0,5/25,14.72%,XCL1;CD74;C1QBP;RAC2;TNFAIP6
ARHGEF10,GO_Biological_Process_2023,prerank,Regulation Of Tumor Necrosis Factor Production (GO:0032680),-0.34247487921323355,-0.9411952955219988,0.5671641791044776,1.0,1.0,30/126,20.21%,LILRB4;CD33;PTPN6;LY96;NR1H4;OAS3;TLR3;VSIR;CYBA;LGALS9;SYK;LCP1;IGF1;ZC3H12A;CX3CL1;IL1A;TMEM106A;AMH;NLRC3;CLEC4A;AZU1;SELENOS;ARG2;EPHB2;ARFGEF2;SYT11;MAVS;WNT5A;CHRNA7;PLCG2
ARHGEF10,GO_Biological_Process_2023,prerank,Cell Morphogenesis Involved In Neuron Differentiation (GO:0048667),-0.35880958617080827,-0.9403225990048518,0.5562403697996918,1.0,1.0,21/77,18.17%,PAX2;RB1;SLITRK3;ANK3;SLITRK4;POU4F1;PARD6B;DCC;PARD3;SHTN1;BAIAP2;NTNG2;SLITRK1;CDK5;MFSD2A;RAB10;AFG3L2;SPTBN4;LRP4;OPHN1;BRSK2
ARHGEF10,GO_Biological_Process_2023,prerank,Regulation Of Inflammatory Response To Antigenic Stimulus (GO:0002861),-0.46949804180701643,-0.9403070052915168,0.5452991452991452,1.0,1.0,10/17,25.28%,HCK;SYK;YES1;SRC;FURIN;FYN;HLA-DRB1;MAPK14;MKRN2;LYN
ARHGEF10,GO_Biological_Process_2023,prerank,Cellular Response To Glucose Stimulus (GO:0071333),-0.4126626546942513,-0.9400749480956476,0.5551894563426688,1.0,1.0,15/34,24.67%,PAX2;KCNB1;XBP1;SLC39A14;RAB11FIP2;MLXIPL;TRA2B;CLTRN;SELENOT;ZNF236;GAS6;AGER;LIN28A;ERN1;UNC13B
ARHGEF10,GO_Biological_Process_2023,prerank,Positive Regulation Of Developmental Process (GO:0051094),-0.319036813940013,-0.9396918699216258,0.6219178082191781,1.0,1.0,95/232,26.44%,ZP3;PAX2;CORO1C;ALK;LEF1;TMEM79;ODAPH;OGT;ESRRB;SAP30;BMPR2;KRT10;ZBTB16;XBP1;ELAPOR2;FBXO5;SMARCE1;LCP1;RALBP1;C1QBP;CPEB3;MFF;RBBP7;CAMK2B;HMCES;SLC6A6;CEBPB;RALA;SPIRE1;PHLDB2;MARCHF5;ZNF703;CORO1B;TLE6;TRAPPC13;SRC;SIRT1;GSK3B;PGAM5;LHX1;MUL1;DLG4;RTN4;APOE;PAXIP1;ADGRL1;PBRM1;SMARCD3;SERPINF2;BMP1;NEURL1;CAMK1;GJA1;AURKA;BCL7B;FIS1;AKR1B1;PINK1;INSR;WNT5A;ENPP2;CLASP1;PRKN;BNIP3;SORL1;MIEF1;PTN;CFL1;B4GALT5;SMURF2;RPS6KA1;SMARCA2;FGFR1;SINHCAF;SOX8;SHANK1;KMT5B;BRMS1;PSEN1;FMR1;BICRAL;MIXL1;PLD6;ACTL6B;SRF;PDGFB;NR2C2;SCX;ING2;ACVR1B;TP53BP1;VHL;SAP30L;NCOA3;BRMS1L
ARHGEF10,GO_Biological_Process_2023,prerank,Regulation Of Macroautophagy (GO:0016241),-0.3476637987578366,-0.9396873634509989,0.5501519756838906,1.0,1.0,33/94,24.25%,GPSM1;VPS26B;TBC1D25;GBA1;EXOC8;ATP6V1G2;LRRK2;LARP1;TECPR1;CDK5;SCOC;BNIP3L;SIRT1;WAC;NEDD4;SESN1;ATP6V1G1;CAPNS1;PIK3CA;TSC2;PINK1;SH3GLB1;SNX5;EXOC7;TRIM13;BNIP3;ATP6V0E2;MAPK8;MTMR8;ATP6V1H;ERN1;CASP3;VPS26A
ARHGEF10,GO_Biological_Process_2023,prerank,Intrinsic Apoptotic Signaling Pathway In Response To DNA Damage By P53 Class Mediator (GO:0042771),-0.45844082710472767,-0.9393278566127663,0.5741710296684118,1.0,1.0,8/19,19.12%,EP300;IFI16;HIPK1;SIRT1;PHLDA3;PML;USP28;BAG6
ARHGEF10,GO_Biological_Process_2023,prerank,Leukocyte Adhesion To Vascular Endothelial Cell (GO:0061756),0.4376310987223462,0.9385898718419522,0.5292620865139949,1.0,1.0,6/19,17.14%,MADCAM1;ITGA4;ITGB1;SPN;ROCK1;GOLPH3
ARHGEF10,GO_Biological_Process_2023,prerank,Energy Derivation By Oxidation Of Organic Compounds (GO:0015980),0.38065566101834675,0.9382766056783678,0.5171503957783641,1.0,1.0,14/42,17.22%,COX4I2;CYC1;COX7C;NDUFS1;UQCRC1;LEP;MRAP2;ACSM1;UQCR11;LYRM7;UQCR10;COX7B;COX4I1;PID1
ARHGEF10,GO_Biological_Process_2023,prerank,Sodium Ion Homeostasis (GO:0055078),-0.43300022690160944,-0.9382681131628491,0.5462184873949579,1.0,1.0,6/25,13.81%,SLC12A3;SCNN1B;SCNN1A;SCNN1G;ATP1A4;ATP1A2
ARHGEF10,GO_Biological_Process_2023,prerank,Positive Regulation Of Ion Transmembrane Transporter Activity (GO:0032414),-0.4077447904926226,-0.937886015100955,0.5422077922077922,1.0,1.0,13/33,19.93%,NOL3;CTSS;ANK3;CCL2;TCAF1;ADRB2;ACTN2;EDNRA;PIRT;CFTR;EPHB2;WNK3;ATP1B3
ARHGEF10,GO_Biological_Process_2023,prerank,Positive Regulation Of Cell-Matrix Adhesion (GO:0001954),0.3767706401262584,0.9377845990307601,0.5529411764705883,1.0,1.0,17/43,19.21%,NELL1;CSF1;EPHA1;FUT1;COL16A1;EFEMP2;PPM1F;SKAP1;ROCK1;TSC1;PLEKHA2;JUP;UTRN;THY1;RAC1;KDR;PTPRJ
ARHGEF10,GO_Biological_Process_2023,prerank,Proton Motive Force-Driven Mitochondrial ATP Synthesis (GO:0042776),0.3619044396234322,0.9376188011234662,0.5956873315363881,1.0,1.0,20/52,21.25%,ATP5ME;NDUFA3;NDUFA2;NDUFA11;NDUFS1;NDUFS6;NDUFA1;NDUFB1;ATP5PB;ATP5F1D;SDHB;NDUFB2;NDUFAB1;NDUFA7;ATP5F1C;NDUFB5;NDUFC1;NDUFV3;NDUFA6;NDUFC2
ARHGEF10,GO_Biological_Process_2023,prerank,protein-DNA Complex Disassembly (GO:0032986),0.4287377911063973,0.937610622770117,0.5199063231850117,1.0,1.0,8/20,21.00%,SMARCB1;SMARCD1;H2AC25;SMARCA4;SMARCC1;SUPT16H;RPL17;HMGA1
ARHGEF10,GO_Biological_Process_2023,prerank,Negative Regulation Of Cellular Response To Growth Factor Stimulus (GO:0090288),0.3448744309700251,0.9375309128685677,0.5962059620596206,1.0,1.0,24/71,18.61%,SKOR1;SKOR2;SOST;FSTL3;ATP2B4;PTPN1;DAB2IP;THBS1;SMURF1;UBE2D3;HIPK2;NIBAN2;VWC2L;SMAD7;EPN2;SKIL;PPARG;TRIM33;CADM4;BMPER;HGS;CRIM1;SPRY1;GDF3
ARHGEF10,GO_Biological_Process_2023,prerank,Negative Regulation Of Cell-Substrate Adhesion (GO:0010812),-0.4052105186070002,-0.936383006299881,0.5659432387312187,1.0,1.0,15/39,24.69%,CORO1C;CDKN2A;NOTCH1;RASA1;CX3CL1;NF2;CASK;FZD7;MAP4K4;KANK1;EFNA5;AP1AR;JAG1;AJAP1;ITGB1BP1
ARHGEF10,GO_Biological_Process_2023,prerank,Positive Regulation Of Innate Immune Response (GO:0045089),-0.3906586676371678,-0.936317736346565,0.5539452495974235,1.0,1.0,9/45,18.84%,SH2D1B;IFNK;PLSCR1;AKIRIN2;TRIM56;TRIM41;CD1D;MAVS;WNT5A
ARHGEF10,GO_Biological_Process_2023,prerank,tRNA Wobble Base Modification (GO:0002097),-0.49395824350370793,-0.9362112557488689,0.55,1.0,1.0,8/15,22.23%,ELP2;ELP4;MOCS3;ELP3;CTU1;ELP6;ALKBH1;ELP1
ARHGEF10,GO_Biological_Process_2023,prerank,Heterotypic Cell-Cell Adhesion (GO:0034113),0.40168476143363363,0.9361665753201981,0.5394088669950738,1.0,1.0,5/29,6.55%,IZUMO1;MADCAM1;ITGA4;ITGB1;ITGA5
ARHGEF10,GO_Biological_Process_2023,prerank,Cell Chemotaxis (GO:0060326),-0.3835927007402423,-0.9358763535342043,0.571658615136876,1.0,1.0,18/48,27.14%,LEF1;CCL25;HMGB2;CX3CL1;CORO1B;CXCL12;ARHGEF16;RHOG;AZU1;KIT;PIP5K1A;PRKCD;DOCK4;SEMA5A;PDGFB;PRKCQ;ELMO2;RAB13
ARHGEF10,GO_Biological_Process_2023,prerank,Oxidative Phosphorylation (GO:0006119),0.35367901163288973,0.9353832134730429,0.6043360433604336,1.0,1.0,25/60,22.52%,ATP5ME;NDUFA3;NDUFA2;NDUFA11;NDUFS1;UQCRC1;NDUFS6;NDUFA1;NDUFB1;ATP5PB;ATP5F1D;CHCHD10;SDHB;NIPSNAP2;NDUFB2;NDUFAB1;NDUFA7;ATP5F1C;NDUFB5;NDUFC1;NDUFV3;NDUFA6;NDUFC2;UQCRH;NDUFS4
ARHGEF10,GO_Biological_Process_2023,prerank,Mitotic Metaphase Plate Congression (GO:0007080),-0.38529303834950096,-0.9351180474436075,0.5838414634146342,1.0,1.0,19/50,26.50%,EML3;RMDN1;PSRC1;CHMP5;CENPE;PIBF1;VPS4A;CEP55;CHMP4C;PINX1;CCNB1;SPDL1;CENPC;CUL3;KPNB1;KIF14;RRS1;CHMP7;DCTN2
ARHGEF10,GO_Biological_Process_2023,prerank,Dendritic Spine Organization (GO:0097061),-0.4347583860821421,-0.9347453131075086,0.5523156089193825,1.0,1.0,10/26,22.82%,NOL3;PTEN;DLG4;EPHB2;FYN;INSR;CHRNA7;CDC42;SHANK1;DOCK10
ARHGEF10,GO_Biological_Process_2023,prerank,Regulation Of Receptor Signaling Pathway Via STAT (GO:1904892),0.4486428989494656,0.9346921348145085,0.5295508274231678,1.0,1.0,8/16,18.93%,MST1;DOT1L;TP53INP2;TGFB1;TSLP;PPARG;JAK3;HES1
ARHGEF10,GO_Biological_Process_2023,prerank,Regulation Of Protein Modification Process (GO:0031399),0.3695052928997852,0.9345799219780125,0.5578635014836796,1.0,1.0,24/45,23.57%,PPIB;SPRED2;FKTN;FLCN;KDM4D;ATG7;CCAR2;ATG101;FNIP1;PHIP;CADM4;GRM5;SOCS1;ATG14;PIN1;ASPSCR1;STAT2;FER;SESN2;SPRED1;NOP53;NDUFS4;RABL3;HPF1
ARHGEF10,GO_Biological_Process_2023,prerank,Positive Regulation Of Protein Localization To Plasma Membrane (GO:1903078),0.35923239882015773,0.9345655671427412,0.575197889182058,1.0,1.0,18/51,15.39%,NKD2;GPER1;EPHA3;ATP2B4;ITGB1;SORBS1;ZDHHC5;RANGRF;AKT1;PRKCI;ITGA3;PIK3R1;STAC2;PRKCE;STX4;ARF6;SPTBN1;DLG1
ARHGEF10,GO_Biological_Process_2023,prerank,Regulation Of Endopeptidase Activity (GO:0052548),0.3408977872860371,0.9341464922131647,0.5742296918767507,1.0,1.0,23/68,20.66%,VTN;SERPINA6;BIRC3;SPOCK2;PSME1;NRDC;AKT1;APH1A;SPOCK1;SERPINE3;SERPINE1;APH1B;PICALM;BIRC2;NCSTN;SERPINI2;SERPINE2;GAPDH;SERPINF1;SERPING1;CRB2;PSME3;PSMB8
ARHGEF10,GO_Biological_Process_2023,prerank,Positive Regulation Of Cytokine Production Involved In Immune Response (GO:0002720),-0.4105050970424967,-0.9340366362386063,0.5633333333333334,1.0,1.0,9/33,20.21%,HLA-G;CD55;XCL1;CD226;TNFSF4;KIT;SCIMP;WNT5A;PLCG2
ARHGEF10,GO_Biological_Process_2023,prerank,Neural Crest Cell Development (GO:0014032),-0.3974876971921357,-0.9338162707227997,0.5648148148148148,1.0,1.0,19/44,24.07%,RADIL;CORO1C;SEMA7A;NRTN;KBTBD8;SNAI2;SEMA6A;PHACTR4;HTR2B;SOX10;SEMA3C;FAM172A;ERBB4;SEMA6C;SOX8;SEMA5A;SEMA3G;SEMA4C;SEMA3D
ARHGEF10,GO_Biological_Process_2023,prerank,Positive Regulation Of JNK Cascade (GO:0046330),0.33819933918577866,0.9337759464372082,0.6011396011396012,1.0,1.0,26/77,19.34%,WNT16;TNFRSF19;DAB2IP;RIPK1;TAOK1;MFHAS1;HIPK2;PYCARD;HMGB1;NOD2;PLCB1;EDA2R;MINK1;MAP3K10;MBIP;MAP4K2;TRAF1;GADD45G;ZNF622;SDCBP;TRAF6;TAOK2;MAPKBP1;FGF19;ANKRD6;MAPK8IP3
ARHGEF10,GO_Biological_Process_2023,prerank,MAPK Cascade (GO:0000165),-0.3439705647705634,-0.9335511097592264,0.5877061469265368,1.0,1.0,35/98,24.06%,EGF;MOS;PPP1CC;RAPGEF2;ITGAV;LGALS9;AVP;IGF1;NRTN;CCL2;MAP3K5;LRRK2;DUSP5;MAP3K3;PTGER4;RIT2;FGFR3;HTR2B;RASGRP3;PPP1CB;FGF13;MAP2K4;TNIK;MAP4K4;MAPK12;ZDHHC9;PPP5C;MAPK13;MEF2C;PTPN3;FGFR1;MAPK14;ZFP36;MAPK8;MAP2K1
ARHGEF10,GO_Biological_Process_2023,prerank,Receptor Recycling (GO:0001881),-0.46742466709711333,-0.9330821091202851,0.5546218487394958,1.0,1.0,10/17,26.21%,PEX12;PEX6;REP15;EHD3;PLEKHJ1;PHETA1;LMTK2;SORL1;USP9X;PEX2
ARHGEF10,GO_Biological_Process_2023,prerank,Negative Regulation Of Innate Immune Response (GO:0045824),0.36597930944292534,0.9330750883068941,0.5738636363636364,1.0,1.0,26/52,22.60%,PARP1;YTHDF2;TRIM21;DTX4;AKT1;LYAR;DCST1;CNOT7;PRKDC;GRN;AURKB;PPP6C;METTL3;PCBP2;SERPING1;STAT2;USP18;FAM3A;PTPN2;RPS19;CR1;CGAS;CACTIN;ATG5;TTLL12;ATG12
ARHGEF10,GO_Biological_Process_2023,prerank,Proton Motive Force-Driven ATP Synthesis (GO:0015986),0.34868010212131473,0.932581298932375,0.5994623655913979,1.0,1.0,24/59,21.25%,ATP5ME;NDUFA3;NDUFA2;NDUFA11;NDUFS1;NDUFS6;NDUFA1;NDUFB1;ATP5PB;ATP5F1D;VPS9D1;ATP5MC1;SDHB;NDUFB2;NDUFAB1;ATP5MK;ATP5MC2;NDUFA7;ATP5F1C;NDUFB5;NDUFC1;NDUFV3;NDUFA6;NDUFC2
ARHGEF10,GO_Biological_Process_2023,prerank,Positive Regulation Of Interleukin-2 Production (GO:0032743),0.4047873913414678,0.932504250003408,0.548235294117647,1.0,1.0,11/25,20.78%,STOML2;CD4;PDE4B;CD86;SPTBN1;PDE4D;TRAF6;RPS3;MALT1;CARD11;GLMN
ARHGEF10,GO_Biological_Process_2023,prerank,Negative Regulation Of Neurogenesis (GO:0050768),-0.4303749005177313,-0.9323658429731763,0.5629139072847682,1.0,1.0,11/27,21.72%,WNT3A;MCF2;PTEN;RAPGEF2;NOTCH1;GDI1;LRP4;EFNB3;HOOK3;SORL1;PTN
ARHGEF10,GO_Biological_Process_2023,prerank,Membrane Fission (GO:0090148),-0.4025786516712928,-0.9319808579653261,0.5763239875389408,1.0,1.0,19/38,22.79%,CORO1C;CHMP5;EXOC8;VPS4A;STAM2;TMCC1;EXOC6;CHMP4C;VPS37A;MVB12A;UBAP1;VPS25;SH3GLB1;EXOC7;VPS37B;VPS37C;SNF8;VPS36;EXOC6B
ARHGEF10,GO_Biological_Process_2023,prerank,Regulation Of Amyloid-Beta Formation (GO:1902003),-0.4112138506563766,-0.9319801498679222,0.5794701986754967,1.0,1.0,14/33,24.25%,IGF1;NTRK2;EPHA4;RTN4;APOE;RTN3;GSAP;LRRTM3;ABCG1;CHRNA7;GGA3;SORL1;ROCK2;CASP3
ARHGEF10,GO_Biological_Process_2023,prerank,Inorganic Anion Transmembrane Transport (GO:0098661),0.3532166347883301,0.9317330722318261,0.5971830985915493,1.0,1.0,24/63,17.41%,SLC4A1;CYP27B1;GABRB1;SLC12A5;GABRE;SLC12A4;ANO5;SLC37A3;ANO8;XPR1;GLRA2;GABRA5;GABRA4;SLC12A2;ANO2;ANO9;SLC25A3;GABRA2;SLC12A1;SLC20A1;SLC5A6;SLC25A11;GABRG1;SLC25A10
ARHGEF10,GO_Biological_Process_2023,prerank,Regulation Of Cell Size (GO:0008361),0.42384954544226394,0.9315272056562734,0.5359801488833746,1.0,1.0,12/24,22.05%,EDN1;RDX;RPTOR;DEPTOR;MTPN;PRR16;RAP1GAP2;RAC1;VAV2;LARS1;RARG;EZR
ARHGEF10,GO_Biological_Process_2023,prerank,Positive Regulation Of Macromolecule Metabolic Process (GO:0010604),-0.3057230566454459,-0.9315200223130444,0.7050632911392405,1.0,1.0,96/362,21.37%,SLC2A10;SLC22A2;AGT;NWD1;WNT3A;RHOXF2;CITED1;INHBA;PPARGC1A;FGF9;EGF;LEF1;ACTA2;TLR3;GBA1;PLSCR1;CNTN1;PGR;ANK3;STOX1;VSIR;C1QTNF1;POU4F1;FER1L6;FGF16;CNTF;SLC26A9;SPRY2;BMPR2;FGF23;CLDN3;LGALS9;NSF;ZBTB7B;ACTG2;AVP;ATM;IGF1;PKP1;CD74;NTRK2;NOTCH1;MYCN;OVOL2;ZC3H12A;TESC;CLDN5;SOX11;PDCD10;IL1A;NFKBIA;SRPK2;AMH;POU3F1;HFE;PKP3;GSK3B;SNCA;RAMP3;EMILIN1;RBMS3;ZNF580;ZNF804A;AZU1;DGKQ;DLL1;MED23;LAMTOR5;GJA1;ALOX12B;ANXA2;RBPJ;FUBP3;EPHB2;AKR1B1;MED26;FGFR4;HINFP;OXSR1;NGF;WNT5A;HSPA1B;PDE2A;PRKN;NTRK3;CHRNA7;PLCG2;RHOXF1;UHRF1;OLFM1;MEF2C;FUBP1;DNMT3B;FGF2;DNMT1;FN1
ARHGEF10,GO_Biological_Process_2023,prerank,Histone H3 Acetylation (GO:0043966),0.3849631475504052,0.9313621523532865,0.5835411471321695,1.0,1.0,12/36,17.34%,TAF12;SUPT3H;TAF2;ENY2;TADA2A;SF3B3;KAT2A;MBIP;SUPT7L;KAT14;YEATS2;TAF5
ARHGEF10,GO_Biological_Process_2023,prerank,Antigen Processing And Presentation Of Exogenous Peptide Antigen (GO:0002478),0.4002366269605961,0.9313101713418267,0.5663956639566395,1.0,1.0,9/29,16.11%,CTSE;CTSV;HLA-E;CTSF;DNM2;HLA-DMB;HLA-DOB;LGMN;HLA-DOA
ARHGEF10,GO_Biological_Process_2023,prerank,Negative Regulation Of Response To Biotic Stimulus (GO:0002832),0.3670732746068251,0.9311984716004905,0.5533980582524272,1.0,1.0,20/45,23.29%,PARP1;LTF;NFKBIL1;TRIM21;DTX4;AKT1;LYAR;PRKDC;AURKB;ITCH;PPP6C;MAPKBP1;PCBP2;CGAS;CACTIN;ATG5;PPM1B;ATG12;TRAF3IP1;TRIB1
ARHGEF10,GO_Biological_Process_2023,prerank,Positive Regulation Of Protein Kinase B Signaling (GO:0051897),-0.3491897576117017,-0.9311961156037947,0.5987933634992458,1.0,1.0,40/93,26.07%,EGF;CNTN1;SPRY2;GATA3;P2RX4;F10;IGF1;TNFAIP8L3;MYDGF;C1QBP;CX3CL1;FAM110C;SRC;RET;RAMP3;CASS4;MST1R;RTN4;ENG;EGFR;IAPP;PIK3CA;PINK1;INSR;LRP2;TEK;FGF2;F7;AKR1C3;GAS6;FGFR1;LIN28A;SEMA5A;PTK2;ITGB1BP1;HPSE;MYORG;TXN;MTDH;NTS
ARHGEF10,GO_Biological_Process_2023,prerank,Negative Regulation Of Calcium Ion Transmembrane Transport (GO:1903170),-0.4533901715068853,-0.9311288008603787,0.5498281786941581,1.0,1.0,7/19,14.91%,NOS1;PLN;CALM2;PPP3CC;ATP1A2;PPP3R1;PPP3CA
ARHGEF10,GO_Biological_Process_2023,prerank,Positive Regulation Of MAP Kinase Activity (GO:0043406),0.325196625667491,0.9309350650665283,0.6126126126126126,1.0,1.0,22/90,17.00%,EDN1;PIK3R6;CD40;MAP3K4;PTPN1;DAB2IP;DIRAS1;THBS1;NOD2;TGFB1;ROBO1;MAP3K10;NTF3;DVL2;MAP4K2;MAP3K13;TENM1;MAP2K5;MAP3K12;TRAF6;RPS3;TNFSF11
ARHGEF10,GO_Biological_Process_2023,prerank,Cardiac Epithelial To Mesenchymal Transition (GO:0060317),-0.4582079960537856,-0.9299608504610153,0.5636672325976231,1.0,1.0,9/19,20.64%,TBX3;HEY2;NOTCH1;SNAI2;TGFB2;HEY1;ENG;RBPJ;OLFM1
ARHGEF10,GO_Biological_Process_2023,prerank,Vascular Endothelial Growth Factor Receptor Signaling Pathway (GO:0048010),0.4027884909212301,0.9292986814164761,0.5357142857142857,1.0,1.0,12/28,22.63%,CLEC14A;NELL1;DAB2IP;MAPKAPK2;SLC31A1;VEGFB;PGF;KDR;VAV2;SULF1;PDCD6;VEGFA
ARHGEF10,GO_Biological_Process_2023,prerank,Positive Regulation Of Neuron Apoptotic Process (GO:0043525),-0.4374617693745357,-0.9288121353239673,0.5533333333333333,1.0,1.0,8/23,20.36%,DDIT3;ITGAM;CDK5;SRPK2;TGFB2;PCSK9;FOXO3;FBXW7
ARHGEF10,GO_Biological_Process_2023,prerank,Regulation Of ERK1 And ERK2 Cascade (GO:0070372),-0.3125762413226733,-0.9287569991385103,0.6414835164835165,1.0,1.0,92/239,27.83%,ADRA1D;CEACAM1;PTPN6;SEMA7A;OPRM1;ALOX15;CCL25;PTEN;SPRY2;P2RY6;ICAM1;XCL1;GLIPR2;PLA2G2A;RAPGEF2;LGALS9;SYK;NECAB2;NTRK1;IGF1;CD74;NTRK2;NOTCH1;MTURN;EPHA4;TNFAIP8L3;DDR2;CCL2;ARRB1;CX3CL1;SEMA6A;AMH;FGFR3;HTR2B;RAMP3;EMILIN1;CIB1;PRKD2;APOE;PDE8A;C5AR1;APIP;FAM83D;SERPINF2;EGFR;SCIMP;SHC1;EPHB2;FGFR4;GPR183;FLT4;HLA-DRB1;ERBB4;NTRK3;CHRNA7;TEK;FBXW7;FGF2;DDT;SYNJ2BP;FN1;RGS14;GAS6;PDGFD;AGER;PRKCA;SPRY3;CRKL;MAP2K1;GSTP1;DDR1;GPNMB;ITGB1BP1;PDGFB;ZDHHC17;SMAD4;LYN;P2RY1;ROR2;ARHGAP8;LMO3;FGF1;GCNT2;RRAS;CCL26;PHB1;NRG1;BMP2;TGFBR3;APP;PDGFC;ROR1
ARHGEF10,GO_Biological_Process_2023,prerank,Endocytosis (GO:0006897),-0.3233485280795041,-0.9287205715624706,0.6457461645746164,1.0,1.0,70/187,23.82%,LRP1B;TOM1;ITGB2;MYCBPAP;CORO1C;EPS15;SCARF1;DAB2;DENND1C;EPN3;P2RY6;MRC1;TAFA4;MYO6;RALBP1;CORO1A;DENND1B;EHD1;RAB7A;DNM1;RIN3;LRRK2;AHSG;ITGAM;RABEPK;ADRB2;REPS2;PACSIN2;CLINT1;EHD3;SCARA5;RAB11FIP2;WASF1;MST1R;ASGR1;APOE;TYRO3;EPS15L1;PIP5K1A;TSC2;AP1S1;ANXA3;INSR;SYT7;SCARB2;AP3M1;LRP2;SNX5;RAB34;HSPG2;MIB1;RAB17;SORL1;TFR2;ARHGAP27;RHOQ;RHOBTB1;AMPH;LDLR;IGF2R;GAS6;CDC42;TICAM2;JMJD6;EEA1;CAV3;SFTPD;PIKFYVE;ATP6V1H;HEATR5B
ARHGEF10,GO_Biological_Process_2023,prerank,Organelle Transport Along Microtubule (GO:0072384),-0.39235035500092413,-0.9282955871916074,0.5528846153846154,1.0,1.0,22/38,27.07%,MAPT;BORCS6;CDR2L;UBB;BICDL1;KXD1;KIF5B;LRPPRC;TRAK1;HTT;RAB6A;SNAPIN;NDE1;CDC42;COPG1;BICDL2;BICD2;MAP1S;NDEL1;COPG2;ARHGAP21;PAFAH1B1
ARHGEF10,GO_Biological_Process_2023,prerank,Activation Of NF-kappaB-inducing Kinase Activity (GO:0007250),-0.4831189704283494,-0.9278370913413867,0.5447897623400365,1.0,1.0,3/15,10.23%,TLR3;CARD14;ZFP91
ARHGEF10,GO_Biological_Process_2023,prerank,Cartilage Development (GO:0051216),0.35338252473989185,0.9275693769711537,0.5994694960212201,1.0,1.0,11/52,12.17%,WNT5B;SPAM1;COL11A2;ATP7A;SNX19;GDF5;SNORC;DDRGK1;GHRL;HYAL1;TGFB1
ARHGEF10,GO_Biological_Process_2023,prerank,Histone Acetylation (GO:0016573),0.35007886160925844,0.9273378367140203,0.5947368421052631,1.0,1.0,30/59,23.98%,TAF12;PHF20L1;SUPT3H;MBTD1;TAF2;ENY2;EPC2;TADA2A;KAT5;SF3B3;KAT2A;VPS72;MBIP;SUPT7L;KAT14;YEATS2;TAF5;MORF4L2;ACTL6A;EP400;TAF6L;SUPT20H;TAF5L;RUVBL2;MORF4L1;TAF6;TRRAP;NAA40;MRGBP;DMAP1
ARHGEF10,GO_Biological_Process_2023,prerank,Negative Regulation Of Intrinsic Apoptotic Signaling Pathway In Response To DNA Damage (GO:1902230),-0.43039483172836557,-0.9271392266554697,0.5647840531561462,1.0,1.0,11/25,21.14%,CD74;MARCHF7;SNAI2;AMH;CXCL12;SIRT1;CDKN2D;KDM1A;DDIAS;BCL2L1;SFRP2
ARHGEF10,GO_Biological_Process_2023,prerank,Regulation Of Vasculature Development (GO:1901342),-0.4158711431665624,-0.9270454519385969,0.5894909688013136,1.0,1.0,10/30,21.09%,CXCL13;TSPAN12;PDCD10;PLXND1;SP100;EMP2;RNH1;EGLN1;VASH1;FGF2
ARHGEF10,GO_Biological_Process_2023,prerank,Negative Regulation Of Transposition (GO:0010529),0.40096417905444925,0.9270436321062934,0.5672371638141809,1.0,1.0,4/25,5.95%,PIWIL2;SPOCD1;BTBD18;APOBEC3B
ARHGEF10,GO_Biological_Process_2023,prerank,Regulation Of Cysteine-Type Endopeptidase Activity Involved In Apoptotic Process (GO:0043281),-0.3518756297345607,-0.9269450434023395,0.5869894099848714,1.0,1.0,25/84,22.07%,SOX7;PAX2;IFI6;CASC2;CYCS;SFN;SYK;NLRP2;AVP;SIAH2;MAP3K5;GRAMD4;SRC;SIRT1;SNCA;XIAP;CDKN2D;LAMTOR5;FIS1;CSNK2A1;BAD;SOX2;CARD8;GAS6;RPS6KA1
ARHGEF10,GO_Biological_Process_2023,prerank,Endosomal Transport (GO:0016197),-0.32309860296324433,-0.9266339687364541,0.6358381502890174,1.0,1.0,60/178,23.82%,ANXA8;AP5S1;WASHC3;MICALL2;ALS2;TOM1;CORO1C;DENND10;WIPF3;TBC1D10C;VPS26B;EPS15;CCDC22;DENND1C;WASH6P;VAMP4;DENND1B;EHD1;RAB7A;RAB6B;SNX4;SNX7;RAB43;VPS4A;RBSN;REPS2;EHD3;SQSTM1;WASH2P;MYO5B;RAB10;TMCC1;WASHC2C;ZFYVE16;PLEKHJ1;CLN5;RCSD1;STX16;EPS15L1;LAMTOR1;DENND2A;PHETA1;VPS54;SNX5;WASHC2A;RAB6A;LMTK2;RAB17;WASHC4;ACAP2;TBC1D17;SNF8;ERC1;STX10;ALS2CL;SNX27;MAGEL2;PIKFYVE;STX6;HEATR5B
ARHGEF10,GO_Biological_Process_2023,prerank,Positive Regulation Of Epithelial Cell Proliferation (GO:0050679),-0.3361156208867843,-0.9265743104380321,0.5955223880597015,1.0,1.0,42/122,23.25%,AREG;PAX2;NELL2;FGF9;EGF;CNTN1;STAT5A;BMPR2;XBP1;IGF1;LRG1;MYDGF;SOX11;HMGB2;ZNF703;SIRT1;HTR2B;PRKD2;ZNF580;RTN4;ZNF304;C5AR1;PPP1R16B;FZD7;SAAL1;EGFR;NRARP;OXSR1;WNT5A;SCAND3;VEGFC;FLT4;TEK;ANG;BAD;FGF2;SCN5A;NME2;PTN;SRSF6;PRKCA;SEMA5A
ARHGEF10,GO_Biological_Process_2023,prerank,Nucleic Acid Metabolic Process (GO:0090304),-0.4124245111812989,-0.9263250147872437,0.5943396226415094,1.0,1.0,13/30,27.37%,DXO;NT5E;ENPP1;MMS19;RECQL5;DNA2;DDX1;WDR74;ATXN2;DDX24;SETMAR;RAN;EXD2
ARHGEF10,GO_Biological_Process_2023,prerank,Linoleic Acid Metabolic Process (GO:0043651),-0.4567960888783894,-0.9263023821255585,0.5684931506849316,1.0,1.0,9/19,24.29%,ELOVL3;ALOX15;CYP4A22;ELOVL2;RAPSN;ALOX12B;ELOVL5;CYP2J2;GSTP1
ARHGEF10,GO_Biological_Process_2023,prerank,Positive Regulation Of Peptide Hormone Secretion (GO:0090277),0.35679662006284113,0.9256510764547989,0.5868421052631579,1.0,1.0,11/46,17.39%,UCN;GPER1;GHRL;ILDR1;MYRIP;POLR2D;GCK;TM7SF3;GLUD1;TNFSF11;CAPN10
ARHGEF10,GO_Biological_Process_2023,prerank,Circulatory System Development (GO:0072359),-0.3338017740173752,-0.9252329539251086,0.6276445698166432,1.0,1.0,43/130,21.44%,HAND1;FLRT3;SLC2A10;SLC2A12;GJA5;POU4F1;CASP8;PTEN;POPDC3;PRICKLE4;STK11;HEY2;NOTCH1;PCSK5;CACYBP;MTHFD1;DNAAF4;TGFB2;HEY1;NOTCH4;PKD1;DZIP1;PIK3CA;GJA1;CDKN1B;TSC2;OXSR1;ALPK3;KAT2B;CXADR;PLCE1;FLT4;AKAP13;ERBB4;TAFAZZIN;NTRK3;TEK;FBXW7;HSPG2;MEF2C;TAB2;FN1;TGFBR2
ARHGEF10,GO_Biological_Process_2023,prerank,Regulation Of Intracellular Signal Transduction (GO:1902531),-0.3078719523722679,-0.925199686045246,0.6894736842105263,1.0,1.0,95/297,22.31%,ARHGEF10;CEACAM1;MAPT;GRAP2;MRAP;GBA1;PDPK1;PLEKHG4;OPTN;MCF2;EP300;ULK4;PTEN;CLEC6A;ARHGAP4;DYNLL1;ITGAV;LIME1;STK11;ARHGAP5;PAK6;RRAGC;TELO2;NTRK1;CALM2;RALBP1;ATM;RASSF2;NTRK2;OVOL2;PJA2;RPF2;ARHGEF19;ARHGEF25;LRRK2;STK3;FAM13A;TRAF5;NFKBIA;ARHGAP45;NF2;ARHGAP18;PHLPP1;SQSTM1;SEZ6;RIT2;UFL1;SEZ6L;PRKD2;CHEK2;CHEK1;VWF;GPR143;SETD9;SUMO4;FAM83D;PPP1R16B;SWAP70;EGFR;PAK1IP1;AURKA;PIP5K1A;TNIK;ARHGAP30;RHOD;MAP4K4;DNMBP;STARD13;WNT5A;FLT4;PDE2A;TMEM127;SMYD2;AKAP13;NTRK3;PREX1;TEK;KAT6A;PLCG2;TTI1;BOP1;CD24;TIAM1;RACGAP1;PRDM11;ARHGAP27;ECT2;ARHGAP26;CARD8;OBSCN;CYLD;SGMS1;STYXL1;ARHGEF11;STK4
ARHGEF10,GO_Biological_Process_2023,prerank,Phosphatidylinositol Biosynthetic Process (GO:0006661),-0.34932561626990966,-0.9247503511667853,0.6118012422360248,1.0,1.0,35/97,21.09%,INPP4B;MTMR4;PTEN;PIGC;PIGQ;PI4K2A;TPTE2;PIGA;PIGB;MPPE1;PIGZ;MTMR7;TMEM150A;PIGW;SLA2;PIGG;HYCC2;DPM1;PITPNM2;SOCS2;MTMR3;CDS1;PIGO;PIK3CA;PIP5K1A;IMPA1;PIGP;PGAP3;PI4K2B;PMPCA;MTMR14;PLCG2;TTC7B;SLC30A5;FGF2
ARHGEF10,GO_Biological_Process_2023,prerank,Regulation Of T Cell Cytokine Production (GO:0002724),-0.45850557703576267,-0.9244700117848702,0.5621621621621622,1.0,1.0,5/18,13.76%,LILRB4;CD55;XCL1;TNFSF4;HFE
ARHGEF10,GO_Biological_Process_2023,prerank,Negative Regulation Of Osteoclast Differentiation (GO:0045671),-0.44694819893978294,-0.9238623292486253,0.5801652892561984,1.0,1.0,6/21,14.72%,LILRB4;LRRC17;TLR3;ZNF675;LILRB3;TNFAIP6
ARHGEF10,GO_Biological_Process_2023,prerank,Positive Regulation Of Cold-Induced Thermogenesis (GO:0120162),0.31819414719275224,0.9238608219850002,0.6181818181818182,1.0,1.0,34/98,19.51%,ADRB1;EBF2;CXCR4;CMKLR1;DIO2;DYNC1H1;KDM6B;PER2;YBX2;STAT6;ACHE;MFN2;GHRL;OXT;SMARCA4;IL18;LEP;MUC1;LCN2;OXTR;LPIN1;PRKAB1;GADD45G;THRA;ADIPOR1;DECR1;MFAP2;PRKAB2;UCP2;ACSL1;HSF1;PRLR;APLP2;ESRRG
ARHGEF10,GO_Biological_Process_2023,prerank,Protein Localization (GO:0008104),-0.30463888042213244,-0.923339942946726,0.7058080808080808,1.0,1.0,131/349,26.95%,AP3B1;HPS6;RABL2B;WLS;ARF4;ANO1;VPS26B;TNS4;RAB20;AP4E1;ANK3;CD177;GRIN3B;PARD3;TMED5;RAB32;NSF;RTP1;MYO6;ARL11;RRAGC;RNF26;HEY2;EXOC8;TIMM23;CD74;ARF3;EHD1;ODR4;ANKS4B;RAB6B;MAPRE3;NBEA;HHEX;SNX15;LRRK2;STXBP3;COPA;CD81;ARFIP2;RAB43;VPS13A;CORO1B;SPTSSA;EMP2;COG3;SQSTM1;FOXJ1;STX7;FBLN5;AP4B1;ARF1;SCFD1;STXBP2;KIF3A;UNC93B1;RAB38;ARCN1;CCDC120;RAB28;CCDC68;CEP250;STX16;ARL4A;TRIM23;ARFIP1;EGFR;CPE;ARF5;GJA1;LAMTOR1;AHI1;TSC2;TMED1;NAPA;PHYHIP;RAB1B;HOOK3;SHROOM2;TIMM50;WNT5A;ATG4D;RAB6A;NBEAL2;RAB5C;SNX8;CEP128;GGA3;HOOK1;CNTLN;RAB17;NPM1;TMED3;SAR1B;DNAJC19;KIF13A;WDR45B;TIMM44;RAB31;FAM91A1;SEC23IP;STX10;CAV3;SUMO1;SNX27;AP4S1;ATG13;STX6;HEATR5B;BBS7;ATG9B;VPS26A;REEP1;USP9X;VANGL2;RPGR;BBS2;RAB23;VPS45;USO1;STK11IP;BIN3;PEX13;SHROOM3;NBEAL1;CROCC;SEPTIN9;ATG4B;RAB3GAP2;RAB29;TSNARE1
ARHGEF10,GO_Biological_Process_2023,prerank,Regulation Of Wnt Signaling Pathway (GO:0030111),-0.34367015132491685,-0.9232069291910234,0.6353677621283255,1.0,1.0,42/107,23.69%,SOX7;OTULIN;CITED1;WLS;GNAQ;DAAM2;STK11;RNF43;TSKU;AMER2;WWOX;SULF2;HHEX;LRRK2;PPP2R1A;ZNF703;CDC73;SHISA2;BTRC;SPIN1;SFRP5;CCNYL1;LGR6;APCDD1;RNF14;FZD7;KREMEN1;CDK14;TSC2;KANK1;CSNK2A1;GRB10;PRKN;GSKIP;TIAM1;SFRP2;SKI;RSPO4;SUMO1;MACF1;PSEN1;CCNY
ARHGEF10,GO_Biological_Process_2023,prerank,Oligodendrocyte Development (GO:0014003),-0.47059809820811516,-0.9232020357551395,0.5632377740303541,1.0,1.0,7/16,22.23%,TPPP;NSUN5;EIF2B5;MYRF;SOX10;EIF2B3;GPM6B
ARHGEF10,GO_Biological_Process_2023,prerank,Positive Regulation Of Notch Signaling Pathway (GO:0045747),0.380226802531499,0.9231930172079218,0.5497512437810945,1.0,1.0,13/33,17.33%,NOS3;MESP1;JAG2;TM2D3;PRKCI;ROBO2;NOD2;POGLUT1;ROBO1;TP63;EPN2;STAT3;NOTCH2NLC
ARHGEF10,GO_Biological_Process_2023,prerank,Nucleosome Disassembly (GO:0006337),0.4337208782162345,0.9228238084903762,0.5531914893617021,1.0,1.0,5/18,12.72%,SMARCB1;SMARCD1;H2AC25;SMARCA4;SMARCC1
ARHGEF10,GO_Biological_Process_2023,prerank,Positive Regulation Of miRNA Metabolic Process (GO:2000630),0.35247147117432803,0.9228183135794934,0.6185567010309279,1.0,1.0,16/49,18.02%,GATA2;NGFR;KLF4;JUN;NFKB1;HIF1A;TEAD1;SMARCA4;TP53;TGFB1;RELA;PPARG;TERT;STAT3;MRTFA;EGR1
ARHGEF10,GO_Biological_Process_2023,prerank,Regulation Of Cell Development (GO:0060284),0.3532277767569585,0.922818186021682,0.6168478260869565,1.0,1.0,8/51,6.54%,HES3;GFI1B;HES6;YTHDF2;HEYL;CTNNB1;BRPF1;PER2
ARHGEF10,GO_Biological_Process_2023,prerank,Chloride Transport (GO:0006821),0.333374075449785,0.9226668887204316,0.6358381502890174,1.0,1.0,23/77,14.75%,SLC4A1;GABRB1;SLC12A5;GABRE;CLCN2;SLC12A4;SLC26A7;ANO5;CLCN7;SLC17A7;CLCN4;ANO8;GLRA2;GABRA5;GABRA4;TTYH1;SLC12A2;PACC1;ANO2;ANO9;GABRA2;SLC12A1;BEST1
ARHGEF10,GO_Biological_Process_2023,prerank,Negative Regulation Of Cell Development (GO:0010721),-0.4432065206983918,-0.9225116373217392,0.5643564356435643,1.0,1.0,9/22,23.89%,WNT3A;IGF1;NOTCH1;RFLNA;GSK3B;HOOK3;SORL1;CAV3;DYNLT1
ARHGEF10,GO_Biological_Process_2023,prerank,Mitotic Spindle Assembly (GO:0090307),-0.38603400062759885,-0.9224348060982736,0.6012759170653907,1.0,1.0,15/44,21.81%,ARHGEF10;PIBF1;OFD1;MAP9;CHEK2;LSM14A;KIF3B;WRAP73;CLASP1;TPX2;SMC1A;STAG1;MZT1;RACGAP1;CEP192
ARHGEF10,GO_Biological_Process_2023,prerank,Regulation Of Systemic Arterial Blood Pressure (GO:0003073),0.4498714020885426,0.9222744765535141,0.5072815533980582,1.0,1.0,6/15,9.89%,GPR37L1;NPPA;DDAH1;SPX;PRCP;ADM5
ARHGEF10,GO_Biological_Process_2023,prerank,Negative Regulation Of Transforming Growth Factor Beta Receptor Signaling Pathway (GO:0030512),-0.35327621788411906,-0.9220215019012672,0.5950920245398773,1.0,1.0,33/77,26.79%,SLC2A10;TGFB1I1;VASN;MTMR4;PDPK1;PRDM16;OGT;SAP30;SPRY2;LTBP1;STUB1;RBBP7;FAM89B;CAPN5;ADAMTSL2;SIRT1;EMILIN1;VEPH1;LEMD3;SMAD6;SNX25;SMURF2;SKI;SINHCAF;BRMS1;ASPN;FBN2;ING2;ZNF451;SAP30L;BRMS1L;ZBTB7A;BCL9L
ARHGEF10,GO_Biological_Process_2023,prerank,Regulation Of Protein Localization To Nucleus (GO:1900180),0.3533501977972271,0.9218183278006492,0.6160220994475138,1.0,1.0,22/52,20.29%,NGFR;LIF;OTUD7B;TYK2;CARD10;MFHAS1;PPP3CB;LATS1;TFRC;FLCN;PARP9;PARK7;TGFB1;DTX3L;SUMO3;GLUL;NVL;PIN1;BMP4;TPR;TESK1;SESN2
ARHGEF10,GO_Biological_Process_2023,prerank,Positive Regulation Of Fatty Acid Metabolic Process (GO:0045923),-0.4651592038173038,-0.9217110569927024,0.5927209705372617,1.0,1.0,8/17,27.40%,PPARGC1A;MLXIPL;KAT2B;ELOVL5;NR1H3;MLYCD;KLHL25;LPGAT1
ARHGEF10,GO_Biological_Process_2023,prerank,Axonogenesis (GO:0007409),-0.3184085769891865,-0.9215774529266316,0.6699438202247191,1.0,1.0,52/187,19.76%,LRTM2;EFNB1;PAX2;ROBO3;EPHA5;NELL2;SEMA7A;SLITRK3;CNTN1;PLEKHG4;ANK3;SLITRK4;POU4F1;PTEN;PARD6B;DCC;ROBO4;PARD3;SHTN1;BAIAP2;NTNG2;SLITRK1;PALLD;NOTCH1;EPHA4;EFNA3;KIF5A;ARHGEF25;CDK5;SEMA6A;LRTM1;BDNF;ENAH;RET;CXCL12;RAB10;AFG3L2;SPTBN4;LGR6;CYFIP1;EMB;EFNB3;OPHN1;SEMA3C;EPHB2;KIF5B;FYN;BRSK2;WNT5A;EFNA5;DOCK7;VASP
ARHGEF10,GO_Biological_Process_2023,prerank,Regulation Of Kinase Activity (GO:0043549),-0.3506837481995211,-0.9212849369266424,0.6147919876733436,1.0,1.0,32/82,25.09%,MAPT;TIE1;RB1;FLT3;NTRK1;CD74;NTRK2;DDR2;EMP2;RET;FGFR3;MST1R;CCNYL1;EGFR;TYRO3;CDKN1B;FGFR4;INSR;SOD1;PLCE1;FLT4;HLA-DRB1;FLT1;ERBB4;NTRK3;TEK;ECT2;FGFR1;CCNY;MET;DDR1;MRE11
ARHGEF10,GO_Biological_Process_2023,prerank,DNA Replication (GO:0006260),-0.36113921080272515,-0.9211976975335251,0.6369426751592356,1.0,1.0,36/73,29.18%,RPA3;DONSON;POLE2;WRNIP1;CDK2;TOP1MT;CDK2AP1;REV3L;RECQL4;POLE4;CHEK1;POLA1;POLL;UPF1;MCM6;RECQL5;MCMBP;DNA2;WDHD1;TOP1;NAP1L1;CHRAC1;FAM111B;SET;GRWD1;WDR18;ORC5;CDK1;POLG2;BAZ1A;RBMS1;RNASEH2A;MCM8;POLD1;RPA1;PNKP
ARHGEF10,GO_Biological_Process_2023,prerank,Epoxygenase P450 Pathway (GO:0019373),0.44450861123011715,0.9211910807168837,0.5748663101604278,1.0,1.0,3/17,4.81%,CYP2F1;CYP2A13;CYP2C18
ARHGEF10,GO_Biological_Process_2023,prerank,Cellular Response To Steroid Hormone Stimulus (GO:0071383),0.4075500669104772,0.9208533522350778,0.5816326530612245,1.0,1.0,9/25,18.57%,TFPI;NKX3-1;GPER1;TRERF1;ATP1A3;UBE2L3;HSPA1A;MAPK1;BMP4
ARHGEF10,GO_Biological_Process_2023,prerank,Positive Regulation Of Isotype Switching (GO:0045830),0.45674576811208856,0.9207611159282113,0.60381861575179,1.0,1.0,5/15,12.17%,MAD2L2;TFRC;SHLD2;INSL6;TGFB1
ARHGEF10,GO_Biological_Process_2023,prerank,Monoubiquitinated Histone H2A Deubiquitination (GO:0035522),0.39894066621938795,0.9204633152078148,0.5946601941747572,1.0,1.0,14/27,23.70%,TAF12;SUPT3H;TAF2;ENY2;SF3B3;KAT2A;RNF2;SUPT7L;TAF5;TAF6L;SUPT20H;TAF5L;TAF6;TRRAP
ARHGEF10,GO_Biological_Process_2023,prerank,Monoubiquitinated Histone Deubiquitination (GO:0035521),0.39894066621938795,0.9204633152078148,0.5946601941747572,1.0,1.0,14/27,23.70%,TAF12;SUPT3H;TAF2;ENY2;SF3B3;KAT2A;RNF2;SUPT7L;TAF5;TAF6L;SUPT20H;TAF5L;TAF6;TRRAP
ARHGEF10,GO_Biological_Process_2023,prerank,Regulation Of Cellular Catabolic Process (GO:0031329),-0.3609359446132206,-0.9203064861740384,0.606973058637084,1.0,1.0,20/62,20.75%,TRIB3;MAPT;DRAM1;MTMR4;EP300;DDIT3;IFI16;DEPP1;ATM;KAT8;LRRK2;WAC;CISD2;MAPK15;MTMR3;UVRAG;ULK3;SOGA1;PRKN;TPCN2
ARHGEF10,GO_Biological_Process_2023,prerank,Negative Regulation Of Cell-Cell Adhesion (GO:0022408),0.369743451475656,0.9200914715413107,0.5850515463917526,1.0,1.0,11/40,16.07%,APOA1;MAD2L2;KLF4;RDX;RGCC;AKT1;SPINT2;TGFB1;MAP2K5;PPM1F;MIA3
ARHGEF10,GO_Biological_Process_2023,prerank,Membrane Repolarization (GO:0086009),0.4437837047360284,0.9192460390229711,0.5845771144278606,1.0,1.0,9/17,21.19%,KCND3;KCNH6;KCNIP2;KCNE2;ATP1B2;KCNJ2;KCNE5;KCNH2;KCNH7
ARHGEF10,GO_Biological_Process_2023,prerank,Glycosaminoglycan Metabolic Process (GO:0030203),-0.41359229497912525,-0.9190327923956156,0.5844594594594594,1.0,1.0,6/28,11.25%,B4GALT7;IDUA;HS3ST1;SGSH;B3GAT3;HAS1
ARHGEF10,GO_Biological_Process_2023,prerank,Regulation Of Chromosome Organization (GO:0033044),-0.3882365662915503,-0.9189724693238381,0.5941558441558441,1.0,1.0,15/43,18.25%,MAPT;RB1;BUB1;ACTR5;NSMCE1;SMC5;SHCBP1L;RMI2;XRCC5;INO80C;SMG6;SLF2;RUVBL1;UPF1;LIG4
ARHGEF10,GO_Biological_Process_2023,prerank,Regulation Of Plasma Membrane Bounded Cell Projection Assembly (GO:0120032),-0.35216951656126333,-0.9184283008326406,0.6318926974664679,1.0,1.0,36/75,27.42%,TBC1D24;TBC1D10C;WAS;DAAM2;P2RX4;CAPZB;TWF1;PODXL;DYNC2LI1;MAPK15;CDKL5;PPP1R16B;DYNLT2B;GAP43;IFT88;FSCN1;SGSM3;TBC1D19;RAB17;SDCCAG8;TBC1D17;CYLD;USP6NL;CDC42;INTU;FMR1;SH3YL1;TBC1D22B;ATG3;WDPCP;TBC1D15;FXR1;TBC1D2B;IFT140;MYO10;TBC1D20
ARHGEF10,GO_Biological_Process_2023,prerank,Regulation Of Nitric-Oxide Synthase Activity (GO:0050999),0.39260512974381706,0.9182911336129441,0.5669856459330144,1.0,1.0,9/27,13.16%,ATP2B4;PIK3CB;HIF1A;DDAH1;AKT1;TERF2;LEP;SCARB1;NOS1AP
ARHGEF10,GO_Biological_Process_2023,prerank,Monoatomic Cation Transmembrane Transport (GO:0098655),-0.30713589660470186,-0.9182487369031743,0.7165775401069518,1.0,1.0,87/281,21.17%,KCNH3;KCNC2;SLC9A9;TRPM2;TRPV6;PKD2L1;SLC30A4;SCN2A;SLC24A5;CACNG1;SLC8A2;SLC12A3;SLC9C2;SLC6A3;KCNK2;KCNK4;KCNK13;SLC41A1;MCOLN2;SLC41A2;ABCC8;TMEM175;KCNK7;CNGB1;ATP2C1;KCNB1;ASIC3;P2RX4;ITGAV;SLC6A15;SCN3B;KCNB2;SLC4A4;KCNH4;SCNN1B;CACNA1A;SCNN1A;SCNN1G;KCNA7;SLC6A12;HCN4;CNGA4;GRIN2B;KCNC4;GRIN1;SLC6A6;SLC9A5;SLC1A3;ATP6AP1;ATP1A4;TRPV1;TRPV3;SLC39A14;ORAI1;ATP1A2;SLC6A9;SCARA5;KCNH1;CCDC51;TRPC1;KCNQ1;KCNQ4;KCNK17;CACNB1;KCNK12;PKD1;CACNA1D;SLC9C1;KCNA3;SLC30A8;ASIC1;KCNK1;TRPM6;TRPC5;TRPV4;SLC9A8;ATP1B3;TRPC4;SLC30A5;KCNQ5;KCND2;KCNN1;TPCN2;KCNG1;KCNQ3;SCN5A;SLC30A3
ARHGEF10,GO_Biological_Process_2023,prerank,Positive Regulation Of Tyrosine Phosphorylation Of STAT Protein (GO:0042531),-0.36696384781110314,-0.9180355216757391,0.6214405360134003,1.0,1.0,11/55,16.44%,IL23R;CNTF;FLT3;PIBF1;IGF1;GH2;IL15;PARP14;FGFR3;CTF1;KIT
ARHGEF10,GO_Biological_Process_2023,prerank,Positive Regulation Of Embryonic Development (GO:0040019),-0.45573285802668856,-0.9179004120115045,0.5892255892255892,1.0,1.0,10/20,27.78%,WNT3A;WNT4;TLE6;LHX1;OXSR1;CFL1;NR2C2;SCX;RACK1;TENM4
ARHGEF10,GO_Biological_Process_2023,prerank,Adenylate Cyclase-Inhibiting G Protein-Coupled Receptor Signaling Pathway (GO:0007193),-0.37674816091693153,-0.917897348852842,0.5899513776337115,1.0,1.0,11/52,13.45%,ADCY7;GABBR2;MCHR1;CORT;HTR1B;OPRM1;INSL3;HTR1F;OXER1;OPRK1;DRD3
ARHGEF10,GO_Biological_Process_2023,prerank,Positive Regulation Of Interleukin-1 Beta Production (GO:0032731),-0.3683065990221887,-0.9172608336338752,0.5896607431340872,1.0,1.0,13/56,23.04%,NLRC4;CASP8;NLRP1;IFI16;LGALS9;LCP1;NLRP2;TMEM106A;AZU1;WNT5A;AIM2;CARD8;NLRP12
ARHGEF10,GO_Biological_Process_2023,prerank,Positive Regulation Of Peptidyl-Threonine Phosphorylation (GO:0010800),-0.43029406264696657,-0.9172534445391015,0.5866666666666667,1.0,1.0,9/24,22.87%,EGF;STOX1;SPHK1;CALM2;AZU1;CALM1;WNK3;S1PR2;CEMIP
ARHGEF10,GO_Biological_Process_2023,prerank,Megakaryocyte Differentiation (GO:0030219),-0.46487162865487575,-0.9171477943460731,0.5883333333333334,1.0,1.0,4/17,16.44%,GP1BA;GP1BB;IL11;KIT
ARHGEF10,GO_Biological_Process_2023,prerank,Connective Tissue Development (GO:0061448),0.3750469723844675,0.9170937065561328,0.6209476309226932,1.0,1.0,13/38,19.03%,SPAM1;COL11A2;ATP7A;SNORC;DDRGK1;DYRK1B;GHRL;SLC39A13;HYAL1;SOX9;CREB3L2;SOX6;PGRMC2
ARHGEF10,GO_Biological_Process_2023,prerank,Positive Regulation Of Endothelial Cell Migration (GO:0010595),0.32577602194382915,0.9170736247993937,0.6106194690265486,1.0,1.0,22/84,13.70%,EDN1;GATA2;NOS3;NELL1;CD40;PIK3CB;HIF1A;AKT3;FUT1;PIK3CD;THBS1;AKT1;RHOB;SCARB1;HMGB1;PROX1;SMOC2;TGFB1;SPARC;PLCG1;EMC10;FOXP1
ARHGEF10,GO_Biological_Process_2023,prerank,Intracellular Protein Transport (GO:0006886),-0.3060500362814594,-0.9169153520061,0.7384615384615385,1.0,1.0,127/322,25.83%,AP3B1;RABL2B;POM121L2;WLS;ARF4;VPS26B;RAB20;AP4E1;RANBP6;TMED5;RAB32;NSF;SYK;STRADA;HEATR3;MYO6;ARL11;CALR;AP1M2;TIMM23;CD74;AKIRIN2;ARF3;IPO8;EHD1;RAB7A;CCHCR1;RAB6B;NXT2;KPNA5;SNX15;OXA1L;STXBP3;STK3;COPA;ARFIP2;ATP6AP1;RAB43;STAM2;RANBP3L;STX7;AP4B1;ARF1;SCFD1;STXBP2;UNC93B1;RAB38;ARCN1;NUP85;XPO7;VPS37A;RAB28;PKD1;STX16;MVB12A;ARL4A;UBAP1;HOMER3;TRIM23;ARFIP1;ARF5;VPS25;POM121C;HIKESHI;TSC2;NUP42;TMED1;NAPA;RAB1B;MAIP1;TIMM50;TRAK1;ANKLE1;FAM53C;PREB;CHP1;SEC16A;CLIP3;RAB6A;SURF4;NUP88;RAB5C;SNX8;GGA3;RAB17;NUP214;SORL1;NPM1;VPS37B;TMED3;SAR1B;VPS37C;DNAJC19;KIF13B;KIF13A;TIMM44;SNF8;RAB31;IPO4;FAM91A1;RANBP3;NUP155;VPS36;GCKR;STK4;SEC23IP;STX10;CACNG5;CDC37;SNX27;AP4S1;KPNA4;STX6;NUP188;VPS26A;AKAP6;KATNB1;RPGR;KPNA1;BCL3;RAB23;VPS45;USO1;TECPR2;IPO9;KPNB1;NUP98
ARHGEF10,GO_Biological_Process_2023,prerank,Regulation Of Blood Vessel Endothelial Cell Proliferation Involved In Sprouting Angiogenesis (GO:1903587),0.4460869160945715,0.9167717477014342,0.5515587529976019,1.0,1.0,3/16,8.03%,GATA2;NGFR;THBS1
ARHGEF10,GO_Biological_Process_2023,prerank,Negative Regulation Of Gene Expression (GO:0010629),-0.3020697707542073,-0.916487042544364,0.7308707124010554,1.0,1.0,124/336,25.73%,SLFN14;SLC2A10;PIWIL3;DXO;WNT4;MAPT;TDRD1;RB1;TDRD12;PGR;SRGN;STOX1;PPM1D;PNPT1;TIPARP;POU4F1;PIWIL4;PARP15;BTN2A2;PARP10;CLDN3;LGALS9;RPS6KA4;NANOS3;CALR;HEY2;IGF1;NOTCH1;MYCN;TNRC6B;OVOL2;EPHA4;ZAR1L;ZC3H12A;OPRD1;CPEB3;LSM6;CLDN5;SOX11;PDCD10;SUV39H2;NHLRC3;SH3GL2;WWP2;LARP1;PTGER4;RNH1;N4BP1;BTG2;TRIM3;NOCT;AMH;UPK3B;PARP14;TYMS;SIRT1;GSK3B;TGFB2;EMILIN1;KDM4A;RBMS3;CLEC4A;CHEK1;CNPY2;APOE;ENG;DGKQ;TARDBP;AURKA;PINK1;DHFR;METTL16;HINFP;SYT11;MPHOSPH8;CSNK2A1;LSM14A;KAT2B;PATL2;SMAD5;HSPA1B;EPC1;PAIP2B;PRKN;STC2;FBXW7;ATP2B1;OLFM1;MEF2C;FGF2;SFRP2;FLOT2;DNMT1;MACROH2A1;RPS13;IFRD2;EZH2;ROCK2;CREB3L1;NLRP12;SETDB2;LIN28A;PSEN1;HAVCR2;CRKL;FMR1;ZFP36;RNF139;MORC2;ERN1;EXD1;GPNMB;DDX6;PDGFB;LRP1;NCL;ILF3;PUM1;SLC7A5;IGFBP5;FXR1;RPS26;EIF4E2;ID2
ARHGEF10,GO_Biological_Process_2023,prerank,"Positive Regulation Of DNA-templated Transcription, Elongation (GO:0032786)",0.34884397431366265,0.9163638810243888,0.6021220159151194,1.0,1.0,26/56,23.45%,PARP1;ELL3;BTBD18;MED16;MED8;BRD4;CDK13;MED7;HMGN1;MED9;PWWP2A;MED15;MED28;CCNK;MED22;CCNT1;MED19;SUPT5H;SUPT4H1;SUPT16H;ZMYND8;MED10;MED27;SCAF8;CDK9;MED14
ARHGEF10,GO_Biological_Process_2023,prerank,Mitotic Sister Chromatid Segregation (GO:0000070),-0.33867012757442,-0.9163281861413762,0.660377358490566,1.0,1.0,33/111,21.17%,ARHGEF10;EML3;DLGAP5;PSRC1;CHMP5;CENPE;PIBF1;NCAPG;VPS4A;CEP55;DSN1;AKAP8L;OFD1;MAP9;CHEK2;CHMP4C;KIF18B;PINX1;PHF13;NSL1;KNSTRN;LSM14A;KIF3B;WRAP73;CLASP1;TPX2;SMC1A;CCNB1;TEX14;STAG1;SPDL1;NCAPH;MZT1
ARHGEF10,GO_Biological_Process_2023,prerank,Inflammatory Response (GO:0006954),-0.3111012165085758,-0.916281662195399,0.6792963464140731,1.0,1.0,41/232,16.44%,CXCL13;PTGIR;ITGAL;NOX4;FPR1;ITGB2;CARD18;C3AR1;NLRC4;CXCL2;NFAM1;ALOX15;CCL25;BDKRB2;TLR3;CXCL1;KLRG1;IL10RB;XCL1;GATA3;CYBA;LGALS9;PLA2G4B;SCUBE1;PJA2;CCL2;CDO1;CX3CL1;CEBPB;IL1A;PTGER4;TNFSF4;GPR68;ADM;ADAM8;AOC3;TNFAIP6;C5AR1;AZU1;ELF3;KIT
ARHGEF10,GO_Biological_Process_2023,prerank,Carbohydrate Catabolic Process (GO:0016052),0.3657944160917065,0.9162488816332389,0.5925,1.0,1.0,18/41,18.52%,GBA3;ENOSF1;NEU4;HK1;LDHA;PKLR;PGM1;ALDOC;ENO4;GAPDHS;ENO2;MANBA;GCK;TPI1;MAN2C1;HK2;UCP2;GAPDH
ARHGEF10,GO_Biological_Process_2023,prerank,Chromosome Organization (GO:0051276),-0.3780904632773693,-0.9161505646110589,0.5918367346938775,1.0,1.0,3/44,4.29%,PRM2;MSH2;RB1
ARHGEF10,GO_Biological_Process_2023,prerank,Regulation Of Phosphatidylinositol 3-Kinase Signaling (GO:0014066),-0.3504368953826965,-0.9159162828507336,0.6295731707317073,1.0,1.0,31/89,22.20%,CEACAM1;PTPN6;EGF;PTEN;FLT3;LIME1;NTRK1;IGF1;NTRK2;DDR2;MYDGF;SRC;SIRT1;TGFB2;NLRC3;NEDD4;PLXNB1;PPP1R16B;KIT;EGFR;PIP5K1A;TSC2;INSR;PIK3AP1;FLT1;NTRK3;TEK;FGF2;FN1;PDGFD;FGFR1
ARHGEF10,GO_Biological_Process_2023,prerank,Heterochromatin Formation (GO:0031507),-0.4083975487801651,-0.9157392437225425,0.5702479338842975,1.0,1.0,11/30,22.41%,RB1;PPM1D;SMARCA5;SIRT1;LMNA;L3MBTL1;NRDE2;FAM172A;EZH1;UHRF1;EZH2
ARHGEF10,GO_Biological_Process_2023,prerank,Epithelial Structure Maintenance (GO:0010669),-0.44776793460047554,-0.9155934333867026,0.6006711409395973,1.0,1.0,4/19,20.25%,TFF3;PIWIL4;CXADR;LSR
ARHGEF10,GO_Biological_Process_2023,prerank,Positive Regulation Of Insulin Secretion (GO:0032024),0.3614813015169152,0.9155645121434614,0.6164383561643836,1.0,1.0,13/40,17.39%,BAIAP3;GPER1;GHRL;PPP3CB;STX4;ADCY8;MYRIP;POLR2D;GCK;TM7SF3;GLUD1;TUNAR;CAPN10
ARHGEF10,GO_Biological_Process_2023,prerank,Blood Circulation (GO:0008015),0.3516790733031276,0.9154250080136389,0.5962059620596206,1.0,1.0,13/50,13.18%,NOS3;EPO;ADCY6;TNNI3;ADORA2A;RANGRF;TBC1D8;CYB5R3;ELN;NPR1;SGCZ;MYL7;SCPEP1
ARHGEF10,GO_Biological_Process_2023,prerank,Regulation Of NIK/NF-kappaB Signaling (GO:1901222),-0.34564710041001323,-0.9153671273456941,0.6267281105990783,1.0,1.0,17/83,16.89%,TRIM15;TRADD;TLR3;C1QTNF3;EP300;SPHK1;LGALS9;LIME1;NLRP2;RASSF2;ZC3H12A;NFKBIA;TRIM56;NLRC3;RTKN2;ILK;EGFR
ARHGEF10,GO_Biological_Process_2023,prerank,Mesenchymal Cell Migration (GO:0090497),-0.41220133974699324,-0.915254259654465,0.5932721712538226,1.0,1.0,16/32,24.07%,RADIL;CORO1C;SEMA7A;NRTN;SEMA6A;PHACTR4;HTR2B;SOX10;SEMA3C;ERBB4;SEMA6C;SOX8;SEMA5A;SEMA3G;SEMA4C;SEMA3D
ARHGEF10,GO_Biological_Process_2023,prerank,Xenobiotic Catabolic Process (GO:0042178),-0.4520679908756384,-0.9152124893683979,0.5963455149501661,1.0,1.0,4/19,7.56%,CYP2C8;NOS1;NUDT15;NR1I2
ARHGEF10,GO_Biological_Process_2023,prerank,Positive Regulation Of Lymphocyte Proliferation (GO:0050671),-0.35561141974134086,-0.9151519656672307,0.6134585289514867,1.0,1.0,22/73,23.07%,ZP3;IL23R;CD274;CD74;CD81;HLA-DPA1;CD276;IL15;AMH;TNFRSF13C;CD1D;CD38;IL7;EPHB2;GPR183;CCDC88B;NCK1;MEF2C;IL6ST;ZNF335;CHRNB2;NCK2
ARHGEF10,GO_Biological_Process_2023,prerank,Negative Regulation Of DNA Binding (GO:0043392),-0.4074219582190242,-0.9151483330370397,0.5880452342487884,1.0,1.0,11/29,15.98%,LEF1;ZNF675;IFI16;HEY2;SOX11;NFKBIA;SP100;HEY1;KDM1A;HABP4;SUMO4
ARHGEF10,GO_Biological_Process_2023,prerank,Regulation Of T Cell Activation (GO:0050863),0.33981467005656163,0.9143326402487144,0.657608695652174,1.0,1.0,15/60,17.00%,TNFRSF1B;VTCN1;IL4I1;FCHO1;CD4;PYCARD;KAT2A;HLA-DMB;HLA-DOB;DUSP3;HLA-DOA;HSPD1;JAK3;METTL3;TNFSF11
ARHGEF10,GO_Biological_Process_2023,prerank,Negative Regulation Of Nucleic Acid-Templated Transcription (GO:1903507),0.2706806126748479,0.9142884496276132,0.9430051813471503,1.0,1.0,141/455,19.47%,LHX9;HNF4A;FOXS1;ZNF503;CYP27B1;PARP1;ALX1;TBX20;CBX4;MESP1;KLF4;JUN;NKX3-1;PER1;FOXP2;NR1D1;RBM15;HEYL;CTNNB1;RRP8;RFX3;DAB2IP;PER2;ZKSCAN3;EED;FOXN3;FOXP3;KMT5A;PA2G4;RBAK;MTA1;ZNF658;NAB1;BCL6;EID2;CHD8;SPACDR;TRERF1;TCEAL7;LANCL2;BASP1;BCL7A;SMARCA4;TLE5;ZMYND15;PFDN5;KAT5;TP53;PDCD4;KLF10;NIBAN2;ZHX2;RARA;MEN1;RCOR2;ZNF217;BCLAF1;MIDEAS;CTBP1;NCOR2;CBFA2T2;MDM4;GATAD2A;ZNF281;PLCB1;HDAC6;PROX1;ARID5A;TGFB1;UBE2I;TFAP4;TP63;ZNF827;GMNN;DEDD2;AHR;RNF2;FOXP1;ZC3H8;MAP3K10;ID1;CNOT7;SCMH1;SOX9;RELA;CCAR2;CAPN3;DPEP1;MECOM;NFIL3;BRD7;PPARG;PPM1F;CIC;ZBTB14;KDM5C;TSHZ3;THRA;CREBZF;DAXX;SUV39H1;ZNF706;TRIM33;TRAF6;GLI3;SMAD2;HEXIM2;NACC2;CIPC;ZBTB18;NCOR1;YEATS2;ELK3;REST;PRMT2;SIX4;RORB;ZNF282;SALL1;MDFIC;ZNF219;GATAD2B;NKRF;YWHAQ;COMMD7;ZNF540;PEX14;BMP4;FOXL2;SPEN;USP47;HES1;CDK5R1;FBXW11;BHLHE41;ARID4A;UBE2V1;HNRNPK;BMAL1;ZNF423;MBD3
ARHGEF10,GO_Biological_Process_2023,prerank,Negative Regulation Of Apoptotic Signaling Pathway (GO:2001234),-0.34670752129835064,-0.9140944206857239,0.6278713629402757,1.0,1.0,30/82,24.29%,NOL3;FZD9;RB1;BAK1;ITGAV;NR4A2;AVP;IGF1;SIAH2;CFLAR;CX3CL1;BDNF;BCL2L2;SRC;RTKN2;NDUFS3;AKR1B1;PINK1;CSNK2A1;HTT;BCL2L1;PRKN;CSNK2A2;TMEM14A;SLC25A4;HERPUD1;SLC35F6;ZMYND11;QARS1;GSTP1
ARHGEF10,GO_Biological_Process_2023,prerank,Regulation Of Blood Coagulation (GO:0030193),0.3892046723839663,0.9140898323444613,0.5621890547263682,1.0,1.0,5/29,8.03%,VTN;EDN1;TFPI;ENPP4;THBS1
ARHGEF10,GO_Biological_Process_2023,prerank,Regulation Of Chondrocyte Differentiation (GO:0032330),-0.42451405160497124,-0.9140098038793064,0.6180904522613065,1.0,1.0,7/25,16.86%,GDF6;MBOAT2;ADAMTS7;LOXL2;ZBTB16;SNAI2;ADAMTS12
ARHGEF10,GO_Biological_Process_2023,prerank,Intrinsic Apoptotic Signaling Pathway In Response To DNA Damage (GO:0008630),-0.3705516921156523,-0.9138510680621907,0.6089644513137558,1.0,1.0,19/49,19.70%,EP300;BAK1;IFI16;SFN;ATM;HIPK1;CASP9;BCL2L2;SIRT1;CHEK2;PHLDA3;BCL2L11;TOPORS;PML;USP28;CASP2;BAG6;BCL2L1;MOAP1
ARHGEF10,GO_Biological_Process_2023,prerank,Regulation Of Dendritic Spine Morphogenesis (GO:0061001),-0.4112194869583435,-0.9134279305582491,0.5898692810457516,1.0,1.0,8/30,12.53%,NOL3;PTEN;LZTS3;ABI3;EPHA4;LRRK2;CAMK2B;CDK5
ARHGEF10,GO_Biological_Process_2023,prerank,Regulation Of Proteolysis (GO:0030162),-0.3678016915624216,-0.913420793005974,0.5977917981072555,1.0,1.0,15/52,21.06%,OGT;CASP8;ASPH;BAK1;STUB1;F2;CDK5;BTRC;GSAP;FGFR4;PERP;BAG6;BAD;CSTB;CLN6
ARHGEF10,GO_Biological_Process_2023,prerank,Regulation Of Extrinsic Apoptotic Signaling Pathway Via Death Domain Receptors (GO:1902041),0.3831101168152437,0.9133821481885341,0.5835411471321695,1.0,1.0,9/31,15.18%,NOS3;BMP5;THBS1;RFFL;FAIM;TMBIM1;SERPINE1;STX4;HMOX1
ARHGEF10,GO_Biological_Process_2023,prerank,"Retrograde Vesicle-Mediated Transport, Golgi To Endoplasmic Reticulum (GO:0006890)",-0.38049575600998337,-0.9132664122724671,0.6134585289514867,1.0,1.0,22/48,24.31%,ARF4;TAPBP;ARF3;RAB6B;BNIP1;COPA;RAB43;COG3;SCFD1;ARF5;UVRAG;LMAN2;HTT;COG4;PITPNB;RAB6A;ERGIC2;RER1;BICD2;RINT1;PLPP3;ERGIC3
ARHGEF10,GO_Biological_Process_2023,prerank,Cellular Response To Nutrient Levels (GO:0031669),0.3242924491687147,0.9129334550417231,0.6780185758513931,1.0,1.0,29/78,18.39%,USP33;MAP1LC3A;FAM107A;RRAGD;EHMT2;RPTOR;MAP1LC3B;TTC5;ZFYVE1;KLF10;FLCN;RRAGB;MLST8;ELAPOR1;VPS41;PRKAG1;ATG7;SREBF2;PRKAB1;FNIP1;EIF4G1;WRN;TSC1;ATG14;PRKAB2;STK24;WIPI1;WDR45;RICTOR
ARHGEF10,GO_Biological_Process_2023,prerank,Protein Insertion Into ER Membrane (GO:0045048),0.3972989217171091,0.9128967483734794,0.5858585858585859,1.0,1.0,16/29,20.35%,EMC9;TMEM147;GET1;WDR83OS;GET3;EMC3;EMC6;EMC10;MMGT1;CCDC47;NCLN;NOMO2;CAMLG;EMC7;EMC4;EMC1
ARHGEF10,GO_Biological_Process_2023,prerank,ERAD Pathway (GO:0036503),-0.3435394677939329,-0.9128177782751026,0.6479514415781487,1.0,1.0,48/89,27.19%,FAM8A1;TMEM67;GET4;XBP1;STUB1;CALR;UBXN6;UBXN4;YOD1;DNAJB12;RHBDD2;CALR3;NCCRP1;SELENOS;ERLIN2;HSP90B1;BRSK2;SYVN1;UBE2J1;MARCHF6;ECPAS;BAG6;OS9;PRKN;TRIM13;STT3B;RNF175;SEL1L;CLGN;DERL2;FBXO27;HERPUD1;FAF2;USP19;TMUB2;HSPA5;ERLEC1;RNF139;SEC61B;TMUB1;FBXO6;EDEM1;FBXO17;UBE4A;DNAJB9;ERLIN1;FOXRED2;CANX
ARHGEF10,GO_Biological_Process_2023,prerank,Regulation Of Cell Cycle (GO:0051726),0.27846858462671786,0.9125820432970765,0.8303571428571429,1.0,1.0,108/293,21.43%,BIRC3;TGM1;TNFSF13B;GMNC;CDK10;JUN;RUNX3;INO80B;TRIM21;ANAPC5;GPER1;MBTD1;PPP1R9B;DAPK3;RRP8;DAB2IP;PER2;RNF40;TP53BP2;HBP1;IQGAP1;TMEM8B;TFPT;EPC2;PRR11;YY1;PRCC;EVI2B;ACTR8;TADA2A;AFAP1L2;HIPK2;KAT5;CDKN3;TP53;ANAPC2;RHOB;RARA;LEP;MEN1;NEK9;CCPG1;NEK6;FGFR2;CTBP1;CDT1;TSPYL2;PROX1;ANAPC1;TGFB1;KAT2A;PIM2;GMNN;VPS72;PPM1A;RNF2;JADE1;BRINP3;UCHL5;HPGD;SOX9;MBIP;DHCR24;MECOM;NFRKB;GADD45G;MAGEA4;BRD7;HSP90AB1;RNF167;SUV39H1;TP53INP1;SDCBP;TGFBR1;THAP1;KAT14;CDC23;TSC1;BIRC2;METTL3;YEATS2;JADE3;BRINP2;INO80;STAT3;ACTB;YY1AP1;MCRS1;BMP4;MCM2;SON;BMAL1;BRINP1;CKS1B;FIGNL1;TRIM32;TP53I13;TXLNG;MORF4L2;JUND;MDM2;MX2;ACTL6A;SIK1;CDK11A;EP400;RAD23A;NOP53
ARHGEF10,GO_Biological_Process_2023,prerank,Antimicrobial Humoral Response (GO:0019730),-0.34295325896766443,-0.912453211871827,0.646875,1.0,1.0,8/94,9.72%,CXCL13;GNLY;H2BC11;SEMG1;CXCL2;CXCL1;LEAP2;F2
ARHGEF10,GO_Biological_Process_2023,prerank,Protein Modification By Small Protein Conjugation (GO:0032446),-0.30030649622922406,-0.9123896097185196,0.7456140350877193,1.0,1.0,141/356,26.45%,RNF225;ARRDC4;FBXO24;TRIM15;ARIH1;OTULIN;CNOT4;ASB5;UBE2E1;TRIM72;DCUN1D3;SPSB2;RNF152;CAND2;SDE2;NSMCE1;SMC5;RNF43;ASB2;RNF26;HECW1;STUB1;ANAPC11;SKP1;RBBP6;MOCS3;PJA2;RLIM;TRIM54;DCUN1D2;HERC4;RNF39;ARRB1;SHPRH;WWP2;UBB;SPSB4;TRIM41;CUL7;SIRT1;UFL1;BTRC;SLF2;DTX1;LMO7;MUL1;KLHL9;RNF135;SUMO4;NEDD4;RNF14;UBE2D4;PIAS1;TRIM23;UVSSA;VPS18;TOPORS;UHRF2;MARCHF3;CUL4B;EYA1;FBXL15;PML;PINK1;CBLL1;SYVN1;KLHL3;AREL1;ANKRD9;MARCHF6;PCMTD1;UBR3;TRAIP;CDC34;OS9;DDB1;PRKN;ZMIZ1;HLTF;KLHL13;TRIM13;FBXW7;MIB1;RNF38;NEDD4L;KLHL18;KLHL24;FBXO45;TNFAIP1;NSMCE2;DCUN1D5;KLHL21;CUL4A;TRIM52;FBXL3;COPS2;TRIM14;UBE2C;SMURF2;ISG15;RNF168;CUL1;HDAC4;SUMO1;MYLIP;KLHL7;UBA1;CUL3;MKRN2;BARD1;NAE1;UBA3;NUB1;RNF139;USP7;TRIM17;RANGAP1;RNF44;ELOC;ATG3;USP9X;DCUN1D4;NFE2L2;RNF182;RPGR;BRAP;CUL2;HERC2P3;SPSB1;RNF25;RFWD3;ZNF451;RNF126;VHL;HECW2;ATG10;RACK1;TSPAN17;VCPIP1;CCNF;SUMO2
ARHGEF10,GO_Biological_Process_2023,prerank,Nuclear Envelope Organization (GO:0006998),0.43359738307743445,0.9120820126637779,0.5960591133004927,1.0,1.0,10/17,20.93%,TMEM43;TMEM170A;NEMP1;DMPK;LMNB2;LMNB1;NUP93;TOR1A;LEMD2;REEP4
ARHGEF10,GO_Biological_Process_2023,prerank,Monocarboxylic Acid Biosynthetic Process (GO:0072330),-0.36002418916183143,-0.9115859623044922,0.6214057507987221,1.0,1.0,24/65,20.37%,CYP46A1;SDS;HSD17B8;AKR1D1;XBP1;LCP1;SLC27A2;ALDH1A2;SRR;OSBPL9;ACSM3;ACSF3;ACOX2;HSD3B7;OSBP;DSE;OSBPL1A;HOGA1;CYP39A1;ACMSD;AMACR;OXSM;ABCD3;UST
ARHGEF10,GO_Biological_Process_2023,prerank,Positive Regulation Of Wnt Signaling Pathway (GO:0030177),0.30994752482080584,0.9115709745187794,0.6918429003021148,1.0,1.0,44/108,22.22%,SCEL;WNT5B;TLR2;SFRP4;WNK2;LGR5;RSPO2;FAM53B;NFKB1;DAPK3;UBR5;TMEM9;UBE2B;SMARCA4;FGFR2;MRPS12;TGFB1;RNF220;ATP6V0C;PPM1A;CCAR2;LRRK1;USP8;ATP6AP2;TBL1X;AMER1;TERT;JUP;SALL1;CSNK1G2;TNKS;PIN1;USP47;CSNK1G3;BMAL1;GID8;PLEKHA4;DDX3X;CDH3;CRBN;TBL1XR1;SULF1;ZBED3;BAMBI
ARHGEF10,GO_Biological_Process_2023,prerank,Regulation Of Protein Sumoylation (GO:0033233),0.43440625808001965,0.9113338574304352,0.5976190476190476,1.0,1.0,5/17,14.10%,RASD2;PIAS3;CTNNB1;PARK7;SAE1
ARHGEF10,GO_Biological_Process_2023,prerank,Positive Regulation Of Gene Expression (GO:0010628),-0.2932254113719333,-0.9109186112928472,0.7946537059538274,1.0,1.0,149/478,24.06%,ELAVL4;SLC2A10;TXK;SLC22A2;AGT;NWD1;WNT3A;RHOXF2;CITED1;INHBA;PPARGC1A;FGF9;EGF;NFAM1;LEF1;ACTA2;TLR3;PLSCR1;CNTN1;PGR;ANK3;C1QTNF3;STOX1;OGT;EP300;VSIR;C1QTNF1;POU4F1;FER1L6;FGF16;CNTF;SLC26A9;SPRY2;BMPR2;CLEC6A;LARP1B;NSUN5;FGF23;CLDN3;IFI16;LGALS9;AGPAT2;RBM20;VIM;ZBTB7B;ACTG2;AVP;ATM;IGF1;PKP1;CD74;NTRK2;LARP6;NOTCH1;MYCN;OVOL2;ZC3H12A;TESC;CPEB3;CLDN5;SOX11;PDCD10;SGF29;IL1A;LARP1;KAT7;SRPK2;PTGER4;IL15;AMH;PADI2;POU3F1;HFE;PKP3;GSK3B;HTR2B;RBBP5;RAMP3;EMILIN1;TENT4B;RBMS3;ZNF580;ZNF804A;AZU1;HABP4;DGKQ;DLL1;MED23;LAMTOR5;GJA1;ALOX12B;RBPJ;FUBP3;EPHB2;AKR1B1;MED26;FGFR4;HINFP;OXSR1;NGF;METTL14;KAT2B;SOD1;WNT5A;HSPA1B;PDE2A;RBM22;CCDC88B;PRKN;NTRK3;EIF3D;PLCG2;RHOXF1;SAMD4A;OLFM1;LURAP1;TENT5B;RBM14;PLXNB2;MEF2C;FUBP1;NPM1;DNMT3B;FGF2;TFR2;DNMT1;MACROH2A1;FN1;FLOT1;EEF2;DYRK1A;SNF8;GAS6;GSN;WBP2;GUF1;ROCK2;MAPK14;PSEN1;ACTG1;RPS6KB1;E2F1;FMR1;MAPK8;ERN1;POLR2A;TADA3;ACTC1;MAP2K1
ARHGEF10,GO_Biological_Process_2023,prerank,Multivesicular Body Sorting Pathway (GO:0071985),-0.4304933412231715,-0.9107842247368931,0.5993485342019544,1.0,1.0,7/24,17.89%,DENND10;CHMP5;SYTL4;EXPH5;VPS4A;CHMP4C;UVRAG
ARHGEF10,GO_Biological_Process_2023,prerank,Apoptotic Process (GO:0006915),-0.3116582404957208,-0.9104661214635617,0.7139001349527665,1.0,1.0,67/226,21.51%,ADRA1D;IFI6;ITGB2;SCN2A;GDF6;IFT57;PDCD2L;TRADD;PLSCR1;CASP10;OGT;EP300;RNF152;CASP8;EMP3;ZBTB16;BAK1;NLRP1;DYNLL1;PAX3;STK11;AIFM2;PAK6;RRAGC;BNIP1;CFLAR;PPP2R1A;CASP9;STK3;IL1A;EMP1;NFKBIA;CDK5;EMP2;SEMA6A;PLSCR3;PLAGL1;DIABLO;CIB1;CEL;PMP22;CHEK1;RTN4;SFRP5;BCL2L11;IER3;IAPP;KREMEN1;PIK3CA;TSC2;CSRNP1;LIG4;CASP2;BAG6;TRPC5;TRAIP;EFNA5;BCL2L1;PRKCD;DAP;BAD;FASTKD2;BNIP3;TNFAIP1;TGFBR2;BRAT1;FEM1B
ARHGEF10,GO_Biological_Process_2023,prerank,Negative Regulation Of Cell Migration (GO:0030336),-0.3186778830901562,-0.9104328070803378,0.6861111111111111,1.0,1.0,60/162,26.64%,CORO1C;ARHGDIB;ARPIN;OGT;CHRD;PTEN;SAP30;ARHGAP4;DYNLL1;CLDN3;RECK;MAGI2;TIMP1;SCAI;CALR;CD74;EPHA4;RBBP7;CLDN5;ADGRG1;HAS1;CX3CL1;PHLDB2;TCAF1;PTPRT;NF2;EVL;AMH;TMEFF2;EMILIN1;MAPK15;CDH1;ENG;TNN;GJA1;FOXO3;KANK1;CLASP1;DUSP22;IGFBP3;FGF2;SFRP2;MACIR;JAG1;MCTP1;SINHCAF;BRMS1;BST2;GTPBP4;ITGB1BP1;EMILIN2;LRP1;STC1;IGFBP5;ING2;RAP2B;SAP30L;SFRP1;BRMS1L;RNF20
ARHGEF10,GO_Biological_Process_2023,prerank,Macrophage Activation (GO:0042116),-0.397392432944788,-0.9103821857973952,0.6198083067092651,1.0,1.0,10/35,15.68%,ITGB2;MAPT;SYK;ITGAM;CX3CL1;TMEM106A;SNCA;C5AR1;AZU1;DYSF
ARHGEF10,GO_Biological_Process_2023,prerank,Actomyosin Structure Organization (GO:0031032),0.3241504534226798,0.9100033129072026,0.6293929712460063,1.0,1.0,11/77,7.42%,MYH7;MYPN;TMOD4;CDC42BPG;MYOZ1;MYH11;ITGB1;SORBS1;EPB41;TMOD3;EPB41L4B
ARHGEF10,GO_Biological_Process_2023,prerank,Positive Regulation Of Transcription Regulatory Region DNA Binding (GO:2000679),-0.44917299926756027,-0.9098696598437308,0.6147260273972602,1.0,1.0,6/21,9.45%,RB1;EP300;POU4F1;GATA3;GTF2B;IGF1
ARHGEF10,GO_Biological_Process_2023,prerank,Cell-Cell Signaling By Wnt (GO:0198738),-0.43065338586450946,-0.9098611432358018,0.5993485342019544,1.0,1.0,10/23,20.74%,WLS;CSNK1A1;USP34;LRP6;PKD1;CPE;RAC3;WNT5A;PLCG2;CD24
ARHGEF10,GO_Biological_Process_2023,prerank,Regulation Of Defense Response To Virus (GO:0050688),-0.4577611572705337,-0.9097398761850103,0.6,1.0,1.0,4/18,15.43%,RNF26;C1QBP;ZMPSTE24;ELMOD2
ARHGEF10,GO_Biological_Process_2023,prerank,Activation Of Protein Kinase Activity (GO:0032147),-0.3429587289385212,-0.9095587476409813,0.6542635658914728,1.0,1.0,26/81,22.02%,CALCA;TLR3;PDPK1;STK11;STRADA;PIBF1;IGF1;CARD14;ZFP91;ADRB2;EMP2;TGFB2;CLSPN;CAB39L;PINK1;INSR;WNT5A;TPX2;PRKCD;NTRK3;ANG;ECT2;TGFBR2;PRRC1;GAS6;TOM1L1
ARHGEF10,GO_Biological_Process_2023,prerank,Histone H4-K8 Acetylation (GO:0043982),-0.47405969059284286,-0.9095537515769586,0.5949820788530465,1.0,1.0,8/15,23.89%,OGT;KAT8;ING4;KAT7;MEAF6;ING5;KANSL2;JADE2
ARHGEF10,GO_Biological_Process_2023,prerank,Histone H4-K5 Acetylation (GO:0043981),-0.47405969059284286,-0.9095537515769586,0.5949820788530465,1.0,1.0,8/15,23.89%,OGT;KAT8;ING4;KAT7;MEAF6;ING5;KANSL2;JADE2
ARHGEF10,GO_Biological_Process_2023,prerank,Smoothened Signaling Pathway (GO:0007224),0.37618302247248947,0.9094078444799786,0.5761421319796954,1.0,1.0,14/34,16.08%,DISP2;DISP3;B9D1;TTC26;IFT27;TCTN2;TMEM17;HIPK2;DISP1;CC2D2A;TTBK2;MAP3K10;SMO;GLI3
ARHGEF10,GO_Biological_Process_2023,prerank,Positive Regulation Of Myoblast Differentiation (GO:0045663),0.37132101190941935,0.9092611536019876,0.6111111111111112,1.0,1.0,11/38,15.28%,PHF10;MYF6;SMARCB1;SMARCD1;SMARCA4;KAT5;RBM24;PLCB1;SMARCC1;BRD7;ARID1A
ARHGEF10,GO_Biological_Process_2023,prerank,Protein Homotetramerization (GO:0051289),-0.36959262858928504,-0.9092068116416105,0.6086956521739131,1.0,1.0,16/53,19.99%,PKD2L1;CTH;UPB1;ALDH1A2;ALDOA;TRPV1;AQP5;AQP4;APIP;ALDH9A1;GLS;ME1;USP16;MAT1A;CRYZ;SSBP1
ARHGEF10,GO_Biological_Process_2023,prerank,Aerobic Respiration (GO:0009060),0.3401557476083794,0.9091487477178074,0.6124031007751938,1.0,1.0,27/58,22.52%,NDUFA3;NDUFA2;NDUFA11;NDUFS1;UQCRC1;NDUFS6;NDUFA1;NDUFB1;ATP5F1D;CHCHD10;ME3;SIRT3;SDHB;SURF1;NIPSNAP2;NDUFB2;MTFR1;NDUFAB1;BLOC1S1;NDUFA7;NDUFB5;NDUFC1;NDUFV3;NDUFA6;NDUFC2;UQCRH;NDUFS4
ARHGEF10,GO_Biological_Process_2023,prerank,Mitotic Nuclear Division (GO:0140014),0.3518816558984057,0.9088915632969712,0.6046511627906976,1.0,1.0,16/45,20.51%,TUBG2;ZWINT;KLHDC8B;CENPI;CLASP2;KIF18A;SMC4;CHMP2A;SGO1;KIF25;CENPK;INO80;TUBG1;CTDP1;KNTC1;SPAST
ARHGEF10,GO_Biological_Process_2023,prerank,Protein Transmembrane Import Into Intracellular Organelle (GO:0044743),0.3818060572737802,0.9088610901169034,0.6029776674937966,1.0,1.0,14/32,18.56%,TOMM20L;TOMM40L;TRIM37;DNAJC15;PEX7;PEX1;PEX16;TIMM21;PAM16;PEX5;HSPD1;TOMM40;DNLZ;PEX14
ARHGEF10,GO_Biological_Process_2023,prerank,Negative Regulation Of Protein Localization To Nucleus (GO:1900181),-0.43646636388603455,-0.9086500405558814,0.6062602965403624,1.0,1.0,2/22,2.18%,LILRB4;S100G
ARHGEF10,GO_Biological_Process_2023,prerank,Receptor Metabolic Process (GO:0043112),-0.44197690167503756,-0.9084785582307997,0.5939597315436241,1.0,1.0,10/20,20.61%,REP15;EHD3;PLEKHJ1;NEDD4;MVB12A;UVRAG;PHETA1;SH3GLB1;SNX25;LMTK2
ARHGEF10,GO_Biological_Process_2023,prerank,"Regulation Of DNA Damage Response, Signal Transduction By P53 Class Mediator (GO:0043516)",-0.42174928624838953,-0.9083551363932221,0.6080645161290322,1.0,1.0,9/28,21.89%,ATM;CD74;MSX1;MARCHF7;SNAI2;SIRT1;KDM1A;SMYD2;DYRK1A
ARHGEF10,GO_Biological_Process_2023,prerank,Regulation Of Establishment Or Maintenance Of Cell Polarity (GO:0032878),-0.44514125610793903,-0.9082817191019298,0.6065040650406504,1.0,1.0,11/18,28.41%,SHTN1;LLGL2;KANK1;RAP1B;TEK;ROCK2;CYRIB;RACK1;KIF20B;LLGL1;PTK2B
ARHGEF10,GO_Biological_Process_2023,prerank,Positive Regulation Of Cell Cycle Process (GO:0090068),0.30707751263607386,0.9082165555695592,0.7227414330218068,1.0,1.0,37/118,21.38%,EDN1;TAS2R13;BTC;PCID2;SOX15;MAP10;RGCC;CEP295;DYNC1H1;CDC7;SMC2;OOEP;ZNF16;RRM2B;GEN1;PRKCE;RRM1;NCAPD2;RANBP1;PHIP;SMC6;SMC4;AURKB;CENPJ;NCAPD3;CDCA8;CEP120;INO80;XRCC3;TPR;MAD2L1;PKP4;SPAST;CIT;INCENP;KIF23;ATRX
ARHGEF10,GO_Biological_Process_2023,prerank,Negative Regulation Of Protein Modification Process (GO:0031400),-0.34915118708988596,-0.9081370743797498,0.6531881804043546,1.0,1.0,25/77,19.83%,CORO1C;MAPT;CDYL;TPPP;PTEN;ZC3H12A;LRRK2;SH3GL2;IBTK;LRP6;SIRT1;GSK3B;CIB1;PPP1R16B;IMPACT;TARDBP;EPHB2;G6PD;ENSA;P3H1;IGFBP3;CRTAP;CHP1;PRKN;NTRK3
ARHGEF10,GO_Biological_Process_2023,prerank,Regulation Of Programmed Cell Death (GO:0043067),-0.3145703452264148,-0.9080101815855193,0.7302904564315352,1.0,1.0,47/179,21.78%,PAX2;AGT;PTPN6;CITED1;ALK;IFT57;POU4F1;FANK1;FLT3;CALR;NTRK1;ATM;OSGIN1;LRRK2;BEX1;PEPD;NF2;CDK5;PLSCR3;PHLPP1;ACTN2;BCL2L2;BNIP3L;ACER3;SIRT1;STYK1;XIAP;RTN4;AMIGO2;MEAF6;RUVBL1;STAT1;BCL2L11;MARK4;TARDBP;RSL1D1;FYN;PINK1;YEATS4;EPC1;MOAP1;PRKN;BNIP3;RBM25;AKT1S1;NME2;ANP32E
ARHGEF10,GO_Biological_Process_2023,prerank,Microtubule Polymerization Or Depolymerization (GO:0031109),-0.4226162867577546,-0.9076731655021685,0.6042345276872965,1.0,1.0,11/27,22.61%,KIF2B;MAPT;TPPP;TPPP3;FGF13;KIF18B;HDGFL3;TRPV4;KIF24;CKAP5;STMN2
ARHGEF10,GO_Biological_Process_2023,prerank,Chloride Transmembrane Transport (GO:1902476),0.3588369773649196,0.9074648611518241,0.6155913978494624,1.0,1.0,15/48,14.74%,SLC4A1;GABRB1;SLC12A5;GABRE;SLC12A4;ANO5;ANO8;GLRA2;GABRA5;GABRA4;SLC12A2;ANO2;ANO9;GABRA2;SLC12A1
ARHGEF10,GO_Biological_Process_2023,prerank,Positive Regulation Of Interferon-Alpha Production (GO:0032727),0.41143661787787283,0.907360733165809,0.6078431372549019,1.0,1.0,8/21,21.47%,IRF7;IFIH1;TBK1;RIGI;HSPD1;DHX36;DDX3X;IRF3
ARHGEF10,GO_Biological_Process_2023,prerank,Extrinsic Apoptotic Signaling Pathway (GO:0097191),-0.3530636865150031,-0.90734474688076,0.6483180428134556,1.0,1.0,22/67,20.19%,INHBA;TRADD;TLR3;PDPK1;CASP10;CASP8;BAK1;ITGAV;HIPK1;DEDD;BCL2L2;FGFR3;DIABLO;GSK3B;TGFB2;CIB1;G0S2;NGF;CASP2;BCL2L1;MOAP1;BAD
ARHGEF10,GO_Biological_Process_2023,prerank,Negative Regulation Of Signaling Receptor Activity (GO:2000272),-0.422579052478583,-0.9073249054589922,0.5940099833610649,1.0,1.0,8/25,17.71%,LILRB4;CBLB;GPRC5A;HFE;SLC6A9;RAMP3;VPS25;EPHB2
ARHGEF10,GO_Biological_Process_2023,prerank,Cellular Response To Hormone Stimulus (GO:0032870),0.31780849848680764,0.9072084853525958,0.703030303030303,1.0,1.0,25/93,14.74%,CRHBP;HCRTR2;SOST;SFR1;RDX;TFPI;NKX3-1;GPER1;RAMP2;NSMF;NCOA2;ESR2;SLIT1;ATP1A3;RARA;LEP;ROBO2;PELP1;ARID5A;CTSH;UBE2L3;OXTR;TRIM24;SOX9;GCK
ARHGEF10,GO_Biological_Process_2023,prerank,Response To Insulin (GO:0032868),-0.3477023622695399,-0.907175381561064,0.6482861400894188,1.0,1.0,22/79,18.61%,CPEB2;CEACAM1;TRIB3;CITED1;PDPK1;OGT;XBP1;ZBTB7B;ENPP1;VAMP2;GHRHR;SLC2A1;GOT1;SLC39A14;SIRT1;RAB10;PCSK9;SELENOS;PKM;INSIG1;KAT2B;INSR
ARHGEF10,GO_Biological_Process_2023,prerank,DNA Double-Strand Break Processing (GO:0000729),0.44280185019865503,0.9070701898425241,0.58,1.0,1.0,7/15,19.85%,SLX4;RAD50;RAD52;SMARCAD1;UBE2V2;UBE2N;RNF138
ARHGEF10,GO_Biological_Process_2023,prerank,Regulation Of Golgi Organization (GO:1903358),-0.4739671089139572,-0.9069559256957754,0.6039603960396039,1.0,1.0,9/16,24.06%,PDE4DIP;PDCD10;RBSN;EHD3;RAB33B;ARMH3;USP6NL;MYO5A;MAP2K1
ARHGEF10,GO_Biological_Process_2023,prerank,Cellular Response To Lipid (GO:0071396),-0.3082491950026644,-0.906587825693415,0.7114093959731543,1.0,1.0,46/224,17.78%,CXCL13;PAX2;CCDC62;LY96;NR1H4;WNT3A;SLC5A5;CXCL2;CHMP5;KCNK4;CXCL1;CD274;SSTR1;POU4F1;XBP1;VIM;SYK;LCP1;ATM;LDOC1;ZC3H12A;WNT9B;TESC;CCL2;HMGB2;IL1A;ZNF703;TRIM41;HSPA8;TNFSF4;RET;ATP1A2;GSK3B;CDC73;RAMP3;PPM1E;NFKBIB;NLRP7;CFTR;SELENOS;FZD7;ADAM9;EGFR;INSIG1;UPF1;AKR1B1
ARHGEF10,GO_Biological_Process_2023,prerank,Regulation Of Ryanodine-Sensitive Calcium-Release Channel Activity (GO:0060314),-0.42384118291684997,-0.9064725211501408,0.5963149078726968,1.0,1.0,5/24,9.25%,CLIC2;NOS1;TRDN;JPH4;CALM2
ARHGEF10,GO_Biological_Process_2023,prerank,Protein Glycosylation (GO:0006486),-0.32421696453148496,-0.9062939723294355,0.6838995568685377,1.0,1.0,66/145,27.05%,B4GALT7;B3GNT9;B3GNT3;B3GALT2;ST6GALNAC1;TET2;OGT;DOLPP1;ST8SIA4;ALG12;MLEC;POMGNT2;B3GNT4;POMT1;OSTC;GALNT18;ALG10;COG3;GALNT7;DPM1;GALNT9;DAD1;MGAT4A;ST8SIA3;KRTCAP2;GALNT13;OST4;MGAT1;TRAK1;PMM1;GALNTL6;B3GALT5;GALNT11;STT3B;C1GALT1C1;MOGS;B4GAT1;ALG5;LARGE1;ST8SIA6;SERP2;B4GALT5;PLOD1;AQP11;B3GALT4;DDOST;DPM3;GCNT4;B3GALNT2;NPC1;ALG6;ALG8;B3GNT5;RPN2;B3GALNT1;ST3GAL1;POMK;GALNT12;GALNT8;MGAT5;TUSC3;FUT8;POMGNT1;STT3A;ALG1;GCNT2
ARHGEF10,GO_Biological_Process_2023,prerank,Protein Destabilization (GO:0031648),-0.39728659788161613,-0.9061577889185758,0.6127450980392157,1.0,1.0,17/36,23.70%,EP300;SERF1A;SIRT1;SNCA;CDC73;MUL1;ISOC2;DAZAP2;CCDC88C;HTT;PRKN;GGA3;FBXL3;GSN;SUMO1;CUL3;RNF139
ARHGEF10,GO_Biological_Process_2023,prerank,Post-Translational Protein Modification (GO:0043687),0.3500767388452752,0.9060113266806393,0.6587301587301587,1.0,1.0,21/48,19.86%,PARP1;PARP16;DCAF1;RBX1;COPS5;PARP9;FN3KRP;PARP6;SENP8;UBE2F;UCHL3;FAM20C;CCNA2;SUMF1;MAP3K12;AURKB;UBE2M;PARP12;TNKS;ESCO1;RPS6KA5
ARHGEF10,GO_Biological_Process_2023,prerank,Positive Regulation Of Biosynthetic Process (GO:0009891),-0.38123675511691196,-0.9055535245191166,0.6352,1.0,1.0,13/44,20.21%,HSD17B13;WNT4;CYBA;VIM;LARP6;F2;GRIN1;MLXIPL;APOE;TGFB3;SERPINF2;RUNX1;PLCG2
ARHGEF10,GO_Biological_Process_2023,prerank,Negative Regulation Of Ossification (GO:0030279),-0.4256876407342153,-0.9055011929794722,0.6063268892794376,1.0,1.0,13/24,28.41%,SRGN;FGF23;ENPP1;NOTCH1;LRP4;RBPJ;SMAD6;MEF2C;CHSY1;SFRP1;TMEM53;BCOR;PTK2B
ARHGEF10,GO_Biological_Process_2023,prerank,Regulation Of Embryonic Development (GO:0045995),0.3353460350706481,0.9054883576284023,0.6190476190476191,1.0,1.0,24/62,18.37%,INO80B;RAB14;TFPT;RPS6KA6;YY1;CLASP2;ACTR8;TADA2A;NIBAN2;SEPTIN7;PLCB1;POGLUT1;KAT2A;OTX2;UCHL5;NPHP3;MBIP;NFRKB;KAT14;DHX36;UTP25;YEATS2;INO80;MCRS1
ARHGEF10,GO_Biological_Process_2023,prerank,Regulation Of MAPK Cascade (GO:0043408),-0.30989642143481216,-0.9051793899898378,0.720108695652174,1.0,1.0,68/203,23.31%,LILRB4;ADRA1D;CEACAM1;PTPN6;GSDME;CASC2;JCAD;EGF;GRAP2;MOS;DUSP8;DOK4;ULK4;FLT3;NBR1;SYK;PAK6;DUSP2;IGF1;CD74;NTRK2;MYDGF;CX3CL1;PPP2R1A;DUSP5;STK3;CD81;ADRB2;TMEM106A;PHLPP1;RET;RIT2;FGFR3;IL11;APIP;FAM83D;KIT;EGFR;IAPP;ALOX12B;SHC1;TNIK;LAMTOR1;MAP4K4;INSR;IGFBP6;SOD1;PLCE1;FLT4;PEBP1;HLA-DRB1;FLT1;CHRNA7;TEK;PLCG2;GRM4;SOX2;CD24;FGF2;PRDM11;FN1;DUSP1;FGFR1;STK4;CAV3;ROCK2;SPRY3;TRIM5
ARHGEF10,GO_Biological_Process_2023,prerank,Regulation Of Tyrosine Phosphorylation Of STAT Protein (GO:0042509),-0.35063966205973207,-0.9046478445006718,0.6436597110754414,1.0,1.0,13/65,16.44%,IL23R;CNTF;FLT3;PIBF1;IGF1;GH2;PPP2R1A;NF2;IL15;PARP14;FGFR3;CTF1;KIT
ARHGEF10,GO_Biological_Process_2023,prerank,Regulation Of Interferon-Beta Production (GO:0032648),0.3472376934285399,0.9046140757314942,0.6325459317585301,1.0,1.0,14/50,17.01%,TLR2;IRF7;IFIH1;YY1;POLR3F;PYCARD;TBK1;MORC3;PTPN11;RIGI;POLR3D;POLR3B;PTPRS;TRIM65
ARHGEF10,GO_Biological_Process_2023,prerank,Regulation Of Autophagy Of Mitochondrion (GO:1903146),0.422706228090245,0.904500667140633,0.5928753180661578,1.0,1.0,12/19,22.03%,DNM1L;USP36;PARK7;HDAC6;VDAC1;SREBF2;CAMKK2;FZD5;FBXO7;SREBF1;HAX1;HTRA2
ARHGEF10,GO_Biological_Process_2023,prerank,tRNA Wobble Uridine Modification (GO:0002098),-0.4779077817654087,-0.9044117389567845,0.6131386861313869,1.0,1.0,6/15,16.14%,ELP2;ELP4;MOCS3;ELP3;CTU1;ELP6
ARHGEF10,GO_Biological_Process_2023,prerank,Cellular Response To Lipopolysaccharide (GO:0071222),-0.327962410591496,-0.9043395541362279,0.6873111782477341,1.0,1.0,23/121,17.43%,CXCL13;LY96;HCK;CXCL2;CHMP5;CXCL1;CD274;XBP1;VIM;LDOC1;ZC3H12A;CCL2;HMGB2;IL1A;TRIM41;TNFSF4;CDC73;PPM1E;NFKBIB;NLRP7;SELENOS;ADAM9;UPF1
ARHGEF10,GO_Biological_Process_2023,prerank,Protein Localization To Organelle (GO:0033365),-0.32834237346044987,-0.9039232771982959,0.6960486322188449,1.0,1.0,66/136,29.07%,OPTN;GABARAPL2;SGCG;TULP3;GET4;TULP2;CALR;OBSL1;EHD1;MSX1;HHEX;RIPOR1;LRRK2;MARCHF5;PACSIN2;VAPA;COG3;SEC61A1;SIX1;TOR1AIP1;RAB33B;LMNA;WASHC2C;DCP1A;TRAM1L1;CEP250;RCSD1;TOPORS;CNEP1R1;IFT122;FAM149B1;MAVS;SNX10;FAM83H;WASHC2A;RAB6A;CNTLN;SORL1;OBSCN;IPO4;DDX1;ISG15;PPP1R15A;WDR35;TOR1B;BICD2;PIKFYVE;BBS2;SSB;PEX2;FKBP8;TSPAN17;CROCC;RAB8A;ZBTB7A;IFT140;PRKAA1;NUAK2;GBF1;ARFRP1;BBS4;DNAAF11;ATP6V1D;ARL6;TRAM1;RPA1
ARHGEF10,GO_Biological_Process_2023,prerank,Inorganic Cation Transmembrane Transport (GO:0098662),-0.3023270044381946,-0.9032349639373297,0.7453333333333333,1.0,1.0,87/284,21.17%,KCNH3;KCNC2;SLC9A9;TRPM2;TRPV6;P2RX3;PKD2L1;SLC30A4;SCN2A;SLC24A5;CACNG1;SLC8A2;SLC12A3;SLC9C2;SLC6A3;KCNK2;KCNK4;KCNK13;SLC41A1;MCOLN2;SLC41A2;ABCC8;TMEM175;KCNK7;ATP2C1;KCNB1;ASIC3;P2RX4;ITGAV;SLC6A15;SCN3B;KCNB2;SLC4A4;KCNH4;SCNN1B;CACNA1A;SCNN1A;SCNN1G;KCNA7;SLC6A12;HCN4;KCNC4;SLC6A6;SLC9A5;SLC1A3;ATP6AP1;ATP1A4;TRPV1;TRPV3;SLC39A14;ORAI1;ATP1A2;SLC6A9;SCARA5;KCNH1;CCDC51;TRPC1;KCNQ1;KCNQ4;KCNK17;CACNB1;KCNK12;PKD1;CACNA1D;SLC9C1;CACNA1H;KCNA3;RHD;SLC30A8;HTR3A;ASIC1;KCNK1;TRPM6;TRPC5;TRPV4;SLC9A8;ATP1B3;TRPC4;SLC30A5;KCNQ5;KCND2;KCNN1;TPCN2;KCNG1;KCNQ3;SCN5A;SLC30A3
ARHGEF10,GO_Biological_Process_2023,prerank,Pulmonary Valve Morphogenesis (GO:0003184),0.42330005595890646,0.9031427972370953,0.5853658536585366,1.0,1.0,10/18,18.57%,NOS3;TBX20;NFATC1;HEYL;STRA6;ROBO2;ROBO1;SMAD2;NOTCH2;BMP4
ARHGEF10,GO_Biological_Process_2023,prerank,Purine Nucleotide Metabolic Process (GO:0006163),-0.3938427130325811,-0.9029430809402652,0.6327868852459017,1.0,1.0,13/34,19.24%,NUDT15;SLC4A7;PRPSAP2;MTHFD1;NOCT;CD38;TP53I3;ME1;IDH1;NADK2;PRPS1;G6PD;PRPSAP1
ARHGEF10,GO_Biological_Process_2023,prerank,Regulation Of Intrinsic Apoptotic Signaling Pathway (GO:2001242),-0.37779281015513017,-0.9028996204982768,0.6404320987654321,1.0,1.0,18/47,22.88%,NOL3;GSDME;DDIT3;P4HB;BCL2L2;SRC;LCK;RTKN2;FIS1;NDUFS3;PINK1;BCL2L1;CYLD;SGMS1;PLEKHF1;STYXL1;HERPUD1;DAPK2
ARHGEF10,GO_Biological_Process_2023,prerank,Activation Of Protein Kinase B Activity (GO:0032148),-0.4206368843148599,-0.9027565861784812,0.6038062283737025,1.0,1.0,15/25,28.47%,PDPK1;IGF1;PINK1;INSR;WNT5A;NTRK3;ANG;GAS6;ITGB1BP1;TXN;PDGFB;FGF1;NRG1;ADRA2B;OSBPL8
ARHGEF10,GO_Biological_Process_2023,prerank,Receptor Catabolic Process (GO:0032801),-0.46712503840321556,-0.9026271732537067,0.6156583629893239,1.0,1.0,7/15,20.23%,RNF43;PCSK9;NEDD4;MVB12A;UVRAG;SH3GLB1;SNX25
ARHGEF10,GO_Biological_Process_2023,prerank,Lymphocyte Mediated Immunity (GO:0002449),-0.4701037956843861,-0.9023979556227061,0.6027397260273972,1.0,1.0,4/16,11.87%,MSH2;MYO1G;CR2;SLA2
ARHGEF10,GO_Biological_Process_2023,prerank,Late Endosome To Vacuole Transport Via Multivesicular Body Sorting Pathway (GO:0032511),-0.42623826658647546,-0.9019849417335984,0.5986733001658375,1.0,1.0,12/24,22.15%,CHMP5;STAM2;LEPROT;CHMP4C;VPS37A;MVB12A;UBAP1;VPS25;VPS37B;VPS37C;SNF8;VPS36
ARHGEF10,GO_Biological_Process_2023,prerank,Negative Regulation Of Angiogenesis (GO:0016525),0.32094626355533284,0.9016999932445044,0.719626168224299,1.0,1.0,30/86,19.23%,STAB1;KLF4;E2F2;PF4;ATP2B4;RGCC;CTNNB1;PIK3CB;DAB2IP;THBS1;GHRL;NIBAN2;NPR1;SLC12A2;SPARC;SERPINE1;EPN2;ADAMTS9;FOXO4;PPARG;SEMA3E;EPN1;ATF2;GTF2I;ROCK1;HGS;PDE3B;SARS1;SERPINF1;KRIT1
ARHGEF10,GO_Biological_Process_2023,prerank,Mitochondrion Disassembly (GO:0061726),-0.3876064924700118,-0.9015713768835839,0.6074313408723748,1.0,1.0,16/36,26.00%,USP30;GABARAPL2;SNX7;ATG2A;SQSTM1;CISD2;CTSK;FIS1;PINK1;PRKN;BNIP3;WDR45B;ATG9B;ATG3;MAP1LC3B2;ATG2B
ARHGEF10,GO_Biological_Process_2023,prerank,Regulation Of Histone Acetylation (GO:0035065),-0.4380776941806947,-0.90146223463953,0.6081771720613288,1.0,1.0,12/22,25.84%,PPARGC1A;NOS1;SMARCA5;MYOCD;NFYB;ERCC6;MYBBP1A;THAP7;DEK;SET;NFYC;BAZ1B
ARHGEF10,GO_Biological_Process_2023,prerank,Cardiac Muscle Cell Development (GO:0055013),-0.41939530058647057,-0.9011041700429782,0.6170212765957447,1.0,1.0,7/26,19.39%,SORBS2;ASB2;HEY2;OBSL1;ALPK3;CXADR;ADPRHL1
ARHGEF10,GO_Biological_Process_2023,prerank,Aortic Valve Development (GO:0003176),0.3582423754965255,0.9010942192279457,0.6304347826086957,1.0,1.0,17/40,18.84%,NOS3;TNFRSF1B;TBX20;NPPA;NFATC1;HEYL;ELN;SLIT1;ROBO2;TGFB1;ROBO1;SOX9;SMAD2;ROCK1;AXIN2;BMP4;EFNA1
ARHGEF10,GO_Biological_Process_2023,prerank,Protein Deacylation (GO:0035601),0.4156558308367017,0.9008260884478702,0.5877862595419847,1.0,1.0,7/20,16.09%,ABHD17A;LYPLA2;ABHD17B;SIRT5;HDAC6;SIRT3;ABHD17C
ARHGEF10,GO_Biological_Process_2023,prerank,Nucleic Acid-Templated Transcription (GO:0097659),-0.38293642176028997,-0.9004907038050096,0.6103678929765887,1.0,1.0,21/40,26.86%,THRB;TCEANC2;NR4A2;RRAGC;TCEA3;DTX1;NFKBIB;MMS19;TOPORS;POLR3A;FUBP3;EPC1;PPP5C;TAF1B;MKRN2;E2F1;SMAD4;SCX;MED20;MEF2A;PHF3
ARHGEF10,GO_Biological_Process_2023,prerank,Positive Regulation Of Carbohydrate Metabolic Process (GO:0045913),0.3770533418669921,0.9002920444909195,0.6313131313131313,1.0,1.0,10/34,13.28%,PTH1R;NFKB1;HIF1A;RPTOR;MLST8;P2RX7;IRS1;GAPDHS;PRKCE;ARNT
ARHGEF10,GO_Biological_Process_2023,prerank,Regulation Of Steroid Biosynthetic Process (GO:0050810),-0.45408405753894676,-0.9001018825848396,0.6126878130217028,1.0,1.0,5/16,18.01%,NR1H4;WNT4;SIRT1;DGKQ;FGFR4
ARHGEF10,GO_Biological_Process_2023,prerank,Regulation Of Calcium Ion-Dependent Exocytosis (GO:0017158),-0.41086129710864316,-0.8998987952011783,0.6230283911671924,1.0,1.0,9/28,19.49%,DOC2A;TRPV6;KCNB1;SYT4;STXBP3;SYT11;SYT3;SYT7;RPH3AL
ARHGEF10,GO_Biological_Process_2023,prerank,Synaptic Vesicle Transport Along Microtubule (GO:0099517),0.4399457023243476,0.8997105741931233,0.6102941176470589,1.0,1.0,8/15,20.58%,TRIM46;BLOC1S2;BLOC1S6;AP3S2;BLOC1S3;BLOC1S1;AP3M2;DTNBP1
ARHGEF10,GO_Biological_Process_2023,prerank,Anterograde Synaptic Vesicle Transport (GO:0048490),0.4399457023243476,0.8997105741931233,0.6102941176470589,1.0,1.0,8/15,20.58%,TRIM46;BLOC1S2;BLOC1S6;AP3S2;BLOC1S3;BLOC1S1;AP3M2;DTNBP1
ARHGEF10,GO_Biological_Process_2023,prerank,Neuron Differentiation (GO:0030182),-0.31359633555155775,-0.899562285841524,0.7358490566037735,1.0,1.0,47/171,19.86%,RNF112;EPHA5;OTP;WNT3A;INHBA;NOVA2;WNT4;ALK;IRX3;IER2;CDNF;ATOH1;XBP1;NR4A2;FZD1;THOC2;NTRK2;IRX1;PHOX2A;WNT9B;SOX11;CFLAR;WNT2B;LRP6;CDK5;SMARCA1;HS6ST1;TGFB2;PCSK9;CTF1;LHX1;RTN4;DTNB;WNK1;RTN3;PBX4;FZD7;ERCC6;NOTO;OPHN1;BRSK2;TENM3;WNT5A;RUNX1;FZD8;ERBB4;TENM2
ARHGEF10,GO_Biological_Process_2023,prerank,Regulation Of Supramolecular Fiber Organization (GO:1902903),-0.4223108666170358,-0.8990001310088753,0.6103678929765887,1.0,1.0,8/23,19.98%,MAPT;MAPRE3;HSPA8;GBA2;APOE;PIK3CA;AKAP13;CHRNA7
ARHGEF10,GO_Biological_Process_2023,prerank,Extracellular Matrix Assembly (GO:0085029),0.42514103310166823,0.898787671013223,0.6004566210045662,1.0,1.0,10/17,22.86%,MFAP4;MYH11;RAMP2;ELN;TGFB1;EFEMP2;HAS2;MLF2;HAS3;QSOX1
ARHGEF10,GO_Biological_Process_2023,prerank,Regulation Of Calcium Ion Transmembrane Transport (GO:1903169),-0.4394171847750813,-0.898466174949428,0.6091205211726385,1.0,1.0,9/20,18.90%,CACNG1;NOS1;TRDN;CACNA2D1;LIME1;ATP1A2;CACNB1;FYN;HRC
ARHGEF10,GO_Biological_Process_2023,prerank,Neuron Fate Commitment (GO:0048663),0.42255814919741885,0.8982401806872049,0.6032482598607889,1.0,1.0,2/18,2.75%,PAX6;FOXN4
ARHGEF10,GO_Biological_Process_2023,prerank,Anterograde Trans-Synaptic Signaling (GO:0098916),0.28424508040410884,0.8982074208296069,0.8754716981132076,1.0,1.0,47/199,15.69%,KCNK3;CHRM4;SCN2B;GAD2;PCDHB11;GABRB1;HCRTR2;NPFF;CHRND;SLC12A5;UNC13C;ASIC2;GABRR3;HRH4;APBA1;CPLX1;PCDHB3;GRM2;SLC1A2;SLC12A4;KCNIP2;CHRNA3;CBLN1;CHRNE;HTR6;NRXN2;GLRA2;GABARAP;GABRQ;GABRD;SYT10;GRIK1;HTR1D;GABRR2;GPR176;APBA2;MINK1;GRIK4;UNC119;LPAR3;NRXN1;NPTX1;PLP1;HTR2C;DLG1;NLGN1;SLC1A6
ARHGEF10,GO_Biological_Process_2023,prerank,Negative Regulation Of Peptide Hormone Secretion (GO:0090278),0.43107480709239826,0.8981237868396763,0.5925,1.0,1.0,6/18,17.12%,CRHBP;CHGA;SIRT4;IRS1;BMP8A;REST
ARHGEF10,GO_Biological_Process_2023,prerank,Regulation Of Striated Muscle Contraction (GO:0006942),-0.40770287075185613,-0.898017915677528,0.6132075471698113,1.0,1.0,9/28,19.33%,NOS1;GJA5;P2RX4;CALM2;HCN4;TNNI1;ATP1A2;CALM1;GRK2
ARHGEF10,GO_Biological_Process_2023,prerank,Plasma Membrane Invagination (GO:0099024),-0.41559305179561246,-0.8974960837591524,0.6073211314475874,1.0,1.0,4/26,11.79%,SPIRE2;ITGB2;ITGAM;SPIRE1
ARHGEF10,GO_Biological_Process_2023,prerank,Cell-Cell Junction Assembly (GO:0007043),-0.350741730363645,-0.8970681926026205,0.6656200941915228,1.0,1.0,24/71,19.73%,GJA5;GJA4;CDH7;PARD6B;TLN1;PKP1;CLDN5;CTNNA1;ZNF703;PKN2;CDH10;CDH22;PKP3;CDH12;CDH4;MPDZ;CDH1;GJA1;EPB41L3;CDH15;CDH9;FSCN1;TRPV4;CD9
ARHGEF10,GO_Biological_Process_2023,prerank,Dicarboxylic Acid Transport (GO:0006835),-0.42028757125656374,-0.8970259182918117,0.6235294117647059,1.0,1.0,8/24,17.20%,SLC13A5;SLC17A8;SLC1A3;SLC17A6;SLC13A3;SLC26A8;SLC26A6;GJA1
ARHGEF10,GO_Biological_Process_2023,prerank,Regulation Of Small GTPase Mediated Signal Transduction (GO:0051056),-0.32319201511631895,-0.8969855056812479,0.6896046852122987,1.0,1.0,33/118,22.20%,ARHGEF10;MRAP;PLEKHG4;MCF2;ARHGAP4;DYNLL1;ITGAV;ARHGAP5;RALBP1;CD2AP;ARHGEF19;ARHGEF25;FAM13A;ARHGAP45;ARHGAP18;SQSTM1;SRC;RASGRF1;SWAP70;ARHGAP30;RHOD;DNMBP;STARD13;PLCE1;AKAP13;PREX1;TIAM1;RACGAP1;ARHGAP27;ECT2;ARHGAP26;OBSCN;ARHGEF11
ARHGEF10,GO_Biological_Process_2023,prerank,Mitotic Spindle Organization (GO:0007052),-0.3367491411965488,-0.8964905568236217,0.642433234421365,1.0,1.0,35/85,27.77%,ARHGEF10;DLGAP5;RMDN1;PCNT;CENPE;STIL;PIBF1;OFD1;MAP9;CHEK2;AURKA;LSM14A;KIF3B;WRAP73;CLASP1;TPX2;SMC1A;CCNB1;STAG1;MZT1;EFHC1;CKAP5;CEP192;SUN2;MAP1S;KPNB1;KIF11;CENPH;DCTN2;GPSM2;RHOA;RAN;STAG2;PRC1;PTPA
ARHGEF10,GO_Biological_Process_2023,prerank,Regulation Of Release Of Sequestered Calcium Ion Into Cytosol By Sarcoplasmic Reticulum (GO:0010880),-0.4192288886770948,-0.8964305946303749,0.6016528925619835,1.0,1.0,8/22,24.59%,CLIC2;TRDN;CALM2;ATP1A2;CALM1;HRC;CAMK2D;RYR2
ARHGEF10,GO_Biological_Process_2023,prerank,Cell Cycle G1/S Phase Transition (GO:0044843),0.3384649839274265,0.8963192251905554,0.6762402088772846,1.0,1.0,23/52,23.73%,CCND3;CDC7;BCAT1;LATS1;CAMK2A;CDKN3;E2F3;PIM2;CCNA2;PHF8;PPP6C;PLK3;CCNE1;POLE;ZNF324;TRIM71;PLK2;CDC25A;USP37;LATS2;KHDRBS1;CACUL1;MAP3K11
ARHGEF10,GO_Biological_Process_2023,prerank,Positive Regulation Of Cell-Cell Adhesion (GO:0022409),-0.3710827089328057,-0.8962910551218286,0.6588628762541806,1.0,1.0,9/45,16.53%,CXCL13;ANK3;CX3CL1;MAGI1;PODXL;LCK;DENND6A;PIEZO1;SERPINF2
ARHGEF10,GO_Biological_Process_2023,prerank,snRNA 3'-End Processing (GO:0034472),-0.43558966938218036,-0.8956442103580641,0.6205733558178752,1.0,1.0,10/21,27.20%,TUT1;INTS7;EXOSC7;INTS6;INTS8;INTS12;INTS2;EXOSC6;EXOSC5;INTS9
ARHGEF10,GO_Biological_Process_2023,prerank,Positive Regulation Of Protein Phosphorylation (GO:0001934),-0.2952537320707591,-0.8955701648851065,0.8146766169154229,1.0,1.0,106/376,21.50%,AGT;GDF7;MMD2;ALS2;WNT3A;INHBA;GDF6;FGF9;CSPG4;EGF;DAB2;NOS1;INHBC;STOX1;SPHK1;SH2D3C;FGF16;SPRY2;BMPR2;INHA;CLEC6A;FGF23;CENPE;RAPGEF2;CLDN3;MOB3C;NTRK1;BANK1;CALM2;RALBP1;AVP;IGF1;CD74;RASSF2;NTRK2;F2;ACVR2A;DDR2;MYDGF;CARD14;OPRD1;WDFY2;MAPRE3;FAM20A;MAP3K5;PDCD10;LRRK2;ARRB1;CDK2AP1;CX3CL1;XRCC5;CD81;FAXDC2;IL15;BDNF;GDF11;AMH;SRC;LCP2;HFE;SIRT1;SNCA;TGFB2;RAMP3;CIB1;PRKD2;IL34;ILK;IL11;TGFB3;MOB1B;AZU1;ENG;DGKQ;CAPRIN2;EGFR;JTB;CALM1;TNIK;CSNK2B;PINK1;WNK3;PROM2;MAVS;NGF;INSR;ENPP2;VEGFC;FLT4;EFNA5;HLA-DRB1;DOCK7;ERBB4;LEFTY2;NTRK3;CHRNA7;CLIP3;TEK;PLCG2;FGF2;SFRP2;TAB2;FLOT1;S1PR2;TGFBR2;BRAT1
ARHGEF10,GO_Biological_Process_2023,prerank,Ribosomal Large Subunit Biogenesis (GO:0042273),0.3460847243579005,0.8953982144235677,0.6438356164383562,1.0,1.0,25/52,22.32%,GTF3A;CINP;LAS1L;LTO1;EIF6;MDN1;RRP15;NLE1;ZNF622;RPL11;SPATA5;MAK16;MALSU1;RPLP0;NVL;MRTO4;RPL10;TRAF7;RSL24D1;NOP16;RPL23A;EBNA1BP2;NOP53;WDR12;RPL26
ARHGEF10,GO_Biological_Process_2023,prerank,Regulation Of Cell Migration Involved In Sprouting Angiogenesis (GO:0090049),0.3788053708947067,0.8953854888319627,0.6056338028169014,1.0,1.0,5/30,8.03%,GATA2;TBXA2R;KLF4;CARD10;THBS1
ARHGEF10,GO_Biological_Process_2023,prerank,Regulation Of Tubulin Deacetylation (GO:0090043),-0.4458457028435091,-0.8949428065845672,0.6247877758913413,1.0,1.0,8/17,23.90%,MAPT;TPPP;EP300;SGF29;KAT2B;ZZZ3;DR1;TADA3
ARHGEF10,GO_Biological_Process_2023,prerank,Regulation Of Plasma Membrane Bounded Cell Projection Organization (GO:0120035),-0.4001698625006691,-0.8948608007203818,0.6408566721581549,1.0,1.0,15/28,28.17%,ULK4;PTEN;HOMER1;NTNG2;GSK3B;ZNF804A;NCS1;BRSK2;NTNG1;PSEN1;NDEL1;CAMK2G;GSK3A;BRSK1;MARK1
ARHGEF10,GO_Biological_Process_2023,prerank,Regulation Of Transcription Regulatory Region DNA Binding (GO:2000677),-0.4143540650865254,-0.8947945807229772,0.6109271523178808,1.0,1.0,8/27,15.12%,RB1;POU4F1;ZNF675;GATA3;HEY2;IGF1;SOX11;HEY1
ARHGEF10,GO_Biological_Process_2023,prerank,Positive Regulation Of Phosphatidylinositol 3-Kinase Signaling (GO:0014068),-0.350822706554273,-0.8945023985556505,0.6574074074074074,1.0,1.0,27/69,25.06%,PTPN6;EGF;FLT3;NTRK1;IGF1;NTRK2;DDR2;MYDGF;SRC;SIRT1;TGFB2;NEDD4;PLXNB1;KIT;INSR;PIK3AP1;FLT1;NTRK3;TEK;FGF2;FN1;PDGFD;FGFR1;HCST;PTK2;DDR1;PDGFB
ARHGEF10,GO_Biological_Process_2023,prerank,T-helper Cell Differentiation (GO:0042093),0.4265268244964585,0.8942725356341193,0.5860349127182045,1.0,1.0,6/18,14.17%,BATF;ZFPM1;MEN1;HMGB1;FOXP1;KMT2A
ARHGEF10,GO_Biological_Process_2023,prerank,Cholesterol Metabolic Process (GO:0008203),-0.35577935177535436,-0.894222842517845,0.6651785714285714,1.0,1.0,23/67,21.06%,NPC1L1;CYP46A1;GBA1;SCARF1;AKR1D1;TSKU;ANGPTL3;APOB;TM7SF2;GBA2;APOE;OSBPL1A;SOAT1;FDX1;INSIG1;DHCR7;CYP51A1;G6PD;HMGCR;ABCG1;MVK;FDFT1;CLN6
ARHGEF10,GO_Biological_Process_2023,prerank,Keratan Sulfate Metabolic Process (GO:0042339),-0.4534791182382008,-0.894134039693515,0.6283783783783784,1.0,1.0,4/17,9.17%,B3GNT3;CHST2;B3GNT4;CHST5
ARHGEF10,GO_Biological_Process_2023,prerank,Regulation Of Neuron Death (GO:1901214),-0.3597373844461714,-0.8941180473583996,0.6651162790697674,1.0,1.0,23/58,21.32%,ITGB2;MAPT;GBA1;SNCB;MAP3K5;GRIN2B;LRRK2;ITGAM;UBB;CDK5;SNCA;PCSK9;CD200R1;FYN;WNT5A;EGLN2;PRKN;CHRNA7;GRM4;MEF2C;SORL1;SNCG;AKT1S1
ARHGEF10,GO_Biological_Process_2023,prerank,Positive Regulation Of T Cell Activation (GO:0050870),-0.33389924170816493,-0.8940992970122236,0.6975683890577508,1.0,1.0,35/104,25.12%,ZP3;IL23R;CD274;GATA3;XBP1;LGALS9;SMARCE1;GNAO1;CCL2;CD81;HLA-DPA1;CD276;IL15;TNFRSF13C;CD1D;LCK;PBRM1;SMARCD3;IL7;HLA-DRA;CCDC88B;HLA-DRB1;NCK1;ZMIZ1;AIF1;FLOT2;IL6ST;RHOH;SMARCA2;NCK2;ZBTB1;CYRIB;IL23A;ACTL6B;PRKCQ
ARHGEF10,GO_Biological_Process_2023,prerank,RNA Catabolic Process (GO:0006401),-0.35389355509395465,-0.8936250443046146,0.6548672566371682,1.0,1.0,20/57,25.33%,SLFN14;DXO;PNPT1;LSM6;RNH1;EXOSC7;DIS3;METTL16;RNASEH2C;SIDT2;HSPA1B;RNASEH2B;DNA2;EXOSC10;EXOSC2;EXOSC6;ZFP36;ERN1;ZPR1;EXOSC5
ARHGEF10,GO_Biological_Process_2023,prerank,Striated Muscle Contraction (GO:0006941),0.33377756098221856,0.8934473711149978,0.6947674418604651,1.0,1.0,5/57,4.19%,MYH7;SCN2B;TNNI3;MYL3;CCDC78
ARHGEF10,GO_Biological_Process_2023,prerank,Positive Regulation Of Cellular Metabolic Process (GO:0031325),-0.36454042927394853,-0.8934259682410082,0.6400625978090767,1.0,1.0,14/56,21.59%,AGT;HLA-G;IL10RB;GATA3;F2;ZC3H12A;SIRT1;LIPT2;ARG2;YPEL3;DHRS4;CCNB1;TGFBR2;AKR1C3
ARHGEF10,GO_Biological_Process_2023,prerank,Negative Regulation Of Cell Differentiation (GO:0045596),-0.30805446728817093,-0.8933406486056129,0.761570827489481,1.0,1.0,55/207,22.50%,TRIB3;CITED1;VASN;RB1;TBX3;ESRRB;ADAMTS7;CHRD;PTEN;SPRY2;ZBTB16;GATA3;FGF23;NBR1;ITGAV;ENPP1;TSKU;CALR;NOTCH1;COL5A2;OVOL2;EPHA4;ZBED6;MYOCD;NFKBIA;RANBP3L;SNAI2;NOCT;SIRT1;CDC73;DTX1;TNFAIP6;HEY1;NOTCH4;TNN;COL5A1;DLL1;ADAMTS12;EGFR;BCL7B;OXSR1;METTL14;TWIST2;SMAD6;ABCG1;WNT5A;SUZ12;SOX2;SFRP2;SOX3;JAG1;SKI;SMARCA2;SINHCAF;SOX8
ARHGEF10,GO_Biological_Process_2023,prerank,Regulation Of Cell Cycle G1/S Phase Transition (GO:1902806),0.32010238339200636,0.8932427350672505,0.6997167138810199,1.0,1.0,24/74,18.13%,CDKN2C;PLK5;APBB1;PHF10;PSME1;ATP2B4;SMARCB1;MNAT1;TMEM14B;SMARCD1;DDRGK1;BCL7A;SMARCA4;DPF1;SMARCC1;PAGR1;STXBP4;BRD7;DPF2;ARID1A;TRIM39;INO80;CCNH;APPL1
ARHGEF10,GO_Biological_Process_2023,prerank,DNA Modification (GO:0006304),0.4377091346963595,0.8930170755185383,0.5918918918918918,1.0,1.0,7/17,16.91%,PARP1;SMUG1;NEIL1;MUTYH;NEIL3;EXOSC4;MPG
ARHGEF10,GO_Biological_Process_2023,prerank,Embryonic Skeletal System Morphogenesis (GO:0048704),0.38196876458198564,0.892802742655842,0.6325,1.0,1.0,7/29,21.14%,IRX5;FGFR2;EIF4A3;TGFBR1;DSCAML1;PDGFRA;FUZ
ARHGEF10,GO_Biological_Process_2023,prerank,Regulation Of Insulin Secretion Involved In Cellular Response To Glucose Stimulus (GO:0061178),-0.40697281698062654,-0.8925820168311148,0.6128500823723229,1.0,1.0,9/27,19.33%,EPHA5;C2CD2L;NR1H4;ANO1;CDK16;CFTR;BRSK2;EFNA5;HLA-DRB1
ARHGEF10,GO_Biological_Process_2023,prerank,Regulation Of Transcription Involved In G1/S Transition Of Mitotic Cell Cycle (GO:0000083),-0.43421130703314925,-0.8924608812119752,0.6302521008403361,1.0,1.0,11/19,25.73%,RB1;ESRRB;CDK5;NPAT;CDK16;CDK14;HINFP;E2F1;ZPR1;KLF11;ID2
ARHGEF10,GO_Biological_Process_2023,prerank,Ubiquitin-Dependent Protein Catabolic Process Via The Multivesicular Body Sorting Pathway (GO:0043162),-0.39198530392732,-0.8921803530508978,0.6369327073552425,1.0,1.0,15/33,22.15%,CHMP5;VPS4A;STAM2;UBAP1L;CHMP4C;VPS37A;NEDD4;MVB12A;UBAP1;VPS25;VPS37B;VPS37C;SNF8;TOM1L1;VPS36
ARHGEF10,GO_Biological_Process_2023,prerank,Water-Soluble Vitamin Metabolic Process (GO:0006767),0.35700543690981457,0.8920704279798887,0.6512820512820513,1.0,1.0,15/40,20.85%,CUBN;RFK;MTHFD2L;SLC19A2;GSTO2;SLC46A1;SLC19A1;ABCD1;DHFR2;PANK2;MTR;SHMT2;BTD;ABCD4;FPGS
ARHGEF10,GO_Biological_Process_2023,prerank,Regulation Of Cytokine Production (GO:0001817),0.28887119728283484,0.8920634880103849,0.8306188925081434,1.0,1.0,39/165,15.86%,BATF;TNFRSF1B;IRF7;FGR;LTF;ZBTB12;VTCN1;BTNL8;MOG;PER1;IFIH1;EOLA1;TRIM21;TRIL;RGCC;DTX4;FOXP3;PPP1R11;BCL6;ASB1;PIK3CD;HILPDA;LRRC19;AGPAT1;ZNF131;AFAP1L2;LEP;MAPKAPK2;ZBTB6;KAT2A;TBK1;BTN3A2;FOXP1;EIF2AK2;BTN3A3;BCL6B;RIGI;PLA2R1;SCAMP5
ARHGEF10,GO_Biological_Process_2023,prerank,Negative Regulation Of NF-kappaB Transcription Factor Activity (GO:0032088),-0.33815415485265166,-0.8918748027897571,0.6735668789808917,1.0,1.0,38/81,26.64%,OTULIN;NWD1;CCDC22;DDIT3;ZNF675;TAX1BP1;CDKN2A;PARP10;NLRP2;MTURN;ZC3H12A;LRRK2;ARRB1;NFKBIA;FOXJ1;SIRT1;UFL1;NLRC3;NFKBIB;SETD6;CHP1;DAP;AIM2;CARD8;CYLD;RWDD3;NLRP12;CD200;BRMS1;HAVCR2;USP7;RBCK1;BCL3;IRAK3;IRAK2;PYDC1;COMMD6;LRRC14
ARHGEF10,GO_Biological_Process_2023,prerank,fatty-acyl-CoA Biosynthetic Process (GO:0046949),-0.40599208505368223,-0.8918420208137962,0.628099173553719,1.0,1.0,9/25,22.34%,ELOVL3;ACAT1;ELOVL2;SLC27A2;ACSF3;SLC25A1;HACD1;ELOVL5;ELOVL6
ARHGEF10,GO_Biological_Process_2023,prerank,Signal Transduction In Response To DNA Damage (GO:0042770),0.33340773698910287,0.8918238797849607,0.6781002638522428,1.0,1.0,13/57,14.39%,BATF;NDRG1;MAD2L2;DOT1L;CDC5L;RAD9A;PRPF19;TP53;PARP9;MDM4;GRB2;BID;DTX3L
ARHGEF10,GO_Biological_Process_2023,prerank,Regulation Of Actin Filament Polymerization (GO:0030833),-0.344420903556179,-0.8916467356933124,0.6778625954198473,1.0,1.0,24/69,23.07%,HCK;ALOX15;DAAM2;MEGF9;BAIAP2;KANK3;COTL1;RASA1;TWF1;EVL;ARHGAP18;SSH2;CDC42EP1;GBA2;CDC42EP4;KANK1;PRKCD;VASP;NCK1;CARMIL1;BAIAP2L1;FCHSD1;BAIAP2L2;NCK2
ARHGEF10,GO_Biological_Process_2023,prerank,Regulation Of Cellular Metabolic Process (GO:0031323),-0.37702435973155746,-0.8914929870378304,0.6589403973509934,1.0,1.0,13/45,19.72%,BCO2;ARF4;PGAM1;OGT;EP300;PNPT1;STUB1;COQ7;PDK2;RSL1D1;PINK1;VASH1;PRKN
ARHGEF10,GO_Biological_Process_2023,prerank,Mesenchyme Morphogenesis (GO:0072132),0.4210151944409861,0.8914889858689565,0.6030927835051546,1.0,1.0,7/18,16.18%,NOS3;TBX20;HEYL;MDM4;BMPR1A;SOX9;SMAD2
ARHGEF10,GO_Biological_Process_2023,prerank,Regulation Of GTPase Activity (GO:0043087),-0.3044748125267132,-0.8913591053467464,0.7600554785020804,1.0,1.0,73/210,26.35%,CPEB2;GPSM1;EPHA5;ALS2;CCL25;MRAP;KLRK1;RAP1GAP;DOCK11;XCL1;RAPGEF2;NTRK1;RALBP1;NTRK2;RGS8;EPHA4;LRCH1;CCL2;LRRK2;CX3CL1;RGS11;RASGEF1B;RASA4;PLXND1;SGSM2;GSK3B;RAB11FIP2;DOCK9;RASGRP2;RASGRP3;RASGRF1;RGS16;CDKL5;WNK1;PLXNB1;RGL4;MAP4K4;PROM2;SOD1;RALGPS2;EFNA5;MMUT;DOCK7;SGSM3;PREX1;RAPGEFL1;PLXNB2;ARHGAP27;ECT2;DOCK6;RSU1;USP6NL;EZH2;ALS2CL;FICD;DOCK10;RALGDS;PTK2;RAPGEF1;NGEF;CHN2;FGD6;ITGB1BP1;ADAP2;TBC1D15;FGD1;NDEL1;RASIP1;ARHGAP12;RACK1;RRP1B;LIMS1;SFRP1
ARHGEF10,GO_Biological_Process_2023,prerank,Regulation Of Cell Cycle G2/M Phase Transition (GO:1902749),-0.4442987540211877,-0.8911246542243398,0.6241610738255033,1.0,1.0,10/18,26.16%,CDK2;ING4;AURKA;ATF5;NPM1;MACROH2A1;CDK4;CCNQ;KIF14;CDKN1A
ARHGEF10,GO_Biological_Process_2023,prerank,Aortic Valve Morphogenesis (GO:0003180),0.3610086480784372,0.891089489138711,0.6507936507936508,1.0,1.0,17/37,19.91%,NOS3;TBX20;NPPA;NFATC1;HEYL;ELN;SLIT1;ROBO2;TGFB1;ROBO1;SOX9;SMAD2;ROCK1;AXIN2;BMP4;EFNA1;SNAI1
ARHGEF10,GO_Biological_Process_2023,prerank,Determination Of Bilateral Symmetry (GO:0009855),-0.40898579384891276,-0.8908568542972081,0.6453781512605042,1.0,1.0,11/27,20.12%,CFC1;CCDC103;CFAP53;STIL;NOTCH1;FOXJ1;DNAAF4;DLL1;KIF3B;ZIC3;GALNT11
ARHGEF10,GO_Biological_Process_2023,prerank,Mitochondrion Organization (GO:0007005),0.2884492887196774,0.8906470387846679,0.8181818181818182,1.0,1.0,61/159,21.04%,NOS3;PARP1;DNAJA3;TOMM7;HIGD1C;FANCG;TIMM13;ATP7A;CLUH;STOML2;STMP1;PITRM1;MGME1;AKT3;AGTPBP1;NDUFS1;MFN2;BIK;TSPO;SIRT4;SIRT5;ATAD3C;DNM1L;ATP5F1D;MTX3;CHCHD10;PARK7;MCL1;GDAP1;NIPSNAP2;ATPAF1;SLC25A33;HSD17B10;OPA1;BID;PRDX3;ATP2A1;TMEM242;MTFR1;HSPD1;TERT;BCAP31;HK2;ATAD3B;PID1;MTX1;UCP2;MIEF2;TOMM40;CEP89;MIGA2;VPS13C;BCS1L;MFN1;FBXO7;LONP1;MPV17;SUPV3L1;RHOT2;WDR81;THG1L
ARHGEF10,GO_Biological_Process_2023,prerank,Proteoglycan Biosynthetic Process (GO:0030166),-0.3939681843906707,-0.8906435172648787,0.6366612111292962,1.0,1.0,7/32,10.75%,B4GALT7;EXTL1;BMPR2;IGF1;CSGALNACT1;B3GAT3;GAL3ST4
ARHGEF10,GO_Biological_Process_2023,prerank,RNA Processing (GO:0006396),-0.3102600181872713,-0.8904687641357661,0.7591339648173207,1.0,1.0,66/183,24.19%,ELAVL4;NOL3;PPARGC1A;RBMS2;KHSRP;CPSF6;NOL9;SRSF4;WBP4;RRAGC;RBM39;HNRNPH1;LSM6;TBRG4;PPP2R1A;TCERG1;SRPK2;SNRNP25;PRPF4B;SRSF1;SNRNP40;AKAP8L;RNPC3;SNRPF;EXOSC7;TENT4B;SRPK1;RNASEL;SNRPB;CSTF3;DDX20;NRDE2;ZCCHC8;DIS3;SRRM1;SF3B2;TARDBP;PDCD7;MAGOH;PRPF6;YJU2B;SF3A2;RBM5;RNGTT;FASTKD2;HNRNPH3;HNRNPF;TFIP11;SCAF11;SNRNP48;SMU1;PRPF4;EXOSC10;THOC1;NCBP2;EXOSC2;LIN28A;RBM8A;EXOSC6;DNTTIP2;SCNM1;ARVCF;LSM3;NUDT21;ZCRB1;TUT7
ARHGEF10,GO_Biological_Process_2023,prerank,Response To Nutrient Levels (GO:0031667),0.3591483287749946,0.890360639494041,0.6473684210526316,1.0,1.0,10/35,20.37%,FAM107A;MEAK7;RPTOR;MLST8;PRKAG1;PRKAB1;EIF4G1;PRKAB2;RICTOR;PRKAG2
ARHGEF10,GO_Biological_Process_2023,prerank,Regulation Of Acute Inflammatory Response (GO:0002673),0.4249979448183905,0.8902618441311541,0.6171284634760705,1.0,1.0,1/19,0.84%,C2CD4A
ARHGEF10,GO_Biological_Process_2023,prerank,Regulation Of Cell Cycle Process (GO:0010564),-0.3222811776143751,-0.8902448278164278,0.7208271787296898,1.0,1.0,42/129,22.16%,KIF2B;ANKK1;CDKN2B;BUB1;DCUN1D3;FBXO5;SMARCE1;PDXP;CALM2;PRPF40A;OBSL1;CUL7;FBXO43;MAP9;DBF4B;KLHL9;CHEK1;L3MBTL1;TIPIN;PBRM1;SMARCD3;CEP250;MARK4;CETN2;CALM1;AURKA;BCL7B;UVRAG;KNSTRN;DBF4;BCL2L1;SH3GLB1;ATF5;KLHL13;MYBBP1A;E4F1;RACGAP1;ECT2;KLHL21;KIF13A;CDC42;SMARCA2
ARHGEF10,GO_Biological_Process_2023,prerank,Regulation Of Mitochondrial Translation (GO:0070129),-0.4271090972860293,-0.8900720743145382,0.6348408710217756,1.0,1.0,11/22,25.88%,TSFM;C1QBP;TRMT10C;RPUSD4;LRPPRC;RCC1L;RPUSD3;FASTKD2;NSUN3;MTG1;MRPS27
ARHGEF10,GO_Biological_Process_2023,prerank,Sphingolipid Biosynthetic Process (GO:0030148),-0.34409469767455314,-0.8899824191374168,0.6671732522796353,1.0,1.0,27/76,22.38%,ELOVL3;ALDH3B1;GBA1;SPHK1;PLPP2;ELOVL2;SMPD1;PNPLA1;SPTSSA;VAPA;ACER3;SPNS2;SGPP2;OSBP;PRKD2;CERS2;ST8SIA3;HACD1;ALOX12B;SMPD4;PLPP1;ELOVL5;CERS6;LARGE1;SGMS1;ELOVL6;KDSR
ARHGEF10,GO_Biological_Process_2023,prerank,Response To Transforming Growth Factor Beta (GO:0071559),-0.3843197628966039,-0.8899782114603552,0.6516666666666666,1.0,1.0,15/38,26.35%,CITED1;WNT4;XCL1;OVOL2;WWOX;PDE3A;WNT5A;PDE2A;MEF2C;ROCK2;CRKL;SMAD4;NR3C1;LIMS1;SFRP1
ARHGEF10,GO_Biological_Process_2023,prerank,Myoblast Differentiation (GO:0045445),-0.4384656505010896,-0.8899300681873215,0.631578947368421,1.0,1.0,10/19,21.79%,RB1;IGF1;NOTCH1;MYOCD;EPAS1;RBPJ;HINFP;MAPK12;PLEKHM3;JAG1
ARHGEF10,GO_Biological_Process_2023,prerank,N-acetylglucosamine Metabolic Process (GO:0006044),-0.45984657701736764,-0.8897198559002998,0.6127886323268206,1.0,1.0,5/15,12.32%,CHST2;EXTL2;CHST5;CHST3;CHST4
ARHGEF10,GO_Biological_Process_2023,prerank,Extracellular Matrix Organization (GO:0030198),-0.3098304307832015,-0.8896076036437571,0.744413407821229,1.0,1.0,57/174,22.37%,COL24A1;ADAMTSL4;CTSS;ADAMTS5;TMPRSS6;COL1A2;VIT;COL27A1;ADAMTS19;LOXL1;ADAMTS7;LOXL2;COL9A2;COL11A1;RECK;LCP1;EXOC8;COL5A2;SERPINH1;DDR2;ST7;P3H4;ADAMTS14;HAS1;KLK7;KLK4;OPTC;COL17A1;MMP11;TLL2;FLRT2;ADAMTS3;ADAM8;TGFB2;FURIN;COL4A1;MANSC4;CTSK;SERPINF2;COL5A1;BMP1;ADAMTS12;COL14A1;COL7A1;COL4A2;NID1;SPINT1;COL4A5;CRTAP;COL10A1;SPINK5;LOXL3;FLOT1;GAS6;GPM6B;GSN;COL18A1
ARHGEF10,GO_Biological_Process_2023,prerank,Negative Regulation Of Intracellular Signal Transduction (GO:1902532),-0.3026099964147286,-0.8893754401656314,0.7901069518716578,1.0,1.0,71/229,24.56%,LILRB4;NOL3;TRIM15;SLC2A10;HLA-G;NR1H4;CASC2;AJUBA;DUSP8;CCDC22;C1QTNF3;PDE11A;DDIT3;CASP8;PTEN;DGKG;MAGI2;NLRP2;DUSP2;BANK1;ZC3H12A;PDE3A;CD2AP;PPP2R1A;DUSP5;SLA2;FAM89B;PHLPP1;BCL2L2;SRC;DRD3;SIRT1;NLRC3;CIB1;MUL1;RTKN2;SFRP5;PHLDA3;USP20;STAT1;DEPDC5;VEPH1;NDUFS3;TSC2;PINK1;TSSK3;PDE2A;PEBP1;TMEM127;CDC34;BCL2L1;AIM2;AKT1S1;DUSP1;RHOH;CARD8;CYLD;RPS6KA1;ITPR1;HERPUD1;TANK;CAV3;NLRP12;MAPK14;MKRN2;SPRY3;ZMYND11;USP10;GSTP1;CYRIB;MINAR1
ARHGEF10,GO_Biological_Process_2023,prerank,Regulation Of Cytokine-Mediated Signaling Pathway (GO:0001959),-0.3772390851130295,-0.8893649035651164,0.6466552315608919,1.0,1.0,8/40,9.51%,PTPN6;OTULIN;SPHK1;CASP8;AGPAT2;SYK;CD74;HIPK1
ARHGEF10,GO_Biological_Process_2023,prerank,Regulation Of Vascular Endothelial Growth Factor Production (GO:0010574),0.38908031710835,0.8893356176477046,0.6224489795918368,1.0,1.0,7/26,17.86%,C3;HIF1A;TGFB1;CXCL17;NODAL;CYP1B1;SARS1
ARHGEF10,GO_Biological_Process_2023,prerank,Positive Regulation Of Signal Transduction (GO:0009967),-0.2984481403283417,-0.8892143756232826,0.7907284768211921,1.0,1.0,91/266,22.75%,MN1;CTSS;THRB;LY96;GHRH;WLS;JCAD;TSPAN14;KLK6;CNTN1;NOTCH2NLA;PTEN;P2RY6;HOMER1;CLEC6A;BAK1;GATA3;ITGAV;XBP1;AGPAT2;TEDC2;ZBTB7B;NECAB2;CRLF2;IGF1;CD74;GHRHR;SULF2;HHEX;GRIN2B;NETO1;GRIN1;PDCD10;LRRK2;CDKN2AIP;CD226;EMP2;BDNF;SRC;ADAMTS3;DRD3;SLC39A14;SIRT1;CDC73;TGFB2;SPIN1;PRKD2;KLK14;DLG4;VWF;ILK;EVC;SPRING1;LGR6;CTSK;C1QTNF12;DLL1;CTSL;CTBP2;IL7;SCIMP;RBPJ;KANK1;CSNK2A1;NID1;TUBD1;GRB10;ULK3;HTT;SNX5;ZMIZ1;CHRNA7;PRKCB;TEK;RAB34;ASXL2;SORL1;ING5;LOXL3;TPD52L1;F7;IL6ST;ENHO;CD63;JAG1;RWDD3;GAS6;SKI;RSPO4;SHANK1;MACF1
ARHGEF10,GO_Biological_Process_2023,prerank,Positive Regulation Of Pathway-Restricted SMAD Protein Phosphorylation (GO:0010862),-0.36876886641364237,-0.8890911075990207,0.6781789638932496,1.0,1.0,13/48,15.72%,GDF7;INHBA;GDF6;DAB2;INHBC;BMPR2;INHA;ACVR2A;GDF11;HFE;TGFB2;TGFB3;ENG
ARHGEF10,GO_Biological_Process_2023,prerank,Internal Peptidyl-Lysine Acetylation (GO:0018393),0.36466484283713974,0.8889889842669647,0.6510538641686182,1.0,1.0,22/39,23.98%,TAF12;PHF20L1;SUPT3H;MBTD1;EPC2;TADA2A;KAT5;KAT2A;VPS72;KAT14;ATAT1;YEATS2;MORF4L2;ACTL6A;EP400;TAF6L;TAF5L;RUVBL2;MORF4L1;TRRAP;MRGBP;DMAP1
ARHGEF10,GO_Biological_Process_2023,prerank,Nucleus Organization (GO:0006997),-0.37867888708956504,-0.888982691135476,0.6506410256410257,1.0,1.0,6/44,15.51%,PRM2;CHMP5;VPS4A;CEP55;LMNA;CHMP4C
ARHGEF10,GO_Biological_Process_2023,prerank,Protein Localization To Endoplasmic Reticulum (GO:0070972),-0.45574137289786215,-0.8889429584127034,0.6189655172413793,1.0,1.0,8/16,24.59%,GABARAPL2;LRRK2;VAPA;SEC16A;BCAP29;PPP1R15A;HSPA5;RYR2
ARHGEF10,GO_Biological_Process_2023,prerank,Cyclic-Nucleotide-Mediated Signaling (GO:0019935),-0.3775265570758912,-0.8888972505465804,0.6536050156739812,1.0,1.0,14/39,21.46%,EPHA5;SERPINB8;RAPGEF2;GHRHR;PDE3A;NUDT4;HTR2B;APOE;DGKQ;ADGRG6;PDE2A;PRSS8;IRAG1;GAL
ARHGEF10,GO_Biological_Process_2023,prerank,Cellular Response To Oxygen-Containing Compound (GO:1901701),-0.2886172438199671,-0.8887155170635969,0.8452685421994884,1.0,1.0,96/399,20.21%,ADCY7;CXCL13;KCNC2;PAX2;P2RX3;CCDC62;LY96;NR1H4;WNT3A;SLC13A5;SLC5A5;MAPT;CXCL2;ALOX15;CHMP5;PEX12;KCNK4;CXCL1;CD274;SSTR1;POU4F1;P2RY6;P2RX4;RAPGEF2;XBP1;VIM;SMPD1;LCP1;PDXP;RRAGC;ATM;LDOC1;CACNA1A;HCN4;ZC3H12A;WNT9B;PDE3A;TESC;CDK2;CPEB3;SYT4;CCL2;HMGB2;CDKN2AIP;IL1A;CPNE9;ZNF703;RASA4;CPNE4;TRIM41;TRPV1;TNFSF4;SQSTM1;RET;GSK3B;KCNH1;CDC73;RAMP3;RASGRP2;PPM1E;NFKBIB;NLRP7;KCNQ1;DLG4;CDH1;CFTR;SELENOS;SLC26A3;FZD7;TSHR;CPNE3;ADAM9;NEURL1;SLC26A6;PDK2;EGFR;LAMTOR5;CACNA1H;INSIG1;UPF1;CDKN1B;LAMTOR1;HSP90B1;P2RY11;SYT11;SYT3;GLRA1;CPEB4;SYT7;WNT5A;PDE2A;PRDX5;PRKCD;RAP1B;NEK7;PLCG2
ARHGEF10,GO_Biological_Process_2023,prerank,Cell-Matrix Adhesion (GO:0007160),-0.3260694061212265,-0.8880792218870295,0.7162162162162162,1.0,1.0,36/109,22.68%,ITGAL;STRC;ITGB2;ITGA8;OTOA;ITGA1;ITGA11;DYNLL1;ITGAV;ITGBL1;ANGPTL3;ITGAM;TESK2;COL17A1;THSD1;EMP2;ACTN2;PARVG;SRC;FBLN5;EMILIN1;ILK;TNN;PKD1;ADAM9;ADAMTS12;PIP5K1A;RHOD;ITGB4;TIAM1;FN1;PEAK1;CD63;ITGAE;ZYX;ITGA9
ARHGEF10,GO_Biological_Process_2023,prerank,Regulation Of Membrane Depolarization (GO:0003254),0.40982028167673845,0.8878627058169952,0.6409638554216868,1.0,1.0,8/20,13.71%,SCN2B;HCN2;HCN3;RANGRF;FHL1;SCN1B;HCN1;SMAD7
ARHGEF10,GO_Biological_Process_2023,prerank,Regulation Of Heterotypic Cell-Cell Adhesion (GO:0034114),0.39758690032676,0.8877240017665455,0.5995316159250585,1.0,1.0,7/24,22.67%,APOA1;KLF4;MAP2K5;SKAP1;THY1;CD44;MAPK7
ARHGEF10,GO_Biological_Process_2023,prerank,Monoatomic Anion Transmembrane Transport (GO:0098656),0.34181677714350134,0.8874425356294481,0.6601671309192201,1.0,1.0,19/54,17.02%,SLC4A1;GABRB1;SLC12A5;GABRE;SLC12A4;ANO5;LRRC8B;ANO8;GLRA2;GABRA5;GABRA4;SLC12A2;ANO2;ANO9;GABRA2;SLC12A1;LRRC8C;SLC5A6;GABRG1
ARHGEF10,GO_Biological_Process_2023,prerank,Positive Regulation Of Cell Cycle G1/S Phase Transition (GO:1902808),0.3534579901326002,0.8872122125273818,0.6398963730569949,1.0,1.0,14/40,16.17%,RDX;LSM11;RGCC;DDRGK1;RPTOR;AKT1;UBE2E2;HYAL1;PLCB1;PAGR1;RRM1;STXBP4;EIF4G1;CENPJ
ARHGEF10,GO_Biological_Process_2023,prerank,Determination Of Left/Right Symmetry (GO:0007368),-0.3732269942876019,-0.886877330070068,0.6570048309178744,1.0,1.0,15/44,20.12%,CFC1;CCDC103;CFAP53;PKD1L1;STIL;DNAAF1;NOTCH1;FOXJ1;ENKUR;DNAAF4;OFD1;DLL1;KIF3B;ZIC3;GALNT11
ARHGEF10,GO_Biological_Process_2023,prerank,Hemopoiesis (GO:0030097),-0.3282577235430963,-0.8868435164700538,0.6929955290611028,1.0,1.0,41/101,25.28%,INHBA;TET2;OGT;ETV6;FLT3;ZBTB16;IFI16;HIPK1;KAT8;LYL1;WNT2B;CEBPB;CEBPA;TGFB2;LCK;RTKN2;L3MBTL1;TOX;NOTCH4;KIT;DLL1;PINK1;WNT5A;RUNX1;TAFAZZIN;CD164;TEK;KAT6A;KIRREL3;SFRP2;TGFBR2;JAG1;GLRX5;RUNX2;PRKX;MIXL1;FLT3LG;ZNF160;PDGFB;NCOA6;LYN
ARHGEF10,GO_Biological_Process_2023,prerank,Positive Regulation Of TOR Signaling (GO:0032008),0.3462833772529421,0.8865150546048136,0.6710526315789473,1.0,1.0,20/46,21.96%,LAMTOR2;RRAGD;HTR6;RPTOR;FLCN;GPR137;RRAGB;LEP;MLST8;PIP4P1;GPR137C;RNF167;FNIP1;GOLPH3;WDR24;RICTOR;SMCR8;SESN2;LARS1;CLEC16A
ARHGEF10,GO_Biological_Process_2023,prerank,Cell-Cell Junction Organization (GO:0045216),-0.34898435863529537,-0.8864830032034027,0.6699186991869919,1.0,1.0,26/68,23.68%,CD177;GJA4;CDH7;PARD6B;TLN1;PKP1;CLDN5;CDH10;CDH22;PKP3;TGFB2;CDH12;CDH4;TGFB3;CDH1;CDH15;TJP2;CDH9;CXADR;FSCN1;TRPV4;PARD6A;KIRREL1;CDHR3;DSG2;ARVCF
ARHGEF10,GO_Biological_Process_2023,prerank,Actin Polymerization Or Depolymerization (GO:0008154),-0.359592951726956,-0.8863262190410948,0.6913385826771653,1.0,1.0,23/53,23.60%,SPIRE2;WASHC3;VILL;MICALL2;WAS;CATIP;SPIRE1;TWF1;EVL;ENAH;CFL2;WIPF1;WASF1;DIAPH3;MSRB2;PREX1;ANG;FHDC1;AIF1;CFL1;GSN;MSRB1;TTC17
ARHGEF10,GO_Biological_Process_2023,prerank,Positive Regulation Of Vascular Endothelial Growth Factor Production (GO:0010575),0.39041371002075104,0.8862227978405459,0.6212121212121212,1.0,1.0,6/24,15.89%,C3;HIF1A;TGFB1;CXCL17;NODAL;CYP1B1
ARHGEF10,GO_Biological_Process_2023,prerank,Carbohydrate Derivative Catabolic Process (GO:1901136),-0.4428052069044667,-0.8862050579584461,0.6155202821869489,1.0,1.0,10/17,28.11%,BPGM;DERA;NCCRP1;FUCA1;STT3B;FBXO27;NGLY1;FBXO6;FBXO17;FBXO44
ARHGEF10,GO_Biological_Process_2023,prerank,Negative Regulation Of Phosphorylation (GO:0042326),-0.33924141387910645,-0.8861372901277618,0.6797488226059655,1.0,1.0,25/74,19.83%,CDKN2B;CORO1C;INHBA;MAPT;PTEN;INHA;DYNLL1;CDKN2A;ZC3H12A;LRRK2;SH3GL2;IBTK;LRP6;PRKRIP1;SIRT1;CDKN2D;CIB1;IMPACT;TARDBP;CDKN1B;EPHB2;IGFBP3;CHP1;PRKN;NTRK3
ARHGEF10,GO_Biological_Process_2023,prerank,Regulation Of Neurotransmitter Receptor Activity (GO:0099601),0.3465682613135078,0.8861134757357991,0.7032967032967034,1.0,1.0,11/42,15.55%,CRHBP;PSCA;MAPK8IP2;CACNG2;DLGAP2;DAPK1;RELN;MINK1;CACNG7;NPTX1;NLGN1
ARHGEF10,GO_Biological_Process_2023,prerank,Negative Regulation Of Epithelial Cell Apoptotic Process (GO:1904036),0.3619598167234825,0.885921922293324,0.6326530612244898,1.0,1.0,11/38,19.23%,GATA2;RAMP2;MDK;MEN1;NDNF;SERPINE1;WFS1;PKHD1;PAK4;KDR;KRIT1
ARHGEF10,GO_Biological_Process_2023,prerank,Canonical Wnt Signaling Pathway (GO:0060070),-0.3517143920969645,-0.88586300533604,0.7044025157232704,1.0,1.0,20/64,19.19%,FZD9;WNT3A;WNT4;LEF1;PTEN;GATA3;NR4A2;FZD1;WNT9B;SIAH2;LRRK2;WNT2B;LRP6;GSK3B;SFRP5;DIXDC1;FZD7;NID1;WNT5A;FZD8
ARHGEF10,GO_Biological_Process_2023,prerank,Male Meiosis I (GO:0007141),0.43202462406946324,0.8855050545970204,0.6033254156769596,1.0,1.0,3/16,12.66%,CCNA1;BTBD18;FOXJ3
ARHGEF10,GO_Biological_Process_2023,prerank,Muscle Cell Differentiation (GO:0042692),0.3520189983879165,0.8852432875922001,0.6757493188010899,1.0,1.0,9/37,12.43%,WNT5B;DUSP29;MYF6;FBXO40;POPDC2;ACTN4;SGCZ;MEGF10;ACTN3
ARHGEF10,GO_Biological_Process_2023,prerank,Negative Regulation Of Cellular Metabolic Process (GO:0031324),-0.37424998641208135,-0.8850626585157658,0.6888168557536467,1.0,1.0,10/45,13.86%,PAX2;PTEN;ITGAV;FBXO5;SLC22A13;UGT1A8;MAP3K3;FZR1;AMH;SIRT1
ARHGEF10,GO_Biological_Process_2023,prerank,Pulmonary Valve Development (GO:0003177),0.40424696731385457,0.8843016561138288,0.6053268765133172,1.0,1.0,10/20,18.57%,NOS3;TNFRSF1B;NFATC1;HEYL;STRA6;ROBO2;ROBO1;SMAD2;NOTCH2;BMP4
ARHGEF10,GO_Biological_Process_2023,prerank,Zinc Ion Transport (GO:0006829),0.3886470821701346,0.8840690274464302,0.6259168704156479,1.0,1.0,6/23,12.21%,SLC30A2;SLC39A9;SLC30A1;SLC39A11;SLC39A13;SLC30A9
ARHGEF10,GO_Biological_Process_2023,prerank,Golgi To Plasma Membrane Transport (GO:0006893),-0.366311328463807,-0.8839411708393968,0.6738056013179572,1.0,1.0,21/47,23.63%,CCDC22;ANK3;OPTN;NSF;VAMP2;EXOC8;RAB10;EXOC6;ARFGEF2;RAB26;SEC16A;KRT18;EXOC7;RAB34;GGA3;KIF13A;PHAF1;RAB31;MACF1;EXOC6B;BLZF1
ARHGEF10,GO_Biological_Process_2023,prerank,Small GTPase Mediated Signal Transduction (GO:0007264),-0.324598816946901,-0.88383197573991,0.7087087087087087,1.0,1.0,41/111,23.45%,RHEBL1;RGL2;MRAS;RB1;GRAP2;DOK4;SHTN1;CDKN2A;RAPGEF2;RRAGC;RALBP1;IGF1;RUNDC3A;SIAH2;CDK2;RALA;ARFIP2;RASGEF1B;ARHGAP18;RIT2;RIT1;RASGRP2;RASGRP3;NUCB1;RASGRF1;RAB38;CCDC88C;G3BP1;RGL4;ARHGAP30;PLCE1;RALGPS2;CHP1;RAPGEFL1;TIAM1;FGF2;PLD2;NUCB2;RALGDS;CRKL;ARHGAP33
ARHGEF10,GO_Biological_Process_2023,prerank,External Encapsulating Structure Organization (GO:0045229),0.3000349834657542,0.8837943258061909,0.832258064516129,1.0,1.0,27/108,15.62%,MMP13;DMP1;POSTN;SMOC1;TGM1;COL8A2;SPOCK2;ATP7A;ADAMTS13;NF1;COLQ;MMP14;COL19A1;NPNT;MMP26;COL16A1;TGFBI;COL15A1;ADAMTS6;NDNF;SMOC2;MMP23B;MMP19;MMP15;ADAMTS9;MMP2;ECM2
ARHGEF10,GO_Biological_Process_2023,prerank,Regulation Of mRNA Metabolic Process (GO:1903311),-0.4601805962149178,-0.8837365988217254,0.6387959866220736,1.0,1.0,10/15,29.62%,SRPK2;SRPK1;SLTM;MAGOH;RBM8A;CDK11B;SAFB;SUPT6H;PTCD2;NCBP1
ARHGEF10,GO_Biological_Process_2023,prerank,Regulation Of Myelination (GO:0031641),-0.4059305674346268,-0.8836988436551056,0.6375838926174496,1.0,1.0,6/25,10.56%,TYMP;TPPP;NSUN5;PARD3;JAM2;MYRF
ARHGEF10,GO_Biological_Process_2023,prerank,Inositol Phosphate Metabolic Process (GO:0043647),0.4052333312966251,0.8836878649458174,0.6292428198433421,1.0,1.0,6/22,8.45%,ITPKA;ITPKB;NUDT3;OCRL;SYNJ1;ITPKC
ARHGEF10,GO_Biological_Process_2023,prerank,Negative Regulation Of Focal Adhesion Assembly (GO:0051895),-0.4548881045260379,-0.8836466539133917,0.6494156928213689,1.0,1.0,5/15,13.39%,CORO1C;PTEN;DYNLL1;PHLDB2;SRC
ARHGEF10,GO_Biological_Process_2023,prerank,Negative Regulation Of Cell-Substrate Junction Organization (GO:0150118),-0.4548881045260379,-0.8836466539133917,0.6494156928213689,1.0,1.0,5/15,13.39%,CORO1C;PTEN;DYNLL1;PHLDB2;SRC
ARHGEF10,GO_Biological_Process_2023,prerank,Glycerophospholipid Metabolic Process (GO:0006650),-0.34627824032232657,-0.8834062621161668,0.7023255813953488,1.0,1.0,24/62,24.77%,PLA2G4D;ABHD6;PLA2G4A;PLA2G2A;PLAAT1;PLA2G4B;PIGA;PIGB;PIGZ;PIGW;ACP6;ENPP6;PIGG;GDPD3;PIP5K1A;PLA2G15;SMPD4;PLA2G7;DGKH;ABHD3;PLA2G6;GPCPD1;PRDX6;PIGN
ARHGEF10,GO_Biological_Process_2023,prerank,Regulation Of Axonogenesis (GO:0050770),-0.3732130466065524,-0.8832667947606027,0.6493506493506493,1.0,1.0,16/42,21.55%,MCF2;PTEN;SLITRK1;NTRK2;EPHA4;PLXND1;GSK3B;GDI1;PLXNB1;LRP4;EFNB3;BRSK2;CHODL;PLXNB2;TIAM1;KIF13B
ARHGEF10,GO_Biological_Process_2023,prerank,Cilium Assembly (GO:0060271),-0.2975004280439883,-0.8832192907862322,0.8026315789473685,1.0,1.0,98/242,25.78%,CFAP161;RABL2B;ABLIM3;ARF4;TMEM67;IFT57;RILPL2;CC2D2B;KIAA0586;CFAP206;PCNT;TCTN1;RP1;DZIP1L;NUDCD3;DYNLL1;MAK;BBOF1;PIBF1;CCDC113;DNAAF1;NOTCH1;BBS10;TTC36;EHD1;SPATA6;CFAP47;TMEM231;CEP290;CFAP74;KIF27;CLUAP1;EHD3;TEKT3;FOXJ1;SPAG17;OFD1;KIF3A;CDC14B;DYNC2LI1;E2F4;SPACA9;TTC30A;CCDC13;CEP250;CEP19;DZIP1;DYNLT2B;NME8;HYLS1;SEPTIN2;IFT122;FAM149B1;AHI1;DNMBP;IFT88;B9D2;SNX10;KIF3B;RAB3IP;KIF24;GALNT11;TTLL3;CDC14A;FHDC1;RAB17;NEK1;TCTN3;CFAP46;MACIR;IFT52;WDR19;DYNC2I1;PLK4;GSN;RSPH9;CCDC40;ASAP1;CEP131;WDR35;TOGARAM1;INTU;BBS7;ACTR2;TTC8;POC1A;CFAP70;WDPCP;GORAB;CCDC39;DYNC2H1;VANGL2;RPGR;BBS2;RAB23;PIERCE1;WDR90;CFAP20
ARHGEF10,GO_Biological_Process_2023,prerank,Organelle Organization (GO:0006996),-0.28924855898885626,-0.8831100535380223,0.8533007334963325,1.0,1.0,126/414,23.63%,PRM2;NOL3;SPTBN5;RNF112;HPS6;PPARGC1A;CSNK1A1;GOLGA8T;EPS15;AJUBA;RB1;CHMP5;PEX12;MRAP;GBA1;OPTN;TRAPPC11;ZNF501;GOLGA6A;LETMD1;ARHGAP4;RAB32;CATIP;GOLGA8N;PLAAT1;PYROXD2;PI4K2A;PAK6;SH3D19;GOLGA6B;PRPF40A;OBSL1;PALLD;GOLGB1;RAB7A;ZFP69B;RAB6B;BNIP1;CCL2;CAPZB;GEM;LRRK2;PEX6;TRIP11;ATAD3A;RAB43;VPS4A;GORASP2;PACSIN2;SEMA6A;VAPA;CEP55;COG3;SEC61A1;KIFAP3;STX7;CUL7;SIPA1L3;GOLGA5;KIF3A;TMCC1;BRWD1;RAB38;APOE;ZFYVE16;CHMP4C;MAPK15;NSFL1C;MTFR2;MARK4;DIAPH3;VPS18;TNIK;CCDC32;PINK1;TMED1;LIG4;RAB1B;SMPD4;SNX10;MNS1;MAST1;CXADR;CLASP1;HTT;PLCE1;COG4;GOLGA8A;PI4K2B;CDC42BPB;PITPNB;RAB2A;SEC16A;PRKN;ABCD3;TAFAZZIN;RAB30;KAT6A;SURF4;RAB34;PACSIN3;STRIP2;SLC25A36;TMED3;SAR1B;PLD2;CFL1;PLEKHF1;RAB31;IQCG;USP6NL;CDC42;PPID;SEC23IP;ZMYM4;FAF2;CNN2;PEX19;TOR1B;TMEM135;ZNF135;PIKFYVE;RAB2B;JAGN1;TTC17;BLZF1
ARHGEF10,GO_Biological_Process_2023,prerank,Respiratory Chain Complex IV Assembly (GO:0008535),0.390104523953334,0.8829877250660765,0.6169154228855721,1.0,1.0,9/26,15.68%,STMP1;PET117;COA5;COA3;TMEM223;COX14;TIMM21;SURF1;SCO2
ARHGEF10,GO_Biological_Process_2023,prerank,Regulation Of Cardiac Muscle Hypertrophy (GO:0010611),0.39914640493142106,0.8829620432195553,0.6184834123222749,1.0,1.0,3/23,5.19%,EDN1;PARP1;PDE9A
ARHGEF10,GO_Biological_Process_2023,prerank,rRNA Processing (GO:0006364),0.3034980315648886,0.8829518121950684,0.8023952095808383,1.0,1.0,50/101,23.52%,DDX47;LAS1L;NOP14;RIOK2;EIF6;LYAR;PELP1;RRP15;PIH1D2;MTREX;EMG1;RPS16;PRKDC;DDX49;RPS7;EXOSC4;SPPL2B;RPL11;SRFBP1;MAK16;WDR36;RRP7A;NVL;MRTO4;EXOSC9;RPS15;MRM2;NOP56;ESF1;RPS24;XRN2;WDR3;NOC4L;MPHOSPH10;FBL;RPS14;RPS28;RPS25;RPS19;EBNA1BP2;RPS27;NOP53;TSR3;NOL8;RPL26;RIOK3;RPL5;POP4;RRP9;SBDS
ARHGEF10,GO_Biological_Process_2023,prerank,Response To Axon Injury (GO:0048678),-0.4390323962429289,-0.8826677100063207,0.6382978723404256,1.0,1.0,9/18,22.69%,FLRT3;RTN4RL2;P2RX4;NREP;GAP43;DHFR;SOD1;PLCG2;MORN4
ARHGEF10,GO_Biological_Process_2023,prerank,protein-RNA Complex Assembly (GO:0022618),0.2908951991184857,0.8825609961314826,0.8440677966101695,1.0,1.0,66/148,22.55%,EIF3J;CELF4;RAMACL;SF3B1;TSSC4;AGO2;DHX29;PRPF18;SNRPG;EIF3C;TNIP1;EIF2D;EIF3G;EIF6;PRPF19;MDN1;CELF1;MRPS11;NLE1;SNRPD3;KHDC4;SNRPD1;EIF5;PRKDC;RPS27L;PUF60;POLR2D;HSP90AB1;RPL11;TXNL4A;MRPS7;DICER1;CPSF7;RPLP0;RRP7A;RPS15;RPL10;GEMIN7;TRAF7;LUC7L;EIF3H;GEMIN2;YTHDC1;SRSF9;EIF3B;GEMIN4;RPS5;HNRNPC;RPS14;RPS28;AGO3;RPL23A;RSRP1;RPS19;EIF2S2;TGS1;EIF3E;RPS27;NOP53;EIF3M;USP39;EIF3L;XAB2;ZRSR2;WDR77;SNRPD2
ARHGEF10,GO_Biological_Process_2023,prerank,Regulation Of Mitotic Cell Cycle Phase Transition (GO:1901990),0.3080175188749153,0.8820831297833852,0.7620396600566572,1.0,1.0,27/86,19.28%,CDKN2C;PLK5;PHF10;PSME1;SMARCB1;RGCC;PPP1R9B;MNAT1;TMEM14B;SMARCD1;RIOK2;BCL7A;SMARCA4;DPF1;NEK6;TFAP4;SMARCC1;ERCC2;BRD7;DPF2;ARID1A;CDC23;INO80;CCNH;APPL1;KCNH5;APLP2
ARHGEF10,GO_Biological_Process_2023,prerank,Regulation Of Lamellipodium Assembly (GO:0010591),-0.3878612085261888,-0.8820187392072179,0.6590538336052202,1.0,1.0,11/33,19.10%,WAS;ABI3;AKIRIN1;CAPZB;TWF1;RAC2;CYFIP1;CARMIL2;PIK3CA;FSCN1;PLCE1
ARHGEF10,GO_Biological_Process_2023,prerank,"Maturation Of SSU-rRNA From Tricistronic rRNA Transcript (SSU-rRNA, 5.8S rRNA, LSU-rRNA) (GO:0000462)",0.37971130473324144,0.8818533302888658,0.6675257731958762,1.0,1.0,11/29,20.90%,NOP14;WDR43;MRPS11;DHX37;RPS16;NGDN;TSR1;RPS21;UTP25;RPS14;RPS19
ARHGEF10,GO_Biological_Process_2023,prerank,Regulation Of Cardiac Muscle Contraction By Regulation Of The Release Of Sequestered Calcium Ion (GO:0010881),-0.4422883726450622,-0.8818280809257931,0.6380471380471381,1.0,1.0,7/16,24.59%,CLIC2;CALM2;ATP1A2;CALM1;HRC;CAMK2D;RYR2
ARHGEF10,GO_Biological_Process_2023,prerank,Negative Regulation Of Cellular Component Organization (GO:0051129),-0.33429731893682063,-0.8818233314735895,0.7082018927444795,1.0,1.0,27/79,22.16%,NR1H4;TMC8;RTEL1;GBA1;EP300;SPRY2;OPRD1;XRCC5;HSPA8;TMEFF2;SRC;GSK3B;CEL;WASHC2C;APOM;CARMIL2;IAPP;DNAJB1;AKR1B1;SYT11;HSPA1B;CARMIL1;PACSIN3;TFIP11;SORL1;MCTP1;CDC42
ARHGEF10,GO_Biological_Process_2023,prerank,Regulation Of Spindle Organization (GO:0090224),-0.42335974481026584,-0.8817531036147599,0.6549912434325744,1.0,1.0,7/20,22.26%,PSRC1;STIL;RNF4;MAP9;TACC3;TPX2;SASS6
ARHGEF10,GO_Biological_Process_2023,prerank,Negative Regulation Of Macroautophagy (GO:0016242),-0.4180885463571147,-0.881737032546974,0.6352313167259787,1.0,1.0,6/22,17.92%,TMEM39A;LRRK2;SCFD1;PIK3CA;TSC2;PINK1
ARHGEF10,GO_Biological_Process_2023,prerank,O-glycan Processing (GO:0016266),-0.37401219606589764,-0.8816884558973623,0.6419354838709678,1.0,1.0,21/41,26.87%,B3GNT3;B3GNT4;CHST4;GALNT7;GALNT9;XXYLT1;GCNT1;GALNT13;GALNT11;C1GALT1C1;B4GAT1;GXYLT1;B4GALT5;GCNT4;C1GALT1;B3GNT5;ST3GAL1;GALNT12;GALNT8;POMGNT1;ST6GAL1
ARHGEF10,GO_Biological_Process_2023,prerank,Negative Regulation Of Kinase Activity (GO:0033673),-0.347477351633086,-0.8816069871162532,0.6989079563182528,1.0,1.0,27/62,26.51%,CEACAM1;TRIB3;MAPT;GNAQ;RB1;PDPK1;SFN;CAMK2N2;LRP6;PRKRIP1;SNCA;PPM1E;CDKN1B;EPHB2;TSC2;CHP1;GSKIP;AKT1S1;TARBP2;CAV3;QARS1;GSTP1;ITGB1BP1;RTRAF;PAK2;PYDC1;UBASH3B
ARHGEF10,GO_Biological_Process_2023,prerank,Negative Regulation Of Protein Localization (GO:1903828),-0.37497185250579973,-0.8813353657906937,0.6672240802675585,1.0,1.0,13/40,22.98%,LILRB4;CTNNA1;RNF4;LEPROT;GSK3B;NSFL1C;BTF3;ANKRD13A;NEDD4L;MACROH2A1;GPM6B;CAV3;ROCK2
ARHGEF10,GO_Biological_Process_2023,prerank,Heart Contraction (GO:0060047),0.35623149186164954,0.8812871272267803,0.6388888888888888,1.0,1.0,10/41,15.23%,MYH7;SCN2B;TNNI3;MYL3;RANGRF;SCN1B;SGCZ;MYL7;TPM1;TTN
ARHGEF10,GO_Biological_Process_2023,prerank,Carbohydrate Derivative Transport (GO:1901264),-0.445216778082022,-0.8809554579994328,0.6360544217687075,1.0,1.0,9/17,24.76%,SLC15A3;SLC15A2;SLC25A19;MFSD2A;PLTP;SLC29A3;SLC29A1;NPC2;CPTP
ARHGEF10,GO_Biological_Process_2023,prerank,Positive Regulation Of Cytokine Production (GO:0001819),-0.29413921929236564,-0.8807689554311274,0.8142292490118577,1.0,1.0,80/318,23.28%,ZP3;TRIM15;TXK;AGT;HLA-G;IL23R;NR1H4;TIGIT;NFAM1;TLR3;CNTN1;CD274;C1QTNF3;DDIT3;SPHK1;RAB7B;DHX58;XCL1;CLEC6A;GATA3;CYBA;IFI16;XBP1;LGALS9;AGPAT2;SYK;ZBTB7B;LCP1;CRLF2;PIBF1;CD74;AKIRIN2;MYDGF;SULF2;LTB;IL1R1;CEBPB;IL1A;HLA-DPA1;CD276;CD226;EBI3;PTGER4;TMEM106A;IL15;TNFSF4;AMH;NLRP10;HTR2B;XIAP;IRF4;PRKD2;ZNF580;SERPINF2;G3BP1;LAMTOR5;IL7;SCIMP;MAVS;SOD1;WNT5A;HSPA1B;RUNX1;FLT4;CCDC88B;PLCG2;MAPK13;LURAP1;AIF1;SORL1;FLOT1;IL6ST;ISG15;TANK;TICAM2;AGER;ROCK2;CD200;MAPK14;HAVCR2
ARHGEF10,GO_Biological_Process_2023,prerank,Cellular Respiration (GO:0045333),0.31443238341004554,0.8805859682986356,0.744807121661721,1.0,1.0,37/84,22.85%,COX4I2;NDUFA3;NDUFA2;NDUFA11;ETFRF1;CYC1;COX7C;NDUFS1;UQCRC1;NDUFS6;NDUFA1;NDUFB1;ETFB;ME3;UQCR11;SIRT3;SDHB;LYRM7;SURF1;UQCR10;NDUFB2;MTFR1;COX7B;COX4I1;NDUFAB1;BLOC1S1;NDUFA7;NDUFB5;NDUFC1;NDUFV3;NDUFA6;NDUFC2;COX6B1;UQCRH;COX5B;NDUFS4;COX7A2
ARHGEF10,GO_Biological_Process_2023,prerank,intra-Golgi Vesicle-Mediated Transport (GO:0006891),-0.3918253402844289,-0.8805822656656561,0.6510067114093959,1.0,1.0,12/33,20.14%,GABARAPL2;NSF;RAB6B;COPE;COPA;RAB43;COG3;GOLGA5;RAB33B;NAPA;COG4;RAB6A
ARHGEF10,GO_Biological_Process_2023,prerank,Mitochondrial Membrane Organization (GO:0007006),0.3605343921591781,0.8803924582802032,0.6700507614213198,1.0,1.0,14/32,18.96%,GHITM;MFN2;IMMT;MTX3;MICOS13;OPA1;HSPA9;BCL2;DNAJC11;MICOS10;SPG7;MTX1;PPIF;CIBAR1
ARHGEF10,GO_Biological_Process_2023,prerank,Inorganic Anion Transport (GO:0015698),-0.3554144451606807,-0.88039057707223,0.6893687707641196,1.0,1.0,20/58,21.76%,ENPP3;FXYD3;SLC5A5;CLIC2;SLC26A9;ENPP1;SLC26A4;NMUR1;CLCNKB;CLIC5;SLC17A6;SLC26A11;SLC26A8;SLC26A6;GLRA1;SLC26A2;ANO10;RACGAP1;SLC13A4;ANO4
ARHGEF10,GO_Biological_Process_2023,prerank,Generation Of Neurons (GO:0048699),-0.30546418783882123,-0.8801338490947966,0.786628733997155,1.0,1.0,48/171,19.50%,RNF112;OTP;WNT3A;NOVA2;WNT4;MAPT;IRX3;IER2;DCC;GPM6A;PALS1;RAPGEF2;POMGNT2;MDGA1;NR4A2;FZD1;THOC2;TUBB2B;NTRK2;IRX1;WNT9B;ELP3;SOX11;CFLAR;WNT2B;CDK5;SMARCA1;SIX1;DNAAF4;TGFB2;PCSK9;FGF13;CTF1;LHX1;RTN4;CDKL5;DTNB;RTN3;FZD7;ERCC6;LRP4;NOTO;OPHN1;BRSK2;WNT5A;RUNX1;FZD8;KIAA0319
ARHGEF10,GO_Biological_Process_2023,prerank,Negative Regulation Of Oxidative Stress-Induced Intrinsic Apoptotic Signaling Pathway (GO:1902176),-0.4541991393812278,-0.8800081794301594,0.6464968152866242,1.0,1.0,5/16,19.72%,NOL3;NME5;SIRT1;PINK1;PRKN
ARHGEF10,GO_Biological_Process_2023,prerank,Negative Regulation Of Protein Kinase Activity (GO:0006469),-0.330626368859078,-0.8795796635751991,0.6979166666666666,1.0,1.0,34/88,26.51%,LILRB4;CEACAM1;TRIB3;CORO1C;GNAQ;RB1;PDPK1;SFN;CAMK2N2;PTPRT;LRP6;PRKRIP1;SNCA;PPM1E;MVP;CDKN1B;EPHB2;TSC2;CHP1;SORL1;NPM1;GSKIP;AKT1S1;MACROH2A1;TARBP2;CAV3;QARS1;GSTP1;ITGB1BP1;RTRAF;PAK2;PYDC1;CDKN1A;UBASH3B
ARHGEF10,GO_Biological_Process_2023,prerank,Second-Messenger-Mediated Signaling (GO:0019932),-0.33859130799161175,-0.879312719661031,0.7043343653250774,1.0,1.0,19/72,20.75%,FPR1;PDPK1;NOS1;SPHK1;KLRG1;P2RX4;PLA2G4B;NMUR1;RCAN2;LRRK2;PPP2R1A;NUDT4;BTK;HTR2B;APOE;P2RY11;PLCE1;PLCG2;TPCN2
ARHGEF10,GO_Biological_Process_2023,prerank,Regulation Of Interleukin-12 Production (GO:0032655),-0.3624787616238415,-0.8788065527699607,0.6600331674958541,1.0,1.0,10/49,13.14%,HLA-G;IL23R;TIGIT;TLR3;LGALS9;SYK;PIBF1;C1QBP;LTB;TNFSF4
ARHGEF10,GO_Biological_Process_2023,prerank,Inositol Lipid-Mediated Signaling (GO:0048017),-0.3884503074473999,-0.8787697278977358,0.631578947368421,1.0,1.0,14/33,24.52%,OGT;IGF1;TNFAIP8L3;GAB2;KCNH1;PIRT;PITPNM2;GPR143;PLCE1;EXOC7;PLCG2;FGFR1;RPS6KB1;PTAFR
ARHGEF10,GO_Biological_Process_2023,prerank,RNA Export From Nucleus (GO:0006405),-0.34918097220566263,-0.8786723639512344,0.7057057057057057,1.0,1.0,30/63,27.27%,POM121L2;HNRNPA1;THOC2;NXT2;HHEX;NXF1;SMG6;NUP85;POM121C;SRSF3;UPF1;THOC3;MAGOH;NUP88;NUP214;NUP155;DDX19B;THOC1;NCBP2;DDX25;RBM8A;FMR1;SMG1;NUP188;UPF2;NUP98;ALYREF;POM121;THOC5;RAN
ARHGEF10,GO_Biological_Process_2023,prerank,Ganglioside Metabolic Process (GO:0001573),-0.4339640151111719,-0.8784269972467555,0.6614853195164075,1.0,1.0,8/19,22.51%,B4GALNT1;ST8SIA4;NEU1;NEU3;ST8SIA3;CLN6;ST8SIA6;B3GALT4
ARHGEF10,GO_Biological_Process_2023,prerank,Mitotic Cytokinesis (GO:0000281),0.3245952180277286,0.878084305143171,0.7229916897506925,1.0,1.0,27/59,23.67%,KIF20A;KLHDC8B;EXOC3;TRIM36;EXOC2;KIF4A;RHOB;STAMBP;UNC119;SPTBN1;SEPTIN6;USP8;AURKB;EXOC5;CDCA8;ROCK1;SNX18;SON;SPAST;CIT;INCENP;KIF23;BIRC5;MITD1;CENPA;PLK1;RAB35
ARHGEF10,GO_Biological_Process_2023,prerank,Positive Regulation Of Receptor-Mediated Endocytosis (GO:0048260),0.34217018889107126,0.8777929828783637,0.6819407008086253,1.0,1.0,12/43,17.26%,VTN;SFRP4;C3;ARRB2;BICD1;F3;SERPINE1;NTF3;CLU;SGIP1;RAB21;DGKD
ARHGEF10,GO_Biological_Process_2023,prerank,Positive Regulation Of Osteoclast Differentiation (GO:0045672),-0.43302077774504216,-0.8776461248485667,0.6236749116607774,1.0,1.0,3/18,14.91%,IL23R;POU4F1;PPP3CA
ARHGEF10,GO_Biological_Process_2023,prerank,Regulation Of DNA Damage Checkpoint (GO:2000001),-0.4372393298391071,-0.8774304781674926,0.6469594594594594,1.0,1.0,11/18,27.51%,CRY1;BRCA2;TELO2;TTI1;FEM1B;THOC1;BARD1;RFWD3;TTI2;THOC5;DEPDC1B
ARHGEF10,GO_Biological_Process_2023,prerank,Pyruvate Metabolic Process (GO:0006090),0.3381556747038968,0.8773317090491246,0.706989247311828,1.0,1.0,19/50,18.52%,LDHAL6A;HK1;PDHB;ME2;LDHA;PKLR;PGM1;PCK2;ALDOC;ME3;ENO4;GAPDHS;ENO2;VDAC1;GCK;TPI1;HK2;UCP2;GAPDH
ARHGEF10,GO_Biological_Process_2023,prerank,Maintenance Of Protein Localization In Organelle (GO:0072595),0.41327199243563206,0.8772480302502123,0.601965601965602,1.0,1.0,8/18,16.64%,HK1;TAF8;ARL2BP;TAF3;CHCHD10;MORC3;SUPT7L;HK2
ARHGEF10,GO_Biological_Process_2023,prerank,Regulation Of Proteolysis Involved In Protein Catabolic Process (GO:1903050),-0.4122725127623362,-0.877006067862531,0.6157635467980296,1.0,1.0,9/24,17.92%,GBA1;NUDT15;TMF1;EPHA4;UBB;UBE3A;DNAAF4;PKD1;PINK1
ARHGEF10,GO_Biological_Process_2023,prerank,rRNA Metabolic Process (GO:0016072),0.30634929812056216,0.8766455040002746,0.780281690140845,1.0,1.0,44/91,23.52%,DDX47;GTF3A;SLFN13;NOP14;LYAR;PELP1;TRIR;MARS1;PIH1D2;DEDD2;MTREX;EMG1;RPS16;DDX49;RPS7;EXOSC4;SPPL2B;RPL11;WDR36;RRP7A;NVL;MRTO4;EXOSC9;RPS15;MRM2;NOP56;ESF1;RPS24;XRN2;NOC4L;FBL;RPS28;RPS25;RPS19;EBNA1BP2;RPS27;NOP53;NOL8;RPL26;NIFK;RPL5;POP4;RRP9;SBDS
ARHGEF10,GO_Biological_Process_2023,prerank,Protein Autoubiquitination (GO:0051865),-0.34078648271757395,-0.8764770723808086,0.7160493827160493,1.0,1.0,25/70,25.03%,RNF112;CNOT4;BRCA2;RAG1;STUB1;UBE3D;RNF141;MARCHF7;WWP2;MARCHF5;RNF19B;RNF4;UBE3A;UHRF2;PRKN;TRIM13;UHRF1;KLHL24;TRIM52;OBI1;CUL3;BARD1;TRIM17;RNFT1;LRSAM1
ARHGEF10,GO_Biological_Process_2023,prerank,Protein Localization To Plasma Membrane (GO:0072659),-0.3203523412693614,-0.8761626508411503,0.7302725968436155,1.0,1.0,50/132,22.01%,RAMP1;TSPAN14;KCNIP4;ANK3;KCNB1;PALS1;RAPGEF2;PRPH2;SCN3B;KCNB2;PRAM1;ZDHHC22;EHD1;PPIL2;TESC;TMEM150A;PIGW;CRB3;CD81;CACNB2;LRP6;GORASP2;EMP2;ACTN2;EHD3;PKP3;HYCC2;RAB10;RAMP3;WDR72;FGF13;CDH1;SPTBN4;EPB41L3;PIP5K1A;TNIK;WNK3;LRPAP1;SEC16A;ZDHHC2;ATP1B3;TTC7B;RAB34;RAB3C;RAB3D;FLOT2;FLOT1;ZDHHC3;PLEKHF1;GAS6
ARHGEF10,GO_Biological_Process_2023,prerank,Macromolecule Modification (GO:0043412),0.3087650409329704,0.876140990875328,0.8027027027027027,1.0,1.0,30/80,19.90%,PARP1;UBA7;TGM1;SERP1;ARAF;UBE2D3;ST8SIA2;LOX;UBE2I;RNF2;MANBA;PRKDC;PLOD2;UBE2L3;MMP15;RABGGTA;GNMT;NEDD8;FBXO2;STK38;FBXL2;QPCT;UBE2M;ST3GAL6;PIGH;ST3GAL4;MCRS1;CSNK1G3;ADPRH;DUSP12
ARHGEF10,GO_Biological_Process_2023,prerank,Myeloid Cell Differentiation (GO:0030099),-0.3519207447329828,-0.8760586299376338,0.6936790923824959,1.0,1.0,23/57,25.99%,CDKN2B;INHBA;TET2;ZBTB16;INHA;IFI16;KAT8;CFLAR;CEBPB;CEBPA;UFL1;IL11;KIT;RUNX1;FLVCR1;KAT6A;RACGAP1;KMT2E;CASP3;PRKX;NCOA6;LYN;MYB
ARHGEF10,GO_Biological_Process_2023,prerank,Purine Ribonucleotide Transport (GO:0015868),-0.42784211745638634,-0.876042503716392,0.6348122866894198,1.0,1.0,6/19,20.29%,SLC17A9;SLC35B2;ABCC5;SLC35B3;SLC25A17;SLC25A4
ARHGEF10,GO_Biological_Process_2023,prerank,DNA Repair-Dependent Chromatin Remodeling (GO:0140861),0.4270544512140083,0.8758126771373652,0.6387434554973822,1.0,1.0,5/16,16.54%,UBR5;KAT5;BABAM1;DTX3L;PHF1
ARHGEF10,GO_Biological_Process_2023,prerank,Central Nervous System Neuron Development (GO:0021954),-0.43890589532599,-0.8758023417457332,0.6437389770723104,1.0,1.0,7/17,14.17%,NOVA2;MAPT;PTEN;PALS1;RAPGEF2;NTRK2;GBA2
ARHGEF10,GO_Biological_Process_2023,prerank,Positive Regulation Of Cell Projection Organization (GO:0031346),-0.31506928720941546,-0.875776038251261,0.7522796352583586,1.0,1.0,45/118,22.61%,SCARF1;EP300;RAPGEF2;MAGI2;FZD1;NTRK1;SLITRK1;OBSL1;NTRK2;DDR2;CAMK2B;CX3CL1;PLXND1;TWF1;BDNF;RET;CUL7;RIT2;DLG4;ZNF804A;TOX;APOE;CDKL5;TNN;AMIGO1;PLXNB1;CAPRIN2;CARMIL2;PLPPR5;CDKL3;CAMK1;RETREG3;TENM3;PROM2;P3H1;CHODL;WNT5A;SCARB2;NTRK3;CARMIL1;PLXNB2;TIAM1;PTN;STYXL1;STMN2
ARHGEF10,GO_Biological_Process_2023,prerank,Mitochondrial Translation (GO:0032543),0.30552897441201543,0.8756529979097589,0.782608695652174,1.0,1.0,46/98,23.24%,MRPL38;MRPS33;DROSHA;MRPL45;MRPL2;MRPS24;MRPL43;MRPL55;MRPL50;MRPL9;GFM2;MRPS10;MRPS16;MRPS11;MRPS12;MRPL52;MTRF1;EARS2;MRPS28;MRPL13;MRPL28;MRPL34;MRPL37;MRPS7;MRPL41;MRPS18B;MRPL17;MRPS26;PTCD3;MRPS18A;MRPL27;NDUFA7;MRPS17;QRSL1;GATC;MRPS21;MRPL12;GATB;MRPS31;MRPL36;MRPS2;MRPL33;MRPL18;MRPL1;MRPL44;MTIF2
ARHGEF10,GO_Biological_Process_2023,prerank,Regulation Of Transforming Growth Factor Beta Production (GO:0071634),-0.4511874975517468,-0.875642235019504,0.6432432432432432,1.0,1.0,6/16,16.53%,XCL1;ITGAV;LGALS9;LTBP1;TGFB2;SERPINF2
ARHGEF10,GO_Biological_Process_2023,prerank,Proteolysis (GO:0006508),-0.2907810100476041,-0.8754116950898527,0.8488372093023255,1.0,1.0,70/324,17.07%,ADAM28;CTRC;CAPN9;CTSS;PRSS50;ADAMTS5;ENDOU;TMPRSS6;PRSS21;ATG4C;ST14;ADAMTS19;CLPP;TMPRSS5;CNTN1;PCSK4;PCSK2;SRGN;OGT;ADAMTS7;ADAM22;CASP8;ERAP2;NLRP1;ADAM23;SDE2;CPXM1;ECEL1;NAPSA;MME;CPA2;NAALAD2;PCSK5;ADAMTS14;ADAM29;CPB2;DPP3;KLK4;PEPD;TLL2;TMPRSS11D;CAPN5;XPNPEP3;ADAMTS3;RET;ADAM11;UBE3A;CUL7;ZMPSTE24;ADAM8;CAPN6;TASP1;RNPEP;FURIN;AFG3L2;CEL;KLK14;CAPN11;ATG4A;AZU1;CTSK;KEL;PROC;CAPNS1;BMP1;CTSL;ADAMTS12;UFSP2;PLAU;CPE
ARHGEF10,GO_Biological_Process_2023,prerank,Cellular Defense Response (GO:0006968),-0.3597818087269492,-0.8753937766919535,0.6815286624203821,1.0,1.0,6/47,11.03%,GNLY;HLA-G;LY96;FCMR;KLRG1;FOSL1
ARHGEF10,GO_Biological_Process_2023,prerank,Positive Regulation Of Stress-Activated MAPK Cascade (GO:0032874),0.30494185490849324,0.8753705589135787,0.780952380952381,1.0,1.0,34/105,18.67%,WNT16;MID1;TNFRSF19;MAP3K4;DAB2IP;PRMT1;RIPK1;TAOK1;MFHAS1;RELL1;HIPK2;PYCARD;LEP;HMGB1;NOD2;PLCB1;EDA2R;MINK1;MAP3K10;EIF2AK2;MBIP;MAP4K2;TRAF1;GADD45G;ZNF622;ARL6IP5;SDCBP;TRAF6;TAOK2;MAPKBP1;FGF19;SORD;BMP4;ANKRD6
ARHGEF10,GO_Biological_Process_2023,prerank,Regulation Of Transcription Initiation By RNA Polymerase II (GO:0060260),0.3287156155148914,0.8748584913095302,0.7106598984771574,1.0,1.0,18/57,17.92%,HNF1B;PCID2;TAF12;TAF2;TAF8;MED16;MED8;MED7;MED9;TAF3;PWWP2A;MED15;MED28;MED22;DHX36;MED19;TAF5;GTF2A1
ARHGEF10,GO_Biological_Process_2023,prerank,Inorganic Cation Import Across Plasma Membrane (GO:0098659),0.2983332139900038,0.8748299833577663,0.8368580060422961,1.0,1.0,12/103,5.98%,KCNJ16;CACNA1S;SLC12A5;KCNJ10;ABCC9;TRPM1;NALF1;HCN2;CACNA1G;KCNJ12;ATP2B4;SLC12A4
ARHGEF10,GO_Biological_Process_2023,prerank,Positive Regulation Of Vascular Associated Smooth Muscle Cell Proliferation (GO:1904707),-0.42672308500279577,-0.8747591955286635,0.645,1.0,1.0,11/20,25.49%,HTR1B;FGF9;P2RY6;IGF1;FOXJ2;GJA1;FGF2;DNMT1;ERN1;PDGFB;IGFBP5
ARHGEF10,GO_Biological_Process_2023,prerank,Protein Localization To Membrane (GO:0072657),-0.3068661896922627,-0.874755537746807,0.7642163661581137,1.0,1.0,66/188,22.23%,CYP46A1;ITGAL;HPS6;ITGB2;ANO1;RAMP1;TSPAN14;KCNIP4;ANK3;KCNB1;PALS1;RAB32;RAPGEF2;PRPH2;SCN3B;KCNB2;PRAM1;MAGI2;ZDHHC22;EHD1;PPIL2;RAB6B;TESC;TMEM150A;PIGW;CRB3;CD81;CACNB2;LRP6;EMP2;ACTN2;EHD3;PKP3;HYCC2;RAB10;RAMP3;WDR72;FGF13;RAB38;CDH1;SPTBN4;CPE;EPB41L3;PIP5K1A;TNIK;WNK3;LRPAP1;SEC16A;SH3GLB1;ZDHHC2;ATP1B3;RAB6A;TTC7B;RAB34;LIN7C;RAB3C;RAB3D;FLOT2;FLOT1;PTN;ZDHHC3;PLEKHF1;WDR19;GAS6;NUP155;PDZD11
ARHGEF10,GO_Biological_Process_2023,prerank,DNA Metabolic Process (GO:0006259),0.2686216908826215,0.874648234996848,0.9828326180257511,1.0,1.0,87/288,19.41%,PARP1;FANCG;TOP3A;DOT1L;CHD1L;MUS81;INO80B;RAD51D;PURA;EID3;NEIL1;SMARCB1;MNAT1;RAD51;USP45;RFC5;DNASE1L1;TFPT;SLX4;ZNF365;REXO4;POLD2;ORC4;RAD9A;LTO1;YY1;ISG20;TSN;ACTR8;UBE2B;RAD51B;CTC1;TDP1;RAD50;TERF2;MUTYH;MEN1;BLM;ERCC1;HMGB1;INSL6;RRM2B;PARK7;RAD52;GEN1;MCM3;POLH;ZNF827;MCM7;CBS;GLRX2;POLB;LIG1;RFC2;ORC6;NSMCE3;UCHL5;PRKDC;DNASE2;NEIL3;RRM1;NFRKB;RMI1;WRN;RPS3;TERT;SMARCAD1;EXO1;UBE2V2;UBE2N;INO80;KIN;CENPS;HUS1;POLE;UBE2A;MCM4;AXIN2;MCRS1;FAM111A;XRCC3;DDB2;ORC2;MCM2;POLI;ZRANB3;RFC4
ARHGEF10,GO_Biological_Process_2023,prerank,Gland Development (GO:0048732),-0.3366381655376451,-0.8745682305683228,0.7511111111111111,1.0,1.0,19/73,26.06%,HESX1;WNT4;TBX3;XBP1;UGT1A8;SIX1;CEBPA;PCSK9;TGFB3;NOTCH4;SOD1;LSR;SOX2;SOX3;IGSF3;MET;ZBTB1;MSN;TDGF1
ARHGEF10,GO_Biological_Process_2023,prerank,Transepithelial Transport (GO:0070633),0.4072580250371205,0.8741484277358696,0.6534653465346535,1.0,1.0,6/17,14.75%,RHBG;ABCG2;SLC1A2;CLCN7;SLC12A2;BEST1
ARHGEF10,GO_Biological_Process_2023,prerank,Intracellular Protein Transmembrane Transport (GO:0065002),0.34208006044358547,0.8740746194221346,0.731457800511509,1.0,1.0,18/46,18.56%,TOMM20L;TOMM40L;TRIM37;C2CD5;SEC61G;SEC61A2;DNAJC15;PEX7;PEX1;PEX16;TIMM21;PAM16;PEX5;ZFAND2B;HSPD1;TOMM40;DNLZ;PEX14
ARHGEF10,GO_Biological_Process_2023,prerank,Regulation Of Protein-Containing Complex Assembly (GO:0043254),-0.32234747184767687,-0.8736690824079372,0.7561349693251533,1.0,1.0,37/119,23.05%,HCK;TMC8;AJUBA;RB1;TPPP;GBA1;EP300;BAK1;SYK;GFAP;BBS10;CHAF1B;OPRD1;HSPA8;SRC;GSK3B;SLF2;SEPTIN8;APOE;MAPK15;BCL2L11;IAPP;VPS18;PINK1;NAPA;ANKRA2;PREB;SH3GLB1;TFIP11;SPIDR;SORL1;SAR1B;MTLN;CDC42;GSN;SUMO1;HSPA5
ARHGEF10,GO_Biological_Process_2023,prerank,Regulation Of T Cell Migration (GO:2000404),-0.4164905684582356,-0.8736421773144981,0.6451612903225806,1.0,1.0,9/23,27.95%,LRCH1;CXCL12;SPNS2;CD200R1;AIF1;CD200;RHOA;APP;TMEM102
ARHGEF10,GO_Biological_Process_2023,prerank,Regulation Of Anatomical Structure Morphogenesis (GO:0022603),-0.315547783532492,-0.8731163428192736,0.7707100591715976,1.0,1.0,43/127,24.68%,CXCL13;NOL3;CEACAM1;MAPT;LZTS3;CLDN3;ABI3;HECW1;TSPAN12;SH3D19;EPHA4;CAPZB;PDCD10;LRRK2;PHLDB2;MARCHF5;PLXND1;SP100;CDK5;EMP2;RNH1;GSK3B;NEDD4;DLL1;EGLN1;TNIK;BRSK2;VASH1;CLASP1;FLT4;EFNA5;NEDD4L;MEF2C;FGF2;KIF13B;CFL1;RC3H1;ZMYM4;CHRNB2;ZNF135;ADGRB3;CYRIB;GPNMB
ARHGEF10,GO_Biological_Process_2023,prerank,Positive Regulation Of T Cell Migration (GO:2000406),-0.4093142062123225,-0.8730622128182128,0.6814449917898193,1.0,1.0,7/25,20.87%,CXCL13;XCL1;CXCL12;WNK1;OXSR1;WNT5A;AIF1
ARHGEF10,GO_Biological_Process_2023,prerank,Negative Regulation Of Viral Life Cycle (GO:1903901),-0.42733084461954884,-0.8728862895210303,0.6512820512820513,1.0,1.0,6/20,24.49%,TRIM15;GSN;TRIM5;BST2;IFITM3;IFITM2
ARHGEF10,GO_Biological_Process_2023,prerank,Positive Regulation Of Triglyceride Metabolic Process (GO:0090208),0.4144369632154786,0.8728851863464564,0.6773399014778325,1.0,1.0,7/18,21.39%,CTDNEP1;KAT5;SCARB1;PLIN5;SLC27A1;DAGLB;SREBF1
ARHGEF10,GO_Biological_Process_2023,prerank,Cellular Response To Estradiol Stimulus (GO:0071392),0.40623439167538916,0.8721495490536026,0.6584766584766585,1.0,1.0,4/20,9.72%,CRHBP;LCOR;GPER1;KAT5
ARHGEF10,GO_Biological_Process_2023,prerank,Regulation Of Cell Division (GO:0051302),-0.3283120401491933,-0.8721252140245912,0.7332317073170732,1.0,1.0,28/83,22.25%,ESRRB;SFN;PDXP;CALM2;PRPF40A;KDF1;SGF29;MLLT3;TLE6;HTR2B;CIB1;KLHL9;KIF18B;DLL1;CETN2;CALM1;AURKA;UVRAG;KAT2B;BCL2L1;SH3GLB1;KLHL13;ZZZ3;SFRP2;KLHL21;EFHC1;KIF13A;DR1
ARHGEF10,GO_Biological_Process_2023,prerank,Positive Regulation Of Cardiac Muscle Tissue Growth (GO:0055023),0.428817266442157,0.8719412603123363,0.6311881188118812,1.0,1.0,2/16,1.94%,EDN1;TBX20
ARHGEF10,GO_Biological_Process_2023,prerank,Glycolytic Process (GO:0006096),0.3739396422045421,0.8718104397838198,0.6943127962085308,1.0,1.0,13/29,18.52%,HK1;LDHA;PKLR;PGM1;ALDOC;ENO4;GAPDHS;ENO2;GCK;TPI1;HK2;UCP2;GAPDH
ARHGEF10,GO_Biological_Process_2023,prerank,Protein Insertion Into Membrane (GO:0051205),-0.4321825020980903,-0.8717788412422197,0.6526315789473685,1.0,1.0,7/19,18.69%,GRIN3B;GET4;RTP1;SEC61A1;TRAM1L1;EGFR;MAIP1
ARHGEF10,GO_Biological_Process_2023,prerank,T Cell Migration (GO:0072678),0.42115388983793695,0.8716971255197761,0.6198547215496368,1.0,1.0,3/16,11.45%,S1PR1;PIK3CD;SLC12A2
ARHGEF10,GO_Biological_Process_2023,prerank,Endocardial Cushion Morphogenesis (GO:0003203),0.39033850721097046,0.8715229686642727,0.6318407960199005,1.0,1.0,8/21,18.57%,NOS3;TBX20;HEYL;MDM4;BMPR1A;SOX9;SMAD2;BMP4
ARHGEF10,GO_Biological_Process_2023,prerank,Regulation Of Pathway-Restricted SMAD Protein Phosphorylation (GO:0060393),-0.3457965413887812,-0.8712240542799841,0.7076205287713841,1.0,1.0,18/60,20.23%,GDF7;INHBA;GDF6;DAB2;INHBC;BMPR2;INHA;ACVR2A;GDF11;HFE;TGFB2;EMILIN1;TGFB3;ENG;CSNK2B;SMAD6;LEFTY2;SNX25
ARHGEF10,GO_Biological_Process_2023,prerank,Ubiquitin-Dependent Protein Catabolic Process (GO:0006511),-0.2864618831749665,-0.8707607497195997,0.889168765743073,1.0,1.0,121/362,23.76%,ARIH1;SIAH3;CNOT4;TGFB1I1;RNF144B;CSNK1A1;UBE2E1;TRIM72;CHMP5;PEX12;PSMD7;RNF128;PSMD6;DDIT3;SPSB2;GET4;XBP1;UBL7;PSMA4;RNF43;ASB2;RNF26;SH3BGRL;STUB1;ANAPC11;SKP1;AMBRA1;RBBP6;UBE3D;FBXO8;SIAH2;PJA2;RLIM;FBXL19;HERC4;NHLRC3;ARRB1;KCTD2;WWP2;ZFAND2A;PSMA5;PSMA1;VPS4A;RNF19B;KLHL15;RNF4;SPSB4;TRIM3;PSMC3;SQSTM1;SIRT1;GSK3B;PSMA3;BTRC;UBAP1L;FBXL14;CHMP4C;VPS37A;KLHL42;NEDD4;RNF14;UBE2D4;NSFL1C;RNF149;MVB12A;UBAP1;RC3H2;PSMB6;TOPORS;ZNRF1;PML;PSMD3;PINK1;FEM1A;SYVN1;KLHL3;AREL1;USP28;ANKRD9;MARCHF6;BAG6;UBR3;CDC34;OS9;DDB1;PRKN;RNF114;TRIM13;PSMB7;FBXW7;RNF150;MIB1;RNF130;UHRF1;UBE2D1;NEDD4L;WDR91;FBXO45;TNFAIP1;VPS37B;VPS37C;CUL4A;FEM1B;RC3H1;TOM1L1;UBE2C;SMURF2;HERPUD1;RNF168;CUL1;MYLIP;UBA1;CUL3;MKRN2;RNF166;FBXL22;NAE1;KCTD5;NUB1;DCAF11;RBCK1
ARHGEF10,GO_Biological_Process_2023,prerank,Histone Lysine Methylation (GO:0034968),0.3655615425845546,0.8706907820935277,0.6775,1.0,1.0,12/32,16.04%,DPY30;DOT1L;KMT2C;EHMT2;MEN1;SETDB1;MLLT10;PAGR1;BOD1;KMT2A;SUV39H1;WDR82
ARHGEF10,GO_Biological_Process_2023,prerank,Protein Peptidyl-Prolyl Isomerization (GO:0000413),0.40670442084169167,0.8705675566950777,0.6302083333333334,1.0,1.0,8/19,21.86%,PPWD1;PPIB;FKBP1B;PPIG;PIN1;PPIF;PPIA;PPIH
ARHGEF10,GO_Biological_Process_2023,prerank,Embryonic Heart Tube Morphogenesis (GO:0003143),-0.36655884827394414,-0.8703059354305138,0.6853035143769968,1.0,1.0,18/42,25.31%,HAND1;CCDC103;STIL;DNAAF1;NOTCH1;ENG;DLL1;AHI1;ZIC3;MEF2C;TGFBR2;CCDC40;SETDB2;BBS7;RYR2;CCDC39;SRF;VANGL2
ARHGEF10,GO_Biological_Process_2023,prerank,Negative Regulation Of DNA Recombination (GO:0045910),0.34948017037636225,0.8701210729202837,0.7103274559193955,1.0,1.0,11/40,11.15%,MAD2L2;H1-4;KMT5A;H1-5;KAT5;H1-3;SHLD2;H1-1;BLM;H1-10;INSL6
ARHGEF10,GO_Biological_Process_2023,prerank,Ventricular Cardiac Muscle Tissue Development (GO:0003229),-0.4116433889242139,-0.8700737378207821,0.6493506493506493,1.0,1.0,3/25,3.52%,HAND1;TNNT2;IRX3
ARHGEF10,GO_Biological_Process_2023,prerank,Regulation Of B Cell Proliferation (GO:0030888),-0.3644968724611849,-0.8700249107202338,0.6821086261980831,1.0,1.0,13/44,22.97%,ATM;CD74;CD81;CD300A;AMH;TNFRSF13C;CD38;IL7;EPHB2;GPR183;MEF2C;RC3H1;CHRNB2
ARHGEF10,GO_Biological_Process_2023,prerank,Positive Regulation Of Chemokine Production (GO:0032722),-0.35425638580634733,-0.8698876316856824,0.7091194968553459,1.0,1.0,12/53,20.87%,OAS3;TLR3;LGALS9;SYK;LCP1;CD74;TNFSF4;AZU1;IL7;MAVS;WNT5A;AIF1
ARHGEF10,GO_Biological_Process_2023,prerank,Regulation Of Interleukin-1 Production (GO:0032652),-0.4389034379910549,-0.8697725545223752,0.6476345840130505,1.0,1.0,1/16,1.91%,CEACAM1
ARHGEF10,GO_Biological_Process_2023,prerank,Protein Lipidation (GO:0006497),-0.3440549267502059,-0.8696471998296629,0.7136075949367089,1.0,1.0,27/61,25.25%,PIGC;PIGQ;PIGA;PIGB;MPPE1;ZDHHC22;PIGZ;PIGW;ZDHHC8;PIGG;DPM1;ZDHHC12;PIGO;ZDHHC14;PIGP;ZDHHC9;PGAP3;ZDHHC2;SLC30A5;ZDHHC20;ZDHHC3;WDR45B;DPM3;ZDHHC13;PIGN;PGAP2;ZDHHC17
ARHGEF10,GO_Biological_Process_2023,prerank,Embryonic Axis Specification (GO:0000578),0.4207231687145562,0.8693493896469809,0.6363636363636364,1.0,1.0,8/16,21.26%,RIPPLY2;MESP1;MESP2;TASOR;SMAD2;FZD5;PTCH1;CXXC4
ARHGEF10,GO_Biological_Process_2023,prerank,Vesicle-Mediated Transport To The Plasma Membrane (GO:0098876),-0.3322232656622529,-0.8692163193522545,0.7262658227848101,1.0,1.0,30/81,24.25%,MICALL2;WIPF3;EPS15;CCDC22;DENND1C;WASH6P;VAMP4;EXOC8;DENND1B;EHD1;SNX4;SNX7;EHD3;WASH2P;C2CD6;RAB10;EXOC6;WASHC2C;STX16;ARFGEF2;SEC16A;EXOC7;LMTK2;GGA3;RAB17;SNF8;EXOC6B;SNX27;STX6;VPS26A
ARHGEF10,GO_Biological_Process_2023,prerank,Negative Regulation Of Multicellular Organismal Process (GO:0051241),-0.29576116154090915,-0.8689643478022825,0.8310249307479224,1.0,1.0,57/228,18.63%,ADAMTS5;NR1H4;CORO1C;NOVA2;ARHGDIB;VASN;RB1;PCTP;SRGN;OGT;DDIT3;BRCA2;LOXL2;PTEN;SAP30;SPRY2;BMPR2;GATA3;BTN2A2;STK11;ELAPOR2;RPS6KA4;TIMP1;CALR;PLCL1;NOTCH1;OVOL2;EPHA4;LAMA4;WNT9B;RBBP7;MYOCD;PHF14;NFIB;EVL;PTGER4;N4BP1;TRPV3;IL15;ADM;GSK3B;EMILIN1;PGAM5;CLEC4A;ALDH1A1;PROC;APOM;GRHL2;LRP4;EGFR;GJA1;RBPJ;CYP51A1;ARRDC3;HMGCR;SYT11;SMAD6
ARHGEF10,GO_Biological_Process_2023,prerank,Action Potential (GO:0001508),-0.3846939191325559,-0.8686227879950988,0.7032258064516129,1.0,1.0,12/34,21.22%,GNAQ;ANK3;KCNB1;SCN3B;KCNE4;GNA11;KCNQ1;CHRNA4;KCNMB2;KCND2;SCN5A;KCNMB4
ARHGEF10,GO_Biological_Process_2023,prerank,Golgi To Plasma Membrane Protein Transport (GO:0043001),-0.3973052358300323,-0.8682214932974971,0.6882882882882883,1.0,1.0,14/28,23.63%,ANK3;OPTN;NSF;VAMP2;RAB10;RAB26;KRT18;RAB34;GGA3;KIF13A;PHAF1;RAB31;MACF1;BLZF1
ARHGEF10,GO_Biological_Process_2023,prerank,Positive Regulation Of Catabolic Process (GO:0009896),-0.3293664941631891,-0.8680839472247794,0.7185185185185186,1.0,1.0,29/79,26.00%,ASB5;CCDC22;VSIR;OAZ3;TIPARP;PTEN;NSF;ANGPTL3;RAB7A;GSK3B;NEDD4;CDKN1B;CSNK2A1;WNT5A;EGLN2;DDB1;PRKN;OAZ2;FBXW7;SORL1;CUL4A;SNF8;CAV3;BARD1;RNF139;PTK2;MSN;TNFSF12;L3MBTL3
ARHGEF10,GO_Biological_Process_2023,prerank,Cellular Response To Type II Interferon (GO:0071346),-0.3437650992841138,-0.8680745322376413,0.7190839694656489,1.0,1.0,14/64,18.84%,HCK;CCL25;XCL1;LGALS9;CCL2;IRF8;CX3CL1;HLA-DPA1;SP100;AQP4;STAT1;SLC26A6;CALM1;WNT5A
ARHGEF10,GO_Biological_Process_2023,prerank,Coenzyme A Metabolic Process (GO:0015936),-0.4495312636501042,-0.867905492854724,0.6571428571428571,1.0,1.0,8/15,27.69%,PANK4;CROT;PPCDC;NUDT8;NUDT19;DCAKD;ACLY;SLC25A16
ARHGEF10,GO_Biological_Process_2023,prerank,Positive Regulation Of DNA Binding (GO:0043388),-0.38117848364276524,-0.8678007455339265,0.6810631229235881,1.0,1.0,10/33,19.72%,EGF;RB1;POU4F1;GATA3;IGF1;HMGB2;SUMO4;PINX1;NGF;PRKN
ARHGEF10,GO_Biological_Process_2023,prerank,Base Conversion Or Substitution Editing (GO:0016553),0.41249883124598286,0.8671872580234758,0.6354430379746835,1.0,1.0,7/17,22.99%,APOBEC3B;APOBEC2;APOBEC3D;METTL3;APOBEC3F;ADARB1;APOBEC3C
ARHGEF10,GO_Biological_Process_2023,prerank,Mesoderm Formation (GO:0001707),0.4038195503930141,0.867123030489927,0.645,1.0,1.0,9/19,20.11%,TBX20;MESP1;ITGB1;KDM6B;ITGA3;MESP2;SMAD2;SNAI1;CRB2
ARHGEF10,GO_Biological_Process_2023,prerank,Cellular Response To Organic Substance (GO:0071310),-0.3279491668916811,-0.8669386673014109,0.7410179640718563,1.0,1.0,18/80,17.18%,NR1H4;KHSRP;RAMP1;LEF1;GNRHR;TIPARP;POU4F1;FLT3;SYK;MME;NPFFR1;CCL2;GPR22;HCRTR1;RAMP3;SOCS2;NPFFR2;CACNA1H
ARHGEF10,GO_Biological_Process_2023,prerank,Positive Regulation Of Neurogenesis (GO:0050769),-0.32725890704548205,-0.8667710220803582,0.7254290171606864,1.0,1.0,30/75,22.98%,OPRM1;MME;NCAN;SLITRK1;OBSL1;NTRK2;SOX11;CX3CL1;PLXND1;CUL7;KDM1A;CDKL5;SMARCD3;AMIGO1;PLXNB1;CAPRIN2;NEURL1;CDKL3;LIG4;BCAN;CHODL;LRP2;NUMB;PLXNB2;TIAM1;HAPLN3;RGS14;SOX8;ZNF335;NAP1L1
ARHGEF10,GO_Biological_Process_2023,prerank,Negative Regulation Of Sequestering Of Calcium Ion (GO:0051283),-0.37401239425380706,-0.866732262995832,0.6835443037974683,1.0,1.0,11/36,22.10%,GP1BA;GP1BB;XCL1;IBTK;HTR2B;LCK;PLCE1;ERO1A;PLCG2;FGF2;ITPR1
ARHGEF10,GO_Biological_Process_2023,prerank,Negative Regulation Of Cell Motility (GO:2000146),-0.31311388867937096,-0.8666711569695243,0.7964860907759883,1.0,1.0,29/132,15.72%,ARPIN;OGT;CHRD;PTEN;SAP30;WAS;GATA3;ARHGAP4;DYNLL1;CLDN3;RECK;MAGI2;SCAI;CD74;EPHA4;RBBP7;CLDN5;CX3CL1;TCAF1;PTPRT;NF2;AMH;TMEFF2;SPOCK3;EMILIN1;FRMD5;MAPK15;CDH1;ENG
ARHGEF10,GO_Biological_Process_2023,prerank,Mitotic Chromosome Condensation (GO:0007076),0.4276540788494909,0.8665588977906981,0.655860349127182,1.0,1.0,7/15,17.27%,KMT5A;SMC2;NCAPD2;TTN;SMC4;NCAPD3;CHMP1A
ARHGEF10,GO_Biological_Process_2023,prerank,Positive Regulation Of Telomerase Activity (GO:0051973),0.356760904874284,0.866523421682061,0.6791979949874687,1.0,1.0,12/33,20.75%,KLF4;PARM1;MAP3K4;CTNNB1;TNIP1;HSP90AB1;AURKB;NVL;MAPK1;TNKS;NEK2;MAP2K7
ARHGEF10,GO_Biological_Process_2023,prerank,Regulation Of Angiogenesis (GO:0045765),0.2755142526271067,0.8664943156807854,0.9386973180076629,1.0,1.0,59/205,17.86%,GATA2;NOS3;CCR3;PIK3R6;STAB1;CD40;KLF4;PF4;ATP2B4;ITGB1;RGCC;CTNNB1;RAMP2;HIF1A;DAB2IP;RLN2;AGO2;NF1;EPHA1;PIK3CD;THBS1;ADGRA2;GHRL;HIPK2;NIBAN2;RHOB;LEP;NPR1;HYAL1;SMOC2;VEGFB;CTSH;SPARC;PLCG1;SERPINE1;EMC10;ANGPTL4;FOXO4;HMOX1;PPARG;SEMA3E;ATF2;GRN;CCM2;PAK4;NODAL;CYP1B1;GTF2I;ROCK1;HK2;GLUL;PGF;PTGIS;BMPER;HGS;PDE3B;APELA;JUP;SARS1
ARHGEF10,GO_Biological_Process_2023,prerank,Fatty Acid Oxidation (GO:0019395),0.3315325414751537,0.8663882095338109,0.7376623376623377,1.0,1.0,23/52,22.73%,ACADS;ACAA1;ALOX12;ILVBL;ECI2;MCAT;SCP2;ACAT2;ACSM1;BDH2;HSD17B10;ADH4;ECHS1;ACAD10;ADIPOR1;DECR1;HADHB;ABCD4;HSD17B4;EHHADH;ECHDC1;ACAD11;AUH
ARHGEF10,GO_Biological_Process_2023,prerank,Central Nervous System Neuron Differentiation (GO:0021953),-0.3880442155602595,-0.8661084958674358,0.6856677524429967,1.0,1.0,11/30,17.22%,NOVA2;MAPT;CEND1;PALS1;MDGA1;NR4A2;NTRK2;GBA2;LHX1;TOX;OPHN1
ARHGEF10,GO_Biological_Process_2023,prerank,Negative Regulation Of Catalytic Activity (GO:0043086),-0.3955029006331654,-0.8660836095026723,0.6950596252129472,1.0,1.0,8/26,16.11%,NOS1;PLN;TIMP1;NOTCH1;OXA1L;SERPINA5;SIRT1;PPP1R12A
ARHGEF10,GO_Biological_Process_2023,prerank,Regulation Of Cartilage Development (GO:0061035),-0.4286322076952115,-0.8660121001352349,0.6683333333333333,1.0,1.0,3/17,6.86%,MBOAT2;BMPR2;ZBTB16
ARHGEF10,GO_Biological_Process_2023,prerank,Regulation Of RIG-I Signaling Pathway (GO:0039535),0.4159199154958234,0.8658893336402043,0.648910411622276,1.0,1.0,3/18,6.14%,OASL;BIRC3;DDX60
ARHGEF10,GO_Biological_Process_2023,prerank,RNA-mediated Gene Silencing (GO:0031047),-0.38912582695238135,-0.8658574739539703,0.675,1.0,1.0,10/28,18.36%,PIWIL3;TDRD1;TDRD12;PIWIL4;HEXIM1;TNRC6B;HELZ2;NRDE2;AGO1;FAM172A
ARHGEF10,GO_Biological_Process_2023,prerank,Sulfur Compound Biosynthetic Process (GO:0044272),-0.34189960006659625,-0.8658202995246856,0.7292993630573248,1.0,1.0,21/68,20.77%,B3GNT3;CTH;EXTL1;CHST2;B3GNT4;CHST5;CSGALNACT1;B3GAT3;CHPF2;CDO1;CHST3;DSE;CHST13;GGTA1;LIAS;CHSY3;METTL16;MAT1A;UST;GLCE;B4GAT1
ARHGEF10,GO_Biological_Process_2023,prerank,mRNA Transcription (GO:0009299),0.34424371956504773,0.865732127904277,0.7307692307692307,1.0,1.0,10/43,11.66%,CYP27B1;TAF12;TAF2;NCOA2;TAF8;TP53;RARA;TAF3;CREB1;RXRB
ARHGEF10,GO_Biological_Process_2023,prerank,Regulation Of Axon Extension (GO:0030516),-0.37393120558517995,-0.8656916460016201,0.6910299003322259,1.0,1.0,14/35,24.51%,MAPT;SEMA7A;SHTN1;ISLR2;GSK3B;RTN4;APOE;CDKL5;CDKL3;KIAA0319;OLFM1;MACF1;SEMA3G;NRCAM
ARHGEF10,GO_Biological_Process_2023,prerank,Positive Regulation Of Cartilage Development (GO:0061036),-0.43121203554259213,-0.8655907686252101,0.6764227642276422,1.0,1.0,4/17,6.86%,GDF6;LOXL2;BMPR2;ZBTB16
ARHGEF10,GO_Biological_Process_2023,prerank,Nuclear Export (GO:0051168),-0.3528827780248863,-0.8655256127692663,0.717741935483871,1.0,1.0,25/48,27.27%,POM121L2;HNRNPA1;STRADA;CALR;CCHCR1;RANBP3L;XPO7;PKD1;RITA1;POM121C;CDKN1B;NUP42;ANKLE1;CHP1;NUP214;WASHC4;LSG1;RANBP3;NUP155;NUP188;RANGAP1;NUP98;CSE1L;POM121;RAN
ARHGEF10,GO_Biological_Process_2023,prerank,Negative Regulation Of Microtubule Polymerization Or Depolymerization (GO:0031111),0.3590112606978759,0.8654800120092573,0.703125,1.0,1.0,10/31,13.39%,MID1IP1;TAOK1;APC2;FKBP4;TUBB4A;CLASP2;EML2;BMERB1;TTBK2;TBCD
ARHGEF10,GO_Biological_Process_2023,prerank,Positive Regulation Of Calcium Ion Transmembrane Transporter Activity (GO:1901021),-0.3952675493513365,-0.8653694422432253,0.6996753246753247,1.0,1.0,8/27,19.09%,TRDN;P2RY6;CALM2;PPP3CC;PPP3R1;PPP3CA;CALM1;HTT
ARHGEF10,GO_Biological_Process_2023,prerank,Regulation Of Osteoblast Differentiation (GO:0045667),-0.3274639395719257,-0.8650355769001297,0.7481031866464339,1.0,1.0,25/85,22.15%,CITED1;WNT4;CHRD;BMPR2;FGF23;NBR1;FBXO5;IGF1;NOTCH1;ACVR2A;DDR2;SOX11;RANBP3L;SNAI2;NOCT;TNFAIP6;PPP3CA;TNN;TWIST2;SMAD6;ZHX3;MEF2C;IL6ST;TENT5A;SKI
ARHGEF10,GO_Biological_Process_2023,prerank,Maturation Of 5.8S rRNA (GO:0000460),0.41971628742575157,0.864612922076554,0.6155660377358491,1.0,1.0,8/16,16.32%,LAS1L;EIF6;RRP15;MTREX;PRKDC;EXOSC4;URB1;MAK16
ARHGEF10,GO_Biological_Process_2023,prerank,Macroautophagy (GO:0016236),-0.31866182832218776,-0.8642286151891712,0.7570370370370371,1.0,1.0,30/103,22.15%,TOM1;LIX1L;CHMP5;GABARAPL2;NBR1;CALR;UBXN6;YOD1;HDAC10;STK3;CALCOCO2;VPS4A;STAM2;TECPR1;SQSTM1;SRC;PGAM5;CHMP4C;VPS37A;MTMR3;MVB12A;VPS25;UVRAG;KLHL3;MTMR14;PRKN;VPS37B;VPS37C;SNF8;VPS36
ARHGEF10,GO_Biological_Process_2023,prerank,Regulation Of Monoatomic Cation Transmembrane Transport (GO:1904062),0.3470433884537379,0.8641952374843269,0.7068062827225131,1.0,1.0,21/39,22.88%,KCNIP3;KCNAB3;HCN2;HCN3;RANGRF;KCNIP2;KCNE2;HCN1;FGF12;GRIN2C;DLG1;KCNN2;KCNAB1;KCNE5;DPP10;KCNH2;KCNAB2;PDZK1;GRIN2D;SLMAP;GRIN2A
ARHGEF10,GO_Biological_Process_2023,prerank,Heterochromatin Organization (GO:0070828),-0.3704844686328587,-0.8641423210184294,0.6920529801324503,1.0,1.0,15/38,24.95%,RB1;PRDM16;PPM1D;SMARCA5;LOXL2;SIRT1;LMNA;MTHFR;L3MBTL1;EZH1;UHRF1;EZH2;SETDB2;HP1BP3;BAZ2A
ARHGEF10,GO_Biological_Process_2023,prerank,Nervous System Development (GO:0007399),-0.2802108204027733,-0.8639842422956964,0.9520295202952029,1.0,1.0,128/431,22.84%,DOC2A;BTBD6;FLRT3;CYP46A1;NBL1;FZD9;PCDHB13;SCN2A;GFRA3;INHBA;PCDHB14;MNX1;CXCL1;KLK6;CNTFR;EP300;ZIC1;ADAM22;POU4F1;JRKL;ATOH1;PCDHB4;ST8SIA4;PTEN;ZEB2;ZBTB16;GPM6A;ADAM23;SERF1A;MDGA1;FABP7;ADGRB2;NHEJ1;SMPD1;NDUFS2;STIL;ZIC4;ALDH1A2;SLITRK1;MARCKS;PPP2R5D;SCN8A;NRTN;KAT8;ELP3;SOX11;SH3GL2;LRCH4;PCDHB10;PLXND1;SLC2A1;CDK5;EVL;SEMA6A;TRIM3;ALDH3A2;BDNF;GDF11;IGSF8;GBA2;NHLH1;GFRA1;PCSK9;FGF13;LHX1;PMP22;DLG4;MST1R;MSI1;CDH1;PTPRZ1;SOX10;SHC3;GRHL2;ERCC6;CLN5;PKD1;NEURL1;GSS;NOTO;MARK4;EGFR;EFNB3;TYRO3;RITA1;PPP1R17;OPHN1;PRPS1;SH3GL3;EPHB2;AHI1;ADGRG6;LIG4;CRMP1;FGF14;TRAK1;TRPC5;EFNA5;PCDHB2;NPAS2;PRKN;ERBB4;ZDHHC2;ZIC3;SDHA;RAPGEFL1;KIRREL3;SPINK5;OLFM1;MARCKSL1;MEF2C;FGF2;SDK2;ECT2;FN1;SOX3;ARHGAP26;PTN;JAG1;DYRK1A;ESS2;CHD7;GPM6B;GSN;SOX8;HDAC4;MYLIP;PCDHB9
ARHGEF10,GO_Biological_Process_2023,prerank,3'-UTR-mediated mRNA Destabilization (GO:0061158),-0.44060574888529336,-0.8638494142977311,0.6564019448946515,1.0,1.0,9/15,24.41%,KHSRP;ZC3H12D;ZC3H12A;TARDBP;UPF1;PLEKHN1;RC3H1;ZFP36;MOV10
ARHGEF10,GO_Biological_Process_2023,prerank,Regulation Of Cytosolic Calcium Ion Concentration (GO:0051480),-0.36498369510710754,-0.8637954756504362,0.6885245901639344,1.0,1.0,16/40,20.56%,TRPM2;WBP2NL;CDH23;FZD9;SLC8A2;CALCA;PLN;CALCB;F2;HCRTR1;TRPC1;WNT5A;HRC;TRPC5;TRPC4;ATP2B1
ARHGEF10,GO_Biological_Process_2023,prerank,Negative Regulation Of Epithelial To Mesenchymal Transition (GO:0010719),0.365010729287764,0.8635800577504626,0.6776649746192893,1.0,1.0,14/30,21.14%,BMP5;ZNF750;MAD2L2;DAB2IP;SPRED3;SPRED2;SMAD7;LDLRAD4;USF3;SPRY1;IL17RD;EFNA1;SPRED1;FUZ
ARHGEF10,GO_Biological_Process_2023,prerank,DNA Damage Response (GO:0006974),0.2589001951304305,0.8635757947766292,1.0,1.0,1.0,101/384,17.83%,BATF;PARP1;TNFRSF1B;IRF7;UBA7;MAD2L2;TNFSF13B;FANCG;DOT1L;CRIP1;CHD1L;MUS81;PIDD1;NKX3-1;APBB1;RAD51D;EID3;MNAT1;UBR5;RAD51;USP45;RFC5;TAOK1;BCL6;SLX4;REXO4;MACROD1;RAD9A;BCL2L10;PAXX;YY1;SIRT4;UBE2B;RAD51B;RPTOR;TTC5;IKBKE;TDP1;KAT5;TP53;UBE2E2;ETAA1;RAD50;RBX1;SHLD2;MUTYH;MEN1;MLST8;BLM;IKBKG;BCLAF1;ERCC1;INSL6;RBM24;MICA;RRM2B;PARK7;MAPKAPK2;POLH;MCM7;MCL1;BABAM1;POLB;FAAP20;ZNF385A;LIG1;ERCC8;RFC2;MRNIP;FOXP1;MTREX;NSMCE3;GRB2;PRKDC;BID;DTX3L;RRM1;BCL2;STXBP4;SMC6;ATF2;CBX1;SUV39H1;SLF1;CCNK;WRN;TAOK2;RPS3;PHF1;PLK3;METTL3;SPRTN;BABAM2;EXO1;INO80;WDR76;KIN;CENPS;HUS1;ASH2L;UBE2A
ARHGEF10,GO_Biological_Process_2023,prerank,Vacuolar Transport (GO:0007034),0.3434544680710738,0.8631771008106917,0.7296587926509186,1.0,1.0,19/46,20.07%,VPS37D;VTI1A;AP1G2;VPS52;ATP6V0D1;LYSET;VPS41;HGSNAT;CHMP1B;CHMP2B;GRN;CHMP2A;ARSB;HSPA1A;VTI1B;USE1;CHMP1A;VPS13C;VPS53
ARHGEF10,GO_Biological_Process_2023,prerank,Protein Localization To Cell Periphery (GO:1990778),-0.3137280446372643,-0.8631740938325916,0.7764876632801161,1.0,1.0,54/138,22.98%,RAMP1;TSPAN14;KCNIP4;ANK3;KCNB1;PALS1;RAPGEF2;PRPH2;SCN3B;KCNB2;PRAM1;ZDHHC22;EHD1;PPIL2;TESC;TMEM150A;PIGW;CRB3;CD81;CACNB2;LRP6;EMP2;ACTN2;EHD3;PKP3;HYCC2;RAB10;RAMP3;WDR72;FGF13;CDH1;SPTBN4;EPB41L3;PIP5K1A;TNIK;WNK3;LRPAP1;SEC16A;ZDHHC2;ATP1B3;TTC7B;RAB34;LIN7C;RAB3C;RAB3D;FLOT2;FLOT1;ZDHHC3;PLEKHF1;WDR19;GAS6;PDZD11;CAV3;ROCK2
ARHGEF10,GO_Biological_Process_2023,prerank,Response To Organic Cyclic Compound (GO:0014070),0.32007704327561437,0.8629267492225579,0.775623268698061,1.0,1.0,14/58,17.29%,CYP27B1;ALAS1;NKX3-1;ADORA1;ADORA2A;CTNNB1;SPP1;IL18;CREB1;TGFB1;CLU;ARL6IP5;CYP1B1;STAT3
ARHGEF10,GO_Biological_Process_2023,prerank,Regulation Of Nucleic Acid-Templated Transcription (GO:1903506),-0.2791117777067541,-0.8628852623501652,0.9301745635910225,1.0,1.0,163/450,26.22%,SOX7;IFNK;ZNF114;BRDT;ZNF723;ZNF117;NFILZ;PPARGC1A;ZNF648;AJUBA;RB1;ESRRB;CHD3;ACTR5;DDIT3;TULP3;SRSF10;BRCA2;ZNF675;SMARCA5;PCGF1;SAP30;KLRG1;CNBP;NR1I2;ZNF2;RPS6KA4;PAK6;ZNF460;ZNF284;PRRX2;CALR;ZNF398;ZNF331;MIER1;NOTCH1;CREM;RBBP7;LYL1;HDAC10;ING4;ZNF274;SGF29;PPP2R1A;CEBPB;ZNF703;KAT7;HMG20A;SNAI2;ZNF664;MYT1;AKAP17A;SMARCA1;ZNF628;ZNF92;SIX1;NFYB;CEBPA;ZNF492;ZKSCAN5;MLXIPL;SPIN1;BRD1;BNC2;CHEK2;ZNF516;ENG;MEAF6;ZNF714;RUVBL1;NFXL1;YAF2;RNF14;FZD7;ZFAT;TAF10;MED23;DENND4A;ASCC2;ZNF626;POU5F1B;APBB3;PLAG1;PML;SERTAD3;HINFP;YEATS4;MLX;KAT2B;INSR;MSL3;MTF2;SPIN2B;ZNF138;SPIN2A;HCFC2;ZBTB38;ZNF90;ZNF253;ZMIZ1;ATF5;MYBBP1A;KAT6A;RHOXF1;PPIE;SOX2;ZSCAN21;MEF2C;TRIM22;ING5;JMJD1C;ZZZ3;PATZ1;KAT6B;ZNF195;RHOH;THAP7;CHD7;SMARCA2;ERC1;RSF1;DR1;ACTR6;ZNF506;EZH2;ESRRA;ZNF141;ZNF66;SBNO1;ASCC1;ZNF718;ZNF732;ZNF682;E2F1;CDK11B;DMTF1;SSBP2;POLR2A;JADE2;TADA3;ZNF350;PPARGC1B;ZNF273;NFYC;HP1BP3;BAZ2A;GPBP1L1;ATF7IP2;PRKCQ;TAF9;NR2C2;ZNF280B;SFPQ;ZNF212;IGSF1;ING2;IRF2;ACVR1B;BACH1;MYB;VHL;NR3C1;SAP30L
ARHGEF10,GO_Biological_Process_2023,prerank,Carboxylic Acid Transmembrane Transport (GO:1905039),0.3494009492474628,0.8627891383745623,0.689156626506024,1.0,1.0,12/39,19.99%,SLC7A10;SLC46A1;SLC19A1;SLC6A8;SLC16A7;SLC16A3;SLC5A6;SLC25A11;SLC27A1;SLC25A10;SLC38A7;SLC16A1
ARHGEF10,GO_Biological_Process_2023,prerank,Positive Regulation Of Cation Channel Activity (GO:2001259),-0.36997973448178895,-0.8625487984142588,0.7011308562197092,1.0,1.0,16/38,25.05%,CTSS;ANK3;TRDN;P2RY6;CALM2;PPP3CC;EDNRA;PPP3R1;PPP3CA;PIRT;CALM1;HTT;GAL;LRRC55;ATPSCKMT;AKAP6
ARHGEF10,GO_Biological_Process_2023,prerank,Mismatch Repair (GO:0006298),-0.40462091596674815,-0.8625083046623785,0.6731391585760518,1.0,1.0,12/25,29.51%,MSH2;RPA3;MSH3;RNASEH2C;RNASEH2B;TDG;MLH1;RNASEH2A;MCM8;PMS1;RPA1;RPA2
ARHGEF10,GO_Biological_Process_2023,prerank,Negative Regulation Of Programmed Cell Death (GO:0043069),-0.28159459162878875,-0.8625036273647457,0.9260172626387176,1.0,1.0,127/379,26.54%,NOL3;PAX2;IFI6;NR1H4;HCK;PAX7;RNF144B;ARF4;LEF1;TBX3;DAB2;SPHK1;FCMR;POU4F1;FANK1;SPRY2;TAX1BP1;ANXA5;XBP1;AIFM2;STIL;NTRK1;AVP;IGF1;CD74;MYDGF;CARD14;TXNDC5;SIAH2;BNIP1;RASA1;PDCD10;CFLAR;CX3CL1;ATAD3A;LSM8;PEPD;IL2RB;HIGD1A;BCL2L2;BNIP3L;AMH;SRC;OPN3;HIGD2A;SIRT1;GSK3B;HTR2B;SNCA;XIAP;CIB1;CD38;AZU1;AMIGO2;SOCS2;APIP;PROC;IER3;EGFR;GLO1;IL7;SHC1;AHI1;MAP4K4;OXSR1;HSP90B1;WNK3;AREL1;CASP2;SMAD5;SMAD6;WNT5A;HSPA1B;FLT4;PRDX5;RPS3A;API5;BCL2L1;LRP2;ERBB4;KRT18;ATF5;FSTL1;CIAPIN1;TEK;TMEM14A;BNIP3;TENT5B;SLC7A11;NPM1;MGMT;NME2;IL6ST;CFL1;GAS6;RPS6KA1;SOX8;HIPK3;HSPA5;PSEN1;BARD1;RPS6KB1;MAPK8;TIGAR;MET;ANGPT4;PTK2;GSTP1;HYPK;NAA15;TCL1A;ASNS;MRE11;TAF9;SCX;BCL3;WDR73;MTDH;PAK2;KIF14;VHL;TDGF1;NAIP;FKBP8;SFRP1;KANK2;CDK1
ARHGEF10,GO_Biological_Process_2023,prerank,Regulation Of DNA Recombination (GO:0000018),0.34361342489482627,0.86221098890218,0.713091922005571,1.0,1.0,15/43,19.69%,H1-4;RAD51;ZNF365;H1-5;H1-3;RAD50;SHLD2;H1-1;BLM;H1-10;ZCWPW1;TEX15;SMARCAD1;ZRANB3;FIGNL1
ARHGEF10,GO_Biological_Process_2023,prerank,Regulation Of Microtubule-Based Process (GO:0032886),0.34641135366529224,0.8621294858409168,0.7162534435261708,1.0,1.0,18/41,19.59%,MID1;FAM107A;MAP10;DIAPH1;EPHA3;TRIM36;BICD1;TAOK1;CLASP2;MAP6;MAP6D1;HDAC6;FRMPD2;ROCK1;CAMSAP3;MARK2;MCM2;CDK2AP2
ARHGEF10,GO_Biological_Process_2023,prerank,"Synaptic Transmission, Glutamatergic (GO:0035249)",0.3669002247283882,0.8615280198256914,0.7030456852791879,1.0,1.0,8/27,13.66%,GRIN3A;UNC13C;GRID1;SLC17A7;GRIK1;GRIK4;GRIN2C;GRIK5
ARHGEF10,GO_Biological_Process_2023,prerank,Positive Regulation Of ATP-dependent Activity (GO:0032781),-0.3695763300025302,-0.8611000044120256,0.69826224328594,1.0,1.0,12/38,20.57%,TNNT2;MSH2;PLSCR1;GABARAPL2;TOR1AIP1;DNAJB11;POT1;DNAJB1;MSH3;ATP1B3;SSBP1;UHRF1
ARHGEF10,GO_Biological_Process_2023,prerank,Positive Regulation Of Peptidyl-Lysine Acetylation (GO:2000758),-0.43302134414299726,-0.8607102700234036,0.6782178217821783,1.0,1.0,9/17,28.63%,PPARGC1A;NOS1;SMARCA5;ERCC6;MYBBP1A;DEK;BAZ1B;PRKAA1;GLYR1
ARHGEF10,GO_Biological_Process_2023,prerank,Cytoskeleton-Dependent Intracellular Transport (GO:0030705),-0.41635474308677356,-0.8606983188281836,0.6748466257668712,1.0,1.0,9/21,21.60%,KIF1B;TUBB2A;CCDC88C;TUBA1C;HOOK3;CCDC88B;HOOK1;KIF13B;KIF13A
ARHGEF10,GO_Biological_Process_2023,prerank,DNA Repair (GO:0006281),0.26457201422070353,0.8606912948938934,0.9956896551724138,1.0,1.0,86/291,19.73%,PARP1;MC1R;MAD2L2;FANCG;ALKBH2;DOT1L;CHD1L;MUS81;SMUG1;MPND;RAD51D;EID3;NEIL1;MNAT1;MGME1;RAD51;USP45;RFC5;MTA1;TEX264;GTF2H2;SLX4;REXO4;EME2;H2AC25;RAD9A;ACTR8;UBE2B;RAD51B;TDP1;KAT5;TP53;RAD50;MUTYH;MEN1;PARP9;BLM;ERCC1;RRM2B;PARK7;SLC30A9;RAD52;POLH;BABAM1;GTF2H5;POLB;FAAP20;LIG1;ERCC8;RFC2;NSMCE3;CENPX;ERCC2;PRKDC;DTX3L;NEIL3;RRM1;PMS2;WRN;RPS3;FAAP24;MPG;SPRTN;BABAM2;EME1;EXO1;UBE2V2;UBE2N;INO80;NSD2;CENPS;HUS1;POLE;UBE2A;ABRAXAS1;FAM111A;XRCC3;DDB2;USP47;POLI;ZRANB3;UBE2V1;FANCF;RFC4;POLDIP2;FANCL
ARHGEF10,GO_Biological_Process_2023,prerank,Hepaticobiliary System Development (GO:0061008),-0.40595968432818574,-0.860445606556916,0.6677524429967426,1.0,1.0,5/23,14.71%,WNT4;XBP1;UGT1A8;CEBPA;PCSK9
ARHGEF10,GO_Biological_Process_2023,prerank,Positive Regulation Of Pattern Recognition Receptor Signaling Pathway (GO:0062208),0.34740748807345934,0.8604114253309679,0.7157622739018088,1.0,1.0,6/39,7.31%,OASL;TLR2;LTF;DDX60;ZDHHC5;MFHAS1
ARHGEF10,GO_Biological_Process_2023,prerank,Positive Regulation Of Blood Vessel Endothelial Cell Migration (GO:0043536),0.3373353840421649,0.8603816659695914,0.7164179104477612,1.0,1.0,10/45,12.47%,GATA2;NOS3;CD40;HIF1A;AKT3;THBS1;AKT1;HMGB1;TGFB1;PLCG1
ARHGEF10,GO_Biological_Process_2023,prerank,Negative Regulation Of Extrinsic Apoptotic Signaling Pathway (GO:2001237),0.31734653205317315,0.8597522181288215,0.7821229050279329,1.0,1.0,24/70,16.98%,NOS3;BMP5;PF4;RIPK1;THBS1;RFFL;BIRC6;AKT1;EYA4;MEN1;PARK7;FAIM;TMBIM1;MCL1;SERPINE1;RELA;BCL2;MAP2K5;HMOX1;PHIP;HSPA1A;TGFBR1;TERT;ARHGEF2
ARHGEF10,GO_Biological_Process_2023,prerank,Superoxide Anion Generation (GO:0042554),-0.4246085800551483,-0.859736867455064,0.6555944055944056,1.0,1.0,4/18,8.62%,NCF1B;NOX4;CYBA;TAFA4
ARHGEF10,GO_Biological_Process_2023,prerank,Axoneme Assembly (GO:0035082),-0.36507263928316197,-0.8595057946427558,0.7225913621262459,1.0,1.0,15/41,22.94%,SPAG1;HYDIN;CFAP206;CFAP91;RP1;DNAAF1;CFAP74;FOXJ1;SPAG17;SPACA9;TTLL3;CFAP46;RSPH9;CCDC40;TOGARAM1
ARHGEF10,GO_Biological_Process_2023,prerank,Positive Regulation Of Nucleocytoplasmic Transport (GO:0046824),-0.3599769269576849,-0.8593411374416068,0.6957210776545166,1.0,1.0,17/44,24.45%,CPSF6;EP300;ZIC1;ZC3H12A;GSK3B;NRDE2;CDH1;NEDD4;CAMK1;MAVS;RBM22;PRKCD;ECT2;GAS6;NCBP2;PSEN1;ZPR1
ARHGEF10,GO_Biological_Process_2023,prerank,Membrane Protein Ectodomain Proteolysis (GO:0006509),0.38479738383248197,0.8590907629118028,0.6748166259168704,1.0,1.0,6/22,19.90%,ERAP1;BACE2;APH1A;SPPL2B;NCSTN;SPPL2A
ARHGEF10,GO_Biological_Process_2023,prerank,Gonad Development (GO:0008406),-0.3532515977618138,-0.8590348734250066,0.7119741100323624,1.0,1.0,14/52,19.66%,MSH2;LHCGR;INHBA;WNT4;FGF9;GATA3;TEX19;WNT2B;ADAM29;TGFB2;KIT;AKR1B1;WNT5A;LRP2
ARHGEF10,GO_Biological_Process_2023,prerank,Regulation Of Vascular Endothelial Cell Proliferation (GO:1905562),0.4023505594134161,0.8590230319673514,0.6699507389162561,1.0,1.0,7/18,15.18%,ITGA4;AKT3;SLC39A9;MDK;HMGB1;PLCG1;PPARG
ARHGEF10,GO_Biological_Process_2023,prerank,Lytic Vacuole Organization (GO:0080171),-0.37203736396296755,-0.8589614845895147,0.7142857142857143,1.0,1.0,14/36,20.76%,GBA1;CLVS2;CLVS1;ACP3;LRRK2;CLN5;VPS18;LAMTOR1;GAA;HOOK3;NAGPA;SNAPIN;TPCN2;HOOK1
ARHGEF10,GO_Biological_Process_2023,prerank,Regulation Of Ossification (GO:0030278),0.3350904022856422,0.858859229822674,0.7581863979848866,1.0,1.0,5/37,3.16%,CYP27B1;NELL1;S1PR1;SOST;SGMS2
ARHGEF10,GO_Biological_Process_2023,prerank,Ribonucleoprotein Complex Biogenesis (GO:0022613),0.29061951724573076,0.8588155404708714,0.8813559322033898,1.0,1.0,46/116,21.62%,GTF3A;CINP;RPS19BP1;NOP14;TNIP1;ZNF658;RIOK2;LTO1;WDR43;MRPS12;DHX37;EMG1;RPS16;NGDN;RPS4X;RPS7;ZNF622;SPPL2B;RPL11;SPATA5;LTV1;WDR36;GLUL;MALSU1;RRP7A;NVL;MRTO4;RPS15;NOP56;RSL24D1;RPS24;NOP16;WDR3;MPHOSPH10;FBL;RPS5;NOM1;RPS14;RPS28;RPS25;RPS19;TGS1;METTL17;EBNA1BP2;RPS27;WDR12
ARHGEF10,GO_Biological_Process_2023,prerank,Arachidonic Acid Metabolic Process (GO:0019369),-0.3501332538950729,-0.8586884788799337,0.7259036144578314,1.0,1.0,14/52,18.52%,CYP2C8;ALOX15;ABHD6;CYP4A22;PLA2G4A;PTGDS;PLA2G4B;TBXAS1;CYP2E1;DAGLA;CYP2U1;ALOX12B;CYP4Z1;CYP2B6
ARHGEF10,GO_Biological_Process_2023,prerank,Cyclic Nucleotide Biosynthetic Process (GO:0009190),0.4020043421429671,0.8581829146203128,0.6683417085427136,1.0,1.0,7/19,13.61%,ADCY6;NPPA;ADCY5;NPR1;GUCY2D;ADCY8;ADCY2
ARHGEF10,GO_Biological_Process_2023,prerank,Neurotransmitter Transport (GO:0006836),-0.35227108696526177,-0.8578191412607139,0.717219589257504,1.0,1.0,19/52,24.68%,SLC22A2;SLC22A3;SLC6A3;SLC6A15;SLC17A8;SYN3;STXBP3;SLC1A3;SLC17A6;STXBP2;GRM4;LIN7C;SNAPIN;PDZD11;SLC29A1;SYT1;SLC38A2;SLC6A16;SNAP25
ARHGEF10,GO_Biological_Process_2023,prerank,"Negative Regulation Of Gene Expression, Epigenetic (GO:0045814)",-0.35490164013184355,-0.857720053161974,0.7152317880794702,1.0,1.0,19/50,24.95%,RB1;PPM1D;SMARCA5;SUV39H2;SIRT1;LMNA;CHEK1;L3MBTL1;UHRF2;MPHOSPH8;EPC1;EZH1;UHRF1;DNMT1;MACROH2A1;EZH2;MORC2;USP7;BAZ2A
ARHGEF10,GO_Biological_Process_2023,prerank,Regulation Of Dopamine Secretion (GO:0014059),-0.4109314779309353,-0.8575734339420101,0.6963434022257552,1.0,1.0,9/22,23.16%,SYT4;DRD3;SNCA;SYT11;SYT3;SYT7;PRKN;CHRNB2;SYT1
ARHGEF10,GO_Biological_Process_2023,prerank,Ubiquitin-Dependent ERAD Pathway (GO:0030433),-0.33281093174576826,-0.857509424963805,0.7465437788018433,1.0,1.0,41/73,27.19%,FAM8A1;TMEM67;STUB1;CALR;UBXN4;YOD1;RHBDD2;CALR3;NCCRP1;SELENOS;ERLIN2;HSP90B1;SYVN1;UBE2J1;MARCHF6;ECPAS;BAG6;OS9;TRIM13;STT3B;RNF175;SEL1L;CLGN;DERL2;FBXO27;HERPUD1;FAF2;USP19;TMUB2;HSPA5;ERLEC1;SEC61B;TMUB1;FBXO6;EDEM1;FBXO17;UBE4A;DNAJB9;ERLIN1;FOXRED2;CANX
ARHGEF10,GO_Biological_Process_2023,prerank,Regulation Of Ubiquitin Protein Ligase Activity (GO:1904666),-0.43509144540963984,-0.8573123710677363,0.6542553191489362,1.0,1.0,6/17,14.68%,PTEN;FBXO5;SKP1;FZR1;BTRC;CDC14B
ARHGEF10,GO_Biological_Process_2023,prerank,"Wound Healing, Spreading Of Cells (GO:0044319)",-0.4006672111140189,-0.8573004604318593,0.7052980132450332,1.0,1.0,7/25,16.80%,CEACAM1;LCP1;LRG1;PDCD10;TMEFF2;COL5A1;CARMIL2
ARHGEF10,GO_Biological_Process_2023,prerank,Phosphatidylinositol 3-Kinase Signaling (GO:0014065),0.3547747108409625,0.856919097985686,0.7342105263157894,1.0,1.0,9/32,12.86%,EDN1;MYO16;PIK3CB;PIK3C2B;NF1;PIK3CD;PIK3R1;ERBB3;IRS1
ARHGEF10,GO_Biological_Process_2023,prerank,Ribosomal Small Subunit Biogenesis (GO:0042274),0.30324457270206745,0.8567464905221526,0.8314606741573034,1.0,1.0,34/82,21.98%,RPS19BP1;NOP14;RIOK2;WDR43;MRPS11;MRPS12;DHX37;EMG1;RPS16;RPS27L;NGDN;RPS4X;RPS7;SPPL2B;LTV1;SRFBP1;WDR36;MRPS7;RRP7A;RPS15;NOP56;RPS24;WDR3;MPHOSPH10;FBL;RPS5;NOM1;RPS14;RPS28;RPS25;RPS19;METTL17;RPS27;TSR3
ARHGEF10,GO_Biological_Process_2023,prerank,Inositol Phosphate-Mediated Signaling (GO:0048016),0.40707607330858553,0.8564337721866878,0.6616915422885572,1.0,1.0,3/19,8.86%,EDN1;NFATC1;PPP3CB
ARHGEF10,GO_Biological_Process_2023,prerank,Regulation Of Metal Ion Transport (GO:0010959),-0.3741811809533818,-0.8562880171520907,0.7099494097807757,1.0,1.0,14/34,16.35%,NOS1;ANK3;CACNA2D1;PLN;GRIN3B;P2RX4;SLC30A6;NKAIN3;CAMK2B;HFE;ORAI1;SPTBN4;WNK1;NKAIN4
ARHGEF10,GO_Biological_Process_2023,prerank,Protein Localization To Lysosome (GO:0061462),-0.36160993244202355,-0.856280560630167,0.717219589257504,1.0,1.0,18/40,23.39%,RNF128;RAB7A;CD81;SNX16;VPS4A;MFSD1;RTN4;ZFYVE16;NEDD4;LAMTOR5;NAGPA;SCARB2;AP3M1;GGA3;SORL1;LMBRD1;CACNG5;LAMTOR4
ARHGEF10,GO_Biological_Process_2023,prerank,Positive Regulation Of Receptor Signaling Pathway Via JAK-STAT (GO:0046427),-0.37033430004511403,-0.8562511607689889,0.7342192691029901,1.0,1.0,6/37,10.35%,EP300;IL10RB;PIBF1;NOTCH1;F2;GH2
ARHGEF10,GO_Biological_Process_2023,prerank,Cardiac Muscle Cell Action Potential Involved In Contraction (GO:0086002),0.3670716136757804,0.8559034471109581,0.6979166666666666,1.0,1.0,12/29,19.66%,KCNA5;SCN2B;CACNA1G;KCNE2;SCN1B;FGF12;SCN1A;GPD1L;KCNJ2;KCNE5;KCNH2;CACNA1C
ARHGEF10,GO_Biological_Process_2023,prerank,Myotube Differentiation (GO:0014902),-0.3967958272486632,-0.8558985758806122,0.6889250814332247,1.0,1.0,12/25,24.36%,ADAMTS5;NOS1;IGF1;JAM2;ERVFRD-1;PLD3;KCNH1;CACNA1H;MEF2C;SKI;MYMX;ADGRB3
ARHGEF10,GO_Biological_Process_2023,prerank,Regulation Of Small Molecule Metabolic Process (GO:0062012),-0.3660281319057037,-0.8558875566125338,0.7081260364842454,1.0,1.0,13/40,19.81%,NR1H4;PGAM1;OGT;EP300;SIRT1;ACADL;APOE;DGKQ;PDK2;ABCG1;FOXK1;PRKN;FMO5
ARHGEF10,GO_Biological_Process_2023,prerank,Negative Regulation Of Catabolic Process (GO:0009895),0.3111364295292216,0.8557749300520382,0.8176795580110497,1.0,1.0,21/72,20.34%,NELL1;MAD2L2;PHF20L1;DAB2IP;RILP;HIPK2;FLCN;SF3B3;RGP1;MDM4;FLNA;RPS7;RPL11;TRIM39;RIC1;NCOR1;PDE3B;PIN1;MAD2L1;GIT1;RPL17
ARHGEF10,GO_Biological_Process_2023,prerank,Regulation Of Keratinocyte Differentiation (GO:0045616),0.369217657525769,0.8556577035287959,0.6975,1.0,1.0,5/25,16.55%,CYP27B1;TRIM16;SGPP1;ETV4;ROCK1
ARHGEF10,GO_Biological_Process_2023,prerank,Phospholipid Metabolic Process (GO:0006644),-0.33358972927430575,-0.8555783226163678,0.7587253414264037,1.0,1.0,26/69,21.58%,MBOAT2;PLA2G2A;AGPAT2;PLPP2;SMPD1;LCP1;AGPAT3;ANGPTL3;AGPAT5;TNFAIP8L3;ACP6;PLBD2;SMPD3;IDI2;PLPPR3;PCYT2;PLPPR5;PLBD1;PIP5K1A;PLA2G15;PLPP1;ENPP2;FDFT1;LIPG;LPCAT1;PLD2
ARHGEF10,GO_Biological_Process_2023,prerank,Positive Regulation Of Regulatory T Cell Differentiation (GO:0045591),-0.43482953826798476,-0.8552130383248014,0.6798561151079137,1.0,1.0,3/17,5.53%,LILRB4;HLA-G;VSIR
ARHGEF10,GO_Biological_Process_2023,prerank,Protein Import Into Mitochondrial Matrix (GO:0030150),0.41196752291229266,0.8551551045736479,0.6674641148325359,1.0,1.0,12/18,25.33%,TOMM20L;TOMM40L;TIMM21;PAM16;TOMM40;DNLZ;GRPEL1;TIMM17A;TOMM70;TOMM20;GRPEL2;TIMM17B
ARHGEF10,GO_Biological_Process_2023,prerank,mRNA Metabolic Process (GO:0016071),-0.3241753703354427,-0.8549278396993518,0.7850746268656716,1.0,1.0,25/85,24.10%,SLFN14;DXO;PPARGC1A;CPSF6;PNPT1;SRSF4;LSM6;TBRG4;TCERG1;RNH1;SRSF1;AKAP8L;CSTF3;SF3B2;METTL16;HSPA1B;SF3A2;ANG;SCAF11;HIPK3;NCBP2;ZFP36;ERN1;LSM3;NUDT21
ARHGEF10,GO_Biological_Process_2023,prerank,Positive Regulation Of Cation Transmembrane Transport (GO:1904064),-0.42100130587014034,-0.8542091271638528,0.6626506024096386,1.0,1.0,7/18,16.04%,CTSS;NOS1;ANK3;EDNRA;KCNQ1;PIRT;AMIGO1
ARHGEF10,GO_Biological_Process_2023,prerank,Cell Surface Receptor Signaling Pathway Involved In Cell-Cell Signaling (GO:1905114),-0.39025058904353066,-0.8541937839767335,0.7027914614121511,1.0,1.0,10/27,20.74%,WLS;CSNK1A1;USP34;ITGAM;LRP6;CPE;RAC3;WNT5A;PLCG2;CD24
ARHGEF10,GO_Biological_Process_2023,prerank,Glycosaminoglycan Biosynthetic Process (GO:0006024),-0.33790554351904895,-0.8539290240352013,0.724960254372019,1.0,1.0,17/58,20.77%,B4GALT7;B3GNT3;CHST2;B3GNT4;HS3ST1;CHST5;CSGALNACT1;B3GAT3;CHPF2;HAS1;CHST3;DSE;CHST13;CHSY3;UST;GLCE;B4GAT1
ARHGEF10,GO_Biological_Process_2023,prerank,Cardiac Conduction System Development (GO:0003161),-0.3922356269469895,-0.8537259330965798,0.7062706270627063,1.0,1.0,8/25,21.12%,GJA5;HEY2;HCN4;MSX1;HEY1;GJA1;SMAD5;SCN5A
ARHGEF10,GO_Biological_Process_2023,prerank,Axon Extension (GO:0048675),0.38117271856560603,0.8533985626836682,0.6868932038834952,1.0,1.0,7/22,15.09%,NELL1;SEMA3F;SEMA5B;PPP3CB;SLIT1;ULK2;HSP90AB1
ARHGEF10,GO_Biological_Process_2023,prerank,Regulation Of Cardiac Muscle Cell Membrane Repolarization (GO:0099623),0.3875241818448031,0.8533892420970639,0.6631299734748011,1.0,1.0,7/21,13.16%,KCNA5;NPPA;KCNH6;KCNE2;SCN1B;FLNA;NOS1AP
ARHGEF10,GO_Biological_Process_2023,prerank,Positive Regulation Of RNA Splicing (GO:0033120),-0.382354290526107,-0.8532198801881081,0.7040650406504065,1.0,1.0,16/32,25.83%,TRA2A;RBM20;CLNS1A;HABP4;TRA2B;RBM22;THRAP3;RBMX;DYRK1A;ERN1;POLR2A;SLC38A2;PRDX6;ZPR1;NCL;NUP98
ARHGEF10,GO_Biological_Process_2023,prerank,Calcium Ion Homeostasis (GO:0055074),0.2936382018304679,0.852919123854632,0.8806451612903226,1.0,1.0,23/102,14.98%,EDN1;PTH1R;CYP27B1;CD40;TNNI3;STOML2;CASR;ATP2B4;VAPB;ATP2C2;SLC30A1;RGN;SELENON;DMPK;CHERP;ATP13A3;TRPA1;TMEM165;WFS1;SLC8A3;ATP2A1;HTR2C;PKHD1
ARHGEF10,GO_Biological_Process_2023,prerank,Positive Regulation Of DNA Biosynthetic Process (GO:2000573),0.31351598514110873,0.8527122730168472,0.814621409921671,1.0,1.0,24/65,21.10%,CCT7;CHTF8;KLF4;PARM1;FBXO4;MAP3K4;RGCC;CTNNB1;RFC5;TNIP1;GINS2;SMOC2;RFC2;HSP90AB1;AURKB;NVL;MAPK1;TNKS;NEK2;RFC4;CCT5;GINS3;MAP2K7;PCNA
ARHGEF10,GO_Biological_Process_2023,prerank,Calcium Ion Transmembrane Import Into Cytosol (GO:0097553),-0.32458181932087,-0.8525988764324514,0.7641653905053599,1.0,1.0,25/83,21.12%,TRPV6;SCN2A;SLC8A2;CACNA2D1;GP1BA;GP1BB;XCL1;JPH4;CACNA1A;SCN8A;GRIN2B;GRIN1;IBTK;TRPV1;TRPV3;HTR2B;LCK;CACNA1D;CACNA1H;PLCE1;TRPV4;ERO1A;PLCG2;FGF2;SCN5A
ARHGEF10,GO_Biological_Process_2023,prerank,Potassium Ion Homeostasis (GO:0055075),0.3805883065742087,0.8525063756089617,0.6865284974093264,1.0,1.0,10/23,20.31%,SLC12A5;SLC12A4;ATP1A3;SLC12A2;FXYD2;SLC12A1;ATP1B2;KCNJ2;KCNH2;SLC12A8
ARHGEF10,GO_Biological_Process_2023,prerank,Glycoprotein Metabolic Process (GO:0009100),-0.346231912037586,-0.8523006480654695,0.7389937106918238,1.0,1.0,28/53,28.11%,B4GALT7;MAN2A1;ST8SIA4;GAL3ST4;NCCRP1;GCNT1;MGAT4A;ST8SIA3;MAN2A2;STT3B;B4GAT1;GANAB;FBXO27;LARGE1;ST8SIA6;B4GALT5;CNMD;NGLY1;ERP44;GANC;HPSE;PCSK6;FBXO6;FBXO17;FUT8;ST6GALNAC6;AGA;FBXO44
ARHGEF10,GO_Biological_Process_2023,prerank,Amyloid-Beta Metabolic Process (GO:0050435),0.42574677157251645,0.8520856572487225,0.6558139534883721,1.0,1.0,5/15,17.28%,ACE;BACE2;APH1A;APH1B;NCSTN
ARHGEF10,GO_Biological_Process_2023,prerank,Regulation Of Autophagy (GO:0010506),-0.28634912211954183,-0.8519881433556956,0.9089692101740294,1.0,1.0,76/238,24.25%,TRIB3;MAPT;DRAM1;VPS26B;GBA1;MTMR4;OPTN;EP300;DDIT3;RNF152;IFI16;STK11;RRAGC;EXOC8;DEPP1;AMBRA1;ATM;MTMR9;GFAP;ZC3H12A;ATP6V1G2;KAT8;LRRK2;CDK5;TAB3;SQSTM1;RFPL2;CDK16;GSK3B;UFL1;WAC;KDM4A;CISD2;MAPK15;STK38L;MTMR3;NEDD4;USP20;ATP6V1G1;CAPNS1;DEPDC5;TRIM23;FOXO3;UVRAG;PINK1;ULK3;FOXK1;SOGA1;PRKN;SH3GLB1;SNX5;EXOC7;DAP;CSNK2A2;BAD;FBXW7;BNIP3;TPCN2;TRIM22;TAB2;PLEKHF1;ITPR1;DAPL1;DAPK2;ATP6V0E2;TRIM5;ATG13;MAPK8;MTMR8;CCNY;ATP6V1H;ERN1;USP10;MET;CASP3;VPS26A
ARHGEF10,GO_Biological_Process_2023,prerank,Response To Amino Acid Starvation (GO:1990928),-0.3636972194536499,-0.8517534108615525,0.7396166134185304,1.0,1.0,18/41,26.21%,RNF152;RRAGC;MAP3K5;LARP1;WDR59;SESN1;IMPACT;DEPDC5;GCN1;SH3GLB1;DAP;BMT2;MIOS;DAPL1;ITFG2;MAPK8;CDKN1A;PEX2
ARHGEF10,GO_Biological_Process_2023,prerank,Arp2/3 Complex-Mediated Actin Nucleation (GO:0034314),-0.4269008100312224,-0.8516720927866976,0.6804635761589404,1.0,1.0,7/17,25.45%,WIPF3;WASH6P;WASH2P;ARPC5;MAGEL2;ARPC1B;WHAMM
ARHGEF10,GO_Biological_Process_2023,prerank,Negative Regulation Of Phosphoprotein Phosphatase Activity (GO:0032515),-0.4102601128867116,-0.8516161300165698,0.6988543371522095,1.0,1.0,11/20,27.79%,PPP1R14D;PPP4R4;GSK3B;PPP1R1B;TIPRL;STYXL1;PPP1R15A;ROCK2;MGAT5;PTPA;MASTL
ARHGEF10,GO_Biological_Process_2023,prerank,Response To cAMP (GO:0051591),-0.36091727716566196,-0.8512721890490664,0.719672131147541,1.0,1.0,13/37,19.94%,CITED1;SLC5A5;RAPGEF2;HCN4;KCNQ1;VGF;CFTR;DGKQ;SLC26A3;STAT1;SLC26A6;PDE2A;RAP1B
ARHGEF10,GO_Biological_Process_2023,prerank,Positive Regulation Of Interferon-Beta Production (GO:0032728),0.3470907918429162,0.8507563053213378,0.7544303797468355,1.0,1.0,10/36,17.01%,TLR2;IRF7;IFIH1;POLR3F;TBK1;PTPN11;RIGI;POLR3D;POLR3B;TRIM65
ARHGEF10,GO_Biological_Process_2023,prerank,Protein N-linked Glycosylation (GO:0006487),-0.33445103895326844,-0.8506994855897128,0.758887171561051,1.0,1.0,28/64,26.98%,B4GALT7;DOLPP1;ALG12;MLEC;OSTC;ALG14;ALG10;DPM1;DAD1;MGAT4A;KRTCAP2;OST4;UBE2J1;MGAT1;PMM1;STT3B;MOGS;ALG5;DDOST;ALG6;ALG8;RPN2;ST3GAL1;MGAT5;TUSC3;FUT8;ST6GAL1;STT3A
ARHGEF10,GO_Biological_Process_2023,prerank,Cellular Nitrogen Compound Biosynthetic Process (GO:0044271),-0.37661030082333036,-0.8502932028548216,0.7100494233937397,1.0,1.0,10/32,13.20%,PM20D1;GBA1;CPS1;NOS1;SPHK1;SULT1A2;NQO1;SPTSSA;GCH1;ACER3
ARHGEF10,GO_Biological_Process_2023,prerank,Positive Regulation Of Macrophage Migration (GO:1905523),0.3999373913393478,0.8502291204235983,0.7051597051597052,1.0,1.0,5/18,12.84%,CMKLR1;CSF1;THBS1;MDK;CXCL17
ARHGEF10,GO_Biological_Process_2023,prerank,Adenine Nucleotide Transport (GO:0051503),-0.4107925305440864,-0.8498912399561676,0.67008547008547,1.0,1.0,6/20,20.29%,SLC17A9;SLC35B2;ABCC5;SLC35B3;SLC25A17;SLC25A4
ARHGEF10,GO_Biological_Process_2023,prerank,Negative Regulation Of Amide Metabolic Process (GO:0034249),-0.3186453995294436,-0.8497579189573832,0.8048411497730711,1.0,1.0,37/93,26.65%,SPHK1;NANOS3;CALR;IGF1;NTRK2;EPHA4;ZAR1L;CPEB3;NHLRC3;LARP1;BTG2;TRIM3;TYMS;RTN4;APOE;RTN3;DHFR;CSNK2A1;LSM14A;PATL2;PAIP2B;CHRNA7;GGA3;SORL1;IFRD2;LIN28A;FMR1;RNF139;DDX6;NCL;ATCAY;ILF3;IGFBP5;FXR1;EIF4E2;RACK1;GIGYF2
ARHGEF10,GO_Biological_Process_2023,prerank,Regulation Of Nitric Oxide Biosynthetic Process (GO:0045428),0.3408178790708665,0.8497045385608496,0.7518427518427518,1.0,1.0,9/39,16.79%,EDN1;KLF4;ATP2B4;DDAH1;AKT1;NOS1AP;CLU;HSP90AB1;PTGIS
ARHGEF10,GO_Biological_Process_2023,prerank,Cellular Response To Hypoxia (GO:0071456),-0.3291907783095916,-0.8493765338717187,0.7697160883280757,1.0,1.0,23/72,21.22%,CPEB2;SCN2A;STOX1;AQP3;STUB1;P4HB;NOTCH1;OPRD1;SUV39H2;HYOU1;AK4;BNIP3L;SIRT1;ADAM8;EPAS1;LMNA;EGLN1;PINK1;EGLN2;BAD;BNIP3;KCND2;TBL2
ARHGEF10,GO_Biological_Process_2023,prerank,Phosphorylation (GO:0016310),0.2546753995587116,0.8493454846001359,1.0,1.0,1.0,168/429,22.83%,PEAK3;EPHA8;FGR;CSNK2A3;CDK10;CDC42BPG;ADAM10;RUNX3;WNK2;TTBK1;TAF12;BRAF;SGK1;IKBKB;SGK2;EPHA3;BCKDK;DAPK3;PIK3CB;TAF2;AKT3;EPHB6;PXK;CDK15;HK1;TAOK1;PIK3CD;DYRK1B;DYRK3;DCLK1;TAF8;STRADB;NADK;ERG;BRD2;PPP3CB;SPHK2;LATS1;RPTOR;BIRC6;IKBKE;HIPK2;CAMK2A;CDK8;AKT1;GNPTG;GLYCTK;PRKCI;RARA;TAF3;MLST8;TNNI3K;NEK6;CTBP1;ACVR1C;CREB1;DMPK;MAPKAPK2;PANK3;GK5;DGKZ;STK10;TGFB1;PI4KA;PRKACB;DAPK1;TBK1;PIM2;MINK1;PRKCE;TSSK6;COPS8;PRKAG1;BMPR1A;MORC3;SNRK;NEK3;MAP4K5;PRKDC;EIF2AK2;TP53RK;PRKAB1;MAP4K2;MAP3K13;ATG101;GCK;NUAK1;FAM20C;LRRK1;STK38;PAK4;MAP3K12;CAMKK2;AURKB;TGFBR1;CCNT1;TAOK2;MAPK9;CDCA8;JAK3;ROCK1;CERK;HK2;ACVR1;CDK20;MAP4K1;PRKG1;BMPR1B;PANK2;WNK4;CAMK4;CSK;CCNE1;DGKD;STAT3;TAF5;PASK;FASTK;RYK;ATG14;MAP3K21;CSNK1G2;DGKE;STK24;MAPK1;MARK2;RICTOR;SHPK;MKNK2;NEK2;CLK3;MELK;EIF2AK4;CDK17;FER;MAP4K3;PIM1;RPS6KA5;DGKB;TLK2;PRKAG2;MAPK10;GMFB;PRKCZ;STK39;INCENP;SIK1;CDK11A;NEK4;LIMK1;TRIB2;CDK18;PLK2;CDC25B;IRAK1;MARK3;BIRC5;PICK1;PRR5;JAK2;ACVR2B;BECN1;PDK3;GRK3;GALK2;EPHA6;LATS2;DYRK2
ARHGEF10,GO_Biological_Process_2023,prerank,Transcription By RNA Polymerase II (GO:0006366),0.2702796435782058,0.8492214813861582,0.9692832764505119,1.0,1.0,58/192,18.78%,PAX5;CYP27B1;PARP1;POLR2L;IRF9;PCID2;ARRB2;TAF12;ELL3;E2F2;NFKB1;MNAT1;TAF2;SNAPC1;NCOA2;YBX2;PCF11;GTF2H2;TAF8;POLR2C;DRAP1;MED16;MED7;RARA;TAF3;GTF2F1;NFX1;POLR2G;CREB1;RXRB;TBPL1;E2F3;TSC22D1;GTF2H5;ZC3H8;ERCC2;TRIM24;POLR2D;CTR9;DPEP1;PPARG;THRA;CCNK;GTF2E2;CCNT1;SRCAP;CCDC124;ADRM1;ETV1;MAZ;TAF5;CCNH;GTF2A1;TCFL5;SUPT5H;ZNF345;SUPT4H1;XRN2
ARHGEF10,GO_Biological_Process_2023,prerank,Nucleotide Biosynthetic Process (GO:0009165),-0.42234324373194176,-0.8491028478724054,0.7208904109589042,1.0,1.0,10/19,26.66%,SLC4A7;PRPSAP2;MTHFD1;ME1;PRPS1;PRPSAP1;NMNAT3;NMNAT2;PNP;GART
ARHGEF10,GO_Biological_Process_2023,prerank,Melanosome Organization (GO:0032438),-0.36884280051433316,-0.8489409073943717,0.7101910828025477,1.0,1.0,15/37,23.51%,TYRP1;AP3B1;HPS6;RAB32;RAB38;APOE;GPR143;ASIP;AP1S1;SHROOM2;AP3M1;SNAPIN;KIF13A;AP3S1;PIKFYVE
ARHGEF10,GO_Biological_Process_2023,prerank,Negative Regulation Of Cell Junction Assembly (GO:1901889),0.37389156478982577,0.8487870538946113,0.6816976127320955,1.0,1.0,7/24,10.99%,TLR2;FAM107A;IKBKB;THBS1;SLIT1;CLASP2;ROBO2
ARHGEF10,GO_Biological_Process_2023,prerank,Cellular Response To Glucose Starvation (GO:0042149),-0.35784223427093764,-0.8487108939370746,0.7424960505529226,1.0,1.0,17/42,23.34%,HNRNPA1;IFI16;XBP1;ZC3H12A;PLIN2;SIRT1;MTMR3;SESN1;FOXO3;CPEB4;TSSK3;SH3GLB1;MYBBP1A;TBL2;BHLHA15;HSPA5;ITFG2
ARHGEF10,GO_Biological_Process_2023,prerank,mRNA Transcription By RNA Polymerase II (GO:0042789),0.34178297397472324,0.8486245963808126,0.7324324324324324,1.0,1.0,9/38,11.66%,CYP27B1;TAF12;TAF2;NCOA2;TAF8;RARA;TAF3;CREB1;RXRB
ARHGEF10,GO_Biological_Process_2023,prerank,Negative Regulation Of Biomineral Tissue Development (GO:0070168),-0.4094227385266208,-0.8482468302936482,0.7103448275862069,1.0,1.0,6/21,15.12%,SRGN;FGF23;ENPP1;HEY2;NOTCH1;HEY1
ARHGEF10,GO_Biological_Process_2023,prerank,Response To Amyloid-Beta (GO:1904645),-0.35794869525656525,-0.8481991014966094,0.7062600321027287,1.0,1.0,14/43,17.84%,CACNA2D1;ICAM1;NTRK1;IGF1;CACNA1A;EPHA4;GRIN1;ADRB2;CDK5;GSK3B;RAMP3;CACNB1;GJA1;FYN
ARHGEF10,GO_Biological_Process_2023,prerank,Transcription Initiation At RNA Polymerase II Promoter (GO:0006367),0.30822237057711854,0.8478231563707024,0.8273195876288659,1.0,1.0,22/69,17.92%,TAF12;E2F2;TAF2;GTF2H2;TAF8;MED16;MED8;MED7;MED9;TAF3;GTF2F1;POLR2G;E2F3;POLR2D;MED15;MED28;MED22;GTF2E2;MED19;MAZ;TAF5;GTF2A1
ARHGEF10,GO_Biological_Process_2023,prerank,Golgi Vesicle Transport (GO:0048193),-0.2943642326906424,-0.8477485122111823,0.8643835616438356,1.0,1.0,70/197,24.31%,SPIRE2;YIF1A;ARF4;GABARAPL2;TRAPPC11;TAPBP;RAB7B;TMED5;NSF;MPPE1;PGAP1;ARF3;RAB6B;BNIP1;COPE;TRIP11;COPA;HYOU1;SPIRE1;RAB43;RBSN;VAPA;EHD3;TRAPPC13;COG3;SGSM2;SCFD1;YIPF5;GOLGA5;RAB33B;ARCN1;ARF5;SEC24B;UVRAG;TMED1;NAPA;LMAN2;RAB1B;NRBP1;GOLT1A;HTT;COG4;PREB;SNAP23;PITPNB;RAB2A;SEC16A;MYO1B;TFG;BCAP29;RAB6A;SURF4;SNX8;IER3IP1;SEC24D;SORL1;TRAPPC6A;TMED3;SAR1B;CNIH4;ERGIC2;STX10;COPG1;RER1;CUL3;BICD2;RINT1;MYO5A;PLPP3;ERGIC3
ARHGEF10,GO_Biological_Process_2023,prerank,Melanosome Assembly (GO:1903232),-0.427066036338127,-0.8474954599291631,0.6911262798634812,1.0,1.0,11/18,28.53%,AP3B1;HPS6;RAB32;RAB38;AP1S1;AP3M1;AP3S1;AP1G1;HPS5;HPS1;AP3D1
ARHGEF10,GO_Biological_Process_2023,prerank,Negative Regulation Of Ubiquitin-Dependent Protein Catabolic Process (GO:2000059),0.3447986083863386,0.8473925306455029,0.7584415584415585,1.0,1.0,22/39,23.33%,PHF20L1;FHIT;DDRGK1;PANO1;HIPK2;PARK7;UCHL5;CCAR2;RPS7;HSP90AB1;RPL11;SDCBP;TRIM39;CAMLG;RYBP;EIF3H;TLK2;RPL17;NOP53;SGTA;GIPC1;RPL5
ARHGEF10,GO_Biological_Process_2023,prerank,Myeloid Cell Development (GO:0061515),0.3701267305752429,0.8471832732701983,0.6929133858267716,1.0,1.0,8/27,13.70%,TLR2;ALAS1;EVI2B;ALAS2;LYAR;FLNA;ZNF385A;FOXP1
ARHGEF10,GO_Biological_Process_2023,prerank,Positive Regulation Of Adenylate Cyclase Activity (GO:0045762),-0.40022676621373815,-0.8471190465829965,0.7045840407470289,1.0,1.0,10/26,19.48%,LHCGR;SERPINB8;ADORA2B;ADRB2;EDNRA;ORAI1;CACNA1D;P2RY11;PRSS8;STIM1
ARHGEF10,GO_Biological_Process_2023,prerank,Cellular Response To Organonitrogen Compound (GO:0071417),-0.30867265880674294,-0.847081793769019,0.8176382660687593,1.0,1.0,34/104,20.85%,P2RX3;NR1H4;SLC5A5;HTR1B;P2RY6;P2RX4;RAPGEF2;XBP1;PDXP;RRAGC;HCN4;PDE3A;CPEB3;GABRG2;LARP1;CTNNA1;TRPV1;KCNQ1;CDH1;CFTR;SLC26A3;TSHR;NEURL1;SLC26A6;LAMTOR5;LAMTOR1;HSP90B1;P2RY11;GLRA1;CPEB4;PDE2A;RAP1B;MAPK13;MEF2C
ARHGEF10,GO_Biological_Process_2023,prerank,Glutamate Metabolic Process (GO:0006536),0.3887420385801813,0.8470409278819142,0.7192118226600985,1.0,1.0,9/20,21.03%,PRODH;GLS2;DGLUCY;ALDH5A1;GLUD1;GLUL;GOT2;FPGS;GCLM
ARHGEF10,GO_Biological_Process_2023,prerank,Oligosaccharide Metabolic Process (GO:0009311),-0.3433616705833633,-0.8469347666374404,0.7204472843450479,1.0,1.0,11/48,15.64%,B3GALT2;CTBS;ST6GALNAC1;ST8SIA4;IDUA;ST6GAL2;GAL3ST4;GLA;NEU1;NEU3;ST8SIA3
ARHGEF10,GO_Biological_Process_2023,prerank,Glucose 6-Phosphate Metabolic Process (GO:0051156),-0.4171300371157031,-0.8468601075729395,0.6722408026755853,1.0,1.0,6/18,19.07%,DERA;RPE;H6PD;RPIA;G6PD;PGD
ARHGEF10,GO_Biological_Process_2023,prerank,Negative Regulation Of Proteolysis (GO:0045861),-0.3590922446873673,-0.8468059585943329,0.7407407407407407,1.0,1.0,10/41,22.27%,TIMP1;F2;EPHA4;LRRK2;CDK5;NLRP7;BAG6;CSTB;PTPN3;TIMP2
ARHGEF10,GO_Biological_Process_2023,prerank,Sister Chromatid Segregation (GO:0000819),0.3499389363274345,0.8466828038105383,0.7312661498708011,1.0,1.0,13/34,20.36%,TUBG2;ZWINT;CENPI;LATS1;KIF18A;SMC4;SGO1;KIF25;CHAMP1;CENPK;INO80;TUBG1;KNTC1
ARHGEF10,GO_Biological_Process_2023,prerank,Positive Regulation Of Transcription Elongation By RNA Polymerase II (GO:0032968),0.338953094984565,0.8465907903112095,0.7329974811083123,1.0,1.0,14/43,16.71%,ELL3;BTBD18;MED16;MED8;CDK13;MED7;MED9;PWWP2A;MED15;MED28;CCNK;MED22;CCNT1;MED19
ARHGEF10,GO_Biological_Process_2023,prerank,Determination Of Heart Left/Right Asymmetry (GO:0061371),-0.35765953369967596,-0.846574282173191,0.7387096774193549,1.0,1.0,16/41,25.31%,HAND1;CCDC103;STIL;DNAAF1;NOTCH1;ENG;DLL1;ZIC3;MEF2C;TGFBR2;CCDC40;SETDB2;BBS7;CCDC39;SRF;VANGL2
ARHGEF10,GO_Biological_Process_2023,prerank,Bile Acid Biosynthetic Process (GO:0006699),-0.3898072405936552,-0.8465590690800073,0.7128547579298832,1.0,1.0,10/25,16.88%,CYP46A1;AKR1D1;SLC27A2;OSBPL9;ACOX2;HSD3B7;OSBP;OSBPL1A;CYP39A1;AMACR
ARHGEF10,GO_Biological_Process_2023,prerank,Regulation Of Hormone Secretion (GO:0046883),0.41699320355212444,0.8464712810109958,0.674364896073903,1.0,1.0,2/15,4.92%,EDN1;LIF
ARHGEF10,GO_Biological_Process_2023,prerank,Proteasome-Mediated Ubiquitin-Dependent Protein Catabolic Process (GO:0043161),-0.2812361357928838,-0.8463061444574091,0.9277566539923955,1.0,1.0,135/316,27.26%,FAM8A1;SIAH3;CSNK1A1;TMEM67;TRIM72;PEX12;PSMD7;PSMD6;KLHDC1;DDIT3;SPSB2;PSMA4;ASB2;SH3BGRL;STUB1;ANAPC11;CALR;SKP1;AMBRA1;AKIRIN2;UBXN4;UBE3D;YOD1;SIAH2;PJA2;FBXL19;NHLRC3;ARRB1;KCTD2;WWP2;ZFAND2A;PSMA5;PSMA1;KLHL15;RHBDD2;RNF4;SPSB4;CALR3;FZR1;TRIM3;PSMC3;SIRT1;GSK3B;AMN1;PSMA3;BTRC;NCCRP1;FBXL14;SELENOS;KLHL42;DMAC2;NSFL1C;PSMB6;TOPORS;ZNRF1;ASCC2;FBXL15;CDC26;PML;PSMD3;ANAPC4;ERLIN2;FEM1A;HSP90B1;SYVN1;UBE2J1;ANKRD9;MARCHF6;ECPAS;BAG6;UBR3;CDC34;OS9;DDB1;PRKN;TRIM13;PSMB7;STT3B;FBXW7;RNF175;SEL1L;CLGN;NEDD4L;FBXO45;TNFAIP1;DERL2;FBXO27;CUL4A;FEM1B;FBXL3;CDC20B;UBE2C;SMURF2;HERPUD1;CUL1;FAF2;USP19;TMUB2;HSPA5;CUL3;ERLEC1;ANAPC10;FBXL22;KCTD5;DCAF11;RBCK1;AGAP3;PPP2R5C;PSMC2;RMND5B;NFE2L2;FBXL6;FBXL16;CUL2;SPSB1;SEC61B;TMUB1;FBXL20;KIF14;RNF126;FBXO6;EDEM1;CCNF;UBXN1;FBXO17;SPSB3;UBE4A;KLHL20;DNAJB9;ERLIN1;FOXRED2;RNF34;CANX;KCTD13;UBR1
ARHGEF10,GO_Biological_Process_2023,prerank,Regulation Of Cardiac Conduction (GO:1903779),-0.4103616082780784,-0.8460783872218878,0.7018121911037891,1.0,1.0,9/21,26.20%,AGT;SLC8A2;GJA5;TRPC1;CORIN;ATP2B1;RYR2;ATP2B2;ATP2A2
ARHGEF10,GO_Biological_Process_2023,prerank,Negative Regulation Of Cell Population Proliferation (GO:0008285),-0.2766446305821656,-0.845679617803824,0.9438775510204082,1.0,1.0,123/376,24.69%,MN1;B4GALT7;CLMN;CD33;SOX7;IFNK;PTGIR;ADRA1D;PTPN6;FABP6;GSDME;NOX4;CDKN2B;IGFBP7;INHBA;TGFB1I1;OPRM1;PPARGC1A;TBX3;CXCL1;ITGA1;PPM1D;PTEN;BMPR2;GATA3;DYNLL1;CDKN2A;RAPGEF2;PARP10;CLDN3;FABP7;STK11;MAGI2;NTRK1;ALDH1A2;KDF1;LDOC1;NOTCH1;TESC;MYOCD;ADGRG1;SOX11;ING4;PHF14;IL1A;NF2;BTG2;CD300A;DLG3;CEBPA;CDC73;TGFB2;INCA1;NLRC3;CDKN2D;CIB1;LMNA;CEL;SFRP5;APOE;TGFB3;PBRM1;TNN;PLXNB1;PINX1;NEURL1;DLL1;CTBP2;CDKN1B;S100A11;TSC2;PML;AKR1B1;CSNK2B;P3H1;NGF;SLC16A2;KAT2B;SMAD6;IGFBP6;PLPP1;WNT5A;HSPA1B;NUDT6;IGFBP3;TMEM127;SMYD2;ERBB4;RBM5;ATF5;ANG;SOX2;TIAL1;P3H3;TENT5B;FABP3;AIF1;NPM1;ING5;SFRP2;P3H2;H2AC6;SKI;SMARCA2;AQP11;COL18A1;CD200;NCK2;BTG3;THAP12;ATG13;E2F1;UTP20;RNF139;SPEG;GTPBP4;MAP2K1;IRF1;GSTP1;PPP2R5C;MINAR1;GPNMB;ITGB1BP1
ARHGEF10,GO_Biological_Process_2023,prerank,Regulation Of Viral Entry Into Host Cell (GO:0046596),0.33746605663027507,0.8455837909647497,0.7831978319783198,1.0,1.0,10/43,16.15%,HS3ST6;TRIM21;TRIM34;CD4;TMPRSS4;FCN3;HMGB1;TRIM6;IFITM1;NECTIN2
ARHGEF10,GO_Biological_Process_2023,prerank,Regulation Of Endoplasmic Reticulum Stress-Induced Intrinsic Apoptotic Signaling Pathway (GO:1902235),-0.4018859549388996,-0.8454537297566629,0.7091836734693877,1.0,1.0,11/24,23.07%,DDIT3;XBP1;LRRK2;SELENOS;BCL2L11;SYVN1;PRKN;NCK1;HERPUD1;CREB3L1;NCK2
ARHGEF10,GO_Biological_Process_2023,prerank,Negative Regulation Of I-kappaB kinase/NF-kappaB Signaling (GO:0043124),-0.3508960555603469,-0.8453901843986866,0.7444794952681388,1.0,1.0,16/42,24.29%,LILRB4;NR1H4;CCDC22;CASP8;ZC3H12A;SIRT1;NLRC3;USP20;STAT1;RHOH;CARD8;TANK;NLRP12;ZMYND11;USP10;GSTP1
ARHGEF10,GO_Biological_Process_2023,prerank,Cellular Response To Molecule Of Bacterial Origin (GO:0071219),-0.3087836765795235,-0.8453773008489484,0.8245083207261724,1.0,1.0,22/114,17.43%,CXCL13;LY96;CXCL2;CHMP5;CXCL1;CD274;XBP1;VIM;LDOC1;ZC3H12A;CCL2;HMGB2;IL1A;TRIM41;TNFSF4;CDC73;PPM1E;NFKBIB;NLRP7;SELENOS;ADAM9;UPF1
ARHGEF10,GO_Biological_Process_2023,prerank,Positive Regulation Of Double-Strand Break Repair (GO:2000781),0.29965260921219283,0.8451807800781144,0.8545454545454545,1.0,1.0,27/84,17.94%,PARP1;MAD2L2;PHF10;MBTD1;SMARCB1;SMARCD1;EPC2;BCL7A;SMARCA4;KAT5;SHLD2;DPF1;OOEP;INSL6;SMARCC1;VPS72;MRNIP;KDM4D;PRKDC;ZCWPW1;BRD7;DPF2;ARID1A;SLF1;UBE2V2;UBE2N;FUS
ARHGEF10,GO_Biological_Process_2023,prerank,Regulation Of Cell Migration (GO:0030334),-0.27528716885132726,-0.844998385704248,0.9547123623011016,1.0,1.0,155/433,26.50%,TCAF2;CEACAM1;CORT;CORO1C;SEMA7A;ARPIN;FGF9;EGF;LEF1;TRADD;DAB2;CNTN1;OGT;VSIR;SPHK1;ULK4;CHRD;PTEN;SAP30;SPRY2;PARD6B;DAAM2;ROBO4;FGF23;ARHGAP4;DYNLL1;CLDN3;XBP1;F10;RECK;MAGI2;ANGPTL3;SCAI;NTNG2;ATM;IGF1;CD74;NOTCH1;OSGIN1;EPHA4;RBBP7;ELP3;CLDN5;RIPOR1;PDCD10;CAMK2B;CX3CL1;ZNF703;TCAF1;PLXND1;PTPRT;NF2;SNAI2;FAM89B;FAM110C;AMH;TMEFF2;SRC;RET;CXCL12;TMSB10;PODXL;EMILIN1;CIB1;CASS4;LMNA;PPP3CA;ZNF304;FRMD5;MAPK15;CDH1;ENG;TNN;LGR6;PHACTR1;ELP6;PLXNB1;KIT;CPNE3;ADAM9;CARMIL2;EGFR;PLAU;SEMA3C;FOXO3;RHOD;EPHB2;MAP4K4;FYN;CBLL1;SYNE2;KANK1;TWIST2;INSR;ENPP2;DUSP22;FLT4;FLT1;ERBB4;FAM83H;NTRK3;CARMIL1;NUMB;PLXNB2;AIF1;SORL1;TIAM1;FGF2;SFRP2;F7;SEMA6C;JAG1;NTNG1;MCTP1;PDGFD;CDC42;SINHCAF;SUN2;MACF1;DOCK10;CEMIP;ROCK2;HSPA5;PRKCA;BRMS1;SEMA5A;ACTG1;BST2;SEMA3G;SEMA4C;GTPBP4;SEMA3D;PTK2;PRKX;CYRIB;GPNMB;EMILIN2;SGK3;PDGFB;STC1;IGFBP5;ING2;RAP2B;SPATA13;KIF14;TDGF1;SAP30L;RACK1;SPAG9;SFRP1;ROR2;BRMS1L;GNA12;MGAT5;MYADM
ARHGEF10,GO_Biological_Process_2023,prerank,Positive Regulation Of G Protein-Coupled Receptor Signaling Pathway (GO:0045745),0.40212318111162554,0.8447918356120219,0.6853146853146853,1.0,1.0,6/18,10.85%,C3;KLK5;CHGA;GPER1;PDE6G;MRAP2
ARHGEF10,GO_Biological_Process_2023,prerank,Positive Regulation Of Transferase Activity (GO:0051347),-0.3010908482707728,-0.8444081980666168,0.8651851851851852,1.0,1.0,44/143,22.20%,ARRDC4;AGT;TRIB3;ALK;TIE1;DCUN1D3;FLT3;NTRK1;CD74;NTRK2;DDR2;DCUN1D2;XRCC5;RET;FGFR3;HMBOX1;MST1R;APOE;MAPK15;POT1;GRHL2;DSCC1;EGFR;TYRO3;TOPORS;PKIB;PINK1;FGFR4;ARRDC3;INSR;FLT4;CHTF18;HLA-DRB1;FLT1;ERBB4;NTRK3;CHRNA7;NEK7;TEK;FBXW7;SORL1;DCUN1D5;GINS1;FGFR1
ARHGEF10,GO_Biological_Process_2023,prerank,Regulation Of B Cell Receptor Signaling Pathway (GO:0050855),-0.4391442123390405,-0.8437901873271795,0.6883116883116883,1.0,1.0,4/16,13.13%,LPXN;NFAM1;CD81;CD300A
ARHGEF10,GO_Biological_Process_2023,prerank,Sensory Perception Of Light Stimulus (GO:0050953),0.2871768460087977,0.843636729807026,0.8942857142857142,1.0,1.0,23/102,14.79%,TH;PAX6;ARR3;CRYBB3;TRPM1;CRYGB;GUCA1B;CRYGD;POU6F2;EFEMP1;ROM1;EYA4;EML2;CRYGN;CRYGS;ADGRV1;MYO7A;UNC119;WFS1;OPA1;RABGGTA;BEST1;CRYBB1
ARHGEF10,GO_Biological_Process_2023,prerank,Negative Regulation Of Proteolysis Involved In Protein Catabolic Process (GO:1903051),-0.3972620933069986,-0.8436080429494273,0.7314662273476112,1.0,1.0,10/25,21.08%,GABARAPL2;EPHA4;MARCHF7;HFE;QRICH2;OPHN1;PML;CSNK2A1;CSNK2A2;PSME3IP1
ARHGEF10,GO_Biological_Process_2023,prerank,Positive Regulation Of Epithelial Cell Migration (GO:0010634),0.29550571572601586,0.8434572746306529,0.831858407079646,1.0,1.0,28/95,15.59%,EDN1;NELL1;VIL1;PIK3CB;HIF1A;EPB41L4B;FUT1;PIK3CD;THBS1;CLASP2;AKT1;RHOB;HYAL1;SCARB1;HDAC6;PROX1;SMOC2;CTSH;SPARC;PLCG1;PRKCE;ARF6;EMC10;FOXP1;CAPN7;SOX9;PPM1F;GRN
ARHGEF10,GO_Biological_Process_2023,prerank,Negative Regulation Of MAPK Cascade (GO:0043409),0.2871550414928863,0.8434563636038229,0.8846153846153846,1.0,1.0,44/103,22.48%,PSCA;DUSP29;STYXL2;RANBP9;DUSP26;DUSP13;WNK2;DUSP10;CBLC;GPER1;PTPN1;PTPRR;PIK3CB;DAB2IP;NF1;SPRED3;TNIP1;RPS6KA6;SPRED2;FLCN;P2RX7;DUSP4;PPARG;STK38;DLG1;DUSP3;PAQR3;RGS2;SPRY1;PIN1;BMP4;PTPRJ;PPIA;IGF1R;SPRED1;PTPN2;DUSP16;FOXO1;PSMD10;TIMP3;PIK3R2;EZR;CNKSR3;DUSP6
ARHGEF10,GO_Biological_Process_2023,prerank,Long-Chain Fatty Acid Biosynthetic Process (GO:0042759),-0.39683342473342986,-0.8434012291543737,0.7103918228279387,1.0,1.0,4/24,9.77%,CYP2C8;ALOX15;LTC4S;CYP2E1
ARHGEF10,GO_Biological_Process_2023,prerank,Cardiac Ventricle Morphogenesis (GO:0003208),0.33464110257050395,0.843227958078247,0.7811704834605598,1.0,1.0,12/42,14.33%,MYH7;TBX20;TNNI3;MESP1;MYL3;HEYL;FGFR2;PROX1;TGFB1;BMPR1A;SMAD7;TPM1
ARHGEF10,GO_Biological_Process_2023,prerank,Negative Regulation Of Small Molecule Metabolic Process (GO:0062014),-0.3695299855213696,-0.8430117796437739,0.7314662273476112,1.0,1.0,7/33,11.13%,CRY1;WNT4;C1QTNF3;EP300;SLC22A13;DKKL1;UGT1A8
ARHGEF10,GO_Biological_Process_2023,prerank,Anterior/Posterior Axis Specification (GO:0009948),-0.4174059591612397,-0.8422666394715954,0.6996699669966997,1.0,1.0,4/19,5.52%,WLS;SIX2;TBX3;DDIT3
ARHGEF10,GO_Biological_Process_2023,prerank,Monocarboxylic Acid Metabolic Process (GO:0032787),0.2952777103972772,0.842002171222698,0.8833819241982507,1.0,1.0,20/97,13.94%,BAAT;PNPLA8;ACOT6;ACSF2;LDHAL6A;ACAA1;PER2;FA2H;ME2;LDHA;TSPO;SCP2;SLC6A8;DSEL;DECR2;ACSM1;ME3;FASN;VDAC1;HSD17B10
ARHGEF10,GO_Biological_Process_2023,prerank,Sensory Perception Of Chemical Stimulus (GO:0007606),-0.31939815978672953,-0.8416592269479839,0.8033033033033034,1.0,1.0,7/82,19.26%,OR3A2;OR52A5;OR4D1;C5AR1;OR6A2;ITPR3;UBR3
ARHGEF10,GO_Biological_Process_2023,prerank,Protein Targeting To Vacuole (GO:0006623),-0.37042243487972415,-0.8414086713048827,0.7470288624787776,1.0,1.0,15/33,21.45%,RAB7A;SNX16;VPS13A;VPS4A;SQSTM1;ZFYVE16;VPS37A;NEDD4;NAGPA;SCARB2;AP3M1;GGA3;SORL1;VPS37B;VPS37C
ARHGEF10,GO_Biological_Process_2023,prerank,Regulation Of Protein Localization To Membrane (GO:1905475),-0.3821916560345824,-0.8413353334005799,0.7104,1.0,1.0,11/28,22.44%,NECAB2;VPS4A;CDK5;STX7;GPC5;AKR1B1;FYN;PRKN;ZDHHC2;GSN;GPC1
ARHGEF10,GO_Biological_Process_2023,prerank,Actin Filament Polymerization (GO:0030041),-0.3771823696232525,-0.8411358182532344,0.7268211920529801,1.0,1.0,15/31,23.60%,SPIRE2;WASHC3;MICALL2;WAS;CATIP;SPIRE1;WASF1;DIAPH3;MSRB2;PREX1;ANG;FHDC1;GSN;MSRB1;TTC17
ARHGEF10,GO_Biological_Process_2023,prerank,Diacylglycerol Metabolic Process (GO:0046339),-0.39635301168886616,-0.8404512185136345,0.7133550488599348,1.0,1.0,9/23,20.15%,DGKG;GPAM;DGKK;DAGLA;DGKI;DGKQ;PLA2G15;PLCE1;DGKH
ARHGEF10,GO_Biological_Process_2023,prerank,Heart Looping (GO:0001947),-0.3618562179211429,-0.8401709690243658,0.7438423645320197,1.0,1.0,16/38,25.31%,HAND1;CCDC103;STIL;DNAAF1;NOTCH1;ENG;DLL1;ZIC3;MEF2C;TGFBR2;CCDC40;SETDB2;BBS7;CCDC39;SRF;VANGL2
ARHGEF10,GO_Biological_Process_2023,prerank,Negative Regulation Of Cell Cycle G1/S Phase Transition (GO:1902807),0.3458826523351244,0.8399823197528674,0.7535885167464115,1.0,1.0,7/35,7.26%,GFI1B;MYO16;KLF4;FAM107A;APBB1;CRLF3;FHL1
ARHGEF10,GO_Biological_Process_2023,prerank,G1/S Transition Of Mitotic Cell Cycle (GO:0000082),0.306012792628516,0.8398158884888328,0.8371501272264631,1.0,1.0,26/63,23.28%,CCND3;E2F2;CDC7;CDK15;BCAT1;BRD4;LATS1;CAMK2A;CDKN3;E2F3;PIM2;PHF8;PPP6C;PLK3;CCNE1;POLE;ZNF324;TRIM71;CDK17;CDK18;PLK2;CDC25A;USP37;LATS2;KHDRBS1;CACUL1
ARHGEF10,GO_Biological_Process_2023,prerank,Regulation Of Transmembrane Receptor Protein Serine/Threonine Kinase Signaling Pathway (GO:0090092),0.35971336642739987,0.8396393495544324,0.7416267942583732,1.0,1.0,12/31,16.48%,SFRP4;FSTL3;EID2;FST;LATS1;ITGA3;LTBP4;TGFB1;SMAD7;TRIM33;SMAD2;TWSG1
ARHGEF10,GO_Biological_Process_2023,prerank,Regulation Of SMAD Protein Signal Transduction (GO:0060390),-0.38994357748083874,-0.8395995995498441,0.7212020033388982,1.0,1.0,9/27,19.86%,SLC2A10;DAB2;BMPR2;OVOL2;FAM89B;TGFB3;VEPH1;KIAA0319;SH2B1
ARHGEF10,GO_Biological_Process_2023,prerank,Sterol Biosynthetic Process (GO:0016126),-0.3831270619893746,-0.83896998898481,0.7225806451612903,1.0,1.0,10/28,20.50%,NPC1L1;FAXDC2;TM7SF2;INSIG1;DHCR7;CYP51A1;G6PD;HMGCR;MVK;FDFT1
ARHGEF10,GO_Biological_Process_2023,prerank,Regulation Of Endothelial Cell Proliferation (GO:0001936),-0.3157176924290076,-0.8388773818686588,0.7982062780269058,1.0,1.0,32/93,23.25%,NELL2;TIE1;EGF;CNTN1;FGF16;STAT5A;BMPR2;LRG1;MYDGF;ATP5F1A;APOH;HMGB2;SIRT1;HTR2B;PRKD2;ZNF580;APOE;STAT1;PPP1R16B;NRARP;WNT5A;VASH1;VEGFC;FLT4;TEK;ANG;FGF2;SYNJ2BP;CNMD;PTPRM;PRKCA;SEMA5A
ARHGEF10,GO_Biological_Process_2023,prerank,Embryonic Digestive Tract Development (GO:0048566),-0.41293774158702357,-0.8387880588384763,0.6814310051107325,1.0,1.0,5/19,14.11%,SIX2;PCSK5;RARB;SOX11;TGFB2
ARHGEF10,GO_Biological_Process_2023,prerank,Exocytosis (GO:0006887),-0.32418202950878267,-0.8387830193666794,0.7820895522388059,1.0,1.0,35/84,25.17%,DOC2A;WASHC3;WIPF3;SYTL3;TMEM79;TRAPPC11;WASH6P;SYNGR1;NSF;VAMP2;EXOC8;SYTL4;WASH2P;CDK16;RAB11FIP2;RAB10;EXOC6;SNAP47;RAB26;RAB3IP;SNAP23;RPH3AL;EXOC7;PRSS12;CADPS2;SYNGR3;RAB25;RAB31;EXOC6B;JAGN1;SYNGR2;SYTL5;SNAP25;RIMS1;TMEM167B
ARHGEF10,GO_Biological_Process_2023,prerank,Regulation Of Multicellular Organism Growth (GO:0040014),-0.4439678769596145,-0.8385465738981871,0.7023172905525846,1.0,1.0,5/15,18.68%,GHRH;STAT5A;GHRHR;MFSD2A;SOD1
ARHGEF10,GO_Biological_Process_2023,prerank,"Mitochondrial Electron Transport, NADH To Ubiquinone (GO:0006120)",0.34394897655174256,0.8383836759986985,0.7250608272506083,1.0,1.0,18/34,24.24%,NDUFA3;NDUFA2;NDUFS1;NDUFS6;NDUFB1;NDUFAF1;NDUFB2;NDUFAB1;NDUFA7;NDUFB5;NDUFC1;NDUFV3;NDUFA6;NDUFC2;NDUFS4;NDUFA9;NDUFB8;NDUFB9
ARHGEF10,GO_Biological_Process_2023,prerank,Regulation Of DNA Replication (GO:0006275),-0.3234426337667729,-0.8383370826155918,0.7978883861236803,1.0,1.0,25/75,23.89%,NPM2;EGF;ATAD5;ACTR5;SMARCA5;FBXO5;RBBP6;ANKRD17;PPP2R1A;KAT7;INO80C;MEAF6;RUVBL1;DSCC1;EGFR;S100A11;ESCO2;ZBTB38;DNA2;ING5;INO80D;OBI1;CHRAC1;GTPBP4;JADE2
ARHGEF10,GO_Biological_Process_2023,prerank,Neuron Migration (GO:0001764),-0.335089378032081,-0.8381291523551692,0.7726550079491256,1.0,1.0,13/55,15.57%,DCC;GPM6A;RAPGEF2;POMGNT2;MDGA1;NR4A2;TUBB2B;NTRK2;ELP3;CDK5;DNAAF4;FGF13;CDKL5
ARHGEF10,GO_Biological_Process_2023,prerank,Ras Protein Signal Transduction (GO:0007265),-0.2991642670373506,-0.8379846429729154,0.851063829787234,1.0,1.0,49/143,23.43%,RGL2;COL1A2;ARHGDIB;MRAS;RB1;GRAP2;DOK4;WAS;ARHGAP4;SHTN1;CDKN2A;RAPGEF2;ARHGAP5;PLEKHG7;IGF1;CDK2;RIPOR1;ADGRG1;RALA;RASGEF1B;PHACTR4;RIT2;RIT1;RASGRP2;RHOG;WASF1;RASGRP3;RASGRF1;GDI1;CYFIP1;G3BP1;RGL4;RAC3;RHOD;PLCE1;RALGPS2;SGSM3;RAP1B;RAPGEFL1;AIF1;TIAM1;FGF2;RACGAP1;EPS8;CFL1;ARHGEF11;ROCK2;RALGDS;CRKL
ARHGEF10,GO_Biological_Process_2023,prerank,Protein Localization To Cell Surface (GO:0034394),0.3590711431095421,0.8377086304013974,0.7289002557544757,1.0,1.0,12/26,23.53%,CTNNB1;SMURF1;FLNA;STX4;ARF6;RIC3;GGA2;USP4;MESD;GGA1;JAM3;ANK2
ARHGEF10,GO_Biological_Process_2023,prerank,Negative Regulation Of Signal Transduction (GO:0009968),0.2598980417013353,0.8376145906564569,1.0,1.0,1.0,65/266,18.15%,CRHBP;GATA2;CYP26B1;BMP5;NKD2;SOST;LTF;SFRP4;FSTL3;DACT3;YTHDF2;NFKBIL1;CYP26A1;FRZB;MAPK8IP2;NKX3-1;NR1D1;PTPN1;PIK3CB;DAB2IP;YWHAB;RPGRIP1L;TRABD2A;MFHAS1;GRB14;THBS1;KCTD6;MMP14;MOSMO;PALM;OTUD4;NXN;AKT1;NIBAN2;LEPROTL1;PLIN5;MGRN1;TMBIM1;ERBB3;IRS1;SOCS5;GDF15;EPN2;MDFI;PIP4K2B;BCL2;PPARG;TRABD2B;LGMN;GLI3;KIF7;ARRDC1;ACVR1;METTL3;CADM4;PID1;MAZ;GPS2;HGS;SOCS1;KCTD21;RGS2;SORD;APPL1;SPRY1
ARHGEF10,GO_Biological_Process_2023,prerank,Protein Targeting To Lysosome (GO:0006622),-0.38580289337377177,-0.8374380409403046,0.7213930348258707,1.0,1.0,10/25,20.97%,RAB7A;SNX16;VPS4A;HSPA8;ZFYVE16;NEDD4;NAGPA;SCARB2;GGA3;SORL1
ARHGEF10,GO_Biological_Process_2023,prerank,Positive Regulation Of Neuroblast Proliferation (GO:0002052),-0.410981005409349,-0.8372671754407355,0.7022375215146299,1.0,1.0,7/18,22.86%,NCAN;CX3CL1;KDM1A;SMARCD3;BCAN;HAPLN3;ZNF335
ARHGEF10,GO_Biological_Process_2023,prerank,Negative Regulation Of Epithelial Cell Proliferation (GO:0050680),0.3064565308335445,0.8366487245901195,0.8501440922190202,1.0,1.0,17/70,12.84%,CYP27B1;RUNX3;DUSP10;NKX3-1;RGCC;GDF5;DAB2IP;NF1;THBS1;TINF2;GHRL;MEN1;FGFR2;TGFB1;ROBO1;SPARC;MAGED1
ARHGEF10,GO_Biological_Process_2023,prerank,Intrinsic Apoptotic Signaling Pathway By P53 Class Mediator (GO:0072332),-0.36415190736317476,-0.8364917268882867,0.7534246575342466,1.0,1.0,12/35,20.14%,EP300;POU4F1;IFI16;STK11;HIPK1;SIRT1;PHLDA3;PDK2;PML;USP28;BAG6;MYBBP1A
ARHGEF10,GO_Biological_Process_2023,prerank,Protein N-linked Glycosylation Via Asparagine (GO:0018279),-0.39414381603048465,-0.8363608496916596,0.7070707070707071,1.0,1.0,15/23,26.98%,OSTC;DPM1;DAD1;OST4;UBE2J1;MGAT1;STT3B;DDOST;ALG8;RPN2;MGAT5;TUSC3;FUT8;ST6GAL1;STT3A
ARHGEF10,GO_Biological_Process_2023,prerank,Negative Regulation Of Gluconeogenesis (GO:0045721),-0.42569049388453234,-0.8362857943559882,0.706984667802385,1.0,1.0,3/15,5.46%,CRY1;C1QTNF3;EP300
ARHGEF10,GO_Biological_Process_2023,prerank,"Regulation Of Synaptic Transmission, Glutamatergic (GO:0051966)",0.3159214747414523,0.8361388824283966,0.8072916666666666,1.0,1.0,17/55,15.56%,GRM6;MAPK8IP2;GRM2;CACNG2;PLPPR4;TPRG1L;HCN1;DGKZ;GRIK1;CDH2;RELN;CACNG7;GRIN2C;NRXN1;RNF167;NLGN1;TSHZ3
ARHGEF10,GO_Biological_Process_2023,prerank,Regulation Of Interferon-Alpha Production (GO:0032647),0.3629747214616651,0.83568022516806,0.7617866004962779,1.0,1.0,7/26,16.60%,IRF7;IFIH1;TBK1;RIGI;HSPD1;DHX36;PTPRS
ARHGEF10,GO_Biological_Process_2023,prerank,Regulation Of Extrinsic Apoptotic Signaling Pathway In Absence Of Ligand (GO:2001239),-0.38140315978361267,-0.835632064781911,0.715547703180212,1.0,1.0,10/27,22.20%,IFI6;INHBA;IL1A;SNAI2;RET;EYA1;HSPA1B;BCL2L1;EYA2;FGFR1
ARHGEF10,GO_Biological_Process_2023,prerank,Positive Regulation Of Lipid Biosynthetic Process (GO:0046889),0.33429603230187477,0.835424231206362,0.7560321715817694,1.0,1.0,10/39,11.20%,SORBS1;MID1IP1;CTDNEP1;SIRT4;RPTOR;KAT5;MLST8;SCARB1;PLIN5;CREB1
ARHGEF10,GO_Biological_Process_2023,prerank,Regulation Of Actin Cytoskeleton Reorganization (GO:2000249),-0.3838400388557758,-0.8354235764815042,0.7003311258278145,1.0,1.0,10/25,22.49%,HCK;ARHGDIB;BAIAP2;CDK5;RNH1;CARMIL2;CARMIL1;TEK;BAIAP2L1;BAIAP2L2
ARHGEF10,GO_Biological_Process_2023,prerank,Secondary Alcohol Metabolic Process (GO:1902652),0.32577046936076437,0.8354127493988341,0.7994428969359332,1.0,1.0,10/47,14.86%,SULT2A1;APOA1;LCAT;NSDHL;IDH2;IDH3B;APOL2;PIP4P1;STARD3;SULT2B1
ARHGEF10,GO_Biological_Process_2023,prerank,Negative Regulation Of Signaling (GO:0023057),-0.3815743110408852,-0.8353821015548835,0.7119205298013245,1.0,1.0,14/28,26.51%,OPRM1;OPTN;FGF23;PCSK9;PPP3CA;IL11;IGFBP3;AP1AR;LDLR;NLRP12;BRAP;HHIP;VHL;UBASH3B
ARHGEF10,GO_Biological_Process_2023,prerank,Positive Regulation Of Protein Polymerization (GO:0032273),-0.3256364121117538,-0.8353763118361424,0.8242612752721618,1.0,1.0,23/69,23.07%,HCK;MAPT;PSRC1;ALOX15;TPPP;TPPP3;BAIAP2;AMBRA1;EVL;CDC42EP1;SLAIN1;CDC42EP4;PINK1;CLASP1;VASP;NCK1;CARMIL1;BAIAP2L1;FCHSD1;BAIAP2L2;CAV3;TOGARAM1;NCK2
ARHGEF10,GO_Biological_Process_2023,prerank,Amyloid Precursor Protein Metabolic Process (GO:0042982),0.39655257022169016,0.8350511253855352,0.6921052631578948,1.0,1.0,6/17,17.28%,ADAM10;ACHE;NSG1;APH1A;APH1B;NCSTN
ARHGEF10,GO_Biological_Process_2023,prerank,Cellular Response To Peptide Hormone Stimulus (GO:0071375),-0.31723753226064694,-0.8346746346581891,0.8247422680412371,1.0,1.0,23/89,18.61%,CPEB2;LHCGR;CEACAM1;TRIB3;PDPK1;XBP1;NR4A2;ENPP1;VAMP2;SCNN1B;SCNN1A;SCNN1G;GOT1;SRC;SLC39A14;RAB10;PCSK9;SELENOS;PKM;TSHR;INSIG1;KAT2B;INSR
ARHGEF10,GO_Biological_Process_2023,prerank,Regulation Of Developmental Growth (GO:0048638),-0.37547561488840764,-0.8346215442129097,0.7217537942664418,1.0,1.0,10/29,20.64%,STAT5A;SIX1;MFSD2A;FGFR3;GSK3B;APOE;DLL1;INSR;SOD1;OLFM1
ARHGEF10,GO_Biological_Process_2023,prerank,Double-Strand Break Repair Via Nonhomologous End Joining (GO:0006303),-0.3575779555677317,-0.8343858221188791,0.7272727272727273,1.0,1.0,25/41,29.55%,XRCC4;SMC5;NHEJ1;ATM;HMGB2;XRCC5;POLA1;ERCC6;POLL;POLQ;UVRAG;LIG4;NSMCE2;RNF168;MRE11;ATP23;KDM2A;TP53BP1;ZBTB7A;SETMAR;IFFO1;DCLRE1C;HELQ;PNKP;ERCC4
ARHGEF10,GO_Biological_Process_2023,prerank,Protein K48-linked Deubiquitination (GO:0071108),0.3699531231909905,0.8343224453055289,0.7284595300261096,1.0,1.0,8/24,16.80%,USP33;OTUD7B;OTUD4;USP50;RNF2;USP27X;USP8;MINDY2
ARHGEF10,GO_Biological_Process_2023,prerank,Endosome To Lysosome Transport (GO:0008333),0.3145635468776561,0.8343007547478986,0.8319088319088319,1.0,1.0,17/57,17.67%,LYST;CACNG2;HOOK2;PXK;TGFBRAP1;AKTIP;RAB12;RILP;VPS33B;RHOB;MGRN1;VPS41;CACNG7;DTX3L;FHIP1B;DENND3;ATG14
ARHGEF10,GO_Biological_Process_2023,prerank,Positive Regulation Of Leukocyte Migration (GO:0002687),-0.37048742480865393,-0.8339274683994409,0.7206611570247934,1.0,1.0,8/31,21.72%,ZP3;ICAM1;XCL1;ADAM8;ZNF580;AIF1;F7;PTN
ARHGEF10,GO_Biological_Process_2023,prerank,Mitotic DNA Damage Checkpoint Signaling (GO:0044773),0.31123485555281516,0.8338045698459075,0.8222222222222222,1.0,1.0,19/56,17.67%,TNFSF13B;MUS81;FOXN3;TAOK1;EME2;RAD9A;TP53;BLM;BABAM1;MRNIP;PRKDC;RPS27L;ZNF830;ATF2;TRIM39;TAOK2;BABAM2;EME1;HUS1
ARHGEF10,GO_Biological_Process_2023,prerank,Positive Regulation Of Monoatomic Ion Transport (GO:0043270),-0.350538361434048,-0.8331838598106038,0.738562091503268,1.0,1.0,11/39,21.12%,ANK3;P2RX4;SCN3B;CACNB2;ORAI1;CACNA1D;KIF5B;WNK3;PRSS8;ATP2B1;SCN5A
ARHGEF10,GO_Biological_Process_2023,prerank,Positive Regulation Of Fat Cell Differentiation (GO:0045600),-0.3435485750756903,-0.8331796640984473,0.7694753577106518,1.0,1.0,23/50,27.62%,ADIRF;ZBTB16;XBP1;ZBTB7B;LCP1;ZC3H12A;WDFY2;CEBPB;NOCT;SIX1;CDS1;ASXL2;SFRP2;METRNL;ZFP36;PPARD;ID2;RARRES2;SFRP1;LMO3;CARM1;TFE3;BMP2
ARHGEF10,GO_Biological_Process_2023,prerank,Cellular Component Disassembly (GO:0022411),-0.34923966299490306,-0.83304743250688,0.755591054313099,1.0,1.0,12/46,15.93%,CTSS;ADAMTS5;TMPRSS6;PLAAT1;LCP1;EXOC8;KLK7;KLK4;MMP11;ADAM8;FURIN;CTSK
ARHGEF10,GO_Biological_Process_2023,prerank,Regulation Of Neurotransmitter Transport (GO:0051588),-0.4009262091963413,-0.8330343939182286,0.7336769759450171,1.0,1.0,13/20,25.72%,CPLX4;OTOF;CASK;DYSF;MEF2C;KCNMB4;FLOT1;MYOF;MCTP1;FMR1;MCTP2;RIMS1;SNCAIP
ARHGEF10,GO_Biological_Process_2023,prerank,Phosphate-Containing Compound Metabolic Process (GO:0006796),-0.29216576242304004,-0.8327430084132613,0.9039780521262003,1.0,1.0,43/184,19.06%,NT5C;SLC22A3;TPTE;ENPP3;INPP4B;ALK;KHSRP;DUSP8;MBOAT2;SPHK1;PFKFB4;PFKFB1;PLA2G2A;PPIP5K1;AGPAT2;PLPP2;ENPP1;LCP1;TPTE2;PDXP;ANGPTL3;PFKP;FRA10AC1;TNFAIP8L3;ACP3;ALDOA;ACP6;LRRK2;DUSP5;CDK5;PLPPR3;HTR2B;PPP3CA;ACYP2;PFKFB2;PLPPR5;PIK3CA;EPHB2;G6PD;PLA2G15;PLPP1;IMPA1;DUSP22
ARHGEF10,GO_Biological_Process_2023,prerank,Sphingolipid Metabolic Process (GO:0006665),-0.3123199606703089,-0.8327134994643288,0.8469539375928677,1.0,1.0,29/93,22.38%,GALC;B4GALNT1;ELOVL3;ALDH3B1;SPHK1;PLPP2;ELOVL2;SMPD1;PPP2R1A;SMPD3;SPTSSA;ACER3;NEU3;SPNS2;SGPP2;GBA2;PRKD2;CERS2;HACD1;ALOX12B;PLA2G15;PLPP1;ENPP2;ELOVL5;CERS6;NSMAF;SGMS1;ELOVL6;KDSR
ARHGEF10,GO_Biological_Process_2023,prerank,Regulation Of Integrin-Mediated Signaling Pathway (GO:2001044),-0.4085234362564111,-0.8325202566085902,0.7166392092257001,1.0,1.0,8/19,21.77%,SLC2A10;CD177;TIMP1;EMP2;PHACTR4;NID1;LOXL3;CD63
ARHGEF10,GO_Biological_Process_2023,prerank,Protein Localization To Mitochondrion (GO:0070585),-0.4321865821661629,-0.8321043766465358,0.6981450252951096,1.0,1.0,7/15,22.13%,LRRK2;RALA;MARCHF5;PINK1;MAVS;MAIP1;ISG15
ARHGEF10,GO_Biological_Process_2023,prerank,Lysosome Organization (GO:0007040),-0.34842042950803453,-0.8320827261321097,0.7692307692307693,1.0,1.0,16/43,20.76%,GBA1;CLVS2;TMEM175;CLVS1;CORO1A;ACP3;LRRK2;CLN5;VPS18;LAMTOR1;GAA;HOOK3;NAGPA;SNAPIN;TPCN2;HOOK1
ARHGEF10,GO_Biological_Process_2023,prerank,Regulation Of Protein Processing (GO:0070613),-0.3886688427844025,-0.8320156532796118,0.7372881355932204,1.0,1.0,6/25,19.05%,NLRC4;LRRK2;ADAM8;NLRP7;PLAU;RUNX1
ARHGEF10,GO_Biological_Process_2023,prerank,Antigen Processing And Presentation Of Endogenous Peptide Antigen (GO:0002483),-0.3999666000639151,-0.8318741955476971,0.7228714524207012,1.0,1.0,8/21,20.70%,HLA-G;RAET1E;ERAP2;TAP2;HFE;HLA-DRA;HLA-DRB1;HLA-B
ARHGEF10,GO_Biological_Process_2023,prerank,Sulfation (GO:0051923),-0.42534915247166183,-0.8318712154344118,0.7118353344768439,1.0,1.0,6/16,13.25%,SULT1B1;SULT1C4;SULT1A2;SULT1A3;CHST5;SULT6B1
ARHGEF10,GO_Biological_Process_2023,prerank,Regulation Of Megakaryocyte Differentiation (GO:0045652),-0.4125386053910738,-0.8316507556108216,0.7130584192439863,1.0,1.0,8/19,15.32%,CNOT4;RAB7B;MTURN;TESC;HMGB2;FAXDC2;PRMT6;L3MBTL1
ARHGEF10,GO_Biological_Process_2023,prerank,Sympathetic Nervous System Development (GO:0048485),0.40570175109749274,0.8316425025484746,0.6988235294117647,1.0,1.0,4/15,7.53%,NELL1;CTNNB1;NF1;SEMA3F
ARHGEF10,GO_Biological_Process_2023,prerank,Extracellular Structure Organization (GO:0043062),0.28058874832456115,0.831608462384377,0.9276729559748428,1.0,1.0,27/107,16.07%,MMP13;DMP1;POSTN;SMOC1;COL8A2;SPOCK2;ATP7A;ADAMTS13;NF1;COLQ;MMP14;COL19A1;NPNT;MMP26;COL16A1;TGFBI;COL15A1;ADAMTS6;NDNF;SMOC2;MMP23B;MMP19;MMP15;ADAMTS9;MMP2;ECM2;TGFBR1
ARHGEF10,GO_Biological_Process_2023,prerank,Regulation Of Organelle Assembly (GO:1902115),-0.32013141959880553,-0.8316068574235669,0.8151001540832049,1.0,1.0,36/78,27.50%,EFNB1;HCK;TBC1D24;TBC1D10C;STIL;NF2;RNF4;DYNC2LI1;MAPK15;CDKL5;MTMR3;DYNLT2B;EPHB2;IFT88;RAB1B;SGSM3;CEP76;TBC1D19;NPM1;SDCCAG8;TBC1D17;CYLD;USP6NL;GSN;INTU;PIKFYVE;TBC1D22B;ATG3;WDPCP;TBC1D12;TBC1D15;MSN;TBC1D2B;IFT140;TBC1D20;SENP6
ARHGEF10,GO_Biological_Process_2023,prerank,Positive Regulation Of Telomere Maintenance (GO:0032206),0.31886421334440357,0.8315268821058792,0.8379120879120879,1.0,1.0,24/52,21.38%,INO80B;MAP3K4;TNIP1;TFPT;SLX4;TINF2;YY1;ACTR8;RAD50;TERF2;ERCC1;UCHL5;NFRKB;AURKB;DHX36;HNRNPD;INO80;MAPK1;TNKS;MCRS1;NEK2;MAP2K7;ACTL6A;ATRX
ARHGEF10,GO_Biological_Process_2023,prerank,Glial Cell Development (GO:0021782),0.3706031136664214,0.8311282550841204,0.7719298245614035,1.0,1.0,6/23,9.02%,TLR2;EIF2B4;NF1;CSPG5;MDK;MXRA8
ARHGEF10,GO_Biological_Process_2023,prerank,Regulation Of rRNA Processing (GO:2000232),0.41499886520112583,0.8307879619337504,0.6860759493670886,1.0,1.0,4/15,11.41%,YTHDF2;RIOK2;WDR43;USP36
ARHGEF10,GO_Biological_Process_2023,prerank,Regulation Of Glucose Import (GO:0046324),0.33798671709011047,0.8305035638745073,0.7989821882951654,1.0,1.0,18/36,23.36%,SORBS1;AKT1;PRKCI;LEP;PIK3R1;IRS1;PTPN11;ARPP19;PID1;CAPN10;FGF19;APPL1;APLP2;PRKAG2;CREBL2;RTN2;IRS2;FGF21
ARHGEF10,GO_Biological_Process_2023,prerank,Endocrine System Development (GO:0035270),-0.3886779602150519,-0.8302552636423476,0.7259136212624585,1.0,1.0,5/23,21.71%,HESX1;WNT4;SIX1;SOX2;SOX3
ARHGEF10,GO_Biological_Process_2023,prerank,Pattern Recognition Receptor Signaling Pathway (GO:0002221),-0.33540108064823837,-0.8297773809956246,0.7894736842105263,1.0,1.0,6/56,6.97%,CTSS;LY96;NLRC4;TLR3;DHX58;NLRP1
ARHGEF10,GO_Biological_Process_2023,prerank,Positive Regulation Of T Cell Differentiation (GO:0045582),-0.32732384543436055,-0.829765933603758,0.8141025641025641,1.0,1.0,22/64,22.16%,LILRB4;HLA-G;IL23R;LEF1;VSIR;GATA3;XBP1;SMARCE1;AMBRA1;TNFSF4;ADAM8;PBRM1;SMARCD3;FOXO3;IL7;SART1;HLA-DRA;HLA-DRB1;ZMIZ1;RHOH;NKAP;SMARCA2
ARHGEF10,GO_Biological_Process_2023,prerank,Skeletal System Development (GO:0001501),-0.2923255439044567,-0.8296467217559657,0.8826979472140762,1.0,1.0,43/147,22.37%,PRELP;COL1A2;COL27A1;EXTL1;LECT2;TBX3;CHRD;ZBTB16;INHA;COL9A2;IGF1;WWOX;SULF2;PCSK5;ANKRD11;AHSG;RFLNA;TRIP11;OPTC;PTGER4;GDF11;BPNT2;FGFR3;TGFB2;RAB33B;TEAD4;EVC;PKD1;BMP1;GJA1;ETS2;SPEF2;DEAF1;P3H1;WNT5A;AKAP13;MEPE;COL10A1;ALPL;CNMD;CHD7;FGFR1;COL18A1
ARHGEF10,GO_Biological_Process_2023,prerank,Cardiac Ventricle Development (GO:0003231),-0.40310726946420494,-0.829609944473284,0.6982055464926591,1.0,1.0,8/19,21.12%,GJA5;GATA3;HEY2;NOTCH1;HEY1;ENG;PDE2A;SCN5A
ARHGEF10,GO_Biological_Process_2023,prerank,Positive Regulation Of Cell Differentiation (GO:0045597),-0.2783668572764336,-0.829489148504042,0.9532710280373832,1.0,1.0,103/283,27.21%,PAX2;AGT;MMD2;CEACAM1;NBL1;ADIRF;TGFB1I1;WNT4;GDF6;LEF1;DAB2;VWC2;ATOH1;LOXL2;BMPR2;ZBTB16;GLIPR2;PLA2G2A;RAPGEF2;XBP1;FBXO5;SMARCE1;LCP1;AKIRIN1;IGF1;ACVR2A;LRG1;DDR2;ZC3H12A;WDFY2;ZEB1;SOX11;SLC6A6;CEBPB;ZNF703;RANBP3L;NOCT;TMEM100;APOB;GSK3B;ADAM8;TGFB2;PPP3CA;TGFB3;PBRM1;SMARCD3;CDS1;GDPD5;SERPINF2;IMPACT;CAMK1;GJA1;AKR1B1;NGF;NID1;MAPK12;BEND6;IGFBP3;ZHX3;ASXL2;OLFM1;MEF2C;TIAM1;SFRP2;ECT2;MACROH2A1;TGFBR2;IL6ST;TENT5A;PTN;RPS6KA1;SMARCA2;FGFR1;EZH2;GPC1;MAPK14;RUNX2;XKR8;ZFP36;NUDT21;PTK2;NRCAM;PPARD;FBN2;ACTL6B;SRF;IL6R;BLOC1S5;SMAD4;RIN2;ID2;RARRES2;VHL;GPRC5B;SFRP1;LMO3;BMP6;RHOA;BCL9L;CARM1;GCNT2;SMARCC2;RRAS
ARHGEF10,GO_Biological_Process_2023,prerank,Positive Regulation Of Muscle Cell Differentiation (GO:0051149),0.41055753577267573,0.8293953730302212,0.6973365617433414,1.0,1.0,8/15,22.90%,MESP1;LAMB2;RBM4;LAMC1;OLFM2;LAMA2;LAMB1;LAMA1
ARHGEF10,GO_Biological_Process_2023,prerank,Regulation Of NLRP3 Inflammasome Complex Assembly (GO:1900225),-0.3660896227018977,-0.8292398866406174,0.7603993344425957,1.0,1.0,12/33,25.99%,CSNK1A1;HSPA8;NLRC3;ZDHHC12;MARK4;MAVS;NEK7;PLCG2;CARD8;MAPK8;CPTP;PYDC1
ARHGEF10,GO_Biological_Process_2023,prerank,Positive Regulation Of Viral Process (GO:0048524),-0.35057051780964826,-0.8288331835116693,0.7464342313787639,1.0,1.0,12/41,22.28%,TMEM39A;RAB7A;LARP1;PKN2;SRPK2;SRPK1;TYRO3;DDB1;PPIE;TARBP2;RSF1;PPID
ARHGEF10,GO_Biological_Process_2023,prerank,Positive Regulation Of Developmental Growth (GO:0048639),-0.3389790725746694,-0.828714940363368,0.785483870967742,1.0,1.0,15/49,18.61%,ZP3;GHRH;MAPT;SEMA7A;SHTN1;ISLR2;GHRHR;SYT4;CPNE9;BDNF;CDKL5;DLL1;SYT3;NGF;INSR
ARHGEF10,GO_Biological_Process_2023,prerank,Telomere Maintenance Via Telomere Lengthening (GO:0010833),0.35646293194214995,0.8284806164280144,0.725,1.0,1.0,13/26,24.52%,RAD51;RFC1;CTC1;RAD50;HSP90AB1;TERT;ZBTB48;PIF1;NOP10;WRAP53;TERF1;DCLRE1B;TERF2IP
ARHGEF10,GO_Biological_Process_2023,prerank,Ventricular Cardiac Muscle Cell Action Potential (GO:0086005),-0.4300912355030736,-0.828422745823688,0.7301324503311258,1.0,1.0,7/16,24.59%,SCN3B;KCNE4;KCNQ1;NEDD4L;SCN5A;CAV3;RYR2
ARHGEF10,GO_Biological_Process_2023,prerank,Positive Regulation Of Protein Secretion (GO:0050714),-0.31891031809901893,-0.8282356611132117,0.8490284005979073,1.0,1.0,20/76,20.51%,CD33;WLS;C1QTNF3;IGF1;SYTL4;CD2AP;IL1A;EXPH5;ADAM8;TGFB2;TGFB3;ADAM9;FRMD4A;APBB3;SLC30A8;ABCG1;EXOC7;ANG;BAD;IER3IP1
ARHGEF10,GO_Biological_Process_2023,prerank,DNA-templated Transcription Initiation (GO:0006352),-0.3272081888421626,-0.8281925860768791,0.8181818181818182,1.0,1.0,21/58,22.24%,TBPL2;PPARGC1A;SMARCA5;TAF1C;GTF2B;GTF2F2;POLR2I;TFB1M;GTF2E1;NAT14;TAF10;MED23;GTF2A2;TAF4;TAF13;MED26;TFAM;RRN3;TAF4B;POLRMT;RSF1
ARHGEF10,GO_Biological_Process_2023,prerank,Protein Mannosylation (GO:0035268),-0.3963240764239231,-0.8280641275984858,0.7364864864864865,1.0,1.0,11/21,23.10%,POMGNT2;POMT1;DPY19L2;DPM1;CRPPA;TMTC2;TMTC1;LARGE1;RXYLT1;DPM3;POMT2
ARHGEF10,GO_Biological_Process_2023,prerank,Negative Regulation Of Supramolecular Fiber Organization (GO:1902904),-0.3241028405986496,-0.8280583062829215,0.8096676737160121,1.0,1.0,32/71,25.26%,ARPIN;CORO1A;PLEKHH2;KANK3;TRIM54;TWF1;HSPA8;SSH2;SNCA;EMILIN1;CIB1;FGF13;APOE;IAPP;PIK3CA;KANK1;CLASP1;HDGFL3;TPX2;PRKCD;PRKN;CLIP3;LDLR;DYRK1A;CKAP2;SHANK1;CAV3;STMN2;CYRIB;PFDN4;KATNB1;SMAD4
ARHGEF10,GO_Biological_Process_2023,prerank,peptidyl-L-cysteine S-palmitoylation (GO:0018230),-0.3962723632453403,-0.8279479931037717,0.7068145800316957,1.0,1.0,11/22,21.95%,ZDHHC22;ZDHHC8;ZDHHC24;ZDHHC12;ZDHHC14;ZDHHC9;ZDHHC2;ZDHHC4;ZDHHC20;ZDHHC3;ZDHHC19
ARHGEF10,GO_Biological_Process_2023,prerank,peptidyl-S-diacylglycerol-L-cysteine Biosynthetic Process From Peptidyl-Cysteine (GO:0018231),-0.3962723632453403,-0.8279479931037717,0.7068145800316957,1.0,1.0,11/22,21.95%,ZDHHC22;ZDHHC8;ZDHHC24;ZDHHC12;ZDHHC14;ZDHHC9;ZDHHC2;ZDHHC4;ZDHHC20;ZDHHC3;ZDHHC19
ARHGEF10,GO_Biological_Process_2023,prerank,Membrane Lipid Biosynthetic Process (GO:0046467),-0.3321792940018884,-0.8278257411380024,0.801829268292683,1.0,1.0,20/56,22.38%,ELOVL3;ALDH3B1;SPHK1;PLPP2;ELOVL2;SCCPDH;SPTSSA;ACER3;SPNS2;SGPP2;PRKD2;CERS2;HACD1;PLPP1;ELOVL5;CERS6;ST8SIA6;SGMS1;ELOVL6;KDSR
ARHGEF10,GO_Biological_Process_2023,prerank,Endothelial Cell Proliferation (GO:0001935),-0.41503419805986075,-0.8277461644264972,0.7128547579298832,1.0,1.0,9/18,24.69%,LOXL2;BMPR2;NRARP;TEK;SEMA5A;ERN1;ANGPT4;PRKX;ITGB1BP1
ARHGEF10,GO_Biological_Process_2023,prerank,Positive Regulation Of Protein Ubiquitination (GO:0031398),-0.31108814286912784,-0.8273867052497876,0.8402457757296466,1.0,1.0,22/83,21.31%,ARRDC4;CRY1;TRIB3;DCUN1D3;SPHK1;STUB1;MARCHF7;DCUN1D2;LRRK2;UBB;SPSB4;UBE3A;GSK3B;XIAP;KDM1A;PAXIP1;TOPORS;PINK1;ARRDC3;FBXW7;UBE2D1;DCUN1D5
ARHGEF10,GO_Biological_Process_2023,prerank,Female Gamete Generation (GO:0007292),0.3452125337198705,0.8273773266897457,0.7700258397932817,1.0,1.0,6/32,16.88%,PIWIL2;MDK;NANOS1;MARF1;METTL3;M1AP
ARHGEF10,GO_Biological_Process_2023,prerank,Positive Regulation Of Interleukin-12 Production (GO:0032735),-0.36327527494332024,-0.8272571787969588,0.7406779661016949,1.0,1.0,7/33,13.14%,HLA-G;IL23R;TLR3;LGALS9;SYK;LTB;TNFSF4
ARHGEF10,GO_Biological_Process_2023,prerank,Positive Regulation Of DNA Recombination (GO:0045911),0.321412102073994,0.8272272794754297,0.8192419825072886,1.0,1.0,13/51,14.34%,PARP1;MAD2L2;MBTD1;EPC2;KAT5;TFRC;SHLD2;OOEP;INSL6;VPS72;MRNIP;ERCC2;ZCWPW1
ARHGEF10,GO_Biological_Process_2023,prerank,Positive Regulation Of Neuron Projection Development (GO:0010976),-0.30795632709809856,-0.8271023939476743,0.859594383775351,1.0,1.0,34/92,23.15%,ALK;SCARF1;EP300;RAPGEF2;MAGI2;FZD1;NTRK1;TUBB2B;NTRK2;DDR2;CAMK2B;CX3CL1;TWF1;BDNF;RET;RIT2;ZNF804A;TOX;APOE;TNN;CAPRIN2;PLPPR5;CAMK1;RETREG3;TENM3;P3H1;WNT5A;SCARB2;NTRK3;PLXNB2;PTN;STYXL1;STMN2;DBN1
ARHGEF10,GO_Biological_Process_2023,prerank,Cardiac Muscle Tissue Development (GO:0048738),0.3135183904003254,0.8270216543624845,0.8319559228650137,1.0,1.0,14/52,16.52%,BMP5;TBX20;NPPA;MESP1;KDM6B;PRMT1;ZFPM1;SGCZ;MYL7;BMPR1A;POLR2D;ADAMTS9;TTN;GARS1
ARHGEF10,GO_Biological_Process_2023,prerank,Cellular Response To Ketone (GO:1901655),0.32097072926653303,0.8267676694366569,0.7979002624671916,1.0,1.0,12/44,13.61%,POSTN;ADCY6;ADCY5;SPP1;TRERF1;SPHK2;PTGER2;CREB1;PCK2;ADCY8;AHR;ADCY2
ARHGEF10,GO_Biological_Process_2023,prerank,Bile Acid Metabolic Process (GO:0008206),-0.36506943942563186,-0.826477842047747,0.734860883797054,1.0,1.0,11/31,16.88%,CYP46A1;AKR1D1;SLC27A2;OSBPL9;GBA2;ACOX2;HSD3B7;OSBP;OSBPL1A;CYP39A1;AMACR
ARHGEF10,GO_Biological_Process_2023,prerank,Heart Process (GO:0003015),-0.420422073283287,-0.8258359216020859,0.7096219931271478,1.0,1.0,7/16,20.35%,NOX4;TRDN;SGCG;RAMP3;FYN;SOD1;SGCD
ARHGEF10,GO_Biological_Process_2023,prerank,ncRNA Catabolic Process (GO:0034661),-0.3649517018353197,-0.8255139457557004,0.7733755942947702,1.0,1.0,15/33,25.33%,SLFN14;RBM7;ZC3H12A;TENT4B;ZCCHC8;DIS3;XRN1;ELAC2;ZC3H4;EXOSC10;EXOSC2;LIN28A;EXOSC6;ERN2;EXOSC5
ARHGEF10,GO_Biological_Process_2023,prerank,Cell-Substrate Junction Assembly (GO:0007044),-0.3737976814851808,-0.8254568830571312,0.7609046849757674,1.0,1.0,13/28,25.45%,DYNLL1;TESK2;COL17A1;THSD1;ACTN2;SRC;PIP5K1A;RHOD;ITGB4;FN1;PEAK1;PLEC;WHAMM
ARHGEF10,GO_Biological_Process_2023,prerank,Positive Regulation Of Leukocyte Adhesion To Vascular Endothelial Cell (GO:1904996),-0.4221213567137685,-0.8250866835871491,0.7198581560283688,1.0,1.0,3/17,12.32%,ITGB2;CHST2;CHST4
ARHGEF10,GO_Biological_Process_2023,prerank,Negative Chemotaxis (GO:0050919),-0.3678436305685323,-0.8247789626411608,0.7464566929133858,1.0,1.0,11/31,24.07%,LRTM2;SEMA7A;ITGAV;SEMA6A;LRTM1;LGR6;SEMA3C;SEMA6C;SEMA3G;SEMA4C;SEMA3D
ARHGEF10,GO_Biological_Process_2023,prerank,Positive Regulation Of Secretion By Cell (GO:1903532),-0.31820178238064256,-0.8247579583664383,0.826530612244898,1.0,1.0,30/73,23.77%,CD33;KCNB1;P2RX4;STXBP5;IGF1;SYTL4;CD2AP;SOX11;IL1A;EXPH5;ADAM8;SNCA;TGFB2;TGFB3;CFTR;ADAM9;FRMD4A;ANXA2;APBB3;CLASP1;UNC13D;GRK2;EXOC7;CADPS2;ANG;IER3IP1;PPID;NMB;RAB2B;MYH10
ARHGEF10,GO_Biological_Process_2023,prerank,Positive Regulation Of Rho Protein Signal Transduction (GO:0035025),-0.36501128381978354,-0.8246493690726526,0.7368421052631579,1.0,1.0,5/31,12.19%,GPR20;F2RL2;ADGRG1;ARRB1;P2RY8
ARHGEF10,GO_Biological_Process_2023,prerank,Mitotic Cell Cycle Phase Transition (GO:0044772),0.2810372857577379,0.8241280512353139,0.9558359621451105,1.0,1.0,45/111,23.52%,CCNA1;CCND3;TAF2;CDC7;PPME1;CCNB3;BCAT1;CLASP2;LATS1;CAMK2A;CDKN3;ANAPC2;CCNI;PLCB1;DNM2;E2F3;ANAPC1;PIM2;CCNA2;CHMP2A;ARPP19;PHF8;CDC23;PPP6C;PLK3;CCNE1;CDC25C;POLE;UBE2A;PKMYT1;ZNF324;TRIM71;MELK;CTDP1;NES;SPAST;CCNJL;PLK2;CDC25B;CDC25A;USP37;LATS2;KHDRBS1;CACUL1;PLK1
ARHGEF10,GO_Biological_Process_2023,prerank,Regulation Of Ubiquitin-Dependent Protein Catabolic Process (GO:2000058),-0.3492436926954518,-0.8239874774585216,0.7921440261865794,1.0,1.0,19/42,28.90%,CCDC22;PTEN;UBE3A;HFE;UFL1;QRICH2;PML;CSNK2A1;CSNK2A2;FBXW7;CAV3;NUB1;RNF139;PTK2;L3MBTL3;GNA12;UBQLN4;PTK2B;PDCL3
ARHGEF10,GO_Biological_Process_2023,prerank,Regulation Of Neuron Differentiation (GO:0045664),-0.313283689814205,-0.8237386677184799,0.8424336973478939,1.0,1.0,25/79,22.20%,MMD2;NBL1;ALK;VWC2;ATOH1;CALR;ZEB1;SOX11;LRRK2;BDNF;SIX1;DTX1;HEY1;NREP;GDPD5;DLL1;IMPACT;NGF;BEND6;SOX2;MEF2C;TIAM1;ECT2;SOX3;FGFR1
ARHGEF10,GO_Biological_Process_2023,prerank,Positive Regulation Of Phosphorylation (GO:0042327),-0.2823106071374719,-0.8234460574517468,0.9445910290237467,1.0,1.0,83/231,26.38%,WNT3A;ALK;TIE1;FGF9;EGF;DAB2;BTBD10;FGF16;FLT3;FGF23;CLDN3;MOB3C;NTRK1;RALBP1;CD74;NTRK2;F2;ACVR2A;DDR2;MYDGF;CARD14;WDFY2;FAM20A;LRRK2;ARRB1;CDK2AP1;FAXDC2;AMH;RET;FGFR3;SIRT1;CIB1;MST1R;IL34;ILK;MOB1B;ENG;KCTD20;FZD7;EGFR;TYRO3;TNIK;AKR1B1;PINK1;FGFR4;PROM2;MAVS;INSR;VEGFC;FLT4;EFNA5;HLA-DRB1;FLT1;ERBB4;NTRK3;CHRNA7;CLIP3;TEK;ANG;FGF2;FLOT1;BRAT1;GAS6;FGFR1;STK4;AGER;ROCK2;PSEN1;CRKL;FMR1;MET;PTK2;DDR1;GPNMB;MRE11;LYN;P2RY1;FXR1;RARRES2;CDKN1A;RACK1;ROR2;SLCO3A1
ARHGEF10,GO_Biological_Process_2023,prerank,Positive Regulation Of Cell Division (GO:0051781),0.32440117860425943,0.8234130945948804,0.8051948051948052,1.0,1.0,12/43,23.05%,TAS2R13;NKX3-1;MAP10;FGFR2;PRKCE;PKP4;SPAST;CIT;KIF23;CDC25B;SVIL;GIPC1
ARHGEF10,GO_Biological_Process_2023,prerank,Positive Regulation Of DNA Repair (GO:0045739),0.2899477616376921,0.823348372008211,0.9192200557103064,1.0,1.0,31/89,18.37%,PARP1;INO80B;PHF10;SMARCB1;TFPT;SMARCD1;YY1;BCL7A;ACTR8;SMARCA4;EYA4;DPF1;OOEP;HMGB1;SMARCC1;TMEM161A;BABAM1;UCHL5;ZCWPW1;NFRKB;BRD7;DPF2;ARID1A;SLF1;RPS3;BABAM2;UBE2V2;UBE2N;INO80;ACTB;MCRS1
ARHGEF10,GO_Biological_Process_2023,prerank,Phagocytosis (GO:0006909),0.30008468182380915,0.8232047806274607,0.8774928774928775,1.0,1.0,12/68,12.31%,CD93;PECAM1;ADORA1;ADORA2A;ITGB1;RARA;HMGB1;CD302;GULP1;MSR1;MEGF10;SH3BP1
ARHGEF10,GO_Biological_Process_2023,prerank,Regulation Of Mitotic Spindle Organization (GO:0060236),-0.354253972333282,-0.8228056930131958,0.7524590163934426,1.0,1.0,10/39,20.19%,EML3;PSRC1;CHMP5;STIL;MAP9;CHMP4C;TACC3;HSPA1B;TPX2;CCSAP
ARHGEF10,GO_Biological_Process_2023,prerank,Positive Regulation Of Canonical Wnt Signaling Pathway (GO:0090263),0.2926592911609724,0.8227286915228902,0.9166666666666666,1.0,1.0,32/84,20.68%,SCEL;SFRP4;WNK2;LGR5;FAM53B;NFKB1;DAPK3;UBR5;TMEM9;UBE2B;FGFR2;MRPS12;TGFB1;RNF220;PPM1A;CCAR2;LRRK1;USP8;ATP6AP2;TBL1X;AMER1;JUP;CSNK1G2;TNKS;PIN1;USP47;CSNK1G3;BMAL1;GID8;PLEKHA4;DDX3X;CDH3
ARHGEF10,GO_Biological_Process_2023,prerank,Neuron Projection Guidance (GO:0097485),-0.2972414433565408,-0.8221372541481872,0.8966521106259098,1.0,1.0,34/124,19.76%,LRTM2;EFNB1;ROBO3;EPHA5;NELL2;SEMA7A;CNTN1;PLEKHG4;DCC;ROBO4;PALLD;NOTCH1;EPHA4;EFNA3;KIF5A;ARHGEF25;SEMA6A;LRTM1;BDNF;ENAH;RET;CXCL12;LGR6;CYFIP1;EMB;EFNB3;OPHN1;SEMA3C;EPHB2;KIF5B;FYN;WNT5A;EFNA5;VASP
ARHGEF10,GO_Biological_Process_2023,prerank,COPII-coated Vesicle Budding (GO:0090114),0.33930671454553396,0.8221308985752771,0.7816711590296496,1.0,1.0,15/36,22.97%,SEC31B;VAPB;SEC24C;TRAPPC2B;MIA3;PPP6C;TRAPPC2L;SEC24A;SEC23B;TRAPPC4;RAB1A;PDCD6;TRAPPC12;TRAPPC1;TRAPPC5
ARHGEF10,GO_Biological_Process_2023,prerank,Regulation Of Nervous System Development (GO:0051960),0.3162211069635753,0.8219390829826473,0.8604060913705583,1.0,1.0,8/46,6.54%,HES3;TNFRSF1B;HES6;YTHDF2;LGI4;HEYL;CTNNB1;PER2
ARHGEF10,GO_Biological_Process_2023,prerank,Central Nervous System Development (GO:0007417),-0.2747933065922146,-0.8218001951442673,0.9786950732356857,1.0,1.0,81/278,22.50%,HESX1;VIT;MNX1;TPPP;KLK6;CNTN1;ZIC1;ADAM22;JRKL;ATOH1;PTEN;ZBTB16;ADAM23;EIF2B5;MDGA1;NR4A2;NHEJ1;ZIC4;MATCAP1;MARCKS;MYRF;RBBP7;ELP3;GRIN2B;ADGRG1;GRIN1;SOX11;ITGAM;SH3GL2;CTNS;SLC2A1;NFIB;CDK5;ALDH3A2;SMARCA1;UGP2;FOXJ1;MFSD2A;UBE3A;VCX;GBA2;NHLH1;RTN4;COL4A1;MSI1;PTPRZ1;AMIGO2;SOX10;RTN3;PBX4;AMIGO1;SHC3;GRHL2;CLN5;PKD1;DLL1;NOTO;PPP1R17;SH3GL3;AHI1;SHROOM4;LIG4;SHROOM2;MAST1;BAG6;NPAS2;PRKN;ZIC3;LSR;HSPG2;IER3IP1;SPINK5;PLXNB2;MARCKSL1;LOXL3;AIM2;TGFBR2;SOX3;CHD7;GSN;SOX8
ARHGEF10,GO_Biological_Process_2023,prerank,Positive Regulation Of Excitatory Postsynaptic Potential (GO:2000463),-0.3852523556062952,-0.8215891048242524,0.7327586206896551,1.0,1.0,5/22,15.07%,PTEN;GRIN2B;NETO1;GRIN1;DLG4
ARHGEF10,GO_Biological_Process_2023,prerank,Organelle Disassembly (GO:1903008),0.3106153599394014,0.8213879673205572,0.8509485094850948,1.0,1.0,17/54,17.17%,UFC1;TEX264;DDRGK1;DYRK3;GFM2;EIF2D;KAT5;MRRF;KIF9;HDAC6;TRIP4;MAP4;ULK2;PLIN3;KLC1;PLK3;RRP7A
ARHGEF10,GO_Biological_Process_2023,prerank,'De Novo' Post-Translational Protein Folding (GO:0051084),0.34714022949205836,0.8213814791086361,0.7805555555555556,1.0,1.0,11/30,17.04%,GAK;HSPA2;DNAJB4;HSPA13;DNAJC18;HSPA9;DNAJB14;UGGT1;ENTPD5;HSPA1A;DNAJC7
ARHGEF10,GO_Biological_Process_2023,prerank,Cellular Response To Hydrogen Peroxide (GO:0070301),0.3417418961477109,0.8212513877906598,0.7525773195876289,1.0,1.0,11/34,16.29%,EDN1;ANKZF1;RIPK1;RHOB;HDAC6;TRPA1;CLU;RELA;CAT;CYP1B1;RPS3
ARHGEF10,GO_Biological_Process_2023,prerank,Gene Expression (GO:0010467),0.250602174540804,0.8211756775468668,1.0,1.0,1.0,103/294,20.50%,H3C1;RBM6;RPL31;ASMT;SARNP;TSPAN33;MRPS33;AGO2;RBPMS;RPS6KB2;BICD1;MRPL43;TNIP1;FARSB;MRPL55;MRPL9;GALNT2;ALKBH5;RPLP2;CHTOP;MRPS16;RPS4Y1;THOC6;RPL36;RPL13A;CASP7;MRRF;MRPS11;COPS5;RBM4;MRPS12;MRPL52;NUP160;NUP107;EIF4A3;FAU;MBTPS1;THOC7;RPL27A;DEDD2;MBTPS2;RPS16;MRPL13;RPS4X;ZNF830;RPS7;EXOSC4;MAGOHB;MRPL28;RPL28;RPL11;EXOSC8;DUSP11;DARS1;RPS21;MRPL34;MRPL37;EIF4G1;HSPD1;RPS3;FYTTD1;RPL35;M1AP;MRPS7;RPL18;SMG7;MRPL41;HNRNPD;MRPS18B;GOLPH3;RPLP0;EXOSC9;RPS15;RPL34;AGFG1;RPL10;RPL9;SARS1;RPL18A;RPS24;XRN2;SMG5;RPLP1;SRBD1;MRPS18A;YTHDC1;TPR;HNRNPK;MPHOSPH10;PABPN1;RPS5;MRPL27;MRPS17;SYNCRIP;RRBP1;RPS14;RPS28;YARS2;RPL17;RPS25;RPL23A;RPL12;NUP133
ARHGEF10,GO_Biological_Process_2023,prerank,Endosome To Lysosome Transport Via Multivesicular Body Sorting Pathway (GO:0032510),-0.42693414797437207,-0.8207497072714195,0.7155025553662692,1.0,1.0,5/15,16.60%,CHMP5;UBXN6;VPS4A;CHMP4C;MVB12A
ARHGEF10,GO_Biological_Process_2023,prerank,Negative Regulation Of Intrinsic Apoptotic Signaling Pathway (GO:2001243),-0.32746304105230783,-0.8207452826003461,0.8107255520504731,1.0,1.0,23/61,23.00%,NOL3;ENO1;NME5;XBP1;LRRK2;HYOU1;SNAI2;BCL2L2;SRC;CXCL12;SIRT1;CDKN2D;RTKN2;SELENOS;NDUFS3;DDIAS;PINK1;SYVN1;BCL2L1;PRKN;SFRP2;HERPUD1;CREB3L1
ARHGEF10,GO_Biological_Process_2023,prerank,Regulation Of Biomineral Tissue Development (GO:0070167),0.3537631286445125,0.8206418661631217,0.7853403141361257,1.0,1.0,4/25,3.16%,NOS3;CYP27B1;S1PR1;SGMS2
ARHGEF10,GO_Biological_Process_2023,prerank,Negative Regulation Of miRNA Metabolic Process (GO:2000629),-0.3973697932238195,-0.8206254455928851,0.7288135593220338,1.0,1.0,4/21,15.24%,LILRB4;TENT2;NFIB;ZNF512B
ARHGEF10,GO_Biological_Process_2023,prerank,B Cell Activation (GO:0042113),-0.313095865273333,-0.820547385274784,0.8533950617283951,1.0,1.0,23/84,20.85%,MSH2;IFNK;NFAM1;CASP8;RAG1;FLT3;NHEJ1;CR2;BANK1;LYL1;HHEX;AKAP17A;BTK;IL11;KIT;TPD52;EPHB2;CHRNA4;GPR183;CTPS1;PRKCB;PLCG2;MEF2C
ARHGEF10,GO_Biological_Process_2023,prerank,Regulation Of Erythrocyte Differentiation (GO:0045646),0.3330206457658366,0.8201248625539711,0.8265582655826558,1.0,1.0,11/36,17.29%,MAFB;HIF1A;PRMT1;ZFPM1;ZNF16;ARNT;ANKRD54;PRKDC;HSPA9;HSPA1A;STAT3
ARHGEF10,GO_Biological_Process_2023,prerank,Stem Cell Differentiation (GO:0048863),0.32529581937559365,0.8198219510508987,0.8492063492063492,1.0,1.0,10/40,15.06%,BATF;ELL3;SOX21;CTNNB1;PSMD11;TP53;FGFR2;ZNF281;METTL5;FOXO4
ARHGEF10,GO_Biological_Process_2023,prerank,Mitochondrial Gene Expression (GO:0140053),0.28478305048672986,0.8195103248529059,0.9444444444444444,1.0,1.0,48/103,23.26%,MRPL38;MRPS33;MRPL45;MRPL2;MRPS24;MRPL43;MRPL55;MRPL50;MRPL9;GFM2;MRPS10;MRPS16;MRPS11;MRPS12;MRPL52;MRPS28;SLC25A33;MRPL13;MRPL28;MRPL34;MRPL37;TFB2M;MRPS7;MRPL41;MRPS18B;FASTK;MRPL17;MRPS26;PTCD3;MRPS18A;MRPL27;NDUFA7;MRPS17;QRSL1;MTERF4;FASTKD3;GATC;MRPS21;MRPL12;GATB;MRPS31;MRPL36;MRPS2;MRPL33;MRPL18;MRPL1;MRPL44;TWNK
ARHGEF10,GO_Biological_Process_2023,prerank,Positive Regulation Of Mitotic Cell Cycle Phase Transition (GO:1901992),0.3019501754994237,0.8193957454844033,0.883008356545961,1.0,1.0,18/63,16.27%,TNFSF13B;RDX;LSM11;ANAPC5;RGCC;CDC7;BRD4;RAD51B;RPTOR;AKT1;UBE2E2;HYAL1;RRM2B;PLCB1;RRM1;EIF4G1;CENPJ;CDC23
ARHGEF10,GO_Biological_Process_2023,prerank,Positive Regulation Of Hydrolase Activity (GO:0051345),-0.28457718087636547,-0.8188159662056756,0.9388335704125178,1.0,1.0,49/172,23.06%,CTSS;ALS2;CCL25;RAP1GAP;DOCK11;XCL1;RAPGEF2;NTRK1;CALM2;RALBP1;MTMR9;RGS8;CCL2;HMGB2;CX3CL1;RGS11;RASGEF1B;SGSM2;GSK3B;RAB11FIP2;DOCK9;RASGRP2;RASGRP3;RASGRF1;RGS16;CDKL5;CTSK;PLXNB1;CTSL;CALM1;RGL4;MAP4K4;PINK1;MAPK12;RALGPS2;MMUT;DOCK7;SGSM3;PREX1;RAPGEFL1;ARHGAP27;ECT2;DOCK6;RSU1;USP6NL;EZH2;DOCK10;RALGDS;CD200
ARHGEF10,GO_Biological_Process_2023,prerank,Positive Regulation Of Multicellular Organismal Process (GO:0051240),-0.2665948283227022,-0.8186797194211269,0.9849056603773585,1.0,1.0,105/386,22.50%,PAX2;TXK;AGT;ADRA1D;HLA-G;SMTNL1;GHRH;ELOVL3;CACNG1;INHBA;TGFB1I1;PPARGC1A;EGF;NFAM1;LEF1;DAB2;C1QTNF3;PRDM16;OGT;ESRRB;ENO1;LOXL2;SAP30;BMPR2;ZBTB16;CLEC6A;GLIPR2;IFI16;XBP1;AGPAT2;SYK;ZBTB7B;SMARCE1;LCP1;TSKU;PTH2R;GRPR;GHRHR;LRG1;FH;C1QBP;RBBP7;SOX11;CEBPB;IL1A;ZNF703;TLE6;ADRB2;PTGER4;IL4R;IL15;AMH;SIX1;FOXJ1;SIRT1;ACADL;HTR2B;ADAM8;TGFB2;IRF4;EPAS1;LHX1;RTN4;APOE;KDM1A;ZNF516;TGFB3;CACNB1;TSHR;BMP1;GJA1;ALOX12B;BCL7B;G0S2;CPT2;SOD1;GRB10;WNT5A;CCDC88B;LRPAP1;FABP5;BAD;OLFM1;LURAP1;SORL1;TIAM1;SCD;FGF2;MACROH2A1;FLOT1;TGFBR2;NME2;ALPL;CNOT3;PTN;CFL1;B4GALT5;GAS6;SMURF2;SMARCA2;SINHCAF;NMB;ELOVL6;EZH2;SOX8
ARHGEF10,GO_Biological_Process_2023,prerank,Axon Guidance (GO:0007411),-0.2909476361558285,-0.8185384833575653,0.9232954545454546,1.0,1.0,38/149,17.84%,LRTM2;EFNB1;ROBO3;EPHA5;NELL2;SEMA7A;CNTN1;PLEKHG4;DCC;ROBO4;PALLD;NOTCH1;EPHA4;EFNA3;KIF5A;ARHGEF25;PLXND1;NFIB;SEMA6A;LRTM1;BDNF;ENAH;RET;CXCL12;ALCAM;LHX1;LGR6;PLXNB1;CYFIP1;EMB;EFNB3;OPHN1;GAP43;RAC3;SEMA3C;EPHB2;KIF5B;FYN
ARHGEF10,GO_Biological_Process_2023,prerank,Positive Regulation Of Receptor Internalization (GO:0002092),-0.3852382034642678,-0.8184959602579419,0.7688356164383562,1.0,1.0,8/22,23.50%,WNT3A;EGF;MAGI2;ARRB1;PCSK9;INSR;CD63;FMR1
ARHGEF10,GO_Biological_Process_2023,prerank,Regulation Of Protein Kinase A Signaling (GO:0010738),-0.41399321848273585,-0.8182755970227067,0.7227036395147314,1.0,1.0,7/16,20.41%,PJA2;LRRK2;ADRB2;AMH;RAMP3;IAPP;SPATC1L
ARHGEF10,GO_Biological_Process_2023,prerank,Cellular Response To Metal Ion (GO:0071248),-0.2949447323467491,-0.8181443677699548,0.9007299270072993,1.0,1.0,46/132,24.13%,ADCY7;SLFN14;SLC13A5;ALOX15;ANK3;SLC41A1;P2RX4;SMPD1;CACNA1A;SYT4;LRRK2;CDKN2AIP;CPNE9;RASA4;CPNE4;HFE;KCNH1;SNCA;RASGRP2;DLG4;CDH1;CPNE3;EGFR;CACNA1H;CDKN1B;SYT11;SYT3;GLRA1;SYT7;WNT5A;PRKN;NEK7;PLCG2;BNIP3;MEF2C;SCN5A;TFR2;ECT2;AKR1C3;SUMO1;FOS;CPNE7;SYT1;MAPK8;CAMK2D;TIGAR
ARHGEF10,GO_Biological_Process_2023,prerank,Epithelial Tube Morphogenesis (GO:0060562),0.3369442911713444,0.8180467150333244,0.7631578947368421,1.0,1.0,10/33,18.93%,TBX20;MESP1;NKX3-1;CTNNB1;RHOB;SCRIB;PKHD1;CCM2;BMP4;HES1
ARHGEF10,GO_Biological_Process_2023,prerank,Histone mRNA Metabolic Process (GO:0008334),-0.3842705700586675,-0.8177228540123015,0.7426229508196721,1.0,1.0,11/23,25.86%,TENT2;TUT1;ERI1;TENT4B;UPF1;XRN1;MTPAP;EXOSC10;NCBP2;TUT7;SSB
ARHGEF10,GO_Biological_Process_2023,prerank,protein-DNA Complex Organization (GO:0071824),-0.33241190474975213,-0.817722842982133,0.8231511254019293,1.0,1.0,19/59,23.02%,EZHIP;MOS;MTA2;PARP10;HDAC10;SUV39H2;HMGB2;HMG20A;VCX;SIRT1;L3MBTL1;HDAC11;MTF2;LRWD1;SOX2;ZZZ3;BANF1;EZH2;HDAC8
ARHGEF10,GO_Biological_Process_2023,prerank,Regulation Of Protein Phosphorylation (GO:0001932),-0.2775982569610035,-0.8176551585724391,0.9592105263157895,1.0,1.0,71/261,21.50%,WNT3A;ITGB2;CORO1C;FGF9;DAB2;FGF16;PTEN;FGF23;CLDN3;MOB3C;NTRK1;RALBP1;IGF1;CD74;NTRK2;F2;ACVR2A;MYDGF;CARD14;ZC3H12A;WDFY2;FAM20A;LRRK2;ARRB1;CDK2AP1;SH3GL2;IBTK;TWF1;LRP6;FAXDC2;SIRT1;CIB1;IL34;CCNYL1;ILK;MOB1B;ENG;SPTBN4;IMPACT;EGFR;TARDBP;CCDC88C;TNIK;EPHB2;FYN;PINK1;PROM2;MAVS;INSR;SOD1;HRC;PLCE1;VEGFC;FLT4;IGFBP3;EFNA5;HLA-DRB1;CHP1;PRKN;ERBB4;NTRK3;CHRNA7;CLIP3;TEK;PLXNB2;NPM1;FGF2;ECT2;FN1;FLOT1;BRAT1
ARHGEF10,GO_Biological_Process_2023,prerank,Negative Regulation Of Immune System Process (GO:0002683),0.324788872234576,0.8175359568107426,0.8295454545454546,1.0,1.0,9/44,9.30%,FCRLB;NFKBIL1;NR1D1;GPER1;PDCD1;DAB2IP;FOXP3;MFHAS1;OTUD4
ARHGEF10,GO_Biological_Process_2023,prerank,Vitamin Transport (GO:0051180),-0.34828062724965414,-0.817505139623975,0.7873376623376623,1.0,1.0,5/39,3.45%,NPC1L1;SLC2A10;SLC19A3;SLC2A14;TCN1
ARHGEF10,GO_Biological_Process_2023,prerank,Cellular Response To Decreased Oxygen Levels (GO:0036294),-0.3165834359714075,-0.817446656091779,0.8463949843260188,1.0,1.0,23/73,21.22%,CPEB2;SCN2A;AQP3;STUB1;P4HB;NOTCH1;OPRD1;SUV39H2;HYOU1;AK4;BNIP3L;SIRT1;ADAM8;EPAS1;LMNA;EGLN1;PINK1;CPEB4;EGLN2;BAD;BNIP3;KCND2;TBL2
ARHGEF10,GO_Biological_Process_2023,prerank,Membrane Organization (GO:0061024),0.26206234906227827,0.8172497898223562,0.9846153846153847,1.0,1.0,70/164,22.43%,ATP10B;VPS37D;TMEM43;TMEM170A;KIF20A;SERP1;OCRL;RABEP1;EXOC3;VAPB;STX18;EXOC2;SYNJ1;CTDNEP1;UBXN2A;STEEP1;VPS33B;RABIF;MFN2;TLCD1;FCHO2;TOR1AIP2;NEMP1;PRKCI;DNM1L;BLTP3B;DMPK;SGCZ;DNM2;OPA1;SPTBN1;CHMP1B;TLCD2;TMEM33;SH3GLB2;CHMP2B;PICALM;CHMP2A;ESYT1;MTCH1;VTI1B;OSBPL2;EXOC5;LMNB2;FNBP1L;CHMP1A;HGS;LMNB1;REEP5;CNTN2;GLTP;CIBAR1;NUP93;DPP4;TOR1A;VPS28;VAMP3;SPAST;TSG101;LEMD2;BLTP1;REEP4;CR1;STAM;PICK1;NAPG;SYNJ2;PIK3C2A;GCA;CHMP3
ARHGEF10,GO_Biological_Process_2023,prerank,Negative Regulation Of Endopeptidase Activity (GO:0010951),-0.3212506794865088,-0.8172404658190141,0.8354037267080745,1.0,1.0,12/65,14.09%,ANXA8;SERPIND1;SERPINB8;SERPINA10;IFI16;RECK;TIMP1;SERPINH1;FETUB;SERPINA5;SPINK2;SPOCK3
ARHGEF10,GO_Biological_Process_2023,prerank,Positive Regulation Of Small Molecule Metabolic Process (GO:0062013),0.3431270616729519,0.8170862326687544,0.7959697732997482,1.0,1.0,10/33,13.28%,APOA1;HIF1A;RPTOR;AKT1;MLST8;P2RX7;IRS1;GAPDHS;PRKCE;ARNT
ARHGEF10,GO_Biological_Process_2023,prerank,Positive Regulation Of Neutrophil Migration (GO:1902624),-0.3803083984199756,-0.8170321013040958,0.7397034596375618,1.0,1.0,6/23,22.88%,XCL1;CD74;C1QBP;RAC2;XG;DAPK2
ARHGEF10,GO_Biological_Process_2023,prerank,Secondary Alcohol Biosynthetic Process (GO:1902653),-0.3843287205792798,-0.816964273972738,0.7643312101910829,1.0,1.0,9/24,20.50%,NPC1L1;TM7SF2;INSIG1;DHCR7;CYP51A1;G6PD;HMGCR;MVK;FDFT1
ARHGEF10,GO_Biological_Process_2023,prerank,Synaptic Vesicle Recycling (GO:0036465),-0.34465401622479364,-0.8168502178363906,0.8141025641025641,1.0,1.0,14/44,23.16%,WNT3A;AP2M1;SNCB;VAMP2;DNM1;CDK5;SNCA;OPHN1;SYT7;SNCG;PLD2;AP3B2;AP3S1;SYT1
ARHGEF10,GO_Biological_Process_2023,prerank,Positive Regulation Of Cytokinesis (GO:0032467),0.3316307388261381,0.8166856367139511,0.826530612244898,1.0,1.0,13/39,23.05%,TAS2R13;MAP10;PRKCE;CDCA8;PKP4;SPAST;CIT;INCENP;KIF23;CDC25B;BIRC5;SVIL;GIPC1
ARHGEF10,GO_Biological_Process_2023,prerank,Amino Acid Import Across Plasma Membrane (GO:0089718),-0.37732829371219206,-0.8166176656174499,0.7624398073836276,1.0,1.0,6/27,13.87%,SLC22A2;SLC6A6;SLC1A3;SLC7A8;SLC7A3;SLC6A9
ARHGEF10,GO_Biological_Process_2023,prerank,DNA Geometric Change (GO:0032392),-0.37052250111326857,-0.8159444820773132,0.7586206896551724,1.0,1.0,12/28,25.09%,RTEL1;HMGB2;RECQL4;POT1;UPF1;ASCC2;DTD1;DNA2;HMGB3;DDX1;ASCC1;MRE11
ARHGEF10,GO_Biological_Process_2023,prerank,Heparan Sulfate Proteoglycan Biosynthetic Process (GO:0015012),0.3609953565571108,0.81574761371193,0.7712895377128953,1.0,1.0,7/23,16.02%,HS3ST6;XYLT2;NDST1;HS6ST3;EXT2;HS3ST3B1;NDST3
ARHGEF10,GO_Biological_Process_2023,prerank,ncRNA Processing (GO:0034470),0.2810603048068706,0.8155121929047771,0.9565217391304348,1.0,1.0,48/100,23.52%,DDX47;RPP30;NOP14;TSEN34;LYAR;PELP1;PIH1D2;INTS10;MTREX;EMG1;RPS16;DDX49;RPS7;EXOSC4;SPPL2B;RPL11;INTS1;WDR36;ADAT1;RRP7A;NVL;MRTO4;EXOSC9;RPS15;MRM2;NOP56;INTS14;ESF1;RPS24;XRN2;NOC4L;FBL;RPS28;POP1;RPS25;RPS19;THG1L;KARS1;EBNA1BP2;RPS27;NOP53;NOL8;RPL26;TSEN2;RPL5;POP4;RRP9;SBDS
ARHGEF10,GO_Biological_Process_2023,prerank,Regulation Of Amyloid Fibril Formation (GO:1905906),0.40420462617604014,0.8154851140742628,0.7104622871046229,1.0,1.0,5/15,15.66%,PFDN1;PFDN5;PFDN2;CLU;USP8
ARHGEF10,GO_Biological_Process_2023,prerank,mRNA Processing (GO:0006397),-0.28127872863792475,-0.8153116719484521,0.9608636977058029,1.0,1.0,75/211,25.44%,NOVA2;PPARGC1A;CPSF6;HNRNPA1;SRSF10;TRA2A;AQR;SRSF4;WBP4;HEXIM1;PRPF40A;FRA10AC1;GPKOW;HNRNPH1;LSM6;TBRG4;LSM8;TCERG1;SF3B6;GEMIN5;HSPA8;PRPF4B;SRSF1;SNRNP40;RNPC3;SNRPF;SNRPB2;SNRPB;SNRPA;ZCCHC8;SRRM1;SF3B2;SNRNP70;SRSF3;BUD13;CWC22;TRA2B;SRRM2;SART1;METTL14;MAGOH;PRPF6;RBM22;SF3A2;RBM5;RNGTT;ISY1;HNRNPH3;HNRNPF;PPIE;RBM10;RAMAC;TFIP11;RBM14;SCAF11;SMU1;PRPF4;RBMX;PPIL1;CDC40;ESS2;SRSF6;SNRNP200;NCBP2;RBM8A;MFAP1;ERN1;LSM3;NUDT21;SNRPE;DHX8;DDX46;CMTR1;DDX41;SFPQ
ARHGEF10,GO_Biological_Process_2023,prerank,"Retrograde Transport, Endosome To Golgi (GO:0042147)",-0.3069576930385621,-0.8146814639602658,0.8634294385432474,1.0,1.0,37/92,26.24%,WIPF3;TBC1D10C;VPS26B;WASH6P;RAB7B;RAB7A;RAB6B;RAB43;RBSN;EHD3;WASH2P;SGSM2;WASHC2C;PLEKHJ1;CLN5;RCSD1;STX16;DENND2A;PHETA1;VPS54;SNX5;WASHC2A;RAB6A;SURF4;SNX8;TBC1D17;ERC1;STX10;MAGEL2;PIKFYVE;STX6;HEATR5B;VPS26A;RAB9B;UBE2O;RNF126;SPAG9
ARHGEF10,GO_Biological_Process_2023,prerank,Extracellular Matrix Disassembly (GO:0022617),-0.34191925734190387,-0.8143593299789678,0.7945859872611465,1.0,1.0,11/44,15.93%,CTSS;ADAMTS5;TMPRSS6;LCP1;EXOC8;KLK7;KLK4;MMP11;ADAM8;FURIN;CTSK
ARHGEF10,GO_Biological_Process_2023,prerank,Regulation Of B Cell Activation (GO:0050864),0.35268874033626524,0.8136670447346975,0.7703703703703704,1.0,1.0,3/25,11.25%,IL4I1;SH3KBP1;NOD2
ARHGEF10,GO_Biological_Process_2023,prerank,Positive Regulation Of Interleukin-6 Production (GO:0032755),-0.3164749855677894,-0.8133589168066199,0.848780487804878,1.0,1.0,19/75,20.87%,TLR3;RAB7B;CYBA;XBP1;LGALS9;SYK;LCP1;CD74;AKIRIN2;IL1A;TMEM106A;TNFSF4;NLRP10;SCIMP;MAVS;WNT5A;PLCG2;MAPK13;AIF1
ARHGEF10,GO_Biological_Process_2023,prerank,Negative Regulation Of Macromolecule Metabolic Process (GO:0010605),-0.28234222239761836,-0.8133278775716141,0.9450867052023122,1.0,1.0,62/186,23.43%,SLC2A10;WNT4;MAPT;RB1;PGR;OPTN;STOX1;TIPARP;POU4F1;PARP15;PARP10;CLDN3;LGALS9;HEY2;IGF1;NOTCH1;MYCN;OVOL2;ZC3H12A;OPRD1;CLDN5;SOX11;PDCD10;SH3GL2;WWP2;NOCT;AMH;UPK3B;PARP14;SIRT1;GSK3B;TGFB2;EMILIN1;KDM4A;PCSK9;RBMS3;CNPY2;APOE;ENG;DGKQ;TARDBP;AURKA;PINK1;HINFP;SMAD5;PRKN;STC2;AP1AR;FBXW7;OLFM1;MEF2C;FGF2;SFRP2;FLOT2;DNMT1;LDLR;ROCK2;CREB3L1;SETDB2;PSEN1;HAVCR2;CRKL
ARHGEF10,GO_Biological_Process_2023,prerank,Regulation Of Protein Serine/Threonine Kinase Activity (GO:0071900),0.2782430075115182,0.8128610103963687,0.9371069182389937,1.0,1.0,41/112,20.93%,CDKN2C;MST1;LTF;CCNA1;CCND3;SYAP1;MNAT1;DAB2IP;CCNB3;RPTOR;CDKN3;PYCARD;AKT1;ETAA1;TCL1B;BLM;CCNI;CALM3;CAB39;SLC8A3;MAP2K2;CCNA2;CCNK;CCNT1;SLC27A1;CCNE1;TAB1;HGS;CCNH;CDC25C;ACTB;PKMYT1;THY1;CDK5R1;KSR1;SERTAD1;TESK1;SLC8A1;DDX3X;TSG101;CCNJL
ARHGEF10,GO_Biological_Process_2023,prerank,Heart Morphogenesis (GO:0003007),0.30524763394837934,0.8127440253401859,0.8793103448275862,1.0,1.0,15/58,16.66%,TH;NOS3;TBX20;MESP1;HEYL;ZFPM1;MDM4;BMPR1A;SYNPO2L;SOX9;MESP2;TTN;TGFBR1;SMAD2;ACVR1
ARHGEF10,GO_Biological_Process_2023,prerank,Response To Tumor Necrosis Factor (GO:0034612),-0.2978111598509016,-0.812667524456138,0.8852691218130312,1.0,1.0,21/106,16.86%,GSDME;CCL25;TRADD;GBA1;ADAMTS7;SPHK1;CASP8;XCL1;GATA3;SMPD1;SLC22A5;ZC3H12A;CCL2;LRRK2;CX3CL1;NFKBIA;GCH1;SIRT1;CIB1;ADAM9;ADAMTS12
ARHGEF10,GO_Biological_Process_2023,prerank,Detection Of Mechanical Stimulus (GO:0050982),0.3810932011375599,0.8124151912771509,0.7471264367816092,1.0,1.0,7/18,17.58%,PKDREJ;CTNNB1;PKD2L2;CDH2;TTN;PIEZO2;JUP
ARHGEF10,GO_Biological_Process_2023,prerank,Ceramide Catabolic Process (GO:0046514),-0.42219377007609443,-0.8122047778645172,0.7346938775510204,1.0,1.0,6/15,14.95%,LCT;GLA;NEU1;ACER3;NEU3;CEL
ARHGEF10,GO_Biological_Process_2023,prerank,Glycolipid Metabolic Process (GO:0006664),-0.34986374446038543,-0.8118008212898571,0.797716150081566,1.0,1.0,16/33,27.20%,GALC;B4GALNT1;SMPD1;SCCPDH;PGAP1;PIGW;NEU3;GBA2;PGAP3;FUCA1;ST8SIA6;CPTP;B3GNT5;B3GALNT1;GM2A;ST6GALNAC6
ARHGEF10,GO_Biological_Process_2023,prerank,Cardiac Muscle Cell Contraction (GO:0086003),0.3840134694821734,0.8117495747561291,0.7245657568238213,1.0,1.0,6/18,12.56%,SCN2B;CACNA1G;KCNE2;SCN1B;FGF12;SCN1A
ARHGEF10,GO_Biological_Process_2023,prerank,Acylglycerol Metabolic Process (GO:0006639),-0.34351485448799174,-0.81162509776734,0.8214876033057851,1.0,1.0,13/41,20.61%,APOC1;ABHD6;DGKG;LCP1;APOH;DGKK;APOE;DGKI;DGKQ;ABHD2;LMF1;DGKH;SEL1L
ARHGEF10,GO_Biological_Process_2023,prerank,Intracellular Lipid Transport (GO:0032365),-0.40369922564359934,-0.811403237882187,0.745819397993311,1.0,1.0,12/17,26.59%,CERT1;CPT1B;CPT2;ABCD3;FABP3;GRAMD1A;NPC2;CPT1A;SLC25A20;ARV1;TMEM41B;GRAMD1B
ARHGEF10,GO_Biological_Process_2023,prerank,Activation Of Adenylate Cyclase Activity (GO:0007190),-0.4019673093342715,-0.8113622556669389,0.7389078498293515,1.0,1.0,7/20,19.29%,LHCGR;SERPINB8;ADORA2B;ADRB2;EDNRA;P2RY11;PRSS8
ARHGEF10,GO_Biological_Process_2023,prerank,Negative Regulation Of Protein Localization To Cell Periphery (GO:1904376),0.36480666168193016,0.8112110883146219,0.735,1.0,1.0,9/20,17.22%,SAPCD2;PPP2R5A;MRAP2;CLTC;TMBIM1;TGFB1;PICALM;TMEM59;PID1
ARHGEF10,GO_Biological_Process_2023,prerank,Positive Regulation Of Dephosphorylation (GO:0035306),-0.36886275515246253,-0.810526993494326,0.7873376623376623,1.0,1.0,10/29,19.64%,GBA1;DYNLL1;SMPD1;CALM2;MTMR9;SRC;PPP1R16B;CALM1;CNEP1R1;PRKCD
ARHGEF10,GO_Biological_Process_2023,prerank,Cholesterol Biosynthetic Process (GO:0006695),-0.3813344274663651,-0.8104739071948522,0.7843450479233227,1.0,1.0,9/25,20.50%,NPC1L1;TM7SF2;INSIG1;DHCR7;CYP51A1;G6PD;HMGCR;MVK;FDFT1
ARHGEF10,GO_Biological_Process_2023,prerank,Regulation Of Wound Healing (GO:0061041),0.32092720122799945,0.8104605911061847,0.8438287153652393,1.0,1.0,10/46,15.00%,VTN;VIL1;HBEGF;ITGB1;CLDN4;DUOX1;ARFGEF1;SERPINE1;PRKCE;CLDN1
ARHGEF10,GO_Biological_Process_2023,prerank,DNA-templated Transcription (GO:0006351),-0.27789528687713644,-0.8103955426236052,0.9752066115702479,1.0,1.0,76/198,25.31%,TBPL2;THRB;TCEANC2;SMARCA5;TAF1C;XBP1;GTF2B;NR4A2;POLR3GL;ZBTB7B;RRAGC;TCEA3;SNAPC3;GTF2F2;SNAPC2;TRIP11;POLR2J;POLR2I;CBFB;NOCT;GTF2A1L;DTX1;ETV7;NFKBIB;NFIX;LHX1;MTERF3;MMS19;GTF2E1;GTF3C4;ERCC6;GTF2H4;NAT14;TAF10;GTF2A2;TAF4;TOPORS;TAF13;FOXO3;POLR3A;FUBP3;TAF1A;TEFM;DEAF1;GMEB2;TFAM;TRIP13;EPC1;POLR2H;NFIC;KLF13;PPP5C;GTF3C5;TAF1B;POLR2F;GTF3C2;RBMX;POLRMT;COPS2;RSF1;HIPK3;ZNF141;CEBPD;MKRN2;E2F1;DEK;POLR2A;NFAT5;POLR1C;PMF1;POLR3K;BAZ2A;CCNT2;NCOA6;SMAD4;SCX
ARHGEF10,GO_Biological_Process_2023,prerank,Positive Regulation Of Substrate Adhesion-Dependent Cell Spreading (GO:1900026),0.33634001693648213,0.810293376858569,0.8026666666666666,1.0,1.0,12/35,21.05%,NELL1;APOA1;LIMS2;CSPG5;MDK;FLNA;RAC1;ARHGEF7;TESK1;TRIOBP;CRK;DOCK1
ARHGEF10,GO_Biological_Process_2023,prerank,Neuron Projection Organization (GO:0106027),-0.4148288466195745,-0.8102622473585341,0.7332185886402753,1.0,1.0,8/16,27.69%,ARF1;GSK3B;INSR;KIFBP;CHRNA7;PSEN1;PLS1;APP
ARHGEF10,GO_Biological_Process_2023,prerank,Positive Regulation Of Amyloid-Beta Formation (GO:1902004),-0.40668030879483447,-0.8098962574819524,0.7529215358931552,1.0,1.0,9/17,28.40%,EPHA4;GSAP;LRRTM3;ABCG1;CHRNA7;ROCK2;CASP3;GSK3A;SLC2A13
ARHGEF10,GO_Biological_Process_2023,prerank,Long-Chain Fatty Acid Transport (GO:0015909),-0.38518528519038503,-0.8095139352868191,0.7624784853700516,1.0,1.0,11/23,24.90%,SLC27A2;MFSD2A;APOE;CPT1B;CPT2;FABP5;ABCD3;FABP3;RPS6KB1;CPT1A;SLC25A20
ARHGEF10,GO_Biological_Process_2023,prerank,Positive Regulation Of Granulocyte Chemotaxis (GO:0071624),-0.38884376448724167,-0.8094275886959268,0.7589743589743589,1.0,1.0,3/21,13.98%,XCL1;CD74;RAC2
ARHGEF10,GO_Biological_Process_2023,prerank,"RNA Splicing, Via Transesterification Reactions With Bulged Adenosine As Nucleophile (GO:0000377)",-0.2831339949706368,-0.8094122856666405,0.9571823204419889,1.0,1.0,60/177,24.17%,NOVA2;HNRNPA1;SRSF10;TRA2A;AQR;SRSF4;WBP4;PRPF40A;FRA10AC1;GPKOW;HNRNPH1;LSM6;LSM8;SF3B6;GEMIN5;HSPA8;PRPF4B;SRSF1;SNRNP40;RNPC3;SNRPF;SNRPB2;SNRPB;SNRPA;ZCCHC8;SRRM1;SF3B2;SNRNP70;SRSF3;BUD13;CWC22;TRA2B;SRRM2;SART1;METTL14;MAGOH;PRPF6;RBM22;SF3A2;RBM5;ISY1;HNRNPH3;HNRNPF;PPIE;RBM10;TFIP11;RBM14;SMU1;PRPF4;RBMX;PPIL1;CDC40;ESS2;SRSF6;SNRNP200;NCBP2;RBM8A;MFAP1;LSM3;SNRPE
ARHGEF10,GO_Biological_Process_2023,prerank,Regulation Of Cell Cycle Phase Transition (GO:1901987),-0.3798298107614107,-0.8090117231319757,0.7698675496688742,1.0,1.0,9/25,24.10%,MN1;ING4;DBF4B;CDKN1B;DBF4;DDB1;FBXW7;CCNQ;NEK11
ARHGEF10,GO_Biological_Process_2023,prerank,Negative Regulation Of Canonical Wnt Signaling Pathway (GO:0090090),0.2732617221253468,0.8089713763371534,0.9782608695652174,1.0,1.0,29/112,19.35%,NKD2;SOST;MAD2L2;SFRP4;TMEM88;DACT3;MESP1;FRZB;LZTS2;DAB2IP;CHD8;APC2;MDK;LATS1;TLE5;PFDN5;RBX1;CTNND1;JADE1;NPHP3;SOX9;BICC1;GLI3;ZNRF3;AXIN2;ANKRD6;IGFBP4;IGFBP2;LMBR1L
ARHGEF10,GO_Biological_Process_2023,prerank,Modulation Of Chemical Synaptic Transmission (GO:0050804),0.26939052528781443,0.8088342975484731,0.9840255591054313,1.0,1.0,38/122,18.85%,NPAS4;GRIN3A;CNTNAP4;GRM6;CPLX1;MAPK8IP2;BAIAP3;GRM2;PLPPR4;ITGB1;TPRG1L;FER1L5;PXK;CPLX2;GRID1;USP46;CAMK2A;SLC12A2;DLGAP2;DGKZ;GRIK1;CDH2;RELN;GRIK4;GRIK5;LRRC4;NPTX1;SLC8A3;RNF167;NLGN1;BCR;RIMS4;NLGN4Y;GRM5;DLGAP4;GRIA1;LRRC4C;GRM7
ARHGEF10,GO_Biological_Process_2023,prerank,T Cell Mediated Immunity (GO:0002456),0.3747385763413509,0.8088139956120537,0.7692307692307693,1.0,1.0,10/20,22.72%,CD70;SCART1;MICA;CTSH;BTN3A2;BTN3A3;CADM1;CD46;CR1;GNL1
ARHGEF10,GO_Biological_Process_2023,prerank,Cellular Response To Osmotic Stress (GO:0071470),0.3466751132607051,0.8086578964378278,0.8010610079575596,1.0,1.0,12/28,20.89%,EPO;RPTOR;PYCARD;MLST8;YBX3;CAB39;CAPN3;ARHGEF2;LRRC8D;SLC4A11;DDX3X;STK39
ARHGEF10,GO_Biological_Process_2023,prerank,Regulation Of Interleukin-8 Production (GO:0032677),0.28759398078229925,0.8085669373093457,0.9014925373134328,1.0,1.0,21/81,17.74%,TLR2;KLF4;OTUD7B;RIPK1;NOD1;AFAP1L2;PYCARD;LEP;HMGB1;NOD2;ANXA4;PARK7;SERPINE1;RELA;MAP2K5;RIGI;HSPA1A;MAPKBP1;CD58;STAT3;TLR5
ARHGEF10,GO_Biological_Process_2023,prerank,Regulation Of I-kappaB kinase/NF-kappaB Signaling (GO:0043122),-0.27716083757598736,-0.8083029387411915,0.9691275167785235,1.0,1.0,76/230,24.29%,LILRB4;NR1H4;WLS;TRADD;PDPK1;CCDC22;CASP10;OPTN;CASP8;LTBR;ATP2C1;CXXC5;CLEC6A;LGALS9;LIME1;IFIT5;CD74;MIER1;ZC3H12A;ANKRD17;LTB;CFLAR;CX3CL1;TRAF5;SLC35B2;TAB3;MAP3K3;TMEM106A;VAPA;SQSTM1;RFPL2;SIRT1;HTR2B;UFL1;NLRC3;MUL1;SUMO4;USP20;STAT1;SHISA5;TMEM9B;LAMTOR5;GJA1;PINK1;MAVS;RNF31;WNT5A;TIFA;HLA-DRB1;AKAP13;PRKN;TRIM13;TFG;PRKCB;PLCG2;PPP5C;LURAP1;TRIM22;EEF1D;ECT2;TAB2;TRIM52;RHOH;CARD8;DDX1;TANK;TICAM2;NLRP12;ZDHHC13;TRIM5;BST2;RBCK1;ZMYND11;TRAF4;USP10;GSTP1
ARHGEF10,GO_Biological_Process_2023,prerank,Negative Regulation Of Defense Response (GO:0031348),-0.29920954942315864,-0.8081138699357175,0.8781575037147102,1.0,1.0,30/111,22.22%,OTULIN;ENPP3;NR1H4;RB1;GBA1;C1QTNF3;TRIM45;IL22RA1;DHX58;AOAH;GATA3;IFI16;RNF26;C1QBP;PTGER4;NLRC3;TNFAIP6;MUL1;APOE;SELENOS;PROC;TYRO3;FEM1A;PRKCD;MVK;TEK;BANF1;MACIR;CYLD;METRNL
ARHGEF10,GO_Biological_Process_2023,prerank,Negative Regulation Of Cell Projection Organization (GO:0031345),-0.3314779310476066,-0.8080848128142629,0.8314049586776859,1.0,1.0,20/50,23.27%,WNT3A;RTN4RL2;PTEN;SPRY2;DCC;RAPGEF2;TSKU;EPHA4;GRIN2B;CIB1;APOE;PTPN9;FYN;KANK1;CRMP1;TRPV4;STMN2;MYLIP;PRAG1;SPRY3
ARHGEF10,GO_Biological_Process_2023,prerank,Intracellular Calcium Ion Homeostasis (GO:0006874),-0.2851195913243151,-0.808060281972748,0.9415954415954416,1.0,1.0,37/138,20.75%,CTRC;TRPM2;WBP2NL;CDH23;FZD9;SLC24A5;SLC8A2;CALCA;TRDN;PLN;ATP2C1;BAK1;CALCB;CALR;F2;ATP13A4;HCRTR1;DRD3;EDNRA;CXCL12;HTR2B;TRPC1;AFG3L2;TMEM203;MCUB;PML;MAIP1;HRC;TRPC5;TRPV4;STIM1;STC2;MICU2;CHRNA7;TRPC4;ATP2B1;TPCN2
ARHGEF10,GO_Biological_Process_2023,prerank,Cellular Response To Oxidative Stress (GO:0034599),-0.29502022533485206,-0.8079986725851501,0.9244444444444444,1.0,1.0,29/117,20.11%,CPEB2;SRXN1;TBC1D24;MAPT;PPARGC1A;ALDH3B1;PEX12;RBM11;PNPT1;ATM;NQO1;ZC3H12A;CCS;LRRK2;SQSTM1;SNCA;SELENOS;SUMO4;VKORC1L1;PDK2;EGFR;FOXO3;PINK1;G6PD;PYROXD1;HSPA1B;PRDX5;PRKCD;MSRA
ARHGEF10,GO_Biological_Process_2023,prerank,Cytoskeleton Organization (GO:0007010),-0.295189795591597,-0.8079362974842438,0.9215406562054208,1.0,1.0,35/111,24.84%,TIMD4;NOL3;AJUBA;MRAP;ARHGAP4;PAK6;SH3D19;PRPF40A;OBSL1;PALLD;CCL2;CAPZB;PACSIN2;SEMA6A;SIPA1L3;RHOG;BRWD1;APOE;DIAPH3;EPB41L3;RAC3;TNIK;MAST1;PLCE1;CDC42BPB;PACSIN3;STRIP2;PLD2;CFL1;ZMYM4;CNN2;ZNF135;FGD6;WDPCP;MAST4
ARHGEF10,GO_Biological_Process_2023,prerank,Proteasomal Protein Catabolic Process (GO:0010498),-0.27591088181348083,-0.8078406935760016,0.9711664482306684,1.0,1.0,75/219,24.76%,SIAH3;CSNK1A1;TRIM72;PEX12;PSMD7;PSMD6;DDIT3;SPSB2;XBP1;PSMA4;ASB2;SH3BGRL;STUB1;SKP1;AMBRA1;UBXN6;UBE3D;SIAH2;PJA2;DNAJB12;FBXL19;NHLRC3;ARRB1;KCTD2;WWP2;ZFAND2A;PSMA5;PSMA1;RNF4;SPSB4;TRIM3;PSMC3;SIRT1;GSK3B;PSMA3;BTRC;KLHL42;NSFL1C;PSMB6;TOPORS;ZNRF1;CUL4B;PML;PSMD3;BRSK2;SYVN1;ANKRD9;MARCHF6;BAG6;CDC34;DDB1;PRKN;TRIM13;PSMB7;FBXW7;SEL1L;NEDD4L;FBXO45;TNFAIP1;CUL4A;FEM1B;SMURF2;CUL1;CUL3;ERLEC1;FBXL22;KCTD5;RNF139;DCAF11;RBCK1;AGAP3;PSME4;PPP2R5C;PSMC2;RMND5B
ARHGEF10,GO_Biological_Process_2023,prerank,Negative Regulation Of Protein Ubiquitination (GO:0031397),-0.3264287029590476,-0.807768516474651,0.8411214953271028,1.0,1.0,20/54,24.56%,CRY1;OGT;SPRY2;FBXO5;MARCHF7;ARRB1;N4BP1;SQSTM1;MARCHF6-DT;UFL1;PINX1;HSPA1B;CHP1;PRMT3;ISG15;BUB3;SUMO1;HDAC8;GTPBP4;MINAR1
ARHGEF10,GO_Biological_Process_2023,prerank,Branching Morphogenesis Of An Epithelial Tube (GO:0048754),-0.341419031268737,-0.8075458814027523,0.7891373801916933,1.0,1.0,12/42,21.44%,PAX2;CITED1;TIE1;SIX1;COL4A1;NOTCH4;ENG;PKD1;NRARP;FGF2;SFRP2;TGFBR2
ARHGEF10,GO_Biological_Process_2023,prerank,Positive Regulation Of Fibroblast Proliferation (GO:0048146),-0.36760414682523823,-0.807349522119964,0.7565359477124183,1.0,1.0,16/28,28.96%,SPHK1;IGF1;CD74;DDR2;AMH;LIG4;WNT5A;FN1;GAS6;E2F1;CDK4;PDGFB;CDKN1A;PDGFC;PDGFA;CDK6
ARHGEF10,GO_Biological_Process_2023,prerank,Positive Regulation Of Axonogenesis (GO:0050772),-0.34808334199710367,-0.8072909563054278,0.7970297029702971,1.0,1.0,14/38,21.04%,MAPT;SEMA7A;SHTN1;ISLR2;SLITRK1;NTRK2;PLXND1;BDNF;CDKL5;PLXNB1;NGF;CHODL;PLXNB2;TIAM1
ARHGEF10,GO_Biological_Process_2023,prerank,Negative Regulation Of Autophagy (GO:0010507),0.2967071205474574,0.8069849528098935,0.885558583106267,1.0,1.0,27/61,23.52%,BMF;ZKSCAN3;RRAGD;EIF4G3;WASHC1;RPTOR;RRAGB;LEP;MLST8;USP36;MCL1;BCL2;EIF4G1;TSC1;KIF25;STAT3;SMCR8;LZTS1;TLK2;WDR6;RUBCN;FOXK2;QSOX1;RRAGA;TBC1D14;TRIM27;GOLGA2
ARHGEF10,GO_Biological_Process_2023,prerank,Regulation Of Cyclin-Dependent Protein Serine/Threonine Kinase Activity (GO:0000079),0.2883546082754871,0.8068668211623129,0.9302325581395349,1.0,1.0,23/79,18.14%,CDKN2C;CCNA1;CCND3;RGCC;MNAT1;CCNB3;LATS1;CDKN3;AKT1;MEN1;IPO7;BLM;CCNI;PROX1;TFAP4;CCNA2;CCNK;CCNT1;HEXIM2;CCNE1;CCNH;CDC25C;PKMYT1
ARHGEF10,GO_Biological_Process_2023,prerank,RNA Biosynthetic Process (GO:0032774),-0.3665856257269347,-0.8066349385719944,0.7869918699186992,1.0,1.0,7/29,17.26%,TBPL2;SMARCA5;POLA1;NAT14;TAF10;TAF4;TAF13
ARHGEF10,GO_Biological_Process_2023,prerank,mRNA 3'-End Processing (GO:0031124),-0.3377449516957772,-0.8061258337594156,0.8086124401913876,1.0,1.0,19/40,28.62%,CPSF6;TENT2;TUT1;HEXIM1;PAPOLB;CDC73;TENT4B;CSTF3;SSU72;CPSF1;MTPAP;WDR33;NCBP2;NUDT21;PEX2;CSTF2;APP;RPRD1B;RPRD1A
ARHGEF10,GO_Biological_Process_2023,prerank,Response To Interleukin-1 (GO:0070555),-0.3078324089817335,-0.8056332630658785,0.8657616892911011,1.0,1.0,27/83,26.35%,CITED1;CCL25;ADAMTS7;XCL1;LGALS9;SMPD1;ZC3H12A;CCL2;IL1R1;CX3CL1;SRC;SNCA;NLRP7;ADAMTS12;UPF1;MAPK13;RBMX;RC3H1;TANK;HDAC4;PRKCA;IGBP1;USP10;TAF9;IRAK3;IRAK2;SFRP1
ARHGEF10,GO_Biological_Process_2023,prerank,Regulation Of TOR Signaling (GO:0032006),0.28703049279830145,0.8056026398870326,0.9323943661971831,1.0,1.0,26/76,19.75%,LAMTOR2;FBXO9;RRAGD;DYRK3;HTR6;ARAF;RPTOR;RFFL;FLCN;RRAGB;LEP;MLST8;TSSK6;GPAT3;DEPTOR;NUAK1;PKHD1;TBC1D7;FNIP1;SH3BP4;TSC1;GOLPH3;WDR24;RICTOR;BMAL1;SMCR8
ARHGEF10,GO_Biological_Process_2023,prerank,Regulation Of miRNA Transcription (GO:1902893),0.2995221102272533,0.8054245533182104,0.8898305084745762,1.0,1.0,21/59,18.57%,GATA2;NGFR;KLF4;JUN;HIF1A;TEAD1;SMARCA4;TP53;RARA;NCOR2;TGFB1;SOX9;RELA;PPARG;TERT;NCOR1;REST;STAT3;MRTFA;EGR1;BMP4
ARHGEF10,GO_Biological_Process_2023,prerank,Positive Regulation Of Biomineral Tissue Development (GO:0070169),-0.3369603967533371,-0.8049788235482565,0.8148148148148148,1.0,1.0,15/43,22.23%,FZD9;WNT4;ODAPH;BMPR2;FBXO5;ACVR2A;SLC20A2;CEBPB;OXSR1;ATP2B1;MEF2C;TENT5A;PTN;ISG15;GPM6B
ARHGEF10,GO_Biological_Process_2023,prerank,Sterol Metabolic Process (GO:0016125),0.3019370902563944,0.804898741996275,0.8882521489971347,1.0,1.0,13/60,15.89%,CYP26B1;SULT2A1;APOA1;CYP26A1;LCAT;NSDHL;CYP7B1;APOL2;PIP4P1;STARD3;PMVK;SULT2B1;CYP1B1
ARHGEF10,GO_Biological_Process_2023,prerank,Protein Phosphorylation (GO:0006468),-0.25883690302332685,-0.8043165934777045,0.9987834549878345,1.0,1.0,162/500,24.28%,TXK;HIPK4;GDF7;BMX;PTPN6;EPHA5;HCK;ALK;CSNK1A1;GDF6;TLR3;MOS;PDPK1;GRK4;STK17B;BMPR2;FLT3;STK19;MYO3A;HASPIN;STK11;ABI3;SYK;MAK;RPS6KA4;STRADA;PAK6;NTRK1;CDKL4;ATM;PKN3;NTRK2;HIPK1;EEF2K;ACVR2A;EPHA4;DDR2;CDK2;CDKL2;FAM20A;CDK19;PNCK;CCL2;MAP3K5;LRRK2;CAMK2B;STK3;TESK2;PKN2;GRK7;CDK5;SRPK2;MAP3K3;LMTK3;AMH;PRPF4B;SRC;CDK16;BTK;FGFR3;GSK3B;TGFB2;LCK;PRKD2;SRPK1;CAMKV;PRKAR1B;RNASEL;CHEK2;CHEK1;ILK;MAPK15;CDKL5;WNK1;DGKQ;STK38L;CLSPN;KIT;PKD1;PDK2;MARK4;TAF10;EGFR;CDKL3;TYRO3;MKNK1;CAMK1;TAF4;MAPKAPK3;TAF13;AURKA;CDK14;TNIK;DCLK3;EPHB2;MAP4K4;FYN;CSNK2B;UVRAG;PINK1;FGFR4;OXSR1;WNK3;BRSK2;CSNK2A1;TSSK3;INSR;CSF2RA;MAPK12;MAST1;ULK3;FLT4;IGFBP3;GRK2;CDC42BPB;PRKCD;FLT1;ERBB4;MAPK6;NEK7;CSNK2A2;PRKCB;TEK;USP15;LMTK2;MAPK13;TAF4B;SBK1;NEK1;PBK;TGFBR2;PEAK1;COPS2;DYRK1A;GAS6;RPS6KA1;PLK4;TOP1;FGFR1;ERC1;STK4;HIPK3;DAPK2;ROCK2;PRKCA;PRAG1;MAPK14;CLK2;RPS6KB1;ATG13;HCST;CDK11B;CDK4;MAPK8;SMG1;ERN1;CAMK2D;MAP2K1;NEK11;PTK2;PRKX;ERN2
ARHGEF10,GO_Biological_Process_2023,prerank,Regulation Of Delayed Rectifier Potassium Channel Activity (GO:1902259),-0.4017634054211865,-0.8041015166552533,0.7312925170068028,1.0,1.0,4/16,9.59%,KCNRG;ANK3;VAMP2;KCNE4
ARHGEF10,GO_Biological_Process_2023,prerank,Phosphatidylcholine Metabolic Process (GO:0046470),0.30436642649704077,0.8040601631703175,0.9057591623036649,1.0,1.0,11/55,13.60%,PNLIPRP2;APOA1;PNPLA8;PLA2G10;LCAT;ABHD4;TSPO;CHKA;SLC44A3;MUC1;SLC44A1
ARHGEF10,GO_Biological_Process_2023,prerank,Positive Regulation Of Translation (GO:0045727),0.2734290022968415,0.8037304032572313,0.9792284866468842,1.0,1.0,42/108,23.00%,PIWIL2;YTHDF2;JMJD4;PRMT1;RPS6KB2;EIF3C;CSDE1;THBS1;EIF5A;EIF4G3;COA3;EIF6;BOLL;UPF3A;ZCCHC4;POLR2G;EIF4A3;YBX3;METTL5;PRKDC;RPS27L;RPS4X;PRR16;DHX36;METTL3;TRUB2;HNRNPD;PASK;FXR2;LARP4B;SYNCRIP;PYM1;DDX3X;YBX1;METTL8;FASTKD3;EIF3E;RPL26;UPF3B;PABPC1;KHDRBS1;HNRNPU
ARHGEF10,GO_Biological_Process_2023,prerank,Axonemal Dynein Complex Assembly (GO:0070286),-0.346983346315586,-0.8035917834476357,0.8183279742765274,1.0,1.0,9/37,15.21%,SPAG1;CFAP100;DNAH8;DNAH7;DNAAF1;CCDC63;DNAAF4;ODAD1;DNAH2
ARHGEF10,GO_Biological_Process_2023,prerank,Negative Regulation Of Telomere Maintenance (GO:0032205),0.39201006327731164,0.8032911590758376,0.7461928934010152,1.0,1.0,5/15,10.94%,PARP1;SLX4;RAD50;TERF2;ERCC1
ARHGEF10,GO_Biological_Process_2023,prerank,Double-Strand Break Repair (GO:0006302),0.261614212658005,0.8032670360199744,0.9963898916967509,1.0,1.0,48/168,17.67%,PARP1;MAD2L2;SFR1;TOP3A;MUS81;MPND;RAD51D;AP5Z1;POLM;EID3;MBTD1;RAD51;MTA1;SLX4;EME2;PAXX;YY1;PRPF19;ACTR8;RAD51B;TDP1;KAT5;RAD50;PARP9;BLM;ERCC1;HMGB1;RAD52;GEN1;BABAM1;POLB;NSMCE3;KDM4D;PRKDC;DTX3L;CYREN;SMC6;RMI1;SLF1;WRN;SMARCAD1;BABAM2;EME1;UBE2V2;UBE2N;INO80;NSD2;HUS1
ARHGEF10,GO_Biological_Process_2023,prerank,mRNA Catabolic Process (GO:0006402),-0.33451721836754456,-0.8032535254316964,0.8314785373608903,1.0,1.0,15/43,24.19%,SLFN14;DXO;PNPT1;LSM6;RNH1;UPF1;METTL16;XRN1;HSPA1B;THRAP3;RC3H1;EXOSC10;ZFP36;ERN1;TUT7
ARHGEF10,GO_Biological_Process_2023,prerank,Plasma Membrane Bounded Cell Projection Assembly (GO:0120031),-0.269038616703599,-0.8031869407850565,0.9818652849740933,1.0,1.0,108/273,25.78%,CFAP161;RABL2B;ABLIM3;ARF4;TMEM67;IFT57;RILPL2;MRAP;KIAA0586;PCNT;TCTN1;EMP3;DZIP1L;SHTN1;NUDCD3;RAPGEF2;MAK;PIBF1;CCDC113;DNAAF1;NOTCH1;TTC36;EHD1;SPAG6;CD2AP;CFAP47;TMEM231;CEP290;EMP1;ARFIP2;KIF27;CLUAP1;EMP2;ACTN2;EHD3;TEKT3;FOXJ1;OFD1;KIF3A;CDC14B;PMP22;TTC30A;CEP250;CEP19;CYFIP1;KIT;DZIP1;DYNLT2B;NME8;OPHN1;HYLS1;SEPTIN2;IFT122;PIP5K1A;TNIK;FAM149B1;RHOD;AHI1;MAP4K4;DNMBP;IFT88;B9D2;VSTM5;SNX10;KIF3B;FSCN1;RAB3IP;RAP1B;CARMIL1;KIF24;GALNT11;TTLL3;CDC14A;FHDC1;RAB17;AIF1;NEK1;TCTN3;S1PR2;MACIR;IFT52;WDR19;DYNC2I1;PLK4;GSN;ASAP1;CEP131;WDR35;TOGARAM1;INTU;BBS7;ACTR2;TTC8;POC1A;FGD6;CFAP70;WDPCP;DYNC2H1;FXYD5;RPGR;BBS2;FGD1;RAB23;WHAMM;RAP2B;SPATA13;WDR90;CFAP20
ARHGEF10,GO_Biological_Process_2023,prerank,Regulation Of Sodium Ion Transport (GO:0002028),-0.3523177731012079,-0.8029483025506224,0.7862969004893964,1.0,1.0,13/35,21.12%,NOS1;ANK3;P2RX4;SCN3B;NKAIN3;SPTBN4;WNK1;NEDD4;NKAIN4;WNK3;PRSS8;NEDD4L;SCN5A
ARHGEF10,GO_Biological_Process_2023,prerank,Calcium Ion Transport (GO:0006816),-0.2925698859649569,-0.8029313645928001,0.9260355029585798,1.0,1.0,35/112,20.28%,TRPM2;TRPV6;CDH23;SLC24A5;CACNG1;SLC8A2;RAMP1;MCOLN2;CACNA2D1;ATP2C1;P2RX4;ITGAV;CALCRL;CACNA1A;NMUR1;CACNB2;TRPV1;TRPV3;ORAI1;RAMP3;TRPC1;CACNB1;PKD1;CACNA1D;CACNA1H;FYN;ORAI3;CHRNA4;TRPM6;TRPC5;TRPV4;STIM1;ORAI2;CHRNA7;TRPC4
ARHGEF10,GO_Biological_Process_2023,prerank,Ceramide Biosynthetic Process (GO:0046513),-0.34160651138805886,-0.8028576622070297,0.8043478260869565,1.0,1.0,19/41,27.36%,B4GALNT1;GBA1;ST8SIA4;SMPD1;PNPLA1;SPTSSA;CERS2;ST8SIA3;ALOX12B;SMPD4;CERS6;ST8SIA6;SGMS1;B3GALT4;SMPD2;ASAH1;CERS4;ST6GALNAC6;SPTLC2
ARHGEF10,GO_Biological_Process_2023,prerank,RNA Splicing (GO:0008380),-0.2986731816592152,-0.8028180524304798,0.9124087591240876,1.0,1.0,37/98,24.16%,NOL3;PPARGC1A;KHSRP;SRSF10;SRSF4;WBP4;RRAGC;LSM6;PPP2R1A;TCERG1;SRPK2;SNRNP25;PRPF4B;SNRNP40;RNPC3;SNRPF;SRPK1;SNRPB;NRDE2;SRRM1;SF3B2;TARDBP;TRA2B;PDCD7;MAGOH;PRPF6;YJU2B;HNRNPH3;SCAF11;SNRNP48;SMU1;PRPF4;NCBP2;RBM8A;SCNM1;ARVCF;ZCRB1
ARHGEF10,GO_Biological_Process_2023,prerank,Regulation Of Bone Mineralization (GO:0030500),-0.321143637725489,-0.8027126437632565,0.8598425196850393,1.0,1.0,11/58,11.34%,FZD9;WNT4;SRGN;BMPR2;FGF23;NBR1;ENPP1;ACVR2A;DDR2;SLC20A2;AHSG
ARHGEF10,GO_Biological_Process_2023,prerank,Carboxylic Acid Transport (GO:0046942),0.3090218263984928,0.802598964781551,0.8670212765957447,1.0,1.0,19/53,20.15%,SLC7A10;SLC16A4;SLC36A2;SLC16A7;SLC36A1;SLC5A12;SLC16A6;SLC3A1;SLC1A5;SLC7A1;SLC16A3;SLC25A29;SLC25A10;SLC7A14;SLC7A2;SLC17A5;SLC16A10;SLC16A1;SLC6A11
ARHGEF10,GO_Biological_Process_2023,prerank,Response To Lipid (GO:0033993),-0.29485132236600675,-0.8021881507388889,0.9002932551319648,1.0,1.0,29/109,21.52%,LY96;IL23R;CITED1;CPS1;NOS1;AQP3;LGALS9;SYK;ALDH1A2;SRR;WNT9B;HMGB2;GCH1;NOCT;STRN3;SNCA;CDKN2D;SOCS2;LIAS;MAPKAPK3;FOXO3;OTUD5;FGFR4;SMAD6;ABCG1;PLCG2;SCD;TAB2;ALPL
ARHGEF10,GO_Biological_Process_2023,prerank,RNA Polymerase II Preinitiation Complex Assembly (GO:0051123),0.30930496818522984,0.8021593948289902,0.8634146341463415,1.0,1.0,14/49,17.92%,TAF12;TAF2;TAF8;MED16;MED8;MED7;MED9;TAF3;MED15;MED28;MED22;MED19;TAF5;GTF2A1
ARHGEF10,GO_Biological_Process_2023,prerank,Golgi To Vacuole Transport (GO:0006896),0.3867587139637206,0.8021513117630641,0.7402298850574712,1.0,1.0,6/17,18.42%,GAK;VTI1A;AP1G2;VPS52;VTI1B;LAMP1
ARHGEF10,GO_Biological_Process_2023,prerank,Regulation Of Dendritic Spine Development (GO:0060998),0.3627762988172186,0.802109959377605,0.7524752475247525,1.0,1.0,8/20,17.28%,GRIN3A;DLG5;FOXO6;TANC2;ARF6;NLGN1;PTPRS;PPFIA2
ARHGEF10,GO_Biological_Process_2023,prerank,Positive Regulation Of RNA Metabolic Process (GO:0051254),-0.351851892149964,-0.802061038170204,0.7993680884676145,1.0,1.0,14/33,24.45%,DXO;PNPT1;RBM20;HABP4;DIMT1;RBM22;RBM27;UTP15;DYRK1A;RIOK1;ERN1;POLR2A;SLC38A2;ZPR1
ARHGEF10,GO_Biological_Process_2023,prerank,Cellular Response To Interleukin-1 (GO:0071347),0.2850864715664582,0.8020597782289924,0.9251497005988024,1.0,1.0,22/79,22.20%,SPAM1;CD40;NKX3-1;IKBKB;NR1D1;NFKB1;HIF1A;DAB2IP;PYCARD;HYAL1;PLCB1;SOX9;RELA;TRAF6;PTGIS;EGR1;RPS6KA5;MYD88;HAS2;IRAK1;CACTIN;CD47
ARHGEF10,GO_Biological_Process_2023,prerank,Regulation Of Voltage-Gated Calcium Channel Activity (GO:1901385),-0.36652068456879744,-0.8017729718098031,0.7879282218597063,1.0,1.0,7/29,16.26%,S100G;CACNA1A;PPP3CC;CACNB2;PPP3R1;PPP3CA;CACNB1
ARHGEF10,GO_Biological_Process_2023,prerank,Positive Regulation Of Peptidyl-Serine Phosphorylation (GO:0033138),-0.30803773715024946,-0.801756281768729,0.8687022900763359,1.0,1.0,24/81,22.31%,IFNK;WNT3A;NOS1;STOX1;SH2D3C;SPRY2;AVP;OPRD1;PDCD10;BDNF;AMH;SNCA;RAMP3;PRKD2;IL11;CAPRIN2;EGFR;PINK1;NGF;DOCK7;NTRK3;SFRP2;GAS6;STK4
ARHGEF10,GO_Biological_Process_2023,prerank,Adaptive Immune Response Based On Somatic Recombination Of Immune Receptors Built From Immunoglobulin Superfamily Domains (GO:0002460),-0.38168015334399513,-0.801609604026527,0.7882960413080895,1.0,1.0,5/23,12.05%,MSH2;MYO1G;CR2;SLA2;EBI3
ARHGEF10,GO_Biological_Process_2023,prerank,Regulation Of Mitotic Cell Cycle (GO:0007346),0.26640853339313925,0.8013845700805312,0.9878419452887538,1.0,1.0,38/124,19.59%,CDK10;NKX3-1;ANAPC5;DAPK3;CCDC8;RNF40;IQGAP1;TMEM8B;TRIM35;ANAPC2;NEK9;NEK6;SMOC2;CUL9;ANAPC1;TFAP4;PIM2;GMNN;BRINP3;ERCC2;MEIS2;MKI67;SOX9;SCRIB;BRD7;DUSP3;LGMN;SDCBP;THAP1;CDC23;USP2;CDC25C;PKMYT1;PIN1;HSF1;NEK2;MAD2L1;CKS1B
ARHGEF10,GO_Biological_Process_2023,prerank,Regulation Of MAP Kinase Activity (GO:0043405),-0.2914684553707909,-0.8013813526217118,0.9366197183098591,1.0,1.0,43/114,26.06%,AGT;TRIB3;EGF;GBA1;FGF16;SPRY2;FLT3;LIME1;SMPD1;PDCD10;LRRK2;CD300A;HTR2B;MST1R;IL34;APOE;KIT;ADAM9;EGFR;INSR;PRKCD;FLT1;NTRK3;CD24;MEF2C;SORL1;FGF2;TPD52L1;DUSP1;RGS14;SNF8;PDGFD;FGFR1;EZH2;CAV3;SPRY3;TGFA;GSTP1;PDGFB;LYN;DUSP7;IRAK3;TDGF1
ARHGEF10,GO_Biological_Process_2023,prerank,Regulation Of Chemotaxis (GO:0050920),0.33749011549673247,0.8008680597155706,0.8238095238095238,1.0,1.0,12/28,21.84%,CXCR4;THBS1;USP14;TGFB1;STX4;EFNB2;PPM1F;DUSP3;MYCBP2;PDGFRA;PTPN2;P2RY12
ARHGEF10,GO_Biological_Process_2023,prerank,Superoxide Metabolic Process (GO:0006801),-0.3534634322353428,-0.8008251817114802,0.8239316239316239,1.0,1.0,7/33,10.46%,NCF1B;NOX4;CYBA;TAFA4;CYB5R4;NQO1;CCS
ARHGEF10,GO_Biological_Process_2023,prerank,Regulation Of Glucose Transmembrane Transport (GO:0010827),0.38452834584853524,0.8007706355111767,0.7410071942446043,1.0,1.0,3/17,7.87%,C3;BRAF;C2CD5
ARHGEF10,GO_Biological_Process_2023,prerank,Recombinational Repair (GO:0000725),-0.3004943540976869,-0.8005449917265787,0.8985074626865671,1.0,1.0,30/95,21.63%,AP5S1;RPA3;POLN;BRCA2;TONSL;NSMCE1;SMC5;RMI2;WDR48;RAD54B;XRCC5;REV3L;RECQL4;ZSWIM7;SLF2;AUNIP;RBBP8;POLL;NABP1;LIG3;EPC1;FSCN1;RECQL;RECQL5;RAD51AP1;SPIDR;XRCC2;NSMCE2;PPP4C;SWSAP1
ARHGEF10,GO_Biological_Process_2023,prerank,Positive Regulation Of Protein Serine/Threonine Kinase Activity (GO:0071902),0.26527414268689753,0.8000924506670093,0.9903536977491961,1.0,1.0,26/117,15.00%,EDN1;PIK3R6;LTF;CD40;CCND3;ATP2B4;RGCC;SYAP1;DAB2IP;DIRAS1;THBS1;RPTOR;AKT1;ETAA1;TCL1B;NOD2;PROX1;TGFB1;ROBO1;CALM3;NTF3;CAB39;DIPK2A;TENM1;MAP2K5;MAP2K2
ARHGEF10,GO_Biological_Process_2023,prerank,Modification-Dependent Protein Catabolic Process (GO:0019941),-0.2782587064558967,-0.7999978804551674,0.9714285714285714,1.0,1.0,67/190,23.66%,ARIH1;CNOT4;RNF144B;UBE2E1;RNF128;SPSB2;GET4;XBP1;UBL7;RNF43;ASB2;RNF26;STUB1;ANAPC11;RBBP6;FBXO8;SIAH2;RLIM;HERC4;ARRB1;UBB;RNF19B;KLHL15;SPSB4;SQSTM1;BTRC;FBXL14;NEDD4;RNF14;UBE2D4;RNF149;RC3H2;TOPORS;PSMD3;PINK1;FEM1A;SYVN1;KLHL3;AREL1;BAG6;UBR3;CDC34;OS9;DDB1;PRKN;RNF114;RNF150;MIB1;RNF130;UHRF1;UBE2D1;NEDD4L;WDR91;FBXO45;RC3H1;UBE2C;SMURF2;HERPUD1;ISG15;RNF168;MYLIP;UBA1;CUL3;MKRN2;RNF166;NAE1;NUB1
ARHGEF10,GO_Biological_Process_2023,prerank,Negative Regulation Of Viral Genome Replication (GO:0045071),0.3084044759970878,0.799982627085274,0.8709677419354839,1.0,1.0,17/53,18.62%,OASL;LTF;IFIH1;IFIT1;APOBEC3B;TNIP1;ISG20;SETDB1;PROX1;TRIM6;EIF2AK2;ZNFX1;IFITM1;TASOR;APOBEC3D;BTBD17;FAM111A
ARHGEF10,GO_Biological_Process_2023,prerank,Positive Regulation Of Antigen Receptor-Mediated Signaling Pathway (GO:0050857),0.3684324393641656,0.7999813430142244,0.7641277641277642,1.0,1.0,6/20,16.29%,TESPA1;IKBKG;FOXP1;RELA;NECTIN2;RPS3
ARHGEF10,GO_Biological_Process_2023,prerank,Regulation Of Fibroblast Proliferation (GO:0048145),-0.3342546218153405,-0.7999703569811208,0.8213114754098361,1.0,1.0,22/46,26.35%,B4GALT7;SPHK1;PARP10;IGF1;CD74;DDR2;CD300A;AMH;CDC73;NLRC3;LIG4;WNT5A;FN1;GAS6;SKI;E2F1;CDK4;GSTP1;PDGFB;CDKN1A;PEX2;SFRP1
ARHGEF10,GO_Biological_Process_2023,prerank,Positive Regulation Of Lamellipodium Organization (GO:1902745),-0.35811264519288644,-0.7998101586135595,0.8040885860306644,1.0,1.0,14/31,23.93%,CORO1C;AKIRIN1;CORO1B;SRC;RAC2;CYFIP1;CARMIL2;PIK3CA;ENPP2;FSCN1;PLCE1;CARMIL1;CDC42;ACTR2
ARHGEF10,GO_Biological_Process_2023,prerank,ncRNA-mediated Post-Transcriptional Gene Silencing (GO:0035194),-0.3988249354808483,-0.7996688402351642,0.7798319327731092,1.0,1.0,7/18,24.41%,AJUBA;CNOT8;TNRC6B;HELZ2;CNOT6;NCBP2;MOV10
ARHGEF10,GO_Biological_Process_2023,prerank,Amino Acid Transmembrane Transport (GO:0003333),0.3199373027413119,0.7995380945286427,0.865,1.0,1.0,10/42,16.83%,SLC7A10;SFXN2;SLC22A4;SLC25A18;SLC36A2;SFXN1;SLC36A1;SLC7A1;SLC1A6;SLC47A1
ARHGEF10,GO_Biological_Process_2023,prerank,Negative Regulation Of Secretion By Cell (GO:1903531),-0.3424251599279029,-0.7995243233127257,0.8131147540983606,1.0,1.0,11/40,18.33%,HTR1B;FGF23;NOTCH1;SYT4;DRD3;SNCA;APOE;IL11;CYP51A1;HMGCR;SYT11
ARHGEF10,GO_Biological_Process_2023,prerank,Maintenance Of Gastrointestinal Epithelium (GO:0030277),-0.3941158511469999,-0.7994058051661044,0.7589743589743589,1.0,1.0,1/18,4.51%,TFF3
ARHGEF10,GO_Biological_Process_2023,prerank,Negative Regulation Of Protein-Containing Complex Assembly (GO:0031333),-0.31773638939741483,-0.7991557728131253,0.859375,1.0,1.0,18/59,23.05%,TMC8;CSNK1A1;GBA1;EP300;OPRD1;PTGER4;HSPA8;SRC;GSK3B;NLRC3;ZDHHC12;IAPP;SMAD6;TFIP11;SORL1;CARD8;CDC42;HSPA5
ARHGEF10,GO_Biological_Process_2023,prerank,"mRNA Splicing, Via Spliceosome (GO:0000398)",-0.27553693115907907,-0.7989444004121775,0.975443383356071,1.0,1.0,69/208,24.17%,NOVA2;HNRNPA1;SRSF10;TRA2A;SDE2;AQR;SRSF4;WBP4;PRPF40A;FRA10AC1;GPKOW;HNRNPH1;LSM6;LSM8;COIL;SF3B6;SRPK2;GEMIN5;HSPA8;PRPF4B;SRSF1;SNRNP40;CLNS1A;RNPC3;SNRPF;SRPK1;SNRPB2;SNRPB;SNRPA;DDX20;ZCCHC8;SRRM1;SF3B2;SNRNP70;SRSF3;BUD13;CWC22;TRA2B;SRRM2;SART1;METTL14;MAGOH;PRPF6;RBM22;SF3A2;RBM5;ISY1;HNRNPH3;HNRNPF;PPIE;RBM10;TFIP11;RBM14;SCAF11;SMU1;PRPF4;RBMX;PPIL1;CDC40;DDX1;ESS2;SRSF6;SNRNP200;NCBP2;RBM8A;MFAP1;SCNM1;LSM3;SNRPE
ARHGEF10,GO_Biological_Process_2023,prerank,DNA-templated DNA Replication Maintenance Of Fidelity (GO:0045005),0.31345734180630896,0.7986249465792231,0.8542857142857143,1.0,1.0,17/43,21.38%,MUS81;RAD51;EME2;ETAA1;OOEP;BLM;GEN1;CENPX;WRN;EME1;CAMSAP3;CENPS;POLE;FAM111A;ZRANB3;PCNA;ATRX
ARHGEF10,GO_Biological_Process_2023,prerank,Regulation Of Cold-Induced Thermogenesis (GO:0120161),-0.28421118883759344,-0.798494950145028,0.9544159544159544,1.0,1.0,41/145,21.71%,ADAMTS5;ELOVL3;NOVA2;PPARGC1A;RB1;PCTP;PRDM16;OGT;DDIT3;STK11;SYK;ZBTB7B;PTH2R;PLCL1;NOTCH1;LAMA4;FH;CEBPB;ADRB2;IL4R;IL15;ACADL;IRF4;PGAM5;EPAS1;ALDH1A1;KDM1A;ZNF516;TSHR;GJA1;RBPJ;G0S2;ARRDC3;CPT2;GRB10;FABP5;DOCK7;SCD;PWWP2B;ALPL;CNOT3
ARHGEF10,GO_Biological_Process_2023,prerank,Regulation Of G Protein-Coupled Receptor Signaling Pathway (GO:0008277),0.28948985717992337,0.7983621147195626,0.9146666666666666,1.0,1.0,25/70,19.91%,EDN1;USP33;C3;KLK5;FRMPD1;GPER1;PPP1R9B;YWHAB;RPGRIP1L;PDE6G;CAMK2A;MRAP2;MGRN1;GUCY2D;PLCB1;RGS9;GIT2;RGS5;ROCK1;GNG4;RGS2;RASGRP4;NMT2;GNG7;GIT1
ARHGEF10,GO_Biological_Process_2023,prerank,Positive Regulation Of DNA-binding Transcription Factor Activity (GO:0051091),0.2500914290624945,0.7981130537625144,1.0,1.0,1.0,82/244,20.22%,EDN1;TLR2;LTF;CD40;PIDD1;TAF12;TRIM21;IKBKB;TRIM34;SMARCB1;RGCC;CTNNB1;NHLH2;TRIM37;FZD4;RIPK1;DDRGK1;FZD2;ESR2;NOD1;SMARCA4;IKBKE;HIPK2;CAMK2A;IL18R1;PYCARD;AKT1;TFRC;IL18;TRIM8;PRKCI;COPS5;IKBKG;USP14;NOD2;PARK7;EDA2R;TRIM6;RNF220;RELN;ADCY8;TSSK6;TCF3;DHX33;MBTPS2;DVL2;EIF2AK2;CLU;RELA;MAP3K13;CAPN3;PRDX3;TRAF1;MTPN;RIGI;PPARG;ATF2;NODAL;HSPA1A;SMO;TRAF6;RPS3;MALT1;TICAM1;ARHGEF2;TNFSF11;UBE2N;STAT3;PPRC1;JUP;HSF1;TRIM25;UBE2V1;PPIA;TRIM62;FER;CARD11;TRIM32;RPS6KA5;ADCY1;MYD88;ARID5B
ARHGEF10,GO_Biological_Process_2023,prerank,Acetylcholine Receptor Signaling Pathway (GO:0095500),0.362885432120556,0.797918539319582,0.7912371134020618,1.0,1.0,6/21,14.92%,CHRM4;CHRND;CHRNA3;PLCB1;RGS10;LYPD1
ARHGEF10,GO_Biological_Process_2023,prerank,Cilium Organization (GO:0044782),-0.27321129871258937,-0.7976343361610314,0.9807956104252401,1.0,1.0,86/226,25.78%,CFAP161;RABL2B;ABLIM3;ARF4;TMEM67;IFT57;RILPL2;KIAA0586;PCNT;TCTN1;DZIP1L;NUDCD3;CATIP;MAK;PIBF1;CCDC113;DNAAF1;NOTCH1;TTC36;EHD1;CFAP47;TMEM231;CEP290;KIF27;CLUAP1;EHD3;KIFAP3;TEKT3;FOXJ1;OFD1;KIF3A;CDC14B;TTC30A;CEP250;CEP19;MARK4;DZIP1;DYNLT2B;NME8;HYLS1;SEPTIN2;AURKA;IFT122;FAM149B1;CCDC32;AHI1;DNMBP;IFT88;B9D2;SNX10;KIF3B;MNS1;RAB3IP;KIF24;GALNT11;TTLL3;CDC14A;FHDC1;RAB17;NEK1;TCTN3;MACIR;IFT52;WDR19;IQCG;DYNC2I1;PLK4;GSN;ASAP1;CEP131;WDR35;TOGARAM1;INTU;TTC17;BBS7;ACTR2;TTC8;POC1A;CFAP70;WDPCP;DYNC2H1;RPGR;BBS2;RAB23;WDR90;CFAP20
ARHGEF10,GO_Biological_Process_2023,prerank,Calcium Ion Transmembrane Transport (GO:0070588),-0.30335322912849716,-0.797389562652946,0.9012345679012346,1.0,1.0,27/80,20.56%,TRPM2;TRPV6;SLC24A5;CACNG1;SLC8A2;MCOLN2;CACNA2D1;ATP2C1;P2RX4;ITGAV;CACNA1A;GRIN2B;GRIN1;TRPV1;TRPV3;ORAI1;TRPC1;CACNB1;PKD1;CACNA1D;MCUB;TRPM6;TRPC5;TRPV4;MICU2;TRPC4;ATP2B1
ARHGEF10,GO_Biological_Process_2023,prerank,Response To Glucose (GO:0009749),-0.3356192655331207,-0.7971530560247105,0.826580226904376,1.0,1.0,18/46,24.67%,PAX2;KCNB1;KLRG1;EIF2B5;XBP1;LCP1;VAMP2;SLC39A14;SELENOS;SLC30A8;TRA2B;SELENOT;ZNF236;EIF2B3;GAS6;LIN28A;ERN1;UNC13B
ARHGEF10,GO_Biological_Process_2023,prerank,Regulation Of Lipopolysaccharide-Mediated Signaling Pathway (GO:0031664),-0.3803125680049887,-0.7968878224190381,0.7473498233215548,1.0,1.0,7/21,23.31%,LY96;CD55;CX3CL1;SCIMP;CARD8;PRKCA;TRIM5
ARHGEF10,GO_Biological_Process_2023,prerank,Response To Copper Ion (GO:0046688),-0.3755082420185847,-0.7968200420611539,0.7635135135135135,1.0,1.0,3/22,14.08%,LOXL2;IL1A;SNCA
ARHGEF10,GO_Biological_Process_2023,prerank,Regulation Of Cell Communication (GO:0010646),-0.3311170493448984,-0.7967903100289848,0.8343949044585988,1.0,1.0,10/49,12.35%,TYMP;IGFBP7;TRDN;GRK4;GJA5;ITGAV;LTBP1;HCN4;LURAP1L;GRK7
ARHGEF10,GO_Biological_Process_2023,prerank,Transcription By RNA Polymerase I (GO:0006360),0.3873453523048369,0.7967232403734812,0.7627906976744186,1.0,1.0,2/15,4.40%,POLR2L;POLR1H
ARHGEF10,GO_Biological_Process_2023,prerank,Response To Purine-Containing Compound (GO:0014074),-0.37068111331697745,-0.7966859789028641,0.7788944723618091,1.0,1.0,8/24,16.28%,CITED1;P2RY6;P2RX4;NT5E;ENPP1;VGF;DGKQ;STAT1
ARHGEF10,GO_Biological_Process_2023,prerank,Dopaminergic Neuron Differentiation (GO:0071542),0.3681619616163885,0.7965083227945174,0.7817745803357314,1.0,1.0,5/19,17.60%,LMX1A;CTNNB1;OTX2;MANF;RYK
ARHGEF10,GO_Biological_Process_2023,prerank,Lysosome Localization (GO:0032418),0.3140647112387253,0.7964603697396418,0.8648648648648649,1.0,1.0,14/42,18.69%,CHGA;KLC2;VPS33B;PIK3CD;BORCS5;FLCN;BLOC1S2;MAP6;PIP4P1;HDAC6;PLEKHM2;RNF167;BORCS8;BLOC1S1
ARHGEF10,GO_Biological_Process_2023,prerank,Embryonic Limb Morphogenesis (GO:0030326),0.327307841401565,0.7962562285433654,0.8324324324324325,1.0,1.0,12/34,22.33%,CYP26B1;CTNNB1;MBNL1;ZNF358;GLI3;SALL1;FBXW4;PTCH1;CACNA1C;NIPBL;RARG;HDAC1
ARHGEF10,GO_Biological_Process_2023,prerank,B Cell Differentiation (GO:0030183),-0.3183901197025907,-0.7962344326424581,0.8626198083067093,1.0,1.0,15/60,20.21%,MSH2;IFNK;NFAM1;RAG1;FLT3;NHEJ1;CR2;LYL1;HHEX;IL11;KIT;TPD52;SYVN1;IRF2BP2;PLCG2
ARHGEF10,GO_Biological_Process_2023,prerank,Homologous Chromosome Pairing At Meiosis (GO:0007129),0.3332876390658024,0.7956704161346235,0.8422391857506362,1.0,1.0,5/29,14.99%,RNF212B;SYCP1;TEX11;ZCWPW1;TEX15
ARHGEF10,GO_Biological_Process_2023,prerank,Negative Regulation Of G1/S Transition Of Mitotic Cell Cycle (GO:2000134),0.3403212882003041,0.7954789367226373,0.8204488778054863,1.0,1.0,12/32,17.13%,GFI1B;MYO16;KLF4;FAM107A;CRLF3;FHL1;JADE1;BRD7;DLG1;NACC2;PLK3;PRMT2
ARHGEF10,GO_Biological_Process_2023,prerank,Positive Regulation Of Lipid Metabolic Process (GO:0045834),0.34926444729534867,0.7954428717893908,0.7979002624671916,1.0,1.0,7/24,11.20%,DISP3;SORBS1;SIRT4;RPTOR;AKT1;MLST8;CREB1
ARHGEF10,GO_Biological_Process_2023,prerank,Mitotic Cell Cycle Checkpoint Signaling (GO:0007093),0.3501855440290491,0.7953938108421358,0.8106060606060606,1.0,1.0,8/25,17.00%,ZWINT;CHFR;ZFYVE19;RAD50;BABAM1;AURKB;PLK3;BABAM2
ARHGEF10,GO_Biological_Process_2023,prerank,Positive Regulation Of Reproductive Process (GO:2000243),0.3365262509787033,0.7953546716120853,0.830379746835443,1.0,1.0,8/33,12.64%,ASIC2;SPAM1;PLA2G10;TACR1;AGO2;SYDE1;PLCB1;TACR3
ARHGEF10,GO_Biological_Process_2023,prerank,Positive Regulation Of Cell Development (GO:0010720),0.3253585472303254,0.7951255271749376,0.8398058252427184,1.0,1.0,12/35,19.75%,GPRASP3;MYF6;GPER1;RFX3;RASSF10;NIBAN2;FAIM;NUMBL;BMP4;SPEN;SERPINF1;TRIM32
ARHGEF10,GO_Biological_Process_2023,prerank,Negative Regulation Of TORC1 Signaling (GO:1904262),-0.3682402351956375,-0.7948389308681802,0.8090614886731392,1.0,1.0,11/25,26.93%,RNF152;STK11;WDR59;SESN1;DEPDC5;BMT2;MIOS;ITFG2;NPC1;CASTOR3P;CASTOR1
ARHGEF10,GO_Biological_Process_2023,prerank,Positive Regulation Of Catalytic Activity (GO:0043085),-0.3416714809646256,-0.7947791088810777,0.8293075684380032,1.0,1.0,18/40,24.01%,MSH2;XRCC4;NHEJ1;B3GAT3;XRCC5;PHACTR4;CIB1;POT1;FDX1;MSH3;FDX2;FGFR4;SOD1;SSBP1;MAPK14;PSEN1;MAPK8;AZIN2
ARHGEF10,GO_Biological_Process_2023,prerank,Intracellular Sodium Ion Homeostasis (GO:0006883),-0.39480834729865694,-0.7946003118392283,0.7851099830795262,1.0,1.0,5/18,13.81%,SCNN1B;SCNN1A;SCNN1G;ATP1A4;ATP1A2
ARHGEF10,GO_Biological_Process_2023,prerank,Regulation Of Androgen Receptor Signaling Pathway (GO:0060765),0.3424190419345838,0.7945972136831531,0.8179419525065963,1.0,1.0,10/27,17.94%,HEYL;SMARCA4;NCOR2;PARK7;HDAC6;FOXP1;NODAL;NCOR1;PRMT2;SAFB2
ARHGEF10,GO_Biological_Process_2023,prerank,Negative Regulation Of RNA Biosynthetic Process (GO:1902679),0.38708944788550426,0.7945853019028599,0.7807228915662651,1.0,1.0,9/16,24.76%,APOBEC3B;FCN3;SETDB1;TASOR;APOBEC3D;APOBEC3F;APOBEC3C;INPP5K;ZNF653
ARHGEF10,GO_Biological_Process_2023,prerank,Positive Regulation Of Interleukin-1 Production (GO:0032732),-0.31499303418994773,-0.7945768061599944,0.8752,1.0,1.0,10/63,15.67%,NLRC4;CASP8;NLRP1;IFI16;LGALS9;LCP1;NLRP2;TMEM106A;NLRP10;AZU1
ARHGEF10,GO_Biological_Process_2023,prerank,Heart Trabecula Morphogenesis (GO:0061384),0.3801365724166521,0.794014061325344,0.7912844036697247,1.0,1.0,5/18,16.07%,BMP5;S1PR1;BMPR1A;POLR2D;TGFBR1
ARHGEF10,GO_Biological_Process_2023,prerank,Positive Regulation Of Synaptic Transmission (GO:0050806),-0.3044817773006974,-0.7938364032651505,0.9078341013824884,1.0,1.0,24/77,23.50%,NOL3;ADRA1D;SLC8A2;VAMP2;CCL2;GRIN2B;GRIN1;RAPSN;CLSTN1;SQSTM1;DLG4;ZDHHC12;EPHB2;CRHR2;NMU;ZDHHC2;CHRNA7;FLOT1;ZDHHC3;RGS14;CACNG5;AGER;SYT1;FMR1
ARHGEF10,GO_Biological_Process_2023,prerank,Non-Membrane-Bounded Organelle Assembly (GO:0140694),0.2644162535498939,0.7937040414983697,1.0,1.0,1.0,37/133,18.11%,TMOD4;MYOZ1;YTHDF2;PRRC2C;RNF213;DYNC1H1;DHX29;BICD1;TUBGCP2;TMOD3;HAUS6;CSDE1;HAUS3;TUBGCP5;G3BP2;ZFYVE1;FITM2;LMOD1;NEK6;EIF2S1;CCDC61;CENPW;EIF4ENIF1;STARD9;CENPT;DHX37;HAUS2;CAPN3;AUP1;CAPRIN1;HAUS7;RPS3;NCOR1;INO80;LDAF1;TNKS;SQLE
ARHGEF10,GO_Biological_Process_2023,prerank,Cellular Response To UV (GO:0034644),0.2789176923891259,0.7936151342862857,0.9615384615384616,1.0,1.0,23/78,18.74%,PARP1;MC1R;SPAM1;BMF;MFAP4;CRIP1;H2AC25;ST20;YY1;TP53;RBX1;HYAL1;ERCC1;EIF2S1;TMEM161A;NSMCE3;MMP2;AURKB;DHX36;METTL3;INO80;DDB2;USP47
ARHGEF10,GO_Biological_Process_2023,prerank,Cellular Response To Low-Density Lipoprotein Particle Stimulus (GO:0071404),-0.38200612286297686,-0.7933147599051587,0.7830508474576271,1.0,1.0,4/22,11.69%,ITGB2;SYK;LCP1;CD81
ARHGEF10,GO_Biological_Process_2023,prerank,Positive Regulation Of Cell Cycle G2/M Phase Transition (GO:1902751),0.35628034718863516,0.7923618613530634,0.8175,1.0,1.0,12/24,22.68%,TNFSF13B;CDC7;DYRK3;BRD4;RAD51B;RRM2B;RRM1;CDC25C;RAB11A;RCC2;CDC25B;CDC25A
ARHGEF10,GO_Biological_Process_2023,prerank,Fat-Soluble Vitamin Metabolic Process (GO:0006775),-0.36787100085230984,-0.7921678861481481,0.7924836601307189,1.0,1.0,6/24,19.66%,NPC1L1;ALDH1A2;NQO1;KDM5A;VKORC1L1;LRP2
ARHGEF10,GO_Biological_Process_2023,prerank,Intracellular Monoatomic Cation Homeostasis (GO:0030003),-0.2749789168976843,-0.791980091520837,0.9848901098901099,1.0,1.0,51/190,21.19%,CTRC;TMPRSS6;SLC24A5;SLC8A2;TMC8;CCDC22;SLC41A1;TRDN;COX19;PLN;ATP2C1;LETMD1;SLC30A7;LETM2;SLC22A17;CALCB;CALR;SCNN1B;SCNN1A;SCNN1G;ABCB7;ATP13A4;ATP6AP1;ATP1A4;IREB2;DRD3;SLC39A14;EDNRA;CXCL12;HFE;ATP1A2;SCARA5;ARF1;HTR2B;LCK;TMEM203;ATP6V1G1;SLC30A8;NUBP1;SOD1;ANKRD9;TRPV4;FLVCR1;STIM1;STC2;ATP1B3;CHRNA7;SLC30A5;TPCN2;GLRX3;TFR2
ARHGEF10,GO_Biological_Process_2023,prerank,Cellular Response To Reactive Oxygen Species (GO:0034614),0.28730723812094666,0.7918824481597191,0.9058171745152355,1.0,1.0,28/73,20.70%,EDN1;JUN;ANKZF1;RIPK1;CRYGD;AKT1;RHOB;HDAC6;TRPA1;TPM1;CLU;RELA;PRDX3;MPV17L;PEX5;CAMKK2;CYP1B1;RPS3;MAPK9;MAPK1;PEX14;PPIF;PDGFRA;PJVK;FER;PLEKHA1;MMP9;MPV17
ARHGEF10,GO_Biological_Process_2023,prerank,Establishment Of Protein Localization To Membrane (GO:0090150),0.28995416552953995,0.791789100028134,0.9421487603305785,1.0,1.0,19/68,17.69%,NACA2;VPS37D;FRMPD1;RDX;RABGEF1;BRAF;ZDHHC6;MICALL1;GOLGA7;ZDHHC23;PRKCI;NACAD;YIF1B;BID;SDCBP;ZDHHC15;TAOK2;ZDHHC1;ZDHHC11B
ARHGEF10,GO_Biological_Process_2023,prerank,Nucleobase-Containing Compound Catabolic Process (GO:0034655),0.3083722565592857,0.7915374017306563,0.9148936170212766,1.0,1.0,13/44,18.78%,MUS81;RNASEH1;DNASE1L1;REXO4;ISG20;ENTPD4;MTREX;EXOSC4;EXOSC8;HNRNPD;EXOSC9;PPP1R8;XRN2
ARHGEF10,GO_Biological_Process_2023,prerank,Positive Regulation Of Heart Contraction (GO:0045823),0.3610160028744722,0.7913304373437685,0.7985436893203883,1.0,1.0,4/21,9.89%,EDN1;NPPA;CHGA;ADM5
ARHGEF10,GO_Biological_Process_2023,prerank,Phospholipid Biosynthetic Process (GO:0008654),-0.3651808604987589,-0.7911046792766919,0.7959183673469388,1.0,1.0,13/26,22.65%,DOLPP1;AGPAT3;AGPAT5;IDI2;VAPA;OSBP;PCYT2;FDPS;PIP5K1A;DOLK;LPCAT1;SGMS1;DHDDS
ARHGEF10,GO_Biological_Process_2023,prerank,Positive Regulation Of I-kappaB kinase/NF-kappaB Signaling (GO:0043123),0.25737428367519816,0.7909256186388456,1.0,1.0,1.0,56/173,20.30%,BIRC3;PARP1;LTF;CD40;TMED4;TNFRSF19;TRIM21;IKBKB;TRIM34;CD4;GPR89A;RIPK1;NDFIP1;NOD1;SHARPIN;BRD4;IKBKE;APOL2;TFRC;TMEM101;TRIM8;IKBKG;NEK6;NOD2;EDA2R;TRIM6;TBK1;PIM2;FLNA;PPM1A;CANT1;RELA;HMOX1;NDFIP2;SLC20A1;TRAF6;MALT1;DHX36;TICAM1;BIRC2;GOLT1B;UBE2N;SLC44A2;MAP3K14;PELI2;TNFRSF25;GAPDH;CC2D1A;TRIM25;UBE2V1;MIB2;TRIM62;CARD11;TRIM32;MYD88;LITAF
ARHGEF10,GO_Biological_Process_2023,prerank,Positive Regulation Of Transport (GO:0051050),-0.3240758467948153,-0.7907277767560849,0.8538587848932676,1.0,1.0,22/50,27.90%,DAB2;BAK1;SMPD1;CEBPB;GSK3B;SNCA;APOE;DLL1;ANXA2;CBLL1;CHP1;CLIP3;SYNGR3;TFR2;FLOT1;SPAG5;LRP1;RXRA;NR1H3;ZNF205;GSK3A;DOC2B
ARHGEF10,GO_Biological_Process_2023,prerank,Positive Regulation Of Receptor Signaling Pathway Via STAT (GO:1904894),-0.34327302016317307,-0.7904568013846661,0.8523489932885906,1.0,1.0,6/37,10.35%,EP300;IL10RB;CRLF2;NOTCH1;F2;GH2
ARHGEF10,GO_Biological_Process_2023,prerank,Positive Regulation Of Protein Localization To Membrane (GO:1905477),-0.3067125817354537,-0.7901798610106121,0.8998435054773083,1.0,1.0,27/79,20.05%,TCAF2;ITGB2;PDPK1;ANK3;KCNB1;NECAB2;MFF;ITGAM;ZDHHC8;CD81;TCAF1;SQSTM1;ARHGEF16;RAMP3;RHOG;CIB1;TNFAIP6;EGFR;PTPN9;FIS1;EPHB2;KIF5B;FYN;WNK3;CHP1;PRKN;CLIP3
ARHGEF10,GO_Biological_Process_2023,prerank,"Positive Regulation Of DNA Damage Response, Signal Transduction By P53 Class Mediator (GO:0043517)",-0.4154762174835943,-0.7901123748854266,0.7563884156729132,1.0,1.0,3/15,11.28%,ATM;MSX1;ING4
ARHGEF10,GO_Biological_Process_2023,prerank,Monoatomic Anion Transport (GO:0006820),-0.31303624223920995,-0.7899795869356947,0.8815165876777251,1.0,1.0,17/57,19.84%,FXYD3;SLC5A5;CLIC2;SLC26A9;SLC17A8;SLC26A4;NMUR1;CLCNKB;VDAC2;CLIC5;SLC17A6;SLC26A8;SLC26A3;SLC26A6;GLRA1;ANO10;SLC4A2
ARHGEF10,GO_Biological_Process_2023,prerank,Regulation Of Macromolecule Biosynthetic Process (GO:0010556),-0.32499230511546906,-0.7896601166023473,0.8476190476190476,1.0,1.0,26/53,27.02%,ELP2;NANOS3;ELP4;ELP3;ING4;KAT7;GEMIN5;PKP3;MSI1;MEAF6;ELP6;CYFIP1;FOXO3;GCN1;METAP1;METTL18;ING5;TOM1L1;ELP1;DDX25;ATG13;JADE2;ATXN2;DUS3L;EIF4E;PUM3
ARHGEF10,GO_Biological_Process_2023,prerank,Release Of Sequestered Calcium Ion Into Cytosol (GO:0051209),-0.33846070970861797,-0.7894960607942341,0.829073482428115,1.0,1.0,11/39,22.10%,GP1BA;GP1BB;XCL1;IBTK;HTR2B;LCK;PLCE1;ERO1A;PLCG2;FGF2;ITPR1
ARHGEF10,GO_Biological_Process_2023,prerank,Regulation Of Secretion (GO:0051046),-0.3992410672141859,-0.7893871734079526,0.7414383561643836,1.0,1.0,4/16,15.06%,EGF;MYO6;OPRK1;KCNQ1
ARHGEF10,GO_Biological_Process_2023,prerank,Regulation Of Establishment Of Endothelial Barrier (GO:1903140),-0.4025331737082249,-0.7890113156827798,0.7575221238938054,1.0,1.0,6/16,22.98%,CLDN5;PPP1R12A;PROC;S1PR3;S1PR2;ROCK2
ARHGEF10,GO_Biological_Process_2023,prerank,Chromatin Organization (GO:0006325),-0.2639430405245974,-0.7890112621465225,0.9946595460614153,1.0,1.0,91/265,24.46%,NPM2;BRDT;NAP1L2;EZHIP;H2BC11;H2BC3;COPRS;RB1;MOS;MTA2;CHD3;ACTR5;SMARCA5;PCGF1;PARP10;SMARCE1;SKP1;MIER1;CHAF1B;NPM3;RBBP7;H2BC17;HDAC10;ING4;SUV39H2;SATB2;ZNF274;HMGB2;KAT7;HMG20A;SMARCA1;PADI2;VCX;SIRT1;INO80C;WAC;UBN1;KDM4A;CHEK1;L3MBTL1;PAXIP1;PBRM1;SMARCD3;RUVBL1;KDM5A;H2BC8;ERCC6;BCL7B;YEATS4;MTA3;KAT2B;HDAC11;MTF2;HDGFL3;HCFC2;CFDP1;MYBBP1A;TTI1;TADA2B;LRWD1;EZH1;SOX2;NPM1;ING5;ZZZ3;KAT6B;MACROH2A1;PWWP2B;BANF1;INO80D;KDM5B;CHD7;SMARCA2;TOP1;RSF1;DR1;NAA60;EZH2;HDAC4;HIRA;NAP1L1;HDAC8;CHRAC1;HDGFL2;MORC2;H2AX;DEK;BICRAL;MBD2;ZBTB1;GRWD1
ARHGEF10,GO_Biological_Process_2023,prerank,Cellular Response To Inorganic Substance (GO:0071241),-0.3882969702723318,-0.7887335864499346,0.764406779661017,1.0,1.0,3/18,13.53%,KCNC2;CDK2;RTF2
ARHGEF10,GO_Biological_Process_2023,prerank,Negative Regulation Of Signal Transduction By P53 Class Mediator (GO:1901797),-0.39698931437262697,-0.7886968645155639,0.7556634304207119,1.0,1.0,7/18,21.89%,CD74;MARCHF7;SNAI2;SIRT1;KDM1A;PRKN;DYRK1A
ARHGEF10,GO_Biological_Process_2023,prerank,Regulation Of Peptidase Activity (GO:0052547),-0.3627324937628311,-0.7883921099919277,0.7923930269413629,1.0,1.0,8/27,20.46%,CTSS;PSMA3;FURIN;CTSK;CTSL;PINK1;MAPK12;CSTB
ARHGEF10,GO_Biological_Process_2023,prerank,Positive Regulation Of Neutrophil Chemotaxis (GO:0090023),-0.3888550055960587,-0.7883638963414441,0.8145025295109612,1.0,1.0,3/18,13.98%,XCL1;CD74;RAC2
ARHGEF10,GO_Biological_Process_2023,prerank,Regulation Of Epithelial Cell Proliferation (GO:0050678),0.2731172762906575,0.7881535389387956,0.9855491329479769,1.0,1.0,23/91,15.84%,BMP5;RUNX3;DUSP10;NKX3-1;NR1D1;GDF5;DAB2IP;EPB41L4B;FUT1;TINF2;LEP;HYAL1;FGFR2;NOD2;TGFB1;MAGED1;NME1;PRKDC;SOX9;PKHD1;LAMC1;GRN;NODAL
ARHGEF10,GO_Biological_Process_2023,prerank,Heart Development (GO:0007507),-0.27651552269017554,-0.7878882105763002,0.9691444600280504,1.0,1.0,47/167,21.44%,HAND1;FLRT3;CRELD1;TBX3;GJA5;SGCG;POU4F1;CASP8;PTEN;BMPR2;POPDC3;PRICKLE4;DYNLL1;CCM2L;SCUBE1;TBX19;NOTCH1;PCSK5;MYOCD;CACYBP;MTHFD1;FLRT2;DNAAF4;HTR2B;TGFB2;PKD1;DZIP1;GJA1;CDKN1B;IFT122;TSC2;OXSR1;ALPK3;KAT2B;INSR;CXADR;PLCE1;AKAP13;ERBB4;TAFAZZIN;NTRK3;TEK;SGCD;MEF2C;TAB2;FN1;TGFBR2
ARHGEF10,GO_Biological_Process_2023,prerank,Cardiac Muscle Cell Differentiation (GO:0055007),0.33697740170569135,0.7878527272855753,0.8106060606060606,1.0,1.0,4/27,6.34%,MESP1;LRRC27;MYH11;KDM6B
ARHGEF10,GO_Biological_Process_2023,prerank,Positive Regulation Of Neuron Differentiation (GO:0045666),-0.3305382372986701,-0.7878128778348978,0.8496,1.0,1.0,13/42,22.20%,MMD2;NBL1;VWC2;ATOH1;ZEB1;SOX11;GDPD5;IMPACT;NGF;BEND6;MEF2C;ECT2;FGFR1
ARHGEF10,GO_Biological_Process_2023,prerank,Regulation Of Insulin Receptor Signaling Pathway (GO:0046626),-0.3329071632872507,-0.7876726963847234,0.8322475570032574,1.0,1.0,13/44,20.97%,OGT;ZBTB7B;ENPP1;SIRT1;C1QTNF12;TSC2;KANK1;GRB10;PRKCD;SNX5;NCK1;PRKCB;SORL1
ARHGEF10,GO_Biological_Process_2023,prerank,Extrinsic Apoptotic Signaling Pathway In Absence Of Ligand (GO:0097192),-0.399451254623844,-0.7872861243722656,0.8013468013468014,1.0,1.0,6/16,19.70%,ITGAV;BCL2L2;GSK3B;CASP2;BCL2L1;MOAP1
ARHGEF10,GO_Biological_Process_2023,prerank,Camera-Type Eye Development (GO:0043010),-0.36718241181406713,-0.7871282193134506,0.7975567190226877,1.0,1.0,6/25,18.45%,PAX2;TSKU;CEP290;IFT122;TENM3;SHROOM2
ARHGEF10,GO_Biological_Process_2023,prerank,Cell Junction Organization (GO:0034330),-0.3116515430546646,-0.7869882423737993,0.8841269841269841,1.0,1.0,19/62,23.19%,SLC8A2;MAPT;SNCB;ELFN1;CLDN3;CAPZA1;MYOT;SNCA;TGFB2;TGFB3;GRHL2;LRP4;OPHN1;TJP2;CXADR;CHRNA7;SNCG;CDC42;PSEN1
ARHGEF10,GO_Biological_Process_2023,prerank,Stress-Activated MAPK Cascade (GO:0051403),0.31113559339676283,0.7869548730640654,0.8839050131926122,1.0,1.0,19/42,20.75%,TNFRSF19;MAPK8IP2;IKBKB;MINK1;MAP3K10;MAP4K2;MAP3K13;CCM2;DAXX;MAP3K12;TAOK2;MAPK9;MAP4K1;GPS2;MAP2K3;MAPK1;MAP4K3;MAPK10;MAP2K7
ARHGEF10,GO_Biological_Process_2023,prerank,Negative Regulation Of DNA-binding Transcription Factor Activity (GO:0043433),0.2574086336406751,0.7866427597743679,0.9968253968253968,1.0,1.0,37/148,16.12%,FOXS1;MAD2L2;SFRP4;HES6;KLF4;NFKBIL1;ARRB2;PLA2G10;TBX6;CMKLR1;TRIM21;E2F2;HEYL;DAB2IP;TRIM37;FOXP3;ERBIN;TCEAL7;PYCARD;TAF3;MEN1;TMIGD3;ANXA4;PROX1;FLNA;RNF2;ZNF431;SMAD7;MDFI;MAP3K10;ID1;WFS1;MAP2K5;PKHD1;NFKBIE;CYP1B1;ITCH
ARHGEF10,GO_Biological_Process_2023,prerank,Aorta Morphogenesis (GO:0035909),-0.39441863911694736,-0.786641853396628,0.7737478411053541,1.0,1.0,7/17,25.10%,HEY2;HEY1;ENG;RBPJ;TGFBR2;JAG1;LRP1
ARHGEF10,GO_Biological_Process_2023,prerank,Toll-Like Receptor Signaling Pathway (GO:0002224),-0.35165989364937683,-0.7866415179467524,0.8406779661016949,1.0,1.0,7/31,20.21%,CTSS;LY96;TLR3;BTK;MAPKAPK3;SCIMP;PLCG2
ARHGEF10,GO_Biological_Process_2023,prerank,L-alpha-amino Acid Transmembrane Transport (GO:1902475),-0.333842609557233,-0.7865614938203567,0.851063829787234,1.0,1.0,14/40,25.49%,SLC22A2;SLC17A8;SLC1A3;SLC7A8;SLC7A3;SLC25A12;SLC6A9;SLC7A6;SLC7A11;SLC38A5;SLC38A9;SLC25A15;SLC38A2;SLC7A5
ARHGEF10,GO_Biological_Process_2023,prerank,Cilium Movement (GO:0003341),-0.31549977372515164,-0.7865044609336334,0.8782467532467533,1.0,1.0,17/59,17.58%,CFAP100;HYDIN;CCDC103;CFAP206;CFAP91;DNAH7;NME5;CFAP53;DNAAF1;SPAG6;CCDC63;TEKT3;DNAAF4;SPAG17;ODAD1;SPA17;SPEF2
ARHGEF10,GO_Biological_Process_2023,prerank,Chaperone Cofactor-Dependent Protein Refolding (GO:0051085),0.3447197461933094,0.7864352623155897,0.8059299191374663,1.0,1.0,9/25,17.04%,GAK;HSPA2;DNAJB4;HSPA13;DNAJC18;HSPA9;DNAJB14;HSPA1A;DNAJC7
ARHGEF10,GO_Biological_Process_2023,prerank,Negative Regulation Of Endothelial Cell Migration (GO:0010596),0.3164190909333617,0.7864328623951937,0.8743455497382199,1.0,1.0,11/37,19.23%,SVBP;ATP2B4;RGCC;DAB2IP;THBS1;HMGB1;TGFB1;ADAMTS9;PPARG;JUP;KRIT1
ARHGEF10,GO_Biological_Process_2023,prerank,Negative Regulation Of miRNA Transcription (GO:1902894),-0.3851939296789125,-0.7862822878175036,0.7895622895622896,1.0,1.0,1/20,0.11%,LILRB4
ARHGEF10,GO_Biological_Process_2023,prerank,Response To Amino Acid (GO:0043200),0.3338429408642741,0.7862411802149434,0.8426395939086294,1.0,1.0,8/30,10.29%,GPRC6A;LAMTOR2;NSMF;RRAGD;MEAK7;RPTOR;GLRA2;RRAGB
ARHGEF10,GO_Biological_Process_2023,prerank,Negative Regulation Of Immune Response (GO:0050777),-0.3113206057819359,-0.7854730474052539,0.8685064935064936,1.0,1.0,22/66,23.28%,HLA-G;ENPP3;HCK;ALOX15;DHX58;IFI16;SYK;YES1;CD300A;SRC;NLRC3;FURIN;MUL1;TYRO3;FYN;HLA-DRB1;SPINK5;BANF1;RC3H1;MAPK14;MKRN2;HAVCR2
ARHGEF10,GO_Biological_Process_2023,prerank,Calcium-Dependent Cell-Cell Adhesion Via Plasma Membrane Cell Adhesion Molecules (GO:0016339),-0.3373906992405638,-0.7854138400385691,0.831973898858075,1.0,1.0,14/38,19.56%,CDH23;PCDHB13;PCDHB14;CDH7;PCDHB4;PCDHB10;CDH10;CDH22;CDH12;CDH4;CDH1;CDH15;CDH9;PCDHB2
ARHGEF10,GO_Biological_Process_2023,prerank,Regulation Of Cell-Substrate Adhesion (GO:0010810),-0.3282087951808609,-0.785402377827037,0.8374792703150912,1.0,1.0,10/44,16.35%,VIT;CORO1C;FBLN2;ALOX15;NOTCH1;RELL2;CX3CL1;RAC2;WASHC2C;FZD7
ARHGEF10,GO_Biological_Process_2023,prerank,Actin Filament Bundle Assembly (GO:0051017),-0.3451295724466179,-0.7853876196100622,0.8260869565217391,1.0,1.0,15/33,22.49%,ESPN;LCP1;BAIAP2;PDXP;CORO1B;RHOD;HSP90B1;SHROOM2;FSCN1;MYO1B;LIMD2;AIF1;BAIAP2L1;EPS8;BAIAP2L2
ARHGEF10,GO_Biological_Process_2023,prerank,Negative Regulation Of Cation Channel Activity (GO:2001258),-0.34945186251855254,-0.7853210001428297,0.8239202657807309,1.0,1.0,6/28,14.91%,CLIC2;TRDN;CALM2;PPP3CC;PPP3R1;PPP3CA
ARHGEF10,GO_Biological_Process_2023,prerank,Regulation Of Cell Adhesion (GO:0030155),0.2589954385147248,0.7852666582628757,0.996742671009772,1.0,1.0,35/144,17.54%,VTN;C2CD4A;EPHA8;CXCR4;YTHDF2;ADAM10;PLXNA4;DUSP26;ARHGDIG;TNC;EPB41L4B;FUT1;MDK;LAMB2;FLCN;SPN;IL18;TGFBI;HYAL1;ERBB3;MINK1;STX4;PLAUR;PTPN11;TPM1;NUAK1;PKHD1;CYTIP;LAMC1;MIA3;ROCK1;FES;PDE3B;DSCAM;LAMA2
ARHGEF10,GO_Biological_Process_2023,prerank,Cellular Response To Heat (GO:0034605),-0.34425146324792444,-0.7852420302397737,0.8333333333333334,1.0,1.0,10/35,19.23%,MAPT;STUB1;RBBP7;IL1A;TRPV1;CLPB;DNAJB1;HIKESHI;HSPA1B;TRPV4
ARHGEF10,GO_Biological_Process_2023,prerank,"Protein Localization To Chromosome, Telomeric Region (GO:0070198)",-0.4025121484719517,-0.7851764089390337,0.7783417935702199,1.0,1.0,5/15,16.51%,BRCA2;TNKS2;XRCC5;POT1;PINX1
ARHGEF10,GO_Biological_Process_2023,prerank,Regulation Of Myoblast Differentiation (GO:0045661),0.300167503055918,0.7849820147594209,0.9327731092436975,1.0,1.0,14/54,15.28%,PHF10;MYF6;SMARCB1;SMARCD1;SMARCA4;KAT5;RBM24;PLCB1;TRIP4;TGFB1;SMARCC1;SOX9;BRD7;ARID1A
ARHGEF10,GO_Biological_Process_2023,prerank,Negative Regulation Of Cell Adhesion (GO:0007162),-0.30205834289819194,-0.7849718048106334,0.9203675344563553,1.0,1.0,26/72,24.69%,LPXN;ADAM22;NOTCH1;EPHA4;DACT2;RASA1;CX3CL1;PLXND1;NF2;SNAI2;SEMA6A;RND1;PODXL;CDH1;PLXNB1;FZD7;EPHB2;CBLL1;CD164;PLXNB2;DUSP1;JAG1;SEMA5A;GTPBP4;PTK2;ITGB1BP1
ARHGEF10,GO_Biological_Process_2023,prerank,Positive Regulation Of Extrinsic Apoptotic Signaling Pathway (GO:2001238),-0.35153541567442337,-0.7849709239694398,0.8427876823338736,1.0,1.0,8/31,17.83%,INHBA;TNFRSF12A;LTBR;WWOX;LTB;RET;PML;G0S2
ARHGEF10,GO_Biological_Process_2023,prerank,Cholesterol Homeostasis (GO:0042632),-0.30674578475271413,-0.7845115613882355,0.881619937694704,1.0,1.0,27/72,21.52%,NPC1L1;ABCG4;CNBP;XBP1;LCP1;TSKU;ANGPTL3;EHD1;ABCG5;ACSM3;ABCG8;MTTP;APOB;SIRT1;PCSK9;APOE;CYP39A1;APOM;SOAT1;INSIG1;LAMTOR1;FGFR4;ABCG1;CD24;FABP3;LIPG;LDLR
ARHGEF10,GO_Biological_Process_2023,prerank,Cellular Response To Copper Ion (GO:0071280),0.37143579687466344,0.7844805762610287,0.8146341463414634,1.0,1.0,5/18,24.01%,DAXX;MT1F;HSF1;MT1H;MT2A
ARHGEF10,GO_Biological_Process_2023,prerank,Cellular Response To Interleukin-6 (GO:0071354),0.346538925347148,0.7843840689900637,0.8476190476190476,1.0,1.0,10/23,22.39%,NFKB1;RELA;CTR9;PTGIS;ST3GAL6;PID1;STAT3;FER;YAP1;JAK2
ARHGEF10,GO_Biological_Process_2023,prerank,Regulation Of Vascular Associated Smooth Muscle Cell Proliferation (GO:1904705),-0.33772095182159434,-0.7842591875721652,0.8555729984301413,1.0,1.0,17/37,26.16%,HTR1B;FGF9;PTEN;P2RY6;IGF1;CNN1;FOXJ2;TGFB3;GJA1;CDKN1B;MEF2C;FGF2;DNMT1;ERN1;PDGFB;IGFBP5;CDKN1A
ARHGEF10,GO_Biological_Process_2023,prerank,Intracellular Zinc Ion Homeostasis (GO:0006882),0.37927168316434784,0.7842159557156343,0.7898550724637681,1.0,1.0,5/17,12.21%,SLC30A2;SLC39A9;SLC30A1;SLC39A13;SLC30A9
ARHGEF10,GO_Biological_Process_2023,prerank,Regulation Of Neurotransmitter Secretion (GO:0046928),0.3199283804745815,0.7842154867331693,0.887468030690537,1.0,1.0,8/37,9.72%,CPLX1;SEPTIN5;GPER1;FER1L5;CPLX2;CHRNA3;SLC30A1;CAMK2A
ARHGEF10,GO_Biological_Process_2023,prerank,Cellular Response To Nitrogen Compound (GO:1901699),-0.40251628799346956,-0.7840701346109716,0.7878787878787878,1.0,1.0,3/16,13.53%,NR1H4;CPS1;RTF2
ARHGEF10,GO_Biological_Process_2023,prerank,Replication Fork Processing (GO:0031297),0.30291072760536925,0.7838898722845971,0.9125364431486881,1.0,1.0,20/46,23.10%,PARP1;MUS81;RAD51;EME2;ETAA1;RAD50;OOEP;BLM;GEN1;CENPX;WRN;EME1;CENPS;FAM111A;ZRANB3;PCNA;ATRX;CDK9;NBN;FBH1
ARHGEF10,GO_Biological_Process_2023,prerank,Response To Hydrogen Peroxide (GO:0042542),0.3091803531033535,0.7838260482036054,0.8804347826086957,1.0,1.0,16/46,18.78%,EDN1;ANKZF1;RIPK1;RHOB;HDAC6;TRPA1;GLRX2;CLU;RELA;PRDX3;HMOX1;CAT;CYP1B1;RPS3;STK24;PPIF
ARHGEF10,GO_Biological_Process_2023,prerank,Lymphocyte Differentiation (GO:0030098),-0.29817416354278886,-0.7837606598046172,0.9112781954887218,1.0,1.0,18/83,17.94%,MSH2;IFNK;NFAM1;RAG1;FLT3;GATA3;NHEJ1;CR2;LYL1;HHEX;KAT7;LCK;TOX;IL11;KIT;TPD52;GPR89B;RELB
ARHGEF10,GO_Biological_Process_2023,prerank,ncRNA Metabolic Process (GO:0034660),-0.3974706354736043,-0.7836662813475592,0.7954939341421143,1.0,1.0,7/17,20.90%,MAPT;KHSRP;ZCCHC7;TENT4B;ZCCHC8;DTD2;DTD1
ARHGEF10,GO_Biological_Process_2023,prerank,Ventricular Cardiac Muscle Tissue Morphogenesis (GO:0055010),0.32757471222216955,0.7832985067447223,0.845,1.0,1.0,9/33,14.33%,MYH7;TNNI3;MYL3;FGFR2;PROX1;TGFB1;BMPR1A;SMAD7;TPM1
ARHGEF10,GO_Biological_Process_2023,prerank,Protein-Containing Complex Disassembly (GO:0032984),-0.30887794477145647,-0.7832869698295875,0.904320987654321,1.0,1.0,12/62,18.19%,LIX1L;CHMP5;PEX12;NSF;GSPT2;VPS4A;TECPR1;HSPA8;GSK3B;CHMP4C;UVRAG;NAPA
ARHGEF10,GO_Biological_Process_2023,prerank,Regulation Of G2/M Transition Of Mitotic Cell Cycle (GO:0010389),0.3268910535604584,0.7825788188767431,0.8642297650130548,1.0,1.0,15/35,22.68%,TNFSF13B;CDC7;FHL1;BRD4;AVEN;RAD51B;RRM2B;RRM1;CDC25C;USP47;KCNH5;RAB11A;RCC2;CDC25B;CDC25A
ARHGEF10,GO_Biological_Process_2023,prerank,Regulation Of Reactive Oxygen Species Metabolic Process (GO:2000377),-0.3151056844835466,-0.7824209983350988,0.8634920634920635,1.0,1.0,20/56,26.16%,BCO2;PAX2;AGT;ARF4;COQ7;F2;ZC3H12A;RAC2;SNCA;DHRS4;PINK1;PRKN;TGFBR2;AKR1C3;MAPK14;PIKFYVE;NOXO1;PDGFB;STK17A;CDKN1A
ARHGEF10,GO_Biological_Process_2023,prerank,Transforming Growth Factor Beta Receptor Signaling Pathway (GO:0007179),0.2834128107703995,0.7824020875747513,0.9361111111111111,1.0,1.0,23/72,18.13%,APOA1;LRRC32;JUN;ARRB2;ITGB1;GDF5;TGFBRAP1;EID2;ZFYVE9;TGFB1;BMPR1A;SMAD7;GDF15;ID1;HPGD;TGFBR1;SMAD2;TWSG1;GARS1;STAT3;ZMIZ2;LEFTY1;APPL1
ARHGEF10,GO_Biological_Process_2023,prerank,Cell Morphogenesis Involved In Differentiation (GO:0000904),-0.35820313027958967,-0.7823844493815011,0.8298217179902755,1.0,1.0,9/24,21.25%,RB1;RILPL2;CLDN3;DACT2;SIPA1L3;GRHL2;OPHN1;MEF2C;RAB25
ARHGEF10,GO_Biological_Process_2023,prerank,Regulation Of Defense Response To Virus By Host (GO:0050691),-0.3376251598204074,-0.7821666957588975,0.8260135135135135,1.0,1.0,10/37,24.62%,IL23R;APOBEC3G;ZC3H12A;MUL1;STAT1;MAVS;TRIM22;TARBP2;MICB;IL23A
ARHGEF10,GO_Biological_Process_2023,prerank,Protein Alkylation (GO:0008213),0.35633487759113386,0.7821512479179522,0.8025316455696202,1.0,1.0,6/23,12.17%,FAM98B;PRMT1;VCPKMT;ETFBKMT;SNRPD3;METTL22
ARHGEF10,GO_Biological_Process_2023,prerank,Negative Regulation Of Lipid Storage (GO:0010888),-0.3947094412701162,-0.7820022478864996,0.7913043478260869,1.0,1.0,6/18,28.47%,ITGAV;NFKBIA;ABCG1;NR1H3;ABHD5;OSBPL8
ARHGEF10,GO_Biological_Process_2023,prerank,Blood Vessel Diameter Maintenance (GO:0097746),0.31755660153580056,0.7816450008004221,0.8683544303797468,1.0,1.0,5/36,6.54%,EDN1;NOS3;ADCY6;GPER1;PER2
ARHGEF10,GO_Biological_Process_2023,prerank,Positive Regulation Of Organelle Organization (GO:0010638),-0.3402060253408748,-0.7816041194764726,0.8140703517587939,1.0,1.0,9/34,20.21%,TOM1;PPARGC1A;SHCBP1L;CALCOCO2;GSK3B;ANXA2;UVRAG;LIG4;SURF4
ARHGEF10,GO_Biological_Process_2023,prerank,Regulation Of Canonical Wnt Signaling Pathway (GO:0060828),-0.2709818667997035,-0.7815004754202521,0.9874826147426982,1.0,1.0,53/203,18.84%,SOX7;OTULIN;FZD9;WNT3A;WLS;CSNK1A1;EGF;GNAQ;DAB2;DDIT3;ZEB2;TNKS2;DAAM2;STK11;HECW1;AMER2;USP34;SIAH2;DKKL1;HHEX;LRRK2;MLLT3;STK3;ZNF703;TLE6;SNAI2;GSK3B;XIAP;BTRC;RBMS3;SFRP5;CCNYL1;APOE;ILK;WNK1;LGR6;RUVBL1;GPC5;RNF14;FZD7;CAPRIN2;LRP4;EGFR;KREMEN1;DKK2;CCDC88C;CDK14;NRARP;OTUD5;KANK1;IGFBP6;TMEM198;WNT5A
ARHGEF10,GO_Biological_Process_2023,prerank,Erythrocyte Differentiation (GO:0030218),0.3027830014042033,0.7812751965566216,0.9128205128205128,1.0,1.0,18/49,22.63%,EPO;ALAS1;MFHAS1;DYRK3;HIPK2;ALAS2;ZFPM1;LYAR;HSPA9;SLC1A5;AHSP;RPS14;PTPN2;RPS19;CEBPG;CDIN1;JAK2;VEGFA
ARHGEF10,GO_Biological_Process_2023,prerank,Regulation Of Translation (GO:0006417),-0.2684687339774692,-0.7811694467060961,0.9972714870395635,1.0,1.0,85/201,27.74%,OGT;BZW2;ELP2;LARP1B;NSUN5;VIM;NANOS3;CALR;LARP6;ELP4;EPHA4;ZAR1L;EIF1B;TSFM;CPEB3;ELP3;NHLRC3;LARP1;CTIF;SHFL;BTG2;GEMIN5;TRIM3;TYMS;PKP3;MSI1;ELP6;CYFIP1;IMPACT;EIF1;FOXO3;UPF1;LRPPRC;GCN1;DHFR;CSNK2A1;LSM14A;METAP1;METTL14;PATL2;METTL18;ALKBH1;PAIP2B;EIF3D;NSUN3;SAMD4A;TENT5B;PLXNB2;NPM1;IFRD2;EEF2;RC3H1;DDX1;RPS6KA1;ELP1;GUF1;NCBP2;DDX25;LIN28A;RPS6KB1;FMR1;RNF139;MTG1;ATXN2;DDX6;ETF1;EIF4A2;NCL;ILF3;BCL3;IGFBP5;FXR1;EIF4E2;SSB;DUS3L;RACK1;PAIP1;EIF4E;GIGYF2;YTHDF1;PUM3;KLHL25;GRB7;APP;OGFOD1
ARHGEF10,GO_Biological_Process_2023,prerank,DNA Biosynthetic Process (GO:0071897),-0.393582660643625,-0.7811229413469156,0.8130360205831904,1.0,1.0,6/17,16.51%,HROB;WRNIP1;TYMS;SIRT1;POLA1;POLL
ARHGEF10,GO_Biological_Process_2023,prerank,Negative Regulation Of Leukocyte Cell-Cell Adhesion (GO:1903038),0.36366524409362133,0.7808762821545263,0.8062953995157385,1.0,1.0,6/19,16.50%,VTCN1;IL4I1;AKT1;DUSP3;MIA3;JAK3
ARHGEF10,GO_Biological_Process_2023,prerank,Regulation Of Rho Protein Signal Transduction (GO:0035023),-0.30026953812157064,-0.7808184557760424,0.919558359621451,1.0,1.0,23/73,24.80%,GPR20;ARHGDIB;F2RL2;DYNLL1;SCAI;RALBP1;ADGRG1;PDCD10;ARRB1;P2RY8;RIT2;APOE;STARD8;OPHN1;KANK1;STARD13;AKAP13;TNFAIP1;EPS8;CUL3;PRAG1;MET;LPAR6
ARHGEF10,GO_Biological_Process_2023,prerank,Substrate Adhesion-Dependent Cell Spreading (GO:0034446),-0.34047829554953063,-0.7807941345431835,0.8359133126934984,1.0,1.0,11/36,21.65%,MICALL2;RADIL;LPXN;ITGA8;ITGAV;PARVG;ILK;TYRO3;TEK;FN1;PEAK1
ARHGEF10,GO_Biological_Process_2023,prerank,Detection Of Visible Light (GO:0009584),0.3756027094298485,0.780702038761381,0.7777777777777778,1.0,1.0,3/17,3.17%,CACNA2D4;REEP6;GRM6
ARHGEF10,GO_Biological_Process_2023,prerank,Protein Autoprocessing (GO:0016540),-0.38502280924242377,-0.7802991163207579,0.804635761589404,1.0,1.0,7/18,25.88%,KLK6;MYRF;PCSK9;CTSL;F12;ASRGL1;MYRFL
ARHGEF10,GO_Biological_Process_2023,prerank,Translational Elongation (GO:0006414),0.3056459832108607,0.7802753993514839,0.9153846153846154,1.0,1.0,11/41,12.98%,EEF1G;EEF1B2;DROSHA;ANKZF1;SKIC2;ZNF598;NEMF;EIF5A;GFM2;TRIP4;LTN1
ARHGEF10,GO_Biological_Process_2023,prerank,Protein Import Into Nucleus (GO:0006606),0.2827642148855026,0.7796686032080766,0.9672619047619048,1.0,1.0,28/78,20.63%,KPNA7;FAM53A;RGPD4;RANBP17;RGPD8;FAM53B;RANGRF;AKT1;IPO7;NUP107;NUP153;E2F3;EIF4ENIF1;RGPD5;TNPO2;STAT3;RANBP2;APPL1;IPO13;NUP93;TPR;APLP2;KPNA3;PTTG1IP;RPL17;IPO5;NUP133;NUTF2
ARHGEF10,GO_Biological_Process_2023,prerank,Energy Reserve Metabolic Process (GO:0006112),-0.38571171668853865,-0.7794263470333648,0.8013468013468014,1.0,1.0,4/18,13.99%,ADGRF5;PYGM;UGP2;GSK3B
ARHGEF10,GO_Biological_Process_2023,prerank,Fat Cell Differentiation (GO:0045444),-0.3085436728201734,-0.7792006219972967,0.9142419601837672,1.0,1.0,22/62,22.72%,ADGRF5;STEAP4;PPARGC1A;GDF6;C1QTNF3;PRDM16;TMEM120B;EP300;NR4A2;CEBPA;SIRT1;OSBPL11;IL11;ZNF516;CTBP2;TMEM120A;SMAD6;ATF5;CLIP3;METRNL;SOX8;SUMO1
ARHGEF10,GO_Biological_Process_2023,prerank,Muscle Tissue Development (GO:0060537),0.3155279697681035,0.7788442744511866,0.8721590909090909,1.0,1.0,13/37,19.56%,MYOZ1;MYF6;MYL11;NF1;POPDC2;STRA6;POGLUT1;SMO;ZBTB18;SIX4;CSRP2;VRK3;PTCH1
ARHGEF10,GO_Biological_Process_2023,prerank,Regulation Of Smooth Muscle Contraction (GO:0006940),-0.3820321693032983,-0.7787799224459288,0.7862068965517242,1.0,1.0,7/20,20.56%,SPHK1;KCNB2;CNN1;MYOCD;PLCE1;NMU;ATP2B1
ARHGEF10,GO_Biological_Process_2023,prerank,Positive Regulation Of Transmembrane Transport (GO:0034764),0.3896056270818042,0.7785858648270452,0.7832957110609481,1.0,1.0,4/15,12.83%,C3;BRAF;C2CD5;P2RX7
ARHGEF10,GO_Biological_Process_2023,prerank,Negative Regulation Of Nervous System Development (GO:0051961),0.3629641401694995,0.778426794831789,0.8207070707070707,1.0,1.0,6/18,17.12%,PAX6;TLR2;SLIT1;ROBO2;MBD1;REST
ARHGEF10,GO_Biological_Process_2023,prerank,Organelle Assembly (GO:0070925),-0.2583367918735135,-0.7778107792788675,0.9987113402061856,1.0,1.0,121/320,26.30%,CFAP161;SYNPO;AP3B1;HPS6;RABL2B;ABLIM3;ARF4;TMEM67;IFT57;RILPL2;CHMP5;KIAA0586;GABARAPL2;PCNT;TCTN1;DZIP1L;NUDCD3;RAB32;MAK;PIBF1;CCDC113;DNAAF1;AMBRA1;CORO1A;NOTCH1;TTC36;EHD1;RAB7A;CFAP47;TMEM231;CEP290;RAB43;KIF27;VPS4A;STAM2;CLUAP1;GORASP2;ATG2A;EHD3;TEKT3;FOXJ1;STX7;OFD1;KIF3A;CDC14B;RAB38;CHMP4C;VPS37A;TTC30A;CEP250;CEP19;NSFL1C;MVB12A;UBAP1;DZIP1;DYNLT2B;NME8;VPS25;HYLS1;SEPTIN2;IFT122;FAM149B1;AHI1;DNMBP;AP1S1;IFT88;B9D2;RAB1B;SNX10;KIF3B;ULK3;RAB3IP;AP3M1;KIF24;GALNT11;TTLL3;CDC14A;FHDC1;RAB17;NEK1;VPS37B;TCTN3;VPS37C;MACIR;WDR45B;IFT52;SNF8;WDR19;DYNC2I1;VPS36;PLK4;GSN;ASAP1;CEP131;WDR35;TOGARAM1;AP3S1;INTU;ATG13;FMR1;BBS7;ACTR2;TTC8;ATG9B;POC1A;ATG3;CFAP70;WDPCP;DYNC2H1;MAP1LC3B2;RPGR;BBS2;TMEM41B;RAB23;FXR1;WDR90;CFAP20;ATG2B;ATP2A2;TMEM216;CHMP7
ARHGEF10,GO_Biological_Process_2023,prerank,Cellular Response To Unfolded Protein (GO:0034620),0.3689525780063724,0.7777680219142571,0.8349514563106796,1.0,1.0,10/17,19.76%,PTPN1;DAB2IP;PACRG;TM7SF3;DAXX;HSPA1A;HSPD1;HSF1;BAG3;TMBIM6
ARHGEF10,GO_Biological_Process_2023,prerank,Regulation Of Lipid Storage (GO:0010883),0.34585055190407266,0.7774420621723633,0.8435897435897436,1.0,1.0,6/21,10.84%,C3;PLA2G10;NFKB1;HILPDA;IKBKE;PLIN5
ARHGEF10,GO_Biological_Process_2023,prerank,Regulation Of Nuclear Division (GO:0051783),-0.38069117324230906,-0.7772491968346289,0.7976190476190477,1.0,1.0,6/19,15.32%,FBXO5;PDXP;OBSL1;CUL7;FBXO43;L3MBTL1
ARHGEF10,GO_Biological_Process_2023,prerank,Regulation Of Peptidyl-Serine Phosphorylation (GO:0033135),-0.29184736352973284,-0.777024193977069,0.913767019667171,1.0,1.0,26/93,19.84%,WNT3A;NOS1;STOX1;SH2D3C;PTEN;SPRY2;AVP;RASSF2;OPRD1;PDCD10;BDNF;AMH;SNCA;MLXIPL;RAMP3;PRKD2;IL11;SPTBN4;CAPRIN2;EGFR;PINK1;NGF;HRC;DOCK7;NTRK3;NCK1
ARHGEF10,GO_Biological_Process_2023,prerank,Steroid Biosynthetic Process (GO:0006694),-0.3174538546942563,-0.7769857198547474,0.8819875776397516,1.0,1.0,16/50,21.59%,CYP46A1;AKR1D1;SLC27A2;OSBPL9;FAXDC2;ACOX2;HSD3B7;OSBP;OSBPL1A;CYP39A1;AMACR;CYP51A1;HMGCR;ABCD3;FDFT1;AKR1C3
ARHGEF10,GO_Biological_Process_2023,prerank,Actin Filament Capping (GO:0051693),-0.3837071738026519,-0.7768913163051507,0.7885615251299827,1.0,1.0,8/18,22.24%,VILL;CAPZB;CAPZA1;TWF1;ADD3;CAPZA2;EPS8;GSN
ARHGEF10,GO_Biological_Process_2023,prerank,Barbed-End Actin Filament Capping (GO:0051016),-0.3837071738026519,-0.7768913163051507,0.7885615251299827,1.0,1.0,8/18,22.24%,VILL;CAPZB;CAPZA1;TWF1;ADD3;CAPZA2;EPS8;GSN
ARHGEF10,GO_Biological_Process_2023,prerank,Fatty Acid Catabolic Process (GO:0009062),0.29284849375772437,0.7766561172225619,0.9371428571428572,1.0,1.0,24/61,22.73%,ACADS;ACAA1;ILVBL;ECI2;MCAT;SCP2;ACAT2;BDH2;HSD17B10;LPIN1;ECHS1;ACAD10;DECR1;SLC27A4;HADHB;PCCB;ABCD4;LPIN2;HSD17B4;NUDT7;EHHADH;ECHDC1;ACAD11;AUH
ARHGEF10,GO_Biological_Process_2023,prerank,Monoubiquitinated Protein Deubiquitination (GO:0035520),0.3214963907268311,0.7751965450962468,0.8698795180722891,1.0,1.0,15/33,23.70%,TAF12;SUPT3H;TAF2;ENY2;SF3B3;KAT2A;RNF2;SUPT7L;TAF5;USP47;TAF6L;SUPT20H;TAF5L;TAF6;TRRAP
ARHGEF10,GO_Biological_Process_2023,prerank,tRNA Modification (GO:0006400),0.2812499735251827,0.7751212458127056,0.9613259668508287,1.0,1.0,29/67,21.91%,KTI12;QTRT2;PUSL1;CDKAL1;FTSJ1;DUS1L;QTRT1;ELP5;CTU2;THUMPD1;TRMT13;TYW5;NSUN6;MTO1;TYW1;METTL1;TRMT12;SARS1;DTWD2;ANKRD16;TRMT112;YRDC;BCDIN3D;TRMT9B;WDR6;THG1L;METTL8;TRDMT1;PUS1
ARHGEF10,GO_Biological_Process_2023,prerank,Prostaglandin Metabolic Process (GO:0006693),0.3267833131994483,0.7750003808696007,0.8897058823529411,1.0,1.0,8/30,18.57%,EDN1;PNPLA8;PLAA;PTGS1;HPGD;PTGIS;PRXL2B;DAGLB
ARHGEF10,GO_Biological_Process_2023,prerank,Regulation Of Secretion By Cell (GO:1903530),-0.3068218154845284,-0.7747645573652909,0.8987730061349694,1.0,1.0,35/63,29.47%,NSF;CPLX4;STXBP5;VAMP2;OTOF;RALA;CASK;RAB33B;DYSF;LLGL2;ARFIP1;SEPTIN2;RAB26;P3H1;HTR1A;TPCN2;MEF2C;RAB3C;RAB3D;KCNMB4;MYOF;MCTP1;SYT1;FMR1;MCTP2;RIMS1;SNCAIP;RAB8A;RAB13;DNAJC1;LLGL1;RAB8B;SIRT6;APEX1;STXBP5L
ARHGEF10,GO_Biological_Process_2023,prerank,Regulation Of Cellular Component Size (GO:0032535),0.308063321115864,0.7746532034979634,0.9060773480662984,1.0,1.0,20/42,22.07%,MYO3B;RDX;DNAJC16;PEX11G;BORCS5;RPTOR;PEX11B;BLOC1S2;RAB3B;MTPN;PICALM;RAP1GAP2;BORCS8;BLOC1S1;RAC1;VAV2;LARS1;RARG;EZR;BORCS7
ARHGEF10,GO_Biological_Process_2023,prerank,Negative Regulation Of Protein Localization To Plasma Membrane (GO:1903077),0.35237182994788097,0.7743014801136077,0.8608247422680413,1.0,1.0,10/20,17.22%,PPP2R5A;MRAP2;CLTC;PKDCC;TMBIM1;TGFB1;PICALM;TMEM59;CSK;PID1
ARHGEF10,GO_Biological_Process_2023,prerank,Purine Nucleotide Biosynthetic Process (GO:0006164),-0.3753536040867834,-0.7742089858400643,0.8232323232323232,1.0,1.0,9/21,24.00%,HAAO;SLC4A7;PRPSAP2;MTHFD1;PRPS1;PRPSAP1;NAMPT;NMNAT3;NMNAT2
ARHGEF10,GO_Biological_Process_2023,prerank,Nucleotide-Excision Repair (GO:0006289),-0.3125187089495281,-0.7738858815542209,0.8825396825396825,1.0,1.0,16/56,19.65%,RPA3;BRCA2;NTHL1;POLR2I;SIRT1;MMS19;POLA1;ERCC6;POLL;GTF2H4;UVSSA;GTF2H2C;CETN2;LIG4;FSCN1;DDB1
ARHGEF10,GO_Biological_Process_2023,prerank,Plasma Membrane Organization (GO:0007009),0.2797905075763555,0.7734312454456211,0.9602272727272727,1.0,1.0,22/71,17.27%,MYMK;CXCR4;SERP1;EHD2;ABCA7;FA2H;TLCD1;MICALL1;ABCD1;P2RX7;STX4;SPTBN1;UGCG;PLSCR2;CHMP1B;TLCD2;ANXA6;CHMP2B;CHMP2A;OSBPL2;FNBP1L;CHMP1A
ARHGEF10,GO_Biological_Process_2023,prerank,Rho Protein Signal Transduction (GO:0007266),-0.31572044182922393,-0.7733638798878392,0.8793893129770992,1.0,1.0,18/52,22.98%,COL1A2;ARHGDIB;WAS;ARHGAP4;SHTN1;ARHGAP5;PLEKHG7;RIPOR1;PHACTR4;RHOG;RHOD;RACGAP1;RHOBTB1;EPS8;CFL1;CDC42;ARHGEF11;ROCK2
ARHGEF10,GO_Biological_Process_2023,prerank,Negative Regulation Of Mitotic Cell Cycle Phase Transition (GO:1901991),0.31605379446579807,0.7732560033969652,0.8959390862944162,1.0,1.0,15/40,20.06%,GFI1B;MYO16;KLF4;FAM107A;CRLF3;RGCC;FHL1;AVEN;JADE1;BRD7;DLG1;PRMT2;USP47;CDK2AP2;RBL1
ARHGEF10,GO_Biological_Process_2023,prerank,Epithelial Cell Migration (GO:0010631),0.30292769893419247,0.7730531091642563,0.8891820580474934,1.0,1.0,9/45,11.88%,S100P;NOS3;NELL1;FAT2;PTP4A3;PRSS3;ADGRA2;MEN1;NANOS1
ARHGEF10,GO_Biological_Process_2023,prerank,Cellular Response To Alcohol (GO:0097306),0.2927387369385633,0.7724316346793373,0.9222222222222223,1.0,1.0,18/53,17.58%,OSBPL7;ADCY6;GRAMD1C;CTNNB1;RAD51;ADCY5;SPHK2;GLRA2;PTGER2;BLM;CREB1;ADCY8;AHR;ADCY2;SMO;MAP4K1;GOLPH3;JUP
ARHGEF10,GO_Biological_Process_2023,prerank,Establishment Of Protein Localization To Organelle (GO:0072594),0.27470473563463244,0.7724191620277508,0.9680232558139535,1.0,1.0,31/84,20.63%,KPNA7;FAM53A;RANBP17;TSPAN10;FAM53B;RANGRF;HK1;AKT1;IPO7;NUP107;NUP153;E2F3;EIF4ENIF1;SCRIB;TNPO2;ZDHHC15;HK2;STAT3;APPL1;LAMP1;IPO13;NUP93;TPR;APLP2;NEURL1B;KPNA3;PTTG1IP;IPO5;NUP133;RAB11A;NUTF2
ARHGEF10,GO_Biological_Process_2023,prerank,Protein-Containing Complex Organization (GO:0043933),-0.2777989098281257,-0.7723653263227498,0.9737609329446064,1.0,1.0,25/124,15.07%,LPXN;PPARGC1A;AP2M1;TAPBP;PDE4DIP;PARD6B;WAS;PARD3;VAMP2;CD74;ANKS4B;DNAJB12;CD2AP;PPP2R1A;CAPZA1;SLC2A1;REPS2;GEMIN5;IL2RB;KIFAP3;MAGI1;HFE;WIPF1;WASF1;DLG4
ARHGEF10,GO_Biological_Process_2023,prerank,Regulation Of DNA Strand Elongation (GO:0060382),0.3816293716489243,0.7723547987847602,0.7832167832167832,1.0,1.0,8/16,18.37%,INO80B;TFPT;YY1;ACTR8;UCHL5;NFRKB;INO80;MCRS1
ARHGEF10,GO_Biological_Process_2023,prerank,Peptidyl-Serine Phosphorylation (GO:0018105),-0.27363646981077694,-0.7717114331358764,0.9741750358680057,1.0,1.0,62/158,25.12%,HIPK4;CSNK1A1;PDPK1;MYO3A;ATM;PKN3;HIPK1;CDK2;PNCK;LRRK2;CAMK2B;PKN2;CDK5;SRPK2;GSK3B;PRKD2;SRPK1;CAMKV;WNK1;DGKQ;STK38L;CLSPN;PKD1;MKNK1;CAMK1;MAPKAPK3;AURKA;DCLK3;PINK1;CSNK2A1;MAPK12;MAST1;ULK3;GRK2;PRKCD;NEK7;CSNK2A2;PRKCB;LMTK2;MAPK13;SBK1;PBK;TGFBR2;DYRK1A;GAS6;TOP1;STK4;HIPK3;ROCK2;PRKCA;MAPK14;RPS6KB1;PIKFYVE;MAPK8;SMG1;ERN1;CAMK2D;PRKX;SGK3;MAST4;PDGFB;PRKCQ
ARHGEF10,GO_Biological_Process_2023,prerank,Regulation Of Epidermal Growth Factor Receptor Signaling Pathway (GO:0042058),-0.31819561003476887,-0.7717032517279246,0.8964451313755796,1.0,1.0,9/46,16.89%,AGT;IFI6;CEACAM1;ITGA1;RALA;NEU3;MVP;MVB12A;EGFR
ARHGEF10,GO_Biological_Process_2023,prerank,Positive Regulation Of Cell Migration (GO:0030335),-0.25990699038943893,-0.7716347971848626,0.9974126778783958,1.0,1.0,91/272,23.69%,ZP3;TCAF2;SEMA7A;EGF;LEF1;TRADD;DAB2;CNTN1;VSIR;SPHK1;SPRY2;BMPR2;DAAM2;SHTN1;GLIPR2;RAPGEF2;CLDN3;XBP1;F10;FBXO5;INSL3;ANGPTL3;ATM;IGF1;NOTCH1;EPHA4;DDR2;C1QBP;ELP3;RIPOR1;PDCD10;ZNF703;SNAI2;SEMA6A;FAM89B;FAM110C;SRC;RET;CXCL12;TGFB2;PODXL;CIB1;CASS4;PPP3CA;RTN4;ZNF304;LGR6;ELP6;KIT;CPNE3;ADAM9;CARMIL2;EGFR;PLAU;SEMA3C;GAB1;S100A11;RHOD;EPHB2;MAP4K4;CBLL1;SYNE2;TWIST2;INSR;ENPP2;CLASP1;FLT4;FLT1;FAM83H;NTRK3;CARMIL1;PLCG2;NUMB;AIF1;TIAM1;RAB25;FN1;F7;SEMA6C;SMURF2;PDGFD;CDC42;SUN2;CEMIP;ROCK2;HSPA5;PRKCA;SEMA5A;CRKL;SEMA3G;SEMA4C
ARHGEF10,GO_Biological_Process_2023,prerank,Proteolysis Involved In Protein Catabolic Process (GO:0051603),-0.29481280109663544,-0.771520751827702,0.9531722054380665,1.0,1.0,22/75,22.13%,CTSS;CLPP;PEX12;ADAMTS7;CASP8;STUB1;VPS4A;UBB;CEL;CHMP4C;CTSK;CTSL;CUL4B;USP28;MARCHF6;BAG6;HM13;DDB1;PRKN;CLPX;NGLY1;ISG15
ARHGEF10,GO_Biological_Process_2023,prerank,Positive Regulation Of Nuclear Division (GO:0051785),0.3358241769073503,0.7713579637519964,0.8411214953271028,1.0,1.0,4/26,10.40%,EDN1;BTC;RGCC;OOEP
ARHGEF10,GO_Biological_Process_2023,prerank,Endoplasmic Reticulum Organization (GO:0007029),0.29337349913955063,0.7708541166226951,0.9498607242339833,1.0,1.0,20/54,17.79%,SEC31B;REEP6;GAK;TMEM170A;GET1;WDR83OS;VAPB;STX18;STEEP1;TOR1AIP2;RAB18;GET3;DNM1L;TMEM33;CCDC47;ATL3;MIA3;DOP1B;CAMLG;REEP5
ARHGEF10,GO_Biological_Process_2023,prerank,Cellular Response To Salt (GO:1902075),-0.2815467002807832,-0.7703721417457448,0.9636363636363636,1.0,1.0,40/108,23.16%,ADCY7;P2RX3;SLC13A5;ALOX15;HNRNPA1;P2RX4;SMPD1;PDXP;CACNA1A;ZC3H12A;SYT4;CDKN2AIP;CPNE9;RASA4;CPNE4;TRPV1;KCNH1;RASGRP2;DLG4;CDH1;CPNE3;CACNA1H;CDKN1B;FYN;HSP90B1;P2RY11;SYT11;SYT3;SYT7;WNT5A;NEK7;PLCG2;MAPK13;MEF2C;SCN5A;ECT2;AKR1C3;CPNE7;ROCK2;SYT1
ARHGEF10,GO_Biological_Process_2023,prerank,Positive Regulation Of Actin Filament Polymerization (GO:0030838),-0.32123974434825003,-0.7703227003934768,0.9,1.0,1.0,14/40,23.07%,HCK;BAIAP2;EVL;CDC42EP1;WASHC2C;CARMIL2;CDC42EP4;VASP;NCK1;CARMIL1;BAIAP2L1;FCHSD1;BAIAP2L2;NCK2
ARHGEF10,GO_Biological_Process_2023,prerank,Regulation Of T Cell Differentiation (GO:0045580),0.30330170474624374,0.7702947922836573,0.9213759213759214,1.0,1.0,13/47,17.98%,TCF7;PHF10;SMARCB1;SMARCD1;MDK;SMARCA4;KAT2A;SMARCC1;BRD7;ARID1A;METTL3;CAMK4;ACTB
ARHGEF10,GO_Biological_Process_2023,prerank,Positive Regulation Of Blood Coagulation (GO:0030194),0.35270987337810367,0.7702637860589784,0.8280871670702179,1.0,1.0,4/21,8.03%,VTN;USF1;ENPP4;THBS1
ARHGEF10,GO_Biological_Process_2023,prerank,Positive Regulation Of Protein Targeting To Mitochondrion (GO:1903955),0.3280292090080977,0.770018586637377,0.8743718592964824,1.0,1.0,16/30,22.03%,TOMM7;PDCD5;UBE2J2;UBE2D3;USP36;RHOU;RNF2;SAE1;UBE2L3;SREBF2;NPEPPS;PIN1;FZD5;VPS11;ARIH2;HTRA2
ARHGEF10,GO_Biological_Process_2023,prerank,Regulation Of Telomere Maintenance Via Telomere Lengthening (GO:1904356),0.36480393035028646,0.7698846425623936,0.7912621359223301,1.0,1.0,8/17,18.81%,PARP1;TNIP1;SLX4;TINF2;TERF2;DHX36;TNKS;SMG5
ARHGEF10,GO_Biological_Process_2023,prerank,Myofibril Assembly (GO:0030239),-0.31818447237139263,-0.7698604044190099,0.8940092165898618,1.0,1.0,10/46,13.30%,TNNT2;TMOD1;FLNC;MYOZ2;MYH3;OBSL1;CFLAR;ACTN2;PGM5;MYL9
ARHGEF10,GO_Biological_Process_2023,prerank,Regulation Of Nucleocytoplasmic Transport (GO:0046822),0.37033016156070714,0.7695486760261975,0.8164251207729468,1.0,1.0,11/16,25.99%,PTPN14;RBM4;TGFB1;FRAT2;BMP4;TPR;MX2;KHDRBS1;SIRT7;UHMK1;IFI27
ARHGEF10,GO_Biological_Process_2023,prerank,Ribosomal Large Subunit Assembly (GO:0000027),0.34481031343002233,0.769542790850552,0.8641025641025641,1.0,1.0,12/21,24.31%,MDN1;NLE1;RPL11;RPLP0;RPL10;MRM2;TRAF7;DHX30;RPL23A;NOP53;RPL5;MRPL20
ARHGEF10,GO_Biological_Process_2023,prerank,Regulation Of Primary Metabolic Process (GO:0080090),0.30038310109110683,0.7695426697401129,0.9396751740139211,1.0,1.0,13/43,18.73%,HNF4A;NR1D1;RNF213;NCOA2;EDF1;CNDP1;RUBCNL;PPARG;ADIPOR1;GPS2;VPS35;ZFP69;SSH1
ARHGEF10,GO_Biological_Process_2023,prerank,Ceramide Metabolic Process (GO:0006672),-0.31246539213258007,-0.7695167041603951,0.9001560062402496,1.0,1.0,24/54,27.55%,GBA1;PLPP2;SMPD1;PNPLA1;PPP2R1A;SPTSSA;ACER3;CEL;CERS2;ALOX12B;PLA2G15;SMPD4;PLPP1;CERS6;NSMAF;CLN6;SGMS1;PLPP3;SMPD2;ASAH1;CERS4;ST6GALNAC6;SPTLC2;AGK
ARHGEF10,GO_Biological_Process_2023,prerank,Positive Regulation Of Protein-Containing Complex Assembly (GO:0031334),-0.2881368031733851,-0.7694758511112231,0.96,1.0,1.0,28/98,22.72%,CXCL13;AJUBA;TPPP;TPPP3;BAK1;SYK;LCP1;STUB1;ATM;CHAF1B;SRC;BTK;GSK3B;SNCA;SLF2;PIEZO1;BCL2L11;MARK4;MAVS;FSCN1;SH3GLB1;RAP1B;NEK7;PLCG2;SPIDR;MTLN;ISG15;SUMO1
ARHGEF10,GO_Biological_Process_2023,prerank,Regulation Of Myeloid Cell Differentiation (GO:0045637),0.33875271567994675,0.769362580078966,0.8471177944862155,1.0,1.0,8/26,16.70%,MAFB;RBM15;PRMT1;EIF6;MEIS2;HSPA9;CTR9;FES
ARHGEF10,GO_Biological_Process_2023,prerank,poly(A)+ mRNA Export From Nucleus (GO:0016973),0.3509408149093906,0.7692740326605291,0.8446115288220551,1.0,1.0,4/20,7.47%,ZC3H11B;PCID2;SARNP;ENY2
ARHGEF10,GO_Biological_Process_2023,prerank,Fatty Acid Beta-Oxidation (GO:0006635),0.29965693984184516,0.769121429948079,0.9234828496042217,1.0,1.0,23/49,22.73%,ACADS;ACAA1;ECI2;MCAT;SCP2;ACAT2;DECR2;ETFB;BDH2;HSD17B10;ECHS1;ACAD10;DECR1;IVD;HADHB;ABCD4;ACADVL;HSD17B4;ACOX3;EHHADH;ECHDC1;ACAD11;AUH
ARHGEF10,GO_Biological_Process_2023,prerank,SMAD Protein Signal Transduction (GO:0060395),-0.3179626814373625,-0.7690812121303675,0.8710743801652893,1.0,1.0,14/50,19.87%,GDF7;CITED1;INHBA;GDF6;INHBC;INHA;MAGI2;GDF11;TGFB2;TGFB3;SMAD5;SMAD6;LEFTY2;ZMIZ1
ARHGEF10,GO_Biological_Process_2023,prerank,Phospholipid Transport (GO:0015914),0.2862744734055437,0.7688415246896905,0.9568733153638814,1.0,1.0,12/59,12.00%,APOA1;ATP10B;ATP9A;PLA2G10;ABCA7;PRELID3B;TMEM30B;SCP2;ATP8B2;ATP11A;SCARB1;ATP8B3
ARHGEF10,GO_Biological_Process_2023,prerank,Amide Transport (GO:0042886),-0.33610818192506536,-0.7687580346599863,0.8621794871794872,1.0,1.0,9/32,17.20%,SLC14A2;CERT1;SLC17A8;SLC1A3;VAPA;PLTP;SLC17A6;OSBP;GJA1
ARHGEF10,GO_Biological_Process_2023,prerank,Response To Reactive Oxygen Species (GO:0000302),0.28109211542771223,0.7686863030552191,0.9596977329974811,1.0,1.0,25/65,20.70%,JUN;PTPRN;HIF1A;CRYGD;AKT1;HYAL1;GLRX2;TPM1;PRDX3;MPV17L;HMOX1;CAT;PEX5;CAMKK2;RPS3;MAPK9;PLK3;STK24;MAPK1;PEX14;PDGFRA;PJVK;FER;MMP9;MPV17
ARHGEF10,GO_Biological_Process_2023,prerank,Positive Regulation Of Protein Modification By Small Protein Conjugation Or Removal (GO:1903322),0.27456498755116526,0.7685788505320515,0.9754768392370572,1.0,1.0,23/78,17.52%,BIRC3;RASD2;FAM107A;PIAS3;FBXO4;DERL1;TNIP1;NDFIP1;HSPBP1;SMAD7;NSMCE3;WFS1;CENPX;SAE1;UBE2L3;TBC1D7;NDFIP2;TRAF6;MALT1;MYCBP2;BIRC2;SPRTN;CENPS
ARHGEF10,GO_Biological_Process_2023,prerank,Positive Regulation Of Mitotic Sister Chromatid Separation (GO:1901970),-0.39201072437470075,-0.7683159304552477,0.8016806722689076,1.0,1.0,2/15,4.29%,DLGAP5;RB1
ARHGEF10,GO_Biological_Process_2023,prerank,Cellular Response To dsRNA (GO:0071359),0.3712021723882766,0.767991741145703,0.819634703196347,1.0,1.0,7/17,23.55%,IFIH1;IFIT1;RIGI;ZCCHC3;CGAS;RIOK3;RALB
ARHGEF10,GO_Biological_Process_2023,prerank,Ameboidal-Type Cell Migration (GO:0001667),0.34868911186088497,0.7671830814124713,0.84,1.0,1.0,4/20,11.88%,FAT2;ITGA4;IQGAP1;NANOS1
ARHGEF10,GO_Biological_Process_2023,prerank,Negative Regulation Of ERBB Signaling Pathway (GO:1901185),0.36192428102183855,0.7671740994227901,0.8341232227488151,1.0,1.0,11/18,23.44%,CBLC;DAB2IP;ZFYVE28;DUSP3;LGMN;PTPRJ;TSG101;PTPN2;PTPN12;CBL;RNF115
ARHGEF10,GO_Biological_Process_2023,prerank,mRNA Methylation (GO:0080009),-0.3967485620261881,-0.7670620547067806,0.814625850340136,1.0,1.0,7/15,25.21%,METTL4;TRMT10C;METTL16;METTL14;TRMT61A;NSUN2;CMTR1
ARHGEF10,GO_Biological_Process_2023,prerank,Sterol Homeostasis (GO:0055092),-0.2991989190259869,-0.7670320290457553,0.9236760124610592,1.0,1.0,27/73,21.52%,NPC1L1;ABCG4;CNBP;XBP1;LCP1;TSKU;ANGPTL3;EHD1;ABCG5;ACSM3;ABCG8;MTTP;APOB;SIRT1;PCSK9;APOE;CYP39A1;APOM;SOAT1;INSIG1;LAMTOR1;FGFR4;ABCG1;CD24;FABP3;LIPG;LDLR
ARHGEF10,GO_Biological_Process_2023,prerank,Monocarboxylic Acid Catabolic Process (GO:0072329),0.3557377384908701,0.7669874260459216,0.8666666666666667,1.0,1.0,2/20,4.21%,CYP26B1;CYP26A1
ARHGEF10,GO_Biological_Process_2023,prerank,Negative Regulation Of G2/M Transition Of Mitotic Cell Cycle (GO:0010972),0.327420130824024,0.7668755518020941,0.8567839195979899,1.0,1.0,9/28,18.74%,CHFR;FHL1;ZFYVE19;AVEN;RAD50;BABAM1;AURKB;BABAM2;USP47
ARHGEF10,GO_Biological_Process_2023,prerank,Positive Regulation Of NF-kappaB Transcription Factor Activity (GO:0051092),-0.2744053972344718,-0.7668639679590612,0.9823529411764705,1.0,1.0,42/151,22.72%,RHEBL1;TRIM15;AGT;NLRC4;ALK;TRADD;RIPK4;EP300;SPHK1;RAB7B;LGALS9;RPS6KA4;NTRK1;CARD14;CFLAR;CX3CL1;TRAF5;RFPL2;BTK;CIB1;PRKD2;RTKN2;ANKRD42;LAMTOR5;AKR1B1;RNF31;WNT5A;HSPA1B;TRIM13;PRKCB;PLCG2;IL1RAP;NPM1;TRIM22;AIM2;FLOT2;FLOT1;TRIM52;TRIM14;ERC1;TICAM2;AGER
ARHGEF10,GO_Biological_Process_2023,prerank,Cellular Response To Retinoic Acid (GO:0071300),-0.3334323473776697,-0.7667904229647265,0.8601973684210527,1.0,1.0,9/40,18.84%,PAX2;WNT3A;ATM;WNT9B;TESC;RET;GSK3B;FZD7;WNT5A
ARHGEF10,GO_Biological_Process_2023,prerank,Negative Regulation Of Oxidative Stress-Induced Cell Death (GO:1903202),-0.3632052502744143,-0.7667703611335467,0.8176,1.0,1.0,10/23,25.64%,NOL3;NME5;LRRK2;SIRT1;FYN;PINK1;PRKN;TXN;NFE2L2;GPR37
ARHGEF10,GO_Biological_Process_2023,prerank,Negative Regulation Of Phosphate Metabolic Process (GO:0045936),-0.36709759401795505,-0.7667582879174795,0.8098471986417657,1.0,1.0,9/20,17.45%,CDKN2B;INHBA;INHA;DYNLL1;CDKN2A;PRKRIP1;SIRT1;CDKN2D;CDKN1B
ARHGEF10,GO_Biological_Process_2023,prerank,Regulation Of Cytoskeleton Organization (GO:0051493),0.26133937751442293,0.7664417748532156,0.9936305732484076,1.0,1.0,36/112,20.19%,PEAK3;SIGLEC15;CDK10;MID1;FAM107A;DIAPH1;EPHA3;DAPK3;TRIM36;BICD1;TAOK1;TWF2;MAP6;SYDE1;MAP6D1;MLST8;SH3BP1;P2RX7;FRMPD2;PFDN2;CORO2B;TAOK2;ROCK1;CAMSAP3;CAPN10;CAPN2;ARHGAP17;STMN3;MAPK1;MARK2;BST1;RICTOR;RAC1;CDK2AP2;TESK1;RAPGEF3
ARHGEF10,GO_Biological_Process_2023,prerank,Regulation Of Neurogenesis (GO:0050767),0.2788912894067947,0.7662190786829551,0.9690140845070423,1.0,1.0,23/67,20.38%,HES3;PAX6;GPRASP3;HES6;YTHDF2;GPER1;HEYL;CTNNB1;PER2;RASSF10;FAIM;NUMBL;MBD1;REST;SPEN;SERPINF1;HES1;BHLHE41;APLP2;BMAL1;TRIM32;PRUNE1;WNT3
ARHGEF10,GO_Biological_Process_2023,prerank,Regulation Of miRNA-mediated Gene Silencing (GO:0060964),0.3880050533645002,0.7661950400677108,0.8056872037914692,1.0,1.0,5/15,19.81%,DND1;PPARG;EIF4G1;TRIM71;PUM2
ARHGEF10,GO_Biological_Process_2023,prerank,Interferon-Mediated Signaling Pathway (GO:0140888),-0.3238563936385565,-0.7661670103665048,0.8631415241057543,1.0,1.0,11/41,24.49%,IFNK;HCK;IL10RB;SP100;STAT1;MAVS;TANK;HDAC4;IRF1;IFITM3;IFITM2
ARHGEF10,GO_Biological_Process_2023,prerank,Regulation Of Axon Extension Involved In Axon Guidance (GO:0048841),0.3427420445734133,0.7661599892968295,0.8288043478260869,1.0,1.0,10/23,20.91%,NELL1;SEMA3F;SEMA5B;SEMA6B;SEMA3E;SEMA4A;SEMA4F;SEMA3B;SEMA4D;SEMA3A
ARHGEF10,GO_Biological_Process_2023,prerank,Presynaptic Endocytosis (GO:0140238),-0.3390327195261229,-0.7660837208306491,0.8717948717948718,1.0,1.0,7/31,17.22%,AP2M1;SNCB;VAMP2;DNM1;CDK5;SNCA;OPHN1
ARHGEF10,GO_Biological_Process_2023,prerank,Negative Regulation Of Actin Filament Bundle Assembly (GO:0032232),-0.347391282754782,-0.7660545003352733,0.8525641025641025,1.0,1.0,12/27,27.14%,WAS;DYNLL1;PHLDB2;TMEFF2;CLASP1;PRKN;SHANK1;MET;CGNL1;PAK2;ARHGAP28;SHANK3
ARHGEF10,GO_Biological_Process_2023,prerank,Regulation Of Protein Transport (GO:0051223),-0.3480951978064719,-0.7660424025404942,0.8384491114701131,1.0,1.0,16/28,29.47%,STXBP5;LCP1;WWP2;HSPA8;SCFD1;LLGL2;P3H1;CHP1;GAPVD1;NDEL1;DNAJC1;ATP13A2;LLGL1;SIRT6;SNX3;STXBP5L
ARHGEF10,GO_Biological_Process_2023,prerank,Ear Morphogenesis (GO:0042471),-0.36555991705468155,-0.7652853308702952,0.8221476510067114,1.0,1.0,6/23,18.04%,PAX2;ZIC1;MYO6;SIX1;EPHB2;OXSR1
ARHGEF10,GO_Biological_Process_2023,prerank,Sterol Transport (GO:0015918),-0.3565992284962924,-0.7651639290040323,0.8227642276422764,1.0,1.0,7/25,14.66%,NPC1L1;STARD3NL;ABCG5;ABCG8;VAPA;APOB;OSBP
ARHGEF10,GO_Biological_Process_2023,prerank,Protein Neddylation (GO:0045116),0.3448810536152136,0.7650696468502446,0.8427835051546392,1.0,1.0,8/22,17.02%,COPS7A;RBX1;COPS5;UBE2F;COPS6;COPS8;NEDD8;UBE2M
ARHGEF10,GO_Biological_Process_2023,prerank,"Nuclear-Transcribed mRNA Catabolic Process, Exonucleolytic (GO:0000291)",0.3784098802779875,0.7645381954808861,0.8321167883211679,1.0,1.0,7/17,17.35%,NT5C3B;DCPS;POLR2G;CNOT7;EXOSC4;EXOSC8;EXOSC9
ARHGEF10,GO_Biological_Process_2023,prerank,Positive Regulation Of Macromolecule Biosynthetic Process (GO:0010557),0.25390219557235133,0.7643654416082857,1.0,1.0,1.0,31/122,17.36%,PIWIL2;TLR2;KLF4;RGCC;NFKB1;SORBS1;AGO2;PRMT1;EIF3C;SLC25A37;EPM2AIP1;THBS1;EIF4G3;EIF6;AKT1;UPF3A;ZCCHC4;NOD2;SMOC2;EIF4A3;IRS1;METTL5;PRKDC;RPS27L;GCK;MTPN;RPS4X;PRR16;METTL3;HNRNPD;PASK
ARHGEF10,GO_Biological_Process_2023,prerank,Negative Regulation Of Peptidase Activity (GO:0010466),0.2907699225794315,0.764292942831544,0.9228571428571428,1.0,1.0,16/59,21.61%,VTN;SERPINA6;SPOCK2;AKT1;PARK7;SPOCK1;SERPINE3;SERPINE1;SERPINI2;SERPINE2;GAPDH;SERPINF1;SERPING1;CRB2;CTSB;TIMP3
ARHGEF10,GO_Biological_Process_2023,prerank,Rac Protein Signal Transduction (GO:0016601),-0.3843064365332912,-0.7642168214071946,0.8224455611390284,1.0,1.0,11/17,29.40%,RHOG;WASF1;CYFIP1;RAC3;AIF1;TIAM1;EPS8;DBNL;CDH13;FARP2;ELMO1
ARHGEF10,GO_Biological_Process_2023,prerank,Regulation Of Regulatory T Cell Differentiation (GO:0045589),-0.3645192313261638,-0.7642047598315697,0.8434782608695652,1.0,1.0,3/22,5.53%,LILRB4;HLA-G;VSIR
ARHGEF10,GO_Biological_Process_2023,prerank,Regulation Of Early Endosome To Late Endosome Transport (GO:2000641),-0.38647433590350766,-0.7639166949145919,0.8010118043844857,1.0,1.0,4/18,13.39%,DENND10;DAB2;NF2;SRC
ARHGEF10,GO_Biological_Process_2023,prerank,Regulation Of Membrane Protein Ectodomain Proteolysis (GO:0051043),-0.36937977035475045,-0.7627779480938507,0.8414634146341463,1.0,1.0,8/21,22.27%,TIMP1;SH3D19;FURIN;APOE;ADAM9;PACSIN3;PTPN3;TIMP2
ARHGEF10,GO_Biological_Process_2023,prerank,Fatty Acid Metabolic Process (GO:0006631),0.2599410495293311,0.7627010580073417,1.0,1.0,1.0,41/122,22.25%,PLA2G2C;BAAT;PNPLA8;ACOT6;ACSF2;ACSL6;ACAA1;ALOX12;PER2;MCAT;FA2H;TSPO;ABCD1;DECR2;ACSM1;CBR4;FASN;HSD17B10;LPIN1;HPGD;SLC27A6;ACACA;ADIPOR1;NDUFAB1;ACSL3;ACADSB;ACBD4;ACACB;ACSL1;SLC27A4;GPX4;PCCB;ACSBG1;ACSL4;LPIN2;SLC27A3;ALOX5;MECR;PNPLA3;THEM4;MSMO1
ARHGEF10,GO_Biological_Process_2023,prerank,Cellular Lipid Catabolic Process (GO:0044242),-0.3599973229670013,-0.762442809719339,0.8168316831683168,1.0,1.0,13/23,26.02%,ANGPTL3;PLBD2;ACADL;PLBD1;PLA2G15;ENPP2;LIPG;PLD2;NUDT19;MGST2;LPIN3;PPARD;ACOT8
ARHGEF10,GO_Biological_Process_2023,prerank,Neuron Maturation (GO:0042551),0.36539329746554483,0.762343550093094,0.8259860788863109,1.0,1.0,4/17,8.65%,EPHA8;C3;LGI4;B4GALT6
ARHGEF10,GO_Biological_Process_2023,prerank,Regulation Of calcineurin-NFAT Signaling Cascade (GO:0070884),-0.3300559076052767,-0.7622483582575047,0.8830508474576271,1.0,1.0,11/33,20.21%,MYOZ2;IGF1;PPP3CC;GSK3B;CIB1;PPP3R1;PPP3CA;EFHB;HOMER3;CHP1;PLCG2
ARHGEF10,GO_Biological_Process_2023,prerank,Positive Regulation Of Potassium Ion Transport (GO:0043268),0.37513158990802875,0.7619117436282287,0.8209718670076727,1.0,1.0,6/15,19.46%,FHL1;FLNA;NOS1AP;DLG1;KCNE5;KCNH2
ARHGEF10,GO_Biological_Process_2023,prerank,Actin Nucleation (GO:0045010),-0.3618602216185165,-0.7618028155473948,0.8155339805825242,1.0,1.0,7/21,25.45%,WIPF3;WASH6P;WASH2P;ARPC5;MAGEL2;ARPC1B;WHAMM
ARHGEF10,GO_Biological_Process_2023,prerank,"Maturation Of 5.8S rRNA From Tricistronic rRNA Transcript (SSU-rRNA, 5.8S rRNA, LSU-rRNA) (GO:0000466)",-0.367455683947185,-0.7617805895967903,0.8307426597582038,1.0,1.0,10/21,28.12%,NOL9;ERI1;EXOSC7;ERI2;EXOSC10;EXOSC2;UTP20;RRS1;ERI3;FTSJ3
ARHGEF10,GO_Biological_Process_2023,prerank,Amino Acid Transport (GO:0006865),0.30062093045961674,0.7616023945376748,0.9256198347107438,1.0,1.0,13/46,19.79%,SLC7A10;SLC36A2;SLC25A44;SLC36A1;SLC3A1;SLC1A5;SH3BP4;SLC7A1;SLC25A29;SLC7A14;SLC7A2;SLC38A7;SLC16A10
ARHGEF10,GO_Biological_Process_2023,prerank,Protein Stabilization (GO:0050821),0.24244111471139407,0.7615732376725562,1.0,1.0,1.0,63/201,20.34%,APOA1;GBA3;TMEM88;USP33;CCT7;GET1;TRIM37;COG7;PFDN1;PPIB;H1-5;SAXO1;UBE2B;GOLGA7;PFDN5;CREB1;MDM4;USP36;PARK7;PIH1D2;PIK3R1;PFN2;PIM2;FLNA;GLMP;CTNND1;MORC3;PFDN2;SMAD7;WFS1;USP27X;CLU;STXBP4;RPS7;HSP90AB1;USP13;RPL11;GRN;HSPA1A;PDRG1;TBL1X;STX12;TRIM39;HSPD1;NCLN;RAB21;TSC1;USP2;AHSP;ATP1B2;NAA16;CAMLG;CCNH;PIN1;LAMP1;DNLZ;GAPDH;EFNA1;MAPK8IP3;BAG3;CCT5;PARVA;RPL17
ARHGEF10,GO_Biological_Process_2023,prerank,Epithelial Cell Differentiation (GO:0030855),-0.2744755275609374,-0.7615336940462881,0.9829787234042553,1.0,1.0,26/131,21.79%,SULT1B1;PAX2;DHRS9;CITED1;DAB2;OVOL1;KRT10;GATA3;PLAAT1;SCUBE1;OVOL2;OVOL3;ZNF703;SIX1;RAB10;E2F4;GRHL2;FZD7;E2F8;UPK1A;ERBB4;FSTL1;HNRNPH3;SPINK5;TST;JAG1
ARHGEF10,GO_Biological_Process_2023,prerank,Cellular Response To Gamma Radiation (GO:0071480),0.3663624973961545,0.7613865702245379,0.8111888111888111,1.0,1.0,9/16,22.32%,TP53;WRN;HSF1;TLK2;MDM2;TSPYL5;YAP1;XRCC6;RPL26
ARHGEF10,GO_Biological_Process_2023,prerank,Positive Regulation Of Cellular Catabolic Process (GO:0031331),-0.2698759739317162,-0.7612180645531765,0.9928263988522238,1.0,1.0,43/145,23.69%,DXO;KHSRP;OPTN;PNPT1;RNF152;STK11;SLC4A4;SH3D19;AMBRA1;CNOT8;IGF1;ZC3H12A;LRRK2;SQSTM1;RFPL2;CDK16;GSK3B;UFL1;ADAM8;SNCA;MLXIPL;FURIN;APOE;USP20;ADAM9;DEPDC5;TRIM23;FOXO3;UPF1;INSR;PRKCD;SH3GLB1;RBM27;BAD;BNIP3;PACSIN3;TRIM22;PLEKHF1;MTLN;PSEN1;TRIM5;ATG13;CCNY
ARHGEF10,GO_Biological_Process_2023,prerank,Carboxylic Acid Metabolic Process (GO:0019752),-0.3352539058255821,-0.7611173386555697,0.8721934369602763,1.0,1.0,13/33,26.87%,PLA2G4A;TBXAS1;CSGALNACT1;SLC2A1;AMH;LIPT2;AS3MT;SLC2A3;GNE;CYP2J2;ST3GAL1;SLC23A2;ST6GAL1
ARHGEF10,GO_Biological_Process_2023,prerank,Positive Regulation Of Protein Processing (GO:0010954),-0.36834077471317056,-0.760692451833802,0.8311897106109325,1.0,1.0,7/20,25.93%,NLRC4;ENO1;ANXA2;GSN;F12;KLKB1;MYH9
ARHGEF10,GO_Biological_Process_2023,prerank,Regulation Of Blood Circulation (GO:1903522),0.3191669943848975,0.7606535298149216,0.905511811023622,1.0,1.0,7/34,11.59%,TH;FOXN4;KCNJ12;PER2;KCNIP2;TMIGD3;DMPK
ARHGEF10,GO_Biological_Process_2023,prerank,Regulation Of DNA Methylation-Dependent Heterochromatin Formation (GO:0090308),-0.37940890032494373,-0.7606029222706571,0.8201058201058201,1.0,1.0,10/17,27.22%,ZNF304;KDM1A;MPHOSPH8;DYRK1A;SETDB2;MORC2;ATF7IP2;L3MBTL3;RESF1;PPHLN1
ARHGEF10,GO_Biological_Process_2023,prerank,Non-Canonical Wnt Signaling Pathway (GO:0035567),-0.323084608230005,-0.7605583749025896,0.8643790849673203,1.0,1.0,14/40,22.16%,FZD9;WNT4;TMEM67;FZD1;WNT9B;SFRP5;FZD7;CCDC88C;WNT5A;FZD8;TIAM1;SFRP2;SMURF2;CDC42
ARHGEF10,GO_Biological_Process_2023,prerank,Positive Regulation Of Apoptotic Process (GO:0043065),-0.2553428734122278,-0.760419349044993,0.9973890339425587,1.0,1.0,77/268,23.62%,ADAMTSL4;PNMA5;CTSS;FZD9;NLRC4;TRADD;DCUN1D3;TNFRSF12A;DDIT3;STK17B;CASP8;CSRNP3;FANK1;BAK1;TNFRSF10C;DYNLL1;AIFM2;SMPD1;ATM;RASSF2;ZC3H12A;C1QBP;DKKL1;MAP3K5;CFLAR;ING4;CASP9;STK3;CDK5;SRPK2;BNIP3L;SQSTM1;DIABLO;SIRT1;SNCA;TGFB2;EMILIN1;PCSK9;CEL;DDX20;PHLDA3;TGFB3;CTSK;BCL2L11;NEURL1;CTSL;IAPP;FOXO3;PLEKHN1;CASP2;SOD1;HTT;IGFBP3;PNMA3;MOAP1;RBM5;CLIP3;MYBBP1A;BAD;BNIP3;OLFM1;ING5;SFRP2;PRDM11;ECT2;TPD52L1;TCTN3;SAP18;GADD45B;PPID;STK4;DAPK2;BRMS1;BARD1;CRADD;E2F1;MAPK8
ARHGEF10,GO_Biological_Process_2023,prerank,Negative Regulation Of Response To External Stimulus (GO:0032102),-0.27027295576800564,-0.7603935935526481,0.9768451519536903,1.0,1.0,38/145,22.22%,OTULIN;ENPP3;NR1H4;RB1;GBA1;C1QTNF3;TRIM45;IL22RA1;DHX58;PTEN;AOAH;GATA3;CLDN3;IFI16;RNF26;EPHA4;C1QBP;PTGER4;DRD3;CASK;NLRC3;TNFAIP6;MUL1;CERS2;APOE;SELENOS;PROC;TYRO3;FEM1A;PRKCD;MVK;TEK;FGF2;BANF1;MACIR;CARD8;CYLD;METRNL
ARHGEF10,GO_Biological_Process_2023,prerank,Negative Regulation Of ATP-dependent Activity (GO:0032780),0.3690304553073228,0.7602956098234439,0.8175519630484989,1.0,1.0,6/16,9.83%,LTF;TNNI3;IFIT1;PXK;VCPKMT;TP53
ARHGEF10,GO_Biological_Process_2023,prerank,Regulation Of Intracellular Steroid Hormone Receptor Signaling Pathway (GO:0033143),-0.3591959511216461,-0.7599140494965045,0.8421900161030595,1.0,1.0,6/22,17.02%,EP300;DNAAF4;UFL1;KDM1A;RNF14;UFSP2
ARHGEF10,GO_Biological_Process_2023,prerank,Regulation Of Macrophage Derived Foam Cell Differentiation (GO:0010743),-0.34210449122704967,-0.7593679573311745,0.8578680203045685,1.0,1.0,6/30,13.12%,AGT;PLA2G2A;ITGAV;LCP1;NFKBIA;APOB
ARHGEF10,GO_Biological_Process_2023,prerank,Maintenance Of Blood-Brain Barrier (GO:0035633),0.32276817095708754,0.7590223932245076,0.8919597989949749,1.0,1.0,7/29,17.54%,PECAM1;ITGB1;SLC12A2;CLDN12;CLDN1;LAMC1;LAMA2
ARHGEF10,GO_Biological_Process_2023,prerank,Transcription Preinitiation Complex Assembly (GO:0070897),0.29123931537540365,0.7586080217422304,0.9448621553884712,1.0,1.0,14/52,17.92%,TAF12;TAF2;TAF8;MED16;MED8;MED7;MED9;TAF3;MED15;MED28;MED22;MED19;TAF5;GTF2A1
ARHGEF10,GO_Biological_Process_2023,prerank,Protein Localization To Chromatin (GO:0071168),-0.33214542670113273,-0.7584193714835454,0.8933333333333333,1.0,1.0,5/31,11.48%,MSH2;H2BC11;LEF1;TONSL;SGF29
ARHGEF10,GO_Biological_Process_2023,prerank,Regulation Of Dendrite Morphogenesis (GO:0048814),-0.33573798537980065,-0.758384947665697,0.8820678513731826,1.0,1.0,15/31,26.27%,RAPGEF2;HECW1;OBSL1;CUL7;GSK3B;CDKL5;NEDD4;CAPRIN2;CDKL3;TNIK;NEDD4L;CHRNB2;PTPRD;HECW2;SS18L1
ARHGEF10,GO_Biological_Process_2023,prerank,Neurotransmitter Secretion (GO:0007269),-0.32071387174465377,-0.7583232445947087,0.8929663608562691,1.0,1.0,17/43,24.98%,DOC2A;CPLX4;VAMP2;SYN3;OTOF;STXBP3;CDK5;SNCA;STXBP2;RPH3AL;GRM4;LIN7C;SNAPIN;PDZD11;SYT1;SNAP25;RIMS1
ARHGEF10,GO_Biological_Process_2023,prerank,Response To Retinoic Acid (GO:0032526),-0.3061986434956469,-0.7581848329945694,0.9127725856697819,1.0,1.0,11/58,16.35%,PAX2;WNT3A;AQP3;ALDH1A2;ATM;WNT9B;TESC;RET;GSK3B;CDKN2D;FZD7
ARHGEF10,GO_Biological_Process_2023,prerank,Positive Regulation Of Autophagy (GO:0010508),-0.27936008960987274,-0.7581232926230513,0.9797395079594791,1.0,1.0,34/105,23.69%,GPSM1;OPTN;RNF152;STK11;ZC3H12A;LRRK2;LARP1;SCOC;BNIP3L;SQSTM1;RFPL2;CDK16;SIRT1;GSK3B;UFL1;WAC;USP20;SESN1;DEPDC5;TRIM23;FOXO3;TSC2;PINK1;HTT;PRKN;SH3GLB1;TRIM13;BAD;BNIP3;TRIM22;PLEKHF1;TRIM5;ATG13;CCNY
ARHGEF10,GO_Biological_Process_2023,prerank,Positive Regulation Of Myeloid Leukocyte Differentiation (GO:0002763),-0.3279971947815945,-0.7578055518981576,0.8526490066225165,1.0,1.0,10/40,19.33%,IL23R;LEF1;POU4F1;CASP8;CD74;TESC;PPP3CA;IL34;RUNX1;HLA-DRB1
ARHGEF10,GO_Biological_Process_2023,prerank,Positive Regulation Of Mitotic Nuclear Division (GO:0045840),0.3122647073512093,0.7576704431199883,0.8802992518703242,1.0,1.0,4/35,6.03%,EDN1;BTC;ANAPC5;RGCC
ARHGEF10,GO_Biological_Process_2023,prerank,"Regulation Of Alternative mRNA Splicing, Via Spliceosome (GO:0000381)",-0.3058334212210981,-0.757669819735778,0.9234375,1.0,1.0,22/52,26.54%,NOVA2;RBM11;HNRNPA1;RBM7;CELF6;KHDRBS2;TRA2B;FAM172A;MAGOH;RBM5;RBM25;SMU1;THRAP3;RBMX;SAP18;SRSF6;RBM8A;FMR1;FXR1;RBM47;CELF2;ZBTB7A
ARHGEF10,GO_Biological_Process_2023,prerank,Macrophage Differentiation (GO:0030225),0.3488751421258396,0.7573779438320714,0.8731707317073171,1.0,1.0,4/20,6.67%,PARP1;LIF;CSF1;CD4
ARHGEF10,GO_Biological_Process_2023,prerank,Skeletal Muscle Tissue Development (GO:0007519),0.29479120349155324,0.7569212514832254,0.9507246376811594,1.0,1.0,7/42,9.49%,MYOZ1;MYF6;MYL11;PPP3CB;POPDC2;EGR2;SELENON
ARHGEF10,GO_Biological_Process_2023,prerank,Cellular Response To Epidermal Growth Factor Stimulus (GO:0071364),0.3230636011733715,0.7569209307282407,0.8585365853658536,1.0,1.0,8/27,15.46%,VIL1;SYAP1;IQGAP1;MARS1;PLCG1;PTPN11;SOX9;DUSP3
ARHGEF10,GO_Biological_Process_2023,prerank,Regulation Of Cellular Response To Transforming Growth Factor Beta Stimulus (GO:1903844),0.3400295858911316,0.7564210788264185,0.8696682464454977,1.0,1.0,9/23,16.18%,EID2;LATS1;ITGA3;LTBP4;TGFB1;SMAD7;PPARG;TRIM33;SMAD2
ARHGEF10,GO_Biological_Process_2023,prerank,Regulation Of Cellular Response To Stress (GO:0080135),0.25963657963236053,0.7562893223688589,0.9943181818181818,1.0,1.0,38/107,18.65%,CRHBP;INO80B;TAF12;SUPT3H;TAF2;RAD51;KMT5A;ENY2;TFPT;DYRK3;YY1;ACTR8;ETAA1;SF3B3;MAPKAPK2;KAT2A;POLH;BABAM1;ADCY8;MBTPS2;UCHL5;HAPSTR1;MANF;NFRKB;RADX;CORO2B;EIF4G1;SUPT7L;BABAM2;DNAJC7;UBE2V2;UBE2N;INO80;WDR76;TAF5;ABRAXAS1;MCRS1;HSF1
ARHGEF10,GO_Biological_Process_2023,prerank,Regulation Of Necroptotic Process (GO:0060544),0.3467274603436168,0.7557547448082577,0.8426395939086294,1.0,1.0,8/20,16.98%,BIRC3;PARP1;RIPK1;SPATA2;YBX3;ITCH;BIRC2;ARHGEF2
ARHGEF10,GO_Biological_Process_2023,prerank,Non-Motile Cilium Assembly (GO:1905515),-0.3352217970654416,-0.7557490187646081,0.8744186046511628,1.0,1.0,13/31,26.25%,IFT57;CC2D2B;PIBF1;BBS10;CCDC13;CEP250;IFT122;IFT88;TOGARAM1;TTC8;GORAB;VANGL2;TMEM216
ARHGEF10,GO_Biological_Process_2023,prerank,Regulation Of Dendrite Extension (GO:1903859),0.3587072399992639,0.7557162686834261,0.8646616541353384,1.0,1.0,4/17,9.01%,ITSN2;PLAA;SYT2;SMURF1
ARHGEF10,GO_Biological_Process_2023,prerank,Regulation Of Vesicle-Mediated Transport (GO:0060627),-0.287244166360872,-0.7556708921693767,0.9578947368421052,1.0,1.0,35/88,24.06%,DENND10;CD177;SPHK1;NSF;STXBP5;VAMP2;RAB4A;LRRK2;RALA;PACSIN2;SRC;RIT2;SCFD1;YIPF5;RAB33B;ZFYVE16;OPHN1;SEPTIN2;TSC2;SLC30A8;RAB26;RUFY2;USP6;PACSIN3;TPCN2;RAB17;RAB3C;RAB3D;RAB25;PLD2;SYT1;RNF139;RINT1;USP7;MAP2K1
ARHGEF10,GO_Biological_Process_2023,prerank,Positive Regulation Of Cell Migration Involved In Sprouting Angiogenesis (GO:0090050),0.3634922099830238,0.7555498054907231,0.811529933481153,1.0,1.0,1/16,0.72%,GATA2
ARHGEF10,GO_Biological_Process_2023,prerank,Hexose Metabolic Process (GO:0019318),-0.31614217643043513,-0.7555218039550978,0.8990384615384616,1.0,1.0,15/45,25.01%,KHSRP;FPGT;ALDOA;H6PD;GALK1;G6PD;GAA;PMM1;FUCA1;ADPGK;FUCA2;BRAT1;KCNJ11;PPARD;CHST1
ARHGEF10,GO_Biological_Process_2023,prerank,Positive Regulation Of Defense Response To Virus By Host (GO:0002230),-0.34706996061632933,-0.7554394391467915,0.8547297297297297,1.0,1.0,6/28,21.02%,IL23R;APOBEC3G;ZC3H12A;STAT1;MAVS;TRIM22
ARHGEF10,GO_Biological_Process_2023,prerank,Positive Regulation Of Cell Junction Assembly (GO:1901890),-0.2991762375989516,-0.7552068749806644,0.9344262295081968,1.0,1.0,15/61,21.39%,AGT;IRX3;SLITRK3;SLITRK4;CLDN3;SLITRK1;CLDN5;CRB3;BDNF;CLSTN1;EPHB2;MAP4K4;TEK;IL1RAP;FLOT1
ARHGEF10,GO_Biological_Process_2023,prerank,Sprouting Angiogenesis (GO:0002040),0.2912957252164598,0.7546614784389076,0.9509536784741145,1.0,1.0,21/52,22.63%,NELL1;RNF213;RAMP2;THBS1;ADGRA2;AKT1;VEGFB;TGFB1;ROBO1;EFNB2;SEMA3E;MIA3;PGF;BMPER;BMP4;KDR;PARVA;YJEFN3;SLIT2;ANGPT1;VEGFA
ARHGEF10,GO_Biological_Process_2023,prerank,N-glycan Processing (GO:0006491),-0.37362427251281755,-0.7545728144165085,0.8366336633663366,1.0,1.0,8/19,24.00%,MAN2A1;ST8SIA4;MGAT4A;ST8SIA3;MAN2A2;GANAB;ST8SIA6;GANC
ARHGEF10,GO_Biological_Process_2023,prerank,Negative Regulation Of Developmental Process (GO:0051093),-0.2796482553184608,-0.7542238913734473,0.9638009049773756,1.0,1.0,36/108,23.27%,MAPT;ARPIN;OGT;LOXL2;SAP30;DCC;ELAPOR2;HEY2;NOTCH1;WNT9B;RBBP7;PHF14;NFIB;AMH;FOXJ1;FGFR3;MUL1;HEY1;SFRP5;NOTCH4;DLL1;BCL7B;PINK1;KANK1;VASH1;KIAA0319;PRKN;SUZ12;BNIP3;RC3H1;GAS6;SMARCA2;SINHCAF;ROCK2;BRMS1;SPRY3
ARHGEF10,GO_Biological_Process_2023,prerank,Positive Regulation Of Oxidoreductase Activity (GO:0051353),0.33891076110402574,0.7542091827641743,0.8741092636579573,1.0,1.0,6/23,12.99%,EDN1;RFK;PPM1J;NOD2;PARK7;SIRT3
ARHGEF10,GO_Biological_Process_2023,prerank,DNA Integrity Checkpoint Signaling (GO:0031570),-0.32076551091437244,-0.7538436085949808,0.8991869918699187,1.0,1.0,19/42,27.30%,DONSON;INTS7;CDC45;UFL1;TIPRL;CHEK2;CHEK1;TIPIN;CLSPN;ERCC6;HINFP;USP28;DNA2;E2F1;H2AX;FBXO6;TP53BP1;SETMAR;RAD17
ARHGEF10,GO_Biological_Process_2023,prerank,Negative Regulation Of Cell Cycle Process (GO:0010948),-0.33013978282789624,-0.7538231620204253,0.8737541528239202,1.0,1.0,8/33,16.55%,HLA-G;SMARCA5;FBXO5;VPS4A;FBXO43;CHEK1;CHMP4C;E2F8
ARHGEF10,GO_Biological_Process_2023,prerank,Organophosphate Biosynthetic Process (GO:0090407),0.3048704071670188,0.7538023003930977,0.9189873417721519,1.0,1.0,13/34,17.68%,ITPKA;PNPO;ITPKB;AGPAT4;ITPKC;FITM2;GK5;GCK;TPI1;IPPK;MBOAT1;MOCS2;MOCOS
ARHGEF10,GO_Biological_Process_2023,prerank,Negative Regulation Of Endothelial Cell Apoptotic Process (GO:2000352),0.32901452711920803,0.7536926822179699,0.8710462287104623,1.0,1.0,8/26,19.23%,GATA2;RAMP2;MEN1;NDNF;SERPINE1;PAK4;KDR;KRIT1
ARHGEF10,GO_Biological_Process_2023,prerank,mRNA Export From Nucleus (GO:0006406),0.27991121132976066,0.7535906687721872,0.9819277108433735,1.0,1.0,20/60,19.56%,ZC3H11B;PCID2;SARNP;ENY2;ALKBH5;CHTOP;THOC6;NUP160;NUP107;EIF4A3;THOC7;MAGOHB;IWS1;FYTTD1;SMG7;SMG5;NUP93;YTHDC1;TPR;PABPN1
ARHGEF10,GO_Biological_Process_2023,prerank,Adherens Junction Organization (GO:0034332),0.31613385328787025,0.7534401821497375,0.9048843187660668,1.0,1.0,9/35,13.71%,DCHS1;CDH26;CTNNB1;RAMP2;CDH6;CDH18;CDH2;TBCD;SMAD7
ARHGEF10,GO_Biological_Process_2023,prerank,Response To Estradiol (GO:0032355),0.3163611523483217,0.7534312883325734,0.9097938144329897,1.0,1.0,6/31,12.17%,CRHBP;LCOR;GPER1;CTNNB1;KAT5;TGFB1
ARHGEF10,GO_Biological_Process_2023,prerank,Regulation Of TORC1 Signaling (GO:1903432),-0.3096449842010147,-0.7534130849388292,0.9123376623376623,1.0,1.0,21/49,26.93%,RNF152;STK11;RRAGC;TELO2;ATM;WDR59;WAC;DGKQ;SESN1;DEPDC5;LAMTOR5;OTUD5;BMT2;MIOS;STAMBPL1;ITFG2;SLC38A9;NPC1;PIH1D1;CASTOR3P;CASTOR1
ARHGEF10,GO_Biological_Process_2023,prerank,Regulation Of Innate Immune Response (GO:0045088),-0.29085242534196,-0.7533990287838235,0.9541984732824428,1.0,1.0,17/78,16.98%,SH2D1B;IFNK;PTPN6;PLSCR1;CASP8;DHX58;IFI16;AKIRIN2;TRIM56;N4BP1;ADAM8;CD1D;NLRC3;XIAP;MUL1;RNF135;TYRO3
ARHGEF10,GO_Biological_Process_2023,prerank,Response To Calcium Ion (GO:0051592),-0.2762949013260782,-0.7531952809453791,0.9790732436472347,1.0,1.0,36/105,21.59%,TNNT2;TRPV6;ALOX15;AQP3;HOMER1;SMPD1;CALM2;CACNA1A;SYT4;CDKN2AIP;CPNE9;RASA4;CPNE4;KCNMB1;SLC25A12;KCNH1;RASGRP2;TRPC1;PPP3CA;NEDD4;CPNE3;ADAM9;CALM1;SYT11;SYT3;SYT7;WNT5A;KCNMB2;ITPR3;STIM1;PLCG2;MEF2C;SCN5A;KCNMB4;ECT2;AKR1C3
ARHGEF10,GO_Biological_Process_2023,prerank,Membrane Fusion (GO:0061025),0.32978905827715155,0.7531277963047014,0.8981723237597912,1.0,1.0,6/28,10.93%,MYMK;RABEP1;UBXN2A;VPS33B;RABIF;DNM1L
ARHGEF10,GO_Biological_Process_2023,prerank,Regulation Of Cholesterol Metabolic Process (GO:0090181),-0.35288629714186714,-0.752825130727033,0.8544839255499154,1.0,1.0,8/23,19.81%,NR1H4;STARD4;ACADL;APOE;DGKQ;ERLIN2;ABCG1;FMO5
ARHGEF10,GO_Biological_Process_2023,prerank,Mitotic G2/M Transition Checkpoint (GO:0044818),0.2959636797466915,0.7528101426433293,0.9547872340425532,1.0,1.0,13/46,17.67%,TNFSF13B;CHFR;FOXN3;TAOK1;RAD50;BLM;BABAM1;MRNIP;ZNF830;TRIM39;TAOK2;BABAM2;HUS1
ARHGEF10,GO_Biological_Process_2023,prerank,Positive Regulation Of Proteasomal Protein Catabolic Process (GO:1901800),0.2626924612812663,0.7526888251010558,0.993993993993994,1.0,1.0,21/90,15.95%,NKD2;OSBPL7;COP1;DNAJB2;DET1;DAB2IP;ANKIB1;RNF19A;DDRGK1;RNF217;KCNE2;PSMC5;GABARAP;RBX1;HSPBP1;ZER1;SOCS5;SMAD7;CLU;USP13;HSPA1A
ARHGEF10,GO_Biological_Process_2023,prerank,One-Carbon Compound Transport (GO:0019755),-0.32698761218428124,-0.752605584827306,0.9003267973856209,1.0,1.0,11/35,16.73%,SLC14A2;HBA1;SLC4A7;HBZ;CYB5R1;SLC4A4;CYB5R4;AQP5;CA2;CFTR;SLC26A6
ARHGEF10,GO_Biological_Process_2023,prerank,Regulation Of Behavior (GO:0050795),0.35588505277777277,0.7522806617878312,0.8640776699029126,1.0,1.0,8/19,21.13%,CNTNAP4;NR1D1;STRA6;RELN;GNB3;STAT3;EIF2AK4;MBD5
ARHGEF10,GO_Biological_Process_2023,prerank,Cell Surface Receptor Signaling Pathway Involved In Heart Development (GO:0061311),-0.38463235540788443,-0.7522501816189715,0.8364888123924269,1.0,1.0,7/16,21.79%,HEY2;NOTCH1;SNAI2;HEY1;RBPJ;GALNT11;JAG1
ARHGEF10,GO_Biological_Process_2023,prerank,Membrane Assembly (GO:0071709),0.30147778928074814,0.7517670462349618,0.9159891598915989,1.0,1.0,18/38,20.61%,UBXN2A;TLCD1;NRXN2;STX4;SPTBN1;UGCG;NRXN1;CHMP1B;TLCD2;CHMP2B;NLGN1;IL1RAPL1;CHMP2A;NLGN4Y;CHMP1A;NLGN4X;SPAST;RFTN1
ARHGEF10,GO_Biological_Process_2023,prerank,Positive Regulation Of Tumor Necrosis Factor Superfamily Cytokine Production (GO:1903557),0.2711852020890542,0.7514905343022983,0.9943502824858758,1.0,1.0,18/81,14.93%,TLR2;IFIH1;PF4;RIPK1;C1QTNF4;THBS1;HLA-E;SETD4;SPHK2;PYCARD;SPN;TNFRSF8;HMGB1;NOD2;CD86;PTPN11;CLU;RIGI
ARHGEF10,GO_Biological_Process_2023,prerank,Negative Regulation Of Smoothened Signaling Pathway (GO:0045879),-0.34599336738220765,-0.7513414262466958,0.8596774193548387,1.0,1.0,10/25,26.47%,PTCH2;TULP3;ENPP1;HERC4;IFT122;ULK3;GLI1;HHIP;RACK1;GPR161
ARHGEF10,GO_Biological_Process_2023,prerank,Regulation Of Potassium Ion Transmembrane Transporter Activity (GO:1901016),-0.3449901302605537,-0.750960045168773,0.8595317725752508,1.0,1.0,10/26,22.60%,VAMP2;NETO1;WWP2;NEDD4;CACNA1D;OXSR1;ATP1B3;NEDD4L;KCNG1;CAV3
ARHGEF10,GO_Biological_Process_2023,prerank,Retrotransposon Silencing (GO:0010526),0.34086776050103373,0.7507445616137899,0.86,1.0,1.0,3/21,5.95%,SPOCD1;TUT4;APOBEC3B
ARHGEF10,GO_Biological_Process_2023,prerank,Cytoplasmic Microtubule Organization (GO:0031122),-0.3122091848941716,-0.7507001029945052,0.9230769230769231,1.0,1.0,22/48,25.77%,MAPT;TPPP;CLIP2;TRDN;CIB1;KATNAL2;CCDC13;SLAIN1;CCDC88C;FYN;HOOK3;CLASP1;TRPV4;CCDC88B;CHP1;CLIP3;HOOK1;KATNAL1;KATNB1;WDR73;KATNBL1;KPNB1
ARHGEF10,GO_Biological_Process_2023,prerank,Positive Regulation Of Interleukin-8 Production (GO:0032757),-0.2975486650079324,-0.75067793857903,0.9352850539291218,1.0,1.0,12/61,18.87%,TLR3;CNTN1;DDIT3;LGALS9;SYK;CD74;NLRP10;PRKD2;ZNF580;LAMTOR5;MAVS;HSPA1B
ARHGEF10,GO_Biological_Process_2023,prerank,Intracellular Iron Ion Homeostasis (GO:0006879),0.29197978101200894,0.7505523392544559,0.9441489361702128,1.0,1.0,15/50,15.78%,HEPHL1;TMEM199;CP;NDFIP1;F3;FBXL5;SLC46A1;ALAS2;TFRC;ATP6V0D1;FTH1;ATP6V1A;CYBRD1;HMOX1;PICALM
ARHGEF10,GO_Biological_Process_2023,prerank,Ephrin Receptor Signaling Pathway (GO:0048013),-0.31263236657314475,-0.7505321751246563,0.912,1.0,1.0,12/43,21.04%,EFNB1;EPHA5;EPHA4;YES1;EFNA3;RASA1;SRC;EFNB3;EPHB2;FYN;EFNA5;TIAM1
ARHGEF10,GO_Biological_Process_2023,prerank,Glycosphingolipid Metabolic Process (GO:0006687),-0.3291883562858534,-0.7501747004399909,0.8979933110367893,1.0,1.0,7/32,15.64%,GALC;B4GALNT1;SMPD1;GLA;NEU3;GBA2;ST8SIA3
ARHGEF10,GO_Biological_Process_2023,prerank,Regulation Of Ras Protein Signal Transduction (GO:0046578),-0.28474120150112414,-0.750113957545882,0.9732283464566929,1.0,1.0,22/76,19.71%,MMD2;ARHGDIB;OGT;SPRY2;STK19;DYNLL1;NTRK1;IGF1;NOTCH1;PDCD10;SQSTM1;TGFB2;RASGRF1;STARD8;DENND4A;OPHN1;EPHB2;KANK1;NGF;STARD13;PLCE1;SGSM3
ARHGEF10,GO_Biological_Process_2023,prerank,Response To Epidermal Growth Factor (GO:0070849),0.3203237559553501,0.7501037684753171,0.8955613577023499,1.0,1.0,12/30,21.32%,VIL1;SYAP1;IQGAP1;MARS1;PLCG1;PTPN11;SOX9;DUSP3;MAPK1;TPR;PTPN12;ZFP36L2
ARHGEF10,GO_Biological_Process_2023,prerank,Myeloid Leukocyte Differentiation (GO:0002573),-0.29296589757338554,-0.7499449238000692,0.9477848101265823,1.0,1.0,21/70,23.14%,CASP10;CASP8;GATA3;IFI16;LGALS9;PDE1B;IL15;CEBPA;SIRT1;GAB2;KIT;CLPB;GLO1;SNX10;GPR183;RUNX1;HLA-DRB1;SLC4A2;TGFBR2;CDC42;MAPK14
ARHGEF10,GO_Biological_Process_2023,prerank,Neuromuscular Junction Development (GO:0007528),0.3329312200790445,0.7495880573400253,0.8679706601466992,1.0,1.0,3/24,5.20%,DNAJA3;UNC13C;TNC
ARHGEF10,GO_Biological_Process_2023,prerank,Negative Regulation Of Macromolecule Biosynthetic Process (GO:0010558),0.2611922147812696,0.7493836066548868,0.9968944099378882,1.0,1.0,35/98,20.94%,EDN1;PF4;DAPK3;TSPO;FCN3;NHLRC1;RPL13A;NIBAN2;RBM4;CLTC;EIF4A3;NANOS1;TGFB1;DAPK1;EIF4ENIF1;CNOT10;MRPL13;EIF2AK2;CAPRIN1;SERBP1;RPS3;TSC1;DHX36;TOB1;MALSU1;PASK;ZNF540;GAPDH;TRIM71;FXR2;SYNCRIP;CNOT1;DDX3X;YBX1;DACH1
ARHGEF10,GO_Biological_Process_2023,prerank,Endocardial Cushion Development (GO:0003197),-0.3505338888568369,-0.7493697803809014,0.855072463768116,1.0,1.0,7/23,15.72%,ADAMTS5;CRELD1;BMPR2;NOTCH1;TGFB2;HEY1;ENG
ARHGEF10,GO_Biological_Process_2023,prerank,Regulation Of Cell-Cell Adhesion (GO:0022407),-0.3184317288652229,-0.7493657686434099,0.9110378912685337,1.0,1.0,16/42,24.30%,CEACAM1;MDGA1;NF2;SRC;MAGI1;ADAM8;PODXL;CDH1;TENM3;EFNA5;ZDHHC2;FLOT2;JAG1;GTPBP4;PTK2;PLPP3
ARHGEF10,GO_Biological_Process_2023,prerank,Phosphatidylethanolamine Metabolic Process (GO:0046337),-0.3489829411543477,-0.7491369752769106,0.8704918032786885,1.0,1.0,5/25,10.91%,PLAAT2;ALOX15;PLA2G2A;PLAAT1;PLAAT5
ARHGEF10,GO_Biological_Process_2023,prerank,Endosome Transport Via Multivesicular Body Sorting Pathway (GO:0032509),-0.3540598062312132,-0.748744867184544,0.8456486042692939,1.0,1.0,6/23,16.60%,DENND10;CHMP5;UBXN6;LEPROT;CHMP4C;MVB12A
ARHGEF10,GO_Biological_Process_2023,prerank,Regulation Of Protein Secretion (GO:0050708),0.25531672331041283,0.7484320314643397,0.9968652037617555,1.0,1.0,17/102,15.23%,HNF4A;KCNA5;APBB1;GIPR;RFX3;PER2;ACHE;RHBDF1;PPP3CB;DNM1L;SLC12A2;TGFB1;ADCY8;GOLPH3L;ARF6;GCK;TTN
ARHGEF10,GO_Biological_Process_2023,prerank,Negative Regulation Of Translation (GO:0017148),0.2574069067214104,0.7483422923614369,0.9969604863221885,1.0,1.0,43/106,21.67%,PARP16;YTHDF2;DAPK3;AGO2;UNK;EIF6;CELF1;NHLRC1;RPL13A;RBM4;RBM24;EIF4A3;NANOS1;DAPK1;EIF4ENIF1;CNOT10;MRPL13;EIF2AK2;EIF4EBP3;CAPRIN1;EIF4G1;SERBP1;RPS3;ROCK1;TSC1;DHX36;TOB1;METTL3;MALSU1;ZNF540;GAPDH;TRIM71;FXR2;TPR;EIF2AK4;SYNCRIP;AGO3;CNOT1;DDX3X;YBX1;TNRC6A;EIF3E;EPRS1
ARHGEF10,GO_Biological_Process_2023,prerank,Purine Ribonucleotide Metabolic Process (GO:0009150),-0.28482567937322006,-0.7480478419515679,0.9610194902548725,1.0,1.0,26/83,21.37%,SULT1B1;ENPP3;AMPD1;SULT1C4;MYH3;ACAT1;SULT1A2;SULT1A3;NT5E;ENPP1;LRRK2;ACSM3;CTNS;AK4;HSPA8;ATP1A2;CROT;ABHD14B;OXSM;HSPA1B;ADSS1;BAD;TPST2;TPST1;CLPX;RHOQ
ARHGEF10,GO_Biological_Process_2023,prerank,Artery Morphogenesis (GO:0048844),-0.33303852372652903,-0.7479216000331596,0.89,1.0,1.0,10/30,21.79%,GJA5;BMPR2;ANGPTL3;HEY2;NOTCH1;TGFB2;ENG;LRP2;TGFBR2;JAG1
ARHGEF10,GO_Biological_Process_2023,prerank,Cellular Response To Organic Cyclic Compound (GO:0071407),-0.26659977427343,-0.7475019810643206,0.9970588235294118,1.0,1.0,38/150,20.85%,P2RX3;CCDC62;NR1H4;SLC5A5;SSTR1;TIPARP;POU4F1;P2RY6;P2RX4;RAPGEF2;PDXP;HCN4;ZC3H12A;PDE3A;GABRG2;CCL2;LARP1;CTNNA1;ZNF703;TRPV1;HSPA8;ATP1A2;RAMP3;KCNQ1;CDH1;CFTR;SLC26A3;SLC26A6;EGFR;INSIG1;AKR1B1;HSP90B1;P2RY11;HSPA1B;PDE2A;RAP1B;SPIDR;MEF2C
ARHGEF10,GO_Biological_Process_2023,prerank,Gamma-Aminobutyric Acid Signaling Pathway (GO:0007214),0.35146979844478965,0.7474489068783221,0.8781609195402299,1.0,1.0,8/20,17.02%,GABRB1;GABRR3;GABRE;GABRA5;GABRA4;SLC12A2;GABRA2;GABRG1
ARHGEF10,GO_Biological_Process_2023,prerank,Positive Regulation Of Peptidyl-Tyrosine Phosphorylation (GO:0050731),-0.2677357862837279,-0.747004726948293,0.9969558599695586,1.0,1.0,27/129,16.44%,AGT;NOX4;IL23R;CSPG4;CNTF;FLT3;CLEC6A;BANK1;PIBF1;IGF1;CD74;EPHA4;GH2;CD81;IL15;AMH;PARP14;SRC;DLG3;FGFR3;CASS4;CTF1;DLG4;IL34;IL11;DGKQ;KIT
ARHGEF10,GO_Biological_Process_2023,prerank,Negative Regulation Of Neuron Projection Development (GO:0010977),-0.3018957252895584,-0.7469587264843333,0.9250814332247557,1.0,1.0,22/54,24.56%,WNT3A;MCF2;RTN4RL2;PTEN;DCC;TSKU;EPHA4;CIB1;GDI1;APOE;LRP4;EFNB3;PTPN9;KANK1;CRMP1;TRPV4;KIAA0319;STMN2;MYLIP;PRAG1;NGEF;MINAR1
ARHGEF10,GO_Biological_Process_2023,prerank,Negative Regulation Of Protein Binding (GO:0032091),0.2699063663361583,0.7468961341401964,1.0,1.0,1.0,13/71,12.19%,USP33;TTBK1;ARRB2;DNAJB2;IFIT1;ITGA4;SYMPK;TLE5;AKT1;ZFPM1;GTF2F1;PARK7;TTBK2
ARHGEF10,GO_Biological_Process_2023,prerank,Protein K63-linked Ubiquitination (GO:0070534),-0.30709488401491153,-0.7468810731163162,0.9263502454991817,1.0,1.0,18/53,23.91%,ARRDC4;RNF152;STUB1;ZFP91;WWP2;TRAF5;TRIM56;RNF4;TRIM3;RNF135;NEDD4;UBE2D4;PRKN;TRIM22;RNF168;MAGEL2;TRIM5;TRAF4
ARHGEF10,GO_Biological_Process_2023,prerank,Positive Regulation Of Amyloid Precursor Protein Catabolic Process (GO:1902993),-0.3596940203945381,-0.7468326820387986,0.859504132231405,1.0,1.0,12/21,28.40%,EPHA4;EFNA3;GSAP;LRRTM3;ABCG1;CHRNA7;AGER;ROCK2;CASP3;LYN;GSK3A;SLC2A13
ARHGEF10,GO_Biological_Process_2023,prerank,Protein Secretion (GO:0009306),-0.29527960496108263,-0.746437556240483,0.9409937888198758,1.0,1.0,19/67,22.46%,PPY;WLS;KLRG1;AP1M2;CYB5R4;PCSK5;MTTP;SLC30A8;AP1S1;NAGPA;MON1A;PREB;TVP23A;TVP23C;SEL1L;RAB3C;RAB3D;GAL;COPG1
ARHGEF10,GO_Biological_Process_2023,prerank,post-Golgi Vesicle-Mediated Transport (GO:0006892),0.2809943430897817,0.7463923101049643,0.9679144385026738,1.0,1.0,19/56,18.10%,CORO7;RABEP1;SCAMP2;EXOC2;VTI1A;RAB14;AP1G2;RABIF;GOLGA7;VPS52;DNM2;STEAP2;GOPC;GGA2;VTI1B;EXOC5;SYS1;DOP1B;SCAMP3
ARHGEF10,GO_Biological_Process_2023,prerank,Protein Polyubiquitination (GO:0000209),-0.254734251121312,-0.7463524267596241,1.0,1.0,1.0,70/223,23.92%,ARRDC4;ARIH1;RNF144B;UBE2E1;PEX12;TRIM45;RNF152;TNKS2;WSB1;RNF26;STUB1;ANAPC11;SKP1;PPIL2;UBE3D;ZFP91;NHLRC3;SHPRH;WWP2;MARCHF5;TRAF5;CBFB;RNF19B;TRIM56;RNF4;FZR1;TRIM3;RFPL2;UBE3A;BTRC;MUL1;RNF135;KLHL42;NEDD4;RNF14;UBE2D4;RC3H2;TOPORS;ZNRF1;CDC26;ANAPC4;TPP2;SYVN1;KLHL3;AREL1;RNF31;UBE2J1;MARCHF6;CDC34;PRKN;RNF114;UBE2Q2;UBE2D1;NEDD4L;TRIM22;FBXO45;UBE2Q1;RC3H1;UBE2C;RNF168;CUL1;CUL3;MAGEL2;BARD1;ANAPC10;RNF166;TRIM5;RBCK1;TRAF4;UBE2QL1
ARHGEF10,GO_Biological_Process_2023,prerank,Protein-Containing Complex Assembly (GO:0065003),-0.2470029170130622,-0.7461934365554754,1.0,1.0,1.0,85/324,22.59%,SPAG1;NOL3;WNT3A;DLGAP5;FMOD;MAPT;CCDC103;CLTA;LPXN;PPARGC1A;EPS15;AP2M1;TRAPPC11;TAPBP;CAND2;PDE4DIP;PARD6B;WAS;PARD3;CENPE;CYBA;GTF2B;ASB2;VAMP4;TMEM70;VAMP2;DNAAF1;CD74;BBS10;ANKS4B;ZC3H12A;DNAJB12;CD2AP;LRRK2;CX3CL1;PPP2R1A;CAPZA1;SLC2A1;ADRB2;REPS2;GEMIN5;IL2RB;HIGD1A;KIFAP3;SRC;ANLN;CXCL12;MAGI1;HFE;HIGD2A;SNCA;WIPF1;WASF1;DLG4;HIGD1B;PML;CSNK2B;UVRAG;RPL38;CHCHD7;CDC123;COX7A2L;CLTRN;COG4;PREB;VAMP1;NCK1;PALS2;BAD;IL1RAP;PSMG2;PSMG3;CENPC;CAPZA2;SRPRA;TIAM1;AIM2;TRAPPC6A;FN1;WDR19;PDZD11;PPID;RSPH9;CCDC40;SHANK1
ARHGEF10,GO_Biological_Process_2023,prerank,Response To Ketone (GO:1901654),0.33314002949575583,0.7461890929337687,0.868020304568528,1.0,1.0,4/20,12.17%,NKX3-1;THBS1;SLIT1;TGFB1
ARHGEF10,GO_Biological_Process_2023,prerank,NIK/NF-kappaB Signaling (GO:0038061),0.31454047758640513,0.7460698955804094,0.9124087591240876,1.0,1.0,16/32,23.40%,BIRC3;NFKB1;CARD10;COPS8;RELA;TRAF6;TNFRSF10A;MALT1;BIRC2;DICER1;MAP3K14;NFKB2;REL;IRAK1;TRAF2;AMFR
ARHGEF10,GO_Biological_Process_2023,prerank,Regulation Of Protein Metabolic Process (GO:0051246),0.2586584596977521,0.7459544630968367,0.9939393939393939,1.0,1.0,28/96,17.64%,EDN1;KLF4;PLA2G10;CSF1;ACE;NFKB1;EIF2B4;PARL;RHOBTB3;ELP5;TMEM9;AKT1;EIF2S1;TGFB1;CNDP1;WFS1;PLAUR;MTPN;NEDD8;MAP2K5;HSP90AB1;RBM4B;EIF4G1;TSC1;HGS;GRM5;VPS35;RPL10
ARHGEF10,GO_Biological_Process_2023,prerank,Respiratory Tube Development (GO:0030323),-0.3416046990628981,-0.7459410799966021,0.8782894736842105,1.0,1.0,9/27,24.84%,FGF9;DNAAF1;PCSK5;CEBPA;BAG6;ZIC3;LOXL3;CCDC40;CCDC39
ARHGEF10,GO_Biological_Process_2023,prerank,Histone Deacetylation (GO:0016575),-0.32197998104053666,-0.7457578842677152,0.904,1.0,1.0,12/35,24.11%,MTA2;CHD3;MIER1;RBBP7;SIRT1;TBL1Y;MTA3;MSL3;HDAC11;HDAC4;HDAC8;MBD2
ARHGEF10,GO_Biological_Process_2023,prerank,Positive Regulation Of calcineurin-NFAT Signaling Cascade (GO:0070886),-0.3680026904979763,-0.7454135773133658,0.864376130198915,1.0,1.0,5/18,14.91%,IGF1;PPP3CC;CIB1;PPP3R1;PPP3CA
ARHGEF10,GO_Biological_Process_2023,prerank,Positive Regulation Of Calcineurin-Mediated Signaling (GO:0106058),-0.3680026904979763,-0.7454135773133658,0.864376130198915,1.0,1.0,5/18,14.91%,IGF1;PPP3CC;CIB1;PPP3R1;PPP3CA
ARHGEF10,GO_Biological_Process_2023,prerank,Cardiac Atrium Morphogenesis (GO:0003209),0.35007703088639036,0.7452609889841709,0.885,1.0,1.0,4/18,11.63%,TBX20;MESP1;ZFPM1;PROX1
ARHGEF10,GO_Biological_Process_2023,prerank,Positive Regulation Of Leukocyte Chemotaxis (GO:0002690),-0.299629784025514,-0.7449640377829487,0.9493670886075949,1.0,1.0,22/54,29.13%,XCL1;LGALS9;CALR;AKIRIN1;C1QBP;CXCL12;ZNF580;IL34;VEGFC;PLA2G7;AIF1;F7;PTN;GAS6;PTK2;IL6R;RARRES2;ANO6;NEDD9;F2RL1;MAPK3;MOSPD2
ARHGEF10,GO_Biological_Process_2023,prerank,Protein Targeting (GO:0006605),0.2493936023867475,0.7445303665240551,1.0,1.0,1.0,35/128,17.88%,NACA2;TOMM7;VPS37D;TIMM13;RABGEF1;PITRM1;RASSF9;ZDHHC6;MAN1A1;SEC61G;MFN2;TSPO;LONP2;MICALL1;GABARAP;GOLGA7;ZDHHC23;PRKCI;NACAD;VPS41;PEX1;PEX16;YIF1B;GDAP1;NLGN1;RPL11;ZFAND2B;SDCBP;ZDHHC15;TAOK2;BCAP31;ZDHHC1;FUT10;ZDHHC11B;AP1S3
ARHGEF10,GO_Biological_Process_2023,prerank,Positive Regulation Of Protein Metabolic Process (GO:0051247),-0.2538116808988329,-0.7444778096724488,1.0,1.0,1.0,59/196,23.62%,AGT;IL23R;ASB5;INHBA;GBA1;OGT;OAZ3;TIPARP;CASP8;ASPH;LARP1B;BAK1;NSUN5;NSF;VIM;STUB1;LARP6;RAB7A;CPEB3;LARP1;NFKBIA;SLC6A9;GSK3B;BTRC;APOE;NEDD4;ABCB10;CDKN1B;FGFR4;CSNK2A1;RAB1B;PERP;METTL14;WNT5A;EGLN2;DDB1;PRKN;OAZ2;CHRNA7;EIF3D;BAD;SAMD4A;UHRF1;TENT5B;PLXNB2;SORL1;NPM1;CLN6;TFR2;CUL4A;EEF2;SNF8;GUF1;ROCK2;PSEN1;BARD1;RPS6KB1;FMR1;MAPK8
ARHGEF10,GO_Biological_Process_2023,prerank,Response To Unfolded Protein (GO:0006986),0.2927228766878798,0.7442405777972722,0.9564032697547684,1.0,1.0,14/44,16.16%,HSPA2;DNAJB4;DNAJB2;PTPN1;DAB2IP;DERL1;DNAJC4;PACRG;DNAJA1;TM7SF3;HSP90AB1;DAXX;HSPA1A;HSPD1
ARHGEF10,GO_Biological_Process_2023,prerank,"Synaptic Transmission, Cholinergic (GO:0007271)",-0.3835314096672695,-0.7442115551955033,0.8413793103448276,1.0,1.0,7/16,22.97%,NQO1;CHRNA10;RAPSN;APOE;CHRNA4;CHRNA7;CHRNB2
ARHGEF10,GO_Biological_Process_2023,prerank,Negative Regulation Of TOR Signaling (GO:0032007),-0.3009436450870189,-0.7440477627085279,0.9440894568690096,1.0,1.0,22/54,27.64%,RNF152;STK11;ATM;WDR59;SIRT1;SESN1;DEPDC5;TSC2;TSSK3;TMEM127;BMT2;MIOS;RPS6KA1;ITFG2;MINAR1;NPC1;CASTOR3P;CASTOR1;UBR1;GSK3A;PRKAA1;NUAK2
ARHGEF10,GO_Biological_Process_2023,prerank,Regulation Of Tumor Necrosis Factor-Mediated Signaling Pathway (GO:0010803),-0.30716510880318315,-0.7439546414130704,0.9249201277955271,1.0,1.0,14/48,22.01%,OTULIN;H2BC11;SPHK1;CASP8;ZNF675;SYK;HIPK1;XIAP;HSPA1B;TRAIP;PRKN;CARD8;CYLD;GAS6
ARHGEF10,GO_Biological_Process_2023,prerank,Muscle Contraction (GO:0006936),-0.2796734981576921,-0.7437640566062123,0.9777777777777777,1.0,1.0,14/94,10.29%,TNNT2;SSPN;ADRA1D;TMOD1;SGCA;MYH3;BDKRB2;NOS1;TRDN;ASPH;NMUR1;GNAO1;HCN4;ALDOA
ARHGEF10,GO_Biological_Process_2023,prerank,Peptidyl-Serine Modification (GO:0018209),-0.2623892724306323,-0.7436800938491078,0.9985754985754985,1.0,1.0,64/166,25.12%,HIPK4;CSNK1A1;PDPK1;MYO3A;POGLUT3;ATM;PKN3;HIPK1;MBOAT4;CDK2;PNCK;LRRK2;CAMK2B;PKN2;CDK5;SRPK2;POGLUT2;GSK3B;PRKD2;SRPK1;CAMKV;WNK1;DGKQ;STK38L;CLSPN;GALNT13;PKD1;MKNK1;CAMK1;MAPKAPK3;AURKA;DCLK3;PINK1;CSNK2A1;MAPK12;MAST1;ULK3;GRK2;PRKCD;NEK7;CSNK2A2;PRKCB;LMTK2;MAPK13;SBK1;PBK;TGFBR2;DYRK1A;GAS6;TOP1;STK4;HIPK3;ROCK2;PRKCA;MAPK14;RPS6KB1;MAPK8;SMG1;CAMK2D;PRKX;SGK3;MAST4;PDGFB;PRKCQ
ARHGEF10,GO_Biological_Process_2023,prerank,Positive Regulation Of Actin Filament Bundle Assembly (GO:0032233),-0.3037638501042977,-0.7434168201173954,0.9436619718309859,1.0,1.0,2/51,1.19%,ARHGEF10;SYNPO
ARHGEF10,GO_Biological_Process_2023,prerank,Regulation Of Notch Signaling Pathway (GO:0008593),0.26836791732632664,0.743147332318525,0.9909365558912386,1.0,1.0,20/70,17.33%,GATA2;NOS3;MESP1;YTHDF2;JAG2;TM2D3;MMP14;AKT1;NIBAN2;PRKCI;NOD2;POGLUT1;TP63;RFNG;EPN2;SREBF2;ARRDC1;METTL3;STAT3;NOTCH2NLC
ARHGEF10,GO_Biological_Process_2023,prerank,Modulation By Host Of Symbiont Process (GO:0051851),0.2928099523614336,0.7431066308128236,0.96,1.0,1.0,12/42,17.12%,JUN;SMARCB1;NAPEPLD;POU2F3;LRRC19;SMARCA4;PI4KA;TFAP4;FASN;RAB5A;CCNT1;REST
ARHGEF10,GO_Biological_Process_2023,prerank,Peptidyl-Threonine Modification (GO:0018210),0.27383911849852843,0.7428392999268641,0.9801136363636364,1.0,1.0,24/66,19.06%,CSNK2A3;CDK10;CDC42BPG;GALNT16;TTBK1;GALNT2;DYRK1B;DYRK3;HIPK2;GALNT4;AKT1;GALNT1;TBK1;GALNT6;MAP3K10;PRKDC;ATF2;TGFBR1;ROCK1;DYRK4;MAPK1;TNKS;MARK2;CDK5R1
ARHGEF10,GO_Biological_Process_2023,prerank,Regulation Of Muscle Contraction (GO:0006937),-0.3345829929818784,-0.7424868049171588,0.8949096880131363,1.0,1.0,10/29,19.10%,CACNG1;ENO1;KCNB2;CNN1;TNNI1;MYL9;ATP1A2;CACNB1;MYL5;PLCE1
ARHGEF10,GO_Biological_Process_2023,prerank,Positive Regulation Of Endothelial Cell Proliferation (GO:0001938),-0.2840666655963892,-0.7422314985435404,0.9725190839694656,1.0,1.0,25/77,23.25%,NELL2;JCAD;EGF;CNTN1;PDPK1;STAT5A;BMPR2;LRG1;MYDGF;HMGB2;SIRT1;HTR2B;PRKD2;ZNF580;PPP1R16B;NRARP;WNT5A;VEGFC;FLT4;TEK;ANG;FGF2;FGFR1;PRKCA;SEMA5A
ARHGEF10,GO_Biological_Process_2023,prerank,DNA Unwinding Involved In DNA Replication (GO:0006268),0.3481390204074364,0.7421515946253883,0.8675,1.0,1.0,13/20,24.11%,PURA;RAD51;GINS2;MCM3;MCM7;WRN;MCM4;MCM2;GINS3;HMGA1;MCM5;TWNK;GINS4
ARHGEF10,GO_Biological_Process_2023,prerank,RNA Metabolic Process (GO:0016070),-0.27443030803029983,-0.7421030279820086,0.9855282199710564,1.0,1.0,41/111,26.61%,ELAVL4;RBMS2;NOL9;PNPT1;TENT2;RBM39;ZC3H12A;HNRNPH1;TBRG4;SNRNP40;EXOSC7;RNASEL;DDX20;AGO1;DIS3;RNASEH2C;SIDT2;ALKBH1;RNASEH2B;RBM5;ANG;RNGTT;FASTKD2;HNRNPH3;HNRNPF;TFIP11;PRPF4;EXOSC10;THOC1;EXOSC2;EXOSC6;DNTTIP2;FTO;WDR74;ATXN2;DHX8;EXOSC5;DDX24;DKC1;CELF2;ADARB2
ARHGEF10,GO_Biological_Process_2023,prerank,Autophagy Of Nucleus (GO:0044804),-0.37300581082553763,-0.7416695446334727,0.8373287671232876,1.0,1.0,8/18,26.00%,SNX7;ATG2A;ULK3;WDR45B;ATG13;ATG9B;ATG3;ATG2B
ARHGEF10,GO_Biological_Process_2023,prerank,Chromatin Remodeling (GO:0006338),-0.2531367842113726,-0.7416466291595953,0.9972413793103448,1.0,1.0,79/226,25.16%,NPM2;BRDT;EZHIP;COPRS;RB1;MTA2;PRDM16;CHD3;ACTR5;SMARCA5;LOXL2;PCGF1;IFI16;CHD2;SMARCE1;SKP1;MIER1;NPM3;RBBP7;SUV39H2;SATB2;ZNF274;SRPK2;SMARCA1;PADI2;INO80C;WAC;KDM4A;CHEK1;MTHFR;KDM1A;PAXIP1;PBRM1;SMARCD3;RUVBL1;KDM5A;ERCC6;BCL7B;YEATS4;MTA3;KAT2B;MTF2;HDGFL3;HCFC2;CFDP1;MYBBP1A;USP15;TTI1;TADA2B;EZH1;NPM1;MACROH2A1;PWWP2B;INO80D;KDM5B;CHD7;SMARCA2;TOP1;RSF1;DR1;RNF168;HDAC4;HIRA;ZNF335;CHRAC1;SETDB2;CGGBP1;HDGFL2;MORC2;DEK;BICRAL;NFAT5;MBD2;ZBTB1;ACTL6B;HP1BP3;BAZ2A;TDG;PSIP1
ARHGEF10,GO_Biological_Process_2023,prerank,Negative Regulation Of Protein Catabolic Process (GO:0042177),0.27550306901227745,0.7415515679451999,0.9806094182825484,1.0,1.0,13/54,16.55%,NELL1;MAD2L2;PHF20L1;PSMF1;DAB2IP;RILP;SF3B3;RGP1;MDM4;FLNA;HSP90AB1;RIC1;ROCK1
ARHGEF10,GO_Biological_Process_2023,prerank,Peptidyl-Glutamic Acid Modification (GO:0018200),0.3375374925631958,0.7414014529970254,0.8982630272952854,1.0,1.0,4/22,6.72%,TTLL13;TTLL6;CEP41;AGTPBP1
ARHGEF10,GO_Biological_Process_2023,prerank,Positive Regulation Of Epidermal Growth Factor Receptor Signaling Pathway (GO:0045742),-0.3272179801592685,-0.7407456491580224,0.9040650406504065,1.0,1.0,5/33,13.58%,AREG;AGT;EGF;RALA;NEU3
ARHGEF10,GO_Biological_Process_2023,prerank,Positive Regulation Of Extracellular Matrix Organization (GO:1903055),-0.36751352084794353,-0.7405702558976396,0.8478632478632478,1.0,1.0,8/18,20.51%,RB1;DDR2;EMILIN1;CARMIL2;FSCN1;RUNX1;CLASP1;IER3IP1
ARHGEF10,GO_Biological_Process_2023,prerank,Regulation Of Fibroblast Growth Factor Receptor Signaling Pathway (GO:0040036),-0.36208771007656315,-0.7405549875190455,0.8603066439522998,1.0,1.0,8/19,23.27%,SPRY2;SULF2;SHISA2;PRKD2;FGF2;GPC1;CREB3L1;SPRY3
ARHGEF10,GO_Biological_Process_2023,prerank,Regulation Of Endothelial Cell Migration (GO:0010594),0.26165414390934155,0.740502997629332,0.9970238095238095,1.0,1.0,27/88,19.23%,EDN1;NELL1;SVBP;PIK3CB;DAB2IP;NF1;FUT1;PIK3CD;THBS1;PRCP;AKT1;RHOB;SCARB1;PROX1;SMOC2;SPARC;SH3BP1;EMC10;FOXP1;ADAMTS9;GRN;GLUL;BMPER;BMP4;RAC1;KDR;KRIT1
ARHGEF10,GO_Biological_Process_2023,prerank,Regulation Of Cilium Assembly (GO:1902017),0.26612903761338125,0.7404409315473542,0.9910714285714286,1.0,1.0,25/71,21.24%,CDK10;TBC1D10B;TBC1D1;TBC1D8;GDI2;TBC1D10A;SAXO1;CEP97;RABEP2;TBC1D9B;TBC1D7;ODF2L;RABGAP1;EVI5L;TBC1D13;CEP120;TCHP;PPP1R35;DCDC2;TESK1;EVI5;TAPT1;TBC1D22A;FUZ;YAP1
ARHGEF10,GO_Biological_Process_2023,prerank,Response To Hexose (GO:0009746),0.32877510130786175,0.7398996497587526,0.9101941747572816,1.0,1.0,3/24,8.03%,HNF4A;EIF2B4;THBS1
ARHGEF10,GO_Biological_Process_2023,prerank,Calcium-Mediated Signaling (GO:0019722),-0.2781587739604499,-0.7398380380267123,0.9845679012345679,1.0,1.0,20/85,20.75%,PDPK1;SPHK1;P2RX4;PLA2G4B;NMUR1;RCAN2;PPP3CC;LRRK2;NUDT4;BTK;HTR2B;PPP3R1;PPP3CA;GPR143;AZU1;FIS1;P2RY11;PLCE1;PLCG2;TPCN2
ARHGEF10,GO_Biological_Process_2023,prerank,Protein Catabolic Process (GO:0030163),-0.2712830524740787,-0.7397410340900898,0.9853157121879589,1.0,1.0,31/102,22.02%,CEACAM1;CTSS;CLPP;ADAMTS7;CASP8;CPA2;RAB7A;HSPA8;BNIP3L;SQSTM1;NCCRP1;PCSK9;CEL;CHEK2;SPATA18;APOE;CTSK;CLN5;CTSL;PRSS16;CUL4B;MARCHF6;BAG6;DDB1;PRKN;STT3B;BNIP3;CLN6;CLPX;FBXO27;NGLY1
ARHGEF10,GO_Biological_Process_2023,prerank,Positive Regulation Of Dendrite Extension (GO:1903861),0.3587096532488867,0.739669366122776,0.8641025641025641,1.0,1.0,4/16,9.01%,ITSN2;PLAA;SYT2;SMURF1
ARHGEF10,GO_Biological_Process_2023,prerank,Regulation Of Double-Strand Break Repair (GO:2000779),0.2626758386177581,0.7396035888781022,0.9942363112391931,1.0,1.0,25/88,17.13%,PHF10;MBTD1;SMARCB1;UBR5;RAD51;SMARCD1;ZNF365;EPC2;BCL7A;SMARCA4;KAT5;SHLD2;DPF1;OOEP;SMARCC1;VPS72;MRNIP;ZCWPW1;TEX15;BRD7;DPF2;ARID1A;SLF1;UBE2V2;UBE2N
ARHGEF10,GO_Biological_Process_2023,prerank,Positive Regulation Of Mitochondrion Organization (GO:0010822),-0.29704630993930947,-0.7395147968798008,0.9536741214057508,1.0,1.0,20/58,21.30%,PPARGC1A;BAK1;RALBP1;MFF;RALA;SPIRE1;MARCHF5;GSK3B;PGAM5;MUL1;BCL2L11;AURKA;FIS1;PINK1;HTT;MOAP1;PRKN;BAD;BNIP3;MIEF1
ARHGEF10,GO_Biological_Process_2023,prerank,Positive Regulation Of Programmed Cell Death (GO:0043068),-0.25121743771408983,-0.739142928004032,1.0,1.0,1.0,78/244,26.35%,ADAMTSL4;PNMA5;FZD9;NLRC4;TRADD;DCUN1D3;TNFRSF12A;STK17B;CASP8;CSRNP3;FANK1;BAK1;TNFRSF10C;AIFM2;SYK;SMPD1;NTRK1;ATM;RASSF2;C1QBP;DKKL1;MAP3K5;LRRK2;CFLAR;ING4;CASP9;STK3;BNIP3L;SQSTM1;DIABLO;SIRT1;SNCA;EMILIN1;DDX20;PHLDA3;TGFB3;BCL2L11;NEURL1;MARK4;IAPP;FOXO3;PLEKHN1;CASP2;SOD1;HTT;IGFBP3;PNMA3;MOAP1;RBM5;CLIP3;BAD;BNIP3;OLFM1;ING5;SFRP2;ECT2;TCTN3;SAP18;GADD45B;PPID;STK4;DAPK2;BARD1;CRADD;E2F1;MAPK8;CASP3;TMEM164;UNC13B;EMILIN2;KLF11;AIFM1;PDCD2;TOP2A;STK17A;RACK1;RRP1B;SFRP1
ARHGEF10,GO_Biological_Process_2023,prerank,Outflow Tract Septum Morphogenesis (GO:0003148),0.3225941607419433,0.7391426073777917,0.8771929824561403,1.0,1.0,6/24,13.50%,NELL1;TBX20;ROBO2;FGFR2;ROBO1;BMPR1A
ARHGEF10,GO_Biological_Process_2023,prerank,Regulation Of Proteasomal Ubiquitin-Dependent Protein Catabolic Process (GO:0032434),0.2514144460690635,0.7389323867747822,1.0,1.0,1.0,47/109,23.68%,NKD2;PHF20L1;COP1;DNAJB2;DET1;ANKIB1;RNF19A;FHIT;DDRGK1;PANO1;RNF217;ARAF;GABARAP;RBX1;HSPBP1;ZER1;PARK7;SOCS5;SMAD7;UCHL5;CLU;CCAR2;HSP90AB1;RPL11;HSPA1A;SDCBP;TRIM39;CAMLG;RYBP;AXIN2;EIF3H;TLK2;MDM2;GLMN;PSMD10;RAD23A;NOP53;TRIB2;ARIH2;DDA1;ELOB;GIPC1;KEAP1;XPO1;TRIB1;PLK1;ZYG11B
ARHGEF10,GO_Biological_Process_2023,prerank,Positive Regulation Of Cell Cycle (GO:0045787),-0.290997535627577,-0.738849073625362,0.9565217391304348,1.0,1.0,26/64,25.06%,PSRC1;TBX3;SPHK1;CALR;MAPRE3;ANKRD17;PKN2;LRP6;SRPK2;TGFB2;CHEK1;PKD1;MARK4;EGFR;EIF4EBP1;AURKA;SCAND3;CCNB1;TTL;USP19;PRKCA;RPS6KB1;CCNY;ZPR1;ASNS;PDGFB
ARHGEF10,GO_Biological_Process_2023,prerank,Regulation Of Cholesterol Efflux (GO:0010874),0.31113518085520503,0.7387279064855431,0.9246753246753247,1.0,1.0,9/32,19.56%,APOA1;PLA2G10;ABCA7;TTC39B;SREBF2;PPARG;GPS2;ABCA2;PTCH1
ARHGEF10,GO_Biological_Process_2023,prerank,Organelle Fission (GO:0048285),-0.3537566739198331,-0.7387108945552556,0.8697829716193656,1.0,1.0,11/22,24.65%,CORO1C;MFF;MTFR1L;TMCC1;MUL1;MTFR2;FIS1;PRKN;MIEF1;PEX19;PEX11A
ARHGEF10,GO_Biological_Process_2023,prerank,Brain Development (GO:0007420),-0.2570593903051048,-0.7385556810448075,1.0,1.0,1.0,38/164,21.44%,PAX2;HESX1;CNTN1;ZIC1;PTEN;RAPGEF2;MDGA1;MATCAP1;RBBP7;GRIN2B;ADGRG1;GRIN1;CTNS;NFIB;SMARCA1;UGP2;FOXJ1;MFSD2A;UBE3A;VCX;RTN4;COL4A1;AMIGO2;RTN3;PBX4;AMIGO1;GRHL2;CLN5;SPEF2;SHROOM4;SHROOM2;MAST1;BAG6;HSPG2;IER3IP1;PLXNB2;AIM2;TGFBR2
ARHGEF10,GO_Biological_Process_2023,prerank,Regulation Of Filopodium Assembly (GO:0051489),-0.3101062373845671,-0.7384993930252536,0.9340836012861736,1.0,1.0,17/43,22.16%,DOCK11;DAAM2;GPM6A;MYO3A;CAPZB;RALA;TGFB3;PPP1R16B;NEURL1;PLPPR5;GAP43;FSCN1;PRKCD;TENM2;RAB17;RHOQ;CDC42
ARHGEF10,GO_Biological_Process_2023,prerank,Positive Regulation Of p38MAPK Cascade (GO:1900745),-0.3426456530197425,-0.738436306165391,0.8762711864406779,1.0,1.0,5/24,10.55%,GDF6;SPHK1;ZC3H12A;RELL2;PJA2
ARHGEF10,GO_Biological_Process_2023,prerank,Cortical Cytoskeleton Organization (GO:0030865),0.3179919816583657,0.7383951154828684,0.9150485436893204,1.0,1.0,10/27,19.05%,FMNL2;IKBKB;NCKAP1;FMNL3;DLG1;NLGN1;ROCK1;FHOD1;FMNL1;RAC1
ARHGEF10,GO_Biological_Process_2023,prerank,Plasma Membrane Bounded Cell Projection Morphogenesis (GO:0120039),-0.3046504541415916,-0.7383868804255868,0.9338709677419355,1.0,1.0,14/50,18.49%,NBL1;NYAP1;MNX1;GPM6A;SHTN1;LRRK2;UBB;BDNF;WASF1;PLXNB1;EPB41L3;TNIK;MAP4K4;NGF
ARHGEF10,GO_Biological_Process_2023,prerank,Regulation Of Viral Transcription (GO:0046782),-0.37001963639930424,-0.7379910441154176,0.8444816053511706,1.0,1.0,8/17,24.32%,HEXIM1;TRIM13;LARP7;TARBP2;TRIM14;RSF1;ZFP36;IFITM3
ARHGEF10,GO_Biological_Process_2023,prerank,Histone H2A Acetylation (GO:0043968),0.34993938817254405,0.737696331389696,0.9002557544757033,1.0,1.0,13/20,23.98%,MBTD1;EPC2;KAT5;VPS72;MORF4L2;ACTL6A;EP400;RUVBL2;MORF4L1;TRRAP;NAA40;MRGBP;DMAP1
ARHGEF10,GO_Biological_Process_2023,prerank,Negative Regulation Of Cellular Catabolic Process (GO:0031330),0.2689118422914605,0.7375890818049008,0.9786666666666667,1.0,1.0,27/67,23.52%,BMF;ATP2B4;ZKSCAN3;RRAGD;EIF4G3;WASHC1;RPTOR;RRAGB;LEP;MLST8;PLIN5;MCL1;BCL2;EIF4G1;ROCK1;KIF25;STAT3;MTMR2;TLK2;WDR6;RUBCN;FOXK2;TIMP3;RRAGA;TBC1D14;TRIM27;GOLGA2
ARHGEF10,GO_Biological_Process_2023,prerank,Positive Regulation Of Binding (GO:0051099),-0.27283410951028186,-0.7374530429178111,0.9862595419847329,1.0,1.0,30/91,25.10%,GPSM1;WNT3A;TRIB3;CLIC2;EGF;RAPGEF2;IGF1;CLDN5;LRRK2;HMGB2;STK3;HFE;GSK3B;HMBOX1;APOE;SUMO4;CAPRIN2;CLN5;PKD1;NGF;PRKN;TIAM1;FLOT1;SKI;STK4;PSEN1;MET;TXN;USP9X;LRP1
ARHGEF10,GO_Biological_Process_2023,prerank,Regulation Of Transcription By RNA Polymerase III (GO:0006359),0.3241543695802404,0.7374131430199666,0.9009661835748792,1.0,1.0,11/26,21.32%,SF3B1;CHD8;POLR3F;RPTOR;ZNF143;ZC3H8;TENM1;DHX36;ZNF345;ICE1;ZFP36L2
ARHGEF10,GO_Biological_Process_2023,prerank,Regulation Of Protein Localization To Cell Surface (GO:2000008),0.31147050528301734,0.7372296414840473,0.9223300970873787,1.0,1.0,13/31,21.30%,ABCA7;CTNNB1;RANGRF;RAB11FIP5;STX4;GOPC;HSP90AB1;RIC3;PICALM;GPD1L;TOR1A;KCNAB2;RAB11B
ARHGEF10,GO_Biological_Process_2023,prerank,Notch Signaling Pathway (GO:0007219),-0.3112746615130182,-0.7371822713791958,0.9433962264150944,1.0,1.0,14/40,21.79%,SORBS2;HEY2;NOTCH1;SNAI2;DTX1;HEY1;NOTCH4;DLL1;RBPJ;NRARP;MAML3;GALNT11;MIB1;JAG1
ARHGEF10,GO_Biological_Process_2023,prerank,Extrinsic Apoptotic Signaling Pathway Via Death Domain Receptors (GO:0008625),-0.331493770349813,-0.7371007853069819,0.8881789137380192,1.0,1.0,11/30,23.29%,TRADD;CASP10;CASP8;TNFRSF10C;DEDD;DIABLO;NGF;MOAP1;ZDHHC3;CASP8AP2;CRADD
ARHGEF10,GO_Biological_Process_2023,prerank,Regulation Of Epithelial To Mesenchymal Transition (GO:0010717),-0.2792493437859224,-0.7370415000657918,0.9847094801223242,1.0,1.0,15/83,11.99%,AGT;TGFB1I1;VASN;LEF1;DAB2;LOXL2;PTEN;SPRY2;GATA3;GLIPR2;OVOL2;EPHA4;LRG1;PHLDB2;ZNF703
ARHGEF10,GO_Biological_Process_2023,prerank,Negative Regulation Of Organelle Assembly (GO:1902116),0.2954142660673851,0.7370335824626597,0.9575596816976127,1.0,1.0,15/36,21.24%,CDK10;FEZ1;TRIM37;GDI2;KAT2A;CEP97;NBDY;TBC1D7;ODF2L;EVI5L;TCHP;SMCR8;CDK5RAP2;TESK1;YAP1
ARHGEF10,GO_Biological_Process_2023,prerank,Regulation Of Neuroinflammatory Response (GO:0150077),0.34106403872946545,0.7370036506463787,0.8694638694638694,1.0,1.0,3/19,10.09%,TNFRSF1B;NR1D1;IL18
ARHGEF10,GO_Biological_Process_2023,prerank,Lysosomal Transport (GO:0007041),0.2518602760791631,0.7369962363963849,1.0,1.0,1.0,30/103,17.67%,SLC30A2;GAK;GCC2;HOOK2;PXK;TGFBRAP1;AKTIP;RAB12;RILP;VPS33B;RHOB;VPS52;MGRN1;LYSET;VPS41;HGSNAT;DTX3L;CHMP1B;CHMP2B;GRN;CHMP2A;ARSB;HSPA1A;FHIP1B;DENND3;USE1;CHMP1A;HGS;VPS35;ATG14
ARHGEF10,GO_Biological_Process_2023,prerank,Glycogen Metabolic Process (GO:0005977),0.33805795310770825,0.7369661786737381,0.8632075471698113,1.0,1.0,5/19,9.79%,NR1D1;PER2;GYG1;GBE1;NHLRC1
ARHGEF10,GO_Biological_Process_2023,prerank,Positive Regulation Of NIK/NF-kappaB Signaling (GO:1901224),0.2808711757790479,0.736714276896098,0.9692737430167597,1.0,1.0,15/53,17.22%,TLR2;PTP4A3;C1QTNF4;LRRC19;NOD1;PYCARD;PDCD4;NOD2;CD86;TRIP6;EIF2AK2;RELA;TRAF6;RPS3;NR3C2
ARHGEF10,GO_Biological_Process_2023,prerank,Regulation Of DNA Metabolic Process (GO:0051052),-0.26722509955423046,-0.7364372385684341,0.9957983193277311,1.0,1.0,43/124,23.90%,STOX1;ACTR5;SMARCA5;NSMCE1;SMC5;FBXO5;RBBP6;ANKRD17;ING4;SGF29;PPP2R1A;XRCC5;KAT7;INO80C;SMG6;SLF2;MEAF6;RUVBL1;GRHL2;DSCC1;TAF10;TAF4;UPF1;PARG;MPHOSPH8;KAT2B;ESCO2;ZBTB38;TADA2B;ING5;NSMCE2;INO80D;TOM1L1;OBI1;ATXN7L3;HDAC8;CHRAC1;THOC1;BARD1;USP1;SMG1;JADE2;TADA3
ARHGEF10,GO_Biological_Process_2023,prerank,Myoblast Fusion (GO:0007520),-0.3676585125345273,-0.736352490596243,0.8423645320197044,1.0,1.0,8/18,19.73%,ADAMTS5;NOS1;JAM2;ERVFRD-1;CD81;KCNH1;CACNA1H;CD9
ARHGEF10,GO_Biological_Process_2023,prerank,Positive Regulation Of Tumor Necrosis Factor Production (GO:0032760),0.26709726242822746,0.7359385125052629,0.9889196675900277,1.0,1.0,17/77,14.93%,TLR2;IFIH1;PF4;RIPK1;C1QTNF4;THBS1;HLA-E;SETD4;SPHK2;PYCARD;SPN;TNFRSF8;HMGB1;NOD2;PTPN11;CLU;RIGI
ARHGEF10,GO_Biological_Process_2023,prerank,Multivesicular Body Assembly (GO:0036258),-0.3374785859326412,-0.7359302554261659,0.88379705400982,1.0,1.0,12/29,22.15%,CHMP5;VPS4A;STAM2;CHMP4C;VPS37A;MVB12A;UBAP1;VPS25;VPS37B;VPS37C;SNF8;VPS36
ARHGEF10,GO_Biological_Process_2023,prerank,Dorsal/Ventral Pattern Formation (GO:0009953),-0.3367060931367774,-0.7359081090329469,0.8938356164383562,1.0,1.0,6/27,17.70%,NBL1;CHRD;TLL2;LHX1;BMP1;FBXL15
ARHGEF10,GO_Biological_Process_2023,prerank,Regulation Of DNA-templated Transcription Elongation (GO:0032784),0.28589308289947596,0.7355425003682616,0.9739583333333334,1.0,1.0,16/44,18.70%,PARP1;TCEA2;ELL3;WDR43;HMGN1;INTS10;CCAR2;CCNK;WDR82;CCNT1;INTS1;SRCAP;SETD5;SUPT5H;INTS14;SUPT4H1
ARHGEF10,GO_Biological_Process_2023,prerank,Insulin Receptor Signaling Pathway (GO:0008286),0.2873825853874426,0.7353694843974361,0.9602122015915119,1.0,1.0,19/47,22.37%,SORBS1;GRB14;C2CD5;SH2B2;PIK3R1;IRS4;IRS1;GRB2;STXBP4;FOXO4;PHIP;BCAR3;APPL1;FER;IGF1R;PTPN2;FOXO1;PIK3R2;PIK3C2A
ARHGEF10,GO_Biological_Process_2023,prerank,Regulation Of Cholesterol Transport (GO:0032374),0.3395301938078235,0.735369157019294,0.8618090452261307,1.0,1.0,4/22,13.64%,APOA1;NFKB1;TSPO;TTC39B
ARHGEF10,GO_Biological_Process_2023,prerank,Regulation Of RNA Metabolic Process (GO:0051252),-0.27285283343585737,-0.7353674459068567,0.9876160990712074,1.0,1.0,40/90,26.44%,AHNAK;BRDT;NOVA2;OAS3;HNRNPA1;RBM20;ILDR2;METTL4;HNRNPH1;PDE3A;RASA1;SGF29;AKAP17A;SRSF1;ESRP2;ESRP1;MBNL3;RC3H2;SNRNP70;TAF10;RBM12;TRA2B;KAT2B;METTL18;TADA2B;HNRNPH3;HNRNPF;RBM12B;TARBP2;RC3H1;ATXN7L3;CLK2;TADA3;PRDX6;CCNL2;TAF9;ZNF326;MBNL2;RRP1B;CLK1
ARHGEF10,GO_Biological_Process_2023,prerank,Histone Modification (GO:0016570),0.2605808819102775,0.7342871895319338,1.0,1.0,1.0,38/80,23.98%,TAF12;PHF20L1;SUPT3H;MBTD1;MTA1;ENY2;EPC2;SIRT4;UBE2B;TADA2A;KAT5;GATAD2A;HDAC6;MIER2;VPS72;JADE1;AURKB;TBL1X;KAT14;YEATS2;JADE3;UBE2N;GATAD2B;UBE2A;MBD3;SUDS3;MORF4L2;ACTL6A;EP400;TAF6L;TBL1XR1;HDAC1;TAF5L;RUVBL2;MORF4L1;TRRAP;MRGBP;DMAP1
ARHGEF10,GO_Biological_Process_2023,prerank,Regulation Of Smooth Muscle Cell Proliferation (GO:0048660),0.2810192880470156,0.7340875384490327,0.9804469273743017,1.0,1.0,12/54,15.18%,EDN1;CTNNB1;THBS1;MFN2;ELN;AKT1;IL18;TGFB1;FOXP1;PRKDC;HMOX1;PPARG
ARHGEF10,GO_Biological_Process_2023,prerank,Regulatory ncRNA Processing (GO:0070918),0.3041165061807146,0.7338392695568894,0.9403341288782816,1.0,1.0,13/35,21.52%,ZC3H7A;FKBP6;AGO2;TSN;ANKRD34B;TEX15;TERT;DICER1;TRIM71;SPOUT1;PUM2;AGO3;SNIP1
ARHGEF10,GO_Biological_Process_2023,prerank,Regulation Of Exocytosis (GO:0017157),-0.30146196681252985,-0.733639748966103,0.9397217928902627,1.0,1.0,18/54,20.90%,NSF;STXBP5;VAMP2;SYTL4;RALA;EXPH5;SNCA;RAB33B;CFTR;SEPTIN2;ANXA2;RAB26;CLASP1;UNC13D;CADPS2;TPCN2;RAB3C;RAB3D
ARHGEF10,GO_Biological_Process_2023,prerank,Negative Regulation Of Epithelial Cell Differentiation (GO:0030857),-0.3818098080935034,-0.7335844284260942,0.8517241379310345,1.0,1.0,5/15,18.04%,SPRY2;ZEB1;NOTCH4;DLL1;OXSR1
ARHGEF10,GO_Biological_Process_2023,prerank,Regulation Of Phosphorylation (GO:0042325),-0.2817179943775062,-0.7335524330221513,0.9863842662632375,1.0,1.0,20/82,17.45%,CDKN2B;CORO1C;INHBA;EGF;BTBD10;INHA;DYNLL1;CDKN2A;IGF1;EMP2;PRKRIP1;AMH;SIRT1;CDKN2D;ILK;KCTD20;FZD7;EGFR;CCDC88C;CDKN1B
ARHGEF10,GO_Biological_Process_2023,prerank,Positive Regulation Of Protein Catabolic Process (GO:0045732),-0.275590424309102,-0.7335393802350421,0.9908536585365854,1.0,1.0,29/92,21.89%,ASB5;RNF128;OAZ3;TIPARP;NSF;SH3D19;RAB7A;CD81;PSMC3;GSK3B;ADAM8;PCSK9;FURIN;APOE;NEDD4;ADAM9;CDKN1B;CSNK2A1;WNT5A;EGLN2;DDB1;PRKN;OAZ2;FBXW7;PACSIN3;SORL1;ECSCR;CUL4A;SNF8
ARHGEF10,GO_Biological_Process_2023,prerank,Regulation Of Heart Contraction (GO:0008016),-0.2887215341960963,-0.7334238099482919,0.9585889570552147,1.0,1.0,19/69,20.56%,TNNT2;AGT;SLC8A2;NOS1;GJA5;PLN;P2RX4;CALM2;HCN4;ATP1A2;TGFB2;TRPC1;KCNQ1;SPTBN4;CALM1;CACNA1H;HRC;CORIN;ATP2B1
ARHGEF10,GO_Biological_Process_2023,prerank,Regulation Of Receptor Signaling Pathway Via JAK-STAT (GO:0046425),0.2798007069030408,0.7333421765485265,0.978494623655914,1.0,1.0,18/52,22.39%,MST1;DOT1L;TP53INP2;CRLF3;TYK2;CAMK2A;LEP;CYP1B1;CENPJ;JAK3;HGS;SOCS1;OCIAD1;HES1;OCIAD2;PTPN2;F2R;JAK2
ARHGEF10,GO_Biological_Process_2023,prerank,Positive Regulation Of Ossification (GO:0045778),-0.3098984818281111,-0.7330993417099863,0.9214743589743589,1.0,1.0,15/41,22.23%,FZD9;WNT4;BMPR2;ZBTB16;ACVR2A;SOX11;SLC20A2;OXSR1;WNT5A;ATP2B1;MEF2C;TENT5A;PTN;ISG15;GPM6B
ARHGEF10,GO_Biological_Process_2023,prerank,Regulation Of Oligodendrocyte Differentiation (GO:0048713),0.3452439699540364,0.7328891668712875,0.8864197530864197,1.0,1.0,4/18,8.52%,TNFRSF1B;NF1;ZNF365;MDK
ARHGEF10,GO_Biological_Process_2023,prerank,Regulation Of Response To Biotic Stimulus (GO:0002831),-0.3283982399834132,-0.7328742210917218,0.9285714285714286,1.0,1.0,9/31,15.92%,CD55;CASP8;DHX58;CX3CL1;N4BP1;ZMPSTE24;XIAP;ELMOD2;RNF135
ARHGEF10,GO_Biological_Process_2023,prerank,Long-Chain fatty-acyl-CoA Biosynthetic Process (GO:0035338),-0.3624451808456475,-0.7328463562066998,0.8524871355060034,1.0,1.0,6/17,22.34%,ELOVL3;ELOVL2;ACSF3;HACD1;ELOVL5;ELOVL6
ARHGEF10,GO_Biological_Process_2023,prerank,Nucleosome Assembly (GO:0006334),-0.2963774855408199,-0.7327169162071956,0.9629032258064516,1.0,1.0,19/54,24.46%,NAP1L2;H2BC11;H2BC3;SMARCA5;CHAF1B;H2BC17;HMGB2;UBN1;H2BC8;NPM1;KAT6B;MACROH2A1;RSF1;NAA60;HIRA;NAP1L1;CHRAC1;H2AX;GRWD1
ARHGEF10,GO_Biological_Process_2023,prerank,Regulation Of Intracellular Protein Transport (GO:0033157),-0.31749696485972473,-0.732522530605972,0.9285714285714286,1.0,1.0,8/36,13.99%,PCNT;LCP1;VAMP2;B3GAT3;RIPOR1;PDCD10;CEP290;GSK3B
ARHGEF10,GO_Biological_Process_2023,prerank,Multivesicular Body Organization (GO:0036257),-0.33618586407512857,-0.7322269060585624,0.9011532125205931,1.0,1.0,12/30,22.15%,CHMP5;VPS4A;STAM2;CHMP4C;VPS37A;MVB12A;UBAP1;VPS25;VPS37B;VPS37C;SNF8;VPS36
ARHGEF10,GO_Biological_Process_2023,prerank,NADP Metabolic Process (GO:0006739),0.33760663021644266,0.7321956212150487,0.8946135831381733,1.0,1.0,5/19,9.99%,FMO1;NUDT13;IDH2;NADK;NNT
ARHGEF10,GO_Biological_Process_2023,prerank,Ruffle Organization (GO:0031529),-0.3766139613216709,-0.7320448069554156,0.8551724137931035,1.0,1.0,5/16,20.00%,ARFIP2;CORO1B;CYFIP1;PIP5K1A;CARMIL1
ARHGEF10,GO_Biological_Process_2023,prerank,Peripheral Nervous System Development (GO:0007422),-0.3565325477480576,-0.7317895101467992,0.8786407766990292,1.0,1.0,11/20,24.71%,GFRA3;ADGRB2;SCN8A;ALDH3A2;PMP22;SOX10;ADGRG6;GPC1;SOX8;ARTN;GSTM3
ARHGEF10,GO_Biological_Process_2023,prerank,Regulation Of Stem Cell Differentiation (GO:2000736),0.2857586505082627,0.7317651087983484,0.9731903485254692,1.0,1.0,20/45,23.00%,YTHDF2;MTA1;KAT5;RBM24;GATAD2A;BMPR1A;PRKDC;EIF2AK2;TCF15;ITCH;METTL3;GATAD2B;OCIAD1;PDGFRA;HES1;MBD3;SLC4A11;ZFP36L2;HDAC1;HNRNPU
ARHGEF10,GO_Biological_Process_2023,prerank,Positive Regulation Of Cellular Component Biogenesis (GO:0044089),0.2555964582767229,0.731757984148137,1.0,1.0,1.0,35/93,21.76%,BMF;VIL1;CHGA;RGCC;DAB2IP;STX18;TRABD2A;SLX4;BIK;TFRC;HYAL1;ERCC1;PARK7;PFN2;TGFB1;SYNPO2L;BID;CLU;TRABD2B;FNIP1;SLF1;CHMP2A;SDCBP;RPS3;CDC42EP2;HGS;BRK1;TPR;FAF1;TSG101;ICE1;SYNPO2;STAM;LIMK1;MTSS1
ARHGEF10,GO_Biological_Process_2023,prerank,Regulation Of NMDA Receptor Activity (GO:2000310),0.36106526509396575,0.7317578808665038,0.8362282878411911,1.0,1.0,5/16,15.55%,CRHBP;MAPK8IP2;DAPK1;RELN;NLGN1
ARHGEF10,GO_Biological_Process_2023,prerank,Regulation Of Trans-Synaptic Signaling (GO:0099177),0.29848605885567625,0.7314708357731913,0.9537275064267352,1.0,1.0,17/36,22.23%,GRIN3A;PXK;GRID1;GRIK1;RELN;GRIK4;GRIK5;LRRC4;NLGN1;BCR;NLGN4Y;GRIA1;LRRC4C;NLGN4X;GRID2;GRIK2;SLC4A8
ARHGEF10,GO_Biological_Process_2023,prerank,Positive Regulation Of Smooth Muscle Cell Proliferation (GO:0048661),0.28639397128640315,0.7314328597773712,0.9481268011527377,1.0,1.0,12/47,15.83%,EDN1;JUN;THBS1;MFN2;AKT1;IL18;TGFB1;BMPR1A;FOXP1;HMOX1;MMP2;MEF2D
ARHGEF10,GO_Biological_Process_2023,prerank,Regulation Of Epithelial Cell Migration (GO:0010632),0.2813722053858564,0.7312888284891402,0.9732620320855615,1.0,1.0,18/50,17.15%,DUSP10;VIL1;PTPRR;HIF1A;DAB2IP;CLASP2;HYAL1;HDAC6;PFN2;CTSH;PLCG1;PRKCE;CAPN7;SOX9;PPM1F;ARSB;GLUL;BMPER
ARHGEF10,GO_Biological_Process_2023,prerank,Regulation Of Triglyceride Biosynthetic Process (GO:0010866),0.3574423938303632,0.731280033599648,0.8728179551122195,1.0,1.0,8/16,21.39%,CTDNEP1;KAT5;FITM2;SCARB1;PLIN5;SLC27A1;SIK1;SREBF1
ARHGEF10,GO_Biological_Process_2023,prerank,Regulation Of AMPA Receptor Activity (GO:2000311),-0.3370883699112309,-0.7312620726037675,0.896551724137931,1.0,1.0,2/24,1.63%,NOL3;GSG1L
ARHGEF10,GO_Biological_Process_2023,prerank,Regulation Of Meiotic Cell Cycle (GO:0051445),-0.3551664737431443,-0.7312448108987946,0.8651315789473685,1.0,1.0,7/20,23.30%,ANAPC11;FZR1;NPPC;CDC26;ANAPC4;DUSP1;ANAPC10
ARHGEF10,GO_Biological_Process_2023,prerank,tRNA Metabolic Process (GO:0006399),0.3457314951222706,0.7308348816506325,0.8782816229116945,1.0,1.0,9/19,21.16%,SLFN13;RPP30;DARS2;DICER1;ADAT1;POP1;YARS2;THG1L;KARS1
ARHGEF10,GO_Biological_Process_2023,prerank,Positive Regulation Of Supramolecular Fiber Organization (GO:1902905),-0.27226970927340427,-0.7301828333881365,0.9829192546583851,1.0,1.0,30/95,23.25%,SYNPO;HCK;MAPT;PSRC1;ALOX15;RB1;BAIAP2;PDXP;CX3CL1;EVL;CDC42EP1;CFL2;APOE;SLAIN1;CDC42EP4;CLASP1;TRPV4;VASP;NCK1;CARMIL1;BAIAP2L1;GSN;FCHSD1;BAIAP2L2;CAV3;STMN2;TOGARAM1;NCK2;PSEN1;SEMA5A
ARHGEF10,GO_Biological_Process_2023,prerank,Regulation Of Dendrite Development (GO:0050773),-0.30759276516370865,-0.7298868934906129,0.9456,1.0,1.0,16/41,23.15%,ALK;DCC;HECW1;MFSD2A;SEZ6;GSK3B;CSMD3;CDKL5;NEDD4;TNIK;KIAA0319;NEDD4L;RAB17;PTN;CHRNB2;DBN1
ARHGEF10,GO_Biological_Process_2023,prerank,Adenylate Cyclase-Activating Adrenergic Receptor Signaling Pathway (GO:0071880),-0.3856598345197117,-0.7298560906151382,0.8578595317725752,1.0,1.0,4/15,13.45%,ADRA1D;RAPGEF2;ADRB2;DRD3
ARHGEF10,GO_Biological_Process_2023,prerank,Positive Regulation Of Cell Motility (GO:2000147),-0.25079673692942384,-0.7295512805373504,1.0,1.0,1.0,70/221,23.69%,TCAF2;SEMA7A;EGF;LEF1;TRADD;DAB2;CNTN1;VSIR;SPHK1;SPRY2;DAAM2;CLDN3;XBP1;CCDC25;F10;ANGPTL3;ATM;IGF1;NOTCH1;EPHA4;ELP3;RIPOR1;PDCD10;ZNF703;SNAI2;FAM89B;FAM110C;RET;CXCL12;PODXL;CIB1;CASS4;PPP3CA;ZNF304;LGR6;ELP6;KIT;CPNE3;ADAM9;CARMIL2;EGFR;PLAU;SEMA3C;RHOD;EPHB2;MAP4K4;CBLL1;SYNE2;TWIST2;INSR;FLT4;FLT1;FAM83H;NTRK3;CARMIL1;NUMB;AIF1;TIAM1;F7;SEMA6C;PDGFD;CDC42;SUN2;CEMIP;ROCK2;HSPA5;PRKCA;SEMA5A;SEMA3G;SEMA4C
ARHGEF10,GO_Biological_Process_2023,prerank,JNK Cascade (GO:0007254),0.310648480444773,0.729456353080133,0.9365853658536586,1.0,1.0,14/29,20.75%,TNFRSF19;MAPK8IP2;MINK1;MAP3K10;MAP4K2;MAP3K13;DAXX;MAP3K12;MAPK9;MAP4K1;GPS2;MAP4K3;MAPK10;MAP2K7
ARHGEF10,GO_Biological_Process_2023,prerank,Carbohydrate Derivative Biosynthetic Process (GO:1901137),0.3131823927155709,0.7293613910057377,0.9251870324189526,1.0,1.0,11/29,17.71%,GBGT1;TNIP1;ALG11;RRM2B;GK5;RRM1;GCK;TPI1;GOLPH3;ST3GAL6;ST3GAL4
ARHGEF10,GO_Biological_Process_2023,prerank,B Cell Proliferation (GO:0042100),-0.34687973252856563,-0.7293238484279634,0.8976897689768977,1.0,1.0,4/23,20.85%,IFNK;CR2;CTPS1;MEF2C
ARHGEF10,GO_Biological_Process_2023,prerank,Modulation Of Excitatory Postsynaptic Potential (GO:0098815),-0.32302279312171567,-0.7293068311540444,0.9045138888888888,1.0,1.0,7/31,15.07%,SLC8A2;PTEN;GRIN2B;NETO1;GRIN1;LRRK2;DLG4
ARHGEF10,GO_Biological_Process_2023,prerank,Focal Adhesion Assembly (GO:0048041),-0.35403224005327466,-0.7291538195715238,0.8864774624373957,1.0,1.0,7/21,17.66%,DYNLL1;TESK2;THSD1;ACTN2;SRC;PIP5K1A;RHOD
ARHGEF10,GO_Biological_Process_2023,prerank,Positive Regulation Of Ubiquitin-Dependent Protein Catabolic Process (GO:2000060),-0.2759414610279138,-0.7286380250765347,0.982839313572543,1.0,1.0,23/83,24.23%,ARIH1;TRIB3;RNF144B;CSNK1A1;DAB2;CCDC22;PTEN;STUB1;LRRK2;RNF19B;CEBPA;GSK3B;RNF14;PIAS1;HSPA1B;PRKN;FBXW7;CAV3;SUMO1;NUB1;RNF139;BBS7;PTK2
ARHGEF10,GO_Biological_Process_2023,prerank,Modulation By Host Of Viral Process (GO:0044788),0.33116249393833663,0.7286024331337058,0.9043927648578811,1.0,1.0,6/22,16.24%,LTF;PPIB;ZNF502;PI4KA;FASN;RAB5A
ARHGEF10,GO_Biological_Process_2023,prerank,Positive Regulation Of Stress-Activated Protein Kinase Signaling Cascade (GO:0070304),0.34832318535164036,0.7284300986682811,0.8820638820638821,1.0,1.0,5/18,16.26%,MID1;TAOK1;NOD2;EIF2AK2;TAOK2
ARHGEF10,GO_Biological_Process_2023,prerank,Bicarbonate Transport (GO:0015701),0.341411409365705,0.7284009818200868,0.8691099476439791,1.0,1.0,3/19,6.05%,SLC4A1;SLC4A9;SLC26A7
ARHGEF10,GO_Biological_Process_2023,prerank,Negative Regulation Of Transmembrane Receptor Protein Serine/Threonine Kinase Signaling Pathway (GO:0090101),-0.2674686729742402,-0.727865389995993,0.990990990990991,1.0,1.0,22/111,14.72%,SLC2A10;NBL1;TGFB1I1;VASN;MTMR4;VWC2;PDPK1;PRDM16;OGT;CHRD;SAP30;SPRY2;MAGI2;STUB1;NOTCH1;RBBP7;FAM89B;CAPN5;ADAMTSL2;SIRT1;EMILIN1;TNFAIP6
ARHGEF10,GO_Biological_Process_2023,prerank,Positive Regulation Of Protein Modification Process (GO:0031401),-0.25011238419397175,-0.7275250166229367,1.0,1.0,1.0,77/225,26.38%,WNT3A;FGF9;RAMP1;GBA1;DAB2;FGF16;SMARCA5;FGF23;DYNLL1;CLDN3;SMPD1;MOB3C;NTRK1;CALM2;RALBP1;AMBRA1;CD74;NTRK2;F2;ACVR2A;MYDGF;CARD14;WDFY2;FAM20A;LRRK2;ARRB1;CDK2AP1;FAXDC2;SIRT1;CIB1;IL34;ILK;MOB1B;ENG;PPP1R16B;EGFR;CALM1;CNEP1R1;TNIK;PINK1;PROM2;MAVS;INSR;VEGFC;FLT4;EFNA5;HLA-DRB1;CHP1;PRKCD;ERBB4;NTRK3;CHRNA7;CLIP3;TEK;FGF2;FLOT1;BRAT1;DYRK1A;GAS6;STK4;AGER;ROCK2;BRMS1;CRKL;FMR1;PTK2;GPNMB;BAZ2A;TXN;LYN;P2RY1;FXR1;RARRES2;CDKN1A;ATG10;RACK1;SLCO3A1
ARHGEF10,GO_Biological_Process_2023,prerank,Regulation Of Cellular Biosynthetic Process (GO:0031326),-0.2851819329990143,-0.7274107234033561,0.9701492537313433,1.0,1.0,27/70,23.89%,NR1H4;ELP2;NANOS3;ELP4;ELP3;ING4;CTNS;KAT7;GEMIN5;SIRT1;PKP3;MSI1;MEAF6;ELP6;CYFIP1;FOXO3;GCN1;FGFR4;METAP1;METTL18;STC2;MFSD12;ING5;TOM1L1;ELP1;DDX25;JADE2
ARHGEF10,GO_Biological_Process_2023,prerank,Pharyngeal System Development (GO:0060037),0.35938655609737585,0.7270260756364839,0.8924205378973105,1.0,1.0,6/16,19.56%,BMP5;BMPR1A;TGFBR1;SIX4;HES1;PTCH1
ARHGEF10,GO_Biological_Process_2023,prerank,Negative Regulation Of Telomere Maintenance Via Telomerase (GO:0032211),-0.36012831264766326,-0.7267198640449513,0.88,1.0,1.0,7/19,22.48%,HNRNPA1;SRC;TENT4B;POT1;PINX1;XRN1;EXOSC10
ARHGEF10,GO_Biological_Process_2023,prerank,Transmembrane Receptor Protein Serine/Threonine Kinase Signaling Pathway (GO:0007178),-0.2631746021789906,-0.7265309854352162,0.9985207100591716,1.0,1.0,45/129,26.09%,GDF7;COL1A2;CITED1;INHBA;TGFB1I1;LPXN;GDF6;INHBC;BMPR2;INHA;MAGI2;STUB1;ACVR2A;CLDN5;TMEM100;GDF11;AMH;SRC;HFE;SIRT1;TGFB2;FURIN;TGFB3;ENG;ADAM9;SMAD5;SMAD6;LEFTY2;ZMIZ1;USP15;TGFBR2;FOXH1;SMURF2;SKI;ZYX;FOS;RUNX2;PTK2;INHBE;USP9X;SMAD4;SCX;RGMA;ACVR1B;HIVEP1
ARHGEF10,GO_Biological_Process_2023,prerank,Organonitrogen Compound Biosynthetic Process (GO:1901566),-0.26253998992719196,-0.7264746787876245,0.9985358711566618,1.0,1.0,46/122,24.30%,PAH;ELOVL3;INHBA;ALDH3B1;CPS1;SPHK1;PLA2G4A;INHA;PLPP2;SULT1A2;ELOVL2;PCSK5;GAL3ST4;CDO1;SPTSSA;GCH1;ACER3;MFSD2A;SPNS2;SGPP2;FURIN;PRKD2;GCNT1;CERS2;APOE;TYW1B;LCMT2;HACD1;ASS1;PLPP1;LPCAT2;ELOVL5;CERS6;B4GAT1;GPHN;LARGE1;B4GALT5;SGMS1;ABHD3;ELOVL6;KDSR;PAM;PCYT1A;SLC25A15;GSTP1;PLPP3
ARHGEF10,GO_Biological_Process_2023,prerank,Melanosome Localization (GO:0032400),0.347833738415586,0.7262734334477821,0.8686868686868687,1.0,1.0,8/18,21.30%,VPS33B;MLPH;MKKS;BLOC1S6;BLOC1S3;MREG;RAB11A;RAB11B
ARHGEF10,GO_Biological_Process_2023,prerank,Cellular Response To Transforming Growth Factor Beta Stimulus (GO:0071560),-0.2711046700183265,-0.7256703921368155,0.989329268292683,1.0,1.0,37/96,27.05%,COL1A2;CITED1;WNT4;LPXN;XCL1;OVOL2;WWOX;PDE3A;CLDN5;SRC;SIRT1;TGFB2;FURIN;TGFB3;ENG;ADAM9;SMAD5;SMAD6;WNT5A;PDE2A;ZMIZ1;USP15;MEF2C;TGFBR2;FOXH1;SKI;ZYX;FOS;CRKL;PTK2;USP9X;SMAD4;NR3C1;LIMS1;SFRP1;MAP3K7;GCNT2
ARHGEF10,GO_Biological_Process_2023,prerank,Positive Regulation Of Stem Cell Differentiation (GO:2000738),0.345610335244071,0.7253781877869053,0.8801955990220048,1.0,1.0,4/17,18.89%,RBM24;SOX9;TCF15;SOX6
ARHGEF10,GO_Biological_Process_2023,prerank,Negative Regulation Of Cell Cycle (GO:0045786),0.2557138576488112,0.7253662013389476,1.0,1.0,1.0,27/84,20.40%,GMNC;RUNX3;GPER1;RRP8;TP53BP2;TRIM35;LATS1;RHOB;MEN1;IPO7;CDT1;TSPYL2;TGFB1;TFAP4;GMNN;BRINP3;HPGD;SCRIB;RNF167;SUV39H1;HEXIM2;BRINP2;BMP4;MAD2L1;BRINP1;TP53I13;IPO5
ARHGEF10,GO_Biological_Process_2023,prerank,Negative Regulation Of Neuron Differentiation (GO:0045665),-0.34427263247820167,-0.7253285080813523,0.892436974789916,1.0,1.0,7/23,21.71%,CALR;GSK3B;DTX1;HEY1;DLL1;SOX2;SOX3
ARHGEF10,GO_Biological_Process_2023,prerank,Sphingosine Metabolic Process (GO:0006670),-0.35707833904392805,-0.7252476049590222,0.8618421052631579,1.0,1.0,6/19,13.94%,GBA1;SPHK1;PLPP2;SPTSSA;ACER3;SGPP2
ARHGEF10,GO_Biological_Process_2023,prerank,Regulated Exocytosis (GO:0045055),0.2716475035326297,0.7250510805064735,0.9889807162534435,1.0,1.0,11/51,11.79%,CRHBP;CPLX1;CPLX2;SYT13;PPP3CB;TPH1;SDF4;RAB11FIP1;RAB11FIP5;SYT10;STEAP2
ARHGEF10,GO_Biological_Process_2023,prerank,Regulation Of Transcription Elongation By RNA Polymerase II (GO:0034243),0.26093496905838326,0.724819488892594,0.9941348973607038,1.0,1.0,23/77,18.70%,PARP1;ELL3;BTBD18;MED16;MED8;WDR43;CDK13;MED7;MED9;NELFE;PWWP2A;INTS10;MED15;MED28;CCNK;MED22;CCNT1;INTS1;SRCAP;MED19;SUPT5H;INTS14;SUPT4H1
ARHGEF10,GO_Biological_Process_2023,prerank,Positive Regulation Of Viral Genome Replication (GO:0045070),-0.3283210019487873,-0.7245961256007836,0.9043624161073825,1.0,1.0,9/29,22.28%,TMEM39A;LARP1;PKN2;SRPK2;SRPK1;DDB1;PPIE;TARBP2;PPID
ARHGEF10,GO_Biological_Process_2023,prerank,Cytosolic Transport (GO:0016482),-0.26259580661195564,-0.7245777435153669,0.9971305595408895,1.0,1.0,51/125,27.24%,WIPF3;TBC1D10C;VPS26B;EPS15;WASH6P;MON2;RAB7A;RAB6B;SNX16;RAB43;VPS13A;RBSN;EMP2;EHD3;WASH2P;WASHC2C;PLEKHJ1;CLN5;RCSD1;STX16;CCDC91;DENND2A;PHETA1;HOOK3;SYT7;VPS54;SNX5;WASHC2A;RAB6A;LMTK2;HOOK1;WDR91;TBC1D17;SNF8;ERC1;STX10;EEA1;MAGEL2;PIKFYVE;STX6;HEATR5B;VPS26A;RAB9B;UBE2O;RNF126;SPAG9;KLHL20;RAB29;AP1G1;CLTCL1;SORT1
ARHGEF10,GO_Biological_Process_2023,prerank,DNA-templated DNA Replication (GO:0006261),0.26279603717304834,0.7243773027102264,0.9971751412429378,1.0,1.0,25/69,21.00%,PURA;MGME1;RAD51;RFC5;RFC1;POLD2;ORC4;GINS2;BLM;RRM2B;MCM3;MCM7;POLB;RFC2;ORC6;RRM1;WRN;POLE;MCM4;ORC2;MCM2;RFC4;POLDIP2;GINS3;HMGA1
ARHGEF10,GO_Biological_Process_2023,prerank,Muscle Cell Development (GO:0055001),0.30455690709803585,0.7241269041143291,0.9554973821989529,1.0,1.0,9/32,15.23%,LRRC27;MYH11;RAMP2;ACTN4;SGCZ;MEGF10;ACTN3;EFEMP2;TTN
ARHGEF10,GO_Biological_Process_2023,prerank,Positive Regulation Of Neural Precursor Cell Proliferation (GO:2000179),-0.32597037759113046,-0.723973783962098,0.9094017094017094,1.0,1.0,11/29,22.98%,FZD9;NCAN;CX3CL1;TOX;KDM1A;SMARCD3;BCAN;LRP2;HAPLN3;ZNF335;NAP1L1
ARHGEF10,GO_Biological_Process_2023,prerank,Regulation Of Intracellular Estrogen Receptor Signaling Pathway (GO:0033146),-0.34178295677550213,-0.7236564440968222,0.9137645107794361,1.0,1.0,10/25,26.84%,STRN3;DNAAF4;UFL1;UFSP2;VPS18;CNOT2;FOXH1;WBP2;KANK2;CARM1
ARHGEF10,GO_Biological_Process_2023,prerank,Actin Filament Bundle Organization (GO:0061572),-0.3181686262235782,-0.7235055863447519,0.9062003179650239,1.0,1.0,14/33,22.49%,ESPN;LCP1;BAIAP2;RFLNA;CORO1B;RHOD;SHROOM2;FSCN1;MYO1B;LIMD2;AIF1;BAIAP2L1;EPS8;BAIAP2L2
ARHGEF10,GO_Biological_Process_2023,prerank,Retrograde Axonal Transport (GO:0008090),-0.3724899476148025,-0.7230726567168304,0.8707964601769912,1.0,1.0,4/15,18.68%,NEFL;KIF5A;KIF5B;SOD1
ARHGEF10,GO_Biological_Process_2023,prerank,Autonomic Nervous System Development (GO:0048483),-0.3739143127320759,-0.7230250940406068,0.8375634517766497,1.0,1.0,7/16,22.50%,GATA3;NTRK1;SOX11;PHACTR4;SOX10;FN1;SOX8
ARHGEF10,GO_Biological_Process_2023,prerank,Lipopolysaccharide-Mediated Signaling Pathway (GO:0031663),-0.3499088376794586,-0.7226406557040398,0.8802083333333334,1.0,1.0,6/20,25.56%,HCK;CCL2;PLCG2;TICAM2;LYN;MTDH
ARHGEF10,GO_Biological_Process_2023,prerank,ATP Biosynthetic Process (GO:0006754),0.32468383119025207,0.7225998757708476,0.8940568475452196,1.0,1.0,11/24,20.37%,ATP5ME;ATP5PB;ATP5F1D;TGFB1;VPS9D1;ATP5MC1;NUDT2;ATP5MK;ATP5MC2;ATP5F1C;PRKAG2
ARHGEF10,GO_Biological_Process_2023,prerank,Endothelial Cell Development (GO:0001885),0.33579201597714975,0.7224665687133827,0.8814814814814815,1.0,1.0,2/20,4.25%,PECAM1;RDX
ARHGEF10,GO_Biological_Process_2023,prerank,Positive Regulation Of Telomere Capping (GO:1904355),-0.37086065960615633,-0.7223809012200068,0.884083044982699,1.0,1.0,5/16,20.04%,RTEL1;TNKS2;MAPK15;PKIB;NEK7
ARHGEF10,GO_Biological_Process_2023,prerank,Digestive Tract Morphogenesis (GO:0048546),-0.3762272787470129,-0.7223067722976345,0.8556338028169014,1.0,1.0,6/15,26.64%,SIX2;SOX11;BBS7;ID2;GLI1;RBPMS2
ARHGEF10,GO_Biological_Process_2023,prerank,Negative Regulation Of Interleukin-8 Production (GO:0032717),0.3416240511606757,0.7221067293713842,0.8768115942028986,1.0,1.0,5/17,16.53%,KLF4;OTUD7B;ANXA4;MAP2K5;MAPKBP1
ARHGEF10,GO_Biological_Process_2023,prerank,Regulation Of Protein Kinase C Signaling (GO:0090036),-0.3685268605782276,-0.7220307790054671,0.8838709677419355,1.0,1.0,7/16,19.15%,ADRA1D;ULK4;DGKG;SEZ6;SEZ6L;WNT5A;FLT4
ARHGEF10,GO_Biological_Process_2023,prerank,Regulation Of Actin Cytoskeleton Organization (GO:0032956),-0.2747302121761369,-0.7215935886520933,0.9862174578866769,1.0,1.0,31/89,23.44%,EPHA5;HCK;ARHGDIB;GRHL3;DAAM2;DYNLL1;MYO3A;BAIAP2;CORO1A;ARHGEF19;RALA;TWF1;ARHGAP18;RNH1;RHOG;CARMIL2;PIK3CA;RAC3;FSCN1;EFNA5;PRKCD;SLC4A2;CARMIL1;NEB;BAIAP2L1;RHOQ;EPS8;CDC42;GPM6B;ROCK2;BST2
ARHGEF10,GO_Biological_Process_2023,prerank,ERBB Signaling Pathway (GO:0038127),-0.28949613792046724,-0.7215742293125866,0.9635499207606973,1.0,1.0,16/54,19.75%,AREG;FAM83A;EGF;PDPK1;STUB1;REPS2;SRC;MVP;SHC3;CPNE3;EGFR;PIK3CA;GAB1;SHC1;PLCE1;ERBB4
ARHGEF10,GO_Biological_Process_2023,prerank,"Nuclear-Transcribed mRNA Catabolic Process, Nonsense-Mediated Decay (GO:0000184)",0.3103425076046279,0.7215293756808133,0.9523809523809523,1.0,1.0,11/28,22.54%,DHX34;SMG9;SKIC2;UPF3A;EIF4A3;MAGOHB;SMG7;SMG5;PYM1;EIF3E;UPF3B
ARHGEF10,GO_Biological_Process_2023,prerank,Apoptotic Mitochondrial Changes (GO:0008637),-0.3210738486578262,-0.7213098397925295,0.9322314049586777,1.0,1.0,11/34,20.47%,IFI6;FZD9;BAK1;SFN;MFF;FIS1;TIMM50;BCL2L1;ERBB4;BAD;BNIP3
ARHGEF10,GO_Biological_Process_2023,prerank,Negative Regulation Of Blood Vessel Morphogenesis (GO:2000181),-0.27786875945668577,-0.7210666569488244,0.9815950920245399,1.0,1.0,26/77,22.98%,HLA-G;WNT4;SPRY2;EFNA3;HHEX;CLDN5;APOH;SEMA6A;TGFB2;EMILIN1;ISM1;FOXJ2;AGO1;STAT1;COL4A2;PML;VASH1;TEK;HSPG2;SPINK5;ECSCR;SYNJ2BP;CNMD;NAXE;PTPRM;ROCK2
ARHGEF10,GO_Biological_Process_2023,prerank,Positive Regulation Of Glycolytic Process (GO:0045821),0.34576452493335696,0.7210592981356583,0.9132530120481928,1.0,1.0,8/18,19.43%,HIF1A;RPTOR;MLST8;P2RX7;GAPDHS;ARNT;ZBTB20;PRXL2C
ARHGEF10,GO_Biological_Process_2023,prerank,Antiviral Innate Immune Response (GO:0140374),0.2799352390558628,0.7209491415007283,0.9949109414758269,1.0,1.0,15/46,20.81%,IFIH1;IFIT1;TRIM7;TRIM6;TBK1;MORC3;EIF2AK2;RIGI;TRAF6;UBE2N;ZDHHC1;IFIT3;TRIM25;USP18;MX1
ARHGEF10,GO_Biological_Process_2023,prerank,Cellular Response To Topologically Incorrect Protein (GO:0035967),0.32216216225347505,0.7205657301897865,0.9005102040816326,1.0,1.0,12/22,19.76%,PTPN1;DAB2IP;DNAJC18;PACRG;HDAC6;TM7SF3;DNAJB14;DAXX;HSPA1A;HSF1;BAG3;TMBIM6
ARHGEF10,GO_Biological_Process_2023,prerank,Skeletal Muscle Organ Development (GO:0060538),0.29159429937006176,0.720378932047298,0.9602122015915119,1.0,1.0,10/35,18.73%,MYOZ1;MYF6;MYL11;POPDC2;STRA6;DISP1;ZBTB18;SIX4;VRK3;FOXL2
ARHGEF10,GO_Biological_Process_2023,prerank,Regulation Of Telomerase Activity (GO:0051972),0.284015294172839,0.7200835955097675,0.9762532981530343,1.0,1.0,13/44,19.26%,KLF4;PARM1;MAP3K4;CTNNB1;TNIP1;TP53;MEN1;HSP90AB1;AURKB;NVL;MAPK1;TNKS;NEK2
ARHGEF10,GO_Biological_Process_2023,prerank,Dicarboxylic Acid Metabolic Process (GO:0043648),-0.2964478726134808,-0.720063474104167,0.957680250783699,1.0,1.0,25/50,28.44%,HAAO;ADHFE1;FH;GOT1;OGDH;MDH1B;MDH2;ME1;IDH1;ASS1;DHFR;OGDHL;SDHA;ALDH18A1;L2HGDH;SDHAF3;D2HGDH;ACOT8;ACLY;MDH1;SLC25A32;MRPS36;NAGS;GGT1;PHYH
ARHGEF10,GO_Biological_Process_2023,prerank,Regulation Of Stem Cell Population Maintenance (GO:2000036),0.27046174260425043,0.7198581957517766,0.9947368421052631,1.0,1.0,26/56,22.46%,PHF10;SMARCB1;SMARCD1;BCL7A;WDR43;SMARCA4;SF3B3;SS18;KAT2A;SMARCC1;DPF2;ARID1A;TET1;ZNF706;NODAL;BRD9;REST;ARID4B;ARID4A;SUDS3;ZC3H13;CNOT1;ACTL6A;TAF6L;HDAC1;TAF5L
ARHGEF10,GO_Biological_Process_2023,prerank,Positive Regulation Of Nervous System Development (GO:0051962),-0.29422494525264864,-0.7198462834662287,0.9590834697217676,1.0,1.0,15/49,22.98%,OPRM1;SLITRK3;SLITRK4;MME;SLITRK1;SOX11;CLSTN1;EPHB2;LIG4;LRP2;IL1RAP;NUMB;RGS14;ZNF335;NAP1L1
ARHGEF10,GO_Biological_Process_2023,prerank,Negative Regulation Of Epidermal Growth Factor Receptor Signaling Pathway (GO:0042059),-0.33822135026921196,-0.7193860028838981,0.9016949152542373,1.0,1.0,7/23,17.18%,ITGA1;RAB7A;CBLB;GPRC5A;MVP;EGFR;VPS25
ARHGEF10,GO_Biological_Process_2023,prerank,Positive Regulation Of Endopeptidase Activity (GO:0010950),-0.32474802742465025,-0.7190988795916985,0.9106529209621993,1.0,1.0,6/29,11.21%,SEMG1;VSIR;EPHA4;EFNA3;GRIN2B;GRIN1
ARHGEF10,GO_Biological_Process_2023,prerank,Response To Organonitrogen Compound (GO:0010243),-0.3001410372905908,-0.718198852468648,0.9415481832543444,1.0,1.0,17/47,23.70%,NR1H4;XBP1;RRAGC;UBXN6;DNAJB12;KAT7;TRPV1;DRD3;BRSK2;SYVN1;MARCHF6;PRKN;CHRNA7;SEL1L;CHRNB2;ERLEC1;RNF139
ARHGEF10,GO_Biological_Process_2023,prerank,Positive Regulation Of Activated T Cell Proliferation (GO:0042104),-0.35300012362181615,-0.7180727933442103,0.8697916666666666,1.0,1.0,5/19,24.62%,IL23R;IGF1;PPP3CA;CD24;IL23A
ARHGEF10,GO_Biological_Process_2023,prerank,Negative Regulation Of Microtubule Depolymerization (GO:0007026),0.32847746984739046,0.7179208151031415,0.9179487179487179,1.0,1.0,6/20,12.19%,MID1IP1;TAOK1;APC2;CLASP2;BMERB1;TTBK2
ARHGEF10,GO_Biological_Process_2023,prerank,ATP Metabolic Process (GO:0046034),0.2943474180580702,0.7177479814103558,0.9603399433427762,1.0,1.0,2/34,1.60%,MYH7;PARP1
ARHGEF10,GO_Biological_Process_2023,prerank,Positive Regulation Of DNA Metabolic Process (GO:0051054),-0.2647719201160573,-0.7176531870717625,0.9924471299093656,1.0,1.0,37/108,25.09%,NPM2;EGF;ATAD5;RTEL1;ACTR5;SMARCA5;CCDC117;KAT7;MARCHF6-DT;SIRT1;INO80C;PRKD2;TOX;STPG4;POT1;RUVBL1;ERCC6;SMCHD1;EGFR;EYA1;PML;FGFR4;GNL3;NPAS2;DNA2;FGF2;EYA2;INO80D;GINS1;RNF168;USP7;H2AX;TIGAR;EYA3;USP9X;PDGFB;MRE11
ARHGEF10,GO_Biological_Process_2023,prerank,Receptor Clustering (GO:0043113),0.33033104768533456,0.7174736325528902,0.9164556962025316,1.0,1.0,7/19,15.55%,DNAJA3;MADCAM1;ITGA4;NRXN2;FLNA;NRXN1;NLGN1
ARHGEF10,GO_Biological_Process_2023,prerank,Late Endosome To Vacuole Transport (GO:0045324),-0.35178867956860316,-0.7174092278758684,0.8930921052631579,1.0,1.0,4/19,15.51%,CHMP5;VPS4A;LEPROT;CHMP4C
ARHGEF10,GO_Biological_Process_2023,prerank,Negative Regulation Of Type I Interferon-Mediated Signaling Pathway (GO:0060339),0.3569151643578798,0.7172316864278805,0.8700980392156863,1.0,1.0,8/15,22.49%,YTHDF2;DCST1;CNOT7;METTL3;STAT2;USP18;PTPN2;TTLL12
ARHGEF10,GO_Biological_Process_2023,prerank,Positive Regulation Of Hormone Secretion (GO:0046887),0.34017926005652316,0.7170576945425607,0.9121140142517815,1.0,1.0,1/19,0.58%,EDN1
ARHGEF10,GO_Biological_Process_2023,prerank,Regulation Of Cardiac Muscle Cell Contraction (GO:0086004),-0.3282516995351135,-0.716919655614326,0.9206349206349206,1.0,1.0,11/26,26.20%,GJA5;PLN;HCN4;FGF13;SCN5A;CAV3;DSG2;CAMK2D;RYR2;STC1;ATP2A2
ARHGEF10,GO_Biological_Process_2023,prerank,Regulation Of Cell-Matrix Adhesion (GO:0001952),-0.2786040481864602,-0.7168716568642169,0.9820554649265906,1.0,1.0,24/65,24.23%,CORO1C;CCL25;CDKN2A;TLN1;RASA1;CX3CL1;NF2;EMP2;CASK;GSK3B;CIB1;PLAU;MAP4K4;FYN;CLASP1;EFNA5;PEAK1;JAG1;GPM6B;MACF1;ROCK2;ACTG1;AJAP1;PTK2
ARHGEF10,GO_Biological_Process_2023,prerank,Positive Regulation Of Syncytium Formation By Plasma Membrane Fusion (GO:0060143),-0.37591551011413543,-0.7165571957193393,0.8793706293706294,1.0,1.0,4/15,23.14%,EHD1;CAMK1;FLOT1;MAPK14
ARHGEF10,GO_Biological_Process_2023,prerank,Positive Regulation Of Immunoglobulin Production (GO:0002639),0.29815684795673336,0.7163005885826472,0.9434447300771208,1.0,1.0,8/34,14.58%,MAD2L2;HLA-E;TFRC;SHLD2;INSL6;CD86;STX4;POLR2D
ARHGEF10,GO_Biological_Process_2023,prerank,Mesenchyme Development (GO:0060485),-0.36143119755087866,-0.7162797605662807,0.8797250859106529,1.0,1.0,2/17,6.64%,CRELD1;BMPR2
ARHGEF10,GO_Biological_Process_2023,prerank,Response To Exogenous dsRNA (GO:0043330),-0.3302464919150633,-0.7161039014090689,0.9044368600682594,1.0,1.0,6/27,22.43%,IFNK;TLR3;MUL1;MAVS;FLOT1;TICAM2
ARHGEF10,GO_Biological_Process_2023,prerank,Positive Regulation Of Translational Initiation (GO:0045948),-0.3415969994443038,-0.7158158747293359,0.8741610738255033,1.0,1.0,5/21,18.16%,EIF2B5;SH3BGRL;LARP1;HABP4;CDC123
ARHGEF10,GO_Biological_Process_2023,prerank,Establishment Or Maintenance Of Apical/Basal Cell Polarity (GO:0035088),-0.33045056880376167,-0.7158108170455725,0.9010238907849829,1.0,1.0,9/26,19.04%,PARD6B;PARD3;PALS1;CRB3;FOXJ1;DLG3;DLG4;LLGL2;FSCN1
ARHGEF10,GO_Biological_Process_2023,prerank,Regulation Of Regulated Secretory Pathway (GO:1903305),-0.3173462276992021,-0.7156912811485179,0.9228295819935691,1.0,1.0,14/35,24.98%,TRPV6;SYT4;LRRK2;VPS18;SYT11;SYT3;SYT7;UNC13D;RPH3AL;SNAPIN;RAB3D;SYT1;RAB15;RIMS1
ARHGEF10,GO_Biological_Process_2023,prerank,In Utero Embryonic Development (GO:0001701),-0.32486676895821537,-0.7156197222006737,0.9032258064516129,1.0,1.0,13/27,27.62%,ESRRB;STIL;TGFB3;PKD1;ZNF568;HINFP;LIG4;FOXD3;CHD7;SOX8;PDGFB;FUT8;BMP2
ARHGEF10,GO_Biological_Process_2023,prerank,Regulation Of Protein Catabolic Process (GO:0042176),-0.2594814277089596,-0.715368904339628,0.9970972423802612,1.0,1.0,35/122,21.89%,ASB5;AZIN1;NUDT15;OAZ3;TIPARP;NSF;TMF1;GFAP;RAB7A;NQO1;UBB;DNAAF4;GSK3B;FURIN;CHEK2;APOE;NEDD4;FAM83D;PKD1;EGFR;CDKN1B;PINK1;CYP51A1;HMGCR;CSNK2A1;WNT5A;EGLN2;DDB1;PRKN;ZDHHC2;OAZ2;WDR91;SORL1;CUL4A;SNF8
ARHGEF10,GO_Biological_Process_2023,prerank,Postreplication Repair (GO:0006301),-0.3373916045431403,-0.7149359588046196,0.9039735099337748,1.0,1.0,3/22,7.49%,MSH2;POLN;PARP10
ARHGEF10,GO_Biological_Process_2023,prerank,Glycoprotein Biosynthetic Process (GO:0009101),-0.2745058437675301,-0.714810180655846,0.9843014128728415,1.0,1.0,24/78,22.58%,B4GALT7;B3GALT2;ST6GALNAC1;ST8SIA4;BMPR2;IGF1;CSGALNACT1;GAL3ST4;TMEM106A;COG3;DAD1;GCNT1;MGAT4A;ST8SIA3;CHST13;B3GALT5;B4GAT1;ALG5;LARGE1;ST8SIA6;SERP2;B4GALT5;AQP11;DDOST
ARHGEF10,GO_Biological_Process_2023,prerank,Endoplasmic Reticulum To Golgi Vesicle-Mediated Transport (GO:0006888),-0.26205863492797954,-0.7147856945845538,0.9942528735632183,1.0,1.0,34/115,21.62%,YIF1A;ARF4;TRAPPC11;TMED5;MPPE1;PGAP1;COPE;TRIP11;COPA;HYOU1;VAPA;TRAPPC13;COG3;SCFD1;YIPF5;ARCN1;SEC24B;TMED1;LMAN2;RAB1B;NRBP1;GOLT1A;PREB;RAB2A;SEC16A;TFG;BCAP29;IER3IP1;SEC24D;TRAPPC6A;TMED3;SAR1B;CNIH4;ERGIC2
ARHGEF10,GO_Biological_Process_2023,prerank,RNA Modification (GO:0009451),0.2766406144101087,0.7147680712447743,0.9893048128342246,1.0,1.0,28/51,24.20%,KTI12;RBM15;FTSJ1;QTRT1;ELP5;THUMPD1;NSUN6;MEPCE;METTL1;METTL3;MRM2;SARS1;DTWD2;ANKRD16;APOBEC3F;BCDIN3D;TRMT9B;THG1L;TRDMT1;TSR3;PUS7L;ADARB1;PARN;HNRNPAB;NOP10;AARS2;WDR4;DTWD1
ARHGEF10,GO_Biological_Process_2023,prerank,Cellular Response To Insulin Stimulus (GO:0032869),-0.2668126134820043,-0.7142810795475619,0.9985250737463127,1.0,1.0,23/99,19.66%,CPEB2;CEACAM1;TRIB3;PDPK1;XBP1;ENPP1;BAIAP2;VAMP2;GOT1;SLC39A14;GSK3B;RAB10;PCSK9;SELENOS;PKM;PDK2;INSIG1;GAB1;SHC1;KAT2B;INSR;GRB10;SOGA1
ARHGEF10,GO_Biological_Process_2023,prerank,Regulation Of Protein Binding (GO:0043393),0.2376370279277917,0.7138244844720396,1.0,1.0,1.0,27/118,18.57%,VTN;USP33;TTBK1;TRIM21;DNAJB2;IFIT1;EPB41;SYMPK;DERL1;AKTIP;TLE5;HIPK2;AKT1;ZFPM1;BTBD1;GTF2F1;PARK7;DTX3L;RPL11;AURKB;TERT;ROCK1;NVL;MARK2;PIN1;PEX14;BMP4
ARHGEF10,GO_Biological_Process_2023,prerank,Regulation Of Microtubule Cytoskeleton Organization (GO:0070507),0.2879427331747857,0.7138232154341159,0.9485714285714286,1.0,1.0,15/40,18.24%,STMN4;MID1;FAM107A;EPHA3;TRIM36;STMND1;TAOK1;CLASP2;MAP6;MAP6D1;FRMPD2;ROCK1;CAMSAP3;STMN3;MARK2
ARHGEF10,GO_Biological_Process_2023,prerank,Peptidyl-Threonine Phosphorylation (GO:0018107),-0.28410587950489635,-0.7138029630917051,0.9860896445131375,1.0,1.0,26/58,23.91%,HIPK4;PDPK1;STK11;HIPK1;LRRK2;CDK5;GSK3B;PRKD2;CHEK1;WNK1;CSNK2B;OXSR1;WNK3;CSNK2A1;CDC42BPB;PRKCD;CSNK2A2;LMTK2;SBK1;TGFBR2;DYRK1A;HIPK3;ROCK2;PRKCA;MAPK8;CAMK2D
ARHGEF10,GO_Biological_Process_2023,prerank,Lymphocyte Proliferation (GO:0046651),-0.3197230654274441,-0.7134808620526958,0.9288025889967637,1.0,1.0,4/30,12.60%,IFNK;FLT3;CR2;EMP2
ARHGEF10,GO_Biological_Process_2023,prerank,Regulation Of Transport (GO:0051049),-0.30225007735114795,-0.713299062497957,0.9298531810766721,1.0,1.0,19/44,21.58%,FGF23;CLDN3;MYO6;VAMP2;LRRK2;CDK5;SCFD1;SNCA;MUL1;CLDN10;SLC30A8;PINK1;USP6;PRKN;SURF4;RAB25;SAR1B;GAPVD1;PLD2
ARHGEF10,GO_Biological_Process_2023,prerank,Cellular Response To Type I Interferon (GO:0071357),0.2994658977926911,0.7130835501849633,0.9615384615384616,1.0,1.0,9/30,20.20%,TBKBP1;IFIT1;TYK2;IKBKE;TBK1;IFITM1;IFNAR1;STAT2;MYD88
ARHGEF10,GO_Biological_Process_2023,prerank,Anterograde Axonal Transport (GO:0008089),-0.30711292831027515,-0.7130208397901467,0.9366666666666666,1.0,1.0,12/39,23.04%,KIF1B;NEFL;KIF5A;KIF3A;KIF5B;KIF3B;SOD1;TRAK1;AP3M1;SNAPIN;AP3B2;AP3S1
ARHGEF10,GO_Biological_Process_2023,prerank,miRNA Metabolic Process (GO:0010586),-0.3760520650525607,-0.712615874122531,0.8653198653198653,1.0,1.0,5/15,24.19%,KHSRP;ZC3H12A;TENT4B;LIN28A;TUT7
ARHGEF10,GO_Biological_Process_2023,prerank,Negative Regulation Of Tumor Necrosis Factor-Mediated Signaling Pathway (GO:0010804),-0.34066036767972957,-0.7120381948114064,0.9016666666666666,1.0,1.0,9/21,26.22%,H2BC11;ZNF675;XIAP;TRAIP;CARD8;GAS6;GSTP1;PYDC1;NAIP
ARHGEF10,GO_Biological_Process_2023,prerank,Positive Regulation Of Apoptotic Signaling Pathway (GO:2001235),-0.2880601008234718,-0.7119519486057998,0.9712990936555891,1.0,1.0,18/61,22.08%,CTSS;GSDME;TNFRSF12A;DDIT3;LTBR;WWOX;LTB;LCK;CTSK;CTSL;FIS1;PML;G0S2;ING5;TPD52L1;CYLD;PLEKHF1;STYXL1
ARHGEF10,GO_Biological_Process_2023,prerank,Positive Regulation Of Stem Cell Population Maintenance (GO:1902459),0.2856127961805984,0.7118109469293156,0.9709762532981531,1.0,1.0,16/40,19.77%,PHF10;SMARCB1;SMARCD1;BCL7A;SMARCA4;SF3B3;SS18;SMARCC1;DPF2;ARID1A;TET1;BRD9;REST;ARID4B;ARID4A;SUDS3
ARHGEF10,GO_Biological_Process_2023,prerank,Cellular Response To Starvation (GO:0009267),-0.25811032452753047,-0.7117289796521142,0.9957264957264957,1.0,1.0,38/125,23.62%,GAS2L1;HNRNPA1;GABARAPL2;RNF152;BMPR2;IFI16;XBP1;RRAGC;ZC3H12A;RIPOR1;MAP3K5;LRRK2;WDR59;HSPA8;MFSD2A;PLIN2;SIRT1;PCSK9;MTMR3;SESN1;IMPACT;DEPDC5;FOXO3;GCN1;CPEB4;TSSK3;SH3GLB1;DAP;MYBBP1A;BMT2;MIOS;TBL2;WDR45B;DAPL1;BHLHA15;HSPA5;ITFG2;MAPK8
ARHGEF10,GO_Biological_Process_2023,prerank,Regulation Of Interleukin-2 Production (GO:0032663),-0.29553382235267467,-0.7104335844571507,0.9738988580750407,1.0,1.0,11/47,23.61%,LILRB4;XCL1;IL1A;IRF4;PRKD2;HOMER3;RUNX1;PLCG2;HAVCR2;SFTPD;ZFP36
ARHGEF10,GO_Biological_Process_2023,prerank,Regulation Of Histone Deacetylation (GO:0031063),0.32832517886537077,0.7100902072870479,0.9315403422982885,1.0,1.0,9/21,16.84%,RRP8;FOXP3;TADA2A;CTBP1;KAT2A;MBIP;SUV39H1;KAT14;YEATS2
ARHGEF10,GO_Biological_Process_2023,prerank,Protein Targeting To ER (GO:0045047),-0.3338707595728845,-0.7099419612589596,0.9200680272108843,1.0,1.0,8/23,20.97%,GET4;ZFAND2A;SEC61A1;SGTB;SRP72;SPCS2;SEC62;SRPRA
ARHGEF10,GO_Biological_Process_2023,prerank,Regulation Of Protein Import Into Nucleus (GO:0042306),-0.3069807586739608,-0.709575963277005,0.9415481832543444,1.0,1.0,14/38,25.43%,S100G;EP300;ZIC1;ZC3H12A;CDH1;MAVS;RBM22;CHP1;PRKCD;ECT2;SUMO1;PSEN1;ZPR1;RAB23
ARHGEF10,GO_Biological_Process_2023,prerank,Negative Regulation Of Binding (GO:0051100),-0.2668929670887512,-0.708655676073587,0.9985358711566618,1.0,1.0,30/86,25.06%,CARD18;TMC8;LEF1;DAB2;PLN;IFI16;LRRK2;NFKBIA;SP100;GSK3B;KDM1A;HABP4;EFHB;SUMO4;CAMK1;AURKA;LRPAP1;PRKCD;TFIP11;SORL1;PSME3IP1;RSF1;SUMO1;PEX19;E2F1;MAPK8;GTPBP4;ITGB1BP1;PPP1CA;PDGFB
ARHGEF10,GO_Biological_Process_2023,prerank,Establishment Of Protein Localization To Extracellular Region (GO:0035592),0.2774395199644741,0.7086551135231579,0.9841269841269841,1.0,1.0,12/45,17.14%,SVBP;RAB12;TANGO6;MEN1;PDIA4;RAB3B;NECAB3;TVP23B;OLFM2;MIA3;ARL4D;GOLPH3
ARHGEF10,GO_Biological_Process_2023,prerank,Positive Regulation Of ERBB Signaling Pathway (GO:1901186),-0.3332486729282405,-0.7083886540434325,0.9093959731543624,1.0,1.0,5/24,17.66%,AGT;RALA;NEU3;RTN4;RBPJ
ARHGEF10,GO_Biological_Process_2023,prerank,Regulation Of Epidermal Growth Factor-Activated Receptor Activity (GO:0007176),-0.3252176354739579,-0.7079426877160535,0.9298831385642737,1.0,1.0,9/26,24.10%,AREG;EGF;CBLB;GPRC5A;VPS25;SHC1;FBXW7;NCK2;TGFA
ARHGEF10,GO_Biological_Process_2023,prerank,Protein Targeting To Membrane (GO:0006612),-0.2782708786769679,-0.7079287853892366,0.9849397590361446,1.0,1.0,39/71,28.91%,PARD3;GET4;RTP1;ZDHHC22;SSR2;SEC61A1;SGTB;VPS37A;ZDHHC24;ZDHHC12;ZDHHC14;ZDHHC9;SEC62;BAG6;RAB3IP;CHM;ZDHHC2;ZDHHC4;ZDHHC20;SRPRA;VPS37B;ICMT;VPS37C;ZDHHC3;ZDHHC19;PEX19;PIKFYVE;ATG3;ZDHHC11;UBL4A;SEC63;ZDHHC21;NACA;SSR1;SIL1;MYO1C;ARL6;RAB8B;TRAM1
ARHGEF10,GO_Biological_Process_2023,prerank,Glycosphingolipid Biosynthetic Process (GO:0006688),-0.34847122702920214,-0.7074613921330232,0.9096989966555183,1.0,1.0,6/19,22.51%,B4GALNT1;ST8SIA4;ST8SIA3;LARGE1;ST8SIA6;B3GALT4
ARHGEF10,GO_Biological_Process_2023,prerank,Regulation Of Protein Localization (GO:0032880),-0.26494382759043394,-0.7073883216854523,0.9926144756277696,1.0,1.0,31/95,26.28%,MMD2;MAPT;EGF;KIAA0586;DZIP1L;SLC26A4;TMEM231;CEP290;VPS4A;BDNF;RFPL2;HFE;UFL1;KDM1A;SUMO4;GPC5;RSL1D1;CAMK1;FBXW7;TRIM22;STX10;GPC1;SUMO1;TRIM5;STX6;MAPK8;TRIM17;WDPCP;ATCAY;RACK1;VCPIP1
ARHGEF10,GO_Biological_Process_2023,prerank,Cellular Response To Amino Acid Starvation (GO:0034198),-0.30142553506368575,-0.7073465653512533,0.9630225080385852,1.0,1.0,15/42,23.62%,RNF152;RRAGC;MAP3K5;WDR59;SESN1;IMPACT;DEPDC5;GCN1;SH3GLB1;DAP;BMT2;MIOS;DAPL1;ITFG2;MAPK8
ARHGEF10,GO_Biological_Process_2023,prerank,Protein Monoubiquitination (GO:0006513),0.27171346906209054,0.7071533070956383,0.9902439024390244,1.0,1.0,12/47,13.32%,TNFSF13B;FANCG;TRIM21;TRIM37;RNF40;ZNF598;UBE2D3;RBX1;MGRN1;UBE2R2;RNF220;FAAP20
ARHGEF10,GO_Biological_Process_2023,prerank,Positive Regulation Of Axon Extension (GO:0045773),-0.3487187954441783,-0.7064226088262554,0.911864406779661,1.0,1.0,4/19,9.17%,MAPT;SEMA7A;SHTN1;ISLR2
ARHGEF10,GO_Biological_Process_2023,prerank,Semaphorin-Plexin Signaling Pathway (GO:0071526),0.2911212254498377,0.7063673649034988,0.9680232558139535,1.0,1.0,15/34,21.27%,NELL1;PLXNA4;SEMA3F;SEMA5B;SH3BP1;FLNA;SEMA6B;SEMA3E;SEMA4A;SEMA4F;SEMA3B;RAC1;SEMA4D;SEMA3A;PLXNA3
ARHGEF10,GO_Biological_Process_2023,prerank,Establishment Of Epithelial Cell Polarity (GO:0090162),-0.3514915327783576,-0.7061966053901221,0.9117647058823529,1.0,1.0,9/18,28.69%,PARD3;SYNE4;SIPA1L3;OPHN1;CDC42;MSN;RHOA;CYTH3;MYO18A
ARHGEF10,GO_Biological_Process_2023,prerank,Endoderm Formation (GO:0001706),-0.30900858547014076,-0.7060356959606457,0.9450726978998385,1.0,1.0,10/35,17.69%,SOX7;ITGB2;INHBA;ITGAV;DUSP2;COL6A1;DUSP5;LHX1;COL7A1;COL4A2
ARHGEF10,GO_Biological_Process_2023,prerank,Atrioventricular Valve Morphogenesis (GO:0003181),-0.34648385348370064,-0.7054675697361289,0.8901639344262295,1.0,1.0,8/19,21.44%,BMPR2;HEY2;NOTCH1;TGFB2;HEY1;SMAD6;OLFM1;TGFBR2
ARHGEF10,GO_Biological_Process_2023,prerank,Regulation Of Phosphatase Activity (GO:0010921),-0.3470513554821242,-0.7053709866379936,0.8955223880597015,1.0,1.0,6/19,19.57%,MTMR9;TIPRL;PPP1R17;HSP90B1;HTT;CHP1
ARHGEF10,GO_Biological_Process_2023,prerank,Post-Transcriptional Regulation Of Gene Expression (GO:0010608),0.26209320242920353,0.7040891737120829,0.994269340974212,1.0,1.0,22/57,19.81%,ZC3H7A;PER1;ZC3H10;EIF2B4;MATR3;ELP5;CELF1;PARP9;EIF2S1;NANOS1;ZNF385A;MTPN;RBM4B;TSC1;GRM5;RPL10;ATG14;TRIM71;YTHDC1;SPOUT1;MSI2;PUM2
ARHGEF10,GO_Biological_Process_2023,prerank,Regulation Of Cytokinesis (GO:0032465),-0.2669183557197694,-0.7040295417872814,0.9969088098918083,1.0,1.0,25/80,23.05%,PDXP;CALM2;PRPF40A;VPS4A;PKN2;DRD3;MAP9;CDC14B;KLHL9;CHMP4C;E2F8;CETN2;CALM1;AURKA;UVRAG;BCL2L1;SH3GLB1;KLHL13;CDC14A;RACGAP1;ECT2;KLHL21;KIF13A;CDC42;CUL3
ARHGEF10,GO_Biological_Process_2023,prerank,Establishment Of Skin Barrier (GO:0061436),0.33252088520247064,0.7038898995647402,0.9152542372881356,1.0,1.0,7/19,15.00%,ALOX12;FA2H;CLDN4;IL18;TP63;UGCG;CLDN1
ARHGEF10,GO_Biological_Process_2023,prerank,Regulation Of DNA Binding (GO:0051101),-0.2880576984619861,-0.7038545640722914,0.9698412698412698,1.0,1.0,18/48,23.62%,EGF;LEF1;IFI16;IGF1;HMGB2;NFKBIA;SP100;KDM1A;HABP4;SUMO4;CSNK2B;NGF;PRKN;SKI;RSF1;SUMO1;E2F1;MAPK8
ARHGEF10,GO_Biological_Process_2023,prerank,Melanosome Transport (GO:0032402),0.3529139573783968,0.7038152997926014,0.8947368421052632,1.0,1.0,7/15,21.30%,MLPH;MKKS;BLOC1S6;BLOC1S3;MREG;RAB11A;RAB11B
ARHGEF10,GO_Biological_Process_2023,prerank,Pigment Granule Transport (GO:0051904),0.3529139573783968,0.7038152997926014,0.8947368421052632,1.0,1.0,7/15,21.30%,MLPH;MKKS;BLOC1S6;BLOC1S3;MREG;RAB11A;RAB11B
ARHGEF10,GO_Biological_Process_2023,prerank,Response To Peptide (GO:1901652),-0.2990155925642039,-0.7036053274940209,0.9611650485436893,1.0,1.0,11/37,20.22%,STAT4;STAT5A;NLRP1;EIF2B5;CACNA1A;KAT7;RAMP3;STAT1;FYN;CHRNA7;EIF2B3
ARHGEF10,GO_Biological_Process_2023,prerank,Organelle Membrane Fusion (GO:0090174),-0.3347020247966342,-0.7031063591050093,0.9148936170212766,1.0,1.0,13/26,27.53%,VAMP2;SYT4;STX7;STX16;SYT11;SYT7;VAMP1;STX10;EEA1;STX6;VCPIP1;TSNARE1;STX3
ARHGEF10,GO_Biological_Process_2023,prerank,Long-Chain fatty-acyl-CoA Metabolic Process (GO:0035336),-0.32907767006297195,-0.7030026930869138,0.9120689655172414,1.0,1.0,4/23,11.72%,THEM5;ELOVL3;ELOVL2;ACSF3
ARHGEF10,GO_Biological_Process_2023,prerank,Positive Regulation Of Lymphocyte Activation (GO:0051251),0.2747877842742258,0.7029793825757565,0.9894459102902374,1.0,1.0,12/45,18.87%,SH3KBP1;FCHO1;PYCARD;NOD2;HLA-DMB;HLA-DOB;PRKDC;HLA-DOA;HSPD1;TICAM1;TNFSF11;THY1
ARHGEF10,GO_Biological_Process_2023,prerank,Regulation Of Synapse Assembly (GO:0051963),0.27002443448073526,0.7027813054326797,1.0,1.0,1.0,18/51,19.32%,TLR2;GPRASP3;DLG5;RAP2A;GHRL;SLIT1;ROBO2;SLITRK5;SYNDIG1;NRXN1;NLGN1;IL1RAPL1;EIF4G1;MYCBP2;VPS35;SETD5;IL1RAPL2;PDLIM5
ARHGEF10,GO_Biological_Process_2023,prerank,Regulation Of Osteoblast Proliferation (GO:0033688),0.3382504371922954,0.7026696979734505,0.8994974874371859,1.0,1.0,5/16,15.38%,NELL1;LTF;FGFR2;EIF2AK2;CCNA2
ARHGEF10,GO_Biological_Process_2023,prerank,Positive Regulation Of B Cell Activation (GO:0050871),-0.2858774875180353,-0.7026069664974103,0.9701726844583988,1.0,1.0,17/52,22.97%,XBP1;SYK;CD74;HMCES;CD81;TNFSF4;TRAPPC13;TNFRSF13C;BTK;CD38;PAXIP1;IL7;EPHB2;GPR183;MEF2C;KMT5B;CHRNB2
ARHGEF10,GO_Biological_Process_2023,prerank,Positive Regulation Of Erythrocyte Differentiation (GO:0045648),-0.3255118437324019,-0.7023863273185329,0.9201954397394136,1.0,1.0,7/26,18.87%,INHBA;ACVR2A;HMGB2;BRD1;STAT1;FOXO3;HSPA1B
ARHGEF10,GO_Biological_Process_2023,prerank,Negative Regulation Of Anoikis (GO:2000811),-0.36986423188947604,-0.7021500849717851,0.8883071553228621,1.0,1.0,5/16,17.19%,NOTCH1;SNAI2;SRC;ZNF304;PIK3CA
ARHGEF10,GO_Biological_Process_2023,prerank,Organic Hydroxy Compound Biosynthetic Process (GO:1901617),-0.29610918629668054,-0.7012810700582612,0.9675324675324676,1.0,1.0,14/42,19.78%,CYP46A1;ALOX15;AKR1D1;SLC27A2;OSBPL9;FAXDC2;ACOX2;HSD3B7;OSBP;OSBPL1A;CYP39A1;AMACR;HMGCR;ABCD3
ARHGEF10,GO_Biological_Process_2023,prerank,Response To Zinc Ion (GO:0010043),0.3186032995412232,0.7012473261334871,0.9271356783919598,1.0,1.0,4/24,9.35%,SLC30A2;CRIP1;ZNF658;GLRA2
ARHGEF10,GO_Biological_Process_2023,prerank,Positive Regulation Of Telomere Maintenance Via Telomere Lengthening (GO:1904358),-0.301723028779083,-0.7011735743821405,0.9586092715231788,1.0,1.0,11/35,20.04%,RTEL1;HNRNPA1;TNKS2;ATM;XRCC5;HMBOX1;MAPK15;POT1;CCT6A;PKIB;NEK7
ARHGEF10,GO_Biological_Process_2023,prerank,Positive Regulation Of Proteolysis Involved In Protein Catabolic Process (GO:1903052),0.29509633244202493,0.7009298917026265,0.957286432160804,1.0,1.0,8/31,14.41%,OSBPL7;DAB2IP;DDRGK1;KCNE2;SMURF1;PSMC5;CTSC;CLU
ARHGEF10,GO_Biological_Process_2023,prerank,Regulation Of Neuron Migration (GO:2001222),-0.31334052620702346,-0.7006470893699415,0.9547657512116317,1.0,1.0,9/29,15.92%,ULK4;SHTN1;RAPGEF2;NTNG2;CAMK2B;CX3CL1;SEMA6A;TNN;PHACTR1
ARHGEF10,GO_Biological_Process_2023,prerank,cGMP-mediated Signaling (GO:0019934),-0.35510793161283005,-0.7001210738944109,0.8814159292035398,1.0,1.0,5/16,20.83%,KCNC2;PDE3A;HTR2B;PDE2A;IRAG1
ARHGEF10,GO_Biological_Process_2023,prerank,Anaphase-Promoting Complex-Dependent Catabolic Process (GO:0031145),0.3199104025081897,0.7000297634580406,0.9209876543209876,1.0,1.0,3/21,10.14%,ECRG4;ANAPC5;ANAPC2
ARHGEF10,GO_Biological_Process_2023,prerank,Regulation Of Stress-Activated MAPK Cascade (GO:0032872),0.2749498068096203,0.7000027933949039,0.9915014164305949,1.0,1.0,18/51,21.16%,MID1;MAPK8IP2;PER1;DAB2IP;TAOK1;RAP2A;COPS5;NOD2;EIF2AK2;MAP2K2;ARL6IP5;TAOK2;MDFIC;MAPK1;MAPK8IP3;PPIA;IGF1R;FOXO1
ARHGEF10,GO_Biological_Process_2023,prerank,Negative Regulation Of Macrophage Activation (GO:0043031),0.346635946696472,0.6999960972912156,0.9033816425120773,1.0,1.0,2/15,5.45%,TAFA3;NR1D1
ARHGEF10,GO_Biological_Process_2023,prerank,Regulation Of Focal Adhesion Assembly (GO:0051893),0.2652847684559218,0.6996649261578046,0.9974293059125964,1.0,1.0,17/54,19.21%,NELL1;FAM107A;EPHA3;DAPK3;LIMCH1;THBS1;CLASP2;COL16A1;PPM1F;DUSP3;ROCK1;TSC1;CAMSAP3;THY1;RAC1;KDR;PTPRJ
ARHGEF10,GO_Biological_Process_2023,prerank,Regulation Of Epidermal Cell Differentiation (GO:0045604),0.32280381331036007,0.6995360834730496,0.9271356783919598,1.0,1.0,8/18,18.61%,SFRP4;MAFF;SGPP1;SULT2B1;MAFG;ROCK1;BMP4;GDF3
ARHGEF10,GO_Biological_Process_2023,prerank,Lipid Biosynthetic Process (GO:0008610),-0.27308195366343024,-0.6994718254194696,0.990990990990991,1.0,1.0,19/71,21.33%,DOLPP1;HSD17B8;XBP1;LCP1;AGPAT3;AGPAT5;ACSM3;ACSF3;IDI2;MLXIPL;PCYT2;PIP5K1A;CYP51A1;HMGCR;OXSM;MVK;GGPS1;FDFT1;LPCAT1
ARHGEF10,GO_Biological_Process_2023,prerank,Chondroitin Sulfate Proteoglycan Biosynthetic Process (GO:0050650),0.3311767078548043,0.6993647975554409,0.8980582524271845,1.0,1.0,8/19,17.07%,XYLT2;CSGALNACT2;CHST7;CHST9;B3GAT2;CHST11;CHPF;PXYLP1
ARHGEF10,GO_Biological_Process_2023,prerank,Cognition (GO:0050890),-0.2942730074746029,-0.6992555619472487,0.9638364779874213,1.0,1.0,16/44,24.04%,LHCGR;SLC8A2;NSUN5;CTNS;MFSD2A;GTF2A1L;C5AR1;CYFIP1;SHROOM4;CHRNA4;HLA-DRA;CHRNA7;CHD7;PTCHD1;CHRNB2;TTC8
ARHGEF10,GO_Biological_Process_2023,prerank,Regulation Of Double-Strand Break Repair Via Homologous Recombination (GO:0010569),0.25675199127976095,0.6987045054573741,1.0,1.0,1.0,33/71,23.98%,PARP1;MAD2L2;MBTD1;RAD51;KMT5A;ZNF365;EPC2;KAT5;SHLD2;OOEP;INSL6;VPS72;MRNIP;RADX;TEX15;FUS;ACTB;FIGNL1;MORF4L2;SHLD1;ACTL6A;CGAS;EP400;PIAS4;RUVBL2;FBH1;MORF4L1;SETD2;TRRAP;SENP3;WRAP53;MRGBP;DMAP1
ARHGEF10,GO_Biological_Process_2023,prerank,Regulation Of Hydrolase Activity (GO:0051336),0.254773357227699,0.6978300625215719,1.0,1.0,1.0,11/71,7.77%,APOA1;ARHGAP15;PLXNA4;RDX;TBC1D10B;OCRL;EPHA3;DAB2IP;NF1;EPHA1;FGD3
ARHGEF10,GO_Biological_Process_2023,prerank,Regulation Of Telomerase RNA Localization To Cajal Body (GO:1904872),0.3298367736771797,0.6973748284888727,0.927400468384075,1.0,1.0,2/17,7.29%,CCT7;TNIP1
ARHGEF10,GO_Biological_Process_2023,prerank,Positive Regulation Of Chromosome Organization (GO:2001252),0.28613607482386544,0.6969948108499765,0.9754768392370572,1.0,1.0,11/33,16.56%,SLX4;SMC2;TINF2;KAT5;RAD50;TERF2;NCAPD2;SMC4;AURKB;NCAPD3;DHX36
ARHGEF10,GO_Biological_Process_2023,prerank,Regulation Of Clathrin-Dependent Endocytosis (GO:2000369),0.3437480780932276,0.6968581713435484,0.9088607594936708,1.0,1.0,5/15,20.33%,SNAP91;PIK3CB;UNC119;DGKD;BMP2K
ARHGEF10,GO_Biological_Process_2023,prerank,Negative Regulation Of Proteasomal Protein Catabolic Process (GO:1901799),0.28462443670242,0.6965395811590909,0.9860335195530726,1.0,1.0,15/39,18.67%,PHF20L1;PSMF1;FHIT;DDRGK1;PANO1;PARK7;UCHL5;CCAR2;HSP90AB1;RPL11;SDCBP;TRIM39;CAMLG;RYBP;EIF3H
ARHGEF10,GO_Biological_Process_2023,prerank,Regulation Of p38MAPK Cascade (GO:1900744),-0.299214936670739,-0.6964358563668479,0.9699499165275459,1.0,1.0,8/37,12.84%,GDF6;SPHK1;ULK4;LGALS9;ZC3H12A;RELL2;PJA2;PHLPP1
ARHGEF10,GO_Biological_Process_2023,prerank,Epigenetic Regulation Of Gene Expression (GO:0040029),-0.2654889703867215,-0.6964170612608994,0.998371335504886,1.0,1.0,28/83,24.24%,EZHIP;EP300;PPM1D;ZFP57;ZDBF2;IFI16;SUV39H2;SGF29;KAT7;PADI2;RBBP5;CHEK1;DNMT3A;MPHOSPH8;KAT2B;MTF2;EPC1;RBM14;MACROH2A1;KDM1B;WBP2;EZH2;RNF168;HDAC4;ZNF335;CGGBP1;MORC2;CTCFL
ARHGEF10,GO_Biological_Process_2023,prerank,Iron-Sulfur Cluster Assembly (GO:0016226),-0.3180263349443129,-0.696148896065961,0.9432013769363167,1.0,1.0,11/27,24.99%,MMS19;HSCB;FDX2;NUBP1;CIAPIN1;GLRX3;ISCA1;GLRX5;ISCU;BOLA3;ISCA2
ARHGEF10,GO_Biological_Process_2023,prerank,Metallo-Sulfur Cluster Assembly (GO:0031163),-0.3180263349443129,-0.696148896065961,0.9432013769363167,1.0,1.0,11/27,24.99%,MMS19;HSCB;FDX2;NUBP1;CIAPIN1;GLRX3;ISCA1;GLRX5;ISCU;BOLA3;ISCA2
ARHGEF10,GO_Biological_Process_2023,prerank,Positive Regulation Of Transcription By RNA Polymerase III (GO:0045945),0.3448970029777399,0.696135645949208,0.9046454767726161,1.0,1.0,5/15,13.71%,SF3B1;CHD8;RPTOR;ZNF143;ZC3H8
ARHGEF10,GO_Biological_Process_2023,prerank,Autophagosome Maturation (GO:0097352),0.26653384394388996,0.695888186463872,0.9919786096256684,1.0,1.0,17/44,22.90%,MAP1LC3A;VPS33B;VMP1;MAP1LC3B;RUBCNL;CHMP1B;CHMP2B;SNX14;CHMP2A;VTI1B;CHMP1A;VAMP8;TSG101;VAMP7;CHMP3;BECN1;LAMP2
ARHGEF10,GO_Biological_Process_2023,prerank,Regulation Of Mitotic Spindle Assembly (GO:1901673),-0.34568209240470105,-0.6958795314746303,0.9052453468697124,1.0,1.0,2/20,4.32%,EML3;CHMP5
ARHGEF10,GO_Biological_Process_2023,prerank,Negative Regulation Of MAP Kinase Activity (GO:0043407),0.263015526026425,0.6956525091941692,0.989010989010989,1.0,1.0,16/51,19.21%,NPPA;DUSP10;CBLC;PTPN1;PIK3CB;DAB2IP;NF1;PDCD4;DNAJA1;PPARG;STK38;PAQR3;RGS2;SPRY1;BMP4;PTPRJ
ARHGEF10,GO_Biological_Process_2023,prerank,Positive Regulation Of Bone Mineralization (GO:0030501),0.28555151539219487,0.695520878514461,0.9685863874345549,1.0,1.0,10/38,16.72%,CYP27B1;NELL1;LTF;RXRB;PKDCC;P2RX7;ADGRV1;BMPR1A;CCNA2;BMPR1B
ARHGEF10,GO_Biological_Process_2023,prerank,Regulation Of Cardiac Muscle Contraction (GO:0055117),-0.30353524076342103,-0.6953365009866499,0.949685534591195,1.0,1.0,7/35,10.30%,NOS1;GJA5;PLN;P2RX4;CALM2;HCN4;ZC3H12A
ARHGEF10,GO_Biological_Process_2023,prerank,Regulation Of Type I Interferon Production (GO:0032479),-0.2794458218673225,-0.6953072679702663,0.982200647249191,1.0,1.0,18/59,24.21%,XAF1;TRIM15;DHX58;RNF26;IRF8;TRIM56;XIAP;POLA1;G3BP1;OTUD5;MAVS;BANF1;CYLD;TANK;TICAM2;CUL3;RAB2B;IRF1
ARHGEF10,GO_Biological_Process_2023,prerank,Striated Muscle Cell Differentiation (GO:0051146),-0.34376075997394584,-0.694949846590411,0.9089376053962901,1.0,1.0,11/20,27.62%,POPDC3;ASB2;MYOCD;PLD3;MEF2C;MTLN;SKI;SDC1;SORT1;NRG1;BMP2
ARHGEF10,GO_Biological_Process_2023,prerank,Negative Regulation Of Notch Signaling Pathway (GO:0045746),0.2957911698158943,0.6948339908543969,0.975609756097561,1.0,1.0,4/27,10.11%,GATA2;YTHDF2;MMP14;NIBAN2
ARHGEF10,GO_Biological_Process_2023,prerank,Regulation Of Telomere Maintenance (GO:0032204),-0.2985989257362012,-0.6943923827710989,0.9597523219814241,1.0,1.0,15/38,25.09%,RTEL1;NSMCE1;SMC5;XRCC5;SMG6;SLF2;POT1;UPF1;PML;GNL3;NSMCE2;HDAC8;SMG1;USP7;MRE11
ARHGEF10,GO_Biological_Process_2023,prerank,Negative Regulation Of Protein Modification By Small Protein Conjugation Or Removal (GO:1903321),0.26364752529209723,0.6942740393667018,0.9945652173913043,1.0,1.0,17/54,17.51%,PIAS3;ARRB2;TRIM21;SVBP;CTNNB1;PER2;NXN;AKT1;PARK7;DNAJA1;SMAD7;CAPN3;RPL11;HSPA1A;USP4;RPS3;CAMLG
ARHGEF10,GO_Biological_Process_2023,prerank,Glycerophospholipid Catabolic Process (GO:0046475),-0.3131943056674461,-0.6942643937253339,0.955810147299509,1.0,1.0,13/27,24.43%,PLA2G4D;PLA2G4A;PLA2G4B;ABHD16A;ENPP6;GDPD3;PLA2G15;SMPD4;ENPP2;PLA2G7;PLA2G6;GPCPD1;PRDX6
ARHGEF10,GO_Biological_Process_2023,prerank,Memory (GO:0007613),-0.27199813927201344,-0.6942628815783118,0.9869281045751634,1.0,1.0,24/58,23.43%,NOL3;SCN2A;SLC8A2;MAPT;PJA2;CPEB3;NETO1;LRCH4;BDNF;FGF13;RASGRF1;APOE;SYT11;NGF;INSR;EIF4EBP2;CHRNA7;LDLR;PTN;RGS14;SHANK1;CHRNB2;PSEN1;TAFA2
ARHGEF10,GO_Biological_Process_2023,prerank,Positive Regulation Of Epithelial Cell Differentiation (GO:0030858),0.32303875586171865,0.6939612377954119,0.9398496240601504,1.0,1.0,5/20,14.86%,SFRP4;MESP1;RFX3;SOX9;SULT2B1
ARHGEF10,GO_Biological_Process_2023,prerank,Prostaglandin Biosynthetic Process (GO:0001516),0.3300362355069396,0.6937289953171334,0.8995215311004785,1.0,1.0,3/17,8.30%,EDN1;PNPLA8;PTGS1
ARHGEF10,GO_Biological_Process_2023,prerank,Positive Regulation Of mRNA Catabolic Process (GO:0061014),-0.29240773768495776,-0.6935491322914499,0.968,1.0,1.0,19/45,26.90%,KHSRP;PNPT1;NANOS3;CNOT8;TNRC6B;ZC3H12A;CPEB3;BTG2;UPF1;METTL16;METTL14;ROCK2;ZFP36;FTO;MOV10;PUM1;FXR1;GIGYF2;YTHDF1
ARHGEF10,GO_Biological_Process_2023,prerank,Regulation Of Multicellular Organismal Development (GO:2000026),-0.2784074879235862,-0.6931605126402641,0.9780564263322884,1.0,1.0,26/59,25.31%,GBX1;ACTR5;GATA3;SGF29;INO80C;BRD1;MEAF6;TNN;RUVBL1;KAT2B;INSR;BAG6;KAT6A;CCSAP;CD24;ING5;ZZZ3;RACGAP1;KAT6B;PTN;INO80D;DR1;TADA3;HPSE;TDG;SCX
ARHGEF10,GO_Biological_Process_2023,prerank,Positive Regulation Of Stress Fiber Assembly (GO:0051496),-0.2900125929402378,-0.6931512382006403,0.968503937007874,1.0,1.0,1/43,0.04%,ARHGEF10
ARHGEF10,GO_Biological_Process_2023,prerank,Regulation Of Glycogen Biosynthetic Process (GO:0005979),-0.32081965648589417,-0.6931030251946207,0.937799043062201,1.0,1.0,7/25,18.61%,ENPP1;PPP1R3D;IGF1;PPP1R3E;GSK3B;SELENOS;INSR
ARHGEF10,GO_Biological_Process_2023,prerank,Negative Regulation Of Epithelial Cell Migration (GO:0010633),0.28342376607477077,0.6928908568328478,0.9845758354755784,1.0,1.0,10/33,19.55%,DUSP10;SVBP;PTPRR;DAB2IP;THBS1;PFN2;ADAMTS9;ADIPOR1;KRIT1;PTPRG
ARHGEF10,GO_Biological_Process_2023,prerank,Mitochondrial Transport (GO:0006839),-0.2826769948562427,-0.6926687608795118,0.9831546707503829,1.0,1.0,22/53,24.90%,BAK1;TIMM23;TIMM8B;MFF;OXA1L;TIMM10;FIS1;PINK1;MAIP1;FLVCR1;BCL2L1;KIFBP;PRKN;TOMM34;BAD;SLC25A4;BNIP3;DNAJC19;TIMM44;TIMM9;AIP;SLC25A20
ARHGEF10,GO_Biological_Process_2023,prerank,Vesicle-Mediated Transport In Synapse (GO:0099003),-0.34683012731032403,-0.6925505737249009,0.899671052631579,1.0,1.0,5/18,14.08%,CPLX4;VAMP2;OTOF;CDK5;SNCA
ARHGEF10,GO_Biological_Process_2023,prerank,Positive Regulation Of Lipid Kinase Activity (GO:0090218),-0.31167113524098533,-0.6924293922565449,0.956882255389718,1.0,1.0,10/30,21.09%,MAPT;FLT3;F2;TNFAIP8L3;CD81;FGFR3;KIT;FLT1;TEK;FGF2
ARHGEF10,GO_Biological_Process_2023,prerank,RNA Phosphodiester Bond Hydrolysis (GO:0090501),-0.31636404929487544,-0.6923890873862847,0.9325463743676222,1.0,1.0,7/28,18.67%,SLFN14;ZC3H12D;ZC3H12A;ELAC1;CSTF3;KHNYN;XRN1
ARHGEF10,GO_Biological_Process_2023,prerank,Regulation Of Cardiac Muscle Cell Action Potential (GO:0098901),0.2932559502581187,0.692112865826187,0.9770992366412213,1.0,1.0,10/28,21.09%,HCN2;HCN3;RANGRF;HCN1;NOS1AP;CALM3;DLG1;JUP;CACNA1C;TMEM161B
ARHGEF10,GO_Biological_Process_2023,prerank,Immunoglobulin Production Involved In Immunoglobulin-Mediated Immune Response (GO:0002381),0.33515825244992237,0.691836093307918,0.9060913705583756,1.0,1.0,5/17,16.11%,MAD2L2;SHLD2;HLA-DMB;HLA-DOB;HLA-DOA
ARHGEF10,GO_Biological_Process_2023,prerank,Actin Cytoskeleton Reorganization (GO:0031532),-0.2806166245511101,-0.691694342609858,0.9826224328593997,1.0,1.0,13/53,19.40%,NPHS2;MICALL2;ATP2C1;ASB2;PARVG;CASS4;PHACTR1;KIT;PIP5K1A;TNIK;BRSK2;CXADR;CDC42BPB
ARHGEF10,GO_Biological_Process_2023,prerank,Protein Methylation (GO:0006479),0.286026029445241,0.6915776190137821,0.9717948717948718,1.0,1.0,9/35,13.48%,FAM98B;NTMT2;PRMT1;VCPKMT;N6AMT1;ETFBKMT;SNRPD3;METTL22;SETD3
ARHGEF10,GO_Biological_Process_2023,prerank,Peroxisome Organization (GO:0007031),0.3035816604814963,0.6914106610348579,0.945273631840796,1.0,1.0,7/24,11.89%,PEX11G;LONP2;PEX11B;DNM1L;PEX7;PEX1;PEX16
ARHGEF10,GO_Biological_Process_2023,prerank,Regulation Of Double-Strand Break Repair Via Nonhomologous End Joining (GO:2001032),0.2963540372945199,0.6914022002216177,0.9734299516908212,1.0,1.0,10/25,20.66%,MAD2L2;SHLD2;INSL6;MRNIP;KDM4D;PRKDC;CYREN;HSF1;NUDT16L1;SHLD1
ARHGEF10,GO_Biological_Process_2023,prerank,Negative Regulation Of Mitotic Metaphase/Anaphase Transition (GO:0045841),-0.3141299121688443,-0.6913946956763934,0.944078947368421,1.0,1.0,8/28,22.59%,BUB1;HASPIN;FBXO5;ATM;ZWILCH;TRIP13;TEX14;BUB3
ARHGEF10,GO_Biological_Process_2023,prerank,Regulation Of Microtubule Polymerization Or Depolymerization (GO:0031110),-0.31986992939954834,-0.6910554939945817,0.9383116883116883,1.0,1.0,8/27,19.06%,GAS2L1;MAPT;MAPRE3;SKA2;GBA2;SKA1;SKA3;CLASP1
ARHGEF10,GO_Biological_Process_2023,prerank,Regulation Of Protein Dephosphorylation (GO:0035304),-0.2986818643977117,-0.6910202807371029,0.9553429027113237,1.0,1.0,12/39,19.64%,GBA1;DYNLL1;SMPD1;CALM2;TIPRL;PPP1R16B;CALM1;CNEP1R1;ENSA;HSP90B1;HTT;PRKCD
ARHGEF10,GO_Biological_Process_2023,prerank,Positive Regulation Of Cytoskeleton Organization (GO:0051495),0.24525465792205875,0.6909893386416435,1.0,1.0,1.0,19/78,16.70%,EDN1;VIL1;FCHSD2;DYNC1H1;PYCARD;LMOD1;NCKAP1;PROX1;PFN2;CDC42EP5;P2RX7;PRKCE;ARF6;PFDN2;SYNPO2L;TENM1;CENPJ;CDC42EP2;FES
ARHGEF10,GO_Biological_Process_2023,prerank,3'-UTR-mediated mRNA Stabilization (GO:0070935),-0.3429190903720941,-0.690987917788763,0.9175257731958762,1.0,1.0,1/18,0.51%,ELAVL4
ARHGEF10,GO_Biological_Process_2023,prerank,Nuclear Membrane Organization (GO:0071763),0.29656037388641043,0.6907143352754268,0.9546666666666667,1.0,1.0,12/26,22.43%,TMEM43;GPER1;UBXN2A;NEMP1;CHMP1B;CHMP2B;CHMP2A;CHMP1A;TOR1A;SPAST;DCTN1;CHMP3
ARHGEF10,GO_Biological_Process_2023,prerank,Positive Regulation Of G2/M Transition Of Mitotic Cell Cycle (GO:0010971),0.31773376192214114,0.6905881040095657,0.9339853300733496,1.0,1.0,10/21,22.68%,TNFSF13B;CDC7;RAD51B;RRM2B;RRM1;CDC25C;RAB11A;RCC2;CDC25B;CDC25A
ARHGEF10,GO_Biological_Process_2023,prerank,Protein Localization To Golgi Apparatus (GO:0034067),-0.3148796827979979,-0.6905003738583367,0.9262981574539364,1.0,1.0,9/28,23.27%,OPTN;OBSL1;RAB6B;RIPOR1;VPS13A;RAB33B;RAB6A;SORL1;BICD2
ARHGEF10,GO_Biological_Process_2023,prerank,Mitotic G2 DNA Damage Checkpoint Signaling (GO:0007095),0.28863728869437066,0.6899163736680602,0.9796954314720813,1.0,1.0,9/30,17.00%,TNFSF13B;FOXN3;TAOK1;BLM;BABAM1;MRNIP;TRIM39;TAOK2;BABAM2
ARHGEF10,GO_Biological_Process_2023,prerank,Cellular Response To Light Stimulus (GO:0071482),-0.2733712445241682,-0.6898515713972263,0.9892638036809815,1.0,1.0,17/63,21.46%,EP300;BAK1;SDE2;SMPD1;CASP9;N4BP1;OPN3;KDM1A;NEDD4;CUL4B;COPS9;USP28;PRKCD;DDB1;MAPK13;NPM1;CUL4A
ARHGEF10,GO_Biological_Process_2023,prerank,Negative Regulation Of Intrinsic Apoptotic Signaling Pathway By P53 Class Mediator (GO:1902254),-0.3579452539807321,-0.6897782497607851,0.9104477611940298,1.0,1.0,7/16,25.55%,CD74;MARCHF7;SIRT1;KDM1A;PRKN;TAF9;ING2
ARHGEF10,GO_Biological_Process_2023,prerank,Negative Regulation Of Protein Processing (GO:0010955),-0.35620664263348084,-0.689394304831511,0.911864406779661,1.0,1.0,4/15,17.03%,LRRK2;NLRP7;SERPINF2;PLAU
ARHGEF10,GO_Biological_Process_2023,prerank,Peptidyl-Tyrosine Dephosphorylation (GO:0035335),0.30075960613533004,0.6892792189624145,0.9815789473684211,1.0,1.0,14/28,22.48%,DUSP10;DUSP18;PTPN1;PTPRR;PTPRB;PTPN11;DUSP3;PTPRS;PTPN5;PTPRJ;PTPN2;PTPN12;PTPN13;DUSP6
ARHGEF10,GO_Biological_Process_2023,prerank,Positive Regulation Of Double-Strand Break Repair Via Homologous Recombination (GO:1905168),0.2807766808242459,0.688757324605872,0.967479674796748,1.0,1.0,18/36,23.98%,PARP1;MBTD1;EPC2;KAT5;OOEP;VPS72;MRNIP;FUS;MORF4L2;ACTL6A;EP400;PIAS4;RUVBL2;MORF4L1;TRRAP;WRAP53;MRGBP;DMAP1
ARHGEF10,GO_Biological_Process_2023,prerank,Negative Regulation Of Plasma Membrane Bounded Cell Projection Assembly (GO:0120033),0.29365304669019066,0.6884892008936271,0.9664804469273743,1.0,1.0,11/29,21.68%,CDK10;GDI2;PFN2;CEP97;TBC1D7;ODF2L;EVI5L;TCHP;TESK1;YAP1;SLIT2
ARHGEF10,GO_Biological_Process_2023,prerank,Cilium-Dependent Cell Motility (GO:0060285),0.3156527650132987,0.6884101744493962,0.9671717171717171,1.0,1.0,3/20,6.42%,TEKT5;CFAP54;RFX3
ARHGEF10,GO_Biological_Process_2023,prerank,Regulation Of Viral Genome Replication (GO:0045069),-0.2710736682981403,-0.6883960118144467,0.9939485627836612,1.0,1.0,23/67,24.49%,TMEM39A;OAS3;PLSCR1;APOBEC3G;IFI16;IFIT5;LARP1;PKN2;SRPK2;N4BP1;SHFL;SRPK1;RNASEL;MAVS;DDB1;PPIE;BANF1;TARBP2;ISG15;PPID;BST2;IFITM3;IFITM2
ARHGEF10,GO_Biological_Process_2023,prerank,Regulation Of Peptidyl-Tyrosine Phosphorylation (GO:0050730),-0.2577544454040402,-0.6875725260144748,1.0,1.0,1.0,21/90,20.21%,AGT;PTPN6;IL23R;ITGB2;CSPG4;CLEC6A;BANK1;IGF1;CD74;CD81;IL15;AMH;SRC;IL11;DGKQ;EGFR;FYN;ENPP2;EFNA5;PRKCD;PLCG2
ARHGEF10,GO_Biological_Process_2023,prerank,Import Into Cell (GO:0098657),0.28063626356438026,0.6869979180502535,0.9844155844155844,1.0,1.0,15/38,20.55%,PLPPR4;SLC22A4;SLC46A1;SLC19A1;SLC36A1;LRRC8C;SLC7A1;SLC1A6;SLC5A6;SLC47A1;SLC27A1;SLC5A3;NEURL1B;LRRC8D;SLC29A2
ARHGEF10,GO_Biological_Process_2023,prerank,Synaptic Vesicle Exocytosis (GO:0016079),0.27442602697746754,0.686640434128556,0.9916666666666667,1.0,1.0,10/41,17.61%,SNPH;UNC13C;CPLX1;CPLX2;SYT2;STX19;SYT10;PCLO;RIMS4;PRRT2
ARHGEF10,GO_Biological_Process_2023,prerank,mRNA Transport (GO:0051028),-0.2787284874268907,-0.6866383148977505,0.9850299401197605,1.0,1.0,22/57,24.58%,NOL3;THOC2;NXT2;HHEX;NXF1;SMG6;NUP85;SRSF3;UPF1;THOC3;MAGOH;NUP88;NUP214;DDX19B;THOC1;NCBP2;DDX25;RBM8A;FMR1;ZFP36;SMG1;UPF2
ARHGEF10,GO_Biological_Process_2023,prerank,Homophilic Cell Adhesion Via Plasma Membrane Adhesion Molecules (GO:0007156),-0.2738687551300651,-0.6865772998909477,0.9906976744186047,1.0,1.0,23/60,23.40%,CEACAM1;ROBO3;NECTIN4;PCDHA7;ROBO4;PALLD;PTPRT;MYOT;CDH4;MPZL2;CDH1;AMIGO2;PKD1;EMB;TENM3;PVR;TRO;KIRREL3;PLXNB2;SDK2;PTPRM;IGSF21;DSG2
ARHGEF10,GO_Biological_Process_2023,prerank,Cell Cycle G2/M Phase Transition (GO:0044839),0.27414783641963586,0.6863326633792085,0.9826732673267327,1.0,1.0,19/40,23.52%,TAF2;PPME1;LATS1;AKAP8;PLCB1;DNM2;CCNA2;AURKB;ARPP19;PLK3;CDC25C;UBE2A;PKMYT1;MELK;NES;CDC25B;CDC25A;KHDRBS1;PLK1
ARHGEF10,GO_Biological_Process_2023,prerank,Regulation Of Mitotic Nuclear Division (GO:0007088),-0.27364598226241726,-0.6860988852243469,0.9949832775919732,1.0,1.0,16/56,22.02%,EGF;FBXO5;PDXP;OBSL1;IGF1;IL1A;DRD3;CUL7;FBXO43;CHEK1;L3MBTL1;AURKA;INSR;CCNB1;DUSP1;TOM1L1
ARHGEF10,GO_Biological_Process_2023,prerank,Establishment Of Spindle Orientation (GO:0051294),-0.2974173425478189,-0.6860676233127361,0.9714285714285714,1.0,1.0,15/35,28.18%,GPSM1;MOS;NSFL1C;LLGL2;GJA1;CLASP1;HTT;SPDL1;NDE1;DYNLT1;NDEL1;GPSM2;PAFAH1B1;LLGL1;UBXN2B
ARHGEF10,GO_Biological_Process_2023,prerank,Positive Regulation Of Peptidase Activity (GO:0010952),-0.3132534931017735,-0.6857269557235778,0.9431438127090301,1.0,1.0,7/25,18.74%,CTSS;VSIR;CLDN3;CTSK;CTSL;PINK1;MAPK12
ARHGEF10,GO_Biological_Process_2023,prerank,Negative Regulation Of Signal Transduction In Absence Of Ligand (GO:1901099),-0.33038660390058455,-0.6855452384246905,0.9332161687170475,1.0,1.0,7/22,21.64%,IFI6;IL1A;SNAI2;EYA1;HSPA1B;BCL2L1;EYA2
ARHGEF10,GO_Biological_Process_2023,prerank,Negative Regulation Of Extrinsic Apoptotic Signaling Pathway In Absence Of Ligand (GO:2001240),-0.33038660390058455,-0.6855452384246905,0.9332161687170475,1.0,1.0,7/22,21.64%,IFI6;IL1A;SNAI2;EYA1;HSPA1B;BCL2L1;EYA2
ARHGEF10,GO_Biological_Process_2023,prerank,High-Density Lipoprotein Particle Remodeling (GO:0034375),0.33736473936614686,0.6855401684202103,0.9303370786516854,1.0,1.0,3/15,10.71%,APOA1;LCAT;SCARB1
ARHGEF10,GO_Biological_Process_2023,prerank,Regulation Of mRNA Stability (GO:0043488),-0.2664586703437252,-0.6852738315466129,0.9984567901234568,1.0,1.0,30/73,26.90%,KHSRP;TENT5D;VIM;TBRG4;LARP1;IREB2;NOCT;PCBP4;NRDE2;METTL16;METTL14;PRKCD;FASTKD2;TAF15;TENT5B;NPM1;THRAP3;TENT5A;RC3H1;ROCK2;PRKCA;E2F1;FMR1;ZFP36;FTO;PUM1;FXR1;PAIP1;GIGYF2;YTHDF1
ARHGEF10,GO_Biological_Process_2023,prerank,Regulation Of Cell Motility (GO:2000145),-0.24575114302146286,-0.6849549894352273,1.0,1.0,1.0,34/123,25.85%,CEACAM1;CORT;FGF9;PARD6B;WAS;ROBO4;GATA3;FGF23;CCDC25;OSGIN1;PLXND1;PKN2;ARHGAP18;SPOCK3;TMSB10;LMNA;FRMD5;TNN;PLXNB1;FYN;ENPP2;ERBB4;PLXNB2;FGF2;MACF1;DOCK10;ROCK2;PRAG1;PRKX;CYRIB;SGK3;SPATA13;CFAP20;KIF14
ARHGEF10,GO_Biological_Process_2023,prerank,Maintenance Of Protein Location In Nucleus (GO:0051457),0.32772114429414134,0.6844815602766506,0.9253731343283582,1.0,1.0,7/18,16.15%,TAF8;ARL2BP;TAF3;CHCHD10;PARK7;MORC3;SUPT7L
ARHGEF10,GO_Biological_Process_2023,prerank,Negative Regulation Of Fibroblast Proliferation (GO:0048147),0.3322133612356231,0.684423384763844,0.9127358490566038,1.0,1.0,6/17,13.53%,DAB2IP;NF1;TP53;MED9;FTH1;MORC3
ARHGEF10,GO_Biological_Process_2023,prerank,Regulation Of Brown Fat Cell Differentiation (GO:0090335),0.32442826678105763,0.6842344598442561,0.941320293398533,1.0,1.0,4/17,10.38%,NAPEPLD;FNDC5;FLCN;LEP
ARHGEF10,GO_Biological_Process_2023,prerank,Calcium Ion Import Across Plasma Membrane (GO:0098703),-0.29829302570266675,-0.6836684701668938,0.9671592775041051,1.0,1.0,11/37,19.23%,TRPV6;SCN2A;SLC8A2;CACNA2D1;CACNA1A;SCN8A;TRPV1;TRPV3;CACNA1D;CACNA1H;TRPV4
ARHGEF10,GO_Biological_Process_2023,prerank,Positive Regulation Of Amide Metabolic Process (GO:0034250),0.24204156976160845,0.6830291468657494,1.0,1.0,1.0,27/85,19.90%,PIWIL2;AGO2;PRMT1;EIF3C;THBS1;EIF4G3;EIF6;SPHK2;UPF3A;ZCCHC4;EIF4A3;SIRT3;METTL5;PRKDC;RPS27L;CLU;RELA;RPS4X;PICALM;PRR16;METTL3;HNRNPD;PASK;EFNA1;FXR2;LARP4B;PYM1
ARHGEF10,GO_Biological_Process_2023,prerank,Regulation Of Sodium Ion Transmembrane Transport (GO:1902305),0.29024887522255083,0.6826039281815375,0.9857142857142858,1.0,1.0,9/27,18.06%,SCN2B;RANGRF;SCN1B;FGF12;FXYD2;DLG1;GPD1L;UTRN;FXYD6
ARHGEF10,GO_Biological_Process_2023,prerank,protein-DNA Complex Assembly (GO:0065004),0.25900984999202925,0.6823908790763078,1.0,1.0,1.0,17/59,15.85%,H3C1;H2BC13;RAD51;H2BC21;TCF4;BRD2;H2BC14;NASP;DNAJC9;H2BC9;CABIN1;GTF2H5;ASF1B;SOX9;H4C9;DAXX;HAT1
ARHGEF10,GO_Biological_Process_2023,prerank,Regulation Of Cardiac Muscle Cell Proliferation (GO:0060043),0.310943978802145,0.6818861055627549,0.9602977667493796,1.0,1.0,5/20,16.07%,TBX20;FGFR2;BMPR1A;POLR2D;TGFBR1
ARHGEF10,GO_Biological_Process_2023,prerank,Negative Regulation Of Platelet Activation (GO:0010544),-0.357806095340291,-0.6815861224329276,0.9115646258503401,1.0,1.0,6/15,19.73%,CEACAM1;C1QTNF1;F2;APOE;PRKCD;CD9
ARHGEF10,GO_Biological_Process_2023,prerank,Regulation Of DNA-templated DNA Replication (GO:0090329),-0.33866565284595307,-0.6811695177382036,0.9312839059674503,1.0,1.0,5/17,17.55%,METTL4;WRNIP1;KAT7;TIPIN;MCM6
ARHGEF10,GO_Biological_Process_2023,prerank,Protein Localization To Nucleus (GO:0034504),-0.24734173489166097,-0.6808637661552358,1.0,1.0,1.0,47/121,27.27%,POM121L2;RANBP6;SYK;HEATR3;CALR;SKP1;AKIRIN2;IPO8;MSX1;NXT2;KPNA5;HHEX;RPF2;STK3;SIX1;TOR1AIP1;LMNA;NUP85;PINX1;POM121C;TOPORS;CNEP1R1;HIKESHI;TSC2;PML;FAM53C;NUP88;NUP214;IPO4;NUP155;GCKR;STK4;TOR1B;KPNA4;PIKFYVE;NUP188;KPNA1;BCL3;IPO9;KPNB1;NUP98;RRS1;PEX2;ZBTB7A;CSE1L;POM121;RAN
ARHGEF10,GO_Biological_Process_2023,prerank,Neuron Apoptotic Process (GO:0051402),-0.332258325999235,-0.680479864498595,0.957166392092257,1.0,1.0,7/19,20.47%,SCN2A;NLRP1;CDK5;DIABLO;LIG4;TRPC5;BNIP3
ARHGEF10,GO_Biological_Process_2023,prerank,Negative Regulation Of Protein Transport (GO:0051224),0.2995956247647409,0.6802393101978521,0.9642857142857143,1.0,1.0,10/25,23.44%,NDFIP1;RHBDF1;PKDCC;PPM1F;NDFIP2;CSK;DPH3;ERP29;SNX12;SERGEF
ARHGEF10,GO_Biological_Process_2023,prerank,DNA Alkylation (GO:0006305),0.33603914436609084,0.6801583069477279,0.9411764705882353,1.0,1.0,4/15,15.41%,SPOCD1;EHMT2;GATAD2A;HELLS
ARHGEF10,GO_Biological_Process_2023,prerank,Negative Regulation Of Chemotaxis (GO:0050922),0.2841001744425709,0.6800824530951438,0.9817708333333334,1.0,1.0,15/31,21.68%,SEMA3F;THBS1;SEMA5B;ROBO2;ROBO1;SEMA6B;DUSP3;SEMA3E;SEMA4A;SEMA4F;SEMA3B;SEMA4D;PTPN2;SEMA3A;SLIT2
ARHGEF10,GO_Biological_Process_2023,prerank,G Protein-Coupled Acetylcholine Receptor Signaling Pathway (GO:0007213),0.32317681205709087,0.6799243436646256,0.9514563106796117,1.0,1.0,4/17,13.24%,CHRM4;HRH4;PLCB1;RGS10
ARHGEF10,GO_Biological_Process_2023,prerank,"Protein Localization To Chromosome, Centromeric Region (GO:0071459)",-0.3408590048263771,-0.679766824956865,0.9345955249569707,1.0,1.0,7/18,22.59%,H2BC11;RB1;HASPIN;KNL1;ZWILCH;SPDL1;BUB3
ARHGEF10,GO_Biological_Process_2023,prerank,Protein Deacetylation (GO:0006476),-0.28855744488429524,-0.6796625521993751,0.9778830963665087,1.0,1.0,13/39,24.11%,MTA2;CHD3;MIER1;RBBP7;HDAC10;SIRT1;TBL1Y;MTA3;MSL3;HDAC11;HDAC4;HDAC8;MBD2
ARHGEF10,GO_Biological_Process_2023,prerank,DNA-templated Transcription Elongation (GO:0006354),0.29175882617330046,0.6795881164468303,0.9688995215311005,1.0,1.0,14/26,23.61%,TCEA2;PCID2;ELL3;GTF2F1;CTR9;SRCAP;SUPT5H;SUPT4H1;ELOF1;CTDP1;SUPT16H;POLR1E;CDK9;SETD2
ARHGEF10,GO_Biological_Process_2023,prerank,Vesicle Fusion (GO:0006906),-0.2616538348486883,-0.679347573207785,0.99568345323741,1.0,1.0,26/79,23.82%,TOM1;RAB20;CHMP5;RAB7B;VAMP4;VAMP2;RAB7A;SYT4;VPS4A;STX7;SNCA;YIPF5;CHMP4C;STX16;VPS18;UVRAG;SYT11;SYT7;CLTRN;VAMP1;RAB34;STX10;EEA1;PIKFYVE;STX6;VPS8
ARHGEF10,GO_Biological_Process_2023,prerank,Regulation Of Release Of Cytochrome C From Mitochondria (GO:0090199),-0.2864607825159149,-0.6792675736657068,0.9819376026272578,1.0,1.0,13/41,20.47%,NOL3;BAK1;AVP;IGF1;MFF;PLSCR3;BCL2L11;PINK1;BCL2L1;MOAP1;PRKN;BAD;BNIP3
ARHGEF10,GO_Biological_Process_2023,prerank,Regulation Of Single Stranded Viral RNA Replication Via Double Stranded DNA Intermediate (GO:0045091),0.32215416869399893,0.6791841519125054,0.9437652811735942,1.0,1.0,8/17,24.24%,APOBEC3B;SETDB1;TASOR;APOBEC3D;APOBEC3F;APOBEC3C;TOP2B;INPP5K
ARHGEF10,GO_Biological_Process_2023,prerank,Protein Targeting To Peroxisome (GO:0006625),0.3288472174032439,0.6790876686559856,0.9196217494089834,1.0,1.0,10/16,23.45%,TRIM37;LONP2;PEX7;PEX1;PEX16;PEX5;PEX14;ZFAND6;PEX3;PEX10
ARHGEF10,GO_Biological_Process_2023,prerank,Ventricular Septum Morphogenesis (GO:0060412),0.2938287128989452,0.6788815937644198,0.9683377308707124,1.0,1.0,14/27,22.60%,HEYL;SLIT1;ZFPM1;ROBO2;PROX1;ROBO1;BMPR1A;SMAD7;TGFBR1;BMP4;HES1;SLIT2;ZFPM2;CITED2
ARHGEF10,GO_Biological_Process_2023,prerank,Golgi To Endosome Transport (GO:0006895),-0.3536799012857189,-0.6786885435803521,0.9166666666666666,1.0,1.0,3/15,12.02%,EPS15;MON2;VPS13A
ARHGEF10,GO_Biological_Process_2023,prerank,Positive Regulation By Host Of Viral Transcription (GO:0043923),0.3345573268621598,0.6784436824174602,0.9344660194174758,1.0,1.0,4/16,12.49%,JUN;SMARCB1;SMARCA4;TFAP4
ARHGEF10,GO_Biological_Process_2023,prerank,Negative Regulation Of Protein Secretion (GO:0050709),-0.29195267272620445,-0.6783501938558566,0.9714285714285714,1.0,1.0,13/39,26.35%,OPRM1;KCNB1;FAM3D;DRD3;APOE;MIDN;CYP51A1;HMGCR;PRKN;CD200;KCNJ11;NR1H3;SFRP1
ARHGEF10,GO_Biological_Process_2023,prerank,Negative Regulation Of Endothelial Cell Proliferation (GO:0001937),0.27558483259325167,0.6782636869397722,0.9844961240310077,1.0,1.0,10/37,19.23%,NGFR;RGCC;NF1;THBS1;GHRL;MEN1;SPARC;PPARG;SORD;KRIT1
ARHGEF10,GO_Biological_Process_2023,prerank,Positive Regulation Of Establishment Of Protein Localization To Mitochondrion (GO:1903749),0.2869582362690338,0.6780490017636497,0.9756756756756757,1.0,1.0,16/33,22.93%,TOMM7;UBE2J2;UBE2D3;USP36;RHOU;RNF2;SAE1;UBE2L3;SREBF2;NPEPPS;PIN1;FZD5;VPS11;ARIH2;HTRA2;BBC3
ARHGEF10,GO_Biological_Process_2023,prerank,Positive Regulation Of Morphogenesis Of An Epithelium (GO:1905332),0.30393191419019566,0.6778520718579135,0.9702233250620348,1.0,1.0,8/23,18.57%,WNT5B;LIF;PIK3CD;MDK;SOX9;SMO;SIX4;BMP4
ARHGEF10,GO_Biological_Process_2023,prerank,Positive Regulation By Host Of Viral Process (GO:0044794),-0.3452045756908408,-0.6778166041088846,0.9042904290429042,1.0,1.0,8/17,27.42%,ZDHHC8;VAPA;ZDHHC9;ZDHHC20;IGF2R;CFL1;PAIP1;TBC1D20
ARHGEF10,GO_Biological_Process_2023,prerank,Dendrite Morphogenesis (GO:0048813),-0.2947556365601495,-0.6776854422169747,0.9820261437908496,1.0,1.0,12/35,23.48%,NOL3;PTEN;DLG4;PHACTR1;LRP4;EPHB2;CHRNA7;PTN;CDC42;SHANK1;DOCK10;FARP1
ARHGEF10,GO_Biological_Process_2023,prerank,Negative Regulation Of Wnt Signaling Pathway (GO:0030178),-0.2417501540747801,-0.6776035200918916,1.0,1.0,1.0,48/138,26.41%,CITED1;CSNK1A1;DAB2;DDIT3;STK11;RNF43;TSKU;HECW1;AMER2;WWOX;SIAH2;DKKL1;MLLT3;STK3;TLE6;SNAI2;GSK3B;SHISA2;RBMS3;SFRP5;APOE;APCDD1;LRP4;KREMEN1;DKK2;CCDC88C;TSC2;OTUD5;IGFBP6;GRB10;WNT5A;PRKN;SOX2;DRAXIN;SFRP2;CYLD;STK4;TLE2;TMEM88B;FZD6;LRP1;FRMD8;INVS;GLI1;RACK1;TMEM170B;SFRP1;SDHAF2
ARHGEF10,GO_Biological_Process_2023,prerank,Nitric Oxide Metabolic Process (GO:0046209),-0.34195735441143454,-0.6770439302918454,0.9422750424448217,1.0,1.0,6/16,19.00%,CPS1;NOS1;NQO1;GCH1;ARG2;SLC7A6
ARHGEF10,GO_Biological_Process_2023,prerank,Renal Absorption (GO:0070293),0.3293415015161266,0.6767817125422848,0.9294403892944039,1.0,1.0,3/17,8.01%,MAGED2;SGK1;CLDN4
ARHGEF10,GO_Biological_Process_2023,prerank,Regulation Of Cell-Substrate Junction Assembly (GO:0090109),-0.3314714051599591,-0.6758612228380743,0.9534109816971714,1.0,1.0,12/21,26.88%,CORO1C;TLN1;FYN;CLASP1;EFNA5;PEAK1;GPM6B;MACF1;ROCK2;PTK2;RHOA;PTPRA
ARHGEF10,GO_Biological_Process_2023,prerank,Chondrocyte Differentiation (GO:0002062),-0.30453041503161704,-0.6758466562356825,0.9609120521172638,1.0,1.0,9/29,20.85%,BMPR2;SULF2;WNT2B;NFIB;SLC39A14;FGFR3;OXSR1;SLC26A2;MEF2C
ARHGEF10,GO_Biological_Process_2023,prerank,Leukotriene Metabolic Process (GO:0006691),0.3158740298726984,0.6758306324953824,0.9593908629441624,1.0,1.0,4/20,15.50%,ALOX12;ABCC10;MAPKAPK2;LTA4H
ARHGEF10,GO_Biological_Process_2023,prerank,Glycoprotein Catabolic Process (GO:0006516),-0.3488886556517525,-0.6749338298767441,0.9312839059674503,1.0,1.0,9/16,28.11%,NCCRP1;CTSL;STT3B;FBXO27;NGLY1;FBXO6;EDEM1;FBXO17;FBXO44
ARHGEF10,GO_Biological_Process_2023,prerank,Respiratory System Development (GO:0060541),-0.2991573566920196,-0.6745292954386257,0.9581239530988275,1.0,1.0,10/32,22.43%,FGF9;DNAAF1;CEBPA;SMCHD1;SPEF2;BAG6;ZIC3;LOXL3;CHD7;CCDC40
ARHGEF10,GO_Biological_Process_2023,prerank,Cellular Response To Vascular Endothelial Growth Factor Stimulus (GO:0035924),-0.2973490118289969,-0.674426831455372,0.9652317880794702,1.0,1.0,13/33,24.69%,SPHK1;SPRY2;NOTCH1;SEMA6A;PRKD2;PIK3CA;GAB1;VEGFC;FLT4;FLT1;MAPK14;ERN1;ITGB1BP1
ARHGEF10,GO_Biological_Process_2023,prerank,Long-Term Memory (GO:0007616),0.3108502110561701,0.6742874368996095,0.9623529411764706,1.0,1.0,7/20,17.47%,NPAS4;CALB1;SGK1;KAT2A;LRRC66;CAMK4;CAMK2N1
ARHGEF10,GO_Biological_Process_2023,prerank,Positive Regulation Of Homotypic Cell-Cell Adhesion (GO:0034112),0.33193733332060604,0.6742362633429692,0.931924882629108,1.0,1.0,3/16,17.00%,MFSD2B;PLAUR;TNFSF11
ARHGEF10,GO_Biological_Process_2023,prerank,Positive Regulation Of Osteoblast Differentiation (GO:0045669),-0.2800873267599491,-0.6738708313666528,0.9855305466237942,1.0,1.0,15/44,25.05%,WNT4;BMPR2;FBXO5;IGF1;ACVR2A;DDR2;SOX11;PPP3CA;ZHX3;MEF2C;IL6ST;TENT5A;RUNX2;FBN2;IL6R
ARHGEF10,GO_Biological_Process_2023,prerank,Adrenergic Receptor Signaling Pathway (GO:0071875),-0.3371370307442893,-0.6736694985383698,0.9389067524115756,1.0,1.0,4/18,13.45%,ADRA1D;RAPGEF2;ADRB2;DRD3
ARHGEF10,GO_Biological_Process_2023,prerank,Positive Regulation Of Cell-Substrate Adhesion (GO:0010811),-0.2594575465949621,-0.6736091407709822,1.0,1.0,1.0,14/71,15.47%,VIT;FBLN2;ALOX15;CCL25;CALR;P4HB;RELL2;C1QBP;CX3CL1;EMP2;GSK3B;CIB1;CASS4;ILK
ARHGEF10,GO_Biological_Process_2023,prerank,Receptor Signaling Pathway Via JAK-STAT (GO:0007259),-0.29163149630664936,-0.6735578855551237,0.9716535433070866,1.0,1.0,7/36,18.72%,STAT4;STAT5A;IL15;STAT1;PIAS1;PKD1;CSF2RA
ARHGEF10,GO_Biological_Process_2023,prerank,Positive Regulation Of Nitrogen Compound Metabolic Process (GO:0051173),-0.2972187755098335,-0.6732505691252538,0.9761904761904762,1.0,1.0,6/33,12.72%,INHBA;EGF;GBA1;GATA3;NFKBIA;TMEM106A
ARHGEF10,GO_Biological_Process_2023,prerank,Nuclear Transport (GO:0051169),-0.29396693871765905,-0.6731112391196099,0.9785831960461285,1.0,1.0,15/38,27.04%,CITED1;NUP58;NUP85;NUP42;NUP88;NUP214;NPM1;RGS14;NUP155;NUP205;NUP188;RANGAP1;NUP98;NUP35;POM121
ARHGEF10,GO_Biological_Process_2023,prerank,Mitochondrial Respiratory Chain Complex Assembly (GO:0033108),0.23454082698028836,0.6726931870086487,1.0,1.0,1.0,29/90,21.35%,STMP1;NDUFA3;PET117;NDUFA2;NDUFA11;NDUFS1;COA5;COA3;NDUFA1;NDUFB1;TMEM223;COX14;TIMM21;LYRM7;SURF1;SLC25A33;NDUFAF1;LYRM2;NDUFB2;SCO2;NDUFAB1;NDUFAF6;BCS1L;NDUFB5;NDUFC1;SCO1;NDUFA6;NDUFC2;FASTKD3
ARHGEF10,GO_Biological_Process_2023,prerank,Negative Regulation Of Viral Process (GO:0048525),-0.2693921902704545,-0.6725923526779669,0.9924471299093656,1.0,1.0,22/61,24.49%,OAS3;PLSCR1;APOBEC3G;IFI16;IFIT5;HEXIM1;SRPK2;N4BP1;SHFL;SRPK1;RNASEL;STAT1;MAVS;TRIM13;LARP7;BANF1;TRIM14;ISG15;BST2;ZFP36;IFITM3;IFITM2
ARHGEF10,GO_Biological_Process_2023,prerank,Regulation Of Spindle Assembly (GO:0090169),-0.3074215927485575,-0.6723867434922933,0.9657980456026058,1.0,1.0,11/29,27.50%,EML3;CHMP5;STIL;RNF4;CHMP4C;HSPA1B;SASS6;SPAG5;CHMP7;GPSM2;SENP6
ARHGEF10,GO_Biological_Process_2023,prerank,Spliceosomal Complex Assembly (GO:0000245),-0.26641883089743185,-0.672269637184582,0.9923664122137404,1.0,1.0,18/62,22.86%,NOL3;SRSF10;CELF6;SF3B6;SRPK2;SRSF1;SNRPF;SRPK1;SNRPB2;SNRPB;SF3B2;PRPF6;SF3A2;RBM5;SCAF11;DDX1;SRSF6;SNRNP200
ARHGEF10,GO_Biological_Process_2023,prerank,mRNA Splice Site Recognition (GO:0006376),-0.3022575617415288,-0.6719686553888745,0.9694041867954911,1.0,1.0,10/29,26.38%,NOL3;SRSF10;CELF6;SRSF1;SF3A2;ISY1;SRSF6;PRPF39;PSIP1;CELF2
ARHGEF10,GO_Biological_Process_2023,prerank,Negative Regulation Of Rho Protein Signal Transduction (GO:0035024),-0.3336709123179756,-0.6716695100164727,0.9395973154362416,1.0,1.0,8/17,27.25%,DYNLL1;SCAI;KANK1;TNFAIP1;CUL3;MET;RASIP1;KCTD13
ARHGEF10,GO_Biological_Process_2023,prerank,Negative Regulation Of Cell Communication (GO:0010648),-0.3179952730377472,-0.6715402955018368,0.9459016393442623,1.0,1.0,10/22,26.51%,OPRM1;FGF23;IL11;GLRA1;IGFBP3;NLRP12;BRAP;HHIP;VHL;UBASH3B
ARHGEF10,GO_Biological_Process_2023,prerank,Regulation Of Protein Targeting To Mitochondrion (GO:1903214),-0.2844308827773374,-0.6713600022195779,0.9855769230769231,1.0,1.0,12/38,20.36%,MICALL2;SIAH3;LRRK2;HSPA1L;LEPROT;RAC2;PINK1;RNF31;PRKN;SH3GLB1;CSNK2A2;FBXW7
ARHGEF10,GO_Biological_Process_2023,prerank,Phosphatidylinositol-Mediated Signaling (GO:0048015),-0.26650224603423345,-0.6712401751590861,0.9923076923076923,1.0,1.0,18/62,20.21%,NYAP1;OGT;PTEN;GATA3;IGF1;C1QBP;PIK3C2G;HTR2B;GAB2;KCNH1;PIRT;PITPNM2;GPR143;TYRO3;PIK3CA;PLCE1;EXOC7;PLCG2
ARHGEF10,GO_Biological_Process_2023,prerank,Regulation Of Adaptive Immune Response (GO:0002819),0.3227229290472471,0.6711794268540299,0.9431818181818182,1.0,1.0,5/18,15.63%,IRF7;IL4I1;PYCARD;AHR;SKAP1
ARHGEF10,GO_Biological_Process_2023,prerank,Positive Regulation Of Signal Transduction By P53 Class Mediator (GO:1901798),-0.32259322684949565,-0.6709534320162446,0.9445350734094616,1.0,1.0,4/21,12.15%,HEXIM1;ATM;MSX1;UBB
ARHGEF10,GO_Biological_Process_2023,prerank,Phosphate Ion Transport (GO:0006817),-0.3334235760830012,-0.6709302244983579,0.9499136442141624,1.0,1.0,4/19,14.13%,SLC37A2;SLC17A8;SLC20A2;SLC17A6
ARHGEF10,GO_Biological_Process_2023,prerank,Positive Regulation Of mRNA Processing (GO:0050685),-0.3163740639164173,-0.6707738841429917,0.9641638225255973,1.0,1.0,10/24,26.21%,TRA2A;CLNS1A;TRA2B;THRAP3;RBMX;NCBP2;PRDX6;NCL;NUP98;PEX2
ARHGEF10,GO_Biological_Process_2023,prerank,Positive Regulation Of Immunoglobulin Mediated Immune Response (GO:0002891),-0.3535472519529996,-0.6706051044922654,0.9352014010507881,1.0,1.0,6/15,15.62%,XCL1;HMCES;CD226;TNFSF4;TRAPPC13;PAXIP1
ARHGEF10,GO_Biological_Process_2023,prerank,Synaptic Vesicle Cycle (GO:0099504),-0.29515034292123254,-0.670568978025951,0.9807383627608347,1.0,1.0,14/37,24.98%,WNT3A;CPLX4;SLC17A8;VAMP2;OTOF;CDK5;SNCA;SLC17A6;SYT7;SNAPIN;PLD2;AP3S1;SNAP25;RIMS1
ARHGEF10,GO_Biological_Process_2023,prerank,Cellular Response To Amino Acid Stimulus (GO:0071230),-0.29365137493809396,-0.670367038372669,0.9749163879598662,1.0,1.0,16/35,27.26%,XBP1;RRAGC;CPEB3;SESN1;NEURL1;LAMTOR5;LAMTOR1;FYN;GLRA1;CPEB4;STAMBPL1;LAMTOR4;SLC38A9;CASTOR3P;CASTOR1;UBR1
ARHGEF10,GO_Biological_Process_2023,prerank,Negative Regulation Of Carbohydrate Metabolic Process (GO:0045912),-0.2993348103901208,-0.6701994049593677,0.9778534923339012,1.0,1.0,3/30,5.46%,CRY1;C1QTNF3;EP300
ARHGEF10,GO_Biological_Process_2023,prerank,Phosphatidylinositol Dephosphorylation (GO:0046856),0.3262570995204621,0.6700712937885535,0.9376623376623376,1.0,1.0,10/16,25.05%,OCRL;SYNJ1;PIP4P1;INPP5J;PIP4P2;MTMR2;SYNJ2;MTMR1;INPP5K;INPP5B
ARHGEF10,GO_Biological_Process_2023,prerank,Regulation Of Apoptotic Signaling Pathway (GO:2001233),-0.2811116815340326,-0.6700289413190742,0.9842271293375394,1.0,1.0,19/45,25.19%,CTSS;RB1;NR4A2;CX3CL1;BDNF;BCL2L12;CTSK;CTSL;CSNK2A1;CSNK2A2;ING5;TPD52L1;CYLD;SGMS1;STYXL1;DAPK2;CRADD;QARS1;PTPMT1
ARHGEF10,GO_Biological_Process_2023,prerank,Regulation Of Establishment Of Cell Polarity (GO:2000114),-0.33374255182987034,-0.6699254926912522,0.924496644295302,1.0,1.0,9/17,28.41%,SHTN1;KANK1;RAP1B;GSN;ROCK2;CYRIB;RACK1;KIF20B;PTK2B
ARHGEF10,GO_Biological_Process_2023,prerank,Regulation Of Nervous System Process (GO:0031644),-0.33382063365759285,-0.6697753495591412,0.9316666666666666,1.0,1.0,3/18,7.31%,TYMP;SLC8A2;NPTX2
ARHGEF10,GO_Biological_Process_2023,prerank,Glutamate Receptor Signaling Pathway (GO:0007215),-0.28896864014328116,-0.6693527850348896,0.9853420195439739,1.0,1.0,7/35,11.21%,GRM1;GNAQ;GRIN3B;KCNB1;HOMER1;GRIN2B;GRIN1
ARHGEF10,GO_Biological_Process_2023,prerank,Negative Regulation Of Double-Strand Break Repair Via Homologous Recombination (GO:2000042),0.3100278145708724,0.6692969913514405,0.9656019656019657,1.0,1.0,6/21,14.94%,MAD2L2;KMT5A;KAT5;SHLD2;INSL6;RADX
ARHGEF10,GO_Biological_Process_2023,prerank,Spliceosomal snRNP Assembly (GO:0000387),0.27275200928035886,0.6691944974443083,0.9919571045576407,1.0,1.0,17/37,22.55%,PRPF3;TSSC4;SNRPG;PRPF19;SNRPD3;SNRPD1;PRPF8;USP4;GEMIN7;GEMIN2;GEMIN4;HNRNPC;CD2BP2;TGS1;PRPF31;WDR77;SNRPD2
ARHGEF10,GO_Biological_Process_2023,prerank,Cellular Response To Misfolded Protein (GO:0071218),0.31248853392529524,0.6691728208473768,0.9672544080604534,1.0,1.0,9/19,20.31%,DERL1;DNAJC18;RNF5;DNAJB14;UGGT1;AUP1;UGGT2;TOR1A;UFD1
ARHGEF10,GO_Biological_Process_2023,prerank,Negative Regulation Of Vascular Associated Smooth Muscle Cell Proliferation (GO:1904706),0.31639786317017216,0.6689855676396788,0.9511568123393316,1.0,1.0,8/17,18.57%,GPER1;PDCD4;EFEMP2;TPM1;PPARG;PRKG1;TAFA5;BMP4
ARHGEF10,GO_Biological_Process_2023,prerank,RNA Destabilization (GO:0050779),-0.32762099981397413,-0.6687212191849928,0.9419795221843004,1.0,1.0,10/19,26.90%,DXO;METTL16;METTL14;RBM27;ROCK2;FTO;PUM1;FXR1;GIGYF2;YTHDF1
ARHGEF10,GO_Biological_Process_2023,prerank,Cellular Response To Radiation (GO:0071478),0.2579543191730778,0.6686942456061944,0.9973190348525469,1.0,1.0,11/46,17.67%,TRPM1;RAD51;RAD9A;TP53;RHOB;BLM;NSMCE3;GRB2;KDM4D;INO80;HUS1
ARHGEF10,GO_Biological_Process_2023,prerank,Platelet Dense Granule Organization (GO:0060155),-0.32329031128506314,-0.6682815505331515,0.9662731871838112,1.0,1.0,2/22,2.24%,AP3B1;HPS6
ARHGEF10,GO_Biological_Process_2023,prerank,Nuclear Membrane Reassembly (GO:0031468),-0.31419030294470907,-0.6682406571694423,0.9498327759197325,1.0,1.0,5/23,16.41%,CHMP5;BROX;VPS4A;CHMP4C;NSFL1C
ARHGEF10,GO_Biological_Process_2023,prerank,Lamellipodium Organization (GO:0097581),0.2815041328751797,0.66811340455163,0.9896907216494846,1.0,1.0,10/30,19.81%,S1PR1;ITGB1;MYO9B;PHPT1;ARHGEF6;GOLPH3;ABLIM2;CTTN;RAC1;ARHGEF7
ARHGEF10,GO_Biological_Process_2023,prerank,Intracellular Glucose Homeostasis (GO:0001678),0.2645091152988339,0.6680688087085618,0.9972375690607734,1.0,1.0,18/43,22.62%,NGFR;NR1D1;GPER1;HIF1A;FOXA3;HK1;PCK2;PIK3R1;GCK;HK2;UCP2;ZBTB20;LRRC8D;IGF1R;FOXO1;FOXK2;PIK3R2;PDK3
ARHGEF10,GO_Biological_Process_2023,prerank,"RNA Splicing, Via Transesterification Reactions (GO:0000375)",-0.30915150567625926,-0.6676348792984493,0.9524564183835182,1.0,1.0,9/24,21.35%,KHSRP;SRSF10;SRSF4;SNRNP40;SRRM1;TRA2B;PRPF6;SCAF11;PRPF4
ARHGEF10,GO_Biological_Process_2023,prerank,DNA Methylation (GO:0006306),-0.3281657294101168,-0.6676266770155819,0.9285714285714286,1.0,1.0,9/20,24.95%,PPM1D;ZFP57;ZDBF2;METTL4;DNMT3A;DNMT3B;KMT2E;FOS;BAZ2A
ARHGEF10,GO_Biological_Process_2023,prerank,Positive Regulation Of Intrinsic Apoptotic Signaling Pathway (GO:2001244),-0.28818917737992583,-0.6673656045330579,0.987012987012987,1.0,1.0,12/38,23.07%,GSDME;DDIT3;MSX1;UBB;LCK;BCL2L11;FIS1;SOD1;NCK1;PLEKHF1;STYXL1;NCK2
ARHGEF10,GO_Biological_Process_2023,prerank,DNA Replication Initiation (GO:0006270),0.30744198366658315,0.6673328231353526,0.9627791563275434,1.0,1.0,11/21,24.83%,PURA;ORC4;MCM3;MCM7;ORC6;ORC2;MCM2;PRIM2;MCM5;POLA2;ORC1
ARHGEF10,GO_Biological_Process_2023,prerank,Positive Regulation Of Phosphate Metabolic Process (GO:0045937),-0.29958957857036905,-0.6673019077650951,0.9831288343558282,1.0,1.0,9/30,16.89%,EGF;BTBD10;AMH;SRC;SNCA;ILK;KCTD20;FZD7;EGFR
ARHGEF10,GO_Biological_Process_2023,prerank,Regulation Of Cellular Localization (GO:0060341),-0.25850510971385326,-0.6669196810027315,1.0,1.0,1.0,25/70,25.34%,KIAA1614;MMD2;DZIP1L;PARD6B;SLC26A4;TMEM231;VPS4A;RFPL2;UFL1;KDM1A;RSL1D1;CAMK1;FBXW7;TRIM22;GSN;PARD6A;STX10;SUMO1;TRIM5;STX6;MAPK8;CAMK2D;TRIM17;WDPCP;ATCAY
ARHGEF10,GO_Biological_Process_2023,prerank,Regulation Of Fibroblast Migration (GO:0010762),0.3094319122717378,0.6666281445679846,0.96,1.0,1.0,9/20,19.81%,ITGB1;THBS1;PRR5L;RFFL;TGFB1;PRKCE;APPL1;RAC1;ARHGEF7
ARHGEF10,GO_Biological_Process_2023,prerank,Membrane Protein Proteolysis (GO:0033619),0.27309215963351946,0.6662498337954736,0.9948979591836735,1.0,1.0,11/34,17.28%,ERAP1;PARL;BACE2;APH1A;TGFB1;CTSH;MBTPS1;MBTPS2;APH1B;SPPL2B;NCSTN
ARHGEF10,GO_Biological_Process_2023,prerank,Regulation Of Synaptic Vesicle Exocytosis (GO:2000300),0.31561864479729007,0.6658408274573473,0.9493670886075949,1.0,1.0,10/17,24.35%,SEPTIN5;NLGN1;RAB5A;RIMS4;RAP1A;RIMS3;PREPL;SLC4A8;RIMS2;SYN1
ARHGEF10,GO_Biological_Process_2023,prerank,Regulation Of Smoothened Signaling Pathway (GO:0008589),-0.27307288329172785,-0.6654633390585295,0.9969604863221885,1.0,1.0,11/51,20.29%,PTCH2;ZIC1;TULP3;TEDC2;HERC4;BTRC;EVC;IFT122;TUBD1;ULK3;RAB34
ARHGEF10,GO_Biological_Process_2023,prerank,Purine Ribonucleoside Triphosphate Metabolic Process (GO:0009205),-0.2949352789552695,-0.6652785620108184,0.9754098360655737,1.0,1.0,13/32,21.37%,ENPP3;MYH3;NT5E;ENPP1;LRRK2;CTNS;AK4;HSPA8;ATP1A2;HSPA1B;BAD;CLPX;RHOQ
ARHGEF10,GO_Biological_Process_2023,prerank,Regulation Of Myotube Differentiation (GO:0010830),-0.30972420178899446,-0.6651545880973762,0.9624183006535948,1.0,1.0,6/23,23.14%,XBP1;BDNF;PIEZO1;HDAC4;BHLHA15;MAPK14
ARHGEF10,GO_Biological_Process_2023,prerank,Peptidyl-Lysine Methylation (GO:0018022),0.2939601160370018,0.6644977824413962,0.9766839378238342,1.0,1.0,9/27,15.75%,FAM86B1;VCPKMT;KMT5A;SETD4;EHMT2;ETFBKMT;FAM86B2;SETD3;SUV39H1
ARHGEF10,GO_Biological_Process_2023,prerank,DNA Damage Checkpoint Signaling (GO:0000077),-0.2933122149240163,-0.664282507290084,0.9804241435562806,1.0,1.0,10/34,18.42%,DONSON;INTS7;UFL1;TIPRL;CHEK2;CHEK1;CLSPN;ERCC6;HINFP;USP28
ARHGEF10,GO_Biological_Process_2023,prerank,Regulation Of Telomere Maintenance Via Telomerase (GO:0032210),-0.26782969667009726,-0.6642543725226787,0.9918962722852512,1.0,1.0,18/51,23.78%,HNRNPA1;TNKS2;ATM;XRCC5;SRC;SMG6;TENT4B;HMBOX1;MAPK15;POT1;PINX1;CCT6A;PKIB;XRN1;NEK7;EXOSC10;CCT8;CCT3
ARHGEF10,GO_Biological_Process_2023,prerank,Regulation Of Cardiac Muscle Contraction By Calcium Ion Signaling (GO:0010882),-0.32188644978896314,-0.6640855340167543,0.9585406301824212,1.0,1.0,8/20,26.20%,CLIC2;CALM2;ATP1A2;CALM1;HRC;CAMK2D;RYR2;ATP2A2
ARHGEF10,GO_Biological_Process_2023,prerank,Artery Development (GO:0060840),-0.31300053512879733,-0.6639218615774007,0.9523026315789473,1.0,1.0,4/23,8.73%,SLC2A10;GJA5;BMPR2;ANGPTL3
ARHGEF10,GO_Biological_Process_2023,prerank,Endoplasmic Reticulum Calcium Ion Homeostasis (GO:0032469),-0.32143311652895273,-0.6639135139698679,0.9444444444444444,1.0,1.0,12/20,28.95%,BAK1;FIS1;PML;HERPUD1;PSEN1;TMCO1;CAMK2D;THADA;ATP2A2;SELENOK;KCTD17;BAX
ARHGEF10,GO_Biological_Process_2023,prerank,Skin Epidermis Development (GO:0098773),0.30495167000140777,0.6636126796994549,0.9610705596107056,1.0,1.0,7/21,15.00%,ALOX12;FA2H;CLDN4;IL18;TP63;UGCG;CLDN1
ARHGEF10,GO_Biological_Process_2023,prerank,Positive Regulation Of Production Of Molecular Mediator Of Immune Response (GO:0002702),0.2687720350450396,0.6635626601216195,0.9973404255319149,1.0,1.0,8/38,16.90%,HLA-E;SPHK2;NOD2;TRIM6;CD86;STX4;POLR2D;LACC1
ARHGEF10,GO_Biological_Process_2023,prerank,Establishment Or Maintenance Of Epithelial Cell Apical/Basal Polarity (GO:0045197),-0.28396585284217996,-0.6635294547574876,0.9884488448844885,1.0,1.0,13/39,22.35%,PARD6B;PARD3;PALS1;SYNE4;CRB3;DLG3;DLG4;LLGL2;OPHN1;LIN7C;CDC42;PDZD11;PARD6A
ARHGEF10,GO_Biological_Process_2023,prerank,Negative Regulation Of Ras Protein Signal Transduction (GO:0046580),0.2706350085803552,0.6634741392219262,0.9926470588235294,1.0,1.0,7/34,10.80%,DAB2IP;CCDC125;LZTR1;MFN2;FLCN;ITGA3;STAMBP
ARHGEF10,GO_Biological_Process_2023,prerank,Intracellular Steroid Hormone Receptor Signaling Pathway (GO:0030518),-0.27942779430409653,-0.6632627176143985,0.9877112135176651,1.0,1.0,14/42,24.23%,PGR;TMF1;SRC;PADI2;UBE3A;NEDD4;RNF14;PLPP1;EGLN2;ZMIZ1;RHOXF1;WBP2;TADA3;PPARGC1B
ARHGEF10,GO_Biological_Process_2023,prerank,DNA Recombination (GO:0006310),-0.2823645232281451,-0.6632051158216485,0.9886914378029079,1.0,1.0,13/42,21.27%,MSH2;RTEL1;RAG1;RMI2;HDAC10;RAD54B;XRCC5;THAP9;RBBP8;MSH3;LIG4;XRCC2;HMGB3
ARHGEF10,GO_Biological_Process_2023,prerank,Double-Strand Break Repair Via Homologous Recombination (GO:0000724),-0.24494715218557817,-0.6630857693222972,1.0,1.0,1.0,32/111,21.63%,AP5S1;RPA3;POLN;BRCA2;TONSL;NSMCE1;SMC5;RMI2;CDC45;WDR48;RAD54B;REV3L;RECQL4;RAD21L1;ZSWIM7;SLF2;AUNIP;RBBP8;POLL;MCM6;NABP1;LIG3;EPC1;FSCN1;RECQL;RECQL5;RAD51AP1;SPIDR;XRCC2;NSMCE2;PPP4C;SWSAP1
ARHGEF10,GO_Biological_Process_2023,prerank,Limb Development (GO:0060173),0.28888010468414077,0.6626921055031054,0.980722891566265,1.0,1.0,8/28,19.56%,SMOC1;RSPO2;KAT2A;GLI3;SALL1;ZNRF3;CIBAR1;PTCH1
ARHGEF10,GO_Biological_Process_2023,prerank,Regulation Of Chromatin Organization (GO:1902275),-0.3077701388228398,-0.6626031059052716,0.9670138888888888,1.0,1.0,5/26,11.49%,OGT;METTL4;RLIM;KAT8;MLLT3
ARHGEF10,GO_Biological_Process_2023,prerank,Limb Morphogenesis (GO:0035108),-0.31797766386758713,-0.6623812005321583,0.9528455284552846,1.0,1.0,4/20,14.11%,MYH3;TBX3;PCSK5;TGFB2
ARHGEF10,GO_Biological_Process_2023,prerank,Regulation Of Telomere Maintenance In Response To DNA Damage (GO:1904505),0.33850268349402945,0.6623533955225475,0.9202898550724637,1.0,1.0,8/15,18.37%,INO80B;TFPT;YY1;ACTR8;UCHL5;NFRKB;INO80;MCRS1
ARHGEF10,GO_Biological_Process_2023,prerank,Fc-epsilon Receptor Signaling Pathway (GO:0038095),0.30586601227768545,0.662234232818134,0.972568578553616,1.0,1.0,8/22,20.75%,IKBKB;PLCG1;TRAF6;MAPK9;FER;VAV2;MAPK10;MAP2K7
ARHGEF10,GO_Biological_Process_2023,prerank,Negative Regulation Of Cell Death (GO:0060548),-0.26319058041357224,-0.6622266532958462,1.0,1.0,1.0,18/64,20.97%,PAX2;CHMP5;GBA1;POU4F1;VPS4A;PEPD;CDK5;BNIP3L;SNCA;CD200R1;CHMP4C;AMIGO2;FYN;PINK1;HSPA1B;PRKN;BNIP3;SORL1
ARHGEF10,GO_Biological_Process_2023,prerank,Positive Regulation Of Filopodium Assembly (GO:0051491),0.28434966892943003,0.6622265890137625,0.9852216748768473,1.0,1.0,8/27,16.84%,NELL1;MYO3B;DPYSL3;PALM;PIK3R1;TENM1;NLGN1;FNBP1L
ARHGEF10,GO_Biological_Process_2023,prerank,Negative Regulation Of Reactive Oxygen Species Metabolic Process (GO:2000378),-0.3206651126340995,-0.6615449457034552,0.9548494983277592,1.0,1.0,4/20,19.72%,PAX2;ABCB7;PINK1;PRKN
ARHGEF10,GO_Biological_Process_2023,prerank,Positive Regulation Of Lymphocyte Differentiation (GO:0045621),-0.2832430333740208,-0.661453593114063,0.983739837398374,1.0,1.0,14/39,24.82%,GATA3;XBP1;SYK;SMARCE1;BTK;PBRM1;SMARCD3;IL7;ZMIZ1;RHOH;GAS6;SMARCA2;ZBTB1;ACTL6B
ARHGEF10,GO_Biological_Process_2023,prerank,Negative Regulation Of Stress Fiber Assembly (GO:0051497),-0.30741807488168427,-0.6612288868659021,0.9709208400646203,1.0,1.0,9/24,27.10%,WAS;DYNLL1;PHLDB2;TMEFF2;CLASP1;MET;CGNL1;PAK2;ARHGAP28
ARHGEF10,GO_Biological_Process_2023,prerank,tRNA Methylation (GO:0030488),-0.28844451867688903,-0.6607861574646448,0.9841017488076311,1.0,1.0,13/36,23.45%,METTL6;TRMT44;TRMT5;TRMT1;TRMT10C;LCMT2;TARBP1;TRMT10A;TRMT61A;TRMO;DALRD3;METTL2B;NSUN2
ARHGEF10,GO_Biological_Process_2023,prerank,Vesicle Budding From Membrane (GO:0006900),-0.2906935627377561,-0.6604128523829723,0.9777070063694268,1.0,1.0,6/31,15.51%,AP2M1;CHMP5;VPS4A;VAPA;TRAPPC13;CHMP4C
ARHGEF10,GO_Biological_Process_2023,prerank,Vesicle-Mediated Transport Between Endosomal Compartments (GO:0098927),0.29160425735623563,0.6603787764626928,0.9708029197080292,1.0,1.0,8/24,17.67%,HOOK2;PXK;RILP;STX8;ANKRD27;FHIP1B;RAB5A;ATG14
ARHGEF10,GO_Biological_Process_2023,prerank,Regulation Of Intrinsic Apoptotic Signaling Pathway In Response To DNA Damage (GO:1902229),-0.3397509659232535,-0.6603445943180517,0.9293103448275862,1.0,1.0,6/15,21.14%,SNAI2;CXCL12;CDKN2D;DDIAS;BCL2L1;SFRP2
ARHGEF10,GO_Biological_Process_2023,prerank,Transcription Elongation By RNA Polymerase II (GO:0006368),-0.2973558509270391,-0.6596444998141062,0.9734660033167496,1.0,1.0,9/28,21.00%,ELP2;ELP4;GTF2F2;POLR2I;RTF1;CDC73;PBRM1;USP15;EAF2
ARHGEF10,GO_Biological_Process_2023,prerank,Regulation Of Actin Filament-Based Process (GO:0032970),-0.2599941680005123,-0.6590611028323622,1.0,1.0,1.0,23/69,23.44%,EPHA5;HCK;GRHL3;DAAM2;DYNLL1;BAIAP2;CORO1A;ARHGEF19;RALA;ARHGAP18;RHOG;RAC3;FSCN1;EFNA5;PRKCD;SLC4A2;BAIAP2L1;RHOQ;CDC42;GPM6B;CNN2;ROCK2;BST2
ARHGEF10,GO_Biological_Process_2023,prerank,Nucleocytoplasmic Transport (GO:0006913),-0.2717514757621852,-0.6590378353909155,0.9934426229508196,1.0,1.0,19/49,27.04%,CITED1;HNRNPA1;NUP58;NUP85;RITA1;CDKN1B;NUP42;NUP88;NUP214;NPM1;LSG1;RGS14;NUP155;NUP205;NUP188;RANGAP1;NUP98;NUP35;POM121
ARHGEF10,GO_Biological_Process_2023,prerank,Epidermal Growth Factor Receptor Signaling Pathway (GO:0007173),-0.27451243153295657,-0.658403196957092,0.9951377633711507,1.0,1.0,12/45,19.10%,AREG;FAM83A;EGF;PDPK1;REPS2;SRC;SHC3;EGFR;PIK3CA;GAB1;SHC1;PLCE1
ARHGEF10,GO_Biological_Process_2023,prerank,Purine-Containing Compound Biosynthetic Process (GO:0072522),-0.3293375731257183,-0.6582493906841285,0.9581939799331104,1.0,1.0,8/17,26.66%,SLC4A7;PRPSAP2;MTHFD1;PRPS1;PRPSAP1;GMPS;PNP;GART
ARHGEF10,GO_Biological_Process_2023,prerank,Regulation Of Adenylate Cyclase Activity (GO:0045761),0.3187540133900277,0.658242145223852,0.9508196721311475,1.0,1.0,4/17,8.67%,GRM2;NF1;GNAI3;PALM
ARHGEF10,GO_Biological_Process_2023,prerank,Receptor Signaling Pathway Via STAT (GO:0097696),-0.2916759546987777,-0.6581947017037758,0.970873786407767,1.0,1.0,6/31,18.72%,STAT4;STAT5A;STAT1;PIAS1;PKD1;CSF2RA
ARHGEF10,GO_Biological_Process_2023,prerank,Nuclear Migration (GO:0007097),-0.339563892295167,-0.6581320250392683,0.9425675675675675,1.0,1.0,6/15,22.58%,CLMN;LMNA;SYNE2;HOOK3;DOCK7;SUN2
ARHGEF10,GO_Biological_Process_2023,prerank,Positive Regulation Of Cyclin-Dependent Protein Kinase Activity (GO:1904031),0.3176098191256633,0.6578924258933396,0.9648711943793911,1.0,1.0,6/18,15.09%,CCND3;TTBK1;RGCC;AKT1;PROX1;HSP90AB1
ARHGEF10,GO_Biological_Process_2023,prerank,Amide Biosynthetic Process (GO:0043604),-0.27648008504351584,-0.6577554475733007,0.9920886075949367,1.0,1.0,15/50,18.49%,PM20D1;GBA1;CPS1;SMPD1;PNPLA1;PCSK5;SPTSSA;VAPA;OSBP;FURIN;CERS2;GLS;ALOX12B;ASS1;SMPD4
ARHGEF10,GO_Biological_Process_2023,prerank,Negative Regulation Of mRNA Catabolic Process (GO:1902373),-0.2807327071611928,-0.6574758382520235,0.9855305466237942,1.0,1.0,13/40,23.50%,TENT5D;PKP1;LARP1;IREB2;NOCT;PKP3;NRDE2;TAF15;TENT5B;THRAP3;TENT5A;E2F1;FMR1
ARHGEF10,GO_Biological_Process_2023,prerank,Polyol Metabolic Process (GO:0019751),0.3140530110275846,0.6569887257783472,0.9540816326530612,1.0,1.0,8/17,20.63%,OCRL;SYNJ1;IMPA2;INPP5J;IPPK;SLC5A3;IPMK;MINPP1
ARHGEF10,GO_Biological_Process_2023,prerank,Regulation Of Cell Death (GO:0010941),-0.2671215436920298,-0.656798898132483,0.9984276729559748,1.0,1.0,13/59,21.05%,CHMP5;HBA1;SNCB;HBZ;LRRK2;VPS4A;BNIP3L;ACER3;SNCA;CHMP4C;HSPA1B;CHRNA7;SNCG
ARHGEF10,GO_Biological_Process_2023,prerank,Positive Regulation Of Dendritic Spine Development (GO:0060999),0.30397183528549865,0.6567505984976464,0.9680589680589681,1.0,1.0,7/20,16.56%,GPRASP3;DLG5;FOXO6;RELN;NLGN1;CAPRIN1;DHX36
ARHGEF10,GO_Biological_Process_2023,prerank,"Regulation Of Nuclear-Transcribed mRNA Catabolic Process, Deadenylation-Dependent Decay (GO:1900151)",0.28771271223843653,0.6566912220514851,0.9790575916230366,1.0,1.0,12/23,23.00%,CSDE1;NANOS1;CNOT7;DHX36;TOB1;HNRNPD;SYNCRIP;CNOT1;YBX1;ZFP36L2;PABPC1;HNRNPU
ARHGEF10,GO_Biological_Process_2023,prerank,Modulation By Host Of Viral Genome Replication (GO:0044827),0.3023502801175599,0.6566426693879353,0.9694656488549618,1.0,1.0,8/21,21.33%,DDX56;PPIB;ZFYVE1;FBXL2;SMC6;CCNK;EIF2AK4;ZBED1
ARHGEF10,GO_Biological_Process_2023,prerank,Nucleosome Organization (GO:0034728),-0.25291461606734306,-0.6565189422155707,1.0,1.0,1.0,23/75,24.46%,NAP1L2;H2BC11;H2BC3;SMARCA5;CHD2;SMARCE1;CHAF1B;H2BC17;HMGB2;UBN1;SMARCD3;H2BC8;NPM1;KAT6B;MACROH2A1;RSF1;NAA60;HIRA;NAP1L1;CHRAC1;H2AX;SET;GRWD1
ARHGEF10,GO_Biological_Process_2023,prerank,Early Endosome To Late Endosome Transport (GO:0045022),0.29395382783116264,0.6564197985740527,0.9828431372549019,1.0,1.0,8/23,17.67%,HOOK2;PXK;RILP;STX8;ANKRD27;FHIP1B;RAB5A;ATG14
ARHGEF10,GO_Biological_Process_2023,prerank,Protein Exit From Endoplasmic Reticulum (GO:0032527),-0.3100541402152469,-0.6562590484812119,0.9743178170144462,1.0,1.0,14/24,25.65%,SELENOS;HSP90B1;SYVN1;PREB;OS9;SEC16A;SURF4;SEL1L;DERL2;HERPUD1;FAF2;ERLEC1;TECPR2;SEC61B
ARHGEF10,GO_Biological_Process_2023,prerank,Protein K11-linked Ubiquitination (GO:0070979),0.28204770397804774,0.6561943064635368,0.9893048128342246,1.0,1.0,9/29,17.83%,UBE2L5;ANAPC5;UBE2B;UBE2D3;UBE2E2;ANAPC2;UBE2L3;CDC23;UBE2A
ARHGEF10,GO_Biological_Process_2023,prerank,"DNA Damage Response, Signal Transduction By P53 Class Mediator Resulting In Cell Cycle Arrest (GO:0006977)",0.3204590530138172,0.6560434426961157,0.9457364341085271,1.0,1.0,8/17,23.32%,PIDD1;TP53;MUC1;PLK3;MDM2;PLK2;RPL26;GTSE1
ARHGEF10,GO_Biological_Process_2023,prerank,Digestive Tract Development (GO:0048565),-0.28761757821108935,-0.655563547876069,0.9816666666666667,1.0,1.0,14/39,25.90%,CCDC103;DNAAF1;PCSK5;RARB;TGFB2;KIT;PKD1;ZIC3;CCDC40;BBS7;MIXL1;CCDC39;GLI1;RARRES2
ARHGEF10,GO_Biological_Process_2023,prerank,Negative Regulation Of Protein Dephosphorylation (GO:0035308),-0.3226220092425056,-0.6554360087475243,0.9505962521294719,1.0,1.0,8/19,22.34%,PPP4R4;GSK3B;PPP1R1B;TIPRL;PPP1R16B;ENSA;STYXL1;PPP1R15A
ARHGEF10,GO_Biological_Process_2023,prerank,Positive Regulation Of Organelle Assembly (GO:1902117),-0.26458151047912754,-0.6549315094082039,0.9984423676012462,1.0,1.0,25/61,26.82%,LCP1;STIL;CNOT6L;SNX4;SNX7;ATG2A;GSK3B;MARK4;G3BP1;IFT88;FSCN1;HTT;MOAP1;SH3GLB1;CNOT2;PLK4;SASS6;CNOT6;SPAG5;LRSAM1;SDC1;CROCC;SDC4;GPSM2;RAB3GAP2
ARHGEF10,GO_Biological_Process_2023,prerank,Positive Regulation Of Type I Interferon Production (GO:0032481),-0.25735294287134053,-0.6548628784276891,1.0,1.0,1.0,19/64,24.21%,TRIM15;OAS3;TLR3;DHX58;TRIM56;XIAP;RNF135;STAT1;G3BP1;POLR3A;MAVS;FLOT1;ISG15;TANK;NMB;TICAM2;RAB2B;POLR3C;IRF1
ARHGEF10,GO_Biological_Process_2023,prerank,Negative Regulation Of Protein Depolymerization (GO:1901880),0.2933929344748118,0.6548172673548371,0.9895833333333334,1.0,1.0,7/23,12.57%,MID1IP1;TAOK1;APC2;CLASP2;BMERB1;TTBK2;LIMA1
ARHGEF10,GO_Biological_Process_2023,prerank,Ventricular Septum Development (GO:0003281),-0.2825171436761764,-0.6547913328449448,0.9812206572769953,1.0,1.0,8/37,15.12%,GJA5;BMPR2;GATA3;HEY2;NOTCH1;SOX11;TGFB2;HEY1
ARHGEF10,GO_Biological_Process_2023,prerank,Purine Ribonucleotide Biosynthetic Process (GO:0009152),-0.2666939411313179,-0.6544971238591111,0.996996996996997,1.0,1.0,7/55,10.67%,ADCY7;PANK4;AMPD1;IMPDH1;ATP5F1A;ALDOA;GUCY2F
ARHGEF10,GO_Biological_Process_2023,prerank,Cellular Response To Catecholamine Stimulus (GO:0071870),0.3054750120929363,0.654468517049447,0.9670050761421319,1.0,1.0,3/19,11.27%,ADCY6;ATP2B4;PDE4B
ARHGEF10,GO_Biological_Process_2023,prerank,Response To Cadmium Ion (GO:0046686),-0.3156223173085356,-0.6542194029944398,0.9558823529411765,1.0,1.0,1/21,0.56%,HAAO
ARHGEF10,GO_Biological_Process_2023,prerank,Regulation Of Signal Transduction By P53 Class Mediator (GO:1901796),-0.2711878917565689,-0.6538535660891355,0.9967266775777414,1.0,1.0,13/47,20.33%,EP300;STK11;HEXIM1;ATM;RPF2;CHEK2;CHEK1;SETD9;PAK1IP1;AURKA;SMYD2;KAT6A;BOP1
ARHGEF10,GO_Biological_Process_2023,prerank,Chordate Embryonic Development (GO:0043009),-0.26127681197005204,-0.6537601888436754,0.9984177215189873,1.0,1.0,18/59,23.31%,GATA3;STIL;ALDH1A2;SULF2;PCSK5;TGFB3;GRHL2;PKD1;ZNF568;HINFP;LIG4;DEAF1;WNT5A;FOXD3;CHD7;FGFR1;SOX8;INTU
ARHGEF10,GO_Biological_Process_2023,prerank,Negative Regulation Of G Protein-Coupled Receptor Signaling Pathway (GO:0045744),0.3018194300699389,0.6535862431464072,0.9660194174757282,1.0,1.0,5/21,11.01%,YWHAB;BICD1;RPGRIP1L;MRAP2;MGRN1
ARHGEF10,GO_Biological_Process_2023,prerank,Negative Regulation Of Protein Localization To Membrane (GO:1905476),-0.2995520547199417,-0.6532369280970359,0.9778481012658228,1.0,1.0,7/25,21.37%,AP2M1;DAB2;GDI1;LRPAP1;BCL2L1;NUMB;RHOQ
ARHGEF10,GO_Biological_Process_2023,prerank,Regulation Of Stress Fiber Assembly (GO:0051492),-0.2533017103358576,-0.6532114972301288,1.0,1.0,1.0,11/74,16.53%,ARHGEF10;WAS;DYNLL1;PHLDB2;NF2;EVL;PTGER4;TMEFF2;PPM1E;TGFB3;SERPINF2
ARHGEF10,GO_Biological_Process_2023,prerank,Regulation Of Neuroblast Proliferation (GO:1902692),-0.3027106690569916,-0.6528517259164516,0.964824120603015,1.0,1.0,9/24,22.86%,NCAN;LRRK2;CX3CL1;KDM1A;SMARCD3;BCAN;HAPLN3;PTN;ZNF335
ARHGEF10,GO_Biological_Process_2023,prerank,Regulation Of Translational Initiation (GO:0006446),-0.25880967782552705,-0.6527738500244483,1.0,1.0,1.0,20/64,23.50%,BZW2;EIF2B5;EIF1B;LARP1;CTIF;HABP4;IMPACT;EIF1;EIF4EBP1;CDC123;ALKBH1;PAIP2B;EIF4EBP2;NCK1;NPM1;DDX1;NCK2;NCBP2;RPS6KB1;FMR1
ARHGEF10,GO_Biological_Process_2023,prerank,"Positive Regulation Of mRNA Splicing, Via Spliceosome (GO:0048026)",-0.3233858495605865,-0.6525708682732843,0.96,1.0,1.0,8/19,25.83%,TRA2A;CLNS1A;TRA2B;THRAP3;RBMX;PRDX6;NCL;NUP98
ARHGEF10,GO_Biological_Process_2023,prerank,Secretory Granule Organization (GO:0033363),-0.30774599232644,-0.652174160769784,0.9817578772802653,1.0,1.0,3/25,5.29%,AP3B1;HPS6;SRGN
ARHGEF10,GO_Biological_Process_2023,prerank,Positive Regulation Of Mitotic Cell Cycle (GO:0045931),-0.2927844785007325,-0.6507860781454738,0.9773913043478261,1.0,1.0,12/27,26.51%,SPHK1;PKN2;EIF4EBP1;AURKA;CCNB1;TTL;KLHL18;CUL3;PRKCA;RPS6KB1;ASNS;EIF4E
ARHGEF10,GO_Biological_Process_2023,prerank,Stress-Activated Protein Kinase Signaling Cascade (GO:0031098),-0.31944094069794265,-0.6503624953107657,0.9669421487603306,1.0,1.0,7/20,23.62%,NLRP1;MAP3K5;PDCD10;KAT7;MAPK13;MAPK14;MAPK8
ARHGEF10,GO_Biological_Process_2023,prerank,Osteoclast Differentiation (GO:0030316),0.2819789410184292,0.6502430933531201,0.9925187032418953,1.0,1.0,6/25,17.00%,IGSF23;CSF1;FOXP1;OSCAR;EFNA2;TNFSF11
ARHGEF10,GO_Biological_Process_2023,prerank,Positive Regulation Of Lipid Catabolic Process (GO:0050996),0.2979243581657993,0.6498548772407983,0.9851485148514851,1.0,1.0,7/20,23.64%,ABCD1;PLIN5;IRS1;DAGLB;IRS2;PPARA;FLNB
ARHGEF10,GO_Biological_Process_2023,prerank,Vesicle Coating (GO:0006901),0.28013558646164693,0.6498083770154958,0.9904306220095693,1.0,1.0,13/28,22.97%,TRAPPC9;TRAPPC2B;AP3S2;PPP6C;TRAPPC10;TRAPPC2L;AP3M2;TRAPPC4;TRAPPC6B;PDCD6;TRAPPC12;TRAPPC1;TRAPPC5
ARHGEF10,GO_Biological_Process_2023,prerank,Mitotic Cytokinetic Process (GO:1902410),0.30095856143585037,0.6495198276896522,0.9847715736040609,1.0,1.0,6/18,17.27%,KIF20A;KLHDC8B;CHMP1B;CHMP2B;CHMP2A;CHMP1A
ARHGEF10,GO_Biological_Process_2023,prerank,Regulation Of Catabolic Process (GO:0009894),-0.30914929748569664,-0.6491756778150971,0.964968152866242,1.0,1.0,13/22,29.46%,UBE3A;FURIN;CHEK2;FAM83D;SCARB2;ZDHHC2;WDR91;SNF8;NUB1;RARRES2;PTK2B;SIRT6;CENATAC
ARHGEF10,GO_Biological_Process_2023,prerank,Regulation Of Long-Term Synaptic Potentiation (GO:1900271),-0.28875014578820296,-0.6489389656117702,0.9864636209813875,1.0,1.0,11/31,22.72%,NOL3;CYP46A1;EPHA4;SQSTM1;GSK3B;APOE;EPHB2;ZDHHC2;CHRNA7;PTN;AGER
ARHGEF10,GO_Biological_Process_2023,prerank,Positive Regulation Of Positive Chemotaxis (GO:0050927),0.323010843127498,0.648906604096114,0.9423076923076923,1.0,1.0,6/16,19.07%,IL16;MEN1;VEGFB;NTF3;PGF;KDR
ARHGEF10,GO_Biological_Process_2023,prerank,Positive Regulation Of Chemotaxis (GO:0050921),-0.2696992259492712,-0.6485847721509498,0.9920255183413078,1.0,1.0,19/44,28.36%,CNTN1;XCL1;P2RX4;PRKD2;ZNF580;NTRK3;AIF1;FGF2;F7;PTN;SEMA5A;MET;IL6R;PDGFB;RARRES2;CCL26;STX3;F2RL1;CDH13
ARHGEF10,GO_Biological_Process_2023,prerank,Regulation Of Cytoplasmic Translation (GO:2000765),0.2868287033846023,0.6482768427365011,0.9897959183673469,1.0,1.0,12/24,23.00%,PARP16;CSDE1;UNK;RBM24;YBX3;ZNF385A;DHX36;HNRNPD;SYNCRIP;YBX1;PABPC1;HNRNPU
ARHGEF10,GO_Biological_Process_2023,prerank,Calcium-Mediated Signaling Using Intracellular Calcium Source (GO:0035584),0.30037926862468217,0.6481490643709875,0.9682151589242054,1.0,1.0,7/20,20.99%,CLU;BCAP31;FKBP1B;GRM5;KDR;PTPRJ;STIMATE
ARHGEF10,GO_Biological_Process_2023,prerank,Signal Release From Synapse (GO:0099643),-0.28100500721014593,-0.6479902026138675,0.9937007874015747,1.0,1.0,15/38,24.98%,CPLX4;VAMP2;SYN3;OTOF;STXBP3;CDK5;SNCA;STXBP2;GRM4;LIN7C;SNAPIN;PDZD11;SYT1;SNAP25;RIMS1
ARHGEF10,GO_Biological_Process_2023,prerank,Regulation Of Microtubule Depolymerization (GO:0031114),0.2875294229613678,0.6478523439593278,0.9809782608695652,1.0,1.0,6/24,12.19%,MID1IP1;TAOK1;APC2;CLASP2;BMERB1;TTBK2
ARHGEF10,GO_Biological_Process_2023,prerank,Positive Regulation Of Synapse Assembly (GO:0051965),-0.2849457287718128,-0.6477651828264115,0.9838449111470113,1.0,1.0,8/32,20.22%,SLITRK3;SLITRK4;SLITRK1;BDNF;CLSTN1;EPHB2;VSTM5;IL1RAP
ARHGEF10,GO_Biological_Process_2023,prerank,Insulin Secretion (GO:0030073),0.30504993612395204,0.6475078668084746,0.9713541666666666,1.0,1.0,5/19,11.65%,SNX19;PTPRN;FAM3B;PARK7;RAB11FIP5
ARHGEF10,GO_Biological_Process_2023,prerank,TOR Signaling (GO:0031929),-0.29371278237212534,-0.6475018385576592,0.9811023622047244,1.0,1.0,11/29,23.39%,RHEBL1;GATA3;LARP1;TIPRL;LAMTOR5;EIF4EBP1;LAMTOR1;PINK1;EIF4EBP2;RPS6KB1;LAMTOR4
ARHGEF10,GO_Biological_Process_2023,prerank,Negative Regulation Of DNA Biosynthetic Process (GO:2000279),-0.29067780077291355,-0.6473285729295746,0.9867109634551495,1.0,1.0,7/30,18.67%,HNRNPA1;BMPR2;SRC;TENT4B;POT1;PINX1;XRN1
ARHGEF10,GO_Biological_Process_2023,prerank,Carbohydrate Biosynthetic Process (GO:0016051),0.28476139754156704,0.6469511686694382,0.9828850855745721,1.0,1.0,7/25,17.71%,ST3GAL3;FUT1;FUT4;EXT2;B4GALT1;ST3GAL6;ST3GAL4
ARHGEF10,GO_Biological_Process_2023,prerank,Filopodium Assembly (GO:0046847),-0.3240762148650821,-0.6461787736146843,0.9627659574468085,1.0,1.0,9/17,27.72%,MRAP;SPAG6;VSTM5;RAB17;S1PR2;FGD6;FGD1;SPATA13;DNM3
ARHGEF10,GO_Biological_Process_2023,prerank,Regulation Of Substrate Adhesion-Dependent Cell Spreading (GO:1900024),0.24861752411467591,0.6459854499539499,1.0,1.0,1.0,15/51,21.29%,NELL1;APOA1;LIMS2;CSPG5;MDK;ACTN4;FLNA;MELTF;RAC1;ARHGEF7;TESK1;TRIOBP;CRK;DOCK1;RCC2
ARHGEF10,GO_Biological_Process_2023,prerank,Synaptic Vesicle Endocytosis (GO:0048488),0.2594351764769664,0.6454332875460794,0.9973958333333334,1.0,1.0,18/40,23.21%,SNAP91;GAK;ITSN2;SYNJ1;FCHO2;SYT2;DNM2;NLGN1;PICALM;STON2;NLGN4Y;NLGN4X;BLTP1;STX1A;SH3GL1;SYNJ2;ITSN1;AP2S1
ARHGEF10,GO_Biological_Process_2023,prerank,Late Endosome To Lysosome Transport (GO:1902774),-0.33139995949650336,-0.6454071134775798,0.9471947194719472,1.0,1.0,3/15,15.51%,CHMP5;VPS4A;CHMP4C
ARHGEF10,GO_Biological_Process_2023,prerank,Negative Regulation Of Protein Polymerization (GO:0032272),-0.30185538380625726,-0.645275267647332,0.9702479338842975,1.0,1.0,10/26,24.36%,KANK3;TWF1;SSH2;SNCA;KANK1;PRKCD;CLIP3;DYRK1A;STMN2;CYRIB
ARHGEF10,GO_Biological_Process_2023,prerank,Rescue Of Stalled Ribosome (GO:0072344),-0.307771959658496,-0.6452572696928558,0.9713804713804713,1.0,1.0,15/23,28.60%,PELO;MTRES1;RNF14;PTRH1;ASCC2;MTRFR;GCN1;USP10;TCF25;RNF25;RACK1;SKIC8;SKIC3;KLHDC10;HBS1L
ARHGEF10,GO_Biological_Process_2023,prerank,Regulation Of Sprouting Angiogenesis (GO:1903670),0.26877587985946155,0.6449837154939254,0.994750656167979,1.0,1.0,11/33,17.15%,KLF4;E2F2;PIK3CB;ITGA5;FUT1;THBS1;EPN2;EPN1;GARS1;GLUL;BMPER
ARHGEF10,GO_Biological_Process_2023,prerank,Negative Regulation Of Small GTPase Mediated Signal Transduction (GO:0051058),0.302031301839241,0.6449017926964764,0.9746835443037974,1.0,1.0,9/20,22.12%,DAB2IP;LZTR1;MFN2;STAMBP;SH3BP1;SPRY1;SYNGAP1;SLIT2;ARHGAP25
ARHGEF10,GO_Biological_Process_2023,prerank,Regulation Of Monocyte Chemotaxis (GO:0090025),-0.30071669951806623,-0.6440535193820535,0.9782971619365609,1.0,1.0,6/25,26.85%,NBL1;CXCL12;PLA2G7;DUSP1;LYN;ANO6
ARHGEF10,GO_Biological_Process_2023,prerank,Positive Regulation Of Dendrite Morphogenesis (GO:0050775),0.30486735901490897,0.643969191676826,0.9739952718676123,1.0,1.0,6/17,16.56%,GPRASP3;CUX1;RELN;IL1RAPL1;CAPRIN1;DHX36
ARHGEF10,GO_Biological_Process_2023,prerank,Microtubule Polymerization (GO:0046785),0.26499407311471534,0.6436219867411023,0.9973614775725593,1.0,1.0,13/34,21.31%,TUBG2;RANBP9;SLAIN2;TUBGCP2;TUBGCP5;CLASP2;MAP4;HAUS2;CENPJ;PIN1;TUBG1;NEDD1;TUBGCP6
ARHGEF10,GO_Biological_Process_2023,prerank,Neutral Amino Acid Transport (GO:0015804),-0.27876656164297087,-0.6431189760241736,0.9905511811023622,1.0,1.0,15/35,29.30%,SLC6A15;SLC6A6;SLC7A8;SLC6A9;LLGL2;SLC7A6;SLC7A11;SLC38A5;SLC38A9;SLC38A2;SLC7A5;SLC7A7;SLC38A4;SLC36A4;SLC3A2
ARHGEF10,GO_Biological_Process_2023,prerank,Positive Regulation Of Nervous System Process (GO:0031646),0.3095168530268543,0.642734770413185,0.980246913580247,1.0,1.0,3/18,9.22%,TNFRSF1B;NRDC;EGR2
ARHGEF10,GO_Biological_Process_2023,prerank,Negative Regulation Of Response To Endoplasmic Reticulum Stress (GO:1903573),-0.30129490963747296,-0.6425122952465809,0.9828767123287672,1.0,1.0,13/25,26.49%,XBP1;LRRK2;SELENOS;SYVN1;USP25;BCL2L1;PRKN;HERPUD1;AQP11;CREB3L1;NR1H3;RACK1;UBXN1
ARHGEF10,GO_Biological_Process_2023,prerank,Protein Export From Nucleus (GO:0006611),-0.2988515896488929,-0.6424189705271297,0.9769736842105263,1.0,1.0,10/26,22.06%,STRADA;CALR;CCHCR1;RANBP3L;XPO7;PKD1;NUP42;CHP1;NUP214;RANBP3
ARHGEF10,GO_Biological_Process_2023,prerank,Cellular Response To cAMP (GO:0071320),-0.2840609514491161,-0.6420591583073977,0.9795918367346939,1.0,1.0,9/30,19.94%,SLC5A5;RAPGEF2;HCN4;KCNQ1;CFTR;SLC26A3;SLC26A6;PDE2A;RAP1B
ARHGEF10,GO_Biological_Process_2023,prerank,U2-type Prespliceosome Assembly (GO:1903241),0.29071833509000894,0.6419284288064906,0.9781021897810219,1.0,1.0,11/23,22.55%,SF3B1;SNRPG;SF3B3;SNRPD3;SNRPD1;SNRPA1;SF3A1;SNIP1;SF3A3;SF3B4;SNRPD2
ARHGEF10,GO_Biological_Process_2023,prerank,Facultative Heterochromatin Formation (GO:0140718),0.3184575244567825,0.641834779747822,0.9571428571428572,1.0,1.0,6/15,22.33%,RRP8;TEX15;HELLS;SUV39H1;MBD3;HDAC1
ARHGEF10,GO_Biological_Process_2023,prerank,mRNA Stabilization (GO:0048255),-0.2629473449527097,-0.6415830444185232,0.9968203497615262,1.0,1.0,14/52,23.61%,ELAVL4;TENT5D;LARP1;IREB2;NOCT;NRDE2;TARDBP;TAF15;TENT5B;THRAP3;TENT5A;MAPK14;E2F1;ZFP36
ARHGEF10,GO_Biological_Process_2023,prerank,Regulation Of Mitotic Metaphase/Anaphase Transition (GO:0030071),-0.26261877976350145,-0.6414488625184748,1.0,1.0,1.0,15/49,23.05%,DLGAP5;RB1;CENPE;FBXO5;SMARCE1;ANAPC11;PBRM1;SMARCD3;BCL7B;CCNB1;NSMCE2;DUSP1;UBE2C;SMARCA2;CUL3
ARHGEF10,GO_Biological_Process_2023,prerank,RNA Methylation (GO:0001510),-0.25405936451306954,-0.6410336120310448,0.9984101748807631,1.0,1.0,23/62,24.17%,FBLL1;METTL4;METTL6;TRMT44;TRMT10C;SNRPF;TFB1M;SNRPB;NSUN4;LCMT2;DIMT1;CBLL1;METTL16;METTL14;HENMT1;NSUN3;TARBP1;TRMT10A;TRMT61A;TRMO;METTL2B;NSUN2;SNRPE
ARHGEF10,GO_Biological_Process_2023,prerank,Regulation Of Natural Killer Cell Activation (GO:0032814),-0.3310117157953307,-0.6409832961983187,0.9615384615384616,1.0,1.0,4/16,24.62%,PIBF1;PRDM1;TICAM2;IL23A
ARHGEF10,GO_Biological_Process_2023,prerank,Very Long-Chain Fatty Acid Metabolic Process (GO:0000038),-0.2818094055439232,-0.6406675593966988,0.9932318104906938,1.0,1.0,8/32,22.34%,ELOVL3;ELOVL2;SLC27A2;ACOX2;HACD1;ABCD3;ELOVL5;ELOVL6
ARHGEF10,GO_Biological_Process_2023,prerank,Establishment Of Protein Localization To Vacuole (GO:0072666),-0.2923393679036634,-0.6406290316225843,0.9835796387520526,1.0,1.0,12/27,23.82%,VPS13A;STAM2;VPS37A;MVB12A;UBAP1;VPS25;VPS37B;VPS37C;SNF8;VPS36;CACNG5;VPS8
ARHGEF10,GO_Biological_Process_2023,prerank,Positive Regulation Of Phosphatidylinositol 3-Kinase Activity (GO:0043552),0.28450397353842133,0.6404653693908026,0.9849246231155779,1.0,1.0,5/26,12.86%,EPHA8;FGR;NOD2;TGFB1;IRS1
ARHGEF10,GO_Biological_Process_2023,prerank,Negative Regulation Of Intracellular Steroid Hormone Receptor Signaling Pathway (GO:0033144),-0.2891096433017425,-0.6402301692322819,0.9856,1.0,1.0,8/31,21.77%,CRY1;DAB2;CALR;STRN3;SIRT1;VPS18;CNOT2;FOXH1
ARHGEF10,GO_Biological_Process_2023,prerank,Endodermal Cell Differentiation (GO:0035987),-0.2835122465466102,-0.6398832247716623,0.9884678747940692,1.0,1.0,8/31,17.69%,ITGB2;INHBA;COL11A1;ITGAV;COL6A1;RTF1;COL7A1;COL4A2
ARHGEF10,GO_Biological_Process_2023,prerank,Modified Amino Acid Transport (GO:0072337),0.2764642892450907,0.6395690183765292,0.995049504950495,1.0,1.0,9/29,18.99%,SLC66A1;SLC46A1;SLC19A1;SLC6A8;SLC7A1;SLC5A6;SLC47A1;SLC25A29;SLC7A2
ARHGEF10,GO_Biological_Process_2023,prerank,Regulation Of Cell Morphogenesis (GO:0022604),-0.28443385527064724,-0.6393475067346883,0.9833055091819699,1.0,1.0,13/31,24.41%,NOL3;CLDN3;NTNG2;SH3D19;CAPZB;MFSD2A;EFNA5;CFL1;NTNG1;ZMYM4;MACF1;ZNF135;MOV10
ARHGEF10,GO_Biological_Process_2023,prerank,Positive Regulation Of Microtubule Polymerization (GO:0031116),-0.28631150460583615,-0.639240220133127,0.9850746268656716,1.0,1.0,10/29,24.21%,MAPT;PSRC1;PDE4DIP;SLAIN1;HSPA1B;CLASP1;CKAP5;CAV3;TOGARAM1;MET
ARHGEF10,GO_Biological_Process_2023,prerank,"Alternative mRNA Splicing, Via Spliceosome (GO:0000380)",0.30805530990514507,0.6386985919247342,0.9617224880382775,1.0,1.0,4/16,19.51%,CELF4;SLU7;PUF60;RSRC1
ARHGEF10,GO_Biological_Process_2023,prerank,tRNA Processing (GO:0008033),0.24995505178792285,0.638411383335985,1.0,1.0,1.0,25/49,24.20%,FAM98B;KTI12;RPP30;FTSJ1;QTRT1;ELP5;THUMPD1;NSUN6;METTL1;ADAT1;SARS1;DTWD2;ANKRD16;POP1;TRMT9B;THG1L;KARS1;TRDMT1;PTCD1;RTCB;TSEN2;AARS2;WDR4;DTWD1;TRPT1
ARHGEF10,GO_Biological_Process_2023,prerank,acetyl-CoA Metabolic Process (GO:0006084),-0.32740398909628515,-0.6378719268400598,0.9536082474226805,1.0,1.0,4/16,19.78%,ACAT1;ACSS1;NUDT8;MVK
ARHGEF10,GO_Biological_Process_2023,prerank,Sulfur Compound Catabolic Process (GO:0044273),0.2967874062418638,0.6376574527565163,0.9713603818615751,1.0,1.0,7/20,15.30%,FMO1;SUCLG2;FITM2;GNS;NAGLU;DPEP1;MPST
ARHGEF10,GO_Biological_Process_2023,prerank,Cell Projection Organization (GO:0030030),0.2942997716515577,0.6376255939611409,0.9926108374384236,1.0,1.0,5/20,11.03%,KIF17;ITGB1;CSPG5;NEFH;NCKAP1
ARHGEF10,GO_Biological_Process_2023,prerank,Negative Regulation Of Telomere Maintenance Via Telomere Lengthening (GO:1904357),0.27780955894871834,0.637501716545983,0.9876237623762376,1.0,1.0,5/25,10.26%,PARP1;SLX4;TINF2;CTC1;TERF2
ARHGEF10,GO_Biological_Process_2023,prerank,Reticulophagy (GO:0061709),0.307776147847035,0.637431964302532,0.9752808988764045,1.0,1.0,4/16,13.73%,UFC1;TEX264;DDRGK1;ULK2
ARHGEF10,GO_Biological_Process_2023,prerank,Regulation Of Cell Adhesion Mediated By Integrin (GO:0033628),-0.28339752860205675,-0.6371563509635277,0.9916107382550335,1.0,1.0,13/33,25.28%,SYK;TESC;SNAI2;RET;TGFB2;CIB1;ADAM9;PLAU;RAC3;SFRP2;PTK2;ITGB1BP1;LYN
ARHGEF10,GO_Biological_Process_2023,prerank,Regulation Of Aerobic Respiration (GO:1903715),0.3111117056915509,0.636898201712495,0.9702970297029703,1.0,1.0,6/16,22.85%,ATP7A;ACTN3;SLC25A33;SHMT2;NOP53;COX7A2
ARHGEF10,GO_Biological_Process_2023,prerank,Regulation Of Protein Neddylation (GO:2000434),0.30579405635437307,0.6362178614317096,0.9685230024213075,1.0,1.0,6/18,15.58%,HIF1A;COPS7A;COPS5;COPS6;COPS8;RPL11
ARHGEF10,GO_Biological_Process_2023,prerank,Positive Regulation Of Proteasomal Ubiquitin-Dependent Protein Catabolic Process (GO:0032436),-0.2387697875606423,-0.6358896926341687,1.0,1.0,1.0,13/83,16.48%,ARIH1;TRIB3;RNF144B;CSNK1A1;DAB2;STUB1;LRRK2;RNF19B;FZR1;CEBPA;GSK3B;RNF14;PIAS1
ARHGEF10,GO_Biological_Process_2023,prerank,Regulation Of Microtubule Polymerization (GO:0031113),0.2554366934479918,0.6352552198517554,1.0,1.0,1.0,18/40,22.75%,ANKRD53;SLAIN2;TUBB4A;CAMSAP1;EML2;CLIP1;TBCD;RPS3;FES;CAMSAP3;DRG1;RAC1;CDK5R1;CDK5RAP2;PRUNE1;DCTN1;MAP2;MAPRE1
ARHGEF10,GO_Biological_Process_2023,prerank,Regulation Of Proteasomal Protein Catabolic Process (GO:0061136),-0.25908082182516134,-0.6351114251370131,0.995334370139969,1.0,1.0,18/53,23.50%,GABARAPL2;NUDT15;TMF1;MARCHF7;UBB;PSMC3;DNAAF4;UFL1;APOE;PKD1;OPHN1;PINK1;PRKN;FBXW7;PSME3IP1;ECSCR;USP19;FMR1
ARHGEF10,GO_Biological_Process_2023,prerank,Import Into Nucleus (GO:0051170),-0.24522529257745584,-0.6347802521526554,1.0,1.0,1.0,30/73,27.27%,POM121L2;HNRNPA1;RANBP6;SYK;HEATR3;IPO8;NXT2;KPNA5;STK3;NUP85;POM121C;HIKESHI;TSC2;FAM53C;NUP88;NUP214;IPO4;NUP155;GCKR;STK4;KPNA4;NUP188;KPNA1;BCL3;IPO9;KPNB1;NUP98;CSE1L;POM121;RAN
ARHGEF10,GO_Biological_Process_2023,prerank,Positive Regulation Of B Cell Proliferation (GO:0030890),-0.28963534839703203,-0.6347421681522721,0.989983305509182,1.0,1.0,9/29,22.97%,CD74;CD81;TNFRSF13C;CD38;IL7;EPHB2;GPR183;MEF2C;CHRNB2
ARHGEF10,GO_Biological_Process_2023,prerank,Regulation Of Sodium Ion Transmembrane Transporter Activity (GO:2000649),-0.27122012948576524,-0.6344674403967748,0.9937402190923318,1.0,1.0,18/36,26.91%,FXYD3;SCN3B;HECW1;NETO1;PCSK9;FGF13;NEDD4;OXSR1;WNK3;FGF14;NEDD4L;PTPN3;CAV3;CAMK2D;SCN4B;FXYD5;HECW2;FGF11
ARHGEF10,GO_Biological_Process_2023,prerank,Regulation Of Tissue Remodeling (GO:0034103),-0.3179220842292537,-0.6344041296497663,0.9815436241610739,1.0,1.0,7/19,24.68%,DDR2;IL15;SYT7;RUNX1;FLT4;IL23A;GPNMB
ARHGEF10,GO_Biological_Process_2023,prerank,Positive Regulation Of Leukocyte Cell-Cell Adhesion (GO:1903039),0.25232012287514133,0.6343793360196799,1.0,1.0,1.0,16/42,22.20%,FCHO1;MDK;PYCARD;HLA-DMB;HLA-DOB;RELA;SKAP1;TRAF6;HLA-DOA;HSPD1;TNFSF11;THY1;HAS2;IRAK1;CD44;CD47
ARHGEF10,GO_Biological_Process_2023,prerank,Positive Regulation Of Cyclin-Dependent Protein Serine/Threonine Kinase Activity (GO:0045737),0.3164878441814083,0.6340748776925372,0.9612756264236902,1.0,1.0,4/15,11.63%,CCND3;RGCC;AKT1;PROX1
ARHGEF10,GO_Biological_Process_2023,prerank,NADH Dehydrogenase Complex Assembly (GO:0010257),-0.2523836772507996,-0.6334983473381532,1.0,1.0,1.0,26/53,29.20%,NDUFS2;NDUFAF5;TMEM186;OXA1L;NDUFA8;NDUFB4;DMAC2;NDUFAF4;NDUFS3;ECSIT;NDUFA5;TAFAZZIN;COA1;NDUFB3;NDUFB6;NDUFB7;NDUFAF3;NDUFA10;TMEM126A;NDUFAF2;FOXRED1;NUBPL;DMAC1;NDUFB10;NDUFAF8;NDUFB11
ARHGEF10,GO_Biological_Process_2023,prerank,Mitochondrial Respiratory Chain Complex I Assembly (GO:0032981),-0.2523836772507996,-0.6334983473381532,1.0,1.0,1.0,26/53,29.20%,NDUFS2;NDUFAF5;TMEM186;OXA1L;NDUFA8;NDUFB4;DMAC2;NDUFAF4;NDUFS3;ECSIT;NDUFA5;TAFAZZIN;COA1;NDUFB3;NDUFB6;NDUFB7;NDUFAF3;NDUFA10;TMEM126A;NDUFAF2;FOXRED1;NUBPL;DMAC1;NDUFB10;NDUFAF8;NDUFB11
ARHGEF10,GO_Biological_Process_2023,prerank,Positive Regulation Of Natural Killer Cell Activation (GO:0032816),0.29720825482505864,0.6331509573304381,0.9809976247030879,1.0,1.0,5/18,18.42%,TYK2;HLA-E;IL18;TICAM1;LAMP1
ARHGEF10,GO_Biological_Process_2023,prerank,Photoperiodism (GO:0009648),0.2814234110247128,0.6331171476652818,0.995049504950495,1.0,1.0,7/23,16.67%,PER1;PER2;MTA1;TP53;RBM4;RBM4B;USP2
ARHGEF10,GO_Biological_Process_2023,prerank,L-glutamate Import (GO:0051938),-0.3301126747454029,-0.6329588791146823,0.9498327759197325,1.0,1.0,4/15,14.13%,SLC17A8;SLC1A3;SLC25A12;SLC17A6
ARHGEF10,GO_Biological_Process_2023,prerank,Vesicle Docking (GO:0048278),0.29618524451631695,0.6329525952838094,0.9871134020618557,1.0,1.0,7/19,22.03%,STX8;STX19;STX4;STX12;STX1B;STX1A;CEP83
ARHGEF10,GO_Biological_Process_2023,prerank,Response To Steroid Hormone (GO:0048545),0.2689947194712281,0.6328509602456895,0.9973958333333334,1.0,1.0,7/29,15.95%,TFPI;NKX3-1;THBS1;ATP1A3;TGFB1;UBE2L3;HSPA1A
ARHGEF10,GO_Biological_Process_2023,prerank,Glycosaminoglycan Catabolic Process (GO:0006027),0.3128566641334994,0.6323465233277099,0.9813084112149533,1.0,1.0,4/15,12.39%,SPAM1;HYAL1;TGFB1;GNS
ARHGEF10,GO_Biological_Process_2023,prerank,Diol Biosynthetic Process (GO:0034312),-0.3184391992600014,-0.6321443197584176,0.9751655629139073,1.0,1.0,5/17,13.20%,GBA1;SPHK1;SPTSSA;GCH1;ACER3
ARHGEF10,GO_Biological_Process_2023,prerank,G2/M Transition Of Mitotic Cell Cycle (GO:0000086),0.2557377287515541,0.6321044638757045,0.9974811083123426,1.0,1.0,17/38,23.52%,TAF2;PPME1;LATS1;PLCB1;DNM2;CCNA2;ARPP19;PLK3;CDC25C;UBE2A;PKMYT1;MELK;NES;CDC25B;CDC25A;KHDRBS1;PLK1
ARHGEF10,GO_Biological_Process_2023,prerank,"Retrograde Protein Transport, ER To Cytosol (GO:0030970)",-0.3180091515623705,-0.6316555996908404,0.9688013136288999,1.0,1.0,11/17,25.65%,SELENOS;HSP90B1;SYVN1;HM13;OS9;SEL1L;DERL2;HERPUD1;FAF2;ERLEC1;SEC61B
ARHGEF10,GO_Biological_Process_2023,prerank,Organelle Fusion (GO:0048284),-0.2930840549698228,-0.6312154718036785,0.9900497512437811,1.0,1.0,8/26,24.57%,USP30;MFF;VPS18;FIS1;RCC1L;MIEF1;EEA1;PLD6
ARHGEF10,GO_Biological_Process_2023,prerank,Intracellular pH Reduction (GO:0051452),-0.2752866357275719,-0.6307194061990262,0.9932773109243698,1.0,1.0,9/32,23.71%,RAB20;SLC4A7;RAB7A;RAB38;DMXL1;GPR89B;TPCN2;ATP6V0E2;ATP6V1H
ARHGEF10,GO_Biological_Process_2023,prerank,Positive Regulation Of Cell Cycle Phase Transition (GO:1901989),-0.31652385615964906,-0.6303701622739418,0.9711864406779661,1.0,1.0,10/17,26.21%,NANOGP8;CDC73;FAM83D;PLCG2;KLHL18;NPM1;EZH2;CUL3;GLI1;PEX2
ARHGEF10,GO_Biological_Process_2023,prerank,Mitotic G1 DNA Damage Checkpoint Signaling (GO:0031571),-0.291007762488208,-0.6300014608891008,0.9750415973377704,1.0,1.0,7/26,18.57%,SDE2;CDK2;WAC;CHEK2;CDKN1B;PML;CASP2
ARHGEF10,GO_Biological_Process_2023,prerank,Substantia Nigra Development (GO:0021762),-0.26551882756132517,-0.63000097673337,0.9983818770226537,1.0,1.0,14/42,23.54%,FGF9;DYNLL1;CALM2;PADI2;GNB4;CALM1;NDUFS3;G6PD;SYPL2;SEC16A;SYNGR3;CDC42;HSPA5;ATP5PF
ARHGEF10,GO_Biological_Process_2023,prerank,Regulation Of Actin Filament Bundle Assembly (GO:0032231),0.2687082065114669,0.6297247653012297,0.9951690821256038,1.0,1.0,13/26,22.10%,RDX;VIL1;ASAP3;PFN2;SYNPO2L;ROCK1;TSC1;FHOD1;RAC1;SYNPO2;LIMK1;MTSS1;ALMS1
ARHGEF10,GO_Biological_Process_2023,prerank,Positive Regulation Of Plasma Membrane Bounded Cell Projection Assembly (GO:0120034),-0.23811317277434496,-0.6295465054433451,1.0,1.0,1.0,25/87,22.16%,DOCK11;GPM6A;MYO3A;AKIRIN1;RALA;ANLN;CDC42EP1;RAC2;GSK3B;TGFB3;CYFIP1;NEURL1;CARMIL2;MARK4;PLPPR5;CDC42EP4;PIK3CA;IFT88;FSCN1;HTT;PLCE1;TENM2;RHOQ;EPS8;CDC42
ARHGEF10,GO_Biological_Process_2023,prerank,Purine Ribonucleotide Catabolic Process (GO:0009154),0.27876160281352386,0.629544661986499,0.9947780678851175,1.0,1.0,9/25,18.09%,PDE9A;NUDT3;PRTFDC1;SUCLG2;FITM2;ENTPD4;NT5C2;HPRT1;SORD
ARHGEF10,GO_Biological_Process_2023,prerank,Entrainment Of Circadian Clock By Photoperiod (GO:0043153),0.2829885796274823,0.6294699305522635,0.9950372208436724,1.0,1.0,7/22,16.67%,PER1;PER2;MTA1;TP53;RBM4;RBM4B;USP2
ARHGEF10,GO_Biological_Process_2023,prerank,Negative Regulation Of Response To Wounding (GO:1903035),0.2811498686010308,0.629326924071011,0.9954853273137697,1.0,1.0,10/24,21.83%,RTN4RL1;OCRL;SIGLEC10;MDK;SERPINE1;PTPRS;STAT3;GIT1;CRK;ALOX5
ARHGEF10,GO_Biological_Process_2023,prerank,Regulation Of Hippo Signaling (GO:0035330),-0.29457392937679094,-0.6291208234903397,0.9796264855687606,1.0,1.0,7/24,23.14%,FRMD1;SOX11;NF2;SRC;ARRDC3;TIAL1;MAPK14
ARHGEF10,GO_Biological_Process_2023,prerank,Positive Chemotaxis (GO:0050918),0.3024051356898975,0.6289611122137408,0.9674418604651163,1.0,1.0,4/17,19.21%,NELL1;MEN1;SCRIB;PTPRJ
ARHGEF10,GO_Biological_Process_2023,prerank,Positive Regulation Of Telomere Maintenance Via Telomerase (GO:0032212),-0.2764904036398021,-0.6287192890685234,0.9982698961937716,1.0,1.0,13/32,25.12%,HNRNPA1;TNKS2;ATM;XRCC5;HMBOX1;MAPK15;POT1;CCT6A;PKIB;NEK7;CCT8;CCT3;PRKCQ
ARHGEF10,GO_Biological_Process_2023,prerank,Negative Regulation Of Synaptic Transmission (GO:0050805),-0.3204374753371475,-0.6282555241973005,0.962457337883959,1.0,1.0,2/15,13.91%,DRD3;ARF1
ARHGEF10,GO_Biological_Process_2023,prerank,Cytoskeleton-Dependent Cytokinesis (GO:0061640),-0.2401857382978962,-0.6274665274716901,1.0,1.0,1.0,24/81,23.77%,SPIRE2;ANK3;EXOC8;RASA1;SPIRE1;VPS4A;SEPTIN10;SEPTIN11;CEP55;ANLN;CUL7;SEPTIN8;EXOC6;JTB;SEPTIN2;EXOC7;RACGAP1;ECT2;EFHC1;CFL1;CKAP2;EXOC6B;ROCK2;MYH10
ARHGEF10,GO_Biological_Process_2023,prerank,Positive Regulation Of TORC1 Signaling (GO:1904263),0.2749354900310709,0.6273762545825324,0.9948979591836735,1.0,1.0,13/27,23.73%,RRAGD;FLCN;GPR137;RRAGB;PIP4P1;GPR137C;RNF167;WDR24;SESN2;LARS1;CLEC16A;RRAGA;SEH1L
ARHGEF10,GO_Biological_Process_2023,prerank,Translesion Synthesis (GO:0019985),0.2802187017506663,0.6271078292967962,0.9899749373433584,1.0,1.0,8/23,21.10%,MAD2L2;TNFSF13B;POLD2;POLH;SPRTN;POLI;POLDIP2;PCNA
ARHGEF10,GO_Biological_Process_2023,prerank,Establishment Of Protein Localization To Endoplasmic Reticulum (GO:0072599),-0.31810656599624065,-0.6271029903532398,0.9529616724738676,1.0,1.0,7/16,26.82%,ZFAND2A;SEC61A1;RAB10;SPCS2;SRPRA;RYR2;RAB3GAP2
ARHGEF10,GO_Biological_Process_2023,prerank,Androgen Receptor Signaling Pathway (GO:0030521),-0.31384737828462356,-0.6265650874370992,0.9694041867954911,1.0,1.0,5/17,20.27%,TMF1;RNF14;PLPP1;ZMIZ1;RHOXF1
ARHGEF10,GO_Biological_Process_2023,prerank,Positive Regulation Of Protein Autophosphorylation (GO:0031954),-0.3004572405340176,-0.6263651217493691,0.975,1.0,1.0,11/22,29.01%,CALM2;RASSF2;CALM1;TOM1L1;PDGFD;GPNMB;PDGFB;MRE11;PDGFC;PDGFA;TNKS1BP1
ARHGEF10,GO_Biological_Process_2023,prerank,Base-Excision Repair (GO:0006284),-0.27372772832572206,-0.6261539256915598,0.9904306220095693,1.0,1.0,19/36,29.51%,RPA3;NTHL1;PRMT6;UNG;ERCC6;POLL;POLQ;PARG;LIG3;DNA2;APEX2;NEIL2;TDG;HUWE1;POLD1;RPA1;PNKP;APEX1;RPA2
ARHGEF10,GO_Biological_Process_2023,prerank,Positive Regulation Of NLRP3 Inflammasome Complex Assembly (GO:1900227),0.29888915664780336,0.6260871257653914,0.9793577981651376,1.0,1.0,5/18,20.55%,STMP1;USP50;DHX33;MYD88;DDX3X
ARHGEF10,GO_Biological_Process_2023,prerank,Regulation Of mRNA Catabolic Process (GO:0061013),-0.2609071785440236,-0.6260633002579005,1.0,1.0,1.0,19/46,25.68%,KHSRP;PNPT1;VIM;CNOT8;PKP1;ZC3H12A;PCBP4;PKP3;UPF1;MAGOH;PRKCD;RC3H1;PRKCA;RBM8A;FMR1;ZFP36;MOV10;PUM1;FXR1
ARHGEF10,GO_Biological_Process_2023,prerank,Endoplasmic Reticulum To Cytosol Transport (GO:1903513),0.30648882881534556,0.6255051236034384,0.9695431472081218,1.0,1.0,2/15,7.16%,TMEM129;DERL1
ARHGEF10,GO_Biological_Process_2023,prerank,Fatty Acid Derivative Biosynthetic Process (GO:1901570),0.2693361604875315,0.6254431026357157,0.9905882352941177,1.0,1.0,2/26,7.94%,HMGCLL1;PPT2
ARHGEF10,GO_Biological_Process_2023,prerank,Regulation Of cAMP-mediated Signaling (GO:0043949),-0.31060999981673326,-0.6245771932394152,0.9797639123102867,1.0,1.0,5/18,19.42%,PDE11A;RAPGEF2;PDE3A;PDE2A;CDC34
ARHGEF10,GO_Biological_Process_2023,prerank,Regulation Of Glucose Metabolic Process (GO:0010906),-0.2818494416213978,-0.6245303129472132,0.9951377633711507,1.0,1.0,11/28,27.15%,OGT;SIRT1;SELENOS;DGKQ;PDK2;FOXK1;PRKN;ZNF692;SDHAF3;MLYCD;PDK1
ARHGEF10,GO_Biological_Process_2023,prerank,Regulation Of Fatty Acid Oxidation (GO:0046320),0.30684584214104893,0.6243952249666284,0.966824644549763,1.0,1.0,7/16,20.59%,SIRT4;LONP2;ABCD1;SOX9;APLP2;PRKAG2;ACADVL
ARHGEF10,GO_Biological_Process_2023,prerank,Positive Regulation Of Lymphocyte Migration (GO:2000403),-0.3187650831614891,-0.6239948319105941,0.9670138888888888,1.0,1.0,7/16,27.95%,JAM2;CXCL12;AIF1;RHOA;NEDD9;APP;TMEM102
ARHGEF10,GO_Biological_Process_2023,prerank,mRNA Destabilization (GO:0061157),-0.26079797264217996,-0.6239137653966425,1.0,1.0,1.0,20/43,26.90%,KHSRP;ZC3H12D;ZC3H12A;CPEB3;RC3H2;TARDBP;UPF1;PLEKHN1;METTL16;METTL14;RC3H1;ROCK2;ZFP36;FTO;TUT7;MOV10;PUM1;FXR1;GIGYF2;YTHDF1
ARHGEF10,GO_Biological_Process_2023,prerank,Negative Regulation Of Type I Interferon Production (GO:0032480),0.2546032577319264,0.6239003663997302,1.0,1.0,1.0,17/38,23.09%,DDX56;YY1;PYCARD;RBX1;MORC3;PTPN11;ITCH;PTPRS;NPLOC4;UFD1;REL;CACTIN;ATG5;PPM1B;ATG12;TRAF3IP1;TRIM27
ARHGEF10,GO_Biological_Process_2023,prerank,Membrane Depolarization During Cardiac Muscle Cell Action Potential (GO:0086012),0.30486720351362073,0.623783284742888,0.9711538461538461,1.0,1.0,3/16,5.28%,SCN2B;HCN2;CACNA1G
ARHGEF10,GO_Biological_Process_2023,prerank,Neuron Projection Extension (GO:1990138),-0.27135517642788404,-0.6237549967638272,0.993322203672788,1.0,1.0,10/38,18.66%,FLRT3;NELL2;SPAG6;SH3GL2;CDK5;TNN;CYFIP1;IMPACT;CDKL3;NRN1L
ARHGEF10,GO_Biological_Process_2023,prerank,DNA Duplex Unwinding (GO:0032508),-0.2681339245042246,-0.623224572738602,0.9934102141680395,1.0,1.0,14/39,23.10%,RTEL1;CDC45;RECQL4;POT1;UPF1;ASCC2;MCM6;RECQL;RECQL5;SSBP1;DTD1;GINS1;DDX1;ASCC1
ARHGEF10,GO_Biological_Process_2023,prerank,Positive Regulation Of Protein Binding (GO:0032092),-0.24713144480543395,-0.6221105523987533,1.0,1.0,1.0,17/59,23.19%,WNT3A;TRIB3;RAPGEF2;CLDN5;LRRK2;STK3;BDNF;HFE;GSK3B;APOE;CAPRIN2;PKD1;PRKN;TIAM1;FLOT1;STK4;PSEN1
ARHGEF10,GO_Biological_Process_2023,prerank,Positive Regulation Of Sprouting Angiogenesis (GO:1903672),0.30670585724160115,0.6219631854957991,0.9761336515513126,1.0,1.0,3/15,7.76%,KLF4;ITGA5;FUT1
ARHGEF10,GO_Biological_Process_2023,prerank,Negative Regulation Of Transport (GO:0051051),-0.2647239971795361,-0.6213185818196973,0.9983193277310924,1.0,1.0,10/39,22.01%,EGF;PTEN;ITGAV;RAB7A;WWP2;SNCA;SYT11;PRKN;PACSIN3;MCTP1
ARHGEF10,GO_Biological_Process_2023,prerank,Nicotinamide Nucleotide Metabolic Process (GO:0046496),-0.31268645538463957,-0.6210237644358187,0.9659284497444633,1.0,1.0,7/17,22.06%,NOCT;TP53I3;ME1;IDH1;NADK2;G6PD;NAXE
ARHGEF10,GO_Biological_Process_2023,prerank,Cellular Response To Acid Chemical (GO:0071229),0.2697732736228119,0.6200287908613967,0.9975124378109452,1.0,1.0,6/27,10.29%,LAMTOR2;NSMF;RRAGD;RPTOR;GLRA2;RRAGB
ARHGEF10,GO_Biological_Process_2023,prerank,Nucleotide-Sugar Biosynthetic Process (GO:0009226),-0.3237614296842514,-0.6198130322405389,0.9614093959731543,1.0,1.0,4/15,19.68%,GNPNAT1;PMM1;NANS;MPI
ARHGEF10,GO_Biological_Process_2023,prerank,Protein K48-linked Ubiquitination (GO:0070936),-0.24367033823152104,-0.617394704136082,1.0,1.0,1.0,21/70,23.05%,UBE2E1;TRIM45;RNF152;SKP1;RNF4;UBE3A;UBE2D4;TOPORS;ZNRF1;SYVN1;KLHL3;MARCHF6;CDC34;PRKN;UBE2Q2;UBE2D1;NEDD4L;FBXO45;UBE2C;CUL1;CUL3
ARHGEF10,GO_Biological_Process_2023,prerank,Regulation Of Ventricular Cardiac Muscle Cell Membrane Repolarization (GO:0060307),-0.3102021663709858,-0.6163822139716324,0.9785123966942149,1.0,1.0,7/17,25.05%,GJA5;CACNA2D1;KCNE4;KCNQ1;SCN5A;CAV3;SCN4B
ARHGEF10,GO_Biological_Process_2023,prerank,Regulation Of Protein Localization To Cell Periphery (GO:1904375),0.2829024532139609,0.6159951598484873,0.9865951742627346,1.0,1.0,7/20,18.54%,MMP14;STX8;SPTBN1;VTI1B;ACTB;APPL1;VAMP8
ARHGEF10,GO_Biological_Process_2023,prerank,Protein Palmitoylation (GO:0018345),-0.27724437337603725,-0.6157315323592135,0.9952305246422893,1.0,1.0,17/30,28.28%,ZDHHC22;ZDHHC8;ZDHHC24;ZDHHC12;ZDHHC14;ZDHHC9;ZDHHC2;ZDHHC4;ZDHHC20;ZDHHC3;ZDHHC19;ZDHHC13;ZDHHC17;SELENOK;ZDHHC11;ZDHHC21;ZDHHC16
ARHGEF10,GO_Biological_Process_2023,prerank,Phosphatidylserine Metabolic Process (GO:0006658),-0.29575296645659094,-0.6149820678063597,0.980836236933798,1.0,1.0,6/20,18.38%,PLSCR1;MBOAT2;PTDSS2;ABHD16A;OSBPL10;PLA2G15
ARHGEF10,GO_Biological_Process_2023,prerank,Regulation Of Fat Cell Differentiation (GO:0045598),-0.23888534506947998,-0.6144191444003495,1.0,1.0,1.0,25/75,26.84%,TRIB3;ADIRF;ZBTB16;XBP1;ENPP1;LCP1;ZC3H12A;WDFY2;CEBPB;NOCT;SIRT1;CDS1;WNT5A;ASXL2;SFRP2;E2F1;ZFP36;FTO;PPARD;ID2;RARRES2;CCDC85B;SFRP1;LMO3;CARM1
ARHGEF10,GO_Biological_Process_2023,prerank,Negative Regulation Of Double-Strand Break Repair (GO:2000780),0.2540781520165413,0.6141896813825685,0.9949238578680203,1.0,1.0,12/33,21.22%,MAD2L2;KMT5A;KAT5;SHLD2;INSL6;RADX;CYREN;HSF1;NUDT16L1;SHLD1;OTUB2;CGAS
ARHGEF10,GO_Biological_Process_2023,prerank,Establishment Of Melanosome Localization (GO:0032401),0.30114263375730077,0.6133508905427555,0.9755501222493888,1.0,1.0,7/16,21.30%,MLPH;MKKS;BLOC1S6;BLOC1S3;MREG;RAB11A;RAB11B
ARHGEF10,GO_Biological_Process_2023,prerank,Oligosaccharide Biosynthetic Process (GO:0009312),-0.2925990550199372,-0.6133268603210519,0.9813559322033898,1.0,1.0,2/22,5.12%,B3GALT2;ST6GALNAC1
ARHGEF10,GO_Biological_Process_2023,prerank,Nuclear Chromosome Segregation (GO:0098813),-0.3086281710088641,-0.6129444367955729,0.9842381786339754,1.0,1.0,1/16,0.34%,KIF2B
ARHGEF10,GO_Biological_Process_2023,prerank,Protein Localization To Cilium (GO:0061512),-0.2598723705251373,-0.6127413664542509,1.0,1.0,1.0,19/40,28.74%,CC2D2B;TULP3;TCTN1;TULP2;EHD1;MAPK15;IFT122;FAM149B1;SNX10;WDR19;WDR35;INVS;RAB8A;RAB29;IFT140;BBS4;DNAAF11;ATP6V1D;ARL6
ARHGEF10,GO_Biological_Process_2023,prerank,Histone H3-K4 Methylation (GO:0051568),-0.2797253292251458,-0.6126927602354756,0.9983108108108109,1.0,1.0,8/26,19.26%,WDR5B;KMT2B;NFYB;BOD1L1;RBBP5;PAXIP1;SETD1B;HCFC2
ARHGEF10,GO_Biological_Process_2023,prerank,Prostanoid Metabolic Process (GO:0006692),0.2971267602031961,0.6119071159171764,0.9836065573770492,1.0,1.0,4/16,23.76%,PLAA;HPGD;PTGR1;PTGR2
ARHGEF10,GO_Biological_Process_2023,prerank,Cytosolic Pattern Recognition Receptor Signaling Pathway (GO:0002753),0.2754497438058112,0.6113935315041489,0.9903846153846154,1.0,1.0,10/23,21.47%,IRF7;IFIH1;TBK1;RIGI;TRAF6;ITCH;TRIM25;IPO5;CGAS;IRF3
ARHGEF10,GO_Biological_Process_2023,prerank,Regulation Of Carbohydrate Metabolic Process (GO:0006109),-0.3163733592480745,-0.6113878782899208,0.9795221843003413,1.0,1.0,5/15,19.72%,SIRT1;PDK2;SCARB2;FOXK1;PRKN
ARHGEF10,GO_Biological_Process_2023,prerank,Positive Regulation Of Histone Methylation (GO:0031062),-0.3007942684596565,-0.6113542333564239,0.9831365935919055,1.0,1.0,4/19,13.86%,OGT;SMARCA5;KAT8;SIRT1
ARHGEF10,GO_Biological_Process_2023,prerank,Protein Insertion Into Mitochondrial Membrane (GO:0051204),0.2651771623130452,0.6113373115303136,0.997229916897507,1.0,1.0,12/28,24.62%,TOMM7;TIMM13;MTCH1;MTX1;TOMM40;TIMM10B;TRMT10B;MTX2;TIMM29;COX18;TOMM70;TOMM20
ARHGEF10,GO_Biological_Process_2023,prerank,Negative Regulation Of Cytokine-Mediated Signaling Pathway (GO:0001960),-0.24396718798237366,-0.6111752384277874,1.0,1.0,1.0,19/59,26.22%,H2BC11;OAS3;ZNF675;PARP14;PADI2;XIAP;MUL1;ARG1;TRAIP;CARD8;CYLD;GAS6;ISG15;PALM3;GSTP1;NR1H3;IRAK3;PYDC1;NAIP
ARHGEF10,GO_Biological_Process_2023,prerank,Axonal Transport (GO:0098930),0.24749337230878862,0.6104868646909731,1.0,1.0,1.0,19/39,21.94%,DYNC1H1;HIF1A;KIF4A;BLOC1S2;HSBP1;HDAC6;BLOC1S6;OPA1;AP3S2;BLOC1S3;RAB21;ARL8A;BLOC1S1;FBXW11;AP3M2;SPAST;DTNBP1;DCTN1;ARL8B
ARHGEF10,GO_Biological_Process_2023,prerank,Regulation Of Cell-Cell Adhesion Mediated By Cadherin (GO:2000047),-0.30712204247994834,-0.610192356479039,0.9831365935919055,1.0,1.0,6/17,21.39%,NOTCH1;DENND6A;NOTCH4;EPCAM;SERPINF2;FLOT1
ARHGEF10,GO_Biological_Process_2023,prerank,Negative Regulation Of Developmental Growth (GO:0048640),-0.2744006972692884,-0.6098214490644738,0.9916805324459235,1.0,1.0,8/31,19.50%,PTEN;DCC;FGFR3;FGF13;RTN4;CDKL3;CDKN1B;KIAA0319
ARHGEF10,GO_Biological_Process_2023,prerank,Nitric Oxide Biosynthetic Process (GO:0006809),0.29733088797802587,0.6095180362895339,0.9856459330143541,1.0,1.0,3/15,10.16%,NOS3;CYB5R3;SPR
ARHGEF10,GO_Biological_Process_2023,prerank,Negative Regulation Of Endocytosis (GO:0045806),0.25222105622042545,0.6082614000258323,0.9974747474747475,1.0,1.0,10/33,21.09%,TLR2;EPHA3;ARF6;UNC119;PICALM;SCAMP5;RAC1;PIP4P2;MTMR2;RUBCN
ARHGEF10,GO_Biological_Process_2023,prerank,Negative Regulation Of Fat Cell Differentiation (GO:0045599),0.2567259209085886,0.605751286315157,0.9973890339425587,1.0,1.0,13/32,24.06%,BBS12;GPER1;FLCN;TGFB1;GPS2;BMAL1;FOXO1;YAP1;ZFP36L2;TRIB2;TRIO;SMAD3;ASXL1
ARHGEF10,GO_Biological_Process_2023,prerank,Chondroitin Sulfate Metabolic Process (GO:0030204),-0.30802422245871874,-0.6047654153055718,0.9879310344827587,1.0,1.0,6/16,17.52%,CSGALNACT1;CHPF2;CHST3;DSE;CHST13;CHSY3
ARHGEF10,GO_Biological_Process_2023,prerank,Regulation Of Muscle Cell Differentiation (GO:0051147),0.26536851164776604,0.6046538783199968,0.9975062344139651,1.0,1.0,10/24,23.85%,LAMB2;RBM4;FGFR2;MEGF10;LAMC1;LAMA2;LAMB1;LAMA1;CDK9;PTBP1
ARHGEF10,GO_Biological_Process_2023,prerank,Regulation Of Histone Modification (GO:0031056),-0.2975649715161034,-0.6041684789289872,0.9845626072041166,1.0,1.0,8/18,24.78%,MYOCD;SGF29;NFYB;MTHFR;KAT2B;ZZZ3;TADA3;NFYC
ARHGEF10,GO_Biological_Process_2023,prerank,Regulation Of Glycolytic Process (GO:0006110),-0.2614720426083471,-0.6039734148400404,0.9950819672131147,1.0,1.0,5/40,9.45%,PGAM1;OGT;EP300;SLC4A4;IGF1
ARHGEF10,GO_Biological_Process_2023,prerank,Protein Kinase A Signaling (GO:0010737),0.29499574756755004,0.6033059949058737,0.9862385321100917,1.0,1.0,3/16,15.23%,RDX;PRKACB;TTN
ARHGEF10,GO_Biological_Process_2023,prerank,Cell-Cell Adhesion Mediated By Cadherin (GO:0044331),-0.2820912284966135,-0.6027677012366057,0.9896907216494846,1.0,1.0,10/26,23.38%,CDH7;CDH10;CDH22;CDH12;CDH4;CDH1;CDH15;CDH9;CDHR3;MMP24
ARHGEF10,GO_Biological_Process_2023,prerank,Regulation Of Telomere Capping (GO:1904353),-0.2842595741319711,-0.6023166051230966,0.9917218543046358,1.0,1.0,8/22,25.12%,RTEL1;TNKS2;SMG6;MAPK15;PKIB;NEK7;USP7;PRKCQ
ARHGEF10,GO_Biological_Process_2023,prerank,Transcription By RNA Polymerase III (GO:0006383),0.2585745556040583,0.6022447395867894,1.0,1.0,1.0,6/28,13.71%,POLR2L;GTF3A;SNAPC1;RO60;POLR3H;ZC3H8
ARHGEF10,GO_Biological_Process_2023,prerank,Negative Regulation Of Transferase Activity (GO:0051348),0.2437615910411991,0.6019780856896126,0.9974160206718347,1.0,1.0,9/36,14.71%,MYCNOS;TINF2;TP53;MEN1;PHPT1;PARK7;SMAD7;DTX3L;PRDX3
ARHGEF10,GO_Biological_Process_2023,prerank,Positive Regulation Of Lamellipodium Assembly (GO:0010592),-0.2807602606719918,-0.6016800460824949,0.9917627677100495,1.0,1.0,9/23,23.93%,AKIRIN1;RAC2;CYFIP1;CARMIL2;PIK3CA;FSCN1;PLCE1;CDC42;ACTR2
ARHGEF10,GO_Biological_Process_2023,prerank,Positive Regulation Of Chromosome Segregation (GO:0051984),0.28299926219629623,0.6016392311163327,0.9976635514018691,1.0,1.0,6/18,16.25%,SMC2;KAT5;NCAPD2;SMC6;SMC4;NCAPD3
ARHGEF10,GO_Biological_Process_2023,prerank,Positive Regulation Of BMP Signaling Pathway (GO:0030513),-0.2791505315064788,-0.6015577808935029,0.9951690821256038,1.0,1.0,7/24,17.70%,BMPR2;ELAPOR2;NOTCH1;SOX11;ENG;RBPJ;FBXL15
ARHGEF10,GO_Biological_Process_2023,prerank,Regulation Of Insulin-Like Growth Factor Receptor Signaling Pathway (GO:0043567),0.2795315800283447,0.6014061509712443,0.9975,1.0,1.0,7/19,20.68%,BMP5;NKX3-1;PHIP;ZFAND2B;IGFBP4;IGFBP2;CDH3
ARHGEF10,GO_Biological_Process_2023,prerank,Regulation Of Mitochondrial Membrane Permeability (GO:0046902),-0.3030375662687307,-0.601366146290184,0.9847972972972973,1.0,1.0,6/18,20.47%,BAK1;MUL1;BCL2L1;BAD;SLC25A4;BNIP3
ARHGEF10,GO_Biological_Process_2023,prerank,Eye Morphogenesis (GO:0048592),-0.2962274848585284,-0.6013418606818969,0.9842381786339754,1.0,1.0,7/18,24.80%,COL5A2;COL5A1;IFT122;TENM3;SHROOM2;SKI;FBN2
ARHGEF10,GO_Biological_Process_2023,prerank,Regulation Of Vascular Endothelial Growth Factor Signaling Pathway (GO:1900746),-0.29477022449954343,-0.6012305084499079,0.9947089947089947,1.0,1.0,4/19,16.69%,JCAD;SPRY2;SEMA6A;DLL1
ARHGEF10,GO_Biological_Process_2023,prerank,Peptidyl-Threonine Dephosphorylation (GO:0035970),-0.30065964893964947,-0.6010976020122827,0.9868204283360791,1.0,1.0,7/17,24.72%,PPM1D;DUSP5;PPM1E;PGAM5;PPP5C;PPM1G;PPP1CA
ARHGEF10,GO_Biological_Process_2023,prerank,Positive Regulation Of Cholesterol Transport (GO:0032376),0.2598390924741572,0.6007834094090887,1.0,1.0,1.0,3/31,8.97%,APOA1;ABCA7;SCP2
ARHGEF10,GO_Biological_Process_2023,prerank,Establishment Of Endothelial Barrier (GO:0061028),-0.27095553670448086,-0.6006113994704639,0.9965986394557823,1.0,1.0,14/28,26.50%,ICAM1;ROBO4;RAPGEF2;CLDN3;PPP1R16B;TJP2;RAB1B;PDE2A;RAP1B;RAPGEF1;TJP3;MSN;RAP2B;MYADM
ARHGEF10,GO_Biological_Process_2023,prerank,Negative Regulation Of Peptidyl-Serine Phosphorylation (GO:0033137),-0.29581338238349447,-0.6004564981602573,0.9863481228668942,1.0,1.0,8/19,29.17%,PTEN;RASSF2;MLXIPL;NCK1;NCK2;RACK1;DMD;GADD45A
ARHGEF10,GO_Biological_Process_2023,prerank,"Positive Regulation Of Synaptic Transmission, Glutamatergic (GO:0051968)",0.2742747142350048,0.6002303075803647,0.9975429975429976,1.0,1.0,6/22,15.56%,RELN;CACNG7;GRIN2C;NRXN1;NLGN1;TSHZ3
ARHGEF10,GO_Biological_Process_2023,prerank,Mesonephric Tubule Development (GO:0072164),-0.30858925787863856,-0.600210915491712,0.9807692307692307,1.0,1.0,4/16,18.04%,SIX1;LHX1;PKD1;OXSR1
ARHGEF10,GO_Biological_Process_2023,prerank,DNA Synthesis Involved In DNA Repair (GO:0000731),-0.27581209471615126,-0.600173350814507,0.9915682967959528,1.0,1.0,7/27,18.88%,POLN;HROB;PARP10;WRNIP1;SIRT1;POLA1;USP43
ARHGEF10,GO_Biological_Process_2023,prerank,Regulation Of Protein Deacetylation (GO:0090311),0.28971270583696856,0.6001717184734863,0.9876237623762376,1.0,1.0,7/18,16.84%,SPRED2;TADA2A;KAT2A;MBIP;CCAR2;KAT14;YEATS2
ARHGEF10,GO_Biological_Process_2023,prerank,Mitochondrial Fusion (GO:0008053),0.2873863530330248,0.5997306047030949,0.9784172661870504,1.0,1.0,9/18,21.04%,STOML2;MFN2;MCL1;GDAP1;OPA1;MIEF2;MIGA2;MFN1;THG1L
ARHGEF10,GO_Biological_Process_2023,prerank,Intraciliary Anterograde Transport (GO:0035720),-0.30784208624383513,-0.5996345389368827,0.9813242784380306,1.0,1.0,5/15,21.80%,IFT57;CLUAP1;TTC30A;IFT88;IFT52
ARHGEF10,GO_Biological_Process_2023,prerank,Interstrand Cross-Link Repair (GO:0036297),0.24353201840512675,0.5988889989046347,1.0,1.0,1.0,13/36,22.46%,FANCG;RAD51;FAAP20;CENPX;NEIL3;FAAP24;CENPS;XRCC3;FANCF;FANCL;DCLRE1A;XPA;FANCD2
ARHGEF10,GO_Biological_Process_2023,prerank,Regulation Of Immunoglobulin Production (GO:0002637),0.2631571916326787,0.5988300600786162,0.9973684210526316,1.0,1.0,6/27,21.05%,HLA-E;CD86;STX4;POLR2D;VAMP3;CR1
ARHGEF10,GO_Biological_Process_2023,prerank,Protein Localization To Cell-Cell Junction (GO:0150105),-0.3100031735485332,-0.5985651580126464,0.9729272419627749,1.0,1.0,9/15,29.26%,CHAF1B;TJP2;LSR;ACTG1;TJP3;CGNL1;PAK2;JAK1;F11R
ARHGEF10,GO_Biological_Process_2023,prerank,Regulation Of Oxidative Phosphorylation (GO:0002082),0.29017186457893707,0.5968247636842812,0.9904988123515439,1.0,1.0,5/16,19.10%,ATP7A;ACTN3;SLC25A33;PPIF;SHMT2
ARHGEF10,GO_Biological_Process_2023,prerank,Negative Regulation Of Axon Extension Involved In Axon Guidance (GO:0048843),-0.2928041076562277,-0.5954752258368922,0.993660855784469,1.0,1.0,8/19,24.07%,SEMA7A;SEMA6A;SEMA3C;SEMA6C;SEMA5A;SEMA3G;SEMA4C;SEMA3D
ARHGEF10,GO_Biological_Process_2023,prerank,Negative Regulation Of Biosynthetic Process (GO:0009890),-0.30634889300437895,-0.5951716792959294,0.9721739130434782,1.0,1.0,3/15,19.34%,CEACAM1;EMILIN1;ASXL3
ARHGEF10,GO_Biological_Process_2023,prerank,Microtubule Depolymerization (GO:0007019),-0.3086254437957507,-0.5941854407005538,0.9865092748735245,1.0,1.0,1/17,0.34%,KIF2B
ARHGEF10,GO_Biological_Process_2023,prerank,Cellular Response To Ionizing Radiation (GO:0071479),-0.24292637345369186,-0.5935714445230222,1.0,1.0,1.0,15/52,24.42%,BRCA2;IFI16;INTS7;XRCC5;SIRT1;KDM1A;LIG4;RAD51AP1;SPIDR;EEF1D;ECT2;TANK;MAPK14;BARD1;SWI5
ARHGEF10,GO_Biological_Process_2023,prerank,Type I Interferon-Mediated Signaling Pathway (GO:0060337),0.24979712350721048,0.5930253171659287,1.0,1.0,1.0,8/29,20.20%,TBKBP1;TYK2;IKBKE;TBK1;IFITM1;IFNAR1;STAT2;MYD88
ARHGEF10,GO_Biological_Process_2023,prerank,Negative Regulation Of Cellular Response To Insulin Stimulus (GO:1900077),0.26080386950914936,0.5924668978656205,0.9975903614457832,1.0,1.0,10/27,20.79%,PTPN1;GRB14;IRS1;PIP4K2B;PID1;SOCS1;SLC27A4;APLP2;PTPN2;PRKCZ
ARHGEF10,GO_Biological_Process_2023,prerank,Regulation Of Protein Export From Nucleus (GO:0046825),-0.28268818181319677,-0.5918000984143693,0.9951298701298701,1.0,1.0,7/22,23.96%,SP100;GSK3B;CAMK1;RBM22;GAS6;BARD1;RANGAP1
ARHGEF10,GO_Biological_Process_2023,prerank,Regulation Of Type I Interferon-Mediated Signaling Pathway (GO:0060338),-0.2629653430703884,-0.5915580097345902,0.9950657894736842,1.0,1.0,9/33,22.92%,PTPN6;OAS3;TRIM56;TRIM41;MUL1;MAVS;WNT5A;ISG15;CDC37
ARHGEF10,GO_Biological_Process_2023,prerank,Growth Hormone Receptor Signaling Pathway (GO:0060396),0.28204076134633527,0.5902987443862006,0.9904988123515439,1.0,1.0,5/17,17.29%,PTPN1;STAT6;PIK3R1;JAK3;STAT3
ARHGEF10,GO_Biological_Process_2023,prerank,Regulation Of Centriole Replication (GO:0046599),0.2793900372890606,0.5902332958531401,0.9874686716791979,1.0,1.0,5/18,16.17%,CEP295;TRIM37;KAT2A;SPICE1;CENPJ
ARHGEF10,GO_Biological_Process_2023,prerank,Histone H4 Acetylation (GO:0043967),-0.2588628366815751,-0.5901612167273877,0.998330550918197,1.0,1.0,14/38,26.17%,OGT;KAT8;ING4;KAT7;MEAF6;RUVBL1;YEATS4;MSL3;EPC1;ING5;KANSL2;JADE2;ACTL6B;BRD8
ARHGEF10,GO_Biological_Process_2023,prerank,Mitotic Spindle Assembly Checkpoint Signaling (GO:0007094),-0.2720603894337053,-0.5895643641300442,0.9983525535420099,1.0,1.0,7/26,22.59%,BUB1;HASPIN;ATM;ZWILCH;TRIP13;TEX14;BUB3
ARHGEF10,GO_Biological_Process_2023,prerank,Mitotic Spindle Checkpoint Signaling (GO:0071174),-0.2720603894337053,-0.5895643641300442,0.9983525535420099,1.0,1.0,7/26,22.59%,BUB1;HASPIN;ATM;ZWILCH;TRIP13;TEX14;BUB3
ARHGEF10,GO_Biological_Process_2023,prerank,Spindle Assembly Checkpoint Signaling (GO:0071173),-0.2720603894337053,-0.5895643641300442,0.9983525535420099,1.0,1.0,7/26,22.59%,BUB1;HASPIN;ATM;ZWILCH;TRIP13;TEX14;BUB3
ARHGEF10,GO_Biological_Process_2023,prerank,Positive Regulation Of Protein Import Into Nucleus (GO:0042307),-0.2702998428870976,-0.5894033013490145,0.9983498349834984,1.0,1.0,10/28,24.45%,EP300;ZIC1;ZC3H12A;CDH1;MAVS;RBM22;PRKCD;ECT2;PSEN1;ZPR1
ARHGEF10,GO_Biological_Process_2023,prerank,"Negative Regulation Of DNA-templated Transcription, Elongation (GO:0032785)",0.2806185244616647,0.5891756278134017,0.9924242424242424,1.0,1.0,5/18,18.70%,PARP1;NELFE;WDR82;SUPT5H;SUPT4H1
ARHGEF10,GO_Biological_Process_2023,prerank,Positive Regulation Of Microtubule Polymerization Or Depolymerization (GO:0031112),-0.2721926901608934,-0.58904818707045,0.9966555183946488,1.0,1.0,10/26,25.13%,MAPT;PSRC1;SLAIN1;CLASP1;TRPV4;CAV3;STMN2;TOGARAM1;MET;KATNB1
ARHGEF10,GO_Biological_Process_2023,prerank,Response To Glucocorticoid (GO:0051384),0.24984846570730768,0.5878624750812328,0.9972222222222222,1.0,1.0,7/26,23.00%,FAM107A;SLIT1;UBE2L3;REST;ZFP36L2;SLIT2;HNRNPU
ARHGEF10,GO_Biological_Process_2023,prerank,fatty-acyl-CoA Metabolic Process (GO:0035337),-0.28936856061163635,-0.586929563177758,0.988135593220339,1.0,1.0,2/18,8.94%,THEM5;SLC27A2
ARHGEF10,GO_Biological_Process_2023,prerank,Interleukin-1-Mediated Signaling Pathway (GO:0070498),0.2781245236486403,0.5864051517042028,0.9904988123515439,1.0,1.0,7/19,21.98%,IKBKB;PLCB1;RELA;TRAF6;RPS6KA5;MYD88;IRAK1
ARHGEF10,GO_Biological_Process_2023,prerank,Negative Regulation Of Endoplasmic Reticulum Stress-Induced Intrinsic Apoptotic Signaling Pathway (GO:1902236),-0.30843204889276155,-0.586190952975658,0.9758203799654577,1.0,1.0,7/15,23.00%,XBP1;LRRK2;SELENOS;SYVN1;PRKN;HERPUD1;CREB3L1
ARHGEF10,GO_Biological_Process_2023,prerank,Acylglycerol Biosynthetic Process (GO:0046463),-0.2780484376676197,-0.5861270139888326,0.9915824915824916,1.0,1.0,6/22,20.17%,PLA2G4A;GPAM;MOGAT3;PLA2G15;PLCE1;ANG
ARHGEF10,GO_Biological_Process_2023,prerank,Phospholipid Dephosphorylation (GO:0046839),-0.26442202930736114,-0.5855597245734452,0.9984152139461173,1.0,1.0,9/30,19.72%,PLPP4;PTEN;PLPP2;PLPPR3;SGPP2;MTMR3;PLPPR5;PLPP1;PMPCA
ARHGEF10,GO_Biological_Process_2023,prerank,Regulation Of Ruffle Assembly (GO:1900027),-0.27631636289965,-0.5851978633928981,0.9949664429530202,1.0,1.0,9/24,25.94%,P2RX4;EVL;CARMIL2;KANK1;EPS8;SH3YL1;NDEL1;FAM98A;ARHGAP24
ARHGEF10,GO_Biological_Process_2023,prerank,Ureteric Bud Development (GO:0001657),-0.28789073398163184,-0.5834161048120675,0.9913494809688581,1.0,1.0,4/18,18.04%,SIX1;FOXJ1;LHX1;OXSR1
ARHGEF10,GO_Biological_Process_2023,prerank,Regulation Of Centrosome Cycle (GO:0046605),-0.27874077668019226,-0.5823270113319529,0.9966832504145937,1.0,1.0,8/23,24.91%,CHMP5;SIRT1;CHMP4C;MARK4;AURKA;NPM1;CEP131;CCNL2
ARHGEF10,GO_Biological_Process_2023,prerank,Microtubule Cytoskeleton Organization Involved In Mitosis (GO:1902850),-0.2336540616764233,-0.5817993183987145,1.0,1.0,1.0,23/59,28.46%,DLGAP5;RMDN1;PCNT;CENPE;STIL;KIF3B;TACC3;CLASP1;CCNB1;EFHC1;CKAP5;SUN2;MAP1S;KPNB1;KIF11;CENPH;DCTN2;CDK1;GPSM2;RAN;PTPA;KIF2A;NUSAP1
ARHGEF10,GO_Biological_Process_2023,prerank,Regulation Of Reactive Oxygen Species Biosynthetic Process (GO:1903426),0.25694737804049445,0.5817266991855399,1.0,1.0,1.0,6/25,18.24%,SPHK2;ABCD1;PARK7;SLC25A33;SLC5A3;SLC18A2
ARHGEF10,GO_Biological_Process_2023,prerank,Cell Junction Maintenance (GO:0034331),-0.2881454220927455,-0.5812027271938134,0.9861111111111112,1.0,1.0,2/18,7.59%,CD177;CLDN3
ARHGEF10,GO_Biological_Process_2023,prerank,NAD Metabolic Process (GO:0019674),-0.276351770795721,-0.5801089421757955,0.9933554817275747,1.0,1.0,7/22,24.00%,HAAO;MDH1B;ME1;NADK2;NAMPT;NMNAT3;NMNAT2
ARHGEF10,GO_Biological_Process_2023,prerank,Regulation Of Anoikis (GO:2000209),-0.28629399650434606,-0.5800882559219618,0.9949494949494949,1.0,1.0,8/21,24.23%,NOTCH1;SNAI2;SRC;ZNF304;PIK3CA;MYBBP1A;BRMS1;PTK2
ARHGEF10,GO_Biological_Process_2023,prerank,Protein Localization To Cell Junction (GO:1902414),-0.27658166602226575,-0.5789942216901608,0.9950248756218906,1.0,1.0,11/23,27.76%,KIF3A;DLG4;STAU2;TJP2;BSN;SHANK1;ILF3;TJP3;CGNL1;PAK2;JAK1
ARHGEF10,GO_Biological_Process_2023,prerank,Positive Regulation Of Leukocyte Proliferation (GO:0070665),-0.29110604578688254,-0.5786587509360208,0.9869494290375204,1.0,1.0,5/17,25.28%,IL34;CSF2RA;NMB;PTK2;LYN
ARHGEF10,GO_Biological_Process_2023,prerank,Negative Regulation Of Phagocytosis (GO:0050765),-0.29541368338691965,-0.5780291849007373,0.9880749574105622,1.0,1.0,4/15,18.33%,PLSCR1;CD300A;DYSF;SYT11
ARHGEF10,GO_Biological_Process_2023,prerank,Fc Receptor Signaling Pathway (GO:0038093),-0.26344008028653865,-0.5779754437125636,0.9983552631578947,1.0,1.0,9/26,27.02%,SYK;LCK;KIT;MAP2K4;PLCG2;MAPK8;PRKCQ;LYN;MAP3K7
ARHGEF10,GO_Biological_Process_2023,prerank,Positive Regulation Of Cholesterol Efflux (GO:0010875),-0.2789600416968878,-0.5779108600827725,0.9915682967959528,1.0,1.0,9/22,25.91%,ZDHHC8;NFKBIA;SIRT1;PLTP;APOE;EEPD1;LRP1;RXRA;NR1H3
ARHGEF10,GO_Biological_Process_2023,prerank,Establishment Of Vesicle Localization (GO:0051650),-0.2885190874070205,-0.5777773215924779,0.9932318104906938,1.0,1.0,6/18,20.69%,KIF5A;CDK5;TMEM230;KIF5B;SYT11;SNAPIN
ARHGEF10,GO_Biological_Process_2023,prerank,Positive Regulation Of Cilium Assembly (GO:0045724),-0.27712450616558926,-0.5774581233392402,0.9983471074380166,1.0,1.0,9/22,28.51%,GSK3B;MARK4;IFT88;WRAP73;HTT;CROCC;SEPTIN9;BBS4;KCTD17
ARHGEF10,GO_Biological_Process_2023,prerank,DNA Replication Checkpoint Signaling (GO:0000076),-0.29132853361408484,-0.5772130589762333,0.9965156794425087,1.0,1.0,5/17,23.41%,CDC45;TIPIN;CLSPN;DNA2;NAE1
ARHGEF10,GO_Biological_Process_2023,prerank,Protein Quality Control For Misfolded Or Incompletely Synthesized Proteins (GO:0006515),-0.2627408253977739,-0.5771707170126702,0.9967213114754099,1.0,1.0,4/27,12.37%,CLPP;PEX12;STUB1;KLHL15
ARHGEF10,GO_Biological_Process_2023,prerank,Lamellipodium Assembly (GO:0030032),0.2537766884489978,0.5770598191612833,1.0,1.0,1.0,10/25,22.90%,S1PR1;ITGB1;ARHGEF6;GOLPH3;ABLIM2;RAC1;ARHGEF7;SRGAP3;P2RY12;PARVB
ARHGEF10,GO_Biological_Process_2023,prerank,RNA Stabilization (GO:0043489),-0.25226886846238605,-0.5767478041796029,1.0,1.0,1.0,13/36,26.43%,TENT5D;LARP1;IREB2;NOCT;NRDE2;TAF15;TENT5B;THRAP3;TENT5A;NSUN2;E2F1;DKC1;PAIP1
ARHGEF10,GO_Biological_Process_2023,prerank,Protein Depolymerization (GO:0051261),-0.2626685356247113,-0.5762289342112119,0.9983606557377049,1.0,1.0,9/28,22.61%,KIF2B;VPS4A;TWF1;CFL2;KIF18B;KIF24;CKAP5;GSN;STMN2
ARHGEF10,GO_Biological_Process_2023,prerank,Calcium-Ion Regulated Exocytosis (GO:0017156),0.2498385926071753,0.5709616100325232,0.9973262032085561,1.0,1.0,8/26,19.87%,SYT2;SYT13;PPP3CB;SDF4;SYT10;RIMS4;RIMS3;SYT17
ARHGEF10,GO_Biological_Process_2023,prerank,Response To Gamma Radiation (GO:0010332),-0.2724628698029675,-0.5704423166842373,0.9982905982905983,1.0,1.0,4/22,18.25%,DCUN1D3;XRCC5;KDM1A;LIG4
ARHGEF10,GO_Biological_Process_2023,prerank,Response To Fibroblast Growth Factor (GO:0071774),0.2622796398477438,0.5688540833269319,1.0,1.0,1.0,6/20,22.14%,HYAL1;NDNF;DSTYK;ELK1;ZFP36L2;CD44
ARHGEF10,GO_Biological_Process_2023,prerank,Negative Regulation Of Axon Extension (GO:0030517),-0.2552890058049932,-0.56807090702373,1.0,1.0,1.0,10/30,24.07%,SEMA7A;SEMA6A;RTN4;SEMA3C;KIAA0319;SEMA6C;SEMA5A;SEMA3G;SEMA4C;SEMA3D
ARHGEF10,GO_Biological_Process_2023,prerank,"Wnt Signaling Pathway, Planar Cell Polarity Pathway (GO:0060071)",0.24663425859550422,0.5672069468064229,1.0,1.0,1.0,10/26,23.74%,FZD2;SMURF1;CELSR3;DVL2;RYK;RAC1;VANGL1;CELSR2;DAAM1;DVL3
ARHGEF10,GO_Biological_Process_2023,prerank,SCF-dependent Proteasomal Ubiquitin-Dependent Protein Catabolic Process (GO:0031146),-0.24205051064206556,-0.5659065558531838,1.0,1.0,1.0,20/41,28.11%,SKP1;BTRC;NCCRP1;FBXL14;DMAC2;FBXL15;FBXW7;FBXO27;FBXL3;CUL1;FBXL6;FBXL16;CUL2;FBXL20;KIF14;FBXO6;CCNF;FBXO17;FBXL17;FBXO44
ARHGEF10,GO_Biological_Process_2023,prerank,Positive Regulation Of Autophagosome Assembly (GO:2000786),-0.29340642244114246,-0.565560390192569,0.988013698630137,1.0,1.0,6/16,26.82%,SNX4;SNX7;MOAP1;SH3GLB1;LRSAM1;RAB3GAP2
ARHGEF10,GO_Biological_Process_2023,prerank,Establishment Of Mitotic Spindle Localization (GO:0040001),-0.24495605546215524,-0.5647168645134296,1.0,1.0,1.0,14/34,28.46%,GPSM1;NSFL1C;GJA1;CLASP1;HTT;SPDL1;NDE1;DYNLT1;NDEL1;KPNB1;GPSM2;PAFAH1B1;UBXN2B;NUSAP1
ARHGEF10,GO_Biological_Process_2023,prerank,Regulation Of Centrosome Duplication (GO:0010824),-0.25874107159746157,-0.5630437675472779,1.0,1.0,1.0,8/30,22.57%,TMEM67;CHMP5;STIL;SIRT1;CHMP4C;CEP76;NPM1;CEP131
ARHGEF10,GO_Biological_Process_2023,prerank,Negative Regulation Of Insulin Secretion (GO:0046676),0.27225167388397936,0.5624600268986202,0.9949367088607595,1.0,1.0,5/17,17.12%,CHGA;SIRT4;IRS1;BMP8A;REST
ARHGEF10,GO_Biological_Process_2023,prerank,rRNA Methylation (GO:0031167),0.25719439532432126,0.5624124328989532,1.0,1.0,1.0,9/21,19.65%,METTL15;NSUN5P1;ZCCHC4;METTL5;EMG1;TFB2M;MRM2;TRMT112;FBL
ARHGEF10,GO_Biological_Process_2023,prerank,Negative Regulation Of Actin Filament Polymerization (GO:0030837),-0.26910537482021474,-0.5619807164521788,1.0,1.0,1.0,9/23,26.50%,KANK3;TWF1;SSH2;TMSB10;KANK1;PRKCD;GSN;CYRIB;MYADM
ARHGEF10,GO_Biological_Process_2023,prerank,Negative Regulation Of Viral Entry Into Host Cell (GO:0046597),0.2653445113956482,0.5605777554922922,0.9976019184652278,1.0,1.0,2/18,15.60%,FCN3;IFITM1
ARHGEF10,GO_Biological_Process_2023,prerank,Regulation Of Plasminogen Activation (GO:0010755),-0.2804283603293498,-0.557416177867994,0.9983416252072969,1.0,1.0,5/16,22.28%,ENO1;SERPINF2;PLAU;RUNX1;F12
ARHGEF10,GO_Biological_Process_2023,prerank,Hippo Signaling (GO:0035329),0.27259438861240004,0.5568209243477612,1.0,1.0,1.0,3/17,9.31%,DCHS1;TEAD1;LATS1
ARHGEF10,GO_Biological_Process_2023,prerank,Cardiac Myofibril Assembly (GO:0055003),-0.28705888921542816,-0.555026453228966,0.9950166112956811,1.0,1.0,3/15,20.82%,OBSL1;ADPRHL1;NEB
ARHGEF10,GO_Biological_Process_2023,prerank,Negative Regulation Of Insulin Receptor Signaling Pathway (GO:0046627),0.24461877338430166,0.5543985215038817,1.0,1.0,1.0,9/26,20.79%,PTPN1;GRB14;IRS1;PIP4K2B;PID1;SOCS1;SLC27A4;PTPN2;PRKCZ
ARHGEF10,GO_Biological_Process_2023,prerank,"Protein Alpha-1,2-Demannosylation (GO:0036508)",-0.286579285009299,-0.5539241344697169,0.9931740614334471,1.0,1.0,1/16,0.77%,EDEM3
ARHGEF10,GO_Biological_Process_2023,prerank,Cell Communication By Electrical Coupling Involved In Cardiac Conduction (GO:0086064),0.26963650643992854,0.5507984555691571,0.9974554707379135,1.0,1.0,6/16,20.15%,GJD3;ATP1A3;FKBP1B;ATP1B2;CACNA1C;SLC8A1
ARHGEF10,GO_Biological_Process_2023,prerank,Establishment Of Mitotic Spindle Orientation (GO:0000132),-0.24612208149410827,-0.5507298212085686,1.0,1.0,1.0,11/29,28.18%,GPSM1;NSFL1C;GJA1;HTT;SPDL1;NDE1;DYNLT1;NDEL1;GPSM2;PAFAH1B1;UBXN2B
ARHGEF10,GO_Biological_Process_2023,prerank,Response To Interferon-Alpha (GO:0035455),0.26374727398552317,0.5499210854116816,0.9975062344139651,1.0,1.0,6/17,20.72%,RO60;EIF2AK2;IFITM1;IFNAR1;TPR;MX2
ARHGEF10,GO_Biological_Process_2023,prerank,Positive Regulation Of Glucose Metabolic Process (GO:0010907),-0.2868569714297079,-0.5491714958719266,0.9878682842287695,1.0,1.0,3/15,19.65%,PPARGC1A;SIRT1;DDB1
ARHGEF10,GO_Biological_Process_2023,prerank,Midbody Abscission (GO:0061952),-0.28558441165415904,-0.5490232054857068,0.9916805324459235,1.0,1.0,3/15,15.51%,CHMP5;VPS4A;CHMP4C
ARHGEF10,GO_Biological_Process_2023,prerank,Positive Regulation Of Smoothened Signaling Pathway (GO:0045880),-0.2616620707707774,-0.543995526607624,1.0,1.0,1.0,7/21,26.35%,TEDC2;EVC;TUBD1;ULK3;RAB34;GLI1;SFRP1
ARHGEF10,GO_Biological_Process_2023,prerank,Regulation Of Bicellular Tight Junction Assembly (GO:2000810),0.2689327081323359,0.542501509948467,1.0,1.0,1.0,5/15,21.79%,IKBKB;NPHP1;ROCK1;SNAI1;EPHA2
ARHGEF10,GO_Biological_Process_2023,prerank,Neural Tube Development (GO:0021915),0.2622579905387135,0.5421703824347988,0.9974424552429667,1.0,1.0,7/17,21.14%,PROX1;TGFB1;ZNF358;ARL13B;TRIM71;PTCH1;FUZ
ARHGEF10,GO_Biological_Process_2023,prerank,Regulation Of Activin Receptor Signaling Pathway (GO:0032925),0.26752850894474955,0.540535039780771,0.9975308641975309,1.0,1.0,4/15,15.84%,FSTL3;FST;SMAD7;NODAL
ARHGEF10,GO_Biological_Process_2023,prerank,Intracellular Estrogen Receptor Signaling Pathway (GO:0030520),0.267487894051733,0.5400487029987,1.0,1.0,1.0,3/16,15.28%,ESR2;TRIP4;ARID1A
ARHGEF10,GO_Biological_Process_2023,prerank,Regulation Of Cholesterol Biosynthetic Process (GO:0045540),-0.27117839447697456,-0.537634756603662,0.998220640569395,1.0,1.0,7/15,27.61%,APOE;ERLIN2;SOD1;ABCG1;FGF1;ERLIN1;PRKAA1
ARHGEF10,GO_Biological_Process_2023,prerank,Positive Regulation Of SMAD Protein Signal Transduction (GO:0060391),-0.27723342905571335,-0.536490905791207,0.9982456140350877,1.0,1.0,5/17,19.86%,DAB2;BMPR2;TGFB3;KIAA0319;SH2B1
ARHGEF10,GO_Biological_Process_2023,prerank,Endoplasmic Reticulum Tubular Network Organization (GO:0071786),-0.2764913734415818,-0.5359659612818658,0.9967320261437909,1.0,1.0,5/16,17.76%,RAB10;RTN4;RTN3;REEP2;RETREG3
ARHGEF10,GO_Biological_Process_2023,prerank,rRNA Modification (GO:0000154),-0.2689544186030553,-0.5351283155624058,1.0,1.0,1.0,4/17,20.42%,FBLL1;TFB1M;NSUN4;NSUN3
ARHGEF10,GO_Biological_Process_2023,prerank,Peroxisomal Membrane Transport (GO:0015919),0.25798640707772974,0.533099979668332,1.0,1.0,1.0,9/17,23.45%,TRIM37;PEX7;PEX1;PEX16;PEX5;PEX14;ABCD4;PEX3;PEX10
ARHGEF10,GO_Biological_Process_2023,prerank,Positive Regulation Of Vacuole Organization (GO:0044090),-0.2606535918587518,-0.5297860618649518,1.0,1.0,1.0,8/21,26.87%,SNX4;SNX7;ATG2A;MOAP1;SH3GLB1;LRSAM1;RAB3GAP2;MCOLN1
ARHGEF10,GO_Biological_Process_2023,prerank,Transport Along Microtubule (GO:0010970),-0.261763384312813,-0.5259205759178674,0.9983660130718954,1.0,1.0,10/19,27.69%,BORCS6;KXD1;CLIP3;SNAPIN;CDC42;COPG1;COPG2;ARHGAP21;SPG11;APP
ARHGEF10,GO_Biological_Process_2023,prerank,Regulation Of Exosomal Secretion (GO:1903541),-0.261911925268658,-0.5223816187551948,0.9967051070840197,1.0,1.0,7/18,26.58%,RAB7A;VPS4A;SMPD3;PRKN;SNF8;SDC1;SDC4
ARHGEF10,GO_Biological_Process_2023,prerank,miRNA-mediated Gene Silencing (GO:0035195),-0.24261796926297963,-0.5219006137136503,1.0,1.0,1.0,14/26,29.62%,AJUBA;CNOT8;TNRC6B;CNOT6;NCBP2;ZFP36;MOV10;DDX6;EIF4E2;RAN;LIMD1;WTIP;XPO5;NCBP1
ARHGEF10,GO_Biological_Process_2023,prerank,Positive Regulation Of Transcription From RNA Polymerase II Promoter In Response To Stress (GO:0036003),-0.26072086817280754,-0.5162751197588398,1.0,1.0,1.0,6/17,25.30%,DDIT3;CEBPB;RBPJ;CREB3L1;HSPA5;NFE2L2
ARHGEF10,GO_Biological_Process_2023,prerank,"Vesicle Targeting, Rough ER To cis-Golgi (GO:0048207)",-0.25196371635962167,-0.5116590482221416,0.9982425307557118,0.9997990966481831,1.0,5/19,26.31%,TRAPPC11;PREB;TRAPPC6A;CUL3;KLHL12
ARHGEF10,GO_Biological_Process_2023,prerank,COPII Vesicle Coating (GO:0048208),-0.25196371635962167,-0.5116590482221416,0.9982425307557118,0.9997990966481831,1.0,5/19,26.31%,TRAPPC11;PREB;TRAPPC6A;CUL3;KLHL12
ARHGEF10,GO_Biological_Process_2023,prerank,Telomere Maintenance Via Telomerase (GO:0007004),0.23413008037401958,0.5099505784314884,1.0,1.0,1.0,9/19,24.52%,RFC1;RAD50;HSP90AB1;TERT;PIF1;NOP10;WRAP53;TERF1;TERF2IP
ARHGEF10,GO_Biological_Process_2023,prerank,RNA-templated DNA Biosynthetic Process (GO:0006278),0.23413008037401958,0.5099505784314884,1.0,1.0,1.0,9/19,24.52%,RFC1;RAD50;HSP90AB1;TERT;PIF1;NOP10;WRAP53;TERF1;TERF2IP
ARHGEF10,GO_Biological_Process_2023,prerank,rRNA Transcription (GO:0009303),0.2389241049575683,0.49939869915808444,1.0,0.9999346085639358,1.0,7/17,24.01%,GTF3A;MARS1;GTF3C3;POLR1E;TCOF1;NIFK;SIRT7
